experiment,collection_window,metric,scope,sample_index,value,unit
correlation-redis-set-cores2,pcm_memory,memreadbw,SKT0CHAN0,0,195.06,MB/s
correlation-redis-set-cores2,pcm_memory,memreadbw,SKT0CHAN0,1,185.0,MB/s
correlation-redis-set-cores2,pcm_memory,memreadbw,SKT0CHAN0,2,184.03,MB/s
correlation-redis-set-cores2,pcm_memory,memreadbw,SKT0CHAN0,3,184.16,MB/s
correlation-redis-set-cores2,pcm_memory,memreadbw,SKT0CHAN0,4,184.26,MB/s
correlation-redis-set-cores2,pcm_memory,memreadbw,SKT0CHAN0,5,183.5,MB/s
correlation-redis-set-cores2,pcm_memory,memreadbw,SKT0CHAN0,6,182.97,MB/s
correlation-redis-set-cores2,pcm_memory,memreadbw,SKT0CHAN0,7,184.26,MB/s
correlation-redis-set-cores2,pcm_memory,memreadbw,SKT0CHAN0,8,184.41,MB/s
correlation-redis-set-cores2,pcm_memory,memreadbw,SKT0CHAN0,9,184.85,MB/s
correlation-redis-set-cores2,pcm_memory,memreadbw,SKT0CHAN0,10,186.13,MB/s
correlation-redis-set-cores2,pcm_memory,memreadbw,SKT0CHAN0,11,185.08,MB/s
correlation-redis-set-cores2,pcm_memory,memreadbw,SKT0CHAN0,12,184.95,MB/s
correlation-redis-set-cores2,pcm_memory,memreadbw,SKT0CHAN0,13,185.0,MB/s
correlation-redis-set-cores2,pcm_memory,memreadbw,SKT0CHAN0,14,183.39,MB/s
correlation-redis-set-cores2,pcm_memory,memreadbw,SKT0CHAN0,15,182.98,MB/s
correlation-redis-set-cores2,pcm_memory,memreadbw,SKT0CHAN0,16,184.43,MB/s
correlation-redis-set-cores2,pcm_memory,memreadbw,SKT0CHAN0,17,184.52,MB/s
correlation-redis-set-cores2,pcm_memory,memreadbw,SKT0CHAN0,18,184.21,MB/s
correlation-redis-set-cores2,pcm_memory,memreadbw,SKT0CHAN0,19,189.98,MB/s
correlation-redis-set-cores2,pcm_memory,memreadbw,SKT0CHAN0,20,185.57,MB/s
correlation-redis-set-cores2,pcm_memory,memreadbw,SKT0CHAN0,21,184.88,MB/s
correlation-redis-set-cores2,pcm_memory,memreadbw,SKT0CHAN0,22,185.07,MB/s
correlation-redis-set-cores2,pcm_memory,memreadbw,SKT0CHAN0,23,184.38,MB/s
correlation-redis-set-cores2,pcm_memory,memreadbw,SKT0CHAN0,24,185.35,MB/s
correlation-redis-set-cores2,pcm_memory,memreadbw,SKT0CHAN0,25,185.07,MB/s
correlation-redis-set-cores2,pcm_memory,memreadbw,SKT0CHAN0,26,184.64,MB/s
correlation-redis-set-cores2,pcm_memory,memreadbw,SKT0CHAN0,27,185.39,MB/s
correlation-redis-set-cores2,pcm_memory,memreadbw,SKT0CHAN0,28,187.7,MB/s
correlation-redis-set-cores2,pcm_memory,memreadbw,SKT0CHAN0,29,185.74,MB/s
correlation-redis-set-cores2,pcm_memory,memreadbw,SKT0CHAN0,30,188.96,MB/s
correlation-redis-set-cores2,pcm_memory,memreadbw,SKT0CHAN0,31,186.9,MB/s
correlation-redis-set-cores2,pcm_memory,memreadbw,SKT0CHAN0,32,189.13,MB/s
correlation-redis-set-cores2,pcm_memory,memreadbw,SKT0CHAN0,33,196.3,MB/s
correlation-redis-set-cores2,pcm_memory,memreadbw,SKT0CHAN0,34,185.33,MB/s
correlation-redis-set-cores2,pcm_memory,memreadbw,SKT0CHAN0,35,184.81,MB/s
correlation-redis-set-cores2,pcm_memory,memreadbw,SKT0CHAN0,36,184.86,MB/s
correlation-redis-set-cores2,pcm_memory,memreadbw,SKT0CHAN0,37,184.61,MB/s
correlation-redis-set-cores2,pcm_memory,memreadbw,SKT0CHAN0,38,185.25,MB/s
correlation-redis-set-cores2,pcm_memory,memreadbw,SKT0CHAN0,39,184.71,MB/s
correlation-redis-set-cores2,pcm_memory,memreadbw,SKT0CHAN0,40,185.37,MB/s
correlation-redis-set-cores2,pcm_memory,memreadbw,SKT0CHAN0,41,184.87,MB/s
correlation-redis-set-cores2,pcm_memory,memreadbw,SKT0CHAN0,42,184.73,MB/s
correlation-redis-set-cores2,pcm_memory,memreadbw,SKT0CHAN0,43,184.89,MB/s
correlation-redis-set-cores2,pcm_memory,memreadbw,SKT0CHAN0,44,185.32,MB/s
correlation-redis-set-cores2,pcm_memory,memreadbw,SKT0CHAN0,45,184.52,MB/s
correlation-redis-set-cores2,pcm_memory,memreadbw,SKT0CHAN0,46,184.64,MB/s
correlation-redis-set-cores2,pcm_memory,memreadbw,SKT0CHAN0,47,183.95,MB/s
correlation-redis-set-cores2,pcm_memory,memreadbw,SKT0CHAN0,48,184.29,MB/s
correlation-redis-set-cores2,pcm_memory,memreadbw,SKT0CHAN0,49,184.72,MB/s
correlation-redis-set-cores2,pcm_memory,memreadbw,SKT0CHAN0,50,191.74,MB/s
correlation-redis-set-cores2,pcm_memory,memreadbw,SKT0CHAN0,51,184.49,MB/s
correlation-redis-set-cores2,pcm_memory,memreadbw,SKT0CHAN0,52,184.31,MB/s
correlation-redis-set-cores2,pcm_memory,memreadbw,SKT0CHAN0,53,184.1,MB/s
correlation-redis-set-cores2,pcm_memory,memreadbw,SKT0CHAN0,54,184.82,MB/s
correlation-redis-set-cores2,pcm_memory,memreadbw,SKT0CHAN0,55,183.83,MB/s
correlation-redis-set-cores2,pcm_memory,memreadbw,SKT0CHAN0,56,188.0,MB/s
correlation-redis-set-cores2,pcm_memory,memreadbw,SKT0CHAN0,57,185.09,MB/s
correlation-redis-set-cores2,pcm_memory,memreadbw,SKT0CHAN0,58,184.16,MB/s
correlation-redis-set-cores2,pcm_memory,memreadbw,SKT0CHAN0,59,184.86,MB/s
correlation-redis-set-cores2,pcm_memory,memreadbw,SKT0CHAN1,0,196.0,MB/s
correlation-redis-set-cores2,pcm_memory,memreadbw,SKT0CHAN1,1,185.59,MB/s
correlation-redis-set-cores2,pcm_memory,memreadbw,SKT0CHAN1,2,184.91,MB/s
correlation-redis-set-cores2,pcm_memory,memreadbw,SKT0CHAN1,3,184.87,MB/s
correlation-redis-set-cores2,pcm_memory,memreadbw,SKT0CHAN1,4,185.02,MB/s
correlation-redis-set-cores2,pcm_memory,memreadbw,SKT0CHAN1,5,184.71,MB/s
correlation-redis-set-cores2,pcm_memory,memreadbw,SKT0CHAN1,6,183.91,MB/s
correlation-redis-set-cores2,pcm_memory,memreadbw,SKT0CHAN1,7,185.16,MB/s
correlation-redis-set-cores2,pcm_memory,memreadbw,SKT0CHAN1,8,185.48,MB/s
correlation-redis-set-cores2,pcm_memory,memreadbw,SKT0CHAN1,9,185.79,MB/s
correlation-redis-set-cores2,pcm_memory,memreadbw,SKT0CHAN1,10,186.96,MB/s
correlation-redis-set-cores2,pcm_memory,memreadbw,SKT0CHAN1,11,186.11,MB/s
correlation-redis-set-cores2,pcm_memory,memreadbw,SKT0CHAN1,12,185.62,MB/s
correlation-redis-set-cores2,pcm_memory,memreadbw,SKT0CHAN1,13,185.81,MB/s
correlation-redis-set-cores2,pcm_memory,memreadbw,SKT0CHAN1,14,184.25,MB/s
correlation-redis-set-cores2,pcm_memory,memreadbw,SKT0CHAN1,15,183.89,MB/s
correlation-redis-set-cores2,pcm_memory,memreadbw,SKT0CHAN1,16,185.6,MB/s
correlation-redis-set-cores2,pcm_memory,memreadbw,SKT0CHAN1,17,185.58,MB/s
correlation-redis-set-cores2,pcm_memory,memreadbw,SKT0CHAN1,18,185.37,MB/s
correlation-redis-set-cores2,pcm_memory,memreadbw,SKT0CHAN1,19,190.67,MB/s
correlation-redis-set-cores2,pcm_memory,memreadbw,SKT0CHAN1,20,186.46,MB/s
correlation-redis-set-cores2,pcm_memory,memreadbw,SKT0CHAN1,21,185.59,MB/s
correlation-redis-set-cores2,pcm_memory,memreadbw,SKT0CHAN1,22,185.96,MB/s
correlation-redis-set-cores2,pcm_memory,memreadbw,SKT0CHAN1,23,185.48,MB/s
correlation-redis-set-cores2,pcm_memory,memreadbw,SKT0CHAN1,24,186.15,MB/s
correlation-redis-set-cores2,pcm_memory,memreadbw,SKT0CHAN1,25,186.01,MB/s
correlation-redis-set-cores2,pcm_memory,memreadbw,SKT0CHAN1,26,185.51,MB/s
correlation-redis-set-cores2,pcm_memory,memreadbw,SKT0CHAN1,27,186.11,MB/s
correlation-redis-set-cores2,pcm_memory,memreadbw,SKT0CHAN1,28,188.68,MB/s
correlation-redis-set-cores2,pcm_memory,memreadbw,SKT0CHAN1,29,186.58,MB/s
correlation-redis-set-cores2,pcm_memory,memreadbw,SKT0CHAN1,30,189.88,MB/s
correlation-redis-set-cores2,pcm_memory,memreadbw,SKT0CHAN1,31,187.65,MB/s
correlation-redis-set-cores2,pcm_memory,memreadbw,SKT0CHAN1,32,190.02,MB/s
correlation-redis-set-cores2,pcm_memory,memreadbw,SKT0CHAN1,33,197.51,MB/s
correlation-redis-set-cores2,pcm_memory,memreadbw,SKT0CHAN1,34,186.33,MB/s
correlation-redis-set-cores2,pcm_memory,memreadbw,SKT0CHAN1,35,185.58,MB/s
correlation-redis-set-cores2,pcm_memory,memreadbw,SKT0CHAN1,36,185.63,MB/s
correlation-redis-set-cores2,pcm_memory,memreadbw,SKT0CHAN1,37,185.56,MB/s
correlation-redis-set-cores2,pcm_memory,memreadbw,SKT0CHAN1,38,186.13,MB/s
correlation-redis-set-cores2,pcm_memory,memreadbw,SKT0CHAN1,39,185.27,MB/s
correlation-redis-set-cores2,pcm_memory,memreadbw,SKT0CHAN1,40,186.54,MB/s
correlation-redis-set-cores2,pcm_memory,memreadbw,SKT0CHAN1,41,185.55,MB/s
correlation-redis-set-cores2,pcm_memory,memreadbw,SKT0CHAN1,42,185.74,MB/s
correlation-redis-set-cores2,pcm_memory,memreadbw,SKT0CHAN1,43,185.61,MB/s
correlation-redis-set-cores2,pcm_memory,memreadbw,SKT0CHAN1,44,186.09,MB/s
correlation-redis-set-cores2,pcm_memory,memreadbw,SKT0CHAN1,45,185.41,MB/s
correlation-redis-set-cores2,pcm_memory,memreadbw,SKT0CHAN1,46,185.67,MB/s
correlation-redis-set-cores2,pcm_memory,memreadbw,SKT0CHAN1,47,184.97,MB/s
correlation-redis-set-cores2,pcm_memory,memreadbw,SKT0CHAN1,48,185.02,MB/s
correlation-redis-set-cores2,pcm_memory,memreadbw,SKT0CHAN1,49,185.15,MB/s
correlation-redis-set-cores2,pcm_memory,memreadbw,SKT0CHAN1,50,192.53,MB/s
correlation-redis-set-cores2,pcm_memory,memreadbw,SKT0CHAN1,51,185.68,MB/s
correlation-redis-set-cores2,pcm_memory,memreadbw,SKT0CHAN1,52,185.17,MB/s
correlation-redis-set-cores2,pcm_memory,memreadbw,SKT0CHAN1,53,184.95,MB/s
correlation-redis-set-cores2,pcm_memory,memreadbw,SKT0CHAN1,54,185.85,MB/s
correlation-redis-set-cores2,pcm_memory,memreadbw,SKT0CHAN1,55,184.65,MB/s
correlation-redis-set-cores2,pcm_memory,memreadbw,SKT0CHAN1,56,188.69,MB/s
correlation-redis-set-cores2,pcm_memory,memreadbw,SKT0CHAN1,57,186.06,MB/s
correlation-redis-set-cores2,pcm_memory,memreadbw,SKT0CHAN1,58,185.07,MB/s
correlation-redis-set-cores2,pcm_memory,memreadbw,SKT0CHAN1,59,185.82,MB/s
correlation-redis-set-cores2,pcm_memory,memreadbw,SKT0CHAN2,0,194.95,MB/s
correlation-redis-set-cores2,pcm_memory,memreadbw,SKT0CHAN2,1,185.07,MB/s
correlation-redis-set-cores2,pcm_memory,memreadbw,SKT0CHAN2,2,184.05,MB/s
correlation-redis-set-cores2,pcm_memory,memreadbw,SKT0CHAN2,3,184.5,MB/s
correlation-redis-set-cores2,pcm_memory,memreadbw,SKT0CHAN2,4,184.51,MB/s
correlation-redis-set-cores2,pcm_memory,memreadbw,SKT0CHAN2,5,183.79,MB/s
correlation-redis-set-cores2,pcm_memory,memreadbw,SKT0CHAN2,6,183.5,MB/s
correlation-redis-set-cores2,pcm_memory,memreadbw,SKT0CHAN2,7,184.53,MB/s
correlation-redis-set-cores2,pcm_memory,memreadbw,SKT0CHAN2,8,184.68,MB/s
correlation-redis-set-cores2,pcm_memory,memreadbw,SKT0CHAN2,9,184.84,MB/s
correlation-redis-set-cores2,pcm_memory,memreadbw,SKT0CHAN2,10,186.59,MB/s
correlation-redis-set-cores2,pcm_memory,memreadbw,SKT0CHAN2,11,185.11,MB/s
correlation-redis-set-cores2,pcm_memory,memreadbw,SKT0CHAN2,12,184.77,MB/s
correlation-redis-set-cores2,pcm_memory,memreadbw,SKT0CHAN2,13,185.32,MB/s
correlation-redis-set-cores2,pcm_memory,memreadbw,SKT0CHAN2,14,183.23,MB/s
correlation-redis-set-cores2,pcm_memory,memreadbw,SKT0CHAN2,15,182.98,MB/s
correlation-redis-set-cores2,pcm_memory,memreadbw,SKT0CHAN2,16,184.8,MB/s
correlation-redis-set-cores2,pcm_memory,memreadbw,SKT0CHAN2,17,184.66,MB/s
correlation-redis-set-cores2,pcm_memory,memreadbw,SKT0CHAN2,18,184.43,MB/s
correlation-redis-set-cores2,pcm_memory,memreadbw,SKT0CHAN2,19,189.94,MB/s
correlation-redis-set-cores2,pcm_memory,memreadbw,SKT0CHAN2,20,185.54,MB/s
correlation-redis-set-cores2,pcm_memory,memreadbw,SKT0CHAN2,21,184.86,MB/s
correlation-redis-set-cores2,pcm_memory,memreadbw,SKT0CHAN2,22,185.3,MB/s
correlation-redis-set-cores2,pcm_memory,memreadbw,SKT0CHAN2,23,184.94,MB/s
correlation-redis-set-cores2,pcm_memory,memreadbw,SKT0CHAN2,24,185.39,MB/s
correlation-redis-set-cores2,pcm_memory,memreadbw,SKT0CHAN2,25,185.35,MB/s
correlation-redis-set-cores2,pcm_memory,memreadbw,SKT0CHAN2,26,184.83,MB/s
correlation-redis-set-cores2,pcm_memory,memreadbw,SKT0CHAN2,27,185.25,MB/s
correlation-redis-set-cores2,pcm_memory,memreadbw,SKT0CHAN2,28,187.85,MB/s
correlation-redis-set-cores2,pcm_memory,memreadbw,SKT0CHAN2,29,185.64,MB/s
correlation-redis-set-cores2,pcm_memory,memreadbw,SKT0CHAN2,30,188.67,MB/s
correlation-redis-set-cores2,pcm_memory,memreadbw,SKT0CHAN2,31,187.05,MB/s
correlation-redis-set-cores2,pcm_memory,memreadbw,SKT0CHAN2,32,189.32,MB/s
correlation-redis-set-cores2,pcm_memory,memreadbw,SKT0CHAN2,33,196.31,MB/s
correlation-redis-set-cores2,pcm_memory,memreadbw,SKT0CHAN2,34,185.65,MB/s
correlation-redis-set-cores2,pcm_memory,memreadbw,SKT0CHAN2,35,185.14,MB/s
correlation-redis-set-cores2,pcm_memory,memreadbw,SKT0CHAN2,36,185.05,MB/s
correlation-redis-set-cores2,pcm_memory,memreadbw,SKT0CHAN2,37,184.44,MB/s
correlation-redis-set-cores2,pcm_memory,memreadbw,SKT0CHAN2,38,185.14,MB/s
correlation-redis-set-cores2,pcm_memory,memreadbw,SKT0CHAN2,39,184.72,MB/s
correlation-redis-set-cores2,pcm_memory,memreadbw,SKT0CHAN2,40,185.74,MB/s
correlation-redis-set-cores2,pcm_memory,memreadbw,SKT0CHAN2,41,184.79,MB/s
correlation-redis-set-cores2,pcm_memory,memreadbw,SKT0CHAN2,42,185.34,MB/s
correlation-redis-set-cores2,pcm_memory,memreadbw,SKT0CHAN2,43,184.98,MB/s
correlation-redis-set-cores2,pcm_memory,memreadbw,SKT0CHAN2,44,185.5,MB/s
correlation-redis-set-cores2,pcm_memory,memreadbw,SKT0CHAN2,45,184.97,MB/s
correlation-redis-set-cores2,pcm_memory,memreadbw,SKT0CHAN2,46,184.9,MB/s
correlation-redis-set-cores2,pcm_memory,memreadbw,SKT0CHAN2,47,184.23,MB/s
correlation-redis-set-cores2,pcm_memory,memreadbw,SKT0CHAN2,48,184.25,MB/s
correlation-redis-set-cores2,pcm_memory,memreadbw,SKT0CHAN2,49,184.96,MB/s
correlation-redis-set-cores2,pcm_memory,memreadbw,SKT0CHAN2,50,191.6,MB/s
correlation-redis-set-cores2,pcm_memory,memreadbw,SKT0CHAN2,51,185.18,MB/s
correlation-redis-set-cores2,pcm_memory,memreadbw,SKT0CHAN2,52,184.82,MB/s
correlation-redis-set-cores2,pcm_memory,memreadbw,SKT0CHAN2,53,184.36,MB/s
correlation-redis-set-cores2,pcm_memory,memreadbw,SKT0CHAN2,54,184.59,MB/s
correlation-redis-set-cores2,pcm_memory,memreadbw,SKT0CHAN2,55,183.83,MB/s
correlation-redis-set-cores2,pcm_memory,memreadbw,SKT0CHAN2,56,187.76,MB/s
correlation-redis-set-cores2,pcm_memory,memreadbw,SKT0CHAN2,57,185.46,MB/s
correlation-redis-set-cores2,pcm_memory,memreadbw,SKT0CHAN2,58,184.44,MB/s
correlation-redis-set-cores2,pcm_memory,memreadbw,SKT0CHAN2,59,184.87,MB/s
correlation-redis-set-cores2,pcm_memory,memreadbw,SKT0CHAN3,0,195.86,MB/s
correlation-redis-set-cores2,pcm_memory,memreadbw,SKT0CHAN3,1,185.97,MB/s
correlation-redis-set-cores2,pcm_memory,memreadbw,SKT0CHAN3,2,184.78,MB/s
correlation-redis-set-cores2,pcm_memory,memreadbw,SKT0CHAN3,3,185.09,MB/s
correlation-redis-set-cores2,pcm_memory,memreadbw,SKT0CHAN3,4,185.35,MB/s
correlation-redis-set-cores2,pcm_memory,memreadbw,SKT0CHAN3,5,184.35,MB/s
correlation-redis-set-cores2,pcm_memory,memreadbw,SKT0CHAN3,6,183.99,MB/s
correlation-redis-set-cores2,pcm_memory,memreadbw,SKT0CHAN3,7,185.16,MB/s
correlation-redis-set-cores2,pcm_memory,memreadbw,SKT0CHAN3,8,185.24,MB/s
correlation-redis-set-cores2,pcm_memory,memreadbw,SKT0CHAN3,9,185.68,MB/s
correlation-redis-set-cores2,pcm_memory,memreadbw,SKT0CHAN3,10,187.42,MB/s
correlation-redis-set-cores2,pcm_memory,memreadbw,SKT0CHAN3,11,185.83,MB/s
correlation-redis-set-cores2,pcm_memory,memreadbw,SKT0CHAN3,12,185.16,MB/s
correlation-redis-set-cores2,pcm_memory,memreadbw,SKT0CHAN3,13,186.02,MB/s
correlation-redis-set-cores2,pcm_memory,memreadbw,SKT0CHAN3,14,184.28,MB/s
correlation-redis-set-cores2,pcm_memory,memreadbw,SKT0CHAN3,15,183.83,MB/s
correlation-redis-set-cores2,pcm_memory,memreadbw,SKT0CHAN3,16,185.48,MB/s
correlation-redis-set-cores2,pcm_memory,memreadbw,SKT0CHAN3,17,185.31,MB/s
correlation-redis-set-cores2,pcm_memory,memreadbw,SKT0CHAN3,18,185.32,MB/s
correlation-redis-set-cores2,pcm_memory,memreadbw,SKT0CHAN3,19,190.8,MB/s
correlation-redis-set-cores2,pcm_memory,memreadbw,SKT0CHAN3,20,186.49,MB/s
correlation-redis-set-cores2,pcm_memory,memreadbw,SKT0CHAN3,21,186.06,MB/s
correlation-redis-set-cores2,pcm_memory,memreadbw,SKT0CHAN3,22,186.36,MB/s
correlation-redis-set-cores2,pcm_memory,memreadbw,SKT0CHAN3,23,185.78,MB/s
correlation-redis-set-cores2,pcm_memory,memreadbw,SKT0CHAN3,24,185.77,MB/s
correlation-redis-set-cores2,pcm_memory,memreadbw,SKT0CHAN3,25,186.29,MB/s
correlation-redis-set-cores2,pcm_memory,memreadbw,SKT0CHAN3,26,185.09,MB/s
correlation-redis-set-cores2,pcm_memory,memreadbw,SKT0CHAN3,27,185.88,MB/s
correlation-redis-set-cores2,pcm_memory,memreadbw,SKT0CHAN3,28,188.79,MB/s
correlation-redis-set-cores2,pcm_memory,memreadbw,SKT0CHAN3,29,186.51,MB/s
correlation-redis-set-cores2,pcm_memory,memreadbw,SKT0CHAN3,30,189.49,MB/s
correlation-redis-set-cores2,pcm_memory,memreadbw,SKT0CHAN3,31,187.78,MB/s
correlation-redis-set-cores2,pcm_memory,memreadbw,SKT0CHAN3,32,190.23,MB/s
correlation-redis-set-cores2,pcm_memory,memreadbw,SKT0CHAN3,33,196.93,MB/s
correlation-redis-set-cores2,pcm_memory,memreadbw,SKT0CHAN3,34,186.33,MB/s
correlation-redis-set-cores2,pcm_memory,memreadbw,SKT0CHAN3,35,186.16,MB/s
correlation-redis-set-cores2,pcm_memory,memreadbw,SKT0CHAN3,36,185.93,MB/s
correlation-redis-set-cores2,pcm_memory,memreadbw,SKT0CHAN3,37,185.3,MB/s
correlation-redis-set-cores2,pcm_memory,memreadbw,SKT0CHAN3,38,185.63,MB/s
correlation-redis-set-cores2,pcm_memory,memreadbw,SKT0CHAN3,39,185.52,MB/s
correlation-redis-set-cores2,pcm_memory,memreadbw,SKT0CHAN3,40,186.27,MB/s
correlation-redis-set-cores2,pcm_memory,memreadbw,SKT0CHAN3,41,185.64,MB/s
correlation-redis-set-cores2,pcm_memory,memreadbw,SKT0CHAN3,42,185.7,MB/s
correlation-redis-set-cores2,pcm_memory,memreadbw,SKT0CHAN3,43,185.93,MB/s
correlation-redis-set-cores2,pcm_memory,memreadbw,SKT0CHAN3,44,186.52,MB/s
correlation-redis-set-cores2,pcm_memory,memreadbw,SKT0CHAN3,45,185.61,MB/s
correlation-redis-set-cores2,pcm_memory,memreadbw,SKT0CHAN3,46,185.57,MB/s
correlation-redis-set-cores2,pcm_memory,memreadbw,SKT0CHAN3,47,185.01,MB/s
correlation-redis-set-cores2,pcm_memory,memreadbw,SKT0CHAN3,48,185.12,MB/s
correlation-redis-set-cores2,pcm_memory,memreadbw,SKT0CHAN3,49,185.79,MB/s
correlation-redis-set-cores2,pcm_memory,memreadbw,SKT0CHAN3,50,192.25,MB/s
correlation-redis-set-cores2,pcm_memory,memreadbw,SKT0CHAN3,51,185.95,MB/s
correlation-redis-set-cores2,pcm_memory,memreadbw,SKT0CHAN3,52,185.45,MB/s
correlation-redis-set-cores2,pcm_memory,memreadbw,SKT0CHAN3,53,185.4,MB/s
correlation-redis-set-cores2,pcm_memory,memreadbw,SKT0CHAN3,54,185.44,MB/s
correlation-redis-set-cores2,pcm_memory,memreadbw,SKT0CHAN3,55,184.67,MB/s
correlation-redis-set-cores2,pcm_memory,memreadbw,SKT0CHAN3,56,188.42,MB/s
correlation-redis-set-cores2,pcm_memory,memreadbw,SKT0CHAN3,57,186.46,MB/s
correlation-redis-set-cores2,pcm_memory,memreadbw,SKT0CHAN3,58,185.29,MB/s
correlation-redis-set-cores2,pcm_memory,memreadbw,SKT0CHAN3,59,185.65,MB/s
correlation-redis-set-cores2,pcm_memory,memreadbw,SKT0CHAN4,0,195.12,MB/s
correlation-redis-set-cores2,pcm_memory,memreadbw,SKT0CHAN4,1,185.03,MB/s
correlation-redis-set-cores2,pcm_memory,memreadbw,SKT0CHAN4,2,184.31,MB/s
correlation-redis-set-cores2,pcm_memory,memreadbw,SKT0CHAN4,3,184.59,MB/s
correlation-redis-set-cores2,pcm_memory,memreadbw,SKT0CHAN4,4,184.56,MB/s
correlation-redis-set-cores2,pcm_memory,memreadbw,SKT0CHAN4,5,183.73,MB/s
correlation-redis-set-cores2,pcm_memory,memreadbw,SKT0CHAN4,6,183.62,MB/s
correlation-redis-set-cores2,pcm_memory,memreadbw,SKT0CHAN4,7,184.58,MB/s
correlation-redis-set-cores2,pcm_memory,memreadbw,SKT0CHAN4,8,184.71,MB/s
correlation-redis-set-cores2,pcm_memory,memreadbw,SKT0CHAN4,9,185.04,MB/s
correlation-redis-set-cores2,pcm_memory,memreadbw,SKT0CHAN4,10,186.7,MB/s
correlation-redis-set-cores2,pcm_memory,memreadbw,SKT0CHAN4,11,185.38,MB/s
correlation-redis-set-cores2,pcm_memory,memreadbw,SKT0CHAN4,12,184.67,MB/s
correlation-redis-set-cores2,pcm_memory,memreadbw,SKT0CHAN4,13,185.61,MB/s
correlation-redis-set-cores2,pcm_memory,memreadbw,SKT0CHAN4,14,183.6,MB/s
correlation-redis-set-cores2,pcm_memory,memreadbw,SKT0CHAN4,15,183.3,MB/s
correlation-redis-set-cores2,pcm_memory,memreadbw,SKT0CHAN4,16,184.88,MB/s
correlation-redis-set-cores2,pcm_memory,memreadbw,SKT0CHAN4,17,184.73,MB/s
correlation-redis-set-cores2,pcm_memory,memreadbw,SKT0CHAN4,18,184.54,MB/s
correlation-redis-set-cores2,pcm_memory,memreadbw,SKT0CHAN4,19,190.42,MB/s
correlation-redis-set-cores2,pcm_memory,memreadbw,SKT0CHAN4,20,186.14,MB/s
correlation-redis-set-cores2,pcm_memory,memreadbw,SKT0CHAN4,21,185.29,MB/s
correlation-redis-set-cores2,pcm_memory,memreadbw,SKT0CHAN4,22,185.71,MB/s
correlation-redis-set-cores2,pcm_memory,memreadbw,SKT0CHAN4,23,185.03,MB/s
correlation-redis-set-cores2,pcm_memory,memreadbw,SKT0CHAN4,24,185.52,MB/s
correlation-redis-set-cores2,pcm_memory,memreadbw,SKT0CHAN4,25,185.52,MB/s
correlation-redis-set-cores2,pcm_memory,memreadbw,SKT0CHAN4,26,185.04,MB/s
correlation-redis-set-cores2,pcm_memory,memreadbw,SKT0CHAN4,27,185.29,MB/s
correlation-redis-set-cores2,pcm_memory,memreadbw,SKT0CHAN4,28,188.24,MB/s
correlation-redis-set-cores2,pcm_memory,memreadbw,SKT0CHAN4,29,185.68,MB/s
correlation-redis-set-cores2,pcm_memory,memreadbw,SKT0CHAN4,30,189.07,MB/s
correlation-redis-set-cores2,pcm_memory,memreadbw,SKT0CHAN4,31,187.41,MB/s
correlation-redis-set-cores2,pcm_memory,memreadbw,SKT0CHAN4,32,189.6,MB/s
correlation-redis-set-cores2,pcm_memory,memreadbw,SKT0CHAN4,33,196.61,MB/s
correlation-redis-set-cores2,pcm_memory,memreadbw,SKT0CHAN4,34,185.84,MB/s
correlation-redis-set-cores2,pcm_memory,memreadbw,SKT0CHAN4,35,185.66,MB/s
correlation-redis-set-cores2,pcm_memory,memreadbw,SKT0CHAN4,36,185.4,MB/s
correlation-redis-set-cores2,pcm_memory,memreadbw,SKT0CHAN4,37,184.79,MB/s
correlation-redis-set-cores2,pcm_memory,memreadbw,SKT0CHAN4,38,185.13,MB/s
correlation-redis-set-cores2,pcm_memory,memreadbw,SKT0CHAN4,39,184.91,MB/s
correlation-redis-set-cores2,pcm_memory,memreadbw,SKT0CHAN4,40,185.88,MB/s
correlation-redis-set-cores2,pcm_memory,memreadbw,SKT0CHAN4,41,184.95,MB/s
correlation-redis-set-cores2,pcm_memory,memreadbw,SKT0CHAN4,42,185.4,MB/s
correlation-redis-set-cores2,pcm_memory,memreadbw,SKT0CHAN4,43,185.48,MB/s
correlation-redis-set-cores2,pcm_memory,memreadbw,SKT0CHAN4,44,185.69,MB/s
correlation-redis-set-cores2,pcm_memory,memreadbw,SKT0CHAN4,45,185.11,MB/s
correlation-redis-set-cores2,pcm_memory,memreadbw,SKT0CHAN4,46,185.12,MB/s
correlation-redis-set-cores2,pcm_memory,memreadbw,SKT0CHAN4,47,184.61,MB/s
correlation-redis-set-cores2,pcm_memory,memreadbw,SKT0CHAN4,48,184.38,MB/s
correlation-redis-set-cores2,pcm_memory,memreadbw,SKT0CHAN4,49,185.04,MB/s
correlation-redis-set-cores2,pcm_memory,memreadbw,SKT0CHAN4,50,191.59,MB/s
correlation-redis-set-cores2,pcm_memory,memreadbw,SKT0CHAN4,51,185.42,MB/s
correlation-redis-set-cores2,pcm_memory,memreadbw,SKT0CHAN4,52,185.06,MB/s
correlation-redis-set-cores2,pcm_memory,memreadbw,SKT0CHAN4,53,184.59,MB/s
correlation-redis-set-cores2,pcm_memory,memreadbw,SKT0CHAN4,54,184.77,MB/s
correlation-redis-set-cores2,pcm_memory,memreadbw,SKT0CHAN4,55,184.28,MB/s
correlation-redis-set-cores2,pcm_memory,memreadbw,SKT0CHAN4,56,187.9,MB/s
correlation-redis-set-cores2,pcm_memory,memreadbw,SKT0CHAN4,57,185.86,MB/s
correlation-redis-set-cores2,pcm_memory,memreadbw,SKT0CHAN4,58,184.71,MB/s
correlation-redis-set-cores2,pcm_memory,memreadbw,SKT0CHAN4,59,185.1,MB/s
correlation-redis-set-cores2,pcm_memory,memreadbw,SKT0CHAN5,0,195.27,MB/s
correlation-redis-set-cores2,pcm_memory,memreadbw,SKT0CHAN5,1,185.06,MB/s
correlation-redis-set-cores2,pcm_memory,memreadbw,SKT0CHAN5,2,184.35,MB/s
correlation-redis-set-cores2,pcm_memory,memreadbw,SKT0CHAN5,3,184.68,MB/s
correlation-redis-set-cores2,pcm_memory,memreadbw,SKT0CHAN5,4,184.64,MB/s
correlation-redis-set-cores2,pcm_memory,memreadbw,SKT0CHAN5,5,183.77,MB/s
correlation-redis-set-cores2,pcm_memory,memreadbw,SKT0CHAN5,6,183.61,MB/s
correlation-redis-set-cores2,pcm_memory,memreadbw,SKT0CHAN5,7,184.58,MB/s
correlation-redis-set-cores2,pcm_memory,memreadbw,SKT0CHAN5,8,184.69,MB/s
correlation-redis-set-cores2,pcm_memory,memreadbw,SKT0CHAN5,9,185.0,MB/s
correlation-redis-set-cores2,pcm_memory,memreadbw,SKT0CHAN5,10,186.6,MB/s
correlation-redis-set-cores2,pcm_memory,memreadbw,SKT0CHAN5,11,185.47,MB/s
correlation-redis-set-cores2,pcm_memory,memreadbw,SKT0CHAN5,12,184.64,MB/s
correlation-redis-set-cores2,pcm_memory,memreadbw,SKT0CHAN5,13,185.48,MB/s
correlation-redis-set-cores2,pcm_memory,memreadbw,SKT0CHAN5,14,183.72,MB/s
correlation-redis-set-cores2,pcm_memory,memreadbw,SKT0CHAN5,15,183.32,MB/s
correlation-redis-set-cores2,pcm_memory,memreadbw,SKT0CHAN5,16,184.87,MB/s
correlation-redis-set-cores2,pcm_memory,memreadbw,SKT0CHAN5,17,184.81,MB/s
correlation-redis-set-cores2,pcm_memory,memreadbw,SKT0CHAN5,18,184.62,MB/s
correlation-redis-set-cores2,pcm_memory,memreadbw,SKT0CHAN5,19,190.21,MB/s
correlation-redis-set-cores2,pcm_memory,memreadbw,SKT0CHAN5,20,186.03,MB/s
correlation-redis-set-cores2,pcm_memory,memreadbw,SKT0CHAN5,21,185.32,MB/s
correlation-redis-set-cores2,pcm_memory,memreadbw,SKT0CHAN5,22,185.52,MB/s
correlation-redis-set-cores2,pcm_memory,memreadbw,SKT0CHAN5,23,185.07,MB/s
correlation-redis-set-cores2,pcm_memory,memreadbw,SKT0CHAN5,24,185.26,MB/s
correlation-redis-set-cores2,pcm_memory,memreadbw,SKT0CHAN5,25,185.72,MB/s
correlation-redis-set-cores2,pcm_memory,memreadbw,SKT0CHAN5,26,184.8,MB/s
correlation-redis-set-cores2,pcm_memory,memreadbw,SKT0CHAN5,27,185.3,MB/s
correlation-redis-set-cores2,pcm_memory,memreadbw,SKT0CHAN5,28,188.25,MB/s
correlation-redis-set-cores2,pcm_memory,memreadbw,SKT0CHAN5,29,186.02,MB/s
correlation-redis-set-cores2,pcm_memory,memreadbw,SKT0CHAN5,30,189.06,MB/s
correlation-redis-set-cores2,pcm_memory,memreadbw,SKT0CHAN5,31,187.54,MB/s
correlation-redis-set-cores2,pcm_memory,memreadbw,SKT0CHAN5,32,189.81,MB/s
correlation-redis-set-cores2,pcm_memory,memreadbw,SKT0CHAN5,33,196.53,MB/s
correlation-redis-set-cores2,pcm_memory,memreadbw,SKT0CHAN5,34,185.86,MB/s
correlation-redis-set-cores2,pcm_memory,memreadbw,SKT0CHAN5,35,185.57,MB/s
correlation-redis-set-cores2,pcm_memory,memreadbw,SKT0CHAN5,36,185.36,MB/s
correlation-redis-set-cores2,pcm_memory,memreadbw,SKT0CHAN5,37,184.77,MB/s
correlation-redis-set-cores2,pcm_memory,memreadbw,SKT0CHAN5,38,185.35,MB/s
correlation-redis-set-cores2,pcm_memory,memreadbw,SKT0CHAN5,39,185.34,MB/s
correlation-redis-set-cores2,pcm_memory,memreadbw,SKT0CHAN5,40,185.81,MB/s
correlation-redis-set-cores2,pcm_memory,memreadbw,SKT0CHAN5,41,185.23,MB/s
correlation-redis-set-cores2,pcm_memory,memreadbw,SKT0CHAN5,42,185.26,MB/s
correlation-redis-set-cores2,pcm_memory,memreadbw,SKT0CHAN5,43,185.56,MB/s
correlation-redis-set-cores2,pcm_memory,memreadbw,SKT0CHAN5,44,186.01,MB/s
correlation-redis-set-cores2,pcm_memory,memreadbw,SKT0CHAN5,45,184.89,MB/s
correlation-redis-set-cores2,pcm_memory,memreadbw,SKT0CHAN5,46,184.95,MB/s
correlation-redis-set-cores2,pcm_memory,memreadbw,SKT0CHAN5,47,184.45,MB/s
correlation-redis-set-cores2,pcm_memory,memreadbw,SKT0CHAN5,48,184.49,MB/s
correlation-redis-set-cores2,pcm_memory,memreadbw,SKT0CHAN5,49,185.48,MB/s
correlation-redis-set-cores2,pcm_memory,memreadbw,SKT0CHAN5,50,191.71,MB/s
correlation-redis-set-cores2,pcm_memory,memreadbw,SKT0CHAN5,51,185.47,MB/s
correlation-redis-set-cores2,pcm_memory,memreadbw,SKT0CHAN5,52,185.1,MB/s
correlation-redis-set-cores2,pcm_memory,memreadbw,SKT0CHAN5,53,184.7,MB/s
correlation-redis-set-cores2,pcm_memory,memreadbw,SKT0CHAN5,54,184.82,MB/s
correlation-redis-set-cores2,pcm_memory,memreadbw,SKT0CHAN5,55,184.31,MB/s
correlation-redis-set-cores2,pcm_memory,memreadbw,SKT0CHAN5,56,187.83,MB/s
correlation-redis-set-cores2,pcm_memory,memreadbw,SKT0CHAN5,57,185.96,MB/s
correlation-redis-set-cores2,pcm_memory,memreadbw,SKT0CHAN5,58,184.68,MB/s
correlation-redis-set-cores2,pcm_memory,memreadbw,SKT0CHAN5,59,185.15,MB/s
correlation-redis-set-cores2,pcm_memory,memreadbw,SKT0CHAN6,0,195.13,MB/s
correlation-redis-set-cores2,pcm_memory,memreadbw,SKT0CHAN6,1,184.87,MB/s
correlation-redis-set-cores2,pcm_memory,memreadbw,SKT0CHAN6,2,184.22,MB/s
correlation-redis-set-cores2,pcm_memory,memreadbw,SKT0CHAN6,3,184.26,MB/s
correlation-redis-set-cores2,pcm_memory,memreadbw,SKT0CHAN6,4,184.29,MB/s
correlation-redis-set-cores2,pcm_memory,memreadbw,SKT0CHAN6,5,183.46,MB/s
correlation-redis-set-cores2,pcm_memory,memreadbw,SKT0CHAN6,6,183.23,MB/s
correlation-redis-set-cores2,pcm_memory,memreadbw,SKT0CHAN6,7,184.54,MB/s
correlation-redis-set-cores2,pcm_memory,memreadbw,SKT0CHAN6,8,184.82,MB/s
correlation-redis-set-cores2,pcm_memory,memreadbw,SKT0CHAN6,9,184.99,MB/s
correlation-redis-set-cores2,pcm_memory,memreadbw,SKT0CHAN6,10,186.28,MB/s
correlation-redis-set-cores2,pcm_memory,memreadbw,SKT0CHAN6,11,185.29,MB/s
correlation-redis-set-cores2,pcm_memory,memreadbw,SKT0CHAN6,12,184.77,MB/s
correlation-redis-set-cores2,pcm_memory,memreadbw,SKT0CHAN6,13,185.14,MB/s
correlation-redis-set-cores2,pcm_memory,memreadbw,SKT0CHAN6,14,183.86,MB/s
correlation-redis-set-cores2,pcm_memory,memreadbw,SKT0CHAN6,15,183.02,MB/s
correlation-redis-set-cores2,pcm_memory,memreadbw,SKT0CHAN6,16,184.39,MB/s
correlation-redis-set-cores2,pcm_memory,memreadbw,SKT0CHAN6,17,184.77,MB/s
correlation-redis-set-cores2,pcm_memory,memreadbw,SKT0CHAN6,18,184.45,MB/s
correlation-redis-set-cores2,pcm_memory,memreadbw,SKT0CHAN6,19,190.1,MB/s
correlation-redis-set-cores2,pcm_memory,memreadbw,SKT0CHAN6,20,185.54,MB/s
correlation-redis-set-cores2,pcm_memory,memreadbw,SKT0CHAN6,21,184.89,MB/s
correlation-redis-set-cores2,pcm_memory,memreadbw,SKT0CHAN6,22,185.21,MB/s
correlation-redis-set-cores2,pcm_memory,memreadbw,SKT0CHAN6,23,184.75,MB/s
correlation-redis-set-cores2,pcm_memory,memreadbw,SKT0CHAN6,24,185.51,MB/s
correlation-redis-set-cores2,pcm_memory,memreadbw,SKT0CHAN6,25,185.07,MB/s
correlation-redis-set-cores2,pcm_memory,memreadbw,SKT0CHAN6,26,184.77,MB/s
correlation-redis-set-cores2,pcm_memory,memreadbw,SKT0CHAN6,27,185.46,MB/s
correlation-redis-set-cores2,pcm_memory,memreadbw,SKT0CHAN6,28,188.13,MB/s
correlation-redis-set-cores2,pcm_memory,memreadbw,SKT0CHAN6,29,185.55,MB/s
correlation-redis-set-cores2,pcm_memory,memreadbw,SKT0CHAN6,30,188.94,MB/s
correlation-redis-set-cores2,pcm_memory,memreadbw,SKT0CHAN6,31,187.05,MB/s
correlation-redis-set-cores2,pcm_memory,memreadbw,SKT0CHAN6,32,189.56,MB/s
correlation-redis-set-cores2,pcm_memory,memreadbw,SKT0CHAN6,33,196.56,MB/s
correlation-redis-set-cores2,pcm_memory,memreadbw,SKT0CHAN6,34,185.67,MB/s
correlation-redis-set-cores2,pcm_memory,memreadbw,SKT0CHAN6,35,185.01,MB/s
correlation-redis-set-cores2,pcm_memory,memreadbw,SKT0CHAN6,36,185.07,MB/s
correlation-redis-set-cores2,pcm_memory,memreadbw,SKT0CHAN6,37,184.67,MB/s
correlation-redis-set-cores2,pcm_memory,memreadbw,SKT0CHAN6,38,185.26,MB/s
correlation-redis-set-cores2,pcm_memory,memreadbw,SKT0CHAN6,39,184.84,MB/s
correlation-redis-set-cores2,pcm_memory,memreadbw,SKT0CHAN6,40,185.48,MB/s
correlation-redis-set-cores2,pcm_memory,memreadbw,SKT0CHAN6,41,184.96,MB/s
correlation-redis-set-cores2,pcm_memory,memreadbw,SKT0CHAN6,42,184.88,MB/s
correlation-redis-set-cores2,pcm_memory,memreadbw,SKT0CHAN6,43,185.18,MB/s
correlation-redis-set-cores2,pcm_memory,memreadbw,SKT0CHAN6,44,185.51,MB/s
correlation-redis-set-cores2,pcm_memory,memreadbw,SKT0CHAN6,45,184.51,MB/s
correlation-redis-set-cores2,pcm_memory,memreadbw,SKT0CHAN6,46,185.23,MB/s
correlation-redis-set-cores2,pcm_memory,memreadbw,SKT0CHAN6,47,184.19,MB/s
correlation-redis-set-cores2,pcm_memory,memreadbw,SKT0CHAN6,48,184.13,MB/s
correlation-redis-set-cores2,pcm_memory,memreadbw,SKT0CHAN6,49,184.86,MB/s
correlation-redis-set-cores2,pcm_memory,memreadbw,SKT0CHAN6,50,191.73,MB/s
correlation-redis-set-cores2,pcm_memory,memreadbw,SKT0CHAN6,51,184.68,MB/s
correlation-redis-set-cores2,pcm_memory,memreadbw,SKT0CHAN6,52,184.52,MB/s
correlation-redis-set-cores2,pcm_memory,memreadbw,SKT0CHAN6,53,184.28,MB/s
correlation-redis-set-cores2,pcm_memory,memreadbw,SKT0CHAN6,54,185.1,MB/s
correlation-redis-set-cores2,pcm_memory,memreadbw,SKT0CHAN6,55,184.17,MB/s
correlation-redis-set-cores2,pcm_memory,memreadbw,SKT0CHAN6,56,187.95,MB/s
correlation-redis-set-cores2,pcm_memory,memreadbw,SKT0CHAN6,57,185.44,MB/s
correlation-redis-set-cores2,pcm_memory,memreadbw,SKT0CHAN6,58,184.38,MB/s
correlation-redis-set-cores2,pcm_memory,memreadbw,SKT0CHAN6,59,185.13,MB/s
correlation-redis-set-cores2,pcm_memory,memreadbw,SKT0CHAN7,0,195.54,MB/s
correlation-redis-set-cores2,pcm_memory,memreadbw,SKT0CHAN7,1,185.28,MB/s
correlation-redis-set-cores2,pcm_memory,memreadbw,SKT0CHAN7,2,184.3,MB/s
correlation-redis-set-cores2,pcm_memory,memreadbw,SKT0CHAN7,3,184.41,MB/s
correlation-redis-set-cores2,pcm_memory,memreadbw,SKT0CHAN7,4,184.48,MB/s
correlation-redis-set-cores2,pcm_memory,memreadbw,SKT0CHAN7,5,183.97,MB/s
correlation-redis-set-cores2,pcm_memory,memreadbw,SKT0CHAN7,6,183.27,MB/s
correlation-redis-set-cores2,pcm_memory,memreadbw,SKT0CHAN7,7,184.58,MB/s
correlation-redis-set-cores2,pcm_memory,memreadbw,SKT0CHAN7,8,184.77,MB/s
correlation-redis-set-cores2,pcm_memory,memreadbw,SKT0CHAN7,9,184.87,MB/s
correlation-redis-set-cores2,pcm_memory,memreadbw,SKT0CHAN7,10,186.26,MB/s
correlation-redis-set-cores2,pcm_memory,memreadbw,SKT0CHAN7,11,185.41,MB/s
correlation-redis-set-cores2,pcm_memory,memreadbw,SKT0CHAN7,12,185.1,MB/s
correlation-redis-set-cores2,pcm_memory,memreadbw,SKT0CHAN7,13,185.42,MB/s
correlation-redis-set-cores2,pcm_memory,memreadbw,SKT0CHAN7,14,183.76,MB/s
correlation-redis-set-cores2,pcm_memory,memreadbw,SKT0CHAN7,15,183.3,MB/s
correlation-redis-set-cores2,pcm_memory,memreadbw,SKT0CHAN7,16,184.72,MB/s
correlation-redis-set-cores2,pcm_memory,memreadbw,SKT0CHAN7,17,184.94,MB/s
correlation-redis-set-cores2,pcm_memory,memreadbw,SKT0CHAN7,18,184.71,MB/s
correlation-redis-set-cores2,pcm_memory,memreadbw,SKT0CHAN7,19,190.09,MB/s
correlation-redis-set-cores2,pcm_memory,memreadbw,SKT0CHAN7,20,185.68,MB/s
correlation-redis-set-cores2,pcm_memory,memreadbw,SKT0CHAN7,21,185.37,MB/s
correlation-redis-set-cores2,pcm_memory,memreadbw,SKT0CHAN7,22,185.41,MB/s
correlation-redis-set-cores2,pcm_memory,memreadbw,SKT0CHAN7,23,184.66,MB/s
correlation-redis-set-cores2,pcm_memory,memreadbw,SKT0CHAN7,24,185.78,MB/s
correlation-redis-set-cores2,pcm_memory,memreadbw,SKT0CHAN7,25,185.45,MB/s
correlation-redis-set-cores2,pcm_memory,memreadbw,SKT0CHAN7,26,185.0,MB/s
correlation-redis-set-cores2,pcm_memory,memreadbw,SKT0CHAN7,27,185.73,MB/s
correlation-redis-set-cores2,pcm_memory,memreadbw,SKT0CHAN7,28,188.08,MB/s
correlation-redis-set-cores2,pcm_memory,memreadbw,SKT0CHAN7,29,186.1,MB/s
correlation-redis-set-cores2,pcm_memory,memreadbw,SKT0CHAN7,30,189.46,MB/s
correlation-redis-set-cores2,pcm_memory,memreadbw,SKT0CHAN7,31,187.27,MB/s
correlation-redis-set-cores2,pcm_memory,memreadbw,SKT0CHAN7,32,189.38,MB/s
correlation-redis-set-cores2,pcm_memory,memreadbw,SKT0CHAN7,33,197.05,MB/s
correlation-redis-set-cores2,pcm_memory,memreadbw,SKT0CHAN7,34,186.08,MB/s
correlation-redis-set-cores2,pcm_memory,memreadbw,SKT0CHAN7,35,185.22,MB/s
correlation-redis-set-cores2,pcm_memory,memreadbw,SKT0CHAN7,36,185.06,MB/s
correlation-redis-set-cores2,pcm_memory,memreadbw,SKT0CHAN7,37,185.21,MB/s
correlation-redis-set-cores2,pcm_memory,memreadbw,SKT0CHAN7,38,185.59,MB/s
correlation-redis-set-cores2,pcm_memory,memreadbw,SKT0CHAN7,39,184.49,MB/s
correlation-redis-set-cores2,pcm_memory,memreadbw,SKT0CHAN7,40,185.85,MB/s
correlation-redis-set-cores2,pcm_memory,memreadbw,SKT0CHAN7,41,185.24,MB/s
correlation-redis-set-cores2,pcm_memory,memreadbw,SKT0CHAN7,42,185.36,MB/s
correlation-redis-set-cores2,pcm_memory,memreadbw,SKT0CHAN7,43,185.21,MB/s
correlation-redis-set-cores2,pcm_memory,memreadbw,SKT0CHAN7,44,185.68,MB/s
correlation-redis-set-cores2,pcm_memory,memreadbw,SKT0CHAN7,45,184.75,MB/s
correlation-redis-set-cores2,pcm_memory,memreadbw,SKT0CHAN7,46,185.04,MB/s
correlation-redis-set-cores2,pcm_memory,memreadbw,SKT0CHAN7,47,184.48,MB/s
correlation-redis-set-cores2,pcm_memory,memreadbw,SKT0CHAN7,48,184.4,MB/s
correlation-redis-set-cores2,pcm_memory,memreadbw,SKT0CHAN7,49,184.88,MB/s
correlation-redis-set-cores2,pcm_memory,memreadbw,SKT0CHAN7,50,192.01,MB/s
correlation-redis-set-cores2,pcm_memory,memreadbw,SKT0CHAN7,51,184.85,MB/s
correlation-redis-set-cores2,pcm_memory,memreadbw,SKT0CHAN7,52,184.76,MB/s
correlation-redis-set-cores2,pcm_memory,memreadbw,SKT0CHAN7,53,184.38,MB/s
correlation-redis-set-cores2,pcm_memory,memreadbw,SKT0CHAN7,54,185.12,MB/s
correlation-redis-set-cores2,pcm_memory,memreadbw,SKT0CHAN7,55,184.03,MB/s
correlation-redis-set-cores2,pcm_memory,memreadbw,SKT0CHAN7,56,188.18,MB/s
correlation-redis-set-cores2,pcm_memory,memreadbw,SKT0CHAN7,57,185.45,MB/s
correlation-redis-set-cores2,pcm_memory,memreadbw,SKT0CHAN7,58,184.53,MB/s
correlation-redis-set-cores2,pcm_memory,memreadbw,SKT0CHAN7,59,185.25,MB/s
correlation-redis-set-cores2,pcm_memory,memwritebw,SKT0CHAN0,0,95.97,MB/s
correlation-redis-set-cores2,pcm_memory,memwritebw,SKT0CHAN0,1,90.65,MB/s
correlation-redis-set-cores2,pcm_memory,memwritebw,SKT0CHAN0,2,90.37,MB/s
correlation-redis-set-cores2,pcm_memory,memwritebw,SKT0CHAN0,3,90.29,MB/s
correlation-redis-set-cores2,pcm_memory,memwritebw,SKT0CHAN0,4,90.42,MB/s
correlation-redis-set-cores2,pcm_memory,memwritebw,SKT0CHAN0,5,90.23,MB/s
correlation-redis-set-cores2,pcm_memory,memwritebw,SKT0CHAN0,6,89.83,MB/s
correlation-redis-set-cores2,pcm_memory,memwritebw,SKT0CHAN0,7,90.56,MB/s
correlation-redis-set-cores2,pcm_memory,memwritebw,SKT0CHAN0,8,90.62,MB/s
correlation-redis-set-cores2,pcm_memory,memwritebw,SKT0CHAN0,9,90.94,MB/s
correlation-redis-set-cores2,pcm_memory,memwritebw,SKT0CHAN0,10,91.27,MB/s
correlation-redis-set-cores2,pcm_memory,memwritebw,SKT0CHAN0,11,90.74,MB/s
correlation-redis-set-cores2,pcm_memory,memwritebw,SKT0CHAN0,12,91.04,MB/s
correlation-redis-set-cores2,pcm_memory,memwritebw,SKT0CHAN0,13,90.99,MB/s
correlation-redis-set-cores2,pcm_memory,memwritebw,SKT0CHAN0,14,90.27,MB/s
correlation-redis-set-cores2,pcm_memory,memwritebw,SKT0CHAN0,15,90.33,MB/s
correlation-redis-set-cores2,pcm_memory,memwritebw,SKT0CHAN0,16,90.73,MB/s
correlation-redis-set-cores2,pcm_memory,memwritebw,SKT0CHAN0,17,90.84,MB/s
correlation-redis-set-cores2,pcm_memory,memwritebw,SKT0CHAN0,18,90.63,MB/s
correlation-redis-set-cores2,pcm_memory,memwritebw,SKT0CHAN0,19,93.42,MB/s
correlation-redis-set-cores2,pcm_memory,memwritebw,SKT0CHAN0,20,90.97,MB/s
correlation-redis-set-cores2,pcm_memory,memwritebw,SKT0CHAN0,21,90.89,MB/s
correlation-redis-set-cores2,pcm_memory,memwritebw,SKT0CHAN0,22,91.12,MB/s
correlation-redis-set-cores2,pcm_memory,memwritebw,SKT0CHAN0,23,90.69,MB/s
correlation-redis-set-cores2,pcm_memory,memwritebw,SKT0CHAN0,24,91.13,MB/s
correlation-redis-set-cores2,pcm_memory,memwritebw,SKT0CHAN0,25,91.28,MB/s
correlation-redis-set-cores2,pcm_memory,memwritebw,SKT0CHAN0,26,90.89,MB/s
correlation-redis-set-cores2,pcm_memory,memwritebw,SKT0CHAN0,27,91.17,MB/s
correlation-redis-set-cores2,pcm_memory,memwritebw,SKT0CHAN0,28,92.07,MB/s
correlation-redis-set-cores2,pcm_memory,memwritebw,SKT0CHAN0,29,91.11,MB/s
correlation-redis-set-cores2,pcm_memory,memwritebw,SKT0CHAN0,30,92.48,MB/s
correlation-redis-set-cores2,pcm_memory,memwritebw,SKT0CHAN0,31,91.54,MB/s
correlation-redis-set-cores2,pcm_memory,memwritebw,SKT0CHAN0,32,92.79,MB/s
correlation-redis-set-cores2,pcm_memory,memwritebw,SKT0CHAN0,33,96.62,MB/s
correlation-redis-set-cores2,pcm_memory,memwritebw,SKT0CHAN0,34,91.14,MB/s
correlation-redis-set-cores2,pcm_memory,memwritebw,SKT0CHAN0,35,91.21,MB/s
correlation-redis-set-cores2,pcm_memory,memwritebw,SKT0CHAN0,36,90.95,MB/s
correlation-redis-set-cores2,pcm_memory,memwritebw,SKT0CHAN0,37,91.01,MB/s
correlation-redis-set-cores2,pcm_memory,memwritebw,SKT0CHAN0,38,91.1,MB/s
correlation-redis-set-cores2,pcm_memory,memwritebw,SKT0CHAN0,39,90.83,MB/s
correlation-redis-set-cores2,pcm_memory,memwritebw,SKT0CHAN0,40,91.1,MB/s
correlation-redis-set-cores2,pcm_memory,memwritebw,SKT0CHAN0,41,90.93,MB/s
correlation-redis-set-cores2,pcm_memory,memwritebw,SKT0CHAN0,42,90.9,MB/s
correlation-redis-set-cores2,pcm_memory,memwritebw,SKT0CHAN0,43,90.85,MB/s
correlation-redis-set-cores2,pcm_memory,memwritebw,SKT0CHAN0,44,91.13,MB/s
correlation-redis-set-cores2,pcm_memory,memwritebw,SKT0CHAN0,45,90.84,MB/s
correlation-redis-set-cores2,pcm_memory,memwritebw,SKT0CHAN0,46,90.85,MB/s
correlation-redis-set-cores2,pcm_memory,memwritebw,SKT0CHAN0,47,90.7,MB/s
correlation-redis-set-cores2,pcm_memory,memwritebw,SKT0CHAN0,48,90.83,MB/s
correlation-redis-set-cores2,pcm_memory,memwritebw,SKT0CHAN0,49,90.93,MB/s
correlation-redis-set-cores2,pcm_memory,memwritebw,SKT0CHAN0,50,93.89,MB/s
correlation-redis-set-cores2,pcm_memory,memwritebw,SKT0CHAN0,51,90.91,MB/s
correlation-redis-set-cores2,pcm_memory,memwritebw,SKT0CHAN0,52,90.88,MB/s
correlation-redis-set-cores2,pcm_memory,memwritebw,SKT0CHAN0,53,90.49,MB/s
correlation-redis-set-cores2,pcm_memory,memwritebw,SKT0CHAN0,54,90.96,MB/s
correlation-redis-set-cores2,pcm_memory,memwritebw,SKT0CHAN0,55,90.41,MB/s
correlation-redis-set-cores2,pcm_memory,memwritebw,SKT0CHAN0,56,92.13,MB/s
correlation-redis-set-cores2,pcm_memory,memwritebw,SKT0CHAN0,57,91.06,MB/s
correlation-redis-set-cores2,pcm_memory,memwritebw,SKT0CHAN0,58,90.74,MB/s
correlation-redis-set-cores2,pcm_memory,memwritebw,SKT0CHAN0,59,91.04,MB/s
correlation-redis-set-cores2,pcm_memory,memwritebw,SKT0CHAN1,0,96.17,MB/s
correlation-redis-set-cores2,pcm_memory,memwritebw,SKT0CHAN1,1,90.9,MB/s
correlation-redis-set-cores2,pcm_memory,memwritebw,SKT0CHAN1,2,90.45,MB/s
correlation-redis-set-cores2,pcm_memory,memwritebw,SKT0CHAN1,3,90.37,MB/s
correlation-redis-set-cores2,pcm_memory,memwritebw,SKT0CHAN1,4,90.49,MB/s
correlation-redis-set-cores2,pcm_memory,memwritebw,SKT0CHAN1,5,90.57,MB/s
correlation-redis-set-cores2,pcm_memory,memwritebw,SKT0CHAN1,6,90.06,MB/s
correlation-redis-set-cores2,pcm_memory,memwritebw,SKT0CHAN1,7,90.79,MB/s
correlation-redis-set-cores2,pcm_memory,memwritebw,SKT0CHAN1,8,90.75,MB/s
correlation-redis-set-cores2,pcm_memory,memwritebw,SKT0CHAN1,9,91.11,MB/s
correlation-redis-set-cores2,pcm_memory,memwritebw,SKT0CHAN1,10,91.47,MB/s
correlation-redis-set-cores2,pcm_memory,memwritebw,SKT0CHAN1,11,90.93,MB/s
correlation-redis-set-cores2,pcm_memory,memwritebw,SKT0CHAN1,12,91.0,MB/s
correlation-redis-set-cores2,pcm_memory,memwritebw,SKT0CHAN1,13,91.14,MB/s
correlation-redis-set-cores2,pcm_memory,memwritebw,SKT0CHAN1,14,90.41,MB/s
correlation-redis-set-cores2,pcm_memory,memwritebw,SKT0CHAN1,15,90.51,MB/s
correlation-redis-set-cores2,pcm_memory,memwritebw,SKT0CHAN1,16,91.05,MB/s
correlation-redis-set-cores2,pcm_memory,memwritebw,SKT0CHAN1,17,91.02,MB/s
correlation-redis-set-cores2,pcm_memory,memwritebw,SKT0CHAN1,18,90.95,MB/s
correlation-redis-set-cores2,pcm_memory,memwritebw,SKT0CHAN1,19,93.44,MB/s
correlation-redis-set-cores2,pcm_memory,memwritebw,SKT0CHAN1,20,90.98,MB/s
correlation-redis-set-cores2,pcm_memory,memwritebw,SKT0CHAN1,21,90.97,MB/s
correlation-redis-set-cores2,pcm_memory,memwritebw,SKT0CHAN1,22,91.21,MB/s
correlation-redis-set-cores2,pcm_memory,memwritebw,SKT0CHAN1,23,90.93,MB/s
correlation-redis-set-cores2,pcm_memory,memwritebw,SKT0CHAN1,24,91.32,MB/s
correlation-redis-set-cores2,pcm_memory,memwritebw,SKT0CHAN1,25,91.33,MB/s
correlation-redis-set-cores2,pcm_memory,memwritebw,SKT0CHAN1,26,90.98,MB/s
correlation-redis-set-cores2,pcm_memory,memwritebw,SKT0CHAN1,27,91.28,MB/s
correlation-redis-set-cores2,pcm_memory,memwritebw,SKT0CHAN1,28,92.32,MB/s
correlation-redis-set-cores2,pcm_memory,memwritebw,SKT0CHAN1,29,91.21,MB/s
correlation-redis-set-cores2,pcm_memory,memwritebw,SKT0CHAN1,30,92.59,MB/s
correlation-redis-set-cores2,pcm_memory,memwritebw,SKT0CHAN1,31,91.74,MB/s
correlation-redis-set-cores2,pcm_memory,memwritebw,SKT0CHAN1,32,93.03,MB/s
correlation-redis-set-cores2,pcm_memory,memwritebw,SKT0CHAN1,33,96.92,MB/s
correlation-redis-set-cores2,pcm_memory,memwritebw,SKT0CHAN1,34,91.23,MB/s
correlation-redis-set-cores2,pcm_memory,memwritebw,SKT0CHAN1,35,91.25,MB/s
correlation-redis-set-cores2,pcm_memory,memwritebw,SKT0CHAN1,36,91.12,MB/s
correlation-redis-set-cores2,pcm_memory,memwritebw,SKT0CHAN1,37,91.22,MB/s
correlation-redis-set-cores2,pcm_memory,memwritebw,SKT0CHAN1,38,91.26,MB/s
correlation-redis-set-cores2,pcm_memory,memwritebw,SKT0CHAN1,39,90.76,MB/s
correlation-redis-set-cores2,pcm_memory,memwritebw,SKT0CHAN1,40,91.46,MB/s
correlation-redis-set-cores2,pcm_memory,memwritebw,SKT0CHAN1,41,91.06,MB/s
correlation-redis-set-cores2,pcm_memory,memwritebw,SKT0CHAN1,42,91.14,MB/s
correlation-redis-set-cores2,pcm_memory,memwritebw,SKT0CHAN1,43,91.11,MB/s
correlation-redis-set-cores2,pcm_memory,memwritebw,SKT0CHAN1,44,91.28,MB/s
correlation-redis-set-cores2,pcm_memory,memwritebw,SKT0CHAN1,45,91.1,MB/s
correlation-redis-set-cores2,pcm_memory,memwritebw,SKT0CHAN1,46,91.03,MB/s
correlation-redis-set-cores2,pcm_memory,memwritebw,SKT0CHAN1,47,90.9,MB/s
correlation-redis-set-cores2,pcm_memory,memwritebw,SKT0CHAN1,48,90.77,MB/s
correlation-redis-set-cores2,pcm_memory,memwritebw,SKT0CHAN1,49,90.81,MB/s
correlation-redis-set-cores2,pcm_memory,memwritebw,SKT0CHAN1,50,94.11,MB/s
correlation-redis-set-cores2,pcm_memory,memwritebw,SKT0CHAN1,51,91.13,MB/s
correlation-redis-set-cores2,pcm_memory,memwritebw,SKT0CHAN1,52,90.94,MB/s
correlation-redis-set-cores2,pcm_memory,memwritebw,SKT0CHAN1,53,90.67,MB/s
correlation-redis-set-cores2,pcm_memory,memwritebw,SKT0CHAN1,54,91.05,MB/s
correlation-redis-set-cores2,pcm_memory,memwritebw,SKT0CHAN1,55,90.64,MB/s
correlation-redis-set-cores2,pcm_memory,memwritebw,SKT0CHAN1,56,92.23,MB/s
correlation-redis-set-cores2,pcm_memory,memwritebw,SKT0CHAN1,57,91.03,MB/s
correlation-redis-set-cores2,pcm_memory,memwritebw,SKT0CHAN1,58,90.88,MB/s
correlation-redis-set-cores2,pcm_memory,memwritebw,SKT0CHAN1,59,91.15,MB/s
correlation-redis-set-cores2,pcm_memory,memwritebw,SKT0CHAN2,0,95.91,MB/s
correlation-redis-set-cores2,pcm_memory,memwritebw,SKT0CHAN2,1,90.8,MB/s
correlation-redis-set-cores2,pcm_memory,memwritebw,SKT0CHAN2,2,90.39,MB/s
correlation-redis-set-cores2,pcm_memory,memwritebw,SKT0CHAN2,3,90.49,MB/s
correlation-redis-set-cores2,pcm_memory,memwritebw,SKT0CHAN2,4,90.56,MB/s
correlation-redis-set-cores2,pcm_memory,memwritebw,SKT0CHAN2,5,90.39,MB/s
correlation-redis-set-cores2,pcm_memory,memwritebw,SKT0CHAN2,6,90.23,MB/s
correlation-redis-set-cores2,pcm_memory,memwritebw,SKT0CHAN2,7,90.75,MB/s
correlation-redis-set-cores2,pcm_memory,memwritebw,SKT0CHAN2,8,90.61,MB/s
correlation-redis-set-cores2,pcm_memory,memwritebw,SKT0CHAN2,9,90.89,MB/s
correlation-redis-set-cores2,pcm_memory,memwritebw,SKT0CHAN2,10,91.42,MB/s
correlation-redis-set-cores2,pcm_memory,memwritebw,SKT0CHAN2,11,90.97,MB/s
correlation-redis-set-cores2,pcm_memory,memwritebw,SKT0CHAN2,12,90.83,MB/s
correlation-redis-set-cores2,pcm_memory,memwritebw,SKT0CHAN2,13,91.19,MB/s
correlation-redis-set-cores2,pcm_memory,memwritebw,SKT0CHAN2,14,90.15,MB/s
correlation-redis-set-cores2,pcm_memory,memwritebw,SKT0CHAN2,15,90.36,MB/s
correlation-redis-set-cores2,pcm_memory,memwritebw,SKT0CHAN2,16,91.11,MB/s
correlation-redis-set-cores2,pcm_memory,memwritebw,SKT0CHAN2,17,90.89,MB/s
correlation-redis-set-cores2,pcm_memory,memwritebw,SKT0CHAN2,18,90.64,MB/s
correlation-redis-set-cores2,pcm_memory,memwritebw,SKT0CHAN2,19,93.38,MB/s
correlation-redis-set-cores2,pcm_memory,memwritebw,SKT0CHAN2,20,90.89,MB/s
correlation-redis-set-cores2,pcm_memory,memwritebw,SKT0CHAN2,21,90.93,MB/s
correlation-redis-set-cores2,pcm_memory,memwritebw,SKT0CHAN2,22,91.1,MB/s
correlation-redis-set-cores2,pcm_memory,memwritebw,SKT0CHAN2,23,91.04,MB/s
correlation-redis-set-cores2,pcm_memory,memwritebw,SKT0CHAN2,24,91.07,MB/s
correlation-redis-set-cores2,pcm_memory,memwritebw,SKT0CHAN2,25,91.23,MB/s
correlation-redis-set-cores2,pcm_memory,memwritebw,SKT0CHAN2,26,90.99,MB/s
correlation-redis-set-cores2,pcm_memory,memwritebw,SKT0CHAN2,27,91.2,MB/s
correlation-redis-set-cores2,pcm_memory,memwritebw,SKT0CHAN2,28,92.23,MB/s
correlation-redis-set-cores2,pcm_memory,memwritebw,SKT0CHAN2,29,91.15,MB/s
correlation-redis-set-cores2,pcm_memory,memwritebw,SKT0CHAN2,30,92.38,MB/s
correlation-redis-set-cores2,pcm_memory,memwritebw,SKT0CHAN2,31,91.78,MB/s
correlation-redis-set-cores2,pcm_memory,memwritebw,SKT0CHAN2,32,92.83,MB/s
correlation-redis-set-cores2,pcm_memory,memwritebw,SKT0CHAN2,33,96.54,MB/s
correlation-redis-set-cores2,pcm_memory,memwritebw,SKT0CHAN2,34,91.15,MB/s
correlation-redis-set-cores2,pcm_memory,memwritebw,SKT0CHAN2,35,91.39,MB/s
correlation-redis-set-cores2,pcm_memory,memwritebw,SKT0CHAN2,36,91.06,MB/s
correlation-redis-set-cores2,pcm_memory,memwritebw,SKT0CHAN2,37,90.91,MB/s
correlation-redis-set-cores2,pcm_memory,memwritebw,SKT0CHAN2,38,91.11,MB/s
correlation-redis-set-cores2,pcm_memory,memwritebw,SKT0CHAN2,39,90.93,MB/s
correlation-redis-set-cores2,pcm_memory,memwritebw,SKT0CHAN2,40,91.37,MB/s
correlation-redis-set-cores2,pcm_memory,memwritebw,SKT0CHAN2,41,90.9,MB/s
correlation-redis-set-cores2,pcm_memory,memwritebw,SKT0CHAN2,42,91.31,MB/s
correlation-redis-set-cores2,pcm_memory,memwritebw,SKT0CHAN2,43,90.8,MB/s
correlation-redis-set-cores2,pcm_memory,memwritebw,SKT0CHAN2,44,91.34,MB/s
correlation-redis-set-cores2,pcm_memory,memwritebw,SKT0CHAN2,45,91.13,MB/s
correlation-redis-set-cores2,pcm_memory,memwritebw,SKT0CHAN2,46,90.91,MB/s
correlation-redis-set-cores2,pcm_memory,memwritebw,SKT0CHAN2,47,90.89,MB/s
correlation-redis-set-cores2,pcm_memory,memwritebw,SKT0CHAN2,48,90.69,MB/s
correlation-redis-set-cores2,pcm_memory,memwritebw,SKT0CHAN2,49,90.83,MB/s
correlation-redis-set-cores2,pcm_memory,memwritebw,SKT0CHAN2,50,94.03,MB/s
correlation-redis-set-cores2,pcm_memory,memwritebw,SKT0CHAN2,51,91.19,MB/s
correlation-redis-set-cores2,pcm_memory,memwritebw,SKT0CHAN2,52,90.99,MB/s
correlation-redis-set-cores2,pcm_memory,memwritebw,SKT0CHAN2,53,90.82,MB/s
correlation-redis-set-cores2,pcm_memory,memwritebw,SKT0CHAN2,54,90.77,MB/s
correlation-redis-set-cores2,pcm_memory,memwritebw,SKT0CHAN2,55,90.69,MB/s
correlation-redis-set-cores2,pcm_memory,memwritebw,SKT0CHAN2,56,92.14,MB/s
correlation-redis-set-cores2,pcm_memory,memwritebw,SKT0CHAN2,57,91.11,MB/s
correlation-redis-set-cores2,pcm_memory,memwritebw,SKT0CHAN2,58,90.69,MB/s
correlation-redis-set-cores2,pcm_memory,memwritebw,SKT0CHAN2,59,91.01,MB/s
correlation-redis-set-cores2,pcm_memory,memwritebw,SKT0CHAN3,0,95.99,MB/s
correlation-redis-set-cores2,pcm_memory,memwritebw,SKT0CHAN3,1,90.58,MB/s
correlation-redis-set-cores2,pcm_memory,memwritebw,SKT0CHAN3,2,90.32,MB/s
correlation-redis-set-cores2,pcm_memory,memwritebw,SKT0CHAN3,3,90.31,MB/s
correlation-redis-set-cores2,pcm_memory,memwritebw,SKT0CHAN3,4,90.46,MB/s
correlation-redis-set-cores2,pcm_memory,memwritebw,SKT0CHAN3,5,90.25,MB/s
correlation-redis-set-cores2,pcm_memory,memwritebw,SKT0CHAN3,6,90.03,MB/s
correlation-redis-set-cores2,pcm_memory,memwritebw,SKT0CHAN3,7,90.64,MB/s
correlation-redis-set-cores2,pcm_memory,memwritebw,SKT0CHAN3,8,90.48,MB/s
correlation-redis-set-cores2,pcm_memory,memwritebw,SKT0CHAN3,9,90.95,MB/s
correlation-redis-set-cores2,pcm_memory,memwritebw,SKT0CHAN3,10,91.43,MB/s
correlation-redis-set-cores2,pcm_memory,memwritebw,SKT0CHAN3,11,90.8,MB/s
correlation-redis-set-cores2,pcm_memory,memwritebw,SKT0CHAN3,12,90.64,MB/s
correlation-redis-set-cores2,pcm_memory,memwritebw,SKT0CHAN3,13,91.11,MB/s
correlation-redis-set-cores2,pcm_memory,memwritebw,SKT0CHAN3,14,90.13,MB/s
correlation-redis-set-cores2,pcm_memory,memwritebw,SKT0CHAN3,15,90.31,MB/s
correlation-redis-set-cores2,pcm_memory,memwritebw,SKT0CHAN3,16,90.79,MB/s
correlation-redis-set-cores2,pcm_memory,memwritebw,SKT0CHAN3,17,90.75,MB/s
correlation-redis-set-cores2,pcm_memory,memwritebw,SKT0CHAN3,18,90.62,MB/s
correlation-redis-set-cores2,pcm_memory,memwritebw,SKT0CHAN3,19,93.36,MB/s
correlation-redis-set-cores2,pcm_memory,memwritebw,SKT0CHAN3,20,90.92,MB/s
correlation-redis-set-cores2,pcm_memory,memwritebw,SKT0CHAN3,21,91.02,MB/s
correlation-redis-set-cores2,pcm_memory,memwritebw,SKT0CHAN3,22,91.13,MB/s
correlation-redis-set-cores2,pcm_memory,memwritebw,SKT0CHAN3,23,91.08,MB/s
correlation-redis-set-cores2,pcm_memory,memwritebw,SKT0CHAN3,24,90.91,MB/s
correlation-redis-set-cores2,pcm_memory,memwritebw,SKT0CHAN3,25,91.23,MB/s
correlation-redis-set-cores2,pcm_memory,memwritebw,SKT0CHAN3,26,90.72,MB/s
correlation-redis-set-cores2,pcm_memory,memwritebw,SKT0CHAN3,27,91.15,MB/s
correlation-redis-set-cores2,pcm_memory,memwritebw,SKT0CHAN3,28,92.19,MB/s
correlation-redis-set-cores2,pcm_memory,memwritebw,SKT0CHAN3,29,91.15,MB/s
correlation-redis-set-cores2,pcm_memory,memwritebw,SKT0CHAN3,30,92.35,MB/s
correlation-redis-set-cores2,pcm_memory,memwritebw,SKT0CHAN3,31,91.68,MB/s
correlation-redis-set-cores2,pcm_memory,memwritebw,SKT0CHAN3,32,92.86,MB/s
correlation-redis-set-cores2,pcm_memory,memwritebw,SKT0CHAN3,33,96.41,MB/s
correlation-redis-set-cores2,pcm_memory,memwritebw,SKT0CHAN3,34,91.1,MB/s
correlation-redis-set-cores2,pcm_memory,memwritebw,SKT0CHAN3,35,91.48,MB/s
correlation-redis-set-cores2,pcm_memory,memwritebw,SKT0CHAN3,36,91.01,MB/s
correlation-redis-set-cores2,pcm_memory,memwritebw,SKT0CHAN3,37,90.81,MB/s
correlation-redis-set-cores2,pcm_memory,memwritebw,SKT0CHAN3,38,90.93,MB/s
correlation-redis-set-cores2,pcm_memory,memwritebw,SKT0CHAN3,39,90.96,MB/s
correlation-redis-set-cores2,pcm_memory,memwritebw,SKT0CHAN3,40,91.06,MB/s
correlation-redis-set-cores2,pcm_memory,memwritebw,SKT0CHAN3,41,90.72,MB/s
correlation-redis-set-cores2,pcm_memory,memwritebw,SKT0CHAN3,42,91.2,MB/s
correlation-redis-set-cores2,pcm_memory,memwritebw,SKT0CHAN3,43,90.93,MB/s
correlation-redis-set-cores2,pcm_memory,memwritebw,SKT0CHAN3,44,91.37,MB/s
correlation-redis-set-cores2,pcm_memory,memwritebw,SKT0CHAN3,45,91.04,MB/s
correlation-redis-set-cores2,pcm_memory,memwritebw,SKT0CHAN3,46,90.97,MB/s
correlation-redis-set-cores2,pcm_memory,memwritebw,SKT0CHAN3,47,90.69,MB/s
correlation-redis-set-cores2,pcm_memory,memwritebw,SKT0CHAN3,48,90.65,MB/s
correlation-redis-set-cores2,pcm_memory,memwritebw,SKT0CHAN3,49,90.81,MB/s
correlation-redis-set-cores2,pcm_memory,memwritebw,SKT0CHAN3,50,93.88,MB/s
correlation-redis-set-cores2,pcm_memory,memwritebw,SKT0CHAN3,51,91.11,MB/s
correlation-redis-set-cores2,pcm_memory,memwritebw,SKT0CHAN3,52,90.95,MB/s
correlation-redis-set-cores2,pcm_memory,memwritebw,SKT0CHAN3,53,90.74,MB/s
correlation-redis-set-cores2,pcm_memory,memwritebw,SKT0CHAN3,54,90.84,MB/s
correlation-redis-set-cores2,pcm_memory,memwritebw,SKT0CHAN3,55,90.54,MB/s
correlation-redis-set-cores2,pcm_memory,memwritebw,SKT0CHAN3,56,91.99,MB/s
correlation-redis-set-cores2,pcm_memory,memwritebw,SKT0CHAN3,57,91.14,MB/s
correlation-redis-set-cores2,pcm_memory,memwritebw,SKT0CHAN3,58,90.73,MB/s
correlation-redis-set-cores2,pcm_memory,memwritebw,SKT0CHAN3,59,90.94,MB/s
correlation-redis-set-cores2,pcm_memory,memwritebw,SKT0CHAN4,0,96.04,MB/s
correlation-redis-set-cores2,pcm_memory,memwritebw,SKT0CHAN4,1,90.79,MB/s
correlation-redis-set-cores2,pcm_memory,memwritebw,SKT0CHAN4,2,90.49,MB/s
correlation-redis-set-cores2,pcm_memory,memwritebw,SKT0CHAN4,3,90.49,MB/s
correlation-redis-set-cores2,pcm_memory,memwritebw,SKT0CHAN4,4,90.64,MB/s
correlation-redis-set-cores2,pcm_memory,memwritebw,SKT0CHAN4,5,90.43,MB/s
correlation-redis-set-cores2,pcm_memory,memwritebw,SKT0CHAN4,6,90.28,MB/s
correlation-redis-set-cores2,pcm_memory,memwritebw,SKT0CHAN4,7,90.8,MB/s
correlation-redis-set-cores2,pcm_memory,memwritebw,SKT0CHAN4,8,90.6,MB/s
correlation-redis-set-cores2,pcm_memory,memwritebw,SKT0CHAN4,9,91.02,MB/s
correlation-redis-set-cores2,pcm_memory,memwritebw,SKT0CHAN4,10,91.64,MB/s
correlation-redis-set-cores2,pcm_memory,memwritebw,SKT0CHAN4,11,91.15,MB/s
correlation-redis-set-cores2,pcm_memory,memwritebw,SKT0CHAN4,12,90.85,MB/s
correlation-redis-set-cores2,pcm_memory,memwritebw,SKT0CHAN4,13,91.35,MB/s
correlation-redis-set-cores2,pcm_memory,memwritebw,SKT0CHAN4,14,90.35,MB/s
correlation-redis-set-cores2,pcm_memory,memwritebw,SKT0CHAN4,15,90.49,MB/s
correlation-redis-set-cores2,pcm_memory,memwritebw,SKT0CHAN4,16,91.16,MB/s
correlation-redis-set-cores2,pcm_memory,memwritebw,SKT0CHAN4,17,90.95,MB/s
correlation-redis-set-cores2,pcm_memory,memwritebw,SKT0CHAN4,18,90.74,MB/s
correlation-redis-set-cores2,pcm_memory,memwritebw,SKT0CHAN4,19,93.52,MB/s
correlation-redis-set-cores2,pcm_memory,memwritebw,SKT0CHAN4,20,91.14,MB/s
correlation-redis-set-cores2,pcm_memory,memwritebw,SKT0CHAN4,21,91.15,MB/s
correlation-redis-set-cores2,pcm_memory,memwritebw,SKT0CHAN4,22,91.35,MB/s
correlation-redis-set-cores2,pcm_memory,memwritebw,SKT0CHAN4,23,91.11,MB/s
correlation-redis-set-cores2,pcm_memory,memwritebw,SKT0CHAN4,24,91.2,MB/s
correlation-redis-set-cores2,pcm_memory,memwritebw,SKT0CHAN4,25,91.27,MB/s
correlation-redis-set-cores2,pcm_memory,memwritebw,SKT0CHAN4,26,91.1,MB/s
correlation-redis-set-cores2,pcm_memory,memwritebw,SKT0CHAN4,27,91.29,MB/s
correlation-redis-set-cores2,pcm_memory,memwritebw,SKT0CHAN4,28,92.46,MB/s
correlation-redis-set-cores2,pcm_memory,memwritebw,SKT0CHAN4,29,91.21,MB/s
correlation-redis-set-cores2,pcm_memory,memwritebw,SKT0CHAN4,30,92.56,MB/s
correlation-redis-set-cores2,pcm_memory,memwritebw,SKT0CHAN4,31,91.89,MB/s
correlation-redis-set-cores2,pcm_memory,memwritebw,SKT0CHAN4,32,93.02,MB/s
correlation-redis-set-cores2,pcm_memory,memwritebw,SKT0CHAN4,33,96.7,MB/s
correlation-redis-set-cores2,pcm_memory,memwritebw,SKT0CHAN4,34,91.3,MB/s
correlation-redis-set-cores2,pcm_memory,memwritebw,SKT0CHAN4,35,91.58,MB/s
correlation-redis-set-cores2,pcm_memory,memwritebw,SKT0CHAN4,36,91.29,MB/s
correlation-redis-set-cores2,pcm_memory,memwritebw,SKT0CHAN4,37,91.0,MB/s
correlation-redis-set-cores2,pcm_memory,memwritebw,SKT0CHAN4,38,91.17,MB/s
correlation-redis-set-cores2,pcm_memory,memwritebw,SKT0CHAN4,39,90.98,MB/s
correlation-redis-set-cores2,pcm_memory,memwritebw,SKT0CHAN4,40,91.39,MB/s
correlation-redis-set-cores2,pcm_memory,memwritebw,SKT0CHAN4,41,90.89,MB/s
correlation-redis-set-cores2,pcm_memory,memwritebw,SKT0CHAN4,42,91.41,MB/s
correlation-redis-set-cores2,pcm_memory,memwritebw,SKT0CHAN4,43,91.27,MB/s
correlation-redis-set-cores2,pcm_memory,memwritebw,SKT0CHAN4,44,91.43,MB/s
correlation-redis-set-cores2,pcm_memory,memwritebw,SKT0CHAN4,45,91.26,MB/s
correlation-redis-set-cores2,pcm_memory,memwritebw,SKT0CHAN4,46,90.99,MB/s
correlation-redis-set-cores2,pcm_memory,memwritebw,SKT0CHAN4,47,90.98,MB/s
correlation-redis-set-cores2,pcm_memory,memwritebw,SKT0CHAN4,48,90.68,MB/s
correlation-redis-set-cores2,pcm_memory,memwritebw,SKT0CHAN4,49,90.89,MB/s
correlation-redis-set-cores2,pcm_memory,memwritebw,SKT0CHAN4,50,94.07,MB/s
correlation-redis-set-cores2,pcm_memory,memwritebw,SKT0CHAN4,51,91.31,MB/s
correlation-redis-set-cores2,pcm_memory,memwritebw,SKT0CHAN4,52,91.05,MB/s
correlation-redis-set-cores2,pcm_memory,memwritebw,SKT0CHAN4,53,90.87,MB/s
correlation-redis-set-cores2,pcm_memory,memwritebw,SKT0CHAN4,54,90.92,MB/s
correlation-redis-set-cores2,pcm_memory,memwritebw,SKT0CHAN4,55,90.92,MB/s
correlation-redis-set-cores2,pcm_memory,memwritebw,SKT0CHAN4,56,92.08,MB/s
correlation-redis-set-cores2,pcm_memory,memwritebw,SKT0CHAN4,57,91.34,MB/s
correlation-redis-set-cores2,pcm_memory,memwritebw,SKT0CHAN4,58,90.85,MB/s
correlation-redis-set-cores2,pcm_memory,memwritebw,SKT0CHAN4,59,91.09,MB/s
correlation-redis-set-cores2,pcm_memory,memwritebw,SKT0CHAN5,0,95.97,MB/s
correlation-redis-set-cores2,pcm_memory,memwritebw,SKT0CHAN5,1,90.47,MB/s
correlation-redis-set-cores2,pcm_memory,memwritebw,SKT0CHAN5,2,90.4,MB/s
correlation-redis-set-cores2,pcm_memory,memwritebw,SKT0CHAN5,3,90.51,MB/s
correlation-redis-set-cores2,pcm_memory,memwritebw,SKT0CHAN5,4,90.44,MB/s
correlation-redis-set-cores2,pcm_memory,memwritebw,SKT0CHAN5,5,90.21,MB/s
correlation-redis-set-cores2,pcm_memory,memwritebw,SKT0CHAN5,6,90.21,MB/s
correlation-redis-set-cores2,pcm_memory,memwritebw,SKT0CHAN5,7,90.64,MB/s
correlation-redis-set-cores2,pcm_memory,memwritebw,SKT0CHAN5,8,90.53,MB/s
correlation-redis-set-cores2,pcm_memory,memwritebw,SKT0CHAN5,9,90.86,MB/s
correlation-redis-set-cores2,pcm_memory,memwritebw,SKT0CHAN5,10,91.39,MB/s
correlation-redis-set-cores2,pcm_memory,memwritebw,SKT0CHAN5,11,90.98,MB/s
correlation-redis-set-cores2,pcm_memory,memwritebw,SKT0CHAN5,12,90.73,MB/s
correlation-redis-set-cores2,pcm_memory,memwritebw,SKT0CHAN5,13,91.18,MB/s
correlation-redis-set-cores2,pcm_memory,memwritebw,SKT0CHAN5,14,90.2,MB/s
correlation-redis-set-cores2,pcm_memory,memwritebw,SKT0CHAN5,15,90.37,MB/s
correlation-redis-set-cores2,pcm_memory,memwritebw,SKT0CHAN5,16,90.91,MB/s
correlation-redis-set-cores2,pcm_memory,memwritebw,SKT0CHAN5,17,90.88,MB/s
correlation-redis-set-cores2,pcm_memory,memwritebw,SKT0CHAN5,18,90.61,MB/s
correlation-redis-set-cores2,pcm_memory,memwritebw,SKT0CHAN5,19,93.43,MB/s
correlation-redis-set-cores2,pcm_memory,memwritebw,SKT0CHAN5,20,90.93,MB/s
correlation-redis-set-cores2,pcm_memory,memwritebw,SKT0CHAN5,21,91.03,MB/s
correlation-redis-set-cores2,pcm_memory,memwritebw,SKT0CHAN5,22,91.15,MB/s
correlation-redis-set-cores2,pcm_memory,memwritebw,SKT0CHAN5,23,91.05,MB/s
correlation-redis-set-cores2,pcm_memory,memwritebw,SKT0CHAN5,24,91.0,MB/s
correlation-redis-set-cores2,pcm_memory,memwritebw,SKT0CHAN5,25,91.39,MB/s
correlation-redis-set-cores2,pcm_memory,memwritebw,SKT0CHAN5,26,90.88,MB/s
correlation-redis-set-cores2,pcm_memory,memwritebw,SKT0CHAN5,27,91.19,MB/s
correlation-redis-set-cores2,pcm_memory,memwritebw,SKT0CHAN5,28,92.28,MB/s
correlation-redis-set-cores2,pcm_memory,memwritebw,SKT0CHAN5,29,91.25,MB/s
correlation-redis-set-cores2,pcm_memory,memwritebw,SKT0CHAN5,30,92.55,MB/s
correlation-redis-set-cores2,pcm_memory,memwritebw,SKT0CHAN5,31,91.74,MB/s
correlation-redis-set-cores2,pcm_memory,memwritebw,SKT0CHAN5,32,92.89,MB/s
correlation-redis-set-cores2,pcm_memory,memwritebw,SKT0CHAN5,33,96.51,MB/s
correlation-redis-set-cores2,pcm_memory,memwritebw,SKT0CHAN5,34,91.18,MB/s
correlation-redis-set-cores2,pcm_memory,memwritebw,SKT0CHAN5,35,91.52,MB/s
correlation-redis-set-cores2,pcm_memory,memwritebw,SKT0CHAN5,36,91.12,MB/s
correlation-redis-set-cores2,pcm_memory,memwritebw,SKT0CHAN5,37,90.78,MB/s
correlation-redis-set-cores2,pcm_memory,memwritebw,SKT0CHAN5,38,91.06,MB/s
correlation-redis-set-cores2,pcm_memory,memwritebw,SKT0CHAN5,39,91.05,MB/s
correlation-redis-set-cores2,pcm_memory,memwritebw,SKT0CHAN5,40,91.11,MB/s
correlation-redis-set-cores2,pcm_memory,memwritebw,SKT0CHAN5,41,90.83,MB/s
correlation-redis-set-cores2,pcm_memory,memwritebw,SKT0CHAN5,42,91.27,MB/s
correlation-redis-set-cores2,pcm_memory,memwritebw,SKT0CHAN5,43,91.03,MB/s
correlation-redis-set-cores2,pcm_memory,memwritebw,SKT0CHAN5,44,91.38,MB/s
correlation-redis-set-cores2,pcm_memory,memwritebw,SKT0CHAN5,45,91.01,MB/s
correlation-redis-set-cores2,pcm_memory,memwritebw,SKT0CHAN5,46,90.76,MB/s
correlation-redis-set-cores2,pcm_memory,memwritebw,SKT0CHAN5,47,90.84,MB/s
correlation-redis-set-cores2,pcm_memory,memwritebw,SKT0CHAN5,48,90.67,MB/s
correlation-redis-set-cores2,pcm_memory,memwritebw,SKT0CHAN5,49,90.91,MB/s
correlation-redis-set-cores2,pcm_memory,memwritebw,SKT0CHAN5,50,93.85,MB/s
correlation-redis-set-cores2,pcm_memory,memwritebw,SKT0CHAN5,51,91.15,MB/s
correlation-redis-set-cores2,pcm_memory,memwritebw,SKT0CHAN5,52,90.99,MB/s
correlation-redis-set-cores2,pcm_memory,memwritebw,SKT0CHAN5,53,90.69,MB/s
correlation-redis-set-cores2,pcm_memory,memwritebw,SKT0CHAN5,54,90.8,MB/s
correlation-redis-set-cores2,pcm_memory,memwritebw,SKT0CHAN5,55,90.57,MB/s
correlation-redis-set-cores2,pcm_memory,memwritebw,SKT0CHAN5,56,91.92,MB/s
correlation-redis-set-cores2,pcm_memory,memwritebw,SKT0CHAN5,57,91.21,MB/s
correlation-redis-set-cores2,pcm_memory,memwritebw,SKT0CHAN5,58,90.66,MB/s
correlation-redis-set-cores2,pcm_memory,memwritebw,SKT0CHAN5,59,91.0,MB/s
correlation-redis-set-cores2,pcm_memory,memwritebw,SKT0CHAN6,0,96.2,MB/s
correlation-redis-set-cores2,pcm_memory,memwritebw,SKT0CHAN6,1,90.58,MB/s
correlation-redis-set-cores2,pcm_memory,memwritebw,SKT0CHAN6,2,90.51,MB/s
correlation-redis-set-cores2,pcm_memory,memwritebw,SKT0CHAN6,3,90.28,MB/s
correlation-redis-set-cores2,pcm_memory,memwritebw,SKT0CHAN6,4,90.43,MB/s
correlation-redis-set-cores2,pcm_memory,memwritebw,SKT0CHAN6,5,90.24,MB/s
correlation-redis-set-cores2,pcm_memory,memwritebw,SKT0CHAN6,6,89.98,MB/s
correlation-redis-set-cores2,pcm_memory,memwritebw,SKT0CHAN6,7,90.66,MB/s
correlation-redis-set-cores2,pcm_memory,memwritebw,SKT0CHAN6,8,90.76,MB/s
correlation-redis-set-cores2,pcm_memory,memwritebw,SKT0CHAN6,9,91.03,MB/s
correlation-redis-set-cores2,pcm_memory,memwritebw,SKT0CHAN6,10,91.5,MB/s
correlation-redis-set-cores2,pcm_memory,memwritebw,SKT0CHAN6,11,90.9,MB/s
correlation-redis-set-cores2,pcm_memory,memwritebw,SKT0CHAN6,12,90.89,MB/s
correlation-redis-set-cores2,pcm_memory,memwritebw,SKT0CHAN6,13,91.14,MB/s
correlation-redis-set-cores2,pcm_memory,memwritebw,SKT0CHAN6,14,90.55,MB/s
correlation-redis-set-cores2,pcm_memory,memwritebw,SKT0CHAN6,15,90.49,MB/s
correlation-redis-set-cores2,pcm_memory,memwritebw,SKT0CHAN6,16,90.78,MB/s
correlation-redis-set-cores2,pcm_memory,memwritebw,SKT0CHAN6,17,90.89,MB/s
correlation-redis-set-cores2,pcm_memory,memwritebw,SKT0CHAN6,18,90.85,MB/s
correlation-redis-set-cores2,pcm_memory,memwritebw,SKT0CHAN6,19,93.49,MB/s
correlation-redis-set-cores2,pcm_memory,memwritebw,SKT0CHAN6,20,91.02,MB/s
correlation-redis-set-cores2,pcm_memory,memwritebw,SKT0CHAN6,21,90.98,MB/s
correlation-redis-set-cores2,pcm_memory,memwritebw,SKT0CHAN6,22,91.29,MB/s
correlation-redis-set-cores2,pcm_memory,memwritebw,SKT0CHAN6,23,90.83,MB/s
correlation-redis-set-cores2,pcm_memory,memwritebw,SKT0CHAN6,24,91.28,MB/s
correlation-redis-set-cores2,pcm_memory,memwritebw,SKT0CHAN6,25,91.36,MB/s
correlation-redis-set-cores2,pcm_memory,memwritebw,SKT0CHAN6,26,91.0,MB/s
correlation-redis-set-cores2,pcm_memory,memwritebw,SKT0CHAN6,27,91.26,MB/s
correlation-redis-set-cores2,pcm_memory,memwritebw,SKT0CHAN6,28,92.32,MB/s
correlation-redis-set-cores2,pcm_memory,memwritebw,SKT0CHAN6,29,91.19,MB/s
correlation-redis-set-cores2,pcm_memory,memwritebw,SKT0CHAN6,30,92.54,MB/s
correlation-redis-set-cores2,pcm_memory,memwritebw,SKT0CHAN6,31,91.68,MB/s
correlation-redis-set-cores2,pcm_memory,memwritebw,SKT0CHAN6,32,93.02,MB/s
correlation-redis-set-cores2,pcm_memory,memwritebw,SKT0CHAN6,33,96.85,MB/s
correlation-redis-set-cores2,pcm_memory,memwritebw,SKT0CHAN6,34,91.35,MB/s
correlation-redis-set-cores2,pcm_memory,memwritebw,SKT0CHAN6,35,91.42,MB/s
correlation-redis-set-cores2,pcm_memory,memwritebw,SKT0CHAN6,36,91.22,MB/s
correlation-redis-set-cores2,pcm_memory,memwritebw,SKT0CHAN6,37,91.05,MB/s
correlation-redis-set-cores2,pcm_memory,memwritebw,SKT0CHAN6,38,91.19,MB/s
correlation-redis-set-cores2,pcm_memory,memwritebw,SKT0CHAN6,39,90.86,MB/s
correlation-redis-set-cores2,pcm_memory,memwritebw,SKT0CHAN6,40,91.25,MB/s
correlation-redis-set-cores2,pcm_memory,memwritebw,SKT0CHAN6,41,91.04,MB/s
correlation-redis-set-cores2,pcm_memory,memwritebw,SKT0CHAN6,42,91.08,MB/s
correlation-redis-set-cores2,pcm_memory,memwritebw,SKT0CHAN6,43,91.15,MB/s
correlation-redis-set-cores2,pcm_memory,memwritebw,SKT0CHAN6,44,91.37,MB/s
correlation-redis-set-cores2,pcm_memory,memwritebw,SKT0CHAN6,45,90.85,MB/s
correlation-redis-set-cores2,pcm_memory,memwritebw,SKT0CHAN6,46,91.12,MB/s
correlation-redis-set-cores2,pcm_memory,memwritebw,SKT0CHAN6,47,90.8,MB/s
correlation-redis-set-cores2,pcm_memory,memwritebw,SKT0CHAN6,48,90.83,MB/s
correlation-redis-set-cores2,pcm_memory,memwritebw,SKT0CHAN6,49,91.05,MB/s
correlation-redis-set-cores2,pcm_memory,memwritebw,SKT0CHAN6,50,94.04,MB/s
correlation-redis-set-cores2,pcm_memory,memwritebw,SKT0CHAN6,51,91.08,MB/s
correlation-redis-set-cores2,pcm_memory,memwritebw,SKT0CHAN6,52,91.02,MB/s
correlation-redis-set-cores2,pcm_memory,memwritebw,SKT0CHAN6,53,90.61,MB/s
correlation-redis-set-cores2,pcm_memory,memwritebw,SKT0CHAN6,54,91.07,MB/s
correlation-redis-set-cores2,pcm_memory,memwritebw,SKT0CHAN6,55,90.51,MB/s
correlation-redis-set-cores2,pcm_memory,memwritebw,SKT0CHAN6,56,92.16,MB/s
correlation-redis-set-cores2,pcm_memory,memwritebw,SKT0CHAN6,57,91.27,MB/s
correlation-redis-set-cores2,pcm_memory,memwritebw,SKT0CHAN6,58,90.9,MB/s
correlation-redis-set-cores2,pcm_memory,memwritebw,SKT0CHAN6,59,91.15,MB/s
correlation-redis-set-cores2,pcm_memory,memwritebw,SKT0CHAN7,0,96.31,MB/s
correlation-redis-set-cores2,pcm_memory,memwritebw,SKT0CHAN7,1,90.99,MB/s
correlation-redis-set-cores2,pcm_memory,memwritebw,SKT0CHAN7,2,90.41,MB/s
correlation-redis-set-cores2,pcm_memory,memwritebw,SKT0CHAN7,3,90.49,MB/s
correlation-redis-set-cores2,pcm_memory,memwritebw,SKT0CHAN7,4,90.6,MB/s
correlation-redis-set-cores2,pcm_memory,memwritebw,SKT0CHAN7,5,90.42,MB/s
correlation-redis-set-cores2,pcm_memory,memwritebw,SKT0CHAN7,6,90.11,MB/s
correlation-redis-set-cores2,pcm_memory,memwritebw,SKT0CHAN7,7,90.85,MB/s
correlation-redis-set-cores2,pcm_memory,memwritebw,SKT0CHAN7,8,90.62,MB/s
correlation-redis-set-cores2,pcm_memory,memwritebw,SKT0CHAN7,9,90.94,MB/s
correlation-redis-set-cores2,pcm_memory,memwritebw,SKT0CHAN7,10,91.51,MB/s
correlation-redis-set-cores2,pcm_memory,memwritebw,SKT0CHAN7,11,90.98,MB/s
correlation-redis-set-cores2,pcm_memory,memwritebw,SKT0CHAN7,12,91.12,MB/s
correlation-redis-set-cores2,pcm_memory,memwritebw,SKT0CHAN7,13,91.2,MB/s
correlation-redis-set-cores2,pcm_memory,memwritebw,SKT0CHAN7,14,90.43,MB/s
correlation-redis-set-cores2,pcm_memory,memwritebw,SKT0CHAN7,15,90.55,MB/s
correlation-redis-set-cores2,pcm_memory,memwritebw,SKT0CHAN7,16,90.96,MB/s
correlation-redis-set-cores2,pcm_memory,memwritebw,SKT0CHAN7,17,91.1,MB/s
correlation-redis-set-cores2,pcm_memory,memwritebw,SKT0CHAN7,18,90.95,MB/s
correlation-redis-set-cores2,pcm_memory,memwritebw,SKT0CHAN7,19,93.38,MB/s
correlation-redis-set-cores2,pcm_memory,memwritebw,SKT0CHAN7,20,90.98,MB/s
correlation-redis-set-cores2,pcm_memory,memwritebw,SKT0CHAN7,21,91.07,MB/s
correlation-redis-set-cores2,pcm_memory,memwritebw,SKT0CHAN7,22,91.24,MB/s
correlation-redis-set-cores2,pcm_memory,memwritebw,SKT0CHAN7,23,90.85,MB/s
correlation-redis-set-cores2,pcm_memory,memwritebw,SKT0CHAN7,24,91.42,MB/s
correlation-redis-set-cores2,pcm_memory,memwritebw,SKT0CHAN7,25,91.41,MB/s
correlation-redis-set-cores2,pcm_memory,memwritebw,SKT0CHAN7,26,91.09,MB/s
correlation-redis-set-cores2,pcm_memory,memwritebw,SKT0CHAN7,27,91.33,MB/s
correlation-redis-set-cores2,pcm_memory,memwritebw,SKT0CHAN7,28,92.22,MB/s
correlation-redis-set-cores2,pcm_memory,memwritebw,SKT0CHAN7,29,91.28,MB/s
correlation-redis-set-cores2,pcm_memory,memwritebw,SKT0CHAN7,30,92.7,MB/s
correlation-redis-set-cores2,pcm_memory,memwritebw,SKT0CHAN7,31,91.81,MB/s
correlation-redis-set-cores2,pcm_memory,memwritebw,SKT0CHAN7,32,92.97,MB/s
correlation-redis-set-cores2,pcm_memory,memwritebw,SKT0CHAN7,33,97.01,MB/s
correlation-redis-set-cores2,pcm_memory,memwritebw,SKT0CHAN7,34,91.46,MB/s
correlation-redis-set-cores2,pcm_memory,memwritebw,SKT0CHAN7,35,91.41,MB/s
correlation-redis-set-cores2,pcm_memory,memwritebw,SKT0CHAN7,36,91.16,MB/s
correlation-redis-set-cores2,pcm_memory,memwritebw,SKT0CHAN7,37,91.24,MB/s
correlation-redis-set-cores2,pcm_memory,memwritebw,SKT0CHAN7,38,91.33,MB/s
correlation-redis-set-cores2,pcm_memory,memwritebw,SKT0CHAN7,39,90.77,MB/s
correlation-redis-set-cores2,pcm_memory,memwritebw,SKT0CHAN7,40,91.51,MB/s
correlation-redis-set-cores2,pcm_memory,memwritebw,SKT0CHAN7,41,91.19,MB/s
correlation-redis-set-cores2,pcm_memory,memwritebw,SKT0CHAN7,42,91.13,MB/s
correlation-redis-set-cores2,pcm_memory,memwritebw,SKT0CHAN7,43,91.11,MB/s
correlation-redis-set-cores2,pcm_memory,memwritebw,SKT0CHAN7,44,91.39,MB/s
correlation-redis-set-cores2,pcm_memory,memwritebw,SKT0CHAN7,45,91.05,MB/s
correlation-redis-set-cores2,pcm_memory,memwritebw,SKT0CHAN7,46,90.98,MB/s
correlation-redis-set-cores2,pcm_memory,memwritebw,SKT0CHAN7,47,90.98,MB/s
correlation-redis-set-cores2,pcm_memory,memwritebw,SKT0CHAN7,48,90.81,MB/s
correlation-redis-set-cores2,pcm_memory,memwritebw,SKT0CHAN7,49,91.0,MB/s
correlation-redis-set-cores2,pcm_memory,memwritebw,SKT0CHAN7,50,94.07,MB/s
correlation-redis-set-cores2,pcm_memory,memwritebw,SKT0CHAN7,51,91.13,MB/s
correlation-redis-set-cores2,pcm_memory,memwritebw,SKT0CHAN7,52,91.08,MB/s
correlation-redis-set-cores2,pcm_memory,memwritebw,SKT0CHAN7,53,90.8,MB/s
correlation-redis-set-cores2,pcm_memory,memwritebw,SKT0CHAN7,54,91.08,MB/s
correlation-redis-set-cores2,pcm_memory,memwritebw,SKT0CHAN7,55,90.64,MB/s
correlation-redis-set-cores2,pcm_memory,memwritebw,SKT0CHAN7,56,92.31,MB/s
correlation-redis-set-cores2,pcm_memory,memwritebw,SKT0CHAN7,57,91.09,MB/s
correlation-redis-set-cores2,pcm_memory,memwritebw,SKT0CHAN7,58,90.84,MB/s
correlation-redis-set-cores2,pcm_memory,memwritebw,SKT0CHAN7,59,91.19,MB/s
correlation-redis-set-cores2,pcm_latency,l1_miss_latency,CORE0,0,13.23,ns
correlation-redis-set-cores2,pcm_latency,l1_miss_latency,CORE0,1,13.87,ns
correlation-redis-set-cores2,pcm_latency,l1_miss_latency,CORE0,2,14.1,ns
correlation-redis-set-cores2,pcm_latency,l1_miss_latency,CORE0,3,13.71,ns
correlation-redis-set-cores2,pcm_latency,l1_miss_latency,CORE0,4,14.57,ns
correlation-redis-set-cores2,pcm_latency,l1_miss_latency,CORE0,5,9.15,ns
correlation-redis-set-cores2,pcm_latency,l1_miss_latency,CORE0,6,13.87,ns
correlation-redis-set-cores2,pcm_latency,l1_miss_latency,CORE0,7,13.88,ns
correlation-redis-set-cores2,pcm_latency,l1_miss_latency,CORE0,8,13.89,ns
correlation-redis-set-cores2,pcm_latency,l1_miss_latency,CORE0,9,13.82,ns
correlation-redis-set-cores2,pcm_latency,l1_miss_latency,CORE0,10,14.06,ns
correlation-redis-set-cores2,pcm_latency,l1_miss_latency,CORE0,11,13.79,ns
correlation-redis-set-cores2,pcm_latency,l1_miss_latency,CORE0,12,13.68,ns
correlation-redis-set-cores2,pcm_latency,l1_miss_latency,CORE0,13,14.02,ns
correlation-redis-set-cores2,pcm_latency,l1_miss_latency,CORE0,14,13.82,ns
correlation-redis-set-cores2,pcm_latency,l1_miss_latency,CORE0,15,13.86,ns
correlation-redis-set-cores2,pcm_latency,l1_miss_latency,CORE0,16,13.96,ns
correlation-redis-set-cores2,pcm_latency,l1_miss_latency,CORE0,17,13.9,ns
correlation-redis-set-cores2,pcm_latency,l1_miss_latency,CORE0,18,13.97,ns
correlation-redis-set-cores2,pcm_latency,l1_miss_latency,CORE0,19,14.13,ns
correlation-redis-set-cores2,pcm_latency,l1_miss_latency,CORE0,20,13.68,ns
correlation-redis-set-cores2,pcm_latency,l1_miss_latency,CORE0,21,13.59,ns
correlation-redis-set-cores2,pcm_latency,l1_miss_latency,CORE0,22,13.84,ns
correlation-redis-set-cores2,pcm_latency,l1_miss_latency,CORE0,23,13.92,ns
correlation-redis-set-cores2,pcm_latency,l1_miss_latency,CORE0,24,13.76,ns
correlation-redis-set-cores2,pcm_latency,l1_miss_latency,CORE0,25,13.75,ns
correlation-redis-set-cores2,pcm_latency,l1_miss_latency,CORE0,26,13.65,ns
correlation-redis-set-cores2,pcm_latency,l1_miss_latency,CORE0,27,13.99,ns
correlation-redis-set-cores2,pcm_latency,l1_miss_latency,CORE0,28,13.73,ns
correlation-redis-set-cores2,pcm_latency,l1_miss_latency,CORE0,29,13.89,ns
correlation-redis-set-cores2,pcm_latency,l1_miss_latency,CORE0,30,13.69,ns
correlation-redis-set-cores2,pcm_latency,l1_miss_latency,CORE0,31,13.82,ns
correlation-redis-set-cores2,pcm_latency,l1_miss_latency,CORE0,32,13.91,ns
correlation-redis-set-cores2,pcm_latency,l1_miss_latency,CORE0,33,14.03,ns
correlation-redis-set-cores2,pcm_latency,l1_miss_latency,CORE0,34,13.91,ns
correlation-redis-set-cores2,pcm_latency,l1_miss_latency,CORE0,35,13.82,ns
correlation-redis-set-cores2,pcm_latency,l1_miss_latency,CORE0,36,14.11,ns
correlation-redis-set-cores2,pcm_latency,l1_miss_latency,CORE0,37,14.24,ns
correlation-redis-set-cores2,pcm_latency,l1_miss_latency,CORE0,38,14.29,ns
correlation-redis-set-cores2,pcm_latency,l1_miss_latency,CORE0,39,13.94,ns
correlation-redis-set-cores2,pcm_latency,l1_miss_latency,CORE0,40,14.19,ns
correlation-redis-set-cores2,pcm_latency,l1_miss_latency,CORE0,41,13.93,ns
correlation-redis-set-cores2,pcm_latency,l1_miss_latency,CORE0,42,14.09,ns
correlation-redis-set-cores2,pcm_latency,l1_miss_latency,CORE0,43,13.98,ns
correlation-redis-set-cores2,pcm_latency,l1_miss_latency,CORE0,44,14.11,ns
correlation-redis-set-cores2,pcm_latency,l1_miss_latency,CORE0,45,13.86,ns
correlation-redis-set-cores2,pcm_latency,l1_miss_latency,CORE0,46,13.8,ns
correlation-redis-set-cores2,pcm_latency,l1_miss_latency,CORE0,47,13.91,ns
correlation-redis-set-cores2,pcm_latency,l1_miss_latency,CORE0,48,14.07,ns
correlation-redis-set-cores2,pcm_latency,l1_miss_latency,CORE0,49,13.79,ns
correlation-redis-set-cores2,pcm_latency,l1_miss_latency,CORE0,50,14.08,ns
correlation-redis-set-cores2,pcm_latency,l1_miss_latency,CORE0,51,14.06,ns
correlation-redis-set-cores2,pcm_latency,l1_miss_latency,CORE0,52,13.84,ns
correlation-redis-set-cores2,pcm_latency,l1_miss_latency,CORE0,53,13.94,ns
correlation-redis-set-cores2,pcm_latency,l1_miss_latency,CORE0,54,13.9,ns
correlation-redis-set-cores2,pcm_latency,l1_miss_latency,CORE0,55,14.05,ns
correlation-redis-set-cores2,pcm_latency,l1_miss_latency,CORE0,56,13.76,ns
correlation-redis-set-cores2,pcm_latency,l1_miss_latency,CORE0,57,13.75,ns
correlation-redis-set-cores2,pcm_latency,l1_miss_latency,CORE0,58,13.84,ns
correlation-redis-set-cores2,pcm_latency,l1_miss_latency,CORE0,59,13.7,ns
correlation-redis-set-cores2,pcm_latency,l1_miss_latency,CORE1,0,23.03,ns
correlation-redis-set-cores2,pcm_latency,l1_miss_latency,CORE1,1,24.03,ns
correlation-redis-set-cores2,pcm_latency,l1_miss_latency,CORE1,2,27.79,ns
correlation-redis-set-cores2,pcm_latency,l1_miss_latency,CORE1,3,39.29,ns
correlation-redis-set-cores2,pcm_latency,l1_miss_latency,CORE1,4,32.08,ns
correlation-redis-set-cores2,pcm_latency,l1_miss_latency,CORE1,5,11.45,ns
correlation-redis-set-cores2,pcm_latency,l1_miss_latency,CORE1,6,21.84,ns
correlation-redis-set-cores2,pcm_latency,l1_miss_latency,CORE1,7,21.93,ns
correlation-redis-set-cores2,pcm_latency,l1_miss_latency,CORE1,8,21.86,ns
correlation-redis-set-cores2,pcm_latency,l1_miss_latency,CORE1,9,22.91,ns
correlation-redis-set-cores2,pcm_latency,l1_miss_latency,CORE1,10,24.25,ns
correlation-redis-set-cores2,pcm_latency,l1_miss_latency,CORE1,11,23.64,ns
correlation-redis-set-cores2,pcm_latency,l1_miss_latency,CORE1,12,24.8,ns
correlation-redis-set-cores2,pcm_latency,l1_miss_latency,CORE1,13,23.13,ns
correlation-redis-set-cores2,pcm_latency,l1_miss_latency,CORE1,14,24.25,ns
correlation-redis-set-cores2,pcm_latency,l1_miss_latency,CORE1,15,23.59,ns
correlation-redis-set-cores2,pcm_latency,l1_miss_latency,CORE1,16,23.99,ns
correlation-redis-set-cores2,pcm_latency,l1_miss_latency,CORE1,17,23.02,ns
correlation-redis-set-cores2,pcm_latency,l1_miss_latency,CORE1,18,24.19,ns
correlation-redis-set-cores2,pcm_latency,l1_miss_latency,CORE1,19,24.58,ns
correlation-redis-set-cores2,pcm_latency,l1_miss_latency,CORE1,20,21.37,ns
correlation-redis-set-cores2,pcm_latency,l1_miss_latency,CORE1,21,23.57,ns
correlation-redis-set-cores2,pcm_latency,l1_miss_latency,CORE1,22,23.95,ns
correlation-redis-set-cores2,pcm_latency,l1_miss_latency,CORE1,23,23.9,ns
correlation-redis-set-cores2,pcm_latency,l1_miss_latency,CORE1,24,23.81,ns
correlation-redis-set-cores2,pcm_latency,l1_miss_latency,CORE1,25,24.15,ns
correlation-redis-set-cores2,pcm_latency,l1_miss_latency,CORE1,26,24.08,ns
correlation-redis-set-cores2,pcm_latency,l1_miss_latency,CORE1,27,24.04,ns
correlation-redis-set-cores2,pcm_latency,l1_miss_latency,CORE1,28,24.15,ns
correlation-redis-set-cores2,pcm_latency,l1_miss_latency,CORE1,29,24.36,ns
correlation-redis-set-cores2,pcm_latency,l1_miss_latency,CORE1,30,24.29,ns
correlation-redis-set-cores2,pcm_latency,l1_miss_latency,CORE1,31,23.9,ns
correlation-redis-set-cores2,pcm_latency,l1_miss_latency,CORE1,32,23.93,ns
correlation-redis-set-cores2,pcm_latency,l1_miss_latency,CORE1,33,24.29,ns
correlation-redis-set-cores2,pcm_latency,l1_miss_latency,CORE1,34,19.67,ns
correlation-redis-set-cores2,pcm_latency,l1_miss_latency,CORE1,35,23.45,ns
correlation-redis-set-cores2,pcm_latency,l1_miss_latency,CORE1,36,22.68,ns
correlation-redis-set-cores2,pcm_latency,l1_miss_latency,CORE1,37,23.91,ns
correlation-redis-set-cores2,pcm_latency,l1_miss_latency,CORE1,38,44.72,ns
correlation-redis-set-cores2,pcm_latency,l1_miss_latency,CORE1,39,43.83,ns
correlation-redis-set-cores2,pcm_latency,l1_miss_latency,CORE1,40,29.68,ns
correlation-redis-set-cores2,pcm_latency,l1_miss_latency,CORE1,41,38.86,ns
correlation-redis-set-cores2,pcm_latency,l1_miss_latency,CORE1,42,35.29,ns
correlation-redis-set-cores2,pcm_latency,l1_miss_latency,CORE1,43,43.93,ns
correlation-redis-set-cores2,pcm_latency,l1_miss_latency,CORE1,44,43.03,ns
correlation-redis-set-cores2,pcm_latency,l1_miss_latency,CORE1,45,44.61,ns
correlation-redis-set-cores2,pcm_latency,l1_miss_latency,CORE1,46,43.07,ns
correlation-redis-set-cores2,pcm_latency,l1_miss_latency,CORE1,47,33.53,ns
correlation-redis-set-cores2,pcm_latency,l1_miss_latency,CORE1,48,37.51,ns
correlation-redis-set-cores2,pcm_latency,l1_miss_latency,CORE1,49,26.08,ns
correlation-redis-set-cores2,pcm_latency,l1_miss_latency,CORE1,50,23.4,ns
correlation-redis-set-cores2,pcm_latency,l1_miss_latency,CORE1,51,26.62,ns
correlation-redis-set-cores2,pcm_latency,l1_miss_latency,CORE1,52,26.84,ns
correlation-redis-set-cores2,pcm_latency,l1_miss_latency,CORE1,53,26.92,ns
correlation-redis-set-cores2,pcm_latency,l1_miss_latency,CORE1,54,26.29,ns
correlation-redis-set-cores2,pcm_latency,l1_miss_latency,CORE1,55,26.96,ns
correlation-redis-set-cores2,pcm_latency,l1_miss_latency,CORE1,56,26.41,ns
correlation-redis-set-cores2,pcm_latency,l1_miss_latency,CORE1,57,26.09,ns
correlation-redis-set-cores2,pcm_latency,l1_miss_latency,CORE1,58,26.25,ns
correlation-redis-set-cores2,pcm_latency,l1_miss_latency,CORE1,59,26.59,ns
correlation-redis-set-cores2,pcm_latency,l1_miss_latency,CORE2,0,23.49,ns
correlation-redis-set-cores2,pcm_latency,l1_miss_latency,CORE2,1,34.97,ns
correlation-redis-set-cores2,pcm_latency,l1_miss_latency,CORE2,2,33.79,ns
correlation-redis-set-cores2,pcm_latency,l1_miss_latency,CORE2,3,34.92,ns
correlation-redis-set-cores2,pcm_latency,l1_miss_latency,CORE2,4,36.34,ns
correlation-redis-set-cores2,pcm_latency,l1_miss_latency,CORE2,5,20.1,ns
correlation-redis-set-cores2,pcm_latency,l1_miss_latency,CORE2,6,35.77,ns
correlation-redis-set-cores2,pcm_latency,l1_miss_latency,CORE2,7,38.74,ns
correlation-redis-set-cores2,pcm_latency,l1_miss_latency,CORE2,8,37.28,ns
correlation-redis-set-cores2,pcm_latency,l1_miss_latency,CORE2,9,37.01,ns
correlation-redis-set-cores2,pcm_latency,l1_miss_latency,CORE2,10,40.37,ns
correlation-redis-set-cores2,pcm_latency,l1_miss_latency,CORE2,11,39.52,ns
correlation-redis-set-cores2,pcm_latency,l1_miss_latency,CORE2,12,36.41,ns
correlation-redis-set-cores2,pcm_latency,l1_miss_latency,CORE2,13,35.39,ns
correlation-redis-set-cores2,pcm_latency,l1_miss_latency,CORE2,14,38.4,ns
correlation-redis-set-cores2,pcm_latency,l1_miss_latency,CORE2,15,37.25,ns
correlation-redis-set-cores2,pcm_latency,l1_miss_latency,CORE2,16,39.45,ns
correlation-redis-set-cores2,pcm_latency,l1_miss_latency,CORE2,17,38.19,ns
correlation-redis-set-cores2,pcm_latency,l1_miss_latency,CORE2,18,40.33,ns
correlation-redis-set-cores2,pcm_latency,l1_miss_latency,CORE2,19,38.52,ns
correlation-redis-set-cores2,pcm_latency,l1_miss_latency,CORE2,20,37.89,ns
correlation-redis-set-cores2,pcm_latency,l1_miss_latency,CORE2,21,40.29,ns
correlation-redis-set-cores2,pcm_latency,l1_miss_latency,CORE2,22,39.45,ns
correlation-redis-set-cores2,pcm_latency,l1_miss_latency,CORE2,23,35.95,ns
correlation-redis-set-cores2,pcm_latency,l1_miss_latency,CORE2,24,35.74,ns
correlation-redis-set-cores2,pcm_latency,l1_miss_latency,CORE2,25,36.16,ns
correlation-redis-set-cores2,pcm_latency,l1_miss_latency,CORE2,26,39.47,ns
correlation-redis-set-cores2,pcm_latency,l1_miss_latency,CORE2,27,38.05,ns
correlation-redis-set-cores2,pcm_latency,l1_miss_latency,CORE2,28,30.26,ns
correlation-redis-set-cores2,pcm_latency,l1_miss_latency,CORE2,29,36.59,ns
correlation-redis-set-cores2,pcm_latency,l1_miss_latency,CORE2,30,38.19,ns
correlation-redis-set-cores2,pcm_latency,l1_miss_latency,CORE2,31,34.4,ns
correlation-redis-set-cores2,pcm_latency,l1_miss_latency,CORE2,32,36.69,ns
correlation-redis-set-cores2,pcm_latency,l1_miss_latency,CORE2,33,36.36,ns
correlation-redis-set-cores2,pcm_latency,l1_miss_latency,CORE2,34,38.15,ns
correlation-redis-set-cores2,pcm_latency,l1_miss_latency,CORE2,35,36.1,ns
correlation-redis-set-cores2,pcm_latency,l1_miss_latency,CORE2,36,38.12,ns
correlation-redis-set-cores2,pcm_latency,l1_miss_latency,CORE2,37,32.95,ns
correlation-redis-set-cores2,pcm_latency,l1_miss_latency,CORE2,38,39.4,ns
correlation-redis-set-cores2,pcm_latency,l1_miss_latency,CORE2,39,34.36,ns
correlation-redis-set-cores2,pcm_latency,l1_miss_latency,CORE2,40,31.67,ns
correlation-redis-set-cores2,pcm_latency,l1_miss_latency,CORE2,41,30.95,ns
correlation-redis-set-cores2,pcm_latency,l1_miss_latency,CORE2,42,32.41,ns
correlation-redis-set-cores2,pcm_latency,l1_miss_latency,CORE2,43,32.39,ns
correlation-redis-set-cores2,pcm_latency,l1_miss_latency,CORE2,44,37.22,ns
correlation-redis-set-cores2,pcm_latency,l1_miss_latency,CORE2,45,32.71,ns
correlation-redis-set-cores2,pcm_latency,l1_miss_latency,CORE2,46,33.51,ns
correlation-redis-set-cores2,pcm_latency,l1_miss_latency,CORE2,47,34.3,ns
correlation-redis-set-cores2,pcm_latency,l1_miss_latency,CORE2,48,34.97,ns
correlation-redis-set-cores2,pcm_latency,l1_miss_latency,CORE2,49,34.58,ns
correlation-redis-set-cores2,pcm_latency,l1_miss_latency,CORE2,50,33.47,ns
correlation-redis-set-cores2,pcm_latency,l1_miss_latency,CORE2,51,22.69,ns
correlation-redis-set-cores2,pcm_latency,l1_miss_latency,CORE2,52,21.9,ns
correlation-redis-set-cores2,pcm_latency,l1_miss_latency,CORE2,53,32.84,ns
correlation-redis-set-cores2,pcm_latency,l1_miss_latency,CORE2,54,38.27,ns
correlation-redis-set-cores2,pcm_latency,l1_miss_latency,CORE2,55,36.53,ns
correlation-redis-set-cores2,pcm_latency,l1_miss_latency,CORE2,56,36.56,ns
correlation-redis-set-cores2,pcm_latency,l1_miss_latency,CORE2,57,37.03,ns
correlation-redis-set-cores2,pcm_latency,l1_miss_latency,CORE2,58,36.56,ns
correlation-redis-set-cores2,pcm_latency,l1_miss_latency,CORE2,59,36.42,ns
correlation-redis-set-cores2,pcm_latency,l1_miss_latency,CORE3,0,44.39,ns
correlation-redis-set-cores2,pcm_latency,l1_miss_latency,CORE3,1,41.74,ns
correlation-redis-set-cores2,pcm_latency,l1_miss_latency,CORE3,2,44.72,ns
correlation-redis-set-cores2,pcm_latency,l1_miss_latency,CORE3,3,41.52,ns
correlation-redis-set-cores2,pcm_latency,l1_miss_latency,CORE3,4,45.65,ns
correlation-redis-set-cores2,pcm_latency,l1_miss_latency,CORE3,5,43.76,ns
correlation-redis-set-cores2,pcm_latency,l1_miss_latency,CORE3,6,45.23,ns
correlation-redis-set-cores2,pcm_latency,l1_miss_latency,CORE3,7,44.39,ns
correlation-redis-set-cores2,pcm_latency,l1_miss_latency,CORE3,8,45.27,ns
correlation-redis-set-cores2,pcm_latency,l1_miss_latency,CORE3,9,42.37,ns
correlation-redis-set-cores2,pcm_latency,l1_miss_latency,CORE3,10,43.45,ns
correlation-redis-set-cores2,pcm_latency,l1_miss_latency,CORE3,11,44.81,ns
correlation-redis-set-cores2,pcm_latency,l1_miss_latency,CORE3,12,45.26,ns
correlation-redis-set-cores2,pcm_latency,l1_miss_latency,CORE3,13,42.65,ns
correlation-redis-set-cores2,pcm_latency,l1_miss_latency,CORE3,14,43.8,ns
correlation-redis-set-cores2,pcm_latency,l1_miss_latency,CORE3,15,41.15,ns
correlation-redis-set-cores2,pcm_latency,l1_miss_latency,CORE3,16,43.52,ns
correlation-redis-set-cores2,pcm_latency,l1_miss_latency,CORE3,17,41.58,ns
correlation-redis-set-cores2,pcm_latency,l1_miss_latency,CORE3,18,42.65,ns
correlation-redis-set-cores2,pcm_latency,l1_miss_latency,CORE3,19,47.31,ns
correlation-redis-set-cores2,pcm_latency,l1_miss_latency,CORE3,20,41.48,ns
correlation-redis-set-cores2,pcm_latency,l1_miss_latency,CORE3,21,41.77,ns
correlation-redis-set-cores2,pcm_latency,l1_miss_latency,CORE3,22,44.68,ns
correlation-redis-set-cores2,pcm_latency,l1_miss_latency,CORE3,23,41.83,ns
correlation-redis-set-cores2,pcm_latency,l1_miss_latency,CORE3,24,45.48,ns
correlation-redis-set-cores2,pcm_latency,l1_miss_latency,CORE3,25,46.18,ns
correlation-redis-set-cores2,pcm_latency,l1_miss_latency,CORE3,26,45.04,ns
correlation-redis-set-cores2,pcm_latency,l1_miss_latency,CORE3,27,42.88,ns
correlation-redis-set-cores2,pcm_latency,l1_miss_latency,CORE3,28,45.16,ns
correlation-redis-set-cores2,pcm_latency,l1_miss_latency,CORE3,29,44.88,ns
correlation-redis-set-cores2,pcm_latency,l1_miss_latency,CORE3,30,41.9,ns
correlation-redis-set-cores2,pcm_latency,l1_miss_latency,CORE3,31,43.01,ns
correlation-redis-set-cores2,pcm_latency,l1_miss_latency,CORE3,32,40.67,ns
correlation-redis-set-cores2,pcm_latency,l1_miss_latency,CORE3,33,41.76,ns
correlation-redis-set-cores2,pcm_latency,l1_miss_latency,CORE3,34,44.25,ns
correlation-redis-set-cores2,pcm_latency,l1_miss_latency,CORE3,35,41.15,ns
correlation-redis-set-cores2,pcm_latency,l1_miss_latency,CORE3,36,39.84,ns
correlation-redis-set-cores2,pcm_latency,l1_miss_latency,CORE3,37,38.73,ns
correlation-redis-set-cores2,pcm_latency,l1_miss_latency,CORE3,38,36.32,ns
correlation-redis-set-cores2,pcm_latency,l1_miss_latency,CORE3,39,40.97,ns
correlation-redis-set-cores2,pcm_latency,l1_miss_latency,CORE3,40,40.75,ns
correlation-redis-set-cores2,pcm_latency,l1_miss_latency,CORE3,41,41.62,ns
correlation-redis-set-cores2,pcm_latency,l1_miss_latency,CORE3,42,46.04,ns
correlation-redis-set-cores2,pcm_latency,l1_miss_latency,CORE3,43,39.26,ns
correlation-redis-set-cores2,pcm_latency,l1_miss_latency,CORE3,44,41.86,ns
correlation-redis-set-cores2,pcm_latency,l1_miss_latency,CORE3,45,36.94,ns
correlation-redis-set-cores2,pcm_latency,l1_miss_latency,CORE3,46,38.54,ns
correlation-redis-set-cores2,pcm_latency,l1_miss_latency,CORE3,47,36.63,ns
correlation-redis-set-cores2,pcm_latency,l1_miss_latency,CORE3,48,49.38,ns
correlation-redis-set-cores2,pcm_latency,l1_miss_latency,CORE3,49,39.85,ns
correlation-redis-set-cores2,pcm_latency,l1_miss_latency,CORE3,50,41.66,ns
correlation-redis-set-cores2,pcm_latency,l1_miss_latency,CORE3,51,37.68,ns
correlation-redis-set-cores2,pcm_latency,l1_miss_latency,CORE3,52,42.02,ns
correlation-redis-set-cores2,pcm_latency,l1_miss_latency,CORE3,53,41.67,ns
correlation-redis-set-cores2,pcm_latency,l1_miss_latency,CORE3,54,40.49,ns
correlation-redis-set-cores2,pcm_latency,l1_miss_latency,CORE3,55,41.12,ns
correlation-redis-set-cores2,pcm_latency,l1_miss_latency,CORE3,56,43.38,ns
correlation-redis-set-cores2,pcm_latency,l1_miss_latency,CORE3,57,37.95,ns
correlation-redis-set-cores2,pcm_latency,l1_miss_latency,CORE3,58,45.06,ns
correlation-redis-set-cores2,pcm_latency,l1_miss_latency,CORE3,59,40.81,ns
correlation-redis-set-cores2,pcm_latency,l1_miss_latency,CORE4,0,27.59,ns
correlation-redis-set-cores2,pcm_latency,l1_miss_latency,CORE4,1,27.61,ns
correlation-redis-set-cores2,pcm_latency,l1_miss_latency,CORE4,2,27.5,ns
correlation-redis-set-cores2,pcm_latency,l1_miss_latency,CORE4,3,27.55,ns
correlation-redis-set-cores2,pcm_latency,l1_miss_latency,CORE4,4,27.64,ns
correlation-redis-set-cores2,pcm_latency,l1_miss_latency,CORE4,5,27.71,ns
correlation-redis-set-cores2,pcm_latency,l1_miss_latency,CORE4,6,27.48,ns
correlation-redis-set-cores2,pcm_latency,l1_miss_latency,CORE4,7,27.62,ns
correlation-redis-set-cores2,pcm_latency,l1_miss_latency,CORE4,8,27.44,ns
correlation-redis-set-cores2,pcm_latency,l1_miss_latency,CORE4,9,27.62,ns
correlation-redis-set-cores2,pcm_latency,l1_miss_latency,CORE4,10,27.56,ns
correlation-redis-set-cores2,pcm_latency,l1_miss_latency,CORE4,11,27.47,ns
correlation-redis-set-cores2,pcm_latency,l1_miss_latency,CORE4,12,27.51,ns
correlation-redis-set-cores2,pcm_latency,l1_miss_latency,CORE4,13,27.51,ns
correlation-redis-set-cores2,pcm_latency,l1_miss_latency,CORE4,14,27.56,ns
correlation-redis-set-cores2,pcm_latency,l1_miss_latency,CORE4,15,27.57,ns
correlation-redis-set-cores2,pcm_latency,l1_miss_latency,CORE4,16,27.54,ns
correlation-redis-set-cores2,pcm_latency,l1_miss_latency,CORE4,17,27.57,ns
correlation-redis-set-cores2,pcm_latency,l1_miss_latency,CORE4,18,27.48,ns
correlation-redis-set-cores2,pcm_latency,l1_miss_latency,CORE4,19,27.46,ns
correlation-redis-set-cores2,pcm_latency,l1_miss_latency,CORE4,20,27.55,ns
correlation-redis-set-cores2,pcm_latency,l1_miss_latency,CORE4,21,27.44,ns
correlation-redis-set-cores2,pcm_latency,l1_miss_latency,CORE4,22,27.62,ns
correlation-redis-set-cores2,pcm_latency,l1_miss_latency,CORE4,23,27.51,ns
correlation-redis-set-cores2,pcm_latency,l1_miss_latency,CORE4,24,27.63,ns
correlation-redis-set-cores2,pcm_latency,l1_miss_latency,CORE4,25,27.41,ns
correlation-redis-set-cores2,pcm_latency,l1_miss_latency,CORE4,26,27.55,ns
correlation-redis-set-cores2,pcm_latency,l1_miss_latency,CORE4,27,27.51,ns
correlation-redis-set-cores2,pcm_latency,l1_miss_latency,CORE4,28,27.56,ns
correlation-redis-set-cores2,pcm_latency,l1_miss_latency,CORE4,29,27.6,ns
correlation-redis-set-cores2,pcm_latency,l1_miss_latency,CORE4,30,27.61,ns
correlation-redis-set-cores2,pcm_latency,l1_miss_latency,CORE4,31,27.64,ns
correlation-redis-set-cores2,pcm_latency,l1_miss_latency,CORE4,32,27.58,ns
correlation-redis-set-cores2,pcm_latency,l1_miss_latency,CORE4,33,27.55,ns
correlation-redis-set-cores2,pcm_latency,l1_miss_latency,CORE4,34,27.61,ns
correlation-redis-set-cores2,pcm_latency,l1_miss_latency,CORE4,35,27.48,ns
correlation-redis-set-cores2,pcm_latency,l1_miss_latency,CORE4,36,27.46,ns
correlation-redis-set-cores2,pcm_latency,l1_miss_latency,CORE4,37,27.59,ns
correlation-redis-set-cores2,pcm_latency,l1_miss_latency,CORE4,38,27.58,ns
correlation-redis-set-cores2,pcm_latency,l1_miss_latency,CORE4,39,27.72,ns
correlation-redis-set-cores2,pcm_latency,l1_miss_latency,CORE4,40,27.48,ns
correlation-redis-set-cores2,pcm_latency,l1_miss_latency,CORE4,41,27.53,ns
correlation-redis-set-cores2,pcm_latency,l1_miss_latency,CORE4,42,27.49,ns
correlation-redis-set-cores2,pcm_latency,l1_miss_latency,CORE4,43,27.4,ns
correlation-redis-set-cores2,pcm_latency,l1_miss_latency,CORE4,44,27.35,ns
correlation-redis-set-cores2,pcm_latency,l1_miss_latency,CORE4,45,27.39,ns
correlation-redis-set-cores2,pcm_latency,l1_miss_latency,CORE4,46,27.39,ns
correlation-redis-set-cores2,pcm_latency,l1_miss_latency,CORE4,47,27.61,ns
correlation-redis-set-cores2,pcm_latency,l1_miss_latency,CORE4,48,27.59,ns
correlation-redis-set-cores2,pcm_latency,l1_miss_latency,CORE4,49,27.77,ns
correlation-redis-set-cores2,pcm_latency,l1_miss_latency,CORE4,50,27.87,ns
correlation-redis-set-cores2,pcm_latency,l1_miss_latency,CORE4,51,27.58,ns
correlation-redis-set-cores2,pcm_latency,l1_miss_latency,CORE4,52,27.59,ns
correlation-redis-set-cores2,pcm_latency,l1_miss_latency,CORE4,53,27.44,ns
correlation-redis-set-cores2,pcm_latency,l1_miss_latency,CORE4,54,27.5,ns
correlation-redis-set-cores2,pcm_latency,l1_miss_latency,CORE4,55,27.53,ns
correlation-redis-set-cores2,pcm_latency,l1_miss_latency,CORE4,56,27.55,ns
correlation-redis-set-cores2,pcm_latency,l1_miss_latency,CORE4,57,27.5,ns
correlation-redis-set-cores2,pcm_latency,l1_miss_latency,CORE4,58,27.49,ns
correlation-redis-set-cores2,pcm_latency,l1_miss_latency,CORE4,59,27.55,ns
correlation-redis-set-cores2,pcm_latency,l1_miss_latency,CORE5,0,12.25,ns
correlation-redis-set-cores2,pcm_latency,l1_miss_latency,CORE5,1,12.32,ns
correlation-redis-set-cores2,pcm_latency,l1_miss_latency,CORE5,2,12.3,ns
correlation-redis-set-cores2,pcm_latency,l1_miss_latency,CORE5,3,12.3,ns
correlation-redis-set-cores2,pcm_latency,l1_miss_latency,CORE5,4,12.27,ns
correlation-redis-set-cores2,pcm_latency,l1_miss_latency,CORE5,5,12.31,ns
correlation-redis-set-cores2,pcm_latency,l1_miss_latency,CORE5,6,12.31,ns
correlation-redis-set-cores2,pcm_latency,l1_miss_latency,CORE5,7,12.28,ns
correlation-redis-set-cores2,pcm_latency,l1_miss_latency,CORE5,8,12.28,ns
correlation-redis-set-cores2,pcm_latency,l1_miss_latency,CORE5,9,12.24,ns
correlation-redis-set-cores2,pcm_latency,l1_miss_latency,CORE5,10,12.3,ns
correlation-redis-set-cores2,pcm_latency,l1_miss_latency,CORE5,11,12.31,ns
correlation-redis-set-cores2,pcm_latency,l1_miss_latency,CORE5,12,12.3,ns
correlation-redis-set-cores2,pcm_latency,l1_miss_latency,CORE5,13,12.32,ns
correlation-redis-set-cores2,pcm_latency,l1_miss_latency,CORE5,14,12.29,ns
correlation-redis-set-cores2,pcm_latency,l1_miss_latency,CORE5,15,12.29,ns
correlation-redis-set-cores2,pcm_latency,l1_miss_latency,CORE5,16,12.32,ns
correlation-redis-set-cores2,pcm_latency,l1_miss_latency,CORE5,17,12.27,ns
correlation-redis-set-cores2,pcm_latency,l1_miss_latency,CORE5,18,12.3,ns
correlation-redis-set-cores2,pcm_latency,l1_miss_latency,CORE5,19,12.31,ns
correlation-redis-set-cores2,pcm_latency,l1_miss_latency,CORE5,20,12.27,ns
correlation-redis-set-cores2,pcm_latency,l1_miss_latency,CORE5,21,12.31,ns
correlation-redis-set-cores2,pcm_latency,l1_miss_latency,CORE5,22,12.32,ns
correlation-redis-set-cores2,pcm_latency,l1_miss_latency,CORE5,23,12.26,ns
correlation-redis-set-cores2,pcm_latency,l1_miss_latency,CORE5,24,12.29,ns
correlation-redis-set-cores2,pcm_latency,l1_miss_latency,CORE5,25,12.28,ns
correlation-redis-set-cores2,pcm_latency,l1_miss_latency,CORE5,26,12.32,ns
correlation-redis-set-cores2,pcm_latency,l1_miss_latency,CORE5,27,12.29,ns
correlation-redis-set-cores2,pcm_latency,l1_miss_latency,CORE5,28,12.3,ns
correlation-redis-set-cores2,pcm_latency,l1_miss_latency,CORE5,29,12.29,ns
correlation-redis-set-cores2,pcm_latency,l1_miss_latency,CORE5,30,12.3,ns
correlation-redis-set-cores2,pcm_latency,l1_miss_latency,CORE5,31,12.31,ns
correlation-redis-set-cores2,pcm_latency,l1_miss_latency,CORE5,32,12.3,ns
correlation-redis-set-cores2,pcm_latency,l1_miss_latency,CORE5,33,12.33,ns
correlation-redis-set-cores2,pcm_latency,l1_miss_latency,CORE5,34,12.33,ns
correlation-redis-set-cores2,pcm_latency,l1_miss_latency,CORE5,35,12.31,ns
correlation-redis-set-cores2,pcm_latency,l1_miss_latency,CORE5,36,12.34,ns
correlation-redis-set-cores2,pcm_latency,l1_miss_latency,CORE5,37,12.32,ns
correlation-redis-set-cores2,pcm_latency,l1_miss_latency,CORE5,38,12.3,ns
correlation-redis-set-cores2,pcm_latency,l1_miss_latency,CORE5,39,12.25,ns
correlation-redis-set-cores2,pcm_latency,l1_miss_latency,CORE5,40,12.32,ns
correlation-redis-set-cores2,pcm_latency,l1_miss_latency,CORE5,41,12.34,ns
correlation-redis-set-cores2,pcm_latency,l1_miss_latency,CORE5,42,12.32,ns
correlation-redis-set-cores2,pcm_latency,l1_miss_latency,CORE5,43,12.31,ns
correlation-redis-set-cores2,pcm_latency,l1_miss_latency,CORE5,44,12.32,ns
correlation-redis-set-cores2,pcm_latency,l1_miss_latency,CORE5,45,12.31,ns
correlation-redis-set-cores2,pcm_latency,l1_miss_latency,CORE5,46,12.28,ns
correlation-redis-set-cores2,pcm_latency,l1_miss_latency,CORE5,47,12.3,ns
correlation-redis-set-cores2,pcm_latency,l1_miss_latency,CORE5,48,12.3,ns
correlation-redis-set-cores2,pcm_latency,l1_miss_latency,CORE5,49,12.26,ns
correlation-redis-set-cores2,pcm_latency,l1_miss_latency,CORE5,50,12.25,ns
correlation-redis-set-cores2,pcm_latency,l1_miss_latency,CORE5,51,12.34,ns
correlation-redis-set-cores2,pcm_latency,l1_miss_latency,CORE5,52,12.33,ns
correlation-redis-set-cores2,pcm_latency,l1_miss_latency,CORE5,53,12.29,ns
correlation-redis-set-cores2,pcm_latency,l1_miss_latency,CORE5,54,12.28,ns
correlation-redis-set-cores2,pcm_latency,l1_miss_latency,CORE5,55,12.29,ns
correlation-redis-set-cores2,pcm_latency,l1_miss_latency,CORE5,56,12.31,ns
correlation-redis-set-cores2,pcm_latency,l1_miss_latency,CORE5,57,12.29,ns
correlation-redis-set-cores2,pcm_latency,l1_miss_latency,CORE5,58,12.33,ns
correlation-redis-set-cores2,pcm_latency,l1_miss_latency,CORE5,59,12.26,ns
correlation-redis-set-cores2,pcm_latency,l1_miss_latency,CORE6,0,39.36,ns
correlation-redis-set-cores2,pcm_latency,l1_miss_latency,CORE6,1,27.46,ns
correlation-redis-set-cores2,pcm_latency,l1_miss_latency,CORE6,2,40.53,ns
correlation-redis-set-cores2,pcm_latency,l1_miss_latency,CORE6,3,34.28,ns
correlation-redis-set-cores2,pcm_latency,l1_miss_latency,CORE6,4,37.55,ns
correlation-redis-set-cores2,pcm_latency,l1_miss_latency,CORE6,5,38.76,ns
correlation-redis-set-cores2,pcm_latency,l1_miss_latency,CORE6,6,38.92,ns
correlation-redis-set-cores2,pcm_latency,l1_miss_latency,CORE6,7,35.58,ns
correlation-redis-set-cores2,pcm_latency,l1_miss_latency,CORE6,8,34.86,ns
correlation-redis-set-cores2,pcm_latency,l1_miss_latency,CORE6,9,34.85,ns
correlation-redis-set-cores2,pcm_latency,l1_miss_latency,CORE6,10,37.79,ns
correlation-redis-set-cores2,pcm_latency,l1_miss_latency,CORE6,11,34.38,ns
correlation-redis-set-cores2,pcm_latency,l1_miss_latency,CORE6,12,35.62,ns
correlation-redis-set-cores2,pcm_latency,l1_miss_latency,CORE6,13,36.76,ns
correlation-redis-set-cores2,pcm_latency,l1_miss_latency,CORE6,14,42.55,ns
correlation-redis-set-cores2,pcm_latency,l1_miss_latency,CORE6,15,36.22,ns
correlation-redis-set-cores2,pcm_latency,l1_miss_latency,CORE6,16,40.85,ns
correlation-redis-set-cores2,pcm_latency,l1_miss_latency,CORE6,17,36.99,ns
correlation-redis-set-cores2,pcm_latency,l1_miss_latency,CORE6,18,37.69,ns
correlation-redis-set-cores2,pcm_latency,l1_miss_latency,CORE6,19,38.0,ns
correlation-redis-set-cores2,pcm_latency,l1_miss_latency,CORE6,20,35.09,ns
correlation-redis-set-cores2,pcm_latency,l1_miss_latency,CORE6,21,40.53,ns
correlation-redis-set-cores2,pcm_latency,l1_miss_latency,CORE6,22,39.27,ns
correlation-redis-set-cores2,pcm_latency,l1_miss_latency,CORE6,23,33.76,ns
correlation-redis-set-cores2,pcm_latency,l1_miss_latency,CORE6,24,35.64,ns
correlation-redis-set-cores2,pcm_latency,l1_miss_latency,CORE6,25,37.73,ns
correlation-redis-set-cores2,pcm_latency,l1_miss_latency,CORE6,26,33.95,ns
correlation-redis-set-cores2,pcm_latency,l1_miss_latency,CORE6,27,46.75,ns
correlation-redis-set-cores2,pcm_latency,l1_miss_latency,CORE6,28,36.06,ns
correlation-redis-set-cores2,pcm_latency,l1_miss_latency,CORE6,29,37.59,ns
correlation-redis-set-cores2,pcm_latency,l1_miss_latency,CORE6,30,35.7,ns
correlation-redis-set-cores2,pcm_latency,l1_miss_latency,CORE6,31,35.11,ns
correlation-redis-set-cores2,pcm_latency,l1_miss_latency,CORE6,32,34.19,ns
correlation-redis-set-cores2,pcm_latency,l1_miss_latency,CORE6,33,36.51,ns
correlation-redis-set-cores2,pcm_latency,l1_miss_latency,CORE6,34,40.44,ns
correlation-redis-set-cores2,pcm_latency,l1_miss_latency,CORE6,35,39.08,ns
correlation-redis-set-cores2,pcm_latency,l1_miss_latency,CORE6,36,35.75,ns
correlation-redis-set-cores2,pcm_latency,l1_miss_latency,CORE6,37,35.76,ns
correlation-redis-set-cores2,pcm_latency,l1_miss_latency,CORE6,38,40.19,ns
correlation-redis-set-cores2,pcm_latency,l1_miss_latency,CORE6,39,37.07,ns
correlation-redis-set-cores2,pcm_latency,l1_miss_latency,CORE6,40,37.34,ns
correlation-redis-set-cores2,pcm_latency,l1_miss_latency,CORE6,41,37.13,ns
correlation-redis-set-cores2,pcm_latency,l1_miss_latency,CORE6,42,36.28,ns
correlation-redis-set-cores2,pcm_latency,l1_miss_latency,CORE6,43,35.82,ns
correlation-redis-set-cores2,pcm_latency,l1_miss_latency,CORE6,44,39.54,ns
correlation-redis-set-cores2,pcm_latency,l1_miss_latency,CORE6,45,38.55,ns
correlation-redis-set-cores2,pcm_latency,l1_miss_latency,CORE6,46,33.67,ns
correlation-redis-set-cores2,pcm_latency,l1_miss_latency,CORE6,47,40.28,ns
correlation-redis-set-cores2,pcm_latency,l1_miss_latency,CORE6,48,37.39,ns
correlation-redis-set-cores2,pcm_latency,l1_miss_latency,CORE6,49,39.13,ns
correlation-redis-set-cores2,pcm_latency,l1_miss_latency,CORE6,50,36.57,ns
correlation-redis-set-cores2,pcm_latency,l1_miss_latency,CORE6,51,35.66,ns
correlation-redis-set-cores2,pcm_latency,l1_miss_latency,CORE6,52,35.01,ns
correlation-redis-set-cores2,pcm_latency,l1_miss_latency,CORE6,53,33.96,ns
correlation-redis-set-cores2,pcm_latency,l1_miss_latency,CORE6,54,39.72,ns
correlation-redis-set-cores2,pcm_latency,l1_miss_latency,CORE6,55,47.85,ns
correlation-redis-set-cores2,pcm_latency,l1_miss_latency,CORE6,56,36.11,ns
correlation-redis-set-cores2,pcm_latency,l1_miss_latency,CORE6,57,43.6,ns
correlation-redis-set-cores2,pcm_latency,l1_miss_latency,CORE6,58,35.2,ns
correlation-redis-set-cores2,pcm_latency,l1_miss_latency,CORE6,59,40.67,ns
correlation-redis-set-cores2,pcm_latency,l1_miss_latency,CORE7,0,29.18,ns
correlation-redis-set-cores2,pcm_latency,l1_miss_latency,CORE7,1,35.07,ns
correlation-redis-set-cores2,pcm_latency,l1_miss_latency,CORE7,2,34.41,ns
correlation-redis-set-cores2,pcm_latency,l1_miss_latency,CORE7,3,34.1,ns
correlation-redis-set-cores2,pcm_latency,l1_miss_latency,CORE7,4,33.65,ns
correlation-redis-set-cores2,pcm_latency,l1_miss_latency,CORE7,5,39.54,ns
correlation-redis-set-cores2,pcm_latency,l1_miss_latency,CORE7,6,34.01,ns
correlation-redis-set-cores2,pcm_latency,l1_miss_latency,CORE7,7,33.88,ns
correlation-redis-set-cores2,pcm_latency,l1_miss_latency,CORE7,8,30.98,ns
correlation-redis-set-cores2,pcm_latency,l1_miss_latency,CORE7,9,33.24,ns
correlation-redis-set-cores2,pcm_latency,l1_miss_latency,CORE7,10,34.66,ns
correlation-redis-set-cores2,pcm_latency,l1_miss_latency,CORE7,11,35.02,ns
correlation-redis-set-cores2,pcm_latency,l1_miss_latency,CORE7,12,37.17,ns
correlation-redis-set-cores2,pcm_latency,l1_miss_latency,CORE7,13,34.05,ns
correlation-redis-set-cores2,pcm_latency,l1_miss_latency,CORE7,14,33.75,ns
correlation-redis-set-cores2,pcm_latency,l1_miss_latency,CORE7,15,36.6,ns
correlation-redis-set-cores2,pcm_latency,l1_miss_latency,CORE7,16,34.28,ns
correlation-redis-set-cores2,pcm_latency,l1_miss_latency,CORE7,17,34.8,ns
correlation-redis-set-cores2,pcm_latency,l1_miss_latency,CORE7,18,36.79,ns
correlation-redis-set-cores2,pcm_latency,l1_miss_latency,CORE7,19,34.82,ns
correlation-redis-set-cores2,pcm_latency,l1_miss_latency,CORE7,20,36.77,ns
correlation-redis-set-cores2,pcm_latency,l1_miss_latency,CORE7,21,33.59,ns
correlation-redis-set-cores2,pcm_latency,l1_miss_latency,CORE7,22,36.11,ns
correlation-redis-set-cores2,pcm_latency,l1_miss_latency,CORE7,23,33.63,ns
correlation-redis-set-cores2,pcm_latency,l1_miss_latency,CORE7,24,34.1,ns
correlation-redis-set-cores2,pcm_latency,l1_miss_latency,CORE7,25,33.81,ns
correlation-redis-set-cores2,pcm_latency,l1_miss_latency,CORE7,26,34.35,ns
correlation-redis-set-cores2,pcm_latency,l1_miss_latency,CORE7,27,36.02,ns
correlation-redis-set-cores2,pcm_latency,l1_miss_latency,CORE7,28,34.01,ns
correlation-redis-set-cores2,pcm_latency,l1_miss_latency,CORE7,29,34.41,ns
correlation-redis-set-cores2,pcm_latency,l1_miss_latency,CORE7,30,34.15,ns
correlation-redis-set-cores2,pcm_latency,l1_miss_latency,CORE7,31,33.95,ns
correlation-redis-set-cores2,pcm_latency,l1_miss_latency,CORE7,32,34.6,ns
correlation-redis-set-cores2,pcm_latency,l1_miss_latency,CORE7,33,33.45,ns
correlation-redis-set-cores2,pcm_latency,l1_miss_latency,CORE7,34,35.98,ns
correlation-redis-set-cores2,pcm_latency,l1_miss_latency,CORE7,35,35.67,ns
correlation-redis-set-cores2,pcm_latency,l1_miss_latency,CORE7,36,33.98,ns
correlation-redis-set-cores2,pcm_latency,l1_miss_latency,CORE7,37,35.71,ns
correlation-redis-set-cores2,pcm_latency,l1_miss_latency,CORE7,38,36.41,ns
correlation-redis-set-cores2,pcm_latency,l1_miss_latency,CORE7,39,33.49,ns
correlation-redis-set-cores2,pcm_latency,l1_miss_latency,CORE7,40,30.9,ns
correlation-redis-set-cores2,pcm_latency,l1_miss_latency,CORE7,41,30.85,ns
correlation-redis-set-cores2,pcm_latency,l1_miss_latency,CORE7,42,33.75,ns
correlation-redis-set-cores2,pcm_latency,l1_miss_latency,CORE7,43,32.8,ns
correlation-redis-set-cores2,pcm_latency,l1_miss_latency,CORE7,44,28.98,ns
correlation-redis-set-cores2,pcm_latency,l1_miss_latency,CORE7,45,31.84,ns
correlation-redis-set-cores2,pcm_latency,l1_miss_latency,CORE7,46,33.24,ns
correlation-redis-set-cores2,pcm_latency,l1_miss_latency,CORE7,47,35.55,ns
correlation-redis-set-cores2,pcm_latency,l1_miss_latency,CORE7,48,33.0,ns
correlation-redis-set-cores2,pcm_latency,l1_miss_latency,CORE7,49,44.49,ns
correlation-redis-set-cores2,pcm_latency,l1_miss_latency,CORE7,50,35.9,ns
correlation-redis-set-cores2,pcm_latency,l1_miss_latency,CORE7,51,39.55,ns
correlation-redis-set-cores2,pcm_latency,l1_miss_latency,CORE7,52,39.25,ns
correlation-redis-set-cores2,pcm_latency,l1_miss_latency,CORE7,53,33.9,ns
correlation-redis-set-cores2,pcm_latency,l1_miss_latency,CORE7,54,37.51,ns
correlation-redis-set-cores2,pcm_latency,l1_miss_latency,CORE7,55,37.98,ns
correlation-redis-set-cores2,pcm_latency,l1_miss_latency,CORE7,56,35.91,ns
correlation-redis-set-cores2,pcm_latency,l1_miss_latency,CORE7,57,35.43,ns
correlation-redis-set-cores2,pcm_latency,l1_miss_latency,CORE7,58,34.39,ns
correlation-redis-set-cores2,pcm_latency,l1_miss_latency,CORE7,59,45.81,ns
correlation-redis-set-cores2,pcm_latency,l1_miss_latency,CORE8,0,30.07,ns
correlation-redis-set-cores2,pcm_latency,l1_miss_latency,CORE8,1,36.01,ns
correlation-redis-set-cores2,pcm_latency,l1_miss_latency,CORE8,2,34.4,ns
correlation-redis-set-cores2,pcm_latency,l1_miss_latency,CORE8,3,33.18,ns
correlation-redis-set-cores2,pcm_latency,l1_miss_latency,CORE8,4,33.85,ns
correlation-redis-set-cores2,pcm_latency,l1_miss_latency,CORE8,5,35.6,ns
correlation-redis-set-cores2,pcm_latency,l1_miss_latency,CORE8,6,33.52,ns
correlation-redis-set-cores2,pcm_latency,l1_miss_latency,CORE8,7,33.63,ns
correlation-redis-set-cores2,pcm_latency,l1_miss_latency,CORE8,8,37.72,ns
correlation-redis-set-cores2,pcm_latency,l1_miss_latency,CORE8,9,32.61,ns
correlation-redis-set-cores2,pcm_latency,l1_miss_latency,CORE8,10,32.07,ns
correlation-redis-set-cores2,pcm_latency,l1_miss_latency,CORE8,11,34.74,ns
correlation-redis-set-cores2,pcm_latency,l1_miss_latency,CORE8,12,41.44,ns
correlation-redis-set-cores2,pcm_latency,l1_miss_latency,CORE8,13,37.2,ns
correlation-redis-set-cores2,pcm_latency,l1_miss_latency,CORE8,14,31.23,ns
correlation-redis-set-cores2,pcm_latency,l1_miss_latency,CORE8,15,34.12,ns
correlation-redis-set-cores2,pcm_latency,l1_miss_latency,CORE8,16,35.32,ns
correlation-redis-set-cores2,pcm_latency,l1_miss_latency,CORE8,17,34.95,ns
correlation-redis-set-cores2,pcm_latency,l1_miss_latency,CORE8,18,41.46,ns
correlation-redis-set-cores2,pcm_latency,l1_miss_latency,CORE8,19,36.07,ns
correlation-redis-set-cores2,pcm_latency,l1_miss_latency,CORE8,20,37.11,ns
correlation-redis-set-cores2,pcm_latency,l1_miss_latency,CORE8,21,32.6,ns
correlation-redis-set-cores2,pcm_latency,l1_miss_latency,CORE8,22,35.6,ns
correlation-redis-set-cores2,pcm_latency,l1_miss_latency,CORE8,23,37.41,ns
correlation-redis-set-cores2,pcm_latency,l1_miss_latency,CORE8,24,39.9,ns
correlation-redis-set-cores2,pcm_latency,l1_miss_latency,CORE8,25,33.9,ns
correlation-redis-set-cores2,pcm_latency,l1_miss_latency,CORE8,26,33.5,ns
correlation-redis-set-cores2,pcm_latency,l1_miss_latency,CORE8,27,36.64,ns
correlation-redis-set-cores2,pcm_latency,l1_miss_latency,CORE8,28,33.15,ns
correlation-redis-set-cores2,pcm_latency,l1_miss_latency,CORE8,29,36.17,ns
correlation-redis-set-cores2,pcm_latency,l1_miss_latency,CORE8,30,34.49,ns
correlation-redis-set-cores2,pcm_latency,l1_miss_latency,CORE8,31,34.69,ns
correlation-redis-set-cores2,pcm_latency,l1_miss_latency,CORE8,32,33.81,ns
correlation-redis-set-cores2,pcm_latency,l1_miss_latency,CORE8,33,43.44,ns
correlation-redis-set-cores2,pcm_latency,l1_miss_latency,CORE8,34,37.71,ns
correlation-redis-set-cores2,pcm_latency,l1_miss_latency,CORE8,35,31.68,ns
correlation-redis-set-cores2,pcm_latency,l1_miss_latency,CORE8,36,33.88,ns
correlation-redis-set-cores2,pcm_latency,l1_miss_latency,CORE8,37,39.02,ns
correlation-redis-set-cores2,pcm_latency,l1_miss_latency,CORE8,38,33.0,ns
correlation-redis-set-cores2,pcm_latency,l1_miss_latency,CORE8,39,36.54,ns
correlation-redis-set-cores2,pcm_latency,l1_miss_latency,CORE8,40,34.7,ns
correlation-redis-set-cores2,pcm_latency,l1_miss_latency,CORE8,41,33.26,ns
correlation-redis-set-cores2,pcm_latency,l1_miss_latency,CORE8,42,34.64,ns
correlation-redis-set-cores2,pcm_latency,l1_miss_latency,CORE8,43,34.05,ns
correlation-redis-set-cores2,pcm_latency,l1_miss_latency,CORE8,44,33.14,ns
correlation-redis-set-cores2,pcm_latency,l1_miss_latency,CORE8,45,34.6,ns
correlation-redis-set-cores2,pcm_latency,l1_miss_latency,CORE8,46,34.38,ns
correlation-redis-set-cores2,pcm_latency,l1_miss_latency,CORE8,47,35.58,ns
correlation-redis-set-cores2,pcm_latency,l1_miss_latency,CORE8,48,33.91,ns
correlation-redis-set-cores2,pcm_latency,l1_miss_latency,CORE8,49,33.8,ns
correlation-redis-set-cores2,pcm_latency,l1_miss_latency,CORE8,50,36.46,ns
correlation-redis-set-cores2,pcm_latency,l1_miss_latency,CORE8,51,36.99,ns
correlation-redis-set-cores2,pcm_latency,l1_miss_latency,CORE8,52,35.25,ns
correlation-redis-set-cores2,pcm_latency,l1_miss_latency,CORE8,53,42.99,ns
correlation-redis-set-cores2,pcm_latency,l1_miss_latency,CORE8,54,34.63,ns
correlation-redis-set-cores2,pcm_latency,l1_miss_latency,CORE8,55,37.54,ns
correlation-redis-set-cores2,pcm_latency,l1_miss_latency,CORE8,56,34.37,ns
correlation-redis-set-cores2,pcm_latency,l1_miss_latency,CORE8,57,32.07,ns
correlation-redis-set-cores2,pcm_latency,l1_miss_latency,CORE8,58,32.95,ns
correlation-redis-set-cores2,pcm_latency,l1_miss_latency,CORE8,59,36.75,ns
correlation-redis-set-cores2,pcm_latency,l1_miss_latency,CORE9,0,30.85,ns
correlation-redis-set-cores2,pcm_latency,l1_miss_latency,CORE9,1,35.91,ns
correlation-redis-set-cores2,pcm_latency,l1_miss_latency,CORE9,2,42.75,ns
correlation-redis-set-cores2,pcm_latency,l1_miss_latency,CORE9,3,43.56,ns
correlation-redis-set-cores2,pcm_latency,l1_miss_latency,CORE9,4,38.36,ns
correlation-redis-set-cores2,pcm_latency,l1_miss_latency,CORE9,5,39.48,ns
correlation-redis-set-cores2,pcm_latency,l1_miss_latency,CORE9,6,35.49,ns
correlation-redis-set-cores2,pcm_latency,l1_miss_latency,CORE9,7,35.78,ns
correlation-redis-set-cores2,pcm_latency,l1_miss_latency,CORE9,8,36.57,ns
correlation-redis-set-cores2,pcm_latency,l1_miss_latency,CORE9,9,35.85,ns
correlation-redis-set-cores2,pcm_latency,l1_miss_latency,CORE9,10,37.22,ns
correlation-redis-set-cores2,pcm_latency,l1_miss_latency,CORE9,11,36.1,ns
correlation-redis-set-cores2,pcm_latency,l1_miss_latency,CORE9,12,39.71,ns
correlation-redis-set-cores2,pcm_latency,l1_miss_latency,CORE9,13,36.95,ns
correlation-redis-set-cores2,pcm_latency,l1_miss_latency,CORE9,14,36.48,ns
correlation-redis-set-cores2,pcm_latency,l1_miss_latency,CORE9,15,36.95,ns
correlation-redis-set-cores2,pcm_latency,l1_miss_latency,CORE9,16,38.28,ns
correlation-redis-set-cores2,pcm_latency,l1_miss_latency,CORE9,17,38.93,ns
correlation-redis-set-cores2,pcm_latency,l1_miss_latency,CORE9,18,38.65,ns
correlation-redis-set-cores2,pcm_latency,l1_miss_latency,CORE9,19,39.36,ns
correlation-redis-set-cores2,pcm_latency,l1_miss_latency,CORE9,20,40.64,ns
correlation-redis-set-cores2,pcm_latency,l1_miss_latency,CORE9,21,34.39,ns
correlation-redis-set-cores2,pcm_latency,l1_miss_latency,CORE9,22,37.0,ns
correlation-redis-set-cores2,pcm_latency,l1_miss_latency,CORE9,23,38.24,ns
correlation-redis-set-cores2,pcm_latency,l1_miss_latency,CORE9,24,42.1,ns
correlation-redis-set-cores2,pcm_latency,l1_miss_latency,CORE9,25,37.38,ns
correlation-redis-set-cores2,pcm_latency,l1_miss_latency,CORE9,26,35.98,ns
correlation-redis-set-cores2,pcm_latency,l1_miss_latency,CORE9,27,39.28,ns
correlation-redis-set-cores2,pcm_latency,l1_miss_latency,CORE9,28,36.41,ns
correlation-redis-set-cores2,pcm_latency,l1_miss_latency,CORE9,29,38.34,ns
correlation-redis-set-cores2,pcm_latency,l1_miss_latency,CORE9,30,36.63,ns
correlation-redis-set-cores2,pcm_latency,l1_miss_latency,CORE9,31,37.11,ns
correlation-redis-set-cores2,pcm_latency,l1_miss_latency,CORE9,32,40.24,ns
correlation-redis-set-cores2,pcm_latency,l1_miss_latency,CORE9,33,32.36,ns
correlation-redis-set-cores2,pcm_latency,l1_miss_latency,CORE9,34,38.03,ns
correlation-redis-set-cores2,pcm_latency,l1_miss_latency,CORE9,35,36.34,ns
correlation-redis-set-cores2,pcm_latency,l1_miss_latency,CORE9,36,37.39,ns
correlation-redis-set-cores2,pcm_latency,l1_miss_latency,CORE9,37,45.76,ns
correlation-redis-set-cores2,pcm_latency,l1_miss_latency,CORE9,38,43.93,ns
correlation-redis-set-cores2,pcm_latency,l1_miss_latency,CORE9,39,26.03,ns
correlation-redis-set-cores2,pcm_latency,l1_miss_latency,CORE9,40,43.12,ns
correlation-redis-set-cores2,pcm_latency,l1_miss_latency,CORE9,41,42.7,ns
correlation-redis-set-cores2,pcm_latency,l1_miss_latency,CORE9,42,35.61,ns
correlation-redis-set-cores2,pcm_latency,l1_miss_latency,CORE9,43,41.24,ns
correlation-redis-set-cores2,pcm_latency,l1_miss_latency,CORE9,44,34.22,ns
correlation-redis-set-cores2,pcm_latency,l1_miss_latency,CORE9,45,34.07,ns
correlation-redis-set-cores2,pcm_latency,l1_miss_latency,CORE9,46,35.53,ns
correlation-redis-set-cores2,pcm_latency,l1_miss_latency,CORE9,47,40.74,ns
correlation-redis-set-cores2,pcm_latency,l1_miss_latency,CORE9,48,41.43,ns
correlation-redis-set-cores2,pcm_latency,l1_miss_latency,CORE9,49,43.66,ns
correlation-redis-set-cores2,pcm_latency,l1_miss_latency,CORE9,50,39.23,ns
correlation-redis-set-cores2,pcm_latency,l1_miss_latency,CORE9,51,40.33,ns
correlation-redis-set-cores2,pcm_latency,l1_miss_latency,CORE9,52,37.73,ns
correlation-redis-set-cores2,pcm_latency,l1_miss_latency,CORE9,53,39.84,ns
correlation-redis-set-cores2,pcm_latency,l1_miss_latency,CORE9,54,40.02,ns
correlation-redis-set-cores2,pcm_latency,l1_miss_latency,CORE9,55,41.04,ns
correlation-redis-set-cores2,pcm_latency,l1_miss_latency,CORE9,56,37.62,ns
correlation-redis-set-cores2,pcm_latency,l1_miss_latency,CORE9,57,37.76,ns
correlation-redis-set-cores2,pcm_latency,l1_miss_latency,CORE9,58,38.89,ns
correlation-redis-set-cores2,pcm_latency,l1_miss_latency,CORE9,59,43.64,ns
correlation-redis-set-cores2,pcm_latency,l1_miss_latency,CORE10,0,31.64,ns
correlation-redis-set-cores2,pcm_latency,l1_miss_latency,CORE10,1,31.06,ns
correlation-redis-set-cores2,pcm_latency,l1_miss_latency,CORE10,2,19.16,ns
correlation-redis-set-cores2,pcm_latency,l1_miss_latency,CORE10,3,27.78,ns
correlation-redis-set-cores2,pcm_latency,l1_miss_latency,CORE10,4,23.42,ns
correlation-redis-set-cores2,pcm_latency,l1_miss_latency,CORE10,5,39.59,ns
correlation-redis-set-cores2,pcm_latency,l1_miss_latency,CORE10,6,38.34,ns
correlation-redis-set-cores2,pcm_latency,l1_miss_latency,CORE10,7,35.66,ns
correlation-redis-set-cores2,pcm_latency,l1_miss_latency,CORE10,8,36.74,ns
correlation-redis-set-cores2,pcm_latency,l1_miss_latency,CORE10,9,35.33,ns
correlation-redis-set-cores2,pcm_latency,l1_miss_latency,CORE10,10,35.89,ns
correlation-redis-set-cores2,pcm_latency,l1_miss_latency,CORE10,11,36.49,ns
correlation-redis-set-cores2,pcm_latency,l1_miss_latency,CORE10,12,38.69,ns
correlation-redis-set-cores2,pcm_latency,l1_miss_latency,CORE10,13,36.05,ns
correlation-redis-set-cores2,pcm_latency,l1_miss_latency,CORE10,14,38.37,ns
correlation-redis-set-cores2,pcm_latency,l1_miss_latency,CORE10,15,39.89,ns
correlation-redis-set-cores2,pcm_latency,l1_miss_latency,CORE10,16,40.75,ns
correlation-redis-set-cores2,pcm_latency,l1_miss_latency,CORE10,17,39.12,ns
correlation-redis-set-cores2,pcm_latency,l1_miss_latency,CORE10,18,37.44,ns
correlation-redis-set-cores2,pcm_latency,l1_miss_latency,CORE10,19,37.21,ns
correlation-redis-set-cores2,pcm_latency,l1_miss_latency,CORE10,20,41.5,ns
correlation-redis-set-cores2,pcm_latency,l1_miss_latency,CORE10,21,38.29,ns
correlation-redis-set-cores2,pcm_latency,l1_miss_latency,CORE10,22,40.46,ns
correlation-redis-set-cores2,pcm_latency,l1_miss_latency,CORE10,23,39.61,ns
correlation-redis-set-cores2,pcm_latency,l1_miss_latency,CORE10,24,40.03,ns
correlation-redis-set-cores2,pcm_latency,l1_miss_latency,CORE10,25,42.13,ns
correlation-redis-set-cores2,pcm_latency,l1_miss_latency,CORE10,26,40.34,ns
correlation-redis-set-cores2,pcm_latency,l1_miss_latency,CORE10,27,41.29,ns
correlation-redis-set-cores2,pcm_latency,l1_miss_latency,CORE10,28,40.94,ns
correlation-redis-set-cores2,pcm_latency,l1_miss_latency,CORE10,29,40.47,ns
correlation-redis-set-cores2,pcm_latency,l1_miss_latency,CORE10,30,40.78,ns
correlation-redis-set-cores2,pcm_latency,l1_miss_latency,CORE10,31,40.13,ns
correlation-redis-set-cores2,pcm_latency,l1_miss_latency,CORE10,32,42.75,ns
correlation-redis-set-cores2,pcm_latency,l1_miss_latency,CORE10,33,38.48,ns
correlation-redis-set-cores2,pcm_latency,l1_miss_latency,CORE10,34,43.24,ns
correlation-redis-set-cores2,pcm_latency,l1_miss_latency,CORE10,35,42.6,ns
correlation-redis-set-cores2,pcm_latency,l1_miss_latency,CORE10,36,37.68,ns
correlation-redis-set-cores2,pcm_latency,l1_miss_latency,CORE10,37,37.94,ns
correlation-redis-set-cores2,pcm_latency,l1_miss_latency,CORE10,38,45.21,ns
correlation-redis-set-cores2,pcm_latency,l1_miss_latency,CORE10,39,40.59,ns
correlation-redis-set-cores2,pcm_latency,l1_miss_latency,CORE10,40,39.34,ns
correlation-redis-set-cores2,pcm_latency,l1_miss_latency,CORE10,41,39.81,ns
correlation-redis-set-cores2,pcm_latency,l1_miss_latency,CORE10,42,40.82,ns
correlation-redis-set-cores2,pcm_latency,l1_miss_latency,CORE10,43,41.12,ns
correlation-redis-set-cores2,pcm_latency,l1_miss_latency,CORE10,44,39.12,ns
correlation-redis-set-cores2,pcm_latency,l1_miss_latency,CORE10,45,40.89,ns
correlation-redis-set-cores2,pcm_latency,l1_miss_latency,CORE10,46,37.58,ns
correlation-redis-set-cores2,pcm_latency,l1_miss_latency,CORE10,47,38.97,ns
correlation-redis-set-cores2,pcm_latency,l1_miss_latency,CORE10,48,40.0,ns
correlation-redis-set-cores2,pcm_latency,l1_miss_latency,CORE10,49,41.41,ns
correlation-redis-set-cores2,pcm_latency,l1_miss_latency,CORE10,50,39.3,ns
correlation-redis-set-cores2,pcm_latency,l1_miss_latency,CORE10,51,38.42,ns
correlation-redis-set-cores2,pcm_latency,l1_miss_latency,CORE10,52,41.97,ns
correlation-redis-set-cores2,pcm_latency,l1_miss_latency,CORE10,53,37.11,ns
correlation-redis-set-cores2,pcm_latency,l1_miss_latency,CORE10,54,30.63,ns
correlation-redis-set-cores2,pcm_latency,l1_miss_latency,CORE10,55,39.72,ns
correlation-redis-set-cores2,pcm_latency,l1_miss_latency,CORE10,56,29.29,ns
correlation-redis-set-cores2,pcm_latency,l1_miss_latency,CORE10,57,29.25,ns
correlation-redis-set-cores2,pcm_latency,l1_miss_latency,CORE10,58,31.19,ns
correlation-redis-set-cores2,pcm_latency,l1_miss_latency,CORE10,59,29.83,ns
correlation-redis-set-cores2,pcm_latency,l1_miss_latency,CORE11,0,34.37,ns
correlation-redis-set-cores2,pcm_latency,l1_miss_latency,CORE11,1,41.05,ns
correlation-redis-set-cores2,pcm_latency,l1_miss_latency,CORE11,2,36.97,ns
correlation-redis-set-cores2,pcm_latency,l1_miss_latency,CORE11,3,37.27,ns
correlation-redis-set-cores2,pcm_latency,l1_miss_latency,CORE11,4,35.26,ns
correlation-redis-set-cores2,pcm_latency,l1_miss_latency,CORE11,5,51.94,ns
correlation-redis-set-cores2,pcm_latency,l1_miss_latency,CORE11,6,49.51,ns
correlation-redis-set-cores2,pcm_latency,l1_miss_latency,CORE11,7,48.99,ns
correlation-redis-set-cores2,pcm_latency,l1_miss_latency,CORE11,8,49.9,ns
correlation-redis-set-cores2,pcm_latency,l1_miss_latency,CORE11,9,44.7,ns
correlation-redis-set-cores2,pcm_latency,l1_miss_latency,CORE11,10,48.09,ns
correlation-redis-set-cores2,pcm_latency,l1_miss_latency,CORE11,11,47.46,ns
correlation-redis-set-cores2,pcm_latency,l1_miss_latency,CORE11,12,50.19,ns
correlation-redis-set-cores2,pcm_latency,l1_miss_latency,CORE11,13,49.15,ns
correlation-redis-set-cores2,pcm_latency,l1_miss_latency,CORE11,14,51.53,ns
correlation-redis-set-cores2,pcm_latency,l1_miss_latency,CORE11,15,50.01,ns
correlation-redis-set-cores2,pcm_latency,l1_miss_latency,CORE11,16,49.5,ns
correlation-redis-set-cores2,pcm_latency,l1_miss_latency,CORE11,17,50.04,ns
correlation-redis-set-cores2,pcm_latency,l1_miss_latency,CORE11,18,52.83,ns
correlation-redis-set-cores2,pcm_latency,l1_miss_latency,CORE11,19,52.15,ns
correlation-redis-set-cores2,pcm_latency,l1_miss_latency,CORE11,20,52.89,ns
correlation-redis-set-cores2,pcm_latency,l1_miss_latency,CORE11,21,48.94,ns
correlation-redis-set-cores2,pcm_latency,l1_miss_latency,CORE11,22,50.63,ns
correlation-redis-set-cores2,pcm_latency,l1_miss_latency,CORE11,23,50.49,ns
correlation-redis-set-cores2,pcm_latency,l1_miss_latency,CORE11,24,51.0,ns
correlation-redis-set-cores2,pcm_latency,l1_miss_latency,CORE11,25,51.98,ns
correlation-redis-set-cores2,pcm_latency,l1_miss_latency,CORE11,26,51.76,ns
correlation-redis-set-cores2,pcm_latency,l1_miss_latency,CORE11,27,50.32,ns
correlation-redis-set-cores2,pcm_latency,l1_miss_latency,CORE11,28,49.49,ns
correlation-redis-set-cores2,pcm_latency,l1_miss_latency,CORE11,29,50.91,ns
correlation-redis-set-cores2,pcm_latency,l1_miss_latency,CORE11,30,50.19,ns
correlation-redis-set-cores2,pcm_latency,l1_miss_latency,CORE11,31,51.49,ns
correlation-redis-set-cores2,pcm_latency,l1_miss_latency,CORE11,32,52.82,ns
correlation-redis-set-cores2,pcm_latency,l1_miss_latency,CORE11,33,50.35,ns
correlation-redis-set-cores2,pcm_latency,l1_miss_latency,CORE11,34,49.69,ns
correlation-redis-set-cores2,pcm_latency,l1_miss_latency,CORE11,35,49.79,ns
correlation-redis-set-cores2,pcm_latency,l1_miss_latency,CORE11,36,47.96,ns
correlation-redis-set-cores2,pcm_latency,l1_miss_latency,CORE11,37,47.96,ns
correlation-redis-set-cores2,pcm_latency,l1_miss_latency,CORE11,38,49.76,ns
correlation-redis-set-cores2,pcm_latency,l1_miss_latency,CORE11,39,45.9,ns
correlation-redis-set-cores2,pcm_latency,l1_miss_latency,CORE11,40,44.15,ns
correlation-redis-set-cores2,pcm_latency,l1_miss_latency,CORE11,41,44.35,ns
correlation-redis-set-cores2,pcm_latency,l1_miss_latency,CORE11,42,43.27,ns
correlation-redis-set-cores2,pcm_latency,l1_miss_latency,CORE11,43,43.83,ns
correlation-redis-set-cores2,pcm_latency,l1_miss_latency,CORE11,44,44.91,ns
correlation-redis-set-cores2,pcm_latency,l1_miss_latency,CORE11,45,44.35,ns
correlation-redis-set-cores2,pcm_latency,l1_miss_latency,CORE11,46,44.53,ns
correlation-redis-set-cores2,pcm_latency,l1_miss_latency,CORE11,47,44.98,ns
correlation-redis-set-cores2,pcm_latency,l1_miss_latency,CORE11,48,45.27,ns
correlation-redis-set-cores2,pcm_latency,l1_miss_latency,CORE11,49,46.08,ns
correlation-redis-set-cores2,pcm_latency,l1_miss_latency,CORE11,50,27.73,ns
correlation-redis-set-cores2,pcm_latency,l1_miss_latency,CORE11,51,46.24,ns
correlation-redis-set-cores2,pcm_latency,l1_miss_latency,CORE11,52,37.41,ns
correlation-redis-set-cores2,pcm_latency,l1_miss_latency,CORE11,53,18.27,ns
correlation-redis-set-cores2,pcm_latency,l1_miss_latency,CORE11,54,18.84,ns
correlation-redis-set-cores2,pcm_latency,l1_miss_latency,CORE11,55,19.22,ns
correlation-redis-set-cores2,pcm_latency,l1_miss_latency,CORE11,56,18.98,ns
correlation-redis-set-cores2,pcm_latency,l1_miss_latency,CORE11,57,18.64,ns
correlation-redis-set-cores2,pcm_latency,l1_miss_latency,CORE11,58,18.69,ns
correlation-redis-set-cores2,pcm_latency,l1_miss_latency,CORE11,59,19.05,ns
correlation-redis-set-cores2,pcm_latency,l1_miss_latency,CORE12,0,35.98,ns
correlation-redis-set-cores2,pcm_latency,l1_miss_latency,CORE12,1,24.02,ns
correlation-redis-set-cores2,pcm_latency,l1_miss_latency,CORE12,2,22.19,ns
correlation-redis-set-cores2,pcm_latency,l1_miss_latency,CORE12,3,22.29,ns
correlation-redis-set-cores2,pcm_latency,l1_miss_latency,CORE12,4,22.56,ns
correlation-redis-set-cores2,pcm_latency,l1_miss_latency,CORE12,5,23.02,ns
correlation-redis-set-cores2,pcm_latency,l1_miss_latency,CORE12,6,22.12,ns
correlation-redis-set-cores2,pcm_latency,l1_miss_latency,CORE12,7,22.1,ns
correlation-redis-set-cores2,pcm_latency,l1_miss_latency,CORE12,8,21.93,ns
correlation-redis-set-cores2,pcm_latency,l1_miss_latency,CORE12,9,22.1,ns
correlation-redis-set-cores2,pcm_latency,l1_miss_latency,CORE12,10,21.67,ns
correlation-redis-set-cores2,pcm_latency,l1_miss_latency,CORE12,11,22.11,ns
correlation-redis-set-cores2,pcm_latency,l1_miss_latency,CORE12,12,22.0,ns
correlation-redis-set-cores2,pcm_latency,l1_miss_latency,CORE12,13,22.06,ns
correlation-redis-set-cores2,pcm_latency,l1_miss_latency,CORE12,14,22.19,ns
correlation-redis-set-cores2,pcm_latency,l1_miss_latency,CORE12,15,21.74,ns
correlation-redis-set-cores2,pcm_latency,l1_miss_latency,CORE12,16,21.56,ns
correlation-redis-set-cores2,pcm_latency,l1_miss_latency,CORE12,17,21.56,ns
correlation-redis-set-cores2,pcm_latency,l1_miss_latency,CORE12,18,22.03,ns
correlation-redis-set-cores2,pcm_latency,l1_miss_latency,CORE12,19,21.93,ns
correlation-redis-set-cores2,pcm_latency,l1_miss_latency,CORE12,20,21.63,ns
correlation-redis-set-cores2,pcm_latency,l1_miss_latency,CORE12,21,21.75,ns
correlation-redis-set-cores2,pcm_latency,l1_miss_latency,CORE12,22,22.0,ns
correlation-redis-set-cores2,pcm_latency,l1_miss_latency,CORE12,23,21.95,ns
correlation-redis-set-cores2,pcm_latency,l1_miss_latency,CORE12,24,21.95,ns
correlation-redis-set-cores2,pcm_latency,l1_miss_latency,CORE12,25,21.69,ns
correlation-redis-set-cores2,pcm_latency,l1_miss_latency,CORE12,26,21.62,ns
correlation-redis-set-cores2,pcm_latency,l1_miss_latency,CORE12,27,21.91,ns
correlation-redis-set-cores2,pcm_latency,l1_miss_latency,CORE12,28,21.84,ns
correlation-redis-set-cores2,pcm_latency,l1_miss_latency,CORE12,29,21.91,ns
correlation-redis-set-cores2,pcm_latency,l1_miss_latency,CORE12,30,21.56,ns
correlation-redis-set-cores2,pcm_latency,l1_miss_latency,CORE12,31,21.67,ns
correlation-redis-set-cores2,pcm_latency,l1_miss_latency,CORE12,32,21.79,ns
correlation-redis-set-cores2,pcm_latency,l1_miss_latency,CORE12,33,21.73,ns
correlation-redis-set-cores2,pcm_latency,l1_miss_latency,CORE12,34,21.61,ns
correlation-redis-set-cores2,pcm_latency,l1_miss_latency,CORE12,35,22.0,ns
correlation-redis-set-cores2,pcm_latency,l1_miss_latency,CORE12,36,21.88,ns
correlation-redis-set-cores2,pcm_latency,l1_miss_latency,CORE12,37,22.3,ns
correlation-redis-set-cores2,pcm_latency,l1_miss_latency,CORE12,38,20.68,ns
correlation-redis-set-cores2,pcm_latency,l1_miss_latency,CORE12,39,22.25,ns
correlation-redis-set-cores2,pcm_latency,l1_miss_latency,CORE12,40,22.05,ns
correlation-redis-set-cores2,pcm_latency,l1_miss_latency,CORE12,41,21.82,ns
correlation-redis-set-cores2,pcm_latency,l1_miss_latency,CORE12,42,21.77,ns
correlation-redis-set-cores2,pcm_latency,l1_miss_latency,CORE12,43,21.71,ns
correlation-redis-set-cores2,pcm_latency,l1_miss_latency,CORE12,44,22.13,ns
correlation-redis-set-cores2,pcm_latency,l1_miss_latency,CORE12,45,22.18,ns
correlation-redis-set-cores2,pcm_latency,l1_miss_latency,CORE12,46,21.59,ns
correlation-redis-set-cores2,pcm_latency,l1_miss_latency,CORE12,47,21.83,ns
correlation-redis-set-cores2,pcm_latency,l1_miss_latency,CORE12,48,21.85,ns
correlation-redis-set-cores2,pcm_latency,l1_miss_latency,CORE12,49,22.09,ns
correlation-redis-set-cores2,pcm_latency,l1_miss_latency,CORE12,50,7.95,ns
correlation-redis-set-cores2,pcm_latency,l1_miss_latency,CORE12,51,26.78,ns
correlation-redis-set-cores2,pcm_latency,l1_miss_latency,CORE12,52,35.65,ns
correlation-redis-set-cores2,pcm_latency,l1_miss_latency,CORE12,53,34.06,ns
correlation-redis-set-cores2,pcm_latency,l1_miss_latency,CORE12,54,39.28,ns
correlation-redis-set-cores2,pcm_latency,l1_miss_latency,CORE12,55,41.91,ns
correlation-redis-set-cores2,pcm_latency,l1_miss_latency,CORE12,56,44.19,ns
correlation-redis-set-cores2,pcm_latency,l1_miss_latency,CORE12,57,40.16,ns
correlation-redis-set-cores2,pcm_latency,l1_miss_latency,CORE12,58,44.13,ns
correlation-redis-set-cores2,pcm_latency,l1_miss_latency,CORE12,59,43.93,ns
correlation-redis-set-cores2,pcm_latency,l1_miss_latency,CORE13,0,37.53,ns
correlation-redis-set-cores2,pcm_latency,l1_miss_latency,CORE13,1,42.29,ns
correlation-redis-set-cores2,pcm_latency,l1_miss_latency,CORE13,2,48.32,ns
correlation-redis-set-cores2,pcm_latency,l1_miss_latency,CORE13,3,46.05,ns
correlation-redis-set-cores2,pcm_latency,l1_miss_latency,CORE13,4,43.33,ns
correlation-redis-set-cores2,pcm_latency,l1_miss_latency,CORE13,5,35.06,ns
correlation-redis-set-cores2,pcm_latency,l1_miss_latency,CORE13,6,47.42,ns
correlation-redis-set-cores2,pcm_latency,l1_miss_latency,CORE13,7,45.9,ns
correlation-redis-set-cores2,pcm_latency,l1_miss_latency,CORE13,8,46.66,ns
correlation-redis-set-cores2,pcm_latency,l1_miss_latency,CORE13,9,48.86,ns
correlation-redis-set-cores2,pcm_latency,l1_miss_latency,CORE13,10,50.02,ns
correlation-redis-set-cores2,pcm_latency,l1_miss_latency,CORE13,11,47.72,ns
correlation-redis-set-cores2,pcm_latency,l1_miss_latency,CORE13,12,45.16,ns
correlation-redis-set-cores2,pcm_latency,l1_miss_latency,CORE13,13,47.78,ns
correlation-redis-set-cores2,pcm_latency,l1_miss_latency,CORE13,14,47.71,ns
correlation-redis-set-cores2,pcm_latency,l1_miss_latency,CORE13,15,43.75,ns
correlation-redis-set-cores2,pcm_latency,l1_miss_latency,CORE13,16,48.07,ns
correlation-redis-set-cores2,pcm_latency,l1_miss_latency,CORE13,17,45.98,ns
correlation-redis-set-cores2,pcm_latency,l1_miss_latency,CORE13,18,45.05,ns
correlation-redis-set-cores2,pcm_latency,l1_miss_latency,CORE13,19,46.06,ns
correlation-redis-set-cores2,pcm_latency,l1_miss_latency,CORE13,20,45.27,ns
correlation-redis-set-cores2,pcm_latency,l1_miss_latency,CORE13,21,43.32,ns
correlation-redis-set-cores2,pcm_latency,l1_miss_latency,CORE13,22,48.06,ns
correlation-redis-set-cores2,pcm_latency,l1_miss_latency,CORE13,23,45.43,ns
correlation-redis-set-cores2,pcm_latency,l1_miss_latency,CORE13,24,47.92,ns
correlation-redis-set-cores2,pcm_latency,l1_miss_latency,CORE13,25,47.75,ns
correlation-redis-set-cores2,pcm_latency,l1_miss_latency,CORE13,26,49.17,ns
correlation-redis-set-cores2,pcm_latency,l1_miss_latency,CORE13,27,46.08,ns
correlation-redis-set-cores2,pcm_latency,l1_miss_latency,CORE13,28,46.0,ns
correlation-redis-set-cores2,pcm_latency,l1_miss_latency,CORE13,29,48.21,ns
correlation-redis-set-cores2,pcm_latency,l1_miss_latency,CORE13,30,46.78,ns
correlation-redis-set-cores2,pcm_latency,l1_miss_latency,CORE13,31,49.0,ns
correlation-redis-set-cores2,pcm_latency,l1_miss_latency,CORE13,32,47.31,ns
correlation-redis-set-cores2,pcm_latency,l1_miss_latency,CORE13,33,45.26,ns
correlation-redis-set-cores2,pcm_latency,l1_miss_latency,CORE13,34,36.48,ns
correlation-redis-set-cores2,pcm_latency,l1_miss_latency,CORE13,35,25.46,ns
correlation-redis-set-cores2,pcm_latency,l1_miss_latency,CORE13,36,30.96,ns
correlation-redis-set-cores2,pcm_latency,l1_miss_latency,CORE13,37,42.25,ns
correlation-redis-set-cores2,pcm_latency,l1_miss_latency,CORE13,38,19.11,ns
correlation-redis-set-cores2,pcm_latency,l1_miss_latency,CORE13,39,44.54,ns
correlation-redis-set-cores2,pcm_latency,l1_miss_latency,CORE13,40,50.09,ns
correlation-redis-set-cores2,pcm_latency,l1_miss_latency,CORE13,41,43.61,ns
correlation-redis-set-cores2,pcm_latency,l1_miss_latency,CORE13,42,46.99,ns
correlation-redis-set-cores2,pcm_latency,l1_miss_latency,CORE13,43,44.05,ns
correlation-redis-set-cores2,pcm_latency,l1_miss_latency,CORE13,44,43.24,ns
correlation-redis-set-cores2,pcm_latency,l1_miss_latency,CORE13,45,45.56,ns
correlation-redis-set-cores2,pcm_latency,l1_miss_latency,CORE13,46,45.46,ns
correlation-redis-set-cores2,pcm_latency,l1_miss_latency,CORE13,47,47.45,ns
correlation-redis-set-cores2,pcm_latency,l1_miss_latency,CORE13,48,45.25,ns
correlation-redis-set-cores2,pcm_latency,l1_miss_latency,CORE13,49,43.18,ns
correlation-redis-set-cores2,pcm_latency,l1_miss_latency,CORE13,50,50.94,ns
correlation-redis-set-cores2,pcm_latency,l1_miss_latency,CORE13,51,47.81,ns
correlation-redis-set-cores2,pcm_latency,l1_miss_latency,CORE13,52,45.54,ns
correlation-redis-set-cores2,pcm_latency,l1_miss_latency,CORE13,53,42.17,ns
correlation-redis-set-cores2,pcm_latency,l1_miss_latency,CORE13,54,42.99,ns
correlation-redis-set-cores2,pcm_latency,l1_miss_latency,CORE13,55,45.62,ns
correlation-redis-set-cores2,pcm_latency,l1_miss_latency,CORE13,56,44.45,ns
correlation-redis-set-cores2,pcm_latency,l1_miss_latency,CORE13,57,49.01,ns
correlation-redis-set-cores2,pcm_latency,l1_miss_latency,CORE13,58,44.35,ns
correlation-redis-set-cores2,pcm_latency,l1_miss_latency,CORE13,59,46.93,ns
correlation-redis-set-cores2,pcm_latency,l1_miss_latency,CORE14,0,40.89,ns
correlation-redis-set-cores2,pcm_latency,l1_miss_latency,CORE14,1,37.81,ns
correlation-redis-set-cores2,pcm_latency,l1_miss_latency,CORE14,2,35.43,ns
correlation-redis-set-cores2,pcm_latency,l1_miss_latency,CORE14,3,38.72,ns
correlation-redis-set-cores2,pcm_latency,l1_miss_latency,CORE14,4,40.15,ns
correlation-redis-set-cores2,pcm_latency,l1_miss_latency,CORE14,5,11.83,ns
correlation-redis-set-cores2,pcm_latency,l1_miss_latency,CORE14,6,32.93,ns
correlation-redis-set-cores2,pcm_latency,l1_miss_latency,CORE14,7,33.56,ns
correlation-redis-set-cores2,pcm_latency,l1_miss_latency,CORE14,8,33.45,ns
correlation-redis-set-cores2,pcm_latency,l1_miss_latency,CORE14,9,32.78,ns
correlation-redis-set-cores2,pcm_latency,l1_miss_latency,CORE14,10,29.77,ns
correlation-redis-set-cores2,pcm_latency,l1_miss_latency,CORE14,11,29.66,ns
correlation-redis-set-cores2,pcm_latency,l1_miss_latency,CORE14,12,29.53,ns
correlation-redis-set-cores2,pcm_latency,l1_miss_latency,CORE14,13,29.66,ns
correlation-redis-set-cores2,pcm_latency,l1_miss_latency,CORE14,14,29.09,ns
correlation-redis-set-cores2,pcm_latency,l1_miss_latency,CORE14,15,29.52,ns
correlation-redis-set-cores2,pcm_latency,l1_miss_latency,CORE14,16,29.24,ns
correlation-redis-set-cores2,pcm_latency,l1_miss_latency,CORE14,17,28.99,ns
correlation-redis-set-cores2,pcm_latency,l1_miss_latency,CORE14,18,29.68,ns
correlation-redis-set-cores2,pcm_latency,l1_miss_latency,CORE14,19,21.69,ns
correlation-redis-set-cores2,pcm_latency,l1_miss_latency,CORE14,20,21.15,ns
correlation-redis-set-cores2,pcm_latency,l1_miss_latency,CORE14,21,39.81,ns
correlation-redis-set-cores2,pcm_latency,l1_miss_latency,CORE14,22,39.84,ns
correlation-redis-set-cores2,pcm_latency,l1_miss_latency,CORE14,23,39.47,ns
correlation-redis-set-cores2,pcm_latency,l1_miss_latency,CORE14,24,40.14,ns
correlation-redis-set-cores2,pcm_latency,l1_miss_latency,CORE14,25,38.58,ns
correlation-redis-set-cores2,pcm_latency,l1_miss_latency,CORE14,26,37.59,ns
correlation-redis-set-cores2,pcm_latency,l1_miss_latency,CORE14,27,43.2,ns
correlation-redis-set-cores2,pcm_latency,l1_miss_latency,CORE14,28,38.57,ns
correlation-redis-set-cores2,pcm_latency,l1_miss_latency,CORE14,29,39.74,ns
correlation-redis-set-cores2,pcm_latency,l1_miss_latency,CORE14,30,39.02,ns
correlation-redis-set-cores2,pcm_latency,l1_miss_latency,CORE14,31,40.01,ns
correlation-redis-set-cores2,pcm_latency,l1_miss_latency,CORE14,32,38.23,ns
correlation-redis-set-cores2,pcm_latency,l1_miss_latency,CORE14,33,34.68,ns
correlation-redis-set-cores2,pcm_latency,l1_miss_latency,CORE14,34,38.74,ns
correlation-redis-set-cores2,pcm_latency,l1_miss_latency,CORE14,35,39.56,ns
correlation-redis-set-cores2,pcm_latency,l1_miss_latency,CORE14,36,41.45,ns
correlation-redis-set-cores2,pcm_latency,l1_miss_latency,CORE14,37,41.93,ns
correlation-redis-set-cores2,pcm_latency,l1_miss_latency,CORE14,38,44.35,ns
correlation-redis-set-cores2,pcm_latency,l1_miss_latency,CORE14,39,39.26,ns
correlation-redis-set-cores2,pcm_latency,l1_miss_latency,CORE14,40,35.58,ns
correlation-redis-set-cores2,pcm_latency,l1_miss_latency,CORE14,41,35.27,ns
correlation-redis-set-cores2,pcm_latency,l1_miss_latency,CORE14,42,36.3,ns
correlation-redis-set-cores2,pcm_latency,l1_miss_latency,CORE14,43,34.25,ns
correlation-redis-set-cores2,pcm_latency,l1_miss_latency,CORE14,44,39.93,ns
correlation-redis-set-cores2,pcm_latency,l1_miss_latency,CORE14,45,38.69,ns
correlation-redis-set-cores2,pcm_latency,l1_miss_latency,CORE14,46,38.0,ns
correlation-redis-set-cores2,pcm_latency,l1_miss_latency,CORE14,47,38.27,ns
correlation-redis-set-cores2,pcm_latency,l1_miss_latency,CORE14,48,36.06,ns
correlation-redis-set-cores2,pcm_latency,l1_miss_latency,CORE14,49,39.63,ns
correlation-redis-set-cores2,pcm_latency,l1_miss_latency,CORE14,50,43.77,ns
correlation-redis-set-cores2,pcm_latency,l1_miss_latency,CORE14,51,42.51,ns
correlation-redis-set-cores2,pcm_latency,l1_miss_latency,CORE14,52,36.94,ns
correlation-redis-set-cores2,pcm_latency,l1_miss_latency,CORE14,53,37.71,ns
correlation-redis-set-cores2,pcm_latency,l1_miss_latency,CORE14,54,37.0,ns
correlation-redis-set-cores2,pcm_latency,l1_miss_latency,CORE14,55,38.78,ns
correlation-redis-set-cores2,pcm_latency,l1_miss_latency,CORE14,56,37.95,ns
correlation-redis-set-cores2,pcm_latency,l1_miss_latency,CORE14,57,39.7,ns
correlation-redis-set-cores2,pcm_latency,l1_miss_latency,CORE14,58,38.08,ns
correlation-redis-set-cores2,pcm_latency,l1_miss_latency,CORE14,59,39.58,ns
correlation-redis-set-cores2,pcm_latency,l1_miss_latency,CORE15,0,33.5,ns
correlation-redis-set-cores2,pcm_latency,l1_miss_latency,CORE15,1,47.57,ns
correlation-redis-set-cores2,pcm_latency,l1_miss_latency,CORE15,2,46.02,ns
correlation-redis-set-cores2,pcm_latency,l1_miss_latency,CORE15,3,46.72,ns
correlation-redis-set-cores2,pcm_latency,l1_miss_latency,CORE15,4,47.4,ns
correlation-redis-set-cores2,pcm_latency,l1_miss_latency,CORE15,5,47.5,ns
correlation-redis-set-cores2,pcm_latency,l1_miss_latency,CORE15,6,48.14,ns
correlation-redis-set-cores2,pcm_latency,l1_miss_latency,CORE15,7,47.65,ns
correlation-redis-set-cores2,pcm_latency,l1_miss_latency,CORE15,8,46.09,ns
correlation-redis-set-cores2,pcm_latency,l1_miss_latency,CORE15,9,45.99,ns
correlation-redis-set-cores2,pcm_latency,l1_miss_latency,CORE15,10,43.18,ns
correlation-redis-set-cores2,pcm_latency,l1_miss_latency,CORE15,11,45.99,ns
correlation-redis-set-cores2,pcm_latency,l1_miss_latency,CORE15,12,46.53,ns
correlation-redis-set-cores2,pcm_latency,l1_miss_latency,CORE15,13,46.54,ns
correlation-redis-set-cores2,pcm_latency,l1_miss_latency,CORE15,14,47.78,ns
correlation-redis-set-cores2,pcm_latency,l1_miss_latency,CORE15,15,47.1,ns
correlation-redis-set-cores2,pcm_latency,l1_miss_latency,CORE15,16,45.43,ns
correlation-redis-set-cores2,pcm_latency,l1_miss_latency,CORE15,17,46.47,ns
correlation-redis-set-cores2,pcm_latency,l1_miss_latency,CORE15,18,46.0,ns
correlation-redis-set-cores2,pcm_latency,l1_miss_latency,CORE15,19,42.53,ns
correlation-redis-set-cores2,pcm_latency,l1_miss_latency,CORE15,20,43.7,ns
correlation-redis-set-cores2,pcm_latency,l1_miss_latency,CORE15,21,47.25,ns
correlation-redis-set-cores2,pcm_latency,l1_miss_latency,CORE15,22,48.97,ns
correlation-redis-set-cores2,pcm_latency,l1_miss_latency,CORE15,23,47.52,ns
correlation-redis-set-cores2,pcm_latency,l1_miss_latency,CORE15,24,46.71,ns
correlation-redis-set-cores2,pcm_latency,l1_miss_latency,CORE15,25,46.47,ns
correlation-redis-set-cores2,pcm_latency,l1_miss_latency,CORE15,26,44.16,ns
correlation-redis-set-cores2,pcm_latency,l1_miss_latency,CORE15,27,44.6,ns
correlation-redis-set-cores2,pcm_latency,l1_miss_latency,CORE15,28,45.19,ns
correlation-redis-set-cores2,pcm_latency,l1_miss_latency,CORE15,29,46.16,ns
correlation-redis-set-cores2,pcm_latency,l1_miss_latency,CORE15,30,45.14,ns
correlation-redis-set-cores2,pcm_latency,l1_miss_latency,CORE15,31,45.16,ns
correlation-redis-set-cores2,pcm_latency,l1_miss_latency,CORE15,32,45.13,ns
correlation-redis-set-cores2,pcm_latency,l1_miss_latency,CORE15,33,45.24,ns
correlation-redis-set-cores2,pcm_latency,l1_miss_latency,CORE15,34,45.32,ns
correlation-redis-set-cores2,pcm_latency,l1_miss_latency,CORE15,35,45.52,ns
correlation-redis-set-cores2,pcm_latency,l1_miss_latency,CORE15,36,44.89,ns
correlation-redis-set-cores2,pcm_latency,l1_miss_latency,CORE15,37,44.14,ns
correlation-redis-set-cores2,pcm_latency,l1_miss_latency,CORE15,38,19.43,ns
correlation-redis-set-cores2,pcm_latency,l1_miss_latency,CORE15,39,45.05,ns
correlation-redis-set-cores2,pcm_latency,l1_miss_latency,CORE15,40,44.6,ns
correlation-redis-set-cores2,pcm_latency,l1_miss_latency,CORE15,41,41.75,ns
correlation-redis-set-cores2,pcm_latency,l1_miss_latency,CORE15,42,43.89,ns
correlation-redis-set-cores2,pcm_latency,l1_miss_latency,CORE15,43,42.15,ns
correlation-redis-set-cores2,pcm_latency,l1_miss_latency,CORE15,44,45.72,ns
correlation-redis-set-cores2,pcm_latency,l1_miss_latency,CORE15,45,45.11,ns
correlation-redis-set-cores2,pcm_latency,l1_miss_latency,CORE15,46,44.61,ns
correlation-redis-set-cores2,pcm_latency,l1_miss_latency,CORE15,47,45.38,ns
correlation-redis-set-cores2,pcm_latency,l1_miss_latency,CORE15,48,45.97,ns
correlation-redis-set-cores2,pcm_latency,l1_miss_latency,CORE15,49,42.72,ns
correlation-redis-set-cores2,pcm_latency,l1_miss_latency,CORE15,50,44.87,ns
correlation-redis-set-cores2,pcm_latency,l1_miss_latency,CORE15,51,46.21,ns
correlation-redis-set-cores2,pcm_latency,l1_miss_latency,CORE15,52,45.9,ns
correlation-redis-set-cores2,pcm_latency,l1_miss_latency,CORE15,53,44.13,ns
correlation-redis-set-cores2,pcm_latency,l1_miss_latency,CORE15,54,44.92,ns
correlation-redis-set-cores2,pcm_latency,l1_miss_latency,CORE15,55,44.11,ns
correlation-redis-set-cores2,pcm_latency,l1_miss_latency,CORE15,56,45.94,ns
correlation-redis-set-cores2,pcm_latency,l1_miss_latency,CORE15,57,43.65,ns
correlation-redis-set-cores2,pcm_latency,l1_miss_latency,CORE15,58,43.17,ns
correlation-redis-set-cores2,pcm_latency,l1_miss_latency,CORE15,59,46.66,ns
correlation-redis-set-cores2,pcm_latency,l1_miss_latency,CORE16,0,22.14,ns
correlation-redis-set-cores2,pcm_latency,l1_miss_latency,CORE16,1,21.71,ns
correlation-redis-set-cores2,pcm_latency,l1_miss_latency,CORE16,2,21.06,ns
correlation-redis-set-cores2,pcm_latency,l1_miss_latency,CORE16,3,21.97,ns
correlation-redis-set-cores2,pcm_latency,l1_miss_latency,CORE16,4,28.53,ns
correlation-redis-set-cores2,pcm_latency,l1_miss_latency,CORE16,5,31.2,ns
correlation-redis-set-cores2,pcm_latency,l1_miss_latency,CORE16,6,19.21,ns
correlation-redis-set-cores2,pcm_latency,l1_miss_latency,CORE16,7,20.0,ns
correlation-redis-set-cores2,pcm_latency,l1_miss_latency,CORE16,8,19.3,ns
correlation-redis-set-cores2,pcm_latency,l1_miss_latency,CORE16,9,19.09,ns
correlation-redis-set-cores2,pcm_latency,l1_miss_latency,CORE16,10,19.66,ns
correlation-redis-set-cores2,pcm_latency,l1_miss_latency,CORE16,11,19.67,ns
correlation-redis-set-cores2,pcm_latency,l1_miss_latency,CORE16,12,19.01,ns
correlation-redis-set-cores2,pcm_latency,l1_miss_latency,CORE16,13,19.81,ns
correlation-redis-set-cores2,pcm_latency,l1_miss_latency,CORE16,14,19.68,ns
correlation-redis-set-cores2,pcm_latency,l1_miss_latency,CORE16,15,21.0,ns
correlation-redis-set-cores2,pcm_latency,l1_miss_latency,CORE16,16,19.84,ns
correlation-redis-set-cores2,pcm_latency,l1_miss_latency,CORE16,17,19.61,ns
correlation-redis-set-cores2,pcm_latency,l1_miss_latency,CORE16,18,19.93,ns
correlation-redis-set-cores2,pcm_latency,l1_miss_latency,CORE16,19,29.24,ns
correlation-redis-set-cores2,pcm_latency,l1_miss_latency,CORE16,20,19.89,ns
correlation-redis-set-cores2,pcm_latency,l1_miss_latency,CORE16,21,20.42,ns
correlation-redis-set-cores2,pcm_latency,l1_miss_latency,CORE16,22,20.69,ns
correlation-redis-set-cores2,pcm_latency,l1_miss_latency,CORE16,23,21.33,ns
correlation-redis-set-cores2,pcm_latency,l1_miss_latency,CORE16,24,19.97,ns
correlation-redis-set-cores2,pcm_latency,l1_miss_latency,CORE16,25,20.29,ns
correlation-redis-set-cores2,pcm_latency,l1_miss_latency,CORE16,26,21.2,ns
correlation-redis-set-cores2,pcm_latency,l1_miss_latency,CORE16,27,22.89,ns
correlation-redis-set-cores2,pcm_latency,l1_miss_latency,CORE16,28,22.7,ns
correlation-redis-set-cores2,pcm_latency,l1_miss_latency,CORE16,29,21.5,ns
correlation-redis-set-cores2,pcm_latency,l1_miss_latency,CORE16,30,21.76,ns
correlation-redis-set-cores2,pcm_latency,l1_miss_latency,CORE16,31,20.88,ns
correlation-redis-set-cores2,pcm_latency,l1_miss_latency,CORE16,32,21.08,ns
correlation-redis-set-cores2,pcm_latency,l1_miss_latency,CORE16,33,26.07,ns
correlation-redis-set-cores2,pcm_latency,l1_miss_latency,CORE16,34,19.88,ns
correlation-redis-set-cores2,pcm_latency,l1_miss_latency,CORE16,35,23.04,ns
correlation-redis-set-cores2,pcm_latency,l1_miss_latency,CORE16,36,20.95,ns
correlation-redis-set-cores2,pcm_latency,l1_miss_latency,CORE16,37,23.31,ns
correlation-redis-set-cores2,pcm_latency,l1_miss_latency,CORE16,38,20.38,ns
correlation-redis-set-cores2,pcm_latency,l1_miss_latency,CORE16,39,21.31,ns
correlation-redis-set-cores2,pcm_latency,l1_miss_latency,CORE16,40,19.92,ns
correlation-redis-set-cores2,pcm_latency,l1_miss_latency,CORE16,41,21.56,ns
correlation-redis-set-cores2,pcm_latency,l1_miss_latency,CORE16,42,20.97,ns
correlation-redis-set-cores2,pcm_latency,l1_miss_latency,CORE16,43,22.79,ns
correlation-redis-set-cores2,pcm_latency,l1_miss_latency,CORE16,44,20.94,ns
correlation-redis-set-cores2,pcm_latency,l1_miss_latency,CORE16,45,21.36,ns
correlation-redis-set-cores2,pcm_latency,l1_miss_latency,CORE16,46,19.52,ns
correlation-redis-set-cores2,pcm_latency,l1_miss_latency,CORE16,47,21.57,ns
correlation-redis-set-cores2,pcm_latency,l1_miss_latency,CORE16,48,22.08,ns
correlation-redis-set-cores2,pcm_latency,l1_miss_latency,CORE16,49,22.28,ns
correlation-redis-set-cores2,pcm_latency,l1_miss_latency,CORE16,50,19.2,ns
correlation-redis-set-cores2,pcm_latency,l1_miss_latency,CORE16,51,21.64,ns
correlation-redis-set-cores2,pcm_latency,l1_miss_latency,CORE16,52,19.6,ns
correlation-redis-set-cores2,pcm_latency,l1_miss_latency,CORE16,53,19.84,ns
correlation-redis-set-cores2,pcm_latency,l1_miss_latency,CORE16,54,22.38,ns
correlation-redis-set-cores2,pcm_latency,l1_miss_latency,CORE16,55,23.4,ns
correlation-redis-set-cores2,pcm_latency,l1_miss_latency,CORE16,56,20.36,ns
correlation-redis-set-cores2,pcm_latency,l1_miss_latency,CORE16,57,18.78,ns
correlation-redis-set-cores2,pcm_latency,l1_miss_latency,CORE16,58,19.39,ns
correlation-redis-set-cores2,pcm_latency,l1_miss_latency,CORE16,59,19.47,ns
correlation-redis-set-cores2,pcm_latency,l1_miss_latency,CORE17,0,14.39,ns
correlation-redis-set-cores2,pcm_latency,l1_miss_latency,CORE17,1,20.11,ns
correlation-redis-set-cores2,pcm_latency,l1_miss_latency,CORE17,2,20.46,ns
correlation-redis-set-cores2,pcm_latency,l1_miss_latency,CORE17,3,23.32,ns
correlation-redis-set-cores2,pcm_latency,l1_miss_latency,CORE17,4,23.63,ns
correlation-redis-set-cores2,pcm_latency,l1_miss_latency,CORE17,5,20.96,ns
correlation-redis-set-cores2,pcm_latency,l1_miss_latency,CORE17,6,21.14,ns
correlation-redis-set-cores2,pcm_latency,l1_miss_latency,CORE17,7,21.21,ns
correlation-redis-set-cores2,pcm_latency,l1_miss_latency,CORE17,8,21.55,ns
correlation-redis-set-cores2,pcm_latency,l1_miss_latency,CORE17,9,21.85,ns
correlation-redis-set-cores2,pcm_latency,l1_miss_latency,CORE17,10,22.83,ns
correlation-redis-set-cores2,pcm_latency,l1_miss_latency,CORE17,11,22.56,ns
correlation-redis-set-cores2,pcm_latency,l1_miss_latency,CORE17,12,22.78,ns
correlation-redis-set-cores2,pcm_latency,l1_miss_latency,CORE17,13,22.93,ns
correlation-redis-set-cores2,pcm_latency,l1_miss_latency,CORE17,14,22.89,ns
correlation-redis-set-cores2,pcm_latency,l1_miss_latency,CORE17,15,23.05,ns
correlation-redis-set-cores2,pcm_latency,l1_miss_latency,CORE17,16,23.29,ns
correlation-redis-set-cores2,pcm_latency,l1_miss_latency,CORE17,17,23.31,ns
correlation-redis-set-cores2,pcm_latency,l1_miss_latency,CORE17,18,23.16,ns
correlation-redis-set-cores2,pcm_latency,l1_miss_latency,CORE17,19,41.92,ns
correlation-redis-set-cores2,pcm_latency,l1_miss_latency,CORE17,20,38.4,ns
correlation-redis-set-cores2,pcm_latency,l1_miss_latency,CORE17,21,42.0,ns
correlation-redis-set-cores2,pcm_latency,l1_miss_latency,CORE17,22,43.75,ns
correlation-redis-set-cores2,pcm_latency,l1_miss_latency,CORE17,23,40.54,ns
correlation-redis-set-cores2,pcm_latency,l1_miss_latency,CORE17,24,40.72,ns
correlation-redis-set-cores2,pcm_latency,l1_miss_latency,CORE17,25,37.85,ns
correlation-redis-set-cores2,pcm_latency,l1_miss_latency,CORE17,26,39.38,ns
correlation-redis-set-cores2,pcm_latency,l1_miss_latency,CORE17,27,38.53,ns
correlation-redis-set-cores2,pcm_latency,l1_miss_latency,CORE17,28,41.75,ns
correlation-redis-set-cores2,pcm_latency,l1_miss_latency,CORE17,29,41.3,ns
correlation-redis-set-cores2,pcm_latency,l1_miss_latency,CORE17,30,40.91,ns
correlation-redis-set-cores2,pcm_latency,l1_miss_latency,CORE17,31,41.3,ns
correlation-redis-set-cores2,pcm_latency,l1_miss_latency,CORE17,32,40.81,ns
correlation-redis-set-cores2,pcm_latency,l1_miss_latency,CORE17,33,40.55,ns
correlation-redis-set-cores2,pcm_latency,l1_miss_latency,CORE17,34,39.78,ns
correlation-redis-set-cores2,pcm_latency,l1_miss_latency,CORE17,35,39.38,ns
correlation-redis-set-cores2,pcm_latency,l1_miss_latency,CORE17,36,39.18,ns
correlation-redis-set-cores2,pcm_latency,l1_miss_latency,CORE17,37,25.42,ns
correlation-redis-set-cores2,pcm_latency,l1_miss_latency,CORE17,38,25.99,ns
correlation-redis-set-cores2,pcm_latency,l1_miss_latency,CORE17,39,25.85,ns
correlation-redis-set-cores2,pcm_latency,l1_miss_latency,CORE17,40,25.38,ns
correlation-redis-set-cores2,pcm_latency,l1_miss_latency,CORE17,41,25.95,ns
correlation-redis-set-cores2,pcm_latency,l1_miss_latency,CORE17,42,25.65,ns
correlation-redis-set-cores2,pcm_latency,l1_miss_latency,CORE17,43,25.42,ns
correlation-redis-set-cores2,pcm_latency,l1_miss_latency,CORE17,44,25.45,ns
correlation-redis-set-cores2,pcm_latency,l1_miss_latency,CORE17,45,25.23,ns
correlation-redis-set-cores2,pcm_latency,l1_miss_latency,CORE17,46,25.22,ns
correlation-redis-set-cores2,pcm_latency,l1_miss_latency,CORE17,47,25.61,ns
correlation-redis-set-cores2,pcm_latency,l1_miss_latency,CORE17,48,25.88,ns
correlation-redis-set-cores2,pcm_latency,l1_miss_latency,CORE17,49,40.71,ns
correlation-redis-set-cores2,pcm_latency,l1_miss_latency,CORE17,50,39.14,ns
correlation-redis-set-cores2,pcm_latency,l1_miss_latency,CORE17,51,39.86,ns
correlation-redis-set-cores2,pcm_latency,l1_miss_latency,CORE17,52,39.21,ns
correlation-redis-set-cores2,pcm_latency,l1_miss_latency,CORE17,53,38.51,ns
correlation-redis-set-cores2,pcm_latency,l1_miss_latency,CORE17,54,39.22,ns
correlation-redis-set-cores2,pcm_latency,l1_miss_latency,CORE17,55,40.15,ns
correlation-redis-set-cores2,pcm_latency,l1_miss_latency,CORE17,56,41.0,ns
correlation-redis-set-cores2,pcm_latency,l1_miss_latency,CORE17,57,39.52,ns
correlation-redis-set-cores2,pcm_latency,l1_miss_latency,CORE17,58,39.78,ns
correlation-redis-set-cores2,pcm_latency,l1_miss_latency,CORE17,59,39.86,ns
correlation-redis-set-cores2,pcm_latency,l1_miss_latency,CORE18,0,29.83,ns
correlation-redis-set-cores2,pcm_latency,l1_miss_latency,CORE18,1,30.15,ns
correlation-redis-set-cores2,pcm_latency,l1_miss_latency,CORE18,2,18.15,ns
correlation-redis-set-cores2,pcm_latency,l1_miss_latency,CORE18,3,32.72,ns
correlation-redis-set-cores2,pcm_latency,l1_miss_latency,CORE18,4,16.58,ns
correlation-redis-set-cores2,pcm_latency,l1_miss_latency,CORE18,5,41.13,ns
correlation-redis-set-cores2,pcm_latency,l1_miss_latency,CORE18,6,22.33,ns
correlation-redis-set-cores2,pcm_latency,l1_miss_latency,CORE18,7,40.94,ns
correlation-redis-set-cores2,pcm_latency,l1_miss_latency,CORE18,8,26.17,ns
correlation-redis-set-cores2,pcm_latency,l1_miss_latency,CORE18,9,40.5,ns
correlation-redis-set-cores2,pcm_latency,l1_miss_latency,CORE18,10,26.53,ns
correlation-redis-set-cores2,pcm_latency,l1_miss_latency,CORE18,11,40.32,ns
correlation-redis-set-cores2,pcm_latency,l1_miss_latency,CORE18,12,25.08,ns
correlation-redis-set-cores2,pcm_latency,l1_miss_latency,CORE18,13,39.24,ns
correlation-redis-set-cores2,pcm_latency,l1_miss_latency,CORE18,14,20.52,ns
correlation-redis-set-cores2,pcm_latency,l1_miss_latency,CORE18,15,37.95,ns
correlation-redis-set-cores2,pcm_latency,l1_miss_latency,CORE18,16,25.38,ns
correlation-redis-set-cores2,pcm_latency,l1_miss_latency,CORE18,17,39.61,ns
correlation-redis-set-cores2,pcm_latency,l1_miss_latency,CORE18,18,40.23,ns
correlation-redis-set-cores2,pcm_latency,l1_miss_latency,CORE18,19,38.85,ns
correlation-redis-set-cores2,pcm_latency,l1_miss_latency,CORE18,20,40.89,ns
correlation-redis-set-cores2,pcm_latency,l1_miss_latency,CORE18,21,25.1,ns
correlation-redis-set-cores2,pcm_latency,l1_miss_latency,CORE18,22,24.35,ns
correlation-redis-set-cores2,pcm_latency,l1_miss_latency,CORE18,23,21.03,ns
correlation-redis-set-cores2,pcm_latency,l1_miss_latency,CORE18,24,40.63,ns
correlation-redis-set-cores2,pcm_latency,l1_miss_latency,CORE18,25,42.33,ns
correlation-redis-set-cores2,pcm_latency,l1_miss_latency,CORE18,26,22.36,ns
correlation-redis-set-cores2,pcm_latency,l1_miss_latency,CORE18,27,26.27,ns
correlation-redis-set-cores2,pcm_latency,l1_miss_latency,CORE18,28,38.64,ns
correlation-redis-set-cores2,pcm_latency,l1_miss_latency,CORE18,29,42.69,ns
correlation-redis-set-cores2,pcm_latency,l1_miss_latency,CORE18,30,25.77,ns
correlation-redis-set-cores2,pcm_latency,l1_miss_latency,CORE18,31,42.97,ns
correlation-redis-set-cores2,pcm_latency,l1_miss_latency,CORE18,32,26.09,ns
correlation-redis-set-cores2,pcm_latency,l1_miss_latency,CORE18,33,42.66,ns
correlation-redis-set-cores2,pcm_latency,l1_miss_latency,CORE18,34,21.96,ns
correlation-redis-set-cores2,pcm_latency,l1_miss_latency,CORE18,35,36.89,ns
correlation-redis-set-cores2,pcm_latency,l1_miss_latency,CORE18,36,25.95,ns
correlation-redis-set-cores2,pcm_latency,l1_miss_latency,CORE18,37,40.33,ns
correlation-redis-set-cores2,pcm_latency,l1_miss_latency,CORE18,38,40.16,ns
correlation-redis-set-cores2,pcm_latency,l1_miss_latency,CORE18,39,39.64,ns
correlation-redis-set-cores2,pcm_latency,l1_miss_latency,CORE18,40,39.7,ns
correlation-redis-set-cores2,pcm_latency,l1_miss_latency,CORE18,41,28.92,ns
correlation-redis-set-cores2,pcm_latency,l1_miss_latency,CORE18,42,33.22,ns
correlation-redis-set-cores2,pcm_latency,l1_miss_latency,CORE18,43,44.98,ns
correlation-redis-set-cores2,pcm_latency,l1_miss_latency,CORE18,44,32.99,ns
correlation-redis-set-cores2,pcm_latency,l1_miss_latency,CORE18,45,32.07,ns
correlation-redis-set-cores2,pcm_latency,l1_miss_latency,CORE18,46,34.16,ns
correlation-redis-set-cores2,pcm_latency,l1_miss_latency,CORE18,47,33.43,ns
correlation-redis-set-cores2,pcm_latency,l1_miss_latency,CORE18,48,34.2,ns
correlation-redis-set-cores2,pcm_latency,l1_miss_latency,CORE18,49,30.19,ns
correlation-redis-set-cores2,pcm_latency,l1_miss_latency,CORE18,50,33.51,ns
correlation-redis-set-cores2,pcm_latency,l1_miss_latency,CORE18,51,24.61,ns
correlation-redis-set-cores2,pcm_latency,l1_miss_latency,CORE18,52,24.49,ns
correlation-redis-set-cores2,pcm_latency,l1_miss_latency,CORE18,53,44.89,ns
correlation-redis-set-cores2,pcm_latency,l1_miss_latency,CORE18,54,33.6,ns
correlation-redis-set-cores2,pcm_latency,l1_miss_latency,CORE18,55,19.49,ns
correlation-redis-set-cores2,pcm_latency,l1_miss_latency,CORE18,56,41.24,ns
correlation-redis-set-cores2,pcm_latency,l1_miss_latency,CORE18,57,25.98,ns
correlation-redis-set-cores2,pcm_latency,l1_miss_latency,CORE18,58,27.11,ns
correlation-redis-set-cores2,pcm_latency,l1_miss_latency,CORE18,59,27.39,ns
correlation-redis-set-cores2,pcm_latency,l1_miss_latency,CORE19,0,37.47,ns
correlation-redis-set-cores2,pcm_latency,l1_miss_latency,CORE19,1,35.84,ns
correlation-redis-set-cores2,pcm_latency,l1_miss_latency,CORE19,2,15.02,ns
correlation-redis-set-cores2,pcm_latency,l1_miss_latency,CORE19,3,35.71,ns
correlation-redis-set-cores2,pcm_latency,l1_miss_latency,CORE19,4,38.5,ns
correlation-redis-set-cores2,pcm_latency,l1_miss_latency,CORE19,5,16.13,ns
correlation-redis-set-cores2,pcm_latency,l1_miss_latency,CORE19,6,39.37,ns
correlation-redis-set-cores2,pcm_latency,l1_miss_latency,CORE19,7,39.34,ns
correlation-redis-set-cores2,pcm_latency,l1_miss_latency,CORE19,8,37.11,ns
correlation-redis-set-cores2,pcm_latency,l1_miss_latency,CORE19,9,42.84,ns
correlation-redis-set-cores2,pcm_latency,l1_miss_latency,CORE19,10,36.5,ns
correlation-redis-set-cores2,pcm_latency,l1_miss_latency,CORE19,11,36.71,ns
correlation-redis-set-cores2,pcm_latency,l1_miss_latency,CORE19,12,41.26,ns
correlation-redis-set-cores2,pcm_latency,l1_miss_latency,CORE19,13,37.22,ns
correlation-redis-set-cores2,pcm_latency,l1_miss_latency,CORE19,14,34.41,ns
correlation-redis-set-cores2,pcm_latency,l1_miss_latency,CORE19,15,37.38,ns
correlation-redis-set-cores2,pcm_latency,l1_miss_latency,CORE19,16,36.31,ns
correlation-redis-set-cores2,pcm_latency,l1_miss_latency,CORE19,17,42.14,ns
correlation-redis-set-cores2,pcm_latency,l1_miss_latency,CORE19,18,36.94,ns
correlation-redis-set-cores2,pcm_latency,l1_miss_latency,CORE19,19,31.51,ns
correlation-redis-set-cores2,pcm_latency,l1_miss_latency,CORE19,20,37.16,ns
correlation-redis-set-cores2,pcm_latency,l1_miss_latency,CORE19,21,37.77,ns
correlation-redis-set-cores2,pcm_latency,l1_miss_latency,CORE19,22,34.87,ns
correlation-redis-set-cores2,pcm_latency,l1_miss_latency,CORE19,23,37.45,ns
correlation-redis-set-cores2,pcm_latency,l1_miss_latency,CORE19,24,36.98,ns
correlation-redis-set-cores2,pcm_latency,l1_miss_latency,CORE19,25,35.98,ns
correlation-redis-set-cores2,pcm_latency,l1_miss_latency,CORE19,26,37.58,ns
correlation-redis-set-cores2,pcm_latency,l1_miss_latency,CORE19,27,40.72,ns
correlation-redis-set-cores2,pcm_latency,l1_miss_latency,CORE19,28,37.52,ns
correlation-redis-set-cores2,pcm_latency,l1_miss_latency,CORE19,29,36.47,ns
correlation-redis-set-cores2,pcm_latency,l1_miss_latency,CORE19,30,36.67,ns
correlation-redis-set-cores2,pcm_latency,l1_miss_latency,CORE19,31,34.74,ns
correlation-redis-set-cores2,pcm_latency,l1_miss_latency,CORE19,32,45.9,ns
correlation-redis-set-cores2,pcm_latency,l1_miss_latency,CORE19,33,36.03,ns
correlation-redis-set-cores2,pcm_latency,l1_miss_latency,CORE19,34,31.85,ns
correlation-redis-set-cores2,pcm_latency,l1_miss_latency,CORE19,35,40.73,ns
correlation-redis-set-cores2,pcm_latency,l1_miss_latency,CORE19,36,20.5,ns
correlation-redis-set-cores2,pcm_latency,l1_miss_latency,CORE19,37,24.59,ns
correlation-redis-set-cores2,pcm_latency,l1_miss_latency,CORE19,38,12.51,ns
correlation-redis-set-cores2,pcm_latency,l1_miss_latency,CORE19,39,39.83,ns
correlation-redis-set-cores2,pcm_latency,l1_miss_latency,CORE19,40,35.3,ns
correlation-redis-set-cores2,pcm_latency,l1_miss_latency,CORE19,41,38.2,ns
correlation-redis-set-cores2,pcm_latency,l1_miss_latency,CORE19,42,40.54,ns
correlation-redis-set-cores2,pcm_latency,l1_miss_latency,CORE19,43,36.74,ns
correlation-redis-set-cores2,pcm_latency,l1_miss_latency,CORE19,44,36.37,ns
correlation-redis-set-cores2,pcm_latency,l1_miss_latency,CORE19,45,38.27,ns
correlation-redis-set-cores2,pcm_latency,l1_miss_latency,CORE19,46,34.39,ns
correlation-redis-set-cores2,pcm_latency,l1_miss_latency,CORE19,47,36.55,ns
correlation-redis-set-cores2,pcm_latency,l1_miss_latency,CORE19,48,37.02,ns
correlation-redis-set-cores2,pcm_latency,l1_miss_latency,CORE19,49,35.49,ns
correlation-redis-set-cores2,pcm_latency,l1_miss_latency,CORE19,50,19.13,ns
correlation-redis-set-cores2,pcm_latency,l1_miss_latency,CORE19,51,35.05,ns
correlation-redis-set-cores2,pcm_latency,l1_miss_latency,CORE19,52,44.92,ns
correlation-redis-set-cores2,pcm_latency,l1_miss_latency,CORE19,53,39.29,ns
correlation-redis-set-cores2,pcm_latency,l1_miss_latency,CORE19,54,36.12,ns
correlation-redis-set-cores2,pcm_latency,l1_miss_latency,CORE19,55,35.27,ns
correlation-redis-set-cores2,pcm_latency,l1_miss_latency,CORE19,56,38.29,ns
correlation-redis-set-cores2,pcm_latency,l1_miss_latency,CORE19,57,39.73,ns
correlation-redis-set-cores2,pcm_latency,l1_miss_latency,CORE19,58,39.0,ns
correlation-redis-set-cores2,pcm_latency,l1_miss_latency,CORE19,59,41.46,ns
correlation-redis-set-cores2,pcm_latency,l1_miss_latency,CORE20,0,29.46,ns
correlation-redis-set-cores2,pcm_latency,l1_miss_latency,CORE20,1,25.08,ns
correlation-redis-set-cores2,pcm_latency,l1_miss_latency,CORE20,2,27.88,ns
correlation-redis-set-cores2,pcm_latency,l1_miss_latency,CORE20,3,32.25,ns
correlation-redis-set-cores2,pcm_latency,l1_miss_latency,CORE20,4,31.16,ns
correlation-redis-set-cores2,pcm_latency,l1_miss_latency,CORE20,5,32.02,ns
correlation-redis-set-cores2,pcm_latency,l1_miss_latency,CORE20,6,31.13,ns
correlation-redis-set-cores2,pcm_latency,l1_miss_latency,CORE20,7,31.8,ns
correlation-redis-set-cores2,pcm_latency,l1_miss_latency,CORE20,8,30.94,ns
correlation-redis-set-cores2,pcm_latency,l1_miss_latency,CORE20,9,29.33,ns
correlation-redis-set-cores2,pcm_latency,l1_miss_latency,CORE20,10,31.36,ns
correlation-redis-set-cores2,pcm_latency,l1_miss_latency,CORE20,11,31.34,ns
correlation-redis-set-cores2,pcm_latency,l1_miss_latency,CORE20,12,26.52,ns
correlation-redis-set-cores2,pcm_latency,l1_miss_latency,CORE20,13,29.08,ns
correlation-redis-set-cores2,pcm_latency,l1_miss_latency,CORE20,14,31.8,ns
correlation-redis-set-cores2,pcm_latency,l1_miss_latency,CORE20,15,32.14,ns
correlation-redis-set-cores2,pcm_latency,l1_miss_latency,CORE20,16,32.44,ns
correlation-redis-set-cores2,pcm_latency,l1_miss_latency,CORE20,17,27.96,ns
correlation-redis-set-cores2,pcm_latency,l1_miss_latency,CORE20,18,30.72,ns
correlation-redis-set-cores2,pcm_latency,l1_miss_latency,CORE20,19,9.6,ns
correlation-redis-set-cores2,pcm_latency,l1_miss_latency,CORE20,20,17.45,ns
correlation-redis-set-cores2,pcm_latency,l1_miss_latency,CORE20,21,16.07,ns
correlation-redis-set-cores2,pcm_latency,l1_miss_latency,CORE20,22,16.39,ns
correlation-redis-set-cores2,pcm_latency,l1_miss_latency,CORE20,23,16.32,ns
correlation-redis-set-cores2,pcm_latency,l1_miss_latency,CORE20,24,16.53,ns
correlation-redis-set-cores2,pcm_latency,l1_miss_latency,CORE20,25,16.04,ns
correlation-redis-set-cores2,pcm_latency,l1_miss_latency,CORE20,26,16.72,ns
correlation-redis-set-cores2,pcm_latency,l1_miss_latency,CORE20,27,16.39,ns
correlation-redis-set-cores2,pcm_latency,l1_miss_latency,CORE20,28,16.31,ns
correlation-redis-set-cores2,pcm_latency,l1_miss_latency,CORE20,29,16.54,ns
correlation-redis-set-cores2,pcm_latency,l1_miss_latency,CORE20,30,16.75,ns
correlation-redis-set-cores2,pcm_latency,l1_miss_latency,CORE20,31,16.75,ns
correlation-redis-set-cores2,pcm_latency,l1_miss_latency,CORE20,32,16.62,ns
correlation-redis-set-cores2,pcm_latency,l1_miss_latency,CORE20,33,16.89,ns
correlation-redis-set-cores2,pcm_latency,l1_miss_latency,CORE20,34,17.52,ns
correlation-redis-set-cores2,pcm_latency,l1_miss_latency,CORE20,35,17.32,ns
correlation-redis-set-cores2,pcm_latency,l1_miss_latency,CORE20,36,18.22,ns
correlation-redis-set-cores2,pcm_latency,l1_miss_latency,CORE20,37,16.73,ns
correlation-redis-set-cores2,pcm_latency,l1_miss_latency,CORE20,38,12.58,ns
correlation-redis-set-cores2,pcm_latency,l1_miss_latency,CORE20,39,18.6,ns
correlation-redis-set-cores2,pcm_latency,l1_miss_latency,CORE20,40,19.3,ns
correlation-redis-set-cores2,pcm_latency,l1_miss_latency,CORE20,41,20.11,ns
correlation-redis-set-cores2,pcm_latency,l1_miss_latency,CORE20,42,20.57,ns
correlation-redis-set-cores2,pcm_latency,l1_miss_latency,CORE20,43,19.62,ns
correlation-redis-set-cores2,pcm_latency,l1_miss_latency,CORE20,44,20.58,ns
correlation-redis-set-cores2,pcm_latency,l1_miss_latency,CORE20,45,20.75,ns
correlation-redis-set-cores2,pcm_latency,l1_miss_latency,CORE20,46,19.45,ns
correlation-redis-set-cores2,pcm_latency,l1_miss_latency,CORE20,47,20.69,ns
correlation-redis-set-cores2,pcm_latency,l1_miss_latency,CORE20,48,20.52,ns
correlation-redis-set-cores2,pcm_latency,l1_miss_latency,CORE20,49,21.17,ns
correlation-redis-set-cores2,pcm_latency,l1_miss_latency,CORE20,50,20.97,ns
correlation-redis-set-cores2,pcm_latency,l1_miss_latency,CORE20,51,22.86,ns
correlation-redis-set-cores2,pcm_latency,l1_miss_latency,CORE20,52,21.46,ns
correlation-redis-set-cores2,pcm_latency,l1_miss_latency,CORE20,53,20.48,ns
correlation-redis-set-cores2,pcm_latency,l1_miss_latency,CORE20,54,24.04,ns
correlation-redis-set-cores2,pcm_latency,l1_miss_latency,CORE20,55,22.9,ns
correlation-redis-set-cores2,pcm_latency,l1_miss_latency,CORE20,56,19.11,ns
correlation-redis-set-cores2,pcm_latency,l1_miss_latency,CORE20,57,18.76,ns
correlation-redis-set-cores2,pcm_latency,l1_miss_latency,CORE20,58,19.72,ns
correlation-redis-set-cores2,pcm_latency,l1_miss_latency,CORE20,59,19.69,ns
correlation-redis-set-cores2,pcm_latency,l1_miss_latency,CORE21,0,20.18,ns
correlation-redis-set-cores2,pcm_latency,l1_miss_latency,CORE21,1,25.03,ns
correlation-redis-set-cores2,pcm_latency,l1_miss_latency,CORE21,2,16.65,ns
correlation-redis-set-cores2,pcm_latency,l1_miss_latency,CORE21,3,27.05,ns
correlation-redis-set-cores2,pcm_latency,l1_miss_latency,CORE21,4,20.45,ns
correlation-redis-set-cores2,pcm_latency,l1_miss_latency,CORE21,5,18.73,ns
correlation-redis-set-cores2,pcm_latency,l1_miss_latency,CORE21,6,27.18,ns
correlation-redis-set-cores2,pcm_latency,l1_miss_latency,CORE21,7,24.74,ns
correlation-redis-set-cores2,pcm_latency,l1_miss_latency,CORE21,8,27.13,ns
correlation-redis-set-cores2,pcm_latency,l1_miss_latency,CORE21,9,22.57,ns
correlation-redis-set-cores2,pcm_latency,l1_miss_latency,CORE21,10,24.79,ns
correlation-redis-set-cores2,pcm_latency,l1_miss_latency,CORE21,11,27.12,ns
correlation-redis-set-cores2,pcm_latency,l1_miss_latency,CORE21,12,25.03,ns
correlation-redis-set-cores2,pcm_latency,l1_miss_latency,CORE21,13,26.29,ns
correlation-redis-set-cores2,pcm_latency,l1_miss_latency,CORE21,14,26.46,ns
correlation-redis-set-cores2,pcm_latency,l1_miss_latency,CORE21,15,26.25,ns
correlation-redis-set-cores2,pcm_latency,l1_miss_latency,CORE21,16,24.17,ns
correlation-redis-set-cores2,pcm_latency,l1_miss_latency,CORE21,17,26.83,ns
correlation-redis-set-cores2,pcm_latency,l1_miss_latency,CORE21,18,26.99,ns
correlation-redis-set-cores2,pcm_latency,l1_miss_latency,CORE21,19,30.38,ns
correlation-redis-set-cores2,pcm_latency,l1_miss_latency,CORE21,20,26.63,ns
correlation-redis-set-cores2,pcm_latency,l1_miss_latency,CORE21,21,20.74,ns
correlation-redis-set-cores2,pcm_latency,l1_miss_latency,CORE21,22,21.63,ns
correlation-redis-set-cores2,pcm_latency,l1_miss_latency,CORE21,23,25.87,ns
correlation-redis-set-cores2,pcm_latency,l1_miss_latency,CORE21,24,26.71,ns
correlation-redis-set-cores2,pcm_latency,l1_miss_latency,CORE21,25,28.22,ns
correlation-redis-set-cores2,pcm_latency,l1_miss_latency,CORE21,26,27.44,ns
correlation-redis-set-cores2,pcm_latency,l1_miss_latency,CORE21,27,23.79,ns
correlation-redis-set-cores2,pcm_latency,l1_miss_latency,CORE21,28,29.05,ns
correlation-redis-set-cores2,pcm_latency,l1_miss_latency,CORE21,29,30.83,ns
correlation-redis-set-cores2,pcm_latency,l1_miss_latency,CORE21,30,28.08,ns
correlation-redis-set-cores2,pcm_latency,l1_miss_latency,CORE21,31,27.81,ns
correlation-redis-set-cores2,pcm_latency,l1_miss_latency,CORE21,32,27.15,ns
correlation-redis-set-cores2,pcm_latency,l1_miss_latency,CORE21,33,26.97,ns
correlation-redis-set-cores2,pcm_latency,l1_miss_latency,CORE21,34,18.27,ns
correlation-redis-set-cores2,pcm_latency,l1_miss_latency,CORE21,35,24.87,ns
correlation-redis-set-cores2,pcm_latency,l1_miss_latency,CORE21,36,16.54,ns
correlation-redis-set-cores2,pcm_latency,l1_miss_latency,CORE21,37,15.19,ns
correlation-redis-set-cores2,pcm_latency,l1_miss_latency,CORE21,38,19.45,ns
correlation-redis-set-cores2,pcm_latency,l1_miss_latency,CORE21,39,29.49,ns
correlation-redis-set-cores2,pcm_latency,l1_miss_latency,CORE21,40,24.45,ns
correlation-redis-set-cores2,pcm_latency,l1_miss_latency,CORE21,41,28.27,ns
correlation-redis-set-cores2,pcm_latency,l1_miss_latency,CORE21,42,30.57,ns
correlation-redis-set-cores2,pcm_latency,l1_miss_latency,CORE21,43,31.36,ns
correlation-redis-set-cores2,pcm_latency,l1_miss_latency,CORE21,44,26.39,ns
correlation-redis-set-cores2,pcm_latency,l1_miss_latency,CORE21,45,32.12,ns
correlation-redis-set-cores2,pcm_latency,l1_miss_latency,CORE21,46,28.95,ns
correlation-redis-set-cores2,pcm_latency,l1_miss_latency,CORE21,47,25.87,ns
correlation-redis-set-cores2,pcm_latency,l1_miss_latency,CORE21,48,23.73,ns
correlation-redis-set-cores2,pcm_latency,l1_miss_latency,CORE21,49,29.54,ns
correlation-redis-set-cores2,pcm_latency,l1_miss_latency,CORE21,50,28.3,ns
correlation-redis-set-cores2,pcm_latency,l1_miss_latency,CORE21,51,29.74,ns
correlation-redis-set-cores2,pcm_latency,l1_miss_latency,CORE21,52,23.62,ns
correlation-redis-set-cores2,pcm_latency,l1_miss_latency,CORE21,53,32.93,ns
correlation-redis-set-cores2,pcm_latency,l1_miss_latency,CORE21,54,27.87,ns
correlation-redis-set-cores2,pcm_latency,l1_miss_latency,CORE21,55,29.43,ns
correlation-redis-set-cores2,pcm_latency,l1_miss_latency,CORE21,56,26.01,ns
correlation-redis-set-cores2,pcm_latency,l1_miss_latency,CORE21,57,29.58,ns
correlation-redis-set-cores2,pcm_latency,l1_miss_latency,CORE21,58,29.12,ns
correlation-redis-set-cores2,pcm_latency,l1_miss_latency,CORE21,59,27.32,ns
correlation-redis-set-cores2,pcm_latency,l1_miss_latency,CORE22,0,38.13,ns
correlation-redis-set-cores2,pcm_latency,l1_miss_latency,CORE22,1,37.74,ns
correlation-redis-set-cores2,pcm_latency,l1_miss_latency,CORE22,2,38.66,ns
correlation-redis-set-cores2,pcm_latency,l1_miss_latency,CORE22,3,39.84,ns
correlation-redis-set-cores2,pcm_latency,l1_miss_latency,CORE22,4,34.14,ns
correlation-redis-set-cores2,pcm_latency,l1_miss_latency,CORE22,5,17.74,ns
correlation-redis-set-cores2,pcm_latency,l1_miss_latency,CORE22,6,40.86,ns
correlation-redis-set-cores2,pcm_latency,l1_miss_latency,CORE22,7,24.98,ns
correlation-redis-set-cores2,pcm_latency,l1_miss_latency,CORE22,8,32.69,ns
correlation-redis-set-cores2,pcm_latency,l1_miss_latency,CORE22,9,13.48,ns
correlation-redis-set-cores2,pcm_latency,l1_miss_latency,CORE22,10,31.18,ns
correlation-redis-set-cores2,pcm_latency,l1_miss_latency,CORE22,11,32.86,ns
correlation-redis-set-cores2,pcm_latency,l1_miss_latency,CORE22,12,39.0,ns
correlation-redis-set-cores2,pcm_latency,l1_miss_latency,CORE22,13,40.91,ns
correlation-redis-set-cores2,pcm_latency,l1_miss_latency,CORE22,14,40.83,ns
correlation-redis-set-cores2,pcm_latency,l1_miss_latency,CORE22,15,34.29,ns
correlation-redis-set-cores2,pcm_latency,l1_miss_latency,CORE22,16,39.07,ns
correlation-redis-set-cores2,pcm_latency,l1_miss_latency,CORE22,17,23.02,ns
correlation-redis-set-cores2,pcm_latency,l1_miss_latency,CORE22,18,36.61,ns
correlation-redis-set-cores2,pcm_latency,l1_miss_latency,CORE22,19,7.7,ns
correlation-redis-set-cores2,pcm_latency,l1_miss_latency,CORE22,20,42.05,ns
correlation-redis-set-cores2,pcm_latency,l1_miss_latency,CORE22,21,31.71,ns
correlation-redis-set-cores2,pcm_latency,l1_miss_latency,CORE22,22,38.13,ns
correlation-redis-set-cores2,pcm_latency,l1_miss_latency,CORE22,23,31.61,ns
correlation-redis-set-cores2,pcm_latency,l1_miss_latency,CORE22,24,32.22,ns
correlation-redis-set-cores2,pcm_latency,l1_miss_latency,CORE22,25,30.63,ns
correlation-redis-set-cores2,pcm_latency,l1_miss_latency,CORE22,26,32.54,ns
correlation-redis-set-cores2,pcm_latency,l1_miss_latency,CORE22,27,33.42,ns
correlation-redis-set-cores2,pcm_latency,l1_miss_latency,CORE22,28,31.92,ns
correlation-redis-set-cores2,pcm_latency,l1_miss_latency,CORE22,29,19.43,ns
correlation-redis-set-cores2,pcm_latency,l1_miss_latency,CORE22,30,34.6,ns
correlation-redis-set-cores2,pcm_latency,l1_miss_latency,CORE22,31,32.87,ns
correlation-redis-set-cores2,pcm_latency,l1_miss_latency,CORE22,32,31.22,ns
correlation-redis-set-cores2,pcm_latency,l1_miss_latency,CORE22,33,32.99,ns
correlation-redis-set-cores2,pcm_latency,l1_miss_latency,CORE22,34,27.86,ns
correlation-redis-set-cores2,pcm_latency,l1_miss_latency,CORE22,35,29.93,ns
correlation-redis-set-cores2,pcm_latency,l1_miss_latency,CORE22,36,31.46,ns
correlation-redis-set-cores2,pcm_latency,l1_miss_latency,CORE22,37,33.08,ns
correlation-redis-set-cores2,pcm_latency,l1_miss_latency,CORE22,38,7.96,ns
correlation-redis-set-cores2,pcm_latency,l1_miss_latency,CORE22,39,10.92,ns
correlation-redis-set-cores2,pcm_latency,l1_miss_latency,CORE22,40,38.42,ns
correlation-redis-set-cores2,pcm_latency,l1_miss_latency,CORE22,41,32.59,ns
correlation-redis-set-cores2,pcm_latency,l1_miss_latency,CORE22,42,33.41,ns
correlation-redis-set-cores2,pcm_latency,l1_miss_latency,CORE22,43,34.58,ns
correlation-redis-set-cores2,pcm_latency,l1_miss_latency,CORE22,44,33.2,ns
correlation-redis-set-cores2,pcm_latency,l1_miss_latency,CORE22,45,32.62,ns
correlation-redis-set-cores2,pcm_latency,l1_miss_latency,CORE22,46,36.33,ns
correlation-redis-set-cores2,pcm_latency,l1_miss_latency,CORE22,47,29.1,ns
correlation-redis-set-cores2,pcm_latency,l1_miss_latency,CORE22,48,34.14,ns
correlation-redis-set-cores2,pcm_latency,l1_miss_latency,CORE22,49,38.8,ns
correlation-redis-set-cores2,pcm_latency,l1_miss_latency,CORE22,50,12.41,ns
correlation-redis-set-cores2,pcm_latency,l1_miss_latency,CORE22,51,13.4,ns
correlation-redis-set-cores2,pcm_latency,l1_miss_latency,CORE22,52,30.65,ns
correlation-redis-set-cores2,pcm_latency,l1_miss_latency,CORE22,53,33.91,ns
correlation-redis-set-cores2,pcm_latency,l1_miss_latency,CORE22,54,12.98,ns
correlation-redis-set-cores2,pcm_latency,l1_miss_latency,CORE22,55,16.96,ns
correlation-redis-set-cores2,pcm_latency,l1_miss_latency,CORE22,56,32.64,ns
correlation-redis-set-cores2,pcm_latency,l1_miss_latency,CORE22,57,32.24,ns
correlation-redis-set-cores2,pcm_latency,l1_miss_latency,CORE22,58,33.34,ns
correlation-redis-set-cores2,pcm_latency,l1_miss_latency,CORE22,59,14.72,ns
correlation-redis-set-cores2,pcm_latency,l1_miss_latency,CORE23,0,33.06,ns
correlation-redis-set-cores2,pcm_latency,l1_miss_latency,CORE23,1,34.81,ns
correlation-redis-set-cores2,pcm_latency,l1_miss_latency,CORE23,2,35.39,ns
correlation-redis-set-cores2,pcm_latency,l1_miss_latency,CORE23,3,33.91,ns
correlation-redis-set-cores2,pcm_latency,l1_miss_latency,CORE23,4,36.18,ns
correlation-redis-set-cores2,pcm_latency,l1_miss_latency,CORE23,5,43.69,ns
correlation-redis-set-cores2,pcm_latency,l1_miss_latency,CORE23,6,33.4,ns
correlation-redis-set-cores2,pcm_latency,l1_miss_latency,CORE23,7,35.48,ns
correlation-redis-set-cores2,pcm_latency,l1_miss_latency,CORE23,8,31.98,ns
correlation-redis-set-cores2,pcm_latency,l1_miss_latency,CORE23,9,36.88,ns
correlation-redis-set-cores2,pcm_latency,l1_miss_latency,CORE23,10,37.54,ns
correlation-redis-set-cores2,pcm_latency,l1_miss_latency,CORE23,11,34.96,ns
correlation-redis-set-cores2,pcm_latency,l1_miss_latency,CORE23,12,41.48,ns
correlation-redis-set-cores2,pcm_latency,l1_miss_latency,CORE23,13,36.2,ns
correlation-redis-set-cores2,pcm_latency,l1_miss_latency,CORE23,14,34.73,ns
correlation-redis-set-cores2,pcm_latency,l1_miss_latency,CORE23,15,35.33,ns
correlation-redis-set-cores2,pcm_latency,l1_miss_latency,CORE23,16,40.75,ns
correlation-redis-set-cores2,pcm_latency,l1_miss_latency,CORE23,17,34.67,ns
correlation-redis-set-cores2,pcm_latency,l1_miss_latency,CORE23,18,34.75,ns
correlation-redis-set-cores2,pcm_latency,l1_miss_latency,CORE23,19,17.09,ns
correlation-redis-set-cores2,pcm_latency,l1_miss_latency,CORE23,20,37.27,ns
correlation-redis-set-cores2,pcm_latency,l1_miss_latency,CORE23,21,33.98,ns
correlation-redis-set-cores2,pcm_latency,l1_miss_latency,CORE23,22,38.48,ns
correlation-redis-set-cores2,pcm_latency,l1_miss_latency,CORE23,23,32.51,ns
correlation-redis-set-cores2,pcm_latency,l1_miss_latency,CORE23,24,34.55,ns
correlation-redis-set-cores2,pcm_latency,l1_miss_latency,CORE23,25,32.32,ns
correlation-redis-set-cores2,pcm_latency,l1_miss_latency,CORE23,26,32.52,ns
correlation-redis-set-cores2,pcm_latency,l1_miss_latency,CORE23,27,36.93,ns
correlation-redis-set-cores2,pcm_latency,l1_miss_latency,CORE23,28,32.93,ns
correlation-redis-set-cores2,pcm_latency,l1_miss_latency,CORE23,29,31.46,ns
correlation-redis-set-cores2,pcm_latency,l1_miss_latency,CORE23,30,32.55,ns
correlation-redis-set-cores2,pcm_latency,l1_miss_latency,CORE23,31,31.55,ns
correlation-redis-set-cores2,pcm_latency,l1_miss_latency,CORE23,32,34.57,ns
correlation-redis-set-cores2,pcm_latency,l1_miss_latency,CORE23,33,36.94,ns
correlation-redis-set-cores2,pcm_latency,l1_miss_latency,CORE23,34,32.78,ns
correlation-redis-set-cores2,pcm_latency,l1_miss_latency,CORE23,35,35.78,ns
correlation-redis-set-cores2,pcm_latency,l1_miss_latency,CORE23,36,32.79,ns
correlation-redis-set-cores2,pcm_latency,l1_miss_latency,CORE23,37,32.55,ns
correlation-redis-set-cores2,pcm_latency,l1_miss_latency,CORE23,38,18.33,ns
correlation-redis-set-cores2,pcm_latency,l1_miss_latency,CORE23,39,34.28,ns
correlation-redis-set-cores2,pcm_latency,l1_miss_latency,CORE23,40,30.83,ns
correlation-redis-set-cores2,pcm_latency,l1_miss_latency,CORE23,41,31.63,ns
correlation-redis-set-cores2,pcm_latency,l1_miss_latency,CORE23,42,33.65,ns
correlation-redis-set-cores2,pcm_latency,l1_miss_latency,CORE23,43,32.53,ns
correlation-redis-set-cores2,pcm_latency,l1_miss_latency,CORE23,44,34.7,ns
correlation-redis-set-cores2,pcm_latency,l1_miss_latency,CORE23,45,34.13,ns
correlation-redis-set-cores2,pcm_latency,l1_miss_latency,CORE23,46,32.73,ns
correlation-redis-set-cores2,pcm_latency,l1_miss_latency,CORE23,47,32.27,ns
correlation-redis-set-cores2,pcm_latency,l1_miss_latency,CORE23,48,33.19,ns
correlation-redis-set-cores2,pcm_latency,l1_miss_latency,CORE23,49,35.43,ns
correlation-redis-set-cores2,pcm_latency,l1_miss_latency,CORE23,50,38.44,ns
correlation-redis-set-cores2,pcm_latency,l1_miss_latency,CORE23,51,27.54,ns
correlation-redis-set-cores2,pcm_latency,l1_miss_latency,CORE23,52,34.27,ns
correlation-redis-set-cores2,pcm_latency,l1_miss_latency,CORE23,53,32.98,ns
correlation-redis-set-cores2,pcm_latency,l1_miss_latency,CORE23,54,23.8,ns
correlation-redis-set-cores2,pcm_latency,l1_miss_latency,CORE23,55,29.33,ns
correlation-redis-set-cores2,pcm_latency,l1_miss_latency,CORE23,56,35.5,ns
correlation-redis-set-cores2,pcm_latency,l1_miss_latency,CORE23,57,32.9,ns
correlation-redis-set-cores2,pcm_latency,l1_miss_latency,CORE23,58,32.58,ns
correlation-redis-set-cores2,pcm_latency,l1_miss_latency,CORE23,59,43.19,ns
correlation-redis-set-cores2,pcm_latency,l1_miss_latency,CORE24,0,41.61,ns
correlation-redis-set-cores2,pcm_latency,l1_miss_latency,CORE24,1,40.92,ns
correlation-redis-set-cores2,pcm_latency,l1_miss_latency,CORE24,2,27.93,ns
correlation-redis-set-cores2,pcm_latency,l1_miss_latency,CORE24,3,37.91,ns
correlation-redis-set-cores2,pcm_latency,l1_miss_latency,CORE24,4,34.02,ns
correlation-redis-set-cores2,pcm_latency,l1_miss_latency,CORE24,5,38.7,ns
correlation-redis-set-cores2,pcm_latency,l1_miss_latency,CORE24,6,34.44,ns
correlation-redis-set-cores2,pcm_latency,l1_miss_latency,CORE24,7,44.04,ns
correlation-redis-set-cores2,pcm_latency,l1_miss_latency,CORE24,8,42.49,ns
correlation-redis-set-cores2,pcm_latency,l1_miss_latency,CORE24,9,34.22,ns
correlation-redis-set-cores2,pcm_latency,l1_miss_latency,CORE24,10,39.23,ns
correlation-redis-set-cores2,pcm_latency,l1_miss_latency,CORE24,11,34.45,ns
correlation-redis-set-cores2,pcm_latency,l1_miss_latency,CORE24,12,42.37,ns
correlation-redis-set-cores2,pcm_latency,l1_miss_latency,CORE24,13,44.94,ns
correlation-redis-set-cores2,pcm_latency,l1_miss_latency,CORE24,14,36.11,ns
correlation-redis-set-cores2,pcm_latency,l1_miss_latency,CORE24,15,35.11,ns
correlation-redis-set-cores2,pcm_latency,l1_miss_latency,CORE24,16,42.14,ns
correlation-redis-set-cores2,pcm_latency,l1_miss_latency,CORE24,17,35.72,ns
correlation-redis-set-cores2,pcm_latency,l1_miss_latency,CORE24,18,43.18,ns
correlation-redis-set-cores2,pcm_latency,l1_miss_latency,CORE24,19,41.86,ns
correlation-redis-set-cores2,pcm_latency,l1_miss_latency,CORE24,20,42.93,ns
correlation-redis-set-cores2,pcm_latency,l1_miss_latency,CORE24,21,33.47,ns
correlation-redis-set-cores2,pcm_latency,l1_miss_latency,CORE24,22,43.73,ns
correlation-redis-set-cores2,pcm_latency,l1_miss_latency,CORE24,23,41.17,ns
correlation-redis-set-cores2,pcm_latency,l1_miss_latency,CORE24,24,61.43,ns
correlation-redis-set-cores2,pcm_latency,l1_miss_latency,CORE24,25,35.77,ns
correlation-redis-set-cores2,pcm_latency,l1_miss_latency,CORE24,26,35.77,ns
correlation-redis-set-cores2,pcm_latency,l1_miss_latency,CORE24,27,38.19,ns
correlation-redis-set-cores2,pcm_latency,l1_miss_latency,CORE24,28,37.05,ns
correlation-redis-set-cores2,pcm_latency,l1_miss_latency,CORE24,29,48.12,ns
correlation-redis-set-cores2,pcm_latency,l1_miss_latency,CORE24,30,35.4,ns
correlation-redis-set-cores2,pcm_latency,l1_miss_latency,CORE24,31,35.75,ns
correlation-redis-set-cores2,pcm_latency,l1_miss_latency,CORE24,32,42.93,ns
correlation-redis-set-cores2,pcm_latency,l1_miss_latency,CORE24,33,39.78,ns
correlation-redis-set-cores2,pcm_latency,l1_miss_latency,CORE24,34,38.85,ns
correlation-redis-set-cores2,pcm_latency,l1_miss_latency,CORE24,35,33.16,ns
correlation-redis-set-cores2,pcm_latency,l1_miss_latency,CORE24,36,33.66,ns
correlation-redis-set-cores2,pcm_latency,l1_miss_latency,CORE24,37,45.04,ns
correlation-redis-set-cores2,pcm_latency,l1_miss_latency,CORE24,38,37.16,ns
correlation-redis-set-cores2,pcm_latency,l1_miss_latency,CORE24,39,32.34,ns
correlation-redis-set-cores2,pcm_latency,l1_miss_latency,CORE24,40,33.31,ns
correlation-redis-set-cores2,pcm_latency,l1_miss_latency,CORE24,41,32.13,ns
correlation-redis-set-cores2,pcm_latency,l1_miss_latency,CORE24,42,40.97,ns
correlation-redis-set-cores2,pcm_latency,l1_miss_latency,CORE24,43,33.42,ns
correlation-redis-set-cores2,pcm_latency,l1_miss_latency,CORE24,44,33.63,ns
correlation-redis-set-cores2,pcm_latency,l1_miss_latency,CORE24,45,39.03,ns
correlation-redis-set-cores2,pcm_latency,l1_miss_latency,CORE24,46,41.28,ns
correlation-redis-set-cores2,pcm_latency,l1_miss_latency,CORE24,47,35.43,ns
correlation-redis-set-cores2,pcm_latency,l1_miss_latency,CORE24,48,34.45,ns
correlation-redis-set-cores2,pcm_latency,l1_miss_latency,CORE24,49,42.59,ns
correlation-redis-set-cores2,pcm_latency,l1_miss_latency,CORE24,50,43.61,ns
correlation-redis-set-cores2,pcm_latency,l1_miss_latency,CORE24,51,44.11,ns
correlation-redis-set-cores2,pcm_latency,l1_miss_latency,CORE24,52,36.09,ns
correlation-redis-set-cores2,pcm_latency,l1_miss_latency,CORE24,53,34.61,ns
correlation-redis-set-cores2,pcm_latency,l1_miss_latency,CORE24,54,38.41,ns
correlation-redis-set-cores2,pcm_latency,l1_miss_latency,CORE24,55,53.46,ns
correlation-redis-set-cores2,pcm_latency,l1_miss_latency,CORE24,56,33.21,ns
correlation-redis-set-cores2,pcm_latency,l1_miss_latency,CORE24,57,33.39,ns
correlation-redis-set-cores2,pcm_latency,l1_miss_latency,CORE24,58,34.73,ns
correlation-redis-set-cores2,pcm_latency,l1_miss_latency,CORE24,59,49.58,ns
correlation-redis-set-cores2,pcm_latency,l1_miss_latency,CORE25,0,35.04,ns
correlation-redis-set-cores2,pcm_latency,l1_miss_latency,CORE25,1,32.03,ns
correlation-redis-set-cores2,pcm_latency,l1_miss_latency,CORE25,2,38.74,ns
correlation-redis-set-cores2,pcm_latency,l1_miss_latency,CORE25,3,33.8,ns
correlation-redis-set-cores2,pcm_latency,l1_miss_latency,CORE25,4,35.08,ns
correlation-redis-set-cores2,pcm_latency,l1_miss_latency,CORE25,5,45.58,ns
correlation-redis-set-cores2,pcm_latency,l1_miss_latency,CORE25,6,37.83,ns
correlation-redis-set-cores2,pcm_latency,l1_miss_latency,CORE25,7,40.43,ns
correlation-redis-set-cores2,pcm_latency,l1_miss_latency,CORE25,8,39.56,ns
correlation-redis-set-cores2,pcm_latency,l1_miss_latency,CORE25,9,38.44,ns
correlation-redis-set-cores2,pcm_latency,l1_miss_latency,CORE25,10,35.24,ns
correlation-redis-set-cores2,pcm_latency,l1_miss_latency,CORE25,11,39.13,ns
correlation-redis-set-cores2,pcm_latency,l1_miss_latency,CORE25,12,41.57,ns
correlation-redis-set-cores2,pcm_latency,l1_miss_latency,CORE25,13,38.25,ns
correlation-redis-set-cores2,pcm_latency,l1_miss_latency,CORE25,14,36.11,ns
correlation-redis-set-cores2,pcm_latency,l1_miss_latency,CORE25,15,36.09,ns
correlation-redis-set-cores2,pcm_latency,l1_miss_latency,CORE25,16,44.39,ns
correlation-redis-set-cores2,pcm_latency,l1_miss_latency,CORE25,17,38.54,ns
correlation-redis-set-cores2,pcm_latency,l1_miss_latency,CORE25,18,38.53,ns
correlation-redis-set-cores2,pcm_latency,l1_miss_latency,CORE25,19,39.46,ns
correlation-redis-set-cores2,pcm_latency,l1_miss_latency,CORE25,20,40.53,ns
correlation-redis-set-cores2,pcm_latency,l1_miss_latency,CORE25,21,34.85,ns
correlation-redis-set-cores2,pcm_latency,l1_miss_latency,CORE25,22,45.93,ns
correlation-redis-set-cores2,pcm_latency,l1_miss_latency,CORE25,23,39.66,ns
correlation-redis-set-cores2,pcm_latency,l1_miss_latency,CORE25,24,35.95,ns
correlation-redis-set-cores2,pcm_latency,l1_miss_latency,CORE25,25,32.59,ns
correlation-redis-set-cores2,pcm_latency,l1_miss_latency,CORE25,26,40.79,ns
correlation-redis-set-cores2,pcm_latency,l1_miss_latency,CORE25,27,42.29,ns
correlation-redis-set-cores2,pcm_latency,l1_miss_latency,CORE25,28,39.96,ns
correlation-redis-set-cores2,pcm_latency,l1_miss_latency,CORE25,29,38.53,ns
correlation-redis-set-cores2,pcm_latency,l1_miss_latency,CORE25,30,36.38,ns
correlation-redis-set-cores2,pcm_latency,l1_miss_latency,CORE25,31,34.81,ns
correlation-redis-set-cores2,pcm_latency,l1_miss_latency,CORE25,32,38.84,ns
correlation-redis-set-cores2,pcm_latency,l1_miss_latency,CORE25,33,36.29,ns
correlation-redis-set-cores2,pcm_latency,l1_miss_latency,CORE25,34,39.5,ns
correlation-redis-set-cores2,pcm_latency,l1_miss_latency,CORE25,35,43.14,ns
correlation-redis-set-cores2,pcm_latency,l1_miss_latency,CORE25,36,39.85,ns
correlation-redis-set-cores2,pcm_latency,l1_miss_latency,CORE25,37,45.66,ns
correlation-redis-set-cores2,pcm_latency,l1_miss_latency,CORE25,38,39.89,ns
correlation-redis-set-cores2,pcm_latency,l1_miss_latency,CORE25,39,45.18,ns
correlation-redis-set-cores2,pcm_latency,l1_miss_latency,CORE25,40,42.16,ns
correlation-redis-set-cores2,pcm_latency,l1_miss_latency,CORE25,41,41.92,ns
correlation-redis-set-cores2,pcm_latency,l1_miss_latency,CORE25,42,40.8,ns
correlation-redis-set-cores2,pcm_latency,l1_miss_latency,CORE25,43,40.15,ns
correlation-redis-set-cores2,pcm_latency,l1_miss_latency,CORE25,44,38.39,ns
correlation-redis-set-cores2,pcm_latency,l1_miss_latency,CORE25,45,37.12,ns
correlation-redis-set-cores2,pcm_latency,l1_miss_latency,CORE25,46,40.02,ns
correlation-redis-set-cores2,pcm_latency,l1_miss_latency,CORE25,47,40.65,ns
correlation-redis-set-cores2,pcm_latency,l1_miss_latency,CORE25,48,35.11,ns
correlation-redis-set-cores2,pcm_latency,l1_miss_latency,CORE25,49,41.35,ns
correlation-redis-set-cores2,pcm_latency,l1_miss_latency,CORE25,50,36.92,ns
correlation-redis-set-cores2,pcm_latency,l1_miss_latency,CORE25,51,33.29,ns
correlation-redis-set-cores2,pcm_latency,l1_miss_latency,CORE25,52,47.98,ns
correlation-redis-set-cores2,pcm_latency,l1_miss_latency,CORE25,53,35.6,ns
correlation-redis-set-cores2,pcm_latency,l1_miss_latency,CORE25,54,35.23,ns
correlation-redis-set-cores2,pcm_latency,l1_miss_latency,CORE25,55,38.65,ns
correlation-redis-set-cores2,pcm_latency,l1_miss_latency,CORE25,56,43.34,ns
correlation-redis-set-cores2,pcm_latency,l1_miss_latency,CORE25,57,39.6,ns
correlation-redis-set-cores2,pcm_latency,l1_miss_latency,CORE25,58,37.29,ns
correlation-redis-set-cores2,pcm_latency,l1_miss_latency,CORE25,59,39.8,ns
correlation-redis-set-cores2,pcm_latency,l1_miss_latency,CORE26,0,31.44,ns
correlation-redis-set-cores2,pcm_latency,l1_miss_latency,CORE26,1,38.46,ns
correlation-redis-set-cores2,pcm_latency,l1_miss_latency,CORE26,2,37.12,ns
correlation-redis-set-cores2,pcm_latency,l1_miss_latency,CORE26,3,34.74,ns
correlation-redis-set-cores2,pcm_latency,l1_miss_latency,CORE26,4,22.94,ns
correlation-redis-set-cores2,pcm_latency,l1_miss_latency,CORE26,5,18.76,ns
correlation-redis-set-cores2,pcm_latency,l1_miss_latency,CORE26,6,35.17,ns
correlation-redis-set-cores2,pcm_latency,l1_miss_latency,CORE26,7,31.89,ns
correlation-redis-set-cores2,pcm_latency,l1_miss_latency,CORE26,8,35.14,ns
correlation-redis-set-cores2,pcm_latency,l1_miss_latency,CORE26,9,35.02,ns
correlation-redis-set-cores2,pcm_latency,l1_miss_latency,CORE26,10,37.5,ns
correlation-redis-set-cores2,pcm_latency,l1_miss_latency,CORE26,11,35.16,ns
correlation-redis-set-cores2,pcm_latency,l1_miss_latency,CORE26,12,33.64,ns
correlation-redis-set-cores2,pcm_latency,l1_miss_latency,CORE26,13,34.04,ns
correlation-redis-set-cores2,pcm_latency,l1_miss_latency,CORE26,14,33.83,ns
correlation-redis-set-cores2,pcm_latency,l1_miss_latency,CORE26,15,37.51,ns
correlation-redis-set-cores2,pcm_latency,l1_miss_latency,CORE26,16,39.36,ns
correlation-redis-set-cores2,pcm_latency,l1_miss_latency,CORE26,17,37.57,ns
correlation-redis-set-cores2,pcm_latency,l1_miss_latency,CORE26,18,37.06,ns
correlation-redis-set-cores2,pcm_latency,l1_miss_latency,CORE26,19,31.9,ns
correlation-redis-set-cores2,pcm_latency,l1_miss_latency,CORE26,20,35.57,ns
correlation-redis-set-cores2,pcm_latency,l1_miss_latency,CORE26,21,32.06,ns
correlation-redis-set-cores2,pcm_latency,l1_miss_latency,CORE26,22,32.0,ns
correlation-redis-set-cores2,pcm_latency,l1_miss_latency,CORE26,23,32.35,ns
correlation-redis-set-cores2,pcm_latency,l1_miss_latency,CORE26,24,32.04,ns
correlation-redis-set-cores2,pcm_latency,l1_miss_latency,CORE26,25,31.58,ns
correlation-redis-set-cores2,pcm_latency,l1_miss_latency,CORE26,26,31.94,ns
correlation-redis-set-cores2,pcm_latency,l1_miss_latency,CORE26,27,31.57,ns
correlation-redis-set-cores2,pcm_latency,l1_miss_latency,CORE26,28,32.05,ns
correlation-redis-set-cores2,pcm_latency,l1_miss_latency,CORE26,29,31.71,ns
correlation-redis-set-cores2,pcm_latency,l1_miss_latency,CORE26,30,30.93,ns
correlation-redis-set-cores2,pcm_latency,l1_miss_latency,CORE26,31,32.18,ns
correlation-redis-set-cores2,pcm_latency,l1_miss_latency,CORE26,32,31.43,ns
correlation-redis-set-cores2,pcm_latency,l1_miss_latency,CORE26,33,32.62,ns
correlation-redis-set-cores2,pcm_latency,l1_miss_latency,CORE26,34,33.03,ns
correlation-redis-set-cores2,pcm_latency,l1_miss_latency,CORE26,35,35.33,ns
correlation-redis-set-cores2,pcm_latency,l1_miss_latency,CORE26,36,34.21,ns
correlation-redis-set-cores2,pcm_latency,l1_miss_latency,CORE26,37,34.86,ns
correlation-redis-set-cores2,pcm_latency,l1_miss_latency,CORE26,38,37.45,ns
correlation-redis-set-cores2,pcm_latency,l1_miss_latency,CORE26,39,44.47,ns
correlation-redis-set-cores2,pcm_latency,l1_miss_latency,CORE26,40,37.91,ns
correlation-redis-set-cores2,pcm_latency,l1_miss_latency,CORE26,41,37.95,ns
correlation-redis-set-cores2,pcm_latency,l1_miss_latency,CORE26,42,44.43,ns
correlation-redis-set-cores2,pcm_latency,l1_miss_latency,CORE26,43,41.14,ns
correlation-redis-set-cores2,pcm_latency,l1_miss_latency,CORE26,44,36.28,ns
correlation-redis-set-cores2,pcm_latency,l1_miss_latency,CORE26,45,38.99,ns
correlation-redis-set-cores2,pcm_latency,l1_miss_latency,CORE26,46,39.87,ns
correlation-redis-set-cores2,pcm_latency,l1_miss_latency,CORE26,47,37.07,ns
correlation-redis-set-cores2,pcm_latency,l1_miss_latency,CORE26,48,42.02,ns
correlation-redis-set-cores2,pcm_latency,l1_miss_latency,CORE26,49,41.42,ns
correlation-redis-set-cores2,pcm_latency,l1_miss_latency,CORE26,50,40.81,ns
correlation-redis-set-cores2,pcm_latency,l1_miss_latency,CORE26,51,21.87,ns
correlation-redis-set-cores2,pcm_latency,l1_miss_latency,CORE26,52,40.12,ns
correlation-redis-set-cores2,pcm_latency,l1_miss_latency,CORE26,53,25.5,ns
correlation-redis-set-cores2,pcm_latency,l1_miss_latency,CORE26,54,29.64,ns
correlation-redis-set-cores2,pcm_latency,l1_miss_latency,CORE26,55,29.49,ns
correlation-redis-set-cores2,pcm_latency,l1_miss_latency,CORE26,56,30.04,ns
correlation-redis-set-cores2,pcm_latency,l1_miss_latency,CORE26,57,28.87,ns
correlation-redis-set-cores2,pcm_latency,l1_miss_latency,CORE26,58,31.01,ns
correlation-redis-set-cores2,pcm_latency,l1_miss_latency,CORE26,59,32.77,ns
correlation-redis-set-cores2,pcm_latency,l1_miss_latency,CORE27,0,32.41,ns
correlation-redis-set-cores2,pcm_latency,l1_miss_latency,CORE27,1,34.5,ns
correlation-redis-set-cores2,pcm_latency,l1_miss_latency,CORE27,2,38.84,ns
correlation-redis-set-cores2,pcm_latency,l1_miss_latency,CORE27,3,14.76,ns
correlation-redis-set-cores2,pcm_latency,l1_miss_latency,CORE27,4,31.33,ns
correlation-redis-set-cores2,pcm_latency,l1_miss_latency,CORE27,5,38.98,ns
correlation-redis-set-cores2,pcm_latency,l1_miss_latency,CORE27,6,37.78,ns
correlation-redis-set-cores2,pcm_latency,l1_miss_latency,CORE27,7,37.84,ns
correlation-redis-set-cores2,pcm_latency,l1_miss_latency,CORE27,8,37.32,ns
correlation-redis-set-cores2,pcm_latency,l1_miss_latency,CORE27,9,35.46,ns
correlation-redis-set-cores2,pcm_latency,l1_miss_latency,CORE27,10,37.33,ns
correlation-redis-set-cores2,pcm_latency,l1_miss_latency,CORE27,11,37.22,ns
correlation-redis-set-cores2,pcm_latency,l1_miss_latency,CORE27,12,36.44,ns
correlation-redis-set-cores2,pcm_latency,l1_miss_latency,CORE27,13,15.24,ns
correlation-redis-set-cores2,pcm_latency,l1_miss_latency,CORE27,14,37.93,ns
correlation-redis-set-cores2,pcm_latency,l1_miss_latency,CORE27,15,37.94,ns
correlation-redis-set-cores2,pcm_latency,l1_miss_latency,CORE27,16,39.1,ns
correlation-redis-set-cores2,pcm_latency,l1_miss_latency,CORE27,17,37.76,ns
correlation-redis-set-cores2,pcm_latency,l1_miss_latency,CORE27,18,37.31,ns
correlation-redis-set-cores2,pcm_latency,l1_miss_latency,CORE27,19,38.24,ns
correlation-redis-set-cores2,pcm_latency,l1_miss_latency,CORE27,20,37.89,ns
correlation-redis-set-cores2,pcm_latency,l1_miss_latency,CORE27,21,37.45,ns
correlation-redis-set-cores2,pcm_latency,l1_miss_latency,CORE27,22,36.64,ns
correlation-redis-set-cores2,pcm_latency,l1_miss_latency,CORE27,23,14.95,ns
correlation-redis-set-cores2,pcm_latency,l1_miss_latency,CORE27,24,37.2,ns
correlation-redis-set-cores2,pcm_latency,l1_miss_latency,CORE27,25,36.47,ns
correlation-redis-set-cores2,pcm_latency,l1_miss_latency,CORE27,26,37.71,ns
correlation-redis-set-cores2,pcm_latency,l1_miss_latency,CORE27,27,33.96,ns
correlation-redis-set-cores2,pcm_latency,l1_miss_latency,CORE27,28,36.97,ns
correlation-redis-set-cores2,pcm_latency,l1_miss_latency,CORE27,29,37.1,ns
correlation-redis-set-cores2,pcm_latency,l1_miss_latency,CORE27,30,38.32,ns
correlation-redis-set-cores2,pcm_latency,l1_miss_latency,CORE27,31,37.29,ns
correlation-redis-set-cores2,pcm_latency,l1_miss_latency,CORE27,32,38.12,ns
correlation-redis-set-cores2,pcm_latency,l1_miss_latency,CORE27,33,15.43,ns
correlation-redis-set-cores2,pcm_latency,l1_miss_latency,CORE27,34,27.25,ns
correlation-redis-set-cores2,pcm_latency,l1_miss_latency,CORE27,35,33.7,ns
correlation-redis-set-cores2,pcm_latency,l1_miss_latency,CORE27,36,28.43,ns
correlation-redis-set-cores2,pcm_latency,l1_miss_latency,CORE27,37,22.14,ns
correlation-redis-set-cores2,pcm_latency,l1_miss_latency,CORE27,38,29.81,ns
correlation-redis-set-cores2,pcm_latency,l1_miss_latency,CORE27,39,27.23,ns
correlation-redis-set-cores2,pcm_latency,l1_miss_latency,CORE27,40,28.96,ns
correlation-redis-set-cores2,pcm_latency,l1_miss_latency,CORE27,41,29.06,ns
correlation-redis-set-cores2,pcm_latency,l1_miss_latency,CORE27,42,28.42,ns
correlation-redis-set-cores2,pcm_latency,l1_miss_latency,CORE27,43,19.62,ns
correlation-redis-set-cores2,pcm_latency,l1_miss_latency,CORE27,44,28.31,ns
correlation-redis-set-cores2,pcm_latency,l1_miss_latency,CORE27,45,28.01,ns
correlation-redis-set-cores2,pcm_latency,l1_miss_latency,CORE27,46,28.29,ns
correlation-redis-set-cores2,pcm_latency,l1_miss_latency,CORE27,47,29.47,ns
correlation-redis-set-cores2,pcm_latency,l1_miss_latency,CORE27,48,29.07,ns
correlation-redis-set-cores2,pcm_latency,l1_miss_latency,CORE27,49,29.37,ns
correlation-redis-set-cores2,pcm_latency,l1_miss_latency,CORE27,50,11.47,ns
correlation-redis-set-cores2,pcm_latency,l1_miss_latency,CORE27,51,26.48,ns
correlation-redis-set-cores2,pcm_latency,l1_miss_latency,CORE27,52,27.31,ns
correlation-redis-set-cores2,pcm_latency,l1_miss_latency,CORE27,53,14.92,ns
correlation-redis-set-cores2,pcm_latency,l1_miss_latency,CORE27,54,22.54,ns
correlation-redis-set-cores2,pcm_latency,l1_miss_latency,CORE27,55,17.59,ns
correlation-redis-set-cores2,pcm_latency,l1_miss_latency,CORE27,56,13.99,ns
correlation-redis-set-cores2,pcm_latency,l1_miss_latency,CORE27,57,15.9,ns
correlation-redis-set-cores2,pcm_latency,l1_miss_latency,CORE27,58,14.51,ns
correlation-redis-set-cores2,pcm_latency,l1_miss_latency,CORE27,59,14.52,ns
correlation-redis-set-cores2,pcm_latency,l1_miss_latency,CORE28,0,40.38,ns
correlation-redis-set-cores2,pcm_latency,l1_miss_latency,CORE28,1,37.26,ns
correlation-redis-set-cores2,pcm_latency,l1_miss_latency,CORE28,2,26.27,ns
correlation-redis-set-cores2,pcm_latency,l1_miss_latency,CORE28,3,60.42,ns
correlation-redis-set-cores2,pcm_latency,l1_miss_latency,CORE28,4,17.5,ns
correlation-redis-set-cores2,pcm_latency,l1_miss_latency,CORE28,5,29.13,ns
correlation-redis-set-cores2,pcm_latency,l1_miss_latency,CORE28,6,17.95,ns
correlation-redis-set-cores2,pcm_latency,l1_miss_latency,CORE28,7,18.13,ns
correlation-redis-set-cores2,pcm_latency,l1_miss_latency,CORE28,8,17.33,ns
correlation-redis-set-cores2,pcm_latency,l1_miss_latency,CORE28,9,16.82,ns
correlation-redis-set-cores2,pcm_latency,l1_miss_latency,CORE28,10,19.55,ns
correlation-redis-set-cores2,pcm_latency,l1_miss_latency,CORE28,11,17.78,ns
correlation-redis-set-cores2,pcm_latency,l1_miss_latency,CORE28,12,17.66,ns
correlation-redis-set-cores2,pcm_latency,l1_miss_latency,CORE28,13,16.67,ns
correlation-redis-set-cores2,pcm_latency,l1_miss_latency,CORE28,14,17.55,ns
correlation-redis-set-cores2,pcm_latency,l1_miss_latency,CORE28,15,24.69,ns
correlation-redis-set-cores2,pcm_latency,l1_miss_latency,CORE28,16,19.35,ns
correlation-redis-set-cores2,pcm_latency,l1_miss_latency,CORE28,17,16.66,ns
correlation-redis-set-cores2,pcm_latency,l1_miss_latency,CORE28,18,16.51,ns
correlation-redis-set-cores2,pcm_latency,l1_miss_latency,CORE28,19,17.56,ns
correlation-redis-set-cores2,pcm_latency,l1_miss_latency,CORE28,20,16.69,ns
correlation-redis-set-cores2,pcm_latency,l1_miss_latency,CORE28,21,17.15,ns
correlation-redis-set-cores2,pcm_latency,l1_miss_latency,CORE28,22,19.11,ns
correlation-redis-set-cores2,pcm_latency,l1_miss_latency,CORE28,23,17.43,ns
correlation-redis-set-cores2,pcm_latency,l1_miss_latency,CORE28,24,17.34,ns
correlation-redis-set-cores2,pcm_latency,l1_miss_latency,CORE28,25,18.27,ns
correlation-redis-set-cores2,pcm_latency,l1_miss_latency,CORE28,26,17.82,ns
correlation-redis-set-cores2,pcm_latency,l1_miss_latency,CORE28,27,17.59,ns
correlation-redis-set-cores2,pcm_latency,l1_miss_latency,CORE28,28,17.9,ns
correlation-redis-set-cores2,pcm_latency,l1_miss_latency,CORE28,29,17.33,ns
correlation-redis-set-cores2,pcm_latency,l1_miss_latency,CORE28,30,16.82,ns
correlation-redis-set-cores2,pcm_latency,l1_miss_latency,CORE28,31,16.62,ns
correlation-redis-set-cores2,pcm_latency,l1_miss_latency,CORE28,32,18.33,ns
correlation-redis-set-cores2,pcm_latency,l1_miss_latency,CORE28,33,19.88,ns
correlation-redis-set-cores2,pcm_latency,l1_miss_latency,CORE28,34,29.25,ns
correlation-redis-set-cores2,pcm_latency,l1_miss_latency,CORE28,35,19.07,ns
correlation-redis-set-cores2,pcm_latency,l1_miss_latency,CORE28,36,20.31,ns
correlation-redis-set-cores2,pcm_latency,l1_miss_latency,CORE28,37,16.25,ns
correlation-redis-set-cores2,pcm_latency,l1_miss_latency,CORE28,38,25.53,ns
correlation-redis-set-cores2,pcm_latency,l1_miss_latency,CORE28,39,18.7,ns
correlation-redis-set-cores2,pcm_latency,l1_miss_latency,CORE28,40,21.06,ns
correlation-redis-set-cores2,pcm_latency,l1_miss_latency,CORE28,41,17.74,ns
correlation-redis-set-cores2,pcm_latency,l1_miss_latency,CORE28,42,18.53,ns
correlation-redis-set-cores2,pcm_latency,l1_miss_latency,CORE28,43,18.57,ns
correlation-redis-set-cores2,pcm_latency,l1_miss_latency,CORE28,44,19.94,ns
correlation-redis-set-cores2,pcm_latency,l1_miss_latency,CORE28,45,17.83,ns
correlation-redis-set-cores2,pcm_latency,l1_miss_latency,CORE28,46,18.42,ns
correlation-redis-set-cores2,pcm_latency,l1_miss_latency,CORE28,47,18.01,ns
correlation-redis-set-cores2,pcm_latency,l1_miss_latency,CORE28,48,17.61,ns
correlation-redis-set-cores2,pcm_latency,l1_miss_latency,CORE28,49,19.45,ns
correlation-redis-set-cores2,pcm_latency,l1_miss_latency,CORE28,50,42.0,ns
correlation-redis-set-cores2,pcm_latency,l1_miss_latency,CORE28,51,42.27,ns
correlation-redis-set-cores2,pcm_latency,l1_miss_latency,CORE28,52,39.56,ns
correlation-redis-set-cores2,pcm_latency,l1_miss_latency,CORE28,53,33.19,ns
correlation-redis-set-cores2,pcm_latency,l1_miss_latency,CORE28,54,48.7,ns
correlation-redis-set-cores2,pcm_latency,l1_miss_latency,CORE28,55,48.17,ns
correlation-redis-set-cores2,pcm_latency,l1_miss_latency,CORE28,56,39.76,ns
correlation-redis-set-cores2,pcm_latency,l1_miss_latency,CORE28,57,40.22,ns
correlation-redis-set-cores2,pcm_latency,l1_miss_latency,CORE28,58,38.86,ns
correlation-redis-set-cores2,pcm_latency,l1_miss_latency,CORE28,59,41.18,ns
correlation-redis-set-cores2,pcm_latency,l1_miss_latency,CORE29,0,35.23,ns
correlation-redis-set-cores2,pcm_latency,l1_miss_latency,CORE29,1,37.53,ns
correlation-redis-set-cores2,pcm_latency,l1_miss_latency,CORE29,2,37.92,ns
correlation-redis-set-cores2,pcm_latency,l1_miss_latency,CORE29,3,38.94,ns
correlation-redis-set-cores2,pcm_latency,l1_miss_latency,CORE29,4,38.26,ns
correlation-redis-set-cores2,pcm_latency,l1_miss_latency,CORE29,5,39.22,ns
correlation-redis-set-cores2,pcm_latency,l1_miss_latency,CORE29,6,37.89,ns
correlation-redis-set-cores2,pcm_latency,l1_miss_latency,CORE29,7,38.29,ns
correlation-redis-set-cores2,pcm_latency,l1_miss_latency,CORE29,8,37.92,ns
correlation-redis-set-cores2,pcm_latency,l1_miss_latency,CORE29,9,38.08,ns
correlation-redis-set-cores2,pcm_latency,l1_miss_latency,CORE29,10,39.13,ns
correlation-redis-set-cores2,pcm_latency,l1_miss_latency,CORE29,11,38.32,ns
correlation-redis-set-cores2,pcm_latency,l1_miss_latency,CORE29,12,38.07,ns
correlation-redis-set-cores2,pcm_latency,l1_miss_latency,CORE29,13,38.09,ns
correlation-redis-set-cores2,pcm_latency,l1_miss_latency,CORE29,14,37.75,ns
correlation-redis-set-cores2,pcm_latency,l1_miss_latency,CORE29,15,38.07,ns
correlation-redis-set-cores2,pcm_latency,l1_miss_latency,CORE29,16,37.94,ns
correlation-redis-set-cores2,pcm_latency,l1_miss_latency,CORE29,17,37.86,ns
correlation-redis-set-cores2,pcm_latency,l1_miss_latency,CORE29,18,38.17,ns
correlation-redis-set-cores2,pcm_latency,l1_miss_latency,CORE29,19,39.75,ns
correlation-redis-set-cores2,pcm_latency,l1_miss_latency,CORE29,20,37.83,ns
correlation-redis-set-cores2,pcm_latency,l1_miss_latency,CORE29,21,37.42,ns
correlation-redis-set-cores2,pcm_latency,l1_miss_latency,CORE29,22,38.35,ns
correlation-redis-set-cores2,pcm_latency,l1_miss_latency,CORE29,23,38.83,ns
correlation-redis-set-cores2,pcm_latency,l1_miss_latency,CORE29,24,38.71,ns
correlation-redis-set-cores2,pcm_latency,l1_miss_latency,CORE29,25,38.35,ns
correlation-redis-set-cores2,pcm_latency,l1_miss_latency,CORE29,26,37.96,ns
correlation-redis-set-cores2,pcm_latency,l1_miss_latency,CORE29,27,37.57,ns
correlation-redis-set-cores2,pcm_latency,l1_miss_latency,CORE29,28,37.16,ns
correlation-redis-set-cores2,pcm_latency,l1_miss_latency,CORE29,29,37.25,ns
correlation-redis-set-cores2,pcm_latency,l1_miss_latency,CORE29,30,37.39,ns
correlation-redis-set-cores2,pcm_latency,l1_miss_latency,CORE29,31,38.43,ns
correlation-redis-set-cores2,pcm_latency,l1_miss_latency,CORE29,32,38.47,ns
correlation-redis-set-cores2,pcm_latency,l1_miss_latency,CORE29,33,36.9,ns
correlation-redis-set-cores2,pcm_latency,l1_miss_latency,CORE29,34,36.7,ns
correlation-redis-set-cores2,pcm_latency,l1_miss_latency,CORE29,35,33.59,ns
correlation-redis-set-cores2,pcm_latency,l1_miss_latency,CORE29,36,34.0,ns
correlation-redis-set-cores2,pcm_latency,l1_miss_latency,CORE29,37,36.7,ns
correlation-redis-set-cores2,pcm_latency,l1_miss_latency,CORE29,38,39.09,ns
correlation-redis-set-cores2,pcm_latency,l1_miss_latency,CORE29,39,38.97,ns
correlation-redis-set-cores2,pcm_latency,l1_miss_latency,CORE29,40,37.78,ns
correlation-redis-set-cores2,pcm_latency,l1_miss_latency,CORE29,41,39.51,ns
correlation-redis-set-cores2,pcm_latency,l1_miss_latency,CORE29,42,38.52,ns
correlation-redis-set-cores2,pcm_latency,l1_miss_latency,CORE29,43,38.6,ns
correlation-redis-set-cores2,pcm_latency,l1_miss_latency,CORE29,44,38.06,ns
correlation-redis-set-cores2,pcm_latency,l1_miss_latency,CORE29,45,37.25,ns
correlation-redis-set-cores2,pcm_latency,l1_miss_latency,CORE29,46,38.07,ns
correlation-redis-set-cores2,pcm_latency,l1_miss_latency,CORE29,47,38.77,ns
correlation-redis-set-cores2,pcm_latency,l1_miss_latency,CORE29,48,38.8,ns
correlation-redis-set-cores2,pcm_latency,l1_miss_latency,CORE29,49,37.65,ns
correlation-redis-set-cores2,pcm_latency,l1_miss_latency,CORE29,50,39.02,ns
correlation-redis-set-cores2,pcm_latency,l1_miss_latency,CORE29,51,38.18,ns
correlation-redis-set-cores2,pcm_latency,l1_miss_latency,CORE29,52,38.05,ns
correlation-redis-set-cores2,pcm_latency,l1_miss_latency,CORE29,53,37.41,ns
correlation-redis-set-cores2,pcm_latency,l1_miss_latency,CORE29,54,38.51,ns
correlation-redis-set-cores2,pcm_latency,l1_miss_latency,CORE29,55,37.85,ns
correlation-redis-set-cores2,pcm_latency,l1_miss_latency,CORE29,56,37.68,ns
correlation-redis-set-cores2,pcm_latency,l1_miss_latency,CORE29,57,37.94,ns
correlation-redis-set-cores2,pcm_latency,l1_miss_latency,CORE29,58,38.09,ns
correlation-redis-set-cores2,pcm_latency,l1_miss_latency,CORE29,59,37.68,ns
correlation-redis-set-cores2,pcm_latency,l1_miss_latency,CORE30,0,32.03,ns
correlation-redis-set-cores2,pcm_latency,l1_miss_latency,CORE30,1,29.73,ns
correlation-redis-set-cores2,pcm_latency,l1_miss_latency,CORE30,2,30.07,ns
correlation-redis-set-cores2,pcm_latency,l1_miss_latency,CORE30,3,32.87,ns
correlation-redis-set-cores2,pcm_latency,l1_miss_latency,CORE30,4,25.84,ns
correlation-redis-set-cores2,pcm_latency,l1_miss_latency,CORE30,5,39.22,ns
correlation-redis-set-cores2,pcm_latency,l1_miss_latency,CORE30,6,37.65,ns
correlation-redis-set-cores2,pcm_latency,l1_miss_latency,CORE30,7,40.47,ns
correlation-redis-set-cores2,pcm_latency,l1_miss_latency,CORE30,8,41.53,ns
correlation-redis-set-cores2,pcm_latency,l1_miss_latency,CORE30,9,40.42,ns
correlation-redis-set-cores2,pcm_latency,l1_miss_latency,CORE30,10,32.01,ns
correlation-redis-set-cores2,pcm_latency,l1_miss_latency,CORE30,11,32.6,ns
correlation-redis-set-cores2,pcm_latency,l1_miss_latency,CORE30,12,32.44,ns
correlation-redis-set-cores2,pcm_latency,l1_miss_latency,CORE30,13,33.03,ns
correlation-redis-set-cores2,pcm_latency,l1_miss_latency,CORE30,14,35.56,ns
correlation-redis-set-cores2,pcm_latency,l1_miss_latency,CORE30,15,32.86,ns
correlation-redis-set-cores2,pcm_latency,l1_miss_latency,CORE30,16,31.91,ns
correlation-redis-set-cores2,pcm_latency,l1_miss_latency,CORE30,17,32.81,ns
correlation-redis-set-cores2,pcm_latency,l1_miss_latency,CORE30,18,32.26,ns
correlation-redis-set-cores2,pcm_latency,l1_miss_latency,CORE30,19,32.79,ns
correlation-redis-set-cores2,pcm_latency,l1_miss_latency,CORE30,20,36.94,ns
correlation-redis-set-cores2,pcm_latency,l1_miss_latency,CORE30,21,38.53,ns
correlation-redis-set-cores2,pcm_latency,l1_miss_latency,CORE30,22,36.29,ns
correlation-redis-set-cores2,pcm_latency,l1_miss_latency,CORE30,23,33.61,ns
correlation-redis-set-cores2,pcm_latency,l1_miss_latency,CORE30,24,37.13,ns
correlation-redis-set-cores2,pcm_latency,l1_miss_latency,CORE30,25,37.64,ns
correlation-redis-set-cores2,pcm_latency,l1_miss_latency,CORE30,26,33.32,ns
correlation-redis-set-cores2,pcm_latency,l1_miss_latency,CORE30,27,37.81,ns
correlation-redis-set-cores2,pcm_latency,l1_miss_latency,CORE30,28,34.32,ns
correlation-redis-set-cores2,pcm_latency,l1_miss_latency,CORE30,29,36.58,ns
correlation-redis-set-cores2,pcm_latency,l1_miss_latency,CORE30,30,38.77,ns
correlation-redis-set-cores2,pcm_latency,l1_miss_latency,CORE30,31,36.81,ns
correlation-redis-set-cores2,pcm_latency,l1_miss_latency,CORE30,32,37.27,ns
correlation-redis-set-cores2,pcm_latency,l1_miss_latency,CORE30,33,33.25,ns
correlation-redis-set-cores2,pcm_latency,l1_miss_latency,CORE30,34,38.14,ns
correlation-redis-set-cores2,pcm_latency,l1_miss_latency,CORE30,35,42.03,ns
correlation-redis-set-cores2,pcm_latency,l1_miss_latency,CORE30,36,43.74,ns
correlation-redis-set-cores2,pcm_latency,l1_miss_latency,CORE30,37,38.15,ns
correlation-redis-set-cores2,pcm_latency,l1_miss_latency,CORE30,38,55.75,ns
correlation-redis-set-cores2,pcm_latency,l1_miss_latency,CORE30,39,35.61,ns
correlation-redis-set-cores2,pcm_latency,l1_miss_latency,CORE30,40,35.74,ns
correlation-redis-set-cores2,pcm_latency,l1_miss_latency,CORE30,41,34.48,ns
correlation-redis-set-cores2,pcm_latency,l1_miss_latency,CORE30,42,38.16,ns
correlation-redis-set-cores2,pcm_latency,l1_miss_latency,CORE30,43,42.79,ns
correlation-redis-set-cores2,pcm_latency,l1_miss_latency,CORE30,44,37.71,ns
correlation-redis-set-cores2,pcm_latency,l1_miss_latency,CORE30,45,45.6,ns
correlation-redis-set-cores2,pcm_latency,l1_miss_latency,CORE30,46,36.8,ns
correlation-redis-set-cores2,pcm_latency,l1_miss_latency,CORE30,47,39.6,ns
correlation-redis-set-cores2,pcm_latency,l1_miss_latency,CORE30,48,35.82,ns
correlation-redis-set-cores2,pcm_latency,l1_miss_latency,CORE30,49,38.64,ns
correlation-redis-set-cores2,pcm_latency,l1_miss_latency,CORE30,50,17.36,ns
correlation-redis-set-cores2,pcm_latency,l1_miss_latency,CORE30,51,53.73,ns
correlation-redis-set-cores2,pcm_latency,l1_miss_latency,CORE30,52,44.15,ns
correlation-redis-set-cores2,pcm_latency,l1_miss_latency,CORE30,53,44.21,ns
correlation-redis-set-cores2,pcm_latency,l1_miss_latency,CORE30,54,40.54,ns
correlation-redis-set-cores2,pcm_latency,l1_miss_latency,CORE30,55,42.69,ns
correlation-redis-set-cores2,pcm_latency,l1_miss_latency,CORE30,56,36.15,ns
correlation-redis-set-cores2,pcm_latency,l1_miss_latency,CORE30,57,38.18,ns
correlation-redis-set-cores2,pcm_latency,l1_miss_latency,CORE30,58,35.3,ns
correlation-redis-set-cores2,pcm_latency,l1_miss_latency,CORE30,59,39.53,ns
correlation-redis-set-cores2,pcm_latency,l1_miss_latency,CORE31,0,43.28,ns
correlation-redis-set-cores2,pcm_latency,l1_miss_latency,CORE31,1,43.6,ns
correlation-redis-set-cores2,pcm_latency,l1_miss_latency,CORE31,2,34.79,ns
correlation-redis-set-cores2,pcm_latency,l1_miss_latency,CORE31,3,43.03,ns
correlation-redis-set-cores2,pcm_latency,l1_miss_latency,CORE31,4,43.47,ns
correlation-redis-set-cores2,pcm_latency,l1_miss_latency,CORE31,5,43.7,ns
correlation-redis-set-cores2,pcm_latency,l1_miss_latency,CORE31,6,45.36,ns
correlation-redis-set-cores2,pcm_latency,l1_miss_latency,CORE31,7,43.77,ns
correlation-redis-set-cores2,pcm_latency,l1_miss_latency,CORE31,8,44.07,ns
correlation-redis-set-cores2,pcm_latency,l1_miss_latency,CORE31,9,44.2,ns
correlation-redis-set-cores2,pcm_latency,l1_miss_latency,CORE31,10,41.35,ns
correlation-redis-set-cores2,pcm_latency,l1_miss_latency,CORE31,11,42.98,ns
correlation-redis-set-cores2,pcm_latency,l1_miss_latency,CORE31,12,43.46,ns
correlation-redis-set-cores2,pcm_latency,l1_miss_latency,CORE31,13,43.93,ns
correlation-redis-set-cores2,pcm_latency,l1_miss_latency,CORE31,14,45.01,ns
correlation-redis-set-cores2,pcm_latency,l1_miss_latency,CORE31,15,43.62,ns
correlation-redis-set-cores2,pcm_latency,l1_miss_latency,CORE31,16,43.18,ns
correlation-redis-set-cores2,pcm_latency,l1_miss_latency,CORE31,17,43.82,ns
correlation-redis-set-cores2,pcm_latency,l1_miss_latency,CORE31,18,43.82,ns
correlation-redis-set-cores2,pcm_latency,l1_miss_latency,CORE31,19,46.28,ns
correlation-redis-set-cores2,pcm_latency,l1_miss_latency,CORE31,20,43.08,ns
correlation-redis-set-cores2,pcm_latency,l1_miss_latency,CORE31,21,43.51,ns
correlation-redis-set-cores2,pcm_latency,l1_miss_latency,CORE31,22,43.92,ns
correlation-redis-set-cores2,pcm_latency,l1_miss_latency,CORE31,23,42.97,ns
correlation-redis-set-cores2,pcm_latency,l1_miss_latency,CORE31,24,43.75,ns
correlation-redis-set-cores2,pcm_latency,l1_miss_latency,CORE31,25,42.8,ns
correlation-redis-set-cores2,pcm_latency,l1_miss_latency,CORE31,26,43.12,ns
correlation-redis-set-cores2,pcm_latency,l1_miss_latency,CORE31,27,42.24,ns
correlation-redis-set-cores2,pcm_latency,l1_miss_latency,CORE31,28,44.21,ns
correlation-redis-set-cores2,pcm_latency,l1_miss_latency,CORE31,29,44.34,ns
correlation-redis-set-cores2,pcm_latency,l1_miss_latency,CORE31,30,44.18,ns
correlation-redis-set-cores2,pcm_latency,l1_miss_latency,CORE31,31,43.59,ns
correlation-redis-set-cores2,pcm_latency,l1_miss_latency,CORE31,32,44.2,ns
correlation-redis-set-cores2,pcm_latency,l1_miss_latency,CORE31,33,42.92,ns
correlation-redis-set-cores2,pcm_latency,l1_miss_latency,CORE31,34,44.29,ns
correlation-redis-set-cores2,pcm_latency,l1_miss_latency,CORE31,35,42.79,ns
correlation-redis-set-cores2,pcm_latency,l1_miss_latency,CORE31,36,43.47,ns
correlation-redis-set-cores2,pcm_latency,l1_miss_latency,CORE31,37,41.84,ns
correlation-redis-set-cores2,pcm_latency,l1_miss_latency,CORE31,38,44.1,ns
correlation-redis-set-cores2,pcm_latency,l1_miss_latency,CORE31,39,43.77,ns
correlation-redis-set-cores2,pcm_latency,l1_miss_latency,CORE31,40,43.39,ns
correlation-redis-set-cores2,pcm_latency,l1_miss_latency,CORE31,41,40.81,ns
correlation-redis-set-cores2,pcm_latency,l1_miss_latency,CORE31,42,42.41,ns
correlation-redis-set-cores2,pcm_latency,l1_miss_latency,CORE31,43,42.48,ns
correlation-redis-set-cores2,pcm_latency,l1_miss_latency,CORE31,44,42.79,ns
correlation-redis-set-cores2,pcm_latency,l1_miss_latency,CORE31,45,42.89,ns
correlation-redis-set-cores2,pcm_latency,l1_miss_latency,CORE31,46,43.22,ns
correlation-redis-set-cores2,pcm_latency,l1_miss_latency,CORE31,47,43.4,ns
correlation-redis-set-cores2,pcm_latency,l1_miss_latency,CORE31,48,43.73,ns
correlation-redis-set-cores2,pcm_latency,l1_miss_latency,CORE31,49,43.17,ns
correlation-redis-set-cores2,pcm_latency,l1_miss_latency,CORE31,50,44.95,ns
correlation-redis-set-cores2,pcm_latency,l1_miss_latency,CORE31,51,43.64,ns
correlation-redis-set-cores2,pcm_latency,l1_miss_latency,CORE31,52,44.03,ns
correlation-redis-set-cores2,pcm_latency,l1_miss_latency,CORE31,53,42.45,ns
correlation-redis-set-cores2,pcm_latency,l1_miss_latency,CORE31,54,43.79,ns
correlation-redis-set-cores2,pcm_latency,l1_miss_latency,CORE31,55,43.45,ns
correlation-redis-set-cores2,pcm_latency,l1_miss_latency,CORE31,56,42.22,ns
correlation-redis-set-cores2,pcm_latency,l1_miss_latency,CORE31,57,41.68,ns
correlation-redis-set-cores2,pcm_latency,l1_miss_latency,CORE31,58,43.67,ns
correlation-redis-set-cores2,pcm_latency,l1_miss_latency,CORE31,59,44.82,ns
correlation-redis-set-cores2,pcm_cha,drd_occ_agg,SKT0C0,0,19666170.0,occupancy_cycles
correlation-redis-set-cores2,pcm_cha,drd_occ_agg,SKT0C0,1,19519652.0,occupancy_cycles
correlation-redis-set-cores2,pcm_cha,drd_occ_agg,SKT0C0,2,19562599.0,occupancy_cycles
correlation-redis-set-cores2,pcm_cha,drd_occ_agg,SKT0C0,3,19679150.0,occupancy_cycles
correlation-redis-set-cores2,pcm_cha,drd_occ_agg,SKT0C0,4,19616863.0,occupancy_cycles
correlation-redis-set-cores2,pcm_cha,drd_occ_agg,SKT0C0,5,19501730.0,occupancy_cycles
correlation-redis-set-cores2,pcm_cha,drd_occ_agg,SKT0C0,6,19703926.0,occupancy_cycles
correlation-redis-set-cores2,pcm_cha,drd_occ_agg,SKT0C0,7,20170191.0,occupancy_cycles
correlation-redis-set-cores2,pcm_cha,drd_occ_agg,SKT0C0,8,19691532.0,occupancy_cycles
correlation-redis-set-cores2,pcm_cha,drd_occ_agg,SKT0C0,9,19843929.0,occupancy_cycles
correlation-redis-set-cores2,pcm_cha,drd_occ_agg,SKT0C0,10,20279354.0,occupancy_cycles
correlation-redis-set-cores2,pcm_cha,drd_occ_agg,SKT0C0,11,19592859.0,occupancy_cycles
correlation-redis-set-cores2,pcm_cha,drd_occ_agg,SKT0C0,12,19606031.0,occupancy_cycles
correlation-redis-set-cores2,pcm_cha,drd_occ_agg,SKT0C0,13,19563739.0,occupancy_cycles
correlation-redis-set-cores2,pcm_cha,drd_occ_agg,SKT0C0,14,19622817.0,occupancy_cycles
correlation-redis-set-cores2,pcm_cha,drd_occ_agg,SKT0C0,15,19533585.0,occupancy_cycles
correlation-redis-set-cores2,pcm_cha,drd_occ_agg,SKT0C0,16,19648843.0,occupancy_cycles
correlation-redis-set-cores2,pcm_cha,drd_occ_agg,SKT0C0,17,19577124.0,occupancy_cycles
correlation-redis-set-cores2,pcm_cha,drd_occ_agg,SKT0C0,18,19599675.0,occupancy_cycles
correlation-redis-set-cores2,pcm_cha,drd_occ_agg,SKT0C0,19,19634173.0,occupancy_cycles
correlation-redis-set-cores2,pcm_cha,drd_occ_agg,SKT0C0,20,20146336.0,occupancy_cycles
correlation-redis-set-cores2,pcm_cha,drd_occ_agg,SKT0C0,21,19522402.0,occupancy_cycles
correlation-redis-set-cores2,pcm_cha,drd_occ_agg,SKT0C0,22,19540418.0,occupancy_cycles
correlation-redis-set-cores2,pcm_cha,drd_occ_agg,SKT0C0,23,19638547.0,occupancy_cycles
correlation-redis-set-cores2,pcm_cha,drd_occ_agg,SKT0C0,24,19559254.0,occupancy_cycles
correlation-redis-set-cores2,pcm_cha,drd_occ_agg,SKT0C0,25,19584751.0,occupancy_cycles
correlation-redis-set-cores2,pcm_cha,drd_occ_agg,SKT0C0,26,19610226.0,occupancy_cycles
correlation-redis-set-cores2,pcm_cha,drd_occ_agg,SKT0C0,27,19668435.0,occupancy_cycles
correlation-redis-set-cores2,pcm_cha,drd_occ_agg,SKT0C0,28,19652861.0,occupancy_cycles
correlation-redis-set-cores2,pcm_cha,drd_occ_agg,SKT0C0,29,19654842.0,occupancy_cycles
correlation-redis-set-cores2,pcm_cha,drd_occ_agg,SKT0C0,30,19657483.0,occupancy_cycles
correlation-redis-set-cores2,pcm_cha,drd_occ_agg,SKT0C0,31,19597170.0,occupancy_cycles
correlation-redis-set-cores2,pcm_cha,drd_occ_agg,SKT0C0,32,19567052.0,occupancy_cycles
correlation-redis-set-cores2,pcm_cha,drd_occ_agg,SKT0C0,33,19669314.0,occupancy_cycles
correlation-redis-set-cores2,pcm_cha,drd_occ_agg,SKT0C0,34,19750300.0,occupancy_cycles
correlation-redis-set-cores2,pcm_cha,drd_occ_agg,SKT0C0,35,19659556.0,occupancy_cycles
correlation-redis-set-cores2,pcm_cha,drd_occ_agg,SKT0C0,36,19611568.0,occupancy_cycles
correlation-redis-set-cores2,pcm_cha,drd_occ_agg,SKT0C0,37,19639553.0,occupancy_cycles
correlation-redis-set-cores2,pcm_cha,drd_occ_agg,SKT0C0,38,19554927.0,occupancy_cycles
correlation-redis-set-cores2,pcm_cha,drd_occ_agg,SKT0C0,39,19663084.0,occupancy_cycles
correlation-redis-set-cores2,pcm_cha,drd_occ_agg,SKT0C0,40,19857660.0,occupancy_cycles
correlation-redis-set-cores2,pcm_cha,drd_occ_agg,SKT0C0,41,19783129.0,occupancy_cycles
correlation-redis-set-cores2,pcm_cha,drd_occ_agg,SKT0C0,42,19802472.0,occupancy_cycles
correlation-redis-set-cores2,pcm_cha,drd_occ_agg,SKT0C0,43,20226579.0,occupancy_cycles
correlation-redis-set-cores2,pcm_cha,drd_occ_agg,SKT0C0,44,19645753.0,occupancy_cycles
correlation-redis-set-cores2,pcm_cha,drd_occ_agg,SKT0C0,45,19541391.0,occupancy_cycles
correlation-redis-set-cores2,pcm_cha,drd_occ_agg,SKT0C0,46,19471447.0,occupancy_cycles
correlation-redis-set-cores2,pcm_cha,drd_occ_agg,SKT0C0,47,19560445.0,occupancy_cycles
correlation-redis-set-cores2,pcm_cha,drd_occ_agg,SKT0C0,48,19537212.0,occupancy_cycles
correlation-redis-set-cores2,pcm_cha,drd_occ_agg,SKT0C0,49,19685825.0,occupancy_cycles
correlation-redis-set-cores2,pcm_cha,drd_occ_agg,SKT0C0,50,20085641.0,occupancy_cycles
correlation-redis-set-cores2,pcm_cha,drd_occ_agg,SKT0C0,51,19591787.0,occupancy_cycles
correlation-redis-set-cores2,pcm_cha,drd_occ_agg,SKT0C0,52,19521092.0,occupancy_cycles
correlation-redis-set-cores2,pcm_cha,drd_occ_agg,SKT0C0,53,19592583.0,occupancy_cycles
correlation-redis-set-cores2,pcm_cha,drd_occ_agg,SKT0C0,54,19548023.0,occupancy_cycles
correlation-redis-set-cores2,pcm_cha,drd_occ_agg,SKT0C0,55,19590049.0,occupancy_cycles
correlation-redis-set-cores2,pcm_cha,drd_occ_agg,SKT0C0,56,19601454.0,occupancy_cycles
correlation-redis-set-cores2,pcm_cha,drd_occ_agg,SKT0C0,57,19517411.0,occupancy_cycles
correlation-redis-set-cores2,pcm_cha,drd_occ_agg,SKT0C0,58,19673810.0,occupancy_cycles
correlation-redis-set-cores2,pcm_cha,drd_occ_agg,SKT0C0,59,19680484.0,occupancy_cycles
correlation-redis-set-cores2,pcm_cha,drd_occ_agg,SKT0C1,0,19944742.0,occupancy_cycles
correlation-redis-set-cores2,pcm_cha,drd_occ_agg,SKT0C1,1,19886201.0,occupancy_cycles
correlation-redis-set-cores2,pcm_cha,drd_occ_agg,SKT0C1,2,19865959.0,occupancy_cycles
correlation-redis-set-cores2,pcm_cha,drd_occ_agg,SKT0C1,3,19927906.0,occupancy_cycles
correlation-redis-set-cores2,pcm_cha,drd_occ_agg,SKT0C1,4,19892463.0,occupancy_cycles
correlation-redis-set-cores2,pcm_cha,drd_occ_agg,SKT0C1,5,19851571.0,occupancy_cycles
correlation-redis-set-cores2,pcm_cha,drd_occ_agg,SKT0C1,6,20106391.0,occupancy_cycles
correlation-redis-set-cores2,pcm_cha,drd_occ_agg,SKT0C1,7,20533611.0,occupancy_cycles
correlation-redis-set-cores2,pcm_cha,drd_occ_agg,SKT0C1,8,19980085.0,occupancy_cycles
correlation-redis-set-cores2,pcm_cha,drd_occ_agg,SKT0C1,9,20174402.0,occupancy_cycles
correlation-redis-set-cores2,pcm_cha,drd_occ_agg,SKT0C1,10,20631131.0,occupancy_cycles
correlation-redis-set-cores2,pcm_cha,drd_occ_agg,SKT0C1,11,19914805.0,occupancy_cycles
correlation-redis-set-cores2,pcm_cha,drd_occ_agg,SKT0C1,12,19916589.0,occupancy_cycles
correlation-redis-set-cores2,pcm_cha,drd_occ_agg,SKT0C1,13,19873611.0,occupancy_cycles
correlation-redis-set-cores2,pcm_cha,drd_occ_agg,SKT0C1,14,19890502.0,occupancy_cycles
correlation-redis-set-cores2,pcm_cha,drd_occ_agg,SKT0C1,15,19974644.0,occupancy_cycles
correlation-redis-set-cores2,pcm_cha,drd_occ_agg,SKT0C1,16,19969582.0,occupancy_cycles
correlation-redis-set-cores2,pcm_cha,drd_occ_agg,SKT0C1,17,19916646.0,occupancy_cycles
correlation-redis-set-cores2,pcm_cha,drd_occ_agg,SKT0C1,18,19908501.0,occupancy_cycles
correlation-redis-set-cores2,pcm_cha,drd_occ_agg,SKT0C1,19,19954600.0,occupancy_cycles
correlation-redis-set-cores2,pcm_cha,drd_occ_agg,SKT0C1,20,20486203.0,occupancy_cycles
correlation-redis-set-cores2,pcm_cha,drd_occ_agg,SKT0C1,21,19838337.0,occupancy_cycles
correlation-redis-set-cores2,pcm_cha,drd_occ_agg,SKT0C1,22,19897619.0,occupancy_cycles
correlation-redis-set-cores2,pcm_cha,drd_occ_agg,SKT0C1,23,19868588.0,occupancy_cycles
correlation-redis-set-cores2,pcm_cha,drd_occ_agg,SKT0C1,24,19856693.0,occupancy_cycles
correlation-redis-set-cores2,pcm_cha,drd_occ_agg,SKT0C1,25,19945964.0,occupancy_cycles
correlation-redis-set-cores2,pcm_cha,drd_occ_agg,SKT0C1,26,20025498.0,occupancy_cycles
correlation-redis-set-cores2,pcm_cha,drd_occ_agg,SKT0C1,27,20047593.0,occupancy_cycles
correlation-redis-set-cores2,pcm_cha,drd_occ_agg,SKT0C1,28,19968416.0,occupancy_cycles
correlation-redis-set-cores2,pcm_cha,drd_occ_agg,SKT0C1,29,19998395.0,occupancy_cycles
correlation-redis-set-cores2,pcm_cha,drd_occ_agg,SKT0C1,30,20000368.0,occupancy_cycles
correlation-redis-set-cores2,pcm_cha,drd_occ_agg,SKT0C1,31,20003533.0,occupancy_cycles
correlation-redis-set-cores2,pcm_cha,drd_occ_agg,SKT0C1,32,19842271.0,occupancy_cycles
correlation-redis-set-cores2,pcm_cha,drd_occ_agg,SKT0C1,33,19987097.0,occupancy_cycles
correlation-redis-set-cores2,pcm_cha,drd_occ_agg,SKT0C1,34,20060839.0,occupancy_cycles
correlation-redis-set-cores2,pcm_cha,drd_occ_agg,SKT0C1,35,19949827.0,occupancy_cycles
correlation-redis-set-cores2,pcm_cha,drd_occ_agg,SKT0C1,36,19908460.0,occupancy_cycles
correlation-redis-set-cores2,pcm_cha,drd_occ_agg,SKT0C1,37,19934895.0,occupancy_cycles
correlation-redis-set-cores2,pcm_cha,drd_occ_agg,SKT0C1,38,19890026.0,occupancy_cycles
correlation-redis-set-cores2,pcm_cha,drd_occ_agg,SKT0C1,39,19980788.0,occupancy_cycles
correlation-redis-set-cores2,pcm_cha,drd_occ_agg,SKT0C1,40,20163638.0,occupancy_cycles
correlation-redis-set-cores2,pcm_cha,drd_occ_agg,SKT0C1,41,20107102.0,occupancy_cycles
correlation-redis-set-cores2,pcm_cha,drd_occ_agg,SKT0C1,42,20154278.0,occupancy_cycles
correlation-redis-set-cores2,pcm_cha,drd_occ_agg,SKT0C1,43,20560488.0,occupancy_cycles
correlation-redis-set-cores2,pcm_cha,drd_occ_agg,SKT0C1,44,19975410.0,occupancy_cycles
correlation-redis-set-cores2,pcm_cha,drd_occ_agg,SKT0C1,45,19873002.0,occupancy_cycles
correlation-redis-set-cores2,pcm_cha,drd_occ_agg,SKT0C1,46,19758202.0,occupancy_cycles
correlation-redis-set-cores2,pcm_cha,drd_occ_agg,SKT0C1,47,19905340.0,occupancy_cycles
correlation-redis-set-cores2,pcm_cha,drd_occ_agg,SKT0C1,48,19833305.0,occupancy_cycles
correlation-redis-set-cores2,pcm_cha,drd_occ_agg,SKT0C1,49,20057125.0,occupancy_cycles
correlation-redis-set-cores2,pcm_cha,drd_occ_agg,SKT0C1,50,20528424.0,occupancy_cycles
correlation-redis-set-cores2,pcm_cha,drd_occ_agg,SKT0C1,51,19883883.0,occupancy_cycles
correlation-redis-set-cores2,pcm_cha,drd_occ_agg,SKT0C1,52,19895199.0,occupancy_cycles
correlation-redis-set-cores2,pcm_cha,drd_occ_agg,SKT0C1,53,19868718.0,occupancy_cycles
correlation-redis-set-cores2,pcm_cha,drd_occ_agg,SKT0C1,54,19847351.0,occupancy_cycles
correlation-redis-set-cores2,pcm_cha,drd_occ_agg,SKT0C1,55,19873515.0,occupancy_cycles
correlation-redis-set-cores2,pcm_cha,drd_occ_agg,SKT0C1,56,19974718.0,occupancy_cycles
correlation-redis-set-cores2,pcm_cha,drd_occ_agg,SKT0C1,57,19888697.0,occupancy_cycles
correlation-redis-set-cores2,pcm_cha,drd_occ_agg,SKT0C1,58,19890453.0,occupancy_cycles
correlation-redis-set-cores2,pcm_cha,drd_occ_agg,SKT0C1,59,19997291.0,occupancy_cycles
correlation-redis-set-cores2,pcm_cha,drd_occ_agg,SKT0C2,0,19653123.0,occupancy_cycles
correlation-redis-set-cores2,pcm_cha,drd_occ_agg,SKT0C2,1,19584608.0,occupancy_cycles
correlation-redis-set-cores2,pcm_cha,drd_occ_agg,SKT0C2,2,19548948.0,occupancy_cycles
correlation-redis-set-cores2,pcm_cha,drd_occ_agg,SKT0C2,3,19530016.0,occupancy_cycles
correlation-redis-set-cores2,pcm_cha,drd_occ_agg,SKT0C2,4,19526111.0,occupancy_cycles
correlation-redis-set-cores2,pcm_cha,drd_occ_agg,SKT0C2,5,19525761.0,occupancy_cycles
correlation-redis-set-cores2,pcm_cha,drd_occ_agg,SKT0C2,6,19797166.0,occupancy_cycles
correlation-redis-set-cores2,pcm_cha,drd_occ_agg,SKT0C2,7,20217584.0,occupancy_cycles
correlation-redis-set-cores2,pcm_cha,drd_occ_agg,SKT0C2,8,19724107.0,occupancy_cycles
correlation-redis-set-cores2,pcm_cha,drd_occ_agg,SKT0C2,9,19931493.0,occupancy_cycles
correlation-redis-set-cores2,pcm_cha,drd_occ_agg,SKT0C2,10,20285494.0,occupancy_cycles
correlation-redis-set-cores2,pcm_cha,drd_occ_agg,SKT0C2,11,19662960.0,occupancy_cycles
correlation-redis-set-cores2,pcm_cha,drd_occ_agg,SKT0C2,12,19595229.0,occupancy_cycles
correlation-redis-set-cores2,pcm_cha,drd_occ_agg,SKT0C2,13,19576267.0,occupancy_cycles
correlation-redis-set-cores2,pcm_cha,drd_occ_agg,SKT0C2,14,19663514.0,occupancy_cycles
correlation-redis-set-cores2,pcm_cha,drd_occ_agg,SKT0C2,15,19671850.0,occupancy_cycles
correlation-redis-set-cores2,pcm_cha,drd_occ_agg,SKT0C2,16,19631446.0,occupancy_cycles
correlation-redis-set-cores2,pcm_cha,drd_occ_agg,SKT0C2,17,19580809.0,occupancy_cycles
correlation-redis-set-cores2,pcm_cha,drd_occ_agg,SKT0C2,18,19676002.0,occupancy_cycles
correlation-redis-set-cores2,pcm_cha,drd_occ_agg,SKT0C2,19,19746635.0,occupancy_cycles
correlation-redis-set-cores2,pcm_cha,drd_occ_agg,SKT0C2,20,20282331.0,occupancy_cycles
correlation-redis-set-cores2,pcm_cha,drd_occ_agg,SKT0C2,21,19589324.0,occupancy_cycles
correlation-redis-set-cores2,pcm_cha,drd_occ_agg,SKT0C2,22,19623788.0,occupancy_cycles
correlation-redis-set-cores2,pcm_cha,drd_occ_agg,SKT0C2,23,19638328.0,occupancy_cycles
correlation-redis-set-cores2,pcm_cha,drd_occ_agg,SKT0C2,24,19557909.0,occupancy_cycles
correlation-redis-set-cores2,pcm_cha,drd_occ_agg,SKT0C2,25,19630138.0,occupancy_cycles
correlation-redis-set-cores2,pcm_cha,drd_occ_agg,SKT0C2,26,19681808.0,occupancy_cycles
correlation-redis-set-cores2,pcm_cha,drd_occ_agg,SKT0C2,27,19670378.0,occupancy_cycles
correlation-redis-set-cores2,pcm_cha,drd_occ_agg,SKT0C2,28,19585746.0,occupancy_cycles
correlation-redis-set-cores2,pcm_cha,drd_occ_agg,SKT0C2,29,19739910.0,occupancy_cycles
correlation-redis-set-cores2,pcm_cha,drd_occ_agg,SKT0C2,30,19627960.0,occupancy_cycles
correlation-redis-set-cores2,pcm_cha,drd_occ_agg,SKT0C2,31,19691487.0,occupancy_cycles
correlation-redis-set-cores2,pcm_cha,drd_occ_agg,SKT0C2,32,19648113.0,occupancy_cycles
correlation-redis-set-cores2,pcm_cha,drd_occ_agg,SKT0C2,33,19739241.0,occupancy_cycles
correlation-redis-set-cores2,pcm_cha,drd_occ_agg,SKT0C2,34,19716720.0,occupancy_cycles
correlation-redis-set-cores2,pcm_cha,drd_occ_agg,SKT0C2,35,19579088.0,occupancy_cycles
correlation-redis-set-cores2,pcm_cha,drd_occ_agg,SKT0C2,36,19657496.0,occupancy_cycles
correlation-redis-set-cores2,pcm_cha,drd_occ_agg,SKT0C2,37,19649562.0,occupancy_cycles
correlation-redis-set-cores2,pcm_cha,drd_occ_agg,SKT0C2,38,19581332.0,occupancy_cycles
correlation-redis-set-cores2,pcm_cha,drd_occ_agg,SKT0C2,39,19710113.0,occupancy_cycles
correlation-redis-set-cores2,pcm_cha,drd_occ_agg,SKT0C2,40,19835123.0,occupancy_cycles
correlation-redis-set-cores2,pcm_cha,drd_occ_agg,SKT0C2,41,19819259.0,occupancy_cycles
correlation-redis-set-cores2,pcm_cha,drd_occ_agg,SKT0C2,42,19851392.0,occupancy_cycles
correlation-redis-set-cores2,pcm_cha,drd_occ_agg,SKT0C2,43,20236472.0,occupancy_cycles
correlation-redis-set-cores2,pcm_cha,drd_occ_agg,SKT0C2,44,19625889.0,occupancy_cycles
correlation-redis-set-cores2,pcm_cha,drd_occ_agg,SKT0C2,45,19508371.0,occupancy_cycles
correlation-redis-set-cores2,pcm_cha,drd_occ_agg,SKT0C2,46,19499069.0,occupancy_cycles
correlation-redis-set-cores2,pcm_cha,drd_occ_agg,SKT0C2,47,19618990.0,occupancy_cycles
correlation-redis-set-cores2,pcm_cha,drd_occ_agg,SKT0C2,48,19563157.0,occupancy_cycles
correlation-redis-set-cores2,pcm_cha,drd_occ_agg,SKT0C2,49,19788334.0,occupancy_cycles
correlation-redis-set-cores2,pcm_cha,drd_occ_agg,SKT0C2,50,20087822.0,occupancy_cycles
correlation-redis-set-cores2,pcm_cha,drd_occ_agg,SKT0C2,51,19625051.0,occupancy_cycles
correlation-redis-set-cores2,pcm_cha,drd_occ_agg,SKT0C2,52,19583868.0,occupancy_cycles
correlation-redis-set-cores2,pcm_cha,drd_occ_agg,SKT0C2,53,19614701.0,occupancy_cycles
correlation-redis-set-cores2,pcm_cha,drd_occ_agg,SKT0C2,54,19559951.0,occupancy_cycles
correlation-redis-set-cores2,pcm_cha,drd_occ_agg,SKT0C2,55,19580680.0,occupancy_cycles
correlation-redis-set-cores2,pcm_cha,drd_occ_agg,SKT0C2,56,19658904.0,occupancy_cycles
correlation-redis-set-cores2,pcm_cha,drd_occ_agg,SKT0C2,57,19549803.0,occupancy_cycles
correlation-redis-set-cores2,pcm_cha,drd_occ_agg,SKT0C2,58,19630639.0,occupancy_cycles
correlation-redis-set-cores2,pcm_cha,drd_occ_agg,SKT0C2,59,19678046.0,occupancy_cycles
correlation-redis-set-cores2,pcm_cha,drd_occ_agg,SKT0C3,0,21072718.0,occupancy_cycles
correlation-redis-set-cores2,pcm_cha,drd_occ_agg,SKT0C3,1,20986469.0,occupancy_cycles
correlation-redis-set-cores2,pcm_cha,drd_occ_agg,SKT0C3,2,20979944.0,occupancy_cycles
correlation-redis-set-cores2,pcm_cha,drd_occ_agg,SKT0C3,3,21029217.0,occupancy_cycles
correlation-redis-set-cores2,pcm_cha,drd_occ_agg,SKT0C3,4,21033697.0,occupancy_cycles
correlation-redis-set-cores2,pcm_cha,drd_occ_agg,SKT0C3,5,20974611.0,occupancy_cycles
correlation-redis-set-cores2,pcm_cha,drd_occ_agg,SKT0C3,6,21153572.0,occupancy_cycles
correlation-redis-set-cores2,pcm_cha,drd_occ_agg,SKT0C3,7,21588770.0,occupancy_cycles
correlation-redis-set-cores2,pcm_cha,drd_occ_agg,SKT0C3,8,21166415.0,occupancy_cycles
correlation-redis-set-cores2,pcm_cha,drd_occ_agg,SKT0C3,9,21275955.0,occupancy_cycles
correlation-redis-set-cores2,pcm_cha,drd_occ_agg,SKT0C3,10,21694407.0,occupancy_cycles
correlation-redis-set-cores2,pcm_cha,drd_occ_agg,SKT0C3,11,21029015.0,occupancy_cycles
correlation-redis-set-cores2,pcm_cha,drd_occ_agg,SKT0C3,12,21009355.0,occupancy_cycles
correlation-redis-set-cores2,pcm_cha,drd_occ_agg,SKT0C3,13,20880695.0,occupancy_cycles
correlation-redis-set-cores2,pcm_cha,drd_occ_agg,SKT0C3,14,21055537.0,occupancy_cycles
correlation-redis-set-cores2,pcm_cha,drd_occ_agg,SKT0C3,15,21036745.0,occupancy_cycles
correlation-redis-set-cores2,pcm_cha,drd_occ_agg,SKT0C3,16,20992700.0,occupancy_cycles
correlation-redis-set-cores2,pcm_cha,drd_occ_agg,SKT0C3,17,20955061.0,occupancy_cycles
correlation-redis-set-cores2,pcm_cha,drd_occ_agg,SKT0C3,18,21051742.0,occupancy_cycles
correlation-redis-set-cores2,pcm_cha,drd_occ_agg,SKT0C3,19,21166113.0,occupancy_cycles
correlation-redis-set-cores2,pcm_cha,drd_occ_agg,SKT0C3,20,21601491.0,occupancy_cycles
correlation-redis-set-cores2,pcm_cha,drd_occ_agg,SKT0C3,21,20976416.0,occupancy_cycles
correlation-redis-set-cores2,pcm_cha,drd_occ_agg,SKT0C3,22,21049270.0,occupancy_cycles
correlation-redis-set-cores2,pcm_cha,drd_occ_agg,SKT0C3,23,21046961.0,occupancy_cycles
correlation-redis-set-cores2,pcm_cha,drd_occ_agg,SKT0C3,24,20905973.0,occupancy_cycles
correlation-redis-set-cores2,pcm_cha,drd_occ_agg,SKT0C3,25,21036032.0,occupancy_cycles
correlation-redis-set-cores2,pcm_cha,drd_occ_agg,SKT0C3,26,21117400.0,occupancy_cycles
correlation-redis-set-cores2,pcm_cha,drd_occ_agg,SKT0C3,27,21112031.0,occupancy_cycles
correlation-redis-set-cores2,pcm_cha,drd_occ_agg,SKT0C3,28,21056614.0,occupancy_cycles
correlation-redis-set-cores2,pcm_cha,drd_occ_agg,SKT0C3,29,21101015.0,occupancy_cycles
correlation-redis-set-cores2,pcm_cha,drd_occ_agg,SKT0C3,30,21104869.0,occupancy_cycles
correlation-redis-set-cores2,pcm_cha,drd_occ_agg,SKT0C3,31,21092529.0,occupancy_cycles
correlation-redis-set-cores2,pcm_cha,drd_occ_agg,SKT0C3,32,21047765.0,occupancy_cycles
correlation-redis-set-cores2,pcm_cha,drd_occ_agg,SKT0C3,33,21096922.0,occupancy_cycles
correlation-redis-set-cores2,pcm_cha,drd_occ_agg,SKT0C3,34,21110402.0,occupancy_cycles
correlation-redis-set-cores2,pcm_cha,drd_occ_agg,SKT0C3,35,20972201.0,occupancy_cycles
correlation-redis-set-cores2,pcm_cha,drd_occ_agg,SKT0C3,36,21071686.0,occupancy_cycles
correlation-redis-set-cores2,pcm_cha,drd_occ_agg,SKT0C3,37,21041927.0,occupancy_cycles
correlation-redis-set-cores2,pcm_cha,drd_occ_agg,SKT0C3,38,20996115.0,occupancy_cycles
correlation-redis-set-cores2,pcm_cha,drd_occ_agg,SKT0C3,39,21110906.0,occupancy_cycles
correlation-redis-set-cores2,pcm_cha,drd_occ_agg,SKT0C3,40,21164630.0,occupancy_cycles
correlation-redis-set-cores2,pcm_cha,drd_occ_agg,SKT0C3,41,21213959.0,occupancy_cycles
correlation-redis-set-cores2,pcm_cha,drd_occ_agg,SKT0C3,42,21181241.0,occupancy_cycles
correlation-redis-set-cores2,pcm_cha,drd_occ_agg,SKT0C3,43,21668836.0,occupancy_cycles
correlation-redis-set-cores2,pcm_cha,drd_occ_agg,SKT0C3,44,20975719.0,occupancy_cycles
correlation-redis-set-cores2,pcm_cha,drd_occ_agg,SKT0C3,45,20946461.0,occupancy_cycles
correlation-redis-set-cores2,pcm_cha,drd_occ_agg,SKT0C3,46,20867639.0,occupancy_cycles
correlation-redis-set-cores2,pcm_cha,drd_occ_agg,SKT0C3,47,20976964.0,occupancy_cycles
correlation-redis-set-cores2,pcm_cha,drd_occ_agg,SKT0C3,48,20971838.0,occupancy_cycles
correlation-redis-set-cores2,pcm_cha,drd_occ_agg,SKT0C3,49,21187008.0,occupancy_cycles
correlation-redis-set-cores2,pcm_cha,drd_occ_agg,SKT0C3,50,21437946.0,occupancy_cycles
correlation-redis-set-cores2,pcm_cha,drd_occ_agg,SKT0C3,51,21019679.0,occupancy_cycles
correlation-redis-set-cores2,pcm_cha,drd_occ_agg,SKT0C3,52,20987967.0,occupancy_cycles
correlation-redis-set-cores2,pcm_cha,drd_occ_agg,SKT0C3,53,20992316.0,occupancy_cycles
correlation-redis-set-cores2,pcm_cha,drd_occ_agg,SKT0C3,54,21026183.0,occupancy_cycles
correlation-redis-set-cores2,pcm_cha,drd_occ_agg,SKT0C3,55,20945133.0,occupancy_cycles
correlation-redis-set-cores2,pcm_cha,drd_occ_agg,SKT0C3,56,20951279.0,occupancy_cycles
correlation-redis-set-cores2,pcm_cha,drd_occ_agg,SKT0C3,57,20904754.0,occupancy_cycles
correlation-redis-set-cores2,pcm_cha,drd_occ_agg,SKT0C3,58,21002010.0,occupancy_cycles
correlation-redis-set-cores2,pcm_cha,drd_occ_agg,SKT0C3,59,21094982.0,occupancy_cycles
correlation-redis-set-cores2,pcm_cha,drd_occ_agg,SKT0C4,0,14392004.0,occupancy_cycles
correlation-redis-set-cores2,pcm_cha,drd_occ_agg,SKT0C4,1,14429084.0,occupancy_cycles
correlation-redis-set-cores2,pcm_cha,drd_occ_agg,SKT0C4,2,14442388.0,occupancy_cycles
correlation-redis-set-cores2,pcm_cha,drd_occ_agg,SKT0C4,3,14446099.0,occupancy_cycles
correlation-redis-set-cores2,pcm_cha,drd_occ_agg,SKT0C4,4,14364694.0,occupancy_cycles
correlation-redis-set-cores2,pcm_cha,drd_occ_agg,SKT0C4,5,14371081.0,occupancy_cycles
correlation-redis-set-cores2,pcm_cha,drd_occ_agg,SKT0C4,6,14532538.0,occupancy_cycles
correlation-redis-set-cores2,pcm_cha,drd_occ_agg,SKT0C4,7,14902966.0,occupancy_cycles
correlation-redis-set-cores2,pcm_cha,drd_occ_agg,SKT0C4,8,14488835.0,occupancy_cycles
correlation-redis-set-cores2,pcm_cha,drd_occ_agg,SKT0C4,9,14635190.0,occupancy_cycles
correlation-redis-set-cores2,pcm_cha,drd_occ_agg,SKT0C4,10,15027940.0,occupancy_cycles
correlation-redis-set-cores2,pcm_cha,drd_occ_agg,SKT0C4,11,14388083.0,occupancy_cycles
correlation-redis-set-cores2,pcm_cha,drd_occ_agg,SKT0C4,12,14450217.0,occupancy_cycles
correlation-redis-set-cores2,pcm_cha,drd_occ_agg,SKT0C4,13,14451202.0,occupancy_cycles
correlation-redis-set-cores2,pcm_cha,drd_occ_agg,SKT0C4,14,14434195.0,occupancy_cycles
correlation-redis-set-cores2,pcm_cha,drd_occ_agg,SKT0C4,15,14435908.0,occupancy_cycles
correlation-redis-set-cores2,pcm_cha,drd_occ_agg,SKT0C4,16,14446812.0,occupancy_cycles
correlation-redis-set-cores2,pcm_cha,drd_occ_agg,SKT0C4,17,14428668.0,occupancy_cycles
correlation-redis-set-cores2,pcm_cha,drd_occ_agg,SKT0C4,18,14484683.0,occupancy_cycles
correlation-redis-set-cores2,pcm_cha,drd_occ_agg,SKT0C4,19,14480258.0,occupancy_cycles
correlation-redis-set-cores2,pcm_cha,drd_occ_agg,SKT0C4,20,14991780.0,occupancy_cycles
correlation-redis-set-cores2,pcm_cha,drd_occ_agg,SKT0C4,21,14363455.0,occupancy_cycles
correlation-redis-set-cores2,pcm_cha,drd_occ_agg,SKT0C4,22,14407611.0,occupancy_cycles
correlation-redis-set-cores2,pcm_cha,drd_occ_agg,SKT0C4,23,14463466.0,occupancy_cycles
correlation-redis-set-cores2,pcm_cha,drd_occ_agg,SKT0C4,24,14397165.0,occupancy_cycles
correlation-redis-set-cores2,pcm_cha,drd_occ_agg,SKT0C4,25,14369503.0,occupancy_cycles
correlation-redis-set-cores2,pcm_cha,drd_occ_agg,SKT0C4,26,14486805.0,occupancy_cycles
correlation-redis-set-cores2,pcm_cha,drd_occ_agg,SKT0C4,27,14521527.0,occupancy_cycles
correlation-redis-set-cores2,pcm_cha,drd_occ_agg,SKT0C4,28,14457064.0,occupancy_cycles
correlation-redis-set-cores2,pcm_cha,drd_occ_agg,SKT0C4,29,14542951.0,occupancy_cycles
correlation-redis-set-cores2,pcm_cha,drd_occ_agg,SKT0C4,30,14502873.0,occupancy_cycles
correlation-redis-set-cores2,pcm_cha,drd_occ_agg,SKT0C4,31,14502429.0,occupancy_cycles
correlation-redis-set-cores2,pcm_cha,drd_occ_agg,SKT0C4,32,14367631.0,occupancy_cycles
correlation-redis-set-cores2,pcm_cha,drd_occ_agg,SKT0C4,33,14477671.0,occupancy_cycles
correlation-redis-set-cores2,pcm_cha,drd_occ_agg,SKT0C4,34,14484522.0,occupancy_cycles
correlation-redis-set-cores2,pcm_cha,drd_occ_agg,SKT0C4,35,14455785.0,occupancy_cycles
correlation-redis-set-cores2,pcm_cha,drd_occ_agg,SKT0C4,36,14415404.0,occupancy_cycles
correlation-redis-set-cores2,pcm_cha,drd_occ_agg,SKT0C4,37,14419267.0,occupancy_cycles
correlation-redis-set-cores2,pcm_cha,drd_occ_agg,SKT0C4,38,14489732.0,occupancy_cycles
correlation-redis-set-cores2,pcm_cha,drd_occ_agg,SKT0C4,39,14526397.0,occupancy_cycles
correlation-redis-set-cores2,pcm_cha,drd_occ_agg,SKT0C4,40,14600938.0,occupancy_cycles
correlation-redis-set-cores2,pcm_cha,drd_occ_agg,SKT0C4,41,14613630.0,occupancy_cycles
correlation-redis-set-cores2,pcm_cha,drd_occ_agg,SKT0C4,42,14625875.0,occupancy_cycles
correlation-redis-set-cores2,pcm_cha,drd_occ_agg,SKT0C4,43,15033684.0,occupancy_cycles
correlation-redis-set-cores2,pcm_cha,drd_occ_agg,SKT0C4,44,14390750.0,occupancy_cycles
correlation-redis-set-cores2,pcm_cha,drd_occ_agg,SKT0C4,45,14393065.0,occupancy_cycles
correlation-redis-set-cores2,pcm_cha,drd_occ_agg,SKT0C4,46,14358804.0,occupancy_cycles
correlation-redis-set-cores2,pcm_cha,drd_occ_agg,SKT0C4,47,14385510.0,occupancy_cycles
correlation-redis-set-cores2,pcm_cha,drd_occ_agg,SKT0C4,48,14390050.0,occupancy_cycles
correlation-redis-set-cores2,pcm_cha,drd_occ_agg,SKT0C4,49,14608882.0,occupancy_cycles
correlation-redis-set-cores2,pcm_cha,drd_occ_agg,SKT0C4,50,14924214.0,occupancy_cycles
correlation-redis-set-cores2,pcm_cha,drd_occ_agg,SKT0C4,51,14455659.0,occupancy_cycles
correlation-redis-set-cores2,pcm_cha,drd_occ_agg,SKT0C4,52,14414233.0,occupancy_cycles
correlation-redis-set-cores2,pcm_cha,drd_occ_agg,SKT0C4,53,14388071.0,occupancy_cycles
correlation-redis-set-cores2,pcm_cha,drd_occ_agg,SKT0C4,54,14392887.0,occupancy_cycles
correlation-redis-set-cores2,pcm_cha,drd_occ_agg,SKT0C4,55,14455669.0,occupancy_cycles
correlation-redis-set-cores2,pcm_cha,drd_occ_agg,SKT0C4,56,14409085.0,occupancy_cycles
correlation-redis-set-cores2,pcm_cha,drd_occ_agg,SKT0C4,57,14337650.0,occupancy_cycles
correlation-redis-set-cores2,pcm_cha,drd_occ_agg,SKT0C4,58,14399058.0,occupancy_cycles
correlation-redis-set-cores2,pcm_cha,drd_occ_agg,SKT0C4,59,14504755.0,occupancy_cycles
correlation-redis-set-cores2,pcm_cha,drd_occ_agg,SKT0C5,0,16369763.0,occupancy_cycles
correlation-redis-set-cores2,pcm_cha,drd_occ_agg,SKT0C5,1,16305212.0,occupancy_cycles
correlation-redis-set-cores2,pcm_cha,drd_occ_agg,SKT0C5,2,16325167.0,occupancy_cycles
correlation-redis-set-cores2,pcm_cha,drd_occ_agg,SKT0C5,3,16409824.0,occupancy_cycles
correlation-redis-set-cores2,pcm_cha,drd_occ_agg,SKT0C5,4,16323020.0,occupancy_cycles
correlation-redis-set-cores2,pcm_cha,drd_occ_agg,SKT0C5,5,16256598.0,occupancy_cycles
correlation-redis-set-cores2,pcm_cha,drd_occ_agg,SKT0C5,6,16443829.0,occupancy_cycles
correlation-redis-set-cores2,pcm_cha,drd_occ_agg,SKT0C5,7,16941770.0,occupancy_cycles
correlation-redis-set-cores2,pcm_cha,drd_occ_agg,SKT0C5,8,16382937.0,occupancy_cycles
correlation-redis-set-cores2,pcm_cha,drd_occ_agg,SKT0C5,9,16602538.0,occupancy_cycles
correlation-redis-set-cores2,pcm_cha,drd_occ_agg,SKT0C5,10,17015518.0,occupancy_cycles
correlation-redis-set-cores2,pcm_cha,drd_occ_agg,SKT0C5,11,16336666.0,occupancy_cycles
correlation-redis-set-cores2,pcm_cha,drd_occ_agg,SKT0C5,12,16406792.0,occupancy_cycles
correlation-redis-set-cores2,pcm_cha,drd_occ_agg,SKT0C5,13,16375313.0,occupancy_cycles
correlation-redis-set-cores2,pcm_cha,drd_occ_agg,SKT0C5,14,16406106.0,occupancy_cycles
correlation-redis-set-cores2,pcm_cha,drd_occ_agg,SKT0C5,15,16383895.0,occupancy_cycles
correlation-redis-set-cores2,pcm_cha,drd_occ_agg,SKT0C5,16,16358467.0,occupancy_cycles
correlation-redis-set-cores2,pcm_cha,drd_occ_agg,SKT0C5,17,16373711.0,occupancy_cycles
correlation-redis-set-cores2,pcm_cha,drd_occ_agg,SKT0C5,18,16388631.0,occupancy_cycles
correlation-redis-set-cores2,pcm_cha,drd_occ_agg,SKT0C5,19,16451528.0,occupancy_cycles
correlation-redis-set-cores2,pcm_cha,drd_occ_agg,SKT0C5,20,16966185.0,occupancy_cycles
correlation-redis-set-cores2,pcm_cha,drd_occ_agg,SKT0C5,21,16323294.0,occupancy_cycles
correlation-redis-set-cores2,pcm_cha,drd_occ_agg,SKT0C5,22,16350381.0,occupancy_cycles
correlation-redis-set-cores2,pcm_cha,drd_occ_agg,SKT0C5,23,16355030.0,occupancy_cycles
correlation-redis-set-cores2,pcm_cha,drd_occ_agg,SKT0C5,24,16296773.0,occupancy_cycles
correlation-redis-set-cores2,pcm_cha,drd_occ_agg,SKT0C5,25,16357602.0,occupancy_cycles
correlation-redis-set-cores2,pcm_cha,drd_occ_agg,SKT0C5,26,16370494.0,occupancy_cycles
correlation-redis-set-cores2,pcm_cha,drd_occ_agg,SKT0C5,27,16415317.0,occupancy_cycles
correlation-redis-set-cores2,pcm_cha,drd_occ_agg,SKT0C5,28,16436809.0,occupancy_cycles
correlation-redis-set-cores2,pcm_cha,drd_occ_agg,SKT0C5,29,16473556.0,occupancy_cycles
correlation-redis-set-cores2,pcm_cha,drd_occ_agg,SKT0C5,30,16425096.0,occupancy_cycles
correlation-redis-set-cores2,pcm_cha,drd_occ_agg,SKT0C5,31,16448530.0,occupancy_cycles
correlation-redis-set-cores2,pcm_cha,drd_occ_agg,SKT0C5,32,16376907.0,occupancy_cycles
correlation-redis-set-cores2,pcm_cha,drd_occ_agg,SKT0C5,33,16458330.0,occupancy_cycles
correlation-redis-set-cores2,pcm_cha,drd_occ_agg,SKT0C5,34,16368152.0,occupancy_cycles
correlation-redis-set-cores2,pcm_cha,drd_occ_agg,SKT0C5,35,16343870.0,occupancy_cycles
correlation-redis-set-cores2,pcm_cha,drd_occ_agg,SKT0C5,36,16400945.0,occupancy_cycles
correlation-redis-set-cores2,pcm_cha,drd_occ_agg,SKT0C5,37,16351491.0,occupancy_cycles
correlation-redis-set-cores2,pcm_cha,drd_occ_agg,SKT0C5,38,16312763.0,occupancy_cycles
correlation-redis-set-cores2,pcm_cha,drd_occ_agg,SKT0C5,39,16454767.0,occupancy_cycles
correlation-redis-set-cores2,pcm_cha,drd_occ_agg,SKT0C5,40,16547588.0,occupancy_cycles
correlation-redis-set-cores2,pcm_cha,drd_occ_agg,SKT0C5,41,16575172.0,occupancy_cycles
correlation-redis-set-cores2,pcm_cha,drd_occ_agg,SKT0C5,42,16601875.0,occupancy_cycles
correlation-redis-set-cores2,pcm_cha,drd_occ_agg,SKT0C5,43,16993571.0,occupancy_cycles
correlation-redis-set-cores2,pcm_cha,drd_occ_agg,SKT0C5,44,16353742.0,occupancy_cycles
correlation-redis-set-cores2,pcm_cha,drd_occ_agg,SKT0C5,45,16291254.0,occupancy_cycles
correlation-redis-set-cores2,pcm_cha,drd_occ_agg,SKT0C5,46,16246086.0,occupancy_cycles
correlation-redis-set-cores2,pcm_cha,drd_occ_agg,SKT0C5,47,16308357.0,occupancy_cycles
correlation-redis-set-cores2,pcm_cha,drd_occ_agg,SKT0C5,48,16306527.0,occupancy_cycles
correlation-redis-set-cores2,pcm_cha,drd_occ_agg,SKT0C5,49,16497445.0,occupancy_cycles
correlation-redis-set-cores2,pcm_cha,drd_occ_agg,SKT0C5,50,16890704.0,occupancy_cycles
correlation-redis-set-cores2,pcm_cha,drd_occ_agg,SKT0C5,51,16429527.0,occupancy_cycles
correlation-redis-set-cores2,pcm_cha,drd_occ_agg,SKT0C5,52,16352170.0,occupancy_cycles
correlation-redis-set-cores2,pcm_cha,drd_occ_agg,SKT0C5,53,16344633.0,occupancy_cycles
correlation-redis-set-cores2,pcm_cha,drd_occ_agg,SKT0C5,54,16304825.0,occupancy_cycles
correlation-redis-set-cores2,pcm_cha,drd_occ_agg,SKT0C5,55,16286857.0,occupancy_cycles
correlation-redis-set-cores2,pcm_cha,drd_occ_agg,SKT0C5,56,16323197.0,occupancy_cycles
correlation-redis-set-cores2,pcm_cha,drd_occ_agg,SKT0C5,57,16230532.0,occupancy_cycles
correlation-redis-set-cores2,pcm_cha,drd_occ_agg,SKT0C5,58,16343670.0,occupancy_cycles
correlation-redis-set-cores2,pcm_cha,drd_occ_agg,SKT0C5,59,16415422.0,occupancy_cycles
correlation-redis-set-cores2,pcm_cha,drd_occ_agg,SKT0C6,0,20775299.0,occupancy_cycles
correlation-redis-set-cores2,pcm_cha,drd_occ_agg,SKT0C6,1,20598917.0,occupancy_cycles
correlation-redis-set-cores2,pcm_cha,drd_occ_agg,SKT0C6,2,20728684.0,occupancy_cycles
correlation-redis-set-cores2,pcm_cha,drd_occ_agg,SKT0C6,3,20730131.0,occupancy_cycles
correlation-redis-set-cores2,pcm_cha,drd_occ_agg,SKT0C6,4,20587134.0,occupancy_cycles
correlation-redis-set-cores2,pcm_cha,drd_occ_agg,SKT0C6,5,20764564.0,occupancy_cycles
correlation-redis-set-cores2,pcm_cha,drd_occ_agg,SKT0C6,6,20814938.0,occupancy_cycles
correlation-redis-set-cores2,pcm_cha,drd_occ_agg,SKT0C6,7,21302637.0,occupancy_cycles
correlation-redis-set-cores2,pcm_cha,drd_occ_agg,SKT0C6,8,20687510.0,occupancy_cycles
correlation-redis-set-cores2,pcm_cha,drd_occ_agg,SKT0C6,9,20871456.0,occupancy_cycles
correlation-redis-set-cores2,pcm_cha,drd_occ_agg,SKT0C6,10,21455030.0,occupancy_cycles
correlation-redis-set-cores2,pcm_cha,drd_occ_agg,SKT0C6,11,20757734.0,occupancy_cycles
correlation-redis-set-cores2,pcm_cha,drd_occ_agg,SKT0C6,12,20799379.0,occupancy_cycles
correlation-redis-set-cores2,pcm_cha,drd_occ_agg,SKT0C6,13,20718356.0,occupancy_cycles
correlation-redis-set-cores2,pcm_cha,drd_occ_agg,SKT0C6,14,20712740.0,occupancy_cycles
correlation-redis-set-cores2,pcm_cha,drd_occ_agg,SKT0C6,15,20765324.0,occupancy_cycles
correlation-redis-set-cores2,pcm_cha,drd_occ_agg,SKT0C6,16,20766495.0,occupancy_cycles
correlation-redis-set-cores2,pcm_cha,drd_occ_agg,SKT0C6,17,20722601.0,occupancy_cycles
correlation-redis-set-cores2,pcm_cha,drd_occ_agg,SKT0C6,18,20747214.0,occupancy_cycles
correlation-redis-set-cores2,pcm_cha,drd_occ_agg,SKT0C6,19,20887858.0,occupancy_cycles
correlation-redis-set-cores2,pcm_cha,drd_occ_agg,SKT0C6,20,21282417.0,occupancy_cycles
correlation-redis-set-cores2,pcm_cha,drd_occ_agg,SKT0C6,21,20690088.0,occupancy_cycles
correlation-redis-set-cores2,pcm_cha,drd_occ_agg,SKT0C6,22,20759499.0,occupancy_cycles
correlation-redis-set-cores2,pcm_cha,drd_occ_agg,SKT0C6,23,20714615.0,occupancy_cycles
correlation-redis-set-cores2,pcm_cha,drd_occ_agg,SKT0C6,24,20755767.0,occupancy_cycles
correlation-redis-set-cores2,pcm_cha,drd_occ_agg,SKT0C6,25,20675962.0,occupancy_cycles
correlation-redis-set-cores2,pcm_cha,drd_occ_agg,SKT0C6,26,20810050.0,occupancy_cycles
correlation-redis-set-cores2,pcm_cha,drd_occ_agg,SKT0C6,27,20763980.0,occupancy_cycles
correlation-redis-set-cores2,pcm_cha,drd_occ_agg,SKT0C6,28,20777723.0,occupancy_cycles
correlation-redis-set-cores2,pcm_cha,drd_occ_agg,SKT0C6,29,20743548.0,occupancy_cycles
correlation-redis-set-cores2,pcm_cha,drd_occ_agg,SKT0C6,30,20841304.0,occupancy_cycles
correlation-redis-set-cores2,pcm_cha,drd_occ_agg,SKT0C6,31,20812610.0,occupancy_cycles
correlation-redis-set-cores2,pcm_cha,drd_occ_agg,SKT0C6,32,20689122.0,occupancy_cycles
correlation-redis-set-cores2,pcm_cha,drd_occ_agg,SKT0C6,33,20819969.0,occupancy_cycles
correlation-redis-set-cores2,pcm_cha,drd_occ_agg,SKT0C6,34,20764976.0,occupancy_cycles
correlation-redis-set-cores2,pcm_cha,drd_occ_agg,SKT0C6,35,20754654.0,occupancy_cycles
correlation-redis-set-cores2,pcm_cha,drd_occ_agg,SKT0C6,36,20713079.0,occupancy_cycles
correlation-redis-set-cores2,pcm_cha,drd_occ_agg,SKT0C6,37,20689918.0,occupancy_cycles
correlation-redis-set-cores2,pcm_cha,drd_occ_agg,SKT0C6,38,20742934.0,occupancy_cycles
correlation-redis-set-cores2,pcm_cha,drd_occ_agg,SKT0C6,39,20840833.0,occupancy_cycles
correlation-redis-set-cores2,pcm_cha,drd_occ_agg,SKT0C6,40,20895461.0,occupancy_cycles
correlation-redis-set-cores2,pcm_cha,drd_occ_agg,SKT0C6,41,20946967.0,occupancy_cycles
correlation-redis-set-cores2,pcm_cha,drd_occ_agg,SKT0C6,42,20886788.0,occupancy_cycles
correlation-redis-set-cores2,pcm_cha,drd_occ_agg,SKT0C6,43,21457365.0,occupancy_cycles
correlation-redis-set-cores2,pcm_cha,drd_occ_agg,SKT0C6,44,20684376.0,occupancy_cycles
correlation-redis-set-cores2,pcm_cha,drd_occ_agg,SKT0C6,45,20664944.0,occupancy_cycles
correlation-redis-set-cores2,pcm_cha,drd_occ_agg,SKT0C6,46,20695431.0,occupancy_cycles
correlation-redis-set-cores2,pcm_cha,drd_occ_agg,SKT0C6,47,20699511.0,occupancy_cycles
correlation-redis-set-cores2,pcm_cha,drd_occ_agg,SKT0C6,48,20653670.0,occupancy_cycles
correlation-redis-set-cores2,pcm_cha,drd_occ_agg,SKT0C6,49,20867183.0,occupancy_cycles
correlation-redis-set-cores2,pcm_cha,drd_occ_agg,SKT0C6,50,21149069.0,occupancy_cycles
correlation-redis-set-cores2,pcm_cha,drd_occ_agg,SKT0C6,51,20815030.0,occupancy_cycles
correlation-redis-set-cores2,pcm_cha,drd_occ_agg,SKT0C6,52,20775274.0,occupancy_cycles
correlation-redis-set-cores2,pcm_cha,drd_occ_agg,SKT0C6,53,20748842.0,occupancy_cycles
correlation-redis-set-cores2,pcm_cha,drd_occ_agg,SKT0C6,54,20641467.0,occupancy_cycles
correlation-redis-set-cores2,pcm_cha,drd_occ_agg,SKT0C6,55,20595735.0,occupancy_cycles
correlation-redis-set-cores2,pcm_cha,drd_occ_agg,SKT0C6,56,20775880.0,occupancy_cycles
correlation-redis-set-cores2,pcm_cha,drd_occ_agg,SKT0C6,57,20627642.0,occupancy_cycles
correlation-redis-set-cores2,pcm_cha,drd_occ_agg,SKT0C6,58,20687698.0,occupancy_cycles
correlation-redis-set-cores2,pcm_cha,drd_occ_agg,SKT0C6,59,20795369.0,occupancy_cycles
correlation-redis-set-cores2,pcm_cha,drd_occ_agg,SKT0C7,0,19094277.0,occupancy_cycles
correlation-redis-set-cores2,pcm_cha,drd_occ_agg,SKT0C7,1,19024385.0,occupancy_cycles
correlation-redis-set-cores2,pcm_cha,drd_occ_agg,SKT0C7,2,18979136.0,occupancy_cycles
correlation-redis-set-cores2,pcm_cha,drd_occ_agg,SKT0C7,3,19041857.0,occupancy_cycles
correlation-redis-set-cores2,pcm_cha,drd_occ_agg,SKT0C7,4,18936968.0,occupancy_cycles
correlation-redis-set-cores2,pcm_cha,drd_occ_agg,SKT0C7,5,19073125.0,occupancy_cycles
correlation-redis-set-cores2,pcm_cha,drd_occ_agg,SKT0C7,6,19100310.0,occupancy_cycles
correlation-redis-set-cores2,pcm_cha,drd_occ_agg,SKT0C7,7,19602763.0,occupancy_cycles
correlation-redis-set-cores2,pcm_cha,drd_occ_agg,SKT0C7,8,19121738.0,occupancy_cycles
correlation-redis-set-cores2,pcm_cha,drd_occ_agg,SKT0C7,9,19218605.0,occupancy_cycles
correlation-redis-set-cores2,pcm_cha,drd_occ_agg,SKT0C7,10,19724995.0,occupancy_cycles
correlation-redis-set-cores2,pcm_cha,drd_occ_agg,SKT0C7,11,19070536.0,occupancy_cycles
correlation-redis-set-cores2,pcm_cha,drd_occ_agg,SKT0C7,12,19121570.0,occupancy_cycles
correlation-redis-set-cores2,pcm_cha,drd_occ_agg,SKT0C7,13,19029793.0,occupancy_cycles
correlation-redis-set-cores2,pcm_cha,drd_occ_agg,SKT0C7,14,19046565.0,occupancy_cycles
correlation-redis-set-cores2,pcm_cha,drd_occ_agg,SKT0C7,15,19075920.0,occupancy_cycles
correlation-redis-set-cores2,pcm_cha,drd_occ_agg,SKT0C7,16,19060992.0,occupancy_cycles
correlation-redis-set-cores2,pcm_cha,drd_occ_agg,SKT0C7,17,19115160.0,occupancy_cycles
correlation-redis-set-cores2,pcm_cha,drd_occ_agg,SKT0C7,18,19048185.0,occupancy_cycles
correlation-redis-set-cores2,pcm_cha,drd_occ_agg,SKT0C7,19,19223406.0,occupancy_cycles
correlation-redis-set-cores2,pcm_cha,drd_occ_agg,SKT0C7,20,19624376.0,occupancy_cycles
correlation-redis-set-cores2,pcm_cha,drd_occ_agg,SKT0C7,21,18962284.0,occupancy_cycles
correlation-redis-set-cores2,pcm_cha,drd_occ_agg,SKT0C7,22,19048559.0,occupancy_cycles
correlation-redis-set-cores2,pcm_cha,drd_occ_agg,SKT0C7,23,19041631.0,occupancy_cycles
correlation-redis-set-cores2,pcm_cha,drd_occ_agg,SKT0C7,24,19072837.0,occupancy_cycles
correlation-redis-set-cores2,pcm_cha,drd_occ_agg,SKT0C7,25,19052263.0,occupancy_cycles
correlation-redis-set-cores2,pcm_cha,drd_occ_agg,SKT0C7,26,19142585.0,occupancy_cycles
correlation-redis-set-cores2,pcm_cha,drd_occ_agg,SKT0C7,27,19132345.0,occupancy_cycles
correlation-redis-set-cores2,pcm_cha,drd_occ_agg,SKT0C7,28,19128588.0,occupancy_cycles
correlation-redis-set-cores2,pcm_cha,drd_occ_agg,SKT0C7,29,19101343.0,occupancy_cycles
correlation-redis-set-cores2,pcm_cha,drd_occ_agg,SKT0C7,30,19119817.0,occupancy_cycles
correlation-redis-set-cores2,pcm_cha,drd_occ_agg,SKT0C7,31,19109205.0,occupancy_cycles
correlation-redis-set-cores2,pcm_cha,drd_occ_agg,SKT0C7,32,19070772.0,occupancy_cycles
correlation-redis-set-cores2,pcm_cha,drd_occ_agg,SKT0C7,33,19113222.0,occupancy_cycles
correlation-redis-set-cores2,pcm_cha,drd_occ_agg,SKT0C7,34,19147597.0,occupancy_cycles
correlation-redis-set-cores2,pcm_cha,drd_occ_agg,SKT0C7,35,19108997.0,occupancy_cycles
correlation-redis-set-cores2,pcm_cha,drd_occ_agg,SKT0C7,36,19044888.0,occupancy_cycles
correlation-redis-set-cores2,pcm_cha,drd_occ_agg,SKT0C7,37,19011993.0,occupancy_cycles
correlation-redis-set-cores2,pcm_cha,drd_occ_agg,SKT0C7,38,19115867.0,occupancy_cycles
correlation-redis-set-cores2,pcm_cha,drd_occ_agg,SKT0C7,39,19090725.0,occupancy_cycles
correlation-redis-set-cores2,pcm_cha,drd_occ_agg,SKT0C7,40,19302825.0,occupancy_cycles
correlation-redis-set-cores2,pcm_cha,drd_occ_agg,SKT0C7,41,19238377.0,occupancy_cycles
correlation-redis-set-cores2,pcm_cha,drd_occ_agg,SKT0C7,42,19255474.0,occupancy_cycles
correlation-redis-set-cores2,pcm_cha,drd_occ_agg,SKT0C7,43,19717237.0,occupancy_cycles
correlation-redis-set-cores2,pcm_cha,drd_occ_agg,SKT0C7,44,18992960.0,occupancy_cycles
correlation-redis-set-cores2,pcm_cha,drd_occ_agg,SKT0C7,45,19005537.0,occupancy_cycles
correlation-redis-set-cores2,pcm_cha,drd_occ_agg,SKT0C7,46,19009093.0,occupancy_cycles
correlation-redis-set-cores2,pcm_cha,drd_occ_agg,SKT0C7,47,18977776.0,occupancy_cycles
correlation-redis-set-cores2,pcm_cha,drd_occ_agg,SKT0C7,48,19003113.0,occupancy_cycles
correlation-redis-set-cores2,pcm_cha,drd_occ_agg,SKT0C7,49,19156734.0,occupancy_cycles
correlation-redis-set-cores2,pcm_cha,drd_occ_agg,SKT0C7,50,19468770.0,occupancy_cycles
correlation-redis-set-cores2,pcm_cha,drd_occ_agg,SKT0C7,51,19072527.0,occupancy_cycles
correlation-redis-set-cores2,pcm_cha,drd_occ_agg,SKT0C7,52,19019438.0,occupancy_cycles
correlation-redis-set-cores2,pcm_cha,drd_occ_agg,SKT0C7,53,19023402.0,occupancy_cycles
correlation-redis-set-cores2,pcm_cha,drd_occ_agg,SKT0C7,54,18946658.0,occupancy_cycles
correlation-redis-set-cores2,pcm_cha,drd_occ_agg,SKT0C7,55,19022593.0,occupancy_cycles
correlation-redis-set-cores2,pcm_cha,drd_occ_agg,SKT0C7,56,19090239.0,occupancy_cycles
correlation-redis-set-cores2,pcm_cha,drd_occ_agg,SKT0C7,57,18997527.0,occupancy_cycles
correlation-redis-set-cores2,pcm_cha,drd_occ_agg,SKT0C7,58,19062303.0,occupancy_cycles
correlation-redis-set-cores2,pcm_cha,drd_occ_agg,SKT0C7,59,19070552.0,occupancy_cycles
correlation-redis-set-cores2,pcm_cha,drd_occ_agg,SKT0C8,0,19103353.0,occupancy_cycles
correlation-redis-set-cores2,pcm_cha,drd_occ_agg,SKT0C8,1,19109638.0,occupancy_cycles
correlation-redis-set-cores2,pcm_cha,drd_occ_agg,SKT0C8,2,19018981.0,occupancy_cycles
correlation-redis-set-cores2,pcm_cha,drd_occ_agg,SKT0C8,3,19098039.0,occupancy_cycles
correlation-redis-set-cores2,pcm_cha,drd_occ_agg,SKT0C8,4,19022860.0,occupancy_cycles
correlation-redis-set-cores2,pcm_cha,drd_occ_agg,SKT0C8,5,19062863.0,occupancy_cycles
correlation-redis-set-cores2,pcm_cha,drd_occ_agg,SKT0C8,6,19241466.0,occupancy_cycles
correlation-redis-set-cores2,pcm_cha,drd_occ_agg,SKT0C8,7,19657744.0,occupancy_cycles
correlation-redis-set-cores2,pcm_cha,drd_occ_agg,SKT0C8,8,19184493.0,occupancy_cycles
correlation-redis-set-cores2,pcm_cha,drd_occ_agg,SKT0C8,9,19292162.0,occupancy_cycles
correlation-redis-set-cores2,pcm_cha,drd_occ_agg,SKT0C8,10,19784622.0,occupancy_cycles
correlation-redis-set-cores2,pcm_cha,drd_occ_agg,SKT0C8,11,19158885.0,occupancy_cycles
correlation-redis-set-cores2,pcm_cha,drd_occ_agg,SKT0C8,12,19162156.0,occupancy_cycles
correlation-redis-set-cores2,pcm_cha,drd_occ_agg,SKT0C8,13,19095346.0,occupancy_cycles
correlation-redis-set-cores2,pcm_cha,drd_occ_agg,SKT0C8,14,19085745.0,occupancy_cycles
correlation-redis-set-cores2,pcm_cha,drd_occ_agg,SKT0C8,15,19123932.0,occupancy_cycles
correlation-redis-set-cores2,pcm_cha,drd_occ_agg,SKT0C8,16,19079575.0,occupancy_cycles
correlation-redis-set-cores2,pcm_cha,drd_occ_agg,SKT0C8,17,19148339.0,occupancy_cycles
correlation-redis-set-cores2,pcm_cha,drd_occ_agg,SKT0C8,18,19151583.0,occupancy_cycles
correlation-redis-set-cores2,pcm_cha,drd_occ_agg,SKT0C8,19,19198640.0,occupancy_cycles
correlation-redis-set-cores2,pcm_cha,drd_occ_agg,SKT0C8,20,19697762.0,occupancy_cycles
correlation-redis-set-cores2,pcm_cha,drd_occ_agg,SKT0C8,21,19074971.0,occupancy_cycles
correlation-redis-set-cores2,pcm_cha,drd_occ_agg,SKT0C8,22,19165899.0,occupancy_cycles
correlation-redis-set-cores2,pcm_cha,drd_occ_agg,SKT0C8,23,19196455.0,occupancy_cycles
correlation-redis-set-cores2,pcm_cha,drd_occ_agg,SKT0C8,24,19136746.0,occupancy_cycles
correlation-redis-set-cores2,pcm_cha,drd_occ_agg,SKT0C8,25,19113434.0,occupancy_cycles
correlation-redis-set-cores2,pcm_cha,drd_occ_agg,SKT0C8,26,19160006.0,occupancy_cycles
correlation-redis-set-cores2,pcm_cha,drd_occ_agg,SKT0C8,27,19114536.0,occupancy_cycles
correlation-redis-set-cores2,pcm_cha,drd_occ_agg,SKT0C8,28,19136288.0,occupancy_cycles
correlation-redis-set-cores2,pcm_cha,drd_occ_agg,SKT0C8,29,19212542.0,occupancy_cycles
correlation-redis-set-cores2,pcm_cha,drd_occ_agg,SKT0C8,30,19187170.0,occupancy_cycles
correlation-redis-set-cores2,pcm_cha,drd_occ_agg,SKT0C8,31,19176174.0,occupancy_cycles
correlation-redis-set-cores2,pcm_cha,drd_occ_agg,SKT0C8,32,19154149.0,occupancy_cycles
correlation-redis-set-cores2,pcm_cha,drd_occ_agg,SKT0C8,33,19143305.0,occupancy_cycles
correlation-redis-set-cores2,pcm_cha,drd_occ_agg,SKT0C8,34,19182493.0,occupancy_cycles
correlation-redis-set-cores2,pcm_cha,drd_occ_agg,SKT0C8,35,19193405.0,occupancy_cycles
correlation-redis-set-cores2,pcm_cha,drd_occ_agg,SKT0C8,36,19107085.0,occupancy_cycles
correlation-redis-set-cores2,pcm_cha,drd_occ_agg,SKT0C8,37,19097423.0,occupancy_cycles
correlation-redis-set-cores2,pcm_cha,drd_occ_agg,SKT0C8,38,19069934.0,occupancy_cycles
correlation-redis-set-cores2,pcm_cha,drd_occ_agg,SKT0C8,39,19111548.0,occupancy_cycles
correlation-redis-set-cores2,pcm_cha,drd_occ_agg,SKT0C8,40,19418242.0,occupancy_cycles
correlation-redis-set-cores2,pcm_cha,drd_occ_agg,SKT0C8,41,19271269.0,occupancy_cycles
correlation-redis-set-cores2,pcm_cha,drd_occ_agg,SKT0C8,42,19282769.0,occupancy_cycles
correlation-redis-set-cores2,pcm_cha,drd_occ_agg,SKT0C8,43,19688744.0,occupancy_cycles
correlation-redis-set-cores2,pcm_cha,drd_occ_agg,SKT0C8,44,19080021.0,occupancy_cycles
correlation-redis-set-cores2,pcm_cha,drd_occ_agg,SKT0C8,45,19057100.0,occupancy_cycles
correlation-redis-set-cores2,pcm_cha,drd_occ_agg,SKT0C8,46,19041188.0,occupancy_cycles
correlation-redis-set-cores2,pcm_cha,drd_occ_agg,SKT0C8,47,19163426.0,occupancy_cycles
correlation-redis-set-cores2,pcm_cha,drd_occ_agg,SKT0C8,48,19069285.0,occupancy_cycles
correlation-redis-set-cores2,pcm_cha,drd_occ_agg,SKT0C8,49,19293895.0,occupancy_cycles
correlation-redis-set-cores2,pcm_cha,drd_occ_agg,SKT0C8,50,19553928.0,occupancy_cycles
correlation-redis-set-cores2,pcm_cha,drd_occ_agg,SKT0C8,51,19105558.0,occupancy_cycles
correlation-redis-set-cores2,pcm_cha,drd_occ_agg,SKT0C8,52,19084275.0,occupancy_cycles
correlation-redis-set-cores2,pcm_cha,drd_occ_agg,SKT0C8,53,19103863.0,occupancy_cycles
correlation-redis-set-cores2,pcm_cha,drd_occ_agg,SKT0C8,54,19083104.0,occupancy_cycles
correlation-redis-set-cores2,pcm_cha,drd_occ_agg,SKT0C8,55,19123194.0,occupancy_cycles
correlation-redis-set-cores2,pcm_cha,drd_occ_agg,SKT0C8,56,19152058.0,occupancy_cycles
correlation-redis-set-cores2,pcm_cha,drd_occ_agg,SKT0C8,57,19021837.0,occupancy_cycles
correlation-redis-set-cores2,pcm_cha,drd_occ_agg,SKT0C8,58,19092558.0,occupancy_cycles
correlation-redis-set-cores2,pcm_cha,drd_occ_agg,SKT0C8,59,19154103.0,occupancy_cycles
correlation-redis-set-cores2,pcm_cha,drd_occ_agg,SKT0C9,0,19983035.0,occupancy_cycles
correlation-redis-set-cores2,pcm_cha,drd_occ_agg,SKT0C9,1,19865069.0,occupancy_cycles
correlation-redis-set-cores2,pcm_cha,drd_occ_agg,SKT0C9,2,19813973.0,occupancy_cycles
correlation-redis-set-cores2,pcm_cha,drd_occ_agg,SKT0C9,3,19912541.0,occupancy_cycles
correlation-redis-set-cores2,pcm_cha,drd_occ_agg,SKT0C9,4,19804411.0,occupancy_cycles
correlation-redis-set-cores2,pcm_cha,drd_occ_agg,SKT0C9,5,19855056.0,occupancy_cycles
correlation-redis-set-cores2,pcm_cha,drd_occ_agg,SKT0C9,6,20077462.0,occupancy_cycles
correlation-redis-set-cores2,pcm_cha,drd_occ_agg,SKT0C9,7,20581609.0,occupancy_cycles
correlation-redis-set-cores2,pcm_cha,drd_occ_agg,SKT0C9,8,20033240.0,occupancy_cycles
correlation-redis-set-cores2,pcm_cha,drd_occ_agg,SKT0C9,9,20191026.0,occupancy_cycles
correlation-redis-set-cores2,pcm_cha,drd_occ_agg,SKT0C9,10,20633955.0,occupancy_cycles
correlation-redis-set-cores2,pcm_cha,drd_occ_agg,SKT0C9,11,19876203.0,occupancy_cycles
correlation-redis-set-cores2,pcm_cha,drd_occ_agg,SKT0C9,12,19895666.0,occupancy_cycles
correlation-redis-set-cores2,pcm_cha,drd_occ_agg,SKT0C9,13,19850245.0,occupancy_cycles
correlation-redis-set-cores2,pcm_cha,drd_occ_agg,SKT0C9,14,19946364.0,occupancy_cycles
correlation-redis-set-cores2,pcm_cha,drd_occ_agg,SKT0C9,15,19922378.0,occupancy_cycles
correlation-redis-set-cores2,pcm_cha,drd_occ_agg,SKT0C9,16,19865150.0,occupancy_cycles
correlation-redis-set-cores2,pcm_cha,drd_occ_agg,SKT0C9,17,19905912.0,occupancy_cycles
correlation-redis-set-cores2,pcm_cha,drd_occ_agg,SKT0C9,18,19983830.0,occupancy_cycles
correlation-redis-set-cores2,pcm_cha,drd_occ_agg,SKT0C9,19,19991192.0,occupancy_cycles
correlation-redis-set-cores2,pcm_cha,drd_occ_agg,SKT0C9,20,20471918.0,occupancy_cycles
correlation-redis-set-cores2,pcm_cha,drd_occ_agg,SKT0C9,21,19893401.0,occupancy_cycles
correlation-redis-set-cores2,pcm_cha,drd_occ_agg,SKT0C9,22,19928754.0,occupancy_cycles
correlation-redis-set-cores2,pcm_cha,drd_occ_agg,SKT0C9,23,19944015.0,occupancy_cycles
correlation-redis-set-cores2,pcm_cha,drd_occ_agg,SKT0C9,24,19907390.0,occupancy_cycles
correlation-redis-set-cores2,pcm_cha,drd_occ_agg,SKT0C9,25,19900288.0,occupancy_cycles
correlation-redis-set-cores2,pcm_cha,drd_occ_agg,SKT0C9,26,20007727.0,occupancy_cycles
correlation-redis-set-cores2,pcm_cha,drd_occ_agg,SKT0C9,27,19905654.0,occupancy_cycles
correlation-redis-set-cores2,pcm_cha,drd_occ_agg,SKT0C9,28,19906920.0,occupancy_cycles
correlation-redis-set-cores2,pcm_cha,drd_occ_agg,SKT0C9,29,20029267.0,occupancy_cycles
correlation-redis-set-cores2,pcm_cha,drd_occ_agg,SKT0C9,30,19962003.0,occupancy_cycles
correlation-redis-set-cores2,pcm_cha,drd_occ_agg,SKT0C9,31,19967846.0,occupancy_cycles
correlation-redis-set-cores2,pcm_cha,drd_occ_agg,SKT0C9,32,19935497.0,occupancy_cycles
correlation-redis-set-cores2,pcm_cha,drd_occ_agg,SKT0C9,33,19953852.0,occupancy_cycles
correlation-redis-set-cores2,pcm_cha,drd_occ_agg,SKT0C9,34,20000147.0,occupancy_cycles
correlation-redis-set-cores2,pcm_cha,drd_occ_agg,SKT0C9,35,19953835.0,occupancy_cycles
correlation-redis-set-cores2,pcm_cha,drd_occ_agg,SKT0C9,36,19899604.0,occupancy_cycles
correlation-redis-set-cores2,pcm_cha,drd_occ_agg,SKT0C9,37,19954053.0,occupancy_cycles
correlation-redis-set-cores2,pcm_cha,drd_occ_agg,SKT0C9,38,19923718.0,occupancy_cycles
correlation-redis-set-cores2,pcm_cha,drd_occ_agg,SKT0C9,39,19985010.0,occupancy_cycles
correlation-redis-set-cores2,pcm_cha,drd_occ_agg,SKT0C9,40,20132878.0,occupancy_cycles
correlation-redis-set-cores2,pcm_cha,drd_occ_agg,SKT0C9,41,20182480.0,occupancy_cycles
correlation-redis-set-cores2,pcm_cha,drd_occ_agg,SKT0C9,42,20101872.0,occupancy_cycles
correlation-redis-set-cores2,pcm_cha,drd_occ_agg,SKT0C9,43,20522802.0,occupancy_cycles
correlation-redis-set-cores2,pcm_cha,drd_occ_agg,SKT0C9,44,19829056.0,occupancy_cycles
correlation-redis-set-cores2,pcm_cha,drd_occ_agg,SKT0C9,45,19823796.0,occupancy_cycles
correlation-redis-set-cores2,pcm_cha,drd_occ_agg,SKT0C9,46,19787445.0,occupancy_cycles
correlation-redis-set-cores2,pcm_cha,drd_occ_agg,SKT0C9,47,19880696.0,occupancy_cycles
correlation-redis-set-cores2,pcm_cha,drd_occ_agg,SKT0C9,48,19846741.0,occupancy_cycles
correlation-redis-set-cores2,pcm_cha,drd_occ_agg,SKT0C9,49,20071090.0,occupancy_cycles
correlation-redis-set-cores2,pcm_cha,drd_occ_agg,SKT0C9,50,20406803.0,occupancy_cycles
correlation-redis-set-cores2,pcm_cha,drd_occ_agg,SKT0C9,51,19898430.0,occupancy_cycles
correlation-redis-set-cores2,pcm_cha,drd_occ_agg,SKT0C9,52,19915236.0,occupancy_cycles
correlation-redis-set-cores2,pcm_cha,drd_occ_agg,SKT0C9,53,19854900.0,occupancy_cycles
correlation-redis-set-cores2,pcm_cha,drd_occ_agg,SKT0C9,54,19831240.0,occupancy_cycles
correlation-redis-set-cores2,pcm_cha,drd_occ_agg,SKT0C9,55,19887170.0,occupancy_cycles
correlation-redis-set-cores2,pcm_cha,drd_occ_agg,SKT0C9,56,19875910.0,occupancy_cycles
correlation-redis-set-cores2,pcm_cha,drd_occ_agg,SKT0C9,57,19780533.0,occupancy_cycles
correlation-redis-set-cores2,pcm_cha,drd_occ_agg,SKT0C9,58,19853913.0,occupancy_cycles
correlation-redis-set-cores2,pcm_cha,drd_occ_agg,SKT0C9,59,19948852.0,occupancy_cycles
correlation-redis-set-cores2,pcm_cha,drd_occ_agg,SKT0C10,0,18283488.0,occupancy_cycles
correlation-redis-set-cores2,pcm_cha,drd_occ_agg,SKT0C10,1,18165621.0,occupancy_cycles
correlation-redis-set-cores2,pcm_cha,drd_occ_agg,SKT0C10,2,18200325.0,occupancy_cycles
correlation-redis-set-cores2,pcm_cha,drd_occ_agg,SKT0C10,3,18286470.0,occupancy_cycles
correlation-redis-set-cores2,pcm_cha,drd_occ_agg,SKT0C10,4,18171724.0,occupancy_cycles
correlation-redis-set-cores2,pcm_cha,drd_occ_agg,SKT0C10,5,18206309.0,occupancy_cycles
correlation-redis-set-cores2,pcm_cha,drd_occ_agg,SKT0C10,6,18366480.0,occupancy_cycles
correlation-redis-set-cores2,pcm_cha,drd_occ_agg,SKT0C10,7,18838593.0,occupancy_cycles
correlation-redis-set-cores2,pcm_cha,drd_occ_agg,SKT0C10,8,18337391.0,occupancy_cycles
correlation-redis-set-cores2,pcm_cha,drd_occ_agg,SKT0C10,9,18483388.0,occupancy_cycles
correlation-redis-set-cores2,pcm_cha,drd_occ_agg,SKT0C10,10,18845468.0,occupancy_cycles
correlation-redis-set-cores2,pcm_cha,drd_occ_agg,SKT0C10,11,18179797.0,occupancy_cycles
correlation-redis-set-cores2,pcm_cha,drd_occ_agg,SKT0C10,12,18238005.0,occupancy_cycles
correlation-redis-set-cores2,pcm_cha,drd_occ_agg,SKT0C10,13,18268104.0,occupancy_cycles
correlation-redis-set-cores2,pcm_cha,drd_occ_agg,SKT0C10,14,18259921.0,occupancy_cycles
correlation-redis-set-cores2,pcm_cha,drd_occ_agg,SKT0C10,15,18187433.0,occupancy_cycles
correlation-redis-set-cores2,pcm_cha,drd_occ_agg,SKT0C10,16,18284049.0,occupancy_cycles
correlation-redis-set-cores2,pcm_cha,drd_occ_agg,SKT0C10,17,18207198.0,occupancy_cycles
correlation-redis-set-cores2,pcm_cha,drd_occ_agg,SKT0C10,18,18232723.0,occupancy_cycles
correlation-redis-set-cores2,pcm_cha,drd_occ_agg,SKT0C10,19,18282526.0,occupancy_cycles
correlation-redis-set-cores2,pcm_cha,drd_occ_agg,SKT0C10,20,18745403.0,occupancy_cycles
correlation-redis-set-cores2,pcm_cha,drd_occ_agg,SKT0C10,21,18134795.0,occupancy_cycles
correlation-redis-set-cores2,pcm_cha,drd_occ_agg,SKT0C10,22,18226972.0,occupancy_cycles
correlation-redis-set-cores2,pcm_cha,drd_occ_agg,SKT0C10,23,18252957.0,occupancy_cycles
correlation-redis-set-cores2,pcm_cha,drd_occ_agg,SKT0C10,24,18122934.0,occupancy_cycles
correlation-redis-set-cores2,pcm_cha,drd_occ_agg,SKT0C10,25,18316730.0,occupancy_cycles
correlation-redis-set-cores2,pcm_cha,drd_occ_agg,SKT0C10,26,18261497.0,occupancy_cycles
correlation-redis-set-cores2,pcm_cha,drd_occ_agg,SKT0C10,27,18231589.0,occupancy_cycles
correlation-redis-set-cores2,pcm_cha,drd_occ_agg,SKT0C10,28,18308397.0,occupancy_cycles
correlation-redis-set-cores2,pcm_cha,drd_occ_agg,SKT0C10,29,18306729.0,occupancy_cycles
correlation-redis-set-cores2,pcm_cha,drd_occ_agg,SKT0C10,30,18272490.0,occupancy_cycles
correlation-redis-set-cores2,pcm_cha,drd_occ_agg,SKT0C10,31,18286959.0,occupancy_cycles
correlation-redis-set-cores2,pcm_cha,drd_occ_agg,SKT0C10,32,18269786.0,occupancy_cycles
correlation-redis-set-cores2,pcm_cha,drd_occ_agg,SKT0C10,33,18316334.0,occupancy_cycles
correlation-redis-set-cores2,pcm_cha,drd_occ_agg,SKT0C10,34,18260436.0,occupancy_cycles
correlation-redis-set-cores2,pcm_cha,drd_occ_agg,SKT0C10,35,18268648.0,occupancy_cycles
correlation-redis-set-cores2,pcm_cha,drd_occ_agg,SKT0C10,36,18242445.0,occupancy_cycles
correlation-redis-set-cores2,pcm_cha,drd_occ_agg,SKT0C10,37,18262885.0,occupancy_cycles
correlation-redis-set-cores2,pcm_cha,drd_occ_agg,SKT0C10,38,18210402.0,occupancy_cycles
correlation-redis-set-cores2,pcm_cha,drd_occ_agg,SKT0C10,39,18316863.0,occupancy_cycles
correlation-redis-set-cores2,pcm_cha,drd_occ_agg,SKT0C10,40,18439024.0,occupancy_cycles
correlation-redis-set-cores2,pcm_cha,drd_occ_agg,SKT0C10,41,18440969.0,occupancy_cycles
correlation-redis-set-cores2,pcm_cha,drd_occ_agg,SKT0C10,42,18444448.0,occupancy_cycles
correlation-redis-set-cores2,pcm_cha,drd_occ_agg,SKT0C10,43,18838347.0,occupancy_cycles
correlation-redis-set-cores2,pcm_cha,drd_occ_agg,SKT0C10,44,18162171.0,occupancy_cycles
correlation-redis-set-cores2,pcm_cha,drd_occ_agg,SKT0C10,45,18224958.0,occupancy_cycles
correlation-redis-set-cores2,pcm_cha,drd_occ_agg,SKT0C10,46,18113308.0,occupancy_cycles
correlation-redis-set-cores2,pcm_cha,drd_occ_agg,SKT0C10,47,18234216.0,occupancy_cycles
correlation-redis-set-cores2,pcm_cha,drd_occ_agg,SKT0C10,48,18189582.0,occupancy_cycles
correlation-redis-set-cores2,pcm_cha,drd_occ_agg,SKT0C10,49,18376902.0,occupancy_cycles
correlation-redis-set-cores2,pcm_cha,drd_occ_agg,SKT0C10,50,18648886.0,occupancy_cycles
correlation-redis-set-cores2,pcm_cha,drd_occ_agg,SKT0C10,51,18254162.0,occupancy_cycles
correlation-redis-set-cores2,pcm_cha,drd_occ_agg,SKT0C10,52,18276573.0,occupancy_cycles
correlation-redis-set-cores2,pcm_cha,drd_occ_agg,SKT0C10,53,18214480.0,occupancy_cycles
correlation-redis-set-cores2,pcm_cha,drd_occ_agg,SKT0C10,54,18142494.0,occupancy_cycles
correlation-redis-set-cores2,pcm_cha,drd_occ_agg,SKT0C10,55,18185046.0,occupancy_cycles
correlation-redis-set-cores2,pcm_cha,drd_occ_agg,SKT0C10,56,18210656.0,occupancy_cycles
correlation-redis-set-cores2,pcm_cha,drd_occ_agg,SKT0C10,57,18086811.0,occupancy_cycles
correlation-redis-set-cores2,pcm_cha,drd_occ_agg,SKT0C10,58,18183117.0,occupancy_cycles
correlation-redis-set-cores2,pcm_cha,drd_occ_agg,SKT0C10,59,18290216.0,occupancy_cycles
correlation-redis-set-cores2,pcm_cha,drd_occ_agg,SKT0C11,0,19428402.0,occupancy_cycles
correlation-redis-set-cores2,pcm_cha,drd_occ_agg,SKT0C11,1,19285246.0,occupancy_cycles
correlation-redis-set-cores2,pcm_cha,drd_occ_agg,SKT0C11,2,19299273.0,occupancy_cycles
correlation-redis-set-cores2,pcm_cha,drd_occ_agg,SKT0C11,3,19383734.0,occupancy_cycles
correlation-redis-set-cores2,pcm_cha,drd_occ_agg,SKT0C11,4,19264146.0,occupancy_cycles
correlation-redis-set-cores2,pcm_cha,drd_occ_agg,SKT0C11,5,19307558.0,occupancy_cycles
correlation-redis-set-cores2,pcm_cha,drd_occ_agg,SKT0C11,6,19473656.0,occupancy_cycles
correlation-redis-set-cores2,pcm_cha,drd_occ_agg,SKT0C11,7,19900553.0,occupancy_cycles
correlation-redis-set-cores2,pcm_cha,drd_occ_agg,SKT0C11,8,19469609.0,occupancy_cycles
correlation-redis-set-cores2,pcm_cha,drd_occ_agg,SKT0C11,9,19527889.0,occupancy_cycles
correlation-redis-set-cores2,pcm_cha,drd_occ_agg,SKT0C11,10,20015404.0,occupancy_cycles
correlation-redis-set-cores2,pcm_cha,drd_occ_agg,SKT0C11,11,19355993.0,occupancy_cycles
correlation-redis-set-cores2,pcm_cha,drd_occ_agg,SKT0C11,12,19399414.0,occupancy_cycles
correlation-redis-set-cores2,pcm_cha,drd_occ_agg,SKT0C11,13,19399877.0,occupancy_cycles
correlation-redis-set-cores2,pcm_cha,drd_occ_agg,SKT0C11,14,19274052.0,occupancy_cycles
correlation-redis-set-cores2,pcm_cha,drd_occ_agg,SKT0C11,15,19329598.0,occupancy_cycles
correlation-redis-set-cores2,pcm_cha,drd_occ_agg,SKT0C11,16,19401040.0,occupancy_cycles
correlation-redis-set-cores2,pcm_cha,drd_occ_agg,SKT0C11,17,19364705.0,occupancy_cycles
correlation-redis-set-cores2,pcm_cha,drd_occ_agg,SKT0C11,18,19378318.0,occupancy_cycles
correlation-redis-set-cores2,pcm_cha,drd_occ_agg,SKT0C11,19,19506581.0,occupancy_cycles
correlation-redis-set-cores2,pcm_cha,drd_occ_agg,SKT0C11,20,19967028.0,occupancy_cycles
correlation-redis-set-cores2,pcm_cha,drd_occ_agg,SKT0C11,21,19316900.0,occupancy_cycles
correlation-redis-set-cores2,pcm_cha,drd_occ_agg,SKT0C11,22,19326105.0,occupancy_cycles
correlation-redis-set-cores2,pcm_cha,drd_occ_agg,SKT0C11,23,19397322.0,occupancy_cycles
correlation-redis-set-cores2,pcm_cha,drd_occ_agg,SKT0C11,24,19335731.0,occupancy_cycles
correlation-redis-set-cores2,pcm_cha,drd_occ_agg,SKT0C11,25,19344689.0,occupancy_cycles
correlation-redis-set-cores2,pcm_cha,drd_occ_agg,SKT0C11,26,19403409.0,occupancy_cycles
correlation-redis-set-cores2,pcm_cha,drd_occ_agg,SKT0C11,27,19473071.0,occupancy_cycles
correlation-redis-set-cores2,pcm_cha,drd_occ_agg,SKT0C11,28,19377776.0,occupancy_cycles
correlation-redis-set-cores2,pcm_cha,drd_occ_agg,SKT0C11,29,19435268.0,occupancy_cycles
correlation-redis-set-cores2,pcm_cha,drd_occ_agg,SKT0C11,30,19464262.0,occupancy_cycles
correlation-redis-set-cores2,pcm_cha,drd_occ_agg,SKT0C11,31,19416842.0,occupancy_cycles
correlation-redis-set-cores2,pcm_cha,drd_occ_agg,SKT0C11,32,19408918.0,occupancy_cycles
correlation-redis-set-cores2,pcm_cha,drd_occ_agg,SKT0C11,33,19434660.0,occupancy_cycles
correlation-redis-set-cores2,pcm_cha,drd_occ_agg,SKT0C11,34,19393826.0,occupancy_cycles
correlation-redis-set-cores2,pcm_cha,drd_occ_agg,SKT0C11,35,19379451.0,occupancy_cycles
correlation-redis-set-cores2,pcm_cha,drd_occ_agg,SKT0C11,36,19363826.0,occupancy_cycles
correlation-redis-set-cores2,pcm_cha,drd_occ_agg,SKT0C11,37,19315835.0,occupancy_cycles
correlation-redis-set-cores2,pcm_cha,drd_occ_agg,SKT0C11,38,19290197.0,occupancy_cycles
correlation-redis-set-cores2,pcm_cha,drd_occ_agg,SKT0C11,39,19397394.0,occupancy_cycles
correlation-redis-set-cores2,pcm_cha,drd_occ_agg,SKT0C11,40,19595347.0,occupancy_cycles
correlation-redis-set-cores2,pcm_cha,drd_occ_agg,SKT0C11,41,19545415.0,occupancy_cycles
correlation-redis-set-cores2,pcm_cha,drd_occ_agg,SKT0C11,42,19586483.0,occupancy_cycles
correlation-redis-set-cores2,pcm_cha,drd_occ_agg,SKT0C11,43,20026623.0,occupancy_cycles
correlation-redis-set-cores2,pcm_cha,drd_occ_agg,SKT0C11,44,19321643.0,occupancy_cycles
correlation-redis-set-cores2,pcm_cha,drd_occ_agg,SKT0C11,45,19378047.0,occupancy_cycles
correlation-redis-set-cores2,pcm_cha,drd_occ_agg,SKT0C11,46,19272592.0,occupancy_cycles
correlation-redis-set-cores2,pcm_cha,drd_occ_agg,SKT0C11,47,19383111.0,occupancy_cycles
correlation-redis-set-cores2,pcm_cha,drd_occ_agg,SKT0C11,48,19393611.0,occupancy_cycles
correlation-redis-set-cores2,pcm_cha,drd_occ_agg,SKT0C11,49,19483113.0,occupancy_cycles
correlation-redis-set-cores2,pcm_cha,drd_occ_agg,SKT0C11,50,19766280.0,occupancy_cycles
correlation-redis-set-cores2,pcm_cha,drd_occ_agg,SKT0C11,51,19309838.0,occupancy_cycles
correlation-redis-set-cores2,pcm_cha,drd_occ_agg,SKT0C11,52,19342859.0,occupancy_cycles
correlation-redis-set-cores2,pcm_cha,drd_occ_agg,SKT0C11,53,19349046.0,occupancy_cycles
correlation-redis-set-cores2,pcm_cha,drd_occ_agg,SKT0C11,54,19290645.0,occupancy_cycles
correlation-redis-set-cores2,pcm_cha,drd_occ_agg,SKT0C11,55,19275022.0,occupancy_cycles
correlation-redis-set-cores2,pcm_cha,drd_occ_agg,SKT0C11,56,19302502.0,occupancy_cycles
correlation-redis-set-cores2,pcm_cha,drd_occ_agg,SKT0C11,57,19210657.0,occupancy_cycles
correlation-redis-set-cores2,pcm_cha,drd_occ_agg,SKT0C11,58,19288639.0,occupancy_cycles
correlation-redis-set-cores2,pcm_cha,drd_occ_agg,SKT0C11,59,19407006.0,occupancy_cycles
correlation-redis-set-cores2,pcm_cha,drd_occ_agg,SKT0C12,0,18013180.0,occupancy_cycles
correlation-redis-set-cores2,pcm_cha,drd_occ_agg,SKT0C12,1,18014232.0,occupancy_cycles
correlation-redis-set-cores2,pcm_cha,drd_occ_agg,SKT0C12,2,18022484.0,occupancy_cycles
correlation-redis-set-cores2,pcm_cha,drd_occ_agg,SKT0C12,3,18070511.0,occupancy_cycles
correlation-redis-set-cores2,pcm_cha,drd_occ_agg,SKT0C12,4,18004849.0,occupancy_cycles
correlation-redis-set-cores2,pcm_cha,drd_occ_agg,SKT0C12,5,17943551.0,occupancy_cycles
correlation-redis-set-cores2,pcm_cha,drd_occ_agg,SKT0C12,6,18098450.0,occupancy_cycles
correlation-redis-set-cores2,pcm_cha,drd_occ_agg,SKT0C12,7,18454402.0,occupancy_cycles
correlation-redis-set-cores2,pcm_cha,drd_occ_agg,SKT0C12,8,18074559.0,occupancy_cycles
correlation-redis-set-cores2,pcm_cha,drd_occ_agg,SKT0C12,9,18180567.0,occupancy_cycles
correlation-redis-set-cores2,pcm_cha,drd_occ_agg,SKT0C12,10,18637187.0,occupancy_cycles
correlation-redis-set-cores2,pcm_cha,drd_occ_agg,SKT0C12,11,18051080.0,occupancy_cycles
correlation-redis-set-cores2,pcm_cha,drd_occ_agg,SKT0C12,12,17972683.0,occupancy_cycles
correlation-redis-set-cores2,pcm_cha,drd_occ_agg,SKT0C12,13,17978241.0,occupancy_cycles
correlation-redis-set-cores2,pcm_cha,drd_occ_agg,SKT0C12,14,18004977.0,occupancy_cycles
correlation-redis-set-cores2,pcm_cha,drd_occ_agg,SKT0C12,15,18040807.0,occupancy_cycles
correlation-redis-set-cores2,pcm_cha,drd_occ_agg,SKT0C12,16,18069081.0,occupancy_cycles
correlation-redis-set-cores2,pcm_cha,drd_occ_agg,SKT0C12,17,17978403.0,occupancy_cycles
correlation-redis-set-cores2,pcm_cha,drd_occ_agg,SKT0C12,18,18082043.0,occupancy_cycles
correlation-redis-set-cores2,pcm_cha,drd_occ_agg,SKT0C12,19,18068198.0,occupancy_cycles
correlation-redis-set-cores2,pcm_cha,drd_occ_agg,SKT0C12,20,18575904.0,occupancy_cycles
correlation-redis-set-cores2,pcm_cha,drd_occ_agg,SKT0C12,21,17976528.0,occupancy_cycles
correlation-redis-set-cores2,pcm_cha,drd_occ_agg,SKT0C12,22,17971747.0,occupancy_cycles
correlation-redis-set-cores2,pcm_cha,drd_occ_agg,SKT0C12,23,17983643.0,occupancy_cycles
correlation-redis-set-cores2,pcm_cha,drd_occ_agg,SKT0C12,24,18009503.0,occupancy_cycles
correlation-redis-set-cores2,pcm_cha,drd_occ_agg,SKT0C12,25,18000837.0,occupancy_cycles
correlation-redis-set-cores2,pcm_cha,drd_occ_agg,SKT0C12,26,18016702.0,occupancy_cycles
correlation-redis-set-cores2,pcm_cha,drd_occ_agg,SKT0C12,27,18057743.0,occupancy_cycles
correlation-redis-set-cores2,pcm_cha,drd_occ_agg,SKT0C12,28,17961990.0,occupancy_cycles
correlation-redis-set-cores2,pcm_cha,drd_occ_agg,SKT0C12,29,18047229.0,occupancy_cycles
correlation-redis-set-cores2,pcm_cha,drd_occ_agg,SKT0C12,30,18083308.0,occupancy_cycles
correlation-redis-set-cores2,pcm_cha,drd_occ_agg,SKT0C12,31,18094953.0,occupancy_cycles
correlation-redis-set-cores2,pcm_cha,drd_occ_agg,SKT0C12,32,17988063.0,occupancy_cycles
correlation-redis-set-cores2,pcm_cha,drd_occ_agg,SKT0C12,33,18054707.0,occupancy_cycles
correlation-redis-set-cores2,pcm_cha,drd_occ_agg,SKT0C12,34,18035963.0,occupancy_cycles
correlation-redis-set-cores2,pcm_cha,drd_occ_agg,SKT0C12,35,18000810.0,occupancy_cycles
correlation-redis-set-cores2,pcm_cha,drd_occ_agg,SKT0C12,36,17987499.0,occupancy_cycles
correlation-redis-set-cores2,pcm_cha,drd_occ_agg,SKT0C12,37,18001557.0,occupancy_cycles
correlation-redis-set-cores2,pcm_cha,drd_occ_agg,SKT0C12,38,17987257.0,occupancy_cycles
correlation-redis-set-cores2,pcm_cha,drd_occ_agg,SKT0C12,39,18073608.0,occupancy_cycles
correlation-redis-set-cores2,pcm_cha,drd_occ_agg,SKT0C12,40,18298454.0,occupancy_cycles
correlation-redis-set-cores2,pcm_cha,drd_occ_agg,SKT0C12,41,18196928.0,occupancy_cycles
correlation-redis-set-cores2,pcm_cha,drd_occ_agg,SKT0C12,42,18269712.0,occupancy_cycles
correlation-redis-set-cores2,pcm_cha,drd_occ_agg,SKT0C12,43,18637761.0,occupancy_cycles
correlation-redis-set-cores2,pcm_cha,drd_occ_agg,SKT0C12,44,17950432.0,occupancy_cycles
correlation-redis-set-cores2,pcm_cha,drd_occ_agg,SKT0C12,45,17972605.0,occupancy_cycles
correlation-redis-set-cores2,pcm_cha,drd_occ_agg,SKT0C12,46,17920533.0,occupancy_cycles
correlation-redis-set-cores2,pcm_cha,drd_occ_agg,SKT0C12,47,17962756.0,occupancy_cycles
correlation-redis-set-cores2,pcm_cha,drd_occ_agg,SKT0C12,48,17907082.0,occupancy_cycles
correlation-redis-set-cores2,pcm_cha,drd_occ_agg,SKT0C12,49,18154257.0,occupancy_cycles
correlation-redis-set-cores2,pcm_cha,drd_occ_agg,SKT0C12,50,18447155.0,occupancy_cycles
correlation-redis-set-cores2,pcm_cha,drd_occ_agg,SKT0C12,51,18067002.0,occupancy_cycles
correlation-redis-set-cores2,pcm_cha,drd_occ_agg,SKT0C12,52,18002822.0,occupancy_cycles
correlation-redis-set-cores2,pcm_cha,drd_occ_agg,SKT0C12,53,17882169.0,occupancy_cycles
correlation-redis-set-cores2,pcm_cha,drd_occ_agg,SKT0C12,54,17964382.0,occupancy_cycles
correlation-redis-set-cores2,pcm_cha,drd_occ_agg,SKT0C12,55,17950571.0,occupancy_cycles
correlation-redis-set-cores2,pcm_cha,drd_occ_agg,SKT0C12,56,18050446.0,occupancy_cycles
correlation-redis-set-cores2,pcm_cha,drd_occ_agg,SKT0C12,57,17991547.0,occupancy_cycles
correlation-redis-set-cores2,pcm_cha,drd_occ_agg,SKT0C12,58,18021675.0,occupancy_cycles
correlation-redis-set-cores2,pcm_cha,drd_occ_agg,SKT0C12,59,18097361.0,occupancy_cycles
correlation-redis-set-cores2,pcm_cha,drd_occ_agg,SKT0C13,0,18274546.0,occupancy_cycles
correlation-redis-set-cores2,pcm_cha,drd_occ_agg,SKT0C13,1,18199551.0,occupancy_cycles
correlation-redis-set-cores2,pcm_cha,drd_occ_agg,SKT0C13,2,18243370.0,occupancy_cycles
correlation-redis-set-cores2,pcm_cha,drd_occ_agg,SKT0C13,3,18243529.0,occupancy_cycles
correlation-redis-set-cores2,pcm_cha,drd_occ_agg,SKT0C13,4,18153932.0,occupancy_cycles
correlation-redis-set-cores2,pcm_cha,drd_occ_agg,SKT0C13,5,18144409.0,occupancy_cycles
correlation-redis-set-cores2,pcm_cha,drd_occ_agg,SKT0C13,6,18309700.0,occupancy_cycles
correlation-redis-set-cores2,pcm_cha,drd_occ_agg,SKT0C13,7,18747127.0,occupancy_cycles
correlation-redis-set-cores2,pcm_cha,drd_occ_agg,SKT0C13,8,18331489.0,occupancy_cycles
correlation-redis-set-cores2,pcm_cha,drd_occ_agg,SKT0C13,9,18406073.0,occupancy_cycles
correlation-redis-set-cores2,pcm_cha,drd_occ_agg,SKT0C13,10,18881938.0,occupancy_cycles
correlation-redis-set-cores2,pcm_cha,drd_occ_agg,SKT0C13,11,18291285.0,occupancy_cycles
correlation-redis-set-cores2,pcm_cha,drd_occ_agg,SKT0C13,12,18185192.0,occupancy_cycles
correlation-redis-set-cores2,pcm_cha,drd_occ_agg,SKT0C13,13,18166107.0,occupancy_cycles
correlation-redis-set-cores2,pcm_cha,drd_occ_agg,SKT0C13,14,18258947.0,occupancy_cycles
correlation-redis-set-cores2,pcm_cha,drd_occ_agg,SKT0C13,15,18305885.0,occupancy_cycles
correlation-redis-set-cores2,pcm_cha,drd_occ_agg,SKT0C13,16,18268830.0,occupancy_cycles
correlation-redis-set-cores2,pcm_cha,drd_occ_agg,SKT0C13,17,18209070.0,occupancy_cycles
correlation-redis-set-cores2,pcm_cha,drd_occ_agg,SKT0C13,18,18289412.0,occupancy_cycles
correlation-redis-set-cores2,pcm_cha,drd_occ_agg,SKT0C13,19,18263805.0,occupancy_cycles
correlation-redis-set-cores2,pcm_cha,drd_occ_agg,SKT0C13,20,18735155.0,occupancy_cycles
correlation-redis-set-cores2,pcm_cha,drd_occ_agg,SKT0C13,21,18201734.0,occupancy_cycles
correlation-redis-set-cores2,pcm_cha,drd_occ_agg,SKT0C13,22,18228754.0,occupancy_cycles
correlation-redis-set-cores2,pcm_cha,drd_occ_agg,SKT0C13,23,18262158.0,occupancy_cycles
correlation-redis-set-cores2,pcm_cha,drd_occ_agg,SKT0C13,24,18212105.0,occupancy_cycles
correlation-redis-set-cores2,pcm_cha,drd_occ_agg,SKT0C13,25,18246828.0,occupancy_cycles
correlation-redis-set-cores2,pcm_cha,drd_occ_agg,SKT0C13,26,18295297.0,occupancy_cycles
correlation-redis-set-cores2,pcm_cha,drd_occ_agg,SKT0C13,27,18206008.0,occupancy_cycles
correlation-redis-set-cores2,pcm_cha,drd_occ_agg,SKT0C13,28,18269809.0,occupancy_cycles
correlation-redis-set-cores2,pcm_cha,drd_occ_agg,SKT0C13,29,18292208.0,occupancy_cycles
correlation-redis-set-cores2,pcm_cha,drd_occ_agg,SKT0C13,30,18241749.0,occupancy_cycles
correlation-redis-set-cores2,pcm_cha,drd_occ_agg,SKT0C13,31,18327299.0,occupancy_cycles
correlation-redis-set-cores2,pcm_cha,drd_occ_agg,SKT0C13,32,18188264.0,occupancy_cycles
correlation-redis-set-cores2,pcm_cha,drd_occ_agg,SKT0C13,33,18349516.0,occupancy_cycles
correlation-redis-set-cores2,pcm_cha,drd_occ_agg,SKT0C13,34,18282373.0,occupancy_cycles
correlation-redis-set-cores2,pcm_cha,drd_occ_agg,SKT0C13,35,18217598.0,occupancy_cycles
correlation-redis-set-cores2,pcm_cha,drd_occ_agg,SKT0C13,36,18193293.0,occupancy_cycles
correlation-redis-set-cores2,pcm_cha,drd_occ_agg,SKT0C13,37,18224783.0,occupancy_cycles
correlation-redis-set-cores2,pcm_cha,drd_occ_agg,SKT0C13,38,18178170.0,occupancy_cycles
correlation-redis-set-cores2,pcm_cha,drd_occ_agg,SKT0C13,39,18256814.0,occupancy_cycles
correlation-redis-set-cores2,pcm_cha,drd_occ_agg,SKT0C13,40,18487642.0,occupancy_cycles
correlation-redis-set-cores2,pcm_cha,drd_occ_agg,SKT0C13,41,18411510.0,occupancy_cycles
correlation-redis-set-cores2,pcm_cha,drd_occ_agg,SKT0C13,42,18473956.0,occupancy_cycles
correlation-redis-set-cores2,pcm_cha,drd_occ_agg,SKT0C13,43,18864955.0,occupancy_cycles
correlation-redis-set-cores2,pcm_cha,drd_occ_agg,SKT0C13,44,18226152.0,occupancy_cycles
correlation-redis-set-cores2,pcm_cha,drd_occ_agg,SKT0C13,45,18182967.0,occupancy_cycles
correlation-redis-set-cores2,pcm_cha,drd_occ_agg,SKT0C13,46,18185449.0,occupancy_cycles
correlation-redis-set-cores2,pcm_cha,drd_occ_agg,SKT0C13,47,18152046.0,occupancy_cycles
correlation-redis-set-cores2,pcm_cha,drd_occ_agg,SKT0C13,48,18119738.0,occupancy_cycles
correlation-redis-set-cores2,pcm_cha,drd_occ_agg,SKT0C13,49,18331739.0,occupancy_cycles
correlation-redis-set-cores2,pcm_cha,drd_occ_agg,SKT0C13,50,18612920.0,occupancy_cycles
correlation-redis-set-cores2,pcm_cha,drd_occ_agg,SKT0C13,51,18262805.0,occupancy_cycles
correlation-redis-set-cores2,pcm_cha,drd_occ_agg,SKT0C13,52,18181268.0,occupancy_cycles
correlation-redis-set-cores2,pcm_cha,drd_occ_agg,SKT0C13,53,18178424.0,occupancy_cycles
correlation-redis-set-cores2,pcm_cha,drd_occ_agg,SKT0C13,54,18133029.0,occupancy_cycles
correlation-redis-set-cores2,pcm_cha,drd_occ_agg,SKT0C13,55,18214648.0,occupancy_cycles
correlation-redis-set-cores2,pcm_cha,drd_occ_agg,SKT0C13,56,18284803.0,occupancy_cycles
correlation-redis-set-cores2,pcm_cha,drd_occ_agg,SKT0C13,57,18157119.0,occupancy_cycles
correlation-redis-set-cores2,pcm_cha,drd_occ_agg,SKT0C13,58,18189485.0,occupancy_cycles
correlation-redis-set-cores2,pcm_cha,drd_occ_agg,SKT0C13,59,18281570.0,occupancy_cycles
correlation-redis-set-cores2,pcm_cha,drd_occ_agg,SKT0C14,0,18329658.0,occupancy_cycles
correlation-redis-set-cores2,pcm_cha,drd_occ_agg,SKT0C14,1,18258116.0,occupancy_cycles
correlation-redis-set-cores2,pcm_cha,drd_occ_agg,SKT0C14,2,18300099.0,occupancy_cycles
correlation-redis-set-cores2,pcm_cha,drd_occ_agg,SKT0C14,3,18288999.0,occupancy_cycles
correlation-redis-set-cores2,pcm_cha,drd_occ_agg,SKT0C14,4,18288034.0,occupancy_cycles
correlation-redis-set-cores2,pcm_cha,drd_occ_agg,SKT0C14,5,18246001.0,occupancy_cycles
correlation-redis-set-cores2,pcm_cha,drd_occ_agg,SKT0C14,6,18478993.0,occupancy_cycles
correlation-redis-set-cores2,pcm_cha,drd_occ_agg,SKT0C14,7,18914858.0,occupancy_cycles
correlation-redis-set-cores2,pcm_cha,drd_occ_agg,SKT0C14,8,18397983.0,occupancy_cycles
correlation-redis-set-cores2,pcm_cha,drd_occ_agg,SKT0C14,9,18605930.0,occupancy_cycles
correlation-redis-set-cores2,pcm_cha,drd_occ_agg,SKT0C14,10,18945631.0,occupancy_cycles
correlation-redis-set-cores2,pcm_cha,drd_occ_agg,SKT0C14,11,18326553.0,occupancy_cycles
correlation-redis-set-cores2,pcm_cha,drd_occ_agg,SKT0C14,12,18276545.0,occupancy_cycles
correlation-redis-set-cores2,pcm_cha,drd_occ_agg,SKT0C14,13,18296043.0,occupancy_cycles
correlation-redis-set-cores2,pcm_cha,drd_occ_agg,SKT0C14,14,18375208.0,occupancy_cycles
correlation-redis-set-cores2,pcm_cha,drd_occ_agg,SKT0C14,15,18380151.0,occupancy_cycles
correlation-redis-set-cores2,pcm_cha,drd_occ_agg,SKT0C14,16,18286865.0,occupancy_cycles
correlation-redis-set-cores2,pcm_cha,drd_occ_agg,SKT0C14,17,18344721.0,occupancy_cycles
correlation-redis-set-cores2,pcm_cha,drd_occ_agg,SKT0C14,18,18324591.0,occupancy_cycles
correlation-redis-set-cores2,pcm_cha,drd_occ_agg,SKT0C14,19,18321551.0,occupancy_cycles
correlation-redis-set-cores2,pcm_cha,drd_occ_agg,SKT0C14,20,18760982.0,occupancy_cycles
correlation-redis-set-cores2,pcm_cha,drd_occ_agg,SKT0C14,21,18203870.0,occupancy_cycles
correlation-redis-set-cores2,pcm_cha,drd_occ_agg,SKT0C14,22,18371522.0,occupancy_cycles
correlation-redis-set-cores2,pcm_cha,drd_occ_agg,SKT0C14,23,18382084.0,occupancy_cycles
correlation-redis-set-cores2,pcm_cha,drd_occ_agg,SKT0C14,24,18202537.0,occupancy_cycles
correlation-redis-set-cores2,pcm_cha,drd_occ_agg,SKT0C14,25,18318711.0,occupancy_cycles
correlation-redis-set-cores2,pcm_cha,drd_occ_agg,SKT0C14,26,18379557.0,occupancy_cycles
correlation-redis-set-cores2,pcm_cha,drd_occ_agg,SKT0C14,27,18417309.0,occupancy_cycles
correlation-redis-set-cores2,pcm_cha,drd_occ_agg,SKT0C14,28,18330786.0,occupancy_cycles
correlation-redis-set-cores2,pcm_cha,drd_occ_agg,SKT0C14,29,18410106.0,occupancy_cycles
correlation-redis-set-cores2,pcm_cha,drd_occ_agg,SKT0C14,30,18356046.0,occupancy_cycles
correlation-redis-set-cores2,pcm_cha,drd_occ_agg,SKT0C14,31,18336939.0,occupancy_cycles
correlation-redis-set-cores2,pcm_cha,drd_occ_agg,SKT0C14,32,18280577.0,occupancy_cycles
correlation-redis-set-cores2,pcm_cha,drd_occ_agg,SKT0C14,33,18364425.0,occupancy_cycles
correlation-redis-set-cores2,pcm_cha,drd_occ_agg,SKT0C14,34,18338660.0,occupancy_cycles
correlation-redis-set-cores2,pcm_cha,drd_occ_agg,SKT0C14,35,18364686.0,occupancy_cycles
correlation-redis-set-cores2,pcm_cha,drd_occ_agg,SKT0C14,36,18301101.0,occupancy_cycles
correlation-redis-set-cores2,pcm_cha,drd_occ_agg,SKT0C14,37,18300055.0,occupancy_cycles
correlation-redis-set-cores2,pcm_cha,drd_occ_agg,SKT0C14,38,18284236.0,occupancy_cycles
correlation-redis-set-cores2,pcm_cha,drd_occ_agg,SKT0C14,39,18327578.0,occupancy_cycles
correlation-redis-set-cores2,pcm_cha,drd_occ_agg,SKT0C14,40,18646024.0,occupancy_cycles
correlation-redis-set-cores2,pcm_cha,drd_occ_agg,SKT0C14,41,18532893.0,occupancy_cycles
correlation-redis-set-cores2,pcm_cha,drd_occ_agg,SKT0C14,42,18553774.0,occupancy_cycles
correlation-redis-set-cores2,pcm_cha,drd_occ_agg,SKT0C14,43,18891657.0,occupancy_cycles
correlation-redis-set-cores2,pcm_cha,drd_occ_agg,SKT0C14,44,18381855.0,occupancy_cycles
correlation-redis-set-cores2,pcm_cha,drd_occ_agg,SKT0C14,45,18259175.0,occupancy_cycles
correlation-redis-set-cores2,pcm_cha,drd_occ_agg,SKT0C14,46,18262986.0,occupancy_cycles
correlation-redis-set-cores2,pcm_cha,drd_occ_agg,SKT0C14,47,18291675.0,occupancy_cycles
correlation-redis-set-cores2,pcm_cha,drd_occ_agg,SKT0C14,48,18300918.0,occupancy_cycles
correlation-redis-set-cores2,pcm_cha,drd_occ_agg,SKT0C14,49,18378471.0,occupancy_cycles
correlation-redis-set-cores2,pcm_cha,drd_occ_agg,SKT0C14,50,18800010.0,occupancy_cycles
correlation-redis-set-cores2,pcm_cha,drd_occ_agg,SKT0C14,51,18292221.0,occupancy_cycles
correlation-redis-set-cores2,pcm_cha,drd_occ_agg,SKT0C14,52,18302372.0,occupancy_cycles
correlation-redis-set-cores2,pcm_cha,drd_occ_agg,SKT0C14,53,18308526.0,occupancy_cycles
correlation-redis-set-cores2,pcm_cha,drd_occ_agg,SKT0C14,54,18180660.0,occupancy_cycles
correlation-redis-set-cores2,pcm_cha,drd_occ_agg,SKT0C14,55,18263264.0,occupancy_cycles
correlation-redis-set-cores2,pcm_cha,drd_occ_agg,SKT0C14,56,18302806.0,occupancy_cycles
correlation-redis-set-cores2,pcm_cha,drd_occ_agg,SKT0C14,57,18195549.0,occupancy_cycles
correlation-redis-set-cores2,pcm_cha,drd_occ_agg,SKT0C14,58,18212098.0,occupancy_cycles
correlation-redis-set-cores2,pcm_cha,drd_occ_agg,SKT0C14,59,18307514.0,occupancy_cycles
correlation-redis-set-cores2,pcm_cha,drd_occ_agg,SKT0C15,0,19492233.0,occupancy_cycles
correlation-redis-set-cores2,pcm_cha,drd_occ_agg,SKT0C15,1,19412940.0,occupancy_cycles
correlation-redis-set-cores2,pcm_cha,drd_occ_agg,SKT0C15,2,19356134.0,occupancy_cycles
correlation-redis-set-cores2,pcm_cha,drd_occ_agg,SKT0C15,3,19447565.0,occupancy_cycles
correlation-redis-set-cores2,pcm_cha,drd_occ_agg,SKT0C15,4,19446784.0,occupancy_cycles
correlation-redis-set-cores2,pcm_cha,drd_occ_agg,SKT0C15,5,19347220.0,occupancy_cycles
correlation-redis-set-cores2,pcm_cha,drd_occ_agg,SKT0C15,6,19579244.0,occupancy_cycles
correlation-redis-set-cores2,pcm_cha,drd_occ_agg,SKT0C15,7,19994106.0,occupancy_cycles
correlation-redis-set-cores2,pcm_cha,drd_occ_agg,SKT0C15,8,19564431.0,occupancy_cycles
correlation-redis-set-cores2,pcm_cha,drd_occ_agg,SKT0C15,9,19622295.0,occupancy_cycles
correlation-redis-set-cores2,pcm_cha,drd_occ_agg,SKT0C15,10,20100207.0,occupancy_cycles
correlation-redis-set-cores2,pcm_cha,drd_occ_agg,SKT0C15,11,19431699.0,occupancy_cycles
correlation-redis-set-cores2,pcm_cha,drd_occ_agg,SKT0C15,12,19321165.0,occupancy_cycles
correlation-redis-set-cores2,pcm_cha,drd_occ_agg,SKT0C15,13,19394440.0,occupancy_cycles
correlation-redis-set-cores2,pcm_cha,drd_occ_agg,SKT0C15,14,19430052.0,occupancy_cycles
correlation-redis-set-cores2,pcm_cha,drd_occ_agg,SKT0C15,15,19406234.0,occupancy_cycles
correlation-redis-set-cores2,pcm_cha,drd_occ_agg,SKT0C15,16,19407195.0,occupancy_cycles
correlation-redis-set-cores2,pcm_cha,drd_occ_agg,SKT0C15,17,19441995.0,occupancy_cycles
correlation-redis-set-cores2,pcm_cha,drd_occ_agg,SKT0C15,18,19440610.0,occupancy_cycles
correlation-redis-set-cores2,pcm_cha,drd_occ_agg,SKT0C15,19,19542614.0,occupancy_cycles
correlation-redis-set-cores2,pcm_cha,drd_occ_agg,SKT0C15,20,19918080.0,occupancy_cycles
correlation-redis-set-cores2,pcm_cha,drd_occ_agg,SKT0C15,21,19317373.0,occupancy_cycles
correlation-redis-set-cores2,pcm_cha,drd_occ_agg,SKT0C15,22,19438073.0,occupancy_cycles
correlation-redis-set-cores2,pcm_cha,drd_occ_agg,SKT0C15,23,19402385.0,occupancy_cycles
correlation-redis-set-cores2,pcm_cha,drd_occ_agg,SKT0C15,24,19455603.0,occupancy_cycles
correlation-redis-set-cores2,pcm_cha,drd_occ_agg,SKT0C15,25,19492394.0,occupancy_cycles
correlation-redis-set-cores2,pcm_cha,drd_occ_agg,SKT0C15,26,19485872.0,occupancy_cycles
correlation-redis-set-cores2,pcm_cha,drd_occ_agg,SKT0C15,27,19540163.0,occupancy_cycles
correlation-redis-set-cores2,pcm_cha,drd_occ_agg,SKT0C15,28,19486545.0,occupancy_cycles
correlation-redis-set-cores2,pcm_cha,drd_occ_agg,SKT0C15,29,19453834.0,occupancy_cycles
correlation-redis-set-cores2,pcm_cha,drd_occ_agg,SKT0C15,30,19517739.0,occupancy_cycles
correlation-redis-set-cores2,pcm_cha,drd_occ_agg,SKT0C15,31,19527273.0,occupancy_cycles
correlation-redis-set-cores2,pcm_cha,drd_occ_agg,SKT0C15,32,19436553.0,occupancy_cycles
correlation-redis-set-cores2,pcm_cha,drd_occ_agg,SKT0C15,33,19480336.0,occupancy_cycles
correlation-redis-set-cores2,pcm_cha,drd_occ_agg,SKT0C15,34,19451182.0,occupancy_cycles
correlation-redis-set-cores2,pcm_cha,drd_occ_agg,SKT0C15,35,19438629.0,occupancy_cycles
correlation-redis-set-cores2,pcm_cha,drd_occ_agg,SKT0C15,36,19438043.0,occupancy_cycles
correlation-redis-set-cores2,pcm_cha,drd_occ_agg,SKT0C15,37,19432847.0,occupancy_cycles
correlation-redis-set-cores2,pcm_cha,drd_occ_agg,SKT0C15,38,19371177.0,occupancy_cycles
correlation-redis-set-cores2,pcm_cha,drd_occ_agg,SKT0C15,39,19504124.0,occupancy_cycles
correlation-redis-set-cores2,pcm_cha,drd_occ_agg,SKT0C15,40,19769290.0,occupancy_cycles
correlation-redis-set-cores2,pcm_cha,drd_occ_agg,SKT0C15,41,19685893.0,occupancy_cycles
correlation-redis-set-cores2,pcm_cha,drd_occ_agg,SKT0C15,42,19674639.0,occupancy_cycles
correlation-redis-set-cores2,pcm_cha,drd_occ_agg,SKT0C15,43,20066856.0,occupancy_cycles
correlation-redis-set-cores2,pcm_cha,drd_occ_agg,SKT0C15,44,19496240.0,occupancy_cycles
correlation-redis-set-cores2,pcm_cha,drd_occ_agg,SKT0C15,45,19390213.0,occupancy_cycles
correlation-redis-set-cores2,pcm_cha,drd_occ_agg,SKT0C15,46,19359032.0,occupancy_cycles
correlation-redis-set-cores2,pcm_cha,drd_occ_agg,SKT0C15,47,19409209.0,occupancy_cycles
correlation-redis-set-cores2,pcm_cha,drd_occ_agg,SKT0C15,48,19347311.0,occupancy_cycles
correlation-redis-set-cores2,pcm_cha,drd_occ_agg,SKT0C15,49,19574622.0,occupancy_cycles
correlation-redis-set-cores2,pcm_cha,drd_occ_agg,SKT0C15,50,19885818.0,occupancy_cycles
correlation-redis-set-cores2,pcm_cha,drd_occ_agg,SKT0C15,51,19438107.0,occupancy_cycles
correlation-redis-set-cores2,pcm_cha,drd_occ_agg,SKT0C15,52,19422909.0,occupancy_cycles
correlation-redis-set-cores2,pcm_cha,drd_occ_agg,SKT0C15,53,19345692.0,occupancy_cycles
correlation-redis-set-cores2,pcm_cha,drd_occ_agg,SKT0C15,54,19291409.0,occupancy_cycles
correlation-redis-set-cores2,pcm_cha,drd_occ_agg,SKT0C15,55,19345009.0,occupancy_cycles
correlation-redis-set-cores2,pcm_cha,drd_occ_agg,SKT0C15,56,19430916.0,occupancy_cycles
correlation-redis-set-cores2,pcm_cha,drd_occ_agg,SKT0C15,57,19288937.0,occupancy_cycles
correlation-redis-set-cores2,pcm_cha,drd_occ_agg,SKT0C15,58,19377092.0,occupancy_cycles
correlation-redis-set-cores2,pcm_cha,drd_occ_agg,SKT0C15,59,19467795.0,occupancy_cycles
correlation-redis-set-cores2,pcm_cha,drd_inserts,SKT0C0,0,276745.0,transactions
correlation-redis-set-cores2,pcm_cha,drd_inserts,SKT0C0,1,274693.0,transactions
correlation-redis-set-cores2,pcm_cha,drd_inserts,SKT0C0,2,275280.0,transactions
correlation-redis-set-cores2,pcm_cha,drd_inserts,SKT0C0,3,276904.0,transactions
correlation-redis-set-cores2,pcm_cha,drd_inserts,SKT0C0,4,276090.0,transactions
correlation-redis-set-cores2,pcm_cha,drd_inserts,SKT0C0,5,274471.0,transactions
correlation-redis-set-cores2,pcm_cha,drd_inserts,SKT0C0,6,277261.0,transactions
correlation-redis-set-cores2,pcm_cha,drd_inserts,SKT0C0,7,283905.0,transactions
correlation-redis-set-cores2,pcm_cha,drd_inserts,SKT0C0,8,277215.0,transactions
correlation-redis-set-cores2,pcm_cha,drd_inserts,SKT0C0,9,279282.0,transactions
correlation-redis-set-cores2,pcm_cha,drd_inserts,SKT0C0,10,285467.0,transactions
correlation-redis-set-cores2,pcm_cha,drd_inserts,SKT0C0,11,275763.0,transactions
correlation-redis-set-cores2,pcm_cha,drd_inserts,SKT0C0,12,276013.0,transactions
correlation-redis-set-cores2,pcm_cha,drd_inserts,SKT0C0,13,275369.0,transactions
correlation-redis-set-cores2,pcm_cha,drd_inserts,SKT0C0,14,276201.0,transactions
correlation-redis-set-cores2,pcm_cha,drd_inserts,SKT0C0,15,275051.0,transactions
correlation-redis-set-cores2,pcm_cha,drd_inserts,SKT0C0,16,276575.0,transactions
correlation-redis-set-cores2,pcm_cha,drd_inserts,SKT0C0,17,275600.0,transactions
correlation-redis-set-cores2,pcm_cha,drd_inserts,SKT0C0,18,275923.0,transactions
correlation-redis-set-cores2,pcm_cha,drd_inserts,SKT0C0,19,276425.0,transactions
correlation-redis-set-cores2,pcm_cha,drd_inserts,SKT0C0,20,283800.0,transactions
correlation-redis-set-cores2,pcm_cha,drd_inserts,SKT0C0,21,274850.0,transactions
correlation-redis-set-cores2,pcm_cha,drd_inserts,SKT0C0,22,275083.0,transactions
correlation-redis-set-cores2,pcm_cha,drd_inserts,SKT0C0,23,276470.0,transactions
correlation-redis-set-cores2,pcm_cha,drd_inserts,SKT0C0,24,275327.0,transactions
correlation-redis-set-cores2,pcm_cha,drd_inserts,SKT0C0,25,275746.0,transactions
correlation-redis-set-cores2,pcm_cha,drd_inserts,SKT0C0,26,276043.0,transactions
correlation-redis-set-cores2,pcm_cha,drd_inserts,SKT0C0,27,276936.0,transactions
correlation-redis-set-cores2,pcm_cha,drd_inserts,SKT0C0,28,276654.0,transactions
correlation-redis-set-cores2,pcm_cha,drd_inserts,SKT0C0,29,276645.0,transactions
correlation-redis-set-cores2,pcm_cha,drd_inserts,SKT0C0,30,276787.0,transactions
correlation-redis-set-cores2,pcm_cha,drd_inserts,SKT0C0,31,275884.0,transactions
correlation-redis-set-cores2,pcm_cha,drd_inserts,SKT0C0,32,275386.0,transactions
correlation-redis-set-cores2,pcm_cha,drd_inserts,SKT0C0,33,276948.0,transactions
correlation-redis-set-cores2,pcm_cha,drd_inserts,SKT0C0,34,277946.0,transactions
correlation-redis-set-cores2,pcm_cha,drd_inserts,SKT0C0,35,276796.0,transactions
correlation-redis-set-cores2,pcm_cha,drd_inserts,SKT0C0,36,275993.0,transactions
correlation-redis-set-cores2,pcm_cha,drd_inserts,SKT0C0,37,276466.0,transactions
correlation-redis-set-cores2,pcm_cha,drd_inserts,SKT0C0,38,275328.0,transactions
correlation-redis-set-cores2,pcm_cha,drd_inserts,SKT0C0,39,276798.0,transactions
correlation-redis-set-cores2,pcm_cha,drd_inserts,SKT0C0,40,279496.0,transactions
correlation-redis-set-cores2,pcm_cha,drd_inserts,SKT0C0,41,278425.0,transactions
correlation-redis-set-cores2,pcm_cha,drd_inserts,SKT0C0,42,278690.0,transactions
correlation-redis-set-cores2,pcm_cha,drd_inserts,SKT0C0,43,285285.0,transactions
correlation-redis-set-cores2,pcm_cha,drd_inserts,SKT0C0,44,276510.0,transactions
correlation-redis-set-cores2,pcm_cha,drd_inserts,SKT0C0,45,275052.0,transactions
correlation-redis-set-cores2,pcm_cha,drd_inserts,SKT0C0,46,274040.0,transactions
correlation-redis-set-cores2,pcm_cha,drd_inserts,SKT0C0,47,275358.0,transactions
correlation-redis-set-cores2,pcm_cha,drd_inserts,SKT0C0,48,274990.0,transactions
correlation-redis-set-cores2,pcm_cha,drd_inserts,SKT0C0,49,277082.0,transactions
correlation-redis-set-cores2,pcm_cha,drd_inserts,SKT0C0,50,282537.0,transactions
correlation-redis-set-cores2,pcm_cha,drd_inserts,SKT0C0,51,275827.0,transactions
correlation-redis-set-cores2,pcm_cha,drd_inserts,SKT0C0,52,274755.0,transactions
correlation-redis-set-cores2,pcm_cha,drd_inserts,SKT0C0,53,275800.0,transactions
correlation-redis-set-cores2,pcm_cha,drd_inserts,SKT0C0,54,275168.0,transactions
correlation-redis-set-cores2,pcm_cha,drd_inserts,SKT0C0,55,275756.0,transactions
correlation-redis-set-cores2,pcm_cha,drd_inserts,SKT0C0,56,275847.0,transactions
correlation-redis-set-cores2,pcm_cha,drd_inserts,SKT0C0,57,274678.0,transactions
correlation-redis-set-cores2,pcm_cha,drd_inserts,SKT0C0,58,276898.0,transactions
correlation-redis-set-cores2,pcm_cha,drd_inserts,SKT0C0,59,277006.0,transactions
correlation-redis-set-cores2,pcm_cha,drd_inserts,SKT0C1,0,276866.0,transactions
correlation-redis-set-cores2,pcm_cha,drd_inserts,SKT0C1,1,276088.0,transactions
correlation-redis-set-cores2,pcm_cha,drd_inserts,SKT0C1,2,275808.0,transactions
correlation-redis-set-cores2,pcm_cha,drd_inserts,SKT0C1,3,276686.0,transactions
correlation-redis-set-cores2,pcm_cha,drd_inserts,SKT0C1,4,276183.0,transactions
correlation-redis-set-cores2,pcm_cha,drd_inserts,SKT0C1,5,275627.0,transactions
correlation-redis-set-cores2,pcm_cha,drd_inserts,SKT0C1,6,279139.0,transactions
correlation-redis-set-cores2,pcm_cha,drd_inserts,SKT0C1,7,285110.0,transactions
correlation-redis-set-cores2,pcm_cha,drd_inserts,SKT0C1,8,277431.0,transactions
correlation-redis-set-cores2,pcm_cha,drd_inserts,SKT0C1,9,280095.0,transactions
correlation-redis-set-cores2,pcm_cha,drd_inserts,SKT0C1,10,286486.0,transactions
correlation-redis-set-cores2,pcm_cha,drd_inserts,SKT0C1,11,276493.0,transactions
correlation-redis-set-cores2,pcm_cha,drd_inserts,SKT0C1,12,276554.0,transactions
correlation-redis-set-cores2,pcm_cha,drd_inserts,SKT0C1,13,275990.0,transactions
correlation-redis-set-cores2,pcm_cha,drd_inserts,SKT0C1,14,276254.0,transactions
correlation-redis-set-cores2,pcm_cha,drd_inserts,SKT0C1,15,277477.0,transactions
correlation-redis-set-cores2,pcm_cha,drd_inserts,SKT0C1,16,277328.0,transactions
correlation-redis-set-cores2,pcm_cha,drd_inserts,SKT0C1,17,276613.0,transactions
correlation-redis-set-cores2,pcm_cha,drd_inserts,SKT0C1,18,276509.0,transactions
correlation-redis-set-cores2,pcm_cha,drd_inserts,SKT0C1,19,277125.0,transactions
correlation-redis-set-cores2,pcm_cha,drd_inserts,SKT0C1,20,284607.0,transactions
correlation-redis-set-cores2,pcm_cha,drd_inserts,SKT0C1,21,275487.0,transactions
correlation-redis-set-cores2,pcm_cha,drd_inserts,SKT0C1,22,276302.0,transactions
correlation-redis-set-cores2,pcm_cha,drd_inserts,SKT0C1,23,275981.0,transactions
correlation-redis-set-cores2,pcm_cha,drd_inserts,SKT0C1,24,275763.0,transactions
correlation-redis-set-cores2,pcm_cha,drd_inserts,SKT0C1,25,277040.0,transactions
correlation-redis-set-cores2,pcm_cha,drd_inserts,SKT0C1,26,278078.0,transactions
correlation-redis-set-cores2,pcm_cha,drd_inserts,SKT0C1,27,278457.0,transactions
correlation-redis-set-cores2,pcm_cha,drd_inserts,SKT0C1,28,277297.0,transactions
correlation-redis-set-cores2,pcm_cha,drd_inserts,SKT0C1,29,277664.0,transactions
correlation-redis-set-cores2,pcm_cha,drd_inserts,SKT0C1,30,277796.0,transactions
correlation-redis-set-cores2,pcm_cha,drd_inserts,SKT0C1,31,277770.0,transactions
correlation-redis-set-cores2,pcm_cha,drd_inserts,SKT0C1,32,275534.0,transactions
correlation-redis-set-cores2,pcm_cha,drd_inserts,SKT0C1,33,277576.0,transactions
correlation-redis-set-cores2,pcm_cha,drd_inserts,SKT0C1,34,278527.0,transactions
correlation-redis-set-cores2,pcm_cha,drd_inserts,SKT0C1,35,277054.0,transactions
correlation-redis-set-cores2,pcm_cha,drd_inserts,SKT0C1,36,276436.0,transactions
correlation-redis-set-cores2,pcm_cha,drd_inserts,SKT0C1,37,276823.0,transactions
correlation-redis-set-cores2,pcm_cha,drd_inserts,SKT0C1,38,276252.0,transactions
correlation-redis-set-cores2,pcm_cha,drd_inserts,SKT0C1,39,277436.0,transactions
correlation-redis-set-cores2,pcm_cha,drd_inserts,SKT0C1,40,279956.0,transactions
correlation-redis-set-cores2,pcm_cha,drd_inserts,SKT0C1,41,279168.0,transactions
correlation-redis-set-cores2,pcm_cha,drd_inserts,SKT0C1,42,279808.0,transactions
correlation-redis-set-cores2,pcm_cha,drd_inserts,SKT0C1,43,285967.0,transactions
correlation-redis-set-cores2,pcm_cha,drd_inserts,SKT0C1,44,277347.0,transactions
correlation-redis-set-cores2,pcm_cha,drd_inserts,SKT0C1,45,275946.0,transactions
correlation-redis-set-cores2,pcm_cha,drd_inserts,SKT0C1,46,274349.0,transactions
correlation-redis-set-cores2,pcm_cha,drd_inserts,SKT0C1,47,276403.0,transactions
correlation-redis-set-cores2,pcm_cha,drd_inserts,SKT0C1,48,275369.0,transactions
correlation-redis-set-cores2,pcm_cha,drd_inserts,SKT0C1,49,278462.0,transactions
correlation-redis-set-cores2,pcm_cha,drd_inserts,SKT0C1,50,284858.0,transactions
correlation-redis-set-cores2,pcm_cha,drd_inserts,SKT0C1,51,276155.0,transactions
correlation-redis-set-cores2,pcm_cha,drd_inserts,SKT0C1,52,276225.0,transactions
correlation-redis-set-cores2,pcm_cha,drd_inserts,SKT0C1,53,275908.0,transactions
correlation-redis-set-cores2,pcm_cha,drd_inserts,SKT0C1,54,275611.0,transactions
correlation-redis-set-cores2,pcm_cha,drd_inserts,SKT0C1,55,275971.0,transactions
correlation-redis-set-cores2,pcm_cha,drd_inserts,SKT0C1,56,277335.0,transactions
correlation-redis-set-cores2,pcm_cha,drd_inserts,SKT0C1,57,276130.0,transactions
correlation-redis-set-cores2,pcm_cha,drd_inserts,SKT0C1,58,276184.0,transactions
correlation-redis-set-cores2,pcm_cha,drd_inserts,SKT0C1,59,277637.0,transactions
correlation-redis-set-cores2,pcm_cha,drd_inserts,SKT0C2,0,276602.0,transactions
correlation-redis-set-cores2,pcm_cha,drd_inserts,SKT0C2,1,275606.0,transactions
correlation-redis-set-cores2,pcm_cha,drd_inserts,SKT0C2,2,275144.0,transactions
correlation-redis-set-cores2,pcm_cha,drd_inserts,SKT0C2,3,274845.0,transactions
correlation-redis-set-cores2,pcm_cha,drd_inserts,SKT0C2,4,274710.0,transactions
correlation-redis-set-cores2,pcm_cha,drd_inserts,SKT0C2,5,274727.0,transactions
correlation-redis-set-cores2,pcm_cha,drd_inserts,SKT0C2,6,278466.0,transactions
correlation-redis-set-cores2,pcm_cha,drd_inserts,SKT0C2,7,284655.0,transactions
correlation-redis-set-cores2,pcm_cha,drd_inserts,SKT0C2,8,277542.0,transactions
correlation-redis-set-cores2,pcm_cha,drd_inserts,SKT0C2,9,280540.0,transactions
correlation-redis-set-cores2,pcm_cha,drd_inserts,SKT0C2,10,285891.0,transactions
correlation-redis-set-cores2,pcm_cha,drd_inserts,SKT0C2,11,276732.0,transactions
correlation-redis-set-cores2,pcm_cha,drd_inserts,SKT0C2,12,275758.0,transactions
correlation-redis-set-cores2,pcm_cha,drd_inserts,SKT0C2,13,275409.0,transactions
correlation-redis-set-cores2,pcm_cha,drd_inserts,SKT0C2,14,276615.0,transactions
correlation-redis-set-cores2,pcm_cha,drd_inserts,SKT0C2,15,276753.0,transactions
correlation-redis-set-cores2,pcm_cha,drd_inserts,SKT0C2,16,276218.0,transactions
correlation-redis-set-cores2,pcm_cha,drd_inserts,SKT0C2,17,275501.0,transactions
correlation-redis-set-cores2,pcm_cha,drd_inserts,SKT0C2,18,276785.0,transactions
correlation-redis-set-cores2,pcm_cha,drd_inserts,SKT0C2,19,277827.0,transactions
correlation-redis-set-cores2,pcm_cha,drd_inserts,SKT0C2,20,285585.0,transactions
correlation-redis-set-cores2,pcm_cha,drd_inserts,SKT0C2,21,275651.0,transactions
correlation-redis-set-cores2,pcm_cha,drd_inserts,SKT0C2,22,276103.0,transactions
correlation-redis-set-cores2,pcm_cha,drd_inserts,SKT0C2,23,276375.0,transactions
correlation-redis-set-cores2,pcm_cha,drd_inserts,SKT0C2,24,275175.0,transactions
correlation-redis-set-cores2,pcm_cha,drd_inserts,SKT0C2,25,276192.0,transactions
correlation-redis-set-cores2,pcm_cha,drd_inserts,SKT0C2,26,277001.0,transactions
correlation-redis-set-cores2,pcm_cha,drd_inserts,SKT0C2,27,276733.0,transactions
correlation-redis-set-cores2,pcm_cha,drd_inserts,SKT0C2,28,275583.0,transactions
correlation-redis-set-cores2,pcm_cha,drd_inserts,SKT0C2,29,277747.0,transactions
correlation-redis-set-cores2,pcm_cha,drd_inserts,SKT0C2,30,276200.0,transactions
correlation-redis-set-cores2,pcm_cha,drd_inserts,SKT0C2,31,277073.0,transactions
correlation-redis-set-cores2,pcm_cha,drd_inserts,SKT0C2,32,276454.0,transactions
correlation-redis-set-cores2,pcm_cha,drd_inserts,SKT0C2,33,277697.0,transactions
correlation-redis-set-cores2,pcm_cha,drd_inserts,SKT0C2,34,277389.0,transactions
correlation-redis-set-cores2,pcm_cha,drd_inserts,SKT0C2,35,275472.0,transactions
correlation-redis-set-cores2,pcm_cha,drd_inserts,SKT0C2,36,276622.0,transactions
correlation-redis-set-cores2,pcm_cha,drd_inserts,SKT0C2,37,276498.0,transactions
correlation-redis-set-cores2,pcm_cha,drd_inserts,SKT0C2,38,275546.0,transactions
correlation-redis-set-cores2,pcm_cha,drd_inserts,SKT0C2,39,277503.0,transactions
correlation-redis-set-cores2,pcm_cha,drd_inserts,SKT0C2,40,279468.0,transactions
correlation-redis-set-cores2,pcm_cha,drd_inserts,SKT0C2,41,279029.0,transactions
correlation-redis-set-cores2,pcm_cha,drd_inserts,SKT0C2,42,279523.0,transactions
correlation-redis-set-cores2,pcm_cha,drd_inserts,SKT0C2,43,285145.0,transactions
correlation-redis-set-cores2,pcm_cha,drd_inserts,SKT0C2,44,276218.0,transactions
correlation-redis-set-cores2,pcm_cha,drd_inserts,SKT0C2,45,274506.0,transactions
correlation-redis-set-cores2,pcm_cha,drd_inserts,SKT0C2,46,274364.0,transactions
correlation-redis-set-cores2,pcm_cha,drd_inserts,SKT0C2,47,276049.0,transactions
correlation-redis-set-cores2,pcm_cha,drd_inserts,SKT0C2,48,275283.0,transactions
correlation-redis-set-cores2,pcm_cha,drd_inserts,SKT0C2,49,278418.0,transactions
correlation-redis-set-cores2,pcm_cha,drd_inserts,SKT0C2,50,282764.0,transactions
correlation-redis-set-cores2,pcm_cha,drd_inserts,SKT0C2,51,276123.0,transactions
correlation-redis-set-cores2,pcm_cha,drd_inserts,SKT0C2,52,275537.0,transactions
correlation-redis-set-cores2,pcm_cha,drd_inserts,SKT0C2,53,275974.0,transactions
correlation-redis-set-cores2,pcm_cha,drd_inserts,SKT0C2,54,275181.0,transactions
correlation-redis-set-cores2,pcm_cha,drd_inserts,SKT0C2,55,275529.0,transactions
correlation-redis-set-cores2,pcm_cha,drd_inserts,SKT0C2,56,276694.0,transactions
correlation-redis-set-cores2,pcm_cha,drd_inserts,SKT0C2,57,275062.0,transactions
correlation-redis-set-cores2,pcm_cha,drd_inserts,SKT0C2,58,276188.0,transactions
correlation-redis-set-cores2,pcm_cha,drd_inserts,SKT0C2,59,276913.0,transactions
correlation-redis-set-cores2,pcm_cha,drd_inserts,SKT0C3,0,276980.0,transactions
correlation-redis-set-cores2,pcm_cha,drd_inserts,SKT0C3,1,275782.0,transactions
correlation-redis-set-cores2,pcm_cha,drd_inserts,SKT0C3,2,275697.0,transactions
correlation-redis-set-cores2,pcm_cha,drd_inserts,SKT0C3,3,276401.0,transactions
correlation-redis-set-cores2,pcm_cha,drd_inserts,SKT0C3,4,276365.0,transactions
correlation-redis-set-cores2,pcm_cha,drd_inserts,SKT0C3,5,275619.0,transactions
correlation-redis-set-cores2,pcm_cha,drd_inserts,SKT0C3,6,277901.0,transactions
correlation-redis-set-cores2,pcm_cha,drd_inserts,SKT0C3,7,283851.0,transactions
correlation-redis-set-cores2,pcm_cha,drd_inserts,SKT0C3,8,278195.0,transactions
correlation-redis-set-cores2,pcm_cha,drd_inserts,SKT0C3,9,279673.0,transactions
correlation-redis-set-cores2,pcm_cha,drd_inserts,SKT0C3,10,285521.0,transactions
correlation-redis-set-cores2,pcm_cha,drd_inserts,SKT0C3,11,276408.0,transactions
correlation-redis-set-cores2,pcm_cha,drd_inserts,SKT0C3,12,276150.0,transactions
correlation-redis-set-cores2,pcm_cha,drd_inserts,SKT0C3,13,274317.0,transactions
correlation-redis-set-cores2,pcm_cha,drd_inserts,SKT0C3,14,276629.0,transactions
correlation-redis-set-cores2,pcm_cha,drd_inserts,SKT0C3,15,276385.0,transactions
correlation-redis-set-cores2,pcm_cha,drd_inserts,SKT0C3,16,275851.0,transactions
correlation-redis-set-cores2,pcm_cha,drd_inserts,SKT0C3,17,275359.0,transactions
correlation-redis-set-cores2,pcm_cha,drd_inserts,SKT0C3,18,276605.0,transactions
correlation-redis-set-cores2,pcm_cha,drd_inserts,SKT0C3,19,278115.0,transactions
correlation-redis-set-cores2,pcm_cha,drd_inserts,SKT0C3,20,284101.0,transactions
correlation-redis-set-cores2,pcm_cha,drd_inserts,SKT0C3,21,275685.0,transactions
correlation-redis-set-cores2,pcm_cha,drd_inserts,SKT0C3,22,276619.0,transactions
correlation-redis-set-cores2,pcm_cha,drd_inserts,SKT0C3,23,276623.0,transactions
correlation-redis-set-cores2,pcm_cha,drd_inserts,SKT0C3,24,274727.0,transactions
correlation-redis-set-cores2,pcm_cha,drd_inserts,SKT0C3,25,276395.0,transactions
correlation-redis-set-cores2,pcm_cha,drd_inserts,SKT0C3,26,277592.0,transactions
correlation-redis-set-cores2,pcm_cha,drd_inserts,SKT0C3,27,277425.0,transactions
correlation-redis-set-cores2,pcm_cha,drd_inserts,SKT0C3,28,276706.0,transactions
correlation-redis-set-cores2,pcm_cha,drd_inserts,SKT0C3,29,277303.0,transactions
correlation-redis-set-cores2,pcm_cha,drd_inserts,SKT0C3,30,277348.0,transactions
correlation-redis-set-cores2,pcm_cha,drd_inserts,SKT0C3,31,277199.0,transactions
correlation-redis-set-cores2,pcm_cha,drd_inserts,SKT0C3,32,276589.0,transactions
correlation-redis-set-cores2,pcm_cha,drd_inserts,SKT0C3,33,277174.0,transactions
correlation-redis-set-cores2,pcm_cha,drd_inserts,SKT0C3,34,277420.0,transactions
correlation-redis-set-cores2,pcm_cha,drd_inserts,SKT0C3,35,275587.0,transactions
correlation-redis-set-cores2,pcm_cha,drd_inserts,SKT0C3,36,276924.0,transactions
correlation-redis-set-cores2,pcm_cha,drd_inserts,SKT0C3,37,276495.0,transactions
correlation-redis-set-cores2,pcm_cha,drd_inserts,SKT0C3,38,275965.0,transactions
correlation-redis-set-cores2,pcm_cha,drd_inserts,SKT0C3,39,277617.0,transactions
correlation-redis-set-cores2,pcm_cha,drd_inserts,SKT0C3,40,278518.0,transactions
correlation-redis-set-cores2,pcm_cha,drd_inserts,SKT0C3,41,278900.0,transactions
correlation-redis-set-cores2,pcm_cha,drd_inserts,SKT0C3,42,278550.0,transactions
correlation-redis-set-cores2,pcm_cha,drd_inserts,SKT0C3,43,285137.0,transactions
correlation-redis-set-cores2,pcm_cha,drd_inserts,SKT0C3,44,275705.0,transactions
correlation-redis-set-cores2,pcm_cha,drd_inserts,SKT0C3,45,275350.0,transactions
correlation-redis-set-cores2,pcm_cha,drd_inserts,SKT0C3,46,274253.0,transactions
correlation-redis-set-cores2,pcm_cha,drd_inserts,SKT0C3,47,275677.0,transactions
correlation-redis-set-cores2,pcm_cha,drd_inserts,SKT0C3,48,275611.0,transactions
correlation-redis-set-cores2,pcm_cha,drd_inserts,SKT0C3,49,278433.0,transactions
correlation-redis-set-cores2,pcm_cha,drd_inserts,SKT0C3,50,281859.0,transactions
correlation-redis-set-cores2,pcm_cha,drd_inserts,SKT0C3,51,276199.0,transactions
correlation-redis-set-cores2,pcm_cha,drd_inserts,SKT0C3,52,275761.0,transactions
correlation-redis-set-cores2,pcm_cha,drd_inserts,SKT0C3,53,275866.0,transactions
correlation-redis-set-cores2,pcm_cha,drd_inserts,SKT0C3,54,276307.0,transactions
correlation-redis-set-cores2,pcm_cha,drd_inserts,SKT0C3,55,275230.0,transactions
correlation-redis-set-cores2,pcm_cha,drd_inserts,SKT0C3,56,275431.0,transactions
correlation-redis-set-cores2,pcm_cha,drd_inserts,SKT0C3,57,274714.0,transactions
correlation-redis-set-cores2,pcm_cha,drd_inserts,SKT0C3,58,275983.0,transactions
correlation-redis-set-cores2,pcm_cha,drd_inserts,SKT0C3,59,277245.0,transactions
correlation-redis-set-cores2,pcm_cha,drd_inserts,SKT0C4,0,274889.0,transactions
correlation-redis-set-cores2,pcm_cha,drd_inserts,SKT0C4,1,275619.0,transactions
correlation-redis-set-cores2,pcm_cha,drd_inserts,SKT0C4,2,275901.0,transactions
correlation-redis-set-cores2,pcm_cha,drd_inserts,SKT0C4,3,275797.0,transactions
correlation-redis-set-cores2,pcm_cha,drd_inserts,SKT0C4,4,274415.0,transactions
correlation-redis-set-cores2,pcm_cha,drd_inserts,SKT0C4,5,274503.0,transactions
correlation-redis-set-cores2,pcm_cha,drd_inserts,SKT0C4,6,277087.0,transactions
correlation-redis-set-cores2,pcm_cha,drd_inserts,SKT0C4,7,282464.0,transactions
correlation-redis-set-cores2,pcm_cha,drd_inserts,SKT0C4,8,276668.0,transactions
correlation-redis-set-cores2,pcm_cha,drd_inserts,SKT0C4,9,278681.0,transactions
correlation-redis-set-cores2,pcm_cha,drd_inserts,SKT0C4,10,284946.0,transactions
correlation-redis-set-cores2,pcm_cha,drd_inserts,SKT0C4,11,274504.0,transactions
correlation-redis-set-cores2,pcm_cha,drd_inserts,SKT0C4,12,275868.0,transactions
correlation-redis-set-cores2,pcm_cha,drd_inserts,SKT0C4,13,275803.0,transactions
correlation-redis-set-cores2,pcm_cha,drd_inserts,SKT0C4,14,275583.0,transactions
correlation-redis-set-cores2,pcm_cha,drd_inserts,SKT0C4,15,275486.0,transactions
correlation-redis-set-cores2,pcm_cha,drd_inserts,SKT0C4,16,275632.0,transactions
correlation-redis-set-cores2,pcm_cha,drd_inserts,SKT0C4,17,275516.0,transactions
correlation-redis-set-cores2,pcm_cha,drd_inserts,SKT0C4,18,276491.0,transactions
correlation-redis-set-cores2,pcm_cha,drd_inserts,SKT0C4,19,276182.0,transactions
correlation-redis-set-cores2,pcm_cha,drd_inserts,SKT0C4,20,284209.0,transactions
correlation-redis-set-cores2,pcm_cha,drd_inserts,SKT0C4,21,274293.0,transactions
correlation-redis-set-cores2,pcm_cha,drd_inserts,SKT0C4,22,275139.0,transactions
correlation-redis-set-cores2,pcm_cha,drd_inserts,SKT0C4,23,275939.0,transactions
correlation-redis-set-cores2,pcm_cha,drd_inserts,SKT0C4,24,274785.0,transactions
correlation-redis-set-cores2,pcm_cha,drd_inserts,SKT0C4,25,274223.0,transactions
correlation-redis-set-cores2,pcm_cha,drd_inserts,SKT0C4,26,276516.0,transactions
correlation-redis-set-cores2,pcm_cha,drd_inserts,SKT0C4,27,277281.0,transactions
correlation-redis-set-cores2,pcm_cha,drd_inserts,SKT0C4,28,276023.0,transactions
correlation-redis-set-cores2,pcm_cha,drd_inserts,SKT0C4,29,277527.0,transactions
correlation-redis-set-cores2,pcm_cha,drd_inserts,SKT0C4,30,276735.0,transactions
correlation-redis-set-cores2,pcm_cha,drd_inserts,SKT0C4,31,276869.0,transactions
correlation-redis-set-cores2,pcm_cha,drd_inserts,SKT0C4,32,274386.0,transactions
correlation-redis-set-cores2,pcm_cha,drd_inserts,SKT0C4,33,276190.0,transactions
correlation-redis-set-cores2,pcm_cha,drd_inserts,SKT0C4,34,276544.0,transactions
correlation-redis-set-cores2,pcm_cha,drd_inserts,SKT0C4,35,275886.0,transactions
correlation-redis-set-cores2,pcm_cha,drd_inserts,SKT0C4,36,275177.0,transactions
correlation-redis-set-cores2,pcm_cha,drd_inserts,SKT0C4,37,275261.0,transactions
correlation-redis-set-cores2,pcm_cha,drd_inserts,SKT0C4,38,276499.0,transactions
correlation-redis-set-cores2,pcm_cha,drd_inserts,SKT0C4,39,276731.0,transactions
correlation-redis-set-cores2,pcm_cha,drd_inserts,SKT0C4,40,278003.0,transactions
correlation-redis-set-cores2,pcm_cha,drd_inserts,SKT0C4,41,278554.0,transactions
correlation-redis-set-cores2,pcm_cha,drd_inserts,SKT0C4,42,278501.0,transactions
correlation-redis-set-cores2,pcm_cha,drd_inserts,SKT0C4,43,284882.0,transactions
correlation-redis-set-cores2,pcm_cha,drd_inserts,SKT0C4,44,274683.0,transactions
correlation-redis-set-cores2,pcm_cha,drd_inserts,SKT0C4,45,274787.0,transactions
correlation-redis-set-cores2,pcm_cha,drd_inserts,SKT0C4,46,274149.0,transactions
correlation-redis-set-cores2,pcm_cha,drd_inserts,SKT0C4,47,274627.0,transactions
correlation-redis-set-cores2,pcm_cha,drd_inserts,SKT0C4,48,274801.0,transactions
correlation-redis-set-cores2,pcm_cha,drd_inserts,SKT0C4,49,278313.0,transactions
correlation-redis-set-cores2,pcm_cha,drd_inserts,SKT0C4,50,283171.0,transactions
correlation-redis-set-cores2,pcm_cha,drd_inserts,SKT0C4,51,275908.0,transactions
correlation-redis-set-cores2,pcm_cha,drd_inserts,SKT0C4,52,275348.0,transactions
correlation-redis-set-cores2,pcm_cha,drd_inserts,SKT0C4,53,274663.0,transactions
correlation-redis-set-cores2,pcm_cha,drd_inserts,SKT0C4,54,274892.0,transactions
correlation-redis-set-cores2,pcm_cha,drd_inserts,SKT0C4,55,275830.0,transactions
correlation-redis-set-cores2,pcm_cha,drd_inserts,SKT0C4,56,275039.0,transactions
correlation-redis-set-cores2,pcm_cha,drd_inserts,SKT0C4,57,273757.0,transactions
correlation-redis-set-cores2,pcm_cha,drd_inserts,SKT0C4,58,275055.0,transactions
correlation-redis-set-cores2,pcm_cha,drd_inserts,SKT0C4,59,276718.0,transactions
correlation-redis-set-cores2,pcm_cha,drd_inserts,SKT0C5,0,276126.0,transactions
correlation-redis-set-cores2,pcm_cha,drd_inserts,SKT0C5,1,275027.0,transactions
correlation-redis-set-cores2,pcm_cha,drd_inserts,SKT0C5,2,275417.0,transactions
correlation-redis-set-cores2,pcm_cha,drd_inserts,SKT0C5,3,276703.0,transactions
correlation-redis-set-cores2,pcm_cha,drd_inserts,SKT0C5,4,275304.0,transactions
correlation-redis-set-cores2,pcm_cha,drd_inserts,SKT0C5,5,274254.0,transactions
correlation-redis-set-cores2,pcm_cha,drd_inserts,SKT0C5,6,276929.0,transactions
correlation-redis-set-cores2,pcm_cha,drd_inserts,SKT0C5,7,283972.0,transactions
correlation-redis-set-cores2,pcm_cha,drd_inserts,SKT0C5,8,276280.0,transactions
correlation-redis-set-cores2,pcm_cha,drd_inserts,SKT0C5,9,279357.0,transactions
correlation-redis-set-cores2,pcm_cha,drd_inserts,SKT0C5,10,285097.0,transactions
correlation-redis-set-cores2,pcm_cha,drd_inserts,SKT0C5,11,275283.0,transactions
correlation-redis-set-cores2,pcm_cha,drd_inserts,SKT0C5,12,276516.0,transactions
correlation-redis-set-cores2,pcm_cha,drd_inserts,SKT0C5,13,275971.0,transactions
correlation-redis-set-cores2,pcm_cha,drd_inserts,SKT0C5,14,276616.0,transactions
correlation-redis-set-cores2,pcm_cha,drd_inserts,SKT0C5,15,276125.0,transactions
correlation-redis-set-cores2,pcm_cha,drd_inserts,SKT0C5,16,275697.0,transactions
correlation-redis-set-cores2,pcm_cha,drd_inserts,SKT0C5,17,276043.0,transactions
correlation-redis-set-cores2,pcm_cha,drd_inserts,SKT0C5,18,276279.0,transactions
correlation-redis-set-cores2,pcm_cha,drd_inserts,SKT0C5,19,277080.0,transactions
correlation-redis-set-cores2,pcm_cha,drd_inserts,SKT0C5,20,284252.0,transactions
correlation-redis-set-cores2,pcm_cha,drd_inserts,SKT0C5,21,275366.0,transactions
correlation-redis-set-cores2,pcm_cha,drd_inserts,SKT0C5,22,275761.0,transactions
correlation-redis-set-cores2,pcm_cha,drd_inserts,SKT0C5,23,275524.0,transactions
correlation-redis-set-cores2,pcm_cha,drd_inserts,SKT0C5,24,274742.0,transactions
correlation-redis-set-cores2,pcm_cha,drd_inserts,SKT0C5,25,275735.0,transactions
correlation-redis-set-cores2,pcm_cha,drd_inserts,SKT0C5,26,275906.0,transactions
correlation-redis-set-cores2,pcm_cha,drd_inserts,SKT0C5,27,276692.0,transactions
correlation-redis-set-cores2,pcm_cha,drd_inserts,SKT0C5,28,277161.0,transactions
correlation-redis-set-cores2,pcm_cha,drd_inserts,SKT0C5,29,277693.0,transactions
correlation-redis-set-cores2,pcm_cha,drd_inserts,SKT0C5,30,276816.0,transactions
correlation-redis-set-cores2,pcm_cha,drd_inserts,SKT0C5,31,277335.0,transactions
correlation-redis-set-cores2,pcm_cha,drd_inserts,SKT0C5,32,276164.0,transactions
correlation-redis-set-cores2,pcm_cha,drd_inserts,SKT0C5,33,277320.0,transactions
correlation-redis-set-cores2,pcm_cha,drd_inserts,SKT0C5,34,276019.0,transactions
correlation-redis-set-cores2,pcm_cha,drd_inserts,SKT0C5,35,275548.0,transactions
correlation-redis-set-cores2,pcm_cha,drd_inserts,SKT0C5,36,276493.0,transactions
correlation-redis-set-cores2,pcm_cha,drd_inserts,SKT0C5,37,275704.0,transactions
correlation-redis-set-cores2,pcm_cha,drd_inserts,SKT0C5,38,274974.0,transactions
correlation-redis-set-cores2,pcm_cha,drd_inserts,SKT0C5,39,277033.0,transactions
correlation-redis-set-cores2,pcm_cha,drd_inserts,SKT0C5,40,278455.0,transactions
correlation-redis-set-cores2,pcm_cha,drd_inserts,SKT0C5,41,279100.0,transactions
correlation-redis-set-cores2,pcm_cha,drd_inserts,SKT0C5,42,279315.0,transactions
correlation-redis-set-cores2,pcm_cha,drd_inserts,SKT0C5,43,284746.0,transactions
correlation-redis-set-cores2,pcm_cha,drd_inserts,SKT0C5,44,275625.0,transactions
correlation-redis-set-cores2,pcm_cha,drd_inserts,SKT0C5,45,274712.0,transactions
correlation-redis-set-cores2,pcm_cha,drd_inserts,SKT0C5,46,273947.0,transactions
correlation-redis-set-cores2,pcm_cha,drd_inserts,SKT0C5,47,274951.0,transactions
correlation-redis-set-cores2,pcm_cha,drd_inserts,SKT0C5,48,274993.0,transactions
correlation-redis-set-cores2,pcm_cha,drd_inserts,SKT0C5,49,277582.0,transactions
correlation-redis-set-cores2,pcm_cha,drd_inserts,SKT0C5,50,283252.0,transactions
correlation-redis-set-cores2,pcm_cha,drd_inserts,SKT0C5,51,277051.0,transactions
correlation-redis-set-cores2,pcm_cha,drd_inserts,SKT0C5,52,275836.0,transactions
correlation-redis-set-cores2,pcm_cha,drd_inserts,SKT0C5,53,275559.0,transactions
correlation-redis-set-cores2,pcm_cha,drd_inserts,SKT0C5,54,275024.0,transactions
correlation-redis-set-cores2,pcm_cha,drd_inserts,SKT0C5,55,274563.0,transactions
correlation-redis-set-cores2,pcm_cha,drd_inserts,SKT0C5,56,275154.0,transactions
correlation-redis-set-cores2,pcm_cha,drd_inserts,SKT0C5,57,273729.0,transactions
correlation-redis-set-cores2,pcm_cha,drd_inserts,SKT0C5,58,275674.0,transactions
correlation-redis-set-cores2,pcm_cha,drd_inserts,SKT0C5,59,276618.0,transactions
correlation-redis-set-cores2,pcm_cha,drd_inserts,SKT0C6,0,276812.0,transactions
correlation-redis-set-cores2,pcm_cha,drd_inserts,SKT0C6,1,274475.0,transactions
correlation-redis-set-cores2,pcm_cha,drd_inserts,SKT0C6,2,276152.0,transactions
correlation-redis-set-cores2,pcm_cha,drd_inserts,SKT0C6,3,276306.0,transactions
correlation-redis-set-cores2,pcm_cha,drd_inserts,SKT0C6,4,274360.0,transactions
correlation-redis-set-cores2,pcm_cha,drd_inserts,SKT0C6,5,276693.0,transactions
correlation-redis-set-cores2,pcm_cha,drd_inserts,SKT0C6,6,277600.0,transactions
correlation-redis-set-cores2,pcm_cha,drd_inserts,SKT0C6,7,284546.0,transactions
correlation-redis-set-cores2,pcm_cha,drd_inserts,SKT0C6,8,275787.0,transactions
correlation-redis-set-cores2,pcm_cha,drd_inserts,SKT0C6,9,278465.0,transactions
correlation-redis-set-cores2,pcm_cha,drd_inserts,SKT0C6,10,286360.0,transactions
correlation-redis-set-cores2,pcm_cha,drd_inserts,SKT0C6,11,276674.0,transactions
correlation-redis-set-cores2,pcm_cha,drd_inserts,SKT0C6,12,277230.0,transactions
correlation-redis-set-cores2,pcm_cha,drd_inserts,SKT0C6,13,276213.0,transactions
correlation-redis-set-cores2,pcm_cha,drd_inserts,SKT0C6,14,276080.0,transactions
correlation-redis-set-cores2,pcm_cha,drd_inserts,SKT0C6,15,276754.0,transactions
correlation-redis-set-cores2,pcm_cha,drd_inserts,SKT0C6,16,276792.0,transactions
correlation-redis-set-cores2,pcm_cha,drd_inserts,SKT0C6,17,276200.0,transactions
correlation-redis-set-cores2,pcm_cha,drd_inserts,SKT0C6,18,276536.0,transactions
correlation-redis-set-cores2,pcm_cha,drd_inserts,SKT0C6,19,278564.0,transactions
correlation-redis-set-cores2,pcm_cha,drd_inserts,SKT0C6,20,283499.0,transactions
correlation-redis-set-cores2,pcm_cha,drd_inserts,SKT0C6,21,275638.0,transactions
correlation-redis-set-cores2,pcm_cha,drd_inserts,SKT0C6,22,276562.0,transactions
correlation-redis-set-cores2,pcm_cha,drd_inserts,SKT0C6,23,276143.0,transactions
correlation-redis-set-cores2,pcm_cha,drd_inserts,SKT0C6,24,276639.0,transactions
correlation-redis-set-cores2,pcm_cha,drd_inserts,SKT0C6,25,275566.0,transactions
correlation-redis-set-cores2,pcm_cha,drd_inserts,SKT0C6,26,277350.0,transactions
correlation-redis-set-cores2,pcm_cha,drd_inserts,SKT0C6,27,276742.0,transactions
correlation-redis-set-cores2,pcm_cha,drd_inserts,SKT0C6,28,276924.0,transactions
correlation-redis-set-cores2,pcm_cha,drd_inserts,SKT0C6,29,276580.0,transactions
correlation-redis-set-cores2,pcm_cha,drd_inserts,SKT0C6,30,277800.0,transactions
correlation-redis-set-cores2,pcm_cha,drd_inserts,SKT0C6,31,277390.0,transactions
correlation-redis-set-cores2,pcm_cha,drd_inserts,SKT0C6,32,275698.0,transactions
correlation-redis-set-cores2,pcm_cha,drd_inserts,SKT0C6,33,277573.0,transactions
correlation-redis-set-cores2,pcm_cha,drd_inserts,SKT0C6,34,276746.0,transactions
correlation-redis-set-cores2,pcm_cha,drd_inserts,SKT0C6,35,276644.0,transactions
correlation-redis-set-cores2,pcm_cha,drd_inserts,SKT0C6,36,276070.0,transactions
correlation-redis-set-cores2,pcm_cha,drd_inserts,SKT0C6,37,275758.0,transactions
correlation-redis-set-cores2,pcm_cha,drd_inserts,SKT0C6,38,276474.0,transactions
correlation-redis-set-cores2,pcm_cha,drd_inserts,SKT0C6,39,277782.0,transactions
correlation-redis-set-cores2,pcm_cha,drd_inserts,SKT0C6,40,278530.0,transactions
correlation-redis-set-cores2,pcm_cha,drd_inserts,SKT0C6,41,279262.0,transactions
correlation-redis-set-cores2,pcm_cha,drd_inserts,SKT0C6,42,278558.0,transactions
correlation-redis-set-cores2,pcm_cha,drd_inserts,SKT0C6,43,286001.0,transactions
correlation-redis-set-cores2,pcm_cha,drd_inserts,SKT0C6,44,275680.0,transactions
correlation-redis-set-cores2,pcm_cha,drd_inserts,SKT0C6,45,275444.0,transactions
correlation-redis-set-cores2,pcm_cha,drd_inserts,SKT0C6,46,275830.0,transactions
correlation-redis-set-cores2,pcm_cha,drd_inserts,SKT0C6,47,275892.0,transactions
correlation-redis-set-cores2,pcm_cha,drd_inserts,SKT0C6,48,275279.0,transactions
correlation-redis-set-cores2,pcm_cha,drd_inserts,SKT0C6,49,278430.0,transactions
correlation-redis-set-cores2,pcm_cha,drd_inserts,SKT0C6,50,282376.0,transactions
correlation-redis-set-cores2,pcm_cha,drd_inserts,SKT0C6,51,277313.0,transactions
correlation-redis-set-cores2,pcm_cha,drd_inserts,SKT0C6,52,276755.0,transactions
correlation-redis-set-cores2,pcm_cha,drd_inserts,SKT0C6,53,276473.0,transactions
correlation-redis-set-cores2,pcm_cha,drd_inserts,SKT0C6,54,274982.0,transactions
correlation-redis-set-cores2,pcm_cha,drd_inserts,SKT0C6,55,274373.0,transactions
correlation-redis-set-cores2,pcm_cha,drd_inserts,SKT0C6,56,276817.0,transactions
correlation-redis-set-cores2,pcm_cha,drd_inserts,SKT0C6,57,274848.0,transactions
correlation-redis-set-cores2,pcm_cha,drd_inserts,SKT0C6,58,275632.0,transactions
correlation-redis-set-cores2,pcm_cha,drd_inserts,SKT0C6,59,277151.0,transactions
correlation-redis-set-cores2,pcm_cha,drd_inserts,SKT0C7,0,276198.0,transactions
correlation-redis-set-cores2,pcm_cha,drd_inserts,SKT0C7,1,275183.0,transactions
correlation-redis-set-cores2,pcm_cha,drd_inserts,SKT0C7,2,274553.0,transactions
correlation-redis-set-cores2,pcm_cha,drd_inserts,SKT0C7,3,275454.0,transactions
correlation-redis-set-cores2,pcm_cha,drd_inserts,SKT0C7,4,273907.0,transactions
correlation-redis-set-cores2,pcm_cha,drd_inserts,SKT0C7,5,275881.0,transactions
correlation-redis-set-cores2,pcm_cha,drd_inserts,SKT0C7,6,276313.0,transactions
correlation-redis-set-cores2,pcm_cha,drd_inserts,SKT0C7,7,283568.0,transactions
correlation-redis-set-cores2,pcm_cha,drd_inserts,SKT0C7,8,276620.0,transactions
correlation-redis-set-cores2,pcm_cha,drd_inserts,SKT0C7,9,277953.0,transactions
correlation-redis-set-cores2,pcm_cha,drd_inserts,SKT0C7,10,285240.0,transactions
correlation-redis-set-cores2,pcm_cha,drd_inserts,SKT0C7,11,275885.0,transactions
correlation-redis-set-cores2,pcm_cha,drd_inserts,SKT0C7,12,276606.0,transactions
correlation-redis-set-cores2,pcm_cha,drd_inserts,SKT0C7,13,275280.0,transactions
correlation-redis-set-cores2,pcm_cha,drd_inserts,SKT0C7,14,275520.0,transactions
correlation-redis-set-cores2,pcm_cha,drd_inserts,SKT0C7,15,275965.0,transactions
correlation-redis-set-cores2,pcm_cha,drd_inserts,SKT0C7,16,275723.0,transactions
correlation-redis-set-cores2,pcm_cha,drd_inserts,SKT0C7,17,276516.0,transactions
correlation-redis-set-cores2,pcm_cha,drd_inserts,SKT0C7,18,275530.0,transactions
correlation-redis-set-cores2,pcm_cha,drd_inserts,SKT0C7,19,278094.0,transactions
correlation-redis-set-cores2,pcm_cha,drd_inserts,SKT0C7,20,284110.0,transactions
correlation-redis-set-cores2,pcm_cha,drd_inserts,SKT0C7,21,274299.0,transactions
correlation-redis-set-cores2,pcm_cha,drd_inserts,SKT0C7,22,275537.0,transactions
correlation-redis-set-cores2,pcm_cha,drd_inserts,SKT0C7,23,275463.0,transactions
correlation-redis-set-cores2,pcm_cha,drd_inserts,SKT0C7,24,275895.0,transactions
correlation-redis-set-cores2,pcm_cha,drd_inserts,SKT0C7,25,275623.0,transactions
correlation-redis-set-cores2,pcm_cha,drd_inserts,SKT0C7,26,276913.0,transactions
correlation-redis-set-cores2,pcm_cha,drd_inserts,SKT0C7,27,276738.0,transactions
correlation-redis-set-cores2,pcm_cha,drd_inserts,SKT0C7,28,276741.0,transactions
correlation-redis-set-cores2,pcm_cha,drd_inserts,SKT0C7,29,276309.0,transactions
correlation-redis-set-cores2,pcm_cha,drd_inserts,SKT0C7,30,276599.0,transactions
correlation-redis-set-cores2,pcm_cha,drd_inserts,SKT0C7,31,276486.0,transactions
correlation-redis-set-cores2,pcm_cha,drd_inserts,SKT0C7,32,275892.0,transactions
correlation-redis-set-cores2,pcm_cha,drd_inserts,SKT0C7,33,276498.0,transactions
correlation-redis-set-cores2,pcm_cha,drd_inserts,SKT0C7,34,277014.0,transactions
correlation-redis-set-cores2,pcm_cha,drd_inserts,SKT0C7,35,276478.0,transactions
correlation-redis-set-cores2,pcm_cha,drd_inserts,SKT0C7,36,275554.0,transactions
correlation-redis-set-cores2,pcm_cha,drd_inserts,SKT0C7,37,275064.0,transactions
correlation-redis-set-cores2,pcm_cha,drd_inserts,SKT0C7,38,276519.0,transactions
correlation-redis-set-cores2,pcm_cha,drd_inserts,SKT0C7,39,276220.0,transactions
correlation-redis-set-cores2,pcm_cha,drd_inserts,SKT0C7,40,279149.0,transactions
correlation-redis-set-cores2,pcm_cha,drd_inserts,SKT0C7,41,278374.0,transactions
correlation-redis-set-cores2,pcm_cha,drd_inserts,SKT0C7,42,278553.0,transactions
correlation-redis-set-cores2,pcm_cha,drd_inserts,SKT0C7,43,285197.0,transactions
correlation-redis-set-cores2,pcm_cha,drd_inserts,SKT0C7,44,274732.0,transactions
correlation-redis-set-cores2,pcm_cha,drd_inserts,SKT0C7,45,274988.0,transactions
correlation-redis-set-cores2,pcm_cha,drd_inserts,SKT0C7,46,275015.0,transactions
correlation-redis-set-cores2,pcm_cha,drd_inserts,SKT0C7,47,274539.0,transactions
correlation-redis-set-cores2,pcm_cha,drd_inserts,SKT0C7,48,274897.0,transactions
correlation-redis-set-cores2,pcm_cha,drd_inserts,SKT0C7,49,277093.0,transactions
correlation-redis-set-cores2,pcm_cha,drd_inserts,SKT0C7,50,281916.0,transactions
correlation-redis-set-cores2,pcm_cha,drd_inserts,SKT0C7,51,276005.0,transactions
correlation-redis-set-cores2,pcm_cha,drd_inserts,SKT0C7,52,275241.0,transactions
correlation-redis-set-cores2,pcm_cha,drd_inserts,SKT0C7,53,275275.0,transactions
correlation-redis-set-cores2,pcm_cha,drd_inserts,SKT0C7,54,274171.0,transactions
correlation-redis-set-cores2,pcm_cha,drd_inserts,SKT0C7,55,275240.0,transactions
correlation-redis-set-cores2,pcm_cha,drd_inserts,SKT0C7,56,276217.0,transactions
correlation-redis-set-cores2,pcm_cha,drd_inserts,SKT0C7,57,274894.0,transactions
correlation-redis-set-cores2,pcm_cha,drd_inserts,SKT0C7,58,275853.0,transactions
correlation-redis-set-cores2,pcm_cha,drd_inserts,SKT0C7,59,275951.0,transactions
correlation-redis-set-cores2,pcm_cha,drd_inserts,SKT0C8,0,276630.0,transactions
correlation-redis-set-cores2,pcm_cha,drd_inserts,SKT0C8,1,276731.0,transactions
correlation-redis-set-cores2,pcm_cha,drd_inserts,SKT0C8,2,275448.0,transactions
correlation-redis-set-cores2,pcm_cha,drd_inserts,SKT0C8,3,276599.0,transactions
correlation-redis-set-cores2,pcm_cha,drd_inserts,SKT0C8,4,275510.0,transactions
correlation-redis-set-cores2,pcm_cha,drd_inserts,SKT0C8,5,276140.0,transactions
correlation-redis-set-cores2,pcm_cha,drd_inserts,SKT0C8,6,278641.0,transactions
correlation-redis-set-cores2,pcm_cha,drd_inserts,SKT0C8,7,284762.0,transactions
correlation-redis-set-cores2,pcm_cha,drd_inserts,SKT0C8,8,277903.0,transactions
correlation-redis-set-cores2,pcm_cha,drd_inserts,SKT0C8,9,279394.0,transactions
correlation-redis-set-cores2,pcm_cha,drd_inserts,SKT0C8,10,286648.0,transactions
correlation-redis-set-cores2,pcm_cha,drd_inserts,SKT0C8,11,277512.0,transactions
correlation-redis-set-cores2,pcm_cha,drd_inserts,SKT0C8,12,277559.0,transactions
correlation-redis-set-cores2,pcm_cha,drd_inserts,SKT0C8,13,276688.0,transactions
correlation-redis-set-cores2,pcm_cha,drd_inserts,SKT0C8,14,276518.0,transactions
correlation-redis-set-cores2,pcm_cha,drd_inserts,SKT0C8,15,277070.0,transactions
correlation-redis-set-cores2,pcm_cha,drd_inserts,SKT0C8,16,276380.0,transactions
correlation-redis-set-cores2,pcm_cha,drd_inserts,SKT0C8,17,277408.0,transactions
correlation-redis-set-cores2,pcm_cha,drd_inserts,SKT0C8,18,277462.0,transactions
correlation-redis-set-cores2,pcm_cha,drd_inserts,SKT0C8,19,278085.0,transactions
correlation-redis-set-cores2,pcm_cha,drd_inserts,SKT0C8,20,285460.0,transactions
correlation-redis-set-cores2,pcm_cha,drd_inserts,SKT0C8,21,276328.0,transactions
correlation-redis-set-cores2,pcm_cha,drd_inserts,SKT0C8,22,277597.0,transactions
correlation-redis-set-cores2,pcm_cha,drd_inserts,SKT0C8,23,278102.0,transactions
correlation-redis-set-cores2,pcm_cha,drd_inserts,SKT0C8,24,277167.0,transactions
correlation-redis-set-cores2,pcm_cha,drd_inserts,SKT0C8,25,276889.0,transactions
correlation-redis-set-cores2,pcm_cha,drd_inserts,SKT0C8,26,277524.0,transactions
correlation-redis-set-cores2,pcm_cha,drd_inserts,SKT0C8,27,276837.0,transactions
correlation-redis-set-cores2,pcm_cha,drd_inserts,SKT0C8,28,277145.0,transactions
correlation-redis-set-cores2,pcm_cha,drd_inserts,SKT0C8,29,278296.0,transactions
correlation-redis-set-cores2,pcm_cha,drd_inserts,SKT0C8,30,277984.0,transactions
correlation-redis-set-cores2,pcm_cha,drd_inserts,SKT0C8,31,277765.0,transactions
correlation-redis-set-cores2,pcm_cha,drd_inserts,SKT0C8,32,277436.0,transactions
correlation-redis-set-cores2,pcm_cha,drd_inserts,SKT0C8,33,277256.0,transactions
correlation-redis-set-cores2,pcm_cha,drd_inserts,SKT0C8,34,277836.0,transactions
correlation-redis-set-cores2,pcm_cha,drd_inserts,SKT0C8,35,278053.0,transactions
correlation-redis-set-cores2,pcm_cha,drd_inserts,SKT0C8,36,276844.0,transactions
correlation-redis-set-cores2,pcm_cha,drd_inserts,SKT0C8,37,276646.0,transactions
correlation-redis-set-cores2,pcm_cha,drd_inserts,SKT0C8,38,276226.0,transactions
correlation-redis-set-cores2,pcm_cha,drd_inserts,SKT0C8,39,276782.0,transactions
correlation-redis-set-cores2,pcm_cha,drd_inserts,SKT0C8,40,281199.0,transactions
correlation-redis-set-cores2,pcm_cha,drd_inserts,SKT0C8,41,279169.0,transactions
correlation-redis-set-cores2,pcm_cha,drd_inserts,SKT0C8,42,279297.0,transactions
correlation-redis-set-cores2,pcm_cha,drd_inserts,SKT0C8,43,285606.0,transactions
correlation-redis-set-cores2,pcm_cha,drd_inserts,SKT0C8,44,276320.0,transactions
correlation-redis-set-cores2,pcm_cha,drd_inserts,SKT0C8,45,276023.0,transactions
correlation-redis-set-cores2,pcm_cha,drd_inserts,SKT0C8,46,275746.0,transactions
correlation-redis-set-cores2,pcm_cha,drd_inserts,SKT0C8,47,277533.0,transactions
correlation-redis-set-cores2,pcm_cha,drd_inserts,SKT0C8,48,276172.0,transactions
correlation-redis-set-cores2,pcm_cha,drd_inserts,SKT0C8,49,279384.0,transactions
correlation-redis-set-cores2,pcm_cha,drd_inserts,SKT0C8,50,283126.0,transactions
correlation-redis-set-cores2,pcm_cha,drd_inserts,SKT0C8,51,276754.0,transactions
correlation-redis-set-cores2,pcm_cha,drd_inserts,SKT0C8,52,276356.0,transactions
correlation-redis-set-cores2,pcm_cha,drd_inserts,SKT0C8,53,276743.0,transactions
correlation-redis-set-cores2,pcm_cha,drd_inserts,SKT0C8,54,276388.0,transactions
correlation-redis-set-cores2,pcm_cha,drd_inserts,SKT0C8,55,276956.0,transactions
correlation-redis-set-cores2,pcm_cha,drd_inserts,SKT0C8,56,277379.0,transactions
correlation-redis-set-cores2,pcm_cha,drd_inserts,SKT0C8,57,275471.0,transactions
correlation-redis-set-cores2,pcm_cha,drd_inserts,SKT0C8,58,276557.0,transactions
correlation-redis-set-cores2,pcm_cha,drd_inserts,SKT0C8,59,277334.0,transactions
correlation-redis-set-cores2,pcm_cha,drd_inserts,SKT0C9,0,277353.0,transactions
correlation-redis-set-cores2,pcm_cha,drd_inserts,SKT0C9,1,275767.0,transactions
correlation-redis-set-cores2,pcm_cha,drd_inserts,SKT0C9,2,275099.0,transactions
correlation-redis-set-cores2,pcm_cha,drd_inserts,SKT0C9,3,276373.0,transactions
correlation-redis-set-cores2,pcm_cha,drd_inserts,SKT0C9,4,274949.0,transactions
correlation-redis-set-cores2,pcm_cha,drd_inserts,SKT0C9,5,275677.0,transactions
correlation-redis-set-cores2,pcm_cha,drd_inserts,SKT0C9,6,278738.0,transactions
correlation-redis-set-cores2,pcm_cha,drd_inserts,SKT0C9,7,285804.0,transactions
correlation-redis-set-cores2,pcm_cha,drd_inserts,SKT0C9,8,278127.0,transactions
correlation-redis-set-cores2,pcm_cha,drd_inserts,SKT0C9,9,280400.0,transactions
correlation-redis-set-cores2,pcm_cha,drd_inserts,SKT0C9,10,286623.0,transactions
correlation-redis-set-cores2,pcm_cha,drd_inserts,SKT0C9,11,276009.0,transactions
correlation-redis-set-cores2,pcm_cha,drd_inserts,SKT0C9,12,276243.0,transactions
correlation-redis-set-cores2,pcm_cha,drd_inserts,SKT0C9,13,275711.0,transactions
correlation-redis-set-cores2,pcm_cha,drd_inserts,SKT0C9,14,277048.0,transactions
correlation-redis-set-cores2,pcm_cha,drd_inserts,SKT0C9,15,276732.0,transactions
correlation-redis-set-cores2,pcm_cha,drd_inserts,SKT0C9,16,275865.0,transactions
correlation-redis-set-cores2,pcm_cha,drd_inserts,SKT0C9,17,276435.0,transactions
correlation-redis-set-cores2,pcm_cha,drd_inserts,SKT0C9,18,277512.0,transactions
correlation-redis-set-cores2,pcm_cha,drd_inserts,SKT0C9,19,277622.0,transactions
correlation-redis-set-cores2,pcm_cha,drd_inserts,SKT0C9,20,284440.0,transactions
correlation-redis-set-cores2,pcm_cha,drd_inserts,SKT0C9,21,276226.0,transactions
correlation-redis-set-cores2,pcm_cha,drd_inserts,SKT0C9,22,276679.0,transactions
correlation-redis-set-cores2,pcm_cha,drd_inserts,SKT0C9,23,276953.0,transactions
correlation-redis-set-cores2,pcm_cha,drd_inserts,SKT0C9,24,276409.0,transactions
correlation-redis-set-cores2,pcm_cha,drd_inserts,SKT0C9,25,276435.0,transactions
correlation-redis-set-cores2,pcm_cha,drd_inserts,SKT0C9,26,277744.0,transactions
correlation-redis-set-cores2,pcm_cha,drd_inserts,SKT0C9,27,276434.0,transactions
correlation-redis-set-cores2,pcm_cha,drd_inserts,SKT0C9,28,276419.0,transactions
correlation-redis-set-cores2,pcm_cha,drd_inserts,SKT0C9,29,278120.0,transactions
correlation-redis-set-cores2,pcm_cha,drd_inserts,SKT0C9,30,277233.0,transactions
correlation-redis-set-cores2,pcm_cha,drd_inserts,SKT0C9,31,277294.0,transactions
correlation-redis-set-cores2,pcm_cha,drd_inserts,SKT0C9,32,276829.0,transactions
correlation-redis-set-cores2,pcm_cha,drd_inserts,SKT0C9,33,277102.0,transactions
correlation-redis-set-cores2,pcm_cha,drd_inserts,SKT0C9,34,277698.0,transactions
correlation-redis-set-cores2,pcm_cha,drd_inserts,SKT0C9,35,277075.0,transactions
correlation-redis-set-cores2,pcm_cha,drd_inserts,SKT0C9,36,276306.0,transactions
correlation-redis-set-cores2,pcm_cha,drd_inserts,SKT0C9,37,277070.0,transactions
correlation-redis-set-cores2,pcm_cha,drd_inserts,SKT0C9,38,276682.0,transactions
correlation-redis-set-cores2,pcm_cha,drd_inserts,SKT0C9,39,277442.0,transactions
correlation-redis-set-cores2,pcm_cha,drd_inserts,SKT0C9,40,279507.0,transactions
correlation-redis-set-cores2,pcm_cha,drd_inserts,SKT0C9,41,280225.0,transactions
correlation-redis-set-cores2,pcm_cha,drd_inserts,SKT0C9,42,279082.0,transactions
correlation-redis-set-cores2,pcm_cha,drd_inserts,SKT0C9,43,285535.0,transactions
correlation-redis-set-cores2,pcm_cha,drd_inserts,SKT0C9,44,275308.0,transactions
correlation-redis-set-cores2,pcm_cha,drd_inserts,SKT0C9,45,275247.0,transactions
correlation-redis-set-cores2,pcm_cha,drd_inserts,SKT0C9,46,274698.0,transactions
correlation-redis-set-cores2,pcm_cha,drd_inserts,SKT0C9,47,276082.0,transactions
correlation-redis-set-cores2,pcm_cha,drd_inserts,SKT0C9,48,275551.0,transactions
correlation-redis-set-cores2,pcm_cha,drd_inserts,SKT0C9,49,278642.0,transactions
correlation-redis-set-cores2,pcm_cha,drd_inserts,SKT0C9,50,283210.0,transactions
correlation-redis-set-cores2,pcm_cha,drd_inserts,SKT0C9,51,276275.0,transactions
correlation-redis-set-cores2,pcm_cha,drd_inserts,SKT0C9,52,276474.0,transactions
correlation-redis-set-cores2,pcm_cha,drd_inserts,SKT0C9,53,275738.0,transactions
correlation-redis-set-cores2,pcm_cha,drd_inserts,SKT0C9,54,275336.0,transactions
correlation-redis-set-cores2,pcm_cha,drd_inserts,SKT0C9,55,276122.0,transactions
correlation-redis-set-cores2,pcm_cha,drd_inserts,SKT0C9,56,275917.0,transactions
correlation-redis-set-cores2,pcm_cha,drd_inserts,SKT0C9,57,274607.0,transactions
correlation-redis-set-cores2,pcm_cha,drd_inserts,SKT0C9,58,275647.0,transactions
correlation-redis-set-cores2,pcm_cha,drd_inserts,SKT0C9,59,276921.0,transactions
correlation-redis-set-cores2,pcm_cha,drd_inserts,SKT0C10,0,276652.0,transactions
correlation-redis-set-cores2,pcm_cha,drd_inserts,SKT0C10,1,274869.0,transactions
correlation-redis-set-cores2,pcm_cha,drd_inserts,SKT0C10,2,275418.0,transactions
correlation-redis-set-cores2,pcm_cha,drd_inserts,SKT0C10,3,276659.0,transactions
correlation-redis-set-cores2,pcm_cha,drd_inserts,SKT0C10,4,274877.0,transactions
correlation-redis-set-cores2,pcm_cha,drd_inserts,SKT0C10,5,275381.0,transactions
correlation-redis-set-cores2,pcm_cha,drd_inserts,SKT0C10,6,277742.0,transactions
correlation-redis-set-cores2,pcm_cha,drd_inserts,SKT0C10,7,285035.0,transactions
correlation-redis-set-cores2,pcm_cha,drd_inserts,SKT0C10,8,277386.0,transactions
correlation-redis-set-cores2,pcm_cha,drd_inserts,SKT0C10,9,279615.0,transactions
correlation-redis-set-cores2,pcm_cha,drd_inserts,SKT0C10,10,285291.0,transactions
correlation-redis-set-cores2,pcm_cha,drd_inserts,SKT0C10,11,275110.0,transactions
correlation-redis-set-cores2,pcm_cha,drd_inserts,SKT0C10,12,275922.0,transactions
correlation-redis-set-cores2,pcm_cha,drd_inserts,SKT0C10,13,276334.0,transactions
correlation-redis-set-cores2,pcm_cha,drd_inserts,SKT0C10,14,276236.0,transactions
correlation-redis-set-cores2,pcm_cha,drd_inserts,SKT0C10,15,275084.0,transactions
correlation-redis-set-cores2,pcm_cha,drd_inserts,SKT0C10,16,276557.0,transactions
correlation-redis-set-cores2,pcm_cha,drd_inserts,SKT0C10,17,275410.0,transactions
correlation-redis-set-cores2,pcm_cha,drd_inserts,SKT0C10,18,275737.0,transactions
correlation-redis-set-cores2,pcm_cha,drd_inserts,SKT0C10,19,276518.0,transactions
correlation-redis-set-cores2,pcm_cha,drd_inserts,SKT0C10,20,283558.0,transactions
correlation-redis-set-cores2,pcm_cha,drd_inserts,SKT0C10,21,274365.0,transactions
correlation-redis-set-cores2,pcm_cha,drd_inserts,SKT0C10,22,275677.0,transactions
correlation-redis-set-cores2,pcm_cha,drd_inserts,SKT0C10,23,276184.0,transactions
correlation-redis-set-cores2,pcm_cha,drd_inserts,SKT0C10,24,274062.0,transactions
correlation-redis-set-cores2,pcm_cha,drd_inserts,SKT0C10,25,277083.0,transactions
correlation-redis-set-cores2,pcm_cha,drd_inserts,SKT0C10,26,276317.0,transactions
correlation-redis-set-cores2,pcm_cha,drd_inserts,SKT0C10,27,275767.0,transactions
correlation-redis-set-cores2,pcm_cha,drd_inserts,SKT0C10,28,276961.0,transactions
correlation-redis-set-cores2,pcm_cha,drd_inserts,SKT0C10,29,276944.0,transactions
correlation-redis-set-cores2,pcm_cha,drd_inserts,SKT0C10,30,276440.0,transactions
correlation-redis-set-cores2,pcm_cha,drd_inserts,SKT0C10,31,276607.0,transactions
correlation-redis-set-cores2,pcm_cha,drd_inserts,SKT0C10,32,276392.0,transactions
correlation-redis-set-cores2,pcm_cha,drd_inserts,SKT0C10,33,277014.0,transactions
correlation-redis-set-cores2,pcm_cha,drd_inserts,SKT0C10,34,276261.0,transactions
correlation-redis-set-cores2,pcm_cha,drd_inserts,SKT0C10,35,276358.0,transactions
correlation-redis-set-cores2,pcm_cha,drd_inserts,SKT0C10,36,275946.0,transactions
correlation-redis-set-cores2,pcm_cha,drd_inserts,SKT0C10,37,276233.0,transactions
correlation-redis-set-cores2,pcm_cha,drd_inserts,SKT0C10,38,275459.0,transactions
correlation-redis-set-cores2,pcm_cha,drd_inserts,SKT0C10,39,277150.0,transactions
correlation-redis-set-cores2,pcm_cha,drd_inserts,SKT0C10,40,279174.0,transactions
correlation-redis-set-cores2,pcm_cha,drd_inserts,SKT0C10,41,279118.0,transactions
correlation-redis-set-cores2,pcm_cha,drd_inserts,SKT0C10,42,279118.0,transactions
correlation-redis-set-cores2,pcm_cha,drd_inserts,SKT0C10,43,285220.0,transactions
correlation-redis-set-cores2,pcm_cha,drd_inserts,SKT0C10,44,274783.0,transactions
correlation-redis-set-cores2,pcm_cha,drd_inserts,SKT0C10,45,275735.0,transactions
correlation-redis-set-cores2,pcm_cha,drd_inserts,SKT0C10,46,273959.0,transactions
correlation-redis-set-cores2,pcm_cha,drd_inserts,SKT0C10,47,275858.0,transactions
correlation-redis-set-cores2,pcm_cha,drd_inserts,SKT0C10,48,275199.0,transactions
correlation-redis-set-cores2,pcm_cha,drd_inserts,SKT0C10,49,277961.0,transactions
correlation-redis-set-cores2,pcm_cha,drd_inserts,SKT0C10,50,282026.0,transactions
correlation-redis-set-cores2,pcm_cha,drd_inserts,SKT0C10,51,276029.0,transactions
correlation-redis-set-cores2,pcm_cha,drd_inserts,SKT0C10,52,276431.0,transactions
correlation-redis-set-cores2,pcm_cha,drd_inserts,SKT0C10,53,275475.0,transactions
correlation-redis-set-cores2,pcm_cha,drd_inserts,SKT0C10,54,274458.0,transactions
correlation-redis-set-cores2,pcm_cha,drd_inserts,SKT0C10,55,275056.0,transactions
correlation-redis-set-cores2,pcm_cha,drd_inserts,SKT0C10,56,275481.0,transactions
correlation-redis-set-cores2,pcm_cha,drd_inserts,SKT0C10,57,273568.0,transactions
correlation-redis-set-cores2,pcm_cha,drd_inserts,SKT0C10,58,275054.0,transactions
correlation-redis-set-cores2,pcm_cha,drd_inserts,SKT0C10,59,276661.0,transactions
correlation-redis-set-cores2,pcm_cha,drd_inserts,SKT0C11,0,277240.0,transactions
correlation-redis-set-cores2,pcm_cha,drd_inserts,SKT0C11,1,275232.0,transactions
correlation-redis-set-cores2,pcm_cha,drd_inserts,SKT0C11,2,275441.0,transactions
correlation-redis-set-cores2,pcm_cha,drd_inserts,SKT0C11,3,276702.0,transactions
correlation-redis-set-cores2,pcm_cha,drd_inserts,SKT0C11,4,274967.0,transactions
correlation-redis-set-cores2,pcm_cha,drd_inserts,SKT0C11,5,275575.0,transactions
correlation-redis-set-cores2,pcm_cha,drd_inserts,SKT0C11,6,278146.0,transactions
correlation-redis-set-cores2,pcm_cha,drd_inserts,SKT0C11,7,284626.0,transactions
correlation-redis-set-cores2,pcm_cha,drd_inserts,SKT0C11,8,277932.0,transactions
correlation-redis-set-cores2,pcm_cha,drd_inserts,SKT0C11,9,278958.0,transactions
correlation-redis-set-cores2,pcm_cha,drd_inserts,SKT0C11,10,285941.0,transactions
correlation-redis-set-cores2,pcm_cha,drd_inserts,SKT0C11,11,276304.0,transactions
correlation-redis-set-cores2,pcm_cha,drd_inserts,SKT0C11,12,276944.0,transactions
correlation-redis-set-cores2,pcm_cha,drd_inserts,SKT0C11,13,276986.0,transactions
correlation-redis-set-cores2,pcm_cha,drd_inserts,SKT0C11,14,275163.0,transactions
correlation-redis-set-cores2,pcm_cha,drd_inserts,SKT0C11,15,275935.0,transactions
correlation-redis-set-cores2,pcm_cha,drd_inserts,SKT0C11,16,276924.0,transactions
correlation-redis-set-cores2,pcm_cha,drd_inserts,SKT0C11,17,276406.0,transactions
correlation-redis-set-cores2,pcm_cha,drd_inserts,SKT0C11,18,276611.0,transactions
correlation-redis-set-cores2,pcm_cha,drd_inserts,SKT0C11,19,278575.0,transactions
correlation-redis-set-cores2,pcm_cha,drd_inserts,SKT0C11,20,284799.0,transactions
correlation-redis-set-cores2,pcm_cha,drd_inserts,SKT0C11,21,275626.0,transactions
correlation-redis-set-cores2,pcm_cha,drd_inserts,SKT0C11,22,275764.0,transactions
correlation-redis-set-cores2,pcm_cha,drd_inserts,SKT0C11,23,276928.0,transactions
correlation-redis-set-cores2,pcm_cha,drd_inserts,SKT0C11,24,276011.0,transactions
correlation-redis-set-cores2,pcm_cha,drd_inserts,SKT0C11,25,276119.0,transactions
correlation-redis-set-cores2,pcm_cha,drd_inserts,SKT0C11,26,276958.0,transactions
correlation-redis-set-cores2,pcm_cha,drd_inserts,SKT0C11,27,277958.0,transactions
correlation-redis-set-cores2,pcm_cha,drd_inserts,SKT0C11,28,276605.0,transactions
correlation-redis-set-cores2,pcm_cha,drd_inserts,SKT0C11,29,277483.0,transactions
correlation-redis-set-cores2,pcm_cha,drd_inserts,SKT0C11,30,277793.0,transactions
correlation-redis-set-cores2,pcm_cha,drd_inserts,SKT0C11,31,277135.0,transactions
correlation-redis-set-cores2,pcm_cha,drd_inserts,SKT0C11,32,276975.0,transactions
correlation-redis-set-cores2,pcm_cha,drd_inserts,SKT0C11,33,277420.0,transactions
correlation-redis-set-cores2,pcm_cha,drd_inserts,SKT0C11,34,276801.0,transactions
correlation-redis-set-cores2,pcm_cha,drd_inserts,SKT0C11,35,276612.0,transactions
correlation-redis-set-cores2,pcm_cha,drd_inserts,SKT0C11,36,276399.0,transactions
correlation-redis-set-cores2,pcm_cha,drd_inserts,SKT0C11,37,275714.0,transactions
correlation-redis-set-cores2,pcm_cha,drd_inserts,SKT0C11,38,275342.0,transactions
correlation-redis-set-cores2,pcm_cha,drd_inserts,SKT0C11,39,276882.0,transactions
correlation-redis-set-cores2,pcm_cha,drd_inserts,SKT0C11,40,279689.0,transactions
correlation-redis-set-cores2,pcm_cha,drd_inserts,SKT0C11,41,279032.0,transactions
correlation-redis-set-cores2,pcm_cha,drd_inserts,SKT0C11,42,279686.0,transactions
correlation-redis-set-cores2,pcm_cha,drd_inserts,SKT0C11,43,285760.0,transactions
correlation-redis-set-cores2,pcm_cha,drd_inserts,SKT0C11,44,275768.0,transactions
correlation-redis-set-cores2,pcm_cha,drd_inserts,SKT0C11,45,276615.0,transactions
correlation-redis-set-cores2,pcm_cha,drd_inserts,SKT0C11,46,275089.0,transactions
correlation-redis-set-cores2,pcm_cha,drd_inserts,SKT0C11,47,276675.0,transactions
correlation-redis-set-cores2,pcm_cha,drd_inserts,SKT0C11,48,276844.0,transactions
correlation-redis-set-cores2,pcm_cha,drd_inserts,SKT0C11,49,278367.0,transactions
correlation-redis-set-cores2,pcm_cha,drd_inserts,SKT0C11,50,282523.0,transactions
correlation-redis-set-cores2,pcm_cha,drd_inserts,SKT0C11,51,275551.0,transactions
correlation-redis-set-cores2,pcm_cha,drd_inserts,SKT0C11,52,276007.0,transactions
correlation-redis-set-cores2,pcm_cha,drd_inserts,SKT0C11,53,276145.0,transactions
correlation-redis-set-cores2,pcm_cha,drd_inserts,SKT0C11,54,275271.0,transactions
correlation-redis-set-cores2,pcm_cha,drd_inserts,SKT0C11,55,275068.0,transactions
correlation-redis-set-cores2,pcm_cha,drd_inserts,SKT0C11,56,275456.0,transactions
correlation-redis-set-cores2,pcm_cha,drd_inserts,SKT0C11,57,274168.0,transactions
correlation-redis-set-cores2,pcm_cha,drd_inserts,SKT0C11,58,275271.0,transactions
correlation-redis-set-cores2,pcm_cha,drd_inserts,SKT0C11,59,277022.0,transactions
correlation-redis-set-cores2,pcm_cha,drd_inserts,SKT0C12,0,276624.0,transactions
correlation-redis-set-cores2,pcm_cha,drd_inserts,SKT0C12,1,276676.0,transactions
correlation-redis-set-cores2,pcm_cha,drd_inserts,SKT0C12,2,276784.0,transactions
correlation-redis-set-cores2,pcm_cha,drd_inserts,SKT0C12,3,277579.0,transactions
correlation-redis-set-cores2,pcm_cha,drd_inserts,SKT0C12,4,276543.0,transactions
correlation-redis-set-cores2,pcm_cha,drd_inserts,SKT0C12,5,275589.0,transactions
correlation-redis-set-cores2,pcm_cha,drd_inserts,SKT0C12,6,278224.0,transactions
correlation-redis-set-cores2,pcm_cha,drd_inserts,SKT0C12,7,284023.0,transactions
correlation-redis-set-cores2,pcm_cha,drd_inserts,SKT0C12,8,277694.0,transactions
correlation-redis-set-cores2,pcm_cha,drd_inserts,SKT0C12,9,279560.0,transactions
correlation-redis-set-cores2,pcm_cha,drd_inserts,SKT0C12,10,286567.0,transactions
correlation-redis-set-cores2,pcm_cha,drd_inserts,SKT0C12,11,277295.0,transactions
correlation-redis-set-cores2,pcm_cha,drd_inserts,SKT0C12,12,276099.0,transactions
correlation-redis-set-cores2,pcm_cha,drd_inserts,SKT0C12,13,276234.0,transactions
correlation-redis-set-cores2,pcm_cha,drd_inserts,SKT0C12,14,276579.0,transactions
correlation-redis-set-cores2,pcm_cha,drd_inserts,SKT0C12,15,277131.0,transactions
correlation-redis-set-cores2,pcm_cha,drd_inserts,SKT0C12,16,277561.0,transactions
correlation-redis-set-cores2,pcm_cha,drd_inserts,SKT0C12,17,276156.0,transactions
correlation-redis-set-cores2,pcm_cha,drd_inserts,SKT0C12,18,277786.0,transactions
correlation-redis-set-cores2,pcm_cha,drd_inserts,SKT0C12,19,277720.0,transactions
correlation-redis-set-cores2,pcm_cha,drd_inserts,SKT0C12,20,285123.0,transactions
correlation-redis-set-cores2,pcm_cha,drd_inserts,SKT0C12,21,276070.0,transactions
correlation-redis-set-cores2,pcm_cha,drd_inserts,SKT0C12,22,275995.0,transactions
correlation-redis-set-cores2,pcm_cha,drd_inserts,SKT0C12,23,276329.0,transactions
correlation-redis-set-cores2,pcm_cha,drd_inserts,SKT0C12,24,276642.0,transactions
correlation-redis-set-cores2,pcm_cha,drd_inserts,SKT0C12,25,276503.0,transactions
correlation-redis-set-cores2,pcm_cha,drd_inserts,SKT0C12,26,276761.0,transactions
correlation-redis-set-cores2,pcm_cha,drd_inserts,SKT0C12,27,277392.0,transactions
correlation-redis-set-cores2,pcm_cha,drd_inserts,SKT0C12,28,275929.0,transactions
correlation-redis-set-cores2,pcm_cha,drd_inserts,SKT0C12,29,277314.0,transactions
correlation-redis-set-cores2,pcm_cha,drd_inserts,SKT0C12,30,277790.0,transactions
correlation-redis-set-cores2,pcm_cha,drd_inserts,SKT0C12,31,277983.0,transactions
correlation-redis-set-cores2,pcm_cha,drd_inserts,SKT0C12,32,276295.0,transactions
correlation-redis-set-cores2,pcm_cha,drd_inserts,SKT0C12,33,277395.0,transactions
correlation-redis-set-cores2,pcm_cha,drd_inserts,SKT0C12,34,277059.0,transactions
correlation-redis-set-cores2,pcm_cha,drd_inserts,SKT0C12,35,276530.0,transactions
correlation-redis-set-cores2,pcm_cha,drd_inserts,SKT0C12,36,276309.0,transactions
correlation-redis-set-cores2,pcm_cha,drd_inserts,SKT0C12,37,276536.0,transactions
correlation-redis-set-cores2,pcm_cha,drd_inserts,SKT0C12,38,276317.0,transactions
correlation-redis-set-cores2,pcm_cha,drd_inserts,SKT0C12,39,277646.0,transactions
correlation-redis-set-cores2,pcm_cha,drd_inserts,SKT0C12,40,281075.0,transactions
correlation-redis-set-cores2,pcm_cha,drd_inserts,SKT0C12,41,279589.0,transactions
correlation-redis-set-cores2,pcm_cha,drd_inserts,SKT0C12,42,280797.0,transactions
correlation-redis-set-cores2,pcm_cha,drd_inserts,SKT0C12,43,286225.0,transactions
correlation-redis-set-cores2,pcm_cha,drd_inserts,SKT0C12,44,275732.0,transactions
correlation-redis-set-cores2,pcm_cha,drd_inserts,SKT0C12,45,276128.0,transactions
correlation-redis-set-cores2,pcm_cha,drd_inserts,SKT0C12,46,275288.0,transactions
correlation-redis-set-cores2,pcm_cha,drd_inserts,SKT0C12,47,275933.0,transactions
correlation-redis-set-cores2,pcm_cha,drd_inserts,SKT0C12,48,275097.0,transactions
correlation-redis-set-cores2,pcm_cha,drd_inserts,SKT0C12,49,279161.0,transactions
correlation-redis-set-cores2,pcm_cha,drd_inserts,SKT0C12,50,283758.0,transactions
correlation-redis-set-cores2,pcm_cha,drd_inserts,SKT0C12,51,277465.0,transactions
correlation-redis-set-cores2,pcm_cha,drd_inserts,SKT0C12,52,276477.0,transactions
correlation-redis-set-cores2,pcm_cha,drd_inserts,SKT0C12,53,274662.0,transactions
correlation-redis-set-cores2,pcm_cha,drd_inserts,SKT0C12,54,275898.0,transactions
correlation-redis-set-cores2,pcm_cha,drd_inserts,SKT0C12,55,275669.0,transactions
correlation-redis-set-cores2,pcm_cha,drd_inserts,SKT0C12,56,277239.0,transactions
correlation-redis-set-cores2,pcm_cha,drd_inserts,SKT0C12,57,276345.0,transactions
correlation-redis-set-cores2,pcm_cha,drd_inserts,SKT0C12,58,276804.0,transactions
correlation-redis-set-cores2,pcm_cha,drd_inserts,SKT0C12,59,278041.0,transactions
correlation-redis-set-cores2,pcm_cha,drd_inserts,SKT0C13,0,276639.0,transactions
correlation-redis-set-cores2,pcm_cha,drd_inserts,SKT0C13,1,275494.0,transactions
correlation-redis-set-cores2,pcm_cha,drd_inserts,SKT0C13,2,276128.0,transactions
correlation-redis-set-cores2,pcm_cha,drd_inserts,SKT0C13,3,276276.0,transactions
correlation-redis-set-cores2,pcm_cha,drd_inserts,SKT0C13,4,274836.0,transactions
correlation-redis-set-cores2,pcm_cha,drd_inserts,SKT0C13,5,274634.0,transactions
correlation-redis-set-cores2,pcm_cha,drd_inserts,SKT0C13,6,277551.0,transactions
correlation-redis-set-cores2,pcm_cha,drd_inserts,SKT0C13,7,284615.0,transactions
correlation-redis-set-cores2,pcm_cha,drd_inserts,SKT0C13,8,277634.0,transactions
correlation-redis-set-cores2,pcm_cha,drd_inserts,SKT0C13,9,279066.0,transactions
correlation-redis-set-cores2,pcm_cha,drd_inserts,SKT0C13,10,286329.0,transactions
correlation-redis-set-cores2,pcm_cha,drd_inserts,SKT0C13,11,276980.0,transactions
correlation-redis-set-cores2,pcm_cha,drd_inserts,SKT0C13,12,275341.0,transactions
correlation-redis-set-cores2,pcm_cha,drd_inserts,SKT0C13,13,275131.0,transactions
correlation-redis-set-cores2,pcm_cha,drd_inserts,SKT0C13,14,276430.0,transactions
correlation-redis-set-cores2,pcm_cha,drd_inserts,SKT0C13,15,277209.0,transactions
correlation-redis-set-cores2,pcm_cha,drd_inserts,SKT0C13,16,276621.0,transactions
correlation-redis-set-cores2,pcm_cha,drd_inserts,SKT0C13,17,275722.0,transactions
correlation-redis-set-cores2,pcm_cha,drd_inserts,SKT0C13,18,276950.0,transactions
correlation-redis-set-cores2,pcm_cha,drd_inserts,SKT0C13,19,276791.0,transactions
correlation-redis-set-cores2,pcm_cha,drd_inserts,SKT0C13,20,283457.0,transactions
correlation-redis-set-cores2,pcm_cha,drd_inserts,SKT0C13,21,275516.0,transactions
correlation-redis-set-cores2,pcm_cha,drd_inserts,SKT0C13,22,275942.0,transactions
correlation-redis-set-cores2,pcm_cha,drd_inserts,SKT0C13,23,276604.0,transactions
correlation-redis-set-cores2,pcm_cha,drd_inserts,SKT0C13,24,275761.0,transactions
correlation-redis-set-cores2,pcm_cha,drd_inserts,SKT0C13,25,276260.0,transactions
correlation-redis-set-cores2,pcm_cha,drd_inserts,SKT0C13,26,277008.0,transactions
correlation-redis-set-cores2,pcm_cha,drd_inserts,SKT0C13,27,275682.0,transactions
correlation-redis-set-cores2,pcm_cha,drd_inserts,SKT0C13,28,276632.0,transactions
correlation-redis-set-cores2,pcm_cha,drd_inserts,SKT0C13,29,277079.0,transactions
correlation-redis-set-cores2,pcm_cha,drd_inserts,SKT0C13,30,276193.0,transactions
correlation-redis-set-cores2,pcm_cha,drd_inserts,SKT0C13,31,277448.0,transactions
correlation-redis-set-cores2,pcm_cha,drd_inserts,SKT0C13,32,275358.0,transactions
correlation-redis-set-cores2,pcm_cha,drd_inserts,SKT0C13,33,277875.0,transactions
correlation-redis-set-cores2,pcm_cha,drd_inserts,SKT0C13,34,276793.0,transactions
correlation-redis-set-cores2,pcm_cha,drd_inserts,SKT0C13,35,275831.0,transactions
correlation-redis-set-cores2,pcm_cha,drd_inserts,SKT0C13,36,275449.0,transactions
correlation-redis-set-cores2,pcm_cha,drd_inserts,SKT0C13,37,275977.0,transactions
correlation-redis-set-cores2,pcm_cha,drd_inserts,SKT0C13,38,275261.0,transactions
correlation-redis-set-cores2,pcm_cha,drd_inserts,SKT0C13,39,276454.0,transactions
correlation-redis-set-cores2,pcm_cha,drd_inserts,SKT0C13,40,279930.0,transactions
correlation-redis-set-cores2,pcm_cha,drd_inserts,SKT0C13,41,278872.0,transactions
correlation-redis-set-cores2,pcm_cha,drd_inserts,SKT0C13,42,279943.0,transactions
correlation-redis-set-cores2,pcm_cha,drd_inserts,SKT0C13,43,285597.0,transactions
correlation-redis-set-cores2,pcm_cha,drd_inserts,SKT0C13,44,275961.0,transactions
correlation-redis-set-cores2,pcm_cha,drd_inserts,SKT0C13,45,275335.0,transactions
correlation-redis-set-cores2,pcm_cha,drd_inserts,SKT0C13,46,275373.0,transactions
correlation-redis-set-cores2,pcm_cha,drd_inserts,SKT0C13,47,274870.0,transactions
correlation-redis-set-cores2,pcm_cha,drd_inserts,SKT0C13,48,274350.0,transactions
correlation-redis-set-cores2,pcm_cha,drd_inserts,SKT0C13,49,277918.0,transactions
correlation-redis-set-cores2,pcm_cha,drd_inserts,SKT0C13,50,282402.0,transactions
correlation-redis-set-cores2,pcm_cha,drd_inserts,SKT0C13,51,276419.0,transactions
correlation-redis-set-cores2,pcm_cha,drd_inserts,SKT0C13,52,275213.0,transactions
correlation-redis-set-cores2,pcm_cha,drd_inserts,SKT0C13,53,275208.0,transactions
correlation-redis-set-cores2,pcm_cha,drd_inserts,SKT0C13,54,274483.0,transactions
correlation-redis-set-cores2,pcm_cha,drd_inserts,SKT0C13,55,275725.0,transactions
correlation-redis-set-cores2,pcm_cha,drd_inserts,SKT0C13,56,276796.0,transactions
correlation-redis-set-cores2,pcm_cha,drd_inserts,SKT0C13,57,274875.0,transactions
correlation-redis-set-cores2,pcm_cha,drd_inserts,SKT0C13,58,275395.0,transactions
correlation-redis-set-cores2,pcm_cha,drd_inserts,SKT0C13,59,276860.0,transactions
correlation-redis-set-cores2,pcm_cha,drd_inserts,SKT0C14,0,277147.0,transactions
correlation-redis-set-cores2,pcm_cha,drd_inserts,SKT0C14,1,276008.0,transactions
correlation-redis-set-cores2,pcm_cha,drd_inserts,SKT0C14,2,276734.0,transactions
correlation-redis-set-cores2,pcm_cha,drd_inserts,SKT0C14,3,276543.0,transactions
correlation-redis-set-cores2,pcm_cha,drd_inserts,SKT0C14,4,276509.0,transactions
correlation-redis-set-cores2,pcm_cha,drd_inserts,SKT0C14,5,275904.0,transactions
correlation-redis-set-cores2,pcm_cha,drd_inserts,SKT0C14,6,279398.0,transactions
correlation-redis-set-cores2,pcm_cha,drd_inserts,SKT0C14,7,285873.0,transactions
correlation-redis-set-cores2,pcm_cha,drd_inserts,SKT0C14,8,278189.0,transactions
correlation-redis-set-cores2,pcm_cha,drd_inserts,SKT0C14,9,281211.0,transactions
correlation-redis-set-cores2,pcm_cha,drd_inserts,SKT0C14,10,286249.0,transactions
correlation-redis-set-cores2,pcm_cha,drd_inserts,SKT0C14,11,277066.0,transactions
correlation-redis-set-cores2,pcm_cha,drd_inserts,SKT0C14,12,276360.0,transactions
correlation-redis-set-cores2,pcm_cha,drd_inserts,SKT0C14,13,276635.0,transactions
correlation-redis-set-cores2,pcm_cha,drd_inserts,SKT0C14,14,277875.0,transactions
correlation-redis-set-cores2,pcm_cha,drd_inserts,SKT0C14,15,277902.0,transactions
correlation-redis-set-cores2,pcm_cha,drd_inserts,SKT0C14,16,276508.0,transactions
correlation-redis-set-cores2,pcm_cha,drd_inserts,SKT0C14,17,277448.0,transactions
correlation-redis-set-cores2,pcm_cha,drd_inserts,SKT0C14,18,277115.0,transactions
correlation-redis-set-cores2,pcm_cha,drd_inserts,SKT0C14,19,277033.0,transactions
correlation-redis-set-cores2,pcm_cha,drd_inserts,SKT0C14,20,283782.0,transactions
correlation-redis-set-cores2,pcm_cha,drd_inserts,SKT0C14,21,275304.0,transactions
correlation-redis-set-cores2,pcm_cha,drd_inserts,SKT0C14,22,277801.0,transactions
correlation-redis-set-cores2,pcm_cha,drd_inserts,SKT0C14,23,277956.0,transactions
correlation-redis-set-cores2,pcm_cha,drd_inserts,SKT0C14,24,275290.0,transactions
correlation-redis-set-cores2,pcm_cha,drd_inserts,SKT0C14,25,277049.0,transactions
correlation-redis-set-cores2,pcm_cha,drd_inserts,SKT0C14,26,277923.0,transactions
correlation-redis-set-cores2,pcm_cha,drd_inserts,SKT0C14,27,278505.0,transactions
correlation-redis-set-cores2,pcm_cha,drd_inserts,SKT0C14,28,277150.0,transactions
correlation-redis-set-cores2,pcm_cha,drd_inserts,SKT0C14,29,278386.0,transactions
correlation-redis-set-cores2,pcm_cha,drd_inserts,SKT0C14,30,277522.0,transactions
correlation-redis-set-cores2,pcm_cha,drd_inserts,SKT0C14,31,277284.0,transactions
correlation-redis-set-cores2,pcm_cha,drd_inserts,SKT0C14,32,276408.0,transactions
correlation-redis-set-cores2,pcm_cha,drd_inserts,SKT0C14,33,277674.0,transactions
correlation-redis-set-cores2,pcm_cha,drd_inserts,SKT0C14,34,277299.0,transactions
correlation-redis-set-cores2,pcm_cha,drd_inserts,SKT0C14,35,277689.0,transactions
correlation-redis-set-cores2,pcm_cha,drd_inserts,SKT0C14,36,276718.0,transactions
correlation-redis-set-cores2,pcm_cha,drd_inserts,SKT0C14,37,276694.0,transactions
correlation-redis-set-cores2,pcm_cha,drd_inserts,SKT0C14,38,276505.0,transactions
correlation-redis-set-cores2,pcm_cha,drd_inserts,SKT0C14,39,277108.0,transactions
correlation-redis-set-cores2,pcm_cha,drd_inserts,SKT0C14,40,281913.0,transactions
correlation-redis-set-cores2,pcm_cha,drd_inserts,SKT0C14,41,280293.0,transactions
correlation-redis-set-cores2,pcm_cha,drd_inserts,SKT0C14,42,280430.0,transactions
correlation-redis-set-cores2,pcm_cha,drd_inserts,SKT0C14,43,285539.0,transactions
correlation-redis-set-cores2,pcm_cha,drd_inserts,SKT0C14,44,277928.0,transactions
correlation-redis-set-cores2,pcm_cha,drd_inserts,SKT0C14,45,276074.0,transactions
correlation-redis-set-cores2,pcm_cha,drd_inserts,SKT0C14,46,276199.0,transactions
correlation-redis-set-cores2,pcm_cha,drd_inserts,SKT0C14,47,276565.0,transactions
correlation-redis-set-cores2,pcm_cha,drd_inserts,SKT0C14,48,276774.0,transactions
correlation-redis-set-cores2,pcm_cha,drd_inserts,SKT0C14,49,277870.0,transactions
correlation-redis-set-cores2,pcm_cha,drd_inserts,SKT0C14,50,284412.0,transactions
correlation-redis-set-cores2,pcm_cha,drd_inserts,SKT0C14,51,276634.0,transactions
correlation-redis-set-cores2,pcm_cha,drd_inserts,SKT0C14,52,276776.0,transactions
correlation-redis-set-cores2,pcm_cha,drd_inserts,SKT0C14,53,276870.0,transactions
correlation-redis-set-cores2,pcm_cha,drd_inserts,SKT0C14,54,274955.0,transactions
correlation-redis-set-cores2,pcm_cha,drd_inserts,SKT0C14,55,276184.0,transactions
correlation-redis-set-cores2,pcm_cha,drd_inserts,SKT0C14,56,276843.0,transactions
correlation-redis-set-cores2,pcm_cha,drd_inserts,SKT0C14,57,275200.0,transactions
correlation-redis-set-cores2,pcm_cha,drd_inserts,SKT0C14,58,275430.0,transactions
correlation-redis-set-cores2,pcm_cha,drd_inserts,SKT0C14,59,276873.0,transactions
correlation-redis-set-cores2,pcm_cha,drd_inserts,SKT0C15,0,278084.0,transactions
correlation-redis-set-cores2,pcm_cha,drd_inserts,SKT0C15,1,276921.0,transactions
correlation-redis-set-cores2,pcm_cha,drd_inserts,SKT0C15,2,276196.0,transactions
correlation-redis-set-cores2,pcm_cha,drd_inserts,SKT0C15,3,277466.0,transactions
correlation-redis-set-cores2,pcm_cha,drd_inserts,SKT0C15,4,277496.0,transactions
correlation-redis-set-cores2,pcm_cha,drd_inserts,SKT0C15,5,276046.0,transactions
correlation-redis-set-cores2,pcm_cha,drd_inserts,SKT0C15,6,279238.0,transactions
correlation-redis-set-cores2,pcm_cha,drd_inserts,SKT0C15,7,285161.0,transactions
correlation-redis-set-cores2,pcm_cha,drd_inserts,SKT0C15,8,279097.0,transactions
correlation-redis-set-cores2,pcm_cha,drd_inserts,SKT0C15,9,279948.0,transactions
correlation-redis-set-cores2,pcm_cha,drd_inserts,SKT0C15,10,286649.0,transactions
correlation-redis-set-cores2,pcm_cha,drd_inserts,SKT0C15,11,277243.0,transactions
correlation-redis-set-cores2,pcm_cha,drd_inserts,SKT0C15,12,275646.0,transactions
correlation-redis-set-cores2,pcm_cha,drd_inserts,SKT0C15,13,276628.0,transactions
correlation-redis-set-cores2,pcm_cha,drd_inserts,SKT0C15,14,277170.0,transactions
correlation-redis-set-cores2,pcm_cha,drd_inserts,SKT0C15,15,276907.0,transactions
correlation-redis-set-cores2,pcm_cha,drd_inserts,SKT0C15,16,276896.0,transactions
correlation-redis-set-cores2,pcm_cha,drd_inserts,SKT0C15,17,277417.0,transactions
correlation-redis-set-cores2,pcm_cha,drd_inserts,SKT0C15,18,277332.0,transactions
correlation-redis-set-cores2,pcm_cha,drd_inserts,SKT0C15,19,278760.0,transactions
correlation-redis-set-cores2,pcm_cha,drd_inserts,SKT0C15,20,284489.0,transactions
correlation-redis-set-cores2,pcm_cha,drd_inserts,SKT0C15,21,275572.0,transactions
correlation-redis-set-cores2,pcm_cha,drd_inserts,SKT0C15,22,277306.0,transactions
correlation-redis-set-cores2,pcm_cha,drd_inserts,SKT0C15,23,276790.0,transactions
correlation-redis-set-cores2,pcm_cha,drd_inserts,SKT0C15,24,277577.0,transactions
correlation-redis-set-cores2,pcm_cha,drd_inserts,SKT0C15,25,278106.0,transactions
correlation-redis-set-cores2,pcm_cha,drd_inserts,SKT0C15,26,277941.0,transactions
correlation-redis-set-cores2,pcm_cha,drd_inserts,SKT0C15,27,278801.0,transactions
correlation-redis-set-cores2,pcm_cha,drd_inserts,SKT0C15,28,277964.0,transactions
correlation-redis-set-cores2,pcm_cha,drd_inserts,SKT0C15,29,277471.0,transactions
correlation-redis-set-cores2,pcm_cha,drd_inserts,SKT0C15,30,278419.0,transactions
correlation-redis-set-cores2,pcm_cha,drd_inserts,SKT0C15,31,278530.0,transactions
correlation-redis-set-cores2,pcm_cha,drd_inserts,SKT0C15,32,277265.0,transactions
correlation-redis-set-cores2,pcm_cha,drd_inserts,SKT0C15,33,277910.0,transactions
correlation-redis-set-cores2,pcm_cha,drd_inserts,SKT0C15,34,277462.0,transactions
correlation-redis-set-cores2,pcm_cha,drd_inserts,SKT0C15,35,277283.0,transactions
correlation-redis-set-cores2,pcm_cha,drd_inserts,SKT0C15,36,277294.0,transactions
correlation-redis-set-cores2,pcm_cha,drd_inserts,SKT0C15,37,277222.0,transactions
correlation-redis-set-cores2,pcm_cha,drd_inserts,SKT0C15,38,276422.0,transactions
correlation-redis-set-cores2,pcm_cha,drd_inserts,SKT0C15,39,278276.0,transactions
correlation-redis-set-cores2,pcm_cha,drd_inserts,SKT0C15,40,281977.0,transactions
correlation-redis-set-cores2,pcm_cha,drd_inserts,SKT0C15,41,280842.0,transactions
correlation-redis-set-cores2,pcm_cha,drd_inserts,SKT0C15,42,280607.0,transactions
correlation-redis-set-cores2,pcm_cha,drd_inserts,SKT0C15,43,286106.0,transactions
correlation-redis-set-cores2,pcm_cha,drd_inserts,SKT0C15,44,278149.0,transactions
correlation-redis-set-cores2,pcm_cha,drd_inserts,SKT0C15,45,276605.0,transactions
correlation-redis-set-cores2,pcm_cha,drd_inserts,SKT0C15,46,276157.0,transactions
correlation-redis-set-cores2,pcm_cha,drd_inserts,SKT0C15,47,276904.0,transactions
correlation-redis-set-cores2,pcm_cha,drd_inserts,SKT0C15,48,275955.0,transactions
correlation-redis-set-cores2,pcm_cha,drd_inserts,SKT0C15,49,279247.0,transactions
correlation-redis-set-cores2,pcm_cha,drd_inserts,SKT0C15,50,283610.0,transactions
correlation-redis-set-cores2,pcm_cha,drd_inserts,SKT0C15,51,277302.0,transactions
correlation-redis-set-cores2,pcm_cha,drd_inserts,SKT0C15,52,277087.0,transactions
correlation-redis-set-cores2,pcm_cha,drd_inserts,SKT0C15,53,275979.0,transactions
correlation-redis-set-cores2,pcm_cha,drd_inserts,SKT0C15,54,275215.0,transactions
correlation-redis-set-cores2,pcm_cha,drd_inserts,SKT0C15,55,275937.0,transactions
correlation-redis-set-cores2,pcm_cha,drd_inserts,SKT0C15,56,277200.0,transactions
correlation-redis-set-cores2,pcm_cha,drd_inserts,SKT0C15,57,275156.0,transactions
correlation-redis-set-cores2,pcm_cha,drd_inserts,SKT0C15,58,276367.0,transactions
correlation-redis-set-cores2,pcm_cha,drd_inserts,SKT0C15,59,277721.0,transactions
correlation-redis-set-cores2,pcm_cha,drd_occupancy,SKT0C0,0,0.0081942375,request_seconds
correlation-redis-set-cores2,pcm_cha,drd_occupancy,SKT0C0,1,0.008133188333333333,request_seconds
correlation-redis-set-cores2,pcm_cha,drd_occupancy,SKT0C0,2,0.008151082916666667,request_seconds
correlation-redis-set-cores2,pcm_cha,drd_occupancy,SKT0C0,3,0.008199645833333333,request_seconds
correlation-redis-set-cores2,pcm_cha,drd_occupancy,SKT0C0,4,0.008173692916666666,request_seconds
correlation-redis-set-cores2,pcm_cha,drd_occupancy,SKT0C0,5,0.008125720833333334,request_seconds
correlation-redis-set-cores2,pcm_cha,drd_occupancy,SKT0C0,6,0.008209969166666666,request_seconds
correlation-redis-set-cores2,pcm_cha,drd_occupancy,SKT0C0,7,0.00840424625,request_seconds
correlation-redis-set-cores2,pcm_cha,drd_occupancy,SKT0C0,8,0.008204805,request_seconds
correlation-redis-set-cores2,pcm_cha,drd_occupancy,SKT0C0,9,0.00826830375,request_seconds
correlation-redis-set-cores2,pcm_cha,drd_occupancy,SKT0C0,10,0.008449730833333334,request_seconds
correlation-redis-set-cores2,pcm_cha,drd_occupancy,SKT0C0,11,0.00816369125,request_seconds
correlation-redis-set-cores2,pcm_cha,drd_occupancy,SKT0C0,12,0.008169179583333333,request_seconds
correlation-redis-set-cores2,pcm_cha,drd_occupancy,SKT0C0,13,0.008151557916666666,request_seconds
correlation-redis-set-cores2,pcm_cha,drd_occupancy,SKT0C0,14,0.00817617375,request_seconds
correlation-redis-set-cores2,pcm_cha,drd_occupancy,SKT0C0,15,0.00813899375,request_seconds
correlation-redis-set-cores2,pcm_cha,drd_occupancy,SKT0C0,16,0.008187017916666667,request_seconds
correlation-redis-set-cores2,pcm_cha,drd_occupancy,SKT0C0,17,0.008157135,request_seconds
correlation-redis-set-cores2,pcm_cha,drd_occupancy,SKT0C0,18,0.00816653125,request_seconds
correlation-redis-set-cores2,pcm_cha,drd_occupancy,SKT0C0,19,0.008180905416666667,request_seconds
correlation-redis-set-cores2,pcm_cha,drd_occupancy,SKT0C0,20,0.008394306666666667,request_seconds
correlation-redis-set-cores2,pcm_cha,drd_occupancy,SKT0C0,21,0.008134334166666667,request_seconds
correlation-redis-set-cores2,pcm_cha,drd_occupancy,SKT0C0,22,0.008141840833333334,request_seconds
correlation-redis-set-cores2,pcm_cha,drd_occupancy,SKT0C0,23,0.008182727916666667,request_seconds
correlation-redis-set-cores2,pcm_cha,drd_occupancy,SKT0C0,24,0.008149689166666666,request_seconds
correlation-redis-set-cores2,pcm_cha,drd_occupancy,SKT0C0,25,0.008160312916666667,request_seconds
correlation-redis-set-cores2,pcm_cha,drd_occupancy,SKT0C0,26,0.0081709275,request_seconds
correlation-redis-set-cores2,pcm_cha,drd_occupancy,SKT0C0,27,0.00819518125,request_seconds
correlation-redis-set-cores2,pcm_cha,drd_occupancy,SKT0C0,28,0.008188692083333334,request_seconds
correlation-redis-set-cores2,pcm_cha,drd_occupancy,SKT0C0,29,0.0081895175,request_seconds
correlation-redis-set-cores2,pcm_cha,drd_occupancy,SKT0C0,30,0.008190617916666667,request_seconds
correlation-redis-set-cores2,pcm_cha,drd_occupancy,SKT0C0,31,0.0081654875,request_seconds
correlation-redis-set-cores2,pcm_cha,drd_occupancy,SKT0C0,32,0.008152938333333333,request_seconds
correlation-redis-set-cores2,pcm_cha,drd_occupancy,SKT0C0,33,0.0081955475,request_seconds
correlation-redis-set-cores2,pcm_cha,drd_occupancy,SKT0C0,34,0.008229291666666666,request_seconds
correlation-redis-set-cores2,pcm_cha,drd_occupancy,SKT0C0,35,0.008191481666666667,request_seconds
correlation-redis-set-cores2,pcm_cha,drd_occupancy,SKT0C0,36,0.008171486666666667,request_seconds
correlation-redis-set-cores2,pcm_cha,drd_occupancy,SKT0C0,37,0.008183147083333333,request_seconds
correlation-redis-set-cores2,pcm_cha,drd_occupancy,SKT0C0,38,0.00814788625,request_seconds
correlation-redis-set-cores2,pcm_cha,drd_occupancy,SKT0C0,39,0.008192951666666667,request_seconds
correlation-redis-set-cores2,pcm_cha,drd_occupancy,SKT0C0,40,0.008274025,request_seconds
correlation-redis-set-cores2,pcm_cha,drd_occupancy,SKT0C0,41,0.008242970416666667,request_seconds
correlation-redis-set-cores2,pcm_cha,drd_occupancy,SKT0C0,42,0.00825103,request_seconds
correlation-redis-set-cores2,pcm_cha,drd_occupancy,SKT0C0,43,0.00842774125,request_seconds
correlation-redis-set-cores2,pcm_cha,drd_occupancy,SKT0C0,44,0.008185730416666667,request_seconds
correlation-redis-set-cores2,pcm_cha,drd_occupancy,SKT0C0,45,0.00814224625,request_seconds
correlation-redis-set-cores2,pcm_cha,drd_occupancy,SKT0C0,46,0.008113102916666667,request_seconds
correlation-redis-set-cores2,pcm_cha,drd_occupancy,SKT0C0,47,0.008150185416666667,request_seconds
correlation-redis-set-cores2,pcm_cha,drd_occupancy,SKT0C0,48,0.008140505,request_seconds
correlation-redis-set-cores2,pcm_cha,drd_occupancy,SKT0C0,49,0.008202427083333333,request_seconds
correlation-redis-set-cores2,pcm_cha,drd_occupancy,SKT0C0,50,0.008369017083333333,request_seconds
correlation-redis-set-cores2,pcm_cha,drd_occupancy,SKT0C0,51,0.008163244583333333,request_seconds
correlation-redis-set-cores2,pcm_cha,drd_occupancy,SKT0C0,52,0.008133788333333333,request_seconds
correlation-redis-set-cores2,pcm_cha,drd_occupancy,SKT0C0,53,0.00816357625,request_seconds
correlation-redis-set-cores2,pcm_cha,drd_occupancy,SKT0C0,54,0.008145009583333333,request_seconds
correlation-redis-set-cores2,pcm_cha,drd_occupancy,SKT0C0,55,0.008162520416666666,request_seconds
correlation-redis-set-cores2,pcm_cha,drd_occupancy,SKT0C0,56,0.0081672725,request_seconds
correlation-redis-set-cores2,pcm_cha,drd_occupancy,SKT0C0,57,0.008132254583333333,request_seconds
correlation-redis-set-cores2,pcm_cha,drd_occupancy,SKT0C0,58,0.008197420833333333,request_seconds
correlation-redis-set-cores2,pcm_cha,drd_occupancy,SKT0C0,59,0.008200201666666667,request_seconds
correlation-redis-set-cores2,pcm_cha,drd_occupancy,SKT0C1,0,0.008310309166666667,request_seconds
correlation-redis-set-cores2,pcm_cha,drd_occupancy,SKT0C1,1,0.008285917083333334,request_seconds
correlation-redis-set-cores2,pcm_cha,drd_occupancy,SKT0C1,2,0.008277482916666667,request_seconds
correlation-redis-set-cores2,pcm_cha,drd_occupancy,SKT0C1,3,0.008303294166666666,request_seconds
correlation-redis-set-cores2,pcm_cha,drd_occupancy,SKT0C1,4,0.00828852625,request_seconds
correlation-redis-set-cores2,pcm_cha,drd_occupancy,SKT0C1,5,0.008271487916666667,request_seconds
correlation-redis-set-cores2,pcm_cha,drd_occupancy,SKT0C1,6,0.008377662916666667,request_seconds
correlation-redis-set-cores2,pcm_cha,drd_occupancy,SKT0C1,7,0.00855567125,request_seconds
correlation-redis-set-cores2,pcm_cha,drd_occupancy,SKT0C1,8,0.008325035416666666,request_seconds
correlation-redis-set-cores2,pcm_cha,drd_occupancy,SKT0C1,9,0.008406000833333333,request_seconds
correlation-redis-set-cores2,pcm_cha,drd_occupancy,SKT0C1,10,0.008596304583333334,request_seconds
correlation-redis-set-cores2,pcm_cha,drd_occupancy,SKT0C1,11,0.008297835416666666,request_seconds
correlation-redis-set-cores2,pcm_cha,drd_occupancy,SKT0C1,12,0.00829857875,request_seconds
correlation-redis-set-cores2,pcm_cha,drd_occupancy,SKT0C1,13,0.00828067125,request_seconds
correlation-redis-set-cores2,pcm_cha,drd_occupancy,SKT0C1,14,0.008287709166666667,request_seconds
correlation-redis-set-cores2,pcm_cha,drd_occupancy,SKT0C1,15,0.008322768333333333,request_seconds
correlation-redis-set-cores2,pcm_cha,drd_occupancy,SKT0C1,16,0.008320659166666666,request_seconds
correlation-redis-set-cores2,pcm_cha,drd_occupancy,SKT0C1,17,0.0082986025,request_seconds
correlation-redis-set-cores2,pcm_cha,drd_occupancy,SKT0C1,18,0.00829520875,request_seconds
correlation-redis-set-cores2,pcm_cha,drd_occupancy,SKT0C1,19,0.008314416666666666,request_seconds
correlation-redis-set-cores2,pcm_cha,drd_occupancy,SKT0C1,20,0.008535917916666667,request_seconds
correlation-redis-set-cores2,pcm_cha,drd_occupancy,SKT0C1,21,0.00826597375,request_seconds
correlation-redis-set-cores2,pcm_cha,drd_occupancy,SKT0C1,22,0.008290674583333333,request_seconds
correlation-redis-set-cores2,pcm_cha,drd_occupancy,SKT0C1,23,0.008278578333333333,request_seconds
correlation-redis-set-cores2,pcm_cha,drd_occupancy,SKT0C1,24,0.008273622083333333,request_seconds
correlation-redis-set-cores2,pcm_cha,drd_occupancy,SKT0C1,25,0.008310818333333332,request_seconds
correlation-redis-set-cores2,pcm_cha,drd_occupancy,SKT0C1,26,0.0083439575,request_seconds
correlation-redis-set-cores2,pcm_cha,drd_occupancy,SKT0C1,27,0.00835316375,request_seconds
correlation-redis-set-cores2,pcm_cha,drd_occupancy,SKT0C1,28,0.008320173333333333,request_seconds
correlation-redis-set-cores2,pcm_cha,drd_occupancy,SKT0C1,29,0.008332664583333333,request_seconds
correlation-redis-set-cores2,pcm_cha,drd_occupancy,SKT0C1,30,0.008333486666666667,request_seconds
correlation-redis-set-cores2,pcm_cha,drd_occupancy,SKT0C1,31,0.008334805416666667,request_seconds
correlation-redis-set-cores2,pcm_cha,drd_occupancy,SKT0C1,32,0.008267612916666667,request_seconds
correlation-redis-set-cores2,pcm_cha,drd_occupancy,SKT0C1,33,0.008327957083333334,request_seconds
correlation-redis-set-cores2,pcm_cha,drd_occupancy,SKT0C1,34,0.008358682916666667,request_seconds
correlation-redis-set-cores2,pcm_cha,drd_occupancy,SKT0C1,35,0.008312427916666667,request_seconds
correlation-redis-set-cores2,pcm_cha,drd_occupancy,SKT0C1,36,0.008295191666666667,request_seconds
correlation-redis-set-cores2,pcm_cha,drd_occupancy,SKT0C1,37,0.00830620625,request_seconds
correlation-redis-set-cores2,pcm_cha,drd_occupancy,SKT0C1,38,0.008287510833333333,request_seconds
correlation-redis-set-cores2,pcm_cha,drd_occupancy,SKT0C1,39,0.008325328333333333,request_seconds
correlation-redis-set-cores2,pcm_cha,drd_occupancy,SKT0C1,40,0.008401515833333333,request_seconds
correlation-redis-set-cores2,pcm_cha,drd_occupancy,SKT0C1,41,0.008377959166666667,request_seconds
correlation-redis-set-cores2,pcm_cha,drd_occupancy,SKT0C1,42,0.008397615833333334,request_seconds
correlation-redis-set-cores2,pcm_cha,drd_occupancy,SKT0C1,43,0.00856687,request_seconds
correlation-redis-set-cores2,pcm_cha,drd_occupancy,SKT0C1,44,0.0083230875,request_seconds
correlation-redis-set-cores2,pcm_cha,drd_occupancy,SKT0C1,45,0.0082804175,request_seconds
correlation-redis-set-cores2,pcm_cha,drd_occupancy,SKT0C1,46,0.008232584166666666,request_seconds
correlation-redis-set-cores2,pcm_cha,drd_occupancy,SKT0C1,47,0.008293891666666667,request_seconds
correlation-redis-set-cores2,pcm_cha,drd_occupancy,SKT0C1,48,0.008263877083333333,request_seconds
correlation-redis-set-cores2,pcm_cha,drd_occupancy,SKT0C1,49,0.008357135416666666,request_seconds
correlation-redis-set-cores2,pcm_cha,drd_occupancy,SKT0C1,50,0.00855351,request_seconds
correlation-redis-set-cores2,pcm_cha,drd_occupancy,SKT0C1,51,0.00828495125,request_seconds
correlation-redis-set-cores2,pcm_cha,drd_occupancy,SKT0C1,52,0.00828966625,request_seconds
correlation-redis-set-cores2,pcm_cha,drd_occupancy,SKT0C1,53,0.0082786325,request_seconds
correlation-redis-set-cores2,pcm_cha,drd_occupancy,SKT0C1,54,0.008269729583333333,request_seconds
correlation-redis-set-cores2,pcm_cha,drd_occupancy,SKT0C1,55,0.00828063125,request_seconds
correlation-redis-set-cores2,pcm_cha,drd_occupancy,SKT0C1,56,0.008322799166666667,request_seconds
correlation-redis-set-cores2,pcm_cha,drd_occupancy,SKT0C1,57,0.008286957083333333,request_seconds
correlation-redis-set-cores2,pcm_cha,drd_occupancy,SKT0C1,58,0.00828768875,request_seconds
correlation-redis-set-cores2,pcm_cha,drd_occupancy,SKT0C1,59,0.008332204583333334,request_seconds
correlation-redis-set-cores2,pcm_cha,drd_occupancy,SKT0C2,0,0.00818880125,request_seconds
correlation-redis-set-cores2,pcm_cha,drd_occupancy,SKT0C2,1,0.008160253333333334,request_seconds
correlation-redis-set-cores2,pcm_cha,drd_occupancy,SKT0C2,2,0.008145395,request_seconds
correlation-redis-set-cores2,pcm_cha,drd_occupancy,SKT0C2,3,0.008137506666666667,request_seconds
correlation-redis-set-cores2,pcm_cha,drd_occupancy,SKT0C2,4,0.008135879583333333,request_seconds
correlation-redis-set-cores2,pcm_cha,drd_occupancy,SKT0C2,5,0.00813573375,request_seconds
correlation-redis-set-cores2,pcm_cha,drd_occupancy,SKT0C2,6,0.008248819166666666,request_seconds
correlation-redis-set-cores2,pcm_cha,drd_occupancy,SKT0C2,7,0.008423993333333333,request_seconds
correlation-redis-set-cores2,pcm_cha,drd_occupancy,SKT0C2,8,0.008218377916666667,request_seconds
correlation-redis-set-cores2,pcm_cha,drd_occupancy,SKT0C2,9,0.00830478875,request_seconds
correlation-redis-set-cores2,pcm_cha,drd_occupancy,SKT0C2,10,0.008452289166666667,request_seconds
correlation-redis-set-cores2,pcm_cha,drd_occupancy,SKT0C2,11,0.0081929,request_seconds
correlation-redis-set-cores2,pcm_cha,drd_occupancy,SKT0C2,12,0.00816467875,request_seconds
correlation-redis-set-cores2,pcm_cha,drd_occupancy,SKT0C2,13,0.008156777916666667,request_seconds
correlation-redis-set-cores2,pcm_cha,drd_occupancy,SKT0C2,14,0.008193130833333333,request_seconds
correlation-redis-set-cores2,pcm_cha,drd_occupancy,SKT0C2,15,0.008196604166666666,request_seconds
correlation-redis-set-cores2,pcm_cha,drd_occupancy,SKT0C2,16,0.008179769166666667,request_seconds
correlation-redis-set-cores2,pcm_cha,drd_occupancy,SKT0C2,17,0.008158670416666666,request_seconds
correlation-redis-set-cores2,pcm_cha,drd_occupancy,SKT0C2,18,0.008198334166666666,request_seconds
correlation-redis-set-cores2,pcm_cha,drd_occupancy,SKT0C2,19,0.008227764583333333,request_seconds
correlation-redis-set-cores2,pcm_cha,drd_occupancy,SKT0C2,20,0.00845097125,request_seconds
correlation-redis-set-cores2,pcm_cha,drd_occupancy,SKT0C2,21,0.008162218333333334,request_seconds
correlation-redis-set-cores2,pcm_cha,drd_occupancy,SKT0C2,22,0.008176578333333333,request_seconds
correlation-redis-set-cores2,pcm_cha,drd_occupancy,SKT0C2,23,0.008182636666666666,request_seconds
correlation-redis-set-cores2,pcm_cha,drd_occupancy,SKT0C2,24,0.00814912875,request_seconds
correlation-redis-set-cores2,pcm_cha,drd_occupancy,SKT0C2,25,0.008179224166666667,request_seconds
correlation-redis-set-cores2,pcm_cha,drd_occupancy,SKT0C2,26,0.008200753333333333,request_seconds
correlation-redis-set-cores2,pcm_cha,drd_occupancy,SKT0C2,27,0.008195990833333333,request_seconds
correlation-redis-set-cores2,pcm_cha,drd_occupancy,SKT0C2,28,0.0081607275,request_seconds
correlation-redis-set-cores2,pcm_cha,drd_occupancy,SKT0C2,29,0.0082249625,request_seconds
correlation-redis-set-cores2,pcm_cha,drd_occupancy,SKT0C2,30,0.008178316666666666,request_seconds
correlation-redis-set-cores2,pcm_cha,drd_occupancy,SKT0C2,31,0.00820478625,request_seconds
correlation-redis-set-cores2,pcm_cha,drd_occupancy,SKT0C2,32,0.00818671375,request_seconds
correlation-redis-set-cores2,pcm_cha,drd_occupancy,SKT0C2,33,0.00822468375,request_seconds
correlation-redis-set-cores2,pcm_cha,drd_occupancy,SKT0C2,34,0.0082153,request_seconds
correlation-redis-set-cores2,pcm_cha,drd_occupancy,SKT0C2,35,0.008157953333333334,request_seconds
correlation-redis-set-cores2,pcm_cha,drd_occupancy,SKT0C2,36,0.008190623333333334,request_seconds
correlation-redis-set-cores2,pcm_cha,drd_occupancy,SKT0C2,37,0.0081873175,request_seconds
correlation-redis-set-cores2,pcm_cha,drd_occupancy,SKT0C2,38,0.008158888333333333,request_seconds
correlation-redis-set-cores2,pcm_cha,drd_occupancy,SKT0C2,39,0.008212547083333334,request_seconds
correlation-redis-set-cores2,pcm_cha,drd_occupancy,SKT0C2,40,0.008264634583333333,request_seconds
correlation-redis-set-cores2,pcm_cha,drd_occupancy,SKT0C2,41,0.008258024583333334,request_seconds
correlation-redis-set-cores2,pcm_cha,drd_occupancy,SKT0C2,42,0.008271413333333333,request_seconds
correlation-redis-set-cores2,pcm_cha,drd_occupancy,SKT0C2,43,0.008431863333333333,request_seconds
correlation-redis-set-cores2,pcm_cha,drd_occupancy,SKT0C2,44,0.00817745375,request_seconds
correlation-redis-set-cores2,pcm_cha,drd_occupancy,SKT0C2,45,0.008128487916666666,request_seconds
correlation-redis-set-cores2,pcm_cha,drd_occupancy,SKT0C2,46,0.008124612083333333,request_seconds
correlation-redis-set-cores2,pcm_cha,drd_occupancy,SKT0C2,47,0.008174579166666666,request_seconds
correlation-redis-set-cores2,pcm_cha,drd_occupancy,SKT0C2,48,0.008151315416666667,request_seconds
correlation-redis-set-cores2,pcm_cha,drd_occupancy,SKT0C2,49,0.008245139166666667,request_seconds
correlation-redis-set-cores2,pcm_cha,drd_occupancy,SKT0C2,50,0.008369925833333333,request_seconds
correlation-redis-set-cores2,pcm_cha,drd_occupancy,SKT0C2,51,0.008177104583333334,request_seconds
correlation-redis-set-cores2,pcm_cha,drd_occupancy,SKT0C2,52,0.008159945,request_seconds
correlation-redis-set-cores2,pcm_cha,drd_occupancy,SKT0C2,53,0.008172792083333333,request_seconds
correlation-redis-set-cores2,pcm_cha,drd_occupancy,SKT0C2,54,0.008149979583333333,request_seconds
correlation-redis-set-cores2,pcm_cha,drd_occupancy,SKT0C2,55,0.008158616666666667,request_seconds
correlation-redis-set-cores2,pcm_cha,drd_occupancy,SKT0C2,56,0.00819121,request_seconds
correlation-redis-set-cores2,pcm_cha,drd_occupancy,SKT0C2,57,0.00814575125,request_seconds
correlation-redis-set-cores2,pcm_cha,drd_occupancy,SKT0C2,58,0.008179432916666667,request_seconds
correlation-redis-set-cores2,pcm_cha,drd_occupancy,SKT0C2,59,0.008199185833333334,request_seconds
correlation-redis-set-cores2,pcm_cha,drd_occupancy,SKT0C3,0,0.008780299166666667,request_seconds
correlation-redis-set-cores2,pcm_cha,drd_occupancy,SKT0C3,1,0.008744362083333334,request_seconds
correlation-redis-set-cores2,pcm_cha,drd_occupancy,SKT0C3,2,0.008741643333333333,request_seconds
correlation-redis-set-cores2,pcm_cha,drd_occupancy,SKT0C3,3,0.00876217375,request_seconds
correlation-redis-set-cores2,pcm_cha,drd_occupancy,SKT0C3,4,0.008764040416666667,request_seconds
correlation-redis-set-cores2,pcm_cha,drd_occupancy,SKT0C3,5,0.00873942125,request_seconds
correlation-redis-set-cores2,pcm_cha,drd_occupancy,SKT0C3,6,0.008813988333333333,request_seconds
correlation-redis-set-cores2,pcm_cha,drd_occupancy,SKT0C3,7,0.008995320833333334,request_seconds
correlation-redis-set-cores2,pcm_cha,drd_occupancy,SKT0C3,8,0.008819339583333334,request_seconds
correlation-redis-set-cores2,pcm_cha,drd_occupancy,SKT0C3,9,0.00886498125,request_seconds
correlation-redis-set-cores2,pcm_cha,drd_occupancy,SKT0C3,10,0.00903933625,request_seconds
correlation-redis-set-cores2,pcm_cha,drd_occupancy,SKT0C3,11,0.008762089583333334,request_seconds
correlation-redis-set-cores2,pcm_cha,drd_occupancy,SKT0C3,12,0.008753897916666666,request_seconds
correlation-redis-set-cores2,pcm_cha,drd_occupancy,SKT0C3,13,0.008700289583333333,request_seconds
correlation-redis-set-cores2,pcm_cha,drd_occupancy,SKT0C3,14,0.008773140416666667,request_seconds
correlation-redis-set-cores2,pcm_cha,drd_occupancy,SKT0C3,15,0.008765310416666667,request_seconds
correlation-redis-set-cores2,pcm_cha,drd_occupancy,SKT0C3,16,0.008746958333333334,request_seconds
correlation-redis-set-cores2,pcm_cha,drd_occupancy,SKT0C3,17,0.008731275416666667,request_seconds
correlation-redis-set-cores2,pcm_cha,drd_occupancy,SKT0C3,18,0.008771559166666667,request_seconds
correlation-redis-set-cores2,pcm_cha,drd_occupancy,SKT0C3,19,0.00881921375,request_seconds
correlation-redis-set-cores2,pcm_cha,drd_occupancy,SKT0C3,20,0.00900062125,request_seconds
correlation-redis-set-cores2,pcm_cha,drd_occupancy,SKT0C3,21,0.008740173333333334,request_seconds
correlation-redis-set-cores2,pcm_cha,drd_occupancy,SKT0C3,22,0.008770529166666667,request_seconds
correlation-redis-set-cores2,pcm_cha,drd_occupancy,SKT0C3,23,0.008769567083333334,request_seconds
correlation-redis-set-cores2,pcm_cha,drd_occupancy,SKT0C3,24,0.008710822083333333,request_seconds
correlation-redis-set-cores2,pcm_cha,drd_occupancy,SKT0C3,25,0.008765013333333333,request_seconds
correlation-redis-set-cores2,pcm_cha,drd_occupancy,SKT0C3,26,0.008798916666666667,request_seconds
correlation-redis-set-cores2,pcm_cha,drd_occupancy,SKT0C3,27,0.008796679583333333,request_seconds
correlation-redis-set-cores2,pcm_cha,drd_occupancy,SKT0C3,28,0.008773589166666667,request_seconds
correlation-redis-set-cores2,pcm_cha,drd_occupancy,SKT0C3,29,0.008792089583333332,request_seconds
correlation-redis-set-cores2,pcm_cha,drd_occupancy,SKT0C3,30,0.008793695416666667,request_seconds
correlation-redis-set-cores2,pcm_cha,drd_occupancy,SKT0C3,31,0.00878855375,request_seconds
correlation-redis-set-cores2,pcm_cha,drd_occupancy,SKT0C3,32,0.008769902083333333,request_seconds
correlation-redis-set-cores2,pcm_cha,drd_occupancy,SKT0C3,33,0.008790384166666667,request_seconds
correlation-redis-set-cores2,pcm_cha,drd_occupancy,SKT0C3,34,0.008796000833333333,request_seconds
correlation-redis-set-cores2,pcm_cha,drd_occupancy,SKT0C3,35,0.008738417083333333,request_seconds
correlation-redis-set-cores2,pcm_cha,drd_occupancy,SKT0C3,36,0.008779869166666667,request_seconds
correlation-redis-set-cores2,pcm_cha,drd_occupancy,SKT0C3,37,0.008767469583333333,request_seconds
correlation-redis-set-cores2,pcm_cha,drd_occupancy,SKT0C3,38,0.00874838125,request_seconds
correlation-redis-set-cores2,pcm_cha,drd_occupancy,SKT0C3,39,0.008796210833333333,request_seconds
correlation-redis-set-cores2,pcm_cha,drd_occupancy,SKT0C3,40,0.008818595833333333,request_seconds
correlation-redis-set-cores2,pcm_cha,drd_occupancy,SKT0C3,41,0.008839149583333334,request_seconds
correlation-redis-set-cores2,pcm_cha,drd_occupancy,SKT0C3,42,0.008825517083333333,request_seconds
correlation-redis-set-cores2,pcm_cha,drd_occupancy,SKT0C3,43,0.009028681666666667,request_seconds
correlation-redis-set-cores2,pcm_cha,drd_occupancy,SKT0C3,44,0.008739882916666667,request_seconds
correlation-redis-set-cores2,pcm_cha,drd_occupancy,SKT0C3,45,0.008727692083333334,request_seconds
correlation-redis-set-cores2,pcm_cha,drd_occupancy,SKT0C3,46,0.008694849583333334,request_seconds
correlation-redis-set-cores2,pcm_cha,drd_occupancy,SKT0C3,47,0.008740401666666666,request_seconds
correlation-redis-set-cores2,pcm_cha,drd_occupancy,SKT0C3,48,0.008738265833333333,request_seconds
correlation-redis-set-cores2,pcm_cha,drd_occupancy,SKT0C3,49,0.00882792,request_seconds
correlation-redis-set-cores2,pcm_cha,drd_occupancy,SKT0C3,50,0.0089324775,request_seconds
correlation-redis-set-cores2,pcm_cha,drd_occupancy,SKT0C3,51,0.008758199583333333,request_seconds
correlation-redis-set-cores2,pcm_cha,drd_occupancy,SKT0C3,52,0.00874498625,request_seconds
correlation-redis-set-cores2,pcm_cha,drd_occupancy,SKT0C3,53,0.008746798333333333,request_seconds
correlation-redis-set-cores2,pcm_cha,drd_occupancy,SKT0C3,54,0.008760909583333334,request_seconds
correlation-redis-set-cores2,pcm_cha,drd_occupancy,SKT0C3,55,0.00872713875,request_seconds
correlation-redis-set-cores2,pcm_cha,drd_occupancy,SKT0C3,56,0.008729699583333334,request_seconds
correlation-redis-set-cores2,pcm_cha,drd_occupancy,SKT0C3,57,0.008710314166666667,request_seconds
correlation-redis-set-cores2,pcm_cha,drd_occupancy,SKT0C3,58,0.0087508375,request_seconds
correlation-redis-set-cores2,pcm_cha,drd_occupancy,SKT0C3,59,0.008789575833333334,request_seconds
correlation-redis-set-cores2,pcm_cha,drd_occupancy,SKT0C4,0,0.005996668333333333,request_seconds
correlation-redis-set-cores2,pcm_cha,drd_occupancy,SKT0C4,1,0.0060121183333333335,request_seconds
correlation-redis-set-cores2,pcm_cha,drd_occupancy,SKT0C4,2,0.006017661666666667,request_seconds
correlation-redis-set-cores2,pcm_cha,drd_occupancy,SKT0C4,3,0.0060192079166666666,request_seconds
correlation-redis-set-cores2,pcm_cha,drd_occupancy,SKT0C4,4,0.005985289166666667,request_seconds
correlation-redis-set-cores2,pcm_cha,drd_occupancy,SKT0C4,5,0.005987950416666667,request_seconds
correlation-redis-set-cores2,pcm_cha,drd_occupancy,SKT0C4,6,0.006055224166666666,request_seconds
correlation-redis-set-cores2,pcm_cha,drd_occupancy,SKT0C4,7,0.006209569166666666,request_seconds
correlation-redis-set-cores2,pcm_cha,drd_occupancy,SKT0C4,8,0.006037014583333333,request_seconds
correlation-redis-set-cores2,pcm_cha,drd_occupancy,SKT0C4,9,0.006097995833333333,request_seconds
correlation-redis-set-cores2,pcm_cha,drd_occupancy,SKT0C4,10,0.006261641666666666,request_seconds
correlation-redis-set-cores2,pcm_cha,drd_occupancy,SKT0C4,11,0.005995034583333334,request_seconds
correlation-redis-set-cores2,pcm_cha,drd_occupancy,SKT0C4,12,0.00602092375,request_seconds
correlation-redis-set-cores2,pcm_cha,drd_occupancy,SKT0C4,13,0.006021334166666666,request_seconds
correlation-redis-set-cores2,pcm_cha,drd_occupancy,SKT0C4,14,0.0060142479166666665,request_seconds
correlation-redis-set-cores2,pcm_cha,drd_occupancy,SKT0C4,15,0.006014961666666666,request_seconds
correlation-redis-set-cores2,pcm_cha,drd_occupancy,SKT0C4,16,0.006019505,request_seconds
correlation-redis-set-cores2,pcm_cha,drd_occupancy,SKT0C4,17,0.006011945,request_seconds
correlation-redis-set-cores2,pcm_cha,drd_occupancy,SKT0C4,18,0.006035284583333333,request_seconds
correlation-redis-set-cores2,pcm_cha,drd_occupancy,SKT0C4,19,0.006033440833333333,request_seconds
correlation-redis-set-cores2,pcm_cha,drd_occupancy,SKT0C4,20,0.006246575,request_seconds
correlation-redis-set-cores2,pcm_cha,drd_occupancy,SKT0C4,21,0.005984772916666666,request_seconds
correlation-redis-set-cores2,pcm_cha,drd_occupancy,SKT0C4,22,0.00600317125,request_seconds
correlation-redis-set-cores2,pcm_cha,drd_occupancy,SKT0C4,23,0.006026444166666666,request_seconds
correlation-redis-set-cores2,pcm_cha,drd_occupancy,SKT0C4,24,0.00599881875,request_seconds
correlation-redis-set-cores2,pcm_cha,drd_occupancy,SKT0C4,25,0.005987292916666667,request_seconds
correlation-redis-set-cores2,pcm_cha,drd_occupancy,SKT0C4,26,0.00603616875,request_seconds
correlation-redis-set-cores2,pcm_cha,drd_occupancy,SKT0C4,27,0.00605063625,request_seconds
correlation-redis-set-cores2,pcm_cha,drd_occupancy,SKT0C4,28,0.006023776666666667,request_seconds
correlation-redis-set-cores2,pcm_cha,drd_occupancy,SKT0C4,29,0.006059562916666666,request_seconds
correlation-redis-set-cores2,pcm_cha,drd_occupancy,SKT0C4,30,0.00604286375,request_seconds
correlation-redis-set-cores2,pcm_cha,drd_occupancy,SKT0C4,31,0.00604267875,request_seconds
correlation-redis-set-cores2,pcm_cha,drd_occupancy,SKT0C4,32,0.0059865129166666664,request_seconds
correlation-redis-set-cores2,pcm_cha,drd_occupancy,SKT0C4,33,0.0060323629166666665,request_seconds
correlation-redis-set-cores2,pcm_cha,drd_occupancy,SKT0C4,34,0.0060352175,request_seconds
correlation-redis-set-cores2,pcm_cha,drd_occupancy,SKT0C4,35,0.00602324375,request_seconds
correlation-redis-set-cores2,pcm_cha,drd_occupancy,SKT0C4,36,0.0060064183333333335,request_seconds
correlation-redis-set-cores2,pcm_cha,drd_occupancy,SKT0C4,37,0.006008027916666667,request_seconds
correlation-redis-set-cores2,pcm_cha,drd_occupancy,SKT0C4,38,0.0060373883333333335,request_seconds
correlation-redis-set-cores2,pcm_cha,drd_occupancy,SKT0C4,39,0.006052665416666667,request_seconds
correlation-redis-set-cores2,pcm_cha,drd_occupancy,SKT0C4,40,0.006083724166666667,request_seconds
correlation-redis-set-cores2,pcm_cha,drd_occupancy,SKT0C4,41,0.0060890125,request_seconds
correlation-redis-set-cores2,pcm_cha,drd_occupancy,SKT0C4,42,0.006094114583333333,request_seconds
correlation-redis-set-cores2,pcm_cha,drd_occupancy,SKT0C4,43,0.006264035,request_seconds
correlation-redis-set-cores2,pcm_cha,drd_occupancy,SKT0C4,44,0.005996145833333333,request_seconds
correlation-redis-set-cores2,pcm_cha,drd_occupancy,SKT0C4,45,0.005997110416666666,request_seconds
correlation-redis-set-cores2,pcm_cha,drd_occupancy,SKT0C4,46,0.005982835,request_seconds
correlation-redis-set-cores2,pcm_cha,drd_occupancy,SKT0C4,47,0.0059939625,request_seconds
correlation-redis-set-cores2,pcm_cha,drd_occupancy,SKT0C4,48,0.005995854166666667,request_seconds
correlation-redis-set-cores2,pcm_cha,drd_occupancy,SKT0C4,49,0.006087034166666666,request_seconds
correlation-redis-set-cores2,pcm_cha,drd_occupancy,SKT0C4,50,0.0062184225,request_seconds
correlation-redis-set-cores2,pcm_cha,drd_occupancy,SKT0C4,51,0.00602319125,request_seconds
correlation-redis-set-cores2,pcm_cha,drd_occupancy,SKT0C4,52,0.006005930416666667,request_seconds
correlation-redis-set-cores2,pcm_cha,drd_occupancy,SKT0C4,53,0.005995029583333334,request_seconds
correlation-redis-set-cores2,pcm_cha,drd_occupancy,SKT0C4,54,0.00599703625,request_seconds
correlation-redis-set-cores2,pcm_cha,drd_occupancy,SKT0C4,55,0.006023195416666667,request_seconds
correlation-redis-set-cores2,pcm_cha,drd_occupancy,SKT0C4,56,0.006003785416666667,request_seconds
correlation-redis-set-cores2,pcm_cha,drd_occupancy,SKT0C4,57,0.005974020833333333,request_seconds
correlation-redis-set-cores2,pcm_cha,drd_occupancy,SKT0C4,58,0.0059996075,request_seconds
correlation-redis-set-cores2,pcm_cha,drd_occupancy,SKT0C4,59,0.006043647916666666,request_seconds
correlation-redis-set-cores2,pcm_cha,drd_occupancy,SKT0C5,0,0.006820734583333333,request_seconds
correlation-redis-set-cores2,pcm_cha,drd_occupancy,SKT0C5,1,0.006793838333333333,request_seconds
correlation-redis-set-cores2,pcm_cha,drd_occupancy,SKT0C5,2,0.006802152916666667,request_seconds
correlation-redis-set-cores2,pcm_cha,drd_occupancy,SKT0C5,3,0.006837426666666667,request_seconds
correlation-redis-set-cores2,pcm_cha,drd_occupancy,SKT0C5,4,0.006801258333333333,request_seconds
correlation-redis-set-cores2,pcm_cha,drd_occupancy,SKT0C5,5,0.0067735825,request_seconds
correlation-redis-set-cores2,pcm_cha,drd_occupancy,SKT0C5,6,0.006851595416666667,request_seconds
correlation-redis-set-cores2,pcm_cha,drd_occupancy,SKT0C5,7,0.0070590708333333335,request_seconds
correlation-redis-set-cores2,pcm_cha,drd_occupancy,SKT0C5,8,0.00682622375,request_seconds
correlation-redis-set-cores2,pcm_cha,drd_occupancy,SKT0C5,9,0.006917724166666667,request_seconds
correlation-redis-set-cores2,pcm_cha,drd_occupancy,SKT0C5,10,0.0070897991666666665,request_seconds
correlation-redis-set-cores2,pcm_cha,drd_occupancy,SKT0C5,11,0.006806944166666666,request_seconds
correlation-redis-set-cores2,pcm_cha,drd_occupancy,SKT0C5,12,0.006836163333333333,request_seconds
correlation-redis-set-cores2,pcm_cha,drd_occupancy,SKT0C5,13,0.006823047083333333,request_seconds
correlation-redis-set-cores2,pcm_cha,drd_occupancy,SKT0C5,14,0.0068358775,request_seconds
correlation-redis-set-cores2,pcm_cha,drd_occupancy,SKT0C5,15,0.006826622916666666,request_seconds
correlation-redis-set-cores2,pcm_cha,drd_occupancy,SKT0C5,16,0.006816027916666667,request_seconds
correlation-redis-set-cores2,pcm_cha,drd_occupancy,SKT0C5,17,0.006822379583333333,request_seconds
correlation-redis-set-cores2,pcm_cha,drd_occupancy,SKT0C5,18,0.00682859625,request_seconds
correlation-redis-set-cores2,pcm_cha,drd_occupancy,SKT0C5,19,0.006854803333333334,request_seconds
correlation-redis-set-cores2,pcm_cha,drd_occupancy,SKT0C5,20,0.00706924375,request_seconds
correlation-redis-set-cores2,pcm_cha,drd_occupancy,SKT0C5,21,0.0068013725,request_seconds
correlation-redis-set-cores2,pcm_cha,drd_occupancy,SKT0C5,22,0.00681265875,request_seconds
correlation-redis-set-cores2,pcm_cha,drd_occupancy,SKT0C5,23,0.0068145958333333334,request_seconds
correlation-redis-set-cores2,pcm_cha,drd_occupancy,SKT0C5,24,0.006790322083333333,request_seconds
correlation-redis-set-cores2,pcm_cha,drd_occupancy,SKT0C5,25,0.0068156675,request_seconds
correlation-redis-set-cores2,pcm_cha,drd_occupancy,SKT0C5,26,0.006821039166666667,request_seconds
correlation-redis-set-cores2,pcm_cha,drd_occupancy,SKT0C5,27,0.006839715416666667,request_seconds
correlation-redis-set-cores2,pcm_cha,drd_occupancy,SKT0C5,28,0.006848670416666667,request_seconds
correlation-redis-set-cores2,pcm_cha,drd_occupancy,SKT0C5,29,0.006863981666666667,request_seconds
correlation-redis-set-cores2,pcm_cha,drd_occupancy,SKT0C5,30,0.00684379,request_seconds
correlation-redis-set-cores2,pcm_cha,drd_occupancy,SKT0C5,31,0.006853554166666667,request_seconds
correlation-redis-set-cores2,pcm_cha,drd_occupancy,SKT0C5,32,0.00682371125,request_seconds
correlation-redis-set-cores2,pcm_cha,drd_occupancy,SKT0C5,33,0.0068576375,request_seconds
correlation-redis-set-cores2,pcm_cha,drd_occupancy,SKT0C5,34,0.0068200633333333335,request_seconds
correlation-redis-set-cores2,pcm_cha,drd_occupancy,SKT0C5,35,0.006809945833333333,request_seconds
correlation-redis-set-cores2,pcm_cha,drd_occupancy,SKT0C5,36,0.006833727083333334,request_seconds
correlation-redis-set-cores2,pcm_cha,drd_occupancy,SKT0C5,37,0.00681312125,request_seconds
correlation-redis-set-cores2,pcm_cha,drd_occupancy,SKT0C5,38,0.006796984583333334,request_seconds
correlation-redis-set-cores2,pcm_cha,drd_occupancy,SKT0C5,39,0.006856152916666667,request_seconds
correlation-redis-set-cores2,pcm_cha,drd_occupancy,SKT0C5,40,0.006894828333333334,request_seconds
correlation-redis-set-cores2,pcm_cha,drd_occupancy,SKT0C5,41,0.006906321666666666,request_seconds
correlation-redis-set-cores2,pcm_cha,drd_occupancy,SKT0C5,42,0.006917447916666666,request_seconds
correlation-redis-set-cores2,pcm_cha,drd_occupancy,SKT0C5,43,0.0070806545833333335,request_seconds
correlation-redis-set-cores2,pcm_cha,drd_occupancy,SKT0C5,44,0.0068140591666666665,request_seconds
correlation-redis-set-cores2,pcm_cha,drd_occupancy,SKT0C5,45,0.0067880225,request_seconds
correlation-redis-set-cores2,pcm_cha,drd_occupancy,SKT0C5,46,0.0067692025,request_seconds
correlation-redis-set-cores2,pcm_cha,drd_occupancy,SKT0C5,47,0.00679514875,request_seconds
correlation-redis-set-cores2,pcm_cha,drd_occupancy,SKT0C5,48,0.00679438625,request_seconds
correlation-redis-set-cores2,pcm_cha,drd_occupancy,SKT0C5,49,0.006873935416666667,request_seconds
correlation-redis-set-cores2,pcm_cha,drd_occupancy,SKT0C5,50,0.007037793333333334,request_seconds
correlation-redis-set-cores2,pcm_cha,drd_occupancy,SKT0C5,51,0.00684563625,request_seconds
correlation-redis-set-cores2,pcm_cha,drd_occupancy,SKT0C5,52,0.006813404166666667,request_seconds
correlation-redis-set-cores2,pcm_cha,drd_occupancy,SKT0C5,53,0.00681026375,request_seconds
correlation-redis-set-cores2,pcm_cha,drd_occupancy,SKT0C5,54,0.006793677083333333,request_seconds
correlation-redis-set-cores2,pcm_cha,drd_occupancy,SKT0C5,55,0.0067861904166666666,request_seconds
correlation-redis-set-cores2,pcm_cha,drd_occupancy,SKT0C5,56,0.0068013320833333335,request_seconds
correlation-redis-set-cores2,pcm_cha,drd_occupancy,SKT0C5,57,0.0067627216666666665,request_seconds
correlation-redis-set-cores2,pcm_cha,drd_occupancy,SKT0C5,58,0.0068098625,request_seconds
correlation-redis-set-cores2,pcm_cha,drd_occupancy,SKT0C5,59,0.0068397591666666665,request_seconds
correlation-redis-set-cores2,pcm_cha,drd_occupancy,SKT0C6,0,0.008656374583333333,request_seconds
correlation-redis-set-cores2,pcm_cha,drd_occupancy,SKT0C6,1,0.008582882083333333,request_seconds
correlation-redis-set-cores2,pcm_cha,drd_occupancy,SKT0C6,2,0.008636951666666667,request_seconds
correlation-redis-set-cores2,pcm_cha,drd_occupancy,SKT0C6,3,0.008637554583333333,request_seconds
correlation-redis-set-cores2,pcm_cha,drd_occupancy,SKT0C6,4,0.0085779725,request_seconds
correlation-redis-set-cores2,pcm_cha,drd_occupancy,SKT0C6,5,0.008651901666666666,request_seconds
correlation-redis-set-cores2,pcm_cha,drd_occupancy,SKT0C6,6,0.008672890833333334,request_seconds
correlation-redis-set-cores2,pcm_cha,drd_occupancy,SKT0C6,7,0.00887609875,request_seconds
correlation-redis-set-cores2,pcm_cha,drd_occupancy,SKT0C6,8,0.008619795833333334,request_seconds
correlation-redis-set-cores2,pcm_cha,drd_occupancy,SKT0C6,9,0.00869644,request_seconds
correlation-redis-set-cores2,pcm_cha,drd_occupancy,SKT0C6,10,0.008939595833333333,request_seconds
correlation-redis-set-cores2,pcm_cha,drd_occupancy,SKT0C6,11,0.008649055833333334,request_seconds
correlation-redis-set-cores2,pcm_cha,drd_occupancy,SKT0C6,12,0.008666407916666667,request_seconds
correlation-redis-set-cores2,pcm_cha,drd_occupancy,SKT0C6,13,0.008632648333333333,request_seconds
correlation-redis-set-cores2,pcm_cha,drd_occupancy,SKT0C6,14,0.008630308333333333,request_seconds
correlation-redis-set-cores2,pcm_cha,drd_occupancy,SKT0C6,15,0.008652218333333333,request_seconds
correlation-redis-set-cores2,pcm_cha,drd_occupancy,SKT0C6,16,0.00865270625,request_seconds
correlation-redis-set-cores2,pcm_cha,drd_occupancy,SKT0C6,17,0.008634417083333333,request_seconds
correlation-redis-set-cores2,pcm_cha,drd_occupancy,SKT0C6,18,0.0086446725,request_seconds
correlation-redis-set-cores2,pcm_cha,drd_occupancy,SKT0C6,19,0.008703274166666667,request_seconds
correlation-redis-set-cores2,pcm_cha,drd_occupancy,SKT0C6,20,0.00886767375,request_seconds
correlation-redis-set-cores2,pcm_cha,drd_occupancy,SKT0C6,21,0.00862087,request_seconds
correlation-redis-set-cores2,pcm_cha,drd_occupancy,SKT0C6,22,0.00864979125,request_seconds
correlation-redis-set-cores2,pcm_cha,drd_occupancy,SKT0C6,23,0.008631089583333333,request_seconds
correlation-redis-set-cores2,pcm_cha,drd_occupancy,SKT0C6,24,0.00864823625,request_seconds
correlation-redis-set-cores2,pcm_cha,drd_occupancy,SKT0C6,25,0.008614984166666667,request_seconds
correlation-redis-set-cores2,pcm_cha,drd_occupancy,SKT0C6,26,0.008670854166666667,request_seconds
correlation-redis-set-cores2,pcm_cha,drd_occupancy,SKT0C6,27,0.008651658333333333,request_seconds
correlation-redis-set-cores2,pcm_cha,drd_occupancy,SKT0C6,28,0.008657384583333334,request_seconds
correlation-redis-set-cores2,pcm_cha,drd_occupancy,SKT0C6,29,0.008643145,request_seconds
correlation-redis-set-cores2,pcm_cha,drd_occupancy,SKT0C6,30,0.008683876666666666,request_seconds
correlation-redis-set-cores2,pcm_cha,drd_occupancy,SKT0C6,31,0.008671920833333333,request_seconds
correlation-redis-set-cores2,pcm_cha,drd_occupancy,SKT0C6,32,0.0086204675,request_seconds
correlation-redis-set-cores2,pcm_cha,drd_occupancy,SKT0C6,33,0.008674987083333334,request_seconds
correlation-redis-set-cores2,pcm_cha,drd_occupancy,SKT0C6,34,0.008652073333333333,request_seconds
correlation-redis-set-cores2,pcm_cha,drd_occupancy,SKT0C6,35,0.0086477725,request_seconds
correlation-redis-set-cores2,pcm_cha,drd_occupancy,SKT0C6,36,0.008630449583333333,request_seconds
correlation-redis-set-cores2,pcm_cha,drd_occupancy,SKT0C6,37,0.008620799166666667,request_seconds
correlation-redis-set-cores2,pcm_cha,drd_occupancy,SKT0C6,38,0.008642889166666667,request_seconds
correlation-redis-set-cores2,pcm_cha,drd_occupancy,SKT0C6,39,0.008683680416666667,request_seconds
correlation-redis-set-cores2,pcm_cha,drd_occupancy,SKT0C6,40,0.008706442083333333,request_seconds
correlation-redis-set-cores2,pcm_cha,drd_occupancy,SKT0C6,41,0.008727902916666667,request_seconds
correlation-redis-set-cores2,pcm_cha,drd_occupancy,SKT0C6,42,0.008702828333333334,request_seconds
correlation-redis-set-cores2,pcm_cha,drd_occupancy,SKT0C6,43,0.00894056875,request_seconds
correlation-redis-set-cores2,pcm_cha,drd_occupancy,SKT0C6,44,0.00861849,request_seconds
correlation-redis-set-cores2,pcm_cha,drd_occupancy,SKT0C6,45,0.008610393333333334,request_seconds
correlation-redis-set-cores2,pcm_cha,drd_occupancy,SKT0C6,46,0.00862309625,request_seconds
correlation-redis-set-cores2,pcm_cha,drd_occupancy,SKT0C6,47,0.00862479625,request_seconds
correlation-redis-set-cores2,pcm_cha,drd_occupancy,SKT0C6,48,0.008605695833333333,request_seconds
correlation-redis-set-cores2,pcm_cha,drd_occupancy,SKT0C6,49,0.008694659583333333,request_seconds
correlation-redis-set-cores2,pcm_cha,drd_occupancy,SKT0C6,50,0.008812112083333334,request_seconds
correlation-redis-set-cores2,pcm_cha,drd_occupancy,SKT0C6,51,0.008672929166666666,request_seconds
correlation-redis-set-cores2,pcm_cha,drd_occupancy,SKT0C6,52,0.008656364166666666,request_seconds
correlation-redis-set-cores2,pcm_cha,drd_occupancy,SKT0C6,53,0.008645350833333334,request_seconds
correlation-redis-set-cores2,pcm_cha,drd_occupancy,SKT0C6,54,0.00860061125,request_seconds
correlation-redis-set-cores2,pcm_cha,drd_occupancy,SKT0C6,55,0.00858155625,request_seconds
correlation-redis-set-cores2,pcm_cha,drd_occupancy,SKT0C6,56,0.008656616666666667,request_seconds
correlation-redis-set-cores2,pcm_cha,drd_occupancy,SKT0C6,57,0.008594850833333334,request_seconds
correlation-redis-set-cores2,pcm_cha,drd_occupancy,SKT0C6,58,0.008619874166666666,request_seconds
correlation-redis-set-cores2,pcm_cha,drd_occupancy,SKT0C6,59,0.008664737083333334,request_seconds
correlation-redis-set-cores2,pcm_cha,drd_occupancy,SKT0C7,0,0.00795594875,request_seconds
correlation-redis-set-cores2,pcm_cha,drd_occupancy,SKT0C7,1,0.007926827083333334,request_seconds
correlation-redis-set-cores2,pcm_cha,drd_occupancy,SKT0C7,2,0.007907973333333334,request_seconds
correlation-redis-set-cores2,pcm_cha,drd_occupancy,SKT0C7,3,0.007934107083333333,request_seconds
correlation-redis-set-cores2,pcm_cha,drd_occupancy,SKT0C7,4,0.007890403333333334,request_seconds
correlation-redis-set-cores2,pcm_cha,drd_occupancy,SKT0C7,5,0.007947135416666667,request_seconds
correlation-redis-set-cores2,pcm_cha,drd_occupancy,SKT0C7,6,0.0079584625,request_seconds
correlation-redis-set-cores2,pcm_cha,drd_occupancy,SKT0C7,7,0.008167817916666667,request_seconds
correlation-redis-set-cores2,pcm_cha,drd_occupancy,SKT0C7,8,0.007967390833333334,request_seconds
correlation-redis-set-cores2,pcm_cha,drd_occupancy,SKT0C7,9,0.008007752083333333,request_seconds
correlation-redis-set-cores2,pcm_cha,drd_occupancy,SKT0C7,10,0.008218747916666666,request_seconds
correlation-redis-set-cores2,pcm_cha,drd_occupancy,SKT0C7,11,0.007946056666666666,request_seconds
correlation-redis-set-cores2,pcm_cha,drd_occupancy,SKT0C7,12,0.007967320833333333,request_seconds
correlation-redis-set-cores2,pcm_cha,drd_occupancy,SKT0C7,13,0.007929080416666666,request_seconds
correlation-redis-set-cores2,pcm_cha,drd_occupancy,SKT0C7,14,0.00793606875,request_seconds
correlation-redis-set-cores2,pcm_cha,drd_occupancy,SKT0C7,15,0.0079483,request_seconds
correlation-redis-set-cores2,pcm_cha,drd_occupancy,SKT0C7,16,0.00794208,request_seconds
correlation-redis-set-cores2,pcm_cha,drd_occupancy,SKT0C7,17,0.00796465,request_seconds
correlation-redis-set-cores2,pcm_cha,drd_occupancy,SKT0C7,18,0.00793674375,request_seconds
correlation-redis-set-cores2,pcm_cha,drd_occupancy,SKT0C7,19,0.0080097525,request_seconds
correlation-redis-set-cores2,pcm_cha,drd_occupancy,SKT0C7,20,0.008176823333333333,request_seconds
correlation-redis-set-cores2,pcm_cha,drd_occupancy,SKT0C7,21,0.007900951666666666,request_seconds
correlation-redis-set-cores2,pcm_cha,drd_occupancy,SKT0C7,22,0.007936899583333334,request_seconds
correlation-redis-set-cores2,pcm_cha,drd_occupancy,SKT0C7,23,0.007934012916666667,request_seconds
correlation-redis-set-cores2,pcm_cha,drd_occupancy,SKT0C7,24,0.007947015416666666,request_seconds
correlation-redis-set-cores2,pcm_cha,drd_occupancy,SKT0C7,25,0.007938442916666667,request_seconds
correlation-redis-set-cores2,pcm_cha,drd_occupancy,SKT0C7,26,0.007976077083333333,request_seconds
correlation-redis-set-cores2,pcm_cha,drd_occupancy,SKT0C7,27,0.007971810416666667,request_seconds
correlation-redis-set-cores2,pcm_cha,drd_occupancy,SKT0C7,28,0.007970245,request_seconds
correlation-redis-set-cores2,pcm_cha,drd_occupancy,SKT0C7,29,0.007958892916666667,request_seconds
correlation-redis-set-cores2,pcm_cha,drd_occupancy,SKT0C7,30,0.007966590416666667,request_seconds
correlation-redis-set-cores2,pcm_cha,drd_occupancy,SKT0C7,31,0.00796216875,request_seconds
correlation-redis-set-cores2,pcm_cha,drd_occupancy,SKT0C7,32,0.007946155,request_seconds
correlation-redis-set-cores2,pcm_cha,drd_occupancy,SKT0C7,33,0.0079638425,request_seconds
correlation-redis-set-cores2,pcm_cha,drd_occupancy,SKT0C7,34,0.007978165416666667,request_seconds
correlation-redis-set-cores2,pcm_cha,drd_occupancy,SKT0C7,35,0.007962082083333334,request_seconds
correlation-redis-set-cores2,pcm_cha,drd_occupancy,SKT0C7,36,0.00793537,request_seconds
correlation-redis-set-cores2,pcm_cha,drd_occupancy,SKT0C7,37,0.00792166375,request_seconds
correlation-redis-set-cores2,pcm_cha,drd_occupancy,SKT0C7,38,0.007964944583333333,request_seconds
correlation-redis-set-cores2,pcm_cha,drd_occupancy,SKT0C7,39,0.00795446875,request_seconds
correlation-redis-set-cores2,pcm_cha,drd_occupancy,SKT0C7,40,0.00804284375,request_seconds
correlation-redis-set-cores2,pcm_cha,drd_occupancy,SKT0C7,41,0.008015990416666667,request_seconds
correlation-redis-set-cores2,pcm_cha,drd_occupancy,SKT0C7,42,0.008023114166666666,request_seconds
correlation-redis-set-cores2,pcm_cha,drd_occupancy,SKT0C7,43,0.008215515416666666,request_seconds
correlation-redis-set-cores2,pcm_cha,drd_occupancy,SKT0C7,44,0.007913733333333334,request_seconds
correlation-redis-set-cores2,pcm_cha,drd_occupancy,SKT0C7,45,0.00791897375,request_seconds
correlation-redis-set-cores2,pcm_cha,drd_occupancy,SKT0C7,46,0.007920455416666666,request_seconds
correlation-redis-set-cores2,pcm_cha,drd_occupancy,SKT0C7,47,0.007907406666666667,request_seconds
correlation-redis-set-cores2,pcm_cha,drd_occupancy,SKT0C7,48,0.00791796375,request_seconds
correlation-redis-set-cores2,pcm_cha,drd_occupancy,SKT0C7,49,0.0079819725,request_seconds
correlation-redis-set-cores2,pcm_cha,drd_occupancy,SKT0C7,50,0.0081119875,request_seconds
correlation-redis-set-cores2,pcm_cha,drd_occupancy,SKT0C7,51,0.00794688625,request_seconds
correlation-redis-set-cores2,pcm_cha,drd_occupancy,SKT0C7,52,0.007924765833333333,request_seconds
correlation-redis-set-cores2,pcm_cha,drd_occupancy,SKT0C7,53,0.0079264175,request_seconds
correlation-redis-set-cores2,pcm_cha,drd_occupancy,SKT0C7,54,0.007894440833333334,request_seconds
correlation-redis-set-cores2,pcm_cha,drd_occupancy,SKT0C7,55,0.007926080416666667,request_seconds
correlation-redis-set-cores2,pcm_cha,drd_occupancy,SKT0C7,56,0.00795426625,request_seconds
correlation-redis-set-cores2,pcm_cha,drd_occupancy,SKT0C7,57,0.00791563625,request_seconds
correlation-redis-set-cores2,pcm_cha,drd_occupancy,SKT0C7,58,0.00794262625,request_seconds
correlation-redis-set-cores2,pcm_cha,drd_occupancy,SKT0C7,59,0.007946063333333333,request_seconds
correlation-redis-set-cores2,pcm_cha,drd_occupancy,SKT0C8,0,0.007959730416666666,request_seconds
correlation-redis-set-cores2,pcm_cha,drd_occupancy,SKT0C8,1,0.007962349166666667,request_seconds
correlation-redis-set-cores2,pcm_cha,drd_occupancy,SKT0C8,2,0.007924575416666666,request_seconds
correlation-redis-set-cores2,pcm_cha,drd_occupancy,SKT0C8,3,0.00795751625,request_seconds
correlation-redis-set-cores2,pcm_cha,drd_occupancy,SKT0C8,4,0.007926191666666667,request_seconds
correlation-redis-set-cores2,pcm_cha,drd_occupancy,SKT0C8,5,0.007942859583333333,request_seconds
correlation-redis-set-cores2,pcm_cha,drd_occupancy,SKT0C8,6,0.0080172775,request_seconds
correlation-redis-set-cores2,pcm_cha,drd_occupancy,SKT0C8,7,0.008190726666666667,request_seconds
correlation-redis-set-cores2,pcm_cha,drd_occupancy,SKT0C8,8,0.00799353875,request_seconds
correlation-redis-set-cores2,pcm_cha,drd_occupancy,SKT0C8,9,0.008038400833333334,request_seconds
correlation-redis-set-cores2,pcm_cha,drd_occupancy,SKT0C8,10,0.0082435925,request_seconds
correlation-redis-set-cores2,pcm_cha,drd_occupancy,SKT0C8,11,0.00798286875,request_seconds
correlation-redis-set-cores2,pcm_cha,drd_occupancy,SKT0C8,12,0.007984231666666666,request_seconds
correlation-redis-set-cores2,pcm_cha,drd_occupancy,SKT0C8,13,0.007956394166666667,request_seconds
correlation-redis-set-cores2,pcm_cha,drd_occupancy,SKT0C8,14,0.00795239375,request_seconds
correlation-redis-set-cores2,pcm_cha,drd_occupancy,SKT0C8,15,0.007968305,request_seconds
correlation-redis-set-cores2,pcm_cha,drd_occupancy,SKT0C8,16,0.007949822916666667,request_seconds
correlation-redis-set-cores2,pcm_cha,drd_occupancy,SKT0C8,17,0.007978474583333334,request_seconds
correlation-redis-set-cores2,pcm_cha,drd_occupancy,SKT0C8,18,0.00797982625,request_seconds
correlation-redis-set-cores2,pcm_cha,drd_occupancy,SKT0C8,19,0.007999433333333333,request_seconds
correlation-redis-set-cores2,pcm_cha,drd_occupancy,SKT0C8,20,0.008207400833333333,request_seconds
correlation-redis-set-cores2,pcm_cha,drd_occupancy,SKT0C8,21,0.007947904583333333,request_seconds
correlation-redis-set-cores2,pcm_cha,drd_occupancy,SKT0C8,22,0.00798579125,request_seconds
correlation-redis-set-cores2,pcm_cha,drd_occupancy,SKT0C8,23,0.007998522916666667,request_seconds
correlation-redis-set-cores2,pcm_cha,drd_occupancy,SKT0C8,24,0.007973644166666667,request_seconds
correlation-redis-set-cores2,pcm_cha,drd_occupancy,SKT0C8,25,0.007963930833333334,request_seconds
correlation-redis-set-cores2,pcm_cha,drd_occupancy,SKT0C8,26,0.007983335833333334,request_seconds
correlation-redis-set-cores2,pcm_cha,drd_occupancy,SKT0C8,27,0.00796439,request_seconds
correlation-redis-set-cores2,pcm_cha,drd_occupancy,SKT0C8,28,0.007973453333333333,request_seconds
correlation-redis-set-cores2,pcm_cha,drd_occupancy,SKT0C8,29,0.008005225833333334,request_seconds
correlation-redis-set-cores2,pcm_cha,drd_occupancy,SKT0C8,30,0.007994654166666667,request_seconds
correlation-redis-set-cores2,pcm_cha,drd_occupancy,SKT0C8,31,0.0079900725,request_seconds
correlation-redis-set-cores2,pcm_cha,drd_occupancy,SKT0C8,32,0.007980895416666666,request_seconds
correlation-redis-set-cores2,pcm_cha,drd_occupancy,SKT0C8,33,0.007976377083333333,request_seconds
correlation-redis-set-cores2,pcm_cha,drd_occupancy,SKT0C8,34,0.007992705416666667,request_seconds
correlation-redis-set-cores2,pcm_cha,drd_occupancy,SKT0C8,35,0.007997252083333333,request_seconds
correlation-redis-set-cores2,pcm_cha,drd_occupancy,SKT0C8,36,0.007961285416666667,request_seconds
correlation-redis-set-cores2,pcm_cha,drd_occupancy,SKT0C8,37,0.007957259583333333,request_seconds
correlation-redis-set-cores2,pcm_cha,drd_occupancy,SKT0C8,38,0.007945805833333333,request_seconds
correlation-redis-set-cores2,pcm_cha,drd_occupancy,SKT0C8,39,0.007963145,request_seconds
correlation-redis-set-cores2,pcm_cha,drd_occupancy,SKT0C8,40,0.008090934166666666,request_seconds
correlation-redis-set-cores2,pcm_cha,drd_occupancy,SKT0C8,41,0.008029695416666666,request_seconds
correlation-redis-set-cores2,pcm_cha,drd_occupancy,SKT0C8,42,0.008034487083333333,request_seconds
correlation-redis-set-cores2,pcm_cha,drd_occupancy,SKT0C8,43,0.008203643333333333,request_seconds
correlation-redis-set-cores2,pcm_cha,drd_occupancy,SKT0C8,44,0.00795000875,request_seconds
correlation-redis-set-cores2,pcm_cha,drd_occupancy,SKT0C8,45,0.007940458333333334,request_seconds
correlation-redis-set-cores2,pcm_cha,drd_occupancy,SKT0C8,46,0.007933828333333334,request_seconds
correlation-redis-set-cores2,pcm_cha,drd_occupancy,SKT0C8,47,0.007984760833333333,request_seconds
correlation-redis-set-cores2,pcm_cha,drd_occupancy,SKT0C8,48,0.007945535416666667,request_seconds
correlation-redis-set-cores2,pcm_cha,drd_occupancy,SKT0C8,49,0.008039122916666667,request_seconds
correlation-redis-set-cores2,pcm_cha,drd_occupancy,SKT0C8,50,0.00814747,request_seconds
correlation-redis-set-cores2,pcm_cha,drd_occupancy,SKT0C8,51,0.007960649166666667,request_seconds
correlation-redis-set-cores2,pcm_cha,drd_occupancy,SKT0C8,52,0.00795178125,request_seconds
correlation-redis-set-cores2,pcm_cha,drd_occupancy,SKT0C8,53,0.007959942916666667,request_seconds
correlation-redis-set-cores2,pcm_cha,drd_occupancy,SKT0C8,54,0.007951293333333333,request_seconds
correlation-redis-set-cores2,pcm_cha,drd_occupancy,SKT0C8,55,0.0079679975,request_seconds
correlation-redis-set-cores2,pcm_cha,drd_occupancy,SKT0C8,56,0.007980024166666667,request_seconds
correlation-redis-set-cores2,pcm_cha,drd_occupancy,SKT0C8,57,0.007925765416666666,request_seconds
correlation-redis-set-cores2,pcm_cha,drd_occupancy,SKT0C8,58,0.0079552325,request_seconds
correlation-redis-set-cores2,pcm_cha,drd_occupancy,SKT0C8,59,0.00798087625,request_seconds
correlation-redis-set-cores2,pcm_cha,drd_occupancy,SKT0C9,0,0.008326264583333333,request_seconds
correlation-redis-set-cores2,pcm_cha,drd_occupancy,SKT0C9,1,0.008277112083333333,request_seconds
correlation-redis-set-cores2,pcm_cha,drd_occupancy,SKT0C9,2,0.008255822083333333,request_seconds
correlation-redis-set-cores2,pcm_cha,drd_occupancy,SKT0C9,3,0.008296892083333333,request_seconds
correlation-redis-set-cores2,pcm_cha,drd_occupancy,SKT0C9,4,0.008251837916666666,request_seconds
correlation-redis-set-cores2,pcm_cha,drd_occupancy,SKT0C9,5,0.00827294,request_seconds
correlation-redis-set-cores2,pcm_cha,drd_occupancy,SKT0C9,6,0.008365609166666666,request_seconds
correlation-redis-set-cores2,pcm_cha,drd_occupancy,SKT0C9,7,0.008575670416666667,request_seconds
correlation-redis-set-cores2,pcm_cha,drd_occupancy,SKT0C9,8,0.008347183333333332,request_seconds
correlation-redis-set-cores2,pcm_cha,drd_occupancy,SKT0C9,9,0.0084129275,request_seconds
correlation-redis-set-cores2,pcm_cha,drd_occupancy,SKT0C9,10,0.00859748125,request_seconds
correlation-redis-set-cores2,pcm_cha,drd_occupancy,SKT0C9,11,0.00828175125,request_seconds
correlation-redis-set-cores2,pcm_cha,drd_occupancy,SKT0C9,12,0.008289860833333332,request_seconds
correlation-redis-set-cores2,pcm_cha,drd_occupancy,SKT0C9,13,0.008270935416666667,request_seconds
correlation-redis-set-cores2,pcm_cha,drd_occupancy,SKT0C9,14,0.008310985,request_seconds
correlation-redis-set-cores2,pcm_cha,drd_occupancy,SKT0C9,15,0.008300990833333334,request_seconds
correlation-redis-set-cores2,pcm_cha,drd_occupancy,SKT0C9,16,0.008277145833333333,request_seconds
correlation-redis-set-cores2,pcm_cha,drd_occupancy,SKT0C9,17,0.00829413,request_seconds
correlation-redis-set-cores2,pcm_cha,drd_occupancy,SKT0C9,18,0.008326595833333334,request_seconds
correlation-redis-set-cores2,pcm_cha,drd_occupancy,SKT0C9,19,0.008329663333333334,request_seconds
correlation-redis-set-cores2,pcm_cha,drd_occupancy,SKT0C9,20,0.008529965833333333,request_seconds
correlation-redis-set-cores2,pcm_cha,drd_occupancy,SKT0C9,21,0.008288917083333333,request_seconds
correlation-redis-set-cores2,pcm_cha,drd_occupancy,SKT0C9,22,0.0083036475,request_seconds
correlation-redis-set-cores2,pcm_cha,drd_occupancy,SKT0C9,23,0.00831000625,request_seconds
correlation-redis-set-cores2,pcm_cha,drd_occupancy,SKT0C9,24,0.008294745833333334,request_seconds
correlation-redis-set-cores2,pcm_cha,drd_occupancy,SKT0C9,25,0.008291786666666667,request_seconds
correlation-redis-set-cores2,pcm_cha,drd_occupancy,SKT0C9,26,0.008336552916666667,request_seconds
correlation-redis-set-cores2,pcm_cha,drd_occupancy,SKT0C9,27,0.0082940225,request_seconds
correlation-redis-set-cores2,pcm_cha,drd_occupancy,SKT0C9,28,0.00829455,request_seconds
correlation-redis-set-cores2,pcm_cha,drd_occupancy,SKT0C9,29,0.008345527916666666,request_seconds
correlation-redis-set-cores2,pcm_cha,drd_occupancy,SKT0C9,30,0.00831750125,request_seconds
correlation-redis-set-cores2,pcm_cha,drd_occupancy,SKT0C9,31,0.008319935833333333,request_seconds
correlation-redis-set-cores2,pcm_cha,drd_occupancy,SKT0C9,32,0.008306457083333333,request_seconds
correlation-redis-set-cores2,pcm_cha,drd_occupancy,SKT0C9,33,0.008314105,request_seconds
correlation-redis-set-cores2,pcm_cha,drd_occupancy,SKT0C9,34,0.008333394583333334,request_seconds
correlation-redis-set-cores2,pcm_cha,drd_occupancy,SKT0C9,35,0.008314097916666667,request_seconds
correlation-redis-set-cores2,pcm_cha,drd_occupancy,SKT0C9,36,0.008291501666666666,request_seconds
correlation-redis-set-cores2,pcm_cha,drd_occupancy,SKT0C9,37,0.00831418875,request_seconds
correlation-redis-set-cores2,pcm_cha,drd_occupancy,SKT0C9,38,0.008301549166666667,request_seconds
correlation-redis-set-cores2,pcm_cha,drd_occupancy,SKT0C9,39,0.0083270875,request_seconds
correlation-redis-set-cores2,pcm_cha,drd_occupancy,SKT0C9,40,0.008388699166666666,request_seconds
correlation-redis-set-cores2,pcm_cha,drd_occupancy,SKT0C9,41,0.008409366666666666,request_seconds
correlation-redis-set-cores2,pcm_cha,drd_occupancy,SKT0C9,42,0.00837578,request_seconds
correlation-redis-set-cores2,pcm_cha,drd_occupancy,SKT0C9,43,0.0085511675,request_seconds
correlation-redis-set-cores2,pcm_cha,drd_occupancy,SKT0C9,44,0.008262106666666666,request_seconds
correlation-redis-set-cores2,pcm_cha,drd_occupancy,SKT0C9,45,0.008259915,request_seconds
correlation-redis-set-cores2,pcm_cha,drd_occupancy,SKT0C9,46,0.00824476875,request_seconds
correlation-redis-set-cores2,pcm_cha,drd_occupancy,SKT0C9,47,0.008283623333333334,request_seconds
correlation-redis-set-cores2,pcm_cha,drd_occupancy,SKT0C9,48,0.008269475416666667,request_seconds
correlation-redis-set-cores2,pcm_cha,drd_occupancy,SKT0C9,49,0.008362954166666667,request_seconds
correlation-redis-set-cores2,pcm_cha,drd_occupancy,SKT0C9,50,0.008502834583333334,request_seconds
correlation-redis-set-cores2,pcm_cha,drd_occupancy,SKT0C9,51,0.0082910125,request_seconds
correlation-redis-set-cores2,pcm_cha,drd_occupancy,SKT0C9,52,0.008298015,request_seconds
correlation-redis-set-cores2,pcm_cha,drd_occupancy,SKT0C9,53,0.008272875,request_seconds
correlation-redis-set-cores2,pcm_cha,drd_occupancy,SKT0C9,54,0.008263016666666666,request_seconds
correlation-redis-set-cores2,pcm_cha,drd_occupancy,SKT0C9,55,0.008286320833333333,request_seconds
correlation-redis-set-cores2,pcm_cha,drd_occupancy,SKT0C9,56,0.008281629166666667,request_seconds
correlation-redis-set-cores2,pcm_cha,drd_occupancy,SKT0C9,57,0.00824188875,request_seconds
correlation-redis-set-cores2,pcm_cha,drd_occupancy,SKT0C9,58,0.00827246375,request_seconds
correlation-redis-set-cores2,pcm_cha,drd_occupancy,SKT0C9,59,0.008312021666666667,request_seconds
correlation-redis-set-cores2,pcm_cha,drd_occupancy,SKT0C10,0,0.00761812,request_seconds
correlation-redis-set-cores2,pcm_cha,drd_occupancy,SKT0C10,1,0.00756900875,request_seconds
correlation-redis-set-cores2,pcm_cha,drd_occupancy,SKT0C10,2,0.00758346875,request_seconds
correlation-redis-set-cores2,pcm_cha,drd_occupancy,SKT0C10,3,0.0076193625,request_seconds
correlation-redis-set-cores2,pcm_cha,drd_occupancy,SKT0C10,4,0.0075715516666666665,request_seconds
correlation-redis-set-cores2,pcm_cha,drd_occupancy,SKT0C10,5,0.007585962083333333,request_seconds
correlation-redis-set-cores2,pcm_cha,drd_occupancy,SKT0C10,6,0.0076527,request_seconds
correlation-redis-set-cores2,pcm_cha,drd_occupancy,SKT0C10,7,0.00784941375,request_seconds
correlation-redis-set-cores2,pcm_cha,drd_occupancy,SKT0C10,8,0.007640579583333334,request_seconds
correlation-redis-set-cores2,pcm_cha,drd_occupancy,SKT0C10,9,0.007701411666666666,request_seconds
correlation-redis-set-cores2,pcm_cha,drd_occupancy,SKT0C10,10,0.007852278333333334,request_seconds
correlation-redis-set-cores2,pcm_cha,drd_occupancy,SKT0C10,11,0.007574915416666667,request_seconds
correlation-redis-set-cores2,pcm_cha,drd_occupancy,SKT0C10,12,0.00759916875,request_seconds
correlation-redis-set-cores2,pcm_cha,drd_occupancy,SKT0C10,13,0.00761171,request_seconds
correlation-redis-set-cores2,pcm_cha,drd_occupancy,SKT0C10,14,0.007608300416666667,request_seconds
correlation-redis-set-cores2,pcm_cha,drd_occupancy,SKT0C10,15,0.007578097083333333,request_seconds
correlation-redis-set-cores2,pcm_cha,drd_occupancy,SKT0C10,16,0.00761835375,request_seconds
correlation-redis-set-cores2,pcm_cha,drd_occupancy,SKT0C10,17,0.0075863325,request_seconds
correlation-redis-set-cores2,pcm_cha,drd_occupancy,SKT0C10,18,0.007596967916666667,request_seconds
correlation-redis-set-cores2,pcm_cha,drd_occupancy,SKT0C10,19,0.007617719166666667,request_seconds
correlation-redis-set-cores2,pcm_cha,drd_occupancy,SKT0C10,20,0.007810584583333334,request_seconds
correlation-redis-set-cores2,pcm_cha,drd_occupancy,SKT0C10,21,0.007556164583333334,request_seconds
correlation-redis-set-cores2,pcm_cha,drd_occupancy,SKT0C10,22,0.007594571666666667,request_seconds
correlation-redis-set-cores2,pcm_cha,drd_occupancy,SKT0C10,23,0.00760539875,request_seconds
correlation-redis-set-cores2,pcm_cha,drd_occupancy,SKT0C10,24,0.0075512225,request_seconds
correlation-redis-set-cores2,pcm_cha,drd_occupancy,SKT0C10,25,0.007631970833333333,request_seconds
correlation-redis-set-cores2,pcm_cha,drd_occupancy,SKT0C10,26,0.007608957083333334,request_seconds
correlation-redis-set-cores2,pcm_cha,drd_occupancy,SKT0C10,27,0.007596495416666666,request_seconds
correlation-redis-set-cores2,pcm_cha,drd_occupancy,SKT0C10,28,0.00762849875,request_seconds
correlation-redis-set-cores2,pcm_cha,drd_occupancy,SKT0C10,29,0.00762780375,request_seconds
correlation-redis-set-cores2,pcm_cha,drd_occupancy,SKT0C10,30,0.0076135375,request_seconds
correlation-redis-set-cores2,pcm_cha,drd_occupancy,SKT0C10,31,0.00761956625,request_seconds
correlation-redis-set-cores2,pcm_cha,drd_occupancy,SKT0C10,32,0.007612410833333333,request_seconds
correlation-redis-set-cores2,pcm_cha,drd_occupancy,SKT0C10,33,0.007631805833333333,request_seconds
correlation-redis-set-cores2,pcm_cha,drd_occupancy,SKT0C10,34,0.007608515,request_seconds
correlation-redis-set-cores2,pcm_cha,drd_occupancy,SKT0C10,35,0.007611936666666667,request_seconds
correlation-redis-set-cores2,pcm_cha,drd_occupancy,SKT0C10,36,0.00760101875,request_seconds
correlation-redis-set-cores2,pcm_cha,drd_occupancy,SKT0C10,37,0.007609535416666667,request_seconds
correlation-redis-set-cores2,pcm_cha,drd_occupancy,SKT0C10,38,0.0075876675,request_seconds
correlation-redis-set-cores2,pcm_cha,drd_occupancy,SKT0C10,39,0.00763202625,request_seconds
correlation-redis-set-cores2,pcm_cha,drd_occupancy,SKT0C10,40,0.007682926666666667,request_seconds
correlation-redis-set-cores2,pcm_cha,drd_occupancy,SKT0C10,41,0.007683737083333334,request_seconds
correlation-redis-set-cores2,pcm_cha,drd_occupancy,SKT0C10,42,0.007685186666666666,request_seconds
correlation-redis-set-cores2,pcm_cha,drd_occupancy,SKT0C10,43,0.00784931125,request_seconds
correlation-redis-set-cores2,pcm_cha,drd_occupancy,SKT0C10,44,0.00756757125,request_seconds
correlation-redis-set-cores2,pcm_cha,drd_occupancy,SKT0C10,45,0.0075937325,request_seconds
correlation-redis-set-cores2,pcm_cha,drd_occupancy,SKT0C10,46,0.007547211666666667,request_seconds
correlation-redis-set-cores2,pcm_cha,drd_occupancy,SKT0C10,47,0.00759759,request_seconds
correlation-redis-set-cores2,pcm_cha,drd_occupancy,SKT0C10,48,0.0075789925,request_seconds
correlation-redis-set-cores2,pcm_cha,drd_occupancy,SKT0C10,49,0.0076570425,request_seconds
correlation-redis-set-cores2,pcm_cha,drd_occupancy,SKT0C10,50,0.007770369166666667,request_seconds
correlation-redis-set-cores2,pcm_cha,drd_occupancy,SKT0C10,51,0.007605900833333333,request_seconds
correlation-redis-set-cores2,pcm_cha,drd_occupancy,SKT0C10,52,0.00761523875,request_seconds
correlation-redis-set-cores2,pcm_cha,drd_occupancy,SKT0C10,53,0.0075893666666666665,request_seconds
correlation-redis-set-cores2,pcm_cha,drd_occupancy,SKT0C10,54,0.0075593725,request_seconds
correlation-redis-set-cores2,pcm_cha,drd_occupancy,SKT0C10,55,0.0075771025,request_seconds
correlation-redis-set-cores2,pcm_cha,drd_occupancy,SKT0C10,56,0.007587773333333333,request_seconds
correlation-redis-set-cores2,pcm_cha,drd_occupancy,SKT0C10,57,0.00753617125,request_seconds
correlation-redis-set-cores2,pcm_cha,drd_occupancy,SKT0C10,58,0.00757629875,request_seconds
correlation-redis-set-cores2,pcm_cha,drd_occupancy,SKT0C10,59,0.007620923333333333,request_seconds
correlation-redis-set-cores2,pcm_cha,drd_occupancy,SKT0C11,0,0.0080951675,request_seconds
correlation-redis-set-cores2,pcm_cha,drd_occupancy,SKT0C11,1,0.008035519166666666,request_seconds
correlation-redis-set-cores2,pcm_cha,drd_occupancy,SKT0C11,2,0.00804136375,request_seconds
correlation-redis-set-cores2,pcm_cha,drd_occupancy,SKT0C11,3,0.008076555833333334,request_seconds
correlation-redis-set-cores2,pcm_cha,drd_occupancy,SKT0C11,4,0.0080267275,request_seconds
correlation-redis-set-cores2,pcm_cha,drd_occupancy,SKT0C11,5,0.008044815833333333,request_seconds
correlation-redis-set-cores2,pcm_cha,drd_occupancy,SKT0C11,6,0.008114023333333333,request_seconds
correlation-redis-set-cores2,pcm_cha,drd_occupancy,SKT0C11,7,0.008291897083333333,request_seconds
correlation-redis-set-cores2,pcm_cha,drd_occupancy,SKT0C11,8,0.008112337083333334,request_seconds
correlation-redis-set-cores2,pcm_cha,drd_occupancy,SKT0C11,9,0.008136620416666667,request_seconds
correlation-redis-set-cores2,pcm_cha,drd_occupancy,SKT0C11,10,0.008339751666666667,request_seconds
correlation-redis-set-cores2,pcm_cha,drd_occupancy,SKT0C11,11,0.008064997083333334,request_seconds
correlation-redis-set-cores2,pcm_cha,drd_occupancy,SKT0C11,12,0.008083089166666666,request_seconds
correlation-redis-set-cores2,pcm_cha,drd_occupancy,SKT0C11,13,0.008083282083333334,request_seconds
correlation-redis-set-cores2,pcm_cha,drd_occupancy,SKT0C11,14,0.008030855,request_seconds
correlation-redis-set-cores2,pcm_cha,drd_occupancy,SKT0C11,15,0.008053999166666668,request_seconds
correlation-redis-set-cores2,pcm_cha,drd_occupancy,SKT0C11,16,0.008083766666666667,request_seconds
correlation-redis-set-cores2,pcm_cha,drd_occupancy,SKT0C11,17,0.008068627083333333,request_seconds
correlation-redis-set-cores2,pcm_cha,drd_occupancy,SKT0C11,18,0.008074299166666667,request_seconds
correlation-redis-set-cores2,pcm_cha,drd_occupancy,SKT0C11,19,0.008127742083333334,request_seconds
correlation-redis-set-cores2,pcm_cha,drd_occupancy,SKT0C11,20,0.008319595,request_seconds
correlation-redis-set-cores2,pcm_cha,drd_occupancy,SKT0C11,21,0.008048708333333333,request_seconds
correlation-redis-set-cores2,pcm_cha,drd_occupancy,SKT0C11,22,0.00805254375,request_seconds
correlation-redis-set-cores2,pcm_cha,drd_occupancy,SKT0C11,23,0.0080822175,request_seconds
correlation-redis-set-cores2,pcm_cha,drd_occupancy,SKT0C11,24,0.008056554583333334,request_seconds
correlation-redis-set-cores2,pcm_cha,drd_occupancy,SKT0C11,25,0.008060287083333333,request_seconds
correlation-redis-set-cores2,pcm_cha,drd_occupancy,SKT0C11,26,0.00808475375,request_seconds
correlation-redis-set-cores2,pcm_cha,drd_occupancy,SKT0C11,27,0.008113779583333333,request_seconds
correlation-redis-set-cores2,pcm_cha,drd_occupancy,SKT0C11,28,0.008074073333333332,request_seconds
correlation-redis-set-cores2,pcm_cha,drd_occupancy,SKT0C11,29,0.008098028333333333,request_seconds
correlation-redis-set-cores2,pcm_cha,drd_occupancy,SKT0C11,30,0.008110109166666667,request_seconds
correlation-redis-set-cores2,pcm_cha,drd_occupancy,SKT0C11,31,0.008090350833333333,request_seconds
correlation-redis-set-cores2,pcm_cha,drd_occupancy,SKT0C11,32,0.008087049166666667,request_seconds
correlation-redis-set-cores2,pcm_cha,drd_occupancy,SKT0C11,33,0.008097775,request_seconds
correlation-redis-set-cores2,pcm_cha,drd_occupancy,SKT0C11,34,0.008080760833333334,request_seconds
correlation-redis-set-cores2,pcm_cha,drd_occupancy,SKT0C11,35,0.00807477125,request_seconds
correlation-redis-set-cores2,pcm_cha,drd_occupancy,SKT0C11,36,0.008068260833333334,request_seconds
correlation-redis-set-cores2,pcm_cha,drd_occupancy,SKT0C11,37,0.008048264583333334,request_seconds
correlation-redis-set-cores2,pcm_cha,drd_occupancy,SKT0C11,38,0.008037582083333333,request_seconds
correlation-redis-set-cores2,pcm_cha,drd_occupancy,SKT0C11,39,0.0080822475,request_seconds
correlation-redis-set-cores2,pcm_cha,drd_occupancy,SKT0C11,40,0.008164727916666666,request_seconds
correlation-redis-set-cores2,pcm_cha,drd_occupancy,SKT0C11,41,0.008143922916666666,request_seconds
correlation-redis-set-cores2,pcm_cha,drd_occupancy,SKT0C11,42,0.008161034583333334,request_seconds
correlation-redis-set-cores2,pcm_cha,drd_occupancy,SKT0C11,43,0.00834442625,request_seconds
correlation-redis-set-cores2,pcm_cha,drd_occupancy,SKT0C11,44,0.008050684583333334,request_seconds
correlation-redis-set-cores2,pcm_cha,drd_occupancy,SKT0C11,45,0.00807418625,request_seconds
correlation-redis-set-cores2,pcm_cha,drd_occupancy,SKT0C11,46,0.008030246666666666,request_seconds
correlation-redis-set-cores2,pcm_cha,drd_occupancy,SKT0C11,47,0.00807629625,request_seconds
correlation-redis-set-cores2,pcm_cha,drd_occupancy,SKT0C11,48,0.00808067125,request_seconds
correlation-redis-set-cores2,pcm_cha,drd_occupancy,SKT0C11,49,0.00811796375,request_seconds
correlation-redis-set-cores2,pcm_cha,drd_occupancy,SKT0C11,50,0.00823595,request_seconds
correlation-redis-set-cores2,pcm_cha,drd_occupancy,SKT0C11,51,0.008045765833333333,request_seconds
correlation-redis-set-cores2,pcm_cha,drd_occupancy,SKT0C11,52,0.008059524583333333,request_seconds
correlation-redis-set-cores2,pcm_cha,drd_occupancy,SKT0C11,53,0.0080621025,request_seconds
correlation-redis-set-cores2,pcm_cha,drd_occupancy,SKT0C11,54,0.00803776875,request_seconds
correlation-redis-set-cores2,pcm_cha,drd_occupancy,SKT0C11,55,0.008031259166666667,request_seconds
correlation-redis-set-cores2,pcm_cha,drd_occupancy,SKT0C11,56,0.008042709166666667,request_seconds
correlation-redis-set-cores2,pcm_cha,drd_occupancy,SKT0C11,57,0.008004440416666666,request_seconds
correlation-redis-set-cores2,pcm_cha,drd_occupancy,SKT0C11,58,0.008036932916666666,request_seconds
correlation-redis-set-cores2,pcm_cha,drd_occupancy,SKT0C11,59,0.0080862525,request_seconds
correlation-redis-set-cores2,pcm_cha,drd_occupancy,SKT0C12,0,0.007505491666666667,request_seconds
correlation-redis-set-cores2,pcm_cha,drd_occupancy,SKT0C12,1,0.00750593,request_seconds
correlation-redis-set-cores2,pcm_cha,drd_occupancy,SKT0C12,2,0.007509368333333333,request_seconds
correlation-redis-set-cores2,pcm_cha,drd_occupancy,SKT0C12,3,0.007529379583333333,request_seconds
correlation-redis-set-cores2,pcm_cha,drd_occupancy,SKT0C12,4,0.007502020416666666,request_seconds
correlation-redis-set-cores2,pcm_cha,drd_occupancy,SKT0C12,5,0.007476479583333333,request_seconds
correlation-redis-set-cores2,pcm_cha,drd_occupancy,SKT0C12,6,0.007541020833333334,request_seconds
correlation-redis-set-cores2,pcm_cha,drd_occupancy,SKT0C12,7,0.0076893341666666665,request_seconds
correlation-redis-set-cores2,pcm_cha,drd_occupancy,SKT0C12,8,0.00753106625,request_seconds
correlation-redis-set-cores2,pcm_cha,drd_occupancy,SKT0C12,9,0.00757523625,request_seconds
correlation-redis-set-cores2,pcm_cha,drd_occupancy,SKT0C12,10,0.007765494583333333,request_seconds
correlation-redis-set-cores2,pcm_cha,drd_occupancy,SKT0C12,11,0.007521283333333333,request_seconds
correlation-redis-set-cores2,pcm_cha,drd_occupancy,SKT0C12,12,0.0074886179166666665,request_seconds
correlation-redis-set-cores2,pcm_cha,drd_occupancy,SKT0C12,13,0.00749093375,request_seconds
correlation-redis-set-cores2,pcm_cha,drd_occupancy,SKT0C12,14,0.00750207375,request_seconds
correlation-redis-set-cores2,pcm_cha,drd_occupancy,SKT0C12,15,0.007517002916666666,request_seconds
correlation-redis-set-cores2,pcm_cha,drd_occupancy,SKT0C12,16,0.00752878375,request_seconds
correlation-redis-set-cores2,pcm_cha,drd_occupancy,SKT0C12,17,0.00749100125,request_seconds
correlation-redis-set-cores2,pcm_cha,drd_occupancy,SKT0C12,18,0.007534184583333333,request_seconds
correlation-redis-set-cores2,pcm_cha,drd_occupancy,SKT0C12,19,0.007528415833333333,request_seconds
correlation-redis-set-cores2,pcm_cha,drd_occupancy,SKT0C12,20,0.00773996,request_seconds
correlation-redis-set-cores2,pcm_cha,drd_occupancy,SKT0C12,21,0.00749022,request_seconds
correlation-redis-set-cores2,pcm_cha,drd_occupancy,SKT0C12,22,0.007488227916666666,request_seconds
correlation-redis-set-cores2,pcm_cha,drd_occupancy,SKT0C12,23,0.007493184583333333,request_seconds
correlation-redis-set-cores2,pcm_cha,drd_occupancy,SKT0C12,24,0.007503959583333333,request_seconds
correlation-redis-set-cores2,pcm_cha,drd_occupancy,SKT0C12,25,0.00750034875,request_seconds
correlation-redis-set-cores2,pcm_cha,drd_occupancy,SKT0C12,26,0.007506959166666666,request_seconds
correlation-redis-set-cores2,pcm_cha,drd_occupancy,SKT0C12,27,0.0075240595833333335,request_seconds
correlation-redis-set-cores2,pcm_cha,drd_occupancy,SKT0C12,28,0.0074841625,request_seconds
correlation-redis-set-cores2,pcm_cha,drd_occupancy,SKT0C12,29,0.00751967875,request_seconds
correlation-redis-set-cores2,pcm_cha,drd_occupancy,SKT0C12,30,0.007534711666666667,request_seconds
correlation-redis-set-cores2,pcm_cha,drd_occupancy,SKT0C12,31,0.00753956375,request_seconds
correlation-redis-set-cores2,pcm_cha,drd_occupancy,SKT0C12,32,0.00749502625,request_seconds
correlation-redis-set-cores2,pcm_cha,drd_occupancy,SKT0C12,33,0.007522794583333333,request_seconds
correlation-redis-set-cores2,pcm_cha,drd_occupancy,SKT0C12,34,0.007514984583333334,request_seconds
correlation-redis-set-cores2,pcm_cha,drd_occupancy,SKT0C12,35,0.0075003375,request_seconds
correlation-redis-set-cores2,pcm_cha,drd_occupancy,SKT0C12,36,0.00749479125,request_seconds
correlation-redis-set-cores2,pcm_cha,drd_occupancy,SKT0C12,37,0.00750064875,request_seconds
correlation-redis-set-cores2,pcm_cha,drd_occupancy,SKT0C12,38,0.0074946904166666665,request_seconds
correlation-redis-set-cores2,pcm_cha,drd_occupancy,SKT0C12,39,0.00753067,request_seconds
correlation-redis-set-cores2,pcm_cha,drd_occupancy,SKT0C12,40,0.007624355833333333,request_seconds
correlation-redis-set-cores2,pcm_cha,drd_occupancy,SKT0C12,41,0.007582053333333333,request_seconds
correlation-redis-set-cores2,pcm_cha,drd_occupancy,SKT0C12,42,0.00761238,request_seconds
correlation-redis-set-cores2,pcm_cha,drd_occupancy,SKT0C12,43,0.00776573375,request_seconds
correlation-redis-set-cores2,pcm_cha,drd_occupancy,SKT0C12,44,0.007479346666666667,request_seconds
correlation-redis-set-cores2,pcm_cha,drd_occupancy,SKT0C12,45,0.007488585416666666,request_seconds
correlation-redis-set-cores2,pcm_cha,drd_occupancy,SKT0C12,46,0.00746688875,request_seconds
correlation-redis-set-cores2,pcm_cha,drd_occupancy,SKT0C12,47,0.007484481666666667,request_seconds
correlation-redis-set-cores2,pcm_cha,drd_occupancy,SKT0C12,48,0.007461284166666667,request_seconds
correlation-redis-set-cores2,pcm_cha,drd_occupancy,SKT0C12,49,0.00756427375,request_seconds
correlation-redis-set-cores2,pcm_cha,drd_occupancy,SKT0C12,50,0.0076863145833333335,request_seconds
correlation-redis-set-cores2,pcm_cha,drd_occupancy,SKT0C12,51,0.0075279175,request_seconds
correlation-redis-set-cores2,pcm_cha,drd_occupancy,SKT0C12,52,0.0075011758333333334,request_seconds
correlation-redis-set-cores2,pcm_cha,drd_occupancy,SKT0C12,53,0.00745090375,request_seconds
correlation-redis-set-cores2,pcm_cha,drd_occupancy,SKT0C12,54,0.0074851591666666665,request_seconds
correlation-redis-set-cores2,pcm_cha,drd_occupancy,SKT0C12,55,0.007479404583333333,request_seconds
correlation-redis-set-cores2,pcm_cha,drd_occupancy,SKT0C12,56,0.007521019166666667,request_seconds
correlation-redis-set-cores2,pcm_cha,drd_occupancy,SKT0C12,57,0.007496477916666667,request_seconds
correlation-redis-set-cores2,pcm_cha,drd_occupancy,SKT0C12,58,0.00750903125,request_seconds
correlation-redis-set-cores2,pcm_cha,drd_occupancy,SKT0C12,59,0.007540567083333333,request_seconds
correlation-redis-set-cores2,pcm_cha,drd_occupancy,SKT0C13,0,0.007614394166666667,request_seconds
correlation-redis-set-cores2,pcm_cha,drd_occupancy,SKT0C13,1,0.00758314625,request_seconds
correlation-redis-set-cores2,pcm_cha,drd_occupancy,SKT0C13,2,0.0076014041666666666,request_seconds
correlation-redis-set-cores2,pcm_cha,drd_occupancy,SKT0C13,3,0.007601470416666666,request_seconds
correlation-redis-set-cores2,pcm_cha,drd_occupancy,SKT0C13,4,0.007564138333333333,request_seconds
correlation-redis-set-cores2,pcm_cha,drd_occupancy,SKT0C13,5,0.007560170416666667,request_seconds
correlation-redis-set-cores2,pcm_cha,drd_occupancy,SKT0C13,6,0.007629041666666667,request_seconds
correlation-redis-set-cores2,pcm_cha,drd_occupancy,SKT0C13,7,0.007811302916666667,request_seconds
correlation-redis-set-cores2,pcm_cha,drd_occupancy,SKT0C13,8,0.007638120416666666,request_seconds
correlation-redis-set-cores2,pcm_cha,drd_occupancy,SKT0C13,9,0.007669197083333333,request_seconds
correlation-redis-set-cores2,pcm_cha,drd_occupancy,SKT0C13,10,0.007867474166666666,request_seconds
correlation-redis-set-cores2,pcm_cha,drd_occupancy,SKT0C13,11,0.00762136875,request_seconds
correlation-redis-set-cores2,pcm_cha,drd_occupancy,SKT0C13,12,0.007577163333333334,request_seconds
correlation-redis-set-cores2,pcm_cha,drd_occupancy,SKT0C13,13,0.00756921125,request_seconds
correlation-redis-set-cores2,pcm_cha,drd_occupancy,SKT0C13,14,0.0076078945833333335,request_seconds
correlation-redis-set-cores2,pcm_cha,drd_occupancy,SKT0C13,15,0.007627452083333333,request_seconds
correlation-redis-set-cores2,pcm_cha,drd_occupancy,SKT0C13,16,0.0076120125,request_seconds
correlation-redis-set-cores2,pcm_cha,drd_occupancy,SKT0C13,17,0.0075871125,request_seconds
correlation-redis-set-cores2,pcm_cha,drd_occupancy,SKT0C13,18,0.007620588333333333,request_seconds
correlation-redis-set-cores2,pcm_cha,drd_occupancy,SKT0C13,19,0.00760991875,request_seconds
correlation-redis-set-cores2,pcm_cha,drd_occupancy,SKT0C13,20,0.007806314583333333,request_seconds
correlation-redis-set-cores2,pcm_cha,drd_occupancy,SKT0C13,21,0.007584055833333333,request_seconds
correlation-redis-set-cores2,pcm_cha,drd_occupancy,SKT0C13,22,0.007595314166666666,request_seconds
correlation-redis-set-cores2,pcm_cha,drd_occupancy,SKT0C13,23,0.0076092325,request_seconds
correlation-redis-set-cores2,pcm_cha,drd_occupancy,SKT0C13,24,0.007588377083333334,request_seconds
correlation-redis-set-cores2,pcm_cha,drd_occupancy,SKT0C13,25,0.007602845,request_seconds
correlation-redis-set-cores2,pcm_cha,drd_occupancy,SKT0C13,26,0.007623040416666667,request_seconds
correlation-redis-set-cores2,pcm_cha,drd_occupancy,SKT0C13,27,0.007585836666666667,request_seconds
correlation-redis-set-cores2,pcm_cha,drd_occupancy,SKT0C13,28,0.007612420416666666,request_seconds
correlation-redis-set-cores2,pcm_cha,drd_occupancy,SKT0C13,29,0.007621753333333333,request_seconds
correlation-redis-set-cores2,pcm_cha,drd_occupancy,SKT0C13,30,0.00760072875,request_seconds
correlation-redis-set-cores2,pcm_cha,drd_occupancy,SKT0C13,31,0.0076363745833333335,request_seconds
correlation-redis-set-cores2,pcm_cha,drd_occupancy,SKT0C13,32,0.007578443333333333,request_seconds
correlation-redis-set-cores2,pcm_cha,drd_occupancy,SKT0C13,33,0.007645631666666666,request_seconds
correlation-redis-set-cores2,pcm_cha,drd_occupancy,SKT0C13,34,0.0076176554166666665,request_seconds
correlation-redis-set-cores2,pcm_cha,drd_occupancy,SKT0C13,35,0.007590665833333334,request_seconds
correlation-redis-set-cores2,pcm_cha,drd_occupancy,SKT0C13,36,0.00758053875,request_seconds
correlation-redis-set-cores2,pcm_cha,drd_occupancy,SKT0C13,37,0.007593659583333333,request_seconds
correlation-redis-set-cores2,pcm_cha,drd_occupancy,SKT0C13,38,0.0075742375,request_seconds
correlation-redis-set-cores2,pcm_cha,drd_occupancy,SKT0C13,39,0.007607005833333333,request_seconds
correlation-redis-set-cores2,pcm_cha,drd_occupancy,SKT0C13,40,0.007703184166666667,request_seconds
correlation-redis-set-cores2,pcm_cha,drd_occupancy,SKT0C13,41,0.0076714625,request_seconds
correlation-redis-set-cores2,pcm_cha,drd_occupancy,SKT0C13,42,0.007697481666666666,request_seconds
correlation-redis-set-cores2,pcm_cha,drd_occupancy,SKT0C13,43,0.007860397916666666,request_seconds
correlation-redis-set-cores2,pcm_cha,drd_occupancy,SKT0C13,44,0.00759423,request_seconds
correlation-redis-set-cores2,pcm_cha,drd_occupancy,SKT0C13,45,0.00757623625,request_seconds
correlation-redis-set-cores2,pcm_cha,drd_occupancy,SKT0C13,46,0.007577270416666667,request_seconds
correlation-redis-set-cores2,pcm_cha,drd_occupancy,SKT0C13,47,0.0075633525,request_seconds
correlation-redis-set-cores2,pcm_cha,drd_occupancy,SKT0C13,48,0.007549890833333333,request_seconds
correlation-redis-set-cores2,pcm_cha,drd_occupancy,SKT0C13,49,0.007638224583333333,request_seconds
correlation-redis-set-cores2,pcm_cha,drd_occupancy,SKT0C13,50,0.007755383333333333,request_seconds
correlation-redis-set-cores2,pcm_cha,drd_occupancy,SKT0C13,51,0.007609502083333333,request_seconds
correlation-redis-set-cores2,pcm_cha,drd_occupancy,SKT0C13,52,0.007575528333333333,request_seconds
correlation-redis-set-cores2,pcm_cha,drd_occupancy,SKT0C13,53,0.007574343333333333,request_seconds
correlation-redis-set-cores2,pcm_cha,drd_occupancy,SKT0C13,54,0.00755542875,request_seconds
correlation-redis-set-cores2,pcm_cha,drd_occupancy,SKT0C13,55,0.007589436666666667,request_seconds
correlation-redis-set-cores2,pcm_cha,drd_occupancy,SKT0C13,56,0.007618667916666667,request_seconds
correlation-redis-set-cores2,pcm_cha,drd_occupancy,SKT0C13,57,0.00756546625,request_seconds
correlation-redis-set-cores2,pcm_cha,drd_occupancy,SKT0C13,58,0.007578952083333333,request_seconds
correlation-redis-set-cores2,pcm_cha,drd_occupancy,SKT0C13,59,0.007617320833333333,request_seconds
correlation-redis-set-cores2,pcm_cha,drd_occupancy,SKT0C14,0,0.0076373575,request_seconds
correlation-redis-set-cores2,pcm_cha,drd_occupancy,SKT0C14,1,0.007607548333333334,request_seconds
correlation-redis-set-cores2,pcm_cha,drd_occupancy,SKT0C14,2,0.00762504125,request_seconds
correlation-redis-set-cores2,pcm_cha,drd_occupancy,SKT0C14,3,0.00762041625,request_seconds
correlation-redis-set-cores2,pcm_cha,drd_occupancy,SKT0C14,4,0.007620014166666667,request_seconds
correlation-redis-set-cores2,pcm_cha,drd_occupancy,SKT0C14,5,0.007602500416666666,request_seconds
correlation-redis-set-cores2,pcm_cha,drd_occupancy,SKT0C14,6,0.007699580416666667,request_seconds
correlation-redis-set-cores2,pcm_cha,drd_occupancy,SKT0C14,7,0.007881190833333333,request_seconds
correlation-redis-set-cores2,pcm_cha,drd_occupancy,SKT0C14,8,0.00766582625,request_seconds
correlation-redis-set-cores2,pcm_cha,drd_occupancy,SKT0C14,9,0.007752470833333333,request_seconds
correlation-redis-set-cores2,pcm_cha,drd_occupancy,SKT0C14,10,0.007894012916666667,request_seconds
correlation-redis-set-cores2,pcm_cha,drd_occupancy,SKT0C14,11,0.00763606375,request_seconds
correlation-redis-set-cores2,pcm_cha,drd_occupancy,SKT0C14,12,0.007615227083333334,request_seconds
correlation-redis-set-cores2,pcm_cha,drd_occupancy,SKT0C14,13,0.00762335125,request_seconds
correlation-redis-set-cores2,pcm_cha,drd_occupancy,SKT0C14,14,0.007656336666666667,request_seconds
correlation-redis-set-cores2,pcm_cha,drd_occupancy,SKT0C14,15,0.00765839625,request_seconds
correlation-redis-set-cores2,pcm_cha,drd_occupancy,SKT0C14,16,0.007619527083333333,request_seconds
correlation-redis-set-cores2,pcm_cha,drd_occupancy,SKT0C14,17,0.00764363375,request_seconds
correlation-redis-set-cores2,pcm_cha,drd_occupancy,SKT0C14,18,0.00763524625,request_seconds
correlation-redis-set-cores2,pcm_cha,drd_occupancy,SKT0C14,19,0.007633979583333333,request_seconds
correlation-redis-set-cores2,pcm_cha,drd_occupancy,SKT0C14,20,0.007817075833333333,request_seconds
correlation-redis-set-cores2,pcm_cha,drd_occupancy,SKT0C14,21,0.007584945833333333,request_seconds
correlation-redis-set-cores2,pcm_cha,drd_occupancy,SKT0C14,22,0.0076548008333333336,request_seconds
correlation-redis-set-cores2,pcm_cha,drd_occupancy,SKT0C14,23,0.007659201666666666,request_seconds
correlation-redis-set-cores2,pcm_cha,drd_occupancy,SKT0C14,24,0.007584390416666666,request_seconds
correlation-redis-set-cores2,pcm_cha,drd_occupancy,SKT0C14,25,0.00763279625,request_seconds
correlation-redis-set-cores2,pcm_cha,drd_occupancy,SKT0C14,26,0.00765814875,request_seconds
correlation-redis-set-cores2,pcm_cha,drd_occupancy,SKT0C14,27,0.00767387875,request_seconds
correlation-redis-set-cores2,pcm_cha,drd_occupancy,SKT0C14,28,0.0076378275,request_seconds
correlation-redis-set-cores2,pcm_cha,drd_occupancy,SKT0C14,29,0.0076708775,request_seconds
correlation-redis-set-cores2,pcm_cha,drd_occupancy,SKT0C14,30,0.0076483525,request_seconds
correlation-redis-set-cores2,pcm_cha,drd_occupancy,SKT0C14,31,0.00764039125,request_seconds
correlation-redis-set-cores2,pcm_cha,drd_occupancy,SKT0C14,32,0.007616907083333333,request_seconds
correlation-redis-set-cores2,pcm_cha,drd_occupancy,SKT0C14,33,0.00765184375,request_seconds
correlation-redis-set-cores2,pcm_cha,drd_occupancy,SKT0C14,34,0.007641108333333333,request_seconds
correlation-redis-set-cores2,pcm_cha,drd_occupancy,SKT0C14,35,0.0076519525,request_seconds
correlation-redis-set-cores2,pcm_cha,drd_occupancy,SKT0C14,36,0.00762545875,request_seconds
correlation-redis-set-cores2,pcm_cha,drd_occupancy,SKT0C14,37,0.007625022916666667,request_seconds
correlation-redis-set-cores2,pcm_cha,drd_occupancy,SKT0C14,38,0.0076184316666666665,request_seconds
correlation-redis-set-cores2,pcm_cha,drd_occupancy,SKT0C14,39,0.007636490833333333,request_seconds
correlation-redis-set-cores2,pcm_cha,drd_occupancy,SKT0C14,40,0.007769176666666666,request_seconds
correlation-redis-set-cores2,pcm_cha,drd_occupancy,SKT0C14,41,0.00772203875,request_seconds
correlation-redis-set-cores2,pcm_cha,drd_occupancy,SKT0C14,42,0.007730739166666667,request_seconds
correlation-redis-set-cores2,pcm_cha,drd_occupancy,SKT0C14,43,0.00787152375,request_seconds
correlation-redis-set-cores2,pcm_cha,drd_occupancy,SKT0C14,44,0.00765910625,request_seconds
correlation-redis-set-cores2,pcm_cha,drd_occupancy,SKT0C14,45,0.007607989583333333,request_seconds
correlation-redis-set-cores2,pcm_cha,drd_occupancy,SKT0C14,46,0.0076095775,request_seconds
correlation-redis-set-cores2,pcm_cha,drd_occupancy,SKT0C14,47,0.00762153125,request_seconds
correlation-redis-set-cores2,pcm_cha,drd_occupancy,SKT0C14,48,0.0076253825,request_seconds
correlation-redis-set-cores2,pcm_cha,drd_occupancy,SKT0C14,49,0.00765769625,request_seconds
correlation-redis-set-cores2,pcm_cha,drd_occupancy,SKT0C14,50,0.0078333375,request_seconds
correlation-redis-set-cores2,pcm_cha,drd_occupancy,SKT0C14,51,0.00762175875,request_seconds
correlation-redis-set-cores2,pcm_cha,drd_occupancy,SKT0C14,52,0.007625988333333333,request_seconds
correlation-redis-set-cores2,pcm_cha,drd_occupancy,SKT0C14,53,0.0076285525,request_seconds
correlation-redis-set-cores2,pcm_cha,drd_occupancy,SKT0C14,54,0.007575275,request_seconds
correlation-redis-set-cores2,pcm_cha,drd_occupancy,SKT0C14,55,0.007609693333333333,request_seconds
correlation-redis-set-cores2,pcm_cha,drd_occupancy,SKT0C14,56,0.007626169166666667,request_seconds
correlation-redis-set-cores2,pcm_cha,drd_occupancy,SKT0C14,57,0.00758147875,request_seconds
correlation-redis-set-cores2,pcm_cha,drd_occupancy,SKT0C14,58,0.007588374166666667,request_seconds
correlation-redis-set-cores2,pcm_cha,drd_occupancy,SKT0C14,59,0.007628130833333333,request_seconds
correlation-redis-set-cores2,pcm_cha,drd_occupancy,SKT0C15,0,0.00812176375,request_seconds
correlation-redis-set-cores2,pcm_cha,drd_occupancy,SKT0C15,1,0.008088725,request_seconds
correlation-redis-set-cores2,pcm_cha,drd_occupancy,SKT0C15,2,0.008065055833333333,request_seconds
correlation-redis-set-cores2,pcm_cha,drd_occupancy,SKT0C15,3,0.008103152083333334,request_seconds
correlation-redis-set-cores2,pcm_cha,drd_occupancy,SKT0C15,4,0.008102826666666667,request_seconds
correlation-redis-set-cores2,pcm_cha,drd_occupancy,SKT0C15,5,0.008061341666666666,request_seconds
correlation-redis-set-cores2,pcm_cha,drd_occupancy,SKT0C15,6,0.008158018333333333,request_seconds
correlation-redis-set-cores2,pcm_cha,drd_occupancy,SKT0C15,7,0.0083308775,request_seconds
correlation-redis-set-cores2,pcm_cha,drd_occupancy,SKT0C15,8,0.00815184625,request_seconds
correlation-redis-set-cores2,pcm_cha,drd_occupancy,SKT0C15,9,0.00817595625,request_seconds
correlation-redis-set-cores2,pcm_cha,drd_occupancy,SKT0C15,10,0.00837508625,request_seconds
correlation-redis-set-cores2,pcm_cha,drd_occupancy,SKT0C15,11,0.00809654125,request_seconds
correlation-redis-set-cores2,pcm_cha,drd_occupancy,SKT0C15,12,0.008050485416666666,request_seconds
correlation-redis-set-cores2,pcm_cha,drd_occupancy,SKT0C15,13,0.008081016666666666,request_seconds
correlation-redis-set-cores2,pcm_cha,drd_occupancy,SKT0C15,14,0.008095855,request_seconds
correlation-redis-set-cores2,pcm_cha,drd_occupancy,SKT0C15,15,0.008085930833333333,request_seconds
correlation-redis-set-cores2,pcm_cha,drd_occupancy,SKT0C15,16,0.00808633125,request_seconds
correlation-redis-set-cores2,pcm_cha,drd_occupancy,SKT0C15,17,0.00810083125,request_seconds
correlation-redis-set-cores2,pcm_cha,drd_occupancy,SKT0C15,18,0.008100254166666666,request_seconds
correlation-redis-set-cores2,pcm_cha,drd_occupancy,SKT0C15,19,0.008142755833333333,request_seconds
correlation-redis-set-cores2,pcm_cha,drd_occupancy,SKT0C15,20,0.0082992,request_seconds
correlation-redis-set-cores2,pcm_cha,drd_occupancy,SKT0C15,21,0.008048905416666667,request_seconds
correlation-redis-set-cores2,pcm_cha,drd_occupancy,SKT0C15,22,0.008099197083333334,request_seconds
correlation-redis-set-cores2,pcm_cha,drd_occupancy,SKT0C15,23,0.008084327083333334,request_seconds
correlation-redis-set-cores2,pcm_cha,drd_occupancy,SKT0C15,24,0.00810650125,request_seconds
correlation-redis-set-cores2,pcm_cha,drd_occupancy,SKT0C15,25,0.008121830833333333,request_seconds
correlation-redis-set-cores2,pcm_cha,drd_occupancy,SKT0C15,26,0.008119113333333334,request_seconds
correlation-redis-set-cores2,pcm_cha,drd_occupancy,SKT0C15,27,0.008141734583333334,request_seconds
correlation-redis-set-cores2,pcm_cha,drd_occupancy,SKT0C15,28,0.00811939375,request_seconds
correlation-redis-set-cores2,pcm_cha,drd_occupancy,SKT0C15,29,0.008105764166666666,request_seconds
correlation-redis-set-cores2,pcm_cha,drd_occupancy,SKT0C15,30,0.00813239125,request_seconds
correlation-redis-set-cores2,pcm_cha,drd_occupancy,SKT0C15,31,0.00813636375,request_seconds
correlation-redis-set-cores2,pcm_cha,drd_occupancy,SKT0C15,32,0.00809856375,request_seconds
correlation-redis-set-cores2,pcm_cha,drd_occupancy,SKT0C15,33,0.008116806666666667,request_seconds
correlation-redis-set-cores2,pcm_cha,drd_occupancy,SKT0C15,34,0.008104659166666667,request_seconds
correlation-redis-set-cores2,pcm_cha,drd_occupancy,SKT0C15,35,0.00809942875,request_seconds
correlation-redis-set-cores2,pcm_cha,drd_occupancy,SKT0C15,36,0.008099184583333334,request_seconds
correlation-redis-set-cores2,pcm_cha,drd_occupancy,SKT0C15,37,0.008097019583333333,request_seconds
correlation-redis-set-cores2,pcm_cha,drd_occupancy,SKT0C15,38,0.00807132375,request_seconds
correlation-redis-set-cores2,pcm_cha,drd_occupancy,SKT0C15,39,0.008126718333333333,request_seconds
correlation-redis-set-cores2,pcm_cha,drd_occupancy,SKT0C15,40,0.008237204166666666,request_seconds
correlation-redis-set-cores2,pcm_cha,drd_occupancy,SKT0C15,41,0.008202455416666667,request_seconds
correlation-redis-set-cores2,pcm_cha,drd_occupancy,SKT0C15,42,0.00819776625,request_seconds
correlation-redis-set-cores2,pcm_cha,drd_occupancy,SKT0C15,43,0.00836119,request_seconds
correlation-redis-set-cores2,pcm_cha,drd_occupancy,SKT0C15,44,0.008123433333333333,request_seconds
correlation-redis-set-cores2,pcm_cha,drd_occupancy,SKT0C15,45,0.008079255416666667,request_seconds
correlation-redis-set-cores2,pcm_cha,drd_occupancy,SKT0C15,46,0.008066263333333334,request_seconds
correlation-redis-set-cores2,pcm_cha,drd_occupancy,SKT0C15,47,0.008087170416666666,request_seconds
correlation-redis-set-cores2,pcm_cha,drd_occupancy,SKT0C15,48,0.008061379583333333,request_seconds
correlation-redis-set-cores2,pcm_cha,drd_occupancy,SKT0C15,49,0.0081560925,request_seconds
correlation-redis-set-cores2,pcm_cha,drd_occupancy,SKT0C15,50,0.0082857575,request_seconds
correlation-redis-set-cores2,pcm_cha,drd_occupancy,SKT0C15,51,0.00809921125,request_seconds
correlation-redis-set-cores2,pcm_cha,drd_occupancy,SKT0C15,52,0.00809287875,request_seconds
correlation-redis-set-cores2,pcm_cha,drd_occupancy,SKT0C15,53,0.008060705,request_seconds
correlation-redis-set-cores2,pcm_cha,drd_occupancy,SKT0C15,54,0.008038087083333333,request_seconds
correlation-redis-set-cores2,pcm_cha,drd_occupancy,SKT0C15,55,0.008060420416666667,request_seconds
correlation-redis-set-cores2,pcm_cha,drd_occupancy,SKT0C15,56,0.008096215,request_seconds
correlation-redis-set-cores2,pcm_cha,drd_occupancy,SKT0C15,57,0.008037057083333334,request_seconds
correlation-redis-set-cores2,pcm_cha,drd_occupancy,SKT0C15,58,0.008073788333333333,request_seconds
correlation-redis-set-cores2,pcm_cha,drd_occupancy,SKT0C15,59,0.00811158125,request_seconds
correlation-redis-set-cores2,pcm_cha,drd_latency,SKT0C0,0,29.609342535547164,ns
correlation-redis-set-cores2,pcm_cha,drd_latency,SKT0C0,1,29.60828391452761,ns
correlation-redis-set-cores2,pcm_cha,drd_latency,SKT0C0,2,29.610152995737675,ns
correlation-redis-set-cores2,pcm_cha,drd_latency,SKT0C0,3,29.611872104893152,ns
correlation-redis-set-cores2,pcm_cha,drd_latency,SKT0C0,4,29.60517554662127,ns
correlation-redis-set-cores2,pcm_cha,drd_latency,SKT0C0,5,29.605025060328174,ns
correlation-redis-set-cores2,pcm_cha,drd_latency,SKT0C0,6,29.610977262098405,ns
correlation-redis-set-cores2,pcm_cha,drd_latency,SKT0C0,7,29.602318557263875,ns
correlation-redis-set-cores2,pcm_cha,drd_latency,SKT0C0,8,29.597262052919216,ns
correlation-redis-set-cores2,pcm_cha,drd_latency,SKT0C0,9,29.605573398930115,ns
correlation-redis-set-cores2,pcm_cha,drd_latency,SKT0C0,10,29.599676436622566,ns
correlation-redis-set-cores2,pcm_cha,drd_latency,SKT0C0,11,29.604012322175205,ns
correlation-redis-set-cores2,pcm_cha,drd_latency,SKT0C0,12,29.59708268571891,ns
correlation-redis-set-cores2,pcm_cha,drd_latency,SKT0C0,13,29.60230787295108,ns
correlation-redis-set-cores2,pcm_cha,drd_latency,SKT0C0,14,29.602259767343348,ns
correlation-redis-set-cores2,pcm_cha,drd_latency,SKT0C0,15,29.590853150870203,ns
correlation-redis-set-cores2,pcm_cha,drd_latency,SKT0C0,16,29.601438729699602,ns
correlation-redis-set-cores2,pcm_cha,drd_latency,SKT0C0,17,29.597732220609576,ns
correlation-redis-set-cores2,pcm_cha,drd_latency,SKT0C0,18,29.597138513280875,ns
correlation-redis-set-cores2,pcm_cha,drd_latency,SKT0C0,19,29.595389044647433,ns
correlation-redis-set-cores2,pcm_cha,drd_latency,SKT0C0,20,29.578247592201084,ns
correlation-redis-set-cores2,pcm_cha,drd_latency,SKT0C0,21,29.59553999151052,ns
correlation-redis-set-cores2,pcm_cha,drd_latency,SKT0C0,22,29.597760797044288,ns
correlation-redis-set-cores2,pcm_cha,drd_latency,SKT0C0,23,29.597163947866555,ns
correlation-redis-set-cores2,pcm_cha,drd_latency,SKT0C0,24,29.600036199379886,ns
correlation-redis-set-cores2,pcm_cha,drd_latency,SKT0C0,25,29.59358582415218,ns
correlation-redis-set-cores2,pcm_cha,drd_latency,SKT0C0,26,29.600198157533423,ns
correlation-redis-set-cores2,pcm_cha,drd_latency,SKT0C0,27,29.59232909408672,ns
correlation-redis-set-cores2,pcm_cha,drd_latency,SKT0C0,28,29.599037365566137,ns
correlation-redis-set-cores2,pcm_cha,drd_latency,SKT0C0,29,29.60298396862405,ns
correlation-redis-set-cores2,pcm_cha,drd_latency,SKT0C0,30,29.591772433917296,ns
correlation-redis-set-cores2,pcm_cha,drd_latency,SKT0C0,31,29.597539183134945,ns
correlation-redis-set-cores2,pcm_cha,drd_latency,SKT0C0,32,29.605493138116437,ns
correlation-redis-set-cores2,pcm_cha,drd_latency,SKT0C0,33,29.592369325649585,ns
correlation-redis-set-cores2,pcm_cha,drd_latency,SKT0C0,34,29.60751968607811,ns
correlation-redis-set-cores2,pcm_cha,drd_latency,SKT0C0,35,29.593930788980575,ns
correlation-redis-set-cores2,pcm_cha,drd_latency,SKT0C0,36,29.607586665845393,ns
correlation-redis-set-cores2,pcm_cha,drd_latency,SKT0C0,37,29.59910832917369,ns
correlation-redis-set-cores2,pcm_cha,drd_latency,SKT0C0,38,29.593380440783356,ns
correlation-redis-set-cores2,pcm_cha,drd_latency,SKT0C0,39,29.599027690469825,ns
correlation-redis-set-cores2,pcm_cha,drd_latency,SKT0C0,40,29.603375361364744,ns
correlation-redis-set-cores2,pcm_cha,drd_latency,SKT0C0,41,29.605712190595913,ns
correlation-redis-set-cores2,pcm_cha,drd_latency,SKT0C0,42,29.606480318633604,ns
correlation-redis-set-cores2,pcm_cha,drd_latency,SKT0C0,43,29.541480449375186,ns
correlation-redis-set-cores2,pcm_cha,drd_latency,SKT0C0,44,29.603740973804445,ns
correlation-redis-set-cores2,pcm_cha,drd_latency,SKT0C0,45,29.602570604831087,ns
correlation-redis-set-cores2,pcm_cha,drd_latency,SKT0C0,46,29.605542682333482,ns
correlation-redis-set-cores2,pcm_cha,drd_latency,SKT0C0,47,29.598506005515244,ns
correlation-redis-set-cores2,pcm_cha,drd_latency,SKT0C0,48,29.60291283319393,ns
correlation-redis-set-cores2,pcm_cha,drd_latency,SKT0C0,49,29.602886810883902,ns
correlation-redis-set-cores2,pcm_cha,drd_latency,SKT0C0,50,29.62095967371825,ns
correlation-redis-set-cores2,pcm_cha,drd_latency,SKT0C0,51,29.595523945564914,ns
correlation-redis-set-cores2,pcm_cha,drd_latency,SKT0C0,52,29.60378640364446,ns
correlation-redis-set-cores2,pcm_cha,drd_latency,SKT0C0,53,29.599623821609864,ns
correlation-redis-set-cores2,pcm_cha,drd_latency,SKT0C0,54,29.600133675911927,ns
correlation-redis-set-cores2,pcm_cha,drd_latency,SKT0C0,55,29.600517909552888,ns
correlation-redis-set-cores2,pcm_cha,drd_latency,SKT0C0,56,29.607980148415603,ns
correlation-redis-set-cores2,pcm_cha,drd_latency,SKT0C0,57,29.6065013700891,ns
correlation-redis-set-cores2,pcm_cha,drd_latency,SKT0C0,58,29.604478303683425,ns
correlation-redis-set-cores2,pcm_cha,drd_latency,SKT0C0,59,29.602974905477378,ns
correlation-redis-set-cores2,pcm_cha,drd_latency,SKT0C1,0,30.015636324672105,ns
correlation-redis-set-cores2,pcm_cha,drd_latency,SKT0C1,1,30.01186970579429,ns
correlation-redis-set-cores2,pcm_cha,drd_latency,SKT0C1,2,30.01175787746065,ns
correlation-redis-set-cores2,pcm_cha,drd_latency,SKT0C1,3,30.009809555476846,ns
correlation-redis-set-cores2,pcm_cha,drd_latency,SKT0C1,4,30.01099361655135,ns
correlation-redis-set-cores2,pcm_cha,drd_latency,SKT0C1,5,30.00971572693048,ns
correlation-redis-set-cores2,pcm_cha,drd_latency,SKT0C1,6,30.012513180410718,ns
correlation-redis-set-cores2,pcm_cha,drd_latency,SKT0C1,7,30.008316965381784,ns
correlation-redis-set-cores2,pcm_cha,drd_latency,SKT0C1,8,30.007588974075233,ns
correlation-redis-set-cores2,pcm_cha,drd_latency,SKT0C1,9,30.011249159511358,ns
correlation-redis-set-cores2,pcm_cha,drd_latency,SKT0C1,10,30.00601978223485,ns
correlation-redis-set-cores2,pcm_cha,drd_latency,SKT0C1,11,30.011014444006417,ns
correlation-redis-set-cores2,pcm_cha,drd_latency,SKT0C1,12,30.0070827035588,ns
correlation-redis-set-cores2,pcm_cha,drd_latency,SKT0C1,13,30.00351914924454,ns
correlation-redis-set-cores2,pcm_cha,drd_latency,SKT0C1,14,30.00032277059035,ns
correlation-redis-set-cores2,pcm_cha,drd_latency,SKT0C1,15,29.994443983945814,ns
correlation-redis-set-cores2,pcm_cha,drd_latency,SKT0C1,16,30.00295378276505,ns
correlation-redis-set-cores2,pcm_cha,drd_latency,SKT0C1,17,30.000768221305577,ns
correlation-redis-set-cores2,pcm_cha,drd_latency,SKT0C1,18,29.999778488222805,ns
correlation-redis-set-cores2,pcm_cha,drd_latency,SKT0C1,19,30.00240565328522,ns
correlation-redis-set-cores2,pcm_cha,drd_latency,SKT0C1,20,29.991946496982386,ns
correlation-redis-set-cores2,pcm_cha,drd_latency,SKT0C1,21,30.004950324334725,ns
correlation-redis-set-cores2,pcm_cha,drd_latency,SKT0C1,22,30.005843545589006,ns
correlation-redis-set-cores2,pcm_cha,drd_latency,SKT0C1,23,29.996914038768367,ns
correlation-redis-set-cores2,pcm_cha,drd_latency,SKT0C1,24,30.002654755472392,ns
correlation-redis-set-cores2,pcm_cha,drd_latency,SKT0C1,25,29.998622340937526,ns
correlation-redis-set-cores2,pcm_cha,drd_latency,SKT0C1,26,30.005816713296273,ns
correlation-redis-set-cores2,pcm_cha,drd_latency,SKT0C1,27,29.99803829675677,ns
correlation-redis-set-cores2,pcm_cha,drd_latency,SKT0C1,28,30.004555885326322,ns
correlation-redis-set-cores2,pcm_cha,drd_latency,SKT0C1,29,30.009884548711153,ns
correlation-redis-set-cores2,pcm_cha,drd_latency,SKT0C1,30,29.998584092883508,ns
correlation-redis-set-cores2,pcm_cha,drd_latency,SKT0C1,31,30.006139671910816,ns
correlation-redis-set-cores2,pcm_cha,drd_latency,SKT0C1,32,30.005781198206634,ns
correlation-redis-set-cores2,pcm_cha,drd_latency,SKT0C1,33,30.002439271887102,ns
correlation-redis-set-cores2,pcm_cha,drd_latency,SKT0C1,34,30.010314679247134,ns
correlation-redis-set-cores2,pcm_cha,drd_latency,SKT0C1,35,30.002916098185434,ns
correlation-redis-set-cores2,pcm_cha,drd_latency,SKT0C1,36,30.00763889893743,ns
correlation-redis-set-cores2,pcm_cha,drd_latency,SKT0C1,37,30.005477326667222,ns
correlation-redis-set-cores2,pcm_cha,drd_latency,SKT0C1,38,29.999822022404665,ns
correlation-redis-set-cores2,pcm_cha,drd_latency,SKT0C1,39,30.008103971126072,ns
correlation-redis-set-cores2,pcm_cha,drd_latency,SKT0C1,40,30.010129567979725,ns
correlation-redis-set-cores2,pcm_cha,drd_latency,SKT0C1,41,30.010456666475623,ns
correlation-redis-set-cores2,pcm_cha,drd_latency,SKT0C1,42,30.012064820638916,ns
correlation-redis-set-cores2,pcm_cha,drd_latency,SKT0C1,43,29.95754754919274,ns
correlation-redis-set-cores2,pcm_cha,drd_latency,SKT0C1,44,30.009653971378814,ns
correlation-redis-set-cores2,pcm_cha,drd_latency,SKT0C1,45,30.00738369101201,ns
correlation-redis-set-cores2,pcm_cha,drd_latency,SKT0C1,46,30.007706121278613,ns
correlation-redis-set-cores2,pcm_cha,drd_latency,SKT0C1,47,30.006518260173255,ns
correlation-redis-set-cores2,pcm_cha,drd_latency,SKT0C1,48,30.0101938974007,ns
correlation-redis-set-cores2,pcm_cha,drd_latency,SKT0C1,49,30.01176252654461,ns
correlation-redis-set-cores2,pcm_cha,drd_latency,SKT0C1,50,30.027276748414998,ns
correlation-redis-set-cores2,pcm_cha,drd_latency,SKT0C1,51,30.00109087287936,ns
correlation-redis-set-cores2,pcm_cha,drd_latency,SKT0C1,52,30.010557516517327,ns
correlation-redis-set-cores2,pcm_cha,drd_latency,SKT0C1,53,30.005046972179137,ns
correlation-redis-set-cores2,pcm_cha,drd_latency,SKT0C1,54,30.00507811129938,ns
correlation-redis-set-cores2,pcm_cha,drd_latency,SKT0C1,55,30.00543988317613,ns
correlation-redis-set-cores2,pcm_cha,drd_latency,SKT0C1,56,30.009912801004802,ns
correlation-redis-set-cores2,pcm_cha,drd_latency,SKT0C1,57,30.011071174205384,ns
correlation-redis-set-cores2,pcm_cha,drd_latency,SKT0C1,58,30.007852554818523,ns
correlation-redis-set-cores2,pcm_cha,drd_latency,SKT0C1,59,30.01114614886825,ns
correlation-redis-set-cores2,pcm_cha,drd_latency,SKT0C2,0,29.604996529309265,ns
correlation-redis-set-cores2,pcm_cha,drd_latency,SKT0C2,1,29.608402332798757,ns
correlation-redis-set-cores2,pcm_cha,drd_latency,SKT0C2,2,29.604116389963075,ns
correlation-redis-set-cores2,pcm_cha,drd_latency,SKT0C2,3,29.607621265319242,ns
correlation-redis-set-cores2,pcm_cha,drd_latency,SKT0C2,4,29.61624834674141,ns
correlation-redis-set-cores2,pcm_cha,drd_latency,SKT0C2,5,29.613884874802988,ns
correlation-redis-set-cores2,pcm_cha,drd_latency,SKT0C2,6,29.622356649166026,ns
correlation-redis-set-cores2,pcm_cha,drd_latency,SKT0C2,7,29.59369529196161,ns
correlation-redis-set-cores2,pcm_cha,drd_latency,SKT0C2,8,29.611294566828324,ns
correlation-redis-set-cores2,pcm_cha,drd_latency,SKT0C2,9,29.602868574891282,ns
correlation-redis-set-cores2,pcm_cha,drd_latency,SKT0C2,10,29.56472630011671,ns
correlation-redis-set-cores2,pcm_cha,drd_latency,SKT0C2,11,29.605900293424682,ns
correlation-redis-set-cores2,pcm_cha,drd_latency,SKT0C2,12,29.608130135843744,ns
correlation-redis-set-cores2,pcm_cha,drd_latency,SKT0C2,13,29.616962106055603,ns
correlation-redis-set-cores2,pcm_cha,drd_latency,SKT0C2,14,29.619257210683923,ns
correlation-redis-set-cores2,pcm_cha,drd_latency,SKT0C2,15,29.617038177243483,ns
correlation-redis-set-cores2,pcm_cha,drd_latency,SKT0C2,16,29.613454469537345,ns
correlation-redis-set-cores2,pcm_cha,drd_latency,SKT0C2,17,29.613941207714912,ns
correlation-redis-set-cores2,pcm_cha,drd_latency,SKT0C2,18,29.619864395348976,ns
correlation-redis-set-cores2,pcm_cha,drd_latency,SKT0C2,19,29.614704774313992,ns
correlation-redis-set-cores2,pcm_cha,drd_latency,SKT0C2,20,29.591789659821067,ns
correlation-redis-set-cores2,pcm_cha,drd_latency,SKT0C2,21,29.610697343138003,ns
correlation-redis-set-cores2,pcm_cha,drd_latency,SKT0C2,22,29.614232128348235,ns
correlation-redis-set-cores2,pcm_cha,drd_latency,SKT0C2,23,29.60700738730589,ns
correlation-redis-set-cores2,pcm_cha,drd_latency,SKT0C2,24,29.614349959116925,ns
correlation-redis-set-cores2,pcm_cha,drd_latency,SKT0C2,25,29.6142689385162,ns
correlation-redis-set-cores2,pcm_cha,drd_latency,SKT0C2,26,29.605500822500037,ns
correlation-redis-set-cores2,pcm_cha,drd_latency,SKT0C2,27,29.616962318672993,ns
correlation-redis-set-cores2,pcm_cha,drd_latency,SKT0C2,28,29.612594027933504,ns
correlation-redis-set-cores2,pcm_cha,drd_latency,SKT0C2,29,29.613146136591933,ns
correlation-redis-set-cores2,pcm_cha,drd_latency,SKT0C2,30,29.610125512913346,ns
correlation-redis-set-cores2,pcm_cha,drd_latency,SKT0C2,31,29.612362987371558,ns
correlation-redis-set-cores2,pcm_cha,drd_latency,SKT0C2,32,29.613294616825947,ns
correlation-redis-set-cores2,pcm_cha,drd_latency,SKT0C2,33,29.617474261515248,ns
correlation-redis-set-cores2,pcm_cha,drd_latency,SKT0C2,34,29.616531297203565,ns
correlation-redis-set-cores2,pcm_cha,drd_latency,SKT0C2,35,29.614455673655886,ns
correlation-redis-set-cores2,pcm_cha,drd_latency,SKT0C2,36,29.609442970310873,ns
correlation-redis-set-cores2,pcm_cha,drd_latency,SKT0C2,37,29.61076571982437,ns
correlation-redis-set-cores2,pcm_cha,drd_latency,SKT0C2,38,29.60989574638475,ns
correlation-redis-set-cores2,pcm_cha,drd_latency,SKT0C2,39,29.594444324325625,ns
correlation-redis-set-cores2,pcm_cha,drd_latency,SKT0C2,40,29.572740289884113,ns
correlation-redis-set-cores2,pcm_cha,drd_latency,SKT0C2,41,29.595578177656567,ns
correlation-redis-set-cores2,pcm_cha,drd_latency,SKT0C2,42,29.591172580908665,ns
correlation-redis-set-cores2,pcm_cha,drd_latency,SKT0C2,43,29.57044076990069,ns
correlation-redis-set-cores2,pcm_cha,drd_latency,SKT0C2,44,29.605071899731374,ns
correlation-redis-set-cores2,pcm_cha,drd_latency,SKT0C2,45,29.611330596295403,ns
correlation-redis-set-cores2,pcm_cha,drd_latency,SKT0C2,46,29.612529644316794,ns
correlation-redis-set-cores2,pcm_cha,drd_latency,SKT0C2,47,29.612783117007,ns
correlation-redis-set-cores2,pcm_cha,drd_latency,SKT0C2,48,29.610674893352176,ns
correlation-redis-set-cores2,pcm_cha,drd_latency,SKT0C2,49,29.61424608562186,ns
correlation-redis-set-cores2,pcm_cha,drd_latency,SKT0C2,50,29.600394085998687,ns
correlation-redis-set-cores2,pcm_cha,drd_latency,SKT0C2,51,29.61399297897435,ns
correlation-redis-set-cores2,pcm_cha,drd_latency,SKT0C2,52,29.6146978445726,ns
correlation-redis-set-cores2,pcm_cha,drd_latency,SKT0C2,53,29.614355277429514,ns
correlation-redis-set-cores2,pcm_cha,drd_latency,SKT0C2,54,29.616796157195928,ns
correlation-redis-set-cores2,pcm_cha,drd_latency,SKT0C2,55,29.61073667986552,ns
correlation-redis-set-cores2,pcm_cha,drd_latency,SKT0C2,56,29.603858413988018,ns
correlation-redis-set-cores2,pcm_cha,drd_latency,SKT0C2,57,29.614236972028124,ns
correlation-redis-set-cores2,pcm_cha,drd_latency,SKT0C2,58,29.615453664412165,ns
correlation-redis-set-cores2,pcm_cha,drd_latency,SKT0C2,59,29.60924851246902,ns
correlation-redis-set-cores2,pcm_cha,drd_latency,SKT0C3,0,31.70011974390449,ns
correlation-redis-set-cores2,pcm_cha,drd_latency,SKT0C3,1,31.707515658503215,ns
correlation-redis-set-cores2,pcm_cha,drd_latency,SKT0C3,2,31.70743001676962,ns
correlation-redis-set-cores2,pcm_cha,drd_latency,SKT0C3,3,31.70094807905905,ns
correlation-redis-set-cores2,pcm_cha,drd_latency,SKT0C3,4,31.711831876926052,ns
correlation-redis-set-cores2,pcm_cha,drd_latency,SKT0C3,5,31.708341043251735,ns
correlation-redis-set-cores2,pcm_cha,drd_latency,SKT0C3,6,31.71628865435293,ns
correlation-redis-set-cores2,pcm_cha,drd_latency,SKT0C3,7,31.69029115040403,ns
correlation-redis-set-cores2,pcm_cha,drd_latency,SKT0C3,8,31.70200608685754,ns
correlation-redis-set-cores2,pcm_cha,drd_latency,SKT0C3,9,31.69766566668931,ns
correlation-redis-set-cores2,pcm_cha,drd_latency,SKT0C3,10,31.659094252261657,ns
correlation-redis-set-cores2,pcm_cha,drd_latency,SKT0C3,11,31.699840754729724,ns
correlation-redis-set-cores2,pcm_cha,drd_latency,SKT0C3,12,31.699793288671614,ns
correlation-redis-set-cores2,pcm_cha,drd_latency,SKT0C3,13,31.716188144859167,ns
correlation-redis-set-cores2,pcm_cha,drd_latency,SKT0C3,14,31.714463836642818,ns
correlation-redis-set-cores2,pcm_cha,drd_latency,SKT0C3,15,31.714132158643437,ns
correlation-redis-set-cores2,pcm_cha,drd_latency,SKT0C3,16,31.708996281809142,ns
correlation-redis-set-cores2,pcm_cha,drd_latency,SKT0C3,17,31.708698160098876,ns
correlation-redis-set-cores2,pcm_cha,drd_latency,SKT0C3,18,31.71149894856082,ns
correlation-redis-set-cores2,pcm_cha,drd_latency,SKT0C3,19,31.710672743289646,ns
correlation-redis-set-cores2,pcm_cha,drd_latency,SKT0C3,20,31.68106148869592,ns
correlation-redis-set-cores2,pcm_cha,drd_latency,SKT0C3,21,31.70347800327669,ns
correlation-redis-set-cores2,pcm_cha,drd_latency,SKT0C3,22,31.706170460693833,ns
correlation-redis-set-cores2,pcm_cha,drd_latency,SKT0C3,23,31.702234027298285,ns
correlation-redis-set-cores2,pcm_cha,drd_latency,SKT0C3,24,31.70719326215965,ns
correlation-redis-set-cores2,pcm_cha,drd_latency,SKT0C3,25,31.711909887419576,ns
correlation-redis-set-cores2,pcm_cha,drd_latency,SKT0C3,26,31.697299153673974,ns
correlation-redis-set-cores2,pcm_cha,drd_latency,SKT0C3,27,31.70831606139797,ns
correlation-redis-set-cores2,pcm_cha,drd_latency,SKT0C3,28,31.707260293114953,ns
correlation-redis-set-cores2,pcm_cha,drd_latency,SKT0C3,29,31.705713906208487,ns
correlation-redis-set-cores2,pcm_cha,drd_latency,SKT0C3,30,31.70635957954147,ns
correlation-redis-set-cores2,pcm_cha,drd_latency,SKT0C3,31,31.704853733238576,ns
correlation-redis-set-cores2,pcm_cha,drd_latency,SKT0C3,32,31.707342241858253,ns
correlation-redis-set-cores2,pcm_cha,drd_latency,SKT0C3,33,31.71431723995276,ns
correlation-redis-set-cores2,pcm_cha,drd_latency,SKT0C3,34,31.706440895873882,ns
correlation-redis-set-cores2,pcm_cha,drd_latency,SKT0C3,35,31.708379144637934,ns
correlation-redis-set-cores2,pcm_cha,drd_latency,SKT0C3,36,31.704977418593796,ns
correlation-redis-set-cores2,pcm_cha,drd_latency,SKT0C3,37,31.7093241589661,ns
correlation-redis-set-cores2,pcm_cha,drd_latency,SKT0C3,38,31.701053575634592,ns
correlation-redis-set-cores2,pcm_cha,drd_latency,SKT0C3,39,31.68469810326217,ns
correlation-redis-set-cores2,pcm_cha,drd_latency,SKT0C3,40,31.662570581913318,ns
correlation-redis-set-cores2,pcm_cha,drd_latency,SKT0C3,41,31.692899187283377,ns
correlation-redis-set-cores2,pcm_cha,drd_latency,SKT0C3,42,31.683780589959913,ns
correlation-redis-set-cores2,pcm_cha,drd_latency,SKT0C3,43,31.664363680149073,ns
correlation-redis-set-cores2,pcm_cha,drd_latency,SKT0C3,44,31.7001248314926,ns
correlation-redis-set-cores2,pcm_cha,drd_latency,SKT0C3,45,31.696720840142852,ns
correlation-redis-set-cores2,pcm_cha,drd_latency,SKT0C3,46,31.703753772368337,ns
correlation-redis-set-cores2,pcm_cha,drd_latency,SKT0C3,47,31.70522628535085,ns
correlation-redis-set-cores2,pcm_cha,drd_latency,SKT0C3,48,31.705069221958972,ns
correlation-redis-set-cores2,pcm_cha,drd_latency,SKT0C3,49,31.705724536962215,ns
correlation-redis-set-cores2,pcm_cha,drd_latency,SKT0C3,50,31.69129777654785,ns
correlation-redis-set-cores2,pcm_cha,drd_latency,SKT0C3,51,31.709744001004104,ns
correlation-redis-set-cores2,pcm_cha,drd_latency,SKT0C3,52,31.712193711220948,ns
correlation-redis-set-cores2,pcm_cha,drd_latency,SKT0C3,53,31.706692137970368,ns
correlation-redis-set-cores2,pcm_cha,drd_latency,SKT0C3,54,31.707157557837238,ns
correlation-redis-set-cores2,pcm_cha,drd_latency,SKT0C3,55,31.708530138429676,ns
correlation-redis-set-cores2,pcm_cha,drd_latency,SKT0C3,56,31.69468790126505,ns
correlation-redis-set-cores2,pcm_cha,drd_latency,SKT0C3,57,31.706844815577895,ns
correlation-redis-set-cores2,pcm_cha,drd_latency,SKT0C3,58,31.70788599297783,ns
correlation-redis-set-cores2,pcm_cha,drd_latency,SKT0C3,59,31.703279890830615,ns
correlation-redis-set-cores2,pcm_cha,drd_latency,SKT0C4,0,21.81487194225063,ns
correlation-redis-set-cores2,pcm_cha,drd_latency,SKT0C4,1,21.813149069307027,ns
correlation-redis-set-cores2,pcm_cha,drd_latency,SKT0C4,2,21.810945471986933,ns
correlation-redis-set-cores2,pcm_cha,drd_latency,SKT0C4,3,21.824776617101225,ns
correlation-redis-set-cores2,pcm_cha,drd_latency,SKT0C4,4,21.811086007203205,ns
correlation-redis-set-cores2,pcm_cha,drd_latency,SKT0C4,5,21.813788616760718,ns
correlation-redis-set-cores2,pcm_cha,drd_latency,SKT0C4,6,21.853151416943653,ns
correlation-redis-set-cores2,pcm_cha,drd_latency,SKT0C4,7,21.983577258222876,ns
correlation-redis-set-cores2,pcm_cha,drd_latency,SKT0C4,8,21.82042947985793,ns
correlation-redis-set-cores2,pcm_cha,drd_latency,SKT0C4,9,21.881634676685287,ns
correlation-redis-set-cores2,pcm_cha,drd_latency,SKT0C4,10,21.974836167788514,ns
correlation-redis-set-cores2,pcm_cha,drd_latency,SKT0C4,11,21.839516303344702,ns
correlation-redis-set-cores2,pcm_cha,drd_latency,SKT0C4,12,21.825379348094017,ns
correlation-redis-set-cores2,pcm_cha,drd_latency,SKT0C4,13,21.832011133550637,ns
correlation-redis-set-cores2,pcm_cha,drd_latency,SKT0C4,14,21.82372612485773,ns
correlation-redis-set-cores2,pcm_cha,drd_latency,SKT0C4,15,21.83400124386236,ns
correlation-redis-set-cores2,pcm_cha,drd_latency,SKT0C4,16,21.838919283682593,ns
correlation-redis-set-cores2,pcm_cha,drd_latency,SKT0C4,17,21.82067466136268,ns
correlation-redis-set-cores2,pcm_cha,drd_latency,SKT0C4,18,21.828141181207826,ns
correlation-redis-set-cores2,pcm_cha,drd_latency,SKT0C4,19,21.845887253091558,ns
correlation-redis-set-cores2,pcm_cha,drd_latency,SKT0C4,20,21.978807849153263,ns
correlation-redis-set-cores2,pcm_cha,drd_latency,SKT0C4,21,21.818905027349096,ns
correlation-redis-set-cores2,pcm_cha,drd_latency,SKT0C4,22,21.818685282711648,ns
correlation-redis-set-cores2,pcm_cha,drd_latency,SKT0C4,23,21.839769538436634,ns
correlation-redis-set-cores2,pcm_cha,drd_latency,SKT0C4,24,21.8309542005568,ns
correlation-redis-set-cores2,pcm_cha,drd_latency,SKT0C4,25,21.83366426837525,ns
correlation-redis-set-cores2,pcm_cha,drd_latency,SKT0C4,26,21.829365208523196,ns
correlation-redis-set-cores2,pcm_cha,drd_latency,SKT0C4,27,21.82131574107133,ns
correlation-redis-set-cores2,pcm_cha,drd_latency,SKT0C4,28,21.823459156181432,ns
correlation-redis-set-cores2,pcm_cha,drd_latency,SKT0C4,29,21.834138360111506,ns
correlation-redis-set-cores2,pcm_cha,drd_latency,SKT0C4,30,21.836282906029233,ns
correlation-redis-set-cores2,pcm_cha,drd_latency,SKT0C4,31,21.825046321545567,ns
correlation-redis-set-cores2,pcm_cha,drd_latency,SKT0C4,32,21.81785119017248,ns
correlation-redis-set-cores2,pcm_cha,drd_latency,SKT0C4,33,21.84135166612356,ns
correlation-redis-set-cores2,pcm_cha,drd_latency,SKT0C4,34,21.823715213492246,ns
correlation-redis-set-cores2,pcm_cha,drd_latency,SKT0C4,35,21.832364636117816,ns
correlation-redis-set-cores2,pcm_cha,drd_latency,SKT0C4,36,21.827472257250186,ns
correlation-redis-set-cores2,pcm_cha,drd_latency,SKT0C4,37,21.826658759020226,ns
correlation-redis-set-cores2,pcm_cha,drd_latency,SKT0C4,38,21.835118149914948,ns
correlation-redis-set-cores2,pcm_cha,drd_latency,SKT0C4,39,21.872018012678982,ns
correlation-redis-set-cores2,pcm_cha,drd_latency,SKT0C4,40,21.883663725451406,ns
correlation-redis-set-cores2,pcm_cha,drd_latency,SKT0C4,41,21.85936120105976,ns
correlation-redis-set-cores2,pcm_cha,drd_latency,SKT0C4,42,21.881840938931397,ns
correlation-redis-set-cores2,pcm_cha,drd_latency,SKT0C4,43,21.988174051010596,ns
correlation-redis-set-cores2,pcm_cha,drd_latency,SKT0C4,44,21.829329930623057,ns
correlation-redis-set-cores2,pcm_cha,drd_latency,SKT0C4,45,21.824578370398402,ns
correlation-redis-set-cores2,pcm_cha,drd_latency,SKT0C4,46,21.82329682034222,ns
correlation-redis-set-cores2,pcm_cha,drd_latency,SKT0C4,47,21.8258310362783,ns
correlation-redis-set-cores2,pcm_cha,drd_latency,SKT0C4,48,21.81889500644709,ns
correlation-redis-set-cores2,pcm_cha,drd_latency,SKT0C4,49,21.87118160727909,ns
correlation-redis-set-cores2,pcm_cha,drd_latency,SKT0C4,50,21.959955292032024,ns
correlation-redis-set-cores2,pcm_cha,drd_latency,SKT0C4,51,21.830433514069906,ns
correlation-redis-set-cores2,pcm_cha,drd_latency,SKT0C4,52,21.812144692050303,ns
correlation-redis-set-cores2,pcm_cha,drd_latency,SKT0C4,53,21.826855394914254,ns
correlation-redis-set-cores2,pcm_cha,drd_latency,SKT0C4,54,21.815972272747114,ns
correlation-redis-set-cores2,pcm_cha,drd_latency,SKT0C4,55,21.836621892711694,ns
correlation-redis-set-cores2,pcm_cha,drd_latency,SKT0C4,56,21.828851241702694,ns
correlation-redis-set-cores2,pcm_cha,drd_latency,SKT0C4,57,21.822349139321854,ns
correlation-redis-set-cores2,pcm_cha,drd_latency,SKT0C4,58,21.812392067041138,ns
correlation-redis-set-cores2,pcm_cha,drd_latency,SKT0C4,59,21.84045821618639,ns
correlation-redis-set-cores2,pcm_cha,drd_latency,SKT0C5,0,24.701529676065757,ns
correlation-redis-set-cores2,pcm_cha,drd_latency,SKT0C5,1,24.702441336062762,ns
correlation-redis-set-cores2,pcm_cha,drd_latency,SKT0C5,2,24.697650895430083,ns
correlation-redis-set-cores2,pcm_cha,drd_latency,SKT0C5,3,24.7103452679106,ns
correlation-redis-set-cores2,pcm_cha,drd_latency,SKT0C5,4,24.704538740204768,ns
correlation-redis-set-cores2,pcm_cha,drd_latency,SKT0C5,5,24.698208594952124,ns
correlation-redis-set-cores2,pcm_cha,drd_latency,SKT0C5,6,24.741343148123406,ns
correlation-redis-set-cores2,pcm_cha,drd_latency,SKT0C5,7,24.858334037628126,ns
correlation-redis-set-cores2,pcm_cha,drd_latency,SKT0C5,8,24.70762903576082,ns
correlation-redis-set-cores2,pcm_cha,drd_latency,SKT0C5,9,24.76302425450827,ns
correlation-redis-set-cores2,pcm_cha,drd_latency,SKT0C5,10,24.868024450157897,ns
correlation-redis-set-cores2,pcm_cha,drd_latency,SKT0C5,11,24.727077831419543,ns
correlation-redis-set-cores2,pcm_cha,drd_latency,SKT0C5,12,24.722487426887895,ns
correlation-redis-set-cores2,pcm_cha,drd_latency,SKT0C5,13,24.72378287332123,ns
correlation-redis-set-cores2,pcm_cha,drd_latency,SKT0C5,14,24.712516629551438,ns
correlation-redis-set-cores2,pcm_cha,drd_latency,SKT0C5,15,24.722944016900556,ns
correlation-redis-set-cores2,pcm_cha,drd_latency,SKT0C5,16,24.722894760068723,ns
correlation-redis-set-cores2,pcm_cha,drd_latency,SKT0C5,17,24.714916093990187,ns
correlation-redis-set-cores2,pcm_cha,drd_latency,SKT0C5,18,24.716305799572172,ns
correlation-redis-set-cores2,pcm_cha,drd_latency,SKT0C5,19,24.739437466916897,ns
correlation-redis-set-cores2,pcm_cha,drd_latency,SKT0C5,20,24.86963592164699,ns
correlation-redis-set-cores2,pcm_cha,drd_latency,SKT0C5,21,24.699390992351997,ns
correlation-redis-set-cores2,pcm_cha,drd_latency,SKT0C5,22,24.704939240864373,ns
correlation-redis-set-cores2,pcm_cha,drd_latency,SKT0C5,23,24.733220457504004,ns
correlation-redis-set-cores2,pcm_cha,drd_latency,SKT0C5,24,24.71526771783467,ns
correlation-redis-set-cores2,pcm_cha,drd_latency,SKT0C5,25,24.71818049939253,ns
correlation-redis-set-cores2,pcm_cha,drd_latency,SKT0C5,26,24.72232994812243,ns
correlation-redis-set-cores2,pcm_cha,drd_latency,SKT0C5,27,24.71959947040994,ns
correlation-redis-set-cores2,pcm_cha,drd_latency,SKT0C5,28,24.71007976110155,ns
correlation-redis-set-cores2,pcm_cha,drd_latency,SKT0C5,29,24.717877896333963,ns
correlation-redis-set-cores2,pcm_cha,drd_latency,SKT0C5,30,24.723245766140685,ns
correlation-redis-set-cores2,pcm_cha,drd_latency,SKT0C5,31,24.7121862248424,ns
correlation-redis-set-cores2,pcm_cha,drd_latency,SKT0C5,32,24.70890937993366,ns
correlation-redis-set-cores2,pcm_cha,drd_latency,SKT0C5,33,24.72824715130535,ns
correlation-redis-set-cores2,pcm_cha,drd_latency,SKT0C5,34,24.708673436732013,ns
correlation-redis-set-cores2,pcm_cha,drd_latency,SKT0C5,35,24.71419075200449,ns
correlation-redis-set-cores2,pcm_cha,drd_latency,SKT0C5,36,24.71573270691603,ns
correlation-redis-set-cores2,pcm_cha,drd_latency,SKT0C5,37,24.711724349302152,ns
correlation-redis-set-cores2,pcm_cha,drd_latency,SKT0C5,38,24.718644611248095,ns
correlation-redis-set-cores2,pcm_cha,drd_latency,SKT0C5,39,24.748506194809526,ns
correlation-redis-set-cores2,pcm_cha,drd_latency,SKT0C5,40,24.76101464629234,ns
correlation-redis-set-cores2,pcm_cha,drd_latency,SKT0C5,41,24.74497193359608,ns
correlation-redis-set-cores2,pcm_cha,drd_latency,SKT0C5,42,24.765758790851425,ns
correlation-redis-set-cores2,pcm_cha,drd_latency,SKT0C5,43,24.86656382647459,ns
correlation-redis-set-cores2,pcm_cha,drd_latency,SKT0C5,44,24.722210128495842,ns
correlation-redis-set-cores2,pcm_cha,drd_latency,SKT0C5,45,24.709595867672327,ns
correlation-redis-set-cores2,pcm_cha,drd_latency,SKT0C5,46,24.709898264992862,ns
correlation-redis-set-cores2,pcm_cha,drd_latency,SKT0C5,47,24.714035409945772,ns
correlation-redis-set-cores2,pcm_cha,drd_latency,SKT0C5,48,24.707488008785678,ns
correlation-redis-set-cores2,pcm_cha,drd_latency,SKT0C5,49,24.763620900010327,ns
correlation-redis-set-cores2,pcm_cha,drd_latency,SKT0C5,50,24.846402967440067,ns
correlation-redis-set-cores2,pcm_cha,drd_latency,SKT0C5,51,24.708938967915653,ns
correlation-redis-set-cores2,pcm_cha,drd_latency,SKT0C5,52,24.70092434151694,ns
correlation-redis-set-cores2,pcm_cha,drd_latency,SKT0C5,53,24.714357905203606,ns
correlation-redis-set-cores2,pcm_cha,drd_latency,SKT0C5,54,24.702124481257393,ns
correlation-redis-set-cores2,pcm_cha,drd_latency,SKT0C5,55,24.716332559983197,ns
correlation-redis-set-cores2,pcm_cha,drd_latency,SKT0C5,56,24.7182744329842,ns
correlation-redis-set-cores2,pcm_cha,drd_latency,SKT0C5,57,24.705901335505796,ns
correlation-redis-set-cores2,pcm_cha,drd_latency,SKT0C5,58,24.702592554974355,ns
correlation-redis-set-cores2,pcm_cha,drd_latency,SKT0C5,59,24.726370542288162,ns
correlation-redis-set-cores2,pcm_cha,drd_latency,SKT0C6,0,31.27167385566136,ns
correlation-redis-set-cores2,pcm_cha,drd_latency,SKT0C6,1,31.270177915414276,ns
correlation-redis-set-cores2,pcm_cha,drd_latency,SKT0C6,2,31.276078633023356,ns
correlation-redis-set-cores2,pcm_cha,drd_latency,SKT0C6,3,31.26082887571509,ns
correlation-redis-set-cores2,pcm_cha,drd_latency,SKT0C6,4,31.26539036302668,ns
correlation-redis-set-cores2,pcm_cha,drd_latency,SKT0C6,5,31.268957532957703,ns
correlation-redis-set-cores2,pcm_cha,drd_latency,SKT0C6,6,31.242402137367918,ns
correlation-redis-set-cores2,pcm_cha,drd_latency,SKT0C6,7,31.193897471762035,ns
correlation-redis-set-cores2,pcm_cha,drd_latency,SKT0C6,8,31.25526523488538,ns
correlation-redis-set-cores2,pcm_cha,drd_latency,SKT0C6,9,31.22992117501302,ns
correlation-redis-set-cores2,pcm_cha,drd_latency,SKT0C6,10,31.218032662848625,ns
correlation-redis-set-cores2,pcm_cha,drd_latency,SKT0C6,11,31.260818990340017,ns
correlation-redis-set-cores2,pcm_cha,drd_latency,SKT0C6,12,31.260714629248884,ns
correlation-redis-set-cores2,pcm_cha,drd_latency,SKT0C6,13,31.25359173295005,ns
correlation-redis-set-cores2,pcm_cha,drd_latency,SKT0C6,14,31.260172172317198,ns
correlation-redis-set-cores2,pcm_cha,drd_latency,SKT0C6,15,31.263209685617305,ns
correlation-redis-set-cores2,pcm_cha,drd_latency,SKT0C6,16,31.260680402612792,ns
correlation-redis-set-cores2,pcm_cha,drd_latency,SKT0C6,17,31.261466630461022,ns
correlation-redis-set-cores2,pcm_cha,drd_latency,SKT0C6,18,31.260568244279227,ns
correlation-redis-set-cores2,pcm_cha,drd_latency,SKT0C6,19,31.243355805727475,ns
correlation-redis-set-cores2,pcm_cha,drd_latency,SKT0C6,20,31.279382819692486,ns
correlation-redis-set-cores2,pcm_cha,drd_latency,SKT0C6,21,31.276057727889476,ns
correlation-redis-set-cores2,pcm_cha,drd_latency,SKT0C6,22,31.276137900362304,ns
correlation-redis-set-cores2,pcm_cha,drd_latency,SKT0C6,23,31.255869543437033,ns
correlation-redis-set-cores2,pcm_cha,drd_latency,SKT0C6,24,31.261811422106067,ns
correlation-redis-set-cores2,pcm_cha,drd_latency,SKT0C6,25,31.262870479909235,ns
correlation-redis-set-cores2,pcm_cha,drd_latency,SKT0C6,26,31.263220359353408,ns
correlation-redis-set-cores2,pcm_cha,drd_latency,SKT0C6,27,31.26254176573607,ns
correlation-redis-set-cores2,pcm_cha,drd_latency,SKT0C6,28,31.26267345312553,ns
correlation-redis-set-cores2,pcm_cha,drd_latency,SKT0C6,29,31.25007231180852,ns
correlation-redis-set-cores2,pcm_cha,drd_latency,SKT0C6,30,31.25945524358051,ns
correlation-redis-set-cores2,pcm_cha,drd_latency,SKT0C6,31,31.26255753031231,ns
correlation-redis-set-cores2,pcm_cha,drd_latency,SKT0C6,32,31.26779120631996,ns
correlation-redis-set-cores2,pcm_cha,drd_latency,SKT0C6,33,31.252993206591903,ns
correlation-redis-set-cores2,pcm_cha,drd_latency,SKT0C6,34,31.263589476752443,ns
correlation-redis-set-cores2,pcm_cha,drd_latency,SKT0C6,35,31.259570061161636,ns
correlation-redis-set-cores2,pcm_cha,drd_latency,SKT0C6,36,31.26181614566354,ns
correlation-redis-set-cores2,pcm_cha,drd_latency,SKT0C6,37,31.262190640585825,ns
correlation-redis-set-cores2,pcm_cha,drd_latency,SKT0C6,38,31.261128231467218,ns
correlation-redis-set-cores2,pcm_cha,drd_latency,SKT0C6,39,31.260774336230092,ns
correlation-redis-set-cores2,pcm_cha,drd_latency,SKT0C6,40,31.25854336456875,ns
correlation-redis-set-cores2,pcm_cha,drd_latency,SKT0C6,41,31.253457028405826,ns
correlation-redis-set-cores2,pcm_cha,drd_latency,SKT0C6,42,31.2424282674823,ns
correlation-redis-set-cores2,pcm_cha,drd_latency,SKT0C6,43,31.260620592235693,ns
correlation-redis-set-cores2,pcm_cha,drd_latency,SKT0C6,44,31.262659605339525,ns
correlation-redis-set-cores2,pcm_cha,drd_latency,SKT0C6,45,31.260050439774815,ns
correlation-redis-set-cores2,pcm_cha,drd_latency,SKT0C6,46,31.262358155385563,ns
correlation-redis-set-cores2,pcm_cha,drd_latency,SKT0C6,47,31.26149453409305,ns
correlation-redis-set-cores2,pcm_cha,drd_latency,SKT0C6,48,31.261722955014122,ns
correlation-redis-set-cores2,pcm_cha,drd_latency,SKT0C6,49,31.22745244166697,ns
correlation-redis-set-cores2,pcm_cha,drd_latency,SKT0C6,50,31.20701505557602,ns
correlation-redis-set-cores2,pcm_cha,drd_latency,SKT0C6,51,31.274874119376538,ns
correlation-redis-set-cores2,pcm_cha,drd_latency,SKT0C6,52,31.278076879068728,ns
correlation-redis-set-cores2,pcm_cha,drd_latency,SKT0C6,53,31.270145125684365,ns
correlation-redis-set-cores2,pcm_cha,drd_latency,SKT0C6,54,31.276997221636325,ns
correlation-redis-set-cores2,pcm_cha,drd_latency,SKT0C6,55,31.276970583840246,ns
correlation-redis-set-cores2,pcm_cha,drd_latency,SKT0C6,56,31.271983536656585,ns
correlation-redis-set-cores2,pcm_cha,drd_latency,SKT0C6,57,31.271287523770717,ns
correlation-redis-set-cores2,pcm_cha,drd_latency,SKT0C6,58,31.273125640951218,ns
correlation-redis-set-cores2,pcm_cha,drd_latency,SKT0C6,59,31.263596679547735,ns
correlation-redis-set-cores2,pcm_cha,drd_latency,SKT0C7,0,28.805236641829417,ns
correlation-redis-set-cores2,pcm_cha,drd_latency,SKT0C7,1,28.80565690225535,ns
correlation-redis-set-cores2,pcm_cha,drd_latency,SKT0C7,2,28.803084771731992,ns
correlation-redis-set-cores2,pcm_cha,drd_latency,SKT0C7,3,28.803746118529165,ns
correlation-redis-set-cores2,pcm_cha,drd_latency,SKT0C7,4,28.806869971681387,ns
correlation-redis-set-cores2,pcm_cha,drd_latency,SKT0C7,5,28.806389046968324,ns
correlation-redis-set-cores2,pcm_cha,drd_latency,SKT0C7,6,28.80234552844057,ns
correlation-redis-set-cores2,pcm_cha,drd_latency,SKT0C7,7,28.803736375989768,ns
correlation-redis-set-cores2,pcm_cha,drd_latency,SKT0C7,8,28.802656472176032,ns
correlation-redis-set-cores2,pcm_cha,drd_latency,SKT0C7,9,28.8097343195912,ns
correlation-redis-set-cores2,pcm_cha,drd_latency,SKT0C7,10,28.81344803206656,ns
correlation-redis-set-cores2,pcm_cha,drd_latency,SKT0C7,11,28.802061245325646,ns
correlation-redis-set-cores2,pcm_cha,drd_latency,SKT0C7,12,28.803861208120335,ns
correlation-redis-set-cores2,pcm_cha,drd_latency,SKT0C7,13,28.803692301172138,ns
correlation-redis-set-cores2,pcm_cha,drd_latency,SKT0C7,14,28.803966136759584,ns
correlation-redis-set-cores2,pcm_cha,drd_latency,SKT0C7,15,28.801840813146594,ns
correlation-redis-set-cores2,pcm_cha,drd_latency,SKT0C7,16,28.80456109936422,ns
correlation-redis-set-cores2,pcm_cha,drd_latency,SKT0C7,17,28.80357736984478,ns
correlation-redis-set-cores2,pcm_cha,drd_latency,SKT0C7,18,28.80537055855986,ns
correlation-redis-set-cores2,pcm_cha,drd_latency,SKT0C7,19,28.80232043841291,ns
correlation-redis-set-cores2,pcm_cha,drd_latency,SKT0C7,20,28.780484084802833,ns
correlation-redis-set-cores2,pcm_cha,drd_latency,SKT0C7,21,28.80415774999787,ns
correlation-redis-set-cores2,pcm_cha,drd_latency,SKT0C7,22,28.80520432222654,ns
correlation-redis-set-cores2,pcm_cha,drd_latency,SKT0C7,23,28.802463186223438,ns
correlation-redis-set-cores2,pcm_cha,drd_latency,SKT0C7,24,28.804492349142485,ns
correlation-redis-set-cores2,pcm_cha,drd_latency,SKT0C7,25,28.801815946661442,ns
correlation-redis-set-cores2,pcm_cha,drd_latency,SKT0C7,26,28.803548707837237,ns
correlation-redis-set-cores2,pcm_cha,drd_latency,SKT0C7,27,28.80634541214675,ns
correlation-redis-set-cores2,pcm_cha,drd_latency,SKT0C7,28,28.800376525343193,ns
correlation-redis-set-cores2,pcm_cha,drd_latency,SKT0C7,29,28.804320223614386,ns
correlation-redis-set-cores2,pcm_cha,drd_latency,SKT0C7,30,28.801949452697468,ns
correlation-redis-set-cores2,pcm_cha,drd_latency,SKT0C7,31,28.797728456413708,ns
correlation-redis-set-cores2,pcm_cha,drd_latency,SKT0C7,32,28.80168689197222,ns
correlation-redis-set-cores2,pcm_cha,drd_latency,SKT0C7,33,28.802532025548107,ns
correlation-redis-set-cores2,pcm_cha,drd_latency,SKT0C7,34,28.800585590138645,ns
correlation-redis-set-cores2,pcm_cha,drd_latency,SKT0C7,35,28.79824826327351,ns
correlation-redis-set-cores2,pcm_cha,drd_latency,SKT0C7,36,28.79787627833383,ns
correlation-redis-set-cores2,pcm_cha,drd_latency,SKT0C7,37,28.799347606375242,ns
correlation-redis-set-cores2,pcm_cha,drd_latency,SKT0C7,38,28.804330202746765,ns
correlation-redis-set-cores2,pcm_cha,drd_latency,SKT0C7,39,28.797584353051917,ns
correlation-redis-set-cores2,pcm_cha,drd_latency,SKT0C7,40,28.812009894357498,ns
correlation-redis-set-cores2,pcm_cha,drd_latency,SKT0C7,41,28.795758284418326,ns
correlation-redis-set-cores2,pcm_cha,drd_latency,SKT0C7,42,28.802828067429417,ns
correlation-redis-set-cores2,pcm_cha,drd_latency,SKT0C7,43,28.806458050634003,ns
correlation-redis-set-cores2,pcm_cha,drd_latency,SKT0C7,44,28.80528417997661,ns
correlation-redis-set-cores2,pcm_cha,drd_latency,SKT0C7,45,28.797524801082233,ns
correlation-redis-set-cores2,pcm_cha,drd_latency,SKT0C7,46,28.800085146870774,ns
correlation-redis-set-cores2,pcm_cha,drd_latency,SKT0C7,47,28.802489506651757,ns
correlation-redis-set-cores2,pcm_cha,drd_latency,SKT0C7,48,28.80338363095996,ns
correlation-redis-set-cores2,pcm_cha,drd_latency,SKT0C7,49,28.806113831818198,ns
correlation-redis-set-cores2,pcm_cha,drd_latency,SKT0C7,50,28.77448424353354,ns
correlation-redis-set-cores2,pcm_cha,drd_latency,SKT0C7,51,28.79254451912103,ns
correlation-redis-set-cores2,pcm_cha,drd_latency,SKT0C7,52,28.7920979553676,ns
correlation-redis-set-cores2,pcm_cha,drd_latency,SKT0C7,53,28.794541821814548,ns
correlation-redis-set-cores2,pcm_cha,drd_latency,SKT0C7,54,28.793857969418116,ns
correlation-redis-set-cores2,pcm_cha,drd_latency,SKT0C7,55,28.79697869737926,ns
correlation-redis-set-cores2,pcm_cha,drd_latency,SKT0C7,56,28.797164005111924,ns
correlation-redis-set-cores2,pcm_cha,drd_latency,SKT0C7,57,28.795231070885507,ns
correlation-redis-set-cores2,pcm_cha,drd_latency,SKT0C7,58,28.792966725031082,ns
correlation-redis-set-cores2,pcm_cha,drd_latency,SKT0C7,59,28.795196731786923,ns
correlation-redis-set-cores2,pcm_cha,drd_latency,SKT0C8,0,28.773923351287518,ns
correlation-redis-set-cores2,pcm_cha,drd_latency,SKT0C8,1,28.772884738849882,ns
correlation-redis-set-cores2,pcm_cha,drd_latency,SKT0C8,2,28.769769309149698,ns
correlation-redis-set-cores2,pcm_cha,drd_latency,SKT0C8,3,28.769143236237294,ns
correlation-redis-set-cores2,pcm_cha,drd_latency,SKT0C8,4,28.769161433946742,ns
correlation-redis-set-cores2,pcm_cha,drd_latency,SKT0C8,5,28.763886374061464,ns
correlation-redis-set-cores2,pcm_cha,drd_latency,SKT0C8,6,28.772784694284038,ns
correlation-redis-set-cores2,pcm_cha,drd_latency,SKT0C8,7,28.763411784812114,ns
correlation-redis-set-cores2,pcm_cha,drd_latency,SKT0C8,8,28.763772791225712,ns
correlation-redis-set-cores2,pcm_cha,drd_latency,SKT0C8,9,28.770842728667525,ns
correlation-redis-set-cores2,pcm_cha,drd_latency,SKT0C8,10,28.758590675671908,ns
correlation-redis-set-cores2,pcm_cha,drd_latency,SKT0C8,11,28.76585066591715,ns
correlation-redis-set-cores2,pcm_cha,drd_latency,SKT0C8,12,28.765890014975792,ns
correlation-redis-set-cores2,pcm_cha,drd_latency,SKT0C8,13,28.75583388750747,ns
correlation-redis-set-cores2,pcm_cha,drd_latency,SKT0C8,14,28.759045523257075,ns
correlation-redis-set-cores2,pcm_cha,drd_latency,SKT0C8,15,28.75917638141986,ns
correlation-redis-set-cores2,pcm_cha,drd_latency,SKT0C8,16,28.76410346865427,ns
correlation-redis-set-cores2,pcm_cha,drd_latency,SKT0C8,17,28.76079487013112,ns
correlation-redis-set-cores2,pcm_cha,drd_latency,SKT0C8,18,28.760068946378247,ns
correlation-redis-set-cores2,pcm_cha,drd_latency,SKT0C8,19,28.766144644023708,ns
correlation-redis-set-cores2,pcm_cha,drd_latency,SKT0C8,20,28.75149174431911,ns
correlation-redis-set-cores2,pcm_cha,drd_latency,SKT0C8,21,28.762574126883028,ns
correlation-redis-set-cores2,pcm_cha,drd_latency,SKT0C8,22,28.767570434838998,ns
correlation-redis-set-cores2,pcm_cha,drd_latency,SKT0C8,23,28.76111252945562,ns
correlation-redis-set-cores2,pcm_cha,drd_latency,SKT0C8,24,28.768374902736138,ns
correlation-redis-set-cores2,pcm_cha,drd_latency,SKT0C8,25,28.762178466220522,ns
correlation-redis-set-cores2,pcm_cha,drd_latency,SKT0C8,26,28.766289882436595,ns
correlation-redis-set-cores2,pcm_cha,drd_latency,SKT0C8,27,28.769239660883482,ns
correlation-redis-set-cores2,pcm_cha,drd_latency,SKT0C8,28,28.769969991640956,ns
correlation-redis-set-cores2,pcm_cha,drd_latency,SKT0C8,29,28.76514873851343,ns
correlation-redis-set-cores2,pcm_cha,drd_latency,SKT0C8,30,28.7594040184567,ns
correlation-redis-set-cores2,pcm_cha,drd_latency,SKT0C8,31,28.76558421687398,ns
correlation-redis-set-cores2,pcm_cha,drd_latency,SKT0C8,32,28.766617946721645,ns
correlation-redis-set-cores2,pcm_cha,drd_latency,SKT0C8,33,28.768997184311008,ns
correlation-redis-set-cores2,pcm_cha,drd_latency,SKT0C8,34,28.76770978802843,ns
correlation-redis-set-cores2,pcm_cha,drd_latency,SKT0C8,35,28.761610496320245,ns
correlation-redis-set-cores2,pcm_cha,drd_latency,SKT0C8,36,28.75729803306796,ns
correlation-redis-set-cores2,pcm_cha,drd_latency,SKT0C8,37,28.763327802799722,ns
correlation-redis-set-cores2,pcm_cha,drd_latency,SKT0C8,38,28.76559713181718,ns
correlation-redis-set-cores2,pcm_cha,drd_latency,SKT0C8,39,28.77045833905384,ns
correlation-redis-set-cores2,pcm_cha,drd_latency,SKT0C8,40,28.77298342692067,ns
correlation-redis-set-cores2,pcm_cha,drd_latency,SKT0C8,41,28.762847653810653,ns
correlation-redis-set-cores2,pcm_cha,drd_latency,SKT0C8,42,28.766821997133277,ns
correlation-redis-set-cores2,pcm_cha,drd_latency,SKT0C8,43,28.723637925440407,ns
correlation-redis-set-cores2,pcm_cha,drd_latency,SKT0C8,44,28.771021822524606,ns
correlation-redis-set-cores2,pcm_cha,drd_latency,SKT0C8,45,28.767379288440942,ns
correlation-redis-set-cores2,pcm_cha,drd_latency,SKT0C8,46,28.77223362563132,ns
correlation-redis-set-cores2,pcm_cha,drd_latency,SKT0C8,47,28.770491557160167,ns
correlation-redis-set-cores2,pcm_cha,drd_latency,SKT0C8,48,28.770242517947754,ns
correlation-redis-set-cores2,pcm_cha,drd_latency,SKT0C8,49,28.77445707938417,ns
correlation-redis-set-cores2,pcm_cha,drd_latency,SKT0C8,50,28.77683434230696,ns
correlation-redis-set-cores2,pcm_cha,drd_latency,SKT0C8,51,28.764350891646252,ns
correlation-redis-set-cores2,pcm_cha,drd_latency,SKT0C8,52,28.77368774334554,ns
correlation-redis-set-cores2,pcm_cha,drd_latency,SKT0C8,53,28.76294221232937,ns
correlation-redis-set-cores2,pcm_cha,drd_latency,SKT0C8,54,28.768591014564066,ns
correlation-redis-set-cores2,pcm_cha,drd_latency,SKT0C8,55,28.76990388364939,ns
correlation-redis-set-cores2,pcm_cha,drd_latency,SKT0C8,56,28.769388333892138,ns
correlation-redis-set-cores2,pcm_cha,drd_latency,SKT0C8,57,28.77168709833945,ns
correlation-redis-set-cores2,pcm_cha,drd_latency,SKT0C8,58,28.765254540655267,ns
correlation-redis-set-cores2,pcm_cha,drd_latency,SKT0C8,59,28.777128841036436,ns
correlation-redis-set-cores2,pcm_cha,drd_latency,SKT0C9,0,30.020459787106443,ns
correlation-redis-set-cores2,pcm_cha,drd_latency,SKT0C9,1,30.014875178441702,ns
correlation-redis-set-cores2,pcm_cha,drd_latency,SKT0C9,2,30.010367479828474,ns
correlation-redis-set-cores2,pcm_cha,drd_latency,SKT0C9,3,30.0206318393379,ns
correlation-redis-set-cores2,pcm_cha,drd_latency,SKT0C9,4,30.01224924137446,ns
correlation-redis-set-cores2,pcm_cha,drd_latency,SKT0C9,5,30.009540150248295,ns
correlation-redis-set-cores2,pcm_cha,drd_latency,SKT0C9,6,30.01244597674758,ns
correlation-redis-set-cores2,pcm_cha,drd_latency,SKT0C9,7,30.005424754960274,ns
correlation-redis-set-cores2,pcm_cha,drd_latency,SKT0C9,8,30.012128751733318,ns
correlation-redis-set-cores2,pcm_cha,drd_latency,SKT0C9,9,30.003307774607702,ns
correlation-redis-set-cores2,pcm_cha,drd_latency,SKT0C9,10,29.995782787843265,ns
correlation-redis-set-cores2,pcm_cha,drd_latency,SKT0C9,11,30.005366672825886,ns
correlation-redis-set-cores2,pcm_cha,drd_latency,SKT0C9,12,30.009306419830846,ns
correlation-redis-set-cores2,pcm_cha,drd_latency,SKT0C9,13,29.99856885168407,ns
correlation-redis-set-cores2,pcm_cha,drd_latency,SKT0C9,14,29.99835768531085,ns
correlation-redis-set-cores2,pcm_cha,drd_latency,SKT0C9,15,29.996497814973814,ns
correlation-redis-set-cores2,pcm_cha,drd_latency,SKT0C9,16,30.00433484977555,ns
correlation-redis-set-cores2,pcm_cha,drd_latency,SKT0C9,17,30.003906885886376,ns
correlation-redis-set-cores2,pcm_cha,drd_latency,SKT0C9,18,30.004453260880013,ns
correlation-redis-set-cores2,pcm_cha,drd_latency,SKT0C9,19,30.003614026746202,ns
correlation-redis-set-cores2,pcm_cha,drd_latency,SKT0C9,20,29.988629705151645,ns
correlation-redis-set-cores2,pcm_cha,drd_latency,SKT0C9,21,30.007736720414925,ns
correlation-redis-set-cores2,pcm_cha,drd_latency,SKT0C9,22,30.011845857473826,ns
correlation-redis-set-cores2,pcm_cha,drd_latency,SKT0C9,23,30.005113683549194,ns
correlation-redis-set-cores2,pcm_cha,drd_latency,SKT0C9,24,30.008957137189217,ns
correlation-redis-set-cores2,pcm_cha,drd_latency,SKT0C9,25,29.995429908176124,ns
correlation-redis-set-cores2,pcm_cha,drd_latency,SKT0C9,26,30.015240353226954,ns
correlation-redis-set-cores2,pcm_cha,drd_latency,SKT0C9,27,30.00362654376813,ns
correlation-redis-set-cores2,pcm_cha,drd_latency,SKT0C9,28,30.0071630387202,ns
correlation-redis-set-cores2,pcm_cha,drd_latency,SKT0C9,29,30.006931959825494,ns
correlation-redis-set-cores2,pcm_cha,drd_latency,SKT0C9,30,30.001844116681635,ns
correlation-redis-set-cores2,pcm_cha,drd_latency,SKT0C9,31,30.004024008212703,ns
correlation-redis-set-cores2,pcm_cha,drd_latency,SKT0C9,32,30.005733081914585,ns
correlation-redis-set-cores2,pcm_cha,drd_latency,SKT0C9,33,30.003771174513357,ns
correlation-redis-set-cores2,pcm_cha,drd_latency,SKT0C9,34,30.00883903857188,ns
correlation-redis-set-cores2,pcm_cha,drd_latency,SKT0C9,35,30.006669373514995,ns
correlation-redis-set-cores2,pcm_cha,drd_latency,SKT0C9,36,30.008402519911495,ns
correlation-redis-set-cores2,pcm_cha,drd_latency,SKT0C9,37,30.00753870862959,ns
correlation-redis-set-cores2,pcm_cha,drd_latency,SKT0C9,38,30.003936528818887,ns
correlation-redis-set-cores2,pcm_cha,drd_latency,SKT0C9,39,30.013795676213405,ns
correlation-redis-set-cores2,pcm_cha,drd_latency,SKT0C9,40,30.012483289029134,ns
correlation-redis-set-cores2,pcm_cha,drd_latency,SKT0C9,41,30.00933773455854,ns
correlation-redis-set-cores2,pcm_cha,drd_latency,SKT0C9,42,30.011896145218966,ns
correlation-redis-set-cores2,pcm_cha,drd_latency,SKT0C9,43,29.947878543786224,ns
correlation-redis-set-cores2,pcm_cha,drd_latency,SKT0C9,44,30.010412580334265,ns
correlation-redis-set-cores2,pcm_cha,drd_latency,SKT0C9,45,30.009100916631244,ns
correlation-redis-set-cores2,pcm_cha,drd_latency,SKT0C9,46,30.01393803376799,ns
correlation-redis-set-cores2,pcm_cha,drd_latency,SKT0C9,47,30.004213723941923,ns
correlation-redis-set-cores2,pcm_cha,drd_latency,SKT0C9,48,30.010689188813203,ns
correlation-redis-set-cores2,pcm_cha,drd_latency,SKT0C9,49,30.013257752480484,ns
correlation-redis-set-cores2,pcm_cha,drd_latency,SKT0C9,50,30.023073278956726,ns
correlation-redis-set-cores2,pcm_cha,drd_latency,SKT0C9,51,30.009999095104515,ns
correlation-redis-set-cores2,pcm_cha,drd_latency,SKT0C9,52,30.013726426354744,ns
correlation-redis-set-cores2,pcm_cha,drd_latency,SKT0C9,53,30.00266557384184,ns
correlation-redis-set-cores2,pcm_cha,drd_latency,SKT0C9,54,30.010665756263858,ns
correlation-redis-set-cores2,pcm_cha,drd_latency,SKT0C9,55,30.009636440896898,ns
correlation-redis-set-cores2,pcm_cha,drd_latency,SKT0C9,56,30.01492900642826,ns
correlation-redis-set-cores2,pcm_cha,drd_latency,SKT0C9,57,30.013396417425632,ns
correlation-redis-set-cores2,pcm_cha,drd_latency,SKT0C9,58,30.011078480810603,ns
correlation-redis-set-cores2,pcm_cha,drd_latency,SKT0C9,59,30.015858915238162,ns
correlation-redis-set-cores2,pcm_cha,drd_latency,SKT0C10,0,27.53683327790871,ns
correlation-redis-set-cores2,pcm_cha,drd_latency,SKT0C10,1,27.53678570519047,ns
correlation-redis-set-cores2,pcm_cha,drd_latency,SKT0C10,2,27.534397715472483,ns
correlation-redis-set-cores2,pcm_cha,drd_latency,SKT0C10,3,27.54062763185004,ns
correlation-redis-set-cores2,pcm_cha,drd_latency,SKT0C10,4,27.54523538406875,ns
correlation-redis-set-cores2,pcm_cha,drd_latency,SKT0C10,5,27.54715134062747,ns
correlation-redis-set-cores2,pcm_cha,drd_latency,SKT0C10,6,27.553268861029302,ns
correlation-redis-set-cores2,pcm_cha,drd_latency,SKT0C10,7,27.53842072026242,ns
correlation-redis-set-cores2,pcm_cha,drd_latency,SKT0C10,8,27.544935877561716,ns
correlation-redis-set-cores2,pcm_cha,drd_latency,SKT0C10,9,27.54291317227855,ns
correlation-redis-set-cores2,pcm_cha,drd_latency,SKT0C10,10,27.523750603185288,ns
correlation-redis-set-cores2,pcm_cha,drd_latency,SKT0C10,11,27.534133316370422,ns
correlation-redis-set-cores2,pcm_cha,drd_latency,SKT0C10,12,27.541003435753584,ns
correlation-redis-set-cores2,pcm_cha,drd_latency,SKT0C10,13,27.545325584256734,ns
correlation-redis-set-cores2,pcm_cha,drd_latency,SKT0C10,14,27.54275480627676,ns
correlation-redis-set-cores2,pcm_cha,drd_latency,SKT0C10,15,27.5483019126279,ns
correlation-redis-set-cores2,pcm_cha,drd_latency,SKT0C10,16,27.547137660590764,ns
correlation-redis-set-cores2,pcm_cha,drd_latency,SKT0C10,17,27.545595657383537,ns
correlation-redis-set-cores2,pcm_cha,drd_latency,SKT0C10,18,27.551499859165318,ns
correlation-redis-set-cores2,pcm_cha,drd_latency,SKT0C10,19,27.548727991185626,ns
correlation-redis-set-cores2,pcm_cha,drd_latency,SKT0C10,20,27.54492761034192,ns
correlation-redis-set-cores2,pcm_cha,drd_latency,SKT0C10,21,27.54055576816771,ns
correlation-redis-set-cores2,pcm_cha,drd_latency,SKT0C10,22,27.54880409561431,ns
correlation-redis-set-cores2,pcm_cha,drd_latency,SKT0C10,23,27.537434282941806,ns
correlation-redis-set-cores2,pcm_cha,drd_latency,SKT0C10,24,27.552971590370063,ns
correlation-redis-set-cores2,pcm_cha,drd_latency,SKT0C10,25,27.543988022842733,ns
correlation-redis-set-cores2,pcm_cha,drd_latency,SKT0C10,26,27.537057377335938,ns
correlation-redis-set-cores2,pcm_cha,drd_latency,SKT0C10,27,27.546789197643903,ns
correlation-redis-set-cores2,pcm_cha,drd_latency,SKT0C10,28,27.543584656323453,ns
correlation-redis-set-cores2,pcm_cha,drd_latency,SKT0C10,29,27.542765866023455,ns
correlation-redis-set-cores2,pcm_cha,drd_latency,SKT0C10,30,27.541374258428593,ns
correlation-redis-set-cores2,pcm_cha,drd_latency,SKT0C10,31,27.546541663804604,ns
correlation-redis-set-cores2,pcm_cha,drd_latency,SKT0C10,32,27.542080933360346,ns
correlation-redis-set-cores2,pcm_cha,drd_latency,SKT0C10,33,27.550253176133094,ns
correlation-redis-set-cores2,pcm_cha,drd_latency,SKT0C10,34,27.541039089846198,ns
correlation-redis-set-cores2,pcm_cha,drd_latency,SKT0C10,35,27.543753633571914,ns
correlation-redis-set-cores2,pcm_cha,drd_latency,SKT0C10,36,27.545312307480447,ns
correlation-redis-set-cores2,pcm_cha,drd_latency,SKT0C10,37,27.54752479488934,ns
correlation-redis-set-cores2,pcm_cha,drd_latency,SKT0C10,38,27.545542167799926,ns
correlation-redis-set-cores2,pcm_cha,drd_latency,SKT0C10,39,27.537529316254737,ns
correlation-redis-set-cores2,pcm_cha,drd_latency,SKT0C10,40,27.52020842437572,ns
correlation-redis-set-cores2,pcm_cha,drd_latency,SKT0C10,41,27.52863334981382,ns
correlation-redis-set-cores2,pcm_cha,drd_latency,SKT0C10,42,27.533826792491585,ns
correlation-redis-set-cores2,pcm_cha,drd_latency,SKT0C10,43,27.52019931982329,ns
correlation-redis-set-cores2,pcm_cha,drd_latency,SKT0C10,44,27.54017260893141,ns
correlation-redis-set-cores2,pcm_cha,drd_latency,SKT0C10,45,27.53996590929697,ns
correlation-redis-set-cores2,pcm_cha,drd_latency,SKT0C10,46,27.548690375810494,ns
correlation-redis-set-cores2,pcm_cha,drd_latency,SKT0C10,47,27.541669989632346,ns
correlation-redis-set-cores2,pcm_cha,drd_latency,SKT0C10,48,27.540043750158976,ns
correlation-redis-set-cores2,pcm_cha,drd_latency,SKT0C10,49,27.547182878173558,ns
correlation-redis-set-cores2,pcm_cha,drd_latency,SKT0C10,50,27.551960339354057,ns
correlation-redis-set-cores2,pcm_cha,drd_latency,SKT0C10,51,27.554716473027593,ns
correlation-redis-set-cores2,pcm_cha,drd_latency,SKT0C10,52,27.548425285152533,ns
correlation-redis-set-cores2,pcm_cha,drd_latency,SKT0C10,53,27.550110415343195,ns
correlation-redis-set-cores2,pcm_cha,drd_latency,SKT0C10,54,27.54291184807876,ns
correlation-redis-set-cores2,pcm_cha,drd_latency,SKT0C10,55,27.547490329242045,ns
correlation-redis-set-cores2,pcm_cha,drd_latency,SKT0C10,56,27.543726548594396,ns
correlation-redis-set-cores2,pcm_cha,drd_latency,SKT0C10,57,27.547707516961047,ns
correlation-redis-set-cores2,pcm_cha,drd_latency,SKT0C10,58,27.544768481825386,ns
correlation-redis-set-cores2,pcm_cha,drd_latency,SKT0C10,59,27.546070220715364,ns
correlation-redis-set-cores2,pcm_cha,drd_latency,SKT0C11,0,29.199132520559804,ns
correlation-redis-set-cores2,pcm_cha,drd_latency,SKT0C11,1,29.195439362671006,ns
correlation-redis-set-cores2,pcm_cha,drd_latency,SKT0C11,2,29.194505356864088,ns
correlation-redis-set-cores2,pcm_cha,drd_latency,SKT0C11,3,29.188642775741897,ns
correlation-redis-set-cores2,pcm_cha,drd_latency,SKT0C11,4,29.191602992359087,ns
correlation-redis-set-cores2,pcm_cha,drd_latency,SKT0C11,5,29.192836190994587,ns
correlation-redis-set-cores2,pcm_cha,drd_latency,SKT0C11,6,29.171813843568962,ns
correlation-redis-set-cores2,pcm_cha,drd_latency,SKT0C11,7,29.132605887492122,ns
correlation-redis-set-cores2,pcm_cha,drd_latency,SKT0C11,8,29.188208206803584,ns
correlation-redis-set-cores2,pcm_cha,drd_latency,SKT0C11,9,29.16790490563693,ns
correlation-redis-set-cores2,pcm_cha,drd_latency,SKT0C11,10,29.165987622155157,ns
correlation-redis-set-cores2,pcm_cha,drd_latency,SKT0C11,11,29.18885388316251,ns
correlation-redis-set-cores2,pcm_cha,drd_latency,SKT0C11,12,29.186727882411844,ns
correlation-redis-set-cores2,pcm_cha,drd_latency,SKT0C11,13,29.18299871955021,ns
correlation-redis-set-cores2,pcm_cha,drd_latency,SKT0C11,14,29.18580986542522,ns
correlation-redis-set-cores2,pcm_cha,drd_latency,SKT0C11,15,29.188030393631355,ns
correlation-redis-set-cores2,pcm_cha,drd_latency,SKT0C11,16,29.191282325355214,ns
correlation-redis-set-cores2,pcm_cha,drd_latency,SKT0C11,17,29.191215398122086,ns
correlation-redis-set-cores2,pcm_cha,drd_latency,SKT0C11,18,29.190087041609576,ns
correlation-redis-set-cores2,pcm_cha,drd_latency,SKT0C11,19,29.176135989709536,ns
correlation-redis-set-cores2,pcm_cha,drd_latency,SKT0C11,20,29.21216366630501,ns
correlation-redis-set-cores2,pcm_cha,drd_latency,SKT0C11,21,29.201556940685325,ns
correlation-redis-set-cores2,pcm_cha,drd_latency,SKT0C11,22,29.200851996634803,ns
correlation-redis-set-cores2,pcm_cha,drd_latency,SKT0C11,23,29.185266567483247,ns
correlation-redis-set-cores2,pcm_cha,drd_latency,SKT0C11,24,29.189251817258494,ns
correlation-redis-set-cores2,pcm_cha,drd_latency,SKT0C11,25,29.191352581073136,ns
correlation-redis-set-cores2,pcm_cha,drd_latency,SKT0C11,26,29.1912627546415,ns
correlation-redis-set-cores2,pcm_cha,drd_latency,SKT0C11,27,29.19066759486445,ns
correlation-redis-set-cores2,pcm_cha,drd_latency,SKT0C11,28,29.189903773732695,ns
correlation-redis-set-cores2,pcm_cha,drd_latency,SKT0C11,29,29.183871924886688,ns
correlation-redis-set-cores2,pcm_cha,drd_latency,SKT0C11,30,29.194793125336734,ns
correlation-redis-set-cores2,pcm_cha,drd_latency,SKT0C11,31,29.192815174313356,ns
correlation-redis-set-cores2,pcm_cha,drd_latency,SKT0C11,32,29.197758522128954,ns
correlation-redis-set-cores2,pcm_cha,drd_latency,SKT0C11,33,29.189586187008867,ns
correlation-redis-set-cores2,pcm_cha,drd_latency,SKT0C11,34,29.19339465295766,ns
correlation-redis-set-cores2,pcm_cha,drd_latency,SKT0C11,35,29.191688176940985,ns
correlation-redis-set-cores2,pcm_cha,drd_latency,SKT0C11,36,29.190629609127868,ns
correlation-redis-set-cores2,pcm_cha,drd_latency,SKT0C11,37,29.1906271837242,ns
correlation-redis-set-cores2,pcm_cha,drd_latency,SKT0C11,38,29.191267889872716,ns
correlation-redis-set-cores2,pcm_cha,drd_latency,SKT0C11,39,29.190223633172256,ns
correlation-redis-set-cores2,pcm_cha,drd_latency,SKT0C11,40,29.192166716126362,ns
correlation-redis-set-cores2,pcm_cha,drd_latency,SKT0C11,41,29.186340336114373,ns
correlation-redis-set-cores2,pcm_cha,drd_latency,SKT0C11,42,29.179274555513448,ns
correlation-redis-set-cores2,pcm_cha,drd_latency,SKT0C11,43,29.200819743840984,ns
correlation-redis-set-cores2,pcm_cha,drd_latency,SKT0C11,44,29.193686661734986,ns
correlation-redis-set-cores2,pcm_cha,drd_latency,SKT0C11,45,29.189256728666198,ns
correlation-redis-set-cores2,pcm_cha,drd_latency,SKT0C11,46,29.191449555113675,ns
correlation-redis-set-cores2,pcm_cha,drd_latency,SKT0C11,47,29.190552995391705,ns
correlation-redis-set-cores2,pcm_cha,drd_latency,SKT0C11,48,29.188536684920024,ns
correlation-redis-set-cores2,pcm_cha,drd_latency,SKT0C11,49,29.162809348809304,ns
correlation-redis-set-cores2,pcm_cha,drd_latency,SKT0C11,50,29.15143191881723,ns
correlation-redis-set-cores2,pcm_cha,drd_latency,SKT0C11,51,29.198826472534424,ns
correlation-redis-set-cores2,pcm_cha,drd_latency,SKT0C11,52,29.20043543581624,ns
correlation-redis-set-cores2,pcm_cha,drd_latency,SKT0C11,53,29.195178257799345,ns
correlation-redis-set-cores2,pcm_cha,drd_latency,SKT0C11,54,29.199475244395522,ns
correlation-redis-set-cores2,pcm_cha,drd_latency,SKT0C11,55,29.19735907727059,ns
correlation-redis-set-cores2,pcm_cha,drd_latency,SKT0C11,56,29.19779989060564,ns
correlation-redis-set-cores2,pcm_cha,drd_latency,SKT0C11,57,29.19538537198603,ns
correlation-redis-set-cores2,pcm_cha,drd_latency,SKT0C11,58,29.196438842691986,ns
correlation-redis-set-cores2,pcm_cha,drd_latency,SKT0C11,59,29.189928958710862,ns
correlation-redis-set-cores2,pcm_cha,drd_latency,SKT0C12,0,27.132467416661846,ns
correlation-redis-set-cores2,pcm_cha,drd_latency,SKT0C12,1,27.128952276308752,ns
correlation-redis-set-cores2,pcm_cha,drd_latency,SKT0C12,2,27.130789111123956,ns
correlation-redis-set-cores2,pcm_cha,drd_latency,SKT0C12,3,27.12517727685932,ns
correlation-redis-set-cores2,pcm_cha,drd_latency,SKT0C12,4,27.127862273377616,ns
correlation-redis-set-cores2,pcm_cha,drd_latency,SKT0C12,5,27.129092900418133,ns
correlation-redis-set-cores2,pcm_cha,drd_latency,SKT0C12,6,27.10413491766826,ns
correlation-redis-set-cores2,pcm_cha,drd_latency,SKT0C12,7,27.072927779323035,ns
correlation-redis-set-cores2,pcm_cha,drd_latency,SKT0C12,8,27.120017897397855,ns
correlation-redis-set-cores2,pcm_cha,drd_latency,SKT0C12,9,27.096996172556874,ns
correlation-redis-set-cores2,pcm_cha,drd_latency,SKT0C12,10,27.09835599819007,ns
correlation-redis-set-cores2,pcm_cha,drd_latency,SKT0C12,11,27.123761096786215,ns
correlation-redis-set-cores2,pcm_cha,drd_latency,SKT0C12,12,27.12294472876275,ns
correlation-redis-set-cores2,pcm_cha,drd_latency,SKT0C12,13,27.118072901959934,ns
correlation-redis-set-cores2,pcm_cha,drd_latency,SKT0C12,14,27.124524096189514,ns
correlation-redis-set-cores2,pcm_cha,drd_latency,SKT0C12,15,27.12436687583369,ns
correlation-redis-set-cores2,pcm_cha,drd_latency,SKT0C12,16,27.124789685870855,ns
correlation-redis-set-cores2,pcm_cha,drd_latency,SKT0C12,17,27.125976802966438,ns
correlation-redis-set-cores2,pcm_cha,drd_latency,SKT0C12,18,27.12226168105424,ns
correlation-redis-set-cores2,pcm_cha,drd_latency,SKT0C12,19,27.107935450573716,ns
correlation-redis-set-cores2,pcm_cha,drd_latency,SKT0C12,20,27.14603872714583,ns
correlation-redis-set-cores2,pcm_cha,drd_latency,SKT0C12,21,27.13159705871699,ns
correlation-redis-set-cores2,pcm_cha,drd_latency,SKT0C12,22,27.131752084880763,ns
correlation-redis-set-cores2,pcm_cha,drd_latency,SKT0C12,23,27.116895379541536,ns
correlation-redis-set-cores2,pcm_cha,drd_latency,SKT0C12,24,27.125163870031784,ns
correlation-redis-set-cores2,pcm_cha,drd_latency,SKT0C12,25,27.125740950369437,ns
correlation-redis-set-cores2,pcm_cha,drd_latency,SKT0C12,26,27.124338930220176,ns
correlation-redis-set-cores2,pcm_cha,drd_latency,SKT0C12,27,27.12428470660053,ns
correlation-redis-set-cores2,pcm_cha,drd_latency,SKT0C12,28,27.123508221317802,ns
correlation-redis-set-cores2,pcm_cha,drd_latency,SKT0C12,29,27.116116568222303,ns
correlation-redis-set-cores2,pcm_cha,drd_latency,SKT0C12,30,27.123768554183616,ns
correlation-redis-set-cores2,pcm_cha,drd_latency,SKT0C12,31,27.122391477176663,ns
correlation-redis-set-cores2,pcm_cha,drd_latency,SKT0C12,32,27.12689788088818,ns
correlation-redis-set-cores2,pcm_cha,drd_latency,SKT0C12,33,27.119431076022757,ns
correlation-redis-set-cores2,pcm_cha,drd_latency,SKT0C12,34,27.124130901119738,ns
correlation-redis-set-cores2,pcm_cha,drd_latency,SKT0C12,35,27.123051748454056,ns
correlation-redis-set-cores2,pcm_cha,drd_latency,SKT0C12,36,27.124672920534618,ns
correlation-redis-set-cores2,pcm_cha,drd_latency,SKT0C12,37,27.123588791332775,ns
correlation-redis-set-cores2,pcm_cha,drd_latency,SKT0C12,38,27.123522681075237,ns
correlation-redis-set-cores2,pcm_cha,drd_latency,SKT0C12,39,27.123279283692185,ns
correlation-redis-set-cores2,pcm_cha,drd_latency,SKT0C12,40,27.12569895342287,ns
correlation-redis-set-cores2,pcm_cha,drd_latency,SKT0C12,41,27.118568088634863,ns
correlation-redis-set-cores2,pcm_cha,drd_latency,SKT0C12,42,27.10990502035278,ns
correlation-redis-set-cores2,pcm_cha,drd_latency,SKT0C12,43,27.131570442833436,ns
correlation-redis-set-cores2,pcm_cha,drd_latency,SKT0C12,44,27.125421302810942,ns
correlation-redis-set-cores2,pcm_cha,drd_latency,SKT0C12,45,27.11997847616564,ns
correlation-redis-set-cores2,pcm_cha,drd_latency,SKT0C12,46,27.12391658917207,ns
correlation-redis-set-cores2,pcm_cha,drd_latency,SKT0C12,47,27.124271713302385,ns
correlation-redis-set-cores2,pcm_cha,drd_latency,SKT0C12,48,27.12237562265916,ns
correlation-redis-set-cores2,pcm_cha,drd_latency,SKT0C12,49,27.096455987763335,ns
correlation-redis-set-cores2,pcm_cha,drd_latency,SKT0C12,50,27.087569630929643,ns
correlation-redis-set-cores2,pcm_cha,drd_latency,SKT0C12,51,27.1310525651884,ns
correlation-redis-set-cores2,pcm_cha,drd_latency,SKT0C12,52,27.13128337378275,ns
correlation-redis-set-cores2,pcm_cha,drd_latency,SKT0C12,53,27.127537664474882,ns
correlation-redis-set-cores2,pcm_cha,drd_latency,SKT0C12,54,27.13016827474888,ns
correlation-redis-set-cores2,pcm_cha,drd_latency,SKT0C12,55,27.13183050445764,ns
correlation-redis-set-cores2,pcm_cha,drd_latency,SKT0C12,56,27.12828702551469,ns
correlation-redis-set-cores2,pcm_cha,drd_latency,SKT0C12,57,27.127242818457606,ns
correlation-redis-set-cores2,pcm_cha,drd_latency,SKT0C12,58,27.127611053308478,ns
correlation-redis-set-cores2,pcm_cha,drd_latency,SKT0C12,59,27.120342263670945,ns
correlation-redis-set-cores2,pcm_cha,drd_latency,SKT0C13,0,27.524659092415266,ns
correlation-redis-set-cores2,pcm_cha,drd_latency,SKT0C13,1,27.52563122971825,ns
correlation-redis-set-cores2,pcm_cha,drd_latency,SKT0C13,2,27.52855257948005,ns
correlation-redis-set-cores2,pcm_cha,drd_latency,SKT0C13,3,27.514045435241083,ns
correlation-redis-set-cores2,pcm_cha,drd_latency,SKT0C13,4,27.522370916958963,ns
correlation-redis-set-cores2,pcm_cha,drd_latency,SKT0C13,5,27.52816627462975,ns
correlation-redis-set-cores2,pcm_cha,drd_latency,SKT0C13,6,27.48699037894537,ns
correlation-redis-set-cores2,pcm_cha,drd_latency,SKT0C13,7,27.445155443903754,ns
correlation-redis-set-cores2,pcm_cha,drd_latency,SKT0C13,8,27.511473438651844,ns
correlation-redis-set-cores2,pcm_cha,drd_latency,SKT0C13,9,27.48166055102855,ns
correlation-redis-set-cores2,pcm_cha,drd_latency,SKT0C13,10,27.47704272590854,ns
correlation-redis-set-cores2,pcm_cha,drd_latency,SKT0C13,11,27.515953317929092,ns
correlation-redis-set-cores2,pcm_cha,drd_latency,SKT0C13,12,27.51919740733612,ns
correlation-redis-set-cores2,pcm_cha,drd_latency,SKT0C13,13,27.511299162944198,ns
correlation-redis-set-cores2,pcm_cha,drd_latency,SKT0C13,14,27.52195703553642,ns
correlation-redis-set-cores2,pcm_cha,drd_latency,SKT0C13,15,27.515167557089896,ns
correlation-redis-set-cores2,pcm_cha,drd_latency,SKT0C13,16,27.517840294120838,ns
correlation-redis-set-cores2,pcm_cha,drd_latency,SKT0C13,17,27.5172546985732,ns
correlation-redis-set-cores2,pcm_cha,drd_latency,SKT0C13,18,27.516116025756755,ns
correlation-redis-set-cores2,pcm_cha,drd_latency,SKT0C13,19,27.493374965226472,ns
correlation-redis-set-cores2,pcm_cha,drd_latency,SKT0C13,20,27.539678269837516,ns
correlation-redis-set-cores2,pcm_cha,drd_latency,SKT0C13,21,27.526734684495032,ns
correlation-redis-set-cores2,pcm_cha,drd_latency,SKT0C13,22,27.525038474268744,ns
correlation-redis-set-cores2,pcm_cha,drd_latency,SKT0C13,23,27.509481063180576,ns
correlation-redis-set-cores2,pcm_cha,drd_latency,SKT0C13,24,27.517948815580645,ns
correlation-redis-set-cores2,pcm_cha,drd_latency,SKT0C13,25,27.52061463838413,ns
correlation-redis-set-cores2,pcm_cha,drd_latency,SKT0C13,26,27.5192067256782,ns
correlation-redis-set-cores2,pcm_cha,drd_latency,SKT0C13,27,27.516619389973474,ns
correlation-redis-set-cores2,pcm_cha,drd_latency,SKT0C13,28,27.518220656564193,ns
correlation-redis-set-cores2,pcm_cha,drd_latency,SKT0C13,29,27.507509891884023,ns
correlation-redis-set-cores2,pcm_cha,drd_latency,SKT0C13,30,27.519628484429365,ns
correlation-redis-set-cores2,pcm_cha,drd_latency,SKT0C13,31,27.523624547062273,ns
correlation-redis-set-cores2,pcm_cha,drd_latency,SKT0C13,32,27.522146926304423,ns
correlation-redis-set-cores2,pcm_cha,drd_latency,SKT0C13,33,27.514643874643873,ns
correlation-redis-set-cores2,pcm_cha,drd_latency,SKT0C13,34,27.521127400861534,ns
correlation-redis-set-cores2,pcm_cha,drd_latency,SKT0C13,35,27.519263002829028,ns
correlation-redis-set-cores2,pcm_cha,drd_latency,SKT0C13,36,27.520661719592376,ns
correlation-redis-set-cores2,pcm_cha,drd_latency,SKT0C13,37,27.515552322596932,ns
correlation-redis-set-cores2,pcm_cha,drd_latency,SKT0C13,38,27.516566095451225,ns
correlation-redis-set-cores2,pcm_cha,drd_latency,SKT0C13,39,27.516352931530502,ns
correlation-redis-set-cores2,pcm_cha,drd_latency,SKT0C13,40,27.518251586706203,ns
correlation-redis-set-cores2,pcm_cha,drd_latency,SKT0C13,41,27.508901933503545,ns
correlation-redis-set-cores2,pcm_cha,drd_latency,SKT0C13,42,27.496603475231264,ns
correlation-redis-set-cores2,pcm_cha,drd_latency,SKT0C13,43,27.522690772895604,ns
correlation-redis-set-cores2,pcm_cha,drd_latency,SKT0C13,44,27.519214671638384,ns
correlation-redis-set-cores2,pcm_cha,drd_latency,SKT0C13,45,27.516429985290646,ns
correlation-redis-set-cores2,pcm_cha,drd_latency,SKT0C13,46,27.51638837746136,ns
correlation-redis-set-cores2,pcm_cha,drd_latency,SKT0C13,47,27.516107614508677,ns
correlation-redis-set-cores2,pcm_cha,drd_latency,SKT0C13,48,27.51919385213535,ns
correlation-redis-set-cores2,pcm_cha,drd_latency,SKT0C13,49,27.48373471071803,ns
correlation-redis-set-cores2,pcm_cha,drd_latency,SKT0C13,50,27.46221107971379,ns
correlation-redis-set-cores2,pcm_cha,drd_latency,SKT0C13,51,27.528867709286747,ns
correlation-redis-set-cores2,pcm_cha,drd_latency,SKT0C13,52,27.52605557634753,ns
correlation-redis-set-cores2,pcm_cha,drd_latency,SKT0C13,53,27.522249837698514,ns
correlation-redis-set-cores2,pcm_cha,drd_latency,SKT0C13,54,27.5260353100192,ns
correlation-redis-set-cores2,pcm_cha,drd_latency,SKT0C13,55,27.525384592135886,ns
correlation-redis-set-cores2,pcm_cha,drd_latency,SKT0C13,56,27.524487047018987,ns
correlation-redis-set-cores2,pcm_cha,drd_latency,SKT0C13,57,27.52329695316053,ns
correlation-redis-set-cores2,pcm_cha,drd_latency,SKT0C13,58,27.52029660427144,ns
correlation-redis-set-cores2,pcm_cha,drd_latency,SKT0C13,59,27.51325880709865,ns
correlation-redis-set-cores2,pcm_cha,drd_latency,SKT0C14,0,27.557063579977413,ns
correlation-redis-set-cores2,pcm_cha,drd_latency,SKT0C14,1,27.562781996657105,ns
correlation-redis-set-cores2,pcm_cha,drd_latency,SKT0C14,2,27.5536842238395,ns
correlation-redis-set-cores2,pcm_cha,drd_latency,SKT0C14,3,27.55599038847485,ns
correlation-redis-set-cores2,pcm_cha,drd_latency,SKT0C14,4,27.557924576294685,ns
correlation-redis-set-cores2,pcm_cha,drd_latency,SKT0C14,5,27.554875669314928,ns
correlation-redis-set-cores2,pcm_cha,drd_latency,SKT0C14,6,27.557750651997033,ns
correlation-redis-set-cores2,pcm_cha,drd_latency,SKT0C14,7,27.56885341859264,ns
correlation-redis-set-cores2,pcm_cha,drd_latency,SKT0C14,8,27.556180330638522,ns
correlation-redis-set-cores2,pcm_cha,drd_latency,SKT0C14,9,27.568163526083023,ns
correlation-redis-set-cores2,pcm_cha,drd_latency,SKT0C14,10,27.57743404052649,ns
correlation-redis-set-cores2,pcm_cha,drd_latency,SKT0C14,11,27.56045039810009,ns
correlation-redis-set-cores2,pcm_cha,drd_latency,SKT0C14,12,27.555460570753127,ns
correlation-redis-set-cores2,pcm_cha,drd_latency,SKT0C14,13,27.55743579084353,ns
correlation-redis-set-cores2,pcm_cha,drd_latency,SKT0C14,14,27.553168391063128,ns
correlation-redis-set-cores2,pcm_cha,drd_latency,SKT0C14,15,27.557902605954617,ns
correlation-redis-set-cores2,pcm_cha,drd_latency,SKT0C14,16,27.556262687999382,ns
correlation-redis-set-cores2,pcm_cha,drd_latency,SKT0C14,17,27.54978860903665,ns
correlation-redis-set-cores2,pcm_cha,drd_latency,SKT0C14,18,27.552627068184687,ns
correlation-redis-set-cores2,pcm_cha,drd_latency,SKT0C14,19,27.55621021081724,ns
correlation-redis-set-cores2,pcm_cha,drd_latency,SKT0C14,20,27.54605941650046,ns
correlation-redis-set-cores2,pcm_cha,drd_latency,SKT0C14,21,27.551164651924175,ns
correlation-redis-set-cores2,pcm_cha,drd_latency,SKT0C14,22,27.554979403721852,ns
correlation-redis-set-cores2,pcm_cha,drd_latency,SKT0C14,23,27.55544642557335,ns
correlation-redis-set-cores2,pcm_cha,drd_latency,SKT0C14,24,27.550548209766667,ns
correlation-redis-set-cores2,pcm_cha,drd_latency,SKT0C14,25,27.55034759194222,ns
correlation-redis-set-cores2,pcm_cha,drd_latency,SKT0C14,26,27.5549297827096,ns
correlation-redis-set-cores2,pcm_cha,drd_latency,SKT0C14,27,27.553827579397137,ns
correlation-redis-set-cores2,pcm_cha,drd_latency,SKT0C14,28,27.558461122136027,ns
correlation-redis-set-cores2,pcm_cha,drd_latency,SKT0C14,29,27.554824955277923,ns
correlation-redis-set-cores2,pcm_cha,drd_latency,SKT0C14,30,27.559445737635215,ns
correlation-redis-set-cores2,pcm_cha,drd_latency,SKT0C14,31,27.554389182210297,ns
correlation-redis-set-cores2,pcm_cha,drd_latency,SKT0C14,32,27.556753362179577,ns
correlation-redis-set-cores2,pcm_cha,drd_latency,SKT0C14,33,27.556932770082902,ns
correlation-redis-set-cores2,pcm_cha,drd_latency,SKT0C14,34,27.555484633313977,ns
correlation-redis-set-cores2,pcm_cha,drd_latency,SKT0C14,35,27.555835845136105,ns
correlation-redis-set-cores2,pcm_cha,drd_latency,SKT0C14,36,27.556786150521468,ns
correlation-redis-set-cores2,pcm_cha,drd_latency,SKT0C14,37,27.557601236986226,ns
correlation-redis-set-cores2,pcm_cha,drd_latency,SKT0C14,38,27.552600013260758,ns
correlation-redis-set-cores2,pcm_cha,drd_latency,SKT0C14,39,27.557814402086308,ns
correlation-redis-set-cores2,pcm_cha,drd_latency,SKT0C14,40,27.558774042582876,ns
correlation-redis-set-cores2,pcm_cha,drd_latency,SKT0C14,41,27.54988083897921,ns
correlation-redis-set-cores2,pcm_cha,drd_latency,SKT0C14,42,27.567447015892263,ns
correlation-redis-set-cores2,pcm_cha,drd_latency,SKT0C14,43,27.567245630194122,ns
correlation-redis-set-cores2,pcm_cha,drd_latency,SKT0C14,44,27.557879198929218,ns
correlation-redis-set-cores2,pcm_cha,drd_latency,SKT0C14,45,27.557790966673185,ns
correlation-redis-set-cores2,pcm_cha,drd_latency,SKT0C14,46,27.551068251514305,ns
correlation-redis-set-cores2,pcm_cha,drd_latency,SKT0C14,47,27.557829985717643,ns
correlation-redis-set-cores2,pcm_cha,drd_latency,SKT0C14,48,27.550935058928946,ns
correlation-redis-set-cores2,pcm_cha,drd_latency,SKT0C14,49,27.558557059056394,ns
correlation-redis-set-cores2,pcm_cha,drd_latency,SKT0C14,50,27.542218682756005,ns
correlation-redis-set-cores2,pcm_cha,drd_latency,SKT0C14,51,27.551778703991555,ns
correlation-redis-set-cores2,pcm_cha,drd_latency,SKT0C14,52,27.552924868244837,ns
correlation-redis-set-cores2,pcm_cha,drd_latency,SKT0C14,53,27.552831653844766,ns
correlation-redis-set-cores2,pcm_cha,drd_latency,SKT0C14,54,27.5509628848357,ns
correlation-redis-set-cores2,pcm_cha,drd_latency,SKT0C14,55,27.55298400100416,ns
correlation-redis-set-cores2,pcm_cha,drd_latency,SKT0C14,56,27.546909861064456,ns
correlation-redis-set-cores2,pcm_cha,drd_latency,SKT0C14,57,27.54897801598837,ns
correlation-redis-set-cores2,pcm_cha,drd_latency,SKT0C14,58,27.551008120635615,ns
correlation-redis-set-cores2,pcm_cha,drd_latency,SKT0C14,59,27.55101015026143,ns
correlation-redis-set-cores2,pcm_cha,drd_latency,SKT0C15,0,29.206152637332604,ns
correlation-redis-set-cores2,pcm_cha,drd_latency,SKT0C15,1,29.209503793500673,ns
correlation-redis-set-cores2,pcm_cha,drd_latency,SKT0C15,2,29.200480214533638,ns
correlation-redis-set-cores2,pcm_cha,drd_latency,SKT0C15,3,29.20412621125952,ns
correlation-redis-set-cores2,pcm_cha,drd_latency,SKT0C15,4,29.199796273339675,ns
correlation-redis-set-cores2,pcm_cha,drd_latency,SKT0C15,5,29.202892513083565,ns
correlation-redis-set-cores2,pcm_cha,drd_latency,SKT0C15,6,29.215287078883723,ns
correlation-redis-set-cores2,pcm_cha,drd_latency,SKT0C15,7,29.214645410838088,ns
correlation-redis-set-cores2,pcm_cha,drd_latency,SKT0C15,8,29.207932188450613,ns
correlation-redis-set-cores2,pcm_cha,drd_latency,SKT0C15,9,29.20526758540872,ns
correlation-redis-set-cores2,pcm_cha,drd_latency,SKT0C15,10,29.217217747140232,ns
correlation-redis-set-cores2,pcm_cha,drd_latency,SKT0C15,11,29.203771601086412,ns
correlation-redis-set-cores2,pcm_cha,drd_latency,SKT0C15,12,29.20588514495645,ns
correlation-redis-set-cores2,pcm_cha,drd_latency,SKT0C15,13,29.21257669746615,ns
correlation-redis-set-cores2,pcm_cha,drd_latency,SKT0C15,14,29.208987264133928,ns
correlation-redis-set-cores2,pcm_cha,drd_latency,SKT0C15,15,29.200889949814677,ns
correlation-redis-set-cores2,pcm_cha,drd_latency,SKT0C15,16,29.203496077949843,ns
correlation-redis-set-cores2,pcm_cha,drd_latency,SKT0C15,17,29.200918653146704,ns
correlation-redis-set-cores2,pcm_cha,drd_latency,SKT0C15,18,29.207787657632966,ns
correlation-redis-set-cores2,pcm_cha,drd_latency,SKT0C15,19,29.2106322045248,ns
correlation-redis-set-cores2,pcm_cha,drd_latency,SKT0C15,20,29.172305431844464,ns
correlation-redis-set-cores2,pcm_cha,drd_latency,SKT0C15,21,29.20799434146672,ns
correlation-redis-set-cores2,pcm_cha,drd_latency,SKT0C15,22,29.206714183369037,ns
correlation-redis-set-cores2,pcm_cha,drd_latency,SKT0C15,23,29.20743915363031,ns
correlation-redis-set-cores2,pcm_cha,drd_latency,SKT0C15,24,29.204513522373972,ns
correlation-redis-set-cores2,pcm_cha,drd_latency,SKT0C15,25,29.204083454989583,ns
correlation-redis-set-cores2,pcm_cha,drd_latency,SKT0C15,26,29.211643238433098,ns
correlation-redis-set-cores2,pcm_cha,drd_latency,SKT0C15,27,29.202673531778345,ns
correlation-redis-set-cores2,pcm_cha,drd_latency,SKT0C15,28,29.21023495848383,ns
correlation-redis-set-cores2,pcm_cha,drd_latency,SKT0C15,29,29.213013852498698,ns
correlation-redis-set-cores2,pcm_cha,drd_latency,SKT0C15,30,29.209182024215306,ns
correlation-redis-set-cores2,pcm_cha,drd_latency,SKT0C15,31,29.21180393494417,ns
correlation-redis-set-cores2,pcm_cha,drd_latency,SKT0C15,32,29.208748850377795,ns
correlation-redis-set-cores2,pcm_cha,drd_latency,SKT0C15,33,29.206601657610978,ns
correlation-redis-set-cores2,pcm_cha,drd_latency,SKT0C15,34,29.20997890401809,ns
correlation-redis-set-cores2,pcm_cha,drd_latency,SKT0C15,35,29.20997230266551,ns
correlation-redis-set-cores2,pcm_cha,drd_latency,SKT0C15,36,29.207933036175806,ns
correlation-redis-set-cores2,pcm_cha,drd_latency,SKT0C15,37,29.2077092847369,ns
correlation-redis-set-cores2,pcm_cha,drd_latency,SKT0C15,38,29.199281352424915,ns
correlation-redis-set-cores2,pcm_cha,drd_latency,SKT0C15,39,29.203806053462507,ns
correlation-redis-set-cores2,pcm_cha,drd_latency,SKT0C15,40,29.212326419057817,ns
correlation-redis-set-cores2,pcm_cha,drd_latency,SKT0C15,41,29.20665504684722,ns
correlation-redis-set-cores2,pcm_cha,drd_latency,SKT0C15,42,29.214403952859335,ns
correlation-redis-set-cores2,pcm_cha,drd_latency,SKT0C15,43,29.224098760599215,ns
correlation-redis-set-cores2,pcm_cha,drd_latency,SKT0C15,44,29.205329996992017,ns
correlation-redis-set-cores2,pcm_cha,drd_latency,SKT0C15,45,29.20863837120322,ns
correlation-redis-set-cores2,pcm_cha,drd_latency,SKT0C15,46,29.20897653629397,ns
correlation-redis-set-cores2,pcm_cha,drd_latency,SKT0C15,47,29.205682896118027,ns
correlation-redis-set-cores2,pcm_cha,drd_latency,SKT0C15,48,29.212659974754338,ns
correlation-redis-set-cores2,pcm_cha,drd_latency,SKT0C15,49,29.207448960955713,ns
correlation-redis-set-cores2,pcm_cha,drd_latency,SKT0C15,50,29.215322097246215,ns
correlation-redis-set-cores2,pcm_cha,drd_latency,SKT0C15,51,29.20718656915565,ns
correlation-redis-set-cores2,pcm_cha,drd_latency,SKT0C15,52,29.206995456300724,ns
correlation-redis-set-cores2,pcm_cha,drd_latency,SKT0C15,53,29.207675221665415,ns
correlation-redis-set-cores2,pcm_cha,drd_latency,SKT0C15,54,29.20657334568731,ns
correlation-redis-set-cores2,pcm_cha,drd_latency,SKT0C15,55,29.211089548218133,ns
correlation-redis-set-cores2,pcm_cha,drd_latency,SKT0C15,56,29.20712481962482,ns
correlation-redis-set-cores2,pcm_cha,drd_latency,SKT0C15,57,29.20909259959199,ns
correlation-redis-set-cores2,pcm_cha,drd_latency,SKT0C15,58,29.214010114569877,ns
correlation-redis-set-cores2,pcm_cha,drd_latency,SKT0C15,59,29.207662546224444,ns
correlation-redis-set-cores2,pcm_imc,rpq_occ_agg,SKT0CHAN0,0,27852168.0,occupancy_cycles
correlation-redis-set-cores2,pcm_imc,rpq_occ_agg,SKT0CHAN0,1,28476504.0,occupancy_cycles
correlation-redis-set-cores2,pcm_imc,rpq_occ_agg,SKT0CHAN0,2,28019993.0,occupancy_cycles
correlation-redis-set-cores2,pcm_imc,rpq_occ_agg,SKT0CHAN0,3,27724904.0,occupancy_cycles
correlation-redis-set-cores2,pcm_imc,rpq_occ_agg,SKT0CHAN0,4,27644460.0,occupancy_cycles
correlation-redis-set-cores2,pcm_imc,rpq_occ_agg,SKT0CHAN0,5,27830447.0,occupancy_cycles
correlation-redis-set-cores2,pcm_imc,rpq_occ_agg,SKT0CHAN0,6,27820096.0,occupancy_cycles
correlation-redis-set-cores2,pcm_imc,rpq_occ_agg,SKT0CHAN0,7,27632275.0,occupancy_cycles
correlation-redis-set-cores2,pcm_imc,rpq_occ_agg,SKT0CHAN0,8,27749759.0,occupancy_cycles
correlation-redis-set-cores2,pcm_imc,rpq_occ_agg,SKT0CHAN0,9,27574123.0,occupancy_cycles
correlation-redis-set-cores2,pcm_imc,rpq_occ_agg,SKT0CHAN0,10,27596376.0,occupancy_cycles
correlation-redis-set-cores2,pcm_imc,rpq_occ_agg,SKT0CHAN0,11,27725207.0,occupancy_cycles
correlation-redis-set-cores2,pcm_imc,rpq_occ_agg,SKT0CHAN0,12,28415660.0,occupancy_cycles
correlation-redis-set-cores2,pcm_imc,rpq_occ_agg,SKT0CHAN0,13,27692227.0,occupancy_cycles
correlation-redis-set-cores2,pcm_imc,rpq_occ_agg,SKT0CHAN0,14,28202620.0,occupancy_cycles
correlation-redis-set-cores2,pcm_imc,rpq_occ_agg,SKT0CHAN0,15,28947998.0,occupancy_cycles
correlation-redis-set-cores2,pcm_imc,rpq_occ_agg,SKT0CHAN0,16,27812835.0,occupancy_cycles
correlation-redis-set-cores2,pcm_imc,rpq_occ_agg,SKT0CHAN0,17,27647952.0,occupancy_cycles
correlation-redis-set-cores2,pcm_imc,rpq_occ_agg,SKT0CHAN0,18,27935165.0,occupancy_cycles
correlation-redis-set-cores2,pcm_imc,rpq_occ_agg,SKT0CHAN0,19,27780284.0,occupancy_cycles
correlation-redis-set-cores2,pcm_imc,rpq_occ_agg,SKT0CHAN0,20,28906630.0,occupancy_cycles
correlation-redis-set-cores2,pcm_imc,rpq_occ_agg,SKT0CHAN0,21,27786206.0,occupancy_cycles
correlation-redis-set-cores2,pcm_imc,rpq_occ_agg,SKT0CHAN0,22,27922196.0,occupancy_cycles
correlation-redis-set-cores2,pcm_imc,rpq_occ_agg,SKT0CHAN0,23,27942918.0,occupancy_cycles
correlation-redis-set-cores2,pcm_imc,rpq_occ_agg,SKT0CHAN0,24,27882572.0,occupancy_cycles
correlation-redis-set-cores2,pcm_imc,rpq_occ_agg,SKT0CHAN0,25,28067983.0,occupancy_cycles
correlation-redis-set-cores2,pcm_imc,rpq_occ_agg,SKT0CHAN0,26,27941419.0,occupancy_cycles
correlation-redis-set-cores2,pcm_imc,rpq_occ_agg,SKT0CHAN0,27,27996442.0,occupancy_cycles
correlation-redis-set-cores2,pcm_imc,rpq_occ_agg,SKT0CHAN0,28,27822247.0,occupancy_cycles
correlation-redis-set-cores2,pcm_imc,rpq_occ_agg,SKT0CHAN0,29,28060542.0,occupancy_cycles
correlation-redis-set-cores2,pcm_imc,rpq_occ_agg,SKT0CHAN0,30,28229387.0,occupancy_cycles
correlation-redis-set-cores2,pcm_imc,rpq_occ_agg,SKT0CHAN0,31,27834818.0,occupancy_cycles
correlation-redis-set-cores2,pcm_imc,rpq_occ_agg,SKT0CHAN0,32,27862873.0,occupancy_cycles
correlation-redis-set-cores2,pcm_imc,rpq_occ_agg,SKT0CHAN0,33,27642085.0,occupancy_cycles
correlation-redis-set-cores2,pcm_imc,rpq_occ_agg,SKT0CHAN0,34,27701720.0,occupancy_cycles
correlation-redis-set-cores2,pcm_imc,rpq_occ_agg,SKT0CHAN0,35,28011430.0,occupancy_cycles
correlation-redis-set-cores2,pcm_imc,rpq_occ_agg,SKT0CHAN0,36,27746377.0,occupancy_cycles
correlation-redis-set-cores2,pcm_imc,rpq_occ_agg,SKT0CHAN0,37,27730851.0,occupancy_cycles
correlation-redis-set-cores2,pcm_imc,rpq_occ_agg,SKT0CHAN0,38,27807583.0,occupancy_cycles
correlation-redis-set-cores2,pcm_imc,rpq_occ_agg,SKT0CHAN0,39,27653712.0,occupancy_cycles
correlation-redis-set-cores2,pcm_imc,rpq_occ_agg,SKT0CHAN0,40,27848766.0,occupancy_cycles
correlation-redis-set-cores2,pcm_imc,rpq_occ_agg,SKT0CHAN0,41,27877791.0,occupancy_cycles
correlation-redis-set-cores2,pcm_imc,rpq_occ_agg,SKT0CHAN0,42,27727009.0,occupancy_cycles
correlation-redis-set-cores2,pcm_imc,rpq_occ_agg,SKT0CHAN0,43,27768436.0,occupancy_cycles
correlation-redis-set-cores2,pcm_imc,rpq_occ_agg,SKT0CHAN0,44,28476831.0,occupancy_cycles
correlation-redis-set-cores2,pcm_imc,rpq_occ_agg,SKT0CHAN0,45,27940014.0,occupancy_cycles
correlation-redis-set-cores2,pcm_imc,rpq_occ_agg,SKT0CHAN0,46,28166184.0,occupancy_cycles
correlation-redis-set-cores2,pcm_imc,rpq_occ_agg,SKT0CHAN0,47,28457391.0,occupancy_cycles
correlation-redis-set-cores2,pcm_imc,rpq_occ_agg,SKT0CHAN0,48,29293028.0,occupancy_cycles
correlation-redis-set-cores2,pcm_imc,rpq_occ_agg,SKT0CHAN0,49,27931217.0,occupancy_cycles
correlation-redis-set-cores2,pcm_imc,rpq_occ_agg,SKT0CHAN0,50,28909180.0,occupancy_cycles
correlation-redis-set-cores2,pcm_imc,rpq_occ_agg,SKT0CHAN0,51,27922062.0,occupancy_cycles
correlation-redis-set-cores2,pcm_imc,rpq_occ_agg,SKT0CHAN0,52,27885974.0,occupancy_cycles
correlation-redis-set-cores2,pcm_imc,rpq_occ_agg,SKT0CHAN0,53,27805926.0,occupancy_cycles
correlation-redis-set-cores2,pcm_imc,rpq_occ_agg,SKT0CHAN0,54,27830044.0,occupancy_cycles
correlation-redis-set-cores2,pcm_imc,rpq_occ_agg,SKT0CHAN0,55,27872512.0,occupancy_cycles
correlation-redis-set-cores2,pcm_imc,rpq_occ_agg,SKT0CHAN0,56,27651080.0,occupancy_cycles
correlation-redis-set-cores2,pcm_imc,rpq_occ_agg,SKT0CHAN0,57,27956103.0,occupancy_cycles
correlation-redis-set-cores2,pcm_imc,rpq_occ_agg,SKT0CHAN0,58,28077852.0,occupancy_cycles
correlation-redis-set-cores2,pcm_imc,rpq_occ_agg,SKT0CHAN0,59,27915586.0,occupancy_cycles
correlation-redis-set-cores2,pcm_imc,rpq_occ_agg,SKT0CHAN1,0,27290382.0,occupancy_cycles
correlation-redis-set-cores2,pcm_imc,rpq_occ_agg,SKT0CHAN1,1,27960584.0,occupancy_cycles
correlation-redis-set-cores2,pcm_imc,rpq_occ_agg,SKT0CHAN1,2,27505360.0,occupancy_cycles
correlation-redis-set-cores2,pcm_imc,rpq_occ_agg,SKT0CHAN1,3,27123464.0,occupancy_cycles
correlation-redis-set-cores2,pcm_imc,rpq_occ_agg,SKT0CHAN1,4,27162459.0,occupancy_cycles
correlation-redis-set-cores2,pcm_imc,rpq_occ_agg,SKT0CHAN1,5,27150479.0,occupancy_cycles
correlation-redis-set-cores2,pcm_imc,rpq_occ_agg,SKT0CHAN1,6,27206703.0,occupancy_cycles
correlation-redis-set-cores2,pcm_imc,rpq_occ_agg,SKT0CHAN1,7,27321498.0,occupancy_cycles
correlation-redis-set-cores2,pcm_imc,rpq_occ_agg,SKT0CHAN1,8,27380703.0,occupancy_cycles
correlation-redis-set-cores2,pcm_imc,rpq_occ_agg,SKT0CHAN1,9,27050911.0,occupancy_cycles
correlation-redis-set-cores2,pcm_imc,rpq_occ_agg,SKT0CHAN1,10,27035060.0,occupancy_cycles
correlation-redis-set-cores2,pcm_imc,rpq_occ_agg,SKT0CHAN1,11,27294653.0,occupancy_cycles
correlation-redis-set-cores2,pcm_imc,rpq_occ_agg,SKT0CHAN1,12,27889557.0,occupancy_cycles
correlation-redis-set-cores2,pcm_imc,rpq_occ_agg,SKT0CHAN1,13,27143685.0,occupancy_cycles
correlation-redis-set-cores2,pcm_imc,rpq_occ_agg,SKT0CHAN1,14,27752393.0,occupancy_cycles
correlation-redis-set-cores2,pcm_imc,rpq_occ_agg,SKT0CHAN1,15,28418259.0,occupancy_cycles
correlation-redis-set-cores2,pcm_imc,rpq_occ_agg,SKT0CHAN1,16,27250644.0,occupancy_cycles
correlation-redis-set-cores2,pcm_imc,rpq_occ_agg,SKT0CHAN1,17,27175926.0,occupancy_cycles
correlation-redis-set-cores2,pcm_imc,rpq_occ_agg,SKT0CHAN1,18,27344922.0,occupancy_cycles
correlation-redis-set-cores2,pcm_imc,rpq_occ_agg,SKT0CHAN1,19,27345724.0,occupancy_cycles
correlation-redis-set-cores2,pcm_imc,rpq_occ_agg,SKT0CHAN1,20,28324380.0,occupancy_cycles
correlation-redis-set-cores2,pcm_imc,rpq_occ_agg,SKT0CHAN1,21,27209234.0,occupancy_cycles
correlation-redis-set-cores2,pcm_imc,rpq_occ_agg,SKT0CHAN1,22,27487033.0,occupancy_cycles
correlation-redis-set-cores2,pcm_imc,rpq_occ_agg,SKT0CHAN1,23,27448577.0,occupancy_cycles
correlation-redis-set-cores2,pcm_imc,rpq_occ_agg,SKT0CHAN1,24,27279213.0,occupancy_cycles
correlation-redis-set-cores2,pcm_imc,rpq_occ_agg,SKT0CHAN1,25,27549530.0,occupancy_cycles
correlation-redis-set-cores2,pcm_imc,rpq_occ_agg,SKT0CHAN1,26,27511404.0,occupancy_cycles
correlation-redis-set-cores2,pcm_imc,rpq_occ_agg,SKT0CHAN1,27,27340349.0,occupancy_cycles
correlation-redis-set-cores2,pcm_imc,rpq_occ_agg,SKT0CHAN1,28,27294231.0,occupancy_cycles
correlation-redis-set-cores2,pcm_imc,rpq_occ_agg,SKT0CHAN1,29,27452459.0,occupancy_cycles
correlation-redis-set-cores2,pcm_imc,rpq_occ_agg,SKT0CHAN1,30,27669904.0,occupancy_cycles
correlation-redis-set-cores2,pcm_imc,rpq_occ_agg,SKT0CHAN1,31,27311489.0,occupancy_cycles
correlation-redis-set-cores2,pcm_imc,rpq_occ_agg,SKT0CHAN1,32,27323120.0,occupancy_cycles
correlation-redis-set-cores2,pcm_imc,rpq_occ_agg,SKT0CHAN1,33,27134757.0,occupancy_cycles
correlation-redis-set-cores2,pcm_imc,rpq_occ_agg,SKT0CHAN1,34,27338275.0,occupancy_cycles
correlation-redis-set-cores2,pcm_imc,rpq_occ_agg,SKT0CHAN1,35,27447920.0,occupancy_cycles
correlation-redis-set-cores2,pcm_imc,rpq_occ_agg,SKT0CHAN1,36,27113829.0,occupancy_cycles
correlation-redis-set-cores2,pcm_imc,rpq_occ_agg,SKT0CHAN1,37,27190548.0,occupancy_cycles
correlation-redis-set-cores2,pcm_imc,rpq_occ_agg,SKT0CHAN1,38,27312967.0,occupancy_cycles
correlation-redis-set-cores2,pcm_imc,rpq_occ_agg,SKT0CHAN1,39,27322920.0,occupancy_cycles
correlation-redis-set-cores2,pcm_imc,rpq_occ_agg,SKT0CHAN1,40,27190661.0,occupancy_cycles
correlation-redis-set-cores2,pcm_imc,rpq_occ_agg,SKT0CHAN1,41,27351477.0,occupancy_cycles
correlation-redis-set-cores2,pcm_imc,rpq_occ_agg,SKT0CHAN1,42,27342483.0,occupancy_cycles
correlation-redis-set-cores2,pcm_imc,rpq_occ_agg,SKT0CHAN1,43,27231835.0,occupancy_cycles
correlation-redis-set-cores2,pcm_imc,rpq_occ_agg,SKT0CHAN1,44,27802481.0,occupancy_cycles
correlation-redis-set-cores2,pcm_imc,rpq_occ_agg,SKT0CHAN1,45,27453351.0,occupancy_cycles
correlation-redis-set-cores2,pcm_imc,rpq_occ_agg,SKT0CHAN1,46,27700453.0,occupancy_cycles
correlation-redis-set-cores2,pcm_imc,rpq_occ_agg,SKT0CHAN1,47,27839396.0,occupancy_cycles
correlation-redis-set-cores2,pcm_imc,rpq_occ_agg,SKT0CHAN1,48,28720938.0,occupancy_cycles
correlation-redis-set-cores2,pcm_imc,rpq_occ_agg,SKT0CHAN1,49,27315855.0,occupancy_cycles
correlation-redis-set-cores2,pcm_imc,rpq_occ_agg,SKT0CHAN1,50,28330880.0,occupancy_cycles
correlation-redis-set-cores2,pcm_imc,rpq_occ_agg,SKT0CHAN1,51,27465214.0,occupancy_cycles
correlation-redis-set-cores2,pcm_imc,rpq_occ_agg,SKT0CHAN1,52,27301575.0,occupancy_cycles
correlation-redis-set-cores2,pcm_imc,rpq_occ_agg,SKT0CHAN1,53,27212544.0,occupancy_cycles
correlation-redis-set-cores2,pcm_imc,rpq_occ_agg,SKT0CHAN1,54,27374893.0,occupancy_cycles
correlation-redis-set-cores2,pcm_imc,rpq_occ_agg,SKT0CHAN1,55,27139591.0,occupancy_cycles
correlation-redis-set-cores2,pcm_imc,rpq_occ_agg,SKT0CHAN1,56,27191499.0,occupancy_cycles
correlation-redis-set-cores2,pcm_imc,rpq_occ_agg,SKT0CHAN1,57,27350358.0,occupancy_cycles
correlation-redis-set-cores2,pcm_imc,rpq_occ_agg,SKT0CHAN1,58,27456131.0,occupancy_cycles
correlation-redis-set-cores2,pcm_imc,rpq_occ_agg,SKT0CHAN1,59,27267579.0,occupancy_cycles
correlation-redis-set-cores2,pcm_imc,rpq_occ_agg,SKT0CHAN2,0,26354747.0,occupancy_cycles
correlation-redis-set-cores2,pcm_imc,rpq_occ_agg,SKT0CHAN2,1,27291538.0,occupancy_cycles
correlation-redis-set-cores2,pcm_imc,rpq_occ_agg,SKT0CHAN2,2,26651304.0,occupancy_cycles
correlation-redis-set-cores2,pcm_imc,rpq_occ_agg,SKT0CHAN2,3,26312447.0,occupancy_cycles
correlation-redis-set-cores2,pcm_imc,rpq_occ_agg,SKT0CHAN2,4,26345709.0,occupancy_cycles
correlation-redis-set-cores2,pcm_imc,rpq_occ_agg,SKT0CHAN2,5,26450976.0,occupancy_cycles
correlation-redis-set-cores2,pcm_imc,rpq_occ_agg,SKT0CHAN2,6,26405176.0,occupancy_cycles
correlation-redis-set-cores2,pcm_imc,rpq_occ_agg,SKT0CHAN2,7,26324623.0,occupancy_cycles
correlation-redis-set-cores2,pcm_imc,rpq_occ_agg,SKT0CHAN2,8,26373915.0,occupancy_cycles
correlation-redis-set-cores2,pcm_imc,rpq_occ_agg,SKT0CHAN2,9,26321062.0,occupancy_cycles
correlation-redis-set-cores2,pcm_imc,rpq_occ_agg,SKT0CHAN2,10,26211898.0,occupancy_cycles
correlation-redis-set-cores2,pcm_imc,rpq_occ_agg,SKT0CHAN2,11,26315505.0,occupancy_cycles
correlation-redis-set-cores2,pcm_imc,rpq_occ_agg,SKT0CHAN2,12,27107673.0,occupancy_cycles
correlation-redis-set-cores2,pcm_imc,rpq_occ_agg,SKT0CHAN2,13,26170565.0,occupancy_cycles
correlation-redis-set-cores2,pcm_imc,rpq_occ_agg,SKT0CHAN2,14,26965744.0,occupancy_cycles
correlation-redis-set-cores2,pcm_imc,rpq_occ_agg,SKT0CHAN2,15,27780640.0,occupancy_cycles
correlation-redis-set-cores2,pcm_imc,rpq_occ_agg,SKT0CHAN2,16,26309504.0,occupancy_cycles
correlation-redis-set-cores2,pcm_imc,rpq_occ_agg,SKT0CHAN2,17,26386319.0,occupancy_cycles
correlation-redis-set-cores2,pcm_imc,rpq_occ_agg,SKT0CHAN2,18,26597816.0,occupancy_cycles
correlation-redis-set-cores2,pcm_imc,rpq_occ_agg,SKT0CHAN2,19,26476545.0,occupancy_cycles
correlation-redis-set-cores2,pcm_imc,rpq_occ_agg,SKT0CHAN2,20,27360654.0,occupancy_cycles
correlation-redis-set-cores2,pcm_imc,rpq_occ_agg,SKT0CHAN2,21,26492638.0,occupancy_cycles
correlation-redis-set-cores2,pcm_imc,rpq_occ_agg,SKT0CHAN2,22,26603701.0,occupancy_cycles
correlation-redis-set-cores2,pcm_imc,rpq_occ_agg,SKT0CHAN2,23,26561616.0,occupancy_cycles
correlation-redis-set-cores2,pcm_imc,rpq_occ_agg,SKT0CHAN2,24,26396905.0,occupancy_cycles
correlation-redis-set-cores2,pcm_imc,rpq_occ_agg,SKT0CHAN2,25,26568181.0,occupancy_cycles
correlation-redis-set-cores2,pcm_imc,rpq_occ_agg,SKT0CHAN2,26,26571481.0,occupancy_cycles
correlation-redis-set-cores2,pcm_imc,rpq_occ_agg,SKT0CHAN2,27,26515677.0,occupancy_cycles
correlation-redis-set-cores2,pcm_imc,rpq_occ_agg,SKT0CHAN2,28,26462570.0,occupancy_cycles
correlation-redis-set-cores2,pcm_imc,rpq_occ_agg,SKT0CHAN2,29,26580227.0,occupancy_cycles
correlation-redis-set-cores2,pcm_imc,rpq_occ_agg,SKT0CHAN2,30,26781207.0,occupancy_cycles
correlation-redis-set-cores2,pcm_imc,rpq_occ_agg,SKT0CHAN2,31,26489761.0,occupancy_cycles
correlation-redis-set-cores2,pcm_imc,rpq_occ_agg,SKT0CHAN2,32,26406638.0,occupancy_cycles
correlation-redis-set-cores2,pcm_imc,rpq_occ_agg,SKT0CHAN2,33,26375722.0,occupancy_cycles
correlation-redis-set-cores2,pcm_imc,rpq_occ_agg,SKT0CHAN2,34,26266059.0,occupancy_cycles
correlation-redis-set-cores2,pcm_imc,rpq_occ_agg,SKT0CHAN2,35,26339884.0,occupancy_cycles
correlation-redis-set-cores2,pcm_imc,rpq_occ_agg,SKT0CHAN2,36,26329395.0,occupancy_cycles
correlation-redis-set-cores2,pcm_imc,rpq_occ_agg,SKT0CHAN2,37,26361306.0,occupancy_cycles
correlation-redis-set-cores2,pcm_imc,rpq_occ_agg,SKT0CHAN2,38,26384782.0,occupancy_cycles
correlation-redis-set-cores2,pcm_imc,rpq_occ_agg,SKT0CHAN2,39,26423800.0,occupancy_cycles
correlation-redis-set-cores2,pcm_imc,rpq_occ_agg,SKT0CHAN2,40,26413387.0,occupancy_cycles
correlation-redis-set-cores2,pcm_imc,rpq_occ_agg,SKT0CHAN2,41,26416529.0,occupancy_cycles
correlation-redis-set-cores2,pcm_imc,rpq_occ_agg,SKT0CHAN2,42,26512854.0,occupancy_cycles
correlation-redis-set-cores2,pcm_imc,rpq_occ_agg,SKT0CHAN2,43,26378956.0,occupancy_cycles
correlation-redis-set-cores2,pcm_imc,rpq_occ_agg,SKT0CHAN2,44,26954764.0,occupancy_cycles
correlation-redis-set-cores2,pcm_imc,rpq_occ_agg,SKT0CHAN2,45,26542945.0,occupancy_cycles
correlation-redis-set-cores2,pcm_imc,rpq_occ_agg,SKT0CHAN2,46,26706144.0,occupancy_cycles
correlation-redis-set-cores2,pcm_imc,rpq_occ_agg,SKT0CHAN2,47,26884311.0,occupancy_cycles
correlation-redis-set-cores2,pcm_imc,rpq_occ_agg,SKT0CHAN2,48,27864153.0,occupancy_cycles
correlation-redis-set-cores2,pcm_imc,rpq_occ_agg,SKT0CHAN2,49,26462569.0,occupancy_cycles
correlation-redis-set-cores2,pcm_imc,rpq_occ_agg,SKT0CHAN2,50,27497897.0,occupancy_cycles
correlation-redis-set-cores2,pcm_imc,rpq_occ_agg,SKT0CHAN2,51,26564283.0,occupancy_cycles
correlation-redis-set-cores2,pcm_imc,rpq_occ_agg,SKT0CHAN2,52,26524421.0,occupancy_cycles
correlation-redis-set-cores2,pcm_imc,rpq_occ_agg,SKT0CHAN2,53,26457227.0,occupancy_cycles
correlation-redis-set-cores2,pcm_imc,rpq_occ_agg,SKT0CHAN2,54,26505815.0,occupancy_cycles
correlation-redis-set-cores2,pcm_imc,rpq_occ_agg,SKT0CHAN2,55,26428184.0,occupancy_cycles
correlation-redis-set-cores2,pcm_imc,rpq_occ_agg,SKT0CHAN2,56,26352404.0,occupancy_cycles
correlation-redis-set-cores2,pcm_imc,rpq_occ_agg,SKT0CHAN2,57,26447593.0,occupancy_cycles
correlation-redis-set-cores2,pcm_imc,rpq_occ_agg,SKT0CHAN2,58,26543943.0,occupancy_cycles
correlation-redis-set-cores2,pcm_imc,rpq_occ_agg,SKT0CHAN2,59,26374338.0,occupancy_cycles
correlation-redis-set-cores2,pcm_imc,rpq_occ_agg,SKT0CHAN3,0,25604958.0,occupancy_cycles
correlation-redis-set-cores2,pcm_imc,rpq_occ_agg,SKT0CHAN3,1,26366662.0,occupancy_cycles
correlation-redis-set-cores2,pcm_imc,rpq_occ_agg,SKT0CHAN3,2,25808245.0,occupancy_cycles
correlation-redis-set-cores2,pcm_imc,rpq_occ_agg,SKT0CHAN3,3,25456953.0,occupancy_cycles
correlation-redis-set-cores2,pcm_imc,rpq_occ_agg,SKT0CHAN3,4,25526118.0,occupancy_cycles
correlation-redis-set-cores2,pcm_imc,rpq_occ_agg,SKT0CHAN3,5,25716297.0,occupancy_cycles
correlation-redis-set-cores2,pcm_imc,rpq_occ_agg,SKT0CHAN3,6,25539052.0,occupancy_cycles
correlation-redis-set-cores2,pcm_imc,rpq_occ_agg,SKT0CHAN3,7,25459522.0,occupancy_cycles
correlation-redis-set-cores2,pcm_imc,rpq_occ_agg,SKT0CHAN3,8,25631822.0,occupancy_cycles
correlation-redis-set-cores2,pcm_imc,rpq_occ_agg,SKT0CHAN3,9,25411091.0,occupancy_cycles
correlation-redis-set-cores2,pcm_imc,rpq_occ_agg,SKT0CHAN3,10,25453731.0,occupancy_cycles
correlation-redis-set-cores2,pcm_imc,rpq_occ_agg,SKT0CHAN3,11,25461871.0,occupancy_cycles
correlation-redis-set-cores2,pcm_imc,rpq_occ_agg,SKT0CHAN3,12,26230206.0,occupancy_cycles
correlation-redis-set-cores2,pcm_imc,rpq_occ_agg,SKT0CHAN3,13,25461393.0,occupancy_cycles
correlation-redis-set-cores2,pcm_imc,rpq_occ_agg,SKT0CHAN3,14,26087624.0,occupancy_cycles
correlation-redis-set-cores2,pcm_imc,rpq_occ_agg,SKT0CHAN3,15,26694819.0,occupancy_cycles
correlation-redis-set-cores2,pcm_imc,rpq_occ_agg,SKT0CHAN3,16,25580515.0,occupancy_cycles
correlation-redis-set-cores2,pcm_imc,rpq_occ_agg,SKT0CHAN3,17,25449782.0,occupancy_cycles
correlation-redis-set-cores2,pcm_imc,rpq_occ_agg,SKT0CHAN3,18,25786583.0,occupancy_cycles
correlation-redis-set-cores2,pcm_imc,rpq_occ_agg,SKT0CHAN3,19,25609158.0,occupancy_cycles
correlation-redis-set-cores2,pcm_imc,rpq_occ_agg,SKT0CHAN3,20,26637060.0,occupancy_cycles
correlation-redis-set-cores2,pcm_imc,rpq_occ_agg,SKT0CHAN3,21,25625320.0,occupancy_cycles
correlation-redis-set-cores2,pcm_imc,rpq_occ_agg,SKT0CHAN3,22,25786782.0,occupancy_cycles
correlation-redis-set-cores2,pcm_imc,rpq_occ_agg,SKT0CHAN3,23,25727822.0,occupancy_cycles
correlation-redis-set-cores2,pcm_imc,rpq_occ_agg,SKT0CHAN3,24,25565676.0,occupancy_cycles
correlation-redis-set-cores2,pcm_imc,rpq_occ_agg,SKT0CHAN3,25,25762295.0,occupancy_cycles
correlation-redis-set-cores2,pcm_imc,rpq_occ_agg,SKT0CHAN3,26,25769217.0,occupancy_cycles
correlation-redis-set-cores2,pcm_imc,rpq_occ_agg,SKT0CHAN3,27,25687311.0,occupancy_cycles
correlation-redis-set-cores2,pcm_imc,rpq_occ_agg,SKT0CHAN3,28,25522430.0,occupancy_cycles
correlation-redis-set-cores2,pcm_imc,rpq_occ_agg,SKT0CHAN3,29,25784912.0,occupancy_cycles
correlation-redis-set-cores2,pcm_imc,rpq_occ_agg,SKT0CHAN3,30,25894470.0,occupancy_cycles
correlation-redis-set-cores2,pcm_imc,rpq_occ_agg,SKT0CHAN3,31,25657698.0,occupancy_cycles
correlation-redis-set-cores2,pcm_imc,rpq_occ_agg,SKT0CHAN3,32,25594279.0,occupancy_cycles
correlation-redis-set-cores2,pcm_imc,rpq_occ_agg,SKT0CHAN3,33,25478603.0,occupancy_cycles
correlation-redis-set-cores2,pcm_imc,rpq_occ_agg,SKT0CHAN3,34,25519509.0,occupancy_cycles
correlation-redis-set-cores2,pcm_imc,rpq_occ_agg,SKT0CHAN3,35,25553349.0,occupancy_cycles
correlation-redis-set-cores2,pcm_imc,rpq_occ_agg,SKT0CHAN3,36,25485221.0,occupancy_cycles
correlation-redis-set-cores2,pcm_imc,rpq_occ_agg,SKT0CHAN3,37,25635018.0,occupancy_cycles
correlation-redis-set-cores2,pcm_imc,rpq_occ_agg,SKT0CHAN3,38,25658356.0,occupancy_cycles
correlation-redis-set-cores2,pcm_imc,rpq_occ_agg,SKT0CHAN3,39,25499396.0,occupancy_cycles
correlation-redis-set-cores2,pcm_imc,rpq_occ_agg,SKT0CHAN3,40,25518023.0,occupancy_cycles
correlation-redis-set-cores2,pcm_imc,rpq_occ_agg,SKT0CHAN3,41,25562483.0,occupancy_cycles
correlation-redis-set-cores2,pcm_imc,rpq_occ_agg,SKT0CHAN3,42,25625993.0,occupancy_cycles
correlation-redis-set-cores2,pcm_imc,rpq_occ_agg,SKT0CHAN3,43,25499874.0,occupancy_cycles
correlation-redis-set-cores2,pcm_imc,rpq_occ_agg,SKT0CHAN3,44,26220488.0,occupancy_cycles
correlation-redis-set-cores2,pcm_imc,rpq_occ_agg,SKT0CHAN3,45,25671196.0,occupancy_cycles
correlation-redis-set-cores2,pcm_imc,rpq_occ_agg,SKT0CHAN3,46,25936126.0,occupancy_cycles
correlation-redis-set-cores2,pcm_imc,rpq_occ_agg,SKT0CHAN3,47,26143380.0,occupancy_cycles
correlation-redis-set-cores2,pcm_imc,rpq_occ_agg,SKT0CHAN3,48,26960779.0,occupancy_cycles
correlation-redis-set-cores2,pcm_imc,rpq_occ_agg,SKT0CHAN3,49,25751002.0,occupancy_cycles
correlation-redis-set-cores2,pcm_imc,rpq_occ_agg,SKT0CHAN3,50,26618202.0,occupancy_cycles
correlation-redis-set-cores2,pcm_imc,rpq_occ_agg,SKT0CHAN3,51,25681842.0,occupancy_cycles
correlation-redis-set-cores2,pcm_imc,rpq_occ_agg,SKT0CHAN3,52,25706235.0,occupancy_cycles
correlation-redis-set-cores2,pcm_imc,rpq_occ_agg,SKT0CHAN3,53,25588908.0,occupancy_cycles
correlation-redis-set-cores2,pcm_imc,rpq_occ_agg,SKT0CHAN3,54,25692120.0,occupancy_cycles
correlation-redis-set-cores2,pcm_imc,rpq_occ_agg,SKT0CHAN3,55,25688927.0,occupancy_cycles
correlation-redis-set-cores2,pcm_imc,rpq_occ_agg,SKT0CHAN3,56,25523395.0,occupancy_cycles
correlation-redis-set-cores2,pcm_imc,rpq_occ_agg,SKT0CHAN3,57,25592585.0,occupancy_cycles
correlation-redis-set-cores2,pcm_imc,rpq_occ_agg,SKT0CHAN3,58,25813127.0,occupancy_cycles
correlation-redis-set-cores2,pcm_imc,rpq_occ_agg,SKT0CHAN3,59,25698102.0,occupancy_cycles
correlation-redis-set-cores2,pcm_imc,rpq_occ_agg,SKT0CHAN4,0,26390927.0,occupancy_cycles
correlation-redis-set-cores2,pcm_imc,rpq_occ_agg,SKT0CHAN4,1,27039527.0,occupancy_cycles
correlation-redis-set-cores2,pcm_imc,rpq_occ_agg,SKT0CHAN4,2,26485899.0,occupancy_cycles
correlation-redis-set-cores2,pcm_imc,rpq_occ_agg,SKT0CHAN4,3,26241950.0,occupancy_cycles
correlation-redis-set-cores2,pcm_imc,rpq_occ_agg,SKT0CHAN4,4,26115142.0,occupancy_cycles
correlation-redis-set-cores2,pcm_imc,rpq_occ_agg,SKT0CHAN4,5,26402993.0,occupancy_cycles
correlation-redis-set-cores2,pcm_imc,rpq_occ_agg,SKT0CHAN4,6,26128089.0,occupancy_cycles
correlation-redis-set-cores2,pcm_imc,rpq_occ_agg,SKT0CHAN4,7,26049474.0,occupancy_cycles
correlation-redis-set-cores2,pcm_imc,rpq_occ_agg,SKT0CHAN4,8,26121312.0,occupancy_cycles
correlation-redis-set-cores2,pcm_imc,rpq_occ_agg,SKT0CHAN4,9,26100114.0,occupancy_cycles
correlation-redis-set-cores2,pcm_imc,rpq_occ_agg,SKT0CHAN4,10,26070922.0,occupancy_cycles
correlation-redis-set-cores2,pcm_imc,rpq_occ_agg,SKT0CHAN4,11,26200925.0,occupancy_cycles
correlation-redis-set-cores2,pcm_imc,rpq_occ_agg,SKT0CHAN4,12,26998255.0,occupancy_cycles
correlation-redis-set-cores2,pcm_imc,rpq_occ_agg,SKT0CHAN4,13,26225826.0,occupancy_cycles
correlation-redis-set-cores2,pcm_imc,rpq_occ_agg,SKT0CHAN4,14,26746615.0,occupancy_cycles
correlation-redis-set-cores2,pcm_imc,rpq_occ_agg,SKT0CHAN4,15,27391517.0,occupancy_cycles
correlation-redis-set-cores2,pcm_imc,rpq_occ_agg,SKT0CHAN4,16,26315463.0,occupancy_cycles
correlation-redis-set-cores2,pcm_imc,rpq_occ_agg,SKT0CHAN4,17,26107962.0,occupancy_cycles
correlation-redis-set-cores2,pcm_imc,rpq_occ_agg,SKT0CHAN4,18,26377234.0,occupancy_cycles
correlation-redis-set-cores2,pcm_imc,rpq_occ_agg,SKT0CHAN4,19,26255275.0,occupancy_cycles
correlation-redis-set-cores2,pcm_imc,rpq_occ_agg,SKT0CHAN4,20,27165634.0,occupancy_cycles
correlation-redis-set-cores2,pcm_imc,rpq_occ_agg,SKT0CHAN4,21,26326468.0,occupancy_cycles
correlation-redis-set-cores2,pcm_imc,rpq_occ_agg,SKT0CHAN4,22,26467964.0,occupancy_cycles
correlation-redis-set-cores2,pcm_imc,rpq_occ_agg,SKT0CHAN4,23,26474945.0,occupancy_cycles
correlation-redis-set-cores2,pcm_imc,rpq_occ_agg,SKT0CHAN4,24,26268711.0,occupancy_cycles
correlation-redis-set-cores2,pcm_imc,rpq_occ_agg,SKT0CHAN4,25,26425692.0,occupancy_cycles
correlation-redis-set-cores2,pcm_imc,rpq_occ_agg,SKT0CHAN4,26,26537481.0,occupancy_cycles
correlation-redis-set-cores2,pcm_imc,rpq_occ_agg,SKT0CHAN4,27,26477404.0,occupancy_cycles
correlation-redis-set-cores2,pcm_imc,rpq_occ_agg,SKT0CHAN4,28,26279410.0,occupancy_cycles
correlation-redis-set-cores2,pcm_imc,rpq_occ_agg,SKT0CHAN4,29,26357834.0,occupancy_cycles
correlation-redis-set-cores2,pcm_imc,rpq_occ_agg,SKT0CHAN4,30,26594864.0,occupancy_cycles
correlation-redis-set-cores2,pcm_imc,rpq_occ_agg,SKT0CHAN4,31,26503575.0,occupancy_cycles
correlation-redis-set-cores2,pcm_imc,rpq_occ_agg,SKT0CHAN4,32,26441145.0,occupancy_cycles
correlation-redis-set-cores2,pcm_imc,rpq_occ_agg,SKT0CHAN4,33,26081925.0,occupancy_cycles
correlation-redis-set-cores2,pcm_imc,rpq_occ_agg,SKT0CHAN4,34,26043107.0,occupancy_cycles
correlation-redis-set-cores2,pcm_imc,rpq_occ_agg,SKT0CHAN4,35,26296646.0,occupancy_cycles
correlation-redis-set-cores2,pcm_imc,rpq_occ_agg,SKT0CHAN4,36,26226356.0,occupancy_cycles
correlation-redis-set-cores2,pcm_imc,rpq_occ_agg,SKT0CHAN4,37,26265310.0,occupancy_cycles
correlation-redis-set-cores2,pcm_imc,rpq_occ_agg,SKT0CHAN4,38,26215364.0,occupancy_cycles
correlation-redis-set-cores2,pcm_imc,rpq_occ_agg,SKT0CHAN4,39,26253711.0,occupancy_cycles
correlation-redis-set-cores2,pcm_imc,rpq_occ_agg,SKT0CHAN4,40,26219034.0,occupancy_cycles
correlation-redis-set-cores2,pcm_imc,rpq_occ_agg,SKT0CHAN4,41,26223716.0,occupancy_cycles
correlation-redis-set-cores2,pcm_imc,rpq_occ_agg,SKT0CHAN4,42,26449935.0,occupancy_cycles
correlation-redis-set-cores2,pcm_imc,rpq_occ_agg,SKT0CHAN4,43,26187245.0,occupancy_cycles
correlation-redis-set-cores2,pcm_imc,rpq_occ_agg,SKT0CHAN4,44,26731111.0,occupancy_cycles
correlation-redis-set-cores2,pcm_imc,rpq_occ_agg,SKT0CHAN4,45,26348220.0,occupancy_cycles
correlation-redis-set-cores2,pcm_imc,rpq_occ_agg,SKT0CHAN4,46,26542877.0,occupancy_cycles
correlation-redis-set-cores2,pcm_imc,rpq_occ_agg,SKT0CHAN4,47,26876624.0,occupancy_cycles
correlation-redis-set-cores2,pcm_imc,rpq_occ_agg,SKT0CHAN4,48,27590935.0,occupancy_cycles
correlation-redis-set-cores2,pcm_imc,rpq_occ_agg,SKT0CHAN4,49,26314318.0,occupancy_cycles
correlation-redis-set-cores2,pcm_imc,rpq_occ_agg,SKT0CHAN4,50,27272529.0,occupancy_cycles
correlation-redis-set-cores2,pcm_imc,rpq_occ_agg,SKT0CHAN4,51,26324981.0,occupancy_cycles
correlation-redis-set-cores2,pcm_imc,rpq_occ_agg,SKT0CHAN4,52,26405070.0,occupancy_cycles
correlation-redis-set-cores2,pcm_imc,rpq_occ_agg,SKT0CHAN4,53,26351736.0,occupancy_cycles
correlation-redis-set-cores2,pcm_imc,rpq_occ_agg,SKT0CHAN4,54,26382483.0,occupancy_cycles
correlation-redis-set-cores2,pcm_imc,rpq_occ_agg,SKT0CHAN4,55,26232375.0,occupancy_cycles
correlation-redis-set-cores2,pcm_imc,rpq_occ_agg,SKT0CHAN4,56,26282837.0,occupancy_cycles
correlation-redis-set-cores2,pcm_imc,rpq_occ_agg,SKT0CHAN4,57,26404727.0,occupancy_cycles
correlation-redis-set-cores2,pcm_imc,rpq_occ_agg,SKT0CHAN4,58,26546647.0,occupancy_cycles
correlation-redis-set-cores2,pcm_imc,rpq_occ_agg,SKT0CHAN4,59,26361753.0,occupancy_cycles
correlation-redis-set-cores2,pcm_imc,rpq_occ_agg,SKT0CHAN5,0,27453320.0,occupancy_cycles
correlation-redis-set-cores2,pcm_imc,rpq_occ_agg,SKT0CHAN5,1,28320292.0,occupancy_cycles
correlation-redis-set-cores2,pcm_imc,rpq_occ_agg,SKT0CHAN5,2,27610549.0,occupancy_cycles
correlation-redis-set-cores2,pcm_imc,rpq_occ_agg,SKT0CHAN5,3,27300199.0,occupancy_cycles
correlation-redis-set-cores2,pcm_imc,rpq_occ_agg,SKT0CHAN5,4,27392620.0,occupancy_cycles
correlation-redis-set-cores2,pcm_imc,rpq_occ_agg,SKT0CHAN5,5,27392653.0,occupancy_cycles
correlation-redis-set-cores2,pcm_imc,rpq_occ_agg,SKT0CHAN5,6,27350867.0,occupancy_cycles
correlation-redis-set-cores2,pcm_imc,rpq_occ_agg,SKT0CHAN5,7,27393655.0,occupancy_cycles
correlation-redis-set-cores2,pcm_imc,rpq_occ_agg,SKT0CHAN5,8,27472868.0,occupancy_cycles
correlation-redis-set-cores2,pcm_imc,rpq_occ_agg,SKT0CHAN5,9,27384049.0,occupancy_cycles
correlation-redis-set-cores2,pcm_imc,rpq_occ_agg,SKT0CHAN5,10,27253934.0,occupancy_cycles
correlation-redis-set-cores2,pcm_imc,rpq_occ_agg,SKT0CHAN5,11,27446742.0,occupancy_cycles
correlation-redis-set-cores2,pcm_imc,rpq_occ_agg,SKT0CHAN5,12,28036085.0,occupancy_cycles
correlation-redis-set-cores2,pcm_imc,rpq_occ_agg,SKT0CHAN5,13,27292152.0,occupancy_cycles
correlation-redis-set-cores2,pcm_imc,rpq_occ_agg,SKT0CHAN5,14,28034753.0,occupancy_cycles
correlation-redis-set-cores2,pcm_imc,rpq_occ_agg,SKT0CHAN5,15,28572766.0,occupancy_cycles
correlation-redis-set-cores2,pcm_imc,rpq_occ_agg,SKT0CHAN5,16,27378315.0,occupancy_cycles
correlation-redis-set-cores2,pcm_imc,rpq_occ_agg,SKT0CHAN5,17,27330615.0,occupancy_cycles
correlation-redis-set-cores2,pcm_imc,rpq_occ_agg,SKT0CHAN5,18,27596124.0,occupancy_cycles
correlation-redis-set-cores2,pcm_imc,rpq_occ_agg,SKT0CHAN5,19,27420860.0,occupancy_cycles
correlation-redis-set-cores2,pcm_imc,rpq_occ_agg,SKT0CHAN5,20,28365697.0,occupancy_cycles
correlation-redis-set-cores2,pcm_imc,rpq_occ_agg,SKT0CHAN5,21,27576100.0,occupancy_cycles
correlation-redis-set-cores2,pcm_imc,rpq_occ_agg,SKT0CHAN5,22,27588404.0,occupancy_cycles
correlation-redis-set-cores2,pcm_imc,rpq_occ_agg,SKT0CHAN5,23,27507556.0,occupancy_cycles
correlation-redis-set-cores2,pcm_imc,rpq_occ_agg,SKT0CHAN5,24,27339928.0,occupancy_cycles
correlation-redis-set-cores2,pcm_imc,rpq_occ_agg,SKT0CHAN5,25,27611629.0,occupancy_cycles
correlation-redis-set-cores2,pcm_imc,rpq_occ_agg,SKT0CHAN5,26,27538127.0,occupancy_cycles
correlation-redis-set-cores2,pcm_imc,rpq_occ_agg,SKT0CHAN5,27,27557284.0,occupancy_cycles
correlation-redis-set-cores2,pcm_imc,rpq_occ_agg,SKT0CHAN5,28,27460408.0,occupancy_cycles
correlation-redis-set-cores2,pcm_imc,rpq_occ_agg,SKT0CHAN5,29,27575888.0,occupancy_cycles
correlation-redis-set-cores2,pcm_imc,rpq_occ_agg,SKT0CHAN5,30,27787047.0,occupancy_cycles
correlation-redis-set-cores2,pcm_imc,rpq_occ_agg,SKT0CHAN5,31,27617122.0,occupancy_cycles
correlation-redis-set-cores2,pcm_imc,rpq_occ_agg,SKT0CHAN5,32,27503478.0,occupancy_cycles
correlation-redis-set-cores2,pcm_imc,rpq_occ_agg,SKT0CHAN5,33,27184940.0,occupancy_cycles
correlation-redis-set-cores2,pcm_imc,rpq_occ_agg,SKT0CHAN5,34,27290851.0,occupancy_cycles
correlation-redis-set-cores2,pcm_imc,rpq_occ_agg,SKT0CHAN5,35,27363722.0,occupancy_cycles
correlation-redis-set-cores2,pcm_imc,rpq_occ_agg,SKT0CHAN5,36,27329012.0,occupancy_cycles
correlation-redis-set-cores2,pcm_imc,rpq_occ_agg,SKT0CHAN5,37,27422522.0,occupancy_cycles
correlation-redis-set-cores2,pcm_imc,rpq_occ_agg,SKT0CHAN5,38,27395816.0,occupancy_cycles
correlation-redis-set-cores2,pcm_imc,rpq_occ_agg,SKT0CHAN5,39,27241635.0,occupancy_cycles
correlation-redis-set-cores2,pcm_imc,rpq_occ_agg,SKT0CHAN5,40,27313459.0,occupancy_cycles
correlation-redis-set-cores2,pcm_imc,rpq_occ_agg,SKT0CHAN5,41,27333538.0,occupancy_cycles
correlation-redis-set-cores2,pcm_imc,rpq_occ_agg,SKT0CHAN5,42,27624388.0,occupancy_cycles
correlation-redis-set-cores2,pcm_imc,rpq_occ_agg,SKT0CHAN5,43,27252981.0,occupancy_cycles
correlation-redis-set-cores2,pcm_imc,rpq_occ_agg,SKT0CHAN5,44,28015312.0,occupancy_cycles
correlation-redis-set-cores2,pcm_imc,rpq_occ_agg,SKT0CHAN5,45,27412492.0,occupancy_cycles
correlation-redis-set-cores2,pcm_imc,rpq_occ_agg,SKT0CHAN5,46,27814042.0,occupancy_cycles
correlation-redis-set-cores2,pcm_imc,rpq_occ_agg,SKT0CHAN5,47,28037252.0,occupancy_cycles
correlation-redis-set-cores2,pcm_imc,rpq_occ_agg,SKT0CHAN5,48,28718823.0,occupancy_cycles
correlation-redis-set-cores2,pcm_imc,rpq_occ_agg,SKT0CHAN5,49,27364979.0,occupancy_cycles
correlation-redis-set-cores2,pcm_imc,rpq_occ_agg,SKT0CHAN5,50,28353988.0,occupancy_cycles
correlation-redis-set-cores2,pcm_imc,rpq_occ_agg,SKT0CHAN5,51,27411000.0,occupancy_cycles
correlation-redis-set-cores2,pcm_imc,rpq_occ_agg,SKT0CHAN5,52,27459481.0,occupancy_cycles
correlation-redis-set-cores2,pcm_imc,rpq_occ_agg,SKT0CHAN5,53,27449887.0,occupancy_cycles
correlation-redis-set-cores2,pcm_imc,rpq_occ_agg,SKT0CHAN5,54,27304542.0,occupancy_cycles
correlation-redis-set-cores2,pcm_imc,rpq_occ_agg,SKT0CHAN5,55,27431531.0,occupancy_cycles
correlation-redis-set-cores2,pcm_imc,rpq_occ_agg,SKT0CHAN5,56,27242431.0,occupancy_cycles
correlation-redis-set-cores2,pcm_imc,rpq_occ_agg,SKT0CHAN5,57,27412194.0,occupancy_cycles
correlation-redis-set-cores2,pcm_imc,rpq_occ_agg,SKT0CHAN5,58,27593931.0,occupancy_cycles
correlation-redis-set-cores2,pcm_imc,rpq_occ_agg,SKT0CHAN5,59,27411234.0,occupancy_cycles
correlation-redis-set-cores2,pcm_imc,rpq_occ_agg,SKT0CHAN6,0,27568017.0,occupancy_cycles
correlation-redis-set-cores2,pcm_imc,rpq_occ_agg,SKT0CHAN6,1,28185749.0,occupancy_cycles
correlation-redis-set-cores2,pcm_imc,rpq_occ_agg,SKT0CHAN6,2,27862646.0,occupancy_cycles
correlation-redis-set-cores2,pcm_imc,rpq_occ_agg,SKT0CHAN6,3,27548169.0,occupancy_cycles
correlation-redis-set-cores2,pcm_imc,rpq_occ_agg,SKT0CHAN6,4,27462327.0,occupancy_cycles
correlation-redis-set-cores2,pcm_imc,rpq_occ_agg,SKT0CHAN6,5,27483846.0,occupancy_cycles
correlation-redis-set-cores2,pcm_imc,rpq_occ_agg,SKT0CHAN6,6,27385306.0,occupancy_cycles
correlation-redis-set-cores2,pcm_imc,rpq_occ_agg,SKT0CHAN6,7,27456026.0,occupancy_cycles
correlation-redis-set-cores2,pcm_imc,rpq_occ_agg,SKT0CHAN6,8,27614979.0,occupancy_cycles
correlation-redis-set-cores2,pcm_imc,rpq_occ_agg,SKT0CHAN6,9,27335033.0,occupancy_cycles
correlation-redis-set-cores2,pcm_imc,rpq_occ_agg,SKT0CHAN6,10,27290443.0,occupancy_cycles
correlation-redis-set-cores2,pcm_imc,rpq_occ_agg,SKT0CHAN6,11,27478905.0,occupancy_cycles
correlation-redis-set-cores2,pcm_imc,rpq_occ_agg,SKT0CHAN6,12,28301210.0,occupancy_cycles
correlation-redis-set-cores2,pcm_imc,rpq_occ_agg,SKT0CHAN6,13,27501930.0,occupancy_cycles
correlation-redis-set-cores2,pcm_imc,rpq_occ_agg,SKT0CHAN6,14,28072407.0,occupancy_cycles
correlation-redis-set-cores2,pcm_imc,rpq_occ_agg,SKT0CHAN6,15,28650443.0,occupancy_cycles
correlation-redis-set-cores2,pcm_imc,rpq_occ_agg,SKT0CHAN6,16,27507000.0,occupancy_cycles
correlation-redis-set-cores2,pcm_imc,rpq_occ_agg,SKT0CHAN6,17,27510906.0,occupancy_cycles
correlation-redis-set-cores2,pcm_imc,rpq_occ_agg,SKT0CHAN6,18,27747017.0,occupancy_cycles
correlation-redis-set-cores2,pcm_imc,rpq_occ_agg,SKT0CHAN6,19,27669212.0,occupancy_cycles
correlation-redis-set-cores2,pcm_imc,rpq_occ_agg,SKT0CHAN6,20,28594537.0,occupancy_cycles
correlation-redis-set-cores2,pcm_imc,rpq_occ_agg,SKT0CHAN6,21,27624907.0,occupancy_cycles
correlation-redis-set-cores2,pcm_imc,rpq_occ_agg,SKT0CHAN6,22,27748963.0,occupancy_cycles
correlation-redis-set-cores2,pcm_imc,rpq_occ_agg,SKT0CHAN6,23,27611440.0,occupancy_cycles
correlation-redis-set-cores2,pcm_imc,rpq_occ_agg,SKT0CHAN6,24,27582062.0,occupancy_cycles
correlation-redis-set-cores2,pcm_imc,rpq_occ_agg,SKT0CHAN6,25,27813657.0,occupancy_cycles
correlation-redis-set-cores2,pcm_imc,rpq_occ_agg,SKT0CHAN6,26,27731748.0,occupancy_cycles
correlation-redis-set-cores2,pcm_imc,rpq_occ_agg,SKT0CHAN6,27,27751302.0,occupancy_cycles
correlation-redis-set-cores2,pcm_imc,rpq_occ_agg,SKT0CHAN6,28,27528544.0,occupancy_cycles
correlation-redis-set-cores2,pcm_imc,rpq_occ_agg,SKT0CHAN6,29,27738523.0,occupancy_cycles
correlation-redis-set-cores2,pcm_imc,rpq_occ_agg,SKT0CHAN6,30,27895705.0,occupancy_cycles
correlation-redis-set-cores2,pcm_imc,rpq_occ_agg,SKT0CHAN6,31,27589906.0,occupancy_cycles
correlation-redis-set-cores2,pcm_imc,rpq_occ_agg,SKT0CHAN6,32,27501689.0,occupancy_cycles
correlation-redis-set-cores2,pcm_imc,rpq_occ_agg,SKT0CHAN6,33,27254034.0,occupancy_cycles
correlation-redis-set-cores2,pcm_imc,rpq_occ_agg,SKT0CHAN6,34,27294834.0,occupancy_cycles
correlation-redis-set-cores2,pcm_imc,rpq_occ_agg,SKT0CHAN6,35,27523335.0,occupancy_cycles
correlation-redis-set-cores2,pcm_imc,rpq_occ_agg,SKT0CHAN6,36,27429517.0,occupancy_cycles
correlation-redis-set-cores2,pcm_imc,rpq_occ_agg,SKT0CHAN6,37,27401690.0,occupancy_cycles
correlation-redis-set-cores2,pcm_imc,rpq_occ_agg,SKT0CHAN6,38,27562331.0,occupancy_cycles
correlation-redis-set-cores2,pcm_imc,rpq_occ_agg,SKT0CHAN6,39,27510804.0,occupancy_cycles
correlation-redis-set-cores2,pcm_imc,rpq_occ_agg,SKT0CHAN6,40,27441985.0,occupancy_cycles
correlation-redis-set-cores2,pcm_imc,rpq_occ_agg,SKT0CHAN6,41,27497419.0,occupancy_cycles
correlation-redis-set-cores2,pcm_imc,rpq_occ_agg,SKT0CHAN6,42,27489305.0,occupancy_cycles
correlation-redis-set-cores2,pcm_imc,rpq_occ_agg,SKT0CHAN6,43,27508979.0,occupancy_cycles
correlation-redis-set-cores2,pcm_imc,rpq_occ_agg,SKT0CHAN6,44,28161629.0,occupancy_cycles
correlation-redis-set-cores2,pcm_imc,rpq_occ_agg,SKT0CHAN6,45,27752502.0,occupancy_cycles
correlation-redis-set-cores2,pcm_imc,rpq_occ_agg,SKT0CHAN6,46,27923822.0,occupancy_cycles
correlation-redis-set-cores2,pcm_imc,rpq_occ_agg,SKT0CHAN6,47,28240074.0,occupancy_cycles
correlation-redis-set-cores2,pcm_imc,rpq_occ_agg,SKT0CHAN6,48,28981562.0,occupancy_cycles
correlation-redis-set-cores2,pcm_imc,rpq_occ_agg,SKT0CHAN6,49,27654440.0,occupancy_cycles
correlation-redis-set-cores2,pcm_imc,rpq_occ_agg,SKT0CHAN6,50,28745068.0,occupancy_cycles
correlation-redis-set-cores2,pcm_imc,rpq_occ_agg,SKT0CHAN6,51,27553798.0,occupancy_cycles
correlation-redis-set-cores2,pcm_imc,rpq_occ_agg,SKT0CHAN6,52,27671139.0,occupancy_cycles
correlation-redis-set-cores2,pcm_imc,rpq_occ_agg,SKT0CHAN6,53,27543178.0,occupancy_cycles
correlation-redis-set-cores2,pcm_imc,rpq_occ_agg,SKT0CHAN6,54,27734189.0,occupancy_cycles
correlation-redis-set-cores2,pcm_imc,rpq_occ_agg,SKT0CHAN6,55,27557594.0,occupancy_cycles
correlation-redis-set-cores2,pcm_imc,rpq_occ_agg,SKT0CHAN6,56,27403992.0,occupancy_cycles
correlation-redis-set-cores2,pcm_imc,rpq_occ_agg,SKT0CHAN6,57,27541445.0,occupancy_cycles
correlation-redis-set-cores2,pcm_imc,rpq_occ_agg,SKT0CHAN6,58,27743875.0,occupancy_cycles
correlation-redis-set-cores2,pcm_imc,rpq_occ_agg,SKT0CHAN6,59,27623865.0,occupancy_cycles
correlation-redis-set-cores2,pcm_imc,rpq_occ_agg,SKT0CHAN7,0,26448277.0,occupancy_cycles
correlation-redis-set-cores2,pcm_imc,rpq_occ_agg,SKT0CHAN7,1,27249458.0,occupancy_cycles
correlation-redis-set-cores2,pcm_imc,rpq_occ_agg,SKT0CHAN7,2,26794708.0,occupancy_cycles
correlation-redis-set-cores2,pcm_imc,rpq_occ_agg,SKT0CHAN7,3,26441695.0,occupancy_cycles
correlation-redis-set-cores2,pcm_imc,rpq_occ_agg,SKT0CHAN7,4,26279484.0,occupancy_cycles
correlation-redis-set-cores2,pcm_imc,rpq_occ_agg,SKT0CHAN7,5,26387485.0,occupancy_cycles
correlation-redis-set-cores2,pcm_imc,rpq_occ_agg,SKT0CHAN7,6,26440719.0,occupancy_cycles
correlation-redis-set-cores2,pcm_imc,rpq_occ_agg,SKT0CHAN7,7,26335087.0,occupancy_cycles
correlation-redis-set-cores2,pcm_imc,rpq_occ_agg,SKT0CHAN7,8,26378045.0,occupancy_cycles
correlation-redis-set-cores2,pcm_imc,rpq_occ_agg,SKT0CHAN7,9,26249889.0,occupancy_cycles
correlation-redis-set-cores2,pcm_imc,rpq_occ_agg,SKT0CHAN7,10,26297170.0,occupancy_cycles
correlation-redis-set-cores2,pcm_imc,rpq_occ_agg,SKT0CHAN7,11,26356393.0,occupancy_cycles
correlation-redis-set-cores2,pcm_imc,rpq_occ_agg,SKT0CHAN7,12,27109921.0,occupancy_cycles
correlation-redis-set-cores2,pcm_imc,rpq_occ_agg,SKT0CHAN7,13,26346816.0,occupancy_cycles
correlation-redis-set-cores2,pcm_imc,rpq_occ_agg,SKT0CHAN7,14,26964750.0,occupancy_cycles
correlation-redis-set-cores2,pcm_imc,rpq_occ_agg,SKT0CHAN7,15,27671542.0,occupancy_cycles
correlation-redis-set-cores2,pcm_imc,rpq_occ_agg,SKT0CHAN7,16,26450078.0,occupancy_cycles
correlation-redis-set-cores2,pcm_imc,rpq_occ_agg,SKT0CHAN7,17,26453972.0,occupancy_cycles
correlation-redis-set-cores2,pcm_imc,rpq_occ_agg,SKT0CHAN7,18,26645872.0,occupancy_cycles
correlation-redis-set-cores2,pcm_imc,rpq_occ_agg,SKT0CHAN7,19,26537514.0,occupancy_cycles
correlation-redis-set-cores2,pcm_imc,rpq_occ_agg,SKT0CHAN7,20,27561063.0,occupancy_cycles
correlation-redis-set-cores2,pcm_imc,rpq_occ_agg,SKT0CHAN7,21,26584727.0,occupancy_cycles
correlation-redis-set-cores2,pcm_imc,rpq_occ_agg,SKT0CHAN7,22,26655407.0,occupancy_cycles
correlation-redis-set-cores2,pcm_imc,rpq_occ_agg,SKT0CHAN7,23,26663079.0,occupancy_cycles
correlation-redis-set-cores2,pcm_imc,rpq_occ_agg,SKT0CHAN7,24,26511687.0,occupancy_cycles
correlation-redis-set-cores2,pcm_imc,rpq_occ_agg,SKT0CHAN7,25,26728808.0,occupancy_cycles
correlation-redis-set-cores2,pcm_imc,rpq_occ_agg,SKT0CHAN7,26,26622339.0,occupancy_cycles
correlation-redis-set-cores2,pcm_imc,rpq_occ_agg,SKT0CHAN7,27,26660569.0,occupancy_cycles
correlation-redis-set-cores2,pcm_imc,rpq_occ_agg,SKT0CHAN7,28,26595418.0,occupancy_cycles
correlation-redis-set-cores2,pcm_imc,rpq_occ_agg,SKT0CHAN7,29,26752471.0,occupancy_cycles
correlation-redis-set-cores2,pcm_imc,rpq_occ_agg,SKT0CHAN7,30,26854907.0,occupancy_cycles
correlation-redis-set-cores2,pcm_imc,rpq_occ_agg,SKT0CHAN7,31,26395857.0,occupancy_cycles
correlation-redis-set-cores2,pcm_imc,rpq_occ_agg,SKT0CHAN7,32,26473533.0,occupancy_cycles
correlation-redis-set-cores2,pcm_imc,rpq_occ_agg,SKT0CHAN7,33,26291981.0,occupancy_cycles
correlation-redis-set-cores2,pcm_imc,rpq_occ_agg,SKT0CHAN7,34,26379674.0,occupancy_cycles
correlation-redis-set-cores2,pcm_imc,rpq_occ_agg,SKT0CHAN7,35,26643367.0,occupancy_cycles
correlation-redis-set-cores2,pcm_imc,rpq_occ_agg,SKT0CHAN7,36,26437529.0,occupancy_cycles
correlation-redis-set-cores2,pcm_imc,rpq_occ_agg,SKT0CHAN7,37,26364527.0,occupancy_cycles
correlation-redis-set-cores2,pcm_imc,rpq_occ_agg,SKT0CHAN7,38,26411606.0,occupancy_cycles
correlation-redis-set-cores2,pcm_imc,rpq_occ_agg,SKT0CHAN7,39,26484162.0,occupancy_cycles
correlation-redis-set-cores2,pcm_imc,rpq_occ_agg,SKT0CHAN7,40,26521401.0,occupancy_cycles
correlation-redis-set-cores2,pcm_imc,rpq_occ_agg,SKT0CHAN7,41,26505136.0,occupancy_cycles
correlation-redis-set-cores2,pcm_imc,rpq_occ_agg,SKT0CHAN7,42,26479906.0,occupancy_cycles
correlation-redis-set-cores2,pcm_imc,rpq_occ_agg,SKT0CHAN7,43,26380891.0,occupancy_cycles
correlation-redis-set-cores2,pcm_imc,rpq_occ_agg,SKT0CHAN7,44,26957161.0,occupancy_cycles
correlation-redis-set-cores2,pcm_imc,rpq_occ_agg,SKT0CHAN7,45,26685620.0,occupancy_cycles
correlation-redis-set-cores2,pcm_imc,rpq_occ_agg,SKT0CHAN7,46,26929281.0,occupancy_cycles
correlation-redis-set-cores2,pcm_imc,rpq_occ_agg,SKT0CHAN7,47,27046891.0,occupancy_cycles
correlation-redis-set-cores2,pcm_imc,rpq_occ_agg,SKT0CHAN7,48,28008766.0,occupancy_cycles
correlation-redis-set-cores2,pcm_imc,rpq_occ_agg,SKT0CHAN7,49,26543312.0,occupancy_cycles
correlation-redis-set-cores2,pcm_imc,rpq_occ_agg,SKT0CHAN7,50,27400871.0,occupancy_cycles
correlation-redis-set-cores2,pcm_imc,rpq_occ_agg,SKT0CHAN7,51,26723454.0,occupancy_cycles
correlation-redis-set-cores2,pcm_imc,rpq_occ_agg,SKT0CHAN7,52,26567156.0,occupancy_cycles
correlation-redis-set-cores2,pcm_imc,rpq_occ_agg,SKT0CHAN7,53,26486814.0,occupancy_cycles
correlation-redis-set-cores2,pcm_imc,rpq_occ_agg,SKT0CHAN7,54,26477493.0,occupancy_cycles
correlation-redis-set-cores2,pcm_imc,rpq_occ_agg,SKT0CHAN7,55,26444375.0,occupancy_cycles
correlation-redis-set-cores2,pcm_imc,rpq_occ_agg,SKT0CHAN7,56,26466052.0,occupancy_cycles
correlation-redis-set-cores2,pcm_imc,rpq_occ_agg,SKT0CHAN7,57,26459113.0,occupancy_cycles
correlation-redis-set-cores2,pcm_imc,rpq_occ_agg,SKT0CHAN7,58,26675770.0,occupancy_cycles
correlation-redis-set-cores2,pcm_imc,rpq_occ_agg,SKT0CHAN7,59,26444105.0,occupancy_cycles
correlation-redis-set-cores2,pcm_imc,rpq_occupancy,SKT0CHAN0,0,0.02089434958739685,queue_entry_seconds
correlation-redis-set-cores2,pcm_imc,rpq_occupancy,SKT0CHAN0,1,0.021362718679669917,queue_entry_seconds
correlation-redis-set-cores2,pcm_imc,rpq_occupancy,SKT0CHAN0,2,0.021020249812453113,queue_entry_seconds
correlation-redis-set-cores2,pcm_imc,rpq_occupancy,SKT0CHAN0,3,0.020798877719429856,queue_entry_seconds
correlation-redis-set-cores2,pcm_imc,rpq_occupancy,SKT0CHAN0,4,0.020738529632408104,queue_entry_seconds
correlation-redis-set-cores2,pcm_imc,rpq_occupancy,SKT0CHAN0,5,0.020878054763690923,queue_entry_seconds
correlation-redis-set-cores2,pcm_imc,rpq_occupancy,SKT0CHAN0,6,0.0208702895723931,queue_entry_seconds
correlation-redis-set-cores2,pcm_imc,rpq_occupancy,SKT0CHAN0,7,0.020729388597149286,queue_entry_seconds
correlation-redis-set-cores2,pcm_imc,rpq_occupancy,SKT0CHAN0,8,0.020817523630907726,queue_entry_seconds
correlation-redis-set-cores2,pcm_imc,rpq_occupancy,SKT0CHAN0,9,0.02068576369092273,queue_entry_seconds
correlation-redis-set-cores2,pcm_imc,rpq_occupancy,SKT0CHAN0,10,0.0207024576144036,queue_entry_seconds
correlation-redis-set-cores2,pcm_imc,rpq_occupancy,SKT0CHAN0,11,0.020799105026256565,queue_entry_seconds
correlation-redis-set-cores2,pcm_imc,rpq_occupancy,SKT0CHAN0,12,0.021317074268567143,queue_entry_seconds
correlation-redis-set-cores2,pcm_imc,rpq_occupancy,SKT0CHAN0,13,0.02077436384096024,queue_entry_seconds
correlation-redis-set-cores2,pcm_imc,rpq_occupancy,SKT0CHAN0,14,0.021157254313578396,queue_entry_seconds
correlation-redis-set-cores2,pcm_imc,rpq_occupancy,SKT0CHAN0,15,0.021716427606901727,queue_entry_seconds
correlation-redis-set-cores2,pcm_imc,rpq_occupancy,SKT0CHAN0,16,0.020864842460615155,queue_entry_seconds
correlation-redis-set-cores2,pcm_imc,rpq_occupancy,SKT0CHAN0,17,0.02074114928732183,queue_entry_seconds
correlation-redis-set-cores2,pcm_imc,rpq_occupancy,SKT0CHAN0,18,0.020956612903225806,queue_entry_seconds
correlation-redis-set-cores2,pcm_imc,rpq_occupancy,SKT0CHAN0,19,0.020840423105776443,queue_entry_seconds
correlation-redis-set-cores2,pcm_imc,rpq_occupancy,SKT0CHAN0,20,0.021685393848462117,queue_entry_seconds
correlation-redis-set-cores2,pcm_imc,rpq_occupancy,SKT0CHAN0,21,0.020844865716429108,queue_entry_seconds
correlation-redis-set-cores2,pcm_imc,rpq_occupancy,SKT0CHAN0,22,0.02094688372093023,queue_entry_seconds
correlation-redis-set-cores2,pcm_imc,rpq_occupancy,SKT0CHAN0,23,0.02096242910727682,queue_entry_seconds
correlation-redis-set-cores2,pcm_imc,rpq_occupancy,SKT0CHAN0,24,0.020917158289572392,queue_entry_seconds
correlation-redis-set-cores2,pcm_imc,rpq_occupancy,SKT0CHAN0,25,0.021056251312828206,queue_entry_seconds
correlation-redis-set-cores2,pcm_imc,rpq_occupancy,SKT0CHAN0,26,0.020961304576144035,queue_entry_seconds
correlation-redis-set-cores2,pcm_imc,rpq_occupancy,SKT0CHAN0,27,0.021002582145536384,queue_entry_seconds
correlation-redis-set-cores2,pcm_imc,rpq_occupancy,SKT0CHAN0,28,0.02087190322580645,queue_entry_seconds
correlation-redis-set-cores2,pcm_imc,rpq_occupancy,SKT0CHAN0,29,0.021050669167291824,queue_entry_seconds
correlation-redis-set-cores2,pcm_imc,rpq_occupancy,SKT0CHAN0,30,0.021177334583645912,queue_entry_seconds
correlation-redis-set-cores2,pcm_imc,rpq_occupancy,SKT0CHAN0,31,0.020881333833458363,queue_entry_seconds
correlation-redis-set-cores2,pcm_imc,rpq_occupancy,SKT0CHAN0,32,0.02090238034508627,queue_entry_seconds
correlation-redis-set-cores2,pcm_imc,rpq_occupancy,SKT0CHAN0,33,0.020736747936984247,queue_entry_seconds
correlation-redis-set-cores2,pcm_imc,rpq_occupancy,SKT0CHAN0,34,0.020781485371342837,queue_entry_seconds
correlation-redis-set-cores2,pcm_imc,rpq_occupancy,SKT0CHAN0,35,0.021013825956489124,queue_entry_seconds
correlation-redis-set-cores2,pcm_imc,rpq_occupancy,SKT0CHAN0,36,0.020814986496624156,queue_entry_seconds
correlation-redis-set-cores2,pcm_imc,rpq_occupancy,SKT0CHAN0,37,0.020803339084771194,queue_entry_seconds
correlation-redis-set-cores2,pcm_imc,rpq_occupancy,SKT0CHAN0,38,0.020860902475618906,queue_entry_seconds
correlation-redis-set-cores2,pcm_imc,rpq_occupancy,SKT0CHAN0,39,0.020745470367591896,queue_entry_seconds
correlation-redis-set-cores2,pcm_imc,rpq_occupancy,SKT0CHAN0,40,0.02089179744936234,queue_entry_seconds
correlation-redis-set-cores2,pcm_imc,rpq_occupancy,SKT0CHAN0,41,0.020913571642910727,queue_entry_seconds
correlation-redis-set-cores2,pcm_imc,rpq_occupancy,SKT0CHAN0,42,0.020800456864216055,queue_entry_seconds
correlation-redis-set-cores2,pcm_imc,rpq_occupancy,SKT0CHAN0,43,0.02083153488372093,queue_entry_seconds
correlation-redis-set-cores2,pcm_imc,rpq_occupancy,SKT0CHAN0,44,0.021362963990997748,queue_entry_seconds
correlation-redis-set-cores2,pcm_imc,rpq_occupancy,SKT0CHAN0,45,0.02096025056264066,queue_entry_seconds
correlation-redis-set-cores2,pcm_imc,rpq_occupancy,SKT0CHAN0,46,0.02112992048012003,queue_entry_seconds
correlation-redis-set-cores2,pcm_imc,rpq_occupancy,SKT0CHAN0,47,0.021348380345086272,queue_entry_seconds
correlation-redis-set-cores2,pcm_imc,rpq_occupancy,SKT0CHAN0,48,0.02197526481620405,queue_entry_seconds
correlation-redis-set-cores2,pcm_imc,rpq_occupancy,SKT0CHAN0,49,0.020953651162790698,queue_entry_seconds
correlation-redis-set-cores2,pcm_imc,rpq_occupancy,SKT0CHAN0,50,0.021687306826706675,queue_entry_seconds
correlation-redis-set-cores2,pcm_imc,rpq_occupancy,SKT0CHAN0,51,0.02094678319579895,queue_entry_seconds
correlation-redis-set-cores2,pcm_imc,rpq_occupancy,SKT0CHAN0,52,0.020919710427606902,queue_entry_seconds
correlation-redis-set-cores2,pcm_imc,rpq_occupancy,SKT0CHAN0,53,0.020859659414853713,queue_entry_seconds
correlation-redis-set-cores2,pcm_imc,rpq_occupancy,SKT0CHAN0,54,0.020877752438109527,queue_entry_seconds
correlation-redis-set-cores2,pcm_imc,rpq_occupancy,SKT0CHAN0,55,0.020909611402850713,queue_entry_seconds
correlation-redis-set-cores2,pcm_imc,rpq_occupancy,SKT0CHAN0,56,0.020743495873968492,queue_entry_seconds
correlation-redis-set-cores2,pcm_imc,rpq_occupancy,SKT0CHAN0,57,0.02097232033008252,queue_entry_seconds
correlation-redis-set-cores2,pcm_imc,rpq_occupancy,SKT0CHAN0,58,0.02106365491372843,queue_entry_seconds
correlation-redis-set-cores2,pcm_imc,rpq_occupancy,SKT0CHAN0,59,0.02094192498124531,queue_entry_seconds
correlation-redis-set-cores2,pcm_imc,rpq_occupancy,SKT0CHAN1,0,0.020472904726181546,queue_entry_seconds
correlation-redis-set-cores2,pcm_imc,rpq_occupancy,SKT0CHAN1,1,0.02097568192048012,queue_entry_seconds
correlation-redis-set-cores2,pcm_imc,rpq_occupancy,SKT0CHAN1,2,0.02063417854463616,queue_entry_seconds
correlation-redis-set-cores2,pcm_imc,rpq_occupancy,SKT0CHAN1,3,0.02034768492123031,queue_entry_seconds
correlation-redis-set-cores2,pcm_imc,rpq_occupancy,SKT0CHAN1,4,0.020376938484621156,queue_entry_seconds
correlation-redis-set-cores2,pcm_imc,rpq_occupancy,SKT0CHAN1,5,0.02036795123780945,queue_entry_seconds
correlation-redis-set-cores2,pcm_imc,rpq_occupancy,SKT0CHAN1,6,0.02041012978244561,queue_entry_seconds
correlation-redis-set-cores2,pcm_imc,rpq_occupancy,SKT0CHAN1,7,0.020496247561890474,queue_entry_seconds
correlation-redis-set-cores2,pcm_imc,rpq_occupancy,SKT0CHAN1,8,0.0205406624156039,queue_entry_seconds
correlation-redis-set-cores2,pcm_imc,rpq_occupancy,SKT0CHAN1,9,0.020293256564141035,queue_entry_seconds
correlation-redis-set-cores2,pcm_imc,rpq_occupancy,SKT0CHAN1,10,0.020281365341335334,queue_entry_seconds
correlation-redis-set-cores2,pcm_imc,rpq_occupancy,SKT0CHAN1,11,0.0204761087771943,queue_entry_seconds
correlation-redis-set-cores2,pcm_imc,rpq_occupancy,SKT0CHAN1,12,0.020922398349587396,queue_entry_seconds
correlation-redis-set-cores2,pcm_imc,rpq_occupancy,SKT0CHAN1,13,0.020362854463615902,queue_entry_seconds
correlation-redis-set-cores2,pcm_imc,rpq_occupancy,SKT0CHAN1,14,0.020819499624906226,queue_entry_seconds
correlation-redis-set-cores2,pcm_imc,rpq_occupancy,SKT0CHAN1,15,0.0213190240060015,queue_entry_seconds
correlation-redis-set-cores2,pcm_imc,rpq_occupancy,SKT0CHAN1,16,0.02044309377344336,queue_entry_seconds
correlation-redis-set-cores2,pcm_imc,rpq_occupancy,SKT0CHAN1,17,0.02038704126031508,queue_entry_seconds
correlation-redis-set-cores2,pcm_imc,rpq_occupancy,SKT0CHAN1,18,0.020513819954988747,queue_entry_seconds
correlation-redis-set-cores2,pcm_imc,rpq_occupancy,SKT0CHAN1,19,0.020514421605401352,queue_entry_seconds
correlation-redis-set-cores2,pcm_imc,rpq_occupancy,SKT0CHAN1,20,0.021248597149287323,queue_entry_seconds
correlation-redis-set-cores2,pcm_imc,rpq_occupancy,SKT0CHAN1,21,0.02041202850712678,queue_entry_seconds
correlation-redis-set-cores2,pcm_imc,rpq_occupancy,SKT0CHAN1,22,0.020620429857464366,queue_entry_seconds
correlation-redis-set-cores2,pcm_imc,rpq_occupancy,SKT0CHAN1,23,0.02059158064516129,queue_entry_seconds
correlation-redis-set-cores2,pcm_imc,rpq_occupancy,SKT0CHAN1,24,0.020464525881470366,queue_entry_seconds
correlation-redis-set-cores2,pcm_imc,rpq_occupancy,SKT0CHAN1,25,0.020667314328582147,queue_entry_seconds
correlation-redis-set-cores2,pcm_imc,rpq_occupancy,SKT0CHAN1,26,0.02063871267816954,queue_entry_seconds
correlation-redis-set-cores2,pcm_imc,rpq_occupancy,SKT0CHAN1,27,0.020510389347336833,queue_entry_seconds
correlation-redis-set-cores2,pcm_imc,rpq_occupancy,SKT0CHAN1,28,0.020475792198049514,queue_entry_seconds
correlation-redis-set-cores2,pcm_imc,rpq_occupancy,SKT0CHAN1,29,0.020594492873218306,queue_entry_seconds
correlation-redis-set-cores2,pcm_imc,rpq_occupancy,SKT0CHAN1,30,0.020757617404351086,queue_entry_seconds
correlation-redis-set-cores2,pcm_imc,rpq_occupancy,SKT0CHAN1,31,0.020488738934733682,queue_entry_seconds
correlation-redis-set-cores2,pcm_imc,rpq_occupancy,SKT0CHAN1,32,0.02049746436609152,queue_entry_seconds
correlation-redis-set-cores2,pcm_imc,rpq_occupancy,SKT0CHAN1,33,0.020356156789197298,queue_entry_seconds
correlation-redis-set-cores2,pcm_imc,rpq_occupancy,SKT0CHAN1,34,0.02050883345836459,queue_entry_seconds
correlation-redis-set-cores2,pcm_imc,rpq_occupancy,SKT0CHAN1,35,0.020591087771942986,queue_entry_seconds
correlation-redis-set-cores2,pcm_imc,rpq_occupancy,SKT0CHAN1,36,0.020340456864216053,queue_entry_seconds
correlation-redis-set-cores2,pcm_imc,rpq_occupancy,SKT0CHAN1,37,0.020398010502625658,queue_entry_seconds
correlation-redis-set-cores2,pcm_imc,rpq_occupancy,SKT0CHAN1,38,0.02048984771192798,queue_entry_seconds
correlation-redis-set-cores2,pcm_imc,rpq_occupancy,SKT0CHAN1,39,0.020497314328582147,queue_entry_seconds
correlation-redis-set-cores2,pcm_imc,rpq_occupancy,SKT0CHAN1,40,0.020398095273818456,queue_entry_seconds
correlation-redis-set-cores2,pcm_imc,rpq_occupancy,SKT0CHAN1,41,0.02051873743435859,queue_entry_seconds
correlation-redis-set-cores2,pcm_imc,rpq_occupancy,SKT0CHAN1,42,0.020511990247561892,queue_entry_seconds
correlation-redis-set-cores2,pcm_imc,rpq_occupancy,SKT0CHAN1,43,0.020428983495873968,queue_entry_seconds
correlation-redis-set-cores2,pcm_imc,rpq_occupancy,SKT0CHAN1,44,0.020857075018754688,queue_entry_seconds
correlation-redis-set-cores2,pcm_imc,rpq_occupancy,SKT0CHAN1,45,0.020595162040510127,queue_entry_seconds
correlation-redis-set-cores2,pcm_imc,rpq_occupancy,SKT0CHAN1,46,0.02078053488372093,queue_entry_seconds
correlation-redis-set-cores2,pcm_imc,rpq_occupancy,SKT0CHAN1,47,0.02088476819204801,queue_entry_seconds
correlation-redis-set-cores2,pcm_imc,rpq_occupancy,SKT0CHAN1,48,0.021546090022505626,queue_entry_seconds
correlation-redis-set-cores2,pcm_imc,rpq_occupancy,SKT0CHAN1,49,0.020492014253563392,queue_entry_seconds
correlation-redis-set-cores2,pcm_imc,rpq_occupancy,SKT0CHAN1,50,0.021253473368342084,queue_entry_seconds
correlation-redis-set-cores2,pcm_imc,rpq_occupancy,SKT0CHAN1,51,0.020604061515378844,queue_entry_seconds
correlation-redis-set-cores2,pcm_imc,rpq_occupancy,SKT0CHAN1,52,0.020481301575393848,queue_entry_seconds
correlation-redis-set-cores2,pcm_imc,rpq_occupancy,SKT0CHAN1,53,0.020414511627906976,queue_entry_seconds
correlation-redis-set-cores2,pcm_imc,rpq_occupancy,SKT0CHAN1,54,0.02053630382595649,queue_entry_seconds
correlation-redis-set-cores2,pcm_imc,rpq_occupancy,SKT0CHAN1,55,0.02035978319579895,queue_entry_seconds
correlation-redis-set-cores2,pcm_imc,rpq_occupancy,SKT0CHAN1,56,0.020398723930982746,queue_entry_seconds
correlation-redis-set-cores2,pcm_imc,rpq_occupancy,SKT0CHAN1,57,0.020517897974493625,queue_entry_seconds
correlation-redis-set-cores2,pcm_imc,rpq_occupancy,SKT0CHAN1,58,0.020597247561890474,queue_entry_seconds
correlation-redis-set-cores2,pcm_imc,rpq_occupancy,SKT0CHAN1,59,0.020455798199549888,queue_entry_seconds
correlation-redis-set-cores2,pcm_imc,rpq_occupancy,SKT0CHAN2,0,0.019771003000750187,queue_entry_seconds
correlation-redis-set-cores2,pcm_imc,rpq_occupancy,SKT0CHAN2,1,0.020473771942985747,queue_entry_seconds
correlation-redis-set-cores2,pcm_imc,rpq_occupancy,SKT0CHAN2,2,0.019993476369092274,queue_entry_seconds
correlation-redis-set-cores2,pcm_imc,rpq_occupancy,SKT0CHAN2,3,0.01973927006751688,queue_entry_seconds
correlation-redis-set-cores2,pcm_imc,rpq_occupancy,SKT0CHAN2,4,0.019764222805701424,queue_entry_seconds
correlation-redis-set-cores2,pcm_imc,rpq_occupancy,SKT0CHAN2,5,0.01984319279819955,queue_entry_seconds
correlation-redis-set-cores2,pcm_imc,rpq_occupancy,SKT0CHAN2,6,0.019808834208552138,queue_entry_seconds
correlation-redis-set-cores2,pcm_imc,rpq_occupancy,SKT0CHAN2,7,0.01974840435108777,queue_entry_seconds
correlation-redis-set-cores2,pcm_imc,rpq_occupancy,SKT0CHAN2,8,0.019785382595648913,queue_entry_seconds
correlation-redis-set-cores2,pcm_imc,rpq_occupancy,SKT0CHAN2,9,0.01974573293323331,queue_entry_seconds
correlation-redis-set-cores2,pcm_imc,rpq_occupancy,SKT0CHAN2,10,0.019663839459864968,queue_entry_seconds
correlation-redis-set-cores2,pcm_imc,rpq_occupancy,SKT0CHAN2,11,0.01974156414103526,queue_entry_seconds
correlation-redis-set-cores2,pcm_imc,rpq_occupancy,SKT0CHAN2,12,0.02033583870967742,queue_entry_seconds
correlation-redis-set-cores2,pcm_imc,rpq_occupancy,SKT0CHAN2,13,0.019632831957989497,queue_entry_seconds
correlation-redis-set-cores2,pcm_imc,rpq_occupancy,SKT0CHAN2,14,0.020229365341335334,queue_entry_seconds
correlation-redis-set-cores2,pcm_imc,rpq_occupancy,SKT0CHAN2,15,0.020840690172543135,queue_entry_seconds
correlation-redis-set-cores2,pcm_imc,rpq_occupancy,SKT0CHAN2,16,0.01973706226556639,queue_entry_seconds
correlation-redis-set-cores2,pcm_imc,rpq_occupancy,SKT0CHAN2,17,0.019794687921980494,queue_entry_seconds
correlation-redis-set-cores2,pcm_imc,rpq_occupancy,SKT0CHAN2,18,0.019953350337584396,queue_entry_seconds
correlation-redis-set-cores2,pcm_imc,rpq_occupancy,SKT0CHAN2,19,0.019862374343585898,queue_entry_seconds
correlation-redis-set-cores2,pcm_imc,rpq_occupancy,SKT0CHAN2,20,0.02052562190547637,queue_entry_seconds
correlation-redis-set-cores2,pcm_imc,rpq_occupancy,SKT0CHAN2,21,0.019874447111777944,queue_entry_seconds
correlation-redis-set-cores2,pcm_imc,rpq_occupancy,SKT0CHAN2,22,0.019957765191297824,queue_entry_seconds
correlation-redis-set-cores2,pcm_imc,rpq_occupancy,SKT0CHAN2,23,0.019926193548387098,queue_entry_seconds
correlation-redis-set-cores2,pcm_imc,rpq_occupancy,SKT0CHAN2,24,0.01980262940735184,queue_entry_seconds
correlation-redis-set-cores2,pcm_imc,rpq_occupancy,SKT0CHAN2,25,0.01993111852963241,queue_entry_seconds
correlation-redis-set-cores2,pcm_imc,rpq_occupancy,SKT0CHAN2,26,0.019933594148537133,queue_entry_seconds
correlation-redis-set-cores2,pcm_imc,rpq_occupancy,SKT0CHAN2,27,0.019891730682670666,queue_entry_seconds
correlation-redis-set-cores2,pcm_imc,rpq_occupancy,SKT0CHAN2,28,0.019851890472618153,queue_entry_seconds
correlation-redis-set-cores2,pcm_imc,rpq_occupancy,SKT0CHAN2,29,0.019940155288822207,queue_entry_seconds
correlation-redis-set-cores2,pcm_imc,rpq_occupancy,SKT0CHAN2,30,0.0200909279819955,queue_entry_seconds
correlation-redis-set-cores2,pcm_imc,rpq_occupancy,SKT0CHAN2,31,0.019872288822205552,queue_entry_seconds
correlation-redis-set-cores2,pcm_imc,rpq_occupancy,SKT0CHAN2,32,0.019809930982745687,queue_entry_seconds
correlation-redis-set-cores2,pcm_imc,rpq_occupancy,SKT0CHAN2,33,0.019786738184546137,queue_entry_seconds
correlation-redis-set-cores2,pcm_imc,rpq_occupancy,SKT0CHAN2,34,0.0197044703675919,queue_entry_seconds
correlation-redis-set-cores2,pcm_imc,rpq_occupancy,SKT0CHAN2,35,0.01975985296324081,queue_entry_seconds
correlation-redis-set-cores2,pcm_imc,rpq_occupancy,SKT0CHAN2,36,0.019751984246061515,queue_entry_seconds
correlation-redis-set-cores2,pcm_imc,rpq_occupancy,SKT0CHAN2,37,0.019775923480870216,queue_entry_seconds
correlation-redis-set-cores2,pcm_imc,rpq_occupancy,SKT0CHAN2,38,0.01979353488372093,queue_entry_seconds
correlation-redis-set-cores2,pcm_imc,rpq_occupancy,SKT0CHAN2,39,0.019822805701425358,queue_entry_seconds
correlation-redis-set-cores2,pcm_imc,rpq_occupancy,SKT0CHAN2,40,0.019814993998499626,queue_entry_seconds
correlation-redis-set-cores2,pcm_imc,rpq_occupancy,SKT0CHAN2,41,0.019817351087771943,queue_entry_seconds
correlation-redis-set-cores2,pcm_imc,rpq_occupancy,SKT0CHAN2,42,0.019889612903225808,queue_entry_seconds
correlation-redis-set-cores2,pcm_imc,rpq_occupancy,SKT0CHAN2,43,0.019789164291072768,queue_entry_seconds
correlation-redis-set-cores2,pcm_imc,rpq_occupancy,SKT0CHAN2,44,0.020221128282070518,queue_entry_seconds
correlation-redis-set-cores2,pcm_imc,rpq_occupancy,SKT0CHAN2,45,0.019912186796699174,queue_entry_seconds
correlation-redis-set-cores2,pcm_imc,rpq_occupancy,SKT0CHAN2,46,0.02003461665416354,queue_entry_seconds
correlation-redis-set-cores2,pcm_imc,rpq_occupancy,SKT0CHAN2,47,0.02016827531882971,queue_entry_seconds
correlation-redis-set-cores2,pcm_imc,rpq_occupancy,SKT0CHAN2,48,0.020903340585146285,queue_entry_seconds
correlation-redis-set-cores2,pcm_imc,rpq_occupancy,SKT0CHAN2,49,0.019851889722430606,queue_entry_seconds
correlation-redis-set-cores2,pcm_imc,rpq_occupancy,SKT0CHAN2,50,0.020628579894973742,queue_entry_seconds
correlation-redis-set-cores2,pcm_imc,rpq_occupancy,SKT0CHAN2,51,0.019928194298574644,queue_entry_seconds
correlation-redis-set-cores2,pcm_imc,rpq_occupancy,SKT0CHAN2,52,0.019898290322580645,queue_entry_seconds
correlation-redis-set-cores2,pcm_imc,rpq_occupancy,SKT0CHAN2,53,0.019847882220555137,queue_entry_seconds
correlation-redis-set-cores2,pcm_imc,rpq_occupancy,SKT0CHAN2,54,0.01988433233308327,queue_entry_seconds
correlation-redis-set-cores2,pcm_imc,rpq_occupancy,SKT0CHAN2,55,0.01982609452363091,queue_entry_seconds
correlation-redis-set-cores2,pcm_imc,rpq_occupancy,SKT0CHAN2,56,0.019769245311327833,queue_entry_seconds
correlation-redis-set-cores2,pcm_imc,rpq_occupancy,SKT0CHAN2,57,0.019840654913728432,queue_entry_seconds
correlation-redis-set-cores2,pcm_imc,rpq_occupancy,SKT0CHAN2,58,0.019912935483870967,queue_entry_seconds
correlation-redis-set-cores2,pcm_imc,rpq_occupancy,SKT0CHAN2,59,0.019785699924981245,queue_entry_seconds
correlation-redis-set-cores2,pcm_imc,rpq_occupancy,SKT0CHAN3,0,0.01920852063015754,queue_entry_seconds
correlation-redis-set-cores2,pcm_imc,rpq_occupancy,SKT0CHAN3,1,0.019779941485371343,queue_entry_seconds
correlation-redis-set-cores2,pcm_imc,rpq_occupancy,SKT0CHAN3,2,0.0193610240060015,queue_entry_seconds
correlation-redis-set-cores2,pcm_imc,rpq_occupancy,SKT0CHAN3,3,0.01909748912228057,queue_entry_seconds
correlation-redis-set-cores2,pcm_imc,rpq_occupancy,SKT0CHAN3,4,0.01914937584396099,queue_entry_seconds
correlation-redis-set-cores2,pcm_imc,rpq_occupancy,SKT0CHAN3,5,0.01929204576144036,queue_entry_seconds
correlation-redis-set-cores2,pcm_imc,rpq_occupancy,SKT0CHAN3,6,0.019159078769692424,queue_entry_seconds
correlation-redis-set-cores2,pcm_imc,rpq_occupancy,SKT0CHAN3,7,0.019099416354088523,queue_entry_seconds
correlation-redis-set-cores2,pcm_imc,rpq_occupancy,SKT0CHAN3,8,0.019228673668417105,queue_entry_seconds
correlation-redis-set-cores2,pcm_imc,rpq_occupancy,SKT0CHAN3,9,0.01906308402100525,queue_entry_seconds
correlation-redis-set-cores2,pcm_imc,rpq_occupancy,SKT0CHAN3,10,0.019095072018004502,queue_entry_seconds
correlation-redis-set-cores2,pcm_imc,rpq_occupancy,SKT0CHAN3,11,0.01910117854463616,queue_entry_seconds
correlation-redis-set-cores2,pcm_imc,rpq_occupancy,SKT0CHAN3,12,0.01967757389347337,queue_entry_seconds
correlation-redis-set-cores2,pcm_imc,rpq_occupancy,SKT0CHAN3,13,0.019100819954988746,queue_entry_seconds
correlation-redis-set-cores2,pcm_imc,rpq_occupancy,SKT0CHAN3,14,0.019570610652663165,queue_entry_seconds
correlation-redis-set-cores2,pcm_imc,rpq_occupancy,SKT0CHAN3,15,0.02002612078019505,queue_entry_seconds
correlation-redis-set-cores2,pcm_imc,rpq_occupancy,SKT0CHAN3,16,0.019190183795948987,queue_entry_seconds
correlation-redis-set-cores2,pcm_imc,rpq_occupancy,SKT0CHAN3,17,0.019092109527381846,queue_entry_seconds
correlation-redis-set-cores2,pcm_imc,rpq_occupancy,SKT0CHAN3,18,0.01934477344336084,queue_entry_seconds
correlation-redis-set-cores2,pcm_imc,rpq_occupancy,SKT0CHAN3,19,0.019211671417854462,queue_entry_seconds
correlation-redis-set-cores2,pcm_imc,rpq_occupancy,SKT0CHAN3,20,0.01998279069767442,queue_entry_seconds
correlation-redis-set-cores2,pcm_imc,rpq_occupancy,SKT0CHAN3,21,0.01922379594898725,queue_entry_seconds
correlation-redis-set-cores2,pcm_imc,rpq_occupancy,SKT0CHAN3,22,0.01934492273068267,queue_entry_seconds
correlation-redis-set-cores2,pcm_imc,rpq_occupancy,SKT0CHAN3,23,0.01930069167291823,queue_entry_seconds
correlation-redis-set-cores2,pcm_imc,rpq_occupancy,SKT0CHAN3,24,0.019179051762940734,queue_entry_seconds
correlation-redis-set-cores2,pcm_imc,rpq_occupancy,SKT0CHAN3,25,0.019326552888222055,queue_entry_seconds
correlation-redis-set-cores2,pcm_imc,rpq_occupancy,SKT0CHAN3,26,0.019331745686421604,queue_entry_seconds
correlation-redis-set-cores2,pcm_imc,rpq_occupancy,SKT0CHAN3,27,0.019270300825206303,queue_entry_seconds
correlation-redis-set-cores2,pcm_imc,rpq_occupancy,SKT0CHAN3,28,0.019146609152288073,queue_entry_seconds
correlation-redis-set-cores2,pcm_imc,rpq_occupancy,SKT0CHAN3,29,0.019343519879969993,queue_entry_seconds
correlation-redis-set-cores2,pcm_imc,rpq_occupancy,SKT0CHAN3,30,0.01942570892723181,queue_entry_seconds
correlation-redis-set-cores2,pcm_imc,rpq_occupancy,SKT0CHAN3,31,0.019248085521380347,queue_entry_seconds
correlation-redis-set-cores2,pcm_imc,rpq_occupancy,SKT0CHAN3,32,0.019200509377344337,queue_entry_seconds
correlation-redis-set-cores2,pcm_imc,rpq_occupancy,SKT0CHAN3,33,0.01911373068267067,queue_entry_seconds
correlation-redis-set-cores2,pcm_imc,rpq_occupancy,SKT0CHAN3,34,0.019144417854463615,queue_entry_seconds
correlation-redis-set-cores2,pcm_imc,rpq_occupancy,SKT0CHAN3,35,0.019169804201050262,queue_entry_seconds
correlation-redis-set-cores2,pcm_imc,rpq_occupancy,SKT0CHAN3,36,0.019118695423855962,queue_entry_seconds
correlation-redis-set-cores2,pcm_imc,rpq_occupancy,SKT0CHAN3,37,0.019231071267816955,queue_entry_seconds
correlation-redis-set-cores2,pcm_imc,rpq_occupancy,SKT0CHAN3,38,0.019248579144786195,queue_entry_seconds
correlation-redis-set-cores2,pcm_imc,rpq_occupancy,SKT0CHAN3,39,0.01912932933233308,queue_entry_seconds
correlation-redis-set-cores2,pcm_imc,rpq_occupancy,SKT0CHAN3,40,0.019143303075768944,queue_entry_seconds
correlation-redis-set-cores2,pcm_imc,rpq_occupancy,SKT0CHAN3,41,0.019176656414103526,queue_entry_seconds
correlation-redis-set-cores2,pcm_imc,rpq_occupancy,SKT0CHAN3,42,0.019224300825206302,queue_entry_seconds
correlation-redis-set-cores2,pcm_imc,rpq_occupancy,SKT0CHAN3,43,0.019129687921980495,queue_entry_seconds
correlation-redis-set-cores2,pcm_imc,rpq_occupancy,SKT0CHAN3,44,0.019670283570892722,queue_entry_seconds
correlation-redis-set-cores2,pcm_imc,rpq_occupancy,SKT0CHAN3,45,0.019258211552888222,queue_entry_seconds
correlation-redis-set-cores2,pcm_imc,rpq_occupancy,SKT0CHAN3,46,0.01945695873968492,queue_entry_seconds
correlation-redis-set-cores2,pcm_imc,rpq_occupancy,SKT0CHAN3,47,0.019612438109527383,queue_entry_seconds
correlation-redis-set-cores2,pcm_imc,rpq_occupancy,SKT0CHAN3,48,0.02022564066016504,queue_entry_seconds
correlation-redis-set-cores2,pcm_imc,rpq_occupancy,SKT0CHAN3,49,0.019318081020255062,queue_entry_seconds
correlation-redis-set-cores2,pcm_imc,rpq_occupancy,SKT0CHAN3,50,0.01996864366091523,queue_entry_seconds
correlation-redis-set-cores2,pcm_imc,rpq_occupancy,SKT0CHAN3,51,0.01926619804951238,queue_entry_seconds
correlation-redis-set-cores2,pcm_imc,rpq_occupancy,SKT0CHAN3,52,0.019284497374343585,queue_entry_seconds
correlation-redis-set-cores2,pcm_imc,rpq_occupancy,SKT0CHAN3,53,0.01919648012003001,queue_entry_seconds
correlation-redis-set-cores2,pcm_imc,rpq_occupancy,SKT0CHAN3,54,0.01927390847711928,queue_entry_seconds
correlation-redis-set-cores2,pcm_imc,rpq_occupancy,SKT0CHAN3,55,0.01927151312828207,queue_entry_seconds
correlation-redis-set-cores2,pcm_imc,rpq_occupancy,SKT0CHAN3,56,0.019147333083270816,queue_entry_seconds
correlation-redis-set-cores2,pcm_imc,rpq_occupancy,SKT0CHAN3,57,0.01919923855963991,queue_entry_seconds
correlation-redis-set-cores2,pcm_imc,rpq_occupancy,SKT0CHAN3,58,0.019364686421605402,queue_entry_seconds
correlation-redis-set-cores2,pcm_imc,rpq_occupancy,SKT0CHAN3,59,0.019278396099024757,queue_entry_seconds
correlation-redis-set-cores2,pcm_imc,rpq_occupancy,SKT0CHAN4,0,0.01979814478619655,queue_entry_seconds
correlation-redis-set-cores2,pcm_imc,rpq_occupancy,SKT0CHAN4,1,0.020284716429107275,queue_entry_seconds
correlation-redis-set-cores2,pcm_imc,rpq_occupancy,SKT0CHAN4,2,0.019869391597899477,queue_entry_seconds
correlation-redis-set-cores2,pcm_imc,rpq_occupancy,SKT0CHAN4,3,0.019686384096024006,queue_entry_seconds
correlation-redis-set-cores2,pcm_imc,rpq_occupancy,SKT0CHAN4,4,0.019591254313578395,queue_entry_seconds
correlation-redis-set-cores2,pcm_imc,rpq_occupancy,SKT0CHAN4,5,0.019807196549137283,queue_entry_seconds
correlation-redis-set-cores2,pcm_imc,rpq_occupancy,SKT0CHAN4,6,0.019600966991747938,queue_entry_seconds
correlation-redis-set-cores2,pcm_imc,rpq_occupancy,SKT0CHAN4,7,0.019541990997749437,queue_entry_seconds
correlation-redis-set-cores2,pcm_imc,rpq_occupancy,SKT0CHAN4,8,0.019595882970742686,queue_entry_seconds
correlation-redis-set-cores2,pcm_imc,rpq_occupancy,SKT0CHAN4,9,0.019579980495123783,queue_entry_seconds
correlation-redis-set-cores2,pcm_imc,rpq_occupancy,SKT0CHAN4,10,0.019558081020255063,queue_entry_seconds
correlation-redis-set-cores2,pcm_imc,rpq_occupancy,SKT0CHAN4,11,0.019655607651912977,queue_entry_seconds
correlation-redis-set-cores2,pcm_imc,rpq_occupancy,SKT0CHAN4,12,0.020253754688672167,queue_entry_seconds
correlation-redis-set-cores2,pcm_imc,rpq_occupancy,SKT0CHAN4,13,0.019674288072018004,queue_entry_seconds
correlation-redis-set-cores2,pcm_imc,rpq_occupancy,SKT0CHAN4,14,0.020064977494373592,queue_entry_seconds
correlation-redis-set-cores2,pcm_imc,rpq_occupancy,SKT0CHAN4,15,0.020548774943735935,queue_entry_seconds
correlation-redis-set-cores2,pcm_imc,rpq_occupancy,SKT0CHAN4,16,0.01974153263315829,queue_entry_seconds
correlation-redis-set-cores2,pcm_imc,rpq_occupancy,SKT0CHAN4,17,0.019585867966991747,queue_entry_seconds
correlation-redis-set-cores2,pcm_imc,rpq_occupancy,SKT0CHAN4,18,0.01978787246811703,queue_entry_seconds
correlation-redis-set-cores2,pcm_imc,rpq_occupancy,SKT0CHAN4,19,0.01969638034508627,queue_entry_seconds
correlation-redis-set-cores2,pcm_imc,rpq_occupancy,SKT0CHAN4,20,0.02037932033008252,queue_entry_seconds
correlation-redis-set-cores2,pcm_imc,rpq_occupancy,SKT0CHAN4,21,0.01974978844711178,queue_entry_seconds
correlation-redis-set-cores2,pcm_imc,rpq_occupancy,SKT0CHAN4,22,0.01985593698424606,queue_entry_seconds
correlation-redis-set-cores2,pcm_imc,rpq_occupancy,SKT0CHAN4,23,0.019861174043510878,queue_entry_seconds
correlation-redis-set-cores2,pcm_imc,rpq_occupancy,SKT0CHAN4,24,0.01970645986496624,queue_entry_seconds
correlation-redis-set-cores2,pcm_imc,rpq_occupancy,SKT0CHAN4,25,0.019824225056264067,queue_entry_seconds
correlation-redis-set-cores2,pcm_imc,rpq_occupancy,SKT0CHAN4,26,0.019908087771942987,queue_entry_seconds
correlation-redis-set-cores2,pcm_imc,rpq_occupancy,SKT0CHAN4,27,0.019863018754688672,queue_entry_seconds
correlation-redis-set-cores2,pcm_imc,rpq_occupancy,SKT0CHAN4,28,0.019714486121530383,queue_entry_seconds
correlation-redis-set-cores2,pcm_imc,rpq_occupancy,SKT0CHAN4,29,0.019773318829707426,queue_entry_seconds
correlation-redis-set-cores2,pcm_imc,rpq_occupancy,SKT0CHAN4,30,0.019951135783945986,queue_entry_seconds
correlation-redis-set-cores2,pcm_imc,rpq_occupancy,SKT0CHAN4,31,0.019882651912978246,queue_entry_seconds
correlation-redis-set-cores2,pcm_imc,rpq_occupancy,SKT0CHAN4,32,0.019835817704426106,queue_entry_seconds
correlation-redis-set-cores2,pcm_imc,rpq_occupancy,SKT0CHAN4,33,0.019566335333833458,queue_entry_seconds
correlation-redis-set-cores2,pcm_imc,rpq_occupancy,SKT0CHAN4,34,0.01953721455363841,queue_entry_seconds
correlation-redis-set-cores2,pcm_imc,rpq_occupancy,SKT0CHAN4,35,0.019727416354088523,queue_entry_seconds
correlation-redis-set-cores2,pcm_imc,rpq_occupancy,SKT0CHAN4,36,0.019674685671417856,queue_entry_seconds
correlation-redis-set-cores2,pcm_imc,rpq_occupancy,SKT0CHAN4,37,0.01970390847711928,queue_entry_seconds
correlation-redis-set-cores2,pcm_imc,rpq_occupancy,SKT0CHAN4,38,0.019666439609902477,queue_entry_seconds
correlation-redis-set-cores2,pcm_imc,rpq_occupancy,SKT0CHAN4,39,0.01969520705176294,queue_entry_seconds
correlation-redis-set-cores2,pcm_imc,rpq_occupancy,SKT0CHAN4,40,0.01966919279819955,queue_entry_seconds
correlation-redis-set-cores2,pcm_imc,rpq_occupancy,SKT0CHAN4,41,0.019672705176294075,queue_entry_seconds
correlation-redis-set-cores2,pcm_imc,rpq_occupancy,SKT0CHAN4,42,0.019842411852963242,queue_entry_seconds
correlation-redis-set-cores2,pcm_imc,rpq_occupancy,SKT0CHAN4,43,0.019645345086271568,queue_entry_seconds
correlation-redis-set-cores2,pcm_imc,rpq_occupancy,SKT0CHAN4,44,0.02005334658664666,queue_entry_seconds
correlation-redis-set-cores2,pcm_imc,rpq_occupancy,SKT0CHAN4,45,0.019766106526631657,queue_entry_seconds
correlation-redis-set-cores2,pcm_imc,rpq_occupancy,SKT0CHAN4,46,0.019912135783945985,queue_entry_seconds
correlation-redis-set-cores2,pcm_imc,rpq_occupancy,SKT0CHAN4,47,0.02016250862715679,queue_entry_seconds
correlation-redis-set-cores2,pcm_imc,rpq_occupancy,SKT0CHAN4,48,0.02069837584396099,queue_entry_seconds
correlation-redis-set-cores2,pcm_imc,rpq_occupancy,SKT0CHAN4,49,0.019740673668417103,queue_entry_seconds
correlation-redis-set-cores2,pcm_imc,rpq_occupancy,SKT0CHAN4,50,0.020459511627906976,queue_entry_seconds
correlation-redis-set-cores2,pcm_imc,rpq_occupancy,SKT0CHAN4,51,0.019748672918229557,queue_entry_seconds
correlation-redis-set-cores2,pcm_imc,rpq_occupancy,SKT0CHAN4,52,0.01980875468867217,queue_entry_seconds
correlation-redis-set-cores2,pcm_imc,rpq_occupancy,SKT0CHAN4,53,0.019768744186046513,queue_entry_seconds
correlation-redis-set-cores2,pcm_imc,rpq_occupancy,SKT0CHAN4,54,0.019791810202550636,queue_entry_seconds
correlation-redis-set-cores2,pcm_imc,rpq_occupancy,SKT0CHAN4,55,0.019679201050262565,queue_entry_seconds
correlation-redis-set-cores2,pcm_imc,rpq_occupancy,SKT0CHAN4,56,0.019717057014253563,queue_entry_seconds
correlation-redis-set-cores2,pcm_imc,rpq_occupancy,SKT0CHAN4,57,0.019808497374343585,queue_entry_seconds
correlation-redis-set-cores2,pcm_imc,rpq_occupancy,SKT0CHAN4,58,0.01991496399099775,queue_entry_seconds
correlation-redis-set-cores2,pcm_imc,rpq_occupancy,SKT0CHAN4,59,0.019776258814703677,queue_entry_seconds
correlation-redis-set-cores2,pcm_imc,rpq_occupancy,SKT0CHAN5,0,0.020595138784696175,queue_entry_seconds
correlation-redis-set-cores2,pcm_imc,rpq_occupancy,SKT0CHAN5,1,0.021245530382595648,queue_entry_seconds
correlation-redis-set-cores2,pcm_imc,rpq_occupancy,SKT0CHAN5,2,0.020713090022505626,queue_entry_seconds
correlation-redis-set-cores2,pcm_imc,rpq_occupancy,SKT0CHAN5,3,0.020480269317329332,queue_entry_seconds
correlation-redis-set-cores2,pcm_imc,rpq_occupancy,SKT0CHAN5,4,0.02054960240060015,queue_entry_seconds
correlation-redis-set-cores2,pcm_imc,rpq_occupancy,SKT0CHAN5,5,0.020549627156789197,queue_entry_seconds
correlation-redis-set-cores2,pcm_imc,rpq_occupancy,SKT0CHAN5,6,0.02051827981995499,queue_entry_seconds
correlation-redis-set-cores2,pcm_imc,rpq_occupancy,SKT0CHAN5,7,0.020550378844711177,queue_entry_seconds
correlation-redis-set-cores2,pcm_imc,rpq_occupancy,SKT0CHAN5,8,0.020609803450862715,queue_entry_seconds
correlation-redis-set-cores2,pcm_imc,rpq_occupancy,SKT0CHAN5,9,0.020543172543135785,queue_entry_seconds
correlation-redis-set-cores2,pcm_imc,rpq_occupancy,SKT0CHAN5,10,0.020445561890472617,queue_entry_seconds
correlation-redis-set-cores2,pcm_imc,rpq_occupancy,SKT0CHAN5,11,0.020590204051012754,queue_entry_seconds
correlation-redis-set-cores2,pcm_imc,rpq_occupancy,SKT0CHAN5,12,0.021032321830457616,queue_entry_seconds
correlation-redis-set-cores2,pcm_imc,rpq_occupancy,SKT0CHAN5,13,0.020474232558139537,queue_entry_seconds
correlation-redis-set-cores2,pcm_imc,rpq_occupancy,SKT0CHAN5,14,0.021031322580645162,queue_entry_seconds
correlation-redis-set-cores2,pcm_imc,rpq_occupancy,SKT0CHAN5,15,0.021434933233308327,queue_entry_seconds
correlation-redis-set-cores2,pcm_imc,rpq_occupancy,SKT0CHAN5,16,0.020538870967741936,queue_entry_seconds
correlation-redis-set-cores2,pcm_imc,rpq_occupancy,SKT0CHAN5,17,0.020503087021755437,queue_entry_seconds
correlation-redis-set-cores2,pcm_imc,rpq_occupancy,SKT0CHAN5,18,0.020702268567141784,queue_entry_seconds
correlation-redis-set-cores2,pcm_imc,rpq_occupancy,SKT0CHAN5,19,0.02057078769692423,queue_entry_seconds
correlation-redis-set-cores2,pcm_imc,rpq_occupancy,SKT0CHAN5,20,0.02127959264816204,queue_entry_seconds
correlation-redis-set-cores2,pcm_imc,rpq_occupancy,SKT0CHAN5,21,0.020687246811702927,queue_entry_seconds
correlation-redis-set-cores2,pcm_imc,rpq_occupancy,SKT0CHAN5,22,0.02069647711927982,queue_entry_seconds
correlation-redis-set-cores2,pcm_imc,rpq_occupancy,SKT0CHAN5,23,0.02063582595648912,queue_entry_seconds
correlation-redis-set-cores2,pcm_imc,rpq_occupancy,SKT0CHAN5,24,0.020510073518379596,queue_entry_seconds
correlation-redis-set-cores2,pcm_imc,rpq_occupancy,SKT0CHAN5,25,0.020713900225056266,queue_entry_seconds
correlation-redis-set-cores2,pcm_imc,rpq_occupancy,SKT0CHAN5,26,0.020658759939984995,queue_entry_seconds
correlation-redis-set-cores2,pcm_imc,rpq_occupancy,SKT0CHAN5,27,0.020673131282820705,queue_entry_seconds
correlation-redis-set-cores2,pcm_imc,rpq_occupancy,SKT0CHAN5,28,0.02060045611402851,queue_entry_seconds
correlation-redis-set-cores2,pcm_imc,rpq_occupancy,SKT0CHAN5,29,0.020687087771942985,queue_entry_seconds
correlation-redis-set-cores2,pcm_imc,rpq_occupancy,SKT0CHAN5,30,0.020845496624156037,queue_entry_seconds
correlation-redis-set-cores2,pcm_imc,rpq_occupancy,SKT0CHAN5,31,0.020718021005251313,queue_entry_seconds
correlation-redis-set-cores2,pcm_imc,rpq_occupancy,SKT0CHAN5,32,0.020632766691672917,queue_entry_seconds
correlation-redis-set-cores2,pcm_imc,rpq_occupancy,SKT0CHAN5,33,0.020393803450862717,queue_entry_seconds
correlation-redis-set-cores2,pcm_imc,rpq_occupancy,SKT0CHAN5,34,0.020473256564141035,queue_entry_seconds
correlation-redis-set-cores2,pcm_imc,rpq_occupancy,SKT0CHAN5,35,0.02052792348087022,queue_entry_seconds
correlation-redis-set-cores2,pcm_imc,rpq_occupancy,SKT0CHAN5,36,0.020501884471117778,queue_entry_seconds
correlation-redis-set-cores2,pcm_imc,rpq_occupancy,SKT0CHAN5,37,0.020572034508627157,queue_entry_seconds
correlation-redis-set-cores2,pcm_imc,rpq_occupancy,SKT0CHAN5,38,0.020552,queue_entry_seconds
correlation-redis-set-cores2,pcm_imc,rpq_occupancy,SKT0CHAN5,39,0.020436335333833457,queue_entry_seconds
correlation-redis-set-cores2,pcm_imc,rpq_occupancy,SKT0CHAN5,40,0.02049021680420105,queue_entry_seconds
correlation-redis-set-cores2,pcm_imc,rpq_occupancy,SKT0CHAN5,41,0.020505279819954987,queue_entry_seconds
correlation-redis-set-cores2,pcm_imc,rpq_occupancy,SKT0CHAN5,42,0.02072347186796699,queue_entry_seconds
correlation-redis-set-cores2,pcm_imc,rpq_occupancy,SKT0CHAN5,43,0.020444846961740436,queue_entry_seconds
correlation-redis-set-cores2,pcm_imc,rpq_occupancy,SKT0CHAN5,44,0.021016738184546135,queue_entry_seconds
correlation-redis-set-cores2,pcm_imc,rpq_occupancy,SKT0CHAN5,45,0.020564510127531882,queue_entry_seconds
correlation-redis-set-cores2,pcm_imc,rpq_occupancy,SKT0CHAN5,46,0.020865747936984248,queue_entry_seconds
correlation-redis-set-cores2,pcm_imc,rpq_occupancy,SKT0CHAN5,47,0.021033197299324832,queue_entry_seconds
correlation-redis-set-cores2,pcm_imc,rpq_occupancy,SKT0CHAN5,48,0.02154450337584396,queue_entry_seconds
correlation-redis-set-cores2,pcm_imc,rpq_occupancy,SKT0CHAN5,49,0.020528866466616655,queue_entry_seconds
correlation-redis-set-cores2,pcm_imc,rpq_occupancy,SKT0CHAN5,50,0.021270808702175546,queue_entry_seconds
correlation-redis-set-cores2,pcm_imc,rpq_occupancy,SKT0CHAN5,51,0.02056339084771193,queue_entry_seconds
correlation-redis-set-cores2,pcm_imc,rpq_occupancy,SKT0CHAN5,52,0.020599760690172542,queue_entry_seconds
correlation-redis-set-cores2,pcm_imc,rpq_occupancy,SKT0CHAN5,53,0.020592563390847713,queue_entry_seconds
correlation-redis-set-cores2,pcm_imc,rpq_occupancy,SKT0CHAN5,54,0.020483527381845463,queue_entry_seconds
correlation-redis-set-cores2,pcm_imc,rpq_occupancy,SKT0CHAN5,55,0.02057879294823706,queue_entry_seconds
correlation-redis-set-cores2,pcm_imc,rpq_occupancy,SKT0CHAN5,56,0.02043693248312078,queue_entry_seconds
correlation-redis-set-cores2,pcm_imc,rpq_occupancy,SKT0CHAN5,57,0.02056428657164291,queue_entry_seconds
correlation-redis-set-cores2,pcm_imc,rpq_occupancy,SKT0CHAN5,58,0.02070062340585146,queue_entry_seconds
correlation-redis-set-cores2,pcm_imc,rpq_occupancy,SKT0CHAN5,59,0.0205635663915979,queue_entry_seconds
correlation-redis-set-cores2,pcm_imc,rpq_occupancy,SKT0CHAN6,0,0.020681183045761442,queue_entry_seconds
correlation-redis-set-cores2,pcm_imc,rpq_occupancy,SKT0CHAN6,1,0.021144597899474867,queue_entry_seconds
correlation-redis-set-cores2,pcm_imc,rpq_occupancy,SKT0CHAN6,2,0.020902210052513127,queue_entry_seconds
correlation-redis-set-cores2,pcm_imc,rpq_occupancy,SKT0CHAN6,3,0.020666293323330833,queue_entry_seconds
correlation-redis-set-cores2,pcm_imc,rpq_occupancy,SKT0CHAN6,4,0.020601895723930983,queue_entry_seconds
correlation-redis-set-cores2,pcm_imc,rpq_occupancy,SKT0CHAN6,5,0.02061803900975244,queue_entry_seconds
correlation-redis-set-cores2,pcm_imc,rpq_occupancy,SKT0CHAN6,6,0.02054411552888222,queue_entry_seconds
correlation-redis-set-cores2,pcm_imc,rpq_occupancy,SKT0CHAN6,7,0.02059716879219805,queue_entry_seconds
correlation-redis-set-cores2,pcm_imc,rpq_occupancy,SKT0CHAN6,8,0.020716413353338334,queue_entry_seconds
correlation-redis-set-cores2,pcm_imc,rpq_occupancy,SKT0CHAN6,9,0.020506401350337586,queue_entry_seconds
correlation-redis-set-cores2,pcm_imc,rpq_occupancy,SKT0CHAN6,10,0.020472950487621905,queue_entry_seconds
correlation-redis-set-cores2,pcm_imc,rpq_occupancy,SKT0CHAN6,11,0.020614332333083272,queue_entry_seconds
correlation-redis-set-cores2,pcm_imc,rpq_occupancy,SKT0CHAN6,12,0.021231215303825955,queue_entry_seconds
correlation-redis-set-cores2,pcm_imc,rpq_occupancy,SKT0CHAN6,13,0.02063160540135034,queue_entry_seconds
correlation-redis-set-cores2,pcm_imc,rpq_occupancy,SKT0CHAN6,14,0.021059570142535632,queue_entry_seconds
correlation-redis-set-cores2,pcm_imc,rpq_occupancy,SKT0CHAN6,15,0.021493205551387846,queue_entry_seconds
correlation-redis-set-cores2,pcm_imc,rpq_occupancy,SKT0CHAN6,16,0.020635408852213055,queue_entry_seconds
correlation-redis-set-cores2,pcm_imc,rpq_occupancy,SKT0CHAN6,17,0.020638339084771192,queue_entry_seconds
correlation-redis-set-cores2,pcm_imc,rpq_occupancy,SKT0CHAN6,18,0.020815466616654163,queue_entry_seconds
correlation-redis-set-cores2,pcm_imc,rpq_occupancy,SKT0CHAN6,19,0.020757098274568644,queue_entry_seconds
correlation-redis-set-cores2,pcm_imc,rpq_occupancy,SKT0CHAN6,20,0.021451265566391597,queue_entry_seconds
correlation-redis-set-cores2,pcm_imc,rpq_occupancy,SKT0CHAN6,21,0.020723861215303827,queue_entry_seconds
correlation-redis-set-cores2,pcm_imc,rpq_occupancy,SKT0CHAN6,22,0.020816926481620406,queue_entry_seconds
correlation-redis-set-cores2,pcm_imc,rpq_occupancy,SKT0CHAN6,23,0.020713758439609903,queue_entry_seconds
correlation-redis-set-cores2,pcm_imc,rpq_occupancy,SKT0CHAN6,24,0.020691719429857463,queue_entry_seconds
correlation-redis-set-cores2,pcm_imc,rpq_occupancy,SKT0CHAN6,25,0.020865459114778696,queue_entry_seconds
correlation-redis-set-cores2,pcm_imc,rpq_occupancy,SKT0CHAN6,26,0.02080401200300075,queue_entry_seconds
correlation-redis-set-cores2,pcm_imc,rpq_occupancy,SKT0CHAN6,27,0.020818681170292574,queue_entry_seconds
correlation-redis-set-cores2,pcm_imc,rpq_occupancy,SKT0CHAN6,28,0.02065157089272318,queue_entry_seconds
correlation-redis-set-cores2,pcm_imc,rpq_occupancy,SKT0CHAN6,29,0.020809094523630906,queue_entry_seconds
correlation-redis-set-cores2,pcm_imc,rpq_occupancy,SKT0CHAN6,30,0.020927010502625656,queue_entry_seconds
correlation-redis-set-cores2,pcm_imc,rpq_occupancy,SKT0CHAN6,31,0.020697603900975244,queue_entry_seconds
correlation-redis-set-cores2,pcm_imc,rpq_occupancy,SKT0CHAN6,32,0.020631424606151538,queue_entry_seconds
correlation-redis-set-cores2,pcm_imc,rpq_occupancy,SKT0CHAN6,33,0.020445636909227308,queue_entry_seconds
correlation-redis-set-cores2,pcm_imc,rpq_occupancy,SKT0CHAN6,34,0.020476244561140285,queue_entry_seconds
correlation-redis-set-cores2,pcm_imc,rpq_occupancy,SKT0CHAN6,35,0.020647663165791447,queue_entry_seconds
correlation-redis-set-cores2,pcm_imc,rpq_occupancy,SKT0CHAN6,36,0.02057728207051763,queue_entry_seconds
correlation-redis-set-cores2,pcm_imc,rpq_occupancy,SKT0CHAN6,37,0.020556406601650413,queue_entry_seconds
correlation-redis-set-cores2,pcm_imc,rpq_occupancy,SKT0CHAN6,38,0.020676917479369842,queue_entry_seconds
correlation-redis-set-cores2,pcm_imc,rpq_occupancy,SKT0CHAN6,39,0.02063826256564141,queue_entry_seconds
correlation-redis-set-cores2,pcm_imc,rpq_occupancy,SKT0CHAN6,40,0.02058663540885221,queue_entry_seconds
correlation-redis-set-cores2,pcm_imc,rpq_occupancy,SKT0CHAN6,41,0.020628221305326332,queue_entry_seconds
correlation-redis-set-cores2,pcm_imc,rpq_occupancy,SKT0CHAN6,42,0.020622134283570893,queue_entry_seconds
correlation-redis-set-cores2,pcm_imc,rpq_occupancy,SKT0CHAN6,43,0.02063689347336834,queue_entry_seconds
correlation-redis-set-cores2,pcm_imc,rpq_occupancy,SKT0CHAN6,44,0.02112650337584396,queue_entry_seconds
correlation-redis-set-cores2,pcm_imc,rpq_occupancy,SKT0CHAN6,45,0.020819581395348837,queue_entry_seconds
correlation-redis-set-cores2,pcm_imc,rpq_occupancy,SKT0CHAN6,46,0.02094810352588147,queue_entry_seconds
correlation-redis-set-cores2,pcm_imc,rpq_occupancy,SKT0CHAN6,47,0.02118535183795949,queue_entry_seconds
correlation-redis-set-cores2,pcm_imc,rpq_occupancy,SKT0CHAN6,48,0.02174160690172543,queue_entry_seconds
correlation-redis-set-cores2,pcm_imc,rpq_occupancy,SKT0CHAN6,49,0.02074601650412603,queue_entry_seconds
correlation-redis-set-cores2,pcm_imc,rpq_occupancy,SKT0CHAN6,50,0.021564192048012003,queue_entry_seconds
correlation-redis-set-cores2,pcm_imc,rpq_occupancy,SKT0CHAN6,51,0.020670516129032257,queue_entry_seconds
correlation-redis-set-cores2,pcm_imc,rpq_occupancy,SKT0CHAN6,52,0.02075854388597149,queue_entry_seconds
correlation-redis-set-cores2,pcm_imc,rpq_occupancy,SKT0CHAN6,53,0.02066254913728432,queue_entry_seconds
correlation-redis-set-cores2,pcm_imc,rpq_occupancy,SKT0CHAN6,54,0.0208058432108027,queue_entry_seconds
correlation-redis-set-cores2,pcm_imc,rpq_occupancy,SKT0CHAN6,55,0.02067336384096024,queue_entry_seconds
correlation-redis-set-cores2,pcm_imc,rpq_occupancy,SKT0CHAN6,56,0.020558133533383347,queue_entry_seconds
correlation-redis-set-cores2,pcm_imc,rpq_occupancy,SKT0CHAN6,57,0.020661249062265567,queue_entry_seconds
correlation-redis-set-cores2,pcm_imc,rpq_occupancy,SKT0CHAN6,58,0.020813109527381846,queue_entry_seconds
correlation-redis-set-cores2,pcm_imc,rpq_occupancy,SKT0CHAN6,59,0.02072307951987997,queue_entry_seconds
correlation-redis-set-cores2,pcm_imc,rpq_occupancy,SKT0CHAN7,0,0.019841168042010502,queue_entry_seconds
correlation-redis-set-cores2,pcm_imc,rpq_occupancy,SKT0CHAN7,1,0.02044220405101275,queue_entry_seconds
correlation-redis-set-cores2,pcm_imc,rpq_occupancy,SKT0CHAN7,2,0.020101056264066018,queue_entry_seconds
correlation-redis-set-cores2,pcm_imc,rpq_occupancy,SKT0CHAN7,3,0.019836230307576894,queue_entry_seconds
correlation-redis-set-cores2,pcm_imc,rpq_occupancy,SKT0CHAN7,4,0.019714541635408853,queue_entry_seconds
correlation-redis-set-cores2,pcm_imc,rpq_occupancy,SKT0CHAN7,5,0.019795562640660166,queue_entry_seconds
correlation-redis-set-cores2,pcm_imc,rpq_occupancy,SKT0CHAN7,6,0.019835498124531132,queue_entry_seconds
correlation-redis-set-cores2,pcm_imc,rpq_occupancy,SKT0CHAN7,7,0.019756254313578393,queue_entry_seconds
correlation-redis-set-cores2,pcm_imc,rpq_occupancy,SKT0CHAN7,8,0.019788480870217555,queue_entry_seconds
correlation-redis-set-cores2,pcm_imc,rpq_occupancy,SKT0CHAN7,9,0.01969233983495874,queue_entry_seconds
correlation-redis-set-cores2,pcm_imc,rpq_occupancy,SKT0CHAN7,10,0.01972780945236309,queue_entry_seconds
correlation-redis-set-cores2,pcm_imc,rpq_occupancy,SKT0CHAN7,11,0.019772237809452364,queue_entry_seconds
correlation-redis-set-cores2,pcm_imc,rpq_occupancy,SKT0CHAN7,12,0.02033752513128282,queue_entry_seconds
correlation-redis-set-cores2,pcm_imc,rpq_occupancy,SKT0CHAN7,13,0.01976505326331583,queue_entry_seconds
correlation-redis-set-cores2,pcm_imc,rpq_occupancy,SKT0CHAN7,14,0.020228619654913727,queue_entry_seconds
correlation-redis-set-cores2,pcm_imc,rpq_occupancy,SKT0CHAN7,15,0.020758846211552887,queue_entry_seconds
correlation-redis-set-cores2,pcm_imc,rpq_occupancy,SKT0CHAN7,16,0.019842519129782445,queue_entry_seconds
correlation-redis-set-cores2,pcm_imc,rpq_occupancy,SKT0CHAN7,17,0.019845440360090023,queue_entry_seconds
correlation-redis-set-cores2,pcm_imc,rpq_occupancy,SKT0CHAN7,18,0.019989401350337586,queue_entry_seconds
correlation-redis-set-cores2,pcm_imc,rpq_occupancy,SKT0CHAN7,19,0.019908112528132033,queue_entry_seconds
correlation-redis-set-cores2,pcm_imc,rpq_occupancy,SKT0CHAN7,20,0.02067596624156039,queue_entry_seconds
correlation-redis-set-cores2,pcm_imc,rpq_occupancy,SKT0CHAN7,21,0.019943531132783195,queue_entry_seconds
correlation-redis-set-cores2,pcm_imc,rpq_occupancy,SKT0CHAN7,22,0.01999655438859715,queue_entry_seconds
correlation-redis-set-cores2,pcm_imc,rpq_occupancy,SKT0CHAN7,23,0.020002309827456863,queue_entry_seconds
correlation-redis-set-cores2,pcm_imc,rpq_occupancy,SKT0CHAN7,24,0.01988873743435859,queue_entry_seconds
correlation-redis-set-cores2,pcm_imc,rpq_occupancy,SKT0CHAN7,25,0.020051618904726183,queue_entry_seconds
correlation-redis-set-cores2,pcm_imc,rpq_occupancy,SKT0CHAN7,26,0.019971747186796698,queue_entry_seconds
correlation-redis-set-cores2,pcm_imc,rpq_occupancy,SKT0CHAN7,27,0.020000426856714177,queue_entry_seconds
correlation-redis-set-cores2,pcm_imc,rpq_occupancy,SKT0CHAN7,28,0.01995155138784696,queue_entry_seconds
correlation-redis-set-cores2,pcm_imc,rpq_occupancy,SKT0CHAN7,29,0.020069370592648163,queue_entry_seconds
correlation-redis-set-cores2,pcm_imc,rpq_occupancy,SKT0CHAN7,30,0.02014621680420105,queue_entry_seconds
correlation-redis-set-cores2,pcm_imc,rpq_occupancy,SKT0CHAN7,31,0.0198018432108027,queue_entry_seconds
correlation-redis-set-cores2,pcm_imc,rpq_occupancy,SKT0CHAN7,32,0.019860114778694673,queue_entry_seconds
correlation-redis-set-cores2,pcm_imc,rpq_occupancy,SKT0CHAN7,33,0.019723916729182295,queue_entry_seconds
correlation-redis-set-cores2,pcm_imc,rpq_occupancy,SKT0CHAN7,34,0.019789702925731432,queue_entry_seconds
correlation-redis-set-cores2,pcm_imc,rpq_occupancy,SKT0CHAN7,35,0.019987522130532634,queue_entry_seconds
correlation-redis-set-cores2,pcm_imc,rpq_occupancy,SKT0CHAN7,36,0.019833105026256563,queue_entry_seconds
correlation-redis-set-cores2,pcm_imc,rpq_occupancy,SKT0CHAN7,37,0.01977833983495874,queue_entry_seconds
correlation-redis-set-cores2,pcm_imc,rpq_occupancy,SKT0CHAN7,38,0.01981365791447862,queue_entry_seconds
correlation-redis-set-cores2,pcm_imc,rpq_occupancy,SKT0CHAN7,39,0.019868088522130532,queue_entry_seconds
correlation-redis-set-cores2,pcm_imc,rpq_occupancy,SKT0CHAN7,40,0.019896024756189047,queue_entry_seconds
correlation-redis-set-cores2,pcm_imc,rpq_occupancy,SKT0CHAN7,41,0.019883822955738935,queue_entry_seconds
correlation-redis-set-cores2,pcm_imc,rpq_occupancy,SKT0CHAN7,42,0.01986489572393098,queue_entry_seconds
correlation-redis-set-cores2,pcm_imc,rpq_occupancy,SKT0CHAN7,43,0.019790615903975992,queue_entry_seconds
correlation-redis-set-cores2,pcm_imc,rpq_occupancy,SKT0CHAN7,44,0.020222926481620405,queue_entry_seconds
correlation-redis-set-cores2,pcm_imc,rpq_occupancy,SKT0CHAN7,45,0.02001921980495124,queue_entry_seconds
correlation-redis-set-cores2,pcm_imc,rpq_occupancy,SKT0CHAN7,46,0.020202011252813203,queue_entry_seconds
correlation-redis-set-cores2,pcm_imc,rpq_occupancy,SKT0CHAN7,47,0.020290240810202552,queue_entry_seconds
correlation-redis-set-cores2,pcm_imc,rpq_occupancy,SKT0CHAN7,48,0.021011827456864217,queue_entry_seconds
correlation-redis-set-cores2,pcm_imc,rpq_occupancy,SKT0CHAN7,49,0.019912462115528884,queue_entry_seconds
correlation-redis-set-cores2,pcm_imc,rpq_occupancy,SKT0CHAN7,50,0.020555792198049514,queue_entry_seconds
correlation-redis-set-cores2,pcm_imc,rpq_occupancy,SKT0CHAN7,51,0.02004760240060015,queue_entry_seconds
correlation-redis-set-cores2,pcm_imc,rpq_occupancy,SKT0CHAN7,52,0.01993034958739685,queue_entry_seconds
correlation-redis-set-cores2,pcm_imc,rpq_occupancy,SKT0CHAN7,53,0.019870078019504876,queue_entry_seconds
correlation-redis-set-cores2,pcm_imc,rpq_occupancy,SKT0CHAN7,54,0.019863085521380344,queue_entry_seconds
correlation-redis-set-cores2,pcm_imc,rpq_occupancy,SKT0CHAN7,55,0.01983824081020255,queue_entry_seconds
correlation-redis-set-cores2,pcm_imc,rpq_occupancy,SKT0CHAN7,56,0.019854502625656415,queue_entry_seconds
correlation-redis-set-cores2,pcm_imc,rpq_occupancy,SKT0CHAN7,57,0.01984929707426857,queue_entry_seconds
correlation-redis-set-cores2,pcm_imc,rpq_occupancy,SKT0CHAN7,58,0.020011830457614403,queue_entry_seconds
correlation-redis-set-cores2,pcm_imc,rpq_occupancy,SKT0CHAN7,59,0.019838038259564893,queue_entry_seconds
correlation-redis-set-cores2,pcm_imc,wpq_full_cycles,SKT0CHAN0,0,666989925.0,cycles
correlation-redis-set-cores2,pcm_imc,wpq_full_cycles,SKT0CHAN0,1,666443904.0,cycles
correlation-redis-set-cores2,pcm_imc,wpq_full_cycles,SKT0CHAN0,2,666411140.0,cycles
correlation-redis-set-cores2,pcm_imc,wpq_full_cycles,SKT0CHAN0,3,666404660.0,cycles
correlation-redis-set-cores2,pcm_imc,wpq_full_cycles,SKT0CHAN0,4,667031190.0,cycles
correlation-redis-set-cores2,pcm_imc,wpq_full_cycles,SKT0CHAN0,5,666347341.0,cycles
correlation-redis-set-cores2,pcm_imc,wpq_full_cycles,SKT0CHAN0,6,666313299.0,cycles
correlation-redis-set-cores2,pcm_imc,wpq_full_cycles,SKT0CHAN0,7,666995065.0,cycles
correlation-redis-set-cores2,pcm_imc,wpq_full_cycles,SKT0CHAN0,8,666360960.0,cycles
correlation-redis-set-cores2,pcm_imc,wpq_full_cycles,SKT0CHAN0,9,666371725.0,cycles
correlation-redis-set-cores2,pcm_imc,wpq_full_cycles,SKT0CHAN0,10,666365570.0,cycles
correlation-redis-set-cores2,pcm_imc,wpq_full_cycles,SKT0CHAN0,11,667095296.0,cycles
correlation-redis-set-cores2,pcm_imc,wpq_full_cycles,SKT0CHAN0,12,666370341.0,cycles
correlation-redis-set-cores2,pcm_imc,wpq_full_cycles,SKT0CHAN0,13,666358676.0,cycles
correlation-redis-set-cores2,pcm_imc,wpq_full_cycles,SKT0CHAN0,14,667051166.0,cycles
correlation-redis-set-cores2,pcm_imc,wpq_full_cycles,SKT0CHAN0,15,666418691.0,cycles
correlation-redis-set-cores2,pcm_imc,wpq_full_cycles,SKT0CHAN0,16,666423586.0,cycles
correlation-redis-set-cores2,pcm_imc,wpq_full_cycles,SKT0CHAN0,17,666383675.0,cycles
correlation-redis-set-cores2,pcm_imc,wpq_full_cycles,SKT0CHAN0,18,667097886.0,cycles
correlation-redis-set-cores2,pcm_imc,wpq_full_cycles,SKT0CHAN0,19,666348370.0,cycles
correlation-redis-set-cores2,pcm_imc,wpq_full_cycles,SKT0CHAN0,20,666374637.0,cycles
correlation-redis-set-cores2,pcm_imc,wpq_full_cycles,SKT0CHAN0,21,666395974.0,cycles
correlation-redis-set-cores2,pcm_imc,wpq_full_cycles,SKT0CHAN0,22,667073594.0,cycles
correlation-redis-set-cores2,pcm_imc,wpq_full_cycles,SKT0CHAN0,23,666354764.0,cycles
correlation-redis-set-cores2,pcm_imc,wpq_full_cycles,SKT0CHAN0,24,666354530.0,cycles
correlation-redis-set-cores2,pcm_imc,wpq_full_cycles,SKT0CHAN0,25,666411968.0,cycles
correlation-redis-set-cores2,pcm_imc,wpq_full_cycles,SKT0CHAN0,26,667001149.0,cycles
correlation-redis-set-cores2,pcm_imc,wpq_full_cycles,SKT0CHAN0,27,666341232.0,cycles
correlation-redis-set-cores2,pcm_imc,wpq_full_cycles,SKT0CHAN0,28,666380394.0,cycles
correlation-redis-set-cores2,pcm_imc,wpq_full_cycles,SKT0CHAN0,29,667014824.0,cycles
correlation-redis-set-cores2,pcm_imc,wpq_full_cycles,SKT0CHAN0,30,666320499.0,cycles
correlation-redis-set-cores2,pcm_imc,wpq_full_cycles,SKT0CHAN0,31,666338552.0,cycles
correlation-redis-set-cores2,pcm_imc,wpq_full_cycles,SKT0CHAN0,32,666999998.0,cycles
correlation-redis-set-cores2,pcm_imc,wpq_full_cycles,SKT0CHAN0,33,666331406.0,cycles
correlation-redis-set-cores2,pcm_imc,wpq_full_cycles,SKT0CHAN0,34,666329160.0,cycles
correlation-redis-set-cores2,pcm_imc,wpq_full_cycles,SKT0CHAN0,35,667061328.0,cycles
correlation-redis-set-cores2,pcm_imc,wpq_full_cycles,SKT0CHAN0,36,666381539.0,cycles
correlation-redis-set-cores2,pcm_imc,wpq_full_cycles,SKT0CHAN0,37,666368862.0,cycles
correlation-redis-set-cores2,pcm_imc,wpq_full_cycles,SKT0CHAN0,38,666392281.0,cycles
correlation-redis-set-cores2,pcm_imc,wpq_full_cycles,SKT0CHAN0,39,667006373.0,cycles
correlation-redis-set-cores2,pcm_imc,wpq_full_cycles,SKT0CHAN0,40,666354786.0,cycles
correlation-redis-set-cores2,pcm_imc,wpq_full_cycles,SKT0CHAN0,41,666374583.0,cycles
correlation-redis-set-cores2,pcm_imc,wpq_full_cycles,SKT0CHAN0,42,667017715.0,cycles
correlation-redis-set-cores2,pcm_imc,wpq_full_cycles,SKT0CHAN0,43,666390087.0,cycles
correlation-redis-set-cores2,pcm_imc,wpq_full_cycles,SKT0CHAN0,44,666368258.0,cycles
correlation-redis-set-cores2,pcm_imc,wpq_full_cycles,SKT0CHAN0,45,666405162.0,cycles
correlation-redis-set-cores2,pcm_imc,wpq_full_cycles,SKT0CHAN0,46,667078225.0,cycles
correlation-redis-set-cores2,pcm_imc,wpq_full_cycles,SKT0CHAN0,47,666406686.0,cycles
correlation-redis-set-cores2,pcm_imc,wpq_full_cycles,SKT0CHAN0,48,666407273.0,cycles
correlation-redis-set-cores2,pcm_imc,wpq_full_cycles,SKT0CHAN0,49,666405527.0,cycles
correlation-redis-set-cores2,pcm_imc,wpq_full_cycles,SKT0CHAN0,50,667030298.0,cycles
correlation-redis-set-cores2,pcm_imc,wpq_full_cycles,SKT0CHAN0,51,666394247.0,cycles
correlation-redis-set-cores2,pcm_imc,wpq_full_cycles,SKT0CHAN0,52,666347271.0,cycles
correlation-redis-set-cores2,pcm_imc,wpq_full_cycles,SKT0CHAN0,53,666399507.0,cycles
correlation-redis-set-cores2,pcm_imc,wpq_full_cycles,SKT0CHAN0,54,667057830.0,cycles
correlation-redis-set-cores2,pcm_imc,wpq_full_cycles,SKT0CHAN0,55,666375973.0,cycles
correlation-redis-set-cores2,pcm_imc,wpq_full_cycles,SKT0CHAN0,56,666386377.0,cycles
correlation-redis-set-cores2,pcm_imc,wpq_full_cycles,SKT0CHAN0,57,666362326.0,cycles
correlation-redis-set-cores2,pcm_imc,wpq_full_cycles,SKT0CHAN0,58,667033753.0,cycles
correlation-redis-set-cores2,pcm_imc,wpq_full_cycles,SKT0CHAN0,59,666371634.0,cycles
correlation-redis-set-cores2,pcm_imc,wpq_full_cycles,SKT0CHAN1,0,666989972.0,cycles
correlation-redis-set-cores2,pcm_imc,wpq_full_cycles,SKT0CHAN1,1,666443874.0,cycles
correlation-redis-set-cores2,pcm_imc,wpq_full_cycles,SKT0CHAN1,2,666411211.0,cycles
correlation-redis-set-cores2,pcm_imc,wpq_full_cycles,SKT0CHAN1,3,666404669.0,cycles
correlation-redis-set-cores2,pcm_imc,wpq_full_cycles,SKT0CHAN1,4,667031096.0,cycles
correlation-redis-set-cores2,pcm_imc,wpq_full_cycles,SKT0CHAN1,5,666347354.0,cycles
correlation-redis-set-cores2,pcm_imc,wpq_full_cycles,SKT0CHAN1,6,666313309.0,cycles
correlation-redis-set-cores2,pcm_imc,wpq_full_cycles,SKT0CHAN1,7,666995061.0,cycles
correlation-redis-set-cores2,pcm_imc,wpq_full_cycles,SKT0CHAN1,8,666361019.0,cycles
correlation-redis-set-cores2,pcm_imc,wpq_full_cycles,SKT0CHAN1,9,666371704.0,cycles
correlation-redis-set-cores2,pcm_imc,wpq_full_cycles,SKT0CHAN1,10,666365539.0,cycles
correlation-redis-set-cores2,pcm_imc,wpq_full_cycles,SKT0CHAN1,11,667095282.0,cycles
correlation-redis-set-cores2,pcm_imc,wpq_full_cycles,SKT0CHAN1,12,666370330.0,cycles
correlation-redis-set-cores2,pcm_imc,wpq_full_cycles,SKT0CHAN1,13,666358731.0,cycles
correlation-redis-set-cores2,pcm_imc,wpq_full_cycles,SKT0CHAN1,14,667051160.0,cycles
correlation-redis-set-cores2,pcm_imc,wpq_full_cycles,SKT0CHAN1,15,666418615.0,cycles
correlation-redis-set-cores2,pcm_imc,wpq_full_cycles,SKT0CHAN1,16,666423590.0,cycles
correlation-redis-set-cores2,pcm_imc,wpq_full_cycles,SKT0CHAN1,17,666385108.0,cycles
correlation-redis-set-cores2,pcm_imc,wpq_full_cycles,SKT0CHAN1,18,667098613.0,cycles
correlation-redis-set-cores2,pcm_imc,wpq_full_cycles,SKT0CHAN1,19,666348403.0,cycles
correlation-redis-set-cores2,pcm_imc,wpq_full_cycles,SKT0CHAN1,20,666374592.0,cycles
correlation-redis-set-cores2,pcm_imc,wpq_full_cycles,SKT0CHAN1,21,666395925.0,cycles
correlation-redis-set-cores2,pcm_imc,wpq_full_cycles,SKT0CHAN1,22,667073624.0,cycles
correlation-redis-set-cores2,pcm_imc,wpq_full_cycles,SKT0CHAN1,23,666354809.0,cycles
correlation-redis-set-cores2,pcm_imc,wpq_full_cycles,SKT0CHAN1,24,666354429.0,cycles
correlation-redis-set-cores2,pcm_imc,wpq_full_cycles,SKT0CHAN1,25,666411898.0,cycles
correlation-redis-set-cores2,pcm_imc,wpq_full_cycles,SKT0CHAN1,26,667001192.0,cycles
correlation-redis-set-cores2,pcm_imc,wpq_full_cycles,SKT0CHAN1,27,666341258.0,cycles
correlation-redis-set-cores2,pcm_imc,wpq_full_cycles,SKT0CHAN1,28,666380402.0,cycles
correlation-redis-set-cores2,pcm_imc,wpq_full_cycles,SKT0CHAN1,29,667014926.0,cycles
correlation-redis-set-cores2,pcm_imc,wpq_full_cycles,SKT0CHAN1,30,666320548.0,cycles
correlation-redis-set-cores2,pcm_imc,wpq_full_cycles,SKT0CHAN1,31,666338618.0,cycles
correlation-redis-set-cores2,pcm_imc,wpq_full_cycles,SKT0CHAN1,32,666999929.0,cycles
correlation-redis-set-cores2,pcm_imc,wpq_full_cycles,SKT0CHAN1,33,666331363.0,cycles
correlation-redis-set-cores2,pcm_imc,wpq_full_cycles,SKT0CHAN1,34,666329200.0,cycles
correlation-redis-set-cores2,pcm_imc,wpq_full_cycles,SKT0CHAN1,35,667061276.0,cycles
correlation-redis-set-cores2,pcm_imc,wpq_full_cycles,SKT0CHAN1,36,666381490.0,cycles
correlation-redis-set-cores2,pcm_imc,wpq_full_cycles,SKT0CHAN1,37,666368883.0,cycles
correlation-redis-set-cores2,pcm_imc,wpq_full_cycles,SKT0CHAN1,38,666392209.0,cycles
correlation-redis-set-cores2,pcm_imc,wpq_full_cycles,SKT0CHAN1,39,667007875.0,cycles
correlation-redis-set-cores2,pcm_imc,wpq_full_cycles,SKT0CHAN1,40,666354843.0,cycles
correlation-redis-set-cores2,pcm_imc,wpq_full_cycles,SKT0CHAN1,41,666374493.0,cycles
correlation-redis-set-cores2,pcm_imc,wpq_full_cycles,SKT0CHAN1,42,667017717.0,cycles
correlation-redis-set-cores2,pcm_imc,wpq_full_cycles,SKT0CHAN1,43,666390037.0,cycles
correlation-redis-set-cores2,pcm_imc,wpq_full_cycles,SKT0CHAN1,44,666368323.0,cycles
correlation-redis-set-cores2,pcm_imc,wpq_full_cycles,SKT0CHAN1,45,666405909.0,cycles
correlation-redis-set-cores2,pcm_imc,wpq_full_cycles,SKT0CHAN1,46,667078303.0,cycles
correlation-redis-set-cores2,pcm_imc,wpq_full_cycles,SKT0CHAN1,47,666406680.0,cycles
correlation-redis-set-cores2,pcm_imc,wpq_full_cycles,SKT0CHAN1,48,666407356.0,cycles
correlation-redis-set-cores2,pcm_imc,wpq_full_cycles,SKT0CHAN1,49,666405477.0,cycles
correlation-redis-set-cores2,pcm_imc,wpq_full_cycles,SKT0CHAN1,50,667030231.0,cycles
correlation-redis-set-cores2,pcm_imc,wpq_full_cycles,SKT0CHAN1,51,666394243.0,cycles
correlation-redis-set-cores2,pcm_imc,wpq_full_cycles,SKT0CHAN1,52,666347312.0,cycles
correlation-redis-set-cores2,pcm_imc,wpq_full_cycles,SKT0CHAN1,53,666399473.0,cycles
correlation-redis-set-cores2,pcm_imc,wpq_full_cycles,SKT0CHAN1,54,667057743.0,cycles
correlation-redis-set-cores2,pcm_imc,wpq_full_cycles,SKT0CHAN1,55,666375990.0,cycles
correlation-redis-set-cores2,pcm_imc,wpq_full_cycles,SKT0CHAN1,56,666386300.0,cycles
correlation-redis-set-cores2,pcm_imc,wpq_full_cycles,SKT0CHAN1,57,666362296.0,cycles
correlation-redis-set-cores2,pcm_imc,wpq_full_cycles,SKT0CHAN1,58,667033779.0,cycles
correlation-redis-set-cores2,pcm_imc,wpq_full_cycles,SKT0CHAN1,59,666371676.0,cycles
correlation-redis-set-cores2,pcm_imc,wpq_full_cycles,SKT0CHAN2,0,666990060.0,cycles
correlation-redis-set-cores2,pcm_imc,wpq_full_cycles,SKT0CHAN2,1,666443866.0,cycles
correlation-redis-set-cores2,pcm_imc,wpq_full_cycles,SKT0CHAN2,2,666411280.0,cycles
correlation-redis-set-cores2,pcm_imc,wpq_full_cycles,SKT0CHAN2,3,666404757.0,cycles
correlation-redis-set-cores2,pcm_imc,wpq_full_cycles,SKT0CHAN2,4,667030982.0,cycles
correlation-redis-set-cores2,pcm_imc,wpq_full_cycles,SKT0CHAN2,5,666347370.0,cycles
correlation-redis-set-cores2,pcm_imc,wpq_full_cycles,SKT0CHAN2,6,666313256.0,cycles
correlation-redis-set-cores2,pcm_imc,wpq_full_cycles,SKT0CHAN2,7,666995050.0,cycles
correlation-redis-set-cores2,pcm_imc,wpq_full_cycles,SKT0CHAN2,8,666360888.0,cycles
correlation-redis-set-cores2,pcm_imc,wpq_full_cycles,SKT0CHAN2,9,666371695.0,cycles
correlation-redis-set-cores2,pcm_imc,wpq_full_cycles,SKT0CHAN2,10,666365539.0,cycles
correlation-redis-set-cores2,pcm_imc,wpq_full_cycles,SKT0CHAN2,11,667095245.0,cycles
correlation-redis-set-cores2,pcm_imc,wpq_full_cycles,SKT0CHAN2,12,666370303.0,cycles
correlation-redis-set-cores2,pcm_imc,wpq_full_cycles,SKT0CHAN2,13,666358688.0,cycles
correlation-redis-set-cores2,pcm_imc,wpq_full_cycles,SKT0CHAN2,14,667051167.0,cycles
correlation-redis-set-cores2,pcm_imc,wpq_full_cycles,SKT0CHAN2,15,666418595.0,cycles
correlation-redis-set-cores2,pcm_imc,wpq_full_cycles,SKT0CHAN2,16,666423658.0,cycles
correlation-redis-set-cores2,pcm_imc,wpq_full_cycles,SKT0CHAN2,17,666385115.0,cycles
correlation-redis-set-cores2,pcm_imc,wpq_full_cycles,SKT0CHAN2,18,667098606.0,cycles
correlation-redis-set-cores2,pcm_imc,wpq_full_cycles,SKT0CHAN2,19,666348429.0,cycles
correlation-redis-set-cores2,pcm_imc,wpq_full_cycles,SKT0CHAN2,20,666374596.0,cycles
correlation-redis-set-cores2,pcm_imc,wpq_full_cycles,SKT0CHAN2,21,666395898.0,cycles
correlation-redis-set-cores2,pcm_imc,wpq_full_cycles,SKT0CHAN2,22,667073609.0,cycles
correlation-redis-set-cores2,pcm_imc,wpq_full_cycles,SKT0CHAN2,23,666354815.0,cycles
correlation-redis-set-cores2,pcm_imc,wpq_full_cycles,SKT0CHAN2,24,666354400.0,cycles
correlation-redis-set-cores2,pcm_imc,wpq_full_cycles,SKT0CHAN2,25,666411934.0,cycles
correlation-redis-set-cores2,pcm_imc,wpq_full_cycles,SKT0CHAN2,26,667001254.0,cycles
correlation-redis-set-cores2,pcm_imc,wpq_full_cycles,SKT0CHAN2,27,666341298.0,cycles
correlation-redis-set-cores2,pcm_imc,wpq_full_cycles,SKT0CHAN2,28,666380474.0,cycles
correlation-redis-set-cores2,pcm_imc,wpq_full_cycles,SKT0CHAN2,29,667014901.0,cycles
correlation-redis-set-cores2,pcm_imc,wpq_full_cycles,SKT0CHAN2,30,666320536.0,cycles
correlation-redis-set-cores2,pcm_imc,wpq_full_cycles,SKT0CHAN2,31,666338653.0,cycles
correlation-redis-set-cores2,pcm_imc,wpq_full_cycles,SKT0CHAN2,32,666999986.0,cycles
correlation-redis-set-cores2,pcm_imc,wpq_full_cycles,SKT0CHAN2,33,666331405.0,cycles
correlation-redis-set-cores2,pcm_imc,wpq_full_cycles,SKT0CHAN2,34,666329227.0,cycles
correlation-redis-set-cores2,pcm_imc,wpq_full_cycles,SKT0CHAN2,35,667061262.0,cycles
correlation-redis-set-cores2,pcm_imc,wpq_full_cycles,SKT0CHAN2,36,666381505.0,cycles
correlation-redis-set-cores2,pcm_imc,wpq_full_cycles,SKT0CHAN2,37,666368884.0,cycles
correlation-redis-set-cores2,pcm_imc,wpq_full_cycles,SKT0CHAN2,38,666392204.0,cycles
correlation-redis-set-cores2,pcm_imc,wpq_full_cycles,SKT0CHAN2,39,667007859.0,cycles
correlation-redis-set-cores2,pcm_imc,wpq_full_cycles,SKT0CHAN2,40,666354815.0,cycles
correlation-redis-set-cores2,pcm_imc,wpq_full_cycles,SKT0CHAN2,41,666374511.0,cycles
correlation-redis-set-cores2,pcm_imc,wpq_full_cycles,SKT0CHAN2,42,667017746.0,cycles
correlation-redis-set-cores2,pcm_imc,wpq_full_cycles,SKT0CHAN2,43,666390021.0,cycles
correlation-redis-set-cores2,pcm_imc,wpq_full_cycles,SKT0CHAN2,44,666369101.0,cycles
correlation-redis-set-cores2,pcm_imc,wpq_full_cycles,SKT0CHAN2,45,666405916.0,cycles
correlation-redis-set-cores2,pcm_imc,wpq_full_cycles,SKT0CHAN2,46,667078311.0,cycles
correlation-redis-set-cores2,pcm_imc,wpq_full_cycles,SKT0CHAN2,47,666406734.0,cycles
correlation-redis-set-cores2,pcm_imc,wpq_full_cycles,SKT0CHAN2,48,666407322.0,cycles
correlation-redis-set-cores2,pcm_imc,wpq_full_cycles,SKT0CHAN2,49,666405460.0,cycles
correlation-redis-set-cores2,pcm_imc,wpq_full_cycles,SKT0CHAN2,50,667030180.0,cycles
correlation-redis-set-cores2,pcm_imc,wpq_full_cycles,SKT0CHAN2,51,666394285.0,cycles
correlation-redis-set-cores2,pcm_imc,wpq_full_cycles,SKT0CHAN2,52,666347297.0,cycles
correlation-redis-set-cores2,pcm_imc,wpq_full_cycles,SKT0CHAN2,53,666399499.0,cycles
correlation-redis-set-cores2,pcm_imc,wpq_full_cycles,SKT0CHAN2,54,667057742.0,cycles
correlation-redis-set-cores2,pcm_imc,wpq_full_cycles,SKT0CHAN2,55,666376018.0,cycles
correlation-redis-set-cores2,pcm_imc,wpq_full_cycles,SKT0CHAN2,56,666386316.0,cycles
correlation-redis-set-cores2,pcm_imc,wpq_full_cycles,SKT0CHAN2,57,666362267.0,cycles
correlation-redis-set-cores2,pcm_imc,wpq_full_cycles,SKT0CHAN2,58,667033743.0,cycles
correlation-redis-set-cores2,pcm_imc,wpq_full_cycles,SKT0CHAN2,59,666371670.0,cycles
correlation-redis-set-cores2,pcm_imc,wpq_full_cycles,SKT0CHAN3,0,666990723.0,cycles
correlation-redis-set-cores2,pcm_imc,wpq_full_cycles,SKT0CHAN3,1,666443845.0,cycles
correlation-redis-set-cores2,pcm_imc,wpq_full_cycles,SKT0CHAN3,2,666411247.0,cycles
correlation-redis-set-cores2,pcm_imc,wpq_full_cycles,SKT0CHAN3,3,666404765.0,cycles
correlation-redis-set-cores2,pcm_imc,wpq_full_cycles,SKT0CHAN3,4,667030918.0,cycles
correlation-redis-set-cores2,pcm_imc,wpq_full_cycles,SKT0CHAN3,5,666347391.0,cycles
correlation-redis-set-cores2,pcm_imc,wpq_full_cycles,SKT0CHAN3,6,666313227.0,cycles
correlation-redis-set-cores2,pcm_imc,wpq_full_cycles,SKT0CHAN3,7,666995064.0,cycles
correlation-redis-set-cores2,pcm_imc,wpq_full_cycles,SKT0CHAN3,8,666360894.0,cycles
correlation-redis-set-cores2,pcm_imc,wpq_full_cycles,SKT0CHAN3,9,666371698.0,cycles
correlation-redis-set-cores2,pcm_imc,wpq_full_cycles,SKT0CHAN3,10,666365542.0,cycles
correlation-redis-set-cores2,pcm_imc,wpq_full_cycles,SKT0CHAN3,11,667095238.0,cycles
correlation-redis-set-cores2,pcm_imc,wpq_full_cycles,SKT0CHAN3,12,666370319.0,cycles
correlation-redis-set-cores2,pcm_imc,wpq_full_cycles,SKT0CHAN3,13,666358702.0,cycles
correlation-redis-set-cores2,pcm_imc,wpq_full_cycles,SKT0CHAN3,14,667051183.0,cycles
correlation-redis-set-cores2,pcm_imc,wpq_full_cycles,SKT0CHAN3,15,666418580.0,cycles
correlation-redis-set-cores2,pcm_imc,wpq_full_cycles,SKT0CHAN3,16,666423635.0,cycles
correlation-redis-set-cores2,pcm_imc,wpq_full_cycles,SKT0CHAN3,17,666385105.0,cycles
correlation-redis-set-cores2,pcm_imc,wpq_full_cycles,SKT0CHAN3,18,667098616.0,cycles
correlation-redis-set-cores2,pcm_imc,wpq_full_cycles,SKT0CHAN3,19,666348426.0,cycles
correlation-redis-set-cores2,pcm_imc,wpq_full_cycles,SKT0CHAN3,20,666374613.0,cycles
correlation-redis-set-cores2,pcm_imc,wpq_full_cycles,SKT0CHAN3,21,666395892.0,cycles
correlation-redis-set-cores2,pcm_imc,wpq_full_cycles,SKT0CHAN3,22,667073573.0,cycles
correlation-redis-set-cores2,pcm_imc,wpq_full_cycles,SKT0CHAN3,23,666354827.0,cycles
correlation-redis-set-cores2,pcm_imc,wpq_full_cycles,SKT0CHAN3,24,666354393.0,cycles
correlation-redis-set-cores2,pcm_imc,wpq_full_cycles,SKT0CHAN3,25,666411865.0,cycles
correlation-redis-set-cores2,pcm_imc,wpq_full_cycles,SKT0CHAN3,26,667001185.0,cycles
correlation-redis-set-cores2,pcm_imc,wpq_full_cycles,SKT0CHAN3,27,666341285.0,cycles
correlation-redis-set-cores2,pcm_imc,wpq_full_cycles,SKT0CHAN3,28,666380510.0,cycles
correlation-redis-set-cores2,pcm_imc,wpq_full_cycles,SKT0CHAN3,29,667014892.0,cycles
correlation-redis-set-cores2,pcm_imc,wpq_full_cycles,SKT0CHAN3,30,666320455.0,cycles
correlation-redis-set-cores2,pcm_imc,wpq_full_cycles,SKT0CHAN3,31,666338663.0,cycles
correlation-redis-set-cores2,pcm_imc,wpq_full_cycles,SKT0CHAN3,32,666999978.0,cycles
correlation-redis-set-cores2,pcm_imc,wpq_full_cycles,SKT0CHAN3,33,666331441.0,cycles
correlation-redis-set-cores2,pcm_imc,wpq_full_cycles,SKT0CHAN3,34,666329253.0,cycles
correlation-redis-set-cores2,pcm_imc,wpq_full_cycles,SKT0CHAN3,35,667061237.0,cycles
correlation-redis-set-cores2,pcm_imc,wpq_full_cycles,SKT0CHAN3,36,666381522.0,cycles
correlation-redis-set-cores2,pcm_imc,wpq_full_cycles,SKT0CHAN3,37,666368893.0,cycles
correlation-redis-set-cores2,pcm_imc,wpq_full_cycles,SKT0CHAN3,38,666392175.0,cycles
correlation-redis-set-cores2,pcm_imc,wpq_full_cycles,SKT0CHAN3,39,667007828.0,cycles
correlation-redis-set-cores2,pcm_imc,wpq_full_cycles,SKT0CHAN3,40,666354790.0,cycles
correlation-redis-set-cores2,pcm_imc,wpq_full_cycles,SKT0CHAN3,41,666374527.0,cycles
correlation-redis-set-cores2,pcm_imc,wpq_full_cycles,SKT0CHAN3,42,667017794.0,cycles
correlation-redis-set-cores2,pcm_imc,wpq_full_cycles,SKT0CHAN3,43,666390032.0,cycles
correlation-redis-set-cores2,pcm_imc,wpq_full_cycles,SKT0CHAN3,44,666369113.0,cycles
correlation-redis-set-cores2,pcm_imc,wpq_full_cycles,SKT0CHAN3,45,666405919.0,cycles
correlation-redis-set-cores2,pcm_imc,wpq_full_cycles,SKT0CHAN3,46,667078325.0,cycles
correlation-redis-set-cores2,pcm_imc,wpq_full_cycles,SKT0CHAN3,47,666406750.0,cycles
correlation-redis-set-cores2,pcm_imc,wpq_full_cycles,SKT0CHAN3,48,666407332.0,cycles
correlation-redis-set-cores2,pcm_imc,wpq_full_cycles,SKT0CHAN3,49,666405434.0,cycles
correlation-redis-set-cores2,pcm_imc,wpq_full_cycles,SKT0CHAN3,50,667030139.0,cycles
correlation-redis-set-cores2,pcm_imc,wpq_full_cycles,SKT0CHAN3,51,666394296.0,cycles
correlation-redis-set-cores2,pcm_imc,wpq_full_cycles,SKT0CHAN3,52,666347301.0,cycles
correlation-redis-set-cores2,pcm_imc,wpq_full_cycles,SKT0CHAN3,53,666399528.0,cycles
correlation-redis-set-cores2,pcm_imc,wpq_full_cycles,SKT0CHAN3,54,667057735.0,cycles
correlation-redis-set-cores2,pcm_imc,wpq_full_cycles,SKT0CHAN3,55,666376019.0,cycles
correlation-redis-set-cores2,pcm_imc,wpq_full_cycles,SKT0CHAN3,56,666386344.0,cycles
correlation-redis-set-cores2,pcm_imc,wpq_full_cycles,SKT0CHAN3,57,666362237.0,cycles
correlation-redis-set-cores2,pcm_imc,wpq_full_cycles,SKT0CHAN3,58,667033765.0,cycles
correlation-redis-set-cores2,pcm_imc,wpq_full_cycles,SKT0CHAN3,59,666371687.0,cycles
correlation-redis-set-cores2,pcm_imc,wpq_full_cycles,SKT0CHAN4,0,666990771.0,cycles
correlation-redis-set-cores2,pcm_imc,wpq_full_cycles,SKT0CHAN4,1,666443838.0,cycles
correlation-redis-set-cores2,pcm_imc,wpq_full_cycles,SKT0CHAN4,2,666411259.0,cycles
correlation-redis-set-cores2,pcm_imc,wpq_full_cycles,SKT0CHAN4,3,666404799.0,cycles
correlation-redis-set-cores2,pcm_imc,wpq_full_cycles,SKT0CHAN4,4,667030871.0,cycles
correlation-redis-set-cores2,pcm_imc,wpq_full_cycles,SKT0CHAN4,5,666347415.0,cycles
correlation-redis-set-cores2,pcm_imc,wpq_full_cycles,SKT0CHAN4,6,666313263.0,cycles
correlation-redis-set-cores2,pcm_imc,wpq_full_cycles,SKT0CHAN4,7,666995105.0,cycles
correlation-redis-set-cores2,pcm_imc,wpq_full_cycles,SKT0CHAN4,8,666360895.0,cycles
correlation-redis-set-cores2,pcm_imc,wpq_full_cycles,SKT0CHAN4,9,666371691.0,cycles
correlation-redis-set-cores2,pcm_imc,wpq_full_cycles,SKT0CHAN4,10,666365546.0,cycles
correlation-redis-set-cores2,pcm_imc,wpq_full_cycles,SKT0CHAN4,11,667095261.0,cycles
correlation-redis-set-cores2,pcm_imc,wpq_full_cycles,SKT0CHAN4,12,666370376.0,cycles
correlation-redis-set-cores2,pcm_imc,wpq_full_cycles,SKT0CHAN4,13,666358705.0,cycles
correlation-redis-set-cores2,pcm_imc,wpq_full_cycles,SKT0CHAN4,14,667051205.0,cycles
correlation-redis-set-cores2,pcm_imc,wpq_full_cycles,SKT0CHAN4,15,666418565.0,cycles
correlation-redis-set-cores2,pcm_imc,wpq_full_cycles,SKT0CHAN4,16,666423647.0,cycles
correlation-redis-set-cores2,pcm_imc,wpq_full_cycles,SKT0CHAN4,17,666385085.0,cycles
correlation-redis-set-cores2,pcm_imc,wpq_full_cycles,SKT0CHAN4,18,667098522.0,cycles
correlation-redis-set-cores2,pcm_imc,wpq_full_cycles,SKT0CHAN4,19,666348475.0,cycles
correlation-redis-set-cores2,pcm_imc,wpq_full_cycles,SKT0CHAN4,20,666374575.0,cycles
correlation-redis-set-cores2,pcm_imc,wpq_full_cycles,SKT0CHAN4,21,666395849.0,cycles
correlation-redis-set-cores2,pcm_imc,wpq_full_cycles,SKT0CHAN4,22,667073568.0,cycles
correlation-redis-set-cores2,pcm_imc,wpq_full_cycles,SKT0CHAN4,23,666354848.0,cycles
correlation-redis-set-cores2,pcm_imc,wpq_full_cycles,SKT0CHAN4,24,666354360.0,cycles
correlation-redis-set-cores2,pcm_imc,wpq_full_cycles,SKT0CHAN4,25,666411822.0,cycles
correlation-redis-set-cores2,pcm_imc,wpq_full_cycles,SKT0CHAN4,26,667001273.0,cycles
correlation-redis-set-cores2,pcm_imc,wpq_full_cycles,SKT0CHAN4,27,666341293.0,cycles
correlation-redis-set-cores2,pcm_imc,wpq_full_cycles,SKT0CHAN4,28,666380555.0,cycles
correlation-redis-set-cores2,pcm_imc,wpq_full_cycles,SKT0CHAN4,29,667014900.0,cycles
correlation-redis-set-cores2,pcm_imc,wpq_full_cycles,SKT0CHAN4,30,666320526.0,cycles
correlation-redis-set-cores2,pcm_imc,wpq_full_cycles,SKT0CHAN4,31,666338721.0,cycles
correlation-redis-set-cores2,pcm_imc,wpq_full_cycles,SKT0CHAN4,32,666999993.0,cycles
correlation-redis-set-cores2,pcm_imc,wpq_full_cycles,SKT0CHAN4,33,666331431.0,cycles
correlation-redis-set-cores2,pcm_imc,wpq_full_cycles,SKT0CHAN4,34,666329321.0,cycles
correlation-redis-set-cores2,pcm_imc,wpq_full_cycles,SKT0CHAN4,35,667061208.0,cycles
correlation-redis-set-cores2,pcm_imc,wpq_full_cycles,SKT0CHAN4,36,666381507.0,cycles
correlation-redis-set-cores2,pcm_imc,wpq_full_cycles,SKT0CHAN4,37,666368929.0,cycles
correlation-redis-set-cores2,pcm_imc,wpq_full_cycles,SKT0CHAN4,38,666392125.0,cycles
correlation-redis-set-cores2,pcm_imc,wpq_full_cycles,SKT0CHAN4,39,667007814.0,cycles
correlation-redis-set-cores2,pcm_imc,wpq_full_cycles,SKT0CHAN4,40,666354808.0,cycles
correlation-redis-set-cores2,pcm_imc,wpq_full_cycles,SKT0CHAN4,41,666374452.0,cycles
correlation-redis-set-cores2,pcm_imc,wpq_full_cycles,SKT0CHAN4,42,667017802.0,cycles
correlation-redis-set-cores2,pcm_imc,wpq_full_cycles,SKT0CHAN4,43,666390111.0,cycles
correlation-redis-set-cores2,pcm_imc,wpq_full_cycles,SKT0CHAN4,44,666369104.0,cycles
correlation-redis-set-cores2,pcm_imc,wpq_full_cycles,SKT0CHAN4,45,666405904.0,cycles
correlation-redis-set-cores2,pcm_imc,wpq_full_cycles,SKT0CHAN4,46,667078326.0,cycles
correlation-redis-set-cores2,pcm_imc,wpq_full_cycles,SKT0CHAN4,47,666406682.0,cycles
correlation-redis-set-cores2,pcm_imc,wpq_full_cycles,SKT0CHAN4,48,666407289.0,cycles
correlation-redis-set-cores2,pcm_imc,wpq_full_cycles,SKT0CHAN4,49,666405360.0,cycles
correlation-redis-set-cores2,pcm_imc,wpq_full_cycles,SKT0CHAN4,50,667030150.0,cycles
correlation-redis-set-cores2,pcm_imc,wpq_full_cycles,SKT0CHAN4,51,666394290.0,cycles
correlation-redis-set-cores2,pcm_imc,wpq_full_cycles,SKT0CHAN4,52,666347225.0,cycles
correlation-redis-set-cores2,pcm_imc,wpq_full_cycles,SKT0CHAN4,53,666399530.0,cycles
correlation-redis-set-cores2,pcm_imc,wpq_full_cycles,SKT0CHAN4,54,667057614.0,cycles
correlation-redis-set-cores2,pcm_imc,wpq_full_cycles,SKT0CHAN4,55,666376006.0,cycles
correlation-redis-set-cores2,pcm_imc,wpq_full_cycles,SKT0CHAN4,56,666386400.0,cycles
correlation-redis-set-cores2,pcm_imc,wpq_full_cycles,SKT0CHAN4,57,666362203.0,cycles
correlation-redis-set-cores2,pcm_imc,wpq_full_cycles,SKT0CHAN4,58,667033660.0,cycles
correlation-redis-set-cores2,pcm_imc,wpq_full_cycles,SKT0CHAN4,59,666371676.0,cycles
correlation-redis-set-cores2,pcm_imc,wpq_full_cycles,SKT0CHAN5,0,666990733.0,cycles
correlation-redis-set-cores2,pcm_imc,wpq_full_cycles,SKT0CHAN5,1,666443793.0,cycles
correlation-redis-set-cores2,pcm_imc,wpq_full_cycles,SKT0CHAN5,2,666411216.0,cycles
correlation-redis-set-cores2,pcm_imc,wpq_full_cycles,SKT0CHAN5,3,666403947.0,cycles
correlation-redis-set-cores2,pcm_imc,wpq_full_cycles,SKT0CHAN5,4,667030760.0,cycles
correlation-redis-set-cores2,pcm_imc,wpq_full_cycles,SKT0CHAN5,5,666347437.0,cycles
correlation-redis-set-cores2,pcm_imc,wpq_full_cycles,SKT0CHAN5,6,666313298.0,cycles
correlation-redis-set-cores2,pcm_imc,wpq_full_cycles,SKT0CHAN5,7,666995121.0,cycles
correlation-redis-set-cores2,pcm_imc,wpq_full_cycles,SKT0CHAN5,8,666360985.0,cycles
correlation-redis-set-cores2,pcm_imc,wpq_full_cycles,SKT0CHAN5,9,666371662.0,cycles
correlation-redis-set-cores2,pcm_imc,wpq_full_cycles,SKT0CHAN5,10,666365490.0,cycles
correlation-redis-set-cores2,pcm_imc,wpq_full_cycles,SKT0CHAN5,11,667095263.0,cycles
correlation-redis-set-cores2,pcm_imc,wpq_full_cycles,SKT0CHAN5,12,666370284.0,cycles
correlation-redis-set-cores2,pcm_imc,wpq_full_cycles,SKT0CHAN5,13,666358545.0,cycles
correlation-redis-set-cores2,pcm_imc,wpq_full_cycles,SKT0CHAN5,14,667051289.0,cycles
correlation-redis-set-cores2,pcm_imc,wpq_full_cycles,SKT0CHAN5,15,666418607.0,cycles
correlation-redis-set-cores2,pcm_imc,wpq_full_cycles,SKT0CHAN5,16,666423552.0,cycles
correlation-redis-set-cores2,pcm_imc,wpq_full_cycles,SKT0CHAN5,17,666385136.0,cycles
correlation-redis-set-cores2,pcm_imc,wpq_full_cycles,SKT0CHAN5,18,667098406.0,cycles
correlation-redis-set-cores2,pcm_imc,wpq_full_cycles,SKT0CHAN5,19,666348516.0,cycles
correlation-redis-set-cores2,pcm_imc,wpq_full_cycles,SKT0CHAN5,20,666374614.0,cycles
correlation-redis-set-cores2,pcm_imc,wpq_full_cycles,SKT0CHAN5,21,666395076.0,cycles
correlation-redis-set-cores2,pcm_imc,wpq_full_cycles,SKT0CHAN5,22,667072936.0,cycles
correlation-redis-set-cores2,pcm_imc,wpq_full_cycles,SKT0CHAN5,23,666353996.0,cycles
correlation-redis-set-cores2,pcm_imc,wpq_full_cycles,SKT0CHAN5,24,666354255.0,cycles
correlation-redis-set-cores2,pcm_imc,wpq_full_cycles,SKT0CHAN5,25,666411830.0,cycles
correlation-redis-set-cores2,pcm_imc,wpq_full_cycles,SKT0CHAN5,26,667001226.0,cycles
correlation-redis-set-cores2,pcm_imc,wpq_full_cycles,SKT0CHAN5,27,666341321.0,cycles
correlation-redis-set-cores2,pcm_imc,wpq_full_cycles,SKT0CHAN5,28,666380677.0,cycles
correlation-redis-set-cores2,pcm_imc,wpq_full_cycles,SKT0CHAN5,29,667014839.0,cycles
correlation-redis-set-cores2,pcm_imc,wpq_full_cycles,SKT0CHAN5,30,666320493.0,cycles
correlation-redis-set-cores2,pcm_imc,wpq_full_cycles,SKT0CHAN5,31,666337956.0,cycles
correlation-redis-set-cores2,pcm_imc,wpq_full_cycles,SKT0CHAN5,32,666999987.0,cycles
correlation-redis-set-cores2,pcm_imc,wpq_full_cycles,SKT0CHAN5,33,666331541.0,cycles
correlation-redis-set-cores2,pcm_imc,wpq_full_cycles,SKT0CHAN5,34,666329319.0,cycles
correlation-redis-set-cores2,pcm_imc,wpq_full_cycles,SKT0CHAN5,35,667061113.0,cycles
correlation-redis-set-cores2,pcm_imc,wpq_full_cycles,SKT0CHAN5,36,666381500.0,cycles
correlation-redis-set-cores2,pcm_imc,wpq_full_cycles,SKT0CHAN5,37,666368894.0,cycles
correlation-redis-set-cores2,pcm_imc,wpq_full_cycles,SKT0CHAN5,38,666392167.0,cycles
correlation-redis-set-cores2,pcm_imc,wpq_full_cycles,SKT0CHAN5,39,667007857.0,cycles
correlation-redis-set-cores2,pcm_imc,wpq_full_cycles,SKT0CHAN5,40,666354834.0,cycles
correlation-redis-set-cores2,pcm_imc,wpq_full_cycles,SKT0CHAN5,41,666374421.0,cycles
correlation-redis-set-cores2,pcm_imc,wpq_full_cycles,SKT0CHAN5,42,667017710.0,cycles
correlation-redis-set-cores2,pcm_imc,wpq_full_cycles,SKT0CHAN5,43,666390058.0,cycles
correlation-redis-set-cores2,pcm_imc,wpq_full_cycles,SKT0CHAN5,44,666369143.0,cycles
correlation-redis-set-cores2,pcm_imc,wpq_full_cycles,SKT0CHAN5,45,666405769.0,cycles
correlation-redis-set-cores2,pcm_imc,wpq_full_cycles,SKT0CHAN5,46,667078408.0,cycles
correlation-redis-set-cores2,pcm_imc,wpq_full_cycles,SKT0CHAN5,47,666405832.0,cycles
correlation-redis-set-cores2,pcm_imc,wpq_full_cycles,SKT0CHAN5,48,666407833.0,cycles
correlation-redis-set-cores2,pcm_imc,wpq_full_cycles,SKT0CHAN5,49,666405347.0,cycles
correlation-redis-set-cores2,pcm_imc,wpq_full_cycles,SKT0CHAN5,50,667030179.0,cycles
correlation-redis-set-cores2,pcm_imc,wpq_full_cycles,SKT0CHAN5,51,666394369.0,cycles
correlation-redis-set-cores2,pcm_imc,wpq_full_cycles,SKT0CHAN5,52,666347145.0,cycles
correlation-redis-set-cores2,pcm_imc,wpq_full_cycles,SKT0CHAN5,53,666399433.0,cycles
correlation-redis-set-cores2,pcm_imc,wpq_full_cycles,SKT0CHAN5,54,667057610.0,cycles
correlation-redis-set-cores2,pcm_imc,wpq_full_cycles,SKT0CHAN5,55,666375973.0,cycles
correlation-redis-set-cores2,pcm_imc,wpq_full_cycles,SKT0CHAN5,56,666386406.0,cycles
correlation-redis-set-cores2,pcm_imc,wpq_full_cycles,SKT0CHAN5,57,666362136.0,cycles
correlation-redis-set-cores2,pcm_imc,wpq_full_cycles,SKT0CHAN5,58,667033701.0,cycles
correlation-redis-set-cores2,pcm_imc,wpq_full_cycles,SKT0CHAN5,59,666371656.0,cycles
correlation-redis-set-cores2,pcm_imc,wpq_full_cycles,SKT0CHAN6,0,666990887.0,cycles
correlation-redis-set-cores2,pcm_imc,wpq_full_cycles,SKT0CHAN6,1,666443185.0,cycles
correlation-redis-set-cores2,pcm_imc,wpq_full_cycles,SKT0CHAN6,2,666411145.0,cycles
correlation-redis-set-cores2,pcm_imc,wpq_full_cycles,SKT0CHAN6,3,666403875.0,cycles
correlation-redis-set-cores2,pcm_imc,wpq_full_cycles,SKT0CHAN6,4,667030771.0,cycles
correlation-redis-set-cores2,pcm_imc,wpq_full_cycles,SKT0CHAN6,5,666347470.0,cycles
correlation-redis-set-cores2,pcm_imc,wpq_full_cycles,SKT0CHAN6,6,666313255.0,cycles
correlation-redis-set-cores2,pcm_imc,wpq_full_cycles,SKT0CHAN6,7,666995356.0,cycles
correlation-redis-set-cores2,pcm_imc,wpq_full_cycles,SKT0CHAN6,8,666360991.0,cycles
correlation-redis-set-cores2,pcm_imc,wpq_full_cycles,SKT0CHAN6,9,666371647.0,cycles
correlation-redis-set-cores2,pcm_imc,wpq_full_cycles,SKT0CHAN6,10,666365475.0,cycles
correlation-redis-set-cores2,pcm_imc,wpq_full_cycles,SKT0CHAN6,11,667095207.0,cycles
correlation-redis-set-cores2,pcm_imc,wpq_full_cycles,SKT0CHAN6,12,666370266.0,cycles
correlation-redis-set-cores2,pcm_imc,wpq_full_cycles,SKT0CHAN6,13,666358647.0,cycles
correlation-redis-set-cores2,pcm_imc,wpq_full_cycles,SKT0CHAN6,14,667051311.0,cycles
correlation-redis-set-cores2,pcm_imc,wpq_full_cycles,SKT0CHAN6,15,666418670.0,cycles
correlation-redis-set-cores2,pcm_imc,wpq_full_cycles,SKT0CHAN6,16,666423578.0,cycles
correlation-redis-set-cores2,pcm_imc,wpq_full_cycles,SKT0CHAN6,17,666385222.0,cycles
correlation-redis-set-cores2,pcm_imc,wpq_full_cycles,SKT0CHAN6,18,667098337.0,cycles
correlation-redis-set-cores2,pcm_imc,wpq_full_cycles,SKT0CHAN6,19,666348601.0,cycles
correlation-redis-set-cores2,pcm_imc,wpq_full_cycles,SKT0CHAN6,20,666373998.0,cycles
correlation-redis-set-cores2,pcm_imc,wpq_full_cycles,SKT0CHAN6,21,666395113.0,cycles
correlation-redis-set-cores2,pcm_imc,wpq_full_cycles,SKT0CHAN6,22,667072904.0,cycles
correlation-redis-set-cores2,pcm_imc,wpq_full_cycles,SKT0CHAN6,23,666354075.0,cycles
correlation-redis-set-cores2,pcm_imc,wpq_full_cycles,SKT0CHAN6,24,666353407.0,cycles
correlation-redis-set-cores2,pcm_imc,wpq_full_cycles,SKT0CHAN6,25,666411799.0,cycles
correlation-redis-set-cores2,pcm_imc,wpq_full_cycles,SKT0CHAN6,26,667001394.0,cycles
correlation-redis-set-cores2,pcm_imc,wpq_full_cycles,SKT0CHAN6,27,666340670.0,cycles
correlation-redis-set-cores2,pcm_imc,wpq_full_cycles,SKT0CHAN6,28,666380743.0,cycles
correlation-redis-set-cores2,pcm_imc,wpq_full_cycles,SKT0CHAN6,29,667014886.0,cycles
correlation-redis-set-cores2,pcm_imc,wpq_full_cycles,SKT0CHAN6,30,666320569.0,cycles
correlation-redis-set-cores2,pcm_imc,wpq_full_cycles,SKT0CHAN6,31,666338048.0,cycles
correlation-redis-set-cores2,pcm_imc,wpq_full_cycles,SKT0CHAN6,32,666999959.0,cycles
correlation-redis-set-cores2,pcm_imc,wpq_full_cycles,SKT0CHAN6,33,666331676.0,cycles
correlation-redis-set-cores2,pcm_imc,wpq_full_cycles,SKT0CHAN6,34,666329376.0,cycles
correlation-redis-set-cores2,pcm_imc,wpq_full_cycles,SKT0CHAN6,35,667060348.0,cycles
correlation-redis-set-cores2,pcm_imc,wpq_full_cycles,SKT0CHAN6,36,666381524.0,cycles
correlation-redis-set-cores2,pcm_imc,wpq_full_cycles,SKT0CHAN6,37,666368245.0,cycles
correlation-redis-set-cores2,pcm_imc,wpq_full_cycles,SKT0CHAN6,38,666392006.0,cycles
correlation-redis-set-cores2,pcm_imc,wpq_full_cycles,SKT0CHAN6,39,667007373.0,cycles
correlation-redis-set-cores2,pcm_imc,wpq_full_cycles,SKT0CHAN6,40,666354093.0,cycles
correlation-redis-set-cores2,pcm_imc,wpq_full_cycles,SKT0CHAN6,41,666373483.0,cycles
correlation-redis-set-cores2,pcm_imc,wpq_full_cycles,SKT0CHAN6,42,667017596.0,cycles
correlation-redis-set-cores2,pcm_imc,wpq_full_cycles,SKT0CHAN6,43,666389972.0,cycles
correlation-redis-set-cores2,pcm_imc,wpq_full_cycles,SKT0CHAN6,44,666369285.0,cycles
correlation-redis-set-cores2,pcm_imc,wpq_full_cycles,SKT0CHAN6,45,666405688.0,cycles
correlation-redis-set-cores2,pcm_imc,wpq_full_cycles,SKT0CHAN6,46,667078394.0,cycles
correlation-redis-set-cores2,pcm_imc,wpq_full_cycles,SKT0CHAN6,47,666405826.0,cycles
correlation-redis-set-cores2,pcm_imc,wpq_full_cycles,SKT0CHAN6,48,666407781.0,cycles
correlation-redis-set-cores2,pcm_imc,wpq_full_cycles,SKT0CHAN6,49,666405375.0,cycles
correlation-redis-set-cores2,pcm_imc,wpq_full_cycles,SKT0CHAN6,50,667031026.0,cycles
correlation-redis-set-cores2,pcm_imc,wpq_full_cycles,SKT0CHAN6,51,666394310.0,cycles
correlation-redis-set-cores2,pcm_imc,wpq_full_cycles,SKT0CHAN6,52,666347105.0,cycles
correlation-redis-set-cores2,pcm_imc,wpq_full_cycles,SKT0CHAN6,53,666399326.0,cycles
correlation-redis-set-cores2,pcm_imc,wpq_full_cycles,SKT0CHAN6,54,667057627.0,cycles
correlation-redis-set-cores2,pcm_imc,wpq_full_cycles,SKT0CHAN6,55,666375948.0,cycles
correlation-redis-set-cores2,pcm_imc,wpq_full_cycles,SKT0CHAN6,56,666386272.0,cycles
correlation-redis-set-cores2,pcm_imc,wpq_full_cycles,SKT0CHAN6,57,666362056.0,cycles
correlation-redis-set-cores2,pcm_imc,wpq_full_cycles,SKT0CHAN6,58,667033616.0,cycles
correlation-redis-set-cores2,pcm_imc,wpq_full_cycles,SKT0CHAN6,59,666371682.0,cycles
correlation-redis-set-cores2,pcm_imc,wpq_full_cycles,SKT0CHAN7,0,666990997.0,cycles
correlation-redis-set-cores2,pcm_imc,wpq_full_cycles,SKT0CHAN7,1,666443049.0,cycles
correlation-redis-set-cores2,pcm_imc,wpq_full_cycles,SKT0CHAN7,2,666411103.0,cycles
correlation-redis-set-cores2,pcm_imc,wpq_full_cycles,SKT0CHAN7,3,666403761.0,cycles
correlation-redis-set-cores2,pcm_imc,wpq_full_cycles,SKT0CHAN7,4,667030628.0,cycles
correlation-redis-set-cores2,pcm_imc,wpq_full_cycles,SKT0CHAN7,5,666347473.0,cycles
correlation-redis-set-cores2,pcm_imc,wpq_full_cycles,SKT0CHAN7,6,666313253.0,cycles
correlation-redis-set-cores2,pcm_imc,wpq_full_cycles,SKT0CHAN7,7,666995521.0,cycles
correlation-redis-set-cores2,pcm_imc,wpq_full_cycles,SKT0CHAN7,8,666361092.0,cycles
correlation-redis-set-cores2,pcm_imc,wpq_full_cycles,SKT0CHAN7,9,666371577.0,cycles
correlation-redis-set-cores2,pcm_imc,wpq_full_cycles,SKT0CHAN7,10,666365477.0,cycles
correlation-redis-set-cores2,pcm_imc,wpq_full_cycles,SKT0CHAN7,11,667095184.0,cycles
correlation-redis-set-cores2,pcm_imc,wpq_full_cycles,SKT0CHAN7,12,666370188.0,cycles
correlation-redis-set-cores2,pcm_imc,wpq_full_cycles,SKT0CHAN7,13,666358580.0,cycles
correlation-redis-set-cores2,pcm_imc,wpq_full_cycles,SKT0CHAN7,14,667051302.0,cycles
correlation-redis-set-cores2,pcm_imc,wpq_full_cycles,SKT0CHAN7,15,666418720.0,cycles
correlation-redis-set-cores2,pcm_imc,wpq_full_cycles,SKT0CHAN7,16,666423563.0,cycles
correlation-redis-set-cores2,pcm_imc,wpq_full_cycles,SKT0CHAN7,17,666384547.0,cycles
correlation-redis-set-cores2,pcm_imc,wpq_full_cycles,SKT0CHAN7,18,667098217.0,cycles
correlation-redis-set-cores2,pcm_imc,wpq_full_cycles,SKT0CHAN7,19,666348614.0,cycles
correlation-redis-set-cores2,pcm_imc,wpq_full_cycles,SKT0CHAN7,20,666373889.0,cycles
correlation-redis-set-cores2,pcm_imc,wpq_full_cycles,SKT0CHAN7,21,666395027.0,cycles
correlation-redis-set-cores2,pcm_imc,wpq_full_cycles,SKT0CHAN7,22,667074982.0,cycles
correlation-redis-set-cores2,pcm_imc,wpq_full_cycles,SKT0CHAN7,23,666354003.0,cycles
correlation-redis-set-cores2,pcm_imc,wpq_full_cycles,SKT0CHAN7,24,666353438.0,cycles
correlation-redis-set-cores2,pcm_imc,wpq_full_cycles,SKT0CHAN7,25,666411091.0,cycles
correlation-redis-set-cores2,pcm_imc,wpq_full_cycles,SKT0CHAN7,26,667001440.0,cycles
correlation-redis-set-cores2,pcm_imc,wpq_full_cycles,SKT0CHAN7,27,666340823.0,cycles
correlation-redis-set-cores2,pcm_imc,wpq_full_cycles,SKT0CHAN7,28,666380840.0,cycles
correlation-redis-set-cores2,pcm_imc,wpq_full_cycles,SKT0CHAN7,29,667014828.0,cycles
correlation-redis-set-cores2,pcm_imc,wpq_full_cycles,SKT0CHAN7,30,666320537.0,cycles
correlation-redis-set-cores2,pcm_imc,wpq_full_cycles,SKT0CHAN7,31,666338196.0,cycles
correlation-redis-set-cores2,pcm_imc,wpq_full_cycles,SKT0CHAN7,32,666999944.0,cycles
correlation-redis-set-cores2,pcm_imc,wpq_full_cycles,SKT0CHAN7,33,666331696.0,cycles
correlation-redis-set-cores2,pcm_imc,wpq_full_cycles,SKT0CHAN7,34,666329460.0,cycles
correlation-redis-set-cores2,pcm_imc,wpq_full_cycles,SKT0CHAN7,35,667060320.0,cycles
correlation-redis-set-cores2,pcm_imc,wpq_full_cycles,SKT0CHAN7,36,666381438.0,cycles
correlation-redis-set-cores2,pcm_imc,wpq_full_cycles,SKT0CHAN7,37,666368386.0,cycles
correlation-redis-set-cores2,pcm_imc,wpq_full_cycles,SKT0CHAN7,38,666391999.0,cycles
correlation-redis-set-cores2,pcm_imc,wpq_full_cycles,SKT0CHAN7,39,667007323.0,cycles
correlation-redis-set-cores2,pcm_imc,wpq_full_cycles,SKT0CHAN7,40,666353979.0,cycles
correlation-redis-set-cores2,pcm_imc,wpq_full_cycles,SKT0CHAN7,41,666373486.0,cycles
correlation-redis-set-cores2,pcm_imc,wpq_full_cycles,SKT0CHAN7,42,667016916.0,cycles
correlation-redis-set-cores2,pcm_imc,wpq_full_cycles,SKT0CHAN7,43,666389918.0,cycles
correlation-redis-set-cores2,pcm_imc,wpq_full_cycles,SKT0CHAN7,44,666369261.0,cycles
correlation-redis-set-cores2,pcm_imc,wpq_full_cycles,SKT0CHAN7,45,666404717.0,cycles
correlation-redis-set-cores2,pcm_imc,wpq_full_cycles,SKT0CHAN7,46,667078388.0,cycles
correlation-redis-set-cores2,pcm_imc,wpq_full_cycles,SKT0CHAN7,47,666405752.0,cycles
correlation-redis-set-cores2,pcm_imc,wpq_full_cycles,SKT0CHAN7,48,666408603.0,cycles
correlation-redis-set-cores2,pcm_imc,wpq_full_cycles,SKT0CHAN7,49,666405253.0,cycles
correlation-redis-set-cores2,pcm_imc,wpq_full_cycles,SKT0CHAN7,50,667030996.0,cycles
correlation-redis-set-cores2,pcm_imc,wpq_full_cycles,SKT0CHAN7,51,666394267.0,cycles
correlation-redis-set-cores2,pcm_imc,wpq_full_cycles,SKT0CHAN7,52,666346284.0,cycles
correlation-redis-set-cores2,pcm_imc,wpq_full_cycles,SKT0CHAN7,53,666399250.0,cycles
correlation-redis-set-cores2,pcm_imc,wpq_full_cycles,SKT0CHAN7,54,667056800.0,cycles
correlation-redis-set-cores2,pcm_imc,wpq_full_cycles,SKT0CHAN7,55,666375978.0,cycles
correlation-redis-set-cores2,pcm_imc,wpq_full_cycles,SKT0CHAN7,56,666386221.0,cycles
correlation-redis-set-cores2,pcm_imc,wpq_full_cycles,SKT0CHAN7,57,666362002.0,cycles
correlation-redis-set-cores2,pcm_imc,wpq_full_cycles,SKT0CHAN7,58,667033613.0,cycles
correlation-redis-set-cores2,pcm_imc,wpq_full_cycles,SKT0CHAN7,59,666371714.0,cycles
correlation-redis-set-cores2,pcm_imc,acts_byp,SKT0CHAN0,0,565678.0,events
correlation-redis-set-cores2,pcm_imc,acts_byp,SKT0CHAN0,1,560926.0,events
correlation-redis-set-cores2,pcm_imc,acts_byp,SKT0CHAN0,2,575699.0,events
correlation-redis-set-cores2,pcm_imc,acts_byp,SKT0CHAN0,3,567162.0,events
correlation-redis-set-cores2,pcm_imc,acts_byp,SKT0CHAN0,4,561904.0,events
correlation-redis-set-cores2,pcm_imc,acts_byp,SKT0CHAN0,5,562253.0,events
correlation-redis-set-cores2,pcm_imc,acts_byp,SKT0CHAN0,6,561823.0,events
correlation-redis-set-cores2,pcm_imc,acts_byp,SKT0CHAN0,7,568695.0,events
correlation-redis-set-cores2,pcm_imc,acts_byp,SKT0CHAN0,8,570565.0,events
correlation-redis-set-cores2,pcm_imc,acts_byp,SKT0CHAN0,9,565855.0,events
correlation-redis-set-cores2,pcm_imc,acts_byp,SKT0CHAN0,10,564797.0,events
correlation-redis-set-cores2,pcm_imc,acts_byp,SKT0CHAN0,11,560659.0,events
correlation-redis-set-cores2,pcm_imc,acts_byp,SKT0CHAN0,12,572808.0,events
correlation-redis-set-cores2,pcm_imc,acts_byp,SKT0CHAN0,13,565792.0,events
correlation-redis-set-cores2,pcm_imc,acts_byp,SKT0CHAN0,14,574795.0,events
correlation-redis-set-cores2,pcm_imc,acts_byp,SKT0CHAN0,15,583967.0,events
correlation-redis-set-cores2,pcm_imc,acts_byp,SKT0CHAN0,16,574146.0,events
correlation-redis-set-cores2,pcm_imc,acts_byp,SKT0CHAN0,17,576497.0,events
correlation-redis-set-cores2,pcm_imc,acts_byp,SKT0CHAN0,18,574055.0,events
correlation-redis-set-cores2,pcm_imc,acts_byp,SKT0CHAN0,19,569999.0,events
correlation-redis-set-cores2,pcm_imc,acts_byp,SKT0CHAN0,20,580080.0,events
correlation-redis-set-cores2,pcm_imc,acts_byp,SKT0CHAN0,21,571856.0,events
correlation-redis-set-cores2,pcm_imc,acts_byp,SKT0CHAN0,22,575848.0,events
correlation-redis-set-cores2,pcm_imc,acts_byp,SKT0CHAN0,23,578040.0,events
correlation-redis-set-cores2,pcm_imc,acts_byp,SKT0CHAN0,24,574910.0,events
correlation-redis-set-cores2,pcm_imc,acts_byp,SKT0CHAN0,25,572342.0,events
correlation-redis-set-cores2,pcm_imc,acts_byp,SKT0CHAN0,26,567946.0,events
correlation-redis-set-cores2,pcm_imc,acts_byp,SKT0CHAN0,27,567044.0,events
correlation-redis-set-cores2,pcm_imc,acts_byp,SKT0CHAN0,28,574093.0,events
correlation-redis-set-cores2,pcm_imc,acts_byp,SKT0CHAN0,29,572984.0,events
correlation-redis-set-cores2,pcm_imc,acts_byp,SKT0CHAN0,30,569776.0,events
correlation-redis-set-cores2,pcm_imc,acts_byp,SKT0CHAN0,31,566530.0,events
correlation-redis-set-cores2,pcm_imc,acts_byp,SKT0CHAN0,32,567372.0,events
correlation-redis-set-cores2,pcm_imc,acts_byp,SKT0CHAN0,33,567083.0,events
correlation-redis-set-cores2,pcm_imc,acts_byp,SKT0CHAN0,34,569748.0,events
correlation-redis-set-cores2,pcm_imc,acts_byp,SKT0CHAN0,35,571542.0,events
correlation-redis-set-cores2,pcm_imc,acts_byp,SKT0CHAN0,36,567945.0,events
correlation-redis-set-cores2,pcm_imc,acts_byp,SKT0CHAN0,37,568829.0,events
correlation-redis-set-cores2,pcm_imc,acts_byp,SKT0CHAN0,38,566549.0,events
correlation-redis-set-cores2,pcm_imc,acts_byp,SKT0CHAN0,39,576517.0,events
correlation-redis-set-cores2,pcm_imc,acts_byp,SKT0CHAN0,40,567882.0,events
correlation-redis-set-cores2,pcm_imc,acts_byp,SKT0CHAN0,41,569911.0,events
correlation-redis-set-cores2,pcm_imc,acts_byp,SKT0CHAN0,42,573665.0,events
correlation-redis-set-cores2,pcm_imc,acts_byp,SKT0CHAN0,43,572698.0,events
correlation-redis-set-cores2,pcm_imc,acts_byp,SKT0CHAN0,44,573168.0,events
correlation-redis-set-cores2,pcm_imc,acts_byp,SKT0CHAN0,45,569509.0,events
correlation-redis-set-cores2,pcm_imc,acts_byp,SKT0CHAN0,46,584908.0,events
correlation-redis-set-cores2,pcm_imc,acts_byp,SKT0CHAN0,47,583803.0,events
correlation-redis-set-cores2,pcm_imc,acts_byp,SKT0CHAN0,48,574526.0,events
correlation-redis-set-cores2,pcm_imc,acts_byp,SKT0CHAN0,49,560011.0,events
correlation-redis-set-cores2,pcm_imc,acts_byp,SKT0CHAN0,50,574618.0,events
correlation-redis-set-cores2,pcm_imc,acts_byp,SKT0CHAN0,51,565452.0,events
correlation-redis-set-cores2,pcm_imc,acts_byp,SKT0CHAN0,52,563427.0,events
correlation-redis-set-cores2,pcm_imc,acts_byp,SKT0CHAN0,53,564270.0,events
correlation-redis-set-cores2,pcm_imc,acts_byp,SKT0CHAN0,54,563228.0,events
correlation-redis-set-cores2,pcm_imc,acts_byp,SKT0CHAN0,55,566434.0,events
correlation-redis-set-cores2,pcm_imc,acts_byp,SKT0CHAN0,56,568599.0,events
correlation-redis-set-cores2,pcm_imc,acts_byp,SKT0CHAN0,57,565655.0,events
correlation-redis-set-cores2,pcm_imc,acts_byp,SKT0CHAN0,58,562295.0,events
correlation-redis-set-cores2,pcm_imc,acts_byp,SKT0CHAN0,59,563087.0,events
correlation-redis-set-cores2,pcm_imc,acts_byp,SKT0CHAN1,0,576873.0,events
correlation-redis-set-cores2,pcm_imc,acts_byp,SKT0CHAN1,1,578375.0,events
correlation-redis-set-cores2,pcm_imc,acts_byp,SKT0CHAN1,2,586982.0,events
correlation-redis-set-cores2,pcm_imc,acts_byp,SKT0CHAN1,3,582052.0,events
correlation-redis-set-cores2,pcm_imc,acts_byp,SKT0CHAN1,4,578243.0,events
correlation-redis-set-cores2,pcm_imc,acts_byp,SKT0CHAN1,5,576358.0,events
correlation-redis-set-cores2,pcm_imc,acts_byp,SKT0CHAN1,6,577469.0,events
correlation-redis-set-cores2,pcm_imc,acts_byp,SKT0CHAN1,7,577516.0,events
correlation-redis-set-cores2,pcm_imc,acts_byp,SKT0CHAN1,8,581399.0,events
correlation-redis-set-cores2,pcm_imc,acts_byp,SKT0CHAN1,9,583638.0,events
correlation-redis-set-cores2,pcm_imc,acts_byp,SKT0CHAN1,10,579332.0,events
correlation-redis-set-cores2,pcm_imc,acts_byp,SKT0CHAN1,11,575687.0,events
correlation-redis-set-cores2,pcm_imc,acts_byp,SKT0CHAN1,12,583042.0,events
correlation-redis-set-cores2,pcm_imc,acts_byp,SKT0CHAN1,13,584429.0,events
correlation-redis-set-cores2,pcm_imc,acts_byp,SKT0CHAN1,14,586768.0,events
correlation-redis-set-cores2,pcm_imc,acts_byp,SKT0CHAN1,15,591953.0,events
correlation-redis-set-cores2,pcm_imc,acts_byp,SKT0CHAN1,16,584677.0,events
correlation-redis-set-cores2,pcm_imc,acts_byp,SKT0CHAN1,17,584867.0,events
correlation-redis-set-cores2,pcm_imc,acts_byp,SKT0CHAN1,18,585029.0,events
correlation-redis-set-cores2,pcm_imc,acts_byp,SKT0CHAN1,19,575933.0,events
correlation-redis-set-cores2,pcm_imc,acts_byp,SKT0CHAN1,20,588653.0,events
correlation-redis-set-cores2,pcm_imc,acts_byp,SKT0CHAN1,21,586456.0,events
correlation-redis-set-cores2,pcm_imc,acts_byp,SKT0CHAN1,22,583860.0,events
correlation-redis-set-cores2,pcm_imc,acts_byp,SKT0CHAN1,23,589766.0,events
correlation-redis-set-cores2,pcm_imc,acts_byp,SKT0CHAN1,24,584450.0,events
correlation-redis-set-cores2,pcm_imc,acts_byp,SKT0CHAN1,25,585840.0,events
correlation-redis-set-cores2,pcm_imc,acts_byp,SKT0CHAN1,26,581399.0,events
correlation-redis-set-cores2,pcm_imc,acts_byp,SKT0CHAN1,27,581972.0,events
correlation-redis-set-cores2,pcm_imc,acts_byp,SKT0CHAN1,28,583030.0,events
correlation-redis-set-cores2,pcm_imc,acts_byp,SKT0CHAN1,29,581720.0,events
correlation-redis-set-cores2,pcm_imc,acts_byp,SKT0CHAN1,30,583152.0,events
correlation-redis-set-cores2,pcm_imc,acts_byp,SKT0CHAN1,31,576933.0,events
correlation-redis-set-cores2,pcm_imc,acts_byp,SKT0CHAN1,32,577567.0,events
correlation-redis-set-cores2,pcm_imc,acts_byp,SKT0CHAN1,33,579605.0,events
correlation-redis-set-cores2,pcm_imc,acts_byp,SKT0CHAN1,34,576711.0,events
correlation-redis-set-cores2,pcm_imc,acts_byp,SKT0CHAN1,35,580888.0,events
correlation-redis-set-cores2,pcm_imc,acts_byp,SKT0CHAN1,36,580606.0,events
correlation-redis-set-cores2,pcm_imc,acts_byp,SKT0CHAN1,37,580002.0,events
correlation-redis-set-cores2,pcm_imc,acts_byp,SKT0CHAN1,38,583761.0,events
correlation-redis-set-cores2,pcm_imc,acts_byp,SKT0CHAN1,39,584660.0,events
correlation-redis-set-cores2,pcm_imc,acts_byp,SKT0CHAN1,40,574670.0,events
correlation-redis-set-cores2,pcm_imc,acts_byp,SKT0CHAN1,41,580559.0,events
correlation-redis-set-cores2,pcm_imc,acts_byp,SKT0CHAN1,42,587200.0,events
correlation-redis-set-cores2,pcm_imc,acts_byp,SKT0CHAN1,43,581671.0,events
correlation-redis-set-cores2,pcm_imc,acts_byp,SKT0CHAN1,44,584417.0,events
correlation-redis-set-cores2,pcm_imc,acts_byp,SKT0CHAN1,45,579556.0,events
correlation-redis-set-cores2,pcm_imc,acts_byp,SKT0CHAN1,46,595503.0,events
correlation-redis-set-cores2,pcm_imc,acts_byp,SKT0CHAN1,47,592644.0,events
correlation-redis-set-cores2,pcm_imc,acts_byp,SKT0CHAN1,48,584429.0,events
correlation-redis-set-cores2,pcm_imc,acts_byp,SKT0CHAN1,49,567249.0,events
correlation-redis-set-cores2,pcm_imc,acts_byp,SKT0CHAN1,50,578360.0,events
correlation-redis-set-cores2,pcm_imc,acts_byp,SKT0CHAN1,51,580605.0,events
correlation-redis-set-cores2,pcm_imc,acts_byp,SKT0CHAN1,52,571602.0,events
correlation-redis-set-cores2,pcm_imc,acts_byp,SKT0CHAN1,53,574509.0,events
correlation-redis-set-cores2,pcm_imc,acts_byp,SKT0CHAN1,54,573788.0,events
correlation-redis-set-cores2,pcm_imc,acts_byp,SKT0CHAN1,55,575209.0,events
correlation-redis-set-cores2,pcm_imc,acts_byp,SKT0CHAN1,56,575414.0,events
correlation-redis-set-cores2,pcm_imc,acts_byp,SKT0CHAN1,57,578792.0,events
correlation-redis-set-cores2,pcm_imc,acts_byp,SKT0CHAN1,58,576440.0,events
correlation-redis-set-cores2,pcm_imc,acts_byp,SKT0CHAN1,59,573981.0,events
correlation-redis-set-cores2,pcm_imc,acts_byp,SKT0CHAN2,0,574006.0,events
correlation-redis-set-cores2,pcm_imc,acts_byp,SKT0CHAN2,1,576433.0,events
correlation-redis-set-cores2,pcm_imc,acts_byp,SKT0CHAN2,2,584635.0,events
correlation-redis-set-cores2,pcm_imc,acts_byp,SKT0CHAN2,3,579223.0,events
correlation-redis-set-cores2,pcm_imc,acts_byp,SKT0CHAN2,4,577520.0,events
correlation-redis-set-cores2,pcm_imc,acts_byp,SKT0CHAN2,5,575471.0,events
correlation-redis-set-cores2,pcm_imc,acts_byp,SKT0CHAN2,6,579018.0,events
correlation-redis-set-cores2,pcm_imc,acts_byp,SKT0CHAN2,7,581501.0,events
correlation-redis-set-cores2,pcm_imc,acts_byp,SKT0CHAN2,8,574945.0,events
correlation-redis-set-cores2,pcm_imc,acts_byp,SKT0CHAN2,9,580478.0,events
correlation-redis-set-cores2,pcm_imc,acts_byp,SKT0CHAN2,10,576751.0,events
correlation-redis-set-cores2,pcm_imc,acts_byp,SKT0CHAN2,11,573794.0,events
correlation-redis-set-cores2,pcm_imc,acts_byp,SKT0CHAN2,12,579202.0,events
correlation-redis-set-cores2,pcm_imc,acts_byp,SKT0CHAN2,13,581286.0,events
correlation-redis-set-cores2,pcm_imc,acts_byp,SKT0CHAN2,14,589217.0,events
correlation-redis-set-cores2,pcm_imc,acts_byp,SKT0CHAN2,15,586950.0,events
correlation-redis-set-cores2,pcm_imc,acts_byp,SKT0CHAN2,16,581642.0,events
correlation-redis-set-cores2,pcm_imc,acts_byp,SKT0CHAN2,17,585229.0,events
correlation-redis-set-cores2,pcm_imc,acts_byp,SKT0CHAN2,18,586416.0,events
correlation-redis-set-cores2,pcm_imc,acts_byp,SKT0CHAN2,19,582652.0,events
correlation-redis-set-cores2,pcm_imc,acts_byp,SKT0CHAN2,20,586571.0,events
correlation-redis-set-cores2,pcm_imc,acts_byp,SKT0CHAN2,21,580570.0,events
correlation-redis-set-cores2,pcm_imc,acts_byp,SKT0CHAN2,22,589199.0,events
correlation-redis-set-cores2,pcm_imc,acts_byp,SKT0CHAN2,23,583626.0,events
correlation-redis-set-cores2,pcm_imc,acts_byp,SKT0CHAN2,24,581390.0,events
correlation-redis-set-cores2,pcm_imc,acts_byp,SKT0CHAN2,25,579835.0,events
correlation-redis-set-cores2,pcm_imc,acts_byp,SKT0CHAN2,26,577146.0,events
correlation-redis-set-cores2,pcm_imc,acts_byp,SKT0CHAN2,27,583281.0,events
correlation-redis-set-cores2,pcm_imc,acts_byp,SKT0CHAN2,28,579698.0,events
correlation-redis-set-cores2,pcm_imc,acts_byp,SKT0CHAN2,29,579909.0,events
correlation-redis-set-cores2,pcm_imc,acts_byp,SKT0CHAN2,30,585273.0,events
correlation-redis-set-cores2,pcm_imc,acts_byp,SKT0CHAN2,31,575222.0,events
correlation-redis-set-cores2,pcm_imc,acts_byp,SKT0CHAN2,32,580416.0,events
correlation-redis-set-cores2,pcm_imc,acts_byp,SKT0CHAN2,33,578883.0,events
correlation-redis-set-cores2,pcm_imc,acts_byp,SKT0CHAN2,34,578094.0,events
correlation-redis-set-cores2,pcm_imc,acts_byp,SKT0CHAN2,35,580724.0,events
correlation-redis-set-cores2,pcm_imc,acts_byp,SKT0CHAN2,36,575807.0,events
correlation-redis-set-cores2,pcm_imc,acts_byp,SKT0CHAN2,37,581367.0,events
correlation-redis-set-cores2,pcm_imc,acts_byp,SKT0CHAN2,38,583470.0,events
correlation-redis-set-cores2,pcm_imc,acts_byp,SKT0CHAN2,39,580133.0,events
correlation-redis-set-cores2,pcm_imc,acts_byp,SKT0CHAN2,40,577893.0,events
correlation-redis-set-cores2,pcm_imc,acts_byp,SKT0CHAN2,41,578801.0,events
correlation-redis-set-cores2,pcm_imc,acts_byp,SKT0CHAN2,42,589510.0,events
correlation-redis-set-cores2,pcm_imc,acts_byp,SKT0CHAN2,43,580187.0,events
correlation-redis-set-cores2,pcm_imc,acts_byp,SKT0CHAN2,44,581404.0,events
correlation-redis-set-cores2,pcm_imc,acts_byp,SKT0CHAN2,45,583720.0,events
correlation-redis-set-cores2,pcm_imc,acts_byp,SKT0CHAN2,46,596436.0,events
correlation-redis-set-cores2,pcm_imc,acts_byp,SKT0CHAN2,47,593969.0,events
correlation-redis-set-cores2,pcm_imc,acts_byp,SKT0CHAN2,48,582786.0,events
correlation-redis-set-cores2,pcm_imc,acts_byp,SKT0CHAN2,49,573059.0,events
correlation-redis-set-cores2,pcm_imc,acts_byp,SKT0CHAN2,50,582632.0,events
correlation-redis-set-cores2,pcm_imc,acts_byp,SKT0CHAN2,51,578647.0,events
correlation-redis-set-cores2,pcm_imc,acts_byp,SKT0CHAN2,52,580583.0,events
correlation-redis-set-cores2,pcm_imc,acts_byp,SKT0CHAN2,53,581587.0,events
correlation-redis-set-cores2,pcm_imc,acts_byp,SKT0CHAN2,54,584499.0,events
correlation-redis-set-cores2,pcm_imc,acts_byp,SKT0CHAN2,55,575124.0,events
correlation-redis-set-cores2,pcm_imc,acts_byp,SKT0CHAN2,56,570682.0,events
correlation-redis-set-cores2,pcm_imc,acts_byp,SKT0CHAN2,57,580096.0,events
correlation-redis-set-cores2,pcm_imc,acts_byp,SKT0CHAN2,58,580712.0,events
correlation-redis-set-cores2,pcm_imc,acts_byp,SKT0CHAN2,59,576085.0,events
correlation-redis-set-cores2,pcm_imc,acts_byp,SKT0CHAN3,0,575118.0,events
correlation-redis-set-cores2,pcm_imc,acts_byp,SKT0CHAN3,1,579181.0,events
correlation-redis-set-cores2,pcm_imc,acts_byp,SKT0CHAN3,2,590902.0,events
correlation-redis-set-cores2,pcm_imc,acts_byp,SKT0CHAN3,3,582615.0,events
correlation-redis-set-cores2,pcm_imc,acts_byp,SKT0CHAN3,4,581031.0,events
correlation-redis-set-cores2,pcm_imc,acts_byp,SKT0CHAN3,5,584241.0,events
correlation-redis-set-cores2,pcm_imc,acts_byp,SKT0CHAN3,6,581610.0,events
correlation-redis-set-cores2,pcm_imc,acts_byp,SKT0CHAN3,7,583472.0,events
correlation-redis-set-cores2,pcm_imc,acts_byp,SKT0CHAN3,8,582938.0,events
correlation-redis-set-cores2,pcm_imc,acts_byp,SKT0CHAN3,9,583940.0,events
correlation-redis-set-cores2,pcm_imc,acts_byp,SKT0CHAN3,10,581860.0,events
correlation-redis-set-cores2,pcm_imc,acts_byp,SKT0CHAN3,11,575089.0,events
correlation-redis-set-cores2,pcm_imc,acts_byp,SKT0CHAN3,12,584546.0,events
correlation-redis-set-cores2,pcm_imc,acts_byp,SKT0CHAN3,13,584412.0,events
correlation-redis-set-cores2,pcm_imc,acts_byp,SKT0CHAN3,14,589700.0,events
correlation-redis-set-cores2,pcm_imc,acts_byp,SKT0CHAN3,15,596404.0,events
correlation-redis-set-cores2,pcm_imc,acts_byp,SKT0CHAN3,16,589340.0,events
correlation-redis-set-cores2,pcm_imc,acts_byp,SKT0CHAN3,17,590360.0,events
correlation-redis-set-cores2,pcm_imc,acts_byp,SKT0CHAN3,18,587620.0,events
correlation-redis-set-cores2,pcm_imc,acts_byp,SKT0CHAN3,19,585059.0,events
correlation-redis-set-cores2,pcm_imc,acts_byp,SKT0CHAN3,20,592609.0,events
correlation-redis-set-cores2,pcm_imc,acts_byp,SKT0CHAN3,21,590678.0,events
correlation-redis-set-cores2,pcm_imc,acts_byp,SKT0CHAN3,22,593212.0,events
correlation-redis-set-cores2,pcm_imc,acts_byp,SKT0CHAN3,23,588358.0,events
correlation-redis-set-cores2,pcm_imc,acts_byp,SKT0CHAN3,24,586944.0,events
correlation-redis-set-cores2,pcm_imc,acts_byp,SKT0CHAN3,25,588078.0,events
correlation-redis-set-cores2,pcm_imc,acts_byp,SKT0CHAN3,26,589360.0,events
correlation-redis-set-cores2,pcm_imc,acts_byp,SKT0CHAN3,27,585725.0,events
correlation-redis-set-cores2,pcm_imc,acts_byp,SKT0CHAN3,28,587966.0,events
correlation-redis-set-cores2,pcm_imc,acts_byp,SKT0CHAN3,29,586641.0,events
correlation-redis-set-cores2,pcm_imc,acts_byp,SKT0CHAN3,30,589277.0,events
correlation-redis-set-cores2,pcm_imc,acts_byp,SKT0CHAN3,31,587040.0,events
correlation-redis-set-cores2,pcm_imc,acts_byp,SKT0CHAN3,32,589334.0,events
correlation-redis-set-cores2,pcm_imc,acts_byp,SKT0CHAN3,33,584685.0,events
correlation-redis-set-cores2,pcm_imc,acts_byp,SKT0CHAN3,34,584467.0,events
correlation-redis-set-cores2,pcm_imc,acts_byp,SKT0CHAN3,35,587277.0,events
correlation-redis-set-cores2,pcm_imc,acts_byp,SKT0CHAN3,36,584953.0,events
correlation-redis-set-cores2,pcm_imc,acts_byp,SKT0CHAN3,37,584667.0,events
correlation-redis-set-cores2,pcm_imc,acts_byp,SKT0CHAN3,38,585055.0,events
correlation-redis-set-cores2,pcm_imc,acts_byp,SKT0CHAN3,39,587375.0,events
correlation-redis-set-cores2,pcm_imc,acts_byp,SKT0CHAN3,40,582040.0,events
correlation-redis-set-cores2,pcm_imc,acts_byp,SKT0CHAN3,41,587319.0,events
correlation-redis-set-cores2,pcm_imc,acts_byp,SKT0CHAN3,42,592099.0,events
correlation-redis-set-cores2,pcm_imc,acts_byp,SKT0CHAN3,43,587943.0,events
correlation-redis-set-cores2,pcm_imc,acts_byp,SKT0CHAN3,44,587277.0,events
correlation-redis-set-cores2,pcm_imc,acts_byp,SKT0CHAN3,45,587064.0,events
correlation-redis-set-cores2,pcm_imc,acts_byp,SKT0CHAN3,46,596244.0,events
correlation-redis-set-cores2,pcm_imc,acts_byp,SKT0CHAN3,47,598525.0,events
correlation-redis-set-cores2,pcm_imc,acts_byp,SKT0CHAN3,48,588251.0,events
correlation-redis-set-cores2,pcm_imc,acts_byp,SKT0CHAN3,49,576150.0,events
correlation-redis-set-cores2,pcm_imc,acts_byp,SKT0CHAN3,50,586520.0,events
correlation-redis-set-cores2,pcm_imc,acts_byp,SKT0CHAN3,51,583569.0,events
correlation-redis-set-cores2,pcm_imc,acts_byp,SKT0CHAN3,52,581823.0,events
correlation-redis-set-cores2,pcm_imc,acts_byp,SKT0CHAN3,53,582652.0,events
correlation-redis-set-cores2,pcm_imc,acts_byp,SKT0CHAN3,54,585216.0,events
correlation-redis-set-cores2,pcm_imc,acts_byp,SKT0CHAN3,55,583117.0,events
correlation-redis-set-cores2,pcm_imc,acts_byp,SKT0CHAN3,56,583119.0,events
correlation-redis-set-cores2,pcm_imc,acts_byp,SKT0CHAN3,57,585038.0,events
correlation-redis-set-cores2,pcm_imc,acts_byp,SKT0CHAN3,58,581996.0,events
correlation-redis-set-cores2,pcm_imc,acts_byp,SKT0CHAN3,59,584090.0,events
correlation-redis-set-cores2,pcm_imc,acts_byp,SKT0CHAN4,0,564407.0,events
correlation-redis-set-cores2,pcm_imc,acts_byp,SKT0CHAN4,1,573916.0,events
correlation-redis-set-cores2,pcm_imc,acts_byp,SKT0CHAN4,2,580068.0,events
correlation-redis-set-cores2,pcm_imc,acts_byp,SKT0CHAN4,3,572759.0,events
correlation-redis-set-cores2,pcm_imc,acts_byp,SKT0CHAN4,4,575332.0,events
correlation-redis-set-cores2,pcm_imc,acts_byp,SKT0CHAN4,5,573923.0,events
correlation-redis-set-cores2,pcm_imc,acts_byp,SKT0CHAN4,6,574455.0,events
correlation-redis-set-cores2,pcm_imc,acts_byp,SKT0CHAN4,7,575837.0,events
correlation-redis-set-cores2,pcm_imc,acts_byp,SKT0CHAN4,8,583814.0,events
correlation-redis-set-cores2,pcm_imc,acts_byp,SKT0CHAN4,9,578592.0,events
correlation-redis-set-cores2,pcm_imc,acts_byp,SKT0CHAN4,10,579163.0,events
correlation-redis-set-cores2,pcm_imc,acts_byp,SKT0CHAN4,11,576152.0,events
correlation-redis-set-cores2,pcm_imc,acts_byp,SKT0CHAN4,12,582057.0,events
correlation-redis-set-cores2,pcm_imc,acts_byp,SKT0CHAN4,13,578940.0,events
correlation-redis-set-cores2,pcm_imc,acts_byp,SKT0CHAN4,14,584987.0,events
correlation-redis-set-cores2,pcm_imc,acts_byp,SKT0CHAN4,15,585566.0,events
correlation-redis-set-cores2,pcm_imc,acts_byp,SKT0CHAN4,16,583678.0,events
correlation-redis-set-cores2,pcm_imc,acts_byp,SKT0CHAN4,17,583302.0,events
correlation-redis-set-cores2,pcm_imc,acts_byp,SKT0CHAN4,18,586345.0,events
correlation-redis-set-cores2,pcm_imc,acts_byp,SKT0CHAN4,19,582935.0,events
correlation-redis-set-cores2,pcm_imc,acts_byp,SKT0CHAN4,20,587008.0,events
correlation-redis-set-cores2,pcm_imc,acts_byp,SKT0CHAN4,21,581395.0,events
correlation-redis-set-cores2,pcm_imc,acts_byp,SKT0CHAN4,22,585961.0,events
correlation-redis-set-cores2,pcm_imc,acts_byp,SKT0CHAN4,23,585891.0,events
correlation-redis-set-cores2,pcm_imc,acts_byp,SKT0CHAN4,24,574575.0,events
correlation-redis-set-cores2,pcm_imc,acts_byp,SKT0CHAN4,25,583694.0,events
correlation-redis-set-cores2,pcm_imc,acts_byp,SKT0CHAN4,26,582687.0,events
correlation-redis-set-cores2,pcm_imc,acts_byp,SKT0CHAN4,27,582502.0,events
correlation-redis-set-cores2,pcm_imc,acts_byp,SKT0CHAN4,28,575456.0,events
correlation-redis-set-cores2,pcm_imc,acts_byp,SKT0CHAN4,29,576708.0,events
correlation-redis-set-cores2,pcm_imc,acts_byp,SKT0CHAN4,30,581765.0,events
correlation-redis-set-cores2,pcm_imc,acts_byp,SKT0CHAN4,31,578731.0,events
correlation-redis-set-cores2,pcm_imc,acts_byp,SKT0CHAN4,32,577846.0,events
correlation-redis-set-cores2,pcm_imc,acts_byp,SKT0CHAN4,33,581857.0,events
correlation-redis-set-cores2,pcm_imc,acts_byp,SKT0CHAN4,34,578400.0,events
correlation-redis-set-cores2,pcm_imc,acts_byp,SKT0CHAN4,35,573828.0,events
correlation-redis-set-cores2,pcm_imc,acts_byp,SKT0CHAN4,36,577165.0,events
correlation-redis-set-cores2,pcm_imc,acts_byp,SKT0CHAN4,37,577452.0,events
correlation-redis-set-cores2,pcm_imc,acts_byp,SKT0CHAN4,38,578405.0,events
correlation-redis-set-cores2,pcm_imc,acts_byp,SKT0CHAN4,39,582322.0,events
correlation-redis-set-cores2,pcm_imc,acts_byp,SKT0CHAN4,40,581283.0,events
correlation-redis-set-cores2,pcm_imc,acts_byp,SKT0CHAN4,41,580244.0,events
correlation-redis-set-cores2,pcm_imc,acts_byp,SKT0CHAN4,42,588441.0,events
correlation-redis-set-cores2,pcm_imc,acts_byp,SKT0CHAN4,43,583842.0,events
correlation-redis-set-cores2,pcm_imc,acts_byp,SKT0CHAN4,44,582527.0,events
correlation-redis-set-cores2,pcm_imc,acts_byp,SKT0CHAN4,45,585720.0,events
correlation-redis-set-cores2,pcm_imc,acts_byp,SKT0CHAN4,46,593082.0,events
correlation-redis-set-cores2,pcm_imc,acts_byp,SKT0CHAN4,47,595932.0,events
correlation-redis-set-cores2,pcm_imc,acts_byp,SKT0CHAN4,48,581339.0,events
correlation-redis-set-cores2,pcm_imc,acts_byp,SKT0CHAN4,49,571360.0,events
correlation-redis-set-cores2,pcm_imc,acts_byp,SKT0CHAN4,50,579431.0,events
correlation-redis-set-cores2,pcm_imc,acts_byp,SKT0CHAN4,51,575842.0,events
correlation-redis-set-cores2,pcm_imc,acts_byp,SKT0CHAN4,52,574855.0,events
correlation-redis-set-cores2,pcm_imc,acts_byp,SKT0CHAN4,53,576993.0,events
correlation-redis-set-cores2,pcm_imc,acts_byp,SKT0CHAN4,54,575977.0,events
correlation-redis-set-cores2,pcm_imc,acts_byp,SKT0CHAN4,55,572502.0,events
correlation-redis-set-cores2,pcm_imc,acts_byp,SKT0CHAN4,56,575294.0,events
correlation-redis-set-cores2,pcm_imc,acts_byp,SKT0CHAN4,57,575190.0,events
correlation-redis-set-cores2,pcm_imc,acts_byp,SKT0CHAN4,58,576005.0,events
correlation-redis-set-cores2,pcm_imc,acts_byp,SKT0CHAN4,59,574278.0,events
correlation-redis-set-cores2,pcm_imc,acts_byp,SKT0CHAN5,0,565846.0,events
correlation-redis-set-cores2,pcm_imc,acts_byp,SKT0CHAN5,1,563021.0,events
correlation-redis-set-cores2,pcm_imc,acts_byp,SKT0CHAN5,2,577895.0,events
correlation-redis-set-cores2,pcm_imc,acts_byp,SKT0CHAN5,3,572020.0,events
correlation-redis-set-cores2,pcm_imc,acts_byp,SKT0CHAN5,4,565328.0,events
correlation-redis-set-cores2,pcm_imc,acts_byp,SKT0CHAN5,5,569302.0,events
correlation-redis-set-cores2,pcm_imc,acts_byp,SKT0CHAN5,6,569957.0,events
correlation-redis-set-cores2,pcm_imc,acts_byp,SKT0CHAN5,7,572266.0,events
correlation-redis-set-cores2,pcm_imc,acts_byp,SKT0CHAN5,8,570970.0,events
correlation-redis-set-cores2,pcm_imc,acts_byp,SKT0CHAN5,9,568387.0,events
correlation-redis-set-cores2,pcm_imc,acts_byp,SKT0CHAN5,10,571282.0,events
correlation-redis-set-cores2,pcm_imc,acts_byp,SKT0CHAN5,11,565836.0,events
correlation-redis-set-cores2,pcm_imc,acts_byp,SKT0CHAN5,12,577634.0,events
correlation-redis-set-cores2,pcm_imc,acts_byp,SKT0CHAN5,13,574007.0,events
correlation-redis-set-cores2,pcm_imc,acts_byp,SKT0CHAN5,14,573571.0,events
correlation-redis-set-cores2,pcm_imc,acts_byp,SKT0CHAN5,15,586082.0,events
correlation-redis-set-cores2,pcm_imc,acts_byp,SKT0CHAN5,16,572953.0,events
correlation-redis-set-cores2,pcm_imc,acts_byp,SKT0CHAN5,17,577158.0,events
correlation-redis-set-cores2,pcm_imc,acts_byp,SKT0CHAN5,18,577774.0,events
correlation-redis-set-cores2,pcm_imc,acts_byp,SKT0CHAN5,19,577819.0,events
correlation-redis-set-cores2,pcm_imc,acts_byp,SKT0CHAN5,20,584721.0,events
correlation-redis-set-cores2,pcm_imc,acts_byp,SKT0CHAN5,21,573768.0,events
correlation-redis-set-cores2,pcm_imc,acts_byp,SKT0CHAN5,22,579168.0,events
correlation-redis-set-cores2,pcm_imc,acts_byp,SKT0CHAN5,23,578324.0,events
correlation-redis-set-cores2,pcm_imc,acts_byp,SKT0CHAN5,24,578064.0,events
correlation-redis-set-cores2,pcm_imc,acts_byp,SKT0CHAN5,25,581147.0,events
correlation-redis-set-cores2,pcm_imc,acts_byp,SKT0CHAN5,26,578752.0,events
correlation-redis-set-cores2,pcm_imc,acts_byp,SKT0CHAN5,27,578899.0,events
correlation-redis-set-cores2,pcm_imc,acts_byp,SKT0CHAN5,28,576236.0,events
correlation-redis-set-cores2,pcm_imc,acts_byp,SKT0CHAN5,29,566897.0,events
correlation-redis-set-cores2,pcm_imc,acts_byp,SKT0CHAN5,30,578073.0,events
correlation-redis-set-cores2,pcm_imc,acts_byp,SKT0CHAN5,31,574081.0,events
correlation-redis-set-cores2,pcm_imc,acts_byp,SKT0CHAN5,32,575205.0,events
correlation-redis-set-cores2,pcm_imc,acts_byp,SKT0CHAN5,33,576355.0,events
correlation-redis-set-cores2,pcm_imc,acts_byp,SKT0CHAN5,34,575737.0,events
correlation-redis-set-cores2,pcm_imc,acts_byp,SKT0CHAN5,35,574971.0,events
correlation-redis-set-cores2,pcm_imc,acts_byp,SKT0CHAN5,36,574252.0,events
correlation-redis-set-cores2,pcm_imc,acts_byp,SKT0CHAN5,37,574298.0,events
correlation-redis-set-cores2,pcm_imc,acts_byp,SKT0CHAN5,38,574173.0,events
correlation-redis-set-cores2,pcm_imc,acts_byp,SKT0CHAN5,39,574966.0,events
correlation-redis-set-cores2,pcm_imc,acts_byp,SKT0CHAN5,40,568305.0,events
correlation-redis-set-cores2,pcm_imc,acts_byp,SKT0CHAN5,41,577529.0,events
correlation-redis-set-cores2,pcm_imc,acts_byp,SKT0CHAN5,42,581148.0,events
correlation-redis-set-cores2,pcm_imc,acts_byp,SKT0CHAN5,43,577584.0,events
correlation-redis-set-cores2,pcm_imc,acts_byp,SKT0CHAN5,44,577565.0,events
correlation-redis-set-cores2,pcm_imc,acts_byp,SKT0CHAN5,45,576510.0,events
correlation-redis-set-cores2,pcm_imc,acts_byp,SKT0CHAN5,46,584129.0,events
correlation-redis-set-cores2,pcm_imc,acts_byp,SKT0CHAN5,47,587787.0,events
correlation-redis-set-cores2,pcm_imc,acts_byp,SKT0CHAN5,48,580923.0,events
correlation-redis-set-cores2,pcm_imc,acts_byp,SKT0CHAN5,49,569885.0,events
correlation-redis-set-cores2,pcm_imc,acts_byp,SKT0CHAN5,50,570365.0,events
correlation-redis-set-cores2,pcm_imc,acts_byp,SKT0CHAN5,51,574054.0,events
correlation-redis-set-cores2,pcm_imc,acts_byp,SKT0CHAN5,52,567571.0,events
correlation-redis-set-cores2,pcm_imc,acts_byp,SKT0CHAN5,53,568555.0,events
correlation-redis-set-cores2,pcm_imc,acts_byp,SKT0CHAN5,54,569806.0,events
correlation-redis-set-cores2,pcm_imc,acts_byp,SKT0CHAN5,55,566075.0,events
correlation-redis-set-cores2,pcm_imc,acts_byp,SKT0CHAN5,56,568843.0,events
correlation-redis-set-cores2,pcm_imc,acts_byp,SKT0CHAN5,57,567740.0,events
correlation-redis-set-cores2,pcm_imc,acts_byp,SKT0CHAN5,58,568857.0,events
correlation-redis-set-cores2,pcm_imc,acts_byp,SKT0CHAN5,59,560022.0,events
correlation-redis-set-cores2,pcm_imc,acts_byp,SKT0CHAN6,0,568224.0,events
correlation-redis-set-cores2,pcm_imc,acts_byp,SKT0CHAN6,1,573260.0,events
correlation-redis-set-cores2,pcm_imc,acts_byp,SKT0CHAN6,2,580187.0,events
correlation-redis-set-cores2,pcm_imc,acts_byp,SKT0CHAN6,3,574088.0,events
correlation-redis-set-cores2,pcm_imc,acts_byp,SKT0CHAN6,4,571669.0,events
correlation-redis-set-cores2,pcm_imc,acts_byp,SKT0CHAN6,5,571709.0,events
correlation-redis-set-cores2,pcm_imc,acts_byp,SKT0CHAN6,6,571133.0,events
correlation-redis-set-cores2,pcm_imc,acts_byp,SKT0CHAN6,7,579231.0,events
correlation-redis-set-cores2,pcm_imc,acts_byp,SKT0CHAN6,8,577989.0,events
correlation-redis-set-cores2,pcm_imc,acts_byp,SKT0CHAN6,9,575803.0,events
correlation-redis-set-cores2,pcm_imc,acts_byp,SKT0CHAN6,10,569637.0,events
correlation-redis-set-cores2,pcm_imc,acts_byp,SKT0CHAN6,11,569523.0,events
correlation-redis-set-cores2,pcm_imc,acts_byp,SKT0CHAN6,12,575110.0,events
correlation-redis-set-cores2,pcm_imc,acts_byp,SKT0CHAN6,13,580625.0,events
correlation-redis-set-cores2,pcm_imc,acts_byp,SKT0CHAN6,14,581897.0,events
correlation-redis-set-cores2,pcm_imc,acts_byp,SKT0CHAN6,15,591900.0,events
correlation-redis-set-cores2,pcm_imc,acts_byp,SKT0CHAN6,16,585898.0,events
correlation-redis-set-cores2,pcm_imc,acts_byp,SKT0CHAN6,17,582023.0,events
correlation-redis-set-cores2,pcm_imc,acts_byp,SKT0CHAN6,18,578481.0,events
correlation-redis-set-cores2,pcm_imc,acts_byp,SKT0CHAN6,19,581132.0,events
correlation-redis-set-cores2,pcm_imc,acts_byp,SKT0CHAN6,20,585641.0,events
correlation-redis-set-cores2,pcm_imc,acts_byp,SKT0CHAN6,21,583082.0,events
correlation-redis-set-cores2,pcm_imc,acts_byp,SKT0CHAN6,22,579697.0,events
correlation-redis-set-cores2,pcm_imc,acts_byp,SKT0CHAN6,23,586311.0,events
correlation-redis-set-cores2,pcm_imc,acts_byp,SKT0CHAN6,24,577929.0,events
correlation-redis-set-cores2,pcm_imc,acts_byp,SKT0CHAN6,25,580886.0,events
correlation-redis-set-cores2,pcm_imc,acts_byp,SKT0CHAN6,26,576692.0,events
correlation-redis-set-cores2,pcm_imc,acts_byp,SKT0CHAN6,27,582112.0,events
correlation-redis-set-cores2,pcm_imc,acts_byp,SKT0CHAN6,28,579853.0,events
correlation-redis-set-cores2,pcm_imc,acts_byp,SKT0CHAN6,29,581799.0,events
correlation-redis-set-cores2,pcm_imc,acts_byp,SKT0CHAN6,30,581294.0,events
correlation-redis-set-cores2,pcm_imc,acts_byp,SKT0CHAN6,31,578090.0,events
correlation-redis-set-cores2,pcm_imc,acts_byp,SKT0CHAN6,32,576625.0,events
correlation-redis-set-cores2,pcm_imc,acts_byp,SKT0CHAN6,33,577558.0,events
correlation-redis-set-cores2,pcm_imc,acts_byp,SKT0CHAN6,34,579619.0,events
correlation-redis-set-cores2,pcm_imc,acts_byp,SKT0CHAN6,35,578462.0,events
correlation-redis-set-cores2,pcm_imc,acts_byp,SKT0CHAN6,36,574846.0,events
correlation-redis-set-cores2,pcm_imc,acts_byp,SKT0CHAN6,37,571273.0,events
correlation-redis-set-cores2,pcm_imc,acts_byp,SKT0CHAN6,38,576363.0,events
correlation-redis-set-cores2,pcm_imc,acts_byp,SKT0CHAN6,39,578806.0,events
correlation-redis-set-cores2,pcm_imc,acts_byp,SKT0CHAN6,40,573172.0,events
correlation-redis-set-cores2,pcm_imc,acts_byp,SKT0CHAN6,41,578085.0,events
correlation-redis-set-cores2,pcm_imc,acts_byp,SKT0CHAN6,42,578614.0,events
correlation-redis-set-cores2,pcm_imc,acts_byp,SKT0CHAN6,43,575198.0,events
correlation-redis-set-cores2,pcm_imc,acts_byp,SKT0CHAN6,44,581220.0,events
correlation-redis-set-cores2,pcm_imc,acts_byp,SKT0CHAN6,45,573633.0,events
correlation-redis-set-cores2,pcm_imc,acts_byp,SKT0CHAN6,46,589737.0,events
correlation-redis-set-cores2,pcm_imc,acts_byp,SKT0CHAN6,47,591482.0,events
correlation-redis-set-cores2,pcm_imc,acts_byp,SKT0CHAN6,48,580939.0,events
correlation-redis-set-cores2,pcm_imc,acts_byp,SKT0CHAN6,49,565836.0,events
correlation-redis-set-cores2,pcm_imc,acts_byp,SKT0CHAN6,50,578072.0,events
correlation-redis-set-cores2,pcm_imc,acts_byp,SKT0CHAN6,51,576426.0,events
correlation-redis-set-cores2,pcm_imc,acts_byp,SKT0CHAN6,52,568359.0,events
correlation-redis-set-cores2,pcm_imc,acts_byp,SKT0CHAN6,53,570737.0,events
correlation-redis-set-cores2,pcm_imc,acts_byp,SKT0CHAN6,54,569057.0,events
correlation-redis-set-cores2,pcm_imc,acts_byp,SKT0CHAN6,55,569408.0,events
correlation-redis-set-cores2,pcm_imc,acts_byp,SKT0CHAN6,56,571805.0,events
correlation-redis-set-cores2,pcm_imc,acts_byp,SKT0CHAN6,57,570398.0,events
correlation-redis-set-cores2,pcm_imc,acts_byp,SKT0CHAN6,58,572800.0,events
correlation-redis-set-cores2,pcm_imc,acts_byp,SKT0CHAN6,59,565670.0,events
correlation-redis-set-cores2,pcm_imc,acts_byp,SKT0CHAN7,0,561768.0,events
correlation-redis-set-cores2,pcm_imc,acts_byp,SKT0CHAN7,1,560090.0,events
correlation-redis-set-cores2,pcm_imc,acts_byp,SKT0CHAN7,2,579008.0,events
correlation-redis-set-cores2,pcm_imc,acts_byp,SKT0CHAN7,3,567451.0,events
correlation-redis-set-cores2,pcm_imc,acts_byp,SKT0CHAN7,4,562246.0,events
correlation-redis-set-cores2,pcm_imc,acts_byp,SKT0CHAN7,5,567304.0,events
correlation-redis-set-cores2,pcm_imc,acts_byp,SKT0CHAN7,6,567071.0,events
correlation-redis-set-cores2,pcm_imc,acts_byp,SKT0CHAN7,7,571165.0,events
correlation-redis-set-cores2,pcm_imc,acts_byp,SKT0CHAN7,8,569319.0,events
correlation-redis-set-cores2,pcm_imc,acts_byp,SKT0CHAN7,9,572127.0,events
correlation-redis-set-cores2,pcm_imc,acts_byp,SKT0CHAN7,10,569013.0,events
correlation-redis-set-cores2,pcm_imc,acts_byp,SKT0CHAN7,11,567428.0,events
correlation-redis-set-cores2,pcm_imc,acts_byp,SKT0CHAN7,12,572946.0,events
correlation-redis-set-cores2,pcm_imc,acts_byp,SKT0CHAN7,13,570994.0,events
correlation-redis-set-cores2,pcm_imc,acts_byp,SKT0CHAN7,14,576862.0,events
correlation-redis-set-cores2,pcm_imc,acts_byp,SKT0CHAN7,15,580441.0,events
correlation-redis-set-cores2,pcm_imc,acts_byp,SKT0CHAN7,16,575848.0,events
correlation-redis-set-cores2,pcm_imc,acts_byp,SKT0CHAN7,17,576181.0,events
correlation-redis-set-cores2,pcm_imc,acts_byp,SKT0CHAN7,18,569742.0,events
correlation-redis-set-cores2,pcm_imc,acts_byp,SKT0CHAN7,19,573326.0,events
correlation-redis-set-cores2,pcm_imc,acts_byp,SKT0CHAN7,20,581695.0,events
correlation-redis-set-cores2,pcm_imc,acts_byp,SKT0CHAN7,21,573862.0,events
correlation-redis-set-cores2,pcm_imc,acts_byp,SKT0CHAN7,22,577218.0,events
correlation-redis-set-cores2,pcm_imc,acts_byp,SKT0CHAN7,23,573812.0,events
correlation-redis-set-cores2,pcm_imc,acts_byp,SKT0CHAN7,24,571308.0,events
correlation-redis-set-cores2,pcm_imc,acts_byp,SKT0CHAN7,25,577091.0,events
correlation-redis-set-cores2,pcm_imc,acts_byp,SKT0CHAN7,26,573704.0,events
correlation-redis-set-cores2,pcm_imc,acts_byp,SKT0CHAN7,27,575193.0,events
correlation-redis-set-cores2,pcm_imc,acts_byp,SKT0CHAN7,28,571676.0,events
correlation-redis-set-cores2,pcm_imc,acts_byp,SKT0CHAN7,29,572660.0,events
correlation-redis-set-cores2,pcm_imc,acts_byp,SKT0CHAN7,30,573282.0,events
correlation-redis-set-cores2,pcm_imc,acts_byp,SKT0CHAN7,31,566817.0,events
correlation-redis-set-cores2,pcm_imc,acts_byp,SKT0CHAN7,32,571946.0,events
correlation-redis-set-cores2,pcm_imc,acts_byp,SKT0CHAN7,33,569144.0,events
correlation-redis-set-cores2,pcm_imc,acts_byp,SKT0CHAN7,34,567515.0,events
correlation-redis-set-cores2,pcm_imc,acts_byp,SKT0CHAN7,35,568206.0,events
correlation-redis-set-cores2,pcm_imc,acts_byp,SKT0CHAN7,36,570216.0,events
correlation-redis-set-cores2,pcm_imc,acts_byp,SKT0CHAN7,37,573239.0,events
correlation-redis-set-cores2,pcm_imc,acts_byp,SKT0CHAN7,38,571189.0,events
correlation-redis-set-cores2,pcm_imc,acts_byp,SKT0CHAN7,39,571029.0,events
correlation-redis-set-cores2,pcm_imc,acts_byp,SKT0CHAN7,40,565829.0,events
correlation-redis-set-cores2,pcm_imc,acts_byp,SKT0CHAN7,41,574387.0,events
correlation-redis-set-cores2,pcm_imc,acts_byp,SKT0CHAN7,42,578637.0,events
correlation-redis-set-cores2,pcm_imc,acts_byp,SKT0CHAN7,43,571059.0,events
correlation-redis-set-cores2,pcm_imc,acts_byp,SKT0CHAN7,44,571006.0,events
correlation-redis-set-cores2,pcm_imc,acts_byp,SKT0CHAN7,45,570632.0,events
correlation-redis-set-cores2,pcm_imc,acts_byp,SKT0CHAN7,46,586015.0,events
correlation-redis-set-cores2,pcm_imc,acts_byp,SKT0CHAN7,47,581924.0,events
correlation-redis-set-cores2,pcm_imc,acts_byp,SKT0CHAN7,48,568603.0,events
correlation-redis-set-cores2,pcm_imc,acts_byp,SKT0CHAN7,49,562459.0,events
correlation-redis-set-cores2,pcm_imc,acts_byp,SKT0CHAN7,50,571298.0,events
correlation-redis-set-cores2,pcm_imc,acts_byp,SKT0CHAN7,51,565657.0,events
correlation-redis-set-cores2,pcm_imc,acts_byp,SKT0CHAN7,52,560922.0,events
correlation-redis-set-cores2,pcm_imc,acts_byp,SKT0CHAN7,53,564764.0,events
correlation-redis-set-cores2,pcm_imc,acts_byp,SKT0CHAN7,54,565969.0,events
correlation-redis-set-cores2,pcm_imc,acts_byp,SKT0CHAN7,55,564443.0,events
correlation-redis-set-cores2,pcm_imc,acts_byp,SKT0CHAN7,56,566990.0,events
correlation-redis-set-cores2,pcm_imc,acts_byp,SKT0CHAN7,57,561749.0,events
correlation-redis-set-cores2,pcm_imc,acts_byp,SKT0CHAN7,58,563219.0,events
correlation-redis-set-cores2,pcm_imc,acts_byp,SKT0CHAN7,59,562195.0,events
correlation-redis-set-cores2,pcm_imc,acts_read,SKT0CHAN0,0,2784867.0,events
correlation-redis-set-cores2,pcm_imc,acts_read,SKT0CHAN0,1,2845987.0,events
correlation-redis-set-cores2,pcm_imc,acts_read,SKT0CHAN0,2,2813314.0,events
correlation-redis-set-cores2,pcm_imc,acts_read,SKT0CHAN0,3,2777723.0,events
correlation-redis-set-cores2,pcm_imc,acts_read,SKT0CHAN0,4,2773933.0,events
correlation-redis-set-cores2,pcm_imc,acts_read,SKT0CHAN0,5,2782390.0,events
correlation-redis-set-cores2,pcm_imc,acts_read,SKT0CHAN0,6,2775720.0,events
correlation-redis-set-cores2,pcm_imc,acts_read,SKT0CHAN0,7,2778125.0,events
correlation-redis-set-cores2,pcm_imc,acts_read,SKT0CHAN0,8,2786512.0,events
correlation-redis-set-cores2,pcm_imc,acts_read,SKT0CHAN0,9,2775699.0,events
correlation-redis-set-cores2,pcm_imc,acts_read,SKT0CHAN0,10,2773380.0,events
correlation-redis-set-cores2,pcm_imc,acts_read,SKT0CHAN0,11,2778575.0,events
correlation-redis-set-cores2,pcm_imc,acts_read,SKT0CHAN0,12,2832886.0,events
correlation-redis-set-cores2,pcm_imc,acts_read,SKT0CHAN0,13,2775523.0,events
correlation-redis-set-cores2,pcm_imc,acts_read,SKT0CHAN0,14,2828951.0,events
correlation-redis-set-cores2,pcm_imc,acts_read,SKT0CHAN0,15,2889970.0,events
correlation-redis-set-cores2,pcm_imc,acts_read,SKT0CHAN0,16,2786330.0,events
correlation-redis-set-cores2,pcm_imc,acts_read,SKT0CHAN0,17,2785748.0,events
correlation-redis-set-cores2,pcm_imc,acts_read,SKT0CHAN0,18,2796069.0,events
correlation-redis-set-cores2,pcm_imc,acts_read,SKT0CHAN0,19,2788824.0,events
correlation-redis-set-cores2,pcm_imc,acts_read,SKT0CHAN0,20,2870946.0,events
correlation-redis-set-cores2,pcm_imc,acts_read,SKT0CHAN0,21,2790810.0,events
correlation-redis-set-cores2,pcm_imc,acts_read,SKT0CHAN0,22,2800114.0,events
correlation-redis-set-cores2,pcm_imc,acts_read,SKT0CHAN0,23,2801154.0,events
correlation-redis-set-cores2,pcm_imc,acts_read,SKT0CHAN0,24,2788143.0,events
correlation-redis-set-cores2,pcm_imc,acts_read,SKT0CHAN0,25,2804440.0,events
correlation-redis-set-cores2,pcm_imc,acts_read,SKT0CHAN0,26,2798577.0,events
correlation-redis-set-cores2,pcm_imc,acts_read,SKT0CHAN0,27,2794863.0,events
correlation-redis-set-cores2,pcm_imc,acts_read,SKT0CHAN0,28,2791975.0,events
correlation-redis-set-cores2,pcm_imc,acts_read,SKT0CHAN0,29,2803343.0,events
correlation-redis-set-cores2,pcm_imc,acts_read,SKT0CHAN0,30,2812965.0,events
correlation-redis-set-cores2,pcm_imc,acts_read,SKT0CHAN0,31,2783270.0,events
correlation-redis-set-cores2,pcm_imc,acts_read,SKT0CHAN0,32,2785297.0,events
correlation-redis-set-cores2,pcm_imc,acts_read,SKT0CHAN0,33,2777818.0,events
correlation-redis-set-cores2,pcm_imc,acts_read,SKT0CHAN0,34,2781158.0,events
correlation-redis-set-cores2,pcm_imc,acts_read,SKT0CHAN0,35,2787713.0,events
correlation-redis-set-cores2,pcm_imc,acts_read,SKT0CHAN0,36,2781128.0,events
correlation-redis-set-cores2,pcm_imc,acts_read,SKT0CHAN0,37,2782250.0,events
correlation-redis-set-cores2,pcm_imc,acts_read,SKT0CHAN0,38,2791445.0,events
correlation-redis-set-cores2,pcm_imc,acts_read,SKT0CHAN0,39,2788930.0,events
correlation-redis-set-cores2,pcm_imc,acts_read,SKT0CHAN0,40,2778091.0,events
correlation-redis-set-cores2,pcm_imc,acts_read,SKT0CHAN0,41,2792645.0,events
correlation-redis-set-cores2,pcm_imc,acts_read,SKT0CHAN0,42,2795059.0,events
correlation-redis-set-cores2,pcm_imc,acts_read,SKT0CHAN0,43,2784023.0,events
correlation-redis-set-cores2,pcm_imc,acts_read,SKT0CHAN0,44,2833068.0,events
correlation-redis-set-cores2,pcm_imc,acts_read,SKT0CHAN0,45,2800524.0,events
correlation-redis-set-cores2,pcm_imc,acts_read,SKT0CHAN0,46,2825204.0,events
correlation-redis-set-cores2,pcm_imc,acts_read,SKT0CHAN0,47,2836749.0,events
correlation-redis-set-cores2,pcm_imc,acts_read,SKT0CHAN0,48,2898508.0,events
correlation-redis-set-cores2,pcm_imc,acts_read,SKT0CHAN0,49,2793669.0,events
correlation-redis-set-cores2,pcm_imc,acts_read,SKT0CHAN0,50,2878984.0,events
correlation-redis-set-cores2,pcm_imc,acts_read,SKT0CHAN0,51,2796741.0,events
correlation-redis-set-cores2,pcm_imc,acts_read,SKT0CHAN0,52,2787534.0,events
correlation-redis-set-cores2,pcm_imc,acts_read,SKT0CHAN0,53,2785545.0,events
correlation-redis-set-cores2,pcm_imc,acts_read,SKT0CHAN0,54,2793330.0,events
correlation-redis-set-cores2,pcm_imc,acts_read,SKT0CHAN0,55,2786200.0,events
correlation-redis-set-cores2,pcm_imc,acts_read,SKT0CHAN0,56,2786548.0,events
correlation-redis-set-cores2,pcm_imc,acts_read,SKT0CHAN0,57,2792930.0,events
correlation-redis-set-cores2,pcm_imc,acts_read,SKT0CHAN0,58,2802981.0,events
correlation-redis-set-cores2,pcm_imc,acts_read,SKT0CHAN0,59,2794358.0,events
correlation-redis-set-cores2,pcm_imc,acts_read,SKT0CHAN1,0,2798689.0,events
correlation-redis-set-cores2,pcm_imc,acts_read,SKT0CHAN1,1,2858155.0,events
correlation-redis-set-cores2,pcm_imc,acts_read,SKT0CHAN1,2,2829827.0,events
correlation-redis-set-cores2,pcm_imc,acts_read,SKT0CHAN1,3,2793547.0,events
correlation-redis-set-cores2,pcm_imc,acts_read,SKT0CHAN1,4,2788792.0,events
correlation-redis-set-cores2,pcm_imc,acts_read,SKT0CHAN1,5,2797888.0,events
correlation-redis-set-cores2,pcm_imc,acts_read,SKT0CHAN1,6,2792248.0,events
correlation-redis-set-cores2,pcm_imc,acts_read,SKT0CHAN1,7,2792974.0,events
correlation-redis-set-cores2,pcm_imc,acts_read,SKT0CHAN1,8,2798994.0,events
correlation-redis-set-cores2,pcm_imc,acts_read,SKT0CHAN1,9,2790409.0,events
correlation-redis-set-cores2,pcm_imc,acts_read,SKT0CHAN1,10,2786544.0,events
correlation-redis-set-cores2,pcm_imc,acts_read,SKT0CHAN1,11,2793455.0,events
correlation-redis-set-cores2,pcm_imc,acts_read,SKT0CHAN1,12,2850229.0,events
correlation-redis-set-cores2,pcm_imc,acts_read,SKT0CHAN1,13,2794555.0,events
correlation-redis-set-cores2,pcm_imc,acts_read,SKT0CHAN1,14,2845001.0,events
correlation-redis-set-cores2,pcm_imc,acts_read,SKT0CHAN1,15,2898675.0,events
correlation-redis-set-cores2,pcm_imc,acts_read,SKT0CHAN1,16,2800995.0,events
correlation-redis-set-cores2,pcm_imc,acts_read,SKT0CHAN1,17,2798589.0,events
correlation-redis-set-cores2,pcm_imc,acts_read,SKT0CHAN1,18,2812010.0,events
correlation-redis-set-cores2,pcm_imc,acts_read,SKT0CHAN1,19,2802149.0,events
correlation-redis-set-cores2,pcm_imc,acts_read,SKT0CHAN1,20,2886858.0,events
correlation-redis-set-cores2,pcm_imc,acts_read,SKT0CHAN1,21,2806071.0,events
correlation-redis-set-cores2,pcm_imc,acts_read,SKT0CHAN1,22,2815800.0,events
correlation-redis-set-cores2,pcm_imc,acts_read,SKT0CHAN1,23,2811869.0,events
correlation-redis-set-cores2,pcm_imc,acts_read,SKT0CHAN1,24,2802868.0,events
correlation-redis-set-cores2,pcm_imc,acts_read,SKT0CHAN1,25,2819474.0,events
correlation-redis-set-cores2,pcm_imc,acts_read,SKT0CHAN1,26,2816856.0,events
correlation-redis-set-cores2,pcm_imc,acts_read,SKT0CHAN1,27,2813980.0,events
correlation-redis-set-cores2,pcm_imc,acts_read,SKT0CHAN1,28,2805054.0,events
correlation-redis-set-cores2,pcm_imc,acts_read,SKT0CHAN1,29,2817733.0,events
correlation-redis-set-cores2,pcm_imc,acts_read,SKT0CHAN1,30,2825628.0,events
correlation-redis-set-cores2,pcm_imc,acts_read,SKT0CHAN1,31,2802534.0,events
correlation-redis-set-cores2,pcm_imc,acts_read,SKT0CHAN1,32,2801946.0,events
correlation-redis-set-cores2,pcm_imc,acts_read,SKT0CHAN1,33,2796429.0,events
correlation-redis-set-cores2,pcm_imc,acts_read,SKT0CHAN1,34,2792331.0,events
correlation-redis-set-cores2,pcm_imc,acts_read,SKT0CHAN1,35,2800858.0,events
correlation-redis-set-cores2,pcm_imc,acts_read,SKT0CHAN1,36,2799588.0,events
correlation-redis-set-cores2,pcm_imc,acts_read,SKT0CHAN1,37,2797472.0,events
correlation-redis-set-cores2,pcm_imc,acts_read,SKT0CHAN1,38,2806647.0,events
correlation-redis-set-cores2,pcm_imc,acts_read,SKT0CHAN1,39,2807080.0,events
correlation-redis-set-cores2,pcm_imc,acts_read,SKT0CHAN1,40,2791221.0,events
correlation-redis-set-cores2,pcm_imc,acts_read,SKT0CHAN1,41,2810169.0,events
correlation-redis-set-cores2,pcm_imc,acts_read,SKT0CHAN1,42,2811374.0,events
correlation-redis-set-cores2,pcm_imc,acts_read,SKT0CHAN1,43,2796446.0,events
correlation-redis-set-cores2,pcm_imc,acts_read,SKT0CHAN1,44,2845720.0,events
correlation-redis-set-cores2,pcm_imc,acts_read,SKT0CHAN1,45,2815032.0,events
correlation-redis-set-cores2,pcm_imc,acts_read,SKT0CHAN1,46,2841530.0,events
correlation-redis-set-cores2,pcm_imc,acts_read,SKT0CHAN1,47,2855984.0,events
correlation-redis-set-cores2,pcm_imc,acts_read,SKT0CHAN1,48,2909915.0,events
correlation-redis-set-cores2,pcm_imc,acts_read,SKT0CHAN1,49,2805980.0,events
correlation-redis-set-cores2,pcm_imc,acts_read,SKT0CHAN1,50,2891905.0,events
correlation-redis-set-cores2,pcm_imc,acts_read,SKT0CHAN1,51,2813805.0,events
correlation-redis-set-cores2,pcm_imc,acts_read,SKT0CHAN1,52,2799525.0,events
correlation-redis-set-cores2,pcm_imc,acts_read,SKT0CHAN1,53,2801651.0,events
correlation-redis-set-cores2,pcm_imc,acts_read,SKT0CHAN1,54,2808241.0,events
correlation-redis-set-cores2,pcm_imc,acts_read,SKT0CHAN1,55,2800019.0,events
correlation-redis-set-cores2,pcm_imc,acts_read,SKT0CHAN1,56,2801856.0,events
correlation-redis-set-cores2,pcm_imc,acts_read,SKT0CHAN1,57,2808822.0,events
correlation-redis-set-cores2,pcm_imc,acts_read,SKT0CHAN1,58,2817215.0,events
correlation-redis-set-cores2,pcm_imc,acts_read,SKT0CHAN1,59,2807820.0,events
correlation-redis-set-cores2,pcm_imc,acts_read,SKT0CHAN2,0,2783093.0,events
correlation-redis-set-cores2,pcm_imc,acts_read,SKT0CHAN2,1,2850481.0,events
correlation-redis-set-cores2,pcm_imc,acts_read,SKT0CHAN2,2,2813246.0,events
correlation-redis-set-cores2,pcm_imc,acts_read,SKT0CHAN2,3,2784447.0,events
correlation-redis-set-cores2,pcm_imc,acts_read,SKT0CHAN2,4,2784957.0,events
correlation-redis-set-cores2,pcm_imc,acts_read,SKT0CHAN2,5,2789508.0,events
correlation-redis-set-cores2,pcm_imc,acts_read,SKT0CHAN2,6,2780650.0,events
correlation-redis-set-cores2,pcm_imc,acts_read,SKT0CHAN2,7,2777084.0,events
correlation-redis-set-cores2,pcm_imc,acts_read,SKT0CHAN2,8,2784077.0,events
correlation-redis-set-cores2,pcm_imc,acts_read,SKT0CHAN2,9,2779041.0,events
correlation-redis-set-cores2,pcm_imc,acts_read,SKT0CHAN2,10,2773627.0,events
correlation-redis-set-cores2,pcm_imc,acts_read,SKT0CHAN2,11,2783405.0,events
correlation-redis-set-cores2,pcm_imc,acts_read,SKT0CHAN2,12,2839712.0,events
correlation-redis-set-cores2,pcm_imc,acts_read,SKT0CHAN2,13,2779072.0,events
correlation-redis-set-cores2,pcm_imc,acts_read,SKT0CHAN2,14,2828846.0,events
correlation-redis-set-cores2,pcm_imc,acts_read,SKT0CHAN2,15,2887666.0,events
correlation-redis-set-cores2,pcm_imc,acts_read,SKT0CHAN2,16,2782913.0,events
correlation-redis-set-cores2,pcm_imc,acts_read,SKT0CHAN2,17,2788056.0,events
correlation-redis-set-cores2,pcm_imc,acts_read,SKT0CHAN2,18,2804142.0,events
correlation-redis-set-cores2,pcm_imc,acts_read,SKT0CHAN2,19,2792795.0,events
correlation-redis-set-cores2,pcm_imc,acts_read,SKT0CHAN2,20,2869858.0,events
correlation-redis-set-cores2,pcm_imc,acts_read,SKT0CHAN2,21,2791149.0,events
correlation-redis-set-cores2,pcm_imc,acts_read,SKT0CHAN2,22,2808620.0,events
correlation-redis-set-cores2,pcm_imc,acts_read,SKT0CHAN2,23,2800325.0,events
correlation-redis-set-cores2,pcm_imc,acts_read,SKT0CHAN2,24,2789352.0,events
correlation-redis-set-cores2,pcm_imc,acts_read,SKT0CHAN2,25,2803856.0,events
correlation-redis-set-cores2,pcm_imc,acts_read,SKT0CHAN2,26,2800947.0,events
correlation-redis-set-cores2,pcm_imc,acts_read,SKT0CHAN2,27,2801566.0,events
correlation-redis-set-cores2,pcm_imc,acts_read,SKT0CHAN2,28,2786089.0,events
correlation-redis-set-cores2,pcm_imc,acts_read,SKT0CHAN2,29,2799047.0,events
correlation-redis-set-cores2,pcm_imc,acts_read,SKT0CHAN2,30,2817231.0,events
correlation-redis-set-cores2,pcm_imc,acts_read,SKT0CHAN2,31,2793257.0,events
correlation-redis-set-cores2,pcm_imc,acts_read,SKT0CHAN2,32,2790785.0,events
correlation-redis-set-cores2,pcm_imc,acts_read,SKT0CHAN2,33,2781826.0,events
correlation-redis-set-cores2,pcm_imc,acts_read,SKT0CHAN2,34,2777467.0,events
correlation-redis-set-cores2,pcm_imc,acts_read,SKT0CHAN2,35,2780740.0,events
correlation-redis-set-cores2,pcm_imc,acts_read,SKT0CHAN2,36,2779110.0,events
correlation-redis-set-cores2,pcm_imc,acts_read,SKT0CHAN2,37,2784377.0,events
correlation-redis-set-cores2,pcm_imc,acts_read,SKT0CHAN2,38,2792471.0,events
correlation-redis-set-cores2,pcm_imc,acts_read,SKT0CHAN2,39,2788740.0,events
correlation-redis-set-cores2,pcm_imc,acts_read,SKT0CHAN2,40,2784114.0,events
correlation-redis-set-cores2,pcm_imc,acts_read,SKT0CHAN2,41,2790163.0,events
correlation-redis-set-cores2,pcm_imc,acts_read,SKT0CHAN2,42,2801016.0,events
correlation-redis-set-cores2,pcm_imc,acts_read,SKT0CHAN2,43,2786890.0,events
correlation-redis-set-cores2,pcm_imc,acts_read,SKT0CHAN2,44,2830288.0,events
correlation-redis-set-cores2,pcm_imc,acts_read,SKT0CHAN2,45,2798687.0,events
correlation-redis-set-cores2,pcm_imc,acts_read,SKT0CHAN2,46,2823870.0,events
correlation-redis-set-cores2,pcm_imc,acts_read,SKT0CHAN2,47,2836418.0,events
correlation-redis-set-cores2,pcm_imc,acts_read,SKT0CHAN2,48,2899721.0,events
correlation-redis-set-cores2,pcm_imc,acts_read,SKT0CHAN2,49,2790712.0,events
correlation-redis-set-cores2,pcm_imc,acts_read,SKT0CHAN2,50,2876728.0,events
correlation-redis-set-cores2,pcm_imc,acts_read,SKT0CHAN2,51,2798135.0,events
correlation-redis-set-cores2,pcm_imc,acts_read,SKT0CHAN2,52,2795023.0,events
correlation-redis-set-cores2,pcm_imc,acts_read,SKT0CHAN2,53,2797156.0,events
correlation-redis-set-cores2,pcm_imc,acts_read,SKT0CHAN2,54,2794942.0,events
correlation-redis-set-cores2,pcm_imc,acts_read,SKT0CHAN2,55,2789573.0,events
correlation-redis-set-cores2,pcm_imc,acts_read,SKT0CHAN2,56,2786378.0,events
correlation-redis-set-cores2,pcm_imc,acts_read,SKT0CHAN2,57,2790838.0,events
correlation-redis-set-cores2,pcm_imc,acts_read,SKT0CHAN2,58,2807427.0,events
correlation-redis-set-cores2,pcm_imc,acts_read,SKT0CHAN2,59,2789538.0,events
correlation-redis-set-cores2,pcm_imc,acts_read,SKT0CHAN3,0,2795191.0,events
correlation-redis-set-cores2,pcm_imc,acts_read,SKT0CHAN3,1,2858916.0,events
correlation-redis-set-cores2,pcm_imc,acts_read,SKT0CHAN3,2,2825483.0,events
correlation-redis-set-cores2,pcm_imc,acts_read,SKT0CHAN3,3,2790546.0,events
correlation-redis-set-cores2,pcm_imc,acts_read,SKT0CHAN3,4,2791766.0,events
correlation-redis-set-cores2,pcm_imc,acts_read,SKT0CHAN3,5,2795633.0,events
correlation-redis-set-cores2,pcm_imc,acts_read,SKT0CHAN3,6,2787259.0,events
correlation-redis-set-cores2,pcm_imc,acts_read,SKT0CHAN3,7,2789762.0,events
correlation-redis-set-cores2,pcm_imc,acts_read,SKT0CHAN3,8,2795722.0,events
correlation-redis-set-cores2,pcm_imc,acts_read,SKT0CHAN3,9,2789172.0,events
correlation-redis-set-cores2,pcm_imc,acts_read,SKT0CHAN3,10,2784937.0,events
correlation-redis-set-cores2,pcm_imc,acts_read,SKT0CHAN3,11,2788589.0,events
correlation-redis-set-cores2,pcm_imc,acts_read,SKT0CHAN3,12,2847768.0,events
correlation-redis-set-cores2,pcm_imc,acts_read,SKT0CHAN3,13,2791592.0,events
correlation-redis-set-cores2,pcm_imc,acts_read,SKT0CHAN3,14,2841419.0,events
correlation-redis-set-cores2,pcm_imc,acts_read,SKT0CHAN3,15,2901629.0,events
correlation-redis-set-cores2,pcm_imc,acts_read,SKT0CHAN3,16,2794335.0,events
correlation-redis-set-cores2,pcm_imc,acts_read,SKT0CHAN3,17,2791578.0,events
correlation-redis-set-cores2,pcm_imc,acts_read,SKT0CHAN3,18,2813252.0,events
correlation-redis-set-cores2,pcm_imc,acts_read,SKT0CHAN3,19,2799503.0,events
correlation-redis-set-cores2,pcm_imc,acts_read,SKT0CHAN3,20,2882142.0,events
correlation-redis-set-cores2,pcm_imc,acts_read,SKT0CHAN3,21,2805762.0,events
correlation-redis-set-cores2,pcm_imc,acts_read,SKT0CHAN3,22,2816204.0,events
correlation-redis-set-cores2,pcm_imc,acts_read,SKT0CHAN3,23,2806626.0,events
correlation-redis-set-cores2,pcm_imc,acts_read,SKT0CHAN3,24,2798416.0,events
correlation-redis-set-cores2,pcm_imc,acts_read,SKT0CHAN3,25,2815521.0,events
correlation-redis-set-cores2,pcm_imc,acts_read,SKT0CHAN3,26,2812912.0,events
correlation-redis-set-cores2,pcm_imc,acts_read,SKT0CHAN3,27,2810652.0,events
correlation-redis-set-cores2,pcm_imc,acts_read,SKT0CHAN3,28,2796580.0,events
correlation-redis-set-cores2,pcm_imc,acts_read,SKT0CHAN3,29,2813275.0,events
correlation-redis-set-cores2,pcm_imc,acts_read,SKT0CHAN3,30,2827952.0,events
correlation-redis-set-cores2,pcm_imc,acts_read,SKT0CHAN3,31,2804847.0,events
correlation-redis-set-cores2,pcm_imc,acts_read,SKT0CHAN3,32,2802763.0,events
correlation-redis-set-cores2,pcm_imc,acts_read,SKT0CHAN3,33,2792276.0,events
correlation-redis-set-cores2,pcm_imc,acts_read,SKT0CHAN3,34,2789361.0,events
correlation-redis-set-cores2,pcm_imc,acts_read,SKT0CHAN3,35,2794077.0,events
correlation-redis-set-cores2,pcm_imc,acts_read,SKT0CHAN3,36,2793316.0,events
correlation-redis-set-cores2,pcm_imc,acts_read,SKT0CHAN3,37,2793660.0,events
correlation-redis-set-cores2,pcm_imc,acts_read,SKT0CHAN3,38,2806193.0,events
correlation-redis-set-cores2,pcm_imc,acts_read,SKT0CHAN3,39,2799902.0,events
correlation-redis-set-cores2,pcm_imc,acts_read,SKT0CHAN3,40,2794818.0,events
correlation-redis-set-cores2,pcm_imc,acts_read,SKT0CHAN3,41,2802218.0,events
correlation-redis-set-cores2,pcm_imc,acts_read,SKT0CHAN3,42,2814686.0,events
correlation-redis-set-cores2,pcm_imc,acts_read,SKT0CHAN3,43,2797215.0,events
correlation-redis-set-cores2,pcm_imc,acts_read,SKT0CHAN3,44,2841089.0,events
correlation-redis-set-cores2,pcm_imc,acts_read,SKT0CHAN3,45,2808863.0,events
correlation-redis-set-cores2,pcm_imc,acts_read,SKT0CHAN3,46,2831145.0,events
correlation-redis-set-cores2,pcm_imc,acts_read,SKT0CHAN3,47,2847338.0,events
correlation-redis-set-cores2,pcm_imc,acts_read,SKT0CHAN3,48,2906155.0,events
correlation-redis-set-cores2,pcm_imc,acts_read,SKT0CHAN3,49,2801512.0,events
correlation-redis-set-cores2,pcm_imc,acts_read,SKT0CHAN3,50,2883855.0,events
correlation-redis-set-cores2,pcm_imc,acts_read,SKT0CHAN3,51,2812229.0,events
correlation-redis-set-cores2,pcm_imc,acts_read,SKT0CHAN3,52,2804497.0,events
correlation-redis-set-cores2,pcm_imc,acts_read,SKT0CHAN3,53,2800782.0,events
correlation-redis-set-cores2,pcm_imc,acts_read,SKT0CHAN3,54,2802935.0,events
correlation-redis-set-cores2,pcm_imc,acts_read,SKT0CHAN3,55,2801263.0,events
correlation-redis-set-cores2,pcm_imc,acts_read,SKT0CHAN3,56,2794078.0,events
correlation-redis-set-cores2,pcm_imc,acts_read,SKT0CHAN3,57,2798521.0,events
correlation-redis-set-cores2,pcm_imc,acts_read,SKT0CHAN3,58,2814402.0,events
correlation-redis-set-cores2,pcm_imc,acts_read,SKT0CHAN3,59,2798608.0,events
correlation-redis-set-cores2,pcm_imc,acts_read,SKT0CHAN4,0,2785667.0,events
correlation-redis-set-cores2,pcm_imc,acts_read,SKT0CHAN4,1,2849377.0,events
correlation-redis-set-cores2,pcm_imc,acts_read,SKT0CHAN4,2,2814015.0,events
correlation-redis-set-cores2,pcm_imc,acts_read,SKT0CHAN4,3,2783564.0,events
correlation-redis-set-cores2,pcm_imc,acts_read,SKT0CHAN4,4,2784354.0,events
correlation-redis-set-cores2,pcm_imc,acts_read,SKT0CHAN4,5,2788908.0,events
correlation-redis-set-cores2,pcm_imc,acts_read,SKT0CHAN4,6,2779680.0,events
correlation-redis-set-cores2,pcm_imc,acts_read,SKT0CHAN4,7,2778741.0,events
correlation-redis-set-cores2,pcm_imc,acts_read,SKT0CHAN4,8,2784639.0,events
correlation-redis-set-cores2,pcm_imc,acts_read,SKT0CHAN4,9,2779097.0,events
correlation-redis-set-cores2,pcm_imc,acts_read,SKT0CHAN4,10,2776997.0,events
correlation-redis-set-cores2,pcm_imc,acts_read,SKT0CHAN4,11,2781764.0,events
correlation-redis-set-cores2,pcm_imc,acts_read,SKT0CHAN4,12,2840582.0,events
correlation-redis-set-cores2,pcm_imc,acts_read,SKT0CHAN4,13,2780156.0,events
correlation-redis-set-cores2,pcm_imc,acts_read,SKT0CHAN4,14,2830811.0,events
correlation-redis-set-cores2,pcm_imc,acts_read,SKT0CHAN4,15,2891317.0,events
correlation-redis-set-cores2,pcm_imc,acts_read,SKT0CHAN4,16,2786592.0,events
correlation-redis-set-cores2,pcm_imc,acts_read,SKT0CHAN4,17,2787269.0,events
correlation-redis-set-cores2,pcm_imc,acts_read,SKT0CHAN4,18,2804211.0,events
correlation-redis-set-cores2,pcm_imc,acts_read,SKT0CHAN4,19,2791138.0,events
correlation-redis-set-cores2,pcm_imc,acts_read,SKT0CHAN4,20,2870422.0,events
correlation-redis-set-cores2,pcm_imc,acts_read,SKT0CHAN4,21,2794603.0,events
correlation-redis-set-cores2,pcm_imc,acts_read,SKT0CHAN4,22,2808805.0,events
correlation-redis-set-cores2,pcm_imc,acts_read,SKT0CHAN4,23,2795773.0,events
correlation-redis-set-cores2,pcm_imc,acts_read,SKT0CHAN4,24,2788313.0,events
correlation-redis-set-cores2,pcm_imc,acts_read,SKT0CHAN4,25,2803266.0,events
correlation-redis-set-cores2,pcm_imc,acts_read,SKT0CHAN4,26,2805668.0,events
correlation-redis-set-cores2,pcm_imc,acts_read,SKT0CHAN4,27,2802257.0,events
correlation-redis-set-cores2,pcm_imc,acts_read,SKT0CHAN4,28,2783118.0,events
correlation-redis-set-cores2,pcm_imc,acts_read,SKT0CHAN4,29,2799601.0,events
correlation-redis-set-cores2,pcm_imc,acts_read,SKT0CHAN4,30,2816673.0,events
correlation-redis-set-cores2,pcm_imc,acts_read,SKT0CHAN4,31,2796961.0,events
correlation-redis-set-cores2,pcm_imc,acts_read,SKT0CHAN4,32,2791137.0,events
correlation-redis-set-cores2,pcm_imc,acts_read,SKT0CHAN4,33,2783208.0,events
correlation-redis-set-cores2,pcm_imc,acts_read,SKT0CHAN4,34,2781361.0,events
correlation-redis-set-cores2,pcm_imc,acts_read,SKT0CHAN4,35,2781514.0,events
correlation-redis-set-cores2,pcm_imc,acts_read,SKT0CHAN4,36,2782970.0,events
correlation-redis-set-cores2,pcm_imc,acts_read,SKT0CHAN4,37,2787810.0,events
correlation-redis-set-cores2,pcm_imc,acts_read,SKT0CHAN4,38,2794709.0,events
correlation-redis-set-cores2,pcm_imc,acts_read,SKT0CHAN4,39,2792213.0,events
correlation-redis-set-cores2,pcm_imc,acts_read,SKT0CHAN4,40,2790140.0,events
correlation-redis-set-cores2,pcm_imc,acts_read,SKT0CHAN4,41,2796350.0,events
correlation-redis-set-cores2,pcm_imc,acts_read,SKT0CHAN4,42,2807039.0,events
correlation-redis-set-cores2,pcm_imc,acts_read,SKT0CHAN4,43,2789336.0,events
correlation-redis-set-cores2,pcm_imc,acts_read,SKT0CHAN4,44,2829580.0,events
correlation-redis-set-cores2,pcm_imc,acts_read,SKT0CHAN4,45,2800634.0,events
correlation-redis-set-cores2,pcm_imc,acts_read,SKT0CHAN4,46,2823922.0,events
correlation-redis-set-cores2,pcm_imc,acts_read,SKT0CHAN4,47,2839231.0,events
correlation-redis-set-cores2,pcm_imc,acts_read,SKT0CHAN4,48,2898711.0,events
correlation-redis-set-cores2,pcm_imc,acts_read,SKT0CHAN4,49,2793123.0,events
correlation-redis-set-cores2,pcm_imc,acts_read,SKT0CHAN4,50,2874680.0,events
correlation-redis-set-cores2,pcm_imc,acts_read,SKT0CHAN4,51,2800263.0,events
correlation-redis-set-cores2,pcm_imc,acts_read,SKT0CHAN4,52,2794243.0,events
correlation-redis-set-cores2,pcm_imc,acts_read,SKT0CHAN4,53,2792632.0,events
correlation-redis-set-cores2,pcm_imc,acts_read,SKT0CHAN4,54,2796623.0,events
correlation-redis-set-cores2,pcm_imc,acts_read,SKT0CHAN4,55,2788331.0,events
correlation-redis-set-cores2,pcm_imc,acts_read,SKT0CHAN4,56,2787987.0,events
correlation-redis-set-cores2,pcm_imc,acts_read,SKT0CHAN4,57,2790844.0,events
correlation-redis-set-cores2,pcm_imc,acts_read,SKT0CHAN4,58,2806422.0,events
correlation-redis-set-cores2,pcm_imc,acts_read,SKT0CHAN4,59,2792693.0,events
correlation-redis-set-cores2,pcm_imc,acts_read,SKT0CHAN5,0,2787930.0,events
correlation-redis-set-cores2,pcm_imc,acts_read,SKT0CHAN5,1,2849554.0,events
correlation-redis-set-cores2,pcm_imc,acts_read,SKT0CHAN5,2,2815556.0,events
correlation-redis-set-cores2,pcm_imc,acts_read,SKT0CHAN5,3,2782936.0,events
correlation-redis-set-cores2,pcm_imc,acts_read,SKT0CHAN5,4,2780195.0,events
correlation-redis-set-cores2,pcm_imc,acts_read,SKT0CHAN5,5,2788482.0,events
correlation-redis-set-cores2,pcm_imc,acts_read,SKT0CHAN5,6,2777895.0,events
correlation-redis-set-cores2,pcm_imc,acts_read,SKT0CHAN5,7,2780792.0,events
correlation-redis-set-cores2,pcm_imc,acts_read,SKT0CHAN5,8,2783366.0,events
correlation-redis-set-cores2,pcm_imc,acts_read,SKT0CHAN5,9,2780900.0,events
correlation-redis-set-cores2,pcm_imc,acts_read,SKT0CHAN5,10,2776273.0,events
correlation-redis-set-cores2,pcm_imc,acts_read,SKT0CHAN5,11,2779912.0,events
correlation-redis-set-cores2,pcm_imc,acts_read,SKT0CHAN5,12,2837422.0,events
correlation-redis-set-cores2,pcm_imc,acts_read,SKT0CHAN5,13,2779600.0,events
correlation-redis-set-cores2,pcm_imc,acts_read,SKT0CHAN5,14,2828677.0,events
correlation-redis-set-cores2,pcm_imc,acts_read,SKT0CHAN5,15,2887553.0,events
correlation-redis-set-cores2,pcm_imc,acts_read,SKT0CHAN5,16,2785964.0,events
correlation-redis-set-cores2,pcm_imc,acts_read,SKT0CHAN5,17,2787448.0,events
correlation-redis-set-cores2,pcm_imc,acts_read,SKT0CHAN5,18,2807706.0,events
correlation-redis-set-cores2,pcm_imc,acts_read,SKT0CHAN5,19,2792753.0,events
correlation-redis-set-cores2,pcm_imc,acts_read,SKT0CHAN5,20,2870452.0,events
correlation-redis-set-cores2,pcm_imc,acts_read,SKT0CHAN5,21,2793923.0,events
correlation-redis-set-cores2,pcm_imc,acts_read,SKT0CHAN5,22,2807473.0,events
correlation-redis-set-cores2,pcm_imc,acts_read,SKT0CHAN5,23,2794356.0,events
correlation-redis-set-cores2,pcm_imc,acts_read,SKT0CHAN5,24,2792681.0,events
correlation-redis-set-cores2,pcm_imc,acts_read,SKT0CHAN5,25,2807453.0,events
correlation-redis-set-cores2,pcm_imc,acts_read,SKT0CHAN5,26,2804606.0,events
correlation-redis-set-cores2,pcm_imc,acts_read,SKT0CHAN5,27,2801811.0,events
correlation-redis-set-cores2,pcm_imc,acts_read,SKT0CHAN5,28,2787061.0,events
correlation-redis-set-cores2,pcm_imc,acts_read,SKT0CHAN5,29,2803822.0,events
correlation-redis-set-cores2,pcm_imc,acts_read,SKT0CHAN5,30,2819337.0,events
correlation-redis-set-cores2,pcm_imc,acts_read,SKT0CHAN5,31,2791733.0,events
correlation-redis-set-cores2,pcm_imc,acts_read,SKT0CHAN5,32,2793627.0,events
correlation-redis-set-cores2,pcm_imc,acts_read,SKT0CHAN5,33,2781188.0,events
correlation-redis-set-cores2,pcm_imc,acts_read,SKT0CHAN5,34,2780817.0,events
correlation-redis-set-cores2,pcm_imc,acts_read,SKT0CHAN5,35,2784232.0,events
correlation-redis-set-cores2,pcm_imc,acts_read,SKT0CHAN5,36,2786782.0,events
correlation-redis-set-cores2,pcm_imc,acts_read,SKT0CHAN5,37,2786820.0,events
correlation-redis-set-cores2,pcm_imc,acts_read,SKT0CHAN5,38,2792755.0,events
correlation-redis-set-cores2,pcm_imc,acts_read,SKT0CHAN5,39,2786582.0,events
correlation-redis-set-cores2,pcm_imc,acts_read,SKT0CHAN5,40,2782818.0,events
correlation-redis-set-cores2,pcm_imc,acts_read,SKT0CHAN5,41,2794940.0,events
correlation-redis-set-cores2,pcm_imc,acts_read,SKT0CHAN5,42,2801966.0,events
correlation-redis-set-cores2,pcm_imc,acts_read,SKT0CHAN5,43,2786485.0,events
correlation-redis-set-cores2,pcm_imc,acts_read,SKT0CHAN5,44,2832250.0,events
correlation-redis-set-cores2,pcm_imc,acts_read,SKT0CHAN5,45,2798644.0,events
correlation-redis-set-cores2,pcm_imc,acts_read,SKT0CHAN5,46,2822770.0,events
correlation-redis-set-cores2,pcm_imc,acts_read,SKT0CHAN5,47,2833624.0,events
correlation-redis-set-cores2,pcm_imc,acts_read,SKT0CHAN5,48,2901241.0,events
correlation-redis-set-cores2,pcm_imc,acts_read,SKT0CHAN5,49,2791335.0,events
correlation-redis-set-cores2,pcm_imc,acts_read,SKT0CHAN5,50,2874900.0,events
correlation-redis-set-cores2,pcm_imc,acts_read,SKT0CHAN5,51,2803180.0,events
correlation-redis-set-cores2,pcm_imc,acts_read,SKT0CHAN5,52,2792911.0,events
correlation-redis-set-cores2,pcm_imc,acts_read,SKT0CHAN5,53,2792384.0,events
correlation-redis-set-cores2,pcm_imc,acts_read,SKT0CHAN5,54,2793543.0,events
correlation-redis-set-cores2,pcm_imc,acts_read,SKT0CHAN5,55,2788061.0,events
correlation-redis-set-cores2,pcm_imc,acts_read,SKT0CHAN5,56,2784349.0,events
correlation-redis-set-cores2,pcm_imc,acts_read,SKT0CHAN5,57,2791179.0,events
correlation-redis-set-cores2,pcm_imc,acts_read,SKT0CHAN5,58,2803454.0,events
correlation-redis-set-cores2,pcm_imc,acts_read,SKT0CHAN5,59,2786945.0,events
correlation-redis-set-cores2,pcm_imc,acts_read,SKT0CHAN6,0,2785057.0,events
correlation-redis-set-cores2,pcm_imc,acts_read,SKT0CHAN6,1,2845440.0,events
correlation-redis-set-cores2,pcm_imc,acts_read,SKT0CHAN6,2,2814747.0,events
correlation-redis-set-cores2,pcm_imc,acts_read,SKT0CHAN6,3,2780406.0,events
correlation-redis-set-cores2,pcm_imc,acts_read,SKT0CHAN6,4,2776909.0,events
correlation-redis-set-cores2,pcm_imc,acts_read,SKT0CHAN6,5,2782583.0,events
correlation-redis-set-cores2,pcm_imc,acts_read,SKT0CHAN6,6,2775802.0,events
correlation-redis-set-cores2,pcm_imc,acts_read,SKT0CHAN6,7,2778367.0,events
correlation-redis-set-cores2,pcm_imc,acts_read,SKT0CHAN6,8,2787833.0,events
correlation-redis-set-cores2,pcm_imc,acts_read,SKT0CHAN6,9,2775122.0,events
correlation-redis-set-cores2,pcm_imc,acts_read,SKT0CHAN6,10,2773675.0,events
correlation-redis-set-cores2,pcm_imc,acts_read,SKT0CHAN6,11,2777668.0,events
correlation-redis-set-cores2,pcm_imc,acts_read,SKT0CHAN6,12,2835595.0,events
correlation-redis-set-cores2,pcm_imc,acts_read,SKT0CHAN6,13,2780609.0,events
correlation-redis-set-cores2,pcm_imc,acts_read,SKT0CHAN6,14,2833970.0,events
correlation-redis-set-cores2,pcm_imc,acts_read,SKT0CHAN6,15,2889140.0,events
correlation-redis-set-cores2,pcm_imc,acts_read,SKT0CHAN6,16,2786982.0,events
correlation-redis-set-cores2,pcm_imc,acts_read,SKT0CHAN6,17,2788636.0,events
correlation-redis-set-cores2,pcm_imc,acts_read,SKT0CHAN6,18,2796440.0,events
correlation-redis-set-cores2,pcm_imc,acts_read,SKT0CHAN6,19,2791093.0,events
correlation-redis-set-cores2,pcm_imc,acts_read,SKT0CHAN6,20,2873977.0,events
correlation-redis-set-cores2,pcm_imc,acts_read,SKT0CHAN6,21,2796585.0,events
correlation-redis-set-cores2,pcm_imc,acts_read,SKT0CHAN6,22,2803695.0,events
correlation-redis-set-cores2,pcm_imc,acts_read,SKT0CHAN6,23,2799859.0,events
correlation-redis-set-cores2,pcm_imc,acts_read,SKT0CHAN6,24,2792023.0,events
correlation-redis-set-cores2,pcm_imc,acts_read,SKT0CHAN6,25,2805851.0,events
correlation-redis-set-cores2,pcm_imc,acts_read,SKT0CHAN6,26,2802970.0,events
correlation-redis-set-cores2,pcm_imc,acts_read,SKT0CHAN6,27,2803276.0,events
correlation-redis-set-cores2,pcm_imc,acts_read,SKT0CHAN6,28,2793124.0,events
correlation-redis-set-cores2,pcm_imc,acts_read,SKT0CHAN6,29,2805473.0,events
correlation-redis-set-cores2,pcm_imc,acts_read,SKT0CHAN6,30,2816438.0,events
correlation-redis-set-cores2,pcm_imc,acts_read,SKT0CHAN6,31,2788426.0,events
correlation-redis-set-cores2,pcm_imc,acts_read,SKT0CHAN6,32,2789652.0,events
correlation-redis-set-cores2,pcm_imc,acts_read,SKT0CHAN6,33,2777881.0,events
correlation-redis-set-cores2,pcm_imc,acts_read,SKT0CHAN6,34,2779064.0,events
correlation-redis-set-cores2,pcm_imc,acts_read,SKT0CHAN6,35,2790665.0,events
correlation-redis-set-cores2,pcm_imc,acts_read,SKT0CHAN6,36,2784098.0,events
correlation-redis-set-cores2,pcm_imc,acts_read,SKT0CHAN6,37,2779927.0,events
correlation-redis-set-cores2,pcm_imc,acts_read,SKT0CHAN6,38,2794106.0,events
correlation-redis-set-cores2,pcm_imc,acts_read,SKT0CHAN6,39,2791274.0,events
correlation-redis-set-cores2,pcm_imc,acts_read,SKT0CHAN6,40,2786182.0,events
correlation-redis-set-cores2,pcm_imc,acts_read,SKT0CHAN6,41,2795851.0,events
correlation-redis-set-cores2,pcm_imc,acts_read,SKT0CHAN6,42,2796237.0,events
correlation-redis-set-cores2,pcm_imc,acts_read,SKT0CHAN6,43,2786992.0,events
correlation-redis-set-cores2,pcm_imc,acts_read,SKT0CHAN6,44,2835207.0,events
correlation-redis-set-cores2,pcm_imc,acts_read,SKT0CHAN6,45,2799448.0,events
correlation-redis-set-cores2,pcm_imc,acts_read,SKT0CHAN6,46,2825284.0,events
correlation-redis-set-cores2,pcm_imc,acts_read,SKT0CHAN6,47,2836782.0,events
correlation-redis-set-cores2,pcm_imc,acts_read,SKT0CHAN6,48,2901518.0,events
correlation-redis-set-cores2,pcm_imc,acts_read,SKT0CHAN6,49,2794077.0,events
correlation-redis-set-cores2,pcm_imc,acts_read,SKT0CHAN6,50,2878736.0,events
correlation-redis-set-cores2,pcm_imc,acts_read,SKT0CHAN6,51,2801059.0,events
correlation-redis-set-cores2,pcm_imc,acts_read,SKT0CHAN6,52,2786798.0,events
correlation-redis-set-cores2,pcm_imc,acts_read,SKT0CHAN6,53,2784373.0,events
correlation-redis-set-cores2,pcm_imc,acts_read,SKT0CHAN6,54,2792718.0,events
correlation-redis-set-cores2,pcm_imc,acts_read,SKT0CHAN6,55,2787358.0,events
correlation-redis-set-cores2,pcm_imc,acts_read,SKT0CHAN6,56,2784871.0,events
correlation-redis-set-cores2,pcm_imc,acts_read,SKT0CHAN6,57,2788094.0,events
correlation-redis-set-cores2,pcm_imc,acts_read,SKT0CHAN6,58,2803004.0,events
correlation-redis-set-cores2,pcm_imc,acts_read,SKT0CHAN6,59,2791809.0,events
correlation-redis-set-cores2,pcm_imc,acts_read,SKT0CHAN7,0,2786142.0,events
correlation-redis-set-cores2,pcm_imc,acts_read,SKT0CHAN7,1,2845418.0,events
correlation-redis-set-cores2,pcm_imc,acts_read,SKT0CHAN7,2,2816671.0,events
correlation-redis-set-cores2,pcm_imc,acts_read,SKT0CHAN7,3,2780935.0,events
correlation-redis-set-cores2,pcm_imc,acts_read,SKT0CHAN7,4,2776675.0,events
correlation-redis-set-cores2,pcm_imc,acts_read,SKT0CHAN7,5,2787547.0,events
correlation-redis-set-cores2,pcm_imc,acts_read,SKT0CHAN7,6,2779188.0,events
correlation-redis-set-cores2,pcm_imc,acts_read,SKT0CHAN7,7,2781492.0,events
correlation-redis-set-cores2,pcm_imc,acts_read,SKT0CHAN7,8,2787930.0,events
correlation-redis-set-cores2,pcm_imc,acts_read,SKT0CHAN7,9,2779227.0,events
correlation-redis-set-cores2,pcm_imc,acts_read,SKT0CHAN7,10,2776276.0,events
correlation-redis-set-cores2,pcm_imc,acts_read,SKT0CHAN7,11,2784397.0,events
correlation-redis-set-cores2,pcm_imc,acts_read,SKT0CHAN7,12,2837776.0,events
correlation-redis-set-cores2,pcm_imc,acts_read,SKT0CHAN7,13,2783161.0,events
correlation-redis-set-cores2,pcm_imc,acts_read,SKT0CHAN7,14,2832497.0,events
correlation-redis-set-cores2,pcm_imc,acts_read,SKT0CHAN7,15,2888506.0,events
correlation-redis-set-cores2,pcm_imc,acts_read,SKT0CHAN7,16,2792129.0,events
correlation-redis-set-cores2,pcm_imc,acts_read,SKT0CHAN7,17,2788279.0,events
correlation-redis-set-cores2,pcm_imc,acts_read,SKT0CHAN7,18,2801685.0,events
correlation-redis-set-cores2,pcm_imc,acts_read,SKT0CHAN7,19,2793414.0,events
correlation-redis-set-cores2,pcm_imc,acts_read,SKT0CHAN7,20,2876207.0,events
correlation-redis-set-cores2,pcm_imc,acts_read,SKT0CHAN7,21,2794162.0,events
correlation-redis-set-cores2,pcm_imc,acts_read,SKT0CHAN7,22,2806525.0,events
correlation-redis-set-cores2,pcm_imc,acts_read,SKT0CHAN7,23,2800498.0,events
correlation-redis-set-cores2,pcm_imc,acts_read,SKT0CHAN7,24,2788437.0,events
correlation-redis-set-cores2,pcm_imc,acts_read,SKT0CHAN7,25,2808112.0,events
correlation-redis-set-cores2,pcm_imc,acts_read,SKT0CHAN7,26,2807961.0,events
correlation-redis-set-cores2,pcm_imc,acts_read,SKT0CHAN7,27,2803345.0,events
correlation-redis-set-cores2,pcm_imc,acts_read,SKT0CHAN7,28,2792967.0,events
correlation-redis-set-cores2,pcm_imc,acts_read,SKT0CHAN7,29,2806930.0,events
correlation-redis-set-cores2,pcm_imc,acts_read,SKT0CHAN7,30,2817024.0,events
correlation-redis-set-cores2,pcm_imc,acts_read,SKT0CHAN7,31,2793916.0,events
correlation-redis-set-cores2,pcm_imc,acts_read,SKT0CHAN7,32,2792091.0,events
correlation-redis-set-cores2,pcm_imc,acts_read,SKT0CHAN7,33,2783677.0,events
correlation-redis-set-cores2,pcm_imc,acts_read,SKT0CHAN7,34,2780633.0,events
correlation-redis-set-cores2,pcm_imc,acts_read,SKT0CHAN7,35,2791684.0,events
correlation-redis-set-cores2,pcm_imc,acts_read,SKT0CHAN7,36,2788172.0,events
correlation-redis-set-cores2,pcm_imc,acts_read,SKT0CHAN7,37,2784263.0,events
correlation-redis-set-cores2,pcm_imc,acts_read,SKT0CHAN7,38,2793473.0,events
correlation-redis-set-cores2,pcm_imc,acts_read,SKT0CHAN7,39,2793984.0,events
correlation-redis-set-cores2,pcm_imc,acts_read,SKT0CHAN7,40,2784890.0,events
correlation-redis-set-cores2,pcm_imc,acts_read,SKT0CHAN7,41,2796411.0,events
correlation-redis-set-cores2,pcm_imc,acts_read,SKT0CHAN7,42,2801566.0,events
correlation-redis-set-cores2,pcm_imc,acts_read,SKT0CHAN7,43,2786363.0,events
correlation-redis-set-cores2,pcm_imc,acts_read,SKT0CHAN7,44,2834724.0,events
correlation-redis-set-cores2,pcm_imc,acts_read,SKT0CHAN7,45,2804282.0,events
correlation-redis-set-cores2,pcm_imc,acts_read,SKT0CHAN7,46,2829793.0,events
correlation-redis-set-cores2,pcm_imc,acts_read,SKT0CHAN7,47,2839904.0,events
correlation-redis-set-cores2,pcm_imc,acts_read,SKT0CHAN7,48,2899939.0,events
correlation-redis-set-cores2,pcm_imc,acts_read,SKT0CHAN7,49,2796343.0,events
correlation-redis-set-cores2,pcm_imc,acts_read,SKT0CHAN7,50,2880536.0,events
correlation-redis-set-cores2,pcm_imc,acts_read,SKT0CHAN7,51,2801862.0,events
correlation-redis-set-cores2,pcm_imc,acts_read,SKT0CHAN7,52,2792922.0,events
correlation-redis-set-cores2,pcm_imc,acts_read,SKT0CHAN7,53,2790821.0,events
correlation-redis-set-cores2,pcm_imc,acts_read,SKT0CHAN7,54,2794054.0,events
correlation-redis-set-cores2,pcm_imc,acts_read,SKT0CHAN7,55,2787709.0,events
correlation-redis-set-cores2,pcm_imc,acts_read,SKT0CHAN7,56,2791565.0,events
correlation-redis-set-cores2,pcm_imc,acts_read,SKT0CHAN7,57,2793676.0,events
correlation-redis-set-cores2,pcm_imc,acts_read,SKT0CHAN7,58,2808968.0,events
correlation-redis-set-cores2,pcm_imc,acts_read,SKT0CHAN7,59,2793839.0,events
correlation-redis-set-cores2,pcm_imc,read_activations,SKT0CHAN0,0,3350545.0,events
correlation-redis-set-cores2,pcm_imc,read_activations,SKT0CHAN0,1,3406913.0,events
correlation-redis-set-cores2,pcm_imc,read_activations,SKT0CHAN0,2,3389013.0,events
correlation-redis-set-cores2,pcm_imc,read_activations,SKT0CHAN0,3,3344885.0,events
correlation-redis-set-cores2,pcm_imc,read_activations,SKT0CHAN0,4,3335837.0,events
correlation-redis-set-cores2,pcm_imc,read_activations,SKT0CHAN0,5,3344643.0,events
correlation-redis-set-cores2,pcm_imc,read_activations,SKT0CHAN0,6,3337543.0,events
correlation-redis-set-cores2,pcm_imc,read_activations,SKT0CHAN0,7,3346820.0,events
correlation-redis-set-cores2,pcm_imc,read_activations,SKT0CHAN0,8,3357077.0,events
correlation-redis-set-cores2,pcm_imc,read_activations,SKT0CHAN0,9,3341554.0,events
correlation-redis-set-cores2,pcm_imc,read_activations,SKT0CHAN0,10,3338177.0,events
correlation-redis-set-cores2,pcm_imc,read_activations,SKT0CHAN0,11,3339234.0,events
correlation-redis-set-cores2,pcm_imc,read_activations,SKT0CHAN0,12,3405694.0,events
correlation-redis-set-cores2,pcm_imc,read_activations,SKT0CHAN0,13,3341315.0,events
correlation-redis-set-cores2,pcm_imc,read_activations,SKT0CHAN0,14,3403746.0,events
correlation-redis-set-cores2,pcm_imc,read_activations,SKT0CHAN0,15,3473937.0,events
correlation-redis-set-cores2,pcm_imc,read_activations,SKT0CHAN0,16,3360476.0,events
correlation-redis-set-cores2,pcm_imc,read_activations,SKT0CHAN0,17,3362245.0,events
correlation-redis-set-cores2,pcm_imc,read_activations,SKT0CHAN0,18,3370124.0,events
correlation-redis-set-cores2,pcm_imc,read_activations,SKT0CHAN0,19,3358823.0,events
correlation-redis-set-cores2,pcm_imc,read_activations,SKT0CHAN0,20,3451026.0,events
correlation-redis-set-cores2,pcm_imc,read_activations,SKT0CHAN0,21,3362666.0,events
correlation-redis-set-cores2,pcm_imc,read_activations,SKT0CHAN0,22,3375962.0,events
correlation-redis-set-cores2,pcm_imc,read_activations,SKT0CHAN0,23,3379194.0,events
correlation-redis-set-cores2,pcm_imc,read_activations,SKT0CHAN0,24,3363053.0,events
correlation-redis-set-cores2,pcm_imc,read_activations,SKT0CHAN0,25,3376782.0,events
correlation-redis-set-cores2,pcm_imc,read_activations,SKT0CHAN0,26,3366523.0,events
correlation-redis-set-cores2,pcm_imc,read_activations,SKT0CHAN0,27,3361907.0,events
correlation-redis-set-cores2,pcm_imc,read_activations,SKT0CHAN0,28,3366068.0,events
correlation-redis-set-cores2,pcm_imc,read_activations,SKT0CHAN0,29,3376327.0,events
correlation-redis-set-cores2,pcm_imc,read_activations,SKT0CHAN0,30,3382741.0,events
correlation-redis-set-cores2,pcm_imc,read_activations,SKT0CHAN0,31,3349800.0,events
correlation-redis-set-cores2,pcm_imc,read_activations,SKT0CHAN0,32,3352669.0,events
correlation-redis-set-cores2,pcm_imc,read_activations,SKT0CHAN0,33,3344901.0,events
correlation-redis-set-cores2,pcm_imc,read_activations,SKT0CHAN0,34,3350906.0,events
correlation-redis-set-cores2,pcm_imc,read_activations,SKT0CHAN0,35,3359255.0,events
correlation-redis-set-cores2,pcm_imc,read_activations,SKT0CHAN0,36,3349073.0,events
correlation-redis-set-cores2,pcm_imc,read_activations,SKT0CHAN0,37,3351079.0,events
correlation-redis-set-cores2,pcm_imc,read_activations,SKT0CHAN0,38,3357994.0,events
correlation-redis-set-cores2,pcm_imc,read_activations,SKT0CHAN0,39,3365447.0,events
correlation-redis-set-cores2,pcm_imc,read_activations,SKT0CHAN0,40,3345973.0,events
correlation-redis-set-cores2,pcm_imc,read_activations,SKT0CHAN0,41,3362556.0,events
correlation-redis-set-cores2,pcm_imc,read_activations,SKT0CHAN0,42,3368724.0,events
correlation-redis-set-cores2,pcm_imc,read_activations,SKT0CHAN0,43,3356721.0,events
correlation-redis-set-cores2,pcm_imc,read_activations,SKT0CHAN0,44,3406236.0,events
correlation-redis-set-cores2,pcm_imc,read_activations,SKT0CHAN0,45,3370033.0,events
correlation-redis-set-cores2,pcm_imc,read_activations,SKT0CHAN0,46,3410112.0,events
correlation-redis-set-cores2,pcm_imc,read_activations,SKT0CHAN0,47,3420552.0,events
correlation-redis-set-cores2,pcm_imc,read_activations,SKT0CHAN0,48,3473034.0,events
correlation-redis-set-cores2,pcm_imc,read_activations,SKT0CHAN0,49,3353680.0,events
correlation-redis-set-cores2,pcm_imc,read_activations,SKT0CHAN0,50,3453602.0,events
correlation-redis-set-cores2,pcm_imc,read_activations,SKT0CHAN0,51,3362193.0,events
correlation-redis-set-cores2,pcm_imc,read_activations,SKT0CHAN0,52,3350961.0,events
correlation-redis-set-cores2,pcm_imc,read_activations,SKT0CHAN0,53,3349815.0,events
correlation-redis-set-cores2,pcm_imc,read_activations,SKT0CHAN0,54,3356558.0,events
correlation-redis-set-cores2,pcm_imc,read_activations,SKT0CHAN0,55,3352634.0,events
correlation-redis-set-cores2,pcm_imc,read_activations,SKT0CHAN0,56,3355147.0,events
correlation-redis-set-cores2,pcm_imc,read_activations,SKT0CHAN0,57,3358585.0,events
correlation-redis-set-cores2,pcm_imc,read_activations,SKT0CHAN0,58,3365276.0,events
correlation-redis-set-cores2,pcm_imc,read_activations,SKT0CHAN0,59,3357445.0,events
correlation-redis-set-cores2,pcm_imc,read_activations,SKT0CHAN1,0,3375562.0,events
correlation-redis-set-cores2,pcm_imc,read_activations,SKT0CHAN1,1,3436530.0,events
correlation-redis-set-cores2,pcm_imc,read_activations,SKT0CHAN1,2,3416809.0,events
correlation-redis-set-cores2,pcm_imc,read_activations,SKT0CHAN1,3,3375599.0,events
correlation-redis-set-cores2,pcm_imc,read_activations,SKT0CHAN1,4,3367035.0,events
correlation-redis-set-cores2,pcm_imc,read_activations,SKT0CHAN1,5,3374246.0,events
correlation-redis-set-cores2,pcm_imc,read_activations,SKT0CHAN1,6,3369717.0,events
correlation-redis-set-cores2,pcm_imc,read_activations,SKT0CHAN1,7,3370490.0,events
correlation-redis-set-cores2,pcm_imc,read_activations,SKT0CHAN1,8,3380393.0,events
correlation-redis-set-cores2,pcm_imc,read_activations,SKT0CHAN1,9,3374047.0,events
correlation-redis-set-cores2,pcm_imc,read_activations,SKT0CHAN1,10,3365876.0,events
correlation-redis-set-cores2,pcm_imc,read_activations,SKT0CHAN1,11,3369142.0,events
correlation-redis-set-cores2,pcm_imc,read_activations,SKT0CHAN1,12,3433271.0,events
correlation-redis-set-cores2,pcm_imc,read_activations,SKT0CHAN1,13,3378984.0,events
correlation-redis-set-cores2,pcm_imc,read_activations,SKT0CHAN1,14,3431769.0,events
correlation-redis-set-cores2,pcm_imc,read_activations,SKT0CHAN1,15,3490628.0,events
correlation-redis-set-cores2,pcm_imc,read_activations,SKT0CHAN1,16,3385672.0,events
correlation-redis-set-cores2,pcm_imc,read_activations,SKT0CHAN1,17,3383456.0,events
correlation-redis-set-cores2,pcm_imc,read_activations,SKT0CHAN1,18,3397039.0,events
correlation-redis-set-cores2,pcm_imc,read_activations,SKT0CHAN1,19,3378082.0,events
correlation-redis-set-cores2,pcm_imc,read_activations,SKT0CHAN1,20,3475511.0,events
correlation-redis-set-cores2,pcm_imc,read_activations,SKT0CHAN1,21,3392527.0,events
correlation-redis-set-cores2,pcm_imc,read_activations,SKT0CHAN1,22,3399660.0,events
correlation-redis-set-cores2,pcm_imc,read_activations,SKT0CHAN1,23,3401635.0,events
correlation-redis-set-cores2,pcm_imc,read_activations,SKT0CHAN1,24,3387318.0,events
correlation-redis-set-cores2,pcm_imc,read_activations,SKT0CHAN1,25,3405314.0,events
correlation-redis-set-cores2,pcm_imc,read_activations,SKT0CHAN1,26,3398255.0,events
correlation-redis-set-cores2,pcm_imc,read_activations,SKT0CHAN1,27,3395952.0,events
correlation-redis-set-cores2,pcm_imc,read_activations,SKT0CHAN1,28,3388084.0,events
correlation-redis-set-cores2,pcm_imc,read_activations,SKT0CHAN1,29,3399453.0,events
correlation-redis-set-cores2,pcm_imc,read_activations,SKT0CHAN1,30,3408780.0,events
correlation-redis-set-cores2,pcm_imc,read_activations,SKT0CHAN1,31,3379467.0,events
correlation-redis-set-cores2,pcm_imc,read_activations,SKT0CHAN1,32,3379513.0,events
correlation-redis-set-cores2,pcm_imc,read_activations,SKT0CHAN1,33,3376034.0,events
correlation-redis-set-cores2,pcm_imc,read_activations,SKT0CHAN1,34,3369042.0,events
correlation-redis-set-cores2,pcm_imc,read_activations,SKT0CHAN1,35,3381746.0,events
correlation-redis-set-cores2,pcm_imc,read_activations,SKT0CHAN1,36,3380194.0,events
correlation-redis-set-cores2,pcm_imc,read_activations,SKT0CHAN1,37,3377474.0,events
correlation-redis-set-cores2,pcm_imc,read_activations,SKT0CHAN1,38,3390408.0,events
correlation-redis-set-cores2,pcm_imc,read_activations,SKT0CHAN1,39,3391740.0,events
correlation-redis-set-cores2,pcm_imc,read_activations,SKT0CHAN1,40,3365891.0,events
correlation-redis-set-cores2,pcm_imc,read_activations,SKT0CHAN1,41,3390728.0,events
correlation-redis-set-cores2,pcm_imc,read_activations,SKT0CHAN1,42,3398574.0,events
correlation-redis-set-cores2,pcm_imc,read_activations,SKT0CHAN1,43,3378117.0,events
correlation-redis-set-cores2,pcm_imc,read_activations,SKT0CHAN1,44,3430137.0,events
correlation-redis-set-cores2,pcm_imc,read_activations,SKT0CHAN1,45,3394588.0,events
correlation-redis-set-cores2,pcm_imc,read_activations,SKT0CHAN1,46,3437033.0,events
correlation-redis-set-cores2,pcm_imc,read_activations,SKT0CHAN1,47,3448628.0,events
correlation-redis-set-cores2,pcm_imc,read_activations,SKT0CHAN1,48,3494344.0,events
correlation-redis-set-cores2,pcm_imc,read_activations,SKT0CHAN1,49,3373229.0,events
correlation-redis-set-cores2,pcm_imc,read_activations,SKT0CHAN1,50,3470265.0,events
correlation-redis-set-cores2,pcm_imc,read_activations,SKT0CHAN1,51,3394410.0,events
correlation-redis-set-cores2,pcm_imc,read_activations,SKT0CHAN1,52,3371127.0,events
correlation-redis-set-cores2,pcm_imc,read_activations,SKT0CHAN1,53,3376160.0,events
correlation-redis-set-cores2,pcm_imc,read_activations,SKT0CHAN1,54,3382029.0,events
correlation-redis-set-cores2,pcm_imc,read_activations,SKT0CHAN1,55,3375228.0,events
correlation-redis-set-cores2,pcm_imc,read_activations,SKT0CHAN1,56,3377270.0,events
correlation-redis-set-cores2,pcm_imc,read_activations,SKT0CHAN1,57,3387614.0,events
correlation-redis-set-cores2,pcm_imc,read_activations,SKT0CHAN1,58,3393655.0,events
correlation-redis-set-cores2,pcm_imc,read_activations,SKT0CHAN1,59,3381801.0,events
correlation-redis-set-cores2,pcm_imc,read_activations,SKT0CHAN2,0,3357099.0,events
correlation-redis-set-cores2,pcm_imc,read_activations,SKT0CHAN2,1,3426914.0,events
correlation-redis-set-cores2,pcm_imc,read_activations,SKT0CHAN2,2,3397881.0,events
correlation-redis-set-cores2,pcm_imc,read_activations,SKT0CHAN2,3,3363670.0,events
correlation-redis-set-cores2,pcm_imc,read_activations,SKT0CHAN2,4,3362477.0,events
correlation-redis-set-cores2,pcm_imc,read_activations,SKT0CHAN2,5,3364979.0,events
correlation-redis-set-cores2,pcm_imc,read_activations,SKT0CHAN2,6,3359668.0,events
correlation-redis-set-cores2,pcm_imc,read_activations,SKT0CHAN2,7,3358585.0,events
correlation-redis-set-cores2,pcm_imc,read_activations,SKT0CHAN2,8,3359022.0,events
correlation-redis-set-cores2,pcm_imc,read_activations,SKT0CHAN2,9,3359519.0,events
correlation-redis-set-cores2,pcm_imc,read_activations,SKT0CHAN2,10,3350378.0,events
correlation-redis-set-cores2,pcm_imc,read_activations,SKT0CHAN2,11,3357199.0,events
correlation-redis-set-cores2,pcm_imc,read_activations,SKT0CHAN2,12,3418914.0,events
correlation-redis-set-cores2,pcm_imc,read_activations,SKT0CHAN2,13,3360358.0,events
correlation-redis-set-cores2,pcm_imc,read_activations,SKT0CHAN2,14,3418063.0,events
correlation-redis-set-cores2,pcm_imc,read_activations,SKT0CHAN2,15,3474616.0,events
correlation-redis-set-cores2,pcm_imc,read_activations,SKT0CHAN2,16,3364555.0,events
correlation-redis-set-cores2,pcm_imc,read_activations,SKT0CHAN2,17,3373285.0,events
correlation-redis-set-cores2,pcm_imc,read_activations,SKT0CHAN2,18,3390558.0,events
correlation-redis-set-cores2,pcm_imc,read_activations,SKT0CHAN2,19,3375447.0,events
correlation-redis-set-cores2,pcm_imc,read_activations,SKT0CHAN2,20,3456429.0,events
correlation-redis-set-cores2,pcm_imc,read_activations,SKT0CHAN2,21,3371719.0,events
correlation-redis-set-cores2,pcm_imc,read_activations,SKT0CHAN2,22,3397819.0,events
correlation-redis-set-cores2,pcm_imc,read_activations,SKT0CHAN2,23,3383951.0,events
correlation-redis-set-cores2,pcm_imc,read_activations,SKT0CHAN2,24,3370742.0,events
correlation-redis-set-cores2,pcm_imc,read_activations,SKT0CHAN2,25,3383691.0,events
correlation-redis-set-cores2,pcm_imc,read_activations,SKT0CHAN2,26,3378093.0,events
correlation-redis-set-cores2,pcm_imc,read_activations,SKT0CHAN2,27,3384847.0,events
correlation-redis-set-cores2,pcm_imc,read_activations,SKT0CHAN2,28,3365787.0,events
correlation-redis-set-cores2,pcm_imc,read_activations,SKT0CHAN2,29,3378956.0,events
correlation-redis-set-cores2,pcm_imc,read_activations,SKT0CHAN2,30,3402504.0,events
correlation-redis-set-cores2,pcm_imc,read_activations,SKT0CHAN2,31,3368479.0,events
correlation-redis-set-cores2,pcm_imc,read_activations,SKT0CHAN2,32,3371201.0,events
correlation-redis-set-cores2,pcm_imc,read_activations,SKT0CHAN2,33,3360709.0,events
correlation-redis-set-cores2,pcm_imc,read_activations,SKT0CHAN2,34,3355561.0,events
correlation-redis-set-cores2,pcm_imc,read_activations,SKT0CHAN2,35,3361464.0,events
correlation-redis-set-cores2,pcm_imc,read_activations,SKT0CHAN2,36,3354917.0,events
correlation-redis-set-cores2,pcm_imc,read_activations,SKT0CHAN2,37,3365744.0,events
correlation-redis-set-cores2,pcm_imc,read_activations,SKT0CHAN2,38,3375941.0,events
correlation-redis-set-cores2,pcm_imc,read_activations,SKT0CHAN2,39,3368873.0,events
correlation-redis-set-cores2,pcm_imc,read_activations,SKT0CHAN2,40,3362007.0,events
correlation-redis-set-cores2,pcm_imc,read_activations,SKT0CHAN2,41,3368964.0,events
correlation-redis-set-cores2,pcm_imc,read_activations,SKT0CHAN2,42,3390526.0,events
correlation-redis-set-cores2,pcm_imc,read_activations,SKT0CHAN2,43,3367077.0,events
correlation-redis-set-cores2,pcm_imc,read_activations,SKT0CHAN2,44,3411692.0,events
correlation-redis-set-cores2,pcm_imc,read_activations,SKT0CHAN2,45,3382407.0,events
correlation-redis-set-cores2,pcm_imc,read_activations,SKT0CHAN2,46,3420306.0,events
correlation-redis-set-cores2,pcm_imc,read_activations,SKT0CHAN2,47,3430387.0,events
correlation-redis-set-cores2,pcm_imc,read_activations,SKT0CHAN2,48,3482507.0,events
correlation-redis-set-cores2,pcm_imc,read_activations,SKT0CHAN2,49,3363771.0,events
correlation-redis-set-cores2,pcm_imc,read_activations,SKT0CHAN2,50,3459360.0,events
correlation-redis-set-cores2,pcm_imc,read_activations,SKT0CHAN2,51,3376782.0,events
correlation-redis-set-cores2,pcm_imc,read_activations,SKT0CHAN2,52,3375606.0,events
correlation-redis-set-cores2,pcm_imc,read_activations,SKT0CHAN2,53,3378743.0,events
correlation-redis-set-cores2,pcm_imc,read_activations,SKT0CHAN2,54,3379441.0,events
correlation-redis-set-cores2,pcm_imc,read_activations,SKT0CHAN2,55,3364697.0,events
correlation-redis-set-cores2,pcm_imc,read_activations,SKT0CHAN2,56,3357060.0,events
correlation-redis-set-cores2,pcm_imc,read_activations,SKT0CHAN2,57,3370934.0,events
correlation-redis-set-cores2,pcm_imc,read_activations,SKT0CHAN2,58,3388139.0,events
correlation-redis-set-cores2,pcm_imc,read_activations,SKT0CHAN2,59,3365623.0,events
correlation-redis-set-cores2,pcm_imc,read_activations,SKT0CHAN3,0,3370309.0,events
correlation-redis-set-cores2,pcm_imc,read_activations,SKT0CHAN3,1,3438097.0,events
correlation-redis-set-cores2,pcm_imc,read_activations,SKT0CHAN3,2,3416385.0,events
correlation-redis-set-cores2,pcm_imc,read_activations,SKT0CHAN3,3,3373161.0,events
correlation-redis-set-cores2,pcm_imc,read_activations,SKT0CHAN3,4,3372797.0,events
correlation-redis-set-cores2,pcm_imc,read_activations,SKT0CHAN3,5,3379874.0,events
correlation-redis-set-cores2,pcm_imc,read_activations,SKT0CHAN3,6,3368869.0,events
correlation-redis-set-cores2,pcm_imc,read_activations,SKT0CHAN3,7,3373234.0,events
correlation-redis-set-cores2,pcm_imc,read_activations,SKT0CHAN3,8,3378660.0,events
correlation-redis-set-cores2,pcm_imc,read_activations,SKT0CHAN3,9,3373112.0,events
correlation-redis-set-cores2,pcm_imc,read_activations,SKT0CHAN3,10,3366797.0,events
correlation-redis-set-cores2,pcm_imc,read_activations,SKT0CHAN3,11,3363678.0,events
correlation-redis-set-cores2,pcm_imc,read_activations,SKT0CHAN3,12,3432314.0,events
correlation-redis-set-cores2,pcm_imc,read_activations,SKT0CHAN3,13,3376004.0,events
correlation-redis-set-cores2,pcm_imc,read_activations,SKT0CHAN3,14,3431119.0,events
correlation-redis-set-cores2,pcm_imc,read_activations,SKT0CHAN3,15,3498033.0,events
correlation-redis-set-cores2,pcm_imc,read_activations,SKT0CHAN3,16,3383675.0,events
correlation-redis-set-cores2,pcm_imc,read_activations,SKT0CHAN3,17,3381938.0,events
correlation-redis-set-cores2,pcm_imc,read_activations,SKT0CHAN3,18,3400872.0,events
correlation-redis-set-cores2,pcm_imc,read_activations,SKT0CHAN3,19,3384562.0,events
correlation-redis-set-cores2,pcm_imc,read_activations,SKT0CHAN3,20,3474751.0,events
correlation-redis-set-cores2,pcm_imc,read_activations,SKT0CHAN3,21,3396440.0,events
correlation-redis-set-cores2,pcm_imc,read_activations,SKT0CHAN3,22,3409416.0,events
correlation-redis-set-cores2,pcm_imc,read_activations,SKT0CHAN3,23,3394984.0,events
correlation-redis-set-cores2,pcm_imc,read_activations,SKT0CHAN3,24,3385360.0,events
correlation-redis-set-cores2,pcm_imc,read_activations,SKT0CHAN3,25,3403599.0,events
correlation-redis-set-cores2,pcm_imc,read_activations,SKT0CHAN3,26,3402272.0,events
correlation-redis-set-cores2,pcm_imc,read_activations,SKT0CHAN3,27,3396377.0,events
correlation-redis-set-cores2,pcm_imc,read_activations,SKT0CHAN3,28,3384546.0,events
correlation-redis-set-cores2,pcm_imc,read_activations,SKT0CHAN3,29,3399916.0,events
correlation-redis-set-cores2,pcm_imc,read_activations,SKT0CHAN3,30,3417229.0,events
correlation-redis-set-cores2,pcm_imc,read_activations,SKT0CHAN3,31,3391887.0,events
correlation-redis-set-cores2,pcm_imc,read_activations,SKT0CHAN3,32,3392097.0,events
correlation-redis-set-cores2,pcm_imc,read_activations,SKT0CHAN3,33,3376961.0,events
correlation-redis-set-cores2,pcm_imc,read_activations,SKT0CHAN3,34,3373828.0,events
correlation-redis-set-cores2,pcm_imc,read_activations,SKT0CHAN3,35,3381354.0,events
correlation-redis-set-cores2,pcm_imc,read_activations,SKT0CHAN3,36,3378269.0,events
correlation-redis-set-cores2,pcm_imc,read_activations,SKT0CHAN3,37,3378327.0,events
correlation-redis-set-cores2,pcm_imc,read_activations,SKT0CHAN3,38,3391248.0,events
correlation-redis-set-cores2,pcm_imc,read_activations,SKT0CHAN3,39,3387277.0,events
correlation-redis-set-cores2,pcm_imc,read_activations,SKT0CHAN3,40,3376858.0,events
correlation-redis-set-cores2,pcm_imc,read_activations,SKT0CHAN3,41,3389537.0,events
correlation-redis-set-cores2,pcm_imc,read_activations,SKT0CHAN3,42,3406785.0,events
correlation-redis-set-cores2,pcm_imc,read_activations,SKT0CHAN3,43,3385158.0,events
correlation-redis-set-cores2,pcm_imc,read_activations,SKT0CHAN3,44,3428366.0,events
correlation-redis-set-cores2,pcm_imc,read_activations,SKT0CHAN3,45,3395927.0,events
correlation-redis-set-cores2,pcm_imc,read_activations,SKT0CHAN3,46,3427389.0,events
correlation-redis-set-cores2,pcm_imc,read_activations,SKT0CHAN3,47,3445863.0,events
correlation-redis-set-cores2,pcm_imc,read_activations,SKT0CHAN3,48,3494406.0,events
correlation-redis-set-cores2,pcm_imc,read_activations,SKT0CHAN3,49,3377662.0,events
correlation-redis-set-cores2,pcm_imc,read_activations,SKT0CHAN3,50,3470375.0,events
correlation-redis-set-cores2,pcm_imc,read_activations,SKT0CHAN3,51,3395798.0,events
correlation-redis-set-cores2,pcm_imc,read_activations,SKT0CHAN3,52,3386320.0,events
correlation-redis-set-cores2,pcm_imc,read_activations,SKT0CHAN3,53,3383434.0,events
correlation-redis-set-cores2,pcm_imc,read_activations,SKT0CHAN3,54,3388151.0,events
correlation-redis-set-cores2,pcm_imc,read_activations,SKT0CHAN3,55,3384380.0,events
correlation-redis-set-cores2,pcm_imc,read_activations,SKT0CHAN3,56,3377197.0,events
correlation-redis-set-cores2,pcm_imc,read_activations,SKT0CHAN3,57,3383559.0,events
correlation-redis-set-cores2,pcm_imc,read_activations,SKT0CHAN3,58,3396398.0,events
correlation-redis-set-cores2,pcm_imc,read_activations,SKT0CHAN3,59,3382698.0,events
correlation-redis-set-cores2,pcm_imc,read_activations,SKT0CHAN4,0,3350074.0,events
correlation-redis-set-cores2,pcm_imc,read_activations,SKT0CHAN4,1,3423293.0,events
correlation-redis-set-cores2,pcm_imc,read_activations,SKT0CHAN4,2,3394083.0,events
correlation-redis-set-cores2,pcm_imc,read_activations,SKT0CHAN4,3,3356323.0,events
correlation-redis-set-cores2,pcm_imc,read_activations,SKT0CHAN4,4,3359686.0,events
correlation-redis-set-cores2,pcm_imc,read_activations,SKT0CHAN4,5,3362831.0,events
correlation-redis-set-cores2,pcm_imc,read_activations,SKT0CHAN4,6,3354135.0,events
correlation-redis-set-cores2,pcm_imc,read_activations,SKT0CHAN4,7,3354578.0,events
correlation-redis-set-cores2,pcm_imc,read_activations,SKT0CHAN4,8,3368453.0,events
correlation-redis-set-cores2,pcm_imc,read_activations,SKT0CHAN4,9,3357689.0,events
correlation-redis-set-cores2,pcm_imc,read_activations,SKT0CHAN4,10,3356160.0,events
correlation-redis-set-cores2,pcm_imc,read_activations,SKT0CHAN4,11,3357916.0,events
correlation-redis-set-cores2,pcm_imc,read_activations,SKT0CHAN4,12,3422639.0,events
correlation-redis-set-cores2,pcm_imc,read_activations,SKT0CHAN4,13,3359096.0,events
correlation-redis-set-cores2,pcm_imc,read_activations,SKT0CHAN4,14,3415798.0,events
correlation-redis-set-cores2,pcm_imc,read_activations,SKT0CHAN4,15,3476883.0,events
correlation-redis-set-cores2,pcm_imc,read_activations,SKT0CHAN4,16,3370270.0,events
correlation-redis-set-cores2,pcm_imc,read_activations,SKT0CHAN4,17,3370571.0,events
correlation-redis-set-cores2,pcm_imc,read_activations,SKT0CHAN4,18,3390556.0,events
correlation-redis-set-cores2,pcm_imc,read_activations,SKT0CHAN4,19,3374073.0,events
correlation-redis-set-cores2,pcm_imc,read_activations,SKT0CHAN4,20,3457430.0,events
correlation-redis-set-cores2,pcm_imc,read_activations,SKT0CHAN4,21,3375998.0,events
correlation-redis-set-cores2,pcm_imc,read_activations,SKT0CHAN4,22,3394766.0,events
correlation-redis-set-cores2,pcm_imc,read_activations,SKT0CHAN4,23,3381664.0,events
correlation-redis-set-cores2,pcm_imc,read_activations,SKT0CHAN4,24,3362888.0,events
correlation-redis-set-cores2,pcm_imc,read_activations,SKT0CHAN4,25,3386960.0,events
correlation-redis-set-cores2,pcm_imc,read_activations,SKT0CHAN4,26,3388355.0,events
correlation-redis-set-cores2,pcm_imc,read_activations,SKT0CHAN4,27,3384759.0,events
correlation-redis-set-cores2,pcm_imc,read_activations,SKT0CHAN4,28,3358574.0,events
correlation-redis-set-cores2,pcm_imc,read_activations,SKT0CHAN4,29,3376309.0,events
correlation-redis-set-cores2,pcm_imc,read_activations,SKT0CHAN4,30,3398438.0,events
correlation-redis-set-cores2,pcm_imc,read_activations,SKT0CHAN4,31,3375692.0,events
correlation-redis-set-cores2,pcm_imc,read_activations,SKT0CHAN4,32,3368983.0,events
correlation-redis-set-cores2,pcm_imc,read_activations,SKT0CHAN4,33,3365065.0,events
correlation-redis-set-cores2,pcm_imc,read_activations,SKT0CHAN4,34,3359761.0,events
correlation-redis-set-cores2,pcm_imc,read_activations,SKT0CHAN4,35,3355342.0,events
correlation-redis-set-cores2,pcm_imc,read_activations,SKT0CHAN4,36,3360135.0,events
correlation-redis-set-cores2,pcm_imc,read_activations,SKT0CHAN4,37,3365262.0,events
correlation-redis-set-cores2,pcm_imc,read_activations,SKT0CHAN4,38,3373114.0,events
correlation-redis-set-cores2,pcm_imc,read_activations,SKT0CHAN4,39,3374535.0,events
correlation-redis-set-cores2,pcm_imc,read_activations,SKT0CHAN4,40,3371423.0,events
correlation-redis-set-cores2,pcm_imc,read_activations,SKT0CHAN4,41,3376594.0,events
correlation-redis-set-cores2,pcm_imc,read_activations,SKT0CHAN4,42,3395480.0,events
correlation-redis-set-cores2,pcm_imc,read_activations,SKT0CHAN4,43,3373178.0,events
correlation-redis-set-cores2,pcm_imc,read_activations,SKT0CHAN4,44,3412107.0,events
correlation-redis-set-cores2,pcm_imc,read_activations,SKT0CHAN4,45,3386354.0,events
correlation-redis-set-cores2,pcm_imc,read_activations,SKT0CHAN4,46,3417004.0,events
correlation-redis-set-cores2,pcm_imc,read_activations,SKT0CHAN4,47,3435163.0,events
correlation-redis-set-cores2,pcm_imc,read_activations,SKT0CHAN4,48,3480050.0,events
correlation-redis-set-cores2,pcm_imc,read_activations,SKT0CHAN4,49,3364483.0,events
correlation-redis-set-cores2,pcm_imc,read_activations,SKT0CHAN4,50,3454111.0,events
correlation-redis-set-cores2,pcm_imc,read_activations,SKT0CHAN4,51,3376105.0,events
correlation-redis-set-cores2,pcm_imc,read_activations,SKT0CHAN4,52,3369098.0,events
correlation-redis-set-cores2,pcm_imc,read_activations,SKT0CHAN4,53,3369625.0,events
correlation-redis-set-cores2,pcm_imc,read_activations,SKT0CHAN4,54,3372600.0,events
correlation-redis-set-cores2,pcm_imc,read_activations,SKT0CHAN4,55,3360833.0,events
correlation-redis-set-cores2,pcm_imc,read_activations,SKT0CHAN4,56,3363281.0,events
correlation-redis-set-cores2,pcm_imc,read_activations,SKT0CHAN4,57,3366034.0,events
correlation-redis-set-cores2,pcm_imc,read_activations,SKT0CHAN4,58,3382427.0,events
correlation-redis-set-cores2,pcm_imc,read_activations,SKT0CHAN4,59,3366971.0,events
correlation-redis-set-cores2,pcm_imc,read_activations,SKT0CHAN5,0,3353776.0,events
correlation-redis-set-cores2,pcm_imc,read_activations,SKT0CHAN5,1,3412575.0,events
correlation-redis-set-cores2,pcm_imc,read_activations,SKT0CHAN5,2,3393451.0,events
correlation-redis-set-cores2,pcm_imc,read_activations,SKT0CHAN5,3,3354956.0,events
correlation-redis-set-cores2,pcm_imc,read_activations,SKT0CHAN5,4,3345523.0,events
correlation-redis-set-cores2,pcm_imc,read_activations,SKT0CHAN5,5,3357784.0,events
correlation-redis-set-cores2,pcm_imc,read_activations,SKT0CHAN5,6,3347852.0,events
correlation-redis-set-cores2,pcm_imc,read_activations,SKT0CHAN5,7,3353058.0,events
correlation-redis-set-cores2,pcm_imc,read_activations,SKT0CHAN5,8,3354336.0,events
correlation-redis-set-cores2,pcm_imc,read_activations,SKT0CHAN5,9,3349287.0,events
correlation-redis-set-cores2,pcm_imc,read_activations,SKT0CHAN5,10,3347555.0,events
correlation-redis-set-cores2,pcm_imc,read_activations,SKT0CHAN5,11,3345748.0,events
correlation-redis-set-cores2,pcm_imc,read_activations,SKT0CHAN5,12,3415056.0,events
correlation-redis-set-cores2,pcm_imc,read_activations,SKT0CHAN5,13,3353607.0,events
correlation-redis-set-cores2,pcm_imc,read_activations,SKT0CHAN5,14,3402248.0,events
correlation-redis-set-cores2,pcm_imc,read_activations,SKT0CHAN5,15,3473635.0,events
correlation-redis-set-cores2,pcm_imc,read_activations,SKT0CHAN5,16,3358917.0,events
correlation-redis-set-cores2,pcm_imc,read_activations,SKT0CHAN5,17,3364606.0,events
correlation-redis-set-cores2,pcm_imc,read_activations,SKT0CHAN5,18,3385480.0,events
correlation-redis-set-cores2,pcm_imc,read_activations,SKT0CHAN5,19,3370572.0,events
correlation-redis-set-cores2,pcm_imc,read_activations,SKT0CHAN5,20,3455173.0,events
correlation-redis-set-cores2,pcm_imc,read_activations,SKT0CHAN5,21,3367691.0,events
correlation-redis-set-cores2,pcm_imc,read_activations,SKT0CHAN5,22,3386641.0,events
correlation-redis-set-cores2,pcm_imc,read_activations,SKT0CHAN5,23,3372680.0,events
correlation-redis-set-cores2,pcm_imc,read_activations,SKT0CHAN5,24,3370745.0,events
correlation-redis-set-cores2,pcm_imc,read_activations,SKT0CHAN5,25,3388600.0,events
correlation-redis-set-cores2,pcm_imc,read_activations,SKT0CHAN5,26,3383358.0,events
correlation-redis-set-cores2,pcm_imc,read_activations,SKT0CHAN5,27,3380710.0,events
correlation-redis-set-cores2,pcm_imc,read_activations,SKT0CHAN5,28,3363297.0,events
correlation-redis-set-cores2,pcm_imc,read_activations,SKT0CHAN5,29,3370719.0,events
correlation-redis-set-cores2,pcm_imc,read_activations,SKT0CHAN5,30,3397410.0,events
correlation-redis-set-cores2,pcm_imc,read_activations,SKT0CHAN5,31,3365814.0,events
correlation-redis-set-cores2,pcm_imc,read_activations,SKT0CHAN5,32,3368832.0,events
correlation-redis-set-cores2,pcm_imc,read_activations,SKT0CHAN5,33,3357543.0,events
correlation-redis-set-cores2,pcm_imc,read_activations,SKT0CHAN5,34,3356554.0,events
correlation-redis-set-cores2,pcm_imc,read_activations,SKT0CHAN5,35,3359203.0,events
correlation-redis-set-cores2,pcm_imc,read_activations,SKT0CHAN5,36,3361034.0,events
correlation-redis-set-cores2,pcm_imc,read_activations,SKT0CHAN5,37,3361118.0,events
correlation-redis-set-cores2,pcm_imc,read_activations,SKT0CHAN5,38,3366928.0,events
correlation-redis-set-cores2,pcm_imc,read_activations,SKT0CHAN5,39,3361548.0,events
correlation-redis-set-cores2,pcm_imc,read_activations,SKT0CHAN5,40,3351123.0,events
correlation-redis-set-cores2,pcm_imc,read_activations,SKT0CHAN5,41,3372469.0,events
correlation-redis-set-cores2,pcm_imc,read_activations,SKT0CHAN5,42,3383114.0,events
correlation-redis-set-cores2,pcm_imc,read_activations,SKT0CHAN5,43,3364069.0,events
correlation-redis-set-cores2,pcm_imc,read_activations,SKT0CHAN5,44,3409815.0,events
correlation-redis-set-cores2,pcm_imc,read_activations,SKT0CHAN5,45,3375154.0,events
correlation-redis-set-cores2,pcm_imc,read_activations,SKT0CHAN5,46,3406899.0,events
correlation-redis-set-cores2,pcm_imc,read_activations,SKT0CHAN5,47,3421411.0,events
correlation-redis-set-cores2,pcm_imc,read_activations,SKT0CHAN5,48,3482164.0,events
correlation-redis-set-cores2,pcm_imc,read_activations,SKT0CHAN5,49,3361220.0,events
correlation-redis-set-cores2,pcm_imc,read_activations,SKT0CHAN5,50,3445265.0,events
correlation-redis-set-cores2,pcm_imc,read_activations,SKT0CHAN5,51,3377234.0,events
correlation-redis-set-cores2,pcm_imc,read_activations,SKT0CHAN5,52,3360482.0,events
correlation-redis-set-cores2,pcm_imc,read_activations,SKT0CHAN5,53,3360939.0,events
correlation-redis-set-cores2,pcm_imc,read_activations,SKT0CHAN5,54,3363349.0,events
correlation-redis-set-cores2,pcm_imc,read_activations,SKT0CHAN5,55,3354136.0,events
correlation-redis-set-cores2,pcm_imc,read_activations,SKT0CHAN5,56,3353192.0,events
correlation-redis-set-cores2,pcm_imc,read_activations,SKT0CHAN5,57,3358919.0,events
correlation-redis-set-cores2,pcm_imc,read_activations,SKT0CHAN5,58,3372311.0,events
correlation-redis-set-cores2,pcm_imc,read_activations,SKT0CHAN5,59,3346967.0,events
correlation-redis-set-cores2,pcm_imc,read_activations,SKT0CHAN6,0,3353281.0,events
correlation-redis-set-cores2,pcm_imc,read_activations,SKT0CHAN6,1,3418700.0,events
correlation-redis-set-cores2,pcm_imc,read_activations,SKT0CHAN6,2,3394934.0,events
correlation-redis-set-cores2,pcm_imc,read_activations,SKT0CHAN6,3,3354494.0,events
correlation-redis-set-cores2,pcm_imc,read_activations,SKT0CHAN6,4,3348578.0,events
correlation-redis-set-cores2,pcm_imc,read_activations,SKT0CHAN6,5,3354292.0,events
correlation-redis-set-cores2,pcm_imc,read_activations,SKT0CHAN6,6,3346935.0,events
correlation-redis-set-cores2,pcm_imc,read_activations,SKT0CHAN6,7,3357598.0,events
correlation-redis-set-cores2,pcm_imc,read_activations,SKT0CHAN6,8,3365822.0,events
correlation-redis-set-cores2,pcm_imc,read_activations,SKT0CHAN6,9,3350925.0,events
correlation-redis-set-cores2,pcm_imc,read_activations,SKT0CHAN6,10,3343312.0,events
correlation-redis-set-cores2,pcm_imc,read_activations,SKT0CHAN6,11,3347191.0,events
correlation-redis-set-cores2,pcm_imc,read_activations,SKT0CHAN6,12,3410705.0,events
correlation-redis-set-cores2,pcm_imc,read_activations,SKT0CHAN6,13,3361234.0,events
correlation-redis-set-cores2,pcm_imc,read_activations,SKT0CHAN6,14,3415867.0,events
correlation-redis-set-cores2,pcm_imc,read_activations,SKT0CHAN6,15,3481040.0,events
correlation-redis-set-cores2,pcm_imc,read_activations,SKT0CHAN6,16,3372880.0,events
correlation-redis-set-cores2,pcm_imc,read_activations,SKT0CHAN6,17,3370659.0,events
correlation-redis-set-cores2,pcm_imc,read_activations,SKT0CHAN6,18,3374921.0,events
correlation-redis-set-cores2,pcm_imc,read_activations,SKT0CHAN6,19,3372225.0,events
correlation-redis-set-cores2,pcm_imc,read_activations,SKT0CHAN6,20,3459618.0,events
correlation-redis-set-cores2,pcm_imc,read_activations,SKT0CHAN6,21,3379667.0,events
correlation-redis-set-cores2,pcm_imc,read_activations,SKT0CHAN6,22,3383392.0,events
correlation-redis-set-cores2,pcm_imc,read_activations,SKT0CHAN6,23,3386170.0,events
correlation-redis-set-cores2,pcm_imc,read_activations,SKT0CHAN6,24,3369952.0,events
correlation-redis-set-cores2,pcm_imc,read_activations,SKT0CHAN6,25,3386737.0,events
correlation-redis-set-cores2,pcm_imc,read_activations,SKT0CHAN6,26,3379662.0,events
correlation-redis-set-cores2,pcm_imc,read_activations,SKT0CHAN6,27,3385388.0,events
correlation-redis-set-cores2,pcm_imc,read_activations,SKT0CHAN6,28,3372977.0,events
correlation-redis-set-cores2,pcm_imc,read_activations,SKT0CHAN6,29,3387272.0,events
correlation-redis-set-cores2,pcm_imc,read_activations,SKT0CHAN6,30,3397732.0,events
correlation-redis-set-cores2,pcm_imc,read_activations,SKT0CHAN6,31,3366516.0,events
correlation-redis-set-cores2,pcm_imc,read_activations,SKT0CHAN6,32,3366277.0,events
correlation-redis-set-cores2,pcm_imc,read_activations,SKT0CHAN6,33,3355439.0,events
correlation-redis-set-cores2,pcm_imc,read_activations,SKT0CHAN6,34,3358683.0,events
correlation-redis-set-cores2,pcm_imc,read_activations,SKT0CHAN6,35,3369127.0,events
correlation-redis-set-cores2,pcm_imc,read_activations,SKT0CHAN6,36,3358944.0,events
correlation-redis-set-cores2,pcm_imc,read_activations,SKT0CHAN6,37,3351200.0,events
correlation-redis-set-cores2,pcm_imc,read_activations,SKT0CHAN6,38,3370469.0,events
correlation-redis-set-cores2,pcm_imc,read_activations,SKT0CHAN6,39,3370080.0,events
correlation-redis-set-cores2,pcm_imc,read_activations,SKT0CHAN6,40,3359354.0,events
correlation-redis-set-cores2,pcm_imc,read_activations,SKT0CHAN6,41,3373936.0,events
correlation-redis-set-cores2,pcm_imc,read_activations,SKT0CHAN6,42,3374851.0,events
correlation-redis-set-cores2,pcm_imc,read_activations,SKT0CHAN6,43,3362190.0,events
correlation-redis-set-cores2,pcm_imc,read_activations,SKT0CHAN6,44,3416427.0,events
correlation-redis-set-cores2,pcm_imc,read_activations,SKT0CHAN6,45,3373081.0,events
correlation-redis-set-cores2,pcm_imc,read_activations,SKT0CHAN6,46,3415021.0,events
correlation-redis-set-cores2,pcm_imc,read_activations,SKT0CHAN6,47,3428264.0,events
correlation-redis-set-cores2,pcm_imc,read_activations,SKT0CHAN6,48,3482457.0,events
correlation-redis-set-cores2,pcm_imc,read_activations,SKT0CHAN6,49,3359913.0,events
correlation-redis-set-cores2,pcm_imc,read_activations,SKT0CHAN6,50,3456808.0,events
correlation-redis-set-cores2,pcm_imc,read_activations,SKT0CHAN6,51,3377485.0,events
correlation-redis-set-cores2,pcm_imc,read_activations,SKT0CHAN6,52,3355157.0,events
correlation-redis-set-cores2,pcm_imc,read_activations,SKT0CHAN6,53,3355110.0,events
correlation-redis-set-cores2,pcm_imc,read_activations,SKT0CHAN6,54,3361775.0,events
correlation-redis-set-cores2,pcm_imc,read_activations,SKT0CHAN6,55,3356766.0,events
correlation-redis-set-cores2,pcm_imc,read_activations,SKT0CHAN6,56,3356676.0,events
correlation-redis-set-cores2,pcm_imc,read_activations,SKT0CHAN6,57,3358492.0,events
correlation-redis-set-cores2,pcm_imc,read_activations,SKT0CHAN6,58,3375804.0,events
correlation-redis-set-cores2,pcm_imc,read_activations,SKT0CHAN6,59,3357479.0,events
correlation-redis-set-cores2,pcm_imc,read_activations,SKT0CHAN7,0,3347910.0,events
correlation-redis-set-cores2,pcm_imc,read_activations,SKT0CHAN7,1,3405508.0,events
correlation-redis-set-cores2,pcm_imc,read_activations,SKT0CHAN7,2,3395679.0,events
correlation-redis-set-cores2,pcm_imc,read_activations,SKT0CHAN7,3,3348386.0,events
correlation-redis-set-cores2,pcm_imc,read_activations,SKT0CHAN7,4,3338921.0,events
correlation-redis-set-cores2,pcm_imc,read_activations,SKT0CHAN7,5,3354851.0,events
correlation-redis-set-cores2,pcm_imc,read_activations,SKT0CHAN7,6,3346259.0,events
correlation-redis-set-cores2,pcm_imc,read_activations,SKT0CHAN7,7,3352657.0,events
correlation-redis-set-cores2,pcm_imc,read_activations,SKT0CHAN7,8,3357249.0,events
correlation-redis-set-cores2,pcm_imc,read_activations,SKT0CHAN7,9,3351354.0,events
correlation-redis-set-cores2,pcm_imc,read_activations,SKT0CHAN7,10,3345289.0,events
correlation-redis-set-cores2,pcm_imc,read_activations,SKT0CHAN7,11,3351825.0,events
correlation-redis-set-cores2,pcm_imc,read_activations,SKT0CHAN7,12,3410722.0,events
correlation-redis-set-cores2,pcm_imc,read_activations,SKT0CHAN7,13,3354155.0,events
correlation-redis-set-cores2,pcm_imc,read_activations,SKT0CHAN7,14,3409359.0,events
correlation-redis-set-cores2,pcm_imc,read_activations,SKT0CHAN7,15,3468947.0,events
correlation-redis-set-cores2,pcm_imc,read_activations,SKT0CHAN7,16,3367977.0,events
correlation-redis-set-cores2,pcm_imc,read_activations,SKT0CHAN7,17,3364460.0,events
correlation-redis-set-cores2,pcm_imc,read_activations,SKT0CHAN7,18,3371427.0,events
correlation-redis-set-cores2,pcm_imc,read_activations,SKT0CHAN7,19,3366740.0,events
correlation-redis-set-cores2,pcm_imc,read_activations,SKT0CHAN7,20,3457902.0,events
correlation-redis-set-cores2,pcm_imc,read_activations,SKT0CHAN7,21,3368024.0,events
correlation-redis-set-cores2,pcm_imc,read_activations,SKT0CHAN7,22,3383743.0,events
correlation-redis-set-cores2,pcm_imc,read_activations,SKT0CHAN7,23,3374310.0,events
correlation-redis-set-cores2,pcm_imc,read_activations,SKT0CHAN7,24,3359745.0,events
correlation-redis-set-cores2,pcm_imc,read_activations,SKT0CHAN7,25,3385203.0,events
correlation-redis-set-cores2,pcm_imc,read_activations,SKT0CHAN7,26,3381665.0,events
correlation-redis-set-cores2,pcm_imc,read_activations,SKT0CHAN7,27,3378538.0,events
correlation-redis-set-cores2,pcm_imc,read_activations,SKT0CHAN7,28,3364643.0,events
correlation-redis-set-cores2,pcm_imc,read_activations,SKT0CHAN7,29,3379590.0,events
correlation-redis-set-cores2,pcm_imc,read_activations,SKT0CHAN7,30,3390306.0,events
correlation-redis-set-cores2,pcm_imc,read_activations,SKT0CHAN7,31,3360733.0,events
correlation-redis-set-cores2,pcm_imc,read_activations,SKT0CHAN7,32,3364037.0,events
correlation-redis-set-cores2,pcm_imc,read_activations,SKT0CHAN7,33,3352821.0,events
correlation-redis-set-cores2,pcm_imc,read_activations,SKT0CHAN7,34,3348148.0,events
correlation-redis-set-cores2,pcm_imc,read_activations,SKT0CHAN7,35,3359890.0,events
correlation-redis-set-cores2,pcm_imc,read_activations,SKT0CHAN7,36,3358388.0,events
correlation-redis-set-cores2,pcm_imc,read_activations,SKT0CHAN7,37,3357502.0,events
correlation-redis-set-cores2,pcm_imc,read_activations,SKT0CHAN7,38,3364662.0,events
correlation-redis-set-cores2,pcm_imc,read_activations,SKT0CHAN7,39,3365013.0,events
correlation-redis-set-cores2,pcm_imc,read_activations,SKT0CHAN7,40,3350719.0,events
correlation-redis-set-cores2,pcm_imc,read_activations,SKT0CHAN7,41,3370798.0,events
correlation-redis-set-cores2,pcm_imc,read_activations,SKT0CHAN7,42,3380203.0,events
correlation-redis-set-cores2,pcm_imc,read_activations,SKT0CHAN7,43,3357422.0,events
correlation-redis-set-cores2,pcm_imc,read_activations,SKT0CHAN7,44,3405730.0,events
correlation-redis-set-cores2,pcm_imc,read_activations,SKT0CHAN7,45,3374914.0,events
correlation-redis-set-cores2,pcm_imc,read_activations,SKT0CHAN7,46,3415808.0,events
correlation-redis-set-cores2,pcm_imc,read_activations,SKT0CHAN7,47,3421828.0,events
correlation-redis-set-cores2,pcm_imc,read_activations,SKT0CHAN7,48,3468542.0,events
correlation-redis-set-cores2,pcm_imc,read_activations,SKT0CHAN7,49,3358802.0,events
correlation-redis-set-cores2,pcm_imc,read_activations,SKT0CHAN7,50,3451834.0,events
correlation-redis-set-cores2,pcm_imc,read_activations,SKT0CHAN7,51,3367519.0,events
correlation-redis-set-cores2,pcm_imc,read_activations,SKT0CHAN7,52,3353844.0,events
correlation-redis-set-cores2,pcm_imc,read_activations,SKT0CHAN7,53,3355585.0,events
correlation-redis-set-cores2,pcm_imc,read_activations,SKT0CHAN7,54,3360023.0,events
correlation-redis-set-cores2,pcm_imc,read_activations,SKT0CHAN7,55,3352152.0,events
correlation-redis-set-cores2,pcm_imc,read_activations,SKT0CHAN7,56,3358555.0,events
correlation-redis-set-cores2,pcm_imc,read_activations,SKT0CHAN7,57,3355425.0,events
correlation-redis-set-cores2,pcm_imc,read_activations,SKT0CHAN7,58,3372187.0,events
correlation-redis-set-cores2,pcm_imc,read_activations,SKT0CHAN7,59,3356034.0,events
correlation-redis-set-cores2,sar_concurrent,cpu_util,CORE0,0,0.0,percent
correlation-redis-set-cores2,sar_concurrent,cpu_util,CORE0,1,0.0,percent
correlation-redis-set-cores2,sar_concurrent,cpu_util,CORE0,2,0.0,percent
correlation-redis-set-cores2,sar_concurrent,cpu_util,CORE0,3,0.0,percent
correlation-redis-set-cores2,sar_concurrent,cpu_util,CORE0,4,0.0,percent
correlation-redis-set-cores2,sar_concurrent,cpu_util,CORE0,5,0.0,percent
correlation-redis-set-cores2,sar_concurrent,cpu_util,CORE0,6,0.0,percent
correlation-redis-set-cores2,sar_concurrent,cpu_util,CORE0,7,0.0,percent
correlation-redis-set-cores2,sar_concurrent,cpu_util,CORE0,8,0.0,percent
correlation-redis-set-cores2,sar_concurrent,cpu_util,CORE0,9,0.0,percent
correlation-redis-set-cores2,sar_concurrent,cpu_util,CORE0,10,0.0,percent
correlation-redis-set-cores2,sar_concurrent,cpu_util,CORE0,11,0.0,percent
correlation-redis-set-cores2,sar_concurrent,cpu_util,CORE0,12,0.0,percent
correlation-redis-set-cores2,sar_concurrent,cpu_util,CORE0,13,0.0,percent
correlation-redis-set-cores2,sar_concurrent,cpu_util,CORE0,14,0.0,percent
correlation-redis-set-cores2,sar_concurrent,cpu_util,CORE0,15,0.0,percent
correlation-redis-set-cores2,sar_concurrent,cpu_util,CORE0,16,0.0,percent
correlation-redis-set-cores2,sar_concurrent,cpu_util,CORE0,17,0.0,percent
correlation-redis-set-cores2,sar_concurrent,cpu_util,CORE0,18,0.0,percent
correlation-redis-set-cores2,sar_concurrent,cpu_util,CORE0,19,0.0,percent
correlation-redis-set-cores2,sar_concurrent,cpu_util,CORE0,20,0.0,percent
correlation-redis-set-cores2,sar_concurrent,cpu_util,CORE0,21,0.0,percent
correlation-redis-set-cores2,sar_concurrent,cpu_util,CORE0,22,0.0,percent
correlation-redis-set-cores2,sar_concurrent,cpu_util,CORE0,23,0.0,percent
correlation-redis-set-cores2,sar_concurrent,cpu_util,CORE0,24,0.0,percent
correlation-redis-set-cores2,sar_concurrent,cpu_util,CORE0,25,0.0,percent
correlation-redis-set-cores2,sar_concurrent,cpu_util,CORE0,26,0.0,percent
correlation-redis-set-cores2,sar_concurrent,cpu_util,CORE0,27,0.0,percent
correlation-redis-set-cores2,sar_concurrent,cpu_util,CORE0,28,0.0,percent
correlation-redis-set-cores2,sar_concurrent,cpu_util,CORE0,29,0.0,percent
correlation-redis-set-cores2,sar_concurrent,cpu_util,CORE0,30,0.0,percent
correlation-redis-set-cores2,sar_concurrent,cpu_util,CORE0,31,0.0,percent
correlation-redis-set-cores2,sar_concurrent,cpu_util,CORE0,32,0.0,percent
correlation-redis-set-cores2,sar_concurrent,cpu_util,CORE0,33,0.0,percent
correlation-redis-set-cores2,sar_concurrent,cpu_util,CORE0,34,0.0,percent
correlation-redis-set-cores2,sar_concurrent,cpu_util,CORE0,35,0.0,percent
correlation-redis-set-cores2,sar_concurrent,cpu_util,CORE0,36,0.0,percent
correlation-redis-set-cores2,sar_concurrent,cpu_util,CORE0,37,0.0,percent
correlation-redis-set-cores2,sar_concurrent,cpu_util,CORE0,38,0.0,percent
correlation-redis-set-cores2,sar_concurrent,cpu_util,CORE0,39,0.0,percent
correlation-redis-set-cores2,sar_concurrent,cpu_util,CORE0,40,0.0,percent
correlation-redis-set-cores2,sar_concurrent,cpu_util,CORE0,41,0.0,percent
correlation-redis-set-cores2,sar_concurrent,cpu_util,CORE0,42,0.0,percent
correlation-redis-set-cores2,sar_concurrent,cpu_util,CORE0,43,0.0,percent
correlation-redis-set-cores2,sar_concurrent,cpu_util,CORE0,44,0.99,percent
correlation-redis-set-cores2,sar_concurrent,cpu_util,CORE0,45,0.0,percent
correlation-redis-set-cores2,sar_concurrent,cpu_util,CORE0,46,0.99,percent
correlation-redis-set-cores2,sar_concurrent,cpu_util,CORE0,47,0.0,percent
correlation-redis-set-cores2,sar_concurrent,cpu_util,CORE0,48,0.0,percent
correlation-redis-set-cores2,sar_concurrent,cpu_util,CORE0,49,1.0,percent
correlation-redis-set-cores2,sar_concurrent,cpu_util,CORE0,50,0.99,percent
correlation-redis-set-cores2,sar_concurrent,cpu_util,CORE0,51,0.0,percent
correlation-redis-set-cores2,sar_concurrent,cpu_util,CORE0,52,0.99,percent
correlation-redis-set-cores2,sar_concurrent,cpu_util,CORE0,53,0.0,percent
correlation-redis-set-cores2,sar_concurrent,cpu_util,CORE0,54,0.0,percent
correlation-redis-set-cores2,sar_concurrent,cpu_util,CORE0,55,0.0,percent
correlation-redis-set-cores2,sar_concurrent,cpu_util,CORE0,56,1.0,percent
correlation-redis-set-cores2,sar_concurrent,cpu_util,CORE0,57,0.0,percent
correlation-redis-set-cores2,sar_concurrent,cpu_util,CORE0,58,1.0,percent
correlation-redis-set-cores2,sar_concurrent,cpu_util,CORE0,59,0.0,percent
correlation-redis-set-cores2,sar_concurrent,cpu_util,CORE1,0,4.0,percent
correlation-redis-set-cores2,sar_concurrent,cpu_util,CORE1,1,0.0,percent
correlation-redis-set-cores2,sar_concurrent,cpu_util,CORE1,2,0.0,percent
correlation-redis-set-cores2,sar_concurrent,cpu_util,CORE1,3,0.0,percent
correlation-redis-set-cores2,sar_concurrent,cpu_util,CORE1,4,0.0,percent
correlation-redis-set-cores2,sar_concurrent,cpu_util,CORE1,5,0.0,percent
correlation-redis-set-cores2,sar_concurrent,cpu_util,CORE1,6,0.0,percent
correlation-redis-set-cores2,sar_concurrent,cpu_util,CORE1,7,0.0,percent
correlation-redis-set-cores2,sar_concurrent,cpu_util,CORE1,8,0.0,percent
correlation-redis-set-cores2,sar_concurrent,cpu_util,CORE1,9,0.0,percent
correlation-redis-set-cores2,sar_concurrent,cpu_util,CORE1,10,0.0,percent
correlation-redis-set-cores2,sar_concurrent,cpu_util,CORE1,11,0.0,percent
correlation-redis-set-cores2,sar_concurrent,cpu_util,CORE1,12,0.0,percent
correlation-redis-set-cores2,sar_concurrent,cpu_util,CORE1,13,0.0,percent
correlation-redis-set-cores2,sar_concurrent,cpu_util,CORE1,14,0.0,percent
correlation-redis-set-cores2,sar_concurrent,cpu_util,CORE1,15,63.27,percent
correlation-redis-set-cores2,sar_concurrent,cpu_util,CORE1,16,64.0,percent
correlation-redis-set-cores2,sar_concurrent,cpu_util,CORE1,17,6.0,percent
correlation-redis-set-cores2,sar_concurrent,cpu_util,CORE1,18,0.0,percent
correlation-redis-set-cores2,sar_concurrent,cpu_util,CORE1,19,0.0,percent
correlation-redis-set-cores2,sar_concurrent,cpu_util,CORE1,20,0.0,percent
correlation-redis-set-cores2,sar_concurrent,cpu_util,CORE1,21,0.0,percent
correlation-redis-set-cores2,sar_concurrent,cpu_util,CORE1,22,0.0,percent
correlation-redis-set-cores2,sar_concurrent,cpu_util,CORE1,23,0.0,percent
correlation-redis-set-cores2,sar_concurrent,cpu_util,CORE1,24,0.0,percent
correlation-redis-set-cores2,sar_concurrent,cpu_util,CORE1,25,0.0,percent
correlation-redis-set-cores2,sar_concurrent,cpu_util,CORE1,26,0.0,percent
correlation-redis-set-cores2,sar_concurrent,cpu_util,CORE1,27,0.0,percent
correlation-redis-set-cores2,sar_concurrent,cpu_util,CORE1,28,0.0,percent
correlation-redis-set-cores2,sar_concurrent,cpu_util,CORE1,29,0.0,percent
correlation-redis-set-cores2,sar_concurrent,cpu_util,CORE1,30,0.0,percent
correlation-redis-set-cores2,sar_concurrent,cpu_util,CORE1,31,0.0,percent
correlation-redis-set-cores2,sar_concurrent,cpu_util,CORE1,32,1.0,percent
correlation-redis-set-cores2,sar_concurrent,cpu_util,CORE1,33,0.0,percent
correlation-redis-set-cores2,sar_concurrent,cpu_util,CORE1,34,0.0,percent
correlation-redis-set-cores2,sar_concurrent,cpu_util,CORE1,35,0.0,percent
correlation-redis-set-cores2,sar_concurrent,cpu_util,CORE1,36,0.0,percent
correlation-redis-set-cores2,sar_concurrent,cpu_util,CORE1,37,0.0,percent
correlation-redis-set-cores2,sar_concurrent,cpu_util,CORE1,38,0.0,percent
correlation-redis-set-cores2,sar_concurrent,cpu_util,CORE1,39,0.0,percent
correlation-redis-set-cores2,sar_concurrent,cpu_util,CORE1,40,0.0,percent
correlation-redis-set-cores2,sar_concurrent,cpu_util,CORE1,41,0.0,percent
correlation-redis-set-cores2,sar_concurrent,cpu_util,CORE1,42,0.0,percent
correlation-redis-set-cores2,sar_concurrent,cpu_util,CORE1,43,0.0,percent
correlation-redis-set-cores2,sar_concurrent,cpu_util,CORE1,44,0.0,percent
correlation-redis-set-cores2,sar_concurrent,cpu_util,CORE1,45,0.0,percent
correlation-redis-set-cores2,sar_concurrent,cpu_util,CORE1,46,0.0,percent
correlation-redis-set-cores2,sar_concurrent,cpu_util,CORE1,47,0.99,percent
correlation-redis-set-cores2,sar_concurrent,cpu_util,CORE1,48,0.0,percent
correlation-redis-set-cores2,sar_concurrent,cpu_util,CORE1,49,1.0,percent
correlation-redis-set-cores2,sar_concurrent,cpu_util,CORE1,50,1.0,percent
correlation-redis-set-cores2,sar_concurrent,cpu_util,CORE1,51,1.98,percent
correlation-redis-set-cores2,sar_concurrent,cpu_util,CORE1,52,0.0,percent
correlation-redis-set-cores2,sar_concurrent,cpu_util,CORE1,53,1.98,percent
correlation-redis-set-cores2,sar_concurrent,cpu_util,CORE1,54,0.0,percent
correlation-redis-set-cores2,sar_concurrent,cpu_util,CORE1,55,1.0,percent
correlation-redis-set-cores2,sar_concurrent,cpu_util,CORE1,56,1.0,percent
correlation-redis-set-cores2,sar_concurrent,cpu_util,CORE1,57,1.0,percent
correlation-redis-set-cores2,sar_concurrent,cpu_util,CORE1,58,1.0,percent
correlation-redis-set-cores2,sar_concurrent,cpu_util,CORE1,59,1.0,percent
correlation-redis-set-cores2,sar_concurrent,cpu_util,CORE2,0,0.0,percent
correlation-redis-set-cores2,sar_concurrent,cpu_util,CORE2,1,0.0,percent
correlation-redis-set-cores2,sar_concurrent,cpu_util,CORE2,2,0.0,percent
correlation-redis-set-cores2,sar_concurrent,cpu_util,CORE2,3,0.0,percent
correlation-redis-set-cores2,sar_concurrent,cpu_util,CORE2,4,0.0,percent
correlation-redis-set-cores2,sar_concurrent,cpu_util,CORE2,5,0.0,percent
correlation-redis-set-cores2,sar_concurrent,cpu_util,CORE2,6,0.0,percent
correlation-redis-set-cores2,sar_concurrent,cpu_util,CORE2,7,0.0,percent
correlation-redis-set-cores2,sar_concurrent,cpu_util,CORE2,8,0.0,percent
correlation-redis-set-cores2,sar_concurrent,cpu_util,CORE2,9,0.0,percent
correlation-redis-set-cores2,sar_concurrent,cpu_util,CORE2,10,0.0,percent
correlation-redis-set-cores2,sar_concurrent,cpu_util,CORE2,11,0.0,percent
correlation-redis-set-cores2,sar_concurrent,cpu_util,CORE2,12,0.0,percent
correlation-redis-set-cores2,sar_concurrent,cpu_util,CORE2,13,0.0,percent
correlation-redis-set-cores2,sar_concurrent,cpu_util,CORE2,14,0.0,percent
correlation-redis-set-cores2,sar_concurrent,cpu_util,CORE2,15,0.0,percent
correlation-redis-set-cores2,sar_concurrent,cpu_util,CORE2,16,0.0,percent
correlation-redis-set-cores2,sar_concurrent,cpu_util,CORE2,17,0.0,percent
correlation-redis-set-cores2,sar_concurrent,cpu_util,CORE2,18,0.0,percent
correlation-redis-set-cores2,sar_concurrent,cpu_util,CORE2,19,0.0,percent
correlation-redis-set-cores2,sar_concurrent,cpu_util,CORE2,20,0.0,percent
correlation-redis-set-cores2,sar_concurrent,cpu_util,CORE2,21,0.0,percent
correlation-redis-set-cores2,sar_concurrent,cpu_util,CORE2,22,0.0,percent
correlation-redis-set-cores2,sar_concurrent,cpu_util,CORE2,23,0.0,percent
correlation-redis-set-cores2,sar_concurrent,cpu_util,CORE2,24,0.0,percent
correlation-redis-set-cores2,sar_concurrent,cpu_util,CORE2,25,0.0,percent
correlation-redis-set-cores2,sar_concurrent,cpu_util,CORE2,26,0.0,percent
correlation-redis-set-cores2,sar_concurrent,cpu_util,CORE2,27,0.0,percent
correlation-redis-set-cores2,sar_concurrent,cpu_util,CORE2,28,0.0,percent
correlation-redis-set-cores2,sar_concurrent,cpu_util,CORE2,29,0.0,percent
correlation-redis-set-cores2,sar_concurrent,cpu_util,CORE2,30,0.0,percent
correlation-redis-set-cores2,sar_concurrent,cpu_util,CORE2,31,0.0,percent
correlation-redis-set-cores2,sar_concurrent,cpu_util,CORE2,32,0.0,percent
correlation-redis-set-cores2,sar_concurrent,cpu_util,CORE2,33,0.0,percent
correlation-redis-set-cores2,sar_concurrent,cpu_util,CORE2,34,0.0,percent
correlation-redis-set-cores2,sar_concurrent,cpu_util,CORE2,35,0.0,percent
correlation-redis-set-cores2,sar_concurrent,cpu_util,CORE2,36,0.0,percent
correlation-redis-set-cores2,sar_concurrent,cpu_util,CORE2,37,0.0,percent
correlation-redis-set-cores2,sar_concurrent,cpu_util,CORE2,38,0.0,percent
correlation-redis-set-cores2,sar_concurrent,cpu_util,CORE2,39,0.0,percent
correlation-redis-set-cores2,sar_concurrent,cpu_util,CORE2,40,0.0,percent
correlation-redis-set-cores2,sar_concurrent,cpu_util,CORE2,41,0.0,percent
correlation-redis-set-cores2,sar_concurrent,cpu_util,CORE2,42,0.0,percent
correlation-redis-set-cores2,sar_concurrent,cpu_util,CORE2,43,0.0,percent
correlation-redis-set-cores2,sar_concurrent,cpu_util,CORE2,44,0.0,percent
correlation-redis-set-cores2,sar_concurrent,cpu_util,CORE2,45,0.0,percent
correlation-redis-set-cores2,sar_concurrent,cpu_util,CORE2,46,0.0,percent
correlation-redis-set-cores2,sar_concurrent,cpu_util,CORE2,47,0.0,percent
correlation-redis-set-cores2,sar_concurrent,cpu_util,CORE2,48,0.0,percent
correlation-redis-set-cores2,sar_concurrent,cpu_util,CORE2,49,0.0,percent
correlation-redis-set-cores2,sar_concurrent,cpu_util,CORE2,50,0.0,percent
correlation-redis-set-cores2,sar_concurrent,cpu_util,CORE2,51,0.0,percent
correlation-redis-set-cores2,sar_concurrent,cpu_util,CORE2,52,0.0,percent
correlation-redis-set-cores2,sar_concurrent,cpu_util,CORE2,53,0.0,percent
correlation-redis-set-cores2,sar_concurrent,cpu_util,CORE2,54,0.0,percent
correlation-redis-set-cores2,sar_concurrent,cpu_util,CORE2,55,0.0,percent
correlation-redis-set-cores2,sar_concurrent,cpu_util,CORE2,56,0.0,percent
correlation-redis-set-cores2,sar_concurrent,cpu_util,CORE2,57,0.0,percent
correlation-redis-set-cores2,sar_concurrent,cpu_util,CORE2,58,0.0,percent
correlation-redis-set-cores2,sar_concurrent,cpu_util,CORE2,59,0.0,percent
correlation-redis-set-cores2,sar_concurrent,cpu_util,CORE3,0,0.0,percent
correlation-redis-set-cores2,sar_concurrent,cpu_util,CORE3,1,0.0,percent
correlation-redis-set-cores2,sar_concurrent,cpu_util,CORE3,2,0.0,percent
correlation-redis-set-cores2,sar_concurrent,cpu_util,CORE3,3,0.0,percent
correlation-redis-set-cores2,sar_concurrent,cpu_util,CORE3,4,0.0,percent
correlation-redis-set-cores2,sar_concurrent,cpu_util,CORE3,5,0.0,percent
correlation-redis-set-cores2,sar_concurrent,cpu_util,CORE3,6,0.0,percent
correlation-redis-set-cores2,sar_concurrent,cpu_util,CORE3,7,0.0,percent
correlation-redis-set-cores2,sar_concurrent,cpu_util,CORE3,8,0.0,percent
correlation-redis-set-cores2,sar_concurrent,cpu_util,CORE3,9,0.0,percent
correlation-redis-set-cores2,sar_concurrent,cpu_util,CORE3,10,0.0,percent
correlation-redis-set-cores2,sar_concurrent,cpu_util,CORE3,11,0.0,percent
correlation-redis-set-cores2,sar_concurrent,cpu_util,CORE3,12,0.0,percent
correlation-redis-set-cores2,sar_concurrent,cpu_util,CORE3,13,0.0,percent
correlation-redis-set-cores2,sar_concurrent,cpu_util,CORE3,14,0.0,percent
correlation-redis-set-cores2,sar_concurrent,cpu_util,CORE3,15,0.0,percent
correlation-redis-set-cores2,sar_concurrent,cpu_util,CORE3,16,0.0,percent
correlation-redis-set-cores2,sar_concurrent,cpu_util,CORE3,17,0.0,percent
correlation-redis-set-cores2,sar_concurrent,cpu_util,CORE3,18,0.0,percent
correlation-redis-set-cores2,sar_concurrent,cpu_util,CORE3,19,0.0,percent
correlation-redis-set-cores2,sar_concurrent,cpu_util,CORE3,20,0.0,percent
correlation-redis-set-cores2,sar_concurrent,cpu_util,CORE3,21,0.0,percent
correlation-redis-set-cores2,sar_concurrent,cpu_util,CORE3,22,0.0,percent
correlation-redis-set-cores2,sar_concurrent,cpu_util,CORE3,23,0.0,percent
correlation-redis-set-cores2,sar_concurrent,cpu_util,CORE3,24,0.0,percent
correlation-redis-set-cores2,sar_concurrent,cpu_util,CORE3,25,0.0,percent
correlation-redis-set-cores2,sar_concurrent,cpu_util,CORE3,26,0.0,percent
correlation-redis-set-cores2,sar_concurrent,cpu_util,CORE3,27,0.0,percent
correlation-redis-set-cores2,sar_concurrent,cpu_util,CORE3,28,0.0,percent
correlation-redis-set-cores2,sar_concurrent,cpu_util,CORE3,29,0.0,percent
correlation-redis-set-cores2,sar_concurrent,cpu_util,CORE3,30,0.0,percent
correlation-redis-set-cores2,sar_concurrent,cpu_util,CORE3,31,0.0,percent
correlation-redis-set-cores2,sar_concurrent,cpu_util,CORE3,32,0.0,percent
correlation-redis-set-cores2,sar_concurrent,cpu_util,CORE3,33,0.0,percent
correlation-redis-set-cores2,sar_concurrent,cpu_util,CORE3,34,0.0,percent
correlation-redis-set-cores2,sar_concurrent,cpu_util,CORE3,35,0.0,percent
correlation-redis-set-cores2,sar_concurrent,cpu_util,CORE3,36,0.0,percent
correlation-redis-set-cores2,sar_concurrent,cpu_util,CORE3,37,0.0,percent
correlation-redis-set-cores2,sar_concurrent,cpu_util,CORE3,38,0.0,percent
correlation-redis-set-cores2,sar_concurrent,cpu_util,CORE3,39,0.0,percent
correlation-redis-set-cores2,sar_concurrent,cpu_util,CORE3,40,0.0,percent
correlation-redis-set-cores2,sar_concurrent,cpu_util,CORE3,41,0.0,percent
correlation-redis-set-cores2,sar_concurrent,cpu_util,CORE3,42,0.0,percent
correlation-redis-set-cores2,sar_concurrent,cpu_util,CORE3,43,0.0,percent
correlation-redis-set-cores2,sar_concurrent,cpu_util,CORE3,44,0.0,percent
correlation-redis-set-cores2,sar_concurrent,cpu_util,CORE3,45,0.0,percent
correlation-redis-set-cores2,sar_concurrent,cpu_util,CORE3,46,0.0,percent
correlation-redis-set-cores2,sar_concurrent,cpu_util,CORE3,47,0.0,percent
correlation-redis-set-cores2,sar_concurrent,cpu_util,CORE3,48,0.0,percent
correlation-redis-set-cores2,sar_concurrent,cpu_util,CORE3,49,0.0,percent
correlation-redis-set-cores2,sar_concurrent,cpu_util,CORE3,50,0.0,percent
correlation-redis-set-cores2,sar_concurrent,cpu_util,CORE3,51,0.0,percent
correlation-redis-set-cores2,sar_concurrent,cpu_util,CORE3,52,0.0,percent
correlation-redis-set-cores2,sar_concurrent,cpu_util,CORE3,53,0.0,percent
correlation-redis-set-cores2,sar_concurrent,cpu_util,CORE3,54,0.0,percent
correlation-redis-set-cores2,sar_concurrent,cpu_util,CORE3,55,0.0,percent
correlation-redis-set-cores2,sar_concurrent,cpu_util,CORE3,56,0.0,percent
correlation-redis-set-cores2,sar_concurrent,cpu_util,CORE3,57,0.0,percent
correlation-redis-set-cores2,sar_concurrent,cpu_util,CORE3,58,0.0,percent
correlation-redis-set-cores2,sar_concurrent,cpu_util,CORE3,59,0.0,percent
correlation-redis-set-cores2,sar_concurrent,cpu_util,CORE4,0,0.0,percent
correlation-redis-set-cores2,sar_concurrent,cpu_util,CORE4,1,0.0,percent
correlation-redis-set-cores2,sar_concurrent,cpu_util,CORE4,2,0.0,percent
correlation-redis-set-cores2,sar_concurrent,cpu_util,CORE4,3,0.0,percent
correlation-redis-set-cores2,sar_concurrent,cpu_util,CORE4,4,0.0,percent
correlation-redis-set-cores2,sar_concurrent,cpu_util,CORE4,5,0.0,percent
correlation-redis-set-cores2,sar_concurrent,cpu_util,CORE4,6,0.0,percent
correlation-redis-set-cores2,sar_concurrent,cpu_util,CORE4,7,0.99,percent
correlation-redis-set-cores2,sar_concurrent,cpu_util,CORE4,8,0.0,percent
correlation-redis-set-cores2,sar_concurrent,cpu_util,CORE4,9,0.0,percent
correlation-redis-set-cores2,sar_concurrent,cpu_util,CORE4,10,0.0,percent
correlation-redis-set-cores2,sar_concurrent,cpu_util,CORE4,11,0.0,percent
correlation-redis-set-cores2,sar_concurrent,cpu_util,CORE4,12,0.0,percent
correlation-redis-set-cores2,sar_concurrent,cpu_util,CORE4,13,0.0,percent
correlation-redis-set-cores2,sar_concurrent,cpu_util,CORE4,14,0.0,percent
correlation-redis-set-cores2,sar_concurrent,cpu_util,CORE4,15,93.94,percent
correlation-redis-set-cores2,sar_concurrent,cpu_util,CORE4,16,100.0,percent
correlation-redis-set-cores2,sar_concurrent,cpu_util,CORE4,17,8.0,percent
correlation-redis-set-cores2,sar_concurrent,cpu_util,CORE4,18,0.0,percent
correlation-redis-set-cores2,sar_concurrent,cpu_util,CORE4,19,0.0,percent
correlation-redis-set-cores2,sar_concurrent,cpu_util,CORE4,20,0.0,percent
correlation-redis-set-cores2,sar_concurrent,cpu_util,CORE4,21,91.92,percent
correlation-redis-set-cores2,sar_concurrent,cpu_util,CORE4,22,93.94,percent
correlation-redis-set-cores2,sar_concurrent,cpu_util,CORE4,23,93.14,percent
correlation-redis-set-cores2,sar_concurrent,cpu_util,CORE4,24,92.71,percent
correlation-redis-set-cores2,sar_concurrent,cpu_util,CORE4,25,93.14,percent
correlation-redis-set-cores2,sar_concurrent,cpu_util,CORE4,26,92.79,percent
correlation-redis-set-cores2,sar_concurrent,cpu_util,CORE4,27,92.63,percent
correlation-redis-set-cores2,sar_concurrent,cpu_util,CORE4,28,91.84,percent
correlation-redis-set-cores2,sar_concurrent,cpu_util,CORE4,29,92.86000000000001,percent
correlation-redis-set-cores2,sar_concurrent,cpu_util,CORE4,30,93.0,percent
correlation-redis-set-cores2,sar_concurrent,cpu_util,CORE4,31,92.0,percent
correlation-redis-set-cores2,sar_concurrent,cpu_util,CORE4,32,92.86,percent
correlation-redis-set-cores2,sar_concurrent,cpu_util,CORE4,33,92.86000000000001,percent
correlation-redis-set-cores2,sar_concurrent,cpu_util,CORE4,34,91.92,percent
correlation-redis-set-cores2,sar_concurrent,cpu_util,CORE4,35,92.78,percent
correlation-redis-set-cores2,sar_concurrent,cpu_util,CORE4,36,92.0,percent
correlation-redis-set-cores2,sar_concurrent,cpu_util,CORE4,37,91.66999999999999,percent
correlation-redis-set-cores2,sar_concurrent,cpu_util,CORE4,38,92.56,percent
correlation-redis-set-cores2,sar_concurrent,cpu_util,CORE4,39,91.91999999999999,percent
correlation-redis-set-cores2,sar_concurrent,cpu_util,CORE4,40,93.0,percent
correlation-redis-set-cores2,sar_concurrent,cpu_util,CORE4,41,92.93,percent
correlation-redis-set-cores2,sar_concurrent,cpu_util,CORE4,42,91.75,percent
correlation-redis-set-cores2,sar_concurrent,cpu_util,CORE4,43,92.86,percent
correlation-redis-set-cores2,sar_concurrent,cpu_util,CORE4,44,92.0,percent
correlation-redis-set-cores2,sar_concurrent,cpu_util,CORE4,45,92.86,percent
correlation-redis-set-cores2,sar_concurrent,cpu_util,CORE4,46,91.49,percent
correlation-redis-set-cores2,sar_concurrent,cpu_util,CORE4,47,92.08,percent
correlation-redis-set-cores2,sar_concurrent,cpu_util,CORE4,48,91.58,percent
correlation-redis-set-cores2,sar_concurrent,cpu_util,CORE4,49,92.7,percent
correlation-redis-set-cores2,sar_concurrent,cpu_util,CORE4,50,91.84,percent
correlation-redis-set-cores2,sar_concurrent,cpu_util,CORE4,51,92.63,percent
correlation-redis-set-cores2,sar_concurrent,cpu_util,CORE4,52,91.75,percent
correlation-redis-set-cores2,sar_concurrent,cpu_util,CORE4,53,92.86,percent
correlation-redis-set-cores2,sar_concurrent,cpu_util,CORE4,54,91.49000000000001,percent
correlation-redis-set-cores2,sar_concurrent,cpu_util,CORE4,55,92.71000000000001,percent
correlation-redis-set-cores2,sar_concurrent,cpu_util,CORE4,56,91.92,percent
correlation-redis-set-cores2,sar_concurrent,cpu_util,CORE4,57,92.86,percent
correlation-redis-set-cores2,sar_concurrent,cpu_util,CORE4,58,91.76,percent
correlation-redis-set-cores2,sar_concurrent,cpu_util,CORE4,59,93.07000000000001,percent
correlation-redis-set-cores2,sar_concurrent,cpu_util,CORE5,0,0.0,percent
correlation-redis-set-cores2,sar_concurrent,cpu_util,CORE5,1,0.0,percent
correlation-redis-set-cores2,sar_concurrent,cpu_util,CORE5,2,0.0,percent
correlation-redis-set-cores2,sar_concurrent,cpu_util,CORE5,3,0.0,percent
correlation-redis-set-cores2,sar_concurrent,cpu_util,CORE5,4,0.0,percent
correlation-redis-set-cores2,sar_concurrent,cpu_util,CORE5,5,0.0,percent
correlation-redis-set-cores2,sar_concurrent,cpu_util,CORE5,6,0.0,percent
correlation-redis-set-cores2,sar_concurrent,cpu_util,CORE5,7,0.0,percent
correlation-redis-set-cores2,sar_concurrent,cpu_util,CORE5,8,0.0,percent
correlation-redis-set-cores2,sar_concurrent,cpu_util,CORE5,9,0.0,percent
correlation-redis-set-cores2,sar_concurrent,cpu_util,CORE5,10,0.0,percent
correlation-redis-set-cores2,sar_concurrent,cpu_util,CORE5,11,0.0,percent
correlation-redis-set-cores2,sar_concurrent,cpu_util,CORE5,12,0.0,percent
correlation-redis-set-cores2,sar_concurrent,cpu_util,CORE5,13,0.0,percent
correlation-redis-set-cores2,sar_concurrent,cpu_util,CORE5,14,0.0,percent
correlation-redis-set-cores2,sar_concurrent,cpu_util,CORE5,15,0.0,percent
correlation-redis-set-cores2,sar_concurrent,cpu_util,CORE5,16,0.0,percent
correlation-redis-set-cores2,sar_concurrent,cpu_util,CORE5,17,0.0,percent
correlation-redis-set-cores2,sar_concurrent,cpu_util,CORE5,18,0.0,percent
correlation-redis-set-cores2,sar_concurrent,cpu_util,CORE5,19,0.0,percent
correlation-redis-set-cores2,sar_concurrent,cpu_util,CORE5,20,0.0,percent
correlation-redis-set-cores2,sar_concurrent,cpu_util,CORE5,21,21.21,percent
correlation-redis-set-cores2,sar_concurrent,cpu_util,CORE5,22,29.59,percent
correlation-redis-set-cores2,sar_concurrent,cpu_util,CORE5,23,25.810000000000002,percent
correlation-redis-set-cores2,sar_concurrent,cpu_util,CORE5,24,29.59,percent
correlation-redis-set-cores2,sar_concurrent,cpu_util,CORE5,25,29.17,percent
correlation-redis-set-cores2,sar_concurrent,cpu_util,CORE5,26,32.0,percent
correlation-redis-set-cores2,sar_concurrent,cpu_util,CORE5,27,34.949999999999996,percent
correlation-redis-set-cores2,sar_concurrent,cpu_util,CORE5,28,29.9,percent
correlation-redis-set-cores2,sar_concurrent,cpu_util,CORE5,29,29.47,percent
correlation-redis-set-cores2,sar_concurrent,cpu_util,CORE5,30,29.159999999999997,percent
correlation-redis-set-cores2,sar_concurrent,cpu_util,CORE5,31,29.17,percent
correlation-redis-set-cores2,sar_concurrent,cpu_util,CORE5,32,31.63,percent
correlation-redis-set-cores2,sar_concurrent,cpu_util,CORE5,33,32.0,percent
correlation-redis-set-cores2,sar_concurrent,cpu_util,CORE5,34,30.93,percent
correlation-redis-set-cores2,sar_concurrent,cpu_util,CORE5,35,33.33,percent
correlation-redis-set-cores2,sar_concurrent,cpu_util,CORE5,36,27.950000000000003,percent
correlation-redis-set-cores2,sar_concurrent,cpu_util,CORE5,37,30.93,percent
correlation-redis-set-cores2,sar_concurrent,cpu_util,CORE5,38,32.0,percent
correlation-redis-set-cores2,sar_concurrent,cpu_util,CORE5,39,33.0,percent
correlation-redis-set-cores2,sar_concurrent,cpu_util,CORE5,40,32.0,percent
correlation-redis-set-cores2,sar_concurrent,cpu_util,CORE5,41,32.32,percent
correlation-redis-set-cores2,sar_concurrent,cpu_util,CORE5,42,33.0,percent
correlation-redis-set-cores2,sar_concurrent,cpu_util,CORE5,43,31.630000000000003,percent
correlation-redis-set-cores2,sar_concurrent,cpu_util,CORE5,44,29.17,percent
correlation-redis-set-cores2,sar_concurrent,cpu_util,CORE5,45,33.33,percent
correlation-redis-set-cores2,sar_concurrent,cpu_util,CORE5,46,33.66,percent
correlation-redis-set-cores2,sar_concurrent,cpu_util,CORE5,47,28.73,percent
correlation-redis-set-cores2,sar_concurrent,cpu_util,CORE5,48,32.67,percent
correlation-redis-set-cores2,sar_concurrent,cpu_util,CORE5,49,34.31,percent
correlation-redis-set-cores2,sar_concurrent,cpu_util,CORE5,50,30.93,percent
correlation-redis-set-cores2,sar_concurrent,cpu_util,CORE5,51,33.33,percent
correlation-redis-set-cores2,sar_concurrent,cpu_util,CORE5,52,33.33,percent
correlation-redis-set-cores2,sar_concurrent,cpu_util,CORE5,53,30.93,percent
correlation-redis-set-cores2,sar_concurrent,cpu_util,CORE5,54,33.66,percent
correlation-redis-set-cores2,sar_concurrent,cpu_util,CORE5,55,26.89,percent
correlation-redis-set-cores2,sar_concurrent,cpu_util,CORE5,56,30.21,percent
correlation-redis-set-cores2,sar_concurrent,cpu_util,CORE5,57,29.47,percent
correlation-redis-set-cores2,sar_concurrent,cpu_util,CORE5,58,33.98,percent
correlation-redis-set-cores2,sar_concurrent,cpu_util,CORE5,59,27.18,percent
correlation-redis-set-cores2,sar_concurrent,cpu_util,CORE6,0,0.0,percent
correlation-redis-set-cores2,sar_concurrent,cpu_util,CORE6,1,0.0,percent
correlation-redis-set-cores2,sar_concurrent,cpu_util,CORE6,2,0.0,percent
correlation-redis-set-cores2,sar_concurrent,cpu_util,CORE6,3,0.0,percent
correlation-redis-set-cores2,sar_concurrent,cpu_util,CORE6,4,0.0,percent
correlation-redis-set-cores2,sar_concurrent,cpu_util,CORE6,5,0.0,percent
correlation-redis-set-cores2,sar_concurrent,cpu_util,CORE6,6,0.0,percent
correlation-redis-set-cores2,sar_concurrent,cpu_util,CORE6,7,0.0,percent
correlation-redis-set-cores2,sar_concurrent,cpu_util,CORE6,8,0.0,percent
correlation-redis-set-cores2,sar_concurrent,cpu_util,CORE6,9,0.0,percent
correlation-redis-set-cores2,sar_concurrent,cpu_util,CORE6,10,0.0,percent
correlation-redis-set-cores2,sar_concurrent,cpu_util,CORE6,11,0.0,percent
correlation-redis-set-cores2,sar_concurrent,cpu_util,CORE6,12,0.0,percent
correlation-redis-set-cores2,sar_concurrent,cpu_util,CORE6,13,0.0,percent
correlation-redis-set-cores2,sar_concurrent,cpu_util,CORE6,14,0.0,percent
correlation-redis-set-cores2,sar_concurrent,cpu_util,CORE6,15,0.0,percent
correlation-redis-set-cores2,sar_concurrent,cpu_util,CORE6,16,0.0,percent
correlation-redis-set-cores2,sar_concurrent,cpu_util,CORE6,17,0.0,percent
correlation-redis-set-cores2,sar_concurrent,cpu_util,CORE6,18,0.0,percent
correlation-redis-set-cores2,sar_concurrent,cpu_util,CORE6,19,0.0,percent
correlation-redis-set-cores2,sar_concurrent,cpu_util,CORE6,20,0.0,percent
correlation-redis-set-cores2,sar_concurrent,cpu_util,CORE6,21,0.0,percent
correlation-redis-set-cores2,sar_concurrent,cpu_util,CORE6,22,0.0,percent
correlation-redis-set-cores2,sar_concurrent,cpu_util,CORE6,23,0.0,percent
correlation-redis-set-cores2,sar_concurrent,cpu_util,CORE6,24,0.0,percent
correlation-redis-set-cores2,sar_concurrent,cpu_util,CORE6,25,0.0,percent
correlation-redis-set-cores2,sar_concurrent,cpu_util,CORE6,26,0.0,percent
correlation-redis-set-cores2,sar_concurrent,cpu_util,CORE6,27,0.0,percent
correlation-redis-set-cores2,sar_concurrent,cpu_util,CORE6,28,0.0,percent
correlation-redis-set-cores2,sar_concurrent,cpu_util,CORE6,29,0.0,percent
correlation-redis-set-cores2,sar_concurrent,cpu_util,CORE6,30,0.0,percent
correlation-redis-set-cores2,sar_concurrent,cpu_util,CORE6,31,0.0,percent
correlation-redis-set-cores2,sar_concurrent,cpu_util,CORE6,32,0.0,percent
correlation-redis-set-cores2,sar_concurrent,cpu_util,CORE6,33,0.0,percent
correlation-redis-set-cores2,sar_concurrent,cpu_util,CORE6,34,0.0,percent
correlation-redis-set-cores2,sar_concurrent,cpu_util,CORE6,35,0.0,percent
correlation-redis-set-cores2,sar_concurrent,cpu_util,CORE6,36,0.0,percent
correlation-redis-set-cores2,sar_concurrent,cpu_util,CORE6,37,0.0,percent
correlation-redis-set-cores2,sar_concurrent,cpu_util,CORE6,38,0.0,percent
correlation-redis-set-cores2,sar_concurrent,cpu_util,CORE6,39,0.0,percent
correlation-redis-set-cores2,sar_concurrent,cpu_util,CORE6,40,0.0,percent
correlation-redis-set-cores2,sar_concurrent,cpu_util,CORE6,41,0.0,percent
correlation-redis-set-cores2,sar_concurrent,cpu_util,CORE6,42,0.0,percent
correlation-redis-set-cores2,sar_concurrent,cpu_util,CORE6,43,0.0,percent
correlation-redis-set-cores2,sar_concurrent,cpu_util,CORE6,44,0.0,percent
correlation-redis-set-cores2,sar_concurrent,cpu_util,CORE6,45,0.0,percent
correlation-redis-set-cores2,sar_concurrent,cpu_util,CORE6,46,0.0,percent
correlation-redis-set-cores2,sar_concurrent,cpu_util,CORE6,47,0.0,percent
correlation-redis-set-cores2,sar_concurrent,cpu_util,CORE6,48,0.0,percent
correlation-redis-set-cores2,sar_concurrent,cpu_util,CORE6,49,0.0,percent
correlation-redis-set-cores2,sar_concurrent,cpu_util,CORE6,50,0.0,percent
correlation-redis-set-cores2,sar_concurrent,cpu_util,CORE6,51,0.0,percent
correlation-redis-set-cores2,sar_concurrent,cpu_util,CORE6,52,0.0,percent
correlation-redis-set-cores2,sar_concurrent,cpu_util,CORE6,53,0.0,percent
correlation-redis-set-cores2,sar_concurrent,cpu_util,CORE6,54,0.0,percent
correlation-redis-set-cores2,sar_concurrent,cpu_util,CORE6,55,0.0,percent
correlation-redis-set-cores2,sar_concurrent,cpu_util,CORE6,56,0.0,percent
correlation-redis-set-cores2,sar_concurrent,cpu_util,CORE6,57,0.0,percent
correlation-redis-set-cores2,sar_concurrent,cpu_util,CORE6,58,0.0,percent
correlation-redis-set-cores2,sar_concurrent,cpu_util,CORE6,59,0.0,percent
correlation-redis-set-cores2,sar_concurrent,cpu_util,CORE7,0,0.0,percent
correlation-redis-set-cores2,sar_concurrent,cpu_util,CORE7,1,0.0,percent
correlation-redis-set-cores2,sar_concurrent,cpu_util,CORE7,2,0.0,percent
correlation-redis-set-cores2,sar_concurrent,cpu_util,CORE7,3,0.0,percent
correlation-redis-set-cores2,sar_concurrent,cpu_util,CORE7,4,0.0,percent
correlation-redis-set-cores2,sar_concurrent,cpu_util,CORE7,5,0.0,percent
correlation-redis-set-cores2,sar_concurrent,cpu_util,CORE7,6,0.0,percent
correlation-redis-set-cores2,sar_concurrent,cpu_util,CORE7,7,0.0,percent
correlation-redis-set-cores2,sar_concurrent,cpu_util,CORE7,8,0.0,percent
correlation-redis-set-cores2,sar_concurrent,cpu_util,CORE7,9,0.0,percent
correlation-redis-set-cores2,sar_concurrent,cpu_util,CORE7,10,0.0,percent
correlation-redis-set-cores2,sar_concurrent,cpu_util,CORE7,11,0.0,percent
correlation-redis-set-cores2,sar_concurrent,cpu_util,CORE7,12,0.0,percent
correlation-redis-set-cores2,sar_concurrent,cpu_util,CORE7,13,0.0,percent
correlation-redis-set-cores2,sar_concurrent,cpu_util,CORE7,14,0.0,percent
correlation-redis-set-cores2,sar_concurrent,cpu_util,CORE7,15,0.0,percent
correlation-redis-set-cores2,sar_concurrent,cpu_util,CORE7,16,0.0,percent
correlation-redis-set-cores2,sar_concurrent,cpu_util,CORE7,17,0.0,percent
correlation-redis-set-cores2,sar_concurrent,cpu_util,CORE7,18,0.0,percent
correlation-redis-set-cores2,sar_concurrent,cpu_util,CORE7,19,0.0,percent
correlation-redis-set-cores2,sar_concurrent,cpu_util,CORE7,20,0.0,percent
correlation-redis-set-cores2,sar_concurrent,cpu_util,CORE7,21,0.0,percent
correlation-redis-set-cores2,sar_concurrent,cpu_util,CORE7,22,0.0,percent
correlation-redis-set-cores2,sar_concurrent,cpu_util,CORE7,23,0.0,percent
correlation-redis-set-cores2,sar_concurrent,cpu_util,CORE7,24,0.0,percent
correlation-redis-set-cores2,sar_concurrent,cpu_util,CORE7,25,0.0,percent
correlation-redis-set-cores2,sar_concurrent,cpu_util,CORE7,26,0.0,percent
correlation-redis-set-cores2,sar_concurrent,cpu_util,CORE7,27,0.0,percent
correlation-redis-set-cores2,sar_concurrent,cpu_util,CORE7,28,0.0,percent
correlation-redis-set-cores2,sar_concurrent,cpu_util,CORE7,29,0.0,percent
correlation-redis-set-cores2,sar_concurrent,cpu_util,CORE7,30,0.0,percent
correlation-redis-set-cores2,sar_concurrent,cpu_util,CORE7,31,0.0,percent
correlation-redis-set-cores2,sar_concurrent,cpu_util,CORE7,32,0.0,percent
correlation-redis-set-cores2,sar_concurrent,cpu_util,CORE7,33,0.0,percent
correlation-redis-set-cores2,sar_concurrent,cpu_util,CORE7,34,0.0,percent
correlation-redis-set-cores2,sar_concurrent,cpu_util,CORE7,35,0.0,percent
correlation-redis-set-cores2,sar_concurrent,cpu_util,CORE7,36,0.0,percent
correlation-redis-set-cores2,sar_concurrent,cpu_util,CORE7,37,0.0,percent
correlation-redis-set-cores2,sar_concurrent,cpu_util,CORE7,38,0.0,percent
correlation-redis-set-cores2,sar_concurrent,cpu_util,CORE7,39,0.0,percent
correlation-redis-set-cores2,sar_concurrent,cpu_util,CORE7,40,0.0,percent
correlation-redis-set-cores2,sar_concurrent,cpu_util,CORE7,41,0.0,percent
correlation-redis-set-cores2,sar_concurrent,cpu_util,CORE7,42,0.0,percent
correlation-redis-set-cores2,sar_concurrent,cpu_util,CORE7,43,0.0,percent
correlation-redis-set-cores2,sar_concurrent,cpu_util,CORE7,44,0.0,percent
correlation-redis-set-cores2,sar_concurrent,cpu_util,CORE7,45,0.0,percent
correlation-redis-set-cores2,sar_concurrent,cpu_util,CORE7,46,0.0,percent
correlation-redis-set-cores2,sar_concurrent,cpu_util,CORE7,47,0.0,percent
correlation-redis-set-cores2,sar_concurrent,cpu_util,CORE7,48,0.0,percent
correlation-redis-set-cores2,sar_concurrent,cpu_util,CORE7,49,0.0,percent
correlation-redis-set-cores2,sar_concurrent,cpu_util,CORE7,50,0.0,percent
correlation-redis-set-cores2,sar_concurrent,cpu_util,CORE7,51,0.0,percent
correlation-redis-set-cores2,sar_concurrent,cpu_util,CORE7,52,0.0,percent
correlation-redis-set-cores2,sar_concurrent,cpu_util,CORE7,53,0.0,percent
correlation-redis-set-cores2,sar_concurrent,cpu_util,CORE7,54,0.0,percent
correlation-redis-set-cores2,sar_concurrent,cpu_util,CORE7,55,0.0,percent
correlation-redis-set-cores2,sar_concurrent,cpu_util,CORE7,56,0.0,percent
correlation-redis-set-cores2,sar_concurrent,cpu_util,CORE7,57,0.0,percent
correlation-redis-set-cores2,sar_concurrent,cpu_util,CORE7,58,0.0,percent
correlation-redis-set-cores2,sar_concurrent,cpu_util,CORE7,59,0.0,percent
correlation-redis-set-cores2,sar_concurrent,cpu_util,CORE8,0,0.0,percent
correlation-redis-set-cores2,sar_concurrent,cpu_util,CORE8,1,0.0,percent
correlation-redis-set-cores2,sar_concurrent,cpu_util,CORE8,2,0.0,percent
correlation-redis-set-cores2,sar_concurrent,cpu_util,CORE8,3,0.0,percent
correlation-redis-set-cores2,sar_concurrent,cpu_util,CORE8,4,0.0,percent
correlation-redis-set-cores2,sar_concurrent,cpu_util,CORE8,5,0.0,percent
correlation-redis-set-cores2,sar_concurrent,cpu_util,CORE8,6,0.0,percent
correlation-redis-set-cores2,sar_concurrent,cpu_util,CORE8,7,0.0,percent
correlation-redis-set-cores2,sar_concurrent,cpu_util,CORE8,8,0.0,percent
correlation-redis-set-cores2,sar_concurrent,cpu_util,CORE8,9,0.0,percent
correlation-redis-set-cores2,sar_concurrent,cpu_util,CORE8,10,0.0,percent
correlation-redis-set-cores2,sar_concurrent,cpu_util,CORE8,11,0.0,percent
correlation-redis-set-cores2,sar_concurrent,cpu_util,CORE8,12,0.0,percent
correlation-redis-set-cores2,sar_concurrent,cpu_util,CORE8,13,0.0,percent
correlation-redis-set-cores2,sar_concurrent,cpu_util,CORE8,14,0.0,percent
correlation-redis-set-cores2,sar_concurrent,cpu_util,CORE8,15,0.0,percent
correlation-redis-set-cores2,sar_concurrent,cpu_util,CORE8,16,0.0,percent
correlation-redis-set-cores2,sar_concurrent,cpu_util,CORE8,17,0.0,percent
correlation-redis-set-cores2,sar_concurrent,cpu_util,CORE8,18,0.0,percent
correlation-redis-set-cores2,sar_concurrent,cpu_util,CORE8,19,0.0,percent
correlation-redis-set-cores2,sar_concurrent,cpu_util,CORE8,20,0.0,percent
correlation-redis-set-cores2,sar_concurrent,cpu_util,CORE8,21,0.0,percent
correlation-redis-set-cores2,sar_concurrent,cpu_util,CORE8,22,0.0,percent
correlation-redis-set-cores2,sar_concurrent,cpu_util,CORE8,23,0.0,percent
correlation-redis-set-cores2,sar_concurrent,cpu_util,CORE8,24,0.0,percent
correlation-redis-set-cores2,sar_concurrent,cpu_util,CORE8,25,0.0,percent
correlation-redis-set-cores2,sar_concurrent,cpu_util,CORE8,26,0.0,percent
correlation-redis-set-cores2,sar_concurrent,cpu_util,CORE8,27,0.0,percent
correlation-redis-set-cores2,sar_concurrent,cpu_util,CORE8,28,0.0,percent
correlation-redis-set-cores2,sar_concurrent,cpu_util,CORE8,29,0.0,percent
correlation-redis-set-cores2,sar_concurrent,cpu_util,CORE8,30,0.0,percent
correlation-redis-set-cores2,sar_concurrent,cpu_util,CORE8,31,0.0,percent
correlation-redis-set-cores2,sar_concurrent,cpu_util,CORE8,32,0.0,percent
correlation-redis-set-cores2,sar_concurrent,cpu_util,CORE8,33,0.0,percent
correlation-redis-set-cores2,sar_concurrent,cpu_util,CORE8,34,0.0,percent
correlation-redis-set-cores2,sar_concurrent,cpu_util,CORE8,35,0.0,percent
correlation-redis-set-cores2,sar_concurrent,cpu_util,CORE8,36,0.0,percent
correlation-redis-set-cores2,sar_concurrent,cpu_util,CORE8,37,0.0,percent
correlation-redis-set-cores2,sar_concurrent,cpu_util,CORE8,38,0.0,percent
correlation-redis-set-cores2,sar_concurrent,cpu_util,CORE8,39,0.0,percent
correlation-redis-set-cores2,sar_concurrent,cpu_util,CORE8,40,0.0,percent
correlation-redis-set-cores2,sar_concurrent,cpu_util,CORE8,41,0.0,percent
correlation-redis-set-cores2,sar_concurrent,cpu_util,CORE8,42,0.0,percent
correlation-redis-set-cores2,sar_concurrent,cpu_util,CORE8,43,0.0,percent
correlation-redis-set-cores2,sar_concurrent,cpu_util,CORE8,44,0.0,percent
correlation-redis-set-cores2,sar_concurrent,cpu_util,CORE8,45,0.0,percent
correlation-redis-set-cores2,sar_concurrent,cpu_util,CORE8,46,0.0,percent
correlation-redis-set-cores2,sar_concurrent,cpu_util,CORE8,47,0.0,percent
correlation-redis-set-cores2,sar_concurrent,cpu_util,CORE8,48,0.0,percent
correlation-redis-set-cores2,sar_concurrent,cpu_util,CORE8,49,0.0,percent
correlation-redis-set-cores2,sar_concurrent,cpu_util,CORE8,50,0.0,percent
correlation-redis-set-cores2,sar_concurrent,cpu_util,CORE8,51,0.0,percent
correlation-redis-set-cores2,sar_concurrent,cpu_util,CORE8,52,0.0,percent
correlation-redis-set-cores2,sar_concurrent,cpu_util,CORE8,53,0.0,percent
correlation-redis-set-cores2,sar_concurrent,cpu_util,CORE8,54,0.0,percent
correlation-redis-set-cores2,sar_concurrent,cpu_util,CORE8,55,0.0,percent
correlation-redis-set-cores2,sar_concurrent,cpu_util,CORE8,56,0.0,percent
correlation-redis-set-cores2,sar_concurrent,cpu_util,CORE8,57,0.0,percent
correlation-redis-set-cores2,sar_concurrent,cpu_util,CORE8,58,0.0,percent
correlation-redis-set-cores2,sar_concurrent,cpu_util,CORE8,59,0.0,percent
correlation-redis-set-cores2,sar_concurrent,cpu_util,CORE9,0,0.0,percent
correlation-redis-set-cores2,sar_concurrent,cpu_util,CORE9,1,0.0,percent
correlation-redis-set-cores2,sar_concurrent,cpu_util,CORE9,2,0.0,percent
correlation-redis-set-cores2,sar_concurrent,cpu_util,CORE9,3,0.0,percent
correlation-redis-set-cores2,sar_concurrent,cpu_util,CORE9,4,0.0,percent
correlation-redis-set-cores2,sar_concurrent,cpu_util,CORE9,5,0.0,percent
correlation-redis-set-cores2,sar_concurrent,cpu_util,CORE9,6,0.0,percent
correlation-redis-set-cores2,sar_concurrent,cpu_util,CORE9,7,0.0,percent
correlation-redis-set-cores2,sar_concurrent,cpu_util,CORE9,8,0.0,percent
correlation-redis-set-cores2,sar_concurrent,cpu_util,CORE9,9,0.0,percent
correlation-redis-set-cores2,sar_concurrent,cpu_util,CORE9,10,0.0,percent
correlation-redis-set-cores2,sar_concurrent,cpu_util,CORE9,11,0.0,percent
correlation-redis-set-cores2,sar_concurrent,cpu_util,CORE9,12,0.0,percent
correlation-redis-set-cores2,sar_concurrent,cpu_util,CORE9,13,0.0,percent
correlation-redis-set-cores2,sar_concurrent,cpu_util,CORE9,14,0.0,percent
correlation-redis-set-cores2,sar_concurrent,cpu_util,CORE9,15,0.0,percent
correlation-redis-set-cores2,sar_concurrent,cpu_util,CORE9,16,0.0,percent
correlation-redis-set-cores2,sar_concurrent,cpu_util,CORE9,17,0.0,percent
correlation-redis-set-cores2,sar_concurrent,cpu_util,CORE9,18,0.0,percent
correlation-redis-set-cores2,sar_concurrent,cpu_util,CORE9,19,0.0,percent
correlation-redis-set-cores2,sar_concurrent,cpu_util,CORE9,20,0.0,percent
correlation-redis-set-cores2,sar_concurrent,cpu_util,CORE9,21,0.0,percent
correlation-redis-set-cores2,sar_concurrent,cpu_util,CORE9,22,0.0,percent
correlation-redis-set-cores2,sar_concurrent,cpu_util,CORE9,23,0.0,percent
correlation-redis-set-cores2,sar_concurrent,cpu_util,CORE9,24,0.0,percent
correlation-redis-set-cores2,sar_concurrent,cpu_util,CORE9,25,0.0,percent
correlation-redis-set-cores2,sar_concurrent,cpu_util,CORE9,26,0.0,percent
correlation-redis-set-cores2,sar_concurrent,cpu_util,CORE9,27,0.0,percent
correlation-redis-set-cores2,sar_concurrent,cpu_util,CORE9,28,0.0,percent
correlation-redis-set-cores2,sar_concurrent,cpu_util,CORE9,29,0.0,percent
correlation-redis-set-cores2,sar_concurrent,cpu_util,CORE9,30,0.0,percent
correlation-redis-set-cores2,sar_concurrent,cpu_util,CORE9,31,0.0,percent
correlation-redis-set-cores2,sar_concurrent,cpu_util,CORE9,32,0.0,percent
correlation-redis-set-cores2,sar_concurrent,cpu_util,CORE9,33,0.0,percent
correlation-redis-set-cores2,sar_concurrent,cpu_util,CORE9,34,0.0,percent
correlation-redis-set-cores2,sar_concurrent,cpu_util,CORE9,35,0.0,percent
correlation-redis-set-cores2,sar_concurrent,cpu_util,CORE9,36,0.0,percent
correlation-redis-set-cores2,sar_concurrent,cpu_util,CORE9,37,0.0,percent
correlation-redis-set-cores2,sar_concurrent,cpu_util,CORE9,38,0.0,percent
correlation-redis-set-cores2,sar_concurrent,cpu_util,CORE9,39,0.0,percent
correlation-redis-set-cores2,sar_concurrent,cpu_util,CORE9,40,0.0,percent
correlation-redis-set-cores2,sar_concurrent,cpu_util,CORE9,41,0.0,percent
correlation-redis-set-cores2,sar_concurrent,cpu_util,CORE9,42,0.0,percent
correlation-redis-set-cores2,sar_concurrent,cpu_util,CORE9,43,0.0,percent
correlation-redis-set-cores2,sar_concurrent,cpu_util,CORE9,44,0.0,percent
correlation-redis-set-cores2,sar_concurrent,cpu_util,CORE9,45,0.0,percent
correlation-redis-set-cores2,sar_concurrent,cpu_util,CORE9,46,0.0,percent
correlation-redis-set-cores2,sar_concurrent,cpu_util,CORE9,47,0.0,percent
correlation-redis-set-cores2,sar_concurrent,cpu_util,CORE9,48,0.0,percent
correlation-redis-set-cores2,sar_concurrent,cpu_util,CORE9,49,0.0,percent
correlation-redis-set-cores2,sar_concurrent,cpu_util,CORE9,50,0.0,percent
correlation-redis-set-cores2,sar_concurrent,cpu_util,CORE9,51,0.0,percent
correlation-redis-set-cores2,sar_concurrent,cpu_util,CORE9,52,0.0,percent
correlation-redis-set-cores2,sar_concurrent,cpu_util,CORE9,53,0.0,percent
correlation-redis-set-cores2,sar_concurrent,cpu_util,CORE9,54,0.0,percent
correlation-redis-set-cores2,sar_concurrent,cpu_util,CORE9,55,0.0,percent
correlation-redis-set-cores2,sar_concurrent,cpu_util,CORE9,56,0.0,percent
correlation-redis-set-cores2,sar_concurrent,cpu_util,CORE9,57,0.0,percent
correlation-redis-set-cores2,sar_concurrent,cpu_util,CORE9,58,0.0,percent
correlation-redis-set-cores2,sar_concurrent,cpu_util,CORE9,59,0.0,percent
correlation-redis-set-cores2,sar_concurrent,cpu_util,CORE10,0,1.0,percent
correlation-redis-set-cores2,sar_concurrent,cpu_util,CORE10,1,0.0,percent
correlation-redis-set-cores2,sar_concurrent,cpu_util,CORE10,2,0.0,percent
correlation-redis-set-cores2,sar_concurrent,cpu_util,CORE10,3,0.0,percent
correlation-redis-set-cores2,sar_concurrent,cpu_util,CORE10,4,0.0,percent
correlation-redis-set-cores2,sar_concurrent,cpu_util,CORE10,5,0.0,percent
correlation-redis-set-cores2,sar_concurrent,cpu_util,CORE10,6,0.0,percent
correlation-redis-set-cores2,sar_concurrent,cpu_util,CORE10,7,0.0,percent
correlation-redis-set-cores2,sar_concurrent,cpu_util,CORE10,8,0.0,percent
correlation-redis-set-cores2,sar_concurrent,cpu_util,CORE10,9,0.0,percent
correlation-redis-set-cores2,sar_concurrent,cpu_util,CORE10,10,0.0,percent
correlation-redis-set-cores2,sar_concurrent,cpu_util,CORE10,11,0.0,percent
correlation-redis-set-cores2,sar_concurrent,cpu_util,CORE10,12,0.0,percent
correlation-redis-set-cores2,sar_concurrent,cpu_util,CORE10,13,0.0,percent
correlation-redis-set-cores2,sar_concurrent,cpu_util,CORE10,14,0.0,percent
correlation-redis-set-cores2,sar_concurrent,cpu_util,CORE10,15,0.0,percent
correlation-redis-set-cores2,sar_concurrent,cpu_util,CORE10,16,0.0,percent
correlation-redis-set-cores2,sar_concurrent,cpu_util,CORE10,17,0.0,percent
correlation-redis-set-cores2,sar_concurrent,cpu_util,CORE10,18,0.0,percent
correlation-redis-set-cores2,sar_concurrent,cpu_util,CORE10,19,0.0,percent
correlation-redis-set-cores2,sar_concurrent,cpu_util,CORE10,20,0.0,percent
correlation-redis-set-cores2,sar_concurrent,cpu_util,CORE10,21,0.0,percent
correlation-redis-set-cores2,sar_concurrent,cpu_util,CORE10,22,0.0,percent
correlation-redis-set-cores2,sar_concurrent,cpu_util,CORE10,23,0.0,percent
correlation-redis-set-cores2,sar_concurrent,cpu_util,CORE10,24,0.0,percent
correlation-redis-set-cores2,sar_concurrent,cpu_util,CORE10,25,0.0,percent
correlation-redis-set-cores2,sar_concurrent,cpu_util,CORE10,26,0.0,percent
correlation-redis-set-cores2,sar_concurrent,cpu_util,CORE10,27,0.99,percent
correlation-redis-set-cores2,sar_concurrent,cpu_util,CORE10,28,0.0,percent
correlation-redis-set-cores2,sar_concurrent,cpu_util,CORE10,29,0.0,percent
correlation-redis-set-cores2,sar_concurrent,cpu_util,CORE10,30,0.0,percent
correlation-redis-set-cores2,sar_concurrent,cpu_util,CORE10,31,0.0,percent
correlation-redis-set-cores2,sar_concurrent,cpu_util,CORE10,32,1.0,percent
correlation-redis-set-cores2,sar_concurrent,cpu_util,CORE10,33,0.0,percent
correlation-redis-set-cores2,sar_concurrent,cpu_util,CORE10,34,0.0,percent
correlation-redis-set-cores2,sar_concurrent,cpu_util,CORE10,35,0.0,percent
correlation-redis-set-cores2,sar_concurrent,cpu_util,CORE10,36,0.0,percent
correlation-redis-set-cores2,sar_concurrent,cpu_util,CORE10,37,0.0,percent
correlation-redis-set-cores2,sar_concurrent,cpu_util,CORE10,38,0.0,percent
correlation-redis-set-cores2,sar_concurrent,cpu_util,CORE10,39,0.0,percent
correlation-redis-set-cores2,sar_concurrent,cpu_util,CORE10,40,0.0,percent
correlation-redis-set-cores2,sar_concurrent,cpu_util,CORE10,41,0.0,percent
correlation-redis-set-cores2,sar_concurrent,cpu_util,CORE10,42,0.0,percent
correlation-redis-set-cores2,sar_concurrent,cpu_util,CORE10,43,0.0,percent
correlation-redis-set-cores2,sar_concurrent,cpu_util,CORE10,44,0.0,percent
correlation-redis-set-cores2,sar_concurrent,cpu_util,CORE10,45,1.0,percent
correlation-redis-set-cores2,sar_concurrent,cpu_util,CORE10,46,1.0,percent
correlation-redis-set-cores2,sar_concurrent,cpu_util,CORE10,47,0.0,percent
correlation-redis-set-cores2,sar_concurrent,cpu_util,CORE10,48,0.0,percent
correlation-redis-set-cores2,sar_concurrent,cpu_util,CORE10,49,0.0,percent
correlation-redis-set-cores2,sar_concurrent,cpu_util,CORE10,50,0.0,percent
correlation-redis-set-cores2,sar_concurrent,cpu_util,CORE10,51,0.0,percent
correlation-redis-set-cores2,sar_concurrent,cpu_util,CORE10,52,0.0,percent
correlation-redis-set-cores2,sar_concurrent,cpu_util,CORE10,53,0.0,percent
correlation-redis-set-cores2,sar_concurrent,cpu_util,CORE10,54,0.0,percent
correlation-redis-set-cores2,sar_concurrent,cpu_util,CORE10,55,0.0,percent
correlation-redis-set-cores2,sar_concurrent,cpu_util,CORE10,56,0.0,percent
correlation-redis-set-cores2,sar_concurrent,cpu_util,CORE10,57,0.0,percent
correlation-redis-set-cores2,sar_concurrent,cpu_util,CORE10,58,0.0,percent
correlation-redis-set-cores2,sar_concurrent,cpu_util,CORE10,59,0.0,percent
correlation-redis-set-cores2,sar_concurrent,cpu_util,CORE11,0,0.0,percent
correlation-redis-set-cores2,sar_concurrent,cpu_util,CORE11,1,0.0,percent
correlation-redis-set-cores2,sar_concurrent,cpu_util,CORE11,2,0.0,percent
correlation-redis-set-cores2,sar_concurrent,cpu_util,CORE11,3,0.0,percent
correlation-redis-set-cores2,sar_concurrent,cpu_util,CORE11,4,0.0,percent
correlation-redis-set-cores2,sar_concurrent,cpu_util,CORE11,5,0.0,percent
correlation-redis-set-cores2,sar_concurrent,cpu_util,CORE11,6,0.0,percent
correlation-redis-set-cores2,sar_concurrent,cpu_util,CORE11,7,0.0,percent
correlation-redis-set-cores2,sar_concurrent,cpu_util,CORE11,8,0.0,percent
correlation-redis-set-cores2,sar_concurrent,cpu_util,CORE11,9,0.0,percent
correlation-redis-set-cores2,sar_concurrent,cpu_util,CORE11,10,0.0,percent
correlation-redis-set-cores2,sar_concurrent,cpu_util,CORE11,11,0.0,percent
correlation-redis-set-cores2,sar_concurrent,cpu_util,CORE11,12,0.0,percent
correlation-redis-set-cores2,sar_concurrent,cpu_util,CORE11,13,0.0,percent
correlation-redis-set-cores2,sar_concurrent,cpu_util,CORE11,14,0.0,percent
correlation-redis-set-cores2,sar_concurrent,cpu_util,CORE11,15,0.0,percent
correlation-redis-set-cores2,sar_concurrent,cpu_util,CORE11,16,0.0,percent
correlation-redis-set-cores2,sar_concurrent,cpu_util,CORE11,17,0.0,percent
correlation-redis-set-cores2,sar_concurrent,cpu_util,CORE11,18,0.0,percent
correlation-redis-set-cores2,sar_concurrent,cpu_util,CORE11,19,0.0,percent
correlation-redis-set-cores2,sar_concurrent,cpu_util,CORE11,20,0.0,percent
correlation-redis-set-cores2,sar_concurrent,cpu_util,CORE11,21,0.0,percent
correlation-redis-set-cores2,sar_concurrent,cpu_util,CORE11,22,0.0,percent
correlation-redis-set-cores2,sar_concurrent,cpu_util,CORE11,23,0.0,percent
correlation-redis-set-cores2,sar_concurrent,cpu_util,CORE11,24,0.0,percent
correlation-redis-set-cores2,sar_concurrent,cpu_util,CORE11,25,0.0,percent
correlation-redis-set-cores2,sar_concurrent,cpu_util,CORE11,26,0.0,percent
correlation-redis-set-cores2,sar_concurrent,cpu_util,CORE11,27,0.0,percent
correlation-redis-set-cores2,sar_concurrent,cpu_util,CORE11,28,0.0,percent
correlation-redis-set-cores2,sar_concurrent,cpu_util,CORE11,29,0.0,percent
correlation-redis-set-cores2,sar_concurrent,cpu_util,CORE11,30,0.0,percent
correlation-redis-set-cores2,sar_concurrent,cpu_util,CORE11,31,0.0,percent
correlation-redis-set-cores2,sar_concurrent,cpu_util,CORE11,32,1.0,percent
correlation-redis-set-cores2,sar_concurrent,cpu_util,CORE11,33,0.0,percent
correlation-redis-set-cores2,sar_concurrent,cpu_util,CORE11,34,0.0,percent
correlation-redis-set-cores2,sar_concurrent,cpu_util,CORE11,35,0.0,percent
correlation-redis-set-cores2,sar_concurrent,cpu_util,CORE11,36,0.0,percent
correlation-redis-set-cores2,sar_concurrent,cpu_util,CORE11,37,0.99,percent
correlation-redis-set-cores2,sar_concurrent,cpu_util,CORE11,38,0.0,percent
correlation-redis-set-cores2,sar_concurrent,cpu_util,CORE11,39,0.0,percent
correlation-redis-set-cores2,sar_concurrent,cpu_util,CORE11,40,0.0,percent
correlation-redis-set-cores2,sar_concurrent,cpu_util,CORE11,41,0.0,percent
correlation-redis-set-cores2,sar_concurrent,cpu_util,CORE11,42,0.0,percent
correlation-redis-set-cores2,sar_concurrent,cpu_util,CORE11,43,0.0,percent
correlation-redis-set-cores2,sar_concurrent,cpu_util,CORE11,44,0.0,percent
correlation-redis-set-cores2,sar_concurrent,cpu_util,CORE11,45,0.0,percent
correlation-redis-set-cores2,sar_concurrent,cpu_util,CORE11,46,0.0,percent
correlation-redis-set-cores2,sar_concurrent,cpu_util,CORE11,47,0.0,percent
correlation-redis-set-cores2,sar_concurrent,cpu_util,CORE11,48,0.0,percent
correlation-redis-set-cores2,sar_concurrent,cpu_util,CORE11,49,0.0,percent
correlation-redis-set-cores2,sar_concurrent,cpu_util,CORE11,50,0.0,percent
correlation-redis-set-cores2,sar_concurrent,cpu_util,CORE11,51,0.0,percent
correlation-redis-set-cores2,sar_concurrent,cpu_util,CORE11,52,0.0,percent
correlation-redis-set-cores2,sar_concurrent,cpu_util,CORE11,53,0.0,percent
correlation-redis-set-cores2,sar_concurrent,cpu_util,CORE11,54,0.0,percent
correlation-redis-set-cores2,sar_concurrent,cpu_util,CORE11,55,0.0,percent
correlation-redis-set-cores2,sar_concurrent,cpu_util,CORE11,56,0.0,percent
correlation-redis-set-cores2,sar_concurrent,cpu_util,CORE11,57,0.0,percent
correlation-redis-set-cores2,sar_concurrent,cpu_util,CORE11,58,0.0,percent
correlation-redis-set-cores2,sar_concurrent,cpu_util,CORE11,59,0.0,percent
correlation-redis-set-cores2,sar_concurrent,cpu_util,CORE12,0,0.0,percent
correlation-redis-set-cores2,sar_concurrent,cpu_util,CORE12,1,0.0,percent
correlation-redis-set-cores2,sar_concurrent,cpu_util,CORE12,2,0.0,percent
correlation-redis-set-cores2,sar_concurrent,cpu_util,CORE12,3,0.0,percent
correlation-redis-set-cores2,sar_concurrent,cpu_util,CORE12,4,0.0,percent
correlation-redis-set-cores2,sar_concurrent,cpu_util,CORE12,5,0.0,percent
correlation-redis-set-cores2,sar_concurrent,cpu_util,CORE12,6,0.0,percent
correlation-redis-set-cores2,sar_concurrent,cpu_util,CORE12,7,0.0,percent
correlation-redis-set-cores2,sar_concurrent,cpu_util,CORE12,8,0.0,percent
correlation-redis-set-cores2,sar_concurrent,cpu_util,CORE12,9,0.0,percent
correlation-redis-set-cores2,sar_concurrent,cpu_util,CORE12,10,0.0,percent
correlation-redis-set-cores2,sar_concurrent,cpu_util,CORE12,11,0.0,percent
correlation-redis-set-cores2,sar_concurrent,cpu_util,CORE12,12,0.0,percent
correlation-redis-set-cores2,sar_concurrent,cpu_util,CORE12,13,0.0,percent
correlation-redis-set-cores2,sar_concurrent,cpu_util,CORE12,14,0.0,percent
correlation-redis-set-cores2,sar_concurrent,cpu_util,CORE12,15,0.0,percent
correlation-redis-set-cores2,sar_concurrent,cpu_util,CORE12,16,0.0,percent
correlation-redis-set-cores2,sar_concurrent,cpu_util,CORE12,17,0.0,percent
correlation-redis-set-cores2,sar_concurrent,cpu_util,CORE12,18,0.0,percent
correlation-redis-set-cores2,sar_concurrent,cpu_util,CORE12,19,0.0,percent
correlation-redis-set-cores2,sar_concurrent,cpu_util,CORE12,20,0.0,percent
correlation-redis-set-cores2,sar_concurrent,cpu_util,CORE12,21,0.0,percent
correlation-redis-set-cores2,sar_concurrent,cpu_util,CORE12,22,0.0,percent
correlation-redis-set-cores2,sar_concurrent,cpu_util,CORE12,23,0.0,percent
correlation-redis-set-cores2,sar_concurrent,cpu_util,CORE12,24,0.0,percent
correlation-redis-set-cores2,sar_concurrent,cpu_util,CORE12,25,0.0,percent
correlation-redis-set-cores2,sar_concurrent,cpu_util,CORE12,26,0.0,percent
correlation-redis-set-cores2,sar_concurrent,cpu_util,CORE12,27,0.0,percent
correlation-redis-set-cores2,sar_concurrent,cpu_util,CORE12,28,0.0,percent
correlation-redis-set-cores2,sar_concurrent,cpu_util,CORE12,29,0.0,percent
correlation-redis-set-cores2,sar_concurrent,cpu_util,CORE12,30,0.0,percent
correlation-redis-set-cores2,sar_concurrent,cpu_util,CORE12,31,0.0,percent
correlation-redis-set-cores2,sar_concurrent,cpu_util,CORE12,32,0.0,percent
correlation-redis-set-cores2,sar_concurrent,cpu_util,CORE12,33,0.0,percent
correlation-redis-set-cores2,sar_concurrent,cpu_util,CORE12,34,0.0,percent
correlation-redis-set-cores2,sar_concurrent,cpu_util,CORE12,35,0.0,percent
correlation-redis-set-cores2,sar_concurrent,cpu_util,CORE12,36,0.0,percent
correlation-redis-set-cores2,sar_concurrent,cpu_util,CORE12,37,0.0,percent
correlation-redis-set-cores2,sar_concurrent,cpu_util,CORE12,38,0.0,percent
correlation-redis-set-cores2,sar_concurrent,cpu_util,CORE12,39,0.0,percent
correlation-redis-set-cores2,sar_concurrent,cpu_util,CORE12,40,0.0,percent
correlation-redis-set-cores2,sar_concurrent,cpu_util,CORE12,41,0.0,percent
correlation-redis-set-cores2,sar_concurrent,cpu_util,CORE12,42,0.0,percent
correlation-redis-set-cores2,sar_concurrent,cpu_util,CORE12,43,0.0,percent
correlation-redis-set-cores2,sar_concurrent,cpu_util,CORE12,44,0.0,percent
correlation-redis-set-cores2,sar_concurrent,cpu_util,CORE12,45,0.0,percent
correlation-redis-set-cores2,sar_concurrent,cpu_util,CORE12,46,0.0,percent
correlation-redis-set-cores2,sar_concurrent,cpu_util,CORE12,47,0.0,percent
correlation-redis-set-cores2,sar_concurrent,cpu_util,CORE12,48,0.0,percent
correlation-redis-set-cores2,sar_concurrent,cpu_util,CORE12,49,0.0,percent
correlation-redis-set-cores2,sar_concurrent,cpu_util,CORE12,50,0.0,percent
correlation-redis-set-cores2,sar_concurrent,cpu_util,CORE12,51,0.0,percent
correlation-redis-set-cores2,sar_concurrent,cpu_util,CORE12,52,0.0,percent
correlation-redis-set-cores2,sar_concurrent,cpu_util,CORE12,53,0.0,percent
correlation-redis-set-cores2,sar_concurrent,cpu_util,CORE12,54,0.0,percent
correlation-redis-set-cores2,sar_concurrent,cpu_util,CORE12,55,0.0,percent
correlation-redis-set-cores2,sar_concurrent,cpu_util,CORE12,56,0.0,percent
correlation-redis-set-cores2,sar_concurrent,cpu_util,CORE12,57,0.0,percent
correlation-redis-set-cores2,sar_concurrent,cpu_util,CORE12,58,0.0,percent
correlation-redis-set-cores2,sar_concurrent,cpu_util,CORE12,59,0.0,percent
correlation-redis-set-cores2,sar_concurrent,cpu_util,CORE13,0,0.0,percent
correlation-redis-set-cores2,sar_concurrent,cpu_util,CORE13,1,0.0,percent
correlation-redis-set-cores2,sar_concurrent,cpu_util,CORE13,2,0.0,percent
correlation-redis-set-cores2,sar_concurrent,cpu_util,CORE13,3,0.0,percent
correlation-redis-set-cores2,sar_concurrent,cpu_util,CORE13,4,0.0,percent
correlation-redis-set-cores2,sar_concurrent,cpu_util,CORE13,5,0.0,percent
correlation-redis-set-cores2,sar_concurrent,cpu_util,CORE13,6,0.0,percent
correlation-redis-set-cores2,sar_concurrent,cpu_util,CORE13,7,0.0,percent
correlation-redis-set-cores2,sar_concurrent,cpu_util,CORE13,8,0.0,percent
correlation-redis-set-cores2,sar_concurrent,cpu_util,CORE13,9,0.0,percent
correlation-redis-set-cores2,sar_concurrent,cpu_util,CORE13,10,0.0,percent
correlation-redis-set-cores2,sar_concurrent,cpu_util,CORE13,11,0.0,percent
correlation-redis-set-cores2,sar_concurrent,cpu_util,CORE13,12,0.0,percent
correlation-redis-set-cores2,sar_concurrent,cpu_util,CORE13,13,0.0,percent
correlation-redis-set-cores2,sar_concurrent,cpu_util,CORE13,14,0.0,percent
correlation-redis-set-cores2,sar_concurrent,cpu_util,CORE13,15,0.0,percent
correlation-redis-set-cores2,sar_concurrent,cpu_util,CORE13,16,0.0,percent
correlation-redis-set-cores2,sar_concurrent,cpu_util,CORE13,17,0.0,percent
correlation-redis-set-cores2,sar_concurrent,cpu_util,CORE13,18,0.0,percent
correlation-redis-set-cores2,sar_concurrent,cpu_util,CORE13,19,0.0,percent
correlation-redis-set-cores2,sar_concurrent,cpu_util,CORE13,20,0.0,percent
correlation-redis-set-cores2,sar_concurrent,cpu_util,CORE13,21,1.0,percent
correlation-redis-set-cores2,sar_concurrent,cpu_util,CORE13,22,0.0,percent
correlation-redis-set-cores2,sar_concurrent,cpu_util,CORE13,23,0.0,percent
correlation-redis-set-cores2,sar_concurrent,cpu_util,CORE13,24,0.0,percent
correlation-redis-set-cores2,sar_concurrent,cpu_util,CORE13,25,0.0,percent
correlation-redis-set-cores2,sar_concurrent,cpu_util,CORE13,26,0.0,percent
correlation-redis-set-cores2,sar_concurrent,cpu_util,CORE13,27,0.0,percent
correlation-redis-set-cores2,sar_concurrent,cpu_util,CORE13,28,0.0,percent
correlation-redis-set-cores2,sar_concurrent,cpu_util,CORE13,29,0.0,percent
correlation-redis-set-cores2,sar_concurrent,cpu_util,CORE13,30,1.0,percent
correlation-redis-set-cores2,sar_concurrent,cpu_util,CORE13,31,0.0,percent
correlation-redis-set-cores2,sar_concurrent,cpu_util,CORE13,32,0.0,percent
correlation-redis-set-cores2,sar_concurrent,cpu_util,CORE13,33,0.0,percent
correlation-redis-set-cores2,sar_concurrent,cpu_util,CORE13,34,0.0,percent
correlation-redis-set-cores2,sar_concurrent,cpu_util,CORE13,35,0.0,percent
correlation-redis-set-cores2,sar_concurrent,cpu_util,CORE13,36,0.0,percent
correlation-redis-set-cores2,sar_concurrent,cpu_util,CORE13,37,0.0,percent
correlation-redis-set-cores2,sar_concurrent,cpu_util,CORE13,38,0.0,percent
correlation-redis-set-cores2,sar_concurrent,cpu_util,CORE13,39,0.0,percent
correlation-redis-set-cores2,sar_concurrent,cpu_util,CORE13,40,0.0,percent
correlation-redis-set-cores2,sar_concurrent,cpu_util,CORE13,41,0.0,percent
correlation-redis-set-cores2,sar_concurrent,cpu_util,CORE13,42,0.0,percent
correlation-redis-set-cores2,sar_concurrent,cpu_util,CORE13,43,0.0,percent
correlation-redis-set-cores2,sar_concurrent,cpu_util,CORE13,44,0.0,percent
correlation-redis-set-cores2,sar_concurrent,cpu_util,CORE13,45,0.0,percent
correlation-redis-set-cores2,sar_concurrent,cpu_util,CORE13,46,0.0,percent
correlation-redis-set-cores2,sar_concurrent,cpu_util,CORE13,47,0.0,percent
correlation-redis-set-cores2,sar_concurrent,cpu_util,CORE13,48,0.0,percent
correlation-redis-set-cores2,sar_concurrent,cpu_util,CORE13,49,0.0,percent
correlation-redis-set-cores2,sar_concurrent,cpu_util,CORE13,50,0.0,percent
correlation-redis-set-cores2,sar_concurrent,cpu_util,CORE13,51,0.0,percent
correlation-redis-set-cores2,sar_concurrent,cpu_util,CORE13,52,0.0,percent
correlation-redis-set-cores2,sar_concurrent,cpu_util,CORE13,53,0.0,percent
correlation-redis-set-cores2,sar_concurrent,cpu_util,CORE13,54,0.0,percent
correlation-redis-set-cores2,sar_concurrent,cpu_util,CORE13,55,0.0,percent
correlation-redis-set-cores2,sar_concurrent,cpu_util,CORE13,56,0.0,percent
correlation-redis-set-cores2,sar_concurrent,cpu_util,CORE13,57,0.0,percent
correlation-redis-set-cores2,sar_concurrent,cpu_util,CORE13,58,0.0,percent
correlation-redis-set-cores2,sar_concurrent,cpu_util,CORE13,59,0.0,percent
correlation-redis-set-cores2,sar_concurrent,cpu_util,CORE14,0,2.0,percent
correlation-redis-set-cores2,sar_concurrent,cpu_util,CORE14,1,0.0,percent
correlation-redis-set-cores2,sar_concurrent,cpu_util,CORE14,2,0.0,percent
correlation-redis-set-cores2,sar_concurrent,cpu_util,CORE14,3,0.0,percent
correlation-redis-set-cores2,sar_concurrent,cpu_util,CORE14,4,0.0,percent
correlation-redis-set-cores2,sar_concurrent,cpu_util,CORE14,5,0.99,percent
correlation-redis-set-cores2,sar_concurrent,cpu_util,CORE14,6,0.0,percent
correlation-redis-set-cores2,sar_concurrent,cpu_util,CORE14,7,0.0,percent
correlation-redis-set-cores2,sar_concurrent,cpu_util,CORE14,8,0.0,percent
correlation-redis-set-cores2,sar_concurrent,cpu_util,CORE14,9,0.0,percent
correlation-redis-set-cores2,sar_concurrent,cpu_util,CORE14,10,0.0,percent
correlation-redis-set-cores2,sar_concurrent,cpu_util,CORE14,11,0.0,percent
correlation-redis-set-cores2,sar_concurrent,cpu_util,CORE14,12,0.0,percent
correlation-redis-set-cores2,sar_concurrent,cpu_util,CORE14,13,0.0,percent
correlation-redis-set-cores2,sar_concurrent,cpu_util,CORE14,14,0.0,percent
correlation-redis-set-cores2,sar_concurrent,cpu_util,CORE14,15,0.0,percent
correlation-redis-set-cores2,sar_concurrent,cpu_util,CORE14,16,0.0,percent
correlation-redis-set-cores2,sar_concurrent,cpu_util,CORE14,17,0.0,percent
correlation-redis-set-cores2,sar_concurrent,cpu_util,CORE14,18,0.0,percent
correlation-redis-set-cores2,sar_concurrent,cpu_util,CORE14,19,0.0,percent
correlation-redis-set-cores2,sar_concurrent,cpu_util,CORE14,20,1.0,percent
correlation-redis-set-cores2,sar_concurrent,cpu_util,CORE14,21,2.0,percent
correlation-redis-set-cores2,sar_concurrent,cpu_util,CORE14,22,0.0,percent
correlation-redis-set-cores2,sar_concurrent,cpu_util,CORE14,23,0.0,percent
correlation-redis-set-cores2,sar_concurrent,cpu_util,CORE14,24,0.0,percent
correlation-redis-set-cores2,sar_concurrent,cpu_util,CORE14,25,0.0,percent
correlation-redis-set-cores2,sar_concurrent,cpu_util,CORE14,26,0.0,percent
correlation-redis-set-cores2,sar_concurrent,cpu_util,CORE14,27,0.0,percent
correlation-redis-set-cores2,sar_concurrent,cpu_util,CORE14,28,0.0,percent
correlation-redis-set-cores2,sar_concurrent,cpu_util,CORE14,29,0.0,percent
correlation-redis-set-cores2,sar_concurrent,cpu_util,CORE14,30,0.0,percent
correlation-redis-set-cores2,sar_concurrent,cpu_util,CORE14,31,0.0,percent
correlation-redis-set-cores2,sar_concurrent,cpu_util,CORE14,32,0.0,percent
correlation-redis-set-cores2,sar_concurrent,cpu_util,CORE14,33,0.0,percent
correlation-redis-set-cores2,sar_concurrent,cpu_util,CORE14,34,0.0,percent
correlation-redis-set-cores2,sar_concurrent,cpu_util,CORE14,35,0.0,percent
correlation-redis-set-cores2,sar_concurrent,cpu_util,CORE14,36,0.0,percent
correlation-redis-set-cores2,sar_concurrent,cpu_util,CORE14,37,0.0,percent
correlation-redis-set-cores2,sar_concurrent,cpu_util,CORE14,38,0.99,percent
correlation-redis-set-cores2,sar_concurrent,cpu_util,CORE14,39,0.0,percent
correlation-redis-set-cores2,sar_concurrent,cpu_util,CORE14,40,0.0,percent
correlation-redis-set-cores2,sar_concurrent,cpu_util,CORE14,41,0.0,percent
correlation-redis-set-cores2,sar_concurrent,cpu_util,CORE14,42,0.0,percent
correlation-redis-set-cores2,sar_concurrent,cpu_util,CORE14,43,0.0,percent
correlation-redis-set-cores2,sar_concurrent,cpu_util,CORE14,44,0.0,percent
correlation-redis-set-cores2,sar_concurrent,cpu_util,CORE14,45,0.0,percent
correlation-redis-set-cores2,sar_concurrent,cpu_util,CORE14,46,0.0,percent
correlation-redis-set-cores2,sar_concurrent,cpu_util,CORE14,47,0.0,percent
correlation-redis-set-cores2,sar_concurrent,cpu_util,CORE14,48,0.0,percent
correlation-redis-set-cores2,sar_concurrent,cpu_util,CORE14,49,0.0,percent
correlation-redis-set-cores2,sar_concurrent,cpu_util,CORE14,50,0.0,percent
correlation-redis-set-cores2,sar_concurrent,cpu_util,CORE14,51,0.0,percent
correlation-redis-set-cores2,sar_concurrent,cpu_util,CORE14,52,0.0,percent
correlation-redis-set-cores2,sar_concurrent,cpu_util,CORE14,53,0.99,percent
correlation-redis-set-cores2,sar_concurrent,cpu_util,CORE14,54,0.0,percent
correlation-redis-set-cores2,sar_concurrent,cpu_util,CORE14,55,0.0,percent
correlation-redis-set-cores2,sar_concurrent,cpu_util,CORE14,56,0.0,percent
correlation-redis-set-cores2,sar_concurrent,cpu_util,CORE14,57,0.0,percent
correlation-redis-set-cores2,sar_concurrent,cpu_util,CORE14,58,0.0,percent
correlation-redis-set-cores2,sar_concurrent,cpu_util,CORE14,59,0.0,percent
correlation-redis-set-cores2,sar_concurrent,cpu_util,CORE15,0,1.98,percent
correlation-redis-set-cores2,sar_concurrent,cpu_util,CORE15,1,0.0,percent
correlation-redis-set-cores2,sar_concurrent,cpu_util,CORE15,2,0.0,percent
correlation-redis-set-cores2,sar_concurrent,cpu_util,CORE15,3,0.0,percent
correlation-redis-set-cores2,sar_concurrent,cpu_util,CORE15,4,0.0,percent
correlation-redis-set-cores2,sar_concurrent,cpu_util,CORE15,5,0.0,percent
correlation-redis-set-cores2,sar_concurrent,cpu_util,CORE15,6,0.0,percent
correlation-redis-set-cores2,sar_concurrent,cpu_util,CORE15,7,0.0,percent
correlation-redis-set-cores2,sar_concurrent,cpu_util,CORE15,8,0.0,percent
correlation-redis-set-cores2,sar_concurrent,cpu_util,CORE15,9,0.0,percent
correlation-redis-set-cores2,sar_concurrent,cpu_util,CORE15,10,0.0,percent
correlation-redis-set-cores2,sar_concurrent,cpu_util,CORE15,11,0.0,percent
correlation-redis-set-cores2,sar_concurrent,cpu_util,CORE15,12,0.0,percent
correlation-redis-set-cores2,sar_concurrent,cpu_util,CORE15,13,0.0,percent
correlation-redis-set-cores2,sar_concurrent,cpu_util,CORE15,14,0.0,percent
correlation-redis-set-cores2,sar_concurrent,cpu_util,CORE15,15,0.0,percent
correlation-redis-set-cores2,sar_concurrent,cpu_util,CORE15,16,0.0,percent
correlation-redis-set-cores2,sar_concurrent,cpu_util,CORE15,17,0.0,percent
correlation-redis-set-cores2,sar_concurrent,cpu_util,CORE15,18,0.0,percent
correlation-redis-set-cores2,sar_concurrent,cpu_util,CORE15,19,0.0,percent
correlation-redis-set-cores2,sar_concurrent,cpu_util,CORE15,20,0.0,percent
correlation-redis-set-cores2,sar_concurrent,cpu_util,CORE15,21,0.0,percent
correlation-redis-set-cores2,sar_concurrent,cpu_util,CORE15,22,0.0,percent
correlation-redis-set-cores2,sar_concurrent,cpu_util,CORE15,23,0.0,percent
correlation-redis-set-cores2,sar_concurrent,cpu_util,CORE15,24,0.0,percent
correlation-redis-set-cores2,sar_concurrent,cpu_util,CORE15,25,0.0,percent
correlation-redis-set-cores2,sar_concurrent,cpu_util,CORE15,26,0.0,percent
correlation-redis-set-cores2,sar_concurrent,cpu_util,CORE15,27,0.0,percent
correlation-redis-set-cores2,sar_concurrent,cpu_util,CORE15,28,0.0,percent
correlation-redis-set-cores2,sar_concurrent,cpu_util,CORE15,29,0.0,percent
correlation-redis-set-cores2,sar_concurrent,cpu_util,CORE15,30,0.0,percent
correlation-redis-set-cores2,sar_concurrent,cpu_util,CORE15,31,0.0,percent
correlation-redis-set-cores2,sar_concurrent,cpu_util,CORE15,32,0.0,percent
correlation-redis-set-cores2,sar_concurrent,cpu_util,CORE15,33,0.0,percent
correlation-redis-set-cores2,sar_concurrent,cpu_util,CORE15,34,0.0,percent
correlation-redis-set-cores2,sar_concurrent,cpu_util,CORE15,35,0.0,percent
correlation-redis-set-cores2,sar_concurrent,cpu_util,CORE15,36,0.0,percent
correlation-redis-set-cores2,sar_concurrent,cpu_util,CORE15,37,0.0,percent
correlation-redis-set-cores2,sar_concurrent,cpu_util,CORE15,38,0.0,percent
correlation-redis-set-cores2,sar_concurrent,cpu_util,CORE15,39,0.0,percent
correlation-redis-set-cores2,sar_concurrent,cpu_util,CORE15,40,0.0,percent
correlation-redis-set-cores2,sar_concurrent,cpu_util,CORE15,41,0.0,percent
correlation-redis-set-cores2,sar_concurrent,cpu_util,CORE15,42,0.0,percent
correlation-redis-set-cores2,sar_concurrent,cpu_util,CORE15,43,0.0,percent
correlation-redis-set-cores2,sar_concurrent,cpu_util,CORE15,44,0.0,percent
correlation-redis-set-cores2,sar_concurrent,cpu_util,CORE15,45,0.0,percent
correlation-redis-set-cores2,sar_concurrent,cpu_util,CORE15,46,0.0,percent
correlation-redis-set-cores2,sar_concurrent,cpu_util,CORE15,47,0.0,percent
correlation-redis-set-cores2,sar_concurrent,cpu_util,CORE15,48,0.0,percent
correlation-redis-set-cores2,sar_concurrent,cpu_util,CORE15,49,0.0,percent
correlation-redis-set-cores2,sar_concurrent,cpu_util,CORE15,50,0.0,percent
correlation-redis-set-cores2,sar_concurrent,cpu_util,CORE15,51,0.0,percent
correlation-redis-set-cores2,sar_concurrent,cpu_util,CORE15,52,0.0,percent
correlation-redis-set-cores2,sar_concurrent,cpu_util,CORE15,53,0.0,percent
correlation-redis-set-cores2,sar_concurrent,cpu_util,CORE15,54,0.0,percent
correlation-redis-set-cores2,sar_concurrent,cpu_util,CORE15,55,0.0,percent
correlation-redis-set-cores2,sar_concurrent,cpu_util,CORE15,56,0.0,percent
correlation-redis-set-cores2,sar_concurrent,cpu_util,CORE15,57,0.0,percent
correlation-redis-set-cores2,sar_concurrent,cpu_util,CORE15,58,0.0,percent
correlation-redis-set-cores2,sar_concurrent,cpu_util,CORE15,59,0.0,percent
correlation-redis-set-cores2,sar_concurrent,cpu_util,CORE16,0,0.0,percent
correlation-redis-set-cores2,sar_concurrent,cpu_util,CORE16,1,0.0,percent
correlation-redis-set-cores2,sar_concurrent,cpu_util,CORE16,2,0.0,percent
correlation-redis-set-cores2,sar_concurrent,cpu_util,CORE16,3,0.0,percent
correlation-redis-set-cores2,sar_concurrent,cpu_util,CORE16,4,0.0,percent
correlation-redis-set-cores2,sar_concurrent,cpu_util,CORE16,5,0.0,percent
correlation-redis-set-cores2,sar_concurrent,cpu_util,CORE16,6,0.0,percent
correlation-redis-set-cores2,sar_concurrent,cpu_util,CORE16,7,0.0,percent
correlation-redis-set-cores2,sar_concurrent,cpu_util,CORE16,8,0.0,percent
correlation-redis-set-cores2,sar_concurrent,cpu_util,CORE16,9,0.0,percent
correlation-redis-set-cores2,sar_concurrent,cpu_util,CORE16,10,0.0,percent
correlation-redis-set-cores2,sar_concurrent,cpu_util,CORE16,11,0.0,percent
correlation-redis-set-cores2,sar_concurrent,cpu_util,CORE16,12,0.0,percent
correlation-redis-set-cores2,sar_concurrent,cpu_util,CORE16,13,0.0,percent
correlation-redis-set-cores2,sar_concurrent,cpu_util,CORE16,14,0.0,percent
correlation-redis-set-cores2,sar_concurrent,cpu_util,CORE16,15,0.0,percent
correlation-redis-set-cores2,sar_concurrent,cpu_util,CORE16,16,0.0,percent
correlation-redis-set-cores2,sar_concurrent,cpu_util,CORE16,17,0.0,percent
correlation-redis-set-cores2,sar_concurrent,cpu_util,CORE16,18,0.0,percent
correlation-redis-set-cores2,sar_concurrent,cpu_util,CORE16,19,0.0,percent
correlation-redis-set-cores2,sar_concurrent,cpu_util,CORE16,20,0.0,percent
correlation-redis-set-cores2,sar_concurrent,cpu_util,CORE16,21,0.0,percent
correlation-redis-set-cores2,sar_concurrent,cpu_util,CORE16,22,0.0,percent
correlation-redis-set-cores2,sar_concurrent,cpu_util,CORE16,23,0.0,percent
correlation-redis-set-cores2,sar_concurrent,cpu_util,CORE16,24,0.0,percent
correlation-redis-set-cores2,sar_concurrent,cpu_util,CORE16,25,0.0,percent
correlation-redis-set-cores2,sar_concurrent,cpu_util,CORE16,26,0.0,percent
correlation-redis-set-cores2,sar_concurrent,cpu_util,CORE16,27,0.0,percent
correlation-redis-set-cores2,sar_concurrent,cpu_util,CORE16,28,0.0,percent
correlation-redis-set-cores2,sar_concurrent,cpu_util,CORE16,29,0.0,percent
correlation-redis-set-cores2,sar_concurrent,cpu_util,CORE16,30,0.0,percent
correlation-redis-set-cores2,sar_concurrent,cpu_util,CORE16,31,0.0,percent
correlation-redis-set-cores2,sar_concurrent,cpu_util,CORE16,32,0.0,percent
correlation-redis-set-cores2,sar_concurrent,cpu_util,CORE16,33,0.0,percent
correlation-redis-set-cores2,sar_concurrent,cpu_util,CORE16,34,0.0,percent
correlation-redis-set-cores2,sar_concurrent,cpu_util,CORE16,35,0.0,percent
correlation-redis-set-cores2,sar_concurrent,cpu_util,CORE16,36,0.0,percent
correlation-redis-set-cores2,sar_concurrent,cpu_util,CORE16,37,0.0,percent
correlation-redis-set-cores2,sar_concurrent,cpu_util,CORE16,38,0.0,percent
correlation-redis-set-cores2,sar_concurrent,cpu_util,CORE16,39,0.0,percent
correlation-redis-set-cores2,sar_concurrent,cpu_util,CORE16,40,0.0,percent
correlation-redis-set-cores2,sar_concurrent,cpu_util,CORE16,41,0.0,percent
correlation-redis-set-cores2,sar_concurrent,cpu_util,CORE16,42,0.0,percent
correlation-redis-set-cores2,sar_concurrent,cpu_util,CORE16,43,0.0,percent
correlation-redis-set-cores2,sar_concurrent,cpu_util,CORE16,44,0.0,percent
correlation-redis-set-cores2,sar_concurrent,cpu_util,CORE16,45,0.0,percent
correlation-redis-set-cores2,sar_concurrent,cpu_util,CORE16,46,0.0,percent
correlation-redis-set-cores2,sar_concurrent,cpu_util,CORE16,47,0.0,percent
correlation-redis-set-cores2,sar_concurrent,cpu_util,CORE16,48,0.0,percent
correlation-redis-set-cores2,sar_concurrent,cpu_util,CORE16,49,0.0,percent
correlation-redis-set-cores2,sar_concurrent,cpu_util,CORE16,50,0.0,percent
correlation-redis-set-cores2,sar_concurrent,cpu_util,CORE16,51,0.0,percent
correlation-redis-set-cores2,sar_concurrent,cpu_util,CORE16,52,0.0,percent
correlation-redis-set-cores2,sar_concurrent,cpu_util,CORE16,53,0.0,percent
correlation-redis-set-cores2,sar_concurrent,cpu_util,CORE16,54,0.0,percent
correlation-redis-set-cores2,sar_concurrent,cpu_util,CORE16,55,0.0,percent
correlation-redis-set-cores2,sar_concurrent,cpu_util,CORE16,56,0.0,percent
correlation-redis-set-cores2,sar_concurrent,cpu_util,CORE16,57,0.0,percent
correlation-redis-set-cores2,sar_concurrent,cpu_util,CORE16,58,0.0,percent
correlation-redis-set-cores2,sar_concurrent,cpu_util,CORE16,59,0.0,percent
correlation-redis-set-cores2,sar_concurrent,cpu_util,CORE17,0,0.0,percent
correlation-redis-set-cores2,sar_concurrent,cpu_util,CORE17,1,0.0,percent
correlation-redis-set-cores2,sar_concurrent,cpu_util,CORE17,2,0.0,percent
correlation-redis-set-cores2,sar_concurrent,cpu_util,CORE17,3,0.0,percent
correlation-redis-set-cores2,sar_concurrent,cpu_util,CORE17,4,0.0,percent
correlation-redis-set-cores2,sar_concurrent,cpu_util,CORE17,5,0.0,percent
correlation-redis-set-cores2,sar_concurrent,cpu_util,CORE17,6,0.0,percent
correlation-redis-set-cores2,sar_concurrent,cpu_util,CORE17,7,0.0,percent
correlation-redis-set-cores2,sar_concurrent,cpu_util,CORE17,8,0.0,percent
correlation-redis-set-cores2,sar_concurrent,cpu_util,CORE17,9,0.0,percent
correlation-redis-set-cores2,sar_concurrent,cpu_util,CORE17,10,0.0,percent
correlation-redis-set-cores2,sar_concurrent,cpu_util,CORE17,11,0.0,percent
correlation-redis-set-cores2,sar_concurrent,cpu_util,CORE17,12,0.0,percent
correlation-redis-set-cores2,sar_concurrent,cpu_util,CORE17,13,0.0,percent
correlation-redis-set-cores2,sar_concurrent,cpu_util,CORE17,14,0.0,percent
correlation-redis-set-cores2,sar_concurrent,cpu_util,CORE17,15,0.0,percent
correlation-redis-set-cores2,sar_concurrent,cpu_util,CORE17,16,0.0,percent
correlation-redis-set-cores2,sar_concurrent,cpu_util,CORE17,17,0.0,percent
correlation-redis-set-cores2,sar_concurrent,cpu_util,CORE17,18,0.0,percent
correlation-redis-set-cores2,sar_concurrent,cpu_util,CORE17,19,0.0,percent
correlation-redis-set-cores2,sar_concurrent,cpu_util,CORE17,20,0.0,percent
correlation-redis-set-cores2,sar_concurrent,cpu_util,CORE17,21,0.0,percent
correlation-redis-set-cores2,sar_concurrent,cpu_util,CORE17,22,0.0,percent
correlation-redis-set-cores2,sar_concurrent,cpu_util,CORE17,23,0.0,percent
correlation-redis-set-cores2,sar_concurrent,cpu_util,CORE17,24,0.0,percent
correlation-redis-set-cores2,sar_concurrent,cpu_util,CORE17,25,0.0,percent
correlation-redis-set-cores2,sar_concurrent,cpu_util,CORE17,26,0.0,percent
correlation-redis-set-cores2,sar_concurrent,cpu_util,CORE17,27,0.0,percent
correlation-redis-set-cores2,sar_concurrent,cpu_util,CORE17,28,0.0,percent
correlation-redis-set-cores2,sar_concurrent,cpu_util,CORE17,29,0.0,percent
correlation-redis-set-cores2,sar_concurrent,cpu_util,CORE17,30,0.0,percent
correlation-redis-set-cores2,sar_concurrent,cpu_util,CORE17,31,0.0,percent
correlation-redis-set-cores2,sar_concurrent,cpu_util,CORE17,32,0.0,percent
correlation-redis-set-cores2,sar_concurrent,cpu_util,CORE17,33,0.0,percent
correlation-redis-set-cores2,sar_concurrent,cpu_util,CORE17,34,0.0,percent
correlation-redis-set-cores2,sar_concurrent,cpu_util,CORE17,35,0.0,percent
correlation-redis-set-cores2,sar_concurrent,cpu_util,CORE17,36,0.0,percent
correlation-redis-set-cores2,sar_concurrent,cpu_util,CORE17,37,0.0,percent
correlation-redis-set-cores2,sar_concurrent,cpu_util,CORE17,38,0.0,percent
correlation-redis-set-cores2,sar_concurrent,cpu_util,CORE17,39,0.0,percent
correlation-redis-set-cores2,sar_concurrent,cpu_util,CORE17,40,0.0,percent
correlation-redis-set-cores2,sar_concurrent,cpu_util,CORE17,41,0.0,percent
correlation-redis-set-cores2,sar_concurrent,cpu_util,CORE17,42,0.0,percent
correlation-redis-set-cores2,sar_concurrent,cpu_util,CORE17,43,0.0,percent
correlation-redis-set-cores2,sar_concurrent,cpu_util,CORE17,44,0.0,percent
correlation-redis-set-cores2,sar_concurrent,cpu_util,CORE17,45,0.0,percent
correlation-redis-set-cores2,sar_concurrent,cpu_util,CORE17,46,0.0,percent
correlation-redis-set-cores2,sar_concurrent,cpu_util,CORE17,47,0.0,percent
correlation-redis-set-cores2,sar_concurrent,cpu_util,CORE17,48,0.0,percent
correlation-redis-set-cores2,sar_concurrent,cpu_util,CORE17,49,0.0,percent
correlation-redis-set-cores2,sar_concurrent,cpu_util,CORE17,50,0.0,percent
correlation-redis-set-cores2,sar_concurrent,cpu_util,CORE17,51,0.0,percent
correlation-redis-set-cores2,sar_concurrent,cpu_util,CORE17,52,0.0,percent
correlation-redis-set-cores2,sar_concurrent,cpu_util,CORE17,53,0.0,percent
correlation-redis-set-cores2,sar_concurrent,cpu_util,CORE17,54,0.0,percent
correlation-redis-set-cores2,sar_concurrent,cpu_util,CORE17,55,0.0,percent
correlation-redis-set-cores2,sar_concurrent,cpu_util,CORE17,56,0.0,percent
correlation-redis-set-cores2,sar_concurrent,cpu_util,CORE17,57,0.0,percent
correlation-redis-set-cores2,sar_concurrent,cpu_util,CORE17,58,0.0,percent
correlation-redis-set-cores2,sar_concurrent,cpu_util,CORE17,59,0.0,percent
correlation-redis-set-cores2,sar_concurrent,cpu_util,CORE18,0,0.0,percent
correlation-redis-set-cores2,sar_concurrent,cpu_util,CORE18,1,0.0,percent
correlation-redis-set-cores2,sar_concurrent,cpu_util,CORE18,2,0.0,percent
correlation-redis-set-cores2,sar_concurrent,cpu_util,CORE18,3,0.0,percent
correlation-redis-set-cores2,sar_concurrent,cpu_util,CORE18,4,0.0,percent
correlation-redis-set-cores2,sar_concurrent,cpu_util,CORE18,5,0.0,percent
correlation-redis-set-cores2,sar_concurrent,cpu_util,CORE18,6,0.0,percent
correlation-redis-set-cores2,sar_concurrent,cpu_util,CORE18,7,0.0,percent
correlation-redis-set-cores2,sar_concurrent,cpu_util,CORE18,8,0.0,percent
correlation-redis-set-cores2,sar_concurrent,cpu_util,CORE18,9,0.0,percent
correlation-redis-set-cores2,sar_concurrent,cpu_util,CORE18,10,0.0,percent
correlation-redis-set-cores2,sar_concurrent,cpu_util,CORE18,11,0.0,percent
correlation-redis-set-cores2,sar_concurrent,cpu_util,CORE18,12,0.0,percent
correlation-redis-set-cores2,sar_concurrent,cpu_util,CORE18,13,0.0,percent
correlation-redis-set-cores2,sar_concurrent,cpu_util,CORE18,14,0.0,percent
correlation-redis-set-cores2,sar_concurrent,cpu_util,CORE18,15,0.0,percent
correlation-redis-set-cores2,sar_concurrent,cpu_util,CORE18,16,0.0,percent
correlation-redis-set-cores2,sar_concurrent,cpu_util,CORE18,17,0.0,percent
correlation-redis-set-cores2,sar_concurrent,cpu_util,CORE18,18,0.0,percent
correlation-redis-set-cores2,sar_concurrent,cpu_util,CORE18,19,0.0,percent
correlation-redis-set-cores2,sar_concurrent,cpu_util,CORE18,20,0.0,percent
correlation-redis-set-cores2,sar_concurrent,cpu_util,CORE18,21,0.0,percent
correlation-redis-set-cores2,sar_concurrent,cpu_util,CORE18,22,0.0,percent
correlation-redis-set-cores2,sar_concurrent,cpu_util,CORE18,23,0.0,percent
correlation-redis-set-cores2,sar_concurrent,cpu_util,CORE18,24,0.0,percent
correlation-redis-set-cores2,sar_concurrent,cpu_util,CORE18,25,0.0,percent
correlation-redis-set-cores2,sar_concurrent,cpu_util,CORE18,26,0.0,percent
correlation-redis-set-cores2,sar_concurrent,cpu_util,CORE18,27,0.0,percent
correlation-redis-set-cores2,sar_concurrent,cpu_util,CORE18,28,0.0,percent
correlation-redis-set-cores2,sar_concurrent,cpu_util,CORE18,29,0.0,percent
correlation-redis-set-cores2,sar_concurrent,cpu_util,CORE18,30,0.0,percent
correlation-redis-set-cores2,sar_concurrent,cpu_util,CORE18,31,0.0,percent
correlation-redis-set-cores2,sar_concurrent,cpu_util,CORE18,32,0.0,percent
correlation-redis-set-cores2,sar_concurrent,cpu_util,CORE18,33,0.0,percent
correlation-redis-set-cores2,sar_concurrent,cpu_util,CORE18,34,0.0,percent
correlation-redis-set-cores2,sar_concurrent,cpu_util,CORE18,35,0.0,percent
correlation-redis-set-cores2,sar_concurrent,cpu_util,CORE18,36,0.0,percent
correlation-redis-set-cores2,sar_concurrent,cpu_util,CORE18,37,0.0,percent
correlation-redis-set-cores2,sar_concurrent,cpu_util,CORE18,38,0.0,percent
correlation-redis-set-cores2,sar_concurrent,cpu_util,CORE18,39,0.0,percent
correlation-redis-set-cores2,sar_concurrent,cpu_util,CORE18,40,0.0,percent
correlation-redis-set-cores2,sar_concurrent,cpu_util,CORE18,41,0.0,percent
correlation-redis-set-cores2,sar_concurrent,cpu_util,CORE18,42,0.0,percent
correlation-redis-set-cores2,sar_concurrent,cpu_util,CORE18,43,0.0,percent
correlation-redis-set-cores2,sar_concurrent,cpu_util,CORE18,44,0.0,percent
correlation-redis-set-cores2,sar_concurrent,cpu_util,CORE18,45,0.0,percent
correlation-redis-set-cores2,sar_concurrent,cpu_util,CORE18,46,0.0,percent
correlation-redis-set-cores2,sar_concurrent,cpu_util,CORE18,47,0.0,percent
correlation-redis-set-cores2,sar_concurrent,cpu_util,CORE18,48,0.0,percent
correlation-redis-set-cores2,sar_concurrent,cpu_util,CORE18,49,0.0,percent
correlation-redis-set-cores2,sar_concurrent,cpu_util,CORE18,50,0.0,percent
correlation-redis-set-cores2,sar_concurrent,cpu_util,CORE18,51,0.0,percent
correlation-redis-set-cores2,sar_concurrent,cpu_util,CORE18,52,0.0,percent
correlation-redis-set-cores2,sar_concurrent,cpu_util,CORE18,53,0.0,percent
correlation-redis-set-cores2,sar_concurrent,cpu_util,CORE18,54,0.0,percent
correlation-redis-set-cores2,sar_concurrent,cpu_util,CORE18,55,0.0,percent
correlation-redis-set-cores2,sar_concurrent,cpu_util,CORE18,56,0.0,percent
correlation-redis-set-cores2,sar_concurrent,cpu_util,CORE18,57,0.0,percent
correlation-redis-set-cores2,sar_concurrent,cpu_util,CORE18,58,0.0,percent
correlation-redis-set-cores2,sar_concurrent,cpu_util,CORE18,59,0.0,percent
correlation-redis-set-cores2,sar_concurrent,cpu_util,CORE19,0,0.0,percent
correlation-redis-set-cores2,sar_concurrent,cpu_util,CORE19,1,0.0,percent
correlation-redis-set-cores2,sar_concurrent,cpu_util,CORE19,2,0.0,percent
correlation-redis-set-cores2,sar_concurrent,cpu_util,CORE19,3,0.0,percent
correlation-redis-set-cores2,sar_concurrent,cpu_util,CORE19,4,0.0,percent
correlation-redis-set-cores2,sar_concurrent,cpu_util,CORE19,5,0.0,percent
correlation-redis-set-cores2,sar_concurrent,cpu_util,CORE19,6,0.0,percent
correlation-redis-set-cores2,sar_concurrent,cpu_util,CORE19,7,0.0,percent
correlation-redis-set-cores2,sar_concurrent,cpu_util,CORE19,8,0.0,percent
correlation-redis-set-cores2,sar_concurrent,cpu_util,CORE19,9,0.0,percent
correlation-redis-set-cores2,sar_concurrent,cpu_util,CORE19,10,0.0,percent
correlation-redis-set-cores2,sar_concurrent,cpu_util,CORE19,11,0.0,percent
correlation-redis-set-cores2,sar_concurrent,cpu_util,CORE19,12,0.0,percent
correlation-redis-set-cores2,sar_concurrent,cpu_util,CORE19,13,0.0,percent
correlation-redis-set-cores2,sar_concurrent,cpu_util,CORE19,14,0.0,percent
correlation-redis-set-cores2,sar_concurrent,cpu_util,CORE19,15,0.0,percent
correlation-redis-set-cores2,sar_concurrent,cpu_util,CORE19,16,0.0,percent
correlation-redis-set-cores2,sar_concurrent,cpu_util,CORE19,17,0.0,percent
correlation-redis-set-cores2,sar_concurrent,cpu_util,CORE19,18,0.0,percent
correlation-redis-set-cores2,sar_concurrent,cpu_util,CORE19,19,0.0,percent
correlation-redis-set-cores2,sar_concurrent,cpu_util,CORE19,20,0.0,percent
correlation-redis-set-cores2,sar_concurrent,cpu_util,CORE19,21,0.0,percent
correlation-redis-set-cores2,sar_concurrent,cpu_util,CORE19,22,0.0,percent
correlation-redis-set-cores2,sar_concurrent,cpu_util,CORE19,23,0.0,percent
correlation-redis-set-cores2,sar_concurrent,cpu_util,CORE19,24,0.0,percent
correlation-redis-set-cores2,sar_concurrent,cpu_util,CORE19,25,0.0,percent
correlation-redis-set-cores2,sar_concurrent,cpu_util,CORE19,26,0.0,percent
correlation-redis-set-cores2,sar_concurrent,cpu_util,CORE19,27,0.0,percent
correlation-redis-set-cores2,sar_concurrent,cpu_util,CORE19,28,0.0,percent
correlation-redis-set-cores2,sar_concurrent,cpu_util,CORE19,29,0.0,percent
correlation-redis-set-cores2,sar_concurrent,cpu_util,CORE19,30,0.0,percent
correlation-redis-set-cores2,sar_concurrent,cpu_util,CORE19,31,0.0,percent
correlation-redis-set-cores2,sar_concurrent,cpu_util,CORE19,32,1.0,percent
correlation-redis-set-cores2,sar_concurrent,cpu_util,CORE19,33,0.0,percent
correlation-redis-set-cores2,sar_concurrent,cpu_util,CORE19,34,0.0,percent
correlation-redis-set-cores2,sar_concurrent,cpu_util,CORE19,35,0.0,percent
correlation-redis-set-cores2,sar_concurrent,cpu_util,CORE19,36,0.0,percent
correlation-redis-set-cores2,sar_concurrent,cpu_util,CORE19,37,0.0,percent
correlation-redis-set-cores2,sar_concurrent,cpu_util,CORE19,38,0.0,percent
correlation-redis-set-cores2,sar_concurrent,cpu_util,CORE19,39,0.0,percent
correlation-redis-set-cores2,sar_concurrent,cpu_util,CORE19,40,0.0,percent
correlation-redis-set-cores2,sar_concurrent,cpu_util,CORE19,41,0.0,percent
correlation-redis-set-cores2,sar_concurrent,cpu_util,CORE19,42,0.0,percent
correlation-redis-set-cores2,sar_concurrent,cpu_util,CORE19,43,0.0,percent
correlation-redis-set-cores2,sar_concurrent,cpu_util,CORE19,44,0.0,percent
correlation-redis-set-cores2,sar_concurrent,cpu_util,CORE19,45,0.0,percent
correlation-redis-set-cores2,sar_concurrent,cpu_util,CORE19,46,0.0,percent
correlation-redis-set-cores2,sar_concurrent,cpu_util,CORE19,47,0.0,percent
correlation-redis-set-cores2,sar_concurrent,cpu_util,CORE19,48,0.0,percent
correlation-redis-set-cores2,sar_concurrent,cpu_util,CORE19,49,0.0,percent
correlation-redis-set-cores2,sar_concurrent,cpu_util,CORE19,50,0.0,percent
correlation-redis-set-cores2,sar_concurrent,cpu_util,CORE19,51,0.0,percent
correlation-redis-set-cores2,sar_concurrent,cpu_util,CORE19,52,0.0,percent
correlation-redis-set-cores2,sar_concurrent,cpu_util,CORE19,53,0.0,percent
correlation-redis-set-cores2,sar_concurrent,cpu_util,CORE19,54,0.0,percent
correlation-redis-set-cores2,sar_concurrent,cpu_util,CORE19,55,0.0,percent
correlation-redis-set-cores2,sar_concurrent,cpu_util,CORE19,56,0.0,percent
correlation-redis-set-cores2,sar_concurrent,cpu_util,CORE19,57,0.0,percent
correlation-redis-set-cores2,sar_concurrent,cpu_util,CORE19,58,0.0,percent
correlation-redis-set-cores2,sar_concurrent,cpu_util,CORE19,59,0.0,percent
correlation-redis-set-cores2,sar_concurrent,cpu_util,CORE20,0,0.0,percent
correlation-redis-set-cores2,sar_concurrent,cpu_util,CORE20,1,0.0,percent
correlation-redis-set-cores2,sar_concurrent,cpu_util,CORE20,2,0.0,percent
correlation-redis-set-cores2,sar_concurrent,cpu_util,CORE20,3,0.0,percent
correlation-redis-set-cores2,sar_concurrent,cpu_util,CORE20,4,0.99,percent
correlation-redis-set-cores2,sar_concurrent,cpu_util,CORE20,5,0.0,percent
correlation-redis-set-cores2,sar_concurrent,cpu_util,CORE20,6,0.0,percent
correlation-redis-set-cores2,sar_concurrent,cpu_util,CORE20,7,0.0,percent
correlation-redis-set-cores2,sar_concurrent,cpu_util,CORE20,8,0.0,percent
correlation-redis-set-cores2,sar_concurrent,cpu_util,CORE20,9,0.0,percent
correlation-redis-set-cores2,sar_concurrent,cpu_util,CORE20,10,0.0,percent
correlation-redis-set-cores2,sar_concurrent,cpu_util,CORE20,11,0.0,percent
correlation-redis-set-cores2,sar_concurrent,cpu_util,CORE20,12,0.0,percent
correlation-redis-set-cores2,sar_concurrent,cpu_util,CORE20,13,0.0,percent
correlation-redis-set-cores2,sar_concurrent,cpu_util,CORE20,14,0.0,percent
correlation-redis-set-cores2,sar_concurrent,cpu_util,CORE20,15,0.0,percent
correlation-redis-set-cores2,sar_concurrent,cpu_util,CORE20,16,0.0,percent
correlation-redis-set-cores2,sar_concurrent,cpu_util,CORE20,17,0.0,percent
correlation-redis-set-cores2,sar_concurrent,cpu_util,CORE20,18,0.0,percent
correlation-redis-set-cores2,sar_concurrent,cpu_util,CORE20,19,0.0,percent
correlation-redis-set-cores2,sar_concurrent,cpu_util,CORE20,20,0.0,percent
correlation-redis-set-cores2,sar_concurrent,cpu_util,CORE20,21,0.99,percent
correlation-redis-set-cores2,sar_concurrent,cpu_util,CORE20,22,0.0,percent
correlation-redis-set-cores2,sar_concurrent,cpu_util,CORE20,23,0.0,percent
correlation-redis-set-cores2,sar_concurrent,cpu_util,CORE20,24,0.0,percent
correlation-redis-set-cores2,sar_concurrent,cpu_util,CORE20,25,0.0,percent
correlation-redis-set-cores2,sar_concurrent,cpu_util,CORE20,26,0.0,percent
correlation-redis-set-cores2,sar_concurrent,cpu_util,CORE20,27,0.0,percent
correlation-redis-set-cores2,sar_concurrent,cpu_util,CORE20,28,0.0,percent
correlation-redis-set-cores2,sar_concurrent,cpu_util,CORE20,29,0.0,percent
correlation-redis-set-cores2,sar_concurrent,cpu_util,CORE20,30,1.0,percent
correlation-redis-set-cores2,sar_concurrent,cpu_util,CORE20,31,0.0,percent
correlation-redis-set-cores2,sar_concurrent,cpu_util,CORE20,32,1.01,percent
correlation-redis-set-cores2,sar_concurrent,cpu_util,CORE20,33,0.0,percent
correlation-redis-set-cores2,sar_concurrent,cpu_util,CORE20,34,0.0,percent
correlation-redis-set-cores2,sar_concurrent,cpu_util,CORE20,35,0.0,percent
correlation-redis-set-cores2,sar_concurrent,cpu_util,CORE20,36,0.0,percent
correlation-redis-set-cores2,sar_concurrent,cpu_util,CORE20,37,0.0,percent
correlation-redis-set-cores2,sar_concurrent,cpu_util,CORE20,38,0.0,percent
correlation-redis-set-cores2,sar_concurrent,cpu_util,CORE20,39,0.0,percent
correlation-redis-set-cores2,sar_concurrent,cpu_util,CORE20,40,0.0,percent
correlation-redis-set-cores2,sar_concurrent,cpu_util,CORE20,41,0.0,percent
correlation-redis-set-cores2,sar_concurrent,cpu_util,CORE20,42,0.0,percent
correlation-redis-set-cores2,sar_concurrent,cpu_util,CORE20,43,0.0,percent
correlation-redis-set-cores2,sar_concurrent,cpu_util,CORE20,44,0.0,percent
correlation-redis-set-cores2,sar_concurrent,cpu_util,CORE20,45,0.0,percent
correlation-redis-set-cores2,sar_concurrent,cpu_util,CORE20,46,0.0,percent
correlation-redis-set-cores2,sar_concurrent,cpu_util,CORE20,47,0.0,percent
correlation-redis-set-cores2,sar_concurrent,cpu_util,CORE20,48,0.0,percent
correlation-redis-set-cores2,sar_concurrent,cpu_util,CORE20,49,0.0,percent
correlation-redis-set-cores2,sar_concurrent,cpu_util,CORE20,50,0.0,percent
correlation-redis-set-cores2,sar_concurrent,cpu_util,CORE20,51,3.96,percent
correlation-redis-set-cores2,sar_concurrent,cpu_util,CORE20,52,0.0,percent
correlation-redis-set-cores2,sar_concurrent,cpu_util,CORE20,53,0.0,percent
correlation-redis-set-cores2,sar_concurrent,cpu_util,CORE20,54,0.0,percent
correlation-redis-set-cores2,sar_concurrent,cpu_util,CORE20,55,0.0,percent
correlation-redis-set-cores2,sar_concurrent,cpu_util,CORE20,56,0.0,percent
correlation-redis-set-cores2,sar_concurrent,cpu_util,CORE20,57,0.0,percent
correlation-redis-set-cores2,sar_concurrent,cpu_util,CORE20,58,0.0,percent
correlation-redis-set-cores2,sar_concurrent,cpu_util,CORE20,59,0.0,percent
correlation-redis-set-cores2,sar_concurrent,cpu_util,CORE21,0,0.99,percent
correlation-redis-set-cores2,sar_concurrent,cpu_util,CORE21,1,0.0,percent
correlation-redis-set-cores2,sar_concurrent,cpu_util,CORE21,2,0.0,percent
correlation-redis-set-cores2,sar_concurrent,cpu_util,CORE21,3,0.0,percent
correlation-redis-set-cores2,sar_concurrent,cpu_util,CORE21,4,0.0,percent
correlation-redis-set-cores2,sar_concurrent,cpu_util,CORE21,5,0.0,percent
correlation-redis-set-cores2,sar_concurrent,cpu_util,CORE21,6,0.0,percent
correlation-redis-set-cores2,sar_concurrent,cpu_util,CORE21,7,0.0,percent
correlation-redis-set-cores2,sar_concurrent,cpu_util,CORE21,8,0.0,percent
correlation-redis-set-cores2,sar_concurrent,cpu_util,CORE21,9,0.0,percent
correlation-redis-set-cores2,sar_concurrent,cpu_util,CORE21,10,0.0,percent
correlation-redis-set-cores2,sar_concurrent,cpu_util,CORE21,11,0.0,percent
correlation-redis-set-cores2,sar_concurrent,cpu_util,CORE21,12,0.0,percent
correlation-redis-set-cores2,sar_concurrent,cpu_util,CORE21,13,0.0,percent
correlation-redis-set-cores2,sar_concurrent,cpu_util,CORE21,14,0.0,percent
correlation-redis-set-cores2,sar_concurrent,cpu_util,CORE21,15,0.0,percent
correlation-redis-set-cores2,sar_concurrent,cpu_util,CORE21,16,0.0,percent
correlation-redis-set-cores2,sar_concurrent,cpu_util,CORE21,17,0.0,percent
correlation-redis-set-cores2,sar_concurrent,cpu_util,CORE21,18,1.01,percent
correlation-redis-set-cores2,sar_concurrent,cpu_util,CORE21,19,0.0,percent
correlation-redis-set-cores2,sar_concurrent,cpu_util,CORE21,20,0.0,percent
correlation-redis-set-cores2,sar_concurrent,cpu_util,CORE21,21,0.0,percent
correlation-redis-set-cores2,sar_concurrent,cpu_util,CORE21,22,0.0,percent
correlation-redis-set-cores2,sar_concurrent,cpu_util,CORE21,23,0.0,percent
correlation-redis-set-cores2,sar_concurrent,cpu_util,CORE21,24,0.0,percent
correlation-redis-set-cores2,sar_concurrent,cpu_util,CORE21,25,0.0,percent
correlation-redis-set-cores2,sar_concurrent,cpu_util,CORE21,26,0.0,percent
correlation-redis-set-cores2,sar_concurrent,cpu_util,CORE21,27,0.0,percent
correlation-redis-set-cores2,sar_concurrent,cpu_util,CORE21,28,0.0,percent
correlation-redis-set-cores2,sar_concurrent,cpu_util,CORE21,29,0.0,percent
correlation-redis-set-cores2,sar_concurrent,cpu_util,CORE21,30,0.0,percent
correlation-redis-set-cores2,sar_concurrent,cpu_util,CORE21,31,0.0,percent
correlation-redis-set-cores2,sar_concurrent,cpu_util,CORE21,32,0.0,percent
correlation-redis-set-cores2,sar_concurrent,cpu_util,CORE21,33,0.0,percent
correlation-redis-set-cores2,sar_concurrent,cpu_util,CORE21,34,0.0,percent
correlation-redis-set-cores2,sar_concurrent,cpu_util,CORE21,35,0.0,percent
correlation-redis-set-cores2,sar_concurrent,cpu_util,CORE21,36,0.0,percent
correlation-redis-set-cores2,sar_concurrent,cpu_util,CORE21,37,0.0,percent
correlation-redis-set-cores2,sar_concurrent,cpu_util,CORE21,38,0.0,percent
correlation-redis-set-cores2,sar_concurrent,cpu_util,CORE21,39,0.0,percent
correlation-redis-set-cores2,sar_concurrent,cpu_util,CORE21,40,0.0,percent
correlation-redis-set-cores2,sar_concurrent,cpu_util,CORE21,41,0.0,percent
correlation-redis-set-cores2,sar_concurrent,cpu_util,CORE21,42,0.0,percent
correlation-redis-set-cores2,sar_concurrent,cpu_util,CORE21,43,0.0,percent
correlation-redis-set-cores2,sar_concurrent,cpu_util,CORE21,44,0.0,percent
correlation-redis-set-cores2,sar_concurrent,cpu_util,CORE21,45,0.0,percent
correlation-redis-set-cores2,sar_concurrent,cpu_util,CORE21,46,0.0,percent
correlation-redis-set-cores2,sar_concurrent,cpu_util,CORE21,47,0.0,percent
correlation-redis-set-cores2,sar_concurrent,cpu_util,CORE21,48,0.0,percent
correlation-redis-set-cores2,sar_concurrent,cpu_util,CORE21,49,0.0,percent
correlation-redis-set-cores2,sar_concurrent,cpu_util,CORE21,50,0.0,percent
correlation-redis-set-cores2,sar_concurrent,cpu_util,CORE21,51,0.0,percent
correlation-redis-set-cores2,sar_concurrent,cpu_util,CORE21,52,0.0,percent
correlation-redis-set-cores2,sar_concurrent,cpu_util,CORE21,53,0.0,percent
correlation-redis-set-cores2,sar_concurrent,cpu_util,CORE21,54,0.0,percent
correlation-redis-set-cores2,sar_concurrent,cpu_util,CORE21,55,0.0,percent
correlation-redis-set-cores2,sar_concurrent,cpu_util,CORE21,56,0.0,percent
correlation-redis-set-cores2,sar_concurrent,cpu_util,CORE21,57,0.0,percent
correlation-redis-set-cores2,sar_concurrent,cpu_util,CORE21,58,0.0,percent
correlation-redis-set-cores2,sar_concurrent,cpu_util,CORE21,59,0.0,percent
correlation-redis-set-cores2,sar_concurrent,cpu_util,CORE22,0,2.0,percent
correlation-redis-set-cores2,sar_concurrent,cpu_util,CORE22,1,0.0,percent
correlation-redis-set-cores2,sar_concurrent,cpu_util,CORE22,2,1.0,percent
correlation-redis-set-cores2,sar_concurrent,cpu_util,CORE22,3,0.0,percent
correlation-redis-set-cores2,sar_concurrent,cpu_util,CORE22,4,0.0,percent
correlation-redis-set-cores2,sar_concurrent,cpu_util,CORE22,5,0.0,percent
correlation-redis-set-cores2,sar_concurrent,cpu_util,CORE22,6,0.0,percent
correlation-redis-set-cores2,sar_concurrent,cpu_util,CORE22,7,0.0,percent
correlation-redis-set-cores2,sar_concurrent,cpu_util,CORE22,8,0.0,percent
correlation-redis-set-cores2,sar_concurrent,cpu_util,CORE22,9,0.0,percent
correlation-redis-set-cores2,sar_concurrent,cpu_util,CORE22,10,0.0,percent
correlation-redis-set-cores2,sar_concurrent,cpu_util,CORE22,11,0.0,percent
correlation-redis-set-cores2,sar_concurrent,cpu_util,CORE22,12,0.0,percent
correlation-redis-set-cores2,sar_concurrent,cpu_util,CORE22,13,0.0,percent
correlation-redis-set-cores2,sar_concurrent,cpu_util,CORE22,14,0.0,percent
correlation-redis-set-cores2,sar_concurrent,cpu_util,CORE22,15,0.0,percent
correlation-redis-set-cores2,sar_concurrent,cpu_util,CORE22,16,0.0,percent
correlation-redis-set-cores2,sar_concurrent,cpu_util,CORE22,17,0.0,percent
correlation-redis-set-cores2,sar_concurrent,cpu_util,CORE22,18,0.99,percent
correlation-redis-set-cores2,sar_concurrent,cpu_util,CORE22,19,0.0,percent
correlation-redis-set-cores2,sar_concurrent,cpu_util,CORE22,20,0.0,percent
correlation-redis-set-cores2,sar_concurrent,cpu_util,CORE22,21,0.0,percent
correlation-redis-set-cores2,sar_concurrent,cpu_util,CORE22,22,0.0,percent
correlation-redis-set-cores2,sar_concurrent,cpu_util,CORE22,23,0.0,percent
correlation-redis-set-cores2,sar_concurrent,cpu_util,CORE22,24,0.0,percent
correlation-redis-set-cores2,sar_concurrent,cpu_util,CORE22,25,0.0,percent
correlation-redis-set-cores2,sar_concurrent,cpu_util,CORE22,26,0.0,percent
correlation-redis-set-cores2,sar_concurrent,cpu_util,CORE22,27,0.0,percent
correlation-redis-set-cores2,sar_concurrent,cpu_util,CORE22,28,0.0,percent
correlation-redis-set-cores2,sar_concurrent,cpu_util,CORE22,29,0.0,percent
correlation-redis-set-cores2,sar_concurrent,cpu_util,CORE22,30,0.0,percent
correlation-redis-set-cores2,sar_concurrent,cpu_util,CORE22,31,0.0,percent
correlation-redis-set-cores2,sar_concurrent,cpu_util,CORE22,32,1.0,percent
correlation-redis-set-cores2,sar_concurrent,cpu_util,CORE22,33,0.0,percent
correlation-redis-set-cores2,sar_concurrent,cpu_util,CORE22,34,0.0,percent
correlation-redis-set-cores2,sar_concurrent,cpu_util,CORE22,35,0.0,percent
correlation-redis-set-cores2,sar_concurrent,cpu_util,CORE22,36,0.0,percent
correlation-redis-set-cores2,sar_concurrent,cpu_util,CORE22,37,0.0,percent
correlation-redis-set-cores2,sar_concurrent,cpu_util,CORE22,38,0.0,percent
correlation-redis-set-cores2,sar_concurrent,cpu_util,CORE22,39,0.0,percent
correlation-redis-set-cores2,sar_concurrent,cpu_util,CORE22,40,0.0,percent
correlation-redis-set-cores2,sar_concurrent,cpu_util,CORE22,41,0.0,percent
correlation-redis-set-cores2,sar_concurrent,cpu_util,CORE22,42,1.0,percent
correlation-redis-set-cores2,sar_concurrent,cpu_util,CORE22,43,0.0,percent
correlation-redis-set-cores2,sar_concurrent,cpu_util,CORE22,44,0.0,percent
correlation-redis-set-cores2,sar_concurrent,cpu_util,CORE22,45,0.0,percent
correlation-redis-set-cores2,sar_concurrent,cpu_util,CORE22,46,0.0,percent
correlation-redis-set-cores2,sar_concurrent,cpu_util,CORE22,47,0.0,percent
correlation-redis-set-cores2,sar_concurrent,cpu_util,CORE22,48,0.0,percent
correlation-redis-set-cores2,sar_concurrent,cpu_util,CORE22,49,0.0,percent
correlation-redis-set-cores2,sar_concurrent,cpu_util,CORE22,50,0.0,percent
correlation-redis-set-cores2,sar_concurrent,cpu_util,CORE22,51,3.0,percent
correlation-redis-set-cores2,sar_concurrent,cpu_util,CORE22,52,0.0,percent
correlation-redis-set-cores2,sar_concurrent,cpu_util,CORE22,53,0.0,percent
correlation-redis-set-cores2,sar_concurrent,cpu_util,CORE22,54,0.0,percent
correlation-redis-set-cores2,sar_concurrent,cpu_util,CORE22,55,0.0,percent
correlation-redis-set-cores2,sar_concurrent,cpu_util,CORE22,56,0.0,percent
correlation-redis-set-cores2,sar_concurrent,cpu_util,CORE22,57,0.0,percent
correlation-redis-set-cores2,sar_concurrent,cpu_util,CORE22,58,0.0,percent
correlation-redis-set-cores2,sar_concurrent,cpu_util,CORE22,59,1.0,percent
correlation-redis-set-cores2,sar_concurrent,cpu_util,CORE23,0,0.0,percent
correlation-redis-set-cores2,sar_concurrent,cpu_util,CORE23,1,0.0,percent
correlation-redis-set-cores2,sar_concurrent,cpu_util,CORE23,2,0.0,percent
correlation-redis-set-cores2,sar_concurrent,cpu_util,CORE23,3,0.0,percent
correlation-redis-set-cores2,sar_concurrent,cpu_util,CORE23,4,0.0,percent
correlation-redis-set-cores2,sar_concurrent,cpu_util,CORE23,5,0.0,percent
correlation-redis-set-cores2,sar_concurrent,cpu_util,CORE23,6,0.0,percent
correlation-redis-set-cores2,sar_concurrent,cpu_util,CORE23,7,0.0,percent
correlation-redis-set-cores2,sar_concurrent,cpu_util,CORE23,8,0.0,percent
correlation-redis-set-cores2,sar_concurrent,cpu_util,CORE23,9,0.0,percent
correlation-redis-set-cores2,sar_concurrent,cpu_util,CORE23,10,0.0,percent
correlation-redis-set-cores2,sar_concurrent,cpu_util,CORE23,11,0.0,percent
correlation-redis-set-cores2,sar_concurrent,cpu_util,CORE23,12,0.0,percent
correlation-redis-set-cores2,sar_concurrent,cpu_util,CORE23,13,0.0,percent
correlation-redis-set-cores2,sar_concurrent,cpu_util,CORE23,14,0.0,percent
correlation-redis-set-cores2,sar_concurrent,cpu_util,CORE23,15,0.0,percent
correlation-redis-set-cores2,sar_concurrent,cpu_util,CORE23,16,0.0,percent
correlation-redis-set-cores2,sar_concurrent,cpu_util,CORE23,17,0.0,percent
correlation-redis-set-cores2,sar_concurrent,cpu_util,CORE23,18,0.0,percent
correlation-redis-set-cores2,sar_concurrent,cpu_util,CORE23,19,0.0,percent
correlation-redis-set-cores2,sar_concurrent,cpu_util,CORE23,20,0.0,percent
correlation-redis-set-cores2,sar_concurrent,cpu_util,CORE23,21,0.0,percent
correlation-redis-set-cores2,sar_concurrent,cpu_util,CORE23,22,0.0,percent
correlation-redis-set-cores2,sar_concurrent,cpu_util,CORE23,23,0.0,percent
correlation-redis-set-cores2,sar_concurrent,cpu_util,CORE23,24,0.0,percent
correlation-redis-set-cores2,sar_concurrent,cpu_util,CORE23,25,0.0,percent
correlation-redis-set-cores2,sar_concurrent,cpu_util,CORE23,26,0.0,percent
correlation-redis-set-cores2,sar_concurrent,cpu_util,CORE23,27,0.0,percent
correlation-redis-set-cores2,sar_concurrent,cpu_util,CORE23,28,0.0,percent
correlation-redis-set-cores2,sar_concurrent,cpu_util,CORE23,29,0.0,percent
correlation-redis-set-cores2,sar_concurrent,cpu_util,CORE23,30,0.0,percent
correlation-redis-set-cores2,sar_concurrent,cpu_util,CORE23,31,0.0,percent
correlation-redis-set-cores2,sar_concurrent,cpu_util,CORE23,32,0.0,percent
correlation-redis-set-cores2,sar_concurrent,cpu_util,CORE23,33,0.0,percent
correlation-redis-set-cores2,sar_concurrent,cpu_util,CORE23,34,0.0,percent
correlation-redis-set-cores2,sar_concurrent,cpu_util,CORE23,35,0.0,percent
correlation-redis-set-cores2,sar_concurrent,cpu_util,CORE23,36,0.0,percent
correlation-redis-set-cores2,sar_concurrent,cpu_util,CORE23,37,0.0,percent
correlation-redis-set-cores2,sar_concurrent,cpu_util,CORE23,38,0.0,percent
correlation-redis-set-cores2,sar_concurrent,cpu_util,CORE23,39,0.0,percent
correlation-redis-set-cores2,sar_concurrent,cpu_util,CORE23,40,0.0,percent
correlation-redis-set-cores2,sar_concurrent,cpu_util,CORE23,41,0.0,percent
correlation-redis-set-cores2,sar_concurrent,cpu_util,CORE23,42,0.0,percent
correlation-redis-set-cores2,sar_concurrent,cpu_util,CORE23,43,0.0,percent
correlation-redis-set-cores2,sar_concurrent,cpu_util,CORE23,44,0.0,percent
correlation-redis-set-cores2,sar_concurrent,cpu_util,CORE23,45,0.0,percent
correlation-redis-set-cores2,sar_concurrent,cpu_util,CORE23,46,0.0,percent
correlation-redis-set-cores2,sar_concurrent,cpu_util,CORE23,47,0.0,percent
correlation-redis-set-cores2,sar_concurrent,cpu_util,CORE23,48,0.0,percent
correlation-redis-set-cores2,sar_concurrent,cpu_util,CORE23,49,0.0,percent
correlation-redis-set-cores2,sar_concurrent,cpu_util,CORE23,50,0.0,percent
correlation-redis-set-cores2,sar_concurrent,cpu_util,CORE23,51,1.0,percent
correlation-redis-set-cores2,sar_concurrent,cpu_util,CORE23,52,0.0,percent
correlation-redis-set-cores2,sar_concurrent,cpu_util,CORE23,53,0.0,percent
correlation-redis-set-cores2,sar_concurrent,cpu_util,CORE23,54,0.0,percent
correlation-redis-set-cores2,sar_concurrent,cpu_util,CORE23,55,0.0,percent
correlation-redis-set-cores2,sar_concurrent,cpu_util,CORE23,56,0.0,percent
correlation-redis-set-cores2,sar_concurrent,cpu_util,CORE23,57,0.0,percent
correlation-redis-set-cores2,sar_concurrent,cpu_util,CORE23,58,0.0,percent
correlation-redis-set-cores2,sar_concurrent,cpu_util,CORE23,59,0.0,percent
correlation-redis-set-cores2,sar_concurrent,cpu_util,CORE24,0,0.0,percent
correlation-redis-set-cores2,sar_concurrent,cpu_util,CORE24,1,0.0,percent
correlation-redis-set-cores2,sar_concurrent,cpu_util,CORE24,2,0.0,percent
correlation-redis-set-cores2,sar_concurrent,cpu_util,CORE24,3,0.0,percent
correlation-redis-set-cores2,sar_concurrent,cpu_util,CORE24,4,0.0,percent
correlation-redis-set-cores2,sar_concurrent,cpu_util,CORE24,5,0.0,percent
correlation-redis-set-cores2,sar_concurrent,cpu_util,CORE24,6,0.0,percent
correlation-redis-set-cores2,sar_concurrent,cpu_util,CORE24,7,0.0,percent
correlation-redis-set-cores2,sar_concurrent,cpu_util,CORE24,8,0.0,percent
correlation-redis-set-cores2,sar_concurrent,cpu_util,CORE24,9,0.0,percent
correlation-redis-set-cores2,sar_concurrent,cpu_util,CORE24,10,0.0,percent
correlation-redis-set-cores2,sar_concurrent,cpu_util,CORE24,11,0.0,percent
correlation-redis-set-cores2,sar_concurrent,cpu_util,CORE24,12,0.0,percent
correlation-redis-set-cores2,sar_concurrent,cpu_util,CORE24,13,0.0,percent
correlation-redis-set-cores2,sar_concurrent,cpu_util,CORE24,14,0.0,percent
correlation-redis-set-cores2,sar_concurrent,cpu_util,CORE24,15,0.0,percent
correlation-redis-set-cores2,sar_concurrent,cpu_util,CORE24,16,0.0,percent
correlation-redis-set-cores2,sar_concurrent,cpu_util,CORE24,17,0.0,percent
correlation-redis-set-cores2,sar_concurrent,cpu_util,CORE24,18,0.0,percent
correlation-redis-set-cores2,sar_concurrent,cpu_util,CORE24,19,0.0,percent
correlation-redis-set-cores2,sar_concurrent,cpu_util,CORE24,20,0.0,percent
correlation-redis-set-cores2,sar_concurrent,cpu_util,CORE24,21,0.0,percent
correlation-redis-set-cores2,sar_concurrent,cpu_util,CORE24,22,0.0,percent
correlation-redis-set-cores2,sar_concurrent,cpu_util,CORE24,23,0.0,percent
correlation-redis-set-cores2,sar_concurrent,cpu_util,CORE24,24,0.0,percent
correlation-redis-set-cores2,sar_concurrent,cpu_util,CORE24,25,0.0,percent
correlation-redis-set-cores2,sar_concurrent,cpu_util,CORE24,26,0.0,percent
correlation-redis-set-cores2,sar_concurrent,cpu_util,CORE24,27,0.0,percent
correlation-redis-set-cores2,sar_concurrent,cpu_util,CORE24,28,0.0,percent
correlation-redis-set-cores2,sar_concurrent,cpu_util,CORE24,29,0.0,percent
correlation-redis-set-cores2,sar_concurrent,cpu_util,CORE24,30,0.0,percent
correlation-redis-set-cores2,sar_concurrent,cpu_util,CORE24,31,0.0,percent
correlation-redis-set-cores2,sar_concurrent,cpu_util,CORE24,32,0.0,percent
correlation-redis-set-cores2,sar_concurrent,cpu_util,CORE24,33,0.0,percent
correlation-redis-set-cores2,sar_concurrent,cpu_util,CORE24,34,0.0,percent
correlation-redis-set-cores2,sar_concurrent,cpu_util,CORE24,35,0.0,percent
correlation-redis-set-cores2,sar_concurrent,cpu_util,CORE24,36,0.0,percent
correlation-redis-set-cores2,sar_concurrent,cpu_util,CORE24,37,0.0,percent
correlation-redis-set-cores2,sar_concurrent,cpu_util,CORE24,38,0.0,percent
correlation-redis-set-cores2,sar_concurrent,cpu_util,CORE24,39,0.0,percent
correlation-redis-set-cores2,sar_concurrent,cpu_util,CORE24,40,0.0,percent
correlation-redis-set-cores2,sar_concurrent,cpu_util,CORE24,41,0.0,percent
correlation-redis-set-cores2,sar_concurrent,cpu_util,CORE24,42,0.0,percent
correlation-redis-set-cores2,sar_concurrent,cpu_util,CORE24,43,0.0,percent
correlation-redis-set-cores2,sar_concurrent,cpu_util,CORE24,44,0.0,percent
correlation-redis-set-cores2,sar_concurrent,cpu_util,CORE24,45,0.0,percent
correlation-redis-set-cores2,sar_concurrent,cpu_util,CORE24,46,0.99,percent
correlation-redis-set-cores2,sar_concurrent,cpu_util,CORE24,47,0.0,percent
correlation-redis-set-cores2,sar_concurrent,cpu_util,CORE24,48,0.0,percent
correlation-redis-set-cores2,sar_concurrent,cpu_util,CORE24,49,0.0,percent
correlation-redis-set-cores2,sar_concurrent,cpu_util,CORE24,50,0.0,percent
correlation-redis-set-cores2,sar_concurrent,cpu_util,CORE24,51,0.0,percent
correlation-redis-set-cores2,sar_concurrent,cpu_util,CORE24,52,0.0,percent
correlation-redis-set-cores2,sar_concurrent,cpu_util,CORE24,53,0.0,percent
correlation-redis-set-cores2,sar_concurrent,cpu_util,CORE24,54,0.0,percent
correlation-redis-set-cores2,sar_concurrent,cpu_util,CORE24,55,0.0,percent
correlation-redis-set-cores2,sar_concurrent,cpu_util,CORE24,56,0.0,percent
correlation-redis-set-cores2,sar_concurrent,cpu_util,CORE24,57,0.0,percent
correlation-redis-set-cores2,sar_concurrent,cpu_util,CORE24,58,0.0,percent
correlation-redis-set-cores2,sar_concurrent,cpu_util,CORE24,59,0.0,percent
correlation-redis-set-cores2,sar_concurrent,cpu_util,CORE25,0,0.0,percent
correlation-redis-set-cores2,sar_concurrent,cpu_util,CORE25,1,0.0,percent
correlation-redis-set-cores2,sar_concurrent,cpu_util,CORE25,2,0.0,percent
correlation-redis-set-cores2,sar_concurrent,cpu_util,CORE25,3,0.0,percent
correlation-redis-set-cores2,sar_concurrent,cpu_util,CORE25,4,0.0,percent
correlation-redis-set-cores2,sar_concurrent,cpu_util,CORE25,5,0.0,percent
correlation-redis-set-cores2,sar_concurrent,cpu_util,CORE25,6,0.0,percent
correlation-redis-set-cores2,sar_concurrent,cpu_util,CORE25,7,0.0,percent
correlation-redis-set-cores2,sar_concurrent,cpu_util,CORE25,8,0.0,percent
correlation-redis-set-cores2,sar_concurrent,cpu_util,CORE25,9,0.0,percent
correlation-redis-set-cores2,sar_concurrent,cpu_util,CORE25,10,0.0,percent
correlation-redis-set-cores2,sar_concurrent,cpu_util,CORE25,11,0.0,percent
correlation-redis-set-cores2,sar_concurrent,cpu_util,CORE25,12,0.0,percent
correlation-redis-set-cores2,sar_concurrent,cpu_util,CORE25,13,0.0,percent
correlation-redis-set-cores2,sar_concurrent,cpu_util,CORE25,14,0.0,percent
correlation-redis-set-cores2,sar_concurrent,cpu_util,CORE25,15,0.0,percent
correlation-redis-set-cores2,sar_concurrent,cpu_util,CORE25,16,0.0,percent
correlation-redis-set-cores2,sar_concurrent,cpu_util,CORE25,17,0.0,percent
correlation-redis-set-cores2,sar_concurrent,cpu_util,CORE25,18,0.0,percent
correlation-redis-set-cores2,sar_concurrent,cpu_util,CORE25,19,0.0,percent
correlation-redis-set-cores2,sar_concurrent,cpu_util,CORE25,20,0.0,percent
correlation-redis-set-cores2,sar_concurrent,cpu_util,CORE25,21,0.0,percent
correlation-redis-set-cores2,sar_concurrent,cpu_util,CORE25,22,0.0,percent
correlation-redis-set-cores2,sar_concurrent,cpu_util,CORE25,23,0.0,percent
correlation-redis-set-cores2,sar_concurrent,cpu_util,CORE25,24,0.0,percent
correlation-redis-set-cores2,sar_concurrent,cpu_util,CORE25,25,0.0,percent
correlation-redis-set-cores2,sar_concurrent,cpu_util,CORE25,26,0.0,percent
correlation-redis-set-cores2,sar_concurrent,cpu_util,CORE25,27,0.0,percent
correlation-redis-set-cores2,sar_concurrent,cpu_util,CORE25,28,0.0,percent
correlation-redis-set-cores2,sar_concurrent,cpu_util,CORE25,29,0.0,percent
correlation-redis-set-cores2,sar_concurrent,cpu_util,CORE25,30,0.0,percent
correlation-redis-set-cores2,sar_concurrent,cpu_util,CORE25,31,0.0,percent
correlation-redis-set-cores2,sar_concurrent,cpu_util,CORE25,32,0.0,percent
correlation-redis-set-cores2,sar_concurrent,cpu_util,CORE25,33,0.0,percent
correlation-redis-set-cores2,sar_concurrent,cpu_util,CORE25,34,0.0,percent
correlation-redis-set-cores2,sar_concurrent,cpu_util,CORE25,35,0.0,percent
correlation-redis-set-cores2,sar_concurrent,cpu_util,CORE25,36,0.0,percent
correlation-redis-set-cores2,sar_concurrent,cpu_util,CORE25,37,0.0,percent
correlation-redis-set-cores2,sar_concurrent,cpu_util,CORE25,38,0.0,percent
correlation-redis-set-cores2,sar_concurrent,cpu_util,CORE25,39,0.0,percent
correlation-redis-set-cores2,sar_concurrent,cpu_util,CORE25,40,0.0,percent
correlation-redis-set-cores2,sar_concurrent,cpu_util,CORE25,41,0.0,percent
correlation-redis-set-cores2,sar_concurrent,cpu_util,CORE25,42,0.0,percent
correlation-redis-set-cores2,sar_concurrent,cpu_util,CORE25,43,0.0,percent
correlation-redis-set-cores2,sar_concurrent,cpu_util,CORE25,44,0.0,percent
correlation-redis-set-cores2,sar_concurrent,cpu_util,CORE25,45,0.0,percent
correlation-redis-set-cores2,sar_concurrent,cpu_util,CORE25,46,0.99,percent
correlation-redis-set-cores2,sar_concurrent,cpu_util,CORE25,47,0.0,percent
correlation-redis-set-cores2,sar_concurrent,cpu_util,CORE25,48,0.0,percent
correlation-redis-set-cores2,sar_concurrent,cpu_util,CORE25,49,0.0,percent
correlation-redis-set-cores2,sar_concurrent,cpu_util,CORE25,50,0.0,percent
correlation-redis-set-cores2,sar_concurrent,cpu_util,CORE25,51,0.0,percent
correlation-redis-set-cores2,sar_concurrent,cpu_util,CORE25,52,0.0,percent
correlation-redis-set-cores2,sar_concurrent,cpu_util,CORE25,53,0.0,percent
correlation-redis-set-cores2,sar_concurrent,cpu_util,CORE25,54,0.0,percent
correlation-redis-set-cores2,sar_concurrent,cpu_util,CORE25,55,0.0,percent
correlation-redis-set-cores2,sar_concurrent,cpu_util,CORE25,56,0.0,percent
correlation-redis-set-cores2,sar_concurrent,cpu_util,CORE25,57,0.0,percent
correlation-redis-set-cores2,sar_concurrent,cpu_util,CORE25,58,0.0,percent
correlation-redis-set-cores2,sar_concurrent,cpu_util,CORE25,59,0.0,percent
correlation-redis-set-cores2,sar_concurrent,cpu_util,CORE26,0,1.0,percent
correlation-redis-set-cores2,sar_concurrent,cpu_util,CORE26,1,1.0,percent
correlation-redis-set-cores2,sar_concurrent,cpu_util,CORE26,2,0.0,percent
correlation-redis-set-cores2,sar_concurrent,cpu_util,CORE26,3,0.99,percent
correlation-redis-set-cores2,sar_concurrent,cpu_util,CORE26,4,1.0,percent
correlation-redis-set-cores2,sar_concurrent,cpu_util,CORE26,5,0.0,percent
correlation-redis-set-cores2,sar_concurrent,cpu_util,CORE26,6,0.0,percent
correlation-redis-set-cores2,sar_concurrent,cpu_util,CORE26,7,1.98,percent
correlation-redis-set-cores2,sar_concurrent,cpu_util,CORE26,8,1.0,percent
correlation-redis-set-cores2,sar_concurrent,cpu_util,CORE26,9,1.0,percent
correlation-redis-set-cores2,sar_concurrent,cpu_util,CORE26,10,0.99,percent
correlation-redis-set-cores2,sar_concurrent,cpu_util,CORE26,11,0.0,percent
correlation-redis-set-cores2,sar_concurrent,cpu_util,CORE26,12,1.98,percent
correlation-redis-set-cores2,sar_concurrent,cpu_util,CORE26,13,0.0,percent
correlation-redis-set-cores2,sar_concurrent,cpu_util,CORE26,14,1.0,percent
correlation-redis-set-cores2,sar_concurrent,cpu_util,CORE26,15,1.0,percent
correlation-redis-set-cores2,sar_concurrent,cpu_util,CORE26,16,0.99,percent
correlation-redis-set-cores2,sar_concurrent,cpu_util,CORE26,17,0.0,percent
correlation-redis-set-cores2,sar_concurrent,cpu_util,CORE26,18,1.0,percent
correlation-redis-set-cores2,sar_concurrent,cpu_util,CORE26,19,1.0,percent
correlation-redis-set-cores2,sar_concurrent,cpu_util,CORE26,20,1.0,percent
correlation-redis-set-cores2,sar_concurrent,cpu_util,CORE26,21,0.0,percent
correlation-redis-set-cores2,sar_concurrent,cpu_util,CORE26,22,0.99,percent
correlation-redis-set-cores2,sar_concurrent,cpu_util,CORE26,23,1.98,percent
correlation-redis-set-cores2,sar_concurrent,cpu_util,CORE26,24,0.0,percent
correlation-redis-set-cores2,sar_concurrent,cpu_util,CORE26,25,0.99,percent
correlation-redis-set-cores2,sar_concurrent,cpu_util,CORE26,26,0.0,percent
correlation-redis-set-cores2,sar_concurrent,cpu_util,CORE26,27,1.0,percent
correlation-redis-set-cores2,sar_concurrent,cpu_util,CORE26,28,1.0,percent
correlation-redis-set-cores2,sar_concurrent,cpu_util,CORE26,29,0.99,percent
correlation-redis-set-cores2,sar_concurrent,cpu_util,CORE26,30,0.0,percent
correlation-redis-set-cores2,sar_concurrent,cpu_util,CORE26,31,0.0,percent
correlation-redis-set-cores2,sar_concurrent,cpu_util,CORE26,32,1.98,percent
correlation-redis-set-cores2,sar_concurrent,cpu_util,CORE26,33,0.0,percent
correlation-redis-set-cores2,sar_concurrent,cpu_util,CORE26,34,0.99,percent
correlation-redis-set-cores2,sar_concurrent,cpu_util,CORE26,35,1.0,percent
correlation-redis-set-cores2,sar_concurrent,cpu_util,CORE26,36,1.98,percent
correlation-redis-set-cores2,sar_concurrent,cpu_util,CORE26,37,1.0,percent
correlation-redis-set-cores2,sar_concurrent,cpu_util,CORE26,38,0.0,percent
correlation-redis-set-cores2,sar_concurrent,cpu_util,CORE26,39,1.98,percent
correlation-redis-set-cores2,sar_concurrent,cpu_util,CORE26,40,0.0,percent
correlation-redis-set-cores2,sar_concurrent,cpu_util,CORE26,41,1.0,percent
correlation-redis-set-cores2,sar_concurrent,cpu_util,CORE26,42,1.0,percent
correlation-redis-set-cores2,sar_concurrent,cpu_util,CORE26,43,1.98,percent
correlation-redis-set-cores2,sar_concurrent,cpu_util,CORE26,44,0.0,percent
correlation-redis-set-cores2,sar_concurrent,cpu_util,CORE26,45,0.0,percent
correlation-redis-set-cores2,sar_concurrent,cpu_util,CORE26,46,0.0,percent
correlation-redis-set-cores2,sar_concurrent,cpu_util,CORE26,47,0.0,percent
correlation-redis-set-cores2,sar_concurrent,cpu_util,CORE26,48,0.0,percent
correlation-redis-set-cores2,sar_concurrent,cpu_util,CORE26,49,0.0,percent
correlation-redis-set-cores2,sar_concurrent,cpu_util,CORE26,50,0.0,percent
correlation-redis-set-cores2,sar_concurrent,cpu_util,CORE26,51,0.0,percent
correlation-redis-set-cores2,sar_concurrent,cpu_util,CORE26,52,0.0,percent
correlation-redis-set-cores2,sar_concurrent,cpu_util,CORE26,53,0.0,percent
correlation-redis-set-cores2,sar_concurrent,cpu_util,CORE26,54,0.0,percent
correlation-redis-set-cores2,sar_concurrent,cpu_util,CORE26,55,0.0,percent
correlation-redis-set-cores2,sar_concurrent,cpu_util,CORE26,56,0.0,percent
correlation-redis-set-cores2,sar_concurrent,cpu_util,CORE26,57,0.0,percent
correlation-redis-set-cores2,sar_concurrent,cpu_util,CORE26,58,0.0,percent
correlation-redis-set-cores2,sar_concurrent,cpu_util,CORE26,59,0.0,percent
correlation-redis-set-cores2,sar_concurrent,cpu_util,CORE27,0,0.0,percent
correlation-redis-set-cores2,sar_concurrent,cpu_util,CORE27,1,0.0,percent
correlation-redis-set-cores2,sar_concurrent,cpu_util,CORE27,2,0.0,percent
correlation-redis-set-cores2,sar_concurrent,cpu_util,CORE27,3,0.0,percent
correlation-redis-set-cores2,sar_concurrent,cpu_util,CORE27,4,0.0,percent
correlation-redis-set-cores2,sar_concurrent,cpu_util,CORE27,5,0.0,percent
correlation-redis-set-cores2,sar_concurrent,cpu_util,CORE27,6,0.0,percent
correlation-redis-set-cores2,sar_concurrent,cpu_util,CORE27,7,0.0,percent
correlation-redis-set-cores2,sar_concurrent,cpu_util,CORE27,8,0.0,percent
correlation-redis-set-cores2,sar_concurrent,cpu_util,CORE27,9,0.0,percent
correlation-redis-set-cores2,sar_concurrent,cpu_util,CORE27,10,0.0,percent
correlation-redis-set-cores2,sar_concurrent,cpu_util,CORE27,11,0.0,percent
correlation-redis-set-cores2,sar_concurrent,cpu_util,CORE27,12,0.0,percent
correlation-redis-set-cores2,sar_concurrent,cpu_util,CORE27,13,0.0,percent
correlation-redis-set-cores2,sar_concurrent,cpu_util,CORE27,14,0.0,percent
correlation-redis-set-cores2,sar_concurrent,cpu_util,CORE27,15,0.0,percent
correlation-redis-set-cores2,sar_concurrent,cpu_util,CORE27,16,0.0,percent
correlation-redis-set-cores2,sar_concurrent,cpu_util,CORE27,17,0.0,percent
correlation-redis-set-cores2,sar_concurrent,cpu_util,CORE27,18,0.0,percent
correlation-redis-set-cores2,sar_concurrent,cpu_util,CORE27,19,0.0,percent
correlation-redis-set-cores2,sar_concurrent,cpu_util,CORE27,20,0.0,percent
correlation-redis-set-cores2,sar_concurrent,cpu_util,CORE27,21,0.0,percent
correlation-redis-set-cores2,sar_concurrent,cpu_util,CORE27,22,0.0,percent
correlation-redis-set-cores2,sar_concurrent,cpu_util,CORE27,23,0.0,percent
correlation-redis-set-cores2,sar_concurrent,cpu_util,CORE27,24,0.0,percent
correlation-redis-set-cores2,sar_concurrent,cpu_util,CORE27,25,0.0,percent
correlation-redis-set-cores2,sar_concurrent,cpu_util,CORE27,26,0.0,percent
correlation-redis-set-cores2,sar_concurrent,cpu_util,CORE27,27,0.0,percent
correlation-redis-set-cores2,sar_concurrent,cpu_util,CORE27,28,0.0,percent
correlation-redis-set-cores2,sar_concurrent,cpu_util,CORE27,29,0.0,percent
correlation-redis-set-cores2,sar_concurrent,cpu_util,CORE27,30,0.0,percent
correlation-redis-set-cores2,sar_concurrent,cpu_util,CORE27,31,0.0,percent
correlation-redis-set-cores2,sar_concurrent,cpu_util,CORE27,32,2.0,percent
correlation-redis-set-cores2,sar_concurrent,cpu_util,CORE27,33,0.0,percent
correlation-redis-set-cores2,sar_concurrent,cpu_util,CORE27,34,0.0,percent
correlation-redis-set-cores2,sar_concurrent,cpu_util,CORE27,35,0.99,percent
correlation-redis-set-cores2,sar_concurrent,cpu_util,CORE27,36,0.0,percent
correlation-redis-set-cores2,sar_concurrent,cpu_util,CORE27,37,0.0,percent
correlation-redis-set-cores2,sar_concurrent,cpu_util,CORE27,38,0.0,percent
correlation-redis-set-cores2,sar_concurrent,cpu_util,CORE27,39,0.0,percent
correlation-redis-set-cores2,sar_concurrent,cpu_util,CORE27,40,0.0,percent
correlation-redis-set-cores2,sar_concurrent,cpu_util,CORE27,41,0.0,percent
correlation-redis-set-cores2,sar_concurrent,cpu_util,CORE27,42,0.0,percent
correlation-redis-set-cores2,sar_concurrent,cpu_util,CORE27,43,0.0,percent
correlation-redis-set-cores2,sar_concurrent,cpu_util,CORE27,44,0.0,percent
correlation-redis-set-cores2,sar_concurrent,cpu_util,CORE27,45,0.0,percent
correlation-redis-set-cores2,sar_concurrent,cpu_util,CORE27,46,0.0,percent
correlation-redis-set-cores2,sar_concurrent,cpu_util,CORE27,47,0.0,percent
correlation-redis-set-cores2,sar_concurrent,cpu_util,CORE27,48,0.0,percent
correlation-redis-set-cores2,sar_concurrent,cpu_util,CORE27,49,0.0,percent
correlation-redis-set-cores2,sar_concurrent,cpu_util,CORE27,50,0.0,percent
correlation-redis-set-cores2,sar_concurrent,cpu_util,CORE27,51,0.0,percent
correlation-redis-set-cores2,sar_concurrent,cpu_util,CORE27,52,0.0,percent
correlation-redis-set-cores2,sar_concurrent,cpu_util,CORE27,53,0.0,percent
correlation-redis-set-cores2,sar_concurrent,cpu_util,CORE27,54,0.0,percent
correlation-redis-set-cores2,sar_concurrent,cpu_util,CORE27,55,0.0,percent
correlation-redis-set-cores2,sar_concurrent,cpu_util,CORE27,56,0.0,percent
correlation-redis-set-cores2,sar_concurrent,cpu_util,CORE27,57,0.0,percent
correlation-redis-set-cores2,sar_concurrent,cpu_util,CORE27,58,0.0,percent
correlation-redis-set-cores2,sar_concurrent,cpu_util,CORE27,59,0.0,percent
correlation-redis-set-cores2,sar_concurrent,cpu_util,CORE28,0,0.0,percent
correlation-redis-set-cores2,sar_concurrent,cpu_util,CORE28,1,0.0,percent
correlation-redis-set-cores2,sar_concurrent,cpu_util,CORE28,2,0.0,percent
correlation-redis-set-cores2,sar_concurrent,cpu_util,CORE28,3,0.0,percent
correlation-redis-set-cores2,sar_concurrent,cpu_util,CORE28,4,0.0,percent
correlation-redis-set-cores2,sar_concurrent,cpu_util,CORE28,5,0.0,percent
correlation-redis-set-cores2,sar_concurrent,cpu_util,CORE28,6,0.0,percent
correlation-redis-set-cores2,sar_concurrent,cpu_util,CORE28,7,0.0,percent
correlation-redis-set-cores2,sar_concurrent,cpu_util,CORE28,8,0.0,percent
correlation-redis-set-cores2,sar_concurrent,cpu_util,CORE28,9,0.0,percent
correlation-redis-set-cores2,sar_concurrent,cpu_util,CORE28,10,0.0,percent
correlation-redis-set-cores2,sar_concurrent,cpu_util,CORE28,11,0.0,percent
correlation-redis-set-cores2,sar_concurrent,cpu_util,CORE28,12,0.0,percent
correlation-redis-set-cores2,sar_concurrent,cpu_util,CORE28,13,0.0,percent
correlation-redis-set-cores2,sar_concurrent,cpu_util,CORE28,14,0.0,percent
correlation-redis-set-cores2,sar_concurrent,cpu_util,CORE28,15,0.0,percent
correlation-redis-set-cores2,sar_concurrent,cpu_util,CORE28,16,0.0,percent
correlation-redis-set-cores2,sar_concurrent,cpu_util,CORE28,17,0.0,percent
correlation-redis-set-cores2,sar_concurrent,cpu_util,CORE28,18,0.0,percent
correlation-redis-set-cores2,sar_concurrent,cpu_util,CORE28,19,0.0,percent
correlation-redis-set-cores2,sar_concurrent,cpu_util,CORE28,20,0.0,percent
correlation-redis-set-cores2,sar_concurrent,cpu_util,CORE28,21,0.0,percent
correlation-redis-set-cores2,sar_concurrent,cpu_util,CORE28,22,0.0,percent
correlation-redis-set-cores2,sar_concurrent,cpu_util,CORE28,23,0.0,percent
correlation-redis-set-cores2,sar_concurrent,cpu_util,CORE28,24,0.0,percent
correlation-redis-set-cores2,sar_concurrent,cpu_util,CORE28,25,0.0,percent
correlation-redis-set-cores2,sar_concurrent,cpu_util,CORE28,26,0.0,percent
correlation-redis-set-cores2,sar_concurrent,cpu_util,CORE28,27,0.0,percent
correlation-redis-set-cores2,sar_concurrent,cpu_util,CORE28,28,0.0,percent
correlation-redis-set-cores2,sar_concurrent,cpu_util,CORE28,29,0.0,percent
correlation-redis-set-cores2,sar_concurrent,cpu_util,CORE28,30,0.0,percent
correlation-redis-set-cores2,sar_concurrent,cpu_util,CORE28,31,0.0,percent
correlation-redis-set-cores2,sar_concurrent,cpu_util,CORE28,32,0.99,percent
correlation-redis-set-cores2,sar_concurrent,cpu_util,CORE28,33,0.0,percent
correlation-redis-set-cores2,sar_concurrent,cpu_util,CORE28,34,0.0,percent
correlation-redis-set-cores2,sar_concurrent,cpu_util,CORE28,35,0.0,percent
correlation-redis-set-cores2,sar_concurrent,cpu_util,CORE28,36,0.0,percent
correlation-redis-set-cores2,sar_concurrent,cpu_util,CORE28,37,0.0,percent
correlation-redis-set-cores2,sar_concurrent,cpu_util,CORE28,38,0.0,percent
correlation-redis-set-cores2,sar_concurrent,cpu_util,CORE28,39,0.0,percent
correlation-redis-set-cores2,sar_concurrent,cpu_util,CORE28,40,0.0,percent
correlation-redis-set-cores2,sar_concurrent,cpu_util,CORE28,41,0.0,percent
correlation-redis-set-cores2,sar_concurrent,cpu_util,CORE28,42,0.0,percent
correlation-redis-set-cores2,sar_concurrent,cpu_util,CORE28,43,0.0,percent
correlation-redis-set-cores2,sar_concurrent,cpu_util,CORE28,44,0.0,percent
correlation-redis-set-cores2,sar_concurrent,cpu_util,CORE28,45,0.0,percent
correlation-redis-set-cores2,sar_concurrent,cpu_util,CORE28,46,0.0,percent
correlation-redis-set-cores2,sar_concurrent,cpu_util,CORE28,47,0.0,percent
correlation-redis-set-cores2,sar_concurrent,cpu_util,CORE28,48,0.0,percent
correlation-redis-set-cores2,sar_concurrent,cpu_util,CORE28,49,0.0,percent
correlation-redis-set-cores2,sar_concurrent,cpu_util,CORE28,50,0.0,percent
correlation-redis-set-cores2,sar_concurrent,cpu_util,CORE28,51,0.0,percent
correlation-redis-set-cores2,sar_concurrent,cpu_util,CORE28,52,0.0,percent
correlation-redis-set-cores2,sar_concurrent,cpu_util,CORE28,53,0.0,percent
correlation-redis-set-cores2,sar_concurrent,cpu_util,CORE28,54,0.0,percent
correlation-redis-set-cores2,sar_concurrent,cpu_util,CORE28,55,0.0,percent
correlation-redis-set-cores2,sar_concurrent,cpu_util,CORE28,56,0.0,percent
correlation-redis-set-cores2,sar_concurrent,cpu_util,CORE28,57,0.0,percent
correlation-redis-set-cores2,sar_concurrent,cpu_util,CORE28,58,0.0,percent
correlation-redis-set-cores2,sar_concurrent,cpu_util,CORE28,59,0.0,percent
correlation-redis-set-cores2,sar_concurrent,cpu_util,CORE29,0,0.0,percent
correlation-redis-set-cores2,sar_concurrent,cpu_util,CORE29,1,0.0,percent
correlation-redis-set-cores2,sar_concurrent,cpu_util,CORE29,2,0.0,percent
correlation-redis-set-cores2,sar_concurrent,cpu_util,CORE29,3,0.99,percent
correlation-redis-set-cores2,sar_concurrent,cpu_util,CORE29,4,0.0,percent
correlation-redis-set-cores2,sar_concurrent,cpu_util,CORE29,5,0.99,percent
correlation-redis-set-cores2,sar_concurrent,cpu_util,CORE29,6,0.0,percent
correlation-redis-set-cores2,sar_concurrent,cpu_util,CORE29,7,0.0,percent
correlation-redis-set-cores2,sar_concurrent,cpu_util,CORE29,8,0.99,percent
correlation-redis-set-cores2,sar_concurrent,cpu_util,CORE29,9,0.0,percent
correlation-redis-set-cores2,sar_concurrent,cpu_util,CORE29,10,0.0,percent
correlation-redis-set-cores2,sar_concurrent,cpu_util,CORE29,11,0.0,percent
correlation-redis-set-cores2,sar_concurrent,cpu_util,CORE29,12,0.0,percent
correlation-redis-set-cores2,sar_concurrent,cpu_util,CORE29,13,0.0,percent
correlation-redis-set-cores2,sar_concurrent,cpu_util,CORE29,14,0.0,percent
correlation-redis-set-cores2,sar_concurrent,cpu_util,CORE29,15,0.0,percent
correlation-redis-set-cores2,sar_concurrent,cpu_util,CORE29,16,0.0,percent
correlation-redis-set-cores2,sar_concurrent,cpu_util,CORE29,17,0.0,percent
correlation-redis-set-cores2,sar_concurrent,cpu_util,CORE29,18,0.0,percent
correlation-redis-set-cores2,sar_concurrent,cpu_util,CORE29,19,0.99,percent
correlation-redis-set-cores2,sar_concurrent,cpu_util,CORE29,20,0.99,percent
correlation-redis-set-cores2,sar_concurrent,cpu_util,CORE29,21,0.0,percent
correlation-redis-set-cores2,sar_concurrent,cpu_util,CORE29,22,0.0,percent
correlation-redis-set-cores2,sar_concurrent,cpu_util,CORE29,23,0.0,percent
correlation-redis-set-cores2,sar_concurrent,cpu_util,CORE29,24,0.0,percent
correlation-redis-set-cores2,sar_concurrent,cpu_util,CORE29,25,0.0,percent
correlation-redis-set-cores2,sar_concurrent,cpu_util,CORE29,26,0.0,percent
correlation-redis-set-cores2,sar_concurrent,cpu_util,CORE29,27,0.0,percent
correlation-redis-set-cores2,sar_concurrent,cpu_util,CORE29,28,0.0,percent
correlation-redis-set-cores2,sar_concurrent,cpu_util,CORE29,29,0.0,percent
correlation-redis-set-cores2,sar_concurrent,cpu_util,CORE29,30,0.0,percent
correlation-redis-set-cores2,sar_concurrent,cpu_util,CORE29,31,0.0,percent
correlation-redis-set-cores2,sar_concurrent,cpu_util,CORE29,32,0.99,percent
correlation-redis-set-cores2,sar_concurrent,cpu_util,CORE29,33,0.99,percent
correlation-redis-set-cores2,sar_concurrent,cpu_util,CORE29,34,1.0,percent
correlation-redis-set-cores2,sar_concurrent,cpu_util,CORE29,35,0.0,percent
correlation-redis-set-cores2,sar_concurrent,cpu_util,CORE29,36,0.0,percent
correlation-redis-set-cores2,sar_concurrent,cpu_util,CORE29,37,0.0,percent
correlation-redis-set-cores2,sar_concurrent,cpu_util,CORE29,38,0.0,percent
correlation-redis-set-cores2,sar_concurrent,cpu_util,CORE29,39,0.0,percent
correlation-redis-set-cores2,sar_concurrent,cpu_util,CORE29,40,0.0,percent
correlation-redis-set-cores2,sar_concurrent,cpu_util,CORE29,41,0.0,percent
correlation-redis-set-cores2,sar_concurrent,cpu_util,CORE29,42,0.0,percent
correlation-redis-set-cores2,sar_concurrent,cpu_util,CORE29,43,0.0,percent
correlation-redis-set-cores2,sar_concurrent,cpu_util,CORE29,44,0.0,percent
correlation-redis-set-cores2,sar_concurrent,cpu_util,CORE29,45,0.0,percent
correlation-redis-set-cores2,sar_concurrent,cpu_util,CORE29,46,0.0,percent
correlation-redis-set-cores2,sar_concurrent,cpu_util,CORE29,47,0.0,percent
correlation-redis-set-cores2,sar_concurrent,cpu_util,CORE29,48,0.0,percent
correlation-redis-set-cores2,sar_concurrent,cpu_util,CORE29,49,0.99,percent
correlation-redis-set-cores2,sar_concurrent,cpu_util,CORE29,50,0.0,percent
correlation-redis-set-cores2,sar_concurrent,cpu_util,CORE29,51,0.0,percent
correlation-redis-set-cores2,sar_concurrent,cpu_util,CORE29,52,0.0,percent
correlation-redis-set-cores2,sar_concurrent,cpu_util,CORE29,53,0.0,percent
correlation-redis-set-cores2,sar_concurrent,cpu_util,CORE29,54,0.0,percent
correlation-redis-set-cores2,sar_concurrent,cpu_util,CORE29,55,0.0,percent
correlation-redis-set-cores2,sar_concurrent,cpu_util,CORE29,56,0.0,percent
correlation-redis-set-cores2,sar_concurrent,cpu_util,CORE29,57,0.0,percent
correlation-redis-set-cores2,sar_concurrent,cpu_util,CORE29,58,0.0,percent
correlation-redis-set-cores2,sar_concurrent,cpu_util,CORE29,59,0.0,percent
correlation-redis-set-cores2,sar_concurrent,cpu_util,CORE30,0,0.0,percent
correlation-redis-set-cores2,sar_concurrent,cpu_util,CORE30,1,0.0,percent
correlation-redis-set-cores2,sar_concurrent,cpu_util,CORE30,2,0.0,percent
correlation-redis-set-cores2,sar_concurrent,cpu_util,CORE30,3,0.0,percent
correlation-redis-set-cores2,sar_concurrent,cpu_util,CORE30,4,0.0,percent
correlation-redis-set-cores2,sar_concurrent,cpu_util,CORE30,5,0.0,percent
correlation-redis-set-cores2,sar_concurrent,cpu_util,CORE30,6,0.0,percent
correlation-redis-set-cores2,sar_concurrent,cpu_util,CORE30,7,0.0,percent
correlation-redis-set-cores2,sar_concurrent,cpu_util,CORE30,8,0.0,percent
correlation-redis-set-cores2,sar_concurrent,cpu_util,CORE30,9,0.0,percent
correlation-redis-set-cores2,sar_concurrent,cpu_util,CORE30,10,0.0,percent
correlation-redis-set-cores2,sar_concurrent,cpu_util,CORE30,11,0.0,percent
correlation-redis-set-cores2,sar_concurrent,cpu_util,CORE30,12,0.0,percent
correlation-redis-set-cores2,sar_concurrent,cpu_util,CORE30,13,0.0,percent
correlation-redis-set-cores2,sar_concurrent,cpu_util,CORE30,14,0.0,percent
correlation-redis-set-cores2,sar_concurrent,cpu_util,CORE30,15,0.0,percent
correlation-redis-set-cores2,sar_concurrent,cpu_util,CORE30,16,0.0,percent
correlation-redis-set-cores2,sar_concurrent,cpu_util,CORE30,17,0.0,percent
correlation-redis-set-cores2,sar_concurrent,cpu_util,CORE30,18,0.0,percent
correlation-redis-set-cores2,sar_concurrent,cpu_util,CORE30,19,0.0,percent
correlation-redis-set-cores2,sar_concurrent,cpu_util,CORE30,20,0.0,percent
correlation-redis-set-cores2,sar_concurrent,cpu_util,CORE30,21,0.0,percent
correlation-redis-set-cores2,sar_concurrent,cpu_util,CORE30,22,0.0,percent
correlation-redis-set-cores2,sar_concurrent,cpu_util,CORE30,23,0.0,percent
correlation-redis-set-cores2,sar_concurrent,cpu_util,CORE30,24,0.0,percent
correlation-redis-set-cores2,sar_concurrent,cpu_util,CORE30,25,0.0,percent
correlation-redis-set-cores2,sar_concurrent,cpu_util,CORE30,26,0.0,percent
correlation-redis-set-cores2,sar_concurrent,cpu_util,CORE30,27,0.0,percent
correlation-redis-set-cores2,sar_concurrent,cpu_util,CORE30,28,0.0,percent
correlation-redis-set-cores2,sar_concurrent,cpu_util,CORE30,29,0.0,percent
correlation-redis-set-cores2,sar_concurrent,cpu_util,CORE30,30,0.0,percent
correlation-redis-set-cores2,sar_concurrent,cpu_util,CORE30,31,0.0,percent
correlation-redis-set-cores2,sar_concurrent,cpu_util,CORE30,32,0.0,percent
correlation-redis-set-cores2,sar_concurrent,cpu_util,CORE30,33,0.0,percent
correlation-redis-set-cores2,sar_concurrent,cpu_util,CORE30,34,0.0,percent
correlation-redis-set-cores2,sar_concurrent,cpu_util,CORE30,35,0.0,percent
correlation-redis-set-cores2,sar_concurrent,cpu_util,CORE30,36,0.0,percent
correlation-redis-set-cores2,sar_concurrent,cpu_util,CORE30,37,0.0,percent
correlation-redis-set-cores2,sar_concurrent,cpu_util,CORE30,38,0.0,percent
correlation-redis-set-cores2,sar_concurrent,cpu_util,CORE30,39,0.0,percent
correlation-redis-set-cores2,sar_concurrent,cpu_util,CORE30,40,0.0,percent
correlation-redis-set-cores2,sar_concurrent,cpu_util,CORE30,41,0.0,percent
correlation-redis-set-cores2,sar_concurrent,cpu_util,CORE30,42,0.0,percent
correlation-redis-set-cores2,sar_concurrent,cpu_util,CORE30,43,0.0,percent
correlation-redis-set-cores2,sar_concurrent,cpu_util,CORE30,44,0.0,percent
correlation-redis-set-cores2,sar_concurrent,cpu_util,CORE30,45,0.0,percent
correlation-redis-set-cores2,sar_concurrent,cpu_util,CORE30,46,0.0,percent
correlation-redis-set-cores2,sar_concurrent,cpu_util,CORE30,47,0.0,percent
correlation-redis-set-cores2,sar_concurrent,cpu_util,CORE30,48,0.0,percent
correlation-redis-set-cores2,sar_concurrent,cpu_util,CORE30,49,0.0,percent
correlation-redis-set-cores2,sar_concurrent,cpu_util,CORE30,50,0.0,percent
correlation-redis-set-cores2,sar_concurrent,cpu_util,CORE30,51,0.0,percent
correlation-redis-set-cores2,sar_concurrent,cpu_util,CORE30,52,0.0,percent
correlation-redis-set-cores2,sar_concurrent,cpu_util,CORE30,53,0.0,percent
correlation-redis-set-cores2,sar_concurrent,cpu_util,CORE30,54,0.0,percent
correlation-redis-set-cores2,sar_concurrent,cpu_util,CORE30,55,0.0,percent
correlation-redis-set-cores2,sar_concurrent,cpu_util,CORE30,56,0.0,percent
correlation-redis-set-cores2,sar_concurrent,cpu_util,CORE30,57,0.0,percent
correlation-redis-set-cores2,sar_concurrent,cpu_util,CORE30,58,0.0,percent
correlation-redis-set-cores2,sar_concurrent,cpu_util,CORE30,59,0.0,percent
correlation-redis-set-cores2,sar_concurrent,cpu_util,CORE31,0,0.0,percent
correlation-redis-set-cores2,sar_concurrent,cpu_util,CORE31,1,0.0,percent
correlation-redis-set-cores2,sar_concurrent,cpu_util,CORE31,2,0.0,percent
correlation-redis-set-cores2,sar_concurrent,cpu_util,CORE31,3,0.0,percent
correlation-redis-set-cores2,sar_concurrent,cpu_util,CORE31,4,0.0,percent
correlation-redis-set-cores2,sar_concurrent,cpu_util,CORE31,5,0.0,percent
correlation-redis-set-cores2,sar_concurrent,cpu_util,CORE31,6,0.0,percent
correlation-redis-set-cores2,sar_concurrent,cpu_util,CORE31,7,0.0,percent
correlation-redis-set-cores2,sar_concurrent,cpu_util,CORE31,8,0.0,percent
correlation-redis-set-cores2,sar_concurrent,cpu_util,CORE31,9,0.0,percent
correlation-redis-set-cores2,sar_concurrent,cpu_util,CORE31,10,0.0,percent
correlation-redis-set-cores2,sar_concurrent,cpu_util,CORE31,11,0.0,percent
correlation-redis-set-cores2,sar_concurrent,cpu_util,CORE31,12,0.0,percent
correlation-redis-set-cores2,sar_concurrent,cpu_util,CORE31,13,0.0,percent
correlation-redis-set-cores2,sar_concurrent,cpu_util,CORE31,14,0.0,percent
correlation-redis-set-cores2,sar_concurrent,cpu_util,CORE31,15,0.0,percent
correlation-redis-set-cores2,sar_concurrent,cpu_util,CORE31,16,0.0,percent
correlation-redis-set-cores2,sar_concurrent,cpu_util,CORE31,17,0.0,percent
correlation-redis-set-cores2,sar_concurrent,cpu_util,CORE31,18,0.0,percent
correlation-redis-set-cores2,sar_concurrent,cpu_util,CORE31,19,0.0,percent
correlation-redis-set-cores2,sar_concurrent,cpu_util,CORE31,20,0.0,percent
correlation-redis-set-cores2,sar_concurrent,cpu_util,CORE31,21,0.0,percent
correlation-redis-set-cores2,sar_concurrent,cpu_util,CORE31,22,0.0,percent
correlation-redis-set-cores2,sar_concurrent,cpu_util,CORE31,23,0.0,percent
correlation-redis-set-cores2,sar_concurrent,cpu_util,CORE31,24,0.0,percent
correlation-redis-set-cores2,sar_concurrent,cpu_util,CORE31,25,0.0,percent
correlation-redis-set-cores2,sar_concurrent,cpu_util,CORE31,26,0.99,percent
correlation-redis-set-cores2,sar_concurrent,cpu_util,CORE31,27,0.0,percent
correlation-redis-set-cores2,sar_concurrent,cpu_util,CORE31,28,0.0,percent
correlation-redis-set-cores2,sar_concurrent,cpu_util,CORE31,29,0.0,percent
correlation-redis-set-cores2,sar_concurrent,cpu_util,CORE31,30,0.0,percent
correlation-redis-set-cores2,sar_concurrent,cpu_util,CORE31,31,45.45,percent
correlation-redis-set-cores2,sar_concurrent,cpu_util,CORE31,32,0.99,percent
correlation-redis-set-cores2,sar_concurrent,cpu_util,CORE31,33,0.0,percent
correlation-redis-set-cores2,sar_concurrent,cpu_util,CORE31,34,0.0,percent
correlation-redis-set-cores2,sar_concurrent,cpu_util,CORE31,35,0.0,percent
correlation-redis-set-cores2,sar_concurrent,cpu_util,CORE31,36,0.0,percent
correlation-redis-set-cores2,sar_concurrent,cpu_util,CORE31,37,0.0,percent
correlation-redis-set-cores2,sar_concurrent,cpu_util,CORE31,38,0.0,percent
correlation-redis-set-cores2,sar_concurrent,cpu_util,CORE31,39,0.0,percent
correlation-redis-set-cores2,sar_concurrent,cpu_util,CORE31,40,0.0,percent
correlation-redis-set-cores2,sar_concurrent,cpu_util,CORE31,41,0.0,percent
correlation-redis-set-cores2,sar_concurrent,cpu_util,CORE31,42,0.0,percent
correlation-redis-set-cores2,sar_concurrent,cpu_util,CORE31,43,0.0,percent
correlation-redis-set-cores2,sar_concurrent,cpu_util,CORE31,44,0.0,percent
correlation-redis-set-cores2,sar_concurrent,cpu_util,CORE31,45,0.0,percent
correlation-redis-set-cores2,sar_concurrent,cpu_util,CORE31,46,0.0,percent
correlation-redis-set-cores2,sar_concurrent,cpu_util,CORE31,47,0.0,percent
correlation-redis-set-cores2,sar_concurrent,cpu_util,CORE31,48,0.0,percent
correlation-redis-set-cores2,sar_concurrent,cpu_util,CORE31,49,0.0,percent
correlation-redis-set-cores2,sar_concurrent,cpu_util,CORE31,50,0.0,percent
correlation-redis-set-cores2,sar_concurrent,cpu_util,CORE31,51,0.0,percent
correlation-redis-set-cores2,sar_concurrent,cpu_util,CORE31,52,0.0,percent
correlation-redis-set-cores2,sar_concurrent,cpu_util,CORE31,53,0.0,percent
correlation-redis-set-cores2,sar_concurrent,cpu_util,CORE31,54,0.0,percent
correlation-redis-set-cores2,sar_concurrent,cpu_util,CORE31,55,0.0,percent
correlation-redis-set-cores2,sar_concurrent,cpu_util,CORE31,56,0.0,percent
correlation-redis-set-cores2,sar_concurrent,cpu_util,CORE31,57,0.0,percent
correlation-redis-set-cores2,sar_concurrent,cpu_util,CORE31,58,0.0,percent
correlation-redis-set-cores2,sar_concurrent,cpu_util,CORE31,59,0.0,percent
