Linux 5.15.0-187-generic (node0.katieyan-315918.ldos-ut-pg0.wisc.cloudlab.us) 	09/14/26 	_x86_64_	(32 CPU)

04:54:19        CPU     %user     %nice   %system   %iowait    %steal     %idle
04:54:20        all      2.94      0.00      0.44      0.00      0.00     96.63
04:54:20          0      1.00      0.00      0.00      0.00      0.00     99.00
04:54:20          1      1.00      0.00      0.00      0.00      0.00     99.00
04:54:20          2      3.00      0.00      0.00      0.00      0.00     97.00
04:54:20          3      0.00      0.00      0.00      0.00      0.00    100.00
04:54:20          4     84.85      0.00     12.12      0.00      0.00      3.03
04:54:20          5      0.99      0.00      0.00      0.00      0.00     99.01
04:54:20          6      0.00      0.00      0.00      0.00      0.00    100.00
04:54:20          7      0.00      0.00      0.00      0.00      0.00    100.00
04:54:20          8      0.00      0.00      0.00      0.00      0.00    100.00
04:54:20          9      0.00      0.00      0.00      0.00      0.00    100.00
04:54:20         10      0.00      0.00      0.00      0.00      0.00    100.00
04:54:20         11      0.00      0.00      0.00      0.00      0.00    100.00
04:54:20         12      0.00      0.00      0.00      0.00      0.00    100.00
04:54:20         13      0.99      0.00      0.99      0.00      0.00     98.02
04:54:20         14      2.00      0.00      1.00      0.00      0.00     97.00
04:54:20         15      0.00      0.00      0.00      0.00      0.00    100.00
04:54:20         16      0.00      0.00      0.00      0.00      0.00    100.00
04:54:20         17      0.00      0.00      0.00      0.00      0.00    100.00
04:54:20         18      0.00      0.00      0.00      0.00      0.00    100.00
04:54:20         19      0.00      0.00      0.00      0.00      0.00    100.00
04:54:20         20      0.00      0.00      0.00      0.00      0.00    100.00
04:54:20         21      0.00      0.00      0.00      0.00      0.00    100.00
04:54:20         22      0.00      0.00      0.00      0.00      0.00    100.00
04:54:20         23      0.00      0.00      0.00      0.00      0.00    100.00
04:54:20         24      0.00      0.00      0.00      0.00      0.00    100.00
04:54:20         25      0.00      0.00      0.00      0.00      0.00    100.00
04:54:20         26      0.00      0.00      0.00      0.00      0.00    100.00
04:54:20         27      0.00      0.00      0.00      0.00      0.00    100.00
04:54:20         28      0.00      0.00      0.00      0.00      0.00    100.00
04:54:20         29      0.00      0.00      0.00      0.00      0.00    100.00
04:54:20         30      0.00      0.00      0.00      0.00      0.00    100.00
04:54:20         31      1.00      0.00      0.00      0.00      0.00     99.00

04:54:20        CPU     %user     %nice   %system   %iowait    %steal     %idle
04:54:21        all      2.78      0.00      0.44      0.00      0.00     96.78
04:54:21          0      0.00      0.00      0.00      0.00      0.00    100.00
04:54:21          1      0.00      0.00      0.00      0.00      0.00    100.00
04:54:21          2      0.00      0.00      0.99      0.00      0.00     99.01
04:54:21          3      0.00      0.00      0.00      0.00      0.00    100.00
04:54:21          4     87.13      0.00     12.87      0.00      0.00      0.00
04:54:21          5      0.00      0.00      0.00      0.00      0.00    100.00
04:54:21          6      0.00      0.00      0.00      0.00      0.00    100.00
04:54:21          7      0.00      0.00      0.00      0.00      0.00    100.00
04:54:21          8      0.00      0.00      0.00      0.00      0.00    100.00
04:54:21          9      0.00      0.00      0.00      0.00      0.00    100.00
04:54:21         10      0.00      0.00      0.00      0.00      0.00    100.00
04:54:21         11      0.00      0.00      0.00      0.00      0.00    100.00
04:54:21         12      0.00      0.00      0.00      0.00      0.00    100.00
04:54:21         13      0.00      0.00      0.00      0.00      0.00    100.00
04:54:21         14      0.00      0.00      0.00      0.00      0.00    100.00
04:54:21         15      0.00      0.00      0.00      0.00      0.00    100.00
04:54:21         16      0.00      0.00      0.00      0.00      0.00    100.00
04:54:21         17      0.00      0.00      0.00      0.00      0.00    100.00
04:54:21         18      0.00      0.00      0.00      0.00      0.00    100.00
04:54:21         19      0.00      0.00      0.00      0.00      0.00    100.00
04:54:21         20      0.00      0.00      0.00      0.00      0.00    100.00
04:54:21         21      0.00      0.00      0.00      0.00      0.00    100.00
04:54:21         22      0.00      0.00      0.00      0.00      0.00    100.00
04:54:21         23      0.00      0.00      0.00      0.00      0.00    100.00
04:54:21         24      0.00      0.00      0.00      0.00      0.00    100.00
04:54:21         25      0.00      0.00      0.00      0.00      0.00    100.00
04:54:21         26      0.00      0.00      0.00      0.00      0.00    100.00
04:54:21         27      0.00      0.00      0.00      0.00      0.00    100.00
04:54:21         28      0.00      0.00      0.00      0.00      0.00    100.00
04:54:21         29      0.00      0.00      0.00      0.00      0.00    100.00
04:54:21         30      0.00      0.00      0.00      0.00      0.00    100.00
04:54:21         31      1.00      0.00      0.00      0.00      0.00     99.00

04:54:21        CPU     %user     %nice   %system   %iowait    %steal     %idle
04:54:22        all      2.88      0.00      0.31      0.00      0.00     96.81
04:54:22          0      0.00      0.00      0.00      0.00      0.00    100.00
04:54:22          1      0.00      0.00      0.00      0.00      0.00    100.00
04:54:22          2      0.00      0.00      0.00      0.00      0.00    100.00
04:54:22          3      0.00      0.00      0.00      0.00      0.00    100.00
04:54:22          4     90.00      0.00     10.00      0.00      0.00      0.00
04:54:22          5      0.00      0.00      0.00      0.00      0.00    100.00
04:54:22          6      0.00      0.00      0.00      0.00      0.00    100.00
04:54:22          7      0.99      0.00      0.00      0.00      0.00     99.01
04:54:22          8      0.00      0.00      0.00      0.00      0.00    100.00
04:54:22          9      0.00      0.00      0.00      0.00      0.00    100.00
04:54:22         10      0.00      0.00      0.00      0.00      0.00    100.00
04:54:22         11      0.00      0.00      0.00      0.00      0.00    100.00
04:54:22         12      0.00      0.00      0.00      0.00      0.00    100.00
04:54:22         13      0.00      0.00      0.00      0.00      0.00    100.00
04:54:22         14      0.00      0.00      0.00      0.00      0.00    100.00
04:54:22         15      0.00      0.00      0.00      0.00      0.00    100.00
04:54:22         16      0.00      0.00      0.00      0.00      0.00    100.00
04:54:22         17      0.00      0.00      0.00      0.00      0.00    100.00
04:54:22         18      0.00      0.00      0.00      0.00      0.00    100.00
04:54:22         19      0.00      0.00      0.00      0.00      0.00    100.00
04:54:22         20      0.00      0.00      0.00      0.00      0.00    100.00
04:54:22         21      0.00      0.00      0.00      0.00      0.00    100.00
04:54:22         22      0.00      0.00      0.00      0.00      0.00    100.00
04:54:22         23      0.00      0.00      0.00      0.00      0.00    100.00
04:54:22         24      0.00      0.00      0.00      0.00      0.00    100.00
04:54:22         25      0.00      0.00      0.00      0.00      0.00    100.00
04:54:22         26      0.00      0.00      0.00      0.00      0.00    100.00
04:54:22         27      0.00      0.00      0.00      0.00      0.00    100.00
04:54:22         28      0.00      0.00      0.00      0.00      0.00    100.00
04:54:22         29      0.00      0.00      0.00      0.00      0.00    100.00
04:54:22         30      1.01      0.00      0.00      0.00      0.00     98.99
04:54:22         31      0.00      0.00      0.00      0.00      0.00    100.00

04:54:22        CPU     %user     %nice   %system   %iowait    %steal     %idle
04:54:23        all      2.88      0.00      0.28      0.00      0.00     96.84
04:54:23          0      0.00      0.00      0.00      0.00      0.00    100.00
04:54:23          1      0.00      0.00      0.00      0.00      0.00    100.00
04:54:23          2      0.00      0.00      0.00      0.00      0.00    100.00
04:54:23          3      0.00      0.00      0.00      0.00      0.00    100.00
04:54:23          4     90.91      0.00      9.09      0.00      0.00      0.00
04:54:23          5      0.00      0.00      0.00      0.00      0.00    100.00
04:54:23          6      0.00      0.00      0.00      0.00      0.00    100.00
04:54:23          7      0.00      0.00      0.00      0.00      0.00    100.00
04:54:23          8      0.00      0.00      0.00      0.00      0.00    100.00
04:54:23          9      0.00      0.00      0.00      0.00      0.00    100.00
04:54:23         10      0.00      0.00      0.00      0.00      0.00    100.00
04:54:23         11      0.00      0.00      0.00      0.00      0.00    100.00
04:54:23         12      0.00      0.00      0.00      0.00      0.00    100.00
04:54:23         13      0.00      0.00      0.00      0.00      0.00    100.00
04:54:23         14      0.00      0.00      0.00      0.00      0.00    100.00
04:54:23         15      0.00      0.00      0.00      0.00      0.00    100.00
04:54:23         16      0.00      0.00      0.00      0.00      0.00    100.00
04:54:23         17      0.00      0.00      0.00      0.00      0.00    100.00
04:54:23         18      0.00      0.00      0.00      0.00      0.00    100.00
04:54:23         19      0.00      0.00      0.00      0.00      0.00    100.00
04:54:23         20      0.00      0.00      0.00      0.00      0.00    100.00
04:54:23         21      0.00      0.00      0.00      0.00      0.00    100.00
04:54:23         22      0.00      0.00      0.00      0.00      0.00    100.00
04:54:23         23      0.00      0.00      0.00      0.00      0.00    100.00
04:54:23         24      0.00      0.00      0.00      0.00      0.00    100.00
04:54:23         25      0.00      0.00      0.00      0.00      0.00    100.00
04:54:23         26      0.00      0.00      0.00      0.00      0.00    100.00
04:54:23         27      0.00      0.00      0.00      0.00      0.00    100.00
04:54:23         28      0.00      0.00      0.00      0.00      0.00    100.00
04:54:23         29      0.00      0.00      0.00      0.00      0.00    100.00
04:54:23         30      0.00      0.00      0.00      0.00      0.00    100.00
04:54:23         31      1.98      0.00      0.00      0.00      0.00     98.02

04:54:23        CPU     %user     %nice   %system   %iowait    %steal     %idle
04:54:24        all      2.75      0.00      0.47      0.00      0.00     96.78
04:54:24          0      0.00      0.00      0.00      0.00      0.00    100.00
04:54:24          1      0.00      0.00      0.00      0.00      0.00    100.00
04:54:24          2      0.00      0.00      0.00      0.00      0.00    100.00
04:54:24          3      0.00      0.00      0.00      0.00      0.00    100.00
04:54:24          4     86.14      0.00     13.86      0.00      0.00      0.00
04:54:24          5      0.00      0.00      0.00      0.00      0.00    100.00
04:54:24          6      0.00      0.00      0.00      0.00      0.00    100.00
04:54:24          7      0.00      0.00      0.99      0.00      0.00     99.01
04:54:24          8      0.00      0.00      0.00      0.00      0.00    100.00
04:54:24          9      0.00      0.00      0.00      0.00      0.00    100.00
04:54:24         10      0.00      0.00      0.00      0.00      0.00    100.00
04:54:24         11      0.00      0.00      0.00      0.00      0.00    100.00
04:54:24         12      0.00      0.00      0.00      0.00      0.00    100.00
04:54:24         13      0.00      0.00      0.00      0.00      0.00    100.00
04:54:24         14      0.00      0.00      0.00      0.00      0.00    100.00
04:54:24         15      0.00      0.00      0.00      0.00      0.00    100.00
04:54:24         16      0.00      0.00      0.00      0.00      0.00    100.00
04:54:24         17      0.00      0.00      0.00      0.00      0.00    100.00
04:54:24         18      0.00      0.00      0.00      0.00      0.00    100.00
04:54:24         19      0.00      0.00      0.00      0.00      0.00    100.00
04:54:24         20      0.00      0.00      0.00      0.00      0.00    100.00
04:54:24         21      0.00      0.00      0.00      0.00      0.00    100.00
04:54:24         22      0.00      0.00      0.00      0.00      0.00    100.00
04:54:24         23      0.00      0.00      0.00      0.00      0.00    100.00
04:54:24         24      0.00      0.00      0.00      0.00      0.00    100.00
04:54:24         25      0.00      0.00      0.00      0.00      0.00    100.00
04:54:24         26      0.00      0.00      0.00      0.00      0.00    100.00
04:54:24         27      0.00      0.00      0.00      0.00      0.00    100.00
04:54:24         28      0.00      0.00      0.00      0.00      0.00    100.00
04:54:24         29      0.00      0.00      0.00      0.00      0.00    100.00
04:54:24         30      0.00      0.00      0.00      0.00      0.00    100.00
04:54:24         31      1.00      0.00      0.00      0.00      0.00     99.00

04:54:24        CPU     %user     %nice   %system   %iowait    %steal     %idle
04:54:25        all      2.72      0.00      0.44      0.00      0.00     96.84
04:54:25          0      0.00      0.00      0.00      0.00      0.00    100.00
04:54:25          1      0.00      0.00      0.00      0.00      0.00    100.00
04:54:25          2      0.00      0.00      0.00      0.00      0.00    100.00
04:54:25          3      0.00      0.00      0.00      0.00      0.00    100.00
04:54:25          4     86.00      0.00     14.00      0.00      0.00      0.00
04:54:25          5      0.00      0.00      0.00      0.00      0.00    100.00
04:54:25          6      0.00      0.00      0.00      0.00      0.00    100.00
04:54:25          7      0.00      0.00      0.00      0.00      0.00    100.00
04:54:25          8      0.00      0.00      0.00      0.00      0.00    100.00
04:54:25          9      0.00      0.00      0.00      0.00      0.00    100.00
04:54:25         10      0.00      0.00      0.00      0.00      0.00    100.00
04:54:25         11      0.00      0.00      0.00      0.00      0.00    100.00
04:54:25         12      0.00      0.00      0.00      0.00      0.00    100.00
04:54:25         13      0.00      0.00      0.00      0.00      0.00    100.00
04:54:25         14      0.00      0.00      0.00      0.00      0.00    100.00
04:54:25         15      0.00      0.00      0.00      0.00      0.00    100.00
04:54:25         16      0.00      0.00      0.00      0.00      0.00    100.00
04:54:25         17      0.00      0.00      0.00      0.00      0.00    100.00
04:54:25         18      0.00      0.00      0.00      0.00      0.00    100.00
04:54:25         19      0.00      0.00      0.00      0.00      0.00    100.00
04:54:25         20      0.00      0.00      0.00      0.00      0.00    100.00
04:54:25         21      0.00      0.00      0.00      0.00      0.00    100.00
04:54:25         22      0.00      0.00      0.00      0.00      0.00    100.00
04:54:25         23      0.00      0.00      0.00      0.00      0.00    100.00
04:54:25         24      0.00      0.00      0.00      0.00      0.00    100.00
04:54:25         25      0.00      0.00      0.00      0.00      0.00    100.00
04:54:25         26      0.00      0.00      0.00      0.00      0.00    100.00
04:54:25         27      0.00      0.00      0.00      0.00      0.00    100.00
04:54:25         28      0.00      0.00      0.00      0.00      0.00    100.00
04:54:25         29      0.00      0.00      0.00      0.00      0.00    100.00
04:54:25         30      0.00      0.00      0.00      0.00      0.00    100.00
04:54:25         31      1.00      0.00      0.00      0.00      0.00     99.00

04:54:25        CPU     %user     %nice   %system   %iowait    %steal     %idle
04:54:26        all      2.91      0.00      0.31      0.00      0.00     96.78
04:54:26          0      0.00      0.00      0.00      0.00      0.00    100.00
04:54:26          1      0.00      0.00      0.00      0.00      0.00    100.00
04:54:26          2      0.00      0.00      0.99      0.00      0.00     99.01
04:54:26          3      0.00      0.00      0.00      0.00      0.00    100.00
04:54:26          4     92.93      0.00      7.07      0.00      0.00      0.00
04:54:26          5      0.00      0.00      0.00      0.00      0.00    100.00
04:54:26          6      0.00      0.00      0.00      0.00      0.00    100.00
04:54:26          7      0.00      0.00      0.99      0.00      0.00     99.01
04:54:26          8      0.00      0.00      0.00      0.00      0.00    100.00
04:54:26          9      0.00      0.00      0.00      0.00      0.00    100.00
04:54:26         10      0.00      0.00      0.00      0.00      0.00    100.00
04:54:26         11      0.00      0.00      0.00      0.00      0.00    100.00
04:54:26         12      0.00      0.00      0.00      0.00      0.00    100.00
04:54:26         13      0.00      0.00      0.00      0.00      0.00    100.00
04:54:26         14      0.00      0.00      0.00      0.00      0.00    100.00
04:54:26         15      0.00      0.00      0.00      0.00      0.00    100.00
04:54:26         16      0.00      0.00      0.00      0.00      0.00    100.00
04:54:26         17      0.00      0.00      0.00      0.00      0.00    100.00
04:54:26         18      0.00      0.00      0.00      0.00      0.00    100.00
04:54:26         19      0.00      0.00      0.00      0.00      0.00    100.00
04:54:26         20      0.00      0.00      0.00      0.00      0.00    100.00
04:54:26         21      0.00      0.00      0.00      0.00      0.00    100.00
04:54:26         22      0.00      0.00      0.00      0.00      0.00    100.00
04:54:26         23      0.00      0.00      0.00      0.00      0.00    100.00
04:54:26         24      0.00      0.00      0.00      0.00      0.00    100.00
04:54:26         25      0.00      0.00      0.00      0.00      0.00    100.00
04:54:26         26      0.00      0.00      0.00      0.00      0.00    100.00
04:54:26         27      0.00      0.00      0.99      0.00      0.00     99.01
04:54:26         28      0.00      0.00      0.00      0.00      0.00    100.00
04:54:26         29      0.00      0.00      0.00      0.00      0.00    100.00
04:54:26         30      0.00      0.00      0.00      0.00      0.00    100.00
04:54:26         31      1.00      0.00      0.00      0.00      0.00     99.00

04:54:26        CPU     %user     %nice   %system   %iowait    %steal     %idle
04:54:27        all      2.84      0.00      0.28      0.00      0.00     96.87
04:54:27          0      0.00      0.00      0.00      0.00      0.00    100.00
04:54:27          1      0.00      0.00      0.00      0.00      0.00    100.00
04:54:27          2      0.00      0.00      0.00      0.00      0.00    100.00
04:54:27          3      0.00      0.00      0.00      0.00      0.00    100.00
04:54:27          4     91.00      0.00      9.00      0.00      0.00      0.00
04:54:27          5      0.00      0.00      0.00      0.00      0.00    100.00
04:54:27          6      0.00      0.00      0.00      0.00      0.00    100.00
04:54:27          7      0.00      0.00      0.00      0.00      0.00    100.00
04:54:27          8      0.00      0.00      0.00      0.00      0.00    100.00
04:54:27          9      0.00      0.00      0.00      0.00      0.00    100.00
04:54:27         10      0.00      0.00      0.00      0.00      0.00    100.00
04:54:27         11      0.00      0.00      0.00      0.00      0.00    100.00
04:54:27         12      0.00      0.00      0.00      0.00      0.00    100.00
04:54:27         13      0.00      0.00      0.00      0.00      0.00    100.00
04:54:27         14      0.00      0.00      0.00      0.00      0.00    100.00
04:54:27         15      0.00      0.00      0.00      0.00      0.00    100.00
04:54:27         16      0.00      0.00      0.00      0.00      0.00    100.00
04:54:27         17      0.00      0.00      0.00      0.00      0.00    100.00
04:54:27         18      0.00      0.00      0.00      0.00      0.00    100.00
04:54:27         19      0.00      0.00      0.00      0.00      0.00    100.00
04:54:27         20      0.00      0.00      0.00      0.00      0.00    100.00
04:54:27         21      0.00      0.00      0.00      0.00      0.00    100.00
04:54:27         22      0.00      0.00      0.00      0.00      0.00    100.00
04:54:27         23      0.00      0.00      0.00      0.00      0.00    100.00
04:54:27         24      0.00      0.00      0.00      0.00      0.00    100.00
04:54:27         25      0.00      0.00      0.00      0.00      0.00    100.00
04:54:27         26      0.00      0.00      0.00      0.00      0.00    100.00
04:54:27         27      0.00      0.00      0.00      0.00      0.00    100.00
04:54:27         28      0.00      0.00      0.00      0.00      0.00    100.00
04:54:27         29      0.00      0.00      0.00      0.00      0.00    100.00
04:54:27         30      0.00      0.00      0.00      0.00      0.00    100.00
04:54:27         31      0.00      0.00      0.00      0.00      0.00    100.00

04:54:27        CPU     %user     %nice   %system   %iowait    %steal     %idle
04:54:28        all      2.81      0.00      0.41      0.00      0.00     96.78
04:54:28          0      0.00      0.00      0.00      0.00      0.00    100.00
04:54:28          1      0.00      0.00      0.99      0.00      0.00     99.01
04:54:28          2      0.00      0.00      0.00      0.00      0.00    100.00
04:54:28          3      0.00      0.00      0.00      0.00      0.00    100.00
04:54:28          4     88.12      0.00     11.88      0.00      0.00      0.00
04:54:28          5      0.00      0.00      0.00      0.00      0.00    100.00
04:54:28          6      0.00      0.00      0.00      0.00      0.00    100.00
04:54:28          7      0.00      0.00      0.00      0.00      0.00    100.00
04:54:28          8      0.00      0.00      0.00      0.00      0.00    100.00
04:54:28          9      0.00      0.00      0.00      0.00      0.00    100.00
04:54:28         10      0.00      0.00      0.00      0.00      0.00    100.00
04:54:28         11      0.00      0.00      0.00      0.00      0.00    100.00
04:54:28         12      0.00      0.00      0.00      0.00      0.00    100.00
04:54:28         13      0.00      0.00      0.00      0.00      0.00    100.00
04:54:28         14      0.00      0.00      0.00      0.00      0.00    100.00
04:54:28         15      0.00      0.00      0.00      0.00      0.00    100.00
04:54:28         16      0.00      0.00      0.00      0.00      0.00    100.00
04:54:28         17      0.00      0.00      0.00      0.00      0.00    100.00
04:54:28         18      0.00      0.00      0.00      0.00      0.00    100.00
04:54:28         19      0.00      0.00      0.00      0.00      0.00    100.00
04:54:28         20      0.00      0.00      0.00      0.00      0.00    100.00
04:54:28         21      0.00      0.00      0.00      0.00      0.00    100.00
04:54:28         22      0.00      0.00      0.00      0.00      0.00    100.00
04:54:28         23      0.00      0.00      0.00      0.00      0.00    100.00
04:54:28         24      0.00      0.00      0.00      0.00      0.00    100.00
04:54:28         25      0.00      0.00      0.00      0.00      0.00    100.00
04:54:28         26      0.00      0.00      0.00      0.00      0.00    100.00
04:54:28         27      0.00      0.00      0.00      0.00      0.00    100.00
04:54:28         28      0.00      0.00      0.00      0.00      0.00    100.00
04:54:28         29      0.00      0.00      0.00      0.00      0.00    100.00
04:54:28         30      0.00      0.00      0.00      0.00      0.00    100.00
04:54:28         31      1.00      0.00      0.00      0.00      0.00     99.00

04:54:28        CPU     %user     %nice   %system   %iowait    %steal     %idle
04:54:29        all      2.78      0.00      0.41      0.00      0.00     96.81
04:54:29          0      0.00      0.00      0.00      0.00      0.00    100.00
04:54:29          1      0.00      0.00      0.00      0.00      0.00    100.00
04:54:29          2      0.00      0.00      0.00      0.00      0.00    100.00
04:54:29          3      0.00      0.00      0.00      0.00      0.00    100.00
04:54:29          4     87.00      0.00     13.00      0.00      0.00      0.00
04:54:29          5      0.00      0.00      0.00      0.00      0.00    100.00
04:54:29          6      0.00      0.00      0.00      0.00      0.00    100.00
04:54:29          7      0.00      0.00      0.00      0.00      0.00    100.00
04:54:29          8      0.00      0.00      0.00      0.00      0.00    100.00
04:54:29          9      0.00      0.00      0.00      0.00      0.00    100.00
04:54:29         10      0.00      0.00      0.00      0.00      0.00    100.00
04:54:29         11      0.00      0.00      0.00      0.00      0.00    100.00
04:54:29         12      0.00      0.00      0.00      0.00      0.00    100.00
04:54:29         13      0.00      0.00      0.00      0.00      0.00    100.00
04:54:29         14      0.00      0.00      0.00      0.00      0.00    100.00
04:54:29         15      0.00      0.00      0.00      0.00      0.00    100.00
04:54:29         16      0.99      0.00      0.00      0.00      0.00     99.01
04:54:29         17      0.00      0.00      0.00      0.00      0.00    100.00
04:54:29         18      0.00      0.00      0.00      0.00      0.00    100.00
04:54:29         19      0.00      0.00      0.00      0.00      0.00    100.00
04:54:29         20      0.00      0.00      0.00      0.00      0.00    100.00
04:54:29         21      0.00      0.00      0.00      0.00      0.00    100.00
04:54:29         22      0.00      0.00      0.00      0.00      0.00    100.00
04:54:29         23      0.00      0.00      0.00      0.00      0.00    100.00
04:54:29         24      0.00      0.00      0.00      0.00      0.00    100.00
04:54:29         25      0.00      0.00      0.00      0.00      0.00    100.00
04:54:29         26      0.00      0.00      0.00      0.00      0.00    100.00
04:54:29         27      0.00      0.00      0.00      0.00      0.00    100.00
04:54:29         28      0.00      0.00      0.00      0.00      0.00    100.00
04:54:29         29      0.00      0.00      0.00      0.00      0.00    100.00
04:54:29         30      0.00      0.00      0.00      0.00      0.00    100.00
04:54:29         31      1.00      0.00      0.00      0.00      0.00     99.00

04:54:29        CPU     %user     %nice   %system   %iowait    %steal     %idle
04:54:30        all      2.78      0.00      0.44      0.00      0.00     96.78
04:54:30          0      0.00      0.00      0.99      0.00      0.00     99.01
04:54:30          1      0.00      0.00      0.00      0.00      0.00    100.00
04:54:30          2      0.00      0.00      0.00      0.00      0.00    100.00
04:54:30          3      0.00      0.00      0.00      0.00      0.00    100.00
04:54:30          4     89.00      0.00     11.00      0.00      0.00      0.00
04:54:30          5      0.00      0.00      0.00      0.00      0.00    100.00
04:54:30          6      0.00      0.00      0.00      0.00      0.00    100.00
04:54:30          7      0.00      0.00      0.00      0.00      0.00    100.00
04:54:30          8      0.00      0.00      0.00      0.00      0.00    100.00
04:54:30          9      0.00      0.00      0.00      0.00      0.00    100.00
04:54:30         10      0.00      0.00      0.00      0.00      0.00    100.00
04:54:30         11      0.00      0.00      0.00      0.00      0.00    100.00
04:54:30         12      0.00      0.00      0.00      0.00      0.00    100.00
04:54:30         13      0.00      0.00      0.00      0.00      0.00    100.00
04:54:30         14      0.00      0.00      0.00      0.00      0.00    100.00
04:54:30         15      0.00      0.00      0.00      0.00      0.00    100.00
04:54:30         16      0.00      0.00      0.00      0.00      0.00    100.00
04:54:30         17      0.00      0.00      0.00      0.00      0.00    100.00
04:54:30         18      0.00      0.00      0.00      0.00      0.00    100.00
04:54:30         19      0.00      0.00      0.00      0.00      0.00    100.00
04:54:30         20      0.00      0.00      0.00      0.00      0.00    100.00
04:54:30         21      0.00      0.00      0.00      0.00      0.00    100.00
04:54:30         22      0.00      0.00      0.00      0.00      0.00    100.00
04:54:30         23      0.00      0.00      0.00      0.00      0.00    100.00
04:54:30         24      0.00      0.00      0.00      0.00      0.00    100.00
04:54:30         25      0.00      0.00      0.00      0.00      0.00    100.00
04:54:30         26      0.00      0.00      0.00      0.00      0.00    100.00
04:54:30         27      0.00      0.00      0.00      0.00      0.00    100.00
04:54:30         28      0.00      0.00      0.99      0.00      0.00     99.01
04:54:30         29      0.00      0.00      0.00      0.00      0.00    100.00
04:54:30         30      0.00      0.00      0.00      0.00      0.00    100.00
04:54:30         31      0.00      0.00      1.00      0.00      0.00     99.00

04:54:30        CPU     %user     %nice   %system   %iowait    %steal     %idle
04:54:31        all      2.88      0.00      0.34      0.00      0.00     96.78
04:54:31          0      0.00      0.00      0.00      0.00      0.00    100.00
04:54:31          1      0.00      0.00      0.00      0.00      0.00    100.00
04:54:31          2      0.00      0.00      0.00      0.00      0.00    100.00
04:54:31          3      0.00      0.00      0.00      0.00      0.00    100.00
04:54:31          4     90.00      0.00     10.00      0.00      0.00      0.00
04:54:31          5      0.00      0.00      0.00      0.00      0.00    100.00
04:54:31          6      0.00      0.00      0.00      0.00      0.00    100.00
04:54:31          7      0.00      0.00      0.00      0.00      0.00    100.00
04:54:31          8      0.00      0.00      0.00      0.00      0.00    100.00
04:54:31          9      0.00      0.00      0.00      0.00      0.00    100.00
04:54:31         10      0.00      0.00      0.00      0.00      0.00    100.00
04:54:31         11      0.00      0.00      0.00      0.00      0.00    100.00
04:54:31         12      0.00      0.00      0.00      0.00      0.00    100.00
04:54:31         13      0.00      0.00      0.00      0.00      0.00    100.00
04:54:31         14      1.00      0.00      0.00      0.00      0.00     99.00
04:54:31         15      0.00      0.00      0.00      0.00      0.00    100.00
04:54:31         16      0.00      0.00      0.00      0.00      0.00    100.00
04:54:31         17      0.00      0.00      0.00      0.00      0.00    100.00
04:54:31         18      0.00      0.00      0.00      0.00      0.00    100.00
04:54:31         19      0.00      0.00      0.00      0.00      0.00    100.00
04:54:31         20      0.00      0.00      0.00      0.00      0.00    100.00
04:54:31         21      0.00      0.00      0.00      0.00      0.00    100.00
04:54:31         22      0.00      0.00      0.00      0.00      0.00    100.00
04:54:31         23      0.00      0.00      0.00      0.00      0.00    100.00
04:54:31         24      0.00      0.00      0.00      0.00      0.00    100.00
04:54:31         25      0.00      0.00      0.00      0.00      0.00    100.00
04:54:31         26      0.00      0.00      0.00      0.00      0.00    100.00
04:54:31         27      0.00      0.00      0.00      0.00      0.00    100.00
04:54:31         28      0.00      0.00      0.99      0.00      0.00     99.01
04:54:31         29      0.00      0.00      0.00      0.00      0.00    100.00
04:54:31         30      0.00      0.00      0.00      0.00      0.00    100.00
04:54:31         31      1.00      0.00      0.00      0.00      0.00     99.00

04:54:31        CPU     %user     %nice   %system   %iowait    %steal     %idle
04:54:32        all      2.93      0.00      0.31      0.00      0.00     96.75
04:54:32          0      0.00      0.00      0.00      0.00      0.00    100.00
04:54:32          1      0.00      0.00      0.00      0.00      0.00    100.00
04:54:32          2      0.00      0.00      0.00      0.00      0.00    100.00
04:54:32          3      0.00      0.00      0.00      0.00      0.00    100.00
04:54:32          4     93.00      0.00      7.00      0.00      0.00      0.00
04:54:32          5      0.00      0.00      0.00      0.00      0.00    100.00
04:54:32          6      0.00      0.00      0.99      0.00      0.00     99.01
04:54:32          7      0.00      0.00      0.00      0.00      0.00    100.00
04:54:32          8      0.00      0.00      0.00      0.00      0.00    100.00
04:54:32          9      0.00      0.00      0.00      0.00      0.00    100.00
04:54:32         10      0.00      0.00      0.00      0.00      0.00    100.00
04:54:32         11      0.00      0.00      0.00      0.00      0.00    100.00
04:54:32         12      0.00      0.00      0.00      0.00      0.00    100.00
04:54:32         13      0.00      0.00      0.00      0.00      0.00    100.00
04:54:32         14      0.00      0.00      0.99      0.00      0.00     99.01
04:54:32         15      0.00      0.00      0.00      0.00      0.00    100.00
04:54:32         16      0.00      0.00      0.99      0.00      0.00     99.01
04:54:32         17      0.00      0.00      0.00      0.00      0.00    100.00
04:54:32         18      0.00      0.00      0.00      0.00      0.00    100.00
04:54:32         19      0.00      0.00      0.00      0.00      0.00    100.00
04:54:32         20      0.00      0.00      0.00      0.00      0.00    100.00
04:54:32         21      0.00      0.00      0.00      0.00      0.00    100.00
04:54:32         22      0.00      0.00      0.00      0.00      0.00    100.00
04:54:32         23      0.00      0.00      0.00      0.00      0.00    100.00
04:54:32         24      0.00      0.00      0.00      0.00      0.00    100.00
04:54:32         25      0.00      0.00      0.00      0.00      0.00    100.00
04:54:32         26      0.00      0.00      0.00      0.00      0.00    100.00
04:54:32         27      0.00      0.00      0.00      0.00      0.00    100.00
04:54:32         28      0.00      0.00      0.00      0.00      0.00    100.00
04:54:32         29      0.00      0.00      0.00      0.00      0.00    100.00
04:54:32         30      0.00      0.00      0.00      0.00      0.00    100.00
04:54:32         31      1.00      0.00      0.00      0.00      0.00     99.00

04:54:32        CPU     %user     %nice   %system   %iowait    %steal     %idle
04:54:33        all      3.16      0.00      0.00      0.00      0.00     96.84
04:54:33          0      0.00      0.00      0.00      0.00      0.00    100.00
04:54:33          1      0.00      0.00      0.00      0.00      0.00    100.00
04:54:33          2      0.00      0.00      0.00      0.00      0.00    100.00
04:54:33          3      0.00      0.00      0.00      0.00      0.00    100.00
04:54:33          4    100.00      0.00      0.00      0.00      0.00      0.00
04:54:33          5      0.00      0.00      0.00      0.00      0.00    100.00
04:54:33          6      0.00      0.00      0.00      0.00      0.00    100.00
04:54:33          7      0.00      0.00      0.00      0.00      0.00    100.00
04:54:33          8      0.00      0.00      0.00      0.00      0.00    100.00
04:54:33          9      0.00      0.00      0.00      0.00      0.00    100.00
04:54:33         10      0.00      0.00      0.00      0.00      0.00    100.00
04:54:33         11      0.00      0.00      0.00      0.00      0.00    100.00
04:54:33         12      0.00      0.00      0.00      0.00      0.00    100.00
04:54:33         13      0.00      0.00      0.00      0.00      0.00    100.00
04:54:33         14      0.00      0.00      0.00      0.00      0.00    100.00
04:54:33         15      0.00      0.00      0.00      0.00      0.00    100.00
04:54:33         16      0.00      0.00      0.00      0.00      0.00    100.00
04:54:33         17      0.00      0.00      0.00      0.00      0.00    100.00
04:54:33         18      0.00      0.00      0.00      0.00      0.00    100.00
04:54:33         19      0.00      0.00      0.00      0.00      0.00    100.00
04:54:33         20      0.00      0.00      0.00      0.00      0.00    100.00
04:54:33         21      0.00      0.00      0.00      0.00      0.00    100.00
04:54:33         22      0.00      0.00      0.00      0.00      0.00    100.00
04:54:33         23      0.00      0.00      0.00      0.00      0.00    100.00
04:54:33         24      0.00      0.00      0.00      0.00      0.00    100.00
04:54:33         25      0.00      0.00      0.00      0.00      0.00    100.00
04:54:33         26      0.00      0.00      0.00      0.00      0.00    100.00
04:54:33         27      0.00      0.00      0.00      0.00      0.00    100.00
04:54:33         28      0.00      0.00      0.00      0.00      0.00    100.00
04:54:33         29      0.00      0.00      0.00      0.00      0.00    100.00
04:54:33         30      0.00      0.00      0.00      0.00      0.00    100.00
04:54:33         31      1.00      0.00      0.00      0.00      0.00     99.00

04:54:33        CPU     %user     %nice   %system   %iowait    %steal     %idle
04:54:34        all      3.16      0.00      0.00      0.00      0.00     96.84
04:54:34          0      0.00      0.00      0.00      0.00      0.00    100.00
04:54:34          1      0.00      0.00      0.00      0.00      0.00    100.00
04:54:34          2      0.00      0.00      0.00      0.00      0.00    100.00
04:54:34          3      0.00      0.00      0.00      0.00      0.00    100.00
04:54:34          4    100.00      0.00      0.00      0.00      0.00      0.00
04:54:34          5      0.00      0.00      0.00      0.00      0.00    100.00
04:54:34          6      0.00      0.00      0.00      0.00      0.00    100.00
04:54:34          7      0.00      0.00      0.00      0.00      0.00    100.00
04:54:34          8      0.00      0.00      0.00      0.00      0.00    100.00
04:54:34          9      0.00      0.00      0.00      0.00      0.00    100.00
04:54:34         10      0.00      0.00      0.00      0.00      0.00    100.00
04:54:34         11      0.00      0.00      0.00      0.00      0.00    100.00
04:54:34         12      0.00      0.00      0.00      0.00      0.00    100.00
04:54:34         13      0.00      0.00      0.00      0.00      0.00    100.00
04:54:34         14      0.00      0.00      0.00      0.00      0.00    100.00
04:54:34         15      0.00      0.00      0.00      0.00      0.00    100.00
04:54:34         16      0.00      0.00      0.00      0.00      0.00    100.00
04:54:34         17      0.00      0.00      0.00      0.00      0.00    100.00
04:54:34         18      0.00      0.00      0.00      0.00      0.00    100.00
04:54:34         19      0.00      0.00      0.00      0.00      0.00    100.00
04:54:34         20      0.00      0.00      0.00      0.00      0.00    100.00
04:54:34         21      0.00      0.00      0.00      0.00      0.00    100.00
04:54:34         22      0.00      0.00      0.00      0.00      0.00    100.00
04:54:34         23      0.00      0.00      0.00      0.00      0.00    100.00
04:54:34         24      0.00      0.00      0.00      0.00      0.00    100.00
04:54:34         25      0.00      0.00      0.00      0.00      0.00    100.00
04:54:34         26      0.00      0.00      0.00      0.00      0.00    100.00
04:54:34         27      0.00      0.00      0.00      0.00      0.00    100.00
04:54:34         28      0.00      0.00      0.00      0.00      0.00    100.00
04:54:34         29      0.00      0.00      0.00      0.00      0.00    100.00
04:54:34         30      0.00      0.00      0.00      0.00      0.00    100.00
04:54:34         31      1.00      0.00      0.00      0.00      0.00     99.00

04:54:34        CPU     %user     %nice   %system   %iowait    %steal     %idle
04:54:35        all      3.16      0.00      0.06      0.00      0.00     96.78
04:54:35          0      0.00      0.00      0.00      0.00      0.00    100.00
04:54:35          1      0.00      0.00      0.00      0.00      0.00    100.00
04:54:35          2      0.00      0.00      0.00      0.00      0.00    100.00
04:54:35          3      0.00      0.00      0.99      0.00      0.00     99.01
04:54:35          4    100.00      0.00      0.00      0.00      0.00      0.00
04:54:35          5      0.00      0.00      0.00      0.00      0.00    100.00
04:54:35          6      0.00      0.00      0.00      0.00      0.00    100.00
04:54:35          7      0.00      0.00      0.00      0.00      0.00    100.00
04:54:35          8      0.00      0.00      0.00      0.00      0.00    100.00
04:54:35          9      0.00      0.00      0.00      0.00      0.00    100.00
04:54:35         10      0.00      0.00      0.00      0.00      0.00    100.00
04:54:35         11      0.00      0.00      0.00      0.00      0.00    100.00
04:54:35         12      0.00      0.00      0.00      0.00      0.00    100.00
04:54:35         13      0.00      0.00      0.00      0.00      0.00    100.00
04:54:35         14      0.00      0.00      0.00      0.00      0.00    100.00
04:54:35         15      0.00      0.00      0.00      0.00      0.00    100.00
04:54:35         16      0.00      0.00      0.99      0.00      0.00     99.01
04:54:35         17      0.00      0.00      0.00      0.00      0.00    100.00
04:54:35         18      0.00      0.00      0.00      0.00      0.00    100.00
04:54:35         19      0.00      0.00      0.00      0.00      0.00    100.00
04:54:35         20      0.00      0.00      0.00      0.00      0.00    100.00
04:54:35         21      0.00      0.00      0.00      0.00      0.00    100.00
04:54:35         22      0.00      0.00      0.00      0.00      0.00    100.00
04:54:35         23      0.00      0.00      0.00      0.00      0.00    100.00
04:54:35         24      0.00      0.00      0.00      0.00      0.00    100.00
04:54:35         25      0.00      0.00      0.00      0.00      0.00    100.00
04:54:35         26      0.00      0.00      0.00      0.00      0.00    100.00
04:54:35         27      0.00      0.00      0.00      0.00      0.00    100.00
04:54:35         28      0.00      0.00      0.00      0.00      0.00    100.00
04:54:35         29      0.00      0.00      0.00      0.00      0.00    100.00
04:54:35         30      0.00      0.00      0.00      0.00      0.00    100.00
04:54:35         31      1.01      0.00      0.00      0.00      0.00     98.99

04:54:35        CPU     %user     %nice   %system   %iowait    %steal     %idle
04:54:36        all      3.12      0.00      0.00      0.00      0.00     96.88
04:54:36          0      0.00      0.00      0.00      0.00      0.00    100.00
04:54:36          1      0.00      0.00      0.00      0.00      0.00    100.00
04:54:36          2      0.00      0.00      0.00      0.00      0.00    100.00
04:54:36          3      0.00      0.00      0.00      0.00      0.00    100.00
04:54:36          4    100.00      0.00      0.00      0.00      0.00      0.00
04:54:36          5      0.00      0.00      0.00      0.00      0.00    100.00
04:54:36          6      0.00      0.00      0.00      0.00      0.00    100.00
04:54:36          7      0.00      0.00      0.00      0.00      0.00    100.00
04:54:36          8      0.00      0.00      0.00      0.00      0.00    100.00
04:54:36          9      0.00      0.00      0.00      0.00      0.00    100.00
04:54:36         10      0.00      0.00      0.00      0.00      0.00    100.00
04:54:36         11      0.00      0.00      0.00      0.00      0.00    100.00
04:54:36         12      0.00      0.00      0.00      0.00      0.00    100.00
04:54:36         13      0.00      0.00      0.00      0.00      0.00    100.00
04:54:36         14      0.00      0.00      0.00      0.00      0.00    100.00
04:54:36         15      0.00      0.00      0.00      0.00      0.00    100.00
04:54:36         16      0.00      0.00      0.00      0.00      0.00    100.00
04:54:36         17      0.00      0.00      0.00      0.00      0.00    100.00
04:54:36         18      0.00      0.00      0.00      0.00      0.00    100.00
04:54:36         19      0.00      0.00      0.00      0.00      0.00    100.00
04:54:36         20      0.00      0.00      0.00      0.00      0.00    100.00
04:54:36         21      0.00      0.00      0.00      0.00      0.00    100.00
04:54:36         22      0.00      0.00      0.00      0.00      0.00    100.00
04:54:36         23      0.00      0.00      0.00      0.00      0.00    100.00
04:54:36         24      0.00      0.00      0.00      0.00      0.00    100.00
04:54:36         25      0.00      0.00      0.00      0.00      0.00    100.00
04:54:36         26      0.00      0.00      0.00      0.00      0.00    100.00
04:54:36         27      0.00      0.00      0.00      0.00      0.00    100.00
04:54:36         28      0.00      0.00      0.00      0.00      0.00    100.00
04:54:36         29      0.00      0.00      0.00      0.00      0.00    100.00
04:54:36         30      0.00      0.00      0.00      0.00      0.00    100.00
04:54:36         31      0.00      0.00      0.00      0.00      0.00    100.00

04:54:36        CPU     %user     %nice   %system   %iowait    %steal     %idle
04:54:37        all      3.19      0.00      0.03      0.00      0.00     96.78
04:54:37          0      0.00      0.00      0.99      0.00      0.00     99.01
04:54:37          1      0.00      0.00      0.00      0.00      0.00    100.00
04:54:37          2      0.00      0.00      0.00      0.00      0.00    100.00
04:54:37          3      0.00      0.00      0.00      0.00      0.00    100.00
04:54:37          4    100.00      0.00      0.00      0.00      0.00      0.00
04:54:37          5      0.00      0.00      0.00      0.00      0.00    100.00
04:54:37          6      0.00      0.00      0.00      0.00      0.00    100.00
04:54:37          7      0.00      0.00      0.00      0.00      0.00    100.00
04:54:37          8      0.00      0.00      0.00      0.00      0.00    100.00
04:54:37          9      0.00      0.00      0.00      0.00      0.00    100.00
04:54:37         10      0.00      0.00      0.00      0.00      0.00    100.00
04:54:37         11      0.00      0.00      0.00      0.00      0.00    100.00
04:54:37         12      0.00      0.00      0.00      0.00      0.00    100.00
04:54:37         13      0.00      0.00      0.00      0.00      0.00    100.00
04:54:37         14      0.00      0.00      0.00      0.00      0.00    100.00
04:54:37         15      0.00      0.00      0.00      0.00      0.00    100.00
04:54:37         16      0.00      0.00      0.00      0.00      0.00    100.00
04:54:37         17      0.00      0.00      0.00      0.00      0.00    100.00
04:54:37         18      0.00      0.00      0.00      0.00      0.00    100.00
04:54:37         19      0.00      0.00      0.00      0.00      0.00    100.00
04:54:37         20      0.00      0.00      0.00      0.00      0.00    100.00
04:54:37         21      0.00      0.00      0.00      0.00      0.00    100.00
04:54:37         22      0.00      0.00      0.00      0.00      0.00    100.00
04:54:37         23      0.00      0.00      0.00      0.00      0.00    100.00
04:54:37         24      0.00      0.00      0.00      0.00      0.00    100.00
04:54:37         25      0.00      0.00      0.00      0.00      0.00    100.00
04:54:37         26      0.00      0.00      0.00      0.00      0.00    100.00
04:54:37         27      0.00      0.00      0.00      0.00      0.00    100.00
04:54:37         28      0.00      0.00      0.00      0.00      0.00    100.00
04:54:37         29      0.00      0.00      0.00      0.00      0.00    100.00
04:54:37         30      0.00      0.00      0.00      0.00      0.00    100.00
04:54:37         31      1.98      0.00      0.00      0.00      0.00     98.02

04:54:37        CPU     %user     %nice   %system   %iowait    %steal     %idle
04:54:38        all      3.16      0.00      0.00      0.00      0.00     96.84
04:54:38          0      0.00      0.00      0.00      0.00      0.00    100.00
04:54:38          1      0.00      0.00      0.00      0.00      0.00    100.00
04:54:38          2      0.00      0.00      0.00      0.00      0.00    100.00
04:54:38          3      0.00      0.00      0.00      0.00      0.00    100.00
04:54:38          4    100.00      0.00      0.00      0.00      0.00      0.00
04:54:38          5      0.00      0.00      0.00      0.00      0.00    100.00
04:54:38          6      0.00      0.00      0.00      0.00      0.00    100.00
04:54:38          7      0.00      0.00      0.00      0.00      0.00    100.00
04:54:38          8      0.00      0.00      0.00      0.00      0.00    100.00
04:54:38          9      0.00      0.00      0.00      0.00      0.00    100.00
04:54:38         10      0.00      0.00      0.00      0.00      0.00    100.00
04:54:38         11      0.00      0.00      0.00      0.00      0.00    100.00
04:54:38         12      0.00      0.00      0.00      0.00      0.00    100.00
04:54:38         13      0.00      0.00      0.00      0.00      0.00    100.00
04:54:38         14      0.00      0.00      0.00      0.00      0.00    100.00
04:54:38         15      0.00      0.00      0.00      0.00      0.00    100.00
04:54:38         16      0.00      0.00      0.00      0.00      0.00    100.00
04:54:38         17      0.00      0.00      0.00      0.00      0.00    100.00
04:54:38         18      0.00      0.00      0.00      0.00      0.00    100.00
04:54:38         19      0.00      0.00      0.00      0.00      0.00    100.00
04:54:38         20      0.00      0.00      0.00      0.00      0.00    100.00
04:54:38         21      0.00      0.00      0.00      0.00      0.00    100.00
04:54:38         22      0.00      0.00      0.00      0.00      0.00    100.00
04:54:38         23      0.00      0.00      0.00      0.00      0.00    100.00
04:54:38         24      0.00      0.00      0.00      0.00      0.00    100.00
04:54:38         25      0.00      0.00      0.00      0.00      0.00    100.00
04:54:38         26      0.00      0.00      0.00      0.00      0.00    100.00
04:54:38         27      0.00      0.00      0.00      0.00      0.00    100.00
04:54:38         28      0.00      0.00      0.00      0.00      0.00    100.00
04:54:38         29      0.00      0.00      0.00      0.00      0.00    100.00
04:54:38         30      0.00      0.00      0.00      0.00      0.00    100.00
04:54:38         31      1.00      0.00      0.00      0.00      0.00     99.00

04:54:38        CPU     %user     %nice   %system   %iowait    %steal     %idle
04:54:39        all      3.19      0.00      0.00      0.00      0.00     96.81
04:54:39          0      0.00      0.00      0.00      0.00      0.00    100.00
04:54:39          1      0.00      0.00      0.00      0.00      0.00    100.00
04:54:39          2      0.00      0.00      0.00      0.00      0.00    100.00
04:54:39          3      0.00      0.00      0.00      0.00      0.00    100.00
04:54:39          4    100.00      0.00      0.00      0.00      0.00      0.00
04:54:39          5      0.00      0.00      0.00      0.00      0.00    100.00
04:54:39          6      0.00      0.00      0.00      0.00      0.00    100.00
04:54:39          7      0.00      0.00      0.00      0.00      0.00    100.00
04:54:39          8      0.00      0.00      0.00      0.00      0.00    100.00
04:54:39          9      0.00      0.00      0.00      0.00      0.00    100.00
04:54:39         10      0.00      0.00      0.00      0.00      0.00    100.00
04:54:39         11      0.00      0.00      0.00      0.00      0.00    100.00
04:54:39         12      0.00      0.00      0.00      0.00      0.00    100.00
04:54:39         13      0.00      0.00      0.00      0.00      0.00    100.00
04:54:39         14      0.00      0.00      0.00      0.00      0.00    100.00
04:54:39         15      0.00      0.00      0.00      0.00      0.00    100.00
04:54:39         16      0.00      0.00      0.00      0.00      0.00    100.00
04:54:39         17      0.00      0.00      0.00      0.00      0.00    100.00
04:54:39         18      0.00      0.00      0.00      0.00      0.00    100.00
04:54:39         19      0.00      0.00      0.00      0.00      0.00    100.00
04:54:39         20      0.00      0.00      0.00      0.00      0.00    100.00
04:54:39         21      0.00      0.00      0.00      0.00      0.00    100.00
04:54:39         22      0.00      0.00      0.00      0.00      0.00    100.00
04:54:39         23      0.00      0.00      0.00      0.00      0.00    100.00
04:54:39         24      0.00      0.00      0.00      0.00      0.00    100.00
04:54:39         25      0.00      0.00      0.00      0.00      0.00    100.00
04:54:39         26      0.00      0.00      0.00      0.00      0.00    100.00
04:54:39         27      0.00      0.00      0.00      0.00      0.00    100.00
04:54:39         28      0.00      0.00      0.00      0.00      0.00    100.00
04:54:39         29      0.00      0.00      0.00      0.00      0.00    100.00
04:54:39         30      0.00      0.00      0.00      0.00      0.00    100.00
04:54:39         31      1.98      0.00      0.00      0.00      0.00     98.02

04:54:39        CPU     %user     %nice   %system   %iowait    %steal     %idle
04:54:40        all      3.16      0.00      0.00      0.00      0.00     96.84
04:54:40          0      0.00      0.00      0.00      0.00      0.00    100.00
04:54:40          1      0.00      0.00      0.00      0.00      0.00    100.00
04:54:40          2      0.00      0.00      0.00      0.00      0.00    100.00
04:54:40          3      0.00      0.00      0.00      0.00      0.00    100.00
04:54:40          4    100.00      0.00      0.00      0.00      0.00      0.00
04:54:40          5      0.00      0.00      0.00      0.00      0.00    100.00
04:54:40          6      0.00      0.00      0.00      0.00      0.00    100.00
04:54:40          7      0.00      0.00      0.00      0.00      0.00    100.00
04:54:40          8      0.00      0.00      0.00      0.00      0.00    100.00
04:54:40          9      0.00      0.00      0.00      0.00      0.00    100.00
04:54:40         10      0.00      0.00      0.00      0.00      0.00    100.00
04:54:40         11      0.00      0.00      0.00      0.00      0.00    100.00
04:54:40         12      0.00      0.00      0.00      0.00      0.00    100.00
04:54:40         13      0.00      0.00      0.00      0.00      0.00    100.00
04:54:40         14      0.00      0.00      0.00      0.00      0.00    100.00
04:54:40         15      0.00      0.00      0.00      0.00      0.00    100.00
04:54:40         16      0.00      0.00      0.00      0.00      0.00    100.00
04:54:40         17      0.00      0.00      0.00      0.00      0.00    100.00
04:54:40         18      0.00      0.00      0.00      0.00      0.00    100.00
04:54:40         19      0.00      0.00      0.00      0.00      0.00    100.00
04:54:40         20      0.00      0.00      0.00      0.00      0.00    100.00
04:54:40         21      0.00      0.00      0.00      0.00      0.00    100.00
04:54:40         22      0.00      0.00      0.00      0.00      0.00    100.00
04:54:40         23      0.00      0.00      0.00      0.00      0.00    100.00
04:54:40         24      0.00      0.00      0.00      0.00      0.00    100.00
04:54:40         25      0.00      0.00      0.00      0.00      0.00    100.00
04:54:40         26      0.00      0.00      0.00      0.00      0.00    100.00
04:54:40         27      0.00      0.00      0.00      0.00      0.00    100.00
04:54:40         28      0.00      0.00      0.00      0.00      0.00    100.00
04:54:40         29      0.00      0.00      0.00      0.00      0.00    100.00
04:54:40         30      0.00      0.00      0.00      0.00      0.00    100.00
04:54:40         31      1.00      0.00      0.00      0.00      0.00     99.00

04:54:40        CPU     %user     %nice   %system   %iowait    %steal     %idle
04:54:41        all      3.13      0.00      0.00      0.00      0.00     96.87
04:54:41          0      0.00      0.00      0.00      0.00      0.00    100.00
04:54:41          1      0.00      0.00      0.00      0.00      0.00    100.00
04:54:41          2      0.00      0.00      0.00      0.00      0.00    100.00
04:54:41          3      0.00      0.00      0.00      0.00      0.00    100.00
04:54:41          4    100.00      0.00      0.00      0.00      0.00      0.00
04:54:41          5      0.00      0.00      0.00      0.00      0.00    100.00
04:54:41          6      0.00      0.00      0.00      0.00      0.00    100.00
04:54:41          7      0.00      0.00      0.00      0.00      0.00    100.00
04:54:41          8      0.00      0.00      0.00      0.00      0.00    100.00
04:54:41          9      0.00      0.00      0.00      0.00      0.00    100.00
04:54:41         10      0.00      0.00      0.00      0.00      0.00    100.00
04:54:41         11      0.00      0.00      0.00      0.00      0.00    100.00
04:54:41         12      0.00      0.00      0.00      0.00      0.00    100.00
04:54:41         13      0.00      0.00      0.00      0.00      0.00    100.00
04:54:41         14      0.00      0.00      0.00      0.00      0.00    100.00
04:54:41         15      0.00      0.00      0.00      0.00      0.00    100.00
04:54:41         16      0.00      0.00      0.00      0.00      0.00    100.00
04:54:41         17      0.00      0.00      0.00      0.00      0.00    100.00
04:54:41         18      0.00      0.00      0.00      0.00      0.00    100.00
04:54:41         19      0.00      0.00      0.00      0.00      0.00    100.00
04:54:41         20      0.00      0.00      0.00      0.00      0.00    100.00
04:54:41         21      0.00      0.00      0.00      0.00      0.00    100.00
04:54:41         22      0.00      0.00      0.00      0.00      0.00    100.00
04:54:41         23      0.00      0.00      0.00      0.00      0.00    100.00
04:54:41         24      0.00      0.00      0.00      0.00      0.00    100.00
04:54:41         25      0.00      0.00      0.00      0.00      0.00    100.00
04:54:41         26      0.00      0.00      0.00      0.00      0.00    100.00
04:54:41         27      0.00      0.00      0.00      0.00      0.00    100.00
04:54:41         28      0.00      0.00      0.00      0.00      0.00    100.00
04:54:41         29      0.00      0.00      0.00      0.00      0.00    100.00
04:54:41         30      0.00      0.00      0.00      0.00      0.00    100.00
04:54:41         31      0.00      0.00      0.00      0.00      0.00    100.00

04:54:41        CPU     %user     %nice   %system   %iowait    %steal     %idle
04:54:42        all      3.19      0.00      0.00      0.00      0.00     96.81
04:54:42          0      0.00      0.00      0.00      0.00      0.00    100.00
04:54:42          1      0.00      0.00      0.00      0.00      0.00    100.00
04:54:42          2      0.00      0.00      0.00      0.00      0.00    100.00
04:54:42          3      0.00      0.00      0.00      0.00      0.00    100.00
04:54:42          4    100.00      0.00      0.00      0.00      0.00      0.00
04:54:42          5      0.00      0.00      0.00      0.00      0.00    100.00
04:54:42          6      0.00      0.00      0.00      0.00      0.00    100.00
04:54:42          7      0.00      0.00      0.00      0.00      0.00    100.00
04:54:42          8      0.00      0.00      0.00      0.00      0.00    100.00
04:54:42          9      0.00      0.00      0.00      0.00      0.00    100.00
04:54:42         10      0.00      0.00      0.00      0.00      0.00    100.00
04:54:42         11      0.00      0.00      0.00      0.00      0.00    100.00
04:54:42         12      0.00      0.00      0.00      0.00      0.00    100.00
04:54:42         13      0.00      0.00      0.00      0.00      0.00    100.00
04:54:42         14      0.00      0.00      0.00      0.00      0.00    100.00
04:54:42         15      0.00      0.00      0.00      0.00      0.00    100.00
04:54:42         16      0.00      0.00      0.00      0.00      0.00    100.00
04:54:42         17      0.00      0.00      0.00      0.00      0.00    100.00
04:54:42         18      0.00      0.00      0.00      0.00      0.00    100.00
04:54:42         19      0.00      0.00      0.00      0.00      0.00    100.00
04:54:42         20      0.00      0.00      0.00      0.00      0.00    100.00
04:54:42         21      0.00      0.00      0.00      0.00      0.00    100.00
04:54:42         22      0.00      0.00      0.00      0.00      0.00    100.00
04:54:42         23      0.00      0.00      0.00      0.00      0.00    100.00
04:54:42         24      0.00      0.00      0.00      0.00      0.00    100.00
04:54:42         25      0.00      0.00      0.00      0.00      0.00    100.00
04:54:42         26      0.00      0.00      0.00      0.00      0.00    100.00
04:54:42         27      0.00      0.00      0.00      0.00      0.00    100.00
04:54:42         28      0.00      0.00      0.00      0.00      0.00    100.00
04:54:42         29      0.00      0.00      0.00      0.00      0.00    100.00
04:54:42         30      0.00      0.00      0.00      0.00      0.00    100.00
04:54:42         31      1.98      0.00      0.00      0.00      0.00     98.02

04:54:42        CPU     %user     %nice   %system   %iowait    %steal     %idle
04:54:43        all      3.16      0.00      0.03      0.00      0.00     96.81
04:54:43          0      0.00      0.00      0.99      0.00      0.00     99.01
04:54:43          1      0.00      0.00      0.00      0.00      0.00    100.00
04:54:43          2      0.00      0.00      0.00      0.00      0.00    100.00
04:54:43          3      0.00      0.00      0.00      0.00      0.00    100.00
04:54:43          4    100.00      0.00      0.00      0.00      0.00      0.00
04:54:43          5      0.00      0.00      0.00      0.00      0.00    100.00
04:54:43          6      0.00      0.00      0.00      0.00      0.00    100.00
04:54:43          7      0.00      0.00      0.00      0.00      0.00    100.00
04:54:43          8      0.00      0.00      0.00      0.00      0.00    100.00
04:54:43          9      0.00      0.00      0.00      0.00      0.00    100.00
04:54:43         10      0.00      0.00      0.00      0.00      0.00    100.00
04:54:43         11      0.00      0.00      0.00      0.00      0.00    100.00
04:54:43         12      0.00      0.00      0.00      0.00      0.00    100.00
04:54:43         13      0.00      0.00      0.00      0.00      0.00    100.00
04:54:43         14      0.00      0.00      0.00      0.00      0.00    100.00
04:54:43         15      0.00      0.00      0.00      0.00      0.00    100.00
04:54:43         16      0.00      0.00      0.00      0.00      0.00    100.00
04:54:43         17      0.00      0.00      0.00      0.00      0.00    100.00
04:54:43         18      0.00      0.00      0.00      0.00      0.00    100.00
04:54:43         19      0.00      0.00      0.00      0.00      0.00    100.00
04:54:43         20      0.00      0.00      0.00      0.00      0.00    100.00
04:54:43         21      0.00      0.00      0.00      0.00      0.00    100.00
04:54:43         22      0.00      0.00      0.00      0.00      0.00    100.00
04:54:43         23      0.00      0.00      0.00      0.00      0.00    100.00
04:54:43         24      0.00      0.00      0.00      0.00      0.00    100.00
04:54:43         25      0.00      0.00      0.00      0.00      0.00    100.00
04:54:43         26      0.00      0.00      0.00      0.00      0.00    100.00
04:54:43         27      0.00      0.00      0.00      0.00      0.00    100.00
04:54:43         28      0.00      0.00      0.00      0.00      0.00    100.00
04:54:43         29      0.00      0.00      0.00      0.00      0.00    100.00
04:54:43         30      0.00      0.00      0.00      0.00      0.00    100.00
04:54:43         31      1.00      0.00      0.00      0.00      0.00     99.00

04:54:43        CPU     %user     %nice   %system   %iowait    %steal     %idle
04:54:44        all      3.22      0.00      0.03      0.00      0.00     96.75
04:54:44          0      0.00      0.00      0.00      0.00      0.00    100.00
04:54:44          1      0.00      0.00      0.00      0.00      0.00    100.00
04:54:44          2      0.00      0.00      0.00      0.00      0.00    100.00
04:54:44          3      0.00      0.00      0.00      0.00      0.00    100.00
04:54:44          4    100.00      0.00      0.00      0.00      0.00      0.00
04:54:44          5      0.00      0.00      0.00      0.00      0.00    100.00
04:54:44          6      0.00      0.00      0.00      0.00      0.00    100.00
04:54:44          7      0.00      0.00      0.00      0.00      0.00    100.00
04:54:44          8      0.00      0.00      0.00      0.00      0.00    100.00
04:54:44          9      0.00      0.00      0.00      0.00      0.00    100.00
04:54:44         10      0.00      0.00      0.00      0.00      0.00    100.00
04:54:44         11      0.00      0.00      0.00      0.00      0.00    100.00
04:54:44         12      0.00      0.00      0.00      0.00      0.00    100.00
04:54:44         13      0.00      0.00      0.00      0.00      0.00    100.00
04:54:44         14      0.98      0.00      0.98      0.00      0.00     98.04
04:54:44         15      0.00      0.00      0.00      0.00      0.00    100.00
04:54:44         16      0.99      0.00      0.00      0.00      0.00     99.01
04:54:44         17      0.00      0.00      0.00      0.00      0.00    100.00
04:54:44         18      0.00      0.00      0.00      0.00      0.00    100.00
04:54:44         19      0.00      0.00      0.00      0.00      0.00    100.00
04:54:44         20      0.00      0.00      0.00      0.00      0.00    100.00
04:54:44         21      0.00      0.00      0.00      0.00      0.00    100.00
04:54:44         22      0.00      0.00      0.00      0.00      0.00    100.00
04:54:44         23      0.00      0.00      0.00      0.00      0.00    100.00
04:54:44         24      0.00      0.00      0.00      0.00      0.00    100.00
04:54:44         25      0.00      0.00      0.00      0.00      0.00    100.00
04:54:44         26      0.00      0.00      0.00      0.00      0.00    100.00
04:54:44         27      0.00      0.00      0.00      0.00      0.00    100.00
04:54:44         28      0.00      0.00      0.00      0.00      0.00    100.00
04:54:44         29      0.00      0.00      0.00      0.00      0.00    100.00
04:54:44         30      0.00      0.00      0.00      0.00      0.00    100.00
04:54:44         31      1.00      0.00      0.00      0.00      0.00     99.00

04:54:44        CPU     %user     %nice   %system   %iowait    %steal     %idle
04:54:45        all      3.16      0.00      0.03      0.00      0.00     96.81
04:54:45          0      0.00      0.00      0.99      0.00      0.00     99.01
04:54:45          1      0.00      0.00      0.00      0.00      0.00    100.00
04:54:45          2      0.00      0.00      0.00      0.00      0.00    100.00
04:54:45          3      0.00      0.00      0.00      0.00      0.00    100.00
04:54:45          4    100.00      0.00      0.00      0.00      0.00      0.00
04:54:45          5      0.00      0.00      0.00      0.00      0.00    100.00
04:54:45          6      0.00      0.00      0.00      0.00      0.00    100.00
04:54:45          7      0.00      0.00      0.00      0.00      0.00    100.00
04:54:45          8      0.00      0.00      0.00      0.00      0.00    100.00
04:54:45          9      0.00      0.00      0.00      0.00      0.00    100.00
04:54:45         10      0.00      0.00      0.00      0.00      0.00    100.00
04:54:45         11      0.00      0.00      0.00      0.00      0.00    100.00
04:54:45         12      0.00      0.00      0.00      0.00      0.00    100.00
04:54:45         13      0.00      0.00      0.00      0.00      0.00    100.00
04:54:45         14      0.00      0.00      0.00      0.00      0.00    100.00
04:54:45         15      0.00      0.00      0.00      0.00      0.00    100.00
04:54:45         16      0.00      0.00      0.00      0.00      0.00    100.00
04:54:45         17      0.00      0.00      0.00      0.00      0.00    100.00
04:54:45         18      0.00      0.00      0.00      0.00      0.00    100.00
04:54:45         19      0.00      0.00      0.00      0.00      0.00    100.00
04:54:45         20      0.00      0.00      0.00      0.00      0.00    100.00
04:54:45         21      0.00      0.00      0.00      0.00      0.00    100.00
04:54:45         22      0.00      0.00      0.00      0.00      0.00    100.00
04:54:45         23      0.00      0.00      0.00      0.00      0.00    100.00
04:54:45         24      0.00      0.00      0.00      0.00      0.00    100.00
04:54:45         25      0.00      0.00      0.00      0.00      0.00    100.00
04:54:45         26      0.00      0.00      0.00      0.00      0.00    100.00
04:54:45         27      0.00      0.00      0.00      0.00      0.00    100.00
04:54:45         28      0.00      0.00      0.00      0.00      0.00    100.00
04:54:45         29      0.00      0.00      0.00      0.00      0.00    100.00
04:54:45         30      0.00      0.00      0.00      0.00      0.00    100.00
04:54:45         31      1.00      0.00      0.00      0.00      0.00     99.00

04:54:45        CPU     %user     %nice   %system   %iowait    %steal     %idle
04:54:46        all      3.16      0.00      0.00      0.00      0.00     96.84
04:54:46          0      0.00      0.00      0.00      0.00      0.00    100.00
04:54:46          1      0.00      0.00      0.00      0.00      0.00    100.00
04:54:46          2      0.00      0.00      0.00      0.00      0.00    100.00
04:54:46          3      0.00      0.00      0.00      0.00      0.00    100.00
04:54:46          4    100.00      0.00      0.00      0.00      0.00      0.00
04:54:46          5      0.00      0.00      0.00      0.00      0.00    100.00
04:54:46          6      0.00      0.00      0.00      0.00      0.00    100.00
04:54:46          7      0.00      0.00      0.00      0.00      0.00    100.00
04:54:46          8      0.00      0.00      0.00      0.00      0.00    100.00
04:54:46          9      0.00      0.00      0.00      0.00      0.00    100.00
04:54:46         10      0.00      0.00      0.00      0.00      0.00    100.00
04:54:46         11      0.00      0.00      0.00      0.00      0.00    100.00
04:54:46         12      0.00      0.00      0.00      0.00      0.00    100.00
04:54:46         13      0.00      0.00      0.00      0.00      0.00    100.00
04:54:46         14      0.00      0.00      0.00      0.00      0.00    100.00
04:54:46         15      0.00      0.00      0.00      0.00      0.00    100.00
04:54:46         16      0.00      0.00      0.00      0.00      0.00    100.00
04:54:46         17      0.00      0.00      0.00      0.00      0.00    100.00
04:54:46         18      0.00      0.00      0.00      0.00      0.00    100.00
04:54:46         19      0.00      0.00      0.00      0.00      0.00    100.00
04:54:46         20      0.00      0.00      0.00      0.00      0.00    100.00
04:54:46         21      0.00      0.00      0.00      0.00      0.00    100.00
04:54:46         22      0.00      0.00      0.00      0.00      0.00    100.00
04:54:46         23      0.00      0.00      0.00      0.00      0.00    100.00
04:54:46         24      0.00      0.00      0.00      0.00      0.00    100.00
04:54:46         25      0.00      0.00      0.00      0.00      0.00    100.00
04:54:46         26      0.00      0.00      0.00      0.00      0.00    100.00
04:54:46         27      0.00      0.00      0.00      0.00      0.00    100.00
04:54:46         28      0.00      0.00      0.00      0.00      0.00    100.00
04:54:46         29      0.00      0.00      0.00      0.00      0.00    100.00
04:54:46         30      0.00      0.00      0.00      0.00      0.00    100.00
04:54:46         31      1.00      0.00      0.00      0.00      0.00     99.00

04:54:46        CPU     %user     %nice   %system   %iowait    %steal     %idle
04:54:47        all      3.19      0.00      0.00      0.00      0.00     96.81
04:54:47          0      0.00      0.00      0.00      0.00      0.00    100.00
04:54:47          1      0.00      0.00      0.00      0.00      0.00    100.00
04:54:47          2      0.00      0.00      0.00      0.00      0.00    100.00
04:54:47          3      0.00      0.00      0.00      0.00      0.00    100.00
04:54:47          4    100.00      0.00      0.00      0.00      0.00      0.00
04:54:47          5      0.00      0.00      0.00      0.00      0.00    100.00
04:54:47          6      0.00      0.00      0.00      0.00      0.00    100.00
04:54:47          7      0.00      0.00      0.00      0.00      0.00    100.00
04:54:47          8      0.00      0.00      0.00      0.00      0.00    100.00
04:54:47          9      0.00      0.00      0.00      0.00      0.00    100.00
04:54:47         10      0.00      0.00      0.00      0.00      0.00    100.00
04:54:47         11      0.00      0.00      0.00      0.00      0.00    100.00
04:54:47         12      0.00      0.00      0.00      0.00      0.00    100.00
04:54:47         13      0.00      0.00      0.00      0.00      0.00    100.00
04:54:47         14      0.00      0.00      0.00      0.00      0.00    100.00
04:54:47         15      0.00      0.00      0.00      0.00      0.00    100.00
04:54:47         16      0.00      0.00      0.00      0.00      0.00    100.00
04:54:47         17      0.00      0.00      0.00      0.00      0.00    100.00
04:54:47         18      0.00      0.00      0.00      0.00      0.00    100.00
04:54:47         19      0.00      0.00      0.00      0.00      0.00    100.00
04:54:47         20      0.00      0.00      0.00      0.00      0.00    100.00
04:54:47         21      0.00      0.00      0.00      0.00      0.00    100.00
04:54:47         22      0.00      0.00      0.00      0.00      0.00    100.00
04:54:47         23      0.00      0.00      0.00      0.00      0.00    100.00
04:54:47         24      0.00      0.00      0.00      0.00      0.00    100.00
04:54:47         25      0.00      0.00      0.00      0.00      0.00    100.00
04:54:47         26      0.00      0.00      0.00      0.00      0.00    100.00
04:54:47         27      0.00      0.00      0.00      0.00      0.00    100.00
04:54:47         28      0.00      0.00      0.00      0.00      0.00    100.00
04:54:47         29      0.00      0.00      0.00      0.00      0.00    100.00
04:54:47         30      0.00      0.00      0.00      0.00      0.00    100.00
04:54:47         31      2.00      0.00      0.00      0.00      0.00     98.00

04:54:47        CPU     %user     %nice   %system   %iowait    %steal     %idle
04:54:48        all      3.16      0.00      0.03      0.00      0.00     96.81
04:54:48          0      0.00      0.00      0.00      0.00      0.00    100.00
04:54:48          1      0.00      0.00      0.00      0.00      0.00    100.00
04:54:48          2      0.00      0.00      0.00      0.00      0.00    100.00
04:54:48          3      0.00      0.00      0.99      0.00      0.00     99.01
04:54:48          4    100.00      0.00      0.00      0.00      0.00      0.00
04:54:48          5      0.00      0.00      0.00      0.00      0.00    100.00
04:54:48          6      0.00      0.00      0.00      0.00      0.00    100.00
04:54:48          7      0.00      0.00      0.00      0.00      0.00    100.00
04:54:48          8      0.00      0.00      0.00      0.00      0.00    100.00
04:54:48          9      0.00      0.00      0.00      0.00      0.00    100.00
04:54:48         10      0.00      0.00      0.00      0.00      0.00    100.00
04:54:48         11      0.00      0.00      0.00      0.00      0.00    100.00
04:54:48         12      0.00      0.00      0.00      0.00      0.00    100.00
04:54:48         13      0.00      0.00      0.00      0.00      0.00    100.00
04:54:48         14      0.00      0.00      0.00      0.00      0.00    100.00
04:54:48         15      0.00      0.00      0.00      0.00      0.00    100.00
04:54:48         16      0.00      0.00      0.00      0.00      0.00    100.00
04:54:48         17      0.00      0.00      0.00      0.00      0.00    100.00
04:54:48         18      0.00      0.00      0.00      0.00      0.00    100.00
04:54:48         19      0.00      0.00      0.00      0.00      0.00    100.00
04:54:48         20      0.00      0.00      0.00      0.00      0.00    100.00
04:54:48         21      0.00      0.00      0.00      0.00      0.00    100.00
04:54:48         22      0.00      0.00      0.00      0.00      0.00    100.00
04:54:48         23      0.00      0.00      0.00      0.00      0.00    100.00
04:54:48         24      0.00      0.00      0.00      0.00      0.00    100.00
04:54:48         25      0.00      0.00      0.00      0.00      0.00    100.00
04:54:48         26      0.00      0.00      0.00      0.00      0.00    100.00
04:54:48         27      0.00      0.00      0.00      0.00      0.00    100.00
04:54:48         28      0.00      0.00      0.00      0.00      0.00    100.00
04:54:48         29      0.00      0.00      0.00      0.00      0.00    100.00
04:54:48         30      0.00      0.00      0.00      0.00      0.00    100.00
04:54:48         31      1.00      0.00      0.00      0.00      0.00     99.00

04:54:48        CPU     %user     %nice   %system   %iowait    %steal     %idle
04:54:49        all      3.13      0.00      0.00      0.00      0.00     96.87
04:54:49          0      0.00      0.00      0.00      0.00      0.00    100.00
04:54:49          1      0.00      0.00      0.00      0.00      0.00    100.00
04:54:49          2      0.00      0.00      0.00      0.00      0.00    100.00
04:54:49          3      0.00      0.00      0.00      0.00      0.00    100.00
04:54:49          4    100.00      0.00      0.00      0.00      0.00      0.00
04:54:49          5      0.00      0.00      0.00      0.00      0.00    100.00
04:54:49          6      0.00      0.00      0.00      0.00      0.00    100.00
04:54:49          7      0.00      0.00      0.00      0.00      0.00    100.00
04:54:49          8      0.00      0.00      0.00      0.00      0.00    100.00
04:54:49          9      0.00      0.00      0.00      0.00      0.00    100.00
04:54:49         10      0.00      0.00      0.00      0.00      0.00    100.00
04:54:49         11      0.00      0.00      0.00      0.00      0.00    100.00
04:54:49         12      0.00      0.00      0.00      0.00      0.00    100.00
04:54:49         13      0.00      0.00      0.00      0.00      0.00    100.00
04:54:49         14      0.00      0.00      0.00      0.00      0.00    100.00
04:54:49         15      0.00      0.00      0.00      0.00      0.00    100.00
04:54:49         16      0.00      0.00      0.00      0.00      0.00    100.00
04:54:49         17      0.00      0.00      0.00      0.00      0.00    100.00
04:54:49         18      0.00      0.00      0.00      0.00      0.00    100.00
04:54:49         19      0.00      0.00      0.00      0.00      0.00    100.00
04:54:49         20      0.00      0.00      0.00      0.00      0.00    100.00
04:54:49         21      0.00      0.00      0.00      0.00      0.00    100.00
04:54:49         22      0.00      0.00      0.00      0.00      0.00    100.00
04:54:49         23      0.00      0.00      0.00      0.00      0.00    100.00
04:54:49         24      0.00      0.00      0.00      0.00      0.00    100.00
04:54:49         25      0.00      0.00      0.00      0.00      0.00    100.00
04:54:49         26      0.00      0.00      0.00      0.00      0.00    100.00
04:54:49         27      0.00      0.00      0.00      0.00      0.00    100.00
04:54:49         28      0.00      0.00      0.00      0.00      0.00    100.00
04:54:49         29      0.00      0.00      0.00      0.00      0.00    100.00
04:54:49         30      0.00      0.00      0.00      0.00      0.00    100.00
04:54:49         31      0.00      0.00      0.00      0.00      0.00    100.00

04:54:49        CPU     %user     %nice   %system   %iowait    %steal     %idle
04:54:50        all      3.19      0.00      0.03      0.00      0.00     96.78
04:54:50          0      0.00      0.00      0.00      0.00      0.00    100.00
04:54:50          1      0.00      0.00      0.00      0.00      0.00    100.00
04:54:50          2      0.00      0.00      0.00      0.00      0.00    100.00
04:54:50          3      1.00      0.00      0.00      0.00      0.00     99.00
04:54:50          4    100.00      0.00      0.00      0.00      0.00      0.00
04:54:50          5      0.00      0.00      0.00      0.00      0.00    100.00
04:54:50          6      0.00      0.00      0.00      0.00      0.00    100.00
04:54:50          7      0.00      0.00      0.00      0.00      0.00    100.00
04:54:50          8      0.00      0.00      0.00      0.00      0.00    100.00
04:54:50          9      0.00      0.00      0.00      0.00      0.00    100.00
04:54:50         10      0.00      0.00      0.00      0.00      0.00    100.00
04:54:50         11      0.00      0.00      0.00      0.00      0.00    100.00
04:54:50         12      0.00      0.00      0.00      0.00      0.00    100.00
04:54:50         13      0.00      0.00      0.00      0.00      0.00    100.00
04:54:50         14      0.00      0.00      0.00      0.00      0.00    100.00
04:54:50         15      0.00      0.00      0.00      0.00      0.00    100.00
04:54:50         16      0.00      0.00      0.00      0.00      0.00    100.00
04:54:50         17      0.00      0.00      0.00      0.00      0.00    100.00
04:54:50         18      0.00      0.00      0.00      0.00      0.00    100.00
04:54:50         19      0.00      0.00      0.00      0.00      0.00    100.00
04:54:50         20      0.00      0.00      0.00      0.00      0.00    100.00
04:54:50         21      0.00      0.00      0.00      0.00      0.00    100.00
04:54:50         22      0.00      0.00      0.00      0.00      0.00    100.00
04:54:50         23      0.00      0.00      0.00      0.00      0.00    100.00
04:54:50         24      0.00      0.00      0.00      0.00      0.00    100.00
04:54:50         25      0.00      0.00      0.00      0.00      0.00    100.00
04:54:50         26      0.00      0.00      0.00      0.00      0.00    100.00
04:54:50         27      0.00      0.00      0.99      0.00      0.00     99.01
04:54:50         28      0.00      0.00      0.00      0.00      0.00    100.00
04:54:50         29      0.00      0.00      0.00      0.00      0.00    100.00
04:54:50         30      0.00      0.00      0.00      0.00      0.00    100.00
04:54:50         31      1.00      0.00      0.00      0.00      0.00     99.00

04:54:50        CPU     %user     %nice   %system   %iowait    %steal     %idle
04:54:51        all      3.28      0.00      0.09      0.00      0.00     96.63
04:54:51          0      0.00      0.00      0.00      0.00      0.00    100.00
04:54:51          1      0.99      0.00      0.99      0.00      0.00     98.02
04:54:51          2      0.00      0.00      0.00      0.00      0.00    100.00
04:54:51          3      0.00      0.00      0.00      0.00      0.00    100.00
04:54:51          4    100.00      0.00      0.00      0.00      0.00      0.00
04:54:51          5      0.00      0.00      0.00      0.00      0.00    100.00
04:54:51          6      0.00      0.00      0.00      0.00      0.00    100.00
04:54:51          7      0.00      0.00      0.00      0.00      0.00    100.00
04:54:51          8      0.00      0.00      0.00      0.00      0.00    100.00
04:54:51          9      0.00      0.00      0.00      0.00      0.00    100.00
04:54:51         10      0.00      0.00      0.00      0.00      0.00    100.00
04:54:51         11      0.00      0.00      0.00      0.00      0.00    100.00
04:54:51         12      0.00      0.00      0.00      0.00      0.00    100.00
04:54:51         13      1.00      0.00      0.00      0.00      0.00     99.00
04:54:51         14      1.00      0.00      2.00      0.00      0.00     97.00
04:54:51         15      0.00      0.00      0.00      0.00      0.00    100.00
04:54:51         16      0.00      0.00      0.00      0.00      0.00    100.00
04:54:51         17      0.00      0.00      0.00      0.00      0.00    100.00
04:54:51         18      0.00      0.00      0.00      0.00      0.00    100.00
04:54:51         19      0.00      0.00      0.00      0.00      0.00    100.00
04:54:51         20      0.00      0.00      0.00      0.00      0.00    100.00
04:54:51         21      0.00      0.00      0.00      0.00      0.00    100.00
04:54:51         22      0.00      0.00      0.00      0.00      0.00    100.00
04:54:51         23      0.00      0.00      0.00      0.00      0.00    100.00
04:54:51         24      0.00      0.00      0.00      0.00      0.00    100.00
04:54:51         25      0.00      0.00      0.00      0.00      0.00    100.00
04:54:51         26      0.00      0.00      0.00      0.00      0.00    100.00
04:54:51         27      0.00      0.00      0.00      0.00      0.00    100.00
04:54:51         28      0.00      0.00      0.00      0.00      0.00    100.00
04:54:51         29      0.00      0.00      0.00      0.00      0.00    100.00
04:54:51         30      0.00      0.00      0.00      0.00      0.00    100.00
04:54:51         31      1.98      0.00      0.00      0.00      0.00     98.02

04:54:51        CPU     %user     %nice   %system   %iowait    %steal     %idle
04:54:52        all      3.25      0.00      0.03      0.00      0.00     96.72
04:54:52          0      0.00      0.00      1.00      0.00      0.00     99.00
04:54:52          1      0.00      0.00      0.00      0.00      0.00    100.00
04:54:52          2      0.00      0.00      0.00      0.00      0.00    100.00
04:54:52          3      1.00      0.00      0.00      0.00      0.00     99.00
04:54:52          4    100.00      0.00      0.00      0.00      0.00      0.00
04:54:52          5      0.00      0.00      0.00      0.00      0.00    100.00
04:54:52          6      0.00      0.00      0.00      0.00      0.00    100.00
04:54:52          7      0.00      0.00      0.00      0.00      0.00    100.00
04:54:52          8      0.00      0.00      0.00      0.00      0.00    100.00
04:54:52          9      0.00      0.00      0.00      0.00      0.00    100.00
04:54:52         10      0.00      0.00      0.00      0.00      0.00    100.00
04:54:52         11      0.00      0.00      0.00      0.00      0.00    100.00
04:54:52         12      0.00      0.00      0.00      0.00      0.00    100.00
04:54:52         13      0.00      0.00      0.00      0.00      0.00    100.00
04:54:52         14      0.00      0.00      0.00      0.00      0.00    100.00
04:54:52         15      0.00      0.00      0.00      0.00      0.00    100.00
04:54:52         16      1.00      0.00      0.00      0.00      0.00     99.00
04:54:52         17      0.00      0.00      0.00      0.00      0.00    100.00
04:54:52         18      0.00      0.00      0.00      0.00      0.00    100.00
04:54:52         19      0.00      0.00      0.00      0.00      0.00    100.00
04:54:52         20      0.00      0.00      0.00      0.00      0.00    100.00
04:54:52         21      0.00      0.00      0.00      0.00      0.00    100.00
04:54:52         22      0.00      0.00      0.00      0.00      0.00    100.00
04:54:52         23      0.00      0.00      0.00      0.00      0.00    100.00
04:54:52         24      0.00      0.00      0.00      0.00      0.00    100.00
04:54:52         25      0.00      0.00      0.00      0.00      0.00    100.00
04:54:52         26      0.00      0.00      0.00      0.00      0.00    100.00
04:54:52         27      0.00      0.00      0.00      0.00      0.00    100.00
04:54:52         28      0.00      0.00      0.00      0.00      0.00    100.00
04:54:52         29      0.00      0.00      0.00      0.00      0.00    100.00
04:54:52         30      0.00      0.00      0.00      0.00      0.00    100.00
04:54:52         31      2.00      0.00      0.00      0.00      0.00     98.00

04:54:52        CPU     %user     %nice   %system   %iowait    %steal     %idle
04:54:53        all      3.32      0.00      0.03      0.00      0.00     96.65
04:54:53          0      0.00      0.00      0.00      0.00      0.00    100.00
04:54:53          1      0.00      0.00      0.00      0.00      0.00    100.00
04:54:53          2      0.00      0.00      0.00      0.00      0.00    100.00
04:54:53          3      0.00      0.00      0.00      0.00      0.00    100.00
04:54:53          4    100.00      0.00      0.00      0.00      0.00      0.00
04:54:53          5      1.00      0.00      0.00      0.00      0.00     99.00
04:54:53          6      0.00      0.00      0.00      0.00      0.00    100.00
04:54:53          7      0.00      0.00      0.00      0.00      0.00    100.00
04:54:53          8      0.00      0.00      0.00      0.00      0.00    100.00
04:54:53          9      0.00      0.00      0.00      0.00      0.00    100.00
04:54:53         10      0.00      0.00      0.00      0.00      0.00    100.00
04:54:53         11      0.00      0.00      0.00      0.00      0.00    100.00
04:54:53         12      0.00      0.00      0.00      0.00      0.00    100.00
04:54:53         13      2.00      0.00      0.00      0.00      0.00     98.00
04:54:53         14      3.00      0.00      0.00      0.00      0.00     97.00
04:54:53         15      0.00      0.00      0.00      0.00      0.00    100.00
04:54:53         16      0.00      0.00      0.00      0.00      0.00    100.00
04:54:53         17      0.00      0.00      0.00      0.00      0.00    100.00
04:54:53         18      0.00      0.00      0.00      0.00      0.00    100.00
04:54:53         19      0.00      0.00      0.00      0.00      0.00    100.00
04:54:53         20      0.00      0.00      0.00      0.00      0.00    100.00
04:54:53         21      0.00      0.00      0.00      0.00      0.00    100.00
04:54:53         22      0.00      0.00      0.99      0.00      0.00     99.01
04:54:53         23      0.00      0.00      0.00      0.00      0.00    100.00
04:54:53         24      0.00      0.00      0.00      0.00      0.00    100.00
04:54:53         25      0.00      0.00      0.00      0.00      0.00    100.00
04:54:53         26      0.00      0.00      0.00      0.00      0.00    100.00
04:54:53         27      0.00      0.00      0.00      0.00      0.00    100.00
04:54:53         28      0.00      0.00      0.00      0.00      0.00    100.00
04:54:53         29      0.00      0.00      0.00      0.00      0.00    100.00
04:54:53         30      0.00      0.00      0.00      0.00      0.00    100.00
04:54:53         31      0.00      0.00      0.00      0.00      0.00    100.00

04:54:53        CPU     %user     %nice   %system   %iowait    %steal     %idle
04:54:54        all      3.16      0.00      0.00      0.00      0.00     96.84
04:54:54          0      0.00      0.00      0.00      0.00      0.00    100.00
04:54:54          1      0.00      0.00      0.00      0.00      0.00    100.00
04:54:54          2      0.00      0.00      0.00      0.00      0.00    100.00
04:54:54          3      0.00      0.00      0.00      0.00      0.00    100.00
04:54:54          4    100.00      0.00      0.00      0.00      0.00      0.00
04:54:54          5      0.00      0.00      0.00      0.00      0.00    100.00
04:54:54          6      0.00      0.00      0.00      0.00      0.00    100.00
04:54:54          7      0.00      0.00      0.00      0.00      0.00    100.00
04:54:54          8      0.00      0.00      0.00      0.00      0.00    100.00
04:54:54          9      0.00      0.00      0.00      0.00      0.00    100.00
04:54:54         10      0.00      0.00      0.00      0.00      0.00    100.00
04:54:54         11      0.00      0.00      0.00      0.00      0.00    100.00
04:54:54         12      0.00      0.00      0.00      0.00      0.00    100.00
04:54:54         13      0.00      0.00      0.00      0.00      0.00    100.00
04:54:54         14      0.00      0.00      0.00      0.00      0.00    100.00
04:54:54         15      0.00      0.00      0.00      0.00      0.00    100.00
04:54:54         16      0.00      0.00      0.00      0.00      0.00    100.00
04:54:54         17      0.00      0.00      0.00      0.00      0.00    100.00
04:54:54         18      0.00      0.00      0.00      0.00      0.00    100.00
04:54:54         19      0.00      0.00      0.00      0.00      0.00    100.00
04:54:54         20      0.00      0.00      0.00      0.00      0.00    100.00
04:54:54         21      0.00      0.00      0.00      0.00      0.00    100.00
04:54:54         22      0.00      0.00      0.00      0.00      0.00    100.00
04:54:54         23      0.00      0.00      0.00      0.00      0.00    100.00
04:54:54         24      0.00      0.00      0.00      0.00      0.00    100.00
04:54:54         25      0.00      0.00      0.00      0.00      0.00    100.00
04:54:54         26      0.00      0.00      0.00      0.00      0.00    100.00
04:54:54         27      0.00      0.00      0.00      0.00      0.00    100.00
04:54:54         28      0.00      0.00      0.00      0.00      0.00    100.00
04:54:54         29      0.00      0.00      0.00      0.00      0.00    100.00
04:54:54         30      0.00      0.00      0.00      0.00      0.00    100.00
04:54:54         31      1.00      0.00      0.00      0.00      0.00     99.00

04:54:54        CPU     %user     %nice   %system   %iowait    %steal     %idle
04:54:55        all      3.16      0.00      0.00      0.00      0.00     96.84
04:54:55          0      0.00      0.00      0.00      0.00      0.00    100.00
04:54:55          1      0.00      0.00      0.00      0.00      0.00    100.00
04:54:55          2      0.00      0.00      0.00      0.00      0.00    100.00
04:54:55          3      0.00      0.00      0.00      0.00      0.00    100.00
04:54:55          4    100.00      0.00      0.00      0.00      0.00      0.00
04:54:55          5      0.00      0.00      0.00      0.00      0.00    100.00
04:54:55          6      0.00      0.00      0.00      0.00      0.00    100.00
04:54:55          7      0.00      0.00      0.00      0.00      0.00    100.00
04:54:55          8      0.00      0.00      0.00      0.00      0.00    100.00
04:54:55          9      0.00      0.00      0.00      0.00      0.00    100.00
04:54:55         10      0.00      0.00      0.00      0.00      0.00    100.00
04:54:55         11      0.00      0.00      0.00      0.00      0.00    100.00
04:54:55         12      0.00      0.00      0.00      0.00      0.00    100.00
04:54:55         13      0.00      0.00      0.00      0.00      0.00    100.00
04:54:55         14      0.00      0.00      0.00      0.00      0.00    100.00
04:54:55         15      0.00      0.00      0.00      0.00      0.00    100.00
04:54:55         16      0.00      0.00      0.00      0.00      0.00    100.00
04:54:55         17      0.00      0.00      0.00      0.00      0.00    100.00
04:54:55         18      0.00      0.00      0.00      0.00      0.00    100.00
04:54:55         19      0.00      0.00      0.00      0.00      0.00    100.00
04:54:55         20      0.00      0.00      0.00      0.00      0.00    100.00
04:54:55         21      0.00      0.00      0.00      0.00      0.00    100.00
04:54:55         22      0.00      0.00      0.00      0.00      0.00    100.00
04:54:55         23      0.00      0.00      0.00      0.00      0.00    100.00
04:54:55         24      0.00      0.00      0.00      0.00      0.00    100.00
04:54:55         25      0.00      0.00      0.00      0.00      0.00    100.00
04:54:55         26      0.00      0.00      0.00      0.00      0.00    100.00
04:54:55         27      0.00      0.00      0.00      0.00      0.00    100.00
04:54:55         28      0.00      0.00      0.00      0.00      0.00    100.00
04:54:55         29      0.00      0.00      0.00      0.00      0.00    100.00
04:54:55         30      0.00      0.00      0.00      0.00      0.00    100.00
04:54:55         31      1.00      0.00      0.00      0.00      0.00     99.00

04:54:55        CPU     %user     %nice   %system   %iowait    %steal     %idle
04:54:56        all      2.53      0.00      0.63      0.00      0.00     96.84
04:54:56          0      0.00      0.00      0.00      0.00      0.00    100.00
04:54:56          1      0.00      0.00      0.00      0.00      0.00    100.00
04:54:56          2      0.00      0.00      0.00      0.00      0.00    100.00
04:54:56          3      0.00      0.00      0.00      0.00      0.00    100.00
04:54:56          4     81.00      0.00     19.00      0.00      0.00      0.00
04:54:56          5      0.00      0.00      0.00      0.00      0.00    100.00
04:54:56          6      0.00      0.00      0.00      0.00      0.00    100.00
04:54:56          7      0.00      0.00      0.00      0.00      0.00    100.00
04:54:56          8      0.00      0.00      0.00      0.00      0.00    100.00
04:54:56          9      0.00      0.00      0.00      0.00      0.00    100.00
04:54:56         10      0.00      0.00      0.00      0.00      0.00    100.00
04:54:56         11      0.00      0.00      0.00      0.00      0.00    100.00
04:54:56         12      0.00      0.00      0.00      0.00      0.00    100.00
04:54:56         13      0.00      0.00      0.00      0.00      0.00    100.00
04:54:56         14      0.00      0.00      0.00      0.00      0.00    100.00
04:54:56         15      0.00      0.00      0.00      0.00      0.00    100.00
04:54:56         16      0.00      0.00      0.99      0.00      0.00     99.01
04:54:56         17      0.00      0.00      0.00      0.00      0.00    100.00
04:54:56         18      0.00      0.00      0.00      0.00      0.00    100.00
04:54:56         19      0.00      0.00      0.00      0.00      0.00    100.00
04:54:56         20      0.00      0.00      0.00      0.00      0.00    100.00
04:54:56         21      0.00      0.00      0.00      0.00      0.00    100.00
04:54:56         22      0.00      0.00      0.00      0.00      0.00    100.00
04:54:56         23      0.00      0.00      0.00      0.00      0.00    100.00
04:54:56         24      0.00      0.00      0.00      0.00      0.00    100.00
04:54:56         25      0.00      0.00      0.00      0.00      0.00    100.00
04:54:56         26      0.00      0.00      0.00      0.00      0.00    100.00
04:54:56         27      0.00      0.00      0.00      0.00      0.00    100.00
04:54:56         28      0.00      0.00      0.00      0.00      0.00    100.00
04:54:56         29      0.00      0.00      0.00      0.00      0.00    100.00
04:54:56         30      0.00      0.00      0.00      0.00      0.00    100.00
04:54:56         31      0.00      0.00      0.00      0.00      0.00    100.00

04:54:56        CPU     %user     %nice   %system   %iowait    %steal     %idle
04:54:57        all      0.50      0.00      2.69      0.00      0.00     96.81
04:54:57          0      0.00      0.00      0.99      0.00      0.00     99.01
04:54:57          1      0.00      0.00      0.00      0.00      0.00    100.00
04:54:57          2      0.00      0.00      0.00      0.00      0.00    100.00
04:54:57          3      0.00      0.00      0.00      0.00      0.00    100.00
04:54:57          4     15.00      0.00     85.00      0.00      0.00      0.00
04:54:57          5      0.00      0.00      0.00      0.00      0.00    100.00
04:54:57          6      0.00      0.00      0.00      0.00      0.00    100.00
04:54:57          7      0.00      0.00      0.00      0.00      0.00    100.00
04:54:57          8      0.00      0.00      0.00      0.00      0.00    100.00
04:54:57          9      0.00      0.00      0.00      0.00      0.00    100.00
04:54:57         10      0.00      0.00      0.00      0.00      0.00    100.00
04:54:57         11      0.00      0.00      0.00      0.00      0.00    100.00
04:54:57         12      0.00      0.00      0.00      0.00      0.00    100.00
04:54:57         13      0.00      0.00      0.00      0.00      0.00    100.00
04:54:57         14      0.00      0.00      0.00      0.00      0.00    100.00
04:54:57         15      0.00      0.00      0.00      0.00      0.00    100.00
04:54:57         16      0.00      0.00      0.00      0.00      0.00    100.00
04:54:57         17      0.00      0.00      0.00      0.00      0.00    100.00
04:54:57         18      0.00      0.00      0.00      0.00      0.00    100.00
04:54:57         19      0.00      0.00      0.00      0.00      0.00    100.00
04:54:57         20      0.00      0.00      0.00      0.00      0.00    100.00
04:54:57         21      0.00      0.00      0.00      0.00      0.00    100.00
04:54:57         22      0.00      0.00      0.00      0.00      0.00    100.00
04:54:57         23      0.00      0.00      0.00      0.00      0.00    100.00
04:54:57         24      0.00      0.00      0.00      0.00      0.00    100.00
04:54:57         25      0.00      0.00      0.00      0.00      0.00    100.00
04:54:57         26      0.00      0.00      0.00      0.00      0.00    100.00
04:54:57         27      0.00      0.00      0.00      0.00      0.00    100.00
04:54:57         28      0.00      0.00      0.00      0.00      0.00    100.00
04:54:57         29      0.00      0.00      0.00      0.00      0.00    100.00
04:54:57         30      0.00      0.00      0.00      0.00      0.00    100.00
04:54:57         31      1.00      0.00      0.00      0.00      0.00     99.00

04:54:57        CPU     %user     %nice   %system   %iowait    %steal     %idle
04:54:58        all      1.59      0.00      1.59      0.00      0.00     96.81
04:54:58          0      0.00      0.00      0.00      0.00      0.00    100.00
04:54:58          1      0.00      0.00      0.00      0.00      0.00    100.00
04:54:58          2      0.00      0.00      0.00      0.00      0.00    100.00
04:54:58          3      0.00      0.00      0.00      0.00      0.00    100.00
04:54:58          4     50.00      0.00     50.00      0.00      0.00      0.00
04:54:58          5      0.00      0.00      0.00      0.00      0.00    100.00
04:54:58          6      0.00      0.00      0.00      0.00      0.00    100.00
04:54:58          7      0.00      0.00      0.00      0.00      0.00    100.00
04:54:58          8      0.00      0.00      0.00      0.00      0.00    100.00
04:54:58          9      0.00      0.00      0.00      0.00      0.00    100.00
04:54:58         10      0.00      0.00      0.00      0.00      0.00    100.00
04:54:58         11      0.00      0.00      0.00      0.00      0.00    100.00
04:54:58         12      0.00      0.00      0.00      0.00      0.00    100.00
04:54:58         13      0.00      0.00      0.00      0.00      0.00    100.00
04:54:58         14      0.00      0.00      0.00      0.00      0.00    100.00
04:54:58         15      0.00      0.00      0.00      0.00      0.00    100.00
04:54:58         16      0.00      0.00      0.00      0.00      0.00    100.00
04:54:58         17      0.00      0.00      0.00      0.00      0.00    100.00
04:54:58         18      0.00      0.00      0.00      0.00      0.00    100.00
04:54:58         19      0.00      0.00      0.00      0.00      0.00    100.00
04:54:58         20      0.00      0.00      0.00      0.00      0.00    100.00
04:54:58         21      0.00      0.00      0.00      0.00      0.00    100.00
04:54:58         22      0.00      0.00      0.00      0.00      0.00    100.00
04:54:58         23      0.00      0.00      0.00      0.00      0.00    100.00
04:54:58         24      0.00      0.00      0.00      0.00      0.00    100.00
04:54:58         25      0.00      0.00      0.00      0.00      0.00    100.00
04:54:58         26      0.00      0.00      0.00      0.00      0.00    100.00
04:54:58         27      0.00      0.00      0.00      0.00      0.00    100.00
04:54:58         28      0.00      0.00      0.00      0.00      0.00    100.00
04:54:58         29      0.00      0.00      0.00      0.00      0.00    100.00
04:54:58         30      0.00      0.00      0.00      0.00      0.00    100.00
04:54:58         31      0.99      0.00      0.99      0.00      0.00     98.02

04:54:58        CPU     %user     %nice   %system   %iowait    %steal     %idle
04:54:59        all      3.16      0.00      0.00      0.00      0.00     96.84
04:54:59          0      0.00      0.00      0.00      0.00      0.00    100.00
04:54:59          1      0.00      0.00      0.00      0.00      0.00    100.00
04:54:59          2      0.00      0.00      0.00      0.00      0.00    100.00
04:54:59          3      0.00      0.00      0.00      0.00      0.00    100.00
04:54:59          4    100.00      0.00      0.00      0.00      0.00      0.00
04:54:59          5      0.00      0.00      0.00      0.00      0.00    100.00
04:54:59          6      0.00      0.00      0.00      0.00      0.00    100.00
04:54:59          7      0.00      0.00      0.00      0.00      0.00    100.00
04:54:59          8      0.00      0.00      0.00      0.00      0.00    100.00
04:54:59          9      0.00      0.00      0.00      0.00      0.00    100.00
04:54:59         10      0.00      0.00      0.00      0.00      0.00    100.00
04:54:59         11      0.00      0.00      0.00      0.00      0.00    100.00
04:54:59         12      0.00      0.00      0.00      0.00      0.00    100.00
04:54:59         13      0.00      0.00      0.00      0.00      0.00    100.00
04:54:59         14      0.00      0.00      0.00      0.00      0.00    100.00
04:54:59         15      0.00      0.00      0.00      0.00      0.00    100.00
04:54:59         16      0.00      0.00      0.00      0.00      0.00    100.00
04:54:59         17      0.00      0.00      0.00      0.00      0.00    100.00
04:54:59         18      0.00      0.00      0.00      0.00      0.00    100.00
04:54:59         19      0.00      0.00      0.00      0.00      0.00    100.00
04:54:59         20      0.00      0.00      0.00      0.00      0.00    100.00
04:54:59         21      0.00      0.00      0.00      0.00      0.00    100.00
04:54:59         22      0.00      0.00      0.00      0.00      0.00    100.00
04:54:59         23      0.00      0.00      0.00      0.00      0.00    100.00
04:54:59         24      0.00      0.00      0.00      0.00      0.00    100.00
04:54:59         25      0.00      0.00      0.00      0.00      0.00    100.00
04:54:59         26      0.00      0.00      0.00      0.00      0.00    100.00
04:54:59         27      0.00      0.00      0.00      0.00      0.00    100.00
04:54:59         28      0.00      0.00      0.00      0.00      0.00    100.00
04:54:59         29      0.00      0.00      0.00      0.00      0.00    100.00
04:54:59         30      0.00      0.00      0.00      0.00      0.00    100.00
04:54:59         31      1.00      0.00      0.00      0.00      0.00     99.00

04:54:59        CPU     %user     %nice   %system   %iowait    %steal     %idle
04:55:00        all      3.16      0.00      0.06      0.00      0.00     96.78
04:55:00          0      0.00      0.00      0.00      0.00      0.00    100.00
04:55:00          1      0.00      0.00      0.00      0.00      0.00    100.00
04:55:00          2      0.00      0.00      0.00      0.00      0.00    100.00
04:55:00          3      0.00      0.00      0.00      0.00      0.00    100.00
04:55:00          4    100.00      0.00      0.00      0.00      0.00      0.00
04:55:00          5      0.00      0.00      0.00      0.00      0.00    100.00
04:55:00          6      0.00      0.00      0.00      0.00      0.00    100.00
04:55:00          7      0.00      0.00      0.00      0.00      0.00    100.00
04:55:00          8      0.00      0.00      0.00      0.00      0.00    100.00
04:55:00          9      0.00      0.00      0.00      0.00      0.00    100.00
04:55:00         10      0.00      0.00      0.00      0.00      0.00    100.00
04:55:00         11      0.00      0.00      0.00      0.00      0.00    100.00
04:55:00         12      0.00      0.00      0.00      0.00      0.00    100.00
04:55:00         13      0.00      0.00      0.99      0.00      0.00     99.01
04:55:00         14      0.00      0.00      0.00      0.00      0.00    100.00
04:55:00         15      0.00      0.00      0.00      0.00      0.00    100.00
04:55:00         16      0.00      0.00      1.00      0.00      0.00     99.00
04:55:00         17      0.00      0.00      0.00      0.00      0.00    100.00
04:55:00         18      0.00      0.00      0.00      0.00      0.00    100.00
04:55:00         19      0.00      0.00      0.00      0.00      0.00    100.00
04:55:00         20      0.00      0.00      0.00      0.00      0.00    100.00
04:55:00         21      0.00      0.00      0.00      0.00      0.00    100.00
04:55:00         22      0.00      0.00      0.00      0.00      0.00    100.00
04:55:00         23      0.00      0.00      0.00      0.00      0.00    100.00
04:55:00         24      0.00      0.00      0.00      0.00      0.00    100.00
04:55:00         25      0.00      0.00      0.00      0.00      0.00    100.00
04:55:00         26      0.00      0.00      0.00      0.00      0.00    100.00
04:55:00         27      0.00      0.00      0.00      0.00      0.00    100.00
04:55:00         28      0.00      0.00      0.00      0.00      0.00    100.00
04:55:00         29      0.00      0.00      0.00      0.00      0.00    100.00
04:55:00         30      0.00      0.00      0.00      0.00      0.00    100.00
04:55:00         31      1.00      0.00      0.00      0.00      0.00     99.00

04:55:00        CPU     %user     %nice   %system   %iowait    %steal     %idle
04:55:01        all      3.19      0.00      0.00      0.00      0.00     96.81
04:55:01          0      0.00      0.00      0.00      0.00      0.00    100.00
04:55:01          1      0.00      0.00      0.00      0.00      0.00    100.00
04:55:01          2      0.00      0.00      0.00      0.00      0.00    100.00
04:55:01          3      0.00      0.00      0.00      0.00      0.00    100.00
04:55:01          4    100.00      0.00      0.00      0.00      0.00      0.00
04:55:01          5      0.99      0.00      0.00      0.00      0.00     99.01
04:55:01          6      0.00      0.00      0.00      0.00      0.00    100.00
04:55:01          7      0.00      0.00      0.00      0.00      0.00    100.00
04:55:01          8      0.00      0.00      0.00      0.00      0.00    100.00
04:55:01          9      0.00      0.00      0.00      0.00      0.00    100.00
04:55:01         10      0.00      0.00      0.00      0.00      0.00    100.00
04:55:01         11      0.00      0.00      0.00      0.00      0.00    100.00
04:55:01         12      0.00      0.00      0.00      0.00      0.00    100.00
04:55:01         13      0.00      0.00      0.00      0.00      0.00    100.00
04:55:01         14      0.00      0.00      0.00      0.00      0.00    100.00
04:55:01         15      0.00      0.00      0.00      0.00      0.00    100.00
04:55:01         16      0.00      0.00      0.00      0.00      0.00    100.00
04:55:01         17      0.00      0.00      0.00      0.00      0.00    100.00
04:55:01         18      0.00      0.00      0.00      0.00      0.00    100.00
04:55:01         19      0.00      0.00      0.00      0.00      0.00    100.00
04:55:01         20      0.00      0.00      0.00      0.00      0.00    100.00
04:55:01         21      0.00      0.00      0.00      0.00      0.00    100.00
04:55:01         22      0.00      0.00      0.00      0.00      0.00    100.00
04:55:01         23      0.00      0.00      0.00      0.00      0.00    100.00
04:55:01         24      0.00      0.00      0.00      0.00      0.00    100.00
04:55:01         25      0.00      0.00      0.00      0.00      0.00    100.00
04:55:01         26      0.00      0.00      0.00      0.00      0.00    100.00
04:55:01         27      0.00      0.00      0.00      0.00      0.00    100.00
04:55:01         28      0.00      0.00      0.00      0.00      0.00    100.00
04:55:01         29      0.00      0.00      0.00      0.00      0.00    100.00
04:55:01         30      0.00      0.00      0.00      0.00      0.00    100.00
04:55:01         31      1.00      0.00      0.00      0.00      0.00     99.00

04:55:01        CPU     %user     %nice   %system   %iowait    %steal     %idle
04:55:02        all      3.19      0.00      0.03      0.00      0.00     96.78
04:55:02          0      0.00      0.00      0.00      0.00      0.00    100.00
04:55:02          1      0.00      0.00      0.00      0.00      0.00    100.00
04:55:02          2      0.00      0.00      1.00      0.00      0.00     99.00
04:55:02          3      0.00      0.00      0.00      0.00      0.00    100.00
04:55:02          4    100.00      0.00      0.00      0.00      0.00      0.00
04:55:02          5      0.00      0.00      0.00      0.00      0.00    100.00
04:55:02          6      0.00      0.00      0.00      0.00      0.00    100.00
04:55:02          7      0.00      0.00      0.00      0.00      0.00    100.00
04:55:02          8      0.00      0.00      0.00      0.00      0.00    100.00
04:55:02          9      0.00      0.00      0.00      0.00      0.00    100.00
04:55:02         10      0.00      0.00      0.00      0.00      0.00    100.00
04:55:02         11      0.00      0.00      0.00      0.00      0.00    100.00
04:55:02         12      0.00      0.00      0.00      0.00      0.00    100.00
04:55:02         13      0.00      0.00      0.00      0.00      0.00    100.00
04:55:02         14      0.00      0.00      0.00      0.00      0.00    100.00
04:55:02         15      0.00      0.00      0.00      0.00      0.00    100.00
04:55:02         16      0.00      0.00      0.00      0.00      0.00    100.00
04:55:02         17      0.00      0.00      0.00      0.00      0.00    100.00
04:55:02         18      0.00      0.00      0.00      0.00      0.00    100.00
04:55:02         19      0.00      0.00      0.00      0.00      0.00    100.00
04:55:02         20      0.00      0.00      0.00      0.00      0.00    100.00
04:55:02         21      0.00      0.00      0.00      0.00      0.00    100.00
04:55:02         22      0.00      0.00      0.00      0.00      0.00    100.00
04:55:02         23      0.00      0.00      0.00      0.00      0.00    100.00
04:55:02         24      0.00      0.00      0.00      0.00      0.00    100.00
04:55:02         25      0.00      0.00      0.00      0.00      0.00    100.00
04:55:02         26      0.00      0.00      0.00      0.00      0.00    100.00
04:55:02         27      0.00      0.00      0.00      0.00      0.00    100.00
04:55:02         28      0.00      0.00      0.00      0.00      0.00    100.00
04:55:02         29      0.00      0.00      0.00      0.00      0.00    100.00
04:55:02         30      1.00      0.00      0.00      0.00      0.00     99.00
04:55:02         31      1.00      0.00      0.00      0.00      0.00     99.00

04:55:02        CPU     %user     %nice   %system   %iowait    %steal     %idle
04:55:03        all      3.16      0.00      0.00      0.00      0.00     96.84
04:55:03          0      0.00      0.00      0.00      0.00      0.00    100.00
04:55:03          1      0.00      0.00      0.00      0.00      0.00    100.00
04:55:03          2      0.00      0.00      0.00      0.00      0.00    100.00
04:55:03          3      0.00      0.00      0.00      0.00      0.00    100.00
04:55:03          4    100.00      0.00      0.00      0.00      0.00      0.00
04:55:03          5      0.00      0.00      0.00      0.00      0.00    100.00
04:55:03          6      0.00      0.00      0.00      0.00      0.00    100.00
04:55:03          7      0.00      0.00      0.00      0.00      0.00    100.00
04:55:03          8      0.00      0.00      0.00      0.00      0.00    100.00
04:55:03          9      0.00      0.00      0.00      0.00      0.00    100.00
04:55:03         10      0.00      0.00      0.00      0.00      0.00    100.00
04:55:03         11      0.00      0.00      0.00      0.00      0.00    100.00
04:55:03         12      0.00      0.00      0.00      0.00      0.00    100.00
04:55:03         13      0.00      0.00      0.00      0.00      0.00    100.00
04:55:03         14      0.00      0.00      0.00      0.00      0.00    100.00
04:55:03         15      0.00      0.00      0.00      0.00      0.00    100.00
04:55:03         16      0.00      0.00      0.00      0.00      0.00    100.00
04:55:03         17      0.00      0.00      0.00      0.00      0.00    100.00
04:55:03         18      0.00      0.00      0.00      0.00      0.00    100.00
04:55:03         19      0.00      0.00      0.00      0.00      0.00    100.00
04:55:03         20      0.00      0.00      0.00      0.00      0.00    100.00
04:55:03         21      0.00      0.00      0.00      0.00      0.00    100.00
04:55:03         22      0.00      0.00      0.00      0.00      0.00    100.00
04:55:03         23      0.00      0.00      0.00      0.00      0.00    100.00
04:55:03         24      0.00      0.00      0.00      0.00      0.00    100.00
04:55:03         25      0.00      0.00      0.00      0.00      0.00    100.00
04:55:03         26      0.00      0.00      0.00      0.00      0.00    100.00
04:55:03         27      0.00      0.00      0.00      0.00      0.00    100.00
04:55:03         28      0.00      0.00      0.00      0.00      0.00    100.00
04:55:03         29      0.00      0.00      0.00      0.00      0.00    100.00
04:55:03         30      0.00      0.00      0.00      0.00      0.00    100.00
04:55:03         31      1.00      0.00      0.00      0.00      0.00     99.00

04:55:03        CPU     %user     %nice   %system   %iowait    %steal     %idle
04:55:04        all      3.16      0.00      0.03      0.03      0.00     96.78
04:55:04          0      0.00      0.00      0.00      0.00      0.00    100.00
04:55:04          1      0.00      0.00      0.00      1.00      0.00     99.00
04:55:04          2      0.00      0.00      0.00      0.00      0.00    100.00
04:55:04          3      0.00      0.00      0.00      0.00      0.00    100.00
04:55:04          4    100.00      0.00      0.00      0.00      0.00      0.00
04:55:04          5      0.00      0.00      1.00      0.00      0.00     99.00
04:55:04          6      0.00      0.00      0.00      0.00      0.00    100.00
04:55:04          7      0.00      0.00      0.00      0.00      0.00    100.00
04:55:04          8      0.00      0.00      0.00      0.00      0.00    100.00
04:55:04          9      0.00      0.00      0.00      0.00      0.00    100.00
04:55:04         10      0.00      0.00      0.00      0.00      0.00    100.00
04:55:04         11      0.00      0.00      0.00      0.00      0.00    100.00
04:55:04         12      0.00      0.00      0.00      0.00      0.00    100.00
04:55:04         13      0.00      0.00      0.00      0.00      0.00    100.00
04:55:04         14      0.00      0.00      0.00      0.00      0.00    100.00
04:55:04         15      0.00      0.00      0.00      0.00      0.00    100.00
04:55:04         16      0.00      0.00      0.00      0.00      0.00    100.00
04:55:04         17      0.00      0.00      0.00      0.00      0.00    100.00
04:55:04         18      0.00      0.00      0.00      0.00      0.00    100.00
04:55:04         19      0.00      0.00      0.00      0.00      0.00    100.00
04:55:04         20      0.00      0.00      0.00      0.00      0.00    100.00
04:55:04         21      0.00      0.00      0.00      0.00      0.00    100.00
04:55:04         22      0.00      0.00      0.00      0.00      0.00    100.00
04:55:04         23      0.00      0.00      0.00      0.00      0.00    100.00
04:55:04         24      0.00      0.00      0.00      0.00      0.00    100.00
04:55:04         25      0.00      0.00      0.00      0.00      0.00    100.00
04:55:04         26      0.00      0.00      0.00      0.00      0.00    100.00
04:55:04         27      0.00      0.00      0.00      0.00      0.00    100.00
04:55:04         28      0.00      0.00      0.00      0.00      0.00    100.00
04:55:04         29      0.00      0.00      0.00      0.00      0.00    100.00
04:55:04         30      0.00      0.00      0.00      0.00      0.00    100.00
04:55:04         31      1.00      0.00      0.00      0.00      0.00     99.00

04:55:04        CPU     %user     %nice   %system   %iowait    %steal     %idle
04:55:05        all      3.16      0.00      0.00      0.00      0.00     96.84
04:55:05          0      0.00      0.00      0.00      0.00      0.00    100.00
04:55:05          1      0.00      0.00      0.00      0.00      0.00    100.00
04:55:05          2      0.00      0.00      0.00      0.00      0.00    100.00
04:55:05          3      0.00      0.00      0.00      0.00      0.00    100.00
04:55:05          4    100.00      0.00      0.00      0.00      0.00      0.00
04:55:05          5      0.00      0.00      0.00      0.00      0.00    100.00
04:55:05          6      0.00      0.00      0.00      0.00      0.00    100.00
04:55:05          7      0.00      0.00      0.00      0.00      0.00    100.00
04:55:05          8      0.00      0.00      0.00      0.00      0.00    100.00
04:55:05          9      0.00      0.00      0.00      0.00      0.00    100.00
04:55:05         10      0.00      0.00      0.00      0.00      0.00    100.00
04:55:05         11      0.00      0.00      0.00      0.00      0.00    100.00
04:55:05         12      0.00      0.00      0.00      0.00      0.00    100.00
04:55:05         13      0.00      0.00      0.00      0.00      0.00    100.00
04:55:05         14      0.00      0.00      0.00      0.00      0.00    100.00
04:55:05         15      0.00      0.00      0.00      0.00      0.00    100.00
04:55:05         16      0.00      0.00      0.00      0.00      0.00    100.00
04:55:05         17      0.00      0.00      0.00      0.00      0.00    100.00
04:55:05         18      0.00      0.00      0.00      0.00      0.00    100.00
04:55:05         19      0.00      0.00      0.00      0.00      0.00    100.00
04:55:05         20      0.00      0.00      0.00      0.00      0.00    100.00
04:55:05         21      0.00      0.00      0.00      0.00      0.00    100.00
04:55:05         22      0.00      0.00      0.00      0.00      0.00    100.00
04:55:05         23      0.00      0.00      0.00      0.00      0.00    100.00
04:55:05         24      0.00      0.00      0.00      0.00      0.00    100.00
04:55:05         25      0.00      0.00      0.00      0.00      0.00    100.00
04:55:05         26      0.00      0.00      0.00      0.00      0.00    100.00
04:55:05         27      0.00      0.00      0.00      0.00      0.00    100.00
04:55:05         28      0.00      0.00      0.00      0.00      0.00    100.00
04:55:05         29      0.00      0.00      0.00      0.00      0.00    100.00
04:55:05         30      0.00      0.00      0.00      0.00      0.00    100.00
04:55:05         31      1.00      0.00      0.00      0.00      0.00     99.00

04:55:05        CPU     %user     %nice   %system   %iowait    %steal     %idle
04:55:06        all      3.19      0.00      0.00      0.00      0.00     96.81
04:55:06          0      0.00      0.00      0.00      0.00      0.00    100.00
04:55:06          1      0.00      0.00      0.00      0.00      0.00    100.00
04:55:06          2      0.00      0.00      0.00      0.00      0.00    100.00
04:55:06          3      0.00      0.00      0.00      0.00      0.00    100.00
04:55:06          4    100.00      0.00      0.00      0.00      0.00      0.00
04:55:06          5      0.00      0.00      0.00      0.00      0.00    100.00
04:55:06          6      0.00      0.00      0.00      0.00      0.00    100.00
04:55:06          7      0.00      0.00      0.00      0.00      0.00    100.00
04:55:06          8      0.00      0.00      0.00      0.00      0.00    100.00
04:55:06          9      0.00      0.00      0.00      0.00      0.00    100.00
04:55:06         10      0.00      0.00      0.00      0.00      0.00    100.00
04:55:06         11      0.00      0.00      0.00      0.00      0.00    100.00
04:55:06         12      0.00      0.00      0.00      0.00      0.00    100.00
04:55:06         13      0.00      0.00      0.00      0.00      0.00    100.00
04:55:06         14      0.00      0.00      0.00      0.00      0.00    100.00
04:55:06         15      0.00      0.00      0.00      0.00      0.00    100.00
04:55:06         16      0.00      0.00      0.00      0.00      0.00    100.00
04:55:06         17      0.00      0.00      0.00      0.00      0.00    100.00
04:55:06         18      0.00      0.00      0.00      0.00      0.00    100.00
04:55:06         19      0.00      0.00      0.00      0.00      0.00    100.00
04:55:06         20      0.00      0.00      0.00      0.00      0.00    100.00
04:55:06         21      0.00      0.00      0.00      0.00      0.00    100.00
04:55:06         22      0.00      0.00      0.00      0.00      0.00    100.00
04:55:06         23      0.00      0.00      0.00      0.00      0.00    100.00
04:55:06         24      0.00      0.00      0.00      0.00      0.00    100.00
04:55:06         25      0.00      0.00      0.00      0.00      0.00    100.00
04:55:06         26      0.00      0.00      0.00      0.00      0.00    100.00
04:55:06         27      0.99      0.00      0.00      0.00      0.00     99.01
04:55:06         28      0.00      0.00      0.00      0.00      0.00    100.00
04:55:06         29      0.00      0.00      0.00      0.00      0.00    100.00
04:55:06         30      0.00      0.00      0.00      0.00      0.00    100.00
04:55:06         31      1.00      0.00      0.00      0.00      0.00     99.00

04:55:06        CPU     %user     %nice   %system   %iowait    %steal     %idle
04:55:07        all      3.16      0.00      0.00      0.00      0.00     96.84
04:55:07          0      0.00      0.00      0.00      0.00      0.00    100.00
04:55:07          1      0.00      0.00      0.00      0.00      0.00    100.00
04:55:07          2      0.00      0.00      0.00      0.00      0.00    100.00
04:55:07          3      0.00      0.00      0.00      0.00      0.00    100.00
04:55:07          4    100.00      0.00      0.00      0.00      0.00      0.00
04:55:07          5      0.00      0.00      0.00      0.00      0.00    100.00
04:55:07          6      0.00      0.00      0.00      0.00      0.00    100.00
04:55:07          7      0.00      0.00      0.00      0.00      0.00    100.00
04:55:07          8      0.00      0.00      0.00      0.00      0.00    100.00
04:55:07          9      0.00      0.00      0.00      0.00      0.00    100.00
04:55:07         10      0.00      0.00      0.00      0.00      0.00    100.00
04:55:07         11      0.00      0.00      0.00      0.00      0.00    100.00
04:55:07         12      0.00      0.00      0.00      0.00      0.00    100.00
04:55:07         13      0.00      0.00      0.00      0.00      0.00    100.00
04:55:07         14      0.00      0.00      0.00      0.00      0.00    100.00
04:55:07         15      0.00      0.00      0.00      0.00      0.00    100.00
04:55:07         16      0.00      0.00      0.00      0.00      0.00    100.00
04:55:07         17      0.00      0.00      0.00      0.00      0.00    100.00
04:55:07         18      0.00      0.00      0.00      0.00      0.00    100.00
04:55:07         19      0.00      0.00      0.00      0.00      0.00    100.00
04:55:07         20      0.00      0.00      0.00      0.00      0.00    100.00
04:55:07         21      0.00      0.00      0.00      0.00      0.00    100.00
04:55:07         22      0.00      0.00      0.00      0.00      0.00    100.00
04:55:07         23      0.00      0.00      0.00      0.00      0.00    100.00
04:55:07         24      0.00      0.00      0.00      0.00      0.00    100.00
04:55:07         25      0.00      0.00      0.00      0.00      0.00    100.00
04:55:07         26      0.00      0.00      0.00      0.00      0.00    100.00
04:55:07         27      0.00      0.00      0.00      0.00      0.00    100.00
04:55:07         28      0.00      0.00      0.00      0.00      0.00    100.00
04:55:07         29      0.00      0.00      0.00      0.00      0.00    100.00
04:55:07         30      0.00      0.00      0.00      0.00      0.00    100.00
04:55:07         31      1.00      0.00      0.00      0.00      0.00     99.00

04:55:07        CPU     %user     %nice   %system   %iowait    %steal     %idle
04:55:08        all      3.16      0.00      0.00      0.00      0.00     96.84
04:55:08          0      0.00      0.00      0.00      0.00      0.00    100.00
04:55:08          1      0.00      0.00      0.00      0.00      0.00    100.00
04:55:08          2      0.00      0.00      0.00      0.00      0.00    100.00
04:55:08          3      0.00      0.00      0.00      0.00      0.00    100.00
04:55:08          4    100.00      0.00      0.00      0.00      0.00      0.00
04:55:08          5      0.00      0.00      0.00      0.00      0.00    100.00
04:55:08          6      0.00      0.00      0.00      0.00      0.00    100.00
04:55:08          7      0.00      0.00      0.00      0.00      0.00    100.00
04:55:08          8      0.00      0.00      0.00      0.00      0.00    100.00
04:55:08          9      0.00      0.00      0.00      0.00      0.00    100.00
04:55:08         10      0.00      0.00      0.00      0.00      0.00    100.00
04:55:08         11      0.00      0.00      0.00      0.00      0.00    100.00
04:55:08         12      0.00      0.00      0.00      0.00      0.00    100.00
04:55:08         13      0.00      0.00      0.00      0.00      0.00    100.00
04:55:08         14      0.00      0.00      0.00      0.00      0.00    100.00
04:55:08         15      0.00      0.00      0.00      0.00      0.00    100.00
04:55:08         16      0.00      0.00      0.00      0.00      0.00    100.00
04:55:08         17      0.00      0.00      0.00      0.00      0.00    100.00
04:55:08         18      0.00      0.00      0.00      0.00      0.00    100.00
04:55:08         19      0.00      0.00      0.00      0.00      0.00    100.00
04:55:08         20      0.00      0.00      0.00      0.00      0.00    100.00
04:55:08         21      0.00      0.00      0.00      0.00      0.00    100.00
04:55:08         22      0.00      0.00      0.00      0.00      0.00    100.00
04:55:08         23      0.00      0.00      0.00      0.00      0.00    100.00
04:55:08         24      0.00      0.00      0.00      0.00      0.00    100.00
04:55:08         25      0.00      0.00      0.00      0.00      0.00    100.00
04:55:08         26      0.00      0.00      0.00      0.00      0.00    100.00
04:55:08         27      0.00      0.00      0.00      0.00      0.00    100.00
04:55:08         28      0.00      0.00      0.00      0.00      0.00    100.00
04:55:08         29      0.00      0.00      0.00      0.00      0.00    100.00
04:55:08         30      0.00      0.00      0.00      0.00      0.00    100.00
04:55:08         31      1.00      0.00      0.00      0.00      0.00     99.00

04:55:08        CPU     %user     %nice   %system   %iowait    %steal     %idle
04:55:09        all      3.15      0.00      0.06      0.00      0.00     96.78
04:55:09          0      0.00      0.00      0.99      0.00      0.00     99.01
04:55:09          1      0.00      0.00      0.00      0.00      0.00    100.00
04:55:09          2      0.00      0.00      0.00      0.00      0.00    100.00
04:55:09          3      0.00      0.00      0.00      0.00      0.00    100.00
04:55:09          4    100.00      0.00      0.00      0.00      0.00      0.00
04:55:09          5      0.99      0.00      0.00      0.00      0.00     99.01
04:55:09          6      0.00      0.00      0.00      0.00      0.00    100.00
04:55:09          7      0.00      0.00      0.00      0.00      0.00    100.00
04:55:09          8      0.00      0.00      0.00      0.00      0.00    100.00
04:55:09          9      0.00      0.00      0.00      0.00      0.00    100.00
04:55:09         10      0.00      0.00      0.00      0.00      0.00    100.00
04:55:09         11      0.00      0.00      0.00      0.00      0.00    100.00
04:55:09         12      0.00      0.00      0.00      0.00      0.00    100.00
04:55:09         13      0.00      0.00      0.00      0.00      0.00    100.00
04:55:09         14      0.00      0.00      0.00      0.00      0.00    100.00
04:55:09         15      0.00      0.00      0.00      0.00      0.00    100.00
04:55:09         16      0.00      0.00      0.99      0.00      0.00     99.01
04:55:09         17      0.00      0.00      0.00      0.00      0.00    100.00
04:55:09         18      0.00      0.00      0.00      0.00      0.00    100.00
04:55:09         19      0.00      0.00      0.00      0.00      0.00    100.00
04:55:09         20      0.00      0.00      0.00      0.00      0.00    100.00
04:55:09         21      0.00      0.00      0.00      0.00      0.00    100.00
04:55:09         22      0.00      0.00      0.00      0.00      0.00    100.00
04:55:09         23      0.00      0.00      0.00      0.00      0.00    100.00
04:55:09         24      0.00      0.00      0.00      0.00      0.00    100.00
04:55:09         25      0.00      0.00      0.00      0.00      0.00    100.00
04:55:09         26      0.00      0.00      0.00      0.00      0.00    100.00
04:55:09         27      0.00      0.00      0.00      0.00      0.00    100.00
04:55:09         28      0.00      0.00      0.00      0.00      0.00    100.00
04:55:09         29      0.00      0.00      0.00      0.00      0.00    100.00
04:55:09         30      0.00      0.00      0.00      0.00      0.00    100.00
04:55:09         31      0.00      0.00      0.00      0.00      0.00    100.00

04:55:09        CPU     %user     %nice   %system   %iowait    %steal     %idle
04:55:10        all      3.19      0.00      0.00      0.00      0.00     96.81
04:55:10          0      0.00      0.00      0.00      0.00      0.00    100.00
04:55:10          1      0.00      0.00      0.00      0.00      0.00    100.00
04:55:10          2      0.00      0.00      0.00      0.00      0.00    100.00
04:55:10          3      0.00      0.00      0.00      0.00      0.00    100.00
04:55:10          4    100.00      0.00      0.00      0.00      0.00      0.00
04:55:10          5      0.00      0.00      0.00      0.00      0.00    100.00
04:55:10          6      0.00      0.00      0.00      0.00      0.00    100.00
04:55:10          7      0.00      0.00      0.00      0.00      0.00    100.00
04:55:10          8      0.00      0.00      0.00      0.00      0.00    100.00
04:55:10          9      0.00      0.00      0.00      0.00      0.00    100.00
04:55:10         10      0.00      0.00      0.00      0.00      0.00    100.00
04:55:10         11      0.00      0.00      0.00      0.00      0.00    100.00
04:55:10         12      0.00      0.00      0.00      0.00      0.00    100.00
04:55:10         13      0.00      0.00      0.00      0.00      0.00    100.00
04:55:10         14      0.00      0.00      0.00      0.00      0.00    100.00
04:55:10         15      0.00      0.00      0.00      0.00      0.00    100.00
04:55:10         16      0.00      0.00      0.00      0.00      0.00    100.00
04:55:10         17      0.00      0.00      0.00      0.00      0.00    100.00
04:55:10         18      0.00      0.00      0.00      0.00      0.00    100.00
04:55:10         19      0.00      0.00      0.00      0.00      0.00    100.00
04:55:10         20      0.00      0.00      0.00      0.00      0.00    100.00
04:55:10         21      0.00      0.00      0.00      0.00      0.00    100.00
04:55:10         22      0.00      0.00      0.00      0.00      0.00    100.00
04:55:10         23      0.00      0.00      0.00      0.00      0.00    100.00
04:55:10         24      0.00      0.00      0.00      0.00      0.00    100.00
04:55:10         25      0.00      0.00      0.00      0.00      0.00    100.00
04:55:10         26      0.00      0.00      0.00      0.00      0.00    100.00
04:55:10         27      0.00      0.00      0.00      0.00      0.00    100.00
04:55:10         28      0.00      0.00      0.00      0.00      0.00    100.00
04:55:10         29      0.00      0.00      0.00      0.00      0.00    100.00
04:55:10         30      0.00      0.00      0.00      0.00      0.00    100.00
04:55:10         31      1.98      0.00      0.00      0.00      0.00     98.02

04:55:10        CPU     %user     %nice   %system   %iowait    %steal     %idle
04:55:11        all      3.16      0.00      0.00      0.00      0.00     96.84
04:55:11          0      0.00      0.00      0.00      0.00      0.00    100.00
04:55:11          1      0.00      0.00      0.00      0.00      0.00    100.00
04:55:11          2      0.00      0.00      0.00      0.00      0.00    100.00
04:55:11          3      0.00      0.00      0.00      0.00      0.00    100.00
04:55:11          4    100.00      0.00      0.00      0.00      0.00      0.00
04:55:11          5      0.00      0.00      0.00      0.00      0.00    100.00
04:55:11          6      0.00      0.00      0.00      0.00      0.00    100.00
04:55:11          7      0.00      0.00      0.00      0.00      0.00    100.00
04:55:11          8      0.00      0.00      0.00      0.00      0.00    100.00
04:55:11          9      0.00      0.00      0.00      0.00      0.00    100.00
04:55:11         10      0.00      0.00      0.00      0.00      0.00    100.00
04:55:11         11      0.00      0.00      0.00      0.00      0.00    100.00
04:55:11         12      0.00      0.00      0.00      0.00      0.00    100.00
04:55:11         13      0.00      0.00      0.00      0.00      0.00    100.00
04:55:11         14      0.00      0.00      0.00      0.00      0.00    100.00
04:55:11         15      0.00      0.00      0.00      0.00      0.00    100.00
04:55:11         16      0.00      0.00      0.00      0.00      0.00    100.00
04:55:11         17      0.00      0.00      0.00      0.00      0.00    100.00
04:55:11         18      0.00      0.00      0.00      0.00      0.00    100.00
04:55:11         19      0.00      0.00      0.00      0.00      0.00    100.00
04:55:11         20      0.00      0.00      0.00      0.00      0.00    100.00
04:55:11         21      0.00      0.00      0.00      0.00      0.00    100.00
04:55:11         22      0.00      0.00      0.00      0.00      0.00    100.00
04:55:11         23      0.00      0.00      0.00      0.00      0.00    100.00
04:55:11         24      0.00      0.00      0.00      0.00      0.00    100.00
04:55:11         25      0.00      0.00      0.00      0.00      0.00    100.00
04:55:11         26      0.00      0.00      0.00      0.00      0.00    100.00
04:55:11         27      0.00      0.00      0.00      0.00      0.00    100.00
04:55:11         28      0.00      0.00      0.00      0.00      0.00    100.00
04:55:11         29      0.00      0.00      0.00      0.00      0.00    100.00
04:55:11         30      0.00      0.00      0.00      0.00      0.00    100.00
04:55:11         31      1.00      0.00      0.00      0.00      0.00     99.00

04:55:11        CPU     %user     %nice   %system   %iowait    %steal     %idle
04:55:12        all      3.16      0.00      0.06      0.00      0.00     96.78
04:55:12          0      0.00      0.00      0.00      0.00      0.00    100.00
04:55:12          1      0.00      0.00      0.00      0.00      0.00    100.00
04:55:12          2      0.00      0.00      0.00      0.00      0.00    100.00
04:55:12          3      0.00      0.00      0.00      0.00      0.00    100.00
04:55:12          4    100.00      0.00      0.00      0.00      0.00      0.00
04:55:12          5      0.00      0.00      0.99      0.00      0.00     99.01
04:55:12          6      0.00      0.00      0.00      0.00      0.00    100.00
04:55:12          7      0.00      0.00      0.00      0.00      0.00    100.00
04:55:12          8      0.00      0.00      0.00      0.00      0.00    100.00
04:55:12          9      0.00      0.00      0.00      0.00      0.00    100.00
04:55:12         10      0.00      0.00      0.00      0.00      0.00    100.00
04:55:12         11      0.00      0.00      0.00      0.00      0.00    100.00
04:55:12         12      0.00      0.00      0.00      0.00      0.00    100.00
04:55:12         13      0.00      0.00      0.00      0.00      0.00    100.00
04:55:12         14      0.00      0.00      0.00      0.00      0.00    100.00
04:55:12         15      0.00      0.00      0.00      0.00      0.00    100.00
04:55:12         16      0.00      0.00      1.00      0.00      0.00     99.00
04:55:12         17      0.00      0.00      0.00      0.00      0.00    100.00
04:55:12         18      0.00      0.00      0.00      0.00      0.00    100.00
04:55:12         19      0.00      0.00      0.00      0.00      0.00    100.00
04:55:12         20      0.00      0.00      0.00      0.00      0.00    100.00
04:55:12         21      0.00      0.00      0.00      0.00      0.00    100.00
04:55:12         22      0.00      0.00      0.00      0.00      0.00    100.00
04:55:12         23      0.00      0.00      0.00      0.00      0.00    100.00
04:55:12         24      0.00      0.00      0.00      0.00      0.00    100.00
04:55:12         25      0.00      0.00      0.00      0.00      0.00    100.00
04:55:12         26      0.00      0.00      0.00      0.00      0.00    100.00
04:55:12         27      0.00      0.00      0.00      0.00      0.00    100.00
04:55:12         28      0.00      0.00      0.00      0.00      0.00    100.00
04:55:12         29      0.00      0.00      0.00      0.00      0.00    100.00
04:55:12         30      0.00      0.00      0.00      0.00      0.00    100.00
04:55:12         31      1.00      0.00      0.00      0.00      0.00     99.00

04:55:12        CPU     %user     %nice   %system   %iowait    %steal     %idle
04:55:13        all      3.16      0.00      0.00      0.00      0.00     96.84
04:55:13          0      0.00      0.00      0.00      0.00      0.00    100.00
04:55:13          1      0.00      0.00      0.00      0.00      0.00    100.00
04:55:13          2      0.00      0.00      0.00      0.00      0.00    100.00
04:55:13          3      0.00      0.00      0.00      0.00      0.00    100.00
04:55:13          4    100.00      0.00      0.00      0.00      0.00      0.00
04:55:13          5      0.00      0.00      0.00      0.00      0.00    100.00
04:55:13          6      0.00      0.00      0.00      0.00      0.00    100.00
04:55:13          7      0.00      0.00      0.00      0.00      0.00    100.00
04:55:13          8      0.00      0.00      0.00      0.00      0.00    100.00
04:55:13          9      0.00      0.00      0.00      0.00      0.00    100.00
04:55:13         10      0.00      0.00      0.00      0.00      0.00    100.00
04:55:13         11      0.00      0.00      0.00      0.00      0.00    100.00
04:55:13         12      0.00      0.00      0.00      0.00      0.00    100.00
04:55:13         13      0.00      0.00      0.00      0.00      0.00    100.00
04:55:13         14      0.00      0.00      0.00      0.00      0.00    100.00
04:55:13         15      0.00      0.00      0.00      0.00      0.00    100.00
04:55:13         16      0.00      0.00      0.00      0.00      0.00    100.00
04:55:13         17      0.00      0.00      0.00      0.00      0.00    100.00
04:55:13         18      0.00      0.00      0.00      0.00      0.00    100.00
04:55:13         19      0.00      0.00      0.00      0.00      0.00    100.00
04:55:13         20      0.00      0.00      0.00      0.00      0.00    100.00
04:55:13         21      0.00      0.00      0.00      0.00      0.00    100.00
04:55:13         22      0.00      0.00      0.00      0.00      0.00    100.00
04:55:13         23      0.00      0.00      0.00      0.00      0.00    100.00
04:55:13         24      0.00      0.00      0.00      0.00      0.00    100.00
04:55:13         25      0.00      0.00      0.00      0.00      0.00    100.00
04:55:13         26      0.00      0.00      0.00      0.00      0.00    100.00
04:55:13         27      0.00      0.00      0.00      0.00      0.00    100.00
04:55:13         28      0.00      0.00      0.00      0.00      0.00    100.00
04:55:13         29      0.00      0.00      0.00      0.00      0.00    100.00
04:55:13         30      0.00      0.00      0.00      0.00      0.00    100.00
04:55:13         31      1.00      0.00      0.00      0.00      0.00     99.00

04:55:13        CPU     %user     %nice   %system   %iowait    %steal     %idle
04:55:14        all      3.16      0.00      0.00      0.00      0.00     96.84
04:55:14          0      0.00      0.00      0.00      0.00      0.00    100.00
04:55:14          1      0.00      0.00      0.00      0.00      0.00    100.00
04:55:14          2      0.00      0.00      0.00      0.00      0.00    100.00
04:55:14          3      0.00      0.00      0.00      0.00      0.00    100.00
04:55:14          4    100.00      0.00      0.00      0.00      0.00      0.00
04:55:14          5      0.00      0.00      0.00      0.00      0.00    100.00
04:55:14          6      0.00      0.00      0.00      0.00      0.00    100.00
04:55:14          7      0.00      0.00      0.00      0.00      0.00    100.00
04:55:14          8      0.00      0.00      0.00      0.00      0.00    100.00
04:55:14          9      0.00      0.00      0.00      0.00      0.00    100.00
04:55:14         10      0.00      0.00      0.00      0.00      0.00    100.00
04:55:14         11      0.00      0.00      0.00      0.00      0.00    100.00
04:55:14         12      0.00      0.00      0.00      0.00      0.00    100.00
04:55:14         13      0.00      0.00      0.00      0.00      0.00    100.00
04:55:14         14      0.00      0.00      0.00      0.00      0.00    100.00
04:55:14         15      0.00      0.00      0.00      0.00      0.00    100.00
04:55:14         16      0.00      0.00      0.00      0.00      0.00    100.00
04:55:14         17      0.00      0.00      0.00      0.00      0.00    100.00
04:55:14         18      0.00      0.00      0.00      0.00      0.00    100.00
04:55:14         19      0.00      0.00      0.00      0.00      0.00    100.00
04:55:14         20      0.00      0.00      0.00      0.00      0.00    100.00
04:55:14         21      0.00      0.00      0.00      0.00      0.00    100.00
04:55:14         22      0.00      0.00      0.00      0.00      0.00    100.00
04:55:14         23      0.00      0.00      0.00      0.00      0.00    100.00
04:55:14         24      0.00      0.00      0.00      0.00      0.00    100.00
04:55:14         25      0.00      0.00      0.00      0.00      0.00    100.00
04:55:14         26      0.00      0.00      0.00      0.00      0.00    100.00
04:55:14         27      0.00      0.00      0.00      0.00      0.00    100.00
04:55:14         28      0.00      0.00      0.00      0.00      0.00    100.00
04:55:14         29      0.00      0.00      0.00      0.00      0.00    100.00
04:55:14         30      0.00      0.00      0.00      0.00      0.00    100.00
04:55:14         31      1.00      0.00      0.00      0.00      0.00     99.00

04:55:14        CPU     %user     %nice   %system   %iowait    %steal     %idle
04:55:15        all      3.16      0.00      0.00      0.00      0.00     96.84
04:55:15          0      0.00      0.00      0.00      0.00      0.00    100.00
04:55:15          1      0.00      0.00      0.00      0.00      0.00    100.00
04:55:15          2      0.00      0.00      0.00      0.00      0.00    100.00
04:55:15          3      0.00      0.00      0.00      0.00      0.00    100.00
04:55:15          4    100.00      0.00      0.00      0.00      0.00      0.00
04:55:15          5      0.00      0.00      0.00      0.00      0.00    100.00
04:55:15          6      0.00      0.00      0.00      0.00      0.00    100.00
04:55:15          7      0.00      0.00      0.00      0.00      0.00    100.00
04:55:15          8      0.00      0.00      0.00      0.00      0.00    100.00
04:55:15          9      0.00      0.00      0.00      0.00      0.00    100.00
04:55:15         10      0.00      0.00      0.00      0.00      0.00    100.00
04:55:15         11      0.00      0.00      0.00      0.00      0.00    100.00
04:55:15         12      0.00      0.00      0.00      0.00      0.00    100.00
04:55:15         13      0.00      0.00      0.00      0.00      0.00    100.00
04:55:15         14      0.00      0.00      0.00      0.00      0.00    100.00
04:55:15         15      0.00      0.00      0.00      0.00      0.00    100.00
04:55:15         16      0.00      0.00      0.00      0.00      0.00    100.00
04:55:15         17      0.00      0.00      0.00      0.00      0.00    100.00
04:55:15         18      0.00      0.00      0.00      0.00      0.00    100.00
04:55:15         19      0.00      0.00      0.00      0.00      0.00    100.00
04:55:15         20      0.00      0.00      0.00      0.00      0.00    100.00
04:55:15         21      0.00      0.00      0.00      0.00      0.00    100.00
04:55:15         22      0.00      0.00      0.00      0.00      0.00    100.00
04:55:15         23      0.00      0.00      0.00      0.00      0.00    100.00
04:55:15         24      0.00      0.00      0.00      0.00      0.00    100.00
04:55:15         25      0.00      0.00      0.00      0.00      0.00    100.00
04:55:15         26      0.00      0.00      0.00      0.00      0.00    100.00
04:55:15         27      0.00      0.00      0.00      0.00      0.00    100.00
04:55:15         28      0.00      0.00      0.00      0.00      0.00    100.00
04:55:15         29      0.00      0.00      0.00      0.00      0.00    100.00
04:55:15         30      0.00      0.00      0.00      0.00      0.00    100.00
04:55:15         31      1.00      0.00      0.00      0.00      0.00     99.00

04:55:15        CPU     %user     %nice   %system   %iowait    %steal     %idle
04:55:16        all      3.16      0.00      0.00      0.00      0.00     96.84
04:55:16          0      0.00      0.00      0.00      0.00      0.00    100.00
04:55:16          1      0.00      0.00      0.00      0.00      0.00    100.00
04:55:16          2      0.00      0.00      0.00      0.00      0.00    100.00
04:55:16          3      0.00      0.00      0.00      0.00      0.00    100.00
04:55:16          4    100.00      0.00      0.00      0.00      0.00      0.00
04:55:16          5      0.00      0.00      0.00      0.00      0.00    100.00
04:55:16          6      0.00      0.00      0.00      0.00      0.00    100.00
04:55:16          7      0.00      0.00      0.00      0.00      0.00    100.00
04:55:16          8      0.00      0.00      0.00      0.00      0.00    100.00
04:55:16          9      0.00      0.00      0.00      0.00      0.00    100.00
04:55:16         10      0.00      0.00      0.00      0.00      0.00    100.00
04:55:16         11      0.00      0.00      0.00      0.00      0.00    100.00
04:55:16         12      0.00      0.00      0.00      0.00      0.00    100.00
04:55:16         13      0.00      0.00      0.00      0.00      0.00    100.00
04:55:16         14      0.00      0.00      0.00      0.00      0.00    100.00
04:55:16         15      0.00      0.00      0.00      0.00      0.00    100.00
04:55:16         16      0.00      0.00      0.00      0.00      0.00    100.00
04:55:16         17      0.00      0.00      0.00      0.00      0.00    100.00
04:55:16         18      0.00      0.00      0.00      0.00      0.00    100.00
04:55:16         19      0.00      0.00      0.00      0.00      0.00    100.00
04:55:16         20      0.00      0.00      0.00      0.00      0.00    100.00
04:55:16         21      0.00      0.00      0.00      0.00      0.00    100.00
04:55:16         22      0.00      0.00      0.00      0.00      0.00    100.00
04:55:16         23      0.00      0.00      0.00      0.00      0.00    100.00
04:55:16         24      0.00      0.00      0.00      0.00      0.00    100.00
04:55:16         25      0.00      0.00      0.00      0.00      0.00    100.00
04:55:16         26      0.00      0.00      0.00      0.00      0.00    100.00
04:55:16         27      0.00      0.00      0.00      0.00      0.00    100.00
04:55:16         28      0.00      0.00      0.00      0.00      0.00    100.00
04:55:16         29      0.00      0.00      0.00      0.00      0.00    100.00
04:55:16         30      0.00      0.00      0.00      0.00      0.00    100.00
04:55:16         31      1.00      0.00      0.00      0.00      0.00     99.00

04:55:16        CPU     %user     %nice   %system   %iowait    %steal     %idle
04:55:17        all      3.13      0.00      0.03      0.00      0.00     96.84
04:55:17          0      0.00      0.00      0.00      0.00      0.00    100.00
04:55:17          1      0.00      0.00      0.00      0.00      0.00    100.00
04:55:17          2      0.00      0.00      0.00      0.00      0.00    100.00
04:55:17          3      0.00      0.00      0.00      0.00      0.00    100.00
04:55:17          4    100.00      0.00      0.00      0.00      0.00      0.00
04:55:17          5      0.00      0.00      0.00      0.00      0.00    100.00
04:55:17          6      0.00      0.00      0.00      0.00      0.00    100.00
04:55:17          7      0.00      0.00      0.00      0.00      0.00    100.00
04:55:17          8      0.00      0.00      0.00      0.00      0.00    100.00
04:55:17          9      0.00      0.00      0.00      0.00      0.00    100.00
04:55:17         10      0.00      0.00      0.00      0.00      0.00    100.00
04:55:17         11      0.00      0.00      0.00      0.00      0.00    100.00
04:55:17         12      0.00      0.00      0.00      0.00      0.00    100.00
04:55:17         13      0.00      0.00      0.00      0.00      0.00    100.00
04:55:17         14      0.00      0.00      0.00      0.00      0.00    100.00
04:55:17         15      0.00      0.00      0.00      0.00      0.00    100.00
04:55:17         16      0.00      0.00      0.00      0.00      0.00    100.00
04:55:17         17      0.00      0.00      0.00      0.00      0.00    100.00
04:55:17         18      0.00      0.00      0.00      0.00      0.00    100.00
04:55:17         19      0.00      0.00      0.00      0.00      0.00    100.00
04:55:17         20      0.00      0.00      0.00      0.00      0.00    100.00
04:55:17         21      0.00      0.00      0.00      0.00      0.00    100.00
04:55:17         22      0.00      0.00      0.00      0.00      0.00    100.00
04:55:17         23      0.00      0.00      0.00      0.00      0.00    100.00
04:55:17         24      0.00      0.00      0.00      0.00      0.00    100.00
04:55:17         25      0.00      0.00      0.00      0.00      0.00    100.00
04:55:17         26      0.00      0.00      0.00      0.00      0.00    100.00
04:55:17         27      0.00      0.00      0.00      0.00      0.00    100.00
04:55:17         28      0.00      0.00      0.00      0.00      0.00    100.00
04:55:17         29      0.00      0.00      0.00      0.00      0.00    100.00
04:55:17         30      0.00      0.00      0.00      0.00      0.00    100.00
04:55:17         31      0.00      0.00      1.00      0.00      0.00     99.00

04:55:17        CPU     %user     %nice   %system   %iowait    %steal     %idle
04:55:18        all      3.22      0.00      0.03      0.00      0.00     96.75
04:55:18          0      0.00      0.00      0.00      0.00      0.00    100.00
04:55:18          1      0.00      0.00      0.00      0.00      0.00    100.00
04:55:18          2      0.00      0.00      0.00      0.00      0.00    100.00
04:55:18          3      0.00      0.00      0.00      0.00      0.00    100.00
04:55:18          4    100.00      0.00      0.00      0.00      0.00      0.00
04:55:18          5      0.00      0.00      1.00      0.00      0.00     99.00
04:55:18          6      0.00      0.00      0.00      0.00      0.00    100.00
04:55:18          7      0.00      0.00      0.00      0.00      0.00    100.00
04:55:18          8      0.00      0.00      0.00      0.00      0.00    100.00
04:55:18          9      0.00      0.00      0.00      0.00      0.00    100.00
04:55:18         10      0.00      0.00      0.00      0.00      0.00    100.00
04:55:18         11      0.00      0.00      0.00      0.00      0.00    100.00
04:55:18         12      0.00      0.00      0.00      0.00      0.00    100.00
04:55:18         13      0.00      0.00      0.00      0.00      0.00    100.00
04:55:18         14      0.99      0.00      0.00      0.00      0.00     99.01
04:55:18         15      0.00      0.00      0.00      0.00      0.00    100.00
04:55:18         16      0.00      0.00      0.00      0.00      0.00    100.00
04:55:18         17      0.00      0.00      0.00      0.00      0.00    100.00
04:55:18         18      0.00      0.00      0.00      0.00      0.00    100.00
04:55:18         19      0.00      0.00      0.00      0.00      0.00    100.00
04:55:18         20      0.00      0.00      0.00      0.00      0.00    100.00
04:55:18         21      0.00      0.00      0.00      0.00      0.00    100.00
04:55:18         22      0.00      0.00      0.00      0.00      0.00    100.00
04:55:18         23      0.00      0.00      0.00      0.00      0.00    100.00
04:55:18         24      0.00      0.00      0.00      0.00      0.00    100.00
04:55:18         25      0.00      0.00      0.00      0.00      0.00    100.00
04:55:18         26      0.00      0.00      0.00      0.00      0.00    100.00
04:55:18         27      0.00      0.00      0.00      0.00      0.00    100.00
04:55:18         28      0.00      0.00      0.00      0.00      0.00    100.00
04:55:18         29      0.00      0.00      0.00      0.00      0.00    100.00
04:55:18         30      0.00      0.00      0.00      0.00      0.00    100.00
04:55:18         31      1.98      0.00      0.00      0.00      0.00     98.02

04:55:18        CPU     %user     %nice   %system   %iowait    %steal     %idle
04:55:19        all      3.16      0.00      0.03      0.00      0.00     96.81
04:55:19          0      0.00      0.00      0.00      0.00      0.00    100.00
04:55:19          1      0.00      0.00      0.00      0.00      0.00    100.00
04:55:19          2      0.00      0.00      1.00      0.00      0.00     99.00
04:55:19          3      0.00      0.00      0.00      0.00      0.00    100.00
04:55:19          4    100.00      0.00      0.00      0.00      0.00      0.00
04:55:19          5      0.00      0.00      0.00      0.00      0.00    100.00
04:55:19          6      0.00      0.00      0.00      0.00      0.00    100.00
04:55:19          7      0.00      0.00      0.00      0.00      0.00    100.00
04:55:19          8      0.00      0.00      0.00      0.00      0.00    100.00
04:55:19          9      0.00      0.00      0.00      0.00      0.00    100.00
04:55:19         10      0.00      0.00      0.00      0.00      0.00    100.00
04:55:19         11      0.00      0.00      0.00      0.00      0.00    100.00
04:55:19         12      0.00      0.00      0.00      0.00      0.00    100.00
04:55:19         13      0.00      0.00      0.00      0.00      0.00    100.00
04:55:19         14      0.00      0.00      0.00      0.00      0.00    100.00
04:55:19         15      0.00      0.00      0.00      0.00      0.00    100.00
04:55:19         16      0.00      0.00      0.00      0.00      0.00    100.00
04:55:19         17      0.00      0.00      0.00      0.00      0.00    100.00
04:55:19         18      0.00      0.00      0.00      0.00      0.00    100.00
04:55:19         19      0.00      0.00      0.00      0.00      0.00    100.00
04:55:19         20      0.00      0.00      0.00      0.00      0.00    100.00
04:55:19         21      0.00      0.00      0.00      0.00      0.00    100.00
04:55:19         22      0.00      0.00      0.00      0.00      0.00    100.00
04:55:19         23      0.00      0.00      0.00      0.00      0.00    100.00
04:55:19         24      0.00      0.00      0.00      0.00      0.00    100.00
04:55:19         25      0.00      0.00      0.00      0.00      0.00    100.00
04:55:19         26      0.00      0.00      0.00      0.00      0.00    100.00
04:55:19         27      0.00      0.00      0.00      0.00      0.00    100.00
04:55:19         28      0.00      0.00      0.00      0.00      0.00    100.00
04:55:19         29      0.00      0.00      0.00      0.00      0.00    100.00
04:55:19         30      0.00      0.00      0.00      0.00      0.00    100.00
04:55:19         31      1.00      0.00      0.00      0.00      0.00     99.00

Average:        CPU     %user     %nice   %system   %iowait    %steal     %idle
Average:        all      3.02      0.00      0.18      0.00      0.00     96.81
Average:          0      0.02      0.00      0.12      0.00      0.00     99.87
Average:          1      0.03      0.00      0.03      0.02      0.00     99.92
Average:          2      0.05      0.00      0.07      0.00      0.00     99.88
Average:          3      0.03      0.00      0.03      0.00      0.00     99.93
Average:          4     95.03      0.00      4.92      0.00      0.00      0.05
Average:          5      0.07      0.00      0.05      0.00      0.00     99.88
Average:          6      0.00      0.00      0.02      0.00      0.00     99.98
Average:          7      0.02      0.00      0.03      0.00      0.00     99.95
Average:          8      0.00      0.00      0.00      0.00      0.00    100.00
Average:          9      0.00      0.00      0.00      0.00      0.00    100.00
Average:         10      0.00      0.00      0.00      0.00      0.00    100.00
Average:         11      0.00      0.00      0.00      0.00      0.00    100.00
Average:         12      0.00      0.00      0.00      0.00      0.00    100.00
Average:         13      0.07      0.00      0.03      0.00      0.00     99.90
Average:         14      0.15      0.00      0.08      0.00      0.00     99.77
Average:         15      0.00      0.00      0.00      0.00      0.00    100.00
Average:         16      0.05      0.00      0.10      0.00      0.00     99.85
Average:         17      0.00      0.00      0.00      0.00      0.00    100.00
Average:         18      0.00      0.00      0.00      0.00      0.00    100.00
Average:         19      0.00      0.00      0.00      0.00      0.00    100.00
Average:         20      0.00      0.00      0.00      0.00      0.00    100.00
Average:         21      0.00      0.00      0.00      0.00      0.00    100.00
Average:         22      0.00      0.00      0.02      0.00      0.00     99.98
Average:         23      0.00      0.00      0.00      0.00      0.00    100.00
Average:         24      0.00      0.00      0.00      0.00      0.00    100.00
Average:         25      0.00      0.00      0.00      0.00      0.00    100.00
Average:         26      0.00      0.00      0.00      0.00      0.00    100.00
Average:         27      0.02      0.00      0.03      0.00      0.00     99.95
Average:         28      0.00      0.00      0.03      0.00      0.00     99.97
Average:         29      0.00      0.00      0.00      0.00      0.00    100.00
Average:         30      0.03      0.00      0.00      0.00      0.00     99.97
Average:         31      0.98      0.00      0.05      0.00      0.00     98.97
