Linux 5.15.0-187-generic (node0.katieyan-315918.ldos-ut-pg0.wisc.cloudlab.us) 	09/14/26 	_x86_64_	(32 CPU)

03:47:03        CPU     %user     %nice   %system   %iowait    %steal     %idle
03:47:04        all      3.25      0.00      0.03      0.00      0.00     96.72
03:47:04          0      0.00      0.00      0.00      0.00      0.00    100.00
03:47:04          1      0.00      0.00      0.00      0.00      0.00    100.00
03:47:04          2      0.00      0.00      0.00      0.00      0.00    100.00
03:47:04          3      0.00      0.00      0.00      0.00      0.00    100.00
03:47:04          4    100.00      0.00      0.00      0.00      0.00      0.00
03:47:04          5      0.00      0.00      0.00      0.00      0.00    100.00
03:47:04          6      0.00      0.00      0.00      0.00      0.00    100.00
03:47:04          7      0.00      0.00      0.00      0.00      0.00    100.00
03:47:04          8      0.00      0.00      0.00      0.00      0.00    100.00
03:47:04          9      0.00      0.00      0.00      0.00      0.00    100.00
03:47:04         10      0.00      0.00      0.00      0.00      0.00    100.00
03:47:04         11      0.00      0.00      0.00      0.00      0.00    100.00
03:47:04         12      0.00      0.00      0.00      0.00      0.00    100.00
03:47:04         13      0.00      0.00      0.00      0.00      0.00    100.00
03:47:04         14      2.00      0.00      0.00      0.00      0.00     98.00
03:47:04         15      0.99      0.00      0.00      0.00      0.00     99.01
03:47:04         16      0.00      0.00      0.00      0.00      0.00    100.00
03:47:04         17      0.00      0.00      0.00      0.00      0.00    100.00
03:47:04         18      0.00      0.00      0.00      0.00      0.00    100.00
03:47:04         19      0.00      0.00      0.00      0.00      0.00    100.00
03:47:04         20      0.00      0.00      0.00      0.00      0.00    100.00
03:47:04         21      0.00      0.00      0.00      0.00      0.00    100.00
03:47:04         22      0.00      0.00      0.00      0.00      0.00    100.00
03:47:04         23      0.00      0.00      0.00      0.00      0.00    100.00
03:47:04         24      0.00      0.00      0.00      0.00      0.00    100.00
03:47:04         25      0.00      0.00      0.00      0.00      0.00    100.00
03:47:04         26      0.00      0.00      0.00      0.00      0.00    100.00
03:47:04         27      0.00      0.00      0.00      0.00      0.00    100.00
03:47:04         28      0.00      0.00      0.00      0.00      0.00    100.00
03:47:04         29      0.00      0.00      0.00      0.00      0.00    100.00
03:47:04         30      0.00      0.00      0.00      0.00      0.00    100.00
03:47:04         31      1.01      0.00      1.01      0.00      0.00     97.98

03:47:04        CPU     %user     %nice   %system   %iowait    %steal     %idle
03:47:05        all      3.25      0.00      0.00      0.00      0.00     96.75
03:47:05          0      0.00      0.00      0.00      0.00      0.00    100.00
03:47:05          1      0.00      0.00      0.00      0.00      0.00    100.00
03:47:05          2      0.00      0.00      0.00      0.00      0.00    100.00
03:47:05          3      0.00      0.00      0.00      0.00      0.00    100.00
03:47:05          4    100.00      0.00      0.00      0.00      0.00      0.00
03:47:05          5      0.00      0.00      0.00      0.00      0.00    100.00
03:47:05          6      0.00      0.00      0.00      0.00      0.00    100.00
03:47:05          7      0.00      0.00      0.00      0.00      0.00    100.00
03:47:05          8      0.00      0.00      0.00      0.00      0.00    100.00
03:47:05          9      0.00      0.00      0.00      0.00      0.00    100.00
03:47:05         10      0.00      0.00      0.00      0.00      0.00    100.00
03:47:05         11      0.00      0.00      0.00      0.00      0.00    100.00
03:47:05         12      0.00      0.00      0.00      0.00      0.00    100.00
03:47:05         13      0.00      0.00      0.00      0.00      0.00    100.00
03:47:05         14      0.00      0.00      0.00      0.00      0.00    100.00
03:47:05         15      0.00      0.00      0.00      0.00      0.00    100.00
03:47:05         16      0.00      0.00      0.00      0.00      0.00    100.00
03:47:05         17      0.00      0.00      0.00      0.00      0.00    100.00
03:47:05         18      0.00      0.00      0.00      0.00      0.00    100.00
03:47:05         19      0.00      0.00      0.00      0.00      0.00    100.00
03:47:05         20      0.00      0.00      0.00      0.00      0.00    100.00
03:47:05         21      0.00      0.00      0.00      0.00      0.00    100.00
03:47:05         22      0.00      0.00      0.00      0.00      0.00    100.00
03:47:05         23      0.00      0.00      0.00      0.00      0.00    100.00
03:47:05         24      0.00      0.00      0.00      0.00      0.00    100.00
03:47:05         25      0.00      0.00      0.00      0.00      0.00    100.00
03:47:05         26      0.00      0.00      0.00      0.00      0.00    100.00
03:47:05         27      0.00      0.00      0.00      0.00      0.00    100.00
03:47:05         28      0.00      0.00      0.00      0.00      0.00    100.00
03:47:05         29      0.00      0.00      0.00      0.00      0.00    100.00
03:47:05         30      0.99      0.00      0.00      0.00      0.00     99.01
03:47:05         31      3.00      0.00      0.00      0.00      0.00     97.00

03:47:05        CPU     %user     %nice   %system   %iowait    %steal     %idle
03:47:06        all      3.25      0.00      0.00      0.00      0.00     96.75
03:47:06          0      0.00      0.00      0.00      0.00      0.00    100.00
03:47:06          1      0.00      0.00      0.00      0.00      0.00    100.00
03:47:06          2      0.00      0.00      0.00      0.00      0.00    100.00
03:47:06          3      0.00      0.00      0.00      0.00      0.00    100.00
03:47:06          4    100.00      0.00      0.00      0.00      0.00      0.00
03:47:06          5      0.00      0.00      0.00      0.00      0.00    100.00
03:47:06          6      0.00      0.00      0.00      0.00      0.00    100.00
03:47:06          7      0.00      0.00      0.00      0.00      0.00    100.00
03:47:06          8      0.00      0.00      0.00      0.00      0.00    100.00
03:47:06          9      0.00      0.00      0.00      0.00      0.00    100.00
03:47:06         10      0.00      0.00      0.00      0.00      0.00    100.00
03:47:06         11      0.00      0.00      0.00      0.00      0.00    100.00
03:47:06         12      0.00      0.00      0.00      0.00      0.00    100.00
03:47:06         13      0.00      0.00      0.00      0.00      0.00    100.00
03:47:06         14      0.00      0.00      0.00      0.00      0.00    100.00
03:47:06         15      0.00      0.00      0.00      0.00      0.00    100.00
03:47:06         16      0.00      0.00      0.00      0.00      0.00    100.00
03:47:06         17      0.00      0.00      0.00      0.00      0.00    100.00
03:47:06         18      0.00      0.00      0.00      0.00      0.00    100.00
03:47:06         19      0.00      0.00      0.00      0.00      0.00    100.00
03:47:06         20      0.00      0.00      0.00      0.00      0.00    100.00
03:47:06         21      0.00      0.00      0.00      0.00      0.00    100.00
03:47:06         22      0.00      0.00      0.00      0.00      0.00    100.00
03:47:06         23      0.00      0.00      0.00      0.00      0.00    100.00
03:47:06         24      0.00      0.00      0.00      0.00      0.00    100.00
03:47:06         25      0.00      0.00      0.00      0.00      0.00    100.00
03:47:06         26      0.00      0.00      0.00      0.00      0.00    100.00
03:47:06         27      0.00      0.00      0.00      0.00      0.00    100.00
03:47:06         28      0.00      0.00      0.00      0.00      0.00    100.00
03:47:06         29      0.00      0.00      0.00      0.00      0.00    100.00
03:47:06         30      0.00      0.00      0.00      0.00      0.00    100.00
03:47:06         31      3.96      0.00      0.00      0.00      0.00     96.04

03:47:06        CPU     %user     %nice   %system   %iowait    %steal     %idle
03:47:07        all      3.41      0.00      0.06      0.00      0.00     96.53
03:47:07          0      2.02      0.00      1.01      0.00      0.00     96.97
03:47:07          1      0.00      0.00      0.00      0.00      0.00    100.00
03:47:07          2      1.00      0.00      0.00      0.00      0.00     99.00
03:47:07          3      0.00      0.00      0.00      0.00      0.00    100.00
03:47:07          4    100.00      0.00      0.00      0.00      0.00      0.00
03:47:07          5      0.00      0.00      0.00      0.00      0.00    100.00
03:47:07          6      0.00      0.00      0.00      0.00      0.00    100.00
03:47:07          7      0.00      0.00      0.00      0.00      0.00    100.00
03:47:07          8      0.00      0.00      0.00      0.00      0.00    100.00
03:47:07          9      0.00      0.00      0.00      0.00      0.00    100.00
03:47:07         10      0.00      0.00      0.00      0.00      0.00    100.00
03:47:07         11      0.00      0.00      0.00      0.00      0.00    100.00
03:47:07         12      0.00      0.00      0.00      0.00      0.00    100.00
03:47:07         13      0.00      0.00      0.00      0.00      0.00    100.00
03:47:07         14      0.00      0.00      0.00      0.00      0.00    100.00
03:47:07         15      1.00      0.00      0.00      0.00      0.00     99.00
03:47:07         16      0.00      0.00      0.00      0.00      0.00    100.00
03:47:07         17      0.00      0.00      0.00      0.00      0.00    100.00
03:47:07         18      0.00      0.00      0.00      0.00      0.00    100.00
03:47:07         19      0.00      0.00      0.00      0.00      0.00    100.00
03:47:07         20      0.00      0.00      0.00      0.00      0.00    100.00
03:47:07         21      0.00      0.00      0.00      0.00      0.00    100.00
03:47:07         22      0.00      0.00      0.00      0.00      0.00    100.00
03:47:07         23      0.00      0.00      0.00      0.00      0.00    100.00
03:47:07         24      0.99      0.00      0.99      0.00      0.00     98.02
03:47:07         25      0.00      0.00      0.00      0.00      0.00    100.00
03:47:07         26      0.00      0.00      0.00      0.00      0.00    100.00
03:47:07         27      0.00      0.00      0.00      0.00      0.00    100.00
03:47:07         28      0.00      0.00      0.00      0.00      0.00    100.00
03:47:07         29      0.00      0.00      0.00      0.00      0.00    100.00
03:47:07         30      0.00      0.00      0.00      0.00      0.00    100.00
03:47:07         31      3.96      0.00      0.00      0.00      0.00     96.04

03:47:07        CPU     %user     %nice   %system   %iowait    %steal     %idle
03:47:08        all      3.28      0.00      0.03      0.00      0.00     96.69
03:47:08          0      0.00      0.00      0.00      0.00      0.00    100.00
03:47:08          1      0.00      0.00      0.00      0.00      0.00    100.00
03:47:08          2      0.00      0.00      0.00      0.00      0.00    100.00
03:47:08          3      0.00      0.00      0.00      0.00      0.00    100.00
03:47:08          4    100.00      0.00      0.00      0.00      0.00      0.00
03:47:08          5      0.00      0.00      0.00      0.00      0.00    100.00
03:47:08          6      0.00      0.00      0.00      0.00      0.00    100.00
03:47:08          7      0.00      0.00      0.00      0.00      0.00    100.00
03:47:08          8      0.00      0.00      0.00      0.00      0.00    100.00
03:47:08          9      0.00      0.00      0.00      0.00      0.00    100.00
03:47:08         10      0.00      0.00      0.00      0.00      0.00    100.00
03:47:08         11      0.00      0.00      0.00      0.00      0.00    100.00
03:47:08         12      0.00      0.00      0.00      0.00      0.00    100.00
03:47:08         13      0.00      0.00      0.00      0.00      0.00    100.00
03:47:08         14      0.00      0.00      0.00      0.00      0.00    100.00
03:47:08         15      1.00      0.00      0.00      0.00      0.00     99.00
03:47:08         16      0.00      0.00      0.00      0.00      0.00    100.00
03:47:08         17      0.00      0.00      0.00      0.00      0.00    100.00
03:47:08         18      0.00      0.00      0.00      0.00      0.00    100.00
03:47:08         19      0.00      0.00      0.00      0.00      0.00    100.00
03:47:08         20      0.00      0.00      0.00      0.00      0.00    100.00
03:47:08         21      0.00      0.00      0.00      0.00      0.00    100.00
03:47:08         22      0.00      0.00      0.00      0.00      0.00    100.00
03:47:08         23      0.00      0.00      0.00      0.00      0.00    100.00
03:47:08         24      0.00      0.00      0.00      0.00      0.00    100.00
03:47:08         25      0.00      0.00      0.00      0.00      0.00    100.00
03:47:08         26      0.00      0.00      0.00      0.00      0.00    100.00
03:47:08         27      0.00      0.00      0.00      0.00      0.00    100.00
03:47:08         28      0.00      0.00      0.00      0.00      0.00    100.00
03:47:08         29      0.00      0.00      0.00      0.00      0.00    100.00
03:47:08         30      0.00      0.00      0.99      0.00      0.00     99.01
03:47:08         31      3.96      0.00      0.00      0.00      0.00     96.04

03:47:08        CPU     %user     %nice   %system   %iowait    %steal     %idle
03:47:09        all      3.22      0.00      0.03      0.00      0.00     96.75
03:47:09          0      0.00      0.00      0.00      0.00      0.00    100.00
03:47:09          1      0.00      0.00      0.00      0.00      0.00    100.00
03:47:09          2      0.00      0.00      0.00      0.00      0.00    100.00
03:47:09          3      0.00      0.00      0.00      0.00      0.00    100.00
03:47:09          4    100.00      0.00      0.00      0.00      0.00      0.00
03:47:09          5      0.00      0.00      0.00      0.00      0.00    100.00
03:47:09          6      0.00      0.00      0.00      0.00      0.00    100.00
03:47:09          7      0.00      0.00      0.00      0.00      0.00    100.00
03:47:09          8      0.00      0.00      0.00      0.00      0.00    100.00
03:47:09          9      0.00      0.00      0.00      0.00      0.00    100.00
03:47:09         10      0.00      0.00      0.00      0.00      0.00    100.00
03:47:09         11      0.00      0.00      0.00      0.00      0.00    100.00
03:47:09         12      0.00      0.00      0.00      0.00      0.00    100.00
03:47:09         13      0.00      0.00      0.00      0.00      0.00    100.00
03:47:09         14      0.00      0.00      0.00      0.00      0.00    100.00
03:47:09         15      0.00      0.00      0.99      0.00      0.00     99.01
03:47:09         16      0.00      0.00      0.00      0.00      0.00    100.00
03:47:09         17      0.00      0.00      0.00      0.00      0.00    100.00
03:47:09         18      0.00      0.00      0.00      0.00      0.00    100.00
03:47:09         19      0.00      0.00      0.00      0.00      0.00    100.00
03:47:09         20      0.00      0.00      0.00      0.00      0.00    100.00
03:47:09         21      0.00      0.00      0.00      0.00      0.00    100.00
03:47:09         22      0.00      0.00      0.00      0.00      0.00    100.00
03:47:09         23      0.00      0.00      0.00      0.00      0.00    100.00
03:47:09         24      0.00      0.00      0.00      0.00      0.00    100.00
03:47:09         25      0.00      0.00      0.00      0.00      0.00    100.00
03:47:09         26      0.00      0.00      0.00      0.00      0.00    100.00
03:47:09         27      0.00      0.00      0.00      0.00      0.00    100.00
03:47:09         28      0.00      0.00      0.00      0.00      0.00    100.00
03:47:09         29      0.00      0.00      0.00      0.00      0.00    100.00
03:47:09         30      0.00      0.00      0.00      0.00      0.00    100.00
03:47:09         31      3.00      0.00      0.00      0.00      0.00     97.00

03:47:09        CPU     %user     %nice   %system   %iowait    %steal     %idle
03:47:10        all      3.22      0.00      0.00      0.00      0.00     96.78
03:47:10          0      0.00      0.00      0.00      0.00      0.00    100.00
03:47:10          1      0.00      0.00      0.00      0.00      0.00    100.00
03:47:10          2      0.00      0.00      0.00      0.00      0.00    100.00
03:47:10          3      0.00      0.00      0.00      0.00      0.00    100.00
03:47:10          4    100.00      0.00      0.00      0.00      0.00      0.00
03:47:10          5      0.00      0.00      0.00      0.00      0.00    100.00
03:47:10          6      0.00      0.00      0.00      0.00      0.00    100.00
03:47:10          7      0.00      0.00      0.00      0.00      0.00    100.00
03:47:10          8      0.00      0.00      0.00      0.00      0.00    100.00
03:47:10          9      0.00      0.00      0.00      0.00      0.00    100.00
03:47:10         10      0.00      0.00      0.00      0.00      0.00    100.00
03:47:10         11      0.00      0.00      0.00      0.00      0.00    100.00
03:47:10         12      0.00      0.00      0.00      0.00      0.00    100.00
03:47:10         13      0.00      0.00      0.00      0.00      0.00    100.00
03:47:10         14      0.00      0.00      0.00      0.00      0.00    100.00
03:47:10         15      0.00      0.00      0.00      0.00      0.00    100.00
03:47:10         16      0.00      0.00      0.00      0.00      0.00    100.00
03:47:10         17      0.00      0.00      0.00      0.00      0.00    100.00
03:47:10         18      0.00      0.00      0.00      0.00      0.00    100.00
03:47:10         19      0.00      0.00      0.00      0.00      0.00    100.00
03:47:10         20      0.00      0.00      0.00      0.00      0.00    100.00
03:47:10         21      0.00      0.00      0.00      0.00      0.00    100.00
03:47:10         22      0.00      0.00      0.00      0.00      0.00    100.00
03:47:10         23      0.00      0.00      0.00      0.00      0.00    100.00
03:47:10         24      0.00      0.00      0.00      0.00      0.00    100.00
03:47:10         25      0.00      0.00      0.00      0.00      0.00    100.00
03:47:10         26      0.00      0.00      0.00      0.00      0.00    100.00
03:47:10         27      0.00      0.00      0.00      0.00      0.00    100.00
03:47:10         28      0.00      0.00      0.00      0.00      0.00    100.00
03:47:10         29      0.00      0.00      0.00      0.00      0.00    100.00
03:47:10         30      0.00      0.00      0.00      0.00      0.00    100.00
03:47:10         31      3.00      0.00      0.00      0.00      0.00     97.00

03:47:10        CPU     %user     %nice   %system   %iowait    %steal     %idle
03:47:11        all      3.25      0.00      0.00      0.00      0.00     96.75
03:47:11          0      0.00      0.00      0.00      0.00      0.00    100.00
03:47:11          1      0.00      0.00      0.00      0.00      0.00    100.00
03:47:11          2      0.00      0.00      0.00      0.00      0.00    100.00
03:47:11          3      0.00      0.00      0.00      0.00      0.00    100.00
03:47:11          4    100.00      0.00      0.00      0.00      0.00      0.00
03:47:11          5      0.00      0.00      0.00      0.00      0.00    100.00
03:47:11          6      0.00      0.00      0.00      0.00      0.00    100.00
03:47:11          7      0.00      0.00      0.00      0.00      0.00    100.00
03:47:11          8      0.00      0.00      0.00      0.00      0.00    100.00
03:47:11          9      0.00      0.00      0.00      0.00      0.00    100.00
03:47:11         10      0.00      0.00      0.00      0.00      0.00    100.00
03:47:11         11      0.00      0.00      0.00      0.00      0.00    100.00
03:47:11         12      0.00      0.00      0.00      0.00      0.00    100.00
03:47:11         13      0.00      0.00      0.00      0.00      0.00    100.00
03:47:11         14      0.00      0.00      0.00      0.00      0.00    100.00
03:47:11         15      0.00      0.00      0.00      0.00      0.00    100.00
03:47:11         16      0.00      0.00      0.00      0.00      0.00    100.00
03:47:11         17      0.00      0.00      0.00      0.00      0.00    100.00
03:47:11         18      0.00      0.00      0.00      0.00      0.00    100.00
03:47:11         19      0.00      0.00      0.00      0.00      0.00    100.00
03:47:11         20      0.00      0.00      0.00      0.00      0.00    100.00
03:47:11         21      0.00      0.00      0.00      0.00      0.00    100.00
03:47:11         22      0.00      0.00      0.00      0.00      0.00    100.00
03:47:11         23      0.00      0.00      0.00      0.00      0.00    100.00
03:47:11         24      0.00      0.00      0.00      0.00      0.00    100.00
03:47:11         25      0.99      0.00      0.00      0.00      0.00     99.01
03:47:11         26      0.00      0.00      0.00      0.00      0.00    100.00
03:47:11         27      0.00      0.00      0.00      0.00      0.00    100.00
03:47:11         28      0.00      0.00      0.00      0.00      0.00    100.00
03:47:11         29      0.00      0.00      0.00      0.00      0.00    100.00
03:47:11         30      0.00      0.00      0.00      0.00      0.00    100.00
03:47:11         31      3.00      0.00      0.00      0.00      0.00     97.00

03:47:11        CPU     %user     %nice   %system   %iowait    %steal     %idle
03:47:12        all      3.25      0.00      0.00      0.00      0.00     96.75
03:47:12          0      0.00      0.00      0.00      0.00      0.00    100.00
03:47:12          1      1.00      0.00      0.00      0.00      0.00     99.00
03:47:12          2      0.00      0.00      0.00      0.00      0.00    100.00
03:47:12          3      0.00      0.00      0.00      0.00      0.00    100.00
03:47:12          4    100.00      0.00      0.00      0.00      0.00      0.00
03:47:12          5      0.00      0.00      0.00      0.00      0.00    100.00
03:47:12          6      0.00      0.00      0.00      0.00      0.00    100.00
03:47:12          7      0.00      0.00      0.00      0.00      0.00    100.00
03:47:12          8      0.00      0.00      0.00      0.00      0.00    100.00
03:47:12          9      0.00      0.00      0.00      0.00      0.00    100.00
03:47:12         10      0.00      0.00      0.00      0.00      0.00    100.00
03:47:12         11      0.00      0.00      0.00      0.00      0.00    100.00
03:47:12         12      0.00      0.00      0.00      0.00      0.00    100.00
03:47:12         13      0.00      0.00      0.00      0.00      0.00    100.00
03:47:12         14      0.00      0.00      0.00      0.00      0.00    100.00
03:47:12         15      0.00      0.00      0.00      0.00      0.00    100.00
03:47:12         16      0.00      0.00      0.00      0.00      0.00    100.00
03:47:12         17      0.00      0.00      0.00      0.00      0.00    100.00
03:47:12         18      0.00      0.00      0.00      0.00      0.00    100.00
03:47:12         19      0.00      0.00      0.00      0.00      0.00    100.00
03:47:12         20      0.00      0.00      0.00      0.00      0.00    100.00
03:47:12         21      0.00      0.00      0.00      0.00      0.00    100.00
03:47:12         22      0.00      0.00      0.00      0.00      0.00    100.00
03:47:12         23      0.00      0.00      0.00      0.00      0.00    100.00
03:47:12         24      0.00      0.00      0.00      0.00      0.00    100.00
03:47:12         25      0.00      0.00      0.00      0.00      0.00    100.00
03:47:12         26      0.00      0.00      0.00      0.00      0.00    100.00
03:47:12         27      0.00      0.00      0.00      0.00      0.00    100.00
03:47:12         28      0.00      0.00      0.00      0.00      0.00    100.00
03:47:12         29      0.00      0.00      0.00      0.00      0.00    100.00
03:47:12         30      0.00      0.00      0.00      0.00      0.00    100.00
03:47:12         31      3.00      0.00      0.00      0.00      0.00     97.00

03:47:12        CPU     %user     %nice   %system   %iowait    %steal     %idle
03:47:13        all      4.19      0.00      0.53      0.00      0.00     95.28
03:47:13          0      0.00      0.00      0.00      0.00      0.00    100.00
03:47:13          1      0.00      0.00      0.00      0.00      0.00    100.00
03:47:13          2      0.00      0.00      0.00      0.00      0.00    100.00
03:47:13          3      0.00      0.00      0.00      0.00      0.00    100.00
03:47:13          4    100.00      0.00      0.00      0.00      0.00      0.00
03:47:13          5      0.00      0.00      0.00      0.00      0.00    100.00
03:47:13          6      0.00      0.00      0.00      0.00      0.00    100.00
03:47:13          7      0.00      0.00      0.00      0.00      0.00    100.00
03:47:13          8      0.00      0.00      0.00      0.00      0.00    100.00
03:47:13          9      0.00      0.00      0.00      0.00      0.00    100.00
03:47:13         10      0.00      0.00      0.00      0.00      0.00    100.00
03:47:13         11      3.00      0.00      0.00      0.00      0.00     97.00
03:47:13         12      0.00      0.00      0.00      0.00      0.00    100.00
03:47:13         13      0.00      0.00      0.00      0.00      0.00    100.00
03:47:13         14      0.00      0.00      0.00      0.00      0.00    100.00
03:47:13         15      0.00      0.00      0.00      0.00      0.00    100.00
03:47:13         16      0.00      0.00      0.00      0.00      0.00    100.00
03:47:13         17      0.00      0.00      0.00      0.00      0.00    100.00
03:47:13         18      0.00      0.00      0.00      0.00      0.00    100.00
03:47:13         19      0.00      0.00      0.00      0.00      0.00    100.00
03:47:13         20      0.00      0.00      0.00      0.00      0.00    100.00
03:47:13         21      0.00      0.00      0.00      0.00      0.00    100.00
03:47:13         22      0.00      0.00      0.00      0.00      0.00    100.00
03:47:13         23      1.00      0.00      0.00      0.00      0.00     99.00
03:47:13         24      0.00      0.00      0.00      0.00      0.00    100.00
03:47:13         25      0.00      0.00      0.00      0.00      0.00    100.00
03:47:13         26      0.00      0.00      0.00      0.00      0.00    100.00
03:47:13         27      0.00      0.00      0.00      0.00      0.00    100.00
03:47:13         28      0.00      0.00      0.00      0.00      0.00    100.00
03:47:13         29      0.00      0.00      0.00      0.00      0.00    100.00
03:47:13         30      0.00      0.00      0.99      0.00      0.00     99.01
03:47:13         31     30.00      0.00     16.00      0.00      0.00     54.00

03:47:13        CPU     %user     %nice   %system   %iowait    %steal     %idle
03:47:14        all      3.22      0.00      0.00      0.00      0.00     96.78
03:47:14          0      0.00      0.00      0.00      0.00      0.00    100.00
03:47:14          1      0.00      0.00      0.00      0.00      0.00    100.00
03:47:14          2      0.00      0.00      0.00      0.00      0.00    100.00
03:47:14          3      0.00      0.00      0.00      0.00      0.00    100.00
03:47:14          4    100.00      0.00      0.00      0.00      0.00      0.00
03:47:14          5      0.00      0.00      0.00      0.00      0.00    100.00
03:47:14          6      0.00      0.00      0.00      0.00      0.00    100.00
03:47:14          7      0.00      0.00      0.00      0.00      0.00    100.00
03:47:14          8      0.00      0.00      0.00      0.00      0.00    100.00
03:47:14          9      0.00      0.00      0.00      0.00      0.00    100.00
03:47:14         10      0.00      0.00      0.00      0.00      0.00    100.00
03:47:14         11      2.97      0.00      0.00      0.00      0.00     97.03
03:47:14         12      0.00      0.00      0.00      0.00      0.00    100.00
03:47:14         13      0.00      0.00      0.00      0.00      0.00    100.00
03:47:14         14      0.00      0.00      0.00      0.00      0.00    100.00
03:47:14         15      0.00      0.00      0.00      0.00      0.00    100.00
03:47:14         16      0.00      0.00      0.00      0.00      0.00    100.00
03:47:14         17      0.00      0.00      0.00      0.00      0.00    100.00
03:47:14         18      0.00      0.00      0.00      0.00      0.00    100.00
03:47:14         19      0.00      0.00      0.00      0.00      0.00    100.00
03:47:14         20      0.00      0.00      0.00      0.00      0.00    100.00
03:47:14         21      0.00      0.00      0.00      0.00      0.00    100.00
03:47:14         22      0.00      0.00      0.00      0.00      0.00    100.00
03:47:14         23      0.00      0.00      0.00      0.00      0.00    100.00
03:47:14         24      0.00      0.00      0.00      0.00      0.00    100.00
03:47:14         25      0.00      0.00      0.00      0.00      0.00    100.00
03:47:14         26      0.00      0.00      0.00      0.00      0.00    100.00
03:47:14         27      0.00      0.00      0.00      0.00      0.00    100.00
03:47:14         28      0.00      0.00      0.00      0.00      0.00    100.00
03:47:14         29      0.00      0.00      0.00      0.00      0.00    100.00
03:47:14         30      0.00      0.00      0.00      0.00      0.00    100.00
03:47:14         31      0.00      0.00      0.00      0.00      0.00    100.00

03:47:14        CPU     %user     %nice   %system   %iowait    %steal     %idle
03:47:15        all      3.41      0.00      0.06      0.00      0.00     96.53
03:47:15          0      2.02      0.00      1.01      0.00      0.00     96.97
03:47:15          1      1.00      0.00      0.00      0.00      0.00     99.00
03:47:15          2      0.00      0.00      0.00      0.00      0.00    100.00
03:47:15          3      0.00      0.00      0.00      0.00      0.00    100.00
03:47:15          4    100.00      0.00      0.00      0.00      0.00      0.00
03:47:15          5      0.00      0.00      0.00      0.00      0.00    100.00
03:47:15          6      0.00      0.00      0.00      0.00      0.00    100.00
03:47:15          7      0.00      0.00      0.00      0.00      0.00    100.00
03:47:15          8      0.00      0.00      0.00      0.00      0.00    100.00
03:47:15          9      0.00      0.00      0.00      0.00      0.00    100.00
03:47:15         10      0.00      0.00      0.00      0.00      0.00    100.00
03:47:15         11      3.00      0.00      0.00      0.00      0.00     97.00
03:47:15         12      0.00      0.00      0.00      0.00      0.00    100.00
03:47:15         13      0.00      0.00      0.00      0.00      0.00    100.00
03:47:15         14      2.00      0.00      0.00      0.00      0.00     98.00
03:47:15         15      0.00      0.00      0.99      0.00      0.00     99.01
03:47:15         16      0.00      0.00      0.00      0.00      0.00    100.00
03:47:15         17      0.00      0.00      0.00      0.00      0.00    100.00
03:47:15         18      0.00      0.00      0.00      0.00      0.00    100.00
03:47:15         19      0.00      0.00      0.00      0.00      0.00    100.00
03:47:15         20      0.00      0.00      0.00      0.00      0.00    100.00
03:47:15         21      0.00      0.00      0.00      0.00      0.00    100.00
03:47:15         22      0.00      0.00      0.00      0.00      0.00    100.00
03:47:15         23      0.00      0.00      0.00      0.00      0.00    100.00
03:47:15         24      0.00      0.00      0.00      0.00      0.00    100.00
03:47:15         25      0.00      0.00      0.00      0.00      0.00    100.00
03:47:15         26      0.00      0.00      0.00      0.00      0.00    100.00
03:47:15         27      0.00      0.00      0.00      0.00      0.00    100.00
03:47:15         28      0.00      0.00      0.00      0.00      0.00    100.00
03:47:15         29      0.00      0.00      0.00      0.00      0.00    100.00
03:47:15         30      1.00      0.00      0.00      0.00      0.00     99.00
03:47:15         31      0.00      0.00      0.00      0.00      0.00    100.00

03:47:15        CPU     %user     %nice   %system   %iowait    %steal     %idle
03:47:16        all      3.28      0.00      0.00      0.00      0.00     96.72
03:47:16          0      0.00      0.00      0.00      0.00      0.00    100.00
03:47:16          1      0.00      0.00      0.00      0.00      0.00    100.00
03:47:16          2      0.00      0.00      0.00      0.00      0.00    100.00
03:47:16          3      0.00      0.00      0.00      0.00      0.00    100.00
03:47:16          4    100.00      0.00      0.00      0.00      0.00      0.00
03:47:16          5      0.00      0.00      0.00      0.00      0.00    100.00
03:47:16          6      0.00      0.00      0.00      0.00      0.00    100.00
03:47:16          7      0.00      0.00      0.00      0.00      0.00    100.00
03:47:16          8      0.00      0.00      0.00      0.00      0.00    100.00
03:47:16          9      0.00      0.00      0.00      0.00      0.00    100.00
03:47:16         10      0.00      0.00      0.00      0.00      0.00    100.00
03:47:16         11      4.90      0.00      0.00      0.00      0.00     95.10
03:47:16         12      0.00      0.00      0.00      0.00      0.00    100.00
03:47:16         13      0.00      0.00      0.00      0.00      0.00    100.00
03:47:16         14      0.00      0.00      0.00      0.00      0.00    100.00
03:47:16         15      0.00      0.00      0.00      0.00      0.00    100.00
03:47:16         16      0.00      0.00      0.00      0.00      0.00    100.00
03:47:16         17      0.00      0.00      0.00      0.00      0.00    100.00
03:47:16         18      0.00      0.00      0.00      0.00      0.00    100.00
03:47:16         19      0.00      0.00      0.00      0.00      0.00    100.00
03:47:16         20      0.00      0.00      0.00      0.00      0.00    100.00
03:47:16         21      0.00      0.00      0.00      0.00      0.00    100.00
03:47:16         22      0.00      0.00      0.00      0.00      0.00    100.00
03:47:16         23      0.00      0.00      0.00      0.00      0.00    100.00
03:47:16         24      0.00      0.00      0.00      0.00      0.00    100.00
03:47:16         25      0.00      0.00      0.00      0.00      0.00    100.00
03:47:16         26      0.00      0.00      0.00      0.00      0.00    100.00
03:47:16         27      0.00      0.00      0.00      0.00      0.00    100.00
03:47:16         28      0.00      0.00      0.00      0.00      0.00    100.00
03:47:16         29      0.00      0.00      0.00      0.00      0.00    100.00
03:47:16         30      0.00      0.00      0.00      0.00      0.00    100.00
03:47:16         31      0.00      0.00      0.00      0.00      0.00    100.00

03:47:16        CPU     %user     %nice   %system   %iowait    %steal     %idle
03:47:17        all      3.25      0.00      0.00      0.00      0.00     96.75
03:47:17          0      0.00      0.00      0.00      0.00      0.00    100.00
03:47:17          1      0.00      0.00      0.00      0.00      0.00    100.00
03:47:17          2      0.00      0.00      0.00      0.00      0.00    100.00
03:47:17          3      0.00      0.00      0.00      0.00      0.00    100.00
03:47:17          4    100.00      0.00      0.00      0.00      0.00      0.00
03:47:17          5      0.00      0.00      0.00      0.00      0.00    100.00
03:47:17          6      0.00      0.00      0.00      0.00      0.00    100.00
03:47:17          7      0.00      0.00      0.00      0.00      0.00    100.00
03:47:17          8      0.00      0.00      0.00      0.00      0.00    100.00
03:47:17          9      0.00      0.00      0.00      0.00      0.00    100.00
03:47:17         10      0.00      0.00      0.00      0.00      0.00    100.00
03:47:17         11      3.00      0.00      0.00      0.00      0.00     97.00
03:47:17         12      0.00      0.00      0.00      0.00      0.00    100.00
03:47:17         13      0.00      0.00      0.00      0.00      0.00    100.00
03:47:17         14      0.00      0.00      0.00      0.00      0.00    100.00
03:47:17         15      0.00      0.00      0.00      0.00      0.00    100.00
03:47:17         16      0.00      0.00      0.00      0.00      0.00    100.00
03:47:17         17      0.00      0.00      0.00      0.00      0.00    100.00
03:47:17         18      0.00      0.00      0.00      0.00      0.00    100.00
03:47:17         19      0.00      0.00      0.00      0.00      0.00    100.00
03:47:17         20      0.00      0.00      0.00      0.00      0.00    100.00
03:47:17         21      0.00      0.00      0.00      0.00      0.00    100.00
03:47:17         22      0.00      0.00      0.00      0.00      0.00    100.00
03:47:17         23      0.99      0.00      0.00      0.00      0.00     99.01
03:47:17         24      0.00      0.00      0.00      0.00      0.00    100.00
03:47:17         25      0.00      0.00      0.00      0.00      0.00    100.00
03:47:17         26      0.00      0.00      0.00      0.00      0.00    100.00
03:47:17         27      0.00      0.00      0.00      0.00      0.00    100.00
03:47:17         28      0.00      0.00      0.00      0.00      0.00    100.00
03:47:17         29      0.00      0.00      0.00      0.00      0.00    100.00
03:47:17         30      0.00      0.00      0.00      0.00      0.00    100.00
03:47:17         31      0.00      0.00      0.00      0.00      0.00    100.00

03:47:17        CPU     %user     %nice   %system   %iowait    %steal     %idle
03:47:18        all      4.04      0.00      0.63      0.00      0.00     95.33
03:47:18          0      0.00      0.00      1.00      0.00      0.00     99.00
03:47:18          1      0.00      0.00      0.00      0.00      0.00    100.00
03:47:18          2      0.00      0.00      0.00      0.00      0.00    100.00
03:47:18          3      0.00      0.00      0.00      0.00      0.00    100.00
03:47:18          4    100.00      0.00      0.00      0.00      0.00      0.00
03:47:18          5      0.00      0.00      0.00      0.00      0.00    100.00
03:47:18          6      0.00      0.00      0.00      0.00      0.00    100.00
03:47:18          7      0.00      0.00      0.00      0.00      0.00    100.00
03:47:18          8      0.00      0.00      0.00      0.00      0.00    100.00
03:47:18          9      0.00      0.00      0.00      0.00      0.00    100.00
03:47:18         10      0.00      0.00      0.00      0.00      0.00    100.00
03:47:18         11      2.02      0.00      0.00      0.00      0.00     97.98
03:47:18         12      0.00      0.00      0.00      0.00      0.00    100.00
03:47:18         13      0.00      0.00      0.00      0.00      0.00    100.00
03:47:18         14      0.00      0.00      0.00      0.00      0.00    100.00
03:47:18         15     24.24      0.00     16.16      0.00      0.00     59.60
03:47:18         16      0.00      0.00      0.00      0.00      0.00    100.00
03:47:18         17      0.00      0.00      0.00      0.00      0.00    100.00
03:47:18         18      0.00      0.00      0.00      0.00      0.00    100.00
03:47:18         19      0.00      0.00      0.00      0.00      0.00    100.00
03:47:18         20      0.00      0.00      0.99      0.00      0.00     99.01
03:47:18         21      0.00      0.00      0.00      0.00      0.00    100.00
03:47:18         22      0.00      0.00      0.00      0.00      0.00    100.00
03:47:18         23      0.00      0.00      0.99      0.00      0.00     99.01
03:47:18         24      0.00      0.00      0.00      0.00      0.00    100.00
03:47:18         25      0.00      0.00      0.00      0.00      0.00    100.00
03:47:18         26      0.00      0.00      0.00      0.00      0.00    100.00
03:47:18         27      0.00      0.00      0.00      0.00      0.00    100.00
03:47:18         28      0.00      0.00      0.00      0.00      0.00    100.00
03:47:18         29      0.00      0.00      0.00      0.00      0.00    100.00
03:47:18         30      0.00      0.00      0.00      0.00      0.00    100.00
03:47:18         31      3.03      0.00      1.01      0.00      0.00     95.96

03:47:18        CPU     %user     %nice   %system   %iowait    %steal     %idle
03:47:19        all      3.19      0.00      0.00      0.00      0.00     96.81
03:47:19          0      0.00      0.00      0.00      0.00      0.00    100.00
03:47:19          1      0.00      0.00      0.00      0.00      0.00    100.00
03:47:19          2      0.00      0.00      0.00      0.00      0.00    100.00
03:47:19          3      0.00      0.00      0.00      0.00      0.00    100.00
03:47:19          4    100.00      0.00      0.00      0.00      0.00      0.00
03:47:19          5      0.00      0.00      0.00      0.00      0.00    100.00
03:47:19          6      0.00      0.00      0.00      0.00      0.00    100.00
03:47:19          7      0.00      0.00      0.00      0.00      0.00    100.00
03:47:19          8      0.00      0.00      0.00      0.00      0.00    100.00
03:47:19          9      0.00      0.00      0.00      0.00      0.00    100.00
03:47:19         10      0.00      0.00      0.00      0.00      0.00    100.00
03:47:19         11      2.02      0.00      0.00      0.00      0.00     97.98
03:47:19         12      0.00      0.00      0.00      0.00      0.00    100.00
03:47:19         13      0.00      0.00      0.00      0.00      0.00    100.00
03:47:19         14      0.00      0.00      0.00      0.00      0.00    100.00
03:47:19         15      0.00      0.00      0.00      0.00      0.00    100.00
03:47:19         16      0.00      0.00      0.00      0.00      0.00    100.00
03:47:19         17      0.00      0.00      0.00      0.00      0.00    100.00
03:47:19         18      0.00      0.00      0.00      0.00      0.00    100.00
03:47:19         19      0.00      0.00      0.00      0.00      0.00    100.00
03:47:19         20      0.00      0.00      0.00      0.00      0.00    100.00
03:47:19         21      0.00      0.00      0.00      0.00      0.00    100.00
03:47:19         22      0.00      0.00      0.00      0.00      0.00    100.00
03:47:19         23      0.00      0.00      0.00      0.00      0.00    100.00
03:47:19         24      0.00      0.00      0.00      0.00      0.00    100.00
03:47:19         25      0.00      0.00      0.00      0.00      0.00    100.00
03:47:19         26      0.00      0.00      0.00      0.00      0.00    100.00
03:47:19         27      0.00      0.00      0.00      0.00      0.00    100.00
03:47:19         28      0.00      0.00      0.00      0.00      0.00    100.00
03:47:19         29      0.00      0.00      0.00      0.00      0.00    100.00
03:47:19         30      0.00      0.00      0.00      0.00      0.00    100.00
03:47:19         31      0.00      0.00      0.00      0.00      0.00    100.00

03:47:19        CPU     %user     %nice   %system   %iowait    %steal     %idle
03:47:20        all      3.22      0.00      0.03      0.00      0.00     96.75
03:47:20          0      0.00      0.00      0.00      0.00      0.00    100.00
03:47:20          1      0.00      0.00      0.00      0.00      0.00    100.00
03:47:20          2      0.00      0.00      0.00      0.00      0.00    100.00
03:47:20          3      0.00      0.00      0.00      0.00      0.00    100.00
03:47:20          4    100.00      0.00      0.00      0.00      0.00      0.00
03:47:20          5      0.00      0.00      0.00      0.00      0.00    100.00
03:47:20          6      0.00      0.00      0.00      0.00      0.00    100.00
03:47:20          7      0.00      0.00      0.00      0.00      0.00    100.00
03:47:20          8      0.00      0.00      0.00      0.00      0.00    100.00
03:47:20          9      0.00      0.00      0.00      0.00      0.00    100.00
03:47:20         10      0.00      0.00      0.00      0.00      0.00    100.00
03:47:20         11      3.00      0.00      0.00      0.00      0.00     97.00
03:47:20         12      0.00      0.00      0.00      0.00      0.00    100.00
03:47:20         13      0.00      0.00      0.00      0.00      0.00    100.00
03:47:20         14      0.00      0.00      0.00      0.00      0.00    100.00
03:47:20         15      0.00      0.00      0.99      0.00      0.00     99.01
03:47:20         16      0.00      0.00      0.00      0.00      0.00    100.00
03:47:20         17      0.00      0.00      0.00      0.00      0.00    100.00
03:47:20         18      0.00      0.00      0.00      0.00      0.00    100.00
03:47:20         19      0.00      0.00      0.00      0.00      0.00    100.00
03:47:20         20      0.00      0.00      0.00      0.00      0.00    100.00
03:47:20         21      0.00      0.00      0.00      0.00      0.00    100.00
03:47:20         22      0.00      0.00      0.00      0.00      0.00    100.00
03:47:20         23      0.00      0.00      0.00      0.00      0.00    100.00
03:47:20         24      0.00      0.00      0.00      0.00      0.00    100.00
03:47:20         25      0.00      0.00      0.00      0.00      0.00    100.00
03:47:20         26      0.00      0.00      0.00      0.00      0.00    100.00
03:47:20         27      0.00      0.00      0.00      0.00      0.00    100.00
03:47:20         28      0.00      0.00      0.00      0.00      0.00    100.00
03:47:20         29      0.00      0.00      0.00      0.00      0.00    100.00
03:47:20         30      0.00      0.00      0.00      0.00      0.00    100.00
03:47:20         31      0.00      0.00      0.00      0.00      0.00    100.00

03:47:20        CPU     %user     %nice   %system   %iowait    %steal     %idle
03:47:21        all      3.25      0.00      0.00      0.00      0.00     96.75
03:47:21          0      0.00      0.00      0.00      0.00      0.00    100.00
03:47:21          1      0.00      0.00      0.00      0.00      0.00    100.00
03:47:21          2      0.00      0.00      0.00      0.00      0.00    100.00
03:47:21          3      0.00      0.00      0.00      0.00      0.00    100.00
03:47:21          4    100.00      0.00      0.00      0.00      0.00      0.00
03:47:21          5      0.00      0.00      0.00      0.00      0.00    100.00
03:47:21          6      0.00      0.00      0.00      0.00      0.00    100.00
03:47:21          7      0.00      0.00      0.00      0.00      0.00    100.00
03:47:21          8      0.00      0.00      0.00      0.00      0.00    100.00
03:47:21          9      0.00      0.00      0.00      0.00      0.00    100.00
03:47:21         10      0.00      0.00      0.00      0.00      0.00    100.00
03:47:21         11      3.00      0.00      0.00      0.00      0.00     97.00
03:47:21         12      0.00      0.00      0.00      0.00      0.00    100.00
03:47:21         13      0.00      0.00      0.00      0.00      0.00    100.00
03:47:21         14      0.00      0.00      0.00      0.00      0.00    100.00
03:47:21         15      0.00      0.00      0.00      0.00      0.00    100.00
03:47:21         16      0.00      0.00      0.00      0.00      0.00    100.00
03:47:21         17      0.00      0.00      0.00      0.00      0.00    100.00
03:47:21         18      0.00      0.00      0.00      0.00      0.00    100.00
03:47:21         19      0.00      0.00      0.00      0.00      0.00    100.00
03:47:21         20      0.00      0.00      0.00      0.00      0.00    100.00
03:47:21         21      0.00      0.00      0.00      0.00      0.00    100.00
03:47:21         22      0.00      0.00      0.00      0.00      0.00    100.00
03:47:21         23      0.00      0.00      0.00      0.00      0.00    100.00
03:47:21         24      0.00      0.00      0.00      0.00      0.00    100.00
03:47:21         25      0.00      0.00      0.00      0.00      0.00    100.00
03:47:21         26      0.00      0.00      0.00      0.00      0.00    100.00
03:47:21         27      1.00      0.00      0.00      0.00      0.00     99.00
03:47:21         28      0.00      0.00      0.00      0.00      0.00    100.00
03:47:21         29      0.00      0.00      0.00      0.00      0.00    100.00
03:47:21         30      0.00      0.00      0.00      0.00      0.00    100.00
03:47:21         31      0.00      0.00      0.00      0.00      0.00    100.00

03:47:21        CPU     %user     %nice   %system   %iowait    %steal     %idle
03:47:22        all      3.19      0.00      0.00      0.00      0.00     96.81
03:47:22          0      0.00      0.00      0.00      0.00      0.00    100.00
03:47:22          1      0.00      0.00      0.00      0.00      0.00    100.00
03:47:22          2      0.00      0.00      0.00      0.00      0.00    100.00
03:47:22          3      0.00      0.00      0.00      0.00      0.00    100.00
03:47:22          4    100.00      0.00      0.00      0.00      0.00      0.00
03:47:22          5      0.00      0.00      0.00      0.00      0.00    100.00
03:47:22          6      0.00      0.00      0.00      0.00      0.00    100.00
03:47:22          7      0.00      0.00      0.00      0.00      0.00    100.00
03:47:22          8      0.00      0.00      0.00      0.00      0.00    100.00
03:47:22          9      0.00      0.00      0.00      0.00      0.00    100.00
03:47:22         10      0.00      0.00      0.00      0.00      0.00    100.00
03:47:22         11      2.02      0.00      0.00      0.00      0.00     97.98
03:47:22         12      0.00      0.00      0.00      0.00      0.00    100.00
03:47:22         13      0.00      0.00      0.00      0.00      0.00    100.00
03:47:22         14      0.00      0.00      0.00      0.00      0.00    100.00
03:47:22         15      0.00      0.00      0.00      0.00      0.00    100.00
03:47:22         16      0.00      0.00      0.00      0.00      0.00    100.00
03:47:22         17      0.00      0.00      0.00      0.00      0.00    100.00
03:47:22         18      0.00      0.00      0.00      0.00      0.00    100.00
03:47:22         19      0.00      0.00      0.00      0.00      0.00    100.00
03:47:22         20      0.00      0.00      0.00      0.00      0.00    100.00
03:47:22         21      0.00      0.00      0.00      0.00      0.00    100.00
03:47:22         22      0.00      0.00      0.00      0.00      0.00    100.00
03:47:22         23      0.00      0.00      0.00      0.00      0.00    100.00
03:47:22         24      0.00      0.00      0.00      0.00      0.00    100.00
03:47:22         25      0.00      0.00      0.00      0.00      0.00    100.00
03:47:22         26      0.00      0.00      0.00      0.00      0.00    100.00
03:47:22         27      0.00      0.00      0.00      0.00      0.00    100.00
03:47:22         28      0.00      0.00      0.00      0.00      0.00    100.00
03:47:22         29      0.00      0.00      0.00      0.00      0.00    100.00
03:47:22         30      0.00      0.00      0.00      0.00      0.00    100.00
03:47:22         31      0.00      0.00      0.00      0.00      0.00    100.00

03:47:22        CPU     %user     %nice   %system   %iowait    %steal     %idle
03:47:23        all      4.01      0.00      0.66      0.00      0.00     95.33
03:47:23          0      0.00      0.00      0.00      0.00      0.00    100.00
03:47:23          1      0.00      0.00      0.00      0.00      0.00    100.00
03:47:23          2      0.00      0.00      0.00      0.00      0.00    100.00
03:47:23          3      0.00      0.00      0.00      0.00      0.00    100.00
03:47:23          4    100.00      0.00      0.00      0.00      0.00      0.00
03:47:23          5      0.00      0.00      0.00      0.00      0.00    100.00
03:47:23          6      0.00      0.00      0.00      0.00      0.00    100.00
03:47:23          7      0.00      0.00      0.00      0.00      0.00    100.00
03:47:23          8      0.00      0.00      0.00      0.00      0.00    100.00
03:47:23          9      0.00      0.00      0.00      0.00      0.00    100.00
03:47:23         10      0.00      0.00      0.00      0.00      0.00    100.00
03:47:23         11      3.00      0.00      0.00      0.00      0.00     97.00
03:47:23         12      0.00      0.00      0.00      0.00      0.00    100.00
03:47:23         13      0.00      0.00      0.00      0.00      0.00    100.00
03:47:23         14      0.00      0.00      0.00      0.00      0.00    100.00
03:47:23         15      0.00      0.00      0.00      0.00      0.00    100.00
03:47:23         16      0.00      0.00      0.00      0.00      0.00    100.00
03:47:23         17      0.00      0.00      0.00      0.00      0.00    100.00
03:47:23         18      0.00      0.00      0.00      0.00      0.00    100.00
03:47:23         19      0.00      0.00      0.00      0.00      0.00    100.00
03:47:23         20      0.00      0.00      0.00      0.00      0.00    100.00
03:47:23         21      0.00      0.00      0.00      0.00      0.00    100.00
03:47:23         22      0.00      0.00      0.00      0.00      0.00    100.00
03:47:23         23      0.00      0.00      0.00      0.00      0.00    100.00
03:47:23         24      0.00      0.00      0.00      0.00      0.00    100.00
03:47:23         25      0.00      0.00      0.00      0.00      0.00    100.00
03:47:23         26      0.00      0.00      0.00      0.00      0.00    100.00
03:47:23         27      0.00      0.00      0.00      0.00      0.00    100.00
03:47:23         28      0.00      0.00      0.00      0.00      0.00    100.00
03:47:23         29      0.00      0.00      0.00      0.00      0.00    100.00
03:47:23         30      0.00      0.00      0.00      0.00      0.00    100.00
03:47:23         31     25.00      0.00     21.00      0.00      0.00     54.00

03:47:23        CPU     %user     %nice   %system   %iowait    %steal     %idle
03:47:24        all      3.22      0.00      0.00      0.00      0.00     96.78
03:47:24          0      0.00      0.00      0.00      0.00      0.00    100.00
03:47:24          1      0.00      0.00      0.00      0.00      0.00    100.00
03:47:24          2      0.00      0.00      0.00      0.00      0.00    100.00
03:47:24          3      0.00      0.00      0.00      0.00      0.00    100.00
03:47:24          4    100.00      0.00      0.00      0.00      0.00      0.00
03:47:24          5      0.00      0.00      0.00      0.00      0.00    100.00
03:47:24          6      0.00      0.00      0.00      0.00      0.00    100.00
03:47:24          7      0.00      0.00      0.00      0.00      0.00    100.00
03:47:24          8      0.00      0.00      0.00      0.00      0.00    100.00
03:47:24          9      0.00      0.00      0.00      0.00      0.00    100.00
03:47:24         10      0.00      0.00      0.00      0.00      0.00    100.00
03:47:24         11      3.00      0.00      0.00      0.00      0.00     97.00
03:47:24         12      0.00      0.00      0.00      0.00      0.00    100.00
03:47:24         13      0.00      0.00      0.00      0.00      0.00    100.00
03:47:24         14      0.00      0.00      0.00      0.00      0.00    100.00
03:47:24         15      0.00      0.00      0.00      0.00      0.00    100.00
03:47:24         16      0.00      0.00      0.00      0.00      0.00    100.00
03:47:24         17      0.00      0.00      0.00      0.00      0.00    100.00
03:47:24         18      0.00      0.00      0.00      0.00      0.00    100.00
03:47:24         19      0.00      0.00      0.00      0.00      0.00    100.00
03:47:24         20      0.00      0.00      0.00      0.00      0.00    100.00
03:47:24         21      0.00      0.00      0.00      0.00      0.00    100.00
03:47:24         22      0.00      0.00      0.00      0.00      0.00    100.00
03:47:24         23      0.00      0.00      0.00      0.00      0.00    100.00
03:47:24         24      0.00      0.00      0.00      0.00      0.00    100.00
03:47:24         25      0.00      0.00      0.00      0.00      0.00    100.00
03:47:24         26      0.00      0.00      0.00      0.00      0.00    100.00
03:47:24         27      0.00      0.00      0.00      0.00      0.00    100.00
03:47:24         28      0.00      0.00      0.00      0.00      0.00    100.00
03:47:24         29      0.00      0.00      0.00      0.00      0.00    100.00
03:47:24         30      0.00      0.00      0.00      0.00      0.00    100.00
03:47:24         31      0.00      0.00      0.00      0.00      0.00    100.00

03:47:24        CPU     %user     %nice   %system   %iowait    %steal     %idle
03:47:25        all      3.22      0.00      0.03      0.00      0.00     96.75
03:47:25          0      0.00      0.00      0.00      0.00      0.00    100.00
03:47:25          1      0.00      0.00      0.00      0.00      0.00    100.00
03:47:25          2      0.00      0.00      0.00      0.00      0.00    100.00
03:47:25          3      0.00      0.00      0.00      0.00      0.00    100.00
03:47:25          4    100.00      0.00      0.00      0.00      0.00      0.00
03:47:25          5      0.00      0.00      0.00      0.00      0.00    100.00
03:47:25          6      0.00      0.00      0.00      0.00      0.00    100.00
03:47:25          7      0.00      0.00      0.00      0.00      0.00    100.00
03:47:25          8      0.00      0.00      0.00      0.00      0.00    100.00
03:47:25          9      0.00      0.00      0.00      0.00      0.00    100.00
03:47:25         10      0.00      0.00      0.00      0.00      0.00    100.00
03:47:25         11      3.00      0.00      0.00      0.00      0.00     97.00
03:47:25         12      0.00      0.00      0.00      0.00      0.00    100.00
03:47:25         13      0.00      0.00      0.00      0.00      0.00    100.00
03:47:25         14      0.00      0.00      0.00      0.00      0.00    100.00
03:47:25         15      0.00      0.00      0.00      0.00      0.00    100.00
03:47:25         16      0.00      0.00      0.00      0.00      0.00    100.00
03:47:25         17      0.00      0.00      0.00      0.00      0.00    100.00
03:47:25         18      0.00      0.00      0.00      0.00      0.00    100.00
03:47:25         19      0.00      0.00      0.00      0.00      0.00    100.00
03:47:25         20      0.00      0.00      0.00      0.00      0.00    100.00
03:47:25         21      0.00      0.00      0.00      0.00      0.00    100.00
03:47:25         22      0.00      0.00      0.00      0.00      0.00    100.00
03:47:25         23      0.00      0.00      0.00      0.00      0.00    100.00
03:47:25         24      0.00      0.00      0.00      0.00      0.00    100.00
03:47:25         25      0.00      0.00      0.00      0.00      0.00    100.00
03:47:25         26      0.00      0.00      0.00      0.00      0.00    100.00
03:47:25         27      0.00      0.00      0.00      0.00      0.00    100.00
03:47:25         28      0.00      0.00      0.00      0.00      0.00    100.00
03:47:25         29      0.00      0.00      0.00      0.00      0.00    100.00
03:47:25         30      0.00      0.00      0.99      0.00      0.00     99.01
03:47:25         31      0.00      0.00      0.00      0.00      0.00    100.00

03:47:25        CPU     %user     %nice   %system   %iowait    %steal     %idle
03:47:26        all      3.28      0.00      0.00      0.00      0.00     96.72
03:47:26          0      0.00      0.00      0.00      0.00      0.00    100.00
03:47:26          1      0.00      0.00      0.00      0.00      0.00    100.00
03:47:26          2      0.00      0.00      0.00      0.00      0.00    100.00
03:47:26          3      0.00      0.00      0.00      0.00      0.00    100.00
03:47:26          4    100.00      0.00      0.00      0.00      0.00      0.00
03:47:26          5      0.00      0.00      0.00      0.00      0.00    100.00
03:47:26          6      0.00      0.00      0.00      0.00      0.00    100.00
03:47:26          7      0.00      0.00      0.00      0.00      0.00    100.00
03:47:26          8      0.00      0.00      0.00      0.00      0.00    100.00
03:47:26          9      0.00      0.00      0.00      0.00      0.00    100.00
03:47:26         10      0.00      0.00      0.00      0.00      0.00    100.00
03:47:26         11      3.00      0.00      0.00      0.00      0.00     97.00
03:47:26         12      0.00      0.00      0.00      0.00      0.00    100.00
03:47:26         13      0.00      0.00      0.00      0.00      0.00    100.00
03:47:26         14      0.00      0.00      0.00      0.00      0.00    100.00
03:47:26         15      0.00      0.00      0.00      0.00      0.00    100.00
03:47:26         16      1.00      0.00      0.00      0.00      0.00     99.00
03:47:26         17      0.00      0.00      0.00      0.00      0.00    100.00
03:47:26         18      0.00      0.00      0.00      0.00      0.00    100.00
03:47:26         19      0.00      0.00      0.00      0.00      0.00    100.00
03:47:26         20      0.00      0.00      0.00      0.00      0.00    100.00
03:47:26         21      0.00      0.00      0.00      0.00      0.00    100.00
03:47:26         22      0.99      0.00      0.00      0.00      0.00     99.01
03:47:26         23      0.00      0.00      0.00      0.00      0.00    100.00
03:47:26         24      0.00      0.00      0.00      0.00      0.00    100.00
03:47:26         25      0.00      0.00      0.00      0.00      0.00    100.00
03:47:26         26      0.00      0.00      0.00      0.00      0.00    100.00
03:47:26         27      0.00      0.00      0.00      0.00      0.00    100.00
03:47:26         28      0.00      0.00      0.00      0.00      0.00    100.00
03:47:26         29      0.00      0.00      0.00      0.00      0.00    100.00
03:47:26         30      0.00      0.00      0.00      0.00      0.00    100.00
03:47:26         31      0.00      0.00      0.00      0.00      0.00    100.00

03:47:26        CPU     %user     %nice   %system   %iowait    %steal     %idle
03:47:27        all      3.19      0.00      0.00      0.00      0.00     96.81
03:47:27          0      0.00      0.00      0.00      0.00      0.00    100.00
03:47:27          1      0.00      0.00      0.00      0.00      0.00    100.00
03:47:27          2      0.00      0.00      0.00      0.00      0.00    100.00
03:47:27          3      0.00      0.00      0.00      0.00      0.00    100.00
03:47:27          4    100.00      0.00      0.00      0.00      0.00      0.00
03:47:27          5      0.00      0.00      0.00      0.00      0.00    100.00
03:47:27          6      0.00      0.00      0.00      0.00      0.00    100.00
03:47:27          7      0.00      0.00      0.00      0.00      0.00    100.00
03:47:27          8      0.00      0.00      0.00      0.00      0.00    100.00
03:47:27          9      0.00      0.00      0.00      0.00      0.00    100.00
03:47:27         10      0.00      0.00      0.00      0.00      0.00    100.00
03:47:27         11      2.02      0.00      0.00      0.00      0.00     97.98
03:47:27         12      0.00      0.00      0.00      0.00      0.00    100.00
03:47:27         13      0.00      0.00      0.00      0.00      0.00    100.00
03:47:27         14      0.00      0.00      0.00      0.00      0.00    100.00
03:47:27         15      0.00      0.00      0.00      0.00      0.00    100.00
03:47:27         16      0.00      0.00      0.00      0.00      0.00    100.00
03:47:27         17      0.00      0.00      0.00      0.00      0.00    100.00
03:47:27         18      0.00      0.00      0.00      0.00      0.00    100.00
03:47:27         19      0.00      0.00      0.00      0.00      0.00    100.00
03:47:27         20      0.00      0.00      0.00      0.00      0.00    100.00
03:47:27         21      0.00      0.00      0.00      0.00      0.00    100.00
03:47:27         22      0.00      0.00      0.00      0.00      0.00    100.00
03:47:27         23      0.00      0.00      0.00      0.00      0.00    100.00
03:47:27         24      0.00      0.00      0.00      0.00      0.00    100.00
03:47:27         25      0.00      0.00      0.00      0.00      0.00    100.00
03:47:27         26      0.00      0.00      0.00      0.00      0.00    100.00
03:47:27         27      0.00      0.00      0.00      0.00      0.00    100.00
03:47:27         28      0.00      0.00      0.00      0.00      0.00    100.00
03:47:27         29      0.00      0.00      0.00      0.00      0.00    100.00
03:47:27         30      0.00      0.00      0.00      0.00      0.00    100.00
03:47:27         31      0.00      0.00      0.00      0.00      0.00    100.00

03:47:27        CPU     %user     %nice   %system   %iowait    %steal     %idle
03:47:28        all      4.10      0.00      0.66      0.00      0.00     95.24
03:47:28          0      0.00      0.00      0.00      0.00      0.00    100.00
03:47:28          1      0.00      0.00      0.00      0.00      0.00    100.00
03:47:28          2      0.00      0.00      0.00      0.00      0.00    100.00
03:47:28          3      0.00      0.00      0.00      0.00      0.00    100.00
03:47:28          4    100.00      0.00      0.00      0.00      0.00      0.00
03:47:28          5      0.00      0.00      0.00      0.00      0.00    100.00
03:47:28          6      0.00      0.00      0.00      0.00      0.00    100.00
03:47:28          7      0.00      0.00      0.00      0.00      0.00    100.00
03:47:28          8      0.00      0.00      0.00      0.00      0.00    100.00
03:47:28          9      0.00      0.00      0.00      0.00      0.00    100.00
03:47:28         10      0.00      0.00      0.00      0.00      0.00    100.00
03:47:28         11      3.96      0.00      0.00      0.00      0.00     96.04
03:47:28         12      0.00      0.00      0.00      0.00      0.00    100.00
03:47:28         13      0.00      0.00      0.00      0.00      0.00    100.00
03:47:28         14      0.00      0.00      0.00      0.00      0.00    100.00
03:47:28         15      0.00      0.00      1.00      0.00      0.00     99.00
03:47:28         16      0.00      0.00      0.00      0.00      0.00    100.00
03:47:28         17      0.00      0.00      0.00      0.00      0.00    100.00
03:47:28         18      0.00      0.00      0.00      0.00      0.00    100.00
03:47:28         19      0.00      0.00      0.00      0.00      0.00    100.00
03:47:28         20      0.00      0.00      0.00      0.00      0.00    100.00
03:47:28         21      0.00      0.00      0.00      0.00      0.00    100.00
03:47:28         22      0.00      0.00      0.00      0.00      0.00    100.00
03:47:28         23      0.00      0.00      0.00      0.00      0.00    100.00
03:47:28         24      0.00      0.00      0.00      0.00      0.00    100.00
03:47:28         25      0.00      0.00      0.00      0.00      0.00    100.00
03:47:28         26      0.00      0.00      0.00      0.00      0.00    100.00
03:47:28         27      0.00      0.00      0.00      0.00      0.00    100.00
03:47:28         28      0.00      0.00      0.00      0.00      0.00    100.00
03:47:28         29      0.00      0.00      0.00      0.00      0.00    100.00
03:47:28         30      0.00      0.00      1.00      0.00      0.00     99.00
03:47:28         31     27.00      0.00     19.00      0.00      0.00     54.00

03:47:28        CPU     %user     %nice   %system   %iowait    %steal     %idle
03:47:29        all      3.22      0.00      0.00      0.00      0.00     96.78
03:47:29          0      0.00      0.00      0.00      0.00      0.00    100.00
03:47:29          1      0.00      0.00      0.00      0.00      0.00    100.00
03:47:29          2      0.00      0.00      0.00      0.00      0.00    100.00
03:47:29          3      0.00      0.00      0.00      0.00      0.00    100.00
03:47:29          4    100.00      0.00      0.00      0.00      0.00      0.00
03:47:29          5      0.00      0.00      0.00      0.00      0.00    100.00
03:47:29          6      0.00      0.00      0.00      0.00      0.00    100.00
03:47:29          7      0.00      0.00      0.00      0.00      0.00    100.00
03:47:29          8      0.00      0.00      0.00      0.00      0.00    100.00
03:47:29          9      0.00      0.00      0.00      0.00      0.00    100.00
03:47:29         10      0.00      0.00      0.00      0.00      0.00    100.00
03:47:29         11      3.00      0.00      0.00      0.00      0.00     97.00
03:47:29         12      0.00      0.00      0.00      0.00      0.00    100.00
03:47:29         13      0.00      0.00      0.00      0.00      0.00    100.00
03:47:29         14      0.00      0.00      0.00      0.00      0.00    100.00
03:47:29         15      0.00      0.00      0.00      0.00      0.00    100.00
03:47:29         16      0.00      0.00      0.00      0.00      0.00    100.00
03:47:29         17      0.00      0.00      0.00      0.00      0.00    100.00
03:47:29         18      0.00      0.00      0.00      0.00      0.00    100.00
03:47:29         19      0.00      0.00      0.00      0.00      0.00    100.00
03:47:29         20      0.00      0.00      0.00      0.00      0.00    100.00
03:47:29         21      0.00      0.00      0.00      0.00      0.00    100.00
03:47:29         22      0.00      0.00      0.00      0.00      0.00    100.00
03:47:29         23      0.00      0.00      0.00      0.00      0.00    100.00
03:47:29         24      0.00      0.00      0.00      0.00      0.00    100.00
03:47:29         25      0.00      0.00      0.00      0.00      0.00    100.00
03:47:29         26      0.00      0.00      0.00      0.00      0.00    100.00
03:47:29         27      0.00      0.00      0.00      0.00      0.00    100.00
03:47:29         28      0.00      0.00      0.00      0.00      0.00    100.00
03:47:29         29      0.00      0.00      0.00      0.00      0.00    100.00
03:47:29         30      0.00      0.00      0.00      0.00      0.00    100.00
03:47:29         31      0.00      0.00      0.00      0.00      0.00    100.00

03:47:29        CPU     %user     %nice   %system   %iowait    %steal     %idle
03:47:30        all      3.22      0.00      0.00      0.00      0.00     96.78
03:47:30          0      0.00      0.00      0.00      0.00      0.00    100.00
03:47:30          1      0.00      0.00      0.00      0.00      0.00    100.00
03:47:30          2      0.00      0.00      0.00      0.00      0.00    100.00
03:47:30          3      0.00      0.00      0.00      0.00      0.00    100.00
03:47:30          4    100.00      0.00      0.00      0.00      0.00      0.00
03:47:30          5      0.00      0.00      0.00      0.00      0.00    100.00
03:47:30          6      0.00      0.00      0.00      0.00      0.00    100.00
03:47:30          7      0.00      0.00      0.00      0.00      0.00    100.00
03:47:30          8      0.00      0.00      0.00      0.00      0.00    100.00
03:47:30          9      0.00      0.00      0.00      0.00      0.00    100.00
03:47:30         10      0.00      0.00      0.00      0.00      0.00    100.00
03:47:30         11      2.97      0.00      0.00      0.00      0.00     97.03
03:47:30         12      0.00      0.00      0.00      0.00      0.00    100.00
03:47:30         13      0.00      0.00      0.00      0.00      0.00    100.00
03:47:30         14      0.00      0.00      0.00      0.00      0.00    100.00
03:47:30         15      0.00      0.00      0.00      0.00      0.00    100.00
03:47:30         16      0.00      0.00      0.00      0.00      0.00    100.00
03:47:30         17      0.00      0.00      0.00      0.00      0.00    100.00
03:47:30         18      0.00      0.00      0.00      0.00      0.00    100.00
03:47:30         19      0.00      0.00      0.00      0.00      0.00    100.00
03:47:30         20      0.00      0.00      0.00      0.00      0.00    100.00
03:47:30         21      0.00      0.00      0.00      0.00      0.00    100.00
03:47:30         22      0.00      0.00      0.00      0.00      0.00    100.00
03:47:30         23      0.00      0.00      0.00      0.00      0.00    100.00
03:47:30         24      0.00      0.00      0.00      0.00      0.00    100.00
03:47:30         25      0.00      0.00      0.00      0.00      0.00    100.00
03:47:30         26      0.00      0.00      0.00      0.00      0.00    100.00
03:47:30         27      0.00      0.00      0.00      0.00      0.00    100.00
03:47:30         28      0.00      0.00      0.00      0.00      0.00    100.00
03:47:30         29      0.00      0.00      0.00      0.00      0.00    100.00
03:47:30         30      0.00      0.00      0.00      0.00      0.00    100.00
03:47:30         31      0.00      0.00      0.00      0.00      0.00    100.00

03:47:30        CPU     %user     %nice   %system   %iowait    %steal     %idle
03:47:31        all      3.28      0.00      0.03      0.00      0.00     96.69
03:47:31          0      0.00      0.00      0.00      0.00      0.00    100.00
03:47:31          1      0.00      0.00      0.00      0.00      0.00    100.00
03:47:31          2      0.00      0.00      0.00      0.00      0.00    100.00
03:47:31          3      0.00      0.00      0.00      0.00      0.00    100.00
03:47:31          4    100.00      0.00      0.00      0.00      0.00      0.00
03:47:31          5      0.00      0.00      0.00      0.00      0.00    100.00
03:47:31          6      0.00      0.00      0.00      0.00      0.00    100.00
03:47:31          7      0.00      0.00      0.00      0.00      0.00    100.00
03:47:31          8      0.00      0.00      0.00      0.00      0.00    100.00
03:47:31          9      0.00      0.00      0.00      0.00      0.00    100.00
03:47:31         10      0.00      0.00      0.00      0.00      0.00    100.00
03:47:31         11      2.97      0.00      0.99      0.00      0.00     96.04
03:47:31         12      0.00      0.00      0.00      0.00      0.00    100.00
03:47:31         13      0.00      0.00      0.00      0.00      0.00    100.00
03:47:31         14      0.00      0.00      0.00      0.00      0.00    100.00
03:47:31         15      0.00      0.00      0.00      0.00      0.00    100.00
03:47:31         16      0.00      0.00      0.00      0.00      0.00    100.00
03:47:31         17      0.99      0.00      0.00      0.00      0.00     99.01
03:47:31         18      0.00      0.00      0.00      0.00      0.00    100.00
03:47:31         19      0.00      0.00      0.00      0.00      0.00    100.00
03:47:31         20      0.00      0.00      0.00      0.00      0.00    100.00
03:47:31         21      0.00      0.00      0.00      0.00      0.00    100.00
03:47:31         22      0.00      0.00      0.00      0.00      0.00    100.00
03:47:31         23      0.00      0.00      0.00      0.00      0.00    100.00
03:47:31         24      0.00      0.00      0.00      0.00      0.00    100.00
03:47:31         25      0.00      0.00      0.00      0.00      0.00    100.00
03:47:31         26      0.00      0.00      0.00      0.00      0.00    100.00
03:47:31         27      0.00      0.00      0.00      0.00      0.00    100.00
03:47:31         28      0.00      0.00      0.00      0.00      0.00    100.00
03:47:31         29      0.00      0.00      0.00      0.00      0.00    100.00
03:47:31         30      1.00      0.00      0.00      0.00      0.00     99.00
03:47:31         31      0.00      0.00      0.00      0.00      0.00    100.00

03:47:31        CPU     %user     %nice   %system   %iowait    %steal     %idle
03:47:32        all      3.16      0.00      0.00      0.00      0.00     96.84
03:47:32          0      0.00      0.00      0.00      0.00      0.00    100.00
03:47:32          1      0.00      0.00      0.00      0.00      0.00    100.00
03:47:32          2      0.00      0.00      0.00      0.00      0.00    100.00
03:47:32          3      0.00      0.00      0.00      0.00      0.00    100.00
03:47:32          4    100.00      0.00      0.00      0.00      0.00      0.00
03:47:32          5      0.00      0.00      0.00      0.00      0.00    100.00
03:47:32          6      0.00      0.00      0.00      0.00      0.00    100.00
03:47:32          7      0.00      0.00      0.00      0.00      0.00    100.00
03:47:32          8      0.00      0.00      0.00      0.00      0.00    100.00
03:47:32          9      0.00      0.00      0.00      0.00      0.00    100.00
03:47:32         10      0.00      0.00      0.00      0.00      0.00    100.00
03:47:32         11      1.02      0.00      0.00      0.00      0.00     98.98
03:47:32         12      0.00      0.00      0.00      0.00      0.00    100.00
03:47:32         13      0.00      0.00      0.00      0.00      0.00    100.00
03:47:32         14      0.00      0.00      0.00      0.00      0.00    100.00
03:47:32         15      0.00      0.00      0.00      0.00      0.00    100.00
03:47:32         16      0.00      0.00      0.00      0.00      0.00    100.00
03:47:32         17      0.00      0.00      0.00      0.00      0.00    100.00
03:47:32         18      0.00      0.00      0.00      0.00      0.00    100.00
03:47:32         19      0.00      0.00      0.00      0.00      0.00    100.00
03:47:32         20      0.00      0.00      0.00      0.00      0.00    100.00
03:47:32         21      0.00      0.00      0.00      0.00      0.00    100.00
03:47:32         22      0.00      0.00      0.00      0.00      0.00    100.00
03:47:32         23      0.00      0.00      0.00      0.00      0.00    100.00
03:47:32         24      0.00      0.00      0.00      0.00      0.00    100.00
03:47:32         25      0.00      0.00      0.00      0.00      0.00    100.00
03:47:32         26      0.00      0.00      0.00      0.00      0.00    100.00
03:47:32         27      0.00      0.00      0.00      0.00      0.00    100.00
03:47:32         28      0.00      0.00      0.00      0.00      0.00    100.00
03:47:32         29      0.00      0.00      0.00      0.00      0.00    100.00
03:47:32         30      0.00      0.00      0.00      0.00      0.00    100.00
03:47:32         31      0.00      0.00      0.00      0.00      0.00    100.00

03:47:32        CPU     %user     %nice   %system   %iowait    %steal     %idle
03:47:33        all      3.21      0.00      0.44      0.00      0.00     96.36
03:47:33          0      0.00      0.00      0.99      0.00      0.00     99.01
03:47:33          1      0.00      0.00      0.99      0.00      0.00     99.01
03:47:33          2      0.00      0.00      0.99      0.00      0.00     99.01
03:47:33          3      0.00      0.00      0.99      0.00      0.00     99.01
03:47:33          4    100.00      0.00      0.00      0.00      0.00      0.00
03:47:33          5      0.00      0.00      0.00      0.00      0.00    100.00
03:47:33          6      0.00      0.00      0.00      0.00      0.00    100.00
03:47:33          7      0.00      0.00      0.00      0.00      0.00    100.00
03:47:33          8      0.00      0.00      0.00      0.00      0.00    100.00
03:47:33          9      0.00      0.00      0.00      0.00      0.00    100.00
03:47:33         10      0.00      0.00      0.99      0.00      0.00     99.01
03:47:33         11      3.92      0.00      0.98      0.00      0.00     95.10
03:47:33         12      0.00      0.00      0.99      0.00      0.00     99.01
03:47:33         13      0.00      0.00      1.00      0.00      0.00     99.00
03:47:33         14      0.00      0.00      0.99      0.00      0.00     99.01
03:47:33         15      0.00      0.00      0.00      0.00      0.00    100.00
03:47:33         16      0.00      0.00      0.00      0.00      0.00    100.00
03:47:33         17      0.00      0.00      0.00      0.00      0.00    100.00
03:47:33         18      0.00      0.00      0.00      0.00      0.00    100.00
03:47:33         19      0.00      0.00      0.99      0.00      0.00     99.01
03:47:33         20      0.00      0.00      0.00      0.00      0.00    100.00
03:47:33         21      0.00      0.00      0.99      0.00      0.00     99.01
03:47:33         22      0.00      0.00      0.00      0.00      0.00    100.00
03:47:33         23      0.00      0.00      0.00      0.00      0.00    100.00
03:47:33         24      0.00      0.00      0.00      0.00      0.00    100.00
03:47:33         25      0.00      0.00      0.99      0.00      0.00     99.01
03:47:33         26      0.00      0.00      0.00      0.00      0.00    100.00
03:47:33         27      0.00      0.00      0.99      0.00      0.00     99.01
03:47:33         28      0.00      0.00      0.00      0.00      0.00    100.00
03:47:33         29      0.00      0.00      0.99      0.00      0.00     99.01
03:47:33         30      0.00      0.00      0.00      0.00      0.00    100.00
03:47:33         31      0.00      0.00      0.00      0.00      0.00    100.00

03:47:33        CPU     %user     %nice   %system   %iowait    %steal     %idle
03:47:34        all      3.25      0.00      0.00      0.00      0.00     96.75
03:47:34          0      0.00      0.00      0.00      0.00      0.00    100.00
03:47:34          1      0.00      0.00      0.00      0.00      0.00    100.00
03:47:34          2      0.00      0.00      0.00      0.00      0.00    100.00
03:47:34          3      0.00      0.00      0.00      0.00      0.00    100.00
03:47:34          4    100.00      0.00      0.00      0.00      0.00      0.00
03:47:34          5      0.00      0.00      0.00      0.00      0.00    100.00
03:47:34          6      0.00      0.00      0.00      0.00      0.00    100.00
03:47:34          7      0.00      0.00      0.00      0.00      0.00    100.00
03:47:34          8      0.00      0.00      0.00      0.00      0.00    100.00
03:47:34          9      0.00      0.00      0.00      0.00      0.00    100.00
03:47:34         10      0.00      0.00      0.00      0.00      0.00    100.00
03:47:34         11      3.96      0.00      0.00      0.00      0.00     96.04
03:47:34         12      0.00      0.00      0.00      0.00      0.00    100.00
03:47:34         13      0.00      0.00      0.00      0.00      0.00    100.00
03:47:34         14      0.00      0.00      0.00      0.00      0.00    100.00
03:47:34         15      0.00      0.00      0.00      0.00      0.00    100.00
03:47:34         16      0.00      0.00      0.00      0.00      0.00    100.00
03:47:34         17      0.00      0.00      0.00      0.00      0.00    100.00
03:47:34         18      0.00      0.00      0.00      0.00      0.00    100.00
03:47:34         19      0.00      0.00      0.00      0.00      0.00    100.00
03:47:34         20      0.00      0.00      0.00      0.00      0.00    100.00
03:47:34         21      0.00      0.00      0.00      0.00      0.00    100.00
03:47:34         22      0.00      0.00      0.00      0.00      0.00    100.00
03:47:34         23      0.00      0.00      0.00      0.00      0.00    100.00
03:47:34         24      0.00      0.00      0.00      0.00      0.00    100.00
03:47:34         25      0.00      0.00      0.00      0.00      0.00    100.00
03:47:34         26      0.00      0.00      0.00      0.00      0.00    100.00
03:47:34         27      0.00      0.00      0.00      0.00      0.00    100.00
03:47:34         28      0.00      0.00      0.00      0.00      0.00    100.00
03:47:34         29      0.00      0.00      0.00      0.00      0.00    100.00
03:47:34         30      0.00      0.00      0.00      0.00      0.00    100.00
03:47:34         31      0.00      0.00      0.00      0.00      0.00    100.00

03:47:34        CPU     %user     %nice   %system   %iowait    %steal     %idle
03:47:35        all      3.31      0.00      0.00      0.00      0.00     96.69
03:47:35          0      0.00      0.00      0.00      0.00      0.00    100.00
03:47:35          1      0.00      0.00      0.00      0.00      0.00    100.00
03:47:35          2      0.00      0.00      0.00      0.00      0.00    100.00
03:47:35          3      0.00      0.00      0.00      0.00      0.00    100.00
03:47:35          4    100.00      0.00      0.00      0.00      0.00      0.00
03:47:35          5      0.00      0.00      0.00      0.00      0.00    100.00
03:47:35          6      0.00      0.00      0.00      0.00      0.00    100.00
03:47:35          7      0.00      0.00      0.00      0.00      0.00    100.00
03:47:35          8      0.00      0.00      0.00      0.00      0.00    100.00
03:47:35          9      0.00      0.00      0.00      0.00      0.00    100.00
03:47:35         10      0.00      0.00      0.00      0.00      0.00    100.00
03:47:35         11      3.00      0.00      0.00      0.00      0.00     97.00
03:47:35         12      0.00      0.00      0.00      0.00      0.00    100.00
03:47:35         13      0.00      0.00      0.00      0.00      0.00    100.00
03:47:35         14      0.00      0.00      0.00      0.00      0.00    100.00
03:47:35         15      0.00      0.00      0.00      0.00      0.00    100.00
03:47:35         16      0.00      0.00      0.00      0.00      0.00    100.00
03:47:35         17      0.00      0.00      0.00      0.00      0.00    100.00
03:47:35         18      0.00      0.00      0.00      0.00      0.00    100.00
03:47:35         19      0.00      0.00      0.00      0.00      0.00    100.00
03:47:35         20      0.00      0.00      0.00      0.00      0.00    100.00
03:47:35         21      0.00      0.00      0.00      0.00      0.00    100.00
03:47:35         22      1.00      0.00      0.00      0.00      0.00     99.00
03:47:35         23      1.98      0.00      0.00      0.00      0.00     98.02
03:47:35         24      0.00      0.00      0.00      0.00      0.00    100.00
03:47:35         25      0.00      0.00      0.00      0.00      0.00    100.00
03:47:35         26      0.00      0.00      0.00      0.00      0.00    100.00
03:47:35         27      0.00      0.00      0.00      0.00      0.00    100.00
03:47:35         28      0.00      0.00      0.00      0.00      0.00    100.00
03:47:35         29      0.00      0.00      0.00      0.00      0.00    100.00
03:47:35         30      0.00      0.00      0.00      0.00      0.00    100.00
03:47:35         31      0.00      0.00      0.00      0.00      0.00    100.00

03:47:35        CPU     %user     %nice   %system   %iowait    %steal     %idle
03:47:36        all      3.19      0.00      0.03      0.00      0.00     96.78
03:47:36          0      0.00      0.00      0.00      0.00      0.00    100.00
03:47:36          1      0.00      0.00      0.00      0.00      0.00    100.00
03:47:36          2      0.00      0.00      0.00      0.00      0.00    100.00
03:47:36          3      0.00      0.00      0.00      0.00      0.00    100.00
03:47:36          4    100.00      0.00      0.00      0.00      0.00      0.00
03:47:36          5      0.00      0.00      0.00      0.00      0.00    100.00
03:47:36          6      0.00      0.00      0.00      0.00      0.00    100.00
03:47:36          7      0.00      0.00      0.00      0.00      0.00    100.00
03:47:36          8      0.00      0.00      0.00      0.00      0.00    100.00
03:47:36          9      0.00      0.00      0.00      0.00      0.00    100.00
03:47:36         10      0.00      0.00      0.00      0.00      0.00    100.00
03:47:36         11      2.02      0.00      0.00      0.00      0.00     97.98
03:47:36         12      0.00      0.00      0.00      0.00      0.00    100.00
03:47:36         13      0.00      0.00      0.00      0.00      0.00    100.00
03:47:36         14      0.00      0.00      0.00      0.00      0.00    100.00
03:47:36         15      0.00      0.00      0.00      0.00      0.00    100.00
03:47:36         16      0.00      0.00      0.00      0.00      0.00    100.00
03:47:36         17      0.00      0.00      0.00      0.00      0.00    100.00
03:47:36         18      0.00      0.00      0.00      0.00      0.00    100.00
03:47:36         19      0.00      0.00      0.00      0.00      0.00    100.00
03:47:36         20      0.00      0.00      0.00      0.00      0.00    100.00
03:47:36         21      0.00      0.00      0.00      0.00      0.00    100.00
03:47:36         22      0.00      0.00      0.99      0.00      0.00     99.01
03:47:36         23      0.00      0.00      0.00      0.00      0.00    100.00
03:47:36         24      0.00      0.00      0.00      0.00      0.00    100.00
03:47:36         25      0.00      0.00      0.00      0.00      0.00    100.00
03:47:36         26      0.00      0.00      0.00      0.00      0.00    100.00
03:47:36         27      0.00      0.00      0.00      0.00      0.00    100.00
03:47:36         28      0.00      0.00      0.00      0.00      0.00    100.00
03:47:36         29      0.00      0.00      0.00      0.00      0.00    100.00
03:47:36         30      0.00      0.00      0.00      0.00      0.00    100.00
03:47:36         31      0.00      0.00      0.00      0.00      0.00    100.00

03:47:36        CPU     %user     %nice   %system   %iowait    %steal     %idle
03:47:37        all      3.22      0.00      0.00      0.00      0.00     96.78
03:47:37          0      0.00      0.00      0.00      0.00      0.00    100.00
03:47:37          1      0.00      0.00      0.00      0.00      0.00    100.00
03:47:37          2      0.00      0.00      0.00      0.00      0.00    100.00
03:47:37          3      0.00      0.00      0.00      0.00      0.00    100.00
03:47:37          4    100.00      0.00      0.00      0.00      0.00      0.00
03:47:37          5      0.00      0.00      0.00      0.00      0.00    100.00
03:47:37          6      0.00      0.00      0.00      0.00      0.00    100.00
03:47:37          7      0.00      0.00      0.00      0.00      0.00    100.00
03:47:37          8      0.00      0.00      0.00      0.00      0.00    100.00
03:47:37          9      0.00      0.00      0.00      0.00      0.00    100.00
03:47:37         10      0.00      0.00      0.00      0.00      0.00    100.00
03:47:37         11      3.00      0.00      0.00      0.00      0.00     97.00
03:47:37         12      0.00      0.00      0.00      0.00      0.00    100.00
03:47:37         13      0.00      0.00      0.00      0.00      0.00    100.00
03:47:37         14      0.00      0.00      0.00      0.00      0.00    100.00
03:47:37         15      0.00      0.00      0.00      0.00      0.00    100.00
03:47:37         16      0.00      0.00      0.00      0.00      0.00    100.00
03:47:37         17      0.00      0.00      0.00      0.00      0.00    100.00
03:47:37         18      0.00      0.00      0.00      0.00      0.00    100.00
03:47:37         19      0.00      0.00      0.00      0.00      0.00    100.00
03:47:37         20      0.00      0.00      0.00      0.00      0.00    100.00
03:47:37         21      0.00      0.00      0.00      0.00      0.00    100.00
03:47:37         22      0.00      0.00      0.00      0.00      0.00    100.00
03:47:37         23      0.00      0.00      0.00      0.00      0.00    100.00
03:47:37         24      0.00      0.00      0.00      0.00      0.00    100.00
03:47:37         25      0.00      0.00      0.00      0.00      0.00    100.00
03:47:37         26      0.00      0.00      0.00      0.00      0.00    100.00
03:47:37         27      0.00      0.00      0.00      0.00      0.00    100.00
03:47:37         28      0.00      0.00      0.00      0.00      0.00    100.00
03:47:37         29      0.00      0.00      0.00      0.00      0.00    100.00
03:47:37         30      0.00      0.00      0.00      0.00      0.00    100.00
03:47:37         31      0.00      0.00      0.00      0.00      0.00    100.00

03:47:37        CPU     %user     %nice   %system   %iowait    %steal     %idle
03:47:38        all      3.22      0.00      0.00      0.00      0.00     96.78
03:47:38          0      0.00      0.00      0.00      0.00      0.00    100.00
03:47:38          1      0.00      0.00      0.00      0.00      0.00    100.00
03:47:38          2      0.00      0.00      0.00      0.00      0.00    100.00
03:47:38          3      0.00      0.00      0.00      0.00      0.00    100.00
03:47:38          4    100.00      0.00      0.00      0.00      0.00      0.00
03:47:38          5      0.00      0.00      0.00      0.00      0.00    100.00
03:47:38          6      0.00      0.00      0.00      0.00      0.00    100.00
03:47:38          7      0.00      0.00      0.00      0.00      0.00    100.00
03:47:38          8      0.00      0.00      0.00      0.00      0.00    100.00
03:47:38          9      0.00      0.00      0.00      0.00      0.00    100.00
03:47:38         10      0.00      0.00      0.00      0.00      0.00    100.00
03:47:38         11      3.00      0.00      0.00      0.00      0.00     97.00
03:47:38         12      0.00      0.00      0.00      0.00      0.00    100.00
03:47:38         13      0.00      0.00      0.00      0.00      0.00    100.00
03:47:38         14      0.00      0.00      0.00      0.00      0.00    100.00
03:47:38         15      0.00      0.00      0.00      0.00      0.00    100.00
03:47:38         16      0.00      0.00      0.00      0.00      0.00    100.00
03:47:38         17      0.00      0.00      0.00      0.00      0.00    100.00
03:47:38         18      0.00      0.00      0.00      0.00      0.00    100.00
03:47:38         19      0.00      0.00      0.00      0.00      0.00    100.00
03:47:38         20      0.00      0.00      0.00      0.00      0.00    100.00
03:47:38         21      0.00      0.00      0.00      0.00      0.00    100.00
03:47:38         22      0.00      0.00      0.00      0.00      0.00    100.00
03:47:38         23      0.00      0.00      0.00      0.00      0.00    100.00
03:47:38         24      0.00      0.00      0.00      0.00      0.00    100.00
03:47:38         25      0.00      0.00      0.00      0.00      0.00    100.00
03:47:38         26      0.00      0.00      0.00      0.00      0.00    100.00
03:47:38         27      0.00      0.00      0.00      0.00      0.00    100.00
03:47:38         28      0.00      0.00      0.00      0.00      0.00    100.00
03:47:38         29      0.00      0.00      0.00      0.00      0.00    100.00
03:47:38         30      0.00      0.00      0.00      0.00      0.00    100.00
03:47:38         31      0.00      0.00      0.00      0.00      0.00    100.00

03:47:38        CPU     %user     %nice   %system   %iowait    %steal     %idle
03:47:39        all      3.22      0.00      0.00      0.00      0.00     96.78
03:47:39          0      0.00      0.00      0.00      0.00      0.00    100.00
03:47:39          1      0.00      0.00      0.00      0.00      0.00    100.00
03:47:39          2      0.00      0.00      0.00      0.00      0.00    100.00
03:47:39          3      0.00      0.00      0.00      0.00      0.00    100.00
03:47:39          4    100.00      0.00      0.00      0.00      0.00      0.00
03:47:39          5      0.00      0.00      0.00      0.00      0.00    100.00
03:47:39          6      0.00      0.00      0.00      0.00      0.00    100.00
03:47:39          7      0.00      0.00      0.00      0.00      0.00    100.00
03:47:39          8      0.00      0.00      0.00      0.00      0.00    100.00
03:47:39          9      0.00      0.00      0.00      0.00      0.00    100.00
03:47:39         10      0.00      0.00      0.00      0.00      0.00    100.00
03:47:39         11      3.00      0.00      0.00      0.00      0.00     97.00
03:47:39         12      0.00      0.00      0.00      0.00      0.00    100.00
03:47:39         13      0.00      0.00      0.00      0.00      0.00    100.00
03:47:39         14      0.00      0.00      0.00      0.00      0.00    100.00
03:47:39         15      0.00      0.00      0.00      0.00      0.00    100.00
03:47:39         16      0.00      0.00      0.00      0.00      0.00    100.00
03:47:39         17      0.00      0.00      0.00      0.00      0.00    100.00
03:47:39         18      0.00      0.00      0.00      0.00      0.00    100.00
03:47:39         19      0.00      0.00      0.00      0.00      0.00    100.00
03:47:39         20      0.00      0.00      0.00      0.00      0.00    100.00
03:47:39         21      0.00      0.00      0.00      0.00      0.00    100.00
03:47:39         22      0.00      0.00      0.00      0.00      0.00    100.00
03:47:39         23      0.00      0.00      0.00      0.00      0.00    100.00
03:47:39         24      0.00      0.00      0.00      0.00      0.00    100.00
03:47:39         25      0.00      0.00      0.00      0.00      0.00    100.00
03:47:39         26      0.00      0.00      0.00      0.00      0.00    100.00
03:47:39         27      0.00      0.00      0.00      0.00      0.00    100.00
03:47:39         28      0.00      0.00      0.00      0.00      0.00    100.00
03:47:39         29      0.00      0.00      0.00      0.00      0.00    100.00
03:47:39         30      0.00      0.00      0.00      0.00      0.00    100.00
03:47:39         31      0.00      0.00      0.00      0.00      0.00    100.00

03:47:39        CPU     %user     %nice   %system   %iowait    %steal     %idle
03:47:40        all      3.16      0.00      0.00      0.00      0.00     96.84
03:47:40          0      0.00      0.00      0.00      0.00      0.00    100.00
03:47:40          1      0.00      0.00      0.00      0.00      0.00    100.00
03:47:40          2      0.00      0.00      0.00      0.00      0.00    100.00
03:47:40          3      0.00      0.00      0.00      0.00      0.00    100.00
03:47:40          4    100.00      0.00      0.00      0.00      0.00      0.00
03:47:40          5      0.00      0.00      0.00      0.00      0.00    100.00
03:47:40          6      0.00      0.00      0.00      0.00      0.00    100.00
03:47:40          7      0.00      0.00      0.00      0.00      0.00    100.00
03:47:40          8      0.00      0.00      0.00      0.00      0.00    100.00
03:47:40          9      0.00      0.00      0.00      0.00      0.00    100.00
03:47:40         10      0.00      0.00      0.00      0.00      0.00    100.00
03:47:40         11      1.00      0.00      0.00      0.00      0.00     99.00
03:47:40         12      0.00      0.00      0.00      0.00      0.00    100.00
03:47:40         13      0.00      0.00      0.00      0.00      0.00    100.00
03:47:40         14      0.00      0.00      0.00      0.00      0.00    100.00
03:47:40         15      0.00      0.00      0.00      0.00      0.00    100.00
03:47:40         16      0.00      0.00      0.00      0.00      0.00    100.00
03:47:40         17      0.00      0.00      0.00      0.00      0.00    100.00
03:47:40         18      0.00      0.00      0.00      0.00      0.00    100.00
03:47:40         19      0.00      0.00      0.00      0.00      0.00    100.00
03:47:40         20      0.00      0.00      0.00      0.00      0.00    100.00
03:47:40         21      0.00      0.00      0.00      0.00      0.00    100.00
03:47:40         22      0.00      0.00      0.00      0.00      0.00    100.00
03:47:40         23      0.00      0.00      0.00      0.00      0.00    100.00
03:47:40         24      0.00      0.00      0.00      0.00      0.00    100.00
03:47:40         25      0.00      0.00      0.00      0.00      0.00    100.00
03:47:40         26      0.00      0.00      0.00      0.00      0.00    100.00
03:47:40         27      0.00      0.00      0.00      0.00      0.00    100.00
03:47:40         28      0.00      0.00      0.00      0.00      0.00    100.00
03:47:40         29      0.00      0.00      0.00      0.00      0.00    100.00
03:47:40         30      0.00      0.00      0.00      0.00      0.00    100.00
03:47:40         31      0.00      0.00      0.00      0.00      0.00    100.00

03:47:40        CPU     %user     %nice   %system   %iowait    %steal     %idle
03:47:41        all      3.38      0.00      0.06      0.03      0.00     96.53
03:47:41          0      0.00      0.00      0.00      0.00      0.00    100.00
03:47:41          1      0.00      0.00      0.00      0.00      0.00    100.00
03:47:41          2      0.98      0.00      0.98      0.00      0.00     98.04
03:47:41          3      1.00      0.00      0.00      0.00      0.00     99.00
03:47:41          4    100.00      0.00      0.00      0.00      0.00      0.00
03:47:41          5      0.00      0.00      0.00      0.00      0.00    100.00
03:47:41          6      0.00      0.00      0.00      0.00      0.00    100.00
03:47:41          7      0.00      0.00      0.00      0.00      0.00    100.00
03:47:41          8      0.00      0.00      0.00      0.00      0.00    100.00
03:47:41          9      0.00      0.00      0.00      0.00      0.00    100.00
03:47:41         10      0.00      0.00      0.00      0.00      0.00    100.00
03:47:41         11      0.00      0.00      0.00      0.00      0.00    100.00
03:47:41         12      0.00      0.00      0.00      0.00      0.00    100.00
03:47:41         13      0.00      0.00      0.00      0.00      0.00    100.00
03:47:41         14      2.00      0.00      0.00      0.00      0.00     98.00
03:47:41         15      2.97      0.00      0.99      0.00      0.00     96.04
03:47:41         16      0.00      0.00      0.00      0.00      0.00    100.00
03:47:41         17      0.00      0.00      0.00      0.00      0.00    100.00
03:47:41         18      0.00      0.00      0.00      0.00      0.00    100.00
03:47:41         19      0.00      0.00      0.00      0.00      0.00    100.00
03:47:41         20      0.00      0.00      0.00      0.00      0.00    100.00
03:47:41         21      0.00      0.00      0.00      0.00      0.00    100.00
03:47:41         22      0.00      0.00      0.00      0.00      0.00    100.00
03:47:41         23      0.00      0.00      0.00      0.00      0.00    100.00
03:47:41         24      0.00      0.00      0.00      0.00      0.00    100.00
03:47:41         25      1.00      0.00      0.00      1.00      0.00     98.00
03:47:41         26      0.00      0.00      0.00      0.00      0.00    100.00
03:47:41         27      0.00      0.00      0.00      0.00      0.00    100.00
03:47:41         28      0.00      0.00      0.00      0.00      0.00    100.00
03:47:41         29      0.00      0.00      0.00      0.00      0.00    100.00
03:47:41         30      0.00      0.00      0.00      0.00      0.00    100.00
03:47:41         31      0.00      0.00      0.00      0.00      0.00    100.00

03:47:41        CPU     %user     %nice   %system   %iowait    %steal     %idle
03:47:42        all      3.22      0.00      0.00      0.00      0.00     96.78
03:47:42          0      0.00      0.00      0.00      0.00      0.00    100.00
03:47:42          1      0.00      0.00      0.00      0.00      0.00    100.00
03:47:42          2      0.00      0.00      0.00      0.00      0.00    100.00
03:47:42          3      0.00      0.00      0.00      0.00      0.00    100.00
03:47:42          4    100.00      0.00      0.00      0.00      0.00      0.00
03:47:42          5      0.00      0.00      0.00      0.00      0.00    100.00
03:47:42          6      0.00      0.00      0.00      0.00      0.00    100.00
03:47:42          7      0.00      0.00      0.00      0.00      0.00    100.00
03:47:42          8      0.00      0.00      0.00      0.00      0.00    100.00
03:47:42          9      0.00      0.00      0.00      0.00      0.00    100.00
03:47:42         10      0.00      0.00      0.00      0.00      0.00    100.00
03:47:42         11      1.98      0.00      0.00      0.00      0.00     98.02
03:47:42         12      0.00      0.00      0.00      0.00      0.00    100.00
03:47:42         13      0.00      0.00      0.00      0.00      0.00    100.00
03:47:42         14      0.00      0.00      0.00      0.00      0.00    100.00
03:47:42         15      0.00      0.00      0.00      0.00      0.00    100.00
03:47:42         16      0.00      0.00      0.00      0.00      0.00    100.00
03:47:42         17      0.00      0.00      0.00      0.00      0.00    100.00
03:47:42         18      0.00      0.00      0.00      0.00      0.00    100.00
03:47:42         19      0.00      0.00      0.00      0.00      0.00    100.00
03:47:42         20      0.00      0.00      0.00      0.00      0.00    100.00
03:47:42         21      0.00      0.00      0.00      0.00      0.00    100.00
03:47:42         22      1.00      0.00      0.00      0.00      0.00     99.00
03:47:42         23      0.00      0.00      0.00      0.00      0.00    100.00
03:47:42         24      0.00      0.00      0.00      0.00      0.00    100.00
03:47:42         25      0.00      0.00      0.00      0.00      0.00    100.00
03:47:42         26      0.00      0.00      0.00      0.00      0.00    100.00
03:47:42         27      0.00      0.00      0.00      0.00      0.00    100.00
03:47:42         28      0.00      0.00      0.00      0.00      0.00    100.00
03:47:42         29      0.00      0.00      0.00      0.00      0.00    100.00
03:47:42         30      0.00      0.00      0.00      0.00      0.00    100.00
03:47:42         31      0.00      0.00      0.00      0.00      0.00    100.00

03:47:42        CPU     %user     %nice   %system   %iowait    %steal     %idle
03:47:43        all      3.29      0.00      0.00      0.00      0.00     96.71
03:47:43          0      0.00      0.00      0.00      0.00      0.00    100.00
03:47:43          1      0.00      0.00      0.00      0.00      0.00    100.00
03:47:43          2      0.00      0.00      0.00      0.00      0.00    100.00
03:47:43          3      0.00      0.00      0.00      0.00      0.00    100.00
03:47:43          4    100.00      0.00      0.00      0.00      0.00      0.00
03:47:43          5      0.00      0.00      0.00      0.00      0.00    100.00
03:47:43          6      0.00      0.00      0.00      0.00      0.00    100.00
03:47:43          7      0.00      0.00      0.00      0.00      0.00    100.00
03:47:43          8      0.00      0.00      0.00      0.00      0.00    100.00
03:47:43          9      0.00      0.00      0.00      0.00      0.00    100.00
03:47:43         10      0.00      0.00      0.00      0.00      0.00    100.00
03:47:43         11      1.01      0.00      0.00      0.00      0.00     98.99
03:47:43         12      0.00      0.00      0.00      0.00      0.00    100.00
03:47:43         13      0.00      0.00      0.00      0.00      0.00    100.00
03:47:43         14      0.00      0.00      0.00      0.00      0.00    100.00
03:47:43         15      0.00      0.00      0.00      0.00      0.00    100.00
03:47:43         16      1.01      0.00      0.00      0.00      0.00     98.99
03:47:43         17      0.00      0.00      0.00      0.00      0.00    100.00
03:47:43         18      0.00      0.00      0.00      0.00      0.00    100.00
03:47:43         19      2.02      0.00      0.00      0.00      0.00     97.98
03:47:43         20      0.00      0.00      0.00      0.00      0.00    100.00
03:47:43         21      1.00      0.00      0.00      0.00      0.00     99.00
03:47:43         22      0.00      0.00      0.00      0.00      0.00    100.00
03:47:43         23      0.00      0.00      0.00      0.00      0.00    100.00
03:47:43         24      0.00      0.00      0.00      0.00      0.00    100.00
03:47:43         25      0.00      0.00      0.00      0.00      0.00    100.00
03:47:43         26      0.00      0.00      0.00      0.00      0.00    100.00
03:47:43         27      0.00      0.00      0.00      0.00      0.00    100.00
03:47:43         28      0.00      0.00      0.00      0.00      0.00    100.00
03:47:43         29      0.00      0.00      0.00      0.00      0.00    100.00
03:47:43         30      0.00      0.00      0.00      0.00      0.00    100.00
03:47:43         31      0.00      0.00      0.00      0.00      0.00    100.00

03:47:43        CPU     %user     %nice   %system   %iowait    %steal     %idle
03:47:44        all      3.16      0.00      0.00      0.00      0.00     96.84
03:47:44          0      0.00      0.00      0.00      0.00      0.00    100.00
03:47:44          1      0.00      0.00      0.00      0.00      0.00    100.00
03:47:44          2      0.00      0.00      0.00      0.00      0.00    100.00
03:47:44          3      0.00      0.00      0.00      0.00      0.00    100.00
03:47:44          4    100.00      0.00      0.00      0.00      0.00      0.00
03:47:44          5      0.00      0.00      0.00      0.00      0.00    100.00
03:47:44          6      0.00      0.00      0.00      0.00      0.00    100.00
03:47:44          7      0.00      0.00      0.00      0.00      0.00    100.00
03:47:44          8      0.00      0.00      0.00      0.00      0.00    100.00
03:47:44          9      0.00      0.00      0.00      0.00      0.00    100.00
03:47:44         10      0.00      0.00      0.00      0.00      0.00    100.00
03:47:44         11      1.00      0.00      0.00      0.00      0.00     99.00
03:47:44         12      0.00      0.00      0.00      0.00      0.00    100.00
03:47:44         13      0.00      0.00      0.00      0.00      0.00    100.00
03:47:44         14      0.00      0.00      0.00      0.00      0.00    100.00
03:47:44         15      0.00      0.00      0.00      0.00      0.00    100.00
03:47:44         16      0.00      0.00      0.00      0.00      0.00    100.00
03:47:44         17      0.00      0.00      0.00      0.00      0.00    100.00
03:47:44         18      0.00      0.00      0.00      0.00      0.00    100.00
03:47:44         19      0.00      0.00      0.00      0.00      0.00    100.00
03:47:44         20      0.00      0.00      0.00      0.00      0.00    100.00
03:47:44         21      0.00      0.00      0.00      0.00      0.00    100.00
03:47:44         22      0.00      0.00      0.00      0.00      0.00    100.00
03:47:44         23      0.00      0.00      0.00      0.00      0.00    100.00
03:47:44         24      0.00      0.00      0.00      0.00      0.00    100.00
03:47:44         25      0.00      0.00      0.00      0.00      0.00    100.00
03:47:44         26      0.00      0.00      0.00      0.00      0.00    100.00
03:47:44         27      0.00      0.00      0.00      0.00      0.00    100.00
03:47:44         28      0.00      0.00      0.00      0.00      0.00    100.00
03:47:44         29      0.00      0.00      0.00      0.00      0.00    100.00
03:47:44         30      0.00      0.00      0.00      0.00      0.00    100.00
03:47:44         31      0.00      0.00      0.00      0.00      0.00    100.00

03:47:44        CPU     %user     %nice   %system   %iowait    %steal     %idle
03:47:45        all      3.16      0.00      0.00      0.00      0.00     96.84
03:47:45          0      0.00      0.00      0.00      0.00      0.00    100.00
03:47:45          1      0.00      0.00      0.00      0.00      0.00    100.00
03:47:45          2      0.00      0.00      0.00      0.00      0.00    100.00
03:47:45          3      0.00      0.00      0.00      0.00      0.00    100.00
03:47:45          4    100.00      0.00      0.00      0.00      0.00      0.00
03:47:45          5      0.00      0.00      0.00      0.00      0.00    100.00
03:47:45          6      0.00      0.00      0.00      0.00      0.00    100.00
03:47:45          7      0.00      0.00      0.00      0.00      0.00    100.00
03:47:45          8      0.00      0.00      0.00      0.00      0.00    100.00
03:47:45          9      0.00      0.00      0.00      0.00      0.00    100.00
03:47:45         10      0.00      0.00      0.00      0.00      0.00    100.00
03:47:45         11      1.00      0.00      0.00      0.00      0.00     99.00
03:47:45         12      0.00      0.00      0.00      0.00      0.00    100.00
03:47:45         13      0.00      0.00      0.00      0.00      0.00    100.00
03:47:45         14      0.00      0.00      0.00      0.00      0.00    100.00
03:47:45         15      0.00      0.00      0.00      0.00      0.00    100.00
03:47:45         16      0.00      0.00      0.00      0.00      0.00    100.00
03:47:45         17      0.00      0.00      0.00      0.00      0.00    100.00
03:47:45         18      0.00      0.00      0.00      0.00      0.00    100.00
03:47:45         19      0.00      0.00      0.00      0.00      0.00    100.00
03:47:45         20      0.00      0.00      0.00      0.00      0.00    100.00
03:47:45         21      0.00      0.00      0.00      0.00      0.00    100.00
03:47:45         22      0.00      0.00      0.00      0.00      0.00    100.00
03:47:45         23      0.00      0.00      0.00      0.00      0.00    100.00
03:47:45         24      0.00      0.00      0.00      0.00      0.00    100.00
03:47:45         25      0.00      0.00      0.00      0.00      0.00    100.00
03:47:45         26      0.00      0.00      0.00      0.00      0.00    100.00
03:47:45         27      0.00      0.00      0.00      0.00      0.00    100.00
03:47:45         28      0.00      0.00      0.00      0.00      0.00    100.00
03:47:45         29      0.00      0.00      0.00      0.00      0.00    100.00
03:47:45         30      0.00      0.00      0.00      0.00      0.00    100.00
03:47:45         31      0.00      0.00      0.00      0.00      0.00    100.00

03:47:45        CPU     %user     %nice   %system   %iowait    %steal     %idle
03:47:46        all      3.16      0.00      0.03      0.00      0.00     96.81
03:47:46          0      0.00      0.00      0.00      0.00      0.00    100.00
03:47:46          1      0.00      0.00      0.00      0.00      0.00    100.00
03:47:46          2      0.99      0.00      0.00      0.00      0.00     99.01
03:47:46          3      0.00      0.00      0.00      0.00      0.00    100.00
03:47:46          4    100.00      0.00      0.00      0.00      0.00      0.00
03:47:46          5      0.00      0.00      0.00      0.00      0.00    100.00
03:47:46          6      0.00      0.00      0.00      0.00      0.00    100.00
03:47:46          7      0.00      0.00      0.00      0.00      0.00    100.00
03:47:46          8      0.00      0.00      0.00      0.00      0.00    100.00
03:47:46          9      0.00      0.00      0.00      0.00      0.00    100.00
03:47:46         10      0.00      0.00      0.99      0.00      0.00     99.01
03:47:46         11      0.00      0.00      0.00      0.00      0.00    100.00
03:47:46         12      0.00      0.00      0.00      0.00      0.00    100.00
03:47:46         13      0.00      0.00      0.00      0.00      0.00    100.00
03:47:46         14      0.00      0.00      0.00      0.00      0.00    100.00
03:47:46         15      0.00      0.00      0.00      0.00      0.00    100.00
03:47:46         16      0.00      0.00      0.00      0.00      0.00    100.00
03:47:46         17      0.00      0.00      0.00      0.00      0.00    100.00
03:47:46         18      0.00      0.00      0.00      0.00      0.00    100.00
03:47:46         19      0.00      0.00      0.00      0.00      0.00    100.00
03:47:46         20      0.00      0.00      0.00      0.00      0.00    100.00
03:47:46         21      0.00      0.00      0.00      0.00      0.00    100.00
03:47:46         22      0.00      0.00      0.00      0.00      0.00    100.00
03:47:46         23      0.00      0.00      0.00      0.00      0.00    100.00
03:47:46         24      0.00      0.00      0.00      0.00      0.00    100.00
03:47:46         25      0.00      0.00      0.00      0.00      0.00    100.00
03:47:46         26      0.00      0.00      0.00      0.00      0.00    100.00
03:47:46         27      0.00      0.00      0.00      0.00      0.00    100.00
03:47:46         28      0.00      0.00      0.00      0.00      0.00    100.00
03:47:46         29      0.00      0.00      0.00      0.00      0.00    100.00
03:47:46         30      0.00      0.00      0.00      0.00      0.00    100.00
03:47:46         31      0.00      0.00      0.00      0.00      0.00    100.00

03:47:46        CPU     %user     %nice   %system   %iowait    %steal     %idle
03:47:47        all      3.19      0.00      0.03      0.00      0.00     96.78
03:47:47          0      0.00      0.00      0.00      0.00      0.00    100.00
03:47:47          1      0.00      0.00      0.00      0.00      0.00    100.00
03:47:47          2      0.00      0.00      0.00      0.00      0.00    100.00
03:47:47          3      0.00      0.00      0.00      0.00      0.00    100.00
03:47:47          4    100.00      0.00      0.00      0.00      0.00      0.00
03:47:47          5      0.00      0.00      0.00      0.00      0.00    100.00
03:47:47          6      0.00      0.00      0.00      0.00      0.00    100.00
03:47:47          7      0.00      0.00      0.00      0.00      0.00    100.00
03:47:47          8      0.00      0.00      0.00      0.00      0.00    100.00
03:47:47          9      0.00      0.00      0.00      0.00      0.00    100.00
03:47:47         10      0.00      0.00      0.00      0.00      0.00    100.00
03:47:47         11      1.98      0.00      0.00      0.00      0.00     98.02
03:47:47         12      0.00      0.00      0.00      0.00      0.00    100.00
03:47:47         13      0.00      0.00      0.00      0.00      0.00    100.00
03:47:47         14      0.00      0.00      0.00      0.00      0.00    100.00
03:47:47         15      0.00      0.00      0.00      0.00      0.00    100.00
03:47:47         16      0.00      0.00      0.99      0.00      0.00     99.01
03:47:47         17      0.00      0.00      0.00      0.00      0.00    100.00
03:47:47         18      0.00      0.00      0.00      0.00      0.00    100.00
03:47:47         19      0.00      0.00      0.00      0.00      0.00    100.00
03:47:47         20      0.00      0.00      0.00      0.00      0.00    100.00
03:47:47         21      0.00      0.00      0.00      0.00      0.00    100.00
03:47:47         22      0.00      0.00      0.00      0.00      0.00    100.00
03:47:47         23      0.00      0.00      0.00      0.00      0.00    100.00
03:47:47         24      0.00      0.00      0.00      0.00      0.00    100.00
03:47:47         25      0.00      0.00      0.00      0.00      0.00    100.00
03:47:47         26      0.00      0.00      0.00      0.00      0.00    100.00
03:47:47         27      0.00      0.00      0.00      0.00      0.00    100.00
03:47:47         28      0.00      0.00      0.00      0.00      0.00    100.00
03:47:47         29      0.00      0.00      0.00      0.00      0.00    100.00
03:47:47         30      0.00      0.00      0.00      0.00      0.00    100.00
03:47:47         31      0.00      0.00      0.00      0.00      0.00    100.00

03:47:47        CPU     %user     %nice   %system   %iowait    %steal     %idle
03:47:48        all      3.12      0.00      0.03      0.00      0.00     96.84
03:47:48          0      0.00      0.00      0.00      0.00      0.00    100.00
03:47:48          1      0.00      0.00      0.00      0.00      0.00    100.00
03:47:48          2      0.00      0.00      0.00      0.00      0.00    100.00
03:47:48          3      0.00      0.00      0.00      0.00      0.00    100.00
03:47:48          4    100.00      0.00      0.00      0.00      0.00      0.00
03:47:48          5      0.00      0.00      0.00      0.00      0.00    100.00
03:47:48          6      0.00      0.00      0.00      0.00      0.00    100.00
03:47:48          7      0.00      0.00      0.00      0.00      0.00    100.00
03:47:48          8      0.00      0.00      0.00      0.00      0.00    100.00
03:47:48          9      0.00      0.00      0.00      0.00      0.00    100.00
03:47:48         10      0.00      0.00      0.00      0.00      0.00    100.00
03:47:48         11      0.00      0.00      0.00      0.00      0.00    100.00
03:47:48         12      0.00      0.00      0.00      0.00      0.00    100.00
03:47:48         13      0.00      0.00      0.00      0.00      0.00    100.00
03:47:48         14      0.00      0.00      0.99      0.00      0.00     99.01
03:47:48         15      0.00      0.00      0.00      0.00      0.00    100.00
03:47:48         16      0.00      0.00      0.00      0.00      0.00    100.00
03:47:48         17      0.00      0.00      0.00      0.00      0.00    100.00
03:47:48         18      0.00      0.00      0.00      0.00      0.00    100.00
03:47:48         19      0.00      0.00      0.00      0.00      0.00    100.00
03:47:48         20      0.00      0.00      0.00      0.00      0.00    100.00
03:47:48         21      0.00      0.00      0.00      0.00      0.00    100.00
03:47:48         22      0.00      0.00      0.00      0.00      0.00    100.00
03:47:48         23      0.00      0.00      0.00      0.00      0.00    100.00
03:47:48         24      0.00      0.00      0.00      0.00      0.00    100.00
03:47:48         25      0.00      0.00      0.00      0.00      0.00    100.00
03:47:48         26      0.00      0.00      0.00      0.00      0.00    100.00
03:47:48         27      0.00      0.00      0.00      0.00      0.00    100.00
03:47:48         28      0.00      0.00      0.00      0.00      0.00    100.00
03:47:48         29      0.00      0.00      0.00      0.00      0.00    100.00
03:47:48         30      0.00      0.00      0.00      0.00      0.00    100.00
03:47:48         31      0.00      0.00      0.00      0.00      0.00    100.00

Average:        CPU     %user     %nice   %system   %iowait    %steal     %idle
Average:        all      3.31      0.00      0.08      0.00      0.00     96.61
Average:          0      0.09      0.00      0.09      0.00      0.00     99.82
Average:          1      0.04      0.00      0.02      0.00      0.00     99.93
Average:          2      0.07      0.00      0.04      0.00      0.00     99.89
Average:          3      0.02      0.00      0.02      0.00      0.00     99.96
Average:          4    100.00      0.00      0.00      0.00      0.00      0.00
Average:          5      0.00      0.00      0.00      0.00      0.00    100.00
Average:          6      0.00      0.00      0.00      0.00      0.00    100.00
Average:          7      0.00      0.00      0.00      0.00      0.00    100.00
Average:          8      0.00      0.00      0.00      0.00      0.00    100.00
Average:          9      0.00      0.00      0.00      0.00      0.00    100.00
Average:         10      0.00      0.00      0.04      0.00      0.00     99.96
Average:         11      1.93      0.00      0.04      0.00      0.00     98.02
Average:         12      0.00      0.00      0.02      0.00      0.00     99.98
Average:         13      0.00      0.00      0.02      0.00      0.00     99.98
Average:         14      0.13      0.00      0.04      0.00      0.00     99.82
Average:         15      0.67      0.00      0.47      0.00      0.00     98.87
Average:         16      0.04      0.00      0.02      0.00      0.00     99.93
Average:         17      0.02      0.00      0.00      0.00      0.00     99.98
Average:         18      0.00      0.00      0.00      0.00      0.00    100.00
Average:         19      0.04      0.00      0.02      0.00      0.00     99.93
Average:         20      0.00      0.00      0.02      0.00      0.00     99.98
Average:         21      0.02      0.00      0.02      0.00      0.00     99.96
Average:         22      0.07      0.00      0.02      0.00      0.00     99.91
Average:         23      0.09      0.00      0.02      0.00      0.00     99.89
Average:         24      0.02      0.00      0.02      0.00      0.00     99.96
Average:         25      0.04      0.00      0.02      0.02      0.00     99.91
Average:         26      0.00      0.00      0.00      0.00      0.00    100.00
Average:         27      0.02      0.00      0.02      0.00      0.00     99.96
Average:         28      0.00      0.00      0.00      0.00      0.00    100.00
Average:         29      0.00      0.00      0.02      0.00      0.00     99.98
Average:         30      0.07      0.00      0.09      0.00      0.00     99.84
Average:         31      2.51      0.00      1.29      0.00      0.00     96.20
