
 Intel(r) Performance Counter Monitor: Raw Event Monitoring Utility 


=====  Processor information  =====
Linux arch_perfmon flag  : yes
Hybrid processor         : no
IBRS and IBPB supported  : yes
STIBP supported          : yes
Spec arch caps supported : yes
Max CPUID level          : 27
CPU model number         : 106
Number of physical cores: 16
Number of logical cores: 32
Number of online logical cores: 32
Threads (logical cores) per physical core: 2
Num sockets: 1
Physical cores per socket: 16
Last level cache slices per socket: 16
Core PMU (perfmon) version: 5
Number of core PMU generic (programmable) counters: 8
Width of generic (programmable) counters: 48 bits
Number of core PMU fixed counters: 4
Width of fixed counters: 48 bits
Nominal core frequency: 2400000000 Hz
IBRS enabled in the kernel   : yes
STIBP enabled in the kernel  : no
The processor is not susceptible to Rogue Data Cache Load: yes
The processor supports enhanced IBRS                     : yes
Package thermal spec power: 135 Watt; Package minimum power: 72 Watt; Package maximum power: 557 Watt;

INFO: Linux perf interface to program uncore PMUs is present
Socket 0: 4 memory controllers detected with total number of 8 channels. 0 UPI ports detected. 4 M2M (mesh to memory) blocks detected. 0 HBM M2M blocks detected. 0 EDC/HBM channels detected. 0 Home Agents detected. 0 M3UPI blocks detected.
Socket 0: 1 PCU units detected. 6 IIO units detected. 6 IRP units detected. 16 CHA/CBO units detected. 0 MDF units detected. 1 UBOX units detected. 0 CXL units detected.
Initializing RMIDs

parsed  cha event: "drd_occ_agg" : {0xc8168600400136, 0x0, 0x0, 0x0, 0x0, 0x0}
parsed  cha event: "drd_inserts" : {0xc8168600400135, 0x0, 0x0, 0x0, 0x0, 0x0}

Detected Intel(R) Xeon(R) Silver 4314 CPU @ 2.40GHz "Intel(r) microarchitecture codename Icelake-SP" stepping 6 microcode level 0xd000421
Collecting 1 event group(s)
Update every 1 seconds
,,,SKT0C0,SKT0C0,SKT0C1,SKT0C1,SKT0C2,SKT0C2,SKT0C3,SKT0C3,SKT0C4,SKT0C4,SKT0C5,SKT0C5,SKT0C6,SKT0C6,SKT0C7,SKT0C7,SKT0C8,SKT0C8,SKT0C9,SKT0C9,SKT0C10,SKT0C10,SKT0C11,SKT0C11,SKT0C12,SKT0C12,SKT0C13,SKT0C13,SKT0C14,SKT0C14,SKT0C15,SKT0C15,
Date,Time,ms,drd_occ_agg,drd_inserts,drd_occ_agg,drd_inserts,drd_occ_agg,drd_inserts,drd_occ_agg,drd_inserts,drd_occ_agg,drd_inserts,drd_occ_agg,drd_inserts,drd_occ_agg,drd_inserts,drd_occ_agg,drd_inserts,drd_occ_agg,drd_inserts,drd_occ_agg,drd_inserts,drd_occ_agg,drd_inserts,drd_occ_agg,drd_inserts,drd_occ_agg,drd_inserts,drd_occ_agg,drd_inserts,drd_occ_agg,drd_inserts,drd_occ_agg,drd_inserts,
2026-09-30,18:50:09.548,1000,450654,6333,476007,6176,457537,6386,480030,6251,357422,6317,419952,6202,442798,6455,482677,6304,463110,6426,470122,6342,427015,6347,400607,6587,365923,6535,467006,6574,435296,6482,427960,6389,
2026-09-30,18:50:10.548,1000,334769,4737,353333,4579,331573,4652,352555,4601,267400,4742,313219,4645,326404,4769,349032,4576,335485,4676,332726,4505,321215,4776,295331,4824,269830,4800,355131,5016,326475,4878,312423,4683,
2026-09-30,18:50:11.548,999,329067,4691,349513,4559,318406,4467,354552,4635,266653,4676,317596,4718,311369,4567,356931,4672,327603,4609,327570,4431,327654,4871,297991,4874,270603,4816,347461,4895,325005,4856,318170,4756,
2026-09-30,18:50:12.548,999,353220,5007,351922,4597,343572,4824,368434,4818,283870,4956,335342,4997,340228,4998,385172,5049,342995,4833,370744,5010,351680,5233,312057,5082,295881,5224,361340,5117,343154,5155,337874,5048,
2026-09-30,18:50:13.548,999,336587,4783,350791,4586,320190,4480,350578,4573,267637,4695,327253,4854,322510,4709,357996,4682,318128,4486,344218,4646,324426,4830,295138,4847,277597,4947,354776,4995,329931,4926,309800,4633,
2026-09-30,18:50:14.548,1000,351693,4948,375901,4858,357016,4987,377269,4900,279747,4926,337727,4989,348351,5071,382198,5020,344922,4800,371353,5012,342107,5082,311917,5129,289029,5181,358699,5050,337249,5029,341498,5138,
2026-09-30,18:50:15.548,999,365125,5175,392998,5119,369874,5225,382893,5037,294921,5152,348199,5145,351501,5126,398442,5207,361633,5083,360946,4918,353272,5305,329760,5381,298756,5290,368526,5183,345358,5143,346038,5165,
2026-09-30,18:50:16.548,999,319568,4515,352828,4575,319512,4485,348171,4555,261380,4615,303648,4493,311951,4551,355965,4653,312800,4354,322539,4364,311299,4647,292942,4806,267196,4742,335362,4728,306803,4579,294876,4411,
2026-09-30,18:50:17.548,999,320368,4508,347208,4484,331223,4653,349884,4588,266141,4671,311663,4644,315630,4645,358244,4678,311692,4346,314911,4284,313746,4699,285725,4650,261674,4639,335307,4756,306531,4609,313938,4682,
2026-09-30,18:50:18.549,1000,315096,4431,344561,4466,331098,4650,352392,4620,261896,4613,302066,4470,320025,4675,366484,4794,325234,4524,333245,4513,310393,4645,288215,4729,260525,4641,335367,4721,305489,4562,311195,4664,
2026-09-30,18:50:19.548,999,350181,4972,387466,5060,353953,5003,384693,5067,302098,5234,341951,5065,352377,5146,394400,5159,351025,4930,368579,5017,339784,5093,328065,5277,302767,5296,375083,5276,342553,5106,343118,5111,
2026-09-30,18:50:20.548,999,343761,4851,384442,4995,340986,4775,369683,4813,289972,5069,338768,5018,343381,5013,377848,4973,340640,4764,350288,4726,328489,4892,314132,5121,281453,4965,355894,5013,334918,4998,337725,5076,
2026-09-30,18:50:21.548,999,297876,4221,322773,4202,291589,4073,317417,4137,246437,4329,283924,4193,302416,4410,319033,4168,286385,4022,304163,4109,285297,4268,265256,4362,239709,4269,312114,4401,284867,4250,304764,4557,
2026-09-30,18:50:22.549,1000,301763,4284,346805,4508,320015,4451,345794,4498,257925,4513,304927,4545,319802,4697,353484,4616,313492,4404,325462,4396,311085,4624,286103,4690,257988,4584,333385,4730,302904,4551,310185,4625,
2026-09-30,18:50:23.548,999,317190,4492,354181,4610,333030,4646,346376,4499,254171,4519,311600,4611,315541,4599,349836,4574,309788,4360,320024,4323,313121,4667,279896,4622,268790,4820,337138,4759,310898,4639,314850,4706,
2026-09-30,18:50:24.548,999,337423,4802,367460,4786,342867,4786,360213,4679,265131,4703,327384,4838,334007,4876,360415,4713,344270,4826,339423,4588,322582,4809,295310,4864,275495,4918,327565,4633,323867,4826,323878,4844,
2026-09-30,18:50:25.548,999,378269,5362,408331,5299,380630,5370,398279,5235,309174,5348,370075,5466,364619,5327,411538,5411,384600,5394,383313,5222,349507,5257,340201,5497,308397,5404,381297,5360,355261,5293,362240,5434,
2026-09-30,18:50:26.548,999,334074,4740,352977,4580,344197,4832,346868,4542,265317,4666,325009,4799,327039,4765,364380,4768,326171,4572,332122,4506,306726,4595,293412,4809,270939,4795,343033,4834,315168,4699,323164,4836,
2026-09-30,18:50:27.548,1000,327057,4617,365227,4741,343308,4816,343669,4500,272932,4806,328127,4878,325717,4770,358664,4688,326007,4558,335486,4557,305638,4569,303047,4978,268735,4778,337340,4770,320807,4801,333085,4969,
2026-09-30,18:50:28.548,999,339241,4800,382689,4962,339897,4785,362879,4749,289698,5126,332986,4929,328756,4798,372625,4872,322802,4529,355973,4844,316764,4761,307161,5047,265234,4707,349536,4923,329055,4902,332244,4958,
2026-09-30,18:50:29.548,999,300684,4238,314300,4096,309896,4327,303494,3948,240429,4287,282586,4192,280502,4107,319920,4186,288268,4058,306764,4147,283762,4227,268863,4455,236325,4213,302343,4273,285885,4276,280635,4195,
2026-09-30,18:50:30.549,1000,300786,4273,319249,4177,316218,4420,311589,4058,249430,4407,290797,4302,287654,4202,321745,4199,301597,4248,315527,4278,301786,4493,272025,4491,242123,4313,306226,4323,295397,4411,291304,4347,
2026-09-30,18:50:31.548,999,333774,4712,356194,4618,346697,4856,345310,4502,271090,4722,324465,4822,328770,4819,360671,4743,321338,4494,350649,4748,321327,4762,296075,4832,267010,4708,329828,4659,330925,4963,315627,4737,
2026-09-30,18:50:32.548,999,339581,4788,378392,4900,374424,5235,363801,4753,286142,5049,344737,5149,341148,5009,376169,4902,333722,4659,347502,4706,327895,4895,313502,5171,276143,4917,353349,5012,342448,5166,330889,4938,
2026-09-30,18:50:33.548,999,346199,4878,370134,4802,352571,4932,364929,4766,274959,4849,337441,5032,331549,4877,385862,5036,333224,4656,340870,4604,318121,4741,305607,5019,267548,4771,347350,4929,335050,5039,338342,5047,
2026-09-30,18:50:34.549,1000,335055,4715,368936,4784,338774,4787,352240,4643,265213,4634,327495,4844,331664,4842,375163,4892,332626,4658,346494,4716,310039,4664,296213,4811,270967,4783,356257,5018,329775,4914,317936,4733,
2026-09-30,18:50:35.548,999,349382,4944,384229,5005,352728,4980,369807,4887,285862,4997,355172,5245,348289,5076,394160,5152,340793,4790,366513,5014,333734,5045,323971,5255,292715,5190,356532,5020,348605,5177,339420,5053,
2026-09-30,18:50:36.548,999,334062,4742,374895,4879,357764,5006,366597,4800,273205,4741,341371,5038,342227,4989,374694,4929,346236,4864,363271,4906,328737,4897,314059,5098,284400,5027,355784,5007,337881,5020,322448,4843,
2026-09-30,18:50:37.548,999,332464,4697,356440,4633,340260,4749,352880,4612,259512,4559,317894,4734,325583,4775,359172,4690,328991,4618,338204,4569,307685,4584,286306,4687,260616,4637,343447,4868,328621,4924,321161,4794,
2026-09-30,18:50:38.549,1000,313435,4426,342236,4445,323913,4523,333212,4334,246011,4335,303537,4500,302940,4432,346784,4527,312244,4368,304808,4110,300959,4482,277817,4573,256201,4591,331662,4695,316158,4739,309144,4620,
2026-09-30,18:50:39.548,999,330498,4693,355970,4643,337565,4718,360022,4702,266702,4689,322192,4763,319603,4661,365704,4772,337345,4747,341780,4615,308461,4608,312224,5124,268506,4763,344882,4873,334092,4981,343242,5128,
2026-09-30,18:50:40.548,999,329781,4704,354183,4615,350457,4903,363659,4739,265005,4681,315434,4669,322158,4702,372371,4864,331631,4669,330590,4471,307784,4603,311649,5120,274607,4902,351203,4954,337784,5033,323372,4817,
2026-09-30,18:50:41.548,999,331264,4710,372850,4856,357086,4992,373764,4861,264441,4678,329488,4862,319181,4647,366495,4785,347843,4884,338979,4588,307683,4598,307357,5064,271352,4854,356816,5025,332570,4955,346943,5176,
2026-09-30,18:50:42.549,1000,336432,4774,380818,4943,356283,4973,375868,4899,271635,4715,332317,4935,327825,4798,373913,4908,336446,4725,350136,4726,312803,4661,309417,5063,277863,4909,349846,4936,323798,4854,315915,4717,
2026-09-30,18:50:43.548,999,338271,4812,374458,4889,339317,4745,359425,4686,253599,4468,322986,4783,311817,4552,366086,4781,326644,4596,333211,4504,313121,4677,295772,4848,278131,4937,351053,4948,328275,4905,323462,4825,
2026-09-30,18:50:44.548,999,337755,4783,360265,4670,331446,4634,345732,4507,252418,4469,313000,4637,308503,4501,355768,4640,327212,4578,328856,4450,309242,4616,296981,4892,270468,4844,344501,4854,315786,4722,321605,4792,
2026-09-30,18:50:45.549,1000,347372,4933,383930,4997,347794,4916,365952,4830,282598,4920,338246,5003,334541,4877,370998,4843,346459,4867,368779,5031,335893,5060,320172,5232,278814,4930,365610,5140,349235,5209,335883,4999,
2026-09-30,18:50:46.549,999,316523,4490,352551,4577,318461,4462,331862,4337,254435,4501,315411,4671,301665,4401,338833,4430,308642,4312,339295,4590,303402,4539,290279,4801,258992,4631,334022,4708,306491,4571,313390,4664,
2026-09-30,18:50:47.548,999,381073,5399,422920,5496,398944,5599,424904,5559,328433,5719,376372,5590,372938,5448,428910,5622,390066,5466,406413,5502,377396,5643,352200,5712,325191,5690,395162,5591,369864,5541,382910,5719,
2026-09-30,18:50:48.548,999,348703,4952,386207,5019,362790,5080,389443,5088,287867,5112,342462,5073,337622,4919,381835,4986,359776,5034,349475,4721,338221,5040,307405,5052,283635,5063,362001,5103,352468,5255,355464,5301,
2026-09-30,18:50:49.549,1000,372848,5293,434425,5637,385728,5439,397738,5238,309927,5388,375872,5568,363154,5304,422442,5508,387604,5445,397290,5419,358662,5395,333641,5403,323450,5674,390968,5508,372514,5546,384333,5724,
2026-09-30,18:50:50.549,999,332128,4729,370183,4832,349112,4871,348574,4549,263572,4655,323862,4802,322376,4702,366685,4784,344216,4824,330568,4471,317517,4739,295578,4850,285157,5088,346775,4889,315641,4702,331145,4940,
2026-09-30,18:50:51.548,999,337529,4806,367873,4806,348514,4869,351080,4583,277281,4873,334140,4944,324816,4737,377570,4931,344792,4854,347311,4699,314227,4693,303770,4982,287447,5092,358216,5045,310739,4630,331157,4935,
2026-09-30,18:50:52.548,999,352833,4992,384271,4985,357749,4986,365358,4755,272740,4816,341965,5089,324388,4753,364784,4754,346479,4844,339988,4597,321566,4785,309138,5081,285173,5100,354717,5018,326522,4890,335070,4988,
2026-09-30,18:50:53.549,1000,367193,5210,397121,5164,373574,5208,390773,5089,289187,5073,354246,5240,350911,5121,384841,5040,366539,5136,367794,4963,332687,4955,319457,5208,292431,5157,371512,5227,362210,5389,358828,5371,
2026-09-30,18:50:54.549,999,316396,4475,328852,4270,302903,4236,335972,4384,246788,4384,295176,4378,299292,4368,331094,4315,311101,4361,303810,4125,300471,4481,285607,4707,253206,4537,317374,4471,315810,4699,317291,4730,
2026-09-30,18:50:55.548,999,352326,5020,388391,5068,357769,5070,371015,4908,290343,4999,344035,5107,356325,5216,385721,5029,354597,4999,355106,4849,331786,4986,314563,5082,293553,5133,367285,5183,359005,5373,356669,5297,
2026-09-30,18:50:56.548,999,332161,4713,358611,4669,333447,4670,347776,4555,265816,4644,331300,4938,324865,4758,361285,4718,338140,4734,329194,4455,315252,4700,291586,4741,271230,4804,341850,4839,321580,4815,333034,4972,
2026-09-30,18:50:57.549,1000,345832,4894,372931,4837,346650,4842,359324,4681,270134,4723,324901,4875,325887,4791,377097,4915,325737,4573,338187,4573,321224,4777,300468,4907,271509,4798,339105,4821,319368,4820,332722,4960,
2026-09-30,18:50:58.549,999,345854,4884,364367,4722,323671,4524,348724,4554,255531,4490,312624,4627,314492,4588,351154,4610,330969,4614,331427,4486,307065,4568,292913,4802,258651,4590,324744,4576,310346,4626,315765,4730,
2026-09-30,18:50:59.548,999,328780,4641,359132,4663,326653,4579,345389,4511,254720,4472,316464,4717,305825,4483,336461,4386,318566,4461,328603,4449,298178,4442,282218,4636,259191,4609,325137,4602,299486,4506,304770,4545,
2026-09-30,18:51:00.549,1000,355887,5005,379034,4910,340987,4772,368607,4816,275532,4862,331303,4953,323611,4745,371891,4848,346180,4830,354467,4793,317267,4728,307488,5036,280323,4969,350951,4982,328334,4933,336720,5015,
2026-09-30,18:51:01.549,999,346991,4907,382595,4961,340800,4761,361894,4721,269504,4752,326141,4840,322406,4736,372279,4845,330763,4618,339868,4592,306077,4554,295541,4839,264815,4716,338743,4798,323970,4855,336719,5020,
2026-09-30,18:51:02.549,999,343105,4842,367819,4767,347893,4860,365522,4765,273598,4798,330837,4952,327673,4815,379600,4951,343281,4797,343873,4644,306016,4561,302996,4950,271523,4811,345260,4906,329889,4971,329473,4911,
2026-09-30,18:51:03.548,999,623385,8911,685346,8966,643226,9022,688749,9027,532292,9138,624498,9275,633697,9278,706376,9251,645850,9131,673057,9080,616934,9182,575867,9241,526579,9168,659627,9281,632923,9427,630726,9401,
2026-09-30,18:51:04.549,1000,400328,5652,444420,5753,404842,5724,468648,6162,351985,6008,406752,6062,411008,6029,459658,6030,417315,5828,427120,5822,403937,6067,379025,6066,334282,5787,418491,5911,402261,6034,405298,6061,
2026-09-30,18:51:05.549,999,369247,5216,385604,5007,370601,5247,410879,5420,301934,5264,348631,5174,348970,5086,401591,5240,363771,5100,366798,5020,336174,5081,330727,5380,299039,5263,387216,5449,356536,5320,360196,5364,
2026-09-30,18:51:06.549,999,460498,6475,504723,6521,491368,6863,517978,6747,393901,6760,428438,6588,435918,6584,522528,6815,473818,6602,470440,6347,447254,6653,425993,6813,388278,6743,464391,6716,436316,6717,459616,6829,
2026-09-30,18:51:07.548,999,383175,5446,424238,5529,401452,5609,419987,5485,303978,5348,369595,5504,374101,5480,435171,5669,373474,5261,398603,5384,358369,5344,337741,5530,316987,5648,396630,5607,366843,5492,382507,5699,
2026-09-30,18:51:08.549,1000,351002,4993,397689,5170,356396,4981,376335,4914,280952,4954,344951,5122,340008,4971,389501,5078,336991,4738,349914,4729,336277,4999,320152,5243,288630,5109,365443,5159,338880,5069,355348,5298,
2026-09-30,18:51:09.549,999,340605,4822,369590,4809,339982,4763,360052,4708,267063,4704,325113,4813,321516,4689,374717,4877,327801,4581,341294,4610,312587,4667,296152,4857,277710,4962,349172,4924,323300,4825,328655,4895,
2026-09-30,18:51:10.549,999,357590,5068,392160,5114,364770,5106,396380,5171,283586,4934,347033,5123,351938,5132,394905,5182,353750,4966,365675,4929,323006,4803,308429,5021,290733,5132,363525,5116,340382,5069,336440,5038,
2026-09-30,18:51:11.548,999,336339,4822,368668,4842,350161,4905,362525,4733,273975,4788,339095,5028,337854,4943,371985,4851,320970,4543,348852,4708,315757,4704,316122,5153,284977,5025,347292,4891,325652,4867,327122,4873,
2026-09-30,18:51:12.549,1000,332405,4735,358519,4680,328779,4595,355014,4628,279415,4888,311607,4646,318487,4665,357529,4662,314092,4435,343471,4639,324769,4834,292689,4773,265098,4695,329620,4658,308281,4620,321269,4774,
2026-09-30,18:51:13.549,999,324401,4631,343864,4511,330620,4624,354055,4614,265292,4654,320971,4751,331122,4825,354365,4627,308930,4376,341347,4613,314775,4692,289588,4723,263939,4674,332679,4684,305681,4558,313386,4650,
2026-09-30,18:51:14.548,999,313784,4465,336204,4381,304168,4259,355858,4635,251910,4424,301919,4481,312605,4563,342447,4465,291585,4120,312545,4220,297013,4441,281176,4605,246522,4395,314472,4440,287292,4286,302943,4506,
2026-09-30,18:51:15.549,1000,395717,5606,419658,5464,386340,5464,431411,5678,319577,5509,391022,5780,388713,5664,435487,5715,401924,5642,414277,5640,365984,5521,351835,5712,311563,5461,403684,5677,368648,5496,368138,5507,
2026-09-30,18:51:16.549,999,353165,5010,379498,4934,343538,4817,386913,5047,288172,5048,340682,5076,348445,5098,385617,5039,359377,5047,370792,5014,326137,4880,310281,5071,282405,4997,356296,5039,341770,5110,339848,5056,
2026-09-30,18:51:17.549,999,341375,4827,364431,4747,321647,4495,359282,4682,276019,4871,315907,4725,327402,4819,377198,4919,327224,4577,337849,4562,310547,4626,285702,4670,263138,4661,338975,4779,313099,4718,314200,4669,
2026-09-30,18:51:18.548,999,319385,4516,349073,4551,333253,4665,352936,4602,264798,4685,302261,4491,315100,4614,356025,4645,323965,4544,318624,4306,291958,4361,285977,4685,255722,4550,335260,4739,315131,4724,316917,4723,
2026-09-30,18:51:19.549,1000,317679,4495,355977,4630,319859,4482,334083,4369,259265,4582,311839,4631,304255,4454,359043,4681,313205,4395,316559,4289,296686,4445,281613,4621,256047,4567,319676,4530,296564,4448,304372,4532,
2026-09-30,18:51:20.549,999,351086,4954,392127,5090,360326,5110,379941,5023,303639,5292,335203,4982,351568,5133,404117,5262,357576,4999,358355,4887,331250,5002,322368,5202,291030,5122,374979,5294,328408,4908,343767,5113,
2026-09-30,18:51:21.549,999,307973,4346,361771,4682,334644,4677,344829,4493,263412,4603,307918,4584,326631,4776,361392,4738,314150,4397,325569,4410,310860,4653,300765,4882,275416,4869,339463,4793,306588,4593,317512,4759,
2026-09-30,18:51:22.549,1000,300457,4245,335256,4353,317205,4439,327036,4269,248759,4395,295758,4424,300771,4422,346480,4512,285987,4002,318538,4307,295993,4428,281088,4604,256184,4566,318658,4530,283627,4267,298006,4441,
2026-09-30,18:51:23.549,999,339970,4804,383684,4975,362514,5063,375302,4893,285631,5040,337633,5068,355997,5255,399043,5197,346454,4832,357101,4832,340843,5081,319109,5220,299129,5305,361826,5160,334979,5067,327154,4869,
2026-09-30,18:51:24.549,999,344796,4859,380081,4920,353041,4939,379411,4953,280799,5011,318678,4734,333456,4874,384984,5026,330494,4594,348346,4711,343449,5136,316820,5242,296619,5326,352404,4986,337954,5062,340042,5071,
2026-09-30,18:51:25.549,999,360858,5079,388920,5034,364685,5154,402874,5312,299195,5228,353432,5279,341085,5020,408618,5336,346290,4829,358439,4899,343986,5189,336458,5473,302669,5349,382367,5424,343471,5179,348900,5200,
2026-09-30,18:51:26.549,1000,341635,4807,359483,4653,345520,4843,381855,4988,285636,5022,326081,4822,328578,4791,387268,5083,331197,4610,340551,4613,322318,4817,308596,5048,288018,5126,363841,5136,336262,5024,317557,4756,
2026-09-30,18:51:27.549,999,343677,4829,374175,4845,347623,4876,373527,4894,288029,5031,333756,5025,331746,4905,401352,5229,321256,4471,344804,4664,317190,4740,320479,5214,290888,5149,355244,5069,331462,5025,336853,5030,
2026-09-30,18:51:28.549,999,332422,4687,362474,4707,342052,4793,367973,4811,275313,4830,331332,4946,324695,4764,382773,4994,339693,4741,336917,4564,321687,4807,319573,5235,278360,4942,361887,5127,332405,5001,329538,4920,
2026-09-30,18:51:29.548,999,321450,4534,363408,4701,324086,4561,347988,4554,259354,4565,305667,4540,328488,4808,369400,4811,309762,4338,325590,4418,309653,4638,291798,4778,280629,4999,338562,4793,322471,4832,315739,4708,
2026-09-30,18:51:30.549,1000,306876,4314,337227,4351,305244,4280,330517,4309,246005,4370,293095,4337,302885,4425,347736,4528,292799,4075,306109,4148,285137,4262,281630,4663,254785,4556,316237,4464,292642,4376,301461,4500,
2026-09-30,18:51:31.549,999,316655,4474,346684,4493,319596,4480,337137,4400,253158,4497,288420,4279,307538,4492,353111,4596,304383,4236,302674,4119,297244,4437,278452,4568,252532,4510,323543,4574,299493,4486,305867,4570,
2026-09-30,18:51:32.549,999,377878,5323,406137,5251,375721,5290,395613,5181,310937,5430,354900,5285,361739,5295,422075,5529,388192,5402,373425,5085,363544,5462,352216,5731,309326,5436,394454,5580,363634,5447,357532,5350,
2026-09-30,18:51:33.549,1000,333624,4697,362515,4694,332212,4669,367175,4807,272371,4799,315188,4678,337055,4921,364752,4754,335018,4655,330457,4488,319326,4796,324598,5333,282695,5038,353631,4995,330635,4955,331782,4945,
2026-09-30,18:51:34.549,999,327405,4614,347350,4499,316349,4459,346114,4532,262752,4650,305618,4521,324997,4737,351111,4578,326517,4542,324660,4412,307146,4602,312287,5142,259261,4603,333523,4702,322621,4823,304883,4542,
2026-09-30,18:51:35.549,999,396715,5565,427533,5531,384869,5513,411663,5485,325379,5619,369481,5472,374597,5465,423588,5513,375698,5229,386818,5326,358809,5466,362230,5871,317534,5550,391110,5511,392357,5852,380084,5658,
2026-09-30,18:51:36.549,999,373721,5251,395574,5109,365094,5145,376015,4950,294152,5170,358954,5298,345184,5035,399756,5218,355622,4949,362651,4939,342120,5127,339763,5576,303977,5404,367832,5188,362819,5410,351043,5235,
2026-09-30,18:51:37.549,1000,365324,5128,367220,4757,359258,5059,376601,4946,297251,5170,340425,5052,349419,5115,397001,5200,354760,4938,357705,4870,330308,4964,324434,5281,293962,5179,365050,5154,342639,5135,348343,5205,
2026-09-30,18:51:38.549,999,342536,4813,371770,4818,354124,4984,371182,4863,299555,5258,339136,5071,337458,4971,396702,5170,341659,4725,352728,4788,330714,4943,317234,5164,285491,5007,361394,5136,339045,5113,343125,5113,
2026-09-30,18:51:39.549,999,325448,4585,361592,4677,339555,4790,354552,4669,279513,4900,321875,4774,318885,4656,379427,4948,321216,4476,330989,4511,307692,4622,296050,4853,266328,4713,336960,4753,319700,4786,322307,4800,
2026-09-30,18:51:40.549,999,314521,4432,352275,4570,326226,4595,363041,4751,272433,4806,311019,4609,323526,4721,369837,4829,315168,4397,336350,4577,314695,4721,305091,5036,269015,4767,343348,4850,327121,4888,323557,4828,
2026-09-30,18:51:41.549,1000,335741,4725,362716,4699,334245,4675,365482,4774,266813,4736,325951,4824,324621,4731,359085,4684,317295,4419,337639,4583,308782,4634,293355,4869,271938,4865,336827,4761,329693,4928,321049,4779,
2026-09-30,18:51:42.549,999,345600,4861,366820,4745,331381,4665,362173,4756,281610,4926,328965,4897,325393,4771,366038,4780,323015,4502,335726,4570,317914,4794,303374,4954,273844,4840,332222,4707,330746,4959,319873,4764,
2026-09-30,18:51:43.549,999,345180,4857,365742,4722,357224,5021,382811,5007,278600,4882,335727,4955,344875,5023,382538,5015,330485,4592,343642,4673,327092,4905,315299,5145,282804,5018,355144,4998,338601,5049,343979,5149,
2026-09-30,18:51:44.550,1000,352849,4965,368438,4773,337622,4759,382319,5008,281446,4934,334462,4946,347258,5066,380082,4966,341008,4746,339080,4619,317363,4780,320481,5257,273575,4867,349067,4913,338215,5040,327302,4881,
2026-09-30,18:51:45.549,999,345171,4860,349206,4516,325545,4631,356698,4728,271295,4735,318797,4709,325961,4753,381094,4976,325837,4527,330495,4541,313400,4754,319526,5226,267019,4727,330126,4644,330860,4924,326414,4865,
2026-09-30,18:51:46.549,999,318565,4478,319546,4137,306605,4315,331729,4352,254732,4495,297249,4407,300069,4381,355067,4637,298356,4161,304181,4151,283543,4258,287013,4731,243876,4310,313421,4415,295072,4406,298758,4458,
2026-09-30,18:51:47.549,999,331037,4667,353552,4581,334904,4696,355926,4658,279125,4871,320127,4832,328867,4870,379116,4942,318681,4429,318738,4335,299150,4480,302792,4926,275210,4854,342735,4884,304631,4639,321372,4791,
2026-09-30,18:51:48.550,1000,360716,5077,385156,4979,356559,4996,384437,5026,294951,5165,340378,5049,347869,5088,393555,5156,353456,4918,356033,4835,333046,4973,328700,5361,289706,5138,374114,5290,343446,5140,344284,5172,
2026-09-30,18:51:49.549,999,352354,4971,363382,4712,352008,4950,377754,4960,288902,5084,326939,4837,339160,4953,401079,5233,352608,4912,349299,4762,323992,4875,322355,5314,279086,4964,356131,5034,322909,4827,338823,5041,
2026-09-30,18:51:50.549,999,349712,4916,363485,4686,345866,4899,383117,5054,299258,5247,336818,4966,337554,4916,404902,5268,351566,4893,353121,4837,336951,5110,335440,5491,285907,5041,353944,4981,320161,4780,347905,5163,
2026-09-30,18:51:51.549,999,306806,4331,339603,4400,314466,4431,331018,4339,264091,4667,304939,4505,301954,4397,338942,4420,312854,4369,307756,4203,306275,4610,288556,4749,250596,4445,324423,4575,285636,4258,301455,4491,
2026-09-30,18:51:52.550,1000,363702,5137,386558,5005,369785,5203,378472,4965,299301,5254,345371,5157,341810,5011,407215,5308,351399,4915,357452,4868,340536,5110,334664,5473,291808,5154,358261,5082,340758,5117,354126,5255,
2026-09-30,18:51:53.549,999,318678,4504,344062,4457,335349,4709,343046,4494,266002,4705,322195,4775,310055,4520,380467,4956,309104,4322,345305,4698,311376,4671,300766,4943,260512,4643,325189,4591,306985,4595,321402,4784,
2026-09-30,18:51:54.549,999,330480,4669,351214,4552,338133,4730,349746,4570,269821,4745,317639,4696,318242,4639,375438,4913,315704,4426,344206,4674,310126,4632,309248,5078,259559,4611,329964,4650,317254,4733,308383,4610,
2026-09-30,18:51:55.549,999,368037,5185,385906,4999,368708,5274,391005,5198,303075,5242,353542,5239,347548,5074,411614,5369,365153,5093,370298,5107,342150,5195,340954,5527,292916,5143,377470,5302,352581,5257,343849,5115,
2026-09-30,18:51:56.550,1000,323890,4567,331519,4310,325429,4579,340277,4448,260165,4596,304690,4516,306477,4478,360338,4694,316750,4434,334930,4551,314104,4695,294041,4815,265751,4715,329492,4648,309863,4630,313283,4668,
2026-09-30,18:51:57.549,999,310585,4384,324313,4209,305061,4295,324182,4257,252003,4396,296599,4418,296278,4344,340954,4448,289891,4062,307367,4189,301328,4528,280974,4592,250204,4430,300786,4267,291508,4372,290711,4320,
2026-09-30,18:51:58.549,999,325339,4591,350394,4553,318167,4472,335569,4395,253242,4461,314587,4672,313832,4576,346877,4519,323273,4512,320904,4368,313703,4700,301342,4950,264261,4702,333650,4715,312307,4666,315802,4701,
2026-09-30,18:51:59.549,999,359478,5055,386743,5003,366385,5154,375289,4925,288680,5074,354508,5254,337986,4937,380294,4954,354907,4950,365949,4984,347457,5215,320150,5267,287418,5104,373675,5269,341764,5115,354900,5277,
2026-09-30,18:52:00.550,1000,359243,5055,375688,4876,352587,4943,390045,5097,280546,4917,331473,4899,344074,5019,389095,5084,353668,4929,363361,4935,339775,5076,321413,5276,279316,4944,367705,5182,323483,4838,339946,5076,
2026-09-30,18:52:01.549,999,319877,4518,336728,4363,316017,4448,333876,4380,254304,4473,297748,4410,298273,4352,348448,4534,309585,4322,314015,4289,297054,4468,285928,4709,246779,4394,335715,4724,303780,4536,305732,4555,
2026-09-30,18:52:02.549,999,343732,4830,362852,4700,332732,4663,359642,4695,281315,4976,328800,4890,324219,4751,373878,4864,331912,4630,342741,4648,318435,4768,298852,4929,268088,4796,363620,5149,316918,4753,315241,4693,
2026-09-30,18:52:03.549,999,329032,4620,353912,4581,324769,4534,345120,4510,262966,4652,307035,4585,308430,4530,362409,4720,336134,4691,338591,4579,312247,4669,292253,4811,260353,4654,332795,4720,301743,4538,302016,4496,
2026-09-30,18:52:04.550,1000,307050,4321,341709,4420,324047,4527,347859,4535,257003,4551,304000,4526,305422,4476,356916,4648,317129,4429,330058,4467,311532,4645,284505,4653,258008,4610,347108,4914,300581,4516,304144,4519,
2026-09-30,18:52:05.549,999,395802,5542,439394,5673,388995,5589,427284,5694,332848,5590,374250,5626,379833,5620,436408,5709,403889,5630,407763,5620,375581,5702,377264,5996,332381,5704,424844,6035,380835,5767,391916,5820,
2026-09-30,18:52:06.549,999,673952,9383,724785,9266,678542,9561,729243,9579,583010,9445,608897,9591,623185,9624,733901,9644,683343,9435,696786,9417,647988,9662,652937,10020,584092,9690,672292,9899,618638,9817,636908,9459,
2026-09-30,18:52:07.549,999,414420,5832,454269,5874,419762,5891,435841,5696,321985,5634,388185,5837,391006,5765,451541,5875,397581,5536,413532,5618,405500,6069,368956,6037,344144,6092,418405,5951,391937,5923,396720,5913,
2026-09-30,18:52:08.550,1000,370686,5217,408814,5273,382421,5360,408838,5352,299126,5245,352778,5289,350085,5149,399381,5205,353495,4925,363613,4932,356944,5346,342964,5613,303218,5373,381485,5427,359264,5429,351682,5235,
2026-09-30,18:52:09.550,999,325208,4601,360543,4667,347513,4865,363461,4744,279516,4947,328951,4903,317590,4666,370055,4809,322936,4501,325401,4403,316503,4724,301421,4954,272700,4871,343332,4863,325291,4886,326221,4860,
2026-09-30,18:52:10.549,999,313561,4420,349731,4514,334746,4680,353527,4606,257544,4563,304166,4506,307085,4488,359029,4680,305466,4271,311689,4225,299039,4470,282389,4663,261403,4679,329218,4652,307174,4601,303347,4512,
2026-09-30,18:52:11.549,999,385135,5438,406994,5290,379835,5311,407200,5302,307884,5359,373990,5589,357069,5252,408636,5343,368383,5161,372711,5038,351147,5224,336586,5449,308848,5413,373980,5291,358612,5393,358064,5346,
2026-09-30,18:52:12.550,1000,334617,4725,383181,4966,355252,4979,380010,4958,285220,5007,340566,5084,325877,4783,383510,4994,344233,4819,358152,4869,343598,5130,305032,4993,288956,5139,333127,4729,319087,4800,327214,4855,
2026-09-30,18:52:13.550,999,308293,4357,343777,4460,332991,4676,346676,4538,263777,4660,307193,4548,306293,4467,353713,4598,315404,4396,322508,4391,306628,4606,275901,4525,260405,4626,326939,4607,298797,4461,298564,4432,
2026-09-30,18:52:14.549,999,293614,4140,323980,4210,316553,4435,325990,4256,246963,4370,288790,4291,291781,4263,332404,4325,291210,4068,293742,3981,279484,4182,256675,4220,249571,4432,297719,4209,280499,4199,287076,4268,
2026-09-30,18:52:15.549,999,347817,4904,388673,5035,347113,4937,378417,5015,290351,5034,343466,5089,339254,4949,395118,5151,347604,4847,339103,4670,332233,5011,308710,4999,294266,5182,348701,4922,340639,5097,342676,5099,
2026-09-30,18:52:16.550,1000,359175,5049,388042,5031,350487,4924,391823,5124,294172,5157,351443,5197,349354,5095,396248,5190,351974,4905,354015,4801,337530,5049,317596,5186,298609,5255,367718,5191,349153,5214,353568,5278,
2026-09-30,18:52:17.550,999,350254,4927,392244,5074,352639,4964,382227,5005,290505,5113,334287,4983,344958,5053,390433,5099,338650,4724,356581,4857,333315,5014,309137,5049,298000,5267,359654,5100,334193,5022,357112,5318,
2026-09-30,18:52:18.549,999,320534,4527,357769,4621,332884,4667,350330,4572,267608,4707,308738,4613,303802,4460,367187,4798,307144,4304,325773,4427,309626,4654,291211,4769,279662,4952,340117,4825,312679,4695,326161,4843,
2026-09-30,18:52:19.549,999,339526,4768,357590,4608,339520,4741,351863,4577,272733,4836,319235,4749,312745,4581,361814,4725,311928,4339,338056,4582,308178,4619,299144,4944,272245,4870,353568,5009,309063,4638,319292,4759,
2026-09-30,18:52:20.550,1000,396118,5548,433907,5579,389537,5497,397340,5229,319599,5569,358809,5340,359929,5278,414412,5403,372796,5177,391233,5343,355188,5361,350166,5694,320047,5623,394128,5574,368082,5525,378299,5625,
2026-09-30,18:52:21.550,999,335191,4724,366357,4728,342207,4785,346752,4521,260526,4603,315500,4695,318263,4653,365956,4777,318929,4435,327208,4437,317483,4750,305322,5041,260986,4635,328407,4640,305268,4585,328435,4894,
2026-09-30,18:52:22.550,999,374417,5264,401745,5188,376609,5270,392344,5114,298888,5212,365245,5472,353377,5203,411391,5383,353500,4920,388492,5272,351147,5251,347735,5681,307537,5433,384986,5471,337398,5093,361764,5399,
2026-09-30,18:52:23.549,999,342046,4807,370705,4788,341512,4820,351160,4619,267993,4694,328905,4874,324857,4751,367878,4800,333526,4657,334442,4579,328373,4939,312898,5135,286600,5074,337522,4776,314859,4715,332943,4965,
2026-09-30,18:52:24.550,1000,341929,4821,370588,4798,343504,4835,363203,4748,281186,4941,318956,4736,333454,4876,367744,4802,330841,4636,341539,4667,330284,4939,316838,5186,285068,5065,351641,4973,331118,4955,333962,4987,
2026-09-30,18:52:25.550,999,394613,5569,418996,5429,387243,5473,408841,5372,305666,5367,363163,5373,372039,5431,424107,5521,379453,5296,399492,5464,359941,5428,344856,5659,323674,5757,393240,5553,359704,5371,377453,5633,
2026-09-30,18:52:26.550,999,383800,5397,405148,5234,388380,5445,406805,5312,296498,5231,353067,5233,352724,5141,396360,5172,363034,5072,366163,4985,336032,5047,327041,5387,305717,5459,389881,5506,350537,5231,366258,5480,
2026-09-30,18:52:27.549,999,380487,5374,415129,5386,380080,5356,413724,5418,312973,5401,357987,5326,350118,5135,424490,5546,379430,5296,382531,5211,361664,5414,352713,5707,318715,5591,400444,5670,366401,5495,365302,5462,
2026-09-30,18:52:28.550,1000,375024,5282,383167,4967,357227,5013,393033,5125,280197,4922,335186,4969,343811,5015,390384,5086,344596,4816,361020,4902,330536,4962,324642,5322,289781,5160,378786,5346,348711,5206,348790,5207,
2026-09-30,18:52:29.550,999,353791,4981,362376,4697,347600,4872,357158,4665,267824,4723,322621,4781,330201,4833,370681,4831,325342,4536,342148,4631,321933,4837,308050,5059,284374,5058,373165,5279,336347,5030,341644,5089,
2026-09-30,18:52:30.550,999,341049,4815,357772,4639,333599,4660,335413,4383,269014,4747,310391,4625,316745,4653,356035,4647,325357,4548,327489,4429,308889,4628,301729,4960,276378,4920,362327,5138,319650,4809,334499,4985,
2026-09-30,18:52:31.550,1000,318273,4496,355187,4605,323432,4526,344752,4500,257184,4512,307879,4598,314246,4613,335748,4379,316150,4420,321400,4355,304072,4537,288699,4711,261817,4638,355043,5054,300576,4536,317614,4737,
2026-09-30,18:52:32.550,999,343369,4859,379253,4932,351584,4929,384196,5013,277422,4870,319699,4797,329974,4866,363780,4743,342078,4782,337405,4571,322504,4802,313448,5109,289806,5129,364560,5194,318948,4822,337440,5022,
2026-09-30,18:52:33.550,999,355695,5045,369671,4808,338585,4744,360905,4712,282571,4960,311885,4617,333081,4851,367147,4803,334948,4697,337391,4578,310316,4632,305232,4979,281540,4962,356126,5015,318779,4760,335901,5010,
2026-09-30,18:52:34.549,999,356880,5056,370765,4820,350148,4912,369752,4821,288911,5096,315898,4686,329681,4811,373607,4858,332567,4659,334747,4553,331964,4967,302499,4967,290732,5181,367007,5181,325791,4867,342785,5092,
2026-09-30,18:52:35.550,1000,434208,6116,451974,5848,425956,6087,431211,5740,343949,5938,391330,5797,390203,5696,456349,5944,397872,5564,405191,5601,390308,5949,370743,5996,353384,6191,438328,6165,405561,6047,419383,6226,
2026-09-30,18:52:36.550,999,349457,4945,363287,4716,353458,4948,372356,4856,272242,4823,305369,4530,315813,4616,365339,4768,330063,4618,344955,4690,330366,4952,309332,5088,285103,5081,359895,5085,329272,4917,343447,5117,
2026-09-30,18:52:37.550,999,369183,5208,385032,5019,369498,5168,381382,4963,302968,5291,337453,5075,343364,5077,398705,5192,360170,5047,375020,5076,349123,5210,327221,5312,293039,5170,375754,5361,333984,5069,354556,5269,
2026-09-30,18:52:38.550,999,341792,4856,368898,4806,347049,4847,374422,4872,288851,5057,327900,4890,335955,4917,387365,5065,338790,4743,348927,4715,339333,5060,314752,5133,281680,4977,352008,4989,326151,4903,333174,4959,
2026-09-30,18:52:39.550,1000,320881,4542,351205,4573,342334,4786,356934,4646,273673,4814,293343,4375,314193,4614,363028,4733,315773,4432,342287,4634,328536,4897,304137,4972,268378,4793,331699,4712,320256,4818,321171,4764,
2026-09-30,18:52:40.550,999,309342,4393,341249,4441,321427,4497,341026,4449,252818,4472,297470,4402,303189,4427,345444,4504,312227,4368,331367,4493,307588,4586,287073,4719,254537,4561,325819,4608,309521,4620,306079,4548,
2026-09-30,18:52:41.550,999,301730,4284,333141,4325,307360,4299,331404,4330,245217,4336,284731,4219,288094,4218,344852,4495,295831,4149,306313,4133,288116,4292,275827,4542,244012,4344,314909,4455,302955,4540,301757,4481,
2026-09-30,18:52:42.550,999,340887,4825,371206,4819,334426,4689,359234,4698,278438,4893,332575,4957,335137,4920,386617,5033,326062,4562,332513,4510,312831,4680,303620,4974,272628,4834,342743,4863,325216,4892,334467,4970,
2026-09-30,18:52:43.550,1000,334035,4729,356268,4631,329187,4597,349837,4551,269108,4784,326533,4824,322948,4705,375437,4886,319299,4468,325638,4412,313797,4687,287462,4729,257141,4606,340834,4812,312698,4667,325262,4836,
2026-09-30,18:52:44.550,999,374277,5295,414660,5375,384122,5393,416595,5437,318919,5532,368600,5469,359467,5256,432306,5644,365343,5131,380645,5181,359745,5400,339966,5519,313451,5535,391661,5530,368215,5500,376493,5607,
2026-09-30,18:52:45.550,999,346202,4910,375744,4895,349765,4958,376135,4959,294384,5131,343513,5094,341322,4970,384409,5009,341982,4790,355954,4863,329644,4979,322500,5233,287157,5059,369542,5214,349486,5214,344756,5130,
2026-09-30,18:52:46.550,999,350507,4935,381886,4935,341059,4774,369211,4821,270008,4763,324267,4797,328952,4795,364411,4755,325438,4551,356000,4835,315985,4731,311959,5112,269210,4779,353491,4998,330747,4933,333592,4973,
2026-09-30,18:52:47.550,1000,354873,5010,381643,4946,340956,4773,375024,4907,278270,4872,333328,4967,331246,4863,381216,4978,327225,4563,352927,4786,323794,4850,318585,5211,272235,4814,344055,4887,328101,4937,332365,4954,
2026-09-30,18:52:48.550,999,338442,4795,371361,4815,334763,4683,362232,4735,272478,4794,329844,4902,341245,5003,382762,5001,317795,4452,351897,4772,320394,4782,306704,5019,267002,4725,349692,4955,330853,4964,321624,4803,
2026-09-30,18:52:49.550,999,314554,4450,328597,4270,320660,4469,346072,4504,249420,4385,297858,4444,306129,4503,354348,4625,299364,4191,330011,4454,294896,4384,277012,4530,251763,4453,318862,4533,303630,4576,307697,4597,
2026-09-30,18:52:50.550,999,356786,5040,378988,4905,350958,4960,384617,5064,303838,5207,341854,5078,350956,5139,398880,5216,341311,4774,362388,4933,342637,5154,320509,5146,292817,5073,374149,5282,356814,5342,353625,5274,
2026-09-30,18:52:51.550,1000,298857,4225,332414,4316,307096,4294,336330,4378,250980,4437,295788,4402,315786,4626,343950,4488,307107,4290,308259,4171,304799,4534,273937,4518,250948,4460,311421,4423,290167,4367,299968,4477,
2026-09-30,18:52:52.550,999,340633,4816,370149,4815,341722,4769,381627,4970,282370,4966,323398,4833,343325,5060,386214,5032,342691,4783,353017,4772,335250,4989,311444,5098,293220,5175,358941,5108,327714,4940,342028,5103,
2026-09-30,18:52:53.550,999,333324,4719,360284,4678,334447,4662,359028,4666,265330,4718,309356,4598,320885,4700,361509,4715,315382,4410,335513,4534,304290,4522,291433,4822,268743,4824,345084,4889,319259,4790,335034,5003,
2026-09-30,18:52:54.550,999,355442,5026,378807,4901,357605,4989,363885,4730,281204,4941,336389,5030,325465,4791,377947,4933,331230,4632,348740,4716,322049,4798,315514,5176,273286,4844,355792,5057,321344,4859,329262,4914,
2026-09-30,18:52:55.550,1000,400754,5626,439039,5661,399969,5660,426423,5624,325671,5650,379153,5641,384113,5636,417525,5453,370827,5176,387204,5301,371021,5599,367118,5949,325508,5706,408428,5789,378749,5687,376546,5618,
2026-09-30,18:52:56.550,999,495293,6954,529025,6817,475381,6712,516635,6807,375621,6562,432836,6449,457643,6705,515633,6733,461715,6411,469397,6415,442556,6666,434409,7051,387699,6818,488348,6913,446703,6703,459835,6861,
2026-09-30,18:52:57.550,999,342054,4802,366431,4740,338800,4742,366367,4797,276220,4856,316518,4727,325272,4782,364465,4753,314508,4386,335543,4553,311609,4649,299139,4908,269475,4778,336298,4782,319196,4806,334886,4989,
2026-09-30,18:52:58.550,999,332877,4679,361183,4668,321362,4501,349512,4562,267392,4714,301087,4491,308808,4530,338999,4428,303647,4249,307716,4176,307596,4605,297683,4874,267730,4749,338579,4807,302158,4542,313489,4684,
2026-09-30,18:52:59.550,1000,329732,4646,351228,4548,317360,4437,354756,4626,264641,4672,307951,4599,309181,4541,347957,4540,309308,4308,322691,4373,309716,4623,283307,4660,268194,4768,324574,4623,309279,4667,309088,4620,
2026-09-30,18:53:00.550,999,352273,4956,383144,4960,343539,4820,373786,4880,277486,4861,323737,4821,325213,4774,372870,4863,344685,4795,336605,4577,332413,4988,314374,5134,288107,5096,351234,4987,335068,5041,336611,5018,
2026-09-30,18:53:01.550,999,373636,5262,395258,5120,370331,5191,388253,5079,299706,5222,345807,5153,360337,5281,395438,5176,367704,5125,361915,4900,350752,5251,332174,5413,301351,5312,360277,5114,353987,5315,360581,5395,
2026-09-30,18:53:02.550,999,360415,5066,395088,5102,368866,5150,377187,4907,290438,5127,337961,5059,345070,5081,384255,5006,351944,4892,348719,4728,337152,5044,324029,5311,284923,5053,363506,5178,332708,5043,343009,5104,
2026-09-30,18:53:03.551,1000,315369,4443,360762,4660,336951,4706,362945,4723,272233,4811,321673,4815,322952,4755,369610,4820,328959,4579,347298,4692,315656,4720,305547,5015,275653,4920,348895,4963,314088,4743,329222,4896,
2026-09-30,18:53:04.550,999,378643,5326,410187,5304,389582,5450,422952,5509,297268,5246,368022,5488,362746,5334,417581,5451,378860,5256,395908,5365,363044,5431,355218,5829,326585,5814,383791,5459,347639,5258,364776,5440,
2026-09-30,18:53:05.550,999,421903,5921,460096,5933,409972,5850,447866,5972,341852,5861,386424,5757,387517,5675,449420,5856,415546,5780,415681,5731,393538,5997,378772,6095,347698,6072,423408,5991,401877,6036,395332,5867,
2026-09-30,18:53:06.550,999,354222,4974,369702,4780,348989,4914,391109,5126,293926,5114,339151,5031,341865,5008,371802,4869,349116,4866,350839,4772,335698,5054,313453,5096,287366,5050,365301,5159,334900,5027,336459,5037,
2026-09-30,18:53:07.551,1000,323339,4540,388129,4999,327022,4600,378286,4962,280048,4920,315395,4696,318917,4687,359492,4681,321946,4485,322955,4389,321236,4827,294790,4823,271267,4792,347958,4942,329615,4970,332913,4949,
2026-09-30,18:53:08.550,999,362673,5100,387746,5000,348497,4922,398551,5218,296365,5183,330402,4913,338424,4954,395908,5153,345443,4810,363281,4945,332939,5009,316008,5142,291492,5155,371645,5259,344390,5164,346261,5161,
2026-09-30,18:53:09.550,999,318924,4475,346934,4485,307272,4309,336864,4398,248424,4420,292781,4336,299398,4372,342411,4452,318997,4428,307742,4169,293718,4384,282547,4655,261288,4680,337854,4776,294744,4413,304777,4545,
2026-09-30,18:53:10.550,999,332368,4673,363968,4694,330172,4646,364491,4767,270592,4800,312913,4633,327172,4776,360425,4696,334210,4639,331727,4501,308381,4629,290161,4786,269644,4816,347720,4912,319546,4782,326056,4862,
2026-09-30,18:53:11.551,1000,338121,4757,381210,4911,341505,4781,369835,4827,263742,4650,318379,4751,321328,4734,376054,4906,324706,4517,347216,4693,309591,4617,287183,4700,276959,4933,348885,4976,318775,4833,344137,5125,
2026-09-30,18:53:12.550,999,356150,5005,399256,5156,362784,5080,395991,5167,283223,4940,342017,5106,340945,5018,393941,5152,361163,5030,371430,5033,341925,5104,317516,5138,294303,5198,363006,5162,339235,5110,367190,5473,
2026-09-30,18:53:13.550,999,320260,4495,333670,4327,320445,4478,357071,4651,251120,4459,304347,4512,308050,4492,356879,4646,312551,4342,315758,4281,301993,4495,286755,4724,252615,4550,337029,4766,311874,4672,305873,4570,
2026-09-30,18:53:14.550,999,312930,4417,337012,4372,308148,4314,348061,4543,244935,4357,303537,4495,311595,4550,342598,4471,305960,4247,319763,4332,296510,4431,279479,4603,251358,4493,322895,4571,307942,4605,301469,4491,
2026-09-30,18:53:15.551,1000,354120,4976,377613,4883,335909,4753,369325,4872,275840,4802,322937,4805,340997,5005,379174,4950,345826,4807,347555,4759,331190,5014,316532,5149,290206,5143,353223,5006,340662,5108,338450,5040,
2026-09-30,18:53:16.551,999,327864,4612,365744,4742,330740,4634,362698,4738,266941,4691,306091,4541,312290,4565,357681,4699,308502,4299,331441,4490,310759,4632,290647,4759,283935,5054,343818,4870,314897,4709,321540,4811,
2026-09-30,18:53:17.550,999,341295,4784,360798,4669,344309,4821,366454,4793,276542,4827,311678,4659,329599,4852,378677,4957,313308,4372,348184,4713,310841,4639,305662,4952,289666,5093,345756,4918,310592,4689,315779,4705,
2026-09-30,18:53:18.550,999,333942,4693,342376,4426,316613,4429,340042,4432,251594,4456,292942,4341,306560,4474,351772,4584,315213,4383,322142,4358,284634,4253,274630,4531,267951,4797,329043,4659,295296,4423,296466,4419,
2026-09-30,18:53:19.551,1000,346084,4865,356605,4608,340741,4758,358930,4673,256851,4544,309645,4605,317522,4651,363709,4747,331287,4591,343976,4640,311194,4633,289356,4759,278598,4985,356403,5058,329497,4953,309263,4614,
2026-09-30,18:53:20.552,1000,357942,5020,384036,4946,359711,5085,380170,5015,280096,4865,333136,4944,345136,5045,394178,5132,353819,4913,365018,4972,330055,4987,324728,5273,296641,5230,369209,5219,342954,5137,343203,5111,
2026-09-30,18:53:21.551,999,310689,4366,346686,4480,312362,4362,350157,4559,250467,4453,296309,4391,306862,4482,347865,4534,306369,4250,326610,4414,285711,4270,281061,4641,257421,4616,329954,4664,303777,4536,309260,4609,
2026-09-30,18:53:22.551,999,341976,4792,370036,4779,345304,4823,365186,4757,269601,4756,323787,4843,327428,4823,368342,4800,332911,4629,353306,4770,312671,4675,294175,4815,275869,4905,345586,4918,318939,4818,310786,4630,
2026-09-30,18:53:23.552,1000,344266,4843,356690,4612,342671,4787,358030,4667,272212,4769,340361,5054,331771,4854,368209,4811,332527,4621,342724,4632,310972,4666,300999,4904,269944,4783,362018,5121,328607,4928,316221,4715,
2026-09-30,18:53:24.552,999,331039,4647,346458,4473,322083,4511,356400,4648,262045,4602,309979,4625,316399,4643,346976,4539,316042,4400,335071,4536,298778,4467,298408,4865,266894,4739,334421,4748,309402,4651,304170,4548,
2026-09-30,18:53:25.551,999,333330,4682,358433,4629,319333,4521,335668,4421,265450,4609,322885,4782,331418,4840,358310,4702,323841,4509,336204,4594,306458,4628,309655,5031,265879,4698,346667,4889,317656,4747,317775,4746,
2026-09-30,18:53:26.551,999,340633,4786,357365,4602,332187,4655,358447,4689,268395,4716,310257,4607,326398,4770,369930,4857,325900,4537,343431,4644,322387,4809,303801,4961,275881,4879,357719,5054,316645,4738,303021,4548,
2026-09-30,18:53:27.552,1000,343116,4816,364298,4711,336497,4694,352192,4599,263898,4650,307515,4563,322039,4724,368040,4820,326198,4532,344718,4655,311277,4647,298080,4888,277165,4928,357462,5061,323518,4854,321777,4823,
2026-09-30,18:53:28.552,999,364001,5131,387288,5002,363856,5091,387693,5056,283684,4931,350320,5176,361214,5263,401450,5260,363863,5068,369231,5007,331083,4953,341800,5580,294135,5188,373405,5259,356716,5325,350968,5260,
2026-09-30,18:53:29.551,999,315037,4440,339006,4384,307065,4287,329360,4287,246005,4351,296490,4401,293427,4288,337867,4409,295252,4109,321951,4350,283716,4231,278126,4569,250636,4462,319712,4533,293299,4407,292512,4367,
2026-09-30,18:53:30.551,999,327560,4589,356392,4597,319930,4470,352838,4590,257243,4578,309887,4581,307148,4479,360542,4716,315492,4376,337950,4576,299832,4479,291974,4818,264172,4730,331687,4687,309035,4612,311565,4660,
2026-09-30,18:53:31.552,1000,327998,4602,337769,4362,322093,4488,347206,4518,251090,4450,306302,4532,320022,4672,340880,4477,321967,4468,327204,4429,296276,4426,291421,4795,259095,4617,325261,4590,303417,4534,315701,4740,
2026-09-30,18:53:32.552,999,336541,4734,360285,4654,341236,4771,354554,4627,273838,4817,322455,4800,334228,4905,369216,4835,340662,4743,344208,4678,322884,4820,310981,5087,272511,4841,356786,5056,319331,4803,329207,4920,
2026-09-30,18:53:33.551,999,340514,4778,365884,4716,339286,4744,351868,4614,271820,4822,307438,4566,337562,4929,357985,4675,327988,4561,336169,4566,324946,4870,315528,5193,269966,4825,347346,4910,310541,4649,328240,4899,
2026-09-30,18:53:34.551,999,326494,4603,371410,4809,333848,4678,349759,4580,272565,4768,316274,4686,336022,4907,365698,4795,339227,4737,340483,4623,325469,4871,314505,5111,275233,4856,348671,4922,320143,4789,325655,4864,
2026-09-30,18:53:35.552,1000,369778,5184,413105,5319,357324,5117,382331,5105,297999,5121,341869,5069,358193,5232,400534,5249,360502,5014,373617,5140,347248,5285,327403,5297,298240,5205,382652,5395,366366,5471,350648,5237,
2026-09-30,18:53:36.552,999,347846,4896,388233,5020,355058,4982,379032,4959,279571,4926,322812,4789,349984,5104,386342,5072,365502,5072,370401,5035,332989,4985,316004,5175,288702,5127,348623,4928,336997,5039,347235,5216,
2026-09-30,18:53:37.551,999,322252,4525,342710,4427,332065,4657,334424,4364,246639,4351,304812,4533,315296,4624,350268,4573,313942,4360,326138,4439,298784,4461,286304,4714,254521,4553,318055,4512,301370,4523,315879,4709,
2026-09-30,18:53:38.551,999,310152,4364,347145,4488,334391,4688,358802,4686,252380,4475,306520,4542,300561,4389,349421,4560,307904,4282,323515,4386,301434,4503,287793,4757,270458,4829,335052,4740,303740,4549,314429,4701,
2026-09-30,18:53:39.552,1000,326646,4594,361603,4677,351018,4911,359628,4691,261627,4622,321565,4764,318005,4628,349604,4598,327417,4553,333638,4527,318921,4759,299684,4921,274142,4868,340290,4794,312437,4671,319334,4791,
2026-09-30,18:53:40.552,999,381711,5372,383257,4950,358530,5015,385615,5027,296024,5211,343628,5099,350992,5122,405610,5298,364721,5074,379492,5130,357377,5331,324177,5337,299635,5325,370840,5234,342766,5131,343464,5133,
2026-09-30,18:53:41.552,999,331281,4664,349887,4521,321312,4487,353378,4604,268388,4737,327776,4856,316757,4633,365584,4779,325236,4530,334013,4521,314705,4695,297379,4873,265447,4732,321400,4545,308811,4626,302964,4541,
2026-09-30,18:53:42.551,999,334970,4709,357373,4617,324430,4539,343636,4479,266390,4697,317506,4736,314647,4622,349299,4571,319465,4444,328897,4444,317563,4743,278740,4575,264150,4697,327606,4651,307481,4619,304859,4554,
2026-09-30,18:53:43.552,1000,320151,4510,327302,4235,301136,4208,319566,4167,244481,4334,307942,4551,289624,4217,327844,4291,302768,4200,299587,4052,308596,4611,266921,4387,250747,4495,304025,4285,286788,4287,280342,4202,
2026-09-30,18:53:44.552,999,306428,4306,345555,4457,316039,4426,326948,4274,251965,4479,297726,4411,303068,4428,332001,4340,304640,4242,319569,4326,308880,4606,273941,4526,249890,4474,315398,4460,297164,4456,302658,4520,
2026-09-30,18:53:45.552,999,376749,5289,420615,5425,375624,5313,412219,5433,324235,5635,372807,5510,381503,5560,436448,5717,387149,5380,384939,5260,372486,5611,344879,5603,314644,5541,398049,5611,371618,5541,379754,5684,
2026-09-30,18:53:46.552,999,342927,4824,394688,5102,355824,4974,375489,4906,284575,5078,345584,5111,346551,5032,375892,4921,349002,4843,349505,4741,336537,5018,311615,5127,277666,4958,360076,5082,336863,5032,336393,5047,
2026-09-30,18:53:47.552,1000,339564,4781,369628,4771,344106,4811,373247,4883,268193,4712,324945,4836,328119,4809,373914,4901,331842,4599,337141,4559,317096,4724,301514,4940,280038,4987,342419,4857,333407,4997,330387,4943,
2026-09-30,18:53:48.553,1000,325442,4583,362775,4687,339875,4751,367500,4803,260794,4642,312430,4624,313048,4565,364542,4758,319367,4435,326550,4423,315569,4715,301249,4973,265829,4746,339406,4797,319181,4776,317487,4743,
2026-09-30,18:53:49.553,999,320460,4498,345518,4462,330049,4620,345530,4504,260514,4616,302650,4479,304983,4450,358219,4694,309560,4302,323423,4369,308986,4595,277269,4556,262569,4697,324410,4574,309364,4625,318138,4766,
2026-09-30,18:53:50.553,999,318582,4468,356344,4587,331929,4688,344786,4546,267119,4667,310104,4588,317780,4638,358157,4676,321381,4464,336825,4598,326519,4917,295148,4814,269903,4776,332185,4678,325313,4851,324714,4839,
2026-09-30,18:53:51.552,999,323339,4566,354428,4579,340369,4768,340626,4447,264641,4624,323356,4787,326043,4761,368407,4828,324333,4509,343770,4654,327264,4878,299806,4898,267281,4732,342557,4832,327629,4899,326804,4889,
2026-09-30,18:53:52.553,1000,309648,4360,353647,4574,321978,4513,330751,4321,255870,4487,302738,4522,303981,4467,350232,4571,308782,4307,334506,4543,315986,4718,290170,4747,274100,4848,327306,4639,300686,4520,311625,4643,
2026-09-30,18:53:53.553,999,343958,4834,371878,4783,334745,4702,347248,4539,264566,4641,319206,4731,321798,4704,365861,4800,331408,4605,347736,4731,321733,4811,303178,4983,277244,4920,343342,4849,318390,4762,322860,4831,
2026-09-30,18:53:54.553,999,340179,4779,370980,4800,329761,4602,344514,4492,246331,4361,313413,4631,314201,4588,366681,4796,311966,4352,329622,4465,306752,4589,292361,4830,273485,4892,328723,4639,304600,4553,315582,4727,
2026-09-30,18:53:55.553,1000,386205,5419,435912,5626,386361,5457,408888,5376,310289,5421,378050,5594,381562,5566,424488,5571,385839,5359,395897,5407,369843,5572,349246,5701,311212,5490,375124,5294,351721,5264,355702,5341,
2026-09-30,18:53:56.553,999,408402,5745,437778,5661,408174,5715,429470,5619,323257,5647,387761,5741,397713,5813,442898,5806,406243,5656,407481,5526,385703,5763,372510,6065,321610,5680,401599,5666,381914,5708,376361,5642,
2026-09-30,18:53:57.553,999,366058,5148,375584,4873,347013,4841,367150,4792,271939,4769,329914,4904,335462,4922,376103,4901,339614,4744,340872,4622,330299,4929,312109,5115,275109,4913,351189,4972,325355,4892,326757,4880,
2026-09-30,18:53:58.552,999,343126,4829,364865,4715,323894,4532,362599,4740,258209,4578,310503,4590,329848,4812,362497,4721,320189,4466,329980,4481,303163,4532,286214,4722,259904,4650,341145,4819,317914,4744,325548,4861,
2026-09-30,18:53:59.553,1000,343538,4845,373493,4838,345509,4822,356362,4647,260883,4587,313162,4646,325075,4765,353889,4605,325520,4562,348484,4723,309676,4610,300054,4925,268012,4763,352192,4986,318901,4785,317723,4749,
2026-09-30,18:54:00.553,999,337052,4768,371917,4840,341070,4776,353317,4628,265848,4690,318680,4718,345831,5040,353129,4600,333064,4662,335576,4563,315628,4721,311370,5108,267931,4749,352624,4989,324031,4850,325133,4863,
2026-09-30,18:54:01.553,999,311263,4394,335093,4345,303526,4241,322836,4201,248000,4386,294158,4365,301076,4399,340439,4436,301734,4215,297559,4037,292887,4372,276579,4537,254219,4529,320486,4535,299253,4492,297478,4440,
2026-09-30,18:54:02.553,999,352546,4980,392150,5085,359304,5027,374730,4888,292118,5093,345836,5159,360531,5290,393097,5120,343977,4815,360530,4890,337897,5041,327041,5308,293299,5138,355316,5036,343813,5150,332327,4951,
2026-09-30,18:54:03.553,1000,337580,4747,371698,4811,335427,4718,350682,4590,269711,4768,329731,4880,342787,4994,387941,5056,321218,4469,326817,4457,317959,4788,305139,5048,269244,4794,335908,4729,325335,4851,312974,4675,
2026-09-30,18:54:04.553,999,340645,4786,360506,4666,339177,4757,351896,4609,269899,4769,319086,4736,337326,4927,359923,4696,316056,4406,332217,4512,321244,4832,302964,4996,270778,4831,334880,4725,321772,4822,315710,4719,
2026-09-30,18:54:05.553,999,399374,5574,431416,5561,383278,5496,408534,5459,321815,5566,383824,5665,388672,5662,423989,5528,355450,4929,386202,5350,359022,5512,340465,5495,316062,5541,403678,5683,369889,5510,367755,5480,
2026-09-30,18:54:06.553,999,351640,4917,382387,4939,357186,5007,369773,4834,284696,5010,341888,5065,345120,5040,384356,5050,335518,4669,355840,4829,330118,4939,299760,4909,295201,5244,371672,5250,340777,5097,345197,5193,
2026-09-30,18:54:07.553,1000,382600,5419,411276,5357,380929,5345,395647,5181,318921,5531,374326,5579,376706,5522,437920,5701,366410,5164,395657,5377,373167,5590,349313,5648,316789,5564,406290,5759,364560,5474,372938,5559,
2026-09-30,18:54:08.553,999,330684,4656,356196,4615,337496,4733,350088,4579,271356,4810,327206,4855,317608,4644,360973,4709,325599,4543,343696,4677,320740,4777,291746,4805,283969,5065,362630,5134,325347,4867,307031,4583,
2026-09-30,18:54:09.553,999,315636,4430,323298,4187,312669,4397,334949,4383,252711,4464,298805,4429,293774,4294,342367,4468,293699,4095,325212,4436,296726,4443,279860,4597,261276,4652,329473,4651,296371,4430,293481,4377,
2026-09-30,18:54:10.553,999,305894,4308,335646,4346,309717,4361,324872,4265,251823,4432,292404,4345,294592,4322,336287,4387,292086,4088,321476,4393,300769,4514,273890,4482,266632,4720,318084,4502,301758,4521,295329,4398,
2026-09-30,18:54:11.553,1000,303831,4311,335522,4363,313397,4380,331202,4326,265684,4694,306717,4543,300148,4384,348986,4545,288828,4065,322474,4377,307619,4583,281019,4604,262618,4671,329034,4650,302786,4522,298630,4460,
2026-09-30,18:54:12.553,999,362253,5106,399641,5175,373300,5258,380301,5001,305543,5342,350353,5224,354859,5211,398567,5196,343031,4801,382591,5212,354115,5329,335515,5469,307153,5423,365443,5184,339943,5100,342750,5103,
2026-09-30,18:54:13.553,999,329315,4629,346957,4491,347025,4877,352291,4613,264189,4620,314204,4660,323410,4739,353665,4616,320660,4482,343328,4661,318079,4774,303871,4965,269278,4777,339966,4802,320700,4791,313254,4678,
2026-09-30,18:54:14.553,999,322466,4525,344970,4470,332474,4678,353055,4630,257217,4533,296444,4390,306110,4475,347256,4525,318740,4438,331563,4514,320198,4808,305285,5015,264193,4720,332213,4693,316031,4720,304026,4531,
2026-09-30,18:54:15.553,1000,358546,5032,379408,4895,355968,5060,375198,4966,280538,4896,326110,4823,335538,4896,374163,4870,339929,4751,357193,4907,329989,4998,325383,5314,288716,5101,360856,5076,336721,5022,341733,5093,
2026-09-30,18:54:16.553,999,367827,5185,404850,5231,373306,5249,403051,5271,298183,5242,351467,5198,365390,5337,405661,5292,352877,4927,395558,5376,347085,5222,348167,5691,301502,5342,380341,5373,352562,5265,350867,5240,
2026-09-30,18:54:17.553,999,321440,4527,357914,4617,332394,4678,358042,4694,270324,4738,314110,4673,330611,4855,371123,4834,331821,4614,339761,4624,317726,4759,310512,5080,264043,4683,342523,4849,309397,4648,310914,4635,
2026-09-30,18:54:18.553,999,315540,4446,336648,4349,332176,4655,347443,4548,248081,4361,307002,4548,310419,4538,360503,4705,314391,4376,322591,4376,298492,4476,293374,4794,252185,4466,330856,4671,304164,4547,312519,4655,
2026-09-30,18:54:19.553,1000,321762,4522,330276,4277,331780,4666,350189,4592,250990,4428,310333,4591,311858,4554,358775,4679,311353,4342,330061,4503,298636,4497,291966,4793,254387,4544,330386,4656,311813,4657,315279,4704,
2026-09-30,18:54:20.553,999,343326,4813,350561,4521,340930,4841,370235,4890,274130,4791,322439,4774,332652,4849,374890,4874,333950,4655,343590,4714,310106,4703,318603,5199,283424,4982,348005,4900,333100,4968,326158,4859,
2026-09-30,18:54:21.553,999,301152,4237,315588,4084,315389,4422,347699,4536,253210,4519,288601,4268,294896,4309,336413,4378,298640,4151,308184,4179,292001,4368,290578,4802,243078,4355,329994,4654,297941,4463,295431,4405,
2026-09-30,18:54:22.554,1000,346097,4867,371252,4797,354615,4999,369988,4855,274721,4821,324845,4832,320694,4714,381878,4980,327654,4561,344684,4693,315999,4759,318208,5209,276613,4899,359202,5092,326109,4903,345702,5136,
2026-09-30,18:54:23.554,1000,321687,4542,348670,4510,332925,4673,356193,4653,258833,4583,301787,4462,304621,4441,344956,4494,306769,4286,316807,4305,301315,4525,285500,4699,254171,4536,331434,4682,299706,4470,319284,4755,
2026-09-30,18:54:24.554,999,378713,5353,408432,5304,384998,5410,396030,5179,312980,5492,350087,5200,364615,5329,407784,5327,369923,5198,379148,5141,358825,5366,350255,5685,299348,5277,400608,5655,357081,5341,375232,5585,
2026-09-30,18:54:25.554,999,338075,4771,381673,4947,349779,4938,373709,4910,293787,5175,330795,4902,345399,5042,390320,5090,344215,4798,360579,4925,323350,4860,322686,5278,278259,4944,373353,5257,337921,5046,337151,5014,
2026-09-30,18:54:26.554,999,307352,4342,340284,4418,324113,4553,334969,4401,267323,4730,309405,4582,320020,4671,361838,4724,318338,4446,333370,4537,297998,4469,296872,4878,263887,4710,331793,4682,319465,4761,315490,4712,
2026-09-30,18:54:27.555,1000,329419,4639,369893,4782,342504,4831,357239,4710,271930,4772,320495,4774,327046,4793,367550,4790,326426,4561,343211,4679,308135,4646,305618,4986,276057,4888,339720,4823,321545,4813,332568,4961,
2026-09-30,18:54:28.554,999,315041,4449,348628,4528,324577,4571,345965,4547,270034,4770,320614,4756,329240,4801,371239,4837,323050,4507,346248,4712,317174,4769,293778,4816,267972,4757,341180,4817,316681,4733,316133,4707,
2026-09-30,18:54:29.554,999,289336,4100,309530,4038,294798,4133,306480,4008,242528,4288,284335,4224,289734,4231,330166,4297,288294,4032,306207,4151,286773,4296,263231,4343,234929,4193,292820,4130,283022,4227,280937,4182,
2026-09-30,18:54:30.554,999,345175,4856,365033,4742,337792,4758,353051,4640,290013,5095,322986,4789,346588,5053,390954,5092,335101,4670,360773,4914,328986,4950,322216,5278,278617,4954,336325,4746,327478,4875,328678,4879,
2026-09-30,18:54:31.555,1000,294912,4185,341042,4430,323987,4532,334734,4367,257979,4584,307162,4538,310909,4527,343094,4478,309232,4312,313481,4255,295051,4423,277610,4614,255377,4585,307557,4339,303069,4519,292830,4362,
2026-09-30,18:54:32.554,999,349778,4934,396786,5135,356314,5020,369830,4851,290149,5084,348354,5188,349037,5115,394632,5145,354915,4944,368237,5012,347471,5223,329350,5398,289557,5148,362703,5146,340903,5121,327503,4869,
2026-09-30,18:54:33.554,999,322816,4566,357447,4642,346575,4860,352138,4608,259246,4559,316450,4696,324066,4742,379941,4953,327113,4578,338879,4602,329522,4937,304992,5013,268589,4779,351395,4971,317218,4754,317807,4731,
2026-09-30,18:54:34.554,999,323649,4562,348800,4511,339442,4743,361952,4712,261540,4645,309620,4610,322153,4718,372428,4856,321571,4485,325811,4410,314636,4711,295779,4890,259117,4639,339051,4807,306411,4611,299214,4465,
2026-09-30,18:54:35.555,1000,410229,5759,447144,5761,422744,6021,427979,5692,343357,5908,400463,5964,392645,5760,463489,6035,418288,5829,422310,5797,387560,5888,369985,5954,327442,5704,419204,5937,383392,5756,381486,5670,
2026-09-30,18:54:36.555,999,340971,4814,349879,4542,342359,4812,368122,4827,271424,4782,311910,4642,322258,4726,380011,4961,347123,4835,367160,4965,332307,4957,303803,4980,262650,4661,342607,4860,321837,4832,325222,4854,
2026-09-30,18:54:37.554,999,309146,4371,327807,4259,300741,4216,333813,4362,250391,4413,288767,4310,310478,4551,332184,4326,318025,4454,315507,4271,293378,4370,275149,4505,237998,4209,312117,4437,283559,4268,286586,4267,
2026-09-30,18:54:38.554,999,325545,4592,345176,4482,325291,4559,344179,4499,261866,4582,298867,4482,316951,4673,354238,4611,334221,4656,323052,4379,312043,4664,293780,4797,258688,4549,326826,4660,287040,4345,327254,4870,
2026-09-30,18:54:39.555,1000,328068,4628,358579,4648,348657,4874,358115,4678,259999,4600,309951,4623,313163,4592,379100,4937,344043,4793,339505,4596,313768,4689,312596,5162,275659,4914,338445,4802,309214,4641,336423,5003,
2026-09-30,18:54:40.555,999,361122,5082,374973,4857,352276,4928,369372,4807,280966,4984,341313,5071,336075,4915,410178,5346,356783,4979,352757,4782,346191,5172,333338,5516,281741,5035,354562,5030,344309,5156,351929,5239,
2026-09-30,18:54:41.554,999,334583,4726,349970,4527,341985,4789,358249,4677,282155,4945,319730,4758,320857,4698,378370,4932,349059,4880,346034,4680,331907,4946,313625,5130,272996,4842,349061,4934,316698,4746,318303,4737,
2026-09-30,18:54:42.554,999,332594,4685,357979,4639,328468,4596,364491,4744,269080,4748,309511,4633,314615,4620,360151,4696,332363,4653,335034,4531,330459,4932,298946,4914,264000,4699,337324,4790,304802,4589,321902,4786,
2026-09-30,18:54:43.554,999,326975,4608,351582,4551,326600,4571,353826,4618,271950,4786,323347,4833,316273,4653,369173,4804,326212,4554,344799,4661,328566,4895,299178,4911,269787,4795,326120,4640,296907,4478,314510,4686,
2026-09-30,18:54:44.555,1000,309512,4383,326679,4255,318478,4461,338802,4422,248001,4377,301403,4483,308584,4513,336706,4384,311343,4352,328045,4427,308549,4592,286235,4701,248995,4424,302744,4296,290584,4352,294842,4395,
2026-09-30,18:54:45.554,999,322415,4550,336165,4366,324285,4586,350954,4624,254053,4430,314968,4675,312135,4559,360281,4689,321294,4481,327082,4483,314816,4749,291240,4746,250296,4433,320159,4533,300462,4505,293820,4358,
2026-09-30,18:54:46.554,999,345457,4867,354555,4603,339413,4760,369546,4831,273646,4770,335030,4999,319980,4706,373173,4862,341144,4752,364488,4935,328216,4887,316440,5144,279017,4900,332808,4734,320590,4826,323887,4822,
2026-09-30,18:54:47.555,1000,331285,4661,344518,4465,332313,4654,355084,4664,266997,4701,316277,4705,313767,4601,363227,4732,328933,4582,344692,4665,315162,4699,296437,4862,273071,4866,323154,4585,299808,4513,315623,4703,
2026-09-30,18:54:48.555,999,334963,4732,360519,4673,346694,4857,365696,4776,270682,4758,327567,4883,320269,4697,364315,4740,340540,4750,352399,4762,328763,4911,307343,5038,268866,4776,345574,4895,324954,4878,328128,4880,
2026-09-30,18:54:49.555,999,311068,4384,334925,4351,319408,4482,338474,4423,248422,4394,300600,4481,301066,4412,354992,4616,327459,4559,324124,4387,294672,4403,280873,4616,248352,4421,321830,4559,297178,4454,303748,4508,
2026-09-30,18:54:50.554,999,353307,4961,386715,4990,374876,5300,378535,4987,285778,5014,354500,5253,342094,4986,382185,4976,351166,4883,350652,4801,334267,5048,318717,5219,279641,4960,370591,5218,345150,5149,332765,4949,
2026-09-30,18:54:51.555,1000,342125,4813,361854,4677,352232,4920,358512,4666,268504,4778,325491,4846,322626,4722,357898,4655,308454,4291,333227,4508,326644,4878,297769,4911,270836,4837,350279,4948,329690,4940,326112,4860,
2026-09-30,18:54:52.555,999,381516,5369,404039,5231,383581,5368,404063,5272,314114,5524,385661,5755,379878,5584,428386,5569,362975,5059,389932,5258,368834,5501,338316,5513,306544,5421,380433,5403,357308,5372,358231,5338,
2026-09-30,18:54:53.555,999,328344,4639,341458,4444,332507,4649,350280,4556,263851,4673,317535,4737,322976,4739,360448,4687,317993,4431,332098,4479,320079,4775,292926,4805,260046,4649,325459,4626,301210,4534,306896,4574,
2026-09-30,18:54:54.554,999,306320,4332,323488,4205,318379,4452,327125,4270,255843,4557,302676,4489,300564,4383,342666,4462,312173,4356,324572,4389,296101,4420,277382,4560,251083,4484,304396,4295,298562,4471,302083,4504,
2026-09-30,18:54:55.554,999,318375,4495,355969,4615,332079,4704,351732,4642,265337,4647,320502,4744,309807,4519,379698,4954,322880,4503,346129,4729,311185,4688,301743,4924,267449,4753,334090,4711,321903,4801,318737,4758,
2026-09-30,18:54:56.555,1000,346956,4900,365987,4756,366318,5134,387463,5066,271890,4828,336350,4976,336420,4904,413610,5395,339876,4742,364931,4933,329541,4928,314912,5176,278804,4980,356665,5042,342608,5110,338094,5049,
2026-09-30,18:54:57.555,999,354380,5010,391247,5063,367361,5148,383828,5014,282159,4932,344729,5139,344872,5060,423579,5518,351905,4897,380379,5151,338293,5051,318928,5186,278025,4927,365274,5180,334566,5023,362429,5401,
2026-09-30,18:54:58.554,999,335487,4747,372302,4839,340380,4764,375723,4903,272777,4824,325273,4839,332489,4860,404454,5269,331126,4622,356200,4810,334200,4996,308786,5066,259458,4626,344121,4868,311698,4676,331588,4940,
2026-09-30,18:54:59.554,999,343715,4845,372985,4831,347627,4860,376585,4912,274302,4872,332708,4936,321402,4687,393772,5138,350545,4876,365201,4926,321411,4799,309196,5090,261032,4670,352840,4977,319656,4758,333534,4973,
2026-09-30,18:55:00.555,1000,347871,4893,366193,4759,339904,4767,356600,4661,275613,4904,321074,4750,329545,4804,379737,4948,329594,4591,349653,4744,332378,4969,305210,5026,259922,4644,339007,4792,315010,4708,331544,4936,
2026-09-30,18:55:01.555,999,302072,4274,311865,4051,304096,4251,320728,4190,249635,4445,297375,4405,303418,4423,339823,4426,304707,4257,322454,4368,293022,4372,268202,4424,228591,4096,323887,4575,282604,4220,300995,4469,
2026-09-30,18:55:02.555,999,478416,6703,525646,6773,492567,6915,519017,6812,398396,6706,432968,6694,449042,6816,522182,6797,475340,6595,490457,6671,465222,6963,444824,6994,397050,6746,491261,7140,439774,6845,467769,6935,
2026-09-30,18:55:03.554,999,342440,4836,375832,4862,348904,4891,374424,4898,271533,4753,337900,5018,341311,4998,379558,4939,358568,5004,361960,4895,341923,5112,324164,5289,278123,4921,351040,4965,333247,4977,342626,5098,
2026-09-30,18:55:04.555,1000,370775,5245,423218,5498,382890,5361,398359,5210,294749,5193,355238,5301,366306,5364,419572,5468,377869,5272,388107,5258,353802,5267,345115,5646,293764,5210,381510,5415,349186,5247,359784,5361,
2026-09-30,18:55:05.555,999,421064,5925,457047,5906,422169,6019,440300,5870,325160,5607,386964,5721,397563,5790,470097,6116,417797,5804,417661,5740,389260,5914,379864,6146,330617,5814,426487,6004,396969,5907,409609,6090,
2026-09-30,18:55:06.555,999,345853,4888,371518,4825,357170,4989,353439,4621,263207,4676,324627,4806,338645,4933,379033,4920,339992,4744,350473,4745,331279,4952,311216,5143,271142,4877,354963,5014,338385,5052,329125,4900,
2026-09-30,18:55:07.554,999,380828,5418,404085,5290,376385,5269,395124,5161,310457,5408,371445,5533,375645,5503,432913,5639,375859,5307,386679,5227,360567,5395,367487,5970,307377,5425,385146,5468,358364,5375,361950,5392,
2026-09-30,18:55:08.555,1000,408082,5777,439223,5713,410072,5765,422643,5537,329685,5748,387628,5769,398286,5822,462882,6022,399969,5609,402931,5468,383127,5738,387088,6301,332515,5863,415000,5874,389674,5841,394834,5868,
2026-09-30,18:55:09.555,999,332809,4730,365813,4771,336005,4708,340928,4460,261615,4622,312277,4623,323835,4726,360485,4686,320273,4500,333018,4512,317523,4745,299607,4902,263684,4690,344015,4855,322705,4815,327017,4865,
2026-09-30,18:55:10.555,999,331144,4687,341507,4437,315769,4418,337238,4428,253520,4500,297399,4408,311981,4551,350183,4565,315935,4417,328494,4460,293872,4399,282561,4644,251947,4517,324938,4584,296693,4434,307257,4576,
2026-09-30,18:55:11.554,999,312989,4450,339906,4430,319143,4457,339205,4432,254015,4496,302468,4489,306140,4473,351600,4583,298740,4212,324312,4395,300611,4483,278644,4560,253332,4509,311995,4414,297570,4448,302474,4500,
2026-09-30,18:55:12.555,1000,320268,4548,358113,4666,337682,4730,348406,4555,273867,4801,317819,4742,320643,4711,369608,4802,316136,4439,337614,4561,316578,4729,293776,4778,261933,4644,330478,4692,316599,4755,316768,4719,
2026-09-30,18:55:13.555,999,291607,4140,326774,4255,299565,4191,319755,4185,244358,4339,281255,4166,286783,4188,340196,4433,285826,4000,292545,3956,283859,4242,259976,4265,232646,4165,305675,4326,283923,4247,282396,4204,
2026-09-30,18:55:14.555,999,342373,4870,374934,4886,352621,4937,365383,4783,293843,5128,342662,5089,340537,4975,412269,5359,344170,4844,356968,4826,331016,4940,307593,4982,274481,4837,356612,5030,332446,4973,327620,4877,
2026-09-30,18:55:15.554,999,333797,4728,390995,5072,344911,4877,373368,4937,293654,5137,342563,5072,328564,4790,398010,5190,344095,4831,354815,4846,328588,4969,313246,5091,278818,4934,365168,5155,341418,5100,331240,4932,
2026-09-30,18:55:16.555,1000,370001,5227,401819,5206,374387,5243,402884,5271,294883,5227,366713,5413,357026,5201,404785,5281,360847,5051,379852,5137,351593,5256,319252,5248,293608,5259,382634,5403,348955,5208,368850,5498,
2026-09-30,18:55:17.555,999,346240,4899,368776,4790,345539,4830,368614,4815,268065,4707,333229,4950,323746,4749,373245,4856,332017,4670,341231,4619,331805,4959,307191,5043,277615,4940,350332,4976,323539,4864,337029,5001,
2026-09-30,18:55:18.555,999,323472,4559,353432,4585,334188,4675,347944,4536,266278,4719,313905,4637,314185,4580,358331,4662,315716,4426,337444,4568,309836,4626,289461,4763,264610,4738,339065,4791,309236,4619,306259,4577,
2026-09-30,18:55:19.555,1000,316997,4525,356079,4656,341790,4772,358414,4674,272132,4809,318098,4701,329656,4803,370148,4813,318719,4499,334458,4531,314958,4705,302710,4952,267497,4764,336021,4740,322125,4798,320356,4774,
2026-09-30,18:55:20.556,1000,375742,5308,412296,5337,381137,5394,411871,5441,310722,5372,355343,5271,376337,5501,421679,5487,369139,5164,370176,5067,360787,5430,342986,5554,302400,5310,385822,5453,357922,5338,364965,5428,
2026-09-30,18:55:21.556,999,298138,4199,336786,4351,301696,4224,327244,4281,271572,4845,296180,4382,311353,4539,340752,4435,304204,4238,302339,4098,294441,4400,273082,4486,247812,4440,320390,4529,285315,4265,300370,4481,
2026-09-30,18:55:22.556,999,305159,4323,343770,4461,307732,4309,334927,4378,274093,4829,314999,4683,311055,4564,353315,4605,310195,4366,320460,4341,303420,4518,289134,4733,255396,4531,328527,4663,297909,4470,297953,4449,
2026-09-30,18:55:23.556,1000,306694,4351,342022,4458,321530,4498,338095,4414,267977,4767,321045,4733,314095,4571,356752,4654,303141,4264,318350,4315,315438,4696,283190,4651,253682,4531,327436,4619,303345,4527,297973,4455,
2026-09-30,18:55:24.556,999,340642,4810,377358,4899,351486,4926,382725,5007,281632,4982,331801,4923,330444,4826,379339,4941,333343,4666,345008,4677,330946,4934,303915,4989,281858,5023,340972,4821,326241,4870,333757,4988,
2026-09-30,18:55:25.556,999,370212,5230,398989,5180,368065,5213,392105,5168,296619,5136,347310,5144,355734,5194,408227,5323,358577,5017,380236,5190,346673,5218,346943,5601,299054,5257,379784,5356,350547,5227,363055,5416,
2026-09-30,18:55:26.556,999,316521,4469,344281,4465,327397,4588,341722,4474,251500,4420,306519,4544,305460,4465,349520,4562,313234,4350,314735,4257,294266,4400,282527,4635,268098,4791,317462,4488,304299,4555,306972,4583,
2026-09-30,18:55:27.556,1000,348016,4923,378145,4898,358699,5023,373309,4866,283452,4977,329523,4893,322852,4720,387527,5044,339888,4744,355869,4804,325114,4844,293713,4818,281689,5032,347815,4926,318669,4780,332373,4955,
2026-09-30,18:55:28.556,999,335483,4751,369991,4794,339094,4752,372378,4857,273167,4826,319562,4731,319781,4663,369165,4812,343959,4800,344613,4662,318658,4761,291696,4785,259555,4617,339283,4796,313051,4682,314839,4704,
2026-09-30,18:55:29.556,999,319128,4521,353055,4594,315890,4421,343593,4497,256690,4524,295770,4378,300292,4377,341213,4444,315690,4416,311385,4213,296415,4436,271920,4461,240733,4241,324560,4575,298083,4449,304808,4550,
2026-09-30,18:55:30.556,999,298750,4216,343559,4450,294123,4112,317648,4144,227436,4039,280233,4154,276823,4044,320605,4180,300084,4168,299620,4048,280496,4176,260475,4298,233732,4174,306288,4326,285219,4264,288302,4304,
2026-09-30,18:55:31.556,1000,330893,4653,373121,4828,315462,4429,341691,4471,262227,4594,303206,4496,316620,4619,336348,4388,317177,4431,321214,4358,296285,4427,297747,4861,254390,4496,325369,4599,312911,4679,320145,4783,
2026-09-30,18:55:32.556,999,347528,4883,383719,4957,345896,4849,360129,4717,265008,4660,303159,4528,329251,4838,366916,4782,334640,4673,332238,4505,311692,4658,306072,5001,265707,4717,334803,4758,325086,4893,329159,4906,
2026-09-30,18:55:33.556,999,630293,8997,693548,9051,651408,9125,696608,9093,536560,9094,610740,9026,621004,9067,698153,9311,650144,9184,652076,8786,616710,9174,592496,9433,520032,8960,668020,9377,615937,9155,615488,9341,
2026-09-30,18:55:34.556,999,348877,4923,375666,4858,357245,4998,368942,4823,276827,4903,335514,4986,338580,4951,389390,5083,336529,4700,359018,4854,349016,5213,329758,5423,281151,5034,367620,5189,320241,4796,339266,5065,
2026-09-30,18:55:35.557,1000,389370,5535,421735,5499,401729,5679,413872,5459,322858,5590,380476,5635,382496,5581,438761,5733,387885,5466,400649,5473,388692,5853,369737,5998,318277,5583,396148,5577,382606,5696,378318,5640,
2026-09-30,18:55:36.557,1000,541365,7592,595243,7664,540267,7603,574643,7549,441918,7418,507072,7705,503040,7520,587118,7620,554693,7694,553259,7502,512380,7671,506122,8010,453393,7734,525990,7546,511866,7817,509138,7552,
2026-09-30,18:55:37.557,999,338260,4794,382592,4961,357719,5018,360406,4715,278915,4894,331710,4938,345017,5054,373421,4862,361758,5063,361329,4892,334949,5024,317656,5215,283481,5028,355530,5034,333728,4999,334737,4993,
2026-09-30,18:55:38.557,999,342125,4845,351508,4565,335390,4709,361156,4728,280560,4918,324744,4819,330442,4830,373301,4875,342694,4815,343190,4659,340424,5116,302106,4926,276641,4896,352861,4996,331687,4964,324011,4840,
2026-09-30,18:55:39.557,999,297640,4223,333059,4337,305923,4285,338577,4411,257657,4526,296583,4387,318540,4645,346014,4516,307425,4326,327708,4438,323217,4827,287544,4722,251662,4460,326604,4602,305117,4555,309252,4616,
2026-09-30,18:55:40.558,1000,316579,4487,345406,4485,321501,4508,355219,4644,271332,4760,306412,4553,324415,4747,368870,4808,320159,4489,328172,4456,323837,4840,296071,4849,265127,4696,319532,4527,311996,4678,321038,4789,
2026-09-30,18:55:41.557,999,328877,4655,358991,4659,333658,4666,351502,4575,265251,4679,322577,4783,323612,4734,380999,4965,323573,4536,334628,4527,316099,4720,299468,4921,265640,4720,348012,4925,318439,4791,333513,4991,
2026-09-30,18:55:42.557,999,375510,5281,412588,5324,392983,5498,392103,5116,302113,5296,348319,5209,356790,5245,408705,5326,369482,5159,384878,5211,362922,5419,345667,5651,301706,5329,382664,5418,345704,5210,366748,5476,
2026-09-30,18:55:43.557,999,332761,4743,366145,4776,343314,4806,350904,4591,258321,4508,319905,4728,325334,4733,384868,5009,321319,4544,330963,4480,312200,4670,305048,4986,273132,4841,348119,4902,300726,4482,333459,4975,
2026-09-30,18:55:44.558,1000,338046,4775,354958,4604,340109,4775,351385,4593,261348,4607,325581,4825,318839,4653,368158,4796,317805,4451,346668,4692,319759,4789,308296,5064,273618,4874,339732,4798,308334,4622,322498,4825,
2026-09-30,18:55:45.557,999,374326,5290,389895,5061,361599,5129,391522,5160,281867,4933,348178,5157,351627,5134,393824,5133,360874,5055,372398,5095,348341,5252,329884,5397,294312,5214,379042,5349,361522,5401,345280,5157,
2026-09-30,18:55:46.557,999,337321,4764,349068,4532,348306,4883,355340,4647,255252,4487,316366,4685,324728,4744,366680,4783,336850,4712,330258,4483,322780,4831,295521,4852,274878,4886,345704,4889,311309,4657,322220,4819,
2026-09-30,18:55:47.557,999,367183,5190,400633,5194,382359,5367,400579,5236,300428,5203,355696,5304,356060,5229,405914,5308,364436,5106,381052,5165,373970,5590,333179,5362,314158,5493,369340,5248,344754,5195,356810,5328,
2026-09-30,18:55:48.558,1000,324139,4561,349651,4520,334331,4683,335175,4384,247984,4384,307193,4554,310825,4533,343771,4485,299772,4168,317637,4305,306634,4588,272969,4467,255498,4543,333440,4710,306088,4580,310768,4656,
2026-09-30,18:55:49.557,999,307051,4327,329312,4265,304623,4249,324889,4248,254619,4483,294600,4358,303235,4425,343707,4509,307162,4282,308689,4189,292585,4373,275576,4509,252932,4477,326170,4598,307704,4590,314164,4706,
2026-09-30,18:55:50.557,999,331131,4654,358883,4621,322593,4521,357837,4679,272377,4814,321595,4762,324118,4732,361441,4728,339576,4708,325913,4423,318427,4759,304096,4974,281006,4989,355521,5014,327688,4898,334957,5025,
2026-09-30,18:55:51.557,999,345503,4845,378633,4863,330480,4684,372722,4917,278566,4884,318985,4704,336576,4904,374922,4904,340122,4708,337230,4610,320473,4844,311266,5078,284827,5015,359642,5058,327696,4866,336982,5036,
2026-09-30,18:55:52.558,1000,327901,4614,373657,4813,326483,4572,364827,4763,260252,4539,311461,4647,308548,4539,358593,4680,327727,4558,335532,4551,319702,4794,303411,4969,274831,4870,334158,4730,313092,4712,319123,4763,
2026-09-30,18:55:53.557,999,344448,4845,369207,4763,333367,4676,369851,4830,265226,4637,323473,4809,324694,4757,367229,4792,333110,4626,346403,4703,328706,4921,308657,5059,285618,5060,335555,4732,310611,4658,324811,4847,
2026-09-30,18:55:54.557,999,317181,4471,336815,4346,310065,4331,345117,4496,248076,4383,304740,4521,304281,4450,337034,4415,323265,4488,321491,4356,311598,4655,292322,4797,259706,4633,330322,4656,303448,4541,305208,4578,
2026-09-30,18:55:55.557,999,344330,4830,373061,4815,331607,4693,369802,4882,279595,4890,339921,5021,336103,4899,374221,4892,348221,4829,351681,4805,318990,4823,320173,5204,289042,5104,358253,5044,326806,4879,328331,4920,
2026-09-30,18:55:56.558,1000,436607,6131,468775,6046,434405,6150,464330,6129,351299,6164,422614,6248,424366,6184,475882,6217,439021,6084,445372,6079,423838,6398,404370,6575,359676,6349,451596,6361,421463,6304,412547,6183,
2026-09-30,18:55:57.557,999,329101,4628,350968,4531,332085,4647,350981,4593,266161,4691,310779,4629,318420,4672,354192,4642,317097,4403,317076,4289,304302,4543,305110,4958,260445,4616,331791,4705,305605,4599,317621,4779,
2026-09-30,18:55:58.557,999,320095,4519,351495,4549,325950,4557,344605,4509,266893,4660,308785,4588,318049,4651,350578,4571,324575,4522,326094,4430,297178,4441,300793,4892,270532,4760,326577,4621,309633,4642,319293,4770,
2026-09-30,18:55:59.558,1000,353544,4965,397224,5132,351894,4918,387656,5070,292059,5176,350999,5191,350903,5125,404109,5286,363460,5038,365445,4950,347967,5182,338595,5569,301607,5404,372875,5265,349029,5225,346597,5203,
2026-09-30,18:56:00.558,999,325084,4565,355532,4593,321490,4541,344458,4536,259040,4544,306443,4533,321092,4683,350389,4558,330194,4589,326732,4460,300008,4510,291338,4748,270437,4798,332512,4689,310461,4639,316137,4709,
2026-09-30,18:56:01.557,999,318230,4475,347353,4489,317633,4465,333369,4376,250224,4430,284739,4212,319477,4659,337481,4395,306606,4261,319193,4330,292332,4403,278502,4576,263400,4696,327549,4620,307380,4588,324320,4848,
2026-09-30,18:56:02.557,999,353197,4972,389361,5035,356769,5005,382346,5007,284537,5022,336961,5018,345727,5065,398729,5194,352299,4901,363637,4934,342770,5137,315305,5181,293314,5221,370152,5250,342735,5145,345461,5153,
2026-09-30,18:56:03.558,1000,333030,4704,355796,4617,314370,4409,346999,4538,254172,4502,305841,4522,318683,4647,360858,4695,332866,4627,326137,4434,308113,4613,288798,4769,277267,4948,348756,4921,310752,4628,309204,4620,
2026-09-30,18:56:04.558,999,363345,5111,395846,5111,341110,4808,372352,4890,282387,4907,330857,4915,343561,5022,405259,5276,359600,4992,368048,5011,346423,5210,327849,5325,308672,5449,368447,5215,348837,5214,352725,5262,
2026-09-30,18:56:05.558,999,339712,4767,369216,4761,322565,4601,350688,4653,274691,4774,312989,4637,325957,4764,380693,4954,332144,4621,340621,4687,308210,4685,299154,4853,280648,4940,346664,4890,327764,4895,337704,5034,
2026-09-30,18:56:06.557,999,370010,5206,406114,5232,352007,5028,373727,4982,301523,5167,344213,5094,358279,5239,405134,5320,374762,5208,370530,5088,348724,5293,340100,5462,309137,5373,375487,5298,345772,5159,354962,5339,
2026-09-30,18:56:07.558,1000,316848,4461,352011,4544,310565,4375,342680,4493,252808,4431,306909,4565,304518,4469,365924,4763,315049,4376,310468,4216,306796,4589,288830,4700,270544,4809,324374,4598,308860,4648,314939,4705,
2026-09-30,18:56:08.558,999,350222,4924,390872,5045,345942,4884,369335,4866,292739,5129,351231,5217,340594,4991,389922,5092,358675,4988,367181,4991,334368,5030,329750,5367,288630,5088,363744,5140,335765,5034,346254,5169,
2026-09-30,18:56:09.558,999,338045,4759,354115,4574,320714,4524,362166,4761,264026,4678,324646,4800,325093,4733,362815,4721,345867,4811,336705,4581,308405,4646,299950,4904,273510,4866,344466,4851,308883,4611,327529,4894,
2026-09-30,18:56:10.557,999,380207,5343,422292,5452,379209,5347,408870,5353,296134,5207,356104,5274,364922,5332,420959,5486,378815,5268,399334,5437,355097,5328,359521,5854,309657,5481,380043,5368,361516,5410,375804,5607,
2026-09-30,18:56:11.557,999,361872,5085,395773,5110,339769,4798,373486,4909,279204,4906,348856,5165,342808,5016,392898,5129,358176,4980,364620,4970,326101,4910,325877,5337,285024,5055,354860,5015,344132,5159,343834,5132,
2026-09-30,18:56:12.558,1000,361433,5081,376580,4877,351159,4926,378959,4954,286775,5045,352829,5252,363669,5332,401176,5235,354724,4937,362604,4925,347522,5216,334445,5485,293967,5211,362661,5133,335054,5031,337631,5020,
2026-09-30,18:56:13.558,999,315087,4431,328097,4249,311749,4366,328705,4290,256346,4556,306310,4522,312548,4551,345245,4497,308473,4289,304844,4135,303559,4554,290174,4802,257463,4613,324501,4585,299444,4472,308384,4606,
2026-09-30,18:56:14.557,999,311182,4376,325195,4209,310384,4363,321283,4210,257437,4556,294974,4371,310118,4528,336115,4376,306311,4266,304715,4142,310705,4679,291419,4771,258254,4576,322314,4551,304476,4552,304017,4538,
2026-09-30,18:56:15.558,1000,372760,5239,393760,5076,361768,5148,384285,5091,303974,5237,345055,5101,342925,5016,395359,5163,354009,4928,369323,5072,351870,5342,330410,5341,300182,5249,362664,5134,356948,5344,350604,5226,
2026-09-30,18:56:16.558,999,354492,5003,373293,4827,347101,4889,375646,4937,277030,4860,332810,4932,336037,4905,377441,4919,355413,4943,349356,4768,338173,5085,325064,5304,284032,5009,356968,5044,349346,5220,338543,5061,
2026-09-30,18:56:17.558,999,354537,4982,375092,4838,341233,4790,352523,4611,272507,4818,328556,4892,326112,4770,366988,4786,334099,4635,338674,4609,322471,4824,303052,4987,273489,4871,356907,5057,330135,4961,336346,5018,
2026-09-30,18:56:18.557,999,343501,4824,371630,4802,323449,4552,352669,4618,261436,4617,324829,4810,319260,4652,349020,4552,314645,4370,331044,4493,315675,4746,300304,4932,273320,4865,357410,5050,324669,4840,320347,4773,
2026-09-30,18:56:19.558,1000,337326,4736,342558,4414,303582,4264,340010,4449,246991,4368,304538,4506,303086,4415,332141,4329,304075,4225,312931,4263,311763,4684,280644,4634,256223,4578,334119,4708,302438,4512,305289,4559,
2026-09-30,18:56:20.558,999,365330,5141,382695,4937,336849,4750,373049,4889,278748,4915,326134,4832,343136,5007,374296,4875,337130,4691,356710,4866,328493,4955,311365,5114,292449,5200,363045,5122,345198,5153,345251,5146,
2026-09-30,18:56:21.558,999,394900,5541,420868,5418,368970,5240,401534,5309,312513,5411,372749,5515,362586,5288,422878,5512,391874,5435,377423,5167,353733,5366,344583,5582,321401,5650,389738,5485,361637,5395,369489,5493,
2026-09-30,18:56:22.557,999,338263,4761,359281,4643,327598,4607,359886,4710,275269,4836,308365,4598,325854,4783,365156,4759,326435,4539,325231,4410,325175,4875,298100,4867,272489,4840,343979,4876,308398,4642,324023,4834,
2026-09-30,18:56:23.558,1000,308096,4342,334993,4332,310853,4381,356178,4677,256441,4501,300224,4455,317405,4643,343936,4481,302545,4217,317111,4322,301966,4542,284294,4640,269729,4794,325982,4602,299993,4494,305992,4573,
2026-09-30,18:56:24.558,999,338889,4774,343580,4438,324742,4594,358140,4703,270672,4776,313926,4654,317738,4639,368084,4802,310095,4323,321437,4380,327302,4915,308934,5046,268855,4758,329382,4657,312286,4662,317912,4745,
2026-09-30,18:56:25.558,999,342415,4818,343459,4443,325633,4656,345021,4585,274084,4798,322617,4781,317984,4648,376441,4916,312125,4347,334710,4598,315439,4789,301771,4919,272802,4828,337205,4755,315862,4725,313707,4679,
2026-09-30,18:56:26.557,999,392522,5520,404867,5240,388834,5450,397856,5206,299128,5219,365367,5414,375780,5483,421492,5532,370007,5150,382516,5187,355322,5313,347380,5651,315081,5562,380794,5365,368269,5515,357982,5365,
2026-09-30,18:56:27.558,1000,335666,4726,354459,4589,334813,4699,348719,4576,272614,4819,325130,4828,328412,4805,374697,4915,326515,4533,339913,4602,309578,4621,303963,4980,281834,5032,339568,4807,319547,4789,316875,4743,
2026-09-30,18:56:28.558,999,352526,4968,385197,4983,351841,4933,369484,4849,265316,4698,339291,5026,340779,4981,366344,4796,353862,4922,330393,4472,330493,4939,318638,5203,288106,5119,352571,4972,346590,5185,345337,5179,
2026-09-30,18:56:29.558,999,318753,4506,355224,4605,339591,4757,330340,4316,253685,4488,298001,4422,311616,4557,343428,4490,317619,4434,315820,4278,305643,4578,285838,4684,264777,4699,322473,4564,308359,4619,319227,4772,
2026-09-30,18:56:30.557,999,339370,4781,364065,4714,359263,5033,360452,4726,275079,4842,331741,4915,324002,4736,378700,4963,341205,4747,341160,4625,335871,5027,307230,5019,281311,4970,352946,4987,327127,4899,338966,5094,
2026-09-30,18:56:31.558,1000,323992,4567,348762,4516,321677,4505,334836,4387,253438,4425,305764,4526,306747,4472,362053,4761,319593,4457,310167,4213,311025,4653,298651,4862,264129,4645,335815,4736,314146,4693,324702,4885,
2026-09-30,18:56:32.558,999,352073,4960,385540,4981,344211,4825,375002,4908,283746,4894,323671,4831,337637,4960,394008,5164,334386,4671,349195,4732,340180,5094,327976,5294,288220,5022,358266,5077,328151,4935,340578,5099,
2026-09-30,18:56:33.558,999,300394,4222,316994,4101,291847,4083,310601,4059,234350,4144,279092,4133,281147,4101,310570,4051,279098,3895,281383,3820,278350,4171,266630,4385,236222,4205,301324,4254,278839,4173,287647,4304,
2026-09-30,18:56:34.557,999,315746,4435,344077,4445,327294,4587,328636,4306,251289,4417,307053,4551,303222,4431,342712,4486,307928,4279,311435,4225,294543,4414,284851,4655,253606,4506,318991,4514,292235,4379,304408,4563,
2026-09-30,18:56:35.558,1000,355576,4989,372938,4815,363652,5137,381327,5033,289430,5043,349238,5176,355544,5198,416073,5443,366169,5087,368252,5034,341605,5172,333333,5441,288398,5073,366962,5188,330624,4954,349578,5238,
2026-09-30,18:56:36.558,999,389254,5465,412059,5306,386220,5470,416939,5505,306262,5313,371046,5502,390814,5686,422347,5528,381002,5288,407884,5567,359277,5423,360611,5861,315749,5568,390727,5517,367485,5490,380638,5704,
2026-09-30,18:56:37.558,999,382791,5382,411415,5315,379014,5309,409322,5358,300767,5262,369246,5494,366000,5361,418027,5466,374290,5208,404978,5478,354495,5289,344411,5609,310360,5470,389850,5523,357028,5371,351568,5262,
2026-09-30,18:56:38.558,999,386550,5442,416244,5372,406035,5687,416385,5447,315590,5541,373062,5571,373189,5493,426794,5580,380462,5273,408246,5533,375734,5613,354747,5789,322284,5707,415247,5899,365715,5527,363019,5431,
2026-09-30,18:56:39.558,1000,326878,4600,361846,4677,341035,4777,348303,4550,262785,4658,305587,4528,328703,4796,363819,4757,328270,4533,339201,4600,317499,4755,297592,4902,264267,4728,337134,4760,310412,4631,315960,4742,
2026-09-30,18:56:40.558,999,363980,5115,384441,4966,361243,5055,388374,5067,278192,4897,329946,4898,345128,5045,393766,5162,342926,4765,368443,4994,338681,5050,318796,5234,279183,4955,352296,4980,331270,4958,338561,5075,
2026-09-30,18:56:41.558,999,314832,4440,329762,4268,333994,4683,342249,4475,251438,4432,297139,4423,309387,4529,359539,4697,311171,4310,315609,4278,293915,4398,279875,4612,256583,4557,326326,4610,287217,4314,303281,4539,
2026-09-30,18:56:42.558,999,324874,4573,359236,4645,335752,4692,351707,4584,258534,4521,300848,4494,332065,4871,371990,4871,318632,4422,333894,4520,308590,4617,289592,4726,264084,4686,339018,4810,302678,4556,310781,4653,
2026-09-30,18:56:43.558,1000,333535,4694,347164,4483,320193,4501,360313,4709,262719,4609,312694,4636,322630,4717,367947,4812,323307,4492,337272,4579,311557,4666,298647,4871,273200,4842,336323,4749,306375,4587,319906,4782,
2026-09-30,18:56:44.558,999,313922,4422,338795,4383,311700,4374,358385,4669,252484,4470,306107,4535,307102,4479,355166,4650,310136,4309,321121,4357,302559,4521,288370,4723,261498,4653,338988,4792,296290,4433,311012,4659,
2026-09-30,18:56:45.558,999,340595,4800,395335,5096,347708,4925,378409,4987,280175,4916,335138,4954,333638,4874,388036,5062,337720,4694,350626,4800,324249,4890,313158,5112,286218,5082,374462,5285,341463,5109,352141,5267,
2026-09-30,18:56:46.558,999,363091,5117,397156,5133,368459,5167,415263,5434,283143,5012,358056,5302,358264,5236,396682,5196,357565,4949,373830,5059,351205,5245,331571,5459,297031,5280,381069,5379,344817,5155,356233,5350,
2026-09-30,18:56:47.558,1000,369586,5205,406022,5244,361202,5064,391076,5121,281102,4911,352062,5242,350534,5149,382950,5025,357149,4959,370439,5021,348611,5205,329350,5361,304139,5373,369124,5244,349424,5256,354046,5320,
2026-09-30,18:56:48.558,999,357908,5038,396894,5125,358464,5029,382662,4998,281526,4927,349886,5179,354512,5170,389166,5086,370811,5141,370061,5017,349624,5218,328167,5321,306159,5402,367626,5198,352231,5262,360229,5401,
2026-09-30,18:56:49.558,999,309875,4368,340015,4392,310559,4354,339429,4429,254288,4535,315175,4660,304920,4444,348294,4539,322752,4477,322006,4351,305658,4561,287255,4737,253743,4530,310099,4380,307484,4602,320286,4786,
2026-09-30,18:56:50.558,999,332768,4688,353765,4569,322205,4531,337172,4412,260651,4600,313491,4646,299866,4372,353416,4621,318585,4419,326656,4432,308260,4612,292413,4803,265009,4720,338798,4790,311897,4668,311686,4674,
2026-09-30,18:56:51.558,1000,338648,4754,366259,4706,320961,4560,339113,4487,276976,4849,319789,4728,321393,4682,364115,4762,330482,4590,324987,4445,331890,4995,311359,5061,280826,4942,340917,4806,324445,4831,321226,4800,
2026-09-30,18:56:52.558,999,362476,5098,397748,5134,349838,4909,380313,4977,299032,5231,350264,5222,351464,5159,393943,5177,358058,4978,360723,4879,369374,5502,334501,5420,301284,5336,366522,5218,334178,5043,350606,5266,
2026-09-30,18:56:53.558,999,319126,4485,342320,4425,329234,4605,356343,4648,262154,4658,310466,4603,310821,4539,354066,4614,304329,4225,307920,4168,307436,4586,284490,4678,261003,4672,318836,4519,291659,4387,314676,4703,
2026-09-30,18:56:54.558,999,334538,4712,389586,5032,358293,5013,386942,5053,272648,4807,328678,4879,337904,4947,374285,4891,337610,4697,349449,4745,332574,4976,314557,5136,285798,5061,358128,5061,335468,5026,341608,5101,
2026-09-30,18:56:55.559,1000,380841,5350,425042,5487,363851,5146,412290,5429,317803,5559,372832,5518,373113,5438,418902,5484,381962,5291,384890,5250,353534,5315,344368,5589,307974,5442,399571,5622,364444,5438,366142,5494,
2026-09-30,18:56:56.558,999,352453,4962,376652,4862,353256,4955,376653,4930,278374,4946,340152,5043,341449,4980,388043,5067,338455,4714,348390,4716,316412,4734,311932,5107,273171,4888,354156,5003,333646,4984,336539,5036,
2026-09-30,18:56:57.558,999,336304,4725,366451,4723,354044,4963,361044,4723,271018,4768,324843,4834,317214,4643,375054,4915,333457,4633,335170,4538,308005,4607,301630,4913,272927,4848,337627,4781,331829,4985,327404,4916,
2026-09-30,18:56:58.558,999,317017,4454,337164,4343,318148,4456,339973,4436,254853,4526,312317,4629,284828,4149,337083,4405,302075,4200,312926,4233,304096,4546,264371,4339,254293,4561,307768,4346,307448,4597,290250,4340,
2026-09-30,18:56:59.559,1000,347159,4874,361469,4660,327833,4590,361208,4726,270173,4750,314533,4661,304608,4452,353830,4652,327307,4545,333115,4501,313202,4672,297446,4856,268920,4771,341265,4820,331573,4958,319029,4804,
2026-09-30,18:57:00.558,999,354526,4975,377106,4876,333593,4696,365435,4801,271525,4748,326765,4872,316595,4646,370012,4832,323646,4506,356484,4837,312561,4693,301285,4885,288212,5090,351806,4987,331456,4972,330713,4943,
2026-09-30,18:57:01.558,999,320896,4487,332168,4297,299468,4217,319065,4183,235847,4164,299562,4441,288437,4206,329275,4295,283171,3931,313737,4262,279962,4203,262972,4282,252272,4492,315165,4450,288053,4306,296458,4421,
2026-09-30,18:57:02.558,999,338191,4747,366450,4728,325423,4583,350168,4594,264313,4645,321869,4795,322987,4731,364412,4751,313752,4356,346798,4706,316972,4746,304611,4963,269724,4769,347358,4929,312776,4695,333060,4960,
2026-09-30,18:57:03.559,1000,322326,4542,349512,4521,334652,4698,344113,4498,252447,4485,320982,4746,331589,4831,361966,4713,321369,4461,335946,4558,319470,4789,305066,5013,267726,4789,337937,4775,308255,4610,321108,4786,
2026-09-30,18:57:04.559,999,341838,4801,362837,4699,332044,4657,356014,4654,258641,4569,332598,4944,318651,4655,367561,4803,336232,4682,337998,4579,337802,5048,317066,5181,280922,4999,354183,5009,322482,4824,325724,4885,
2026-09-30,18:57:05.558,999,398195,5600,409251,5287,395253,5607,409168,5408,313419,5403,376994,5602,376148,5509,433616,5656,404863,5627,398820,5468,373998,5650,367779,5932,320602,5611,412077,5818,368052,5524,392065,5848,
2026-09-30,18:57:06.558,999,361008,5064,378291,4868,353099,5010,369462,4886,282327,4914,332738,4926,341251,4974,380909,4981,361004,5004,360530,4931,338901,5108,338026,5483,290807,5113,372420,5244,339767,5077,342840,5129,
2026-09-30,18:57:07.559,1000,332725,4676,367119,4740,347043,4877,346424,4558,263328,4627,322369,4797,309875,4544,355286,4634,320377,4449,331096,4503,320915,4801,313088,5149,275215,4894,340099,4820,306356,4607,334263,4993,
2026-09-30,18:57:08.559,999,347576,4876,361013,4654,334594,4684,352039,4597,268134,4699,332966,4953,326501,4776,362873,4754,339455,4717,346619,4704,335058,4999,330953,5425,274176,4858,346533,4908,321362,4808,347870,5213,
2026-09-30,18:57:09.558,999,314619,4429,309933,4009,298852,4180,305004,3978,236143,4179,287921,4283,288337,4216,328551,4287,299611,4176,297603,4037,289217,4298,283600,4666,241460,4314,310750,4396,284989,4280,299684,4485,
2026-09-30,18:57:10.558,999,317762,4472,312969,4071,304956,4281,328513,4299,240727,4243,291587,4325,291508,4254,332135,4349,286378,3991,321526,4366,308375,4610,289990,4762,250504,4445,315617,4463,290992,4360,302139,4541,
2026-09-30,18:57:11.558,999,349783,4919,354174,4596,339858,4771,365673,4785,267251,4687,318866,4731,315163,4605,363745,4746,310697,4332,329770,4472,322103,4824,303949,4966,269571,4771,350326,4950,319645,4791,332652,4968,
2026-09-30,18:57:12.559,1000,367978,5162,389037,5029,350426,4915,377272,4935,275643,4849,331971,4940,336551,4939,390852,5109,331888,4615,344446,4669,342156,5099,324482,5299,271265,4800,365182,5186,336254,5058,338476,5071,
2026-09-30,18:57:13.558,999,341011,4804,364937,4729,334777,4695,337909,4417,262591,4625,319388,4728,318687,4648,359638,4706,322761,4504,320519,4335,317657,4733,300175,4909,262002,4643,335276,4729,313266,4686,308946,4636,
2026-09-30,18:57:14.558,999,335426,4706,377446,4872,330009,4634,351121,4586,268296,4743,337488,5002,320917,4686,372417,4871,332408,4615,321742,4361,321423,4789,305464,4991,277558,4933,337266,4768,329654,4933,324078,4870,
2026-09-30,18:57:15.558,999,357055,5018,381206,4918,345277,4917,355365,4716,286037,4957,341340,5059,338552,4935,383736,5000,344742,4791,343837,4732,326248,4954,321887,5238,285235,5021,348390,4917,352546,5266,336231,5023,
2026-09-30,18:57:16.559,1000,381058,5344,406107,5250,375335,5298,397689,5232,309191,5400,362924,5387,364261,5330,415492,5407,367193,5104,369227,5032,349866,5254,347533,5637,314302,5550,396559,5611,368102,5515,369636,5520,
2026-09-30,18:57:17.559,999,353055,4965,372767,4830,331989,4670,349862,4592,277211,4879,331196,4931,328165,4808,377074,4910,322281,4492,337447,4586,311558,4665,309110,5068,275156,4876,346487,4910,324302,4875,328166,4891,
2026-09-30,18:57:18.558,999,341823,4807,359163,4634,331899,4681,334889,4404,258685,4551,316762,4696,314661,4591,359034,4676,311333,4323,326027,4440,295887,4446,298671,4885,255135,4511,338676,4786,312810,4680,322709,4813,
2026-09-30,18:57:19.558,999,324343,4560,355935,4582,323528,4571,338336,4457,256134,4512,307798,4563,316773,4611,359416,4681,317775,4415,335530,4580,305137,4590,290596,4763,260700,4601,327432,4624,320653,4792,321209,4799,
2026-09-30,18:57:20.559,1000,349084,4917,388458,5013,352422,4955,379123,4965,281508,4991,334525,4972,335534,4894,395991,5160,330927,4610,361757,4922,322221,4837,312708,5125,282830,5036,349797,4944,344367,5142,338642,5053,
2026-09-30,18:57:21.559,999,370082,5186,424611,5464,363156,5171,398321,5281,298985,5214,348960,5158,353843,5154,420934,5486,351016,4873,372213,5115,340912,5184,332248,5429,295510,5202,380641,5359,357034,5321,358550,5341,
2026-09-30,18:57:22.558,999,380189,5341,408720,5284,369388,5187,401363,5247,292589,5098,358359,5353,358332,5260,404276,5260,357709,4988,368727,5000,355354,5338,330699,5380,295906,5208,375427,5330,343196,5161,350204,5220,
2026-09-30,18:57:23.558,999,352231,4952,387545,4993,341234,4832,357745,4708,276828,4833,348342,5162,337518,4926,390261,5086,339258,4728,348192,4759,321510,4864,319851,5223,288000,5091,350694,4947,311526,4672,339158,5059,
2026-09-30,18:57:24.559,1000,339686,4778,355711,4605,333333,4685,350715,4600,263543,4661,320823,4758,317460,4637,362387,4730,328830,4580,332684,4518,313212,4705,288098,4746,269033,4776,331935,4696,308897,4627,316882,4732,
2026-09-30,18:57:25.559,999,359080,5044,393848,5085,359931,5112,382957,5069,291471,5084,361072,5337,354632,5177,396895,5165,348341,4838,366661,5040,338839,5138,332415,5413,287257,5062,364643,5145,330587,4938,334647,4990,
2026-09-30,18:57:26.558,999,321773,4534,363081,4695,330240,4638,360481,4717,269663,4785,328765,4873,317393,4634,367464,4787,305040,4246,338843,4589,314821,4714,300305,4941,260324,4622,339018,4796,306027,4587,301285,4503,
2026-09-30,18:57:27.558,999,350519,4933,385116,4967,354208,5014,377100,4965,310836,5411,355963,5303,356028,5219,399672,5217,346652,4822,368541,5030,344848,5193,338225,5496,283543,4944,359501,5106,330262,4958,343763,5122,
2026-09-30,18:57:28.559,1000,347636,4899,376854,4868,328253,4631,357651,4708,288598,5080,323444,4800,334428,4881,386240,5036,333549,4634,346198,4719,334527,5032,325644,5336,266875,4705,350816,4959,327306,4903,331827,4959,
2026-09-30,18:57:29.559,999,355814,5000,366288,4730,342110,4816,353903,4644,287295,5095,343536,5092,341851,4993,391833,5105,341940,4740,353356,4803,323994,4882,318485,5255,269561,4793,357613,5058,321874,4829,328772,4907,
2026-09-30,18:57:30.559,999,339361,4770,371950,4802,334226,4698,350890,4589,272872,4851,329500,4876,333335,4857,384043,5003,331179,4599,344583,4678,320564,4804,307400,5065,262120,4672,344016,4865,308918,4625,324586,4837,
2026-09-30,18:57:31.558,999,324762,4574,347422,4487,329048,4607,339277,4438,267599,4753,307538,4540,317073,4620,375589,4912,306056,4250,327986,4444,309547,4631,289823,4783,253623,4523,330280,4665,302242,4524,306948,4599,
2026-09-30,18:57:32.559,1000,357332,5015,374929,4835,354862,4974,360676,4739,275911,4848,342285,5109,343308,5038,394382,5142,350838,4864,358431,4860,351688,5257,332207,5449,284368,5071,350278,4985,329157,4967,328895,4905,
2026-09-30,18:57:33.559,999,383167,5393,419309,5412,372572,5218,404878,5297,306943,5353,379695,5625,386201,5646,431418,5669,382073,5303,390757,5289,368307,5495,359830,5833,316526,5587,382134,5408,363645,5441,354980,5339,
2026-09-30,18:57:34.559,999,331261,4662,351702,4543,320613,4486,353774,4625,268797,4773,335339,4976,325537,4750,374775,4890,333096,4618,327002,4427,319700,4787,291870,4792,267606,4788,345680,4899,315452,4731,312953,4672,
2026-09-30,18:57:35.558,999,343083,4838,386999,4996,341426,4839,364433,4811,297555,5181,354457,5238,343246,5015,390008,5101,339933,4716,349753,4787,333499,5040,316288,5138,285144,5024,359707,5081,334757,5007,332356,4976,
2026-09-30,18:57:36.559,1000,358132,5022,395096,5089,348782,4959,378126,4999,296104,5148,347376,5146,355233,5196,404833,5275,353681,4887,372206,5085,346144,5233,325968,5269,290750,5088,368503,5203,349815,5231,345460,5154,
2026-09-30,18:57:37.559,999,338105,4737,373584,4819,344754,4834,377638,4929,280199,4957,337783,5037,328652,4815,389256,5088,336138,4651,348011,4692,329822,4918,317083,5200,282326,5045,344845,4887,321054,4828,324112,4856,
2026-09-30,18:57:38.559,999,356170,5019,391308,5063,376566,5281,398778,5206,303157,5328,364771,5418,355667,5195,417273,5442,356818,4956,365292,4942,348745,5223,332610,5425,302079,5336,386983,5467,358706,5372,356536,5326,
2026-09-30,18:57:39.558,999,359769,5045,389929,5028,363875,5094,373067,4884,290831,5181,349970,5179,353232,5150,378600,4947,354379,4910,350898,4751,337773,5057,321232,5279,281105,5019,363555,5123,339978,5086,326953,4905,
2026-09-30,18:57:40.559,1000,339108,4760,362204,4677,349148,4899,372618,4870,274426,4892,328293,4867,335172,4887,368644,4809,336971,4677,353222,4798,324907,4872,315044,5205,273458,4881,347712,4913,320694,4810,328174,4905,
2026-09-30,18:57:41.559,999,360269,5070,394715,5093,366763,5136,381327,4983,281501,4951,349847,5175,342921,5016,386282,5058,350159,4870,355640,4828,330566,4949,328098,5377,290466,5159,362882,5130,333271,4992,339278,5086,
2026-09-30,18:57:42.559,999,370621,5199,411745,5316,393000,5513,411766,5374,311358,5493,367251,5486,375731,5521,418802,5460,374671,5195,387155,5253,358159,5347,348570,5697,310082,5510,378224,5379,354670,5343,372032,5550,
2026-09-30,18:57:43.559,999,356994,5024,374009,4828,348941,4924,369544,4871,289910,5106,332577,4922,342097,4988,391206,5094,346820,4828,349668,4775,333429,5017,323020,5273,284919,5041,359796,5076,339293,5066,347845,5194,
2026-09-30,18:57:44.559,1000,366908,5157,387946,5011,367174,5176,392053,5146,301793,5271,342905,5088,356043,5210,402434,5252,357549,4982,363212,4943,350381,5261,333081,5410,299206,5269,367574,5196,341999,5110,363326,5423,
2026-09-30,18:57:45.559,999,350647,4916,382973,4951,364323,5158,385046,5093,298516,5237,344026,5093,330434,4824,392035,5111,332186,4626,348551,4769,325199,4922,322430,5251,293183,5177,355963,5027,326668,4878,352850,5261,
2026-09-30,18:57:46.559,999,341330,4803,376659,4874,369639,5190,382550,5024,290997,5161,342632,5088,331376,4851,395793,5158,331047,4593,339092,4603,318835,4788,324277,5328,299168,5319,359520,5083,321061,4806,338208,5054,
2026-09-30,18:57:47.559,999,331475,4657,379366,4899,352182,4930,369799,4834,292430,5180,338480,5033,339945,4978,383937,5021,335982,4663,342863,4637,310262,4633,328953,5396,279453,4972,346244,4905,322558,4851,333586,5003,
2026-09-30,18:57:48.559,1000,353983,4981,395304,5108,370604,5193,373955,4901,297082,5237,347643,5150,347792,5076,392357,5138,354975,4926,345787,4687,343779,5136,334373,5458,293685,5194,365190,5161,340530,5099,341263,5125,
2026-09-30,18:57:49.559,999,323117,4549,360817,4676,343767,4820,362214,4731,274125,4852,322283,4775,338178,4940,385085,5028,325771,4537,324741,4403,335238,5008,323799,5313,270007,4798,348199,4913,315642,4729,329172,4930,
2026-09-30,18:57:50.559,999,366494,5139,399974,5159,373516,5233,387850,5068,302158,5316,344807,5115,361273,5283,392858,5143,362019,5027,385744,5236,368932,5517,350593,5728,302938,5354,372649,5261,346766,5199,355502,5316,
2026-09-30,18:57:51.559,999,356423,4995,372917,4808,366172,5172,375842,4968,291379,5098,337543,4988,343244,5010,391860,5128,336337,4664,358487,4898,348053,5240,329313,5370,290348,5122,372238,5240,342679,5107,337747,5053,
2026-09-30,18:57:52.559,1000,374601,5270,397775,5137,384766,5399,394620,5169,308505,5398,362485,5399,362813,5326,414757,5425,365574,5078,387336,5258,357903,5372,338095,5525,308280,5467,385721,5473,368782,5542,364774,5450,
2026-09-30,18:57:53.559,999,318272,4469,366429,4748,339304,4756,344270,4510,276369,4898,313450,4641,320609,4673,367295,4786,316184,4402,326264,4422,311755,4680,299597,4931,270664,4819,331843,4692,317142,4739,324946,4849,
2026-09-30,18:57:54.559,999,310598,4366,331080,4289,318334,4485,333500,4389,273252,4817,309854,4599,308754,4506,356402,4644,309040,4297,341661,4650,307010,4617,302147,4954,267025,4760,332716,4703,307276,4594,313176,4669,
2026-09-30,18:57:55.559,999,366114,5156,406032,5245,370619,5261,392959,5194,318310,5525,369259,5463,361341,5277,415210,5441,385765,5363,391923,5360,349049,5263,354732,5734,310333,5424,386031,5455,357579,5341,360362,5401,
2026-09-30,18:57:56.559,1000,349044,4909,389460,5029,362010,5076,377051,4925,280048,4977,339465,5020,341383,4964,381995,4980,334385,4647,365773,4945,335462,4992,328426,5389,287217,5111,358568,5068,333685,4990,342358,5128,
2026-09-30,18:57:57.559,999,360157,5046,400285,5156,366164,5124,388745,5075,284406,5003,336282,5009,360340,5273,390050,5100,340203,4738,355116,4814,326534,4874,323389,5281,285322,5064,366603,5193,326879,4914,339529,5083,
2026-09-30,18:57:58.559,999,350165,4912,368713,4750,347309,4871,363906,4737,272532,4838,321434,4770,314204,4584,363936,4749,320514,4460,343372,4667,318018,4746,305120,4994,276655,4935,350255,4943,323054,4842,334318,4992,
2026-09-30,18:57:59.559,999,334005,4693,358001,4627,340503,4771,358442,4666,271957,4805,317896,4701,327185,4772,362811,4758,324144,4504,342504,4648,310388,4635,297130,4857,264004,4684,348189,4915,316511,4740,333426,5007,
2026-09-30,18:58:00.560,1000,336841,4735,373410,4815,355243,4986,360580,4719,274588,4858,325941,4831,329320,4811,372232,4848,332301,4614,353204,4799,324085,4844,311415,5104,268601,4795,348789,4925,327126,4892,332735,4962,
2026-09-30,18:58:01.559,999,355538,4993,386492,4978,361530,5065,375165,4900,296535,5192,339610,5044,339318,4966,395013,5161,342846,4751,363712,4930,341428,5088,325446,5308,291228,5173,368543,5211,338087,5057,346546,5187,
2026-09-30,18:58:02.559,999,332909,4670,356399,4610,334761,4692,337477,4412,260620,4600,310713,4636,318379,4672,358456,4678,324705,4508,337664,4576,323833,4831,296076,4860,267058,4773,331304,4707,316036,4754,321310,4803,
2026-09-30,18:58:03.559,999,304209,4276,331643,4288,308036,4321,326036,4266,258799,4587,302141,4466,309908,4520,343525,4491,316066,4387,325360,4412,302331,4509,285168,4650,258091,4604,310996,4388,302172,4515,300862,4512,
2026-09-30,18:58:04.559,999,340130,4792,361674,4681,343359,4812,356830,4662,275496,4865,320281,4754,329181,4815,366482,4795,321631,4481,342653,4641,319149,4760,303164,4958,272815,4853,334600,4733,330957,4952,329469,4923,
2026-09-30,18:58:05.559,1000,385954,5413,406850,5247,375337,5343,393246,5220,308278,5408,353174,5231,354317,5175,402152,5258,361653,5026,380119,5205,346065,5225,338430,5488,306164,5398,395438,5584,358338,5366,367823,5488,
2026-09-30,18:58:06.559,999,413738,5798,437279,5631,420524,5956,423910,5593,336258,5835,394127,5842,398611,5819,438568,5738,409923,5684,414161,5646,390076,5883,372988,6011,334705,5847,441797,6231,390789,5837,401666,5994,
2026-09-30,18:58:07.559,999,364893,5135,381337,4919,371758,5223,365917,4796,290758,5089,358881,5325,352177,5155,386945,5085,355637,4939,365763,4950,336626,5041,329140,5339,301579,5332,396724,5613,345487,5184,354405,5327,
2026-09-30,18:58:08.560,1000,368732,5181,386100,4982,368800,5165,380377,4981,287068,5070,361041,5348,342436,5001,386668,5066,354052,4919,367351,4974,336805,5037,318009,5192,298844,5297,397544,5620,347034,5203,351288,5261,
2026-09-30,18:58:09.559,999,332699,4679,372011,4797,363093,5074,363746,4744,272497,4843,343897,5088,334246,4876,379532,4953,331941,4616,365217,4939,330005,4922,309538,5082,269188,4813,363910,5150,327230,4907,337034,5046,
2026-09-30,18:58:10.559,999,341584,4808,365057,4702,353465,4956,363671,4753,269961,4744,342266,5083,337075,4929,382683,5013,343771,4778,362687,4900,316700,4721,313983,5142,289429,5146,357372,5058,333995,4992,336698,5039,
2026-09-30,18:58:11.559,999,309027,4354,341720,4409,314498,4401,331118,4324,247863,4370,306722,4540,304166,4432,339286,4439,303183,4218,334284,4513,294709,4400,283792,4662,254692,4535,333068,4704,295024,4403,306501,4594,
2026-09-30,18:58:12.560,1000,357583,5030,388295,5007,361303,5070,371297,4864,290835,5069,344512,5145,348635,5118,394208,5150,347842,4844,386828,5239,338373,5059,332444,5391,292179,5148,383052,5438,338190,5102,353995,5283,
2026-09-30,18:58:13.559,999,309323,4347,339501,4370,314985,4419,316676,4141,247770,4357,298279,4417,298851,4361,341315,4463,301280,4189,318570,4317,287740,4290,280947,4586,263163,4677,338262,4782,308500,4614,318689,4766,
2026-09-30,18:58:14.559,999,304736,4272,328282,4222,321428,4503,323840,4223,235514,4194,297465,4400,304911,4450,338172,4411,281249,3922,316162,4284,294304,4392,276253,4560,253242,4538,324255,4590,300755,4504,309168,4614,
2026-09-30,18:58:15.559,999,366180,5145,397850,5128,372004,5260,380312,5020,299676,5209,357257,5280,354820,5167,408374,5352,352068,4900,368214,5029,345008,5199,330231,5354,293870,5181,383703,5411,355171,5305,357101,5358,
2026-09-30,18:58:16.560,1000,384390,5415,399390,5161,384023,5381,404529,5288,300900,5339,367629,5460,358097,5230,403080,5260,362103,5040,388671,5266,359117,5371,344132,5660,300257,5352,399365,5655,359870,5403,368460,5502,
2026-09-30,18:58:17.559,999,359588,5062,383689,4951,366110,5124,392342,5120,300525,5276,343936,5125,344513,5051,388141,5057,349706,4883,366723,4974,347563,5200,323468,5284,293141,5178,372282,5276,344049,5181,351979,5255,
2026-09-30,18:58:18.559,999,336616,4757,362931,4713,360048,5057,382902,5023,272846,4811,326530,4841,323609,4728,388054,5054,341789,4781,358551,4860,337064,5058,320137,5260,284976,5065,364367,5151,335408,5020,346291,5174,
2026-09-30,18:58:19.559,999,303543,4306,340754,4416,320319,4490,340821,4450,250990,4440,305213,4507,302213,4400,344614,4492,298322,4176,323861,4387,303337,4542,285252,4712,254929,4555,325323,4592,297293,4437,303377,4533,
2026-09-30,18:58:20.560,1000,316230,4479,346676,4494,336332,4719,348169,4542,254669,4479,312388,4635,322426,4718,364014,4737,326172,4575,344683,4661,318498,4760,297159,4873,266370,4723,338808,4796,299552,4482,317957,4749,
2026-09-30,18:58:21.559,999,317206,4461,354865,4578,334457,4748,348561,4604,257183,4489,303410,4485,314027,4583,355448,4618,306517,4272,324101,4423,304583,4593,295253,4813,265313,4671,321395,4523,299556,4474,311490,4648,
2026-09-30,18:58:22.559,999,316685,4486,348937,4519,341051,4779,346843,4522,252022,4411,307327,4592,311570,4573,348675,4541,316108,4418,334905,4529,315032,4689,301648,4919,269399,4760,329263,4670,303758,4567,315013,4694,
2026-09-30,18:58:23.559,999,360148,5072,398523,5135,364512,5131,379931,4984,292591,5116,353623,5247,356493,5212,391967,5106,364115,5065,380502,5163,357354,5341,334881,5432,297403,5231,375435,5298,348230,5204,361508,5380,
2026-09-30,18:58:24.560,1000,367328,5155,396576,5094,355553,5007,368929,4844,273392,4816,323519,4803,346144,5056,381689,4972,346303,4811,366667,4981,340650,5121,321040,5257,294243,5231,354935,5017,329428,4932,345731,5148,
2026-09-30,18:58:25.559,999,378189,5299,403556,5192,368547,5244,380995,5044,293146,5119,346358,5120,375115,5468,389372,5062,363377,5037,386075,5284,359535,5429,343781,5608,297394,5256,375773,5298,338052,5041,357461,5326,
2026-09-30,18:58:26.559,999,332944,4669,350078,4514,334653,4702,349078,4558,250208,4431,306948,4557,323119,4727,355081,4628,317061,4408,338607,4591,305298,4560,292818,4805,264690,4727,341595,4831,308518,4615,318460,4753,
2026-09-30,18:58:27.559,999,347798,4916,364658,4727,347290,4873,358076,4664,271592,4759,332906,4944,349811,5123,383120,4987,338018,4739,360079,4863,320835,4787,313799,5141,276523,4900,357033,5057,325613,4897,343950,5118,
2026-09-30,18:58:28.560,1000,346474,4892,387492,5020,357456,5012,374289,4895,284595,4991,352876,5244,341984,5010,384259,5004,347095,4855,373225,5050,333292,4976,328497,5356,278647,4909,358717,5076,342299,5124,342708,5111,
2026-09-30,18:58:29.559,999,320880,4557,348479,4542,331607,4646,349196,4565,264071,4650,319977,4735,321561,4688,360162,4685,324185,4549,334833,4536,315335,4714,300058,4912,272464,4836,334047,4712,303130,4523,315771,4715,
2026-09-30,18:58:30.559,999,317317,4485,349750,4535,315439,4432,337321,4419,252822,4454,310426,4598,301395,4405,344824,4493,314344,4397,317818,4317,297390,4453,293086,4798,260867,4621,323309,4565,294985,4419,307348,4583,
2026-09-30,18:58:31.559,999,310188,4398,340447,4435,312694,4378,326928,4256,242944,4284,306066,4535,296104,4325,321663,4192,306079,4302,308431,4175,293860,4377,286352,4694,253817,4502,317712,4488,289237,4324,283458,4235,
2026-09-30,18:58:32.560,1000,322671,4546,356491,4611,334169,4690,345933,4510,264278,4671,316037,4707,316596,4642,360031,4694,332963,4623,339182,4587,310803,4640,297305,4869,264604,4693,328387,4660,302461,4542,309735,4624,
2026-09-30,18:58:33.559,999,338394,4797,352386,4595,331971,4647,348164,4550,263013,4660,322467,4768,328615,4787,383028,4987,324661,4552,335353,4538,321217,4793,299741,4897,272932,4867,355541,5016,313226,4673,317830,4748,
2026-09-30,18:58:34.559,999,378072,5326,402701,5196,358961,5034,396672,5180,294691,5182,351360,5215,354557,5179,402210,5250,353444,4926,380624,5149,342054,5114,331484,5423,301233,5337,385342,5440,346969,5207,360253,5383,
2026-09-30,18:58:35.559,999,384566,5459,416737,5430,391512,5528,398221,5253,315647,5523,385685,5708,375282,5460,417557,5442,374151,5246,405710,5538,369642,5575,353671,5774,319097,5640,416518,5877,377786,5644,382286,5705,
2026-09-30,18:58:36.560,1000,382822,5391,423039,5467,388108,5497,392445,5190,311974,5458,362355,5365,364197,5318,421982,5501,385219,5361,412196,5634,369095,5567,363564,5931,322930,5703,409365,5770,372678,5549,383705,5711,
2026-09-30,18:58:37.560,999,320280,4513,360687,4662,345071,4822,333527,4354,261637,4637,319222,4741,310310,4548,373636,4866,327227,4572,338836,4588,315196,4709,306609,5059,276040,4936,341060,4838,308446,4631,325519,4855,
2026-09-30,18:58:38.559,999,335040,4732,362902,4694,352645,4930,341163,4458,258598,4566,327550,4867,335490,4904,370103,4818,337859,4726,347102,4705,318525,4756,304241,4985,279603,4969,347935,4922,321558,4822,332788,4956,
2026-09-30,18:58:39.559,999,317924,4488,336800,4357,331827,4667,325768,4276,246231,4325,311294,4615,323951,4732,362443,4723,324772,4534,328995,4473,305335,4583,288900,4728,258299,4590,335022,4727,310738,4642,315248,4704,
2026-09-30,18:58:40.560,1000,342729,4823,374168,4834,349920,4942,357924,4719,279264,4833,330305,4909,340951,4999,386470,5040,351919,4915,355016,4840,338805,5082,325359,5269,294720,5164,363496,5139,334547,5009,342799,5115,
2026-09-30,18:58:41.559,999,290023,4092,314361,4074,290968,4092,310774,4080,243427,4302,290743,4299,295893,4314,324170,4226,292290,4074,312472,4255,287721,4304,286266,4700,247415,4407,317070,4468,283986,4234,292063,4362,
2026-09-30,18:58:42.559,999,310263,4369,346946,4488,318764,4478,342798,4489,267949,4724,313741,4664,318838,4678,362801,4726,328950,4572,330437,4489,321536,4827,302889,4962,268690,4790,328145,4644,316535,4743,321601,4797,
2026-09-30,18:58:43.560,1000,319896,4499,350192,4522,337500,4742,320830,4215,255186,4530,310097,4586,302734,4420,362975,4741,330130,4594,339004,4604,297859,4469,291213,4787,266858,4775,329432,4659,305872,4571,319725,4776,
2026-09-30,18:58:44.560,999,343545,4847,376054,4860,349078,4900,348957,4552,267109,4724,324400,4801,321308,4689,361904,4734,336654,4694,357654,4848,327743,4902,309886,5075,279123,4988,355161,5024,312726,4668,339972,5074,
2026-09-30,18:58:45.559,999,382372,5409,426668,5523,371944,5259,386861,5113,295256,5111,358634,5316,369201,5398,419212,5476,376370,5246,388907,5321,373160,5625,352787,5710,311799,5482,388309,5477,358452,5353,392263,5850,
2026-09-30,18:58:46.559,999,338596,4790,385714,4996,355725,4990,365116,4786,261583,4600,330755,4901,337481,4931,363843,4742,336486,4711,354117,4800,332907,4969,321418,5267,278592,4944,354386,5010,329522,4924,343454,5123,
2026-09-30,18:58:47.560,1000,329748,4628,356439,4594,330669,4646,345301,4529,263488,4638,324567,4825,324760,4753,355196,4630,329617,4583,319757,4349,302122,4519,304030,4976,263458,4687,344505,4877,313201,4696,331629,4931,
2026-09-30,18:58:48.560,999,326810,4595,368659,4756,325989,4593,349832,4599,260723,4599,327262,4849,323565,4722,363690,4738,332538,4617,339685,4629,311556,4679,310255,5086,271019,4818,348096,4924,314038,4705,329205,4906,
2026-09-30,18:58:49.559,999,282441,3974,331768,4279,299804,4207,312009,4084,233354,4139,282277,4175,283828,4141,326488,4257,316879,4405,295526,4006,287132,4277,281272,4653,243182,4351,310964,4399,296007,4423,302631,4512,
2026-09-30,18:58:50.560,1000,282684,3985,318358,4121,315052,4418,299977,3924,234463,4152,273513,4058,297901,4350,326056,4254,299700,4168,285196,3872,283952,4231,285489,4713,239858,4266,309720,4387,287814,4308,297820,4442,
2026-09-30,18:58:51.560,999,351851,4966,380414,4915,354459,5029,362662,4795,293379,5063,335649,4978,350998,5133,397446,5183,364331,5097,351293,4800,352373,5313,343009,5539,290778,5082,372898,5267,346054,5175,363533,5414,
2026-09-30,18:58:52.560,999,362421,5118,388484,5038,353927,4955,376720,4916,293782,5150,337837,5036,345362,5064,406682,5300,351060,4916,360797,4879,352081,5260,332181,5434,295657,5236,370125,5252,341493,5128,355449,5303,
2026-09-30,18:58:53.559,999,323660,4552,350635,4543,328229,4596,345118,4499,259830,4598,311620,4609,308254,4503,364423,4746,306191,4266,319882,4332,316535,4730,294134,4839,261339,4669,341916,4830,310284,4638,324036,4827,
2026-09-30,18:58:54.560,1000,303283,4264,339580,4381,313279,4402,337384,4421,248224,4369,313070,4629,304747,4447,351308,4574,308382,4281,308477,4198,291308,4385,289281,4737,260573,4655,333603,4699,310953,4649,322105,4800,
2026-09-30,18:58:55.560,999,339377,4769,382598,4944,348147,4926,366095,4835,274377,4814,337216,4986,340553,4969,391018,5103,341658,4754,358898,4906,345097,5225,318789,5204,283643,5050,373490,5261,338448,5047,354941,5294,
2026-09-30,18:58:56.559,999,468791,6564,497212,6409,457367,6514,489036,6491,374701,6441,435695,6442,447306,6514,516555,6740,457540,6328,471428,6468,444228,6738,427229,6861,375854,6574,482944,6819,447814,6680,451090,6748,
2026-09-30,18:58:57.560,1000,361481,5088,385033,4967,353004,4967,381618,4994,289073,5080,340170,5067,343474,5026,410967,5354,351303,4892,365444,4958,349493,5249,330315,5386,289523,5133,372447,5270,344482,5161,340273,5079,
2026-09-30,18:58:58.560,999,332081,4647,376425,4841,349753,4911,367304,4811,271194,4766,317758,4754,317128,4675,374800,4883,328226,4549,340976,4616,325892,4898,306944,5028,269816,4790,352513,5011,325943,4919,317604,4748,
2026-09-30,18:58:59.560,999,323720,4522,362174,4664,337343,4754,330438,4348,268827,4735,314914,4699,321950,4726,375891,4900,329530,4565,341033,4646,319957,4825,317291,5192,266413,4733,339061,4808,328673,4937,317421,4751,
2026-09-30,18:59:00.559,999,319042,4455,346167,4447,326663,4602,325134,4275,262501,4661,311543,4637,312695,4583,358012,4664,325888,4505,332296,4522,329456,4964,309613,5079,265181,4692,339982,4815,320969,4818,318179,4758,
2026-09-30,18:59:01.560,1000,353659,4932,395464,5084,357278,5030,379869,4974,295644,5232,351429,5226,342500,5018,404575,5272,347689,4806,365629,4969,351081,5274,334815,5481,290568,5181,364548,5156,339500,5093,347064,5174,
2026-09-30,18:59:02.560,999,344032,4802,394177,5065,369129,5184,389435,5099,285209,4985,346681,5180,344407,5073,390500,5089,357406,4954,351353,4771,349130,5221,323740,5260,287301,5076,360927,5135,344664,5207,349282,5200,
2026-09-30,18:59:03.559,999,359696,5012,395735,5075,362650,5129,379898,5025,281384,4946,339753,5064,331652,4867,384266,5010,356733,4925,349393,4777,323153,4884,316410,5168,297474,5257,369766,5247,344685,5189,360298,5369,
2026-09-30,18:59:04.560,1000,353928,4955,381150,4906,348498,4898,372421,4889,272495,4804,325332,4867,342116,5029,382742,4994,349907,4830,350361,4765,326263,4890,315076,5159,285515,5084,357037,5063,331609,4997,348155,5204,
2026-09-30,18:59:05.560,999,368689,5157,396379,5101,372886,5299,394989,5257,295191,5145,354643,5269,356152,5216,400472,5221,375323,5189,373142,5119,348522,5271,342712,5580,304904,5387,396563,5610,356495,5350,360086,5371,
2026-09-30,18:59:06.559,999,350195,4877,381482,4885,366692,5212,395084,5243,285666,4951,348159,5175,348641,5098,390638,5092,360073,4967,371336,5090,339525,5148,326706,5291,306453,5368,375943,5324,347458,5208,353652,5256,
2026-09-30,18:59:07.560,1000,358703,5016,391769,5032,356874,5053,387303,5109,296331,5130,349204,5222,355294,5237,397972,5187,363833,5035,379927,5180,349490,5275,335833,5427,308099,5383,369428,5257,363455,5478,368314,5493,
2026-09-30,18:59:08.560,999,339889,4745,357929,4593,337048,4730,351141,4602,273032,4817,323527,4831,338604,4971,389108,5077,353777,4880,362792,4917,322970,4843,309976,5084,279488,4979,361603,5132,341479,5145,337107,5039,
2026-09-30,18:59:09.560,999,323134,4518,357375,4579,328133,4619,349904,4570,261259,4621,306802,4581,324136,4760,368975,4809,337112,4650,331353,4502,312271,4684,303983,4979,269222,4800,358567,5084,322440,4859,341483,5086,
2026-09-30,18:59:10.560,1000,333263,4659,370671,4761,328452,4615,346372,4523,269278,4766,321832,4802,327993,4814,366224,4776,338213,4657,349578,4731,322807,4827,311121,5114,270674,4830,359083,5100,320181,4828,347737,5181,
2026-09-30,18:59:11.560,999,311792,4360,332417,4272,308508,4372,319840,4221,254487,4484,306315,4549,309871,4536,337906,4410,311874,4311,321540,4373,304551,4594,291817,4762,257467,4560,329818,4665,310145,4648,316947,4721,
2026-09-30,18:59:12.560,999,341173,4798,369126,4768,345237,4848,361424,4744,283294,4969,331701,4935,330473,4841,381446,4967,351481,4890,356246,4839,337617,5079,316470,5153,284069,5019,356767,5055,340687,5118,347875,5188,
2026-09-30,18:59:13.560,1000,349575,4928,367338,4752,337492,4752,377923,4963,284389,4977,329050,4888,333332,4879,383883,5012,350541,4866,358763,4879,336968,5061,316292,5138,285194,5033,365327,5155,343586,5141,342168,5109,
2026-09-30,18:59:14.560,999,306404,4312,316639,4092,304174,4262,310630,4067,246426,4385,284371,4205,291892,4256,330239,4310,308211,4284,309830,4206,300742,4495,275585,4536,245952,4393,319425,4514,295609,4409,287467,4289,
2026-09-30,18:59:15.560,999,348475,4946,383278,4976,343311,4864,376515,4981,292387,5108,337303,4983,345736,5029,378144,4927,357367,5015,358809,4914,340563,5155,324989,5281,284084,5005,354559,4996,345789,5143,342651,5105,
2026-09-30,18:59:16.560,999,340879,4822,373450,4841,343320,4815,371719,4879,269306,4723,321244,4771,333246,4868,362033,4715,340207,4754,356590,4829,325293,4867,311013,5077,277015,4922,343018,4850,320207,4793,330181,4930,
2026-09-30,18:59:17.560,1000,324332,4585,369838,4794,331672,4652,348813,4557,270972,4749,319313,4755,311934,4571,355581,4641,321395,4488,335768,4560,322812,4811,301195,4904,262995,4661,338552,4795,314306,4719,319769,4770,
2026-09-30,18:59:18.560,999,332162,4681,362527,4688,319299,4487,339549,4455,267197,4698,310952,4612,300113,4379,358782,4677,319816,4449,326552,4441,304764,4567,301177,4926,266056,4721,345897,4885,309473,4629,315329,4710,
2026-09-30,18:59:19.560,999,350850,4933,376598,4860,329955,4648,345077,4538,273051,4834,318077,4708,318800,4647,362689,4739,320958,4466,328209,4473,306490,4611,310631,5098,282110,5026,346495,4884,316296,4709,321958,4808,
2026-09-30,18:59:20.560,1000,357536,5034,385025,4971,351245,4940,366776,4797,281148,4993,332245,4919,320554,4677,375261,4895,341241,4739,345719,4693,322487,4823,314924,5176,282277,5055,377220,5329,325279,4866,342344,5111,
2026-09-30,18:59:21.560,999,335823,4695,368047,4744,338018,4789,347559,4590,269936,4720,323398,4781,325907,4743,352705,4596,319135,4443,331255,4530,308319,4656,298966,4854,273058,4825,343039,4835,311489,4636,315812,4705,
2026-09-30,18:59:22.560,999,357132,5013,370852,4794,351503,4939,361180,4737,278584,4895,330071,4912,334287,4908,374386,4882,336049,4671,361289,4910,329110,4930,307022,5015,281879,4987,361728,5122,313058,4713,334737,4993,
2026-09-30,18:59:23.560,1000,324132,4550,354164,4564,331714,4659,327717,4279,255519,4545,309609,4584,308123,4496,347812,4529,313462,4356,321000,4359,299838,4475,288527,4750,257883,4608,328431,4643,293328,4381,297369,4447,
2026-09-30,18:59:24.560,999,376471,5297,411591,5320,371181,5230,384288,5056,304194,5339,362806,5384,367653,5370,403554,5265,380093,5296,373002,5086,362806,5450,345526,5618,298572,5261,384953,5439,351237,5254,359889,5374,
2026-09-30,18:59:25.560,999,325359,4581,364599,4709,334647,4746,328746,4357,272911,4808,319812,4727,328578,4788,363143,4734,328592,4569,320553,4388,317176,4796,310049,5068,262761,4622,338189,4772,298261,4445,307919,4591,
2026-09-30,18:59:26.560,1000,307159,4338,328996,4255,327746,4593,320234,4191,240244,4299,294823,4363,299877,4369,336730,4390,297040,4131,302557,4107,294288,4408,277447,4565,247282,4413,323129,4559,271878,4069,292891,4374,
2026-09-30,18:59:27.560,999,317559,4490,346874,4500,329182,4608,333869,4361,250490,4413,300334,4458,300058,4389,340121,4426,294842,4123,317072,4290,304718,4550,298743,4886,255228,4539,325320,4604,284226,4265,303256,4515,
2026-09-30,18:59:28.560,999,329234,4643,353861,4572,345813,4842,358572,4688,261768,4653,320733,4764,323132,4724,365921,4761,316500,4411,343017,4658,325173,4866,312787,5129,280982,5022,351890,4987,311725,4676,314469,4698,
2026-09-30,18:59:29.560,1000,326184,4601,362918,4694,338793,4748,362185,4728,269269,4765,314608,4657,318129,4643,369838,4821,318182,4442,338708,4593,310746,4658,306905,5036,273568,4893,341820,4825,309257,4626,315525,4711,
2026-09-30,18:59:30.560,999,317662,4496,372030,4813,333061,4689,355191,4669,277113,4827,319535,4730,331753,4836,380875,4977,334945,4695,332180,4524,323932,4849,301236,4884,271952,4820,353705,4988,320793,4798,315997,4716,
2026-09-30,18:59:31.560,999,284180,4003,316294,4088,288845,4050,302746,3956,234130,4167,289558,4286,294154,4292,338066,4412,288759,4028,295788,4016,283746,4250,267535,4417,238507,4279,313539,4435,285950,4270,294997,4399,
2026-09-30,18:59:32.560,1000,349479,4935,363709,4717,350318,4913,382180,4994,283613,4988,330089,4901,342676,5016,387753,5063,338235,4738,355278,4813,326408,4887,317232,5197,283401,5022,368736,5227,335642,5026,339079,5059,
2026-09-30,18:59:33.560,999,312986,4413,339245,4396,307041,4297,343249,4475,253045,4520,302026,4469,306725,4465,357380,4645,318047,4425,326249,4416,303311,4550,282059,4647,245758,4409,320274,4526,305523,4565,304002,4534,
2026-09-30,18:59:34.560,999,322504,4558,350574,4557,324877,4546,352908,4615,262094,4639,324056,4799,315594,4609,356348,4643,321378,4510,343069,4651,310449,4645,291926,4784,259897,4643,335616,4743,307726,4602,315178,4703,
2026-09-30,18:59:35.560,1000,352374,4956,376548,4875,341705,4835,383779,5053,285760,5004,349309,5167,339161,4950,397648,5188,348819,4868,375387,5119,323889,4895,329129,5343,289994,5124,371099,5240,337255,5040,343068,5117,
2026-09-30,18:59:36.560,999,360947,5103,381317,4944,349618,4968,388073,5125,300756,5221,352538,5231,354258,5175,408408,5321,358290,5016,381089,5211,339872,5138,336713,5456,303408,5312,384785,5434,349200,5204,358334,5336,
2026-09-30,18:59:37.560,999,337509,4772,360130,4694,328013,4594,357026,4670,270861,4747,323089,4807,322158,4720,377857,4925,326165,4565,350264,4745,318214,4750,312894,5127,269848,4785,347663,4925,329035,4934,325279,4847,
2026-09-30,18:59:38.561,1000,345316,4895,380387,4959,356684,4997,366728,4795,277671,4888,334170,4962,337224,4922,393185,5119,348466,4888,357431,4842,331718,4961,323413,5298,276687,4899,349798,4954,332532,4978,330463,4939,
2026-09-30,18:59:39.560,999,309689,4381,354109,4605,319096,4465,347467,4535,253080,4487,306620,4532,306562,4464,354449,4628,318724,4450,329716,4476,295398,4432,286980,4733,267409,4780,332568,4703,296998,4443,312763,4667,
2026-09-30,18:59:40.560,999,340460,4834,369629,4805,338177,4735,375135,4901,274213,4837,332690,4931,324602,4742,365570,4780,325085,4570,353572,4782,312060,4683,311531,5109,279680,4960,344870,4878,326092,4872,336293,5002,
2026-09-30,18:59:41.561,1000,340247,4808,358631,4642,342719,4795,369024,4823,272438,4790,324360,4799,313926,4578,355152,4640,319411,4461,335907,4547,316201,4740,302377,4949,262473,4655,348415,4922,316319,4729,317826,4739,
2026-09-30,18:59:42.560,999,325023,4591,357050,4629,338738,4741,361976,4725,260755,4595,314551,4686,320176,4695,360100,4691,320314,4482,338729,4582,308711,4614,296716,4859,275573,4897,349609,4951,315276,4726,321679,4797,
2026-09-30,18:59:43.560,999,317050,4467,345968,4483,309920,4363,339371,4455,257976,4552,311697,4612,310895,4532,342457,4468,306332,4274,316574,4310,302696,4558,282151,4601,257017,4571,332892,4702,301817,4505,305736,4553,
2026-09-30,18:59:44.561,1000,310731,4393,342950,4443,310105,4378,342509,4490,258779,4553,301112,4457,306020,4467,343947,4488,302305,4206,320267,4369,297712,4482,283410,4621,255496,4528,333757,4714,297016,4436,296624,4428,
2026-09-30,18:59:45.560,999,312320,4395,337475,4372,307300,4365,338633,4472,255221,4462,315399,4674,298952,4363,345836,4508,303009,4217,318048,4357,290391,4406,280451,4565,251057,4451,320355,4524,288770,4312,301070,4497,
2026-09-30,18:59:46.560,999,374736,5264,399027,5153,377707,5316,410044,5367,297621,5219,371149,5507,353277,5162,408117,5324,373296,5190,389288,5299,353165,5297,339015,5521,291596,5166,389689,5502,351429,5252,366788,5468,
2026-09-30,18:59:47.561,1000,330673,4648,349397,4518,334732,4708,361000,4724,269274,4765,317629,4736,318456,4672,377248,4921,326302,4528,333953,4533,299318,4473,290234,4750,256581,4582,339734,4814,322188,4831,321044,4797,
2026-09-30,18:59:48.560,999,348662,4903,384014,4965,352350,4975,370507,4866,287791,5083,335062,4977,327310,4787,387391,5049,347206,4819,351051,4779,322021,4841,313420,5116,286705,5080,366255,5169,336140,5027,344898,5152,
2026-09-30,18:59:49.560,999,301178,4239,338706,4387,303698,4243,312708,4075,245656,4360,292083,4334,290949,4251,328543,4282,290981,4049,297507,4032,286320,4276,272252,4482,242598,4350,331081,4677,286832,4283,303223,4540,
2026-09-30,18:59:50.561,1000,318780,4502,337569,4397,321134,4496,343826,4500,268151,4740,315202,4664,306643,4486,354461,4625,305781,4276,311867,4225,310834,4646,293100,4795,269200,4793,345260,4873,314670,4703,322464,4829,
2026-09-30,18:59:51.560,999,311252,4386,333133,4322,308537,4332,319586,4196,249654,4429,304752,4513,304264,4443,350837,4570,305356,4260,300390,4071,304893,4556,282017,4647,247617,4424,332453,4692,304279,4537,308764,4591,
2026-09-30,18:59:52.560,999,381341,5358,406120,5257,376114,5331,407423,5394,309374,5293,361371,5384,369181,5427,417249,5443,373301,5221,381162,5204,364519,5482,347763,5571,317569,5527,416708,5893,358264,5369,365696,5444,
2026-09-30,18:59:53.561,1000,303426,4289,336093,4370,319711,4474,332937,4345,234101,4152,303500,4489,308765,4499,336610,4391,308539,4312,313078,4237,312438,4675,288820,4750,245853,4384,330449,4666,280708,4186,300724,4497,
2026-09-30,18:59:54.560,999,292747,4134,319961,4145,300736,4211,314292,4103,239121,4250,295475,4375,295123,4303,312578,4078,306334,4287,310567,4202,290330,4347,283042,4637,238823,4249,322779,4557,275990,4125,295347,4409,
2026-09-30,18:59:55.560,999,326153,4596,357781,4632,321993,4556,344542,4560,264795,4648,310163,4593,311527,4553,357951,4670,318733,4439,329133,4505,302042,4568,294257,4781,267449,4734,343871,4856,308439,4607,317398,4738,
2026-09-30,18:59:56.561,1000,340064,4808,361743,4695,340027,4766,358342,4686,278785,4923,322554,4780,344482,5024,372510,4862,337734,4718,349489,4744,332896,4989,312597,5134,279502,4966,356227,5036,319174,4768,347499,5187,
2026-09-30,18:59:57.561,999,351491,4949,377547,4884,343290,4814,376199,4924,284761,4990,313769,4671,347502,5096,387623,5059,346369,4818,356855,4835,334448,5017,313422,5118,274605,4849,368169,5223,316757,4750,342833,5119,
2026-09-30,18:59:58.560,999,364575,5126,373989,4840,342041,4799,373062,4881,272612,4804,329888,4893,343944,5024,369292,4815,322718,4481,356662,4846,322818,4846,308494,5034,272087,4826,352554,4989,323380,4845,344090,5143,
2026-09-30,18:59:59.561,1000,359813,5070,379267,4913,353245,4966,375668,4921,271696,4790,333065,4943,343202,5017,383406,5005,347915,4851,354432,4816,336173,5050,317932,5180,272814,4826,367874,5199,341828,5110,341207,5093,
2026-09-30,19:00:00.561,999,375573,5290,396942,5146,365287,5130,392037,5137,293726,5184,344151,5109,358345,5235,410684,5354,359110,5012,366125,4975,361761,5433,327828,5371,300139,5326,384839,5444,365267,5458,361909,5400,
2026-09-30,19:00:01.560,999,373138,5257,383428,4962,364632,5146,378859,4979,293045,5163,348578,5171,356944,5215,413055,5379,362693,5039,366869,4995,362415,5468,326607,5346,296661,5271,368304,5204,347681,5197,350353,5227,
2026-09-30,19:00:02.561,1000,332945,4696,356357,4621,342773,4807,355756,4648,271480,4773,322876,4807,322974,4733,367878,4795,314999,4394,336458,4570,316662,4757,302139,4943,266761,4741,340924,4828,317945,4766,303311,4529,
2026-09-30,19:00:03.561,999,533174,7524,579045,7500,531840,7517,561980,7396,449713,7618,487586,7332,513761,7605,575695,7597,527378,7349,564599,7686,506446,7625,496801,7838,435398,7429,529649,7536,492238,7449,489479,7396,
2026-09-30,19:00:04.560,999,536812,7574,581262,7528,530486,7428,590827,7704,449425,7756,502217,7476,506615,7437,577567,7610,537320,7479,552640,7454,511304,7618,482170,7767,439174,7656,548065,7746,505502,7578,508921,7668,
2026-09-30,19:00:05.561,1000,407671,5713,424915,5488,408684,5811,422321,5595,317985,5555,398965,5887,386905,5646,430965,5626,400738,5557,393454,5381,367466,5551,353005,5736,314246,5547,405929,5733,388972,5821,396406,5925,
2026-09-30,19:00:06.561,999,420071,5914,445908,5761,436015,6096,446992,5837,340384,5870,397347,5971,394775,5828,465377,6106,406136,5653,421611,5704,379822,5661,377868,6087,327924,5711,415308,5922,390433,5917,406810,6101,
2026-09-30,19:00:07.560,999,409051,5737,425093,5485,401952,5703,413440,5473,318687,5492,375804,5578,371312,5435,428264,5608,378894,5267,403628,5521,365795,5527,357336,5735,314924,5456,409812,5796,372204,5570,382498,5716,
2026-09-30,19:00:08.561,1000,434025,6110,470298,6076,434143,6107,472065,6189,351020,6088,420531,6248,423890,6210,474499,6229,419609,5820,439999,5967,405170,6076,396758,6397,342508,5967,459979,6504,416159,6231,420784,6329,
2026-09-30,19:00:09.561,999,350811,4942,372764,4826,344570,4845,381132,4984,285295,5010,329607,4895,342345,5006,392962,5121,341703,4754,360313,4894,327654,4900,316704,5163,272313,4825,364080,5159,335909,5033,348903,5212,
2026-09-30,19:00:10.560,999,299159,4212,337737,4372,308824,4321,346561,4522,259452,4595,310855,4610,308860,4509,370522,4820,310646,4321,325407,4410,302397,4507,275763,4563,254400,4553,320283,4529,297443,4441,314973,4703,
2026-09-30,19:00:11.561,1000,297860,4221,309575,4031,298983,4193,317029,4142,248739,4389,293044,4336,293834,4284,334432,4361,297333,4154,314460,4253,294138,4389,274164,4497,238799,4248,311768,4399,293113,4371,293913,4387,
2026-09-30,19:00:12.561,999,354629,4999,371274,4800,353719,4972,370463,4852,283055,4963,331774,4939,334687,4913,388426,5057,344676,4798,366145,4970,340046,5078,319937,5184,285064,5037,367910,5219,350098,5236,351364,5231,
2026-09-30,19:00:13.561,999,303854,4274,331724,4285,311446,4371,324707,4238,244564,4354,299609,4438,307096,4482,344581,4488,300212,4174,310450,4208,296915,4430,270930,4450,258712,4611,314078,4441,295467,4417,305791,4578,
2026-09-30,19:00:14.560,999,387047,5475,420814,5460,381689,5348,412157,5379,306652,5362,365546,5435,387433,5670,416746,5432,380286,5333,398187,5396,368075,5505,340611,5509,324471,5714,403723,5706,374165,5603,370434,5528,
2026-09-30,19:00:15.561,1000,413240,5852,471223,6120,410551,5811,448847,5915,332904,5799,398677,5912,409937,5987,456723,5950,408933,5720,412822,5648,392386,5912,381478,6170,337609,5943,435337,6155,399999,5978,401830,5993,
2026-09-30,19:00:16.561,999,361572,5121,398709,5172,371183,5219,391251,5137,294373,5187,358841,5316,355017,5183,400741,5219,370591,5172,363574,4929,353057,5278,335734,5489,298594,5296,379330,5351,344664,5153,357446,5350,
2026-09-30,19:00:17.560,999,340653,4810,371442,4809,347142,4854,365605,4768,262694,4645,329706,4903,328790,4815,371471,4830,336026,4700,343342,4643,325325,4852,306423,4997,278992,4964,341817,4841,313000,4685,324307,4826,
2026-09-30,19:00:18.561,1000,327630,4604,344340,4449,323189,4528,348478,4552,264686,4720,309874,4593,328954,4797,363049,4726,326831,4550,338683,4587,313054,4680,300123,4936,258627,4606,346014,4882,303593,4554,315887,4721,
2026-09-30,19:00:19.561,999,346304,4897,367488,4761,330352,4647,357596,4690,273385,4845,328856,4878,339559,4959,369046,4805,340459,4761,344981,4677,324952,4862,309207,5076,265293,4716,361148,5106,317170,4743,344829,5145,
2026-09-30,19:00:20.560,999,333996,4709,353776,4573,326875,4601,344208,4513,273483,4812,324350,4813,336874,4918,357306,4655,336320,4681,338736,4611,325042,4874,305301,4985,254365,4478,347835,4912,314164,4692,334667,5002,
2026-09-30,19:00:21.561,1000,320735,4507,348858,4514,308362,4345,325785,4275,257002,4554,306350,4543,308540,4513,344527,4484,313294,4361,337420,4589,296162,4449,296013,4858,243922,4307,320453,4528,301683,4517,318176,4753,
2026-09-30,19:00:22.561,999,326753,4577,369804,4767,319936,4543,357252,4721,276250,4819,329886,4909,330859,4846,364870,4757,315874,4381,341731,4674,320419,4838,312104,5044,265234,4637,343192,4857,316301,4727,330822,4921,
2026-09-30,19:00:23.560,999,291308,4106,318569,4124,278248,3913,313866,4108,233125,4164,293220,4345,299521,4362,326102,4243,290967,4042,334013,4514,283473,4236,268927,4402,233998,4159,306372,4333,285049,4260,303715,4534,
2026-09-30,19:00:24.561,1000,339558,4779,374777,4842,353997,4991,370502,4869,272678,4843,333305,4932,348704,5083,375688,4895,337720,4700,369115,5023,330615,4959,310588,5078,277476,4914,366889,5188,331145,4945,338511,5043,
2026-09-30,19:00:25.561,999,359542,5051,404187,5222,373972,5305,381686,5042,293197,5110,338927,5021,369697,5397,394298,5131,361023,5011,375202,5137,331982,5009,330848,5337,295140,5177,380087,5370,341993,5115,357430,5321,
2026-09-30,19:00:26.560,999,342546,4812,368145,4752,344375,4848,346124,4548,261667,4618,323251,4782,330236,4810,356661,4655,339127,4710,340880,4629,292260,4392,306398,4999,280146,4980,360300,5081,317924,4750,336545,5029,
2026-09-30,19:00:27.561,1000,332602,4680,366628,4732,339499,4761,361343,4734,260242,4588,315688,4691,323214,4744,368806,4806,339262,4719,345545,4679,300107,4498,305438,5017,271247,4810,349773,4968,317598,4779,332693,4966,
2026-09-30,19:00:28.561,999,334111,4692,383028,4939,351503,4961,369984,4858,278547,4924,326477,4826,354929,5175,385208,5012,362650,5037,360137,4902,315761,4757,321455,5266,292836,5221,368916,5224,329214,4916,334265,4990,
2026-09-30,19:00:29.560,999,326635,4626,359821,4666,336033,4718,348279,4558,256645,4536,307574,4553,322993,4716,363612,4738,318647,4468,336331,4556,298160,4463,294091,4800,266507,4732,341600,4823,306850,4592,318115,4747,
2026-09-30,19:00:30.561,1000,311472,4401,336791,4367,311768,4372,328754,4296,241941,4260,310692,4592,316628,4617,344642,4493,317036,4440,326432,4430,294344,4403,284624,4661,252256,4475,333347,4713,309004,4624,311643,4657,
2026-09-30,19:00:31.561,999,351900,4974,395527,5132,365024,5113,384439,5024,288448,5020,357250,5288,360548,5268,396173,5169,362354,5081,376289,5100,340072,5100,322184,5231,290305,5090,386535,5456,357426,5329,343830,5123,
2026-09-30,19:00:32.561,999,354056,4983,400707,5188,364384,5109,383558,5004,285835,5022,347716,5191,361173,5304,407599,5311,365885,5101,367831,4991,341833,5118,321850,5269,284991,5069,380191,5402,340537,5119,354038,5275,
2026-09-30,19:00:33.561,1000,331244,4674,378123,4903,342668,4807,353297,4613,264548,4705,337918,4998,324703,4740,373303,4868,326297,4567,338299,4579,303827,4552,299355,4938,264494,4740,338020,4773,315614,4710,321254,4792,
2026-09-30,19:00:34.561,999,327571,4648,358599,4652,335151,4694,343815,4493,262855,4631,316642,4692,301516,4401,358252,4676,317217,4464,336527,4550,302808,4544,297548,4877,266813,4737,340136,4799,299807,4472,312641,4667,
2026-09-30,19:00:35.561,999,363764,5129,389128,5032,356480,5043,374080,4948,272399,4763,338622,5026,330950,4826,375182,4896,347836,4867,351920,4810,337891,5107,322334,5246,289458,5118,360024,5077,329446,4914,347111,5176,
2026-09-30,19:00:36.561,1000,350257,4943,379203,4902,340193,4774,370695,4851,275187,4838,328509,4882,333394,4869,373037,4873,359262,5009,353212,4791,328747,4916,316742,5160,284106,5025,364865,5148,334025,4993,340388,5083,
2026-09-30,19:00:37.561,999,363866,5133,395472,5098,345345,4877,377603,4976,291274,5070,345334,5132,351930,5152,393378,5117,353823,4942,361748,4933,347613,5243,333631,5400,291182,5125,372877,5274,346005,5175,347455,5178,
2026-09-30,19:00:38.561,999,321362,4534,354503,4571,325172,4569,370511,4852,261858,4604,312580,4669,326689,4797,357186,4649,317913,4435,332053,4511,320611,4805,300773,4904,268766,4756,338351,4808,322723,4859,323722,4834,
2026-09-30,19:00:39.561,1000,312535,4442,350898,4581,316209,4428,351236,4580,252875,4457,307328,4552,327298,4772,371781,4843,314464,4423,328502,4438,314027,4680,295307,4822,261943,4645,342687,4840,329590,4929,310636,4632,
2026-09-30,19:00:40.561,999,310856,4381,339589,4405,312671,4384,344906,4500,245146,4354,297856,4424,307406,4496,344632,4491,301962,4210,313621,4242,301052,4494,290260,4760,249643,4444,318991,4513,305989,4570,307342,4586,
2026-09-30,19:00:41.561,999,297528,4209,321159,4176,303204,4245,333067,4346,234917,4144,283794,4195,297188,4341,330603,4305,289524,4061,302229,4083,295714,4407,292925,4794,248731,4431,328489,4634,305649,4561,304267,4544,
2026-09-30,19:00:42.561,1000,350658,4949,389810,5052,358738,5032,375896,4919,281145,4902,324802,4845,343548,5045,374309,4882,338919,4749,362121,4906,346410,5177,328355,5347,291610,5143,374599,5312,339346,5094,343538,5128,
2026-09-30,19:00:43.561,999,315743,4476,356476,4642,326175,4569,345854,4507,252828,4472,298940,4421,305607,4455,336450,4382,318770,4473,328383,4445,317827,4741,292438,4782,262722,4685,331211,4672,304413,4535,299171,4465,
2026-09-30,19:00:44.561,999,306072,4317,331416,4311,313913,4398,319153,4166,243130,4300,287124,4257,295708,4326,331211,4318,301958,4213,318785,4318,295510,4411,268063,4405,246622,4413,327533,4633,300012,4494,303965,4547,
2026-09-30,19:00:45.561,1000,349568,4935,384924,5006,346930,4916,379904,5012,286036,4974,346639,5137,348857,5095,389464,5074,342552,4801,367703,5027,339046,5119,325085,5267,282487,4980,373306,5271,341592,5104,343402,5115,
2026-09-30,19:00:46.561,999,325134,4593,362730,4703,334217,4687,338924,4424,250942,4427,324435,4805,330933,4832,356334,4648,318036,4442,334822,4531,317463,4748,304905,4995,268945,4806,360304,5087,314412,4702,334055,4990,
2026-09-30,19:00:47.561,999,350416,4973,379432,4937,347204,4875,377146,4929,274027,4752,344681,5143,339410,4982,376276,4899,345092,4839,353187,4783,345205,5143,329743,5334,288528,5061,370536,5263,338252,5083,348796,5188,
2026-09-30,19:00:48.561,1000,304688,4298,342789,4439,314609,4417,318377,4164,235172,4161,306173,4524,301452,4397,326578,4252,305928,4266,311908,4228,296744,4447,289007,4750,243638,4342,320179,4517,298012,4446,303447,4533,
2026-09-30,19:00:49.561,999,305670,4336,328387,4271,302553,4235,315093,4114,239065,4221,295060,4369,302817,4418,327588,4261,295984,4140,304841,4127,288459,4297,282976,4646,241197,4303,308803,4358,295469,4421,297552,4443,
2026-09-30,19:00:50.561,999,337450,4774,378700,4911,349412,4899,372524,4854,278684,4942,334981,4972,340740,4982,371346,4834,342345,4778,348623,4717,322678,4812,311676,5094,289197,5152,358930,5067,342137,5124,355329,5299,
2026-09-30,19:00:51.562,1000,343490,4856,374386,4862,344319,4823,360974,4699,273848,4869,321176,4747,339169,4936,369162,4814,326020,4563,333538,4514,321990,4806,316977,5198,273008,4874,348867,4919,320564,4781,337258,5038,
2026-09-30,19:00:52.561,999,361168,5077,390979,5058,356080,5040,375924,4954,293116,5108,337737,5013,347684,5091,390650,5090,345394,4816,355617,4854,333160,5011,324665,5266,296420,5218,360655,5099,335872,5041,352160,5239,
2026-09-30,19:00:53.561,999,353293,4990,377067,4884,348901,4893,382743,5002,279189,4887,332166,4925,331788,4854,379181,4944,346974,4858,338559,4583,337950,5049,331367,5386,286049,5054,356504,5042,325541,4870,345868,5159,
2026-09-30,19:00:54.562,1000,320312,4512,337581,4363,320152,4476,353554,4611,241032,4290,301050,4447,302830,4413,329900,4296,307118,4290,299600,4045,300715,4481,280849,4619,254718,4557,324551,4578,282986,4221,298295,4447,
2026-09-30,19:00:55.561,999,375645,5290,402512,5203,368178,5197,395450,5198,299933,5260,358116,5312,353705,5171,395123,5146,372620,5202,380967,5202,347566,5222,324660,5281,300239,5324,382257,5399,337632,5049,359467,5360,
2026-09-30,19:00:56.561,999,329783,4648,364732,4712,326840,4589,362183,4733,275501,4873,325863,4838,320648,4698,343954,4488,326308,4557,341379,4621,313903,4688,308236,5044,284700,5077,348448,4932,317986,4758,319728,4778,
2026-09-30,19:00:57.562,1000,313722,4444,345622,4492,317775,4445,357686,4666,264248,4658,313388,4670,307469,4510,338540,4405,311798,4364,319825,4322,306119,4554,292332,4738,259937,4602,332417,4712,305422,4581,309965,4620,
2026-09-30,19:00:58.561,999,320928,4527,342590,4433,319433,4488,347315,4546,267800,4734,311011,4610,310175,4525,350857,4569,324541,4521,324692,4401,310857,4646,300645,4909,262543,4646,347895,4915,306473,4584,310528,4631,
2026-09-30,19:00:59.561,999,331119,4671,351465,4556,330951,4631,349984,4558,263396,4696,326116,4820,327144,4760,359056,4674,334624,4675,330890,4462,312292,4664,301716,4965,273889,4917,353733,4984,306949,4567,316687,4727,
2026-09-30,19:01:00.562,1000,344949,4866,363362,4713,346492,4858,358476,4677,262676,4645,326557,4831,302393,4412,365077,4753,333212,4658,339480,4601,307361,4597,297944,4868,275622,4924,368692,5202,323719,4826,335185,4993,
2026-09-30,19:01:01.561,999,338345,4776,340619,4429,321377,4504,349715,4578,255435,4517,316040,4673,301228,4399,345624,4497,331219,4631,326667,4426,294437,4406,304966,4976,268414,4782,346384,4885,324768,4848,318266,4752,
2026-09-30,19:01:02.561,999,337332,4765,371570,4805,339883,4762,362597,4744,267401,4720,334677,4977,316457,4638,370533,4818,339756,4730,336332,4553,316251,4739,299880,4913,273990,4872,354626,5017,318548,4785,324949,4844,
2026-09-30,19:01:03.562,1000,330864,4673,364590,4736,325561,4568,348838,4565,259000,4578,329555,4874,311347,4536,354089,4614,318420,4455,316277,4286,313676,4690,298217,4883,260059,4621,349778,4930,312864,4669,314387,4690,
2026-09-30,19:01:04.561,999,349007,4919,384889,4978,345324,4834,371740,4855,272657,4813,335470,4973,337891,4934,369496,4814,350579,4878,341926,4625,333654,4980,318669,5179,285604,5071,369428,5221,329915,4935,332179,4958,
2026-09-30,19:01:05.561,999,360598,5098,380578,4951,344720,4883,383661,5072,287073,4990,344184,5081,333768,4874,373188,4863,338029,4752,366092,4997,333169,5041,315573,5095,289080,5094,367960,5186,339489,5058,333927,4981,
2026-09-30,19:01:06.562,1000,321888,4539,342246,4443,314142,4415,326938,4285,253990,4481,303767,4508,301062,4393,335869,4391,298161,4171,331664,4493,306307,4587,291995,4749,257389,4565,327229,4613,305170,4548,301513,4517,
2026-09-30,19:01:07.561,999,353076,4956,383015,4947,343272,4863,349720,4614,283598,4943,336669,4994,328696,4812,373185,4861,332296,4629,357671,4880,322303,4863,307903,4969,283580,4989,374944,5297,339455,5080,343829,5125,
2026-09-30,19:01:08.561,999,356965,5048,380248,4940,348534,4888,376236,4924,289027,5107,343980,5116,348947,5108,388226,5064,345686,4845,382070,5175,346920,5177,323076,5279,294934,5247,372716,5278,348149,5226,355830,5314,
2026-09-30,19:01:09.561,999,356662,5020,371146,4799,361322,5063,365148,4768,278577,4904,331560,4930,346002,5056,378880,4930,343152,4785,352729,4785,344014,5140,316935,5208,284073,5060,374722,5293,328291,4917,341077,5089,
2026-09-30,19:01:10.561,1000,330166,4674,356450,4635,339510,4758,345703,4516,254136,4484,310838,4599,310266,4535,346378,4515,328249,4603,326763,4417,318322,4756,291460,4797,275896,4924,354167,5002,317954,4739,317916,4746,
2026-09-30,19:01:11.561,999,310139,4400,339028,4398,312769,4379,323623,4225,240439,4269,310772,4603,292772,4273,342591,4467,325412,4545,315640,4269,297229,4438,288066,4748,257022,4602,326361,4603,300495,4479,292190,4365,
2026-09-30,19:01:12.562,1000,332716,4715,387427,5018,345546,4844,349574,4565,278472,4903,335771,4990,330844,4852,382932,4992,345191,4833,337822,4564,336308,5017,318539,5194,279742,4967,367711,5204,335783,5037,340965,5094,
2026-09-30,19:01:13.562,999,305171,4317,337523,4363,310539,4348,325483,4243,242598,4327,300738,4463,295491,4315,331882,4327,310678,4317,310423,4193,288931,4309,279346,4588,251174,4505,332551,4700,300744,4505,307150,4581,
2026-09-30,19:01:14.561,999,310132,4402,334310,4346,303904,4255,328687,4285,244965,4320,304801,4520,292349,4276,349819,4553,318750,4451,307590,4167,305685,4558,290219,4751,257310,4583,338201,4780,296458,4439,305592,4562,
2026-09-30,19:01:15.562,1000,354372,5003,391979,5072,345178,4899,370580,4908,291528,5052,334327,4953,364239,5325,405951,5291,377922,5263,350215,4804,340269,5143,328331,5296,291320,5093,382282,5393,338114,5050,344297,5139,
2026-09-30,19:01:16.561,999,335610,4760,364319,4732,347764,4881,365538,4770,282668,4995,329219,4872,345112,5037,405368,5267,353279,4954,360832,4895,356453,5332,321685,5262,284627,5054,365708,5162,328679,4896,327246,4899,
2026-09-30,19:01:17.561,999,308671,4362,358243,4630,335993,4706,357069,4660,253932,4500,315946,4700,306005,4486,363229,4724,320748,4463,330248,4476,317461,4726,296538,4877,266291,4753,334335,4748,293777,4419,316035,4721,
2026-09-30,19:01:18.562,1000,328251,4652,356444,4625,346482,4853,358478,4675,264120,4674,329798,4881,319649,4661,368856,4805,339329,4741,355500,4809,315155,4716,310990,5097,269138,4812,352574,4982,313865,4694,314900,4698,
2026-09-30,19:01:19.561,999,312613,4425,342607,4431,327810,4591,341126,4456,247431,4397,319577,4737,303411,4429,359732,4687,318448,4434,328556,4452,302001,4519,286446,4701,261052,4667,323716,4580,300332,4499,302041,4514,
2026-09-30,19:01:20.561,999,340512,4821,365010,4749,342327,4813,371167,4843,285065,5024,352649,5230,342054,5008,387592,5051,336209,4705,348927,4731,328012,4909,315157,5126,285017,5058,356200,5040,342695,5132,338429,5058,
2026-09-30,19:01:21.562,1000,355868,5018,372886,4810,353186,4972,380609,4985,285374,5032,348483,5170,340422,4971,392265,5110,346918,4820,361642,4931,341161,5132,323120,5259,284080,5040,365900,5179,336134,5038,348229,5198,
2026-09-30,19:01:22.561,999,353309,4964,375888,4843,342363,4879,365408,4857,274543,4770,334330,4966,321441,4705,380180,4945,337373,4688,337010,4624,323416,4890,324778,5247,276587,4837,363937,5160,334290,5006,339920,5049,
2026-09-30,19:01:23.561,999,305289,4305,325310,4213,299964,4224,332868,4365,251005,4480,309964,4587,290349,4237,336212,4379,300298,4171,307836,4182,293549,4399,279308,4582,240152,4275,319277,4511,293530,4394,316133,4704,
2026-09-30,19:01:24.562,1000,294699,4153,311851,4034,301225,4241,320501,4196,234758,4147,301538,4471,286911,4197,329301,4295,303225,4215,304210,4122,292483,4371,279693,4569,247976,4425,320924,4533,295147,4414,298466,4447,
2026-09-30,19:01:25.562,999,349233,4915,372776,4821,340835,4845,366548,4873,280515,4897,340372,5031,334569,4879,401788,5239,333513,4634,355443,4865,323905,4904,323770,5245,271582,4795,355570,5010,334530,4999,341598,5092,
2026-09-30,19:01:26.561,999,410044,5758,416226,5370,408148,5755,421481,5530,319128,5582,379039,5622,388477,5685,448875,5865,392034,5442,415909,5670,393768,5909,370518,6036,327636,5779,423365,5983,389991,5844,387438,5782,
2026-09-30,19:01:27.562,1000,363908,5117,379548,4908,370445,5211,384119,5045,289456,5076,343713,5120,345164,5067,391679,5100,362407,5026,346178,4708,345826,5180,331086,5418,289235,5132,362998,5143,352266,5286,331744,4944,
2026-09-30,19:01:28.562,999,335783,4732,358927,4648,363505,5106,359201,4700,259171,4580,324420,4805,327590,4781,370808,4833,332282,4615,336232,4564,329389,4918,315754,5187,266727,4762,348646,4923,335029,5007,313926,4701,
2026-09-30,19:01:29.561,999,324232,4571,326510,4229,329339,4626,342061,4472,253149,4466,300486,4460,303770,4436,342458,4463,315677,4382,316922,4314,298685,4477,292838,4800,248650,4425,334840,4725,312225,4666,306860,4576,
2026-09-30,19:01:30.561,999,315358,4440,336815,4360,331429,4665,344950,4532,250112,4433,309565,4596,294590,4317,352335,4586,312575,4325,322245,4379,309018,4617,286933,4719,262387,4656,339929,4806,327133,4904,314150,4688,
2026-09-30,19:01:31.562,1000,312140,4386,352998,4573,329321,4633,348954,4580,249315,4416,311427,4601,300784,4382,344897,4490,319838,4435,315006,4282,304695,4577,280075,4592,263478,4692,333295,4701,322935,4819,314801,4699,
2026-09-30,19:01:32.562,999,355536,5011,386488,5014,360122,5075,382694,5022,273706,4744,342351,5109,325311,4783,386682,5043,355641,4951,352953,4792,343823,5162,312239,5071,296501,5203,373631,5300,333256,5016,351665,5239,
2026-09-30,19:01:33.561,999,306130,4321,326483,4230,324151,4566,323305,4241,245425,4323,291490,4311,280506,4095,342106,4458,318600,4419,306278,4174,290355,4368,274786,4498,254446,4538,310423,4384,290525,4350,301804,4511,
2026-09-30,19:01:34.562,1000,302061,4257,320949,4151,322908,4522,342249,4478,238135,4217,284494,4216,284181,4156,333325,4344,300988,4192,319141,4325,285404,4268,274449,4499,244078,4361,324838,4576,290822,4355,291131,4346,
2026-09-30,19:01:35.562,999,388408,5440,412910,5339,407016,5768,416656,5507,307365,5368,365914,5433,361516,5293,413637,5391,378806,5246,387667,5313,345026,5236,332472,5400,304123,5355,405931,5732,363673,5458,369842,5513,
2026-09-30,19:01:36.561,999,391687,5509,414175,5358,407599,5757,426171,5628,317458,5526,385515,5729,372650,5460,414769,5404,391163,5450,389368,5321,357089,5398,344645,5584,318321,5598,404220,5726,382980,5745,379760,5671,
2026-09-30,19:01:37.562,1000,402484,5654,440387,5668,409543,5801,439689,5812,324859,5601,383901,5706,379887,5574,426481,5553,398674,5527,390316,5340,370042,5587,354652,5691,334750,5840,419836,5950,373088,5588,384661,5724,
2026-09-30,19:01:38.562,999,383233,5390,410398,5304,390791,5484,421277,5514,302878,5275,369537,5566,366187,5405,423447,5513,392043,5437,383745,5205,342938,5135,334726,5427,315386,5551,404411,5772,353251,5378,372165,5548,
2026-09-30,19:01:39.561,999,319721,4500,341814,4437,327917,4625,367051,4815,254096,4477,307324,4546,313627,4576,348858,4543,316218,4389,328497,4472,301767,4531,283809,4622,263861,4671,332250,4696,311979,4662,318022,4759,
2026-09-30,19:01:40.562,1000,316941,4477,339371,4404,320172,4510,358463,4697,260077,4573,314794,4663,322189,4705,354909,4624,329498,4583,346144,4721,321647,4835,298200,4859,271553,4811,346202,4892,310759,4644,311937,4659,
2026-09-30,19:01:41.562,999,311152,4385,343778,4443,313374,4421,349463,4594,253581,4438,298920,4426,319834,4673,353598,4607,319723,4449,322257,4393,306518,4614,285488,4655,264135,4672,334482,4731,303931,4556,308751,4609,
2026-09-30,19:01:42.561,999,319163,4482,352040,4549,322689,4525,354023,4616,251531,4431,304384,4539,301814,4434,352993,4597,323087,4478,316081,4283,307026,4577,285962,4704,257799,4600,335711,4767,302250,4550,306287,4563,
2026-09-30,19:01:43.562,1000,377831,5287,406645,5241,368035,5192,396720,5202,286190,5000,348105,5157,353667,5165,403481,5257,369636,5120,365473,4980,339757,5096,331633,5403,299558,5292,388011,5485,349142,5219,350874,5234,
2026-09-30,19:01:44.562,999,367031,5157,379250,4908,361008,5072,398340,5209,267717,4719,341985,5068,345672,5055,381437,4975,353481,4912,350745,4778,340564,5095,315185,5207,288373,5145,375560,5306,337656,5058,347002,5179,
2026-09-30,19:01:45.561,999,600339,8379,637718,8192,584087,8391,638045,8541,486068,8288,559682,8328,576581,8461,639949,8349,599203,8287,598215,8275,553878,8455,537183,8559,490362,8509,617891,8742,561667,8432,580948,8619,
2026-09-30,19:01:46.562,1000,328811,4621,353807,4582,347887,4883,351961,4605,261344,4620,307561,4558,316642,4617,344517,4507,330004,4586,338057,4593,317922,4760,297322,4886,271666,4829,333374,4714,323988,4845,323543,4828,
2026-09-30,19:01:47.562,999,512699,7189,557908,7179,508671,7255,550963,7296,421849,7300,488491,7202,511980,7465,568987,7423,515848,7132,526616,7230,493008,7446,460220,7451,412860,7222,516842,7297,495557,7415,496316,7392,
2026-09-30,19:01:48.562,999,358182,5032,378227,4894,355335,5015,388821,5103,283965,4953,325556,4831,352958,5168,397459,5190,361384,5016,354600,4832,348400,5225,323896,5263,302430,5321,374666,5308,351663,5266,357610,5340,
2026-09-30,19:01:49.562,1000,326887,4597,355357,4589,317584,4475,351759,4609,262290,4624,310743,4611,332088,4856,355925,4644,328432,4555,334991,4562,315090,4719,286990,4694,273773,4850,342654,4853,314510,4701,319202,4764,
2026-09-30,19:01:50.563,1000,362364,5100,394160,5091,354632,5034,382673,5055,285488,4985,336770,4986,341751,4992,382423,4989,358198,4967,369183,5049,341490,5150,325369,5304,298134,5243,376318,5320,338404,5065,340307,5075,
2026-09-30,19:01:51.563,999,345314,4856,354366,4583,350269,4930,360513,4721,264274,4668,309606,4587,317328,4634,367091,4783,327089,4542,338624,4616,318633,4770,309328,5078,290088,5177,347177,4910,324639,4861,320774,4801,
2026-09-30,19:01:52.562,999,414177,5795,436427,5613,411125,5840,421772,5590,321580,5568,383787,5700,381245,5581,427460,5566,392224,5428,404074,5548,376126,5677,362884,5867,333523,5842,407427,5768,379608,5683,385969,5751,
2026-09-30,19:01:53.563,1000,318636,4480,343075,4433,328496,4606,330343,4316,244008,4312,303231,4488,315041,4591,339388,4419,319663,4447,320102,4358,294211,4396,283951,4661,264223,4702,327753,4632,302968,4534,306701,4573,
2026-09-30,19:01:54.563,999,367897,5168,380740,4911,353017,4975,384877,5068,288978,5046,341447,5061,339073,4960,390940,5099,347917,4843,355385,4834,352946,5291,320011,5198,299970,5286,367285,5193,333058,4990,335021,5002,
2026-09-30,19:01:55.563,999,356936,5016,378784,4887,344650,4905,363786,4824,277908,4842,323942,4791,331968,4851,386102,5032,347443,4832,349239,4802,337251,5106,319625,5171,290730,5118,361083,5094,336832,5029,344583,5142,
2026-09-30,19:01:56.563,1000,431092,6068,466608,6012,428810,6094,453661,5992,337851,5888,380407,5627,399642,5830,447700,5850,409340,5679,424232,5825,390238,5929,381548,6183,348354,6106,442996,6252,396333,5918,413182,6182,
2026-09-30,19:01:57.563,999,343956,4840,362081,4672,337647,4752,365460,4807,264004,4627,307076,4583,319430,4686,359792,4688,321685,4476,334010,4553,318399,4783,309227,5040,276840,4889,349536,4950,320758,4814,316362,4715,
2026-09-30,19:01:58.563,999,313520,4426,346857,4486,314926,4436,327804,4307,246674,4323,290383,4307,294938,4313,327728,4273,294343,4098,305774,4169,300634,4517,280447,4590,259164,4588,327571,4625,289622,4337,289795,4326,
2026-09-30,19:01:59.563,1000,310548,4371,342454,4415,314936,4437,335238,4400,244058,4275,298965,4430,290247,4238,331173,4318,295364,4113,309220,4210,293186,4386,283640,4603,257328,4530,328746,4644,302389,4523,289711,4325,
2026-09-30,19:02:00.563,999,345928,4868,379354,4909,340632,4808,376232,4962,264071,4628,314144,4651,328402,4794,362758,4722,335838,4674,344141,4694,323399,4859,311691,5080,288702,5098,359560,5074,336467,5019,326752,4888,
2026-09-30,19:02:01.563,999,346634,4869,385039,4968,358759,5060,390447,5128,271521,4774,320388,4743,329648,4816,381360,4965,337850,4696,350175,4767,321533,4822,306834,5003,279409,4962,359464,5078,340917,5092,329650,4916,
2026-09-30,19:02:02.563,1000,354193,4969,401466,5170,367645,5177,411334,5403,282298,4951,323124,4801,346651,5083,394338,5138,347824,4826,344730,4701,329568,4959,311437,5081,284557,5042,364560,5158,343827,5152,342020,5106,
2026-09-30,19:02:03.563,999,333010,4677,356509,4607,339328,4776,363589,4764,261670,4625,304037,4503,319598,4664,351766,4585,311587,4322,319149,4341,312132,4689,285018,4674,263052,4689,338021,4776,313411,4688,315383,4710,
2026-09-30,19:02:04.563,999,334798,4705,352487,4560,344461,4860,351618,4627,267494,4695,310796,4602,315244,4608,362174,4714,328030,4556,327287,4468,316494,4762,295922,4828,276617,4890,350309,4956,312050,4659,316431,4723,
2026-09-30,19:02:05.563,1000,396175,5576,430758,5563,394243,5593,427716,5647,320526,5574,389330,5779,387208,5664,458429,5979,399778,5550,413869,5671,386426,5848,371316,6033,330372,5824,411444,5808,369179,5515,382106,5695,
2026-09-30,19:02:06.563,999,349974,4928,366482,4739,340695,4808,370481,4881,266916,4696,328579,4869,334487,4885,378282,4930,337324,4680,351828,4796,318385,4786,314240,5119,286371,5099,358478,5055,327018,4890,340085,5084,
2026-09-30,19:02:07.563,999,378497,5302,399043,5124,357663,5118,394774,5264,296225,5079,352409,5253,352981,5182,402469,5241,368484,5109,367139,5040,350342,5336,336435,5420,311943,5428,369845,5225,353394,5300,355621,5283,
2026-09-30,19:02:08.564,1000,338086,4761,359793,4653,334421,4723,354743,4669,257382,4505,313360,4646,323423,4730,364541,4753,324823,4514,336517,4582,334223,5014,302021,4923,277540,4905,341134,4822,329648,4938,337024,5029,
2026-09-30,19:02:09.563,999,338459,4755,379492,4899,342036,4801,351287,4603,262282,4610,309264,4592,332645,4865,361429,4744,342250,4748,352544,4780,338501,5046,290213,4764,282530,5013,351325,4984,333471,4991,324691,4894,
2026-09-30,19:02:10.563,999,330970,4663,364343,4717,321790,4540,323335,4251,258468,4560,302149,4483,326087,4764,349443,4549,335982,4664,333286,4536,318986,4778,296088,4866,268825,4782,350758,4953,305366,4575,316926,4730,
2026-09-30,19:02:11.564,1000,353404,4973,370510,4790,361528,5107,375353,4937,275501,4815,326467,4854,345799,5055,378137,4931,352080,4881,356745,4860,326424,4899,318827,5179,284785,5004,363636,5138,323453,4851,339818,5072,
2026-09-30,19:02:12.563,999,356755,5021,397843,5141,368349,5192,378675,4976,284228,4982,342426,5097,351632,5155,397663,5182,354192,4928,359369,4910,343446,5154,320878,5235,298941,5275,376383,5325,332929,5001,340539,5075,
2026-09-30,19:02:13.563,999,322272,4528,355083,4579,333090,4680,344764,4524,250706,4435,304464,4519,317402,4641,351342,4586,315062,4376,323259,4393,296539,4449,285813,4701,262458,4667,325102,4597,291525,4376,301826,4505,
2026-09-30,19:02:14.563,999,328061,4618,349584,4518,331234,4661,346305,4551,250328,4407,313588,4641,319914,4669,336985,4389,309683,4317,323623,4409,301732,4539,294668,4860,266476,4723,337477,4764,290842,4339,301101,4495,
2026-09-30,19:02:15.563,1000,353623,4973,382831,4937,347558,4949,373415,4967,273828,4780,336608,4991,345788,5041,385360,5023,352308,4888,357512,4907,340485,5172,321008,5226,287799,5072,370331,5226,326457,4887,326535,4874,
2026-09-30,19:02:16.563,999,360702,5070,392915,5073,366469,5169,406960,5346,285851,4977,346599,5149,351229,5141,394430,5151,369934,5135,366102,4991,352220,5288,344465,5613,298585,5240,370859,5236,345674,5180,342077,5113,
2026-09-30,19:02:17.563,999,329475,4637,361440,4669,323155,4543,347331,4561,257148,4518,311419,4643,312027,4577,346154,4508,327348,4534,330800,4489,315700,4724,301100,4944,267221,4723,337238,4788,306018,4606,315221,4704,
2026-09-30,19:02:18.564,1000,371714,5214,411354,5312,385919,5445,399285,5266,289200,5107,353504,5243,355581,5187,399233,5203,363629,5053,373406,5097,352167,5292,336501,5514,301051,5346,388545,5486,360628,5403,357049,5330,
2026-09-30,19:02:19.563,999,356213,5007,381444,4938,347112,4892,374274,4923,271939,4821,329675,4894,333489,4874,368604,4798,330932,4602,349633,4759,332248,4977,318359,5225,283903,5028,362236,5123,325075,4875,339197,5062,
2026-09-30,19:02:20.563,999,323081,4544,354135,4575,341657,4795,339213,4456,256522,4550,312937,4636,317098,4627,343603,4476,323491,4504,328345,4464,308441,4614,298876,4905,268015,4782,351627,4974,294529,4407,305421,4558,
2026-09-30,19:02:21.564,1000,340015,4774,365336,4726,337700,4750,342339,4509,258131,4562,323631,4792,313347,4574,355590,4633,330222,4590,336626,4595,322800,4853,303249,4963,270009,4792,345332,4882,307950,4607,314267,4693,
2026-09-30,19:02:22.563,999,386154,5413,415426,5357,404576,5718,401139,5304,314213,5433,372505,5544,395216,5792,430319,5606,389900,5409,393086,5383,372599,5634,353954,5706,316215,5533,406006,5740,359143,5376,366496,5449,
2026-09-30,19:02:23.563,999,332313,4691,373799,4853,354682,5004,361456,4762,270853,4774,333420,4944,332659,4846,371710,4844,334647,4653,341929,4670,325909,4898,301200,4915,283972,5050,351782,4970,327771,4892,322240,4805,
2026-09-30,19:02:24.564,1000,317184,4473,347699,4495,326356,4585,338327,4443,256345,4533,308287,4573,313052,4574,352471,4589,319478,4441,310130,4223,305039,4586,290656,4775,263413,4699,331400,4694,297541,4454,298528,4454,
2026-09-30,19:02:25.563,999,337070,4743,366268,4742,346468,4929,346359,4600,271818,4718,325710,4841,331025,4847,372391,4859,329013,4577,334426,4606,321868,4875,313405,5067,281859,4947,342467,4827,321338,4814,321743,4798,
2026-09-30,19:02:26.563,999,313941,4425,338652,4380,326254,4581,329304,4310,244195,4318,300089,4454,315260,4603,340029,4437,305343,4245,319374,4344,296113,4429,284044,4648,257499,4573,326875,4620,304097,4548,302095,4510,
2026-09-30,19:02:27.564,1000,357664,5022,386084,4997,376321,5283,388333,5092,293145,5134,354892,5290,364094,5334,395791,5160,372337,5176,371996,5043,338243,5067,323556,5264,294041,5185,377670,5362,335858,5038,350088,5213,
2026-09-30,19:02:28.563,999,345800,4867,372777,4841,356660,5028,365486,4823,281999,4967,343059,5079,345206,5031,387328,5045,345721,4806,348191,4761,328839,4955,309167,5033,284397,5039,360554,5086,340232,5072,329500,4918,
2026-09-30,19:02:29.563,999,332151,4661,358836,4648,334525,4691,344982,4515,265487,4679,318972,4727,320716,4681,357648,4657,312414,4329,312928,4266,311536,4678,285240,4666,273931,4861,334830,4718,310075,4634,317299,4741,
2026-09-30,19:02:30.564,1000,328853,4616,346100,4478,337999,4759,344085,4526,266637,4699,308145,4554,317167,4630,360346,4694,313504,4361,320789,4376,306481,4605,286750,4668,270093,4792,335147,4731,307491,4592,311924,4647,
2026-09-30,19:02:31.564,999,353118,4952,350292,4531,347048,4891,346482,4548,277880,4910,311561,4617,317823,4653,359837,4690,327730,4553,328095,4472,319823,4806,303936,4951,262564,4656,343716,4864,318988,4769,320748,4776,
2026-09-30,19:02:32.563,999,360141,5064,393486,5079,363045,5101,382515,5007,294270,5162,350005,5213,341601,5014,390988,5097,363611,5053,362947,4944,348060,5214,323395,5250,287423,5085,367072,5211,339830,5113,343949,5137,
2026-09-30,19:02:33.564,1000,367526,5175,393747,5092,369938,5204,384762,5058,289590,5078,352460,5230,347193,5076,383735,5004,361396,5032,360745,4922,341122,5130,316896,5146,292049,5143,373988,5285,338495,5064,346669,5168,
2026-09-30,19:02:34.564,999,306376,4316,343065,4447,310858,4379,320011,4216,259871,4586,298419,4428,300688,4388,342926,4465,296346,4124,304143,4149,298427,4483,277993,4532,246346,4373,314565,4438,293483,4385,297741,4441,
2026-09-30,19:02:35.563,999,344950,4849,368487,4764,340851,4851,354135,4705,283612,4965,320193,4745,325308,4753,368296,4804,329833,4591,339440,4674,307940,4678,306219,4960,276205,4858,354619,5004,327928,4908,328397,4897,
2026-09-30,19:02:36.564,1000,366255,5152,387398,5016,366858,5173,391074,5142,301975,5343,332153,4905,346965,5069,392291,5119,361991,5034,383049,5224,334224,5040,326712,5331,303491,5388,374741,5293,340100,5073,351155,5240,
2026-09-30,19:02:37.564,999,382948,5379,421724,5439,378250,5356,411463,5439,303528,5267,364443,5431,359191,5279,407274,5305,357715,4952,380563,5218,331781,5017,328592,5298,324043,5708,377411,5344,362024,5427,377220,5608,
2026-09-30,19:02:38.563,999,387947,5451,451375,5831,407830,5752,426817,5615,316861,5528,380415,5652,371738,5440,429051,5589,382572,5320,394413,5385,350587,5277,350282,5634,336929,5932,409149,5788,371576,5562,381758,5679,
2026-09-30,19:02:39.564,1000,349801,4912,390227,5041,359525,5049,383536,5026,277407,4941,329453,4880,319120,4659,355053,4618,315983,4388,334216,4548,299548,4496,299933,4920,279812,5006,354729,5024,319698,4795,333194,4975,
2026-09-30,19:02:40.564,999,341331,4807,368279,4765,348511,4889,358531,4697,269348,4760,318707,4730,319677,4671,355702,4629,324608,4531,332597,4531,314223,4742,301286,4909,279228,4969,349593,4942,309989,4629,325915,4862,
2026-09-30,19:02:41.563,999,326198,4582,352897,4559,325254,4569,348652,4553,248440,4413,296851,4399,295663,4319,333439,4348,309895,4311,312613,4246,296454,4446,280107,4596,264678,4734,324284,4574,294287,4403,311258,4647,
2026-09-30,19:02:42.564,1000,333941,4692,375075,4858,334233,4705,352427,4634,258094,4528,323790,4803,311452,4562,358409,4669,320995,4471,329232,4475,304295,4578,301034,4908,271307,4828,335860,4756,307015,4604,309686,4618,
2026-09-30,19:02:43.564,999,323772,4558,356317,4611,331798,4664,352979,4639,251115,4429,304253,4506,309602,4525,354860,4629,308866,4292,306522,4181,297394,4474,293868,4790,257853,4554,343739,4858,305112,4571,314177,4689,
2026-09-30,19:02:44.564,999,348510,4907,385349,4982,351176,4927,387565,5078,278139,4890,335973,4995,342283,5001,389925,5086,348865,4853,346542,4714,326987,4907,303017,4937,298126,5303,370489,5240,336544,5038,347556,5179,
2026-09-30,19:02:45.563,999,349821,4912,386916,4996,360446,5103,386475,5083,290510,5109,350093,5193,336815,4917,396423,5171,345994,4809,357288,4899,332958,5057,301613,4932,288793,5139,359891,5082,332824,4982,342702,5095,
2026-09-30,19:02:46.564,1000,334250,4692,360994,4673,337656,4763,351684,4629,275371,4873,342217,5070,335192,4892,387152,5048,332521,4634,356074,4843,324105,4881,296783,4868,287578,5122,337129,4762,320892,4789,331055,4947,
2026-09-30,19:02:47.564,999,324495,4551,362104,4680,332873,4674,353034,4619,272792,4786,334429,4985,326549,4791,373717,4865,320212,4451,330001,4471,314635,4724,299910,4919,277118,4941,332110,4717,311811,4689,325087,4836,
2026-09-30,19:02:48.563,999,340096,4769,360782,4653,335870,4726,355690,4669,265516,4677,328729,4865,318890,4655,366803,4779,326613,4537,347867,4739,313364,4731,305188,5000,280467,5017,342509,4844,321611,4797,324124,4834,
2026-09-30,19:02:49.564,1000,341917,4802,377214,4865,344503,4850,379480,4971,273320,4788,330471,4918,326499,4784,367557,4791,344630,4794,343117,4674,311028,4664,313670,5100,295908,5249,357453,5055,328392,4909,339736,5057,
2026-09-30,19:02:50.564,999,315001,4425,367340,4736,319577,4490,336660,4414,262706,4639,306657,4543,317716,4639,354973,4616,322114,4469,310918,4235,288157,4324,289686,4738,271845,4867,321803,4553,310028,4635,312490,4663,
2026-09-30,19:02:51.563,999,337939,4738,367827,4748,322990,4537,359876,4706,262907,4648,310175,4601,318522,4664,372200,4851,324831,4503,327868,4459,309691,4647,296304,4864,274764,4912,342700,4852,315647,4726,327069,4870,
2026-09-30,19:02:52.564,1000,375155,5243,404342,5207,357554,5088,394537,5241,298443,5159,338751,5049,345571,5075,411055,5348,365226,5070,366609,5027,340526,5166,333747,5399,297105,5193,384739,5449,360771,5394,348212,5179,
2026-09-30,19:02:53.564,999,338135,4747,378671,4894,332463,4669,365576,4780,259271,4588,313914,4658,313826,4597,383651,5000,326304,4525,338894,4602,318652,4785,302404,4975,270806,4826,351614,4968,336636,5039,329058,4904,
2026-09-30,19:02:54.564,999,330672,4651,379663,4907,343831,4839,361581,4746,271485,4769,328658,4870,324353,4736,369258,4822,335537,4666,350425,4774,322932,4846,307044,5034,267473,4773,353330,4987,335705,5010,327756,4890,
2026-09-30,19:02:55.563,999,378054,5312,440151,5692,393054,5586,413853,5506,316189,5465,378096,5609,371137,5427,424744,5535,384719,5356,388319,5331,364445,5508,358989,5803,308508,5396,414840,5852,372255,5566,384604,5726,
2026-09-30,19:02:56.564,1000,349591,4919,376568,4861,349489,4919,371954,4886,282725,4962,336160,4983,338934,4956,370335,4829,349540,4863,347708,4725,340548,5103,315682,5142,280398,4976,375839,5306,331370,4971,329806,4918,
2026-09-30,19:02:57.564,999,344435,4837,360097,4654,334861,4701,379408,4965,273395,4824,322771,4811,331290,4853,375447,4899,331791,4622,342308,4642,328575,4918,300656,4933,276268,4925,355227,5042,319047,4809,324090,4833,
2026-09-30,19:02:58.564,999,331699,4654,370979,4791,350427,4924,375977,4922,270835,4790,326289,4832,342141,5001,373548,4868,335924,4664,356958,4855,323249,4852,313019,5110,278818,4983,362028,5111,327001,4898,330077,4916,
2026-09-30,19:02:59.563,999,336312,4709,364575,4713,338722,4767,354356,4650,267437,4706,317287,4708,314635,4598,353443,4603,309581,4302,345609,4713,304909,4590,296330,4835,271864,4865,339411,4790,313153,4691,313985,4675,
2026-09-30,19:03:00.564,1000,346936,4889,369672,4791,336425,4727,361415,4747,264644,4644,331393,4916,332039,4860,366516,4778,316638,4417,349490,4758,318541,4790,301825,4904,276025,4898,347897,4916,322776,4835,316397,4728,
2026-09-30,19:03:01.564,999,361437,5084,378747,4898,355121,4984,384739,5050,281423,4899,339935,5054,345045,5049,393939,5132,331810,4622,372594,5066,328773,4930,317826,5147,285379,5024,365599,5169,343421,5150,341434,5093,
2026-09-30,19:03:02.564,999,362071,5073,386489,4989,356280,5001,378796,4957,282126,4977,343939,5119,347837,5101,386582,5028,333887,4625,355431,4839,327908,4923,304346,4975,275049,4902,361875,5120,327389,4902,327257,4887,
2026-09-30,19:03:03.563,999,364497,5131,394202,5092,357907,5017,377948,4948,287906,5121,341566,5059,337169,4916,378861,4938,337549,4687,348002,4737,326346,4904,298152,4880,282957,5051,371534,5243,335528,5015,329005,4908,
2026-09-30,19:03:04.564,1000,350261,4920,380016,4908,354832,4982,377744,4948,285656,5067,333554,4948,336044,4915,376227,4901,333484,4632,345405,4703,323286,4852,318176,5196,279164,4957,360311,5093,322931,4839,336417,5026,
2026-09-30,19:03:05.564,999,399058,5602,434729,5594,384562,5462,432945,5733,320692,5605,378677,5613,378812,5539,424071,5512,400975,5555,412803,5662,362418,5492,356546,5782,323064,5699,396865,5604,378094,5650,380363,5668,
2026-09-30,19:03:06.564,999,361064,5102,385976,4977,361883,5080,385686,5052,284070,4998,334376,4972,354203,5189,390742,5085,361551,5027,374977,5089,335843,5022,320953,5220,294225,5183,372573,5268,348799,5229,361039,5394,
2026-09-30,19:03:07.564,999,382256,5365,406558,5235,364644,5208,398064,5289,305595,5283,357081,5308,369959,5416,392106,5097,372879,5185,376355,5171,347800,5273,340621,5480,309356,5393,382982,5424,365285,5464,380727,5658,
2026-09-30,19:03:08.564,1000,364019,5126,385230,4969,367697,5180,379655,4984,284960,5008,331752,4912,352725,5148,383279,4991,355214,4950,350900,4780,338488,5099,311492,5059,286106,5055,362492,5143,339227,5088,351597,5256,
2026-09-30,19:03:09.564,999,330538,4637,352894,4565,335334,4722,341483,4488,255162,4510,307973,4574,305469,4469,352679,4594,323302,4495,323566,4401,305516,4591,283574,4637,264281,4695,323845,4581,315747,4722,325787,4862,
2026-09-30,19:03:10.564,999,302182,4246,320371,4148,306305,4304,322472,4217,240910,4291,288116,4274,293408,4291,324082,4217,306636,4265,310533,4231,293814,4379,273554,4496,236976,4240,298454,4222,294616,4414,295227,4410,
2026-09-30,19:03:11.564,999,343789,4810,363836,4694,353150,4967,355100,4665,279737,4957,327198,4847,332155,4845,373249,4860,338216,4685,344207,4696,319811,4805,305849,5024,268191,4769,347170,4918,334075,5003,321785,4807,
2026-09-30,19:03:12.564,1000,384803,5400,435210,5614,388904,5459,401847,5261,325706,5697,372231,5558,369169,5424,431006,5609,370192,5140,393484,5339,357941,5352,351884,5702,310965,5472,401021,5689,366117,5508,369835,5511,
2026-09-30,19:03:13.564,999,355954,4994,390140,5035,355889,5012,379155,4984,277217,4906,336803,4987,329441,4809,357748,4652,347467,4801,356538,4860,324746,4861,318495,5216,286512,5112,359617,5088,347651,5200,334796,4992,
2026-09-30,19:03:14.564,999,325478,4574,353874,4571,327316,4608,345895,4548,258566,4571,313900,4645,310292,4521,345914,4505,315138,4369,322176,4391,315253,4731,298262,4893,257503,4589,334326,4726,309751,4632,314460,4697,
2026-09-30,19:03:15.564,999,345739,4856,399018,5154,349131,4971,362656,4836,280249,4874,346651,5138,337533,4924,372647,4858,344602,4786,356268,4919,328869,4993,312197,5073,289501,5109,366818,5179,334196,4988,341779,5091,
2026-09-30,19:03:16.564,1000,315387,4438,352955,4560,313227,4399,340491,4463,259497,4591,322695,4780,306220,4476,332681,4341,318539,4429,328553,4473,302216,4535,303701,4987,264408,4703,335403,4741,316851,4741,326177,4868,
2026-09-30,19:03:17.564,999,363006,5098,404174,5214,358330,5053,397920,5227,293305,5089,343404,5127,344461,5052,371634,4845,379759,5266,377057,5133,345060,5185,335972,5434,297476,5220,376563,5334,364214,5473,369914,5506,
2026-09-30,19:03:18.564,999,337465,4740,370092,4787,327104,4589,343527,4501,254498,4518,310910,4613,304888,4467,345839,4500,325187,4516,328160,4457,314405,4702,299597,4934,264880,4726,327786,4630,329313,4924,323851,4826,
2026-09-30,19:03:19.564,999,324014,4551,354125,4565,319626,4510,337461,4440,246946,4355,308770,4580,298175,4355,342122,4456,319436,4438,320100,4360,303470,4562,290719,4762,258164,4613,315788,4451,303646,4537,296106,4423,
2026-09-30,19:03:20.564,1000,332191,4668,353889,4561,339415,4781,360929,4733,265762,4677,321013,4765,328458,4796,370226,4824,343154,4780,356430,4872,329972,4959,312513,5098,276718,4912,329007,4657,318172,4757,323945,4830,
2026-09-30,19:03:21.564,999,317723,4464,340603,4387,344878,4824,358854,4685,250879,4467,305928,4530,317952,4635,357255,4652,323230,4497,332758,4527,315020,4724,298424,4930,258715,4641,334268,4724,291996,4364,306306,4570,
2026-09-30,19:03:22.564,999,365939,5124,393749,5048,366371,5201,389732,5156,284803,4946,342785,5096,343307,5028,391417,5091,354376,4915,362873,4987,339790,5143,326373,5295,302616,5326,376722,5313,350559,5245,353805,5257,
2026-09-30,19:03:23.565,1000,339252,4772,378432,4884,344502,4849,361422,4737,270532,4738,329571,4898,345744,5050,367916,4793,345499,4823,338758,4619,327721,4929,314016,5133,289461,5135,355514,5023,328639,4927,336180,5008,
2026-09-30,19:03:24.565,1000,335965,4737,382459,4944,346917,4892,361084,4751,266227,4687,321554,4769,340460,4983,373135,4866,339226,4717,336945,4594,324689,4899,315236,5156,284924,5071,346331,4900,333369,4982,341446,5097,
2026-09-30,19:03:25.565,999,359267,5033,395198,5106,355183,5042,379953,5037,289830,5065,334259,4954,348100,5091,388372,5062,358483,4969,364046,5014,329304,4997,333981,5452,283603,5028,359252,5062,352929,5273,347732,5172,
2026-09-30,19:03:26.565,999,319393,4483,354271,4586,319944,4508,350738,4615,258173,4554,307786,4554,314946,4597,346729,4522,330324,4584,342490,4673,313957,4727,298715,4910,254606,4535,335046,4731,303236,4539,319068,4759,
2026-09-30,19:03:27.566,1000,322982,4548,353820,4573,319577,4504,342313,4495,250674,4402,295476,4400,306676,4504,333832,4348,312585,4349,321693,4394,284100,4265,280559,4579,257157,4548,334829,4730,312793,4691,327584,4880,
2026-09-30,19:03:28.565,999,355986,5004,393947,5094,341347,4821,393899,5190,283922,4940,331673,4923,344040,5025,390549,5083,348484,4846,358015,4891,331416,5012,325380,5256,292062,5133,369605,5219,347880,5200,369961,5518,
2026-09-30,19:03:29.565,999,314011,4406,339401,4372,298953,4197,332497,4355,245087,4360,306622,4537,298809,4354,345555,4499,298658,4139,305579,4159,295430,4433,292784,4821,245909,4405,324474,4579,303861,4534,305944,4570,
2026-09-30,19:03:30.565,999,367988,5165,379953,4892,345662,4868,382227,5026,280927,4965,329540,4887,334389,4891,378471,4930,335785,4655,347801,4743,325004,4878,326270,5372,281493,5022,360656,5092,348573,5219,352506,5259,
2026-09-30,19:03:31.565,1000,344670,4847,376331,4849,330715,4644,359293,4718,252956,4496,310470,4597,308049,4490,346174,4509,308003,4273,323159,4401,307048,4610,293004,4805,267816,4792,342357,4838,315638,4720,332879,4973,
2026-09-30,19:03:32.565,999,359352,5058,420503,5419,362949,5120,396003,5212,284957,5001,337780,5030,346669,5083,390071,5082,337924,4704,357638,4876,335146,5040,325754,5305,307175,5450,384836,5461,360200,5413,359400,5361,
2026-09-30,19:03:33.565,999,337220,4742,360033,4641,328174,4595,345051,4520,246425,4379,310844,4605,311406,4545,349037,4546,309553,4309,339121,4612,299635,4498,292702,4817,257487,4607,348236,4927,312472,4668,314216,4686,
2026-09-30,19:03:34.566,1000,347523,4889,368113,4738,340232,4801,378563,4979,271363,4750,323652,4803,315854,4617,367288,4786,342101,4760,357523,4881,321028,4846,317586,5175,278613,4911,358520,5069,323946,4845,341304,5102,
2026-09-30,19:03:35.565,999,369315,5184,423537,5473,380698,5411,399510,5310,308184,5356,359845,5334,352819,5152,420383,5478,373719,5176,386980,5328,346593,5285,345088,5600,301469,5304,383514,5413,358027,5354,357577,5338,
2026-09-30,19:03:36.565,999,342796,4828,360471,4659,351131,4941,359790,4734,285816,5038,336371,4996,312250,4565,369257,4820,339687,4725,351262,4785,319810,4811,313340,5118,272055,4824,352378,4976,313023,4686,327529,4895,
2026-09-30,19:03:37.565,999,340262,4779,362638,4676,353957,5006,365282,4821,286672,5006,325488,4844,325230,4759,356006,4643,333052,4627,345254,4721,318497,4808,308379,4991,279650,4906,356423,5030,325321,4878,326726,4858,
2026-09-30,19:03:38.566,1000,332030,4677,364367,4714,343842,4837,360614,4725,267654,4716,321728,4784,309358,4519,361966,4717,322386,4487,326313,4459,310069,4660,303198,4944,274969,4885,358183,5047,320698,4803,332644,4968,
2026-09-30,19:03:39.565,999,348857,4901,378811,4890,352631,4953,380962,4986,275493,4831,344912,5116,328286,4798,367329,4789,333440,4637,347126,4723,321941,4842,320350,5232,288369,5139,357034,5049,328687,4909,348182,5199,
2026-09-30,19:03:40.565,999,351316,4928,369957,4780,360016,5060,380680,4997,256958,4530,332248,4913,324264,4726,372824,4855,342917,4775,352045,4799,313185,4709,306376,5011,282738,5051,362538,5118,337920,5047,332777,4977,
2026-09-30,19:03:41.566,1000,326558,4579,346177,4468,333576,4684,359346,4697,238998,4233,314796,4662,306742,4485,346925,4513,302832,4216,320600,4372,290893,4361,285600,4677,269278,4814,336524,4755,319053,4782,324270,4840,
2026-09-30,19:03:42.567,1000,344808,4831,365571,4711,352115,4942,369190,4832,261922,4612,322991,4810,312759,4593,355117,4625,327027,4539,344639,4692,307303,4600,291845,4759,273572,4863,342739,4860,323352,4869,329462,4904,
2026-09-30,19:03:43.566,999,340417,4770,349208,4510,349410,4918,359848,4723,251676,4452,319712,4737,312472,4560,354957,4627,318792,4442,339440,4628,298025,4460,295390,4838,267794,4783,329095,4647,317916,4749,313507,4684,
2026-09-30,19:03:44.566,999,343570,4822,371210,4794,348116,4886,360594,4723,249173,4400,325175,4814,312454,4558,351430,4573,332629,4628,334741,4554,308812,4616,306066,5022,264613,4721,339044,4787,317612,4739,320366,4787,
2026-09-30,19:03:45.567,1000,395447,5544,426513,5489,397313,5680,412407,5506,309753,5305,375872,5572,374525,5473,411219,5367,391091,5437,396493,5472,347710,5302,367649,5913,300029,5220,405563,5721,384769,5741,373081,5557,
2026-09-30,19:03:46.566,999,312702,4398,325623,4211,323085,4529,332278,4339,236322,4178,290547,4308,297833,4347,333179,4346,310748,4318,311961,4245,294670,4421,281726,4630,238662,4245,323701,4561,298968,4453,305564,4561,
2026-09-30,19:03:47.566,999,365550,5123,388997,5023,356724,5036,383266,5031,284264,4959,337968,5034,345235,5064,394886,5152,361206,5007,367585,5009,335327,5041,333681,5442,281737,4977,364610,5172,339034,5086,364413,5432,
2026-09-30,19:03:48.567,1000,362511,5096,390073,5043,385579,5419,396625,5195,295357,5207,345084,5118,347803,5083,410893,5357,367145,5092,366363,4989,338739,5086,332792,5464,304740,5426,379198,5351,350330,5240,376252,5616,
2026-09-30,19:03:49.566,999,318371,4482,343110,4440,329779,4627,349771,4582,252825,4466,301359,4473,305848,4468,346179,4515,318357,4423,317021,4310,299994,4496,300016,4929,262669,4683,327548,4618,308960,4621,319461,4784,
2026-09-30,19:03:50.566,999,311918,4385,341064,4412,313502,4380,346569,4531,241256,4295,292212,4319,302754,4407,331367,4321,310430,4314,301841,4104,292363,4369,298589,4949,249880,4488,306639,4324,295345,4404,308048,4599,
2026-09-30,19:03:51.567,1000,692702,9629,771797,9874,698870,9893,762147,10043,604335,9767,621382,9771,638920,9850,750816,9852,710981,9831,716441,9748,655721,9846,663615,10159,607259,10026,678864,9980,630669,9998,671474,10010,
2026-09-30,19:03:52.566,999,418848,5868,449821,5798,420704,5983,442062,5869,328129,5661,391366,5817,397184,5814,446336,5816,417615,5793,416518,5729,372724,5657,385674,6221,351004,6103,422075,5962,389470,5836,407885,6074,
2026-09-30,19:03:53.566,999,344315,4840,374973,4849,361385,5075,378103,4952,265988,4663,328783,4878,326847,4781,371067,4853,332350,4627,342140,4654,318967,4775,315306,5141,280874,4986,366897,5189,326077,4887,330664,4939,
2026-09-30,19:03:54.567,1000,329758,4648,378623,4896,349213,4942,376196,4960,263105,4603,320077,4759,329410,4821,367309,4781,334707,4654,332445,4544,313936,4705,313939,5112,278606,4946,352892,4989,323897,4836,337748,5027,
2026-09-30,19:03:55.566,999,370149,5199,399101,5147,370918,5299,398636,5312,282990,4895,337045,4992,340064,4964,385505,5036,352583,4899,361616,4979,336040,5099,325887,5274,297834,5233,367055,5193,345726,5159,353951,5280,
2026-09-30,19:03:56.566,999,368963,5197,398151,5152,376029,5356,391385,5205,304546,5257,354076,5239,350315,5112,414470,5393,375648,5217,384884,5287,363867,5519,351046,5632,310449,5401,375143,5297,352495,5252,368412,5490,
2026-09-30,19:03:57.567,1000,340902,4800,374966,4853,349190,4928,369794,4863,286697,5040,328111,4883,327142,4811,380779,4964,338983,4716,354984,4838,333143,5005,314334,5120,276258,4872,357216,5060,321897,4827,339942,5054,
2026-09-30,19:03:58.567,999,344429,4846,368892,4763,348478,4917,357760,4717,277498,4926,319685,4722,330031,4801,379643,4943,326131,4527,348302,4756,329126,4946,294504,4836,273364,4883,358766,5051,319638,4765,332040,4937,
2026-09-30,19:03:59.566,999,347137,4868,371144,4795,347049,4889,353768,4648,270560,4821,313750,4646,316361,4612,353166,4600,326580,4531,340741,4648,316193,4752,300256,4957,274406,4934,357913,5056,316779,4739,315910,4704,
2026-09-30,19:04:00.567,1000,359408,5051,373509,4824,366150,5171,380489,5003,276121,4856,336686,4996,335505,4901,384259,5006,348704,4845,368993,5043,338604,5101,313839,5132,289195,5136,374319,5299,338555,5072,337717,5024,
2026-09-30,19:04:01.567,999,331431,4656,327739,4249,316798,4475,345814,4556,252546,4448,304540,4502,298325,4348,337184,4394,302320,4201,329226,4500,295311,4463,290598,4760,256754,4571,338765,4784,303735,4520,294687,4390,
2026-09-30,19:04:02.566,999,367744,5161,378951,4896,358342,5054,392742,5157,282012,4921,346321,5153,340213,4994,392451,5111,357705,4990,361783,4930,349548,5280,331262,5384,288217,5083,363942,5151,349456,5236,344864,5133,
2026-09-30,19:04:03.567,1000,316865,4458,331895,4288,323751,4570,330542,4348,244219,4338,308692,4559,296890,4331,330075,4303,299932,4175,311888,4267,310236,4687,281472,4620,245669,4380,321179,4530,303758,4529,308981,4607,
2026-09-30,19:04:04.567,999,316378,4454,338972,4378,316844,4455,334715,4389,243476,4327,300823,4454,299188,4368,320900,4182,287949,4016,315009,4289,309566,4646,281274,4627,249117,4452,323210,4565,301437,4505,306626,4564,
2026-09-30,19:04:05.566,999,335650,4711,348289,4503,333051,4717,351464,4650,258096,4509,301712,4469,314232,4589,345109,4496,308538,4304,329123,4542,317095,4799,283554,4618,272231,4821,349020,4912,324460,4843,319001,4748,
2026-09-30,19:04:06.567,1000,347385,4880,380145,4919,353903,4978,364046,4767,280889,4996,337068,4992,339403,4950,364000,4740,338427,4711,355572,4844,346608,5182,304972,5032,283222,5059,354313,4991,335847,5012,337616,5024,
2026-09-30,19:04:07.567,999,355726,4989,389224,5034,356525,5016,362817,4758,289069,5090,335875,4998,353153,5176,382797,4974,337638,4701,367989,5018,349454,5228,311204,5079,271850,4819,348841,4932,326369,4884,344069,5106,
2026-09-30,19:04:08.567,999,372284,5203,407949,5247,370024,5275,393532,5202,302967,5304,346847,5142,357060,5209,396735,5157,372628,5175,370169,5090,355625,5380,330471,5374,293393,5169,378718,5341,363765,5425,367181,5451,
2026-09-30,19:04:09.566,999,319861,4493,339771,4383,325011,4558,339580,4438,254376,4517,293293,4342,300151,4376,337650,4396,300418,4177,310339,4219,300445,4501,279215,4622,249434,4483,322313,4547,294100,4391,309024,4612,
2026-09-30,19:04:10.567,1000,344279,4836,360492,4655,336921,4730,351250,4597,265012,4667,301913,4483,314127,4595,342988,4497,324116,4502,323218,4392,313968,4692,291573,4773,254718,4528,340014,4806,309604,4627,323580,4855,
2026-09-30,19:04:11.567,999,323478,4543,326201,4206,299749,4214,331721,4350,241055,4289,284800,4219,289510,4227,329031,4282,299027,4156,303648,4136,294504,4416,270354,4447,235170,4205,314676,4448,291766,4355,295236,4393,
2026-09-30,19:04:12.566,999,349245,4910,357488,4614,329166,4621,358720,4682,275329,4872,320439,4783,323486,4761,366668,4773,329439,4592,339457,4613,321370,4814,302226,4953,272199,4857,346861,4923,321187,4827,317430,4723,
2026-09-30,19:04:13.567,1000,352116,4960,360022,4655,354494,4989,374553,4904,276376,4876,333057,4940,337834,4941,368165,4790,347120,4848,358491,4880,322917,4829,323374,5293,274721,4865,356294,5029,337698,5039,352813,5248,
2026-09-30,19:04:14.567,999,306170,4311,324755,4191,310555,4385,336348,4398,253441,4492,298525,4417,306881,4474,349676,4543,314865,4375,309247,4220,301640,4522,290378,4775,256284,4564,335464,4730,311335,4653,312646,4649,
2026-09-30,19:04:15.567,999,340752,4785,361050,4662,334361,4762,365944,4841,274411,4809,317287,4698,319697,4670,367860,4784,329079,4578,336189,4644,317264,4806,308713,5043,282632,5017,358441,5059,324978,4856,338865,5023,
2026-09-30,19:04:16.566,999,353435,4971,374295,4830,342677,4824,381471,4991,271862,4831,325406,4817,334801,4877,381062,4957,334399,4664,351075,4791,322752,4852,318393,5232,272393,4856,351822,4969,325210,4838,337466,5022,
2026-09-30,19:04:17.567,1000,373427,5242,367141,4743,353448,4962,384203,5021,271567,4808,334446,4968,327836,4808,367572,4779,322796,4504,338281,4611,320192,4797,315359,5177,280500,4999,340460,4836,324581,4869,327360,4870,
2026-09-30,19:04:18.567,999,367485,5170,391372,5053,362115,5099,383065,5023,280706,4922,349666,5191,342588,5015,392855,5108,344665,4802,352466,4798,319936,4802,321654,5265,278355,4916,360610,5103,334459,5008,329762,4908,
2026-09-30,19:04:19.567,999,309092,4349,313536,4064,314053,4416,333151,4354,245540,4345,292754,4338,300293,4391,343947,4475,291140,4055,313856,4279,278106,4176,267034,4404,245752,4384,322560,4561,289866,4339,299340,4453,
2026-09-30,19:04:20.566,999,332956,4689,371394,4813,351768,4982,367534,4845,277940,4881,325574,4823,320761,4694,371727,4840,333702,4639,350635,4796,331269,4996,303472,4965,277907,4906,354663,5012,322804,4825,327979,4886,
2026-09-30,19:04:21.567,1000,337199,4742,360720,4665,341043,4813,355950,4689,263487,4646,311192,4615,313541,4578,358189,4661,321617,4486,332022,4531,319916,4794,289871,4773,265480,4729,344469,4872,315815,4724,310729,4621,
2026-09-30,19:04:22.567,999,340407,4798,363490,4690,342639,4822,365453,4813,263542,4637,315221,4686,316386,4635,364011,4738,334303,4652,323077,4417,330251,4958,292496,4793,270060,4797,358609,5081,301178,4523,321567,4778,
2026-09-30,19:04:23.567,999,337282,4734,369566,4763,338593,4811,367496,4868,267292,4680,322988,4793,324115,4727,365966,4762,337039,4673,336134,4611,332752,5023,303618,4961,272097,4818,353822,4983,317004,4728,334507,4967,
2026-09-30,19:04:24.567,1000,340488,4804,372213,4815,353436,4977,387443,5072,274620,4832,329356,4905,340896,4982,375431,4893,349968,4876,351428,4771,340996,5101,309770,5062,279213,4927,363438,5139,326864,4881,347467,5171,
2026-09-30,19:04:25.567,999,342465,4835,370984,4805,364140,5164,362252,4809,282325,4960,340615,5042,335172,4898,393776,5119,337546,4706,354915,4867,335112,5057,315153,5157,279677,4938,358124,5040,337325,5043,356836,5305,
2026-09-30,19:04:26.567,999,321081,4521,339560,4397,326030,4596,335439,4399,248360,4401,316493,4676,299101,4356,354844,4622,303008,4217,325021,4426,307412,4599,291569,4812,258631,4613,339209,4779,312905,4676,306721,4569,
2026-09-30,19:04:27.567,999,357627,5023,388347,5006,363221,5144,373757,4923,283724,4998,343919,5129,340489,4991,394263,5123,344521,4784,354214,4844,328357,4936,322737,5248,295705,5212,366252,5195,338236,5090,340933,5070,
2026-09-30,19:04:28.567,1000,331981,4663,352944,4552,337572,4745,353388,4626,262533,4649,320445,4751,316880,4619,376456,4905,315414,4397,324761,4431,314501,4718,287034,4712,265346,4733,348104,4907,318687,4764,299829,4464,
2026-09-30,19:04:29.568,1000,326490,4599,359987,4649,339567,4777,356849,4675,268738,4741,310843,4619,308561,4509,358387,4661,307098,4274,321909,4373,312495,4666,294072,4801,268269,4756,349118,4935,319440,4785,319948,4764,
2026-09-30,19:04:30.568,999,309024,4358,336202,4348,310450,4360,342038,4471,251894,4461,294626,4384,301068,4409,332116,4328,301669,4201,310343,4217,284568,4250,281576,4629,251240,4465,318851,4507,307528,4610,303821,4517,
2026-09-30,19:04:31.568,999,304350,4286,338494,4386,311309,4373,334113,4369,247133,4398,301398,4457,299024,4360,343303,4471,319099,4439,326130,4434,296962,4426,284175,4686,252222,4515,327850,4630,309852,4621,300544,4479,
2026-09-30,19:04:32.568,1000,326650,4586,364793,4709,321071,4516,353199,4623,260038,4591,307618,4584,306957,4513,361887,4704,333642,4650,336380,4577,313888,4700,297528,4863,263086,4672,346706,4916,321467,4824,320571,4767,
2026-09-30,19:04:33.568,999,329795,4619,348066,4498,328823,4598,363855,4742,248182,4428,298050,4416,300665,4386,340675,4438,314164,4373,314351,4266,287879,4309,285101,4704,254527,4569,338198,4767,320364,4782,313872,4677,
2026-09-30,19:04:34.568,999,628168,9028,690672,9083,662547,9310,703897,9201,540170,9141,608131,9011,616222,9007,712530,9423,646416,9196,660355,8920,620152,9227,599858,9481,552815,9500,673884,9479,629367,9356,632682,9506,
2026-09-30,19:04:35.568,1000,406498,5713,441547,5717,398930,5702,442881,5881,331510,5708,393076,5826,383273,5605,463560,6041,408621,5697,402205,5544,377806,5736,379516,6125,337017,5901,420027,5918,391038,5849,411121,6107,
2026-09-30,19:04:36.568,999,409385,5750,431314,5568,422137,5937,438150,5728,330861,5720,389724,5883,386233,5739,448894,5844,414872,5761,419583,5706,381886,5713,371105,6006,329103,5773,416753,5943,386246,5867,394115,5868,
2026-09-30,19:04:37.568,999,354787,4980,366046,4730,348692,4921,354829,4656,277544,4883,325531,4855,330895,4859,380663,4954,341470,4742,352533,4808,323765,4858,312961,5115,272291,4815,350528,4962,332724,4992,324862,4835,
2026-09-30,19:04:38.568,999,356441,4992,382609,4941,347457,4965,372471,4959,293854,5116,333562,4940,330409,4826,393166,5120,350327,4861,349446,4821,328140,4977,328708,5339,287279,5047,368313,5188,342306,5117,333692,4956,
2026-09-30,19:04:39.568,1000,339371,4765,359247,4642,334099,4709,358193,4712,268680,4768,313860,4650,313746,4582,369399,4808,323160,4483,328727,4485,315334,4736,295133,4840,281081,5033,338646,4786,307102,4598,320434,4769,
2026-09-30,19:04:40.568,999,337491,4738,351427,4541,315834,4449,349357,4579,258680,4593,313267,4649,312835,4567,347928,4529,322920,4493,331974,4514,310449,4653,299092,4935,273930,4900,326046,4604,306172,4576,314583,4681,
2026-09-30,19:04:41.568,999,349171,4916,367045,4739,333295,4694,358993,4708,272512,4787,312305,4641,328076,4807,366272,4766,329499,4576,327788,4454,323626,4851,305557,4995,275417,4870,344857,4875,311031,4664,335302,4985,
2026-09-30,19:04:42.568,1000,354993,4979,346333,4480,336342,4713,367800,4781,279175,4954,307790,4590,330992,4855,374659,4874,332232,4610,331790,4503,321466,4795,308285,5098,271408,4851,346890,4918,315978,4747,333606,4955,
2026-09-30,19:04:43.568,999,333046,4681,347161,4481,333643,4686,358921,4695,263516,4692,310219,4593,317044,4635,363152,4725,315344,4387,319437,4353,313256,4711,295748,4889,266073,4741,338798,4792,313664,4691,321908,4789,
2026-09-30,19:04:44.568,999,350707,4952,360259,4675,340922,4803,361619,4755,272521,4801,323821,4797,341751,4985,386365,5030,333158,4648,335150,4578,323659,4875,317182,5217,277255,4918,350118,4938,317813,4738,336543,5009,
2026-09-30,19:04:45.569,1000,368711,5179,388556,5019,359798,5115,377518,4991,280901,4918,353558,5240,353314,5163,384041,4994,344060,4795,359203,4929,331178,5004,325764,5325,289072,5114,365744,5164,346069,5174,349729,5208,
2026-09-30,19:04:46.569,999,368407,5187,380975,4911,346436,4877,389177,5095,276860,4872,339547,5038,352536,5157,373957,4874,339534,4736,354031,4812,337019,5056,327251,5369,289357,5138,360325,5090,341256,5097,345248,5143,
2026-09-30,19:04:47.568,999,337392,4749,353419,4563,333220,4687,361758,4745,268556,4727,324599,4848,331077,4866,365274,4756,329543,4589,325080,4433,322094,4849,298281,4877,269944,4756,342357,4869,324705,4886,324917,4831,
2026-09-30,19:04:48.568,999,336928,4730,349033,4506,323700,4553,337353,4423,257304,4586,312962,4627,311441,4543,351804,4579,314614,4369,315523,4300,298850,4507,287459,4744,251343,4472,336109,4748,307441,4584,305217,4540,
2026-09-30,19:04:49.569,1000,337598,4736,353197,4554,320644,4505,333906,4361,253220,4478,314379,4658,318832,4663,353522,4591,310324,4297,326871,4438,294005,4417,291172,4803,265236,4737,328348,4641,306121,4590,313558,4659,
2026-09-30,19:04:50.568,999,311094,4374,329829,4260,295783,4153,305572,3998,226881,4051,298698,4421,304519,4445,327857,4268,300828,4182,322693,4383,286583,4291,263594,4361,238544,4269,309071,4361,277655,4145,298337,4440,
2026-09-30,19:04:51.568,999,329661,4641,353478,4567,323224,4524,349298,4565,266164,4682,323739,4790,328208,4787,349489,4588,335293,4664,348399,4700,309585,4634,285407,4650,274735,4859,341462,4815,314339,4695,312185,4700,
2026-09-30,19:04:52.568,999,367018,5158,407195,5261,358788,5024,402215,5256,300989,5278,342237,5091,369304,5406,412099,5367,373083,5191,366538,4966,360449,5397,332062,5417,300256,5317,366681,5188,349280,5236,356998,5336,
2026-09-30,19:04:53.569,1000,380839,5349,399753,5166,382578,5415,405976,5369,300065,5206,358423,5301,373303,5443,413443,5418,384523,5342,391547,5350,364321,5489,342354,5525,320270,5619,393262,5541,377044,5624,384342,5765,
2026-09-30,19:04:54.568,999,326336,4594,340903,4423,323553,4523,357114,4650,258951,4580,297691,4395,318085,4633,349031,4568,314600,4379,336700,4563,294579,4412,278875,4575,271165,4840,333011,4705,306888,4585,312078,4684,
2026-09-30,19:04:55.568,999,364593,5110,386163,4981,365095,5160,387888,5105,293882,5087,340256,5064,358360,5252,390087,5108,356913,4959,383724,5253,337771,5103,320654,5200,295229,5190,363397,5141,338105,5075,342457,5143,
2026-09-30,19:04:56.568,999,1503042,20884,1605238,20550,1494061,20909,1627945,21233,1221336,20987,1373353,20818,1408120,20954,1627106,21084,1538053,21202,1567243,21125,1408420,20925,1325333,21207,1205356,20909,1489045,21254,1376457,20978,1415629,20885,
2026-09-30,19:04:57.569,1000,379506,5349,391462,5079,370616,5207,407651,5337,307798,5363,356129,5315,362131,5306,415652,5428,375351,5230,379416,5135,356117,5324,336757,5449,306541,5375,399909,5667,359305,5393,360841,5366,
2026-09-30,19:04:58.569,999,344283,4850,359358,4642,327761,4633,369676,4869,273763,4828,332684,4923,333326,4862,380049,4949,349105,4852,340644,4654,326619,4918,307548,5031,277836,4903,352684,4975,325750,4868,325546,4858,
2026-09-30,19:04:59.568,999,338563,4755,359880,4651,320691,4539,343907,4535,268657,4721,327175,4844,332066,4853,367913,4794,331810,4611,335178,4578,319485,4813,290287,4755,258096,4549,353056,4986,315811,4721,321673,4802,
2026-09-30,19:05:00.568,999,332820,4699,358084,4644,314265,4439,346479,4557,264539,4658,318553,4723,323838,4731,384949,5022,327988,4572,338055,4625,314019,4727,296864,4846,258815,4548,344784,4870,324986,4859,321993,4810,
2026-09-30,19:05:01.569,1000,378425,5312,412836,5327,378967,5354,402623,5310,301998,5301,348990,5165,374519,5465,410352,5353,371874,5167,374357,5121,355174,5358,344049,5608,303585,5362,394344,5564,372271,5552,363183,5414,
2026-09-30,19:05:02.569,999,514321,7199,559155,7183,523644,7386,552093,7261,445627,7505,483070,7426,485841,7343,563204,7326,529632,7328,529587,7219,506644,7618,478610,7532,433436,7387,527101,7632,471545,7307,501844,7460,
2026-09-30,19:05:03.568,999,389928,5479,415329,5370,389613,5548,406392,5377,324758,5631,380180,5647,374373,5472,424881,5535,395827,5506,406327,5584,371968,5635,351717,5660,314078,5467,388160,5484,363555,5425,373774,5552,
2026-09-30,19:05:04.568,999,311916,4398,340763,4415,332598,4689,346807,4545,277378,4918,315989,4687,306641,4487,352981,4592,312836,4355,319533,4349,311826,4677,280866,4621,267095,4728,332181,4699,312547,4668,315565,4705,
2026-09-30,19:05:05.569,1000,372725,5239,399376,5165,364184,5228,397591,5308,308800,5372,370038,5477,357753,5232,409432,5329,368530,5116,377806,5198,360331,5501,335130,5421,307854,5419,387118,5457,366786,5475,362644,5392,
2026-09-30,19:05:06.569,999,321614,4528,347289,4490,315766,4461,339047,4467,250189,4424,310474,4593,308562,4503,355244,4626,321410,4477,329442,4496,302674,4563,287359,4703,259134,4603,321726,4530,307169,4582,306499,4572,
2026-09-30,19:05:07.568,999,373862,5256,410168,5307,368961,5231,389919,5155,294257,5153,350921,5237,356436,5226,409242,5321,374563,5212,397284,5437,348013,5259,329934,5375,311665,5486,386011,5467,353481,5317,362550,5395,
2026-09-30,19:05:08.568,999,407035,5713,447540,5768,409639,5857,431081,5750,339017,5833,385876,5732,392391,5731,452454,5894,386752,5380,408156,5618,376459,5728,372711,5983,344038,5963,428291,6032,396092,5928,411513,6095,
2026-09-30,19:05:09.569,1000,338627,4774,351504,4551,339152,4766,364313,4772,261139,4643,314049,4646,314119,4586,357026,4648,318052,4429,339333,4617,306457,4604,293909,4848,273818,4908,342122,4825,324779,4855,325220,4853,
2026-09-30,19:05:10.569,999,325033,4575,357488,4618,321642,4556,340621,4497,254492,4482,316515,4685,318331,4647,351923,4581,323154,4498,339392,4634,305528,4617,286823,4706,274926,4901,337575,4769,307478,4598,314075,4681,
2026-09-30,19:05:11.569,999,320224,4506,337875,4366,328223,4633,349996,4609,251263,4431,312422,4630,309236,4521,356741,4636,323701,4488,325127,4425,297057,4484,281047,4612,272153,4856,331783,4693,305612,4573,309556,4612,
2026-09-30,19:05:12.568,999,317670,4474,349867,4520,318650,4500,331577,4372,259865,4563,321656,4798,315256,4635,356737,4647,312125,4347,322900,4400,302680,4564,294488,4805,273830,4851,326979,4637,310338,4659,321634,4778,
2026-09-30,19:05:13.569,1000,317017,4460,349888,4515,322341,4549,330138,4344,255764,4501,307566,4567,311158,4557,342544,4462,313187,4351,313420,4274,304497,4581,289289,4726,267001,4739,324391,4596,298549,4494,315053,4697,
2026-09-30,19:05:14.569,999,331670,4672,372003,4824,339366,4790,356189,4695,272056,4745,336486,4990,341951,5004,372823,4847,343729,4784,363443,4949,333288,5010,307088,5001,280469,4945,353852,4997,330906,4944,325118,4830,
2026-09-30,19:05:15.568,999,333103,4676,367956,4767,342789,4892,344939,4596,270318,4723,329309,4881,326005,4762,365526,4754,323747,4496,334166,4603,309646,4702,300274,4853,273188,4826,359801,5067,322894,4827,330192,4900,
2026-09-30,19:05:16.568,999,316084,4448,355389,4603,320341,4538,334719,4409,258574,4552,304727,4514,313889,4590,346172,4510,313118,4359,323580,4414,299135,4518,285418,4646,265987,4710,338929,4780,303858,4543,318389,4744,
2026-09-30,19:05:17.569,1000,326825,4597,364861,4714,334355,4697,364454,4775,263829,4652,310957,4638,335344,4918,363668,4730,312767,4337,336152,4581,306988,4608,296819,4852,272719,4856,351296,4981,325762,4889,332557,4941,
2026-09-30,19:05:18.569,999,346761,4871,390567,5046,339899,4806,388100,5108,282223,4958,327821,4850,352772,5145,388053,5055,339171,4709,350806,4792,327238,4926,315118,5164,290188,5152,361399,5095,342937,5121,325277,4850,
2026-09-30,19:05:19.569,999,344872,4861,368334,4774,327851,4623,366871,4837,277842,4850,329651,4894,336521,4924,365906,4781,332406,4616,345190,4693,319074,4799,307354,4996,275950,4874,359582,5075,325465,4874,313470,4671,
2026-09-30,19:05:20.568,999,369624,5185,377904,4885,350992,4941,360596,4744,287397,5055,336613,4980,344858,5045,386718,5038,353918,4908,341203,4651,322273,4853,313543,5122,297176,5272,379516,5360,333414,4986,326121,4867,
2026-09-30,19:05:21.569,1000,311364,4386,345110,4472,322363,4533,336842,4418,248979,4395,299025,4443,312973,4578,347270,4523,308749,4284,304886,4166,295098,4441,284770,4664,260151,4620,330446,4670,305757,4580,298745,4448,
2026-09-30,19:05:22.569,999,345224,4857,362862,4693,335816,4725,356227,4664,261731,4601,313798,4667,318777,4677,364088,4739,316726,4407,325325,4424,320184,4801,301893,4926,271720,4816,351974,4995,328058,4934,332379,4955,
2026-09-30,19:05:23.569,999,352896,4949,393322,5064,348912,4970,369923,4908,280985,4878,335147,4963,332711,4850,381516,4966,338042,4682,343035,4717,336716,5104,316630,5125,298661,5244,385350,5433,353080,5263,345394,5146,
2026-09-30,19:05:24.568,999,342468,4812,370027,4785,327799,4629,360199,4734,254188,4476,321998,4770,308034,4490,360949,4699,332792,4627,330598,4506,319480,4803,303698,4971,275965,4912,352424,4975,331558,4952,329687,4910,
2026-09-30,19:05:25.569,1000,400129,5630,429603,5555,382679,5448,415788,5526,310816,5348,375048,5566,374192,5481,422443,5515,373545,5199,398454,5489,355281,5374,345136,5578,313467,5483,389043,5496,374953,5609,373787,5561,
2026-09-30,19:05:26.569,999,327496,4604,339392,4392,327559,4613,358902,4718,263083,4640,313022,4632,307024,4488,358467,4672,309242,4301,321715,4372,307462,4615,286700,4701,262415,4659,338951,4790,319156,4764,309933,4623,
2026-09-30,19:05:27.569,999,367493,5154,394453,5081,372320,5245,382006,5027,287308,5062,335033,4988,331176,4861,386620,5035,338035,4699,335595,4574,327741,4931,324887,5321,293893,5231,376226,5331,349311,5244,359373,5354,
2026-09-30,19:05:28.568,999,340026,4776,388542,5026,347465,4888,366738,4803,278548,4953,333502,4941,325328,4753,367911,4801,341024,4742,339227,4621,315057,4722,305480,5010,284867,5087,357889,5055,327015,4894,335933,5014,
2026-09-30,19:05:29.569,1000,339717,4781,358119,4635,326763,4590,344056,4524,266293,4734,315381,4675,302826,4427,348904,4548,325009,4518,327523,4451,306733,4592,288861,4724,272626,4875,348141,4915,320327,4800,331372,4934,
2026-09-30,19:05:30.569,999,323635,4549,363309,4691,311334,4372,335396,4417,262708,4647,311441,4626,304265,4440,352186,4595,325262,4520,314514,4287,305710,4593,291379,4797,267332,4777,335607,4740,304582,4570,310566,4625,
2026-09-30,19:05:31.569,999,348415,4900,380553,4927,336627,4763,355886,4690,288219,5018,333136,4948,326080,4779,379486,4952,357034,4975,352495,4806,314963,4747,305474,4949,283747,4987,355828,5032,328557,4928,326383,4859,
2026-09-30,19:05:32.568,999,339608,4781,379081,4898,335514,4731,352905,4635,278529,4894,317760,4746,324282,4762,366748,4785,356474,4951,333333,4545,311196,4673,304946,4954,286217,5063,365739,5192,336044,5051,324893,4853,
2026-09-30,19:05:33.569,1000,330973,4652,372898,4816,339445,4782,353443,4638,267986,4692,324615,4808,320421,4680,351772,4587,337986,4705,322236,4395,310368,4658,301111,4918,274615,4871,350133,4943,333071,4985,331791,4949,
2026-09-30,19:05:34.569,999,315098,4427,334637,4333,320542,4503,324246,4256,255010,4509,299480,4442,307765,4494,326866,4260,312268,4345,304941,4143,297216,4465,282358,4635,257092,4564,309127,4364,306521,4588,303732,4526,
2026-09-30,19:05:35.569,999,357599,5015,390024,5030,361489,5158,368943,4901,279945,4867,349368,5173,348388,5089,379689,4952,356152,4946,351733,4843,350190,5337,327195,5300,293639,5179,363517,5123,349052,5213,350639,5218,
2026-09-30,19:05:36.568,999,379535,5339,407422,5260,384516,5415,411810,5391,295844,5182,361223,5351,371599,5417,397800,5185,374438,5207,381832,5201,355249,5335,347123,5661,300409,5311,383531,5408,362491,5419,362292,5401,
2026-09-30,19:05:37.569,1000,370070,5199,401468,5177,370340,5211,406145,5310,294212,5152,340000,5075,363823,5333,400402,5216,348482,4852,379805,5182,347746,5218,331193,5396,300884,5338,379284,5371,344448,5197,348756,5193,
2026-09-30,19:05:38.569,999,369844,5180,400963,5151,354853,5026,394696,5201,285506,4997,343380,5081,354056,5161,403471,5257,346878,4819,343307,4701,348232,5263,323980,5300,295948,5241,367058,5159,344224,5135,339765,5058,
2026-09-30,19:05:39.569,999,338614,4749,366818,4746,330646,4667,373232,4920,282129,4956,325121,4822,348650,5097,384665,5023,329275,4565,334286,4578,325907,4914,305566,4960,280556,4976,340788,4817,321564,4815,325712,4858,
2026-09-30,19:05:40.568,999,455559,6330,496408,6343,467906,6549,510060,6648,399848,6608,418197,6575,427050,6588,507818,6648,455906,6306,459057,6179,443455,6573,433514,6717,406971,6831,455237,6692,419729,6655,435529,6442,
2026-09-30,19:05:41.569,1000,563001,7881,602737,7752,547482,7760,593468,7833,449558,7649,523682,7918,537729,8002,614103,8054,571706,7917,562109,7679,527825,7975,512142,8135,465566,8061,571123,8161,522047,7946,535096,8010,
2026-09-30,19:05:42.569,999,393758,5550,397230,5147,369037,5180,397418,5206,303840,5296,361923,5391,377264,5529,435838,5672,373739,5209,387147,5263,369174,5529,346810,5612,305196,5363,394075,5581,351253,5275,357522,5328,
2026-09-30,19:05:43.569,999,323085,4552,339408,4397,309039,4344,335583,4385,250465,4415,301831,4487,315161,4616,357963,4667,304081,4229,317768,4328,303073,4560,283236,4617,262182,4661,333503,4729,302865,4548,299624,4469,
2026-09-30,19:05:44.569,999,321194,4515,345090,4463,312269,4404,338921,4457,261405,4597,307419,4553,306170,4474,352992,4605,307142,4266,313726,4290,292109,4415,286606,4663,258308,4557,331009,4668,311810,4649,313434,4667,
2026-09-30,19:05:45.569,1000,347248,4874,366049,4729,345932,4905,349739,4637,280966,4925,334789,4967,343608,5019,379931,4955,340040,4712,343398,4701,310460,4700,307532,5015,278496,4926,354324,5004,330325,4932,321545,4796,
2026-09-30,19:05:46.569,999,359872,5056,373672,4844,340907,4813,355869,4689,295395,5210,330517,4904,345914,5059,387169,5050,347298,4829,348741,4770,318185,4804,322977,5265,283560,5014,356132,5024,336061,5022,322515,4814,
2026-09-30,19:05:47.569,999,373046,5245,378178,4892,370275,5207,390242,5108,310523,5451,345866,5137,359368,5264,402477,5253,343108,4781,357412,4853,340310,5102,314733,5104,290380,5137,373204,5279,338467,5077,351751,5240,
2026-09-30,19:05:48.569,999,333986,4698,339810,4393,320961,4524,340717,4489,272784,4792,318277,4722,322921,4719,355884,4631,314274,4375,325493,4445,316114,4760,288257,4700,276862,4909,346455,4896,301333,4507,331710,4958,
2026-09-30,19:05:49.569,1000,330805,4656,342537,4433,312990,4419,331498,4356,268897,4726,311013,4622,322041,4709,347374,4528,307720,4288,326490,4450,311209,4690,290108,4738,268395,4780,337741,4769,307693,4609,315513,4701,
2026-09-30,19:05:50.569,999,331908,4657,332187,4288,309299,4360,326930,4310,256602,4527,316803,4704,323111,4715,346822,4529,324241,4502,313464,4279,302299,4560,294402,4830,262678,4678,346839,4889,312256,4668,316387,4710,
2026-09-30,19:05:51.569,999,326970,4585,338202,4374,308612,4349,318317,4183,252855,4461,294699,4384,311324,4551,342606,4471,311626,4336,321032,4382,302284,4549,281434,4621,256516,4576,336744,4751,314862,4701,312553,4654,
2026-09-30,19:05:52.569,999,336179,4730,349379,4521,328540,4637,345206,4536,273664,4789,319199,4762,338973,4963,372016,4857,346241,4810,344299,4705,327542,4937,312698,5078,288546,5082,356335,5049,333509,4998,340242,5083,
2026-09-30,19:05:53.569,1000,370956,5232,405614,5231,371982,5292,400997,5315,306519,5288,349296,5174,362941,5299,408351,5320,378030,5275,377946,5175,343093,5182,351673,5685,316422,5522,394133,5558,367277,5478,369882,5505,
2026-09-30,19:05:54.569,999,319457,4493,369835,4768,328557,4630,355724,4671,254175,4507,324134,4802,316284,4609,367113,4777,324346,4508,339793,4631,307495,4628,309686,5107,283977,5068,350446,4951,323919,4838,327440,4875,
2026-09-30,19:05:55.569,999,371784,5218,410814,5307,365189,5227,395385,5282,294016,5102,361635,5361,366665,5357,415915,5412,359816,4999,364786,5040,341263,5208,335726,5461,312467,5458,401122,5662,372253,5575,362202,5393,
2026-09-30,19:05:56.569,999,344328,4836,372533,4817,340693,4801,374049,4917,284497,5020,332617,4931,329159,4804,383169,4996,346885,4828,351038,4781,333536,5034,321928,5268,289027,5104,367429,5194,341947,5112,327848,4891,
2026-09-30,19:05:57.569,1000,351301,4944,368751,4768,345705,4858,368497,4832,285772,5031,325657,4855,329459,4836,381061,4966,326307,4537,359556,4887,328668,4950,306837,5021,273267,4853,347553,4933,322395,4855,322980,4816,
2026-09-30,19:05:58.569,999,337079,4744,370238,4777,336528,4745,365312,4797,275491,4825,316882,4704,326529,4774,374882,4886,332586,4640,349844,4763,319965,4826,308610,5007,266847,4711,348204,4916,330210,4934,316615,4719,
2026-09-30,19:05:59.569,999,337454,4743,361668,4673,333114,4696,365070,4788,268865,4766,316951,4693,325482,4753,373773,4867,320369,4453,339963,4634,304352,4590,296116,4848,269253,4800,352193,4972,329646,4932,316740,4733,
2026-09-30,19:06:00.569,999,349383,4910,370296,4782,351280,4949,386744,5071,291532,5164,335229,4977,343671,5018,386833,5042,352218,4893,366963,4994,342144,5156,325340,5308,283608,5022,348875,4933,350697,5245,341072,5095,
2026-09-30,19:06:01.569,1000,313734,4408,345959,4475,322693,4528,344871,4515,258625,4591,303751,4522,309442,4543,366388,4774,315705,4396,321471,4365,312358,4675,287587,4728,260984,4658,316110,4479,310995,4675,307697,4591,
2026-09-30,19:06:02.569,999,338647,4756,355260,4581,335066,4713,366292,4803,284841,5018,312994,4670,329292,4833,385049,5011,338714,4703,330178,4497,324424,4878,304148,4970,274893,4883,335881,4766,341971,5137,329620,4915,
2026-09-30,19:06:03.569,999,346249,4873,363446,4693,342848,4822,373098,4891,280621,4955,313473,4644,331335,4839,392678,5121,335550,4663,357584,4867,329128,4939,312739,5139,276170,4920,345015,4877,333349,4983,336052,5024,
2026-09-30,19:06:04.569,999,357750,5042,377484,4885,365066,5143,384820,5056,291958,5074,338604,5023,337356,4934,398332,5204,360890,5015,361118,4919,346219,5201,331936,5383,292957,5164,364992,5159,350678,5247,347021,5172,
2026-09-30,19:06:05.570,1000,399934,5628,403447,5211,386776,5504,409400,5446,311839,5440,357607,5304,376398,5495,427217,5568,382638,5331,387788,5334,360305,5469,347613,5669,309879,5466,393339,5545,371464,5551,362402,5406,
2026-09-30,19:06:06.569,999,341378,4800,354428,4591,334518,4709,367980,4818,272797,4826,319632,4732,325299,4738,360721,4708,340949,4741,332186,4526,316063,4761,299709,4927,272219,4841,348194,4910,319443,4770,314745,4693,
2026-09-30,19:06:07.569,999,358474,5029,370297,4792,341581,4829,378952,4980,281589,4930,335963,5015,328061,4821,374077,4880,354511,4940,341656,4667,326386,4918,309821,5082,281549,4982,360905,5117,334124,5030,346291,5159,
2026-09-30,19:06:08.569,999,387820,5421,397572,5118,375518,5346,388172,5172,306108,5309,358170,5304,358788,5244,409595,5338,379504,5267,367022,5044,344144,5226,340104,5505,308695,5395,382407,5406,361833,5409,367947,5480,
2026-09-30,19:06:09.570,1000,342164,4804,366531,4738,332428,4676,343665,4512,274070,4807,313303,4658,326453,4776,378390,4939,342831,4761,337053,4580,321272,4824,315217,5153,272393,4835,348122,4922,328252,4914,334560,4991,
2026-09-30,19:06:10.569,999,303288,4261,332334,4295,302359,4259,330885,4351,250632,4425,298669,4421,306544,4472,350065,4564,310810,4321,308239,4198,306377,4618,286390,4711,261450,4658,323571,4572,303841,4538,314680,4686,
2026-09-30,19:06:11.569,999,341185,4782,365265,4706,345785,4870,366133,4818,275640,4838,322733,4781,334444,4884,378551,4975,343355,4770,341823,4657,329993,4964,310181,5068,292034,5167,367911,5189,332905,4975,343637,5163,
2026-09-30,19:06:12.569,999,356167,4996,389790,5028,383055,5374,388826,5092,301885,5320,348800,5194,353354,5177,403285,5261,367893,5100,355683,4825,355004,5333,326436,5355,291654,5190,374981,5309,345523,5189,365605,5443,
2026-09-30,19:06:13.570,1000,333167,4678,359375,4631,343562,4832,364360,4769,268759,4715,325559,4833,314499,4599,382362,4985,332327,4615,331992,4521,314412,4732,300991,4951,265994,4715,344542,4873,314922,4707,322525,4806,
2026-09-30,19:06:14.569,999,319086,4484,342008,4403,324416,4543,339032,4427,246986,4363,310669,4616,307155,4489,361657,4713,307492,4279,318783,4332,290795,4369,283747,4684,247683,4419,338566,4791,292880,4384,290815,4339,
2026-09-30,19:06:15.569,999,371377,5205,390996,5043,367689,5249,395148,5273,307989,5303,355370,5273,360428,5269,409492,5344,357548,4984,375813,5183,356121,5439,348068,5618,292892,5090,386585,5448,365778,5452,365422,5438,
2026-09-30,19:06:16.570,1000,325942,4592,357465,4620,331031,4666,353803,4657,265497,4659,311308,4616,324902,4743,358337,4676,322992,4488,338792,4612,313398,4725,317728,5198,265543,4700,338714,4776,322982,4827,321818,4805,
2026-09-30,19:06:17.570,999,316601,4450,344446,4467,320445,4497,344459,4524,254822,4493,299388,4475,305173,4480,353395,4598,315242,4379,332988,4531,292795,4395,299936,4946,267143,4750,328310,4652,303372,4561,324234,4838,
2026-09-30,19:06:18.569,999,318229,4465,346978,4486,317667,4467,341058,4477,256541,4546,302755,4491,317288,4632,371701,4844,316216,4392,325051,4428,309910,4664,300346,4946,263346,4679,336282,4745,308434,4612,326128,4861,
2026-09-30,19:06:19.569,999,308102,4337,334286,4314,298335,4182,323796,4235,236646,4190,293150,4354,291507,4272,352310,4592,290417,4052,314400,4267,293202,4400,281988,4630,251085,4472,320460,4537,287811,4310,297544,4437,
2026-09-30,19:06:20.570,1000,348801,4907,386487,4994,352147,4966,370001,4875,273386,4803,326598,4838,327541,4791,386125,5039,334256,4649,340717,4653,323842,4876,314911,5162,294716,5237,364579,5157,333139,4976,347568,5186,
2026-09-30,19:06:21.570,999,355764,4998,376631,4866,353704,4977,391694,5141,288343,5085,325387,4835,339538,4967,392542,5115,337280,4685,347433,4734,327208,4897,316102,5168,288924,5135,358439,5072,326457,4878,331165,4937,
2026-09-30,19:06:22.569,999,356932,5024,398331,5138,363221,5128,392899,5183,283459,4982,332627,4953,343642,5035,384648,5018,348946,4857,351942,4794,335252,5058,316387,5152,297497,5271,372954,5273,336744,5050,348775,5194,
2026-09-30,19:06:23.569,999,360836,5062,390574,5036,354641,5044,385326,5106,282722,4946,334582,4936,348026,5066,385669,5028,350243,4856,353202,4846,327860,4969,320447,5208,290728,5133,363880,5126,350541,5211,346110,5154,
2026-09-30,19:06:24.570,1000,334476,4711,353610,4582,325192,4575,353467,4649,261446,4568,319767,4743,329990,4830,361346,4707,318290,4441,330156,4503,307171,4632,301533,4913,269150,4768,344360,4873,320492,4810,325820,4857,
2026-09-30,19:06:25.570,999,347084,4884,376109,4856,340743,4826,359619,4749,270632,4730,327105,4849,329860,4821,364335,4748,350870,4871,340623,4674,325250,4931,325460,5322,283292,5017,353620,4991,325325,4864,342061,5116,
2026-09-30,19:06:26.569,999,365749,5130,377348,4862,342175,4843,360693,4754,281287,4895,348114,5157,340253,4961,369139,4820,345882,4815,354216,4850,327689,4952,325485,5281,292315,5141,348273,4919,351452,5254,342176,5104,
2026-09-30,19:06:27.569,999,320785,4505,347552,4492,313310,4399,331401,4351,257604,4544,302148,4504,312146,4572,345413,4496,317430,4421,324996,4419,297791,4462,287384,4715,263572,4674,324324,4601,308440,4630,310707,4636,
2026-09-30,19:06:28.570,1000,336220,4723,382389,4929,331673,4686,358893,4720,273641,4798,320868,4768,327853,4788,364106,4746,343459,4769,340833,4657,326839,4926,303177,4947,279229,4944,350879,4958,330138,4938,349232,5206,
2026-09-30,19:06:29.570,999,339520,4770,371812,4796,334326,4680,349174,4565,262033,4647,315311,4678,319840,4669,370153,4817,330688,4589,342885,4665,316018,4744,294686,4863,272038,4872,328103,4631,326025,4886,335787,5015,
2026-09-30,19:06:30.570,999,335345,4703,361676,4663,325018,4547,324759,4260,248005,4382,306093,4548,313646,4579,349111,4552,325691,4517,328944,4468,316388,4745,279331,4587,274993,4898,344333,4868,314260,4702,323628,4829,
2026-09-30,19:06:31.569,999,337198,4737,351741,4534,327242,4630,338674,4485,259964,4538,314097,4655,323645,4725,353934,4616,341957,4739,329330,4519,319412,4825,300345,4918,269860,4764,356748,5040,324295,4848,330712,4927,
2026-09-30,19:06:32.570,1000,346398,4876,365112,4723,331948,4664,357145,4686,272218,4716,317862,4753,337052,4936,371101,4844,347419,4837,348633,4733,343887,5145,316088,5125,283637,4987,355514,5036,332585,5000,332972,4968,
2026-09-30,19:06:33.570,999,311260,4383,331903,4287,300756,4238,330055,4333,246967,4359,300293,4461,307440,4488,334839,4368,314680,4372,313439,4278,313037,4710,278183,4562,261381,4648,330169,4658,299806,4476,301125,4493,
2026-09-30,19:06:34.569,999,303672,4272,324624,4191,298527,4176,314563,4110,230482,4087,285116,4224,298448,4346,322743,4205,298583,4136,283980,3858,294566,4409,269770,4449,243167,4343,308235,4349,289608,4328,284786,4250,
2026-09-30,19:06:35.569,999,337600,4743,354540,4576,322612,4585,347245,4611,277117,4825,321034,4771,320314,4682,362178,4717,326229,4530,338513,4653,312350,4733,308816,5024,272980,4810,346747,4891,323132,4830,338383,5056,
2026-09-30,19:06:36.570,1000,327658,4609,348366,4512,319580,4497,349216,4594,265597,4673,315648,4696,314808,4612,380329,4964,330084,4591,350687,4768,319853,4800,304160,4981,273690,4839,342100,4834,310612,4644,331739,4953,
2026-09-30,19:06:37.570,999,363419,5109,400666,5186,370234,5213,396990,5220,294098,5127,347429,5161,365989,5367,425807,5553,386537,5363,387928,5293,367620,5525,344611,5581,302167,5323,390382,5525,360730,5401,370597,5529,
2026-09-30,19:06:38.569,999,407712,5711,455061,5870,415657,5889,445409,5899,341040,5930,390318,5831,399237,5876,452407,5886,414094,5734,433656,5942,398148,6014,374035,6044,346519,6086,415681,5896,394431,5941,397788,5917,
2026-09-30,19:06:39.569,999,359314,5040,385296,4979,357862,5049,374170,4927,280830,4972,341698,5055,353985,5165,395286,5141,353860,4902,374112,5084,333594,5006,332948,5440,291593,5181,353106,4982,346985,5180,343162,5118,
2026-09-30,19:06:40.570,1000,334339,4698,357414,4616,336673,4724,362297,4726,272159,4848,320091,4745,338119,4930,380607,4961,331366,4599,356064,4830,313562,4695,314883,5186,277675,4962,336074,4754,323352,4844,328518,4909,
2026-09-30,19:06:41.570,999,317943,4476,350142,4528,333432,4687,351266,4608,263370,4660,319078,4729,327829,4789,374708,4881,341238,4745,346202,4719,301654,4546,294479,4817,276472,4917,337165,4761,312902,4680,315429,4705,
2026-09-30,19:06:42.570,999,342297,4811,359997,4659,335007,4696,349625,4573,269279,4778,326369,4860,328902,4833,381438,4976,342751,4772,346279,4690,316422,4746,295521,4829,279004,4959,341222,4849,315894,4748,317383,4733,
2026-09-30,19:06:43.569,999,348702,4905,372381,4818,344339,4848,369514,4853,275267,4831,334336,4957,342621,4999,389569,5075,350221,4863,352468,4801,320943,4819,314902,5129,291724,5147,364724,5155,333868,4999,337023,5026,
2026-09-30,19:06:44.570,1000,322578,4550,353560,4588,337258,4748,349983,4605,267455,4735,326440,4840,319919,4677,378702,4938,333290,4627,337887,4607,308456,4640,310832,5094,279197,4957,339229,4799,317889,4751,328923,4905,
2026-09-30,19:06:45.570,999,372158,5236,419268,5427,358553,5083,389369,5185,308037,5403,367216,5440,354920,5184,408158,5321,372211,5176,383386,5257,341306,5166,334457,5445,302099,5337,387958,5480,351138,5246,347055,5169,
2026-09-30,19:06:46.570,999,367852,5169,401195,5197,360544,5091,389203,5134,281998,4968,344665,5097,341626,4983,390648,5100,365795,5075,364570,4977,334246,5048,316130,5180,302042,5371,373806,5277,351646,5253,343593,5128,
2026-09-30,19:06:47.569,999,331973,4672,349703,4532,324079,4562,350807,4603,249556,4390,317579,4729,314645,4624,357219,4657,332394,4627,333931,4541,320639,4818,295397,4845,278845,4964,344543,4881,309994,4648,305221,4552,
2026-09-30,19:06:48.570,1000,370970,5229,386304,5006,359963,5077,412295,5412,306938,5350,367524,5453,362401,5292,419446,5467,387918,5383,383212,5227,368678,5550,351146,5702,320243,5650,393860,5568,356641,5328,354303,5281,
2026-09-30,19:06:49.570,999,321452,4525,350027,4544,320937,4503,363120,4749,252831,4497,327211,4849,311828,4549,358917,4670,330555,4605,318165,4324,314944,4721,295401,4859,268838,4809,332076,4685,310097,4631,317644,4739,
2026-09-30,19:06:50.570,999,308255,4339,342334,4436,312461,4396,339587,4458,248692,4413,313734,4642,294396,4296,341054,4435,320773,4465,303724,4141,306188,4600,283466,4650,254086,4521,324356,4588,297176,4444,308600,4596,
2026-09-30,19:06:51.569,999,323476,4560,357640,4631,325219,4590,346548,4563,254696,4457,319690,4742,310468,4535,352872,4600,310516,4319,317213,4334,305007,4589,304305,4983,261642,4629,334222,4722,318717,4765,314614,4707,
2026-09-30,19:06:52.570,1000,324819,4572,373909,4843,336976,4737,342208,4485,265700,4671,324629,4843,326457,4799,363435,4734,325575,4526,339386,4618,329321,4940,309283,5055,275416,4857,346644,4920,313756,4716,325488,4854,
2026-09-30,19:06:53.570,999,318397,4471,350391,4536,316027,4469,316971,4195,258151,4503,315439,4671,312339,4564,347068,4521,307929,4272,311678,4265,304181,4589,288214,4682,256313,4500,329712,4643,306045,4553,301247,4487,
2026-09-30,19:06:54.570,999,337159,4746,363611,4702,328700,4618,348024,4564,274846,4803,322044,4788,334110,4890,377812,4929,341199,4747,339814,4617,331030,4973,308760,5016,268896,4751,356373,5038,324429,4851,324409,4836,
2026-09-30,19:06:55.570,999,357726,5029,388208,5019,347381,4942,371331,4933,287361,5018,336988,4994,341450,4983,389255,5071,344842,4791,347243,4783,338163,5162,320512,5213,290125,5118,364374,5133,349448,5209,341864,5082,
2026-09-30,19:06:56.570,1000,352998,4958,382152,4943,350177,4921,373475,4913,277077,4877,324918,4827,323773,4735,381227,4982,336791,4684,347651,4731,335034,5034,304351,4967,285953,5060,360269,5096,324602,4854,333676,4993,
2026-09-30,19:06:57.570,999,357309,5028,383486,4953,348046,4904,379892,4996,283553,4977,324552,4854,331341,4874,384797,5010,335234,4662,350298,4768,324066,4876,306767,4985,290994,5141,359433,5107,326829,4926,337000,5025,
2026-09-30,19:06:58.570,999,316068,4444,343124,4435,312410,4381,344307,4495,243019,4327,288230,4278,311663,4553,349434,4549,303932,4234,302456,4100,288009,4301,272591,4471,256838,4590,318203,4500,287059,4304,297439,4429,
2026-09-30,19:06:59.570,999,341646,4806,366033,4734,341538,4823,378057,4965,280635,4893,319105,4732,328010,4797,369140,4811,328796,4580,338827,4617,317591,4785,296323,4804,274416,4799,358426,5057,323119,4838,335423,4995,
2026-09-30,19:07:00.570,1000,343811,4835,371241,4796,335651,4723,371629,4873,270840,4773,319440,4739,323839,4736,369891,4811,335744,4670,344443,4694,323775,4864,297576,4870,285292,5051,349869,4945,328158,4918,332686,4953,
2026-09-30,19:07:01.570,999,325263,4575,333919,4318,310492,4367,342461,4487,251074,4428,300005,4447,295101,4309,342046,4448,315959,4392,322656,4399,311165,4669,277903,4550,269226,4790,328776,4641,308253,4604,310505,4632,
2026-09-30,19:07:02.570,999,316134,4436,344125,4445,317488,4458,357243,4681,258443,4558,300034,4484,307781,4524,353494,4592,313338,4367,332767,4524,311442,4663,283851,4649,269858,4773,323518,4594,310840,4673,316469,4717,
2026-09-30,19:07:03.570,999,349729,4906,377338,4876,347483,4880,368462,4835,289068,5108,339150,5026,335941,4908,386790,5029,347105,4823,353173,4802,329315,4956,319156,5246,283856,5057,354516,5008,332192,4975,335407,5003,
2026-09-30,19:07:04.570,1000,347260,4885,389979,5027,348089,4882,367152,4796,276383,4888,341188,5060,335209,4895,396102,5158,342784,4765,367982,4993,319134,4785,312135,5132,287950,5131,356429,5039,329782,4940,334321,4995,
2026-09-30,19:07:05.570,999,417424,5868,442717,5707,405877,5772,438295,5822,333553,5767,404241,5986,393047,5741,449437,5861,409377,5687,437605,6011,373897,5662,367259,5929,332141,5803,418780,5906,393255,5873,392888,5848,
2026-09-30,19:07:06.570,999,328504,4617,355857,4593,328927,4614,355474,4664,263640,4681,312461,4632,334794,4888,356745,4650,322846,4488,352604,4788,307654,4589,301762,4956,267893,4775,330688,4669,316344,4723,312811,4667,
2026-09-30,19:07:07.570,999,332610,4686,363759,4704,320172,4535,362499,4777,277171,4844,331560,4947,336976,4940,371958,4850,340998,4735,363674,4965,308603,4647,304687,4952,276528,4868,340868,4845,318207,4775,323082,4814,
2026-09-30,19:07:08.570,1000,351247,4921,387801,5004,340315,4830,382428,5062,292590,5107,353011,5243,347934,5089,393826,5125,363753,5043,368568,5039,335709,5075,327118,5304,303265,5314,366184,5170,324711,4872,336644,5008,
2026-09-30,19:07:09.570,999,327807,4611,357447,4619,316003,4426,355747,4651,258405,4567,312074,4657,332528,4881,359748,4686,325489,4521,344819,4673,314966,4702,301101,4942,264567,4686,321352,4566,297662,4502,306186,4573,
2026-09-30,19:07:10.570,999,312845,4394,354241,4570,311117,4365,340549,4469,260444,4641,307385,4585,323685,4745,357803,4654,322859,4467,332437,4508,309242,4616,297591,4896,257468,4589,328557,4657,297750,4472,310454,4626,
2026-09-30,19:07:11.570,999,350763,4926,392679,5064,349038,4892,377967,4953,284675,5028,352541,5236,334945,4907,391366,5103,357174,4969,365647,4958,352733,5262,319867,5237,276578,4910,366523,5186,334307,5021,341953,5095,
2026-09-30,19:07:12.570,1000,358600,5028,393418,5080,357227,5011,382573,4992,294372,5193,352998,5288,336150,4952,401041,5229,355503,4941,352837,4793,361156,5394,339340,5558,294287,5223,374721,5334,345451,5222,347186,5176,
2026-09-30,19:07:13.570,999,309626,4347,343084,4438,315632,4423,339765,4436,267459,4765,328207,4868,308335,4504,357437,4654,321892,4480,325436,4414,321452,4806,289403,4775,254888,4564,332473,4693,300999,4517,310044,4625,
2026-09-30,19:07:14.570,999,305029,4298,330709,4270,290237,4075,335674,4393,262198,4632,310836,4639,300599,4410,343834,4482,317381,4409,329403,4459,303062,4533,296172,4871,248929,4436,339907,4808,297257,4469,306318,4564,
2026-09-30,19:07:15.571,1000,361059,5078,396607,5125,358777,5089,397348,5257,301353,5251,357277,5334,349816,5134,408603,5328,375165,5232,390998,5345,351052,5302,345253,5601,304074,5369,393057,5565,346124,5220,363333,5408,
2026-09-30,19:07:16.571,1000,353857,4960,368807,4759,340818,4798,395460,5189,301306,5266,340731,5083,351242,5152,402834,5263,371446,5171,377507,5120,344155,5157,340904,5547,284289,4999,373723,5303,341750,5160,338501,5052,
2026-09-30,19:07:17.571,999,326539,4589,359140,4647,315741,4433,368794,4818,278535,4864,321272,4835,314089,4639,373878,4873,345555,4802,356542,4832,326654,4889,320050,5210,271000,4788,349857,4990,313686,4759,320975,4781,
2026-09-30,19:07:18.571,999,323785,4553,350925,4536,313284,4395,362977,4730,256158,4520,306826,4576,309572,4540,355251,4624,319301,4437,333385,4525,318500,4778,292799,4812,267241,4769,330670,4690,317429,4772,304484,4546,
2026-09-30,19:07:19.572,1000,304224,4276,331934,4283,295389,4135,340100,4441,247110,4377,296129,4409,300150,4381,332628,4333,300024,4169,312914,4237,299226,4485,273411,4493,246520,4409,309032,4373,296046,4429,289999,4325,
2026-09-30,19:07:20.571,999,328232,4619,364648,4720,335396,4704,361532,4722,270574,4790,320407,4781,327942,4811,361416,4713,328074,4569,342336,4656,321346,4806,304608,4976,274279,4875,359716,5104,323362,4864,325405,4843,
2026-09-30,19:07:21.571,999,335846,4722,366829,4746,354516,4964,366477,4782,279248,4973,321961,4780,318894,4665,381210,4970,325634,4523,351093,4767,327554,4888,314416,5168,291083,5220,368788,5215,330355,4948,338054,5045,
2026-09-30,19:07:22.571,999,380772,5348,399415,5172,384960,5399,397766,5212,314311,5459,359638,5368,360516,5286,430134,5633,368557,5132,389069,5273,360239,5380,351809,5689,316452,5555,402236,5693,358464,5387,381959,5726,
2026-09-30,19:07:23.572,1000,361071,5066,378613,4891,358204,5077,370280,4912,289348,5024,344455,5105,348089,5075,394538,5163,350486,4861,346656,4749,344341,5199,338703,5495,299026,5252,366414,5156,350624,5220,354957,5305,
2026-09-30,19:07:24.571,999,332794,4678,353712,4576,309166,4357,361533,4756,277301,4882,332544,4949,320829,4696,357803,4669,334030,4643,323687,4418,323894,4870,308383,4999,272564,4817,340349,4817,322735,4829,318829,4760,
2026-09-30,19:07:25.571,999,342806,4821,369995,4781,328986,4679,358128,4742,285247,4996,335903,4979,327918,4799,365878,4775,335686,4673,348790,4782,334694,5062,324580,5267,272780,4806,350842,4953,331401,4953,322917,4809,
2026-09-30,19:07:26.571,999,321204,4506,342382,4426,326409,4597,351387,4612,267841,4742,314768,4669,326788,4776,351649,4586,341120,4740,351496,4790,324997,4874,311351,5086,270823,4815,340172,4798,335685,5004,312197,4670,
2026-09-30,19:07:27.572,1000,371218,5212,412226,5331,368317,5189,387523,5091,305747,5343,350920,5240,371493,5461,402117,5243,372835,5186,394203,5364,362477,5439,345699,5596,307144,5392,368602,5231,369713,5554,357220,5317,
2026-09-30,19:07:28.573,1000,347888,4903,388450,5022,334604,4727,376785,4954,292712,5161,328987,4878,348555,5087,385108,5021,349291,4857,362357,4941,336822,5071,330480,5378,292904,5188,355991,5034,340632,5090,336301,5015,
2026-09-30,19:07:29.572,999,334056,4698,373072,4811,334654,4680,365815,4769,273153,4859,328446,4866,332883,4860,372734,4862,336155,4661,347792,4713,335574,5016,303790,5007,269184,4828,348717,4931,316582,4725,332179,4954,
2026-09-30,19:07:30.572,999,360116,5063,395842,5116,346999,4861,381441,4988,294734,5226,340853,5058,347229,5061,390595,5107,353118,4900,367775,4994,345659,5170,327468,5366,281810,5034,379174,5363,344257,5158,346334,5190,
2026-09-30,19:07:31.572,999,337834,4762,370301,4789,337117,4720,363431,4746,270829,4794,326035,4836,318371,4648,368160,4822,340375,4717,352550,4783,330605,4950,307623,5035,277179,4949,358871,5074,317140,4742,330938,4956,
2026-09-30,19:07:32.573,1000,347395,4886,386382,4986,347979,4875,372096,4861,274515,4807,338984,5064,325839,4785,375905,4908,342839,4765,359940,4877,326015,4867,315441,5164,285449,5082,377838,5359,325626,4899,337784,5055,
2026-09-30,19:07:33.572,999,337353,4768,384992,4979,341053,4787,376731,4931,292424,5077,355859,5287,358193,5239,395068,5190,364856,5081,369973,5027,337015,5033,333315,5407,296384,5189,368053,5208,341075,5114,340938,5107,
2026-09-30,19:07:34.572,999,304293,4283,328115,4220,300353,4209,323513,4235,253544,4524,297831,4416,296889,4335,339399,4433,306402,4262,308890,4194,292114,4379,288192,4762,249936,4459,324161,4576,289149,4336,287701,4299,
2026-09-30,19:07:35.572,999,369763,5189,398967,5144,368198,5207,397128,5240,308456,5403,360973,5352,347017,5068,403464,5286,364293,5051,372005,5096,356094,5375,342348,5579,311129,5486,391532,5521,354626,5308,349501,5226,
2026-09-30,19:07:36.573,1000,328967,4627,347271,4487,331038,4643,346981,4543,267001,4719,316903,4703,309463,4522,345924,4518,326637,4544,324607,4404,310306,4652,302396,4956,260903,4621,334006,4726,312770,4688,307979,4605,
2026-09-30,19:07:37.572,999,344045,4830,366886,4753,349152,4893,364016,4764,273636,4808,321676,4793,330135,4839,381131,4989,341283,4749,347807,4713,335241,5023,303522,4940,268212,4733,348902,4938,317976,4780,326215,4892,
2026-09-30,19:07:38.572,999,398197,5578,457583,5893,394945,5590,439711,5801,339939,5856,385973,5730,399595,5840,441771,5780,405298,5623,420016,5731,390643,5868,371896,5982,341102,5958,427037,6041,377593,5671,402047,6009,
2026-09-30,19:07:39.573,1000,339700,4785,373675,4849,359153,5062,380791,5005,273303,4798,318956,4733,323845,4724,369038,4813,342174,4754,348454,4753,333679,5015,301344,4938,276065,4888,349948,4949,324159,4850,332196,4951,
2026-09-30,19:07:40.573,999,317762,4487,348011,4516,323454,4538,367986,4828,266440,4724,307612,4572,297007,4347,348026,4537,310853,4329,334807,4549,324823,4859,292088,4780,260597,4626,331293,4685,307203,4596,311522,4642,
2026-09-30,19:07:41.572,999,320126,4518,338275,4381,310340,4362,344908,4530,258433,4576,313912,4660,296718,4335,349089,4555,313469,4367,325120,4429,314304,4717,299055,4907,250178,4425,333312,4704,312311,4658,323907,4834,
2026-09-30,19:07:42.572,999,309778,4371,328290,4256,301904,4242,336857,4419,246377,4342,300240,4478,292076,4295,344795,4504,305575,4248,307753,4186,305466,4567,290944,4747,254232,4498,333451,4727,293345,4412,301357,4492,
2026-09-30,19:07:43.573,1000,316141,4451,323295,4186,303050,4275,329114,4337,251733,4431,296205,4392,300698,4393,345185,4500,303125,4212,309327,4214,299834,4501,276388,4498,254293,4511,325822,4588,300619,4485,297388,4443,
2026-09-30,19:07:44.573,999,375084,5272,392980,5072,363168,5105,390129,5119,301215,5260,359000,5355,358925,5275,404645,5283,366519,5105,377219,5139,364167,5454,329982,5355,304730,5329,388197,5505,350357,5263,360065,5378,
2026-09-30,19:07:45.572,999,351703,4936,378235,4887,345227,4911,359735,4783,288006,5025,340808,5050,340856,4986,394561,5142,360259,4994,350676,4828,349445,5293,313167,5087,290041,5107,364853,5149,338142,5047,335270,5004,
2026-09-30,19:07:46.572,999,315824,4448,346370,4488,319958,4510,341945,4495,260586,4563,303319,4505,310491,4538,352052,4585,322991,4484,334910,4564,317471,4752,287917,4709,255752,4532,326867,4617,306562,4581,308825,4616,
2026-09-30,19:07:47.573,1000,361341,5068,390186,5039,351060,4954,386725,5089,285066,5013,347493,5167,331317,4868,394527,5128,358388,4957,363613,4966,348083,5243,316145,5173,295611,5259,359680,5092,343888,5152,354287,5277,
2026-09-30,19:07:48.573,999,345954,4859,393831,5093,352186,4963,375320,4940,282959,4991,340493,5054,313857,4585,375318,4888,346317,4817,333413,4557,343457,5164,318917,5209,296208,5255,358251,5057,337691,5042,341525,5095,
2026-09-30,19:07:49.573,999,345985,4858,386142,4976,334734,4724,371704,4884,285873,5004,336637,5010,327144,4781,373105,4865,339828,4725,332327,4530,337460,5075,319168,5204,286082,5047,369290,5213,333131,4988,330689,4924,
2026-09-30,19:07:50.572,999,313201,4417,346050,4470,316641,4450,356091,4658,262984,4642,305017,4544,294620,4319,336843,4395,314120,4371,299606,4065,313297,4687,293432,4800,256644,4565,332328,4705,301196,4523,300718,4484,
2026-09-30,19:07:51.573,1000,326364,4581,354512,4567,302798,4292,356177,4704,264893,4651,318619,4726,302522,4420,351916,4593,321457,4462,320697,4379,309585,4666,296758,4837,263569,4670,334839,4728,304641,4565,305767,4555,
2026-09-30,19:07:52.573,999,332679,4685,357486,4610,319123,4486,355811,4667,262741,4629,327089,4878,311910,4578,352350,4594,321038,4463,332290,4510,322990,4834,298941,4894,271894,4803,342489,4865,299772,4510,313570,4676,
2026-09-30,19:07:53.573,999,365685,5123,400460,5148,348688,4967,386243,5142,287620,4998,352425,5221,363900,5304,402190,5236,353728,4908,368603,5066,344190,5221,327815,5312,301733,5301,391318,5508,353246,5266,348134,5176,
2026-09-30,19:07:54.572,999,328680,4625,364702,4707,311843,4383,349561,4574,251521,4472,312050,4635,320997,4688,359844,4685,305212,4246,335540,4550,311795,4662,290185,4773,263989,4717,334145,4724,306713,4584,305414,4557,
2026-09-30,19:07:55.573,1000,385017,5403,418029,5397,372870,5315,407162,5410,309977,5337,367320,5456,377628,5517,428623,5589,369380,5133,384219,5283,358623,5446,350472,5627,316930,5522,384045,5418,359626,5369,358827,5347,
2026-09-30,19:07:56.574,1000,433453,6082,472295,6100,447508,6342,473413,6253,347827,6011,410475,6103,417521,6106,469111,6134,427650,5948,433022,5950,415345,6289,402218,6493,358642,6297,449643,6344,427110,6388,418185,6259,
2026-09-30,19:07:57.574,999,366498,5150,412076,5321,380566,5343,407016,5328,290889,5114,349504,5212,362542,5307,392520,5115,355447,4951,351563,4791,341459,5148,326442,5334,294912,5239,372885,5288,338711,5087,346539,5163,
2026-09-30,19:07:58.573,999,333830,4704,373246,4829,350587,4911,365097,4768,269710,4759,323839,4808,316898,4623,364805,4755,329640,4586,326961,4442,316453,4761,302975,4973,261569,4670,346194,4887,312032,4661,320595,4792,
2026-09-30,19:07:59.573,999,344928,4848,386884,4990,346147,4878,383459,5025,275226,4861,340953,5046,324046,4722,379611,4952,339481,4710,334853,4568,331535,4997,308705,5054,277293,4938,358207,5049,327958,4894,332808,4969,
2026-09-30,19:08:00.574,1000,321415,4518,356268,4592,333062,4669,339547,4444,254942,4510,307461,4564,301498,4409,339341,4425,319870,4448,311183,4225,311138,4668,284676,4667,259470,4620,332685,4703,302253,4540,320167,4779,
2026-09-30,19:08:01.574,999,361210,5095,389803,5034,360096,5083,394724,5205,289944,5062,336944,5009,347037,5080,382837,4985,356155,4944,351037,4796,344178,5185,331010,5361,297802,5227,375943,5319,344453,5176,347008,5173,
2026-09-30,19:08:02.574,999,330752,4659,359287,4648,328654,4614,352280,4614,254272,4458,301686,4505,314092,4600,347621,4524,314570,4368,317595,4313,304036,4555,294040,4799,262280,4672,343915,4890,304674,4581,314461,4687,
2026-09-30,19:08:03.573,999,314879,4433,352070,4548,320728,4512,340194,4464,253824,4493,302518,4493,304968,4455,347977,4535,314673,4367,314937,4279,297618,4481,280602,4590,247064,4406,328175,4639,302155,4518,317487,4737,
2026-09-30,19:08:04.574,1000,334801,4697,367202,4734,336684,4746,353326,4659,276635,4866,325253,4825,337543,4934,380367,4956,330418,4593,336954,4585,319475,4806,307847,5035,274989,4882,358359,5067,318714,4765,330450,4943,
2026-09-30,19:08:05.574,999,389087,5453,437365,5644,391688,5575,431755,5708,322655,5640,378139,5608,388816,5671,436309,5695,395478,5487,402397,5537,373453,5680,360832,5876,322438,5696,416504,5881,374140,5595,382413,5699,
2026-09-30,19:08:06.574,999,387207,5449,410873,5296,381327,5362,426592,5598,318034,5568,373879,5541,375869,5485,424404,5541,376246,5228,379190,5166,371036,5568,356993,5799,313019,5531,395230,5599,353276,5283,376272,5621,
2026-09-30,19:08:07.574,1000,369516,5190,403996,5209,366227,5164,395719,5200,300687,5266,346375,5164,350318,5148,405638,5282,355004,4933,368406,5023,342043,5155,321488,5253,290566,5138,371650,5282,332724,5002,356502,5312,
2026-09-30,19:08:08.574,999,379779,5327,423225,5456,383543,5471,419280,5566,310626,5361,373114,5540,372017,5437,428973,5579,370338,5157,386446,5306,367424,5583,349051,5620,315003,5502,394388,5574,350216,5244,383111,5696,
2026-09-30,19:08:09.574,999,328957,4627,362124,4681,325197,4593,361704,4764,257123,4531,312461,4632,335275,4883,373139,4865,326532,4544,329430,4495,311766,4690,291714,4784,263237,4686,333222,4707,299722,4479,320220,4778,
2026-09-30,19:08:10.574,999,338448,4769,363273,4702,334243,4708,347599,4562,273161,4812,334472,4963,323072,4716,368982,4811,323136,4499,329862,4496,308957,4642,311704,5107,273711,4866,339950,4804,314433,4701,331566,4942,
2026-09-30,19:08:11.574,1000,358205,5039,384243,4955,355154,5000,377783,4960,291952,5140,339998,5041,338746,4947,398265,5233,357918,4976,353508,4815,329870,4962,333713,5451,295004,5201,364364,5146,326395,4876,344421,5169,
2026-09-30,19:08:12.574,999,376112,5288,422943,5453,378979,5341,398098,5234,309487,5397,363637,5422,370547,5432,415847,5416,370262,5148,381228,5180,352026,5283,340790,5514,305644,5373,375337,5315,338505,5079,361850,5377,
2026-09-30,19:08:13.574,999,323574,4553,361678,4688,329143,4623,353432,4610,258739,4603,312137,4632,299367,4376,357876,4667,305305,4250,321647,4369,299458,4488,277078,4549,269405,4782,329406,4649,295714,4438,314561,4684,
2026-09-30,19:08:14.574,999,348027,4886,382993,4953,374373,5259,390352,5117,274952,4873,331664,4926,322023,4702,380278,4943,337833,4696,336642,4574,332242,4976,307108,5054,283873,5044,356282,5042,339034,5072,345949,5154,
2026-09-30,19:08:15.574,1000,376383,5305,408601,5279,385166,5484,413910,5495,304331,5302,358181,5306,364743,5328,409825,5342,377666,5248,367429,5057,355337,5403,332067,5393,310557,5470,386109,5444,373651,5579,352265,5252,
2026-09-30,19:08:16.574,999,360171,5075,388265,5026,339452,4772,384926,5049,287938,5095,342851,5083,342031,4984,370979,4830,349698,4868,352691,4794,339111,5092,316201,5188,302809,5382,367058,5177,336811,5044,346935,5182,
2026-09-30,19:08:17.574,999,353223,4957,376738,4860,336657,4754,381622,5026,294465,5131,343388,5106,341813,5000,384631,5007,349163,4843,356575,4855,337862,5077,326042,5306,292941,5140,361372,5118,331670,4978,339971,5068,
2026-09-30,19:08:18.574,999,299694,4220,321906,4178,300225,4213,326206,4270,255191,4528,297644,4413,297762,4350,330109,4305,307380,4285,307007,4160,292010,4376,283941,4683,254916,4561,312791,4418,293293,4389,293090,4374,
2026-09-30,19:08:19.574,1000,310137,4379,344768,4471,312104,4413,348486,4600,265717,4652,299957,4462,299449,4394,350869,4576,324227,4517,327640,4485,308650,4659,299109,4888,266504,4709,324152,4582,307244,4611,300940,4491,
2026-09-30,19:08:20.574,999,307857,4332,352893,4559,321338,4515,339877,4451,269476,4766,303066,4504,303712,4458,352078,4587,319826,4443,327712,4458,307877,4618,299134,4900,253840,4512,331312,4689,299599,4494,299512,4463,
2026-09-30,19:08:21.574,999,308121,4343,343903,4460,312494,4402,322264,4245,269012,4761,306271,4546,303711,4444,344208,4482,317609,4401,316012,4296,305934,4595,293196,4812,256853,4573,327386,4621,300731,4500,296905,4428,
2026-09-30,19:08:22.574,999,326247,4573,364512,4699,329732,4630,348673,4559,267881,4726,311462,4654,315059,4637,366764,4781,327185,4532,319264,4345,309876,4642,296666,4855,264028,4700,320511,4556,312366,4703,309639,4620,
2026-09-30,19:08:23.574,1000,371500,5228,394826,5100,362950,5134,399489,5257,309245,5441,351558,5209,357086,5213,415092,5404,370904,5141,374092,5103,340874,5132,333818,5448,297295,5244,374506,5281,356279,5327,363969,5413,
2026-09-30,19:08:24.574,999,366018,5144,403720,5217,364564,5200,393020,5219,309830,5387,353638,5232,368313,5375,433146,5639,367686,5103,368996,5075,348262,5281,335634,5418,314213,5503,391173,5517,362029,5404,354005,5266,
2026-09-30,19:08:25.574,999,365488,5149,404681,5229,358860,5099,385401,5111,304212,5300,350774,5203,364070,5320,402550,5254,361481,5027,377537,5172,340257,5150,329547,5341,310269,5456,396251,5596,353896,5297,349227,5207,
2026-09-30,19:08:26.574,999,321030,4532,355685,4611,329438,4624,343745,4505,264717,4694,314905,4665,330736,4824,360384,4704,318768,4437,343875,4659,316902,4741,297593,4880,258437,4596,338372,4776,310649,4632,315886,4717,
2026-09-30,19:08:27.574,1000,335068,4718,381352,4929,346447,4887,367281,4843,286490,5025,341487,5083,335534,4910,369237,4809,346005,4811,347954,4742,336175,5061,311080,5053,286846,5090,355269,5032,317558,4774,337390,5039,
2026-09-30,19:08:28.574,999,347865,4904,386028,4998,353715,4969,387775,5085,288174,5047,338238,5021,338598,4948,396344,5179,360323,5012,376866,5119,342549,5141,316957,5145,295474,5223,374000,5284,335378,5026,346355,5175,
2026-09-30,19:08:29.574,999,342809,4826,362968,4695,337008,4733,356760,4681,264665,4671,322728,4780,325082,4751,373905,4873,332429,4611,344823,4692,323663,4853,302789,4977,277327,4955,338977,4793,309819,4634,327417,4887,
2026-09-30,19:08:30.574,999,313038,4397,333342,4319,315233,4430,344688,4523,255021,4499,301711,4485,301703,4410,349294,4550,316190,4392,316849,4318,297875,4477,282008,4617,267035,4764,317007,4484,296665,4446,311083,4632,
2026-09-30,19:08:31.574,1000,338640,4754,358913,4652,348019,4888,380135,4988,285269,5009,338755,5029,331251,4841,376388,4902,352795,4907,338207,4621,319970,4829,309519,5067,277239,4928,343741,4863,323048,4838,326413,4856,
2026-09-30,19:08:32.574,999,329790,4633,359647,4645,335051,4701,374531,4881,270030,4767,325924,4866,323081,4735,363860,4743,342758,4764,334278,4536,316948,4739,297864,4876,266650,4736,324442,4605,308026,4635,312400,4658,
2026-09-30,19:08:33.574,999,329780,4625,352023,4550,339947,4771,342720,4498,265484,4690,318198,4710,317082,4627,358194,4671,320096,4447,325912,4433,301505,4529,281100,4609,264494,4711,335817,4743,306075,4577,302392,4510,
2026-09-30,19:08:34.574,999,346673,4854,364139,4698,341336,4786,362771,4758,274658,4842,329459,4895,330351,4822,374842,4885,332380,4625,349591,4729,323241,4840,307324,5004,276492,4900,351305,4969,322020,4830,319669,4768,
2026-09-30,19:08:35.574,1000,367489,5156,390948,5051,360237,5134,389477,5173,299482,5211,367239,5437,355730,5193,416274,5430,370157,5143,378960,5207,355982,5427,330480,5359,307223,5405,369455,5203,353232,5267,346741,5169,
2026-09-30,19:08:36.574,999,326572,4592,347738,4491,317899,4474,340238,4470,254295,4489,303376,4507,313697,4585,347757,4540,314209,4374,321415,4366,316870,4753,279907,4592,270713,4801,324301,4582,307555,4602,305612,4572,
2026-09-30,19:08:37.574,999,334285,4699,359928,4651,328626,4642,353671,4641,274448,4804,330485,4922,331379,4878,359656,4686,326478,4545,340645,4640,320974,4826,300200,4869,276164,4888,348480,4941,313175,4707,315651,4698,
2026-09-30,19:08:38.575,1000,320779,4503,346438,4476,324737,4558,344344,4507,258326,4586,314729,4686,313943,4606,345604,4502,322057,4479,341294,4634,303610,4540,288927,4727,270134,4816,345611,4896,311655,4679,310591,4628,
2026-09-30,19:08:39.574,999,356064,4986,380325,4903,349982,4992,369960,4925,277908,4789,330566,4914,337884,4948,382881,4992,342272,4758,363267,4989,325191,4948,326242,5237,297483,5170,376462,5301,346248,5165,342352,5100,
2026-09-30,19:08:40.574,999,355244,4980,388322,5012,357407,5032,377877,4965,279711,4945,325473,4824,350576,5126,397873,5184,347609,4821,365339,4971,335190,5022,323147,5295,289945,5144,366951,5192,342149,5123,341300,5085,
2026-09-30,19:08:41.574,999,314357,4421,349097,4514,336283,4718,350663,4587,257320,4591,298494,4421,310771,4530,343143,4465,319118,4436,328034,4457,304409,4546,293615,4836,262472,4684,330650,4671,306841,4581,320810,4782,
2026-09-30,19:08:42.575,1000,361180,5065,386863,5005,364907,5127,381515,5006,286982,5093,328190,4888,333084,4875,377307,4911,332408,4624,352124,4784,324894,4860,317421,5203,287122,5119,364492,5171,326171,4899,343671,5125,
2026-09-30,19:08:43.574,999,332578,4672,364994,4717,341301,4800,360201,4719,255757,4488,320159,4751,318721,4661,364592,4756,315959,4401,326894,4451,309132,4636,293525,4827,282065,5018,341048,4824,311195,4655,322175,4805,
2026-09-30,19:08:44.574,999,337809,4751,364762,4716,334735,4712,352715,4641,252311,4437,314836,4665,307196,4488,359842,4702,322826,4491,335032,4564,304226,4578,301198,4924,262857,4663,332131,4691,324473,4851,323466,4831,
2026-09-30,19:08:45.575,1000,380422,5337,405842,5227,365311,5214,392822,5226,300211,5189,366188,5430,356963,5218,408831,5339,369256,5127,387338,5335,358552,5450,339716,5489,313350,5488,387993,5483,371969,5550,368273,5486,
2026-09-30,19:08:46.576,1000,332498,4677,360490,4661,331445,4665,348096,4581,256617,4533,317734,4702,311145,4544,344923,4505,319087,4441,326779,4466,300438,4524,293472,4823,269184,4765,342294,4834,319325,4771,308372,4610,
2026-09-30,19:08:47.575,999,333799,4692,357729,4627,334910,4726,362961,4769,274593,4810,323037,4816,317083,4648,355939,4633,325615,4534,338963,4624,318398,4797,309049,5041,267170,4711,350476,4970,329446,4948,331178,4939,
2026-09-30,19:08:48.575,999,342305,4819,376408,4879,348367,4912,378689,4963,279933,4940,328560,4868,338638,4934,375813,4893,329578,4593,330601,4508,310423,4688,322655,5286,264667,4693,361039,5105,332022,4959,331880,4958,
2026-09-30,19:08:49.575,999,339155,4768,354964,4593,338100,4743,355854,4647,264887,4700,327118,4856,319372,4675,367562,4786,327990,4563,330581,4495,313000,4696,311301,5135,258256,4589,346915,4909,319406,4777,319115,4763,
2026-09-30,19:08:50.576,1000,337628,4735,353039,4565,317196,4469,349097,4582,257387,4552,314433,4662,314292,4583,353598,4611,321980,4476,335527,4565,307603,4627,297077,4881,264930,4714,344329,4866,317458,4744,323829,4843,
2026-09-30,19:08:51.575,999,379785,5327,403747,5215,362529,5117,408015,5363,305159,5349,353808,5253,354381,5184,409754,5337,348556,4858,370469,5052,357417,5376,336041,5463,311364,5484,383141,5410,354415,5309,365306,5447,
2026-09-30,19:08:52.575,999,393504,5520,412270,5319,390668,5489,423644,5545,297823,5262,370271,5496,364021,5323,416544,5421,368362,5124,373534,5080,370411,5565,341440,5595,308387,5498,390147,5518,375252,5622,366498,5460,
2026-09-30,19:08:53.576,1000,331461,4653,354363,4582,324170,4541,357771,4673,257031,4573,306041,4531,314695,4593,349946,4557,311222,4323,335834,4560,301636,4517,289976,4786,269576,4830,327902,4633,311137,4654,315102,4704,
2026-09-30,19:08:54.577,1000,352222,4944,383192,4944,360349,5120,384190,5101,283248,4937,342563,5070,354236,5159,403090,5250,359999,4990,367637,5037,335745,5073,326926,5316,297730,5224,373332,5261,351709,5246,345948,5156,
2026-09-30,19:08:55.576,999,373023,5245,393202,5077,356519,5084,388049,5158,297114,5152,353249,5234,358847,5247,407240,5305,366168,5086,374696,5162,341047,5181,343358,5570,295744,5186,374463,5277,349858,5227,348011,5194,
2026-09-30,19:08:56.576,999,381578,5380,410512,5304,374741,5299,408275,5373,306589,5355,374324,5552,359625,5257,413920,5406,368537,5129,394063,5376,345934,5200,343227,5554,315987,5556,390927,5521,354491,5296,378314,5650,
2026-09-30,19:08:57.577,1000,325376,4583,328669,4252,307313,4309,348904,4560,253820,4461,298595,4447,304338,4463,359647,4685,295662,4118,331808,4495,290736,4343,289262,4741,265420,4722,324630,4612,300595,4512,316187,4709,
2026-09-30,19:08:58.576,999,320466,4497,325064,4201,299210,4213,332842,4368,248121,4378,290664,4304,302326,4410,340769,4440,302150,4198,328269,4465,293498,4415,280074,4580,253460,4496,302974,4275,297984,4452,293876,4386,
2026-09-30,19:08:59.576,999,325356,4568,360151,4653,307244,4316,346072,4551,257601,4541,313950,4655,304331,4433,351003,4573,309791,4306,315951,4313,297448,4481,280760,4610,264293,4689,336052,4745,312629,4670,322114,4804,
2026-09-30,19:09:00.577,1000,353909,4948,393568,5066,347354,4888,375905,4937,279716,4936,337233,5000,330718,4829,371710,4844,339606,4716,351908,4782,322813,4848,309673,5104,280147,4986,355082,5016,338620,5061,331685,4940,
2026-09-30,19:09:01.578,1000,338937,4758,389234,5029,344900,4841,374078,4900,272634,4825,333580,4954,322792,4727,365564,4771,334592,4647,364316,4936,318025,4774,304916,5031,267939,4769,347071,4912,328235,4915,329173,4901,
2026-09-30,19:09:02.577,999,361863,5082,399854,5162,369295,5174,399457,5224,293272,5138,350192,5222,348896,5117,383850,5005,350868,4879,379812,5134,345133,5170,331239,5415,289212,5126,379841,5385,355364,5335,346837,5171,
2026-09-30,19:09:03.577,999,325060,4560,365783,4727,319494,4512,357226,4697,258588,4544,323464,4790,320377,4672,363431,4742,338916,4714,342760,4687,306229,4621,304740,5001,272339,4829,331970,4682,325470,4851,323657,4832,
2026-09-30,19:09:04.578,1000,603604,8714,666739,8788,626633,8792,687176,8982,526149,8893,606036,8978,611780,8927,684388,9042,633421,9028,669312,9035,603515,8989,576474,9134,528972,9051,649614,9121,620754,9225,598071,9004,
2026-09-30,19:09:05.577,999,406345,5688,432323,5581,408562,5807,430711,5713,330052,5747,397136,5887,387452,5667,445211,5802,415684,5771,410615,5642,364899,5548,363721,5879,330974,5825,423163,5963,397232,5933,400315,5966,
2026-09-30,19:09:06.577,999,378237,5333,405421,5245,376774,5289,406911,5340,314429,5423,368824,5559,349163,5170,407039,5302,385025,5358,380211,5170,351183,5277,346321,5577,319320,5568,395930,5651,365523,5554,365840,5453,
2026-09-30,19:09:07.578,1000,394581,5550,434320,5614,378036,5342,421296,5549,331337,5707,378977,5655,372933,5484,425546,5551,387774,5395,400478,5464,363062,5474,354525,5694,329181,5726,400207,5686,356589,5396,372501,5560,
2026-09-30,19:09:08.578,999,350507,4930,390085,5048,353324,4950,374690,4902,281092,4977,348882,5192,338675,4953,372954,4854,345041,4803,362268,4916,338126,5069,312261,5123,293123,5228,370520,5241,327192,4908,336219,5029,
2026-09-30,19:09:09.577,999,377192,5286,408874,5279,383038,5434,408851,5416,295996,5169,357101,5271,362566,5279,391794,5092,371176,5161,389120,5343,341333,5189,346117,5628,307809,5406,391967,5514,348332,5177,354385,5265,
2026-09-30,19:09:10.578,1000,325779,4596,364130,4730,341053,4772,352569,4604,261298,4622,322472,4782,313696,4586,366569,4778,328343,4571,348326,4724,304766,4571,309576,5116,261147,4660,349747,4947,309943,4644,309046,4592,
2026-09-30,19:09:11.578,999,318098,4472,363042,4703,337405,4744,345564,4526,257491,4562,312681,4628,305295,4457,352765,4604,328706,4568,323862,4407,307395,4627,297822,4910,261422,4659,340042,4800,307731,4604,301297,4498,
2026-09-30,19:09:12.577,999,338308,4759,352123,4551,351145,4943,359839,4719,266568,4673,318555,4750,327788,4816,371580,4850,334677,4667,337191,4596,315544,4752,313851,5127,276432,4885,341009,4847,317666,4773,318713,4758,
2026-09-30,19:09:13.578,1000,337368,4749,366871,4746,353906,4961,380460,4972,277568,4850,343077,5091,338983,4960,382551,4986,342777,4768,347834,4737,319590,4775,311558,5080,284807,5039,352705,4986,320742,4816,325961,4847,
2026-09-30,19:09:14.579,1000,329157,4640,355125,4589,321759,4521,356571,4678,272192,4775,330513,4907,328487,4803,371024,4839,341055,4753,334471,4554,312751,4688,303579,4959,264448,4665,336267,4749,301218,4510,296259,4421,
2026-09-30,19:09:15.579,999,350029,4917,362656,4679,339255,4811,367371,4859,283611,4953,338528,5025,330210,4823,378801,4941,349621,4872,346256,4753,308984,4689,314125,5133,280850,4964,358991,5069,315072,4708,311654,4640,
2026-09-30,19:09:16.578,999,357654,5038,361295,4690,342865,4840,371735,4892,285354,4994,346527,5136,330502,4829,383057,4996,349232,4859,355679,4862,317377,4784,316853,5163,285208,5034,361297,5100,316437,4730,324006,4829,
2026-09-30,19:09:17.579,1000,366054,5154,384764,4974,347515,4873,394614,5158,284878,5025,347884,5192,338251,4961,391125,5102,357669,4979,363713,4929,347897,5208,322091,5263,287649,5130,364747,5189,337003,5075,340392,5076,
2026-09-30,19:09:18.579,999,365195,5134,389648,5043,360217,5056,393279,5139,282914,4967,357108,5297,346684,5060,390221,5085,365026,5091,375105,5096,348582,5229,328548,5377,294801,5227,368680,5214,338235,5060,344132,5127,
2026-09-30,19:09:19.578,999,361903,5093,379553,4908,357876,5062,392577,5156,288389,5074,342528,5072,351158,5127,383997,5006,355353,4953,345722,4731,336008,5057,321061,5246,293555,5206,374834,5286,341236,5102,333139,4966,
2026-09-30,19:09:20.579,1000,332871,4694,375828,4848,349038,4892,372520,4860,283195,5021,337240,5001,335385,4901,386423,5033,344239,4800,357891,4854,335920,5012,309900,5105,287289,5146,360626,5096,331579,4969,320651,4779,
2026-09-30,19:09:21.579,999,309664,4369,353535,4572,322037,4532,339345,4461,263447,4639,315316,4669,316848,4615,351863,4586,311448,4332,318543,4336,299348,4505,289144,4738,260628,4632,329066,4639,298953,4456,291079,4336,
2026-09-30,19:09:22.578,999,295885,4161,335346,4337,311488,4367,326193,4269,257569,4550,310033,4620,317181,4636,351506,4585,298587,4164,308575,4184,292763,4380,285186,4690,254305,4536,329702,4657,284742,4283,277758,4149,
2026-09-30,19:09:23.579,1000,298729,4207,316712,4101,303366,4266,314100,4134,255083,4498,297264,4403,302295,4416,329746,4300,299443,4178,304414,4141,284496,4273,277055,4548,248652,4433,321011,4530,287884,4308,283256,4230,
2026-09-30,19:09:24.579,999,393545,5524,438614,5657,391210,5573,412179,5469,330954,5718,382876,5683,386992,5661,429785,5592,393187,5459,397993,5452,379040,5735,362646,5834,339313,5943,400803,5650,387261,5785,390855,5813,
2026-09-30,19:09:25.578,999,373646,5263,403229,5230,371217,5282,386214,5119,302930,5268,365314,5413,343421,5023,387353,5052,367438,5113,382835,5247,346227,5236,326069,5303,303396,5370,365275,5165,367588,5491,352084,5243,
2026-09-30,19:09:26.579,1000,356832,5019,369844,4798,345527,4871,370509,4874,278795,4927,356716,5270,331996,4837,382167,4973,360356,5021,361793,4929,328440,4936,321322,5261,290217,5149,356988,5041,337665,5046,333340,4974,
2026-09-30,19:09:27.579,999,342993,4830,367377,4756,347016,4868,365507,4789,285106,5023,349196,5194,329628,4827,368659,4819,344284,4796,338341,4587,338850,5075,308304,5042,283114,5053,357039,5056,330970,4962,328318,4892,
2026-09-30,19:09:28.579,999,336029,4738,367108,4750,356614,4992,379349,4954,280305,4942,341273,5050,333637,4878,367985,4830,359814,5000,345682,4689,331724,4977,325488,5333,281915,5015,368387,5210,332149,4964,330116,4956,
2026-09-30,19:09:29.578,999,349357,4926,369991,4783,362174,5069,379174,4950,286142,5050,336071,4969,323422,4714,381985,4978,359053,5001,351776,4772,329073,4948,306125,5009,289950,5160,358666,5070,337129,5033,328644,4915,
2026-09-30,19:09:30.579,1000,327296,4599,341256,4410,341267,4774,348369,4563,260580,4595,306194,4544,302153,4424,357720,4682,328584,4559,335554,4545,313633,4703,286488,4691,266850,4762,335476,4739,320118,4787,314973,4714,
2026-09-30,19:09:31.579,999,321428,4550,335636,4354,327108,4579,352126,4601,248779,4349,308680,4586,313347,4586,352039,4618,321352,4481,325225,4398,309853,4629,297943,4876,259555,4614,334683,4719,307778,4602,306464,4603,
2026-09-30,19:09:32.579,999,362479,5105,373980,4837,357447,5011,377914,4936,279660,4890,342031,5104,339586,4985,386267,5055,344135,4793,348013,4711,342265,5120,328019,5328,287689,5082,364486,5170,330167,4967,338930,5076,
2026-09-30,19:09:33.579,1000,323849,4556,336347,4358,311186,4362,323862,4236,254382,4502,303056,4491,291316,4255,336632,4399,300270,4176,302191,4096,303425,4552,287436,4699,252830,4513,323289,4571,297162,4441,297622,4457,
2026-09-30,19:09:34.579,999,295790,4177,326406,4231,294295,4125,317452,4159,235705,4188,292899,4345,289145,4215,323771,4219,299761,4181,295617,4006,294629,4408,269508,4435,250372,4481,312798,4419,289465,4326,296091,4417,
2026-09-30,19:09:35.579,999,381316,5354,419662,5418,384600,5456,410460,5430,314792,5444,368492,5437,374216,5455,412466,5422,387262,5395,389182,5330,364036,5510,349672,5637,321831,5619,393208,5540,363352,5425,376938,5655,
2026-09-30,19:09:36.578,999,346341,4882,375284,4850,355664,4984,375024,4912,283908,5027,342627,5070,321143,4680,356276,4654,336741,4687,344787,4681,316061,4740,308596,5053,274275,4874,345707,4880,330097,4938,336250,5031,
2026-09-30,19:09:37.579,1000,352977,4976,400760,5180,357203,5001,380179,4981,287793,5037,339995,5071,329051,4838,371120,4866,346873,4828,358830,4864,321636,4812,315139,5147,288349,5088,362734,5140,343530,5164,335566,5038,
2026-09-30,19:09:38.579,999,335902,4721,365873,4720,341909,4807,357132,4687,275587,4864,315955,4709,318910,4678,346334,4525,334366,4654,335954,4567,309732,4648,295948,4844,269757,4798,337602,4787,330031,4958,324139,4838,
2026-09-30,19:09:39.579,999,355651,5005,388084,5008,350055,4943,376597,4983,293730,5094,339064,5016,338059,4923,362831,4768,348966,4846,351958,4803,320613,4847,309967,5016,287407,5049,363305,5115,344027,5126,331607,4979,
2026-09-30,19:09:40.579,999,320136,4511,361197,4678,333369,4684,344568,4510,260616,4559,308348,4579,303951,4449,340167,4460,329930,4583,324928,4390,307713,4602,281837,4609,272543,4833,343725,4861,312719,4681,311229,4668,
2026-09-30,19:09:41.579,1000,344875,4855,367299,4758,336464,4716,364942,4773,268732,4703,322988,4784,328198,4788,359443,4703,344882,4793,341748,4625,315520,4735,303454,4936,281491,4982,356689,5027,336331,5026,325153,4870,
2026-09-30,19:09:42.579,999,339869,4774,374698,4846,341147,4785,359704,4710,274817,4820,314360,4690,325860,4792,354260,4635,338283,4693,322959,4364,314951,4707,295177,4815,272604,4819,345367,4898,309917,4660,319190,4781,
2026-09-30,19:09:43.579,999,356595,5010,370709,4799,351571,4954,382337,5025,289776,5110,334246,4968,321878,4715,372734,4857,348605,4848,330360,4498,321647,4847,313696,5132,277678,4925,344992,4881,328073,4921,340205,5079,
2026-09-30,19:09:44.579,999,359252,5050,390300,5037,360123,5044,372144,4872,286889,5114,345003,5111,337884,4940,379141,4937,360317,4993,356386,4825,333263,4987,308897,5100,281472,5035,359377,5086,336698,5046,355481,5302,
2026-09-30,19:09:45.579,1000,358599,5046,400047,5164,353789,5030,388707,5135,297226,5192,344527,5105,356434,5194,380159,4952,356443,4952,360919,4947,333090,5051,311286,5049,296549,5221,357786,5050,340393,5083,349013,5205,
2026-09-30,19:09:46.579,999,346646,4882,381641,4928,352798,4953,377112,4933,285900,5017,340540,5054,332098,4848,386141,5033,344457,4803,362291,4924,333420,5005,309006,5032,293848,5198,352669,4988,327736,4903,333497,4970,
2026-09-30,19:09:47.579,999,364569,5128,378524,4893,348592,4929,380422,5006,289158,5072,336368,5013,331690,4861,393768,5123,342056,4742,356481,4862,320666,4823,308737,5018,295147,5215,354464,5025,332805,4994,340961,5086,
2026-09-30,19:09:48.579,999,306191,4321,327166,4242,306215,4291,332875,4348,248808,4403,300003,4449,294495,4299,346838,4523,310962,4325,317220,4298,286851,4286,274958,4526,258333,4618,322847,4560,283976,4246,297457,4453,
2026-09-30,19:09:49.579,1000,310779,4393,327853,4245,298016,4173,331570,4330,251172,4421,294437,4369,296539,4332,325585,4261,303208,4226,308085,4167,297540,4452,273002,4474,254876,4508,319127,4502,288541,4315,301672,4521,
2026-09-30,19:09:50.579,999,306012,4324,323724,4185,302548,4240,319687,4185,241965,4281,287927,4278,286336,4180,326212,4256,296274,4110,305154,4130,297513,4443,269965,4443,257731,4596,318027,4497,288875,4319,298463,4458,
2026-09-30,19:09:51.579,999,322084,4545,338866,4377,313848,4404,331607,4338,254414,4503,301236,4458,293217,4275,337682,4427,315782,4374,324917,4400,300284,4485,280193,4596,270523,4813,335960,4741,305398,4565,300682,4513,
2026-09-30,19:09:52.579,999,349172,4927,400371,5170,350710,4931,389411,5096,290061,5070,341989,5109,344980,5067,402164,5259,353002,4922,375951,5088,348914,5211,323428,5238,305975,5394,367833,5215,349176,5244,357058,5346,
2026-09-30,19:09:53.579,1000,311186,4385,356528,4598,324862,4542,329767,4297,248837,4446,313170,4638,307605,4486,352213,4589,297571,4141,326808,4431,305638,4569,281396,4643,255542,4602,327556,4622,311780,4655,322930,4822,
2026-09-30,19:09:54.579,999,348740,4904,390194,5032,357240,5056,366925,4836,277296,4841,344285,5094,348192,5078,384545,5022,350367,4879,358151,4891,337037,5082,318615,5186,295001,5236,370522,5219,344923,5146,349455,5202,
2026-09-30,19:09:55.579,999,346582,4886,389366,5048,350435,4970,366186,4835,275652,4835,347016,5151,347841,5086,373053,4866,350569,4877,365178,5003,334429,5060,321254,5249,292693,5221,362076,5113,341803,5107,350846,5217,
2026-09-30,19:09:56.579,999,325735,4607,382644,4970,341012,4779,355751,4656,273605,4832,340968,5058,335940,4909,368618,4823,344635,4810,355755,4824,316825,4745,306052,5000,286775,5085,342318,4841,328234,4901,325987,4879,
2026-09-30,19:09:57.579,1000,351073,4951,392044,5071,357908,5027,374775,4923,286146,4977,353933,5269,356400,5226,402642,5262,351248,4899,377952,5135,335248,5011,318497,5160,291115,5110,362326,5127,341944,5123,346367,5173,
2026-09-30,19:09:58.579,999,329508,4644,370146,4802,337099,4751,349949,4593,271092,4776,334836,4956,329886,4810,369245,4820,347646,4841,348533,4755,331951,4986,313489,5133,270718,4808,346051,4879,321655,4803,322828,4825,
2026-09-30,19:09:59.579,999,301824,4252,341247,4427,307775,4317,330694,4322,253825,4501,304365,4508,305083,4463,347703,4515,311889,4342,324723,4409,302363,4527,286783,4729,246049,4419,321249,4541,299140,4472,297769,4431,
2026-09-30,19:10:00.580,1000,323276,4569,352330,4565,312597,4376,347853,4547,260685,4617,317544,4713,312392,4566,352106,4575,316051,4415,330165,4490,312344,4687,289400,4731,260039,4633,344786,4876,306525,4587,309791,4607,
2026-09-30,19:10:01.579,999,321880,4538,360802,4679,329601,4653,344317,4516,266974,4720,318252,4719,313130,4587,368955,4801,316439,4408,338346,4611,321847,4845,296580,4849,266617,4725,341843,4831,314759,4710,313679,4675,
2026-09-30,19:10:02.579,999,323707,4551,360759,4670,339495,4768,356385,4647,268887,4767,321243,4787,306496,4499,364899,4746,310279,4322,344764,4672,315172,4717,293448,4794,269797,4816,343108,4873,312936,4698,326337,4851,
2026-09-30,19:10:03.579,999,390766,5503,426300,5517,390862,5527,423028,5562,327908,5760,388110,5742,373642,5447,438540,5712,405416,5637,398798,5453,387118,5828,359587,5840,317164,5607,393128,5550,380471,5674,383007,5704,
2026-09-30,19:10:04.580,1000,347157,4893,363872,4724,350618,4911,356574,4652,274474,4869,325045,4822,309933,4537,371317,4833,332876,4648,335145,4559,338123,5054,308889,5081,277217,4956,361925,5120,337357,5068,335180,5002,
2026-09-30,19:10:05.580,999,383441,5395,412990,5353,372983,5335,399600,5323,309266,5378,353946,5234,369856,5406,411433,5348,364835,5082,375365,5173,363895,5521,348864,5672,311062,5497,392910,5541,378698,5658,365373,5436,
2026-09-30,19:10:06.579,999,338659,4788,368017,4778,333032,4671,363933,4777,264426,4681,327663,4848,326740,4776,356461,4636,324918,4548,340070,4603,326044,4887,301972,4964,276308,4938,345241,4876,323515,4843,313856,4669,
2026-09-30,19:10:07.579,999,333420,4702,359948,4663,312019,4388,355783,4685,255029,4451,316266,4692,323976,4731,352613,4590,317990,4439,329222,4486,307271,4620,295355,4830,255509,4542,323036,4579,302863,4539,306613,4571,
2026-09-30,19:10:08.580,1000,387114,5445,421819,5462,381324,5360,411761,5407,309377,5389,379983,5653,380008,5560,427969,5577,376907,5254,390764,5321,355300,5354,354352,5757,305589,5381,382391,5423,358120,5366,371273,5532,
2026-09-30,19:10:09.580,999,378593,5312,398464,5158,359704,5110,398842,5285,298875,5225,365582,5400,355358,5179,399129,5189,363771,5061,368196,5053,344991,5236,329800,5353,302303,5329,373666,5270,351626,5229,353264,5250,
2026-09-30,19:10:10.579,999,325607,4594,355231,4607,321328,4510,336977,4407,257506,4574,316384,4684,309419,4518,350144,4561,318371,4442,313755,4264,296305,4429,270842,4465,250356,4473,317496,4499,298869,4476,319049,4751,
2026-09-30,19:10:11.579,999,322887,4551,352660,4572,332271,4689,353002,4648,266138,4693,341126,5057,322104,4696,366573,4776,329398,4592,328409,4485,319086,4794,285511,4690,265754,4708,335989,4755,322264,4819,329616,4911,
2026-09-30,19:10:12.580,1000,382277,5388,409040,5300,382569,5370,409786,5356,313047,5464,378476,5646,367516,5398,414969,5442,374511,5224,388406,5261,360796,5399,335253,5471,307458,5419,392904,5584,365586,5492,374061,5607,
2026-09-30,19:10:13.580,999,351084,4951,377786,4891,350771,4925,352604,4623,283762,5014,335891,4972,341141,4968,380105,4959,322996,4502,343326,4661,323036,4843,291102,4783,283111,5035,364668,5144,335580,5009,343426,5120,
2026-09-30,19:10:14.579,999,351026,4943,382216,4950,359026,5032,364488,4774,292785,5148,345355,5119,343953,5021,388866,5072,341018,4752,352811,4784,335575,5012,312204,5111,292491,5209,377946,5343,344271,5157,348771,5189,
2026-09-30,19:10:15.579,999,355013,4995,364003,4718,357639,5059,374398,4936,290060,5085,347126,5141,345936,5046,396183,5178,342942,4785,361782,4945,329768,4970,311863,5079,287006,5076,360688,5082,341386,5094,337138,5039,
2026-09-30,19:10:16.580,1000,345964,4880,378157,4898,350969,4922,362300,4732,289837,5094,339164,5025,334627,4882,380253,4981,343221,4801,343984,4667,331316,4965,315729,5161,281711,5011,364471,5144,345367,5161,341702,5110,
2026-09-30,19:10:17.580,999,314018,4417,340747,4416,302604,4241,336538,4402,266319,4679,309419,4616,313984,4605,362429,4727,310803,4338,324416,4396,298255,4453,280664,4606,261573,4663,342148,4847,306522,4609,311983,4647,
2026-09-30,19:10:18.579,999,313920,4433,336630,4367,316631,4430,344830,4512,255157,4470,311882,4628,312634,4575,373308,4889,329545,4610,330966,4483,316333,4728,290699,4742,269245,4799,339735,4801,310168,4657,311512,4666,
2026-09-30,19:10:19.579,999,324830,4589,349651,4543,333391,4677,359534,4707,271728,4734,334161,4960,329251,4803,375179,4907,328834,4601,342997,4651,325027,4859,313266,5118,265885,4702,348608,4919,321183,4795,329368,4922,
2026-09-30,19:10:20.580,1000,333387,4700,381902,4952,358323,5017,385356,5028,278890,4956,348987,5162,341837,4983,384134,5011,351143,4874,358974,4878,351631,5246,328359,5404,292392,5231,382706,5405,340512,5088,348152,5204,
2026-09-30,19:10:21.580,999,308014,4337,343881,4460,317434,4446,349066,4553,244955,4347,304502,4514,306327,4479,347830,4534,305876,4275,329646,4457,299575,4476,280905,4651,258872,4651,330870,4672,302506,4517,318966,4759,
2026-09-30,19:10:22.579,999,336805,4737,366392,4738,333661,4663,351465,4597,263798,4644,322772,4803,316068,4629,365384,4778,336062,4687,352749,4769,318870,4763,298665,4895,273537,4876,346870,4906,336486,5038,325609,4866,
2026-09-30,19:10:23.579,999,321110,4523,355252,4595,327439,4577,335546,4378,249814,4406,317071,4690,326346,4759,365949,4804,323358,4512,333479,4507,306472,4580,285464,4669,271221,4832,338559,4766,324644,4838,316302,4746,
2026-09-30,19:10:24.580,1000,339504,4773,375965,4852,345797,4895,370439,4880,274919,4765,334415,4958,343376,5014,391177,5117,349311,4870,348034,4758,326979,4950,317910,5161,279226,4895,358388,5062,350061,5224,338864,5053,
2026-09-30,19:10:25.580,999,374958,5279,392402,5074,377676,5339,384941,5082,304221,5272,358008,5325,367316,5373,418326,5454,386737,5387,375601,5133,356163,5388,346201,5602,299052,5271,390328,5516,358403,5358,362795,5404,
2026-09-30,19:10:26.580,999,330558,4664,350985,4560,338621,4729,350770,4587,261462,4628,317406,4708,329458,4812,373228,4878,334777,4673,342147,4641,314867,4713,301965,4953,262710,4679,335544,4747,325373,4871,325678,4867,
2026-09-30,19:10:27.579,999,307735,4356,329171,4282,304653,4268,316440,4130,241249,4270,308444,4598,299892,4393,339261,4425,301262,4220,323923,4389,295437,4425,267257,4381,257396,4592,306167,4346,291919,4381,305725,4554,
2026-09-30,19:10:28.580,1000,335086,4725,361172,4691,334592,4689,361210,4719,265817,4690,326593,4841,324583,4734,360736,4729,333804,4655,348204,4730,317706,4756,300568,4909,266844,4741,335292,4730,330860,4934,338378,5061,
2026-09-30,19:10:29.580,999,328901,4628,352574,4571,333713,4684,366416,4790,261805,4664,318409,4723,321435,4689,358348,4670,329007,4596,330933,4506,312711,4696,291645,4792,267118,4762,334141,4723,323475,4843,334849,4998,
2026-09-30,19:10:30.579,999,342514,4820,374729,4861,340716,4775,367481,4794,281505,4985,330894,4919,330654,4835,381556,4976,334984,4658,348797,4721,330595,4950,313455,5152,269023,4779,336506,4769,340521,5109,341471,5104,
2026-09-30,19:10:31.579,999,336451,4733,366979,4766,334972,4697,364332,4769,276803,4898,311452,4612,324361,4736,366878,4785,325509,4534,351947,4771,320291,4788,301542,4942,263295,4706,342518,4839,322264,4814,339280,5065,
2026-09-30,19:10:32.580,1000,349144,4921,370925,4811,345383,4841,362978,4744,273658,4796,327142,4871,318742,4684,372088,4870,342458,4760,363060,4913,337336,5044,309147,5056,268717,4772,335209,4757,319800,4803,348126,5206,
2026-09-30,19:10:33.580,999,316736,4461,352854,4588,331445,4637,333795,4364,247208,4398,300020,4437,302373,4413,353729,4619,323551,4498,329809,4464,307843,4610,286835,4729,257581,4595,322517,4562,303389,4524,321118,4806,
2026-09-30,19:10:34.579,999,336752,4760,364314,4749,343276,4819,359678,4722,271084,4779,330296,4885,325708,4753,365017,4773,326965,4566,342376,4645,313670,4703,316604,5200,269971,4787,338512,4785,312147,4670,336349,5037,
2026-09-30,19:10:35.579,999,362039,5104,404467,5261,369148,5240,401063,5314,304233,5327,345959,5131,349345,5091,416419,5419,347538,4849,367640,5041,343824,5211,344156,5591,290727,5116,389110,5491,338606,5060,353272,5257,
2026-09-30,19:10:36.580,1000,381486,5379,418289,5434,384134,5415,410062,5382,320848,5614,368270,5471,376234,5503,442081,5752,380580,5309,383179,5221,376874,5661,362389,5901,326324,5737,396927,5605,368936,5528,375307,5587,
2026-09-30,19:10:37.580,999,315850,4462,340212,4418,318295,4459,336547,4394,263516,4664,302798,4514,309640,4543,355066,4617,291640,4075,310055,4209,307385,4592,293031,4818,257175,4585,335023,4747,308891,4630,311941,4641,
2026-09-30,19:10:38.580,999,332000,4683,356444,4625,335152,4691,344867,4509,252937,4451,302111,4500,313519,4600,346452,4534,304955,4255,311549,4219,308855,4608,291131,4748,264890,4703,339666,4809,319244,4788,316725,4744,
2026-09-30,19:10:39.579,999,364925,5126,384419,4968,363432,5141,382747,5041,282333,4919,347985,5148,338431,4932,382040,4995,341395,4742,354397,4844,333622,5033,320824,5221,280136,4945,367542,5175,339212,5055,356186,5294,
2026-09-30,19:10:40.580,1000,346927,4889,385346,4999,345014,4832,365912,4780,269696,4775,327230,4854,319059,4663,359494,4692,342191,4772,344912,4679,330890,4944,308788,5073,272631,4879,364644,5158,327777,4903,337489,5037,
2026-09-30,19:10:41.580,999,304555,4302,351129,4555,326046,4558,346405,4521,254148,4500,303965,4491,312859,4558,334126,4371,303133,4226,322288,4363,295482,4411,279319,4584,256279,4569,332464,4685,300472,4478,312327,4673,
2026-09-30,19:10:42.580,999,343704,4847,395916,5132,353290,4955,380921,4972,278705,4862,323320,4828,338220,4972,386441,5031,335082,4690,361681,4902,330048,4939,313446,5099,283061,4989,358148,5085,330387,4971,346260,5161,
2026-09-30,19:10:43.579,999,326815,4600,353464,4580,323209,4520,341655,4449,251863,4428,309036,4578,320705,4674,352563,4620,312505,4376,321769,4367,296063,4428,289069,4737,254493,4512,328081,4622,304451,4544,315614,4728,
2026-09-30,19:10:44.580,1000,341301,4823,370897,4807,332175,4666,341243,4471,267036,4719,311528,4619,330042,4827,369645,4820,331179,4622,335206,4558,315072,4731,304859,4994,263837,4667,342360,4842,315102,4718,321869,4803,
2026-09-30,19:10:45.580,999,343791,4844,386212,5010,355968,5032,369281,4866,283627,4958,340915,5047,330493,4815,389182,5080,347229,4843,358444,4904,334349,5046,313794,5129,282477,5009,360169,5082,328393,4897,344201,5132,
2026-09-30,19:10:46.580,999,301438,4258,336426,4353,322739,4528,325836,4262,244143,4321,296737,4401,307929,4492,335766,4369,307393,4291,321609,4365,287339,4312,283011,4644,249800,4451,327313,4630,296444,4431,313895,4683,
2026-09-30,19:10:47.580,999,353679,4983,394634,5120,367706,5162,360835,4731,289880,5041,334629,4981,360343,5278,388829,5088,353136,4939,365605,4957,345459,5163,328834,5327,291052,5096,364910,5167,342949,5118,351502,5255,
2026-09-30,19:10:48.580,1000,349167,4932,377846,4895,358368,5022,364005,4761,270013,4774,323140,4809,329164,4820,377427,4924,334964,4669,354184,4799,330922,4951,313694,5146,270697,4804,354021,5018,332066,4988,335452,5014,
2026-09-30,19:10:49.580,999,336280,4727,370674,4802,347354,4870,366090,4791,275121,4867,323219,4784,318448,4650,374347,4897,323474,4503,343588,4655,309521,4636,307664,5061,271492,4834,352028,4969,321231,4796,333167,4995,
2026-09-30,19:10:50.580,999,305043,4311,362608,4713,325853,4569,331017,4319,254638,4520,308527,4571,295911,4326,345967,4515,297747,4161,316772,4290,293738,4401,293535,4848,241233,4312,345334,4880,299936,4488,311407,4658,
2026-09-30,19:10:51.580,999,305756,4326,338531,4401,305661,4274,328044,4287,258192,4553,304401,4504,298790,4356,344281,4497,307079,4296,314207,4249,286097,4278,281866,4637,250210,4449,336016,4748,297476,4444,299982,4489,
2026-09-30,19:10:52.580,1000,315549,4444,348713,4522,319440,4475,323788,4238,251793,4449,313039,4672,311590,4584,342075,4466,304962,4253,316532,4292,303470,4548,291780,4798,258926,4602,331938,4719,307710,4626,311184,4649,
2026-09-30,19:10:53.580,999,323725,4576,360700,4677,330091,4628,345349,4518,263966,4619,326576,4846,335464,4900,347645,4546,321842,4502,338329,4587,317846,4756,309222,5040,265588,4678,330912,4679,323201,4835,317439,4757,
2026-09-30,19:10:54.580,999,322071,4540,354868,4593,316073,4475,344622,4562,275364,4772,318027,4716,318123,4646,354239,4634,323316,4511,330398,4513,312951,4720,301551,4912,263006,4611,332532,4700,313877,4694,318625,4756,
2026-09-30,19:10:55.580,999,335687,4718,372325,4821,326459,4613,354310,4697,268193,4678,324796,4822,322078,4709,358653,4694,335576,4678,352575,4827,322886,4879,315239,5169,269550,4747,354803,5012,324244,4858,330238,4934,
2026-09-30,19:10:56.580,1000,421999,5939,455590,5881,413083,5852,446848,5902,331398,5774,397093,5879,419153,6116,470267,6156,416198,5791,438029,5983,406923,6136,388449,6279,344066,6048,436610,6168,401396,6000,396308,5926,
2026-09-30,19:10:57.580,999,380634,5370,400883,5196,376988,5272,402855,5257,303167,5323,339831,5055,357818,5231,400182,5242,372482,5187,384106,5201,359121,5369,342913,5604,293415,5204,389372,5517,345707,5195,343931,5141,
2026-09-30,19:10:58.580,999,368489,5191,375954,4875,355240,4974,377859,4941,286849,5049,332005,4933,344048,5030,375729,4901,355410,4960,358104,4855,343894,5152,316546,5168,284131,5039,381808,5401,330524,4956,342048,5095,
2026-09-30,19:10:59.580,999,362472,5107,365374,4737,339441,4752,369273,4821,270372,4737,323358,4785,337373,4923,383525,5037,325324,4551,340130,4607,329696,4926,312307,5132,279395,4972,366030,5156,326473,4876,331973,4989,
2026-09-30,19:11:00.580,1000,336408,4758,355845,4614,328698,4611,353475,4623,263985,4649,317316,4718,325464,4755,375575,4896,313899,4388,334629,4539,308352,4618,302627,4958,269874,4802,348232,4924,311103,4661,319615,4767,
2026-09-30,19:11:01.580,999,320425,4524,335485,4351,314870,4400,354891,4623,249744,4401,303414,4494,317105,4633,369037,4828,316177,4421,321706,4359,307539,4593,300660,4952,257600,4580,342683,4839,301483,4507,318537,4768,
2026-09-30,19:11:02.580,999,332987,4689,349174,4519,330892,4614,358928,4677,254207,4489,312160,4660,320880,4703,365283,4756,325643,4542,330897,4500,311757,4664,302360,4995,261617,4670,336549,4779,303024,4558,308895,4598,
2026-09-30,19:11:03.580,999,344553,4854,356649,4623,320492,4483,355495,4641,263487,4621,323768,4803,324658,4747,361105,4741,321135,4471,328072,4447,322734,4825,311105,5094,260618,4624,355375,5022,327338,4906,323338,4841,
2026-09-30,19:11:04.580,1000,352010,4959,378135,4902,346048,4849,368031,4797,274631,4801,332273,4939,338450,4951,388823,5074,345708,4826,349066,4741,331561,4959,315932,5136,292703,5165,374409,5305,333900,5003,334294,4988,
2026-09-30,19:11:05.580,999,395063,5543,418198,5403,385347,5460,400204,5292,304629,5311,363536,5385,368532,5383,423879,5540,380790,5293,394606,5418,362603,5490,339582,5531,315190,5564,398201,5623,364999,5452,351393,5235,
2026-09-30,19:11:06.580,999,326663,4597,361451,4677,328027,4595,355153,4641,264478,4703,314363,4666,317131,4647,359069,4665,321826,4485,332671,4511,304319,4556,304369,5041,272065,4876,349082,4951,316889,4758,316727,4704,
2026-09-30,19:11:07.580,999,346094,4889,371213,4812,336808,4726,356133,4665,283205,5002,330241,4914,332720,4872,373380,4854,331729,4618,344583,4689,327766,4936,309434,5103,276541,4928,355997,5045,313092,4699,340714,5057,
2026-09-30,19:11:08.580,1000,339668,4788,384015,4969,342118,4801,369353,4817,277471,4899,329346,4898,327426,4798,376815,4931,343702,4789,346703,4708,327893,4909,310982,5080,277242,4911,368589,5215,321042,4810,333166,4979,
2026-09-30,19:11:09.580,999,360436,5065,383545,4947,355000,5034,379910,5018,294061,5085,338900,5018,347600,5069,381255,4971,354828,4949,375528,5128,341148,5176,337786,5487,290927,5083,381911,5377,348679,5201,343958,5103,
2026-09-30,19:11:10.580,999,323484,4560,349313,4526,314806,4408,343774,4477,252497,4453,308540,4574,317089,4642,352776,4606,313153,4380,346532,4694,299121,4477,296283,4870,254317,4504,335947,4745,305418,4564,320978,4784,
2026-09-30,19:11:11.581,1000,295807,4170,313925,4061,292411,4099,311506,4068,247290,4387,283098,4194,285358,4172,333691,4346,285077,3991,304179,4124,287826,4306,280114,4610,233493,4153,312918,4430,278834,4172,300975,4472,
2026-09-30,19:11:12.580,999,324885,4594,370016,4791,332414,4682,356006,4656,272046,4763,317917,4751,310180,4572,380292,4949,334408,4660,333983,4544,327821,4911,317321,5172,265387,4664,355563,5060,312201,4719,334672,4979,
2026-09-30,19:11:13.580,999,285508,4031,338300,4375,303861,4260,311452,4076,248759,4392,292931,4343,301619,4405,354130,4608,296750,4140,300098,4082,292174,4376,282511,4662,243352,4323,319645,4513,281162,4205,297753,4435,
2026-09-30,19:11:14.580,999,305043,4301,342785,4435,312178,4387,335729,4400,261297,4627,298593,4422,305168,4456,360473,4690,307645,4284,317138,4314,302892,4545,288996,4742,264899,4732,324087,4573,300923,4503,301295,4486,
2026-09-30,19:11:15.581,1000,401987,5659,440575,5704,405555,5743,437738,5784,343814,5974,382390,5660,405748,5921,451872,5886,391340,5452,404594,5550,379505,5752,375552,6097,330262,5816,424214,5977,401986,5997,409016,6087,
2026-09-30,19:11:16.580,999,374697,5274,411038,5320,366283,5152,405467,5316,320151,5643,359325,5334,363938,5318,414149,5391,372785,5176,379638,5164,359355,5411,350979,5747,305838,5453,385380,5449,365236,5478,362031,5388,
2026-09-30,19:11:17.580,999,352899,4971,388054,5029,351462,4933,368452,4830,282230,4971,322072,4811,327443,4811,378151,4925,342320,4777,349471,4749,327622,4908,316634,5181,285481,5067,353813,5028,322109,4859,339299,5047,
2026-09-30,19:11:18.580,999,311679,4401,350098,4552,326797,4596,345173,4523,258069,4516,308077,4575,306638,4480,357756,4664,319442,4455,343843,4679,319758,4806,296797,4849,272046,4847,328158,4640,310282,4651,317492,4724,
2026-09-30,19:11:19.581,1000,316069,4465,358838,4662,332876,4689,356176,4673,270892,4729,310653,4612,322119,4710,367971,4796,333818,4669,352157,4799,328144,4940,306239,4987,278662,4951,334631,4731,316461,4743,313373,4674,
2026-09-30,19:11:20.580,999,467398,6514,523426,6704,472653,6635,500521,6545,412023,6754,428868,6719,442767,6801,524398,6850,486523,6735,502755,6777,455175,6766,456429,7046,416811,6973,459153,6775,431823,6871,460547,6827,
2026-09-30,19:11:21.580,999,583755,8189,627902,8094,564672,7975,618579,8133,470085,7990,542292,8201,544386,8080,624373,8187,588108,8178,620300,8440,549995,8261,533484,8471,481195,8299,585389,8368,548289,8343,543179,8124,
2026-09-30,19:11:22.580,999,375772,5286,394984,5111,359017,5021,376988,4918,303484,5329,350633,5220,362770,5319,398517,5220,362528,5045,383148,5190,353050,5272,333478,5423,287058,5092,380828,5399,338275,5077,336194,5014,
2026-09-30,19:11:23.581,1000,345270,4877,349011,4534,333090,4660,351838,4582,279998,4945,310877,4612,332015,4865,369029,4831,323981,4533,350564,4754,324257,4832,303370,4956,259129,4605,342923,4843,315899,4730,308871,4631,
2026-09-30,19:11:24.581,999,371101,5208,401558,5194,377396,5339,394565,5211,308259,5380,357099,5292,362714,5307,412202,5379,360385,5023,388771,5309,354008,5339,347198,5626,302118,5311,386928,5456,352414,5265,357769,5321,
2026-09-30,19:11:25.580,999,369787,5200,397324,5135,382963,5418,394781,5202,310226,5405,358219,5299,369383,5408,433728,5682,391514,5446,397444,5444,375384,5664,349522,5687,299082,5281,380493,5370,344641,5153,363509,5435,
2026-09-30,19:11:26.580,999,371679,5247,388370,5031,380283,5349,401364,5252,308617,5388,345191,5116,371638,5428,422347,5510,375183,5224,391429,5328,357289,5371,333982,5433,299864,5287,376508,5327,339632,5081,348852,5191,
2026-09-30,19:11:27.581,1000,347784,4895,356719,4620,331807,4681,350031,4605,276610,4844,319370,4744,339817,4973,392710,5113,326297,4561,355559,4862,326843,4932,304888,4960,271722,4805,341155,4834,325179,4881,330935,4921,
2026-09-30,19:11:28.581,999,324303,4564,337523,4380,324994,4557,333113,4348,262757,4629,312427,4635,320606,4678,367096,4775,318120,4438,332063,4519,312742,4701,294186,4835,258131,4601,316118,4487,301595,4522,314329,4675,
2026-09-30,19:11:29.580,999,317347,4493,332360,4322,294300,4140,324131,4245,259117,4576,315436,4679,310486,4535,352590,4589,302468,4220,309248,4214,292250,4389,278665,4577,246072,4376,303610,4300,291965,4359,296396,4413,
2026-09-30,19:11:30.580,999,329944,4653,349803,4524,310826,4387,346217,4557,259120,4523,321021,4758,313564,4584,370081,4823,314758,4388,318479,4347,304254,4571,293764,4803,267346,4715,337353,4773,311492,4661,318580,4758,
2026-09-30,19:11:31.581,1000,344663,4858,350245,4531,321050,4516,346977,4552,263827,4664,311595,4614,319885,4666,376693,4908,322475,4487,326235,4460,309063,4641,290103,4760,267724,4745,343504,4853,308928,4616,311783,4655,
2026-09-30,19:11:32.581,999,382335,5363,405099,5227,376349,5268,400077,5229,302633,5281,355331,5309,366734,5394,419431,5481,371225,5163,384839,5228,349608,5240,335128,5432,308458,5420,375031,5325,345066,5194,349476,5217,
2026-09-30,19:11:33.580,999,335793,4716,353061,4562,334490,4680,354481,4621,277643,4918,333204,4935,324938,4743,368269,4831,340474,4720,341681,4617,324405,4842,295787,4866,273397,4890,335284,4731,318677,4766,318844,4770,
2026-09-30,19:11:34.580,999,328032,4609,359762,4655,321762,4497,343777,4479,261742,4669,325212,4825,325119,4745,352568,4598,321542,4477,332581,4498,323670,4836,287308,4757,255117,4555,336767,4760,307685,4597,297683,4451,
2026-09-30,19:11:35.581,1000,359050,5038,383755,4956,331339,4692,366282,4832,287311,5007,349684,5175,339112,4957,392207,5133,351593,4898,368864,5041,334966,5051,322222,5256,282070,4977,365087,5154,322538,4822,334005,4995,
2026-09-30,19:11:36.581,999,346278,4879,357564,4624,332488,4656,372330,4867,277323,4856,325719,4832,329888,4827,383607,5027,345585,4823,357041,4844,323773,4840,318958,5208,279748,4950,361441,5098,332149,4959,325798,4894,
2026-09-30,19:11:37.580,999,353890,4960,356347,4604,336015,4739,353423,4650,280336,4867,326657,4883,335997,4939,389803,5080,350798,4878,361680,4925,323954,4868,317497,5135,280537,4917,349534,4957,323631,4860,330733,4928,
2026-09-30,19:11:38.580,999,356232,5005,385426,4964,359664,5045,375611,4921,289199,5053,325797,4888,340861,5045,401338,5223,352478,4905,356880,4852,330103,4961,323618,5240,297668,5248,371740,5290,340519,5160,351765,5233,
2026-09-30,19:11:39.581,1000,355171,4979,359753,4637,336053,4760,360842,4759,269528,4683,316630,4691,325943,4767,376690,4924,344645,4783,334660,4578,307732,4648,305397,4947,296358,5220,361331,5096,326681,4865,343781,5145,
2026-09-30,19:11:40.581,999,344600,4833,354595,4584,326100,4571,349538,4564,254059,4480,300142,4457,312012,4564,353583,4630,322395,4488,326093,4421,311842,4664,287942,4712,267834,4760,338169,4792,311971,4678,321723,4815,
2026-09-30,19:11:41.580,999,325473,4573,348499,4497,323844,4529,343181,4478,243553,4293,299449,4434,315891,4606,339229,4436,314878,4396,318335,4295,306271,4587,284988,4666,269003,4799,335260,4736,308361,4612,314012,4693,
2026-09-30,19:11:42.580,999,357514,5015,382295,4933,366253,5124,382953,5007,268629,4745,317194,4720,336622,4933,376654,4936,346545,4829,356529,4819,315395,4718,306867,5031,292328,5206,361082,5127,328959,4940,334279,5003,
2026-09-30,19:11:43.581,1000,389403,5458,397384,5123,364847,5110,400185,5234,293294,5158,346533,5140,354451,5177,393927,5163,368032,5107,360817,4894,340495,5082,333305,5459,298618,5298,386076,5457,350443,5231,354315,5312,
2026-09-30,19:11:44.581,999,360576,5054,376001,4855,359290,5034,378379,4960,271558,4799,327086,4858,327010,4778,365382,4780,333055,4629,333254,4522,323330,4825,301016,4929,285841,5094,375804,5312,334542,5017,329122,4930,
2026-09-30,19:11:45.581,999,376795,5285,397674,5135,372643,5266,402561,5312,301491,5264,355154,5247,364741,5327,401920,5259,373877,5187,376373,5150,349094,5248,335073,5463,308511,5452,401133,5651,351918,5256,353674,5295,
2026-09-30,19:11:46.580,999,343663,4832,371976,4800,338402,4769,367995,4831,274070,4822,331422,4911,327530,4786,374682,4883,336481,4679,344020,4691,324581,4883,311066,5086,284732,5043,356288,5039,316443,4746,327966,4891,
2026-09-30,19:11:47.581,1000,333509,4700,340945,4411,316473,4467,351684,4635,258285,4526,317983,4730,316674,4635,361118,4712,324666,4524,321601,4399,319306,4794,306250,5002,272847,4815,337376,4776,313906,4705,322154,4802,
2026-09-30,19:11:48.581,999,339305,4764,356514,4594,326306,4576,359703,4707,281393,4943,327323,4862,331848,4855,374314,4878,331315,4607,335780,4570,321364,4812,308041,5027,274577,4859,354347,5005,323382,4842,318903,4757,
2026-09-30,19:11:49.581,999,305609,4307,321009,4145,284805,4007,317411,4168,249729,4430,300335,4438,291823,4254,327378,4264,297757,4137,297227,4042,285105,4290,270596,4451,246477,4393,318751,4486,292711,4364,287060,4280,
2026-09-30,19:11:50.580,999,324982,4575,343786,4439,323132,4525,347042,4535,268034,4786,300744,4460,302437,4423,355056,4622,310592,4324,316258,4295,303456,4557,283603,4659,257465,4600,332663,4707,294646,4421,302614,4504,
2026-09-30,19:11:51.581,1000,339417,4767,341673,4411,321474,4509,360007,4694,261800,4674,310753,4604,312008,4549,353831,4604,312180,4344,319214,4336,305540,4582,289914,4771,259476,4628,343625,4852,304844,4554,299462,4460,
2026-09-30,19:11:52.581,999,371220,5208,373670,4832,352860,4976,400188,5245,271376,4764,331171,4929,341766,5005,386715,5042,351487,4884,349956,4768,337303,5077,319471,5214,287211,5068,371804,5270,342938,5153,339786,5068,
2026-09-30,19:11:53.581,999,321016,4510,321217,4157,311119,4362,328815,4295,235419,4192,293670,4344,296412,4323,329568,4292,300715,4178,307883,4170,287064,4305,271046,4491,249695,4465,321705,4531,287630,4294,288860,4306,
2026-09-30,19:11:54.580,999,379600,5330,407635,5243,360442,5131,392006,5199,292347,5045,355749,5271,368098,5373,414994,5401,359906,5003,382153,5240,338948,5139,336075,5424,302840,5292,382279,5395,350017,5231,361726,5385,
2026-09-30,19:11:55.580,999,366088,5148,387529,5008,348578,4937,381798,5040,284753,4983,343954,5095,347356,5070,386462,5039,346375,4829,374453,5121,335548,5087,316056,5165,284620,5044,386388,5456,341660,5102,345803,5155,
2026-09-30,19:11:56.581,1000,344921,4849,364473,4714,336683,4763,360821,4748,263489,4606,337658,5017,335483,4909,375825,4905,334373,4664,366477,5000,336133,5056,301855,4917,291060,5139,359052,5074,332459,4978,334719,4984,
2026-09-30,19:11:57.581,999,314706,4422,331441,4281,320294,4508,335316,4389,249746,4399,303618,4518,312715,4585,354029,4613,306298,4262,337528,4584,307135,4586,285202,4687,266448,4747,345613,4894,306517,4597,307677,4579,
2026-09-30,19:11:58.581,999,292112,4120,328642,4258,305203,4294,324102,4252,252707,4470,301310,4459,301739,4405,347962,4527,313895,4357,325562,4430,297259,4453,274911,4501,260105,4645,322460,4550,298510,4476,301354,4492,
2026-09-30,19:11:59.580,999,309841,4352,344503,4456,329250,4615,328033,4306,255092,4483,317308,4701,309514,4503,358698,4676,314319,4369,329521,4474,305843,4573,295959,4840,271136,4799,340159,4803,311321,4656,309774,4625,
2026-09-30,19:12:00.581,1000,367260,5162,398343,5149,377845,5301,387135,5067,284177,5017,350118,5205,354005,5174,395715,5157,362129,5023,363956,4931,350577,5242,323405,5287,298976,5308,383964,5427,341046,5122,351345,5240,
2026-09-30,19:12:01.581,999,350689,4932,364336,4710,352637,4939,370349,4835,274597,4840,326570,4834,335600,4902,374209,4906,331675,4604,343752,4653,323507,4834,298658,4883,282661,5042,358337,5057,317287,4744,329758,4944,
2026-09-30,19:12:02.581,999,365998,5164,394431,5108,381166,5343,380200,4964,283061,4960,333846,4973,347653,5096,391938,5132,347814,4835,376816,5110,346964,5179,323098,5264,287664,5105,362874,5145,330087,4967,344338,5142,
2026-09-30,19:12:03.581,999,324446,4572,353301,4584,331887,4651,341235,4466,251865,4454,302073,4473,318711,4655,362593,4742,320402,4459,339567,4607,310574,4648,277960,4565,259312,4632,317890,4479,288161,4312,301660,4519,
2026-09-30,19:12:04.581,1000,307712,4329,346827,4489,308302,4336,324389,4246,242523,4295,287103,4262,304895,4453,353318,4601,311048,4321,319108,4343,304438,4563,278693,4558,246314,4394,318257,4499,279374,4193,297504,4433,
2026-09-30,19:12:05.581,999,384437,5398,413243,5337,377797,5386,398582,5290,314941,5451,374064,5540,383652,5603,419801,5479,373715,5203,392971,5400,369729,5613,354031,5693,313981,5500,399873,5645,369040,5508,371863,5542,
2026-09-30,19:12:06.581,999,309756,4364,330309,4270,301987,4243,320214,4196,254239,4506,301866,4469,318893,4655,344788,4488,310144,4310,322247,4377,297747,4459,271443,4446,255069,4549,322378,4556,289182,4330,286156,4273,
2026-09-30,19:12:07.581,999,344643,4851,372143,4813,327739,4633,354258,4666,283339,4951,326343,4852,334409,4904,372291,4866,323015,4490,330362,4513,317636,4790,297205,4809,272325,4784,346899,4919,308850,4645,329550,4927,
2026-09-30,19:12:08.581,1000,348735,4905,377416,4875,339070,4790,361625,4752,271254,4761,305502,4563,330648,4851,364784,4741,320284,4450,331761,4526,325128,4885,286372,4670,273227,4830,348859,4955,311301,4690,331406,4934,
2026-09-30,19:12:09.581,999,341034,4781,372975,4804,336167,4794,351415,4651,263088,4604,318874,4716,338494,4928,377965,4913,329373,4573,343848,4715,322070,4878,305518,4993,278130,4917,352646,4973,322120,4789,331974,4931,
2026-09-30,19:12:10.581,999,363626,5090,381761,4930,345794,4866,364509,4783,270222,4783,325276,4819,327009,4775,386457,5033,328124,4554,355411,4840,321540,4837,308796,5062,283623,5056,362342,5122,327058,4896,332513,4947,
2026-09-30,19:12:11.581,999,360939,5063,361168,4670,343485,4846,359259,4723,273877,4814,323009,4799,334429,4890,376080,4895,330708,4612,346611,4724,327802,4913,312955,5100,275182,4867,340382,4817,316652,4741,330098,4908,
2026-09-30,19:12:12.581,1000,350242,4937,369652,4762,358055,5049,362636,4771,285518,5004,334739,5011,340393,5017,385714,5028,334704,4657,341844,4649,337510,5055,322658,5239,285914,5025,364188,5172,321479,4841,332934,4968,
2026-09-30,19:12:13.581,999,320179,4504,338022,4366,328811,4623,332955,4364,245711,4315,309794,4593,313613,4580,345728,4540,298825,4154,315216,4276,302790,4526,276660,4525,256506,4536,328924,4648,290850,4352,302667,4545,
2026-09-30,19:12:14.581,999,306077,4311,336632,4348,323467,4538,324408,4249,245301,4322,307787,4586,298189,4377,348977,4567,294473,4101,314079,4268,300471,4480,280484,4587,244620,4335,318142,4507,294376,4417,301194,4497,
2026-09-30,19:12:15.581,999,340806,4789,361011,4665,345036,4893,354296,4699,268795,4693,340579,5050,339451,4955,374595,4906,329190,4573,351906,4834,315841,4782,303174,4925,268202,4710,352512,4974,330455,4934,334679,4987,
2026-09-30,19:12:16.581,1000,347201,4883,359073,4631,355783,5013,360774,4730,279472,4906,339575,5053,351405,5154,397374,5183,332384,4629,362741,4926,324316,4867,324383,5277,278750,4914,361845,5130,324372,4858,340089,5061,
2026-09-30,19:12:17.581,999,375059,5264,373773,4821,361492,5094,382798,5027,285357,5023,337930,5022,355209,5210,397486,5175,343446,4779,387855,5288,326288,4916,330901,5398,286931,5074,365207,5170,323317,4836,357556,5319,
2026-09-30,19:12:18.581,999,346382,4857,368115,4744,341793,4795,365025,4779,261971,4669,314492,4664,346593,5065,382761,4978,334889,4659,372596,5048,323053,4845,306703,5067,276421,4953,348200,4927,322104,4821,341169,5067,
2026-09-30,19:12:19.581,999,336349,4715,357425,4604,318085,4493,344710,4530,257256,4546,319123,4729,336655,4916,350769,4558,322409,4491,345552,4719,312334,4705,298536,4903,262159,4644,338404,4782,306339,4574,325766,4839,
2026-09-30,19:12:20.581,1000,349205,4907,358491,4633,345184,4868,360759,4734,270873,4784,326434,4858,333295,4891,371687,4831,338222,4713,351697,4783,327445,4912,308308,5064,287457,5103,358940,5077,323074,4843,337716,5028,
2026-09-30,19:12:21.581,999,302336,4250,304832,3951,300809,4246,310278,4073,242855,4314,287429,4262,294320,4303,336464,4375,301549,4203,300983,4094,281464,4203,278828,4594,251855,4489,312541,4417,287456,4290,310845,4614,
2026-09-30,19:12:22.581,999,369004,5182,371066,4791,358641,5069,376530,4954,282018,4881,345305,5160,354711,5212,402196,5226,363558,5058,368109,5000,340721,5130,338236,5471,304854,5358,373165,5298,336433,5064,356238,5296,
2026-09-30,19:12:23.582,1000,303370,4256,304923,3953,297235,4183,310619,4081,227538,4018,288183,4287,287995,4210,322254,4193,295329,4126,303081,4136,286915,4308,279532,4595,246793,4394,306807,4342,283243,4241,293465,4369,
2026-09-30,19:12:24.581,999,366341,5123,386611,4972,356530,5094,379147,5046,284478,4917,345402,5132,353940,5175,393224,5120,348429,4856,354737,4900,341100,5193,332836,5393,306628,5376,372987,5274,342428,5119,357928,5311,
2026-09-30,19:12:25.581,999,353004,4966,360592,4662,348825,4973,377207,4990,281058,4897,342193,5064,342319,5000,396535,5165,346357,4833,349722,4825,333362,5059,316407,5176,292867,5188,355976,5025,333329,4961,339238,5048,
2026-09-30,19:12:26.581,999,341153,4809,354876,4592,336791,4759,339272,4482,253871,4430,326752,4856,325144,4767,376298,4894,334349,4664,335645,4599,316701,4766,299912,4900,292286,5193,350178,4958,318457,4776,334190,4969,
2026-09-30,19:12:27.582,1000,383754,5395,410055,5295,383467,5430,394233,5208,306667,5337,371858,5542,369609,5430,418495,5451,378239,5259,385836,5272,362031,5464,353984,5744,325887,5727,405802,5754,353120,5300,379403,5639,
2026-09-30,19:12:28.581,999,363917,5129,383900,4953,364025,5113,394450,5178,296836,5255,348232,5171,342654,5004,402048,5230,349491,4846,376275,5123,352785,5296,337479,5555,299682,5329,381062,5388,337917,5045,366494,5461,
2026-09-30,19:12:29.581,999,327211,4604,343817,4448,322832,4515,355667,4642,267830,4766,309146,4588,317813,4639,357623,4661,312277,4337,332975,4525,305984,4590,295780,4882,280383,5029,337036,4773,307681,4605,330343,4918,
2026-09-30,19:12:30.581,999,350935,4945,361233,4673,334186,4697,367979,4826,279311,4928,329240,4887,328326,4801,382133,4979,326121,4538,342841,4679,323436,4866,304437,5001,290565,5186,338390,4788,314631,4713,335183,4993,
2026-09-30,19:12:31.582,1000,325474,4598,339752,4395,318786,4482,352097,4624,260113,4606,299812,4447,320058,4672,354131,4625,305575,4246,318800,4338,310331,4664,288327,4744,270108,4818,314635,4444,309855,4630,309115,4616,
2026-09-30,19:12:32.581,999,353553,4965,377310,4874,346056,4863,389867,5105,290145,5065,327889,4901,342694,5038,380581,4987,335143,4662,369075,5018,337991,5061,318086,5178,297686,5237,347698,4933,333269,5006,334654,5010,
2026-09-30,19:12:33.581,999,333646,4689,357610,4627,330634,4636,356966,4672,267242,4685,314311,4678,323004,4729,357061,4662,333117,4648,335214,4559,319785,4786,300196,4895,273306,4836,333826,4726,323867,4858,315664,4707,
2026-09-30,19:12:34.581,999,307208,4312,341457,4414,310752,4397,322831,4258,254768,4479,299496,4444,304140,4451,339557,4423,301524,4202,294516,4029,290734,4380,287282,4713,261253,4632,315717,4461,296357,4431,295403,4405,
2026-09-30,19:12:35.582,1000,349308,4909,378449,4899,345790,4920,364812,4844,273186,4811,336356,4985,344097,5030,373992,4864,338912,4720,354212,4879,333995,5071,309732,5039,289447,5128,368446,5199,333713,4971,336367,5008,
2026-09-30,19:12:36.581,999,345565,4851,368260,4755,342902,4857,377142,4971,271171,4782,317788,4714,324069,4751,362258,4714,333921,4646,342186,4684,328031,4935,308140,5043,293696,5209,351265,4968,322978,4837,330484,4918,
2026-09-30,19:12:37.581,999,348395,4891,358614,4627,343238,4824,369311,4840,269346,4778,313062,4663,336587,4931,352164,4582,319002,4437,339131,4618,326685,4889,309846,5103,282390,5049,356295,5052,323880,4850,331657,4933,
2026-09-30,19:12:38.581,999,419877,5912,446604,5766,412877,5848,436361,5751,332641,5788,381392,5693,404347,5930,441728,5754,396681,5518,401014,5471,385793,5815,377138,6103,341107,5985,436327,6182,382669,5754,407553,6070,
2026-09-30,19:12:39.582,1000,346599,4869,369385,4762,355204,5023,362039,4760,273406,4816,324145,4818,335962,4915,368327,4791,331459,4608,348958,4769,321964,4832,312202,5108,282078,5023,375428,5305,317310,4751,334116,4977,
2026-09-30,19:12:40.581,999,367217,5156,399725,5159,373141,5332,385494,5132,297124,5140,350611,5192,362882,5305,400130,5204,367102,5106,369500,5080,356165,5417,336403,5429,315637,5539,398448,5623,353233,5282,356242,5289,
2026-09-30,19:12:41.581,999,313282,4409,326627,4224,323873,4561,317596,4176,245219,4348,297325,4403,317293,4631,332994,4335,298867,4152,311452,4248,288579,4332,283682,4668,261704,4670,332416,4695,303832,4529,298056,4438,
2026-09-30,19:12:42.582,1000,306604,4301,336202,4337,337973,4737,327897,4302,257416,4523,290414,4352,311813,4590,338182,4401,297389,4138,316669,4303,304386,4561,290709,4746,252289,4489,325021,4616,303913,4582,311574,4621,
2026-09-30,19:12:43.581,999,323727,4545,342157,4422,326358,4585,349796,4583,249896,4413,300936,4466,314434,4592,343956,4499,300165,4167,312030,4231,306599,4593,287499,4700,250958,4473,327907,4625,314264,4699,318587,4769,
2026-09-30,19:12:44.581,999,378000,5313,398885,5154,384611,5411,398670,5217,294773,5156,341270,5084,356684,5228,402816,5253,346593,4829,359884,4882,347255,5194,328646,5348,298913,5266,373508,5298,356346,5359,351989,5246,
2026-09-30,19:12:45.581,999,360001,5054,382706,4941,369668,5241,385038,5083,281448,4916,340513,5034,352961,5153,392480,5117,355161,4926,349215,4778,333852,5054,315201,5119,290125,5141,371524,5240,343377,5125,334603,4997,
2026-09-30,19:12:46.582,1000,341774,4801,371409,4803,364096,5111,380207,4983,265839,4717,331412,4926,334714,4904,380746,4953,336418,4681,355729,4829,307953,4619,296739,4862,279580,5005,358353,5074,312768,4694,330000,4916,
2026-09-30,19:12:47.581,999,351688,4929,368258,4748,339729,4802,366287,4815,265300,4687,329323,4901,326213,4783,364051,4731,319398,4431,336133,4597,301537,4539,292343,4775,269158,4776,353891,5013,304452,4575,328474,4887,
2026-09-30,19:12:48.581,999,375665,5274,387645,5004,367582,5194,400900,5268,284615,5013,324693,4819,342230,5000,390608,5079,345271,4785,362178,4953,320129,4841,317667,5176,290987,5149,380973,5383,330733,4948,339853,5059,
2026-09-30,19:12:49.582,1000,335986,4726,355780,4585,345183,4847,358042,4698,262092,4601,307143,4565,318965,4671,380875,4957,330182,4588,334128,4549,309809,4641,303245,4931,276092,4885,360197,5098,303927,4559,313707,4665,
2026-09-30,19:12:50.582,999,334903,4708,349613,4526,340826,4807,352463,4628,264211,4631,306109,4554,315611,4621,365206,4747,317316,4407,330776,4522,301868,4553,297744,4860,271020,4802,336693,4781,313648,4711,319402,4752,
2026-09-30,19:12:51.581,999,311011,4377,319392,4132,311046,4385,326244,4282,249193,4426,282290,4183,293893,4291,333335,4338,292055,4068,306072,4174,272230,4096,269942,4427,248231,4425,320330,4530,284431,4252,298465,4439,
2026-09-30,19:12:52.581,999,362522,5092,381753,4935,357026,5034,387513,5098,294761,5168,339407,5073,339473,4998,391356,5095,349320,4842,362371,4945,330601,4979,326028,5311,300657,5324,367538,5230,340218,5121,351036,5230,
2026-09-30,19:12:53.582,1000,330735,4644,351907,4552,324653,4583,346143,4550,269930,4767,313114,4644,321113,4696,350841,4561,317615,4423,331547,4536,299266,4496,296467,4857,274786,4889,341781,4842,307852,4614,311175,4638,
2026-09-30,19:12:54.582,999,329649,4628,361733,4687,334053,4707,356507,4693,268415,4755,312231,4634,314768,4608,350122,4560,306684,4269,321008,4390,314584,4733,296091,4851,267371,4758,340236,4812,313292,4693,317006,4722,
2026-09-30,19:12:55.581,999,433534,6067,470321,6050,412271,5925,445585,5982,353780,6095,407952,6043,425740,6218,468487,6090,411427,5711,424299,5863,405405,6179,386553,6208,346248,6025,434686,6121,405781,6053,421853,6257,
2026-09-30,19:12:56.581,999,374190,5255,403180,5211,369113,5218,394330,5205,308061,5456,381484,5656,383656,5611,416061,5416,358430,4982,382821,5213,362374,5421,346396,5673,307057,5456,383371,5422,345060,5159,372176,5523,
2026-09-30,19:12:57.582,1000,349702,4899,354989,4581,328304,4626,360160,4732,269883,4790,322405,4794,329415,4829,370831,4829,313679,4354,351979,4782,315752,4716,299172,4912,264669,4711,344836,4889,315984,4732,329489,4900,
2026-09-30,19:12:58.582,999,351975,4940,365908,4721,344502,4880,372649,4900,270960,4758,338348,5027,345810,5056,382690,4979,333477,4626,350628,4785,329599,4952,314502,5149,284138,5052,358323,5071,346085,5183,348417,5191,
2026-09-30,19:12:59.581,999,337350,4737,344918,4464,317836,4488,346552,4556,255105,4496,315981,4688,311715,4558,358986,4676,316927,4400,338301,4610,311135,4684,293811,4853,262091,4669,336373,4764,309744,4632,318040,4736,
2026-09-30,19:13:00.581,999,335122,4712,351140,4544,315004,4467,349575,4613,270587,4749,321163,4774,328658,4813,365015,4753,325933,4528,339752,4638,311383,4697,301946,4942,270833,4797,348755,4940,319726,4791,323780,4810,
2026-09-30,19:13:01.582,1000,329094,4619,344894,4463,306615,4323,345480,4530,259275,4570,315372,4693,330079,4835,350966,4568,316125,4395,344598,4681,315121,4715,298744,4885,268901,4756,328885,4653,326519,4884,324751,4830,
2026-09-30,19:13:02.582,999,334395,4697,367975,4749,338693,4755,358145,4692,271946,4774,317435,4753,318846,4705,363121,4740,332020,4612,343537,4665,316754,4721,309517,5054,269786,4771,344297,4891,323603,4871,326099,4866,
2026-09-30,19:13:03.581,999,332274,4663,356246,4607,335929,4722,353443,4620,261705,4616,305609,4529,323705,4733,373564,4894,330117,4583,351507,4772,328630,4909,309724,5079,262464,4652,345809,4878,331601,4968,335021,5016,
2026-09-30,19:13:04.582,1000,352499,4939,384656,4965,356167,4991,380691,4964,274025,4822,334978,4974,336022,4921,392296,5130,349331,4839,385487,5213,353068,5257,317680,5229,283119,5030,370507,5245,355725,5321,341129,5103,
2026-09-30,19:13:05.582,999,365997,5142,401718,5186,364316,5173,377542,5004,289282,5078,358458,5307,351598,5139,411179,5357,360376,5005,387412,5303,347032,5239,330694,5418,296263,5260,377818,5332,362999,5410,361325,5376,
2026-09-30,19:13:06.582,999,369840,5199,411505,5323,378839,5345,396816,5199,296369,5194,349035,5195,352476,5170,421721,5498,363809,5055,376843,5127,350547,5259,336879,5491,299480,5307,388466,5494,363565,5452,359470,5349,
2026-09-30,19:13:07.581,999,338055,4743,355163,4585,338453,4763,366752,4801,281159,4919,330483,4922,342782,5032,382545,5020,342215,4749,358467,4871,328792,4936,311094,5063,266219,4692,350773,4970,328276,4931,346412,5189,
2026-09-30,19:13:08.582,1000,345150,4858,367649,4745,342677,4808,373151,4899,287969,5060,343855,5138,354188,5210,391267,5110,345355,4815,364338,4949,325800,4901,311265,5078,282631,4964,374031,5315,327147,4925,340393,5073,
2026-09-30,19:13:09.582,999,320523,4502,332303,4295,315798,4435,348644,4562,253269,4454,304662,4519,327793,4789,352593,4621,311885,4339,321522,4367,284155,4253,278002,4557,251619,4445,334371,4721,302444,4521,320374,4804,
2026-09-30,19:13:10.582,999,337217,4734,358461,4632,322573,4582,352515,4667,266072,4633,309502,4600,326341,4764,370214,4825,316223,4405,328614,4504,304929,4593,291889,4745,277574,4881,354161,4996,307280,4596,332786,4957,
2026-09-30,19:13:11.581,999,326551,4585,350098,4535,328852,4621,348490,4555,259925,4568,310377,4602,311851,4544,353122,4628,301683,4201,330204,4489,293694,4391,295046,4848,258302,4592,329582,4649,299725,4479,315612,4727,
2026-09-30,19:13:12.582,1000,369201,5187,394202,5082,377817,5304,400620,5247,307370,5392,355832,5313,355819,5228,404656,5277,359625,4997,364055,4937,353005,5265,337978,5497,306095,5420,384873,5463,355120,5334,354514,5276,
2026-09-30,19:13:13.582,999,343126,4813,374254,4825,343775,4821,362454,4740,280857,4996,326636,4845,329407,4811,363764,4761,322989,4476,344664,4674,312304,4667,295521,4864,271954,4848,347967,4915,332048,4972,330273,4935,
2026-09-30,19:13:14.582,999,322118,4525,348831,4504,325897,4575,366374,4789,272446,4814,328794,4884,324348,4753,364413,4770,313967,4362,329455,4470,309613,4616,296038,4866,262779,4672,343414,4862,330165,4955,321974,4804,
2026-09-30,19:13:15.581,999,358790,5027,375786,4862,355823,5066,380090,5040,285877,5007,361116,5344,356067,5205,387374,5067,348128,4836,367903,5029,338180,5128,316390,5160,292269,5167,360759,5078,339396,5053,344277,5133,
2026-09-30,19:13:16.582,1000,332153,4669,343836,4443,332658,4671,343841,4508,262179,4624,314834,4673,323091,4727,359286,4685,311451,4338,335005,4555,308096,4610,297967,4887,271918,4837,345124,4877,318475,4774,329185,4893,
2026-09-30,19:13:17.582,999,349918,4922,371702,4803,350977,4931,369494,4840,287516,5016,327594,4892,324289,4770,378818,4959,331838,4625,350356,4748,327059,4890,315687,5102,296179,5214,359371,5087,322057,4832,339161,5056,
2026-09-30,19:13:18.582,999,322411,4532,341145,4410,310937,4388,337278,4424,259825,4587,312430,4648,316308,4634,360054,4692,306309,4260,329167,4478,308353,4628,294997,4829,261107,4636,338273,4791,319681,4793,323298,4812,
2026-09-30,19:13:19.581,999,329620,4642,337317,4372,319284,4517,339150,4476,258290,4557,319589,4738,315696,4617,358985,4669,325231,4516,342348,4678,320861,4843,302345,4928,267785,4744,345403,4876,318140,4759,324416,4832,
2026-09-30,19:13:20.582,1000,342451,4819,360053,4656,344499,4841,367707,4810,270502,4774,346371,5148,339955,4978,372343,4862,337739,4703,364010,4952,321459,4814,319765,5229,288250,5114,367617,5202,345976,5182,350197,5225,
2026-09-30,19:13:21.582,999,321296,4523,362114,4675,332905,4680,366606,4793,269357,4787,311909,4620,329234,4811,356631,4641,332763,4630,338182,4604,304751,4579,303467,5007,277001,4937,353878,4995,328355,4909,328807,4898,
2026-09-30,19:13:22.582,999,334642,4700,359485,4640,342613,4802,365068,4764,272311,4828,318829,4750,312965,4606,350651,4572,315586,4385,325015,4416,305418,4572,310012,5125,266740,4755,340661,4835,319967,4809,316601,4719,
2026-09-30,19:13:23.582,1000,367370,5174,391777,5063,374281,5281,414690,5455,305380,5360,374626,5550,362564,5300,399237,5190,364758,5070,363592,4970,344884,5196,337550,5493,297025,5252,379623,5359,363821,5433,352431,5250,
2026-09-30,19:13:24.583,1000,340151,4793,354460,4588,332268,4672,367170,4819,262280,4658,328534,4867,324872,4750,355315,4629,326670,4546,338218,4604,329728,4961,306096,5016,270808,4822,338273,4793,335834,5020,320909,4799,
2026-09-30,19:13:25.583,999,359956,5059,404483,5230,354919,5092,392161,5242,301016,5200,361039,5347,361240,5280,401234,5229,367965,5105,363593,5020,337512,5152,345739,5574,300046,5249,381027,5371,357935,5335,352100,5242,
2026-09-30,19:13:26.583,999,322842,4532,346476,4492,305423,4306,347295,4556,259828,4568,314762,4677,323498,4741,359630,4684,322499,4486,331438,4513,308454,4646,295233,4837,263747,4668,334650,4739,319889,4796,319623,4776,
2026-09-30,19:13:27.583,1000,329981,4631,360276,4664,320438,4517,341938,4488,252468,4414,307186,4577,310408,4559,352126,4583,308302,4299,324971,4434,304176,4581,286672,4684,267547,4722,344949,4894,313583,4720,319718,4776,
2026-09-30,19:13:28.583,999,389920,5481,405179,5244,387546,5462,411240,5395,306216,5375,358936,5316,361311,5280,405601,5271,377470,5242,395609,5375,363451,5460,352478,5756,304390,5365,415912,5881,363694,5430,362992,5408,
2026-09-30,19:13:29.583,999,346956,4875,368443,4753,348326,4897,358051,4690,266505,4725,318615,4721,322592,4711,367245,4769,325546,4526,332380,4535,328549,4938,297366,4905,256370,4578,346788,4893,336295,5019,331359,4926,
2026-09-30,19:13:30.583,999,344372,4819,370217,4777,357018,5023,352292,4627,263665,4683,326743,4850,331550,4850,367400,4772,340556,4731,352684,4815,326884,4904,312158,5135,272810,4866,355513,5043,337910,5073,331385,4933,
2026-09-30,19:13:31.583,1000,319806,4504,342540,4434,326148,4596,343411,4515,258041,4595,315447,4660,309567,4521,324726,4227,306154,4251,333027,4547,297868,4483,291952,4809,264722,4732,331294,4683,313991,4685,316836,4719,
2026-09-30,19:13:32.583,999,348443,4900,371361,4797,336522,4741,347263,4558,272641,4794,317035,4735,325107,4774,359092,4666,323763,4505,351149,4780,324253,4869,297276,4848,275089,4862,342517,4869,326872,4905,322051,4791,
2026-09-30,19:13:33.583,999,296785,4172,321573,4158,295655,4164,321281,4219,243582,4323,282590,4188,286237,4194,323562,4211,277710,3866,313050,4265,279090,4193,254970,4193,237862,4246,307763,4354,283047,4237,282275,4209,
2026-09-30,19:13:34.583,999,448767,6379,508270,6604,456206,6405,493052,6438,397592,6781,436026,6567,448981,6658,497690,6521,455049,6389,485845,6574,450719,6710,433509,6893,392828,6778,467260,6662,447099,6783,447878,6688,
2026-09-30,19:13:35.583,1000,547078,7746,597740,7772,546338,7710,595592,7825,468839,8097,548657,8176,532126,7822,603828,7893,561206,7857,586750,7996,532607,8001,502481,8055,459742,8037,571585,8085,531920,7984,541086,8070,
2026-09-30,19:13:36.583,999,399214,5620,425569,5510,394391,5545,428244,5605,332870,5748,373341,5629,380113,5625,430538,5648,391610,5446,400565,5438,386966,5784,374269,6018,322412,5592,414598,5913,381936,5803,388190,5814,
2026-09-30,19:13:37.583,999,357344,5037,392771,5093,351070,4924,370864,4859,298437,5268,341734,5087,350444,5135,397927,5183,339936,4727,372266,5042,339019,5082,322509,5303,291294,5199,361386,5119,329710,4956,347621,5170,
2026-09-30,19:13:38.583,999,388667,5462,428362,5527,395387,5543,410553,5371,317408,5577,374150,5572,380640,5588,425381,5560,375697,5214,407846,5526,368854,5524,338749,5553,309352,5482,386683,5485,369618,5566,378250,5655,
2026-09-30,19:13:39.583,1000,345016,4857,374471,4843,354821,4992,362744,4763,280788,4914,336268,4989,334006,4882,397370,5188,349946,4868,350989,4767,349360,5241,309320,5060,283995,5030,355855,5023,342719,5122,341641,5095,
2026-09-30,19:13:40.583,999,367514,5150,397107,5124,368311,5243,380398,5052,305101,5299,343139,5091,346359,5076,400783,5248,366055,5078,368767,5053,343436,5210,328914,5323,307945,5394,374051,5290,351635,5264,364875,5449,
2026-09-30,19:13:41.583,999,304632,4287,335146,4335,305244,4292,313715,4115,247579,4388,288699,4299,292446,4283,334120,4350,298256,4158,310433,4231,291388,4372,270532,4442,242656,4330,309686,4379,293977,4404,292056,4347,
2026-09-30,19:13:42.583,999,306903,4315,333569,4312,324362,4555,333424,4369,267271,4739,310796,4622,318155,4674,355893,4637,318893,4439,323188,4398,313845,4696,285795,4673,263211,4671,320146,4545,299880,4512,311807,4637,
2026-09-30,19:13:43.583,1000,311218,4392,350535,4525,326091,4586,333068,4367,260966,4663,297279,4408,312684,4561,343295,4470,321850,4476,331108,4510,304873,4569,280215,4617,256414,4580,340015,4796,310984,4647,308682,4599,
2026-09-30,19:13:44.583,999,333540,4699,365786,4727,331037,4656,353961,4632,267816,4752,312672,4646,325568,4758,348602,4543,328249,4571,345096,4696,324745,4875,297910,4895,274458,4875,349411,4948,320816,4800,322777,4800,
2026-09-30,19:13:45.583,999,413321,5796,442164,5694,407149,5768,428174,5665,332781,5778,393709,5837,403687,5911,434983,5663,409450,5683,433236,5921,389779,5888,362880,5881,329569,5775,427134,6041,398205,5970,388633,5784,
2026-09-30,19:13:46.583,999,332637,4695,364541,4714,337059,4728,358736,4697,274334,4866,332998,4936,323527,4728,357623,4660,325761,4533,347281,4721,324069,4861,296857,4892,274534,4915,361117,5099,333881,4992,330026,4906,
2026-09-30,19:13:47.583,1000,353928,4980,385294,4972,354190,4971,383891,5029,289291,5121,335113,5002,334365,4908,388557,5053,337868,4696,357389,4856,337238,5060,306888,5045,284674,5083,375714,5328,344061,5176,344195,5115,
2026-09-30,19:13:48.583,999,325364,4593,353670,4573,337959,4749,360521,4720,263111,4640,315165,4684,305873,4479,369282,4820,325274,4523,323005,4382,316346,4741,286008,4711,267325,4769,358724,5078,332771,4974,325993,4861,
2026-09-30,19:13:49.583,999,316200,4457,333780,4320,318619,4473,338312,4445,254769,4521,310477,4607,308544,4509,363732,4739,324267,4503,324264,4412,309653,4638,296973,4905,253392,4532,339141,4790,311352,4647,305933,4546,
2026-09-30,19:13:50.583,999,319103,4497,347921,4495,324213,4558,342644,4495,262385,4606,322630,4809,323506,4750,360855,4730,327207,4548,343731,4684,301528,4515,306513,5022,264086,4684,341326,4833,316394,4747,309041,4619,
2026-09-30,19:13:51.583,1000,333881,4708,351605,4550,333130,4677,350288,4587,266237,4646,330517,4903,320769,4690,367604,4815,345011,4779,358950,4882,310933,4653,318233,5184,268083,4738,343374,4856,330615,4951,322122,4820,
2026-09-30,19:13:52.583,999,312619,4414,332662,4321,308931,4339,328278,4309,248331,4385,295250,4414,301320,4433,331995,4332,316955,4407,321814,4374,287750,4313,282403,4623,253554,4494,321688,4565,306668,4606,308551,4593,
2026-09-30,19:13:53.583,999,320623,4515,319218,4120,306548,4318,321597,4218,245377,4355,305794,4519,305426,4456,347738,4523,307603,4270,320632,4376,285624,4296,279759,4592,251468,4464,321720,4530,299737,4469,305465,4548,
2026-09-30,19:13:54.584,1000,318592,4489,322341,4168,324266,4558,338371,4439,240143,4268,297426,4409,293312,4288,346557,4505,301902,4206,317679,4333,283974,4274,269139,4416,245119,4365,325546,4595,305034,4559,317592,4721,
2026-09-30,19:13:55.583,999,396056,5540,420719,5416,376941,5416,402957,5407,313426,5414,361945,5354,364195,5318,420323,5461,376677,5212,376986,5234,343377,5275,335103,5389,310016,5426,397913,5601,377496,5621,376561,5592,
2026-09-30,19:13:56.583,999,455649,6401,505228,6532,466889,6638,487215,6471,381961,6612,443978,6590,449763,6575,512366,6678,477367,6632,466209,6387,433281,6581,409934,6590,381618,6654,487988,6886,460154,6866,459974,6848,
2026-09-30,19:13:57.583,999,343367,4809,378893,4889,358273,5022,363044,4753,275365,4901,316915,4711,322572,4726,377927,4912,345204,4784,338205,4605,316560,4753,293615,4817,281206,5044,346077,4908,323779,4868,347261,5168,
2026-09-30,19:13:58.584,1000,338947,4767,371692,4802,327097,4610,355130,4671,276403,4872,324602,4801,335145,4894,369535,4813,330958,4607,337542,4611,323778,4891,296300,4855,281445,5009,344846,4873,323770,4841,339115,5052,
2026-09-30,19:13:59.583,999,286634,4032,316158,4091,301288,4226,315053,4129,235149,4183,276306,4093,300879,4383,322432,4192,296542,4113,300971,4098,285064,4285,260883,4301,241313,4316,300961,4256,285223,4259,303754,4522,
2026-09-30,19:14:00.583,999,315398,4440,357681,4623,315762,4448,338238,4447,248809,4409,304417,4516,310964,4547,334018,4349,308211,4271,333871,4557,314510,4733,293792,4826,271969,4829,328973,4661,299627,4487,318049,4734,
2026-09-30,19:14:01.583,999,320906,4501,354043,4580,319117,4496,329934,4335,259452,4582,297166,4419,318531,4662,353193,4592,311827,4327,328611,4495,303663,4577,299183,4899,267481,4766,335981,4757,307768,4609,314255,4676,
2026-09-30,19:14:02.584,1000,355206,4991,382956,4949,355689,4990,360044,4724,295035,5132,341388,5091,354923,5205,393507,5142,352250,4882,374113,5079,342565,5128,338320,5485,296458,5213,372573,5282,344285,5183,357354,5350,
2026-09-30,19:14:03.583,999,324883,4575,352315,4551,323725,4542,335807,4397,260746,4608,310141,4596,316149,4614,361530,4736,316368,4399,348105,4738,312624,4687,293341,4818,265620,4736,329945,4662,299592,4478,334723,5005,
2026-09-30,19:14:04.583,999,337211,4742,356018,4600,326838,4574,349987,4580,275465,4888,307671,4559,316941,4633,353387,4606,331036,4606,348804,4744,303872,4547,302312,4963,262535,4681,325068,4607,311294,4659,334510,4992,
2026-09-30,19:14:05.583,999,378000,5305,422810,5452,380568,5421,385689,5127,319379,5596,357850,5294,362401,5292,417950,5454,389259,5419,379908,5222,336308,5104,337430,5466,306392,5405,368341,5199,367844,5490,368420,5484,
2026-09-30,19:14:06.584,1000,359762,5042,368337,4762,360015,5044,372595,4869,296633,5288,345174,5108,331478,4840,383407,5003,354557,4921,377299,5123,331538,4960,329691,5422,288097,5166,350962,4958,333031,4969,340960,5097,
2026-09-30,19:14:07.583,999,415230,5819,426936,5491,400150,5618,421238,5517,337068,5866,391446,5829,375352,5513,430461,5639,406019,5650,423786,5757,366383,5490,365201,5907,332735,5833,385071,5472,380677,5721,383079,5717,
2026-09-30,19:14:08.583,999,369854,5186,379043,4890,354038,4974,377099,4944,295797,5226,348047,5186,349208,5119,393034,5129,357253,4972,369364,5025,344270,5171,329539,5403,291337,5196,359113,5099,350500,5278,360641,5376,
2026-09-30,19:14:09.584,1000,331851,4676,334306,4333,324318,4551,340677,4476,266225,4723,306207,4537,319757,4673,348694,4546,318120,4419,339196,4623,311496,4667,286108,4707,252147,4496,316763,4483,316659,4740,328146,4885,
2026-09-30,19:14:10.584,999,371776,5224,380934,4916,353436,5036,365873,4868,292705,5087,335823,4989,350268,5117,379300,4935,345972,4805,346067,4761,327366,4961,307827,4982,292482,5140,376853,5315,339568,5076,351317,5210,
2026-09-30,19:14:11.583,999,338425,4759,367004,4747,341597,4796,352485,4607,271275,4817,326578,4837,331537,4839,352462,4597,339142,4719,348068,4745,309992,4654,294015,4848,266186,4780,355009,5013,326166,4871,325623,4848,
2026-09-30,19:14:12.583,999,339237,4781,354650,4591,332414,4673,346019,4537,271485,4795,325876,4846,315079,4625,364666,4741,331405,4614,336637,4579,311326,4662,290346,4757,276271,4929,354706,5028,330552,4976,326259,4845,
2026-09-30,19:14:13.584,1000,352203,4949,370930,4780,348868,4913,370454,4849,283593,5018,338292,5016,345762,5060,387642,5043,338859,4724,348310,4729,330582,4951,317938,5205,278491,4906,360698,5092,344583,5149,333645,4956,
2026-09-30,19:14:14.583,999,374917,5255,390965,5046,372606,5229,388391,5079,294283,5218,351623,5224,356118,5213,401309,5253,364403,5062,374963,5094,336656,5032,321751,5290,294451,5239,380782,5391,365156,5472,353054,5292,
2026-09-30,19:14:15.583,999,373775,5236,395206,5097,361387,5115,393524,5215,301635,5316,365528,5397,363151,5292,417472,5435,365596,5070,380234,5198,328982,4970,324986,5346,290928,5172,376679,5301,364113,5429,354682,5270,
2026-09-30,19:14:16.584,1000,354789,4993,379984,4912,357369,5025,375712,4934,288948,5129,350726,5196,341295,4993,390816,5092,344059,4785,368623,5009,315453,4725,318409,5269,292808,5228,358867,5067,347751,5197,334936,4984,
2026-09-30,19:14:17.584,999,325445,4581,351739,4550,330759,4646,354509,4656,256911,4527,313495,4654,326380,4785,359012,4676,315864,4396,335857,4560,296749,4430,299401,4940,263496,4695,341811,4839,310319,4655,315104,4690,
2026-09-30,19:14:18.583,999,326199,4593,359434,4647,332886,4686,362633,4768,262016,4603,316285,4697,329364,4813,367739,4790,329151,4575,342758,4651,315866,4733,310212,5090,280671,4975,360146,5081,320434,4787,324940,4838,
2026-09-30,19:14:19.583,999,308767,4345,339515,4397,314219,4419,332765,4367,255837,4473,300583,4460,307603,4505,342315,4493,303878,4234,316828,4292,298646,4464,273999,4484,246610,4369,317414,4481,301979,4518,296568,4439,
2026-09-30,19:14:20.584,1000,319253,4480,333333,4305,316698,4451,332295,4361,256099,4554,306207,4546,309486,4533,340187,4434,317845,4415,328382,4457,309582,4641,276353,4547,241309,4296,317800,4505,298690,4468,301993,4504,
2026-09-30,19:14:21.584,999,318044,4470,311615,4035,303543,4261,314503,4121,240048,4290,296295,4383,297735,4345,336670,4377,301366,4194,316645,4294,294989,4410,266333,4416,239805,4302,303743,4289,295586,4407,303796,4522,
2026-09-30,19:14:22.584,999,333014,4677,347428,4480,327217,4584,337474,4421,255548,4536,311755,4645,314233,4607,350436,4563,321863,4481,330130,4484,319577,4779,286869,4717,264098,4728,338206,4800,315065,4729,321171,4775,
2026-09-30,19:14:23.583,999,333068,4689,351475,4540,324172,4539,341868,4473,256632,4601,312825,4631,300577,4389,344750,4499,319599,4443,325912,4420,309565,4636,291282,4817,255651,4601,336738,4758,319976,4771,316212,4712,
2026-09-30,19:14:24.584,1000,370247,5222,399266,5147,363438,5106,391393,5131,300623,5318,357181,5296,341383,4995,398481,5195,368793,5121,379441,5152,346924,5194,333268,5467,292483,5194,375698,5310,358758,5356,367377,5464,
2026-09-30,19:14:25.584,999,378295,5306,405399,5210,362070,5179,399736,5346,310604,5380,362363,5365,365150,5336,415958,5425,372464,5161,381319,5265,336278,5131,342202,5539,301539,5263,381337,5376,368422,5508,380467,5659,
2026-09-30,19:14:26.583,999,342734,4819,348308,4509,341656,4809,375351,4910,265709,4726,317529,4717,321140,4709,361502,4712,327867,4551,347644,4725,313910,4695,301893,4965,281625,5039,348038,4927,337136,5045,339517,5054,
2026-09-30,19:14:27.583,999,328220,4618,339824,4396,322251,4523,346588,4532,248154,4395,297597,4423,303948,4456,348679,4547,307825,4278,330509,4489,294765,4407,288002,4733,257035,4596,320213,4534,299732,4502,309606,4597,
2026-09-30,19:14:28.584,1000,322867,4557,341014,4413,316906,4456,337226,4423,244720,4351,306072,4538,296736,4342,354118,4614,298756,4165,324671,4403,287670,4314,291634,4807,252517,4506,332338,4702,299023,4472,307360,4573,
2026-09-30,19:14:29.584,999,329000,4618,348952,4508,324358,4572,338867,4446,259363,4553,308213,4580,300795,4412,370330,4825,317558,4411,343588,4671,301586,4524,286857,4688,260685,4600,329304,4659,309038,4632,313418,4659,
2026-09-30,19:14:30.584,999,321827,4531,331992,4291,311756,4380,328413,4299,247855,4420,293016,4354,302369,4430,347045,4514,306475,4243,313087,4246,284958,4256,290561,4782,253168,4512,323850,4577,296756,4446,303702,4514,
2026-09-30,19:14:31.583,999,323256,4552,349675,4518,321314,4514,339303,4442,258803,4603,301816,4480,294922,4322,347185,4521,303214,4204,315275,4287,290912,4365,278555,4592,259867,4640,321152,4546,309016,4626,304652,4528,
2026-09-30,19:14:32.584,1000,366285,5159,392652,5077,361641,5091,385958,5052,292305,5188,347465,5155,350764,5140,393346,5126,346736,4818,357451,4863,339120,5083,319896,5257,300269,5360,367853,5216,344838,5182,348949,5196,
2026-09-30,19:14:33.584,999,332800,4688,365158,4711,351906,4938,350761,4603,273995,4905,320914,4753,326434,4765,391738,5096,326902,4535,332722,4517,312808,4696,293010,4837,273788,4908,341250,4817,328213,4907,307230,4576,
2026-09-30,19:14:34.584,999,334158,4704,355051,4578,345825,4844,353055,4613,262961,4716,316183,4680,318506,4657,369209,4808,318573,4424,324293,4400,311539,4661,294612,4875,261972,4701,328150,4625,310692,4644,321228,4778,
2026-09-30,19:14:35.583,999,386556,5427,424584,5473,392737,5576,428504,5675,312001,5446,370506,5482,376995,5508,428967,5602,386316,5367,389893,5346,351647,5335,354255,5768,305172,5383,402003,5665,368339,5512,371751,5538,
2026-09-30,19:14:36.584,1000,354659,4984,404306,5216,381833,5362,394320,5161,285039,5045,344546,5106,358167,5235,408734,5339,364244,5059,374816,5086,342471,5133,338431,5582,289214,5155,392116,5528,344155,5149,345521,5160,
2026-09-30,19:14:37.584,999,326117,4573,361346,4658,327966,4613,355799,4665,255819,4509,310150,4629,324699,4764,369436,4806,315929,4385,336003,4562,294786,4414,294839,4860,244982,4355,341519,4835,302127,4546,315025,4671,
2026-09-30,19:14:38.584,999,326274,4575,351439,4545,321525,4521,329308,4331,248764,4397,306443,4559,311348,4562,338240,4404,315297,4386,322194,4385,298390,4465,293116,4803,252842,4504,326635,4622,313786,4707,303889,4519,
2026-09-30,19:14:39.584,1000,315971,4443,340150,4400,319777,4494,328376,4315,248433,4410,295699,4388,296201,4334,320681,4180,305054,4244,314899,4281,294737,4411,281724,4621,254215,4548,325224,4592,286378,4276,303359,4523,
2026-09-30,19:14:40.584,999,354581,4961,388094,4986,354684,5037,359577,4760,279472,4912,334744,4953,334679,4899,378522,4922,341418,4741,357578,4890,338734,5111,328726,5354,283746,5016,356805,5039,338399,5048,348798,5182,
2026-09-30,19:14:41.584,999,353476,4970,380493,4907,352598,4955,368895,4837,285868,5070,339007,5017,334269,4883,386318,5027,347958,4830,354520,4818,336922,5044,333777,5493,278799,4969,358103,5058,334305,5008,344525,5130,
2026-09-30,19:14:42.583,999,345522,4863,381956,4936,366243,5141,375524,4914,277564,4944,336816,5003,332734,4867,382631,4974,339770,4716,362221,4915,327989,4897,314420,5172,279274,4997,365788,5178,337374,5072,345113,5122,
2026-09-30,19:14:43.584,1000,353168,4972,386603,5006,364281,5104,387277,5073,279900,4975,349454,5173,339396,4965,400438,5229,355959,4942,364573,4944,328013,4890,331687,5451,288013,5146,369744,5223,339681,5089,330054,4929,
2026-09-30,19:14:44.584,999,361036,5090,373990,4844,358499,5015,376731,4937,281687,4987,336504,4983,332875,4864,373090,4871,340817,4731,342039,4639,327944,4906,327193,5379,289496,5173,370570,5233,323695,4844,335005,5004,
2026-09-30,19:14:45.584,999,374726,5269,399350,5158,372766,5281,394056,5206,290425,5097,361429,5342,357999,5226,392694,5117,353021,4907,363602,4979,340931,5154,323902,5318,294963,5259,377799,5333,349422,5218,369308,5498,
2026-09-30,19:14:46.583,999,346765,4869,362721,4685,347950,4896,367571,4816,274600,4837,335829,4977,345096,5041,373233,4866,343549,4766,357981,4876,319231,4784,311002,5088,279687,4954,356447,5048,325147,4857,343900,5120,
2026-09-30,19:14:47.584,1000,341045,4795,357421,4635,334139,4701,346918,4539,270094,4730,327929,4881,324344,4756,367455,4814,331751,4611,339128,4609,306455,4574,290090,4719,270558,4788,335271,4742,307420,4612,330262,4946,
2026-09-30,19:14:48.584,999,334280,4710,346999,4500,319887,4500,338260,4431,271152,4802,319144,4738,315665,4613,372495,4853,335319,4664,344360,4681,311554,4658,300979,4934,261588,4642,329643,4662,304017,4545,335048,4996,
2026-09-30,19:14:49.584,999,306271,4321,318717,4131,305661,4287,312571,4087,259667,4619,299149,4451,304071,4454,344485,4482,311172,4334,337005,4563,298074,4454,280709,4608,249124,4452,321335,4553,282858,4247,291866,4347,
2026-09-30,19:14:50.584,999,299080,4200,318730,4130,304673,4261,323318,4229,252031,4507,287792,4266,311874,4562,339128,4420,306278,4257,327188,4435,297575,4446,278591,4591,246539,4425,311083,4397,287332,4302,296136,4411,
2026-09-30,19:14:51.584,1000,328514,4613,365396,4722,330484,4642,344531,4510,260616,4605,316531,4693,317645,4639,362030,4746,335471,4640,344301,4669,312161,4648,301721,4960,254096,4527,343181,4840,312990,4669,333008,4984,
2026-09-30,19:14:52.584,999,363068,5111,408251,5278,368618,5178,395837,5174,300934,5266,352777,5259,362567,5331,402891,5264,373592,5188,383492,5209,348023,5202,339859,5540,296607,5212,385349,5456,349922,5250,367054,5476,
2026-09-30,19:14:53.584,999,304595,4286,334127,4327,327340,4592,319580,4184,248027,4414,289231,4290,311726,4547,351438,4575,308964,4286,315204,4276,297353,4443,284323,4701,248128,4449,319318,4506,296735,4429,320350,4769,
2026-09-30,19:14:54.584,1000,308239,4327,339705,4389,307616,4330,320385,4200,244287,4323,297019,4403,310485,4544,343869,4487,307206,4270,310361,4204,301782,4512,291432,4810,255669,4564,311850,4409,298470,4463,312702,4670,
2026-09-30,19:14:55.584,999,381682,5351,402706,5202,376812,5410,380242,5085,297271,5133,353946,5244,363976,5328,405366,5283,360610,5014,372022,5130,351414,5350,347523,5610,297103,5169,376961,5319,347965,5202,357000,5299,
2026-09-30,19:14:56.584,999,316564,4453,337900,4382,332864,4691,339399,4454,259067,4593,310463,4604,315771,4615,359293,4677,315153,4384,340039,4616,315027,4721,307392,5047,254136,4509,338699,4789,303201,4534,321331,4787,
2026-09-30,19:14:57.584,999,357983,5035,362372,4683,362888,5127,366348,4824,280136,4886,335395,5004,331635,4873,381584,4965,335961,4671,353298,4816,332704,4999,325573,5286,273884,4814,353437,5021,326727,4917,345607,5133,
2026-09-30,19:14:58.584,1000,338138,4754,343948,4455,339455,4768,350696,4579,268306,4794,317366,4695,316476,4636,360046,4678,325902,4513,329608,4474,324093,4840,300272,4947,267080,4790,337675,4769,305468,4574,317757,4734,
2026-09-30,19:14:59.584,999,319860,4489,336908,4360,335769,4709,351657,4603,257946,4618,306523,4536,312427,4562,335996,4368,316154,4383,334492,4535,302085,4512,301654,4992,251365,4534,329223,4652,298739,4459,310585,4624,
2026-09-30,19:15:00.584,999,338864,4765,355353,4590,350114,4916,370495,4849,267096,4768,329875,4889,324932,4754,374128,4868,327247,4538,343865,4671,322694,4825,311430,5145,278402,5017,346903,4907,324974,4864,332926,4951,
2026-09-30,19:15:01.584,999,331462,4647,354788,4592,326798,4586,343319,4499,267652,4781,309687,4596,309007,4533,361346,4692,317084,4402,332282,4503,304406,4544,300301,4969,259542,4659,328692,4662,308457,4620,315201,4681,
2026-09-30,19:15:02.584,1000,547187,7656,571713,7360,533425,7528,572680,7547,445356,7536,498282,7623,508011,7655,574929,7488,527283,7292,549666,7481,494220,7433,492205,7758,444190,7575,524397,7607,485076,7527,524544,7773,
2026-09-30,19:15:03.584,999,393915,5555,387675,5037,380071,5347,394856,5179,311137,5462,360097,5341,377630,5513,413726,5386,369912,5155,389999,5303,357525,5346,339341,5542,306648,5428,389679,5505,361708,5420,387278,5761,
2026-09-30,19:15:04.584,999,352951,4952,359238,4647,354786,4985,368263,4840,282368,4982,339829,5039,348555,5093,383918,5024,343063,4766,356714,4839,339297,5083,322185,5251,279175,4958,361823,5111,331701,4958,353363,5288,
2026-09-30,19:15:05.585,1000,373761,5240,373519,4831,364699,5190,368411,4905,286351,5032,346861,5128,364061,5309,407589,5305,347417,4833,363586,4993,337471,5115,328742,5354,287259,5089,373366,5265,342231,5109,359363,5350,
2026-09-30,19:15:06.586,1000,322251,4517,343460,4438,325871,4585,341704,4470,247360,4394,308249,4571,323051,4712,370285,4828,316346,4412,319398,4353,306119,4587,289417,4765,257231,4587,330081,4665,311924,4675,317460,4729,
2026-09-30,19:15:07.585,999,348468,4907,384537,4973,368802,5183,380050,4980,290411,5118,342317,5107,355846,5226,411637,5376,349029,4858,358583,4854,332341,4979,323688,5294,287294,5078,369265,5228,343012,5148,347230,5179,
2026-09-30,19:15:08.585,999,369406,5193,384747,4968,353993,4984,389709,5116,292319,5083,341524,5084,355697,5216,407437,5328,361000,5001,366250,4969,351697,5287,335795,5447,295317,5199,373476,5295,352843,5293,358512,5357,
2026-09-30,19:15:09.585,999,319118,4485,353431,4555,315442,4428,353604,4641,259660,4622,305334,4524,314113,4583,369511,4810,322322,4466,311258,4228,301517,4509,286808,4727,256626,4582,342076,4830,301021,4506,322633,4805,
2026-09-30,19:15:10.586,1000,362019,5057,384650,4957,352608,5005,376860,4981,293447,5163,333583,4943,343353,5017,398224,5182,350359,4842,359185,4910,327757,4945,311931,5077,297416,5273,382886,5393,343460,5135,347967,5171,
2026-09-30,19:15:11.585,999,319278,4487,338204,4374,311390,4368,350578,4574,250813,4467,295404,4377,300144,4384,361217,4704,304000,4219,317595,4312,292884,4390,274832,4527,256747,4613,336015,4741,298068,4459,307277,4561,
2026-09-30,19:15:12.585,999,342562,4810,381427,4926,349718,4913,367685,4804,282500,5010,326969,4859,322859,4743,378271,4933,328734,4572,344366,4683,323573,4843,304899,4990,285946,5108,361846,5129,320194,4814,335527,4991,
2026-09-30,19:15:13.586,1000,302781,4273,334945,4336,320143,4501,329466,4308,253597,4488,307730,4570,309999,4539,345600,4521,289680,4033,326352,4429,295164,4419,269971,4394,253786,4507,322367,4556,298120,4467,299578,4470,
2026-09-30,19:15:14.585,999,316552,4452,345210,4460,326646,4589,338745,4435,267725,4667,306367,4553,320014,4686,362629,4735,313931,4367,328933,4474,308362,4609,285680,4612,264196,4650,339861,4806,309768,4645,311369,4639,
2026-09-30,19:15:15.585,999,334279,4693,376679,4865,333941,4749,347153,4595,282139,4925,332095,4921,333229,4869,384057,5018,325757,4530,340253,4661,318689,4815,306924,4970,275875,4863,344293,4852,326257,4874,330460,4923,
2026-09-30,19:15:16.585,999,309715,4365,342552,4442,318563,4482,328982,4303,257676,4573,306943,4551,307312,4490,354002,4617,306639,4252,314827,4272,296856,4441,290163,4734,252402,4484,334865,4733,305144,4561,303525,4521,
2026-09-30,19:15:17.586,1000,341071,4805,372563,4812,351746,4931,352596,4593,274092,4854,334939,4977,332960,4878,391309,5110,332411,4611,340982,4621,314550,4701,304157,4961,263656,4666,351761,4978,323580,4858,324023,4839,
2026-09-30,19:15:18.586,999,345841,4861,341978,4407,346193,4859,356846,4674,278894,4964,332097,4918,336284,4913,378317,4947,320614,4452,351359,4772,306952,4609,307283,5033,259654,4634,355436,5019,312054,4667,320492,4789,
2026-09-30,19:15:19.585,999,371305,5220,366707,4741,360512,5068,383965,5031,288204,5091,341358,5055,347262,5076,389104,5065,347009,4826,364258,4931,319612,4791,324189,5295,280435,5001,361217,5119,325214,4875,348376,5177,
2026-09-30,19:15:20.585,999,335654,4717,343115,4433,336712,4728,344764,4521,273788,4866,309579,4595,312369,4575,353610,4610,308964,4300,321247,4366,301359,4511,288658,4759,256741,4596,320729,4539,295218,4439,307375,4581,
2026-09-30,19:15:21.586,1000,320189,4505,327930,4244,306491,4309,324088,4244,250042,4424,316276,4687,309087,4515,341996,4470,302714,4222,308591,4198,296893,4455,287925,4730,248940,4430,308808,4354,292539,4365,295295,4413,
2026-09-30,19:15:22.586,999,325084,4576,352409,4559,328502,4613,347042,4542,264768,4656,316286,4704,321751,4715,346641,4525,314940,4385,327710,4457,305917,4588,311700,5101,265607,4715,336700,4768,301692,4522,312129,4655,
2026-09-30,19:15:23.585,999,308690,4352,322796,4172,315513,4437,335031,4380,248341,4438,293089,4344,301415,4393,346872,4516,307991,4296,321319,4375,293193,4413,291767,4836,249422,4473,311158,4390,292335,4366,293533,4369,
2026-09-30,19:15:24.585,999,322695,4538,329924,4273,315410,4437,336753,4418,247466,4396,297625,4430,301927,4411,348456,4536,313007,4355,322143,4389,295881,4428,295563,4858,261586,4684,325986,4608,303428,4539,303669,4508,
2026-09-30,19:15:25.586,1000,420285,5907,444849,5737,407866,5830,442114,5896,338262,5842,398115,5908,391456,5724,469225,6105,404944,5627,410885,5684,380462,5818,376635,6074,331424,5788,413154,5824,388366,5810,405028,6011,
2026-09-30,19:15:26.585,999,369064,5199,403367,5213,365043,5136,401940,5252,291144,5188,358512,5315,354840,5183,400591,5214,358475,4979,375638,5102,335304,5024,330046,5447,287073,5154,358429,5058,351046,5250,352621,5238,
2026-09-30,19:15:27.585,999,358484,5039,392712,5076,351071,4934,376267,4925,286289,5079,341168,5071,349680,5120,406335,5288,348266,4843,366678,4985,330231,4968,318295,5224,279333,4983,345685,4892,330958,4965,346948,5155,
2026-09-30,19:15:28.585,999,340425,4793,380256,4919,346397,4866,351129,4585,269542,4782,341761,5059,332680,4851,387926,5056,339920,4725,357210,4861,328203,4933,321795,5299,273434,4891,358532,5066,327715,4894,328041,4880,
2026-09-30,19:15:29.586,1000,296881,4172,337600,4367,304362,4279,320205,4193,250713,4457,305982,4524,304402,4446,340075,4432,307950,4291,311283,4238,295177,4421,272717,4485,241678,4323,325762,4598,288703,4320,296715,4412,
2026-09-30,19:15:30.586,999,321991,4519,345246,4464,321638,4522,334666,4383,254146,4533,313148,4636,318932,4655,364053,4735,319329,4428,317961,4330,295418,4425,288992,4765,251250,4485,337599,4763,296227,4431,301299,4483,
2026-09-30,19:15:31.585,999,337048,4747,364502,4706,328402,4608,346034,4529,270086,4765,327451,4863,323411,4749,379357,4946,341690,4747,341540,4647,319986,4788,291368,4759,267775,4739,335014,4743,306306,4600,309562,4604,
2026-09-30,19:15:32.585,999,333918,4709,349124,4522,325698,4567,345845,4522,277736,4906,314003,4684,319077,4689,376092,4901,320719,4463,328957,4465,308590,4622,304242,4997,260518,4619,329507,4673,300797,4519,313969,4672,
2026-09-30,19:15:33.586,1000,339939,4791,369574,4790,347822,4871,360739,4712,269519,4816,318042,4701,317836,4645,370019,4818,321086,4479,335389,4544,316641,4726,316733,5220,265511,4736,343669,4853,330684,4936,333213,4953,
2026-09-30,19:15:34.586,999,320671,4515,341177,4414,316730,4439,347548,4541,258704,4600,292904,4341,302317,4420,359669,4683,302302,4212,308464,4187,297516,4450,280411,4602,252056,4503,331047,4676,300606,4488,315425,4692,
2026-09-30,19:15:35.585,999,372163,5231,380750,4914,342426,4864,394966,5228,286439,5050,336864,4990,342181,4979,384108,5005,349619,4858,352912,4834,336666,5078,319107,5216,281545,4997,377674,5330,340245,5080,344068,5117,
2026-09-30,19:15:36.586,1000,405371,5702,411236,5314,394852,5547,426252,5595,315549,5554,373352,5537,365866,5355,415640,5403,405247,5629,399695,5430,370858,5561,363558,5946,315896,5619,403653,5704,390427,5837,381344,5670,
2026-09-30,19:15:37.586,999,357388,5022,377319,4868,356529,5002,374685,4910,284479,5031,323729,4822,325789,4787,371220,4827,350987,4871,353902,4807,334603,5007,317321,5213,274751,4908,351400,4983,330374,4965,343668,5107,
2026-09-30,19:15:38.586,999,346652,4877,371688,4800,358004,5021,384853,5031,287461,5075,332814,4931,341759,4994,375505,4900,347150,4840,360331,4892,327046,4892,312220,5116,280156,4982,359012,5087,333332,4981,335349,5007,
2026-09-30,19:15:39.585,999,315529,4432,351479,4537,319740,4482,336233,4396,250906,4423,298810,4438,323879,4732,345082,4511,314873,4385,316473,4300,307237,4590,294449,4849,256481,4579,326691,4617,296017,4431,311213,4646,
2026-09-30,19:15:40.586,1000,343471,4817,378022,4881,335422,4782,360618,4782,283093,4897,322703,4784,352960,5155,363675,4753,331916,4617,334309,4590,314409,4747,316916,5121,283606,4950,351806,4969,315201,4713,324813,4840,
2026-09-30,19:15:41.586,999,302056,4243,330710,4293,301053,4229,332357,4347,234377,4168,284796,4223,293160,4288,320991,4180,288715,4025,295245,4011,276927,4133,272962,4494,248501,4440,298413,4220,282032,4216,291232,4331,
2026-09-30,19:15:42.586,999,329269,4622,370933,4794,330716,4654,344908,4530,274616,4813,319940,4769,326761,4798,365414,4782,315467,4386,338847,4603,315043,4705,306413,4972,272492,4800,338704,4800,312517,4706,320760,4777,
2026-09-30,19:15:43.585,999,306657,4322,355089,4597,311182,4382,326232,4276,237438,4223,296054,4401,319286,4684,344308,4487,306584,4276,315525,4282,288281,4318,272303,4488,251740,4486,318427,4502,284627,4278,304496,4539,
2026-09-30,19:15:44.586,1000,333800,4693,362001,4684,325337,4577,340533,4444,256006,4531,302971,4495,322201,4716,346204,4511,320482,4453,327084,4441,304857,4566,288863,4741,263803,4680,336482,4760,304598,4561,321507,4799,
2026-09-30,19:15:45.586,999,367640,5165,400382,5161,357914,5072,371629,4910,304530,5367,344578,5104,352797,5147,402444,5256,352108,4900,357034,4887,344245,5185,321836,5240,287195,5077,386784,5447,333523,4988,354311,5285,
2026-09-30,19:15:46.586,999,338119,4771,372082,4796,323742,4549,353957,4631,273117,4873,313242,4639,335425,4895,367404,4781,319814,4447,344640,4685,308186,4616,295837,4863,264463,4741,351088,4952,322945,4822,323009,4813,
2026-09-30,19:15:47.585,999,360382,5059,397517,5128,360470,5076,379390,4982,286818,5027,349536,5204,355291,5216,407945,5312,356365,4954,357861,4862,332598,4979,311572,5084,295176,5221,374610,5308,336049,5044,354305,5270,
2026-09-30,19:15:48.586,1000,325312,4572,368905,4773,334410,4696,342311,4478,254498,4515,323399,4798,316718,4627,363325,4736,321775,4482,332395,4506,297447,4439,285797,4720,272236,4875,341000,4812,324992,4843,326221,4857,
2026-09-30,19:15:49.586,999,323490,4557,352121,4560,324201,4555,341713,4480,258238,4591,331918,4931,319342,4683,363995,4746,317788,4413,322882,4392,297091,4439,285056,4698,265875,4739,344914,4880,320209,4802,317013,4718,
2026-09-30,19:15:50.586,999,301635,4245,331153,4291,301445,4236,319035,4183,245437,4354,306523,4560,298815,4382,337357,4395,294137,4095,299274,4056,281818,4206,271824,4469,252813,4502,311934,4419,291404,4376,291255,4346,
2026-09-30,19:15:51.585,999,312967,4406,341210,4417,317556,4470,337982,4419,261300,4589,305933,4534,311022,4545,354924,4661,320288,4446,305681,4153,299990,4492,285231,4662,262935,4660,331017,4680,302462,4509,298596,4483,
2026-09-30,19:15:52.586,1000,352895,4971,382730,4949,352236,4951,364588,4769,283201,4987,338920,5035,345269,5065,396144,5172,350469,4876,356529,4842,339062,5075,314030,5159,280691,4978,354600,5025,328565,4937,338357,5053,
2026-09-30,19:15:53.586,999,359838,5057,386426,5000,373259,5241,391554,5118,293737,5185,351364,5216,364513,5323,405078,5281,358991,4989,365975,4964,358658,5368,331837,5445,298746,5318,370776,5235,350298,5235,345000,5144,
2026-09-30,19:15:54.586,999,342274,4829,364025,4717,358214,5025,360094,4702,267730,4777,326026,4831,337926,4927,365920,4763,328410,4578,343580,4664,321181,4799,304417,5036,264499,4736,345178,4867,333280,4976,326124,4850,
2026-09-30,19:15:55.585,999,388151,5435,423972,5467,385730,5525,397919,5320,298517,5153,364837,5411,374523,5471,426199,5550,360786,5024,384609,5316,345386,5271,342247,5541,311416,5452,385823,5436,369103,5504,371881,5523,
2026-09-30,19:15:56.586,1000,342977,4835,372257,4824,340329,4789,375350,4916,268470,4758,323172,4788,338407,4944,375649,4889,327817,4572,357203,4848,323595,4834,318990,5251,281489,5015,357208,5043,340495,5080,340657,5067,
2026-09-30,19:15:57.586,999,316709,4460,338172,4371,316944,4460,340799,4467,249859,4398,295821,4415,316423,4634,350675,4571,304842,4242,312433,4244,298783,4467,285350,4694,250067,4450,322321,4580,294370,4430,304138,4523,
2026-09-30,19:15:58.586,999,342487,4822,356215,4607,337066,4747,358035,4696,264808,4648,306838,4546,331980,4851,362729,4728,329753,4586,336022,4566,333887,5004,315890,5181,258901,4571,340895,4812,316995,4734,324924,4843,
2026-09-30,19:15:59.585,999,322767,4534,340904,4406,317416,4448,339454,4438,259769,4645,301717,4485,311461,4557,359050,4673,322662,4483,333522,4537,327476,4881,283650,4688,249072,4467,322986,4565,304134,4555,312087,4644,
2026-09-30,19:16:00.586,1000,330152,4646,342676,4444,333377,4678,349852,4575,266650,4767,313056,4640,316685,4622,357497,4655,325908,4533,339850,4614,325836,4878,304365,5001,256729,4578,332934,4696,308060,4608,312430,4651,
2026-09-30,19:16:01.586,999,298004,4203,327311,4241,303187,4254,308764,4048,251066,4468,293581,4364,291242,4257,334859,4359,301335,4190,308285,4175,294329,4409,276905,4555,242912,4327,315887,4462,280012,4203,291150,4331,
2026-09-30,19:16:02.586,999,337865,4735,354006,4596,351438,4925,350562,4587,272620,4859,323422,4814,331069,4849,367099,4782,343498,4773,349446,4736,327786,4899,308620,5098,269849,4825,350990,4969,313138,4704,327909,4871,
2026-09-30,19:16:03.586,1000,321680,4518,345784,4477,332751,4669,339748,4437,260060,4648,314963,4662,313453,4571,349939,4565,317290,4411,333591,4533,308668,4621,289571,4774,253175,4544,332908,4709,294285,4413,311926,4638,
2026-09-30,19:16:04.586,999,372331,5243,387613,5019,382009,5350,406108,5317,302946,5348,366725,5424,363313,5310,421458,5494,370038,5158,375019,5090,353613,5298,336220,5513,300367,5353,370786,5239,341889,5115,360025,5350,
2026-09-30,19:16:05.586,999,368019,5159,393649,5075,362317,5160,393691,5247,308075,5411,359828,5330,358461,5213,418635,5461,364396,5078,361366,4985,344894,5269,339078,5545,301581,5340,375844,5302,350920,5238,367464,5462,
2026-09-30,19:16:06.586,999,334384,4698,352692,4566,345852,4864,356284,4655,277946,4950,326212,4834,327756,4785,376788,4911,341604,4743,344605,4681,324529,4874,317945,5241,273875,4897,340200,4795,326033,4875,335133,4986,
2026-09-30,19:16:07.586,1000,355868,4997,380059,4915,361999,5087,386176,5059,293565,5170,331257,4957,354621,5212,390517,5088,343578,4775,361376,4911,338565,5077,321056,5244,278366,4938,356216,5052,338859,5100,346847,5162,
2026-09-30,19:16:08.586,999,365385,5125,388698,5019,365800,5149,400412,5244,303497,5387,352456,5242,356918,5225,398032,5188,358412,4978,379948,5155,346421,5194,328011,5363,291051,5177,366518,5187,351194,5258,363312,5406,
2026-09-30,19:16:09.586,999,343087,4834,360855,4681,344955,4851,364871,4785,287571,5041,344562,5107,346479,5068,368312,4823,331694,4635,353769,4800,329003,4933,312034,5089,287938,5097,346265,4883,330737,4944,330231,4926,
2026-09-30,19:16:10.586,999,351829,4932,385833,4982,360328,5115,370008,4902,297590,5231,362144,5359,359169,5243,390664,5091,345959,4805,353519,4837,343623,5187,321253,5219,295659,5231,376339,5297,349828,5213,352425,5247,
2026-09-30,19:16:11.586,1000,355692,4995,375388,4862,372100,5209,375739,4899,278547,4969,347694,5151,344174,5025,393709,5145,345239,4787,349464,4737,345896,5155,309477,5098,285100,5110,357014,5048,334502,4988,339039,5069,
2026-09-30,19:16:12.586,999,373229,5236,396693,5117,381786,5345,398411,5199,294373,5230,362199,5391,354925,5191,401583,5232,366323,5086,377559,5116,353420,5267,332052,5464,292657,5214,373040,5283,346681,5201,360621,5378,
2026-09-30,19:16:13.586,999,343579,4835,367697,4764,356905,4992,367496,4799,286405,5078,336650,5000,332562,4867,391764,5116,330032,4584,343955,4658,337657,5029,306757,5036,272060,4837,350515,4960,327058,4897,341159,5094,
2026-09-30,19:16:14.586,999,316270,4449,336765,4367,326783,4597,335197,4388,260449,4626,306649,4553,311880,4569,358792,4672,309172,4302,313068,4241,311137,4650,294454,4850,242194,4311,320201,4526,300033,4496,317865,4740,
2026-09-30,19:16:15.586,1000,395282,5553,415925,5370,388081,5513,406248,5386,327059,5612,378008,5596,393104,5723,427338,5636,388141,5395,399682,5469,372161,5602,369370,5922,310690,5391,405249,5710,373113,5567,377345,5685,
2026-09-30,19:16:16.586,999,357213,5020,371045,4811,361417,5084,379283,4976,279073,4947,340678,5058,354139,5179,389923,5081,349472,4854,362465,4916,337735,5053,318823,5242,274796,4904,360385,5095,327697,4900,340140,5066,
2026-09-30,19:16:17.586,999,645187,8977,686647,8782,637327,8971,697571,9158,561868,9146,581725,9182,592009,9168,689827,9059,646751,8944,670635,9040,601711,8930,595571,9070,548527,9069,622115,9155,575049,9148,608601,9044,
2026-09-30,19:16:18.586,999,341790,4818,357465,4637,355494,5010,368529,4840,280601,4950,329336,4891,333687,4887,381203,4965,342415,4773,352711,4792,332509,4983,311209,5109,280237,4982,367594,5192,330059,4948,313166,4657,
2026-09-30,19:16:19.586,1000,312179,4390,329454,4278,325241,4568,336946,4410,247749,4379,302388,4495,310511,4556,346549,4511,309282,4312,319456,4341,296992,4453,284678,4669,257822,4593,321994,4564,300005,4494,297041,4424,
2026-09-30,19:16:20.586,999,361616,5079,377095,4882,358627,5043,389921,5116,284274,5001,349474,5176,347157,5077,395810,5154,353000,4927,370151,5018,335010,5022,312105,5062,296910,5240,377793,5333,351075,5250,348515,5187,
2026-09-30,19:16:21.586,999,372232,5234,382993,4967,368639,5179,393009,5143,286685,5107,355159,5266,358601,5230,402644,5232,368204,5119,365636,4965,364902,5461,324530,5346,300201,5365,393511,5551,360892,5384,383909,5714,
2026-09-30,19:16:22.587,1000,366264,5158,391998,5073,370690,5203,393284,5135,292422,5181,339663,5046,349970,5116,405615,5286,362805,5043,360368,4888,358114,5356,323210,5309,287302,5143,386705,5474,359953,5390,361901,5383,
2026-09-30,19:16:23.586,999,318142,4481,350425,4534,307680,4325,350311,4581,254602,4533,296494,4393,311700,4544,359107,4676,321999,4459,317803,4309,306306,4587,290436,4779,261167,4665,344665,4861,326126,4869,305510,4542,
2026-09-30,19:16:24.586,999,337165,4740,367497,4751,316532,4445,343372,4494,270434,4809,312484,4629,323511,4717,383761,4993,335606,4663,345321,4679,317256,4765,288138,4743,274435,4921,346519,4888,328643,4912,321311,4778,
2026-09-30,19:16:25.586,999,397844,5565,435842,5620,378181,5412,404216,5411,326170,5630,382850,5652,385411,5613,434788,5674,389371,5398,406445,5592,362011,5515,353594,5718,319818,5597,413222,5819,382855,5685,372260,5549,
2026-09-30,19:16:26.587,1000,358220,5050,383796,4978,365055,5132,369954,4861,281385,4931,345426,5118,346744,5065,396502,5175,348651,4864,373376,5078,339491,5092,316307,5143,289058,5110,368530,5195,348397,5211,347418,5189,
2026-09-30,19:16:27.586,999,344070,4832,359529,4656,355364,4992,366580,4796,281791,4936,340156,5087,338333,4976,374821,4907,336238,4683,348308,4727,334418,4987,308554,5028,275252,4851,354579,5030,324171,4877,344892,5155,
2026-09-30,19:16:28.586,999,344695,4839,349666,4541,337737,4746,347119,4551,275928,4879,320733,4752,319159,4663,356155,4661,331760,4620,347093,4708,312505,4669,295470,4841,265935,4724,348840,4927,318832,4769,320465,4789,
2026-09-30,19:16:29.586,999,334447,4695,339949,4407,323118,4528,343848,4489,256516,4605,318645,4725,309182,4508,364690,4736,313020,4348,323836,4393,303521,4533,279857,4632,255967,4590,331600,4678,317891,4748,320750,4774,
2026-09-30,19:16:30.587,1000,354491,4984,370900,4800,343651,4815,361463,4727,268690,4783,330340,4898,330810,4828,399557,5190,330533,4592,355687,4831,318876,4757,299189,4952,277298,4981,354654,5001,321080,4783,343606,5106,
2026-09-30,19:16:31.586,999,335264,4715,357631,4629,326318,4581,338093,4434,268347,4750,322014,4778,323655,4730,379251,4946,332122,4611,345134,4681,319911,4786,289279,4762,267324,4772,338464,4781,307224,4597,322927,4817,
2026-09-30,19:16:32.586,999,356674,5020,376729,4887,349078,4911,374222,4913,297838,5194,341170,5086,350213,5135,407036,5307,363324,5066,374854,5093,343863,5145,324379,5269,288540,5081,361974,5129,340391,5108,350365,5217,
2026-09-30,19:16:33.587,1000,322867,4550,347217,4513,319738,4500,338124,4429,267142,4683,317948,4727,315545,4621,373384,4874,327571,4573,341758,4638,312787,4678,292621,4788,266265,4715,333077,4713,308986,4631,315244,4706,
2026-09-30,19:16:34.587,999,302991,4270,312290,4050,299141,4199,315726,4128,229593,4079,285055,4233,295643,4327,337191,4385,290154,4046,319302,4330,286667,4295,263453,4333,240852,4308,313179,4417,289395,4318,291961,4351,
2026-09-30,19:16:35.586,999,368157,5172,393160,5084,352645,5007,376964,4986,292283,5128,360076,5324,361506,5275,404019,5258,365465,5077,383916,5254,347846,5242,322003,5236,299955,5308,363512,5127,353696,5281,350084,5203,
2026-09-30,19:16:36.586,999,315392,4440,329125,4262,319448,4480,322293,4222,244192,4340,291910,4329,306369,4477,340146,4428,315622,4399,330133,4493,297851,4463,280158,4607,255067,4546,323121,4561,309711,4621,308575,4587,
2026-09-30,19:16:37.587,1000,475653,6639,503228,6455,475880,6654,507528,6619,409306,6726,422591,6657,430226,6628,519596,6761,472392,6544,490381,6593,457669,6763,446300,6895,399652,6649,467083,6842,421234,6676,459679,6774,
2026-09-30,19:16:38.587,999,486474,6819,523457,6731,482511,6833,513355,6770,387723,6644,450235,6804,453221,6738,533231,6963,485625,6731,518884,7077,455066,6839,444129,7097,392219,6782,500011,7146,452384,6882,472007,7038,
2026-09-30,19:16:39.586,999,355510,5001,383267,4957,357186,5002,378365,4933,277235,4915,332659,4924,342922,5011,382625,4981,344219,4774,353419,4794,333952,4995,317825,5244,272852,4887,362840,5118,320126,4784,358151,5331,
2026-09-30,19:16:40.586,999,404748,5664,436017,5618,393769,5579,408255,5386,318075,5534,381544,5649,388116,5675,430352,5619,391055,5421,384045,5261,367461,5549,356561,5797,312038,5489,400324,5645,361268,5393,383326,5706,
2026-09-30,19:16:41.586,999,316802,4468,357668,4636,322066,4514,338067,4413,256778,4551,310759,4601,314559,4601,354494,4614,311402,4333,319236,4337,305451,4574,296025,4870,260329,4648,312759,4422,290251,4344,299024,4448,
2026-09-30,19:16:42.587,1000,319581,4495,346425,4495,332313,4665,339812,4449,254392,4478,302430,4511,312341,4593,348723,4545,310698,4313,320084,4341,297668,4441,286726,4711,255780,4527,316922,4498,294223,4423,304838,4532,
2026-09-30,19:16:43.586,999,351810,4961,382781,4953,363406,5113,378843,4967,292460,5077,343848,5104,354830,5191,381197,5004,356308,4961,363628,4936,336579,5025,330340,5363,289818,5073,358102,5054,340541,5091,344502,5159,
2026-09-30,19:16:44.586,999,316217,4454,349496,4534,321677,4511,322982,4225,259162,4564,303976,4503,313035,4574,341760,4460,297864,4159,329336,4463,307283,4586,288967,4759,253671,4516,310485,4384,293729,4394,311091,4635,
2026-09-30,19:16:45.587,1000,347241,4884,363255,4703,327037,4656,349057,4625,282092,4906,334479,4955,339398,4960,363457,4753,332787,4641,350794,4805,310942,4704,311674,5071,272379,4767,347322,4899,321543,4804,335109,5002,
2026-09-30,19:16:46.587,999,325102,4580,354591,4598,322603,4547,344485,4510,263445,4615,320015,4750,325325,4757,372231,4881,318431,4439,336781,4582,307839,4616,293834,4765,282983,4993,329034,4649,312634,4679,322019,4825,
2026-09-30,19:16:47.586,999,317852,4480,339979,4396,311220,4362,333050,4343,255055,4488,313346,4665,309557,4551,352643,4609,306624,4269,323873,4375,299892,4474,283961,4644,254986,4505,329673,4671,299411,4497,315784,4713,
2026-09-30,19:16:48.586,999,404491,5697,419843,5431,398127,5603,433416,5667,324109,5637,376938,5589,380889,5572,423972,5573,395009,5504,410303,5566,365249,5463,354641,5745,323970,5683,415971,5874,376202,5621,387265,5814,
2026-09-30,19:16:49.587,1000,341684,4805,359340,4655,333355,4676,360658,4721,263339,4667,314416,4662,315870,4616,353974,4617,334674,4653,350167,4752,309738,4624,290858,4790,263392,4699,342112,4840,303987,4554,313822,4683,
2026-09-30,19:16:50.587,999,326772,4588,328328,4245,307057,4311,339026,4440,243110,4308,294293,4363,300330,4395,332060,4326,312311,4338,311262,4223,283483,4231,270958,4448,251292,4494,326173,4606,290399,4347,297998,4445,
2026-09-30,19:16:51.586,999,334830,4703,337383,4360,317762,4439,335663,4398,250133,4461,308647,4579,308573,4511,349325,4546,312036,4342,327580,4437,296925,4433,277356,4589,255426,4582,324108,4575,312596,4683,309326,4611,
2026-09-30,19:16:52.586,999,325999,4579,334684,4330,313408,4402,336188,4408,256396,4509,311102,4642,316455,4654,357815,4668,322317,4488,317486,4307,303902,4549,284886,4644,252884,4465,332481,4714,304885,4589,307037,4585,
2026-09-30,19:16:53.587,1000,312252,4385,325169,4207,305539,4292,329134,4303,247826,4404,296278,4388,307680,4497,356433,4638,318606,4432,311466,4232,288308,4304,270151,4426,242008,4307,321044,4529,299924,4479,292569,4368,
2026-09-30,19:16:54.587,999,329093,4642,374473,4843,329999,4645,351173,4606,265789,4688,302003,4481,317054,4632,372704,4848,318824,4435,329850,4488,300127,4500,290721,4740,268689,4755,352979,4989,311465,4660,317405,4735,
2026-09-30,19:16:55.586,999,372849,5229,420334,5426,364582,5188,385048,5097,302201,5306,353538,5244,357456,5227,411583,5381,363726,5047,376312,5147,342555,5163,324210,5252,302707,5342,387233,5467,360331,5390,361649,5409,
2026-09-30,19:16:56.587,1000,473985,6623,503050,6477,431628,6187,496226,6608,384953,6632,440403,6509,468646,6839,509736,6662,472197,6527,458156,6316,431565,6567,414175,6653,382021,6670,480425,6771,434564,6470,452473,6752,
2026-09-30,19:16:57.587,999,362785,5101,380985,4927,335369,4720,379479,4971,294824,5191,340463,5055,351075,5144,381085,4974,349444,4848,360706,4899,336700,5036,311626,5088,281537,4995,367322,5201,327401,4914,332338,4970,
2026-09-30,19:16:58.587,999,346561,4875,361807,4684,332205,4676,351219,4602,273884,4858,316456,4681,329598,4800,360964,4704,322515,4482,334242,4532,314833,4710,291816,4790,262308,4685,346807,4895,325304,4864,312240,4657,
2026-09-30,19:16:59.586,999,343797,4839,392645,5089,337848,4774,368542,4838,283359,4943,322752,4793,341556,4994,380481,4953,346847,4830,355560,4850,316393,4759,308474,5021,275099,4852,359928,5095,327196,4894,335680,4996,
2026-09-30,19:17:00.587,1000,345832,4875,380621,4932,344645,4852,372104,4881,282241,5000,342289,5072,362613,5296,397226,5175,344922,4793,363209,4939,329083,4946,313331,5150,273082,4866,363089,5129,340309,5070,339918,5055,
2026-09-30,19:17:01.587,999,323628,4556,355970,4604,313995,4420,326876,4286,254013,4473,301543,4479,317544,4651,348201,4534,296907,4136,328536,4464,296761,4458,276708,4523,259782,4602,332584,4709,311121,4657,313755,4659,
2026-09-30,19:17:02.587,999,489544,6862,518110,6667,461872,6499,494231,6480,403867,6808,435380,6732,460388,6977,530907,6904,475624,6578,492226,6709,462854,6945,442066,6949,389869,6612,479334,6956,440286,6855,475572,7042,
2026-09-30,19:17:03.586,999,313041,4420,340884,4421,313707,4403,316574,4142,258889,4600,294758,4383,309035,4524,351771,4574,299974,4183,321816,4371,287772,4317,284857,4673,245996,4381,316991,4487,288565,4327,311666,4635,
2026-09-30,19:17:04.587,1000,324952,4586,358824,4649,319968,4500,349248,4568,262675,4666,304364,4515,323295,4728,362925,4724,320582,4460,343668,4677,303136,4536,301047,4946,262338,4670,334216,4724,308836,4615,325810,4860,
2026-09-30,19:17:05.587,999,411582,5797,431182,5586,400533,5681,418322,5545,326187,5687,372328,5530,384384,5621,430941,5617,389936,5430,389758,5347,374889,5681,369126,5970,332813,5843,415315,5863,384513,5739,389863,5792,
2026-09-30,19:17:06.587,999,352608,4954,359835,4648,347903,4880,359773,4710,281020,4999,329859,4881,340234,4971,390681,5103,348276,4839,360143,4895,323446,4841,332495,5485,281419,5040,355452,5012,340232,5066,336455,5030,
2026-09-30,19:17:07.586,999,367417,5177,378132,4901,355959,5021,374792,4929,293539,5151,344041,5135,356524,5245,416418,5432,359362,4999,377010,5146,339078,5112,320967,5240,292670,5185,352826,5019,340743,5126,340997,5077,
2026-09-30,19:17:08.586,999,365998,5141,361010,4677,345514,4903,365276,4821,272575,4757,343246,5111,352152,5151,389714,5081,346309,4808,361734,4941,330869,5000,315547,5147,288339,5089,364554,5155,338948,5084,343612,5112,
2026-09-30,19:17:09.587,1000,331478,4673,339646,4415,324861,4571,348863,4574,266317,4721,319665,4739,333905,4872,374168,4877,334469,4648,352881,4802,337359,5067,306728,5066,266429,4756,345215,4867,317316,4738,312516,4643,
2026-09-30,19:17:10.587,999,333843,4712,354265,4597,335166,4730,351620,4609,268935,4717,324081,4807,339111,4953,371909,4838,321933,4475,361591,4919,326281,4899,297874,4846,272471,4805,346961,4901,325504,4866,324711,4822,
2026-09-30,19:17:11.586,999,353450,4969,366613,4739,337720,4806,351386,4667,275407,4758,326686,4829,332977,4844,387074,5049,325251,4523,344845,4723,325454,4922,312566,5052,274241,4785,370648,5214,339644,5058,334123,4975,
2026-09-30,19:17:12.587,1000,376869,5311,393949,5092,367755,5171,393366,5142,293578,5114,346493,5165,357504,5243,402676,5275,345927,4814,370953,5033,342658,5117,334615,5435,280634,4940,367065,5204,348494,5240,349620,5230,
2026-09-30,19:17:13.587,999,340650,4787,364189,4709,334469,4697,349700,4579,258808,4604,311440,4612,335611,4895,372198,4848,318004,4436,332507,4514,314021,4706,294708,4864,267548,4773,349961,4941,322331,4818,314891,4689,
2026-09-30,19:17:14.587,999,337529,4759,375318,4859,344262,4841,353600,4622,271276,4829,323022,4780,340769,4966,372673,4863,324146,4509,344883,4689,319365,4772,315578,5206,283839,5064,348359,4908,328601,4908,327186,4882,
2026-09-30,19:17:15.586,999,393002,5530,429632,5561,391333,5551,410722,5407,322830,5634,379415,5610,387714,5651,429076,5610,386976,5380,395039,5405,371754,5599,360302,5857,319939,5652,406251,5731,371027,5544,382265,5718,
2026-09-30,19:17:16.587,1000,367943,5190,381987,4961,362849,5109,396379,5186,294143,5137,351696,5223,363756,5317,393829,5143,358899,5000,386078,5248,355126,5317,338685,5521,288295,5083,374323,5288,331507,4960,349993,5215,
2026-09-30,19:17:17.587,999,364801,5146,378973,4915,344341,4854,389726,5100,284634,4935,334998,4982,350141,5127,391712,5137,356113,4964,383173,5212,340852,5102,329108,5352,292327,5166,358356,5076,331436,4966,336574,5038,
2026-09-30,19:17:18.587,999,320682,4524,347810,4513,325932,4581,339715,4450,244358,4314,307674,4561,315340,4608,344025,4488,320966,4468,335017,4560,297137,4453,280301,4589,257516,4577,324104,4583,308593,4616,304468,4534,
2026-09-30,19:17:19.587,1000,323416,4559,348283,4512,328807,4617,341870,4485,278772,4881,320060,4748,318577,4657,363363,4770,329599,4586,358552,4867,306589,4604,304251,4960,273908,4843,330734,4679,313695,4697,317486,4759,
2026-09-30,19:17:20.587,999,304345,4291,318131,4130,306821,4311,312578,4106,249287,4418,298917,4445,298551,4365,346559,4516,298514,4154,309482,4205,283427,4262,280230,4615,251005,4452,315569,4471,282235,4232,289887,4318,
2026-09-30,19:17:21.587,999,310278,4373,324672,4211,311594,4379,318659,4158,250945,4437,297056,4398,312944,4560,348295,4553,291959,4064,310373,4205,283862,4254,281060,4644,248145,4396,308184,4344,289960,4325,281095,4212,
2026-09-30,19:17:22.587,999,362474,5107,400465,5187,359414,5043,386003,5050,291904,5096,350496,5214,365600,5362,415834,5432,342809,4772,380373,5153,351165,5263,335819,5475,300555,5267,368504,5215,343092,5155,342303,5108,
2026-09-30,19:17:23.587,1000,344367,4855,392081,5082,348495,4912,371316,4885,283110,4979,336640,4977,350926,5114,388563,5045,342412,4757,357837,4879,337180,5086,320932,5290,280868,4976,352515,4975,330439,4942,329711,4902,
2026-09-30,19:17:24.587,999,362974,5115,391187,5065,366067,5153,397086,5210,299512,5291,352176,5236,359001,5247,404672,5257,363394,5058,384448,5232,361770,5423,327477,5385,301611,5370,390810,5529,357471,5372,352515,5247,
2026-09-30,19:17:25.587,999,367202,5160,403672,5218,373983,5321,393516,5214,300547,5231,370793,5505,364865,5330,406430,5293,349525,4865,381754,5246,344875,5219,322901,5245,298369,5252,375329,5297,339541,5082,353425,5249,
2026-09-30,19:17:26.587,999,354266,4980,383304,4955,353854,5036,387827,5130,287194,5002,345135,5103,345461,5033,393565,5134,349250,4854,364584,5015,332873,5033,325558,5317,296809,5233,369123,5199,337167,5027,329877,4906,
2026-09-30,19:17:27.587,1000,394996,5560,409073,5287,388901,5463,410658,5364,312586,5391,367560,5472,386100,5657,407303,5363,377044,5258,402583,5464,356556,5326,345391,5579,311794,5440,388375,5495,357932,5366,352457,5292,
2026-09-30,19:17:28.587,999,325253,4577,356421,4608,323020,4538,337457,4414,260900,4598,310706,4599,317953,4641,358359,4667,311104,4342,333137,4530,307041,4598,294285,4820,253788,4516,335716,4746,302569,4531,300103,4478,
2026-09-30,19:17:29.587,999,310460,4371,320999,4168,292115,4119,321690,4225,238605,4178,288785,4294,295705,4328,327884,4276,301452,4201,302068,4125,289306,4338,280878,4592,247478,4376,297112,4215,280676,4221,284241,4236,
2026-09-30,19:17:30.587,999,330882,4656,339838,4408,296387,4175,331448,4345,252067,4446,294631,4377,310854,4549,335456,4368,294886,4107,314512,4282,289401,4346,275495,4519,252440,4494,306812,4340,286728,4304,297701,4438,
2026-09-30,19:17:31.587,1000,337319,4740,364164,4706,337017,4764,344755,4540,263682,4616,314163,4660,324185,4732,364669,4744,320327,4447,334678,4564,310278,4677,295372,4829,268899,4758,336608,4755,308789,4632,313789,4670,
2026-09-30,19:17:32.587,999,365921,5147,390023,5051,368826,5203,380475,5007,296503,5204,355142,5260,369158,5405,421038,5468,379777,5274,365293,4978,347716,5229,339541,5563,298669,5289,380701,5400,344489,5183,350488,5210,
2026-09-30,19:17:33.587,999,381766,5385,421130,5470,373216,5275,420405,5529,318534,5548,384310,5691,396802,5781,433443,5637,399332,5546,392198,5356,365122,5512,351193,5688,328894,5789,393275,5557,371406,5561,365907,5443,
2026-09-30,19:17:34.588,1000,321882,4527,329341,4276,320715,4510,344842,4515,262091,4656,312065,4610,333908,4860,364209,4731,329957,4590,330831,4503,308003,4635,292669,4815,265437,4757,334791,4724,294279,4406,315960,4704,
2026-09-30,19:17:35.587,999,365112,5132,376496,4865,344317,4912,367578,4910,291270,5048,346915,5132,350053,5108,400803,5216,358616,5006,369299,5091,324905,4954,311338,5043,293495,5161,369887,5217,335703,5020,347250,5163,
2026-09-30,19:17:36.587,999,344272,4847,360954,4685,344026,4853,366376,4811,284185,5014,336239,4988,347239,5070,386962,5035,349571,4869,375684,5109,319932,4809,309718,5080,278774,4954,357973,5061,325534,4877,327386,4879,
2026-09-30,19:17:37.587,999,339828,4780,356443,4628,326632,4609,339397,4469,273723,4795,319756,4767,327825,4805,384799,5006,325629,4548,342500,4651,307711,4630,296108,4808,269386,4768,333517,4736,294577,4442,308685,4588,
2026-09-30,19:17:38.587,1000,339673,4781,342641,4445,338079,4753,345050,4499,278593,4884,318533,4737,325274,4769,368150,4808,327579,4571,343343,4657,320379,4779,299624,4871,275156,4856,346288,4906,308396,4643,312532,4653,
2026-09-30,19:17:39.587,999,324857,4574,336300,4358,305643,4298,326051,4267,262914,4602,307957,4567,311201,4543,354929,4652,316315,4407,334509,4523,316900,4730,284326,4649,257303,4561,332749,4702,292736,4388,297284,4452,
2026-09-30,19:17:40.587,999,329783,4637,359376,4645,326689,4590,340254,4448,268596,4754,314818,4668,312905,4575,373157,4868,328165,4578,347284,4705,326194,4876,296471,4878,269194,4762,336154,4754,317266,4754,312982,4679,
2026-09-30,19:17:41.587,999,367179,5139,396291,5113,361683,5122,381770,5042,281916,4928,343935,5095,359017,5237,394559,5144,362448,5026,364720,4982,348882,5280,329313,5388,290478,5102,371298,5232,338461,5064,345146,5127,
2026-09-30,19:17:42.587,1000,370432,5203,389440,5029,367084,5178,379363,4982,297606,5245,350440,5215,353551,5186,392346,5111,367522,5111,368329,5022,347066,5218,329718,5395,304380,5358,370862,5258,342652,5147,348832,5172,
2026-09-30,19:17:43.587,999,343431,4840,353032,4572,340822,4798,345554,4529,272157,4828,324746,4804,322193,4697,370693,4831,332865,4623,343760,4675,320451,4822,312087,5137,283207,5063,359130,5071,308381,4606,322108,4790,
2026-09-30,19:17:44.587,999,360603,5082,381466,4940,361434,5093,369701,4860,292926,5114,345965,5133,345309,5048,396613,5175,347868,4853,361079,4913,342752,5145,329528,5341,293689,5170,385560,5445,339219,5072,345306,5149,
2026-09-30,19:17:45.587,999,377209,5297,407155,5267,365220,5188,370452,4901,301491,5264,353236,5233,359185,5239,415356,5414,365762,5081,376493,5151,348110,5252,339459,5538,294811,5212,388324,5474,363044,5423,362054,5401,
2026-09-30,19:17:46.587,1000,332850,4679,356603,4606,324271,4548,336097,4409,259974,4577,312721,4632,319341,4650,358729,4689,326068,4528,325725,4409,298548,4471,294773,4825,264376,4701,330502,4663,304652,4553,310153,4636,
2026-09-30,19:17:47.587,999,325205,4565,345712,4479,318430,4469,325865,4286,260448,4568,304822,4543,318499,4671,343539,4493,306008,4267,319106,4329,311059,4658,279048,4545,268683,4741,327087,4644,297325,4471,311032,4638,
2026-09-30,19:17:48.587,999,340914,4802,367741,4763,322837,4535,355664,4671,272034,4765,319384,4752,340984,4986,371686,4865,324201,4517,346734,4708,328803,4928,306132,4983,283220,5004,353027,4997,309257,4636,326239,4872,
2026-09-30,19:17:49.587,1000,365875,5151,374263,4845,356274,5013,374455,4903,296698,5189,343568,5089,343966,5022,394373,5151,346894,4834,363268,4930,348641,5240,320014,5214,303001,5363,368595,5210,324610,4869,345832,5173,
2026-09-30,19:17:50.587,999,324671,4571,367270,4746,322721,4526,338978,4441,265752,4714,306055,4535,307007,4489,362992,4730,312816,4344,335599,4571,307825,4625,302078,4976,267697,4782,326840,4614,313179,4685,312627,4660,
2026-09-30,19:17:51.587,999,345593,4868,371659,4816,350755,4919,360494,4712,279611,4930,324966,4811,314040,4583,355912,4665,329299,4569,335963,4567,333272,4993,303933,4994,281073,4999,345415,4879,326098,4878,317523,4765,
2026-09-30,19:17:52.588,1000,344229,4857,367809,4753,343696,4830,365462,4794,275560,4841,327128,4869,312903,4577,371434,4841,334278,4659,346617,4702,324643,4860,311704,5106,274583,4855,354923,5028,322312,4832,323268,4818,
2026-09-30,19:17:53.587,999,521574,7273,548075,7015,518695,7261,545412,7107,432504,7118,464321,7276,464744,7147,552053,7229,514199,7111,544603,7318,487368,7228,481659,7466,449663,7542,514943,7561,467054,7376,472865,7026,
2026-09-30,19:17:54.587,999,522711,7343,570879,7371,525306,7463,558817,7403,421567,7077,476664,7265,494990,7388,553144,7268,519613,7215,538697,7363,506517,7615,484735,7659,438989,7510,536023,7705,497663,7617,500641,7484,
2026-09-30,19:17:55.587,999,417060,5867,444934,5753,411421,5850,447742,5932,335096,5726,399536,5932,406353,5941,457308,6031,398601,5558,420557,5765,384550,5824,379040,6048,339317,5870,423987,5977,395058,5909,402044,6035,
2026-09-30,19:17:56.588,1000,377517,5299,397863,5124,369660,5259,399085,5296,290648,5044,364810,5419,348355,5098,410699,5355,360136,5012,366952,5044,344981,5237,335062,5416,306219,5365,378562,5335,351533,5260,362063,5394,
2026-09-30,19:17:57.587,999,328523,4619,354616,4581,330626,4652,345848,4521,258433,4518,310442,4628,309202,4545,347334,4548,323391,4502,332950,4522,313916,4710,282505,4580,261092,4577,322515,4578,302843,4549,321490,4802,
2026-09-30,19:17:58.587,999,330790,4663,346092,4479,309782,4348,335702,4390,241656,4248,295380,4384,298368,4360,335231,4386,310123,4322,324305,4410,299628,4506,278970,4563,260247,4597,328255,4639,303156,4545,297023,4446,
2026-09-30,19:17:59.588,1000,372097,5224,414859,5354,375256,5301,403120,5296,301204,5271,349166,5181,359760,5254,410342,5361,378491,5248,383435,5231,355680,5361,339974,5550,298125,5248,379530,5361,361256,5405,360387,5382,
2026-09-30,19:18:00.587,999,374289,5261,407493,5271,373252,5249,403656,5283,293320,5172,346192,5128,357349,5224,408093,5310,367040,5092,371585,5062,351864,5297,343257,5607,287806,5082,373641,5276,342257,5121,361434,5379,
2026-09-30,19:18:01.587,999,342121,4796,372814,4826,349710,4934,363263,4776,264372,4651,317790,4718,325683,4769,366249,4763,326669,4540,340282,4653,313292,4716,304610,4970,269310,4771,337034,4767,317627,4767,330867,4919,
2026-09-30,19:18:02.588,1000,318525,4487,354242,4581,326175,4581,357641,4678,249307,4391,303833,4532,309126,4535,355503,4628,321289,4475,335590,4574,312202,4681,294965,4821,272454,4860,315684,4472,302381,4552,319337,4752,
2026-09-30,19:18:03.588,999,324850,4573,364223,4714,329468,4668,361066,4761,262397,4601,313345,4644,326824,4770,372294,4851,327315,4549,334242,4584,310538,4691,296706,4823,272574,4829,333858,4712,316194,4731,312951,4659,
2026-09-30,19:18:04.587,999,328192,4639,368249,4779,329307,4660,358682,4723,264976,4641,307011,4542,322509,4717,360456,4694,322879,4500,330931,4524,313681,4729,298395,4865,263241,4647,338430,4783,309822,4634,310499,4623,
2026-09-30,19:18:05.587,999,677960,9513,725764,9354,671268,9517,737328,9735,556484,9563,644012,9534,646459,9444,723999,9590,656930,9141,670707,9139,629921,9469,592523,9512,543394,9413,688344,9675,643480,9588,629911,9516,
2026-09-30,19:18:06.588,1000,432020,6078,451539,5853,421567,5941,455987,5979,350972,6033,396284,5958,418184,6167,462094,6021,419050,5854,439531,5971,405486,6074,388734,6265,353105,6131,452895,6451,413245,6257,412640,6144,
2026-09-30,19:18:07.588,999,371666,5230,383930,4975,360687,5118,371235,4930,292598,5094,336993,5024,360708,5289,396977,5176,365306,5082,359983,4924,336921,5093,324898,5246,302763,5312,369498,5240,338682,5084,350010,5214,
2026-09-30,19:18:08.587,999,392475,5505,400723,5192,387834,5459,410639,5390,299782,5278,350065,5203,373051,5462,397476,5174,389653,5407,369095,5021,359497,5416,338778,5535,313867,5582,386127,5470,355967,5350,358662,5336,
2026-09-30,19:18:09.587,999,345868,4868,369318,4785,337554,4735,365187,4780,280379,4962,320953,4758,327577,4783,361533,4712,340877,4740,323589,4403,320170,4826,311158,5090,264713,4707,338953,4789,315712,4719,322862,4811,
2026-09-30,19:18:10.588,1000,334612,4708,355613,4596,341037,4810,341176,4482,271877,4808,321430,4764,319868,4672,365731,4763,320517,4468,332619,4532,308137,4646,300659,4926,264176,4690,337525,4771,303921,4556,309861,4607,
2026-09-30,19:18:11.588,999,368087,5176,395061,5095,359806,5144,382324,5087,307746,5324,345196,5115,359191,5254,413341,5379,361099,5017,373312,5137,339749,5167,340933,5482,292230,5088,382433,5396,331346,4961,342146,5079,
2026-09-30,19:18:12.587,999,353395,4992,387916,5028,355053,4995,379131,4969,302295,5291,345111,5139,370072,5428,403037,5254,358782,5001,368982,5011,346441,5193,331944,5397,284473,5005,369605,5242,330690,4967,328489,4883,
2026-09-30,19:18:13.588,1000,319456,4503,345494,4485,327538,4635,331074,4363,264675,4630,307766,4555,319101,4657,366427,4767,316892,4421,324071,4435,304661,4608,297588,4855,256111,4516,343922,4849,300417,4494,304302,4540,
2026-09-30,19:18:14.588,999,301369,4262,316303,4100,306986,4319,309946,4078,245978,4332,297660,4405,307639,4489,352410,4587,311255,4335,324239,4424,290054,4363,281253,4608,238635,4224,316198,4464,285520,4274,288266,4304,
2026-09-30,19:18:15.587,999,363996,5114,373815,4831,357518,5091,363528,4830,294773,5164,349002,5161,363117,5299,401966,5237,361059,5006,379907,5235,342676,5192,330613,5371,285102,5038,382814,5394,333061,4965,344391,5118,
2026-09-30,19:18:16.588,1000,388870,5459,411008,5318,380260,5377,399869,5266,320080,5624,364774,5390,371419,5427,425477,5571,377666,5238,410147,5581,363062,5450,356025,5784,301361,5303,409338,5770,360625,5389,386047,5787,
2026-09-30,19:18:17.588,999,380313,5350,399571,5169,378178,5314,392783,5137,314986,5524,358296,5338,377837,5545,437564,5694,379585,5272,402359,5459,375733,5616,355000,5784,298324,5281,390272,5537,341128,5134,361083,5363,
2026-09-30,19:18:18.588,999,339109,4761,348791,4514,334530,4711,361628,4751,275898,4882,330091,4883,324976,4748,385099,5021,338484,4712,354529,4823,314849,4738,309201,5081,271980,4843,356110,5034,320869,4790,328787,4899,
2026-09-30,19:18:19.587,999,339924,4769,347296,4490,334145,4718,352916,4668,270999,4769,309066,4576,321991,4701,370888,4829,328170,4557,339368,4640,296894,4503,302143,4950,272335,4847,347010,4908,312105,4669,316068,4708,
2026-09-30,19:18:20.588,1000,324611,4558,346858,4500,338007,4767,337655,4434,259805,4595,300175,4446,314659,4596,368020,4794,316788,4400,330582,4502,297260,4490,293476,4798,263592,4692,337795,4773,303196,4533,305719,4556,
2026-09-30,19:18:21.588,999,340515,4786,355217,4598,336100,4740,344229,4526,268630,4753,318666,4722,323350,4717,370372,4827,315105,4369,340939,4644,304679,4583,304703,4992,258760,4610,334433,4722,311874,4662,323189,4817,
2026-09-30,19:18:22.588,999,328586,4611,334081,4320,315792,4453,330440,4351,254955,4473,301243,4479,314676,4623,354389,4612,305072,4239,308393,4192,288174,4318,289057,4710,255381,4529,325942,4627,286504,4303,302705,4506,
2026-09-30,19:18:23.587,999,344691,4853,372409,4835,352632,4968,367829,4823,283642,4988,340663,5060,340429,4986,399544,5208,350148,4873,348227,4736,333741,5012,313203,5101,277227,4873,349843,4944,322066,4831,328743,4887,
2026-09-30,19:18:24.588,1000,344814,4858,376307,4878,343202,4847,363056,4775,280735,4980,337155,4990,333575,4869,395193,5147,343311,4771,352873,4804,318901,4807,316598,5161,281825,5003,357485,5052,326675,4881,340105,5060,
2026-09-30,19:18:25.588,999,368599,5218,393261,5113,354789,5036,361850,4792,290700,5086,357062,5288,362620,5295,404393,5261,352409,4949,371813,5085,356184,5363,336019,5485,287217,5042,372928,5252,347562,5180,350414,5207,
2026-09-30,19:18:26.588,999,376075,5303,399068,5187,367603,5205,406392,5372,311281,5452,372626,5498,361492,5264,406677,5292,362216,5055,369348,5038,364733,5491,340619,5544,301302,5316,404883,5700,358943,5336,367874,5460,
2026-09-30,19:18:27.587,999,357858,5041,388878,5043,352857,4957,376837,4936,295553,5211,348648,5188,339788,4983,385532,5022,328893,4602,359411,4876,343177,5140,322744,5296,287219,5123,348003,4925,337551,5061,342469,5088,
2026-09-30,19:18:28.588,1000,386750,5442,407538,5270,385370,5414,414551,5444,315287,5543,355068,5258,369771,5392,419301,5465,370415,5159,390438,5324,356604,5355,343509,5600,318094,5643,381434,5389,366839,5480,374769,5580,
2026-09-30,19:18:29.588,999,338309,4762,360351,4643,330407,4672,346463,4572,266119,4693,323629,4800,332596,4858,389220,5061,330413,4584,344808,4713,324568,4896,306607,5036,272161,4839,334327,4737,317708,4761,339770,5058,
2026-09-30,19:18:30.588,999,316108,4441,339966,4392,319271,4498,331678,4359,247329,4375,300063,4455,313801,4584,350256,4560,312010,4335,323063,4407,305189,4585,285054,4700,248870,4424,313941,4442,287140,4297,306080,4552,
2026-09-30,19:18:31.588,1000,338339,4758,344779,4466,338894,4792,337818,4451,254738,4469,311192,4614,320006,4672,359026,4673,322374,4480,328729,4485,316786,4773,287305,4685,265797,4701,328057,4631,301427,4500,319704,4754,
2026-09-30,19:18:32.588,999,333924,4695,350673,4533,344152,4840,339564,4453,269957,4784,313982,4681,324238,4755,374359,4870,324729,4510,339102,4607,325832,4883,301606,4942,269313,4768,342077,4841,313801,4702,328666,4877,
2026-09-30,19:18:33.588,999,332109,4668,348818,4515,334063,4710,343412,4518,265999,4713,308885,4575,317798,4638,351366,4571,318369,4425,321262,4384,303468,4572,283978,4662,251637,4469,341330,4809,300683,4497,305747,4545,
2026-09-30,19:18:34.587,999,354172,4977,381217,4926,356044,5013,372873,4903,284626,5013,327506,4855,351289,5131,387047,5030,348599,4853,345119,4705,341315,5133,319808,5217,273482,4839,353509,4994,322769,4829,335526,4986,
2026-09-30,19:18:35.588,1000,392606,5511,439101,5656,388063,5525,413957,5505,323019,5616,366934,5449,380068,5554,428184,5568,381700,5301,392838,5413,362994,5518,354367,5733,307304,5414,395755,5582,356392,5332,379879,5639,
2026-09-30,19:18:36.588,999,382776,5381,422933,5465,399076,5637,416868,5494,315022,5579,364227,5392,372795,5440,407142,5294,371270,5157,390844,5340,358066,5398,340029,5564,309698,5515,389163,5498,360260,5382,378432,5631,
2026-09-30,19:18:37.588,999,333548,4693,365913,4742,345919,4877,381063,5014,278376,4911,330567,4923,337296,4946,382833,4985,330135,4598,351415,4786,322113,4842,303924,4965,272489,4849,331768,4710,311991,4686,338721,5041,
2026-09-30,19:18:38.588,1000,329381,4622,356893,4619,331882,4661,360986,4729,262344,4635,330212,4909,325980,4771,354263,4625,322840,4486,336972,4577,312534,4674,291879,4802,262372,4686,321452,4541,302926,4541,309456,4606,
2026-09-30,19:18:39.588,999,367672,5163,377685,4889,346188,4897,393448,5182,287944,4999,356501,5297,348833,5100,398685,5196,345262,4808,354505,4839,338452,5097,322741,5226,290765,5113,349495,4934,332770,4987,342393,5102,
2026-09-30,19:18:40.588,999,321989,4524,345527,4467,329883,4645,341860,4490,261792,4666,320012,4749,315465,4604,358599,4668,314228,4371,326726,4446,305590,4575,286543,4721,268771,4796,315714,4462,302219,4513,300628,4475,
2026-09-30,19:18:41.588,999,371368,5210,407105,5245,354286,5065,397516,5289,312351,5434,350094,5187,358136,5240,414339,5387,363637,5064,370818,5103,342458,5188,329418,5310,301875,5284,364858,5160,354433,5298,358348,5318,
2026-09-30,19:18:42.588,1000,324373,4563,345482,4463,309137,4366,337842,4426,260665,4620,304911,4526,318443,4671,345472,4493,316186,4399,321973,4383,295396,4417,285965,4688,252845,4495,332877,4733,303548,4559,297561,4425,
2026-09-30,19:18:43.588,999,326372,4620,349027,4544,319742,4480,338685,4425,258297,4613,316192,4676,320927,4677,359644,4674,312715,4377,334327,4537,294008,4390,289029,4756,258454,4605,341120,4824,310969,4641,315136,4683,
2026-09-30,19:18:44.588,999,364232,5141,396220,5150,363666,5112,384496,5037,291477,5172,343134,5090,341182,4989,391044,5087,348430,4873,371543,5047,326630,4913,328567,5394,284398,5046,363813,5154,334084,5000,336453,5006,
2026-09-30,19:18:45.588,999,400546,5666,446231,5793,404358,5728,440106,5803,325033,5653,380868,5634,373812,5454,432264,5625,391865,5463,404164,5527,365479,5518,367687,5970,333493,5877,416577,5877,378755,5659,388910,5782,
2026-09-30,19:18:46.588,1000,331949,4701,354232,4605,335049,4715,369113,4838,272181,4824,313784,4637,324811,4734,368371,4798,324261,4542,335478,4553,307745,4595,309631,5075,281353,5010,355705,5012,318635,4757,331097,4934,
2026-09-30,19:18:47.588,999,356137,5039,384248,4988,358280,5038,376798,4946,291841,5143,335630,5006,341887,5019,381192,4965,331547,4639,356854,4848,324690,4847,312464,5103,286277,5042,362654,5145,325008,4886,339629,5049,
2026-09-30,19:18:48.588,999,315756,4470,329621,4296,319658,4493,338203,4430,258765,4563,301655,4486,309182,4518,356876,4651,302882,4253,322343,4384,300386,4501,292280,4784,251615,4446,338414,4790,298001,4466,309714,4610,
2026-09-30,19:18:49.589,1000,290840,4102,300802,3904,286881,4031,298490,3916,230586,4082,277646,4118,282478,4126,314304,4086,286698,3992,300481,4084,275713,4135,268864,4441,226070,4030,306742,4334,284801,4263,284903,4241,
2026-09-30,19:18:50.588,999,321500,4550,324838,4224,310635,4375,338051,4434,263460,4614,310958,4610,305266,4466,344859,4485,311066,4366,326628,4440,305774,4580,299232,4895,250227,4436,319796,4523,305215,4568,318789,4742,
2026-09-30,19:18:51.588,999,298625,4246,338667,4399,306413,4311,339505,4445,253219,4472,306263,4544,300172,4379,351046,4569,313292,4396,315328,4286,304152,4558,283232,4660,249868,4452,327019,4626,297399,4445,311912,4636,
2026-09-30,19:18:52.588,999,343027,4878,386979,5031,350282,4913,383996,5030,287000,5056,354618,5276,343313,5031,395513,5137,345644,4851,364486,4937,344809,5154,330288,5395,288453,5125,379300,5376,342699,5140,359058,5338,
2026-09-30,19:18:53.588,1000,343124,4833,375840,4857,358535,5024,380528,4971,286873,5122,350075,5189,342729,4997,385407,5015,348841,4847,363599,4920,341448,5106,320149,5307,285769,5158,361500,5122,329035,4924,347712,5174,
2026-09-30,19:18:54.588,999,328237,4635,364611,4712,344432,4832,353125,4614,269385,4784,326975,4841,315962,4620,367720,4783,333770,4646,340888,4629,317428,4747,307205,5061,267037,4784,339257,4789,315416,4713,326524,4850,
2026-09-30,19:18:55.588,999,335599,4767,386490,5013,340388,4829,368885,4873,290165,5081,341817,5062,330630,4834,391864,5106,354546,4986,355579,4870,333738,5052,325649,5300,286522,5053,364007,5133,325867,4855,342619,5089,
2026-09-30,19:18:56.588,999,365603,5155,417931,5397,384482,5463,406838,5377,321788,5585,362898,5369,367413,5366,426767,5560,374664,5240,388552,5327,358212,5416,351166,5674,306615,5356,400457,5639,366259,5453,370569,5508,
2026-09-30,19:18:57.588,1000,317252,4471,354608,4575,312941,4386,340366,4450,257659,4553,300977,4489,296125,4350,344382,4481,308648,4295,312449,4234,277735,4162,287394,4722,252294,4503,330684,4692,297882,4485,302201,4490,
2026-09-30,19:18:58.588,999,305474,4325,350779,4551,313597,4396,328632,4298,251869,4449,311536,4604,296921,4349,341975,4454,309986,4351,322941,4382,285435,4278,281718,4636,250483,4461,321598,4543,301158,4503,306099,4556,
2026-09-30,19:18:59.588,999,297950,4200,341658,4406,302742,4249,322374,4216,243318,4319,293702,4359,280953,4112,331015,4309,293483,4086,307297,4163,280033,4192,269868,4452,245749,4385,311719,4415,294741,4418,297190,4424,
2026-09-30,19:19:00.589,1000,334387,4695,371039,4777,320636,4515,345948,4533,255194,4517,313181,4647,312677,4569,361950,4709,323857,4482,323501,4408,296596,4467,293394,4825,253515,4488,347421,4907,311181,4656,314001,4666,
2026-09-30,19:19:01.589,999,330390,4644,370041,4786,318373,4473,350551,4581,258866,4617,310099,4600,320869,4674,351644,4581,319273,4434,322267,4381,313661,4709,286473,4754,259800,4647,342976,4839,308036,4616,320393,4773,
2026-09-30,19:19:02.588,999,398062,5587,431498,5577,384071,5407,426933,5603,322432,5679,378846,5618,379349,5542,421726,5489,393896,5452,390202,5325,377958,5684,350826,5720,303290,5357,404833,5734,378430,5683,385047,5723,
2026-09-30,19:19:03.588,999,342932,4807,381497,4920,343917,4827,359292,4701,268581,4814,320588,4741,332885,4851,363388,4725,338743,4701,337289,4586,319300,4784,287164,4761,267316,4802,339366,4781,323981,4831,339997,5058,
2026-09-30,19:19:04.589,1000,332181,4655,363286,4693,322311,4530,354490,4646,267853,4753,315226,4671,316259,4610,353201,4598,325498,4525,329049,4494,306253,4607,303208,4990,260527,4640,342982,4848,317536,4747,324786,4837,
2026-09-30,19:19:05.589,999,398005,5573,430026,5555,381376,5434,417453,5541,325642,5699,387787,5754,371193,5412,428354,5579,388809,5402,387978,5350,355988,5406,358691,5844,315426,5551,408711,5775,373434,5592,380063,5646,
2026-09-30,19:19:06.588,999,347753,4886,375915,4866,357411,5043,384178,5065,281938,4994,342237,5067,345227,5038,371825,4838,354373,4920,360275,4929,330249,4964,317101,5199,280449,4978,362223,5118,330865,4942,339320,5046,
2026-09-30,19:19:07.588,999,331695,4685,390633,5056,349232,4933,369134,4863,299154,5209,354697,5297,347526,5099,391482,5109,367795,5121,354099,4840,335905,5042,328554,5333,282866,4960,354488,5029,316289,4757,335228,4994,
2026-09-30,19:19:08.589,1000,320451,4504,355365,4596,317221,4483,350319,4604,281033,4968,324668,4823,323604,4735,363481,4736,340374,4720,327766,4475,313583,4712,307185,5012,262287,4640,348363,4942,318947,4786,325611,4847,
2026-09-30,19:19:09.588,999,306955,4322,339607,4384,321214,4502,337855,4407,266954,4774,302539,4484,294259,4291,348103,4524,330884,4583,305571,4164,302976,4531,284926,4704,249010,4449,318859,4514,294129,4402,313210,4660,
2026-09-30,19:19:10.588,999,328370,4602,369475,4756,347130,4876,359357,4705,279457,5008,318199,4712,329535,4808,378137,4914,334464,4639,331331,4514,317709,4774,307630,5063,270851,4848,339859,4807,315330,4717,337936,5028,
2026-09-30,19:19:11.588,999,382278,5348,405755,5219,379832,5384,397559,5251,330422,5813,338193,5025,375119,5478,427590,5563,379391,5264,385921,5302,346166,5242,345408,5639,307654,5437,370149,5233,360840,5414,373881,5536,
2026-09-30,19:19:12.589,1000,341974,4809,387007,4995,357340,5035,384134,5045,306791,5397,327628,4896,345096,5077,391259,5088,358853,4982,352657,4815,329589,4954,327340,5352,293698,5201,360603,5122,335842,5053,352655,5244,
2026-09-30,19:19:13.588,999,318936,4478,360599,4665,344003,4835,362490,4752,273357,4804,313653,4655,323289,4729,367368,4786,345937,4810,333033,4531,311203,4660,303572,4963,272810,4847,358227,5071,317411,4757,327303,4872,
2026-09-30,19:19:14.588,999,298190,4189,318817,4126,311246,4383,333166,4389,246166,4331,293184,4341,302824,4411,343756,4466,325026,4521,321197,4392,287136,4317,276697,4539,246379,4382,321637,4540,295536,4412,297382,4423,
2026-09-30,19:19:15.589,1000,356966,5014,383524,4950,364904,5215,395386,5262,294475,5152,353360,5218,355954,5197,396859,5157,376647,5224,368526,5093,328829,5003,335855,5463,295928,5225,368417,5204,359412,5375,351435,5228,
2026-09-30,19:19:16.588,999,323053,4544,330799,4279,310583,4390,347709,4562,262246,4622,310227,4600,319999,4684,352312,4592,334563,4653,343007,4685,309694,4652,294519,4822,266175,4729,326815,4636,305001,4577,324108,4825,
2026-09-30,19:19:17.588,999,314328,4425,342935,4442,315058,4433,333612,4370,262383,4612,296009,4428,317873,4665,362284,4717,334299,4646,323300,4390,289630,4333,293493,4822,251104,4470,317688,4515,302667,4547,307318,4569,
2026-09-30,19:19:18.589,1000,324427,4576,357250,4621,330832,4674,347537,4575,283991,4988,315405,4675,323395,4729,375481,4892,330141,4595,340249,4646,306934,4611,298417,4864,265323,4690,343476,4857,316831,4745,321430,4785,
2026-09-30,19:19:19.588,999,329065,4636,360131,4656,337196,4737,353539,4619,257875,4596,311940,4619,313989,4587,366486,4772,313992,4350,333423,4522,287719,4308,287448,4745,260154,4678,327053,4618,315841,4725,312600,4658,
2026-09-30,19:19:20.588,999,351518,4957,387603,5010,341771,4825,371599,4875,279443,4980,324696,4808,341247,4977,393394,5119,347096,4813,353880,4811,328222,4938,309420,5087,270853,4827,347896,4913,327875,4903,331573,4943,
2026-09-30,19:19:21.589,1000,338581,4762,366824,4740,321961,4532,364536,4777,267527,4759,309892,4588,317306,4633,368467,4797,321940,4474,338828,4602,303668,4552,289286,4778,265158,4730,331249,4676,313503,4680,311759,4649,
2026-09-30,19:19:22.588,999,324754,4558,358796,4623,319292,4498,338230,4439,258007,4559,303930,4522,304788,4470,350234,4558,305789,4235,327791,4459,295346,4431,279285,4570,258441,4596,324117,4585,302581,4537,300981,4486,
2026-09-30,19:19:23.588,999,326432,4587,354142,4576,324262,4570,350064,4587,260159,4596,302715,4491,315586,4616,348618,4541,312682,4343,314031,4280,301966,4531,285022,4681,265748,4736,323290,4574,307337,4617,306080,4561,
2026-09-30,19:19:24.589,1000,364404,5134,392748,5065,356679,5015,391439,5129,283982,5000,349554,5187,352291,5143,390424,5094,351171,4883,360576,4902,340722,5116,323623,5320,287584,5128,358627,5075,342582,5120,340487,5065,
2026-09-30,19:19:25.588,999,351422,4933,395810,5113,352505,5034,384993,5123,294382,5127,353965,5245,355472,5192,390929,5092,347589,4833,353247,4867,323748,4929,319440,5165,291799,5107,361723,5111,344597,5148,341721,5087,
2026-09-30,19:19:26.588,999,354546,4967,379116,4888,348829,4994,360005,4796,284794,4934,325038,4812,346021,5058,386892,5027,337401,4683,352620,4857,317961,4843,304339,4912,292271,5116,360863,5093,330502,4924,339264,5038,
2026-09-30,19:19:27.589,1000,362494,5091,368583,4774,343598,4866,369832,4886,285727,5010,346301,5155,345358,5072,392859,5109,348276,4828,359499,4898,312225,4708,301714,4905,278642,4914,344496,4896,326306,4907,336586,5001,
2026-09-30,19:19:28.589,999,514023,7176,547260,7027,504990,7097,557975,7285,435339,7272,473081,7385,473001,7256,568072,7375,516249,7128,537736,7240,468196,6952,473952,7407,427469,7228,504548,7399,464116,7306,490537,7238,
2026-09-30,19:19:29.588,999,376807,5292,395607,5126,354976,5003,388671,5093,292762,5142,355509,5279,356201,5218,394127,5129,364755,5076,377001,5122,335112,5037,334415,5452,298571,5275,372874,5285,336992,5055,351413,5229,
2026-09-30,19:19:30.589,1000,333968,4699,339667,4402,320844,4522,335359,4412,253074,4465,322748,4779,315862,4608,366645,4764,319232,4438,332629,4544,291523,4395,288084,4712,265466,4715,337070,4758,295701,4424,318612,4740,
2026-09-30,19:19:31.589,999,346954,4871,354201,4578,334575,4731,361834,4763,266634,4687,321587,4765,326501,4768,372787,4849,329346,4571,334559,4579,303770,4584,294777,4805,279474,4958,337781,4772,304395,4559,320620,4763,
2026-09-30,19:19:32.588,999,360053,5073,379945,4923,354067,4996,362001,4773,288919,5057,340500,5080,338182,4966,394319,5133,352590,4897,360854,4913,337093,5060,318165,5172,286023,5039,370939,5261,335666,5047,345692,5132,
2026-09-30,19:19:33.588,999,321438,4518,332809,4312,313290,4405,333174,4366,262191,4647,307677,4565,313736,4585,356729,4639,324012,4506,318554,4326,295371,4429,281154,4612,256047,4562,327339,4643,300212,4503,309158,4603,
2026-09-30,19:19:34.589,1000,319515,4498,333007,4310,314567,4442,345816,4545,263579,4665,300313,4452,324310,4726,353423,4602,312784,4350,324995,4423,295042,4434,287532,4732,254188,4517,322595,4557,293725,4400,303475,4513,
2026-09-30,19:19:35.588,999,364097,5120,397667,5155,371164,5306,393984,5256,312395,5383,364854,5428,362567,5314,412092,5380,362200,5043,382652,5266,335818,5106,345625,5551,309594,5385,385916,5462,350084,5259,355809,5281,
2026-09-30,19:19:36.588,999,342769,4837,353814,4579,326121,4624,354296,4673,276028,4866,323355,4793,314310,4591,365527,4758,332735,4627,342630,4680,313923,4733,312159,5115,268614,4764,347657,4914,319323,4786,320480,4769,
2026-09-30,19:19:37.589,1000,393779,5522,413745,5321,391015,5499,417084,5460,320593,5585,368327,5519,372148,5493,426713,5617,380431,5270,410469,5568,368031,5510,355820,5765,315038,5517,396093,5633,360380,5438,367798,5512,
2026-09-30,19:19:38.589,999,376730,5291,397174,5107,359272,5063,389869,5124,291631,5146,353843,5249,350158,5114,400275,5212,349493,4855,368548,5027,347107,5222,332783,5461,289267,5129,382559,5422,354921,5318,353800,5267,
2026-09-30,19:19:39.588,999,326496,4590,342154,4416,313879,4402,342051,4477,260053,4632,307121,4559,307944,4499,344703,4490,303739,4231,314570,4271,298377,4463,288012,4761,254550,4559,319696,4521,299421,4486,313236,4655,
2026-09-30,19:19:40.589,1000,380115,5324,391771,5059,361444,5111,380189,5009,289224,5044,349651,5203,348612,5115,404476,5272,362527,5036,367955,5023,337878,5082,327960,5321,298931,5252,372517,5287,348614,5235,355504,5287,
2026-09-30,19:19:41.589,999,380968,5333,397255,5126,359227,5122,388199,5156,311334,5459,368184,5442,361584,5271,412725,5376,360754,5000,377100,5183,347449,5263,333244,5418,316304,5557,385893,5432,358129,5329,357036,5311,
2026-09-30,19:19:42.588,999,344447,4831,355310,4598,320864,4518,344935,4531,273930,4833,339484,5049,332411,4882,374514,4878,325448,4520,358337,4873,324318,4866,301423,4955,269057,4776,345775,4898,305157,4586,319590,4757,
2026-09-30,19:19:43.589,1000,300213,4223,312189,4049,291280,4094,318549,4180,241487,4301,293488,4340,288132,4208,326797,4249,283059,3944,317696,4320,283520,4252,271123,4458,233338,4154,319518,4507,276616,4139,279512,4154,
2026-09-30,19:19:44.589,999,328489,4655,339926,4424,324444,4554,366153,4797,285014,5003,308867,4608,315424,4633,367398,4786,333426,4673,345399,4693,322372,4817,310218,5010,272519,4814,350731,4965,320452,4815,323810,4817,
2026-09-30,19:19:45.588,999,355729,5015,371445,4811,332480,4710,384717,5082,303259,5327,345630,5123,335909,4907,396124,5156,353315,4908,356318,4880,325651,4925,326891,5335,287689,5099,379003,5349,336004,5017,345460,5140,
2026-09-30,19:19:46.589,1000,393813,5525,417882,5395,384783,5437,432444,5707,331219,5818,377711,5609,388999,5670,441879,5758,396387,5512,408391,5582,371838,5608,353512,5736,332295,5878,413412,5845,370590,5564,391132,5820,
2026-09-30,19:19:47.589,999,365208,5137,392545,5096,364145,5147,406568,5359,306466,5388,362279,5384,372129,5450,424338,5519,373713,5192,375459,5128,353349,5332,329980,5359,298306,5283,382375,5420,334811,5034,361714,5388,
2026-09-30,19:19:48.589,999,357928,5053,397422,5134,370156,5208,401788,5273,295855,5215,351480,5203,353067,5149,400930,5217,362200,5034,358727,4899,355172,5343,331601,5405,292172,5211,378471,5351,331473,4965,358722,5336,
2026-09-30,19:19:49.589,1000,310430,4365,337492,4360,318660,4471,334032,4383,248349,4410,303629,4498,306443,4461,343728,4471,288539,4015,306063,4173,310397,4646,288509,4746,242513,4352,327835,4638,304602,4558,299935,4451,
2026-09-30,19:19:50.589,999,316311,4447,337760,4359,329034,4630,346622,4558,264151,4695,315405,4668,321333,4685,342715,4467,312750,4340,312665,4264,309783,4662,299033,4910,257225,4605,337920,4771,304365,4544,299182,4449,
2026-09-30,19:19:51.589,999,289394,4088,330186,4280,303582,4275,313272,4125,250538,4453,307442,4557,301226,4398,324712,4223,288016,4008,292597,3994,291459,4383,283561,4655,242176,4320,309721,4382,283167,4239,288689,4297,
2026-09-30,19:19:52.588,999,360433,5069,413168,5328,365535,5181,398733,5260,315993,5518,372304,5549,352982,5184,424424,5527,363902,5069,370541,5065,359037,5404,346383,5584,298231,5227,373973,5316,342950,5151,352931,5249,
2026-09-30,19:19:53.589,1000,338456,4765,369651,4759,338987,4767,377578,4941,291822,5064,337801,5090,339437,5032,392270,5119,344237,4783,342476,4651,338746,5066,324569,5246,285209,4989,346352,4952,315944,4811,331444,4943,
2026-09-30,19:19:54.589,999,320287,4512,350304,4532,316829,4474,355054,4673,266540,4710,308682,4572,319212,4655,365305,4746,311963,4339,320222,4375,309589,4660,290087,4753,252611,4509,329740,4661,307258,4590,323726,4822,
2026-09-30,19:19:55.589,999,370702,5217,391920,5063,349140,4968,370209,4921,287550,5050,331956,4912,353098,5146,395695,5145,346096,4808,362372,4994,332265,5059,323558,5294,283045,5028,364159,5144,340319,5079,348664,5192,
2026-09-30,19:19:56.589,1000,466017,6528,502818,6467,444136,6378,489688,6520,383704,6640,441249,6505,456723,6658,522852,6795,479584,6630,479463,6620,438146,6710,421758,6762,381170,6669,473972,6688,447588,6680,466493,6935,
2026-09-30,19:19:57.589,999,362351,5092,393317,5094,356773,5021,388207,5106,307853,5354,359032,5342,352094,5167,403497,5256,366281,5087,379328,5179,354209,5341,326622,5279,297262,5236,363052,5159,344270,5175,356368,5301,
2026-09-30,19:19:58.589,999,321666,4537,361113,4688,321723,4533,341891,4512,264500,4656,324855,4832,315881,4629,363315,4738,317921,4418,334646,4555,310825,4695,287670,4687,271456,4815,333735,4725,306027,4598,321051,4779,
2026-09-30,19:19:59.589,1000,295838,4152,335189,4345,300407,4224,319842,4204,248485,4412,299982,4441,297767,4351,325235,4232,300950,4172,316713,4306,281575,4251,266824,4398,251417,4501,303234,4290,286889,4278,296352,4407,
2026-09-30,19:20:00.589,999,311733,4386,340481,4403,309204,4371,332283,4374,259190,4571,315645,4679,319405,4666,351264,4574,313716,4354,325766,4437,288288,4348,282936,4615,260793,4639,334518,4735,300782,4500,298835,4445,
2026-09-30,19:20:01.589,999,291636,4109,313829,4074,274123,3847,313128,4091,233281,4154,276451,4096,274362,4007,308915,4020,280640,3897,303231,4117,277055,4148,257800,4252,233353,4179,304781,4309,273989,4098,274865,4091,
2026-09-30,19:20:02.589,1000,307481,4337,332820,4311,299041,4209,334533,4388,253965,4456,298184,4446,290632,4272,345780,4497,310167,4313,312360,4255,293524,4412,283827,4620,258173,4558,315179,4471,289113,4346,302407,4503,
2026-09-30,19:20:03.589,999,315037,4452,340982,4430,307753,4339,345929,4530,270135,4750,314432,4666,307070,4478,355803,4628,321185,4482,335280,4561,314690,4723,298764,4870,261240,4627,312117,4414,302819,4525,307474,4578,
2026-09-30,19:20:04.589,999,332900,4720,363315,4710,332738,4673,374611,4902,279611,4947,327788,4870,324300,4750,370323,4820,329443,4602,353752,4799,328791,4926,301823,4925,276888,4929,342102,4840,327749,4919,324449,4826,
2026-09-30,19:20:05.589,1000,364417,5125,406431,5243,353861,5049,396384,5267,311995,5499,370464,5471,356626,5197,399821,5203,358190,4977,373334,5122,334946,5058,330471,5396,288264,5115,375221,5288,355847,5300,352515,5230,
2026-09-30,19:20:06.589,999,360670,5107,393156,5101,372078,5227,388693,5086,309605,5440,365274,5422,360036,5263,397464,5179,366047,5125,368857,5001,341098,5097,335512,5477,293533,5204,379592,5380,339473,5097,344832,5121,
2026-09-30,19:20:07.589,999,348371,4958,378212,4923,349692,4928,359923,4731,300288,5281,336466,5005,344025,5045,391025,5087,353910,4961,359530,4878,329377,4936,319382,5184,283830,5012,340241,4831,326190,4901,330184,4917,
2026-09-30,19:20:08.589,1000,376734,5320,433807,5617,384030,5405,417340,5499,322324,5644,378723,5652,380155,5575,432138,5626,388621,5425,413628,5640,360214,5406,361308,5808,324279,5693,395193,5599,374504,5625,380758,5674,
2026-09-30,19:20:09.590,1000,325017,4576,352748,4572,327497,4612,340345,4467,259588,4583,313420,4656,305400,4469,342656,4465,317976,4416,333655,4539,308578,4614,294587,4818,270022,4826,322736,4570,306663,4594,310018,4622,
2026-09-30,19:20:10.590,999,311249,4384,355300,4593,302858,4272,328053,4325,263326,4645,296392,4407,305968,4485,353008,4588,308177,4289,317887,4332,278375,4182,283871,4619,257804,4577,306282,4337,293685,4405,304432,4530,
2026-09-30,19:20:11.590,999,335323,4698,362588,4675,324023,4616,353464,4695,271233,4732,325701,4822,322903,4716,369393,4804,339138,4705,347195,4777,306593,4654,301287,4885,271442,4797,331659,4676,322625,4821,319562,4752,
2026-09-30,19:20:12.590,1000,364624,5112,383522,4952,346387,4902,364625,4802,285069,4998,339778,5068,341805,5025,381223,4959,347978,4837,360232,4920,326896,4925,326665,5299,289851,5125,351086,4983,339040,5090,338470,5033,
2026-09-30,19:20:13.590,999,350458,4919,372385,4828,331601,4670,358773,4703,274504,4893,328839,4875,326297,4763,364820,4745,340226,4716,336589,4578,323415,4845,308549,5052,271924,4858,346002,4887,331593,4961,332955,4953,
2026-09-30,19:20:14.590,999,374862,5270,374365,4832,353702,4972,370015,4848,288673,5092,353927,5249,333082,4867,380352,4942,368973,5121,368663,5015,328445,4910,321786,5243,288738,5140,365563,5174,337925,5063,345306,5138,
2026-09-30,19:20:15.590,1000,387729,5448,392902,5067,356337,5092,375648,5007,312934,5478,352220,5208,347907,5085,408353,5309,385146,5334,392918,5407,342037,5203,344392,5594,310556,5512,387107,5459,358600,5358,359494,5333,
2026-09-30,19:20:16.590,999,383442,5393,394608,5106,366082,5157,381459,5042,299328,5223,341870,5090,354023,5189,388860,5094,373282,5181,379904,5174,349146,5248,344774,5596,310558,5465,380058,5384,356487,5354,340980,5112,
2026-09-30,19:20:17.590,999,336689,4742,360961,4671,346431,4888,360263,4761,277615,4848,312839,4657,327118,4801,373439,4857,351720,4899,345374,4720,323216,4881,317869,5171,290659,5156,344785,4885,327938,4922,331189,4920,
2026-09-30,19:20:18.590,1000,399094,5608,436162,5620,402646,5719,428828,5687,338539,5740,398224,5994,385051,5709,456494,5996,421040,5856,413069,5662,381494,5762,377288,6023,334127,5758,410736,5859,389960,5913,390836,5840,
2026-09-30,19:20:19.590,999,357158,5032,391265,5061,361489,5126,375191,4957,297427,5155,354250,5258,329887,4819,392631,5111,372742,5188,358500,4899,339787,5122,328431,5287,288816,5063,375898,5304,345052,5161,353069,5260,
2026-09-30,19:20:20.590,999,318417,4480,351499,4537,325001,4575,329882,4346,259147,4568,311037,4624,312034,4568,347677,4528,328011,4565,322254,4390,306060,4598,296731,4841,264444,4695,333712,4720,298800,4484,308158,4593,
2026-09-30,19:20:21.590,1000,328969,4629,365928,4740,328157,4642,350410,4616,273996,4823,320150,4736,324903,4740,356920,4641,330654,4601,324290,4432,305234,4615,303804,4966,267988,4767,327861,4626,312676,4662,323213,4818,
2026-09-30,19:20:22.590,999,364082,5114,395120,5088,354562,4983,381080,4990,290538,5120,345274,5153,356987,5247,396187,5150,355825,4943,353330,4793,349756,5241,326224,5347,291434,5189,361152,5127,330801,4986,335837,5004,
2026-09-30,19:20:23.590,999,368391,5196,392844,5087,348329,4905,386330,5082,292979,5170,354605,5255,366932,5357,407554,5296,362883,5044,369777,5033,357636,5368,335777,5500,285229,5083,374290,5279,355995,5322,355090,5279,
2026-09-30,19:20:24.590,1000,337641,4774,394716,5119,347703,4886,383432,5009,286336,5054,342806,5083,343412,5019,375813,4890,348384,4864,360739,4903,341886,5126,327864,5375,283253,5048,366337,5181,343926,5148,343313,5108,
2026-09-30,19:20:25.590,999,370925,5250,412789,5349,357026,5079,408644,5420,308657,5347,351691,5228,371267,5426,415203,5399,384996,5373,390453,5355,356699,5399,354360,5713,312993,5495,378522,5346,365431,5461,357467,5318,
2026-09-30,19:20:26.590,999,346561,4880,385117,4965,347091,4927,387247,5126,280133,4887,336451,4990,341169,4990,396398,5163,351466,4874,343241,4706,336181,5080,325420,5294,290738,5109,361436,5097,333779,4991,331255,4919,
2026-09-30,19:20:27.590,1000,348299,4941,379635,4943,348725,4899,374783,4895,273563,4780,333206,4970,339607,4981,381657,4972,343419,4827,355370,4820,333258,4974,319084,5190,266946,4702,356783,5058,333997,5014,333814,4960,
2026-09-30,19:20:28.590,999,362585,5138,394926,5126,356817,5006,391783,5123,285215,5000,338542,5022,352525,5163,390562,5082,347585,4878,368594,4995,351078,5254,324668,5297,281595,4969,362756,5127,337993,5073,345779,5132,
2026-09-30,19:20:29.590,999,315668,4465,352601,4571,318718,4474,343614,4496,260369,4619,315371,4672,314155,4584,343471,4469,327261,4563,332156,4500,301061,4509,299871,4924,257769,4593,319299,4513,305197,4572,321253,4777,
2026-09-30,19:20:30.591,1000,328224,4634,354284,4586,316508,4449,336174,4406,266928,4707,315717,4681,323194,4724,356753,4647,325404,4531,330928,4496,308532,4620,298745,4866,265489,4693,324945,4597,304661,4565,321064,4784,
2026-09-30,19:20:31.590,999,328017,4657,357164,4642,322605,4518,342106,4480,262828,4634,321087,4762,328770,4803,356639,4634,330587,4626,344111,4664,309239,4619,304262,4970,268548,4776,335349,4739,326241,4885,329029,4896,
2026-09-30,19:20:32.590,999,343302,4846,374694,4839,346778,4870,360428,4720,278090,4917,321720,4794,343372,5023,368687,4796,342554,4773,364887,4952,327865,4902,314717,5142,284096,5058,367146,5209,335728,5042,341335,5074,
2026-09-30,19:20:33.591,1000,339841,4806,361894,4702,336585,4724,361162,4738,274374,4859,322263,4773,335467,4890,372474,4851,338010,4722,363610,4941,320068,4791,318203,5216,278658,4959,359774,5083,326707,4895,331793,4940,
2026-09-30,19:20:34.590,999,336972,4751,361058,4668,334816,4718,361274,4751,263534,4660,309309,4587,316228,4619,354228,4609,325794,4527,354398,4827,300576,4531,309305,5078,266064,4749,346067,4888,310948,4657,319227,4752,
2026-09-30,19:20:35.590,999,338527,4750,377018,4863,348495,4970,352513,4684,281736,4918,327183,4856,333278,4881,369610,4808,345442,4788,353406,4854,313371,4782,311308,5056,277817,4890,356617,5039,326407,4884,331359,4921,
2026-09-30,19:20:36.591,1000,347473,4888,384226,4971,348337,4900,380539,5006,283811,4971,319618,4758,343555,5028,383285,4989,352427,4901,366545,5000,325257,4891,332508,5408,285556,5054,354605,5031,332924,5000,330437,4909,
2026-09-30,19:20:37.590,999,332859,4681,351896,4567,328669,4623,344255,4531,265576,4680,304545,4540,316172,4632,350753,4571,308662,4292,337846,4601,300466,4505,302343,4940,268508,4759,320173,4546,306931,4612,309766,4611,
2026-09-30,19:20:38.590,999,312793,4407,332041,4301,326526,4623,336687,4454,259865,4568,314907,4687,320173,4684,358092,4668,313548,4360,326772,4481,306745,4632,300346,4892,256078,4517,317072,4491,294021,4421,303089,4507,
2026-09-30,19:20:39.591,1000,331554,4674,360120,4661,350586,4937,354088,4646,270125,4772,315511,4695,318144,4646,367444,4780,329931,4583,335929,4582,318613,4787,303004,4953,263853,4696,328858,4653,312249,4683,324077,4816,
2026-09-30,19:20:40.590,999,364111,5111,376400,4869,348186,4905,365434,4811,270424,4767,318758,4747,331251,4857,373474,4863,339625,4725,353614,4816,339880,5112,306860,4985,276175,4898,346023,4909,314418,4730,329479,4895,
2026-09-30,19:20:41.590,999,380904,5349,389139,5024,353273,5028,371817,4931,294097,5140,345674,5119,339614,4957,404623,5255,364121,5049,362088,4955,347272,5260,322412,5232,291573,5150,365554,5152,328673,4912,344500,5113,
2026-09-30,19:20:42.591,1000,392203,5511,429523,5557,382589,5388,415172,5444,318058,5553,374423,5592,378267,5543,426588,5554,391913,5450,415629,5654,377767,5670,355174,5751,321809,5681,393711,5584,361774,5442,384654,5707,
2026-09-30,19:20:43.590,999,356108,5002,388098,5016,352185,4959,377582,4956,287825,5090,343452,5090,327320,4779,357279,4651,363888,5040,357717,4884,333688,5025,310642,5090,285929,5097,353042,4989,324291,4845,340479,5071,
2026-09-30,19:20:44.590,999,330575,4661,356193,4615,331444,4670,347552,4570,264272,4676,317457,4718,324311,4745,355640,4628,353288,4894,351894,4807,328421,4933,312624,5113,276844,4940,341792,4836,311528,4677,317073,4712,
2026-09-30,19:20:45.591,1000,343916,4838,379095,4905,336788,4794,359950,4780,280316,4931,324533,4807,331592,4845,372144,4843,348054,4825,349611,4812,317068,4801,307637,5000,277949,4921,348397,4929,313235,4686,330129,4906,
2026-09-30,19:20:46.590,999,340670,4805,384777,4985,345441,4888,370962,4885,277567,4893,331318,4927,347474,5095,394978,5140,355629,4948,369553,5056,328820,4948,328901,5352,292783,5181,365736,5181,327998,4922,345211,5127,
2026-09-30,19:20:47.590,999,344455,4841,389333,5025,350030,4940,368243,4853,283174,4933,337579,5043,342601,5039,368455,4812,345094,4793,351710,4806,320232,4811,315794,5086,286867,5043,353248,5017,319949,4812,330169,4908,
2026-09-30,19:20:48.591,1000,353506,4980,381547,4944,350914,4974,368217,4866,284034,4969,330610,4903,355965,5215,375613,4893,348430,4856,357461,4895,323781,4897,317454,5144,294498,5181,360942,5100,332221,4965,332363,4945,
2026-09-30,19:20:49.591,999,327861,4620,364368,4718,334095,4719,349052,4606,270380,4763,311183,4620,316173,4624,350503,4556,322529,4490,331042,4523,303231,4557,300741,4902,263996,4676,351697,4964,311219,4663,316849,4710,
2026-09-30,19:20:50.590,999,314677,4428,348238,4498,303528,4272,334297,4399,261496,4629,310746,4596,306624,4472,347906,4521,332049,4611,317384,4331,296272,4466,298258,4905,262194,4678,347056,4893,311181,4643,317516,4728,
2026-09-30,19:20:51.591,1000,345823,4854,380555,4919,362333,5109,370366,4867,275904,4875,335734,4990,328470,4801,369644,4812,351239,4874,348416,4757,313590,4709,320449,5271,291527,5207,364621,5159,330987,4957,346997,5163,
2026-09-30,19:20:52.591,999,385330,5418,397155,5142,381192,5367,389219,5121,286661,5008,344944,5162,340695,5015,391375,5093,362741,5060,362045,4939,329238,4942,335532,5464,301432,5312,380302,5405,355063,5336,348092,5177,
2026-09-30,19:20:53.590,999,343267,4831,356308,4612,334743,4706,342740,4508,259943,4552,312057,4628,303445,4440,337682,4406,324202,4516,343973,4677,299950,4486,303370,4932,261553,4627,351201,4961,310239,4633,306828,4570,
2026-09-30,19:20:54.591,1000,338816,4763,365401,4716,338598,4775,353032,4646,269510,4723,311169,4607,313950,4591,356084,4631,332914,4634,338293,4620,313657,4734,297315,4863,267014,4756,343312,4848,321533,4818,323234,4814,
2026-09-30,19:20:55.591,999,377344,5304,388500,5021,356948,5059,392910,5205,306634,5368,359032,5325,348673,5100,395423,5164,370054,5156,378961,5201,351076,5327,344983,5612,310135,5477,379985,5365,355731,5322,354561,5299,
2026-09-30,19:20:56.590,999,388200,5437,408075,5260,389145,5517,410981,5446,313634,5459,368281,5460,352581,5160,387765,5073,378190,5254,385486,5277,359250,5424,355145,5758,322613,5686,395855,5585,375719,5611,368873,5498,
2026-09-30,19:20:57.591,1000,327385,4599,337234,4364,309169,4336,340665,4445,264265,4675,301565,4513,296665,4365,325688,4245,316439,4390,328463,4460,314302,4701,296773,4842,271492,4837,329365,4671,309705,4669,307525,4571,
2026-09-30,19:20:58.591,999,359615,5063,370749,4792,335597,4732,379373,4978,295204,5149,326499,4878,339079,4972,373293,4881,348456,4848,367599,4994,342106,5122,324124,5249,295627,5210,364962,5175,330569,4969,338739,5060,
2026-09-30,19:20:59.590,999,342507,4809,357725,4613,326141,4572,359524,4704,275539,4900,317777,4708,325466,4755,356269,4665,341388,4727,344914,4685,336584,5035,318664,5244,279474,4983,339585,4786,320415,4773,333339,4993,
2026-09-30,19:21:00.591,1000,364775,5123,376073,4874,354456,4978,396321,5185,297877,5272,346974,5157,352090,5149,386605,5055,352272,4889,370359,5022,363575,5453,339629,5565,287427,5114,377415,5341,344259,5157,349862,5231,
2026-09-30,19:21:01.591,999,317184,4468,349904,4514,309241,4342,339171,4439,259867,4636,309452,4598,293987,4302,351717,4580,318191,4423,324965,4414,306430,4587,299355,4935,248968,4431,321425,4553,283239,4248,312541,4648,
2026-09-30,19:21:02.590,999,323682,4557,356512,4598,327233,4591,353099,4630,257253,4548,317955,4731,306236,4491,356211,4638,333222,4638,330407,4493,312400,4687,307686,5032,258006,4573,332864,4708,307100,4611,316719,4710,
2026-09-30,19:21:03.591,1000,324559,4567,351374,4544,328486,4647,359982,4738,257851,4565,307632,4570,317693,4648,358920,4672,337865,4711,340219,4647,315120,4740,304589,4999,270490,4810,356871,5046,316320,4734,328972,4886,
2026-09-30,19:21:04.591,999,371953,5228,399571,5149,355495,5030,384396,5060,296969,5180,344095,5124,357582,5244,399587,5222,364576,5078,367522,5018,350007,5277,339874,5494,297310,5229,378119,5360,339529,5102,359754,5345,
2026-09-30,19:21:05.590,999,363183,5106,400897,5175,359841,5129,384440,5102,289794,5045,349249,5186,348069,5082,392694,5111,351731,4892,353788,4867,336692,5098,320834,5199,294189,5178,370873,5243,342412,5124,352594,5232,
2026-09-30,19:21:06.591,1000,331468,4663,342241,4427,318906,4488,332054,4363,254870,4518,304622,4524,304008,4451,347357,4527,303645,4233,320221,4353,301809,4523,292778,4773,259713,4610,323187,4586,291595,4377,310885,4620,
2026-09-30,19:21:07.591,999,363129,5093,379991,4891,362165,5120,355618,4701,288636,5048,340647,5087,334296,4925,398365,5192,349372,4863,360427,4929,331192,4996,333420,5402,289889,5114,358622,5096,315442,4744,357336,5307,
2026-09-30,19:21:08.591,1000,352425,4966,393091,5078,359347,5070,387748,5085,279973,4937,346241,5145,349710,5124,408644,5324,361726,5033,362779,4944,334477,5025,314066,5113,301838,5357,369789,5242,337167,5059,361328,5372,
2026-09-30,19:21:09.592,1000,378449,5299,417093,5388,393118,5547,407406,5354,302504,5307,357309,5301,368828,5396,424215,5529,379758,5282,379267,5182,348865,5260,328854,5340,319906,5655,384778,5429,363266,5429,365306,5422,
2026-09-30,19:21:10.592,999,329382,4630,345592,4471,345980,4861,360374,4713,265648,4701,301577,4480,312857,4581,353763,4604,324491,4510,335911,4558,307595,4604,283782,4674,266791,4754,333968,4725,309829,4644,328216,4875,
2026-09-30,19:21:11.591,999,351668,4931,371123,4799,357316,5052,382897,5050,279816,4903,333024,4954,333846,4889,380781,4955,357928,4979,354486,4844,339102,5114,307668,5007,282180,4978,347496,4925,326338,4891,335506,4997,
2026-09-30,19:21:12.592,1000,534500,7448,590133,7560,542485,7670,564194,7434,471943,7726,489911,7683,503385,7720,618192,8069,540872,7502,552613,7482,513529,7667,506594,7806,457530,7611,531589,7781,490064,7707,517635,7654,
2026-09-30,19:21:13.592,999,492673,6886,548007,7060,497890,7077,535489,7089,433321,7364,478557,7248,489445,7278,553163,7255,517921,7166,538727,7375,495323,7466,475691,7538,421192,7252,510350,7288,478552,7306,488429,7286,
2026-09-30,19:21:14.591,999,339630,4772,366431,4754,345289,4884,361488,4775,280154,4911,338497,5027,334426,4897,382103,4983,346197,4815,349119,4769,328358,4953,314474,5100,286343,5056,353669,4999,325781,4883,327759,4877,
2026-09-30,19:21:15.592,1000,400340,5619,431915,5586,390589,5588,417823,5580,335675,5792,396982,5889,389244,5700,436363,5686,399289,5544,407616,5606,379289,5774,372593,6000,320354,5575,401123,5674,382957,5730,386989,5735,
2026-09-30,19:21:16.592,999,396804,5578,420125,5432,393521,5527,411304,5406,314073,5545,368663,5485,373207,5478,423712,5526,374808,5213,400457,5444,355531,5336,368949,6031,306475,5431,402688,5716,379785,5710,381704,5672,
2026-09-30,19:21:17.591,999,370580,5194,387832,5002,366186,5155,374253,4917,299715,5296,349651,5210,348640,5118,390556,5085,357062,4946,355606,4833,335007,5039,333477,5458,285549,5046,365746,5196,340126,5118,359204,5333,
2026-09-30,19:21:18.592,1000,370242,5182,387092,4984,356841,5044,376788,4962,295435,5220,330689,4910,346554,5058,378558,4934,347778,4822,360445,4922,322226,4855,328827,5386,275491,4904,353050,5008,327041,4897,341206,5084,
2026-09-30,19:21:19.592,999,365088,5137,395118,5108,362164,5132,382958,5051,282110,4975,330233,4895,334829,4900,389832,5074,353471,4917,354970,4856,328697,4963,328643,5374,284851,5058,348076,4920,342315,5119,341891,5089,
2026-09-30,19:21:20.592,1000,379129,5334,398671,5158,366617,5164,395604,5200,292019,5133,353551,5248,347409,5073,397836,5184,357590,4972,353672,4822,354610,5305,331859,5398,292466,5158,367089,5195,353451,5296,355893,5292,
2026-09-30,19:21:21.592,999,337558,4758,366033,4734,327165,4606,349836,4609,269403,4791,325380,4824,322392,4707,362736,4723,327739,4550,331053,4527,315363,4728,295160,4825,265932,4722,333146,4709,304364,4550,306999,4573,
2026-09-30,19:21:22.592,999,323902,4562,334323,4316,314455,4432,327702,4305,260241,4598,306925,4584,305874,4497,339082,4411,298047,4162,309184,4212,293024,4393,280511,4572,245185,4343,299764,4268,281705,4251,285999,4251,
2026-09-30,19:21:23.592,1000,317668,4470,343917,4436,305359,4328,330475,4345,255088,4477,303148,4502,308398,4511,333318,4339,307980,4279,313126,4285,298918,4504,281967,4588,240856,4248,303671,4299,293167,4395,310671,4622,
2026-09-30,19:21:24.592,999,320304,4502,344592,4447,304756,4301,331917,4366,258172,4568,305153,4541,302534,4428,328631,4285,310135,4309,315989,4304,303602,4551,280282,4560,248302,4388,315445,4464,294709,4417,309773,4610,
2026-09-30,19:21:25.592,999,368332,5161,402910,5204,368963,5231,392883,5185,312780,5492,361889,5363,367309,5362,417402,5463,367796,5107,378163,5179,362455,5486,329925,5376,295940,5223,375201,5296,345413,5153,349886,5229,
2026-09-30,19:21:26.592,1000,387043,5438,416856,5368,380234,5359,396770,5209,312007,5474,361488,5379,370731,5426,415182,5435,383302,5328,388302,5277,372434,5583,349408,5688,313183,5511,376104,5332,353049,5304,359348,5363,
2026-09-30,19:21:27.592,999,384294,5368,415632,5348,374698,5316,408906,5407,314298,5479,359273,5350,356165,5220,409608,5356,367610,5098,375150,5128,354844,5365,348585,5642,311592,5480,383523,5408,349280,5233,354280,5278,
2026-09-30,19:21:28.592,999,365953,5142,388339,5016,363052,5112,399877,5245,291032,5120,339244,5032,339821,4968,394512,5167,353779,4917,380683,5167,330526,4951,331014,5397,303864,5375,367638,5206,355681,5317,351512,5248,
2026-09-30,19:21:29.593,1000,349255,4910,368034,4771,346008,4854,378329,4955,272730,4823,317347,4709,337663,4934,384588,5034,342825,4767,348568,4726,316334,4737,305088,4985,279759,4950,343931,4855,323143,4826,331003,4947,
2026-09-30,19:21:30.592,999,342295,4803,350940,4529,328294,4629,352333,4642,261864,4632,307046,4556,331647,4849,378976,4931,334239,4635,346522,4724,311581,4705,294199,4814,266022,4730,332297,4711,317501,4748,319955,4756,
2026-09-30,19:21:31.592,999,325680,4569,332244,4296,320576,4516,335830,4421,253035,4461,303985,4529,302455,4427,369254,4804,315893,4388,333947,4548,297356,4484,285800,4682,253628,4511,314826,4452,287635,4319,298725,4442,
2026-09-30,19:21:32.592,1000,376906,5302,387429,5005,357323,5055,375262,4955,296367,5147,344454,5134,347798,5099,397825,5182,353678,4917,379029,5173,328165,4956,321388,5190,292190,5115,357590,5074,330167,4967,360497,5348,
2026-09-30,19:21:33.592,999,313238,4408,328297,4261,319648,4495,326075,4286,246324,4372,305129,4521,302797,4421,351061,4576,298438,4148,329615,4470,290862,4362,274267,4516,242008,4317,309478,4379,288592,4328,300673,4464,
2026-09-30,19:21:34.592,999,333075,4676,358719,4638,329638,4656,337799,4453,262766,4635,312450,4636,316991,4640,367175,4775,320921,4464,333421,4549,299639,4516,296904,4858,263463,4650,340688,4826,300999,4525,323552,4807,
2026-09-30,19:21:35.592,1000,382451,5359,417199,5384,382558,5426,388972,5172,302803,5302,355733,5277,359725,5247,408878,5319,364927,5072,394594,5430,352900,5355,342525,5583,305598,5398,395402,5589,362232,5427,365013,5416,
2026-09-30,19:21:36.592,999,343325,4821,376025,4857,347488,4902,348611,4596,275885,4880,332189,4923,331210,4836,372980,4853,325335,4514,349269,4781,312582,4713,314373,5152,273438,4850,362969,5130,327782,4892,330192,4913,
2026-09-30,19:21:37.592,999,349528,4914,371141,4795,358575,5050,371315,4881,287912,5046,340492,5081,333799,4900,393086,5116,322472,4492,364580,4970,323553,4854,319568,5180,289412,5096,364637,5176,314595,4733,327638,4860,
2026-09-30,19:21:38.592,1000,380632,5355,400961,5184,384327,5394,391769,5145,297573,5175,356542,5348,359860,5307,402345,5248,369559,5142,381816,5193,352955,5286,330646,5342,310148,5442,388302,5533,354378,5373,361299,5377,
2026-09-30,19:21:39.592,999,324047,4564,330673,4271,314212,4414,335737,4399,259821,4599,320927,4755,324912,4739,349945,4582,317279,4405,315001,4280,309463,4639,286133,4689,257079,4544,322952,4559,305225,4565,306220,4584,
2026-09-30,19:21:40.592,999,331185,4656,346351,4481,320437,4510,334945,4408,262413,4622,321520,4765,328027,4790,358286,4690,324924,4522,327514,4455,308566,4626,301536,4943,263257,4655,332380,4700,308111,4613,305290,4565,
2026-09-30,19:21:41.593,1000,314626,4435,323916,4205,298086,4190,321588,4209,260066,4615,309171,4584,311031,4556,335635,4383,302181,4206,297808,4033,285520,4272,287541,4717,245942,4361,312357,4413,287995,4314,288977,4308,
2026-09-30,19:21:42.592,999,337210,4733,358529,4631,315732,4501,340805,4515,285482,4996,324830,4827,335908,4918,356376,4637,326227,4533,318139,4366,305014,4617,302429,4902,264880,4646,345333,4889,308893,4629,324681,4818,
2026-09-30,19:21:43.592,999,355168,4998,375803,4851,342270,4829,364116,4775,292100,5135,343793,5099,349660,5111,369510,4841,357164,4962,369303,5016,337056,5043,314650,5111,283677,4998,357174,5049,322506,4839,335533,5010,
2026-09-30,19:21:44.593,1000,347510,4896,384279,4971,363371,5095,382411,5008,290787,5136,346624,5140,347709,5087,376476,4929,351058,4880,376722,5105,339534,5079,323498,5297,287310,5091,365927,5181,336618,5042,348152,5200,
2026-09-30,19:21:45.592,999,349356,4894,373300,4825,353838,5026,377980,5004,288064,5034,344852,5101,347476,5069,380966,4983,351002,4879,375782,5154,338537,5124,317847,5170,291022,5147,362249,5111,339385,5058,358967,5350,
2026-09-30,19:21:46.592,999,314284,4418,336983,4363,321008,4521,341176,4488,266984,4731,301996,4475,308170,4500,341102,4445,312810,4345,331921,4511,303985,4557,282941,4631,256190,4572,325345,4606,290627,4346,311567,4635,
2026-09-30,19:21:47.593,1000,337471,4743,360878,4669,351588,4935,361877,4753,281736,4926,341180,5087,333874,4907,362085,4752,349016,4841,356639,4834,323879,4839,315345,5127,275283,4851,344273,4884,323868,4885,326582,4887,
2026-09-30,19:21:48.592,999,330097,4646,352415,4560,338133,4776,354090,4659,274551,4795,309681,4599,331091,4827,350908,4576,322049,4493,342762,4687,299744,4497,299374,4875,270608,4775,326887,4630,305909,4581,320947,4772,
2026-09-30,19:21:49.592,999,308433,4347,321227,4173,309319,4372,317716,4198,259441,4558,298173,4440,306859,4497,340083,4434,294464,4110,323123,4409,285837,4301,280868,4575,253784,4502,321129,4542,285414,4284,309000,4590,
2026-09-30,19:21:50.593,1000,296350,4174,315882,4088,294617,4162,310910,4109,252919,4453,288631,4280,291851,4261,328578,4278,298206,4161,308148,4213,280409,4210,275519,4510,239487,4248,311077,4394,283377,4254,282134,4193,
2026-09-30,19:21:51.592,999,295516,4157,316696,4099,300430,4243,303479,3998,247990,4366,294979,4383,282281,4139,325264,4233,289451,4030,308794,4214,279122,4180,275468,4501,233885,4136,303695,4299,273350,4101,291794,4326,
2026-09-30,19:21:52.592,999,323987,4556,344050,4449,333342,4683,338666,4433,261867,4642,310709,4624,312447,4589,357770,4650,320284,4449,326237,4432,297093,4447,293861,4812,255966,4557,332505,4724,300474,4514,315732,4693,
2026-09-30,19:21:53.592,1000,345075,4846,355211,4598,340886,4798,364909,4799,267348,4749,319374,4726,328612,4799,350367,4560,351444,4881,336681,4589,319934,4797,307388,5061,267868,4772,346747,4905,320348,4787,330051,4909,
2026-09-30,19:21:54.592,999,354658,4979,359245,4645,352254,4964,366450,4802,276214,4886,315612,4691,335267,4909,372729,4857,350260,4865,351365,4786,319007,4788,320989,5264,280052,4978,359353,5084,336366,5038,337159,5013,
2026-09-30,19:21:55.592,999,385774,5416,377776,4889,349688,4987,394809,5247,282855,4932,344836,5123,351071,5144,396854,5173,357817,4958,369658,5081,348879,5275,330193,5355,288539,5076,367536,5194,343307,5140,366483,5443,
2026-09-30,19:21:56.593,1000,355395,5002,356210,4601,343931,4861,371539,4885,266851,4727,329915,4902,339243,4952,376067,4894,342632,4754,354939,4844,329088,4949,308992,5055,273518,4844,355883,5038,328825,4919,339962,5063,
2026-09-30,19:21:57.592,999,364024,5105,372577,4809,344445,4907,368950,4901,295201,5114,339414,5060,347203,5093,382641,4999,341655,4744,357304,4902,320583,4851,327629,5291,284082,4948,363154,5142,338844,5076,345265,5131,
2026-09-30,19:21:58.592,999,299898,4231,316393,4116,295753,4160,318590,4165,241243,4280,284573,4221,293467,4281,326813,4263,287017,4004,303614,4129,270558,4051,267385,4380,244373,4343,314106,4441,282393,4236,277485,4140,
2026-09-30,19:21:59.593,1000,332162,4674,349573,4533,336539,4748,364916,4794,268693,4674,326231,4846,321875,4714,357012,4697,322528,4483,340087,4626,310056,4640,308424,4981,277975,4848,345743,4891,322479,4825,320601,4820,
2026-09-30,19:22:00.592,999,317046,4477,338293,4392,308618,4345,337169,4416,257578,4576,314005,4650,308997,4517,345066,4495,309368,4310,322810,4388,308223,4602,290657,4740,262077,4653,328983,4655,297448,4443,313108,4674,
2026-09-30,19:22:01.592,999,337382,4744,354563,4580,338939,4772,351234,4616,264679,4653,320774,4775,333884,4895,368103,4804,332133,4606,343256,4664,320369,4788,291867,4749,268066,4734,352972,4991,326530,4899,327480,4894,
2026-09-30,19:22:02.593,1000,339216,4768,349121,4497,338703,4759,348182,4570,260004,4601,311922,4644,317860,4662,388559,5050,335874,4656,334501,4548,310774,4651,293910,4818,268955,4801,356523,5050,321251,4831,327878,4874,
2026-09-30,19:22:03.593,999,1089620,15205,1181909,15147,1073452,15259,1152692,15275,929067,15269,1016453,15444,1028304,15334,1178106,15399,1100217,15215,1123794,15353,1010457,15255,1012806,15662,927042,15511,1092771,15638,1011465,15486,1037115,15426,
2026-09-30,19:22:04.592,999,350917,4942,391968,5069,350847,4928,371694,4879,288494,5076,333449,4944,334742,4898,368310,4803,356000,4965,360662,4909,328051,4931,311240,5069,284658,5044,359449,5082,330682,4950,338021,5023,
2026-09-30,19:22:05.593,1000,396353,5565,438590,5671,407838,5818,428993,5704,344317,5934,387035,5732,401239,5860,426863,5567,406107,5645,421506,5812,376347,5737,375115,6019,329888,5756,430109,6067,375634,5611,390421,5809,
2026-09-30,19:22:06.593,999,333156,4682,344398,4462,327938,4627,344068,4535,264794,4622,325814,4827,328749,4802,359025,4674,326614,4553,329432,4504,307803,4646,298508,4864,270183,4789,349833,4950,303586,4558,318195,4735,
2026-09-30,19:22:07.592,999,328695,4608,349611,4528,322950,4576,348567,4615,257119,4500,322998,4804,343129,5035,361804,4707,330072,4587,338039,4627,303256,4591,305358,4979,268156,4739,358000,5075,306647,4603,323731,4808,
2026-09-30,19:22:08.593,1000,335339,4725,360041,4670,328890,4645,358335,4722,274372,4826,328242,4884,343944,5030,377161,4915,334343,4674,350315,4796,328228,4945,315724,5143,274862,4859,354214,5020,308290,4643,324329,4829,
2026-09-30,19:22:09.593,999,322195,4528,331039,4289,308490,4354,335773,4429,265758,4706,315257,4684,310219,4533,346833,4513,304609,4251,315310,4305,303860,4580,289750,4720,251997,4471,322624,4569,286900,4299,301783,4484,
2026-09-30,19:22:10.592,999,316739,4468,332991,4309,320957,4519,335171,4411,262992,4625,320056,4741,317504,4637,350806,4563,313644,4377,318013,4332,306792,4606,293102,4763,251104,4457,333639,4716,307029,4593,305113,4538,
2026-09-30,19:22:11.593,1000,323940,4573,359150,4645,320987,4525,343159,4511,268038,4750,316946,4694,311998,4556,356480,4634,320417,4465,333119,4557,317260,4785,291956,4767,269625,4801,340627,4814,315248,4699,308627,4593,
2026-09-30,19:22:12.593,999,376131,5264,393120,5059,380737,5409,399633,5295,306603,5358,351187,5210,350311,5133,397726,5172,350876,4873,363312,4977,352092,5334,347866,5632,304260,5344,393583,5561,350246,5241,352488,5242,
2026-09-30,19:22:13.592,999,337179,4740,369294,4762,344022,4828,348504,4561,271613,4814,326323,4835,333113,4862,374511,4891,340193,4721,340397,4626,322783,4833,310495,5084,263211,4688,348972,4931,324547,4851,325286,4860,
2026-09-30,19:22:14.593,1000,328240,4620,351194,4540,352594,4956,354413,4639,271877,4793,324702,4829,320139,4695,360324,4704,319784,4460,330287,4495,312219,4695,298934,4889,272493,4851,335933,4756,304784,4572,313721,4680,
2026-09-30,19:22:15.594,1000,383743,5398,396789,5147,390759,5544,399975,5305,305372,5330,362768,5379,358438,5242,407247,5325,372970,5204,389226,5333,341600,5155,348131,5623,312714,5494,373558,5282,341815,5118,361102,5389,
2026-09-30,19:22:16.593,999,365609,5146,393558,5096,374328,5294,399077,5258,322399,5606,352892,5239,372784,5450,412105,5388,371967,5187,382221,5225,362249,5455,351974,5679,311892,5452,376799,5326,338243,5056,352084,5253,
2026-09-30,19:22:17.594,1000,335486,4718,358089,4653,329259,4642,333715,4369,277286,4856,308906,4613,316215,4644,361527,4740,325075,4534,336710,4579,312204,4672,301773,4894,266181,4685,326492,4633,307208,4618,314286,4713,
2026-09-30,19:22:18.595,1000,320278,4498,335503,4348,312587,4404,328218,4307,266699,4691,312848,4638,310122,4529,352734,4611,316075,4401,322987,4399,298491,4484,298003,4840,257324,4565,313558,4420,295278,4412,309109,4633,
2026-09-30,19:22:19.594,999,302591,4262,329774,4275,288059,4040,310497,4069,252081,4453,303585,4500,296110,4334,346394,4525,290944,4040,302860,4117,286848,4301,289100,4713,246429,4381,306443,4330,283471,4251,301829,4519,
2026-09-30,19:22:20.595,1000,356918,5017,384416,4974,343768,4828,369716,4831,301488,5328,354203,5258,351689,5152,395506,5169,364733,5070,361548,4921,338255,5074,324872,5288,297121,5274,358834,5072,332701,4998,339739,5079,
2026-09-30,19:22:21.595,999,365856,5154,382373,4936,342747,4811,362687,4739,298448,5259,350308,5196,344480,5047,382357,4995,357241,4951,364141,4949,335483,5019,327972,5363,284580,5050,359110,5072,321878,4823,327336,4893,
2026-09-30,19:22:22.594,999,381760,5357,409698,5288,366774,5166,385657,5066,317410,5558,357337,5310,365233,5352,409867,5346,380640,5279,381626,5199,349587,5258,358206,5833,296892,5245,372800,5283,339361,5086,356935,5307,
2026-09-30,19:22:23.595,1000,336833,4740,370606,4781,322948,4563,351830,4639,283155,4986,325410,4808,329120,4796,371981,4840,332088,4616,345445,4741,331682,5010,318521,5201,267259,4735,352399,4976,311898,4663,316814,4712,
2026-09-30,19:22:24.595,999,345894,4878,378250,4904,343774,4848,367384,4830,296647,5239,320427,4758,332594,4855,366108,4767,332111,4632,345623,4728,332940,4998,318008,5204,278713,4933,359046,5073,329693,4933,324602,4832,
2026-09-30,19:22:25.595,999,337903,4776,367852,4772,339915,4837,349897,4640,283740,4982,328075,4849,330416,4814,369416,4808,332522,4624,345034,4743,326737,4950,316781,5180,271942,4800,353435,4987,325997,4865,330511,4918,
2026-09-30,19:22:26.595,1000,336140,4747,375227,4856,344526,4864,353470,4652,282264,4964,319468,4754,339213,4968,370646,4826,347366,4827,357931,4887,314294,4736,332008,5408,269455,4775,348214,4939,325943,4902,318417,4733,
2026-09-30,19:22:27.595,999,384740,5412,408439,5279,390912,5594,402855,5364,332549,5710,372295,5524,387863,5667,422702,5512,395712,5488,399654,5507,360948,5496,367573,5894,316830,5501,390421,5533,371342,5553,375742,5580,
2026-09-30,19:22:28.595,999,359954,5082,382370,4964,352714,4983,383905,5065,294156,5185,343489,5099,347259,5077,397552,5182,361138,5031,371871,5096,346569,5222,335508,5460,293370,5173,360182,5102,333871,4997,345371,5147,
2026-09-30,19:22:29.595,1000,333047,4702,343769,4439,325337,4574,347998,4566,275084,4860,328792,4886,320731,4688,370616,4818,328375,4567,341661,4674,302478,4563,292818,4791,268454,4777,316849,4503,304926,4575,329820,4906,
2026-09-30,19:22:30.596,1000,328710,4630,344010,4455,324986,4575,356403,4688,269984,4775,324092,4795,321020,4682,354240,4613,322408,4489,329818,4506,298360,4486,298292,4886,265936,4741,334665,4731,300112,4474,316728,4718,
2026-09-30,19:22:31.596,999,358379,5024,379138,4895,352424,4964,392300,5153,298746,5316,356709,5283,344163,5022,395558,5148,364002,5044,363466,4972,347363,5219,320544,5265,285415,5114,372344,5270,324050,4850,340327,5065,
2026-09-30,19:22:32.595,999,391538,5488,399338,5145,379013,5348,417079,5474,306368,5374,373099,5551,361079,5298,411858,5358,378121,5250,392896,5375,358937,5401,346686,5648,302692,5368,392138,5562,353325,5300,368984,5482,
2026-09-30,19:22:33.596,1000,353075,4963,378547,4903,358288,5033,385389,5049,290418,5096,341892,5077,332448,4859,381361,4980,361531,5040,368395,5013,330700,4970,323672,5267,278949,4924,367062,5190,325412,4875,336071,5000,
2026-09-30,19:22:34.596,999,353098,4963,372284,4823,363257,5095,377604,4935,287445,5062,350643,5182,338772,4946,379936,4998,367719,5124,372907,5069,322884,4835,314864,5114,283033,5016,367825,5191,324946,4847,326731,4903,
2026-09-30,19:22:35.595,999,495898,6951,531042,6847,490296,6950,514454,6801,414130,7072,478859,7096,479724,7027,520321,6928,483517,6725,512875,6997,454231,6847,442896,7024,403705,6967,498582,7051,453865,6810,446838,6785,
2026-09-30,19:22:36.596,1000,575321,8087,628291,8124,581419,8163,631204,8261,469818,8063,549370,8232,555775,8184,630513,8294,589966,8213,606709,8236,546101,8175,537291,8592,490756,8535,594099,8449,565125,8529,553681,8321,
2026-09-30,19:22:37.596,999,355784,4998,381730,4939,363848,5147,367809,4847,286331,4975,335474,4978,342355,5014,400366,5206,353311,4915,372562,5094,341507,5138,321973,5206,282524,4977,368094,5215,331883,4989,344585,5109,
2026-09-30,19:22:38.596,1000,371945,5241,401293,5197,368498,5191,397000,5215,301213,5223,346799,5180,360565,5294,414217,5390,358425,4996,365396,4972,337402,5077,328389,5292,293060,5141,377634,5358,348102,5244,361860,5381,
2026-09-30,19:22:39.596,999,347594,4883,384457,4974,353784,5016,380504,5023,289974,5092,335130,4960,346800,5053,399030,5197,350787,4871,352838,4851,320166,4868,320509,5223,284886,5050,361920,5107,323899,4842,344601,5135,
2026-09-30,19:22:40.596,999,342059,4823,370913,4795,342957,4824,375934,4920,285623,5068,328199,4855,337894,4930,379315,4942,328112,4560,346074,4713,319062,4795,317776,5221,270571,4841,340221,4806,318172,4757,330964,4934,
2026-09-30,19:22:41.595,999,330225,4643,355067,4583,326454,4607,362225,4751,263798,4669,314943,4664,313505,4581,352710,4592,314973,4374,320856,4400,302152,4558,288840,4707,258474,4607,322244,4558,307549,4600,316887,4711,
2026-09-30,19:22:42.596,1000,356765,4993,384805,4958,354381,5056,383626,5102,300208,5187,342867,5104,344502,5035,389541,5065,364712,5057,358842,4957,333639,5072,318309,5140,290755,5103,350565,4953,333947,4999,345408,5119,
2026-09-30,19:22:43.596,999,319214,4487,356869,4624,323828,4568,342755,4503,274876,4854,312374,4616,324518,4735,360824,4687,332138,4626,328120,4495,302814,4565,294240,4830,259859,4658,326169,4602,302417,4516,305532,4542,
2026-09-30,19:22:44.596,999,343501,4839,387648,5019,356409,5022,365014,4790,306947,5380,346998,5162,359414,5273,386194,5030,365514,5090,365225,4972,341576,5130,321699,5223,288015,5084,359734,5088,333905,5007,345403,5137,
2026-09-30,19:22:45.596,1000,344761,4846,379551,4905,335099,4757,372181,4920,281149,4930,339702,5027,335539,4892,377187,4908,341962,4760,343080,4722,311062,4736,314895,5134,273810,4860,350262,4936,334581,4991,333993,4971,
2026-09-30,19:22:46.596,999,348367,4898,381636,4939,331587,4696,384341,5056,283309,4963,330746,4896,335440,4901,382477,4989,351099,4877,360054,4933,334574,5054,320473,5211,289171,5112,358916,5077,326421,4876,328066,4892,
2026-09-30,19:22:47.596,999,336885,4718,361608,4679,324376,4599,364331,4811,285151,5000,331896,4943,325311,4774,364699,4746,339365,4714,358252,4915,321324,4858,320173,5209,280916,4954,351135,4969,310645,4656,319661,4750,
2026-09-30,19:22:48.596,1000,328011,4621,371218,4803,336627,4760,384522,5056,288523,5072,330949,4901,332581,4853,373860,4863,346968,4843,353987,4828,327807,4925,324608,5290,288191,5105,351194,4955,322969,4820,336174,5004,
2026-09-30,19:22:49.596,999,344915,4860,391512,5053,368170,5164,407015,5338,293134,5166,348590,5173,357809,5233,406125,5290,369303,5130,371330,5053,337804,5066,327050,5354,292559,5199,360348,5087,343319,5128,344477,5117,
2026-09-30,19:22:50.596,999,326238,4608,363568,4703,335348,4731,371307,4884,280123,4955,321003,4765,336513,4923,387827,5045,332379,4628,343078,4699,315435,4749,295621,4838,271579,4822,338135,4778,314479,4707,321184,4774,
2026-09-30,19:22:51.596,1000,326968,4589,333996,4311,312980,4437,341615,4528,268706,4725,309160,4584,308386,4500,365589,4762,316437,4401,321951,4423,295818,4465,294192,4791,261898,4650,310509,4382,297181,4438,306995,4562,
2026-09-30,19:22:52.596,999,328856,4631,366798,4730,325785,4610,349355,4610,281464,4934,321689,4788,336836,4937,378541,4929,322081,4489,342619,4693,309165,4646,306403,4974,263806,4662,334668,4736,317294,4753,317240,4723,
2026-09-30,19:22:53.596,999,294606,4152,328357,4251,305943,4293,322403,4231,247852,4378,295103,4367,304926,4448,348167,4532,300809,4186,310182,4230,298608,4475,278603,4572,251297,4465,317972,4486,301247,4498,293128,4368,
2026-09-30,19:22:54.596,1000,299770,4216,329690,4264,320727,4516,327651,4315,262913,4633,296882,4396,297694,4344,351494,4576,300145,4185,311961,4273,299820,4516,288802,4728,254451,4522,321003,4524,307310,4581,295238,4384,
2026-09-30,19:22:55.596,999,355373,5011,391605,5069,363059,5173,383534,5113,315188,5457,352146,5222,350228,5118,404092,5260,351455,4912,379098,5232,348397,5283,342941,5509,298734,5215,391043,5508,351271,5247,352520,5234,
2026-09-30,19:22:56.597,1000,428790,6027,458948,5935,421749,6012,443649,5906,347179,6005,412914,6101,412367,6005,463035,6041,429713,5948,433936,5990,407517,6182,391933,6286,357843,6234,445353,6283,406647,6063,418688,6232,
2026-09-30,19:22:57.597,1000,379405,5334,418092,5400,397898,5651,402291,5354,318697,5525,376126,5608,369355,5415,443039,5762,387694,5392,400389,5520,374933,5680,368738,5973,312906,5477,408230,5766,381060,5695,388900,5763,
2026-09-30,19:22:58.597,999,345869,4873,379773,4906,366654,5179,393814,5199,286361,5050,352254,5214,351080,5130,403155,5245,357990,4975,367605,5034,340069,5124,332889,5448,287122,5086,363762,5123,342588,5099,334441,4992,
2026-09-30,19:22:59.597,999,332334,4696,380034,4926,349674,4943,365479,4827,285879,5050,330812,4899,322739,4716,383098,4982,337638,4696,349765,4796,326373,4914,314800,5129,278832,4968,348065,4907,340471,5080,327277,4876,
2026-09-30,19:23:00.597,1000,342796,4833,379734,4922,339279,4781,374347,4898,296564,5190,340853,5053,336018,4914,374190,4867,328095,4564,351225,4794,326788,4919,313228,5081,281380,4966,366004,5164,338670,5058,318089,4737,
2026-09-30,19:23:01.597,999,345440,4869,363497,4711,338362,4779,357038,4718,278799,4888,331500,4918,328631,4805,395712,5145,334665,4649,359682,4921,308167,4648,305564,4960,277848,4914,356409,5045,330450,4938,331221,4917,
2026-09-30,19:23:02.597,999,337121,4735,351277,4543,325779,4579,353725,4638,277686,4918,317111,4720,313591,4599,365567,4757,346909,4816,346549,4723,316705,4753,304102,5001,270500,4840,335292,4761,317397,4775,312124,4638,
2026-09-30,19:23:03.597,1000,341857,4820,367226,4763,312756,4448,350486,4627,268504,4721,318341,4720,309572,4517,373306,4859,337472,4707,331903,4548,298613,4505,300443,4885,271766,4801,332845,4702,321103,4800,314365,4673,
2026-09-30,19:23:04.597,999,4948385,66766,5367337,66770,4480145,66943,4824159,66797,4538855,67039,4540677,67003,4604604,66864,5308049,67368,4946239,66718,4776602,67138,4295412,66901,4796819,67482,4408340,66910,4861778,67291,4527669,66663,4695636,66953,
2026-09-30,19:23:05.597,999,440624,6179,450550,5827,426214,6104,452291,6041,346487,6016,397382,5870,390763,5696,456213,5939,403537,5602,419542,5787,375357,5730,375763,6069,332237,5818,431253,6070,387080,5771,388844,5790,
2026-09-30,19:23:06.598,1000,415045,5846,448542,5809,414885,5873,438366,5784,343606,5863,382115,5753,395542,5846,456357,5948,411675,5732,423112,5777,380151,5738,377301,5986,355414,6107,436077,6201,378177,5736,403028,5992,
2026-09-30,19:23:07.597,999,394423,5527,420445,5432,399184,5651,400318,5293,309120,5393,370482,5529,371928,5462,419987,5469,367783,5102,394105,5399,364081,5497,345625,5617,320451,5638,398571,5645,373870,5611,393523,5847,
2026-09-30,19:23:08.597,999,368879,5194,391225,5061,366912,5207,389850,5140,294335,5126,346531,5158,333471,4900,404747,5268,359110,5000,369349,5058,341320,5161,321322,5222,303508,5343,377438,5340,349937,5250,360756,5370,
2026-09-30,19:23:09.598,1000,332941,4691,350717,4555,318645,4504,354110,4669,258015,4528,308544,4573,310763,4537,357866,4662,320607,4465,323991,4433,310384,4675,286132,4681,268675,4774,331198,4673,311034,4647,318223,4735,
2026-09-30,19:23:10.597,999,313355,4409,332078,4301,314538,4427,340986,4468,249882,4433,283171,4198,303380,4428,346226,4515,304606,4245,315770,4308,289793,4355,274275,4509,256558,4577,334011,4714,298374,4451,288828,4295,
2026-09-30,19:23:11.597,999,300735,4221,320502,4154,301177,4254,325476,4288,251761,4450,286223,4249,300174,4383,352757,4588,310840,4323,314652,4300,292899,4427,277671,4551,252523,4484,313996,4435,298544,4453,298863,4446,
2026-09-30,19:23:12.598,1000,396638,5564,413780,5349,402022,5740,429361,5708,340614,5871,374921,5576,384883,5636,452964,5894,393265,5476,409704,5633,383376,5804,366854,5860,343715,5981,422686,5974,379125,5665,400237,5940,
2026-09-30,19:23:13.597,999,337693,4754,353422,4573,322801,4557,339300,4461,265248,4669,300415,4460,320276,4684,355149,4617,301192,4194,337537,4598,298885,4496,285324,4656,262685,4652,334340,4726,299711,4480,324053,4821,
2026-09-30,19:23:14.597,999,349954,4923,369076,4777,335923,4776,355123,4691,294103,5158,326473,4842,342764,5005,380287,4951,329686,4587,356542,4885,334447,5051,311256,5074,292795,5183,350948,4952,319929,4771,339430,5044,
2026-09-30,19:23:15.598,1000,382705,5392,405874,5254,373057,5312,399066,5282,313938,5476,357345,5290,374850,5473,406971,5307,374029,5206,383272,5271,355443,5403,333981,5435,300840,5321,376805,5307,353364,5273,358194,5332,
2026-09-30,19:23:16.597,999,362183,5087,371965,4807,343097,4840,372273,4900,284839,5034,327101,4843,334211,4875,378376,4930,347352,4817,348317,4760,328852,4962,309834,5079,274660,4883,351324,4963,326309,4869,339719,5059,
2026-09-30,19:23:17.597,999,400692,5633,435211,5605,389539,5508,417569,5495,324493,5659,365789,5445,375938,5502,437010,5690,390525,5431,405537,5543,378717,5712,358865,5835,313245,5512,395988,5608,351455,5263,362144,5374,
2026-09-30,19:23:18.598,1000,340391,4796,361364,4676,343845,4833,348519,4564,272037,4817,305988,4567,329917,4833,361579,4705,331050,4609,351693,4782,322601,4831,307600,5043,262921,4687,330561,4686,309020,4643,313580,4667,
2026-09-30,19:23:19.598,999,344603,4847,361342,4663,348211,4891,350875,4586,282926,4972,315023,4730,339833,5015,362818,4720,330996,4604,355748,4829,319867,4791,306820,4999,276796,4905,334998,4778,323089,4883,320682,4771,
2026-09-30,19:23:20.597,999,335614,4710,356571,4622,327627,4612,357646,4672,280116,4980,318059,4733,326203,4774,364225,4740,323052,4496,346164,4711,326239,4896,293712,4813,268782,4803,339303,4810,298206,4469,319308,4752,
2026-09-30,19:23:21.598,1000,332855,4665,348167,4510,327338,4598,355025,4645,258900,4588,305124,4548,312838,4583,349740,4552,312517,4346,336044,4567,323401,4833,292820,4807,257980,4600,329238,4672,294725,4424,312004,4644,
2026-09-30,19:23:22.598,999,340778,4782,354911,4588,335354,4709,360447,4713,267297,4700,316003,4741,331895,4898,371423,4836,333159,4640,343060,4670,327320,4884,294207,4785,275040,4863,341502,4865,304568,4611,320920,4780,
2026-09-30,19:23:23.597,999,351171,4952,374533,4851,355413,4990,376996,4935,286500,4985,342204,5139,344351,5084,402253,5236,344237,4801,350770,4776,342646,5135,317208,5121,288857,5067,355268,5065,330237,4999,338619,5037,
2026-09-30,19:23:24.598,1000,336502,4733,340061,4398,338798,4755,349580,4567,259170,4595,306367,4548,324011,4742,371337,4837,329475,4582,328364,4462,311928,4671,299419,4922,264509,4722,337910,4787,307694,4615,314771,4693,
2026-09-30,19:23:25.598,999,409647,5765,426667,5486,409509,5790,435656,5758,312388,5466,377988,5638,382095,5607,449735,5853,404344,5620,406782,5579,371463,5627,365095,5936,326249,5773,408446,5788,379866,5715,384842,5721,
2026-09-30,19:23:26.597,999,343949,4850,365454,4715,339090,4756,358514,4686,266373,4724,333775,4962,322040,4709,373763,4875,329666,4567,350460,4767,325447,4892,310532,5103,278117,4952,355985,5041,317714,4765,328321,4897,
2026-09-30,19:23:27.597,999,370464,5194,379115,4902,350709,4982,375588,4975,286375,4955,344286,5167,346330,5113,404230,5255,360970,5017,360358,4948,358604,5420,337806,5464,297375,5219,373391,5317,335120,5062,348515,5167,
2026-09-30,19:23:28.598,1000,366758,5163,376246,4882,364511,5130,380555,4994,289974,5043,351785,5264,340968,5030,390242,5091,355388,4950,356548,4860,345655,5200,339146,5489,297044,5209,365630,5204,337608,5094,343293,5115,
2026-09-30,19:23:29.597,999,329023,4638,336517,4368,318401,4477,350957,4601,257640,4540,309434,4608,306000,4491,349348,4560,308464,4302,311816,4236,300633,4494,291772,4774,255653,4545,312813,4437,300601,4519,306976,4571,
2026-09-30,19:23:30.597,999,317884,4485,328741,4259,308106,4340,331119,4340,246387,4339,298477,4442,295702,4343,344833,4487,303600,4239,306100,4161,298375,4461,289134,4742,254026,4522,310666,4408,291830,4391,299004,4449,
2026-09-30,19:23:31.598,1000,320398,4522,347529,4511,325460,4582,325168,4273,243941,4263,300628,4501,298884,4405,343399,4471,311048,4335,316641,4301,294224,4393,296005,4835,258973,4587,324689,4619,294815,4458,312951,4659,
2026-09-30,19:23:32.598,999,350676,4915,389037,5027,357012,5024,375586,4918,282311,4950,328047,4927,333644,4920,379304,4939,348103,4838,361196,4914,346513,5177,317179,5176,285322,5057,361615,5147,320085,4842,336118,5002,
2026-09-30,19:23:33.597,999,346102,4844,377227,4859,335178,4693,369339,4832,259188,4622,322125,4793,322881,4721,363506,4732,326205,4530,357368,4862,319494,4784,303683,5026,272517,4894,359174,5085,317700,4767,325805,4847,
2026-09-30,19:23:34.598,1000,395976,5568,432551,5575,390055,5474,408838,5352,302888,5312,364156,5449,378716,5573,420718,5481,370434,5148,404671,5506,364830,5461,360516,5877,315723,5562,408481,5812,353561,5327,373323,5548,
2026-09-30,19:23:35.598,999,374036,5249,409837,5294,362054,5144,386707,5097,296739,5158,358625,5366,358076,5265,402389,5251,349969,4868,372952,5121,346364,5226,346252,5607,302744,5339,366643,5196,331938,5001,352144,5241,
2026-09-30,19:23:36.597,999,362995,5112,393907,5103,360293,5064,368791,4838,279591,4914,339556,5067,348894,5123,386237,5035,337714,4698,374732,5104,336747,5060,324776,5299,291859,5169,359145,5105,323066,4848,346001,5145,
2026-09-30,19:23:37.598,1000,341969,4807,370334,4789,342991,4815,349242,4580,275361,4833,329516,4948,336292,4962,382537,4978,325001,4526,348753,4745,318886,4784,300392,4888,272098,4828,330761,4716,313549,4747,324173,4809,
2026-09-30,19:23:38.598,999,332787,4670,369040,4770,329443,4630,340778,4469,267018,4709,311200,4655,316135,4650,357315,4651,306573,4272,335406,4546,306439,4590,284707,4649,268222,4770,338758,4810,301399,4547,311545,4632,
2026-09-30,19:23:39.597,999,345039,4845,378493,4889,342545,4824,344906,4527,282477,4922,326168,4894,322165,4746,371064,4835,341192,4743,350742,4761,321482,4820,304944,4935,281105,4949,349211,4974,314234,4747,333541,4963,
2026-09-30,19:23:40.598,1000,323646,4563,351666,4548,323389,4556,335779,4412,268006,4717,311365,4647,310847,4572,357625,4659,317139,4402,341358,4641,305316,4574,295986,4819,266800,4739,335439,4772,292945,4423,319849,4757,
2026-09-30,19:23:41.598,999,322205,4532,334573,4331,307912,4327,330133,4317,247413,4391,289135,4295,298798,4366,333257,4338,297492,4142,313252,4250,291328,4368,274850,4507,257139,4594,326268,4627,277726,4164,302606,4499,
2026-09-30,19:23:42.597,999,359833,5030,403555,5192,371783,5282,388823,5149,300912,5210,340936,5100,346863,5095,394026,5124,348768,4835,351484,4820,334246,5044,335370,5414,307743,5409,374800,5329,339194,5099,349238,5180,
2026-09-30,19:23:43.598,1000,339158,4760,389523,5030,348269,4889,372716,4876,283591,5040,329975,4921,311398,4569,384633,5011,332461,4625,342461,4654,320885,4807,312875,5129,284121,5056,348015,4951,323177,4873,327253,4869,
2026-09-30,19:23:44.598,999,338679,4761,371897,4811,336224,4739,361722,4741,275758,4877,318189,4749,321401,4715,364308,4746,335150,4656,331955,4517,316758,4760,302305,4958,281469,5008,340757,4834,314455,4728,335302,4992,
2026-09-30,19:23:45.597,999,366384,5152,405530,5230,374677,5345,380232,5050,286385,4974,348522,5181,346160,5056,384236,5012,354791,4932,365019,5017,336972,5110,330212,5345,295851,5186,370626,5231,343952,5150,357848,5333,
2026-09-30,19:23:46.598,1000,309930,4368,329118,4264,310170,4368,338158,4446,246226,4374,287093,4254,301674,4392,334155,4355,301520,4191,302905,4124,282123,4234,284704,4677,249802,4453,322264,4545,278391,4148,296701,4427,
2026-09-30,19:23:47.598,999,317062,4476,345705,4482,312959,4418,334928,4408,258203,4551,298817,4460,292959,4296,331902,4321,300912,4182,302576,4137,295557,4451,294061,4804,255518,4511,317838,4509,283556,4266,301245,4470,
2026-09-30,19:23:48.597,999,305613,4311,323708,4185,310724,4386,330667,4345,256764,4552,305105,4527,290215,4229,317116,4131,300961,4187,304325,4162,289026,4341,286030,4690,250491,4437,327524,4622,288217,4302,299224,4450,
2026-09-30,19:23:49.598,1000,330730,4662,359051,4638,333718,4714,348050,4576,268610,4714,315011,4680,297108,4351,359712,4680,317566,4419,332134,4539,317320,4784,305658,4983,268693,4744,344822,4878,307373,4609,315495,4681,
2026-09-30,19:23:50.598,999,343023,4827,382486,4941,349826,4919,369924,4843,261705,4583,318914,4731,321710,4699,372412,4844,328603,4566,340097,4629,314858,4715,303561,4976,258980,4579,347642,4913,312656,4681,320250,4766,
2026-09-30,19:23:51.597,999,351361,4934,374717,4838,346069,4882,366686,4821,272636,4817,314197,4662,326734,4767,379737,4940,348556,4834,349702,4776,317298,4792,302090,4972,263594,4695,350250,4942,306519,4573,337092,5013,
2026-09-30,19:23:52.598,1000,346799,4883,375363,4841,341648,4785,360886,4710,270999,4797,312706,4661,311032,4554,375046,4874,329959,4578,332547,4519,320834,4813,300011,4932,263288,4686,344773,4884,309717,4648,328797,4896,
2026-09-30,19:23:53.598,999,305674,4291,341601,4411,314475,4429,320735,4209,243691,4323,286742,4254,302332,4407,341247,4443,296911,4121,309362,4229,289371,4358,277235,4564,244332,4358,312074,4405,291510,4357,308003,4581,
2026-09-30,19:23:54.598,999,332461,4676,355415,4597,335520,4722,338140,4443,258980,4562,305273,4522,309468,4512,353831,4608,323667,4495,314650,4303,317396,4775,290520,4777,253753,4533,332252,4697,299715,4476,316070,4705,
2026-09-30,19:23:55.598,1000,375813,5285,395059,5112,348932,4969,375868,4980,294234,5134,345053,5119,348486,5095,408827,5324,365901,5080,361573,4977,348729,5285,338642,5524,269369,4766,359811,5085,336610,5034,345830,5142,
2026-09-30,19:23:56.598,999,369151,5194,381335,4930,359449,5064,384241,5049,287159,5028,341339,5068,344876,5057,394877,5150,363437,5049,372460,5069,338269,5074,328367,5336,285364,5053,356589,5054,338284,5067,328663,4893,
2026-09-30,19:23:57.598,999,352339,4934,377971,4871,341973,4856,375017,4948,277287,4802,339821,5087,335733,4937,388235,5051,349685,4841,355145,4867,334092,5026,316456,5119,284755,4988,343241,4867,328207,4961,325346,4826,
2026-09-30,19:23:58.598,1000,308737,4366,345630,4473,326407,4574,341162,4442,250927,4446,324030,4812,312139,4559,360396,4696,318929,4443,326509,4427,294519,4406,281443,4640,256440,4600,327692,4633,309731,4649,293561,4363,
2026-09-30,19:23:59.598,999,324756,4571,329342,4267,321975,4512,334671,4383,249996,4412,308834,4600,310060,4537,356034,4633,308195,4282,320132,4353,287648,4301,277481,4544,257172,4582,320590,4548,294946,4440,308762,4598,
2026-09-30,19:24:00.598,999,350387,4921,388550,5014,364498,5109,374645,4902,272953,4847,333275,4959,345739,5054,410528,5335,339466,4713,347382,4715,324132,4833,313617,5164,283891,5082,362267,5137,324379,4866,343791,5113,
2026-09-30,19:24:01.598,1000,349758,4910,376449,4866,359100,5030,380609,4959,278159,4933,324329,4842,338720,4965,378848,4934,336593,4665,344721,4677,327071,4882,306382,5046,284177,5083,356826,5071,330544,4976,347750,5169,
2026-09-30,19:24:02.598,999,381582,5351,395094,5094,376883,5290,410408,5368,299202,5218,346062,5212,366894,5402,407284,5307,356518,4955,380035,5160,352492,5279,334159,5428,295821,5216,368012,5249,344682,5208,361229,5369,
2026-09-30,19:24:03.598,999,324527,4562,341231,4414,329341,4619,346920,4537,245483,4345,297063,4427,307770,4507,352291,4587,312336,4338,322080,4381,297740,4457,285555,4704,259215,4621,318370,4523,297552,4477,302009,4500,
2026-09-30,19:24:04.598,1000,334239,4708,329825,4276,329137,4623,353222,4630,267381,4685,306455,4594,311809,4589,364509,4742,328256,4578,331170,4506,308796,4617,297828,4864,274716,4865,339413,4825,314111,4723,315787,4694,
2026-09-30,19:24:05.598,999,356626,4993,379004,4890,351025,4999,381770,5084,302421,5258,347680,5189,343107,5030,406756,5282,350603,4879,357049,4936,334955,5079,330126,5372,298365,5253,373555,5291,340430,5107,342762,5092,
2026-09-30,19:24:06.598,999,316641,4449,347937,4496,314277,4410,335178,4408,262913,4648,307586,4585,302252,4424,359500,4679,315624,4397,320200,4355,309237,4638,290180,4756,262269,4651,331440,4689,304933,4573,316963,4719,
2026-09-30,19:24:07.598,1000,347195,4877,374087,4830,339691,4783,374996,4941,286639,4948,325147,4891,322734,4763,382753,4984,338351,4704,342011,4656,335865,5042,313650,5075,277438,4833,359789,5125,329617,4978,335789,4996,
2026-09-30,19:24:08.598,999,351370,4941,389754,5045,341134,4789,384101,5045,287420,5041,334138,5001,324402,4775,390965,5088,338974,4724,360270,4896,333706,4997,316674,5168,273698,4811,358038,5097,330527,4983,335819,5004,
2026-09-30,19:24:09.598,999,339481,4780,350835,4537,320105,4485,360326,4717,260357,4629,320238,4759,309972,4518,360488,4688,311618,4339,335328,4566,304980,4568,285210,4697,254921,4549,332467,4696,306288,4580,314805,4686,
2026-09-30,19:24:10.598,1000,354388,4977,365770,4716,340018,4766,376936,4937,265743,4692,318878,4763,329444,4828,364944,4759,333355,4635,349338,4747,318001,4782,301472,4940,277858,4947,341055,4840,323905,4859,331790,4937,
2026-09-30,19:24:11.598,999,319003,4491,339069,4388,338649,4737,353617,4623,258412,4585,293694,4387,310451,4554,352732,4592,318353,4415,329780,4478,313355,4689,292408,4813,260020,4645,322416,4566,317628,4759,310299,4621,
2026-09-30,19:24:12.598,999,363643,5115,401828,5185,382794,5418,378168,4993,298573,5194,340312,5099,340852,5028,397044,5167,362260,5041,357028,4893,338367,5109,328979,5326,301007,5283,378103,5371,351030,5275,350543,5207,
2026-09-30,19:24:13.598,1000,332966,4699,362128,4685,342178,4811,355592,4674,276906,4848,314152,4683,313563,4604,360803,4693,342350,4763,334636,4559,320029,4795,305318,4972,273543,4824,333063,4719,307492,4611,327712,4876,
2026-09-30,19:24:14.598,999,297204,4192,325785,4223,310801,4360,324334,4256,260378,4606,289946,4317,290336,4266,335788,4361,309112,4296,319369,4342,295121,4422,286041,4693,243025,4317,307692,4366,287863,4321,299609,4458,
2026-09-30,19:24:15.598,999,335147,4714,355116,4584,336259,4771,358940,4758,279095,4849,328562,4898,314216,4621,365923,4754,332058,4613,337266,4637,319472,4846,305708,4964,267953,4733,339882,4812,308476,4629,312495,4648,
2026-09-30,19:24:16.598,1000,332474,4686,349882,4533,329049,4617,357451,4691,284567,5016,319039,4764,304448,4469,358337,4664,338397,4712,328589,4473,320975,4810,302555,4925,269717,4775,343250,4869,311085,4673,309713,4620,
2026-09-30,19:24:17.598,999,334152,4697,358275,4623,335804,4711,355459,4660,275595,4888,321519,4788,319757,4684,375376,4881,328057,4540,351306,4776,318999,4780,300776,4953,261701,4678,340020,4825,312105,4683,327176,4857,
2026-09-30,19:24:18.598,999,380200,5337,421310,5432,392320,5523,397332,5220,312374,5487,370375,5513,368762,5399,408985,5358,367651,5092,395960,5370,366047,5479,343758,5577,303053,5338,379448,5387,358628,5383,367591,5507,
2026-09-30,19:24:19.598,1000,338849,4764,363806,4707,332146,4655,329736,4323,259124,4614,304320,4533,304077,4458,362637,4713,315763,4393,334785,4544,315077,4724,283759,4662,263967,4705,345446,4899,311160,4671,310506,4614,
2026-09-30,19:24:20.598,999,336929,4732,369671,4781,340502,4772,334662,4393,258306,4580,314316,4693,307937,4521,362054,4713,323381,4482,349284,4725,307383,4600,294548,4824,266974,4744,348644,4947,301476,4522,317263,4722,
2026-09-30,19:24:21.599,1000,322210,4525,326011,4213,304636,4264,317157,4157,246462,4403,279132,4140,284306,4150,342805,4457,300846,4185,310302,4209,276087,4148,270278,4467,246981,4424,323657,4578,289627,4328,293775,4369,
2026-09-30,19:24:22.598,999,347216,4867,346783,4476,323433,4552,339017,4444,262479,4608,311000,4669,301813,4450,348666,4531,316338,4391,322111,4382,311639,4671,295059,4806,272013,4809,337371,4805,307481,4644,323255,4801,
2026-09-30,19:24:23.598,999,313922,4417,322648,4167,311817,4377,321819,4216,238420,4253,290573,4302,286249,4175,332056,4316,294643,4088,290947,3953,286923,4314,270408,4450,240031,4274,312054,4403,288324,4307,289306,4315,
2026-09-30,19:24:24.599,1000,331856,4672,355176,4591,336640,4741,361362,4740,258965,4531,315358,4702,311881,4571,363676,4731,319874,4443,330085,4492,303975,4564,305181,4976,267132,4718,341513,4834,306729,4610,315531,4700,
2026-09-30,19:24:25.598,999,365782,5147,414686,5357,365096,5170,388587,5150,302107,5252,361831,5414,353048,5202,409451,5322,364901,5063,372324,5101,344890,5208,328701,5327,308929,5432,385630,5465,357852,5403,353222,5258,
2026-09-30,19:24:26.598,999,332085,4675,349517,4513,344986,4858,355582,4674,272293,4799,315014,4686,317067,4641,365682,4754,336843,4690,348199,4730,330349,4943,298337,4886,268161,4762,355246,5027,334650,5012,324595,4837,
2026-09-30,19:24:27.599,1000,393499,5509,426257,5486,403740,5717,419129,5533,330957,5788,372740,5574,380260,5578,421878,5482,402895,5584,416624,5683,374040,5627,346559,5619,316622,5583,411770,5833,370551,5572,366481,5433,
2026-09-30,19:24:28.598,999,343946,4839,377451,4872,360151,5044,374601,4898,274650,4883,322149,4783,322317,4710,372709,4854,348869,4848,366599,4961,342662,5126,309370,5090,284399,5096,348838,4930,331233,4962,322899,4793,
2026-09-30,19:24:29.598,999,337958,4762,350084,4530,345425,4857,359969,4733,279196,4911,318473,4737,319161,4670,365171,4753,334808,4670,341412,4642,325575,4889,304999,4978,277608,4922,346765,4907,309945,4651,313940,4670,
2026-09-30,19:24:30.599,1000,312119,4391,325133,4201,318452,4471,323964,4261,256578,4553,303276,4505,294463,4305,340047,4424,301778,4204,304260,4136,291816,4368,271663,4480,252024,4515,328267,4654,294960,4427,293527,4365,
2026-09-30,19:24:31.598,999,369637,5202,386568,4996,360124,5052,382715,5023,293042,5138,343719,5193,335364,4964,398025,5195,345897,4816,375221,5080,338534,5049,326850,5306,290186,5133,369644,5280,344462,5229,339264,5046,
2026-09-30,19:24:32.598,999,320249,4508,354251,4586,319677,4494,323118,4242,259573,4569,303238,4538,305074,4479,350541,4576,302226,4207,311477,4227,307567,4602,301223,4931,253061,4489,326382,4627,295783,4457,300413,4476,
2026-09-30,19:24:33.599,1000,319044,4496,330620,4281,307950,4326,325599,4281,254314,4497,302116,4510,292748,4299,343076,4466,299525,4191,302267,4110,297034,4457,283119,4640,247962,4402,313336,4456,291323,4385,314630,4675,
2026-09-30,19:24:34.598,999,326266,4592,332814,4304,305996,4307,335997,4397,258719,4601,306965,4563,292552,4280,343967,4471,297818,4146,316137,4290,298424,4461,292863,4833,248715,4431,316203,4480,298420,4481,309314,4601,
2026-09-30,19:24:35.598,999,405645,5697,431926,5569,390721,5541,431048,5701,337936,5874,387433,5789,377273,5548,446374,5806,390932,5433,423162,5794,387313,5845,374318,6062,324266,5683,410867,5832,393733,5936,393514,5842,
2026-09-30,19:24:36.599,1000,389684,5478,391548,5070,354184,5000,394853,5185,312977,5504,350483,5240,355221,5216,413155,5383,364517,5067,388469,5277,347958,5222,333689,5465,293999,5201,371493,5272,346261,5211,359319,5348,
2026-09-30,19:24:37.599,999,355623,4999,375700,4849,333865,4694,372888,4875,290746,5123,333749,5001,336961,4961,395099,5143,332711,4625,361625,4906,329598,4940,307298,5034,278547,4942,350993,4984,315173,4761,329019,4895,
2026-09-30,19:24:38.598,999,340908,4789,359841,4636,324721,4554,356580,4659,274042,4856,317427,4738,318394,4664,369448,4807,325658,4518,338325,4599,324059,4854,293788,4831,266389,4746,334022,4740,303255,4571,320961,4787,
2026-09-30,19:24:39.599,1000,331969,4664,346957,4473,314693,4421,346668,4537,259135,4595,300983,4485,298131,4365,351028,4579,313554,4349,327447,4459,307103,4604,288809,4744,254919,4534,315871,4482,289252,4351,310135,4625,
2026-09-30,19:24:40.599,999,337490,4747,364742,4721,316601,4448,348237,4568,271482,4780,309392,4599,332760,4857,370320,4822,316081,4406,341630,4647,304693,4563,297597,4858,267790,4721,338014,4777,306761,4600,333851,4975,
2026-09-30,19:24:41.598,999,325078,4574,344870,4461,315884,4434,339293,4436,262414,4698,311482,4607,305776,4459,349055,4541,310805,4319,334701,4538,321121,4792,284364,4705,258793,4651,329108,4638,307427,4593,315788,4704,
2026-09-30,19:24:42.599,1000,355428,4989,380144,4903,340422,4833,371518,4916,288278,5013,339714,5048,336704,4923,377956,4926,330351,4579,342140,4690,327005,4940,320129,5202,276235,4850,344583,4877,327257,4909,336841,5005,
2026-09-30,19:24:43.599,999,313252,4408,330020,4276,302016,4244,325454,4253,255738,4542,296757,4398,305202,4455,348346,4537,301778,4196,312375,4242,294655,4404,279807,4620,252947,4507,316215,4460,296645,4435,305358,4549,
2026-09-30,19:24:44.598,999,340039,4775,345449,4469,326586,4581,343373,4479,273692,4864,309088,4577,317460,4633,361832,4718,317247,4407,340151,4608,312060,4647,292940,4807,267004,4767,325632,4604,319225,4758,312612,4667,
2026-09-30,19:24:45.599,1000,382349,5362,392152,5077,360957,5126,394417,5225,294214,5191,363329,5374,342132,4990,390057,5082,343105,4766,363210,4973,345261,5204,322559,5273,287551,5114,369068,5208,355403,5297,348342,5184,
2026-09-30,19:24:46.599,999,387437,5437,397942,5140,390828,5487,414401,5420,306839,5400,372591,5527,357014,5224,401279,5255,375745,5217,373159,5067,359819,5388,343130,5607,302111,5315,391216,5525,378467,5651,369064,5519,
2026-09-30,19:24:47.598,999,353966,4976,372568,4806,347472,4880,369146,4830,291853,5170,343882,5116,334032,4891,359813,4692,336043,4669,343222,4670,326851,4895,312247,5142,274557,4873,352882,4999,347471,5217,340331,5085,
2026-09-30,19:24:48.599,1000,334634,4705,357207,4616,330620,4664,347627,4557,274775,4865,331691,4919,323972,4726,355965,4650,322945,4494,340823,4632,320583,4815,296289,4865,263327,4682,332941,4697,321698,4807,327109,4887,
2026-09-30,19:24:49.599,999,317767,4466,327498,4235,315760,4442,308320,4051,258736,4612,309464,4584,311145,4545,334697,4364,308963,4287,310761,4228,295466,4440,280816,4628,244417,4341,320333,4515,304873,4556,316008,4716,
2026-09-30,19:24:50.598,999,299597,4216,312493,4053,299244,4213,318964,4184,250907,4460,300808,4466,294185,4299,324099,4225,304162,4226,318491,4326,294632,4416,268886,4432,244346,4352,317000,4478,288448,4312,295737,4417,
2026-09-30,19:24:51.599,1000,304352,4281,328386,4238,308346,4337,331151,4339,246082,4332,307132,4556,298358,4359,338940,4448,302584,4208,315567,4288,305097,4586,281676,4619,252831,4476,319603,4512,301437,4501,295053,4432,
2026-09-30,19:24:52.599,999,345999,4873,357192,4642,329890,4648,362939,4752,281919,4911,325783,4859,323664,4744,362033,4725,330214,4611,351573,4773,329558,4939,313489,5091,271654,4765,357058,5057,326965,4912,331433,4941,
2026-09-30,19:24:53.598,999,299757,4211,319165,4133,293164,4121,309345,4051,243180,4344,299347,4421,292022,4261,337027,4397,289878,4028,312818,4238,284353,4265,273144,4515,236888,4237,317324,4476,286720,4281,295563,4409,
2026-09-30,19:24:54.599,1000,327318,4608,350229,4529,327196,4581,342486,4475,259092,4618,322315,4768,308888,4512,372574,4859,311664,4339,320681,4361,308960,4632,304935,5044,256653,4599,339887,4805,320986,4799,317783,4753,
2026-09-30,19:24:55.599,999,364059,5099,382534,4936,349049,4957,383583,5081,282280,4951,352362,5219,342713,4999,404459,5285,353181,4901,366429,5037,336372,5102,330262,5400,288994,5120,372024,5244,340796,5093,349205,5225,
2026-09-30,19:24:56.598,999,375109,5278,384262,4963,356849,5027,404560,5308,293732,5164,350342,5188,350653,5113,410557,5392,360092,5000,378786,5158,338528,5097,339287,5530,308264,5443,381348,5377,354107,5297,351407,5283,
2026-09-30,19:24:57.599,1000,411993,5799,421425,5457,411269,5843,430471,5699,340585,5886,380858,5664,389746,5712,449442,5854,398794,5563,417619,5724,373505,5662,369093,5950,338815,5910,421808,5964,390945,5853,386827,5739,
2026-09-30,19:24:58.599,999,331812,4671,338695,4389,328946,4614,361351,4726,269985,4824,308535,4565,312504,4563,362463,4713,327702,4558,329333,4473,306111,4584,284680,4697,258181,4626,331555,4686,328976,4916,310476,4611,
2026-09-30,19:24:59.598,999,319338,4484,328346,4254,315357,4424,339714,4455,256840,4584,302337,4476,309452,4521,351261,4565,320831,4441,317098,4320,294774,4419,294285,4865,250256,4499,323680,4567,314569,4697,296215,4409,
2026-09-30,19:25:00.599,1000,340436,4793,348451,4511,329030,4626,348990,4583,260396,4604,304291,4508,314586,4594,370028,4828,328832,4578,320018,4352,303436,4567,295016,4865,268228,4770,338796,4770,318940,4771,305845,4558,
2026-09-30,19:25:01.599,999,311395,4393,325831,4229,312692,4384,337080,4407,256653,4534,299062,4441,299223,4367,351544,4579,311413,4355,324104,4388,302350,4538,276332,4528,248792,4427,328967,4643,297350,4461,309063,4600,
2026-09-30,19:25:02.598,999,508544,7128,555079,7146,500796,7058,550488,7206,425696,7177,462437,7134,473586,7166,560956,7294,498065,6934,532673,7264,492396,7394,462649,7236,433686,7394,517487,7500,474494,7378,504635,7485,
2026-09-30,19:25:03.599,1000,395485,5600,425412,5542,399971,5621,437791,5729,331405,5792,381546,5668,373459,5464,436737,5696,376189,5304,403813,5483,373179,5580,357912,5782,323958,5682,410850,5800,367981,5506,396950,5899,
2026-09-30,19:25:04.599,999,354365,4967,362410,4696,348672,4917,384315,5050,289814,5165,329085,4875,335994,4908,377204,4915,347002,4833,358707,4887,319651,4805,310301,5077,291430,5187,368003,5196,331105,4953,350066,5216,
2026-09-30,19:25:05.598,999,385733,5436,407220,5277,381766,5425,407039,5397,313436,5469,364567,5398,377798,5525,409350,5338,379540,5306,401589,5499,347289,5256,341363,5543,318491,5604,398474,5616,365277,5464,372050,5531,
2026-09-30,19:25:06.599,1000,343140,4831,345767,4476,345333,4872,364771,4809,259458,4587,323587,4793,332062,4853,348289,4545,328802,4580,359029,4882,310894,4672,306811,5022,273080,4838,360432,5090,324970,4862,335201,4994,
2026-09-30,19:25:07.599,999,373365,5245,387281,5002,371980,5227,409204,5367,298275,5204,331982,5013,345119,5119,375281,4902,340955,4758,372577,5036,337281,5037,329613,5339,296197,5197,376556,5395,339250,5160,359960,5349,
2026-09-30,19:25:08.598,999,392763,5519,405079,5235,376219,5323,413258,5426,315764,5511,357850,5347,368544,5416,408089,5323,363743,5067,382198,5206,354235,5324,331894,5376,311446,5457,399168,5675,357470,5376,365324,5430,
2026-09-30,19:25:09.599,1000,338810,4755,334425,4332,328073,4628,339251,4457,266844,4719,313152,4672,326415,4787,357400,4662,325249,4514,339355,4613,306058,4596,292542,4776,268174,4775,331404,4710,308794,4644,311725,4640,
2026-09-30,19:25:10.599,999,302196,4265,313586,4065,312878,4407,333537,4373,252129,4469,283468,4210,306955,4490,341104,4444,299469,4165,313125,4257,289666,4348,271383,4452,253017,4505,313084,4445,298462,4485,291379,4338,
2026-09-30,19:25:11.598,999,313768,4407,333390,4307,323205,4554,352394,4605,258578,4600,300836,4495,314812,4624,349980,4561,310635,4320,320590,4350,291160,4358,280754,4621,261993,4664,325978,4635,293739,4430,311470,4634,
2026-09-30,19:25:12.599,1000,447210,6250,472279,6076,434313,6163,454127,5987,352379,6123,405854,6062,420854,6200,472825,6161,416063,5775,438695,5990,392185,5903,378617,6125,351777,6161,432225,6149,395660,5969,422942,6273,
2026-09-30,19:25:13.599,999,338651,4749,369672,4774,339265,4768,361175,4727,275585,4890,324806,4813,327391,4781,378831,4939,330197,4581,357113,4853,315985,4728,297782,4892,276193,4940,357821,5060,317231,4746,327739,4889,
2026-09-30,19:25:14.599,1000,359956,5054,384392,4966,351030,4941,377750,4959,295161,5159,330981,4954,341301,5014,388524,5064,353668,4917,379480,5155,347040,5195,322712,5248,295904,5230,373519,5306,341076,5138,355066,5293,
2026-09-30,19:25:15.599,999,360883,5058,392003,5064,350886,4998,364915,4856,291865,5102,331953,4948,341689,5002,379289,4943,350790,4881,366837,5038,331697,5005,307372,4978,289217,5101,367506,5204,339143,5099,348971,5197,
2026-09-30,19:25:16.599,999,356304,5020,388066,5028,369003,5208,375284,4943,288055,5062,328224,4903,338245,4966,388877,5081,345314,4811,367679,5000,332667,4989,311786,5073,292100,5154,353161,5017,338618,5097,349521,5207,
2026-09-30,19:25:17.599,1000,354025,4967,368307,4757,337096,4741,344913,4523,280576,4936,320612,4815,330493,4869,373596,4860,328311,4562,338595,4594,318911,4757,291932,4762,267160,4734,330964,4715,315663,4772,341569,5068,
2026-09-30,19:25:18.599,999,313657,4429,342179,4436,315511,4448,338064,4429,254793,4490,303936,4547,314105,4612,355933,4640,305707,4260,327568,4452,304763,4557,287281,4688,264329,4688,325390,4616,301699,4541,322328,4801,
2026-09-30,19:25:19.599,999,334731,4705,356488,4603,335438,4732,368545,4847,276012,4837,327622,4899,330034,4846,377305,4920,313957,4374,342539,4667,328591,4924,300302,4888,285758,5027,349775,4965,322398,4850,339157,5045,
2026-09-30,19:25:20.599,1000,365801,5139,382511,4929,369697,5209,394105,5170,288903,5082,348704,5219,354723,5212,413543,5385,351781,4893,381092,5185,356233,5315,340368,5564,307680,5447,372070,5294,349466,5264,360491,5364,
2026-09-30,19:25:21.599,999,348065,4885,358352,4626,341185,4797,356785,4664,262705,4687,311599,4627,312962,4579,364616,4743,333229,4626,349450,4756,311356,4653,296552,4889,276110,4925,354027,5004,319946,4792,334556,4979,
2026-09-30,19:25:22.599,999,352430,4945,387606,5006,368794,5176,398141,5199,286944,5065,320766,4827,327505,4846,395400,5158,346952,4814,359916,4889,345295,5160,310951,5081,293969,5212,377615,5386,335732,5093,350227,5204,
2026-09-30,19:25:23.599,1000,320163,4497,358287,4619,354559,4989,355997,4670,257909,4571,319665,4768,311915,4586,364092,4746,324333,4508,336343,4580,311435,4664,293677,4793,272263,4846,345026,4895,319456,4811,329176,4892,
2026-09-30,19:25:24.599,999,333394,4697,374537,4833,356028,4997,368171,4817,267155,4713,320535,4788,316119,4649,369685,4814,334128,4649,331855,4504,311278,4641,291029,4745,284644,5050,343659,4882,335155,5042,340382,5047,
2026-09-30,19:25:25.599,999,351520,4937,377040,4870,357879,5101,373547,4956,296301,5159,349351,5195,340490,4994,388357,5062,357809,4994,360296,4950,333339,5058,320614,5186,293536,5137,376611,5315,341316,5109,338695,5027,
2026-09-30,19:25:26.599,1000,335850,4732,347419,4491,330857,4671,346608,4564,264735,4682,327208,4856,310424,4532,370596,4829,328826,4590,330914,4503,305410,4581,290097,4747,269292,4776,345354,4874,318735,4770,324712,4839,
2026-09-30,19:25:27.599,999,342620,4879,367055,4790,351403,4946,372255,4879,277041,4805,343687,5121,322611,4740,380697,4964,353880,4991,350847,4766,320942,4799,305057,4927,283759,4969,352206,4987,342541,5135,346622,5157,
2026-09-30,19:25:28.599,999,369803,5196,397312,5131,360995,5141,377925,5026,292253,5099,348145,5163,355908,5202,407411,5313,362851,5065,371420,5104,350176,5299,321462,5217,298444,5222,374239,5282,345749,5165,361952,5386,
2026-09-30,19:25:29.599,1000,341181,4805,366296,4737,346237,4862,368887,4824,272967,4835,321429,4759,318019,4636,375498,4911,336651,4693,342212,4648,324143,4836,299545,4889,276883,4912,344666,4863,330448,4933,340074,5081,
2026-09-30,19:25:30.599,999,379154,5334,398628,5149,379552,5343,397410,5209,293690,5146,353196,5255,370602,5421,407064,5304,369714,5137,379622,5161,349064,5217,328447,5368,296622,5233,373648,5286,359855,5387,362202,5390,
2026-09-30,19:25:31.599,999,344186,4821,381931,4929,361557,5074,358982,4692,275157,4832,331419,4911,326152,4760,363234,4763,331671,4602,352750,4799,329222,4937,308469,5062,278180,4937,347971,4912,328722,4913,328443,4923,
2026-09-30,19:25:32.599,1000,334931,4709,366060,4722,337977,4757,340955,4483,271436,4766,317223,4731,317051,4653,366269,4777,323169,4505,327712,4458,313134,4707,291332,4758,269549,4766,340798,4821,316998,4758,326153,4868,
2026-09-30,19:25:33.599,999,334538,4706,370357,4789,350301,4923,360218,4725,275120,4849,327526,4882,327886,4814,370625,4851,340345,4731,334687,4555,319163,4782,293648,4792,275023,4835,344397,4882,314377,4735,316942,4749,
2026-09-30,19:25:34.599,999,299298,4229,327653,4238,321619,4519,333741,4378,254318,4495,302782,4505,303128,4442,342462,4457,306434,4278,317496,4323,295449,4423,281370,4630,244126,4324,324464,4603,274342,4117,295068,4405,
2026-09-30,19:25:35.599,1000,357395,5025,399556,5153,361353,5138,397607,5263,297619,5158,352262,5222,351349,5144,388722,5096,369599,5138,374258,5137,345925,5211,341707,5543,299332,5258,365635,5164,341126,5093,348206,5224,
2026-09-30,19:25:36.599,999,381457,5372,406657,5262,379121,5348,394031,5179,298724,5223,361148,5359,371569,5430,400653,5236,357745,4991,386902,5270,351945,5282,341324,5562,306295,5379,378938,5345,342590,5119,364831,5445,
2026-09-30,19:25:37.599,999,329768,4635,367542,4738,333586,4695,349168,4577,260888,4588,312307,4650,333556,4887,365404,4778,326082,4528,336642,4568,315626,4722,301891,4935,267008,4735,341178,4827,291713,4396,321403,4799,
2026-09-30,19:25:38.599,1000,347947,4892,375303,4835,339529,4779,364648,4762,279592,4938,325963,4840,331740,4854,388024,5065,334277,4655,356723,4836,320624,4800,315576,5188,290781,5173,351398,4976,313813,4720,325426,4866,
2026-09-30,19:25:39.599,999,331568,4665,349382,4498,324259,4567,355489,4636,267285,4754,322203,4764,323372,4713,359066,4694,322673,4476,337772,4591,320419,4796,305814,5037,273930,4885,331895,4686,300353,4485,321369,4809,
2026-09-30,19:25:40.600,1000,325943,4589,339717,4383,313073,4410,343375,4503,266112,4682,308506,4588,305434,4473,341512,4458,325947,4530,333479,4527,312054,4685,295553,4858,266856,4732,329161,4667,299388,4499,320848,4792,
2026-09-30,19:25:41.599,999,342771,4828,349672,4508,319681,4495,333497,4361,260601,4617,312314,4622,312838,4559,346791,4537,322034,4478,340737,4620,313854,4703,294067,4842,261156,4651,329891,4654,295961,4427,316014,4733,
2026-09-30,19:25:42.599,999,378430,5316,403199,5205,378666,5332,379821,4986,311804,5445,352448,5265,361025,5297,418040,5458,370352,5145,385425,5236,357726,5358,331350,5382,295388,5178,379908,5387,340553,5122,352716,5265,
2026-09-30,19:25:43.600,1000,360008,5046,369537,4759,349437,4980,367998,4887,290530,5035,338867,5014,353646,5155,372750,4889,349164,4840,362105,4967,327447,4973,319963,5161,281710,4910,357405,5029,332600,4959,328995,4926,
2026-09-30,19:25:44.599,999,349030,4902,343541,4441,324737,4561,357391,4681,270263,4789,314135,4676,314244,4609,343417,4470,327531,4550,336701,4574,317919,4773,306416,5046,259060,4614,321799,4561,313628,4704,318403,4752,
2026-09-30,19:25:45.599,999,354345,4976,373031,4803,339047,4823,351813,4655,275898,4831,333163,4950,334652,4896,370277,4827,340803,4725,351413,4814,332215,5046,314640,5142,286095,5058,356209,5039,332063,4979,327101,4880,
2026-09-30,19:25:46.600,1000,323931,4563,349414,4519,325888,4590,340362,4473,250202,4427,304334,4530,302607,4425,342937,4468,301384,4195,325049,4438,291365,4374,289608,4751,258316,4567,324822,4604,297457,4458,308377,4599,
2026-09-30,19:25:47.599,999,393831,5519,429227,5525,387571,5465,395699,5182,309162,5372,354270,5325,372572,5498,425934,5541,365416,5085,393887,5376,350131,5241,343609,5561,316009,5546,388263,5543,353759,5353,380565,5656,
2026-09-30,19:25:48.599,999,401247,5645,422809,5464,398182,5592,405158,5301,311616,5485,357956,5365,373852,5491,436136,5680,397761,5527,406161,5519,361765,5422,345422,5638,317492,5643,401437,5690,367452,5543,373479,5563,
2026-09-30,19:25:49.600,1000,358165,5033,372813,4810,359593,5059,355831,4675,272830,4851,326719,4840,325745,4757,383293,5001,335043,4663,346616,4735,321260,4831,301430,4958,271039,4828,338587,4772,312565,4676,328928,4903,
2026-09-30,19:25:50.600,999,343565,4835,376414,4864,356085,4994,362576,4741,271526,4805,314794,4666,335579,4906,366031,4778,332143,4620,352465,4787,323047,4838,298858,4912,270101,4815,331976,4693,307829,4615,319100,4772,
2026-09-30,19:25:51.599,999,326855,4597,340640,4405,333376,4680,347325,4523,267589,4744,312072,4629,320959,4693,350031,4579,305674,4263,342249,4662,305588,4583,289287,4753,254664,4535,319056,4518,301623,4510,291110,4353,
2026-09-30,19:25:52.600,1000,353535,4961,365114,4709,352237,4966,357787,4700,281092,4914,331092,4942,339216,4982,367444,4812,333518,4645,354547,4826,339355,5088,312161,5081,269988,4761,346548,4917,312480,4696,317916,4755,
2026-09-30,19:25:53.599,999,330306,4649,355084,4583,345207,4872,351476,4604,278838,4890,314652,4662,323889,4740,351462,4595,331048,4606,350866,4780,329189,4933,310832,5047,271649,4798,338088,4776,318914,4774,316599,4732,
2026-09-30,19:25:54.599,999,340448,4791,362204,4681,338847,4774,363121,4758,272463,4795,326007,4842,336095,4924,359541,4713,322988,4496,346286,4698,322498,4844,307757,5031,275650,4866,340170,4809,325545,4877,326115,4876,
2026-09-30,19:25:55.600,1000,373320,5236,382713,4937,357949,5097,389949,5179,289817,5038,335676,5014,342027,5031,393334,5131,361913,5033,356828,4896,346539,5257,323779,5241,297429,5209,368456,5233,350702,5274,359514,5346,
2026-09-30,19:25:56.599,999,449887,6307,463680,5981,437339,6229,468983,6213,338404,5864,409681,6095,420776,6165,462748,6043,430449,5973,442298,6058,410905,6218,402966,6501,352304,6153,446693,6323,413273,6192,430435,6430,
2026-09-30,19:25:57.599,999,371935,5241,376260,4871,362183,5106,391281,5152,285157,5005,343682,5130,344939,5069,383541,5008,345050,4801,374897,5095,345996,5176,331287,5395,287748,5075,358534,5087,332739,5005,348787,5199,
2026-09-30,19:25:58.600,1000,416105,5839,422966,5433,406849,5781,445316,5891,331258,5719,384460,5742,389851,5724,433104,5646,399379,5553,426666,5830,373714,5640,375354,6027,336041,5854,416865,5911,368485,5550,401418,5954,
2026-09-30,19:25:59.599,999,348161,4890,338051,4343,338710,4763,364058,4783,259396,4598,318140,4715,316724,4622,357796,4669,314207,4377,348484,4745,314456,4723,296763,4872,267006,4769,331126,4674,307909,4600,308691,4603,
2026-09-30,19:26:00.599,999,340680,4785,363383,4689,338273,4757,361167,4730,253756,4476,312803,4658,312551,4588,356447,4638,324111,4519,342794,4668,321574,4806,302272,4942,273179,4847,339880,4831,318235,4791,315674,4692,
2026-09-30,19:26:01.600,1000,301065,4229,329235,4259,309639,4354,325488,4275,237126,4226,283715,4226,298627,4374,324844,4224,299895,4177,319679,4344,286977,4297,277554,4563,246069,4399,307792,4351,289200,4343,303485,4508,
2026-09-30,19:26:02.599,999,341488,4796,366619,4738,353443,4964,372981,4880,271956,4765,316168,4740,331255,4885,353661,4609,332257,4623,354384,4809,321413,4807,309836,5058,284079,5012,353207,5028,318373,4817,339147,5048,
2026-09-30,19:26:03.599,999,319720,4494,351846,4553,329256,4631,337752,4442,261229,4631,312275,4638,314255,4583,351561,4580,314068,4372,338320,4599,307894,4618,291167,4791,256582,4583,333218,4729,303061,4544,325570,4847,
2026-09-30,19:26:04.600,1000,410953,5768,426269,5506,391079,5518,427153,5614,330337,5759,377003,5656,382271,5630,443532,5775,394005,5483,406049,5509,388583,5814,368746,5970,335109,5911,409012,5827,372630,5628,399034,5927,
2026-09-30,19:26:05.599,999,395036,5537,405048,5225,386587,5501,409686,5446,307526,5368,384248,5693,376162,5499,433459,5654,393027,5464,408064,5604,383935,5827,352579,5741,324281,5735,409631,5776,369369,5520,384141,5721,
2026-09-30,19:26:06.600,1000,364306,5116,398395,5148,364620,5117,377533,4944,293331,5155,347348,5144,351917,5136,400442,5250,370309,5151,380118,5155,345400,5182,330959,5432,292084,5204,373924,5275,344806,5143,343415,5144,
2026-09-30,19:26:07.600,999,358935,5039,362073,4677,334749,4726,357370,4703,278061,4855,337760,5031,338831,4968,384358,5023,333415,4625,360076,4900,323903,4857,317304,5178,281624,4988,343152,4861,327445,4902,328638,4918,
2026-09-30,19:26:08.599,999,361069,5066,351825,4543,345263,4855,364153,4769,276756,4853,340516,5057,338124,4952,391599,5112,352798,4902,370485,5031,325111,4868,308409,5053,280440,4955,344944,4884,332796,4986,332326,4970,
2026-09-30,19:26:09.600,1000,359213,5038,377354,4870,352276,4969,369186,4862,284725,4939,345325,5136,351057,5146,390465,5107,353423,4911,365773,4974,325575,4885,323764,5255,291207,5126,347546,4917,337461,5042,332841,4982,
2026-09-30,19:26:10.600,999,321018,4509,328903,4257,314132,4406,326683,4281,240635,4274,301824,4475,302826,4432,344081,4473,297472,4136,312536,4252,288668,4336,284703,4710,250056,4473,306570,4341,286837,4290,291169,4343,
2026-09-30,19:26:11.599,999,683258,9494,735043,9382,675910,9530,697963,9165,575851,9340,610792,9617,622273,9593,715654,9406,663751,9143,688193,9296,639402,9499,634659,9731,570609,9444,650157,9585,594235,9436,622676,9289,
2026-09-30,19:26:12.600,1000,403232,5663,420843,5443,403874,5685,416983,5465,314403,5508,377758,5637,374656,5507,437311,5694,389627,5410,406037,5509,375050,5618,346280,5651,323182,5708,383656,5456,369537,5567,374902,5579,
2026-09-30,19:26:13.600,999,392219,5486,390793,5031,384456,5464,399011,5287,305375,5307,354720,5308,346412,5099,405776,5286,371375,5138,374190,5117,357110,5389,336334,5445,307101,5394,364457,5180,357460,5382,366101,5443,
2026-09-30,19:26:14.599,999,365569,5147,397380,5134,364445,5121,388314,5081,289055,5138,351526,5245,346803,5073,398891,5192,349909,4870,358795,4868,343579,5153,323733,5307,288494,5157,371628,5266,336638,5052,339737,5059,
2026-09-30,19:26:15.600,1000,379564,5334,416212,5382,401986,5728,399949,5309,316384,5464,362150,5408,366425,5381,409530,5341,371711,5175,382414,5245,365909,5529,349428,5644,322481,5640,396967,5623,352734,5301,385282,5739,
2026-09-30,19:26:16.600,999,354994,4998,383752,4975,362181,5110,363101,4764,292986,5147,340175,5085,341679,5019,398584,5199,344795,4797,365770,4960,345073,5161,324349,5297,294005,5197,366189,5193,325896,4907,339589,5064,
2026-09-30,19:26:17.599,999,364831,5124,392431,5066,365856,5152,361948,4753,299171,5256,343477,5153,343317,5061,397837,5189,360697,5002,370174,5019,339723,5064,327651,5353,300973,5329,364907,5198,336900,5089,336896,5016,
2026-09-30,19:26:18.600,1000,339971,4791,366411,4744,343947,4834,346165,4537,284069,5015,327994,4897,327543,4806,382814,4986,346639,4810,351560,4764,334757,4980,311477,5117,274872,4872,348598,4951,319747,4813,321105,4781,
2026-09-30,19:26:19.600,999,347952,4894,372609,4808,346040,4875,364210,4776,282755,4946,337559,5066,327666,4834,381123,5009,353695,4903,356008,4817,340860,5073,333403,5417,288635,5052,357710,5088,320303,4828,339790,5097,
2026-09-30,19:26:20.599,999,342959,4834,364371,4716,334281,4726,366265,4823,273983,4741,325169,4879,321408,4728,363601,4742,349693,4877,345692,4694,334593,5013,317856,5154,275299,4807,348746,4957,324863,4885,330828,4908,
2026-09-30,19:26:21.600,1000,322986,4549,337768,4371,321736,4521,341760,4491,256232,4522,318956,4739,309301,4520,347894,4527,338601,4693,324839,4412,298526,4472,297188,4889,254704,4547,334907,4737,298494,4468,306771,4559,
2026-09-30,19:26:22.600,999,345974,4869,368961,4775,340059,4775,354653,4659,276353,4871,321364,4824,328005,4827,374636,4887,348892,4841,352394,4774,328086,4914,309004,5059,276970,4906,343251,4896,309001,4664,338675,5042,
2026-09-30,19:26:23.600,1000,349872,4932,354655,4600,332529,4674,350364,4597,262880,4674,328228,4886,337340,4934,353689,4602,348368,4838,340431,4610,338285,5055,319399,5265,277099,4946,345260,4897,311496,4676,328550,4885,
2026-09-30,19:26:24.600,999,354014,4970,361431,4689,342223,4820,361405,4748,277789,4919,326618,4899,330830,4863,372007,4842,350160,4868,356801,4850,333132,4998,311410,5090,292231,5176,357596,5085,318526,4802,332374,4947,
2026-09-30,19:26:25.600,999,359163,5051,381046,4933,349474,4977,371459,4929,283798,4944,328200,4880,338388,4950,378847,4941,348595,4842,356975,4896,336979,5112,318464,5165,286596,5057,368402,5200,331106,4955,343721,5124,
2026-09-30,19:26:26.600,1000,362166,5110,370039,4806,358243,5051,375167,4936,279461,4878,337016,5030,333528,4903,390833,5085,345100,4805,338312,4605,335193,5048,320625,5211,282938,4980,360180,5103,330200,4960,346112,5149,
2026-09-30,19:26:27.600,999,337702,4750,345836,4467,337903,4749,352083,4615,261259,4582,324273,4882,325640,4811,365052,4749,335777,4650,336995,4573,319494,4799,304345,4968,265813,4684,342436,4884,306019,4632,332844,4947,
2026-09-30,19:26:28.600,999,384116,5390,385123,4977,369780,5243,382228,5051,291712,5031,361089,5379,360473,5291,409187,5323,370324,5142,355381,4871,347469,5266,338732,5459,303025,5286,386632,5485,351773,5295,360924,5369,
2026-09-30,19:26:29.600,1000,324970,4572,345856,4484,324827,4565,344789,4522,257012,4532,317849,4741,321685,4727,360626,4695,327356,4554,325654,4408,310943,4650,293807,4815,248814,4409,340836,4830,308215,4638,324609,4834,
2026-09-30,19:26:30.600,999,323653,4554,337437,4379,310803,4366,345988,4535,257119,4537,304420,4549,318060,4661,364933,4742,323859,4510,320201,4333,299819,4487,299352,4901,252335,4468,330115,4697,300460,4522,320848,4775,
2026-09-30,19:26:31.600,999,338890,4758,361136,4666,342232,4800,364515,4770,265817,4718,317879,4750,324931,4767,363363,4730,328249,4568,334669,4541,316540,4727,297295,4888,258896,4614,341370,4848,311638,4698,333577,4966,
2026-09-30,19:26:32.600,1000,397072,5585,432903,5588,397187,5585,432516,5672,313896,5458,377907,5680,376073,5551,432800,5633,396411,5504,392694,5321,382443,5717,364753,5910,321863,5659,414389,5901,365340,5514,387490,5754,
2026-09-30,19:26:33.600,999,311083,4380,345978,4472,317403,4471,346682,4545,255463,4554,307888,4567,315527,4602,355370,4632,322215,4484,320554,4350,307231,4602,289098,4763,268512,4793,327892,4627,291093,4348,315521,4710,
2026-09-30,19:26:34.600,999,305207,4302,352233,4563,316961,4450,328105,4293,245553,4370,304667,4519,306018,4463,350068,4558,320449,4452,314868,4268,311824,4660,280003,4616,251771,4492,335777,4746,298556,4466,313868,4680,
2026-09-30,19:26:35.600,1000,363615,5133,413904,5361,363045,5150,394334,5206,289080,5025,356271,5273,356605,5204,391938,5123,352923,4927,361774,4952,345908,5227,318631,5176,290660,5107,387379,5466,350066,5220,349714,5231,
2026-09-30,19:26:36.600,999,325666,4602,361973,4692,324102,4567,341222,4472,257045,4541,306559,4544,298826,4360,347699,4537,316000,4421,314389,4272,306396,4620,284959,4676,256852,4556,329824,4668,301165,4487,315455,4703,
2026-09-30,19:26:37.600,999,345729,4887,393147,5108,357017,5031,376066,4936,300731,5227,358581,5356,344814,5066,388757,5064,363605,5111,354647,4813,336616,5038,330018,5351,291606,5097,363623,5153,324497,4868,350194,5208,
2026-09-30,19:26:38.600,1000,329771,4652,363440,4709,334481,4707,354323,4654,270295,4715,336740,5060,326617,4832,367642,4793,329897,4601,337065,4574,336558,5045,292616,4755,268632,4744,335768,4782,315501,4800,330651,4924,
2026-09-30,19:26:39.600,999,314628,4453,336038,4366,314153,4422,339382,4462,254151,4483,303626,4507,302749,4431,343053,4474,298801,4176,307759,4183,307123,4606,280888,4603,248203,4409,323747,4573,296042,4425,315176,4689,
2026-09-30,19:26:40.600,1000,353273,5013,390664,5090,349514,4902,383865,5041,284543,5007,357896,5312,345993,5047,385924,5016,350493,4917,367329,4974,355862,5327,317720,5207,284299,5054,363507,5130,351158,5243,351752,5233,
2026-09-30,19:26:41.601,1000,336294,4727,357711,4632,336726,4717,340889,4465,257272,4594,314753,4660,317202,4627,364968,4745,300799,4194,339836,4612,314803,4723,291581,4823,259806,4666,323099,4563,318830,4773,327533,4875,
2026-09-30,19:26:42.601,999,359690,5076,370348,4804,357243,5000,365591,4780,268301,4700,330784,4930,337540,4946,384637,4996,322945,4547,356173,4833,336655,5034,311995,5117,273106,4833,342329,4850,337484,5064,335973,4985,
2026-09-30,19:26:43.601,1000,392105,5510,402934,5205,375718,5330,398264,5264,292937,5073,367516,5434,362972,5293,413148,5364,358466,5008,370721,5077,344652,5205,336072,5436,308083,5393,393008,5531,368613,5492,352597,5233,
2026-09-30,19:26:44.601,999,323295,4561,356653,4620,329407,4629,349257,4574,253667,4515,296914,4409,305701,4469,361438,4704,313574,4375,322528,4380,304377,4553,286746,4703,254413,4533,326522,4623,307682,4598,298771,4443,
2026-09-30,19:26:45.601,999,329204,4649,356267,4627,318738,4542,351135,4652,269326,4699,321867,4766,318228,4652,377600,4916,321794,4493,340118,4670,318040,4825,303711,4941,274257,4829,336465,4747,326067,4863,316661,4700,
2026-09-30,19:26:46.602,1000,327051,4615,349441,4548,321238,4533,346523,4565,248945,4387,312422,4633,320133,4669,361510,4715,315693,4400,318980,4339,312662,4687,297610,4867,256848,4578,331514,4676,319491,4769,307109,4578,
2026-09-30,19:26:47.601,999,331740,4680,361386,4684,332367,4675,352108,4615,259058,4554,320246,4777,326969,4794,376049,4894,313550,4369,330921,4496,327498,4890,291176,4767,273440,4876,324658,4602,307534,4618,311097,4635,
2026-09-30,19:26:48.601,999,357961,5049,377888,4906,350599,4938,392501,5142,268090,4703,333783,4963,327937,4795,385300,5015,345146,4816,349710,4751,336423,5051,309538,5048,295661,5234,355739,5040,333909,4996,328432,4893,
2026-09-30,19:26:49.602,1000,354575,4992,378964,4906,345077,4855,368548,4826,264699,4724,330899,4888,328108,4780,374544,4875,336148,4679,348500,4727,336106,5031,305454,5052,275529,4950,350552,4949,332764,4952,318755,4755,
2026-09-30,19:26:50.601,999,350036,4948,380963,4948,348373,4902,370658,4856,269550,4752,323647,4788,320309,4674,372423,4847,337063,4721,344394,4660,334161,4992,308179,5070,273857,4876,349370,4927,325428,4864,333442,4958,
2026-09-30,19:26:51.601,999,312277,4410,341897,4443,318633,4480,326249,4276,251476,4452,314558,4655,309265,4508,346075,4499,323672,4519,323259,4399,311141,4656,297374,4910,256159,4565,320492,4537,308197,4602,306610,4569,
2026-09-30,19:26:52.602,1000,329380,4646,356023,4616,336524,4727,340596,4476,261193,4605,321954,4787,318871,4666,362287,4704,329117,4590,333956,4533,322307,4826,307796,5055,276509,4906,339447,4824,322169,4829,321022,4776,
2026-09-30,19:26:53.601,999,315229,4436,341848,4441,316546,4449,335851,4412,244755,4313,306934,4542,313813,4569,351051,4568,317718,4436,329167,4468,314953,4708,293168,4830,257458,4603,323262,4568,313875,4691,308736,4591,
2026-09-30,19:26:54.601,999,314315,4435,336160,4366,314830,4424,340220,4469,256345,4500,311033,4619,312629,4563,354584,4605,320985,4470,332057,4497,314472,4704,296070,4834,260400,4613,330899,4675,307814,4608,294154,4364,
2026-09-30,19:26:55.601,1000,339990,4814,370570,4826,332645,4730,376343,4993,277763,4816,337503,4998,326713,4765,381225,4963,348318,4885,357092,4889,334247,5040,321242,5243,283103,4996,363861,5134,319174,4757,322061,4783,
2026-09-30,19:26:56.601,999,325799,4602,356342,4631,328887,4626,355541,4673,258778,4559,305514,4530,304298,4433,369111,4815,333758,4662,336843,4586,319693,4793,302010,4960,271699,4811,334171,4720,308480,4608,322181,4811,
2026-09-30,19:26:57.601,999,313166,4408,353145,4576,322415,4533,348525,4570,247940,4377,295031,4384,300794,4400,338610,4407,322156,4488,319225,4331,298731,4485,285005,4674,257869,4588,330874,4691,303191,4551,312495,4648,
2026-09-30,19:26:58.601,1000,370211,5213,411388,5336,384904,5463,401960,5318,296067,5135,356834,5276,361586,5282,411676,5359,373199,5215,370359,5062,355249,5363,350469,5697,312629,5487,394943,5577,357113,5331,363321,5397,
2026-09-30,19:26:59.601,999,383071,5412,431174,5582,382461,5365,407961,5340,296836,5216,358487,5319,379307,5539,426317,5557,374959,5245,395073,5356,364495,5443,347363,5676,307518,5448,398402,5626,372244,5559,367626,5476,
2026-09-30,19:27:00.601,999,362033,5118,398456,5180,360713,5065,381890,5007,281254,4935,334392,4957,351627,5129,400341,5217,364930,5120,357680,4857,335354,5016,319695,5234,290260,5150,361304,5102,350246,5221,352138,5227,
2026-09-30,19:27:01.602,1000,316596,4446,345677,4477,317537,4456,338172,4420,251967,4464,294667,4370,301118,4393,346119,4503,307770,4295,298725,4066,301452,4522,283569,4695,260445,4674,320327,4542,296488,4429,308865,4591,
2026-09-30,19:27:02.601,999,329173,4637,367266,4765,329821,4619,351961,4613,260532,4584,307913,4599,314822,4633,360036,4692,314745,4406,318719,4330,314017,4696,299935,4912,273433,4865,333828,4753,305218,4592,316249,4699,
2026-09-30,19:27:03.601,999,357379,5054,381949,4965,344277,4848,374300,4929,270756,4773,333229,4926,334691,4883,384229,5001,339580,4748,345897,4713,329369,4941,311274,5092,291850,5169,357936,5063,335739,5015,337870,5033,
2026-09-30,19:27:04.601,1000,330235,4663,362345,4696,333368,4686,360816,4746,265654,4666,315329,4723,317010,4669,360090,4693,328012,4573,339531,4614,332997,4998,298643,4855,275828,4872,345262,4923,309970,4669,313203,4662,
2026-09-30,19:27:05.601,999,375311,5281,408825,5278,377113,5357,402572,5345,306382,5292,362877,5393,361215,5285,415375,5407,379951,5285,378766,5211,357141,5417,340651,5504,312556,5480,385304,5453,345272,5170,364409,5415,
2026-09-30,19:27:06.602,1000,718133,10315,778966,10229,750622,10507,803734,10491,622699,10403,682363,10281,692206,10257,789939,10417,723010,10253,748326,10093,719197,10722,673982,10566,632543,10710,758157,10797,700001,10596,698361,10505,
2026-09-30,19:27:07.602,999,388831,5463,411866,5314,402883,5653,402372,5273,324879,5718,355526,5339,365537,5404,419019,5452,391929,5444,393112,5328,372369,5555,344875,5620,314186,5560,390130,5561,354770,5378,371655,5534,
2026-09-30,19:27:08.601,999,351937,4948,384213,4970,369403,5186,376767,4944,292034,5133,339812,5079,341334,5025,376641,4900,364964,5082,364421,4959,336846,5054,323625,5283,285386,5041,365545,5185,333479,5028,339218,5053,
2026-09-30,19:27:09.601,999,326817,4609,368461,4765,341318,4795,352940,4608,269750,4744,312674,4674,323187,4747,376633,4901,343553,4781,338189,4594,320847,4794,303990,4965,271717,4814,345242,4899,318349,4806,319594,4761,
2026-09-30,19:27:10.602,1000,343223,4811,375452,4850,343174,4825,357610,4683,265844,4644,335017,4986,322535,4731,387997,5047,344799,4806,345536,4704,323295,4837,310011,5052,273489,4817,354419,5030,317580,4773,323298,4818,
2026-09-30,19:27:11.601,999,366087,5158,380202,4913,367300,5165,382793,5015,289361,5054,338812,5071,347176,5109,411190,5362,367503,5112,355021,4826,328473,4925,328611,5341,285891,5019,366799,5222,338657,5119,338694,5064,
2026-09-30,19:27:12.602,1000,334783,4712,361677,4678,337213,4735,344828,4518,269337,4733,319359,4772,325572,4787,371708,4834,327054,4555,325539,4412,312044,4677,295643,4843,265132,4677,342192,4873,307797,4640,314156,4679,
2026-09-30,19:27:13.602,999,347599,4909,364582,4713,348568,4951,352794,4681,287197,4975,346879,5144,340164,4961,394046,5124,352981,4945,342441,4693,328792,4972,317865,5149,278568,4860,359009,5059,323152,4828,326769,4847,
2026-09-30,19:27:14.601,999,310991,4382,333802,4315,306097,4296,337071,4424,252322,4466,304026,4523,295923,4326,348175,4536,311584,4335,314984,4274,300669,4504,283769,4681,244720,4364,321397,4553,281530,4219,292384,4356,
2026-09-30,19:27:15.602,1000,376415,5278,409443,5279,364343,5171,402292,5335,311784,5444,359632,5364,357603,5261,412081,5367,382508,5303,379606,5204,347539,5265,336474,5467,306185,5389,393872,5591,339983,5129,352772,5254,
2026-09-30,19:27:16.602,999,496355,6973,534842,6902,496346,6958,533096,6972,416080,7052,467299,6972,469610,6887,545990,7217,499105,6921,505567,6816,456286,6794,454219,7164,403371,6895,500988,7092,447699,6735,458335,6932,
2026-09-30,19:27:17.601,999,339772,4765,365538,4719,349745,4905,370543,4865,285100,4989,328473,4925,336074,4952,394119,5133,350109,4868,350929,4772,322535,4833,303782,4964,277549,4912,363155,5179,308877,4674,320191,4761,
2026-09-30,19:27:18.602,1000,324541,4571,339620,4411,340333,4773,357392,4673,270340,4736,326954,4891,315046,4630,373516,4864,339151,4733,333135,4526,321569,4820,307254,5025,257290,4554,348693,4960,303497,4592,315605,4691,
2026-09-30,19:27:19.601,999,320458,4494,338888,4376,334702,4680,346912,4528,249484,4406,313351,4674,313099,4588,360790,4698,312799,4358,313665,4254,299996,4498,281020,4604,260087,4643,329014,4668,301489,4531,289276,4306,
2026-09-30,19:27:20.601,999,329704,4636,356949,4616,337107,4740,352108,4614,265126,4674,311994,4654,325824,4776,359186,4673,322600,4484,325964,4442,302396,4544,294697,4834,276029,4919,328906,4665,310185,4658,305012,4542,
2026-09-30,19:27:21.602,1000,318355,4485,359391,4656,324869,4568,337829,4420,259823,4558,315409,4711,316015,4631,356722,4645,326935,4556,326840,4446,306075,4602,287070,4677,265033,4696,318539,4527,304140,4586,298762,4456,
2026-09-30,19:27:22.601,999,355304,5004,389077,5030,347162,4886,379525,4995,291656,5040,340893,5092,333749,4893,379564,4941,360405,5032,356506,4857,327300,4922,319610,5177,281960,4934,351618,5002,329348,4976,328088,4881,
2026-09-30,19:27:23.602,1000,330268,4666,361013,4693,346365,4855,354587,4655,268962,4707,338449,5037,328883,4821,383018,4986,349681,4905,329594,4480,315928,4732,299252,4891,264209,4671,338233,4792,308116,4620,317869,4726,
2026-09-30,19:27:24.602,999,339944,4791,378009,4905,349857,4919,367766,4818,271775,4817,335225,4963,331369,4831,379607,4942,343633,4787,343235,4663,337082,5046,296426,4887,270733,4829,352754,4986,325548,4857,315252,4690,
2026-09-30,19:27:25.601,999,349955,4946,392877,5098,352485,5002,372946,4941,288853,5008,346133,5128,348060,5093,396021,5162,353271,4954,355843,4888,325509,4932,310497,5030,288784,5081,365566,5166,334544,5010,335610,4987,
2026-09-30,19:27:26.602,1000,331182,4686,368987,4788,341594,4804,366439,4808,269439,4755,316904,4701,333518,4863,381434,4966,351220,4923,353035,4795,327387,4916,309080,5052,273666,4852,354993,5019,326470,4885,328219,4884,
2026-09-30,19:27:27.602,999,384874,5473,442336,5758,386546,5455,423116,5556,328045,5660,382025,5679,396987,5815,450534,5880,408174,5765,415123,5639,383838,5756,369888,5972,326496,5702,415827,5893,375218,5624,384207,5712,
2026-09-30,19:27:28.601,999,346225,4871,386304,4982,348967,4952,386496,5122,293826,5086,360366,5344,362718,5298,415803,5410,357966,5004,373421,5118,346078,5237,325375,5296,285695,5017,366141,5172,340102,5078,337702,5018,
2026-09-30,19:27:29.602,1000,322135,4560,361105,4672,312760,4403,348449,4570,263002,4636,316602,4694,323910,4727,370929,4828,324112,4542,329875,4485,326934,4899,293329,4814,264666,4713,340267,4801,314715,4694,304829,4530,
2026-09-30,19:27:30.602,999,323320,4543,371867,4794,317650,4481,349282,4604,265051,4705,321066,4753,326268,4754,366631,4768,333743,4635,326487,4453,326414,4903,295512,4853,268054,4787,341755,4828,314560,4703,325666,4842,
2026-09-30,19:27:31.602,999,340178,4775,367385,4755,317083,4512,348392,4625,269289,4712,325202,4818,325735,4757,360446,4684,324713,4515,332368,4554,325807,4946,296852,4835,270178,4767,334570,4732,307598,4602,316794,4709,
2026-09-30,19:27:32.601,999,381007,5359,400673,5175,372200,5255,390572,5131,297422,5227,354867,5280,363290,5320,404099,5258,361799,5035,375579,5115,357447,5381,340213,5569,293480,5193,366796,5202,342374,5139,352551,5237,
2026-09-30,19:27:33.602,1000,386780,5441,397069,5130,360488,5080,398906,5241,304603,5385,359630,5328,367888,5366,417306,5431,361713,5027,360471,4905,356617,5350,345329,5673,302146,5361,364819,5152,351539,5255,351394,5241,
2026-09-30,19:27:34.602,999,370663,5223,408198,5269,364564,5106,402188,5262,305687,5422,355097,5259,363283,5304,410075,5366,350117,4871,368822,5008,352312,5280,334490,5485,287617,5125,359494,5068,355624,5325,348439,5217,
2026-09-30,19:27:35.602,1000,370090,5196,399565,5168,358863,5105,394072,5228,296789,5184,361533,5358,364017,5319,411592,5378,362376,5036,367371,5040,345938,5234,336574,5484,283372,4996,363445,5121,363555,5424,336500,5017,
2026-09-30,19:27:36.602,999,349173,4920,412052,5326,358514,5038,402146,5254,291387,5150,345762,5108,353941,5160,397373,5191,351507,4893,378759,5156,345348,5186,330098,5409,294260,5239,365381,5161,344999,5163,340048,5082,
2026-09-30,19:27:37.601,999,340265,4788,379886,4908,346930,4880,372847,4889,280149,4934,326658,4855,328874,4825,381688,4991,333984,4647,338808,4608,326488,4897,301745,4934,275848,4890,345508,4888,328117,4916,321232,4805,
2026-09-30,19:27:38.602,1000,364930,5128,389171,5032,352587,4965,392777,5154,286612,5016,335260,4982,352813,5162,390144,5074,351064,4895,358492,4885,330734,4974,320730,5201,283151,4988,368049,5207,339032,5086,350932,5227,
2026-09-30,19:27:39.602,999,325439,4625,347544,4527,327150,4590,347825,4557,261847,4603,308592,4566,311449,4541,369425,4808,330833,4645,338848,4596,317074,4738,292603,4780,258912,4594,343862,4857,313766,4682,323868,4819,
2026-09-30,19:27:40.602,999,320070,4507,331020,4278,317057,4462,362611,4736,251607,4469,292573,4339,311773,4547,366765,4778,318416,4435,332235,4526,304243,4553,287157,4696,255297,4557,336743,4761,293808,4391,321823,4800,
2026-09-30,19:27:41.601,999,311423,4384,309965,4005,303571,4265,339731,4443,251396,4484,289106,4278,294013,4281,333464,4336,298225,4147,313635,4268,292439,4381,272441,4475,243063,4359,320076,4521,287891,4306,297057,4421,
2026-09-30,19:27:42.602,1000,356736,5037,369836,4810,347382,4878,383814,5022,286392,5043,329984,4906,339535,4979,391970,5106,349131,4881,369776,5017,330836,4948,317746,5180,282206,5009,365283,5181,326957,4909,342803,5091,
2026-09-30,19:27:43.602,999,355434,4985,375049,4833,354868,5033,375960,4969,288887,5069,340766,5036,350657,5103,396656,5158,349525,4857,353339,4833,326548,4937,323912,5317,281135,4989,359981,5073,337469,5031,339077,5038,
2026-09-30,19:27:44.602,1000,381282,5366,416574,5393,374910,5272,409810,5361,300011,5256,350347,5200,359155,5258,414165,5395,368977,5152,384833,5227,349370,5247,340817,5552,305636,5395,377130,5328,359307,5372,362853,5408,
2026-09-30,19:27:45.602,999,376606,5316,401981,5217,358410,5097,378600,5027,297625,5199,348695,5166,337632,4933,405355,5275,347505,4860,375828,5159,346748,5245,322292,5234,284750,5040,364928,5143,337748,5041,343034,5100,
2026-09-30,19:27:46.602,999,337910,4786,360856,4700,341168,4794,362249,4754,262872,4608,325366,4821,327304,4782,375178,4875,324693,4566,340821,4631,323366,4847,310509,5071,275188,4882,358979,5072,319701,4773,320709,4773,
2026-09-30,19:27:47.602,1000,335095,4751,361908,4717,341355,4801,357777,4698,267400,4661,332761,4937,327578,4792,377082,4912,328616,4616,337863,4587,319699,4797,311174,5067,275439,4863,348366,4924,306530,4598,320480,4774,
2026-09-30,19:27:48.602,999,319875,4530,354179,4606,324313,4567,352116,4620,267209,4688,313753,4651,311971,4554,355566,4636,310028,4348,322215,4378,313103,4712,295243,4820,273696,4850,344727,4871,318429,4756,317502,4722,
2026-09-30,19:27:49.602,999,321106,4517,351615,4563,321262,4510,350444,4582,262123,4593,310645,4625,321700,4703,362815,4729,319349,4472,324343,4407,309128,4649,296985,4837,266071,4692,335933,4756,316687,4745,305021,4546,
2026-09-30,19:27:50.602,1000,322401,4535,346790,4499,319255,4491,342393,4490,264308,4688,303067,4489,311742,4552,350762,4567,323429,4526,311978,4244,298598,4478,282412,4626,261999,4688,336684,4746,309165,4616,308181,4588,
2026-09-30,19:27:51.602,999,342838,4831,358773,4666,346223,4861,362813,4748,274490,4897,332633,4930,333029,4847,377062,4900,333732,4657,329650,4487,311597,4673,298504,4923,274436,4905,356687,5022,318276,4752,328067,4869,
2026-09-30,19:27:52.602,999,371098,5248,396799,5159,378139,5319,398742,5228,305190,5362,357621,5318,362146,5309,414602,5396,364788,5104,379065,5148,348664,5234,333716,5408,305274,5405,386515,5471,359192,5371,362713,5393,
2026-09-30,19:27:53.602,1000,320730,4524,348431,4515,347578,4880,355110,4654,269154,4798,315399,4666,320229,4672,357821,4651,333216,4635,332806,4516,316058,4738,291284,4798,258284,4632,343497,4841,315045,4701,317629,4727,
2026-09-30,19:27:54.602,999,330133,4651,359041,4659,347134,4877,354358,4650,272537,4821,327275,4853,329843,4808,376072,4892,342699,4795,347426,4715,337054,5049,293784,4818,261295,4655,349983,4937,312656,4664,317990,4731,
2026-09-30,19:27:55.602,999,374779,5289,420627,5456,372505,5289,396703,5270,313615,5423,368604,5466,376999,5516,431205,5621,378993,5301,387002,5299,371769,5610,340922,5504,297274,5199,396657,5603,363789,5432,374028,5551,
2026-09-30,19:27:56.602,1000,355614,5012,378632,4933,370801,5211,382970,5033,280287,4924,340029,5028,340228,4963,396158,5157,351740,4932,369411,5024,341371,5130,315599,5163,281714,5002,376627,5315,336565,5037,352585,5239,
2026-09-30,19:27:57.602,999,335431,4733,385587,5000,351866,4946,374430,4913,270725,4754,327994,4886,335535,4918,390169,5082,344090,4812,342776,4652,326697,4910,299146,4883,272981,4843,362300,5140,330070,4952,330321,4910,
2026-09-30,19:27:58.602,1000,354303,4981,384403,4979,362385,5146,371952,4925,292119,5061,332741,4919,349351,5098,407095,5295,350393,4893,353340,4850,344216,5213,323002,5244,281128,4950,368955,5199,351323,5250,344095,5117,
2026-09-30,19:27:59.602,999,340195,4787,370342,4797,351069,4929,369393,4842,261243,4613,318876,4722,333647,4866,377540,4934,337621,4701,340443,4641,323476,4852,295023,4835,275853,4904,364133,5130,337878,5061,327245,4889,
2026-09-30,19:28:00.602,999,369522,5176,414622,5351,386665,5443,404749,5314,306795,5343,356206,5284,359901,5262,419550,5484,371572,5168,372542,5066,355907,5338,346079,5626,302607,5355,397006,5613,372925,5581,357995,5351,
2026-09-30,19:28:01.602,1000,330015,4640,372085,4804,352819,4956,369347,4827,274056,4875,317031,4700,328324,4792,364175,4743,343638,4790,335007,4554,309197,4641,320228,5264,272004,4887,340025,4797,325717,4874,328943,4914,
2026-09-30,19:28:02.602,999,337356,4745,365300,4711,367426,5148,374193,4893,275537,4861,319528,4746,331148,4842,388172,5077,352375,4894,352935,4792,322805,4831,316738,5183,277611,4948,351090,4972,327458,4914,338096,5061,
2026-09-30,19:28:03.602,999,323045,4567,354776,4613,354528,4967,365593,4787,268790,4754,320421,4751,325431,4743,368825,4805,325481,4554,336247,4568,324473,4866,309155,5098,264066,4701,342189,4835,314844,4706,315477,4695,
2026-09-30,19:28:04.603,1000,318612,4507,346971,4498,339787,4790,366483,4815,274437,4842,323319,4806,323667,4739,368647,4809,334239,4665,347875,4718,312518,4701,305242,5011,263301,4673,327724,4637,323118,4840,325107,4840,
2026-09-30,19:28:05.602,999,358908,5073,399839,5193,366079,5203,391819,5196,303590,5302,353646,5234,357156,5215,414261,5393,366708,5124,379238,5196,352753,5350,328338,5335,295526,5203,370685,5221,356445,5310,358208,5322,
2026-09-30,19:28:06.602,999,366341,5160,399926,5177,375129,5286,390904,5123,298493,5258,353795,5250,362252,5286,404902,5262,359469,5022,386584,5252,343804,5152,324360,5290,297903,5270,379880,5371,355281,5313,362782,5388,
2026-09-30,19:28:07.603,1000,345166,4900,370257,4820,350153,4935,370687,4863,294351,5152,343519,5093,345882,5061,384048,4996,335125,4706,358818,4882,325217,4883,318554,5183,282752,5024,366663,5191,331785,4984,338576,5021,
2026-09-30,19:28:08.602,999,372030,5247,394861,5118,374351,5270,396274,5193,298407,5289,356673,5282,356593,5202,403972,5256,360610,5034,360613,4899,343220,5138,323485,5280,301772,5389,372025,5255,346829,5185,363880,5424,
2026-09-30,19:28:09.602,999,367203,5195,397411,5162,371676,5221,412078,5402,306227,5420,365645,5403,371332,5405,419395,5457,370781,5182,370087,5028,349687,5230,337338,5553,300069,5365,377098,5317,345078,5148,360753,5363,
2026-09-30,19:28:10.602,1000,315988,4440,356971,4617,330808,4650,358729,4700,261567,4652,321388,4763,333826,4874,378503,4933,330577,4602,312760,4264,304787,4576,283991,4695,267828,4798,347857,4899,305147,4564,318967,4740,
2026-09-30,19:28:11.602,999,317790,4498,360387,4694,337001,4726,354866,4640,259783,4562,312954,4631,328070,4789,361863,4713,330990,4631,322059,4371,309818,4626,295598,4858,258222,4585,340793,4798,307211,4576,314360,4682,
2026-09-30,19:28:12.602,999,348474,4890,382181,4939,366302,5154,384187,5041,278309,4852,336759,5022,346285,5088,381973,4980,349608,4861,358041,4875,335838,5031,317572,5166,292005,5163,355888,5046,335359,5028,362159,5390,
2026-09-30,19:28:13.603,1000,349881,4916,365607,4719,359545,5100,367482,4871,276465,4775,337808,4989,339531,4951,388299,5081,356945,4961,353873,4845,330663,4988,320456,5196,289422,5103,345054,4858,339169,5049,343756,5127,
2026-09-30,19:28:14.602,999,323883,4543,348502,4502,340553,4776,345887,4519,245982,4352,318165,4716,312925,4566,354363,4618,323678,4494,321803,4374,305414,4560,287505,4733,260921,4682,323308,4567,300792,4487,315072,4693,
2026-09-30,19:28:15.602,999,337165,4732,377138,4865,336856,4783,358162,4753,269124,4697,323876,4800,330275,4812,389514,5083,336600,4678,346188,4756,334054,5060,305832,4986,278377,4944,339878,4798,325723,4867,326990,4866,
2026-09-30,19:28:16.603,1000,343908,4836,369064,4776,338862,4761,348483,4579,273102,4829,328371,4862,337678,4922,383528,5019,349984,4867,348200,4730,324143,4861,315808,5167,280271,5000,350737,4952,332887,4967,337736,5046,
2026-09-30,19:28:17.602,999,359660,5048,398987,5142,366293,5155,378641,4972,289805,5102,353049,5260,343479,5034,416278,5414,372641,5177,379920,5164,337954,5073,331589,5395,299172,5317,378582,5362,350020,5259,358443,5324,
2026-09-30,19:28:18.602,999,326027,4576,356256,4598,332749,4667,345142,4530,261016,4637,313870,4649,314138,4582,366731,4787,337783,4692,333807,4527,305404,4579,309695,5078,274861,4909,343748,4846,317386,4753,312052,4664,
2026-09-30,19:28:19.603,1000,305845,4297,348452,4498,309527,4359,334344,4378,247256,4423,296404,4381,298182,4348,335372,4363,319233,4430,309215,4214,299751,4499,286957,4728,254118,4547,323411,4563,306721,4581,298330,4442,
2026-09-30,19:28:20.602,999,359846,5057,404490,5220,353253,4961,374289,4901,292862,5160,338719,5020,343150,5010,385747,5084,368303,5102,359329,4873,350656,5245,335943,5472,293771,5179,376295,5324,346233,5171,350982,5288,
2026-09-30,19:28:21.602,999,319640,4513,360168,4661,335785,4711,341984,4477,257522,4577,301515,4458,308375,4491,345569,4504,308108,4285,321494,4373,316023,4744,294826,4831,260163,4644,331570,4682,299816,4470,312525,4666,
2026-09-30,19:28:22.603,1000,336161,4733,361754,4670,349057,4905,349236,4580,264891,4666,317885,4707,328024,4799,349169,4561,320496,4444,338836,4602,328205,4915,308968,5045,275435,4904,346331,4896,308585,4615,327537,4891,
2026-09-30,19:28:23.602,999,341663,4811,366173,4722,347455,4891,366475,4821,279477,4878,327477,4864,336375,4909,380885,5001,338081,4710,350810,4775,340056,5094,314302,5082,281889,4964,362680,5113,343971,5137,338426,5064,
2026-09-30,19:28:24.602,999,345564,4866,379211,4886,353371,4967,364667,4779,277308,4891,314917,4669,334177,4869,371362,4861,332856,4644,345586,4694,336108,5035,304506,4969,281395,5004,366351,5172,343269,5128,339031,5058,
2026-09-30,19:28:25.603,1000,378009,5307,420782,5436,381416,5403,408818,5388,301880,5331,349923,5175,351130,5117,402714,5239,364483,5063,372281,5084,343973,5183,327504,5343,303326,5406,398549,5625,357280,5334,365086,5433,
2026-09-30,19:28:26.602,999,347152,4891,390861,5050,358788,5035,387998,5094,271882,4810,323457,4775,327444,4763,372105,4858,338535,4716,341291,4627,320648,4814,311579,5095,284139,5048,362736,5117,342468,5111,353525,5285,
2026-09-30,19:28:27.603,1000,338170,4759,393169,5066,361801,5091,375246,4922,274316,4842,326503,4849,331721,4855,379406,4974,335822,4668,333505,4534,317111,4761,311077,5077,282535,5007,359060,5079,333175,4991,326474,4880,
2026-09-30,19:28:28.603,999,423189,5935,459604,5921,437539,6216,459796,6085,339045,5847,416274,6159,406582,5936,454253,5950,425946,5929,415075,5688,390275,5908,367884,5901,346306,6036,441438,6221,410135,6119,406163,6067,
2026-09-30,19:28:29.602,999,325564,4579,376483,4869,333700,4688,358347,4696,269748,4779,332609,4938,326370,4768,355353,4638,335619,4661,335339,4563,310426,4655,293666,4818,254744,4538,348244,4916,322775,4810,326164,4858,
2026-09-30,19:28:30.603,1000,330288,4650,366532,4742,336115,4732,354226,4644,268267,4753,323919,4785,342030,4986,368390,4812,339752,4716,345127,4689,313377,4689,307237,5050,267220,4773,342111,4827,328905,4904,337077,5025,
2026-09-30,19:28:31.603,999,309599,4359,345242,4459,307890,4324,336393,4410,250529,4431,306307,4537,316017,4612,343098,4490,317229,4423,330817,4501,296999,4456,287509,4725,256973,4581,328085,4630,302298,4537,316019,4722,
2026-09-30,19:28:32.602,999,343607,4829,383759,4963,332107,4666,362450,4752,274826,4810,325399,4835,332991,4878,377524,4937,346836,4818,345370,4699,321528,4826,315047,5136,285061,5046,357770,5056,318336,4768,330993,4950,
2026-09-30,19:28:33.603,1000,344466,4839,371022,4801,353344,4958,367189,4804,275588,4860,336030,4974,331137,4832,367808,4805,346898,4816,347990,4736,328869,4933,303261,4952,286279,5104,341283,4810,333780,4983,333795,4995,
2026-09-30,19:28:34.603,999,395769,5564,427346,5522,398319,5591,413100,5404,306083,5394,372538,5520,382835,5586,427881,5589,374067,5194,384744,5229,368704,5537,340186,5556,328266,5863,386647,5468,375037,5605,379685,5669,
2026-09-30,19:28:35.602,999,364939,5119,402716,5195,375976,5337,388627,5147,296711,5195,364459,5378,366505,5337,402435,5268,369745,5127,366936,5021,356577,5390,331830,5406,303974,5413,391861,5529,344196,5142,358467,5344,
2026-09-30,19:28:36.602,999,340957,4810,387055,5016,353107,4963,375997,4921,283323,5018,344690,5092,341978,4981,371205,4852,347862,4838,369733,5031,337190,5039,321306,5242,295778,5276,361404,5093,338757,5066,340841,5099,
2026-09-30,19:28:37.603,1000,325811,4582,361994,4681,335101,4708,346668,4541,259633,4594,308897,4608,305027,4469,353475,4600,323131,4492,330721,4490,311784,4674,278577,4551,270434,4832,329998,4676,305681,4599,316414,4707,
2026-09-30,19:28:38.602,999,342587,4814,377133,4875,362302,5102,371025,4866,272454,4819,323179,4784,327067,4770,364873,4763,336141,4669,334285,4545,313561,4699,302038,4945,280794,5017,347858,4915,331778,4960,336684,5030,
2026-09-30,19:28:39.602,999,364160,5118,388020,5023,367589,5172,384923,5049,290097,5083,340214,5047,343664,5021,376602,4932,339588,4721,343509,4672,326991,4889,314444,5087,294605,5195,367123,5187,345225,5163,352271,5274,
2026-09-30,19:28:40.603,1000,345013,4850,359176,4649,348440,4893,366827,4785,276156,4874,324656,4808,328338,4789,367280,4798,330979,4591,332424,4518,314019,4705,297005,4859,274452,4884,345210,4876,326249,4881,326148,4874,
2026-09-30,19:28:41.602,999,315996,4433,330060,4277,317043,4449,330850,4331,241465,4302,301874,4466,299802,4374,330024,4306,297633,4130,289857,3930,284540,4260,268213,4420,257740,4626,315033,4452,301918,4520,306568,4567,
2026-09-30,19:28:42.602,999,321594,4522,357475,4636,331394,4664,349108,4569,260786,4625,328218,4877,315966,4630,364961,4759,322586,4476,324411,4408,304824,4563,286659,4682,274982,4903,344087,4870,314483,4734,312108,4664,
2026-09-30,19:28:43.603,1000,372172,5199,405655,5225,377930,5358,404869,5357,301189,5267,364724,5431,357170,5235,410294,5338,374076,5179,364601,4987,341929,5175,332719,5401,309562,5478,384089,5443,359040,5373,365501,5434,
2026-09-30,19:28:44.602,999,347834,4879,389683,5045,347314,4873,380478,4971,283699,5039,354824,5291,338990,4978,385900,5013,351760,4881,371316,5025,338070,5066,309465,5072,282185,5039,370819,5266,333122,5020,342457,5097,
2026-09-30,19:28:45.603,1000,391848,5493,417231,5383,378377,5355,412912,5478,297360,5140,367907,5484,358641,5241,417693,5433,369484,5131,386376,5289,368988,5573,335177,5403,315992,5567,394210,5581,369075,5534,374840,5555,
2026-09-30,19:28:46.603,999,329725,4636,347122,4494,332605,4666,349259,4574,260060,4610,323655,4829,311507,4573,363157,4717,329554,4585,348726,4736,319156,4793,287337,4703,269177,4797,347333,4926,331881,4976,328675,4893,
2026-09-30,19:28:47.603,999,322583,4533,353210,4553,341582,4787,347740,4559,254696,4484,321687,4813,296096,4360,358203,4652,322213,4476,340699,4623,308938,4628,289264,4723,267352,4752,345281,4905,322124,4847,314724,4677,
2026-09-30,19:28:48.602,999,337569,4758,351883,4572,342123,4800,366092,4804,269714,4775,322941,4820,308772,4539,356838,4641,336578,4689,351038,4757,326558,4894,301106,4926,274771,4888,340518,4839,315999,4745,329569,4913,
2026-09-30,19:28:49.603,1000,320199,4505,332187,4311,315357,4420,329377,4315,261496,4625,302259,4518,297452,4365,348361,4529,317327,4421,320662,4348,310024,4636,288409,4727,258677,4611,316456,4489,294332,4421,305259,4539,
2026-09-30,19:28:50.603,999,335035,4709,364936,4721,330884,4647,355996,4665,278770,4896,329169,4915,329532,4841,365730,4767,343606,4775,345519,4695,334512,5013,308975,5021,277929,4915,342506,4865,316513,4749,326812,4866,
2026-09-30,19:28:51.602,999,313416,4402,327737,4237,316583,4431,335364,4394,252939,4534,309326,4583,298958,4361,342119,4448,322910,4485,309886,4212,297839,4455,278092,4593,259501,4652,322403,4566,295689,4422,308416,4591,
2026-09-30,19:28:52.603,1000,352024,4939,378020,4870,360195,5042,380765,4986,290903,5159,341413,5115,329856,4860,375058,4884,342060,4752,345982,4714,337312,5038,312207,5110,288684,5129,358527,5097,328301,4947,352841,5257,
2026-09-30,19:28:53.603,999,307770,4310,340952,4391,310875,4360,349310,4564,257089,4588,300315,4465,299655,4375,355915,4631,312165,4340,320577,4358,301376,4503,282453,4664,251560,4518,317252,4492,301759,4518,310295,4617,
2026-09-30,19:28:54.602,999,324365,4552,355640,4593,328643,4607,355898,4672,259241,4579,320262,4778,309670,4532,367990,4782,323748,4506,341357,4636,320499,4802,299898,4915,260425,4638,332122,4706,310593,4661,336750,5005,
2026-09-30,19:28:55.603,1000,353759,4982,388550,5020,350303,4956,372357,4939,275698,4827,346981,5131,336690,4913,394051,5135,349574,4860,364261,5001,326946,4955,320020,5219,281015,4973,348795,4917,338744,5053,356529,5312,
2026-09-30,19:28:56.603,999,437415,6147,475064,6131,429101,6096,475838,6296,358169,6214,405975,6021,412136,6015,468929,6117,447951,6216,456168,6258,400800,6065,400338,6466,363103,6337,443726,6256,410277,6134,417622,6227,
2026-09-30,19:28:57.602,999,319379,4499,360593,4666,327763,4590,346931,4540,267714,4710,312559,4651,305733,4479,367684,4802,329928,4580,333170,4527,312415,4668,303857,4976,271238,4819,332712,4716,310064,4654,304930,4551,
2026-09-30,19:28:58.603,1000,361208,5065,387564,4994,336697,4781,373167,4950,297573,5150,345446,5176,339232,4993,387464,5037,367806,5095,361255,4949,337528,5105,330476,5332,296030,5187,365920,5189,326498,4920,348065,5183,
2026-09-30,19:28:59.603,999,317487,4462,340089,4392,310407,4350,344629,4518,262566,4631,317949,4763,309178,4546,345935,4497,319808,4450,329845,4483,304816,4573,285192,4655,258063,4583,326667,4635,298264,4495,302283,4513,
2026-09-30,19:29:00.602,999,352027,4954,373836,4831,335732,4710,375624,4920,278904,4936,322743,4814,327808,4813,374690,4863,353326,4905,348149,4742,339683,5090,319365,5230,277624,4948,358764,5090,330731,4971,340029,5072,
2026-09-30,19:29:01.603,1000,354423,5000,372028,4816,343558,4819,380295,4985,280645,4970,320889,4794,325221,4774,369357,4806,344688,4796,351947,4785,339687,5090,317876,5200,272365,4850,359345,5105,319093,4804,328318,4881,
2026-09-30,19:29:02.603,999,386118,5424,400021,5158,377928,5300,405984,5309,304157,5309,336393,5051,342179,5047,397521,5178,385638,5364,380645,5166,355484,5325,345825,5608,302890,5344,370056,5274,354329,5358,355192,5283,
2026-09-30,19:29:03.602,999,335572,4733,361220,4664,334908,4710,362840,4756,268824,4748,315759,4704,311644,4567,368477,4800,339330,4716,350021,4771,312033,4702,296073,4868,274788,4920,328869,4665,319152,4790,327485,4870,
2026-09-30,19:29:04.603,1000,346645,4889,375699,4869,346989,4866,373893,4888,283363,4992,323861,4850,329274,4839,373570,4868,356799,4966,349263,4741,335262,5036,314851,5164,284895,5069,356370,5073,335728,5062,345039,5139,
2026-09-30,19:29:05.603,999,364682,5113,387707,4999,359058,5109,371201,4926,286099,5005,338414,5042,339937,4968,393800,5129,355593,4955,362780,4986,342525,5204,331384,5411,282680,5002,364168,5153,353283,5281,355915,5286,
2026-09-30,19:29:06.603,999,331982,4653,358152,4626,327004,4587,353045,4624,267549,4718,317598,4751,315530,4637,369852,4809,339843,4719,339946,4620,330428,4933,308489,5066,273077,4863,332021,4715,324553,4887,321109,4781,
2026-09-30,19:29:07.603,1000,373053,5237,402464,5192,365229,5132,386622,5082,297716,5169,347567,5218,344202,5083,400478,5215,359866,5005,362665,4940,362153,5433,338431,5483,294039,5155,354446,5046,331521,4997,346355,5146,
2026-09-30,19:29:08.603,999,360870,5068,382240,4943,363910,5119,373572,4902,281454,4948,343635,5136,335326,4932,391658,5094,353987,4916,362135,4936,358205,5383,325614,5310,282388,4987,359275,5117,337335,5078,348707,5192,
2026-09-30,19:29:09.603,999,349543,4907,372449,4809,343317,4821,359134,4700,261546,4658,313558,4652,322215,4706,364901,4741,337260,4696,345561,4698,327281,4900,303421,5029,275498,4955,339534,4802,325634,4864,337650,5028,
2026-09-30,19:29:10.603,1000,337873,4750,391549,5048,339820,4769,375137,4913,269311,4771,323927,4824,330520,4842,367534,4782,353340,4899,345680,4705,337454,5055,314310,5176,284723,5102,349205,4947,335353,5029,342897,5102,
2026-09-30,19:29:11.603,999,314967,4433,359229,4637,315460,4454,349211,4585,256709,4545,302838,4483,308243,4494,338104,4398,322434,4470,328161,4483,312712,4706,290064,4773,273607,4905,325683,4597,316794,4736,310612,4617,
2026-09-30,19:29:12.603,999,351355,4953,371903,4804,348550,4905,379960,4989,269293,4758,328802,4886,338055,4943,375443,4889,354522,4925,356485,4860,332171,4973,330039,5426,297972,5317,364436,5156,345461,5184,330696,4925,
2026-09-30,19:29:13.603,1000,376293,5276,404998,5224,365351,5199,398891,5290,308315,5355,359909,5328,358071,5222,403660,5251,379120,5262,374393,5141,335837,5082,344215,5565,314959,5533,384007,5411,364252,5431,357660,5310,
2026-09-30,19:29:14.603,999,310466,4357,350313,4523,308515,4352,341319,4474,251182,4469,306957,4545,288632,4216,329367,4282,318882,4420,329126,4469,293212,4400,289090,4766,255207,4581,333732,4709,309133,4620,305519,4552,
2026-09-30,19:29:15.603,999,361339,5064,414921,5361,348835,4999,375312,5013,295758,5153,356306,5269,340341,4954,385928,5022,368709,5123,363121,5029,337046,5129,334810,5443,298412,5270,376571,5304,354419,5277,348795,5179,
2026-09-30,19:29:16.603,1000,349372,4915,370306,4798,345153,4864,363615,4791,278666,4916,333748,4943,317516,4642,367773,4794,351421,4887,356812,4873,330908,4994,314802,5169,283752,5041,362507,5116,340908,5093,320285,4774,
2026-09-30,19:29:17.603,999,327179,4590,354202,4587,325054,4592,363911,4779,273125,4841,314242,4666,301456,4402,356020,4617,317549,4403,333973,4551,300872,4540,294027,4839,262707,4685,336588,4745,305999,4590,309037,4595,
2026-09-30,19:29:18.603,999,373363,5238,399760,5149,367070,5174,413023,5423,294101,5145,343444,5102,339041,4947,384399,5001,356396,4956,375786,5135,359729,5415,332475,5435,291914,5164,374061,5281,351707,5265,342679,5099,
2026-09-30,19:29:19.603,1000,343962,4844,369871,4782,356052,5010,359268,4714,273808,4863,318878,4722,333497,4866,370010,4811,333577,4631,351949,4796,327086,4925,313260,5185,271328,4850,342052,4828,325647,4874,330773,4923,
2026-09-30,19:29:20.603,999,341631,4803,380041,4910,337327,4769,352096,4650,273766,4819,324474,4808,335042,4878,367445,4784,346196,4820,347299,4752,324943,4901,314037,5154,278737,4957,346943,4901,326437,4870,320482,4765,
2026-09-30,19:29:21.603,999,313280,4406,339302,4391,318997,4483,337966,4428,245560,4339,290252,4321,302368,4424,356478,4642,303886,4221,315565,4298,298049,4469,281055,4632,251871,4498,323422,4576,301677,4521,302122,4496,
2026-09-30,19:29:22.603,1000,322961,4544,362847,4688,325299,4576,347590,4556,269535,4761,302020,4521,314367,4624,361070,4703,312815,4348,336781,4578,308402,4619,299903,4924,261951,4643,333098,4745,322165,4839,308888,4600,
2026-09-30,19:29:23.603,999,340843,4783,376744,4870,332265,4677,353978,4644,284377,5030,325223,4855,327898,4810,376102,4897,341854,4744,350493,4776,335678,5039,311303,5117,279494,4982,346708,4929,325352,4894,337064,5014,
2026-09-30,19:29:24.603,999,339689,4785,390749,5070,341246,4820,365633,4814,281046,4920,331235,4930,339409,4972,383260,4997,339560,4719,366410,4988,337777,5069,329038,5361,291684,5141,359801,5099,338255,5072,340239,5055,
2026-09-30,19:29:25.603,1000,350037,4922,389675,5045,346822,4936,374453,4970,284596,4958,335353,4981,337320,4955,372218,4849,353286,4910,358330,4928,321350,4856,327400,5325,282634,4974,343731,4862,334673,5025,333943,4964,
2026-09-30,19:29:26.603,999,331241,4656,354884,4586,327101,4606,357608,4703,261408,4634,320176,4759,307729,4496,356506,4647,328963,4577,325429,4433,307889,4599,296935,4892,254714,4545,331427,4688,312381,4675,314806,4688,
2026-09-30,19:29:27.603,999,365305,5129,383735,4959,367945,5178,398181,5222,295699,5216,340401,5100,330871,4882,398674,5194,349518,4862,353338,4795,339271,5076,319569,5203,286873,5096,354237,5048,337346,5095,363886,5413,
2026-09-30,19:29:28.604,1000,371144,5211,423906,5472,395902,5624,402538,5333,312376,5484,365979,5429,352174,5148,422328,5500,385630,5346,370888,5090,354180,5354,338181,5511,310366,5469,404666,5718,361051,5390,376935,5601,
2026-09-30,19:29:29.603,999,354941,4980,399107,5162,381808,5357,392234,5154,297599,5231,353752,5264,344852,5053,393779,5133,374012,5199,377452,5121,353445,5292,336601,5478,296576,5260,384762,5454,347261,5207,356678,5308,
2026-09-30,19:29:30.603,999,326933,4588,360544,4658,346764,4853,355063,4647,266605,4719,323794,4832,327746,4814,377469,4910,340968,4743,341926,4632,323234,4824,308434,5062,280343,5013,348298,4951,331640,4968,322876,4795,
2026-09-30,19:29:31.604,1000,346002,4860,376620,4877,347001,4860,357644,4684,269583,4754,329712,4956,330393,4879,374105,4869,340608,4736,350244,4748,339121,5060,317108,5178,278967,4956,360089,5122,331074,5000,331383,4918,
2026-09-30,19:29:32.603,999,367046,5151,387493,5009,362766,5082,374740,4895,282289,4996,338327,5064,334938,4944,384498,5008,337880,4705,357926,4850,346987,5194,321145,5254,287799,5108,373052,5318,343889,5173,349851,5194,
2026-09-30,19:29:33.603,999,331183,4645,357818,4628,340574,4770,338332,4417,258585,4579,312551,4675,311278,4577,356562,4639,316011,4394,324151,4391,318688,4766,297964,4872,267664,4755,339948,4835,315476,4750,313278,4661,
2026-09-30,19:29:34.604,1000,311453,4383,325412,4208,306536,4291,318655,4161,241190,4296,297633,4434,289929,4243,329681,4290,287164,3993,312995,4236,294759,4393,269301,4416,253652,4532,311113,4415,285673,4285,297659,4434,
2026-09-30,19:29:35.603,999,402019,5648,429010,5551,400807,5687,427416,5647,337499,5853,380539,5724,382185,5650,443073,5766,385841,5380,400734,5485,391798,5903,368933,5933,333195,5813,401727,5737,389720,5892,395789,5878,
2026-09-30,19:29:36.603,999,364541,5126,384442,4991,354620,4999,388001,5103,286396,5085,339541,5049,334760,4903,373533,4863,344635,4801,349888,4764,340659,5107,316639,5188,292789,5200,370694,5245,347449,5213,353066,5244,
2026-09-30,19:29:37.604,1000,370767,5213,407714,5279,386700,5413,408551,5329,294607,5231,357688,5360,347554,5124,396084,5149,366683,5095,386252,5226,357106,5319,337988,5551,312196,5564,387658,5520,347816,5240,360325,5342,
2026-09-30,19:29:38.603,999,342369,4820,363936,4707,354566,4975,348944,4565,265769,4724,320873,4781,318324,4664,358837,4670,315091,4374,350105,4758,322507,4830,307414,5062,285178,5103,350803,4982,314375,4710,322897,4794,
2026-09-30,19:29:39.603,999,336739,4728,357880,4611,335922,4704,345445,4508,263964,4673,324710,4878,317398,4689,354900,4625,332094,4617,342813,4653,331458,4954,298371,4871,277596,4924,342579,4880,305620,4625,320866,4761,
2026-09-30,19:29:40.604,1000,343788,4849,372486,4803,354660,4974,370929,4865,273483,4816,330068,4920,330357,4842,371823,4848,340635,4752,358076,4860,345167,5159,322046,5249,281572,4976,354529,5020,316985,4747,326848,4855,
2026-09-30,19:29:41.603,999,356991,5021,390490,5038,362261,5076,385699,5057,276877,4861,328940,4929,337931,4972,381664,4969,342669,4772,354197,4813,345135,5158,323944,5294,282008,5006,352401,5005,328643,4957,348143,5172,
2026-09-30,19:29:42.603,999,320596,4500,354937,4579,328936,4611,352391,4621,250154,4412,301841,4506,306644,4511,347074,4521,318864,4426,335912,4556,307251,4596,298665,4904,258875,4621,317821,4501,299936,4510,314713,4678,
2026-09-30,19:29:43.604,1000,308940,4357,345054,4465,318217,4476,345264,4532,249556,4423,301158,4472,303328,4433,358202,4666,321507,4471,331999,4501,312113,4682,301246,4952,253344,4506,317282,4479,298448,4458,302916,4501,
2026-09-30,19:29:44.603,999,341653,4799,373435,4823,350742,4990,366561,4875,285417,4982,329880,4898,340433,4981,367478,4779,349046,4847,358572,4906,341332,5170,336046,5462,287358,5039,354247,5000,325520,4866,339655,5049,
2026-09-30,19:29:45.603,999,350336,4944,384816,4991,358598,5085,381107,5044,274891,4804,330574,4929,324352,4762,369340,4814,342288,4776,364057,4984,330238,4985,325193,5281,286205,5033,357711,5077,323903,4880,340352,5067,
2026-09-30,19:29:46.604,1000,393985,5551,418213,5416,396675,5563,419305,5482,305719,5359,361657,5416,360044,5307,407220,5301,367776,5121,383765,5198,371331,5543,342263,5592,311512,5507,382237,5448,368088,5535,364086,5411,
2026-09-30,19:29:47.603,999,365238,5134,388740,5028,396078,5555,393316,5138,292820,5144,344637,5180,354925,5250,392312,5103,349284,4857,364003,4929,358358,5358,323326,5284,286867,5098,365010,5209,354958,5361,344019,5116,
2026-09-30,19:29:48.603,999,353533,4968,362724,4690,351668,4930,359516,4702,271076,4832,328061,4886,325252,4765,353799,4603,330333,4602,350937,4759,338156,5033,298119,4905,269135,4801,349676,4963,313031,4702,321328,4783,
2026-09-30,19:29:49.604,1000,335157,4723,349996,4528,335607,4700,348237,4549,264935,4699,323368,4826,314002,4607,366306,4770,323333,4503,339642,4604,339840,5071,293605,4805,264420,4711,361259,5127,313957,4714,322161,4791,
2026-09-30,19:29:50.604,999,309676,4358,339344,4380,335653,4701,340346,4441,244960,4364,297593,4422,298932,4375,345175,4495,312603,4357,335644,4555,311315,4659,284272,4678,253887,4531,338893,4811,294809,4422,299136,4448,
2026-09-30,19:29:51.603,999,311841,4394,353747,4572,330639,4668,338625,4457,263287,4639,321259,4771,324219,4736,358677,4671,321779,4467,338439,4616,316887,4773,291728,4780,256112,4561,323946,4588,304020,4547,310311,4614,
2026-09-30,19:29:52.604,1000,348387,4894,387588,5005,358577,5048,366935,4817,275092,4810,341874,5110,343541,5048,388780,5058,352174,4895,357045,4857,351780,5274,318776,5185,285582,5035,359654,5109,327114,4919,346114,5131,
2026-09-30,19:29:53.603,999,319230,4477,337585,4356,313306,4409,330616,4330,248294,4405,305207,4531,304474,4446,343427,4469,305229,4251,327922,4450,317611,4746,279584,4594,243590,4350,311111,4405,297571,4455,294881,4381,
2026-09-30,19:29:54.603,999,314050,4416,353481,4561,314447,4423,341616,4470,250660,4456,307410,4567,303992,4435,343946,4476,311274,4338,322698,4382,330554,4923,284545,4664,248280,4446,315293,4467,300335,4492,290411,4324,
2026-09-30,19:29:55.604,1000,357787,5022,396143,5112,360113,5111,382944,5067,286083,5045,347440,5140,354978,5185,410636,5340,352171,4888,375344,5144,362480,5463,323566,5298,286979,5106,363483,5127,352036,5255,334783,4971,
2026-09-30,19:29:56.604,999,344997,4855,378582,4908,346261,4880,375347,4930,278126,4908,346059,5133,337806,4944,392402,5106,358126,4972,373768,5086,351151,5271,325661,5337,285717,5082,357759,5073,336051,5029,343715,5111,
2026-09-30,19:29:57.603,999,333070,4679,360405,4667,341341,4810,367925,4837,282549,4942,336764,5034,335057,4930,396377,5152,353739,4921,367257,4992,342161,5128,320364,5193,274538,4842,359129,5091,317835,4776,341668,5068,
2026-09-30,19:29:58.604,1000,311025,4380,325323,4202,322384,4523,359109,4697,247514,4407,303565,4498,315183,4597,354685,4618,321993,4472,330153,4472,313002,4677,284632,4694,248462,4453,340894,4820,300705,4490,316256,4710,
2026-09-30,19:29:59.604,999,354331,4962,368472,4753,355258,5043,376997,5000,285637,4990,340989,5056,338540,4945,381275,4962,351636,4867,347325,4766,334245,5061,310769,5058,288631,5082,370367,5227,331495,4944,347512,5156,
2026-09-30,19:30:00.603,999,320860,4511,331778,4287,328698,4616,340241,4466,255446,4549,312617,4635,302927,4431,345551,4500,311676,4340,319703,4338,305772,4578,273604,4494,272189,4866,337454,4775,303988,4547,317172,4722,
2026-09-30,19:30:01.604,1000,351577,4938,380681,4913,358688,5051,374929,4930,275245,4867,335292,4992,346993,5080,384742,5010,351855,4883,348549,4746,330624,4978,307674,5018,288739,5122,357358,5064,334253,5003,343760,5104,
2026-09-30,19:30:02.604,999,317557,4467,350846,4523,321214,4499,340584,4454,246093,4353,306117,4577,302532,4452,353692,4604,312424,4346,325232,4410,303651,4539,281374,4610,250780,4454,322932,4605,307310,4631,311789,4639,
2026-09-30,19:30:03.603,999,341973,4804,369159,4765,333786,4709,373799,4922,267988,4688,327726,4882,326502,4785,369400,4804,333718,4651,322745,4411,332077,4978,300509,4867,263528,4618,330950,4685,330805,4945,331000,4917,
2026-09-30,19:30:04.604,1000,341641,4791,370662,4794,341783,4799,365131,4778,264709,4698,320558,4754,315402,4607,367186,4773,324328,4503,343348,4663,325549,4872,299327,4915,263689,4696,343159,4854,333001,4981,336845,5004,
2026-09-30,19:30:05.604,999,380125,5337,429140,5537,383715,5465,411589,5457,320231,5611,378996,5622,375719,5498,424622,5527,371111,5157,385561,5305,371340,5650,344354,5607,309227,5461,386219,5458,385250,5769,388666,5776,
2026-09-30,19:30:06.603,999,364879,5147,406301,5251,367158,5176,408083,5362,300219,5271,352323,5245,351793,5154,388629,5057,351503,4900,373140,5077,359092,5400,337297,5492,293063,5184,370700,5254,353950,5314,353482,5266,
2026-09-30,19:30:07.604,1000,368514,5186,393607,5081,365705,5170,393435,5189,287594,5045,347782,5179,337753,4964,386724,5038,348553,4849,361355,4930,342335,5164,330152,5383,284087,5014,370351,5252,336969,5053,342428,5091,
2026-09-30,19:30:08.604,999,377765,5326,399806,5173,381936,5390,386348,5074,286167,4992,351484,5235,352120,5164,396811,5163,367784,5136,369360,5032,360852,5412,336674,5446,301771,5295,373314,5295,353919,5317,368892,5489,
2026-09-30,19:30:09.603,999,342256,4835,367438,4764,349480,4924,346131,4566,257980,4531,315440,4696,322419,4721,362307,4722,332285,4627,322961,4401,326862,4911,298999,4869,266669,4718,337434,4779,328248,4916,324500,4825,
2026-09-30,19:30:10.604,1000,323626,4561,348262,4507,330161,4634,337193,4409,247681,4384,303514,4514,291417,4268,336364,4378,322977,4494,321982,4371,309798,4634,279315,4588,251416,4485,318629,4521,312031,4674,306147,4546,
2026-09-30,19:30:11.604,999,319899,4493,345917,4474,323827,4580,323193,4261,241155,4242,308322,4567,303313,4428,335387,4369,319644,4438,305604,4179,312550,4718,278690,4563,247460,4386,324896,4593,298938,4470,300542,4468,
2026-09-30,19:30:12.603,999,352341,4962,369793,4774,345223,4862,359266,4723,268308,4711,335855,5020,328307,4822,378783,4937,347907,4832,341044,4649,340416,5115,307882,5026,276482,4869,354649,5042,319311,4817,331735,4930,
2026-09-30,19:30:13.604,1000,368841,5204,380705,4924,367754,5184,372728,4901,280927,4962,352955,5245,348308,5099,396236,5159,367410,5101,362157,4938,353886,5304,321678,5267,286367,5075,364831,5163,352549,5281,346436,5158,
2026-09-30,19:30:14.604,999,389282,5472,445270,5740,398667,5664,402740,5327,315626,5522,363285,5388,377121,5512,432210,5620,375738,5213,390939,5343,365323,5516,349628,5652,314814,5517,391308,5520,375731,5611,375937,5577,
2026-09-30,19:30:15.603,999,368988,5185,427001,5502,375544,5325,387480,5136,289535,5069,351403,5224,340575,5006,399369,5192,353745,4907,362027,4966,350184,5287,336517,5459,293713,5182,379366,5369,348998,5237,349137,5184,
2026-09-30,19:30:16.604,1000,355062,5005,387401,5005,358047,5034,386772,5076,269908,4759,342999,5110,335118,4914,401387,5230,349088,4849,358063,4863,336236,5040,327247,5351,291257,5145,358735,5087,344488,5148,339980,5061,
2026-09-30,19:30:17.604,999,327420,4606,367865,4760,335491,4729,361743,4759,263495,4620,323705,4825,327184,4794,375772,4885,338942,4715,336225,4578,329867,4942,298789,4875,276279,4923,338747,4809,318645,4782,327864,4866,
2026-09-30,19:30:18.603,999,306342,4329,346842,4484,325853,4577,324997,4254,252651,4483,314421,4670,309809,4537,355349,4623,306415,4272,325085,4409,297292,4456,288300,4731,255948,4575,334074,4732,297778,4462,290915,4334,
2026-09-30,19:30:19.604,1000,339883,4798,394637,5105,374553,5274,370445,4868,267928,4696,345457,5142,341536,5003,385426,5021,347924,4846,359347,4887,327740,4904,314891,5126,280519,4936,367649,5217,332506,4995,341134,5075,
2026-09-30,19:30:20.604,999,330405,4643,387479,5012,353661,4983,354084,4654,258561,4560,330356,4918,317688,4655,379179,4940,339061,4708,351418,4779,304826,4580,309672,5046,272080,4817,352805,4995,324195,4862,333941,4969,
2026-09-30,19:30:21.603,999,334331,4700,378076,4885,329657,4639,346461,4551,255571,4483,332473,4927,320015,4678,372013,4869,332758,4618,349189,4747,308324,4613,305722,4981,270115,4771,349447,4934,325775,4862,323403,4847,
2026-09-30,19:30:22.604,1000,349228,4905,387176,4997,347019,4889,367741,4839,277925,4896,329226,4921,325318,4774,387908,5040,343061,4766,366007,4977,331587,4969,315692,5140,272308,4824,349556,4959,329582,4955,344262,5118,
2026-09-30,19:30:23.604,999,338262,4750,384735,4960,348836,4888,376626,4927,268877,4771,322829,4822,318898,4686,366703,4767,334427,4641,356458,4827,330079,4928,324092,5306,280143,4996,358130,5103,324549,4893,336646,5007,
2026-09-30,19:30:24.604,999,341990,4808,374481,4832,339997,4754,365183,4774,274275,4850,324121,4858,326506,4810,382377,4967,353738,4926,369857,5004,334799,4989,332758,5435,277226,4925,357737,5100,323496,4884,343579,5110,
2026-09-30,19:30:25.604,1000,415056,5824,437107,5629,423293,5978,446791,5902,335111,5847,395650,5892,400394,5860,449121,5844,411513,5726,423905,5800,380833,5738,380547,6184,339000,5985,417474,5910,394142,5906,414143,6160,
2026-09-30,19:30:26.604,999,346538,4889,373983,4838,364876,5118,364175,4767,259050,4576,322349,4808,313509,4595,362345,4722,333918,4646,353945,4803,319261,4762,312066,5140,279089,4975,347757,4935,330167,4947,349617,5205,
2026-09-30,19:30:27.604,999,340175,4790,384241,4966,351590,4922,364509,4765,274088,4800,323525,4890,327748,4862,364657,4741,341105,4736,356852,4825,324818,4853,316397,5155,290036,5116,335396,4799,316671,4811,340551,5057,
2026-09-30,19:30:28.604,1000,339265,4787,378294,4895,347391,4870,363478,4746,263278,4651,328120,4892,332242,4867,353497,4604,338140,4706,347499,4714,336058,5029,309467,5059,284263,5041,351850,5005,320792,4824,326730,4861,
2026-09-30,19:30:29.604,999,341856,4800,378793,4884,343479,4870,362206,4793,274533,4781,334042,4986,331271,4864,380694,4953,338294,4682,354687,4843,339023,5128,311915,5034,273772,4801,345215,4879,317668,4763,329139,4891,
2026-09-30,19:30:30.604,999,336546,4742,380994,4916,354096,4965,372374,4874,278291,4902,340660,5094,345661,5086,389683,5062,351510,4890,367004,4980,339681,5072,322478,5234,285789,5053,361857,5140,329150,4948,334403,4968,
2026-09-30,19:30:31.604,1000,377706,5301,410877,5276,369098,5158,394429,5142,291242,5180,361687,5405,353579,5208,404452,5251,369378,5124,386583,5228,349170,5211,333556,5462,304205,5415,377156,5360,346564,5224,353947,5265,
2026-09-30,19:30:32.604,999,361051,5071,413087,5324,382049,5341,383658,5014,304110,5359,343690,5167,351293,5199,412204,5358,360508,5008,369756,5017,351897,5255,337665,5500,304471,5376,371862,5318,336517,5072,353122,5261,
2026-09-30,19:30:33.604,999,336469,4730,377633,4880,351761,4935,375336,4902,288355,5103,330516,4951,337251,4960,383598,4992,334369,4646,349452,4727,333179,4980,318378,5178,275492,4874,349496,4974,317235,4784,341070,5084,
2026-09-30,19:30:34.604,1000,322193,4538,343277,4446,334021,4681,355481,4649,268824,4782,327744,4873,321663,4709,359970,4674,317445,4415,324303,4395,315555,4708,296240,4870,261797,4675,321059,4561,300399,4512,325431,4844,
2026-09-30,19:30:35.604,999,357997,5021,400511,5173,363388,5186,391802,5202,304883,5330,365845,5445,356566,5230,398030,5177,370098,5139,365681,5028,342167,5191,342331,5532,294856,5176,357354,5081,343255,5162,347294,5166,
2026-09-30,19:30:36.605,1000,365681,5157,410457,5317,384390,5429,406195,5343,293085,5119,362507,5393,358627,5260,407166,5298,380686,5301,387426,5277,367564,5510,361286,5869,311251,5506,389033,5509,361492,5421,367782,5475,
2026-09-30,19:30:37.605,1000,350644,4922,391997,5074,345627,4855,376947,4942,273148,4792,326864,4905,324606,4789,377500,4909,336819,4682,359503,4881,325776,4894,317228,5165,274470,4828,351031,5011,319724,4829,334671,4976,
2026-09-30,19:30:38.605,999,319232,4491,357701,4636,321395,4521,341521,4467,260425,4615,302144,4487,311581,4558,350695,4564,313896,4383,322737,4380,304154,4556,285274,4676,252368,4485,331339,4686,302151,4525,310409,4620,
2026-09-30,19:30:39.605,1000,343430,4867,382926,4978,344807,4837,373905,4880,279585,4915,327677,4871,329085,4815,366216,4766,333418,4672,336652,4557,323140,4827,307876,5029,272311,4840,338063,4782,320483,4810,326914,4872,
2026-09-30,19:30:40.605,999,375475,5275,404366,5224,374895,5251,414338,5403,300798,5321,351854,5224,363669,5324,386449,5030,359026,4998,370507,5024,333883,5010,336097,5508,293435,5211,385324,5459,346325,5187,362351,5388,
2026-09-30,19:30:41.605,999,331075,4645,348920,4527,318323,4464,342925,4479,266857,4754,302189,4478,315224,4605,343335,4471,323592,4497,326212,4430,302861,4546,291372,4798,250672,4482,325480,4598,304716,4559,317922,4731,
2026-09-30,19:30:42.605,1000,371821,5234,389718,5052,364714,5126,388190,5090,302630,5281,341950,5103,347236,5113,388493,5052,353660,4952,362613,4925,345829,5176,328779,5321,288824,5081,372809,5289,330927,4987,352741,5236,
2026-09-30,19:30:43.605,999,346601,4896,358716,4660,340687,4791,365869,4778,271988,4802,328368,4872,316487,4631,348858,4547,310305,4351,332986,4522,325813,4877,308296,5048,270772,4816,343708,4856,322072,4811,328218,4885,
2026-09-30,19:30:44.605,999,369981,5207,378226,4896,354946,5030,377757,4984,286379,4969,346665,5138,336868,4925,396114,5149,342268,4785,362122,4942,349295,5280,332293,5389,283989,4990,369448,5211,349856,5218,348696,5173,
2026-09-30,19:30:45.605,1000,336003,4729,366115,4739,331848,4711,361924,4785,269242,4715,330999,4916,327379,4783,380419,4946,344676,4801,351194,4798,331534,5010,311133,5066,269195,4767,351082,4948,331222,4944,339583,5047,
2026-09-30,19:30:46.605,999,348316,4930,375308,4874,347469,4878,386448,5061,272680,4798,333402,4965,329324,4824,378023,4927,338918,4747,352862,4778,332518,4969,312031,5091,289401,5133,367670,5200,341372,5112,344467,5121,
2026-09-30,19:30:47.605,999,350858,4925,386377,4999,370739,5204,381485,5006,287267,5018,342854,5122,347543,5108,388999,5056,357734,4992,366390,4973,355334,5316,323021,5250,297844,5264,382021,5421,330923,4975,340144,5053,
2026-09-30,19:30:48.605,1000,367065,5178,391758,5088,365642,5126,391368,5126,289997,5124,335962,5000,347800,5100,402506,5244,362093,5058,375759,5093,361403,5393,341182,5577,318628,5671,374103,5288,348586,5227,353676,5262,
2026-09-30,19:30:49.605,999,341910,4799,361403,4671,346778,4865,357913,4683,274573,4901,320145,4761,321942,4718,371052,4833,338457,4686,346539,4696,338965,5052,307640,5053,278413,4991,330284,4683,315010,4720,314472,4675,
2026-09-30,19:30:50.606,1000,342656,4815,387113,5008,354397,4954,367263,4795,293092,5193,325303,4887,327542,4845,387026,5039,343966,4775,361337,4891,338706,5041,321825,5252,280485,4977,343672,4899,327965,4964,325532,4840,
2026-09-30,19:30:51.605,999,340275,4785,379050,4903,347038,4860,368095,4805,278545,4935,323560,4837,331975,4881,376678,4902,344372,4786,345861,4686,338649,5043,310669,5092,277873,4946,348120,4939,324311,4877,329977,4902,
2026-09-30,19:30:52.605,999,350759,4929,382513,4937,349102,4892,357573,4685,281503,4977,322917,4829,333287,4907,373146,4863,339661,4723,355557,4815,331828,4936,305709,4995,275523,4880,344931,4914,309091,4657,310461,4620,
2026-09-30,19:30:53.606,1000,351836,4994,404869,5256,372831,5228,371236,4860,307340,5374,357006,5314,363275,5331,398520,5193,362854,5096,379721,5139,354716,5286,337912,5478,294282,5177,372723,5283,347049,5206,335547,4980,
2026-09-30,19:30:54.605,999,298673,4209,328298,4239,321510,4499,323257,4216,254748,4538,298339,4435,305968,4478,337839,4405,301824,4206,315929,4280,285545,4262,278454,4576,244926,4364,324334,4590,296253,4437,290715,4323,
2026-09-30,19:30:55.605,999,360079,5093,390292,5063,361031,5106,395647,5218,304624,5305,345721,5132,352425,5159,400258,5210,349652,4909,361917,4946,340698,5140,319680,5169,293606,5160,381273,5393,345346,5157,338052,5027,
2026-09-30,19:30:56.606,1000,352405,4969,395017,5113,362960,5083,382973,5021,292881,5171,341687,5077,338883,4959,377032,4908,350681,4886,359372,4877,344954,5162,312819,5126,283641,5031,373220,5292,337071,5048,333792,4968,
2026-09-30,19:30:57.605,999,363894,5149,401088,5200,373091,5222,392999,5133,306454,5408,341763,5101,341438,5025,387915,5053,349370,4891,366329,4953,348336,5201,335326,5488,281887,4996,370011,5252,331711,4983,332131,4939,
2026-09-30,19:30:58.605,999,356156,5041,393161,5097,370506,5190,394633,5165,293378,5131,351541,5227,335331,4928,386573,5043,360269,5048,373636,5064,359879,5385,330465,5377,292705,5142,372856,5284,335796,5029,332836,4946,
2026-09-30,19:30:59.606,1000,368026,5214,396183,5120,371326,5270,393971,5214,306225,5320,365330,5420,365818,5344,409715,5338,369839,5184,375954,5130,364162,5484,339263,5496,299825,5248,380976,5382,351220,5237,353122,5248,
2026-09-30,19:31:00.605,999,316665,4474,358537,4636,344770,4833,354130,4643,265941,4710,324934,4840,329665,4839,369083,4806,337955,4709,340581,4622,330804,4947,299368,4915,281223,5004,338303,4805,316386,4744,321329,4787,
2026-09-30,19:31:01.605,999,314705,4463,342691,4467,341065,4779,355635,4652,270182,4787,312430,4630,329444,4803,370897,4823,326506,4566,331975,4505,328108,4901,301935,4951,266933,4752,332901,4714,306478,4586,315383,4690,
2026-09-30,19:31:02.606,1000,317851,4471,344802,4467,332100,4649,338512,4426,260241,4601,304222,4553,314214,4634,353817,4599,313166,4360,328514,4451,307714,4600,300064,4904,261453,4628,318459,4542,288892,4360,302188,4495,
2026-09-30,19:31:03.605,999,329226,4638,351815,4539,331063,4640,362299,4737,269247,4759,317119,4749,318944,4718,373915,4867,322652,4491,331566,4482,320541,4790,309602,5056,268234,4742,339097,4833,304437,4605,318635,4747,
2026-09-30,19:31:04.606,1000,364307,5116,391067,5051,371304,5227,406612,5328,302977,5295,338677,5069,350983,5156,410672,5351,350395,4896,382223,5176,361340,5405,330678,5379,293717,5175,372730,5302,351493,5280,336480,5006,
2026-09-30,19:31:05.605,999,391171,5495,429783,5564,391957,5534,416446,5508,311244,5442,362456,5403,369972,5438,420131,5471,377853,5243,373864,5114,374572,5634,336035,5451,304470,5381,393731,5592,362549,5442,359471,5356,
2026-09-30,19:31:06.605,999,362125,5098,386639,4996,384911,5403,377602,4950,277053,4905,323349,4810,331599,4859,388417,5053,352255,4896,354423,4825,348944,5229,318745,5254,285419,5087,361366,5123,342484,5137,345521,5160,
2026-09-30,19:31:07.606,1000,367704,5164,395472,5111,370685,5196,362568,4748,283463,5005,318555,4795,323188,4781,384555,5003,353901,4909,365084,4949,345629,5164,318567,5222,278820,4935,370506,5287,331868,5018,348337,5195,
2026-09-30,19:31:08.606,999,359578,5073,392142,5075,362067,5093,380292,4975,287319,5014,336077,5034,335107,4946,389133,5068,346900,4829,363619,4940,336991,5055,316651,5145,283113,4979,363181,5171,337462,5097,345787,5145,
2026-09-30,19:31:09.605,999,354844,4998,387467,5003,361350,5077,374782,4902,275019,4818,331666,4956,327997,4824,393059,5120,340824,4745,358767,4867,332037,4973,318440,5172,276689,4886,361646,5127,336795,5056,343280,5105,
2026-09-30,19:31:10.606,1000,350576,4937,376829,4864,344228,4821,362051,4723,271956,4789,308619,4636,320071,4722,374511,4869,329444,4584,348631,4720,326283,4887,311398,5079,273705,4874,336364,4795,325045,4898,338967,5050,
2026-09-30,19:31:11.606,999,326522,4586,343386,4446,322253,4517,331047,4319,248615,4359,288450,4319,294092,4334,352700,4584,310937,4323,324216,4401,305955,4590,286688,4661,254624,4513,317289,4524,304323,4586,305103,4539,
2026-09-30,19:31:12.605,999,339158,4775,366221,4746,335148,4702,353685,4605,269528,4718,312010,4690,318687,4708,364193,4740,326650,4545,334300,4521,322095,4814,292431,4745,276583,4868,338973,4835,326537,4933,328489,4891,
2026-09-30,19:31:13.606,1000,338837,4776,353307,4583,325710,4569,358959,4681,265699,4696,314834,4696,315046,4627,355534,4627,320304,4465,335872,4561,315677,4725,297811,4868,269588,4783,352560,5009,322423,4849,327116,4869,
2026-09-30,19:31:14.606,999,355022,4987,374423,4832,347743,4931,380344,5026,289810,5041,341814,5109,338025,4962,384232,4999,349917,4875,348739,4765,341445,5155,328730,5324,289905,5086,372463,5283,343433,5159,349159,5179,
2026-09-30,19:31:15.605,999,403036,5653,444909,5744,398819,5643,425904,5613,329387,5721,391033,5845,381488,5614,441956,5754,413223,5749,435355,5943,385733,5829,365457,5919,330520,5804,407524,5788,382100,5751,404577,6021,
2026-09-30,19:31:16.606,1000,369368,5197,415487,5378,374139,5245,406435,5305,294349,5180,343063,5116,348574,5116,405564,5289,372209,5175,392150,5312,362267,5423,339046,5555,299560,5299,381771,5420,358767,5405,355358,5299,
2026-09-30,19:31:17.606,999,333751,4682,363459,4695,333248,4666,342666,4470,260658,4599,313164,4688,307431,4525,357453,4653,335947,4668,339676,4600,314582,4708,293710,4820,258058,4579,327395,4659,311672,4694,315929,4701,
2026-09-30,19:31:18.605,999,328025,4609,365936,4723,339556,4761,351005,4580,253533,4470,314594,4706,326348,4804,354969,4615,329581,4581,332193,4498,309176,4637,294758,4821,266716,4727,335988,4786,314297,4740,330886,4925,
2026-09-30,19:31:19.606,1000,357799,5042,399836,5178,371360,5198,380472,4972,280950,4940,341112,5120,338165,4982,394212,5131,358511,4965,359357,4865,356966,5324,319848,5213,288702,5118,382119,5445,334471,5065,342175,5091,
2026-09-30,19:31:20.606,999,554684,7724,609824,7818,554108,7769,595856,7793,476549,7798,498932,7873,494471,7647,593552,7754,549709,7586,562852,7579,540015,8009,527188,8128,466262,7759,540197,7952,494918,7829,524633,7770,
2026-09-30,19:31:21.605,999,375290,5284,422270,5455,394967,5551,405742,5321,310738,5448,349945,5224,365551,5357,408128,5321,357838,4983,389050,5283,361180,5420,334121,5455,308369,5441,393293,5581,366934,5518,369288,5512,
2026-09-30,19:31:22.606,1000,519914,7276,554888,7138,506031,7166,556729,7344,444436,7525,474127,7232,486227,7302,560472,7328,490968,6817,526650,7189,495874,7463,474427,7506,411886,7043,515217,7452,468253,7213,479453,7147,
2026-09-30,19:31:23.606,999,345977,4891,371536,4832,340057,4760,376660,4927,285817,5038,330204,4901,323676,4741,370619,4828,325741,4545,343271,4655,329436,4923,310796,5086,261952,4645,350988,4973,322413,4831,327770,4884,
2026-09-30,19:31:24.606,999,371285,5243,392570,5101,369140,5170,388834,5072,305774,5415,361120,5365,358063,5248,398256,5184,354718,4962,364996,4934,350156,5229,335828,5511,298135,5295,383797,5428,354217,5288,358634,5342,
2026-09-30,19:31:25.605,999,373405,5259,406412,5258,371578,5255,406753,5359,304671,5357,363897,5389,354427,5183,409839,5330,367931,5133,378991,5187,337568,5093,335324,5469,304903,5395,376008,5311,361400,5406,359953,5350,
2026-09-30,19:31:26.606,1000,375732,5312,401776,5215,375619,5271,414989,5420,313149,5475,355351,5282,351017,5138,416725,5426,366289,5127,391195,5310,350437,5232,328981,5339,313148,5509,386905,5460,347956,5208,366697,5446,
2026-09-30,19:31:27.606,999,345575,4899,383985,5003,370546,5184,383462,5018,298422,5223,343315,5138,347429,5109,404693,5268,342093,4803,365822,4950,333382,4961,318660,5192,289856,5118,356092,5060,322917,4857,348577,5183,
2026-09-30,19:31:28.606,999,336588,4773,367142,4773,356504,4990,361512,4734,273462,4791,328171,4877,327707,4803,371120,4828,328811,4612,348873,4722,316840,4734,300403,4906,281455,4979,358393,5081,314045,4704,319813,4752,
2026-09-30,19:31:29.606,1000,357778,5046,374259,4850,353885,5016,371699,4923,273856,4746,332147,4902,331393,4845,369671,4807,341929,4774,339267,4636,321104,4850,318605,5175,290496,5110,357275,5045,328069,4900,345816,5134,
2026-09-30,19:31:30.606,999,511953,7147,549519,7051,508401,7135,540936,7084,431495,7097,454578,7188,462188,7168,553206,7190,490600,6815,520239,7023,486310,7226,479074,7424,433890,7235,497263,7339,453694,7221,496802,7322,
2026-09-30,19:31:31.606,999,343419,4863,382889,4978,358502,5045,382032,4999,278953,4914,338577,5018,332529,4861,378061,4916,336310,4711,354303,4812,345188,5172,304760,4989,294288,5221,359279,5090,335938,5028,348109,5177,
2026-09-30,19:31:32.605,999,401074,5675,429990,5570,397773,5591,427890,5607,331464,5780,385329,5745,382958,5615,448755,5839,390020,5461,409050,5559,392516,5873,354031,5726,333732,5857,407802,5783,371941,5583,403587,5983,
2026-09-30,19:31:33.606,1000,339961,4785,367232,4745,338924,4764,354902,4639,262692,4651,329836,4889,314128,4586,371229,4834,327776,4564,339517,4622,319431,4799,305274,5045,271489,4850,341922,4845,318032,4770,331159,4932,
2026-09-30,19:31:34.606,999,334897,4713,362157,4687,348104,4888,348638,4561,258625,4527,324588,4849,311374,4581,349714,4546,332302,4627,349200,4753,319643,4790,305782,5014,261901,4650,345884,4919,309228,4660,329506,4907,
2026-09-30,19:31:35.605,999,356465,5015,384655,4977,356798,5072,366723,4864,277807,4843,345489,5139,333294,4891,377462,4911,341952,4774,364451,5014,331411,5016,317317,5163,270562,4771,360698,5116,329911,4959,348405,5182,
2026-09-30,19:31:36.606,1000,687900,9662,748768,9672,687060,9766,721921,9576,568824,9533,635390,9529,632737,9354,717451,9510,664357,9258,698398,9566,639539,9648,620744,9736,581340,9920,684519,9733,656780,9932,655231,9904,
2026-09-30,19:31:37.606,999,407803,5732,453463,5852,417758,5859,437567,5732,336534,5824,397261,5979,379412,5625,441319,5743,398885,5559,420727,5683,394604,5901,356563,5716,335069,5864,414086,5914,368436,5589,396198,5888,
2026-09-30,19:31:38.606,999,359196,5035,386152,4992,370614,5214,381049,5006,287197,5005,347979,5238,337983,5000,401873,5224,340241,4734,377471,5130,351752,5278,307470,4962,292693,5129,370108,5288,336958,5122,342111,5095,
2026-09-30,19:31:39.606,1000,350985,4945,377584,4904,357670,5012,381898,4987,278726,4880,338839,5089,345023,5103,390557,5084,364482,5075,380993,5153,345449,5178,312774,5079,293057,5152,363183,5182,335907,5100,338354,5034,
2026-09-30,19:31:40.606,999,358798,5051,385599,4997,369358,5188,369156,4836,273496,4837,341830,5103,337302,4961,387149,5041,363484,5057,370294,5024,345605,5170,319862,5245,293707,5226,377211,5352,342354,5150,348947,5193,
2026-09-30,19:31:41.606,999,349914,4919,392314,5078,367073,5138,385158,5042,284790,5063,334487,5004,347395,5117,383303,4986,347418,4832,367623,4972,355698,5299,320749,5269,285978,5085,361956,5148,337986,5100,341031,5075,
2026-09-30,19:31:42.606,999,341119,4792,368736,4769,359334,5032,368195,4804,276603,4871,315591,4734,318588,4711,369484,4803,340115,4732,355071,4808,343512,5126,303515,4966,282857,5004,357375,5104,321122,4854,329847,4906,
2026-09-30,19:31:43.606,1000,350652,4929,372566,4816,354164,4971,371039,4840,289401,5075,332776,4989,332232,4905,378165,4919,353486,4926,356349,4828,342490,5119,322932,5249,291248,5112,371142,5277,328085,4956,326245,4849,
2026-09-30,19:31:44.606,999,367629,5158,397048,5119,354398,5039,390999,5179,290475,5066,356279,5292,345578,5060,387430,5036,358216,4985,376697,5150,360820,5449,331681,5378,301436,5280,386055,5462,354503,5311,357036,5306,
2026-09-30,19:31:45.606,999,370590,5195,396615,5130,348567,4933,390965,5163,296191,5188,372166,5540,361187,5306,407571,5300,359166,4993,387526,5288,348848,5269,340733,5540,290446,5123,365948,5195,339731,5116,346685,5155,
2026-09-30,19:31:46.606,999,500956,7026,546137,7044,508231,7223,525178,6971,397004,6832,477714,7064,482610,7042,536223,7036,492864,6850,505346,6908,478898,7234,463333,7423,418514,7262,517361,7293,484269,7214,470153,7055,
2026-09-30,19:31:47.606,1000,334845,4771,375799,4915,358883,5034,381910,5004,287883,4999,346043,5161,332393,4888,390452,5085,338028,4772,359574,4865,339107,5055,312532,5045,290113,5082,351822,4998,326495,4912,343410,5101,
2026-09-30,19:31:48.606,999,343570,4837,380332,4930,352452,4950,396204,5190,284488,4994,337214,5023,336186,4929,383796,4998,341633,4762,351036,4763,343662,5153,316450,5137,291427,5137,366484,5188,338549,5068,342202,5092,
2026-09-30,19:31:49.606,999,318101,4467,349879,4517,326811,4602,349426,4582,269785,4805,309217,4584,316297,4635,351098,4571,316177,4392,322843,4393,309875,4647,273933,4508,264663,4724,332426,4701,320193,4780,312686,4653,
2026-09-30,19:31:50.606,999,335275,4714,382478,4923,358640,5036,358444,4700,280651,4968,317641,4715,329351,4816,362974,4722,331459,4607,343749,4675,328996,4947,304423,4994,278979,4970,357346,5059,337173,5048,335275,4989,
2026-09-30,19:31:51.606,1000,339853,4769,368826,4753,350175,4904,360969,4721,265153,4745,312589,4626,321171,4693,359877,4680,314291,4368,329761,4470,324574,4867,300539,4995,276261,4955,339389,4794,324026,4851,325236,4844,
2026-09-30,19:31:52.606,999,346531,4865,372698,4809,345513,4876,371769,4891,281149,4934,327446,4892,326130,4793,369442,4813,333811,4648,346272,4734,321892,4858,311951,5081,284760,5030,345430,4913,313014,4711,335115,4977,
2026-09-30,19:31:53.606,999,312311,4384,343975,4452,328470,4597,341162,4464,246685,4403,292715,4323,301373,4407,333348,4339,300634,4186,320673,4356,291593,4367,270188,4457,255067,4576,320436,4527,283018,4238,311911,4650,
2026-09-30,19:31:54.607,1000,365882,5138,397708,5128,359604,5063,397739,5224,290518,5083,331199,4934,348345,5104,390083,5081,355472,4932,360610,4910,336841,5053,324146,5277,307917,5459,371287,5257,344559,5165,353314,5250,
2026-09-30,19:31:55.606,999,361805,5080,387929,5011,340059,4846,364301,4851,275216,4791,333599,4951,344872,5049,370156,4821,354321,4925,351888,4838,332090,5033,326684,5309,277901,4898,352686,4982,336302,5020,336917,5006,
2026-09-30,19:31:56.606,999,434722,6091,457226,5893,411856,5865,446679,5919,342139,5952,389296,5771,411763,6014,457834,5978,415352,5762,418842,5751,403364,6091,385344,6244,351463,6196,451569,6383,408067,6092,421456,6280,
2026-09-30,19:31:57.606,999,359209,5062,391109,5067,350638,4916,380074,4992,285232,5011,346801,5142,360077,5267,395394,5147,345143,4813,363438,4949,336213,5031,311758,5099,286585,5083,366977,5200,339172,5091,348843,5195,
2026-09-30,19:31:58.606,999,329750,4637,372426,4819,335299,4703,355971,4655,274293,4858,332091,4923,338503,4952,375853,4902,330885,4619,359351,4865,323296,4827,305543,5019,268802,4820,349158,4940,313300,4682,326063,4853,
2026-09-30,19:31:59.607,1000,399065,5615,434006,5608,400427,5689,420175,5549,334474,5800,392352,5819,387042,5658,447673,5827,410924,5731,424855,5808,394010,5946,375811,6065,335359,5870,423805,5984,376048,5608,391620,5823,
2026-09-30,19:32:00.606,999,335521,4761,374760,4878,354012,4980,366985,4798,285640,5019,334277,4966,339279,4978,378341,4925,350841,4926,374723,5084,336302,5029,317422,5184,293179,5179,372336,5273,321222,4821,331150,4925,
2026-09-30,19:32:01.606,999,320509,4517,346865,4488,332134,4676,338557,4446,247070,4363,303519,4494,304167,4447,350523,4553,316162,4399,340535,4637,304202,4579,283448,4633,271469,4840,343064,4845,305029,4562,320564,4772,
2026-09-30,19:32:02.606,999,333030,4682,367730,4755,342011,4809,358288,4706,266186,4679,322415,4808,318941,4684,355599,4623,337518,4688,346331,4710,327109,4910,304615,4976,279117,4935,359798,5104,327956,4929,338594,5030,
2026-09-30,19:32:03.607,1000,323000,4530,355638,4604,334888,4706,337415,4435,245347,4339,310687,4606,311698,4563,358619,4668,319918,4454,325816,4432,313161,4699,286211,4689,270307,4815,345343,4878,315647,4710,314610,4682,
2026-09-30,19:32:04.606,999,308850,4351,338505,4376,314778,4437,347322,4553,228380,4027,301225,4486,296997,4360,338294,4410,304151,4224,302585,4127,304700,4576,274848,4503,257505,4586,323969,4597,291895,4379,310400,4622,
2026-09-30,19:32:05.606,999,382557,5373,421731,5449,380289,5434,416896,5563,305794,5238,375796,5581,384582,5649,415769,5418,391869,5455,378935,5229,355745,5408,345646,5548,316628,5530,397423,5622,368328,5498,383696,5699,
2026-09-30,19:32:06.606,999,331810,4662,350629,4540,328877,4627,354064,4636,246340,4350,318984,4743,310685,4565,354378,4616,315971,4396,331948,4504,304966,4571,275402,4523,261035,4646,333192,4725,316923,4755,312730,4657,
2026-09-30,19:32:07.607,1000,361330,5084,389886,5038,362634,5137,394218,5201,292642,5078,336567,5014,333763,4907,380367,4957,350516,4886,356900,4885,330323,4989,311972,5040,292262,5131,369260,5231,347341,5218,342820,5093,
2026-09-30,19:32:08.607,999,353366,4981,394274,5093,363249,5118,389086,5108,277229,4905,320969,4774,321815,4720,385518,5015,344611,4798,356788,4859,330698,4971,313171,5135,298636,5327,372137,5269,339108,5079,341110,5074,
2026-09-30,19:32:09.606,999,338758,4767,380613,4916,353134,4962,371956,4882,273034,4836,317843,4711,335503,4906,367576,4785,343694,4780,343985,4686,329210,4951,309344,5081,278160,4955,352452,4983,332523,4968,334881,4974,
2026-09-30,19:32:10.606,999,358344,5073,403431,5240,364293,5121,389584,5111,296331,5158,347179,5167,360505,5279,394117,5132,355029,4971,367022,4994,340643,5111,319053,5168,298374,5235,360530,5108,342261,5129,353445,5248,
2026-09-30,19:32:11.607,1000,338079,4803,369876,4818,342312,4797,366246,4796,266867,4696,322279,4789,331578,4845,366020,4769,337369,4741,336418,4568,320035,4792,304227,4989,274489,4865,340751,4826,325910,4861,329886,4911,
2026-09-30,19:32:12.607,999,353126,5005,381068,4965,352959,4958,386004,5060,282289,4925,348859,5205,344300,5060,388539,5060,355217,4993,348915,4742,340530,5099,319795,5197,287710,5080,358020,5083,332510,4989,346035,5147,
2026-09-30,19:32:13.606,999,313758,4428,345302,4490,322363,4529,335593,4405,245617,4339,302281,4482,315632,4614,351969,4582,314478,4393,317696,4319,312402,4684,283112,4619,261903,4677,323928,4579,311232,4645,309325,4604,
2026-09-30,19:32:14.606,999,314558,4428,349524,4509,336695,4771,347371,4591,263755,4591,300294,4454,321889,4706,349631,4549,318064,4432,317903,4369,307044,4653,293646,4781,269553,4758,335795,4740,320061,4774,315550,4679,
2026-09-30,19:32:15.607,1000,379921,5367,420911,5474,386464,5471,423240,5599,302911,5264,360074,5331,373428,5451,424829,5530,371176,5202,391580,5367,373611,5623,346121,5629,308996,5446,392096,5536,374598,5599,362519,5380,
2026-09-30,19:32:16.607,999,384793,5449,429677,5581,398412,5601,439778,5770,323221,5637,376685,5602,389271,5697,428411,5573,389118,5456,421150,5728,383007,5741,375120,6104,319860,5650,394520,5591,383318,5734,380483,5643,
2026-09-30,19:32:17.607,999,348033,4932,396954,5151,375036,5250,404522,5283,293376,5181,357666,5332,358909,5263,403997,5251,358937,5017,384745,5215,356982,5332,329962,5420,295765,5268,372237,5288,349774,5257,348948,5179,
2026-09-30,19:32:18.606,999,331533,4687,355010,4610,340869,4775,374144,4897,269076,4778,319362,4742,318984,4660,352576,4579,330562,4625,356706,4847,319164,4778,303852,4990,276699,4923,355365,5026,320711,4791,327134,4862,
2026-09-30,19:32:19.606,999,326313,4652,353492,4603,345120,4845,351927,4599,268544,4728,309648,4592,330008,4822,358538,4666,324672,4580,353384,4787,329621,4932,302599,4947,284593,5048,354608,5006,305867,4572,332648,4947,
2026-09-30,19:32:20.607,1000,330787,4704,348835,4536,339653,4757,351345,4603,268634,4736,316296,4695,320443,4683,354599,4616,329034,4618,350869,4758,321992,4825,292776,4789,270442,4784,352659,4988,315995,4719,330815,4936,
2026-09-30,19:32:21.606,999,349471,4959,375817,4882,345159,4838,371766,4859,280816,4923,327714,4852,339211,4955,382270,5003,335827,4727,368100,4984,344313,5130,312359,5092,297210,5223,370003,5216,325905,4857,344679,5166,
2026-09-30,19:32:22.606,999,339319,4783,376669,4872,339664,4776,372992,4889,284511,4953,321259,4803,334316,4914,373341,4858,334013,4677,361426,4903,338199,5067,304973,4952,278266,4894,370901,5262,322049,4855,329846,4907,
2026-09-30,19:32:23.607,1000,331461,4715,351759,4587,329658,4634,354334,4655,270126,4726,315501,4700,340768,4982,374201,4881,337847,4769,342084,4625,327876,4902,309854,5043,272691,4810,360403,5091,315860,4720,315171,4695,
2026-09-30,19:32:24.607,999,336459,4752,340846,4422,329635,4624,350915,4594,256426,4532,310624,4613,319598,4672,365398,4759,324320,4527,334620,4537,316016,4735,298361,4912,267661,4776,335912,4759,307214,4605,311673,4649,
2026-09-30,19:32:25.607,999,386694,5458,412718,5340,378838,5371,404825,5361,309840,5423,362884,5380,363881,5311,416896,5415,374425,5227,382293,5229,370036,5594,348885,5676,317562,5638,392712,5546,360046,5381,355398,5280,
2026-09-30,19:32:26.606,999,358532,5055,372388,4831,352565,4961,370731,4878,285668,5038,340490,5069,342266,5003,379202,4936,347689,4861,354288,4826,343415,5162,329918,5406,289154,5137,371410,5257,330354,4940,343459,5109,
2026-09-30,19:32:27.607,1000,398319,5648,414495,5385,392398,5516,418678,5507,319801,5565,366569,5476,376299,5523,409960,5347,372282,5248,384791,5223,372706,5593,350933,5691,313661,5493,400321,5681,364554,5476,372148,5519,
2026-09-30,19:32:28.607,999,359802,5079,379674,4926,355874,4989,379519,4959,273385,4830,336405,5002,333461,4888,375598,4896,338645,4740,336145,4566,340772,5103,307714,5052,286180,5102,369829,5230,334787,5021,329070,4894,
2026-09-30,19:32:29.607,999,363431,5137,382037,4958,354194,5025,376521,4980,273949,4774,330400,4898,331099,4846,388750,5062,336442,4716,334822,4585,325565,4921,307934,4986,289279,5085,366678,5171,348824,5199,342460,5079,
2026-09-30,19:32:30.606,999,331390,4664,355967,4604,316726,4446,352400,4599,251000,4442,303755,4513,297939,4376,350634,4568,310716,4334,307716,4180,307930,4615,288319,4745,272662,4858,334450,4746,312183,4683,310847,4619,
2026-09-30,19:32:31.606,999,322634,4586,342220,4471,323988,4553,354401,4630,257410,4508,301700,4478,304091,4454,347359,4527,302375,4277,314036,4269,311106,4664,294675,4797,266307,4718,340908,4823,307870,4606,325137,4826,
2026-09-30,19:32:32.607,1000,357341,5023,387177,5028,348061,4901,385788,5062,277405,4882,331511,4954,320090,4718,375207,4897,353196,4914,349316,4763,334902,5042,325820,5316,289600,5119,365503,5193,337726,5077,342173,5088,
2026-09-30,19:32:33.607,999,366886,5180,389375,5057,359794,5060,399921,5242,280952,4915,338644,5033,334947,4904,411012,5342,360123,5018,369212,5014,348681,5224,327978,5340,296461,5246,369306,5229,338514,5070,333992,4972,
2026-09-30,19:32:34.606,999,360180,5067,377870,4876,360831,5084,378702,4977,276369,4886,319848,4761,333640,4884,393618,5115,339832,4726,368001,5012,348127,5226,323721,5312,291232,5178,358607,5073,336894,5048,344107,5115,
2026-09-30,19:32:35.606,999,367336,5170,396499,5117,392675,5579,393066,5204,294956,5160,355319,5261,342185,5002,409579,5334,361476,5026,374081,5152,364845,5538,336767,5517,303735,5350,382118,5392,351355,5245,361489,5378,
2026-09-30,19:32:36.607,1000,357126,5031,381502,4926,355842,5039,364138,4795,273001,4785,325966,4821,318865,4654,377235,4919,354725,4926,360387,4943,331917,5002,319766,5253,273647,4834,352529,4986,332592,4968,341413,5097,
2026-09-30,19:32:37.607,999,339407,4777,372962,4823,347401,4910,358218,4719,272830,4813,306786,4571,315196,4628,374968,4884,336414,4675,337176,4623,308686,4636,302572,4960,273130,4848,342413,4860,313624,4716,310790,4630,
2026-09-30,19:32:38.607,999,368146,5191,401474,5190,366822,5206,396490,5236,297199,5193,346023,5143,336874,4935,398151,5187,361574,5035,378251,5183,348200,5250,341193,5557,300363,5289,369167,5214,347169,5194,340057,5056,
2026-09-30,19:32:39.606,999,355129,4991,373066,4823,340069,4802,361111,4738,290545,5130,349102,5186,332203,4868,381056,4965,349525,4853,359161,4899,336799,5057,322385,5260,280081,4981,345967,4901,319702,4785,334260,4976,
2026-09-30,19:32:40.607,1000,352930,4976,385798,4990,327746,4618,378836,4963,280150,4913,344528,5119,341626,4992,362425,4723,349773,4869,362352,4942,344489,5179,325804,5295,283466,5005,360911,5107,329282,4917,334775,4996,
2026-09-30,19:32:41.607,999,353666,4982,369780,4790,328747,4607,355156,4645,252295,4440,311623,4634,320225,4678,341620,4469,335823,4668,334246,4532,321533,4806,305443,4994,263150,4681,337607,4775,319617,4784,319730,4788,
2026-09-30,19:32:42.607,999,351789,4930,384960,4969,348190,4902,380687,4995,277110,4865,318035,4739,329085,4833,365876,4769,340838,4731,350757,4769,335226,5020,317981,5195,277729,4929,358933,5090,334657,5006,330954,4929,
2026-09-30,19:32:43.606,999,340717,4779,373474,4819,334205,4721,385775,5073,275227,4865,332450,4942,325608,4768,357627,4656,348564,4825,343255,4694,336883,5072,310584,5074,277971,4934,354777,5020,333228,4978,333733,4968,
2026-09-30,19:32:44.607,1000,419677,5867,445248,5726,381716,5457,433526,5756,326340,5601,371138,5519,381116,5580,421026,5483,390607,5422,392196,5389,391727,5940,356042,5694,338304,5861,415235,5857,385499,5758,389480,5781,
2026-09-30,19:32:45.607,999,368317,5172,380652,4910,347310,4936,390284,5145,287076,5006,338379,5031,336085,4918,391802,5102,355035,4938,361094,4944,338541,5113,318183,5158,289130,5099,375883,5321,347991,5203,349293,5190,
2026-09-30,19:32:46.607,999,349929,4927,371740,4797,332441,4707,374779,4928,261113,4577,320328,4756,319986,4674,362063,4707,329454,4576,351298,4790,332720,5013,304472,4962,272534,4804,353289,4997,339093,5071,330169,4906,
2026-09-30,19:32:47.606,999,349400,4909,374153,4830,331741,4692,378157,4978,269990,4713,331117,4941,330404,4849,375927,4903,333651,4626,347980,4749,331362,4996,311107,5052,274943,4861,349493,4974,339925,5104,325366,4835,
2026-09-30,19:32:48.607,1000,356384,4999,376254,4859,336030,4742,361637,4750,275419,4843,324879,4835,322156,4726,374200,4872,347512,4822,351082,4783,334103,5042,319866,5205,278259,4942,348290,4930,326764,4888,318791,4750,
2026-09-30,19:32:49.607,999,334244,4702,361119,4670,324818,4577,366284,4791,265351,4642,308987,4594,319460,4673,362643,4721,333200,4633,330119,4493,322294,4843,305691,4977,263001,4650,348684,4932,319817,4783,317933,4729,
2026-09-30,19:32:50.607,999,325837,4583,344023,4453,332097,4673,362959,4760,257908,4573,315436,4682,318379,4654,365136,4762,322164,4466,329626,4494,314491,4722,300598,4938,262514,4681,338126,4786,309953,4640,315273,4692,
2026-09-30,19:32:51.606,999,358826,5048,389499,5019,341744,4804,388644,5091,283018,5027,332799,4948,339052,4960,378670,4931,353774,4909,356750,4858,333093,5011,321321,5299,284684,5086,358206,5062,335178,5017,335910,4990,
2026-09-30,19:32:52.607,1000,384896,5402,400059,5148,357519,5061,407890,5376,305339,5352,365881,5458,369063,5416,410128,5342,355709,4943,378288,5169,358345,5402,350455,5723,309737,5474,389271,5528,348060,5213,359967,5353,
2026-09-30,19:32:53.607,999,336416,4736,348326,4502,314287,4424,358009,4702,267710,4747,315816,4693,308996,4521,351539,4580,311872,4340,329612,4477,304413,4569,310785,5096,258302,4592,338949,4803,303315,4543,315377,4700,
2026-09-30,19:32:54.607,999,314067,4424,342266,4419,326918,4591,343750,4502,255159,4517,298113,4434,299710,4390,342304,4462,291495,4057,321051,4349,297942,4469,291258,4793,250643,4476,329639,4673,297531,4464,297299,4434,
2026-09-30,19:32:55.607,1000,420012,5901,457858,5910,424527,6026,459414,6085,352724,6106,405678,6027,414344,6076,458686,6019,400961,5562,432254,5906,383354,5792,384702,6195,332175,5800,431580,6106,399845,5979,407695,6112,
2026-09-30,19:32:56.607,999,346703,4878,384962,4974,345889,4865,379433,4980,274564,4856,327153,4864,331684,4861,373840,4873,330019,4585,351769,4790,330405,4969,309056,5057,269204,4789,356473,5052,326527,4902,339854,5074,
2026-09-30,19:32:57.607,999,338345,4767,375043,4855,339151,4771,363378,4771,274516,4840,329346,4914,331656,4871,352083,4580,327694,4564,339330,4617,328380,4931,307071,4997,278176,4919,336351,4777,319696,4807,329031,4900,
2026-09-30,19:32:58.607,999,326081,4582,356357,4607,337703,4768,366581,4817,266202,4688,327110,4861,328395,4804,356030,4629,346556,4823,329579,4498,326350,4907,314764,5130,266962,4708,345237,4879,318897,4776,322991,4809,
2026-09-30,19:32:59.607,1000,373787,5244,413720,5342,391972,5581,395586,5254,293482,5114,368120,5459,354569,5179,411350,5350,372989,5178,370710,5097,359745,5457,343070,5568,304299,5371,395565,5584,362331,5408,381933,5672,
2026-09-30,19:33:00.608,1000,360882,5078,417833,5405,392802,5535,408782,5361,301359,5305,359163,5335,357776,5236,418126,5439,364144,5058,380905,5193,371393,5571,343491,5597,304070,5387,382488,5418,361227,5415,376402,5604,
2026-09-30,19:33:01.608,999,349023,4921,388712,5027,367968,5190,382860,5022,277571,4890,337108,5007,333038,4874,387850,5042,329351,4580,367565,5004,340853,5129,326349,5348,276379,4933,357393,5060,336231,5037,343153,5114,
2026-09-30,19:33:02.608,999,354255,4989,383853,4963,361534,5090,380816,4990,287113,5049,332156,4973,342249,5029,382424,4971,354226,4933,377964,5143,356483,5349,338885,5552,286254,5087,369061,5234,337851,5081,351695,5233,
2026-09-30,19:33:03.608,1000,348244,4914,370722,4784,354267,5006,365349,4815,273863,4824,325414,4826,335650,4897,385450,5019,349596,4858,359230,4906,336950,5053,313416,5124,290381,5184,367639,5195,333185,4974,340013,5060,
2026-09-30,19:33:04.608,999,334079,4711,351999,4562,350479,4929,358908,4711,271046,4783,312875,4652,335420,4899,366106,4770,324621,4534,337665,4606,326424,4900,302552,4963,270199,4830,352731,4997,322277,4836,317461,4726,
2026-09-30,19:33:05.608,999,380519,5325,418714,5404,391992,5577,396075,5274,308867,5396,360705,5352,378099,5518,427136,5564,376770,5239,386548,5326,358062,5444,345762,5629,317305,5620,397957,5616,367155,5479,369857,5504,
2026-09-30,19:33:06.608,999,351820,4958,384786,4983,355587,5012,366872,4842,277710,4856,324342,4826,354483,5188,377796,4920,348223,4862,359157,4907,342995,5147,315765,5122,292637,5145,360711,5103,339230,5084,352247,5240,
2026-09-30,19:33:07.609,1000,340637,4792,365988,4731,341528,4835,367729,4872,285713,5005,331718,4957,338293,4982,391999,5098,346691,4824,351553,4813,335843,5066,313686,5106,288636,5102,348577,4942,331068,4979,341544,5072,
2026-09-30,19:33:08.609,1000,352974,4961,368220,4778,359651,5075,387484,5107,289393,5105,336314,5000,345731,5064,387176,5040,341553,4756,357858,4878,332847,5002,315159,5131,294338,5234,374468,5293,344932,5158,349242,5199,
2026-09-30,19:33:09.609,999,344980,4840,366415,4738,346469,4877,383010,5033,282335,4990,339032,5034,331129,4846,388878,5069,333921,4636,366284,4985,327108,4905,325811,5327,293228,5232,356219,5032,336685,5031,333135,4958,
2026-09-30,19:33:10.609,999,314841,4424,337859,4365,316214,4443,338314,4430,248590,4405,306302,4557,302210,4435,351939,4582,316025,4379,325955,4437,309766,4654,289166,4759,262424,4691,330068,4669,304832,4566,298803,4447,
2026-09-30,19:33:11.609,1000,335149,4722,379116,4886,337698,4776,374169,4913,283004,4935,336587,5000,342363,5004,393866,5128,342597,4769,353780,4825,345446,5216,321265,5217,278231,4906,350813,4954,330626,4935,328416,4886,
2026-09-30,19:33:12.609,999,349049,4909,381207,4914,345696,4895,370582,4899,286870,5009,342830,5118,338863,4977,374043,4878,342554,4766,351325,4784,333838,5040,314891,5114,285097,5024,354596,5025,336092,5042,340512,5060,
2026-09-30,19:33:13.609,999,317160,4462,339604,4387,314591,4430,333483,4382,252629,4468,310010,4603,316477,4624,335313,4372,315760,4378,317177,4312,312727,4701,279143,4567,254033,4517,323877,4580,300818,4507,310298,4613,
2026-09-30,19:33:14.609,1000,332617,4673,365063,4705,339080,4820,367065,4868,269458,4677,329790,4887,325851,4755,363951,4736,333277,4626,331967,4548,328425,4979,310354,5035,281555,4943,356404,5036,329471,4929,332661,4950,
2026-09-30,19:33:15.609,999,330478,4648,373934,4834,350262,4965,368627,4881,277768,4815,333790,4958,327830,4804,366823,4816,343090,4761,346977,4740,319186,4810,314336,5101,281631,4957,360726,5097,331274,4957,330961,4959,
2026-09-30,19:33:16.609,999,342176,4815,381963,4933,360692,5073,376799,4957,274612,4831,339997,5052,336018,4919,377773,4927,351498,4882,356185,4842,336743,5057,319244,5226,280350,4959,355605,5035,335899,5036,347303,5179,
2026-09-30,19:33:17.609,1000,357918,5025,402834,5187,370302,5197,374555,4912,282935,4951,343940,5136,338915,4986,396757,5175,351630,4885,357882,4849,347877,5204,328474,5358,288947,5107,369850,5244,340324,5101,360380,5370,
2026-09-30,19:33:18.609,999,366418,5150,391485,5049,359364,5045,383398,5010,273008,4830,347177,5143,338444,4946,390851,5119,355858,4941,358084,4851,341831,5104,322422,5287,284762,5081,375299,5301,348820,5192,349595,5219,
2026-09-30,19:33:19.609,999,352067,4955,401908,5174,368931,5172,377430,4941,277843,4921,350730,5199,339586,4961,380164,4960,349180,4837,361081,4901,346191,5200,314659,5164,289588,5172,356650,5044,346117,5181,348217,5199,
2026-09-30,19:33:20.609,1000,354046,4975,383633,4943,353205,4960,376026,4919,279808,4932,349363,5195,332637,4864,385496,5039,340941,4723,356364,4837,335544,5028,313149,5123,287968,5115,356353,5045,343753,5142,332503,4971,
2026-09-30,19:33:21.609,999,341041,4806,373963,4833,344486,4824,350054,4583,266373,4701,334048,4956,320388,4678,370877,4843,328506,4563,338915,4609,311543,4662,293679,4826,262781,4693,346381,4895,322001,4818,320879,4791,
2026-09-30,19:33:22.609,999,321828,4531,368225,4737,337153,4721,342887,4494,261130,4568,324170,4832,318552,4682,364973,4774,320261,4454,338927,4600,313142,4673,301228,4931,264688,4701,327925,4657,318864,4782,316032,4724,
2026-09-30,19:33:23.610,1000,333691,4699,359327,4633,339537,4754,350472,4595,270809,4717,330708,4910,332138,4852,385022,5048,345125,4800,353991,4805,333569,4996,314569,5129,281997,4981,353122,4991,322021,4820,324186,4858,
2026-09-30,19:33:24.609,999,322626,4526,352612,4549,331880,4654,353551,4621,255935,4484,321714,4781,313256,4587,370301,4842,327234,4555,336396,4546,320976,4781,305793,4998,276734,4897,336550,4770,319039,4783,308059,4604,
2026-09-30,19:33:25.609,999,347681,4870,372899,4825,357222,5049,376467,4974,269232,4716,335487,4969,331586,4850,379786,4949,339578,4722,354256,4836,328626,4950,318717,5207,278996,4959,358557,5065,335009,5005,337733,5037,
2026-09-30,19:33:26.610,1000,350551,4924,368121,4749,351042,4921,374363,4900,278451,4922,332610,4932,325202,4756,369015,4825,327091,4537,346455,4702,323075,4814,312013,5112,272894,4854,349913,4952,318786,4771,329040,4920,
2026-09-30,19:33:27.609,999,348469,4896,388289,5016,352153,4951,371397,4856,279171,4946,336768,5002,328533,4823,381282,4962,338401,4708,359898,4886,330845,4937,328692,5388,280672,5001,352510,4999,334862,5036,342678,5099,
2026-09-30,19:33:28.609,999,362066,5094,394871,5114,372615,5262,383243,5048,303406,5301,350328,5199,347372,5098,394028,5130,353537,4934,371921,5072,349643,5267,340326,5522,306235,5394,365657,5172,350858,5247,353533,5256,
2026-09-30,19:33:29.610,1000,336465,4723,359826,4651,338495,4800,360425,4757,282894,4955,332923,4939,308664,4509,369498,4804,328779,4571,345575,4728,319448,4830,307451,5031,272752,4802,337593,4756,304360,4552,312433,4644,
2026-09-30,19:33:30.609,999,301889,4243,335970,4350,307727,4321,310037,4057,256961,4561,314041,4651,286049,4184,342716,4456,308805,4288,329217,4476,294892,4408,278868,4596,247207,4399,308484,4365,283765,4248,287800,4294,
2026-09-30,19:33:31.609,999,308411,4325,338877,4381,305405,4322,323101,4261,252682,4459,308075,4561,303718,4440,341260,4437,315084,4375,334097,4562,298908,4501,281819,4607,252239,4463,319165,4516,296820,4442,303203,4508,
2026-09-30,19:33:32.610,1000,324144,4556,360824,4663,333065,4679,352830,4632,268896,4749,325946,4871,311983,4592,364151,4733,328621,4562,355149,4806,319911,4772,297119,4855,275602,4872,346217,4913,307726,4637,322469,4791,
2026-09-30,19:33:33.609,999,305136,4289,355240,4597,317589,4490,320871,4242,255241,4491,305444,4536,300355,4394,338263,4401,311751,4330,327413,4453,317250,4757,281182,4583,246794,4361,317894,4486,291142,4346,296652,4411,
2026-09-30,19:33:34.609,999,323447,4556,380641,4914,337066,4729,360094,4705,273886,4810,320824,4774,321466,4706,356606,4636,328914,4574,353629,4794,327445,4895,300572,4899,274891,4868,345103,4882,323793,4845,308070,4578,
2026-09-30,19:33:35.610,1000,360700,5057,385274,4987,356247,5079,383812,5084,310999,5480,350341,5191,349681,5110,399104,5193,371231,5150,369274,5072,348110,5258,334060,5435,294934,5225,370932,5225,346750,5167,358566,5322,
2026-09-30,19:33:36.610,999,339177,4760,370007,4795,345183,4857,368816,4839,276504,4924,336072,4980,301998,4409,353648,4605,347091,4812,350881,4774,332004,4962,310095,5092,283393,5063,344846,4873,339924,5078,334532,4976,
2026-09-30,19:33:37.609,999,345212,4833,380827,4916,358150,5029,364267,4775,275416,4875,319847,4777,303415,4452,358089,4664,341227,4734,334889,4561,327176,4904,301189,4944,275940,4918,333598,4732,330994,4966,326163,4844,
2026-09-30,19:33:38.609,999,358667,5036,386077,4982,356150,5022,364476,4794,276787,4899,326008,4841,328101,4805,363295,4722,337780,4687,330146,4515,336321,5060,310158,5065,287989,5123,357022,5045,342492,5117,325023,4838,
2026-09-30,19:33:39.610,1000,357223,5026,384932,4975,353882,4980,378165,4973,279951,4893,323964,4832,333769,4895,384750,5005,339826,4717,342959,4670,330466,4963,324905,5296,283904,5004,352506,4993,336881,5045,321094,4785,
2026-09-30,19:33:40.609,999,335584,4733,356187,4616,331242,4656,346923,4545,256472,4563,310528,4611,312056,4574,353680,4600,312809,4347,328992,4465,311758,4672,301824,4964,265351,4720,344925,4886,307965,4625,298312,4446,
2026-09-30,19:33:41.609,999,315870,4433,339775,4397,316396,4465,331503,4346,254744,4505,298759,4437,301044,4406,327980,4269,299294,4151,311955,4251,300030,4518,283162,4654,260529,4630,319871,4531,304092,4555,302362,4497,
2026-09-30,19:33:42.610,1000,309523,4343,348419,4498,328384,4603,328688,4295,247177,4387,290814,4333,292056,4298,332101,4325,288503,4001,300127,4065,296516,4432,269544,4434,257109,4582,311257,4419,298459,4481,303123,4513,
2026-09-30,19:33:43.610,999,353428,4966,389443,5047,353395,4992,372690,4907,278614,4908,333647,4951,330792,4850,374121,4877,338648,4697,342456,4683,331748,5013,301159,4920,282147,4985,350723,4958,327324,4906,321553,4788,
2026-09-30,19:33:44.609,999,399354,5593,415310,5346,383467,5441,394491,5215,301475,5283,358322,5315,352195,5158,404025,5255,356250,4926,368344,5038,353890,5347,331990,5407,308500,5450,382410,5400,378529,5660,362989,5395,
2026-09-30,19:33:45.609,999,424318,5958,463126,5993,415147,5909,446736,5928,343630,5984,407076,6018,412703,6034,462840,6022,390311,5427,412640,5658,385743,5835,372194,6021,346324,6089,436934,6170,411908,6152,414504,6157,
2026-09-30,19:33:46.610,1000,324242,4560,353537,4581,315850,4454,335120,4394,245035,4353,310636,4606,309818,4529,347551,4516,307063,4279,323285,4399,304555,4563,283511,4658,253315,4509,328785,4652,300117,4487,313655,4666,
2026-09-30,19:33:47.609,999,336417,4724,370168,4780,328221,4649,344073,4539,268642,4712,320648,4782,320096,4704,373376,4858,314412,4375,332325,4543,307967,4640,293318,4786,276132,4888,347699,4939,311539,4679,329961,4903,
2026-09-30,19:33:48.609,999,312040,4386,339639,4387,315862,4445,337014,4417,246514,4379,292834,4351,289159,4240,341370,4444,305975,4257,311432,4234,291868,4375,286564,4724,252008,4502,330183,4674,296194,4428,317307,4722,
2026-09-30,19:33:49.610,1000,331380,4667,364796,4715,346513,4882,353775,4648,274464,4841,325604,4822,325081,4749,376189,4912,329565,4584,343568,4682,326776,4906,314139,5133,265458,4710,350163,4955,307732,4599,338418,5045,
2026-09-30,19:33:50.609,999,337566,4757,378864,4900,360613,5055,371149,4864,270776,4763,324882,4826,332495,4866,367233,4785,337245,4687,346588,4693,329626,4913,312589,5128,267056,4707,350795,4958,312198,4677,327369,4876,
2026-09-30,19:33:51.609,999,336271,4736,359993,4666,365253,5131,352364,4620,272298,4779,319984,4748,321971,4716,363570,4773,345789,4804,347918,4722,332356,4969,311401,5094,267261,4727,345308,4881,311960,4660,331434,4967,
2026-09-30,19:33:52.610,1000,343054,4825,360475,4669,351480,4945,355899,4663,267273,4723,314525,4698,317061,4664,363596,4735,326562,4544,343836,4674,333373,4985,305451,5013,276209,4905,360214,5113,310779,4655,326156,4864,
2026-09-30,19:33:53.610,999,324170,4552,345575,4469,344187,4828,345292,4529,247609,4436,306707,4546,298939,4369,348789,4545,318744,4420,328195,4453,308609,4608,287448,4749,263416,4708,343342,4847,300955,4498,315769,4697,
2026-09-30,19:33:54.609,999,329277,4634,355387,4582,329208,4599,347525,4536,249999,4427,305577,4528,306064,4476,347265,4542,317635,4409,332862,4519,301486,4497,286719,4713,263502,4706,339984,4804,299409,4472,310653,4641,
2026-09-30,19:33:55.609,999,364098,5114,379859,4907,361730,5169,380283,5079,282173,4903,336528,4981,354583,5193,393974,5146,354677,4932,354394,4898,323710,4931,320815,5208,291130,5120,364186,5139,334716,5001,343235,5098,
2026-09-30,19:33:56.610,1000,360841,5086,381688,4950,367300,5197,388554,5128,291140,5075,341423,5080,359669,5272,404376,5266,362439,5042,370190,5057,353063,5313,334636,5422,298115,5213,384500,5441,339403,5074,350353,5207,
2026-09-30,19:33:57.610,999,308172,4336,339308,4390,323520,4535,341877,4479,252606,4462,309865,4618,304827,4484,338852,4407,311749,4323,314366,4269,295889,4428,280583,4605,251303,4478,330656,4694,284449,4280,307167,4567,
2026-09-30,19:33:58.609,999,310296,4369,333278,4313,304736,4312,324906,4279,253956,4474,312245,4632,309853,4534,339825,4419,308421,4281,318633,4360,307756,4638,289146,4728,256553,4546,329833,4661,294233,4407,309474,4605,
2026-09-30,19:33:59.610,1000,322292,4533,353983,4579,311300,4414,318754,4217,249589,4359,312330,4643,307113,4501,354696,4618,321673,4474,321766,4397,309555,4674,289687,4725,265938,4694,333611,4712,300673,4502,313744,4664,
2026-09-30,19:34:00.610,999,372010,5223,405098,5228,363157,5163,372958,4964,303607,5300,356174,5259,359826,5259,411711,5360,372411,5166,377283,5180,350202,5315,341373,5541,303487,5338,376558,5314,356035,5312,352339,5231,
2026-09-30,19:34:01.609,999,338716,4766,376227,4854,339341,4762,371261,4861,279858,4916,339892,5043,335400,4912,393521,5119,360277,5001,361392,4902,340203,5099,329514,5377,270107,4790,348880,4934,330849,4963,332452,4947,
2026-09-30,19:34:02.610,1000,353656,4967,401366,5189,355402,5004,400791,5268,293610,5193,342240,5094,348722,5121,406642,5288,376061,5215,376071,5119,359449,5398,346298,5658,292436,5191,370756,5258,357446,5372,360771,5362,
2026-09-30,19:34:03.610,999,347125,4884,369677,4781,339914,4798,376786,4955,273353,4831,322916,4796,326483,4780,386516,5034,357580,4956,347677,4750,336922,5080,315383,5196,286720,5125,357190,5055,334203,4997,341176,5078,
2026-09-30,19:34:04.610,999,351841,4936,384194,4970,359618,5060,383022,5026,284989,5041,333179,4942,339350,4958,389988,5072,364304,5059,351392,4785,337664,5073,312710,5136,286308,5124,367449,5198,348423,5216,350305,5222,
2026-09-30,19:34:05.610,1000,346302,4872,395152,5114,365157,5180,398745,5280,281797,4900,340140,5044,348423,5102,398971,5194,360454,5010,361956,4957,348680,5271,321932,5237,292712,5160,369115,5210,340421,5102,361515,5380,
2026-09-30,19:34:06.610,999,313412,4406,344534,4456,321366,4523,350810,4603,234884,4151,298655,4429,308548,4515,342860,4457,310617,4326,327572,4452,307710,4605,278907,4590,252191,4504,327270,4631,311579,4662,310757,4622,
2026-09-30,19:34:07.610,999,353349,4964,388939,5021,362612,5149,383365,5070,287113,4971,345367,5154,352993,5181,393154,5117,352603,4918,373958,5115,344931,5205,327643,5286,287059,5026,369702,5240,343777,5163,345158,5128,
2026-09-30,19:34:08.609,999,345873,4872,371609,4792,356640,5019,364000,4781,262984,4618,315697,4685,322907,4733,367290,4783,335358,4684,361472,4913,333835,5002,302444,4956,283102,5032,358740,5078,322700,4831,333166,4954,
2026-09-30,19:34:09.610,1000,315855,4456,345939,4475,316279,4470,343195,4516,247633,4354,296870,4408,309831,4524,357915,4657,314597,4393,331344,4516,310402,4649,292910,4780,258445,4574,318809,4510,307062,4589,310754,4623,
2026-09-30,19:34:10.610,999,328759,4607,361665,4667,325737,4574,361542,4727,245465,4353,306592,4549,315446,4606,368334,4793,318973,4439,346722,4710,326053,4875,293348,4826,261793,4698,335128,4751,315177,4718,305704,4547,
2026-09-30,19:34:11.610,999,358698,5033,374051,4821,345860,4840,377061,4932,255280,4538,321651,4763,338212,4944,366602,4787,327760,4560,345802,4685,338275,5038,313747,5187,284459,5111,356232,5023,331979,4950,327250,4882,
2026-09-30,19:34:12.610,999,336896,4738,373870,4832,342200,4804,364548,4773,269687,4786,322336,4818,324997,4777,360244,4691,326699,4546,332351,4505,334969,5003,309718,5068,276013,4918,335351,4766,324949,4887,320580,4770,
2026-09-30,19:34:13.610,1000,347397,4887,383243,4951,352156,4948,380078,4991,282823,4958,354813,5263,327709,4805,375518,4906,340600,4743,355097,4819,339299,5089,314294,5087,290692,5141,354527,5027,321935,4820,330884,4936,
2026-09-30,19:34:14.610,999,331749,4683,369947,4799,344753,4828,359673,4706,257625,4557,316348,4684,321211,4689,358035,4681,316686,4417,340255,4625,323708,4847,299932,4919,270197,4798,338559,4789,318482,4764,324801,4847,
2026-09-30,19:34:15.610,999,361219,5063,412190,5314,356710,5107,394502,5257,294430,5080,346327,5124,355599,5192,390943,5107,345963,4802,355802,4924,349462,5315,330959,5351,292445,5097,368441,5201,340682,5088,356090,5298,
2026-09-30,19:34:16.610,999,303569,4287,349697,4516,314508,4418,353414,4637,257142,4536,308735,4574,306067,4475,344123,4495,311207,4328,331924,4519,316572,4744,293172,4797,253494,4502,335885,4754,305004,4564,306647,4576,
2026-09-30,19:34:17.610,1000,346886,4883,377022,4878,358110,5030,375647,4913,279537,4886,340505,5078,334395,4912,379025,4958,341297,4746,359604,4877,349032,5208,316484,5166,283668,5006,350154,4965,325925,4892,337956,5044,
2026-09-30,19:34:18.610,999,344273,4839,386212,4988,362714,5104,375558,4915,277016,4844,342895,5093,343947,5033,388766,5061,350227,4881,369582,5008,349335,5214,321897,5268,280196,4942,360702,5112,332388,4981,343201,5113,
2026-09-30,19:34:19.610,999,333341,4701,400206,5175,357174,5002,368918,4823,276672,4884,332250,4928,339080,4953,390155,5102,345985,4809,362180,4899,339460,5056,320511,5261,277426,4934,350997,4966,326841,4880,338281,5069,
2026-09-30,19:34:20.609,999,377995,5306,424206,5481,373788,5250,405725,5304,299967,5318,360071,5343,356528,5213,418864,5477,366724,5094,387859,5249,357766,5342,345992,5698,310167,5564,388898,5503,365406,5467,353621,5291,
2026-09-30,19:34:21.610,1000,337589,4746,372732,4816,343521,4811,365015,4758,277342,4926,331161,4908,321192,4696,393753,5127,335419,4668,348191,4723,327556,4891,321621,5313,280429,5002,340070,4811,314134,4697,324971,4848,
2026-09-30,19:34:22.610,999,337495,4736,379206,4886,347197,4868,363540,4752,274480,4815,316323,4713,328010,4808,375993,4926,327881,4561,345820,4693,328018,4908,319656,5250,285343,5049,341001,4838,323112,4857,328033,4917,
2026-09-30,19:34:23.610,999,329887,4650,362522,4676,328472,4595,345566,4507,260839,4598,307636,4568,318825,4669,375961,4927,325849,4530,329549,4474,323134,4828,309899,5070,268523,4773,336853,4773,322727,4838,310800,4654,
2026-09-30,19:34:24.610,1000,359024,5050,404915,5227,370435,5207,389878,5113,299349,5268,340665,5064,355862,5215,407731,5327,373630,5200,384677,5226,369454,5527,340176,5545,302899,5357,394532,5586,361340,5422,369284,5501,
2026-09-30,19:34:25.610,999,337221,4743,376093,4851,336390,4760,347146,4607,280942,4907,332218,4935,338121,4954,367232,4802,342827,4766,350859,4799,331657,4997,306639,4980,276994,4896,359939,5086,331435,4956,337058,5027,
2026-09-30,19:34:26.610,999,315303,4460,360991,4669,326815,4589,342134,4490,253199,4477,294888,4382,310676,4546,342342,4457,316524,4428,323163,4387,313715,4696,287570,4710,265819,4710,347503,4919,308104,4607,326440,4847,
2026-09-30,19:34:27.610,999,330027,4659,365196,4731,339111,4758,347338,4548,268043,4680,306936,4583,321773,4721,357027,4660,332510,4650,329265,4470,327143,4882,297569,4843,257832,4554,341520,4846,312522,4693,324170,4832,
2026-09-30,19:34:28.610,1000,318608,4499,366640,4743,332497,4659,339846,4455,253469,4504,312715,4642,311472,4551,354923,4628,322782,4510,330411,4487,324881,4846,285326,4668,258060,4595,343877,4864,320626,4794,319583,4756,
2026-09-30,19:34:29.610,999,364088,5154,391835,5083,365228,5135,389763,5104,292858,5135,352460,5234,360352,5272,403878,5259,364831,5109,361600,4918,356016,5319,327545,5306,293119,5174,388513,5498,348526,5218,357577,5309,
2026-09-30,19:34:30.610,999,358093,5047,393436,5090,342854,4859,380900,5029,294540,5154,342350,5090,346523,5065,389706,5068,364319,5092,358928,4920,347924,5241,325781,5279,294205,5198,375972,5321,351460,5260,351049,5192,
2026-09-30,19:34:31.610,999,322488,4606,372981,4874,333432,4679,365163,4782,258680,4530,320595,4761,324093,4737,360702,4708,319697,4512,327296,4444,320150,4780,296588,4832,276416,4887,348204,4923,324459,4846,321562,4782,
2026-09-30,19:34:32.610,1000,329198,4646,381236,4919,356631,5011,373065,4880,265693,4673,329363,4914,329968,4849,362615,4717,346137,4819,341413,4625,337459,5030,300612,4909,283011,5030,353202,5014,333764,5017,340552,5064,
2026-09-30,19:34:33.610,999,301671,4280,328928,4264,320229,4490,326790,4273,245147,4345,305909,4537,309174,4517,336396,4383,317046,4425,319645,4334,313723,4680,281899,4624,257946,4602,330774,4680,296190,4429,303906,4518,
2026-09-30,19:34:34.610,999,291509,4119,325599,4207,326038,4567,329629,4311,245570,4360,313840,4659,303155,4431,338118,4396,304217,4246,299000,4064,309838,4637,275329,4533,255770,4556,324787,4588,292061,4361,295360,4395,
2026-09-30,19:34:35.610,999,368866,5216,403477,5244,389004,5503,406709,5377,306736,5275,387704,5761,374173,5483,419540,5464,391461,5481,385472,5271,383113,5771,348011,5612,318368,5581,393641,5570,366485,5475,382500,5684,
2026-09-30,19:34:36.610,1000,353950,5012,372725,4818,373618,5251,381404,5012,281174,4948,344661,5122,332040,4859,373614,4863,339112,4740,353126,4784,360670,5406,321472,5258,287739,5114,367204,5191,326035,4874,351020,5217,
2026-09-30,19:34:37.610,999,350518,4946,371358,4808,352441,4942,368127,4829,285377,5007,345291,5131,346513,5088,369912,4814,334256,4672,356608,4830,352406,5271,314072,5136,282120,5008,347562,4927,331321,4976,356995,5306,
2026-09-30,19:34:38.610,999,347507,4904,387705,5010,368244,5182,377363,4955,282154,5003,338348,5020,336344,4919,379307,4935,336500,4684,348369,4731,349276,5216,311341,5105,291302,5216,367308,5200,332961,4981,338546,5032,
2026-09-30,19:34:39.611,1000,360055,5090,375950,4881,366596,5138,372144,4865,273082,4826,340118,5017,327678,4781,379730,4945,359513,5037,351416,4751,336328,5005,308160,5041,292043,5215,366271,5174,335284,5010,350897,5210,
2026-09-30,19:34:40.610,999,347282,4897,369733,4772,348810,4895,371045,4855,282111,4948,341813,5078,345480,5053,387064,5040,356134,4975,359477,4865,353757,5267,323272,5249,290806,5146,372310,5272,339102,5080,347820,5169,
2026-09-30,19:34:41.610,999,317835,4484,351145,4546,338392,4743,349749,4566,265644,4704,307081,4553,318937,4652,346777,4516,318033,4440,325495,4403,314933,4684,291925,4804,268448,4796,342148,4836,301998,4517,316707,4723,
2026-09-30,19:34:42.610,999,311724,4392,334224,4319,339834,4767,339394,4440,258301,4564,309901,4619,306614,4509,324229,4220,303733,4248,319344,4333,308342,4600,288796,4736,262523,4672,340291,4822,296002,4450,310699,4631,
2026-09-30,19:34:43.611,1000,314808,4458,337900,4390,328136,4605,323792,4249,257055,4540,306577,4546,323877,4731,346196,4505,322235,4506,332020,4508,319828,4771,298149,4900,260961,4659,335328,4744,309209,4631,311093,4635,
2026-09-30,19:34:44.610,999,316513,4475,340528,4424,321609,4520,332927,4360,248227,4374,300884,4469,321998,4712,339792,4428,331640,4623,336548,4572,325538,4863,303918,4988,256632,4586,330800,4677,307108,4606,317928,4735,
2026-09-30,19:34:45.610,999,390667,5527,426570,5533,387753,5531,406876,5414,334028,5786,389287,5754,384044,5605,424397,5520,386706,5420,383824,5299,379351,5749,359287,5830,312100,5482,404941,5705,366403,5465,388570,5758,
2026-09-30,19:34:46.610,999,391889,5531,445654,5764,404631,5684,426186,5594,323745,5691,371255,5499,378979,5535,421004,5484,387266,5408,391790,5323,380292,5696,361944,5901,321565,5724,414636,5850,379556,5675,392465,5842,
2026-09-30,19:34:47.611,1000,373054,5277,409907,5320,387156,5424,396570,5190,295612,5183,347169,5175,345575,5077,402740,5243,347015,4870,376607,5104,359978,5378,341494,5559,298087,5286,375729,5327,346062,5183,356557,5301,
2026-09-30,19:34:48.611,999,344629,4867,381354,4944,350140,4916,366794,4804,269540,4767,317560,4721,325570,4766,358933,4674,316708,4413,345189,4685,338501,5063,312349,5113,282468,5037,356504,5043,328344,4922,335839,4995,
2026-09-30,19:34:49.610,999,312209,4430,362915,4716,331668,4650,342513,4486,250894,4415,306865,4557,316811,4639,343833,4477,298133,4165,321046,4355,316283,4717,295666,4831,258673,4619,332173,4695,310716,4649,315392,4688,
2026-09-30,19:34:50.610,999,330624,4664,362753,4696,339779,4764,341127,4463,255697,4514,303187,4510,315661,4623,339552,4432,304134,4232,323546,4400,327262,4899,292259,4772,263215,4691,334606,4742,314168,4708,312023,4641,
2026-09-30,19:34:51.611,1000,354534,4988,377607,4865,359239,5036,369815,4837,282493,4917,328881,4890,333607,4894,373942,4920,334857,4668,346277,4693,347419,5199,317099,5125,287561,5060,369471,5237,336924,5045,341629,5123,
2026-09-30,19:34:52.611,999,344385,4864,371192,4820,339422,4765,350771,4597,273951,4856,322213,4806,323246,4753,359699,4691,329251,4596,326628,4432,324293,4844,297557,4858,274252,4859,357350,5064,322847,4839,336910,5020,
2026-09-30,19:34:53.610,999,325129,4592,361289,4683,326183,4566,325489,4257,249975,4428,307825,4562,322893,4719,331461,4314,313261,4376,305530,4147,318044,4762,284827,4655,246291,4383,329123,4651,307074,4585,307657,4576,
2026-09-30,19:34:54.610,999,312173,4416,340711,4418,331342,4639,339832,4433,248218,4411,299930,4447,308660,4503,330165,4296,304668,4251,312014,4237,309424,4627,293426,4813,252927,4533,328528,4649,293213,4375,306774,4557,
2026-09-30,19:34:55.611,1000,354861,5020,394430,5121,368423,5218,377256,4996,288606,5065,342807,5082,351518,5134,397390,5172,349774,4886,361917,4964,347651,5260,335767,5459,287875,5089,368129,5196,338258,5044,345851,5140,
2026-09-30,19:34:56.611,999,452359,6390,493045,6402,460130,6515,494488,6514,372746,6509,437083,6475,430891,6287,492415,6420,446823,6240,455388,6233,428946,6467,425700,6886,369415,6493,478883,6768,425368,6363,431686,6425,
2026-09-30,19:34:57.610,999,369280,5198,422737,5478,381690,5358,394542,5182,311443,5458,363910,5437,358275,5255,406005,5291,354354,4935,371292,5042,349331,5225,346706,5628,293254,5168,384802,5468,340174,5123,348174,5179,
2026-09-30,19:34:58.610,999,341378,4811,370089,4787,354183,4959,358985,4691,273410,4822,334128,4958,320518,4687,367722,4818,331009,4601,347072,4703,324367,4849,309679,5073,268015,4769,348282,4931,317200,4748,318599,4759,
2026-09-30,19:34:59.611,1000,335411,4750,357606,4641,330432,4618,340073,4449,267036,4721,308476,4573,318061,4651,347958,4563,316700,4407,318578,4321,306692,4592,298551,4873,265862,4735,336746,4759,316006,4732,306034,4585,
2026-09-30,19:35:00.611,999,358823,5056,387355,5008,364289,5153,382953,5071,301129,5256,351099,5202,360890,5260,392111,5117,364188,5063,375602,5142,353091,5336,334917,5411,289584,5096,371064,5240,343839,5137,344161,5110,
2026-09-30,19:35:01.611,999,307327,4346,332019,4316,299922,4197,330621,4337,260404,4616,305226,4533,309203,4499,341436,4447,304215,4243,334240,4521,305073,4564,281000,4600,250653,4482,321300,4541,297668,4448,296234,4407,
2026-09-30,19:35:02.610,999,538072,7565,587648,7576,536439,7520,570619,7475,449769,7626,497449,7627,504442,7617,570956,7423,529371,7354,555743,7551,523314,7825,506400,7993,455281,7800,546419,7917,508338,7841,517663,7672,
2026-09-30,19:35:03.610,999,373138,5273,389539,5056,354033,4972,386855,5069,310352,5442,344936,5120,366224,5353,396427,5159,363729,5093,391209,5304,348901,5228,350202,5699,294856,5203,389361,5508,369321,5530,353532,5255,
2026-09-30,19:35:04.611,1000,369794,5246,391142,5093,373472,5247,395603,5184,323734,5723,372455,5528,370973,5428,412561,5376,381356,5333,392017,5311,360302,5388,347236,5672,297333,5267,397243,5615,372963,5591,369731,5489,
2026-09-30,19:35:05.611,999,394463,5561,422628,5458,374908,5315,405257,5354,315718,5554,373619,5539,373696,5465,419742,5458,377252,5255,397885,5444,376824,5676,355267,5778,312181,5541,392196,5543,367011,5492,385298,5730,
2026-09-30,19:35:06.610,999,371462,5254,392423,5089,366252,5141,378973,4969,290657,5131,332226,4928,342708,5003,379780,4947,354109,4950,374448,5080,348108,5191,328590,5377,289897,5152,364545,5148,347306,5181,338706,5037,
2026-09-30,19:35:07.610,999,389306,5492,416579,5393,382125,5357,405387,5298,315252,5557,367151,5462,348517,5102,409089,5358,374446,5207,384684,5202,379798,5667,347145,5676,309491,5494,384292,5448,355937,5341,353690,5289,
2026-09-30,19:35:08.611,1000,357319,5044,403740,5219,370108,5223,385130,5048,298443,5244,348017,5180,344955,5055,389663,5078,354268,4930,373072,5066,368157,5523,334876,5431,285222,5018,374926,5316,346397,5201,340616,5084,
2026-09-30,19:35:09.611,999,329775,4646,345317,4466,322188,4515,347838,4535,264215,4660,299940,4462,312939,4573,352524,4601,312590,4356,336568,4555,325728,4858,296455,4840,258424,4610,324726,4598,300176,4505,307799,4609,
2026-09-30,19:35:10.610,999,324442,4551,344595,4450,314703,4411,332234,4341,256435,4551,292243,4344,311515,4551,350665,4565,299405,4178,314139,4264,305243,4553,285531,4686,254756,4557,319651,4527,306390,4586,305137,4554,
2026-09-30,19:35:11.610,999,331821,4666,361799,4692,341545,4794,346153,4539,274674,4869,317033,4695,319139,4659,356895,4667,311625,4341,333453,4524,338258,5038,311838,5106,257984,4597,339707,4800,321291,4807,318325,4762,
2026-09-30,19:35:12.611,1000,339650,4766,358761,4625,345153,4847,359176,4701,282351,4981,320125,4779,327011,4812,374849,4896,320194,4463,342131,4639,341343,5075,324749,5300,272622,4815,343203,4872,331941,5000,333074,4961,
2026-09-30,19:35:13.611,999,337928,4750,377333,4854,352752,4948,365943,4777,282099,4980,320610,4767,331330,4843,366884,4798,310132,4321,344410,4664,327457,4874,307269,5031,262934,4678,339287,4808,328223,4928,326452,4873,
2026-09-30,19:35:14.611,999,372753,5253,415542,5365,392221,5500,402930,5268,309540,5435,355347,5279,371168,5437,412813,5384,355576,4960,372467,5047,348108,5197,346635,5692,292997,5191,365535,5173,355168,5333,359841,5354,
2026-09-30,19:35:15.610,999,408226,5737,450011,5801,421125,5999,436552,5803,356578,6175,389086,5769,412691,6020,449873,5850,406999,5674,409156,5635,379219,5762,380447,6178,332777,5825,425701,6011,389864,5815,386977,5738,
2026-09-30,19:35:16.611,1000,370493,5261,389913,5061,388558,5459,395987,5174,304859,5370,363427,5406,358698,5257,402529,5250,364477,5117,386244,5240,358571,5364,338514,5532,291555,5172,381952,5398,353287,5294,342304,5096,
2026-09-30,19:35:17.611,999,364966,5138,395709,5129,379583,5321,398493,5208,305248,5358,359493,5350,365315,5360,396402,5182,365716,5085,375410,5081,366693,5457,335601,5472,295148,5218,376748,5355,345289,5189,347212,5198,
2026-09-30,19:35:18.611,999,312308,4404,343959,4442,322567,4522,341852,4462,259901,4589,318953,4721,310158,4527,337739,4400,315981,4400,322520,4368,316172,4716,300044,4931,251214,4491,321910,4563,305928,4585,294419,4391,
2026-09-30,19:35:19.610,999,361916,5106,403000,5207,373712,5237,382447,4999,308414,5374,352629,5260,366219,5372,395406,5188,367095,5105,377839,5110,367437,5468,340396,5518,296722,5216,375850,5339,349111,5235,346520,5201,
2026-09-30,19:35:20.611,1000,313818,4432,349191,4528,342695,4808,340160,4460,269243,4737,324852,4837,328699,4805,354723,4626,329616,4596,326310,4422,326088,4868,298479,4888,249134,4409,340571,4828,312709,4696,312899,4666,
2026-09-30,19:35:21.611,999,321294,4525,369551,4785,339045,4741,342540,4479,266392,4698,328652,4884,319141,4654,349568,4578,310646,4334,315612,4273,315350,4697,290988,4764,265906,4730,333226,4709,316886,4743,308110,4602,
2026-09-30,19:35:22.611,999,335357,4720,377607,4882,348662,4888,368397,4822,278442,4896,315814,4711,334177,4899,372865,4867,318242,4428,334801,4540,325142,4852,295970,4812,272388,4835,358254,5080,323731,4863,314343,4698,
2026-09-30,19:35:23.610,999,333087,4690,370973,4807,350213,4905,358949,4681,270053,4770,327685,4851,325413,4745,364111,4762,330131,4593,341926,4626,336151,5012,315576,5186,272127,4836,361906,5112,310775,4649,313891,4693,
2026-09-30,19:35:24.611,1000,353175,4972,395843,5118,365167,5116,387693,5065,294753,5223,354532,5262,347491,5080,380039,4959,344194,4784,364344,4940,338762,5068,324808,5347,283083,5050,363411,5148,328333,4922,336419,5026,
2026-09-30,19:35:25.611,999,382487,5386,427759,5535,380014,5389,413496,5487,324925,5626,371766,5523,383703,5609,426187,5578,390127,5419,396993,5429,373929,5645,369290,5952,305767,5345,393487,5567,364096,5461,373083,5562,
2026-09-30,19:35:26.611,999,337327,4746,353800,4583,325069,4576,334387,4392,260460,4595,312286,4631,318479,4655,346636,4519,315836,4385,336746,4576,317899,4746,300520,4912,267816,4754,346066,4904,313213,4690,308076,4594,
2026-09-30,19:35:27.610,999,335648,4747,368314,4788,342224,4791,349216,4569,269058,4702,332932,4960,323967,4763,364890,4771,330581,4629,351812,4760,329451,4899,303135,4923,274823,4851,349129,4946,326685,4899,316742,4730,
2026-09-30,19:35:28.611,1000,330646,4680,355612,4620,322036,4516,346537,4532,271933,4781,314542,4683,314486,4606,361850,4711,321639,4509,342313,4643,318738,4757,294845,4797,262852,4659,333072,4717,318876,4782,323149,4817,
2026-09-30,19:35:29.611,999,324415,4599,344977,4484,324358,4544,337669,4427,257044,4524,319045,4748,312415,4567,347721,4527,306620,4302,337539,4577,324950,4850,297132,4858,256409,4556,336023,4748,313426,4685,311017,4633,
2026-09-30,19:35:30.611,999,373819,5267,386161,4986,361624,5122,380066,5017,286415,4933,351421,5224,343886,5039,389598,5073,350020,4876,368738,5037,355178,5356,336678,5448,288937,5050,373335,5272,351479,5265,343219,5100,
2026-09-30,19:35:31.611,999,348370,4953,366932,4784,343152,4816,350940,4602,274134,4827,328094,4876,329602,4810,370135,4816,331895,4668,368982,5008,337694,5037,321012,5245,265567,4707,350067,4944,326527,4879,340611,5054,
2026-09-30,19:35:32.611,1000,399341,5633,421320,5451,393157,5504,418662,5467,318807,5614,381345,5698,367342,5401,439372,5721,368115,5163,406674,5510,376804,5622,353369,5771,317360,5654,400938,5694,362280,5453,386350,5739,
2026-09-30,19:35:33.611,999,361962,5156,375397,4906,372649,5226,386067,5051,293555,5180,359288,5325,360077,5263,405440,5275,357577,5033,374423,5076,371797,5547,337041,5522,290154,5165,377338,5332,360513,5377,361260,5376,
2026-09-30,19:35:34.611,999,331994,4673,338490,4385,337808,4742,341460,4473,257604,4559,317165,4709,322536,4724,344754,4486,321141,4472,343161,4665,327670,4892,304564,5016,263462,4709,336933,4763,316921,4730,319442,4756,
2026-09-30,19:35:35.611,1000,339732,4788,365850,4737,345357,4895,356860,4741,286580,5010,344376,5106,349245,5098,369984,4830,336277,4675,361154,4944,335700,5055,316505,5144,287013,5067,355788,5022,334289,4988,338585,5048,
2026-09-30,19:35:36.612,1000,354581,5044,415576,5397,384582,5415,396913,5215,312714,5437,373493,5561,388947,5704,416977,5436,374171,5267,410261,5565,376295,5625,360186,5810,314237,5502,399348,5655,373451,5592,371604,5536,
2026-09-30,19:35:37.612,999,332037,4711,365085,4747,342369,4800,369891,4839,280186,4917,335570,5006,351351,5153,376521,4901,330464,4642,371938,5039,353453,5273,314652,5119,271372,4805,363092,5134,321829,4836,334848,4985,
2026-09-30,19:35:38.612,999,331466,4678,369587,4793,336263,4731,363169,4765,268262,4730,325819,4838,334869,4903,371055,4827,338075,4727,356279,4838,331580,4963,314095,5126,270637,4802,361710,5113,311883,4664,318799,4746,
2026-09-30,19:35:39.612,1000,320851,4545,350940,4560,324669,4554,339489,4439,251498,4431,316203,4690,312686,4569,338383,4397,313561,4383,325065,4403,322715,4814,290707,4764,258498,4589,336517,4752,295987,4421,307746,4586,
2026-09-30,19:35:40.612,999,329530,4676,358234,4655,335483,4707,351556,4609,268361,4719,327784,4866,313958,4596,356423,4630,322798,4524,336970,4581,331973,4960,304809,4985,265498,4695,344945,4886,321548,4809,322305,4790,
2026-09-30,19:35:41.612,999,336668,4744,360954,4670,338846,4766,356708,4666,271993,4780,325817,4834,320108,4676,344064,4474,328157,4589,344852,4674,341288,5103,313493,5123,272075,4838,339250,4797,310417,4638,334727,4975,
2026-09-30,19:35:42.612,1000,365213,5167,397717,5168,366825,5137,402273,5252,300179,5281,348725,5207,352267,5179,370715,4826,359914,5041,384209,5197,372476,5544,341002,5576,302663,5378,382711,5419,345292,5180,347840,5175,
2026-09-30,19:35:43.612,999,336925,4742,354630,4593,324148,4536,365155,4770,265093,4708,309926,4600,319489,4662,340007,4423,318642,4442,338864,4600,325333,4854,302584,4970,265495,4756,334619,4728,306855,4592,307932,4584,
2026-09-30,19:35:44.612,999,352400,4977,350572,4558,346499,4862,356109,4659,276499,4889,325287,4827,334251,4889,374466,4876,327173,4595,341856,4644,349556,5206,314114,5141,283914,5049,351650,4968,319773,4775,306594,4557,
2026-09-30,19:35:45.612,999,366786,5157,385468,4985,356569,5110,378443,5071,299599,5158,343911,5088,356329,5205,400024,5204,347402,4849,369825,5105,346375,5279,330074,5332,286521,5003,389503,5485,329587,4912,331962,4933,
2026-09-30,19:35:46.613,1000,331816,4676,347976,4504,320658,4502,338348,4441,263233,4662,314069,4652,319889,4675,348507,4535,318973,4451,335275,4555,317399,4758,297495,4895,253398,4502,336765,4766,299025,4482,306895,4570,
2026-09-30,19:35:47.612,999,376459,5353,391731,5105,366288,5152,386526,5073,304110,5265,355094,5292,359470,5273,420559,5473,376277,5306,385348,5221,363800,5427,349071,5641,301830,5266,380984,5404,335750,5039,355333,5277,
2026-09-30,19:35:48.612,999,337997,4788,357205,4642,335584,4700,368588,4825,266065,4708,308082,4582,324575,4759,376899,4910,347099,4848,358183,4859,337956,5051,314910,5154,265155,4709,350238,4964,308293,4615,321543,4788,
2026-09-30,19:35:49.612,999,302697,4284,344176,4461,319697,4476,332742,4347,260427,4637,299913,4451,296213,4333,345652,4493,310403,4340,326987,4431,318909,4766,291773,4804,239989,4279,303149,4294,279131,4182,300224,4472,
2026-09-30,19:35:50.613,1000,324668,4599,364973,4751,336981,4729,358243,4689,277123,4917,325220,4814,330845,4827,370542,4818,328806,4598,344026,4658,333459,4967,302578,4960,263702,4673,332911,4719,316465,4728,318419,4743,
2026-09-30,19:35:51.612,999,332906,4698,351400,4555,344514,4826,351730,4594,274006,4887,334346,4962,321551,4698,367079,4773,333612,4651,340225,4607,330501,4937,299559,4947,256112,4581,316865,4493,298961,4470,323248,4809,
2026-09-30,19:35:52.612,999,370983,5247,395370,5132,378059,5293,393870,5139,304016,5374,353926,5271,342526,5033,400948,5217,373520,5229,369195,4998,358938,5365,344232,5631,293298,5199,364836,5182,345718,5188,361209,5372,
2026-09-30,19:35:53.612,999,376239,5321,404678,5237,366855,5156,388952,5098,303651,5313,356743,5309,359952,5268,418804,5448,371520,5191,386781,5246,365192,5450,357034,5788,299871,5292,379720,5380,359375,5393,362455,5400,
2026-09-30,19:35:54.613,1000,327719,4641,358254,4648,345988,4858,363424,4758,277504,4903,343461,5094,337271,4923,377719,4913,345040,4826,343865,4673,344410,5147,309889,5068,275890,4902,353295,4997,323439,4848,332718,4946,
2026-09-30,19:35:55.612,999,618693,8652,686967,8802,615140,8642,672891,8821,528661,8768,567419,8809,568198,8643,672091,8789,604648,8389,639756,8638,590720,8786,564094,8769,522325,8833,601585,8767,569120,8911,592559,8798,
2026-09-30,19:35:56.612,999,527439,7430,572762,7408,525467,7411,552607,7286,426335,7230,481620,7295,478700,7114,555842,7304,508683,7094,535304,7296,504235,7568,480310,7658,427175,7373,526256,7530,487474,7435,488350,7295,
2026-09-30,19:35:57.612,999,333883,4723,392088,5077,348003,4888,369698,4854,274995,4828,334264,4979,328359,4812,378818,4946,340344,4755,356166,4842,351065,5228,322667,5286,278252,4939,360757,5096,323603,4860,337667,5031,
2026-09-30,19:35:58.613,1000,368589,5232,409858,5322,378134,5318,402619,5287,301603,5248,356437,5301,351133,5135,405235,5283,366437,5147,389817,5283,369455,5510,348755,5650,308304,5420,392980,5543,353610,5292,360838,5376,
2026-09-30,19:35:59.612,999,342756,4846,364675,4718,355527,4973,360969,4720,273027,4865,325431,4833,322204,4706,366822,4773,335278,4677,350425,4752,326861,4871,310465,5121,281851,5046,348051,4916,320738,4797,316765,4720,
2026-09-30,19:36:00.612,999,420710,5888,439639,5670,428385,6050,438203,5778,330935,5770,396465,5871,390176,5688,434209,5674,394227,5476,424200,5795,383544,5793,365036,5931,345563,6086,420950,5921,385800,5749,382996,5719,
2026-09-30,19:36:01.612,999,346330,4878,374771,4847,355004,4965,380586,4981,278697,4921,344950,5101,334882,4876,367855,4822,336578,4691,362628,4907,335164,5014,305321,5020,280258,5000,364388,5138,328189,4896,319785,4804,
2026-09-30,19:36:02.613,1000,355552,4998,391809,5059,354357,4966,376923,4943,288955,5094,338007,5030,341391,5004,387200,5057,353047,4909,351387,4760,343112,5123,319048,5225,298670,5290,371756,5266,341139,5124,331206,4952,
2026-09-30,19:36:03.612,999,314998,4439,361375,4670,328302,4602,350108,4582,264371,4678,321382,4760,314852,4592,351332,4596,323218,4496,325373,4406,315304,4714,295014,4834,260944,4631,337809,4770,304129,4549,311450,4657,
2026-09-30,19:36:04.612,999,356927,5026,398796,5161,359742,5044,378277,4961,301435,5281,350575,5188,346041,5058,382670,5013,355113,4949,362040,4909,348158,5216,334339,5431,277920,4896,362407,5128,326121,4871,342848,5127,
2026-09-30,19:36:05.613,1000,375974,5301,385466,5003,371737,5273,396627,5267,293445,5139,352189,5212,349024,5091,401731,5254,360083,5017,377250,5159,361093,5459,339824,5522,286532,5021,379528,5349,342347,5114,358688,5352,
2026-09-30,19:36:06.613,999,478490,6720,520749,6725,469599,6748,508324,6813,395977,6755,455876,6731,460715,6706,505007,6649,471577,6544,466720,6454,443687,6758,434223,6926,393698,6773,482730,6798,450084,6717,451639,6781,
2026-09-30,19:36:07.612,999,542684,7730,582517,7608,527954,7498,569685,7524,445601,7610,505193,7508,515934,7549,572362,7507,521012,7361,541266,7396,511371,7715,498288,7913,450849,7779,543778,7693,512875,7700,518530,7766,
2026-09-30,19:36:08.612,999,428327,6015,455198,5879,410520,5777,437291,5746,341896,6000,397807,5888,400315,5834,450004,5897,399836,5572,412277,5605,389264,5826,380380,6202,324070,5724,410142,5778,379625,5664,390508,5859,
2026-09-30,19:36:09.613,1000,364292,5132,411535,5312,379055,5315,407213,5320,306589,5382,356291,5295,371199,5430,399759,5225,359321,4990,371963,5031,357515,5339,339413,5540,304085,5371,370376,5238,336430,5049,365666,5459,
2026-09-30,19:36:10.613,999,317489,4484,366574,4747,350611,4913,361974,4741,273545,4814,314823,4659,329862,4810,362128,4741,313526,4364,336849,4572,321413,4815,308865,5069,276668,4917,347412,4908,307568,4598,323733,4855,
2026-09-30,19:36:11.612,999,325805,4601,354009,4588,325174,4558,351183,4598,256570,4521,307037,4550,306476,4470,351069,4602,305224,4251,321249,4350,304066,4544,303673,4987,266998,4750,326741,4608,296143,4425,309121,4646,
2026-09-30,19:36:12.612,999,390289,5503,416556,5390,404191,5674,438831,5736,324006,5666,368022,5485,376734,5528,421588,5525,371020,5172,393739,5350,373156,5577,367266,5960,320094,5650,396480,5622,363229,5449,377969,5662,
2026-09-30,19:36:13.613,1000,347866,4906,365311,4734,355513,4989,372187,4859,267430,4738,315715,4679,321918,4691,353085,4602,325219,4542,340762,4630,334902,5005,309640,5071,268500,4778,367549,5180,317806,4740,321477,4800,
2026-09-30,19:36:14.613,999,311295,4387,345153,4469,322349,4518,332901,4356,254957,4522,294732,4371,297096,4340,324294,4232,298192,4147,303663,4119,306863,4589,288755,4745,259603,4603,335854,4743,290417,4338,302595,4505,
2026-09-30,19:36:15.612,999,450283,6314,507371,6528,460518,6573,480622,6422,375363,6438,429875,6357,431592,6292,469518,6158,442075,6137,446829,6151,412631,6257,408479,6537,372810,6463,452168,6360,419175,6230,428452,6402,
2026-09-30,19:36:16.612,999,409899,5766,458931,5919,412085,5776,440911,5763,327230,5729,390005,5763,382717,5580,429331,5663,399029,5546,409062,5542,383172,5733,360256,5839,334628,5893,416494,5862,388563,5782,393232,5937,
2026-09-30,19:36:17.613,1000,373374,5244,409348,5290,379138,5320,406464,5308,310571,5472,355212,5285,369530,5403,409268,5354,369486,5136,379201,5147,353523,5303,327337,5338,316456,5602,387240,5479,363841,5437,363876,5444,
2026-09-30,19:36:18.613,999,358762,5055,401909,5204,364417,5112,394151,5155,289727,5097,350115,5193,355658,5196,387340,5082,366390,5111,362976,4909,333022,4989,318388,5181,292661,5183,370764,5235,343569,5124,351650,5273,
2026-09-30,19:36:19.612,999,349681,4932,377382,4878,348987,4902,363411,4759,272900,4806,330931,4910,338210,4940,377298,4956,340388,4737,339106,4602,330310,4945,313864,5106,277085,4909,351280,4952,328876,4910,326311,4912,
2026-09-30,19:36:20.612,999,383831,5411,414989,5371,381207,5353,409445,5370,299733,5226,379812,5638,372291,5436,408731,5348,382036,5318,395138,5364,363729,5459,349536,5679,308921,5446,389481,5501,357878,5351,376939,5644,
2026-09-30,19:36:21.613,1000,349020,4901,370746,4793,343120,4812,365720,4790,267167,4716,333144,4920,327713,4775,368424,4814,339970,4708,360127,4875,319870,4795,310919,5117,270536,4845,357012,5031,324237,4824,330166,4944,
2026-09-30,19:36:22.613,999,359480,5061,386812,5014,363105,5101,379939,4973,279771,4898,338294,5035,339729,4990,391094,5116,358872,4994,371141,5038,338677,5069,322641,5249,287305,5097,372212,5282,342690,5146,352312,5283,
2026-09-30,19:36:23.613,999,337487,4744,370937,4792,348685,4895,351013,4599,278386,4857,323483,4792,324834,4735,366781,4838,348010,4825,349101,4726,331265,4961,310445,5032,275954,4864,352759,4981,332078,4957,331957,5027,
2026-09-30,19:36:24.612,999,341991,4820,388090,5020,340387,4769,362448,4747,274981,4862,332764,4921,329713,4809,376158,4922,335672,4659,345413,4670,323083,4829,309030,5039,274050,4864,361583,5111,326703,4874,336516,5051,
2026-09-30,19:36:25.613,1000,396524,5589,441321,5710,380145,5397,406495,5367,311675,5465,377445,5584,373714,5445,421026,5507,391434,5433,399248,5467,376274,5661,354783,5762,319885,5660,401477,5650,371738,5532,366439,5477,
2026-09-30,19:36:26.613,999,360591,5077,400868,5174,356079,5007,390184,5117,279452,4897,345916,5125,343119,5004,386394,5040,347725,4842,366955,4987,333155,4973,324972,5298,287237,5067,373768,5274,341848,5099,343972,5132,
2026-09-30,19:36:27.613,999,347964,4930,388759,5045,355224,4990,376635,4938,286854,4993,336141,4999,338862,4965,384490,5030,353880,4946,373511,5052,341243,5077,328779,5322,295365,5222,365306,5178,329408,4945,334809,5005,
2026-09-30,19:36:28.612,999,333694,4706,361517,4680,341779,4802,359240,4706,267365,4720,315371,4679,321139,4691,369899,4819,344830,4807,349889,4745,320277,4794,307026,5015,279870,4982,344389,4860,325607,4873,327528,4884,
2026-09-30,19:36:29.613,1000,307946,4380,340142,4418,318744,4462,334748,4381,246698,4353,292712,4334,296426,4322,334303,4358,297094,4171,328966,4460,296955,4439,277612,4557,259177,4614,316874,4475,301270,4495,305184,4552,
2026-09-30,19:36:30.613,999,342727,4828,378753,4904,346511,4913,366650,4857,271038,4681,314342,4640,321996,4692,363223,4749,334969,4668,342167,4680,322583,4882,322952,5221,280803,4918,345354,4865,324991,4838,338060,5056,
2026-09-30,19:36:31.613,999,337717,4774,362641,4707,338021,4746,343037,4488,258884,4531,308195,4560,317807,4639,366200,4798,328739,4580,333209,4514,326615,4864,324581,5273,262787,4632,339903,4788,307561,4600,326633,4894,
2026-09-30,19:36:32.613,999,342251,4848,386212,5023,357814,5016,375094,4922,287194,5031,331591,4926,348020,5103,391833,5112,359293,5019,373954,5073,345336,5149,339322,5500,293735,5172,370106,5240,339304,5092,359842,5370,
2026-09-30,19:36:33.612,999,337406,4740,367177,4739,341561,4783,364512,4767,269144,4808,329955,4885,328633,4790,377028,4904,343789,4785,355038,4817,326984,4891,317174,5215,274398,4909,356704,5034,328323,4903,332395,4956,
2026-09-30,19:36:34.613,1000,360324,5090,381348,4937,358576,5019,371517,4854,283710,5027,342161,5069,345666,5051,396799,5165,344409,4814,370737,5022,341046,5095,325175,5357,282979,5038,361779,5103,340263,5082,336596,5028,
2026-09-30,19:36:35.613,999,352078,4949,368529,4759,346546,4906,364332,4841,275707,4818,329072,4862,338618,4936,384611,5029,333099,4614,363238,4969,328631,4967,313799,5139,284080,5039,359290,5060,317538,4737,333446,4997,
2026-09-30,19:36:36.613,999,337078,4764,358100,4646,333229,4671,349816,4582,262752,4662,318586,4710,319190,4655,361587,4725,326409,4548,336439,4558,313203,4690,295718,4857,269408,4774,334249,4719,310683,4648,318359,4771,
2026-09-30,19:36:37.612,999,348574,4914,383776,4966,359241,5054,369073,4844,290463,5046,350260,5204,352153,5154,384887,5060,352414,4903,353648,4790,333677,4988,313320,5062,285099,4971,356048,5033,335543,5015,334612,5021,
2026-09-30,19:36:38.613,1000,345509,4861,377513,4885,358872,5038,353119,4633,281654,4957,334651,5006,334974,4931,365527,4773,328518,4562,339160,4614,324738,4867,310180,5048,276343,4855,349813,4972,326223,4917,343989,5128,
2026-09-30,19:36:39.613,999,334732,4712,363715,4704,337812,4730,348303,4559,272446,4817,317797,4690,332580,4846,349745,4594,318996,4440,338971,4587,314483,4702,304635,4990,264731,4705,330811,4664,315672,4702,332256,4991,
2026-09-30,19:36:40.613,999,302473,4260,330750,4283,313001,4390,316211,4137,242989,4301,291671,4326,297184,4344,334323,4360,292177,4063,311245,4211,310065,4647,285551,4689,246459,4406,292477,4136,291745,4366,303438,4536,
2026-09-30,19:36:41.612,999,316451,4453,346742,4466,331086,4639,327429,4291,243355,4306,316859,4688,311003,4531,361780,4727,311050,4326,324016,4394,304844,4576,289088,4756,256116,4569,316673,4467,306449,4573,317866,4763,
2026-09-30,19:36:42.613,1000,331480,4666,365561,4718,330392,4623,355603,4637,260783,4619,321837,4784,340063,4974,370528,4826,310917,4324,334450,4541,324935,4855,296127,4876,261734,4672,316425,4493,311233,4674,317333,4733,
2026-09-30,19:36:43.613,999,373283,5237,421106,5438,389356,5453,409975,5352,304053,5347,363751,5383,373997,5461,404910,5311,355302,4943,371251,5022,359557,5360,335676,5467,293448,5189,374432,5290,371384,5549,354067,5312,
2026-09-30,19:36:44.613,999,341217,4795,375045,4843,345204,4842,362490,4739,268140,4727,322460,4797,336022,4907,365802,4783,330626,4596,347942,4717,338358,5055,311178,5095,264086,4704,335819,4761,320455,4794,321238,4805,
2026-09-30,19:36:45.613,999,364020,5100,400722,5161,351447,5033,376539,5049,300611,5188,354008,5237,354258,5174,409755,5347,359025,4977,367399,5073,349951,5322,341972,5495,299930,5235,357587,5037,353715,5275,345762,5149,
2026-09-30,19:36:46.613,1000,328507,4634,359443,4644,339889,4771,341805,4497,259972,4599,326364,4836,321841,4695,354690,4616,320311,4462,344523,4684,313397,4693,304548,4960,273157,4859,338430,4792,317629,4751,324964,4842,
2026-09-30,19:36:47.613,999,336522,4722,357422,4618,341535,4788,351355,4596,270003,4751,330579,4925,315647,4649,365837,4781,334025,4630,357024,4832,325392,4845,306556,5001,270838,4818,331550,4701,311736,4690,316199,4728,
2026-09-30,19:36:48.613,999,366176,5175,400566,5187,386185,5420,402774,5277,310009,5413,367498,5444,371391,5439,406078,5327,384862,5351,393166,5333,369946,5526,350027,5680,304766,5379,383278,5426,350770,5247,365550,5475,
2026-09-30,19:36:49.613,999,332553,4692,359925,4654,344711,4836,363861,4757,265569,4677,330199,4891,344067,5026,373623,4897,337029,4680,356846,4829,332134,4957,310643,5092,273235,4852,351375,4967,326423,4878,337771,5060,
2026-09-30,19:36:50.613,1000,340552,4791,358673,4629,341840,4793,366148,4789,267914,4780,328839,4870,325836,4763,377600,4921,333400,4629,339490,4600,323810,4853,301561,4973,277610,4974,342524,4847,321863,4807,339264,5055,
2026-09-30,19:36:51.613,999,344397,4834,376947,4863,361625,5063,372551,4869,279992,4985,331432,4895,327024,4773,380388,4987,343634,4762,363028,4920,345115,5137,314442,5178,276851,4939,340352,4819,317065,4740,340437,5100,
2026-09-30,19:36:52.613,999,352971,4984,392599,5077,356572,4996,383771,5020,282826,5009,338726,5056,347175,5109,402586,5254,350586,4895,366805,4969,335457,5003,326894,5349,282484,5025,351834,4997,328744,4940,341863,5088,
2026-09-30,19:36:53.613,999,294921,4176,336526,4348,309885,4343,329363,4304,232694,4128,285459,4231,303346,4442,330161,4297,294672,4122,310955,4213,289548,4325,275237,4535,242974,4351,320530,4530,281934,4217,291075,4326,
2026-09-30,19:36:54.613,999,333533,4733,377420,4897,346949,4865,365251,4790,277707,4841,335486,4985,334535,4906,378209,4927,335674,4713,356239,4823,327611,4891,316801,5139,277069,4872,367960,5202,335205,5014,343995,5112,
2026-09-30,19:36:55.613,1000,340918,4830,374539,4862,351474,4972,362977,4807,286718,4990,349568,5183,347380,5077,379865,4949,345651,4871,345972,4736,333933,5035,325803,5286,287931,5069,364746,5146,329543,4915,344805,5120,
2026-09-30,19:36:56.613,999,348702,4949,375674,4892,354146,4976,359530,4714,285524,5050,339174,5029,348583,5093,367924,4795,351570,4949,366250,4978,341703,5113,326432,5348,288250,5117,370054,5225,333852,4991,337568,5024,
2026-09-30,19:36:57.613,999,307387,4335,341174,4419,317583,4455,330650,4326,264749,4682,312621,4651,308674,4532,342280,4461,318778,4449,326572,4433,308572,4626,301889,4973,240777,4285,330778,4685,284438,4278,298040,4431,
2026-09-30,19:36:58.613,999,344660,4878,361658,4700,351091,4915,359341,4688,285811,5068,335528,4977,343877,5031,382132,4968,345037,4842,357715,4863,337664,5059,324596,5333,272726,4863,359045,5075,324291,4848,324308,4824,
2026-09-30,19:36:59.613,1000,346643,4878,385235,4974,356441,4993,356741,4657,296570,5234,347494,5160,372060,5431,398162,5207,367265,5124,374383,5075,356071,5321,338810,5542,279346,4950,365287,5162,343662,5132,343806,5130,
2026-09-30,19:37:00.613,999,398620,5596,431776,5558,393796,5567,404846,5332,324799,5718,398280,5896,389396,5698,441108,5766,397360,5513,416535,5679,383494,5786,363065,5937,307640,5437,410892,5799,370891,5529,367085,5477,
2026-09-30,19:37:01.613,999,319550,4507,343205,4443,327758,4587,332945,4349,269313,4777,327555,4847,319520,4673,373760,4874,326985,4549,325593,4413,328176,4919,308554,5059,264250,4728,343430,4858,305743,4573,307378,4581,
2026-09-30,19:37:02.613,999,311566,4389,332558,4308,315223,4403,326885,4264,259095,4592,312236,4656,323602,4755,368356,4786,324533,4517,320221,4338,317258,4733,295735,4878,255162,4556,314952,4473,303730,4570,293204,4354,
2026-09-30,19:37:03.614,1000,292460,4158,322504,4190,310780,4343,317671,4163,255221,4521,305795,4533,322452,4711,345844,4511,305685,4282,320283,4339,307232,4588,286029,4694,244207,4334,311384,4411,296937,4447,288852,4302,
2026-09-30,19:37:04.613,999,336775,4779,373324,4855,346095,4849,364194,4771,277040,4881,347507,5155,352810,5165,390113,5077,347147,4871,360818,4887,339316,5065,327709,5349,278993,4940,369178,5225,331783,4960,333051,4962,
2026-09-30,19:37:05.613,999,388285,5474,434487,5632,404201,5713,414252,5470,321043,5615,391489,5802,399327,5825,441099,5762,398156,5567,401855,5482,373862,5621,366987,5950,324387,5719,416316,5877,380302,5672,388990,5789,
2026-09-30,19:37:06.613,999,320054,4540,356386,4635,335871,4714,351508,4606,263083,4630,328937,4876,327811,4787,367093,4787,332372,4675,351976,4782,329125,4926,312901,5103,273143,4851,349716,4950,310220,4628,322278,4796,
2026-09-30,19:37:07.613,1000,330348,4674,356713,4629,347394,4864,369121,4831,266688,4719,341304,5087,323800,4755,359307,4685,332606,4662,364190,4930,344003,5137,316009,5164,276815,4928,349580,4966,320312,4795,334643,4973,
2026-09-30,19:37:08.613,999,357438,5054,387946,5020,368683,5165,387832,5087,293633,5203,353070,5239,357162,5225,393521,5122,356723,4984,379798,5150,359129,5390,339207,5569,292530,5220,388909,5511,350982,5254,357203,5317,
2026-09-30,19:37:09.613,999,333553,4700,344866,4466,338541,4730,353006,4617,266967,4736,343779,5087,328959,4806,379640,4947,332727,4636,359773,4872,330817,4955,314449,5198,263575,4725,349526,4944,328654,4907,323691,4818,
2026-09-30,19:37:10.613,999,355615,5030,378308,4906,380399,5331,382489,5012,303974,5298,351689,5233,352009,5158,403157,5269,367340,5153,389917,5269,364037,5432,341126,5549,291389,5124,375763,5339,342545,5142,344807,5140,
2026-09-30,19:37:11.614,1000,329220,4628,358144,4628,338842,4746,356020,4646,262373,4666,312581,4624,306483,4482,361058,4708,320223,4446,329005,4468,326076,4887,292986,4815,261342,4664,338805,4799,300964,4514,320748,4792,
2026-09-30,19:37:12.613,999,332942,4685,367460,4759,350058,4908,356948,4662,276585,4880,327303,4885,320706,4717,383721,5002,338873,4706,336347,4568,338294,5077,307731,5033,271249,4813,347451,4940,315008,4742,332564,4955,
2026-09-30,19:37:13.613,999,329819,4639,361011,4664,325132,4559,357264,4675,262099,4646,330691,4894,327503,4791,375644,4916,335500,4659,341016,4625,332139,4967,305308,5005,266165,4737,340347,4814,312026,4667,317445,4751,
2026-09-30,19:37:14.613,999,312523,4404,340297,4392,313224,4380,339352,4429,257870,4559,317714,4720,311262,4556,371973,4855,319971,4446,324482,4402,315713,4719,301607,4962,259175,4625,335801,4736,299632,4494,308407,4593,
2026-09-30,19:37:15.614,1000,433755,6070,455481,5868,416231,5955,446876,5947,340210,5838,402125,5957,421387,6160,472356,6191,439642,6098,441189,6054,403485,6119,398017,6411,341353,5952,436885,6167,408290,6087,413971,6189,
2026-09-30,19:37:16.614,999,390231,5496,403012,5213,375067,5268,397085,5198,305601,5369,370021,5491,368012,5392,413467,5391,382103,5324,397003,5378,373970,5569,356117,5810,305111,5386,396180,5616,355205,5325,364540,5432,
2026-09-30,19:37:17.613,999,361590,5114,379496,4917,369706,5182,388493,5080,296981,5245,346637,5152,357885,5247,395845,5152,354590,4977,365024,4953,344385,5128,335818,5505,281276,4986,359953,5121,336261,5045,349286,5193,
2026-09-30,19:37:18.613,999,323666,4555,349204,4515,345232,4850,353175,4613,260267,4621,308204,4573,318249,4652,370163,4819,328556,4583,336768,4558,319037,4762,293537,4845,269692,4809,328544,4659,316424,4730,317988,4732,
2026-09-30,19:37:19.613,999,346276,4917,359385,4691,366528,5140,363783,4762,275175,4851,327494,4862,333745,4888,383661,4987,340052,4806,365947,4942,343436,5120,319858,5229,293060,5190,354476,5009,332487,4977,339574,5047,
2026-09-30,19:37:20.614,1000,342302,4855,369766,4811,361360,5065,372230,4869,295848,5223,344720,5113,340713,4986,396441,5166,357561,5024,380818,5159,348120,5193,319757,5208,288070,5101,362370,5124,333613,4988,342190,5088,
2026-09-30,19:37:21.613,999,327957,4637,367558,4761,348325,4884,359372,4693,282141,4948,311174,4635,341304,5010,375443,4892,336044,4714,346944,4706,336399,5009,309974,5015,281339,4969,352732,5007,315485,4731,314861,4679,
2026-09-30,19:37:22.613,999,332048,4676,371172,4793,360364,5041,351934,4598,273748,4853,306974,4578,338327,4983,370385,4813,327002,4561,337432,4578,334701,4986,313506,5131,270063,4809,352629,5006,314144,4732,322114,4790,
2026-09-30,19:37:23.613,999,330303,4681,365556,4752,348701,4886,354320,4637,270098,4771,313870,4655,319726,4677,357282,4658,320884,4509,334388,4537,322684,4826,316313,5172,265457,4695,344859,4881,301654,4509,314392,4677,
2026-09-30,19:37:24.614,1000,300804,4250,342580,4440,324777,4559,338169,4441,254070,4493,295727,4396,307580,4508,345453,4503,307415,4303,317883,4302,300523,4487,282290,4600,261693,4633,324019,4583,295753,4431,308024,4578,
2026-09-30,19:37:25.613,999,366237,5166,392396,5087,366216,5191,389839,5181,300160,5268,344182,5098,350576,5133,400123,5208,362404,5058,369893,5056,362018,5461,324463,5263,281573,4959,371210,5246,345261,5159,345122,5129,
2026-09-30,19:37:26.613,999,342685,4839,366338,4750,356567,4985,368875,4835,283289,5012,338792,5023,341269,4978,376039,4894,344073,4819,366611,4971,345923,5166,327814,5355,283280,5034,363934,5132,331169,4951,335994,5002,
2026-09-30,19:37:27.613,999,373046,5261,398146,5171,381604,5351,382601,5021,312147,5468,350783,5239,362172,5337,393576,5124,355304,4964,379605,5141,369620,5511,350293,5696,305618,5390,384942,5475,343956,5194,362736,5381,
2026-09-30,19:37:28.614,1000,356198,5020,370775,4817,356615,5000,380480,4978,280206,4970,340322,5050,340500,4986,376920,4915,339495,4738,359619,4861,340204,5082,321060,5266,293198,5236,354628,5025,335685,5025,331576,4944,
2026-09-30,19:37:29.614,999,327761,4634,346623,4499,332532,4664,352639,4603,253114,4469,322527,4782,306305,4484,349575,4552,315393,4415,322703,4372,318430,4752,300186,4911,276113,4926,330534,4673,311102,4658,313660,4678,
2026-09-30,19:37:30.613,999,336327,4727,365466,4731,342307,4843,354796,4690,265503,4623,326537,4839,329166,4820,375677,4887,326321,4565,341707,4669,322309,4858,306200,4963,282515,4984,355585,5018,324327,4843,333129,4947,
2026-09-30,19:37:31.613,999,340160,4809,377538,4916,365055,5124,365135,4779,289361,5097,353073,5235,357686,5240,384165,5009,339305,4774,351359,4764,343047,5123,335394,5447,301938,5346,371245,5235,328692,4922,351472,5244,
2026-09-30,19:37:32.614,1000,346633,4865,369397,4791,361340,5073,367969,4822,278514,4913,335364,5010,333902,4920,378217,4924,328774,4577,348749,4730,323210,4831,315788,5154,284643,5045,349885,4973,328630,4956,336178,5003,
2026-09-30,19:37:33.614,999,376083,5284,403873,5234,379501,5326,398214,5200,295744,5202,360827,5361,363199,5326,407076,5319,351547,4904,381288,5162,339328,5059,339846,5535,294247,5190,378582,5369,362837,5436,365163,5446,
2026-09-30,19:37:34.613,999,350463,4930,379413,4898,357504,5003,374490,4898,269320,4808,342788,5086,331089,4852,367435,4789,323375,4488,352839,4773,324149,4836,315397,5194,269646,4821,354576,5020,332077,4979,343411,5113,
2026-09-30,19:37:35.613,999,400573,5610,422927,5444,391209,5529,425101,5603,320128,5615,399179,5908,385161,5631,435765,5696,375997,5212,402798,5489,375030,5638,357024,5824,323669,5735,413823,5854,369538,5528,380736,5698,
2026-09-30,19:37:36.614,1000,388490,5463,412508,5338,383374,5363,412682,5400,307624,5451,371855,5505,373949,5457,415283,5424,373362,5205,390238,5287,367093,5497,363286,5945,310844,5513,404439,5724,362584,5431,369730,5537,
2026-09-30,19:37:37.614,999,357585,5036,378975,4913,367781,5147,388281,5068,292876,5154,355459,5300,343866,5048,387360,5060,341427,4760,372109,5047,352826,5278,339047,5519,298438,5284,359290,5111,333671,5012,339595,5072,
2026-09-30,19:37:38.613,999,553264,7698,612518,7847,571786,8009,609855,7964,487499,8025,500216,7844,511212,7834,600237,7843,560491,7749,581676,7824,538804,7996,529757,8183,476896,7983,543653,7985,502765,7955,534212,7940,
2026-09-30,19:37:39.613,999,551325,7734,591037,7606,529857,7501,563323,7444,447858,7601,501980,7646,523316,7839,562213,7377,545730,7534,553901,7552,522678,7856,494642,7842,450911,7730,546948,7854,518506,7956,525825,7853,
2026-09-30,19:37:40.614,1000,367742,5179,389046,5038,357073,5062,376116,4985,293868,5117,345252,5120,356085,5210,387428,5054,356741,4967,346246,4717,337298,5090,310785,5014,291156,5095,369056,5219,345733,5183,343712,5125,
2026-09-30,19:37:41.614,999,336758,4735,358170,4624,324045,4573,357719,4710,264174,4637,322400,4786,319564,4684,368078,4798,314982,4375,322321,4390,303344,4572,296751,4841,274346,4834,344240,4874,313338,4693,322817,4820,
2026-09-30,19:37:42.613,999,339715,4790,363147,4690,323258,4564,357258,4695,263105,4601,308465,4598,324265,4767,359592,4681,311770,4335,326648,4449,305592,4590,297442,4831,266628,4708,331657,4705,300948,4528,309741,4602,
2026-09-30,19:37:43.613,999,331710,4669,347258,4484,323520,4563,350984,4606,260902,4623,314942,4663,313756,4582,346336,4513,309624,4295,321525,4365,299198,4494,291476,4765,258136,4605,338963,4793,310415,4646,312734,4671,
2026-09-30,19:37:44.614,1000,419085,5891,444259,5745,431343,6073,450031,5898,339137,5922,385589,5758,397130,5837,453172,5906,392073,5458,423938,5767,389823,5851,386084,6235,345063,6080,429543,6100,398096,5995,408988,6095,
2026-09-30,19:37:45.614,999,411463,5754,456731,5887,407573,5818,438111,5830,335705,5835,388811,5768,389270,5686,450444,5864,397153,5512,421498,5806,380739,5802,390628,6332,331478,5835,422975,5972,385372,5761,407226,6054,
2026-09-30,19:37:46.614,999,348633,4919,388866,5042,366395,5136,394624,5171,281505,4933,333233,4975,340326,4985,379292,4944,330043,4603,352857,4782,342604,5150,326447,5320,285107,5056,364452,5181,330578,4983,341818,5105,
2026-09-30,19:37:47.613,999,332998,4686,370529,4789,346879,4884,357242,4707,270769,4757,314612,4669,315705,4632,366476,4775,310687,4328,319732,4360,312471,4715,295636,4826,265480,4712,338164,4783,310586,4661,324299,4837,
2026-09-30,19:37:48.614,1000,320953,4531,360812,4660,331947,4678,338134,4453,266955,4700,300097,4445,314020,4591,351634,4588,310507,4329,315993,4302,314334,4733,288507,4714,264538,4682,331996,4703,307285,4599,322602,4814,
2026-09-30,19:37:49.614,999,366637,5164,390797,5063,370109,5228,368854,4858,295344,5135,326131,4843,346315,5058,376531,4905,345363,4820,361852,4928,339154,5114,324111,5240,302278,5309,361417,5113,336260,5036,338180,5050,
2026-09-30,19:37:50.614,999,324371,4576,351280,4555,331919,4656,326675,4290,257897,4553,307141,4548,301526,4414,337217,4399,304710,4255,323551,4392,313010,4693,291482,4781,267119,4766,331363,4693,301854,4527,307754,4594,
2026-09-30,19:37:51.613,999,327656,4617,362017,4677,331862,4704,330842,4373,277505,4860,320083,4757,319173,4676,361475,4709,317177,4404,334358,4577,326138,4933,302296,4902,272428,4806,322265,4568,309452,4646,319514,4764,
2026-09-30,19:37:52.614,1000,351221,4935,381502,4916,349310,4911,361688,4734,280323,4954,332955,4958,343535,5042,368193,4801,325445,4534,358297,4856,326720,4906,310368,5095,283116,5035,338170,4796,319288,4796,335001,5006,
2026-09-30,19:37:53.614,999,348333,4904,398523,5142,360756,5075,373674,4897,283766,5062,343480,5080,351820,5129,374387,4868,337634,4687,371743,5049,322972,4842,312816,5150,294492,5265,361589,5113,334140,4989,347308,5177,
2026-09-30,19:37:54.614,999,357259,5023,383237,4956,369573,5206,372127,4877,272224,4845,337673,4994,330740,4824,367490,4787,335904,4648,347318,4737,310724,4666,308966,5091,288266,5150,355487,5027,335541,5012,337783,5039,
2026-09-30,19:37:55.613,999,402835,5680,444688,5764,406424,5796,427990,5701,333078,5765,378317,5603,389973,5699,431811,5622,397555,5535,419647,5766,367462,5576,372897,6010,332169,5809,411474,5809,385074,5755,397562,5921,
2026-09-30,19:37:56.614,1000,433450,6101,454010,5862,429568,6110,441426,5845,345902,6022,401914,5935,412073,6001,463547,6045,420455,5852,416648,5728,395582,5982,387435,6247,353196,6187,443103,6250,410758,6133,421356,6288,
2026-09-30,19:37:57.614,999,363399,5122,383871,4980,358906,5047,373057,4907,300289,5270,330409,4944,335621,4955,391949,5113,339429,4716,356738,4849,330044,4942,317329,5155,290865,5105,361563,5147,327823,4956,339249,5052,
2026-09-30,19:37:58.614,999,330020,4644,362172,4672,326198,4585,355339,4646,271797,4819,303991,4508,307951,4502,350326,4561,312485,4346,328453,4454,307525,4605,293959,4833,268452,4786,347187,4911,309029,4626,331240,4944,
2026-09-30,19:37:59.613,999,328262,4611,364053,4691,332823,4714,350292,4609,273129,4821,302781,4488,318117,4651,353338,4595,318264,4418,335261,4581,303102,4573,304939,4974,276595,4895,331414,4694,314257,4704,341819,5095,
2026-09-30,19:38:00.614,1000,371404,5213,399393,5150,364555,5183,385377,5105,304232,5273,344528,5106,343032,5007,392814,5117,351234,4879,372104,5102,341919,5161,331139,5320,308213,5377,363970,5146,352459,5261,369681,5512,
2026-09-30,19:38:01.614,999,363818,5116,399678,5172,349503,4928,375763,4942,296272,5254,349923,5172,340695,4976,383123,4974,351764,4887,368644,5008,334994,5040,322614,5293,297807,5282,362622,5139,347986,5197,348126,5184,
2026-09-30,19:38:02.614,999,373559,5238,398675,5148,367460,5179,390534,5133,293286,5194,357667,5316,347246,5086,393116,5096,362315,5019,373482,5079,336517,5061,339919,5565,300737,5315,370353,5240,356175,5347,352218,5244,
2026-09-30,19:38:03.613,999,370360,5195,393616,5098,380893,5355,402505,5282,303408,5380,362336,5359,357680,5217,408379,5307,354749,4918,376088,5125,365083,5488,335585,5498,308691,5493,373642,5278,357369,5337,361110,5382,
2026-09-30,19:38:04.614,1000,551306,7677,581937,7457,539482,7575,576150,7538,454424,7606,494516,7704,489273,7475,581773,7549,528620,7288,544169,7326,509394,7581,501455,7858,459121,7777,512160,7502,506376,7941,520059,7698,
2026-09-30,19:38:05.614,999,390399,5479,415086,5367,378328,5385,428184,5673,326772,5686,378776,5610,377472,5518,432303,5625,381802,5298,391561,5382,373942,5674,345473,5599,322136,5649,417240,5895,386958,5781,389271,5801,
2026-09-30,19:38:06.614,999,355950,5007,373533,4843,348529,4902,389871,5115,297619,5227,351385,5216,348375,5092,403286,5254,359267,5003,357462,4847,344988,5182,333062,5415,295064,5181,382237,5400,351324,5261,349957,5216,
2026-09-30,19:38:07.614,999,370988,5202,409777,5290,369841,5224,395339,5209,303035,5302,351648,5267,362738,5341,413124,5375,369600,5131,369954,5040,348523,5231,346310,5620,299831,5267,397996,5667,348902,5258,376672,5611,
2026-09-30,19:38:08.614,1000,366126,5139,406871,5270,369190,5187,388271,5110,289521,5082,346749,5154,351665,5149,387315,5044,352401,4891,357502,4862,343390,5145,322500,5253,301274,5329,398308,5642,351589,5280,363863,5441,
2026-09-30,19:38:09.614,999,356590,5009,379894,4903,346745,4871,371156,4863,282837,4977,340937,5080,336850,4936,384753,5007,345691,4791,340602,4630,322152,4828,310689,5079,279274,4946,377506,5348,343792,5171,353475,5265,
2026-09-30,19:38:10.614,999,338898,4761,375281,4853,341894,4788,371357,4846,275087,4902,338495,5024,350061,5117,378979,4938,343549,4771,341146,4627,324892,4854,312925,5141,278816,4980,359973,5100,327844,4913,339042,5052,
2026-09-30,19:38:11.614,999,372875,5232,406337,5247,386366,5416,414091,5417,312839,5491,361172,5400,372437,5478,416003,5411,373166,5191,384778,5214,377696,5642,345133,5626,311425,5489,385497,5481,348974,5254,344483,5142,
2026-09-30,19:38:12.614,1000,387332,5439,426947,5505,390595,5471,406389,5324,321909,5644,370396,5554,381704,5622,417764,5435,387277,5382,395153,5355,378515,5665,355715,5791,322926,5729,387424,5541,353888,5358,369983,5519,
2026-09-30,19:38:13.614,999,321652,4528,367096,4732,319943,4485,338284,4431,257155,4571,305578,4538,305005,4465,354314,4615,298204,4154,310476,4208,309026,4611,294342,4818,271998,4845,314992,4463,301804,4529,322522,4817,
2026-09-30,19:38:14.614,999,315639,4435,351206,4527,313156,4388,346831,4528,251110,4435,293134,4372,294958,4344,350213,4560,292002,4061,307617,4164,297405,4434,285639,4653,260692,4626,312825,4451,304672,4589,313448,4684,
2026-09-30,19:38:15.614,999,342892,4816,377585,4879,340861,4824,365801,4838,286372,5010,332026,4950,327811,4823,390355,5080,332391,4626,341628,4675,323565,4882,317292,5141,286042,5032,348822,4965,329937,4980,330941,4943,
2026-09-30,19:38:16.614,1000,372608,5229,409328,5278,376096,5349,397076,5267,306395,5341,359493,5356,359513,5266,408368,5310,361539,5025,375880,5156,354780,5374,344540,5570,307397,5380,379966,5387,342636,5139,355319,5287,
2026-09-30,19:38:17.614,999,361770,5088,393921,5094,367537,5149,390142,5110,290968,5068,342012,5125,346762,5115,389477,5071,356475,4954,365495,4950,343558,5137,331937,5390,300624,5303,362632,5173,336315,5086,345323,5148,
2026-09-30,19:38:18.614,999,323532,4561,361167,4682,329891,4614,365171,4765,267168,4727,315245,4705,322038,4726,362017,4713,330650,4594,337914,4572,315539,4718,290964,4772,274802,4906,344775,4900,300470,4520,327004,4878,
2026-09-30,19:38:19.614,999,323811,4575,352357,4569,355844,4962,350839,4602,265369,4720,331729,4929,331216,4835,360135,4682,336865,4687,347510,4707,326272,4873,303603,5016,282243,5058,336483,4762,311061,4671,313197,4665,
2026-09-30,19:38:20.614,1000,331447,4671,360990,4678,348216,4882,366826,4799,273778,4831,324679,4840,319660,4685,361602,4708,332076,4629,344590,4672,327403,4913,306147,5039,278486,4954,335848,4783,313435,4715,319599,4758,
2026-09-30,19:38:21.614,999,318624,4493,354457,4596,340374,4763,352408,4603,257645,4592,320573,4752,322093,4701,358794,4662,314806,4393,327627,4445,316090,4730,291021,4796,268969,4817,326343,4623,297601,4457,313980,4676,
2026-09-30,19:38:22.614,999,331549,4666,361027,4679,341769,4785,369017,4811,277212,4889,335593,5034,330239,4876,373955,4869,327594,4551,343029,4655,324469,4854,316125,5174,276353,4901,341437,4876,298854,4523,337878,5021,
2026-09-30,19:38:23.614,999,334657,4724,338593,4394,332605,4671,360435,4713,271105,4756,320245,4754,329117,4814,366770,4776,329566,4586,341133,4623,326609,4877,312314,5108,274266,4853,352719,4998,302698,4541,330693,4928,
2026-09-30,19:38:24.615,1000,339119,4779,361033,4671,349539,4905,362814,4747,282077,4929,335943,5011,339291,4978,378234,4949,343772,4796,356211,4834,326601,4893,332320,5414,294449,5192,374994,5327,324049,4892,335613,5040,
2026-09-30,19:38:25.614,999,350219,4926,374858,4837,343103,4865,392095,5175,291396,5098,349290,5185,348620,5098,383550,4990,349732,4861,376377,5147,333076,5038,341919,5565,296091,5244,369400,5224,336590,5044,345269,5142,
2026-09-30,19:38:26.614,999,323609,4557,352111,4558,333923,4693,371982,4860,274007,4843,318849,4752,310815,4573,353233,4603,329286,4588,350679,4761,329558,4930,314341,5157,281102,4985,355404,5047,317073,4768,327219,4880,
2026-09-30,19:38:27.614,999,320083,4498,341957,4410,324453,4543,336959,4399,257761,4552,303641,4546,302573,4451,338983,4417,309857,4310,321929,4372,308152,4611,297862,4893,256573,4550,330025,4698,294734,4440,309869,4618,
2026-09-30,19:38:28.614,999,355659,5037,379360,4923,371209,5218,383314,5020,295589,5169,364682,5401,338616,4948,376101,4909,364214,5118,361023,4890,351179,5248,338991,5520,296304,5198,368057,5196,346689,5190,349989,5222,
2026-09-30,19:38:29.615,1000,329891,4638,357803,4621,329400,4613,355537,4638,263756,4699,318272,4713,309544,4518,354094,4606,326829,4568,346552,4704,320915,4811,303972,5020,268593,4803,337708,4768,314564,4699,323000,4818,
2026-09-30,19:38:30.614,999,327092,4602,328201,4240,321872,4519,336004,4381,258687,4634,301099,4454,303653,4433,356410,4636,315155,4372,330039,4477,302030,4516,292784,4853,270442,4866,337030,4763,298636,4465,319078,4762,
2026-09-30,19:38:31.614,999,358410,5045,372705,4827,343045,4862,366273,4833,287732,5023,328699,4869,335098,4896,384251,4995,354432,4945,350613,4809,340118,5133,334259,5470,299020,5281,360748,5082,344720,5131,348736,5170,
2026-09-30,19:38:32.614,999,329263,4621,347096,4484,324697,4552,338077,4417,259002,4576,305309,4567,321456,4717,359851,4687,331111,4618,317384,4306,321018,4782,306602,5029,274328,4872,335438,4760,301033,4533,327597,4877,
2026-09-30,19:38:33.615,1000,309464,4387,333421,4337,313974,4413,319445,4185,250018,4405,302064,4458,307985,4498,340197,4434,323143,4528,312566,4236,311411,4648,286039,4680,262161,4656,334147,4725,291589,4358,299690,4465,
2026-09-30,19:38:34.614,999,354467,5015,390269,5058,351824,4951,367572,4823,291171,5097,350754,5189,344725,5046,386455,5037,361279,5065,365667,4960,346250,5188,326012,5282,296534,5230,374999,5296,336584,5042,343603,5129,
2026-09-30,19:38:35.614,999,382987,5417,410461,5321,374767,5322,391578,5177,316034,5520,367179,5436,360436,5264,424821,5534,380010,5318,395455,5399,372592,5618,347685,5625,314877,5546,398740,5610,370029,5519,377268,5620,
2026-09-30,19:38:36.614,999,323514,4578,353513,4590,342306,4818,358707,4714,268050,4747,326311,4831,322523,4703,370269,4828,338023,4733,354980,4817,316953,4735,313628,5116,279307,4974,357933,5057,321854,4818,324303,4845,
2026-09-30,19:38:37.615,1000,343589,4850,362845,4704,350598,4910,373255,4877,275618,4852,339806,5055,331037,4845,384041,5001,335219,4684,363540,4930,335107,5002,310464,5069,285960,5064,361038,5112,332548,4987,340231,5063,
2026-09-30,19:38:38.614,999,349371,4931,364891,4730,353918,4966,365631,4796,275796,4898,336349,4975,322838,4714,380707,4967,337367,4728,347865,4718,331449,4953,314184,5158,283038,5033,372482,5262,351113,5247,341540,5088,
2026-09-30,19:38:39.614,999,361899,5137,401569,5209,374378,5248,411981,5392,296477,5181,364392,5391,354668,5182,403096,5254,362097,5091,361755,4895,358441,5343,346382,5617,313733,5532,401294,5655,372111,5567,379977,5652,
2026-09-30,19:38:40.615,1000,355052,4998,381753,4939,349465,4904,363741,4761,280093,5006,343595,5083,326846,4772,360658,4698,354087,4923,348662,4734,331274,4961,322594,5281,278092,4956,380883,5374,352730,5265,352886,5261,
2026-09-30,19:38:41.615,999,582805,8146,629078,8069,567351,7921,613806,8015,490373,8099,508152,7970,515158,7915,605194,7921,563358,7810,575899,7736,537991,7970,533833,8290,484875,8147,560920,8220,533021,8386,555648,8258,
2026-09-30,19:38:42.614,999,496814,6955,545529,7035,510482,7211,533654,7057,431100,7305,464724,7105,475311,7115,546530,7174,502523,6968,516701,7044,498883,7498,462617,7312,422109,7237,527424,7595,476801,7323,484897,7242,
2026-09-30,19:38:43.614,999,630662,8787,681743,8748,636724,8923,663158,8678,537582,8920,560634,8824,565370,8690,666571,8710,629780,8697,646754,8734,611642,9093,583847,9045,532877,8931,623263,9144,577609,9128,597987,8864,
2026-09-30,19:38:44.614,999,460300,6455,496128,6406,443766,6234,465861,6098,359644,6290,426781,6388,443088,6517,477762,6253,461789,6402,456898,6213,427290,6405,392196,6348,362940,6386,465052,6620,420128,6341,429508,6420,
2026-09-30,19:38:45.615,1000,411348,5814,452722,5884,415175,5884,435175,5759,338783,5850,389365,5760,404441,5908,449805,5857,424444,5934,432525,5912,394816,5959,371656,5963,331520,5773,435208,6136,396681,5928,394786,5867,
2026-09-30,19:38:46.614,999,374050,5254,405337,5249,367719,5218,395567,5228,291866,5096,339421,5020,358001,5212,400986,5216,372139,5176,364317,4992,358730,5424,338065,5487,301362,5299,392142,5521,353098,5255,352218,5246,
2026-09-30,19:38:47.614,999,351577,4989,388350,5051,362726,5088,372100,4872,282366,4942,334368,4981,337583,4949,391450,5088,360604,5047,364109,4925,341739,5097,329050,5374,284723,5029,364105,5157,339741,5098,348339,5180,
2026-09-30,19:38:48.614,999,359084,5067,395207,5132,360537,5059,385360,5052,288636,5106,340842,5048,343333,5017,407773,5313,363595,5086,368515,4990,352742,5256,332726,5457,300501,5359,368580,5200,350334,5231,365752,5461,
2026-09-30,19:38:49.615,1000,367652,5199,390805,5084,354603,4968,384425,5026,277835,4924,344047,5095,342915,5002,391932,5104,365715,5125,372947,5064,347203,5185,334987,5502,292530,5211,377672,5333,328362,4909,343223,5114,
2026-09-30,19:38:50.614,999,336870,4769,364468,4728,324063,4543,342753,4480,268867,4728,318332,4722,319599,4666,366137,4778,340565,4757,351305,4766,319986,4786,303864,4953,281853,4974,354087,4997,314113,4680,328655,4904,
2026-09-30,19:38:51.614,999,323429,4580,355590,4624,315206,4429,323158,4223,257842,4543,302083,4474,303003,4420,337851,4410,323128,4541,338297,4573,319465,4780,288139,4721,273853,4861,335617,4737,304774,4546,305554,4563,
2026-09-30,19:38:52.615,1000,339375,4802,379812,4933,344346,4836,342972,4489,276303,4837,322749,4807,329578,4830,354123,4622,339702,4780,350707,4737,331905,4963,306583,4973,280816,4932,345585,4898,321391,4822,327150,4875,
2026-09-30,19:38:53.615,999,320214,4539,340896,4433,314442,4417,341073,4460,263841,4649,306363,4549,321818,4705,344689,4493,323274,4548,327476,4433,307103,4582,297891,4861,257845,4563,334001,4709,296146,4421,306065,4557,
2026-09-30,19:38:54.615,999,307612,4330,324270,4202,296441,4155,324316,4230,243854,4318,291442,4322,306781,4483,343920,4483,297523,4165,304823,4120,306864,4577,279699,4592,235553,4190,316253,4469,290565,4348,305103,4557,
2026-09-30,19:38:55.614,999,395202,5586,423358,5493,376767,5336,398275,5256,312619,5445,361309,5346,381257,5556,422124,5508,389894,5472,388029,5302,367094,5529,359736,5854,302925,5333,386830,5448,357405,5330,379699,5646,
2026-09-30,19:38:56.615,1000,381579,5361,400375,5168,376591,5284,396428,5170,306196,5393,343479,5091,352910,5148,395197,5167,379955,5301,378672,5141,367979,5508,341582,5580,295903,5239,375954,5308,342345,5104,368526,5499,
2026-09-30,19:38:57.615,999,349107,4931,381264,4946,344110,4820,367314,4797,270579,4756,309371,4606,326292,4765,359473,4684,340030,4757,353363,4792,343157,5134,309475,5058,272307,4816,349645,4962,319642,4785,334591,4985,
2026-09-30,19:38:58.615,999,308302,4342,334689,4341,320918,4499,312958,4100,243006,4315,289347,4286,289909,4237,341875,4459,308116,4306,310454,4220,294947,4416,288193,4742,241886,4326,313427,4428,295993,4420,294926,4407,
2026-09-30,19:38:59.614,999,309072,4347,334273,4332,313732,4391,324197,4245,246207,4314,293523,4407,288342,4261,338254,4409,301725,4202,310781,4222,305415,4568,283646,4641,251840,4467,321641,4578,290014,4391,298357,4464,
2026-09-30,19:39:00.614,999,317338,4468,345353,4470,327238,4592,320746,4195,247092,4364,306795,4562,294147,4315,339773,4442,312146,4343,318775,4320,305145,4582,284756,4663,264085,4697,327343,4645,301307,4508,309248,4620,
2026-09-30,19:39:01.615,1000,389687,5463,414481,5349,394514,5587,412789,5459,313956,5414,386646,5752,366839,5378,426011,5550,389818,5419,393069,5366,368741,5572,355113,5727,316900,5533,392788,5557,367220,5501,373127,5558,
2026-09-30,19:39:02.615,999,340395,4778,376152,4854,342265,4793,366603,4782,265699,4687,336164,5022,311305,4577,359342,4681,331400,4613,341262,4623,324587,4889,303380,4977,261825,4652,349427,4968,311452,4690,324715,4843,
2026-09-30,19:39:03.614,999,314834,4440,340277,4406,317849,4461,347857,4532,258307,4522,307194,4574,303503,4460,356226,4633,309172,4333,319316,4320,304287,4558,292658,4794,247413,4384,320550,4550,299721,4508,304705,4539,
2026-09-30,19:39:04.615,1000,385935,5431,395152,5101,370160,5196,397555,5213,294991,5201,351745,5235,356231,5223,389040,5061,371839,5176,356500,4844,361859,5433,338383,5511,298886,5323,378129,5363,356159,5348,359665,5360,
2026-09-30,19:39:05.615,999,406508,5731,411142,5316,384900,5434,410854,5416,310541,5427,373845,5539,356028,5210,415599,5419,385290,5387,387123,5286,356600,5380,349460,5678,310542,5499,390658,5529,358750,5359,386759,5750,
2026-09-30,19:39:06.615,999,336872,4742,347079,4496,341140,4774,349375,4559,270722,4813,328727,4858,316686,4603,361842,4715,329938,4595,339049,4596,314056,4704,303394,5007,276120,4953,335976,4749,320034,4766,342025,5102,
2026-09-30,19:39:07.614,999,361749,5117,394667,5128,378003,5304,381877,5001,296875,5177,364779,5415,350525,5139,389065,5063,367306,5140,364027,4933,346151,5183,334638,5420,305729,5365,375801,5331,354078,5314,374669,5583,
2026-09-30,19:39:08.615,1000,332849,4687,370555,4799,342360,4819,358930,4721,282217,4947,323086,4831,323910,4762,375788,4894,340375,4736,346466,4704,328611,4936,312536,5087,274290,4844,340519,4841,328056,4933,332822,4958,
2026-09-30,19:39:09.615,999,297556,4193,328873,4263,313049,4386,328728,4304,252315,4469,293996,4391,306478,4497,344342,4482,312226,4348,320249,4335,295300,4413,280113,4588,262208,4664,315062,4476,308744,4635,296079,4415,
2026-09-30,19:39:10.615,999,307651,4330,336279,4350,324801,4548,326113,4265,251796,4472,291309,4339,309347,4538,344877,4498,306186,4259,313865,4253,292170,4365,289773,4760,262019,4670,317667,4506,290247,4367,308286,4602,
2026-09-30,19:39:11.614,999,301568,4249,327250,4245,316518,4436,322262,4221,242491,4288,289975,4301,295314,4314,347781,4537,291849,4069,304671,4131,283772,4237,277387,4562,254066,4525,317711,4502,289665,4339,308670,4618,
2026-09-30,19:39:12.615,1000,324661,4564,353319,4585,340371,4765,341058,4471,262983,4627,315129,4725,316408,4663,355157,4632,334899,4655,334358,4526,312598,4676,303147,4947,275527,4881,337925,4815,307903,4646,324790,4847,
2026-09-30,19:39:13.615,999,367752,5188,393467,5097,377192,5294,390952,5115,296902,5218,355641,5318,368261,5398,405261,5274,377174,5241,389976,5266,348691,5208,337715,5485,310702,5492,378086,5375,339682,5111,364904,5440,
2026-09-30,19:39:14.615,999,338827,4767,371529,4805,345975,4847,354776,4642,264156,4656,332338,4961,337614,4953,381078,4954,347053,4822,346853,4696,307860,4605,311521,5095,285685,5088,347181,4937,314016,4734,329597,4912,
2026-09-30,19:39:15.615,999,370996,5226,406762,5261,363764,5148,388856,5140,285930,4979,372408,5549,345981,5069,409251,5327,373508,5199,384511,5268,341464,5157,336384,5464,303012,5346,388923,5508,350510,5255,359418,5352,
2026-09-30,19:39:16.615,1000,372594,5239,413882,5341,372929,5285,389899,5155,306024,5309,370511,5526,349405,5124,412192,5366,371017,5151,386337,5281,345055,5208,340564,5505,303241,5301,385728,5465,346673,5206,366212,5462,
2026-09-30,19:39:17.615,999,320322,4504,351408,4540,321472,4517,343902,4499,266513,4685,312920,4676,306787,4502,351138,4581,308680,4298,339793,4613,314402,4710,297563,4857,262251,4653,338774,4815,299417,4504,307457,4589,
2026-09-30,19:39:18.615,999,343817,4826,377620,4866,346380,4849,371417,4848,280835,4909,329637,4935,326060,4797,377271,4909,328968,4580,362724,4907,326110,4892,317061,5154,270850,4758,359709,5121,318423,4800,328085,4891,
2026-09-30,19:39:19.614,999,331805,4651,364767,4703,332048,4669,349812,4580,266038,4677,315054,4719,310015,4557,359947,4689,312866,4353,340342,4608,303762,4539,304262,4953,262146,4643,343170,4875,305998,4620,327257,4876,
2026-09-30,19:39:20.615,1000,318169,4470,351549,4545,327446,4592,340570,4453,270425,4773,308488,4612,314604,4620,355232,4623,319348,4445,326332,4420,305487,4563,308133,5029,262700,4652,344297,4892,317172,4770,326384,4867,
2026-09-30,19:39:21.615,999,310288,4369,337305,4367,318130,4453,333051,4354,258305,4587,297403,4413,313661,4588,347011,4514,297694,4153,314623,4263,283118,4233,295017,4856,256432,4598,332614,4711,305476,4588,309317,4614,
2026-09-30,19:39:22.615,999,326487,4589,359604,4642,323619,4535,350245,4575,273440,4834,308859,4639,322735,4755,370213,4811,322030,4483,323369,4378,300845,4500,306765,5015,266156,4732,346067,4919,321697,4852,329338,4889,
2026-09-30,19:39:23.614,999,330691,4644,361442,4664,331380,4646,348060,4552,264935,4712,307511,4591,316607,4637,371788,4839,321727,4468,335759,4541,305031,4579,304307,4993,261950,4673,344290,4885,314794,4727,325433,4843,
2026-09-30,19:39:24.615,1000,378682,5320,434274,5606,387613,5430,407304,5323,315081,5527,361538,5415,371312,5457,417226,5438,377009,5232,394243,5332,367254,5493,362289,5899,305290,5388,409480,5822,368185,5542,374370,5568,
2026-09-30,19:39:25.615,999,339141,4772,366571,4729,332782,4711,341514,4523,280661,4921,321466,4782,328224,4810,361256,4709,329261,4574,337996,4626,321400,4855,319789,5203,267171,4710,344493,4872,313783,4706,327880,4887,
2026-09-30,19:39:26.615,999,313036,4424,341495,4430,313028,4399,335701,4389,259779,4568,301639,4504,322112,4731,349994,4565,313996,4383,319559,4336,312713,4692,306333,4985,256202,4527,331541,4700,310613,4681,301627,4507,
2026-09-30,19:39:27.615,1000,320571,4516,354814,4584,313506,4411,344191,4514,270998,4773,318216,4764,329417,4843,359558,4685,319352,4431,337785,4584,313153,4691,310731,5066,254837,4490,341825,4861,311857,4715,310664,4636,
2026-09-30,19:39:28.615,999,305427,4301,343362,4441,319441,4485,330282,4325,265413,4693,313823,4681,322382,4729,361982,4712,315748,4382,326110,4416,317151,4740,312114,5097,265155,4697,328470,4662,305986,4594,308281,4599,
2026-09-30,19:39:29.615,999,312899,4410,334400,4328,326385,4581,344171,4508,268227,4721,327687,4880,322283,4717,363379,4731,311378,4341,322157,4371,330827,4952,314400,5120,262001,4619,334278,4729,310802,4655,306285,4564,
2026-09-30,19:39:30.615,999,299511,4223,320635,4157,317092,4449,337741,4431,252067,4475,306662,4571,295832,4344,357803,4658,300441,4187,313661,4245,297857,4468,286071,4695,241815,4317,321472,4555,294925,4424,295966,4413,
2026-09-30,19:39:31.615,1000,352711,4949,394115,5086,358359,5081,371587,4916,289808,5114,348033,5152,347700,5070,405122,5273,345248,4788,341062,4657,338926,5110,329673,5374,292551,5184,365618,5159,336645,5033,351696,5242,
2026-09-30,19:39:32.615,999,355533,5015,393331,5087,368134,5163,380309,4968,294040,5218,341642,5088,361057,5305,393087,5120,362364,5053,364815,4937,349722,5229,340171,5566,298157,5309,364322,5164,343955,5172,344387,5129,
2026-09-30,19:39:33.615,999,328224,4637,342105,4441,334684,4690,344987,4504,265400,4749,308011,4556,318738,4643,365276,4750,323672,4524,335784,4558,307437,4596,299982,4925,259001,4643,341062,4811,306861,4574,309878,4619,
2026-09-30,19:39:34.615,999,329328,4664,345783,4509,342455,4802,358811,4680,282500,5012,338260,5004,329671,4811,375943,4887,328897,4613,342133,4632,320783,4804,307215,5030,278584,4973,340171,4790,325577,4855,317719,4734,
2026-09-30,19:39:35.616,1000,393408,5583,416447,5420,396951,5622,411484,5431,338702,5868,397414,5897,385902,5647,443996,5784,395339,5551,408014,5564,369702,5558,365812,5888,328930,5744,393400,5550,386227,5769,393598,5854,
2026-09-30,19:39:36.615,999,358096,5064,374896,4880,351647,4942,386708,5071,286742,5040,346093,5132,345645,5055,396316,5160,350161,4906,362869,4918,336326,5031,326220,5318,296440,5257,369600,5214,352123,5248,346167,5157,
2026-09-30,19:39:37.615,999,328318,4624,355695,4609,329337,4628,356445,4671,264223,4659,322950,4807,313832,4613,362444,4720,320118,4456,335587,4549,311172,4638,294095,4820,266618,4741,344919,4871,303861,4563,322457,4802,
2026-09-30,19:39:38.615,999,344991,4880,358066,4657,340086,4785,372238,4889,272959,4816,326641,4842,326551,4771,363429,4726,331702,4641,336510,4569,312316,4681,303577,4968,270104,4797,347127,4901,326658,4885,315348,4687,
2026-09-30,19:39:39.616,1000,342707,4829,345061,4491,337882,4744,356859,4678,266228,4716,315031,4662,319157,4660,358125,4666,325529,4558,323041,4375,320690,4785,287174,4693,263216,4709,345523,4861,319306,4774,310947,4640,
2026-09-30,19:39:40.615,999,382435,5404,394608,5139,387794,5447,407368,5322,317270,5539,357923,5314,371421,5428,399967,5219,385353,5404,382835,5197,366885,5484,343037,5559,316357,5554,388143,5479,360533,5395,370312,5510,
2026-09-30,19:39:41.615,999,319771,4491,346852,4490,334675,4698,345821,4528,267679,4755,312930,4642,319941,4683,351986,4580,318395,4409,329766,4478,317094,4734,294476,4844,263217,4709,348835,4931,308768,4614,319664,4763,
2026-09-30,19:39:42.615,999,330650,4662,352154,4554,340639,4783,351455,4614,277524,4897,324339,4832,324556,4765,359004,4674,318136,4426,340425,4633,323143,4829,307337,5026,274905,4898,351553,4981,319348,4789,335832,5001,
2026-09-30,19:39:43.616,1000,309429,4369,323077,4187,305298,4301,334292,4399,252641,4457,305414,4523,301477,4398,347956,4526,307439,4284,303083,4138,297889,4480,288650,4740,249809,4438,320678,4518,299241,4475,311298,4637,
2026-09-30,19:39:44.615,999,309762,4363,336486,4354,316116,4441,329682,4321,252990,4477,306947,4559,310088,4532,343664,4474,309827,4306,306895,4172,309603,4652,287594,4704,253569,4504,328123,4635,291297,4369,312389,4657,
2026-09-30,19:39:45.615,999,336901,4756,357300,4625,336329,4776,362488,4809,281963,4918,330721,4923,334485,4906,379823,4949,349705,4885,351327,4811,320015,4840,315992,5122,278179,4894,362664,5123,317101,4760,330407,4912,
2026-09-30,19:39:46.615,999,374295,5276,403755,5209,371661,5285,403333,5356,308072,5312,354918,5265,364861,5328,408369,5317,380270,5295,375332,5138,359834,5443,345435,5569,312817,5450,403049,5680,353197,5285,367987,5473,
2026-09-30,19:39:47.616,1000,353725,4979,370548,4795,360461,5063,381166,5012,282012,4926,335691,5041,334735,4941,374248,4873,352191,4895,345042,4676,341581,5107,318727,5201,283677,4999,364222,5195,322067,4872,333634,4967,
2026-09-30,19:39:48.615,999,366672,5138,404159,5229,371585,5202,389781,5112,298795,5277,352765,5250,356932,5230,387026,5045,361378,5043,362931,4923,348495,5224,343059,5627,291601,5175,387576,5495,348749,5235,343469,5113,
2026-09-30,19:39:49.615,999,334058,4699,381264,4934,343441,4801,358271,4693,275344,4852,320697,4780,330102,4845,358769,4673,333454,4650,339371,4597,325321,4863,325789,5354,274770,4883,353756,5014,322689,4850,315641,4706,
2026-09-30,19:39:50.615,999,338331,4755,371090,4793,347795,4870,369085,4818,277666,4911,318899,4763,345681,5074,376590,4906,327603,4553,346567,4708,321592,4812,319679,5252,280526,4990,350594,4970,324273,4872,327330,4875,
2026-09-30,19:39:51.616,1000,353321,4955,388374,5015,367549,5149,387545,5068,300852,5284,341895,5123,350859,5163,402810,5256,343233,4784,364667,4953,339893,5091,340466,5538,302952,5344,375079,5328,341001,5146,354527,5289,
2026-09-30,19:39:52.615,999,320611,4512,358870,4639,344359,4820,357779,4678,263495,4646,309599,4628,324918,4774,366636,4770,320308,4456,342465,4646,311024,4654,311958,5097,267581,4753,334969,4752,320762,4824,315456,4703,
2026-09-30,19:39:53.615,999,316563,4452,348588,4517,322753,4519,344340,4507,254463,4468,296651,4441,312546,4606,335638,4365,313660,4362,335427,4542,296095,4440,281248,4577,257362,4571,326374,4631,305654,4609,316251,4710,
2026-09-30,19:39:54.615,999,313534,4415,341915,4440,317382,4451,332027,4349,251716,4484,286632,4261,303103,4443,340901,4435,302378,4211,323238,4388,297602,4453,279673,4592,256407,4593,323188,4573,299189,4480,299105,4459,
2026-09-30,19:39:55.616,1000,370211,5210,374031,4854,357451,5065,387448,5130,297962,5169,337423,5063,351062,5185,404942,5272,357087,4965,356803,4896,341969,5173,335532,5431,298551,5234,374359,5321,340952,5163,359406,5349,
2026-09-30,19:39:56.616,999,343110,4838,376009,4886,365313,5126,380479,4978,289991,5130,335025,4977,349594,5120,384362,5008,334992,4660,343745,4664,331577,4969,326462,5360,277728,4932,361131,5110,333514,4994,346320,5166,
2026-09-30,19:39:57.615,999,376179,5303,422182,5485,390009,5469,411216,5384,318118,5533,359971,5431,369659,5472,437117,5699,369643,5166,385256,5228,358049,5351,361899,5838,310234,5428,392093,5600,351819,5320,369992,5504,
2026-09-30,19:39:58.615,999,329092,4637,362996,4703,346074,4847,364558,4769,266079,4724,309859,4597,329800,4823,379598,4954,323027,4495,338621,4594,305372,4578,315180,5174,263759,4699,334958,4745,303644,4545,324670,4843,
2026-09-30,19:39:59.616,1000,332180,4678,346092,4481,353387,4959,346787,4527,267179,4698,311255,4668,312772,4608,375977,4895,320880,4461,340527,4605,312692,4682,302682,4932,271007,4800,345031,4908,307458,4645,324456,4842,
2026-09-30,19:40:00.616,999,352788,4977,368709,4780,362627,5096,377077,4938,282936,4992,326482,4858,338073,4954,394178,5143,321931,4506,362056,4915,328981,4935,316109,5164,281132,4976,346705,4922,326420,4893,346411,5168,
2026-09-30,19:40:01.615,999,341440,4808,379454,4923,353245,5009,383443,5069,295870,5135,327156,4840,354783,5175,389358,5070,333773,4692,352464,4819,314604,4764,314463,5080,296705,5206,358830,5060,335767,4995,336608,5011,
2026-09-30,19:40:02.615,999,320167,4504,340435,4413,344303,4821,341448,4463,261791,4635,299708,4474,311803,4573,361802,4715,311902,4355,340555,4613,292537,4367,279170,4557,262618,4685,330066,4677,310560,4661,316973,4721,
2026-09-30,19:40:03.616,1000,341933,4830,347790,4530,348114,4884,358763,4694,283623,4956,315718,4680,333170,4874,378907,4946,336978,4728,357510,4848,303817,4540,305986,4965,283010,5009,354693,5000,333680,4976,337436,5034,
2026-09-30,19:40:04.616,999,384154,5400,399521,5179,371343,5220,380935,4994,300653,5214,343883,5179,356138,5284,415814,5427,359003,5035,377056,5103,353242,5273,334702,5392,300679,5268,394200,5634,359624,5450,363999,5421,
2026-09-30,19:40:05.615,999,366363,5148,392160,5081,362915,5152,375064,4960,290272,5085,342673,5086,347222,5081,406983,5299,359356,5004,368719,5047,335362,5078,329492,5368,280690,4971,377136,5318,344237,5145,352074,5236,
2026-09-30,19:40:06.615,999,368149,5205,392626,5121,374217,5247,401694,5252,295065,5202,350157,5194,351283,5142,415792,5418,359179,5045,372212,5047,348916,5232,340284,5530,291931,5158,387516,5480,357552,5338,353816,5273,
2026-09-30,19:40:07.616,1000,362741,5112,376426,4874,371460,5206,383262,5020,284513,5028,338431,5037,335219,4925,398141,5190,343298,4771,365294,4948,330997,4943,324309,5299,281242,4995,370160,5249,329285,4949,360093,5375,
2026-09-30,19:40:08.616,999,394488,5564,433863,5621,399730,5620,419644,5501,316557,5562,372347,5515,373549,5461,432696,5636,378009,5289,393626,5350,367323,5511,364700,5937,315161,5579,406849,5753,371722,5554,391540,5835,
2026-09-30,19:40:09.615,999,312558,4399,346512,4487,338378,4740,344468,4503,261840,4660,304891,4521,309731,4531,358152,4658,302471,4220,320436,4352,310758,4647,288757,4728,259353,4644,333846,4720,294296,4404,306745,4572,
2026-09-30,19:40:10.615,999,307520,4356,338566,4406,323330,4537,336762,4413,253107,4472,307617,4547,301458,4402,352996,4592,310023,4349,320345,4347,299884,4484,283627,4622,253075,4499,333784,4718,305279,4560,300596,4492,
2026-09-30,19:40:11.616,1000,327051,4641,356333,4632,333627,4687,358867,4692,264023,4643,307176,4560,310276,4539,368015,4792,309373,4367,336699,4560,304155,4547,302868,4935,266430,4714,355336,5026,315754,4720,315586,4713,
2026-09-30,19:40:12.616,999,360160,5093,386033,5012,367767,5159,398619,5210,291660,5114,344385,5127,341784,5018,395462,5159,340661,4782,378160,5112,342499,5122,335484,5447,302445,5337,388200,5501,343695,5156,351256,5242,
2026-09-30,19:40:13.615,999,315293,4449,320725,4157,315938,4429,324030,4234,241564,4287,286616,4249,291369,4251,344567,4488,294379,4113,302908,4099,282439,4227,278167,4571,241072,4301,322006,4543,298790,4454,298623,4456,
2026-09-30,19:40:14.615,999,353698,5021,384115,4983,364640,5122,389047,5094,286689,5013,328961,4877,342440,4999,399252,5213,340852,4784,349040,4733,330723,4945,319513,5178,282015,4970,372929,5262,337012,5035,346026,5160,
2026-09-30,19:40:15.616,1000,361792,5110,382441,4952,363989,5153,383008,5069,292958,5134,352413,5217,354415,5178,401024,5221,358548,5007,352867,4818,339467,5128,320912,5232,292783,5183,378158,5343,359420,5361,353882,5270,
2026-09-30,19:40:16.616,999,402083,5650,425636,5495,397127,5666,429281,5692,328027,5684,383753,5669,385060,5613,431539,5615,400909,5569,388177,5343,395891,6001,370420,5997,323733,5687,411449,5795,389776,5790,404764,6022,
2026-09-30,19:40:17.616,999,344569,4836,366073,4721,347708,4869,372055,4857,259272,4573,319670,4775,318546,4688,373918,4869,329641,4575,336029,4549,329968,4945,313475,5140,274368,4886,350452,4979,326171,4921,346025,5157,
2026-09-30,19:40:18.615,999,353711,4965,372542,4813,353017,4943,367565,4806,269954,4764,317354,4743,322268,4733,374623,4879,332046,4615,344571,4668,334983,5011,322444,5273,275501,4905,365836,5187,327266,4916,329186,4908,
2026-09-30,19:40:19.616,1000,365223,5132,376895,4882,361171,5065,372500,4882,284971,4981,323873,4838,333886,4914,383562,5003,346118,4823,357586,4856,334205,5002,325026,5274,290393,5140,365982,5197,331777,4989,345306,5150,
2026-09-30,19:40:20.616,999,352495,4950,371150,4796,358913,5039,372456,4869,280996,4936,327703,4898,331598,4890,374482,4869,343942,4783,347478,4718,315681,4730,316670,5153,271222,4805,357999,5089,341106,5137,345096,5142,
2026-09-30,19:40:21.616,999,326021,4570,338569,4379,327425,4593,339527,4442,253815,4463,308732,4612,311692,4580,352465,4586,328710,4565,323645,4390,310864,4662,292853,4782,258759,4599,329781,4679,308110,4637,318333,4751,
2026-09-30,19:40:22.615,999,322808,4526,342406,4435,323600,4539,336070,4386,264517,4644,306090,4588,310093,4569,361179,4706,325404,4515,319713,4328,316864,4730,293153,4772,253972,4488,331219,4719,302875,4574,322543,4801,
2026-09-30,19:40:23.616,1000,306629,4317,336476,4342,324800,4545,319919,4186,260820,4649,307680,4577,311394,4554,346066,4508,311078,4319,318623,4320,302131,4524,285861,4682,249755,4441,321131,4557,297446,4468,313950,4689,
2026-09-30,19:40:24.616,999,373835,5247,404742,5223,381547,5355,395486,5180,292661,5195,359106,5357,353861,5195,396147,5159,350283,4868,369343,5006,352280,5272,335386,5490,292480,5204,370655,5256,351115,5281,367174,5475,
2026-09-30,19:40:25.616,999,407992,5732,442655,5717,416665,5894,433899,5736,338947,5859,401076,5964,399158,5845,436934,5725,406498,5653,406625,5568,386222,5837,367421,5900,318603,5548,413695,5860,379700,5666,397451,5957,
2026-09-30,19:40:26.615,999,331943,4662,368306,4760,342678,4813,381253,4985,287685,5060,333208,4957,328489,4814,362047,4717,325753,4536,345343,4698,326789,4887,312143,5111,271266,4804,338094,4797,317700,4775,326381,4865,
2026-09-30,19:40:27.616,1000,329180,4617,337955,4367,331634,4662,342666,4491,263710,4652,306086,4587,309102,4556,345735,4506,304796,4241,319020,4325,296850,4436,286205,4674,258036,4591,327129,4668,286001,4331,308668,4592,
2026-09-30,19:40:28.616,999,335681,4726,344257,4450,332677,4678,350305,4598,268964,4723,322366,4818,314550,4636,364149,4746,330325,4593,337279,4581,296224,4432,286699,4657,267169,4708,333758,4749,311084,4702,320925,4783,
2026-09-30,19:40:29.616,999,311731,4402,327846,4245,312140,4385,330509,4337,243439,4305,302342,4497,294104,4297,347322,4517,302556,4207,302649,4108,276501,4135,264244,4315,243969,4355,323313,4580,290434,4355,292563,4364,
2026-09-30,19:40:30.615,999,332782,4694,339264,4394,334645,4696,349797,4585,265624,4657,317068,4721,314405,4604,353506,4601,310752,4342,332260,4502,309808,4646,292656,4740,266641,4709,338193,4789,299601,4493,315003,4702,
2026-09-30,19:40:31.616,1000,335135,4731,361749,4683,337156,4797,348811,4624,275226,4793,334759,4982,329108,4826,375861,4888,339831,4745,337220,4620,323969,4903,321133,5184,282205,4940,352898,4991,324614,4847,334832,4982,
2026-09-30,19:40:32.616,999,320488,4539,371623,4831,327477,4609,342913,4505,271962,4760,315272,4697,313167,4597,367854,4786,329789,4622,343584,4665,327900,4905,308770,4996,272014,4791,348580,4949,311472,4670,327431,4886,
2026-09-30,19:40:33.616,999,327042,4600,352338,4552,328760,4619,346985,4539,253684,4496,309570,4588,303903,4439,362055,4708,316110,4393,332888,4511,319567,4779,292478,4789,258067,4617,341071,4811,299423,4468,306207,4572,
2026-09-30,19:40:34.615,999,342589,4830,366734,4760,339324,4756,359305,4687,269100,4774,328113,4853,314185,4584,371474,4839,327355,4575,339776,4599,338225,5049,305247,5025,268930,4797,339521,4788,310348,4631,325449,4860,
2026-09-30,19:40:35.616,1000,368114,5200,406075,5275,368357,5230,387398,5115,298449,5248,359226,5303,341037,4983,408884,5319,360830,5047,354935,4863,347955,5237,339636,5554,285077,5059,380487,5360,345321,5147,354686,5268,
2026-09-30,19:40:36.616,999,389276,5552,424361,5535,394615,5550,413944,5423,319303,5570,383521,5684,371130,5425,429137,5582,381643,5377,387249,5258,377020,5653,358160,5812,316583,5559,409503,5782,358762,5352,376776,5593,
2026-09-30,19:40:37.616,999,642911,9154,694049,9084,640954,9194,687637,9157,536586,9070,617054,9138,615685,8994,705674,9209,628375,8874,636870,8789,612261,9317,591018,9317,532546,9071,667366,9390,624256,9301,599385,8911,
2026-09-30,19:40:38.615,999,342694,4846,367848,4762,334533,4714,367842,4837,277087,4857,342205,5073,327116,4781,370476,4817,328834,4588,339285,4611,321429,4817,302112,4928,273978,4855,348666,4922,325372,4874,324664,4832,
2026-09-30,19:40:39.616,1000,315472,4482,348852,4564,321960,4504,344119,4496,255718,4504,310084,4595,298318,4357,341653,4446,304306,4266,324293,4404,312365,4677,285934,4670,251243,4459,333148,4712,305166,4562,321363,4787,
2026-09-30,19:40:40.616,999,314834,4473,355938,4646,332848,4669,338188,4422,263124,4645,315188,4666,303090,4424,352112,4580,312863,4389,321012,4361,314724,4714,292290,4757,261104,4634,329916,4672,306824,4583,317989,4744,
2026-09-30,19:40:41.616,999,316177,4473,356226,4619,336636,4730,345062,4524,254190,4441,314791,4676,300502,4391,355377,4629,309767,4346,322275,4369,318053,4765,298625,4848,272437,4814,340297,4813,306996,4607,315398,4687,
2026-09-30,19:40:42.615,999,361476,5119,379618,4949,350039,4903,368903,4835,277935,4865,337267,5014,341666,4996,386655,5028,337980,4749,349380,4738,339338,5068,315479,5140,289187,5132,363063,5144,337408,5062,338924,5039,
2026-09-30,19:40:43.616,1000,308883,4362,338292,4381,317619,4451,333117,4365,236341,4183,290335,4295,305307,4453,337164,4397,297036,4141,312636,4232,301833,4510,283882,4661,250626,4477,336700,4753,295765,4416,310708,4637,
2026-09-30,19:40:44.616,999,328452,4634,360241,4650,346459,4847,360046,4707,260551,4600,322843,4787,339006,4952,382058,4989,327818,4592,333888,4523,332461,4971,304668,4982,271582,4821,333221,4704,318311,4764,336180,5017,
2026-09-30,19:40:45.616,999,367757,5182,387276,5013,377799,5358,388282,5148,295565,5167,356927,5286,360808,5267,401308,5232,362884,5067,374860,5128,346755,5232,339253,5526,297246,5260,378733,5350,353319,5290,366196,5459,
2026-09-30,19:40:46.616,999,392086,5543,435928,5648,404245,5738,420358,5574,332970,5673,371931,5493,400233,5828,423107,5592,381643,5361,393458,5380,369321,5553,376070,6036,341004,5877,416961,5863,376218,5603,375912,5648,
2026-09-30,19:40:47.616,1000,380368,5356,398568,5165,386290,5436,399166,5245,313444,5407,343924,5202,381270,5651,414707,5402,372545,5189,384499,5230,363713,5442,343367,5515,317474,5514,400651,5726,349360,5315,371294,5516,
2026-09-30,19:40:48.616,999,336855,4754,365159,4727,343878,4833,340581,4455,272997,4780,315817,4731,336067,4943,380452,4957,341695,4757,348944,4732,334707,4998,306525,4973,276557,4884,342558,4874,315572,4757,318447,4757,
2026-09-30,19:40:49.616,999,534501,7432,585669,7493,546117,7675,563967,7401,449741,7417,481261,7587,495684,7631,574781,7462,534184,7375,553281,7487,517251,7683,503030,7813,448901,7552,514671,7588,473296,7516,533936,7870,
2026-09-30,19:40:50.616,999,312992,4417,331064,4303,323195,4558,331030,4363,259576,4533,306836,4555,310234,4536,368025,4787,309975,4303,320420,4363,307909,4629,290060,4711,269716,4767,320860,4527,299073,4467,317499,4719,
2026-09-30,19:40:51.616,1000,324419,4568,345439,4486,327084,4624,346464,4539,263822,4636,318858,4730,312885,4583,361132,4697,317107,4407,314731,4287,315588,4738,299791,4899,266129,4728,328560,4641,310595,4658,327189,4864,
2026-09-30,19:40:52.616,999,366401,5162,407275,5284,371201,5218,383025,5020,295639,5164,353037,5290,352445,5202,401152,5216,359999,5024,375339,5092,361234,5397,338924,5515,305661,5368,372489,5305,346478,5234,356823,5298,
2026-09-30,19:40:53.616,999,626690,8741,695271,8913,636098,8880,656322,8556,525475,8793,571824,8903,588398,8964,663673,8658,608078,8426,638986,8585,605228,8963,582432,9120,529033,8958,610767,8931,569442,8944,593596,8793,
2026-09-30,19:40:54.616,999,551863,7758,606322,7817,541527,7630,606837,7961,469337,7976,500023,7638,531198,7952,608181,7949,549988,7623,561247,7650,532891,7991,506206,8046,458007,7899,541528,7815,507906,7831,525912,7838,
2026-09-30,19:40:55.617,1000,376010,5305,409675,5309,358637,5096,400370,5291,314868,5443,358963,5374,371249,5483,412737,5374,365936,5103,383741,5270,361252,5462,358380,5770,317491,5541,384936,5475,362584,5482,367514,5477,
2026-09-30,19:40:56.616,999,410732,5781,436876,5651,407675,5803,424347,5614,320714,5552,379074,5618,407051,5936,448878,5858,392782,5447,405680,5569,392389,5937,374384,6028,345759,6039,416403,5888,394181,5902,377497,5643,
2026-09-30,19:40:57.616,999,338913,4785,369781,4792,352156,4947,367752,4836,278884,4860,319421,4815,343765,5092,391239,5086,345512,4816,363222,4920,329751,4930,315626,5096,289535,5069,358770,5120,319217,4844,344292,5131,
2026-09-30,19:40:58.616,999,353136,4966,377482,4880,355971,5013,382268,5015,286299,4972,334170,4998,348980,5133,397952,5177,357801,4975,364837,4958,337099,5044,321666,5185,288190,5047,370973,5268,318860,4809,349115,5205,
2026-09-30,19:40:59.616,1000,339070,4786,362586,4699,326171,4586,369630,4843,271039,4745,323552,4842,329028,4841,380079,4937,335674,4670,339441,4635,316389,4736,302080,4905,273750,4836,349563,4976,310157,4691,331302,4932,
2026-09-30,19:41:00.616,999,322147,4542,350082,4537,329669,4635,346973,4552,267017,4739,314052,4662,329048,4815,366666,4772,308464,4295,324141,4399,306023,4581,297869,4869,267940,4771,350155,4954,312574,4680,323596,4829,
2026-09-30,19:41:01.616,999,328171,4598,374992,4837,351148,4989,354876,4703,281971,4950,329594,4869,346162,5047,396729,5161,338260,4689,347646,4759,323801,4910,307055,4998,275347,4860,358089,5045,316542,4712,339214,5052,
2026-09-30,19:41:02.616,999,331482,4667,368426,4766,345580,4870,365779,4799,273688,4826,328998,4905,335448,4924,386852,5033,338945,4707,333299,4527,325052,4881,304938,4991,269873,4791,354459,5035,307819,4637,334570,4984,
2026-09-30,19:41:03.617,1000,324023,4562,344032,4454,331309,4650,335650,4396,262610,4652,314683,4703,320998,4716,357129,4648,319128,4430,313803,4246,309278,4629,298813,4880,264854,4713,332705,4729,294389,4430,319590,4762,
2026-09-30,19:41:04.616,999,358611,5055,391479,5058,367499,5165,364105,4758,290706,5093,333337,4979,336727,4945,395584,5150,358613,4982,357958,4840,347932,5187,327889,5315,290246,5128,366496,5207,335543,5050,354464,5282,
2026-09-30,19:41:05.616,999,361631,5088,389051,5027,340207,4834,359275,4762,279634,4870,341751,5093,333816,4897,390275,5072,339766,4723,353635,4841,333779,5033,316079,5097,285347,5041,365925,5181,336523,5046,346548,5156,
2026-09-30,19:41:06.616,999,313598,4420,333434,4329,327617,4616,321339,4217,248450,4386,303875,4509,307001,4476,330967,4301,308222,4288,312480,4242,295837,4427,278917,4548,256638,4566,328928,4643,293781,4391,296954,4430,
2026-09-30,19:41:07.617,1000,316746,4466,347187,4490,328594,4636,347742,4560,259711,4556,306413,4579,309457,4550,343809,4478,321170,4462,319884,4353,309302,4638,304346,4955,261868,4626,330697,4710,303906,4586,311343,4642,
2026-09-30,19:41:08.616,999,355107,4994,368761,4771,334227,4739,371939,4898,276901,4873,338829,5030,328809,4803,386203,5025,348741,4843,341234,4662,337663,5076,334373,5458,285799,5056,347016,4921,328523,4919,331358,4943,
2026-09-30,19:41:09.616,999,365011,5145,389893,5036,360699,5074,395403,5198,295490,5159,353279,5236,341927,4997,384319,5007,356168,4953,369614,5026,354817,5323,335422,5448,297324,5224,367413,5186,352492,5273,357684,5328,
2026-09-30,19:41:10.616,999,338856,4776,371785,4801,341100,4805,356319,4679,267188,4713,334751,4958,327392,4782,368382,4795,332400,4622,339809,4620,331278,4983,318416,5215,268606,4774,354713,5006,326264,4879,315162,4697,
2026-09-30,19:41:11.617,1000,347149,4875,354860,4597,365854,5143,369649,4850,276654,4894,331481,4921,344547,5030,370842,4822,338476,4696,343584,4677,332200,4999,318896,5222,272869,4864,356389,5036,325285,4876,339722,5059,
2026-09-30,19:41:12.616,999,370843,5214,386206,4996,371672,5239,379058,4995,296067,5209,340066,5070,350852,5144,406287,5284,353788,4914,369710,5039,347624,5221,326887,5319,289027,5116,365313,5181,343950,5170,347796,5186,
2026-09-30,19:41:13.616,999,304990,4297,340081,4396,320175,4520,324469,4275,260586,4600,318530,4713,300678,4385,347410,4526,309029,4295,320223,4371,297900,4476,279930,4583,250283,4439,321585,4531,307651,4585,287113,4281,
2026-09-30,19:41:14.616,999,328388,4612,361899,4686,340203,4793,352562,4630,273886,4857,332589,4931,326086,4762,366865,4775,332380,4614,341079,4645,324673,4873,307264,5024,277083,4949,343758,4861,316557,4728,317520,4740,
2026-09-30,19:41:15.617,1000,371396,5216,395628,5123,365428,5198,373282,4954,296822,5127,368196,5464,372555,5442,405553,5280,365898,5095,376831,5170,354236,5378,340120,5472,298597,5231,392109,5529,361154,5394,341828,5100,
2026-09-30,19:41:16.616,999,359039,5042,386812,5002,351572,5037,357743,4790,285256,4905,343230,5084,362415,5286,393574,5120,341246,4731,363632,5016,336054,5120,338373,5437,294168,5130,367129,5167,346718,5155,343223,5115,
2026-09-30,19:41:17.616,999,332456,4684,359944,4661,337451,4744,349743,4579,253866,4462,316817,4726,336201,4925,354001,4602,322086,4476,331363,4502,314309,4712,308115,5015,265018,4692,329631,4680,320806,4814,319923,4773,
2026-09-30,19:41:18.616,999,351015,4943,385947,4998,357352,5014,366577,4797,281203,4948,340742,5089,341722,5022,379748,4950,338505,4706,348225,4725,328477,4916,328563,5364,279264,4973,350021,4983,333443,5028,337710,5041,
2026-09-30,19:41:19.617,1000,343707,4828,356006,4613,336929,4735,347743,4540,269686,4781,319167,4753,322615,4728,357347,4654,325301,4506,330883,4478,316089,4741,307913,5048,265165,4725,339261,4813,320061,4813,313269,4675,
2026-09-30,19:41:20.616,999,387705,5454,429254,5554,388092,5450,412325,5403,316406,5522,357781,5370,368395,5445,421165,5484,388973,5412,400937,5433,368870,5502,359493,5803,313991,5480,401435,5729,361702,5480,367192,5464,
2026-09-30,19:41:21.616,999,311928,4394,339796,4402,317426,4458,339133,4445,246826,4386,312577,4647,304579,4450,355442,4626,311785,4343,317523,4316,302024,4516,291550,4791,256138,4586,334773,4729,292671,4382,295543,4398,
2026-09-30,19:41:22.617,1000,304180,4273,346249,4487,315791,4429,332860,4356,242013,4275,298267,4455,296944,4360,338586,4405,303387,4200,301834,4098,300248,4495,280943,4581,252577,4507,324485,4620,285610,4302,298383,4451,
2026-09-30,19:41:23.617,999,335267,4720,358464,4643,338060,4743,351745,4608,263481,4649,305721,4591,329965,4875,365948,4769,332483,4622,326927,4430,331974,4957,302493,4932,270245,4782,322665,4608,303966,4596,317174,4729,
2026-09-30,19:41:24.616,999,320379,4514,336317,4355,323712,4552,339880,4468,259325,4578,320136,4751,315416,4603,357054,4651,342707,4757,326092,4440,316139,4748,297238,4866,264282,4676,329883,4677,306767,4591,319450,4768,
2026-09-30,19:41:25.616,999,343888,4827,375848,4848,334291,4737,367116,4866,278738,4866,347472,5168,335473,4920,384356,5010,347481,4832,360033,4924,332242,5008,315607,5131,279872,4938,355040,5035,335623,5033,331662,4937,
2026-09-30,19:41:26.617,1000,364041,5127,392480,5071,347197,4883,391834,5131,289903,5086,346032,5133,345539,5047,382849,4981,362484,5037,374316,5081,348886,5212,326818,5312,285772,5037,380594,5367,332857,4976,345804,5151,
2026-09-30,19:41:27.617,999,345518,4852,359747,4645,341443,4787,369526,4824,279224,4961,328565,4891,328983,4816,371579,4835,345646,4794,354182,4813,330295,4946,317889,5214,262109,4677,353456,5020,315664,4733,337394,5025,
2026-09-30,19:41:28.616,999,355706,4991,390319,5043,347925,4891,362812,4750,281229,5006,350122,5182,345508,5038,381542,4968,345069,4782,356647,4841,338101,5059,323620,5305,280966,5011,375240,5301,329761,4938,338138,5042,
2026-09-30,19:41:29.616,999,324057,4567,366163,4721,335448,4705,352864,4613,273747,4897,317773,4708,322663,4709,359158,4672,333597,4620,334228,4529,315700,4720,314572,5191,278686,5007,352191,4971,317688,4742,326534,4878,
2026-09-30,19:41:30.617,1000,313034,4413,361042,4669,315255,4430,329116,4317,250307,4457,302676,4478,307078,4479,333820,4353,307347,4265,307781,4177,284403,4265,280898,4614,260894,4675,320833,4539,288129,4301,311016,4645,
2026-09-30,19:41:31.617,999,378538,5310,394644,5097,353962,5032,379228,5023,297125,5170,358176,5311,360494,5265,393648,5124,350747,4877,365843,5005,342883,5175,337813,5462,296824,5206,386497,5445,354037,5279,364932,5420,
2026-09-30,19:41:32.617,999,356720,5023,378692,4892,354987,4979,366939,4811,290588,5167,343707,5117,339832,4980,384679,4999,346724,4814,350248,4757,341476,5108,326862,5355,281140,5020,352561,4997,327288,4909,345721,5140,
2026-09-30,19:41:33.616,999,329869,4638,354341,4581,325836,4580,338246,4448,264821,4682,327274,4839,312063,4544,354869,4613,325118,4511,328620,4480,316782,4750,305676,5003,267747,4790,345298,4875,313514,4666,326866,4879,
2026-09-30,19:41:34.617,1000,320858,4514,346387,4471,328471,4612,352592,4612,251472,4486,304500,4511,295641,4306,346505,4507,306389,4253,315127,4281,310170,4643,289611,4775,261831,4697,335455,4737,301330,4502,317868,4743,
2026-09-30,19:41:35.618,1000,350731,4935,410108,5295,356706,5084,373693,4953,302419,5315,354177,5249,345504,5040,381906,4972,346048,4805,352505,4847,329798,5003,314101,5107,288697,5113,367393,5178,343027,5118,354877,5287,
2026-09-30,19:41:36.618,999,357641,5019,389794,5018,358523,5025,383256,4991,288326,5153,343509,5093,342115,4995,381655,4968,340798,4730,372516,5053,331683,4968,316712,5208,284338,5081,372311,5265,334719,5002,346595,5170,
2026-09-30,19:41:37.617,999,373079,5247,400549,5165,378174,5294,404477,5282,306248,5390,368682,5492,371171,5438,413080,5370,373767,5196,387219,5244,366849,5473,339848,5548,298548,5294,384640,5452,336432,5048,367520,5467,
2026-09-30,19:41:38.618,1000,359929,5068,396051,5121,381327,5343,395079,5159,298963,5281,368026,5491,364705,5362,411552,5352,359248,4976,361094,4896,349399,5229,333060,5449,300137,5339,392161,5565,340646,5129,357419,5326,
2026-09-30,19:41:39.618,999,322982,4557,362155,4688,327909,4578,348045,4529,259436,4647,322957,4782,329077,4797,363907,4731,311806,4333,326735,4435,312497,4676,300060,4958,260909,4693,335818,4747,312743,4668,318955,4749,
2026-09-30,19:41:40.618,999,327453,4616,357060,4616,332402,4644,344408,4481,261283,4642,326002,4845,320550,4691,357002,4642,321623,4465,340251,4617,322815,4817,300818,4960,272657,4878,345445,4886,295886,4429,321066,4788,
2026-09-30,19:41:41.617,999,303609,4285,326759,4239,306314,4282,315370,4101,235446,4204,293388,4347,299877,4370,334650,4353,291052,4055,300088,4071,296306,4427,271320,4473,251116,4511,322404,4552,282591,4217,300037,4470,
2026-09-30,19:41:42.618,1000,311766,4403,340094,4398,313964,4396,332032,4327,249145,4431,310308,4612,316397,4631,350182,4557,313829,4357,319371,4313,299678,4464,292891,4798,258380,4639,338091,4795,296067,4448,302679,4506,
2026-09-30,19:41:43.618,999,334542,4728,361173,4676,326508,4572,361656,4718,268947,4768,321837,4784,337060,4926,375540,4894,329893,4594,340013,4606,327290,4867,311563,5087,279719,4994,364847,5158,312718,4687,336017,5010,
2026-09-30,19:41:44.618,999,331454,4671,366243,4742,341369,4785,372308,4858,255636,4556,326836,4840,329285,4807,367633,4790,332551,4619,336636,4560,334497,4978,307270,5063,282579,5071,367419,5190,323771,4845,330153,4931,
2026-09-30,19:41:45.617,999,344077,4844,379684,4910,362153,5120,376696,4965,274635,4850,336431,4980,340706,4974,378833,4926,334083,4651,353675,4828,343779,5172,319448,5236,283603,5063,376330,5305,338008,5043,335474,4998,
2026-09-30,19:41:46.618,1000,389529,5453,422764,5444,382200,5423,397454,5261,305994,5383,369046,5445,372039,5414,421629,5477,380904,5279,396139,5419,358440,5415,347681,5686,310302,5498,409631,5763,366628,5453,387531,5764,
2026-09-30,19:41:47.619,1000,372231,5227,396595,5125,378982,5289,387278,5045,303889,5440,356074,5286,366857,5365,409442,5327,366974,5086,385251,5219,357273,5331,333517,5516,295616,5308,385206,5456,354593,5314,375427,5584,
2026-09-30,19:41:48.619,999,410965,5775,441723,5708,400413,5606,432683,5662,321965,5698,387561,5738,380507,5547,431659,5627,392929,5459,403123,5464,379798,5691,352970,5776,319195,5696,413088,5839,393260,5875,396700,5903,
2026-09-30,19:41:49.619,999,332330,4664,370748,4792,330329,4612,351023,4576,259832,4629,318968,4734,314092,4588,337457,4398,314764,4383,331132,4486,307851,4601,289908,4777,255779,4599,336752,4757,308575,4622,315798,4714,
2026-09-30,19:41:50.618,999,333199,4689,349863,4530,318281,4446,330398,4306,251139,4502,310145,4598,312668,4567,332337,4329,300244,4173,311993,4226,305168,4566,289246,4781,247869,4450,327931,4634,295311,4412,303649,4533,
2026-09-30,19:41:51.619,1000,297685,4201,336814,4364,312722,4363,313434,4083,244942,4391,307634,4549,295925,4322,337493,4390,294280,4099,312580,4225,292612,4373,278650,4597,241546,4333,316538,4476,290830,4343,292202,4355,
2026-09-30,19:41:52.619,999,340117,4778,393455,5081,356328,4986,376540,4895,274504,4877,338806,5044,343608,5029,379150,4934,334056,4640,360942,4881,338046,5051,323552,5320,286822,5143,370223,5247,332913,4975,350420,5217,
2026-09-30,19:41:53.619,999,316088,4446,338227,4379,320385,4483,336205,4386,238231,4244,308880,4571,305237,4454,345688,4494,303147,4212,325305,4403,294549,4400,276853,4562,256783,4607,325545,4599,302796,4506,308243,4598,
2026-09-30,19:41:54.619,1000,347948,4882,376702,4872,363180,5078,373829,4879,275847,4910,351684,5209,351792,5129,382097,4967,355533,4934,363311,4913,345831,5160,321764,5300,284342,5087,368829,5199,342566,5113,348923,5204,
2026-09-30,19:41:55.619,999,353523,4958,385519,4984,367969,5191,380652,5016,281319,4960,341518,5059,343047,5015,378285,4929,352418,4891,344696,4715,340622,5141,318999,5240,279757,5005,363472,5127,337880,5040,341792,5091,
2026-09-30,19:41:56.619,999,350665,4939,379827,4916,356427,4987,388696,5065,287539,5130,355691,5272,350837,5120,391276,5092,353430,4913,358394,4864,345556,5179,323215,5340,290717,5228,371545,5243,329994,4932,350847,5226,
2026-09-30,19:41:57.619,999,313263,4403,345873,4474,338085,4726,369085,4800,257583,4570,304822,4539,303042,4453,336828,4392,313437,4360,324696,4399,321834,4805,280800,4629,262632,4715,341028,4832,299633,4497,314176,4680,
2026-09-30,19:41:58.619,1000,321775,4526,344822,4478,340646,4764,351362,4583,253596,4525,306767,4550,313672,4576,340540,4431,308614,4289,322792,4378,317823,4750,291157,4803,251513,4518,331588,4683,299946,4484,311905,4658,
2026-09-30,19:41:59.619,999,350334,4913,369866,4787,348218,4877,375931,4914,280647,4980,320862,4765,338586,4942,369792,4821,343743,4783,357567,4837,325025,4860,314480,5166,267461,4765,356167,5030,324090,4851,325664,4853,
2026-09-30,19:42:00.619,999,330119,4650,352674,4551,333347,4679,352604,4589,268621,4793,310957,4607,327607,4781,352478,4598,314839,4373,348420,4714,306693,4596,291695,4827,259962,4654,335890,4745,321335,4797,312631,4658,
2026-09-30,19:42:01.619,999,338176,4738,352694,4545,341573,4834,361518,4752,267525,4745,313111,4627,318606,4649,351055,4564,318388,4408,338330,4615,306297,4622,309170,5094,277806,4937,347893,4898,326016,4855,325742,4843,
2026-09-30,19:42:02.619,1000,326217,4589,357951,4631,346814,4846,362852,4710,262286,4645,331236,4922,322959,4739,347864,4525,327989,4545,341792,4618,310538,4622,311542,5149,265226,4771,355091,5027,316173,4741,321030,4777,
2026-09-30,19:42:03.619,999,334045,4697,370344,4786,356366,4994,382614,4986,263782,4715,339206,5022,337199,4922,371810,4839,334100,4646,347226,4714,315058,4714,310787,5133,268989,4829,356635,5028,312106,4664,333683,4976,
2026-09-30,19:42:04.619,999,374640,5267,405936,5244,367899,5184,406026,5308,302361,5369,358560,5310,372515,5432,401160,5217,368090,5112,380092,5182,339193,5113,342512,5624,302543,5413,382338,5405,346911,5196,371213,5528,
2026-09-30,19:42:05.619,999,427432,6000,466306,6008,422879,6005,465080,6156,345080,6016,413180,6117,423025,6173,468285,6091,434910,6032,449458,6169,391002,5928,399089,6479,338085,5950,449298,6342,396202,5918,424776,6310,
2026-09-30,19:42:06.619,1000,300667,4236,340950,4413,319565,4475,339274,4441,251428,4475,310282,4594,316283,4610,350098,4555,313857,4362,320450,4354,288264,4317,282586,4658,254580,4549,327784,4629,292800,4375,302783,4508,
2026-09-30,19:42:07.619,999,335684,4719,377682,4877,358334,5005,363041,4753,275343,4865,331516,4930,345973,5065,375853,4886,333343,4620,353629,4792,325910,4875,308908,5074,275037,4897,360041,5103,331555,4976,334338,4975,
2026-09-30,19:42:08.619,999,333657,4701,372651,4828,350068,4909,364438,4777,274609,4859,342091,5079,347372,5086,373992,4860,334646,4643,346350,4704,329510,4932,310562,5100,272414,4861,356440,5039,319670,4789,328527,4896,
2026-09-30,19:42:09.619,999,335536,4725,363427,4698,340239,4752,347353,4525,272777,4867,334235,4953,341881,4989,360437,4689,339384,4707,337414,4573,323858,4836,296903,4893,266344,4781,338663,4781,314064,4698,329183,4909,
2026-09-30,19:42:10.619,1000,355681,5002,376859,4874,369156,5168,382871,5000,293524,5185,348974,5178,360794,5262,386286,5025,347736,4844,368332,4995,350305,5237,317486,5184,289381,5132,367135,5199,336410,5019,350558,5227,
2026-09-30,19:42:11.619,999,339997,4776,355538,4596,344562,4811,344481,4493,269110,4820,339543,5026,331302,4826,360382,4686,337923,4674,345224,4677,328217,4900,300440,4968,265666,4784,343738,4853,323837,4831,318110,4744,
2026-09-30,19:42:12.619,999,376139,5287,402478,5192,396234,5542,406607,5309,289800,5125,365844,5459,367062,5374,412346,5371,375322,5213,380179,5157,380490,5685,319250,5245,307392,5507,374873,5320,351122,5276,370787,5521,
2026-09-30,19:42:13.619,999,356066,4991,397655,5125,376639,5260,376877,4925,285051,5100,344940,5099,350877,5120,394910,5131,344225,4778,352597,4781,353581,5276,309630,5120,294045,5260,362710,5105,344640,5141,339668,5067,
2026-09-30,19:42:14.619,1000,342608,4830,359513,4652,342037,4783,354079,4632,267325,4776,317649,4701,321519,4687,367491,4782,325406,4519,318747,4327,319707,4782,300270,4975,267613,4787,347764,4900,321460,4798,309883,4624,
2026-09-30,19:42:15.619,999,373779,5252,391112,5053,379377,5365,405984,5359,292316,5148,348086,5148,345390,5041,397239,5173,360645,5013,372408,5104,343993,5187,331396,5435,307783,5466,389784,5493,363217,5407,356614,5316,
2026-09-30,19:42:16.619,999,387455,5451,411328,5322,405599,5741,416632,5512,317828,5516,359876,5343,358849,5237,413640,5394,370714,5167,396275,5432,363363,5478,354511,5736,315174,5498,401780,5669,390613,5815,370355,5519,
2026-09-30,19:42:17.619,999,336894,4742,354823,4592,348470,4898,352170,4610,270378,4793,315212,4689,313813,4593,361555,4719,323305,4504,350210,4768,330735,4937,305900,5028,273429,4883,340686,4824,330797,4959,324522,4838,
2026-09-30,19:42:18.619,1000,321684,4525,352620,4560,336643,4723,330913,4317,262416,4670,306606,4540,300170,4384,357237,4649,305964,4254,318673,4333,312340,4661,284671,4704,264861,4759,328543,4645,304161,4539,309439,4621,
2026-09-30,19:42:19.619,999,320377,4513,346735,4483,328642,4613,321811,4197,248461,4418,303882,4507,295189,4312,337809,4396,299206,4168,309038,4194,308695,4610,279249,4607,247272,4425,327757,4637,304624,4546,298549,4456,
2026-09-30,19:42:20.619,999,346175,4879,371862,4819,336847,4747,365580,4791,279880,4942,330105,4890,316717,4622,378870,4924,353889,4904,340733,4644,327654,4930,303828,4969,285225,5077,351775,4975,318128,4752,345290,5162,
2026-09-30,19:42:21.619,999,380550,5348,379738,4916,367922,5157,389571,5078,305434,5395,348031,5156,347520,5082,397551,5172,368227,5103,371777,5035,345384,5156,329672,5380,301981,5380,381375,5382,348063,5201,356606,5322,
2026-09-30,19:42:22.620,1000,378935,5312,402920,5196,391421,5477,407563,5308,298751,5306,361142,5368,350754,5133,402445,5234,364892,5064,379795,5154,360079,5388,327536,5392,301928,5424,383906,5434,366065,5483,359776,5365,
2026-09-30,19:42:23.619,999,337684,4754,367015,4740,377666,5275,368937,4804,277694,4970,343052,5077,328335,4790,381116,4970,343634,4771,356493,4830,333096,4975,300021,4963,285935,5155,364075,5139,338875,5067,332497,4955,
2026-09-30,19:42:24.619,999,555764,7740,606170,7758,571811,7995,608339,7925,465858,7779,502490,7845,502388,7699,590686,7711,539877,7458,572471,7691,520186,7713,499909,7796,467735,7947,550252,8042,501395,7899,521746,7744,
2026-09-30,19:42:25.619,999,547842,7676,583766,7510,552317,7893,579520,7722,455740,7640,505892,7681,497781,7437,578956,7601,528139,7324,549866,7567,493583,7493,476684,7469,448425,7632,536950,7706,493655,7549,498921,7462,
2026-09-30,19:42:26.620,1000,384382,5422,410779,5329,394296,5566,398845,5235,323645,5650,381067,5637,381374,5573,411617,5382,400594,5603,397304,5416,372396,5612,349975,5653,318022,5592,399595,5635,368305,5479,367897,5524,
2026-09-30,19:42:27.619,999,389088,5496,412903,5369,395048,5562,415515,5448,311900,5394,377905,5629,365719,5374,412635,5374,379997,5331,398310,5416,365480,5474,344491,5548,315279,5521,395058,5599,371240,5567,380899,5651,
2026-09-30,19:42:28.619,999,355033,5022,376796,4885,362714,5088,384430,5027,282293,5002,333233,4939,343808,5021,383895,4993,341259,4758,347287,4708,336423,5050,304830,5002,276451,4922,359201,5065,342123,5107,334356,4980,
2026-09-30,19:42:29.619,999,320571,4516,359019,4634,326425,4563,339804,4428,259215,4646,305171,4514,310017,4515,330487,4292,317200,4418,325011,4412,309099,4618,281838,4676,254169,4565,316638,4460,310751,4639,305714,4552,
2026-09-30,19:42:30.620,1000,358863,5060,402518,5212,362035,5089,391498,5128,285412,5078,339883,5049,344668,5032,376848,4896,353304,4934,350391,4769,339899,5092,316002,5200,283143,5044,356713,5040,358542,5359,349167,5191,
2026-09-30,19:42:31.619,999,343640,4851,379693,4923,357919,5019,372792,4869,280666,5014,336379,4978,346430,5047,381254,4955,343146,4783,353139,4801,337170,5057,320209,5292,276352,4939,352067,4968,329861,4926,330764,4921,
2026-09-30,19:42:32.619,999,420428,5876,456350,5876,417013,5913,439850,5810,331640,5798,392322,5820,408407,5969,456146,5924,399545,5550,418175,5724,391074,5922,381762,6196,334471,5884,416244,5884,387633,5796,387187,5746,
2026-09-30,19:42:33.619,999,388671,5471,398314,5165,380327,5330,415108,5412,305480,5406,355969,5266,368452,5358,415271,5403,359011,5001,380640,5165,345628,5177,337034,5511,284901,5066,381474,5384,342419,5125,354896,5284,
2026-09-30,19:42:34.620,1000,337357,4756,355877,4627,343105,4792,355330,4626,262911,4652,308756,4605,324038,4746,349214,4542,310557,4337,337434,4573,303957,4526,296631,4859,261057,4654,330169,4690,313976,4720,317542,4723,
2026-09-30,19:42:35.620,999,353278,4994,385115,5010,353022,4998,382839,5054,295326,5176,340501,5077,345374,5062,381852,4966,348442,4862,357909,4914,338866,5111,318472,5184,287264,5076,361091,5120,335316,5031,332954,4948,
2026-09-30,19:42:36.619,999,352838,4967,375699,4874,357881,5010,373754,4881,281366,4982,342241,5099,332676,4871,380498,4947,328654,4588,349555,4738,329846,4936,299447,4898,280379,4975,355678,5042,337955,5068,337024,5018,
2026-09-30,19:42:37.619,999,340202,4795,367197,4761,336383,4731,355760,4654,279542,4949,340968,5069,337831,4945,372169,4833,317806,4426,352639,4791,325757,4872,293332,4795,270758,4822,354853,5028,318090,4771,331555,4924,
2026-09-30,19:42:38.620,1000,361333,5094,393834,5097,358055,5034,371848,4863,285396,5011,341229,5064,355813,5196,380407,4938,337222,4710,364710,4946,333171,4992,315651,5134,281272,4971,374045,5292,332056,4961,346694,5159,
2026-09-30,19:42:39.620,999,399821,5626,416328,5396,394313,5573,408711,5377,316786,5601,380476,5628,369979,5387,422897,5488,374428,5215,384874,5254,362531,5460,336426,5475,313029,5548,403092,5685,375133,5590,391785,5826,
2026-09-30,19:42:40.619,999,366262,5154,375291,4863,363215,5104,382253,4993,289681,5144,345059,5104,333765,4877,390029,5062,331394,4628,360110,4888,343877,5148,302638,4951,286412,5133,369104,5214,324776,4853,348055,5182,
2026-09-30,19:42:41.619,999,355777,5005,377375,4892,359874,5053,384791,5013,277384,4944,330616,4909,338923,4951,393305,5114,345416,4803,358767,4879,333374,5005,310439,5095,285918,5132,358334,5064,317963,4757,330891,4927,
2026-09-30,19:42:42.620,1000,350717,4955,371156,4816,348582,4877,377256,4914,276625,4916,338079,5049,331641,4874,382042,4961,334414,4668,331055,4479,328019,4882,303621,4961,265994,4746,328666,4665,299557,4505,315991,4696,
2026-09-30,19:42:43.620,999,329789,4653,359636,4663,334966,4727,362443,4748,270919,4832,334979,4951,324231,4731,372547,4842,330102,4598,333367,4535,328368,4928,308925,5061,273986,4899,338674,4784,311585,4658,326749,4861,
2026-09-30,19:42:44.619,999,339769,4797,376492,4879,362209,5089,381329,4981,286627,5055,337656,5019,351959,5146,382574,4977,342773,4779,335749,4567,340771,5111,320621,5221,283990,5039,361899,5120,331065,4950,345917,5144,
2026-09-30,19:42:45.619,999,363560,5122,380127,4936,358285,5091,378492,5002,306472,5358,346291,5128,361738,5285,404068,5253,355693,4961,362757,4967,338918,5118,325768,5293,289496,5103,365800,5146,337273,5035,355380,5281,
2026-09-30,19:42:46.620,1000,371078,5211,394175,5104,371187,5225,394982,5176,297986,5286,362089,5363,371809,5418,410060,5328,352767,4917,371152,5056,360433,5409,327445,5385,294290,5266,372287,5246,346008,5175,353264,5264,
2026-09-30,19:42:47.620,999,416533,5839,467159,6022,422519,5998,429840,5682,336994,5900,410177,6086,407538,5946,447238,5818,398546,5530,409101,5611,392425,5930,368373,5981,333008,5867,405681,5730,391077,5843,388090,5758,
2026-09-30,19:42:48.619,999,376693,5296,414644,5371,391434,5497,405716,5283,289179,5162,360741,5345,358755,5232,399423,5197,357546,4971,373513,5079,354892,5320,326241,5364,301143,5401,376331,5317,354449,5300,352183,5244,
2026-09-30,19:42:49.620,1000,384595,5401,407834,5262,380575,5336,394683,5150,305928,5397,355845,5305,367045,5379,408774,5327,360858,5015,372770,5062,369031,5524,335876,5466,308275,5470,383089,5434,358934,5388,352729,5261,
2026-09-30,19:42:50.620,999,351682,4944,370574,4775,355812,4966,370806,4831,275186,4924,335157,4978,320487,4676,370695,4825,321486,4481,326878,4419,325772,4869,303050,5015,275987,4969,360113,5097,316858,4742,315977,4716,
2026-09-30,19:42:51.619,999,368658,5174,385947,4988,383989,5360,386304,5033,285111,5055,351255,5244,360769,5308,402640,5248,348846,4846,362544,4906,342077,5111,321326,5259,297116,5314,374887,5336,337779,5090,337200,5039,
2026-09-30,19:42:52.619,999,356773,5006,380943,4911,362234,5066,373477,4864,272755,4802,332855,4998,341704,5035,370909,4844,348828,4858,357853,4844,333910,4998,312942,5116,275848,4911,360660,5150,326446,4931,328299,4888,
2026-09-30,19:42:53.620,1000,325136,4569,349401,4504,325917,4562,331540,4327,237733,4224,298459,4436,307619,4486,354329,4615,304216,4232,313446,4240,304674,4557,276023,4539,250951,4509,337601,4786,302446,4520,301868,4504,
2026-09-30,19:42:54.620,999,348020,4896,358806,4643,341208,4797,357232,4684,253388,4502,315263,4671,316431,4617,366821,4782,325002,4522,325577,4426,312058,4679,291067,4763,275152,4918,345751,4880,307939,4598,325734,4856,
2026-09-30,19:42:55.619,999,388484,5454,421358,5439,397849,5644,413810,5459,310994,5435,360619,5343,373850,5460,415665,5416,390540,5438,385461,5278,375192,5687,356946,5771,310857,5468,396783,5603,365235,5460,373567,5556,
2026-09-30,19:42:56.620,1000,394906,5536,423874,5462,398098,5597,415605,5441,294386,5215,355635,5272,352909,5139,399567,5207,375977,5223,392006,5333,365080,5489,347991,5695,313847,5594,380816,5387,359943,5371,362553,5410,
2026-09-30,19:42:57.620,999,373491,5243,416210,5370,373706,5230,396654,5160,279161,4966,358566,5344,344289,5055,376290,4901,356610,4952,365163,4950,338937,5061,327328,5366,299382,5348,378174,5360,347127,5215,351691,5239,
2026-09-30,19:42:58.620,999,357249,5020,384690,4960,353388,4974,383511,5024,269439,4784,332659,4928,325237,4742,358603,4671,337357,4691,337914,4597,311874,4694,305891,5001,273830,4875,352738,4980,310039,4630,326472,4873,
2026-09-30,19:42:59.619,999,343339,4813,358230,4628,335670,4720,379854,4954,257753,4589,315939,4681,312404,4557,352547,4588,319365,4434,327513,4450,306906,4596,291606,4779,262653,4692,338481,4779,303912,4532,323354,4824,
2026-09-30,19:43:00.620,1000,362510,5093,383907,4956,365142,5137,394819,5158,287848,5046,346729,5154,340319,4977,398492,5184,347669,4852,357691,4872,341501,5117,321828,5226,288524,5091,367082,5199,348227,5212,356684,5325,
2026-09-30,19:43:01.620,999,333983,4699,355279,4596,339412,4779,355351,4643,263221,4647,309362,4585,313404,4577,354881,4613,324336,4521,324925,4422,321737,4821,287505,4719,261224,4638,334155,4723,316123,4727,334632,4982,
2026-09-30,19:43:02.620,999,373154,5241,391383,5058,374413,5298,385218,5074,294153,5156,340804,5059,351872,5144,383814,4977,339170,4719,334782,4579,336245,5058,310986,5073,298221,5273,378630,5347,355005,5311,368529,5473,
2026-09-30,19:43:03.619,999,337327,4757,368323,4785,371690,5232,382423,5012,289108,5126,331056,4895,334591,4883,385423,5009,331238,4611,334042,4547,336166,5032,309475,5068,284976,5080,367463,5188,338318,5059,334406,4981,
2026-09-30,19:43:04.620,1000,355990,5008,387692,5032,371249,5215,395354,5171,293974,5216,331670,4934,333570,4873,394864,5133,347373,4833,346267,4700,331527,4968,317394,5205,285715,5090,368970,5229,336135,5029,351685,5241,
2026-09-30,19:43:05.620,999,406326,5707,432906,5598,404336,5697,413342,5426,314116,5568,355569,5284,380196,5556,423717,5507,375755,5222,381431,5204,358491,5390,341037,5583,295645,5250,400500,5658,372491,5553,353169,5259,
2026-09-30,19:43:06.620,999,384210,5405,406071,5249,383654,5377,394252,5147,299432,5307,331651,4923,358592,5242,395468,5143,361940,5047,373198,5060,344650,5169,315438,5162,295226,5239,381169,5381,358009,5358,354520,5275,
2026-09-30,19:43:07.619,999,384924,5397,409214,5278,383306,5373,408570,5325,294347,5183,340451,5131,365977,5421,394880,5142,360861,5001,367462,4977,344222,5156,334829,5451,294717,5209,370686,5300,354903,5385,363821,5423,
2026-09-30,19:43:08.620,1000,341652,4798,383199,4944,354667,4965,377022,4908,273975,4855,317210,4716,327341,4801,347393,4515,332988,4619,338639,4589,336870,5038,292660,4790,273304,4871,341904,4847,333785,5005,331883,4944,
2026-09-30,19:43:09.620,999,315810,4457,341482,4418,322550,4510,339292,4416,253809,4539,293117,4352,293176,4286,323993,4220,302073,4198,306149,4146,302427,4511,262624,4315,247406,4432,329555,4660,295290,4425,310332,4616,
2026-09-30,19:43:10.620,999,323599,4548,348224,4501,318989,4463,340805,4442,251039,4469,310960,4643,299170,4391,335210,4372,311563,4336,325211,4397,309908,4608,282608,4609,263265,4696,342029,4852,292684,4394,323350,4829,
2026-09-30,19:43:11.619,999,341192,4799,365193,4715,346320,4847,352583,4594,263115,4639,323895,4835,321643,4712,345910,4504,327261,4552,338227,4582,323764,4840,305888,4962,272792,4827,350814,4965,316521,4737,325222,4848,
2026-09-30,19:43:12.620,1000,380567,5338,402050,5194,376537,5278,381630,4973,292202,5164,350673,5257,355876,5239,389631,5071,357444,4964,361784,4891,347784,5186,333700,5461,289821,5149,369221,5259,336591,5074,352706,5269,
2026-09-30,19:43:13.620,999,334943,4689,350777,4532,332355,4647,332265,4327,256211,4590,307791,4568,296898,4348,336803,4384,306225,4248,305406,4139,313063,4668,290786,4803,259264,4657,329352,4665,299422,4484,316819,4743,
2026-09-30,19:43:14.620,999,365979,5145,390666,5032,379729,5299,374377,4865,273490,4871,334160,4991,319010,4676,374826,4885,318530,4426,339615,4593,351504,5243,313271,5138,285289,5098,361815,5138,331238,4973,330785,4934,
2026-09-30,19:43:15.620,1000,384881,5399,400575,5159,377335,5323,401124,5266,292265,5174,340229,5051,341590,4987,396718,5168,354367,4910,367914,5019,351805,5297,340937,5589,302845,5405,374923,5290,346337,5177,359517,5363,
2026-09-30,19:43:16.621,1000,386776,5436,394606,5098,353781,4948,394804,5151,304198,5396,351522,5241,346181,5075,391915,5110,362808,5025,382311,5178,366852,5477,338743,5554,297663,5305,381429,5404,347324,5214,350318,5232,
2026-09-30,19:43:17.621,999,393472,5525,426750,5511,394047,5570,421105,5549,337569,5836,376074,5643,363875,5370,452054,5883,390604,5424,406183,5536,392873,5905,365255,5891,314597,5481,412043,5858,371022,5588,378962,5638,
2026-09-30,19:43:18.621,999,331968,4666,363848,4711,325339,4548,340482,4435,266541,4723,304698,4549,296410,4352,347436,4528,322724,4491,325399,4400,317956,4745,283418,4648,252780,4502,334767,4741,305268,4597,308422,4609,
2026-09-30,19:43:19.621,1000,308482,4330,331224,4274,315512,4410,342451,4456,254479,4522,296970,4444,288010,4233,335062,4365,304545,4237,302488,4098,296339,4428,283951,4656,251083,4480,318717,4527,291637,4404,289344,4325,
2026-09-30,19:43:20.621,999,321788,4533,361191,4668,342975,4795,367887,4785,275023,4865,312126,4665,311672,4573,357289,4659,325647,4533,337654,4567,317701,4738,304236,4980,269943,4802,346687,4913,313221,4718,306564,4587,
2026-09-30,19:43:21.621,999,303619,4281,340182,4405,328792,4598,328703,4278,249563,4452,305626,4542,299629,4375,346369,4511,297774,4163,305558,4133,308066,4608,282651,4657,257888,4628,332973,4712,284028,4260,296233,4418,
2026-09-30,19:43:22.621,999,309366,4352,364224,4704,326617,4591,341487,4454,261234,4611,305419,4549,301163,4411,353804,4601,294523,4094,312067,4248,313622,4708,281457,4620,252620,4489,330362,4684,292803,4400,302502,4510,
2026-09-30,19:43:23.621,999,345818,4860,379027,4894,353067,4966,366992,4790,275630,4852,323278,4799,327396,4770,376836,4907,340496,4725,335264,4564,326001,4890,312996,5119,276248,4901,360987,5097,320287,4789,332285,4963,
2026-09-30,19:43:24.621,1000,325948,4573,357117,4592,335534,4713,342297,4470,265201,4732,303743,4509,319304,4659,353971,4608,334468,4636,324222,4415,321243,4817,307902,5061,264259,4730,343775,4873,301095,4516,317073,4730,
2026-09-30,19:43:25.621,999,372069,5227,404749,5228,373532,5276,399653,5253,300345,5304,350515,5185,353625,5145,391971,5108,354910,4945,364939,5008,354944,5367,325801,5330,296702,5286,375590,5297,348057,5194,342012,5096,
2026-09-30,19:43:26.621,999,328981,4618,368854,4762,336834,4740,362180,4739,262545,4657,320441,4741,325958,4748,363043,4733,325279,4520,337558,4591,321319,4827,295160,4849,271351,4870,345377,4876,315542,4714,317085,4732,
2026-09-30,19:43:27.622,1000,378172,5322,416934,5389,381687,5390,396740,5222,312779,5506,367333,5454,368368,5381,427064,5563,360093,5018,369510,5046,350527,5283,326971,5329,311656,5539,390389,5529,357893,5364,367221,5476,
2026-09-30,19:43:28.621,999,357036,5023,393960,5093,374119,5247,392538,5112,299453,5271,339747,5042,350791,5118,395307,5156,353020,4902,355299,4828,332416,5001,321153,5242,301564,5358,375372,5298,344614,5151,344008,5135,
2026-09-30,19:43:29.621,999,336862,4716,379901,4891,341168,4793,362107,4727,279646,4962,316601,4680,330435,4810,380779,4962,340179,4721,324336,4419,317202,4763,300956,4959,266309,4778,336284,4742,307984,4587,316238,4713,
2026-09-30,19:43:30.621,999,329291,4617,353213,4563,337038,4723,343160,4471,249547,4442,292825,4332,297534,4339,334454,4354,302931,4197,292441,3974,281565,4218,274754,4539,242971,4363,315277,4451,281036,4200,294332,4391,
2026-09-30,19:43:31.622,1000,365285,5127,390809,5046,359422,5060,373958,4905,279363,4933,335184,4972,331574,4838,378973,4934,350377,4858,347448,4733,324978,4889,317053,5178,284173,5055,363330,5129,329025,4915,349275,5204,
2026-09-30,19:43:32.621,999,425001,5948,438801,5652,411751,5824,438056,5773,326188,5667,384864,5715,390944,5718,434140,5648,405979,5647,403963,5536,389793,5897,370326,5976,332777,5834,415263,5869,383366,5732,394194,5862,
2026-09-30,19:43:33.621,999,366669,5156,388349,5020,362467,5109,375840,4932,267693,4732,336438,4977,343122,5001,385221,5017,348048,4831,364909,4983,349160,5275,330382,5421,277919,4975,368731,5202,356677,5334,337391,5030,
2026-09-30,19:43:34.621,999,347723,4890,362309,4680,363600,5097,380183,4957,268956,4742,332501,4937,339778,4963,371223,4842,345398,4796,353962,4813,330637,4967,323853,5296,277752,4949,359192,5075,331146,4961,331406,4936,
2026-09-30,19:43:35.622,1000,383329,5388,386017,4980,378768,5395,397232,5258,300040,5226,358564,5299,354220,5170,402051,5237,357926,4985,373857,5166,347725,5291,337577,5482,299001,5280,372338,5251,365447,5454,358556,5337,
2026-09-30,19:43:36.621,999,321957,4527,332871,4303,327507,4611,340849,4464,247814,4403,302619,4483,317268,4632,337478,4400,303892,4221,338117,4613,302572,4548,291291,4782,256494,4584,320803,4531,308236,4613,302884,4524,
2026-09-30,19:43:37.621,999,327346,4601,359533,4649,347893,4896,350071,4585,276467,4874,310656,4638,330273,4847,353098,4595,328568,4569,342221,4658,325571,4879,302176,4933,268189,4762,337101,4790,319124,4803,319981,4768,
2026-09-30,19:43:38.621,999,334039,4687,356525,4618,350440,4932,351419,4600,270066,4780,318548,4713,324294,4725,361805,4705,324525,4504,334390,4566,310469,4673,289496,4751,256700,4562,336886,4760,315252,4713,318871,4752,
2026-09-30,19:43:39.622,1000,375244,5273,412502,5332,391734,5488,398883,5203,291368,5142,357258,5308,363100,5303,385276,5012,378485,5271,380388,5161,356383,5331,323972,5327,295367,5256,372106,5251,356966,5345,373575,5558,
2026-09-30,19:43:40.621,999,350495,4926,386509,5010,372210,5200,390040,5062,266347,4754,327425,4844,325687,4749,391829,5104,349315,4860,343977,4663,336016,5020,307003,5085,277314,4988,357197,5041,333480,4990,331149,4936,
2026-09-30,19:43:41.621,999,340809,4793,362886,4694,358845,5007,375537,4885,264327,4741,314141,4647,314130,4583,368128,4789,339205,4701,341875,4631,324874,4850,301395,5010,269607,4884,344307,4849,317840,4747,314587,4689,
2026-09-30,19:43:42.621,999,319382,4475,351056,4532,337497,4712,348118,4528,258430,4613,300828,4479,315487,4628,357342,4653,317985,4417,326582,4430,302999,4529,287186,4744,264808,4798,334668,4731,300376,4511,304162,4536,
2026-09-30,19:43:43.622,1000,318992,4474,350151,4518,332769,4656,341284,4435,260765,4667,308348,4561,307927,4495,354629,4617,325870,4518,330237,4473,300348,4488,293549,4858,254640,4615,340688,4804,312511,4678,309742,4624,
2026-09-30,19:43:44.621,999,310630,4348,335293,4324,319854,4482,318111,4154,255124,4553,302399,4484,298639,4356,336339,4373,314015,4358,307648,4183,298604,4469,291022,4795,250587,4517,327311,4635,306830,4591,298163,4448,
2026-09-30,19:43:45.621,999,358503,5030,389671,5024,368363,5225,380267,5026,306199,5362,355315,5260,354531,5177,401026,5226,355806,4938,364783,5009,341629,5176,332112,5396,294031,5182,377791,5331,347124,5180,347780,5183,
2026-09-30,19:43:46.621,999,325663,4573,341687,4409,327363,4586,338905,4422,263303,4692,313867,4655,300456,4385,349839,4563,324538,4504,328087,4461,308854,4627,292553,4817,263862,4730,334200,4725,313452,4700,312070,4661,
2026-09-30,19:43:47.622,1000,348394,4890,384491,4947,345101,4896,361834,4777,286364,4987,333569,4958,327292,4799,391519,5093,342792,4756,339665,4661,325128,4933,315372,5104,283309,5005,361088,5113,329701,4945,342732,5104,
2026-09-30,19:43:48.621,999,336624,4743,399733,5163,361767,5064,385524,5021,286167,5108,333241,4939,340291,4967,374580,4879,352623,4894,356004,4830,327052,4895,320410,5268,279430,5009,365565,5159,338374,5057,343277,5125,
2026-09-30,19:43:49.621,999,331121,4647,366379,4728,335223,4690,360526,4687,277276,4982,310184,4585,319992,4663,353311,4598,314938,4363,330270,4481,310955,4632,298490,4939,262759,4744,327722,4626,322145,4809,309537,4622,
2026-09-30,19:43:50.621,999,579869,8056,649161,8298,588152,8212,627080,8152,490179,8186,501671,7800,524066,7978,591840,7726,567563,7817,606682,8153,546790,8085,527185,8227,486218,8243,558200,8147,520851,8185,546321,8106,
2026-09-30,19:43:51.622,1000,505527,7074,561192,7213,487214,6854,517360,6799,405909,6942,442238,6705,455982,6799,522708,6861,473107,6549,511977,6953,456144,6828,427912,6814,406707,7057,478836,6873,461383,7050,472794,7080,
2026-09-30,19:43:52.621,999,400770,5630,422964,5464,377922,5290,405754,5286,303786,5365,357752,5323,361025,5301,406863,5299,357905,4966,389078,5264,370530,5525,329113,5388,315707,5634,387896,5494,364297,5486,366098,5457,
2026-09-30,19:43:53.621,999,346542,4876,371591,4806,328931,4605,356390,4645,272252,4858,318533,4716,333800,4869,370632,4836,321232,4471,329678,4466,321027,4793,294030,4839,266675,4769,349681,4930,330842,4947,326771,4876,
2026-09-30,19:43:54.621,999,322852,4544,346554,4465,312331,4366,336670,4391,254608,4546,306442,4545,310935,4539,345156,4497,301317,4185,315569,4285,296922,4424,271045,4465,248278,4455,340181,4808,318399,4767,297556,4448,
2026-09-30,19:43:55.622,1000,347331,4873,378426,4884,337375,4783,372957,4926,280954,4930,334646,4951,335417,4900,369690,4822,328407,4568,348111,4762,338156,5115,311353,5076,275870,4890,361985,5100,339238,5065,329201,4912,
2026-09-30,19:43:56.621,999,476142,6684,511741,6610,462453,6552,506120,6671,383760,6696,453212,6704,455174,6633,502951,6561,465162,6448,479941,6550,461027,6939,434062,7022,377267,6633,478043,6739,462380,6881,442517,6606,
2026-09-30,19:43:57.621,999,363753,5127,394604,5112,369594,5163,393758,5125,298387,5314,351628,5229,359474,5260,409778,5331,364122,5076,376486,5106,357086,5344,329062,5426,296367,5301,382556,5409,353322,5299,348264,5185,
2026-09-30,19:43:58.621,999,339718,4788,379380,4907,346800,4849,364599,4747,281706,5037,343601,5087,334732,4886,389958,5074,339010,4722,368540,4994,335589,5017,300610,4966,265182,4752,360667,5090,343776,5141,337072,5024,
2026-09-30,19:43:59.622,1000,330049,4657,354722,4596,333351,4671,350504,4574,260066,4646,319786,4741,329983,4810,378529,4926,321188,4480,346982,4705,315624,4726,293016,4845,258079,4631,338238,4769,322464,4827,312614,4663,
2026-09-30,19:44:00.622,999,330988,4660,358477,4634,331297,4639,349793,4552,257972,4601,310311,4592,320224,4659,366193,4760,321496,4469,345846,4686,314361,4698,294597,4873,257602,4644,330836,4665,312933,4667,308496,4589,
2026-09-30,19:44:01.621,999,328262,4636,368701,4772,331784,4647,348847,4551,275531,4867,316740,4691,330630,4822,367657,4782,335180,4679,339820,4604,309219,4620,303797,4974,272957,4850,336107,4743,310152,4649,314135,4670,
2026-09-30,19:44:02.621,999,380802,5344,401802,5180,377668,5343,394748,5197,288619,5048,354136,5245,369600,5408,405746,5274,373257,5178,373967,5101,342751,5163,338526,5540,300526,5330,380961,5384,351350,5269,357789,5301,
2026-09-30,19:44:03.622,1000,673455,9398,719875,9228,693303,9755,738608,9665,589527,9732,613994,9581,648120,9935,750068,9815,692732,9576,708803,9574,647544,9660,636658,9884,557784,9373,655159,9606,614348,9685,634235,9423,
2026-09-30,19:44:04.622,999,377542,5317,393663,5104,370604,5216,405377,5306,280891,4948,346648,5131,337229,4919,381348,4959,362665,5056,361058,4914,337267,5063,319349,5209,287827,5111,367588,5189,346187,5180,353735,5280,
2026-09-30,19:44:05.621,999,361517,5077,401264,5186,350500,4977,385190,5079,284338,4988,347662,5148,348470,5089,392590,5110,346861,4829,352106,4819,332213,5018,310423,5044,284000,5026,364599,5146,340235,5085,351693,5228,
2026-09-30,19:44:06.621,999,335268,4720,392876,5088,345013,4838,356626,4656,269957,4829,326115,4838,331911,4844,369654,4813,327445,4565,337460,4577,315041,4726,296897,4891,267375,4771,354338,4995,323044,4826,316246,4714,
2026-09-30,19:44:07.622,1000,382289,5377,428675,5544,400171,5623,431040,5642,317489,5551,375612,5594,376072,5505,429381,5590,371751,5168,396477,5390,357762,5358,349217,5674,305386,5381,397350,5625,362391,5446,356666,5303,
2026-09-30,19:44:08.622,999,391604,5508,442532,5722,422550,5917,431520,5619,316458,5622,375384,5566,381727,5573,428362,5566,386869,5392,406427,5519,371556,5560,348930,5744,324846,5814,406600,5744,383551,5738,369411,5496,
2026-09-30,19:44:09.621,999,340332,4781,386609,4996,355745,4974,389472,5062,266802,4762,316266,4686,320514,4685,373100,4854,334093,4642,360721,4890,324252,4853,297316,4912,275886,4945,350516,4948,317952,4765,338077,5040,
2026-09-30,19:44:10.621,999,307254,4311,343594,4443,335132,4689,355574,4634,251925,4488,290109,4301,303186,4430,347234,4525,308843,4300,321558,4356,291777,4374,273985,4548,255716,4584,327781,4639,299530,4492,311708,4649,
2026-09-30,19:44:11.622,1000,339094,4773,370891,4802,352433,4943,363382,4726,270160,4752,314579,4728,323857,4780,371794,4839,333919,4649,339066,4605,323274,4838,291757,4761,276473,4888,343555,4897,307759,4669,327063,4868,
2026-09-30,19:44:12.622,999,339499,4770,351860,4558,341905,4794,359209,4688,273486,4815,321213,4818,318886,4710,365538,4760,334021,4650,340730,4624,317398,4761,296384,4841,277625,4898,344902,4921,307316,4650,325692,4851,
2026-09-30,19:44:13.621,999,330876,4662,364877,4732,328083,4607,362796,4734,266355,4703,311397,4628,316924,4638,364787,4739,332553,4627,326423,4426,311458,4662,293117,4786,273223,4847,347595,4915,319838,4785,326505,4863,
2026-09-30,19:44:14.621,999,318240,4473,347495,4502,322950,4522,359417,4683,249329,4461,297176,4405,311742,4557,340514,4427,317925,4416,311035,4221,293093,4380,286732,4745,263447,4719,344708,4866,300580,4500,313974,4671,
2026-09-30,19:44:15.622,1000,358452,5031,391805,5062,351711,4975,380350,5006,276636,4889,336765,4988,339648,4960,382513,4982,360194,5011,344479,4712,310184,4684,313863,5147,276676,4923,364364,5139,326921,4877,330387,4922,
2026-09-30,19:44:16.622,999,375077,5270,388912,5028,384468,5370,415151,5409,291768,5232,361811,5346,356809,5203,378465,4932,374577,5192,356618,4840,341052,5089,317530,5277,296168,5304,388511,5487,355785,5300,348959,5209,
2026-09-30,19:44:17.621,999,413502,5774,417369,5381,409425,5770,420985,5536,324041,5689,386439,5734,391032,5726,431535,5610,394146,5469,395624,5403,368526,5541,354224,5774,318087,5635,412906,5838,387859,5800,380588,5649,
2026-09-30,19:44:18.621,999,373697,5263,387970,5028,364461,5091,396994,5165,289449,5117,351501,5221,356933,5215,391821,5101,362672,5074,359842,4873,329508,4931,316665,5198,293525,5227,388232,5485,357444,5347,347852,5175,
2026-09-30,19:44:19.622,1000,336556,4734,332154,4302,329259,4602,361337,4700,260071,4653,324023,4800,325105,4735,359674,4678,323303,4498,330573,4475,312993,4664,282097,4650,262806,4724,331339,4675,315939,4712,303489,4521,
2026-09-30,19:44:20.622,999,348567,4899,372686,4832,353080,4938,374003,4866,287379,5139,329019,4880,352049,5138,390835,5087,349631,4878,355724,4821,324877,4863,315688,5204,279523,5011,358419,5060,323735,4846,343141,5106,
2026-09-30,19:44:21.622,999,311391,4378,333650,4327,311043,4356,316450,4123,258244,4648,291106,4308,292543,4269,338972,4412,310243,4317,314089,4257,294509,4421,275877,4573,237513,4276,313668,4422,294569,4410,297920,4439,
2026-09-30,19:44:22.621,999,340117,4779,362074,4698,341861,4778,358975,4679,273713,4886,332215,4948,316582,4639,373925,4871,342760,4759,342550,4633,325273,4851,303378,5011,262765,4706,349389,4955,323977,4866,327214,4868,
2026-09-30,19:44:23.622,1000,304399,4279,343178,4452,294259,4120,324836,4236,238617,4266,299147,4421,292756,4273,336128,4379,302958,4212,298309,4039,288137,4291,272347,4510,241464,4341,314768,4440,295205,4423,293001,4362,
2026-09-30,19:44:24.622,999,375994,5298,397784,5152,368043,5157,399642,5212,288816,5105,352822,5248,348450,5093,396943,5164,364915,5086,368492,4993,344022,5149,329796,5404,291164,5185,377940,5346,351312,5261,351511,5234,
2026-09-30,19:44:25.622,999,393061,5521,410644,5300,386545,5457,404145,5313,307610,5467,366155,5421,371188,5422,416911,5420,372319,5171,375469,5114,351289,5286,340704,5592,290705,5188,396793,5600,354970,5315,366507,5452,
2026-09-30,19:44:26.621,999,397457,5597,404290,5222,389214,5436,425384,5544,307250,5430,366199,5452,371625,5450,418664,5482,382005,5298,382008,5168,357517,5339,342328,5620,315169,5592,408530,5787,369346,5551,360571,5422,
2026-09-30,19:44:27.622,1000,350034,4949,385737,4994,362994,5082,362331,4714,279292,4955,330977,4941,325325,4785,381222,4950,332759,4629,333609,4513,334657,4988,309437,5081,288171,5152,370769,5264,325852,4908,339859,5050,
2026-09-30,19:44:28.622,999,336732,4741,391219,5061,346673,4854,369947,4820,266323,4753,323584,4806,331610,4849,377317,4906,322868,4497,332742,4510,335040,4983,302679,4984,271803,4864,358332,5073,320197,4803,326543,4857,
2026-09-30,19:44:29.622,999,349382,4934,380140,4925,365479,5118,374339,4885,291712,5104,340864,5107,353113,5199,395888,5154,338683,4723,353201,4784,335708,5018,317832,5163,287231,5063,356175,5060,326250,4922,332301,4933,
2026-09-30,19:44:30.621,999,312605,4406,331946,4307,311657,4357,312409,4069,246591,4402,307235,4556,299179,4371,337505,4391,295424,4110,306513,4157,291017,4353,271635,4476,244650,4393,319194,4515,292935,4388,303069,4518,
2026-09-30,19:44:31.622,1000,328916,4631,361204,4679,332532,4651,344254,4478,265549,4768,327886,4862,322626,4704,364679,4742,334513,4657,339865,4607,317742,4753,295059,4876,265600,4780,338866,4790,322601,4827,334346,4979,
2026-09-30,19:44:32.622,999,368553,5181,413209,5339,384099,5439,389326,5128,304293,5341,354666,5271,358706,5249,403361,5237,355531,4938,379954,5189,353919,5356,334822,5460,310124,5479,388096,5477,357295,5358,374948,5567,
2026-09-30,19:44:33.622,999,330761,4652,366171,4738,349895,4894,353423,4596,272302,4886,323417,4787,321277,4685,362817,4714,325669,4538,338673,4588,319605,4773,291398,4825,270680,4884,349532,4931,324493,4853,335035,4990,
2026-09-30,19:44:34.621,999,352419,4955,374571,4838,347732,4856,375090,4875,278940,5020,345195,5107,330273,4831,387569,5036,349120,4865,367121,4978,340613,5077,317688,5264,277347,5000,360584,5093,334398,5007,336068,5013,
2026-09-30,19:44:35.622,1000,403407,5670,446640,5770,396147,5595,442653,5820,325558,5739,402915,5960,398049,5816,438935,5706,403866,5628,428953,5867,386585,5822,361217,5901,325875,5790,427137,6027,392527,5858,391653,5823,
2026-09-30,19:44:36.622,999,312899,4415,355806,4602,325483,4556,350347,4562,268184,4794,316940,4689,315142,4603,365390,4760,323633,4504,347729,4717,313281,4682,292072,4832,255425,4582,346510,4888,313614,4688,309464,4621,
2026-09-30,19:44:37.622,999,323658,4554,367163,4752,332408,4639,350242,4554,259553,4624,314360,4678,317654,4654,367034,4767,332137,4611,342351,4638,318728,4761,291020,4792,254260,4555,346602,4907,310708,4676,315777,4690,
2026-09-30,19:44:38.621,999,339459,4782,378189,4903,350564,4905,359538,4685,264101,4698,330490,4885,321927,4690,372721,4848,331443,4623,340399,4620,323244,4853,291935,4823,273798,4928,351066,4953,323106,4830,326249,4859,
2026-09-30,19:44:39.622,1000,306534,4304,339361,4384,324763,4534,334522,4357,241900,4329,299338,4435,310067,4530,339136,4423,301169,4194,309419,4199,296802,4433,268494,4438,255259,4592,323711,4567,305095,4571,310057,4615,
2026-09-30,19:44:40.622,999,345620,4860,372016,4812,357304,5002,379387,4944,271644,4805,326918,4859,327784,4788,360978,4703,327430,4569,349097,4729,314831,4697,303117,4954,281436,5006,363824,5157,325452,4881,336250,5002,
2026-09-30,19:44:41.622,999,309364,4346,347271,4478,323142,4513,335038,4364,252221,4491,303877,4523,291572,4276,332275,4317,293596,4097,310583,4212,292554,4368,276825,4562,241750,4330,314380,4463,284367,4274,303571,4512,
2026-09-30,19:44:42.622,1000,308217,4331,339629,4381,320971,4477,329002,4281,242248,4316,297374,4428,298426,4379,332071,4311,298799,4153,321172,4355,292643,4373,279546,4636,247469,4441,302553,4299,290845,4386,298495,4437,
2026-09-30,19:44:43.622,999,326167,4589,361884,4691,334853,4676,340343,4425,263687,4695,303936,4515,320461,4692,361078,4697,311528,4333,343780,4655,307308,4589,296521,4892,256408,4595,324832,4599,308228,4622,306725,4570,
2026-09-30,19:44:44.622,999,383807,5407,418224,5416,379722,5312,388681,5062,310039,5567,364414,5402,374584,5466,436437,5680,358553,5001,391369,5284,362634,5413,336672,5573,311022,5604,392524,5531,367538,5491,364511,5420,
2026-09-30,19:44:45.622,999,385730,5422,419118,5416,372472,5253,402694,5295,310478,5512,364727,5407,376572,5503,422662,5502,366453,5093,380626,5192,353775,5330,334528,5493,302907,5412,385280,5437,369121,5524,360312,5361,
2026-09-30,19:44:46.622,1000,352414,4956,385626,4970,352190,4946,376444,4918,285067,5044,331801,4911,351276,5126,379072,4937,331973,4618,362036,4902,328525,4911,313859,5154,275345,4884,352639,4983,336759,5026,327796,4876,
2026-09-30,19:44:47.622,999,372807,5244,396987,5128,359317,5077,382565,5040,308811,5390,337288,5017,362594,5314,412220,5368,342744,4778,371206,5054,345220,5197,317351,5159,290568,5130,363096,5140,344655,5161,346055,5135,
2026-09-30,19:44:48.622,999,506504,7059,549870,7060,507357,7076,524663,6826,422799,7090,452262,7083,463799,7099,545919,7094,495108,6868,509958,6840,474940,7026,455131,7160,414605,7040,484270,7101,445710,7024,477132,7041,
2026-09-30,19:44:49.622,999,424596,5973,453922,5880,413093,5805,443163,5824,345000,6015,395203,5925,407014,6014,452688,5898,409415,5703,435457,5933,389605,5848,370294,6007,331548,5834,429260,6116,382654,5812,396121,5901,
2026-09-30,19:44:50.623,1000,363092,5124,386102,5011,357670,5002,364336,4749,284872,5068,334279,4949,337664,4934,367655,4787,334983,4684,353521,4784,336252,5017,305091,5005,270403,4828,355322,5009,309846,4636,322538,4798,
2026-09-30,19:44:51.622,999,352147,4964,377773,4898,348228,4880,363829,4755,284952,5044,326145,4832,341190,4982,371766,4844,338939,4722,355121,4814,329604,4921,306150,5012,276063,4897,351364,4965,311873,4659,316412,4705,
2026-09-30,19:44:52.622,999,398714,5608,429094,5550,396568,5544,422814,5509,316939,5613,384625,5715,388181,5696,428081,5582,393744,5478,409269,5548,378056,5644,357433,5897,307406,5481,396823,5626,370924,5582,375111,5585,
2026-09-30,19:44:53.622,999,344756,4857,358879,4657,355308,4964,367113,4772,266299,4764,331968,4894,335040,4879,368861,4808,316083,4403,347832,4718,312731,4662,293948,4872,266654,4803,341371,4817,311327,4652,308755,4605,
2026-09-30,19:44:54.623,1000,350903,4931,368205,4764,339919,4762,358481,4689,263676,4707,315093,4666,333371,4856,367947,4781,311132,4328,334526,4542,312720,4681,288400,4790,271642,4897,351159,4968,312056,4670,315283,4680,
2026-09-30,19:44:55.622,999,366471,5126,378705,4883,354380,5026,371168,4914,288347,5029,343174,5130,355447,5225,382202,4976,339378,4709,354863,4871,336427,5099,315852,5148,291415,5169,365222,5186,336151,5064,339587,5040,
2026-09-30,19:44:56.622,999,354095,4977,370906,4803,351675,4941,366919,4802,270161,4756,338757,5060,323491,4762,367105,4788,338394,4705,346956,4716,326003,4889,314569,5146,274458,4868,345983,4923,317333,4786,338782,5046,
2026-09-30,19:44:57.622,999,355300,4991,371962,4808,344963,4862,359043,4714,287655,5033,327445,4902,343176,5048,388863,5055,350488,4862,356499,4843,328507,4933,310072,5064,271708,4776,349945,4978,315432,4761,328375,4874,
2026-09-30,19:44:58.623,1000,305209,4283,330777,4277,316089,4439,345545,4511,249242,4435,300420,4448,310294,4521,341634,4449,301216,4193,314600,4277,292924,4389,271295,4494,241374,4320,318155,4506,303100,4545,289843,4317,
2026-09-30,19:44:59.622,999,327036,4586,359151,4629,319400,4484,339326,4436,259015,4597,320750,4787,325435,4780,349788,4551,318106,4417,332209,4505,314959,4718,298662,4924,254976,4544,328361,4679,305954,4611,308107,4594,
2026-09-30,19:45:00.622,999,348726,4899,369762,4776,354693,4986,356924,4673,276273,4907,334639,4996,336267,4954,357794,4652,330634,4599,348596,4725,329953,4946,312497,5136,266805,4737,336611,4777,317467,4787,321495,4780,
2026-09-30,19:45:01.622,999,324255,4558,364081,4701,345488,4855,342093,4471,267633,4787,309655,4601,322500,4721,367077,4766,321282,4469,339150,4600,319792,4789,289374,4784,255728,4591,329687,4661,310945,4653,302463,4499,
2026-09-30,19:45:02.622,999,538059,7504,571956,7355,542403,7689,567500,7497,447808,7555,486750,7500,509517,7686,581405,7551,531364,7350,537458,7343,496936,7484,486139,7650,445217,7583,533944,7718,496873,7684,506387,7498,
2026-09-30,19:45:03.622,1000,380592,5347,399039,5175,374778,5253,410066,5353,302799,5287,355071,5324,371999,5488,406440,5292,365403,5090,377285,5119,360611,5373,330262,5353,301358,5295,382675,5446,358687,5421,364438,5419,
2026-09-30,19:45:04.622,999,368121,5163,392138,5077,368071,5171,401734,5248,286002,5030,338182,5043,355843,5234,372875,4846,341402,4744,353634,4803,334835,4989,323541,5302,289616,5161,357185,5070,333665,5016,346059,5149,
2026-09-30,19:45:05.622,999,365506,5122,403081,5208,363334,5148,388117,5115,286938,5024,342698,5117,351720,5164,396266,5156,349774,4860,360726,4949,331692,5009,331078,5388,289907,5111,370198,5253,334000,5030,344257,5117,
2026-09-30,19:45:06.623,1000,316602,4442,354054,4578,323721,4540,334800,4370,247781,4391,299959,4452,300817,4406,338546,4404,289837,4038,317875,4326,294537,4400,286244,4711,260725,4659,337535,4768,305035,4572,303075,4511,
2026-09-30,19:45:07.622,999,476439,6768,523493,6825,470531,6697,495834,6569,398366,6771,456835,6809,467803,6876,515846,6757,463788,6543,481792,6608,449500,6803,439503,6995,406258,6963,486930,6886,464699,6957,457631,6849,
2026-09-30,19:45:08.622,999,560082,7957,625285,8150,560580,7887,593742,7775,458997,7843,519206,7680,555377,8100,599611,7888,544121,7676,561356,7632,522052,7807,500128,7998,468877,8121,575950,8109,527717,7867,525843,7883,
2026-09-30,19:45:09.622,999,368638,5187,400549,5175,355480,5012,375080,4923,276726,4900,329007,4866,344618,5033,389037,5061,356947,4964,360670,4919,331074,4982,325110,5354,293823,5233,378590,5339,332181,4969,346404,5157,
2026-09-30,19:45:10.623,1000,371651,5229,395182,5107,350806,4930,364561,4763,284391,5080,339952,5040,345364,5051,399164,5187,341750,4754,368856,5017,344088,5161,312069,5152,282998,5071,374411,5290,329799,4927,346775,5155,
2026-09-30,19:45:11.623,999,365355,5157,392029,5076,353257,4974,372079,4867,290588,5152,341106,5070,344703,5053,392195,5111,340015,4724,355416,4847,338390,5084,321375,5279,286443,5114,372920,5280,341959,5131,351842,5239,
2026-09-30,19:45:12.622,999,377530,5283,395051,5103,352290,4956,368985,4835,286088,5056,351510,5237,350563,5149,402989,5242,351670,4881,374821,5105,348782,5238,328653,5386,296482,5279,365597,5178,332600,4989,340749,5067,
2026-09-30,19:45:13.622,999,349708,4909,372228,4825,332408,4705,360126,4731,271314,4794,323914,4797,331232,4837,373493,4859,330257,4599,345097,4707,325364,4891,294669,4848,277495,4940,348710,4922,315706,4725,317098,4716,
2026-09-30,19:45:14.623,1000,353229,4963,369462,4776,345807,4883,376851,4951,274230,4810,328741,4869,329229,4812,378830,4930,341285,4757,362538,4947,343260,5149,316312,5172,283203,5021,361556,5099,322008,4815,328782,4884,
2026-09-30,19:45:15.623,999,368554,5170,373237,4808,368130,5266,375737,5022,293815,5105,339162,5021,342068,4998,410666,5341,356932,4955,363318,5035,349688,5326,337981,5488,283472,4987,365346,5145,331074,4948,350912,5211,
2026-09-30,19:45:16.622,999,632987,8880,687283,8852,634715,8888,667529,8714,522978,8652,563692,8728,574253,8741,678491,8873,620379,8638,654412,8826,603408,8965,586052,9117,526795,8876,620921,9031,571043,8925,608306,9056,
2026-09-30,19:45:17.622,999,563985,7948,621220,8026,565292,8055,593232,7875,462680,7788,529125,8026,530061,7895,613538,7976,567036,7897,584074,8019,515316,7832,518635,8162,462014,7893,544633,7838,512465,7850,537409,7957,
2026-09-30,19:45:18.623,1000,379714,5368,417879,5417,397660,5611,413522,5421,303882,5342,373559,5540,361146,5274,415781,5409,385671,5377,397033,5402,354822,5312,335446,5488,308120,5473,400129,5655,360826,5406,366848,5455,
2026-09-30,19:45:19.623,999,403517,5691,439187,5678,402497,5696,422288,5569,337050,5895,389278,5778,382227,5593,437268,5689,393461,5470,406023,5564,374294,5642,368400,5956,322964,5657,427226,6037,374151,5600,379177,5636,
2026-09-30,19:45:20.622,999,340118,4785,380054,4914,344946,4840,361824,4747,296163,5268,336262,4988,342180,4990,380457,4944,342085,4772,345886,4715,339013,5096,306469,5033,269474,4797,351851,4983,329283,4938,331255,4931,
2026-09-30,19:45:21.622,999,342577,4814,370197,4783,342651,4833,355652,4670,282275,4965,325295,4828,331654,4847,380209,4950,344119,4775,343204,4685,326193,4907,315463,5161,269002,4779,347947,4927,314760,4715,333059,4953,
2026-09-30,19:45:22.623,1000,344179,4838,391950,5051,358669,5021,368981,4815,287811,5077,336447,5041,344167,5069,395652,5145,352430,4906,344004,4664,336996,5038,318101,5212,280261,4990,358042,5099,327465,4951,336450,5002,
2026-09-30,19:45:23.623,999,320288,4501,362836,4684,339417,4742,361333,4712,269455,4765,321469,4819,317975,4668,380289,4946,323653,4497,326734,4428,321005,4804,299081,4909,265274,4719,348139,4949,300234,4543,315814,4693,
2026-09-30,19:45:24.622,999,307239,4319,344985,4462,312701,4378,345011,4504,255029,4553,307402,4577,295026,4319,348760,4539,307738,4277,303226,4127,296189,4436,270536,4451,252913,4526,324378,4593,287753,4324,295053,4392,
2026-09-30,19:45:25.622,999,357525,5018,393826,5098,362377,5153,396334,5244,298378,5207,342526,5093,346996,5074,404629,5266,364943,5071,351184,4831,335117,5075,319560,5169,276819,4864,361908,5127,338420,5072,351253,5223,
2026-09-30,19:45:26.623,1000,367125,5149,388653,5018,381530,5362,383854,5021,292520,5199,342181,5087,337738,4939,390154,5067,355489,4950,369050,5031,338334,5096,316939,5214,278843,4975,358704,5075,336848,5037,345192,5138,
2026-09-30,19:45:27.623,999,383286,5378,402253,5193,375449,5289,392054,5141,295234,5218,364037,5412,346178,5066,409252,5324,371066,5155,373278,5095,337901,5094,323494,5306,287253,5105,371044,5257,337364,5055,356647,5308,
2026-09-30,19:45:28.622,999,375061,5269,400307,5186,372607,5257,401264,5273,292803,5190,351282,5209,342456,4999,394057,5130,361402,5019,367216,5015,342099,5162,320629,5271,288371,5129,380151,5386,344060,5150,350348,5216,
2026-09-30,19:45:29.622,999,327466,4596,348475,4500,307472,4322,355539,4641,255922,4532,311188,4617,310847,4532,360299,4693,310801,4314,313360,4272,307024,4607,287984,4739,250509,4498,325956,4608,293255,4394,296607,4422,
2026-09-30,19:45:30.623,1000,333107,4675,368351,4754,332795,4710,374085,4903,263765,4620,325182,4828,331664,4839,387253,5038,335009,4655,333735,4561,310410,4671,302564,4919,272586,4805,349983,4955,319675,4776,328902,4892,
2026-09-30,19:45:31.623,999,328326,4621,358401,4636,330931,4658,353588,4644,263619,4627,315779,4678,313760,4570,360524,4695,319785,4447,323714,4423,293107,4421,288567,4713,265578,4709,339153,4781,304899,4560,317789,4733,
2026-09-30,19:45:32.622,999,384065,5375,406799,5248,368432,5238,386569,5112,305562,5325,360097,5355,351854,5145,399157,5187,354830,4921,361187,4960,344276,5211,331539,5376,299627,5284,373219,5277,340858,5099,353659,5246,
2026-09-30,19:45:33.622,999,679182,9441,748206,9566,678876,9551,726261,9529,566792,9323,604673,9506,607745,9350,721413,9440,678477,9355,693205,9375,642257,9567,625505,9676,571477,9578,661842,9733,600830,9545,636139,9446,
2026-09-30,19:45:34.623,1000,339404,4778,362912,4703,353855,4964,362574,4741,269597,4774,308780,4587,320723,4688,364546,4745,352560,4901,336061,4566,324881,4852,301139,4945,273260,4884,351556,4977,318639,4770,329990,4916,
2026-09-30,19:45:35.623,999,399035,5597,407122,5258,404353,5726,419266,5524,322946,5664,377759,5664,380090,5579,432442,5635,415850,5768,401977,5488,378317,5700,359635,5832,326042,5777,413880,5885,370950,5595,375581,5572,
2026-09-30,19:45:36.622,999,430864,6043,450972,5825,430789,6055,456224,5963,340347,5968,406362,6076,409551,6007,470144,6130,434901,6043,438938,5960,401694,5999,394298,6427,337794,5957,430122,6112,393907,5925,409824,6093,
2026-09-30,19:45:37.622,999,371676,5227,392693,5067,364349,5109,386481,5050,293668,5184,360421,5400,354034,5207,400496,5211,372306,5166,381815,5174,358447,5348,330329,5405,300530,5348,380853,5423,340792,5136,355419,5293,
2026-09-30,19:45:38.623,1000,341190,4804,359597,4648,350115,4916,363719,4755,275879,4840,327892,4890,328065,4813,364339,4747,332702,4627,336877,4574,322755,4830,303596,4953,287082,5116,350667,4990,323211,4867,326327,4850,
2026-09-30,19:45:39.623,999,303164,4281,314672,4086,313959,4407,331489,4335,245952,4361,300138,4444,298998,4363,327208,4288,307687,4277,309917,4206,296690,4433,272551,4476,250533,4467,315047,4452,292262,4371,300466,4494,
2026-09-30,19:45:40.622,999,329457,4631,351724,4559,329827,4627,348401,4549,265780,4701,332079,4939,321620,4720,368377,4804,346407,4797,338046,4586,316156,4721,293070,4801,261587,4646,329433,4687,303131,4566,324191,4833,
2026-09-30,19:45:41.623,1000,317896,4486,338874,4393,316128,4428,346412,4521,258897,4543,319963,4748,312680,4569,357620,4655,332061,4619,342406,4636,310129,4618,294763,4810,260254,4631,330301,4674,303520,4557,320354,4764,
2026-09-30,19:45:42.623,999,341218,4803,371291,4800,350299,4885,380860,4957,285916,5028,336460,5012,326908,4796,360267,4716,349883,4867,343549,4631,318824,4743,310444,5063,270851,4803,348852,4949,323572,4865,328009,4901,
2026-09-30,19:45:43.623,999,356816,5036,374344,4865,363861,5071,376902,4916,283726,5041,334757,4949,325234,4749,362106,4744,351808,4899,341674,4614,323740,4815,303569,4993,280166,5000,367322,5182,333703,4977,331785,4967,
2026-09-30,19:45:44.623,999,355903,5006,364636,4726,357572,4999,375496,4890,275828,4898,338799,5010,323751,4722,355953,4637,351647,4904,351342,4756,322994,4810,308722,5110,274534,4928,355044,5011,322520,4815,335060,5003,
2026-09-30,19:45:45.623,1000,373402,5254,400918,5196,383891,5423,403494,5314,292472,5134,363101,5374,364676,5321,396885,5188,374004,5195,376318,5132,345568,5197,334863,5490,291952,5196,374728,5284,354321,5284,349429,5205,
2026-09-30,19:45:46.623,999,324085,4578,355493,4605,326663,4566,349413,4559,258803,4601,321820,4763,313563,4580,344539,4493,314921,4394,318548,4324,299497,4471,290571,4804,259511,4658,341072,4821,309134,4622,313824,4675,
2026-09-30,19:45:47.623,999,387655,5456,424198,5485,398923,5630,425937,5612,325351,5599,373369,5557,376046,5515,430464,5635,382076,5328,395453,5409,367104,5519,343792,5507,321691,5616,414680,5860,367409,5507,364415,5430,
2026-09-30,19:45:48.622,999,348644,4909,388733,5036,331987,4646,369264,4811,287315,5082,354037,5249,330498,4829,381526,4998,353780,4921,346536,4694,330476,4929,306730,5013,282130,5025,360077,5086,321157,4806,328822,4924,
2026-09-30,19:45:49.623,1000,340419,4801,358281,4645,330339,4623,351052,4566,270742,4767,324469,4812,324190,4732,378615,4958,317198,4422,332550,4495,309515,4618,296132,4868,270319,4826,328759,4654,323487,4844,323607,4835,
2026-09-30,19:45:50.623,999,293119,4138,323897,4197,306538,4281,320804,4163,234526,4168,287717,4274,287540,4208,328957,4284,284106,3960,293513,3969,281999,4199,257899,4250,232782,4168,306985,4345,269353,4041,287152,4268,
2026-09-30,19:45:51.623,999,303858,4284,325591,4221,311098,4361,329617,4300,249955,4419,294575,4406,301586,4424,327361,4258,294026,4099,298092,4038,293355,4383,278384,4555,247450,4411,305602,4355,287674,4347,312902,4649,
2026-09-30,19:45:52.623,999,361094,5091,372077,4818,351242,4908,373682,4880,285803,5059,335680,5020,343869,5054,380449,4951,337907,4711,349198,4728,332122,4945,314475,5129,275097,4888,348600,4959,330436,4980,346328,5135,
2026-09-30,19:45:53.623,1000,341933,4830,353639,4583,331577,4637,371391,4843,284433,5017,330239,4914,335298,4900,369518,4806,336946,4690,336536,4557,315878,4696,311461,5102,269356,4801,350981,4969,318233,4775,333003,4951,
2026-09-30,19:45:54.623,999,335022,4720,358814,4646,348225,4863,367939,4786,280432,4985,337031,5018,328871,4820,383694,4996,341385,4744,348236,4721,325751,4850,313327,5170,275217,4911,358152,5081,310869,4687,329477,4906,
2026-09-30,19:45:55.623,999,371147,5225,382400,4950,367647,5195,383455,5049,294074,5192,355258,5271,356911,5213,414257,5388,364820,5078,372303,5083,341858,5150,327276,5347,299510,5340,385900,5454,339187,5082,356012,5296,
2026-09-30,19:45:56.623,999,352898,4981,379346,4911,355586,4976,375021,4908,273238,4820,330035,4920,333538,4887,379955,4960,333640,4656,352349,4780,329880,4927,304199,4971,292912,5214,358334,5094,326525,4909,338760,5046,
2026-09-30,19:45:57.623,1000,353548,4964,376827,4873,358792,5028,372927,4868,271827,4789,332882,4965,337754,4953,379570,4942,340863,4723,364180,4939,328151,4888,307599,5039,274601,4899,348985,4935,338892,5092,330091,4921,
2026-09-30,19:45:58.623,999,362245,5107,385396,4981,368922,5162,388559,5072,278673,4895,344382,5103,350493,5119,380250,4960,351136,4888,368100,4988,331406,4947,317002,5183,282878,5020,364344,5154,339106,5073,337096,5032,
2026-09-30,19:45:59.623,999,347048,4893,370100,4801,355422,4972,368493,4799,271094,4772,337464,4994,338897,4941,371487,4856,333507,4651,369984,5017,325061,4855,313893,5130,274439,4878,344870,4878,326511,4890,333611,5008,
2026-09-30,19:46:00.623,999,355475,5006,375339,4862,349410,4881,375151,4884,262344,4671,340304,5053,342172,4995,371126,4835,333659,4642,359374,4862,325828,4859,312134,5132,281713,5060,351099,4966,330514,4957,346640,5170,
2026-09-30,19:46:01.623,1000,336635,4744,364072,4714,338265,4725,367154,4781,270325,4806,327036,4843,329088,4806,367066,4789,327043,4556,337504,4571,316796,4730,298898,4901,264915,4735,341644,4817,315120,4701,316049,4724,
2026-09-30,19:46:02.623,999,385080,5405,408479,5264,390075,5501,408331,5369,311700,5448,360417,5362,367617,5383,393655,5136,375109,5195,374681,5111,351162,5287,351498,5710,309243,5471,378310,5339,352349,5270,361091,5376,
2026-09-30,19:46:03.623,999,352988,4964,379358,4900,360963,5050,377288,4914,287878,5128,340728,5041,355331,5176,393111,5139,361906,5020,372500,5046,347945,5191,331313,5440,282594,5070,369507,5217,336260,5024,334925,5019,
2026-09-30,19:46:04.623,1000,395010,5559,424937,5476,404786,5682,426138,5563,301787,5301,373398,5538,388672,5672,422464,5528,372260,5182,395345,5366,368933,5510,351793,5725,311322,5483,398486,5633,368065,5503,372621,5566,
2026-09-30,19:46:05.623,999,384174,5398,395370,5101,366426,5186,384632,5069,289890,5098,351694,5207,362618,5297,392085,5115,341523,4757,352810,4837,342133,5162,334608,5459,295147,5227,362088,5108,350445,5240,349306,5209,
2026-09-30,19:46:06.623,999,320234,4510,328400,4242,325871,4571,345448,4511,250335,4459,300584,4447,303202,4425,334052,4362,288469,4025,298263,4062,293862,4391,270947,4454,252275,4514,325479,4601,296335,4427,303001,4528,
2026-09-30,19:46:07.623,999,342814,4835,361966,4690,348794,4899,370157,4850,279142,4876,333459,4968,332267,4878,375238,4926,325442,4542,341907,4634,325977,4858,304995,4936,266847,4715,355006,5040,311915,4696,324663,4870,
2026-09-30,19:46:08.623,999,338718,4769,358858,4644,347176,4885,386990,5072,274738,4858,332920,4945,332978,4864,378670,4947,336497,4676,350216,4753,328587,4912,318968,5211,270013,4801,364976,5171,317357,4759,330184,4929,
2026-09-30,19:46:09.623,1000,344671,4848,377735,4885,354596,4979,385835,5042,275383,4836,340913,5054,345377,5048,368704,4822,337753,4699,347029,4706,334674,4996,314685,5095,266619,4695,357927,5061,325499,4868,324164,4839,
2026-09-30,19:46:10.623,999,317490,4462,345387,4460,318443,4460,346614,4521,250700,4461,299762,4450,309438,4521,327936,4274,302783,4211,305934,4144,307994,4603,283396,4673,244848,4377,311837,4414,300047,4491,298449,4446,
2026-09-30,19:46:11.623,999,331064,4637,358671,4625,321720,4514,334860,4373,260795,4617,317050,4688,320363,4670,331524,4349,323927,4489,318342,4309,300110,4487,293061,4805,252559,4492,337092,4755,310008,4633,301203,4521,
2026-09-30,19:46:12.623,999,348535,4894,382459,4934,351740,4926,365894,4772,278440,4952,339548,5049,348356,5102,377582,4920,336774,4698,358804,4863,336711,5046,308011,5068,273049,4850,360889,5119,320250,4803,333017,4961,
2026-09-30,19:46:13.623,1000,346394,4863,360202,4644,330411,4624,352201,4597,265683,4753,319263,4753,323071,4743,372372,4839,334851,4653,345614,4695,322404,4834,300570,4957,262938,4691,343317,4884,316998,4773,319973,4761,
2026-09-30,19:46:14.623,999,322199,4516,321583,4157,309480,4334,332900,4342,255532,4569,293995,4374,309199,4522,339719,4423,311154,4324,310871,4214,307375,4594,272693,4512,243436,4365,322702,4579,288110,4335,288580,4296,
2026-09-30,19:46:15.623,999,387873,5440,400379,5174,371874,5274,402386,5312,317499,5538,372956,5568,367772,5402,402476,5247,369712,5135,384205,5256,360192,5430,339828,5488,302306,5302,392817,5584,348759,5244,365042,5423,
2026-09-30,19:46:16.623,999,323445,4545,334285,4323,323004,4536,346085,4528,256594,4506,313114,4655,310019,4529,347057,4541,320407,4456,329378,4477,309484,4624,289839,4740,251343,4448,335831,4751,304769,4559,290980,4351,
2026-09-30,19:46:17.623,1000,355666,4989,357225,4621,338075,4804,365327,4831,274277,4756,332907,4958,332759,4872,367607,4783,343113,4769,353264,4833,333403,5037,315011,5103,275706,4850,355897,5032,325643,4879,316648,4706,
2026-09-30,19:46:18.623,999,325788,4572,336984,4359,317542,4446,337947,4402,251182,4452,313436,4645,315150,4597,328681,4298,308595,4288,335737,4557,314959,4703,285552,4680,242844,4333,334724,4732,298508,4461,303845,4538,
2026-09-30,19:46:19.623,999,320336,4493,341779,4428,326214,4567,337821,4399,240935,4315,296639,4406,309168,4521,323765,4211,303139,4205,310792,4214,302728,4527,271083,4465,243571,4360,330072,4678,294201,4402,300554,4463,
2026-09-30,19:46:20.624,1000,346748,4867,381759,4930,361085,5065,380211,4967,276188,4891,339756,5042,351240,5124,382786,4984,343212,4762,358967,4862,334830,5020,320953,5262,278266,4956,368605,5229,315474,4719,335097,4976,
2026-09-30,19:46:21.623,999,333392,4674,369639,4772,324933,4555,357921,4656,265715,4725,317754,4707,322372,4711,353650,4619,318057,4413,336594,4564,324041,4836,297653,4909,260148,4651,347693,4917,308573,4621,313781,4686,
2026-09-30,19:46:22.623,999,342219,4816,358230,4635,339900,4766,381319,4959,272501,4826,312111,4649,319781,4684,366135,4765,303998,4244,332458,4507,308037,4602,299127,4914,268367,4771,353824,5016,295759,4437,326103,4855,
2026-09-30,19:46:23.624,1000,320301,4501,341165,4406,326394,4590,333851,4360,245709,4355,298037,4412,302757,4410,335973,4394,281078,3915,320351,4357,300024,4481,274910,4509,256172,4580,328563,4636,297983,4456,289301,4333,
2026-09-30,19:46:24.624,999,318709,4473,329089,4252,315125,4434,337993,4409,247328,4385,305769,4566,297650,4363,359052,4673,296674,4128,322018,4381,304324,4560,279574,4571,256662,4570,332430,4729,290255,4365,292348,4345,
2026-09-30,19:46:25.623,999,349341,4898,389261,5029,363716,5151,391465,5144,281366,4960,339007,5016,335757,4903,388162,5049,345756,4818,364409,4983,327181,4949,316174,5166,279753,4985,363356,5138,329574,4925,340585,5068,
2026-09-30,19:46:26.623,999,334298,4704,358921,4639,339021,4761,356719,4660,274376,4816,326062,4852,326291,4766,371985,4847,325367,4534,341789,4643,314877,4710,306947,5002,271865,4824,348028,4927,310100,4647,328340,4884,
2026-09-30,19:46:27.623,999,344907,4836,367226,4740,357902,5027,365135,4773,289267,5044,325248,4892,338397,5008,397440,5201,334269,4644,347672,4700,334049,4991,311575,5037,277733,4888,355413,5075,318790,4844,334450,5008,
2026-09-30,19:46:28.624,1000,376346,5276,383265,4936,367487,5139,383171,5004,296636,5276,345582,5158,368126,5394,405295,5271,358802,4985,372553,5054,353949,5295,317426,5201,280072,4999,363099,5165,327518,4932,355168,5289,
2026-09-30,19:46:29.623,999,324429,4567,349751,4518,329130,4611,345121,4499,264956,4733,323785,4799,332798,4853,363032,4725,340456,4729,348886,4734,329444,4915,298400,4930,250668,4479,333948,4725,303850,4543,312278,4644,
2026-09-30,19:46:30.623,999,329693,4646,364473,4710,327736,4591,351403,4588,275041,4932,323147,4794,335883,4899,382032,4970,332760,4615,346605,4703,324275,4832,297630,4923,267763,4793,333531,4722,307971,4607,325488,4837,
2026-09-30,19:46:31.624,1000,330509,4658,355432,4595,335210,4707,364786,4778,280418,4967,333044,4931,344697,5014,373276,4860,336278,4678,335315,4574,321979,4827,302727,4962,261129,4648,332339,4701,309476,4630,325422,4838,
2026-09-30,19:46:32.624,999,379590,5326,404342,5209,371884,5273,395712,5213,297403,5241,365244,5435,371570,5433,415878,5411,374086,5190,377566,5167,352687,5313,322499,5250,300458,5315,370284,5248,340641,5111,359203,5331,
2026-09-30,19:46:33.623,999,314597,4421,343783,4441,319889,4490,330434,4306,255225,4580,301812,4471,319829,4665,346334,4505,310737,4316,315154,4283,300243,4490,276786,4581,257730,4619,308194,4361,300064,4486,298239,4439,
2026-09-30,19:46:34.623,999,311063,4367,334746,4328,315445,4434,321478,4200,252588,4524,297754,4402,317021,4622,334917,4355,315257,4389,313642,4257,296633,4430,275606,4559,255461,4590,315766,4465,285049,4258,296581,4416,
2026-09-30,19:46:35.623,999,332092,4657,351080,4526,314560,4460,339553,4478,268926,4760,321043,4752,329216,4794,369106,4802,322071,4479,328457,4511,313935,4728,291653,4763,257224,4553,331373,4677,309799,4627,319224,4741,
2026-09-30,19:46:36.624,1000,340332,4792,375746,4850,317413,4459,358036,4682,254331,4516,317281,4701,322508,4705,361891,4712,330794,4593,334539,4543,315263,4712,297860,4906,263907,4717,344886,4882,326090,4881,327880,4896,
2026-09-30,19:46:37.623,999,360607,5074,403085,5204,359766,5052,391340,5111,291474,5128,340944,5071,354476,5189,394213,5130,354169,4929,356921,4842,344077,5124,320826,5234,290346,5139,382688,5421,346858,5220,358092,5328,
2026-09-30,19:46:38.623,999,395536,5556,426582,5492,397730,5571,428731,5584,316493,5636,378272,5638,385423,5658,431818,5605,379086,5247,395400,5368,360157,5367,344316,5638,315847,5640,413882,5875,373071,5625,375635,5593,
2026-09-30,19:46:39.623,999,333702,4686,355044,4584,338887,4743,364861,4751,267924,4827,314188,4650,318086,4638,360570,4693,330021,4571,336194,4564,320399,4785,301067,4983,272301,4922,345174,4876,319395,4774,315739,4701,
2026-09-30,19:46:40.624,1000,338632,4762,363031,4689,331097,4643,361210,4703,268413,4771,323195,4794,319736,4665,377380,4910,322005,4467,342365,4658,325215,4863,307561,5081,271727,4892,352802,4993,321748,4823,339246,5053,
2026-09-30,19:46:41.624,999,312679,4406,342829,4437,321637,4512,338315,4419,254238,4536,304850,4526,313420,4586,359624,4680,319469,4440,329621,4475,319786,4776,289320,4786,266408,4806,342875,4856,311875,4677,314664,4683,
2026-09-30,19:46:42.623,999,506974,7077,561512,7176,515623,7210,544698,7103,426124,7064,445596,7029,465953,7177,551377,7181,504481,6971,512288,6887,493865,7295,471894,7363,442493,7475,503917,7420,468540,7415,493240,7296,
2026-09-30,19:46:43.623,999,438357,6164,482365,6222,451263,6317,494783,6456,367120,6382,425631,6377,455240,6726,486985,6353,451921,6272,461767,6262,447491,6669,413024,6672,362934,6339,457670,6520,416436,6310,432364,6443,
2026-09-30,19:46:44.624,1000,446803,6263,496947,6392,452127,6384,483293,6374,376571,6491,427303,6420,445083,6567,508501,6676,477168,6606,457832,6261,446499,6723,425461,6842,371285,6434,482936,6882,432711,6518,428566,6415,
2026-09-30,19:46:45.624,999,346493,4857,369735,4775,339493,4810,362442,4788,280674,4931,331119,4911,341815,4992,394622,5148,357326,4959,353521,4851,335557,5066,332317,5433,272512,4839,350345,4944,333309,4973,335047,4985,
2026-09-30,19:46:46.623,999,349211,4884,372004,4798,341280,4793,379679,4973,277923,4904,333591,4983,337213,4946,386936,5042,356260,4934,341807,4639,334599,5002,319884,5239,274999,4886,354714,5034,332109,4994,339920,5074,
2026-09-30,19:46:47.623,999,379771,5336,401441,5183,363135,5097,395587,5167,303000,5329,352196,5276,353010,5186,418182,5441,370807,5146,370464,5031,343473,5140,328025,5356,295295,5241,369288,5271,341591,5172,357686,5316,
2026-09-30,19:46:48.624,1000,409141,5737,424482,5475,403698,5731,419580,5553,328422,5738,377680,5603,386685,5638,441392,5745,385598,5365,387561,5311,377891,5686,364490,5913,327464,5757,409596,5791,381630,5711,386407,5736,
2026-09-30,19:46:49.624,999,365779,5135,372234,4804,354148,4956,366903,4786,278401,4944,323791,4813,345440,5047,379242,4946,337485,4696,345286,4683,337016,5032,321921,5301,276425,4941,359718,5092,339117,5080,342686,5096,
2026-09-30,19:46:50.623,999,321638,4520,328927,4253,306539,4296,323794,4231,249324,4439,299316,4451,304821,4449,336169,4373,307273,4285,319558,4340,291728,4355,275207,4543,241961,4341,322078,4556,300044,4496,295234,4386,
2026-09-30,19:46:51.624,1000,319387,4487,323145,4168,316929,4443,309834,4043,258607,4592,302423,4518,308425,4533,342501,4457,309531,4306,324745,4410,298598,4459,281410,4619,248524,4427,314188,4469,300329,4533,304212,4518,
2026-09-30,19:46:52.624,999,329832,4648,360860,4656,340841,4773,343947,4489,266265,4702,313491,4698,323323,4762,363737,4732,317739,4413,337278,4568,319765,4773,307722,5032,264830,4689,339530,4835,319957,4851,318099,4719,
2026-09-30,19:46:53.624,999,305558,4297,318040,4096,308015,4314,326781,4252,248476,4428,299829,4463,295113,4315,342104,4450,300168,4166,299478,4056,293472,4372,291635,4807,253246,4532,309412,4382,313638,4706,305342,4536,
2026-09-30,19:46:54.623,999,344173,4854,380480,4911,362048,5088,383654,5018,298483,5215,352509,5268,346974,5105,387893,5051,358131,4999,378446,5143,347993,5189,340853,5540,298347,5259,358558,5086,355248,5347,359812,5342,
2026-09-30,19:46:55.624,1000,374210,5258,415407,5355,367307,5196,391851,5171,303050,5338,362347,5405,349382,5111,399859,5208,374635,5194,389895,5348,354849,5345,340146,5556,292222,5201,387061,5476,362901,5432,368490,5480,
2026-09-30,19:46:56.625,1000,447630,6278,467950,6044,444772,6285,470272,6185,363615,6385,427550,6371,428401,6280,479239,6255,455814,6302,471203,6444,437307,6586,402255,6525,353711,6219,460320,6530,412780,6208,434597,6483,
2026-09-30,19:46:57.625,999,353371,4971,365339,4723,342941,4817,374615,4889,284485,5039,328419,4904,336891,4936,380485,4952,339418,4723,358851,4876,330403,4941,296783,4879,270461,4816,351088,4978,318056,4785,342898,5096,
2026-09-30,19:46:58.625,999,343789,4831,363789,4708,346052,4851,343158,4482,276302,4925,336181,4982,336518,4919,368686,4804,339955,4715,349014,4730,320657,4787,298633,4927,266735,4786,346417,4899,304131,4555,322479,4803,
2026-09-30,19:46:59.624,999,367990,5190,395569,5125,359452,5046,382605,4997,299021,5296,351511,5210,351368,5130,401994,5232,357421,4979,364397,4948,342704,5129,332307,5458,300583,5359,383829,5420,343386,5129,349209,5184,
2026-09-30,19:47:00.625,1000,345357,4850,380338,4907,335687,4721,356974,4672,271868,4795,326582,4881,316538,4653,363073,4726,336457,4678,331055,4497,318848,4758,306551,5029,279704,4979,340012,4830,317501,4773,328315,4883,
2026-09-30,19:47:01.625,999,325649,4582,349415,4508,320588,4501,335991,4384,260304,4593,307831,4596,308469,4523,340478,4432,319210,4447,328539,4463,306134,4569,285646,4714,256715,4576,335015,4743,313639,4714,308848,4591,
2026-09-30,19:47:02.625,999,318137,4475,345240,4450,332134,4666,339163,4429,256290,4542,303253,4521,297511,4359,328890,4281,303854,4226,311177,4230,311448,4657,275260,4529,240222,4285,322036,4577,310147,4668,307676,4583,
2026-09-30,19:47:03.625,1000,359836,5045,386886,4968,352638,5004,372535,4902,288893,5048,331815,4957,336203,4939,360617,4692,348780,4837,342475,4677,345253,5206,326935,5323,288139,5064,358656,5091,336436,5066,356939,5302,
2026-09-30,19:47:04.625,999,510641,7110,557763,7132,527362,7373,545239,7106,438607,7289,468536,7379,468268,7209,524536,6840,500700,6910,504271,6780,492442,7290,475454,7396,428344,7207,488617,7215,465770,7392,501306,7428,
2026-09-30,19:47:05.625,999,627518,8771,681116,8747,621760,8804,646928,8530,526313,8983,590851,8971,598614,8929,668289,8737,617344,8549,641726,8761,587521,8822,556637,8882,507267,8767,622755,8903,586368,8948,594341,8839,
2026-09-30,19:47:06.625,999,382765,5398,422644,5460,380723,5330,406183,5291,298557,5298,360650,5372,377886,5530,392229,5114,353093,4925,385557,5239,358245,5353,331738,5468,300814,5363,383574,5433,378295,5675,370559,5516,
2026-09-30,19:47:07.625,1000,358167,5034,374824,4841,351579,4928,383175,5001,285287,5024,338617,5097,344300,5091,370831,4823,338998,4713,373621,5066,344657,5152,309300,5053,288804,5125,354116,5043,336049,5098,346351,5145,
2026-09-30,19:47:08.626,1000,334347,4705,355992,4606,336077,4725,377225,4925,268034,4727,325379,4843,329748,4834,347352,4519,310219,4325,348969,4744,324507,4864,285192,4685,284777,5089,336395,4760,328672,4931,332477,4949,
2026-09-30,19:47:09.626,999,326611,4586,377220,4869,330898,4630,353618,4625,267878,4734,321623,4820,327148,4802,370152,4816,324699,4506,345132,4687,325496,4861,291591,4801,274442,4900,340307,4835,319863,4825,339988,5058,
2026-09-30,19:47:10.626,999,356720,5000,391806,5046,357348,5003,371834,4868,290891,5113,346166,5152,350760,5133,390335,5076,344668,4792,362830,4924,339586,5072,319450,5201,289731,5128,353757,5013,334995,5035,351585,5221,
2026-09-30,19:47:11.626,1000,325781,4574,342947,4426,330423,4625,343018,4478,258459,4594,293400,4399,311537,4593,363295,4729,302782,4203,326568,4428,309312,4611,291931,4798,261234,4671,319390,4540,303421,4584,321614,4784,
2026-09-30,19:47:12.626,999,362345,5090,389091,5030,365658,5135,383976,5033,286598,5035,349051,5227,353012,5194,406070,5284,347540,4837,352013,4781,355107,5297,331058,5405,286101,5084,355785,5072,337526,5105,353297,5267,
2026-09-30,19:47:13.626,999,341723,4808,355272,4599,331074,4636,351618,4586,261958,4662,324686,4821,325047,4731,361804,4694,320750,4458,324097,4397,321906,4799,294039,4846,270058,4851,334072,4717,308057,4612,326008,4848,
2026-09-30,19:47:14.626,999,371895,5213,381251,4941,359134,5030,382264,4998,299144,5308,346008,5183,354053,5212,384890,5000,351246,4886,374823,5084,347778,5194,328162,5371,289102,5149,361657,5143,338788,5136,358639,5334,
2026-09-30,19:47:15.626,1000,388998,5452,422264,5455,392523,5547,413512,5448,318205,5580,362441,5421,369048,5435,419555,5458,363147,5052,389216,5324,357152,5390,349751,5688,310952,5484,389253,5537,368717,5570,370463,5496,
2026-09-30,19:47:16.626,999,394748,5549,426149,5499,393572,5523,426921,5592,318003,5613,369385,5484,384817,5625,408035,5316,375697,5238,402678,5471,370410,5544,354102,5771,311463,5543,394235,5576,367911,5510,372078,5535,
2026-09-30,19:47:17.626,999,349603,4909,368633,4749,333710,4680,364670,4759,279550,4970,315649,4706,316584,4650,349965,4549,319117,4433,335905,4567,323091,4815,292719,4802,276811,4949,343631,4875,316887,4768,323501,4813,
2026-09-30,19:47:18.626,999,363409,5081,395543,5092,353526,5013,381680,5028,295565,5190,331038,4905,345177,5039,373743,4859,333544,4628,341970,4682,338536,5088,316709,5164,297588,5243,361632,5091,333514,4981,336219,4994,
2026-09-30,19:47:19.627,1000,324526,4576,352809,4569,315349,4417,337200,4403,255491,4548,307299,4581,302522,4424,343134,4464,297456,4146,304499,4133,298359,4457,288205,4739,264035,4713,337814,4782,306925,4607,315389,4697,
2026-09-30,19:47:20.627,1000,355442,5007,390012,5056,359964,5058,366731,4791,281205,4984,333322,4956,329965,4847,380195,4951,337661,4703,357889,4858,329240,4913,316369,5176,292928,5199,358797,5076,329448,4955,340141,5063,
2026-09-30,19:47:21.627,999,354959,4984,377884,4894,359414,5050,367682,4823,287075,5092,328358,4882,347796,5090,382594,4975,329847,4584,341275,4632,340346,5092,320781,5253,283243,5009,361752,5123,315869,4739,348493,5177,
2026-09-30,19:47:22.627,999,367398,5165,396975,5123,378118,5292,389528,5085,300552,5372,349620,5208,347244,5098,399140,5194,353716,4921,367248,4980,345815,5147,324584,5355,290139,5203,377234,5339,331892,4979,359395,5349,
2026-09-30,19:47:23.627,1000,352752,4961,386061,4977,364800,5104,377123,4914,286069,5141,332676,4926,342670,5014,375671,4882,341376,4739,339596,4607,330424,4938,312656,5182,273288,4930,363149,5131,327208,4888,346819,5160,
2026-09-30,19:47:24.627,999,392571,5505,415460,5362,387517,5421,420745,5481,302017,5394,345732,5122,358467,5233,415221,5401,360860,5025,350231,4752,354029,5316,338522,5594,311885,5600,397221,5609,362820,5415,366608,5453,
2026-09-30,19:47:25.627,999,384508,5400,422529,5449,384899,5459,413748,5447,300648,5303,355559,5263,359612,5257,413131,5375,363256,5044,372655,5116,361769,5484,337097,5538,302112,5383,389715,5498,355643,5303,367032,5451,
2026-09-30,19:47:26.627,999,344989,4872,378342,4903,356224,4988,373818,4884,273185,4861,330613,4913,341737,4991,379082,4930,322166,4495,336944,4583,332498,4979,313176,5168,277797,4957,364898,5163,327249,4892,340577,5071,
2026-09-30,19:47:27.628,1000,361239,5078,396889,5121,369055,5180,373025,4876,293275,5159,346627,5163,349965,5141,386950,5037,347073,4822,348024,4726,333136,4975,331237,5423,289083,5107,364238,5172,338015,5078,350079,5210,
2026-09-30,19:47:28.627,999,355096,5002,395514,5112,361962,5081,379680,4961,282596,4995,342261,5092,339859,4988,373869,4862,337659,4707,338075,4598,334513,5002,325328,5338,282749,5004,363482,5153,346970,5204,345418,5137,
2026-09-30,19:47:29.627,999,329906,4639,355618,4599,333591,4673,350486,4576,259939,4605,311576,4626,316428,4629,356993,4649,315027,4376,304881,4141,325519,4850,301248,4963,258552,4610,323382,4573,304364,4549,312492,4661,
2026-09-30,19:47:30.627,999,338251,4768,374420,4842,347522,4854,364133,4750,263529,4697,319321,4742,328353,4799,360485,4689,321187,4469,324480,4402,326283,4865,307202,5076,263191,4733,339656,4807,314628,4709,312511,4650,
2026-09-30,19:47:31.628,1000,345913,4858,361803,4660,333253,4648,363689,4738,261577,4659,315751,4712,326477,4784,361765,4699,318457,4415,327232,4429,320652,4776,304705,5027,257434,4611,333093,4728,308187,4642,306182,4546,
2026-09-30,19:47:32.627,999,377689,5297,411737,5312,380341,5317,403226,5257,287857,5136,352114,5256,359312,5275,402645,5232,348705,4842,379086,5136,353039,5259,331641,5463,293916,5256,375779,5335,352060,5292,361881,5384,
2026-09-30,19:47:33.627,999,379863,5321,419641,5400,373226,5288,394613,5212,307888,5384,354491,5262,358223,5235,412161,5357,361211,5006,379049,5189,359620,5425,345369,5637,304076,5355,380354,5362,368909,5507,368907,5477,
2026-09-30,19:47:34.627,999,343685,4844,379514,4894,345268,4835,354748,4616,271181,4831,327165,4854,324283,4746,375756,4888,336983,4692,341005,4630,328064,4905,308492,5108,270793,4842,343543,4860,319929,4797,341736,5087,
2026-09-30,19:47:35.628,1000,373493,5251,402123,5195,366142,5163,368127,4842,291202,5132,346732,5140,359762,5245,390958,5082,350639,4863,348899,4784,342280,5180,316373,5190,285712,5093,376278,5304,338597,5058,358291,5332,
2026-09-30,19:47:36.627,999,367976,5175,381368,4943,364582,5121,367424,4803,286457,5103,335268,4965,346241,5059,385320,5021,342183,4751,359255,4881,338595,5058,316234,5204,294944,5260,377351,5341,340932,5096,353660,5273,
2026-09-30,19:47:37.627,999,339910,4789,372101,4826,348030,4875,363225,4751,271465,4812,322490,4809,323383,4758,375024,4878,328989,4565,351431,4752,326121,4879,299443,4938,276628,4943,353460,5017,320696,4824,331399,4928,
2026-09-30,19:47:38.627,999,374283,5264,400915,5202,365174,5147,399983,5251,298931,5228,350162,5234,367349,5402,410255,5339,363232,5049,382840,5201,353689,5285,328271,5341,295305,5210,387701,5504,340310,5133,354280,5271,
2026-09-30,19:47:39.628,1000,339826,4782,371597,4807,337874,4739,371607,4853,270425,4818,324498,4842,318890,4679,357159,4647,325334,4509,343956,4662,309040,4612,285337,4686,272585,4867,354375,5040,316574,4787,325453,4850,
2026-09-30,19:47:40.627,999,371438,5213,408887,5278,368504,5189,398819,5232,293948,5186,364684,5423,347980,5094,394384,5123,367072,5086,375418,5117,349417,5252,321875,5261,302571,5376,368963,5230,342243,5134,368243,5482,
2026-09-30,19:47:41.627,999,338883,4760,363033,4687,346075,4850,372650,4861,264269,4700,331596,4906,334298,4886,375993,4890,337453,4684,338162,4595,312889,4691,292960,4831,263313,4725,343190,4852,320447,4787,331595,4927,
2026-09-30,19:47:42.627,999,350616,4942,381309,4933,374413,5253,392437,5120,284599,5031,345312,5175,334470,4933,399650,5204,345514,4791,355086,4825,335568,5008,317202,5183,288979,5153,366612,5220,342373,5165,352981,5241,
2026-09-30,19:47:43.628,1000,331406,4657,364090,4702,342095,4796,359802,4709,265294,4716,316603,4731,317213,4655,383162,4986,339266,4704,340452,4615,325308,4864,302357,4949,275486,4910,352267,5005,316383,4758,324906,4831,
2026-09-30,19:47:44.627,999,356257,4998,396308,5127,359339,5042,384717,5023,292938,5196,353342,5267,338395,4957,400730,5218,355787,4947,374478,5080,355001,5304,337489,5500,281374,4975,373350,5294,338446,5078,342449,5100,
2026-09-30,19:47:45.627,999,339987,4778,351258,4550,316966,4488,343818,4553,270170,4767,311631,4630,311829,4559,353897,4611,313747,4363,333834,4563,310929,4690,287814,4704,267356,4747,354077,4991,316611,4740,315724,4699,
2026-09-30,19:47:46.627,999,364867,5120,383719,4959,345928,4858,374799,4909,281045,5005,335457,4971,325708,4755,374016,4893,334994,4664,350827,4759,343829,5139,314631,5166,281227,4993,373277,5269,333391,4978,335024,5016,
2026-09-30,19:47:47.628,1000,351276,4936,375433,4861,346911,4874,359905,4708,274832,4843,311059,4642,316697,4650,357498,4683,326662,4546,335799,4552,325736,4861,313077,5119,271765,4799,357505,5074,321714,4842,322187,4820,
2026-09-30,19:47:48.628,999,365402,5126,396546,5114,361811,5137,376611,4972,295580,5198,324594,4816,340881,4986,386617,5037,361006,5014,349213,4764,349292,5242,334598,5455,287972,5085,382636,5399,342747,5117,353323,5252,
2026-09-30,19:47:49.627,999,360658,5071,382169,4929,351639,4938,371538,4857,293983,5197,334814,4967,335302,4901,390530,5107,340018,4726,353325,4778,335335,5003,321318,5239,280526,4972,360033,5083,342633,5122,343375,5120,
2026-09-30,19:47:50.627,999,321035,4522,346241,4479,338192,4724,332604,4330,259737,4632,307172,4563,316248,4620,352052,4584,313024,4346,314055,4260,300403,4483,290053,4770,261571,4692,329291,4656,303923,4564,311831,4641,
2026-09-30,19:47:51.628,1000,351350,4948,375839,4859,358167,5007,362270,4714,274889,4879,329830,4893,334954,4887,373085,4866,344745,4789,340856,4616,322968,4815,307497,5060,283994,5081,365005,5166,324916,4875,338966,5062,
2026-09-30,19:47:52.627,999,355517,4996,376918,4866,355303,4967,372745,4852,280860,4973,336389,5040,337831,4967,376795,4902,336117,4672,355625,4811,333166,4975,315614,5172,280955,5009,358866,5101,325336,4914,339126,5041,
2026-09-30,19:47:53.627,999,336741,4736,349462,4523,343883,4820,354447,4629,260446,4606,307405,4575,315520,4626,357410,4670,307476,4276,319714,4331,313891,4680,299284,4919,265783,4732,341618,4843,310361,4667,314649,4704,
2026-09-30,19:47:54.627,999,336795,4738,338791,4374,336508,4709,340703,4442,256995,4570,300258,4475,308046,4514,353807,4602,297406,4156,321330,4362,300386,4480,291065,4798,256784,4589,331423,4697,290620,4366,304843,4534,
2026-09-30,19:47:55.628,1000,373059,5240,401773,5180,388399,5500,392132,5168,298677,5189,351036,5240,356885,5238,420659,5472,355638,4954,376219,5155,351448,5296,337944,5451,300152,5256,371582,5274,337511,5074,375917,5582,
2026-09-30,19:47:56.628,999,355222,4982,385425,4967,366589,5151,385659,5045,283224,4989,329048,4942,334172,4927,379272,4946,343727,4767,361297,4903,346204,5165,329468,5359,293117,5170,350934,5001,338426,5099,347991,5190,
2026-09-30,19:47:57.627,999,339244,4761,370087,4781,350643,4903,375685,4907,265711,4712,330495,4937,332399,4883,371312,4836,327694,4553,335132,4545,322245,4798,307317,5048,268481,4767,340661,4843,309203,4658,321691,4777,
2026-09-30,19:47:58.627,999,337727,4751,381791,4937,351039,4909,380218,4959,283753,5040,333379,4982,334682,4907,379000,4927,354097,4914,341870,4623,330699,4935,322681,5308,291891,5218,360322,5128,313877,4733,337660,5024,
2026-09-30,19:47:59.628,1000,342274,4801,369175,4772,336617,4721,355112,4637,265504,4738,314726,4701,315359,4621,341533,4441,337941,4694,326770,4442,308791,4627,300997,4969,269646,4816,346962,4928,311421,4683,339145,5039,
2026-09-30,19:48:00.628,999,394746,5554,431589,5570,405931,5719,410647,5372,317778,5604,375445,5574,385002,5620,426763,5565,399903,5563,404899,5520,370675,5582,361216,5905,321775,5694,406948,5759,372397,5573,386915,5758,
2026-09-30,19:48:01.627,999,349774,4916,366841,4738,345771,4859,357551,4680,259773,4616,315184,4670,340371,4966,363729,4737,336650,4678,339813,4631,307652,4619,301617,4978,265742,4742,361073,5105,313732,4695,332306,4944,
2026-09-30,19:48:02.627,999,340849,4786,368077,4747,342747,4819,357460,4684,271284,4780,309249,4614,329674,4839,362607,4726,329825,4590,330423,4503,307002,4626,305100,5007,264198,4704,349136,4966,312599,4710,318735,4735,
2026-09-30,19:48:03.628,1000,355036,4982,392232,5057,351713,4986,376240,4957,287940,5005,331205,4921,352352,5142,375523,4908,351615,4886,349746,4783,327510,4956,324303,5267,287282,5032,374566,5291,327638,4893,346849,5170,
2026-09-30,19:48:04.628,999,344412,4836,389594,5030,358152,5038,369665,4833,276419,4862,330191,4909,333719,4891,364090,4761,344450,4789,349489,4758,323985,4869,313236,5110,284235,5026,363810,5161,318494,4785,331643,4968,
2026-09-30,19:48:05.627,999,369470,5176,404483,5228,381711,5394,382628,5033,300495,5303,347112,5145,347534,5081,380142,4953,358395,4982,375781,5150,350670,5310,335740,5499,291659,5194,377175,5320,329127,4921,337227,5026,
2026-09-30,19:48:06.627,999,392773,5523,423530,5465,406320,5697,422209,5519,323232,5668,368708,5470,384742,5625,407824,5343,379533,5287,420826,5716,372083,5567,361424,5890,321551,5688,402397,5691,362922,5425,367030,5487,
2026-09-30,19:48:07.628,1000,390245,5482,399093,5160,382750,5386,392476,5150,302088,5327,352519,5267,361107,5288,395960,5151,346762,4823,375917,5118,347828,5217,325800,5333,304303,5385,383967,5447,349291,5265,344313,5120,
2026-09-30,19:48:08.628,999,389783,5484,407096,5266,389555,5482,392239,5136,307505,5441,355322,5290,371181,5436,410505,5346,355683,4960,370803,5053,357015,5361,335072,5480,299978,5331,382361,5425,351872,5291,350370,5215,
2026-09-30,19:48:09.627,999,344996,4846,361924,4683,343512,4816,350724,4581,262403,4679,307628,4564,331049,4839,357988,4651,301114,4192,318668,4331,314765,4718,287032,4741,268135,4815,339050,4800,307760,4615,314184,4677,
2026-09-30,19:48:10.627,999,341076,4800,352153,4568,331125,4662,352866,4624,272895,4827,323019,4782,336511,4910,373115,4848,319764,4455,336550,4597,314062,4716,291513,4783,265926,4751,327724,4637,309351,4621,313926,4667,
2026-09-30,19:48:11.628,1000,584025,8152,648526,8327,589976,8287,623832,8166,514189,8482,542991,8439,556504,8500,644084,8406,580733,8066,619539,8379,561757,8359,557676,8637,494212,8283,570037,8348,531186,8357,560838,8307,
2026-09-30,19:48:12.628,999,552180,7730,594529,7654,554637,7863,602123,7938,469216,7916,518489,7940,525336,7875,597490,7819,539316,7492,577923,7911,535033,8054,497764,7848,472583,8096,555371,8012,505715,7789,528808,7892,
2026-09-30,19:48:13.628,999,332880,4673,336062,4352,312804,4388,332244,4337,257337,4564,310161,4602,316134,4622,351347,4569,298613,4149,332641,4518,302299,4547,276408,4551,257847,4601,327571,4634,296599,4440,305902,4548,
2026-09-30,19:48:14.627,999,358071,5034,355474,4606,347607,4899,372273,4875,272189,4796,327602,4859,324825,4761,363801,4732,324694,4514,344618,4700,311295,4687,306588,5013,282671,5014,350904,4967,311446,4681,323876,4818,
2026-09-30,19:48:15.628,1000,381197,5342,418265,5403,380514,5406,407652,5378,296771,5226,372325,5513,364647,5325,416910,5426,373304,5175,382019,5246,350726,5305,341971,5593,290701,5149,384911,5438,356879,5341,362191,5386,
2026-09-30,19:48:16.628,999,390358,5461,410051,5295,374194,5260,405972,5307,298410,5297,363532,5376,364368,5308,420594,5473,356049,4939,370094,5039,342204,5139,334356,5498,292904,5222,383071,5408,348146,5206,359477,5358,
2026-09-30,19:48:17.628,999,415134,5828,452057,5826,411216,5782,442669,5798,336104,5887,397986,5932,398134,5844,446834,5806,381033,5303,424171,5766,383400,5750,363602,5905,328896,5799,419961,5950,385803,5805,393561,5842,
2026-09-30,19:48:18.627,999,393897,5523,420917,5416,375579,5333,399058,5282,312936,5467,364846,5396,365461,5334,402260,5222,366047,5081,385332,5276,347288,5264,336984,5454,297671,5244,392105,5543,344013,5151,368567,5476,
2026-09-30,19:48:19.628,1000,376099,5271,392284,5072,356189,5021,385424,5051,284958,5048,342885,5088,346385,5063,372453,4842,355002,4920,354988,4846,329259,4959,309241,5073,290996,5193,364005,5154,325333,4873,343187,5112,
2026-09-30,19:48:20.628,999,341093,4802,359533,4652,337748,4772,361196,4747,264262,4681,327834,4869,324624,4759,356526,4647,340102,4725,331127,4510,312395,4700,296945,4885,282123,5013,351950,4981,308889,4630,327952,4889,
2026-09-30,19:48:21.628,999,304796,4301,333043,4321,305194,4279,329786,4316,232847,4134,290190,4301,283957,4142,319256,4144,293507,4077,295980,4016,282608,4228,273849,4518,241640,4316,301569,4264,267463,4008,300695,4470,
2026-09-30,19:48:22.627,999,342330,4804,365216,4720,329275,4645,356863,4687,263825,4643,311538,4635,313994,4598,360395,4680,315644,4378,318740,4350,301896,4524,304489,4982,267698,4738,325904,4630,307929,4627,323662,4814,
2026-09-30,19:48:23.628,1000,361279,5076,386629,4993,350334,4917,390493,5103,285271,5039,338627,5026,344125,5040,383625,5013,349049,4838,342738,4655,331633,4948,329053,5380,280940,4982,360649,5099,336435,5025,348103,5196,
2026-09-30,19:48:24.628,999,364605,5127,375295,4852,355322,4969,382129,4988,280607,4977,341514,5064,334783,4892,370218,4838,339750,4701,346974,4694,332337,4954,311917,5103,280710,5013,363025,5131,343055,5124,354538,5303,
2026-09-30,19:48:25.627,999,396659,5559,414734,5350,390722,5515,397645,5238,300968,5315,373624,5523,370909,5417,408628,5317,363674,5052,390655,5337,353720,5324,341593,5616,311763,5540,395853,5578,363417,5424,378815,5645,
2026-09-30,19:48:26.628,1000,344028,4841,367094,4740,346928,4858,359403,4691,261472,4644,316255,4683,311607,4553,354587,4622,316778,4392,337330,4584,299995,4494,290579,4784,267793,4788,338857,4789,323974,4838,339863,5079,
2026-09-30,19:48:27.628,999,354448,4986,387026,4984,363025,5078,381664,4979,275519,4849,330632,4921,324189,4753,362852,4761,331894,4609,356542,4835,317705,4736,300063,4900,276915,4917,352331,4994,327507,4903,332046,4974,
2026-09-30,19:48:28.628,999,367703,5174,407462,5259,376431,5274,407949,5335,292319,5081,358765,5334,343084,5022,377247,4957,353184,4900,360944,4909,350749,5243,318686,5161,292047,5124,383200,5424,338799,5074,347940,5228,
2026-09-30,19:48:29.628,999,331670,4687,337860,4384,334020,4675,347473,4534,257594,4567,310703,4597,307732,4497,342308,4476,302897,4216,312257,4237,302906,4512,282050,4638,255795,4564,338360,4775,301917,4515,301689,4515,
2026-09-30,19:48:30.628,1000,314853,4419,329011,4261,306737,4296,319733,4177,235795,4228,274038,4057,277498,4053,317951,4133,279065,3875,296034,4022,280111,4180,267162,4412,242931,4364,306249,4328,285725,4269,296058,4414,
2026-09-30,19:48:31.628,999,333998,4681,356292,4606,329885,4626,343463,4490,243888,4316,304276,4514,303778,4440,353335,4626,310558,4313,332004,4500,302960,4513,288804,4724,260630,4638,338618,4790,302432,4522,320792,4807,
2026-09-30,19:48:32.628,999,689827,9591,762340,9735,695584,9778,731758,9575,595544,9767,613599,9648,632675,9736,734513,9652,692390,9542,728989,9843,657736,9771,643365,9917,585284,9776,676763,9947,610228,9664,652751,9740,
2026-09-30,19:48:33.628,999,415709,5833,442270,5702,411456,5821,424852,5606,324543,5658,375969,5561,387084,5643,444351,5806,384184,5319,411899,5630,377072,5681,356375,5781,319210,5618,408130,5745,377282,5625,382272,5714,
2026-09-30,19:48:34.628,1000,372967,5254,394235,5101,380317,5357,402099,5275,298564,5224,345745,5137,358844,5242,396513,5162,344194,4787,364626,4973,335057,5028,318536,5186,288348,5075,357556,5065,347770,5209,359002,5344,
2026-09-30,19:48:35.628,999,411790,5780,411401,5309,390496,5534,427759,5644,305301,5316,365181,5414,370513,5417,409614,5371,356289,4950,376033,5141,367048,5534,333671,5434,317327,5593,393263,5545,381104,5690,376099,5622,
2026-09-30,19:48:36.628,999,340670,4786,374344,4832,346547,4865,368754,4810,254816,4521,309785,4600,318349,4656,369595,4829,320684,4460,337955,4598,327109,4905,300406,4947,276641,4934,337964,4766,329917,4921,329002,4920,
2026-09-30,19:48:37.628,999,338106,4744,360660,4670,340768,4782,352694,4604,258852,4546,317783,4736,313645,4597,364216,4764,311820,4356,332235,4514,324419,4850,296186,4856,281260,5007,347982,4923,326716,4890,327795,4899,
2026-09-30,19:48:38.628,999,328875,4630,357674,4621,344505,4830,341034,4452,259003,4587,304782,4532,294125,4314,339343,4416,310987,4335,317479,4308,309564,4644,281138,4606,273832,4888,344301,4877,307530,4607,315593,4699,
2026-09-30,19:48:39.628,1000,351428,4934,375016,4846,351387,4975,356798,4696,272917,4770,337054,5001,337808,4939,375667,4889,342111,4750,338896,4656,328754,4959,308776,4991,281432,4952,360437,5095,328503,4917,338670,5043,
2026-09-30,19:48:40.628,999,351116,4943,374855,4855,353251,4957,364712,4765,262769,4667,333618,4950,332073,4870,379962,4938,330076,4605,323989,4404,326121,4886,303866,5012,274898,4915,350727,4958,321735,4831,332466,4942,
2026-09-30,19:48:41.628,999,326543,4602,347356,4491,331969,4678,343596,4522,248832,4416,310070,4580,309027,4516,343356,4462,313751,4348,306847,4180,305372,4592,292725,4816,256447,4595,329604,4652,298989,4472,313416,4670,
2026-09-30,19:48:42.628,1000,359645,5059,392616,5066,355133,5017,385433,5065,282018,4935,334586,4973,353907,5188,386134,5020,354802,4936,359228,4901,328432,4944,322388,5277,283427,5023,362331,5135,340240,5092,354352,5278,
2026-09-30,19:48:43.628,999,335007,4711,374392,4832,337139,4733,345386,4517,267446,4753,319657,4754,320251,4688,364671,4740,330468,4591,324692,4418,309228,4647,283885,4660,258464,4620,344207,4874,316239,4732,331579,4940,
2026-09-30,19:48:44.628,999,344319,4830,367466,4749,346068,4845,356286,4656,268247,4782,305476,4540,319800,4673,354814,4622,316073,4389,327918,4450,310939,4655,285722,4722,270842,4849,367542,5203,335158,5024,336910,5018,
2026-09-30,19:48:45.628,999,380257,5335,411730,5326,371633,5267,404979,5354,306370,5351,364281,5421,362349,5321,411169,5365,356203,4958,382435,5243,340200,5127,327581,5293,300570,5299,382023,5415,360133,5412,366621,5446,
2026-09-30,19:48:46.628,1000,319969,4498,361033,4683,320963,4505,341320,4468,240594,4280,280826,4172,293312,4290,317730,4142,292515,4076,314556,4267,281671,4208,275669,4528,258055,4617,323495,4569,305891,4570,312525,4666,
2026-09-30,19:48:47.628,999,333844,4705,363317,4703,327790,4604,337019,4410,257649,4509,306924,4592,317124,4666,348654,4544,308885,4302,331928,4496,306518,4576,291006,4770,259368,4605,334303,4757,318631,4816,320507,4759,
2026-09-30,19:48:48.628,999,363359,5084,376695,4868,342387,4857,357708,4739,274331,4792,324107,4835,336654,4931,383413,4987,342473,4748,356194,4876,317958,4797,315765,5148,272447,4789,365705,5173,339667,5092,340021,5047,
2026-09-30,19:48:49.629,1000,306533,4310,318253,4128,302063,4228,316429,4124,238324,4250,284231,4222,287391,4196,327313,4265,293729,4087,302341,4095,286650,4265,274190,4540,237204,4253,298342,4221,288489,4328,289413,4307,
2026-09-30,19:48:50.628,999,347810,4873,371588,4790,343609,4819,365952,4779,281717,4969,327894,4890,346519,5072,377214,4914,350491,4868,348045,4728,322111,4812,319537,5249,279742,4977,362721,5139,323371,4855,339745,5050,
2026-09-30,19:48:51.628,999,339117,4774,354310,4590,330551,4631,361206,4713,263525,4705,331518,4909,332405,4840,367834,4782,326624,4535,328769,4468,306610,4598,304259,5034,262442,4721,349025,4925,316568,4720,324058,4818,
2026-09-30,19:48:52.628,999,388730,5447,393399,5092,373387,5224,399018,5222,298237,5277,346707,5208,375805,5536,410762,5345,360357,5002,380589,5164,345855,5166,340197,5571,304099,5417,399121,5678,349947,5287,357349,5312,
2026-09-30,19:48:53.628,999,341797,4800,358666,4642,346540,4853,362139,4728,275664,4876,317428,4743,336122,4933,367188,4787,315848,4396,335512,4544,324269,4844,306013,5022,262801,4697,350810,4980,306365,4622,314908,4690,
2026-09-30,19:48:54.628,1000,330573,4639,353265,4581,326741,4581,346284,4526,262496,4649,302062,4502,307870,4526,350985,4571,304230,4232,312591,4237,308228,4616,288451,4731,258064,4598,324109,4595,312527,4711,318903,4748,
2026-09-30,19:48:55.628,999,341216,4788,361628,4679,329154,4672,343781,4552,284287,4989,320834,4773,330781,4850,361243,4702,320016,4437,338360,4638,315771,4793,302479,4936,272162,4802,348103,4942,321077,4814,337866,5019,
2026-09-30,19:48:56.628,999,366079,5141,392322,5068,363715,5114,397117,5190,302317,5311,356062,5316,356295,5240,393728,5130,363797,5059,377271,5123,336871,5025,340292,5534,305522,5395,381964,5429,353077,5309,360712,5373,
2026-09-30,19:48:57.629,1000,347244,4876,356177,4600,331845,4657,343750,4503,269932,4750,315330,4722,320781,4723,359525,4671,323461,4502,346103,4698,313461,4692,291286,4748,275176,4887,345776,4921,320864,4853,336497,5001,
2026-09-30,19:48:58.630,1000,333560,4682,355571,4588,328106,4603,349531,4566,259899,4597,313678,4690,316296,4655,357137,4653,312169,4343,330345,4481,313231,4681,297230,4862,265541,4713,326446,4645,302456,4567,307742,4583,
2026-09-30,19:48:59.629,999,327342,4590,356741,4600,317592,4449,346028,4520,257983,4613,306278,4562,302249,4435,347600,4528,297667,4147,319534,4334,311501,4667,282868,4657,250977,4486,325816,4617,300085,4509,303708,4525,
2026-09-30,19:49:00.629,999,351204,4939,387700,5003,355637,5000,377222,4940,291166,5168,329856,4891,348681,5098,370406,4817,354282,4927,354690,4834,338480,5076,314221,5184,286074,5107,363615,5138,333198,4995,344886,5136,
2026-09-30,19:49:01.629,999,350412,4940,362685,4701,349776,4900,377986,4921,282330,4987,320622,4760,330495,4830,369013,4803,356696,4967,346100,4696,329028,4922,315983,5205,280184,4985,343568,4858,325751,4875,337277,5018,
2026-09-30,19:49:02.630,1000,349883,4923,379116,4892,353737,4969,387439,5057,291152,5191,335693,4992,354404,5186,388708,5059,360037,4990,365369,4962,346289,5189,318986,5252,287612,5131,368426,5217,329604,4939,350227,5212,
2026-09-30,19:49:03.629,999,402726,5640,416510,5366,378605,5391,413287,5476,319010,5583,374285,5530,390906,5689,421309,5487,382795,5298,397321,5459,363446,5519,350762,5698,308043,5432,402921,5683,373420,5566,381474,5664,
2026-09-30,19:49:04.629,999,374457,5270,407337,5273,360232,5060,415849,5433,292884,5189,363211,5402,361048,5284,405774,5276,362591,5044,382428,5194,346558,5194,330464,5426,300828,5373,381405,5410,355300,5324,360311,5376,
2026-09-30,19:49:05.630,1000,353149,4966,369472,4779,348881,4922,377250,4977,280410,4939,335746,4971,346347,5070,374773,4881,339941,4709,343589,4695,323498,4881,308905,5056,277462,4929,363064,5136,333304,4970,343640,5119,
2026-09-30,19:49:06.630,999,309659,4358,335044,4345,308864,4317,339460,4431,236584,4210,297616,4417,294165,4303,317259,4134,307811,4283,317238,4296,291119,4348,262800,4332,242345,4346,320440,4540,298295,4463,293029,4374,
2026-09-30,19:49:07.629,999,353911,4985,373401,4843,353581,4995,378595,4993,295348,5093,353396,5281,349852,5151,397560,5171,366076,5098,372760,5084,340428,5125,322419,5178,283221,4926,352297,5018,336876,5081,343621,5116,
2026-09-30,19:49:08.629,999,333051,4701,359192,4671,335354,4714,363356,4759,258401,4559,316551,4714,323608,4732,370488,4810,338106,4702,344134,4674,311573,4661,311241,5104,268728,4769,342124,4852,315816,4736,336639,5014,
2026-09-30,19:49:09.630,1000,351406,4955,376044,4868,354252,4981,376661,4932,276728,4913,346958,5120,346163,5052,383436,4988,355164,4926,349892,4753,324962,4876,322811,5329,283932,5064,367081,5192,327271,4883,347180,5171,
2026-09-30,19:49:10.630,999,336428,4732,366183,4745,351355,4919,368350,4799,258066,4603,333449,4931,323166,4720,360834,4699,348399,4841,346171,4692,318620,4758,297638,4929,261923,4707,354143,5012,315890,4717,329518,4903,
2026-09-30,19:49:11.629,999,355233,4998,392445,5084,365812,5135,387192,5069,276120,4894,347391,5131,340929,4979,363644,4734,330519,4609,368124,5018,335041,5040,312887,5157,285979,5122,358014,5052,337842,5045,344982,5143,
2026-09-30,19:49:12.629,999,384711,5403,412521,5319,409665,5766,402845,5284,308940,5401,365358,5442,363068,5339,415001,5394,372140,5171,384008,5232,365482,5502,336694,5472,306759,5420,388700,5513,354225,5337,368152,5463,
2026-09-30,19:49:13.629,999,329324,4624,353063,4556,330038,4646,362883,4760,276218,4903,323918,4796,329013,4802,356473,4631,315122,4388,326273,4450,313061,4712,286633,4703,266573,4766,334493,4726,313928,4694,318084,4728,
2026-09-30,19:49:14.630,1000,307089,4312,330230,4273,311741,4380,325176,4261,243302,4327,292516,4343,304813,4462,342908,4461,295404,4108,294926,4013,285598,4286,266401,4393,243817,4360,314784,4459,291123,4358,293085,4358,
2026-09-30,19:49:15.630,999,352775,4956,375153,4854,349431,4981,366516,4866,294466,5160,336562,4986,351819,5145,390439,5087,345310,4796,342086,4713,321642,4896,315736,5128,284330,5008,367999,5181,332616,4974,339313,5046,
2026-09-30,19:49:16.629,999,325429,4586,346010,4486,331002,4650,353310,4618,258325,4586,317010,4704,314692,4603,347481,4522,319620,4459,318950,4342,302846,4530,291864,4793,256792,4568,335590,4742,300913,4499,312522,4649,
2026-09-30,19:49:17.629,999,335521,4722,365171,4715,347932,4907,357902,4695,273463,4827,330637,4910,325448,4774,361461,4701,330435,4589,339567,4631,316783,4757,312031,5102,271715,4820,350121,4963,312514,4696,326920,4859,
2026-09-30,19:49:18.630,1000,389133,5440,424446,5471,385709,5464,407116,5377,313651,5503,368577,5458,375793,5491,413673,5375,373746,5193,372904,5106,354338,5359,354822,5770,309353,5445,382334,5396,369139,5511,370919,5496,
2026-09-30,19:49:19.630,999,345790,4842,363851,4699,350590,4940,368124,4830,271918,4825,330504,4890,330471,4814,369774,4824,340698,4734,350145,4772,317350,4761,316887,5218,269720,4800,332532,4694,323703,4847,335153,5003,
2026-09-30,19:49:20.629,999,357901,5025,368717,4754,354301,4965,369606,4812,268578,4798,317893,4707,335643,4900,376047,4904,331296,4603,349339,4736,328923,4894,312971,5167,274245,4917,358352,5073,333065,4986,334774,4998,
2026-09-30,19:49:21.629,999,343290,4815,367322,4735,343545,4838,366199,4787,266367,4726,309679,4595,324851,4741,374784,4880,324948,4518,328745,4484,324132,4865,299564,4918,261325,4680,346118,4899,311948,4666,326866,4864,
2026-09-30,19:49:22.630,1000,334945,4707,354951,4584,324106,4556,330363,4319,257207,4542,294343,4383,315022,4630,346904,4513,322568,4479,325531,4437,312379,4686,289531,4740,251160,4483,347733,4931,294923,4436,316676,4708,
2026-09-30,19:49:23.630,999,325342,4570,340535,4408,326752,4612,333546,4381,255978,4522,307821,4570,316960,4628,340643,4438,313786,4360,319547,4376,307119,4622,281610,4617,258292,4593,323349,4571,301176,4508,309495,4603,
2026-09-30,19:49:24.629,999,337721,4736,367061,4753,341601,4813,354109,4648,276688,4863,326234,4843,329012,4800,362495,4716,329847,4599,335251,4563,331846,4993,299184,4879,265687,4709,338971,4798,321125,4818,325851,4854,
2026-09-30,19:49:25.630,1000,332044,4676,361768,4677,335846,4782,340075,4512,268770,4705,317429,4706,323777,4734,374337,4872,312862,4368,326432,4486,319222,4823,293771,4776,262828,4633,329440,4651,316910,4733,320418,4761,
2026-09-30,19:49:26.630,999,309891,4360,321123,4158,297184,4178,311859,4088,237639,4233,292903,4344,286250,4178,334938,4356,290412,4054,299139,4070,288210,4318,260516,4296,241792,4327,302821,4279,283521,4248,291451,4339,
2026-09-30,19:49:27.630,999,353122,4963,363862,4704,335106,4722,355722,4680,268754,4752,317278,4735,310597,4559,369082,4804,331361,4621,324174,4424,319065,4788,292192,4788,270740,4790,340837,4832,325599,4902,328266,4888,
2026-09-30,19:49:28.629,999,349940,4908,368440,4745,352768,4948,351235,4599,266481,4759,313491,4660,315954,4616,360222,4693,323839,4502,336145,4569,320634,4796,289643,4787,264033,4708,336358,4754,326084,4882,326789,4873,
2026-09-30,19:49:29.630,1000,381515,5364,414540,5348,371869,5260,406168,5351,303613,5342,370396,5488,361312,5277,404205,5261,372941,5181,380881,5206,343592,5166,338161,5506,293654,5185,381746,5389,351649,5269,363762,5422,
2026-09-30,19:49:30.630,999,344915,4844,361603,4675,322356,4526,372133,4854,269777,4821,335946,4973,344831,5038,368010,4795,330505,4597,344079,4675,314447,4691,302435,5008,268807,4815,346432,4902,314469,4711,321943,4792,
2026-09-30,19:49:31.630,999,311131,4372,334391,4332,302466,4258,333179,4363,251103,4467,312975,4630,312647,4560,368675,4802,297935,4129,307450,4188,290159,4335,279576,4613,250370,4475,318416,4503,289352,4329,308022,4588,
2026-09-30,19:49:32.629,999,312770,4400,346610,4480,308780,4341,342440,4481,251677,4459,317984,4734,313130,4587,366077,4762,313017,4350,320961,4363,305959,4577,284870,4676,258803,4602,350381,4964,294680,4428,319059,4747,
2026-09-30,19:49:33.630,1000,378993,5318,402353,5176,366901,5224,390044,5166,298252,5233,347612,5143,368910,5376,405147,5260,353992,4917,361674,4971,335848,5100,328445,5347,300218,5292,394008,5552,346264,5163,363223,5395,
2026-09-30,19:49:34.630,999,318253,4473,340086,4398,321761,4527,343296,4485,256360,4559,301304,4459,313865,4571,366763,4764,314174,4367,322155,4399,294342,4428,290176,4773,262529,4679,341592,4813,291950,4366,307258,4572,
2026-09-30,19:49:35.630,999,376729,5290,389025,5034,378269,5379,392371,5193,302269,5241,363011,5386,371371,5434,412867,5392,358567,4984,372988,5136,352318,5342,330623,5328,312172,5473,399836,5645,352961,5283,357043,5319,
2026-09-30,19:49:36.629,999,361865,5094,375500,4876,374746,5261,385507,5044,285632,5103,367656,5440,354845,5181,398325,5184,351760,4898,373003,5061,358156,5345,322658,5321,294939,5297,370461,5238,341565,5109,348337,5189,
2026-09-30,19:49:37.630,1000,558232,7760,594959,7608,568834,7956,598428,7792,476572,7925,517214,8107,504552,7768,610194,7948,555819,7686,578184,7773,545883,8065,515703,8057,475765,8019,548578,8061,500480,7898,528296,7843,
2026-09-30,19:49:38.630,999,816612,11647,890700,11630,848881,11981,906168,11922,707284,11708,799626,12044,803657,11938,909286,12011,826778,11697,872059,11844,791381,11850,776487,12111,704537,11873,857714,12212,785679,11880,777426,11679,
2026-09-30,19:49:39.630,999,369026,5198,392835,5085,365744,5166,392400,5179,294020,5172,341403,5057,345189,5037,392840,5113,355596,4931,369479,5054,350517,5267,322967,5269,304035,5370,376337,5307,341016,5106,352645,5247,
2026-09-30,19:49:40.629,999,377808,5316,399593,5175,370717,5229,399935,5240,303811,5288,362387,5385,354766,5202,406965,5304,368147,5125,380811,5186,360884,5439,344940,5600,316807,5541,399133,5653,365715,5489,372507,5537,
2026-09-30,19:49:41.630,1000,305478,4299,339621,4398,322181,4509,330556,4320,243181,4316,305811,4534,297663,4341,331802,4320,305610,4242,324556,4422,296186,4445,288770,4780,250445,4459,325091,4593,302616,4525,305925,4554,
2026-09-30,19:49:42.630,999,319984,4507,337712,4370,325622,4585,338922,4437,251853,4428,317774,4728,304622,4466,341519,4436,309096,4295,336481,4591,309639,4656,294531,4833,256357,4541,328510,4653,311529,4668,321911,4784,
2026-09-30,19:49:43.630,999,330891,4683,363889,4718,326086,4591,354673,4648,261261,4594,316931,4678,315216,4594,349848,4568,322602,4497,337839,4606,320595,4820,291377,4778,265131,4685,340606,4809,318240,4751,320179,4782,
2026-09-30,19:49:44.630,999,330328,4646,349243,4517,326375,4596,343113,4505,247918,4373,305969,4531,298623,4362,343367,4473,328332,4571,328351,4464,323768,4851,286785,4688,254406,4534,328569,4640,322052,4817,317745,4739,
2026-09-30,19:49:45.630,1000,359691,5050,382908,4945,342976,4873,363939,4798,270969,4760,337651,5002,328394,4797,366920,4780,342191,4754,352319,4823,332469,5028,312725,5103,268668,4747,351186,4956,334800,4997,350751,5213,
2026-09-30,19:49:46.630,999,437361,6156,468849,6062,443789,6247,451437,5928,354153,6127,415648,6145,411880,6006,451046,5939,424756,5916,438811,5960,401741,6019,396596,6394,349062,6083,441622,6213,420914,6262,425917,6398,
2026-09-30,19:49:47.630,999,362351,5110,378723,4915,350175,4918,368120,4813,286481,5077,328911,4886,331529,4855,391161,5088,349640,4857,349849,4757,337787,5058,321954,5321,272649,4856,364115,5142,337931,5067,347626,5166,
2026-09-30,19:49:48.630,999,410497,5771,433935,5615,392355,5612,415333,5535,305606,5275,363051,5383,364627,5319,412968,5373,389934,5436,390287,5369,379289,5747,360740,5838,319291,5554,405118,5713,369419,5508,383640,5695,
2026-09-30,19:49:49.630,1000,336342,4734,355419,4600,343468,4822,349232,4571,251456,4468,307478,4561,303611,4430,355033,4633,322481,4487,318102,4324,313260,4695,288182,4748,259952,4634,339127,4782,318461,4757,324834,4837,
2026-09-30,19:49:50.630,999,344868,4859,357173,4612,342826,4798,360497,4716,261016,4593,315581,4679,323004,4719,360171,4723,333286,4634,345730,4685,328092,4911,306653,5026,264662,4695,346099,4892,315684,4732,319043,4778,
2026-09-30,19:49:51.630,999,349496,4925,366121,4737,364065,5131,368938,4861,275837,4821,328003,4865,333366,4873,368236,4806,360335,5021,345631,4723,338843,5094,324146,5270,289929,5116,365660,5162,337579,5049,340415,5069,
2026-09-30,19:49:52.630,1000,333802,4710,340685,4431,332318,4655,330478,4322,247294,4368,297417,4430,301105,4415,352372,4587,318272,4439,313989,4259,321503,4808,289698,4745,263193,4684,332155,4698,301142,4514,302176,4494,
2026-09-30,19:49:53.630,999,327636,4606,347525,4513,317376,4474,331871,4354,260576,4581,314679,4661,314731,4590,349719,4551,305669,4256,306798,4192,322788,4845,289565,4750,261142,4654,320436,4530,314887,4698,309273,4601,
2026-09-30,19:49:54.630,999,310150,4377,342156,4436,316191,4421,335407,4375,245887,4367,310602,4599,291286,4252,342914,4459,303500,4221,301288,4090,309854,4637,278156,4601,248681,4474,330515,4671,299809,4478,311444,4633,
2026-09-30,19:49:55.630,999,398063,5614,438182,5682,397549,5608,415453,5472,315149,5520,377634,5586,377982,5520,433060,5667,390879,5449,390963,5333,374791,5637,354265,5806,317128,5619,404514,5698,389179,5800,395923,5926,
2026-09-30,19:49:56.631,1000,487205,6852,510506,6604,464108,6546,499247,6562,367667,6428,436417,6459,435501,6351,500139,6551,443091,6174,472638,6439,444978,6682,415024,6742,383552,6761,492311,6951,444820,6639,459341,6878,
2026-09-30,19:49:57.630,999,401628,5679,433478,5627,397632,5559,431388,5631,322265,5658,371580,5536,379947,5579,424097,5529,385975,5399,391288,5291,392018,5847,348924,5704,319820,5660,413381,5855,365845,5496,398596,5940,
2026-09-30,19:49:58.630,999,680784,9492,744882,9550,672678,9417,721468,9420,576161,9433,606460,9552,616575,9518,730760,9621,678544,9392,711030,9546,660766,9811,628510,9721,578429,9645,669487,9816,615971,9791,660366,9844,
2026-09-30,19:49:59.630,999,341007,4809,353452,4585,322220,4506,349955,4572,261001,4580,312798,4633,308878,4506,353772,4643,308791,4303,320774,4323,314959,4701,294549,4818,258250,4592,335912,4739,308065,4596,322189,4831,
2026-09-30,19:50:00.630,1000,331878,4680,341988,4443,327030,4593,353566,4641,257954,4516,302811,4499,313122,4588,362619,4722,320949,4478,334929,4543,330119,4935,297285,4848,270446,4809,345229,4891,317514,4749,326377,4858,
2026-09-30,19:50:01.630,999,325546,4600,341535,4429,301791,4244,320767,4209,239772,4248,293378,4356,303375,4430,344172,4482,317616,4422,320347,4356,308041,4617,274459,4501,252957,4520,326451,4616,297331,4444,309566,4612,
2026-09-30,19:50:02.630,999,334786,4723,366776,4771,330157,4645,361540,4748,268022,4650,311833,4644,326937,4790,368046,4797,320157,4480,341480,4639,330900,4953,304417,4927,267528,4702,347485,4938,313042,4706,331369,4926,
2026-09-30,19:50:03.630,999,384766,5401,406758,5244,364002,5217,384139,5129,298427,5175,342864,5081,348192,5062,405316,5275,365497,5066,373294,5148,347730,5294,329620,5304,292650,5098,377751,5321,339063,5048,348988,5192,
2026-09-30,19:50:04.630,1000,368676,5200,393540,5094,359164,5078,390417,5131,284189,4997,352847,5237,343327,5017,395173,5152,366108,5085,362341,4946,359416,5403,318017,5191,293189,5181,377898,5340,351643,5248,347792,5180,
2026-09-30,19:50:05.630,999,404187,5675,442326,5714,407240,5785,427966,5670,307113,5401,377039,5577,397502,5796,427347,5567,376508,5227,388242,5341,375313,5681,339809,5556,318423,5650,416442,5873,382849,5705,389213,5780,
2026-09-30,19:50:06.630,999,521741,7290,559696,7189,525518,7357,561360,7313,423199,7079,457376,7114,476013,7276,561126,7295,506841,7015,502571,6792,485086,7204,468491,7350,442375,7516,515349,7549,471019,7416,508662,7508,
2026-09-30,19:50:07.631,1000,419562,5876,451024,5822,411421,5773,427557,5598,330957,5688,383128,5793,383128,5702,453082,5979,412918,5705,401287,5426,404204,6025,370834,5970,339173,5891,403423,5779,375782,5743,388706,5834,
2026-09-30,19:50:08.630,999,410568,5778,436107,5646,418697,5905,425733,5600,323155,5588,386016,5765,392672,5763,454706,5916,414792,5765,416690,5668,395733,5926,375406,6049,338759,5938,413895,5883,381034,5742,395628,5885,
2026-09-30,19:50:09.630,999,457527,6402,484463,6250,449004,6322,494044,6501,366800,6209,424485,6496,425569,6390,490709,6438,463761,6422,467160,6361,447061,6675,403185,6393,371688,6406,446818,6452,412718,6363,420860,6295,
2026-09-30,19:50:10.630,999,378585,5313,385451,4985,363740,5091,393712,5138,295745,5201,342208,5135,352539,5195,392596,5106,353474,4925,376755,5112,343664,5123,321154,5271,293395,5208,368789,5249,340647,5151,354483,5275,
2026-09-30,19:50:11.630,999,337700,4750,339454,4395,337406,4728,353373,4624,260626,4583,316336,4719,323696,4742,349321,4554,314995,4385,326502,4440,305070,4567,293177,4817,269309,4774,323295,4587,301121,4529,317714,4728,
2026-09-30,19:50:12.631,1000,366219,5168,368652,4788,360834,5058,372822,4872,271163,4778,331455,4955,338523,4974,383879,5002,325489,4541,335337,4549,315772,4712,310618,5077,280830,4954,340148,4832,323114,4865,343708,5105,
2026-09-30,19:50:13.630,999,328135,4609,358864,4648,337163,4712,343891,4485,253085,4485,298662,4462,313698,4603,358167,4661,302118,4195,300467,4087,289545,4326,276900,4573,253304,4520,325794,4629,297881,4488,315221,4696,
2026-09-30,19:50:14.630,999,371865,5211,400286,5167,373119,5220,390716,5109,287885,5046,348847,5197,346769,5081,409357,5329,351850,4893,366693,4981,349239,5227,319019,5215,297648,5284,369275,5234,334283,5018,353431,5251,
2026-09-30,19:50:15.630,999,408825,5745,435911,5630,406475,5765,416890,5513,325829,5685,376964,5617,376423,5526,440799,5740,379058,5262,401840,5526,368623,5574,345264,5616,329013,5811,407745,5788,371936,5606,381852,5665,
2026-09-30,19:50:16.631,1000,368011,5177,391868,5079,376589,5271,387167,5069,292437,5188,346908,5165,352321,5159,384312,5008,346021,4811,363552,4954,349422,5228,319051,5253,295627,5290,371103,5254,341332,5125,362492,5389,
2026-09-30,19:50:17.630,999,353714,4961,375478,4853,338577,4741,369421,4827,275485,4865,323591,4851,324341,4771,355933,4640,329091,4567,332117,4520,323862,4843,296215,4871,269473,4786,329853,4702,307615,4646,332874,4946,
2026-09-30,19:50:18.630,999,375989,5276,398480,5128,369673,5234,384919,5090,297874,5238,347290,5139,350646,5124,377208,4911,347565,4837,361208,4951,336020,5071,320349,5236,295044,5225,369829,5221,340177,5078,344597,5122,
2026-09-30,19:50:19.630,999,378842,5324,391505,5064,364881,5127,382278,5000,301781,5276,332787,4997,348980,5143,376545,4907,346140,4826,364595,4956,334870,5020,329803,5351,285162,4992,365793,5214,325279,4933,347006,5155,
2026-09-30,19:50:20.631,1000,355291,4984,365610,4717,338683,4748,358187,4675,263905,4657,308236,4611,328951,4838,344388,4486,333523,4648,344306,4663,313718,4697,296589,4850,264713,4701,340448,4847,311634,4693,312383,4652,
2026-09-30,19:50:21.630,999,320031,4502,341523,4410,320698,4513,338011,4419,246536,4351,291090,4341,298036,4374,329781,4295,307564,4273,312689,4260,293261,4383,266077,4363,238596,4236,301913,4281,278043,4182,297930,4426,
2026-09-30,19:50:22.630,999,312573,4400,335322,4336,315851,4431,330751,4325,244711,4327,296231,4428,293357,4312,323570,4208,295722,4108,306009,4154,297019,4440,263266,4316,241499,4307,294695,4185,273019,4114,293341,4364,
2026-09-30,19:50:23.631,1000,331108,4642,356538,4609,313644,4398,332804,4348,257639,4558,300861,4507,308198,4532,346944,4522,314345,4367,313118,4250,294198,4403,279658,4584,250361,4457,310964,4418,287992,4342,294989,4396,
2026-09-30,19:50:24.631,999,344157,4828,368453,4759,344723,4823,372748,4856,269983,4824,318478,4731,325612,4757,359774,4683,337473,4686,348762,4743,322675,4815,298400,4941,275239,4944,346788,4911,308428,4617,332724,4959,
2026-09-30,19:50:25.630,999,410837,5752,444084,5729,401291,5675,412853,5442,335074,5843,395098,5883,396731,5817,445102,5789,403699,5610,420550,5764,386391,5820,361785,5879,321491,5657,404341,5738,374257,5626,392128,5825,
2026-09-30,19:50:26.630,999,359040,5041,361482,4674,340058,4766,354409,4631,270989,4818,321814,4778,331144,4846,372898,4857,337561,4691,351077,4757,331459,4954,304991,5030,263466,4713,338929,4802,315863,4749,327049,4863,
2026-09-30,19:50:27.631,1000,329588,4634,347572,4487,338773,4747,339085,4426,275283,4853,310216,4655,318883,4685,361385,4702,303342,4223,315442,4270,315243,4708,293208,4794,258546,4604,324153,4617,293494,4451,305581,4542,
2026-09-30,19:50:28.631,999,335206,4721,356548,4620,324531,4544,338675,4428,280807,5028,316963,4713,308563,4516,359468,4683,311069,4332,319913,4336,307386,4601,290493,4789,245911,4384,333675,4730,297478,4466,307838,4571,
2026-09-30,19:50:29.630,999,341099,4806,365078,4720,326285,4570,359526,4698,278334,4917,316444,4730,318087,4667,360846,4727,329370,4584,341101,4621,320434,4777,312294,5106,268468,4749,333485,4733,298646,4488,314429,4706,
2026-09-30,19:50:30.630,999,358431,5047,385868,4999,363449,5098,389258,5090,304505,5365,346844,5183,341727,5025,385518,5023,346815,4825,370559,5026,342833,5117,325795,5316,288087,5084,360163,5113,328868,4963,340876,5071,
2026-09-30,19:50:31.631,1000,324213,4565,354635,4604,320984,4497,342776,4481,264824,4654,307830,4603,296889,4363,347295,4517,307812,4292,325281,4410,306202,4559,282390,4610,264741,4705,322053,4587,300716,4544,310094,4614,
2026-09-30,19:50:32.631,999,340220,4797,373540,4842,346690,4859,358815,4691,276024,4843,316847,4736,312762,4597,370970,4830,327597,4575,334043,4531,317121,4734,300029,4908,276961,4920,348424,4956,319659,4811,332376,4951,
2026-09-30,19:50:33.631,999,360504,5067,389453,5026,358005,5064,365328,4832,294474,5143,338454,5030,337126,4935,390998,5079,343078,4775,354171,4833,324168,4867,320256,5209,290406,5121,368974,5209,328739,4930,344076,5104,
2026-09-30,19:50:34.630,999,352887,4962,368933,4779,347647,4875,344433,4514,266859,4755,309946,4605,315711,4605,361800,4704,322333,4488,337471,4575,310177,4627,298697,4940,272346,4886,354478,5008,309506,4632,321594,4787,
2026-09-30,19:50:35.630,999,384393,5413,415211,5373,371327,5261,394773,5203,308331,5348,357860,5359,357436,5254,412908,5381,375405,5231,376141,5148,357869,5390,330376,5354,309362,5455,375120,5337,354117,5345,357714,5305,
2026-09-30,19:50:36.631,1000,399819,5645,433496,5616,405052,5685,417882,5480,330376,5737,378536,5666,387973,5715,450996,5876,390696,5475,418223,5664,392515,5852,371409,6031,322423,5648,397271,5646,381067,5740,394022,5860,
2026-09-30,19:50:37.631,999,314145,4443,353829,4579,320561,4494,326997,4279,264921,4680,300642,4505,316367,4656,349528,4550,309722,4317,336188,4560,315816,4708,284851,4676,256785,4558,321380,4570,293149,4423,314512,4676,
2026-09-30,19:50:38.630,999,307253,4350,349727,4554,316572,4464,323005,4244,272072,4769,302570,4509,318020,4662,349355,4542,310003,4330,327196,4450,310399,4658,286528,4682,259005,4576,320139,4535,302392,4548,306032,4547,
2026-09-30,19:50:39.630,999,286129,4047,324858,4216,286354,4050,300293,3955,245298,4338,288921,4282,294240,4294,332938,4329,295783,4122,297523,4049,290796,4375,273257,4473,234075,4152,287050,4061,281339,4203,290792,4329,
2026-09-30,19:50:40.631,1000,344429,4860,382288,4960,342786,4861,358722,4727,284778,4989,341291,5056,334744,4894,388954,5063,342223,4768,351976,4808,322655,4857,314400,5123,282657,4986,347666,4921,337312,5048,336243,5001,
2026-09-30,19:50:41.631,999,344171,4869,377325,4896,350909,4943,365746,4790,290312,5100,334980,4965,342181,4999,385636,5010,350769,4894,347511,4739,311904,4683,330388,5395,288201,5086,356160,5043,324178,4859,345059,5136,
2026-09-30,19:50:42.630,999,351804,4966,386038,4988,353904,5004,379246,5000,300758,5316,350671,5213,346153,5069,394245,5126,356736,4973,360900,4913,327823,4930,323595,5305,291469,5163,361774,5123,331359,4969,339435,5029,
2026-09-30,19:50:43.631,1000,321904,4532,362051,4673,343573,4841,354594,4656,276472,4902,331375,4900,330242,4812,374635,4881,332435,4635,341544,4654,306402,4616,304429,5018,264849,4709,347263,4903,312160,4674,309112,4605,
2026-09-30,19:50:44.631,999,346066,4875,371998,4810,357701,5039,367898,4841,281183,4960,328707,4871,348560,5085,377425,4910,340157,4741,348363,4752,329455,4960,309991,5067,280105,4960,355300,5026,322324,4822,328631,4888,
2026-09-30,19:50:45.631,999,348067,4918,359271,4648,357853,5105,364030,4822,276030,4831,335165,4962,347063,5070,378977,4936,340196,4741,356837,4891,334302,5052,306782,5000,276590,4890,359578,5086,330333,4942,323724,4822,
2026-09-30,19:50:46.630,999,346344,4883,360031,4673,338976,4766,345198,4540,269813,4741,328968,4866,336321,4903,367419,4778,331207,4618,351066,4792,319395,4799,305294,4979,272711,4846,339757,4803,319640,4778,320424,4775,
2026-09-30,19:50:47.631,1000,640450,8915,688523,8819,631330,8863,664732,8686,543540,9039,586911,9128,600641,9167,686849,8962,649801,8974,664962,8972,596183,8853,587154,9167,524063,8856,616744,9010,571444,8989,598318,8872,
2026-09-30,19:50:48.631,999,539059,7575,587738,7583,529470,7561,553437,7358,452751,7619,505288,7645,507539,7549,575229,7526,542202,7547,540036,7424,489570,7432,486893,7657,434111,7397,549377,7856,505891,7697,511826,7621,
2026-09-30,19:50:49.631,999,329990,4662,358173,4653,332178,4647,344088,4492,261075,4609,318472,4721,322444,4710,358204,4655,330206,4601,326878,4439,309428,4638,291247,4801,257945,4596,342649,4841,302837,4540,316355,4711,
2026-09-30,19:50:50.630,999,361368,5079,389494,5044,336690,4736,364946,4791,275476,4848,340522,5054,337630,4937,381095,4963,339379,4727,352847,4815,325161,4883,310995,5107,278690,4957,355164,5037,327939,4917,341488,5089,
2026-09-30,19:50:51.630,999,355471,4991,388829,5040,332023,4664,374687,4908,273821,4850,347476,5155,331582,4842,381374,4965,348956,4849,355391,4850,323544,4861,308979,5096,284693,5070,356234,5041,314266,4701,342791,5103,
2026-09-30,19:50:52.631,1000,392062,5523,431073,5586,389641,5487,415107,5452,322624,5633,385746,5747,385486,5652,443278,5763,384406,5352,402980,5494,367875,5514,354585,5761,317783,5563,399964,5683,359812,5409,377526,5617,
2026-09-30,19:50:53.631,999,367220,5172,413862,5365,374294,5273,377077,4951,294599,5235,358825,5313,364887,5322,403960,5255,356984,4977,377940,5151,338600,5096,333158,5479,290342,5164,385868,5456,360847,5394,359535,5353,
2026-09-30,19:50:54.631,999,327229,4610,358899,4652,320604,4525,353194,4625,253957,4519,307038,4538,322442,4707,346648,4503,312702,4372,322523,4392,293774,4438,291848,4810,260232,4628,334645,4722,302908,4535,309701,4617,
2026-09-30,19:50:55.630,999,357283,5031,392019,5079,339864,4848,380465,5035,287426,5033,340279,5033,342497,4995,384004,4995,340691,4756,355217,4894,340381,5169,319313,5217,283674,5005,379159,5354,333398,4971,345417,5135,
2026-09-30,19:50:56.631,1000,323990,4580,334473,4343,311397,4379,322977,4222,257229,4563,306321,4554,302392,4415,343305,4473,307888,4308,329747,4483,303829,4547,290535,4778,254421,4513,336428,4773,306080,4590,306789,4568,
2026-09-30,19:50:57.631,999,316427,4465,339786,4404,316617,4451,336530,4402,262683,4603,309812,4619,309133,4531,349772,4552,312654,4369,318185,4340,307674,4624,299688,4903,258797,4563,336556,4774,312606,4702,308531,4593,
2026-09-30,19:50:58.631,999,326179,4603,356811,4623,316211,4461,355792,4667,270802,4713,316543,4702,319611,4675,365795,4763,328868,4605,330095,4506,314618,4721,312497,5081,270757,4762,336151,4754,323965,4840,323614,4818,
2026-09-30,19:50:59.630,999,320560,4524,343213,4454,312381,4388,339564,4445,255133,4523,312016,4618,300574,4377,355359,4627,318617,4438,321629,4384,305478,4585,291895,4808,261278,4660,332338,4694,305239,4545,309181,4602,
2026-09-30,19:51:00.631,1000,328925,4640,363847,4714,337261,4737,356286,4656,265247,4728,331758,4915,320880,4674,364562,4740,326464,4547,348437,4741,322964,4841,300578,4960,268387,4788,343134,4855,315792,4707,330527,4922,
2026-09-30,19:51:01.631,999,332447,4691,366470,4749,348862,4898,363236,4745,274550,4868,322971,4774,322642,4702,366699,4763,333015,4636,350794,4782,323856,4852,316001,5234,259571,4632,349433,4943,304994,4558,324768,4832,
2026-09-30,19:51:02.631,999,345764,4877,366086,4745,341248,4799,362110,4744,281573,4972,319527,4750,329004,4815,373037,4860,337674,4720,351228,4790,330689,4964,319252,5267,278057,4928,367818,5206,325867,4884,332232,4951,
2026-09-30,19:51:03.631,999,322307,4546,358185,4627,329203,4642,339631,4447,256269,4514,305824,4533,314831,4602,367803,4795,318447,4441,328852,4486,308812,4655,312948,5143,257188,4573,330239,4672,310849,4644,309505,4615,
2026-09-30,19:51:04.631,1000,695778,9691,760956,9755,691008,9740,742209,9748,576941,9604,615638,9529,624097,9478,741135,9665,690729,9566,695937,9427,648295,9663,636164,9930,577876,9748,684938,9966,628722,9779,647239,9586,
2026-09-30,19:51:05.631,999,512688,7212,564532,7295,511622,7299,537172,7138,423147,7120,487835,7402,480711,7169,571281,7490,522533,7280,526736,7234,495774,7503,468656,7404,430214,7354,529285,7584,489577,7481,491974,7336,
2026-09-30,19:51:06.631,999,314219,4457,344272,4488,323984,4554,328132,4306,262389,4641,299756,4453,303354,4433,345271,4495,307622,4306,328132,4460,310242,4655,291214,4765,242221,4277,318071,4503,307017,4598,310156,4619,
2026-09-30,19:51:07.631,999,340502,4813,378425,4926,335910,4727,358485,4715,291396,5102,325772,4888,328396,4835,377563,4911,338853,4739,340487,4630,337342,5049,310106,5027,270161,4725,338392,4839,327589,4952,332627,4948,
2026-09-30,19:51:08.631,1000,343472,4846,358151,4648,340508,4786,357915,4702,275656,4884,338261,5040,333332,4880,375547,4883,335127,4673,335111,4557,322889,4831,311221,5090,275180,4881,349819,4964,326475,4896,342488,5101,
2026-09-30,19:51:09.631,999,379286,5342,395669,5119,363782,5115,394992,5176,297646,5253,358570,5317,354414,5171,392282,5094,351120,4886,358995,4882,350656,5256,330657,5404,300393,5326,373977,5293,347845,5201,357488,5323,
2026-09-30,19:51:10.631,999,356051,5012,376595,4873,334196,4696,375057,4915,271270,4833,338383,5002,335095,4883,377648,4921,334036,4661,342266,4654,329757,4945,314647,5191,283107,5067,367203,5189,332598,4954,336021,5005,
2026-09-30,19:51:11.631,999,342927,4827,355756,4631,320100,4516,357527,4689,267469,4719,325407,4823,319701,4664,356821,4646,316411,4424,323914,4426,303753,4576,292686,4810,273493,4875,336281,4760,315344,4712,327736,4881,
2026-09-30,19:51:12.631,999,345510,4857,377296,4886,339371,4764,356319,4662,278140,4923,338251,5030,332688,4872,381538,4962,329656,4599,351732,4780,333733,4996,312511,5151,279100,4999,345946,4909,324513,4864,330899,4923,
2026-09-30,19:51:13.631,1000,343220,4832,354337,4596,316781,4451,342736,4503,254521,4502,316039,4685,326858,4766,360366,4685,299760,4184,320737,4378,301086,4521,294152,4858,269095,4836,326494,4616,313095,4654,321479,4788,
2026-09-30,19:51:14.631,999,318675,4494,337243,4383,311509,4359,333111,4357,254502,4522,299869,4441,314808,4595,346024,4499,298613,4176,318563,4330,301019,4504,279816,4618,249101,4467,324838,4594,294688,4412,304449,4534,
2026-09-30,19:51:15.631,999,380426,5362,407455,5269,377983,5372,384100,5088,300577,5203,363123,5391,373298,5447,400383,5209,369539,5138,369929,5084,349310,5291,337976,5460,305382,5359,374393,5291,358097,5360,354779,5271,
2026-09-30,19:51:16.631,999,344995,4876,370119,4799,344664,4841,353558,4629,276764,4918,325247,4812,324932,4742,361904,4707,331495,4625,346287,4699,319878,4774,303166,4995,273716,4895,347008,4906,337540,5030,333478,4958,
2026-09-30,19:51:17.631,1000,372937,5226,399742,5164,367192,5176,372752,4890,288936,5099,344086,5120,358969,5255,384328,5005,370037,5139,370114,5038,345196,5187,335531,5524,289168,5145,368034,5208,346924,5201,355527,5287,
2026-09-30,19:51:18.631,999,340647,4786,363591,4701,344690,4852,360703,4724,276991,4942,339250,5021,332589,4846,377693,4917,339944,4721,348415,4748,321992,4837,302733,5005,273970,4896,350593,4949,315708,4713,330711,4924,
2026-09-30,19:51:19.631,999,398519,5577,423873,5460,389068,5509,405624,5348,332054,5826,374249,5577,385160,5650,455438,5921,390629,5422,403213,5516,371542,5597,351831,5715,324858,5746,405746,5754,378837,5706,386527,5740,
2026-09-30,19:51:20.632,1000,398575,5595,396212,5121,378296,5327,404747,5283,318796,5612,361221,5381,375857,5499,424816,5532,369419,5139,386954,5273,373067,5603,350589,5727,307195,5447,395280,5593,356542,5339,360961,5357,
2026-09-30,19:51:21.631,999,338736,4750,341566,4415,315493,4449,356982,4680,288335,5095,326603,4835,327874,4773,369230,4813,325985,4533,328128,4486,330731,4976,317362,5214,278389,4945,355522,5020,325914,4872,319053,4748,
2026-09-30,19:51:22.631,999,681865,9487,729746,9334,662414,9316,723422,9467,588722,9670,594699,9366,608827,9412,712831,9339,652356,9035,686058,9291,641707,9545,614738,9495,569415,9490,662491,9761,615112,9762,637951,9474,
2026-09-30,19:51:23.631,999,367041,5163,362802,4693,347539,4899,372309,4881,291191,5116,341003,5070,331562,4849,386062,5026,334511,4657,350345,4770,331712,4971,329899,5380,276177,4890,346527,4912,331682,4978,329886,4908,
2026-09-30,19:51:24.632,1000,334416,4698,347883,4494,332850,4668,357833,4677,266805,4725,320023,4791,298960,4394,357107,4649,301803,4207,329254,4466,309152,4612,293884,4814,249166,4427,331369,4710,297715,4481,298989,4450,
2026-09-30,19:51:25.631,999,376332,5277,392448,5061,372028,5262,383845,5064,295055,5177,345884,5146,342207,5012,399031,5192,348232,4851,355968,4880,337034,5071,332641,5428,283060,5001,371609,5263,335721,5054,337307,5012,
2026-09-30,19:51:26.631,999,361057,5088,376312,4875,365642,5140,387260,5065,287792,5057,344678,5127,352258,5160,377281,4902,349889,4876,351204,4771,329766,4925,316495,5155,281647,4992,370487,5242,342064,5129,339322,5050,
2026-09-30,19:51:27.631,999,399643,5611,416814,5385,409363,5738,429299,5612,317323,5551,362904,5471,376093,5575,443392,5764,387658,5395,393919,5328,371443,5530,347250,5649,303691,5374,397028,5677,362356,5499,373029,5543,
2026-09-30,19:51:28.631,999,389150,5466,412384,5323,384009,5377,395625,5176,293130,5207,342822,5118,359023,5271,408538,5315,364627,5077,366230,4962,354936,5293,331403,5445,295480,5279,392957,5581,346606,5227,357162,5312,
2026-09-30,19:51:29.631,1000,363708,5103,402219,5193,365739,5123,371542,4850,281262,5018,333790,4971,345824,5065,382834,4982,343153,4768,339283,4595,333190,4988,319028,5274,272851,4880,363164,5157,329101,4946,344659,5134,
2026-09-30,19:51:30.631,999,337558,4735,374071,4819,336033,4696,354485,4638,266853,4793,304842,4524,321526,4692,362429,4713,313068,4349,337841,4579,315939,4724,289060,4799,249353,4483,332022,4702,306181,4583,326893,4868,
2026-09-30,19:51:31.631,999,362361,5086,399345,5158,366298,5144,400818,5241,295522,5179,345591,5168,345051,5077,391246,5090,354704,4924,368887,5011,337733,5041,327857,5337,275401,4873,361914,5156,331647,5002,349627,5191,
2026-09-30,19:51:32.632,1000,372427,5226,410502,5296,391701,5498,415452,5430,300023,5285,347343,5202,364857,5370,406492,5294,375055,5199,383276,5205,362034,5422,333217,5443,300243,5333,382069,5443,351280,5313,359933,5363,
2026-09-30,19:51:33.631,999,330406,4644,363619,4703,338255,4739,348790,4560,254646,4508,299810,4473,322281,4721,349021,4543,331343,4608,345554,4678,309044,4624,307128,5045,265452,4746,335259,4751,304945,4579,318691,4748,
2026-09-30,19:51:34.631,999,329557,4621,354523,4569,320254,4547,349158,4612,259356,4509,310385,4604,313483,4574,334223,4341,320833,4458,334994,4585,308185,4661,297852,4844,259450,4573,336925,4756,319596,4764,316872,4704,
2026-09-30,19:51:35.631,999,340369,4775,374252,4836,335661,4753,376621,4978,274793,4779,328253,4905,335382,4927,367197,4786,327030,4547,347995,4764,318483,4818,304272,4937,267107,4710,342313,4857,320611,4833,336532,5000,
2026-09-30,19:51:36.632,1000,339061,4763,365022,4731,342648,4796,359396,4698,272899,4813,330218,4930,317546,4658,372938,4854,326501,4558,332288,4515,323762,4850,316764,5181,270968,4811,330277,4700,327716,4926,332332,4952,
2026-09-30,19:51:37.631,999,374543,5254,392815,5086,370307,5194,392800,5139,299484,5254,358967,5390,355137,5241,400665,5209,363208,5059,361625,4910,352340,5269,341706,5550,284310,5010,371953,5303,338074,5116,355628,5286,
2026-09-30,19:51:38.631,999,389160,5467,416579,5387,390692,5456,431625,5622,315775,5550,362819,5475,365958,5426,425033,5520,379016,5262,397880,5394,378126,5637,353071,5745,300491,5267,391243,5596,359682,5481,373680,5559,
2026-09-30,19:51:39.631,999,342573,4818,378784,4893,361212,5070,367470,4794,267023,4743,328233,4881,330421,4836,370313,4816,332053,4610,336431,4565,340527,5075,312197,5153,277347,4952,347885,4940,320020,4821,345905,5151,
2026-09-30,19:51:40.632,1000,325816,4585,355936,4603,345978,4844,352505,4597,255032,4524,314686,4680,320953,4702,358973,4672,324615,4516,329006,4469,320439,4801,298157,4917,267119,4779,337750,4789,313127,4705,336797,5009,
2026-09-30,19:51:41.632,999,305937,4302,322508,4173,316514,4432,336146,4385,240765,4261,284948,4262,302072,4436,331601,4320,308050,4281,305748,4135,299800,4481,276272,4550,263327,4682,311479,4425,307791,4642,318355,4735,
2026-09-30,19:51:42.631,999,337499,4739,338350,4382,330240,4636,354955,4636,258877,4535,306922,4610,314388,4644,351725,4579,334648,4649,328524,4463,316429,4729,301575,4914,277388,4894,345797,4923,320454,4840,325118,4834,
2026-09-30,19:51:43.631,999,317303,4467,341962,4421,311708,4367,328085,4274,246344,4339,293342,4399,303399,4464,332743,4332,312079,4342,307947,4173,305025,4552,278220,4541,257629,4579,330383,4699,303745,4578,307462,4583,
2026-09-30,19:51:44.632,1000,299588,4218,333233,4314,305807,4291,338022,4423,244817,4354,292601,4347,313742,4577,346000,4506,302410,4219,307390,4182,312310,4674,277437,4561,260284,4658,331404,4696,291348,4353,305639,4554,
2026-09-30,19:51:45.632,999,367252,5155,394550,5108,349635,4947,376575,4965,279235,4899,344877,5135,341790,5009,412697,5363,357489,4974,365489,4999,350501,5281,321761,5252,289812,5113,367682,5214,338471,5094,359313,5339,
2026-09-30,19:51:46.632,999,356312,5005,363130,4694,342864,4811,376952,4925,260682,4631,319795,4735,322617,4703,383148,4988,343300,4772,361209,4915,325323,4874,295723,4873,276204,4915,364003,5145,320335,4787,344462,5127,
2026-09-30,19:51:47.631,999,355342,4979,393660,5079,369631,5178,395821,5153,289765,5115,332013,4992,335409,4965,386695,5031,366611,5084,370171,5018,351308,5240,321412,5262,283844,5035,369164,5277,315746,4785,351739,5233,
2026-09-30,19:51:48.631,999,395575,5551,436123,5619,397119,5572,424573,5564,328656,5792,362064,5414,379174,5576,428214,5583,399997,5567,408930,5545,374410,5603,358995,5850,330381,5821,390761,5549,353376,5324,395800,5892,
2026-09-30,19:51:49.632,1000,365025,5090,390612,5028,360353,5102,366587,4827,279064,4877,315589,4697,337377,4949,376966,4911,337546,4682,372951,5098,338890,5099,324813,5284,291637,5143,361077,5111,324353,4870,341537,5079,
2026-09-30,19:51:50.631,999,314105,4414,331067,4294,326890,4577,339608,4447,242958,4309,297094,4407,300363,4389,331192,4308,312765,4346,321311,4351,306872,4587,284680,4696,249878,4496,324545,4598,310165,4643,305054,4543,
2026-09-30,19:51:51.631,999,315159,4412,329718,4267,321675,4512,337032,4407,247038,4349,298473,4470,289004,4249,328819,4281,313055,4348,332616,4507,301946,4504,286690,4695,251554,4486,312854,4452,303998,4587,298002,4437,
2026-09-30,19:51:52.632,1000,323684,4536,328911,4262,325408,4568,337989,4424,244820,4312,296044,4436,293587,4324,333373,4330,304589,4235,329514,4468,308351,4608,285406,4660,251863,4480,321348,4578,292302,4414,309111,4601,
2026-09-30,19:51:53.633,1000,324591,4554,343744,4458,312248,4371,353676,4608,249019,4409,292053,4383,284234,4193,352189,4581,306264,4260,328747,4452,303884,4545,282472,4620,258487,4595,312185,4452,296629,4498,304455,4522,
2026-09-30,19:51:54.633,999,363271,5110,375942,4859,344555,4828,370812,4848,295968,5218,339717,5074,349262,5133,398241,5180,353783,4923,368856,5000,336699,5026,316911,5167,288863,5106,352400,5004,330626,4978,333381,4942,
2026-09-30,19:51:55.632,999,351857,4939,375751,4854,338624,4805,361522,4776,295564,5209,345844,5159,339707,4979,386853,5039,341534,4742,348079,4778,332405,5010,311564,5089,275603,4887,344706,4871,325175,4883,338762,5042,
2026-09-30,19:51:56.633,1000,374397,5259,397737,5132,353362,4971,391907,5135,292417,5177,337999,5055,339160,4992,392398,5103,359614,5000,368543,4998,350206,5245,316868,5174,297570,5285,369134,5242,333299,5015,358679,5349,
2026-09-30,19:51:57.633,999,368534,5154,377322,4865,353969,4959,378631,4949,268729,4781,313897,4689,320064,4711,378317,4928,340806,4720,359737,4874,327917,4913,297871,4918,285089,5107,366370,5209,327008,4930,325968,4845,
2026-09-30,19:51:58.633,999,368132,5162,375144,4837,359837,5031,363395,4743,282255,5017,333388,4967,330032,4852,388155,5052,346496,4797,349644,4725,331826,4967,309571,5096,272457,4857,351867,5001,326358,4905,329096,4904,
2026-09-30,19:51:59.632,999,351333,4942,378979,4911,361381,5066,374881,4907,292139,5133,330709,4959,337621,4975,390940,5090,348485,4844,347941,4713,335770,5009,335947,5446,278782,4888,349442,4989,327975,4952,338643,5040,
2026-09-30,19:52:00.633,1000,335792,4719,352316,4552,329093,4612,339859,4436,269661,4798,312995,4668,321034,4708,365746,4766,321546,4459,334526,4540,308313,4613,293150,4817,252457,4484,330261,4691,318335,4781,319434,4754,
2026-09-30,19:52:01.633,999,310302,4371,327566,4228,309004,4318,308563,4036,246653,4406,293534,4359,301266,4402,328376,4268,285107,3963,302217,4102,286076,4281,267765,4419,233993,4192,307246,4351,289749,4339,291759,4344,
2026-09-30,19:52:02.633,999,330500,4644,353241,4558,330033,4617,345978,4506,260944,4595,319884,4800,306823,4526,348316,4523,312725,4346,318462,4310,314538,4704,289263,4746,250458,4452,318331,4527,298026,4502,307416,4567,
2026-09-30,19:52:03.632,999,305978,4310,326256,4219,309401,4336,321721,4193,247535,4362,297296,4434,297723,4372,333642,4342,302382,4194,301082,4077,285930,4266,271823,4463,241581,4303,304009,4319,282091,4258,282599,4209,
2026-09-30,19:52:04.632,999,368599,5172,398430,5138,360752,5124,376129,4968,298101,5185,335436,5017,341081,5015,384214,4999,355373,4928,363515,4967,339016,5103,315135,5072,302244,5302,370436,5265,337494,5084,338258,5026,
2026-09-30,19:52:05.633,1000,395119,5536,435584,5619,387656,5501,411845,5425,329837,5758,367174,5468,395476,5802,439767,5716,389497,5418,403942,5518,371866,5586,356085,5763,313758,5527,404952,5741,377876,5687,394922,5874,
2026-09-30,19:52:06.633,999,351662,4934,376647,4865,349096,4891,373762,4878,281652,4979,325839,4865,346034,5081,389761,5072,352814,4880,357205,4844,339467,5072,319525,5226,285022,5089,369533,5251,342952,5155,335326,4994,
2026-09-30,19:52:07.632,999,372155,5218,386409,5005,364375,5099,385872,5029,290746,5159,346263,5192,348393,5126,404992,5268,368339,5104,368230,4989,355155,5292,323632,5296,296940,5312,385738,5494,341511,5162,346297,5153,
2026-09-30,19:52:08.633,1000,403471,5680,413102,5348,399511,5573,431272,5609,313437,5531,372976,5574,367549,5409,436138,5680,384305,5343,398866,5400,375062,5586,348664,5689,307869,5480,414805,5904,357277,5402,384887,5735,
2026-09-30,19:52:09.633,999,335026,4732,360845,4673,328305,4588,351078,4572,268870,4742,311037,4637,317809,4665,351966,4586,316829,4414,321320,4357,308096,4589,294744,4827,263499,4701,346081,4919,308834,4651,323992,4814,
2026-09-30,19:52:10.632,999,343078,4846,384499,4983,338244,4730,353872,4610,283887,4950,332379,4956,335367,4929,361859,4714,332104,4629,333407,4519,314383,4704,313469,5116,280792,4980,351545,4992,336477,5052,330565,4917,
2026-09-30,19:52:11.633,1000,335293,4726,363102,4698,327996,4589,341650,4446,272791,4818,323766,4836,325604,4773,355677,4630,331226,4611,327305,4424,311934,4651,288621,4755,261582,4666,338466,4814,316834,4771,311878,4639,
2026-09-30,19:52:12.633,999,339254,4777,377517,4882,326705,4570,358593,4671,285552,5049,327770,4906,331212,4871,371517,4831,336508,4677,329004,4454,315701,4700,296095,4870,267401,4756,342482,4881,315175,4758,317653,4725,
2026-09-30,19:52:13.633,999,318107,4492,358235,4634,311448,4364,350340,4552,271799,4826,293382,4372,304712,4466,348577,4540,308717,4299,321540,4345,298984,4437,286081,4696,249153,4438,315830,4488,293586,4417,308926,4599,
2026-09-30,19:52:14.633,999,342479,4831,354134,4578,329242,4602,372916,4855,290903,5187,317447,4734,333936,4894,367165,4780,331806,4618,338815,4581,325708,4834,306257,5044,269429,4804,346088,4914,311159,4693,323145,4806,
2026-09-30,19:52:15.633,1000,402769,5657,423242,5461,380183,5372,425519,5590,326089,5736,377014,5628,376258,5533,424396,5530,389384,5410,395188,5387,361012,5412,350680,5742,307829,5458,391924,5560,359560,5411,374556,5565,
2026-09-30,19:52:16.633,999,389826,5507,412180,5332,381421,5352,415151,5413,321270,5648,372947,5551,372056,5451,420457,5480,392887,5463,396025,5372,368349,5499,351475,5723,312862,5531,386086,5475,370263,5564,379689,5653,
2026-09-30,19:52:17.633,999,358570,5050,379551,4916,359511,5032,378978,4939,285629,5040,325327,4878,343958,5065,392513,5104,342886,4780,349168,4728,334271,4983,319326,5224,282159,5012,356042,5081,329695,4988,340399,5076,
2026-09-30,19:52:18.633,999,317543,4488,329272,4251,305890,4289,325098,4241,242916,4310,298166,4423,310280,4533,347103,4518,307716,4287,305546,4144,306458,4565,273281,4501,250859,4485,332688,4722,290264,4342,298180,4446,
2026-09-30,19:52:19.633,999,361123,5080,380291,4918,333373,4723,362597,4771,283385,4911,331234,4965,340588,5023,393697,5126,342396,4768,339585,4629,338264,5076,323511,5237,278692,4893,356724,5071,336195,5068,342243,5072,
2026-09-30,19:52:20.633,1000,336322,4740,367397,4751,329788,4615,342748,4463,266172,4706,307668,4584,325192,4767,365219,4761,327342,4552,335026,4530,327993,4889,296356,4866,263568,4710,338071,4799,331019,4980,315838,4698,
2026-09-30,19:52:21.633,999,363925,5110,378635,4903,351271,4924,377427,4933,288538,5070,333972,5003,349398,5137,391476,5094,351985,4899,362559,4901,343874,5138,315033,5127,279110,4922,360014,5125,342674,5172,334508,4973,
2026-09-30,19:52:22.633,999,344691,4861,352142,4563,336352,4710,354328,4622,263163,4674,315594,4698,326994,4794,360026,4684,328170,4568,333723,4521,314152,4691,290429,4780,259040,4632,326972,4651,308923,4646,323026,4802,
2026-09-30,19:52:23.633,999,359773,5071,381541,4935,350461,4906,370982,4835,273967,4855,327668,4906,335549,4937,372225,4844,338734,4714,351736,4767,333231,4957,299541,4921,277449,4964,353880,5036,322516,4864,343146,5103,
2026-09-30,19:52:24.633,1000,339228,4787,376218,4864,341525,4774,354742,4617,267966,4782,314836,4683,335536,4906,383700,4992,322744,4487,339788,4594,310836,4628,296528,4899,281508,5075,340824,4821,313722,4706,329251,4900,
2026-09-30,19:52:25.633,999,389163,5483,410503,5307,393353,5551,411874,5429,322323,5652,366142,5475,371527,5472,432976,5632,370590,5154,397379,5429,368774,5542,345265,5616,305075,5401,378499,5380,359466,5438,374437,5563,
2026-09-30,19:52:26.633,999,336754,4749,351892,4563,341199,4770,345261,4507,265462,4720,311208,4624,312370,4581,355654,4629,323771,4522,325932,4408,313325,4673,286017,4695,265355,4744,345043,4901,315093,4744,319378,4756,
2026-09-30,19:52:27.632,999,381237,5372,401799,5192,397313,5560,404586,5276,305818,5325,356751,5384,357890,5311,406105,5288,366660,5104,372395,5031,356079,5310,338196,5489,309847,5455,389743,5578,359928,5471,373071,5546,
2026-09-30,19:52:28.633,1000,355809,5021,373730,4839,353269,4939,358267,4674,274727,4863,327626,4879,333363,4890,355122,4622,333393,4640,339786,4594,324821,4844,304620,4994,279220,4990,353983,5027,325114,4884,332293,4959,
2026-09-30,19:52:29.633,999,339432,4779,347742,4498,332412,4652,341045,4453,267742,4733,311066,4647,304235,4473,349829,4552,299410,4168,317274,4287,309389,4621,285286,4661,257594,4601,347685,4941,309236,4672,319435,4760,
2026-09-30,19:52:30.633,999,338457,4768,366878,4733,341950,4791,356624,4642,265573,4657,323680,4820,315623,4634,367261,4818,323036,4494,331510,4474,322639,4802,291462,4762,268010,4751,353531,5025,315691,4741,324210,4868,
2026-09-30,19:52:31.633,999,348512,4905,386136,4979,359623,5037,360863,4707,271707,4790,321693,4821,320726,4715,371907,4841,332747,4630,347693,4694,315974,4711,301349,4941,275802,4911,355377,5059,331381,5000,337043,5015,
2026-09-30,19:52:32.633,1000,386704,5451,423312,5466,400357,5605,409274,5343,294799,5188,352176,5272,349687,5141,411615,5353,359712,5007,404510,5464,361740,5392,338997,5523,304555,5415,389963,5549,361399,5434,373221,5552,
2026-09-30,19:52:33.633,999,365405,5159,409608,5312,380421,5311,388802,5064,299018,5304,354086,5289,342187,5038,403670,5261,353291,4913,387813,5245,353656,5262,336460,5523,291101,5191,371147,5275,346352,5228,361488,5390,
2026-09-30,19:52:34.633,999,350399,4924,391373,5065,362756,5134,366911,4838,282289,4956,334485,4959,326990,4773,396792,5161,334869,4669,353353,4828,340348,5115,314905,5131,291847,5158,370409,5235,341175,5110,341799,5079,
2026-09-30,19:52:35.633,999,371661,5219,414763,5370,385189,5438,399207,5256,301502,5254,369604,5541,350785,5174,433536,5649,361409,5016,388588,5300,366068,5494,338045,5476,308885,5455,401645,5714,358708,5429,356248,5292,
2026-09-30,19:52:36.633,1000,344789,4855,357550,4653,337822,4728,353715,4619,262358,4652,335049,4973,316545,4633,363021,4729,327547,4549,351781,4768,310298,4635,301536,4952,283042,5079,343220,4872,321499,4838,323766,4833,
2026-09-30,19:52:37.633,999,319295,4490,335208,4342,315185,4404,331105,4321,250695,4430,311569,4654,304636,4470,344639,4490,298411,4148,330110,4473,308853,4602,295857,4861,263890,4709,320269,4565,301732,4558,310042,4619,
2026-09-30,19:52:38.633,999,361897,5093,404313,5239,381115,5345,415108,5421,301468,5250,354880,5329,361412,5339,413306,5388,363890,5095,400577,5422,369225,5496,347600,5639,308548,5428,384674,5500,369384,5605,369728,5507,
2026-09-30,19:52:39.633,999,332137,4682,380932,4923,342429,4789,372406,4858,278055,4932,318522,4756,332738,4871,374135,4866,350008,4865,361447,4886,336136,5011,309393,5095,277152,4946,355586,5049,331595,4989,340055,5068,
2026-09-30,19:52:40.633,1000,365112,5145,422274,5469,360770,5047,403485,5251,295586,5223,352567,5286,360442,5303,409385,5327,379507,5280,381174,5155,364158,5437,349812,5707,306188,5455,396323,5647,352905,5324,376727,5602,
2026-09-30,19:52:41.633,999,352702,4971,392053,5071,348865,4862,370336,4816,273872,4880,331921,4933,342808,5018,384439,5001,340620,4743,351254,4748,344228,5126,313622,5176,285245,5120,377971,5365,339084,5093,363342,5406,
2026-09-30,19:52:42.633,999,363596,5119,394483,5087,361332,5044,369390,4806,291257,5159,340117,5101,342320,5041,393038,5118,357103,4964,366319,4952,352881,5243,321090,5249,283998,5057,367018,5225,329300,4976,348632,5169,
2026-09-30,19:52:43.634,1000,332907,4666,363091,4699,345691,4828,368385,4788,265856,4721,319658,4761,326178,4774,361393,4710,341980,4752,342267,4626,327312,4876,307660,5065,280859,5033,342160,4863,323410,4863,334027,4976,
2026-09-30,19:52:44.633,999,384094,5380,401347,5179,378222,5304,404264,5272,312229,5454,356342,5345,363486,5351,404386,5265,367979,5110,376712,5096,364318,5431,356594,5806,314576,5556,388173,5538,364146,5515,368920,5497,
2026-09-30,19:52:45.633,999,379922,5332,403615,5218,363328,5142,392694,5173,303779,5323,365680,5449,356952,5245,405605,5280,362563,5042,377099,5152,351964,5297,343367,5581,302487,5362,375467,5327,355473,5342,374711,5582,
2026-09-30,19:52:46.633,999,341410,4808,348161,4511,328864,4602,340510,4440,267966,4762,311686,4642,313787,4599,354191,4613,313731,4365,344568,4667,313819,4677,291849,4788,265998,4744,335873,4756,316274,4753,332903,4963,
2026-09-30,19:52:47.634,1000,646532,8984,703883,8999,653452,9141,690761,9019,562673,9171,563797,8969,605012,9398,697306,9134,637830,8799,671782,9050,617518,9145,617269,9500,546433,9094,629603,9344,580568,9282,629660,9360,
2026-09-30,19:52:48.633,999,472866,6661,494731,6398,476305,6664,499420,6515,389883,6882,424315,6359,443688,6538,490274,6379,459045,6385,475687,6433,453364,6755,410806,6703,367666,6519,477314,6783,437955,6610,462343,6881,
2026-09-30,19:52:49.633,999,424855,5969,442490,5712,412984,5836,435075,5720,342023,5957,387192,5749,400016,5853,450274,5869,399382,5541,401408,5472,389497,5862,364147,5866,336382,5901,413636,5855,398986,5974,409704,6093,
2026-09-30,19:52:50.634,1000,414158,5826,421285,5441,408665,5702,429677,5572,315403,5612,371642,5544,387239,5686,440093,5726,390122,5431,386843,5217,371544,5535,350234,5760,312695,5600,395604,5624,365832,5524,380857,5660,
2026-09-30,19:52:51.633,999,363482,5110,384954,4977,376098,5250,384757,5002,285728,5096,335575,5010,343424,5035,390098,5079,343973,4765,367738,4976,330411,4919,325935,5367,286808,5129,353131,5023,337409,5097,344171,5123,
2026-09-30,19:52:52.633,999,376277,5279,392022,5069,372074,5187,384729,5017,298671,5254,348427,5233,349496,5154,408824,5317,361453,5017,372700,5043,356280,5304,336310,5498,307211,5454,365590,5221,342802,5197,364776,5416,
2026-09-30,19:52:53.633,999,346313,4878,352463,4561,352885,4927,365648,4766,272527,4857,333870,4952,337382,4932,373097,4858,337740,4698,350968,4749,335583,5002,315172,5205,272781,4876,373824,5288,326790,4900,334635,4981,
2026-09-30,19:52:54.634,1000,348887,4917,358413,4635,335827,4695,356933,4642,273196,4815,316049,4705,323004,4735,357544,4650,321473,4470,337869,4575,328670,4903,299988,4922,267145,4743,346347,4919,306536,4618,324947,4838,
2026-09-30,19:52:55.633,999,389901,5485,411073,5314,368628,5214,395216,5208,308251,5352,356316,5309,360584,5296,409439,5335,370439,5164,370470,5075,356030,5376,334623,5415,295252,5166,377268,5354,346904,5215,365223,5436,
2026-09-30,19:52:56.633,999,440115,6179,465452,6015,438201,6216,460132,6061,341165,5937,406040,6071,417569,6136,460645,6015,425343,5889,430417,5877,407533,6134,386080,6221,354732,6204,445501,6325,416738,6282,426165,6342,
2026-09-30,19:52:57.633,999,356459,5005,387524,5011,370675,5206,373286,4871,284651,5032,335346,5017,339070,4992,383993,4990,335672,4669,346924,4705,342382,5098,316914,5158,284507,5051,357684,5087,336333,5080,340803,5061,
2026-09-30,19:52:58.634,1000,357883,5030,408280,5267,374417,5249,382472,4992,282961,5015,346721,5168,358061,5254,392447,5099,347262,4835,358920,4860,352651,5264,328480,5379,288410,5143,362171,5153,341421,5137,351040,5224,
2026-09-30,19:52:59.633,999,357585,5011,392157,5057,367693,5134,384276,4996,284387,5058,351811,5252,351643,5173,387457,5048,341531,4742,373893,5057,350324,5221,332974,5469,284346,5080,356601,5073,339865,5127,347408,5177,
2026-09-30,19:53:00.633,999,365636,5158,385137,4972,401844,5632,399668,5217,296114,5232,357489,5306,356675,5218,403893,5255,350972,4885,377600,5116,368444,5511,338159,5532,300963,5358,359246,5094,353927,5314,354636,5275,
2026-09-30,19:53:01.633,999,340790,4786,366482,4716,365788,5123,356043,4648,264620,4696,322267,4813,321940,4736,371140,4828,313391,4348,327499,4441,335529,5005,307703,5033,270473,4827,331786,4726,315085,4764,322925,4802,
2026-09-30,19:53:02.634,1000,509708,7092,543705,6959,525529,7336,549668,7156,431133,7256,449928,7059,454054,6988,543650,7058,496603,6850,502778,6752,486580,7196,458056,7208,425967,7243,476271,7015,450835,7148,481476,7095,
2026-09-30,19:53:03.634,999,406746,5716,438832,5653,397030,5577,431042,5636,330258,5727,370440,5577,378430,5601,438381,5776,396846,5508,391678,5297,378684,5648,360426,5795,331512,5787,405273,5794,380220,5770,381617,5719,
2026-09-30,19:53:04.633,999,378521,5314,401385,5192,377245,5342,395311,5220,307062,5367,357649,5314,360095,5264,394053,5129,360686,5017,369124,5041,349872,5276,337415,5483,316188,5566,384810,5446,360534,5405,354737,5279,
2026-09-30,19:53:05.633,999,406743,5707,447245,5765,414585,5870,428903,5646,329232,5654,386756,5872,402588,5989,440580,5740,400703,5572,417365,5692,377893,5691,380204,6079,329187,5722,412328,5911,372898,5708,398339,5927,
2026-09-30,19:53:06.634,1000,479910,6722,530205,6833,494536,6973,494550,6500,382844,6523,440159,6671,452030,6730,518398,6796,465365,6455,485183,6610,451647,6779,433268,6899,389274,6714,483195,6927,440890,6735,448314,6714,
2026-09-30,19:53:07.634,999,420014,5890,463500,5979,423459,5929,430798,5623,334207,5885,390811,5888,398038,5881,452483,5885,390250,5411,404391,5476,381997,5712,376759,6156,330601,5865,427245,6108,377108,5721,390545,5816,
2026-09-30,19:53:08.633,999,378796,5316,415556,5371,384789,5394,391242,5118,304766,5390,352582,5263,369360,5415,410140,5334,364752,5059,382384,5184,352170,5280,337839,5558,300453,5353,377999,5379,351418,5301,359127,5349,
2026-09-30,19:53:09.633,999,344793,4831,388870,5016,365821,5114,381443,4964,280217,4977,332394,4952,338213,4959,389178,5054,330045,4566,354619,4807,334490,4990,313326,5183,276340,4956,366832,5209,336950,5064,336569,5003,
2026-09-30,19:53:10.634,1000,323502,4546,364406,4706,347923,4870,351782,4603,261898,4664,315865,4700,321803,4707,357425,4643,302191,4197,308596,4188,311120,4647,286538,4736,257137,4592,334898,4749,305442,4598,319360,4764,
2026-09-30,19:53:11.634,999,368999,5183,391017,5048,359902,5043,373665,4890,291922,5112,343452,5143,347515,5127,381975,4962,339406,4719,343537,4662,349627,5227,322571,5226,280943,4946,368667,5242,344433,5215,352081,5241,
2026-09-30,19:53:12.633,999,338759,4757,354041,4585,328134,4604,353305,4611,273578,4815,326606,4877,324411,4771,367669,4785,322906,4490,328713,4457,326183,4882,294746,4819,269243,4757,335588,4775,313500,4725,323812,4821,
2026-09-30,19:53:13.633,999,343050,4811,372846,4824,345084,4841,364676,4759,276871,4910,328375,4903,327459,4808,362225,4714,328243,4566,338878,4588,329097,4909,296426,4852,279073,4978,343254,4880,314142,4733,333667,4966,
2026-09-30,19:53:14.634,1000,315391,4433,350327,4538,323441,4528,353531,4605,260002,4643,305811,4542,311120,4543,339360,4411,314772,4364,325722,4407,316743,4729,283824,4674,258874,4636,338271,4796,295900,4437,318101,4733,
2026-09-30,19:53:15.634,999,343249,4813,380246,4900,349758,4959,377110,4984,285732,5024,328243,4887,339534,4986,364988,4749,336657,4666,348693,4762,330251,4987,310736,5064,264566,4688,348532,4949,317354,4769,334832,4974,
2026-09-30,19:53:16.633,999,365575,5141,420619,5425,385908,5406,415825,5423,297762,5271,354243,5293,364167,5342,388182,5053,364043,5056,380381,5151,361907,5408,333790,5435,302338,5350,368605,5251,341153,5141,362952,5392,
2026-09-30,19:53:17.633,999,377783,5304,415714,5369,391485,5494,418900,5463,319145,5619,376281,5593,374433,5479,416293,5416,361439,5021,385228,5221,372411,5578,345690,5636,308465,5446,399667,5673,335901,5048,359734,5334,
2026-09-30,19:53:18.634,1000,371633,5211,386022,4984,363569,5092,389746,5078,291760,5202,338741,5069,336143,4944,376178,4897,338444,4703,352623,4764,333196,4966,318799,5229,284970,5071,372703,5311,315108,4765,340950,5071,
2026-09-30,19:53:19.634,999,374963,5254,390225,5020,379342,5375,394451,5195,307827,5416,351293,5225,353072,5170,402203,5228,358374,4974,368252,5025,354728,5345,331099,5391,303776,5368,389809,5533,341529,5127,344894,5109,
2026-09-30,19:53:20.633,999,352084,4941,374311,4825,353529,4948,375919,4911,281755,5013,333128,4965,343067,5029,375321,4887,325754,4533,357717,4849,349604,5215,308395,5059,270999,4825,346431,4927,322396,4857,320567,4765,
2026-09-30,19:53:21.634,1000,319800,4495,338053,4384,318510,4465,342154,4464,265828,4729,308457,4599,316789,4644,342052,4456,300226,4187,324489,4400,300806,4494,279064,4576,249452,4436,316069,4489,294148,4431,299198,4457,
2026-09-30,19:53:22.634,999,335305,4710,356905,4608,337306,4729,355479,4640,285333,5015,319331,4789,315727,4647,359055,4674,310867,4337,337595,4579,337932,5054,299584,4857,268572,4720,348457,4964,307278,4650,329347,4891,
2026-09-30,19:53:23.634,999,313722,4396,342484,4429,320289,4487,327089,4275,260350,4652,295420,4396,311762,4558,325828,4245,295438,4117,314087,4254,310913,4652,278806,4588,245333,4385,318308,4517,296288,4455,311984,4644,
2026-09-30,19:53:24.633,999,367042,5156,397403,5136,368112,5153,377176,4927,300037,5321,335181,5027,357497,5271,382064,4968,346595,4827,356616,4840,341789,5105,324685,5301,284913,5065,362800,5171,344184,5190,364089,5414,
2026-09-30,19:53:25.633,999,368488,5169,400651,5171,383954,5426,396179,5231,310806,5501,353211,5230,377177,5500,396534,5163,370947,5145,375594,5134,343976,5184,325662,5337,294575,5255,383458,5419,363865,5440,363861,5410,
2026-09-30,19:53:26.634,1000,345952,4869,366169,4731,349436,4883,374321,4876,278475,4960,321006,4775,336054,4925,370998,4821,330321,4590,345955,4692,327528,4904,308051,5084,275093,4926,353821,5024,322820,4859,329747,4913,
2026-09-30,19:53:27.634,999,355983,5000,375877,4864,357170,4998,384276,5026,280040,4941,328606,4953,345612,5116,383002,4977,344420,4783,355667,4819,342308,5110,313521,5114,272022,4834,352848,5059,314471,4791,342293,5090,
2026-09-30,19:53:28.634,999,378373,5321,408734,5293,401410,5626,419791,5489,318725,5615,364429,5436,374204,5488,421201,5485,381372,5306,398963,5411,373346,5582,347672,5690,317631,5638,383996,5460,355458,5340,381490,5676,
2026-09-30,19:53:29.633,999,306708,4301,332309,4311,316325,4435,329594,4301,250254,4488,299174,4431,297128,4340,343993,4480,287270,4002,311242,4209,292034,4370,263789,4356,247595,4451,333325,4713,294001,4391,288960,4307,
2026-09-30,19:53:30.634,1000,314687,4424,324164,4200,306023,4282,329247,4293,240658,4280,306006,4554,300936,4411,325517,4237,307536,4270,306865,4160,296876,4436,268624,4408,250309,4479,320408,4547,290811,4368,295344,4399,
2026-09-30,19:53:31.634,999,320701,4502,328844,4252,328111,4604,342130,4470,252044,4476,298168,4452,299187,4384,341563,4444,313489,4364,307349,4165,308739,4629,267865,4396,257036,4597,329733,4683,299974,4508,291084,4327,
2026-09-30,19:53:32.634,999,361816,5079,366704,4733,352590,4938,385405,5035,275662,4829,318127,4794,316949,4690,372976,4841,339472,4726,349214,4730,339831,5061,311778,5075,274940,4882,353975,5062,342343,5194,336179,5004,
2026-09-30,19:53:33.633,999,357236,5018,384742,4981,375611,5253,379569,4959,282927,5044,335097,4964,338934,4958,385984,5021,336137,4669,352816,4787,335891,5003,315511,5218,277671,4987,366811,5188,348368,5218,339930,5052,
2026-09-30,19:53:34.634,1000,406796,5707,428136,5514,427289,6031,434488,5729,326378,5694,382401,5693,388060,5683,443717,5761,394337,5466,391657,5354,384212,5779,369268,6019,323043,5690,405784,5748,383959,5751,385458,5718,
2026-09-30,19:53:35.634,999,378017,5305,425336,5479,400927,5631,403332,5294,306387,5367,361176,5386,365443,5369,407022,5298,370336,5142,388336,5311,365979,5513,340458,5568,300662,5306,381499,5425,365941,5516,355750,5288,
2026-09-30,19:53:36.634,999,335555,4722,351149,4540,336855,4722,360164,4699,268167,4779,315676,4682,297042,4338,354891,4622,312810,4357,334296,4545,316120,4740,303198,5001,265338,4739,347218,4914,323255,4828,317005,4725,
2026-09-30,19:53:37.633,999,345725,4865,363411,4693,356374,4993,374068,4877,281265,4968,327610,4932,310598,4603,376200,4886,328819,4571,353638,4796,336097,5016,318390,5195,278253,4943,349975,5011,332141,5041,328348,4879,
2026-09-30,19:53:38.634,1000,322055,4528,346461,4487,316314,4431,349467,4546,257691,4564,309623,4621,302684,4438,332180,4321,311708,4340,330583,4485,320009,4776,297306,4875,258705,4626,330532,4692,308910,4646,302874,4515,
2026-09-30,19:53:39.634,999,346888,4875,361649,4680,339001,4750,373368,4875,270099,4745,310164,4638,328775,4827,349564,4555,338571,4694,354551,4808,341462,5101,318577,5189,274533,4860,350188,4982,325658,4910,324735,4828,
2026-09-30,19:53:40.634,999,303584,4261,321519,4159,288768,4051,318528,4161,235767,4201,282702,4202,295271,4310,305888,3979,295131,4103,308246,4180,306658,4575,268346,4405,243374,4365,324695,4595,291249,4360,289490,4306,
2026-09-30,19:53:41.633,999,324461,4552,348125,4504,322544,4507,354014,4615,254739,4531,310848,4628,307032,4502,337829,4389,313502,4348,337214,4559,316410,4732,295546,4877,255265,4581,346568,4922,304763,4578,310898,4620,
2026-09-30,19:53:42.634,1000,342584,4799,368820,4756,348064,4861,375388,4893,272347,4852,335623,5005,333918,4906,365666,4747,338133,4683,358351,4844,337328,5042,307087,5058,271324,4844,349945,4978,315996,4769,327162,4861,
2026-09-30,19:53:43.634,999,366465,5128,376209,4866,362040,5071,386096,5038,286956,5134,342587,5096,349576,5129,400105,5207,344255,4769,365391,4941,346312,5165,320932,5313,276934,4958,359000,5094,328418,4941,350169,5206,
2026-09-30,19:53:44.634,999,342859,4812,375735,4863,336160,4709,375983,4903,269447,4835,334895,4966,329352,4802,366171,4768,321553,4460,341769,4645,327522,4905,307277,5094,270339,4854,350205,4962,312451,4679,337805,5023,
2026-09-30,19:53:45.634,999,378232,5306,411431,5298,377166,5327,402804,5296,310620,5443,366127,5452,366500,5367,402600,5246,365340,5074,373371,5118,359149,5417,340406,5527,303718,5358,389981,5537,348477,5235,372059,5529,
2026-09-30,19:53:46.634,1000,339345,4758,371293,4792,354827,4968,372566,4871,260710,4649,304174,4510,323564,4729,346806,4515,313190,4347,339898,4610,320914,4788,303257,4995,270776,4827,359429,5083,309497,4627,329338,4910,
2026-09-30,19:53:47.634,999,357352,5008,417974,5388,381904,5343,399018,5209,287448,5077,331762,4999,338775,5011,373057,4847,336574,4677,358397,4850,343171,5130,339399,5543,290439,5136,373712,5341,334848,5074,356672,5314,
2026-09-30,19:53:48.634,999,352197,4944,385309,4981,373919,5239,386291,5043,274177,4892,321673,4783,329554,4823,367589,4782,349527,4855,354557,4796,326723,4898,312079,5140,279689,4997,369711,5224,340355,5101,343338,5116,
2026-09-30,19:53:49.634,999,362163,5077,394096,5088,375076,5295,392751,5183,282988,4958,343360,5110,345687,5059,387224,5039,351521,4882,374000,5112,335099,5050,322006,5237,291755,5148,366468,5183,341880,5140,352848,5241,
2026-09-30,19:53:50.634,1000,334949,4711,361979,4682,355114,4975,376772,4918,275975,4898,317875,4713,332573,4855,354764,4613,329564,4586,347824,4722,323747,4835,301427,4950,275268,4886,351540,4971,322213,4833,316786,4712,
2026-09-30,19:53:51.634,999,366724,5161,402117,5195,371282,5184,398299,5186,286154,5084,348381,5203,341104,5009,383157,4986,345156,4800,378537,5116,360280,5372,316079,5198,290145,5191,372722,5299,332253,4997,347069,5169,
2026-09-30,19:53:52.634,999,378702,5331,405039,5248,385249,5383,407960,5321,301796,5322,358420,5364,358294,5280,397845,5171,361840,5043,398311,5395,362073,5397,341177,5598,300810,5353,382629,5448,358589,5408,362937,5403,
2026-09-30,19:53:53.634,999,368617,5182,380462,4917,373190,5215,390486,5087,290762,5193,346545,5150,356616,5214,392178,5097,339220,4720,360897,4891,338193,5063,327488,5426,277396,4980,368240,5219,334078,5007,338375,5043,
2026-09-30,19:53:54.634,1000,336224,4724,365032,4712,344725,4820,377226,4920,269951,4816,312954,4650,328298,4802,368016,4787,315242,4374,316385,4286,327109,4895,296494,4910,258801,4652,336758,4766,302432,4539,332033,4935,
2026-09-30,19:53:55.634,999,372614,5236,397529,5136,375089,5301,396061,5215,306947,5396,336797,5037,362630,5328,390317,5081,356784,4960,364116,4984,350669,5294,339965,5554,283359,5011,373176,5296,334323,5040,345153,5128,
2026-09-30,19:53:56.634,999,367628,5167,403145,5219,378411,5321,395829,5186,303345,5346,346063,5155,362220,5300,391323,5103,349643,4866,383150,5210,355315,5333,336482,5486,288515,5096,363651,5156,343079,5149,364752,5431,
2026-09-30,19:53:57.634,999,324047,4550,349680,4520,333991,4683,346559,4528,266963,4704,300087,4498,304340,4486,351678,4575,317175,4407,335594,4540,323603,4833,297035,4873,257264,4565,320484,4569,291978,4420,315772,4688,
2026-09-30,19:53:58.634,1000,306568,4314,327982,4242,316658,4430,323708,4228,248302,4410,290853,4337,291781,4272,339985,4428,311025,4312,314224,4255,303615,4534,289609,4761,248462,4448,314221,4460,281685,4247,303576,4520,
2026-09-30,19:53:59.634,999,307553,4316,327011,4224,302278,4237,321227,4199,239661,4281,290960,4331,290829,4263,328108,4272,300997,4186,312464,4229,297576,4447,280604,4613,248225,4439,307480,4368,285020,4293,299337,4451,
2026-09-30,19:54:00.634,999,352640,4955,373433,4830,351086,4923,367061,4802,275511,4933,324127,4829,322658,4732,365198,4748,343891,4773,339502,4601,333451,4981,311210,5119,279722,5001,349958,4971,322591,4847,346322,5144,
2026-09-30,19:54:01.635,1000,344505,4854,377911,4887,360120,5042,361486,4724,280387,4994,329664,4890,324585,4751,384368,5000,345465,4806,349138,4731,327869,4905,318729,5216,274156,4866,346777,4915,330194,4947,360571,5353,
2026-09-30,19:54:02.634,999,348511,4911,371714,4822,363606,5079,370987,4837,275504,4889,323854,4840,330427,4866,377932,4909,342013,4760,341602,4617,333251,4952,300759,4927,276148,4922,345301,4916,322244,4863,347391,5161,
2026-09-30,19:54:03.634,999,331475,4670,353799,4585,356297,4971,354071,4618,277597,4928,323598,4831,331324,4857,375320,4878,334384,4650,343655,4652,336561,4993,300807,4961,270066,4832,337070,4789,313674,4712,345697,5140,
2026-09-30,19:54:04.634,999,369239,5192,395856,5118,380396,5400,399131,5273,310705,5423,355283,5279,364309,5339,407798,5300,377929,5253,379088,5178,357314,5398,333366,5399,299530,5273,373933,5304,354081,5325,378080,5615,
2026-09-30,19:54:05.634,1000,345617,4868,385356,4988,372271,5245,379632,5006,294884,5176,347145,5163,345760,5057,381009,4956,347394,4839,353294,4828,338491,5101,317930,5202,284021,5036,365624,5185,330465,4955,338676,5036,
2026-09-30,19:54:06.634,999,327804,4622,349686,4540,335842,4699,354357,4636,256693,4544,294372,4395,318256,4668,360967,4698,320245,4457,326685,4421,313770,4676,292725,4799,253687,4490,331309,4706,303479,4562,305861,4553,
2026-09-30,19:54:07.634,999,336560,4741,366386,4759,374353,5252,386626,5062,278158,4844,319618,4809,338932,4998,387522,5044,349689,4880,355376,4811,333301,4981,314830,5098,275351,4806,345298,4938,323315,4901,329503,4907,
2026-09-30,19:54:08.635,1000,629127,9139,673191,8961,668251,9361,723605,9444,540190,9091,588866,8762,613155,9001,693198,9107,623202,8983,658784,8890,639328,9498,603015,9496,549564,9372,658873,9314,629528,9434,609783,9142,
2026-09-30,19:54:09.635,999,355015,5001,392444,5078,364988,5105,407096,5306,290421,5140,370537,5495,357488,5219,417153,5430,357810,4989,377309,5111,359474,5365,337467,5551,280544,5010,360805,5102,347605,5207,355795,5299,
2026-09-30,19:54:10.634,999,324521,4572,363971,4707,345433,4828,355030,4627,265871,4715,320454,4767,325888,4760,374142,4877,324601,4529,345643,4693,331134,4953,310679,5116,260324,4638,342790,4853,316108,4744,334473,4976,
2026-09-30,19:54:11.634,999,351067,4925,383537,4954,361105,5059,375883,4895,280412,4950,329531,4935,335889,4948,378038,4928,349196,4842,361036,4893,338606,5061,319708,5249,281205,4989,353434,5038,332610,5036,349129,5201,
2026-09-30,19:54:12.635,1000,398019,5604,420397,5441,412523,5801,423961,5540,307028,5339,365785,5465,376174,5537,421295,5481,385199,5378,405872,5509,383587,5736,363076,5903,311917,5455,395919,5628,359271,5402,384287,5712,
2026-09-30,19:54:13.635,999,342262,4833,366703,4746,363105,5079,376000,4906,276704,4852,330548,4951,336951,4961,380929,4960,345533,4812,353042,4785,338667,5044,317137,5191,267436,4749,343097,4884,314567,4778,331320,4919,
2026-09-30,19:54:14.634,999,310764,4389,330100,4278,330285,4640,338362,4424,246590,4375,290070,4321,302653,4431,339246,4410,303076,4217,307083,4158,295081,4420,283329,4658,245723,4381,315001,4469,297662,4466,301063,4481,
2026-09-30,19:54:15.634,999,339736,4795,355702,4618,346658,4919,368490,4874,275765,4793,330949,4934,324677,4767,374647,4875,330018,4599,336011,4611,318637,4820,314382,5098,272128,4776,352115,5003,318607,4788,317183,4709,
2026-09-30,19:54:16.634,999,366391,5164,398036,5153,373300,5250,396433,5195,295876,5087,345700,5142,347505,5094,398604,5265,356744,4983,369754,5025,348905,5226,340845,5483,303567,5270,375685,5323,353876,5314,345967,5210,
2026-09-30,19:54:17.635,1000,308587,4363,315387,4097,311551,4384,329995,4335,241219,4218,287011,4293,292741,4288,328341,4275,298050,4171,303828,4130,283972,4246,279876,4578,249040,4421,303725,4309,291632,4399,287991,4271,
2026-09-30,19:54:18.634,999,742313,10370,802121,10304,753108,10575,807189,10556,636298,10386,664149,10456,689458,10608,787464,10327,732320,10173,779665,10500,703674,10451,697709,10718,640699,10680,723536,10637,677693,10771,711284,10570,
2026-09-30,19:54:19.634,999,419169,5897,446056,5761,411814,5824,446011,5884,332705,5771,395407,5902,401377,5892,442711,5760,406339,5636,429998,5859,390963,5886,364878,5930,328664,5770,426268,6046,396001,5945,411470,6104,
2026-09-30,19:54:20.634,999,382323,5387,402954,5223,381320,5336,431212,5628,299717,5280,342131,5109,361042,5295,405426,5285,363386,5062,399837,5411,357220,5334,334632,5493,294032,5234,377671,5362,360472,5430,382222,5686,
2026-09-30,19:54:21.635,1000,337610,4749,360319,4655,341199,4777,365296,4773,260654,4625,317126,4698,331735,4836,353787,4599,317403,4421,338424,4585,295005,4421,291818,4821,260053,4639,340085,4805,312227,4668,330151,4911,
2026-09-30,19:54:22.635,999,346591,4891,372275,4814,332863,4676,370749,4845,263925,4619,313794,4647,322450,4722,372819,4843,321331,4472,344685,4677,314876,4707,302342,4959,269485,4793,355166,5028,316634,4753,322238,4784,
2026-09-30,19:54:23.634,999,355381,5014,384385,4992,356128,5026,379574,4984,277171,4850,317836,4725,331732,4838,384500,5003,330939,4611,356565,4867,319477,4806,310434,5068,290205,5138,370600,5242,333936,4999,344032,5101,
2026-09-30,19:54:24.634,999,338781,4783,366441,4763,348905,4908,369687,4849,275439,4810,331115,4940,336432,4940,361204,4701,333341,4645,362534,4918,325261,4861,311091,5066,283642,4994,364719,5176,335232,5035,339244,5038,
2026-09-30,19:54:25.635,1000,340546,4817,379497,4920,359193,5092,374920,4953,278232,4876,345311,5130,341059,4988,377006,4909,341940,4766,354281,4850,328208,4944,314816,5127,285162,5051,368333,5203,340326,5083,340882,5061,
2026-09-30,19:54:26.635,999,303984,4300,346316,4503,321521,4539,339852,4465,252371,4444,294397,4365,314958,4598,343217,4473,306946,4287,321111,4374,299571,4494,280486,4583,252416,4475,324192,4583,305761,4569,310032,4613,
2026-09-30,19:54:27.635,999,325765,4591,366231,4741,341738,4820,359087,4702,263197,4630,310145,4615,316318,4629,351770,4582,306985,4285,337346,4596,316351,4751,293650,4810,272400,4835,339219,4812,312979,4692,313078,4647,
2026-09-30,19:54:28.634,999,362761,5100,402714,5227,371519,5234,386709,5070,292670,5176,334582,4966,350359,5118,397774,5180,346198,4817,382296,5215,343507,5175,325867,5338,294487,5226,377474,5337,353980,5294,361196,5365,
2026-09-30,19:54:29.634,999,378661,5343,427142,5542,383425,5381,409063,5345,300862,5297,358112,5319,364379,5343,411614,5354,367092,5110,387005,5254,361753,5414,336984,5489,303542,5371,389788,5519,364200,5455,368591,5488,
2026-09-30,19:54:30.635,1000,327307,4617,351502,4555,314664,4412,354727,4622,255918,4553,304095,4505,314957,4604,343708,4473,314710,4384,323727,4396,309004,4611,292818,4810,258733,4631,332978,4709,306117,4580,320817,4769,
2026-09-30,19:54:31.634,999,320922,4531,346027,4490,316865,4445,349127,4551,262154,4597,304896,4547,317090,4656,335985,4409,310458,4324,321871,4356,306886,4579,294124,4777,259201,4569,327511,4647,297951,4485,318506,4785,
2026-09-30,19:54:32.634,999,322157,4547,363728,4716,327905,4600,362031,4719,270672,4789,310620,4639,320167,4698,357135,4647,302454,4223,327548,4450,317206,4732,300956,4912,254304,4517,346914,4924,304421,4578,323141,4802,
2026-09-30,19:54:33.635,1000,309500,4365,347192,4497,312141,4375,336055,4390,240903,4272,299747,4467,303991,4454,339209,4420,296180,4139,306133,4147,286330,4287,289013,4741,240644,4282,328494,4655,284389,4274,296752,4405,
2026-09-30,19:54:34.635,999,338628,4748,375727,4850,339807,4825,372748,4926,274970,4783,322034,4784,334903,4905,377268,4908,340723,4741,335422,4592,314541,4747,315736,5124,262578,4618,359583,5085,311234,4672,328863,4885,
2026-09-30,19:54:35.635,999,375370,5301,407293,5283,374687,5312,413302,5455,309406,5338,368795,5497,373724,5494,421968,5491,381571,5350,383688,5244,362447,5452,354302,5704,318618,5561,407421,5780,354186,5344,366767,5434,
2026-09-30,19:54:36.634,999,343839,4851,384978,4991,357548,5018,390796,5103,281699,4956,339510,5064,350053,5134,373187,4858,361980,5056,361377,4903,341270,5085,324970,5302,288319,5112,370919,5271,331419,4988,349190,5192,
2026-09-30,19:54:37.635,1000,381372,5353,387041,5005,376708,5273,389553,5086,289351,5106,355867,5313,357753,5261,386601,5030,358740,4979,367285,4976,346265,5170,324630,5326,297422,5292,374848,5335,337387,5083,361067,5372,
2026-09-30,19:54:38.635,999,375947,5302,419095,5419,389658,5457,412310,5378,288239,5074,345624,5159,360387,5293,404500,5269,371292,5165,367110,4982,359620,5354,338782,5556,298786,5296,381698,5426,347967,5251,358675,5341,
2026-09-30,19:54:39.635,999,335558,4727,374699,4846,343552,4805,367698,4800,255262,4508,301924,4527,319131,4692,351552,4585,330471,4617,344422,4666,316445,4720,307819,5028,277637,4941,339957,4840,301916,4550,326849,4863,
2026-09-30,19:54:40.634,999,356263,5015,372188,4825,355787,5001,376776,4921,269113,4715,318129,4735,332509,4863,372509,4851,341162,4758,343923,4660,326493,4889,307400,4999,280038,4922,353697,5013,329819,4957,335008,4987,
2026-09-30,19:54:41.635,1000,318580,4498,333017,4327,324258,4550,351201,4586,246443,4358,294615,4385,296786,4346,346938,4513,306102,4268,321552,4360,293219,4366,281085,4605,248510,4421,317212,4494,295506,4442,302121,4497,
2026-09-30,19:54:42.635,999,310894,4386,335591,4353,320782,4505,335247,4377,255422,4518,295212,4411,299149,4404,338954,4413,300947,4183,318316,4315,292591,4361,269476,4413,243941,4337,320652,4552,296032,4455,297867,4426,
2026-09-30,19:54:43.635,999,313232,4420,338156,4396,325186,4564,330453,4315,253632,4481,300045,4480,296198,4356,335896,4369,313761,4355,325816,4415,308897,4591,280183,4586,244276,4342,328544,4673,293290,4425,292949,4353,
2026-09-30,19:54:44.634,999,342329,4848,382578,4959,353049,4942,382846,5004,283358,4995,334479,4984,333188,4893,380639,4956,358804,4992,362143,4906,354814,5272,316429,5179,285262,5074,361260,5122,345155,5188,336441,5013,
2026-09-30,19:54:45.635,1000,373712,5269,416625,5391,398072,5622,404836,5341,306866,5390,371493,5513,348899,5102,401979,5236,383658,5350,374114,5122,367251,5534,337803,5533,294925,5240,392532,5540,362846,5432,360906,5366,
2026-09-30,19:54:46.635,999,363151,5122,392514,5105,383778,5377,393625,5136,293100,5176,351056,5196,346535,5063,401876,5221,347595,4868,372086,5058,336230,5040,322807,5297,289326,5120,376053,5315,343465,5136,353609,5264,
2026-09-30,19:54:47.635,999,331562,4653,353534,4577,355803,4981,357187,4670,270562,4770,319975,4782,314663,4639,363393,4719,334561,4657,332964,4512,329614,4923,305696,4997,263552,4673,347336,4940,302846,4565,333000,4935,
2026-09-30,19:54:48.635,999,327905,4631,355912,4620,352552,4933,367209,4792,266095,4721,320155,4758,303685,4453,357695,4649,337239,4723,333956,4537,320023,4791,305546,5017,274493,4885,340436,4825,307300,4623,328293,4888,
2026-09-30,19:54:49.635,999,363196,5109,398548,5158,370876,5246,398367,5248,307732,5365,342889,5127,340270,5011,404146,5244,353874,4925,358338,4905,363248,5469,334945,5414,300073,5261,368510,5228,338922,5106,357556,5300,
2026-09-30,19:54:50.635,1000,330505,4673,391959,5096,363534,5091,370414,4834,264514,4652,313196,4672,336198,4944,382704,4977,325450,4540,339080,4601,346734,5176,308068,5030,280374,4975,346213,4917,313827,4727,343624,5121,
2026-09-30,19:54:51.635,999,360854,5095,396061,5146,384465,5403,393516,5152,285408,4983,344544,5133,347576,5095,409257,5329,350001,4895,373867,5085,349984,5252,324432,5284,296375,5220,367821,5216,345087,5186,356512,5304,
2026-09-30,19:54:52.635,999,379854,5367,400385,5192,369578,5175,405732,5295,303015,5336,366047,5484,351767,5188,415629,5403,357173,4982,389734,5277,372849,5569,341230,5578,301444,5356,351701,5009,351751,5304,362916,5403,
2026-09-30,19:54:53.635,999,356635,5025,393931,5096,345748,4855,372892,4878,270401,4830,328503,4865,326309,4763,364387,4741,341387,4749,354372,4808,359323,5363,324929,5363,276979,4979,350009,4946,330762,4959,351643,5230,
2026-09-30,19:54:54.635,1000,363329,5131,399938,5185,356156,4986,378257,4932,278116,4932,330723,4938,335191,4925,367323,4783,350648,4886,368843,5003,352674,5272,321793,5313,277363,4931,356388,5060,335552,5053,352144,5235,
2026-09-30,19:54:55.636,1000,371906,5243,421821,5464,374410,5293,387637,5112,313109,5497,367455,5474,364398,5344,408051,5309,357359,4979,375143,5130,353987,5342,341771,5582,295437,5238,377895,5350,348975,5243,360405,5353,
2026-09-30,19:54:56.636,999,343363,4846,361609,4697,352346,4941,358498,4691,282032,4946,328079,4895,332862,4890,382810,4980,339935,4742,336675,4567,322465,4825,312627,5078,271443,4812,348630,4949,330317,4957,330906,4921,
2026-09-30,19:54:57.636,999,355573,5030,380948,4948,361576,5085,380897,4981,280296,4880,324838,4857,349350,5142,388030,5047,339756,4743,363868,4938,346203,5175,315939,5120,289101,5085,360966,5145,346586,5230,353152,5247,
2026-09-30,19:54:58.636,1000,315607,4464,356545,4643,325793,4569,343713,4485,247925,4392,295760,4404,299299,4392,346627,4511,312595,4359,330871,4478,301167,4499,275776,4506,257182,4567,332106,4714,308049,4629,304049,4538,
2026-09-30,19:54:59.636,999,308909,4367,331950,4320,304557,4275,326847,4262,240518,4264,271787,4049,283544,4154,336585,4375,292262,4073,295442,4004,283770,4251,267445,4386,238693,4245,310378,4398,302714,4545,290791,4340,
2026-09-30,19:55:00.636,999,330083,4655,366256,4768,333565,4674,360755,4710,270499,4795,313657,4677,311977,4580,364803,4742,318521,4440,327508,4436,323406,4826,289558,4744,270667,4825,348862,4959,325343,4907,325840,4852,
2026-09-30,19:55:01.636,999,311443,4396,347485,4504,323823,4550,335009,4376,241445,4272,294578,4386,300948,4406,344570,4485,299837,4177,306533,4161,300393,4504,274943,4528,245330,4398,332420,4716,306688,4604,313454,4664,
2026-09-30,19:55:02.636,1000,565711,7941,618487,7966,565548,7941,618540,8079,472333,7947,497706,7706,512651,7762,625324,8118,561255,7774,569334,7733,544055,8132,509940,8027,468286,7968,577320,8370,516141,8035,546232,8108,
2026-09-30,19:55:03.636,999,363391,5130,397971,5164,362353,5077,393767,5143,288157,5112,335973,5011,339361,4967,390943,5095,355149,4927,366054,4956,354443,5309,325112,5353,288906,5147,386321,5473,325197,4884,364758,5438,
2026-09-30,19:55:04.636,999,434620,6079,465597,6003,439562,6210,461804,6083,352674,6163,406761,6056,404959,5933,467054,6075,417058,5785,447083,6103,407210,6140,396018,6437,337127,5947,444797,6300,414488,6221,417199,6194,
2026-09-30,19:55:05.636,999,418062,5861,472313,6096,426254,6013,451177,5929,336388,5922,384749,5740,395794,5816,447873,5826,396912,5512,426387,5829,387653,5867,366678,5980,329132,5841,425655,6030,387830,5828,402610,5979,
2026-09-30,19:55:06.636,1000,362384,5101,384188,4966,347701,4865,378551,4930,272226,4834,314946,4699,312517,4583,372991,4852,323972,4524,352625,4783,324028,4857,297727,4893,275020,4909,358180,5088,321716,4835,333407,4957,
2026-09-30,19:55:07.636,999,354915,5011,388998,5051,374140,5237,390695,5110,293198,5144,332922,5018,336656,4979,389052,5057,356739,4970,361480,4892,342845,5153,323341,5261,287261,5095,365736,5221,337741,5113,358842,5334,
2026-09-30,19:55:08.636,999,392307,5544,432837,5613,383757,5404,425075,5573,325441,5670,371135,5544,371590,5463,423797,5511,388530,5414,389032,5294,386710,5819,363703,5900,316204,5552,400591,5702,365895,5511,397818,5918,
2026-09-30,19:55:09.636,999,315363,4459,350740,4552,333980,4686,337978,4403,250311,4414,297711,4415,309393,4523,349347,4551,310330,4333,314150,4263,311502,4676,277566,4547,259790,4645,330204,4666,305446,4564,317486,4726,
2026-09-30,19:55:10.636,1000,314571,4447,336086,4358,317845,4468,330322,4317,241441,4263,298311,4428,312222,4557,344038,4467,299612,4183,312905,4255,302578,4542,272222,4476,253276,4533,316012,4470,288236,4301,308786,4596,
2026-09-30,19:55:11.636,999,303858,4300,326466,4235,314663,4412,324391,4226,247031,4368,287057,4280,297389,4354,339747,4419,302546,4218,306683,4165,309159,4615,274445,4516,253134,4539,321343,4555,299351,4487,308505,4591,
2026-09-30,19:55:12.636,999,344479,4870,376148,4880,358426,5018,372074,4848,270510,4762,322381,4834,332019,4888,371173,4826,341059,4747,346174,4688,344071,5125,315255,5146,294058,5235,361698,5157,336674,5090,348080,5188,
2026-09-30,19:55:13.636,999,338269,4778,396690,5146,365658,5115,369235,4816,269116,4782,320229,4749,327350,4774,375670,4882,325437,4527,340710,4620,338356,5048,306560,5067,278924,4992,350369,4956,323139,4825,346210,5155,
2026-09-30,19:55:14.637,1000,355737,5022,396436,5149,362855,5084,370703,4835,282498,4946,330182,4917,335155,4905,384956,5003,342155,4776,350394,4745,353849,5294,312663,5100,289454,5118,372087,5275,336958,5064,337242,5014,
2026-09-30,19:55:15.637,1000,375671,5290,405520,5263,368917,5218,372179,4907,295322,5154,332282,4941,338340,4959,379857,4943,345799,4822,353746,4842,340998,5129,318918,5185,282445,4979,364889,5167,339663,5098,330273,4913,
2026-09-30,19:55:16.637,999,339338,4781,355320,4609,328582,4602,346582,4521,260956,4635,310182,4589,308471,4494,349896,4555,316820,4420,330818,4490,316704,4743,289925,4780,254561,4532,341195,4819,316229,4721,307777,4585,
2026-09-30,19:55:17.637,999,334076,4698,358463,4652,306467,4326,334285,4400,265052,4663,297573,4423,313006,4576,346976,4510,311654,4346,320878,4366,303429,4555,284441,4644,253311,4484,322390,4563,304185,4554,319533,4750,
2026-09-30,19:55:18.637,999,300151,4238,319331,4152,290033,4082,312647,4094,250137,4443,282191,4185,292463,4275,326014,4233,286932,3996,286669,3895,280120,4200,264054,4356,228970,4073,298002,4209,273227,4084,288128,4289,
2026-09-30,19:55:19.637,1000,394463,5562,425883,5520,376139,5328,401679,5294,316932,5521,366728,5444,369261,5396,423160,5510,374086,5216,383740,5250,361185,5459,349302,5660,303918,5322,395354,5582,358882,5368,368065,5469,
2026-09-30,19:55:20.637,999,390796,5484,423228,5470,388161,5530,402680,5337,316200,5519,363234,5370,386211,5619,419669,5455,386462,5375,387417,5311,357120,5429,345065,5603,312964,5512,401776,5656,366923,5467,384476,5708,
2026-09-30,19:55:21.637,999,349876,4938,387890,5008,354980,4988,377961,4948,282910,5016,335920,4977,349880,5101,392738,5109,350077,4879,352812,4799,328209,4919,304460,5017,280405,5009,360348,5088,335548,5013,336905,5012,
2026-09-30,19:55:22.637,999,632492,8812,708877,9074,625527,8745,688436,8973,530334,8891,564342,8786,594186,9045,689179,8995,618775,8557,646098,8703,591393,8784,580695,9101,508076,8615,633065,9217,568708,8898,589726,8716,
2026-09-30,19:55:23.638,1000,544340,7634,591886,7616,534169,7570,574821,7598,435123,7352,491932,7476,506308,7570,584881,7663,522478,7253,539078,7365,487947,7357,482522,7650,421934,7224,543690,7820,491168,7538,488789,7283,
2026-09-30,19:55:24.637,999,355414,5014,383166,4967,356978,5020,388113,5091,280974,4981,352039,5218,344644,5033,398896,5193,350087,4879,365561,4974,327676,4921,321807,5296,279786,4984,369410,5213,353171,5270,331625,4928,
2026-09-30,19:55:25.637,999,416049,5858,428628,5566,392540,5616,435762,5804,328811,5668,387110,5744,392171,5737,445939,5800,391567,5459,408770,5618,365227,5537,369187,5921,316209,5494,412584,5835,384989,5769,373932,5540,
2026-09-30,19:55:26.637,999,310519,4387,323828,4222,319335,4488,323355,4236,256728,4542,308563,4557,298029,4348,341529,4450,299986,4203,315307,4278,298240,4469,277266,4558,235388,4159,316815,4479,293262,4385,302399,4504,
2026-09-30,19:55:27.638,1000,318297,4491,355232,4615,336383,4759,344399,4547,265453,4635,335601,4978,323401,4741,381408,4967,316841,4406,331192,4523,316232,4774,300576,4896,262729,4626,338277,4795,318223,4775,339832,5052,
2026-09-30,19:55:28.637,999,325482,4595,363229,4722,344294,4849,356398,4679,256965,4551,333137,4929,311635,4540,348992,4544,317757,4440,327263,4461,303337,4570,302251,4938,258122,4579,339350,4790,321003,4796,336892,5017,
2026-09-30,19:55:29.637,999,339900,4805,365252,4734,350073,4921,364474,4774,275079,4879,324662,4818,313867,4582,364812,4741,323095,4499,341203,4649,312932,4691,301886,4955,268762,4800,344383,4864,327452,4902,341784,5084,
2026-09-30,19:55:30.637,999,353177,4990,385252,5000,368761,5178,383406,5003,288718,5099,347340,5147,339463,4948,393846,5120,356710,4970,364188,4945,338860,5057,310237,5071,282193,4998,364762,5146,333304,4974,345090,5131,
2026-09-30,19:55:31.638,1000,341997,4825,386163,5000,347561,4894,385903,5054,278297,4930,326706,4844,322162,4696,375851,4889,352171,4902,362501,4935,340501,5109,319356,5240,270354,4823,346021,4885,328535,4903,336104,5000,
2026-09-30,19:55:32.637,999,324741,4588,373186,4836,343347,4815,370160,4842,269462,4740,307002,4615,309279,4576,368090,4785,328845,4582,342170,4643,326534,4892,309885,5046,272576,4807,338018,4823,315394,4783,330186,4911,
2026-09-30,19:55:33.637,999,315849,4456,358176,4657,332123,4654,361631,4726,256904,4535,316039,4709,302440,4435,361724,4701,316902,4410,334471,4533,316167,4727,292507,4830,253048,4492,333524,4737,296764,4466,314409,4677,
2026-09-30,19:55:34.637,999,273776,3878,314953,4089,301171,4220,311657,4081,227209,4023,280878,4163,269564,3942,305965,3982,277168,3865,289793,3931,275548,4116,253470,4158,224607,3996,295451,4186,272569,4084,268644,4003,
2026-09-30,19:55:35.638,1000,362027,5096,400610,5174,378498,5414,392838,5254,298451,5085,360091,5366,355201,5210,402310,5236,362653,5049,369461,5109,360434,5479,339741,5455,296749,5148,397054,5636,347934,5223,355231,5270,
2026-09-30,19:55:36.637,999,361047,5114,398230,5180,364573,5123,395634,5183,286428,4964,335202,5011,346304,5086,405219,5271,372175,5209,393022,5330,358622,5350,342084,5549,281685,4944,369665,5258,355594,5353,353606,5253,
2026-09-30,19:55:37.637,999,346420,4894,368146,4769,343653,4827,359569,4704,268701,4718,305388,4584,327078,4817,363210,4734,334796,4661,341775,4631,327959,4897,310338,5069,258274,4564,342039,4876,321562,4854,329246,4899,
2026-09-30,19:55:38.637,999,594438,8308,651913,8358,597103,8340,641928,8339,489312,8160,527039,8227,556736,8474,629806,8209,591151,8187,606689,8137,555474,8214,545185,8545,485907,8219,574112,8401,539837,8498,564693,8368,
2026-09-30,19:55:39.638,1000,536270,7534,580587,7516,532312,7549,572507,7556,440747,7465,496476,7538,500693,7473,586981,7681,531451,7376,554934,7571,526442,7921,505742,8004,449943,7730,540486,7766,501255,7684,499116,7437,
2026-09-30,19:55:40.638,999,349094,4939,363424,4730,339870,4776,372234,4870,272388,4784,325917,4840,320665,4690,368922,4802,334991,4674,334589,4550,341882,5120,322234,5279,279248,4987,352900,4998,328590,4942,333780,4969,
2026-09-30,19:55:41.637,999,338126,4795,388937,5051,346955,4872,386430,5046,284776,4976,326839,4865,325337,4762,366348,4772,340900,4768,349054,4746,337636,5054,319395,5205,288096,5098,353111,5003,326138,4903,346810,5156,
2026-09-30,19:55:42.637,999,330198,4675,383125,4977,341660,4792,368849,4815,275396,4863,324653,4830,312181,4579,348948,4543,330831,4622,339898,4618,322143,4822,300975,4944,277005,4934,352163,5002,323501,4863,332380,4951,
2026-09-30,19:55:43.638,1000,409624,5898,463937,6116,451299,6325,484618,6323,339907,5924,415587,6146,411915,6006,470280,6102,422277,6009,456974,6191,415560,6208,382110,6195,362780,6381,460770,6486,420346,6256,433530,6443,
2026-09-30,19:55:44.637,999,333717,4727,366131,4748,338291,4754,365522,4785,272338,4802,313499,4655,322462,4719,359690,4674,338226,4723,351536,4788,315508,4726,311809,5109,270743,4805,355249,5039,316674,4750,330180,4900,
2026-09-30,19:55:45.637,999,313801,4425,357711,4615,325761,4628,359365,4752,269454,4722,309441,4612,309300,4542,349651,4550,324637,4519,331387,4559,305589,4624,292285,4750,250430,4425,334372,4739,295725,4441,318713,4734,
2026-09-30,19:55:46.638,1000,311839,4400,355697,4598,322212,4516,349126,4566,258064,4578,291473,4337,307138,4499,344336,4483,320940,4456,328814,4481,315279,4711,284204,4679,259500,4643,325022,4617,294834,4434,311983,4640,
2026-09-30,19:55:47.638,999,357323,5031,407393,5263,369444,5179,397025,5189,297310,5203,332532,4993,341288,5046,397255,5165,364714,5072,372332,5063,361875,5404,335891,5445,301330,5306,357968,5121,347876,5269,358775,5326,
2026-09-30,19:55:48.637,999,353795,4960,402079,5182,360270,5050,395327,5154,280569,4982,348997,5195,334726,4918,390019,5072,355869,4929,371496,5048,349344,5233,337478,5541,278085,4947,366553,5221,336333,5065,361619,5378,
2026-09-30,19:55:49.637,999,572515,8059,638058,8228,568348,7936,639777,8313,479700,7964,538423,8012,534982,7861,586086,7909,566149,7879,596022,8005,544015,8041,543682,8497,473145,7966,579401,8181,545907,8192,543333,8345,
2026-09-30,19:55:50.638,1000,541545,7518,585890,7486,522128,7358,575059,7583,446147,7364,458822,7187,476615,7306,559559,7302,530858,7336,550570,7465,504976,7528,483825,7540,447172,7526,497708,7294,469566,7398,510822,7566,
2026-09-30,19:55:51.638,999,499726,7007,560168,7205,501808,7080,550916,7237,413402,7029,457397,7007,478028,7187,551557,7212,513347,7098,519035,7072,490961,7350,458097,7271,418676,7218,514076,7425,476627,7343,496531,7408,
2026-09-30,19:55:52.637,999,366790,5192,379575,4922,366300,5143,407305,5329,291477,5034,337529,5053,347747,5120,400381,5218,362117,5073,382770,5197,357366,5320,327040,5254,301270,5269,379698,5402,347359,5233,357920,5329,
2026-09-30,19:55:53.637,999,353804,4998,388553,5025,366614,5136,408086,5327,285226,5018,335971,5030,340634,5027,385813,5017,358931,5009,368788,5009,367432,5482,322355,5259,288223,5113,372773,5321,336898,5101,349731,5194,
2026-09-30,19:55:54.638,1000,382418,5388,414291,5345,392245,5498,436942,5709,315120,5472,364271,5453,360485,5311,409262,5399,372912,5191,405344,5489,388264,5796,344836,5549,310707,5447,392233,5578,365366,5525,371412,5584,
2026-09-30,19:55:55.638,999,490029,6916,523325,6788,498058,7076,524196,6943,403788,6864,461422,6922,456756,6765,509639,6695,489487,6835,509593,6975,463042,7004,438378,6965,390053,6732,491342,7008,454445,6901,470329,7033,
2026-09-30,19:55:56.637,999,470371,6613,507614,6566,461936,6540,499779,6584,369059,6395,432646,6478,435476,6419,487110,6351,458082,6361,464185,6341,436109,6577,417285,6735,373489,6542,462144,6571,440181,6653,444893,6631,
2026-09-30,19:55:57.637,999,360863,5071,412095,5329,381015,5333,398517,5208,303420,5328,355417,5339,354117,5231,402764,5251,372235,5184,355138,4807,366302,5475,335618,5480,296260,5249,369510,5280,339267,5146,369516,5499,
2026-09-30,19:55:58.638,1000,352402,4974,387025,5017,370357,5199,392861,5140,288475,5056,336277,5023,340289,5004,395519,5144,364301,5081,350773,4761,349701,5224,337186,5492,287237,5065,385012,5470,330334,5000,356271,5307,
2026-09-30,19:55:59.638,999,329210,4635,355189,4587,331957,4651,348326,4545,273951,4845,318528,4780,317331,4685,364322,4745,328510,4572,331376,4501,321468,4815,307633,5040,260708,4608,342453,4887,294391,4471,322603,4787,
2026-09-30,19:56:00.638,999,342612,4839,373923,4833,361580,5073,361192,4709,281990,4980,334714,5002,345424,5090,374562,4881,339164,4724,354089,4809,335301,5039,315937,5177,275797,4896,360231,5126,318726,4813,340338,5067,
2026-09-30,19:56:01.637,999,301381,4253,321944,4156,315294,4420,317958,4150,247255,4395,297928,4435,294051,4311,327135,4259,298446,4159,315462,4290,295867,4434,276623,4560,245273,4366,327596,4651,292709,4393,299122,4455,
2026-09-30,19:56:02.638,1000,311193,4385,343292,4435,331643,4644,335935,4390,253578,4437,310374,4677,313237,4633,335533,4374,316773,4415,319276,4340,302062,4526,286298,4666,256907,4542,343897,4921,295632,4490,302195,4498,
2026-09-30,19:56:03.638,999,296517,4165,326716,4215,303930,4264,315679,4127,236813,4207,296325,4429,301235,4429,326570,4254,291650,4057,306846,4173,291923,4361,281835,4638,247297,4397,339890,4845,281417,4250,297378,4421,
2026-09-30,19:56:04.638,999,364360,5137,390989,5041,361542,5083,395038,5164,303637,5301,356801,5369,359098,5316,401785,5232,367945,5122,380380,5174,345632,5181,347424,5628,295909,5188,389040,5564,339957,5166,351103,5214,
2026-09-30,19:56:05.637,999,405415,5663,446199,5727,399826,5714,417004,5557,319347,5545,389369,5774,384493,5628,431741,5617,405931,5622,409060,5648,370972,5633,357778,5806,331687,5821,429695,6085,389785,5846,399323,5925,
2026-09-30,19:56:06.638,1000,368664,5169,386296,4980,378935,5311,388675,5069,284760,5051,348829,5214,357221,5248,404034,5255,364081,5052,389419,5289,370577,5542,335431,5506,307769,5484,387329,5509,371339,5603,370050,5504,
2026-09-30,19:56:07.638,999,347965,4884,365955,4724,356290,4998,363226,4757,284636,5010,319099,4820,338768,5024,383968,4996,351615,4873,376326,5107,335670,5029,318676,5207,278246,4918,352824,5059,325109,4953,338347,5031,
2026-09-30,19:56:08.638,999,359306,5043,383065,4948,352530,4948,361633,4733,283324,4972,328305,4948,324917,4811,386000,5024,358940,4974,369432,5004,341039,5092,324192,5287,294592,5214,367354,5251,328591,5007,353020,5252,
2026-09-30,19:56:09.637,999,350102,4940,380195,4905,368631,5173,366744,4796,282675,4935,332310,4995,326707,4829,386372,5027,349656,4871,379255,5143,344485,5154,319481,5164,296464,5208,359764,5143,330050,5009,347916,5178,
2026-09-30,19:56:10.638,1000,313195,4407,340439,4398,327219,4584,334602,4373,247167,4370,303793,4540,307266,4520,352651,4582,313770,4365,341558,4630,311335,4646,291520,4774,256670,4569,324761,4627,291641,4407,307783,4581,
2026-09-30,19:56:11.638,999,308567,4339,346126,4464,321864,4517,338548,4422,249809,4412,305771,4580,302306,4463,350299,4555,323175,4490,332150,4504,307981,4606,285624,4650,248119,4424,313506,4468,296152,4490,295913,4408,
2026-09-30,19:56:12.638,999,345105,4855,382452,4943,347876,4880,384344,5010,284872,4999,335160,5026,333249,4931,376047,4892,346733,4811,346714,4690,342782,5129,306732,4991,280764,4946,351259,5022,325440,4928,328196,4865,
2026-09-30,19:56:13.637,999,339320,4773,381356,4921,360298,5058,371106,4840,280112,4983,337498,5031,331792,4866,365695,4758,349505,4853,341344,4632,322405,4818,309129,5080,262979,4702,332317,4726,321785,4841,329944,4915,
2026-09-30,19:56:14.638,1000,328634,4620,364908,4702,350802,4928,354486,4626,266089,4748,324767,4823,326350,4779,363732,4727,321261,4455,334731,4545,313605,4684,294645,4870,252063,4528,325137,4621,304202,4584,313377,4669,
2026-09-30,19:56:15.638,999,417937,5862,448256,5774,416906,5898,443104,5852,338045,5877,388478,5818,404040,5966,452502,5888,409089,5688,426052,5813,390236,5873,377415,6109,330094,5797,419279,5964,390946,5901,403327,5992,
2026-09-30,19:56:16.638,999,352058,4951,369537,4779,347841,4879,365341,4779,266797,4705,326402,4871,317012,4654,372102,4839,333165,4642,354669,4805,326496,4891,309451,5081,275022,4894,353143,5020,316595,4772,326707,4859,
2026-09-30,19:56:17.638,1000,329197,4633,367701,4748,338363,4739,343421,4491,254181,4447,312484,4704,304862,4517,358968,4678,317927,4433,341363,4626,316065,4734,289070,4706,268562,4727,337589,4832,298414,4535,317662,4728,
2026-09-30,19:56:18.638,999,466201,6485,506464,6506,473867,6619,506466,6594,400337,6652,415230,6559,436330,6743,519867,6754,470044,6496,499667,6699,462314,6843,432080,6738,408796,6895,461671,6799,429154,6820,464805,6858,
2026-09-30,19:56:19.638,999,344683,4863,373337,4839,343421,4811,385445,5040,284135,4969,331337,4993,344687,5096,392303,5110,349293,4862,352677,4781,349281,5223,326913,5302,285571,5024,365231,5226,335545,5103,339648,5059,
2026-09-30,19:56:20.638,999,385282,5408,412527,5319,365177,5191,405731,5370,309750,5344,360744,5379,355578,5221,419038,5458,368521,5137,381868,5224,360747,5445,340900,5468,315121,5496,400161,5687,353257,5317,368424,5470,
2026-09-30,19:56:21.638,1000,337342,4746,361276,4659,321329,4495,370434,4835,271397,4795,318970,4772,318215,4686,362392,4715,331239,4607,332870,4511,330359,4930,300516,4920,272910,4871,344667,4919,324121,4899,332824,4955,
2026-09-30,19:56:22.638,999,398111,5574,439309,5658,392110,5543,427232,5630,315712,5453,371307,5647,374180,5581,414966,5405,393470,5484,389104,5313,388016,5819,353667,5681,334112,5846,401364,5786,356908,5490,383498,5701,
2026-09-30,19:56:23.638,999,371799,5214,391484,5039,348276,4882,382067,4988,271051,4791,338684,5076,340524,5022,373073,4854,362009,5029,356929,4845,329687,4921,316849,5191,291423,5171,365859,5222,333318,5057,343328,5114,
2026-09-30,19:56:24.638,999,371045,5219,383611,4952,333406,4673,371879,4863,275389,4846,339890,5104,336791,4969,381137,4965,353537,4916,359199,4869,345671,5153,318558,5198,290757,5147,359539,5139,326324,4934,338668,5035,
2026-09-30,19:56:25.639,1000,342386,4801,369659,4766,337271,4789,365371,4844,277482,4843,340765,5085,336654,4946,370283,4825,345178,4788,351749,4817,326916,4924,314834,5113,283456,4998,362074,5154,331751,5003,339982,5055,
2026-09-30,19:56:26.639,1000,567207,7906,616975,7918,574018,8030,612520,8001,473483,7818,509225,7980,512292,7878,592679,7731,565696,7824,585360,7857,533447,7891,523527,8114,483852,8098,556091,8186,520368,8218,534078,7921,
2026-09-30,19:56:27.639,999,358831,5043,381496,4931,359168,5038,392197,5129,293867,5115,341745,5187,332511,4952,379617,4948,338117,4714,365116,4944,346150,5165,331300,5351,284700,4980,360177,5164,335147,5126,330665,4915,
2026-09-30,19:56:28.639,999,362399,5091,384158,4960,354811,4985,376936,4937,285255,5016,336280,5047,347589,5145,386020,5028,345047,4797,365489,4948,345121,5157,326853,5339,294266,5179,360624,5144,348592,5268,331377,4932,
2026-09-30,19:56:29.639,1000,413419,5799,448240,5780,424087,5989,440759,5803,337562,5838,396524,5970,392386,5825,441520,5799,404352,5608,412404,5617,385590,5785,368002,5911,348240,6043,413510,5922,392223,5975,395076,5922,
2026-09-30,19:56:30.639,999,355008,4987,391422,5044,387474,5433,387146,5044,289600,5152,346990,5181,366749,5391,406503,5290,363759,5039,371908,5052,334712,4989,322597,5303,300377,5377,369183,5251,351325,5296,357710,5327,
2026-09-30,19:56:31.639,999,391814,5509,428336,5516,404705,5682,410479,5362,317093,5521,365229,5478,362409,5348,424875,5567,365568,5076,394935,5359,369621,5513,343045,5529,317556,5562,400700,5708,371877,5619,374692,5610,
2026-09-30,19:56:32.639,999,363255,5100,377180,4865,364606,5112,376055,4916,275411,4855,337554,5076,334317,4938,378917,4931,346388,4809,368015,4982,343256,5141,319416,5206,286244,5057,368577,5260,340088,5149,345586,5143,
2026-09-30,19:56:33.639,1000,325796,4589,353162,4568,333313,4686,358885,4689,249252,4404,316763,4726,294435,4321,357245,4646,319148,4441,333030,4516,315607,4719,291243,4768,268923,4790,345849,4913,299640,4510,327862,4872,
2026-09-30,19:56:34.639,999,309456,4346,331052,4273,309887,4359,321706,4198,228960,4069,292267,4337,286583,4192,318731,4149,294742,4093,311310,4227,285004,4269,273430,4509,252600,4515,321538,4552,282877,4255,296858,4410,
2026-09-30,19:56:35.639,999,388132,5428,417116,5373,380321,5459,409510,5480,302401,5203,371041,5498,363845,5313,409278,5326,380106,5259,368050,5115,353652,5393,354534,5701,318615,5566,386101,5461,368398,5526,372861,5523,
2026-09-30,19:56:36.639,999,322088,4543,348242,4510,333312,4697,355381,4660,257524,4539,319090,4741,310999,4565,344362,4494,326531,4553,314806,4285,304040,4561,300092,4904,273285,4845,331662,4702,312252,4699,310773,4631,
2026-09-30,19:56:37.639,1000,365378,5147,388051,5009,372798,5271,377851,4985,287563,4994,339281,5071,333428,4914,396890,5173,357616,4986,366074,5010,337413,5077,337186,5434,305237,5323,376787,5362,333789,5022,349481,5202,
2026-09-30,19:56:38.639,999,347516,4879,369100,4771,347058,4886,366910,4820,277014,4888,338778,5033,329721,4832,383306,4994,340874,4732,354772,4818,328098,4908,312563,5087,269764,4769,353444,5021,325873,4908,334831,4978,
2026-09-30,19:56:39.639,999,342463,4800,368569,4747,344855,4888,364748,4798,272274,4820,328181,4877,327494,4791,370161,4824,340342,4732,340979,4661,318970,4804,304798,4986,264660,4678,354718,5028,321450,4831,344960,5137,
2026-09-30,19:56:40.640,1000,344461,4839,376897,4858,353473,4965,381593,4976,280964,5008,339036,5044,336832,4928,383857,4994,335014,4659,363514,4945,328151,4919,312350,5152,279393,4971,353818,5026,331639,4990,344547,5131,
2026-09-30,19:56:41.639,999,353731,4959,371494,4795,346452,4879,370823,4854,270854,4806,319381,4751,327205,4796,363672,4736,334262,4648,341958,4662,324800,4875,302180,4977,273697,4882,348435,4946,316706,4756,328834,4887,
2026-09-30,19:56:42.639,999,363561,5117,371817,4816,349265,4911,374214,4893,269049,4713,329045,4924,331409,4878,374734,4881,334386,4672,351933,4782,331022,4948,297752,4835,280310,4938,357042,5081,320092,4826,340507,5064,
2026-09-30,19:56:43.639,999,338410,4752,360275,4656,332013,4673,356157,4667,256542,4522,302530,4509,308433,4538,344428,4476,323899,4504,327604,4459,314136,4718,291160,4760,270395,4793,341189,4856,302111,4552,323381,4818,
2026-09-30,19:56:44.640,1000,332494,4681,374278,4820,331944,4655,350470,4573,251991,4479,314120,4688,301744,4424,358216,4656,323726,4502,338976,4600,314011,4691,282489,4640,266811,4755,344016,4899,294379,4444,314934,4690,
2026-09-30,19:56:45.639,999,319962,4501,361643,4663,339283,4815,347118,4589,255261,4476,313069,4666,288620,4239,354176,4616,328098,4571,338517,4638,316649,4777,304648,4959,267582,4726,346651,4932,313604,4725,314581,4662,
2026-09-30,19:56:46.639,999,309540,4352,346008,4477,325792,4593,343371,4497,248237,4389,286303,4270,292543,4291,348940,4543,309213,4307,330155,4503,309963,4636,286224,4691,251317,4467,336303,4782,305649,4602,305738,4549,
2026-09-30,19:56:47.640,1000,316784,4453,361704,4673,341896,4786,360412,4713,259323,4579,302847,4554,301396,4460,355826,4634,323388,4486,336897,4573,316660,4738,300249,4917,257067,4538,343338,4909,310828,4717,321187,4770,
2026-09-30,19:56:48.639,999,367844,5176,406427,5244,387858,5433,400513,5237,301652,5322,349001,5226,346772,5113,409494,5336,380690,5271,380825,5167,354097,5301,341640,5578,292259,5151,377581,5381,360079,5434,360085,5362,
2026-09-30,19:56:49.639,999,327650,4608,355862,4598,343469,4816,350068,4564,259227,4640,312724,4651,311526,4555,352159,4579,318014,4416,325030,4419,311144,4652,286034,4734,254539,4546,335357,4763,313691,4720,322682,4801,
2026-09-30,19:56:50.639,999,353452,4953,389161,5017,361445,5114,376482,4960,278095,4880,320264,4750,336027,4921,369530,4804,340674,4730,345398,4732,329481,4987,312057,5102,282518,4995,373414,5293,333709,5007,337911,5014,
2026-09-30,19:56:51.640,1000,316939,4453,341407,4419,322465,4518,344050,4483,243310,4322,283507,4230,302206,4441,345237,4486,296624,4115,316853,4307,294148,4415,276950,4563,257005,4585,334082,4741,295719,4448,304889,4524,
2026-09-30,19:56:52.640,999,608932,8497,646846,8298,610028,8517,644544,8397,487466,8094,522303,8163,529462,8147,638669,8342,575577,7983,602150,8067,566715,8383,537253,8380,497553,8418,574132,8401,539434,8509,575381,8541,
2026-09-30,19:56:53.639,999,547567,7684,582949,7523,524102,7405,570086,7507,440981,7504,489343,7471,506809,7602,580789,7591,527768,7341,549261,7463,514217,7720,481591,7653,446286,7682,536565,7735,488407,7513,521717,7772,
2026-09-30,19:56:54.639,999,374884,5291,399008,5173,374593,5281,399735,5266,306113,5304,360331,5355,342901,5021,413206,5378,359555,5023,390236,5306,349659,5253,322453,5234,305414,5383,388460,5485,349508,5239,369796,5504,
2026-09-30,19:56:55.640,1000,359392,5062,384189,4982,349751,4985,377131,5022,277974,4838,321247,4744,325757,4763,383122,4990,337283,4688,361319,4977,315083,4784,317097,5157,279845,4908,361647,5100,340795,5094,346865,5171,
2026-09-30,19:56:56.640,999,372552,5243,406791,5282,376178,5297,394290,5183,289266,5101,342785,5092,350257,5113,401743,5230,353868,4945,387975,5284,361431,5418,338106,5523,298892,5288,372207,5264,358621,5367,381027,5666,
2026-09-30,19:56:57.639,999,343810,4838,392550,5076,351369,4934,375033,4913,276133,4916,320307,4757,339477,4959,376340,4890,321305,4474,355169,4822,337894,5049,298760,4921,276898,4948,354962,5017,336610,5043,344423,5115,
2026-09-30,19:56:58.639,999,366186,5159,403318,5214,356328,5043,395772,5212,297301,5230,336444,4989,346081,5050,395414,5152,364022,5065,374913,5110,349330,5252,323285,5297,289145,5127,372919,5266,347753,5196,364203,5413,
2026-09-30,19:56:59.640,1000,391316,5513,423719,5468,370798,5220,408895,5367,310219,5462,346431,5137,360633,5272,421970,5494,371820,5177,370608,5044,352362,5294,333443,5437,303776,5371,377413,5332,358196,5367,364473,5419,
2026-09-30,19:57:00.641,1000,330182,4659,368793,4779,334708,4710,347194,4555,265310,4693,295613,4376,308541,4499,373648,4871,314833,4378,322271,4387,304412,4571,290209,4761,259957,4622,323508,4556,307105,4586,325610,4846,
2026-09-30,19:57:01.640,999,306839,4336,326103,4233,315014,4427,332375,4349,242991,4307,276262,4087,287006,4187,332122,4319,291829,4074,309798,4210,280082,4210,270842,4459,239077,4268,301930,4267,276202,4134,286368,4254,
2026-09-30,19:57:02.640,999,337452,4766,360259,4666,331863,4669,365065,4781,266807,4675,299684,4461,316097,4626,357840,4654,317065,4413,325217,4416,309488,4658,295290,4831,264036,4673,327396,4642,308682,4613,314960,4669,
2026-09-30,19:57:03.640,999,312046,4400,349233,4538,309065,4353,332820,4373,256792,4544,273397,4045,298243,4355,328710,4271,292897,4076,312686,4241,294001,4412,272273,4478,244628,4345,302415,4279,280149,4191,296797,4414,
2026-09-30,19:57:04.641,1000,339943,4789,369236,4784,336568,4750,364352,4783,268043,4726,311377,4632,318392,4661,364590,4747,315595,4397,331300,4513,307854,4623,302659,4941,270197,4781,332635,4710,312193,4680,325051,4840,
2026-09-30,19:57:05.640,999,427304,5988,456077,5893,412273,5906,454927,6070,344105,5936,390071,5802,401428,5877,457181,5957,402454,5595,423032,5826,391571,5956,375991,6037,349645,6083,428627,6055,388693,5818,412607,6112,
2026-09-30,19:57:06.640,999,370846,5219,386858,5022,361522,5107,384531,5054,285785,5046,339717,5044,352275,5156,388282,5061,347056,4846,362813,4947,336711,5060,311028,5081,294281,5212,375204,5304,340735,5106,350567,5209,
2026-09-30,19:57:07.641,1000,364724,5124,387468,5014,364423,5104,382675,5006,286081,5054,322430,4838,331962,4897,390396,5085,333043,4644,351075,4766,334468,5001,310737,5107,295217,5241,366857,5211,337636,5099,341084,5059,
2026-09-30,19:57:08.641,999,357939,5043,390077,5052,365915,5136,386042,5046,275853,4862,333901,4988,337978,4965,387860,5052,341002,4755,351980,4773,332925,4972,313416,5125,286835,5094,362123,5151,339340,5103,342318,5089,
2026-09-30,19:57:09.641,999,320469,4520,352085,4556,322657,4521,349444,4564,254781,4487,291814,4359,302909,4450,354456,4617,306745,4277,329372,4464,302349,4523,281909,4609,262657,4687,331689,4712,308905,4646,304285,4530,
2026-09-30,19:57:10.640,999,330526,4657,341607,4433,316756,4454,363886,4748,261705,4565,295275,4393,313676,4600,352661,4591,319735,4456,339266,4611,297919,4455,291080,4741,263952,4655,326486,4636,303698,4563,313845,4666,
2026-09-30,19:57:11.640,999,340296,4794,363329,4713,336610,4729,385220,5043,263881,4601,312072,4704,327419,4844,360710,4696,320210,4471,343840,4660,312472,4681,304342,4947,270780,4774,342237,4875,311392,4718,324989,4845,
2026-09-30,19:57:12.641,1000,330924,4671,358939,4662,339306,4759,377471,4930,267623,4687,305601,4575,327056,4805,366679,4766,311870,4361,341999,4634,320780,4796,291951,4760,272452,4806,330859,4707,308560,4648,314696,4692,
2026-09-30,19:57:13.641,999,320077,4517,350681,4551,326917,4583,356355,4650,253827,4481,303062,4523,309214,4544,353230,4586,311934,4353,332440,4501,307512,4595,287502,4697,259159,4601,321500,4564,305965,4602,320502,4767,
2026-09-30,19:57:14.640,999,343059,4831,350992,4549,340260,4766,360524,4705,265170,4696,309720,4619,313103,4589,370675,4817,315541,4394,338078,4580,318965,4775,284663,4657,262427,4666,334758,4755,308133,4638,325090,4833,
2026-09-30,19:57:15.640,999,396385,5571,405313,5253,393872,5556,402134,5296,296289,5200,348741,5206,357789,5264,398498,5180,359164,4985,386181,5276,363140,5469,336325,5464,304096,5368,372966,5295,368034,5543,385231,5722,
2026-09-30,19:57:16.641,1000,403257,5689,439195,5682,417427,5854,422536,5537,312822,5496,354430,5282,372893,5467,416409,5414,383036,5347,397165,5410,379851,5687,353259,5761,316868,5585,397796,5637,377056,5652,394676,5864,
2026-09-30,19:57:17.641,999,365882,5164,399094,5173,388176,5440,380217,4979,283444,4964,338744,5085,340770,5025,386614,5034,332019,4628,354822,4813,338780,5058,323495,5282,298045,5275,371468,5297,352990,5332,364562,5422,
2026-09-30,19:57:18.640,999,323129,4555,354499,4594,324788,4547,342137,4466,258285,4582,305686,4540,302727,4436,346569,4503,291564,4086,307632,4185,300674,4497,277338,4559,257078,4584,333966,4729,316576,4744,319712,4756,
2026-09-30,19:57:19.641,1000,323802,4563,356243,4613,330155,4665,342673,4516,267337,4695,318199,4743,311912,4577,364943,4744,298840,4169,331392,4527,314679,4734,295329,4827,258846,4572,324353,4602,314754,4753,307647,4581,
2026-09-30,19:57:20.641,999,341869,4816,373387,4831,346045,4921,363430,4819,273934,4771,320382,4752,325414,4756,375533,4882,318882,4449,335194,4598,323527,4898,304991,4947,269931,4739,335072,4726,328890,4917,328757,4880,
2026-09-30,19:57:21.641,999,316962,4479,338003,4394,338573,4768,354036,4641,251851,4407,303543,4507,298872,4375,338197,4404,301751,4210,318933,4341,296044,4446,292476,4766,251637,4418,340274,4806,303150,4535,305929,4544,
2026-09-30,19:57:22.640,999,334577,4731,363285,4728,340303,4789,356123,4661,268332,4717,315107,4702,309315,4544,352581,4599,315495,4415,333989,4542,307184,4615,296309,4836,279614,4946,340444,4835,308699,4649,318570,4747,
2026-09-30,19:57:23.641,1000,332834,4715,365175,4731,346024,4851,382567,4999,276121,4909,315860,4710,322162,4728,358459,4664,333784,4642,336234,4562,325974,4884,299280,4940,276756,4936,339345,4817,321871,4840,324016,4831,
2026-09-30,19:57:24.641,999,758122,10574,830047,10642,778967,10915,816803,10668,649900,10727,668230,10501,692764,10707,821152,10752,762935,10545,790971,10671,713002,10591,705094,10942,646553,10856,743650,10958,688017,10945,723587,10754,
2026-09-30,19:57:25.641,999,377392,5325,433356,5620,405975,5731,423408,5574,305566,5383,369233,5472,369682,5405,425477,5534,382495,5342,387098,5286,365300,5509,356334,5844,296082,5251,393301,5569,367246,5496,375011,5577,
2026-09-30,19:57:26.641,999,372083,5258,412825,5359,389936,5449,401487,5245,296742,5209,344689,5157,345873,5091,389631,5071,364186,5080,369629,5018,339081,5073,327294,5349,299215,5299,370824,5278,351418,5309,364807,5429,
2026-09-30,19:57:27.640,999,379780,5365,410764,5339,379743,5321,389853,5106,303537,5271,347635,5216,356590,5253,393307,5120,363638,5069,369140,5003,348187,5211,330407,5327,299530,5241,375269,5354,349821,5285,359268,5338,
2026-09-30,19:57:28.641,1000,350170,4952,401521,5205,345309,4844,382150,4999,281320,4932,327851,4903,328072,4830,382534,4973,345234,4815,343983,4679,321444,4803,307874,5015,273724,4838,355873,5068,335729,5070,342189,5094,
2026-09-30,19:57:29.641,999,342321,4851,376486,4893,328152,4611,366953,4808,267840,4703,313905,4680,329222,4842,360989,4701,327519,4570,335122,4552,315107,4710,296044,4821,269274,4754,321516,4576,313884,4726,327872,4881,
2026-09-30,19:57:30.640,999,329003,4650,352505,4563,311762,4362,354109,4615,258708,4576,298946,4458,311358,4566,343346,4462,317726,4421,311749,4233,298016,4452,279100,4571,249901,4440,317621,4514,293885,4433,305611,4544,
2026-09-30,19:57:31.641,1000,329160,4662,356897,4635,311241,4358,350461,4568,251889,4468,301863,4503,311935,4577,347459,4515,318941,4457,315429,4279,296325,4416,288369,4738,255789,4559,318570,4521,308817,4651,306299,4570,
2026-09-30,19:57:32.641,999,366203,5167,392289,5089,364935,5132,408382,5339,307679,5390,336761,5038,360639,5305,393831,5127,359293,5020,364496,4949,355980,5324,341275,5547,294607,5189,368486,5243,341359,5146,359664,5352,
2026-09-30,19:57:33.641,999,327372,4620,366024,4751,345333,4832,365049,4764,260126,4636,309368,4592,311226,4541,351321,4567,317054,4431,333275,4521,315538,4700,298941,4936,260644,4670,333589,4720,318274,4757,323855,4817,
2026-09-30,19:57:34.640,999,349473,4926,389226,5040,360223,5057,390840,5108,290969,5177,326711,4842,332747,4854,371879,4835,347112,4822,345554,4692,323772,4833,309085,5087,277650,4963,354940,5020,334930,5006,337626,5024,
2026-09-30,19:57:35.641,1000,402583,5662,447525,5781,406003,5812,440585,5870,333944,5773,383883,5699,385212,5630,440891,5724,398935,5549,421227,5786,370577,5634,361946,5852,334292,5865,419450,5925,387834,5792,402599,5965,
2026-09-30,19:57:36.641,999,346397,4894,370215,4805,347765,4888,373112,4881,283852,4976,311153,4657,310871,4577,372068,4842,340075,4752,353143,4792,318313,4766,307017,4997,274407,4839,342343,4881,319334,4816,318602,4749,
2026-09-30,19:57:37.641,999,338214,4780,365361,4742,338512,4748,371707,4861,272606,4815,311657,4654,321255,4716,359379,4680,323098,4517,341409,4638,322213,4810,296630,4851,254873,4514,346417,4910,301895,4541,321864,4789,
2026-09-30,19:57:38.641,999,386889,5470,415331,5388,385615,5416,420152,5493,316371,5539,361738,5397,367781,5404,412679,5374,373742,5225,385407,5237,362776,5428,330968,5370,301959,5323,386423,5491,342339,5164,371951,5529,
2026-09-30,19:57:39.641,1000,352349,4982,376474,4895,338835,4749,387809,5073,283773,4985,332151,4980,339662,5011,379244,4935,351979,4903,360129,4881,332564,4955,311449,5074,272848,4805,359140,5111,315300,4772,345424,5145,
2026-09-30,19:57:40.641,999,364110,5136,393667,5105,354335,4966,380089,4964,281223,4985,332473,4963,341422,5013,377274,4907,353357,4927,353929,4803,333188,4975,301701,4938,279951,4987,361821,5142,317069,4783,351828,5238,
2026-09-30,19:57:41.641,999,357495,5043,395041,5124,358427,5031,381450,4986,280673,4975,337282,4997,345610,5055,380367,4949,352121,4902,358955,4892,328461,4933,308838,5073,281979,5034,370493,5236,331044,4953,348266,5175,
2026-09-30,19:57:42.641,999,363345,5112,387910,5023,350006,4906,366167,4789,282848,5003,333274,4962,335118,4914,383558,4985,342292,4766,360959,4896,318864,4770,304643,5008,278722,4971,353631,5021,313444,4713,346072,5131,
2026-09-30,19:57:43.640,999,365963,5147,395052,5124,354747,5010,377968,4979,290522,5155,338318,5001,340980,4975,398172,5178,352283,4902,356201,4857,326701,4919,318152,5210,289120,5152,364487,5143,335450,5010,360408,5363,
2026-09-30,19:57:44.641,1000,379047,5358,413255,5367,375484,5279,393480,5176,316587,5542,354090,5268,361657,5288,406874,5297,369765,5157,381278,5195,353246,5304,354232,5764,300338,5296,393757,5573,355815,5318,370934,5508,
2026-09-30,19:57:45.641,999,366759,5163,404916,5259,361159,5131,390114,5173,306834,5386,339036,5021,356362,5210,388785,5052,357088,4976,356303,4897,325576,4931,322635,5272,294377,5213,374606,5279,349071,5210,358213,5320,
2026-09-30,19:57:46.641,999,317485,4493,346317,4503,328435,4606,345731,4523,259222,4584,290974,4314,316289,4617,340222,4425,303929,4246,317483,4321,292937,4375,281744,4639,245219,4366,320072,4527,299724,4486,311990,4638,
2026-09-30,19:57:47.641,1000,342319,4838,376480,4901,349605,4931,358704,4714,277891,4877,314468,4679,333818,4892,375307,4883,341468,4760,348153,4744,311316,4690,300560,4902,275364,4861,353169,5010,306634,4602,337415,5014,
2026-09-30,19:57:48.641,999,341661,4826,374188,4860,355567,4997,364247,4765,274122,4860,327572,4846,337751,4930,361091,4696,338966,4723,347796,4729,326543,4900,294546,4830,266399,4735,350320,4951,310177,4631,330050,4913,
2026-09-30,19:57:49.641,999,360669,5081,388984,5052,364728,5160,380614,5009,290194,5051,331884,4941,357852,5238,400407,5215,365212,5095,361451,4930,332083,5015,319403,5159,289383,5058,365374,5173,335036,5028,341660,5079,
2026-09-30,19:57:50.641,999,355643,5015,381886,4938,352781,5028,385832,5113,291859,5092,343334,5073,343245,5001,395013,5140,368742,5136,351480,4825,345649,5241,331712,5407,297559,5240,367024,5171,346646,5164,349505,5190,
2026-09-30,19:57:51.641,1000,364835,5138,395468,5124,355358,5018,373655,4912,279561,4964,361363,5352,350534,5116,396628,5161,364481,5059,362809,4950,353184,5308,327475,5377,282956,5033,359183,5076,331097,4960,348212,5176,
2026-09-30,19:57:52.641,999,377618,5332,397689,5154,369871,5191,385354,5032,293051,5190,348158,5175,347188,5078,398723,5189,365513,5097,364056,4954,342773,5135,332355,5459,288907,5162,377829,5343,346654,5200,357263,5300,
2026-09-30,19:57:53.641,999,346025,4906,356438,4623,336642,4735,364538,4770,287015,5081,318478,4708,321488,4686,368195,4793,338065,4714,340131,4634,321990,4843,298659,4914,269511,4785,347025,4896,319270,4776,321894,4780,
2026-09-30,19:57:54.641,999,311736,4433,318508,4148,314970,4416,331470,4335,259408,4586,290589,4308,293616,4286,346893,4512,305436,4263,298772,4068,287591,4315,272804,4491,255532,4576,325367,4594,286714,4287,299101,4446,
2026-09-30,19:57:55.641,1000,410254,5794,439537,5695,402426,5766,436505,5826,339090,5844,384699,5698,390743,5695,454447,5916,414105,5764,419778,5812,383790,5843,368136,5898,336105,5839,423527,5969,390696,5823,398832,5929,
2026-09-30,19:57:56.641,999,408905,5779,437313,5664,397725,5604,422494,5534,332164,5719,367186,5440,380399,5550,425014,5631,397136,5540,405405,5506,373536,5592,357169,5716,323184,5617,422689,5971,382241,5707,401014,6061,
2026-09-30,19:57:57.641,999,362286,5110,379216,4914,344184,4844,379647,4967,294702,5185,339215,5040,339506,4965,385636,5013,355494,4970,359400,4896,334479,5009,313477,5111,282870,5005,347383,4926,341845,5120,355788,5286,
2026-09-30,19:57:58.642,1000,325012,4599,357067,4610,318241,4469,359142,4684,260447,4628,292988,4345,314122,4585,356451,4643,318028,4444,324678,4423,299910,4482,284214,4677,259689,4633,317431,4484,309192,4641,315443,4694,
2026-09-30,19:57:59.641,999,352898,4967,383490,4967,350779,4952,376065,4948,281630,4974,320057,4753,338303,4954,367445,4786,342866,4766,337414,4614,329003,4945,309364,5063,278750,4929,349215,4948,346884,5215,334482,4978,
2026-09-30,19:58:00.641,999,392604,5521,439815,5680,389650,5498,410844,5410,325548,5710,382875,5690,379534,5560,423668,5516,389008,5416,404926,5525,377284,5669,357058,5831,313893,5536,401533,5696,368486,5536,374155,5566,
2026-09-30,19:58:01.641,999,362348,5095,402886,5196,358081,5058,387839,5086,288856,5131,339350,5042,336736,4926,387521,5037,340350,4727,365607,4980,333958,5017,315107,5182,291669,5205,372261,5268,349267,5233,348174,5174,
2026-09-30,19:58:02.642,1000,335634,4711,365577,4721,324694,4557,347717,4550,273166,4841,309958,4628,305903,4500,350262,4554,322477,4489,326157,4436,322469,4834,304758,5021,268996,4810,347327,4945,302056,4562,329358,4900,
2026-09-30,19:58:03.641,999,323269,4548,338258,4372,321240,4528,340888,4469,262790,4665,313736,4656,301430,4407,341443,4443,317113,4406,313671,4278,311242,4657,293568,4832,265983,4760,329983,4675,308499,4624,316600,4712,
2026-09-30,19:58:04.641,999,317859,4471,346220,4472,322045,4533,355282,4649,268013,4728,310008,4629,305610,4488,334736,4355,314966,4389,320303,4360,313830,4703,293833,4806,263955,4673,349274,4970,304623,4597,322406,4801,
2026-09-30,19:58:05.641,999,365778,5127,410025,5285,363443,5228,412019,5506,309804,5335,353961,5247,352503,5156,396234,5142,367215,5107,379326,5248,353429,5397,344578,5517,300808,5231,387916,5490,353942,5297,364461,5402,
2026-09-30,19:58:06.641,999,369545,5212,409980,5301,365343,5172,401738,5286,310249,5371,350441,5217,346177,5084,388898,5060,374357,5208,381582,5223,353219,5311,346388,5596,307341,5358,375512,5333,349598,5256,356140,5294,
2026-09-30,19:58:07.642,1000,360029,5061,402467,5205,364775,5148,379123,4986,292795,5128,329380,4920,339297,4999,392811,5107,352599,4892,364097,4974,342658,5146,320404,5211,292788,5157,372413,5302,344334,5206,336935,5019,
2026-09-30,19:58:08.641,999,370610,5207,403922,5218,381420,5352,392742,5137,297142,5232,340555,5093,356900,5241,397815,5180,365017,5078,381046,5177,356545,5343,328616,5385,299217,5296,387618,5533,349061,5262,357681,5330,
2026-09-30,19:58:09.641,999,365272,5138,395477,5110,366424,5153,374727,4914,289995,5146,344562,5105,341509,4989,371650,4831,339963,4717,354964,4848,343366,5151,314530,5194,289793,5186,361471,5123,346362,5185,347746,5168,
2026-09-30,19:58:10.642,1000,353942,4968,377069,4874,371933,5211,378389,4947,274725,4905,325887,4849,332999,4873,359688,4680,337829,4690,347559,4727,331013,4949,308378,5107,280796,5030,361098,5128,337179,5068,339970,5061,
2026-09-30,19:58:11.643,1000,361973,5079,398422,5141,370472,5256,391394,5172,292437,5055,330000,4924,356029,5227,392381,5110,351827,4887,359859,4947,340228,5147,331083,5345,295805,5128,370924,5264,354726,5326,352089,5220,
2026-09-30,19:58:12.642,999,356651,5017,390017,5040,355589,4992,371055,4858,271587,4794,315181,4706,329186,4839,376094,4896,346578,4813,341953,4660,330335,4939,306583,5024,280935,5001,352142,5016,337610,5078,331721,4930,
2026-09-30,19:58:13.642,999,333569,4693,367628,4748,327281,4619,351822,4620,257963,4565,304284,4517,306553,4481,357271,4653,327442,4551,336384,4584,318648,4790,295418,4845,263498,4687,329593,4664,318681,4778,309531,4607,
2026-09-30,19:58:14.643,1000,305837,4316,338375,4370,306386,4310,323119,4232,242528,4282,295067,4383,296327,4349,321913,4184,304104,4231,322144,4374,308926,4639,273289,4491,242710,4325,307364,4374,297551,4473,299986,4469,
2026-09-30,19:58:15.643,999,335317,4710,362542,4670,324958,4642,359598,4771,281932,4931,336830,4995,337209,4938,370205,4809,347994,4829,339615,4670,329943,5023,305635,4960,267072,4709,330898,4702,338382,5069,327910,4868,
2026-09-30,19:58:16.642,999,352289,4956,371565,4796,343639,4848,376666,4926,285567,5043,340421,5080,336845,4942,384847,5004,361855,5036,365472,4988,345467,5205,325582,5312,286276,5055,352307,5008,328357,4945,336582,5006,
2026-09-30,19:58:17.642,999,390032,5483,416274,5372,385292,5446,410401,5402,320985,5618,377254,5621,366863,5391,426529,5537,390413,5431,402248,5485,361603,5431,356702,5784,308471,5403,395488,5621,361546,5443,390800,5796,
2026-09-30,19:58:18.643,1000,358697,5030,394849,5100,359107,5045,385539,5040,285770,5096,343385,5113,339131,4974,390644,5086,347139,4829,365346,4964,335103,5025,325651,5372,269567,4821,359297,5097,335078,5035,348101,5186,
2026-09-30,19:58:19.642,999,357138,5014,389413,5028,360697,5081,367085,4832,280954,4987,333606,4945,328430,4806,376916,4903,337112,4680,365519,4986,327576,4938,313560,5158,282116,5025,369787,5239,330979,4959,336994,5017,
2026-09-30,19:58:20.642,999,377222,5287,396911,5116,369306,5269,387301,5136,290059,5065,348352,5172,353778,5176,391120,5085,365177,5077,374208,5137,345028,5221,330044,5374,297666,5254,372427,5277,350799,5264,356673,5299,
2026-09-30,19:58:21.643,1000,329873,4639,362298,4687,314482,4440,338782,4441,248546,4388,294139,4374,312193,4579,346864,4511,328721,4583,334304,4564,303855,4573,292433,4813,267931,4777,337223,4791,314351,4728,312458,4644,
2026-09-30,19:58:22.643,999,346011,4868,395961,5105,335643,4749,358057,4704,275326,4765,324077,4845,325194,4790,366522,4768,343355,4790,352344,4818,316395,4762,318921,5167,279705,4901,352080,4996,333729,5042,326705,4852,
2026-09-30,19:58:23.642,999,331805,4664,365001,4713,305535,4301,354910,4644,249744,4437,303458,4509,299885,4393,342587,4457,330158,4599,342281,4661,301084,4521,299282,4925,253889,4532,334115,4733,310925,4678,298713,4453,
2026-09-30,19:58:24.642,999,328606,4617,354246,4584,326344,4605,350214,4602,251905,4445,297597,4426,299380,4386,342131,4451,325076,4527,340151,4643,312183,4690,299780,4900,266165,4719,334538,4747,316573,4754,312734,4657,
2026-09-30,19:58:25.643,1000,353023,4958,391447,5041,358598,5083,379441,5013,284310,5013,327049,4855,336912,4935,375987,4888,352560,4903,368627,5067,339398,5121,325022,5319,293038,5219,365976,5184,352896,5287,343768,5107,
2026-09-30,19:58:26.643,999,358305,5052,405819,5236,349940,4932,384549,5048,272461,4827,318329,4736,341557,4995,365831,4765,369431,5139,373912,5093,339811,5100,323962,5316,283609,5052,368496,5209,348327,5230,338007,5035,
2026-09-30,19:58:27.642,999,358951,5041,434662,5587,376413,5313,407996,5367,297436,5254,359797,5364,351125,5160,396281,5147,379969,5275,374183,5098,364932,5473,334911,5490,293479,5211,382028,5430,344621,5192,362890,5400,
2026-09-30,19:58:28.642,999,365760,5152,409582,5282,372883,5250,406881,5328,297554,5240,365641,5445,340378,4991,398598,5191,380497,5285,380199,5163,360030,5388,341994,5609,294789,5210,376401,5343,345631,5192,355696,5292,
2026-09-30,19:58:29.643,1000,328981,4638,367127,4755,338207,4769,355260,4670,265032,4693,321510,4770,316390,4635,358758,4667,335007,4651,335323,4572,314564,4748,300224,4937,264245,4708,347947,4924,318207,4772,320354,4767,
2026-09-30,19:58:30.643,999,301889,4252,331262,4276,306064,4301,331014,4335,245908,4364,297660,4417,294742,4311,342869,4464,296364,4125,303084,4111,286783,4314,280167,4626,245931,4402,324522,4602,293582,4409,289596,4308,
2026-09-30,19:58:31.642,999,333890,4698,366291,4734,334171,4727,359293,4738,261323,4606,312891,4655,330347,4834,367442,4781,328017,4564,340175,4652,314973,4758,304370,4988,269950,4783,343562,4872,337221,5056,324472,4823,
2026-09-30,19:58:32.643,1000,353341,4973,373584,4831,349176,4917,380804,4987,280667,4880,335140,5007,340432,5021,381731,5008,338488,4710,356147,4840,345331,5170,321169,5197,288667,5078,364425,5198,337844,5101,344221,5160,
2026-09-30,19:58:33.643,999,313296,4397,351109,4536,303692,4282,349923,4581,264599,4673,317485,4704,323857,4741,354795,4612,314638,4368,325722,4439,321913,4826,302002,4953,260320,4628,339999,4820,315806,4735,316160,4700,
2026-09-30,19:58:34.643,999,336142,4723,362055,4671,333656,4694,367280,4789,265093,4656,317968,4737,324335,4768,362137,4708,337598,4686,329330,4478,319601,4761,315226,5174,263613,4689,360099,5110,323898,4858,327034,4851,
2026-09-30,19:58:35.642,999,398711,5586,442975,5702,393848,5663,424324,5674,320588,5517,385672,5722,376532,5512,433489,5628,394327,5477,392797,5440,370800,5664,371452,5975,321091,5603,422738,5983,383526,5748,387766,5750,
2026-09-30,19:58:36.643,1000,361844,5093,395033,5103,368119,5169,391356,5117,291793,5173,342488,5086,328961,4814,384458,4993,353561,4914,363164,4937,343824,5134,320129,5269,279342,4983,372521,5276,334261,5021,352267,5246,
2026-09-30,19:58:37.643,999,350926,4936,393341,5082,375816,5306,372566,4898,287945,5072,339934,5066,320901,4716,371410,4826,346441,4806,354137,4824,337886,5069,313024,5133,295963,5258,361357,5138,336162,5056,346989,5166,
2026-09-30,19:58:38.643,999,433725,6115,486016,6284,448523,6377,464925,6156,367546,6262,416953,6206,416976,6127,466523,6138,443384,6217,440190,6033,428377,6451,398607,6369,368899,6406,469374,6647,429684,6449,417990,6273,
2026-09-30,19:58:39.642,999,770683,10749,857702,11001,790811,11222,829109,10967,661872,10888,707375,10898,714154,10824,825468,10790,806400,11143,802846,10920,748318,11223,728242,11264,666172,11147,788000,11392,735282,11374,741174,11003,
2026-09-30,19:58:40.643,1000,389712,5494,422945,5466,385124,5420,402237,5275,317716,5604,377751,5624,368778,5409,425525,5550,372008,5175,404087,5489,365901,5478,344433,5624,313740,5556,398509,5655,362749,5459,382139,5704,
2026-09-30,19:58:41.643,999,341071,4810,384628,4982,328808,4649,370955,4867,280472,4944,338926,5034,331642,4847,378121,4916,330863,4619,346062,4718,332825,4998,311705,5086,275878,4894,364097,5154,327185,4908,344453,5125,
2026-09-30,19:58:42.643,999,401051,5620,443214,5693,392771,5521,433823,5661,318699,5512,374964,5672,376657,5606,424179,5507,386802,5371,397913,5385,390240,5845,347242,5600,320199,5599,404997,5821,365269,5595,379342,5616,
2026-09-30,19:58:43.642,999,472282,6603,516523,6650,476504,6777,523249,6910,383187,6572,448051,6749,452059,6703,502251,6582,467439,6486,466824,6392,463907,6996,422638,6766,397388,6911,486790,6958,459320,7007,449931,6714,
2026-09-30,19:58:44.643,1000,396168,5557,419926,5416,396057,5579,424340,5560,301827,5364,359625,5346,364024,5334,403036,5244,377064,5234,393028,5346,379739,5686,346409,5688,308946,5512,403668,5717,365299,5470,365370,5432,
2026-09-30,19:58:45.643,999,423510,5956,455956,5872,424063,6009,452241,5975,334825,5804,398231,5923,394158,5784,438347,5706,414467,5756,432091,5910,390214,5875,376436,6108,336603,5938,451760,6408,405112,6076,409107,6067,
2026-09-30,19:58:46.643,999,478640,6879,522590,6846,496082,6937,523292,6836,399545,6872,451250,6678,451990,6601,509440,6626,468897,6653,485213,6541,464645,6904,439598,7061,398059,6914,499843,7045,458349,6828,466592,6911,
2026-09-30,19:58:47.642,999,579315,8053,617822,7889,574580,8073,596889,7826,484901,8020,498423,7835,508214,7815,590667,7703,567184,7839,567839,7664,542813,8065,518463,8074,475825,7988,556660,8168,513674,8108,543077,8033,
2026-09-30,19:58:48.643,1000,379387,5330,399337,5151,379799,5330,397470,5198,299865,5240,353240,5307,360808,5337,409323,5335,372475,5184,373282,5067,377255,5634,347825,5627,307465,5390,389947,5568,354823,5381,365181,5434,
2026-09-30,19:58:49.643,999,353454,4960,377085,4861,343014,4843,361083,4743,276366,4794,331204,4957,328168,4844,373530,4860,341737,4752,345812,4734,345145,5196,318477,5151,278726,4896,362502,5163,334085,5061,334321,4974,
2026-09-30,19:58:50.643,999,358662,5024,404265,5201,357646,5077,370620,4896,294466,5058,344167,5127,352502,5171,392510,5097,352488,4905,356253,4881,361195,5458,331262,5320,298340,5212,387415,5491,350320,5259,355529,5266,
2026-09-30,19:58:51.643,1000,325270,4570,355491,4593,326864,4599,344853,4540,253972,4479,306052,4558,304946,4472,350819,4565,310924,4323,333886,4562,306767,4613,280048,4584,265397,4721,341547,4843,318697,4781,313859,4672,
2026-09-30,19:58:52.643,999,362951,5095,406764,5242,377597,5310,384508,5032,283098,4979,336752,5034,345878,5086,381196,4962,343871,4781,374628,5114,334006,5008,314823,5171,290723,5155,364335,5179,340792,5140,360735,5366,
2026-09-30,19:58:53.643,999,354125,4953,389173,5020,373161,5240,371220,4872,282966,5031,334412,4965,328384,4797,391611,5091,348273,4832,364519,4964,330895,4976,309358,5100,279153,4990,358933,5069,346453,5188,348316,5186,
2026-09-30,19:58:54.643,999,749952,10394,813673,10378,758991,10680,810552,10628,633205,10459,650790,10211,693594,10634,802034,10483,749556,10311,783642,10613,707255,10541,700767,10895,622229,10472,735588,10789,686870,10836,703387,10456,
2026-09-30,19:58:55.643,1000,385324,5413,399420,5167,367328,5213,400784,5288,297123,5191,358432,5322,358099,5241,420869,5481,376966,5247,383840,5262,356665,5398,344797,5637,296757,5240,381879,5405,361983,5433,351813,5234,
2026-09-30,19:58:56.643,999,455368,6386,488000,6275,442483,6298,482691,6374,352867,6028,408919,6091,433162,6365,489821,6383,433430,6020,450933,6199,431866,6538,411253,6579,364017,6299,450498,6398,428589,6441,426417,6358,
2026-09-30,19:58:57.643,999,364434,5111,379184,4894,351701,4965,369677,4858,276730,4816,317820,4746,348285,5122,369658,4809,338206,4715,366486,4996,344337,5182,316006,5142,280820,4950,355873,5066,340708,5141,337071,5019,
2026-09-30,19:58:58.643,999,343929,4828,350329,4516,325021,4579,350349,4596,254578,4462,302061,4503,309169,4525,354277,4614,323046,4492,329721,4497,316305,4754,291931,4779,259764,4605,337708,4795,322248,4836,318864,4750,
2026-09-30,19:58:59.643,1000,339148,4756,367013,4732,329303,4660,366264,4822,263217,4638,306910,4561,308336,4510,355314,4624,326728,4541,330821,4524,321347,4830,303718,4985,266383,4720,339966,4826,328348,4914,323631,4813,
2026-09-30,19:59:00.643,999,336318,4727,371406,4793,332026,4682,369964,4837,256911,4545,303572,4528,306497,4503,361209,4705,333329,4639,333988,4544,320593,4812,296203,4854,263123,4667,344634,4907,323276,4867,335958,4996,
2026-09-30,19:59:01.643,999,376913,5297,411496,5314,380540,5385,402808,5306,301349,5244,366737,5474,361916,5313,410379,5340,385171,5359,394252,5391,363149,5464,348251,5650,306964,5391,375507,5334,373787,5620,370039,5498,
2026-09-30,19:59:02.643,999,384989,5400,419264,5414,394706,5547,413403,5425,313882,5536,369004,5516,362762,5325,411752,5358,383674,5331,388029,5284,375066,5625,346972,5679,315394,5615,389961,5548,377619,5694,374747,5560,
2026-09-30,19:59:03.642,999,371708,5220,401534,5184,379014,5355,388841,5115,287419,5084,347221,5157,349355,5107,391529,5101,350094,4857,370028,5054,348066,5235,338397,5551,295562,5246,368930,5219,346493,5181,347519,5163,
2026-09-30,19:59:04.643,1000,482908,6778,491685,6344,478591,6779,487905,6439,377714,6470,419211,6324,442247,6568,496923,6528,456870,6346,480270,6569,436822,6597,428776,6835,374434,6457,472190,6743,439400,6666,430063,6446,
2026-09-30,19:59:05.643,999,395114,5529,427747,5504,396524,5679,412168,5509,313673,5414,359400,5334,364597,5337,417677,5431,374300,5199,388471,5360,362152,5521,354187,5718,311184,5441,402663,5691,368145,5499,371942,5509,
2026-09-30,19:59:06.643,999,354967,4982,388114,5000,360172,5095,372510,4912,279219,4895,326180,4863,324353,4762,384820,5019,345545,4816,361376,4939,334340,5048,315783,5133,286078,5052,355727,5052,354753,5321,339226,5039,
2026-09-30,19:59:07.643,1000,357273,5014,401838,5181,366503,5161,379106,4978,296996,5172,340594,5093,344416,5085,396602,5163,349741,4852,365116,4968,359813,5416,331272,5359,293532,5140,366802,5232,343069,5184,348589,5181,
2026-09-30,19:59:08.643,999,378483,5315,406217,5237,363232,5114,411541,5395,300021,5247,335526,5029,350559,5174,388436,5058,351628,4900,356156,4844,360342,5397,343900,5592,296940,5220,388838,5547,346133,5244,357938,5320,
2026-09-30,19:59:09.643,999,332153,4657,350128,4532,328888,4604,334994,4384,261935,4667,287750,4305,302299,4450,324435,4215,310580,4318,308091,4185,318215,4749,295013,4853,255557,4554,335785,4779,299255,4512,308210,4586,
2026-09-30,19:59:10.643,999,339803,4764,365135,4717,340096,4758,355599,4622,257412,4560,296778,4454,309397,4563,344771,4480,325677,4529,313627,4257,332400,4958,305017,5017,264567,4719,336753,4800,316100,4789,331189,4926,
2026-09-30,19:59:11.643,1000,332010,4660,358217,4635,346419,4836,366252,4766,260616,4650,311186,4638,310707,4566,349599,4549,325417,4519,326056,4422,322568,4815,303136,5004,261050,4668,338189,4811,319647,4821,328178,4886,
2026-09-30,19:59:12.643,999,365028,5121,390349,5031,374831,5243,396696,5171,282646,4943,332904,5004,341607,5040,383449,4985,354915,4933,361184,4907,347265,5181,335243,5473,283868,5005,371048,5291,334576,5068,349877,5193,
2026-09-30,19:59:13.643,999,344450,4872,352102,4578,356340,4992,375758,4907,264261,4642,311713,4623,316220,4617,368188,4801,342545,4806,338861,4606,326502,4886,309372,5087,269843,4795,368438,5212,324692,4862,330595,4921,
2026-09-30,19:59:14.644,1000,327582,4609,343610,4454,340308,4773,349205,4549,248031,4413,292067,4345,300700,4393,358617,4669,317704,4424,323173,4390,309076,4627,284644,4691,256167,4576,325769,4622,309087,4639,323953,4821,
2026-09-30,19:59:15.644,1000,373772,5249,395182,5102,367089,5248,383789,5095,295549,5151,343172,5099,350249,5130,394588,5136,346117,4823,356215,4927,344722,5236,322668,5252,284356,4999,371397,5260,337394,5058,353461,5258,
2026-09-30,19:59:16.644,999,325618,4579,340401,4408,323751,4561,340768,4467,247481,4349,305354,4539,303129,4446,353194,4604,310891,4331,314286,4292,310057,4653,288754,4744,264286,4700,341279,4850,300199,4520,317309,4724,
2026-09-30,19:59:17.644,999,324514,4572,346625,4487,326834,4591,348164,4562,254281,4473,307654,4597,309514,4544,357229,4645,311423,4327,313783,4276,304147,4539,295486,4837,261185,4634,344900,4903,303507,4595,313667,4661,
2026-09-30,19:59:18.645,1000,365631,5137,375768,4855,375583,5295,383136,5033,286291,4989,331264,4936,347556,5095,406502,5285,351111,4876,348849,4758,330235,4966,330079,5376,285948,5037,373485,5303,343277,5166,344241,5120,
2026-09-30,19:59:19.644,999,323811,4556,351178,4538,329862,4647,332359,4363,243718,4326,309370,4591,315407,4613,351876,4578,316101,4401,309170,4222,308058,4624,298542,4913,264591,4710,332616,4712,315993,4744,312526,4649,
2026-09-30,19:59:20.644,999,423049,5903,450500,5792,409683,5825,448561,5936,328035,5741,386236,5732,386058,5645,429816,5593,400870,5548,390877,5373,376328,5694,365570,5961,332073,5860,424194,6000,402237,6018,392693,5832,
2026-09-30,19:59:21.644,999,355590,5003,376057,4862,351228,4922,377509,4932,262382,4673,316250,4711,325692,4773,355119,4620,323284,4493,331619,4501,315068,4716,303490,5020,278049,4982,354025,5019,324083,4875,335220,4982,
2026-09-30,19:59:22.645,1000,347822,4888,368357,4750,340964,4794,372447,4866,271286,4803,324153,4834,325034,4786,375500,4892,326641,4559,339689,4614,324660,4869,308266,5062,272802,4829,351224,4994,324544,4900,323223,4809,
2026-09-30,19:59:23.644,999,346018,4839,358508,4622,335369,4743,371723,4883,265549,4698,318160,4723,321681,4707,347899,4533,313438,4361,316991,4324,304315,4593,299148,4894,267886,4754,342075,4846,317224,4756,319307,4753,
2026-09-30,19:59:24.644,999,341839,4804,370833,4798,333663,4695,373621,4872,280445,4930,318059,4745,325575,4785,362125,4716,334300,4657,331178,4504,317163,4750,304365,4964,273714,4832,345954,4913,324575,4879,319423,4751,
2026-09-30,19:59:25.644,999,357367,5002,387284,4994,340842,4847,378794,5022,286185,5025,324105,4816,330004,4841,386711,5028,356140,4946,352785,4840,325620,4929,328959,5338,290032,5125,368657,5224,333450,4999,335846,4985,
2026-09-30,19:59:26.645,1000,320846,4512,342345,4425,316350,4450,347818,4553,250161,4433,296915,4415,301475,4414,347819,4529,308975,4294,319745,4348,309065,4616,290997,4752,258152,4586,326044,4620,318881,4781,305569,4544,
2026-09-30,19:59:27.644,999,327190,4602,347484,4498,330315,4664,349246,4577,254443,4485,300845,4494,307701,4524,365561,4754,327224,4543,325739,4437,312744,4693,293272,4782,263522,4657,336513,4794,312001,4703,318137,4725,
2026-09-30,19:59:28.644,999,364131,5120,388649,5016,354233,5016,375121,4938,277711,4894,328232,4877,339265,4963,397294,5173,360326,5002,363118,4960,350134,5271,325258,5313,284578,5036,359842,5105,345919,5186,353502,5255,
2026-09-30,19:59:29.644,999,366160,5138,383926,4962,358038,5037,376238,4930,285831,5058,334884,4980,344510,5050,398122,5175,361342,5005,358118,4853,355560,5312,325462,5350,280873,4968,358166,5091,330724,4985,353793,5252,
2026-09-30,19:59:30.645,1000,334027,4697,349632,4518,327577,4598,336156,4395,252270,4491,299463,4452,307895,4518,362053,4707,311445,4331,318732,4315,312644,4673,284827,4702,257766,4599,333350,4740,306284,4599,312007,4647,
2026-09-30,19:59:31.644,999,331607,4650,347174,4481,331348,4677,349070,4587,253778,4477,309763,4608,297077,4357,358707,4669,314511,4370,329493,4489,308485,4648,289660,4760,269041,4790,340080,4823,316328,4737,330417,4918,
2026-09-30,19:59:32.644,999,345667,4853,379317,4898,366555,5157,375007,4913,270300,4741,315818,4739,316257,4672,374027,4864,329719,4589,344777,4674,324590,4860,302735,4932,285117,5047,358787,5116,333473,5041,344407,5120,
2026-09-30,19:59:33.644,999,325067,4566,355235,4591,332548,4696,336563,4422,252552,4448,296185,4402,306682,4494,347295,4514,314118,4378,324354,4430,304220,4577,277600,4556,254964,4518,332565,4715,311800,4685,321049,4779,
2026-09-30,19:59:34.645,1000,316571,4448,330002,4271,313949,4410,316417,4139,246408,4370,287449,4276,293171,4306,347403,4523,296200,4128,311290,4224,291645,4369,278254,4578,243473,4338,324430,4608,293720,4428,302604,4505,
2026-09-30,19:59:35.644,999,382163,5362,405957,5229,377453,5404,394645,5269,305077,5251,360561,5380,352353,5181,414183,5387,358375,4983,370931,5115,350862,5341,347484,5575,302895,5242,378404,5369,353776,5317,374689,5572,
2026-09-30,19:59:36.644,999,364064,5107,389778,5013,352317,5020,381285,5055,292492,5110,336852,5005,332619,4884,392245,5107,351025,4886,350902,4810,324603,4908,324123,5247,285813,5004,367351,5195,341916,5111,347242,5158,
2026-09-30,19:59:37.644,999,339294,4763,358670,4616,339041,4762,354395,4647,260779,4641,303439,4534,310323,4569,354081,4607,324806,4525,331958,4510,309518,4629,293065,4809,277918,4959,328404,4668,313892,4723,319942,4752,
2026-09-30,19:59:38.645,1000,382602,5364,390431,5035,373453,5262,413859,5433,295080,5227,334204,4989,339182,4981,405325,5268,360428,5005,373682,5085,348575,5224,333042,5476,287410,5096,354328,5030,347781,5235,350743,5220,
2026-09-30,19:59:39.644,999,367245,5158,391478,5046,382023,5390,402781,5296,293636,5214,332852,4942,346273,5067,391497,5089,357816,4976,356025,4866,344889,5177,331324,5439,286156,5090,370910,5256,335598,5043,350623,5221,
2026-09-30,19:59:40.644,999,376968,5290,415164,5345,393583,5546,404382,5313,305450,5363,353455,5264,359500,5275,420615,5481,375312,5210,375547,5115,371643,5576,350632,5726,313276,5544,383260,5452,343128,5168,359085,5349,
2026-09-30,19:59:41.644,999,328980,4633,352429,4549,332814,4671,347555,4556,254883,4532,297459,4416,299775,4390,351364,4568,316256,4397,314749,4280,316885,4738,284950,4682,258677,4633,334136,4739,297407,4466,311072,4631,
2026-09-30,19:59:42.645,1000,335068,4705,359543,4644,338324,4764,345904,4529,272533,4806,313363,4670,303017,4461,360827,4692,326509,4542,320589,4347,319640,4787,299038,4868,263583,4662,319317,4543,307757,4644,304315,4523,
2026-09-30,19:59:43.645,999,302769,4250,318998,4116,306064,4290,329130,4303,233415,4176,283734,4218,281850,4127,331823,4314,287483,3993,286835,3890,288619,4312,260020,4273,247998,4441,297467,4217,288837,4345,295725,4399,
2026-09-30,19:59:44.644,999,331569,4662,346624,4474,325796,4600,351716,4617,264445,4679,313136,4656,310484,4549,357099,4649,309216,4296,314818,4287,320061,4802,293176,4787,272419,4833,339959,4824,308113,4629,319941,4761,
2026-09-30,19:59:45.644,999,335451,4720,353913,4578,332128,4718,349681,4621,266752,4690,320333,4763,314054,4599,358403,4661,314728,4369,317816,4361,302797,4577,293386,4779,262237,4634,345313,4887,308334,4630,337845,5028,
2026-09-30,19:59:46.645,1000,360327,5064,385144,4970,363080,5122,388048,5106,282565,4967,334022,4977,331808,4864,393037,5112,351788,4888,361600,4941,337765,5071,332312,5405,289840,5102,370438,5246,337556,5085,361576,5386,
2026-09-30,19:59:47.645,999,360820,5064,371619,4800,362185,5090,384013,5030,285005,5041,332007,4964,325725,4794,389574,5057,345805,4789,359332,4891,334505,5003,315254,5158,283838,5037,361115,5146,325503,4912,355807,5287,
2026-09-30,19:59:48.644,999,365650,5145,379999,4910,363767,5126,385485,5066,296290,5217,351685,5225,344850,5059,389484,5068,362046,5032,357183,4859,351405,5284,326310,5324,287467,5098,379791,5394,342754,5154,360462,5362,
2026-09-30,19:59:49.645,1000,351723,4947,357408,4625,360868,5073,381439,4997,285339,5038,339878,5045,335530,4910,380317,4951,341512,4757,343073,4674,331699,4988,305560,4997,281097,5004,358624,5090,320689,4819,342844,5097,
2026-09-30,19:59:50.645,999,342131,4804,344064,4435,341354,4803,367192,4811,266897,4728,314414,4666,316750,4635,373180,4853,330082,4586,332381,4532,316323,4754,287481,4703,278378,4974,349574,4967,314439,4722,323548,4816,
2026-09-30,19:59:51.644,999,374213,5250,388470,5007,361576,5158,393274,5210,296335,5116,331410,4933,342270,5017,410143,5337,367175,5103,351047,4833,342558,5211,330926,5318,300575,5248,378064,5348,333207,4993,349483,5187,
2026-09-30,19:59:52.644,999,331744,4660,337991,4357,327867,4624,344214,4530,255828,4487,298310,4459,297964,4393,339284,4415,316417,4390,314933,4299,308446,4637,290682,4726,258667,4554,321875,4594,299450,4524,309763,4609,
2026-09-30,19:59:53.645,1000,328845,4628,327898,4239,319546,4484,339422,4446,244603,4330,294564,4380,294226,4310,337207,4390,309299,4293,311033,4231,300415,4500,284059,4656,253182,4501,321461,4549,295130,4438,303354,4515,
2026-09-30,19:59:54.645,999,342546,4819,354561,4583,327007,4603,347756,4554,258030,4572,302270,4497,313373,4596,341439,4438,317940,4418,332557,4519,308596,4650,288546,4736,262895,4667,340114,4823,308243,4633,324711,4827,
2026-09-30,19:59:55.644,999,360698,5074,402271,5181,355805,5068,383288,5090,288293,5026,345678,5142,346811,5078,393992,5127,353967,4924,350801,4842,334669,5099,321852,5240,286982,5048,371801,5263,340369,5112,353471,5249,
2026-09-30,19:59:56.644,999,367969,5180,408394,5263,371583,5234,407482,5343,294513,5195,331246,4932,343841,5045,411358,5347,348598,4848,360855,4905,342614,5156,323036,5292,292473,5185,369355,5245,358871,5394,354215,5271,
2026-09-30,19:59:57.645,1000,385849,5423,413846,5338,381289,5386,416860,5475,307876,5374,356765,5333,369617,5430,419992,5465,371796,5165,389613,5297,354193,5328,325321,5274,307845,5425,393350,5594,360936,5448,366055,5442,
2026-09-30,19:59:58.645,999,337513,4736,366474,4741,334719,4700,359272,4686,264844,4714,314652,4668,305638,4468,357951,4651,330739,4586,332579,4515,313965,4709,288618,4767,264059,4728,346840,4923,316056,4766,308086,4598,
2026-09-30,19:59:59.645,999,344042,4848,362947,4709,345294,4847,367695,4815,271943,4761,333784,4963,316088,4634,360039,4692,339225,4748,344154,4686,328216,4943,315784,5179,272479,4811,340953,4825,319460,4795,319490,4742,
2026-09-30,20:00:00.644,999,308100,4350,339290,4393,339979,4767,333169,4351,253713,4495,307070,4570,290402,4254,334568,4353,319652,4441,319426,4335,295428,4427,288012,4745,251550,4493,315294,4467,292521,4395,294464,4386,
2026-09-30,20:00:01.645,1000,309890,4395,338621,4389,319421,4479,325585,4252,254173,4511,290873,4326,285204,4186,336264,4373,304345,4260,322140,4364,305496,4564,282412,4643,251222,4464,312974,4431,293124,4416,298427,4440,
2026-09-30,20:00:02.645,999,376880,5331,393867,5102,384393,5404,390436,5117,301963,5275,364543,5438,353925,5190,417512,5434,366984,5113,367269,4983,351662,5256,336392,5481,315863,5562,381290,5409,351229,5281,355783,5294,
2026-09-30,20:00:03.645,999,321282,4574,349310,4554,333570,4682,341345,4467,257010,4554,294887,4375,309624,4513,348605,4548,308113,4332,300371,4074,298335,4449,280518,4612,251978,4477,318483,4483,300595,4478,315924,4712,
2026-09-30,20:00:04.644,999,391252,5512,422124,5472,390117,5510,414350,5454,309647,5453,359413,5330,364605,5323,436843,5674,386986,5381,374258,5110,351181,5282,336359,5499,311046,5509,387838,5486,371306,5560,384245,5706,
2026-09-30,20:00:05.645,1000,375396,5280,403023,5221,387706,5500,391480,5163,314295,5536,362715,5373,364889,5316,416381,5417,378014,5268,384286,5263,349050,5277,331244,5413,296657,5240,394332,5554,357974,5335,373677,5559,
2026-09-30,20:00:06.645,999,387819,5448,432727,5590,407848,5803,414018,5490,338051,5904,386069,5726,376944,5521,438612,5706,394343,5483,397471,5459,362727,5500,345643,5575,329647,5809,403495,5714,391505,5871,392065,5827,
2026-09-30,20:00:07.645,999,340772,4820,378306,4907,357312,5044,366732,4829,286703,5041,336004,5001,342524,5029,387198,5038,343310,4790,339891,4639,324270,4881,311488,5084,268923,4760,338711,4802,338370,5077,333471,4959,
2026-09-30,20:00:08.644,999,359467,5067,402628,5217,366117,5170,401361,5272,302281,5275,352472,5233,354693,5208,411696,5365,361833,5052,377437,5145,346839,5210,332215,5380,289092,5067,362800,5143,349000,5246,346567,5151,
2026-09-30,20:00:09.645,1000,329841,4663,355655,4609,336688,4738,351756,4610,263140,4666,318342,4712,312198,4549,356433,4624,340560,4743,330238,4494,308707,4636,296712,4879,261615,4659,339157,4784,316628,4727,320048,4755,
2026-09-30,20:00:10.645,999,316478,4460,338236,4388,313568,4413,344177,4511,253555,4512,310277,4594,311845,4557,347826,4527,308482,4303,318109,4325,298097,4481,287615,4718,248735,4434,310640,4391,304775,4565,297335,4421,
2026-09-30,20:00:11.645,999,309529,4350,334283,4329,315173,4439,342037,4484,253358,4513,296084,4380,302462,4412,334545,4345,292525,4061,303542,4120,278453,4178,278764,4590,244373,4354,309848,4376,301042,4511,303519,4511,
2026-09-30,20:00:12.645,999,349071,4926,377982,4906,351130,4957,371084,4881,279149,4905,318913,4753,341589,5005,366248,4767,316022,4422,334829,4573,316167,4750,317784,5186,278569,4906,349666,4951,337461,5063,338964,5043,
2026-09-30,20:00:13.645,1000,313610,4425,338385,4397,315375,4429,339118,4425,255897,4564,297524,4395,320708,4683,338798,4405,298621,4163,309080,4194,293357,4385,282221,4656,247755,4437,309625,4370,307756,4597,302735,4508,
2026-09-30,20:00:14.645,999,354267,4993,384239,4970,361037,5080,378179,4961,297930,5231,339436,5044,354197,5178,395711,5154,336450,4701,345626,4701,324485,4877,321568,5251,290810,5158,355591,5022,353615,5287,339206,5048,
2026-09-30,20:00:15.645,999,357085,5069,399977,5207,356757,5050,381954,5044,297547,5195,343961,5090,367217,5359,399067,5202,347611,4897,367295,5014,333820,5039,325412,5292,287038,5068,368409,5194,347443,5169,359808,5360,
2026-09-30,20:00:16.645,999,368355,5229,396008,5161,372329,5229,404302,5285,285796,5044,334835,4953,361049,5274,397754,5182,357845,5017,367755,4997,348273,5211,327323,5366,284971,5073,368584,5208,346267,5168,345540,5145,
2026-09-30,20:00:17.644,999,325824,4618,360073,4700,329622,4623,364738,4768,259515,4581,313357,4651,313682,4595,344869,4490,316306,4431,313068,4249,320596,4778,295062,4825,257017,4560,333746,4731,315065,4723,309198,4594,
2026-09-30,20:00:18.645,1000,316704,4480,344577,4485,311683,4390,334668,4389,250414,4454,304974,4517,306201,4476,337764,4398,308434,4310,313050,4259,304375,4564,278013,4551,249557,4444,334552,4729,300518,4503,301729,4494,
2026-09-30,20:00:19.645,999,353733,4986,376263,4867,354154,4993,379504,4991,281800,4947,345657,5136,341858,5007,386517,5037,342114,4763,349755,4768,346089,5193,314631,5117,289209,5084,372426,5285,328850,4928,331559,4939,
2026-09-30,20:00:20.645,999,346889,4878,386338,4987,337517,4762,373344,4902,283093,4988,328543,4888,324469,4771,384988,5014,332399,4630,338846,4621,313282,4712,301255,4912,274412,4841,365192,5179,330674,4959,341920,5085,
2026-09-30,20:00:21.645,999,362272,5067,389624,5014,343135,4885,362367,4804,282056,4926,326260,4831,330353,4840,380449,4946,326082,4527,335440,4617,308711,4676,302169,4914,275999,4843,361728,5113,331178,4948,332657,4940,
2026-09-30,20:00:22.645,1000,329617,4621,372079,4797,325308,4566,352131,4603,257781,4571,303088,4536,311238,4581,358860,4667,323333,4492,326601,4428,314183,4691,292405,4809,247704,4412,340871,4856,314623,4745,323622,4805,
2026-09-30,20:00:23.645,999,342480,4823,371463,4790,332281,4699,363782,4779,277066,4902,324131,4812,334397,4905,387709,5042,334406,4656,349195,4779,322045,4844,297337,4870,265868,4716,351267,4973,313877,4696,336502,5000,
2026-09-30,20:00:24.645,999,334385,4715,368458,4770,340325,4776,354601,4637,276009,4945,314775,4678,328003,4801,360895,4691,336433,4670,341334,4640,303457,4544,289108,4787,263118,4706,338676,4800,313443,4702,327363,4870,
2026-09-30,20:00:25.645,999,394844,5522,427943,5512,381606,5424,410776,5436,322747,5617,377882,5616,371208,5456,423001,5509,380432,5280,398797,5475,366594,5548,357156,5782,314275,5538,395418,5603,378657,5693,384287,5704,
2026-09-30,20:00:26.645,1000,683402,9501,731833,9342,682490,9587,717304,9411,573183,9435,606486,9568,617917,9561,742901,9736,651963,8996,682523,9213,643023,9572,620807,9604,573245,9596,654807,9620,603364,9577,655558,9711,
2026-09-30,20:00:27.645,999,439449,6182,449290,5797,433349,6117,467129,6138,338612,5941,398546,5915,412994,6050,474523,6172,411630,5724,430073,5872,394712,5939,373765,6085,336799,5959,432524,6139,400952,6018,417357,6185,
2026-09-30,20:00:28.645,999,353869,4976,360121,4660,338298,4769,381536,5016,272907,4788,328177,4896,338162,4971,371307,4841,330467,4601,353283,4813,330873,4979,324503,5289,272794,4813,352516,5008,316774,4765,336057,5001,
2026-09-30,20:00:29.645,999,320203,4497,326741,4231,310680,4368,346061,4534,249597,4415,300143,4467,298918,4386,330583,4299,302347,4208,316332,4308,301354,4521,291719,4773,249626,4435,315157,4466,289447,4354,308017,4580,
2026-09-30,20:00:30.646,1000,376823,5281,409066,5274,372409,5247,392978,5163,302061,5294,358456,5345,360432,5294,401620,5226,360934,5033,374836,5110,333580,5035,340124,5531,290539,5123,376311,5341,348548,5244,365475,5427,
2026-09-30,20:00:31.645,999,373042,5231,397704,5130,366916,5176,373889,4907,293764,5227,343114,5092,339937,4977,393896,5131,357649,4970,344235,4694,323917,4886,322961,5308,282698,5033,383164,5422,326941,4899,343666,5122,
2026-09-30,20:00:32.645,999,399610,5601,456758,5888,408585,5745,415634,5433,314254,5567,370812,5531,379290,5581,418933,5451,393012,5449,383713,5210,375550,5627,357164,5836,320698,5691,410799,5834,364468,5483,402969,5996,
2026-09-30,20:00:33.645,999,700140,9712,748637,9547,702299,9879,735170,9620,586076,9582,609996,9572,625463,9647,717974,9435,675292,9318,707816,9554,642353,9553,635432,9790,581814,9678,675185,9926,612258,9698,666694,9934,
2026-09-30,20:00:34.645,999,378801,5332,405585,5230,381205,5374,395879,5208,299753,5282,362669,5395,362728,5315,410749,5338,362795,5047,390682,5320,358750,5382,333772,5444,296670,5282,383208,5425,348678,5243,366108,5445,
2026-09-30,20:00:35.646,1000,360465,5066,387736,5012,361609,5176,371325,4967,304231,5260,351139,5225,356873,5244,395838,5156,360684,5006,368964,5099,336599,5136,334720,5384,286130,4990,363356,5155,357515,5377,348165,5178,
2026-09-30,20:00:36.645,999,409234,5741,437801,5644,409727,5832,427739,5688,349426,6013,395758,5912,418275,6131,461318,6004,430411,5972,438490,6008,373478,5648,382831,6141,335025,5788,435929,6188,396865,5967,397162,5899,
2026-09-30,20:00:37.645,999,326585,4583,347887,4502,322487,4544,344526,4525,281950,4950,325670,4865,317652,4686,360648,4687,333364,4641,353665,4814,314796,4709,306438,4973,256225,4504,330857,4700,310147,4692,318745,4749,
2026-09-30,20:00:38.645,999,338454,4765,363427,4701,328144,4621,349509,4578,270470,4752,319420,4760,312472,4598,362328,4715,329724,4571,340328,4627,317646,4749,301239,4905,262042,4637,347233,4932,322989,4847,325597,4841,
2026-09-30,20:00:39.646,1000,310286,4367,336350,4349,315942,4470,330583,4342,262581,4632,310418,4601,311746,4566,348939,4534,311138,4324,327444,4470,297601,4479,285525,4656,242504,4283,316884,4485,296521,4439,305380,4540,
2026-09-30,20:00:40.645,999,327888,4608,345600,4478,330588,4666,353257,4622,270685,4811,321257,4777,313171,4599,361343,4698,327243,4558,337894,4591,308604,4612,293926,4826,251909,4465,331544,4712,324559,4869,316153,4704,
2026-09-30,20:00:41.645,999,377102,5290,379433,4907,361800,5097,385461,5056,288374,5103,352319,5245,339869,4969,386757,5024,351648,4876,370424,5041,330962,4946,321249,5246,283719,5015,363585,5149,335160,5023,344258,5114,
2026-09-30,20:00:42.645,999,583105,8104,634825,8131,569087,7979,631330,8240,488843,8131,520346,8136,519126,7980,618923,8070,576754,7964,585517,7892,535544,7931,532796,8297,482183,8117,562157,8237,516417,8161,553042,8218,
2026-09-30,20:00:43.646,1000,482289,6756,520786,6709,476535,6725,530326,6977,401809,6788,457633,6988,461770,6952,524649,6872,476050,6615,490060,6667,457871,6857,443783,7027,397992,6826,472793,6839,445448,6887,455323,6807,
2026-09-30,20:00:44.646,999,352281,4990,384399,5000,345093,4839,378019,4941,293663,5165,347899,5179,335621,4925,379542,4942,339763,4769,355320,4811,330484,4932,311949,5088,278659,4937,357366,5066,332661,4986,336911,5018,
2026-09-30,20:00:45.645,999,375321,5267,387152,4997,345209,4890,388622,5138,289586,5069,346765,5164,348183,5116,394926,5149,347665,4844,360753,4945,334341,5050,306546,4978,283999,5008,369134,5236,344792,5187,350841,5217,
2026-09-30,20:00:46.645,999,344882,4886,364184,4736,334360,4681,367933,4793,282542,4977,331751,4936,331881,4865,376045,4899,341552,4796,342975,4646,322904,4816,306463,4998,268538,4737,354139,5026,341821,5130,338938,5045,
2026-09-30,20:00:47.645,999,369826,5223,390437,5068,358878,5049,395501,5174,299409,5222,338224,5064,348411,5148,401229,5220,363697,5084,358883,4859,343714,5136,324360,5248,281964,4916,369020,5253,351159,5295,344744,5127,
2026-09-30,20:00:48.646,1000,340698,4836,385237,5008,331457,4643,361892,4723,274966,4823,318969,4751,331852,4872,373144,4860,333461,4684,332923,4509,330989,4945,309543,5054,266546,4709,352199,4983,327733,4909,316753,4734,
2026-09-30,20:00:49.645,999,342895,4828,395576,5100,351522,4932,373032,4895,283664,5035,338827,5027,339386,4962,395627,5151,342561,4749,346795,4722,336055,5034,309895,5116,277522,4967,357413,5059,339893,5094,348944,5202,
2026-09-30,20:00:50.645,999,330579,4659,375143,4850,348581,4878,362560,4737,265939,4755,324718,4817,333152,4867,372899,4855,323401,4483,334388,4527,313666,4692,305456,5076,270342,4835,347834,4922,330970,4954,334426,4976,
2026-09-30,20:00:51.645,999,358395,5072,394527,5113,356007,5046,380345,5014,287692,5020,347057,5149,364147,5325,410168,5341,347683,4865,362867,4950,337031,5070,339834,5543,300227,5287,382546,5403,346454,5169,364029,5404,
2026-09-30,20:00:52.646,1000,359124,5075,395215,5119,363359,5106,389334,5091,297572,5187,352571,5285,357849,5277,410671,5346,356289,4984,371016,5030,338862,5052,336942,5467,304193,5345,380192,5414,351681,5311,357451,5312,
2026-09-30,20:00:53.646,999,310185,4386,342965,4450,314706,4409,329818,4309,245314,4332,296268,4387,311314,4557,352811,4599,300252,4204,317069,4310,288369,4303,272391,4473,262424,4694,321231,4541,311217,4651,294454,4392,
2026-09-30,20:00:54.645,999,322472,4551,342835,4449,307004,4308,336612,4391,257589,4558,305478,4532,308377,4518,356213,4634,316938,4440,326833,4431,297238,4440,292494,4815,261375,4661,336236,4761,309562,4643,313788,4668,
2026-09-30,20:00:55.645,999,336639,4747,367842,4764,333985,4743,359288,4749,270728,4736,326300,4860,327388,4811,379066,4931,339659,4755,347670,4753,318507,4811,306420,4997,277742,4896,364594,5156,337314,5047,343004,5091,
2026-09-30,20:00:56.646,1000,346711,4904,365519,4756,350091,4922,363643,4742,280475,4940,339973,5064,342243,5027,391732,5100,347118,4861,363431,4922,341475,5096,308800,5034,284231,5032,369363,5247,330306,4969,336189,5002,
2026-09-30,20:00:57.646,999,335562,4760,343792,4485,340876,4778,351105,4586,280881,4948,327478,4883,323770,4755,384045,4994,325229,4551,353431,4788,331903,4941,306328,5010,274498,4878,346418,4920,313276,4701,322335,4788,
2026-09-30,20:00:58.645,999,363079,5130,403549,5236,379595,5323,409179,5352,311323,5486,364699,5417,362317,5303,403448,5254,365054,5098,381064,5175,357076,5323,336246,5507,298052,5275,387970,5500,349153,5234,367491,5464,
2026-09-30,20:00:59.646,1000,337451,4775,355300,4614,368647,5152,380088,4957,276166,4902,319763,4744,343563,5013,367526,4779,351099,4907,346901,4688,320419,4786,305405,5035,269771,4822,360478,5106,317736,4749,337132,5013,
2026-09-30,20:01:00.646,999,338853,4788,359115,4658,357733,4997,376551,4901,271015,4820,324115,4819,342320,5014,372552,4851,349840,4878,349111,4735,322249,4799,310641,5128,265283,4754,350718,4964,324826,4862,339057,5045,
2026-09-30,20:01:01.645,999,303935,4304,329139,4268,325090,4537,341308,4458,255238,4531,305238,4526,315802,4611,345142,4490,306147,4286,313860,4261,293371,4379,272595,4513,244273,4369,312650,4426,288313,4319,303895,4518,
2026-09-30,20:01:02.645,999,313223,4416,340154,4404,322662,4530,336209,4407,267526,4722,322652,4817,317705,4667,365743,4765,312381,4358,324245,4407,301181,4496,304930,5024,257200,4584,335563,4773,299993,4525,310178,4617,
2026-09-30,20:01:03.645,999,292233,4114,317625,4113,297194,4170,323152,4224,233862,4177,282594,4189,294363,4305,323097,4201,293422,4074,298788,4057,269224,4010,257258,4244,239258,4290,297397,4215,269091,4037,290086,4320,
2026-09-30,20:01:04.646,1000,386612,5433,414808,5360,371509,5242,402523,5296,303916,5315,353792,5260,354461,5200,403667,5253,364167,5069,383874,5238,355386,5341,334876,5428,299074,5270,381638,5413,362715,5446,369528,5502,
2026-09-30,20:01:05.646,999,346187,4864,383201,4945,345476,4897,370367,4907,285002,5018,332523,4949,321028,4700,366509,4766,336555,4680,334905,4591,321153,4844,310113,5066,267473,4734,356507,5043,326236,4889,329070,4890,
2026-09-30,20:01:06.645,999,346267,4896,385619,5008,366485,5191,390574,5150,295212,5128,333884,4958,336467,4927,383687,4983,352302,4917,352005,4815,326736,4921,310734,5034,281431,4930,363976,5137,346559,5178,330889,4914,
2026-09-30,20:01:07.645,999,336617,4743,366813,4747,347076,4868,363192,4759,274607,4895,323930,4828,321608,4727,374096,4872,333722,4638,326300,4429,314113,4705,292646,4815,263674,4704,330754,4704,312238,4700,317531,4723,
2026-09-30,20:01:08.646,1000,570100,7923,617329,7897,562722,7901,626270,8203,478244,7963,503970,7904,525487,8087,614217,7970,557632,7695,561407,7582,523773,7797,508687,7928,464685,7841,546630,8060,504748,8022,539596,7955,
2026-09-30,20:01:09.646,999,404471,5691,419224,5405,408743,5783,424407,5592,326125,5704,392449,5828,412600,6035,435912,5672,400572,5569,413978,5652,392640,5908,351987,5697,317123,5572,405925,5756,367256,5514,393212,5855,
2026-09-30,20:01:10.646,999,345253,4870,358906,4652,353453,4967,383684,5024,267130,4738,329594,4913,338116,4975,376733,4905,346976,4834,351678,4786,339541,5085,309069,5058,273246,4858,357863,5074,320382,4820,343500,5115,
2026-09-30,20:01:11.646,999,333766,4690,337822,4383,342758,4836,361718,4756,258562,4542,317513,4726,328645,4824,361119,4702,318423,4436,339831,4643,303932,4590,299618,4887,265187,4685,345292,4894,323683,4870,318463,4732,
2026-09-30,20:01:12.645,999,358356,5036,364917,4723,355926,5007,360579,4727,270708,4741,323484,4840,343032,5057,375653,4904,331609,4620,349045,4759,318438,4790,311363,5078,282173,5007,359755,5127,333326,5023,344358,5123,
2026-09-30,20:01:13.646,1000,314311,4414,341418,4421,325257,4575,341144,4466,250331,4429,300368,4447,304186,4450,333282,4336,301213,4186,304553,4165,286304,4307,277201,4524,250952,4469,329332,4653,313211,4685,320793,4773,
2026-09-30,20:01:14.646,999,319528,4510,334823,4344,331619,4645,340806,4445,243103,4339,297386,4434,304066,4465,331820,4319,300807,4195,314216,4264,293930,4384,276572,4564,250078,4477,326118,4631,301627,4529,320914,4763,
2026-09-30,20:01:15.646,999,352328,4948,379799,4911,361810,5131,380999,5029,290429,5030,335615,5033,335431,4948,377416,4929,345425,4811,351581,4812,330789,4985,321378,5171,291935,5126,358036,5088,334136,5043,352145,5231,
2026-09-30,20:01:16.645,999,356028,5011,377491,4876,364322,5108,374300,4906,274684,4859,318272,4764,332170,4876,368577,4808,331207,4610,339937,4616,317476,4758,310775,5087,275737,4901,360968,5134,330377,4975,340231,5072,
2026-09-30,20:01:17.646,1000,344586,4837,367887,4758,361257,5050,358810,4693,271397,4804,312976,4704,321054,4742,369080,4808,335698,4667,349514,4740,315796,4723,304039,4979,266423,4723,351624,5010,318997,4824,346219,5144,
2026-09-30,20:01:18.646,999,344011,4825,368237,4746,354609,4957,351137,4591,266615,4725,312114,4652,316016,4643,375465,4890,337947,4705,335514,4547,308471,4613,299663,4938,257758,4606,350794,4979,322513,4845,323482,4817,
2026-09-30,20:01:19.646,999,503280,6998,529534,6786,509344,7107,534668,6951,427113,7109,443105,7024,468636,7262,547920,7114,506926,6999,511345,6879,455291,6755,468174,7322,412563,6962,488181,7210,454879,7242,484210,7142,
2026-09-30,20:01:20.646,999,430474,6056,475745,6125,436135,6127,461758,6040,351896,6012,409518,6173,423158,6286,471265,6195,421513,5870,452396,6122,397681,5940,393928,6281,347998,6009,443814,6344,402483,6111,413998,6202,
2026-09-30,20:01:21.645,999,395369,5536,415008,5337,388175,5492,406411,5363,303552,5304,353835,5276,387520,5681,423285,5518,359256,4983,388217,5301,341180,5150,331798,5369,301608,5323,391362,5536,353009,5295,375745,5584,
2026-09-30,20:01:22.646,1000,369760,5196,388845,5023,355554,4977,379392,4958,289565,5077,332664,5015,345799,5125,391278,5097,342862,4757,375301,5095,333519,4980,321479,5237,284733,5033,360463,5152,323844,4907,345108,5136,
2026-09-30,20:01:23.646,999,381282,5341,388067,5011,369772,5180,383191,4992,304268,5300,331591,5036,351931,5258,399202,5189,331315,4602,373531,5063,344036,5146,328503,5317,295492,5173,366773,5277,327521,5007,341696,5085,
2026-09-30,20:01:24.646,999,463938,6513,497793,6408,463528,6542,489204,6427,389913,6703,436413,6654,448380,6708,503284,6597,450145,6237,478257,6517,435875,6535,418387,6694,373232,6434,476995,6865,423012,6495,431179,6442,
2026-09-30,20:01:25.645,999,367707,5154,400463,5178,374672,5299,386385,5102,296707,5218,350076,5213,342491,5032,393163,5123,342774,4774,365525,4999,323918,4884,315961,5147,297688,5275,393101,5558,343792,5155,348247,5176,
2026-09-30,20:01:26.646,1000,394561,5530,423625,5461,397511,5581,410683,5363,309091,5430,371620,5542,370718,5450,416016,5425,368073,5135,384908,5228,346275,5167,346595,5650,301607,5359,392184,5575,347541,5235,356041,5293,
2026-09-30,20:01:27.646,999,403520,5647,419929,5416,404231,5658,414537,5405,298448,5246,336046,5082,343175,5110,389262,5074,360896,5006,364295,4936,338503,5047,334507,5413,301215,5320,390868,5600,348500,5301,361348,5378,
2026-09-30,20:01:28.646,999,338163,4741,365436,4715,352088,4928,359068,4692,279189,4951,325548,4848,310824,4571,357865,4662,329452,4579,336178,4560,320630,4783,302168,4965,271116,4842,336450,4785,316851,4771,319826,4764,
2026-09-30,20:01:29.646,999,322170,4523,339482,4383,327939,4607,343025,4484,254136,4467,291633,4374,287748,4253,348367,4533,286457,3994,307286,4167,294150,4386,275566,4500,248727,4411,320210,4563,298555,4508,303286,4512,
2026-09-30,20:01:30.646,1000,301235,4241,328238,4252,306388,4284,322177,4206,238272,4235,280024,4177,280049,4112,329902,4292,279547,3904,302912,4107,279900,4177,256943,4232,240753,4300,314767,4466,285799,4303,297610,4424,
2026-09-30,20:01:31.646,999,334057,4689,347218,4490,342100,4811,355054,4637,267985,4651,303482,4568,318977,4717,378890,4928,328789,4579,331577,4506,309814,4624,305047,4944,271352,4755,344942,4928,323498,4906,332996,4958,
2026-09-30,20:01:32.646,999,327147,4604,355956,4615,360818,5066,363996,4759,271972,4771,323846,4876,324789,4808,377594,4918,326983,4561,333997,4531,325570,4856,310457,5061,278952,4927,340461,4870,323226,4898,327898,4878,
2026-09-30,20:01:33.646,999,320723,4508,346699,4479,325963,4581,340136,4453,252312,4498,305899,4541,304330,4457,346901,4511,299874,4167,322535,4378,297550,4450,288080,4752,250172,4460,331950,4702,298331,4483,311138,4636,
2026-09-30,20:01:34.646,1000,330832,4652,345980,4472,336276,4732,362355,4745,261541,4665,313458,4655,315728,4624,359395,4682,317950,4411,331860,4517,294145,4412,287616,4728,262787,4684,338926,4794,306599,4592,318316,4727,
2026-09-30,20:01:35.646,999,620967,8665,669202,8605,618585,8747,653310,8613,520345,8594,552611,8654,555420,8518,646308,8437,588385,8152,624007,8523,562757,8466,554756,8560,513294,8560,598955,8763,550635,8675,588658,8750,
2026-09-30,20:01:36.646,999,454332,6386,486534,6279,452575,6406,479728,6337,363404,6276,409191,6154,422960,6244,467769,6078,432782,6033,467209,6380,405390,6108,397321,6403,356190,6225,457257,6502,417180,6314,441361,6547,
2026-09-30,20:01:37.646,999,420301,5896,460578,5951,415618,5825,445925,5846,331925,5702,379901,5782,383418,5714,436233,5681,395558,5495,410183,5555,380730,5698,368532,5924,333790,5821,414238,5950,373600,5712,395530,5870,
2026-09-30,20:01:38.646,1000,550718,7666,603459,7733,549684,7733,583511,7650,459155,7574,488336,7724,498464,7695,587626,7630,530356,7352,554164,7491,494986,7390,493665,7664,446686,7513,536496,7908,482824,7684,517950,7641,
2026-09-30,20:01:39.646,999,372636,5261,396666,5138,368277,5207,405284,5331,303821,5302,347300,5191,360210,5298,408711,5317,358134,4986,381613,5224,338493,5096,343561,5571,310066,5435,394296,5598,360453,5428,356246,5295,
2026-09-30,20:01:40.646,999,320001,4509,336291,4363,319860,4491,349860,4590,255294,4517,294775,4419,290673,4285,347488,4526,307302,4263,329761,4476,295008,4416,295317,4852,250249,4433,332372,4734,302070,4548,313574,4667,
2026-09-30,20:01:41.647,1000,340523,4794,353453,4583,330320,4624,348676,4554,257149,4531,300282,4510,299359,4430,355083,4610,324943,4524,323522,4396,298612,4458,297101,4864,252243,4463,323995,4626,315513,4769,322983,4803,
2026-09-30,20:01:42.646,999,367708,5161,400225,5163,368025,5159,398823,5213,285091,4977,342010,5136,343944,5084,385870,5021,354007,4920,361344,4913,335333,5008,325661,5319,289892,5104,371910,5300,345602,5218,349271,5195,
2026-09-30,20:01:43.646,999,376883,5289,399531,5166,372994,5223,414912,5423,285119,5033,356337,5338,350921,5190,407614,5305,370044,5134,377476,5128,333838,5006,323692,5308,295424,5277,381474,5431,342063,5172,353207,5262,
2026-09-30,20:01:44.646,999,653938,9118,703267,9040,644649,9157,706971,9345,496244,8606,593357,8885,601996,8879,674592,8764,642260,8871,650246,8916,595553,9018,562776,9081,514935,9016,642987,9127,614390,9259,615967,9138,
2026-09-30,20:01:45.646,999,389765,5480,401209,5185,377977,5359,408247,5389,295920,5174,357942,5327,353970,5197,381508,4966,363961,5066,379254,5206,345323,5223,333360,5425,297112,5270,381987,5407,364087,5462,356430,5293,
2026-09-30,20:01:46.646,1000,1466832,20390,1570632,20101,1475002,20621,1589201,20699,1176530,20340,1339245,20158,1378123,20410,1572329,20389,1465844,20209,1529313,20571,1384125,20509,1290117,20675,1159051,20246,1445050,20564,1350598,20448,1403493,20683,
2026-09-30,20:01:47.646,999,371039,5228,409472,5314,369046,5182,409989,5363,306582,5368,359591,5369,361823,5334,403860,5259,366500,5100,381163,5163,345593,5177,320127,5233,313251,5532,392621,5580,352021,5299,357618,5324,
2026-09-30,20:01:48.646,999,401559,5663,421962,5458,388829,5470,412392,5402,317147,5487,363494,5457,377923,5576,417748,5439,379218,5272,395310,5350,359359,5391,353663,5727,319969,5601,400415,5710,377209,5699,378786,5626,
2026-09-30,20:01:49.646,999,324557,4572,333639,4337,325138,4571,344014,4508,247216,4358,297408,4430,302979,4448,325844,4240,297209,4136,323365,4390,304915,4567,283956,4629,253357,4479,328960,4671,304044,4570,306007,4560,
2026-09-30,20:01:50.647,1000,337091,4769,349754,4544,329318,4615,363297,4743,263205,4663,319232,4741,316265,4624,355581,4626,311830,4354,325698,4416,306257,4585,287805,4711,258995,4602,337936,4783,316044,4744,321892,4797,
2026-09-30,20:01:51.646,999,383004,5394,393176,5084,363713,5157,380915,5034,305312,5326,367180,5449,362946,5292,400745,5207,357946,4978,376815,5149,346643,5244,328117,5340,301503,5318,381625,5393,354599,5301,364830,5420,
2026-09-30,20:01:52.646,999,404439,5697,410104,5293,382029,5358,401189,5243,307452,5406,367393,5499,360248,5309,414498,5396,352759,4909,381585,5181,359821,5376,345324,5642,321906,5708,383038,5453,365406,5529,371427,5538,
2026-09-30,20:01:53.646,999,360574,5075,372815,4824,369182,5163,386774,5046,278051,4948,322511,4806,339038,4969,371787,4837,323203,4489,358720,4866,336905,5037,325840,5375,291566,5221,353362,5009,342091,5137,347314,5163,
2026-09-30,20:01:54.647,1000,362534,5111,380423,4932,375512,5285,392581,5149,289717,5046,336946,5002,339139,4949,383446,4994,338721,4713,356070,4850,339828,5127,331246,5407,294111,5197,365069,5175,345999,5188,336825,5015,
2026-09-30,20:01:55.646,999,355944,4991,373996,4821,339080,4831,366390,4863,270494,4725,334220,4962,333274,4875,377871,4918,319577,4435,339109,4672,317870,4830,304551,4946,262867,4640,349296,4945,325389,4878,328801,4888,
2026-09-30,20:01:56.646,999,441223,6190,449343,5795,418888,5971,452722,6002,342119,5931,398841,5938,402157,5888,449681,5866,408802,5655,425558,5844,397724,6038,378656,6099,345578,6021,426911,6050,403600,6052,417532,6216,
2026-09-30,20:01:57.646,999,367497,5172,373961,4833,360972,5066,370897,4849,284069,5022,329478,4931,340306,5003,388302,5053,336473,4687,352658,4789,344315,5159,303890,4957,291418,5179,355947,5056,326430,4916,350252,5205,
2026-09-30,20:01:58.647,1000,338884,4759,344292,4450,319738,4515,353828,4639,276738,4919,311858,4648,313860,4615,345721,4510,316728,4403,336289,4578,310162,4641,289449,4713,267242,4747,333362,4727,309942,4660,326526,4848,
2026-09-30,20:01:59.646,999,724840,10072,770990,9851,700820,9886,755899,9941,619853,10146,640799,10106,656876,10123,766239,10025,700119,9656,727730,9840,681049,10156,654147,10021,609398,10119,689214,10131,641205,10159,678710,10073,
2026-09-30,20:02:00.646,999,383778,5402,402372,5201,389818,5496,399757,5236,308350,5438,362878,5386,378336,5539,421180,5477,373114,5191,372753,5077,365746,5495,339424,5572,307821,5434,386521,5471,367499,5516,371369,5531,
2026-09-30,20:02:01.646,999,335561,4722,352774,4560,348146,4905,362856,4759,275129,4866,324713,4822,332774,4877,376952,4902,314649,4379,336587,4584,321808,4847,304813,4996,276101,4906,347229,4921,323574,4851,333723,4969,
2026-09-30,20:02:02.647,1000,365499,5121,378696,4889,352555,4954,378365,4945,280864,4951,341815,5120,335368,4945,377776,4922,332632,4625,350372,4757,336331,5041,301158,4958,278824,4960,354953,5053,326244,4925,342430,5093,
2026-09-30,20:02:03.646,999,358120,5024,370238,4790,365867,5156,375374,4934,267416,4713,332385,4941,323011,4739,382772,4980,336234,4664,340343,4641,339484,5094,301200,4922,275667,4880,361371,5120,329677,4952,339342,5056,
2026-09-30,20:02:04.646,999,348910,4900,360317,4673,361712,5077,354862,4627,261853,4597,303314,4565,295426,4366,367878,4795,324364,4509,338693,4593,316347,4724,308144,5038,276134,4873,349890,4975,325571,4908,333966,4964,
2026-09-30,20:02:05.646,999,407556,5721,425609,5505,393565,5580,423153,5582,316758,5485,379600,5685,367496,5418,427948,5578,369067,5142,385018,5277,378260,5728,369212,5956,330903,5794,397971,5655,367176,5539,386587,5740,
2026-09-30,20:02:06.647,1000,347810,4888,367563,4757,335288,4780,366989,4852,276695,4810,325318,4844,317940,4673,378710,4932,328478,4578,330800,4533,315248,4764,307887,4971,282680,4947,361260,5120,330768,4965,338721,5025,
2026-09-30,20:02:07.646,999,341338,4808,369542,4766,337029,4736,355073,4647,269472,4697,315969,4783,319981,4754,382797,4988,332019,4622,332739,4510,322450,4815,297064,4820,282710,4982,344678,4939,337504,5147,333271,4961,
2026-09-30,20:02:08.646,999,363762,5113,402326,5200,361742,5076,385839,5028,287079,5023,343716,5181,334975,4955,392299,5113,349466,4853,349345,4738,341139,5092,318006,5179,295669,5201,366227,5233,342123,5214,347612,5178,
2026-09-30,20:02:09.647,1000,367929,5169,402938,5202,372778,5218,394220,5139,284702,5013,330229,4955,344975,5080,385899,5035,338208,4703,352066,4771,337381,5037,316911,5174,297859,5275,373137,5313,339737,5149,345384,5144,
2026-09-30,20:02:10.647,999,544247,7590,598837,7671,559212,7807,590388,7682,467168,7700,478141,7526,510280,7878,593701,7745,544001,7527,560719,7535,519904,7697,506201,7830,456683,7644,543504,8005,484893,7716,524654,7760,
2026-09-30,20:02:11.646,999,444818,6267,469159,6068,448616,6295,471728,6157,352705,6043,405169,6107,411325,6106,466849,6143,419257,5833,446909,6030,402649,5991,386704,6192,351086,6096,449574,6417,419087,6369,423062,6357,
2026-09-30,20:02:12.646,999,449261,6317,472110,6095,437960,6190,474515,6238,365631,6240,416753,6334,409071,6114,472522,6210,422813,5874,456122,6208,417383,6261,395235,6288,357500,6161,436646,6279,417978,6390,416123,6230,
2026-09-30,20:02:13.647,1000,308504,4356,322102,4179,310670,4354,339499,4444,249789,4422,302606,4502,302032,4432,323513,4221,287768,4005,316656,4299,301337,4496,279695,4579,245517,4354,318094,4498,301250,4531,296366,4412,
2026-09-30,20:02:14.647,999,312927,4402,351571,4557,336868,4726,359074,4687,268402,4737,305833,4566,316770,4654,333660,4377,303773,4222,328201,4455,309698,4620,286204,4673,267504,4724,328566,4657,318290,4792,308942,4627,
2026-09-30,20:02:15.646,999,370785,5233,414286,5368,384307,5484,396428,5281,313640,5411,372064,5538,368702,5409,406368,5305,374418,5210,384459,5303,367729,5590,361484,5812,319695,5573,392002,5549,371484,5576,367502,5484,
2026-09-30,20:02:16.646,999,382370,5391,414408,5377,386942,5471,409034,5386,313475,5446,362731,5426,381967,5611,403304,5241,371440,5179,392379,5348,359147,5397,355822,5730,320262,5575,388795,5515,357617,5395,362286,5391,
2026-09-30,20:02:17.647,1000,354445,4987,399500,5160,362821,5113,391517,5127,302191,5350,331040,4945,343686,5059,377631,4914,341470,4742,361319,4921,332830,4995,321474,5252,285118,5036,367927,5222,336766,5077,350879,5227,
2026-09-30,20:02:18.647,999,349493,4919,392169,5066,359102,5057,378205,4947,292096,5170,342192,5098,345595,5066,387082,5038,355157,4936,360368,4912,335466,5025,313672,5130,277522,4927,348697,4949,319307,4796,336012,5008,
2026-09-30,20:02:19.646,999,338791,4789,379220,4909,347906,4872,373691,4870,279516,4912,328640,4895,338499,4956,363235,4767,315986,4404,332136,4494,323856,4823,304593,4979,272138,4832,349717,4960,309807,4651,318344,4779,
2026-09-30,20:02:20.646,999,360637,5072,383549,4955,356337,5021,397226,5211,288679,5073,331692,4937,347958,5105,387747,5052,346272,4801,361896,4931,330881,4974,324091,5309,283530,5012,354481,5027,320349,4814,341801,5101,
2026-09-30,20:02:21.647,1000,383650,5373,407611,5244,371487,5278,403074,5329,300938,5204,352692,5251,360685,5289,389748,5077,350796,4874,369461,5043,329457,4974,338772,5479,302814,5267,379698,5368,336393,5040,361448,5360,
2026-09-30,20:02:22.647,999,352185,4949,361615,4682,341235,4801,359579,4718,269940,4725,311433,4654,315904,4648,361897,4717,320270,4457,338839,4612,307576,4615,303669,4959,273194,4837,339653,4824,301036,4549,321920,4786,
2026-09-30,20:02:23.646,999,329096,4629,334947,4339,310583,4377,344795,4529,251695,4435,300485,4474,302404,4435,352639,4594,296877,4127,318954,4347,287471,4321,281224,4622,255507,4538,324081,4599,289500,4356,301222,4481,
2026-09-30,20:02:24.646,999,337977,4752,380015,4917,351768,4963,379943,4980,273322,4824,328545,4890,327760,4814,372065,4852,325269,4519,330935,4503,317117,4766,310204,5085,278080,4926,348718,4940,328792,4937,339057,5063,
2026-09-30,20:02:25.647,1000,369840,5200,395327,5105,351312,4978,394147,5196,278438,4857,333106,4955,333379,4899,387635,5051,342770,4764,355219,4866,315239,4759,323985,5297,284694,5031,360040,5096,324196,4871,342089,5094,
2026-09-30,20:02:26.647,999,357313,5030,379453,4901,352256,4948,375776,4905,272238,4833,334894,4972,328449,4799,372210,4855,333461,4644,350571,4770,328301,4910,321763,5311,279521,4970,352993,4998,319857,4813,333606,4971,
2026-09-30,20:02:27.646,999,392963,5530,429984,5546,395699,5565,405520,5298,309637,5398,360953,5396,370447,5463,405891,5308,363407,5067,381653,5187,358543,5354,348841,5661,310626,5456,391390,5572,357467,5393,361256,5391,
2026-09-30,20:02:28.646,999,357815,5036,401896,5190,367280,5146,395438,5154,286626,5049,337447,5016,336159,4923,379889,4974,342409,4759,367361,4997,334338,4990,326423,5370,297566,5295,373323,5281,328984,4927,352579,5284,
2026-09-30,20:02:29.647,1000,342308,4833,372598,4820,356195,4986,383098,4994,273262,4832,332812,4946,318276,4666,372553,4869,326326,4549,355447,4818,321538,4806,315557,5166,266865,4742,353132,4993,319022,4789,323587,4840,
2026-09-30,20:02:30.647,999,320983,4512,351655,4551,328511,4602,347538,4533,257000,4582,310452,4614,301286,4415,346135,4509,293707,4083,323199,4379,299338,4480,285416,4696,241962,4314,314651,4468,292905,4394,303952,4535,
2026-09-30,20:02:31.646,999,331678,4668,354745,4588,334377,4685,344893,4504,261340,4634,325330,4823,316078,4624,359968,4707,316092,4383,324530,4401,301294,4504,293542,4825,255180,4553,321099,4544,311287,4664,299723,4478,
2026-09-30,20:02:32.646,999,374362,5272,409898,5291,380346,5345,401401,5248,300367,5234,359792,5380,346786,5114,397516,5185,348992,4851,366424,4976,334407,5000,323166,5241,288893,5079,380810,5422,345289,5210,347708,5180,
2026-09-30,20:02:33.647,1000,333154,4683,356474,4617,331459,4654,345270,4509,273200,4824,327849,4867,316672,4639,353717,4623,328419,4568,333156,4524,304804,4555,292983,4778,262569,4637,338919,4800,306670,4591,297580,4460,
2026-09-30,20:02:34.647,999,339595,4782,352487,4563,340971,4782,352772,4600,280338,4933,329856,4903,317223,4661,359905,4736,334551,4646,337337,4564,317460,4735,294162,4782,266721,4696,352451,4987,320206,4801,313384,4722,
2026-09-30,20:02:35.647,999,373012,5237,390944,5054,351908,4989,378423,5002,300418,5260,346246,5139,340690,4999,375801,4912,362590,5030,364152,4981,333250,5013,331923,5393,278205,4896,357629,5062,336598,5060,341342,5095,
2026-09-30,20:02:36.646,999,405391,5692,416754,5390,386800,5479,425040,5600,316514,5517,372076,5542,365215,5368,407431,5310,388722,5401,389629,5334,359979,5440,355017,5782,309694,5440,390223,5526,373032,5597,368804,5503,
2026-09-30,20:02:37.647,1000,399300,5608,405410,5234,390235,5474,413891,5413,305071,5385,370791,5518,358188,5281,411436,5385,365402,5074,391251,5306,353380,5291,349582,5696,308415,5463,379817,5385,345745,5212,358731,5354,
2026-09-30,20:02:38.647,999,393709,5529,416162,5378,391584,5496,434466,5667,316986,5558,375938,5599,365978,5392,415317,5409,381732,5303,391436,5323,361435,5420,351943,5742,308592,5458,382606,5434,358492,5410,365367,5435,
2026-09-30,20:02:39.646,999,350086,4918,370316,4792,357135,5015,372123,4875,270818,4748,331174,4916,330288,4844,363307,4760,339282,4714,340788,4640,322060,4830,309914,5074,270751,4764,350526,4954,327975,4923,334040,5000,
2026-09-30,20:02:40.647,1000,357527,5020,371069,4801,362389,5081,364304,4762,280764,4951,329742,4922,328660,4833,379716,4940,332727,4628,353888,4810,328861,4918,315052,5168,285288,5059,362536,5150,334801,5043,334102,4974,
2026-09-30,20:02:41.647,999,344681,4833,346976,4470,342628,4784,346811,4513,256627,4535,314530,4703,317694,4673,364465,4742,317525,4408,335365,4548,318172,4749,296851,4856,268850,4765,335024,4769,314514,4755,318949,4747,
2026-09-30,20:02:42.647,999,331093,4634,346218,4469,361724,5068,363460,4742,255737,4501,308294,4632,316226,4678,362007,4711,318393,4419,346251,4698,305650,4572,302648,4949,267387,4750,339567,4843,319350,4844,317055,4717,
2026-09-30,20:02:43.647,999,336878,4739,369061,4776,361469,5062,358702,4680,265755,4689,318567,4804,315826,4671,373196,4859,323229,4496,352516,4780,313333,4687,299305,4869,282107,4986,349048,4994,330748,5028,326436,4854,
2026-09-30,20:02:44.646,999,357512,5037,389513,5036,374726,5259,393562,5145,285639,5018,345367,5158,338363,4972,382873,4985,345880,4814,369016,5013,345227,5179,329276,5399,284815,5034,367444,5228,340011,5131,351208,5234,
2026-09-30,20:02:45.647,1000,389186,5442,412786,5324,390322,5518,399314,5262,304825,5356,385834,5777,362268,5340,416587,5424,379480,5266,394954,5403,352124,5300,351918,5739,307843,5434,391404,5564,357527,5392,370936,5520,
2026-09-30,20:02:46.647,999,346377,4866,364401,4715,359268,5048,374513,4910,272268,4820,342657,5103,329528,4828,364806,4749,337701,4699,351809,4794,320311,4785,310132,5094,277138,4911,357051,5065,322617,4855,329084,4898,
2026-09-30,20:02:47.647,999,354676,4969,368994,4767,359401,5054,370873,4869,264661,4688,316630,4735,317013,4665,353085,4598,317438,4398,339505,4624,309102,4635,311309,5102,267140,4743,349035,4962,315363,4751,341601,5085,
2026-09-30,20:02:48.647,1000,339424,4784,355404,4603,350240,4922,367364,4811,258935,4581,324306,4842,322868,4732,359138,4673,327371,4553,338043,4586,323510,4847,306979,5025,261252,4641,342702,4872,310399,4663,326525,4863,
2026-09-30,20:02:49.647,999,339718,4783,353435,4576,349391,4924,365103,4785,265903,4658,332789,4966,328222,4810,367970,4793,326989,4543,339622,4613,314451,4729,312003,5096,267389,4718,340232,4842,315784,4757,337446,5020,
2026-09-30,20:02:50.647,999,325861,4575,351358,4541,345155,4869,360921,4735,260098,4588,320175,4761,310404,4541,356457,4649,323959,4497,349374,4764,315146,4727,294438,4833,274108,4875,328613,4658,312427,4702,321751,4794,
2026-09-30,20:02:51.646,999,340323,4775,383002,4951,365423,5194,375726,4979,285340,4983,339147,5038,334175,4902,381926,4978,337285,4690,351108,4830,326576,4950,316341,5148,282607,4990,360335,5088,329048,4932,347072,5161,
2026-09-30,20:02:52.647,1000,353987,4967,411951,5334,387692,5488,403048,5313,290950,5085,356846,5328,347287,5117,400899,5228,353125,4918,376247,5144,352725,5318,332526,5425,295900,5231,375013,5314,344294,5198,354894,5283,
2026-09-30,20:02:53.647,999,338921,4767,374909,4844,350653,4927,378077,4932,272495,4845,328715,4877,329257,4823,380918,4956,339211,4719,347667,4714,335361,5036,303663,5002,273747,4898,347482,4922,322074,4854,345821,5143,
2026-09-30,20:02:54.647,999,338741,4768,371604,4810,350086,4934,384309,5049,268783,4736,335305,4993,327082,4788,371739,4838,329669,4576,333125,4550,329399,4963,303610,4972,272710,4843,337411,4779,316031,4758,326178,4853,
2026-09-30,20:02:55.647,1000,399340,5617,434610,5621,399892,5692,441212,5872,323921,5580,381239,5665,382534,5608,425024,5535,395622,5493,386555,5324,380499,5791,357276,5769,327840,5735,402217,5682,371342,5573,374141,5558,
2026-09-30,20:02:56.647,999,390554,5475,408035,5272,401379,5657,422419,5535,312288,5484,365418,5434,366022,5371,418958,5455,374278,5196,388331,5291,368933,5542,349735,5728,314123,5570,382226,5422,354735,5334,363437,5411,
2026-09-30,20:02:57.647,999,357724,5030,374313,4851,365309,5146,389822,5103,293424,5166,330456,4943,339982,5012,384370,5005,350083,4873,355085,4835,329824,4953,316282,5181,280606,4976,361454,5151,324239,4895,329920,4911,
2026-09-30,20:02:58.647,999,339185,4761,371373,4807,341750,4808,379079,4970,285789,5042,307921,4593,332403,4875,377639,4913,337061,4687,344179,4699,320955,4820,315066,5173,271482,4826,350669,4989,317393,4782,326533,4858,
2026-09-30,20:02:59.647,1000,324896,4580,355485,4611,327419,4608,360358,4731,270295,4774,309538,4597,305932,4486,343238,4467,314442,4372,330749,4517,301542,4524,296753,4871,255845,4566,342818,4857,305635,4587,313069,4662,
2026-09-30,20:03:00.647,999,370213,5204,412638,5335,381337,5390,413937,5446,306155,5310,354347,5279,354895,5211,404322,5263,373639,5188,373628,5109,362487,5451,347373,5628,303279,5346,382905,5440,343531,5173,362922,5401,
2026-09-30,20:03:01.647,999,310167,4372,350090,4523,312016,4392,348176,4547,257895,4552,312549,4654,305263,4477,346730,4516,310547,4316,313563,4279,303334,4540,285634,4704,256402,4587,312433,4429,300718,4520,304405,4533,
2026-09-30,20:03:02.647,1000,374387,5273,424108,5481,381847,5380,413564,5414,308689,5426,356917,5332,370109,5429,416475,5422,364814,5075,382991,5220,367312,5502,331702,5416,298971,5319,368720,5241,358811,5404,366948,5457,
2026-09-30,20:03:03.647,999,342144,4816,364448,4702,349607,4924,377594,4940,290456,5156,341223,5064,339251,4966,390325,5088,351413,4876,352982,4812,342329,5128,310611,5108,271042,4864,353504,5007,317234,4761,337071,5017,
2026-09-30,20:03:04.647,999,365732,5147,392511,5064,365454,5155,407419,5345,300257,5274,352453,5256,342538,5031,391210,5098,371923,5166,367490,5027,343418,5166,340537,5556,295373,5236,368598,5242,340121,5133,357108,5318,
2026-09-30,20:03:05.647,999,399941,5608,410593,5304,392919,5605,413628,5470,310265,5419,367064,5450,375531,5507,414134,5398,384072,5331,376290,5180,350305,5312,347489,5650,306064,5412,388285,5495,368083,5536,362984,5388,
2026-09-30,20:03:06.647,1000,426367,5963,444069,5719,400828,5700,425629,5652,320496,5515,383723,5717,384333,5643,438138,5701,390962,5426,402712,5533,376638,5709,369146,5951,330749,5765,406296,5751,387569,5826,381248,5668,
2026-09-30,20:03:07.647,999,349028,4904,379417,4901,346184,4886,361253,4761,274030,4798,321455,4810,329257,4844,365478,4767,332812,4631,327580,4476,313405,4720,302929,4944,278379,4899,342594,4872,316194,4773,318286,4737,
2026-09-30,20:03:08.647,999,380516,5347,406272,5256,374401,5278,407359,5332,296147,5197,353983,5292,366886,5382,410946,5356,363055,5044,382990,5206,344006,5160,339861,5551,300928,5324,371723,5290,353273,5344,350245,5207,
2026-09-30,20:03:09.647,999,607813,8614,686434,8907,637814,8949,683673,8918,509653,8597,574101,8585,598639,8819,657718,8771,604543,8458,623351,8434,581949,8671,576279,9096,523620,8976,633058,8999,590520,8926,582406,8849,
2026-09-30,20:03:10.648,1000,379051,5326,406762,5259,373214,5269,391332,5161,312536,5468,367785,5480,369725,5429,418855,5445,375557,5222,394206,5386,361090,5436,331684,5394,301284,5319,386661,5484,359795,5418,363592,5409,
2026-09-30,20:03:11.647,999,370824,5207,391121,5063,372083,5239,388419,5091,304878,5330,349120,5234,339625,5005,401152,5230,350280,4867,373027,5066,354759,5309,318622,5153,288675,5068,370397,5282,343244,5200,350751,5223,
2026-09-30,20:03:12.647,999,360615,5048,379135,4903,364632,5119,405734,5299,291364,5114,337759,5072,341297,5037,393928,5125,349922,4871,351581,4761,346992,5186,316541,5196,279184,4947,362020,5167,329236,4982,339055,5035,
2026-09-30,20:03:13.647,999,317802,4487,337813,4380,332316,4664,344318,4500,262881,4672,314539,4696,314305,4615,359046,4669,312501,4353,308928,4189,315092,4703,283917,4688,264239,4710,337322,4786,298993,4504,312806,4655,
2026-09-30,20:03:14.648,1000,354343,4989,399253,5169,377119,5276,390888,5091,288833,5090,340953,5096,348764,5128,403904,5251,367724,5110,355474,4827,356403,5308,329419,5418,297392,5290,377202,5375,346239,5227,356029,5302,
2026-09-30,20:03:15.647,999,353915,4971,387714,5013,360158,5116,390227,5166,293890,5118,345380,5163,355893,5246,408153,5314,362082,5031,365109,5014,345076,5209,327526,5335,284501,5001,361943,5143,346393,5221,336489,5016,
2026-09-30,20:03:16.647,999,399432,5699,426477,5592,414666,5824,442427,5785,331011,5704,372487,5600,377138,5578,442637,5766,400860,5653,412571,5588,395476,5903,372820,5983,341739,5941,418006,5953,398865,6025,391230,5819,
2026-09-30,20:03:17.647,999,348394,4897,366119,4736,342561,4826,374234,4897,280228,4855,334424,5030,321097,4750,381142,4969,352757,4909,349871,4754,339854,5084,317554,5139,285017,4984,359873,5127,328695,4993,340528,5057,
2026-09-30,20:03:18.648,1000,297948,4190,314854,4070,307295,4313,333295,4349,244156,4298,288866,4329,298093,4396,332812,4337,310965,4333,314879,4274,303191,4533,281381,4606,252154,4464,323853,4621,307083,4648,302822,4504,
2026-09-30,20:03:19.647,999,321357,4521,355869,4599,326319,4576,357024,4661,259099,4510,302402,4546,311170,4614,351759,4596,331142,4604,331599,4507,309612,4624,291396,4726,271259,4778,327595,4689,312041,4740,320432,4777,
2026-09-30,20:03:20.647,999,368092,5183,409007,5288,391072,5477,398613,5206,298101,5276,354527,5302,361196,5302,420712,5476,383606,5333,387837,5265,359074,5350,335660,5517,305951,5461,372018,5298,353659,5326,361375,5376,
2026-09-30,20:03:21.648,1000,362654,5085,389751,5032,374356,5297,379128,5015,291366,5090,337607,5032,357307,5247,397357,5172,370858,5153,372243,5104,339725,5127,336158,5457,298602,5243,372302,5275,342667,5156,351803,5226,
2026-09-30,20:03:22.648,999,358571,5038,392919,5061,374014,5252,394977,5156,279910,4870,326510,4931,351190,5195,392815,5115,357036,4979,372091,5053,326926,4885,327882,5333,294847,5176,353007,5051,334162,5070,359879,5351,
2026-09-30,20:03:23.647,999,341006,4799,374285,4827,357840,5020,367620,4804,261284,4626,317659,4749,324439,4758,379538,4945,328093,4565,343661,4674,314184,4695,303807,4999,269513,4810,344557,4892,313907,4734,330252,4925,
2026-09-30,20:03:24.647,999,336000,4725,365917,4734,362389,5073,380164,4959,270207,4803,322286,4804,326928,4789,379711,4940,337422,4694,349831,4740,325115,4871,308649,5086,268416,4814,357773,5079,329746,4958,320254,4771,
2026-09-30,20:03:25.647,999,337543,4736,360341,4668,343571,4870,355860,4712,272350,4750,315881,4741,324757,4777,376012,4898,335779,4679,340399,4660,321705,4864,302079,4909,265008,4682,349877,4968,322498,4862,326514,4847,
2026-09-30,20:03:26.648,1000,328615,4634,356539,4622,344766,4842,349362,4563,266624,4668,314195,4708,316193,4641,351463,4582,320311,4468,338815,4593,315499,4717,294299,4828,277517,4936,336496,4783,314354,4743,318299,4734,
2026-09-30,20:03:27.647,999,507460,7069,542407,6946,493043,6906,522218,6825,431549,7023,447448,7090,446753,6927,533094,7003,490214,6775,507177,6823,466330,6907,455704,7044,423546,7051,474984,7011,431186,6883,463076,6891,
2026-09-30,20:03:28.647,999,562065,7885,604075,7778,562792,7932,624738,8207,479230,8133,529758,8057,540013,8086,605087,7930,578948,8025,592890,8057,555412,8323,514462,8161,468664,8073,574755,8239,528256,8087,542443,8106,
2026-09-30,20:03:29.648,1000,326022,4605,341422,4417,325684,4565,342858,4476,263791,4624,311204,4636,306254,4503,347045,4521,309263,4317,338909,4604,300833,4500,280371,4588,252761,4490,326938,4638,290020,4364,313602,4679,
2026-09-30,20:03:30.648,999,340577,4793,361585,4673,335546,4711,358871,4688,269195,4745,330774,4920,321148,4712,372367,4873,330564,4606,344118,4669,317872,4754,303089,4958,265668,4717,340589,4829,308160,4627,322195,4828,
2026-09-30,20:03:31.647,999,354350,4975,368713,4745,341054,4791,377233,4919,285699,5029,332530,4947,328257,4814,361428,4740,342936,4756,343123,4653,321984,4826,319623,5244,273470,4861,353713,5009,319134,4800,324919,4870,
2026-09-30,20:03:32.647,999,384135,5398,401335,5175,377068,5296,402608,5271,312649,5484,363424,5438,368593,5417,390271,5110,365003,5073,390734,5305,363062,5433,348826,5713,311740,5528,380501,5394,348137,5243,353444,5292,
2026-09-30,20:03:33.648,1000,342422,4820,351549,4558,343467,4822,355833,4655,275644,4862,324009,4818,323715,4743,350856,4592,333927,4648,337256,4586,317609,4754,306122,5024,282770,5039,339562,4796,314105,4707,307318,4599,
2026-09-30,20:03:34.647,999,337678,4746,347677,4494,333713,4694,357917,4677,281631,4930,322860,4802,327109,4790,361737,4727,333895,4657,335817,4568,318829,4773,311938,5086,270831,4790,335421,4748,301421,4531,312332,4664,
2026-09-30,20:03:35.647,999,368415,5186,389066,5029,345898,4907,392567,5193,302431,5262,349294,5171,358934,5256,388308,5090,363540,5050,380859,5217,346499,5227,338733,5483,296623,5216,381528,5393,331429,4968,345781,5176,
2026-09-30,20:03:36.648,1000,374764,5257,393203,5074,362669,5158,388237,5143,307077,5313,350831,5193,356678,5230,391289,5113,368169,5111,371293,5079,341123,5149,336609,5439,308206,5365,372713,5269,330005,4944,344803,5146,
2026-09-30,20:03:37.648,999,549962,7634,577513,7393,544920,7617,562212,7327,471862,7782,481883,7612,480823,7449,571364,7484,544449,7539,548731,7373,522803,7744,496668,7695,444971,7464,519552,7655,475069,7567,501525,7424,
2026-09-30,20:03:38.648,999,506934,7090,556516,7165,518768,7313,538355,7076,437451,7377,466650,7196,476600,7200,566192,7428,511099,7097,530389,7216,493443,7396,478750,7547,414964,7085,511917,7415,459864,7136,486398,7274,
2026-09-30,20:03:39.647,999,385034,5412,414074,5358,386770,5428,406939,5330,319667,5595,352779,5268,359849,5268,417514,5450,370988,5167,398794,5427,370939,5550,338309,5523,308249,5445,380962,5385,342983,5136,365574,5475,
2026-09-30,20:03:40.648,1000,363356,5094,379473,4914,368800,5162,385615,5038,300720,5301,344069,5151,342642,5041,389540,5079,360329,5001,378909,5145,360679,5394,323871,5306,294362,5241,359533,5113,337840,5103,354354,5284,
2026-09-30,20:03:41.648,999,359693,5073,366693,4758,369706,5183,376628,4921,292297,5151,337868,5058,329533,4855,373125,4875,339048,4710,353313,4812,334095,5007,306383,5006,284053,5039,346441,4924,315301,4771,327185,4893,
2026-09-30,20:03:42.648,999,349741,4918,375116,4845,365037,5115,370071,4839,277731,4874,327829,4905,329620,4857,372422,4873,336464,4676,358203,4861,331122,4949,301895,4948,280364,4987,346022,4917,329459,4932,324433,4852,
2026-09-30,20:03:43.647,999,325678,4593,366618,4735,349596,4899,359796,4696,270556,4754,321492,4769,333400,4872,369254,4854,334947,4650,357599,4856,331350,4943,308835,5041,276894,4921,335825,4755,320437,4795,319964,4805,
2026-09-30,20:03:44.648,1000,341211,4785,356933,4601,348268,4902,359354,4700,277326,4865,327002,4872,330553,4847,379826,4965,342299,4760,363294,4946,341198,5099,314298,5137,285029,5051,345981,4889,328164,4935,336035,5025,
2026-09-30,20:03:45.648,999,393261,5525,408746,5281,391648,5564,407483,5394,320429,5551,373641,5557,375250,5511,436077,5695,380570,5291,398473,5463,368152,5538,350213,5618,312414,5457,390136,5508,372684,5588,370221,5530,
2026-09-30,20:03:46.648,999,327905,4613,344996,4471,340582,4781,339130,4451,261820,4618,314453,4683,310318,4552,342195,4475,317563,4414,335564,4562,301134,4504,291889,4763,261215,4616,325557,4609,303328,4556,314419,4704,
2026-09-30,20:03:47.647,999,339478,4778,357533,4638,351765,4942,362420,4754,270219,4727,322125,4826,321883,4742,360391,4715,334818,4647,346965,4706,320158,4796,295900,4804,268352,4723,324906,4622,313065,4726,318900,4774,
2026-09-30,20:03:48.647,999,354747,4996,377327,4896,371768,5213,381756,4995,288482,5106,329080,4900,341399,5004,392399,5135,343933,4783,361405,4909,323766,4846,311576,5091,281852,5004,338381,4800,325199,4880,345498,5173,
2026-09-30,20:03:49.648,1000,337795,4742,362027,4689,342674,4808,345779,4512,268784,4775,318047,4746,319369,4688,365265,4756,321088,4471,328758,4468,318487,4767,292000,4786,264715,4715,330656,4694,298316,4485,321151,4777,
2026-09-30,20:03:50.648,999,364104,5116,395044,5114,371616,5216,386771,5059,294923,5191,344091,5164,353027,5202,396795,5155,356799,4968,380226,5161,353112,5273,321818,5205,291188,5133,363341,5180,337516,5094,349880,5206,
2026-09-30,20:03:51.647,999,342744,4817,357642,4638,346377,4846,354002,4619,275236,4886,314377,4712,313367,4619,358618,4664,331825,4601,340915,4622,314662,4705,298467,4874,270629,4812,351119,4998,313509,4734,328821,4885,
2026-09-30,20:03:52.648,1000,384592,5389,414060,5339,389325,5526,382829,5067,309072,5368,357691,5366,357607,5297,406104,5278,369610,5123,380889,5222,347145,5243,337344,5435,305098,5328,375390,5338,348927,5268,367127,5452,
2026-09-30,20:03:53.648,999,322706,4546,347132,4502,328624,4619,317761,4158,250708,4444,296413,4435,304014,4469,345866,4501,297106,4138,323331,4396,297302,4448,281680,4609,254229,4522,327086,4657,294234,4434,304973,4544,
2026-09-30,20:03:54.647,999,300008,4225,334099,4318,313199,4397,309200,4047,246614,4384,293452,4378,291422,4274,335488,4371,290218,4033,311445,4232,294829,4412,265622,4373,245271,4372,326750,4636,299229,4497,303486,4521,
2026-09-30,20:03:55.648,1000,507161,7056,570819,7326,514392,7243,553202,7263,452192,7450,464708,7351,480013,7407,565710,7348,503767,6968,527866,7138,490074,7295,471749,7314,425476,7115,493891,7265,469417,7455,493218,7265,
2026-09-30,20:03:56.648,999,385898,5434,435178,5650,397496,5586,419503,5495,343674,5839,392323,5894,392788,5802,427263,5627,392098,5464,425371,5765,381548,5703,360685,5762,330037,5672,409343,5823,385220,5823,379157,5688,
2026-09-30,20:03:57.648,999,377260,5308,397049,5156,372256,5234,390994,5123,310634,5418,374797,5624,365052,5391,405201,5313,369518,5142,396600,5382,369204,5522,339746,5509,313968,5495,396290,5634,353772,5341,367303,5496,
2026-09-30,20:03:58.647,999,341430,4817,358965,4650,331290,4651,370185,4838,285722,5034,339000,5078,324808,4782,373982,4897,334109,4645,345984,4700,321987,4821,314326,5139,280764,4952,367993,5221,335374,5054,334347,4992,
2026-09-30,20:03:59.648,1000,343083,4827,358392,4638,339669,4763,362631,4731,280529,4942,350593,5249,328029,4820,377577,4913,332155,4627,356986,4849,332985,4977,314668,5165,278869,4954,352327,5009,326801,4921,334259,4979,
2026-09-30,20:04:00.648,999,384758,5409,399913,5168,370168,5194,389402,5087,317448,5485,370279,5647,344824,5152,413516,5393,384944,5358,390565,5298,362151,5414,345815,5575,312486,5484,383103,5502,357505,5471,356509,5312,
2026-09-30,20:04:01.648,999,494860,6951,536018,6920,486877,6856,523476,6872,404582,6881,463163,7041,457535,6835,536580,7038,488502,6809,505163,6890,461070,6903,433586,6866,406870,7025,485219,6972,449230,6876,457777,6846,
2026-09-30,20:04:02.648,1000,376341,5299,404305,5223,382762,5371,400492,5238,311964,5430,372526,5569,364059,5353,419631,5496,370892,5172,384099,5211,363728,5429,335346,5460,301608,5328,391255,5560,354125,5330,364701,5456,
2026-09-30,20:04:03.649,1000,329304,4634,352283,4552,324853,4568,338244,4441,264157,4665,318391,4733,320656,4690,359868,4706,312315,4358,333710,4545,296054,4425,284423,4669,256335,4550,333188,4710,302753,4543,312753,4681,
2026-09-30,20:04:04.649,999,339836,4794,372566,4831,339535,4774,368984,4840,281791,4963,338781,5041,331247,4863,369337,4838,333506,4664,348440,4729,315786,4707,302740,4944,271240,4786,354546,5024,314292,4715,331330,4961,
2026-09-30,20:04:05.649,999,348688,4896,384563,4977,355356,5044,370349,4881,284231,4981,351125,5225,328149,4809,389417,5078,340960,4745,341630,4683,319643,4817,307135,4989,278009,4909,351683,4974,332391,4993,343873,5116,
2026-09-30,20:04:06.648,999,359358,5052,389285,5038,366866,5158,375907,4910,280368,4918,337415,5031,327611,4815,369475,4839,344788,4804,346268,4697,331683,4945,308871,5044,287388,5088,349878,4958,329975,4952,346344,5176,
2026-09-30,20:04:07.649,1000,407161,5718,439486,5684,404837,5748,436482,5759,327542,5624,378332,5658,369956,5444,419226,5488,371644,5170,404506,5541,361971,5457,353281,5664,328947,5708,397899,5632,378227,5667,376634,5617,
2026-09-30,20:04:08.649,999,381519,5366,417968,5407,399545,5598,412168,5381,309227,5438,351037,5244,360237,5296,412822,5407,372705,5186,405417,5507,354762,5295,347285,5669,314764,5570,392411,5576,360064,5413,375165,5610,
2026-09-30,20:04:09.649,999,324885,4559,353535,4571,339452,4763,336809,4398,253297,4498,291742,4339,302443,4434,337353,4398,306277,4258,335779,4561,300620,4492,267809,4412,261813,4684,332981,4717,296247,4441,306235,4568,
2026-09-30,20:04:10.649,1000,321539,4519,358209,4635,326368,4572,340701,4452,244537,4310,291660,4353,305329,4493,337690,4428,304405,4239,329866,4469,300705,4501,278093,4568,266990,4757,317776,4505,307791,4623,316783,4737,
2026-09-30,20:04:11.649,999,319272,4491,356922,4609,339884,4766,330310,4311,251812,4424,309508,4608,301999,4432,356085,4673,311560,4334,324648,4409,310261,4636,281435,4599,268216,4760,328431,4654,301642,4537,316487,4747,
2026-09-30,20:04:12.649,999,364523,5156,406295,5276,371479,5217,397657,5187,299087,5156,363350,5431,345216,5088,416655,5459,364819,5097,391225,5307,362800,5425,335039,5439,315693,5530,382841,5436,349783,5277,354059,5275,
2026-09-30,20:04:13.649,1000,321314,4526,349302,4514,336535,4726,352775,4596,255646,4524,314248,4658,311066,4548,366442,4771,329165,4571,337055,4568,308007,4600,287795,4767,265852,4785,332751,4705,303232,4557,306626,4568,
2026-09-30,20:04:14.649,999,352265,4950,370690,4796,345982,4841,366078,4783,271409,4784,326729,4877,318881,4675,376539,4922,338689,4705,349137,4735,320945,4800,302089,4965,279442,4978,350887,4973,313724,4715,320487,4774,
2026-09-30,20:04:15.649,999,358373,5043,376603,4860,339339,4813,360910,4780,284214,4963,324797,4810,325554,4755,375470,4911,346329,4813,356967,4892,315841,4781,305402,4995,281881,4992,348785,4925,313766,4700,333190,4976,
2026-09-30,20:04:16.649,999,349178,4932,364212,4723,332804,4675,352906,4623,265990,4672,312880,4658,308230,4518,376495,4926,341485,4755,349148,4739,308961,4628,302824,4963,273974,4855,335503,4750,312935,4685,321674,4819,
2026-09-30,20:04:17.649,1000,336787,4767,364088,4712,328271,4608,354401,4641,262561,4606,306201,4574,313298,4605,371221,4836,326083,4558,349745,4740,306907,4605,294706,4834,270243,4786,341476,4853,312766,4702,316514,4710,
2026-09-30,20:04:18.649,999,363310,5153,389965,5084,359354,5039,383688,5020,296390,5154,349160,5200,360707,5287,396205,5164,359748,5062,381091,5152,344870,5156,333128,5406,297026,5208,371639,5279,344759,5177,342519,5089,
2026-09-30,20:04:19.649,999,295257,4187,324393,4225,292859,4110,327155,4278,242001,4275,295040,4387,289825,4233,339817,4427,286976,4022,311902,4238,273816,4091,274930,4521,255084,4512,309456,4379,289330,4347,295348,4405,
2026-09-30,20:04:20.649,999,355525,5021,367628,4767,347937,4907,363474,4774,276147,4892,338648,5037,332652,4871,382579,4985,347806,4861,356873,4857,344255,5156,308605,5069,286737,5083,360403,5104,323491,4846,335158,4984,
2026-09-30,20:04:21.650,1000,296345,4171,318312,4118,315355,4441,308186,4048,242563,4285,286420,4257,283808,4163,340628,4432,290895,4044,300008,4083,285489,4265,262881,4333,237563,4244,293592,4159,279808,4197,284038,4226,
2026-09-30,20:04:22.649,999,359866,5036,383679,4952,365536,5211,365964,4856,296868,5163,347770,5164,340558,4995,393610,5124,355442,4917,355525,4875,337184,5095,326576,5298,300808,5254,353460,5011,339543,5089,354550,5259,
2026-09-30,20:04:23.649,999,343270,4826,357295,4624,350053,4904,359530,4707,270806,4777,329947,4898,319177,4673,379837,4984,344800,4783,357847,4852,325014,4843,307297,5069,278876,4958,354147,5013,312425,4683,345731,5190,
2026-09-30,20:04:24.649,999,379704,5336,401052,5186,384264,5394,405323,5298,295539,5176,354349,5295,360627,5285,414444,5400,360976,5034,367133,4991,341394,5098,333030,5471,297401,5273,377186,5354,337349,5070,362718,5412,
2026-09-30,20:04:25.650,1000,334335,4705,375113,4847,345275,4887,368508,4860,272402,4779,324633,4809,320270,4682,382010,4976,335906,4681,343315,4702,313693,4737,316307,5184,275584,4903,348554,4937,322775,4826,335120,4985,
2026-09-30,20:04:26.649,999,319607,4491,366574,4741,340752,4766,352174,4592,257126,4571,313145,4657,302426,4428,371611,4843,338527,4711,337102,4570,309560,4629,294349,4832,280843,5038,339287,4817,311902,4690,317546,4730,
2026-09-30,20:04:27.649,999,341623,4803,381118,4923,350881,4952,356667,4697,280229,4900,326716,4879,322383,4732,385938,5038,350305,4865,343928,4694,319478,4818,316660,5159,282599,4997,332112,4727,333430,5020,329470,4920,
2026-09-30,20:04:28.650,1000,330891,4658,369744,4777,331046,4662,353634,4632,264724,4679,320121,4766,311430,4561,362785,4721,332844,4636,342769,4680,316337,4759,305603,5010,285124,5095,336555,4767,317830,4765,338351,5031,
2026-09-30,20:04:29.649,999,357234,5031,390202,5051,346029,4855,381754,4986,288461,5064,342219,5098,341926,5015,384852,5013,358851,4997,354759,4823,337547,5050,325812,5337,289813,5150,355027,5036,326848,4914,351141,5215,
2026-09-30,20:04:30.649,999,308825,4354,326212,4223,305168,4273,326399,4260,251848,4450,302446,4500,297345,4366,349676,4553,301479,4196,309030,4197,297163,4439,276032,4546,248304,4446,314234,4458,290774,4366,306789,4552,
2026-09-30,20:04:31.649,999,298501,4204,332645,4303,318921,4474,331570,4332,252086,4472,300679,4465,312418,4576,354687,4614,297454,4143,320968,4356,297882,4455,276135,4556,255724,4591,320899,4544,296610,4443,314117,4672,
2026-09-30,20:04:32.650,1000,357075,5025,377934,4890,372640,5246,380901,5001,286810,5049,344253,5145,346801,5086,402806,5242,345882,4826,372228,5061,343254,5166,322871,5265,293235,5212,377555,5363,334058,5024,354303,5270,
2026-09-30,20:04:33.649,999,342831,4813,364682,4715,357325,5031,359633,4712,275026,4849,316979,4718,340102,4970,378089,4921,344090,4789,350320,4778,324466,4892,299179,4914,262271,4682,345732,4895,318522,4782,335323,4991,
2026-09-30,20:04:34.649,999,324395,4568,366265,4740,336438,4737,335582,4399,273318,4823,312006,4637,312412,4573,360950,4699,322016,4481,323072,4410,313621,4716,291736,4790,250545,4451,329497,4661,320504,4801,315713,4703,
2026-09-30,20:04:35.650,1000,422003,5924,454013,5865,423273,5993,442639,5832,338885,5854,398780,5928,383082,5617,450441,5898,397330,5521,412992,5666,373234,5645,366325,5932,329208,5775,412824,5843,405120,6071,391172,5856,
2026-09-30,20:04:36.650,999,370511,5213,407727,5280,370996,5194,400028,5223,296632,5236,351040,5209,345890,5068,401189,5226,359001,5009,367975,4997,344565,5170,324941,5329,293494,5240,368029,5225,358816,5381,349164,5187,
2026-09-30,20:04:37.649,999,387688,5412,407124,5247,378913,5365,418019,5520,314273,5461,360631,5378,352360,5169,425185,5546,363060,5038,365252,5001,344167,5195,327055,5309,298896,5256,380178,5400,355090,5346,365951,5436,
2026-09-30,20:04:38.649,999,347998,4892,378852,4899,353973,4958,383523,5001,286579,5088,325866,4850,321474,4718,385839,5025,339952,4732,345140,4678,311270,4643,302890,4973,274273,4891,347893,4940,317009,4772,332502,4954,
2026-09-30,20:04:39.649,999,325640,4575,362709,4694,330506,4634,346216,4517,265904,4720,291546,4330,301963,4429,346785,4517,303645,4227,295446,4012,304273,4542,283172,4677,246572,4393,316294,4483,298678,4487,297816,4430,
2026-09-30,20:04:40.650,1000,382871,5377,417173,5392,381114,5348,403621,5287,306907,5397,335791,5002,356273,5235,413266,5385,371090,5163,360516,4896,346058,5177,333625,5465,296079,5216,367145,5216,341775,5146,342165,5093,
2026-09-30,20:04:41.649,999,349911,4923,373319,4834,340991,4774,357938,4681,263460,4692,306023,4537,325446,4758,372226,4853,318487,4422,332494,4506,315971,4718,293323,4845,267998,4778,334827,4737,300453,4502,312779,4660,
2026-09-30,20:04:42.649,999,347688,4889,372787,4823,341846,4801,359780,4699,271537,4826,311779,4653,329970,4840,374656,4874,324200,4519,342634,4630,308048,4610,291580,4800,271926,4864,351069,4991,319850,4812,318715,4733,
2026-09-30,20:04:43.649,999,354053,4989,385845,4999,352578,4941,383228,5004,275658,4921,334254,4965,339045,4956,391294,5095,338396,4714,344627,4678,326950,4896,310758,5157,277843,4995,358614,5084,324433,4870,330633,4923,
2026-09-30,20:04:44.650,1000,334535,4703,358786,4645,332823,4665,370729,4839,272961,4863,329468,4901,323978,4729,378187,4923,323812,4510,330988,4493,321183,4805,300759,4967,269123,4830,344648,4879,318183,4767,322847,4805,
2026-09-30,20:04:45.650,999,327120,4601,354002,4577,321564,4560,348877,4620,272552,4766,330555,4904,322061,4719,378838,4938,332534,4632,332917,4562,316097,4778,306208,5002,261496,4650,342002,4843,314285,4718,321586,4780,
2026-09-30,20:04:46.649,999,357176,5020,392390,5075,361501,5075,388608,5077,290747,5108,356270,5303,345766,5064,389278,5073,357059,4962,363988,4941,340770,5088,316912,5183,303560,5397,381514,5415,348099,5235,341005,5073,
2026-09-30,20:04:47.649,999,348082,4908,372829,4826,339082,4762,362361,4730,279071,4916,328051,4905,336698,4961,372326,4853,326643,4564,348064,4719,321574,4803,305854,5000,276126,4921,361413,5139,323159,4876,320875,4780,
2026-09-30,20:04:48.650,1000,328878,4636,357328,4636,333424,4682,359111,4688,274155,4850,324789,4833,326996,4787,368810,4802,320529,4478,339365,4598,325200,4857,304586,5020,259905,4636,342618,4861,307787,4633,314123,4678,
2026-09-30,20:04:49.649,999,313804,4413,363397,4706,309189,4329,343142,4467,256913,4569,314106,4647,312672,4555,357616,4656,306652,4275,318879,4319,297611,4428,281009,4647,243642,4376,324991,4601,294807,4423,304847,4535,
2026-09-30,20:04:50.649,999,340546,4781,378378,4893,327052,4575,358410,4672,265351,4754,329742,4890,322322,4720,375598,4886,317704,4428,330379,4474,311210,4643,295873,4900,261255,4697,341932,4838,311106,4667,329211,4894,
2026-09-30,20:04:51.649,999,344914,4846,373372,4842,346321,4857,360944,4713,280092,4956,327145,4863,321684,4704,377356,4915,326576,4551,348566,4723,311196,4655,313283,5150,275315,4909,337115,4786,316110,4747,321981,4783,
2026-09-30,20:04:52.650,1000,368730,5152,399553,5163,375872,5330,401071,5290,314222,5505,363235,5416,351872,5166,412037,5364,370714,5153,379043,5178,345827,5209,336776,5478,299879,5302,370624,5263,337701,5076,354609,5272,
2026-09-30,20:04:53.650,999,335651,4731,362363,4706,346101,4846,340769,4450,278540,4947,327617,4857,332372,4861,380038,4943,343625,4786,348750,4731,317470,4747,307354,5077,262565,4688,340374,4820,311735,4671,332869,4946,
2026-09-30,20:04:54.649,999,697494,9672,756041,9664,683307,9585,735499,9612,597791,9781,617790,9777,619984,9625,754401,9874,688724,9490,704664,9493,633731,9385,636864,9812,584992,9753,654510,9668,607934,9706,648159,9640,
2026-09-30,20:04:55.649,999,399023,5607,434916,5635,401545,5719,428701,5699,346673,6050,381652,5666,387687,5676,455327,5933,390353,5435,426813,5860,363376,5509,359375,5826,334106,5894,427634,6040,393215,5898,386198,5737,
2026-09-30,20:04:56.650,1000,442977,6219,457455,5918,427014,6061,470069,6192,362487,6336,413244,6152,418019,6135,481311,6268,432582,5995,454402,6213,415610,6252,401657,6525,352206,6203,456147,6468,415876,6258,423024,6295,
2026-09-30,20:04:57.650,999,376769,5288,380660,4931,369895,5193,381766,4995,311177,5433,353358,5278,355639,5236,415636,5411,355369,4956,370299,5017,344675,5158,334385,5442,307531,5425,370536,5279,356438,5386,364171,5396,
2026-09-30,20:04:58.649,999,329412,4639,363450,4706,338075,4739,347172,4539,275801,4881,325141,4830,330471,4840,369980,4816,329572,4576,327205,4439,318319,4767,301929,4977,267476,4807,354549,5022,321352,4817,331869,4942,
2026-09-30,20:04:59.649,999,360546,5068,387466,5028,359740,5039,384512,5024,291549,5190,354579,5265,350718,5122,401108,5219,353465,4923,353945,4801,340072,5081,316377,5235,286031,5142,370412,5246,334897,5026,341632,5086,
2026-09-30,20:05:00.650,1000,377313,5311,406118,5252,370524,5208,403352,5269,298165,5255,347588,5170,363731,5328,415272,5416,359709,5012,369526,5011,346671,5187,322470,5287,300654,5358,366600,5194,350486,5264,353745,5284,
2026-09-30,20:05:01.650,999,530539,7393,561867,7194,522273,7297,558802,7269,453395,7533,458660,7189,484077,7447,563346,7362,515001,7121,539808,7256,494816,7323,484029,7545,437678,7405,498633,7314,462365,7328,493157,7309,
2026-09-30,20:05:02.649,999,655729,9207,714318,9222,680338,9657,718931,9491,581301,9514,616762,9604,635852,9700,752440,9835,671267,9343,704095,9624,647071,9717,641507,9876,586409,9763,667606,9707,607661,9528,650322,9697,
2026-09-30,20:05:03.650,1000,347703,4938,381354,4961,374743,5271,381797,5002,294600,5176,355248,5262,349594,5116,404661,5262,348558,4869,380241,5174,343721,5135,325757,5323,301885,5344,378869,5360,347500,5209,343259,5119,
2026-09-30,20:05:04.650,999,362816,5130,403835,5237,359168,5072,384867,5060,290038,5093,348659,5181,346393,5067,402871,5238,363274,5068,364584,4981,340328,5116,337965,5498,301295,5331,384236,5449,338967,5096,353469,5261,
2026-09-30,20:05:05.650,999,379544,5358,396263,5151,375962,5360,403050,5345,313144,5454,368642,5445,366195,5337,413524,5388,369609,5155,390557,5373,361314,5473,350221,5676,314403,5538,394890,5574,360510,5394,375197,5567,
2026-09-30,20:05:06.649,999,304258,4312,334569,4332,317291,4462,346345,4549,257433,4536,301656,4471,313420,4572,342371,4457,307575,4294,328460,4464,292625,4373,295903,4853,257618,4571,336396,4749,305915,4569,312213,4658,
2026-09-30,20:05:07.650,1000,370621,5208,383877,4958,365187,5182,380636,5044,297689,5122,352222,5232,343907,5031,391510,5133,352462,4918,365111,4990,332185,5002,329372,5299,299245,5202,374873,5304,341857,5116,351396,5259,
2026-09-30,20:05:08.650,999,400602,5638,441886,5734,403456,5674,424167,5552,323807,5661,372192,5549,385681,5658,422415,5516,377448,5273,411424,5592,366086,5469,354310,5776,328748,5787,410755,5828,372972,5612,384687,5739,
Cleaning up
 Closed perf event handles
 Zeroed uncore PMU registers
 Freeing up all RMIDs
