Linux 5.15.0-187-generic (node0.katieyan-315918.ldos-ut-pg0.wisc.cloudlab.us) 	09/14/26 	_x86_64_	(32 CPU)

05:18:44        CPU     %user     %nice   %system   %iowait    %steal     %idle
05:18:45        all      2.37      0.00      0.90      0.00      0.00     96.73
05:18:45          0      1.00      0.00      1.00      0.00      0.00     98.00
05:18:45          1      1.00      0.00      0.00      0.00      0.00     99.00
05:18:45          2      1.00      0.00      0.00      0.00      0.00     99.00
05:18:45          3      1.98      0.00      0.00      0.00      0.00     98.02
05:18:45          4     14.02      0.00     22.43      0.00      0.00     63.55
05:18:45          5      1.00      0.00      0.00      0.00      0.00     99.00
05:18:45          6      1.98      0.00      0.00      0.00      0.00     98.02
05:18:45          7      1.00      0.00      0.00      0.00      0.00     99.00
05:18:45          8      1.98      0.00      0.00      0.00      0.00     98.02
05:18:45          9      1.00      0.00      0.00      0.00      0.00     99.00
05:18:45         10      1.00      0.00      0.00      0.00      0.00     99.00
05:18:45         11      1.00      0.00      0.00      0.00      0.00     99.00
05:18:45         12      2.97      0.00      0.00      0.00      0.00     97.03
05:18:45         13      2.00      0.00      0.00      0.00      0.00     98.00
05:18:45         14      1.00      0.00      0.00      0.00      0.00     99.00
05:18:45         15      1.01      0.00      0.00      0.00      0.00     98.99
05:18:45         16      5.00      0.00      1.00      0.00      0.00     94.00
05:18:45         17     15.00      0.00      1.00      0.00      0.00     84.00
05:18:45         18      1.00      0.00      0.00      0.00      0.00     99.00
05:18:45         19      1.00      0.00      0.00      0.00      0.00     99.00
05:18:45         20      1.00      0.00      0.00      0.00      0.00     99.00
05:18:45         21      2.00      0.00      0.00      0.00      0.00     98.00
05:18:45         22      3.96      0.00      0.99      0.00      0.00     95.05
05:18:45         23      1.00      0.00      0.00      0.00      0.00     99.00
05:18:45         24      1.98      0.00      0.99      0.00      0.00     97.03
05:18:45         25      1.00      0.00      0.00      0.00      0.00     99.00
05:18:45         26      1.00      0.00      0.00      0.00      0.00     99.00
05:18:45         27      1.98      0.00      0.00      0.00      0.00     98.02
05:18:45         28      1.00      0.00      0.00      0.00      0.00     99.00
05:18:45         29      1.01      0.00      0.00      0.00      0.00     98.99
05:18:45         30      1.00      0.00      0.00      0.00      0.00     99.00
05:18:45         31      1.00      0.00      0.00      0.00      0.00     99.00

05:18:45        CPU     %user     %nice   %system   %iowait    %steal     %idle
05:18:46        all      0.03      0.00      0.50      0.00      0.00     99.47
05:18:46          0      0.00      0.00      0.00      0.00      0.00    100.00
05:18:46          1      0.00      0.00      0.00      0.00      0.00    100.00
05:18:46          2      0.00      0.00      0.00      0.00      0.00    100.00
05:18:46          3      0.00      0.00      0.00      0.00      0.00    100.00
05:18:46          4      0.88      0.00     14.16      0.00      0.00     84.96
05:18:46          5      0.00      0.00      0.00      0.00      0.00    100.00
05:18:46          6      0.00      0.00      0.00      0.00      0.00    100.00
05:18:46          7      0.00      0.00      0.00      0.00      0.00    100.00
05:18:46          8      0.00      0.00      0.00      0.00      0.00    100.00
05:18:46          9      0.00      0.00      0.00      0.00      0.00    100.00
05:18:46         10      0.00      0.00      0.00      0.00      0.00    100.00
05:18:46         11      0.00      0.00      0.00      0.00      0.00    100.00
05:18:46         12      0.00      0.00      0.00      0.00      0.00    100.00
05:18:46         13      0.00      0.00      0.00      0.00      0.00    100.00
05:18:46         14      0.00      0.00      0.00      0.00      0.00    100.00
05:18:46         15      0.00      0.00      0.00      0.00      0.00    100.00
05:18:46         16      0.00      0.00      0.00      0.00      0.00    100.00
05:18:46         17      0.00      0.00      0.00      0.00      0.00    100.00
05:18:46         18      0.00      0.00      0.00      0.00      0.00    100.00
05:18:46         19      0.00      0.00      0.00      0.00      0.00    100.00
05:18:46         20      0.00      0.00      0.00      0.00      0.00    100.00
05:18:46         21      0.00      0.00      0.00      0.00      0.00    100.00
05:18:46         22      0.00      0.00      0.00      0.00      0.00    100.00
05:18:46         23      0.00      0.00      0.00      0.00      0.00    100.00
05:18:46         24      0.00      0.00      0.00      0.00      0.00    100.00
05:18:46         25      0.00      0.00      0.00      0.00      0.00    100.00
05:18:46         26      0.00      0.00      0.00      0.00      0.00    100.00
05:18:46         27      0.00      0.00      0.00      0.00      0.00    100.00
05:18:46         28      0.00      0.00      0.00      0.00      0.00    100.00
05:18:46         29      0.00      0.00      0.00      0.00      0.00    100.00
05:18:46         30      0.00      0.00      0.00      0.00      0.00    100.00
05:18:46         31      0.00      0.00      0.00      0.00      0.00    100.00

05:18:46        CPU     %user     %nice   %system   %iowait    %steal     %idle
05:18:47        all      0.06      0.00      0.44      0.00      0.00     99.50
05:18:47          0      0.00      0.00      0.00      0.00      0.00    100.00
05:18:47          1      0.00      0.00      0.00      0.00      0.00    100.00
05:18:47          2      0.00      0.00      0.00      0.00      0.00    100.00
05:18:47          3      0.00      0.00      0.00      0.00      0.00    100.00
05:18:47          4      0.90      0.00     12.61      0.00      0.00     86.49
05:18:47          5      0.00      0.00      0.00      0.00      0.00    100.00
05:18:47          6      0.00      0.00      0.00      0.00      0.00    100.00
05:18:47          7      0.00      0.00      0.00      0.00      0.00    100.00
05:18:47          8      0.00      0.00      0.00      0.00      0.00    100.00
05:18:47          9      0.00      0.00      0.00      0.00      0.00    100.00
05:18:47         10      0.00      0.00      0.00      0.00      0.00    100.00
05:18:47         11      0.00      0.00      0.00      0.00      0.00    100.00
05:18:47         12      0.00      0.00      0.00      0.00      0.00    100.00
05:18:47         13      0.00      0.00      0.00      0.00      0.00    100.00
05:18:47         14      0.00      0.00      0.00      0.00      0.00    100.00
05:18:47         15      0.00      0.00      0.00      0.00      0.00    100.00
05:18:47         16      1.00      0.00      0.00      0.00      0.00     99.00
05:18:47         17      0.00      0.00      0.00      0.00      0.00    100.00
05:18:47         18      0.00      0.00      0.00      0.00      0.00    100.00
05:18:47         19      0.00      0.00      0.00      0.00      0.00    100.00
05:18:47         20      0.00      0.00      0.00      0.00      0.00    100.00
05:18:47         21      0.00      0.00      0.00      0.00      0.00    100.00
05:18:47         22      0.00      0.00      0.00      0.00      0.00    100.00
05:18:47         23      0.00      0.00      0.00      0.00      0.00    100.00
05:18:47         24      0.00      0.00      0.00      0.00      0.00    100.00
05:18:47         25      0.00      0.00      0.00      0.00      0.00    100.00
05:18:47         26      0.00      0.00      0.00      0.00      0.00    100.00
05:18:47         27      0.00      0.00      0.00      0.00      0.00    100.00
05:18:47         28      0.00      0.00      0.00      0.00      0.00    100.00
05:18:47         29      0.00      0.00      0.00      0.00      0.00    100.00
05:18:47         30      0.00      0.00      0.00      0.00      0.00    100.00
05:18:47         31      0.00      0.00      0.00      0.00      0.00    100.00

05:18:47        CPU     %user     %nice   %system   %iowait    %steal     %idle
05:18:48        all      0.06      0.00      0.22      0.00      0.00     99.72
05:18:48          0      0.00      0.00      0.00      0.00      0.00    100.00
05:18:48          1      0.00      0.00      0.00      0.00      0.00    100.00
05:18:48          2      0.00      0.00      0.00      0.00      0.00    100.00
05:18:48          3      0.00      0.00      0.00      0.00      0.00    100.00
05:18:48          4      0.96      0.00      5.77      0.00      0.00     93.27
05:18:48          5      0.00      0.00      0.00      0.00      0.00    100.00
05:18:48          6      0.00      0.00      0.00      0.00      0.00    100.00
05:18:48          7      0.00      0.00      0.00      0.00      0.00    100.00
05:18:48          8      0.00      0.00      0.00      0.00      0.00    100.00
05:18:48          9      0.00      0.00      0.00      0.00      0.00    100.00
05:18:48         10      0.00      0.00      0.00      0.00      0.00    100.00
05:18:48         11      0.00      0.00      0.00      0.00      0.00    100.00
05:18:48         12      0.00      0.00      0.00      0.00      0.00    100.00
05:18:48         13      0.00      0.00      0.00      0.00      0.00    100.00
05:18:48         14      0.00      0.00      0.00      0.00      0.00    100.00
05:18:48         15      0.00      0.00      0.00      0.00      0.00    100.00
05:18:48         16      0.99      0.00      0.00      0.00      0.00     99.01
05:18:48         17      0.00      0.00      0.00      0.00      0.00    100.00
05:18:48         18      0.00      0.00      0.00      0.00      0.00    100.00
05:18:48         19      0.00      0.00      0.00      0.00      0.00    100.00
05:18:48         20      0.00      0.00      0.00      0.00      0.00    100.00
05:18:48         21      0.00      0.00      0.00      0.00      0.00    100.00
05:18:48         22      0.00      0.00      0.00      0.00      0.00    100.00
05:18:48         23      0.00      0.00      0.00      0.00      0.00    100.00
05:18:48         24      0.00      0.00      0.00      0.00      0.00    100.00
05:18:48         25      0.00      0.00      0.00      0.00      0.00    100.00
05:18:48         26      0.00      0.00      0.00      0.00      0.00    100.00
05:18:48         27      0.00      0.00      0.00      0.00      0.00    100.00
05:18:48         28      0.00      0.00      0.00      0.00      0.00    100.00
05:18:48         29      0.00      0.00      0.99      0.00      0.00     99.01
05:18:48         30      0.00      0.00      0.00      0.00      0.00    100.00
05:18:48         31      0.00      0.00      0.00      0.00      0.00    100.00

05:18:48        CPU     %user     %nice   %system   %iowait    %steal     %idle
05:18:49        all      0.06      0.00      0.09      0.00      0.00     99.84
05:18:49          0      0.00      0.00      0.00      0.00      0.00    100.00
05:18:49          1      0.00      0.00      0.00      0.00      0.00    100.00
05:18:49          2      0.00      0.00      0.00      0.00      0.00    100.00
05:18:49          3      0.00      0.00      0.00      0.00      0.00    100.00
05:18:49          4      1.00      0.00      3.00      0.00      0.00     96.00
05:18:49          5      0.00      0.00      0.00      0.00      0.00    100.00
05:18:49          6      0.00      0.00      0.00      0.00      0.00    100.00
05:18:49          7      0.00      0.00      0.00      0.00      0.00    100.00
05:18:49          8      0.00      0.00      0.00      0.00      0.00    100.00
05:18:49          9      0.00      0.00      0.00      0.00      0.00    100.00
05:18:49         10      0.00      0.00      0.00      0.00      0.00    100.00
05:18:49         11      0.00      0.00      0.00      0.00      0.00    100.00
05:18:49         12      0.00      0.00      0.00      0.00      0.00    100.00
05:18:49         13      0.00      0.00      0.00      0.00      0.00    100.00
05:18:49         14      0.00      0.00      0.00      0.00      0.00    100.00
05:18:49         15      0.00      0.00      0.00      0.00      0.00    100.00
05:18:49         16      1.00      0.00      0.00      0.00      0.00     99.00
05:18:49         17      0.00      0.00      0.00      0.00      0.00    100.00
05:18:49         18      0.00      0.00      0.00      0.00      0.00    100.00
05:18:49         19      0.00      0.00      0.00      0.00      0.00    100.00
05:18:49         20      0.00      0.00      0.00      0.00      0.00    100.00
05:18:49         21      0.00      0.00      0.00      0.00      0.00    100.00
05:18:49         22      0.00      0.00      0.00      0.00      0.00    100.00
05:18:49         23      0.00      0.00      0.00      0.00      0.00    100.00
05:18:49         24      0.00      0.00      0.00      0.00      0.00    100.00
05:18:49         25      0.00      0.00      0.00      0.00      0.00    100.00
05:18:49         26      0.00      0.00      0.00      0.00      0.00    100.00
05:18:49         27      0.00      0.00      0.00      0.00      0.00    100.00
05:18:49         28      0.00      0.00      0.00      0.00      0.00    100.00
05:18:49         29      0.00      0.00      0.00      0.00      0.00    100.00
05:18:49         30      0.00      0.00      0.00      0.00      0.00    100.00
05:18:49         31      0.00      0.00      0.00      0.00      0.00    100.00

05:18:49        CPU     %user     %nice   %system   %iowait    %steal     %idle
05:18:50        all      0.03      0.00      0.03      0.00      0.00     99.94
05:18:50          0      0.00      0.00      0.00      0.00      0.00    100.00
05:18:50          1      0.00      0.00      0.00      0.00      0.00    100.00
05:18:50          2      0.00      0.00      0.00      0.00      0.00    100.00
05:18:50          3      0.00      0.00      0.00      0.00      0.00    100.00
05:18:50          4      0.00      0.00      1.03      0.00      0.00     98.97
05:18:50          5      0.00      0.00      0.00      0.00      0.00    100.00
05:18:50          6      0.00      0.00      0.00      0.00      0.00    100.00
05:18:50          7      0.00      0.00      0.00      0.00      0.00    100.00
05:18:50          8      0.00      0.00      0.00      0.00      0.00    100.00
05:18:50          9      0.00      0.00      0.00      0.00      0.00    100.00
05:18:50         10      0.00      0.00      0.00      0.00      0.00    100.00
05:18:50         11      0.00      0.00      0.00      0.00      0.00    100.00
05:18:50         12      0.00      0.00      0.00      0.00      0.00    100.00
05:18:50         13      0.00      0.00      0.00      0.00      0.00    100.00
05:18:50         14      0.00      0.00      0.00      0.00      0.00    100.00
05:18:50         15      0.00      0.00      0.00      0.00      0.00    100.00
05:18:50         16      1.00      0.00      0.00      0.00      0.00     99.00
05:18:50         17      0.00      0.00      0.00      0.00      0.00    100.00
05:18:50         18      0.00      0.00      0.00      0.00      0.00    100.00
05:18:50         19      0.00      0.00      0.00      0.00      0.00    100.00
05:18:50         20      0.00      0.00      0.00      0.00      0.00    100.00
05:18:50         21      0.00      0.00      0.00      0.00      0.00    100.00
05:18:50         22      0.00      0.00      0.00      0.00      0.00    100.00
05:18:50         23      0.00      0.00      0.00      0.00      0.00    100.00
05:18:50         24      0.00      0.00      0.00      0.00      0.00    100.00
05:18:50         25      0.00      0.00      0.00      0.00      0.00    100.00
05:18:50         26      0.00      0.00      0.00      0.00      0.00    100.00
05:18:50         27      0.00      0.00      0.00      0.00      0.00    100.00
05:18:50         28      0.00      0.00      0.00      0.00      0.00    100.00
05:18:50         29      0.00      0.00      0.00      0.00      0.00    100.00
05:18:50         30      0.00      0.00      0.00      0.00      0.00    100.00
05:18:50         31      0.00      0.00      0.00      0.00      0.00    100.00

05:18:50        CPU     %user     %nice   %system   %iowait    %steal     %idle
05:18:51        all      0.06      0.00      0.00      0.00      0.00     99.94
05:18:51          0      0.00      0.00      0.00      0.00      0.00    100.00
05:18:51          1      0.00      0.00      0.00      0.00      0.00    100.00
05:18:51          2      0.00      0.00      0.00      0.00      0.00    100.00
05:18:51          3      0.00      0.00      0.00      0.00      0.00    100.00
05:18:51          4      0.00      0.00      0.00      0.00      0.00    100.00
05:18:51          5      0.00      0.00      0.00      0.00      0.00    100.00
05:18:51          6      0.00      0.00      0.00      0.00      0.00    100.00
05:18:51          7      0.00      0.00      0.00      0.00      0.00    100.00
05:18:51          8      0.00      0.00      0.00      0.00      0.00    100.00
05:18:51          9      0.00      0.00      0.00      0.00      0.00    100.00
05:18:51         10      0.00      0.00      0.00      0.00      0.00    100.00
05:18:51         11      0.00      0.00      0.00      0.00      0.00    100.00
05:18:51         12      0.00      0.00      0.00      0.00      0.00    100.00
05:18:51         13      0.00      0.00      0.00      0.00      0.00    100.00
05:18:51         14      0.00      0.00      0.00      0.00      0.00    100.00
05:18:51         15      0.00      0.00      0.00      0.00      0.00    100.00
05:18:51         16      1.00      0.00      0.00      0.00      0.00     99.00
05:18:51         17      0.99      0.00      0.00      0.00      0.00     99.01
05:18:51         18      0.00      0.00      0.00      0.00      0.00    100.00
05:18:51         19      0.00      0.00      0.00      0.00      0.00    100.00
05:18:51         20      0.00      0.00      0.00      0.00      0.00    100.00
05:18:51         21      0.00      0.00      0.00      0.00      0.00    100.00
05:18:51         22      0.00      0.00      0.00      0.00      0.00    100.00
05:18:51         23      0.00      0.00      0.00      0.00      0.00    100.00
05:18:51         24      0.00      0.00      0.00      0.00      0.00    100.00
05:18:51         25      0.00      0.00      0.00      0.00      0.00    100.00
05:18:51         26      0.00      0.00      0.00      0.00      0.00    100.00
05:18:51         27      0.00      0.00      0.00      0.00      0.00    100.00
05:18:51         28      0.00      0.00      0.00      0.00      0.00    100.00
05:18:51         29      0.00      0.00      0.00      0.00      0.00    100.00
05:18:51         30      0.00      0.00      0.00      0.00      0.00    100.00
05:18:51         31      0.00      0.00      0.00      0.00      0.00    100.00

05:18:51        CPU     %user     %nice   %system   %iowait    %steal     %idle
05:18:52        all      0.03      0.00      0.03      0.00      0.00     99.94
05:18:52          0      0.00      0.00      0.00      0.00      0.00    100.00
05:18:52          1      0.00      0.00      0.00      0.00      0.00    100.00
05:18:52          2      0.00      0.00      0.00      0.00      0.00    100.00
05:18:52          3      0.00      0.00      0.00      0.00      0.00    100.00
05:18:52          4      0.00      0.00      0.00      0.00      0.00    100.00
05:18:52          5      1.01      0.00      0.00      0.00      0.00     98.99
05:18:52          6      0.00      0.00      0.00      0.00      0.00    100.00
05:18:52          7      0.00      0.00      0.00      0.00      0.00    100.00
05:18:52          8      0.00      0.00      0.00      0.00      0.00    100.00
05:18:52          9      0.00      0.00      0.00      0.00      0.00    100.00
05:18:52         10      0.00      0.00      0.00      0.00      0.00    100.00
05:18:52         11      0.00      0.00      0.00      0.00      0.00    100.00
05:18:52         12      0.00      0.00      0.00      0.00      0.00    100.00
05:18:52         13      0.00      0.00      0.00      0.00      0.00    100.00
05:18:52         14      0.00      0.00      0.00      0.00      0.00    100.00
05:18:52         15      0.00      0.00      0.00      0.00      0.00    100.00
05:18:52         16      0.00      0.00      1.00      0.00      0.00     99.00
05:18:52         17      0.00      0.00      0.00      0.00      0.00    100.00
05:18:52         18      0.00      0.00      0.00      0.00      0.00    100.00
05:18:52         19      0.00      0.00      0.00      0.00      0.00    100.00
05:18:52         20      0.00      0.00      0.00      0.00      0.00    100.00
05:18:52         21      0.00      0.00      0.00      0.00      0.00    100.00
05:18:52         22      0.00      0.00      0.00      0.00      0.00    100.00
05:18:52         23      0.00      0.00      0.00      0.00      0.00    100.00
05:18:52         24      0.00      0.00      0.00      0.00      0.00    100.00
05:18:52         25      0.00      0.00      0.00      0.00      0.00    100.00
05:18:52         26      0.00      0.00      0.00      0.00      0.00    100.00
05:18:52         27      0.00      0.00      0.00      0.00      0.00    100.00
05:18:52         28      0.00      0.00      0.00      0.00      0.00    100.00
05:18:52         29      0.00      0.00      0.00      0.00      0.00    100.00
05:18:52         30      0.00      0.00      0.00      0.00      0.00    100.00
05:18:52         31      0.00      0.00      0.00      0.00      0.00    100.00

05:18:52        CPU     %user     %nice   %system   %iowait    %steal     %idle
05:18:53        all      0.06      0.00      0.03      0.00      0.00     99.91
05:18:53          0      0.00      0.00      0.00      0.00      0.00    100.00
05:18:53          1      0.00      0.00      0.00      0.00      0.00    100.00
05:18:53          2      0.00      0.00      0.00      0.00      0.00    100.00
05:18:53          3      0.00      0.00      0.00      0.00      0.00    100.00
05:18:53          4      0.00      0.00      0.00      0.00      0.00    100.00
05:18:53          5      0.00      0.00      0.00      0.00      0.00    100.00
05:18:53          6      0.00      0.00      0.00      0.00      0.00    100.00
05:18:53          7      0.00      0.00      0.00      0.00      0.00    100.00
05:18:53          8      0.00      0.00      0.00      0.00      0.00    100.00
05:18:53          9      0.00      0.00      0.00      0.00      0.00    100.00
05:18:53         10      0.00      0.00      0.00      0.00      0.00    100.00
05:18:53         11      0.00      0.00      0.00      0.00      0.00    100.00
05:18:53         12      0.00      0.00      0.00      0.00      0.00    100.00
05:18:53         13      0.00      0.00      0.00      0.00      0.00    100.00
05:18:53         14      0.00      0.00      0.00      0.00      0.00    100.00
05:18:53         15      0.00      0.00      0.00      0.00      0.00    100.00
05:18:53         16      1.00      0.00      0.00      0.00      0.00     99.00
05:18:53         17      0.00      0.00      1.00      0.00      0.00     99.00
05:18:53         18      0.00      0.00      0.00      0.00      0.00    100.00
05:18:53         19      0.00      0.00      0.00      0.00      0.00    100.00
05:18:53         20      0.00      0.00      0.00      0.00      0.00    100.00
05:18:53         21      0.00      0.00      0.00      0.00      0.00    100.00
05:18:53         22      1.00      0.00      0.00      0.00      0.00     99.00
05:18:53         23      0.00      0.00      0.00      0.00      0.00    100.00
05:18:53         24      0.00      0.00      0.00      0.00      0.00    100.00
05:18:53         25      0.00      0.00      0.00      0.00      0.00    100.00
05:18:53         26      0.00      0.00      0.00      0.00      0.00    100.00
05:18:53         27      0.00      0.00      0.00      0.00      0.00    100.00
05:18:53         28      0.00      0.00      0.00      0.00      0.00    100.00
05:18:53         29      0.00      0.00      0.00      0.00      0.00    100.00
05:18:53         30      0.00      0.00      0.00      0.00      0.00    100.00
05:18:53         31      0.00      0.00      0.00      0.00      0.00    100.00

05:18:53        CPU     %user     %nice   %system   %iowait    %steal     %idle
05:18:54        all      0.03      0.00      0.03      0.00      0.00     99.94
05:18:54          0      0.00      0.00      0.00      0.00      0.00    100.00
05:18:54          1      0.00      0.00      0.00      0.00      0.00    100.00
05:18:54          2      0.00      0.00      0.00      0.00      0.00    100.00
05:18:54          3      0.00      0.00      0.00      0.00      0.00    100.00
05:18:54          4      0.00      0.00      0.00      0.00      0.00    100.00
05:18:54          5      0.00      0.00      0.00      0.00      0.00    100.00
05:18:54          6      0.00      0.00      0.00      0.00      0.00    100.00
05:18:54          7      0.00      0.00      0.00      0.00      0.00    100.00
05:18:54          8      0.00      0.00      0.00      0.00      0.00    100.00
05:18:54          9      0.00      0.00      0.00      0.00      0.00    100.00
05:18:54         10      0.00      0.00      0.00      0.00      0.00    100.00
05:18:54         11      0.00      0.00      0.99      0.00      0.00     99.01
05:18:54         12      0.00      0.00      0.00      0.00      0.00    100.00
05:18:54         13      0.00      0.00      0.00      0.00      0.00    100.00
05:18:54         14      0.00      0.00      0.00      0.00      0.00    100.00
05:18:54         15      0.00      0.00      0.00      0.00      0.00    100.00
05:18:54         16      1.00      0.00      0.00      0.00      0.00     99.00
05:18:54         17      0.00      0.00      0.00      0.00      0.00    100.00
05:18:54         18      0.00      0.00      0.00      0.00      0.00    100.00
05:18:54         19      0.00      0.00      0.00      0.00      0.00    100.00
05:18:54         20      0.00      0.00      0.00      0.00      0.00    100.00
05:18:54         21      0.00      0.00      0.00      0.00      0.00    100.00
05:18:54         22      0.00      0.00      0.00      0.00      0.00    100.00
05:18:54         23      0.00      0.00      0.00      0.00      0.00    100.00
05:18:54         24      0.00      0.00      0.00      0.00      0.00    100.00
05:18:54         25      0.00      0.00      0.00      0.00      0.00    100.00
05:18:54         26      0.00      0.00      0.00      0.00      0.00    100.00
05:18:54         27      0.00      0.00      0.00      0.00      0.00    100.00
05:18:54         28      0.00      0.00      0.00      0.00      0.00    100.00
05:18:54         29      0.00      0.00      0.00      0.00      0.00    100.00
05:18:54         30      0.00      0.00      0.00      0.00      0.00    100.00
05:18:54         31      0.00      0.00      0.00      0.00      0.00    100.00

05:18:54        CPU     %user     %nice   %system   %iowait    %steal     %idle
05:18:55        all      1.13      0.00      0.50      0.00      0.00     98.37
05:18:55          0      0.00      0.00      0.00      0.00      0.00    100.00
05:18:55          1      0.00      0.00      0.00      0.00      0.00    100.00
05:18:55          2      0.00      0.00      0.00      0.00      0.00    100.00
05:18:55          3      0.00      0.00      0.00      0.00      0.00    100.00
05:18:55          4      0.00      0.00      0.00      0.00      0.00    100.00
05:18:55          5      0.00      0.00      0.00      0.00      0.00    100.00
05:18:55          6      0.00      0.00      0.00      0.00      0.00    100.00
05:18:55          7      0.00      0.00      0.00      0.00      0.00    100.00
05:18:55          8      0.00      0.00      0.00      0.00      0.00    100.00
05:18:55          9      0.00      0.00      0.00      0.00      0.00    100.00
05:18:55         10      0.00      0.00      0.00      0.00      0.00    100.00
05:18:55         11      0.00      0.00      0.00      0.00      0.00    100.00
05:18:55         12      0.00      0.00      0.00      0.00      0.00    100.00
05:18:55         13      1.98      0.00      0.00      0.00      0.00     98.02
05:18:55         14      0.00      0.00      0.00      0.00      0.00    100.00
05:18:55         15      0.00      0.00      0.00      0.00      0.00    100.00
05:18:55         16      1.00      0.00      0.00      0.00      0.00     99.00
05:18:55         17      0.00      0.00      0.00      0.00      0.00    100.00
05:18:55         18      0.00      0.00      0.00      0.00      0.00    100.00
05:18:55         19      1.00      0.00      0.00      0.00      0.00     99.00
05:18:55         20      0.00      0.00      0.00      0.00      0.00    100.00
05:18:55         21      0.00      0.00      0.00      0.00      0.00    100.00
05:18:55         22      0.00      0.00      0.00      0.00      0.00    100.00
05:18:55         23      0.00      0.00      0.00      0.00      0.00    100.00
05:18:55         24      0.00      0.00      0.00      0.00      0.00    100.00
05:18:55         25      0.00      0.00      0.00      0.00      0.00    100.00
05:18:55         26      0.00      0.00      0.00      0.00      0.00    100.00
05:18:55         27      0.00      0.00      0.00      0.00      0.00    100.00
05:18:55         28      0.00      0.00      0.00      0.00      0.00    100.00
05:18:55         29      0.00      0.00      0.00      0.00      0.00    100.00
05:18:55         30      3.00      0.00      0.00      0.00      0.00     97.00
05:18:55         31     29.00      0.00     16.00      0.00      0.00     55.00

05:18:55        CPU     %user     %nice   %system   %iowait    %steal     %idle
05:18:56        all      0.03      0.00      0.00      0.00      0.00     99.97
05:18:56          0      0.00      0.00      0.00      0.00      0.00    100.00
05:18:56          1      0.00      0.00      0.00      0.00      0.00    100.00
05:18:56          2      0.00      0.00      0.00      0.00      0.00    100.00
05:18:56          3      0.00      0.00      0.00      0.00      0.00    100.00
05:18:56          4      0.00      0.00      0.00      0.00      0.00    100.00
05:18:56          5      0.00      0.00      0.00      0.00      0.00    100.00
05:18:56          6      0.00      0.00      0.00      0.00      0.00    100.00
05:18:56          7      0.00      0.00      0.00      0.00      0.00    100.00
05:18:56          8      0.00      0.00      0.00      0.00      0.00    100.00
05:18:56          9      0.00      0.00      0.00      0.00      0.00    100.00
05:18:56         10      0.00      0.00      0.00      0.00      0.00    100.00
05:18:56         11      0.00      0.00      0.00      0.00      0.00    100.00
05:18:56         12      0.00      0.00      0.00      0.00      0.00    100.00
05:18:56         13      0.00      0.00      0.00      0.00      0.00    100.00
05:18:56         14      0.00      0.00      0.00      0.00      0.00    100.00
05:18:56         15      0.00      0.00      0.00      0.00      0.00    100.00
05:18:56         16      0.99      0.00      0.00      0.00      0.00     99.01
05:18:56         17      0.00      0.00      0.00      0.00      0.00    100.00
05:18:56         18      0.00      0.00      0.00      0.00      0.00    100.00
05:18:56         19      0.00      0.00      0.00      0.00      0.00    100.00
05:18:56         20      0.00      0.00      0.00      0.00      0.00    100.00
05:18:56         21      0.00      0.00      0.00      0.00      0.00    100.00
05:18:56         22      0.00      0.00      0.00      0.00      0.00    100.00
05:18:56         23      0.00      0.00      0.00      0.00      0.00    100.00
05:18:56         24      0.00      0.00      0.00      0.00      0.00    100.00
05:18:56         25      0.00      0.00      0.00      0.00      0.00    100.00
05:18:56         26      0.00      0.00      0.00      0.00      0.00    100.00
05:18:56         27      0.00      0.00      0.00      0.00      0.00    100.00
05:18:56         28      0.00      0.00      0.00      0.00      0.00    100.00
05:18:56         29      0.00      0.00      0.00      0.00      0.00    100.00
05:18:56         30      0.00      0.00      0.00      0.00      0.00    100.00
05:18:56         31      0.00      0.00      0.00      0.00      0.00    100.00

05:18:56        CPU     %user     %nice   %system   %iowait    %steal     %idle
05:18:57        all      0.06      0.00      0.00      0.00      0.00     99.94
05:18:57          0      0.00      0.00      0.00      0.00      0.00    100.00
05:18:57          1      0.00      0.00      0.00      0.00      0.00    100.00
05:18:57          2      0.00      0.00      0.00      0.00      0.00    100.00
05:18:57          3      0.00      0.00      0.00      0.00      0.00    100.00
05:18:57          4      0.00      0.00      0.00      0.00      0.00    100.00
05:18:57          5      0.00      0.00      0.00      0.00      0.00    100.00
05:18:57          6      0.00      0.00      0.00      0.00      0.00    100.00
05:18:57          7      0.00      0.00      0.00      0.00      0.00    100.00
05:18:57          8      0.00      0.00      0.00      0.00      0.00    100.00
05:18:57          9      0.00      0.00      0.00      0.00      0.00    100.00
05:18:57         10      0.99      0.00      0.00      0.00      0.00     99.01
05:18:57         11      0.00      0.00      0.00      0.00      0.00    100.00
05:18:57         12      0.00      0.00      0.00      0.00      0.00    100.00
05:18:57         13      0.00      0.00      0.00      0.00      0.00    100.00
05:18:57         14      0.00      0.00      0.00      0.00      0.00    100.00
05:18:57         15      0.00      0.00      0.00      0.00      0.00    100.00
05:18:57         16      1.00      0.00      0.00      0.00      0.00     99.00
05:18:57         17      0.00      0.00      0.00      0.00      0.00    100.00
05:18:57         18      0.00      0.00      0.00      0.00      0.00    100.00
05:18:57         19      0.00      0.00      0.00      0.00      0.00    100.00
05:18:57         20      0.00      0.00      0.00      0.00      0.00    100.00
05:18:57         21      0.00      0.00      0.00      0.00      0.00    100.00
05:18:57         22      0.00      0.00      0.00      0.00      0.00    100.00
05:18:57         23      0.00      0.00      0.00      0.00      0.00    100.00
05:18:57         24      0.00      0.00      0.00      0.00      0.00    100.00
05:18:57         25      0.00      0.00      0.00      0.00      0.00    100.00
05:18:57         26      0.00      0.00      0.00      0.00      0.00    100.00
05:18:57         27      0.00      0.00      0.00      0.00      0.00    100.00
05:18:57         28      0.00      0.00      0.00      0.00      0.00    100.00
05:18:57         29      0.00      0.00      0.00      0.00      0.00    100.00
05:18:57         30      0.00      0.00      0.00      0.00      0.00    100.00
05:18:57         31      0.00      0.00      0.00      0.00      0.00    100.00

05:18:57        CPU     %user     %nice   %system   %iowait    %steal     %idle
05:18:58        all      0.03      0.00      0.06      0.00      0.00     99.91
05:18:58          0      0.00      0.00      0.00      0.00      0.00    100.00
05:18:58          1      0.00      0.00      0.00      0.00      0.00    100.00
05:18:58          2      0.00      0.00      0.00      0.00      0.00    100.00
05:18:58          3      0.00      0.00      0.00      0.00      0.00    100.00
05:18:58          4      0.00      0.00      0.00      0.00      0.00    100.00
05:18:58          5      0.00      0.00      0.00      0.00      0.00    100.00
05:18:58          6      0.00      0.00      0.00      0.00      0.00    100.00
05:18:58          7      0.00      0.00      0.00      0.00      0.00    100.00
05:18:58          8      0.00      0.00      0.00      0.00      0.00    100.00
05:18:58          9      0.00      0.00      0.00      0.00      0.00    100.00
05:18:58         10      0.00      0.00      0.00      0.00      0.00    100.00
05:18:58         11      0.00      0.00      0.00      0.00      0.00    100.00
05:18:58         12      0.00      0.00      0.00      0.00      0.00    100.00
05:18:58         13      0.00      0.00      0.99      0.00      0.00     99.01
05:18:58         14      0.00      0.00      0.00      0.00      0.00    100.00
05:18:58         15      0.00      0.00      0.00      0.00      0.00    100.00
05:18:58         16      1.00      0.00      0.00      0.00      0.00     99.00
05:18:58         17      0.00      0.00      1.00      0.00      0.00     99.00
05:18:58         18      0.00      0.00      0.00      0.00      0.00    100.00
05:18:58         19      0.00      0.00      0.00      0.00      0.00    100.00
05:18:58         20      0.00      0.00      0.00      0.00      0.00    100.00
05:18:58         21      0.00      0.00      0.00      0.00      0.00    100.00
05:18:58         22      0.00      0.00      0.00      0.00      0.00    100.00
05:18:58         23      0.00      0.00      0.00      0.00      0.00    100.00
05:18:58         24      0.00      0.00      0.00      0.00      0.00    100.00
05:18:58         25      0.00      0.00      0.00      0.00      0.00    100.00
05:18:58         26      0.00      0.00      0.00      0.00      0.00    100.00
05:18:58         27      0.00      0.00      0.00      0.00      0.00    100.00
05:18:58         28      0.00      0.00      0.00      0.00      0.00    100.00
05:18:58         29      0.00      0.00      0.00      0.00      0.00    100.00
05:18:58         30      0.00      0.00      0.00      0.00      0.00    100.00
05:18:58         31      0.00      0.00      0.00      0.00      0.00    100.00

05:18:58        CPU     %user     %nice   %system   %iowait    %steal     %idle
05:18:59        all      0.34      0.00      0.03      0.00      0.00     99.62
05:18:59          0      0.00      0.00      0.00      0.00      0.00    100.00
05:18:59          1      0.00      0.00      0.00      0.00      0.00    100.00
05:18:59          2      0.00      0.00      0.00      0.00      0.00    100.00
05:18:59          3      0.00      0.00      0.00      0.00      0.00    100.00
05:18:59          4      0.00      0.00      0.00      0.00      0.00    100.00
05:18:59          5      0.99      0.00      0.00      0.00      0.00     99.01
05:18:59          6      0.00      0.00      0.00      0.00      0.00    100.00
05:18:59          7      0.00      0.00      0.00      0.00      0.00    100.00
05:18:59          8      0.00      0.00      0.00      0.00      0.00    100.00
05:18:59          9      0.00      0.00      0.00      0.00      0.00    100.00
05:18:59         10      0.00      0.00      0.00      0.00      0.00    100.00
05:18:59         11      0.00      0.00      0.00      0.00      0.00    100.00
05:18:59         12      0.00      0.00      0.00      0.00      0.00    100.00
05:18:59         13      2.02      0.00      0.00      0.00      0.00     97.98
05:18:59         14      0.00      0.00      0.00      0.00      0.00    100.00
05:18:59         15      1.00      0.00      0.00      0.00      0.00     99.00
05:18:59         16      1.00      0.00      0.00      0.00      0.00     99.00
05:18:59         17      0.00      0.00      0.00      0.00      0.00    100.00
05:18:59         18      0.00      0.00      0.00      0.00      0.00    100.00
05:18:59         19      0.00      0.00      0.00      0.00      0.00    100.00
05:18:59         20      0.00      0.00      0.00      0.00      0.00    100.00
05:18:59         21      0.00      0.00      0.00      0.00      0.00    100.00
05:18:59         22      0.00      0.00      0.00      0.00      0.00    100.00
05:18:59         23      3.00      0.00      0.00      0.00      0.00     97.00
05:18:59         24      1.00      0.00      0.00      0.00      0.00     99.00
05:18:59         25      0.00      0.00      0.00      0.00      0.00    100.00
05:18:59         26      0.00      0.00      0.00      0.00      0.00    100.00
05:18:59         27      0.00      0.00      0.00      0.00      0.00    100.00
05:18:59         28      0.00      0.00      0.00      0.00      0.00    100.00
05:18:59         29      0.00      0.00      0.00      0.00      0.00    100.00
05:18:59         30      2.04      0.00      0.00      0.00      0.00     97.96
05:18:59         31      0.00      0.00      1.00      0.00      0.00     99.00

05:18:59        CPU     %user     %nice   %system   %iowait    %steal     %idle
05:19:00        all      0.00      0.00      0.00      0.03      0.00     99.97
05:19:00          0      0.00      0.00      0.00      0.00      0.00    100.00
05:19:00          1      0.00      0.00      0.00      0.00      0.00    100.00
05:19:00          2      0.00      0.00      0.00      0.00      0.00    100.00
05:19:00          3      0.00      0.00      0.00      0.00      0.00    100.00
05:19:00          4      0.00      0.00      0.00      0.00      0.00    100.00
05:19:00          5      0.00      0.00      0.00      0.00      0.00    100.00
05:19:00          6      0.00      0.00      0.00      0.00      0.00    100.00
05:19:00          7      0.00      0.00      0.00      0.00      0.00    100.00
05:19:00          8      0.00      0.00      0.00      0.00      0.00    100.00
05:19:00          9      0.00      0.00      0.00      0.00      0.00    100.00
05:19:00         10      0.00      0.00      0.00      0.00      0.00    100.00
05:19:00         11      0.00      0.00      0.00      0.00      0.00    100.00
05:19:00         12      0.00      0.00      0.00      0.00      0.00    100.00
05:19:00         13      0.00      0.00      0.00      0.00      0.00    100.00
05:19:00         14      0.00      0.00      0.00      0.00      0.00    100.00
05:19:00         15      0.00      0.00      0.00      0.00      0.00    100.00
05:19:00         16      0.00      0.00      0.00      0.00      0.00    100.00
05:19:00         17      0.00      0.00      0.00      0.00      0.00    100.00
05:19:00         18      0.00      0.00      0.00      0.00      0.00    100.00
05:19:00         19      0.00      0.00      0.00      0.00      0.00    100.00
05:19:00         20      0.00      0.00      0.00      0.00      0.00    100.00
05:19:00         21      0.00      0.00      0.00      0.00      0.00    100.00
05:19:00         22      0.00      0.00      0.00      0.00      0.00    100.00
05:19:00         23      0.00      0.00      0.00      0.00      0.00    100.00
05:19:00         24      0.00      0.00      0.00      0.00      0.00    100.00
05:19:00         25      0.00      0.00      0.00      0.99      0.00     99.01
05:19:00         26      0.00      0.00      0.00      0.00      0.00    100.00
05:19:00         27      0.00      0.00      0.00      0.00      0.00    100.00
05:19:00         28      0.00      0.00      0.00      0.00      0.00    100.00
05:19:00         29      0.00      0.00      0.00      0.00      0.00    100.00
05:19:00         30      0.00      0.00      0.00      0.00      0.00    100.00
05:19:00         31      0.00      0.00      0.00      0.00      0.00    100.00

05:19:00        CPU     %user     %nice   %system   %iowait    %steal     %idle
05:19:01        all      0.00      0.00      0.03      0.00      0.00     99.97
05:19:01          0      0.00      0.00      0.00      0.00      0.00    100.00
05:19:01          1      0.00      0.00      0.00      0.00      0.00    100.00
05:19:01          2      0.00      0.00      0.00      0.00      0.00    100.00
05:19:01          3      0.00      0.00      0.00      0.00      0.00    100.00
05:19:01          4      0.00      0.00      0.00      0.00      0.00    100.00
05:19:01          5      0.00      0.00      0.00      0.00      0.00    100.00
05:19:01          6      0.00      0.00      0.00      0.00      0.00    100.00
05:19:01          7      0.00      0.00      0.00      0.00      0.00    100.00
05:19:01          8      0.00      0.00      0.00      0.00      0.00    100.00
05:19:01          9      0.00      0.00      0.00      0.00      0.00    100.00
05:19:01         10      0.00      0.00      0.00      0.00      0.00    100.00
05:19:01         11      0.00      0.00      0.00      0.00      0.00    100.00
05:19:01         12      0.00      0.00      0.00      0.00      0.00    100.00
05:19:01         13      0.00      0.00      0.00      0.00      0.00    100.00
05:19:01         14      0.00      0.00      0.00      0.00      0.00    100.00
05:19:01         15      0.00      0.00      0.00      0.00      0.00    100.00
05:19:01         16      0.00      0.00      0.00      0.00      0.00    100.00
05:19:01         17      0.00      0.00      0.00      0.00      0.00    100.00
05:19:01         18      0.00      0.00      0.00      0.00      0.00    100.00
05:19:01         19      0.00      0.00      0.00      0.00      0.00    100.00
05:19:01         20      0.00      0.00      0.00      0.00      0.00    100.00
05:19:01         21      0.00      0.00      0.00      0.00      0.00    100.00
05:19:01         22      0.00      0.00      0.00      0.00      0.00    100.00
05:19:01         23      0.00      0.00      0.99      0.00      0.00     99.01
05:19:01         24      0.00      0.00      0.00      0.00      0.00    100.00
05:19:01         25      0.00      0.00      0.00      0.00      0.00    100.00
05:19:01         26      0.00      0.00      0.00      0.00      0.00    100.00
05:19:01         27      0.00      0.00      0.00      0.00      0.00    100.00
05:19:01         28      0.00      0.00      0.00      0.00      0.00    100.00
05:19:01         29      0.00      0.00      0.00      0.00      0.00    100.00
05:19:01         30      0.00      0.00      0.00      0.00      0.00    100.00
05:19:01         31      0.00      0.00      0.00      0.00      0.00    100.00

05:19:01        CPU     %user     %nice   %system   %iowait    %steal     %idle
05:19:02        all      0.00      0.00      0.00      0.00      0.00    100.00
05:19:02          0      0.00      0.00      0.00      0.00      0.00    100.00
05:19:02          1      0.00      0.00      0.00      0.00      0.00    100.00
05:19:02          2      0.00      0.00      0.00      0.00      0.00    100.00
05:19:02          3      0.00      0.00      0.00      0.00      0.00    100.00
05:19:02          4      0.00      0.00      0.00      0.00      0.00    100.00
05:19:02          5      0.00      0.00      0.00      0.00      0.00    100.00
05:19:02          6      0.00      0.00      0.00      0.00      0.00    100.00
05:19:02          7      0.00      0.00      0.00      0.00      0.00    100.00
05:19:02          8      0.00      0.00      0.00      0.00      0.00    100.00
05:19:02          9      0.00      0.00      0.00      0.00      0.00    100.00
05:19:02         10      0.00      0.00      0.00      0.00      0.00    100.00
05:19:02         11      0.00      0.00      0.00      0.00      0.00    100.00
05:19:02         12      0.00      0.00      0.00      0.00      0.00    100.00
05:19:02         13      0.00      0.00      0.00      0.00      0.00    100.00
05:19:02         14      0.00      0.00      0.00      0.00      0.00    100.00
05:19:02         15      0.00      0.00      0.00      0.00      0.00    100.00
05:19:02         16      0.00      0.00      0.00      0.00      0.00    100.00
05:19:02         17      0.00      0.00      0.00      0.00      0.00    100.00
05:19:02         18      0.00      0.00      0.00      0.00      0.00    100.00
05:19:02         19      0.00      0.00      0.00      0.00      0.00    100.00
05:19:02         20      0.00      0.00      0.00      0.00      0.00    100.00
05:19:02         21      0.00      0.00      0.00      0.00      0.00    100.00
05:19:02         22      0.00      0.00      0.00      0.00      0.00    100.00
05:19:02         23      0.00      0.00      0.00      0.00      0.00    100.00
05:19:02         24      0.00      0.00      0.00      0.00      0.00    100.00
05:19:02         25      0.00      0.00      0.00      0.00      0.00    100.00
05:19:02         26      0.00      0.00      0.00      0.00      0.00    100.00
05:19:02         27      0.00      0.00      0.00      0.00      0.00    100.00
05:19:02         28      0.00      0.00      0.00      0.00      0.00    100.00
05:19:02         29      0.00      0.00      0.00      0.00      0.00    100.00
05:19:02         30      0.00      0.00      0.00      0.00      0.00    100.00
05:19:02         31      0.00      0.00      0.00      0.00      0.00    100.00

05:19:02        CPU     %user     %nice   %system   %iowait    %steal     %idle
05:19:03        all      0.06      0.00      0.00      0.00      0.00     99.94
05:19:03          0      0.00      0.00      0.00      0.00      0.00    100.00
05:19:03          1      0.00      0.00      0.00      0.00      0.00    100.00
05:19:03          2      0.00      0.00      0.00      0.00      0.00    100.00
05:19:03          3      0.00      0.00      0.00      0.00      0.00    100.00
05:19:03          4      0.00      0.00      0.00      0.00      0.00    100.00
05:19:03          5      0.00      0.00      0.00      0.00      0.00    100.00
05:19:03          6      0.00      0.00      0.00      0.00      0.00    100.00
05:19:03          7      0.00      0.00      0.00      0.00      0.00    100.00
05:19:03          8      0.00      0.00      0.00      0.00      0.00    100.00
05:19:03          9      0.00      0.00      0.00      0.00      0.00    100.00
05:19:03         10      0.00      0.00      0.00      0.00      0.00    100.00
05:19:03         11      0.00      0.00      0.00      0.00      0.00    100.00
05:19:03         12      0.00      0.00      0.00      0.00      0.00    100.00
05:19:03         13      0.00      0.00      0.00      0.00      0.00    100.00
05:19:03         14      0.00      0.00      0.00      0.00      0.00    100.00
05:19:03         15      0.00      0.00      0.00      0.00      0.00    100.00
05:19:03         16      0.00      0.00      0.00      0.00      0.00    100.00
05:19:03         17      0.00      0.00      0.00      0.00      0.00    100.00
05:19:03         18      0.00      0.00      0.00      0.00      0.00    100.00
05:19:03         19      0.00      0.00      0.00      0.00      0.00    100.00
05:19:03         20      0.00      0.00      0.00      0.00      0.00    100.00
05:19:03         21      0.00      0.00      0.00      0.00      0.00    100.00
05:19:03         22      1.00      0.00      0.00      0.00      0.00     99.00
05:19:03         23      0.99      0.00      0.00      0.00      0.00     99.01
05:19:03         24      0.00      0.00      0.00      0.00      0.00    100.00
05:19:03         25      0.00      0.00      0.00      0.00      0.00    100.00
05:19:03         26      0.00      0.00      0.00      0.00      0.00    100.00
05:19:03         27      0.00      0.00      0.00      0.00      0.00    100.00
05:19:03         28      0.00      0.00      0.00      0.00      0.00    100.00
05:19:03         29      0.00      0.00      0.00      0.00      0.00    100.00
05:19:03         30      0.00      0.00      0.00      0.00      0.00    100.00
05:19:03         31      0.00      0.00      0.00      0.00      0.00    100.00

05:19:03        CPU     %user     %nice   %system   %iowait    %steal     %idle
05:19:04        all      0.03      0.00      0.00      0.00      0.00     99.97
05:19:04          0      0.00      0.00      0.00      0.00      0.00    100.00
05:19:04          1      0.00      0.00      0.00      0.00      0.00    100.00
05:19:04          2      0.00      0.00      0.00      0.00      0.00    100.00
05:19:04          3      0.00      0.00      0.00      0.00      0.00    100.00
05:19:04          4      0.00      0.00      0.00      0.00      0.00    100.00
05:19:04          5      0.00      0.00      0.00      0.00      0.00    100.00
05:19:04          6      0.00      0.00      0.00      0.00      0.00    100.00
05:19:04          7      0.00      0.00      0.00      0.00      0.00    100.00
05:19:04          8      0.00      0.00      0.00      0.00      0.00    100.00
05:19:04          9      0.00      0.00      0.00      0.00      0.00    100.00
05:19:04         10      0.00      0.00      0.00      0.00      0.00    100.00
05:19:04         11      0.00      0.00      0.00      0.00      0.00    100.00
05:19:04         12      0.00      0.00      0.00      0.00      0.00    100.00
05:19:04         13      0.00      0.00      0.00      0.00      0.00    100.00
05:19:04         14      0.00      0.00      0.00      0.00      0.00    100.00
05:19:04         15      0.00      0.00      0.00      0.00      0.00    100.00
05:19:04         16      0.00      0.00      0.00      0.00      0.00    100.00
05:19:04         17      0.99      0.00      0.00      0.00      0.00     99.01
05:19:04         18      0.00      0.00      0.00      0.00      0.00    100.00
05:19:04         19      0.00      0.00      0.00      0.00      0.00    100.00
05:19:04         20      0.00      0.00      0.00      0.00      0.00    100.00
05:19:04         21      0.00      0.00      0.00      0.00      0.00    100.00
05:19:04         22      0.00      0.00      0.00      0.00      0.00    100.00
05:19:04         23      0.00      0.00      0.00      0.00      0.00    100.00
05:19:04         24      0.00      0.00      0.00      0.00      0.00    100.00
05:19:04         25      0.00      0.00      0.00      0.00      0.00    100.00
05:19:04         26      0.00      0.00      0.00      0.00      0.00    100.00
05:19:04         27      0.00      0.00      0.00      0.00      0.00    100.00
05:19:04         28      0.00      0.00      0.00      0.00      0.00    100.00
05:19:04         29      0.00      0.00      0.00      0.00      0.00    100.00
05:19:04         30      0.00      0.00      0.00      0.00      0.00    100.00
05:19:04         31      0.00      0.00      0.00      0.00      0.00    100.00

05:19:04        CPU     %user     %nice   %system   %iowait    %steal     %idle
05:19:05        all      0.00      0.00      0.00      0.00      0.00    100.00
05:19:05          0      0.00      0.00      0.00      0.00      0.00    100.00
05:19:05          1      0.00      0.00      0.00      0.00      0.00    100.00
05:19:05          2      0.00      0.00      0.00      0.00      0.00    100.00
05:19:05          3      0.00      0.00      0.00      0.00      0.00    100.00
05:19:05          4      0.00      0.00      0.00      0.00      0.00    100.00
05:19:05          5      0.00      0.00      0.00      0.00      0.00    100.00
05:19:05          6      0.00      0.00      0.00      0.00      0.00    100.00
05:19:05          7      0.00      0.00      0.00      0.00      0.00    100.00
05:19:05          8      0.00      0.00      0.00      0.00      0.00    100.00
05:19:05          9      0.00      0.00      0.00      0.00      0.00    100.00
05:19:05         10      0.00      0.00      0.00      0.00      0.00    100.00
05:19:05         11      0.00      0.00      0.00      0.00      0.00    100.00
05:19:05         12      0.00      0.00      0.00      0.00      0.00    100.00
05:19:05         13      0.00      0.00      0.00      0.00      0.00    100.00
05:19:05         14      0.00      0.00      0.00      0.00      0.00    100.00
05:19:05         15      0.00      0.00      0.00      0.00      0.00    100.00
05:19:05         16      0.00      0.00      0.00      0.00      0.00    100.00
05:19:05         17      0.00      0.00      0.00      0.00      0.00    100.00
05:19:05         18      0.00      0.00      0.00      0.00      0.00    100.00
05:19:05         19      0.00      0.00      0.00      0.00      0.00    100.00
05:19:05         20      0.00      0.00      0.00      0.00      0.00    100.00
05:19:05         21      0.00      0.00      0.00      0.00      0.00    100.00
05:19:05         22      0.00      0.00      0.00      0.00      0.00    100.00
05:19:05         23      0.00      0.00      0.00      0.00      0.00    100.00
05:19:05         24      0.00      0.00      0.00      0.00      0.00    100.00
05:19:05         25      0.00      0.00      0.00      0.00      0.00    100.00
05:19:05         26      0.00      0.00      0.00      0.00      0.00    100.00
05:19:05         27      0.00      0.00      0.00      0.00      0.00    100.00
05:19:05         28      0.00      0.00      0.00      0.00      0.00    100.00
05:19:05         29      0.00      0.00      0.00      0.00      0.00    100.00
05:19:05         30      0.00      0.00      0.00      0.00      0.00    100.00
05:19:05         31      0.00      0.00      0.00      0.00      0.00    100.00

05:19:05        CPU     %user     %nice   %system   %iowait    %steal     %idle
05:19:06        all      0.00      0.00      0.00      0.00      0.00    100.00
05:19:06          0      0.00      0.00      0.00      0.00      0.00    100.00
05:19:06          1      0.00      0.00      0.00      0.00      0.00    100.00
05:19:06          2      0.00      0.00      0.00      0.00      0.00    100.00
05:19:06          3      0.00      0.00      0.00      0.00      0.00    100.00
05:19:06          4      0.00      0.00      0.00      0.00      0.00    100.00
05:19:06          5      0.00      0.00      0.00      0.00      0.00    100.00
05:19:06          6      0.00      0.00      0.00      0.00      0.00    100.00
05:19:06          7      0.00      0.00      0.00      0.00      0.00    100.00
05:19:06          8      0.00      0.00      0.00      0.00      0.00    100.00
05:19:06          9      0.00      0.00      0.00      0.00      0.00    100.00
05:19:06         10      0.00      0.00      0.00      0.00      0.00    100.00
05:19:06         11      0.00      0.00      0.00      0.00      0.00    100.00
05:19:06         12      0.00      0.00      0.00      0.00      0.00    100.00
05:19:06         13      0.00      0.00      0.00      0.00      0.00    100.00
05:19:06         14      0.00      0.00      0.00      0.00      0.00    100.00
05:19:06         15      0.00      0.00      0.00      0.00      0.00    100.00
05:19:06         16      0.00      0.00      0.00      0.00      0.00    100.00
05:19:06         17      0.00      0.00      0.00      0.00      0.00    100.00
05:19:06         18      0.00      0.00      0.00      0.00      0.00    100.00
05:19:06         19      0.00      0.00      0.00      0.00      0.00    100.00
05:19:06         20      0.00      0.00      0.00      0.00      0.00    100.00
05:19:06         21      0.00      0.00      0.00      0.00      0.00    100.00
05:19:06         22      0.00      0.00      0.00      0.00      0.00    100.00
05:19:06         23      0.00      0.00      0.00      0.00      0.00    100.00
05:19:06         24      0.00      0.00      0.00      0.00      0.00    100.00
05:19:06         25      0.00      0.00      0.00      0.00      0.00    100.00
05:19:06         26      0.00      0.00      0.00      0.00      0.00    100.00
05:19:06         27      0.00      0.00      0.00      0.00      0.00    100.00
05:19:06         28      0.00      0.00      0.00      0.00      0.00    100.00
05:19:06         29      0.00      0.00      0.00      0.00      0.00    100.00
05:19:06         30      0.00      0.00      0.00      0.00      0.00    100.00
05:19:06         31      0.00      0.00      0.00      0.00      0.00    100.00

05:19:06        CPU     %user     %nice   %system   %iowait    %steal     %idle
05:19:07        all      0.00      0.00      0.06      0.00      0.00     99.94
05:19:07          0      0.00      0.00      0.00      0.00      0.00    100.00
05:19:07          1      0.00      0.00      0.00      0.00      0.00    100.00
05:19:07          2      0.00      0.00      0.00      0.00      0.00    100.00
05:19:07          3      0.00      0.00      0.00      0.00      0.00    100.00
05:19:07          4      0.00      0.00      0.00      0.00      0.00    100.00
05:19:07          5      0.00      0.00      0.00      0.00      0.00    100.00
05:19:07          6      0.00      0.00      0.00      0.00      0.00    100.00
05:19:07          7      0.00      0.00      0.00      0.00      0.00    100.00
05:19:07          8      0.00      0.00      0.00      0.00      0.00    100.00
05:19:07          9      0.00      0.00      0.00      0.00      0.00    100.00
05:19:07         10      0.00      0.00      0.00      0.00      0.00    100.00
05:19:07         11      0.00      0.00      0.00      0.00      0.00    100.00
05:19:07         12      0.00      0.00      0.00      0.00      0.00    100.00
05:19:07         13      0.00      0.00      0.00      0.00      0.00    100.00
05:19:07         14      0.00      0.00      0.00      0.00      0.00    100.00
05:19:07         15      0.00      0.00      0.00      0.00      0.00    100.00
05:19:07         16      0.00      0.00      0.00      0.00      0.00    100.00
05:19:07         17      0.00      0.00      0.00      0.00      0.00    100.00
05:19:07         18      0.00      0.00      0.00      0.00      0.00    100.00
05:19:07         19      0.00      0.00      0.00      0.00      0.00    100.00
05:19:07         20      0.00      0.00      0.00      0.00      0.00    100.00
05:19:07         21      0.00      0.00      0.00      0.00      0.00    100.00
05:19:07         22      0.00      0.00      0.00      0.00      0.00    100.00
05:19:07         23      0.00      0.00      0.99      0.00      0.00     99.01
05:19:07         24      0.00      0.00      0.00      0.00      0.00    100.00
05:19:07         25      0.00      0.00      0.00      0.00      0.00    100.00
05:19:07         26      0.00      0.00      0.00      0.00      0.00    100.00
05:19:07         27      0.00      0.00      0.00      0.00      0.00    100.00
05:19:07         28      0.00      0.00      0.00      0.00      0.00    100.00
05:19:07         29      0.00      0.00      0.00      0.00      0.00    100.00
05:19:07         30      0.00      0.00      0.99      0.00      0.00     99.01
05:19:07         31      0.00      0.00      0.00      0.00      0.00    100.00

05:19:07        CPU     %user     %nice   %system   %iowait    %steal     %idle
05:19:08        all      0.00      0.00      0.06      0.00      0.00     99.94
05:19:08          0      0.00      0.00      0.00      0.00      0.00    100.00
05:19:08          1      0.00      0.00      0.00      0.00      0.00    100.00
05:19:08          2      0.00      0.00      0.00      0.00      0.00    100.00
05:19:08          3      0.00      0.00      0.00      0.00      0.00    100.00
05:19:08          4      0.00      0.00      0.00      0.00      0.00    100.00
05:19:08          5      0.00      0.00      0.00      0.00      0.00    100.00
05:19:08          6      0.00      0.00      0.00      0.00      0.00    100.00
05:19:08          7      0.00      0.00      0.00      0.00      0.00    100.00
05:19:08          8      0.00      0.00      0.00      0.00      0.00    100.00
05:19:08          9      0.00      0.00      0.00      0.00      0.00    100.00
05:19:08         10      0.00      0.00      0.00      0.00      0.00    100.00
05:19:08         11      0.00      0.00      0.00      0.00      0.00    100.00
05:19:08         12      0.00      0.00      0.00      0.00      0.00    100.00
05:19:08         13      0.00      0.00      0.00      0.00      0.00    100.00
05:19:08         14      0.00      0.00      0.00      0.00      0.00    100.00
05:19:08         15      0.00      0.00      0.00      0.00      0.00    100.00
05:19:08         16      0.00      0.00      0.00      0.00      0.00    100.00
05:19:08         17      0.00      0.00      0.99      0.00      0.00     99.01
05:19:08         18      0.00      0.00      0.00      0.00      0.00    100.00
05:19:08         19      0.00      0.00      0.00      0.00      0.00    100.00
05:19:08         20      0.00      0.00      0.00      0.00      0.00    100.00
05:19:08         21      0.00      0.00      0.00      0.00      0.00    100.00
05:19:08         22      0.00      0.00      0.99      0.00      0.00     99.01
05:19:08         23      0.00      0.00      0.00      0.00      0.00    100.00
05:19:08         24      0.00      0.00      0.00      0.00      0.00    100.00
05:19:08         25      0.00      0.00      0.00      0.00      0.00    100.00
05:19:08         26      0.00      0.00      0.00      0.00      0.00    100.00
05:19:08         27      0.00      0.00      0.00      0.00      0.00    100.00
05:19:08         28      0.00      0.00      0.00      0.00      0.00    100.00
05:19:08         29      0.00      0.00      0.00      0.00      0.00    100.00
05:19:08         30      0.00      0.00      0.00      0.00      0.00    100.00
05:19:08         31      0.00      0.00      0.00      0.00      0.00    100.00

05:19:08        CPU     %user     %nice   %system   %iowait    %steal     %idle
05:19:09        all      0.03      0.00      0.00      0.00      0.00     99.97
05:19:09          0      0.00      0.00      0.00      0.00      0.00    100.00
05:19:09          1      0.00      0.00      0.00      0.00      0.00    100.00
05:19:09          2      0.00      0.00      0.00      0.00      0.00    100.00
05:19:09          3      0.00      0.00      0.00      0.00      0.00    100.00
05:19:09          4      0.00      0.00      0.00      0.00      0.00    100.00
05:19:09          5      0.00      0.00      0.00      0.00      0.00    100.00
05:19:09          6      0.00      0.00      0.00      0.00      0.00    100.00
05:19:09          7      0.00      0.00      0.00      0.00      0.00    100.00
05:19:09          8      0.00      0.00      0.00      0.00      0.00    100.00
05:19:09          9      0.00      0.00      0.00      0.00      0.00    100.00
05:19:09         10      0.00      0.00      0.00      0.00      0.00    100.00
05:19:09         11      0.00      0.00      0.00      0.00      0.00    100.00
05:19:09         12      0.00      0.00      0.00      0.00      0.00    100.00
05:19:09         13      0.00      0.00      0.00      0.00      0.00    100.00
05:19:09         14      0.00      0.00      0.00      0.00      0.00    100.00
05:19:09         15      0.00      0.00      0.00      0.00      0.00    100.00
05:19:09         16      0.00      0.00      0.00      0.00      0.00    100.00
05:19:09         17      0.00      0.00      0.00      0.00      0.00    100.00
05:19:09         18      0.00      0.00      0.00      0.00      0.00    100.00
05:19:09         19      0.00      0.00      0.00      0.00      0.00    100.00
05:19:09         20      0.00      0.00      0.00      0.00      0.00    100.00
05:19:09         21      0.00      0.00      0.00      0.00      0.00    100.00
05:19:09         22      0.00      0.00      0.00      0.00      0.00    100.00
05:19:09         23      0.99      0.00      0.00      0.00      0.00     99.01
05:19:09         24      0.00      0.00      0.00      0.00      0.00    100.00
05:19:09         25      0.00      0.00      0.00      0.00      0.00    100.00
05:19:09         26      0.00      0.00      0.00      0.00      0.00    100.00
05:19:09         27      0.00      0.00      0.00      0.00      0.00    100.00
05:19:09         28      0.00      0.00      0.00      0.00      0.00    100.00
05:19:09         29      0.00      0.00      0.00      0.00      0.00    100.00
05:19:09         30      0.00      0.00      0.00      0.00      0.00    100.00
05:19:09         31      0.00      0.00      0.00      0.00      0.00    100.00

05:19:09        CPU     %user     %nice   %system   %iowait    %steal     %idle
05:19:10        all      0.13      0.00      0.03      0.00      0.00     99.84
05:19:10          0      0.00      0.00      0.00      0.00      0.00    100.00
05:19:10          1      0.00      0.00      0.00      0.00      0.00    100.00
05:19:10          2      0.00      0.00      0.00      0.00      0.00    100.00
05:19:10          3      0.00      0.00      0.00      0.00      0.00    100.00
05:19:10          4      0.00      0.00      0.00      0.00      0.00    100.00
05:19:10          5      0.00      0.00      0.00      0.00      0.00    100.00
05:19:10          6      0.00      0.00      0.00      0.00      0.00    100.00
05:19:10          7      0.00      0.00      0.00      0.00      0.00    100.00
05:19:10          8      0.00      0.00      0.00      0.00      0.00    100.00
05:19:10          9      0.00      0.00      0.00      0.00      0.00    100.00
05:19:10         10      0.00      0.00      0.00      0.00      0.00    100.00
05:19:10         11      0.00      0.00      0.00      0.00      0.00    100.00
05:19:10         12      0.00      0.00      0.00      0.00      0.00    100.00
05:19:10         13      0.00      0.00      0.00      0.00      0.00    100.00
05:19:10         14      0.00      0.00      0.00      0.00      0.00    100.00
05:19:10         15      0.00      0.00      0.00      0.00      0.00    100.00
05:19:10         16      0.00      0.00      0.00      0.00      0.00    100.00
05:19:10         17      0.00      0.00      0.99      0.00      0.00     99.01
05:19:10         18      0.00      0.00      0.00      0.00      0.00    100.00
05:19:10         19      0.00      0.00      0.00      0.00      0.00    100.00
05:19:10         20      0.00      0.00      0.00      0.00      0.00    100.00
05:19:10         21      0.00      0.00      0.00      0.00      0.00    100.00
05:19:10         22      0.00      0.00      0.00      0.00      0.00    100.00
05:19:10         23      0.00      0.00      0.00      0.00      0.00    100.00
05:19:10         24      0.00      0.00      0.00      0.00      0.00    100.00
05:19:10         25      0.00      0.00      0.00      0.00      0.00    100.00
05:19:10         26      0.00      0.00      0.00      0.00      0.00    100.00
05:19:10         27      0.00      0.00      0.00      0.00      0.00    100.00
05:19:10         28      0.00      0.00      0.00      0.00      0.00    100.00
05:19:10         29      0.00      0.00      0.00      0.00      0.00    100.00
05:19:10         30      3.00      0.00      0.00      0.00      0.00     97.00
05:19:10         31      1.00      0.00      0.00      0.00      0.00     99.00

05:19:10        CPU     %user     %nice   %system   %iowait    %steal     %idle
05:19:11        all      0.03      0.00      0.00      0.00      0.00     99.97
05:19:11          0      0.00      0.00      0.00      0.00      0.00    100.00
05:19:11          1      0.00      0.00      0.00      0.00      0.00    100.00
05:19:11          2      0.00      0.00      0.00      0.00      0.00    100.00
05:19:11          3      0.00      0.00      0.00      0.00      0.00    100.00
05:19:11          4      0.00      0.00      0.00      0.00      0.00    100.00
05:19:11          5      0.00      0.00      0.00      0.00      0.00    100.00
05:19:11          6      0.00      0.00      0.00      0.00      0.00    100.00
05:19:11          7      0.00      0.00      0.00      0.00      0.00    100.00
05:19:11          8      0.00      0.00      0.00      0.00      0.00    100.00
05:19:11          9      0.00      0.00      0.00      0.00      0.00    100.00
05:19:11         10      0.00      0.00      0.00      0.00      0.00    100.00
05:19:11         11      0.00      0.00      0.00      0.00      0.00    100.00
05:19:11         12      0.00      0.00      0.00      0.00      0.00    100.00
05:19:11         13      0.00      0.00      0.00      0.00      0.00    100.00
05:19:11         14      0.00      0.00      0.00      0.00      0.00    100.00
05:19:11         15      0.00      0.00      0.00      0.00      0.00    100.00
05:19:11         16      1.00      0.00      0.00      0.00      0.00     99.00
05:19:11         17      0.00      0.00      0.00      0.00      0.00    100.00
05:19:11         18      0.00      0.00      0.00      0.00      0.00    100.00
05:19:11         19      0.00      0.00      0.00      0.00      0.00    100.00
05:19:11         20      0.00      0.00      0.00      0.00      0.00    100.00
05:19:11         21      0.00      0.00      0.00      0.00      0.00    100.00
05:19:11         22      0.00      0.00      0.00      0.00      0.00    100.00
05:19:11         23      0.00      0.00      0.00      0.00      0.00    100.00
05:19:11         24      0.00      0.00      0.00      0.00      0.00    100.00
05:19:11         25      0.00      0.00      0.00      0.00      0.00    100.00
05:19:11         26      0.00      0.00      0.00      0.00      0.00    100.00
05:19:11         27      0.00      0.00      0.00      0.00      0.00    100.00
05:19:11         28      0.00      0.00      0.00      0.00      0.00    100.00
05:19:11         29      0.00      0.00      0.00      0.00      0.00    100.00
05:19:11         30      0.00      0.00      0.00      0.00      0.00    100.00
05:19:11         31      0.00      0.00      0.00      0.00      0.00    100.00

05:19:11        CPU     %user     %nice   %system   %iowait    %steal     %idle
05:19:12        all      0.03      0.00      0.00      0.00      0.00     99.97
05:19:12          0      0.00      0.00      0.00      0.00      0.00    100.00
05:19:12          1      0.00      0.00      0.00      0.00      0.00    100.00
05:19:12          2      0.00      0.00      0.00      0.00      0.00    100.00
05:19:12          3      0.00      0.00      0.00      0.00      0.00    100.00
05:19:12          4      0.00      0.00      0.00      0.00      0.00    100.00
05:19:12          5      0.00      0.00      0.00      0.00      0.00    100.00
05:19:12          6      0.00      0.00      0.00      0.00      0.00    100.00
05:19:12          7      0.00      0.00      0.00      0.00      0.00    100.00
05:19:12          8      0.00      0.00      0.00      0.00      0.00    100.00
05:19:12          9      0.00      0.00      0.00      0.00      0.00    100.00
05:19:12         10      0.00      0.00      0.00      0.00      0.00    100.00
05:19:12         11      0.00      0.00      0.00      0.00      0.00    100.00
05:19:12         12      0.00      0.00      0.00      0.00      0.00    100.00
05:19:12         13      0.00      0.00      0.00      0.00      0.00    100.00
05:19:12         14      0.00      0.00      0.00      0.00      0.00    100.00
05:19:12         15      0.00      0.00      0.00      0.00      0.00    100.00
05:19:12         16      0.00      0.00      0.00      0.00      0.00    100.00
05:19:12         17      0.00      0.00      0.00      0.00      0.00    100.00
05:19:12         18      0.00      0.00      0.00      0.00      0.00    100.00
05:19:12         19      0.00      0.00      0.00      0.00      0.00    100.00
05:19:12         20      0.00      0.00      0.00      0.00      0.00    100.00
05:19:12         21      0.00      0.00      0.00      0.00      0.00    100.00
05:19:12         22      0.00      0.00      0.00      0.00      0.00    100.00
05:19:12         23      0.99      0.00      0.00      0.00      0.00     99.01
05:19:12         24      0.00      0.00      0.00      0.00      0.00    100.00
05:19:12         25      0.00      0.00      0.00      0.00      0.00    100.00
05:19:12         26      0.00      0.00      0.00      0.00      0.00    100.00
05:19:12         27      0.00      0.00      0.00      0.00      0.00    100.00
05:19:12         28      0.00      0.00      0.00      0.00      0.00    100.00
05:19:12         29      0.00      0.00      0.00      0.00      0.00    100.00
05:19:12         30      0.00      0.00      0.00      0.00      0.00    100.00
05:19:12         31      0.00      0.00      0.00      0.00      0.00    100.00

05:19:12        CPU     %user     %nice   %system   %iowait    %steal     %idle
05:19:13        all      0.06      0.00      0.00      0.00      0.00     99.94
05:19:13          0      0.00      0.00      0.00      0.00      0.00    100.00
05:19:13          1      0.00      0.00      0.00      0.00      0.00    100.00
05:19:13          2      0.00      0.00      0.00      0.00      0.00    100.00
05:19:13          3      0.00      0.00      0.00      0.00      0.00    100.00
05:19:13          4      0.00      0.00      0.00      0.00      0.00    100.00
05:19:13          5      0.00      0.00      0.00      0.00      0.00    100.00
05:19:13          6      0.00      0.00      0.00      0.00      0.00    100.00
05:19:13          7      0.00      0.00      0.00      0.00      0.00    100.00
05:19:13          8      0.00      0.00      0.00      0.00      0.00    100.00
05:19:13          9      0.00      0.00      0.00      0.00      0.00    100.00
05:19:13         10      0.00      0.00      0.00      0.00      0.00    100.00
05:19:13         11      0.00      0.00      0.00      0.00      0.00    100.00
05:19:13         12      0.00      0.00      0.00      0.00      0.00    100.00
05:19:13         13      0.00      0.00      0.00      0.00      0.00    100.00
05:19:13         14      0.00      0.00      0.00      0.00      0.00    100.00
05:19:13         15      0.00      0.00      0.00      0.00      0.00    100.00
05:19:13         16      0.99      0.00      0.00      0.00      0.00     99.01
05:19:13         17      0.99      0.00      0.00      0.00      0.00     99.01
05:19:13         18      0.00      0.00      0.00      0.00      0.00    100.00
05:19:13         19      0.00      0.00      0.00      0.00      0.00    100.00
05:19:13         20      0.00      0.00      0.00      0.00      0.00    100.00
05:19:13         21      0.00      0.00      0.00      0.00      0.00    100.00
05:19:13         22      0.00      0.00      0.00      0.00      0.00    100.00
05:19:13         23      0.00      0.00      0.00      0.00      0.00    100.00
05:19:13         24      0.00      0.00      0.00      0.00      0.00    100.00
05:19:13         25      0.00      0.00      0.00      0.00      0.00    100.00
05:19:13         26      0.00      0.00      0.00      0.00      0.00    100.00
05:19:13         27      0.00      0.00      0.00      0.00      0.00    100.00
05:19:13         28      0.00      0.00      0.00      0.00      0.00    100.00
05:19:13         29      0.00      0.00      0.00      0.00      0.00    100.00
05:19:13         30      0.00      0.00      0.00      0.00      0.00    100.00
05:19:13         31      0.00      0.00      0.00      0.00      0.00    100.00

05:19:13        CPU     %user     %nice   %system   %iowait    %steal     %idle
05:19:14        all      0.00      0.00      0.00      0.00      0.00    100.00
05:19:14          0      0.00      0.00      0.00      0.00      0.00    100.00
05:19:14          1      0.00      0.00      0.00      0.00      0.00    100.00
05:19:14          2      0.00      0.00      0.00      0.00      0.00    100.00
05:19:14          3      0.00      0.00      0.00      0.00      0.00    100.00
05:19:14          4      0.00      0.00      0.00      0.00      0.00    100.00
05:19:14          5      0.00      0.00      0.00      0.00      0.00    100.00
05:19:14          6      0.00      0.00      0.00      0.00      0.00    100.00
05:19:14          7      0.00      0.00      0.00      0.00      0.00    100.00
05:19:14          8      0.00      0.00      0.00      0.00      0.00    100.00
05:19:14          9      0.00      0.00      0.00      0.00      0.00    100.00
05:19:14         10      0.00      0.00      0.00      0.00      0.00    100.00
05:19:14         11      0.00      0.00      0.00      0.00      0.00    100.00
05:19:14         12      0.00      0.00      0.00      0.00      0.00    100.00
05:19:14         13      0.00      0.00      0.00      0.00      0.00    100.00
05:19:14         14      0.00      0.00      0.00      0.00      0.00    100.00
05:19:14         15      0.00      0.00      0.00      0.00      0.00    100.00
05:19:14         16      0.00      0.00      0.00      0.00      0.00    100.00
05:19:14         17      0.00      0.00      0.00      0.00      0.00    100.00
05:19:14         18      0.00      0.00      0.00      0.00      0.00    100.00
05:19:14         19      0.00      0.00      0.00      0.00      0.00    100.00
05:19:14         20      0.00      0.00      0.00      0.00      0.00    100.00
05:19:14         21      0.00      0.00      0.00      0.00      0.00    100.00
05:19:14         22      0.00      0.00      0.00      0.00      0.00    100.00
05:19:14         23      0.00      0.00      0.00      0.00      0.00    100.00
05:19:14         24      0.00      0.00      0.00      0.00      0.00    100.00
05:19:14         25      0.00      0.00      0.00      0.00      0.00    100.00
05:19:14         26      0.00      0.00      0.00      0.00      0.00    100.00
05:19:14         27      0.00      0.00      0.00      0.00      0.00    100.00
05:19:14         28      0.00      0.00      0.00      0.00      0.00    100.00
05:19:14         29      0.00      0.00      0.00      0.00      0.00    100.00
05:19:14         30      0.00      0.00      0.00      0.00      0.00    100.00
05:19:14         31      0.00      0.00      0.00      0.00      0.00    100.00

05:19:14        CPU     %user     %nice   %system   %iowait    %steal     %idle
05:19:15        all      0.00      0.00      0.00      0.00      0.00    100.00
05:19:15          0      0.00      0.00      0.00      0.00      0.00    100.00
05:19:15          1      0.00      0.00      0.00      0.00      0.00    100.00
05:19:15          2      0.00      0.00      0.00      0.00      0.00    100.00
05:19:15          3      0.00      0.00      0.00      0.00      0.00    100.00
05:19:15          4      0.00      0.00      0.00      0.00      0.00    100.00
05:19:15          5      0.00      0.00      0.00      0.00      0.00    100.00
05:19:15          6      0.00      0.00      0.00      0.00      0.00    100.00
05:19:15          7      0.00      0.00      0.00      0.00      0.00    100.00
05:19:15          8      0.00      0.00      0.00      0.00      0.00    100.00
05:19:15          9      0.00      0.00      0.00      0.00      0.00    100.00
05:19:15         10      0.00      0.00      0.00      0.00      0.00    100.00
05:19:15         11      0.00      0.00      0.00      0.00      0.00    100.00
05:19:15         12      0.00      0.00      0.00      0.00      0.00    100.00
05:19:15         13      0.00      0.00      0.00      0.00      0.00    100.00
05:19:15         14      0.00      0.00      0.00      0.00      0.00    100.00
05:19:15         15      0.00      0.00      0.00      0.00      0.00    100.00
05:19:15         16      0.00      0.00      0.00      0.00      0.00    100.00
05:19:15         17      0.00      0.00      0.00      0.00      0.00    100.00
05:19:15         18      0.00      0.00      0.00      0.00      0.00    100.00
05:19:15         19      0.00      0.00      0.00      0.00      0.00    100.00
05:19:15         20      0.00      0.00      0.00      0.00      0.00    100.00
05:19:15         21      0.00      0.00      0.00      0.00      0.00    100.00
05:19:15         22      0.00      0.00      0.00      0.00      0.00    100.00
05:19:15         23      0.00      0.00      0.00      0.00      0.00    100.00
05:19:15         24      0.00      0.00      0.00      0.00      0.00    100.00
05:19:15         25      0.00      0.00      0.00      0.00      0.00    100.00
05:19:15         26      0.00      0.00      0.00      0.00      0.00    100.00
05:19:15         27      0.00      0.00      0.00      0.00      0.00    100.00
05:19:15         28      0.00      0.00      0.00      0.00      0.00    100.00
05:19:15         29      0.00      0.00      0.00      0.00      0.00    100.00
05:19:15         30      0.00      0.00      0.00      0.00      0.00    100.00
05:19:15         31      0.00      0.00      0.00      0.00      0.00    100.00

05:19:15        CPU     %user     %nice   %system   %iowait    %steal     %idle
05:19:16        all      0.03      0.00      0.03      0.00      0.00     99.94
05:19:16          0      0.00      0.00      0.00      0.00      0.00    100.00
05:19:16          1      0.00      0.00      0.00      0.00      0.00    100.00
05:19:16          2      0.00      0.00      0.00      0.00      0.00    100.00
05:19:16          3      0.00      0.00      0.00      0.00      0.00    100.00
05:19:16          4      0.00      0.00      0.00      0.00      0.00    100.00
05:19:16          5      0.00      0.00      0.00      0.00      0.00    100.00
05:19:16          6      0.00      0.00      0.00      0.00      0.00    100.00
05:19:16          7      0.00      0.00      0.00      0.00      0.00    100.00
05:19:16          8      0.00      0.00      0.00      0.00      0.00    100.00
05:19:16          9      0.00      0.00      0.00      0.00      0.00    100.00
05:19:16         10      0.00      0.00      0.00      0.00      0.00    100.00
05:19:16         11      0.00      0.00      0.00      0.00      0.00    100.00
05:19:16         12      0.00      0.00      0.00      0.00      0.00    100.00
05:19:16         13      0.00      0.00      0.00      0.00      0.00    100.00
05:19:16         14      0.00      0.00      0.99      0.00      0.00     99.01
05:19:16         15      0.00      0.00      0.00      0.00      0.00    100.00
05:19:16         16      0.99      0.00      0.00      0.00      0.00     99.01
05:19:16         17      0.00      0.00      0.00      0.00      0.00    100.00
05:19:16         18      0.00      0.00      0.00      0.00      0.00    100.00
05:19:16         19      0.00      0.00      0.00      0.00      0.00    100.00
05:19:16         20      0.00      0.00      0.00      0.00      0.00    100.00
05:19:16         21      0.00      0.00      0.00      0.00      0.00    100.00
05:19:16         22      0.00      0.00      0.00      0.00      0.00    100.00
05:19:16         23      0.00      0.00      0.00      0.00      0.00    100.00
05:19:16         24      0.00      0.00      0.00      0.00      0.00    100.00
05:19:16         25      0.00      0.00      0.00      0.00      0.00    100.00
05:19:16         26      0.00      0.00      0.00      0.00      0.00    100.00
05:19:16         27      0.00      0.00      0.00      0.00      0.00    100.00
05:19:16         28      0.00      0.00      0.00      0.00      0.00    100.00
05:19:16         29      0.00      0.00      0.00      0.00      0.00    100.00
05:19:16         30      0.00      0.00      0.00      0.00      0.00    100.00
05:19:16         31      0.00      0.00      0.00      0.00      0.00    100.00

05:19:16        CPU     %user     %nice   %system   %iowait    %steal     %idle
05:19:17        all      0.00      0.00      0.00      0.00      0.00    100.00
05:19:17          0      0.00      0.00      0.00      0.00      0.00    100.00
05:19:17          1      0.00      0.00      0.00      0.00      0.00    100.00
05:19:17          2      0.00      0.00      0.00      0.00      0.00    100.00
05:19:17          3      0.00      0.00      0.00      0.00      0.00    100.00
05:19:17          4      0.00      0.00      0.00      0.00      0.00    100.00
05:19:17          5      0.00      0.00      0.00      0.00      0.00    100.00
05:19:17          6      0.00      0.00      0.00      0.00      0.00    100.00
05:19:17          7      0.00      0.00      0.00      0.00      0.00    100.00
05:19:17          8      0.00      0.00      0.00      0.00      0.00    100.00
05:19:17          9      0.00      0.00      0.00      0.00      0.00    100.00
05:19:17         10      0.00      0.00      0.00      0.00      0.00    100.00
05:19:17         11      0.00      0.00      0.00      0.00      0.00    100.00
05:19:17         12      0.00      0.00      0.00      0.00      0.00    100.00
05:19:17         13      0.00      0.00      0.00      0.00      0.00    100.00
05:19:17         14      0.00      0.00      0.00      0.00      0.00    100.00
05:19:17         15      0.00      0.00      0.00      0.00      0.00    100.00
05:19:17         16      0.00      0.00      0.00      0.00      0.00    100.00
05:19:17         17      0.00      0.00      0.00      0.00      0.00    100.00
05:19:17         18      0.00      0.00      0.00      0.00      0.00    100.00
05:19:17         19      0.00      0.00      0.00      0.00      0.00    100.00
05:19:17         20      0.00      0.00      0.00      0.00      0.00    100.00
05:19:17         21      0.00      0.00      0.00      0.00      0.00    100.00
05:19:17         22      0.00      0.00      0.00      0.00      0.00    100.00
05:19:17         23      0.00      0.00      0.00      0.00      0.00    100.00
05:19:17         24      0.00      0.00      0.00      0.00      0.00    100.00
05:19:17         25      0.00      0.00      0.00      0.00      0.00    100.00
05:19:17         26      0.00      0.00      0.00      0.00      0.00    100.00
05:19:17         27      0.00      0.00      0.00      0.00      0.00    100.00
05:19:17         28      0.00      0.00      0.00      0.00      0.00    100.00
05:19:17         29      0.00      0.00      0.00      0.00      0.00    100.00
05:19:17         30      0.00      0.00      0.00      0.00      0.00    100.00
05:19:17         31      0.00      0.00      0.00      0.00      0.00    100.00

05:19:17        CPU     %user     %nice   %system   %iowait    %steal     %idle
05:19:18        all      0.03      0.00      0.00      0.00      0.00     99.97
05:19:18          0      0.00      0.00      0.00      0.00      0.00    100.00
05:19:18          1      0.00      0.00      0.00      0.00      0.00    100.00
05:19:18          2      0.00      0.00      0.00      0.00      0.00    100.00
05:19:18          3      0.00      0.00      0.00      0.00      0.00    100.00
05:19:18          4      0.00      0.00      0.00      0.00      0.00    100.00
05:19:18          5      0.00      0.00      0.00      0.00      0.00    100.00
05:19:18          6      0.00      0.00      0.00      0.00      0.00    100.00
05:19:18          7      0.00      0.00      0.00      0.00      0.00    100.00
05:19:18          8      0.00      0.00      0.00      0.00      0.00    100.00
05:19:18          9      0.00      0.00      0.00      0.00      0.00    100.00
05:19:18         10      0.00      0.00      0.00      0.00      0.00    100.00
05:19:18         11      0.00      0.00      0.00      0.00      0.00    100.00
05:19:18         12      0.00      0.00      0.00      0.00      0.00    100.00
05:19:18         13      0.00      0.00      0.00      0.00      0.00    100.00
05:19:18         14      0.00      0.00      0.00      0.00      0.00    100.00
05:19:18         15      0.00      0.00      0.00      0.00      0.00    100.00
05:19:18         16      0.00      0.00      0.00      0.00      0.00    100.00
05:19:18         17      0.00      0.00      0.00      0.00      0.00    100.00
05:19:18         18      0.00      0.00      0.00      0.00      0.00    100.00
05:19:18         19      0.00      0.00      0.00      0.00      0.00    100.00
05:19:18         20      0.00      0.00      0.00      0.00      0.00    100.00
05:19:18         21      0.00      0.00      0.00      0.00      0.00    100.00
05:19:18         22      0.99      0.00      0.00      0.00      0.00     99.01
05:19:18         23      0.00      0.00      0.00      0.00      0.00    100.00
05:19:18         24      0.00      0.00      0.00      0.00      0.00    100.00
05:19:18         25      0.00      0.00      0.00      0.00      0.00    100.00
05:19:18         26      0.00      0.00      0.00      0.00      0.00    100.00
05:19:18         27      0.00      0.00      0.00      0.00      0.00    100.00
05:19:18         28      0.00      0.00      0.00      0.00      0.00    100.00
05:19:18         29      0.00      0.00      0.00      0.00      0.00    100.00
05:19:18         30      0.00      0.00      0.00      0.00      0.00    100.00
05:19:18         31      0.00      0.00      0.00      0.00      0.00    100.00

05:19:18        CPU     %user     %nice   %system   %iowait    %steal     %idle
05:19:19        all      0.00      0.00      0.00      0.00      0.00    100.00
05:19:19          0      0.00      0.00      0.00      0.00      0.00    100.00
05:19:19          1      0.00      0.00      0.00      0.00      0.00    100.00
05:19:19          2      0.00      0.00      0.00      0.00      0.00    100.00
05:19:19          3      0.00      0.00      0.00      0.00      0.00    100.00
05:19:19          4      0.00      0.00      0.00      0.00      0.00    100.00
05:19:19          5      0.00      0.00      0.00      0.00      0.00    100.00
05:19:19          6      0.00      0.00      0.00      0.00      0.00    100.00
05:19:19          7      0.00      0.00      0.00      0.00      0.00    100.00
05:19:19          8      0.00      0.00      0.00      0.00      0.00    100.00
05:19:19          9      0.00      0.00      0.00      0.00      0.00    100.00
05:19:19         10      0.00      0.00      0.00      0.00      0.00    100.00
05:19:19         11      0.00      0.00      0.00      0.00      0.00    100.00
05:19:19         12      0.00      0.00      0.00      0.00      0.00    100.00
05:19:19         13      0.00      0.00      0.00      0.00      0.00    100.00
05:19:19         14      0.00      0.00      0.00      0.00      0.00    100.00
05:19:19         15      0.00      0.00      0.00      0.00      0.00    100.00
05:19:19         16      0.00      0.00      0.00      0.00      0.00    100.00
05:19:19         17      0.00      0.00      0.00      0.00      0.00    100.00
05:19:19         18      0.00      0.00      0.00      0.00      0.00    100.00
05:19:19         19      0.00      0.00      0.00      0.00      0.00    100.00
05:19:19         20      0.00      0.00      0.00      0.00      0.00    100.00
05:19:19         21      0.00      0.00      0.00      0.00      0.00    100.00
05:19:19         22      0.00      0.00      0.00      0.00      0.00    100.00
05:19:19         23      0.00      0.00      0.00      0.00      0.00    100.00
05:19:19         24      0.00      0.00      0.00      0.00      0.00    100.00
05:19:19         25      0.00      0.00      0.00      0.00      0.00    100.00
05:19:19         26      0.00      0.00      0.00      0.00      0.00    100.00
05:19:19         27      0.00      0.00      0.00      0.00      0.00    100.00
05:19:19         28      0.00      0.00      0.00      0.00      0.00    100.00
05:19:19         29      0.00      0.00      0.00      0.00      0.00    100.00
05:19:19         30      0.00      0.00      0.00      0.00      0.00    100.00
05:19:19         31      0.00      0.00      0.00      0.00      0.00    100.00

05:19:19        CPU     %user     %nice   %system   %iowait    %steal     %idle
05:19:20        all      0.00      0.00      0.03      0.00      0.00     99.97
05:19:20          0      0.00      0.00      0.00      0.00      0.00    100.00
05:19:20          1      0.00      0.00      0.00      0.00      0.00    100.00
05:19:20          2      0.00      0.00      0.00      0.00      0.00    100.00
05:19:20          3      0.00      0.00      0.00      0.00      0.00    100.00
05:19:20          4      0.00      0.00      0.00      0.00      0.00    100.00
05:19:20          5      0.00      0.00      0.00      0.00      0.00    100.00
05:19:20          6      0.00      0.00      0.00      0.00      0.00    100.00
05:19:20          7      0.00      0.00      0.00      0.00      0.00    100.00
05:19:20          8      0.00      0.00      0.00      0.00      0.00    100.00
05:19:20          9      0.00      0.00      0.00      0.00      0.00    100.00
05:19:20         10      0.00      0.00      0.00      0.00      0.00    100.00
05:19:20         11      0.00      0.00      0.00      0.00      0.00    100.00
05:19:20         12      0.00      0.00      0.00      0.00      0.00    100.00
05:19:20         13      0.00      0.00      0.00      0.00      0.00    100.00
05:19:20         14      0.00      0.00      0.00      0.00      0.00    100.00
05:19:20         15      0.00      0.00      0.00      0.00      0.00    100.00
05:19:20         16      0.00      0.00      0.00      0.00      0.00    100.00
05:19:20         17      0.00      0.00      0.99      0.00      0.00     99.01
05:19:20         18      0.00      0.00      0.00      0.00      0.00    100.00
05:19:20         19      0.00      0.00      0.00      0.00      0.00    100.00
05:19:20         20      0.00      0.00      0.00      0.00      0.00    100.00
05:19:20         21      0.00      0.00      0.00      0.00      0.00    100.00
05:19:20         22      0.00      0.00      0.00      0.00      0.00    100.00
05:19:20         23      0.00      0.00      0.00      0.00      0.00    100.00
05:19:20         24      0.00      0.00      0.00      0.00      0.00    100.00
05:19:20         25      0.00      0.00      0.00      0.00      0.00    100.00
05:19:20         26      0.00      0.00      0.00      0.00      0.00    100.00
05:19:20         27      0.00      0.00      0.00      0.00      0.00    100.00
05:19:20         28      0.00      0.00      0.00      0.00      0.00    100.00
05:19:20         29      0.00      0.00      0.00      0.00      0.00    100.00
05:19:20         30      0.00      0.00      0.00      0.00      0.00    100.00
05:19:20         31      0.00      0.00      0.00      0.00      0.00    100.00

05:19:20        CPU     %user     %nice   %system   %iowait    %steal     %idle
05:19:21        all      0.00      0.00      0.00      0.00      0.00    100.00
05:19:21          0      0.00      0.00      0.00      0.00      0.00    100.00
05:19:21          1      0.00      0.00      0.00      0.00      0.00    100.00
05:19:21          2      0.00      0.00      0.00      0.00      0.00    100.00
05:19:21          3      0.00      0.00      0.00      0.00      0.00    100.00
05:19:21          4      0.00      0.00      0.00      0.00      0.00    100.00
05:19:21          5      0.00      0.00      0.00      0.00      0.00    100.00
05:19:21          6      0.00      0.00      0.00      0.00      0.00    100.00
05:19:21          7      0.00      0.00      0.00      0.00      0.00    100.00
05:19:21          8      0.00      0.00      0.00      0.00      0.00    100.00
05:19:21          9      0.00      0.00      0.00      0.00      0.00    100.00
05:19:21         10      0.00      0.00      0.00      0.00      0.00    100.00
05:19:21         11      0.00      0.00      0.00      0.00      0.00    100.00
05:19:21         12      0.00      0.00      0.00      0.00      0.00    100.00
05:19:21         13      0.00      0.00      0.00      0.00      0.00    100.00
05:19:21         14      0.00      0.00      0.00      0.00      0.00    100.00
05:19:21         15      0.00      0.00      0.00      0.00      0.00    100.00
05:19:21         16      0.00      0.00      0.00      0.00      0.00    100.00
05:19:21         17      0.00      0.00      0.00      0.00      0.00    100.00
05:19:21         18      0.00      0.00      0.00      0.00      0.00    100.00
05:19:21         19      0.00      0.00      0.00      0.00      0.00    100.00
05:19:21         20      0.00      0.00      0.00      0.00      0.00    100.00
05:19:21         21      0.00      0.00      0.00      0.00      0.00    100.00
05:19:21         22      0.00      0.00      0.00      0.00      0.00    100.00
05:19:21         23      0.00      0.00      0.00      0.00      0.00    100.00
05:19:21         24      0.00      0.00      0.00      0.00      0.00    100.00
05:19:21         25      0.00      0.00      0.00      0.00      0.00    100.00
05:19:21         26      0.00      0.00      0.00      0.00      0.00    100.00
05:19:21         27      0.00      0.00      0.00      0.00      0.00    100.00
05:19:21         28      0.00      0.00      0.00      0.00      0.00    100.00
05:19:21         29      0.00      0.00      0.00      0.00      0.00    100.00
05:19:21         30      0.00      0.00      0.00      0.00      0.00    100.00
05:19:21         31      0.00      0.00      0.00      0.00      0.00    100.00

05:19:21        CPU     %user     %nice   %system   %iowait    %steal     %idle
05:19:22        all      0.03      0.00      0.00      0.00      0.00     99.97
05:19:22          0      0.00      0.00      0.00      0.00      0.00    100.00
05:19:22          1      0.00      0.00      0.00      0.00      0.00    100.00
05:19:22          2      0.00      0.00      0.00      0.00      0.00    100.00
05:19:22          3      0.00      0.00      0.00      0.00      0.00    100.00
05:19:22          4      0.00      0.00      0.00      0.00      0.00    100.00
05:19:22          5      0.00      0.00      0.00      0.00      0.00    100.00
05:19:22          6      0.00      0.00      0.00      0.00      0.00    100.00
05:19:22          7      0.00      0.00      0.00      0.00      0.00    100.00
05:19:22          8      0.00      0.00      0.00      0.00      0.00    100.00
05:19:22          9      0.00      0.00      0.00      0.00      0.00    100.00
05:19:22         10      0.00      0.00      0.00      0.00      0.00    100.00
05:19:22         11      0.00      0.00      0.00      0.00      0.00    100.00
05:19:22         12      0.00      0.00      0.00      0.00      0.00    100.00
05:19:22         13      0.00      0.00      0.00      0.00      0.00    100.00
05:19:22         14      0.00      0.00      0.00      0.00      0.00    100.00
05:19:22         15      1.00      0.00      0.00      0.00      0.00     99.00
05:19:22         16      0.00      0.00      0.00      0.00      0.00    100.00
05:19:22         17      0.00      0.00      0.00      0.00      0.00    100.00
05:19:22         18      0.00      0.00      0.00      0.00      0.00    100.00
05:19:22         19      0.00      0.00      0.00      0.00      0.00    100.00
05:19:22         20      0.00      0.00      0.00      0.00      0.00    100.00
05:19:22         21      0.00      0.00      0.00      0.00      0.00    100.00
05:19:22         22      0.00      0.00      0.00      0.00      0.00    100.00
05:19:22         23      0.00      0.00      0.00      0.00      0.00    100.00
05:19:22         24      0.00      0.00      0.00      0.00      0.00    100.00
05:19:22         25      0.00      0.00      0.00      0.00      0.00    100.00
05:19:22         26      0.00      0.00      0.00      0.00      0.00    100.00
05:19:22         27      0.00      0.00      0.00      0.00      0.00    100.00
05:19:22         28      0.00      0.00      0.00      0.00      0.00    100.00
05:19:22         29      0.00      0.00      0.00      0.00      0.00    100.00
05:19:22         30      0.00      0.00      0.00      0.00      0.00    100.00
05:19:22         31      0.00      0.00      0.00      0.00      0.00    100.00

05:19:22        CPU     %user     %nice   %system   %iowait    %steal     %idle
05:19:23        all      0.03      0.00      0.03      0.00      0.00     99.94
05:19:23          0      0.00      0.00      1.00      0.00      0.00     99.00
05:19:23          1      0.00      0.00      0.00      0.00      0.00    100.00
05:19:23          2      0.00      0.00      0.00      0.00      0.00    100.00
05:19:23          3      0.00      0.00      0.00      0.00      0.00    100.00
05:19:23          4      0.00      0.00      0.00      0.00      0.00    100.00
05:19:23          5      0.00      0.00      0.00      0.00      0.00    100.00
05:19:23          6      0.00      0.00      0.00      0.00      0.00    100.00
05:19:23          7      0.00      0.00      0.00      0.00      0.00    100.00
05:19:23          8      0.00      0.00      0.00      0.00      0.00    100.00
05:19:23          9      0.00      0.00      0.00      0.00      0.00    100.00
05:19:23         10      0.00      0.00      0.00      0.00      0.00    100.00
05:19:23         11      0.00      0.00      0.00      0.00      0.00    100.00
05:19:23         12      0.00      0.00      0.00      0.00      0.00    100.00
05:19:23         13      0.00      0.00      0.00      0.00      0.00    100.00
05:19:23         14      0.00      0.00      0.00      0.00      0.00    100.00
05:19:23         15      0.00      0.00      0.00      0.00      0.00    100.00
05:19:23         16      0.00      0.00      0.00      0.00      0.00    100.00
05:19:23         17      0.00      0.00      0.00      0.00      0.00    100.00
05:19:23         18      0.00      0.00      0.00      0.00      0.00    100.00
05:19:23         19      0.00      0.00      0.00      0.00      0.00    100.00
05:19:23         20      0.00      0.00      0.00      0.00      0.00    100.00
05:19:23         21      0.00      0.00      0.00      0.00      0.00    100.00
05:19:23         22      0.99      0.00      0.00      0.00      0.00     99.01
05:19:23         23      0.00      0.00      0.00      0.00      0.00    100.00
05:19:23         24      0.00      0.00      0.00      0.00      0.00    100.00
05:19:23         25      0.00      0.00      0.00      0.00      0.00    100.00
05:19:23         26      0.00      0.00      0.00      0.00      0.00    100.00
05:19:23         27      0.00      0.00      0.00      0.00      0.00    100.00
05:19:23         28      0.00      0.00      0.00      0.00      0.00    100.00
05:19:23         29      0.00      0.00      0.00      0.00      0.00    100.00
05:19:23         30      0.00      0.00      0.00      0.00      0.00    100.00
05:19:23         31      0.00      0.00      0.00      0.00      0.00    100.00

05:19:23        CPU     %user     %nice   %system   %iowait    %steal     %idle
05:19:24        all      0.00      0.00      0.00      0.00      0.00    100.00
05:19:24          0      0.00      0.00      0.00      0.00      0.00    100.00
05:19:24          1      0.00      0.00      0.00      0.00      0.00    100.00
05:19:24          2      0.00      0.00      0.00      0.00      0.00    100.00
05:19:24          3      0.00      0.00      0.00      0.00      0.00    100.00
05:19:24          4      0.00      0.00      0.00      0.00      0.00    100.00
05:19:24          5      0.00      0.00      0.00      0.00      0.00    100.00
05:19:24          6      0.00      0.00      0.00      0.00      0.00    100.00
05:19:24          7      0.00      0.00      0.00      0.00      0.00    100.00
05:19:24          8      0.00      0.00      0.00      0.00      0.00    100.00
05:19:24          9      0.00      0.00      0.00      0.00      0.00    100.00
05:19:24         10      0.00      0.00      0.00      0.00      0.00    100.00
05:19:24         11      0.00      0.00      0.00      0.00      0.00    100.00
05:19:24         12      0.00      0.00      0.00      0.00      0.00    100.00
05:19:24         13      0.00      0.00      0.00      0.00      0.00    100.00
05:19:24         14      0.00      0.00      0.00      0.00      0.00    100.00
05:19:24         15      0.00      0.00      0.00      0.00      0.00    100.00
05:19:24         16      0.00      0.00      0.00      0.00      0.00    100.00
05:19:24         17      0.00      0.00      0.00      0.00      0.00    100.00
05:19:24         18      0.00      0.00      0.00      0.00      0.00    100.00
05:19:24         19      0.00      0.00      0.00      0.00      0.00    100.00
05:19:24         20      0.00      0.00      0.00      0.00      0.00    100.00
05:19:24         21      0.00      0.00      0.00      0.00      0.00    100.00
05:19:24         22      0.00      0.00      0.00      0.00      0.00    100.00
05:19:24         23      0.00      0.00      0.00      0.00      0.00    100.00
05:19:24         24      0.00      0.00      0.00      0.00      0.00    100.00
05:19:24         25      0.00      0.00      0.00      0.00      0.00    100.00
05:19:24         26      0.00      0.00      0.00      0.00      0.00    100.00
05:19:24         27      0.00      0.00      0.00      0.00      0.00    100.00
05:19:24         28      0.00      0.00      0.00      0.00      0.00    100.00
05:19:24         29      0.00      0.00      0.00      0.00      0.00    100.00
05:19:24         30      0.00      0.00      0.00      0.00      0.00    100.00
05:19:24         31      0.00      0.00      0.00      0.00      0.00    100.00

05:19:24        CPU     %user     %nice   %system   %iowait    %steal     %idle
05:19:25        all      0.16      0.00      0.00      0.00      0.00     99.84
05:19:25          0      0.00      0.00      0.00      0.00      0.00    100.00
05:19:25          1      0.00      0.00      0.00      0.00      0.00    100.00
05:19:25          2      0.00      0.00      0.00      0.00      0.00    100.00
05:19:25          3      0.00      0.00      0.00      0.00      0.00    100.00
05:19:25          4      0.00      0.00      0.00      0.00      0.00    100.00
05:19:25          5      0.00      0.00      0.00      0.00      0.00    100.00
05:19:25          6      0.00      0.00      0.00      0.00      0.00    100.00
05:19:25          7      0.00      0.00      0.00      0.00      0.00    100.00
05:19:25          8      0.00      0.00      0.00      0.00      0.00    100.00
05:19:25          9      0.00      0.00      0.00      0.00      0.00    100.00
05:19:25         10      0.00      0.00      0.00      0.00      0.00    100.00
05:19:25         11      0.00      0.00      0.00      0.00      0.00    100.00
05:19:25         12      0.00      0.00      0.00      0.00      0.00    100.00
05:19:25         13      0.00      0.00      0.00      0.00      0.00    100.00
05:19:25         14      0.00      0.00      0.00      0.00      0.00    100.00
05:19:25         15      0.00      0.00      0.00      0.00      0.00    100.00
05:19:25         16      1.00      0.00      0.00      0.00      0.00     99.00
05:19:25         17      3.03      0.00      0.00      0.00      0.00     96.97
05:19:25         18      1.00      0.00      0.00      0.00      0.00     99.00
05:19:25         19      0.00      0.00      0.00      0.00      0.00    100.00
05:19:25         20      0.00      0.00      0.00      0.00      0.00    100.00
05:19:25         21      0.00      0.00      0.00      0.00      0.00    100.00
05:19:25         22      0.00      0.00      0.00      0.00      0.00    100.00
05:19:25         23      0.00      0.00      0.00      0.00      0.00    100.00
05:19:25         24      0.00      0.00      0.00      0.00      0.00    100.00
05:19:25         25      0.00      0.00      0.00      0.00      0.00    100.00
05:19:25         26      0.00      0.00      0.00      0.00      0.00    100.00
05:19:25         27      0.00      0.00      0.00      0.00      0.00    100.00
05:19:25         28      0.00      0.00      0.00      0.00      0.00    100.00
05:19:25         29      0.00      0.00      0.00      0.00      0.00    100.00
05:19:25         30      0.00      0.00      0.00      0.00      0.00    100.00
05:19:25         31      0.00      0.00      0.00      0.00      0.00    100.00

05:19:25        CPU     %user     %nice   %system   %iowait    %steal     %idle
05:19:26        all      0.03      0.00      0.00      0.00      0.00     99.97
05:19:26          0      0.00      0.00      0.00      0.00      0.00    100.00
05:19:26          1      0.00      0.00      0.00      0.00      0.00    100.00
05:19:26          2      0.00      0.00      0.00      0.00      0.00    100.00
05:19:26          3      0.00      0.00      0.00      0.00      0.00    100.00
05:19:26          4      0.00      0.00      0.00      0.00      0.00    100.00
05:19:26          5      0.00      0.00      0.00      0.00      0.00    100.00
05:19:26          6      0.00      0.00      0.00      0.00      0.00    100.00
05:19:26          7      0.00      0.00      0.00      0.00      0.00    100.00
05:19:26          8      0.00      0.00      0.00      0.00      0.00    100.00
05:19:26          9      0.00      0.00      0.00      0.00      0.00    100.00
05:19:26         10      0.00      0.00      0.00      0.00      0.00    100.00
05:19:26         11      0.00      0.00      0.00      0.00      0.00    100.00
05:19:26         12      0.99      0.00      0.00      0.00      0.00     99.01
05:19:26         13      0.00      0.00      0.00      0.00      0.00    100.00
05:19:26         14      0.00      0.00      0.00      0.00      0.00    100.00
05:19:26         15      0.00      0.00      0.00      0.00      0.00    100.00
05:19:26         16      0.00      0.00      0.00      0.00      0.00    100.00
05:19:26         17      0.00      0.00      0.00      0.00      0.00    100.00
05:19:26         18      0.00      0.00      0.00      0.00      0.00    100.00
05:19:26         19      0.00      0.00      0.00      0.00      0.00    100.00
05:19:26         20      0.00      0.00      0.00      0.00      0.00    100.00
05:19:26         21      0.00      0.00      0.00      0.00      0.00    100.00
05:19:26         22      0.00      0.00      0.00      0.00      0.00    100.00
05:19:26         23      0.00      0.00      0.00      0.00      0.00    100.00
05:19:26         24      0.00      0.00      0.00      0.00      0.00    100.00
05:19:26         25      0.00      0.00      0.00      0.00      0.00    100.00
05:19:26         26      0.00      0.00      0.00      0.00      0.00    100.00
05:19:26         27      0.00      0.00      0.00      0.00      0.00    100.00
05:19:26         28      0.00      0.00      0.00      0.00      0.00    100.00
05:19:26         29      0.00      0.00      0.00      0.00      0.00    100.00
05:19:26         30      0.00      0.00      0.00      0.00      0.00    100.00
05:19:26         31      0.00      0.00      0.00      0.00      0.00    100.00

05:19:26        CPU     %user     %nice   %system   %iowait    %steal     %idle
05:19:27        all      0.03      0.00      0.03      0.00      0.00     99.94
05:19:27          0      0.00      0.00      0.00      0.00      0.00    100.00
05:19:27          1      0.00      0.00      0.00      0.00      0.00    100.00
05:19:27          2      0.00      0.00      0.00      0.00      0.00    100.00
05:19:27          3      0.00      0.00      0.00      0.00      0.00    100.00
05:19:27          4      0.00      0.00      0.00      0.00      0.00    100.00
05:19:27          5      0.00      0.00      0.00      0.00      0.00    100.00
05:19:27          6      0.00      0.00      0.00      0.00      0.00    100.00
05:19:27          7      0.00      0.00      0.00      0.00      0.00    100.00
05:19:27          8      0.00      0.00      0.00      0.00      0.00    100.00
05:19:27          9      0.00      0.00      0.00      0.00      0.00    100.00
05:19:27         10      0.99      0.00      0.00      0.00      0.00     99.01
05:19:27         11      0.00      0.00      0.00      0.00      0.00    100.00
05:19:27         12      0.00      0.00      0.00      0.00      0.00    100.00
05:19:27         13      0.00      0.00      0.00      0.00      0.00    100.00
05:19:27         14      0.00      0.00      0.00      0.00      0.00    100.00
05:19:27         15      0.00      0.00      0.00      0.00      0.00    100.00
05:19:27         16      0.00      0.00      0.00      0.00      0.00    100.00
05:19:27         17      0.00      0.00      0.99      0.00      0.00     99.01
05:19:27         18      0.00      0.00      0.00      0.00      0.00    100.00
05:19:27         19      0.00      0.00      0.00      0.00      0.00    100.00
05:19:27         20      0.00      0.00      0.00      0.00      0.00    100.00
05:19:27         21      0.00      0.00      0.00      0.00      0.00    100.00
05:19:27         22      0.00      0.00      0.00      0.00      0.00    100.00
05:19:27         23      0.00      0.00      0.00      0.00      0.00    100.00
05:19:27         24      0.00      0.00      0.00      0.00      0.00    100.00
05:19:27         25      0.00      0.00      0.00      0.00      0.00    100.00
05:19:27         26      0.00      0.00      0.00      0.00      0.00    100.00
05:19:27         27      0.00      0.00      0.00      0.00      0.00    100.00
05:19:27         28      0.00      0.00      0.00      0.00      0.00    100.00
05:19:27         29      0.00      0.00      0.00      0.00      0.00    100.00
05:19:27         30      0.00      0.00      0.00      0.00      0.00    100.00
05:19:27         31      0.00      0.00      0.00      0.00      0.00    100.00

05:19:27        CPU     %user     %nice   %system   %iowait    %steal     %idle
05:19:28        all      0.00      0.00      0.00      0.00      0.00    100.00
05:19:28          0      0.00      0.00      0.00      0.00      0.00    100.00
05:19:28          1      0.00      0.00      0.00      0.00      0.00    100.00
05:19:28          2      0.00      0.00      0.00      0.00      0.00    100.00
05:19:28          3      0.00      0.00      0.00      0.00      0.00    100.00
05:19:28          4      0.00      0.00      0.00      0.00      0.00    100.00
05:19:28          5      0.00      0.00      0.00      0.00      0.00    100.00
05:19:28          6      0.00      0.00      0.00      0.00      0.00    100.00
05:19:28          7      0.00      0.00      0.00      0.00      0.00    100.00
05:19:28          8      0.00      0.00      0.00      0.00      0.00    100.00
05:19:28          9      0.00      0.00      0.00      0.00      0.00    100.00
05:19:28         10      0.00      0.00      0.00      0.00      0.00    100.00
05:19:28         11      0.00      0.00      0.00      0.00      0.00    100.00
05:19:28         12      0.00      0.00      0.00      0.00      0.00    100.00
05:19:28         13      0.00      0.00      0.00      0.00      0.00    100.00
05:19:28         14      0.00      0.00      0.00      0.00      0.00    100.00
05:19:28         15      0.00      0.00      0.00      0.00      0.00    100.00
05:19:28         16      0.00      0.00      0.00      0.00      0.00    100.00
05:19:28         17      0.00      0.00      0.00      0.00      0.00    100.00
05:19:28         18      0.00      0.00      0.00      0.00      0.00    100.00
05:19:28         19      0.00      0.00      0.00      0.00      0.00    100.00
05:19:28         20      0.00      0.00      0.00      0.00      0.00    100.00
05:19:28         21      0.00      0.00      0.00      0.00      0.00    100.00
05:19:28         22      0.00      0.00      0.00      0.00      0.00    100.00
05:19:28         23      0.00      0.00      0.00      0.00      0.00    100.00
05:19:28         24      0.00      0.00      0.00      0.00      0.00    100.00
05:19:28         25      0.00      0.00      0.00      0.00      0.00    100.00
05:19:28         26      0.00      0.00      0.00      0.00      0.00    100.00
05:19:28         27      0.00      0.00      0.00      0.00      0.00    100.00
05:19:28         28      0.00      0.00      0.00      0.00      0.00    100.00
05:19:28         29      0.00      0.00      0.00      0.00      0.00    100.00
05:19:28         30      0.00      0.00      0.00      0.00      0.00    100.00
05:19:28         31      0.00      0.00      0.00      0.00      0.00    100.00

05:19:28        CPU     %user     %nice   %system   %iowait    %steal     %idle
05:19:29        all      0.03      0.00      0.06      0.00      0.00     99.91
05:19:29          0      0.00      0.00      0.00      0.00      0.00    100.00
05:19:29          1      0.00      0.00      0.00      0.00      0.00    100.00
05:19:29          2      0.00      0.00      0.00      0.00      0.00    100.00
05:19:29          3      0.00      0.00      0.00      0.00      0.00    100.00
05:19:29          4      0.00      0.00      0.00      0.00      0.00    100.00
05:19:29          5      0.00      0.00      0.00      0.00      0.00    100.00
05:19:29          6      0.00      0.00      0.00      0.00      0.00    100.00
05:19:29          7      0.00      0.00      0.00      0.00      0.00    100.00
05:19:29          8      0.00      0.00      0.00      0.00      0.00    100.00
05:19:29          9      0.00      0.00      0.00      0.00      0.00    100.00
05:19:29         10      0.00      0.00      0.00      0.00      0.00    100.00
05:19:29         11      0.00      0.00      0.00      0.00      0.00    100.00
05:19:29         12      0.00      0.00      0.00      0.00      0.00    100.00
05:19:29         13      0.99      0.00      0.00      0.00      0.00     99.01
05:19:29         14      0.00      0.00      0.99      0.00      0.00     99.01
05:19:29         15      0.00      0.00      0.00      0.00      0.00    100.00
05:19:29         16      0.00      0.00      0.00      0.00      0.00    100.00
05:19:29         17      0.00      0.00      0.00      0.00      0.00    100.00
05:19:29         18      0.00      0.00      0.00      0.00      0.00    100.00
05:19:29         19      0.00      0.00      0.00      0.00      0.00    100.00
05:19:29         20      0.00      0.00      0.00      0.00      0.00    100.00
05:19:29         21      0.00      0.00      0.00      0.00      0.00    100.00
05:19:29         22      0.00      0.00      0.00      0.00      0.00    100.00
05:19:29         23      0.00      0.00      0.00      0.00      0.00    100.00
05:19:29         24      0.00      0.00      0.00      0.00      0.00    100.00
05:19:29         25      0.00      0.00      0.00      0.00      0.00    100.00
05:19:29         26      0.00      0.00      0.00      0.00      0.00    100.00
05:19:29         27      0.00      0.00      0.00      0.00      0.00    100.00
05:19:29         28      0.00      0.00      0.00      0.00      0.00    100.00
05:19:29         29      0.00      0.00      0.99      0.00      0.00     99.01
05:19:29         30      0.00      0.00      0.00      0.00      0.00    100.00
05:19:29         31      0.00      0.00      0.00      0.00      0.00    100.00

05:19:29        CPU     %user     %nice   %system   %iowait    %steal     %idle
05:19:30        all      0.03      0.00      0.00      0.00      0.00     99.97
05:19:30          0      0.00      0.00      0.00      0.00      0.00    100.00
05:19:30          1      0.00      0.00      0.00      0.00      0.00    100.00
05:19:30          2      0.00      0.00      0.00      0.00      0.00    100.00
05:19:30          3      0.00      0.00      0.00      0.00      0.00    100.00
05:19:30          4      0.00      0.00      0.00      0.00      0.00    100.00
05:19:30          5      0.00      0.00      0.00      0.00      0.00    100.00
05:19:30          6      0.00      0.00      0.00      0.00      0.00    100.00
05:19:30          7      0.00      0.00      0.00      0.00      0.00    100.00
05:19:30          8      0.00      0.00      0.00      0.00      0.00    100.00
05:19:30          9      0.00      0.00      0.00      0.00      0.00    100.00
05:19:30         10      0.00      0.00      0.00      0.00      0.00    100.00
05:19:30         11      0.00      0.00      0.00      0.00      0.00    100.00
05:19:30         12      0.00      0.00      0.00      0.00      0.00    100.00
05:19:30         13      1.00      0.00      0.00      0.00      0.00     99.00
05:19:30         14      0.00      0.00      0.00      0.00      0.00    100.00
05:19:30         15      0.00      0.00      0.00      0.00      0.00    100.00
05:19:30         16      0.00      0.00      0.00      0.00      0.00    100.00
05:19:30         17      0.00      0.00      0.00      0.00      0.00    100.00
05:19:30         18      0.00      0.00      0.00      0.00      0.00    100.00
05:19:30         19      0.00      0.00      0.00      0.00      0.00    100.00
05:19:30         20      0.00      0.00      0.00      0.00      0.00    100.00
05:19:30         21      0.00      0.00      0.00      0.00      0.00    100.00
05:19:30         22      0.00      0.00      0.00      0.00      0.00    100.00
05:19:30         23      0.00      0.00      0.00      0.00      0.00    100.00
05:19:30         24      0.00      0.00      0.00      0.00      0.00    100.00
05:19:30         25      0.00      0.00      0.00      0.00      0.00    100.00
05:19:30         26      0.00      0.00      0.00      0.00      0.00    100.00
05:19:30         27      0.00      0.00      0.00      0.00      0.00    100.00
05:19:30         28      0.00      0.00      0.00      0.00      0.00    100.00
05:19:30         29      0.00      0.00      0.00      0.00      0.00    100.00
05:19:30         30      0.00      0.00      0.00      0.00      0.00    100.00
05:19:30         31      0.00      0.00      0.00      0.00      0.00    100.00

05:19:30        CPU     %user     %nice   %system   %iowait    %steal     %idle
05:19:31        all      0.00      0.00      0.00      0.00      0.00    100.00
05:19:31          0      0.00      0.00      0.00      0.00      0.00    100.00
05:19:31          1      0.00      0.00      0.00      0.00      0.00    100.00
05:19:31          2      0.00      0.00      0.00      0.00      0.00    100.00
05:19:31          3      0.00      0.00      0.00      0.00      0.00    100.00
05:19:31          4      0.00      0.00      0.00      0.00      0.00    100.00
05:19:31          5      0.00      0.00      0.00      0.00      0.00    100.00
05:19:31          6      0.00      0.00      0.00      0.00      0.00    100.00
05:19:31          7      0.00      0.00      0.00      0.00      0.00    100.00
05:19:31          8      0.00      0.00      0.00      0.00      0.00    100.00
05:19:31          9      0.00      0.00      0.00      0.00      0.00    100.00
05:19:31         10      0.00      0.00      0.00      0.00      0.00    100.00
05:19:31         11      0.00      0.00      0.00      0.00      0.00    100.00
05:19:31         12      0.00      0.00      0.00      0.00      0.00    100.00
05:19:31         13      0.00      0.00      0.00      0.00      0.00    100.00
05:19:31         14      0.00      0.00      0.00      0.00      0.00    100.00
05:19:31         15      0.00      0.00      0.00      0.00      0.00    100.00
05:19:31         16      0.00      0.00      0.00      0.00      0.00    100.00
05:19:31         17      0.00      0.00      0.00      0.00      0.00    100.00
05:19:31         18      0.00      0.00      0.00      0.00      0.00    100.00
05:19:31         19      0.00      0.00      0.00      0.00      0.00    100.00
05:19:31         20      0.00      0.00      0.00      0.00      0.00    100.00
05:19:31         21      0.00      0.00      0.00      0.00      0.00    100.00
05:19:31         22      0.00      0.00      0.00      0.00      0.00    100.00
05:19:31         23      0.00      0.00      0.00      0.00      0.00    100.00
05:19:31         24      0.00      0.00      0.00      0.00      0.00    100.00
05:19:31         25      0.00      0.00      0.00      0.00      0.00    100.00
05:19:31         26      0.00      0.00      0.00      0.00      0.00    100.00
05:19:31         27      0.00      0.00      0.00      0.00      0.00    100.00
05:19:31         28      0.00      0.00      0.00      0.00      0.00    100.00
05:19:31         29      0.00      0.00      0.00      0.00      0.00    100.00
05:19:31         30      0.00      0.00      0.00      0.00      0.00    100.00
05:19:31         31      0.00      0.00      0.00      0.00      0.00    100.00

05:19:31        CPU     %user     %nice   %system   %iowait    %steal     %idle
05:19:32        all      0.06      0.00      0.00      0.00      0.00     99.94
05:19:32          0      0.00      0.00      0.00      0.00      0.00    100.00
05:19:32          1      0.00      0.00      0.00      0.00      0.00    100.00
05:19:32          2      0.00      0.00      0.00      0.00      0.00    100.00
05:19:32          3      0.00      0.00      0.00      0.00      0.00    100.00
05:19:32          4      0.00      0.00      0.00      0.00      0.00    100.00
05:19:32          5      0.00      0.00      0.00      0.00      0.00    100.00
05:19:32          6      0.00      0.00      0.00      0.00      0.00    100.00
05:19:32          7      0.00      0.00      0.00      0.00      0.00    100.00
05:19:32          8      0.00      0.00      0.00      0.00      0.00    100.00
05:19:32          9      0.00      0.00      0.00      0.00      0.00    100.00
05:19:32         10      0.00      0.00      0.00      0.00      0.00    100.00
05:19:32         11      0.00      0.00      0.00      0.00      0.00    100.00
05:19:32         12      0.00      0.00      0.00      0.00      0.00    100.00
05:19:32         13      1.00      0.00      0.00      0.00      0.00     99.00
05:19:32         14      0.00      0.00      0.00      0.00      0.00    100.00
05:19:32         15      0.00      0.00      0.00      0.00      0.00    100.00
05:19:32         16      0.00      0.00      0.00      0.00      0.00    100.00
05:19:32         17      0.00      0.00      0.00      0.00      0.00    100.00
05:19:32         18      0.00      0.00      0.00      0.00      0.00    100.00
05:19:32         19      0.00      0.00      0.00      0.00      0.00    100.00
05:19:32         20      0.00      0.00      0.00      0.00      0.00    100.00
05:19:32         21      0.00      0.00      0.00      0.00      0.00    100.00
05:19:32         22      0.00      0.00      0.00      0.00      0.00    100.00
05:19:32         23      0.00      0.00      0.00      0.00      0.00    100.00
05:19:32         24      0.00      0.00      0.00      0.00      0.00    100.00
05:19:32         25      0.00      0.00      0.00      0.00      0.00    100.00
05:19:32         26      0.00      0.00      0.00      0.00      0.00    100.00
05:19:32         27      0.00      0.00      0.00      0.00      0.00    100.00
05:19:32         28      0.00      0.00      0.00      0.00      0.00    100.00
05:19:32         29      0.99      0.00      0.00      0.00      0.00     99.01
05:19:32         30      0.00      0.00      0.00      0.00      0.00    100.00
05:19:32         31      0.00      0.00      0.00      0.00      0.00    100.00

05:19:32        CPU     %user     %nice   %system   %iowait    %steal     %idle
05:19:33        all      0.03      0.00      0.00      0.00      0.00     99.97
05:19:33          0      0.00      0.00      0.00      0.00      0.00    100.00
05:19:33          1      0.00      0.00      0.00      0.00      0.00    100.00
05:19:33          2      0.00      0.00      0.00      0.00      0.00    100.00
05:19:33          3      0.00      0.00      0.00      0.00      0.00    100.00
05:19:33          4      0.00      0.00      0.00      0.00      0.00    100.00
05:19:33          5      0.00      0.00      0.00      0.00      0.00    100.00
05:19:33          6      0.00      0.00      0.00      0.00      0.00    100.00
05:19:33          7      0.00      0.00      0.00      0.00      0.00    100.00
05:19:33          8      0.00      0.00      0.00      0.00      0.00    100.00
05:19:33          9      0.00      0.00      0.00      0.00      0.00    100.00
05:19:33         10      0.00      0.00      0.00      0.00      0.00    100.00
05:19:33         11      0.00      0.00      0.00      0.00      0.00    100.00
05:19:33         12      0.00      0.00      0.00      0.00      0.00    100.00
05:19:33         13      0.99      0.00      0.00      0.00      0.00     99.01
05:19:33         14      0.00      0.00      0.00      0.00      0.00    100.00
05:19:33         15      0.00      0.00      0.00      0.00      0.00    100.00
05:19:33         16      0.00      0.00      0.00      0.00      0.00    100.00
05:19:33         17      0.00      0.00      0.00      0.00      0.00    100.00
05:19:33         18      0.00      0.00      0.00      0.00      0.00    100.00
05:19:33         19      0.00      0.00      0.00      0.00      0.00    100.00
05:19:33         20      0.00      0.00      0.00      0.00      0.00    100.00
05:19:33         21      0.00      0.00      0.00      0.00      0.00    100.00
05:19:33         22      0.00      0.00      0.00      0.00      0.00    100.00
05:19:33         23      0.00      0.00      0.00      0.00      0.00    100.00
05:19:33         24      0.00      0.00      0.00      0.00      0.00    100.00
05:19:33         25      0.00      0.00      0.00      0.00      0.00    100.00
05:19:33         26      0.00      0.00      0.00      0.00      0.00    100.00
05:19:33         27      0.00      0.00      0.00      0.00      0.00    100.00
05:19:33         28      0.00      0.00      0.00      0.00      0.00    100.00
05:19:33         29      0.00      0.00      0.00      0.00      0.00    100.00
05:19:33         30      0.00      0.00      0.00      0.00      0.00    100.00
05:19:33         31      0.00      0.00      0.00      0.00      0.00    100.00

05:19:33        CPU     %user     %nice   %system   %iowait    %steal     %idle
05:19:34        all      0.00      0.00      0.00      0.00      0.00    100.00
05:19:34          0      0.00      0.00      0.00      0.00      0.00    100.00
05:19:34          1      0.00      0.00      0.00      0.00      0.00    100.00
05:19:34          2      0.00      0.00      0.00      0.00      0.00    100.00
05:19:34          3      0.00      0.00      0.00      0.00      0.00    100.00
05:19:34          4      0.00      0.00      0.00      0.00      0.00    100.00
05:19:34          5      0.00      0.00      0.00      0.00      0.00    100.00
05:19:34          6      0.00      0.00      0.00      0.00      0.00    100.00
05:19:34          7      0.00      0.00      0.00      0.00      0.00    100.00
05:19:34          8      0.00      0.00      0.00      0.00      0.00    100.00
05:19:34          9      0.00      0.00      0.00      0.00      0.00    100.00
05:19:34         10      0.00      0.00      0.00      0.00      0.00    100.00
05:19:34         11      0.00      0.00      0.00      0.00      0.00    100.00
05:19:34         12      0.00      0.00      0.00      0.00      0.00    100.00
05:19:34         13      0.00      0.00      0.00      0.00      0.00    100.00
05:19:34         14      0.00      0.00      0.00      0.00      0.00    100.00
05:19:34         15      0.00      0.00      0.00      0.00      0.00    100.00
05:19:34         16      0.00      0.00      0.00      0.00      0.00    100.00
05:19:34         17      0.00      0.00      0.00      0.00      0.00    100.00
05:19:34         18      0.00      0.00      0.00      0.00      0.00    100.00
05:19:34         19      0.00      0.00      0.00      0.00      0.00    100.00
05:19:34         20      0.00      0.00      0.00      0.00      0.00    100.00
05:19:34         21      0.00      0.00      0.00      0.00      0.00    100.00
05:19:34         22      0.00      0.00      0.00      0.00      0.00    100.00
05:19:34         23      0.00      0.00      0.00      0.00      0.00    100.00
05:19:34         24      0.00      0.00      0.00      0.00      0.00    100.00
05:19:34         25      0.00      0.00      0.00      0.00      0.00    100.00
05:19:34         26      0.00      0.00      0.00      0.00      0.00    100.00
05:19:34         27      0.00      0.00      0.00      0.00      0.00    100.00
05:19:34         28      0.00      0.00      0.00      0.00      0.00    100.00
05:19:34         29      0.00      0.00      0.00      0.00      0.00    100.00
05:19:34         30      0.00      0.00      0.00      0.00      0.00    100.00
05:19:34         31      0.00      0.00      0.00      0.00      0.00    100.00

05:19:34        CPU     %user     %nice   %system   %iowait    %steal     %idle
05:19:35        all      0.00      0.00      0.03      0.00      0.00     99.97
05:19:35          0      0.00      0.00      0.00      0.00      0.00    100.00
05:19:35          1      0.00      0.00      0.00      0.00      0.00    100.00
05:19:35          2      0.00      0.00      0.00      0.00      0.00    100.00
05:19:35          3      0.00      0.00      0.00      0.00      0.00    100.00
05:19:35          4      0.00      0.00      0.00      0.00      0.00    100.00
05:19:35          5      0.00      0.00      0.00      0.00      0.00    100.00
05:19:35          6      0.00      0.00      0.00      0.00      0.00    100.00
05:19:35          7      0.00      0.00      0.00      0.00      0.00    100.00
05:19:35          8      0.00      0.00      0.00      0.00      0.00    100.00
05:19:35          9      0.00      0.00      0.00      0.00      0.00    100.00
05:19:35         10      0.00      0.00      0.00      0.00      0.00    100.00
05:19:35         11      0.00      0.00      0.00      0.00      0.00    100.00
05:19:35         12      0.00      0.00      0.00      0.00      0.00    100.00
05:19:35         13      0.00      0.00      0.00      0.00      0.00    100.00
05:19:35         14      0.00      0.00      0.00      0.00      0.00    100.00
05:19:35         15      0.00      0.00      0.00      0.00      0.00    100.00
05:19:35         16      0.00      0.00      0.00      0.00      0.00    100.00
05:19:35         17      0.00      0.00      1.00      0.00      0.00     99.00
05:19:35         18      0.00      0.00      0.00      0.00      0.00    100.00
05:19:35         19      0.00      0.00      0.00      0.00      0.00    100.00
05:19:35         20      0.00      0.00      0.00      0.00      0.00    100.00
05:19:35         21      0.00      0.00      0.00      0.00      0.00    100.00
05:19:35         22      0.00      0.00      0.00      0.00      0.00    100.00
05:19:35         23      0.00      0.00      0.00      0.00      0.00    100.00
05:19:35         24      0.00      0.00      0.00      0.00      0.00    100.00
05:19:35         25      0.00      0.00      0.00      0.00      0.00    100.00
05:19:35         26      0.00      0.00      0.00      0.00      0.00    100.00
05:19:35         27      0.00      0.00      0.00      0.00      0.00    100.00
05:19:35         28      0.00      0.00      0.00      0.00      0.00    100.00
05:19:35         29      0.00      0.00      0.00      0.00      0.00    100.00
05:19:35         30      0.00      0.00      0.00      0.00      0.00    100.00
05:19:35         31      0.00      0.00      0.00      0.00      0.00    100.00

05:19:35        CPU     %user     %nice   %system   %iowait    %steal     %idle
05:19:36        all      0.00      0.00      0.00      0.00      0.00    100.00
05:19:36          0      0.00      0.00      0.00      0.00      0.00    100.00
05:19:36          1      0.00      0.00      0.00      0.00      0.00    100.00
05:19:36          2      0.00      0.00      0.00      0.00      0.00    100.00
05:19:36          3      0.00      0.00      0.00      0.00      0.00    100.00
05:19:36          4      0.00      0.00      0.00      0.00      0.00    100.00
05:19:36          5      0.00      0.00      0.00      0.00      0.00    100.00
05:19:36          6      0.00      0.00      0.00      0.00      0.00    100.00
05:19:36          7      0.00      0.00      0.00      0.00      0.00    100.00
05:19:36          8      0.00      0.00      0.00      0.00      0.00    100.00
05:19:36          9      0.00      0.00      0.00      0.00      0.00    100.00
05:19:36         10      0.00      0.00      0.00      0.00      0.00    100.00
05:19:36         11      0.00      0.00      0.00      0.00      0.00    100.00
05:19:36         12      0.00      0.00      0.00      0.00      0.00    100.00
05:19:36         13      0.00      0.00      0.00      0.00      0.00    100.00
05:19:36         14      0.00      0.00      0.00      0.00      0.00    100.00
05:19:36         15      0.00      0.00      0.00      0.00      0.00    100.00
05:19:36         16      0.00      0.00      0.00      0.00      0.00    100.00
05:19:36         17      0.00      0.00      0.00      0.00      0.00    100.00
05:19:36         18      0.00      0.00      0.00      0.00      0.00    100.00
05:19:36         19      0.00      0.00      0.00      0.00      0.00    100.00
05:19:36         20      0.00      0.00      0.00      0.00      0.00    100.00
05:19:36         21      0.00      0.00      0.00      0.00      0.00    100.00
05:19:36         22      0.00      0.00      0.00      0.00      0.00    100.00
05:19:36         23      0.00      0.00      0.00      0.00      0.00    100.00
05:19:36         24      0.00      0.00      0.00      0.00      0.00    100.00
05:19:36         25      0.00      0.00      0.00      0.00      0.00    100.00
05:19:36         26      0.00      0.00      0.00      0.00      0.00    100.00
05:19:36         27      0.00      0.00      0.00      0.00      0.00    100.00
05:19:36         28      0.00      0.00      0.00      0.00      0.00    100.00
05:19:36         29      0.00      0.00      0.00      0.00      0.00    100.00
05:19:36         30      0.00      0.00      0.00      0.00      0.00    100.00
05:19:36         31      0.00      0.00      0.00      0.00      0.00    100.00

05:19:36        CPU     %user     %nice   %system   %iowait    %steal     %idle
05:19:37        all      0.00      0.00      0.03      0.00      0.00     99.97
05:19:37          0      0.00      0.00      0.00      0.00      0.00    100.00
05:19:37          1      0.00      0.00      0.00      0.00      0.00    100.00
05:19:37          2      0.00      0.00      0.00      0.00      0.00    100.00
05:19:37          3      0.00      0.00      0.00      0.00      0.00    100.00
05:19:37          4      0.00      0.00      0.00      0.00      0.00    100.00
05:19:37          5      0.00      0.00      0.00      0.00      0.00    100.00
05:19:37          6      0.00      0.00      0.00      0.00      0.00    100.00
05:19:37          7      0.00      0.00      0.00      0.00      0.00    100.00
05:19:37          8      0.00      0.00      0.00      0.00      0.00    100.00
05:19:37          9      0.00      0.00      0.00      0.00      0.00    100.00
05:19:37         10      0.00      0.00      0.99      0.00      0.00     99.01
05:19:37         11      0.00      0.00      0.00      0.00      0.00    100.00
05:19:37         12      0.00      0.00      0.00      0.00      0.00    100.00
05:19:37         13      0.00      0.00      0.00      0.00      0.00    100.00
05:19:37         14      0.00      0.00      0.00      0.00      0.00    100.00
05:19:37         15      0.00      0.00      0.00      0.00      0.00    100.00
05:19:37         16      0.00      0.00      0.00      0.00      0.00    100.00
05:19:37         17      0.00      0.00      0.00      0.00      0.00    100.00
05:19:37         18      0.00      0.00      0.00      0.00      0.00    100.00
05:19:37         19      0.00      0.00      0.00      0.00      0.00    100.00
05:19:37         20      0.00      0.00      0.00      0.00      0.00    100.00
05:19:37         21      0.00      0.00      0.00      0.00      0.00    100.00
05:19:37         22      0.00      0.00      0.00      0.00      0.00    100.00
05:19:37         23      0.00      0.00      0.00      0.00      0.00    100.00
05:19:37         24      0.00      0.00      0.00      0.00      0.00    100.00
05:19:37         25      0.00      0.00      0.00      0.00      0.00    100.00
05:19:37         26      0.00      0.00      0.00      0.00      0.00    100.00
05:19:37         27      0.00      0.00      0.00      0.00      0.00    100.00
05:19:37         28      0.00      0.00      0.00      0.00      0.00    100.00
05:19:37         29      0.00      0.00      0.00      0.00      0.00    100.00
05:19:37         30      0.00      0.00      0.00      0.00      0.00    100.00
05:19:37         31      0.00      0.00      0.00      0.00      0.00    100.00

05:19:37        CPU     %user     %nice   %system   %iowait    %steal     %idle
05:19:38        all      0.00      0.00      0.03      0.00      0.00     99.97
05:19:38          0      0.00      0.00      0.00      0.00      0.00    100.00
05:19:38          1      0.00      0.00      0.00      0.00      0.00    100.00
05:19:38          2      0.00      0.00      0.00      0.00      0.00    100.00
05:19:38          3      0.00      0.00      0.00      0.00      0.00    100.00
05:19:38          4      0.00      0.00      0.00      0.00      0.00    100.00
05:19:38          5      0.00      0.00      0.00      0.00      0.00    100.00
05:19:38          6      0.00      0.00      0.00      0.00      0.00    100.00
05:19:38          7      0.00      0.00      0.00      0.00      0.00    100.00
05:19:38          8      0.00      0.00      0.00      0.00      0.00    100.00
05:19:38          9      0.00      0.00      0.00      0.00      0.00    100.00
05:19:38         10      0.00      0.00      0.00      0.00      0.00    100.00
05:19:38         11      0.00      0.00      0.00      0.00      0.00    100.00
05:19:38         12      0.00      0.00      0.00      0.00      0.00    100.00
05:19:38         13      0.00      0.00      0.00      0.00      0.00    100.00
05:19:38         14      0.00      0.00      0.00      0.00      0.00    100.00
05:19:38         15      0.00      0.00      0.00      0.00      0.00    100.00
05:19:38         16      0.00      0.00      0.00      0.00      0.00    100.00
05:19:38         17      0.00      0.00      0.99      0.00      0.00     99.01
05:19:38         18      0.00      0.00      0.00      0.00      0.00    100.00
05:19:38         19      0.00      0.00      0.00      0.00      0.00    100.00
05:19:38         20      0.00      0.00      0.00      0.00      0.00    100.00
05:19:38         21      0.00      0.00      0.00      0.00      0.00    100.00
05:19:38         22      0.00      0.00      0.00      0.00      0.00    100.00
05:19:38         23      0.00      0.00      0.00      0.00      0.00    100.00
05:19:38         24      0.00      0.00      0.00      0.00      0.00    100.00
05:19:38         25      0.00      0.00      0.00      0.00      0.00    100.00
05:19:38         26      0.00      0.00      0.00      0.00      0.00    100.00
05:19:38         27      0.00      0.00      0.00      0.00      0.00    100.00
05:19:38         28      0.00      0.00      0.00      0.00      0.00    100.00
05:19:38         29      0.00      0.00      0.00      0.00      0.00    100.00
05:19:38         30      0.00      0.00      0.00      0.00      0.00    100.00
05:19:38         31      0.00      0.00      0.00      0.00      0.00    100.00

05:19:38        CPU     %user     %nice   %system   %iowait    %steal     %idle
05:19:39        all      0.00      0.00      0.00      0.00      0.00    100.00
05:19:39          0      0.00      0.00      0.00      0.00      0.00    100.00
05:19:39          1      0.00      0.00      0.00      0.00      0.00    100.00
05:19:39          2      0.00      0.00      0.00      0.00      0.00    100.00
05:19:39          3      0.00      0.00      0.00      0.00      0.00    100.00
05:19:39          4      0.00      0.00      0.00      0.00      0.00    100.00
05:19:39          5      0.00      0.00      0.00      0.00      0.00    100.00
05:19:39          6      0.00      0.00      0.00      0.00      0.00    100.00
05:19:39          7      0.00      0.00      0.00      0.00      0.00    100.00
05:19:39          8      0.00      0.00      0.00      0.00      0.00    100.00
05:19:39          9      0.00      0.00      0.00      0.00      0.00    100.00
05:19:39         10      0.00      0.00      0.00      0.00      0.00    100.00
05:19:39         11      0.00      0.00      0.00      0.00      0.00    100.00
05:19:39         12      0.00      0.00      0.00      0.00      0.00    100.00
05:19:39         13      0.00      0.00      0.00      0.00      0.00    100.00
05:19:39         14      0.00      0.00      0.00      0.00      0.00    100.00
05:19:39         15      0.00      0.00      0.00      0.00      0.00    100.00
05:19:39         16      0.00      0.00      0.00      0.00      0.00    100.00
05:19:39         17      0.00      0.00      0.00      0.00      0.00    100.00
05:19:39         18      0.00      0.00      0.00      0.00      0.00    100.00
05:19:39         19      0.00      0.00      0.00      0.00      0.00    100.00
05:19:39         20      0.00      0.00      0.00      0.00      0.00    100.00
05:19:39         21      0.00      0.00      0.00      0.00      0.00    100.00
05:19:39         22      0.00      0.00      0.00      0.00      0.00    100.00
05:19:39         23      0.00      0.00      0.00      0.00      0.00    100.00
05:19:39         24      0.00      0.00      0.00      0.00      0.00    100.00
05:19:39         25      0.00      0.00      0.00      0.00      0.00    100.00
05:19:39         26      0.00      0.00      0.00      0.00      0.00    100.00
05:19:39         27      0.00      0.00      0.00      0.00      0.00    100.00
05:19:39         28      0.00      0.00      0.00      0.00      0.00    100.00
05:19:39         29      0.00      0.00      0.00      0.00      0.00    100.00
05:19:39         30      0.00      0.00      0.00      0.00      0.00    100.00
05:19:39         31      0.00      0.00      0.00      0.00      0.00    100.00

05:19:39        CPU     %user     %nice   %system   %iowait    %steal     %idle
05:19:40        all      0.00      0.00      0.00      0.00      0.00    100.00
05:19:40          0      0.00      0.00      0.00      0.00      0.00    100.00
05:19:40          1      0.00      0.00      0.00      0.00      0.00    100.00
05:19:40          2      0.00      0.00      0.00      0.00      0.00    100.00
05:19:40          3      0.00      0.00      0.00      0.00      0.00    100.00
05:19:40          4      0.00      0.00      0.00      0.00      0.00    100.00
05:19:40          5      0.00      0.00      0.00      0.00      0.00    100.00
05:19:40          6      0.00      0.00      0.00      0.00      0.00    100.00
05:19:40          7      0.00      0.00      0.00      0.00      0.00    100.00
05:19:40          8      0.00      0.00      0.00      0.00      0.00    100.00
05:19:40          9      0.00      0.00      0.00      0.00      0.00    100.00
05:19:40         10      0.00      0.00      0.00      0.00      0.00    100.00
05:19:40         11      0.00      0.00      0.00      0.00      0.00    100.00
05:19:40         12      0.00      0.00      0.00      0.00      0.00    100.00
05:19:40         13      0.00      0.00      0.00      0.00      0.00    100.00
05:19:40         14      0.00      0.00      0.00      0.00      0.00    100.00
05:19:40         15      0.00      0.00      0.00      0.00      0.00    100.00
05:19:40         16      0.00      0.00      0.00      0.00      0.00    100.00
05:19:40         17      0.00      0.00      0.00      0.00      0.00    100.00
05:19:40         18      0.00      0.00      0.00      0.00      0.00    100.00
05:19:40         19      0.00      0.00      0.00      0.00      0.00    100.00
05:19:40         20      0.00      0.00      0.00      0.00      0.00    100.00
05:19:40         21      0.00      0.00      0.00      0.00      0.00    100.00
05:19:40         22      0.00      0.00      0.00      0.00      0.00    100.00
05:19:40         23      0.00      0.00      0.00      0.00      0.00    100.00
05:19:40         24      0.00      0.00      0.00      0.00      0.00    100.00
05:19:40         25      0.00      0.00      0.00      0.00      0.00    100.00
05:19:40         26      0.00      0.00      0.00      0.00      0.00    100.00
05:19:40         27      0.00      0.00      0.00      0.00      0.00    100.00
05:19:40         28      0.00      0.00      0.00      0.00      0.00    100.00
05:19:40         29      0.00      0.00      0.00      0.00      0.00    100.00
05:19:40         30      0.00      0.00      0.00      0.00      0.00    100.00
05:19:40         31      0.00      0.00      0.00      0.00      0.00    100.00

05:19:40        CPU     %user     %nice   %system   %iowait    %steal     %idle
05:19:41        all      0.13      0.00      0.03      0.00      0.00     99.84
05:19:41          0      0.00      0.00      0.00      0.00      0.00    100.00
05:19:41          1      0.00      0.00      0.00      0.00      0.00    100.00
05:19:41          2      0.00      0.00      0.00      0.00      0.00    100.00
05:19:41          3      0.00      0.00      0.00      0.00      0.00    100.00
05:19:41          4      0.00      0.00      0.00      0.00      0.00    100.00
05:19:41          5      0.00      0.00      0.00      0.00      0.00    100.00
05:19:41          6      0.00      0.00      0.00      0.00      0.00    100.00
05:19:41          7      0.00      0.00      0.00      0.00      0.00    100.00
05:19:41          8      0.00      0.00      0.00      0.00      0.00    100.00
05:19:41          9      0.00      0.00      0.00      0.00      0.00    100.00
05:19:41         10      0.00      0.00      0.00      0.00      0.00    100.00
05:19:41         11      0.00      0.00      0.00      0.00      0.00    100.00
05:19:41         12      0.00      0.00      0.00      0.00      0.00    100.00
05:19:41         13      2.00      0.00      1.00      0.00      0.00     97.00
05:19:41         14      1.00      0.00      0.00      0.00      0.00     99.00
05:19:41         15      0.00      0.00      0.00      0.00      0.00    100.00
05:19:41         16      0.99      0.00      0.00      0.00      0.00     99.01
05:19:41         17      0.00      0.00      0.00      0.00      0.00    100.00
05:19:41         18      0.00      0.00      0.00      0.00      0.00    100.00
05:19:41         19      0.00      0.00      0.00      0.00      0.00    100.00
05:19:41         20      0.00      0.00      0.00      0.00      0.00    100.00
05:19:41         21      0.00      0.00      0.00      0.00      0.00    100.00
05:19:41         22      0.00      0.00      0.00      0.00      0.00    100.00
05:19:41         23      0.00      0.00      0.00      0.00      0.00    100.00
05:19:41         24      0.00      0.00      0.00      0.00      0.00    100.00
05:19:41         25      0.00      0.00      0.00      0.00      0.00    100.00
05:19:41         26      0.00      0.00      0.00      0.00      0.00    100.00
05:19:41         27      0.00      0.00      0.00      0.00      0.00    100.00
05:19:41         28      0.00      0.00      0.00      0.00      0.00    100.00
05:19:41         29      0.00      0.00      0.00      0.00      0.00    100.00
05:19:41         30      0.00      0.00      0.00      0.00      0.00    100.00
05:19:41         31      0.00      0.00      0.00      0.00      0.00    100.00

05:19:41        CPU     %user     %nice   %system   %iowait    %steal     %idle
05:19:42        all      0.00      0.00      0.00      0.00      0.00    100.00
05:19:42          0      0.00      0.00      0.00      0.00      0.00    100.00
05:19:42          1      0.00      0.00      0.00      0.00      0.00    100.00
05:19:42          2      0.00      0.00      0.00      0.00      0.00    100.00
05:19:42          3      0.00      0.00      0.00      0.00      0.00    100.00
05:19:42          4      0.00      0.00      0.00      0.00      0.00    100.00
05:19:42          5      0.00      0.00      0.00      0.00      0.00    100.00
05:19:42          6      0.00      0.00      0.00      0.00      0.00    100.00
05:19:42          7      0.00      0.00      0.00      0.00      0.00    100.00
05:19:42          8      0.00      0.00      0.00      0.00      0.00    100.00
05:19:42          9      0.00      0.00      0.00      0.00      0.00    100.00
05:19:42         10      0.00      0.00      0.00      0.00      0.00    100.00
05:19:42         11      0.00      0.00      0.00      0.00      0.00    100.00
05:19:42         12      0.00      0.00      0.00      0.00      0.00    100.00
05:19:42         13      0.00      0.00      0.00      0.00      0.00    100.00
05:19:42         14      0.00      0.00      0.00      0.00      0.00    100.00
05:19:42         15      0.00      0.00      0.00      0.00      0.00    100.00
05:19:42         16      0.00      0.00      0.00      0.00      0.00    100.00
05:19:42         17      0.00      0.00      0.00      0.00      0.00    100.00
05:19:42         18      0.00      0.00      0.00      0.00      0.00    100.00
05:19:42         19      0.00      0.00      0.00      0.00      0.00    100.00
05:19:42         20      0.00      0.00      0.00      0.00      0.00    100.00
05:19:42         21      0.00      0.00      0.00      0.00      0.00    100.00
05:19:42         22      0.00      0.00      0.00      0.00      0.00    100.00
05:19:42         23      0.00      0.00      0.00      0.00      0.00    100.00
05:19:42         24      0.00      0.00      0.00      0.00      0.00    100.00
05:19:42         25      0.00      0.00      0.00      0.00      0.00    100.00
05:19:42         26      0.00      0.00      0.00      0.00      0.00    100.00
05:19:42         27      0.00      0.00      0.00      0.00      0.00    100.00
05:19:42         28      0.00      0.00      0.00      0.00      0.00    100.00
05:19:42         29      0.00      0.00      0.00      0.00      0.00    100.00
05:19:42         30      0.00      0.00      0.00      0.00      0.00    100.00
05:19:42         31      0.00      0.00      0.00      0.00      0.00    100.00

05:19:42        CPU     %user     %nice   %system   %iowait    %steal     %idle
05:19:43        all      0.03      0.00      0.03      0.00      0.00     99.94
05:19:43          0      0.00      0.00      0.99      0.00      0.00     99.01
05:19:43          1      0.00      0.00      0.00      0.00      0.00    100.00
05:19:43          2      0.00      0.00      0.00      0.00      0.00    100.00
05:19:43          3      0.00      0.00      0.00      0.00      0.00    100.00
05:19:43          4      0.00      0.00      0.00      0.00      0.00    100.00
05:19:43          5      0.00      0.00      0.00      0.00      0.00    100.00
05:19:43          6      0.00      0.00      0.00      0.00      0.00    100.00
05:19:43          7      0.00      0.00      0.00      0.00      0.00    100.00
05:19:43          8      0.00      0.00      0.00      0.00      0.00    100.00
05:19:43          9      0.00      0.00      0.00      0.00      0.00    100.00
05:19:43         10      0.00      0.00      0.00      0.00      0.00    100.00
05:19:43         11      0.00      0.00      0.00      0.00      0.00    100.00
05:19:43         12      0.00      0.00      0.00      0.00      0.00    100.00
05:19:43         13      0.00      0.00      0.00      0.00      0.00    100.00
05:19:43         14      0.00      0.00      0.00      0.00      0.00    100.00
05:19:43         15      0.00      0.00      0.00      0.00      0.00    100.00
05:19:43         16      0.00      0.00      0.00      0.00      0.00    100.00
05:19:43         17      0.00      0.00      0.00      0.00      0.00    100.00
05:19:43         18      0.00      0.00      0.00      0.00      0.00    100.00
05:19:43         19      0.00      0.00      0.00      0.00      0.00    100.00
05:19:43         20      0.00      0.00      0.00      0.00      0.00    100.00
05:19:43         21      0.00      0.00      0.00      0.00      0.00    100.00
05:19:43         22      1.00      0.00      0.00      0.00      0.00     99.00
05:19:43         23      0.00      0.00      0.00      0.00      0.00    100.00
05:19:43         24      0.00      0.00      0.00      0.00      0.00    100.00
05:19:43         25      0.00      0.00      0.00      0.00      0.00    100.00
05:19:43         26      0.00      0.00      0.00      0.00      0.00    100.00
05:19:43         27      0.00      0.00      0.00      0.00      0.00    100.00
05:19:43         28      0.00      0.00      0.00      0.00      0.00    100.00
05:19:43         29      0.00      0.00      0.00      0.00      0.00    100.00
05:19:43         30      0.00      0.00      0.00      0.00      0.00    100.00
05:19:43         31      0.00      0.00      0.00      0.00      0.00    100.00

05:19:43        CPU     %user     %nice   %system   %iowait    %steal     %idle
05:19:44        all      0.00      0.00      0.03      0.00      0.00     99.97
05:19:44          0      0.00      0.00      0.00      0.00      0.00    100.00
05:19:44          1      0.00      0.00      0.00      0.00      0.00    100.00
05:19:44          2      0.00      0.00      0.00      0.00      0.00    100.00
05:19:44          3      0.00      0.00      0.00      0.00      0.00    100.00
05:19:44          4      0.00      0.00      0.00      0.00      0.00    100.00
05:19:44          5      0.00      0.00      0.00      0.00      0.00    100.00
05:19:44          6      0.00      0.00      0.00      0.00      0.00    100.00
05:19:44          7      0.00      0.00      0.00      0.00      0.00    100.00
05:19:44          8      0.00      0.00      0.00      0.00      0.00    100.00
05:19:44          9      0.00      0.00      0.00      0.00      0.00    100.00
05:19:44         10      0.00      0.00      0.00      0.00      0.00    100.00
05:19:44         11      0.00      0.00      0.00      0.00      0.00    100.00
05:19:44         12      0.00      0.00      0.00      0.00      0.00    100.00
05:19:44         13      0.00      0.00      0.00      0.00      0.00    100.00
05:19:44         14      0.00      0.00      0.00      0.00      0.00    100.00
05:19:44         15      0.00      0.00      0.00      0.00      0.00    100.00
05:19:44         16      0.00      0.00      0.00      0.00      0.00    100.00
05:19:44         17      0.00      0.00      0.99      0.00      0.00     99.01
05:19:44         18      0.00      0.00      0.00      0.00      0.00    100.00
05:19:44         19      0.00      0.00      0.00      0.00      0.00    100.00
05:19:44         20      0.00      0.00      0.00      0.00      0.00    100.00
05:19:44         21      0.00      0.00      0.00      0.00      0.00    100.00
05:19:44         22      0.00      0.00      0.00      0.00      0.00    100.00
05:19:44         23      0.00      0.00      0.00      0.00      0.00    100.00
05:19:44         24      0.00      0.00      0.00      0.00      0.00    100.00
05:19:44         25      0.00      0.00      0.00      0.00      0.00    100.00
05:19:44         26      0.00      0.00      0.00      0.00      0.00    100.00
05:19:44         27      0.00      0.00      0.00      0.00      0.00    100.00
05:19:44         28      0.00      0.00      0.00      0.00      0.00    100.00
05:19:44         29      0.00      0.00      0.00      0.00      0.00    100.00
05:19:44         30      0.00      0.00      0.00      0.00      0.00    100.00
05:19:44         31      0.00      0.00      0.00      0.00      0.00    100.00

Average:        CPU     %user     %nice   %system   %iowait    %steal     %idle
Average:        all      0.09      0.00      0.06      0.00      0.00     99.85
Average:          0      0.02      0.00      0.05      0.00      0.00     99.93
Average:          1      0.02      0.00      0.00      0.00      0.00     99.98
Average:          2      0.02      0.00      0.00      0.00      0.00     99.98
Average:          3      0.03      0.00      0.00      0.00      0.00     99.97
Average:          4      0.33      0.00      1.10      0.00      0.00     98.58
Average:          5      0.05      0.00      0.00      0.00      0.00     99.95
Average:          6      0.03      0.00      0.00      0.00      0.00     99.97
Average:          7      0.02      0.00      0.00      0.00      0.00     99.98
Average:          8      0.03      0.00      0.00      0.00      0.00     99.97
Average:          9      0.02      0.00      0.00      0.00      0.00     99.98
Average:         10      0.05      0.00      0.02      0.00      0.00     99.93
Average:         11      0.02      0.00      0.02      0.00      0.00     99.97
Average:         12      0.07      0.00      0.00      0.00      0.00     99.93
Average:         13      0.20      0.00      0.03      0.00      0.00     99.77
Average:         14      0.03      0.00      0.03      0.00      0.00     99.93
Average:         15      0.05      0.00      0.00      0.00      0.00     99.95
Average:         16      0.37      0.00      0.03      0.00      0.00     99.60
Average:         17      0.35      0.00      0.17      0.00      0.00     99.48
Average:         18      0.03      0.00      0.00      0.00      0.00     99.97
Average:         19      0.03      0.00      0.00      0.00      0.00     99.97
Average:         20      0.02      0.00      0.00      0.00      0.00     99.98
Average:         21      0.03      0.00      0.00      0.00      0.00     99.97
Average:         22      0.15      0.00      0.03      0.00      0.00     99.82
Average:         23      0.12      0.00      0.03      0.00      0.00     99.85
Average:         24      0.05      0.00      0.02      0.00      0.00     99.93
Average:         25      0.02      0.00      0.00      0.02      0.00     99.97
Average:         26      0.02      0.00      0.00      0.00      0.00     99.98
Average:         27      0.03      0.00      0.00      0.00      0.00     99.97
Average:         28      0.02      0.00      0.00      0.00      0.00     99.98
Average:         29      0.03      0.00      0.03      0.00      0.00     99.93
Average:         30      0.15      0.00      0.02      0.00      0.00     99.83
Average:         31      0.52      0.00      0.28      0.00      0.00     99.20
