
 Intel(r) Performance Counter Monitor: Raw Event Monitoring Utility 


=====  Processor information  =====
Linux arch_perfmon flag  : yes
Hybrid processor         : no
IBRS and IBPB supported  : yes
STIBP supported          : yes
Spec arch caps supported : yes
Max CPUID level          : 27
CPU model number         : 106
Number of physical cores: 16
Number of logical cores: 32
Number of online logical cores: 32
Threads (logical cores) per physical core: 2
Num sockets: 1
Physical cores per socket: 16
Last level cache slices per socket: 16
Core PMU (perfmon) version: 5
Number of core PMU generic (programmable) counters: 8
Width of generic (programmable) counters: 48 bits
Number of core PMU fixed counters: 4
Width of fixed counters: 48 bits
Nominal core frequency: 2400000000 Hz
IBRS enabled in the kernel   : yes
STIBP enabled in the kernel  : no
The processor is not susceptible to Rogue Data Cache Load: yes
The processor supports enhanced IBRS                     : yes
Package thermal spec power: 135 Watt; Package minimum power: 72 Watt; Package maximum power: 557 Watt;

INFO: Linux perf interface to program uncore PMUs is present
Socket 0: 4 memory controllers detected with total number of 8 channels. 0 UPI ports detected. 4 M2M (mesh to memory) blocks detected. 0 HBM M2M blocks detected. 0 EDC/HBM channels detected. 0 Home Agents detected. 0 M3UPI blocks detected.
Socket 0: 1 PCU units detected. 6 IIO units detected. 6 IRP units detected. 16 CHA/CBO units detected. 0 MDF units detected. 1 UBOX units detected. 0 CXL units detected.
Initializing RMIDs

parsed  cha event: "drd_occ_agg" : {0xc8168600400136, 0x0, 0x0, 0x0, 0x0, 0x0}
parsed  cha event: "drd_inserts" : {0xc8168600400135, 0x0, 0x0, 0x0, 0x0, 0x0}

Detected Intel(R) Xeon(R) Silver 4314 CPU @ 2.40GHz "Intel(r) microarchitecture codename Icelake-SP" stepping 6 microcode level 0xd000421
Collecting 1 event group(s)
Update every 1 seconds
,,,SKT0C0,SKT0C0,SKT0C1,SKT0C1,SKT0C2,SKT0C2,SKT0C3,SKT0C3,SKT0C4,SKT0C4,SKT0C5,SKT0C5,SKT0C6,SKT0C6,SKT0C7,SKT0C7,SKT0C8,SKT0C8,SKT0C9,SKT0C9,SKT0C10,SKT0C10,SKT0C11,SKT0C11,SKT0C12,SKT0C12,SKT0C13,SKT0C13,SKT0C14,SKT0C14,SKT0C15,SKT0C15,
Date,Time,ms,drd_occ_agg,drd_inserts,drd_occ_agg,drd_inserts,drd_occ_agg,drd_inserts,drd_occ_agg,drd_inserts,drd_occ_agg,drd_inserts,drd_occ_agg,drd_inserts,drd_occ_agg,drd_inserts,drd_occ_agg,drd_inserts,drd_occ_agg,drd_inserts,drd_occ_agg,drd_inserts,drd_occ_agg,drd_inserts,drd_occ_agg,drd_inserts,drd_occ_agg,drd_inserts,drd_occ_agg,drd_inserts,drd_occ_agg,drd_inserts,drd_occ_agg,drd_inserts,
2026-09-30,05:21:53.128,1064,16015,242,16401,223,13184,189,16016,213,13828,206,13599,207,14137,213,14364,212,14034,206,15417,210,14811,222,13908,200,13501,207,14906,214,14965,231,12822,209,
2026-09-30,05:21:54.127,999,13202,188,13031,169,12501,178,12759,170,11438,170,9686,181,9230,163,13233,180,12631,179,12821,172,12827,191,12793,184,11686,181,10582,172,10371,187,12290,188,
2026-09-30,05:21:55.127,999,25276,352,27708,356,21367,346,22741,348,24527,364,24065,393,22862,365,27877,370,24519,347,23968,364,20424,345,23860,338,20207,314,22068,330,20605,330,23019,343,
2026-09-30,05:21:56.127,999,26219,362,28163,356,20012,339,25146,388,23917,346,23277,350,23726,352,25780,339,24457,343,23431,364,20658,360,27003,383,25354,384,27158,376,25567,374,25896,377,
2026-09-30,05:21:57.128,1000,5064,75,6227,83,5837,86,5434,75,6638,98,4869,82,4988,81,5704,76,4474,69,4918,68,4434,68,4835,69,4577,71,3975,62,4463,79,5822,87,
2026-09-30,05:21:58.127,999,11479,164,14470,188,11791,171,12722,169,11876,173,11044,169,10947,170,13082,194,10153,146,11329,155,12409,185,10741,150,11234,169,12690,183,10468,162,8366,142,
2026-09-30,05:21:59.127,999,1481,20,1446,18,1318,19,1289,17,1095,16,1271,25,978,18,1323,18,1146,16,1400,19,999,15,1636,23,1099,17,1126,19,1304,26,1965,29,
2026-09-30,05:22:00.128,1000,2959,42,4170,54,3160,46,3321,45,2935,43,1853,34,2090,37,2461,33,2942,41,2428,35,2710,41,3794,54,2839,44,2978,50,2334,45,2779,42,
2026-09-30,05:22:01.128,999,1650,23,2098,27,1303,19,1585,21,1826,27,1180,23,1260,23,1657,22,1634,24,2214,30,1624,25,1601,23,1629,25,1401,24,1245,24,1402,21,
2026-09-30,05:22:02.127,999,3196,45,3813,50,3198,45,3005,40,3009,47,3164,51,3659,59,3571,49,3353,47,4107,56,3312,50,3665,57,2682,43,3606,55,3058,52,3293,52,
2026-09-30,05:22:03.127,999,309279,4388,338020,4396,305028,4413,324409,4386,295707,4373,265150,4402,265643,4300,315232,4261,300400,4269,309416,4262,289681,4420,305443,4333,292233,4466,291988,4425,258487,4318,288281,4374,
2026-09-30,05:22:04.128,1000,39051,560,40996,536,39028,555,42919,564,40125,589,34499,556,36338,573,39033,560,36494,522,42408,572,39185,582,37308,529,34408,524,36385,538,32044,514,33097,534,
2026-09-30,05:22:05.127,999,32505,452,36727,471,30500,488,32153,479,33776,502,32939,521,31235,491,36366,490,33643,473,32761,493,28878,482,31945,459,27759,429,31237,463,27376,436,31885,485,
2026-09-30,05:22:06.127,999,11767,169,11061,145,11660,169,13105,178,10431,152,7456,136,8787,152,10309,139,13244,190,11784,165,11756,182,13922,200,11544,177,10755,173,10275,186,12757,193,
2026-09-30,05:22:07.128,1000,2915,40,3366,43,3052,47,3320,49,3124,46,2893,49,3059,51,3412,46,3140,45,3784,55,2906,48,2904,42,2794,43,2866,44,2616,44,2738,41,
2026-09-30,05:22:08.128,999,4807,68,6832,89,5668,82,5400,73,4912,84,5846,92,5379,84,6831,90,5674,80,5405,77,5793,91,4360,70,4557,77,5211,77,4675,74,4436,67,
2026-09-30,05:22:09.127,999,10112,143,11098,143,8831,126,12178,162,8914,132,8535,136,7638,119,9303,139,8602,120,9150,123,8450,125,8068,114,8962,138,7988,116,7157,112,7428,125,
2026-09-30,05:22:10.128,1000,6094,95,5854,82,6663,97,5985,81,6763,100,5584,93,6224,100,6634,88,6514,100,7192,99,7081,106,6943,100,5935,91,5953,91,6688,107,6554,97,
2026-09-30,05:22:11.128,999,24633,335,25659,322,18954,329,21330,338,21879,313,20936,313,21567,317,24931,326,22626,310,19494,308,17610,318,22527,317,22176,332,24047,334,22669,336,22974,336,
2026-09-30,05:22:12.127,999,4255,62,4055,53,3339,47,3528,46,3994,58,3197,57,3172,55,3999,54,3695,54,4333,59,4123,61,3493,50,3283,50,3062,48,3181,57,3505,54,
2026-09-30,05:22:13.128,1000,1674,25,2430,33,1716,26,1212,17,1309,19,1609,30,976,17,1631,22,1572,24,1908,27,1834,28,2452,35,1168,18,1525,24,1356,23,1432,22,
2026-09-30,05:22:14.128,999,47419,650,50752,639,45166,635,47762,625,42087,619,31317,605,33662,618,43890,575,42598,591,43065,577,40695,601,44098,619,42659,647,35099,590,35348,689,43891,643,
2026-09-30,05:22:15.127,999,35740,507,42683,559,34288,521,38654,542,34624,508,29080,495,28783,478,37667,511,34550,497,36100,517,32133,504,34074,488,31728,488,31756,490,29000,499,33791,513,
2026-09-30,05:22:16.127,999,8030,124,7888,109,8213,120,9356,127,6560,97,7102,121,5732,94,8865,118,7759,117,8881,123,7533,115,8859,126,7843,121,7784,121,8217,134,7783,119,
2026-09-30,05:22:17.128,1000,2965,41,3148,40,3436,51,3812,53,2929,44,2177,37,2361,38,3434,46,1985,28,2474,34,2067,32,2539,37,2645,43,2372,37,2132,36,2286,34,
2026-09-30,05:22:18.127,999,3549,51,4121,54,3643,54,3708,51,3603,54,2538,46,3175,53,3706,49,2788,40,3268,47,2701,42,3093,44,3272,50,2855,46,2672,48,3472,52,
2026-09-30,05:22:19.127,999,2852,40,3036,39,3061,45,2571,36,2939,43,1983,38,2260,41,3154,42,3492,49,2945,41,2560,41,3325,47,2384,37,2529,40,2643,50,3953,59,
2026-09-30,05:22:20.128,1000,6504,92,7676,99,6661,100,6490,92,5329,79,5669,92,5305,82,6095,86,5199,74,5911,85,5366,85,6551,94,5951,91,5321,79,5163,82,4565,73,
2026-09-30,05:22:21.128,999,1184,17,825,11,745,11,1118,15,948,14,526,10,873,15,1028,14,1408,21,724,10,1221,19,981,14,759,12,693,11,856,15,794,12,
2026-09-30,05:22:22.127,999,2040,29,2083,27,2226,33,2219,30,1229,19,1752,29,1496,24,1614,22,1137,16,2322,32,1051,16,1278,19,2009,33,1375,21,1643,26,1533,24,
2026-09-30,05:22:23.128,1000,5452,80,5889,79,4673,79,4759,75,6109,90,4224,66,4527,69,4553,60,5968,85,5724,91,4865,87,5599,79,5817,88,5880,84,5045,76,6541,99,
2026-09-30,05:22:24.128,999,2617,38,3210,42,2222,32,3079,41,2494,38,2246,38,1914,33,2902,39,2517,38,2037,28,1916,29,2583,37,1457,23,1978,32,2218,39,2317,34,
2026-09-30,05:22:25.127,999,3963,55,4703,60,2999,51,3412,53,3006,44,3326,55,2868,46,4204,56,4205,60,3990,60,3366,59,2552,37,2419,37,2877,42,3204,51,3521,52,
2026-09-30,05:22:26.128,1000,21700,301,24467,311,18362,316,19660,312,18594,271,18049,271,19649,291,22282,296,19674,275,16800,267,15314,279,19365,273,19542,297,21607,303,20815,311,20823,311,
2026-09-30,05:22:27.129,1000,1293,18,2102,28,1119,17,1805,25,1470,22,892,14,1079,17,924,13,1258,18,1246,17,961,15,1664,24,852,13,1415,21,1224,20,1147,18,
2026-09-30,05:22:28.129,999,1484,23,1359,19,1504,23,1021,14,1815,27,1198,19,1851,28,1812,24,1261,20,1507,22,1155,19,1751,25,762,12,1395,21,892,15,1132,17,
2026-09-30,05:22:29.128,999,961,14,851,11,860,12,757,10,889,13,585,9,750,12,1116,16,1208,17,1181,16,855,13,808,12,1224,19,1008,15,962,15,732,12,
2026-09-30,05:22:30.129,1000,490,7,1302,17,1027,15,678,9,637,11,815,13,889,14,898,12,919,13,810,11,533,8,1083,17,664,11,1060,16,523,9,920,14,
2026-09-30,05:22:31.129,999,11118,154,13187,169,11080,158,13143,174,10772,159,8818,171,8315,157,12386,164,12006,169,11911,161,10711,161,11046,157,10622,163,9665,167,8934,178,13125,196,
2026-09-30,05:22:32.128,999,693,10,487,6,365,5,679,9,225,4,532,9,533,9,439,6,542,8,499,7,677,10,489,7,550,9,447,7,449,7,375,6,
2026-09-30,05:22:33.129,1000,647,9,584,8,500,7,462,6,142,2,167,3,424,7,146,2,291,4,737,10,339,5,1,0,391,6,125,2,51,1,343,5,
2026-09-30,05:22:34.129,999,768,11,1217,16,745,11,439,6,1311,21,1558,25,863,13,896,12,1187,18,953,14,1242,19,1379,20,697,11,853,13,991,16,1083,16,
2026-09-30,05:22:35.129,999,1641,23,1168,15,1389,22,1529,23,1505,22,1931,31,1486,24,2135,29,1759,25,1857,28,1214,20,2056,30,1217,19,1548,23,1194,20,1614,24,
2026-09-30,05:22:36.129,1000,546,8,1196,16,1324,19,1030,14,1461,22,1437,24,651,11,739,10,1688,25,1627,22,1480,22,914,13,1100,17,1243,19,702,12,1176,18,
2026-09-30,05:22:37.129,999,312,5,389,5,700,10,615,8,514,8,612,10,781,12,880,12,1097,17,591,8,452,7,713,10,323,5,450,7,219,4,324,5,
2026-09-30,05:22:38.129,999,3042,43,4454,58,4114,63,4644,65,3880,65,4761,73,4015,59,5921,78,4554,63,4283,62,3640,59,4038,64,3124,54,3043,44,4683,72,4209,64,
2026-09-30,05:22:39.128,999,852,12,566,7,851,12,468,6,550,9,300,5,555,9,382,5,227,3,788,11,526,8,195,3,369,7,754,11,268,4,385,6,
2026-09-30,05:22:40.129,1000,2374,39,2823,40,2980,42,3186,41,1984,32,2426,39,2273,35,2869,38,2471,39,3661,50,2856,42,1885,28,2930,47,2686,39,3309,52,2295,34,
2026-09-30,05:22:41.129,999,9211,128,9394,121,6871,121,7984,130,8682,128,7894,120,7982,120,9550,127,9362,132,7360,119,6549,119,8900,127,8197,126,8749,125,8758,134,9341,139,
2026-09-30,05:22:42.128,999,1243,18,1982,26,1398,21,1340,19,852,13,1063,16,1354,20,1245,17,1352,21,1337,19,1731,27,1660,24,1450,23,2042,29,1460,22,1770,27,
2026-09-30,05:22:43.129,1000,476,8,601,9,567,8,982,13,634,10,613,9,607,9,709,9,267,4,610,8,563,8,955,13,457,7,579,8,674,10,525,8,
2026-09-30,05:22:44.129,999,73,1,75,1,2,0,10,0,1,0,165,3,223,4,134,2,144,2,152,2,327,5,203,3,193,3,142,2,65,1,141,2,
2026-09-30,05:22:45.129,999,1275,18,761,10,1060,17,981,15,1311,19,857,14,1178,19,1352,18,1418,20,912,14,789,14,982,14,1193,18,1480,22,557,10,1014,15,
2026-09-30,05:22:46.129,1000,1969,28,1674,22,1311,20,1569,25,1291,19,1064,16,1670,25,1593,21,1489,21,1136,18,866,15,824,12,1578,24,980,14,1644,25,1676,26,
2026-09-30,05:22:47.129,999,811,12,692,9,559,9,734,11,692,10,625,10,390,6,384,5,437,6,528,8,321,5,457,7,328,5,499,7,382,6,672,10,
2026-09-30,05:22:48.129,999,621,9,779,10,406,6,828,11,407,6,449,8,280,5,545,8,708,10,276,4,582,9,538,8,463,7,467,7,281,5,595,9,
2026-09-30,05:22:49.129,999,506,7,639,8,548,8,676,9,354,6,715,11,651,10,807,11,364,5,746,10,650,10,439,7,363,7,774,11,326,5,409,6,
2026-09-30,05:22:50.129,1000,961,14,1547,20,669,10,993,14,689,10,564,10,680,11,708,10,577,8,831,12,419,7,697,10,675,10,757,11,920,14,497,8,
2026-09-30,05:22:51.129,999,1048,15,1224,16,784,11,1179,16,546,9,483,8,592,9,503,7,791,11,528,7,323,5,793,12,791,13,641,10,904,14,861,13,
2026-09-30,05:22:52.129,999,259,4,277,4,127,2,525,7,489,7,202,3,185,3,227,3,388,6,139,2,135,2,1,0,331,5,343,5,504,8,336,5,
2026-09-30,05:22:53.129,1000,950,13,447,6,579,10,472,8,753,11,878,13,558,8,986,13,661,9,875,14,710,13,936,13,461,7,566,8,500,8,989,15,
2026-09-30,05:22:54.129,999,258,4,159,2,83,1,316,4,73,1,182,3,252,4,209,3,79,1,82,1,1,0,145,2,133,2,66,1,75,1,78,1,
2026-09-30,05:22:55.129,999,1395,19,1091,14,924,14,719,10,583,9,829,13,1300,20,1132,15,1256,18,1073,16,795,13,896,13,987,16,1165,18,564,9,755,11,
2026-09-30,05:22:56.130,1000,42543,597,47612,615,37331,605,40894,610,39595,615,39862,594,45346,666,48431,646,46670,645,41364,628,38373,647,45341,666,39473,632,42461,606,40995,618,40439,616,
2026-09-30,05:22:57.129,999,1185,17,1429,19,794,13,975,16,1142,17,1216,19,882,14,1099,15,895,12,1303,20,574,10,722,10,928,14,769,11,765,12,449,7,
2026-09-30,05:22:58.129,999,771,11,1342,19,1251,18,1698,22,859,13,1098,17,1124,17,1319,18,1677,24,1240,17,1472,23,905,13,1355,21,1383,20,1505,24,1007,16,
2026-09-30,05:22:59.129,999,3118935,49241,3496241,49456,3502250,49350,3793385,49683,3417077,49207,3421688,49226,3457362,49099,3815280,49273,3120401,49048,3647307,49175,3280262,48869,3591026,49150,3353479,49390,3629237,49779,3395419,49197,3385799,49717,
2026-09-30,05:23:00.129,1000,26275,372,28505,370,27281,391,28284,379,28234,418,22188,406,22350,377,29838,397,26444,381,29200,398,27101,403,27131,384,24362,374,23570,384,19567,351,24585,364,
2026-09-30,05:23:01.129,999,5475,79,6536,86,6006,86,6286,84,5862,87,5554,97,5784,99,6094,84,5827,85,6437,87,5767,87,6321,90,6428,99,5626,90,4873,89,5909,91,
2026-09-30,05:23:02.129,999,12347,174,13565,175,12110,173,14045,189,10051,152,10412,185,11142,188,11348,155,12459,177,12768,175,13726,209,12490,184,13070,205,12833,203,10583,191,13474,205,
2026-09-30,05:23:03.130,1000,4507,66,5571,75,4736,68,5613,76,4996,76,3960,68,4585,75,5800,78,4188,61,5738,78,5144,76,5113,73,4361,67,3975,62,2918,51,3925,60,
2026-09-30,05:23:04.129,999,7275,117,7745,113,7739,110,8255,109,8760,131,7604,124,7881,125,8447,111,7225,115,8421,116,8383,127,8558,122,6962,107,7739,116,7490,120,7759,116,
2026-09-30,05:23:05.129,999,33446,465,36471,469,27687,454,30892,469,31776,470,34758,537,30583,466,38036,514,33280,467,30899,474,26914,458,32028,458,26375,409,31300,447,29065,445,28580,430,
2026-09-30,05:23:06.129,999,27518,386,30738,397,29014,405,30392,396,24585,366,21092,380,22687,391,30581,393,27988,385,29903,400,26752,394,27770,394,26571,403,24131,390,21358,385,25277,375,
2026-09-30,05:23:07.130,1000,3440,49,3762,50,3368,51,3275,46,3229,48,2837,50,2707,45,3355,45,3789,54,3322,46,3593,56,3892,57,3002,48,2698,42,2730,46,3126,47,
2026-09-30,05:23:08.129,999,4964,70,6772,88,5037,74,5587,76,5149,88,5691,89,5335,83,6262,82,5323,74,5244,74,4817,76,5053,80,4324,75,4671,69,4585,73,3989,60,
2026-09-30,05:23:09.129,999,10076,150,10530,142,9822,147,10791,154,9206,137,8929,143,9676,151,12272,162,9902,149,11467,166,9816,159,10884,154,9608,146,10138,153,9222,151,9392,142,
2026-09-30,05:23:10.130,1000,6611,98,6704,92,5962,86,6555,86,5593,83,5457,87,5119,80,6773,93,5509,84,6351,87,5723,85,5405,78,5175,81,5781,85,6571,105,5384,78,
2026-09-30,05:23:11.129,999,25550,349,27651,345,20959,363,22988,367,23946,344,22763,338,24302,355,27167,355,25454,351,21505,339,19142,344,25744,360,24000,358,25461,356,24169,355,24299,352,
2026-09-30,05:23:12.129,999,2583,40,2729,38,2010,30,2641,36,2488,37,2158,36,1994,33,2470,33,2944,45,2274,32,2443,38,2943,42,2302,35,2494,37,2608,42,2612,40,
2026-09-30,05:23:13.129,999,1003,15,1065,14,925,13,897,12,895,13,826,15,730,13,956,13,996,14,1011,14,1232,19,832,12,861,13,711,12,644,12,661,10,
2026-09-30,05:23:14.130,1000,2343,33,2404,31,3141,46,2188,30,2473,38,2207,37,2581,43,3478,46,2487,35,2635,37,2048,31,2294,34,2117,34,2339,36,1743,30,2214,33,
2026-09-30,05:23:15.129,999,4535,63,4946,63,3570,62,4100,65,5501,81,4174,66,3942,61,4312,57,3473,50,3956,62,3899,70,5458,77,3181,49,4949,72,4847,75,4737,71,
2026-09-30,05:23:16.129,999,3392,51,4044,55,3958,59,3736,52,4231,62,4585,71,2971,45,3671,50,4124,64,4729,67,4842,76,4729,68,3762,57,3487,51,3359,52,3126,47,
2026-09-30,05:23:17.130,1000,1076,17,1049,15,1253,18,1495,20,858,13,678,11,576,9,741,10,825,13,586,8,672,10,1061,15,893,14,1070,16,881,15,1148,17,
2026-09-30,05:23:18.130,999,1749,25,1550,21,1366,20,1070,15,842,14,1491,24,1315,21,1122,15,1578,22,2035,29,1510,23,1154,18,1130,19,706,10,1164,18,1261,19,
2026-09-30,05:23:19.129,999,1301,18,1074,14,1179,17,910,12,1132,17,1082,18,860,14,784,11,799,11,834,12,1278,20,1232,18,674,10,931,14,720,13,1132,18,
2026-09-30,05:23:20.129,999,407,6,249,3,679,10,623,8,869,13,154,3,211,4,605,8,498,7,436,6,199,3,348,5,720,11,409,7,309,6,535,8,
2026-09-30,05:23:21.130,1000,2490,38,2125,29,2451,36,2320,32,1707,25,1894,33,1714,28,1362,18,2467,37,2019,28,2348,36,3117,44,2034,31,2108,31,1948,32,1961,29,
2026-09-30,05:23:22.129,999,1317,19,1804,24,1260,21,1699,26,1536,23,1711,26,1208,18,1442,19,1826,26,1994,32,2209,39,2024,28,1770,27,2046,29,1721,26,2064,31,
2026-09-30,05:23:23.129,999,523,7,411,5,218,3,306,4,339,5,216,4,120,2,312,4,213,3,307,4,214,3,333,5,260,4,246,4,314,5,202,3,
2026-09-30,05:23:24.130,1000,973,14,1143,15,1280,21,1237,19,2332,34,1753,27,1754,26,1645,22,1652,23,1667,25,1490,25,1366,19,943,14,1112,16,1131,18,1330,20,
2026-09-30,05:23:25.130,999,1185,17,1115,15,940,15,1365,20,1177,18,1128,18,1283,20,1282,17,1168,16,1157,17,678,11,1126,17,969,15,1032,15,861,13,471,7,
2026-09-30,05:23:26.129,999,11492,159,13246,168,9595,170,10974,176,10863,161,10650,160,11588,172,13185,175,11612,163,11180,179,9582,174,12256,174,12684,195,12781,180,11308,168,11741,174,
2026-09-30,05:23:27.129,999,1191,17,1752,23,1478,22,1583,22,1087,16,1022,16,1316,20,1472,21,1415,21,1290,18,1553,24,1237,18,1001,16,1170,17,1069,17,1219,18,
2026-09-30,05:23:28.130,1000,553,8,305,4,462,7,234,3,529,8,374,6,362,6,838,11,540,8,620,9,839,13,284,4,405,6,207,3,70,1,336,5,
2026-09-30,05:23:29.130,999,804,11,1054,13,1233,19,1148,16,1091,17,804,13,1243,19,1577,22,982,14,1196,16,1153,18,1251,18,1053,16,1520,22,947,16,1138,18,
2026-09-30,05:23:30.129,999,873,13,1265,17,1245,18,1000,14,824,14,770,12,801,12,1142,15,1593,23,935,13,927,14,554,8,1052,17,714,11,1154,18,1051,16,
2026-09-30,05:23:31.129,999,1137,16,1172,15,971,14,1065,14,472,8,862,13,940,14,753,10,642,9,670,9,898,13,916,15,740,14,854,12,595,9,951,14,
2026-09-30,05:23:32.130,1000,917,13,1228,16,1283,18,1456,19,983,16,882,13,1234,18,1216,17,944,13,1106,15,963,14,986,16,804,13,1118,16,1048,16,955,15,
2026-09-30,05:23:33.130,999,1503,21,2187,28,1937,27,1893,25,1467,24,1119,19,1146,18,808,11,1154,16,798,11,1133,18,1292,21,1421,24,862,13,1363,23,1303,20,
2026-09-30,05:23:34.129,999,526,8,225,3,852,12,625,8,441,7,616,10,732,12,834,11,704,11,364,5,137,2,263,4,654,10,699,10,699,12,527,8,
2026-09-30,05:23:35.130,1000,2283,32,2358,31,3076,49,2587,38,2831,44,2932,47,2519,38,3465,46,3538,50,2848,43,2652,44,3301,49,2627,42,2221,33,2818,45,3600,55,
2026-09-30,05:23:36.130,999,1317,19,1241,17,930,13,1765,23,239,4,596,10,716,11,533,7,965,14,772,11,763,12,650,10,839,14,838,12,565,9,537,8,
2026-09-30,05:23:37.129,999,836,12,772,10,926,13,1324,17,1037,16,698,11,459,7,1107,15,814,12,820,11,732,11,1220,18,885,15,566,8,611,10,392,6,
2026-09-30,05:23:38.129,999,1082,16,1741,23,1071,15,1416,19,738,12,863,14,1067,16,880,12,938,14,679,9,987,15,806,12,595,10,764,11,1658,25,654,10,
2026-09-30,05:23:39.130,1000,76,1,445,6,148,2,314,4,340,5,275,4,71,1,75,1,430,6,223,3,199,3,252,4,247,4,72,1,205,3,194,3,
2026-09-30,05:23:40.130,999,894,14,1497,21,1041,15,872,11,350,6,402,6,576,9,306,4,737,11,721,10,734,11,197,3,472,8,130,2,839,13,462,7,
2026-09-30,05:23:41.129,999,5974,82,5675,73,4975,88,4658,75,3711,55,4758,72,5077,76,6154,82,6264,88,5191,84,4624,84,4716,67,5813,90,4687,66,6225,93,6110,91,
2026-09-30,05:23:42.130,1000,338,5,1077,15,1131,16,918,12,715,12,521,8,798,12,450,6,841,13,740,10,937,14,248,4,987,17,707,10,929,14,823,13,
2026-09-30,05:23:43.130,999,704,12,799,12,721,10,1150,15,356,5,617,9,845,12,569,7,414,6,550,7,630,9,893,12,542,8,845,12,728,11,669,10,
2026-09-30,05:23:44.130,999,1187,18,1162,15,416,6,1545,20,508,8,704,11,1131,17,987,13,957,14,793,11,1202,18,275,4,931,14,429,6,766,12,667,10,
2026-09-30,05:23:45.129,999,643,9,778,10,510,9,591,10,479,7,596,9,565,9,530,7,500,7,486,8,509,9,477,7,733,11,886,13,473,7,801,12,
2026-09-30,05:23:46.130,1000,222,3,217,3,295,4,492,7,239,4,318,5,137,2,358,5,1006,14,321,5,446,7,713,11,128,2,444,6,649,11,268,4,
2026-09-30,05:23:47.130,999,126653,1736,143703,1814,124568,1746,141836,1860,126814,1836,95901,1788,100367,1803,137923,1837,128799,1768,133430,1774,125175,1831,126152,1761,123483,1854,106919,1769,96294,1814,120200,1794,
2026-09-30,05:23:48.129,999,53935,760,60832,788,49955,722,55771,756,53685,786,43360,784,44708,777,58717,785,55793,788,57441,793,52643,799,55850,793,47869,729,47744,778,39703,734,48894,735,
2026-09-30,05:23:49.130,1000,9661,137,11856,156,10041,154,11897,167,10162,151,10288,160,8897,136,10579,144,9167,130,9344,136,8738,141,8491,123,9399,145,9326,136,9465,146,8101,126,
2026-09-30,05:23:50.130,999,6535,91,6822,88,6538,99,6237,87,6417,95,5335,96,5200,90,7250,98,6727,94,6019,87,7080,112,6064,86,5972,92,6472,104,5253,92,6543,100,
2026-09-30,05:23:51.130,999,1194,17,1063,14,838,12,1570,21,1109,17,1301,22,780,13,822,11,1106,16,816,11,925,14,915,14,710,11,1137,18,1032,18,865,13,
2026-09-30,05:23:52.129,999,55174,759,62657,792,55268,777,63271,830,52874,770,41069,790,42630,780,56222,738,54759,761,61102,815,53888,789,55663,782,53268,809,48446,818,41793,808,57036,836,
2026-09-30,05:23:53.130,1000,4604,69,4962,68,4062,61,4334,59,4120,63,3556,55,3964,61,5590,74,4221,62,5180,75,4274,69,4547,68,3150,51,3591,53,3181,50,3888,59,
2026-09-30,05:23:54.130,999,2436,35,3015,39,2660,40,2631,36,3347,50,2515,43,2511,42,2496,34,3436,48,2992,43,2781,44,3035,43,2725,42,1828,28,2331,41,2222,34,
2026-09-30,05:23:55.130,999,16941,238,18778,242,14466,238,15613,240,15144,222,15028,235,13275,205,16957,228,16013,226,14344,222,11905,207,13610,194,13551,208,15964,234,14352,224,14121,213,
2026-09-30,05:23:56.130,1000,17896,247,17497,224,14314,248,15382,242,14623,213,14296,218,16413,243,18561,244,16988,239,14840,234,14928,267,17161,244,16330,248,16756,235,15243,227,17963,267,
2026-09-30,05:23:57.130,999,714,10,1571,20,1201,18,1452,21,1624,25,1360,22,1285,21,2401,32,939,14,1325,19,793,13,1336,19,713,11,858,14,855,14,818,12,
2026-09-30,05:23:58.130,999,2893,41,3685,47,2005,29,2049,28,2031,30,2190,41,2070,36,1996,27,1731,25,2486,35,2157,34,2422,35,1639,25,1667,28,1686,32,2217,33,
2026-09-30,05:23:59.130,999,3290,47,3534,47,3273,47,3618,49,3873,58,2361,40,3341,53,3082,41,3076,47,4082,57,3196,49,3732,54,2670,42,3025,48,2264,39,2524,38,
2026-09-30,05:24:00.130,1000,6211,88,7441,97,6056,90,7334,101,4452,67,3937,68,5471,89,5594,76,5279,74,5393,76,4508,71,4776,69,5868,92,4286,66,5961,97,5353,81,
2026-09-30,05:24:01.130,999,815,12,993,13,546,8,1100,15,1323,19,1010,18,454,8,1395,19,1458,22,729,10,915,14,777,11,729,11,718,11,934,16,787,12,
2026-09-30,05:24:02.130,999,1576,22,2500,32,2422,34,2307,30,1417,23,1939,31,2565,41,2711,36,1813,25,1695,23,2232,33,2596,40,2193,37,2252,33,1831,31,2107,32,
2026-09-30,05:24:03.130,1000,1283,18,1992,26,1392,20,1217,16,1446,21,1292,23,1295,23,1608,22,1880,26,1274,17,1075,16,1327,19,1184,18,1226,19,940,17,971,15,
2026-09-30,05:24:04.130,999,1720,24,2076,27,1638,23,1920,25,1063,18,1217,20,1030,16,1290,17,1568,22,1296,18,1272,19,1305,21,817,14,1426,22,1555,26,1648,25,
2026-09-30,05:24:05.130,999,5431,75,6984,90,5524,96,4886,77,5522,81,5113,79,6388,97,7892,105,7229,103,6030,96,4565,83,5957,85,4994,76,5917,83,5708,88,6662,100,
2026-09-30,05:24:06.130,999,1466,22,1798,25,1422,21,1628,22,1133,17,1487,24,1742,27,1181,16,1974,29,1766,25,1535,24,1758,25,1382,21,1561,23,1650,27,1364,21,
2026-09-30,05:24:07.130,1000,2889,43,2731,37,2862,42,2438,35,3240,49,2389,39,2642,42,3425,45,2525,36,3024,43,2448,38,2736,40,2502,40,1896,29,2037,32,1755,26,
2026-09-30,05:24:08.130,999,2639,37,3875,50,2754,39,2391,32,2685,47,2820,43,1993,30,3926,52,2957,41,3108,44,2740,43,2770,45,1796,33,2286,34,2722,42,2656,40,
2026-09-30,05:24:09.130,999,281,4,606,8,779,11,584,8,219,3,405,7,518,9,227,3,517,7,520,7,788,12,570,8,618,9,309,5,218,4,281,4,
2026-09-30,05:24:10.131,1000,633,9,827,11,864,12,631,8,507,8,846,15,395,6,595,8,1247,17,1124,15,685,10,727,11,410,6,413,6,462,8,594,9,
2026-09-30,05:24:11.130,999,10839,154,10077,132,8631,145,9442,145,8117,119,8121,123,8867,132,11400,152,8911,130,9962,158,8925,157,9115,130,10230,156,9472,135,11129,166,9668,143,
2026-09-30,05:24:12.130,999,833,12,399,5,701,10,413,5,270,4,450,8,403,7,434,6,269,4,393,5,624,9,497,7,344,5,335,5,498,9,814,12,
2026-09-30,05:24:13.130,999,1288,19,1276,17,1283,18,1264,16,1763,27,1333,21,1477,23,1676,23,1473,22,1026,14,1472,23,1748,26,1089,19,1691,25,1349,22,1275,19,
2026-09-30,05:24:14.130,1000,1007,14,706,9,1266,19,815,11,812,13,932,15,1089,17,975,13,1152,16,844,12,554,9,779,12,976,16,821,12,498,9,934,14,
2026-09-30,05:24:15.130,999,814,11,1290,17,1086,18,1428,21,1537,23,1760,28,1230,19,1714,23,1570,22,1901,29,1453,25,1105,16,1320,20,1625,23,732,11,924,14,
2026-09-30,05:24:16.130,999,204,3,746,10,513,8,593,8,245,4,388,6,838,13,794,11,451,7,536,8,733,11,394,6,305,5,496,7,249,4,189,3,
2026-09-30,05:24:17.131,1000,680,11,668,9,707,10,792,9,495,7,520,8,938,14,915,12,462,7,475,6,674,10,735,10,673,10,723,10,298,5,293,4,
2026-09-30,05:24:18.130,999,373,5,461,6,486,7,220,3,541,8,406,6,257,4,458,6,372,5,131,2,115,2,349,5,136,2,486,7,104,2,208,3,
2026-09-30,05:24:19.130,999,3402,49,4267,57,2633,47,2960,48,2811,41,3238,48,2838,42,3785,50,4395,62,3749,60,2821,52,3769,53,3195,48,4020,57,3325,50,3852,58,
2026-09-30,05:24:20.130,999,1072,15,1545,20,1727,28,1628,24,1218,18,735,12,788,13,1288,17,937,13,1211,17,1204,19,1057,15,1053,16,932,14,1069,18,743,11,
2026-09-30,05:24:21.130,1000,639,9,236,3,407,6,436,6,665,10,353,6,378,7,453,6,709,10,679,10,336,5,340,5,394,6,588,9,637,11,616,9,
2026-09-30,05:24:22.130,999,372,5,307,4,227,3,258,3,125,2,9,0,197,3,372,5,154,2,170,2,278,4,280,4,722,11,167,2,197,3,382,6,
2026-09-30,05:24:23.130,999,361,6,384,5,433,6,343,4,683,10,169,3,355,6,388,5,248,4,309,4,145,2,714,10,595,9,625,9,215,4,542,8,
2026-09-30,05:24:24.131,1000,497,8,411,6,366,5,390,5,490,7,498,8,713,11,592,8,538,9,374,5,625,9,640,9,79,1,438,6,392,6,685,10,
2026-09-30,05:24:25.130,999,115587,1660,132830,1741,109711,1716,119249,1731,115661,1787,114026,1760,118505,1797,128750,1714,119993,1717,116337,1718,109642,1789,119864,1766,107031,1702,119139,1727,109482,1689,112369,1700,
2026-09-30,05:24:26.130,999,37167,522,38974,501,32620,515,34528,507,33639,497,31071,505,32593,504,38883,510,36181,506,35674,532,32775,543,38011,543,36444,552,34664,521,32652,533,34700,516,
2026-09-30,05:24:27.130,999,4805,73,6204,85,5305,78,5948,82,5486,80,5391,85,4635,72,5831,82,4720,70,5524,76,5502,84,5694,82,4240,65,4305,63,4859,77,3823,61,
2026-09-30,05:24:28.131,1000,17548,253,19529,258,17180,255,15951,218,15465,235,14376,226,15079,234,16487,221,14080,206,14878,202,16528,258,13913,200,14925,222,14549,212,14031,221,13764,208,
2026-09-30,05:24:29.130,999,4605,69,5306,70,4534,64,4627,62,3265,50,3555,63,3617,61,4538,60,3965,59,5004,68,3478,52,4566,68,3427,54,5127,80,4033,71,4538,68,
2026-09-30,05:24:30.130,999,10086,150,11724,158,12534,179,10041,134,10791,161,8464,147,9404,159,11304,149,9789,151,11072,152,8933,134,10419,148,8851,137,9857,157,8677,153,9796,147,
2026-09-30,05:24:31.130,999,1993,28,1683,22,1861,27,1479,20,1880,28,1666,29,1810,31,2232,30,2148,31,1750,24,1697,26,1881,27,2128,33,1897,31,1451,27,2159,33,
2026-09-30,05:24:32.131,1000,12258,170,15399,197,12623,180,14914,198,11805,174,10463,199,9073,165,13376,179,13107,185,13911,188,11944,178,13032,186,11621,178,11252,193,9510,189,14055,211,
2026-09-30,05:24:33.130,999,2296,34,2998,40,2669,40,2892,40,3093,46,2308,38,2021,33,2729,38,2976,45,3095,43,2794,42,2989,42,2178,33,1424,21,1898,31,1470,24,
2026-09-30,05:24:34.130,999,5390,78,4480,61,4430,65,4863,66,3633,54,3326,54,3099,49,4873,66,4117,61,4733,67,4898,76,4308,61,4142,63,4674,69,3359,54,3439,53,
2026-09-30,05:24:35.131,1000,7966,111,8163,106,7029,121,6542,105,6964,102,6656,104,5972,92,7787,103,6613,93,6377,100,6288,112,5913,84,7707,118,7905,114,6765,105,7274,109,
2026-09-30,05:24:36.131,999,1338,19,1545,22,1415,20,2167,29,1289,19,1134,22,1258,21,1123,15,1889,27,2252,31,1752,26,1665,24,1185,18,1325,21,1209,22,1462,22,
2026-09-30,05:24:37.130,999,1087,15,1065,14,987,14,1349,18,1161,17,740,14,856,15,675,9,587,8,951,13,676,10,560,8,758,12,724,12,473,9,1176,18,
2026-09-30,05:24:38.130,999,5362,76,6557,86,5617,84,5858,83,5312,89,6302,97,4882,76,7352,97,5781,81,5543,80,5715,92,5477,86,4965,85,4995,74,5081,81,4889,74,
2026-09-30,05:24:39.131,1000,2900,41,3260,42,2499,38,2787,39,2324,36,2426,40,1739,28,1806,24,2082,30,1688,24,2404,39,2513,36,2722,42,2958,44,3300,54,2578,39,
2026-09-30,05:24:40.130,999,1130,16,1066,14,767,11,856,12,1297,21,949,16,1552,25,1040,14,1222,17,1327,18,1030,15,1406,21,1191,19,1033,16,870,15,991,15,
2026-09-30,05:24:41.130,999,12787,183,14106,184,11275,188,11881,182,11568,169,11811,180,12518,185,13974,185,11947,172,12648,195,11520,200,13425,192,13520,206,12346,174,13226,200,12479,183,
2026-09-30,05:24:42.131,1000,414,6,70,1,422,6,395,5,540,8,543,10,449,7,478,7,281,4,426,6,915,14,524,8,326,5,550,8,352,6,250,4,
2026-09-30,05:24:43.131,999,2976,46,2185,31,2413,38,2697,39,2592,39,2439,37,2433,36,1562,21,2986,45,2314,35,1933,33,3026,43,2075,31,2644,38,2623,41,2228,34,
2026-09-30,05:24:44.130,999,2006,28,2673,35,1637,26,1405,21,2462,37,1800,28,1806,27,2243,30,1791,25,1654,25,1911,32,2088,31,1880,29,1916,28,1628,25,1588,24,
2026-09-30,05:24:45.130,999,3769,55,4392,57,2747,43,3613,54,2814,43,3035,48,2777,43,3122,42,3101,45,3072,46,2335,39,2561,37,3203,51,3768,55,3009,47,3151,48,
2026-09-30,05:24:46.131,1000,1392,20,1930,25,2002,30,2638,37,1918,30,1819,28,2696,41,2151,30,1725,24,2042,29,2084,33,2160,31,2090,32,1957,29,2163,34,1514,23,
2026-09-30,05:24:47.131,999,720,10,1269,16,732,11,1183,16,833,14,879,14,429,7,766,10,652,9,658,9,656,10,369,6,1148,20,1428,21,664,10,668,10,
2026-09-30,05:24:48.130,999,1339,20,2130,29,1458,21,2192,30,2125,33,1279,21,1065,17,1550,21,1092,16,1102,15,1713,26,1503,22,1349,21,1120,17,1287,20,1196,19,
2026-09-30,05:24:49.130,999,1039,15,1358,17,1348,21,1473,21,1291,19,861,15,906,15,1060,14,1077,15,899,13,836,14,1418,20,1150,18,851,13,1341,24,1336,20,
2026-09-30,05:24:50.131,1000,1572,23,1545,20,1160,17,1599,21,1310,19,955,15,1297,21,1512,20,2155,31,1907,27,1290,21,1494,22,1273,19,1749,26,1468,25,1385,21,
2026-09-30,05:24:51.131,999,851,12,937,12,885,13,618,8,1225,18,974,17,1043,18,1394,19,1272,18,1052,16,1104,17,833,12,587,9,594,9,972,16,1282,19,
2026-09-30,05:24:52.130,999,392,6,669,9,554,8,567,8,210,3,216,4,396,7,642,9,867,13,574,8,397,6,341,5,641,10,16,0,462,8,391,6,
2026-09-30,05:24:53.131,1000,225,3,309,4,692,10,316,4,209,3,215,4,280,5,152,2,189,3,300,4,257,4,402,6,579,9,252,4,196,4,208,3,
2026-09-30,05:24:54.131,999,629,9,535,7,590,9,476,7,308,5,658,12,448,8,376,5,575,8,147,2,432,7,278,4,462,7,83,1,541,9,265,4,
2026-09-30,05:24:55.130,999,1085,15,1441,19,961,14,1149,17,1121,18,1030,16,1184,18,905,12,1531,22,1671,24,1011,16,819,12,1311,23,1360,20,1085,17,955,14,
2026-09-30,05:24:56.130,999,829,12,883,12,1347,20,1202,16,883,14,1222,19,898,14,1221,16,1903,27,1638,23,1422,22,746,12,546,8,905,13,999,15,592,8,
2026-09-30,05:24:57.131,1000,7752,107,6635,84,6002,107,5806,95,6010,88,5403,82,6248,93,7156,95,6702,94,6466,106,5267,96,6515,92,6660,102,6386,89,7157,107,6532,97,
2026-09-30,05:24:58.131,999,434,6,158,2,319,5,308,4,204,3,584,9,343,5,372,5,561,8,701,10,419,7,438,7,224,4,69,1,204,3,323,5,
2026-09-30,05:24:59.130,999,362,5,79,1,288,5,278,4,210,3,115,2,69,1,225,3,713,10,151,2,214,3,565,8,203,3,209,3,429,8,196,3,
2026-09-30,05:25:00.131,1000,1744,27,1984,27,2403,34,1813,24,1815,29,2115,33,1873,28,2138,28,2200,33,1814,25,2470,37,2334,36,1797,29,1411,21,1227,19,1672,25,
2026-09-30,05:25:01.131,999,1424,20,2302,31,1314,19,1767,23,960,17,1046,16,857,13,979,13,1190,17,961,13,715,11,448,7,1070,18,1077,15,1575,24,1174,18,
2026-09-30,05:25:02.131,999,75205,1044,83556,1070,79923,1123,81659,1069,76376,1143,60747,1121,62472,1108,82386,1085,77320,1077,80349,1088,76330,1134,77553,1102,72990,1111,65920,1084,56981,1071,73784,1104,
2026-09-30,05:25:03.130,999,4534,64,4674,61,4494,64,3881,51,3946,67,4488,68,5186,78,5888,80,4655,65,5744,78,4484,67,4520,70,3058,53,3891,57,4109,65,4512,70,
2026-09-30,05:25:04.131,1000,2493,36,2629,34,2511,36,2675,35,2210,35,1944,34,1566,26,3475,46,2579,36,2116,29,2878,45,2613,40,1934,31,1778,28,1923,33,2494,38,
2026-09-30,05:25:05.131,999,7941,112,10047,131,9154,145,8736,130,7002,106,8515,136,7113,110,9423,125,7162,101,7181,108,6399,107,8705,127,7160,115,9304,136,6828,108,8098,122,
2026-09-30,05:25:06.131,999,1860,27,2091,28,2099,30,2246,30,1912,30,1820,31,1336,22,1702,23,2705,38,2560,35,1938,29,2166,32,2709,44,2956,46,2164,37,1861,28,
2026-09-30,05:25:07.130,999,10043,145,12013,157,9669,140,10896,147,8261,123,8450,133,8217,127,8608,122,9386,134,8243,115,8264,126,8117,120,8085,129,8633,126,8208,129,7129,115,
2026-09-30,05:25:08.131,1000,3053,45,3686,50,3343,47,3192,43,2971,47,3847,60,2954,45,3156,43,2379,35,2954,41,2738,43,2616,40,2526,41,2942,42,2667,41,2673,41,
2026-09-30,05:25:09.131,999,846,12,867,11,836,12,1157,15,495,7,284,5,478,8,399,6,935,14,816,11,869,13,211,3,581,9,968,15,610,11,815,13,
2026-09-30,05:25:10.131,999,1801,25,2437,31,2386,34,2326,31,1805,27,1630,27,2048,33,2187,33,1778,25,2044,28,1455,21,1071,15,2266,35,2129,31,1744,29,1318,23,
2026-09-30,05:25:11.130,999,1281,21,1863,27,2087,30,1903,25,1522,23,1604,25,1338,20,1929,26,1488,25,1461,20,2308,35,1772,26,1888,29,1709,25,1915,28,1957,30,
2026-09-30,05:25:12.131,1000,13594,187,12863,164,9186,161,9930,157,10638,154,9809,148,11683,175,13680,183,10847,152,11308,180,9529,172,12471,177,11867,180,12264,171,12715,190,12831,190,
2026-09-30,05:25:13.131,999,398,6,975,13,825,12,899,12,1146,17,733,12,440,7,1041,15,1199,18,525,7,827,12,1247,18,774,12,892,14,726,13,691,11,
2026-09-30,05:25:14.131,999,393,6,780,11,711,10,1004,13,1127,17,663,11,748,12,1167,16,618,9,1015,14,856,13,1037,15,643,10,276,4,563,9,799,12,
2026-09-30,05:25:15.131,1000,2035,28,2470,32,1517,24,1827,29,1870,28,1394,22,1980,31,1733,23,1834,26,2090,32,1050,19,1729,25,1712,26,1640,24,1569,25,1664,25,
2026-09-30,05:25:16.131,999,373,6,257,4,285,4,897,12,263,4,138,2,377,6,514,7,508,7,518,7,892,13,648,10,256,4,405,6,274,4,337,5,
2026-09-30,05:25:17.131,999,253,4,64,1,282,4,85,1,267,4,396,6,136,2,609,9,483,7,509,7,137,2,282,4,134,2,129,2,133,2,119,2,
2026-09-30,05:25:18.130,999,1639,24,1758,24,1299,19,1418,19,1178,17,1435,24,970,16,1700,23,1312,20,1236,18,1597,25,1537,22,1722,26,1742,26,1679,29,1520,23,
2026-09-30,05:25:19.131,1000,2221,32,2261,29,1806,26,1700,23,992,16,1454,25,1346,22,1138,15,1144,17,1747,24,1859,28,1753,25,1568,26,1372,21,1399,24,2451,37,
2026-09-30,05:25:20.131,999,437,6,376,5,635,9,461,6,488,7,165,3,596,10,530,7,640,9,576,8,511,8,623,9,470,7,417,6,438,7,534,8,
2026-09-30,05:25:21.131,999,661,9,549,7,453,7,291,4,479,7,348,7,281,5,527,7,347,5,482,7,540,8,559,8,275,4,270,4,496,9,405,6,
2026-09-30,05:25:22.131,1000,939,13,940,12,1037,15,918,12,866,13,900,18,680,13,1054,14,1065,15,963,13,1601,25,1111,16,1245,19,693,12,1083,22,721,11,
2026-09-30,05:25:23.131,999,403,6,456,6,263,4,452,6,546,8,251,4,309,5,434,6,363,5,508,7,494,8,524,8,380,6,478,7,380,6,207,3,
2026-09-30,05:25:24.131,999,753,11,1178,15,947,13,797,10,486,7,767,13,971,16,744,10,1312,19,595,8,1001,15,339,5,939,14,647,10,909,16,633,10,
2026-09-30,05:25:25.131,999,899,14,1007,13,754,12,886,13,1186,17,745,12,832,13,1278,17,1027,15,1203,18,990,17,697,10,1245,19,1339,19,731,12,1273,19,
2026-09-30,05:25:26.131,1000,386,6,255,4,640,9,832,11,465,7,140,2,375,6,599,8,1033,15,505,7,842,13,455,7,466,7,514,8,532,9,543,8,
2026-09-30,05:25:27.131,999,6711,94,5508,71,5342,94,4603,75,4630,68,5189,80,5396,81,7003,93,6147,87,6051,97,5316,97,6912,99,6533,101,5829,83,5489,83,6212,93,
2026-09-30,05:25:28.131,999,280,4,157,2,271,4,79,1,214,3,186,3,254,4,153,2,214,3,421,6,532,8,350,5,139,2,138,2,237,4,342,5,
2026-09-30,05:25:29.131,1000,822,12,893,11,686,10,910,12,1036,16,737,11,769,12,1133,16,1333,19,1027,14,1072,16,949,13,782,12,907,12,919,14,621,10,
2026-09-30,05:25:30.131,999,144,2,396,5,621,9,308,4,474,7,206,3,185,3,438,6,292,4,285,4,512,8,500,7,676,11,582,9,439,7,318,5,
2026-09-30,05:25:31.131,999,648,10,659,9,489,7,387,5,490,8,339,5,471,7,514,7,703,11,526,7,606,9,477,7,432,7,214,3,579,9,539,8,
2026-09-30,05:25:32.131,999,1123,16,913,12,1145,16,1012,13,808,12,553,9,716,12,679,10,701,10,1039,14,1028,15,880,12,1229,19,442,6,902,15,750,12,
2026-09-30,05:25:33.131,1000,2496,36,3185,42,3451,49,1514,20,1973,29,1837,36,1519,28,1881,25,2515,36,2908,39,1945,29,1828,26,2484,38,2016,35,2023,39,2094,31,
2026-09-30,05:25:34.131,999,553,8,757,10,496,7,158,2,751,11,443,9,424,7,384,5,925,13,930,13,518,8,921,13,329,5,472,8,647,11,639,10,
2026-09-30,05:25:35.131,999,1064,16,1442,20,1153,17,1115,16,1210,18,1366,21,1135,17,1357,18,2040,30,1516,22,839,14,1318,19,977,15,1600,23,1246,19,659,10,
2026-09-30,05:25:36.131,1000,82501,1136,99342,1254,85925,1207,95148,1248,84908,1239,66262,1268,66930,1221,95169,1248,90295,1249,96041,1279,85918,1259,90262,1259,81192,1224,71900,1199,64407,1235,80301,1178,
2026-09-30,05:25:37.131,999,10400,147,11799,151,10746,155,11348,152,9940,147,8668,140,9622,153,8735,128,12467,175,11755,157,11593,173,10983,158,9496,148,10007,152,9312,154,9051,150,
2026-09-30,05:25:38.131,999,6150,90,7806,103,7283,109,7595,107,7025,111,6877,105,5605,85,7711,105,6652,94,7514,110,5638,92,6819,102,5201,83,6776,99,6366,99,5701,90,
2026-09-30,05:25:39.132,1000,683,10,620,8,495,7,450,6,986,15,699,12,593,10,957,13,961,14,441,6,606,9,780,11,518,8,870,13,447,8,404,6,
2026-09-30,05:25:40.131,999,8573,124,7871,104,7390,107,8164,110,6061,93,5952,99,6374,102,7009,95,5399,79,6135,85,5778,89,6050,88,5638,89,6321,96,5520,92,6160,94,
2026-09-30,05:25:41.131,999,1615,26,1607,23,1409,20,1832,24,878,13,1096,18,1191,20,1503,20,1330,22,1479,20,1775,26,1848,27,1590,24,1411,21,1678,26,1461,22,
2026-09-30,05:25:42.131,999,11230,154,11668,147,8521,148,8831,142,9635,140,8469,129,10418,155,12020,161,10626,148,10230,164,8372,151,12006,170,9834,150,10410,146,10069,150,10951,161,
2026-09-30,05:25:43.131,1000,1452,23,1456,20,2144,31,1510,20,1539,23,1450,22,1672,26,1887,26,906,15,1858,26,1779,27,2183,31,1431,22,1898,28,1468,23,1046,16,
2026-09-30,05:25:44.131,999,1126,17,1256,17,1147,18,934,14,1497,22,1738,27,1595,25,1655,22,957,14,1414,21,1388,23,1350,19,679,10,597,9,769,12,595,9,
2026-09-30,05:25:45.131,999,5408,75,6733,86,5440,92,5644,89,6613,97,5754,89,7023,106,7253,97,6025,85,5971,95,4679,85,4942,72,4951,77,7226,104,5044,77,5619,84,
2026-09-30,05:25:46.132,1000,1998,29,1415,19,1544,22,1659,22,1247,20,1264,19,1722,26,1432,20,2358,35,2665,37,1754,27,2517,37,1328,21,1795,26,1651,27,1527,24,
2026-09-30,05:25:47.131,999,426,6,868,11,352,5,422,6,640,10,461,9,450,8,525,7,360,5,373,5,341,5,567,8,465,7,668,11,282,5,198,3,
2026-09-30,05:25:48.131,999,572,8,795,10,619,9,325,4,547,8,564,10,483,8,612,8,419,6,851,12,491,8,504,7,407,6,138,2,118,2,466,7,
2026-09-30,05:25:49.131,999,758,11,321,4,562,8,368,5,69,1,214,4,258,5,810,11,146,2,512,7,263,4,281,4,263,4,394,6,121,2,4,0,
2026-09-30,05:25:50.132,1000,939,16,929,14,1180,17,765,10,1318,19,1431,23,1290,21,1634,22,1722,28,1902,26,1185,18,1475,21,1443,22,812,12,941,15,1935,29,
2026-09-30,05:25:51.131,999,633,9,786,10,444,6,354,4,390,6,211,3,663,10,729,10,1344,20,472,6,426,6,657,10,459,7,819,12,664,11,881,13,
2026-09-30,05:25:52.131,999,911,13,920,12,484,8,599,9,605,9,470,7,523,8,644,9,410,6,287,4,661,10,204,3,647,10,283,4,493,8,412,7,
2026-09-30,05:25:53.132,1000,274,4,153,2,433,6,465,6,215,3,318,6,366,6,373,5,821,12,1060,15,334,5,547,8,332,5,59,1,414,8,208,3,
2026-09-30,05:25:54.132,1000,631,10,1000,15,896,13,1010,13,1759,26,1071,17,824,13,967,13,747,13,1114,15,751,11,1054,15,597,9,685,10,957,14,729,11,
2026-09-30,05:25:55.132,999,897,13,540,7,965,15,698,10,1265,19,1068,17,1056,16,1143,15,1313,19,964,14,1256,20,1086,16,848,13,799,12,449,8,745,11,
2026-09-30,05:25:56.132,999,34092,478,39531,512,30119,479,31918,469,31945,503,32003,476,35268,514,38684,518,36495,506,33316,500,32622,545,34316,507,30411,491,33658,478,34212,515,32477,498,
2026-09-30,05:25:57.133,1000,17956,270,18426,252,16460,265,18096,269,16318,243,17762,270,17789,266,22160,295,16226,245,18104,270,15148,255,17084,244,18419,287,18215,258,18138,273,19409,289,
2026-09-30,05:25:58.132,999,1108,16,1018,14,1053,15,608,8,1321,20,1431,22,1193,18,1171,17,1068,16,1323,18,1215,19,1063,15,1133,17,1394,20,1147,18,980,16,
2026-09-30,05:25:59.132,999,1123,17,590,9,1427,20,1138,15,1341,20,879,14,1146,18,1384,18,829,14,1370,18,1031,15,1354,19,455,7,907,14,826,13,1077,16,
2026-09-30,05:26:00.133,1000,645,9,939,12,1105,16,894,12,665,10,498,9,640,12,528,7,1197,17,972,13,991,15,858,12,537,8,466,8,415,8,657,10,
2026-09-30,05:26:01.133,999,761,11,311,4,409,6,474,6,552,8,513,9,483,8,229,3,440,6,352,5,263,4,618,9,399,6,221,3,358,6,259,4,
2026-09-30,05:26:02.132,999,1752,26,2142,28,2930,42,2767,37,1460,24,2132,33,2487,38,3137,42,1717,25,1984,28,2300,35,1988,32,1976,33,2607,38,1612,25,2209,34,
2026-09-30,05:26:03.132,999,882,12,867,11,901,13,984,13,1016,15,579,8,894,14,539,8,818,11,439,6,715,11,934,13,762,12,506,7,526,9,468,8,
2026-09-30,05:26:04.133,1000,855,12,1057,14,1262,18,836,11,329,5,453,7,614,9,763,10,727,11,665,9,889,13,656,10,437,8,767,12,906,15,677,10,
2026-09-30,05:26:05.132,999,6240,86,6345,81,5748,94,5825,89,5584,83,4905,80,6402,100,7512,100,6310,89,7178,110,5984,103,5834,84,5477,84,6626,96,4929,79,6043,90,
2026-09-30,05:26:06.132,999,290,4,563,7,638,9,440,6,697,11,615,10,588,9,381,5,1097,16,953,13,1033,16,551,8,189,3,359,5,683,11,533,8,
2026-09-30,05:26:07.133,1000,1312,18,1955,25,1135,18,1453,22,1571,23,1332,23,1103,18,2185,29,1712,24,1813,27,1307,21,1409,20,1500,23,937,14,1220,19,1533,23,
2026-09-30,05:26:08.133,999,1718,25,2845,37,2576,37,1949,27,1878,30,2106,33,1732,27,2198,30,2717,38,2008,29,2084,32,1968,30,2143,35,1727,25,2101,32,1532,23,
2026-09-30,05:26:09.132,999,791,11,230,3,519,8,563,9,469,7,199,3,258,4,232,3,289,4,267,4,358,6,248,4,270,4,461,7,455,8,473,7,
2026-09-30,05:26:10.132,999,221,3,386,5,214,3,520,7,318,5,252,4,396,6,229,3,582,8,454,6,306,5,428,6,258,4,193,3,2,0,464,7,
2026-09-30,05:26:11.133,1000,967,16,1001,15,758,11,940,12,678,10,657,10,564,9,756,10,755,13,1074,15,622,10,910,13,790,12,642,9,933,14,723,11,
2026-09-30,05:26:12.133,999,5736,79,5227,66,4888,88,5022,82,4358,64,4008,61,4924,73,6168,82,4680,66,5916,96,4873,88,5319,75,5709,88,5698,80,5843,87,6341,94,
2026-09-30,05:26:13.132,999,446,7,609,8,522,8,559,8,546,8,629,10,1029,16,589,8,564,9,722,10,314,5,567,8,467,7,432,6,385,6,741,11,
2026-09-30,05:26:14.132,999,352,5,322,4,630,9,594,8,389,6,470,7,851,13,818,11,922,13,648,10,782,13,973,14,645,10,242,3,606,9,275,4,
2026-09-30,05:26:15.133,1000,577,8,539,7,670,11,766,12,866,13,1328,21,1073,17,1041,14,1150,16,690,11,467,8,916,13,794,12,850,12,511,8,662,10,
2026-09-30,05:26:16.133,999,1023,14,1431,18,852,12,1233,16,599,11,449,7,608,9,1132,15,1336,19,961,13,816,12,832,14,763,14,791,11,1328,20,821,12,
2026-09-30,05:26:17.132,999,427,6,225,3,580,8,477,6,343,5,233,4,350,6,527,7,220,3,222,3,138,2,282,4,131,2,234,4,163,3,75,1,
2026-09-30,05:26:18.133,1000,291,4,236,3,247,4,364,5,668,10,447,8,535,9,517,7,431,6,688,10,549,9,410,6,260,4,447,7,236,4,136,2,
2026-09-30,05:26:19.133,999,229,3,473,6,352,5,671,9,420,6,206,3,250,4,361,5,627,9,423,6,344,5,147,2,326,5,216,3,222,4,149,2,
2026-09-30,05:26:20.132,999,64,1,377,5,335,5,419,6,135,2,71,1,191,3,287,4,448,6,662,9,541,8,204,3,264,4,261,4,153,3,336,5,
2026-09-30,05:26:21.133,1000,123,2,146,2,286,4,84,1,207,3,299,5,51,1,156,2,219,3,222,3,74,1,139,2,194,3,9,0,215,4,204,3,
2026-09-30,05:26:22.134,1000,59,1,5,0,3,0,297,4,65,1,136,2,204,3,132,2,80,1,226,3,264,4,1,0,196,3,153,2,73,1,3,0,
2026-09-30,05:26:23.134,999,623,9,605,8,557,8,745,10,385,6,330,6,476,8,441,6,220,3,77,1,275,4,362,5,396,6,254,4,354,6,251,4,
2026-09-30,05:26:24.133,999,389,7,189,3,432,6,596,8,202,3,202,3,259,4,456,6,576,10,297,4,348,5,493,7,472,7,396,6,408,6,399,6,
2026-09-30,05:26:25.134,1000,442,6,150,2,618,10,551,8,616,9,570,9,510,8,911,12,865,12,832,12,804,13,731,11,790,12,573,8,158,3,265,4,
2026-09-30,05:26:26.134,999,79,1,125,2,292,4,84,1,195,3,138,2,204,3,133,2,268,4,277,4,132,2,136,2,206,3,223,3,119,2,194,3,
2026-09-30,05:26:27.134,999,4596,64,3609,46,4015,71,4647,75,3328,49,3602,55,4524,68,5254,70,4244,60,4960,81,4092,75,5062,72,4847,75,4464,63,5001,75,5016,75,
2026-09-30,05:26:28.133,999,1659,24,2345,31,1863,28,1854,26,1747,27,1324,21,1853,29,1990,27,2190,31,2305,32,1828,28,1857,27,1665,26,2140,31,1895,30,1916,29,
2026-09-30,05:26:29.134,1000,226,3,143,2,214,3,229,3,207,3,235,4,185,3,133,2,303,4,225,3,211,3,278,4,70,1,131,2,73,1,3,0,
2026-09-30,05:26:30.134,999,352,5,400,5,485,7,536,7,668,10,455,8,591,9,382,5,561,8,711,10,419,7,385,6,653,10,209,3,318,5,464,7,
2026-09-30,05:26:31.133,999,908,13,1283,17,1075,16,1247,17,932,14,547,9,441,7,1135,15,809,12,1378,19,874,13,1225,18,876,15,864,13,1076,17,997,15,
2026-09-30,05:26:32.134,1000,10572,146,13080,167,10113,143,12366,164,9827,145,7843,158,7973,148,11609,154,10793,152,11267,152,10048,150,10790,154,10009,153,9080,157,7952,160,12488,186,
2026-09-30,05:26:33.134,999,222,3,137,2,200,3,132,2,145,2,133,2,2,0,150,2,146,2,3,0,313,5,201,3,174,3,64,1,167,3,132,2,
2026-09-30,05:26:34.134,999,820,12,1032,14,1126,17,1300,19,1043,16,1354,21,921,14,1050,14,1066,15,1483,22,892,15,1374,21,904,15,706,10,1258,20,1585,24,
2026-09-30,05:26:35.133,999,676,10,680,9,889,14,547,9,959,15,796,12,811,12,763,10,843,12,1230,18,790,14,696,10,641,10,644,9,609,9,728,11,
2026-09-30,05:26:36.134,1000,724,10,213,3,305,4,335,4,449,7,329,5,346,5,676,9,663,10,435,6,488,8,447,7,479,7,453,6,290,4,77,1,
2026-09-30,05:26:37.134,999,515,7,467,6,269,4,568,8,191,3,635,10,259,4,443,6,276,4,223,3,214,3,550,8,272,5,269,4,503,8,385,6,
2026-09-30,05:26:38.133,999,9803,135,12113,153,11022,155,11911,158,9261,135,7760,145,8346,144,11264,147,9948,140,10683,143,9320,136,10047,142,8770,134,8098,137,8663,164,9809,144,
2026-09-30,05:26:39.134,1000,337,5,152,2,281,4,153,2,127,2,233,4,361,6,155,2,130,2,79,1,247,4,215,3,393,6,254,4,271,4,273,4,
2026-09-30,05:26:40.134,999,1336,19,1501,20,681,11,868,13,803,12,830,14,629,10,983,13,503,7,1207,18,1060,18,709,10,1220,19,758,11,1490,24,1332,20,
2026-09-30,05:26:41.134,999,317,5,531,7,226,3,581,7,205,3,518,8,377,6,598,8,597,9,453,6,337,5,707,10,324,5,657,9,771,12,678,10,
2026-09-30,05:26:42.134,1000,5654,79,5418,69,5687,97,5606,88,4616,68,4580,72,5428,84,6638,89,5937,84,6894,109,5427,96,7235,103,6991,108,5377,79,5774,91,6883,102,
2026-09-30,05:26:43.134,999,748,11,695,9,917,13,1453,20,851,13,646,11,653,11,1035,14,827,12,1020,14,584,9,1264,18,929,14,1071,16,877,15,757,11,
2026-09-30,05:26:44.134,999,140,2,234,3,217,3,467,6,344,5,464,9,226,4,375,5,958,14,720,10,654,10,609,9,674,10,328,5,328,5,273,4,
2026-09-30,05:26:45.134,999,808,11,1029,13,964,17,1372,22,885,13,1088,18,1103,17,1341,18,1256,18,1165,18,758,13,918,13,1568,24,1271,18,448,7,1022,15,
2026-09-30,05:26:46.134,1000,649,9,663,9,568,8,763,10,485,7,517,9,757,13,595,8,612,9,445,6,793,12,277,4,453,7,237,4,485,9,603,9,
2026-09-30,05:26:47.134,999,1795,25,2128,28,1661,28,2066,32,1998,31,1893,29,1519,23,1343,18,1797,25,1857,29,1924,33,2239,32,1820,27,1867,26,1662,25,2318,35,
2026-09-30,05:26:48.134,999,471,7,316,4,492,7,235,3,472,7,481,9,412,7,822,11,503,7,630,9,711,11,277,4,265,4,131,2,217,4,205,3,
2026-09-30,05:26:49.134,1000,135,2,78,1,462,7,98,1,343,5,137,2,54,1,0,0,369,5,147,2,377,6,352,5,441,7,346,5,348,6,273,4,
2026-09-30,05:26:50.134,999,142,2,302,4,275,4,574,8,323,5,401,7,320,5,498,7,258,4,288,4,347,5,227,3,195,3,426,7,370,6,135,2,
2026-09-30,05:26:51.134,999,505,7,776,10,303,5,276,4,418,6,569,9,344,6,313,4,360,5,3,0,225,4,701,10,141,2,210,3,481,7,404,6,
2026-09-30,05:26:52.134,999,2626,38,3090,40,1483,21,2558,34,2410,35,2117,35,2126,35,3118,45,3107,44,3122,42,2732,41,2404,34,2304,35,1954,30,2387,40,2238,37,
2026-09-30,05:26:53.134,1000,450,6,386,5,514,7,554,7,342,5,117,2,106,2,367,5,355,5,365,5,193,3,74,1,535,8,409,7,216,4,475,7,
2026-09-30,05:26:54.134,999,223,3,311,4,204,3,231,3,210,3,118,2,177,3,150,2,80,1,59,1,125,2,139,2,127,2,120,2,136,2,199,3,
2026-09-30,05:26:55.134,999,634,9,163,2,311,5,546,8,279,4,461,8,454,7,454,6,625,9,585,9,361,6,556,8,722,11,426,6,138,2,206,3,
2026-09-30,05:26:56.135,1000,528,8,146,2,257,4,239,3,433,6,5,0,285,4,361,5,333,5,430,6,188,3,577,8,200,3,151,2,188,3,455,7,
2026-09-30,05:26:57.134,999,5195,72,5322,68,4375,78,4188,69,4408,65,4362,66,4665,70,6928,92,5046,71,6032,98,4859,88,5867,83,5840,90,4881,69,5542,83,5985,89,
2026-09-30,05:26:58.134,999,483,7,241,3,370,5,734,9,537,8,323,5,516,8,532,7,767,11,636,9,436,7,557,8,598,9,326,5,322,5,473,7,
2026-09-30,05:26:59.134,999,224,3,163,2,148,2,234,3,393,6,332,6,255,4,76,1,417,6,376,5,2,0,137,2,186,3,210,3,244,4,71,1,
2026-09-30,05:27:00.135,1000,255,4,317,4,424,6,381,5,150,2,99,2,53,1,294,4,364,5,355,5,74,1,196,3,602,9,296,5,104,2,408,6,
2026-09-30,05:27:01.134,999,699,10,919,12,706,10,682,9,609,9,601,10,592,9,397,6,714,10,452,6,750,11,976,14,662,10,444,6,905,14,386,7,
2026-09-30,05:27:02.134,999,551,8,1144,15,706,10,508,7,623,10,682,11,623,10,903,12,571,8,819,11,995,15,575,9,522,9,350,5,404,6,863,13,
2026-09-30,05:27:03.134,999,148,2,397,5,282,4,242,3,398,6,253,4,71,1,239,4,491,7,2,0,137,2,275,4,398,6,77,1,55,1,258,4,
2026-09-30,05:27:04.134,1000,736,11,564,8,366,5,536,7,733,11,387,6,659,10,748,10,822,13,424,6,432,7,491,7,762,12,424,6,715,11,538,8,
2026-09-30,05:27:05.134,999,2208,31,2769,36,2764,42,2312,32,1886,30,2230,34,1813,28,2697,36,2670,37,2249,32,1349,21,1998,30,2150,35,2486,36,2232,35,2284,34,
2026-09-30,05:27:06.134,999,155,2,540,7,568,8,531,7,212,3,333,6,310,5,223,3,464,7,360,5,262,4,364,5,134,2,265,4,484,8,337,5,
2026-09-30,05:27:07.135,1000,680,9,715,9,800,11,955,13,697,10,383,7,452,8,682,9,1049,15,501,7,905,14,845,12,1301,20,720,12,862,16,1006,15,
2026-09-30,05:27:08.134,999,793,11,620,8,810,12,686,9,531,9,819,13,549,9,823,11,516,7,803,11,470,7,798,12,541,9,796,12,1101,18,465,7,
2026-09-30,05:27:09.134,999,390,6,724,9,793,11,360,4,524,8,206,3,415,6,757,11,324,5,247,3,325,5,430,6,459,7,100,1,440,7,320,5,
2026-09-30,05:27:10.134,999,521,7,574,7,723,10,749,10,754,11,723,12,542,9,609,9,1170,16,1112,15,652,10,424,6,642,10,569,9,596,10,428,7,
2026-09-30,05:27:11.135,1000,571,9,642,9,427,6,578,8,485,7,430,7,372,6,307,4,452,7,510,7,490,7,479,7,859,13,564,8,1289,20,582,9,
2026-09-30,05:27:12.134,999,4704,65,4628,59,4013,72,3466,56,3800,56,3351,51,4192,63,5460,73,4200,59,5312,86,4251,76,5225,74,5190,80,5046,71,5023,75,5208,78,
2026-09-30,05:27:13.134,999,265,4,214,3,285,4,239,3,292,4,386,6,105,2,193,3,69,1,295,4,144,2,209,3,69,1,70,1,216,4,329,5,
2026-09-30,05:27:14.135,1000,58,1,286,4,143,2,18,0,195,3,69,1,69,1,151,2,343,5,147,2,271,4,135,2,2,0,10,0,200,3,3,0,
2026-09-30,05:27:15.135,999,857,12,623,8,436,7,1141,16,543,8,642,10,1003,15,830,11,654,9,737,11,376,6,847,12,844,13,982,14,468,7,816,12,
2026-09-30,05:27:16.134,999,1044,15,1623,21,1402,22,1127,16,1640,25,1382,24,1064,17,1813,24,1557,22,1035,15,1184,19,1770,27,1318,21,1226,18,1510,25,1651,25,
2026-09-30,05:27:17.134,999,1281,18,608,8,1029,15,1463,21,1169,18,1244,20,996,15,884,12,1002,14,487,7,974,16,1279,19,709,11,742,11,727,11,724,11,
2026-09-30,05:27:18.135,1000,450,7,539,8,292,4,230,3,403,6,605,9,506,8,881,12,902,13,396,6,313,5,268,4,446,7,419,6,387,6,271,4,
2026-09-30,05:27:19.134,999,482,7,543,7,557,8,382,5,605,9,603,9,395,6,306,4,650,9,545,8,667,11,684,10,563,9,405,6,338,5,377,6,
2026-09-30,05:27:20.134,999,760,11,1018,13,502,7,539,7,483,7,672,11,534,8,706,10,991,14,933,14,427,7,514,8,806,12,490,7,545,10,751,11,
2026-09-30,05:27:21.135,1000,76,1,248,3,189,3,521,7,598,9,453,7,108,2,285,4,436,6,290,4,371,6,275,4,223,3,389,6,54,1,126,2,
2026-09-30,05:27:22.135,999,265,4,435,6,576,9,128,2,274,5,401,6,457,7,612,8,492,7,400,6,443,7,432,7,306,5,350,5,435,7,142,2,
2026-09-30,05:27:23.134,999,767,11,603,8,862,13,506,7,646,10,785,13,620,10,1096,15,571,8,706,10,353,6,528,8,959,15,590,9,990,16,968,15,
2026-09-30,05:27:24.134,999,227,3,394,5,366,5,460,6,245,4,207,3,120,2,593,8,282,4,446,6,878,13,378,6,486,8,463,7,411,7,750,11,
2026-09-30,05:27:25.135,1000,857,12,893,12,758,12,722,11,953,14,1156,19,805,13,1107,15,933,13,1086,16,567,10,1020,15,1054,16,1169,17,592,9,598,9,
2026-09-30,05:27:26.135,999,588,9,711,9,622,9,768,10,455,7,471,7,325,5,393,5,830,12,284,4,447,7,625,9,674,10,692,10,489,8,1012,15,
2026-09-30,05:27:27.134,999,4792,67,4823,62,4907,86,4904,77,3725,55,4747,73,4996,75,5930,79,4884,69,5834,93,4149,75,6121,88,5922,92,4918,70,5466,82,5393,80,
2026-09-30,05:27:28.134,999,148,2,5,0,343,5,96,1,482,7,116,2,388,6,154,2,179,3,274,4,509,8,282,4,201,3,179,3,192,3,315,5,
2026-09-30,05:27:29.135,1000,1152,16,1193,15,1119,16,1041,14,839,13,1150,19,1214,20,950,13,1210,17,1254,17,1402,21,759,11,1537,25,1102,17,1719,30,1227,19,
2026-09-30,05:27:30.135,999,278,4,205,3,495,7,580,8,263,4,184,3,322,5,0,0,477,7,216,3,200,3,427,6,449,7,375,6,110,2,511,8,
2026-09-30,05:27:31.134,999,686,10,633,8,604,9,547,7,583,9,543,8,591,9,526,7,730,10,543,8,273,4,641,9,354,5,355,5,838,13,222,3,
2026-09-30,05:27:32.135,1000,152,2,150,2,290,4,165,2,67,1,217,4,0,0,1,0,78,1,78,1,1,0,66,1,337,5,154,2,67,1,3,0,
2026-09-30,05:27:33.135,999,7,0,401,5,355,5,74,1,0,0,101,2,1,0,284,4,79,1,156,2,207,3,196,3,2,0,348,6,100,2,133,2,
2026-09-30,05:27:34.134,999,1540,22,1720,23,975,14,1465,19,950,14,600,9,570,9,878,13,569,9,808,11,1105,16,1130,16,751,12,1411,20,845,13,970,16,
2026-09-30,05:27:35.134,999,711,10,320,4,496,8,519,8,460,7,926,15,362,6,810,11,631,9,948,14,418,7,909,13,608,9,787,11,500,8,380,6,
2026-09-30,05:27:36.135,1000,24192,338,25472,328,20926,306,23425,320,21026,313,19243,334,20929,350,23076,319,22043,309,23710,328,23014,353,23879,341,19075,293,18832,296,19673,344,19745,311,
2026-09-30,05:27:37.135,999,662,9,1217,16,754,11,882,12,482,7,606,9,474,8,613,8,338,5,586,8,516,8,550,8,525,8,794,11,645,11,465,7,
2026-09-30,05:27:38.134,999,1424,20,1829,24,1627,26,1594,23,2101,32,1739,28,1816,28,2841,38,1774,25,1642,25,1714,28,1613,23,1475,24,1685,25,1768,28,1734,26,
2026-09-30,05:27:39.135,1000,292,4,165,2,196,3,462,7,750,11,382,6,121,2,151,2,76,1,253,4,102,2,209,3,256,4,375,5,190,3,394,6,
2026-09-30,05:27:40.135,999,504,7,771,10,287,4,383,5,542,8,315,6,505,9,522,7,427,6,606,8,607,10,836,12,719,11,427,7,387,7,614,9,
2026-09-30,05:27:41.135,999,825,13,535,8,1368,20,585,8,427,7,565,9,552,9,737,10,543,9,658,9,308,5,471,7,847,13,620,9,908,14,469,7,
2026-09-30,05:27:42.134,999,5257,73,5874,75,4693,82,4629,74,3832,56,4727,73,4781,72,5918,79,5128,73,5583,90,4566,82,5528,78,6179,94,4771,67,6093,92,6134,91,
2026-09-30,05:27:43.135,1000,1568,23,2046,27,2502,36,2777,37,2076,31,2056,32,2512,38,1415,21,2471,35,2665,36,1960,29,2575,37,1980,31,2546,36,1332,20,1389,24,
2026-09-30,05:27:44.135,999,630,9,757,11,582,8,849,11,832,12,917,14,455,7,1185,16,410,6,434,6,865,14,489,7,373,6,783,12,627,10,530,8,
2026-09-30,05:27:45.134,999,2017,28,2402,31,1828,30,2236,33,2117,32,2196,35,1567,25,2015,27,1632,23,1774,28,2142,36,1572,23,2169,34,2026,30,1704,27,2406,36,
2026-09-30,05:27:46.135,1000,936,13,1015,13,1322,22,1219,19,656,10,815,13,1188,18,811,11,1276,18,1336,20,711,12,972,15,868,13,1736,25,1008,16,1016,15,
2026-09-30,05:27:47.135,999,1006,14,947,12,1227,17,694,9,643,10,572,9,443,7,677,9,640,9,786,11,476,7,873,13,507,9,791,12,642,11,735,11,
2026-09-30,05:27:48.135,999,1129,16,1429,18,1113,16,1351,18,526,8,1090,17,439,7,460,6,327,5,583,8,1154,18,906,13,930,15,567,8,822,13,940,14,
2026-09-30,05:27:49.134,999,563,8,463,6,560,8,599,8,417,6,550,9,416,7,405,6,439,6,316,4,328,5,477,7,264,4,282,4,272,5,375,6,
2026-09-30,05:27:50.135,1000,429,7,538,7,347,5,544,7,451,7,477,8,490,8,657,9,582,9,891,12,538,8,783,11,471,7,280,4,508,8,341,5,
2026-09-30,05:27:51.135,999,228,3,165,2,149,2,247,3,273,4,99,2,156,3,76,1,79,1,79,1,149,2,340,5,245,4,261,4,201,4,331,5,
2026-09-30,05:27:52.134,999,149,2,236,3,223,3,171,2,425,6,167,3,124,2,222,3,281,4,294,4,321,5,273,4,263,4,215,3,184,3,77,1,
2026-09-30,05:27:53.135,1000,225,3,775,10,175,3,293,4,549,8,335,5,453,7,458,6,436,6,498,8,99,2,555,8,129,2,276,4,266,4,132,2,
2026-09-30,05:27:54.135,999,699,10,745,10,645,10,849,12,479,7,649,10,572,9,768,10,762,11,975,14,624,10,775,11,258,4,356,5,577,9,549,8,
2026-09-30,05:27:55.135,999,629,9,1108,15,620,10,508,7,626,9,777,12,999,15,603,8,560,8,599,9,389,7,1142,16,804,12,754,11,555,9,791,12,
2026-09-30,05:27:56.134,999,365,5,311,4,430,6,841,11,602,11,729,11,457,7,753,10,552,8,426,6,453,7,453,8,659,12,695,10,795,12,547,8,
2026-09-30,05:27:57.135,1000,4564,63,4019,51,4069,73,4178,68,3808,56,3566,54,4340,65,5179,69,4971,70,5439,87,4118,75,5408,77,5283,81,4729,67,5128,77,5518,82,
2026-09-30,05:27:58.135,999,489,7,510,7,360,5,327,4,326,5,117,2,186,3,677,9,203,3,198,3,243,4,563,8,646,10,198,3,665,10,740,11,
2026-09-30,05:27:59.135,999,725,10,1167,15,652,10,757,11,812,12,699,11,914,14,493,7,624,9,871,12,437,7,551,8,1177,18,979,14,724,11,789,12,
2026-09-30,05:28:00.135,1000,179,3,307,4,339,5,152,2,334,5,285,5,243,4,378,5,126,2,304,4,200,3,208,3,404,6,325,5,119,2,268,4,
2026-09-30,05:28:01.135,999,824,13,593,8,639,9,774,10,515,8,666,11,882,13,824,11,578,9,941,13,590,9,1049,15,519,8,342,5,529,8,518,8,
2026-09-30,05:28:02.135,999,299,4,705,9,904,13,673,9,266,5,903,14,885,13,911,12,663,9,804,11,810,13,880,14,723,12,561,8,135,2,535,8,
2026-09-30,05:28:03.134,999,138,2,393,5,658,9,608,8,498,7,185,3,257,4,468,7,560,8,211,3,199,3,283,4,206,3,298,4,143,2,111,2,
2026-09-30,05:28:04.135,1000,150,2,167,2,227,3,467,6,52,1,304,5,137,2,151,2,287,4,79,1,228,4,220,3,164,3,12,0,320,5,7,0,
2026-09-30,05:28:05.135,999,4021,56,4634,59,3613,60,3128,48,3354,49,2952,45,3522,52,3863,54,3462,49,3711,56,2735,47,3559,51,3368,51,3492,49,2881,44,2923,45,
2026-09-30,05:28:06.135,999,180,3,420,6,428,6,603,8,519,8,334,5,136,2,217,3,435,7,218,3,338,5,379,6,122,2,517,7,432,7,545,8,
2026-09-30,05:28:07.135,1000,1029,14,1165,15,1164,18,1151,17,1293,20,766,12,1016,15,1095,15,727,10,1404,21,783,13,680,10,719,11,1056,15,644,10,499,8,
2026-09-30,05:28:08.135,999,696,10,626,8,739,11,762,11,510,9,984,15,461,7,994,13,933,13,518,7,922,14,700,11,537,9,669,10,1116,17,991,15,
2026-09-30,05:28:09.135,999,474,8,495,7,358,5,840,11,586,9,500,8,576,9,590,8,448,7,436,6,409,6,376,6,735,12,940,14,557,9,677,10,
2026-09-30,05:28:10.135,999,601,8,571,7,641,9,745,10,670,10,371,6,396,6,516,7,637,10,381,5,413,6,818,12,525,8,684,10,334,5,343,5,
2026-09-30,05:28:11.135,1000,390,7,410,6,372,5,482,6,554,8,497,8,712,11,608,8,381,7,300,4,459,7,423,6,457,7,642,9,950,14,409,6,
2026-09-30,05:28:12.135,999,3390,47,3668,47,3152,56,3125,50,3125,46,3444,52,3333,50,3832,51,3927,55,4191,68,3279,61,3416,48,4502,69,3966,56,3823,58,4714,70,
2026-09-30,05:28:13.135,999,357,5,405,5,572,8,163,2,194,3,432,7,389,6,372,5,140,2,578,8,205,3,270,4,504,8,354,5,525,8,416,6,
2026-09-30,05:28:14.135,1000,8,0,364,5,431,6,27,0,255,4,135,2,161,3,531,7,110,2,58,1,141,2,283,4,142,2,152,2,138,2,130,2,
2026-09-30,05:28:15.135,999,1068,16,659,9,1117,18,391,6,757,11,848,13,847,13,1114,15,808,12,1321,20,832,14,1408,20,1051,16,693,10,377,6,1001,15,
2026-09-30,05:28:16.135,999,845,12,847,11,466,7,918,12,696,11,715,11,865,13,1152,15,678,10,1188,17,768,12,1065,16,870,14,1412,20,957,14,879,13,
2026-09-30,05:28:17.136,1000,139,2,369,5,204,3,249,3,281,4,299,5,133,2,530,7,211,3,155,2,129,2,200,3,71,1,206,3,67,1,191,3,
2026-09-30,05:28:18.135,999,274,4,201,3,217,3,241,3,72,1,250,4,69,1,229,3,70,1,134,2,256,4,136,2,67,1,77,1,140,2,3,0,
2026-09-30,05:28:19.135,999,422,6,223,3,355,5,79,1,397,6,349,6,322,5,303,4,798,11,383,5,206,3,330,5,308,5,203,3,465,8,477,7,
2026-09-30,05:28:20.135,999,565,8,625,8,611,9,456,7,548,8,452,8,360,6,439,6,573,8,831,12,303,5,409,6,397,6,312,5,888,15,278,4,
2026-09-30,05:28:21.136,1000,212,3,330,4,261,4,391,5,191,3,63,1,7,0,155,2,279,4,377,5,248,4,354,5,213,3,227,3,172,3,283,4,
2026-09-30,05:28:22.135,999,212,3,129,2,356,5,95,1,76,1,117,2,122,2,149,2,128,2,294,4,146,2,79,1,188,3,80,1,140,2,274,4,
2026-09-30,05:28:23.135,999,62,1,146,2,214,3,302,4,342,5,51,1,51,1,78,1,3,0,74,1,75,1,293,4,5,0,216,3,304,5,279,4,
2026-09-30,05:28:24.136,1000,204,3,193,3,294,4,87,1,54,1,115,2,323,5,225,3,52,1,289,4,549,8,150,2,466,7,136,2,142,2,202,3,
2026-09-30,05:28:25.136,1000,353,5,159,2,402,7,210,3,1203,18,793,12,480,7,757,10,662,9,928,14,489,9,805,11,334,5,371,5,269,4,269,4,
2026-09-30,05:28:26.136,999,649,9,1161,15,562,8,692,9,680,13,738,11,408,6,939,13,996,14,965,13,551,8,625,10,332,6,429,6,788,12,540,8,
2026-09-30,05:28:27.136,999,5078,71,5883,76,4611,81,5212,82,5045,75,4851,74,5180,78,5907,79,6332,90,6539,104,5587,98,5179,74,5629,86,6629,94,6579,99,6798,102,
2026-09-30,05:28:28.137,1000,851,12,808,10,590,9,482,7,691,10,599,10,363,6,306,4,925,13,680,10,806,13,738,11,595,9,326,5,502,9,598,9,
2026-09-30,05:28:29.136,999,211,3,77,1,79,1,169,2,135,2,119,2,255,4,154,2,4,0,66,1,143,2,209,3,177,3,77,1,70,1,136,2,
2026-09-30,05:28:30.136,999,180,3,469,7,434,6,772,10,692,10,283,5,475,7,826,11,356,6,589,8,328,5,350,5,263,4,536,8,335,6,478,7,
2026-09-30,05:28:31.137,1000,210,3,450,6,414,6,158,2,451,7,133,2,378,6,751,10,329,5,380,5,403,6,357,5,276,4,318,5,119,2,277,4,
2026-09-30,05:28:32.136,999,1555,22,1195,15,1076,15,2080,27,865,13,514,9,749,13,845,11,803,11,860,12,1094,17,1210,17,1597,24,514,8,1458,25,1581,24,
2026-09-30,05:28:33.136,999,9294,129,10969,141,9058,129,10720,142,9031,133,7188,141,6408,119,9334,124,8716,124,9308,125,8341,124,9788,139,9138,140,8469,145,6589,132,11329,168,
2026-09-30,05:28:34.136,999,517,8,644,9,578,9,410,6,685,10,563,9,355,6,586,8,535,8,202,3,514,9,267,4,470,7,492,7,719,12,468,7,
2026-09-30,05:28:35.137,1000,996,14,1623,21,922,15,1067,16,1335,20,1265,20,878,13,1707,23,1192,17,938,14,1053,18,1476,22,1230,19,1184,17,1094,17,1261,19,
2026-09-30,05:28:36.136,999,579,9,522,8,436,6,309,4,650,10,302,5,191,3,687,9,503,8,503,7,758,11,549,8,194,3,381,6,185,3,671,10,
2026-09-30,05:28:37.136,999,493,7,398,5,80,1,242,3,400,6,150,3,156,3,368,5,360,5,238,3,273,4,215,3,66,1,270,4,195,3,60,1,
2026-09-30,05:28:38.137,1000,954,14,526,7,862,12,1131,15,1005,16,1079,17,861,13,1197,16,1067,17,784,11,938,15,1271,19,563,9,681,10,751,12,801,12,
2026-09-30,05:28:39.138,1000,320,5,462,6,356,5,515,7,517,9,315,5,359,6,379,5,197,3,374,5,530,8,350,5,543,9,221,3,141,2,343,5,
2026-09-30,05:28:40.137,999,218,3,85,1,179,3,69,1,144,2,2,0,118,2,362,5,146,2,207,3,434,7,272,4,334,5,268,4,423,7,273,4,
2026-09-30,05:28:41.137,999,307,5,321,5,428,6,553,7,623,9,548,9,508,8,675,9,627,10,620,9,394,6,644,9,335,5,624,9,736,11,468,7,
2026-09-30,05:28:42.138,1000,4280,59,3938,50,3236,58,3214,53,3963,58,3650,55,3621,54,4222,56,3951,55,4931,80,3724,68,4671,66,4691,72,3776,53,4006,60,4643,69,
2026-09-30,05:28:43.137,999,478,7,476,6,368,5,636,8,762,12,605,9,542,8,234,3,528,8,458,6,858,13,836,12,407,6,383,5,348,5,530,8,
2026-09-30,05:28:44.137,999,116,2,145,2,225,3,90,1,78,1,116,2,1,0,2,0,80,1,85,1,211,3,2,0,140,2,64,1,314,5,73,1,
2026-09-30,05:28:45.138,1000,563,8,461,6,652,11,531,8,495,7,398,6,477,7,445,6,484,7,574,9,357,6,690,10,648,10,451,6,129,2,394,6,
2026-09-30,05:28:46.138,999,387,6,311,4,448,7,452,7,400,6,417,7,516,8,966,13,613,9,744,11,433,7,626,9,922,14,686,10,819,13,407,6,
2026-09-30,05:28:47.137,999,638,10,543,8,343,5,308,4,594,9,450,7,340,6,223,3,648,10,446,6,587,9,687,10,310,5,477,7,423,7,532,8,
2026-09-30,05:28:48.137,999,288,4,449,6,229,3,404,5,273,4,137,2,71,1,315,4,692,10,190,3,561,9,213,3,781,12,228,3,317,6,267,4,
2026-09-30,05:28:49.138,1000,465,7,466,6,371,5,794,10,414,6,141,2,178,3,309,4,479,7,281,4,391,6,532,8,398,6,333,5,364,6,12,0,
2026-09-30,05:28:50.137,999,238,4,579,8,84,1,471,6,475,7,115,2,54,1,306,4,280,4,301,4,137,2,212,3,261,4,77,1,71,1,76,1,
2026-09-30,05:28:51.137,999,229,3,244,3,441,6,254,3,383,6,299,5,260,4,364,5,262,4,231,3,274,4,211,3,164,3,286,4,360,6,277,4,
2026-09-30,05:28:52.138,1000,294,4,159,2,255,4,227,3,139,2,117,2,1,0,228,3,225,3,138,2,146,2,136,2,332,5,213,3,276,5,140,2,
2026-09-30,05:28:53.138,999,282,4,479,6,313,5,72,1,422,6,183,3,255,4,73,1,490,7,539,8,109,2,492,7,197,3,217,3,198,3,267,4,
2026-09-30,05:28:54.137,999,1088,16,1165,16,620,10,685,10,738,11,806,12,730,11,1051,14,548,8,610,9,890,15,782,12,898,14,644,9,1050,16,810,12,
2026-09-30,05:28:55.137,999,62654,884,68687,890,62220,897,66184,891,55810,891,52019,871,55985,911,69800,932,65359,916,65558,900,60440,921,61437,923,55289,898,57926,888,50590,843,55488,840,
2026-09-30,05:28:56.138,1000,86241,1228,95124,1241,78070,1163,87441,1209,77479,1256,79532,1264,81463,1264,98799,1305,91391,1286,89747,1281,85080,1342,88502,1330,75834,1237,82180,1222,78102,1247,80454,1214,
2026-09-30,05:28:57.138,999,21873,307,21312,275,18716,312,20848,314,21668,318,20127,304,20963,313,24088,321,22690,324,20789,317,20540,349,21548,309,20541,315,23308,327,21494,322,22532,334,
2026-09-30,05:28:58.137,999,7897,114,9062,120,6098,98,7653,112,5935,89,6835,106,6824,104,6915,93,6729,97,5398,84,5936,102,7580,112,6796,106,5953,85,5797,88,6704,101,
2026-09-30,05:28:59.138,1000,2638,37,3387,44,2443,38,2821,40,2249,33,2436,40,2654,43,3199,44,2389,34,2425,36,2002,33,2579,37,2290,36,2727,42,3355,55,2351,36,
2026-09-30,05:29:00.138,999,21604,317,25419,342,24025,348,25101,340,23081,343,21085,345,20933,334,27988,373,21889,329,24960,347,22297,342,21206,302,20380,315,21472,324,20075,325,19703,298,
2026-09-30,05:29:01.138,999,3390,48,3355,44,3007,47,3756,55,3715,55,2399,39,3377,53,3021,41,3717,54,3432,49,3192,50,3232,46,3431,53,2964,43,2431,39,3545,53,
2026-09-30,05:29:02.137,999,2974,42,2960,38,3087,45,3394,46,2474,38,2937,48,2631,42,2900,39,3141,44,2828,40,3631,57,3149,47,2702,44,3427,51,2598,42,3376,52,
2026-09-30,05:29:03.138,1000,3490,50,4121,56,3214,46,2628,35,2717,41,2538,42,2880,46,2464,34,3173,45,3133,43,2685,40,2924,42,2570,40,2188,34,2327,41,2821,43,
2026-09-30,05:29:04.138,999,2628,41,2854,39,2749,39,2790,37,1784,28,2385,40,2336,37,2774,37,1990,31,2046,28,2966,45,2979,43,1913,31,2648,41,1903,32,2700,41,
2026-09-30,05:29:05.137,999,15770,219,18889,243,13591,229,15686,245,15550,230,15464,236,15624,238,19638,261,16855,237,14805,235,13747,244,15206,218,14671,228,15711,225,14197,219,16295,243,
2026-09-30,05:29:06.138,1000,5805,85,8457,113,7764,113,7715,103,5692,86,4709,81,4831,80,7630,101,6666,95,6762,96,6185,96,5617,81,5379,84,6028,94,5085,87,5732,86,
2026-09-30,05:29:07.138,999,1780,25,1295,17,1057,15,1552,21,1661,26,1047,18,1265,20,1810,24,2306,32,1667,23,1998,31,2150,33,1649,29,1545,23,1641,27,1907,29,
2026-09-30,05:29:08.138,999,3255,45,4182,54,3172,45,3977,53,3449,61,4360,68,2357,37,4410,58,3459,48,4145,58,2732,42,2906,46,2841,51,2993,45,3332,54,2886,44,
2026-09-30,05:29:09.137,999,865,12,941,12,705,10,1063,14,545,8,545,10,400,7,731,10,353,5,649,9,586,9,426,6,659,10,601,10,620,12,879,13,
2026-09-30,05:29:10.138,1000,1879,26,2006,26,1210,18,1674,24,1180,18,831,14,1302,21,1252,17,1613,23,1458,21,1035,17,1060,16,1479,24,1012,16,1512,25,1484,22,
2026-09-30,05:29:11.138,999,2530,41,3544,52,3166,46,3706,49,3082,45,3361,52,2556,37,3844,51,3065,50,4094,54,3710,58,3432,49,3285,50,2954,42,3160,49,2993,44,
2026-09-30,05:29:12.138,999,2010,28,2221,29,2138,32,1626,23,1642,24,1840,31,900,14,1474,20,1550,22,1486,22,1557,25,2287,33,1427,22,1440,22,1023,18,1497,23,
2026-09-30,05:29:13.138,1000,9576,134,9108,117,8509,149,7619,122,9415,136,9584,146,9108,135,10806,143,10101,144,8256,133,7932,144,10020,143,9767,146,8963,125,9205,137,9252,137,
2026-09-30,05:29:14.138,999,708,12,763,11,643,9,400,5,461,7,653,10,848,13,980,13,726,12,662,9,775,12,802,12,576,9,845,13,799,12,454,7,
2026-09-30,05:29:15.138,999,2027,28,2424,32,1979,32,2033,31,1860,28,1833,30,1306,20,1580,21,1806,25,1668,25,1451,25,1858,27,1659,26,2033,29,1123,17,2117,32,
2026-09-30,05:29:16.137,999,603,9,652,9,359,5,460,6,626,9,483,8,427,7,214,3,720,11,870,12,752,11,352,5,390,6,513,8,626,10,211,3,
2026-09-30,05:29:17.138,1000,984,15,670,9,815,12,993,13,1322,20,1066,17,461,7,1059,14,1279,20,890,12,567,9,1107,16,591,9,636,9,807,13,615,9,
2026-09-30,05:29:18.138,999,1029,15,1669,22,1356,20,1729,24,1309,19,1443,24,1399,23,1392,19,1612,23,1076,15,1595,26,1005,15,1412,22,978,14,1536,26,1324,20,
2026-09-30,05:29:19.138,999,774,12,820,11,624,9,745,10,1008,15,729,13,441,7,832,11,1397,21,789,11,665,10,791,12,609,10,516,8,390,7,943,14,
2026-09-30,05:29:20.138,1000,148,2,324,4,285,4,230,3,278,4,148,3,57,1,289,4,154,2,297,4,192,3,280,4,719,11,387,6,512,9,265,4,
2026-09-30,05:29:21.138,999,221,3,237,3,138,2,381,5,136,2,216,4,412,7,303,4,279,4,374,5,538,8,346,5,201,3,378,6,331,6,342,5,
2026-09-30,05:29:22.138,999,220,3,634,8,565,8,830,11,423,6,376,6,306,5,455,6,838,12,521,7,204,3,832,12,470,7,617,9,577,9,457,7,
2026-09-30,05:29:23.138,999,153,2,287,4,402,6,228,3,254,4,234,4,206,3,304,4,7,0,230,3,139,2,218,3,201,3,257,4,204,3,281,4,
2026-09-30,05:29:24.138,1000,424,7,408,6,626,9,529,7,331,5,598,10,257,4,228,3,434,7,810,11,480,7,290,4,205,3,364,5,400,6,536,8,
2026-09-30,05:29:25.138,999,1175,16,1490,19,1119,16,1106,15,921,14,760,13,660,11,1056,14,863,12,770,12,673,12,771,11,964,15,838,13,647,11,668,10,
2026-09-30,05:29:26.138,999,366,5,455,6,352,5,292,4,201,3,284,5,264,4,213,3,432,6,565,8,193,3,354,5,319,5,215,3,264,4,368,6,
2026-09-30,05:29:27.138,1000,500,7,392,5,606,9,291,4,265,4,183,3,71,1,366,5,325,5,494,7,183,3,704,10,262,4,221,3,273,4,254,4,
2026-09-30,05:29:28.138,999,5616,78,5873,75,5128,90,5337,84,5671,83,4952,75,6553,98,7201,96,6111,87,5455,88,6058,108,6340,91,6307,97,6443,91,6427,96,6602,99,
2026-09-30,05:29:29.138,999,203,3,152,2,356,5,517,7,486,7,384,6,561,9,230,3,576,8,283,4,271,4,345,5,445,7,134,2,134,2,108,2,
2026-09-30,05:29:30.138,999,275,4,425,6,367,5,518,7,344,5,485,8,255,4,380,5,483,7,451,6,253,4,356,5,435,7,500,8,407,7,440,7,
2026-09-30,05:29:31.138,1000,1405,21,1336,18,917,13,706,9,651,10,603,9,725,11,611,9,989,14,677,9,802,12,615,9,1049,16,581,8,1236,21,1362,21,
2026-09-30,05:29:32.138,999,80,1,237,3,8,0,144,2,204,3,250,4,172,3,229,3,146,2,80,1,201,3,143,2,199,3,127,2,50,1,58,1,
2026-09-30,05:29:33.138,999,1127,16,902,12,862,12,790,10,990,15,599,9,794,12,867,13,907,13,811,11,1030,15,851,12,918,14,771,11,659,10,661,11,
2026-09-30,05:29:34.139,1000,270,4,318,4,326,5,66,1,144,2,68,1,205,3,351,5,483,7,151,2,53,1,403,6,56,1,73,1,137,2,407,6,
2026-09-30,05:29:35.138,999,1152,16,1237,16,844,15,1158,19,1310,19,717,11,544,8,1417,19,1176,17,943,15,532,10,977,14,990,15,1247,18,1121,18,791,12,
2026-09-30,05:29:36.138,999,325,5,135,2,152,2,547,7,345,5,401,6,343,5,378,5,459,7,462,7,662,10,365,5,351,6,205,3,457,7,400,6,
2026-09-30,05:29:37.138,999,766,11,762,10,767,13,597,9,600,9,1218,19,1156,18,1290,17,891,13,845,13,706,13,852,12,778,12,955,14,1032,16,817,12,
2026-09-30,05:29:38.138,1000,1076,15,1481,19,783,13,1588,23,1275,21,1077,16,959,14,1281,18,1375,19,952,14,1204,20,692,10,742,12,1543,22,1629,25,1487,23,
2026-09-30,05:29:39.138,999,162,2,408,5,99,1,222,2,401,6,704,11,414,6,445,6,348,5,146,2,251,4,562,8,208,3,569,8,62,1,280,4,
2026-09-30,05:29:40.138,999,144,2,239,3,342,5,298,4,382,6,214,4,197,3,524,7,296,4,229,3,269,4,214,3,261,4,320,5,98,2,67,1,
2026-09-30,05:29:41.139,1000,293,5,457,7,416,6,274,4,74,1,334,5,526,8,383,5,483,7,654,9,345,5,141,2,201,3,215,3,460,7,340,5,
2026-09-30,05:29:42.139,1000,78,1,150,2,354,5,433,6,208,3,185,3,2,0,133,2,325,5,147,2,341,5,189,3,367,6,360,5,397,6,191,3,
2026-09-30,05:29:43.139,999,3987,57,3666,48,2985,52,3576,56,3314,49,3982,60,3917,58,4835,65,3540,50,4483,70,3705,66,4714,67,4068,62,4560,64,5202,79,4297,65,
2026-09-30,05:29:44.139,999,730,11,782,11,689,10,961,13,336,5,676,12,656,11,602,8,442,7,865,12,786,12,1003,14,477,7,440,7,877,16,904,14,
2026-09-30,05:29:45.140,1000,2695,41,2930,39,3011,45,2651,36,2145,33,1988,31,2469,38,3358,45,2583,39,2927,42,2539,39,2856,42,2193,34,2092,30,2061,32,1772,27,
2026-09-30,05:29:46.139,999,1064,15,1493,20,876,14,1283,19,670,10,497,8,661,10,724,10,693,10,547,8,1039,17,803,12,916,15,1224,18,1320,20,854,13,
2026-09-30,05:29:47.139,999,70,1,0,0,125,2,154,2,273,4,299,5,1,0,138,2,308,5,72,1,247,4,424,6,54,1,152,2,348,6,119,2,
2026-09-30,05:29:48.140,1000,135,2,234,3,397,6,482,7,404,6,733,11,238,4,618,8,629,10,735,11,584,9,776,11,606,9,353,5,319,5,605,9,
2026-09-30,05:29:49.139,999,198,3,138,2,12,0,241,3,277,4,117,2,121,2,148,2,2,0,6,0,174,3,214,3,147,2,208,3,232,4,6,0,
2026-09-30,05:29:50.139,999,1083,15,1683,22,880,13,879,12,1142,17,1011,16,1230,19,914,12,1427,20,1276,19,942,16,1899,27,1269,20,1245,18,1378,22,1868,28,
2026-09-30,05:29:51.139,999,497,7,223,3,633,10,425,6,353,5,233,4,323,5,436,6,197,3,331,5,302,5,815,12,271,4,362,5,463,7,597,9,
2026-09-30,05:29:52.140,1000,411,6,373,5,196,3,150,2,67,1,132,2,323,5,151,2,400,6,274,4,579,9,278,4,196,3,271,4,69,1,139,2,
2026-09-30,05:29:53.139,999,157,2,78,1,5,0,92,1,51,1,234,4,0,0,2,0,4,0,78,1,66,1,69,1,58,1,15,0,274,4,2,0,
2026-09-30,05:29:54.139,999,271,4,209,3,407,6,219,3,194,3,434,7,191,3,535,7,225,3,299,5,235,4,547,8,269,4,141,2,140,2,71,1,
2026-09-30,05:29:55.140,1000,434,6,312,4,448,7,259,4,137,2,232,4,592,9,375,5,498,7,557,9,298,5,406,6,259,4,436,6,263,4,188,3,
2026-09-30,05:29:56.139,999,2249,32,1688,22,1892,27,2278,30,1191,18,1049,16,1056,16,1132,18,1509,21,1830,25,1708,25,1406,21,1423,23,1659,23,1128,17,1862,31,
2026-09-30,05:29:57.139,999,501,7,401,5,507,7,590,8,142,2,302,5,351,6,586,8,556,8,225,3,191,3,416,6,506,8,225,3,408,7,522,8,
2026-09-30,05:29:58.139,999,4242,59,3707,48,3560,64,3046,50,3638,54,3643,55,3805,56,5183,69,4473,63,4724,76,4073,74,4431,63,4915,76,4261,60,4494,68,4887,73,
2026-09-30,05:29:59.140,1000,287,4,227,3,57,1,146,2,596,9,536,8,410,6,356,5,210,3,315,5,435,7,364,5,196,3,210,3,186,3,342,5,
2026-09-30,05:30:00.139,999,696,11,1192,16,694,10,531,7,613,9,874,14,540,8,823,12,580,8,624,8,719,11,1184,17,996,15,514,8,798,13,888,14,
2026-09-30,05:30:01.139,999,899,13,787,10,765,11,1214,16,777,12,920,14,762,12,898,12,867,13,572,8,785,12,664,10,680,10,480,7,720,12,544,8,
2026-09-30,05:30:02.140,1000,423,6,615,8,778,11,224,3,574,9,615,9,786,12,611,8,808,11,442,6,761,12,724,12,473,8,364,5,939,14,667,10,
2026-09-30,05:30:03.139,999,364,5,487,6,255,4,320,4,279,4,235,4,255,4,261,4,440,6,269,4,270,4,348,5,201,3,338,5,6,0,226,4,
2026-09-30,05:30:04.139,999,901,13,1006,13,990,15,964,13,693,10,837,13,528,8,630,9,653,9,650,9,905,14,995,14,506,8,750,11,582,9,422,7,
2026-09-30,05:30:05.139,999,3735,52,3581,46,3438,59,3172,50,2962,44,2910,45,3791,57,4960,66,3398,48,3499,55,3642,65,3109,45,2924,44,3156,44,2832,44,3821,57,
2026-09-30,05:30:06.140,1000,274,4,555,8,286,4,461,6,137,2,218,4,244,4,542,7,212,3,391,6,186,3,324,5,266,4,205,3,471,8,539,8,
2026-09-30,05:30:07.139,999,1917,27,1791,23,1846,29,1437,21,1588,24,954,13,1775,27,1970,26,1709,24,1515,24,1080,18,1324,19,1532,23,1632,24,1092,17,793,12,
2026-09-30,05:30:08.139,999,839,12,1158,15,844,12,1266,17,751,13,884,14,664,10,968,13,491,7,628,9,622,10,736,11,662,11,831,12,714,11,791,12,
2026-09-30,05:30:09.140,1000,224,3,316,4,135,2,202,3,74,1,137,2,137,2,152,2,213,3,66,1,404,6,70,1,134,2,211,3,117,2,202,3,
2026-09-30,05:30:10.140,999,561,8,529,7,363,5,629,8,353,6,384,6,190,3,300,4,699,10,600,8,214,3,314,5,450,8,357,5,438,8,408,6,
2026-09-30,05:30:11.139,999,1014,16,1172,16,1119,16,1240,16,898,13,795,13,900,15,1197,16,1490,23,1063,15,674,11,850,12,977,15,1207,19,1021,17,870,13,
2026-09-30,05:30:12.140,1000,570,8,476,6,412,6,329,4,377,6,136,2,243,4,433,6,152,2,428,6,515,8,417,6,325,5,398,6,128,2,200,3,
2026-09-30,05:30:13.140,999,5955,83,4855,62,4078,69,5526,83,4609,68,4446,67,5351,80,5256,73,5007,70,5248,82,4377,76,5206,74,5530,86,5546,78,5237,79,4201,66,
2026-09-30,05:30:14.139,999,211,3,287,4,292,4,241,3,215,3,168,3,67,1,409,6,368,5,81,1,63,1,279,4,262,4,77,1,392,6,384,6,
2026-09-30,05:30:15.139,999,1930,29,1968,26,2120,34,1817,27,1605,24,1445,22,1087,17,1981,27,1825,27,2373,35,1518,25,2196,32,2204,34,2150,32,1424,21,1804,28,
2026-09-30,05:30:16.140,1000,382,6,235,3,419,6,466,6,520,8,699,11,569,9,455,6,752,11,1081,15,1128,17,812,12,331,5,489,7,394,6,338,5,
2026-09-30,05:30:17.140,999,947,14,939,13,1203,18,956,13,707,11,270,4,1018,15,1076,15,596,9,963,13,727,11,566,8,576,9,1092,16,736,11,790,12,
2026-09-30,05:30:18.139,999,1831,26,1339,17,1055,15,872,11,1040,15,1178,18,1205,19,591,8,1185,16,1291,18,955,15,1071,15,655,10,787,11,883,14,731,12,
2026-09-30,05:30:19.140,1000,349,5,235,3,490,7,304,4,204,3,185,3,437,7,555,8,416,6,285,4,399,6,366,5,400,6,287,4,658,11,321,5,
2026-09-30,05:30:20.140,999,331,5,227,3,287,4,371,5,287,4,118,2,424,7,342,5,354,5,358,5,852,13,554,8,443,7,362,6,316,5,333,5,
2026-09-30,05:30:21.140,999,75,1,158,2,148,2,11,0,74,1,348,6,324,5,341,5,146,2,233,3,143,2,184,3,191,3,221,3,5,0,3,0,
2026-09-30,05:30:22.139,999,232,3,320,4,412,6,324,4,406,6,135,2,138,2,210,3,288,4,750,10,253,4,341,5,266,4,80,1,390,7,181,3,
2026-09-30,05:30:23.140,1000,361,5,1021,15,414,6,383,5,756,11,567,9,372,6,80,1,438,7,837,12,599,9,968,14,639,10,712,10,744,12,406,6,
2026-09-30,05:30:24.140,999,672,9,697,9,232,3,548,7,226,4,318,5,68,1,210,3,640,9,219,3,207,3,506,8,171,3,223,3,276,4,327,5,
2026-09-30,05:30:25.139,999,292,4,623,8,603,10,475,7,824,12,760,12,271,4,375,5,502,7,815,13,486,8,641,9,480,7,799,11,343,5,378,6,
2026-09-30,05:30:26.140,1000,83,1,80,1,76,1,86,1,142,2,134,2,69,1,157,2,293,4,205,3,2,0,194,3,130,2,139,2,366,6,136,2,
2026-09-30,05:30:27.140,999,470,7,825,11,431,6,624,8,300,5,406,6,192,3,529,7,579,8,518,7,381,6,373,6,403,7,443,6,532,8,460,7,
2026-09-30,05:30:28.140,999,3742,53,3667,47,3511,62,3531,57,2969,44,3451,52,3939,59,3923,53,3748,54,4608,74,4055,73,4303,61,4026,62,3617,51,4299,64,3955,59,
2026-09-30,05:30:29.139,999,1147,16,1187,15,1134,16,1199,15,769,12,766,12,824,14,978,13,927,13,1108,15,909,13,856,13,554,9,1014,14,973,16,650,10,
2026-09-30,05:30:30.140,1000,953,13,772,10,996,14,1420,19,1096,17,1207,19,1093,17,1002,14,644,9,1277,17,628,9,928,14,1014,17,883,14,619,11,753,12,
2026-09-30,05:30:31.140,999,284,4,381,5,258,4,125,2,483,7,268,4,208,3,228,3,350,5,576,9,240,4,219,3,343,5,571,8,349,5,134,2,
2026-09-30,05:30:32.140,999,78,1,83,1,148,2,315,4,483,7,216,4,244,4,149,2,425,6,279,4,398,6,208,3,71,1,139,2,55,1,109,2,
2026-09-30,05:30:33.140,1000,62,1,79,1,147,2,81,1,73,1,50,1,162,3,300,4,212,3,148,2,192,3,482,7,207,3,6,0,71,1,73,1,
2026-09-30,05:30:34.140,999,10696,149,13480,173,11008,157,12884,171,10653,157,7823,156,7963,150,11312,152,10929,154,12050,162,9969,149,10860,155,10602,162,9501,161,8265,162,11842,178,
2026-09-30,05:30:35.140,999,1033,15,887,12,1008,15,1211,18,749,11,749,12,875,13,918,12,554,8,838,13,527,8,933,13,816,12,674,9,752,12,881,13,
2026-09-30,05:30:36.139,999,1862,26,2158,28,1584,23,1796,24,1314,23,1759,27,1292,19,1768,23,2324,33,1399,19,1651,25,1434,23,1234,22,781,11,1597,25,1206,18,
2026-09-30,05:30:37.140,1000,195,3,68,1,129,2,314,4,65,1,120,2,227,4,375,5,146,2,362,5,137,2,131,2,463,7,263,4,283,5,387,6,
2026-09-30,05:30:38.140,999,486,7,379,5,507,7,609,8,903,15,541,9,582,9,613,8,361,5,290,4,499,8,502,8,217,4,498,7,714,12,591,9,
2026-09-30,05:30:39.140,999,291,4,88,1,211,3,158,2,74,1,167,3,55,1,209,3,145,2,354,5,128,2,209,3,202,3,114,2,8,0,68,1,
2026-09-30,05:30:40.140,1000,570,8,540,7,153,2,581,8,593,9,501,8,437,7,1035,14,813,12,453,6,627,9,639,9,333,5,288,4,269,4,210,3,
2026-09-30,05:30:41.140,999,331,6,71,1,361,5,485,6,276,4,382,6,407,6,669,9,314,5,293,4,204,3,207,3,374,6,219,3,421,7,67,1,
2026-09-30,05:30:42.140,999,553,9,218,3,627,9,595,8,825,12,387,6,314,5,237,4,259,4,293,4,582,9,671,10,530,8,227,3,711,11,520,8,
2026-09-30,05:30:43.141,1000,3606,50,3280,42,3355,58,3251,53,2726,40,3025,46,4234,63,3712,50,3209,46,4066,65,3358,61,3388,48,3879,60,3273,46,3692,55,3584,54,
2026-09-30,05:30:44.141,1000,416,6,293,4,357,5,531,7,476,7,754,12,602,10,863,12,770,11,713,10,808,12,869,12,540,8,597,9,458,8,738,11,
2026-09-30,05:30:45.141,999,838,12,398,5,564,9,582,9,728,11,611,10,455,7,507,7,726,10,913,14,404,7,499,7,538,8,501,7,193,3,332,5,
2026-09-30,05:30:46.141,999,446,6,349,5,154,2,497,7,863,13,443,7,774,12,656,9,1351,20,1059,15,1089,17,766,11,269,4,644,9,387,6,525,8,
2026-09-30,05:30:47.141,1000,145,2,162,2,383,6,690,10,480,7,367,6,486,8,375,5,549,8,783,11,519,8,625,9,464,7,533,8,514,9,138,2,
2026-09-30,05:30:48.141,999,849,12,930,12,917,13,1689,22,894,15,1194,18,751,11,681,9,560,8,779,11,1116,17,762,12,806,15,732,10,1005,15,1015,15,
2026-09-30,05:30:49.141,999,363,5,168,2,704,10,641,9,324,5,365,6,388,6,661,9,553,8,351,5,396,6,301,5,433,8,476,7,640,10,262,4,
2026-09-30,05:30:50.141,999,1047,15,1298,17,1262,19,836,11,1002,16,1456,22,1092,16,1587,22,710,10,1388,20,879,14,1167,18,1074,17,910,13,819,12,1420,22,
2026-09-30,05:30:51.141,1000,233,3,324,4,169,2,565,7,336,5,257,4,146,2,291,4,496,7,7,0,151,2,235,3,154,2,180,2,331,5,388,6,
2026-09-30,05:30:52.141,999,79,1,139,2,79,1,14,0,137,2,52,1,124,2,282,4,465,7,152,2,281,4,215,3,134,2,67,1,275,5,187,3,
2026-09-30,05:30:53.141,999,6,0,173,2,148,2,240,3,273,4,139,2,135,2,301,4,123,2,150,2,208,3,149,2,125,2,137,2,147,2,125,2,
2026-09-30,05:30:54.141,999,219,3,5,0,6,0,234,3,196,3,68,1,70,1,150,2,227,3,227,3,194,3,189,3,65,1,81,1,256,4,118,2,
2026-09-30,05:30:55.141,1000,633,9,381,5,655,10,995,14,397,6,462,7,618,9,454,6,983,14,785,12,400,6,702,10,788,12,489,7,417,7,478,7,
2026-09-30,05:30:56.141,999,263,4,74,1,146,2,88,1,198,3,69,1,209,3,232,3,351,5,150,2,202,3,407,6,202,3,154,2,143,2,201,3,
2026-09-30,05:30:57.141,999,347,5,313,4,211,3,236,3,480,7,257,4,280,4,155,2,447,7,229,3,456,7,410,6,140,2,159,2,8,0,277,4,
2026-09-30,05:30:58.142,1000,2970,41,3066,39,3051,54,2598,42,2895,44,3141,48,4024,60,3610,49,3171,45,3576,58,3084,56,3556,51,3825,59,3675,52,3700,56,3472,52,
2026-09-30,05:30:59.142,1000,152,2,83,1,82,1,170,2,129,2,183,3,211,3,280,4,336,5,354,5,206,3,146,2,72,1,82,1,67,1,63,1,
2026-09-30,05:31:00.142,999,73,1,1,0,149,2,232,3,213,3,321,5,137,2,155,2,225,3,158,2,350,5,275,4,188,3,201,3,48,1,272,4,
2026-09-30,05:31:01.142,999,651,9,615,8,1016,15,814,11,610,10,680,11,440,7,899,12,368,5,672,9,841,13,455,7,816,13,248,4,728,12,719,11,
2026-09-30,05:31:02.143,1000,556,8,853,11,394,5,836,11,434,7,670,10,772,12,598,8,588,8,963,13,918,14,543,9,533,8,561,8,541,8,524,8,
2026-09-30,05:31:03.142,999,635,9,696,9,767,12,664,9,470,7,470,7,325,5,269,4,452,6,252,4,233,4,487,7,528,9,693,10,639,10,773,12,
2026-09-30,05:31:04.142,999,254,4,481,6,301,4,242,3,132,2,2,0,288,5,151,2,483,7,148,2,345,5,63,1,174,3,133,2,253,4,134,2,
2026-09-30,05:31:05.143,1000,2726,39,3653,47,2894,43,2640,37,1983,31,2538,39,1812,27,1977,29,1883,26,2777,39,2060,32,2464,36,2377,38,2979,42,2321,36,2587,43,
2026-09-30,05:31:06.142,999,696,10,530,7,294,4,760,10,409,6,531,8,530,8,1258,19,820,12,569,8,599,9,763,11,467,7,759,11,324,5,403,7,
2026-09-30,05:31:07.142,999,583,8,771,10,154,2,392,5,246,4,405,6,403,6,293,4,646,9,657,9,591,9,409,7,466,9,482,7,543,9,530,8,
2026-09-30,05:31:08.142,999,1128,16,1629,21,607,9,881,12,813,13,1209,19,889,14,1067,14,980,14,595,9,1280,21,1923,28,570,9,581,8,1354,21,1211,18,
2026-09-30,05:31:09.143,1000,216,3,76,1,213,3,163,2,146,2,168,3,121,2,222,3,343,5,290,4,198,3,550,8,194,3,137,2,255,4,57,1,
2026-09-30,05:31:10.142,999,206,3,134,2,264,4,166,2,261,4,168,3,66,1,0,0,144,2,285,4,197,3,208,3,397,6,248,4,134,2,102,2,
2026-09-30,05:31:11.142,999,588,10,149,2,434,6,541,7,141,2,269,4,278,4,276,4,310,5,646,9,334,5,284,4,456,7,346,5,403,6,188,3,
2026-09-30,05:31:12.142,999,72,1,84,1,7,0,13,0,197,3,70,1,0,0,454,6,143,2,60,1,338,5,187,3,69,1,64,1,53,1,0,0,
2026-09-30,05:31:13.143,1000,3463,48,3045,39,2881,50,3053,49,3177,47,3040,46,3789,57,3217,43,3826,54,3837,61,3405,61,3222,46,3620,56,3872,55,3928,59,3190,48,
2026-09-30,05:31:14.142,999,53,1,76,1,149,2,92,1,213,3,453,8,106,2,0,0,210,3,353,5,198,3,207,3,412,6,134,2,5,0,136,2,
2026-09-30,05:31:15.142,999,753,11,478,6,706,12,777,11,599,9,411,7,324,5,297,4,334,5,809,12,624,10,767,11,793,12,641,9,319,5,594,9,
2026-09-30,05:31:16.143,1000,346,5,394,5,373,6,415,6,481,7,339,5,271,4,438,6,917,14,712,10,713,11,626,9,79,1,142,2,264,4,339,5,
2026-09-30,05:31:17.144,1000,636,9,1111,15,756,12,532,8,757,11,833,13,789,12,213,3,270,4,745,11,637,10,865,12,210,3,222,3,521,8,518,8,
2026-09-30,05:31:18.143,999,215,3,386,5,366,5,605,8,328,5,385,6,71,1,374,5,151,2,335,5,382,6,545,8,135,2,200,3,164,3,262,4,
2026-09-30,05:31:19.143,999,1149,17,838,11,526,8,1034,15,662,10,760,12,430,7,448,6,530,8,480,7,681,11,613,9,587,9,713,10,1046,17,661,10,
2026-09-30,05:31:20.144,1000,70,1,244,3,149,2,80,1,213,3,50,1,107,2,78,1,78,1,82,1,275,4,330,5,336,5,123,2,1,0,66,1,
2026-09-30,05:31:21.143,999,564,8,542,7,546,8,680,9,938,14,629,12,655,11,842,11,422,6,717,10,594,9,676,9,749,11,490,8,251,5,520,8,
2026-09-30,05:31:22.143,999,148,2,5,0,281,4,167,2,416,6,331,6,111,2,225,3,197,3,296,4,255,4,346,5,60,1,139,2,245,4,450,7,
2026-09-30,05:31:23.144,1000,70,1,385,5,85,1,160,2,334,5,136,2,106,2,158,2,208,3,302,4,124,2,485,7,325,5,152,2,304,5,197,3,
2026-09-30,05:31:24.144,999,83,1,142,2,9,0,23,0,141,2,267,4,272,4,136,2,153,2,536,8,399,6,191,3,3,0,65,1,5,0,67,1,
2026-09-30,05:31:25.143,999,599,9,455,6,304,5,781,11,605,9,682,11,474,7,535,7,457,6,901,13,307,5,575,8,666,10,669,9,553,8,410,6,
2026-09-30,05:31:26.143,999,498,7,546,7,422,6,653,9,839,12,380,6,502,8,651,9,563,8,269,4,224,4,691,10,331,5,522,8,288,5,513,8,
2026-09-30,05:31:27.144,1000,668,10,154,2,342,5,471,6,467,7,516,9,399,7,303,4,443,7,297,4,319,5,299,4,147,2,413,6,165,3,202,3,
2026-09-30,05:31:28.144,999,3304,46,3213,41,2546,46,2915,48,2700,40,2931,45,3511,52,2771,37,3272,46,3380,55,3743,67,3310,47,3444,53,3318,47,3582,54,4012,60,
2026-09-30,05:31:29.143,999,76,1,77,1,81,1,101,1,200,3,321,5,258,4,153,2,346,5,79,1,72,1,419,6,272,4,366,5,7,0,70,1,
2026-09-30,05:31:30.144,1000,878,14,345,5,465,7,621,8,677,10,319,5,499,8,380,5,401,6,598,8,676,10,547,8,337,5,553,8,291,4,936,14,
2026-09-30,05:31:31.144,999,148,2,81,1,86,1,103,1,275,4,55,1,306,5,76,1,149,2,155,2,76,1,147,2,68,1,80,1,139,2,7,0,
2026-09-30,05:31:32.143,999,148,2,234,3,137,2,135,2,212,3,135,2,72,1,139,2,275,4,208,3,135,2,263,4,135,2,85,1,120,2,137,2,
2026-09-30,05:31:33.143,999,296,4,160,2,208,3,166,2,194,3,370,6,187,3,79,1,73,1,402,6,276,4,397,6,11,0,13,0,50,1,126,2,
2026-09-30,05:31:34.144,1000,428,6,862,11,440,6,768,10,546,9,502,8,262,4,527,7,406,6,851,12,683,10,473,7,396,7,685,10,710,11,535,8,
2026-09-30,05:31:35.144,999,362,5,595,8,412,7,544,8,269,4,414,7,326,5,1033,14,924,13,711,11,479,8,627,9,399,6,722,10,319,5,329,5,
2026-09-30,05:31:36.143,999,13046,195,13934,190,13184,203,13412,189,12864,189,11847,194,13393,212,16645,220,14491,218,14895,214,13614,217,14952,212,12837,195,14144,211,12685,208,13618,204,
2026-09-30,05:31:37.144,1000,804,11,1282,16,840,14,955,14,867,13,865,13,946,14,982,13,1175,16,652,10,756,13,738,10,893,14,557,8,785,13,886,13,
2026-09-30,05:31:38.144,999,10225,141,13128,166,11365,161,11866,158,10123,149,8651,155,8563,154,12333,156,10781,150,10338,140,10214,153,10603,150,10958,166,8738,147,8891,167,11451,169,
2026-09-30,05:31:39.143,999,279,4,166,2,393,6,422,6,587,9,319,5,376,6,297,4,494,7,451,7,414,7,469,7,258,4,154,2,320,5,259,4,
2026-09-30,05:31:40.144,1000,1827,27,2388,32,2027,30,1824,25,1511,23,1793,28,1782,28,1664,22,2095,29,2224,30,2050,31,2176,31,2196,34,1854,27,1846,29,1588,24,
2026-09-30,05:31:41.144,999,1909,31,2363,35,2098,30,1973,26,1529,23,1863,29,1814,27,1663,22,1237,21,1599,22,1672,25,1465,21,1539,24,2037,29,1964,30,1397,21,
2026-09-30,05:31:42.144,999,585,8,744,10,583,8,758,10,1006,14,1097,19,1169,20,983,13,1237,17,1162,15,745,11,928,13,761,11,441,7,453,8,925,14,
2026-09-30,05:31:43.143,999,4164,58,3441,44,3212,57,3543,57,2971,44,3853,58,5227,78,3621,48,3875,55,4654,75,4354,78,3941,56,4296,66,3986,56,4068,61,4226,63,
2026-09-30,05:31:44.144,1000,271,5,262,4,275,4,309,4,414,6,338,5,200,3,536,7,227,4,422,6,405,6,485,7,280,4,161,2,457,7,271,4,
2026-09-30,05:31:45.144,999,781,11,928,12,1029,18,1092,18,825,12,976,16,816,12,682,9,666,9,709,11,726,13,1036,15,1196,18,1198,17,458,7,601,9,
2026-09-30,05:31:46.143,999,63807,898,70531,912,58185,874,64652,898,51740,884,61742,914,65454,954,71695,943,64734,891,60858,876,58816,933,59248,935,53496,912,64633,914,58864,884,58458,878,
2026-09-30,05:31:47.144,1000,2774,41,4323,58,3694,55,2964,42,3527,54,2642,43,3413,53,4081,55,2152,31,2788,39,3228,49,3195,46,3296,51,2663,39,2124,35,3190,49,
2026-09-30,05:31:48.144,999,750,11,1867,26,1311,19,1504,20,1266,19,1666,26,1106,17,1499,20,1441,21,1118,16,2198,34,2009,29,1199,18,1470,22,1164,18,1312,20,
2026-09-30,05:31:49.144,999,416,6,515,7,709,10,693,9,677,11,433,7,661,11,521,7,419,7,1272,17,673,10,430,6,553,9,622,9,454,7,541,8,
2026-09-30,05:31:50.143,999,1816,26,1612,21,1339,19,1469,20,1540,23,578,10,837,15,1204,16,1597,23,1616,22,1196,18,1581,23,461,7,1015,17,983,19,995,15,
2026-09-30,05:31:51.144,1000,148,2,368,5,293,4,172,2,268,4,101,2,407,7,524,7,560,8,648,9,219,3,485,7,336,5,264,4,262,4,393,6,
2026-09-30,05:31:52.144,999,556,8,597,8,357,5,889,12,598,9,638,11,535,9,271,4,675,10,1118,15,698,10,629,9,281,4,614,9,373,6,726,11,
2026-09-30,05:31:53.143,999,72,1,282,4,8,0,83,1,214,3,65,1,104,2,439,6,194,3,224,3,198,3,211,3,204,3,386,6,242,4,117,2,
2026-09-30,05:31:54.144,1000,1629,24,1696,22,1083,17,1373,20,2048,31,806,13,1268,20,1442,19,1414,20,1361,20,1253,21,2135,31,1419,22,1353,20,1468,24,1142,17,
2026-09-30,05:31:55.144,999,2623,37,3119,40,2155,38,2162,35,2800,41,2985,45,2864,43,3376,45,2899,41,3136,51,1982,36,1809,26,2030,31,2685,38,1612,24,2146,32,
2026-09-30,05:31:56.144,999,4860,69,4661,60,5581,86,5914,86,4909,79,6042,91,4332,64,6159,82,7515,105,6359,94,6152,101,7002,104,4053,67,6008,86,4111,62,4892,74,
2026-09-30,05:31:57.144,1000,1115,16,1064,14,700,10,1163,16,699,11,834,13,845,13,725,10,462,6,1047,14,999,15,661,10,961,15,562,8,1032,17,493,8,
2026-09-30,05:31:58.145,1000,10451,146,8890,113,6992,118,7677,122,7404,109,6641,100,8592,128,9180,123,6297,88,8488,135,7666,136,8677,124,7515,116,7792,110,8801,131,8273,125,
2026-09-30,05:31:59.145,999,745,11,945,13,1034,15,689,9,862,13,636,10,1027,16,527,8,878,13,1383,19,1042,16,779,11,826,13,1031,15,581,9,651,10,
2026-09-30,05:32:00.145,999,1190,17,2495,32,2423,35,1935,27,1784,28,1438,22,1484,24,1907,26,1873,26,1579,22,1403,22,1857,28,1693,27,2000,30,1731,28,1941,30,
2026-09-30,05:32:01.145,1000,1072,16,870,11,705,10,881,12,1089,16,781,13,1030,16,1152,16,1008,14,790,11,987,16,840,12,654,10,1251,18,979,15,544,9,
2026-09-30,05:32:02.145,999,5658,80,5027,66,5513,78,5440,72,4808,89,5042,76,5480,81,5853,77,5847,82,6666,91,5136,77,4947,84,3764,70,4630,66,4369,67,4460,67,
2026-09-30,05:32:03.145,999,1013,14,1016,13,1138,16,1267,17,892,13,850,14,633,10,998,14,1072,15,298,4,896,13,1005,15,248,4,216,3,520,9,559,8,
2026-09-30,05:32:04.144,999,695,10,868,11,868,12,787,10,531,8,400,6,271,4,839,11,282,5,380,5,756,11,701,10,258,4,453,7,396,7,475,7,
2026-09-30,05:32:05.145,1000,2822,39,2569,33,2627,42,2566,38,2544,37,2087,35,2988,47,3301,44,2488,35,3397,51,1580,27,2190,31,2213,34,2216,32,1608,26,2147,32,
2026-09-30,05:32:06.145,999,1541,22,1641,22,1404,20,1131,15,1120,17,936,15,665,10,1187,17,1310,19,1339,18,1347,20,1533,22,952,15,1774,26,1153,19,1149,19,
2026-09-30,05:32:07.145,999,437,6,785,10,485,7,608,8,535,8,381,7,433,8,1044,14,447,6,381,5,267,4,356,5,724,11,373,6,258,5,469,7,
2026-09-30,05:32:08.145,1000,566,8,537,7,353,5,395,5,1079,18,691,11,408,6,1211,16,775,11,766,11,1301,20,747,11,544,9,549,8,647,10,374,6,
2026-09-30,05:32:09.145,999,1098,15,959,12,694,10,900,12,388,6,350,6,474,8,731,10,940,14,294,4,740,11,618,9,499,8,638,10,382,6,458,7,
2026-09-30,05:32:10.145,999,425,6,310,4,706,10,607,8,621,9,436,7,203,3,417,6,507,7,662,9,409,6,427,6,259,4,449,7,439,8,264,4,
2026-09-30,05:32:11.145,999,2702,42,1604,22,1827,28,2073,29,1561,23,1766,28,2190,35,2028,27,2077,32,2091,32,2006,33,1538,22,1663,25,1920,28,2430,38,2462,37,
2026-09-30,05:32:12.145,1000,1734,24,2697,34,1713,25,1689,23,1975,30,2228,35,2089,32,2163,32,1966,27,2053,28,1877,29,1910,27,1728,28,1614,23,1562,25,1412,24,
2026-09-30,05:32:13.145,999,6921,96,6285,81,5231,89,5621,89,6024,89,5154,78,6267,94,5377,72,5942,85,6905,110,6515,117,6619,94,7005,108,6821,96,6917,104,6587,98,
2026-09-30,05:32:14.145,999,1252,18,1788,23,1893,33,1640,26,2456,36,1820,28,1643,25,2111,28,2311,33,1855,30,1310,23,2119,31,1050,16,1460,21,1660,25,1603,24,
2026-09-30,05:32:15.145,999,1761,25,1546,20,1560,25,2388,35,1738,26,1889,30,1995,31,2551,35,2383,34,2144,33,1658,28,1519,22,1620,26,1889,27,1564,24,2124,32,
2026-09-30,05:32:16.145,1000,1223,17,1283,17,1139,16,1141,15,760,13,652,10,943,14,1261,17,1055,15,1284,18,910,14,685,11,721,13,1055,15,911,14,833,12,
2026-09-30,05:32:17.145,999,394,6,240,3,366,5,243,3,273,4,134,2,202,3,287,4,146,2,79,1,203,3,357,5,130,2,318,5,253,5,217,3,
2026-09-30,05:32:18.145,999,878,14,541,8,782,11,689,9,544,8,1020,16,462,7,836,11,568,9,552,8,478,8,673,10,730,11,428,6,522,9,648,10,
2026-09-30,05:32:19.146,1000,567,9,445,6,138,2,465,6,536,8,232,4,118,2,501,7,461,7,441,6,829,13,705,10,333,5,318,5,281,5,277,4,
2026-09-30,05:32:20.145,999,805,11,672,9,510,7,953,12,752,11,603,10,375,6,586,8,648,9,599,8,659,10,488,7,668,10,618,9,445,7,560,8,
2026-09-30,05:32:21.145,999,5,0,84,1,190,3,14,0,73,1,70,1,4,0,155,2,359,5,81,1,74,1,56,1,140,2,128,2,187,3,255,4,
2026-09-30,05:32:22.145,999,497,7,766,10,644,10,530,7,614,10,465,7,643,10,437,6,783,11,843,11,717,11,745,12,376,7,547,8,517,8,603,9,
2026-09-30,05:32:23.145,1000,416,6,314,4,278,4,485,7,195,3,271,4,203,3,439,6,377,6,495,7,129,2,349,5,388,6,133,2,249,4,414,6,
2026-09-30,05:32:24.145,999,152,2,161,2,210,3,235,3,202,3,0,0,118,2,154,2,224,3,269,4,206,3,140,2,70,1,149,2,55,1,69,1,
2026-09-30,05:32:25.145,999,1006,14,1222,16,849,14,842,13,1729,25,1247,21,1167,19,1428,19,1548,22,1535,23,1349,24,1210,18,1419,22,1008,15,862,14,604,9,
2026-09-30,05:32:26.146,1000,504,7,477,6,635,9,784,11,503,7,494,9,306,5,346,5,778,11,497,7,456,7,800,12,239,4,304,4,458,7,415,6,
2026-09-30,05:32:27.145,999,874,12,493,6,477,8,268,4,549,8,387,6,361,6,529,7,432,6,491,7,574,9,643,9,201,3,447,7,114,2,526,8,
2026-09-30,05:32:28.145,999,4109,57,4043,51,3482,62,3700,59,3387,50,3385,51,4356,65,3546,47,3862,54,4387,71,4522,82,3970,57,4108,64,3614,51,3874,58,3855,57,
2026-09-30,05:32:29.145,999,279,4,301,4,461,7,428,6,414,6,627,11,323,5,300,4,482,7,445,6,250,4,491,7,267,4,128,2,138,2,345,5,
2026-09-30,05:32:30.146,1000,280,4,537,7,287,4,314,4,357,5,320,5,376,6,259,4,414,6,300,4,269,4,604,9,392,6,264,4,117,2,323,5,
2026-09-30,05:32:31.145,999,130880,1796,146198,1854,126340,1779,138949,1825,125764,1827,99020,1843,106373,1903,138486,1835,126326,1747,139514,1860,122423,1800,133141,1870,120323,1808,111640,1832,100639,1874,121384,1803,
2026-09-30,05:32:32.145,999,32624,462,35417,464,30378,455,32314,452,31639,466,28729,483,29254,488,35404,479,32039,461,34518,490,32593,510,32978,468,28009,430,29010,451,25499,439,31373,481,
2026-09-30,05:32:33.146,1000,1861,27,2092,27,2082,30,1809,24,1559,24,1708,29,1542,25,1405,20,1477,21,1412,20,1710,26,1491,23,1408,23,1466,22,1886,31,1496,24,
2026-09-30,05:32:34.146,999,3426,48,3315,44,3075,51,3762,56,4241,62,3618,58,3038,47,3680,50,3089,44,2911,43,3414,59,3903,56,3140,48,3584,53,3568,57,3089,47,
2026-09-30,05:32:35.145,999,19062,264,22757,291,17618,271,21237,302,19005,280,17124,308,17180,294,21120,281,19990,281,20280,292,17544,278,18797,268,17930,276,17589,281,14473,267,18875,282,
2026-09-30,05:32:36.145,999,3424,51,3697,49,2614,37,3692,48,2746,47,2454,39,2378,37,3174,42,3887,57,3241,44,4022,60,2763,43,2912,50,3543,52,3120,49,3392,51,
2026-09-30,05:32:37.146,1000,4734,67,4834,65,3488,53,3861,55,3411,51,3061,49,3748,59,4364,58,3224,47,3254,47,2917,46,3105,44,3035,47,3356,49,2992,48,2960,44,
2026-09-30,05:32:38.145,999,2289,33,3347,44,2944,43,2620,35,2821,47,2966,47,2157,33,3195,42,2935,41,2419,35,1679,27,2318,37,2012,33,2378,36,2241,36,1894,29,
2026-09-30,05:32:39.145,999,1076,15,1004,13,1196,19,841,12,1041,16,600,10,922,15,1204,16,1074,15,509,7,576,9,551,8,664,11,851,13,1398,23,1137,17,
2026-09-30,05:32:40.146,1000,999,15,1259,17,1134,16,1100,15,1014,15,808,15,1194,21,960,13,720,10,1175,16,523,8,915,14,550,9,634,10,664,12,520,8,
2026-09-30,05:32:41.147,1000,3932,61,3799,52,3431,49,3838,51,3390,49,3399,52,3262,49,3241,48,3153,50,3738,50,3145,48,3022,43,3298,50,3643,52,4130,63,3259,53,
2026-09-30,05:32:42.146,999,2112,33,2223,32,1781,25,1581,21,1631,24,1790,29,1437,23,1904,25,1929,30,1676,23,1675,26,1378,20,1728,26,1679,25,1590,27,1961,29,
2026-09-30,05:32:43.146,999,12749,178,13428,171,12112,208,12180,191,12771,185,12269,184,11811,175,14712,194,12065,169,13192,206,11403,204,13246,187,10980,167,12570,175,12205,181,12887,191,
2026-09-30,05:32:44.147,1000,2037,31,2308,31,1652,24,2568,35,1591,24,1841,30,2048,31,2274,30,2191,33,2174,30,2755,42,2303,35,2218,36,2217,32,1324,21,2562,39,
2026-09-30,05:32:45.147,999,3605,50,4292,55,3110,50,3946,59,2826,44,2323,37,3119,47,3812,51,3148,44,2937,44,2989,50,2997,46,2951,48,3065,45,2593,41,2581,39,
2026-09-30,05:32:46.146,999,813,12,580,8,525,8,735,10,330,5,1200,19,969,16,733,10,936,13,951,14,844,14,1375,20,704,11,1057,15,834,13,1059,16,
2026-09-30,05:32:47.146,999,996,14,1127,15,1166,17,676,9,526,8,354,6,767,13,828,11,482,7,543,8,644,10,480,7,1092,17,458,7,245,4,411,6,
2026-09-30,05:32:48.147,1000,768,11,1066,14,751,11,1074,14,1206,18,988,16,1286,21,1548,21,908,13,692,10,1020,16,1264,18,859,13,428,6,950,16,601,9,
2026-09-30,05:32:49.146,999,267,4,379,5,362,5,472,6,402,6,302,5,344,6,602,8,575,8,528,7,404,6,489,7,407,6,375,6,100,2,145,2,
2026-09-30,05:32:50.146,999,440,6,236,3,345,5,450,6,469,7,101,2,364,6,667,9,76,1,363,5,458,7,210,3,333,5,202,3,452,7,576,9,
2026-09-30,05:32:51.147,1000,198,3,142,2,561,8,229,3,186,3,366,6,225,4,154,2,577,9,212,3,276,4,491,7,193,3,204,3,347,6,267,4,
2026-09-30,05:32:52.147,999,1514,21,931,12,913,15,946,14,674,10,768,12,622,10,1871,25,1070,15,1617,25,814,13,1248,18,756,12,1047,15,777,12,793,12,
2026-09-30,05:32:53.146,999,1194,20,1867,27,990,14,1384,18,1319,20,1256,19,1395,22,1754,23,795,14,1009,14,1134,17,1130,16,1535,23,1578,22,916,14,1218,18,
2026-09-30,05:32:54.147,1000,1033,15,1397,19,1402,23,1825,28,1561,23,1570,24,1121,17,1442,19,1849,26,1638,25,951,16,1192,17,1062,16,1778,26,1203,19,1534,23,
2026-09-30,05:32:55.147,999,1208,17,1382,18,888,15,1522,24,1415,21,876,14,1510,24,1480,20,1433,20,1579,24,1393,23,1202,17,1175,18,1249,18,932,14,1016,15,
2026-09-30,05:32:56.147,999,359,5,627,8,452,7,654,9,870,13,667,11,709,11,330,5,951,14,688,10,980,15,752,11,392,6,208,3,381,6,500,8,
2026-09-30,05:32:57.146,999,892,13,1196,16,665,11,1128,17,1001,15,978,15,875,13,998,14,704,10,791,12,921,15,844,12,535,8,645,9,543,8,488,8,
2026-09-30,05:32:58.147,1000,6568,93,6773,88,5213,90,5574,88,5613,83,5757,87,6280,93,7162,95,5998,87,7006,111,5468,99,6285,89,6154,95,5665,80,6775,101,5997,90,
2026-09-30,05:32:59.147,999,1487,21,1651,21,1498,21,2094,27,1508,24,1000,17,1126,18,2023,27,1077,15,1317,18,1341,20,1390,21,1155,19,1145,17,786,13,1285,19,
2026-09-30,05:33:00.146,999,541,8,833,12,602,9,715,10,344,5,781,13,994,16,987,13,631,9,542,8,448,7,666,10,860,13,336,5,648,11,859,13,
2026-09-30,05:33:01.147,1000,510,8,120,2,369,5,746,10,196,3,340,5,273,4,463,6,297,5,77,1,397,6,142,2,327,5,256,4,190,3,398,6,
2026-09-30,05:33:02.147,999,2325,39,2759,40,2894,41,3400,45,2711,43,3389,51,3042,45,3521,47,3600,58,3851,53,3310,50,2912,43,2629,42,3728,53,3395,52,3705,56,
2026-09-30,05:33:03.147,999,836,12,771,10,839,12,632,8,691,10,302,5,396,6,683,10,856,12,674,9,341,5,550,8,467,7,776,11,437,7,267,4,
2026-09-30,05:33:04.146,999,714,10,988,13,926,13,534,7,552,9,825,13,447,8,906,12,878,12,956,13,569,9,504,8,692,12,574,9,976,17,671,10,
2026-09-30,05:33:05.147,1000,4173,58,4792,61,4779,76,4152,59,4547,69,4442,69,4634,71,6124,81,4843,67,4628,68,4247,73,5409,80,3720,60,4147,60,4071,64,3954,59,
2026-09-30,05:33:06.147,999,439,6,239,3,424,6,541,7,461,7,451,7,483,7,604,8,482,7,582,8,117,2,537,8,74,1,489,7,270,4,268,4,
2026-09-30,05:33:07.146,999,1407,20,1455,19,969,14,1034,15,747,12,740,11,798,12,837,11,1441,20,1321,20,1199,19,1039,16,1418,24,1324,19,961,15,1126,17,
2026-09-30,05:33:08.147,1000,693,10,1099,14,1105,16,1284,18,1191,20,992,15,664,10,1171,15,1427,20,986,14,940,15,1249,20,1006,17,1027,15,1387,21,844,13,
2026-09-30,05:33:09.147,999,409,6,149,2,287,5,470,7,129,2,333,5,275,4,225,3,403,6,282,4,178,3,352,5,198,3,371,5,490,8,396,6,
2026-09-30,05:33:10.147,999,867,12,397,5,423,6,575,8,448,7,390,6,648,10,571,8,593,8,428,6,487,8,262,4,420,7,330,4,127,2,533,8,
2026-09-30,05:33:11.146,999,766,13,842,12,964,14,841,11,889,13,650,10,656,10,895,12,784,13,822,12,914,14,368,5,859,13,781,11,974,15,1155,17,
2026-09-30,05:33:12.147,1000,966,14,925,13,1361,20,1166,16,702,11,1000,15,861,13,1206,16,941,14,1258,18,1023,16,1106,17,1236,20,1077,15,1088,16,880,13,
2026-09-30,05:33:13.147,999,4766,66,3302,42,3617,65,3314,54,3698,54,3704,56,4457,67,4408,59,3713,53,3743,61,3722,68,4360,62,4540,70,4117,58,4542,68,4154,62,
2026-09-30,05:33:14.147,999,503,7,478,6,421,7,377,5,411,6,273,4,69,1,309,4,495,7,201,3,296,5,341,5,200,3,550,8,330,5,212,3,
2026-09-30,05:33:15.147,1000,1140,16,545,7,823,14,649,10,562,8,580,9,529,8,1051,14,1000,14,672,10,486,9,564,8,598,9,881,13,380,6,535,8,
2026-09-30,05:33:16.147,999,1152,17,1353,18,366,5,1089,15,940,16,766,12,1139,17,890,12,1423,20,1245,17,1190,18,940,15,647,10,759,11,798,13,589,9,
2026-09-30,05:33:17.147,999,437,6,479,6,454,8,386,6,619,9,669,10,812,12,828,11,575,8,659,10,643,12,419,6,973,15,357,5,609,9,681,10,
2026-09-30,05:33:18.146,999,448,6,469,6,313,5,268,4,399,6,336,5,274,4,455,6,147,2,301,4,300,5,275,4,405,6,212,3,120,2,336,5,
2026-09-30,05:33:19.147,1000,1434,20,1251,16,1136,18,1308,20,976,15,614,10,584,9,1059,14,839,12,971,14,919,15,958,14,1058,17,1173,17,1679,28,1320,20,
2026-09-30,05:33:20.147,999,292,4,398,5,572,8,171,2,515,8,340,5,329,5,308,4,504,7,292,4,210,3,353,5,505,8,253,4,299,5,463,7,
2026-09-30,05:33:21.147,999,426,6,238,3,326,5,94,1,392,6,70,1,190,3,379,5,149,2,205,3,183,3,136,2,270,4,298,4,145,2,363,5,
2026-09-30,05:33:22.147,1000,292,4,246,3,221,3,228,3,198,3,186,3,70,1,299,4,81,1,151,2,132,2,136,2,322,5,16,0,119,2,203,3,
2026-09-30,05:33:23.147,999,3,0,236,3,129,2,168,2,130,2,234,4,67,1,303,4,70,1,232,3,371,6,462,7,258,4,153,2,137,2,270,4,
2026-09-30,05:33:24.147,999,1213,16,860,11,778,11,795,11,703,12,835,13,338,5,983,13,660,9,846,12,1118,17,970,16,787,13,515,7,601,9,570,8,
2026-09-30,05:33:25.147,999,559,8,676,9,563,9,429,6,496,7,368,6,479,7,375,5,415,6,842,12,640,11,510,7,807,12,637,9,470,7,866,13,
2026-09-30,05:33:26.147,1000,115774,1639,125853,1641,114374,1671,119988,1636,106385,1678,102456,1697,103964,1674,123629,1647,121485,1711,121924,1705,112270,1730,116550,1730,103394,1655,104547,1588,99965,1652,105874,1598,
2026-09-30,05:33:27.147,999,13750,205,16849,226,13748,205,15607,217,12480,193,13422,210,13682,212,16454,221,13382,198,14302,204,13246,210,12580,186,12129,189,12953,189,13598,211,13101,200,
2026-09-30,05:33:28.147,999,4735,68,6489,85,4091,63,4378,61,6174,93,5612,92,5020,81,5581,77,5785,83,6925,98,6169,98,5913,85,4579,70,4939,74,4563,72,4666,75,
2026-09-30,05:33:29.148,1000,17753,241,15510,195,12899,224,13283,210,14639,212,13728,208,16036,237,16563,217,14740,205,12995,209,12308,223,16710,237,14716,221,16512,229,15302,229,15074,221,
2026-09-30,05:33:30.148,1000,9278,132,9921,128,9791,141,8983,121,8355,126,6464,116,7447,128,9334,124,8194,118,9111,126,8804,134,7999,117,7700,121,8094,133,7290,132,8404,126,
2026-09-30,05:33:31.148,999,6769,112,7368,108,8323,122,7253,100,8168,122,7418,115,7251,110,8379,111,6132,102,8517,120,7080,111,7771,110,6057,92,7629,110,7387,116,6530,98,
2026-09-30,05:33:32.148,999,4786,69,4690,62,3928,57,4155,57,3832,58,3373,53,3981,62,4338,59,3690,53,3477,48,3151,48,3720,55,3402,54,4074,60,3763,60,3256,51,
2026-09-30,05:33:33.148,1000,792,11,1442,19,1253,18,1302,17,997,15,760,14,827,15,1365,18,1201,17,1290,18,1194,18,708,10,1418,22,1353,22,1400,26,1393,21,
2026-09-30,05:33:34.148,999,3457,51,3799,52,3066,44,2976,40,3197,47,3142,50,3394,50,3505,49,2780,42,3218,45,2583,39,3533,50,2845,43,3225,47,2718,42,2635,41,
2026-09-30,05:33:35.148,999,12855,178,14875,191,11001,192,13099,214,14217,208,14551,224,12986,196,15558,207,13914,196,13438,218,10517,193,14064,199,11564,178,13122,186,11519,176,12745,189,
2026-09-30,05:33:36.148,999,5097,72,5797,76,5277,76,5760,77,3729,56,3217,57,3932,67,4998,67,4788,68,5672,78,5195,81,5226,75,5324,82,5623,90,3544,63,4410,67,
2026-09-30,05:33:37.148,1000,1088,15,1097,14,1111,16,993,13,805,12,742,14,790,14,1137,15,1231,18,613,8,813,12,940,13,922,14,697,11,531,9,750,11,
2026-09-30,05:33:38.148,999,4667,66,6418,83,5184,74,4991,66,4319,73,4391,70,3978,62,4108,54,4937,69,4666,64,4120,63,4693,73,4350,75,3449,52,3417,55,3578,54,
2026-09-30,05:33:39.148,999,645,9,1229,16,964,14,606,8,458,7,983,16,707,12,1286,17,996,14,942,13,768,12,899,14,454,7,573,9,645,11,407,6,
2026-09-30,05:33:40.149,1000,1010,14,1153,15,1281,18,910,12,787,12,957,18,944,16,1114,15,847,12,1186,16,794,12,1177,17,1069,17,696,11,831,15,612,9,
2026-09-30,05:33:41.148,999,1845,30,2057,29,2352,32,2340,31,1878,27,2504,38,1779,27,2336,31,1270,22,1932,27,1815,27,2038,29,1821,25,1870,26,2171,32,1386,20,
2026-09-30,05:33:42.148,999,512,7,551,7,362,5,548,7,261,4,265,5,317,5,663,9,640,9,625,9,205,3,273,4,521,8,641,10,453,8,711,11,
2026-09-30,05:33:43.148,999,2468,38,2138,29,2466,38,3263,47,3922,59,3651,56,3541,54,3553,47,3207,47,3105,46,2979,50,3626,51,2249,34,2667,38,1756,28,2709,41,
2026-09-30,05:33:44.149,1000,8505,118,8414,107,5837,102,6434,103,6261,92,7056,107,6607,99,7916,105,7214,101,6726,107,6439,118,7475,108,7566,116,7666,108,7893,119,6787,101,
2026-09-30,05:33:45.148,999,4430,62,5433,70,4427,78,4601,74,5151,76,5140,78,6065,90,6363,84,5511,77,4921,80,4374,81,5014,69,4222,64,5077,71,3893,59,4337,65,
2026-09-30,05:33:46.148,999,542,8,521,7,919,13,517,7,528,8,714,11,783,12,755,10,1208,18,597,8,397,6,870,14,446,7,656,10,999,16,660,10,
2026-09-30,05:33:47.148,999,876,12,1090,14,614,10,1237,19,937,14,763,12,723,11,1060,14,785,11,982,15,550,10,957,14,852,13,751,11,777,12,596,9,
2026-09-30,05:33:48.149,1000,151,2,316,4,71,1,176,2,419,6,334,6,344,6,531,7,363,5,387,6,433,7,484,7,573,9,145,2,155,3,136,2,
2026-09-30,05:33:49.148,999,790,11,641,9,436,6,858,11,648,10,1111,17,861,13,1285,17,1017,15,671,10,885,14,950,14,572,9,703,10,683,10,538,8,
2026-09-30,05:33:50.148,999,1257,19,1020,14,1253,18,1300,17,753,13,910,15,800,13,986,13,1008,16,991,14,814,12,864,13,1551,25,1231,18,905,14,1407,21,
2026-09-30,05:33:51.149,1000,839,12,980,13,764,11,756,10,678,11,1190,19,1390,21,1099,15,1224,17,1332,18,1177,18,630,10,741,13,758,11,840,13,677,10,
2026-09-30,05:33:52.148,999,499,7,1039,13,782,11,822,11,485,7,317,5,630,10,498,7,531,8,362,5,261,4,707,10,332,5,293,4,577,9,522,9,
2026-09-30,05:33:53.148,999,411,6,317,4,197,3,314,5,126,2,387,6,323,5,285,4,126,2,75,1,62,1,407,6,202,3,260,4,183,3,339,5,
2026-09-30,05:33:54.148,999,76,1,307,4,216,3,11,0,272,4,435,7,171,3,288,4,495,7,388,6,298,5,357,5,135,2,139,2,527,9,135,2,
2026-09-30,05:33:55.149,1000,1044,16,702,9,1013,15,1158,16,768,11,834,13,656,10,835,11,724,10,823,12,772,12,1156,17,848,13,1218,17,294,4,279,4,
2026-09-30,05:33:56.148,999,1067,15,1651,22,1567,22,1379,18,981,15,1158,21,1071,19,1305,17,896,13,1794,25,1589,24,1328,19,981,15,1101,18,810,15,1133,17,
2026-09-30,05:33:57.148,999,805,12,902,12,630,10,653,9,683,10,634,10,190,3,286,4,563,8,361,5,586,10,764,11,646,10,485,7,774,12,659,10,
2026-09-30,05:33:58.149,1000,405,6,298,4,339,5,494,7,1145,17,796,13,682,11,1059,14,1009,16,864,12,672,10,650,9,957,15,513,7,552,10,530,8,
2026-09-30,05:33:59.148,999,5380,75,4610,59,4047,72,4854,77,4302,64,4599,70,5366,80,5734,76,4895,69,5461,88,5211,93,5230,75,5146,79,5498,78,5523,83,4494,67,
2026-09-30,05:34:00.148,999,1007,15,1145,15,550,8,898,12,1008,15,350,6,670,11,979,13,1263,18,931,13,788,12,950,14,743,12,420,6,356,6,735,11,
2026-09-30,05:34:01.149,1000,117642,1612,131643,1661,113995,1601,126655,1659,113058,1643,87866,1656,94678,1687,126012,1671,117767,1626,126148,1683,112358,1641,118946,1663,108235,1625,100068,1667,88873,1678,111948,1650,
2026-09-30,05:34:02.150,1000,43711,608,48417,623,42714,618,44749,605,45700,684,38070,671,38254,653,50658,680,48371,681,47745,657,43647,661,43897,638,39184,612,37728,605,33932,607,41442,624,
2026-09-30,05:34:03.149,999,4114,61,4204,56,4779,73,3837,54,3793,57,3064,52,3128,51,4663,64,3439,51,4562,64,3505,56,3901,55,2717,42,3832,59,2943,49,3139,48,
2026-09-30,05:34:04.149,999,4497,65,5095,66,4259,64,5537,75,3983,62,4182,67,3524,56,4230,58,3746,54,4758,67,4183,67,4048,59,3950,64,4176,64,4403,72,4226,65,
2026-09-30,05:34:05.150,1000,11548,161,12088,155,10797,179,10571,165,12688,187,10869,180,10282,162,13164,175,10150,144,11906,182,10335,177,10297,147,9892,152,11064,164,8591,137,11114,165,
2026-09-30,05:34:06.149,999,10993,161,12312,164,9229,141,11849,167,9591,150,9045,142,10056,156,11142,148,11121,162,11628,165,9468,152,8605,129,8863,140,8995,130,10809,168,10506,158,
2026-09-30,05:34:07.149,999,3461,53,2780,39,2723,42,2363,34,2626,39,2772,45,2763,43,3176,42,2448,37,2526,36,2254,36,2403,35,1935,30,1373,20,2397,37,1982,30,
2026-09-30,05:34:08.150,1000,3120,44,4931,64,3376,49,3395,47,3008,51,3651,56,3585,54,4638,61,3582,50,3413,50,2563,42,3111,49,3141,54,2992,43,3533,55,3030,46,
2026-09-30,05:34:09.150,999,2123,30,2591,34,2366,35,2029,28,1544,25,1950,31,1862,28,2282,31,1511,21,1480,22,1368,22,2201,32,1426,24,2226,33,2061,33,1874,29,
2026-09-30,05:34:10.149,999,4033,57,4010,52,3216,46,4025,53,3780,69,4057,64,3481,53,4051,54,3815,53,4150,57,3336,50,3767,62,3439,62,3776,55,3697,58,4132,62,
2026-09-30,05:34:11.149,999,3128,49,3024,44,2891,41,3698,49,2624,40,2958,47,2581,41,3063,41,2697,44,2650,36,3002,45,3115,45,3298,51,2678,38,2983,45,2333,35,
2026-09-30,05:34:12.150,1000,502,7,382,5,909,13,1011,14,791,12,688,12,328,5,965,13,977,14,864,12,755,12,808,12,527,8,940,15,645,12,668,10,
2026-09-30,05:34:13.150,999,966,15,737,10,633,9,622,8,796,12,925,15,718,12,901,12,674,11,843,11,820,12,701,10,527,8,521,8,631,11,677,10,
2026-09-30,05:34:14.149,999,14248,197,13775,174,11259,196,11730,186,14607,212,13107,200,13634,202,14903,197,13190,184,12534,199,10931,197,14073,199,12689,193,13612,193,12397,186,14980,222,
2026-09-30,05:34:15.150,1000,2007,28,1692,22,1367,23,1656,26,1304,19,1450,24,1413,23,1408,19,1356,19,1892,29,1388,23,2001,29,1614,25,2046,30,1217,20,1120,17,
2026-09-30,05:34:16.150,999,3846,55,4413,58,3266,48,3860,52,3872,64,3049,49,3271,51,3496,46,3194,46,4117,59,3733,59,3368,53,2518,42,3056,45,3139,50,3842,58,
2026-09-30,05:34:17.149,999,824,12,994,13,620,9,670,8,587,9,719,11,758,12,745,10,689,10,663,9,591,9,650,9,500,8,1283,19,828,13,683,10,
2026-09-30,05:34:18.149,999,1264,18,1452,19,1096,16,1051,14,1353,21,978,17,1084,18,1637,22,1131,16,1068,15,1290,20,1325,20,936,15,1015,16,922,16,954,16,
2026-09-30,05:34:19.150,1000,755,12,597,8,1311,19,597,8,728,11,303,5,554,9,976,13,907,13,882,12,1092,16,1285,18,921,14,835,13,471,8,545,8,
2026-09-30,05:34:20.150,999,501,7,479,6,361,5,757,10,430,6,286,5,304,5,378,5,226,3,516,7,384,6,575,8,576,9,580,10,220,4,413,6,
2026-09-30,05:34:21.149,999,273,4,491,7,149,2,92,1,341,5,367,6,239,4,435,6,350,5,300,4,75,1,353,5,324,5,263,4,235,4,126,2,
2026-09-30,05:34:22.150,1000,1174,19,861,12,1564,23,1171,16,1345,20,1208,18,997,15,1295,18,1490,23,1153,16,922,14,1167,17,826,13,1212,17,562,8,855,13,
2026-09-30,05:34:23.150,999,295,4,232,3,221,3,98,1,120,2,166,3,56,1,340,5,293,4,379,5,73,1,73,1,74,1,223,3,184,3,74,1,
2026-09-30,05:34:24.150,999,282,4,159,2,287,4,316,4,280,4,268,5,213,4,299,4,398,6,150,2,391,6,135,2,387,6,294,5,118,2,394,6,
2026-09-30,05:34:25.149,999,1019,15,524,7,592,9,212,3,611,9,451,7,595,9,1271,17,1200,17,736,11,252,4,420,6,714,11,591,8,800,13,750,11,
2026-09-30,05:34:26.150,1000,190,3,64,1,361,5,456,6,126,2,317,5,243,4,371,5,486,7,596,8,412,6,195,3,66,1,293,4,339,5,72,1,
2026-09-30,05:34:27.150,999,460,7,649,9,434,6,467,6,191,3,351,6,381,6,271,4,131,2,218,3,410,6,203,3,436,7,534,8,324,5,410,6,
2026-09-30,05:34:28.149,999,443,6,319,4,325,5,392,5,74,1,529,8,140,2,734,10,783,11,489,7,478,8,690,10,149,2,310,4,125,2,199,3,
2026-09-30,05:34:29.150,1000,6029,83,5143,66,4624,82,3968,64,4784,70,4188,64,4560,68,6477,86,4476,63,5130,84,4163,77,4772,68,5455,84,5235,74,5576,84,5199,77,
2026-09-30,05:34:30.150,999,511,7,800,10,838,12,1278,17,543,8,496,9,455,7,847,12,913,13,1039,14,720,11,843,12,873,14,1145,17,536,8,698,11,
2026-09-30,05:34:31.150,999,357,5,622,8,224,3,663,9,256,4,302,5,289,5,74,1,146,2,227,3,68,1,77,1,321,5,351,5,277,4,70,1,
2026-09-30,05:34:32.149,999,75,1,239,3,294,4,15,0,209,3,234,4,124,2,287,4,284,4,72,1,201,3,194,3,112,2,216,3,49,1,392,6,
2026-09-30,05:34:33.150,1000,2276,33,3226,43,2546,36,2378,31,1805,31,2220,34,2387,37,1597,21,2576,37,2789,39,1758,27,1740,28,1842,32,2480,35,2338,36,2661,40,
2026-09-30,05:34:34.150,999,241,4,242,3,140,2,235,3,329,5,251,4,205,3,152,2,266,4,422,6,395,6,458,7,268,5,354,5,403,6,205,3,
2026-09-30,05:34:35.150,999,1052,15,789,10,840,13,820,11,829,13,781,14,1031,17,1358,18,868,12,1430,21,1254,20,1357,21,1071,17,546,8,726,13,879,13,
2026-09-30,05:34:36.150,1000,10616,147,13190,169,10639,151,12939,172,10720,161,8411,164,8229,153,12136,161,12360,174,12707,169,11419,170,11437,167,10837,168,9446,162,8916,173,13239,195,
2026-09-30,05:34:37.150,999,565,9,725,10,740,10,788,10,828,13,896,14,867,13,689,9,1028,15,983,13,612,9,1005,16,531,9,712,10,591,9,675,10,
2026-09-30,05:34:38.150,999,584,8,938,12,710,10,167,2,417,7,719,11,412,6,676,9,505,7,374,5,186,3,413,7,454,8,481,7,864,13,664,10,
2026-09-30,05:34:39.149,999,1717,25,1700,22,1434,20,2014,26,1381,21,1420,26,1800,31,1986,26,1984,28,1821,25,1458,22,1195,17,1458,22,1045,17,879,16,2001,30,
2026-09-30,05:34:40.150,1000,706,10,1435,19,1001,16,1013,14,683,10,732,12,967,16,1053,14,1162,17,1085,17,1207,20,843,12,986,15,856,13,877,14,1056,16,
2026-09-30,05:34:41.150,999,789,12,936,13,1276,20,974,14,1096,16,629,10,1116,17,1349,18,1625,25,1094,16,830,14,866,12,1323,20,1127,16,1526,23,670,10,
2026-09-30,05:34:42.150,999,1390,19,1930,25,1360,19,1454,19,1584,25,1307,21,1213,20,1556,21,1578,22,1447,20,1434,22,1146,18,1194,20,816,13,1085,18,670,10,
2026-09-30,05:34:43.151,1000,798,13,625,9,1349,19,854,11,1058,16,1076,17,1050,16,1296,17,707,11,744,10,944,14,861,12,589,9,926,13,769,12,911,14,
2026-09-30,05:34:44.151,1000,6210,86,4985,64,4493,80,4802,77,5004,74,4023,61,5075,76,6693,89,4493,63,5126,83,4361,80,4624,66,5550,85,5078,71,5315,79,5457,81,
2026-09-30,05:34:45.151,999,1652,23,1005,13,1042,17,1902,29,1113,17,1178,19,1498,23,2098,28,852,12,814,12,941,16,810,12,1405,22,2007,28,1006,16,1008,15,
2026-09-30,05:34:46.151,999,613,9,338,5,500,7,314,4,684,11,414,7,583,9,439,6,620,9,518,7,203,3,397,6,446,7,406,6,316,5,337,5,
2026-09-30,05:34:47.151,1000,295,4,611,8,202,3,154,2,414,6,136,2,307,5,197,3,149,2,365,5,272,4,570,8,397,6,195,3,314,5,119,2,
2026-09-30,05:34:48.151,999,532,8,753,10,483,7,897,12,669,11,598,10,626,10,668,9,638,9,751,11,1015,16,880,13,537,9,618,9,904,15,1290,20,
2026-09-30,05:34:49.151,999,656,10,824,11,647,9,913,12,326,5,404,6,836,13,1349,18,499,7,588,8,1142,17,755,12,505,9,930,14,474,8,601,9,
2026-09-30,05:34:50.151,999,432,6,867,11,351,5,657,9,154,2,456,8,373,6,541,8,580,8,306,4,443,7,415,6,610,9,286,4,328,5,257,4,
2026-09-30,05:34:51.151,1000,765,11,626,8,399,6,556,8,565,8,905,17,849,15,446,6,626,9,812,11,241,4,830,12,511,8,560,9,436,8,538,8,
2026-09-30,05:34:52.151,999,219,3,159,2,219,3,15,0,4,0,70,1,2,0,357,5,147,2,78,1,264,4,207,3,135,2,208,3,117,2,73,1,
2026-09-30,05:34:53.151,999,508,7,702,9,923,15,666,10,728,11,671,10,431,7,996,13,492,7,523,8,828,14,963,14,773,13,641,9,459,7,868,13,
2026-09-30,05:34:54.151,1000,577,8,680,9,294,4,156,2,288,5,338,5,412,6,665,9,470,7,290,4,465,7,815,13,363,6,150,2,469,7,277,4,
2026-09-30,05:34:55.151,999,2852,40,1675,22,1776,29,1819,28,2370,35,2340,36,1899,27,2882,37,2347,34,2378,38,2310,41,2402,34,2502,41,2274,32,2209,34,1814,27,
2026-09-30,05:34:56.151,999,34967,490,39734,515,30277,484,34226,500,30242,478,33378,493,36528,534,37028,497,38050,527,34038,506,30795,514,34415,513,30205,490,34536,489,32638,492,31812,488,
2026-09-30,05:34:57.152,1000,1791,25,1715,23,1305,18,2200,29,1259,21,1717,28,1739,26,1730,23,1300,18,1525,21,1722,26,920,15,1053,18,1493,22,1277,20,1618,25,
2026-09-30,05:34:58.151,999,1718,24,1842,24,1832,26,1232,16,1130,18,1257,19,2142,32,1795,25,1575,22,2551,36,1391,21,1274,20,1411,24,1311,19,1310,20,1354,22,
2026-09-30,05:34:59.151,999,7558,104,4885,63,5146,91,4930,80,5212,77,4587,69,5951,89,7417,98,5555,78,5519,90,4720,87,5807,82,5982,92,5941,84,5481,82,6195,92,
2026-09-30,05:35:00.151,999,576,8,832,11,708,10,530,7,415,6,367,7,296,5,456,6,584,8,452,6,545,8,550,8,464,7,296,5,441,8,620,9,
2026-09-30,05:35:01.151,1000,1861,27,1719,22,1922,28,2162,29,2070,31,1736,28,1453,23,1569,22,1494,21,1610,22,1790,28,1999,29,1557,24,1455,20,2061,32,1596,26,
2026-09-30,05:35:02.151,999,57512,798,60120,770,57596,807,64328,843,57778,860,45209,846,45013,806,61559,809,57687,797,62947,853,54759,816,59592,843,51815,789,50321,829,40766,774,51818,773,
2026-09-30,05:35:03.151,999,3428,49,3572,46,3596,51,3359,44,3588,55,2971,56,2528,44,4035,54,3474,49,3378,46,2780,41,3580,51,3108,48,2552,42,2379,44,2360,36,
2026-09-30,05:35:04.152,1000,108670,1502,118755,1509,106194,1508,114616,1517,105705,1539,83335,1530,83981,1479,115029,1530,109019,1515,112932,1528,99918,1495,105857,1491,97616,1472,91628,1490,81586,1515,99033,1473,
2026-09-30,05:35:05.151,999,21903,312,22778,297,20080,316,21982,322,22025,327,19549,324,18372,297,25073,333,21530,305,21084,317,20685,338,20540,296,18323,285,19919,299,16818,274,18953,284,
2026-09-30,05:35:06.151,999,3132,47,3531,48,3683,53,3783,50,3038,49,3873,64,2793,46,4589,62,4228,62,4849,66,4207,64,3756,56,2951,48,3546,55,2542,43,3241,49,
2026-09-30,05:35:07.151,999,12813,192,14247,193,13096,191,14936,202,12540,188,11363,185,12104,193,13860,186,11519,172,13513,187,13524,207,12680,185,12140,189,11540,171,12954,206,10574,161,
2026-09-30,05:35:08.152,1000,4763,67,6485,84,4817,69,5327,71,4202,73,5244,82,5015,77,6429,85,5511,77,5861,83,5494,85,4975,80,4151,73,5444,79,5092,79,4217,64,
2026-09-30,05:35:09.151,999,2557,37,2755,37,2840,41,2230,30,1901,28,1298,25,1363,25,2117,28,1661,24,1788,24,1848,28,1678,24,1905,29,1878,31,1850,35,2215,33,
2026-09-30,05:35:10.151,999,8539,119,10112,129,8467,121,10156,136,9350,138,7363,137,7722,137,10992,149,8221,115,7922,108,6505,97,8504,122,7380,114,6397,107,6543,123,7415,113,
2026-09-30,05:35:11.152,1000,2728,45,3290,47,3106,45,3369,45,3012,44,3727,60,3263,49,4349,58,3487,56,4179,57,3951,60,3602,52,2836,43,3167,47,3718,59,3237,49,
2026-09-30,05:35:12.153,1000,2599,36,2603,34,2284,34,3041,42,2514,36,2521,40,2455,39,3215,46,2504,35,2605,37,2328,37,2913,42,3071,47,2829,41,2427,40,2467,39,
2026-09-30,05:35:13.152,999,2684,42,3129,43,2728,40,3575,49,2740,40,2227,38,2640,42,2426,33,2379,37,2469,34,2021,31,2504,36,2815,44,2459,39,2491,44,2338,35,
2026-09-30,05:35:14.152,999,19001,262,17999,227,14487,250,14271,224,17247,250,15909,237,15887,234,18577,246,17328,242,15611,246,13510,241,17191,244,16029,243,17460,244,16347,244,16912,253,
2026-09-30,05:35:15.153,1000,6563,92,7356,96,5703,96,5338,84,6144,91,6099,96,6182,95,6731,90,6803,97,5672,88,5082,88,6504,93,5000,77,5145,74,4784,74,5225,78,
2026-09-30,05:35:16.152,999,1149,17,1459,20,1196,17,1346,18,1419,21,1210,20,655,11,1096,15,1247,19,1979,27,1648,25,1734,26,1032,16,1631,25,897,15,1285,20,
2026-09-30,05:35:17.152,999,372,5,917,12,555,8,1040,14,792,12,333,6,585,10,586,8,443,6,895,12,682,10,614,9,565,9,137,2,265,5,604,9,
2026-09-30,05:35:18.153,1000,3729,55,3862,50,3169,46,3451,46,3049,45,2367,37,2440,37,2681,39,3100,44,2974,42,2897,46,3263,46,2395,37,2401,35,2058,33,1764,29,
2026-09-30,05:35:19.154,1000,1086,17,1165,16,1427,21,1237,17,883,13,905,15,342,6,1286,17,846,13,673,9,971,15,694,10,656,10,1065,16,818,13,647,10,
2026-09-30,05:35:20.153,999,511,7,393,5,702,10,532,7,416,6,566,10,517,9,4,0,693,10,526,7,473,7,707,10,671,10,153,2,196,3,331,5,
2026-09-30,05:35:21.153,999,511,7,777,10,580,9,439,6,410,6,364,7,277,5,663,9,357,5,370,6,473,8,570,8,521,8,376,6,359,7,534,8,
2026-09-30,05:35:22.154,1000,1156,17,1842,24,1354,20,1683,23,1346,21,1042,16,1197,19,1942,26,1143,16,1082,15,1387,22,1348,21,1045,17,1354,20,925,15,1510,23,
2026-09-30,05:35:23.153,999,1300,19,1234,16,639,9,1132,15,903,13,999,16,1057,17,925,13,865,13,1047,14,926,14,687,10,681,10,521,8,988,16,759,12,
2026-09-30,05:35:24.153,999,291,4,455,6,639,9,541,7,347,5,582,10,153,3,290,4,639,9,221,3,818,12,295,4,134,2,276,4,254,5,270,4,
2026-09-30,05:35:25.154,1000,1213,17,1314,17,1307,21,1120,16,1291,19,1008,16,1011,16,1866,25,1255,18,1251,19,1201,21,1240,18,1010,15,1284,19,1082,17,1057,16,
2026-09-30,05:35:26.154,999,2738,39,2438,32,1511,27,3047,49,2858,43,3512,53,2697,40,3422,45,1927,27,2395,37,1777,32,2402,34,2048,31,3135,45,3090,48,2339,35,
2026-09-30,05:35:27.153,999,617,9,455,6,519,8,791,11,623,9,514,9,579,9,664,9,333,5,764,11,448,7,567,8,200,3,600,9,514,9,843,13,
2026-09-30,05:35:28.153,999,1302,18,1016,13,851,13,884,13,1097,16,1013,18,882,15,818,11,1403,20,1190,17,906,15,1469,21,915,14,963,15,662,12,1081,16,
2026-09-30,05:35:29.154,1000,8174,114,8556,110,7178,124,7120,112,8164,121,7562,114,8173,122,9389,126,7978,113,7169,116,7308,131,7946,113,8292,127,7243,102,7682,115,7622,115,
2026-09-30,05:35:30.153,999,364,5,392,5,915,14,308,4,279,4,167,3,398,7,286,4,511,7,286,4,433,7,187,3,459,7,365,6,106,2,463,7,
2026-09-30,05:35:31.153,999,1176,17,1048,14,712,12,1086,17,1000,15,653,10,726,11,1203,16,1027,15,962,15,1012,17,647,9,836,13,625,9,878,13,806,12,
2026-09-30,05:35:32.154,1000,661,11,560,8,772,11,993,13,1134,17,977,15,1004,15,763,10,497,8,1026,14,1000,15,696,10,599,9,554,8,642,10,481,7,
2026-09-30,05:35:33.154,999,4115,73,5167,79,4782,69,5145,68,4505,67,4433,68,5263,79,4988,67,4090,71,5690,77,4321,64,5194,73,4214,65,5325,75,4739,72,4157,63,
2026-09-30,05:35:34.153,999,3995,56,4120,54,3582,50,4068,54,3971,74,4413,67,4082,60,5911,78,4252,59,4631,63,3862,58,3236,55,3171,60,4392,63,4171,63,4240,64,
2026-09-30,05:35:35.154,1000,1482,21,1074,14,1236,20,1389,21,1074,16,1093,17,1642,25,1639,22,1285,18,1910,28,741,12,1263,18,1596,24,728,10,616,9,803,12,
2026-09-30,05:35:36.154,999,156,2,243,3,504,7,523,7,315,5,516,8,394,6,450,6,575,8,583,8,350,5,665,10,198,3,248,4,50,1,211,3,
2026-09-30,05:35:37.153,999,482,8,288,4,273,4,452,6,655,10,385,6,556,9,455,6,309,5,298,4,73,1,484,7,339,5,488,7,238,4,404,6,
2026-09-30,05:35:38.153,999,994,14,1694,22,1590,22,982,13,697,12,1502,23,717,11,1302,17,1086,15,731,10,660,10,756,13,857,16,1310,19,1497,23,1173,18,
2026-09-30,05:35:39.154,1000,722,10,465,6,436,6,636,8,398,6,493,10,783,14,672,9,425,6,1161,16,716,11,703,10,799,12,665,11,667,13,727,11,
2026-09-30,05:35:40.154,999,587,8,320,4,512,7,709,9,617,9,470,8,502,8,370,5,853,12,537,7,747,11,579,8,427,7,370,5,244,4,456,7,
2026-09-30,05:35:41.153,999,797,13,1163,17,973,14,848,11,136,2,594,9,351,5,662,9,453,8,1173,16,275,4,358,5,561,9,637,9,857,13,468,7,
2026-09-30,05:35:42.154,1000,576,8,788,10,356,5,563,7,705,11,349,5,745,11,726,10,567,8,557,8,183,3,459,7,296,5,473,7,436,8,637,10,
2026-09-30,05:35:43.154,999,504,9,1008,15,785,11,1000,13,1189,18,650,10,948,14,1062,14,1052,16,982,13,1107,16,1228,17,820,13,738,11,645,10,543,8,
2026-09-30,05:35:44.154,999,6451,90,5278,68,4631,82,5182,83,5466,81,5244,80,5575,83,6983,93,6067,86,6663,106,5733,102,5645,80,6443,99,5631,80,6180,93,5865,87,
2026-09-30,05:35:45.153,999,445,6,599,8,707,12,585,9,1171,18,779,12,868,13,1276,17,903,13,1071,16,607,10,1075,16,820,13,728,11,756,12,858,13,
2026-09-30,05:35:46.154,1000,1113,17,1282,17,713,10,1847,25,1184,18,839,14,1697,27,1441,19,1350,19,1270,17,1744,27,1576,24,823,13,1062,16,865,14,755,12,
2026-09-30,05:35:47.154,999,424,6,389,5,557,8,574,8,604,9,431,7,377,6,381,5,270,4,802,11,590,9,650,10,493,8,216,3,715,12,542,8,
2026-09-30,05:35:48.153,999,212,3,232,3,75,1,216,3,279,4,535,9,297,5,387,5,302,4,470,7,255,4,140,2,211,3,371,5,103,2,207,3,
2026-09-30,05:35:49.154,1000,1339,19,1812,23,1379,23,1892,29,1636,26,1612,24,1016,15,1295,17,2013,28,1369,21,1457,25,2176,32,1283,21,1275,18,1717,26,2302,35,
2026-09-30,05:35:50.154,999,1268,19,1471,20,884,13,1054,15,1209,19,981,15,1179,18,1139,15,1440,22,1402,19,1168,18,1027,16,1108,19,850,12,1118,17,1379,21,
2026-09-30,05:35:51.154,999,572,8,541,7,507,7,355,4,500,8,408,6,339,5,537,7,229,3,369,5,453,7,380,6,82,1,241,3,335,5,401,6,
2026-09-30,05:35:52.153,999,957,14,459,6,701,11,806,11,1018,16,842,13,729,11,995,13,355,5,518,8,982,16,419,6,757,12,505,7,472,7,929,14,
2026-09-30,05:35:53.154,1000,82,1,157,2,75,1,14,0,271,4,117,2,242,4,150,2,150,2,145,2,137,2,196,3,265,4,9,0,56,1,210,3,
2026-09-30,05:35:54.154,999,304,5,138,2,502,7,232,3,465,7,385,6,208,3,439,6,222,3,438,6,133,2,186,3,324,5,198,3,349,6,411,6,
2026-09-30,05:35:55.154,999,116435,1620,131337,1685,114243,1642,123141,1650,114229,1678,91164,1671,96276,1694,122637,1633,119252,1673,126004,1721,112737,1697,115490,1634,105041,1594,100623,1643,88757,1644,110266,1652,
2026-09-30,05:35:56.154,1000,2771,41,3623,49,4153,60,4213,56,3501,54,3393,54,3214,51,3529,48,3455,52,5199,71,3770,58,3899,58,3022,49,3502,54,3585,57,3042,46,
2026-09-30,05:35:57.155,1000,8318,119,10083,131,8764,130,10498,145,7742,121,8428,134,7898,125,9612,131,7226,103,7187,102,6060,94,6961,104,7256,114,8185,121,7295,118,7981,121,
2026-09-30,05:35:58.155,999,2636,38,3347,44,2580,37,2395,33,2328,38,2280,37,1736,28,2194,29,2394,34,2264,33,2037,33,2407,38,2764,45,2299,35,2308,38,2054,31,
2026-09-30,05:35:59.154,999,14247,196,13376,168,11587,198,12221,192,12416,184,12328,185,13210,197,15420,204,12721,177,12959,202,11815,208,12066,173,12386,190,12581,177,12671,188,13222,196,
2026-09-30,05:36:00.155,1000,4998,71,5252,69,4428,65,4628,63,3969,60,2927,52,3407,57,4439,59,4857,69,3740,53,3869,59,4053,59,3131,50,3287,52,3522,61,4174,63,
2026-09-30,05:36:01.155,999,1526,24,970,14,1997,28,2293,30,2068,34,1693,26,1432,22,1810,24,2078,31,1780,24,1848,28,2350,36,1633,28,1937,28,1144,19,1374,21,
2026-09-30,05:36:02.155,999,3001,42,3605,47,2328,33,2349,31,2945,46,2819,46,2634,42,4187,56,3110,43,2426,33,2840,43,2910,44,2270,37,2693,41,2592,42,2639,40,
2026-09-30,05:36:03.155,1000,1558,22,1852,24,1247,19,1067,15,1504,22,1190,20,1196,19,1618,23,1590,22,1687,24,856,14,1166,16,1137,17,1643,24,1033,17,606,9,
2026-09-30,05:36:04.155,999,1298,18,1741,22,1214,17,1294,17,1144,19,957,17,891,16,1440,19,1464,20,1352,18,1661,25,1251,19,902,15,1099,17,1038,17,1130,17,
2026-09-30,05:36:05.155,999,4368,62,4587,59,3786,64,4047,64,4268,63,3886,62,4182,65,6104,81,4352,62,5279,81,4105,72,4090,58,3562,54,4445,65,4189,67,3539,53,
2026-09-30,05:36:06.155,999,2051,29,3056,40,2522,36,2996,40,2593,41,2150,38,2430,39,2756,37,2589,37,2945,41,2217,35,2934,47,1743,29,1796,28,2584,45,2464,37,
2026-09-30,05:36:07.155,1000,1045,16,1174,16,990,14,1627,21,999,16,979,16,1459,23,1440,19,1078,16,1391,19,1462,22,1209,19,1395,23,916,14,1111,18,1155,17,
2026-09-30,05:36:08.155,999,2207,32,2467,32,2541,36,2213,29,2018,34,2143,33,1830,28,2150,29,2987,43,1909,27,1774,28,2636,41,1820,32,1788,26,2243,36,2032,31,
2026-09-30,05:36:09.155,999,720,10,764,10,221,3,839,11,483,7,401,7,176,3,361,5,337,5,365,5,388,6,558,8,799,12,414,6,530,10,490,8,
2026-09-30,05:36:10.155,999,2229,32,2331,30,1895,27,2659,35,2635,40,1709,33,1913,35,1895,25,1941,27,1912,26,1756,26,1396,20,1541,24,2301,37,1431,28,1967,30,
2026-09-30,05:36:11.155,1000,984,17,1412,20,1624,23,1168,15,1296,19,1550,24,999,15,1428,19,1341,23,1629,22,1363,20,970,14,1645,25,1531,22,1491,23,1006,15,
2026-09-30,05:36:12.155,999,1189,17,1397,18,1048,15,982,13,1182,17,939,16,976,16,835,12,1014,14,885,12,787,12,998,15,969,15,1472,22,948,16,778,13,
2026-09-30,05:36:13.155,999,966,15,1585,22,952,14,2042,27,1743,26,1617,26,1626,25,1834,26,1203,19,1741,24,1382,21,1557,22,1526,24,1291,18,670,11,810,13,
2026-09-30,05:36:14.156,1000,8262,114,7003,89,6279,109,6501,101,6791,100,6487,102,7021,107,7995,106,6849,96,6451,104,5356,99,7225,102,7118,109,6555,96,7052,107,7255,107,
2026-09-30,05:36:15.156,1000,1955,28,2328,31,1534,25,2362,36,2121,31,1571,25,1736,27,2860,38,2634,38,2100,33,1492,26,1459,21,2089,32,1451,21,1106,17,1631,25,
2026-09-30,05:36:16.156,999,1839,26,1949,26,1901,27,2219,29,1259,22,1453,23,1258,19,1939,26,1557,22,1621,22,1085,16,808,13,1099,20,1052,15,1456,22,1236,18,
2026-09-30,05:36:17.156,999,435,7,614,9,806,12,793,11,550,8,468,7,744,11,764,10,866,14,861,13,771,12,1050,15,776,12,554,8,773,12,819,12,
2026-09-30,05:36:18.157,1000,1030,15,1291,17,921,15,1041,16,1019,15,496,9,393,6,830,11,836,12,1222,18,1149,19,1020,15,960,15,851,13,876,14,1056,16,
2026-09-30,05:36:19.156,999,2080,33,1944,26,1629,23,2170,29,2012,30,1571,26,1861,29,1836,26,1428,22,1160,16,1612,24,2016,30,1319,20,1374,20,1419,22,1608,25,
2026-09-30,05:36:20.156,999,277,4,549,7,367,5,303,4,124,2,252,4,54,1,287,4,364,5,291,4,66,1,206,3,642,10,238,4,170,3,204,3,
2026-09-30,05:36:21.156,999,623,9,319,4,331,5,314,4,134,2,400,7,239,4,380,5,181,3,444,6,6,0,148,2,269,4,244,4,283,5,201,3,
2026-09-30,05:36:22.156,1000,857,12,716,9,286,4,235,3,748,13,616,10,835,13,841,11,726,10,515,7,568,9,378,6,650,11,557,8,575,9,409,6,
2026-09-30,05:36:23.156,999,291,4,383,5,142,2,81,1,327,6,119,2,254,4,285,4,4,0,150,2,276,4,74,1,157,3,5,0,2,0,2,0,
2026-09-30,05:36:24.156,999,1014,16,730,11,497,7,452,6,806,12,1204,19,894,14,748,10,967,16,790,11,1348,20,689,10,407,6,484,7,635,10,752,11,
2026-09-30,05:36:25.157,1000,848,13,1372,19,1024,15,1248,18,733,11,1280,20,1305,20,1049,14,816,12,1001,14,949,15,1045,15,1141,18,922,13,774,12,946,14,
2026-09-30,05:36:26.156,999,2373,35,2654,35,3295,47,1916,25,1367,25,2131,32,2683,40,2337,31,3514,49,3680,50,2106,32,2168,37,1913,34,2334,33,2066,32,2728,41,
2026-09-30,05:36:27.156,999,362,6,416,7,559,8,896,12,829,12,1024,16,867,13,524,7,497,8,829,11,812,12,644,9,729,11,1037,15,700,11,596,9,
2026-09-30,05:36:28.156,999,349,5,235,3,151,2,173,2,274,4,249,5,309,5,385,5,284,4,426,6,314,5,285,4,67,1,181,3,170,3,274,4,
2026-09-30,05:36:29.157,1000,5501,76,5650,72,5009,89,4731,76,4692,69,4369,66,5057,76,5493,73,5543,78,5451,88,4777,87,5406,77,5955,91,5086,72,5663,85,6323,94,
2026-09-30,05:36:30.156,999,1356,19,1249,16,1467,23,978,14,1879,28,889,16,756,12,1055,14,1068,15,1563,22,970,17,1530,22,1101,17,1098,17,953,16,1152,17,
2026-09-30,05:36:31.156,999,656,10,842,11,425,6,707,9,1075,16,429,8,494,8,972,13,832,13,823,11,406,6,424,6,1121,17,711,11,389,7,809,12,
2026-09-30,05:36:32.157,1000,984,14,1227,16,901,13,1185,16,614,9,933,16,225,4,531,7,874,12,798,11,802,13,780,11,903,14,670,10,972,16,993,15,
2026-09-30,05:36:33.157,999,347,5,144,2,203,3,143,2,201,3,70,1,173,3,142,2,78,1,81,1,122,2,259,4,218,3,145,2,185,3,70,1,
2026-09-30,05:36:34.156,999,363,5,316,4,214,3,247,3,189,3,185,3,308,5,361,5,364,5,532,7,381,6,61,1,4,0,124,2,217,4,261,4,
2026-09-30,05:36:35.156,999,1841,26,1317,17,1141,17,1406,20,1293,19,1303,20,1313,20,1611,23,1559,23,1527,22,1596,24,1253,18,1244,19,1582,22,1355,18,1136,19,
2026-09-30,05:36:36.157,1000,292,4,646,8,375,5,415,5,428,7,290,5,791,12,612,8,672,9,459,6,345,5,777,12,421,7,434,6,424,7,618,9,
2026-09-30,05:36:37.156,999,10382,144,12945,166,9737,139,12105,161,9750,144,8285,163,7365,139,11095,146,10830,153,10991,148,9911,148,10233,146,9878,151,8938,155,8362,167,12229,182,
2026-09-30,05:36:38.156,999,9991,138,13985,178,10974,155,13048,172,9905,146,8247,153,8251,145,11266,149,11153,155,10440,141,9978,147,10123,145,9406,146,8847,147,8630,161,11360,164,
2026-09-30,05:36:39.156,999,397,7,121,2,431,6,558,7,433,7,784,12,334,5,383,5,336,6,561,8,665,10,477,7,451,7,366,5,671,10,870,13,
2026-09-30,05:36:40.157,1000,731,11,608,8,640,9,832,11,423,6,581,10,502,8,304,4,339,5,376,5,602,9,400,6,631,10,611,9,458,8,138,2,
2026-09-30,05:36:41.156,999,622,11,913,13,873,13,1062,14,596,9,970,15,740,11,1067,14,1141,18,736,10,1147,17,1024,15,952,15,980,14,1065,16,848,12,
2026-09-30,05:36:42.156,999,758,13,897,13,636,9,689,9,894,13,557,9,595,9,753,10,178,3,450,6,537,8,769,11,925,14,644,9,521,9,850,13,
2026-09-30,05:36:43.157,1000,610,11,580,9,560,8,910,12,872,13,673,10,901,13,832,11,698,12,892,12,604,9,645,9,649,10,513,7,729,11,733,11,
2026-09-30,05:36:44.157,999,4814,67,4855,62,3670,65,3759,62,4065,60,4083,62,4092,61,4590,61,4149,58,4182,68,3666,67,3634,51,5003,77,4172,59,4485,67,4518,67,
2026-09-30,05:36:45.156,999,1084,15,1122,15,1283,20,1154,18,608,9,597,10,1007,16,1712,23,770,11,1114,17,851,14,1019,15,720,11,1232,18,878,14,738,11,
2026-09-30,05:36:46.156,999,484,7,567,8,572,9,823,12,806,12,384,6,913,14,871,12,827,12,911,13,481,8,694,10,641,10,827,12,795,12,816,12,
2026-09-30,05:36:47.157,1000,5031,72,5579,73,3881,66,5101,77,3872,56,3358,50,3916,57,4724,62,3765,54,4065,62,3165,54,3669,51,3421,52,4168,59,4667,70,4717,71,
2026-09-30,05:36:48.157,999,699,10,700,9,353,5,517,7,804,12,720,11,680,10,974,13,623,9,1017,14,991,16,599,9,722,12,291,4,314,5,646,10,
2026-09-30,05:36:49.156,999,707,11,897,12,1060,16,1118,15,1475,22,830,14,750,13,1509,20,1807,26,1829,26,1233,20,1178,17,1047,16,1078,17,1326,24,927,14,
2026-09-30,05:36:50.156,999,190,3,659,9,343,5,376,5,602,9,300,5,106,2,529,7,547,8,512,7,384,6,809,12,305,5,390,6,236,4,274,4,
2026-09-30,05:36:51.157,1000,1867,27,1654,22,1640,25,2190,30,2061,31,1636,26,1779,29,2456,33,2191,31,2623,36,1981,31,2241,32,1968,31,2011,29,1911,31,2339,35,
2026-09-30,05:36:52.157,999,236,3,386,5,489,7,430,5,274,4,425,7,309,5,290,4,231,3,68,1,350,5,332,5,154,2,106,1,262,4,493,8,
2026-09-30,05:36:53.156,999,709,11,1001,14,479,7,859,12,394,6,416,7,715,11,528,7,429,7,719,10,487,7,940,14,708,11,811,12,879,14,607,9,
2026-09-30,05:36:54.157,1000,342,5,147,2,218,3,87,1,186,3,190,3,260,4,80,1,76,1,2,0,269,4,263,4,287,5,16,0,134,2,268,4,
2026-09-30,05:36:55.157,999,861,12,243,3,605,10,715,10,666,10,689,11,698,11,906,12,740,11,705,11,654,11,631,9,510,8,229,3,207,3,340,5,
2026-09-30,05:36:56.156,999,3,0,319,4,422,6,161,2,291,5,305,5,122,2,226,3,291,4,229,3,342,5,266,4,181,3,140,2,187,3,332,5,
2026-09-30,05:36:57.157,1000,278,4,6,0,221,3,242,3,454,7,51,1,117,2,302,4,350,5,154,2,75,1,226,3,182,3,79,1,97,2,68,1,
2026-09-30,05:36:58.157,999,426,6,167,2,296,4,404,5,213,3,313,5,203,3,312,4,441,6,289,4,454,7,354,5,211,3,310,4,368,6,251,4,
2026-09-30,05:36:59.157,999,5896,82,5883,75,4872,84,4955,78,4310,66,5017,76,5249,78,5196,69,4921,69,6112,95,4712,82,4610,67,5671,90,4858,69,4995,75,5491,82,
2026-09-30,05:37:00.156,999,302,4,396,5,514,7,305,4,357,5,429,8,57,1,299,4,284,4,449,6,311,5,415,6,204,3,235,4,245,5,536,8,
2026-09-30,05:37:01.157,1000,211,3,138,2,141,2,167,2,195,3,204,3,139,2,152,2,341,5,216,3,271,4,69,1,186,3,266,4,193,3,70,1,
2026-09-30,05:37:02.157,999,721,10,757,10,644,9,843,11,476,9,653,10,883,13,843,11,963,13,744,10,855,13,899,15,706,13,835,12,828,13,1042,16,
2026-09-30,05:37:03.157,999,375,5,861,11,645,9,1169,15,735,11,517,8,622,10,734,11,559,8,776,10,408,6,753,11,493,8,875,12,402,6,560,8,
2026-09-30,05:37:04.156,999,290,4,147,2,295,4,400,5,1,0,50,1,53,1,297,4,140,2,144,2,145,2,1,0,331,5,4,0,167,3,305,5,
2026-09-30,05:37:05.157,1000,3764,53,4435,57,3787,57,4332,60,2813,43,3307,49,2634,39,4105,58,3320,45,4079,57,2921,45,3815,56,3163,51,3342,47,3625,55,3718,61,
2026-09-30,05:37:06.157,999,666,12,844,13,1510,21,1141,15,1393,21,674,10,1221,18,1608,21,783,13,1194,16,1077,16,534,8,636,10,1133,16,805,12,473,7,
2026-09-30,05:37:07.157,999,1549,22,1968,26,1733,26,1317,18,1618,25,1608,24,1786,26,1838,25,2084,29,2046,29,1922,30,1811,28,1652,28,1978,28,1906,29,2114,33,
2026-09-30,05:37:08.156,999,712,10,1337,17,1395,20,895,12,1209,19,1308,21,1549,25,1244,17,1088,15,1589,22,1405,22,1079,16,1229,19,1166,18,1239,21,985,15,
2026-09-30,05:37:09.157,1000,1011,15,1098,15,906,14,825,11,1468,21,1036,16,867,13,1358,18,586,8,525,8,1061,17,809,12,481,7,967,14,723,11,1025,15,
2026-09-30,05:37:10.157,999,743,11,1064,14,1394,21,1378,19,966,15,1075,16,1268,19,1125,15,413,6,1149,17,936,15,669,10,1153,18,1183,17,1057,17,1074,16,
2026-09-30,05:37:11.156,999,684,11,743,11,602,9,575,8,413,6,497,8,712,11,1038,14,628,9,554,8,387,6,364,5,597,9,652,9,516,8,741,11,
2026-09-30,05:37:12.157,1000,265,4,654,9,418,6,751,10,462,7,69,1,390,6,523,7,365,5,363,5,304,5,494,7,513,8,71,1,525,9,188,3,
2026-09-30,05:37:13.157,999,209,3,88,1,144,2,436,6,113,2,186,3,175,3,363,5,507,7,312,4,267,4,213,3,251,4,285,4,237,4,132,2,
2026-09-30,05:37:14.157,999,6763,94,7824,100,6688,120,6960,114,7248,108,7063,106,7731,114,9765,129,7484,104,7158,117,5494,102,7672,108,8797,135,7392,105,7393,111,7949,119,
2026-09-30,05:37:15.156,999,1053,15,849,12,789,13,928,13,672,10,863,14,872,14,1118,15,927,14,1151,17,933,16,756,11,797,12,1248,18,932,14,720,11,
2026-09-30,05:37:16.157,1000,142,2,316,4,345,5,313,4,504,8,137,2,343,5,384,5,264,4,426,6,1096,18,475,7,379,6,272,4,381,6,473,7,
2026-09-30,05:37:17.157,999,297,4,232,3,221,3,587,8,206,3,234,4,294,5,522,7,253,4,484,7,257,4,560,8,114,2,280,4,418,7,443,7,
2026-09-30,05:37:18.157,999,1485,21,1670,22,1398,20,1738,24,1531,24,1266,20,1679,26,1901,25,1219,17,1789,25,1561,25,1118,17,1209,20,1266,18,1182,18,1508,23,
2026-09-30,05:37:19.157,1000,150,2,372,5,426,6,623,8,674,11,724,11,478,7,535,7,811,12,1020,14,988,15,1046,16,387,7,754,11,329,5,469,7,
2026-09-30,05:37:20.157,999,442,6,681,9,722,10,569,7,559,8,1075,19,712,11,529,7,717,10,520,7,921,14,1065,16,689,10,698,10,262,4,881,13,
2026-09-30,05:37:21.157,999,301,4,153,2,218,3,323,4,124,2,188,3,71,1,136,2,281,4,429,6,213,3,136,2,141,2,383,6,120,2,3,0,
2026-09-30,05:37:22.156,999,1065,15,1533,20,862,12,1068,14,1293,24,1475,22,1368,20,1446,19,1075,15,1099,15,993,15,1436,24,909,17,1849,26,1791,27,914,14,
2026-09-30,05:37:23.157,1000,556,8,755,10,535,8,764,10,549,9,1256,20,514,8,691,9,792,11,1008,14,809,12,605,10,410,7,502,7,703,11,597,9,
2026-09-30,05:37:24.157,999,199,3,84,1,583,8,457,6,344,5,418,7,394,6,77,1,268,4,298,4,349,5,206,3,313,5,266,4,52,1,413,6,
2026-09-30,05:37:25.157,999,77900,1075,88322,1122,78128,1104,86053,1134,75537,1105,54142,1032,57829,1049,80088,1063,79814,1107,82984,1116,74091,1099,77338,1091,73544,1117,67204,1121,59153,1129,76116,1140,
2026-09-30,05:37:26.157,1000,36718,519,41004,535,35685,519,37224,504,37155,555,31863,554,31761,544,40419,541,41172,583,40154,552,38081,579,37791,544,34762,535,33646,535,29880,531,34941,523,
2026-09-30,05:37:27.157,999,3592,52,3838,51,4489,65,4735,64,3344,55,4058,64,3943,62,4525,60,3966,59,3902,53,3696,55,3823,62,3432,59,3368,51,3373,54,3960,60,
2026-09-30,05:37:28.157,999,2218,31,2501,33,2318,35,2317,32,3240,48,3253,54,2776,44,3203,44,2239,32,2946,43,3365,54,2879,41,2203,34,2236,34,1811,30,2075,32,
2026-09-30,05:37:29.157,999,11699,161,12395,157,9900,171,11114,176,10038,148,11027,166,10925,161,13887,183,11797,165,10588,168,9883,176,11278,160,12798,196,13082,184,12594,187,11981,176,
2026-09-30,05:37:30.157,1000,4295,62,4085,54,4208,61,4238,57,4383,65,3724,69,3930,68,3780,50,4023,58,4261,58,4046,61,4810,69,3880,60,3591,58,3509,63,4534,68,
2026-09-30,05:37:31.157,999,3736,52,3949,51,3549,52,3498,47,3228,50,3118,50,2819,43,3471,46,3451,49,2808,39,2536,39,2121,32,2762,43,3030,45,2777,45,2461,37,
2026-09-30,05:37:32.157,999,3688,54,4355,57,3605,51,3995,53,3119,46,3908,62,3742,59,3472,52,4230,60,4516,61,3138,47,4916,70,3552,55,3319,50,3203,54,3387,57,
2026-09-30,05:37:33.158,1000,825,12,1095,15,620,9,620,8,921,14,1120,19,631,11,918,12,1133,16,1324,18,936,14,808,12,792,13,639,10,407,7,1145,17,
2026-09-30,05:37:34.157,999,1379,20,1567,21,1224,18,1912,26,1003,15,662,12,882,15,1100,15,969,14,1325,18,791,12,949,14,1335,20,1493,23,670,12,1348,21,
2026-09-30,05:37:35.157,999,7712,109,7740,100,5273,91,6615,105,6657,98,6588,101,6633,100,8492,113,6271,89,6862,110,6418,116,6895,98,6207,96,7852,112,6364,96,6111,91,
2026-09-30,05:37:36.157,999,986,15,686,10,923,13,1235,17,964,15,724,12,856,14,1333,18,1028,16,751,10,984,15,1141,17,750,12,1060,15,827,13,927,14,
2026-09-30,05:37:37.157,1000,2314,33,3053,39,2507,36,3029,40,1361,22,1475,25,1934,30,1868,25,2299,32,1814,25,2220,33,1925,29,1629,27,1903,28,1595,26,2111,31,
2026-09-30,05:37:38.157,999,3918,56,3947,51,3165,46,3797,53,3373,54,3084,47,3210,48,4120,54,3638,51,3286,48,2701,44,3520,54,2382,40,2629,38,3588,56,2919,44,
2026-09-30,05:37:39.157,999,1299,18,1173,15,1182,18,1288,18,801,12,735,13,495,9,1046,14,876,12,858,12,807,13,846,12,995,15,871,13,1010,17,943,14,
2026-09-30,05:37:40.158,1000,1923,28,1199,16,1201,17,1710,22,1318,20,1618,28,1464,24,1381,18,1325,19,1335,18,1536,23,1332,19,1241,19,1224,18,1238,21,1381,20,
2026-09-30,05:37:41.157,999,2214,34,3291,45,2887,43,2754,38,2057,30,2006,32,2299,36,3957,53,2771,43,2509,36,2167,35,2636,38,2418,37,2148,31,3082,49,2302,34,
2026-09-30,05:37:42.157,999,936,13,1580,21,937,13,1408,18,971,15,844,14,816,13,987,13,1105,15,698,10,1151,18,715,10,677,10,684,9,452,7,1163,17,
2026-09-30,05:37:43.157,999,384,6,646,9,674,9,530,6,609,9,838,13,741,11,761,10,720,11,400,5,345,5,420,6,680,10,437,5,328,5,653,9,
2026-09-30,05:37:44.157,1000,527,9,485,7,741,10,1161,14,1066,16,1031,16,1034,16,1297,17,596,9,842,11,940,14,924,13,868,13,821,11,1144,18,764,11,
2026-09-30,05:37:45.157,999,7606,105,6538,84,6001,106,6861,111,5910,87,5186,78,6326,94,7623,101,7059,99,6031,98,5680,105,6348,91,6795,104,7213,102,6683,101,6541,97,
2026-09-30,05:37:46.157,999,755,11,1187,16,925,13,1054,14,1103,17,630,12,1345,21,969,13,978,14,938,13,951,15,1049,16,797,12,903,13,566,10,602,9,
2026-09-30,05:37:47.158,1000,87,1,92,1,32,0,284,3,485,7,230,4,259,4,226,3,214,3,159,2,212,3,229,3,92,1,98,1,109,2,220,3,
2026-09-30,05:37:48.157,999,910,13,854,11,716,10,356,4,807,12,837,14,614,10,1195,16,1081,15,738,10,817,13,511,8,465,7,385,5,677,11,610,9,
2026-09-30,05:37:49.157,999,376,5,237,3,249,3,575,7,191,3,285,5,62,1,459,6,152,2,228,3,148,2,335,5,138,2,284,4,305,5,476,7,
2026-09-30,05:37:50.158,1000,1068,15,1724,22,1383,21,883,13,1271,20,603,10,948,15,1286,17,1460,20,1220,17,1004,16,1605,24,1429,23,1316,20,1353,22,1279,19,
2026-09-30,05:37:51.157,999,279,4,449,6,540,8,352,5,282,4,229,4,389,6,303,4,205,3,362,5,324,5,611,9,198,3,441,7,56,1,326,5,
2026-09-30,05:37:52.157,999,488,7,255,3,532,8,634,8,148,2,255,4,143,2,234,3,64,1,83,1,146,2,404,6,217,3,221,3,158,3,290,4,
2026-09-30,05:37:53.157,999,231,3,326,4,154,2,288,3,617,9,254,4,61,1,292,4,653,9,310,4,591,9,443,6,216,3,265,3,265,4,263,4,
2026-09-30,05:37:54.158,1000,509,7,680,9,781,11,937,12,449,7,583,10,397,6,530,7,908,13,507,7,473,7,640,10,407,7,635,9,509,8,665,10,
2026-09-30,05:37:55.157,999,1311,20,862,12,1307,20,1479,21,965,16,1697,26,1542,23,2102,28,1650,25,1549,22,1217,19,1501,23,1491,24,1490,21,1395,21,1405,21,
2026-09-30,05:37:56.157,999,147025,2072,165214,2138,139453,2076,153886,2127,140594,2226,136961,2221,139838,2211,165121,2195,156127,2189,151085,2131,144295,2254,152850,2288,134331,2182,146733,2197,130193,2116,143230,2156,
2026-09-30,05:37:57.157,999,7957,122,8297,115,7420,108,8927,122,7622,117,8362,132,7605,118,8764,119,7827,120,9460,129,8462,127,8638,130,6658,107,6414,94,6685,105,7156,109,
2026-09-30,05:37:58.158,1000,7631,109,9101,118,6778,110,8041,120,8124,122,7910,122,9197,139,8664,117,8307,116,8348,125,7702,132,7758,113,8225,129,8456,122,8143,129,7981,124,
2026-09-30,05:37:59.157,999,11435,162,11838,156,9821,145,10520,146,10084,153,10153,162,10091,158,10086,135,11148,161,9652,136,9973,156,9842,145,8639,134,9045,134,9078,147,9594,145,
2026-09-30,05:38:00.157,999,28244,388,27849,352,22983,379,23628,355,23451,340,21728,345,22803,355,29599,387,24541,343,23538,356,22594,385,24375,345,24596,372,24753,365,22647,356,26086,386,
2026-09-30,05:38:01.158,1000,2721,39,4092,54,2260,34,2255,31,2068,31,1484,24,2071,32,2507,34,2627,38,2456,36,1594,25,2199,31,2622,40,2094,32,2383,40,2529,39,
2026-09-30,05:38:02.158,999,7109,114,6400,91,7131,102,7546,101,5949,91,6211,95,6773,102,7611,101,6943,110,7354,102,6121,91,6589,98,5894,93,8171,118,6630,102,6731,104,
2026-09-30,05:38:03.157,999,2143,30,2508,33,2400,34,1784,23,1945,29,1407,22,1755,28,1995,28,1722,25,1921,26,2021,29,1988,28,1839,28,2152,34,1893,32,2097,32,
2026-09-30,05:38:04.157,999,2625,39,3103,42,2831,40,3744,49,2034,34,2665,43,2934,46,3179,42,2412,36,2621,36,2320,35,1655,25,2927,48,2560,39,2078,34,2400,36,
2026-09-30,05:38:05.158,1000,20540,287,24235,312,17622,303,20076,317,20802,306,21468,332,21324,322,26273,349,21926,312,20346,325,18066,323,22546,321,17959,276,20772,296,18879,291,20012,295,
2026-09-30,05:38:06.157,999,4885,69,4927,65,4481,67,4982,68,4887,72,3655,67,4027,69,5119,68,5217,74,4839,67,5368,83,4767,69,6090,95,4969,78,3505,61,4377,65,
2026-09-30,05:38:07.157,999,2483,35,3342,43,2067,32,2593,38,1919,28,1741,30,1905,31,3092,41,3143,45,2381,35,1756,29,2367,34,2714,41,1763,28,1754,30,1740,26,
2026-09-30,05:38:08.158,1000,3851,55,5298,71,4604,66,4589,60,3527,61,4702,73,3531,54,5338,70,4390,63,4249,59,3761,58,3473,56,3172,55,3677,54,3969,63,3432,52,
2026-09-30,05:38:09.158,999,2041,29,2007,26,2128,30,1575,20,2276,36,1847,31,2058,32,1696,23,2143,30,2145,29,1729,26,1780,27,1480,25,1339,19,1632,26,1736,26,
2026-09-30,05:38:10.157,999,4267,60,4725,61,3833,54,3514,46,2054,32,2133,35,2630,42,2631,35,3459,48,2638,36,3581,54,3055,46,3334,54,2828,43,2762,47,3003,45,
2026-09-30,05:38:11.158,1000,2480,40,2226,33,2575,36,2751,35,1536,23,2182,34,1683,26,1820,24,2104,36,2727,35,2525,37,1677,24,2341,32,2013,28,2343,35,2283,33,
2026-09-30,05:38:12.158,999,783,11,1210,16,1171,16,1328,17,1231,19,1263,21,1075,17,1044,14,1662,23,1099,15,925,14,1401,21,743,11,1100,15,1343,21,1033,16,
2026-09-30,05:38:13.157,999,992,16,616,9,1073,15,1341,17,758,11,1217,19,895,14,1045,14,1234,20,1411,19,938,14,1152,16,716,11,928,14,817,14,797,12,
2026-09-30,05:38:14.157,999,607,9,471,6,597,8,356,4,481,7,419,7,443,7,507,7,157,2,467,6,352,5,267,4,618,9,562,8,349,7,611,9,
2026-09-30,05:38:15.158,1000,12486,174,12631,162,9920,174,9612,154,9795,145,11020,167,11541,171,13024,173,11874,167,9023,145,9724,177,10421,149,11412,174,11266,158,11604,174,11803,175,
2026-09-30,05:38:16.158,999,1497,22,1800,25,1350,20,2262,30,2024,31,1319,21,950,15,1202,16,1482,22,1548,22,1235,19,908,13,1374,21,557,7,1190,19,1094,16,
2026-09-30,05:38:17.157,999,1358,19,1948,25,1330,21,1568,23,1241,18,1629,25,1925,29,1839,24,1499,21,1243,19,1211,22,1440,20,1460,22,1247,19,1292,21,1414,21,
2026-09-30,05:38:18.158,1000,1842,26,1923,25,1190,20,1208,18,1501,22,1436,22,1334,21,1377,18,1219,17,1550,24,1769,32,1121,16,1872,28,1164,16,1843,29,1292,19,
2026-09-30,05:38:19.158,999,426,6,248,3,502,7,646,8,277,4,328,5,371,6,430,6,429,6,505,7,279,4,150,2,351,5,334,4,397,6,263,4,
2026-09-30,05:38:20.157,999,969,14,1173,15,1022,15,872,11,967,16,734,11,898,14,979,13,695,10,1511,21,793,12,1182,18,870,15,897,13,878,14,991,15,
2026-09-30,05:38:21.157,999,668,10,412,5,524,7,616,7,454,7,524,9,594,9,367,5,435,6,1120,15,345,5,372,5,871,13,772,11,297,5,418,6,
2026-09-30,05:38:22.158,1000,1312,19,1747,23,701,10,1728,23,788,12,765,12,1137,17,1863,25,1320,19,1205,18,761,13,1752,25,1017,16,1113,15,1264,19,1247,18,
2026-09-30,05:38:23.158,999,202,3,703,9,580,8,147,1,413,6,461,8,266,4,304,4,782,12,652,9,518,8,673,10,643,10,309,4,369,6,774,11,
2026-09-30,05:38:24.157,999,293,4,398,5,467,6,559,7,363,5,489,9,305,5,532,7,434,6,508,7,517,8,417,6,409,6,292,4,120,2,216,3,
2026-09-30,05:38:25.158,1000,1170,16,653,8,706,11,901,13,621,9,1130,18,812,12,905,12,860,12,1171,17,609,10,918,13,461,7,692,9,971,15,543,8,
2026-09-30,05:38:26.158,999,747,12,1323,18,1242,17,1112,14,1129,19,1050,16,1057,16,1389,18,1425,20,1473,20,1614,24,1135,18,1028,17,841,11,965,15,819,12,
2026-09-30,05:38:27.158,999,1535,22,1512,20,1519,21,1511,19,571,10,1281,20,1034,16,1506,20,1647,23,1259,17,933,14,747,11,667,11,954,13,968,15,871,13,
2026-09-30,05:38:28.157,999,218,3,465,6,438,6,186,2,396,6,608,10,582,9,503,7,355,5,565,8,476,8,470,7,208,3,192,2,300,5,320,5,
2026-09-30,05:38:29.158,1000,714,13,483,7,1285,18,667,8,825,12,1268,19,958,14,1209,16,1068,19,1188,16,872,13,985,14,947,14,805,11,952,14,1344,20,
2026-09-30,05:38:30.158,999,6005,83,6424,83,6016,104,5227,83,5714,84,4989,76,6922,103,7307,97,6097,86,5798,94,5590,103,5989,86,6066,94,5884,83,6499,98,6799,101,
2026-09-30,05:38:31.158,999,86,1,238,3,178,2,204,2,221,3,16,0,135,2,303,4,299,4,169,2,75,1,163,2,140,2,266,3,63,1,176,2,
2026-09-30,05:38:32.158,1000,675,10,1295,18,799,11,1610,22,646,10,891,14,1114,18,978,13,765,11,798,11,1551,24,802,12,843,13,1251,18,942,15,1048,16,
2026-09-30,05:38:33.158,999,277,4,732,9,376,5,268,3,133,2,284,5,384,6,343,5,146,2,153,2,343,5,137,2,504,8,167,2,170,3,312,5,
2026-09-30,05:38:34.158,999,423,6,633,8,717,10,933,12,623,9,512,10,1033,18,1033,14,499,7,658,9,725,11,630,9,375,6,739,12,777,15,752,11,
2026-09-30,05:38:35.157,999,1205,17,532,7,693,11,773,11,1262,20,1113,17,1143,17,1358,18,1265,18,1349,20,1489,25,1495,23,914,15,750,10,444,7,873,13,
2026-09-30,05:38:36.158,1000,1453,21,1615,21,1697,26,1569,22,1107,18,1614,25,1248,19,1220,16,1867,26,1620,25,1559,25,1512,24,1314,22,1396,20,1547,24,1914,29,
2026-09-30,05:38:37.158,999,11210,155,13169,168,10482,149,13033,173,10437,154,8059,161,7828,146,11762,155,11158,157,11104,149,10326,154,10661,153,10113,155,10835,170,8308,166,12808,191,
2026-09-30,05:38:38.158,999,1449,22,1485,19,1572,22,1157,15,1105,17,1019,16,695,10,1200,16,934,13,1218,18,456,7,840,12,836,13,536,7,1090,16,419,6,
2026-09-30,05:38:39.158,1000,200,3,80,1,372,5,180,2,76,1,9,0,126,2,86,1,76,1,165,2,10,0,6,0,151,2,237,3,268,4,338,5,
2026-09-30,05:38:40.158,999,222,3,628,8,165,2,623,8,209,3,466,8,344,5,548,7,298,4,870,12,372,5,292,4,389,6,239,3,125,2,154,2,
2026-09-30,05:38:41.158,999,856,13,1179,16,1284,19,1171,15,970,15,876,13,1292,19,1167,16,944,14,1026,15,1002,15,647,9,756,11,1235,17,1467,22,837,13,
2026-09-30,05:38:42.157,999,1082,15,1083,14,825,13,980,14,728,11,776,12,350,5,790,11,405,6,351,5,454,7,681,10,726,11,594,8,507,8,545,9,
2026-09-30,05:38:43.158,1000,968,14,919,12,827,11,875,9,1101,17,892,14,1132,17,1062,14,737,10,542,7,568,8,792,12,550,8,174,1,1035,16,807,12,
2026-09-30,05:38:44.158,999,223,4,473,7,525,7,677,8,600,9,390,6,902,13,621,8,519,8,765,10,936,14,1218,17,495,7,670,9,719,11,409,6,
2026-09-30,05:38:45.158,999,5525,76,4494,57,5143,90,4744,77,4290,63,4944,75,5237,78,5331,71,5262,73,5132,83,4713,87,4702,67,6032,93,5478,77,5254,78,4750,71,
2026-09-30,05:38:46.158,1000,759,11,696,10,488,7,608,8,645,11,789,12,957,15,1267,17,1274,18,1207,17,879,13,611,9,724,12,551,8,957,17,677,10,
2026-09-30,05:38:47.158,999,202,3,235,3,204,3,181,2,350,5,335,5,68,1,212,3,146,2,373,5,203,3,135,2,191,3,84,1,236,4,70,1,
2026-09-30,05:38:48.158,999,148,2,81,1,91,1,242,3,314,5,322,5,493,8,290,4,270,4,217,3,306,5,178,3,144,2,149,2,73,1,406,6,
2026-09-30,05:38:49.158,999,2686,41,2627,36,2347,34,2606,35,2317,35,1791,28,2245,35,1736,23,1962,29,2513,35,2336,35,2039,31,2614,41,2885,42,2804,44,2105,31,
2026-09-30,05:38:50.158,1000,1132,16,1374,18,1279,19,1591,22,957,15,798,13,1350,21,1146,16,1262,18,748,11,884,14,1400,20,1166,18,1397,20,1135,18,1004,15,
2026-09-30,05:38:51.158,999,150,2,153,2,208,3,249,3,243,4,6,0,123,2,227,3,441,6,11,0,266,4,349,5,198,3,290,4,97,2,197,3,
2026-09-30,05:38:52.158,999,75,1,160,2,86,1,107,1,127,2,182,3,54,1,151,2,480,7,274,4,328,5,63,1,169,3,85,1,72,1,72,1,
2026-09-30,05:38:53.159,1000,445,7,384,5,150,2,95,1,199,3,169,3,107,2,148,2,144,2,2,0,68,1,0,0,125,2,147,2,194,3,132,2,
2026-09-30,05:38:54.158,999,2,0,153,2,221,3,183,2,123,2,233,4,124,2,299,4,148,2,76,1,66,1,55,1,73,1,195,3,171,3,69,1,
2026-09-30,05:38:55.158,999,487,7,553,7,463,7,540,7,589,9,373,6,797,12,745,10,443,6,455,7,790,13,635,9,528,8,545,7,399,6,152,2,
2026-09-30,05:38:56.158,999,677,10,933,12,480,7,372,5,819,12,890,16,557,9,675,9,1122,16,913,14,434,7,755,11,707,11,592,9,636,11,809,12,
2026-09-30,05:38:57.158,1000,2326,34,2288,31,2544,37,2017,27,2111,35,1811,30,3293,52,3248,43,2317,34,3135,43,3057,46,2041,31,1745,29,2286,34,2071,35,2009,30,
2026-09-30,05:38:58.158,999,582,8,999,13,946,14,1300,17,1051,17,638,10,497,8,1192,16,1297,19,844,12,729,12,758,12,672,11,908,13,567,9,641,10,
2026-09-30,05:38:59.158,999,150,2,164,2,156,2,158,2,403,6,306,5,136,2,201,3,295,4,82,1,282,4,152,2,143,2,86,1,194,3,259,4,
2026-09-30,05:39:00.159,1000,5205,72,5272,67,4419,76,5087,80,4132,61,4183,64,5061,77,5571,74,4359,61,4507,72,4723,83,4498,64,5507,85,4978,71,4567,69,4754,71,
2026-09-30,05:39:01.158,999,145,2,82,1,279,4,170,2,380,6,6,0,1,0,78,1,143,2,67,1,271,4,216,3,197,3,131,2,265,5,342,5,
2026-09-30,05:39:02.158,999,1208,18,1513,20,858,12,1947,26,1380,24,1329,20,1783,27,1539,20,1738,25,1761,24,1888,28,1571,25,1972,33,1259,18,1199,19,1003,15,
2026-09-30,05:39:03.158,999,943,13,1321,17,1037,16,1025,14,808,12,568,9,1142,17,766,11,1131,16,735,10,810,13,1188,17,859,13,652,9,608,10,684,11,
2026-09-30,05:39:04.159,1000,444,6,560,7,620,9,693,10,712,11,368,6,938,14,755,10,728,10,1097,16,403,6,490,7,354,6,686,10,416,7,399,6,
2026-09-30,05:39:05.158,999,3417,48,3896,50,4160,64,3782,53,3526,53,3320,52,2637,40,4304,57,3349,46,3034,44,2325,38,2610,38,3059,50,3481,50,2875,45,3347,50,
2026-09-30,05:39:06.158,999,3573,50,3403,44,3147,55,3293,52,3281,49,2950,44,4126,61,3673,48,2851,40,2671,43,2513,43,2744,40,3276,50,3751,53,3716,56,2628,39,
2026-09-30,05:39:07.158,999,1076,15,1191,15,1395,20,1292,17,1609,24,830,15,789,13,1368,18,2231,31,2288,32,1793,27,1601,24,1687,28,1321,21,1218,21,1273,19,
2026-09-30,05:39:08.159,1000,631,9,987,13,649,9,404,5,521,9,1153,18,869,13,685,9,1002,14,981,14,1104,17,434,7,708,13,1230,18,772,12,443,7,
2026-09-30,05:39:09.158,999,596,8,326,4,458,7,600,8,398,6,621,10,656,10,629,9,638,9,343,5,677,11,582,8,219,3,435,6,405,6,289,4,
2026-09-30,05:39:10.158,999,439,6,401,5,380,5,600,8,201,3,426,7,218,4,310,4,235,3,363,5,303,5,567,9,376,6,443,6,257,4,273,4,
2026-09-30,05:39:11.159,1000,483,8,750,11,726,10,822,10,505,7,406,6,571,8,621,8,661,10,600,8,815,12,449,6,424,6,343,4,908,14,489,7,
2026-09-30,05:39:12.158,999,626,9,491,6,363,5,209,2,333,5,205,3,358,6,391,5,569,8,728,10,503,8,217,3,597,9,535,8,237,4,417,6,
2026-09-30,05:39:13.158,999,464,7,607,8,567,8,411,5,384,6,208,3,154,2,381,5,336,5,439,6,566,8,398,6,187,3,118,1,264,4,346,5,
2026-09-30,05:39:14.158,999,1059,15,1332,18,1419,21,1412,19,906,14,809,12,966,15,1003,14,511,7,850,12,1280,19,1398,20,1475,23,1379,19,1116,17,1120,17,
2026-09-30,05:39:15.158,1000,5386,75,4897,63,4609,80,4206,67,4575,68,4856,74,5070,76,5615,75,5231,75,5404,86,4935,88,4156,60,5642,88,5332,75,5382,81,4966,74,
2026-09-30,05:39:16.158,999,300,4,222,3,300,4,373,4,349,5,69,1,279,4,389,5,421,6,157,2,881,13,457,6,248,3,297,3,219,3,292,4,
2026-09-30,05:39:17.158,999,474,7,569,7,314,4,719,9,475,7,530,8,330,5,385,5,506,7,394,5,339,5,745,11,640,9,478,6,557,8,273,4,
2026-09-30,05:39:18.159,1000,148,2,168,2,358,5,314,4,354,5,390,6,502,8,307,4,567,8,657,10,280,5,227,3,219,3,182,2,137,2,145,2,
2026-09-30,05:39:19.158,999,76,1,8,0,278,4,173,2,604,9,134,2,161,3,235,3,64,1,208,3,302,5,210,3,214,3,545,8,142,2,72,1,
2026-09-30,05:39:20.158,999,105574,1458,116181,1473,107809,1517,119368,1571,106987,1548,81916,1546,84082,1522,111849,1490,109481,1518,115060,1536,105541,1556,111031,1558,100376,1514,91049,1511,79124,1509,98481,1466,
2026-09-30,05:39:21.159,1000,45078,635,49725,646,46582,681,48255,656,45196,664,38146,676,40100,690,53146,711,45047,640,48854,678,42954,658,43304,612,40094,609,41978,669,33067,595,40319,607,
2026-09-30,05:39:22.159,999,11410,166,11981,161,11394,172,10810,149,9185,139,9473,151,10057,156,10240,139,10136,146,10577,151,9095,147,9017,130,8803,139,9735,143,9536,147,9243,141,
2026-09-30,05:39:23.158,999,1648,23,1888,24,1644,23,1812,24,1638,24,1667,29,1556,27,1535,21,1168,16,1437,20,1623,24,1593,23,1447,22,1685,26,1468,27,1078,16,
2026-09-30,05:39:24.158,999,2024,29,1738,23,2206,32,2151,29,2713,42,2047,34,2031,32,2764,37,2311,33,2624,36,2089,33,1982,29,1497,24,1319,20,1654,28,2289,35,
2026-09-30,05:39:25.159,1000,12822,180,15153,197,11924,192,11808,181,12591,189,13057,209,11096,176,15463,205,13561,195,12115,184,11724,197,13203,190,12132,189,13785,204,11305,180,12200,182,
2026-09-30,05:39:26.159,999,4050,61,2897,39,2977,43,3212,43,3160,50,2778,45,2882,44,3999,53,3566,52,2885,40,2430,37,3306,49,3193,52,3792,55,2417,39,3027,46,
2026-09-30,05:39:27.158,999,2727,41,4085,55,3709,54,3653,50,3694,55,3135,51,2116,33,2116,28,2126,34,3369,46,3452,52,2757,40,2826,44,3332,48,2785,46,2669,40,
2026-09-30,05:39:28.159,1000,2953,42,2320,30,2161,32,2919,41,2148,33,2166,35,2385,37,2929,39,3098,44,2123,31,2718,44,2471,35,2079,31,2710,40,2598,43,2375,36,
2026-09-30,05:39:29.159,999,421,6,1175,15,1120,16,1521,20,1652,25,863,15,748,13,1426,19,1111,17,659,9,775,12,1487,23,798,13,1102,17,921,15,1054,16,
2026-09-30,05:39:30.158,999,13049,178,14462,182,11936,207,11729,187,12008,175,11750,177,12294,183,15486,204,13418,186,11729,185,10403,189,12749,180,12395,188,12957,184,12899,192,14067,208,
2026-09-30,05:39:31.158,999,626,9,454,6,411,6,248,3,833,12,884,15,640,11,744,10,424,6,993,14,1029,16,506,7,548,8,453,7,645,10,654,10,
2026-09-30,05:39:32.159,1000,715,10,1085,14,907,13,998,13,1057,16,718,13,701,12,445,6,835,12,1107,16,727,11,935,13,660,10,311,5,406,7,528,8,
2026-09-30,05:39:33.159,999,1250,18,864,11,1133,16,1220,16,1263,19,1043,17,663,11,849,11,835,12,1262,18,978,16,1197,17,927,14,1633,24,1198,19,1011,15,
2026-09-30,05:39:34.158,999,338,5,467,6,697,11,472,6,275,4,435,8,444,7,447,6,502,7,499,7,252,4,291,4,276,4,353,5,194,3,258,4,
2026-09-30,05:39:35.159,1000,3253,46,3966,51,3347,52,3542,52,2642,40,2913,44,3506,52,3652,51,3517,51,3481,52,3521,56,4141,59,3155,49,4367,62,2516,38,3476,53,
2026-09-30,05:39:36.159,999,2200,31,2057,27,1645,23,1280,17,1582,26,1313,23,1493,24,1288,17,1784,25,1179,16,1642,25,1606,25,946,15,1193,17,1310,21,1749,26,
2026-09-30,05:39:37.159,999,684,10,974,13,1251,17,797,10,1030,15,1064,17,854,14,1069,14,959,15,667,9,845,12,1009,15,1289,20,928,13,947,15,820,12,
2026-09-30,05:39:38.158,999,2488,35,2268,30,1735,25,2628,35,2140,36,2386,36,2082,32,2298,30,2137,30,1965,28,1652,26,2136,35,1444,25,2556,37,2172,34,2589,39,
2026-09-30,05:39:39.159,1000,2972,43,2671,34,2651,41,2525,34,2413,37,2283,36,1496,24,2365,31,3186,44,2315,34,1863,32,2054,29,2602,39,2375,35,2819,45,1830,27,
2026-09-30,05:39:40.159,999,1207,18,1665,22,1338,19,1482,19,1109,16,1068,19,719,12,1264,17,1444,21,1817,25,1734,27,1477,21,1413,21,1206,17,1546,26,1422,21,
2026-09-30,05:39:41.158,999,1593,26,1086,16,1737,25,2220,30,1321,19,1640,25,1394,21,2200,29,1422,23,1700,24,1495,23,1765,25,1958,29,1849,26,1690,25,947,14,
2026-09-30,05:39:42.158,999,1467,21,901,12,734,12,1182,16,893,13,814,13,910,14,776,10,641,9,1119,17,1181,20,348,5,1308,19,1362,19,1202,20,1155,17,
2026-09-30,05:39:43.159,1000,538,9,476,7,496,7,573,7,483,7,976,16,805,13,528,7,658,11,608,8,275,4,758,11,540,8,461,6,532,8,465,7,
2026-09-30,05:39:44.159,999,624,10,509,7,745,10,679,8,399,6,732,11,666,10,550,7,208,3,385,5,659,10,742,10,384,6,576,8,526,8,490,7,
2026-09-30,05:39:45.158,999,7231,101,6750,87,6363,111,6672,106,7031,103,7018,108,6150,92,9241,123,8116,115,6683,108,6899,124,7501,107,7085,108,6372,89,7381,111,7079,105,
2026-09-30,05:39:46.159,1000,1008,16,1238,17,675,9,809,10,765,12,1130,17,764,12,619,8,829,12,1190,16,912,13,659,10,273,4,644,9,592,9,461,7,
2026-09-30,05:39:47.159,999,1195,18,1080,15,963,14,1108,14,821,12,803,13,586,9,838,11,440,7,366,5,745,11,1070,15,715,11,562,8,376,6,885,13,
2026-09-30,05:39:48.158,999,681,10,599,8,841,12,718,10,490,7,613,11,978,15,568,7,368,5,673,10,1013,16,481,7,628,9,375,5,656,11,742,11,
2026-09-30,05:39:49.159,1000,193,3,161,2,299,4,173,2,74,1,102,2,265,5,79,1,362,5,6,0,130,2,153,2,136,2,225,3,56,1,53,1,
2026-09-30,05:39:50.159,999,661,9,234,3,631,9,888,11,868,13,315,5,654,11,614,8,842,12,593,8,661,10,364,5,688,10,580,8,476,8,485,7,
2026-09-30,05:39:51.159,999,75,1,380,5,10,0,244,3,202,3,182,3,241,4,229,3,128,2,153,2,50,1,675,10,328,5,157,2,1,0,274,4,
2026-09-30,05:39:52.159,1000,1188,21,1205,19,1249,18,1909,25,1171,17,1563,24,1350,20,1585,21,1657,28,2137,29,1415,21,1482,21,1697,26,2236,32,1622,25,1989,30,
2026-09-30,05:39:53.159,999,213,3,401,5,281,4,382,5,318,5,464,8,186,3,681,9,127,2,356,5,246,4,464,7,830,14,481,7,201,4,474,7,
2026-09-30,05:39:54.159,999,410,6,525,7,463,7,460,6,618,9,370,6,543,8,374,5,713,10,403,6,62,1,222,3,544,8,408,6,460,8,260,4,
2026-09-30,05:39:55.158,999,1173,17,926,12,738,12,1261,19,1133,17,914,14,1287,19,1751,24,787,11,1036,16,825,14,1183,17,1069,16,1128,16,537,8,967,15,
2026-09-30,05:39:56.159,1000,787,11,542,7,579,8,611,8,267,4,570,9,383,6,738,10,350,5,508,7,563,8,275,4,346,5,451,6,802,13,336,5,
2026-09-30,05:39:57.159,999,281,4,297,4,76,1,314,4,587,9,232,4,191,3,286,4,497,7,417,6,186,3,272,4,141,2,13,0,308,5,134,2,
2026-09-30,05:39:58.158,999,305,5,360,5,419,6,779,10,550,8,787,12,865,13,892,12,864,15,287,4,526,8,542,8,719,11,502,7,618,9,668,10,
2026-09-30,05:39:59.159,1000,544,8,443,6,493,7,161,2,421,6,467,7,257,4,225,3,199,3,565,8,385,6,420,6,338,5,501,7,922,14,474,7,
2026-09-30,05:40:00.159,999,4591,64,4315,55,4084,71,4233,67,4078,60,3935,61,4677,70,5582,74,4810,68,4892,78,4335,78,5393,77,4929,76,5015,71,4818,73,4001,60,
2026-09-30,05:40:01.159,999,805,11,671,9,571,8,924,12,864,13,575,9,671,10,964,13,867,12,924,13,1030,16,1009,14,959,14,1160,16,631,10,520,8,
2026-09-30,05:40:02.159,1000,1544,23,1348,19,1206,17,1449,19,803,14,960,15,1272,19,1654,22,1415,21,1722,24,1328,20,1818,29,1180,20,1476,21,1187,18,1574,24,
2026-09-30,05:40:03.159,999,546,8,516,7,730,10,791,10,735,11,592,9,541,8,528,8,354,5,768,10,529,7,431,6,267,4,520,7,140,2,145,2,
2026-09-30,05:40:04.159,999,576,8,230,3,654,9,487,6,270,5,137,2,144,2,593,8,160,2,373,5,545,8,367,6,431,8,617,9,321,5,521,8,
2026-09-30,05:40:05.159,999,4907,68,4699,60,3911,65,5223,78,3959,58,4122,62,4482,67,4517,64,4347,61,4768,70,4385,73,5125,74,4036,62,4013,56,4269,65,4102,67,
2026-09-30,05:40:06.159,1000,1544,23,2074,27,1553,22,987,13,1684,26,1289,22,1547,24,1850,24,2107,31,2328,31,1824,27,1589,23,1001,16,826,13,974,16,1090,16,
2026-09-30,05:40:07.159,999,1663,24,1718,22,1401,21,1882,26,1441,22,1381,21,1474,22,1786,25,1525,21,1716,25,1183,19,1083,15,1567,24,1463,20,1467,23,1078,17,
2026-09-30,05:40:08.159,999,973,15,1574,21,1089,15,1390,19,1162,18,1251,20,1688,25,1572,21,819,13,1381,19,1026,16,1559,24,826,13,1111,16,1112,17,1048,16,
2026-09-30,05:40:09.159,1000,585,8,307,4,478,7,325,5,617,9,651,10,770,12,827,11,825,12,680,11,619,11,478,7,331,5,81,1,458,7,414,6,
2026-09-30,05:40:10.159,999,255,4,87,1,408,6,170,2,468,7,438,7,206,3,536,7,708,10,378,6,404,7,201,3,334,5,473,7,230,4,411,6,
2026-09-30,05:40:11.159,999,1310,22,778,11,913,13,1404,19,760,12,846,13,1262,19,1234,17,1061,16,1260,17,682,10,777,12,969,16,934,13,1253,19,1496,22,
2026-09-30,05:40:12.159,999,146,2,254,3,76,1,336,4,475,7,253,4,265,4,0,0,345,6,156,2,456,7,284,4,138,2,226,3,173,3,214,3,
2026-09-30,05:40:13.159,1000,1045,17,1537,23,1827,27,1643,22,989,15,1398,21,1261,19,1338,18,896,15,1006,14,1783,27,1882,27,1236,19,1584,22,1310,20,1478,22,
2026-09-30,05:40:14.159,999,1736,31,1913,28,2320,33,1903,25,1398,21,2303,36,2107,32,2246,30,1857,31,1877,26,1972,30,1507,22,1861,29,1808,26,1858,28,2137,32,
2026-09-30,05:40:15.159,999,6811,95,6270,80,5096,90,5761,92,5075,75,5414,82,6017,90,6975,93,6300,89,6584,106,5303,96,6225,89,5598,86,6444,92,6941,104,6120,92,
2026-09-30,05:40:16.160,1000,424,7,385,6,695,10,530,7,441,7,328,6,72,1,456,6,539,8,515,7,633,10,403,6,519,8,414,6,701,11,407,6,
2026-09-30,05:40:17.159,999,1043,15,1383,18,1125,16,1116,15,1112,16,729,13,766,12,880,13,981,14,734,10,996,15,1175,17,1186,18,1028,15,806,14,808,12,
2026-09-30,05:40:18.159,999,2042,34,2570,37,2643,38,2235,30,2308,34,1582,24,2284,35,2218,30,1839,31,2437,34,2414,37,2413,35,1744,27,1753,25,2024,30,1731,26,
2026-09-30,05:40:19.159,999,465,7,663,9,288,4,821,11,711,11,396,7,680,11,442,6,211,3,585,8,604,9,860,13,389,6,504,8,396,7,407,6,
2026-09-30,05:40:20.160,1000,612,11,644,10,867,12,689,9,612,9,700,11,556,9,683,9,780,13,871,12,807,12,1272,18,1046,16,901,13,709,11,667,10,
2026-09-30,05:40:21.159,999,330,5,288,4,575,8,790,10,529,8,300,5,490,8,230,3,376,6,588,8,681,10,637,9,388,6,210,3,336,6,212,3,
2026-09-30,05:40:22.159,999,1003,14,1079,14,1382,21,942,14,1077,17,1269,19,775,12,1443,19,1127,16,1020,14,744,12,1116,17,1139,18,1240,18,1214,19,1190,18,
2026-09-30,05:40:23.159,999,982,15,707,9,500,7,928,12,1103,16,844,13,622,9,778,11,621,9,754,10,1040,15,935,13,869,13,435,6,532,8,561,9,
2026-09-30,05:40:24.159,1000,226,3,300,4,215,3,151,2,467,7,232,4,345,6,380,5,498,7,138,2,353,5,570,8,134,2,282,4,487,8,135,2,
2026-09-30,05:40:25.159,999,582,8,631,8,1001,16,1300,19,691,10,364,6,696,11,814,11,1011,14,1081,16,953,16,580,8,404,6,793,11,190,3,383,6,
2026-09-30,05:40:26.159,999,401,6,504,7,986,15,876,12,886,13,555,9,797,12,885,12,1149,16,730,11,524,8,492,7,823,13,827,12,663,10,515,8,
2026-09-30,05:40:27.160,1000,212,3,6,0,204,3,173,2,465,7,337,5,174,3,446,6,274,4,2,0,204,3,263,4,214,3,20,0,100,2,74,1,
2026-09-30,05:40:28.159,999,458,7,348,5,288,4,263,3,548,8,501,8,546,8,765,10,353,5,650,9,582,9,211,3,202,3,283,4,327,6,599,9,
2026-09-30,05:40:29.159,999,489,7,465,6,144,2,744,10,696,10,132,2,405,7,586,8,578,8,670,9,747,12,810,12,223,3,97,1,203,3,354,5,
2026-09-30,05:40:30.160,1000,4563,63,3509,45,3092,55,3628,60,3632,54,4021,61,4340,65,5247,70,3430,48,4983,80,3606,67,4450,63,4046,62,3887,55,3801,57,3894,58,
2026-09-30,05:40:31.159,999,133,2,315,4,263,4,156,2,469,7,387,6,341,5,302,4,148,2,286,4,396,7,577,8,400,6,84,1,251,4,269,4,
2026-09-30,05:40:32.159,999,74,1,245,3,410,6,167,2,59,1,72,1,558,9,305,4,154,2,292,4,337,5,204,3,337,6,79,1,370,6,349,5,
2026-09-30,05:40:33.159,999,51,1,274,4,497,7,95,1,330,5,301,5,308,5,231,3,360,6,222,3,214,3,149,2,193,3,288,4,493,8,201,3,
2026-09-30,05:40:34.160,1000,252,4,6,0,279,4,171,2,270,4,70,1,207,3,79,1,514,7,144,2,260,4,298,4,270,4,224,3,234,4,78,1,
2026-09-30,05:40:35.159,999,1313,20,1477,20,1700,26,1549,21,1658,25,1693,26,1671,25,2315,31,1540,25,1995,28,1577,25,2304,33,1441,22,1549,21,1401,22,1579,23,
2026-09-30,05:40:36.159,999,310,5,325,5,327,5,541,7,482,8,69,1,190,3,447,6,300,4,221,3,461,7,141,2,126,2,354,5,206,3,272,4,
2026-09-30,05:40:37.160,1000,293,4,231,3,257,4,84,1,268,4,207,3,55,1,154,2,136,2,86,1,76,1,351,5,408,6,153,2,250,4,200,3,
2026-09-30,05:40:38.160,999,11754,169,14166,184,10669,152,13276,176,11864,178,9236,177,9016,165,12768,169,11918,171,13115,177,11999,179,12179,175,11188,171,10733,181,10185,195,14147,211,
2026-09-30,05:40:39.159,999,3,0,442,6,422,6,435,6,610,9,337,5,125,2,230,3,426,6,303,4,511,8,347,5,406,6,216,3,189,3,413,6,
2026-09-30,05:40:40.159,999,1958,28,1679,22,1344,20,1869,27,1232,18,1306,20,1118,18,2046,28,1077,16,1063,16,1187,19,1284,18,1329,20,1664,24,1631,26,923,15,
2026-09-30,05:40:41.160,1000,798,13,1458,20,1187,17,1233,16,592,9,761,12,601,9,827,11,632,11,424,6,800,12,489,7,1295,20,991,14,1431,22,874,13,
2026-09-30,05:40:42.159,999,439,6,373,5,428,6,297,4,371,6,471,8,500,8,592,8,593,8,374,5,129,2,276,4,199,3,467,7,298,5,262,4,
2026-09-30,05:40:43.159,999,281,4,160,2,208,3,97,1,486,7,384,6,305,5,151,2,535,8,444,6,143,2,910,13,65,1,206,3,260,4,331,5,
2026-09-30,05:40:44.160,1000,396,6,288,4,357,5,615,8,272,4,502,8,409,6,411,6,139,2,146,2,268,4,408,6,262,4,403,6,323,5,196,3,
2026-09-30,05:40:45.160,999,5811,80,4292,55,4281,76,4255,70,3939,58,5035,76,4952,74,6140,81,4971,70,5094,83,4009,73,5308,76,5673,87,4719,67,4818,72,4690,70,
2026-09-30,05:40:46.159,999,464,7,756,10,358,5,730,9,471,7,588,9,409,6,665,9,747,11,487,7,391,6,996,15,456,7,802,12,328,5,311,5,
2026-09-30,05:40:47.159,999,871,12,788,10,1249,18,742,10,1230,20,892,14,608,9,1111,15,562,8,894,12,1241,19,733,12,501,8,294,4,775,12,554,8,
2026-09-30,05:40:48.160,1000,628,9,619,8,602,9,833,11,832,14,1112,17,913,14,760,10,710,10,776,11,852,13,363,6,733,13,956,14,998,15,1004,15,
2026-09-30,05:40:49.159,999,687,10,705,9,394,6,475,7,692,10,856,13,679,10,833,11,588,8,528,8,491,9,891,13,981,15,737,11,1089,17,733,11,
2026-09-30,05:40:50.159,999,933,13,851,11,1012,15,585,8,786,13,878,14,583,9,825,11,1202,17,945,13,757,12,1147,18,670,11,830,12,664,11,598,9,
2026-09-30,05:40:51.160,1000,290,4,160,2,138,2,271,3,203,3,270,4,273,4,307,4,229,3,81,1,337,5,431,6,267,4,72,1,201,3,141,2,
2026-09-30,05:40:52.160,999,151,2,156,2,131,2,102,1,60,1,200,3,134,2,63,1,138,2,197,3,333,5,221,3,208,3,235,3,233,4,200,3,
2026-09-30,05:40:53.159,999,685,11,735,10,994,14,772,10,744,11,455,7,716,11,842,11,690,11,793,11,525,8,610,9,543,8,439,6,336,5,417,7,
2026-09-30,05:40:54.159,999,214,3,467,6,120,2,445,7,585,9,441,7,175,3,527,7,479,7,572,8,486,8,728,11,275,4,279,4,476,8,530,8,
2026-09-30,05:40:55.160,1000,635,10,782,11,458,7,342,5,709,11,915,14,639,10,901,12,580,9,753,11,324,5,784,11,277,4,814,12,654,10,681,10,
2026-09-30,05:40:56.160,999,38518,537,41915,542,33065,525,38527,561,31959,510,33932,502,36730,539,41209,549,40101,557,35579,532,34813,575,36070,541,33305,544,36434,519,35392,532,35329,539,
2026-09-30,05:40:57.159,999,2176,35,2614,38,2564,37,2376,31,2117,32,2584,40,2056,31,3109,41,1823,29,1959,27,1399,21,1883,27,1886,29,2046,29,1451,22,1581,24,
2026-09-30,05:40:58.160,1000,604,9,918,13,696,10,704,9,1362,21,1004,16,725,11,774,11,994,15,1432,20,1797,27,1300,19,1050,16,1544,22,1090,17,996,16,
2026-09-30,05:40:59.160,999,760,11,655,9,710,10,608,8,266,4,317,5,608,9,453,6,562,8,369,5,679,10,933,14,123,2,413,6,638,10,271,4,
2026-09-30,05:41:00.159,999,7376,101,5730,73,5116,89,4415,71,4738,69,4655,72,5744,88,6628,88,5443,77,4921,79,4935,90,5124,73,6128,94,4529,64,5258,79,5700,85,
2026-09-30,05:41:01.159,999,57,1,84,1,504,7,545,7,407,6,301,5,266,5,377,5,420,6,513,7,217,3,640,9,272,4,146,2,286,5,345,5,
2026-09-30,05:41:02.160,1000,925,13,1336,17,1947,27,1689,22,1275,21,1923,30,1483,23,1564,21,1268,18,1029,14,1455,22,977,16,1179,20,953,14,1346,22,1366,21,
2026-09-30,05:41:03.160,999,93702,1285,104801,1328,93190,1315,100338,1321,96228,1407,71242,1337,74223,1340,100865,1341,95117,1311,99772,1334,88764,1306,97233,1365,89399,1346,80141,1329,72006,1364,86830,1287,
2026-09-30,05:41:04.159,999,44329,620,48528,627,40871,596,46874,636,43756,641,35062,623,35981,626,45642,610,43446,614,44366,615,42644,650,43228,614,37786,577,36900,598,30287,554,39151,585,
2026-09-30,05:41:05.160,1000,15122,212,16803,218,14787,237,15624,237,15591,233,14376,227,13637,213,17869,238,15536,222,14831,227,12751,217,14233,204,12524,197,14100,209,12030,193,13242,200,
2026-09-30,05:41:06.160,999,5008,74,5162,69,4873,75,4834,69,4905,73,4949,81,3607,58,5878,79,5049,73,4838,71,4108,67,6089,87,5024,77,4722,72,3688,61,4568,70,
2026-09-30,05:41:07.160,999,1364,21,1634,22,1615,25,1609,23,2379,35,1702,27,1386,22,2109,28,2248,35,1893,26,2285,35,2141,31,1699,28,2399,35,1737,28,2263,34,
2026-09-30,05:41:08.159,999,8251,120,10737,143,8725,130,9106,125,7672,119,8906,140,8270,128,8583,114,8813,129,9014,127,7532,119,7868,118,7189,112,8009,117,8236,130,6805,103,
2026-09-30,05:41:09.160,1000,2536,40,2186,31,2478,37,2253,30,2230,33,2037,32,1689,26,2335,31,1200,19,1785,25,1579,24,1235,17,1683,26,1919,29,2231,36,1647,25,
2026-09-30,05:41:10.160,999,2625,38,2257,30,2327,33,1659,22,1868,31,2227,37,1979,30,1676,22,3162,46,2363,32,1863,28,2526,39,1642,27,1643,25,1243,21,1451,22,
2026-09-30,05:41:11.159,999,1520,25,1829,27,1844,26,2239,29,1087,16,1487,24,1377,22,1441,19,1635,27,1875,25,1506,22,1176,17,1453,22,1349,19,1897,30,1744,26,
2026-09-30,05:41:12.160,1000,681,10,1114,15,570,8,1044,14,350,5,905,15,654,11,1155,16,1136,16,424,6,1077,17,1526,22,592,9,842,13,698,12,838,13,
2026-09-30,05:41:13.160,999,3543,51,3395,44,2315,36,3226,48,2227,34,2107,34,2812,44,2689,36,2124,31,2214,33,2681,45,2883,42,2574,40,2605,38,3047,49,3142,47,
2026-09-30,05:41:14.160,999,448,7,704,10,931,13,741,10,615,9,596,10,771,13,594,8,865,14,383,5,724,11,901,13,606,9,646,9,569,10,750,11,
2026-09-30,05:41:15.160,1000,15073,208,14304,183,12588,219,12261,197,14054,205,12383,187,11910,178,14756,195,14739,208,13621,217,11462,206,13923,197,12833,195,14782,207,13739,204,14893,220,
2026-09-30,05:41:16.160,999,1034,15,1052,14,1142,16,1435,19,1528,25,870,14,1932,31,1152,16,1659,23,1897,26,1332,20,1337,21,1119,18,673,10,1242,21,1134,17,
2026-09-30,05:41:17.160,999,641,9,770,10,651,9,1000,13,364,6,352,6,393,6,894,12,755,11,580,8,737,11,950,14,498,8,665,10,239,4,773,12,
2026-09-30,05:41:18.159,999,932,13,744,10,554,8,1221,16,981,16,1002,16,725,11,817,11,1210,17,783,11,853,13,1381,21,776,13,424,6,418,7,740,11,
2026-09-30,05:41:19.160,1000,1312,19,2393,32,1224,18,1547,22,1503,22,1225,21,773,13,1443,20,1747,25,1477,20,1058,16,2248,32,904,14,868,13,1158,21,1124,18,
2026-09-30,05:41:20.160,999,1278,18,1698,22,1650,23,1292,17,926,15,523,10,551,9,527,7,1289,18,808,11,611,9,886,13,969,16,814,13,771,13,728,11,
2026-09-30,05:41:21.160,999,146,2,2,0,69,1,219,3,252,4,203,3,109,2,451,6,81,1,228,3,188,3,363,5,80,1,195,3,75,1,208,3,
2026-09-30,05:41:22.160,1000,1113,17,708,10,569,8,672,9,504,8,184,3,445,7,437,6,744,11,448,6,670,10,535,8,474,7,706,10,607,10,718,11,
2026-09-30,05:41:23.160,999,214,3,299,4,139,2,176,2,266,4,182,3,108,2,374,5,579,8,674,9,414,6,322,5,245,4,468,7,286,5,273,4,
2026-09-30,05:41:24.160,999,147,2,233,3,8,0,88,1,141,2,119,2,248,4,149,2,220,3,213,3,144,2,123,2,120,2,65,1,120,2,140,2,
2026-09-30,05:41:25.160,999,2042,29,1951,25,1729,26,2205,30,1849,27,1581,26,1658,26,2414,33,1403,20,1957,29,1586,25,2001,30,1473,23,2323,33,2335,37,1831,29,
2026-09-30,05:41:26.160,1000,496,7,564,8,491,7,519,7,267,4,368,6,362,6,695,9,820,12,794,11,259,4,281,4,520,8,410,6,376,7,277,4,
2026-09-30,05:41:27.160,999,345,5,157,2,213,3,238,3,203,3,334,5,192,3,223,3,73,1,372,5,184,3,326,5,265,4,201,3,51,1,337,5,
2026-09-30,05:41:28.160,999,1040,15,750,10,964,14,1062,15,800,12,700,11,863,13,932,13,1081,16,1379,20,789,13,623,9,725,11,1075,15,667,10,730,11,
2026-09-30,05:41:29.160,1000,160,2,400,5,74,1,84,1,214,3,51,1,106,2,510,7,221,3,3,0,72,1,148,2,216,4,12,0,289,5,144,2,
2026-09-30,05:41:30.160,999,6404,89,6270,80,5039,87,5173,84,4036,60,5028,76,4738,71,6009,80,5356,75,4908,80,4843,87,5194,74,5452,84,4987,70,5926,89,5613,84,
2026-09-30,05:41:31.160,999,143,2,10,0,357,5,97,1,281,4,52,1,190,3,287,4,471,7,380,5,273,4,286,4,68,1,422,6,71,1,142,2,
2026-09-30,05:41:32.160,999,1268,18,1300,17,1364,21,1742,25,1335,20,751,12,972,16,1391,20,1555,22,1514,22,1265,20,1486,21,1300,20,1553,24,1176,20,1188,20,
2026-09-30,05:41:33.160,1000,930,13,1161,15,891,13,1130,15,612,10,592,9,1034,16,685,9,430,6,366,5,800,12,359,6,611,11,531,8,1009,16,706,11,
2026-09-30,05:41:34.160,999,585,8,908,12,1615,23,1342,18,733,13,1337,20,712,11,1137,15,1295,19,636,9,706,11,1275,20,834,14,1101,16,824,13,937,14,
2026-09-30,05:41:35.160,999,3566,51,4271,56,3594,53,3539,48,2706,45,3239,51,2992,45,3897,52,3705,53,4407,63,4358,70,2960,46,2746,48,3471,49,3197,48,2635,40,
2026-09-30,05:41:36.161,1000,633,9,1084,14,1278,19,1129,15,664,10,551,10,611,11,455,6,1367,20,1753,24,1709,26,1098,16,879,13,1176,18,1078,19,947,14,
2026-09-30,05:41:37.160,999,153,2,393,5,124,2,314,4,261,4,251,4,119,2,313,4,259,4,225,3,275,4,356,5,126,2,219,3,166,3,65,1,
2026-09-30,05:41:38.160,999,9148,127,11918,152,10203,142,10876,142,6935,131,9180,135,10035,147,11250,147,10171,140,9424,129,8881,132,7750,133,6899,130,8971,128,10314,156,10650,159,
2026-09-30,05:41:39.160,999,223,3,235,3,215,3,542,7,336,5,190,3,2,0,303,4,427,6,656,9,468,7,746,11,131,2,210,3,154,2,385,6,
2026-09-30,05:41:40.160,1000,1198,18,1404,19,1344,19,1432,19,798,13,1144,19,1120,17,1427,19,1150,17,1461,20,676,10,1267,19,1284,23,1513,22,1050,16,1220,18,
2026-09-30,05:41:41.160,999,502,8,604,8,550,8,603,8,794,12,439,7,529,8,677,9,821,13,378,5,798,12,791,11,407,6,155,2,788,13,342,5,
2026-09-30,05:41:42.160,999,724,12,911,14,777,11,684,9,635,9,613,10,557,9,822,11,532,9,429,6,395,6,207,3,792,12,331,5,665,10,407,6,
2026-09-30,05:41:43.161,1000,658,10,809,11,569,8,621,8,901,14,385,6,740,11,918,12,726,11,1233,17,809,12,1032,15,753,12,961,14,924,15,808,12,
2026-09-30,05:41:44.160,999,1453,23,1370,19,1495,21,1957,26,1549,23,1521,26,1737,28,1440,19,1172,17,1477,20,1521,23,1621,24,886,14,1110,17,1528,27,1475,22,
2026-09-30,05:41:45.160,999,6732,94,6895,89,6543,112,6520,102,5824,87,6683,102,6193,94,7151,95,6506,93,6760,106,6236,111,6422,92,7316,114,7144,102,7037,107,7565,113,
2026-09-30,05:41:46.160,999,180,3,988,13,502,7,760,10,130,2,214,4,209,4,224,3,362,5,652,9,325,5,494,7,397,6,456,7,576,10,598,9,
2026-09-30,05:41:47.161,1000,3985,57,3423,45,3263,56,3798,60,2244,33,2726,41,2774,41,3054,40,2741,39,2711,42,2558,44,3442,48,3265,49,3580,51,2950,45,3382,51,
2026-09-30,05:41:48.160,999,71,1,165,2,208,3,143,2,338,5,249,4,188,3,455,6,340,5,342,5,383,6,272,4,267,4,209,3,239,4,334,5,
2026-09-30,05:41:49.160,999,341,5,669,9,408,6,571,8,761,11,535,9,774,12,750,10,516,8,841,12,644,10,764,11,447,7,351,5,437,7,589,9,
2026-09-30,05:41:50.161,1000,162,3,368,5,3,0,158,2,273,4,73,1,188,3,304,4,54,1,80,1,3,0,66,1,186,3,133,2,4,0,338,5,
2026-09-30,05:41:51.160,999,430,6,401,5,798,11,604,8,411,7,270,4,321,5,301,4,516,7,285,4,325,5,673,11,259,5,562,8,205,3,411,6,
2026-09-30,05:41:52.160,999,1432,23,1399,19,1133,16,1163,15,502,7,640,10,1176,18,947,13,1177,18,1216,17,1393,21,913,13,1243,19,1213,17,1057,17,1394,21,
2026-09-30,05:41:53.160,999,950,13,1400,18,1057,15,601,8,584,10,715,11,861,13,762,10,694,10,758,10,859,13,957,15,648,12,561,8,1104,17,722,11,
2026-09-30,05:41:54.161,1000,715,10,476,7,557,8,510,7,449,7,668,11,525,8,389,5,718,10,1016,14,589,9,646,10,954,16,497,7,435,7,511,8,
2026-09-30,05:41:55.160,999,1685,24,1607,21,1519,24,973,15,769,12,1210,19,1327,20,1560,21,1580,23,1050,16,1507,25,1719,25,920,14,991,14,850,13,807,12,
2026-09-30,05:41:56.160,999,658,10,993,13,940,13,529,7,1206,18,944,17,762,13,1059,14,1190,17,1502,21,1095,17,1085,16,402,6,552,9,437,7,634,10,
2026-09-30,05:41:57.161,1000,283,4,380,5,284,4,459,6,312,5,368,6,356,6,302,4,70,1,75,1,68,1,492,7,124,2,129,2,227,4,131,2,
2026-09-30,05:41:58.160,999,1846,27,1758,23,1518,22,2014,29,1839,28,1329,20,2012,30,2868,38,2253,34,1519,22,2107,33,2155,31,1489,23,1475,21,1688,27,1345,20,
2026-09-30,05:41:59.160,999,231,4,130,2,363,5,686,9,329,5,318,5,260,4,307,4,146,2,374,5,342,5,614,9,408,6,421,6,246,4,333,5,
2026-09-30,05:42:00.161,1000,431,6,250,3,290,4,667,9,330,5,167,3,122,2,456,6,425,6,214,3,207,3,270,4,453,7,543,9,199,3,136,2,
2026-09-30,05:42:01.162,1000,5763,79,3893,50,4159,74,3881,63,3779,56,4486,68,4791,72,4808,64,4764,67,4131,67,4096,75,4366,62,4531,70,4242,60,5181,78,5237,78,
2026-09-30,05:42:02.161,999,3509,50,5602,73,3652,55,4159,58,3269,53,3993,61,4091,64,4403,59,4029,57,4053,58,3725,58,3929,60,3644,60,4258,62,3727,58,3713,57,
2026-09-30,05:42:03.161,999,1019,14,1020,13,1016,14,887,11,1023,15,1020,15,937,15,824,12,1142,16,913,12,1055,15,779,11,859,13,1022,14,448,7,266,4,
2026-09-30,05:42:04.162,1000,783,11,1172,15,795,11,780,10,290,5,549,9,502,8,598,8,662,9,576,8,407,6,693,11,838,15,597,9,954,15,886,13,
2026-09-30,05:42:05.162,999,5481,77,6384,82,4850,81,4588,71,3400,51,4311,65,5498,85,6975,93,4869,68,4926,76,3674,64,5167,75,4377,70,5291,76,4553,71,5275,79,
2026-09-30,05:42:06.161,999,434,7,957,14,899,13,1284,17,998,15,571,9,610,10,1010,14,1319,20,1178,16,792,12,276,4,848,14,1022,16,1105,18,875,13,
2026-09-30,05:42:07.162,1000,1987,28,1780,23,1603,25,1430,21,1758,29,1078,17,1719,26,2074,27,1371,19,2005,28,1591,24,1658,25,1367,22,1497,22,1031,16,873,13,
2026-09-30,05:42:08.162,999,855,12,848,11,286,4,772,10,872,14,885,14,433,7,1440,19,1143,16,897,13,947,15,977,15,781,13,834,12,566,9,734,11,
2026-09-30,05:42:09.162,999,1651,23,1451,19,1311,21,1812,25,920,14,710,11,1655,25,1745,24,1001,14,1077,16,924,15,1322,19,923,14,1809,25,1077,17,576,9,
2026-09-30,05:42:10.161,999,676,10,1514,20,786,11,1278,17,764,12,800,14,739,12,689,9,783,12,1314,18,746,11,841,12,1201,18,997,16,1086,19,1235,19,
2026-09-30,05:42:11.162,1000,160,2,712,9,261,4,443,6,405,6,6,0,260,4,212,3,575,8,3,0,334,5,208,3,306,5,213,3,381,7,325,5,
2026-09-30,05:42:12.162,999,712,12,494,8,357,5,591,8,554,8,623,10,574,9,827,11,435,7,727,10,609,9,424,6,656,10,377,5,748,12,545,8,
2026-09-30,05:42:13.161,999,478,7,384,5,414,6,826,11,418,6,348,6,139,2,359,5,214,3,217,3,539,8,608,9,384,6,203,3,535,9,386,6,
2026-09-30,05:42:14.161,999,457,8,483,7,282,4,307,4,281,4,216,4,173,3,529,7,110,2,224,3,341,5,77,1,263,4,138,2,306,5,137,2,
2026-09-30,05:42:15.162,1000,715,10,766,10,865,13,809,12,627,9,938,15,646,10,912,12,692,10,684,10,628,10,444,6,1039,16,880,12,443,7,542,8,
2026-09-30,05:42:16.162,999,4466,61,4114,53,3802,68,4001,64,3844,57,4072,62,3977,60,4962,66,4614,65,4495,72,4118,74,4300,61,4767,74,4324,61,4508,68,4646,69,
2026-09-30,05:42:17.161,999,470,7,701,9,437,6,397,5,484,8,400,6,457,7,308,4,541,8,519,7,470,7,608,9,421,7,366,5,175,3,479,7,
2026-09-30,05:42:18.162,1000,301,4,867,11,706,10,395,5,693,10,655,10,470,7,708,11,867,12,991,14,771,12,904,13,851,13,648,9,911,14,438,8,
2026-09-30,05:42:19.162,999,151,2,6,0,221,3,246,3,478,7,168,3,384,6,303,4,351,5,227,3,204,3,129,2,126,2,23,0,198,3,274,4,
2026-09-30,05:42:20.162,999,408,6,170,2,224,3,479,6,206,3,253,4,313,5,377,5,371,5,417,6,409,6,209,3,334,5,472,7,290,5,481,7,
2026-09-30,05:42:21.161,999,279,4,267,4,488,7,594,8,480,7,216,4,308,5,375,5,351,5,511,7,406,6,411,6,585,9,154,2,334,5,208,3,
2026-09-30,05:42:22.162,1000,110,2,185,3,293,4,156,2,271,4,335,5,202,3,227,3,203,3,151,2,535,8,292,4,203,3,161,2,513,8,136,2,
2026-09-30,05:42:23.162,999,603,9,446,6,562,9,345,5,401,6,249,4,203,3,428,6,138,2,293,4,64,1,343,5,392,6,375,6,207,3,204,3,
2026-09-30,05:42:24.161,999,680,10,1466,20,1428,22,1551,22,1250,19,1207,18,1367,21,1293,17,1084,16,1070,16,1252,21,1222,18,991,15,1053,15,1113,17,1102,17,
2026-09-30,05:42:25.162,1000,1690,25,1260,17,1079,17,1206,18,1787,26,1506,24,1061,17,1734,23,1655,24,1993,30,1428,24,1393,20,1268,19,1407,20,1342,21,540,8,
2026-09-30,05:42:26.162,999,66219,930,76194,982,63374,937,68012,933,65078,967,51598,928,54757,942,71089,954,69771,979,70603,989,65840,1020,67795,964,61106,931,58221,930,51212,909,59803,905,
2026-09-30,05:42:27.161,999,52216,742,56228,729,51026,783,52923,754,51285,796,47858,757,47802,744,54032,729,48340,691,49209,709,49179,787,49713,732,46254,736,52766,769,47745,751,47587,722,
2026-09-30,05:42:28.162,1000,11080,177,14776,212,13242,190,13665,182,13097,196,13478,212,13049,198,14881,201,11836,192,16356,225,13158,201,12335,178,11730,181,13828,205,12348,194,12538,191,
2026-09-30,05:42:29.162,999,1639,24,1749,24,1965,28,1820,24,1841,28,1486,26,1833,31,1948,26,2708,41,2009,27,2170,32,1915,28,2047,32,2170,33,1685,28,1721,26,
2026-09-30,05:42:30.162,999,10087,141,10115,130,10320,148,10198,136,7881,122,7211,130,7654,129,10322,137,10004,140,10492,144,8005,119,7751,117,7858,126,6983,116,5916,107,8904,133,
2026-09-30,05:42:31.161,999,30275,426,32192,418,26171,420,26618,395,26568,394,24744,379,26980,404,28715,380,26437,379,24553,374,23503,400,28115,402,25060,390,25875,369,28781,435,26640,395,
2026-09-30,05:42:32.162,1000,3188,46,3405,44,2857,42,2643,37,2871,42,2502,40,2444,39,2365,35,1994,27,2187,30,3031,45,3189,45,1365,21,3037,45,1627,27,1916,32,
2026-09-30,05:42:33.162,999,1112,16,1242,16,1395,20,1425,19,1388,21,699,13,1127,20,2031,27,2026,29,1550,21,1372,21,1716,24,1011,16,1021,17,924,17,1218,18,
2026-09-30,05:42:34.161,999,1585,23,1348,18,1414,20,1507,20,1275,19,796,14,919,15,985,13,724,11,1156,16,962,15,1151,17,1602,25,1696,27,1241,23,2010,30,
2026-09-30,05:42:35.162,1000,13956,198,17008,220,12414,213,14001,225,14948,219,14216,218,15797,239,17903,239,15662,225,14170,225,13719,240,15144,216,13246,204,15432,219,13113,199,14408,216,
2026-09-30,05:42:36.162,999,9181,131,9160,120,8636,123,8900,117,9532,144,7185,139,7390,133,8650,114,9099,129,9442,129,9593,145,8421,123,9422,147,8526,139,7085,132,8817,132,
2026-09-30,05:42:37.162,999,4730,66,4643,60,4163,60,4919,67,3029,45,2678,50,3293,58,4005,53,4424,64,3730,51,3589,54,4420,63,3647,56,4346,71,2703,50,3840,57,
2026-09-30,05:42:38.162,1000,3107,47,4172,57,3829,55,3340,44,2845,47,3918,63,3054,48,4694,62,3941,58,3276,45,3108,48,3670,57,3148,53,2410,36,3157,50,3046,46,
2026-09-30,05:42:39.162,999,11971,166,15469,199,11363,163,13910,186,11623,173,8953,178,9384,174,13456,178,12629,178,13141,178,11740,176,12311,176,11956,184,10569,181,9776,191,14005,209,
2026-09-30,05:42:40.162,999,3283,47,3079,41,2867,42,2785,39,2971,45,2689,45,2778,45,3464,46,3520,50,3063,45,3352,53,3405,49,2882,46,3177,49,3087,51,3055,46,
2026-09-30,05:42:41.162,999,440,6,842,11,569,8,549,7,733,11,432,8,500,9,835,11,574,8,674,9,337,5,924,13,798,12,731,12,555,10,459,7,
2026-09-30,05:42:42.162,1000,2237,38,3195,46,3153,45,3546,46,2842,43,2780,43,3291,47,3339,45,2939,48,3265,44,3177,47,3251,47,2534,39,3177,46,3964,60,2199,33,
2026-09-30,05:42:43.162,999,1843,26,1868,25,2056,29,2524,33,2270,38,1957,34,2417,40,2710,36,2016,28,1914,26,1817,27,2259,35,1397,24,1821,28,1616,28,1947,29,
2026-09-30,05:42:44.162,999,2835,43,2426,33,2834,42,3195,43,3209,48,2989,48,2221,36,3194,43,2871,43,3269,46,2503,39,2817,40,2623,40,3230,49,2587,43,2517,39,
2026-09-30,05:42:45.162,1000,3011,42,3186,41,2322,40,2811,44,2584,38,2560,40,2329,36,2552,34,2112,30,1787,29,1963,34,1812,26,2555,39,2756,40,1869,29,2497,37,
2026-09-30,05:42:46.163,1000,8847,124,8834,115,6148,108,6889,109,7476,110,7849,121,8421,127,8586,114,8395,120,6998,111,7924,142,8538,122,6883,106,7878,111,9103,137,8873,132,
2026-09-30,05:42:47.163,999,110036,1506,117477,1484,106025,1494,120472,1578,110038,1600,81603,1548,85226,1551,116854,1546,112438,1550,114972,1532,103516,1515,108492,1519,101117,1527,90693,1516,82299,1570,98169,1452,
2026-09-30,05:42:48.163,999,47340,675,52392,687,50725,739,53308,727,49742,734,41256,721,43363,738,54335,723,49297,709,53026,731,50218,765,49827,708,45049,688,45361,721,39564,695,45615,687,
2026-09-30,05:42:49.163,1000,2107,30,3428,46,2470,35,2308,30,1944,29,1926,34,2167,37,1818,25,1859,28,2583,35,2395,37,2015,30,1559,24,1901,30,1786,32,2070,32,
2026-09-30,05:42:50.163,999,6906,101,6310,83,6534,93,7729,103,5731,86,5369,98,4849,85,8114,109,6605,97,5221,71,6065,91,6588,94,6362,99,5785,93,4471,82,5804,88,
2026-09-30,05:42:51.163,999,1827,26,2333,32,2046,29,2760,37,1614,24,987,19,1720,29,1126,15,1161,17,1688,23,1601,24,2334,34,1646,25,1108,18,1104,20,1585,24,
2026-09-30,05:42:52.163,999,2061,32,1600,22,2313,33,1375,18,1586,24,2377,38,1814,29,2829,39,2269,34,2795,38,2553,39,2386,34,1505,24,2014,29,1646,26,1495,24,
2026-09-30,05:42:53.163,1000,4910,74,3983,54,4642,68,4739,65,4032,62,2817,44,3057,46,3847,51,4094,62,4344,60,3639,56,4022,60,3316,54,3514,51,3531,57,3903,59,
2026-09-30,05:42:54.163,999,1898,28,1488,20,1839,28,1340,19,1744,26,1172,20,1655,27,1395,19,1529,23,1325,20,1338,22,1762,25,1906,29,1732,26,1704,28,2197,33,
2026-09-30,05:42:55.163,999,12970,181,14347,186,10050,167,12136,188,12711,196,12419,191,10796,163,13255,176,12908,184,11770,181,10009,173,11502,169,10069,161,11784,168,10958,167,12460,187,
2026-09-30,05:42:56.164,1000,2423,37,2390,33,2330,33,2787,37,1763,28,1690,28,1811,29,2378,32,2750,42,3275,45,2177,33,2501,38,1953,33,2332,36,2556,43,1944,29,
2026-09-30,05:42:57.163,999,1980,28,3312,44,2120,31,2947,41,1836,28,1702,27,1530,24,1999,28,1910,28,1589,22,1576,24,1840,28,1629,27,1874,28,2579,42,2217,35,
2026-09-30,05:42:58.163,999,3413,49,3370,44,2681,38,3714,50,2922,50,3315,54,2953,47,3600,48,3149,45,3387,47,2709,41,2858,45,2179,39,2375,35,2686,43,3249,49,
2026-09-30,05:42:59.163,999,962,14,1334,17,1003,14,798,10,1585,23,769,13,1632,26,1087,15,1113,16,1260,17,1045,15,711,10,809,12,928,14,1098,19,955,14,
2026-09-30,05:43:00.163,1000,863,12,1372,18,1444,22,1374,19,808,12,907,16,901,16,1808,24,1275,18,2078,29,1436,23,965,14,1369,21,1225,20,1074,19,1196,18,
2026-09-30,05:43:01.163,999,14685,201,15016,189,12644,219,12622,199,12760,186,12795,192,13915,206,14946,196,13523,187,12067,193,11466,208,14853,210,12867,196,14414,200,13084,194,14165,210,
2026-09-30,05:43:02.163,999,1480,21,2361,30,2498,35,1597,21,1258,23,1814,28,1685,25,1823,24,1984,27,1612,22,1679,25,1663,28,1512,27,2230,33,1386,22,1368,21,
2026-09-30,05:43:03.164,1000,1602,23,1456,19,1594,23,1200,16,1292,20,1304,21,1731,27,1585,22,1524,21,1637,22,1386,21,2119,30,1390,22,1190,18,1382,23,1143,18,
2026-09-30,05:43:04.163,999,2075,31,1876,25,1663,24,2160,29,1348,23,1354,21,1612,24,2505,33,2078,30,2024,28,1500,23,1147,18,1866,32,1899,27,1632,25,2206,33,
2026-09-30,05:43:05.163,999,4514,63,5894,76,5011,78,5378,77,4063,64,4586,69,5102,76,6003,79,5685,78,5215,78,3871,65,5013,76,3995,65,5206,75,5371,82,5686,86,
2026-09-30,05:43:06.163,999,816,12,290,4,795,12,572,8,473,7,617,10,517,8,668,9,489,8,1017,14,890,13,693,10,316,5,270,4,365,6,543,8,
2026-09-30,05:43:07.164,1000,1043,15,569,7,1387,20,633,8,1166,19,982,15,1185,18,904,12,1386,19,1292,18,1377,22,1321,21,1040,19,1445,21,1348,21,1059,16,
2026-09-30,05:43:08.163,999,2403,34,3106,40,2356,35,2755,38,1693,30,2779,43,2295,35,2805,37,2352,33,1968,28,1966,31,2075,33,2177,38,2475,36,2721,42,2755,42,
2026-09-30,05:43:09.163,999,695,10,618,8,651,10,702,10,798,12,417,7,533,9,1014,14,772,11,656,9,174,3,822,12,714,11,770,11,313,6,684,11,
2026-09-30,05:43:10.164,1000,2180,31,2354,31,2050,31,2634,37,1767,27,1658,26,2403,36,1942,26,1969,28,1825,26,1800,28,1799,26,2362,38,2239,33,2068,33,2070,31,
2026-09-30,05:43:11.164,1000,744,11,1116,15,1212,19,1142,17,764,11,872,14,928,14,743,10,704,10,1427,21,1188,21,1502,22,1205,18,752,11,1019,16,1244,19,
2026-09-30,05:43:12.164,999,1247,21,2111,32,2070,29,1919,24,1303,19,1905,30,1351,20,1595,21,1715,29,1980,27,2435,36,1341,19,1722,26,1824,26,2030,31,1157,17,
2026-09-30,05:43:13.164,999,230,3,516,7,362,5,307,4,760,11,491,8,648,10,523,7,426,6,638,9,442,7,896,13,449,7,571,9,496,8,405,6,
2026-09-30,05:43:14.165,1000,529,9,839,12,757,11,1375,18,1411,21,1026,16,1257,19,1117,15,1194,22,959,13,938,14,1199,17,665,10,693,10,671,10,668,10,
2026-09-30,05:43:15.164,999,861,12,945,12,1069,18,1129,18,963,14,1229,19,978,15,1800,24,1178,17,870,14,462,8,846,12,1440,22,1197,17,1410,22,1473,22,
2026-09-30,05:43:16.164,999,8713,122,8553,110,6949,118,7335,113,7205,106,7373,113,6886,103,9069,122,8217,117,7795,122,7829,139,7951,114,7489,115,7556,106,9308,140,8075,122,
2026-09-30,05:43:17.165,1000,497,9,846,12,873,13,462,6,488,7,549,9,580,9,683,9,423,7,968,13,496,7,622,9,909,14,654,9,610,9,808,12,
2026-09-30,05:43:18.165,999,855,12,539,7,624,9,851,11,537,8,913,15,1124,18,1056,15,665,9,979,14,723,11,716,10,826,13,472,7,751,12,337,6,
2026-09-30,05:43:19.164,999,3000,43,2930,38,2093,30,2521,33,2028,30,1978,30,2201,33,2080,32,3173,45,2835,38,2076,31,2332,33,2603,40,3450,49,2411,37,2021,36,
2026-09-30,05:43:20.164,999,770,11,369,5,650,9,323,4,396,6,645,11,402,6,373,5,505,7,591,8,717,11,425,6,564,9,372,5,187,3,258,4,
2026-09-30,05:43:21.165,1000,366,5,166,2,695,10,630,8,739,11,361,6,680,10,232,3,379,5,236,3,460,7,561,8,541,8,691,10,330,5,411,6,
2026-09-30,05:43:22.164,999,845,13,498,7,395,6,498,7,590,9,202,3,389,6,894,12,800,12,419,6,487,8,912,13,643,10,920,13,403,7,608,9,
2026-09-30,05:43:23.164,999,352,5,68,1,353,5,683,9,465,7,495,9,347,6,670,9,498,7,347,5,447,7,544,8,310,5,462,7,495,8,467,7,
2026-09-30,05:43:24.165,1000,150,2,82,1,133,2,177,2,121,2,117,2,137,2,518,7,281,4,73,1,206,3,365,5,140,2,121,2,59,1,59,1,
2026-09-30,05:43:25.166,1000,496,7,241,3,609,10,597,9,471,7,712,11,600,9,654,9,839,12,862,13,645,11,506,7,473,7,845,12,415,7,141,2,
2026-09-30,05:43:26.165,999,1014,15,1140,15,925,14,926,13,739,11,517,8,397,7,525,7,707,10,968,14,828,13,829,12,728,11,900,13,948,16,604,9,
2026-09-30,05:43:27.165,999,208,3,475,6,320,4,504,6,346,5,149,2,270,4,294,4,282,4,373,5,361,5,274,4,419,6,372,5,210,3,156,2,
2026-09-30,05:43:28.166,1000,547,9,392,6,355,5,152,2,326,5,402,6,459,7,359,5,122,2,665,9,746,11,619,9,478,7,354,5,537,8,749,12,
2026-09-30,05:43:29.166,999,7,0,238,3,292,4,252,3,381,6,121,2,199,3,454,6,275,4,78,1,319,5,143,2,168,3,405,6,119,2,141,2,
2026-09-30,05:43:30.165,999,216,3,168,2,363,5,523,7,411,6,350,6,121,2,421,6,150,2,230,3,128,2,135,2,188,3,390,6,96,2,57,1,
2026-09-30,05:43:31.166,1000,5783,80,5048,65,4385,78,4365,70,4347,64,4980,76,5584,84,5923,79,5535,78,5885,94,5745,103,6230,89,5314,82,4417,62,6067,91,5854,87,
2026-09-30,05:43:32.167,1000,737,10,865,11,482,7,1292,18,619,9,727,11,885,13,911,12,875,12,523,7,955,15,707,10,1079,16,408,5,653,10,668,10,
2026-09-30,05:43:33.167,999,297,4,235,3,332,5,389,5,206,3,117,2,237,4,120,2,144,2,290,4,266,4,283,4,6,0,209,3,204,3,142,2,
2026-09-30,05:43:34.166,999,2778,40,3296,44,2138,36,2296,37,2332,35,2281,35,1810,28,1594,21,3380,48,2596,42,1806,32,2831,40,1834,28,3419,49,2273,35,2656,40,
2026-09-30,05:43:35.167,1000,627,9,1202,16,642,11,1357,21,1010,15,661,11,1128,17,1275,17,1081,15,1052,17,509,9,1040,15,1056,16,964,14,988,15,741,11,
2026-09-30,05:43:36.167,999,413,6,1013,13,1236,18,848,11,621,11,846,13,676,10,838,11,998,14,876,12,820,12,507,8,519,9,657,9,469,7,875,13,
2026-09-30,05:43:37.166,999,729,10,630,8,705,11,519,7,961,14,1043,20,591,10,531,7,803,11,502,7,426,7,1185,17,1114,17,758,12,837,15,689,10,
2026-09-30,05:43:38.166,999,978,14,1315,17,757,11,1207,16,1204,20,1647,25,958,14,1302,17,1262,18,926,14,554,9,1028,16,794,13,1006,14,1212,19,1112,17,
2026-09-30,05:43:39.167,1000,1366,19,1516,20,996,14,1933,26,1552,24,1004,16,701,11,1045,14,1415,20,671,9,865,13,1483,23,1225,20,883,13,897,14,1060,16,
2026-09-30,05:43:40.167,999,621,9,296,4,860,13,806,11,495,7,416,7,596,9,978,13,889,13,933,13,625,10,692,10,993,15,596,9,571,9,740,11,
2026-09-30,05:43:41.166,999,510,7,551,7,628,10,677,9,960,14,843,15,423,7,832,11,706,10,535,8,430,7,675,10,384,6,382,6,426,8,483,7,
2026-09-30,05:43:42.167,1000,807,13,1075,15,1142,17,1152,16,488,7,439,7,1301,21,1209,16,961,15,1234,17,526,8,885,13,1095,17,828,12,730,11,803,12,
2026-09-30,05:43:43.167,999,442,6,841,11,533,8,692,9,487,7,400,6,461,7,539,7,356,5,218,3,428,7,703,10,744,11,484,6,392,6,329,5,
2026-09-30,05:43:44.167,999,360,6,425,6,866,12,939,12,710,11,842,14,686,11,987,13,331,5,751,10,1101,16,878,12,460,7,586,8,467,7,203,3,
2026-09-30,05:43:45.166,999,799,11,945,12,458,8,526,8,629,9,652,10,750,11,899,12,1061,16,1038,15,371,6,622,9,731,11,555,8,194,3,344,5,
2026-09-30,05:43:46.167,1000,4253,59,4306,55,4287,77,4131,67,3802,56,3425,52,4205,63,5151,69,4715,67,5119,82,4197,76,4332,62,5126,79,4545,64,5203,78,4840,72,
2026-09-30,05:43:47.167,999,226,3,286,4,219,3,276,4,273,4,240,4,76,1,3,0,333,5,512,7,327,5,217,3,7,0,81,1,6,0,270,4,
2026-09-30,05:43:48.166,999,355,5,314,4,571,8,92,1,341,5,191,3,326,5,595,8,455,6,418,6,372,6,322,5,317,5,229,3,170,3,410,6,
2026-09-30,05:43:49.167,1000,1199,18,1289,17,735,11,1368,19,845,13,421,7,1022,17,1101,15,444,7,591,8,798,12,1178,17,731,11,798,12,990,16,1171,18,
2026-09-30,05:43:50.167,999,223,3,548,7,626,9,519,7,312,5,564,9,307,5,300,4,436,6,222,3,191,3,380,6,433,7,474,7,255,4,669,10,
2026-09-30,05:43:51.167,999,794,11,384,5,501,7,546,7,256,4,585,9,404,6,613,8,495,7,504,7,665,10,478,8,680,12,780,11,297,5,345,5,
2026-09-30,05:43:52.167,1000,327,5,322,5,435,6,396,5,246,4,250,4,543,8,742,10,616,9,362,5,470,7,326,5,437,7,336,5,382,7,458,7,
2026-09-30,05:43:53.168,1000,225,3,3,0,151,2,18,0,471,7,273,4,179,3,156,2,143,2,4,0,124,2,276,4,74,1,128,2,194,3,140,2,
2026-09-30,05:43:54.168,999,418,6,313,4,71,1,340,5,262,4,284,5,277,5,445,6,579,8,240,3,284,4,367,5,462,7,132,2,307,5,133,2,
2026-09-30,05:43:55.168,1000,2054,31,2224,31,2529,40,2404,34,2059,31,2063,33,2492,39,2858,38,2551,39,2228,33,1578,25,2174,31,1587,24,2872,42,2359,38,2568,39,
2026-09-30,05:43:56.169,1000,38897,546,42047,543,32927,523,37643,548,36622,586,37123,552,40774,599,46424,618,42676,589,41030,608,38291,636,39004,581,33661,543,36902,522,34581,520,35986,551,
2026-09-30,05:43:57.169,999,661,10,1032,15,1054,15,1542,21,1175,18,1027,16,1116,17,1713,23,1410,21,1223,17,1113,17,640,9,956,15,1440,21,1023,16,736,11,
2026-09-30,05:43:58.169,999,853,12,985,13,835,12,796,10,1209,18,674,10,1126,17,754,11,779,11,1050,15,1180,19,769,11,978,15,1139,16,1181,18,814,14,
2026-09-30,05:43:59.169,1000,2160,31,2288,30,1606,27,1932,29,2283,34,1628,25,1851,28,2275,30,2054,29,2072,32,1641,28,1683,24,2082,33,1852,27,1073,17,1606,24,
2026-09-30,05:44:00.169,999,2711,38,2978,39,3041,44,2734,36,1753,28,1629,27,1446,24,3280,44,2224,32,2694,38,1746,27,1685,24,1649,25,2015,30,1567,25,1755,27,
2026-09-30,05:44:01.169,999,8393,117,7690,98,6110,107,6357,102,7395,108,5704,86,6864,102,8102,107,6611,93,7822,125,6313,114,8443,120,7929,121,7191,101,7568,113,7484,111,
2026-09-30,05:44:02.169,1000,1859,26,1544,20,1850,28,1438,21,1349,22,1308,20,1305,20,1888,25,1436,20,1624,23,1701,27,1118,18,1704,28,1486,22,1823,29,1591,24,
2026-09-30,05:44:03.169,999,1032,14,720,9,516,7,672,9,1069,16,599,10,937,15,787,11,880,12,638,9,439,6,505,7,820,12,361,5,463,8,623,10,
2026-09-30,05:44:04.169,999,517,7,620,8,445,6,838,11,374,6,241,4,224,4,455,6,561,8,501,7,409,6,613,9,446,7,540,8,742,12,407,6,
2026-09-30,05:44:05.168,999,5535,78,6348,81,5566,92,5723,88,4142,61,5662,87,5917,91,7074,94,6270,91,6765,104,5634,98,5735,82,4834,74,5600,80,4989,79,5856,87,
2026-09-30,05:44:06.169,1000,1435,20,1491,20,1678,26,1244,17,1560,23,1706,27,2000,30,2282,30,1715,24,1702,26,1204,20,1654,23,1762,27,1121,16,1150,19,522,8,
2026-09-30,05:44:07.169,999,1462,20,2020,26,1282,20,1784,25,1635,24,1133,19,1067,17,2025,27,1486,21,1446,22,1424,23,1265,18,1748,27,1530,23,1019,16,1332,21,
2026-09-30,05:44:08.169,999,1353,20,1601,22,1674,24,1334,18,1402,23,1282,20,583,9,968,13,872,13,1160,17,1260,20,1326,20,899,15,1107,16,1428,22,1047,16,
2026-09-30,05:44:09.169,1000,150,2,173,2,157,2,321,4,332,5,187,3,451,7,229,3,462,7,367,5,143,2,357,5,336,5,485,7,254,4,323,5,
2026-09-30,05:44:10.169,999,575,9,246,4,317,4,457,6,390,6,420,7,370,6,685,9,629,9,725,10,509,8,287,4,467,7,507,7,227,4,487,7,
2026-09-30,05:44:11.169,999,827,12,1569,20,984,14,1073,14,700,11,554,9,773,12,376,5,377,5,613,8,792,13,476,7,787,13,1175,17,1070,17,987,15,
2026-09-30,05:44:12.169,999,714,13,717,10,914,13,871,11,1023,15,967,15,525,8,829,11,740,13,704,10,786,12,496,7,918,14,783,11,1061,16,611,9,
2026-09-30,05:44:13.169,1000,78,1,135,2,65,1,166,2,292,4,319,5,296,4,371,5,369,5,189,3,247,4,558,8,143,2,273,4,131,2,68,1,
2026-09-30,05:44:14.169,999,887,13,931,12,771,12,890,13,608,10,435,7,206,3,818,11,1006,15,1073,15,966,15,1139,17,860,14,628,9,649,10,585,9,
2026-09-30,05:44:15.169,999,556,8,767,10,815,13,668,10,399,6,648,10,475,7,1046,14,672,10,960,14,642,11,611,9,682,10,868,12,537,8,276,4,
2026-09-30,05:44:16.169,1000,5241,73,4803,61,4032,71,4491,71,4788,71,4187,65,4953,75,5795,77,4683,66,5778,92,5274,93,5620,80,5144,79,4369,61,5104,76,5597,83,
2026-09-30,05:44:17.169,999,930,13,1151,15,807,12,822,12,541,8,211,3,882,14,685,9,391,5,923,13,604,9,361,5,504,7,509,7,547,8,730,11,
2026-09-30,05:44:18.169,999,189,3,295,4,282,4,95,1,331,5,257,4,539,8,310,4,228,3,347,5,236,4,332,5,278,4,99,1,395,6,343,5,
2026-09-30,05:44:19.170,1000,228,3,88,1,241,3,160,2,427,6,219,4,162,3,294,4,343,5,229,3,70,1,7,0,204,3,30,0,359,6,146,2,
2026-09-30,05:44:20.169,999,573,8,772,10,793,11,945,12,600,10,697,12,745,12,591,8,653,9,889,12,869,13,954,15,821,13,583,9,656,11,1049,16,
2026-09-30,05:44:21.169,999,2210,32,3069,41,2074,30,2420,32,2377,35,2080,34,1936,32,2765,39,1969,28,2786,38,2125,33,2284,32,2463,38,2034,31,2369,40,2319,39,
2026-09-30,05:44:22.169,999,432,6,448,6,393,6,301,4,609,9,379,6,648,10,1143,15,923,13,671,10,607,10,496,7,457,7,351,4,577,9,82,1,
2026-09-30,05:44:23.169,1000,77,1,12,0,183,2,250,3,272,4,174,3,115,2,82,1,270,4,388,5,211,3,93,1,152,2,198,2,281,4,94,1,
2026-09-30,05:44:24.169,999,155,2,78,1,183,2,208,2,77,1,300,5,186,3,310,4,90,1,10,0,411,6,80,1,144,2,202,3,6,0,144,2,
2026-09-30,05:44:25.169,999,452,6,842,11,633,10,541,8,546,8,576,9,567,9,968,13,546,8,787,12,335,6,367,5,165,2,885,12,356,5,83,1,
2026-09-30,05:44:26.170,1000,1456,21,1104,14,1813,28,1636,23,1087,16,1076,16,897,13,1636,23,1426,20,1480,22,1641,28,1870,26,1435,22,2148,30,1355,21,1149,18,
2026-09-30,05:44:27.169,999,1796,25,1174,15,1500,24,1193,17,676,10,651,11,504,8,1060,14,714,10,844,12,854,14,785,11,1064,16,798,12,992,16,815,12,
2026-09-30,05:44:28.169,999,80,1,228,3,161,2,339,4,264,4,172,3,229,4,851,11,310,4,139,2,244,4,479,7,235,3,310,4,288,4,155,2,
2026-09-30,05:44:29.170,1000,92478,1268,102184,1294,90834,1281,99141,1302,89084,1293,68046,1298,70814,1292,95034,1258,93377,1288,98748,1316,87917,1294,90735,1269,83537,1258,75939,1271,67750,1299,88171,1308,
2026-09-30,05:44:30.171,1000,46833,657,52083,675,46690,676,47031,641,48644,711,38579,693,39368,680,50732,678,47072,668,48548,670,44899,682,46643,661,40692,618,42179,685,32843,601,43264,650,
2026-09-30,05:44:31.170,999,13077,180,12881,163,10622,184,12624,197,11660,171,11702,179,11497,172,12631,167,12312,172,10943,175,10353,186,12096,172,12190,186,12519,178,11702,178,14223,211,
2026-09-30,05:44:32.170,999,2540,36,3217,42,3127,46,3666,50,2744,41,2761,46,2984,48,2975,42,2315,33,2963,42,2705,42,2122,30,2479,38,3146,48,2613,42,2176,35,
2026-09-30,05:44:33.171,1000,7381,107,8319,110,7665,113,7713,105,6465,99,7033,114,6135,96,6815,92,6937,103,6784,95,6599,102,6047,90,5750,92,5407,81,5850,95,7368,113,
2026-09-30,05:44:34.170,999,2424,34,2332,30,2020,30,2349,32,2073,32,2223,36,2273,36,2609,35,1319,19,1969,28,1898,30,1964,30,2140,35,1795,27,3113,51,2046,31,
2026-09-30,05:44:35.170,999,11683,165,11206,145,7840,135,8569,139,9671,143,8609,132,8796,134,10517,139,8953,128,9603,151,7175,129,7684,109,7108,110,9882,140,7259,110,7069,106,
2026-09-30,05:44:36.170,999,2600,39,3569,48,3287,49,3643,53,2633,39,2419,39,2059,32,3204,43,2878,42,2916,41,2147,34,2514,36,2839,42,3737,54,2955,47,3103,48,
2026-09-30,05:44:37.171,1000,967,14,1821,24,1121,18,1137,17,1883,28,1389,23,1362,22,1513,20,1461,22,1208,17,1202,19,1690,24,951,15,881,13,957,18,1257,19,
2026-09-30,05:44:38.170,999,2274,32,3469,45,2269,34,2800,38,2250,39,2990,46,1921,29,2896,38,3021,42,2746,40,2680,43,2447,39,2387,40,2644,38,2993,46,2703,41,
2026-09-30,05:44:39.170,999,1695,25,1230,16,1092,16,1632,22,1593,24,852,14,1419,23,1017,14,624,9,1099,16,658,10,1359,20,834,13,920,14,807,13,781,12,
2026-09-30,05:44:40.171,1000,11233,156,14570,187,10717,153,13110,175,10930,162,8673,173,7951,151,11465,152,12172,172,12095,163,10880,164,11328,161,10938,167,9924,170,8856,176,12798,191,
2026-09-30,05:44:41.170,999,2250,35,1317,17,2035,31,2249,32,1391,21,1159,20,1092,18,1965,26,1286,19,1526,22,1462,22,1657,24,987,15,1538,23,1477,25,1469,22,
2026-09-30,05:44:42.170,999,1380,22,1621,23,1595,23,1951,25,1601,23,1388,22,1387,22,1952,26,1171,20,1973,27,1357,20,1136,16,1361,21,1501,22,1603,26,1298,19,
2026-09-30,05:44:43.171,1000,276,4,395,5,364,5,593,8,609,9,185,3,885,14,535,7,658,9,696,10,538,8,895,13,441,7,414,6,523,8,347,5,
2026-09-30,05:44:44.171,999,906,14,1119,15,1070,15,1267,16,737,11,1131,19,1098,19,1766,23,919,14,1029,14,1195,18,1522,21,471,7,1026,15,777,13,611,9,
2026-09-30,05:44:45.170,999,1741,25,1238,16,1132,18,1266,19,1101,16,1225,19,928,14,1707,23,1962,28,1512,23,1203,21,1325,19,1119,17,1194,17,833,13,662,10,
2026-09-30,05:44:46.170,999,6180,86,6101,78,4788,85,5169,83,5671,83,4891,75,5384,80,6335,84,5830,83,5700,92,5387,97,5775,82,5706,87,5400,76,5460,81,5576,83,
2026-09-30,05:44:47.171,1000,604,9,758,10,914,13,734,10,1198,18,1130,19,630,10,454,6,706,11,1075,15,1086,17,1367,20,452,7,480,7,383,7,839,13,
2026-09-30,05:44:48.170,999,1644,26,1075,15,1608,24,1109,15,1147,17,933,15,1526,24,1276,17,1022,16,1413,20,1242,19,1610,23,777,12,1061,16,1352,21,1610,24,
2026-09-30,05:44:49.170,999,362,5,628,8,705,10,774,11,348,5,601,10,377,6,438,6,348,5,215,3,417,7,412,6,322,5,244,4,648,11,405,6,
2026-09-30,05:44:50.171,1000,846,12,1098,14,826,12,1108,15,615,9,522,8,814,13,829,11,738,10,427,6,216,3,487,7,736,11,704,10,403,7,789,12,
2026-09-30,05:44:51.171,999,416,6,397,5,354,5,521,7,250,4,317,5,374,6,303,4,295,4,231,3,273,4,216,3,200,3,12,0,328,6,270,4,
2026-09-30,05:44:52.170,999,2240,32,2452,32,1311,23,2001,32,1342,20,1866,28,1565,23,2568,34,2558,36,1857,30,1328,24,1999,28,2097,32,2301,33,1596,25,1983,30,
2026-09-30,05:44:53.171,1000,1078,15,857,11,1180,17,1061,14,811,12,720,11,741,11,1052,16,781,11,506,7,520,8,647,9,654,10,642,9,593,9,461,8,
2026-09-30,05:44:54.171,999,903,14,343,5,295,4,608,8,454,7,468,7,509,8,286,4,466,7,356,5,201,3,632,9,366,6,562,8,614,10,607,9,
2026-09-30,05:44:55.171,999,718,10,1108,14,588,10,976,15,1017,15,1038,16,612,9,1095,15,1113,16,948,14,405,7,696,10,844,13,731,10,300,5,471,7,
2026-09-30,05:44:56.170,999,1430,20,1809,24,1202,19,1202,18,1706,26,1513,23,1264,19,1814,24,1953,27,1631,24,1372,22,1382,21,1439,23,1302,18,1565,24,2130,32,
2026-09-30,05:44:57.171,1000,75,1,252,3,261,4,100,1,357,5,190,3,276,4,307,4,124,2,421,6,9,0,146,2,260,4,272,4,206,3,136,2,
2026-09-30,05:44:58.171,999,569,8,454,6,151,2,88,1,178,3,118,2,124,2,457,6,138,2,347,5,314,5,209,3,220,3,273,4,369,6,407,6,
2026-09-30,05:44:59.170,999,224,3,698,9,431,6,291,4,142,2,200,3,260,4,461,6,214,3,307,4,264,4,550,8,204,3,384,6,434,7,536,8,
2026-09-30,05:45:00.170,999,200,3,167,2,142,2,301,4,141,2,449,8,191,3,80,1,147,2,285,4,123,2,293,4,354,5,92,1,235,4,79,1,
2026-09-30,05:45:01.171,1000,6135,85,5092,65,4385,76,4155,63,4342,65,3941,60,4074,61,5271,70,4655,65,5203,83,4519,81,5124,73,4899,76,4839,68,5142,77,5062,75,
2026-09-30,05:45:02.171,999,48650,679,52859,679,49367,693,54118,707,46358,698,38983,717,39347,699,52483,691,49835,686,53759,726,46001,686,49724,706,46879,721,44291,725,36315,681,42036,631,
2026-09-30,05:45:03.170,999,2500,35,2335,30,2608,40,2413,34,3175,48,2205,35,2292,35,2863,39,2884,41,2030,30,1866,31,2287,33,2426,37,2356,34,2022,31,2519,39,
2026-09-30,05:45:04.171,1000,989,14,1217,16,1790,26,2083,28,1211,18,1422,24,1111,18,1279,17,1126,16,1550,22,1284,20,1507,23,1226,21,795,12,1505,25,1056,16,
2026-09-30,05:45:05.171,999,7629,107,7669,99,6609,104,7375,110,5822,89,6220,98,5344,84,7658,102,6049,85,5944,89,4668,78,6442,94,5694,90,6610,96,6272,100,7819,118,
2026-09-30,05:45:06.170,999,1136,19,1643,24,1996,29,1734,23,1743,26,1319,21,1379,21,1664,22,1515,24,2065,29,1984,31,2193,31,1212,19,1512,21,1885,30,2085,31,
2026-09-30,05:45:07.171,1000,6159,88,6407,84,6014,93,6968,99,5469,83,6026,91,5661,85,7405,98,6413,93,5457,82,5261,88,6000,89,5957,93,6054,88,5541,86,4794,72,
2026-09-30,05:45:08.171,999,2632,37,4654,60,3406,49,3483,46,2585,46,3166,48,3148,47,3111,41,2723,38,3431,49,1873,29,2754,45,2324,40,3399,49,3147,49,3289,50,
2026-09-30,05:45:09.171,999,449,6,256,3,652,9,410,5,542,8,393,7,339,6,858,12,639,9,741,10,665,10,598,9,547,8,405,6,358,6,681,10,
2026-09-30,05:45:10.170,999,1498,21,2270,29,2106,30,2176,29,2074,37,1375,22,2031,31,2312,31,1927,27,1683,23,1349,20,1620,26,1750,31,2321,34,2065,33,2006,30,
2026-09-30,05:45:11.171,1000,624,9,843,11,771,12,481,7,629,9,332,6,296,5,528,7,295,4,545,8,57,1,219,3,330,5,440,7,646,11,610,9,
2026-09-30,05:45:12.171,999,2024,31,2670,36,2847,41,2627,35,1735,27,2132,34,2363,36,2788,37,2489,39,2484,35,2652,40,1720,26,2305,36,2250,32,2591,42,2261,34,
2026-09-30,05:45:13.170,999,1192,17,1083,14,812,12,1205,17,623,9,379,6,1066,16,830,11,898,13,673,10,741,13,1115,16,792,12,1432,21,615,10,1092,16,
2026-09-30,05:45:14.171,1000,652,10,671,9,765,11,667,9,420,6,478,8,225,4,376,5,414,7,379,5,407,6,528,8,644,10,597,9,406,7,547,8,
2026-09-30,05:45:15.171,999,1622,23,1411,18,1072,18,1258,18,1073,16,1118,18,647,10,1714,23,1980,28,1357,21,808,13,1103,16,1724,27,1260,18,1223,20,1023,15,
2026-09-30,05:45:16.171,999,10021,138,10143,129,8103,142,7765,125,8332,121,7363,111,8765,130,10601,140,8587,120,8781,141,7529,138,9268,130,8758,133,9778,137,9638,142,10362,152,
2026-09-30,05:45:17.170,999,492,7,469,6,512,7,272,3,478,7,206,3,379,7,530,7,218,3,286,4,553,8,358,5,247,4,357,5,321,5,538,8,
2026-09-30,05:45:18.171,1000,1129,16,1032,14,942,14,871,12,958,16,1068,18,1694,25,1075,14,1052,15,963,13,1042,16,725,11,869,14,907,13,608,9,441,7,
2026-09-30,05:45:19.171,999,891,13,674,9,1141,17,940,13,812,12,536,9,903,14,535,7,811,12,643,9,721,11,1052,15,834,13,620,9,981,16,862,13,
2026-09-30,05:45:20.171,999,1171,17,1613,21,1594,23,1643,22,927,14,1133,18,1048,16,1381,19,1059,15,1589,22,1354,21,1575,22,1411,22,1814,26,939,15,1427,22,
2026-09-30,05:45:21.171,1000,139,2,64,1,86,1,333,4,151,2,4,0,345,6,232,3,227,3,294,4,316,5,213,3,131,2,105,1,101,2,210,3,
2026-09-30,05:45:22.171,999,1457,20,1857,24,1511,21,1662,21,917,16,694,11,987,15,1669,22,536,7,1081,15,1578,23,1106,18,1061,18,1663,24,1612,26,1411,21,
2026-09-30,05:45:23.171,999,2371,35,2275,31,2157,32,1646,22,1927,30,1326,21,1527,24,2632,35,2578,38,2638,37,1690,27,2720,40,2651,41,2219,33,2213,36,1975,30,
2026-09-30,05:45:24.170,999,572,8,1154,15,586,8,1415,18,953,17,700,11,1083,17,1146,15,795,11,1040,14,1345,20,513,8,734,13,789,11,1055,16,1013,15,
2026-09-30,05:45:25.171,1000,2310,35,1452,20,1561,23,2080,29,2139,34,1983,30,1599,24,2215,29,2410,36,1730,25,2232,35,1627,24,1397,22,1597,22,1670,26,1343,20,
2026-09-30,05:45:26.171,999,562,8,646,9,284,4,818,11,536,8,594,9,313,5,304,4,501,7,687,10,396,6,351,5,276,4,366,5,503,8,345,5,
2026-09-30,05:45:27.171,999,230,4,502,8,506,7,909,12,619,9,1044,16,885,14,605,8,832,13,900,12,884,13,760,11,420,6,653,9,544,8,466,7,
2026-09-30,05:45:28.171,1000,421,6,313,4,374,5,332,4,141,2,329,6,240,4,365,5,227,3,141,2,382,6,199,3,281,4,362,5,188,3,69,1,
2026-09-30,05:45:29.171,999,203,3,468,6,290,4,572,7,481,7,393,6,582,9,380,5,229,3,78,1,520,8,395,6,306,5,313,4,174,3,278,4,
2026-09-30,05:45:30.171,999,659,9,470,6,464,7,684,9,79,1,505,8,255,4,232,3,334,5,443,6,390,6,402,6,543,8,422,6,504,8,211,3,
2026-09-30,05:45:31.171,1000,4952,69,4090,52,4358,77,3513,57,3819,56,3726,56,3502,52,5198,69,4007,56,5565,88,4320,78,4729,67,5540,86,4919,69,5223,78,5031,75,
2026-09-30,05:45:32.171,999,1633,23,2437,32,1573,22,2150,28,1138,20,2003,30,1363,20,1708,23,2287,33,2345,32,1783,27,1647,27,1227,22,2474,35,2003,30,1966,30,
2026-09-30,05:45:33.171,999,920,13,546,7,744,11,823,11,419,6,399,7,771,13,676,9,708,10,815,12,411,7,421,6,716,11,399,6,879,15,657,10,
2026-09-30,05:45:34.171,999,471,7,531,7,335,5,608,8,130,2,357,6,312,5,461,6,629,9,295,4,574,8,278,4,264,4,455,6,367,6,426,6,
2026-09-30,05:45:35.171,1000,2521,36,2367,31,1937,30,2288,32,1558,23,2142,32,1876,28,1349,19,1856,27,1987,28,1485,22,1953,28,1729,27,2235,31,1673,25,1437,23,
2026-09-30,05:45:36.171,999,291,4,348,5,474,7,237,3,334,5,52,1,256,4,382,5,193,3,422,6,265,4,150,2,198,3,201,3,354,6,254,4,
2026-09-30,05:45:37.171,999,444,7,425,6,416,6,370,5,334,5,322,5,280,4,78,1,415,7,290,4,194,3,611,9,401,6,356,5,326,5,404,6,
2026-09-30,05:45:38.171,1000,518,7,942,12,1055,16,1257,18,1386,22,1189,18,938,14,1584,21,912,13,1144,18,1209,21,891,13,1002,17,1113,16,1428,22,1122,17,
2026-09-30,05:45:39.171,999,278,4,555,7,481,7,603,8,266,4,407,6,415,7,156,2,397,6,349,5,256,4,509,7,304,5,506,7,140,2,205,3,
2026-09-30,05:45:40.171,999,826,13,925,12,653,9,735,10,944,14,530,8,868,13,668,9,154,2,730,10,787,12,1100,16,524,8,172,2,227,4,598,9,
2026-09-30,05:45:41.172,1000,2070,29,2159,28,1521,25,1839,28,1411,21,824,12,1691,25,1500,20,1753,24,1221,20,1253,22,1425,20,975,15,1499,21,1333,20,1493,23,
2026-09-30,05:45:42.172,1000,607,10,764,11,581,8,338,4,491,8,586,10,720,11,830,11,722,12,814,11,344,5,310,5,465,7,321,4,700,10,532,8,
2026-09-30,05:45:43.172,999,232,3,66,1,88,1,253,3,405,6,303,5,62,1,151,2,9,0,223,3,70,1,287,4,8,0,168,2,77,1,142,2,
2026-09-30,05:45:44.172,999,580,8,83,1,462,6,581,7,249,4,416,7,411,7,316,4,77,1,434,6,484,7,571,8,136,2,384,6,257,5,141,2,
2026-09-30,05:45:45.173,1000,739,10,985,12,772,12,1064,15,843,13,783,13,643,10,1501,20,1007,14,1347,20,903,15,978,15,530,9,903,12,1067,16,883,13,
2026-09-30,05:45:46.172,999,5561,77,4951,63,5213,88,5282,84,4963,73,4003,61,4683,70,6383,85,5274,74,5349,86,4982,89,6008,85,5939,91,5487,77,5694,85,5204,77,
2026-09-30,05:45:47.172,999,225,3,223,3,173,2,252,3,281,4,212,3,70,1,7,0,207,3,226,3,276,4,506,7,191,3,109,1,68,1,153,2,
2026-09-30,05:45:48.173,1000,2,0,89,1,208,3,28,0,273,4,71,1,192,3,367,5,188,3,75,1,519,8,285,4,8,0,286,4,66,1,125,2,
2026-09-30,05:45:49.172,999,55,1,147,2,233,3,348,4,312,5,262,4,201,3,77,1,153,2,307,4,340,5,294,4,214,3,41,0,57,1,277,4,
2026-09-30,05:45:50.172,999,280,4,543,7,368,5,236,3,307,5,501,8,275,4,610,8,290,4,446,6,434,7,542,8,257,4,405,6,369,6,410,6,
2026-09-30,05:45:51.172,999,235,3,319,4,434,6,697,9,352,5,372,6,347,5,289,4,211,3,361,5,610,9,371,5,133,2,189,2,351,5,415,6,
2026-09-30,05:45:52.173,1000,6,0,241,3,99,1,270,3,3,0,105,2,137,2,157,2,80,1,74,1,64,1,58,1,1,0,143,2,13,0,8,0,
2026-09-30,05:45:53.172,999,506,7,396,5,446,7,243,3,757,11,577,10,479,8,372,5,777,11,628,9,511,9,915,13,393,6,498,7,428,7,341,5,
2026-09-30,05:45:54.172,999,152,2,87,1,84,1,21,0,146,2,3,0,174,3,379,5,4,0,149,2,280,4,214,3,241,4,158,2,73,1,190,3,
2026-09-30,05:45:55.173,1000,621,9,886,12,480,7,862,12,1313,21,969,15,770,12,1496,20,1028,15,1196,18,396,7,1075,16,673,10,1174,17,710,11,609,9,
2026-09-30,05:45:56.173,999,222,3,232,3,361,5,315,4,246,4,318,5,394,6,458,6,214,3,278,4,394,6,192,3,117,2,420,6,244,4,338,5,
2026-09-30,05:45:57.172,999,324,5,372,5,159,2,259,3,579,9,349,6,178,3,233,3,225,3,359,5,544,8,397,6,137,2,260,3,80,1,153,2,
2026-09-30,05:45:58.172,999,160,2,392,5,369,5,336,4,460,7,499,8,327,5,443,6,364,5,134,2,376,6,407,6,246,4,89,1,151,3,213,3,
2026-09-30,05:45:59.173,1000,1080,15,698,9,739,11,802,11,208,3,702,11,631,10,480,7,567,8,512,7,783,12,894,13,334,5,526,8,512,9,456,7,
2026-09-30,05:46:00.172,999,8,0,377,5,297,4,322,4,135,2,122,2,72,1,300,4,359,5,233,3,278,4,453,7,256,4,225,3,81,1,131,2,
2026-09-30,05:46:01.172,999,4110,57,3020,38,3121,56,3551,57,2926,43,2845,43,3503,52,4447,59,3558,50,4127,67,3451,63,3889,55,3711,57,3557,50,3572,53,3716,55,
2026-09-30,05:46:02.173,1000,637,9,1333,17,732,10,1127,14,607,10,1141,17,872,13,890,12,1112,15,599,8,1139,17,1442,23,875,15,1212,17,642,10,1036,16,
2026-09-30,05:46:03.173,999,79,1,249,3,296,4,251,3,523,8,219,4,302,5,362,5,219,3,219,3,156,2,419,6,137,2,420,6,69,1,141,2,
2026-09-30,05:46:04.172,999,228,3,243,3,427,6,345,4,118,2,54,1,6,0,74,1,236,3,225,3,477,7,242,4,157,3,360,5,255,4,471,7,
2026-09-30,05:46:05.172,999,4490,62,5066,65,4466,74,4710,71,3687,54,3957,58,4705,70,4874,68,4006,56,4539,68,3730,63,4696,67,3886,59,4315,60,4357,66,3580,57,
2026-09-30,05:46:06.173,1000,1102,16,983,13,977,14,1283,18,727,13,1136,17,894,13,943,12,1306,18,1002,14,881,13,768,12,683,12,1045,15,990,15,989,15,
2026-09-30,05:46:07.172,999,980,14,1318,17,1121,17,1234,18,1619,24,1213,18,1210,18,1331,19,1397,20,1301,19,1033,16,1336,19,930,14,1195,17,869,13,1047,17,
2026-09-30,05:46:08.172,999,435,6,791,10,554,8,896,12,653,10,645,10,550,8,838,11,806,11,724,10,522,8,706,10,489,8,1008,14,413,6,532,8,
2026-09-30,05:46:09.173,1000,91442,1259,98384,1245,87399,1236,96512,1270,91830,1336,69333,1304,74535,1341,97940,1300,95718,1326,101684,1358,84628,1249,94466,1319,86672,1312,76220,1262,67485,1269,87375,1302,
2026-09-30,05:46:10.173,999,27008,381,28560,372,25550,372,25728,352,23018,353,22103,377,22728,381,27334,371,27546,392,27475,381,25084,382,24809,364,24415,388,24562,385,20350,350,23308,355,
2026-09-30,05:46:11.172,999,2354,34,2408,32,2227,32,2595,35,2376,35,1683,29,2101,35,1858,25,1307,19,1924,26,1476,22,1238,18,1381,22,1709,27,1918,33,2042,31,
2026-09-30,05:46:12.172,999,2803,43,3193,44,2876,41,3731,49,3087,46,3469,58,3431,55,3975,54,4012,61,3667,50,3568,54,3500,51,2698,42,2612,39,2978,48,3162,49,
2026-09-30,05:46:13.173,1000,5686,88,6679,92,6212,91,7645,102,6262,96,5651,90,5155,81,7128,95,5004,74,5588,76,6485,99,5267,76,5265,82,5574,81,5452,85,4847,74,
2026-09-30,05:46:14.173,999,1820,26,2064,27,1888,28,1853,24,1204,19,1897,31,1565,25,1060,14,1368,20,1675,23,928,15,1290,19,1788,28,1514,23,1534,25,1087,16,
2026-09-30,05:46:15.172,999,7247,102,7801,101,5789,97,6526,103,7973,120,8213,126,8128,123,8787,117,7426,105,7406,116,6199,109,6833,98,5572,86,7558,107,8800,134,6905,103,
2026-09-30,05:46:16.173,1000,2870,41,2994,41,2515,39,3212,45,2347,38,2534,39,2359,34,3277,44,3405,48,3214,47,2501,40,2952,45,2586,43,3197,46,2888,45,2641,40,
2026-09-30,05:46:17.173,999,13508,187,13008,166,11109,193,11174,177,13653,200,12691,193,14187,211,15292,202,12909,181,12252,193,11851,210,14922,213,12410,190,12977,182,12329,186,13695,202,
2026-09-30,05:46:18.172,999,2735,38,3049,39,2133,31,2011,26,1786,29,2068,34,2047,32,2372,31,2092,29,2136,31,2459,39,2583,39,1876,30,2220,33,1958,34,2289,34,
2026-09-30,05:46:19.173,1000,2298,34,2616,35,1985,28,2778,37,1850,29,1706,27,1779,29,2094,28,2450,36,1835,25,1408,21,2201,31,1485,23,1588,24,1557,27,1779,27,
2026-09-30,05:46:20.173,999,907,13,911,12,674,9,1294,17,981,15,797,13,907,15,911,12,913,13,1082,15,1081,16,1115,16,578,9,1508,23,929,16,1288,19,
2026-09-30,05:46:21.173,999,532,8,481,6,320,4,758,9,497,7,427,8,489,9,769,10,871,12,692,9,499,7,893,13,410,6,335,5,86,1,410,6,
2026-09-30,05:46:22.172,999,392,6,175,2,389,5,455,5,225,3,314,5,163,3,440,6,94,1,296,4,406,6,197,3,136,2,391,5,227,4,502,7,
2026-09-30,05:46:23.173,1000,840,13,862,12,1048,15,742,9,787,12,577,9,724,11,606,8,661,10,826,11,936,14,931,13,1111,17,546,7,1136,17,831,12,
2026-09-30,05:46:24.173,999,1915,28,1985,27,2006,29,2253,29,1350,20,1411,21,1224,19,1808,25,1748,26,2188,30,1340,20,1469,21,1287,21,1376,19,1225,19,1100,17,
2026-09-30,05:46:25.172,999,2638,38,2199,28,1411,22,2344,34,2481,37,2170,36,2101,33,2391,32,2308,33,2276,34,1909,32,2519,37,1881,29,1811,26,2069,34,1848,27,
2026-09-30,05:46:26.173,1000,870,12,465,6,908,13,1040,13,724,12,783,13,974,15,466,6,987,14,699,10,692,10,854,12,853,14,566,8,440,7,673,10,
2026-09-30,05:46:27.173,999,150,2,253,3,567,8,399,5,224,3,329,5,329,5,297,4,403,6,152,2,135,2,424,6,93,1,271,3,167,3,79,1,
2026-09-30,05:46:28.172,999,607,9,591,8,669,9,239,2,401,6,554,9,728,12,310,4,92,1,235,3,729,11,350,5,341,5,375,5,288,5,424,6,
2026-09-30,05:46:29.173,1000,636,9,642,8,396,5,570,6,814,12,489,8,552,9,578,8,219,3,317,4,493,7,481,7,669,10,471,6,253,4,591,9,
2026-09-30,05:46:30.173,999,363,5,649,8,649,8,932,11,555,8,426,6,153,2,473,6,583,8,476,6,408,6,643,9,642,9,446,5,435,6,348,5,
2026-09-30,05:46:31.173,999,842,12,1084,15,946,13,1200,15,1022,16,619,11,814,14,988,13,1070,15,1478,20,1079,16,1037,15,1446,23,1034,16,949,17,1001,15,
2026-09-30,05:46:32.172,999,6371,88,6610,84,5803,98,6589,99,5441,82,6561,100,7321,110,6824,92,6351,88,6480,101,7091,123,6769,98,6609,104,7369,104,6911,105,6590,99,
2026-09-30,05:46:33.173,1000,375,5,316,4,384,5,242,2,277,4,349,5,133,2,166,2,438,6,383,5,280,4,638,9,277,4,375,5,215,4,362,5,
2026-09-30,05:46:34.173,999,366,5,562,7,557,8,424,5,407,6,353,6,262,4,535,7,593,8,263,4,335,6,578,8,214,3,625,9,262,4,483,7,
2026-09-30,05:46:35.173,999,786,11,1695,22,1224,19,1354,20,1588,23,1328,21,1233,19,2028,27,2640,37,2353,35,1152,20,1485,21,1741,26,1573,23,1214,20,1573,23,
2026-09-30,05:46:36.173,1000,569,8,670,8,765,11,1484,20,536,8,561,8,800,12,1059,14,661,10,856,12,696,10,724,11,761,11,880,12,873,13,718,10,
2026-09-30,05:46:37.173,999,1313,21,987,13,1153,16,1459,19,1572,24,1245,19,848,13,1139,15,961,15,729,10,1379,21,1515,22,1156,17,725,10,1182,18,1355,20,
2026-09-30,05:46:38.173,999,9408,132,12823,165,11234,156,11320,148,10468,159,8178,153,8286,152,12186,159,10614,145,10518,144,10423,155,11470,160,9934,152,8208,138,8233,160,11310,166,
2026-09-30,05:46:39.172,999,510,8,217,3,456,7,373,5,414,6,274,4,385,6,304,4,224,3,312,4,206,3,357,5,274,4,387,5,302,5,403,6,
2026-09-30,05:46:40.173,1000,2171,31,2537,33,1545,26,1707,26,1632,24,2089,33,2068,32,1886,25,2664,39,2774,44,2224,39,2076,29,1967,30,2477,35,2080,31,2161,32,
2026-09-30,05:46:41.173,999,10164,140,13747,176,10738,152,12336,163,9462,139,7817,157,8010,151,10719,142,10856,153,10649,143,10142,151,10470,149,10154,154,9416,162,8116,162,12238,182,
2026-09-30,05:46:42.173,999,297,5,656,9,732,10,611,7,324,5,463,7,400,6,847,11,653,11,727,10,602,9,402,6,594,9,542,7,544,8,414,6,
2026-09-30,05:46:43.173,1000,214,3,308,4,313,4,464,5,575,9,245,4,221,3,525,7,769,11,315,4,173,3,366,5,467,7,328,4,455,7,397,6,
2026-09-30,05:46:44.173,999,493,8,940,12,718,10,1207,15,1124,17,778,14,963,18,1231,16,784,12,1270,17,1524,23,985,14,579,9,804,12,861,16,866,13,
2026-09-30,05:46:45.173,999,884,12,958,12,1227,19,842,11,996,15,1044,16,1012,15,1145,15,877,12,1312,19,751,12,1111,16,880,13,738,9,590,9,635,9,
2026-09-30,05:46:46.173,1000,581,8,629,8,595,8,559,6,527,8,428,7,584,9,462,6,498,7,361,5,389,6,684,10,152,2,564,8,451,8,824,12,
2026-09-30,05:46:47.173,999,8655,120,9295,119,7737,136,8205,131,6953,103,7956,119,6909,103,9042,120,6847,95,7790,126,6757,123,8132,114,8804,133,7977,112,8904,134,8926,133,
2026-09-30,05:46:48.173,999,148,2,409,5,308,4,223,2,344,5,406,7,517,8,459,6,75,1,537,8,472,7,347,5,345,5,240,3,126,2,287,4,
2026-09-30,05:46:49.173,999,860,12,1176,15,875,13,1207,17,828,12,536,8,1132,17,1425,20,1200,17,1254,19,878,14,1364,20,1083,17,1036,14,914,14,977,15,
2026-09-30,05:46:50.173,1000,354,5,300,4,501,7,465,6,255,4,115,2,124,2,381,5,200,3,220,3,73,1,503,7,313,5,269,4,333,6,203,3,
2026-09-30,05:46:51.173,999,340,5,165,2,92,1,322,4,243,4,199,3,190,3,151,2,284,4,229,3,137,2,211,3,79,1,149,2,54,1,247,4,
2026-09-30,05:46:52.173,999,161,2,166,2,159,2,259,3,69,1,105,2,167,3,282,4,358,5,81,1,408,6,206,3,336,5,140,2,74,1,85,1,
2026-09-30,05:46:53.173,1000,63,1,164,2,280,4,191,2,140,2,54,1,58,1,83,1,4,0,5,0,132,2,143,2,64,1,79,1,136,2,6,0,
2026-09-30,05:46:54.173,999,429,6,713,9,307,5,499,7,602,9,366,6,443,7,534,7,219,3,301,5,440,8,300,4,301,5,486,7,473,7,662,10,
2026-09-30,05:46:55.173,999,3553,52,2280,31,1889,31,2672,41,2292,34,2780,44,1782,27,2109,28,2600,39,3327,51,2296,38,3004,44,2443,37,1712,24,2647,41,1996,30,
2026-09-30,05:46:56.173,999,31097,436,35003,453,25683,408,30599,446,29360,461,30958,461,30990,455,37243,500,34917,484,30702,461,29010,487,33600,489,26443,429,29710,421,29361,443,27807,426,
2026-09-30,05:46:57.173,1000,101593,1440,113600,1480,90160,1444,100137,1478,96234,1515,99252,1509,100568,1497,112120,1489,102560,1453,100137,1486,89660,1488,99240,1482,91179,1478,105768,1498,96850,1461,98741,1485,
2026-09-30,05:46:58.173,999,17296,249,19995,262,15410,235,17101,244,15647,236,14777,230,13698,212,16667,228,17316,250,15468,225,14893,242,15462,223,14264,223,15241,221,15769,242,14483,225,
2026-09-30,05:46:59.173,999,4888,68,4561,57,3640,61,3268,51,4135,61,4584,71,4060,63,5771,77,4489,64,4133,65,3312,59,4484,64,4365,67,4135,61,3375,54,3548,53,
2026-09-30,05:47:00.174,1000,9262,130,10303,133,9069,132,9079,122,7992,118,5626,107,5933,107,8423,112,8386,118,8823,122,8648,130,7424,106,7262,112,7372,124,5396,103,7296,109,
2026-09-30,05:47:01.173,999,5704,93,6456,95,6483,95,6265,85,5449,81,6305,97,6441,96,7108,94,6329,105,7144,101,5712,91,6500,93,6075,93,7693,111,7793,119,5968,90,
2026-09-30,05:47:02.173,999,20928,288,21333,269,16159,272,17172,267,18036,267,17636,263,20028,297,22421,296,19315,268,17874,278,17298,301,21102,304,18011,275,18933,266,19700,293,19579,290,
2026-09-30,05:47:03.173,999,4248,61,4352,58,3950,57,3448,47,3082,46,2776,45,3355,52,4029,55,3053,44,3557,49,3100,47,3790,55,3081,48,3333,49,2824,47,3426,52,
2026-09-30,05:47:04.174,1000,1640,24,1305,17,1343,19,1752,23,1397,22,1361,23,1194,19,1328,18,1636,23,1783,24,1475,22,1199,19,1116,18,1129,17,1028,17,1477,22,
2026-09-30,05:47:05.173,999,19562,274,23883,309,19775,326,20468,315,20647,310,22084,342,19304,294,26723,354,22727,324,22399,346,17655,307,22546,326,18707,293,21587,312,19179,296,21345,318,
2026-09-30,05:47:06.173,999,119058,1647,135898,1728,116827,1644,133636,1758,120354,1765,93069,1754,96160,1740,131289,1739,124148,1716,125968,1682,113111,1663,123713,1740,116050,1761,102242,1701,92430,1750,116068,1737,
2026-09-30,05:47:07.174,1000,49136,689,55231,717,48957,713,52359,714,48186,723,41966,728,41789,715,55981,747,49411,701,55072,763,52179,801,50930,736,45493,704,44652,706,39535,695,44379,667,
2026-09-30,05:47:08.173,999,7171,102,9068,118,7795,114,7695,105,7998,132,8213,130,7307,115,9025,120,6455,92,7499,106,7731,121,7464,115,6116,103,7023,106,5587,88,5653,86,
2026-09-30,05:47:09.173,999,9249,132,11095,146,9726,141,10561,144,8219,127,7319,120,7494,119,9052,122,8333,121,8573,118,7508,115,7983,116,7504,117,8116,123,7187,117,7710,117,
2026-09-30,05:47:10.173,999,9153,129,9684,124,9343,134,9351,124,7003,109,7558,133,6784,115,7925,106,9020,125,8208,112,9050,135,7810,116,8002,131,7883,124,6342,111,8120,123,
2026-09-30,05:47:11.174,1000,1616,25,1842,25,1868,26,1586,21,2295,34,2141,37,1659,28,2036,27,1633,25,2440,33,2369,35,2191,31,1676,26,1316,20,1212,21,1272,19,
2026-09-30,05:47:12.173,999,5983,90,6964,94,6966,98,7128,95,6057,93,5784,90,5721,88,7332,98,5675,86,6021,82,5889,89,5027,75,5726,93,5954,86,6923,104,5750,87,
2026-09-30,05:47:13.173,999,2295,32,2890,38,2355,35,2321,32,2871,43,3356,55,3220,51,3800,51,3393,48,3872,53,3727,57,3681,53,2553,39,2724,41,3019,51,2562,39,
2026-09-30,05:47:14.174,1000,1934,28,2344,31,2459,35,2673,34,2578,38,1979,32,1765,29,2394,32,2464,37,2234,31,2354,36,2932,42,1460,22,1884,27,1530,25,1675,25,
2026-09-30,05:47:15.175,1000,11607,162,13238,170,9994,173,11274,181,11933,176,12250,188,10711,161,12545,166,12114,172,11217,181,9186,167,11262,160,10584,162,12345,175,10879,167,12310,183,
2026-09-30,05:47:16.174,999,1575,23,1907,26,2072,29,2270,29,1207,19,1031,17,1045,17,1473,20,1373,20,1771,24,1349,20,1202,18,2118,34,2264,34,1708,28,1933,29,
2026-09-30,05:47:17.174,999,17803,244,18734,237,14262,248,14374,229,16211,235,17298,259,16401,243,19153,253,16188,225,14851,235,13831,248,17903,254,15791,230,17961,243,15048,223,15997,236,
2026-09-30,05:47:18.175,1000,1758,25,2066,27,1780,25,2129,28,1713,26,1942,32,1296,21,2099,28,1724,25,2646,37,2411,37,1585,24,1649,27,2268,33,1376,22,2148,32,
2026-09-30,05:47:19.175,999,1035,14,787,10,898,12,1042,13,743,11,497,9,484,8,544,7,390,5,586,8,278,4,510,7,1041,16,690,10,415,8,1168,17,
2026-09-30,05:47:20.174,999,1638,23,1577,20,1967,27,2217,28,1634,25,868,15,1332,23,1427,19,1700,23,1906,26,1553,24,1256,18,1804,28,1690,26,1727,29,1239,18,
2026-09-30,05:47:21.175,1000,891,13,894,12,884,13,1039,13,487,7,994,18,717,13,684,9,508,7,889,12,346,5,630,9,498,7,294,4,575,10,598,9,
2026-09-30,05:47:22.176,1000,898,13,1629,22,956,14,1062,14,896,13,753,12,609,9,1014,14,970,14,744,10,633,10,1186,17,990,15,767,11,903,14,894,14,
2026-09-30,05:47:23.175,999,2206,31,1999,26,1791,26,2471,34,2664,43,2015,31,2364,36,2699,36,2182,30,2527,35,2106,32,2880,44,1649,27,2166,30,1729,27,2714,40,
2026-09-30,05:47:24.175,999,559,9,712,9,930,13,838,10,633,9,625,10,638,10,391,5,461,7,962,13,1149,17,621,9,538,8,507,7,347,6,529,8,
2026-09-30,05:47:25.176,1000,2006,28,3150,41,2782,46,2352,36,2117,31,2456,39,2673,41,3161,42,2786,39,2309,35,2239,39,1759,25,2415,37,2925,42,2121,33,2404,36,
2026-09-30,05:47:26.175,999,2036,28,1893,25,1669,23,2484,32,2383,40,2035,33,2365,37,1924,26,2069,29,2054,28,2299,34,2554,42,1389,25,2022,28,2377,38,1855,28,
2026-09-30,05:47:27.175,999,802,12,1161,16,862,12,843,11,1215,19,591,10,1010,15,683,9,1593,24,1488,21,1276,19,1448,22,776,12,752,11,748,12,1469,22,
2026-09-30,05:47:28.176,1000,994,14,776,10,719,11,910,13,744,11,1110,18,432,7,947,13,849,12,226,3,976,16,1028,15,601,9,456,7,484,8,859,13,
2026-09-30,05:47:29.176,999,655,9,1095,14,918,13,893,12,815,12,523,9,705,11,973,13,868,12,560,8,935,15,546,8,601,9,754,11,817,14,819,12,
2026-09-30,05:47:30.175,999,422,6,1130,15,628,9,616,8,865,13,737,12,442,7,704,10,729,11,733,10,340,5,987,14,865,13,637,9,502,8,791,12,
2026-09-30,05:47:31.176,1000,789,12,603,8,378,5,360,4,489,7,439,7,517,8,689,10,355,5,233,3,418,6,360,5,307,4,548,7,726,11,415,6,
2026-09-30,05:47:32.177,1000,9087,128,8754,112,7255,125,8390,132,7104,104,7628,115,7384,110,9320,124,7632,108,7371,117,8382,148,7520,106,9064,138,9401,132,8059,120,8145,121,
2026-09-30,05:47:33.176,999,562,8,756,10,777,11,545,7,689,11,439,7,532,8,1087,15,757,11,920,13,604,9,632,9,472,7,611,9,688,11,923,14,
2026-09-30,05:47:34.176,999,490,7,683,9,378,5,497,6,548,8,365,6,351,5,244,3,582,8,303,4,218,3,287,4,506,7,256,3,462,8,285,4,
2026-09-30,05:47:35.177,1000,1904,27,1533,20,1776,27,1655,23,1230,19,1364,21,1167,18,2404,32,1896,27,1765,26,1263,21,1512,22,1753,27,1690,24,1440,22,1599,24,
2026-09-30,05:47:36.177,999,1512,22,1263,17,1150,17,1563,21,1054,16,1588,24,1001,15,1612,21,1065,15,1394,20,1569,24,1329,19,1116,17,2089,30,1459,22,718,11,
2026-09-30,05:47:37.176,999,1086,15,963,13,990,14,1355,17,695,11,1216,19,1085,16,1120,15,777,11,903,12,591,9,1100,16,597,9,550,7,914,14,543,8,
2026-09-30,05:47:38.177,1000,3439,50,4508,60,4151,59,3957,52,2632,46,3459,54,2738,41,3037,40,3402,48,4366,60,3172,49,2475,41,2558,46,3474,49,3802,58,4206,64,
2026-09-30,05:47:39.177,999,333,5,508,7,242,3,803,10,292,4,521,9,491,8,377,5,543,8,457,6,633,10,635,9,429,6,124,1,105,2,486,7,
2026-09-30,05:47:40.176,999,462,6,400,5,365,5,587,7,361,5,433,7,322,5,623,8,541,8,659,9,495,7,235,3,521,7,293,4,747,13,480,7,
2026-09-30,05:47:41.177,1000,226,3,174,2,322,4,427,5,489,7,304,5,266,4,384,5,568,8,291,4,225,3,278,4,206,3,188,2,401,7,348,5,
2026-09-30,05:47:42.177,999,2526,38,3164,43,3090,44,3172,40,2135,34,2282,34,2674,39,2310,31,2024,30,2343,32,2707,41,2513,38,2066,33,1903,26,2114,32,2519,38,
2026-09-30,05:47:43.177,999,949,14,1118,15,961,16,1186,17,1250,19,797,12,689,10,1767,23,1243,17,1537,24,1209,21,992,14,1149,17,1096,15,924,14,586,9,
2026-09-30,05:47:44.176,999,487,7,900,12,1029,14,1169,14,801,12,541,10,883,16,1391,18,749,11,1028,14,921,13,1055,14,369,5,696,10,862,15,574,8,
2026-09-30,05:47:45.177,1000,801,11,615,8,810,13,892,13,963,14,918,14,737,11,1446,19,1332,19,928,14,782,14,513,7,602,9,919,12,686,10,814,12,
2026-09-30,05:47:46.177,999,491,7,674,9,938,13,921,12,603,10,579,9,661,10,1041,14,294,4,346,5,464,7,131,2,639,12,1066,15,670,10,555,8,
2026-09-30,05:47:47.176,999,6280,87,6878,88,5222,92,6096,97,5640,83,5260,80,5113,78,7521,100,6764,95,5231,84,5608,102,5849,83,5656,87,6130,87,6419,97,6684,99,
2026-09-30,05:47:48.177,1000,1385,21,1929,25,1538,23,1495,21,2025,30,2088,32,1856,28,1728,23,1598,26,1588,22,1557,24,1188,17,1587,24,1289,18,1780,28,2018,30,
2026-09-30,05:47:49.177,999,632,9,540,7,614,8,945,12,659,10,493,9,432,7,820,11,532,8,751,10,718,11,630,9,397,6,411,6,580,10,413,6,
2026-09-30,05:47:50.177,999,428,6,933,12,460,7,434,6,574,9,632,11,190,3,443,6,542,8,615,9,478,7,653,10,668,10,748,11,409,6,376,6,
2026-09-30,05:47:51.176,999,79162,1093,86603,1096,74246,1047,85750,1130,74724,1091,56258,1050,57877,1048,82532,1090,76787,1061,84020,1121,71258,1053,78542,1103,71976,1086,64514,1071,58238,1108,75575,1121,
2026-09-30,05:47:52.177,1000,29368,406,31676,406,27431,398,31226,422,30152,440,24649,454,24039,422,32484,430,31985,449,32600,448,29687,450,29156,414,26393,402,22304,364,20330,379,27391,393,
2026-09-30,05:47:53.177,999,16475,234,17667,230,15529,231,17073,235,14497,217,15041,249,14208,232,16347,226,13607,195,15734,222,14070,221,15636,226,15178,235,14761,227,12797,214,12721,196,
2026-09-30,05:47:54.177,999,53859,756,59952,771,52124,749,57286,770,54589,803,41989,769,41552,731,56336,754,50660,712,59358,810,48373,735,53980,764,53873,818,49464,804,39775,732,52407,783,
2026-09-30,05:47:55.177,1000,15965,226,18464,240,14740,239,17766,268,16623,246,16683,270,14664,232,17950,240,15800,227,16381,250,14065,238,15957,228,13114,203,17193,258,11604,189,15655,234,
2026-09-30,05:47:56.177,999,5206,77,5533,75,5526,82,6162,84,5187,82,4905,81,4937,79,6505,88,5562,81,6435,89,5549,86,5693,87,5441,88,5015,74,4868,80,4989,76,
2026-09-30,05:47:57.177,999,1621,23,2326,30,1637,25,1953,27,1497,23,2118,36,1435,23,1770,24,1584,24,2059,29,2014,30,2346,33,1757,28,1553,24,1712,29,1677,25,
2026-09-30,05:47:58.176,999,4487,64,4869,65,3370,50,4104,57,3329,55,4018,62,5088,76,5000,66,4973,71,4602,66,4361,69,4706,73,3120,51,3936,57,4338,67,4178,63,
2026-09-30,05:47:59.177,1000,7072,99,7540,99,6554,97,7660,104,5873,89,5453,89,5986,95,6197,84,5681,83,6017,84,5174,80,6453,94,6324,98,7249,104,5551,88,6382,98,
2026-09-30,05:48:00.177,999,1690,25,2097,28,2186,31,1679,22,1931,29,1492,27,1510,26,2088,28,1734,25,1590,22,1660,25,2348,34,2425,37,2166,35,965,17,1426,22,
2026-09-30,05:48:01.177,999,1786,25,2107,27,1654,24,1743,24,964,16,1330,21,1189,19,1553,21,1233,17,1332,18,1436,21,1507,23,1399,24,2263,33,1256,20,1771,26,
2026-09-30,05:48:02.177,1000,15761,215,17627,221,13953,239,14220,223,13874,204,15138,226,15901,234,17322,229,14914,207,13956,222,13166,237,16666,239,15017,231,16754,235,15023,221,17110,252,
2026-09-30,05:48:03.177,999,3226,48,4381,58,3311,50,3450,48,3462,53,3452,54,3918,61,4888,66,4042,58,4233,59,3259,49,3703,55,3169,49,3409,50,2505,40,3196,49,
2026-09-30,05:48:04.177,999,3029,43,3260,42,2721,40,2945,40,2259,35,3323,55,2234,36,2923,39,3235,46,3349,47,3782,59,3546,55,2694,44,3004,45,2744,46,2370,35,
2026-09-30,05:48:05.177,1000,9101,128,10011,129,8433,144,8602,135,8581,127,7684,119,11272,172,10278,137,8540,121,7183,113,6490,116,8529,123,7822,120,8736,125,8504,133,9315,139,
2026-09-30,05:48:06.178,1000,3306,50,3294,45,2369,35,2745,39,1576,24,2327,38,2737,43,2833,38,2932,44,2140,31,3163,51,3274,48,3292,51,2818,41,3045,47,2530,39,
2026-09-30,05:48:07.178,999,1993,28,2565,33,1109,18,1678,24,2323,34,1833,28,2401,37,2846,38,1727,24,2217,34,1749,29,1966,28,2145,33,1992,29,1649,26,1821,28,
2026-09-30,05:48:08.178,999,4819,68,4640,60,4689,69,4538,62,3747,64,4395,69,3059,48,4146,55,4301,60,4677,67,3552,57,3880,62,3292,56,3370,49,3989,64,3756,57,
2026-09-30,05:48:09.178,1000,2062,29,1755,22,2130,31,1928,26,1848,27,1981,34,1683,28,1571,22,1308,18,1680,23,1696,26,1982,28,1640,25,2068,32,1313,24,1379,21,
2026-09-30,05:48:10.178,999,1985,28,2395,31,1733,26,2401,33,2109,32,2056,33,2165,34,2337,32,2044,29,2020,30,2178,35,2283,33,1674,27,1764,26,1893,32,1773,26,
2026-09-30,05:48:11.178,999,711,10,623,8,632,9,498,6,696,10,496,9,281,5,602,8,438,6,720,10,563,8,301,4,618,9,781,11,857,15,606,9,
2026-09-30,05:48:12.178,1000,1978,28,2260,29,1853,30,2224,32,2088,30,2033,31,1748,27,2028,27,2171,31,1518,24,2011,34,2208,31,2213,33,2178,30,1813,27,1302,19,
2026-09-30,05:48:13.178,999,436,6,250,3,391,5,490,5,737,11,616,10,511,8,681,9,917,13,876,12,511,8,526,7,302,4,433,6,191,3,348,5,
2026-09-30,05:48:14.178,999,783,11,1269,16,1083,16,1168,16,1310,20,929,14,812,12,1093,15,885,13,1037,15,730,12,1079,16,507,8,778,11,819,13,1265,19,
2026-09-30,05:48:15.179,1000,1221,17,627,8,1075,17,1098,16,1295,19,1372,21,1429,22,1793,24,1089,15,1310,20,932,16,1269,18,1128,17,1268,18,1197,19,1104,16,
2026-09-30,05:48:16.179,1000,1035,15,1146,15,1030,14,776,9,1689,25,1103,18,1433,23,1546,22,1549,22,1251,17,1263,18,1626,24,1183,19,1238,17,965,15,921,15,
2026-09-30,05:48:17.179,999,8015,111,8853,112,6351,112,7764,124,7810,115,7018,106,8332,124,9960,132,8264,116,7199,117,7529,138,8176,115,8121,124,8649,122,9103,135,8710,129,
2026-09-30,05:48:18.179,999,1163,17,2198,30,1569,22,1631,21,1179,19,1415,22,1538,23,1384,18,1485,21,2131,29,2049,31,1234,19,1321,22,1503,21,1059,17,1497,22,
2026-09-30,05:48:19.180,1000,613,9,647,8,960,13,1151,14,852,14,750,12,809,13,1021,13,1029,14,1138,15,804,12,376,6,620,10,397,5,156,2,617,9,
2026-09-30,05:48:20.179,999,640,10,935,13,1083,15,873,11,551,8,1191,19,504,8,738,10,976,15,963,13,622,9,850,12,796,12,890,13,601,10,818,12,
2026-09-30,05:48:21.179,999,1351,19,1320,17,1755,25,1656,21,1385,21,1234,20,1324,22,1361,18,1057,16,1036,14,1284,19,1260,18,776,12,1263,18,1568,26,1552,23,
2026-09-30,05:48:22.180,1000,1538,22,1222,16,566,8,1831,25,459,7,536,9,811,13,669,9,958,13,1001,14,699,11,707,11,987,16,791,11,1000,15,1014,16,
2026-09-30,05:48:23.179,999,3183,46,3626,48,3272,46,3796,50,1650,30,2495,38,2353,35,2241,30,4235,60,4009,55,2777,42,1954,32,2739,51,4163,59,2501,39,2896,44,
2026-09-30,05:48:24.179,999,226,3,332,4,301,4,363,4,437,7,192,3,383,6,748,10,466,7,533,7,416,6,387,6,437,7,546,8,304,5,276,4,
2026-09-30,05:48:25.179,999,2282,34,1812,25,1703,26,1756,24,2143,32,1965,31,2066,32,2012,27,1869,29,1903,28,1561,25,2309,33,1272,19,1864,26,1898,30,1372,20,
2026-09-30,05:48:26.180,1000,366,5,551,7,438,6,575,7,367,6,341,5,337,5,304,4,512,7,593,8,345,5,323,5,215,3,411,5,425,6,263,4,
2026-09-30,05:48:27.179,999,2368,35,2929,40,2346,34,2909,38,2656,41,2874,46,2697,42,3152,42,2638,40,2220,31,2794,43,3309,49,2102,33,2109,30,2333,36,1990,30,
2026-09-30,05:48:28.179,999,839,12,838,11,569,8,407,5,603,9,367,7,364,6,538,7,808,11,444,6,879,13,928,13,446,7,664,10,781,14,412,6,
2026-09-30,05:48:29.180,1000,112,2,87,1,86,1,315,4,145,2,143,2,195,3,304,4,425,6,155,2,131,2,212,3,5,0,359,5,80,1,202,3,
2026-09-30,05:48:30.180,1000,247,4,300,4,239,3,341,4,362,5,194,3,199,3,82,1,287,4,434,6,71,1,76,1,459,7,127,1,341,5,134,2,
2026-09-30,05:48:31.180,999,364,5,313,4,392,6,395,5,552,8,405,7,404,6,436,6,268,4,422,6,440,7,287,4,486,7,648,10,293,5,427,6,
2026-09-30,05:48:32.180,999,6540,92,6644,84,5199,92,5875,92,5130,75,6123,93,6751,101,7143,95,6362,90,5954,96,5938,107,6688,95,6415,98,6508,91,6516,97,6427,95,
2026-09-30,05:48:33.181,1000,485,7,91,1,269,4,188,2,109,2,666,10,61,1,469,6,436,6,507,7,678,10,485,7,349,5,247,3,518,8,209,3,
2026-09-30,05:48:34.180,999,142,2,167,2,301,4,199,2,11,0,225,4,60,1,232,3,89,1,10,0,156,2,137,2,77,1,189,2,221,3,80,1,
2026-09-30,05:48:35.180,999,1774,25,1833,24,2024,30,1897,26,2076,31,1850,28,1935,29,2189,31,1544,23,1860,27,1513,23,1643,23,1874,29,1937,27,1966,30,1441,23,
2026-09-30,05:48:36.181,1000,541,8,625,8,511,7,694,9,181,3,137,2,144,2,230,3,220,3,507,7,293,4,317,5,518,8,505,7,215,3,432,7,
2026-09-30,05:48:37.181,999,777,11,771,10,665,9,943,12,729,12,520,8,586,9,822,11,729,10,630,8,426,6,496,8,627,11,683,9,684,10,409,6,
2026-09-30,05:48:38.180,999,1265,18,870,11,809,11,1135,14,552,9,735,11,949,14,985,13,755,11,399,5,944,14,571,9,288,4,364,4,489,7,616,9,
2026-09-30,05:48:39.180,999,776,12,1092,15,677,10,614,8,704,10,726,11,372,6,535,7,334,5,355,5,427,7,429,6,288,4,922,13,1104,17,547,8,
2026-09-30,05:48:40.181,1000,457,8,619,9,865,12,721,9,556,9,319,5,447,7,1076,14,485,7,867,12,797,12,745,11,723,11,728,10,616,10,417,6,
2026-09-30,05:48:41.180,999,138,2,252,3,111,1,367,4,217,3,201,3,263,4,164,2,159,2,168,2,30,0,150,2,318,4,113,1,187,3,156,2,
2026-09-30,05:48:42.180,999,10698,148,13206,169,10069,144,13324,177,10758,158,8410,165,8101,154,12519,166,11388,160,11668,158,10837,162,10826,154,10613,162,9482,163,8640,172,12544,187,
2026-09-30,05:48:43.181,1000,147,2,632,8,327,4,754,9,344,5,485,7,208,3,462,6,396,5,250,3,261,4,299,4,215,3,545,7,450,7,306,4,
2026-09-30,05:48:44.181,999,579,8,706,9,648,9,880,11,412,6,554,10,379,7,618,8,597,8,390,5,580,9,596,8,351,5,435,6,588,11,489,7,
2026-09-30,05:48:45.180,999,589,8,570,7,777,13,677,9,824,13,740,11,650,10,887,12,862,12,402,6,503,8,909,13,1012,15,1120,15,194,3,578,9,
2026-09-30,05:48:46.180,999,447,6,557,7,716,10,864,11,396,6,176,3,253,4,229,3,549,8,623,9,456,7,560,8,286,4,667,9,409,6,526,8,
2026-09-30,05:48:47.181,1000,4512,62,4224,54,4170,73,3461,55,3587,52,4890,74,4434,66,5673,75,4470,62,4321,70,4248,78,4757,67,4832,74,4449,62,4835,72,4677,70,
2026-09-30,05:48:48.180,999,1094,16,432,6,721,10,837,11,776,11,516,8,641,10,690,9,787,11,753,11,762,12,1193,17,593,9,785,11,425,7,542,8,
2026-09-30,05:48:49.180,999,1514,21,819,10,1030,15,1086,13,637,10,1010,16,1148,17,865,12,817,11,1033,14,770,11,762,11,676,11,969,14,621,10,307,4,
2026-09-30,05:48:50.181,1000,498,7,636,8,913,13,704,9,405,6,299,6,290,5,156,2,423,6,452,6,137,2,461,7,696,11,402,6,345,6,254,4,
2026-09-30,05:48:51.181,999,794,11,1549,20,1454,22,965,14,786,12,1154,18,605,9,1147,15,789,11,975,15,773,13,1143,16,1626,25,757,10,716,11,692,10,
2026-09-30,05:48:52.180,999,411,6,600,8,898,13,724,10,815,12,354,6,569,9,674,9,833,12,549,8,261,4,483,7,341,5,285,4,613,10,277,4,
2026-09-30,05:48:53.181,1000,646,9,1232,16,648,9,845,11,737,12,1001,15,1013,15,900,12,668,9,635,9,897,14,1034,16,529,9,836,12,657,10,725,11,
2026-09-30,05:48:54.181,999,1402,20,1530,20,1361,21,2076,28,1667,25,1484,23,1816,28,1507,20,2074,29,1582,24,1719,28,1875,27,1920,31,1297,18,924,14,1594,24,
2026-09-30,05:48:55.180,999,1468,21,609,8,870,14,1580,23,1085,16,1122,17,1006,16,1128,15,1713,24,1298,19,464,8,795,11,1349,21,1222,17,603,10,609,9,
2026-09-30,05:48:56.180,999,1879,27,1502,20,1882,29,1721,25,1513,23,1355,22,835,13,1662,22,1552,22,1151,17,1290,21,1129,17,1532,25,1596,23,1500,24,1573,24,
2026-09-30,05:48:57.181,1000,623,9,682,9,406,6,566,8,727,11,551,9,306,5,452,6,485,7,262,4,600,9,422,6,397,6,746,11,662,11,337,5,
2026-09-30,05:48:58.181,999,428,6,545,7,381,5,562,7,419,6,554,9,330,5,440,6,225,3,440,7,251,4,350,5,174,3,568,8,118,2,275,4,
2026-09-30,05:48:59.180,999,318,5,375,6,493,7,341,4,454,7,352,6,521,9,463,6,452,7,453,6,617,9,617,9,599,9,658,9,703,12,341,5,
2026-09-30,05:49:00.181,1000,811,12,1279,17,989,14,1026,13,1139,17,845,13,669,10,605,8,1190,18,790,11,737,11,886,13,866,13,473,6,679,11,496,7,
2026-09-30,05:49:01.181,999,228,3,8,0,98,1,46,0,138,2,61,1,62,1,309,4,10,0,68,1,8,0,18,0,148,2,35,0,64,1,14,0,
2026-09-30,05:49:02.181,999,5233,73,4842,62,4682,81,4554,72,4159,62,5255,79,5044,75,6131,81,4813,67,4322,70,4797,84,5212,77,4678,73,4844,68,4896,73,5731,85,
2026-09-30,05:49:03.180,999,145,2,490,6,569,8,475,6,340,5,468,7,523,8,656,9,598,8,331,5,474,8,366,5,477,7,879,12,326,5,142,2,
2026-09-30,05:49:04.181,1000,415,6,250,3,483,7,505,7,218,3,256,4,395,6,289,4,355,5,789,11,325,5,275,4,476,8,238,3,233,4,342,5,
2026-09-30,05:49:05.181,999,4324,61,4718,61,4785,72,4605,64,3838,59,3629,54,3379,50,4518,63,3940,54,4675,66,3497,55,4244,62,3926,63,4001,56,4147,63,3844,62,
2026-09-30,05:49:06.181,999,1302,18,1905,25,1663,25,1156,15,1317,19,892,14,1436,22,1849,25,1262,17,1278,18,978,16,1350,20,1284,20,1277,17,1123,17,933,14,
2026-09-30,05:49:07.181,1000,1443,20,1663,21,1519,21,1240,16,1391,21,1330,20,1337,21,1105,16,1872,26,1950,26,2060,31,1479,22,1569,26,1621,23,1731,27,1693,28,
2026-09-30,05:49:08.182,1000,638,9,768,10,368,5,176,2,597,10,645,10,644,10,691,9,577,8,484,7,742,12,650,10,350,6,409,6,536,8,499,8,
2026-09-30,05:49:09.182,999,289,4,322,4,414,6,489,6,207,3,244,4,194,3,235,3,379,5,91,1,158,2,224,3,152,2,297,4,127,2,221,3,
2026-09-30,05:49:10.181,999,92,1,327,4,437,6,450,5,360,5,218,3,187,3,167,2,386,5,309,4,213,3,71,1,287,4,124,1,228,4,285,4,
2026-09-30,05:49:11.182,1000,525,7,802,10,525,8,780,10,944,14,634,11,658,10,838,11,380,5,449,6,639,10,369,5,564,8,215,2,746,12,509,7,
2026-09-30,05:49:12.182,999,1497,22,992,13,836,13,1285,18,1277,19,903,14,776,12,1033,14,1387,22,1265,18,1518,24,1007,15,863,13,1086,15,1053,16,1210,18,
2026-09-30,05:49:13.181,999,139,2,273,4,432,6,188,2,78,1,275,4,725,11,240,3,217,3,360,5,356,6,620,9,215,3,348,4,266,4,151,2,
2026-09-30,05:49:14.182,1000,2355,33,2315,30,2310,32,3415,44,2025,35,2168,32,1916,28,2501,33,1995,28,2332,32,1747,27,1746,30,1266,23,2188,30,1715,26,1927,29,
2026-09-30,05:49:15.182,999,443,6,481,6,538,8,615,8,581,9,735,11,669,10,980,13,1225,17,475,7,1081,18,769,11,467,7,677,9,614,9,347,5,
2026-09-30,05:49:16.182,999,5,0,226,3,261,3,295,3,309,5,75,1,130,2,4,0,277,4,220,3,281,4,209,3,210,3,326,4,124,2,256,4,
2026-09-30,05:49:17.182,1000,4249,59,4780,61,3938,69,4161,65,3482,51,4336,66,4426,66,4725,63,4298,60,4295,69,3796,69,4633,66,4718,72,4498,62,4639,69,4597,68,
2026-09-30,05:49:18.182,999,895,14,566,8,615,8,449,5,1001,15,638,10,738,11,1191,16,542,8,341,5,558,9,898,13,733,11,339,4,560,9,603,9,
2026-09-30,05:49:19.182,999,10,0,250,3,263,3,147,1,284,4,438,8,319,5,150,2,156,2,241,3,156,2,434,6,25,0,138,1,64,1,223,3,
2026-09-30,05:49:20.181,999,300,4,179,2,520,7,536,6,363,5,93,1,130,2,288,4,375,5,513,7,357,5,516,7,285,4,340,4,121,2,436,6,
2026-09-30,05:49:21.182,1000,432,6,388,5,497,7,608,8,192,3,380,6,456,7,463,6,217,3,356,5,379,6,278,4,291,4,526,7,747,12,348,5,
2026-09-30,05:49:22.182,999,150,2,245,3,634,9,539,6,281,4,205,3,319,5,11,0,219,3,511,7,188,3,469,7,262,4,185,2,247,4,339,5,
2026-09-30,05:49:23.182,999,62,1,151,2,100,1,77,0,9,0,59,1,9,0,81,1,14,0,157,2,151,2,74,1,16,0,60,0,85,1,23,0,
2026-09-30,05:49:24.182,1000,411,6,163,2,111,1,453,5,146,2,139,2,201,3,319,4,345,5,158,2,151,2,146,2,343,5,126,1,194,3,400,6,
2026-09-30,05:49:25.182,999,534,8,307,4,332,5,823,12,838,12,657,10,396,6,983,13,963,14,614,9,682,11,697,10,341,5,340,4,309,5,363,5,
2026-09-30,05:49:26.182,999,728,10,391,5,683,9,647,7,1021,18,661,10,754,11,841,11,451,6,1197,16,1037,15,862,14,522,9,706,9,938,14,507,7,
2026-09-30,05:49:27.182,999,641,9,344,4,458,6,295,3,449,7,253,4,188,3,89,1,501,7,544,7,221,3,221,3,382,6,302,4,142,2,141,2,
2026-09-30,05:49:28.182,1000,373,5,719,9,439,6,925,12,427,6,488,7,601,9,607,8,515,7,704,10,807,12,569,8,278,4,517,6,363,5,258,4,
2026-09-30,05:49:29.182,999,138,2,169,2,231,3,202,2,189,3,4,0,188,3,79,1,143,2,76,1,10,0,1,0,13,0,149,2,103,2,6,0,
2026-09-30,05:49:30.182,999,2820,40,3597,47,2703,39,2802,38,2265,33,2197,37,2445,41,3395,47,2727,39,3092,42,2717,41,2539,36,3128,47,2782,42,2448,42,2722,45,
2026-09-30,05:49:31.182,1000,113857,1586,129949,1664,112249,1601,120242,1603,107961,1587,84793,1581,89105,1589,114858,1537,110477,1549,118842,1611,107484,1609,112253,1588,102004,1550,97668,1612,81767,1533,105799,1590,
2026-09-30,05:49:32.182,999,17237,240,16636,212,13969,238,14402,222,16190,239,14925,227,13871,207,16962,224,14151,200,14681,229,14811,257,15904,225,14105,217,15101,213,13607,203,16118,240,
2026-09-30,05:49:33.182,999,5881,85,7674,101,6199,90,8274,110,6061,92,6171,100,6477,105,6666,91,5489,80,4892,69,5494,85,5346,78,5774,90,6660,101,6008,99,5687,86,
2026-09-30,05:49:34.183,1000,1427,20,1873,24,1481,24,1430,21,1699,25,1523,25,850,14,2061,28,1420,20,1698,26,1351,23,1542,22,1334,20,1139,16,1310,21,1746,26,
2026-09-30,05:49:35.182,999,10192,143,11713,151,8999,146,9716,148,11279,167,10213,166,11095,175,12642,168,10482,149,10126,156,9040,153,11007,158,8024,124,10764,158,8020,128,9099,136,
2026-09-30,05:49:36.182,999,3235,48,3035,42,2637,39,3162,43,2791,42,2526,39,2643,40,3380,45,2957,44,3409,47,3019,47,2829,41,2437,39,2796,39,1920,30,2639,40,
2026-09-30,05:49:37.182,999,1980,29,2519,33,1969,29,1733,23,552,8,1374,22,1231,19,2120,28,1443,22,1799,25,1810,28,1902,28,1930,31,1731,24,1525,24,1417,21,
2026-09-30,05:49:38.182,1000,2332,33,3028,39,2173,31,2395,32,2326,39,2579,39,1917,29,3199,42,2441,34,2461,36,1583,26,2642,42,1266,22,2037,29,2298,35,1592,24,
2026-09-30,05:49:39.182,999,2279,32,1420,18,1591,23,1748,23,1009,16,1460,23,1656,26,1574,21,1198,17,1325,18,1511,23,1264,19,1213,20,834,12,1233,20,1476,22,
2026-09-30,05:49:40.182,999,1597,23,2057,26,1642,25,1784,25,2016,30,1878,30,1820,29,1725,23,1362,19,1925,29,1761,29,1386,20,1690,26,1499,21,1200,19,1845,27,
2026-09-30,05:49:41.183,1000,559,8,422,5,631,8,372,4,750,11,211,4,291,5,745,10,722,10,317,4,403,6,495,7,278,4,347,5,249,4,220,3,
2026-09-30,05:49:42.182,999,2610,37,1777,23,1326,21,2022,30,2157,31,1845,30,1875,29,2091,28,2055,29,1884,29,1575,27,1760,25,2427,36,1752,24,1901,30,1636,24,
2026-09-30,05:49:43.182,999,715,11,832,11,853,12,791,10,656,9,849,14,672,11,811,12,1203,17,906,12,971,14,357,5,930,14,937,14,452,7,646,11,
2026-09-30,05:49:44.182,999,834,12,1414,18,762,11,1367,18,915,14,838,15,1188,20,1213,16,582,8,1018,14,1116,17,1302,18,412,6,881,13,1034,17,627,9,
2026-09-30,05:49:45.183,1000,1452,21,1199,15,1076,18,1817,27,1303,19,1070,17,983,15,920,12,1579,23,1165,17,1001,16,1592,23,824,12,1039,14,1128,18,743,11,
2026-09-30,05:49:46.182,999,1310,18,1115,14,737,10,1104,14,1007,17,1495,25,1048,17,1128,15,1515,21,1357,18,1014,15,1016,16,735,13,1124,16,1180,18,1003,15,
2026-09-30,05:49:47.182,999,7744,107,6739,86,5143,90,5589,88,4773,70,6403,98,5422,82,6611,88,5864,82,5924,94,5452,97,6253,88,6004,92,6551,92,7273,109,6660,100,
2026-09-30,05:49:48.183,1000,1151,18,1533,22,1150,17,1015,14,717,11,1184,19,1146,18,1786,24,841,13,1321,18,924,14,1122,16,839,13,1005,15,919,15,1125,17,
2026-09-30,05:49:49.182,999,343,5,378,5,164,2,760,10,277,4,249,4,242,4,455,6,287,4,340,5,81,1,421,6,464,7,139,2,246,4,617,9,
2026-09-30,05:49:50.182,999,1108,15,969,12,875,13,940,12,1298,20,558,9,948,15,1045,14,1353,19,1008,14,894,15,1159,16,1228,19,1150,17,708,11,571,8,
2026-09-30,05:49:51.182,999,479,7,249,3,298,4,420,6,325,5,189,3,359,6,362,5,215,3,285,4,254,4,199,3,310,5,229,3,240,4,272,4,
2026-09-30,05:49:52.183,1000,217,3,77,1,81,1,315,4,356,5,233,4,189,3,226,3,5,0,293,4,253,4,211,3,354,5,77,1,225,4,200,3,
2026-09-30,05:49:53.182,999,503,7,965,12,876,13,845,11,702,13,648,11,633,10,980,13,860,12,662,9,824,12,953,15,500,9,942,13,619,10,614,9,
2026-09-30,05:49:54.182,999,226,3,78,1,230,3,324,4,205,3,307,5,110,2,274,4,224,3,82,1,141,2,77,1,216,3,437,6,122,2,135,2,
2026-09-30,05:49:55.183,1000,1054,16,1392,19,1126,17,1421,21,2069,31,1342,21,1468,22,1987,27,1127,17,1720,25,1248,20,1470,21,1421,21,1031,14,964,15,1542,23,
2026-09-30,05:49:56.184,1000,34641,483,39355,510,31180,499,34586,506,31342,492,34237,507,34554,507,39592,525,38529,534,33424,501,32443,541,36617,545,29168,473,34143,485,32473,491,32609,498,
2026-09-30,05:49:57.183,999,2320,35,2074,29,2064,30,1990,27,2110,31,1878,29,2511,38,2071,30,1807,27,2446,33,1701,26,1127,16,1881,28,1912,27,1913,30,1568,26,
2026-09-30,05:49:58.183,999,1301,18,1589,20,1554,22,1695,22,1189,18,924,14,1102,17,742,11,1373,19,1706,24,1441,22,1043,15,1375,22,1351,20,1227,20,1179,20,
2026-09-30,05:49:59.184,1000,2545,36,2522,33,1805,26,2118,29,1934,31,1983,31,1172,19,1170,16,1733,25,1293,18,947,14,1922,29,1080,18,1648,25,1988,34,1697,26,
2026-09-30,05:50:00.184,999,1189,18,1294,17,506,7,1028,14,906,13,761,14,558,10,1123,15,957,14,450,6,866,13,1060,15,1047,16,875,14,398,7,911,14,
2026-09-30,05:50:01.183,999,3235,47,4237,55,3527,51,3883,52,3250,49,2862,44,3223,49,2781,41,4296,62,4332,59,3372,50,2915,43,2680,41,4069,58,2673,41,2524,42,
2026-09-30,05:50:02.183,999,7776,107,8321,107,7016,119,7351,116,5462,82,7269,110,7094,106,8718,116,6990,98,7444,117,6169,108,6955,102,7703,120,8450,119,8380,124,8988,135,
2026-09-30,05:50:03.184,1000,3760,53,3538,45,3030,43,3735,49,2667,40,2699,42,3006,47,2533,38,2424,34,3333,45,2492,37,3103,46,2274,36,2729,40,2329,37,1732,30,
2026-09-30,05:50:04.183,999,1144,16,1867,24,1565,22,1430,19,1275,21,700,12,664,12,1204,16,1204,17,1453,20,875,13,1612,25,1015,17,889,14,857,14,872,13,
2026-09-30,05:50:05.183,999,6563,92,5786,75,5370,91,5673,89,5001,74,5184,81,5467,84,7215,96,5450,77,7021,108,5007,87,5228,75,4645,71,6591,94,5530,86,5124,76,
2026-09-30,05:50:06.184,1000,1470,22,1939,26,2164,31,2649,35,1834,27,1756,27,1919,29,1907,29,1822,26,2022,28,1940,29,2426,35,1631,25,1786,25,1940,30,1732,30,
2026-09-30,05:50:07.184,999,2347,33,2597,33,2207,33,2495,34,2309,34,2120,35,2367,39,2908,40,2445,34,2305,32,2171,33,2015,28,1884,30,1859,28,2473,41,1837,29,
2026-09-30,05:50:08.183,999,841,12,917,12,656,9,709,9,1136,19,1196,18,1062,16,1220,16,1063,15,1609,23,1365,21,1314,21,510,9,828,12,915,14,916,14,
2026-09-30,05:50:09.183,999,229,3,417,5,428,6,319,4,258,4,396,7,343,6,216,3,430,6,354,5,198,3,350,5,321,5,398,6,169,3,336,5,
2026-09-30,05:50:10.184,1000,1010,14,1244,16,704,10,1138,15,1616,24,767,13,708,12,815,11,1272,18,1353,19,1172,19,1773,26,1163,18,826,12,875,14,918,14,
2026-09-30,05:50:11.184,999,526,7,372,5,568,8,553,7,321,5,264,5,69,1,651,9,785,11,440,6,127,2,354,5,136,2,331,5,166,3,312,5,
2026-09-30,05:50:12.183,999,2433,35,2347,31,1713,27,1599,24,1665,24,1465,23,1465,22,2031,27,1957,29,1783,27,1221,21,2206,32,1962,29,1878,26,2677,40,2515,38,
2026-09-30,05:50:13.184,1000,660,11,1061,15,1211,17,1005,14,1019,15,340,5,464,7,1174,16,561,9,890,12,649,10,841,12,665,10,1227,18,880,14,578,9,
2026-09-30,05:50:14.184,999,871,13,794,10,784,12,864,12,327,5,638,10,531,8,351,5,360,5,576,8,482,8,517,8,526,8,651,9,789,12,458,7,
2026-09-30,05:50:15.183,999,1501,21,951,12,1717,27,1721,25,1132,17,1230,19,1279,19,1733,25,1643,23,1807,26,1304,21,1819,26,1831,28,1871,26,996,16,1250,19,
2026-09-30,05:50:16.183,999,1376,20,1116,15,1330,20,1616,23,1148,17,686,11,783,12,1199,16,566,8,1036,15,1062,17,1170,17,781,12,1321,20,1260,21,1065,16,
2026-09-30,05:50:17.184,1000,6476,90,6414,82,4977,86,5155,82,5203,76,5702,87,5563,84,5881,78,5420,76,5143,83,4919,88,5561,78,6077,92,5934,83,6381,96,5943,88,
2026-09-30,05:50:18.184,999,1127,16,550,7,607,8,864,11,953,15,1127,18,1438,22,1437,19,710,11,1151,16,1043,16,961,14,1144,18,817,11,1034,16,1062,16,
2026-09-30,05:50:19.183,999,753,10,1047,13,762,11,1499,20,794,12,816,12,813,12,756,10,719,10,724,10,632,10,594,9,434,7,959,13,594,9,1119,17,
2026-09-30,05:50:20.184,1000,1272,18,1228,16,1118,17,1014,14,1542,23,1214,19,1140,18,1514,20,1164,16,1245,19,1036,19,1721,25,1445,22,1406,20,1140,17,1277,19,
2026-09-30,05:50:21.184,999,77,1,534,7,219,3,751,10,548,8,140,2,200,3,464,6,345,5,361,5,134,2,273,4,269,4,474,6,243,4,11,0,
2026-09-30,05:50:22.183,999,152,2,93,1,302,4,362,4,355,5,389,6,279,4,278,4,142,2,230,3,108,2,218,3,136,2,307,4,14,0,143,2,
2026-09-30,05:50:23.184,1000,808,12,392,5,460,6,831,10,275,4,377,6,178,3,290,4,453,6,166,2,334,5,548,8,349,5,383,5,372,6,349,5,
2026-09-30,05:50:24.184,999,925,15,563,8,653,9,665,8,846,13,738,11,535,8,1128,15,642,10,224,3,752,11,295,4,671,11,644,9,408,6,610,9,
2026-09-30,05:50:25.184,999,695,11,804,11,780,12,968,14,421,6,724,12,785,12,980,13,1004,15,985,15,569,9,753,11,1391,21,738,10,590,9,552,8,
2026-09-30,05:50:26.183,999,347,5,148,2,402,6,537,7,306,5,118,2,379,6,571,8,424,6,367,5,145,2,721,11,367,6,161,2,208,3,193,3,
2026-09-30,05:50:27.184,1000,152,2,226,3,414,6,301,4,130,2,233,4,200,3,525,7,156,2,6,0,218,3,459,7,132,2,576,8,494,8,309,5,
2026-09-30,05:50:28.184,999,198,3,294,4,399,6,626,8,344,5,185,3,406,6,143,2,517,7,462,7,321,5,625,9,134,2,212,3,389,6,372,6,
2026-09-30,05:50:29.183,999,629,10,669,9,406,6,512,6,130,2,236,4,409,6,384,5,355,5,80,1,181,3,615,9,217,3,312,4,577,9,283,4,
2026-09-30,05:50:30.184,1000,258,4,369,5,227,3,249,3,220,3,5,0,308,5,160,2,225,3,232,3,193,3,340,5,274,4,419,6,465,7,363,6,
2026-09-30,05:50:31.184,999,558,8,979,13,1013,15,926,13,951,14,761,13,1057,17,885,12,775,11,960,14,825,13,766,11,1124,17,970,15,927,16,855,13,
2026-09-30,05:50:32.184,999,505,7,401,5,164,2,227,3,285,4,113,2,245,4,315,4,232,3,511,7,281,4,425,6,207,3,215,3,455,7,262,4,
2026-09-30,05:50:33.184,1000,4322,60,4489,58,3691,65,4144,66,3475,51,3663,56,3888,58,4388,58,4291,60,3908,63,3754,68,4389,62,4523,69,4325,61,4554,68,4783,71,
2026-09-30,05:50:34.184,999,687,10,836,11,789,11,843,11,605,10,533,8,663,10,601,8,1065,15,700,10,828,13,1104,18,374,6,565,8,526,8,449,7,
2026-09-30,05:50:35.184,999,578,8,625,8,946,14,550,8,401,6,258,4,407,6,976,13,492,7,641,10,400,7,627,9,788,12,493,7,197,3,347,5,
2026-09-30,05:50:36.183,999,643,10,732,10,840,12,544,7,595,10,553,8,596,9,363,5,663,9,534,7,880,13,988,15,910,15,439,6,486,7,618,10,
2026-09-30,05:50:37.184,1000,446,6,477,6,463,6,834,10,505,8,541,10,692,11,608,8,444,6,741,10,733,11,965,15,356,6,297,4,445,8,667,10,
2026-09-30,05:50:38.184,999,1361,22,975,14,1010,14,936,12,1570,24,1559,23,1276,19,1432,19,1530,25,1389,19,1103,17,1103,17,934,14,738,10,901,14,1366,21,
2026-09-30,05:50:39.184,999,73,1,306,4,27,0,121,1,140,2,240,4,65,1,144,2,293,4,166,2,211,3,78,1,15,0,41,0,194,3,135,2,
2026-09-30,05:50:40.184,1000,1137,16,1612,21,833,12,1125,14,1218,18,1111,19,983,16,1447,19,1427,20,1049,15,1441,23,1070,15,1155,17,869,13,1322,23,881,13,
2026-09-30,05:50:41.184,999,146,2,321,4,411,6,314,4,11,0,268,5,139,2,145,2,154,2,6,0,71,1,72,1,158,2,28,0,247,4,140,2,
2026-09-30,05:50:42.184,999,10557,146,13187,169,9659,138,12152,162,10125,149,7766,153,7389,138,10857,144,11039,155,10732,145,9441,141,10219,146,10318,158,8981,155,8406,166,11969,179,
2026-09-30,05:50:43.184,1000,151,2,318,4,590,8,628,8,415,6,188,3,546,8,240,3,365,5,744,10,344,5,478,7,408,7,700,10,536,9,535,8,
2026-09-30,05:50:44.185,1000,1065,15,703,9,719,10,1180,15,735,11,460,9,1105,20,998,13,709,10,1542,21,1207,18,1171,16,743,11,1126,18,620,12,540,8,
2026-09-30,05:50:45.185,999,719,10,480,6,763,12,1042,16,805,12,661,10,603,9,688,9,877,12,1216,19,737,12,902,13,718,11,1232,17,722,12,1006,15,
2026-09-30,05:50:46.185,999,502,7,485,6,672,9,736,9,292,4,351,6,326,5,390,5,301,4,505,7,404,6,694,10,281,4,479,7,610,10,396,6,
2026-09-30,05:50:47.185,1000,594,8,244,3,372,5,651,8,221,3,144,2,87,1,221,3,189,3,357,5,174,3,310,4,325,5,194,2,260,4,344,5,
2026-09-30,05:50:48.185,999,4671,65,4470,57,3623,63,4232,67,3786,57,4559,69,4208,63,5197,69,4700,66,4226,68,4289,76,4411,63,4195,67,4991,70,4739,71,5257,78,
2026-09-30,05:50:49.185,999,358,5,235,3,358,5,475,6,439,6,304,5,473,7,441,6,349,5,336,5,256,4,422,6,468,7,312,4,345,5,363,5,
2026-09-30,05:50:50.186,1000,704,10,399,5,427,6,632,8,1177,19,775,12,478,8,749,10,437,6,939,13,934,14,501,8,794,13,678,10,466,8,536,8,
2026-09-30,05:50:51.185,999,1039,15,756,10,487,7,728,9,436,7,528,8,748,11,516,7,646,9,521,7,540,8,798,12,625,10,429,6,726,11,616,9,
2026-09-30,05:50:52.185,999,417,6,83,1,150,2,22,0,76,1,3,0,107,2,301,4,75,1,154,2,207,3,129,2,141,2,276,4,55,1,246,4,
2026-09-30,05:50:53.185,999,5,0,164,2,78,1,87,1,64,1,3,0,122,2,154,2,2,0,3,0,192,3,135,2,136,2,72,1,6,0,135,2,
2026-09-30,05:50:54.185,1000,150,2,63,1,217,3,156,2,141,2,235,4,177,3,81,1,78,1,159,2,138,2,57,1,121,2,210,3,73,1,144,2,
2026-09-30,05:50:55.185,999,1185,17,1021,13,1363,21,1027,15,809,12,837,13,1234,19,1089,16,1078,15,1141,17,678,11,1001,14,1001,15,990,14,474,7,516,9,
2026-09-30,05:50:56.185,999,248,4,215,3,354,5,161,2,563,8,188,3,327,5,400,6,59,1,156,2,142,2,184,3,120,2,216,3,147,2,81,1,
2026-09-30,05:50:57.185,999,585,8,630,8,289,4,625,8,550,8,531,8,504,8,526,7,161,2,219,3,309,5,640,9,581,8,453,6,241,4,291,4,
2026-09-30,05:50:58.185,1000,78,1,161,2,217,3,239,3,345,5,273,4,297,5,293,4,257,4,217,3,395,6,283,4,140,2,127,2,356,6,321,5,
2026-09-30,05:50:59.185,999,82,1,5,0,222,3,380,5,67,1,69,1,53,1,77,1,284,4,76,1,77,1,208,3,137,2,79,1,196,3,56,1,
2026-09-30,05:51:00.185,999,81,1,239,3,358,5,165,2,478,7,422,7,141,2,218,3,290,4,305,4,200,3,260,4,393,6,284,4,225,4,255,4,
2026-09-30,05:51:01.186,1000,1800,25,2291,29,1595,22,1293,17,1698,25,1848,28,1649,25,1777,29,1869,26,1473,20,1304,20,1534,22,1549,23,1591,22,1401,21,1172,21,
2026-09-30,05:51:02.185,999,380,5,483,6,446,6,239,2,477,7,650,10,686,10,758,10,646,9,514,7,550,8,686,10,392,6,393,5,489,7,342,5,
2026-09-30,05:51:03.185,999,3697,51,3907,50,3296,58,3695,58,3197,47,3844,58,3826,57,3817,51,3453,48,4050,65,3667,67,4073,57,4311,66,3787,53,3746,56,4395,65,
2026-09-30,05:51:04.186,1000,231,3,251,3,198,3,504,7,343,5,53,1,317,5,300,4,542,8,597,8,265,4,478,7,333,5,134,2,196,3,726,11,
2026-09-30,05:51:05.186,1000,75454,1045,81652,1039,75157,1070,83129,1102,75216,1103,57235,1071,59723,1071,81815,1094,76072,1061,82946,1120,71924,1069,79253,1119,71271,1085,63673,1054,55467,1039,69950,1043,
2026-09-30,05:51:06.186,999,36371,514,37983,493,35284,513,39245,531,36151,531,32022,565,31976,550,36392,492,37617,536,38070,525,36178,554,36108,517,34603,533,31631,508,27250,492,33518,513,
2026-09-30,05:51:07.186,999,4539,63,5674,72,5405,79,5891,81,4652,69,5868,91,4638,72,5683,86,5535,78,5756,78,6718,100,5278,77,4785,76,5139,75,4846,78,4042,65,
2026-09-30,05:51:08.187,1000,7784,113,8865,117,7830,115,8949,122,6649,104,7019,111,6114,94,6823,93,7086,102,6729,98,7033,112,7314,108,7466,117,6189,90,5931,92,5652,87,
2026-09-30,05:51:09.186,999,1000,14,1465,19,1581,22,786,10,1495,22,1009,16,1166,18,1234,18,1604,23,1187,16,1328,20,901,13,1176,18,980,14,860,15,1051,17,
2026-09-30,05:51:10.186,999,3803,53,4429,57,3085,44,4362,58,3463,51,2236,41,2431,42,3053,41,2874,40,3004,41,3427,51,3558,51,2931,45,2658,42,2433,44,2696,41,
2026-09-30,05:51:11.186,999,3182,45,2471,32,2408,37,2412,34,2087,31,2230,36,2051,32,2283,32,2559,37,2529,36,1868,30,2642,38,1685,26,2108,30,2397,38,2270,34,
2026-09-30,05:51:12.187,1000,2612,37,2745,37,2457,38,2382,34,2158,32,2503,39,1913,29,2235,30,2086,30,2845,42,3351,54,2707,39,2330,35,2091,29,2083,31,2101,32,
2026-09-30,05:51:13.186,999,2876,41,3536,46,2530,40,3361,46,1797,27,2784,45,3273,51,2507,33,1826,26,2221,33,2307,37,1916,29,2840,44,2158,30,2216,34,2335,35,
2026-09-30,05:51:14.186,999,1621,23,1414,18,1586,25,1912,28,1789,26,1101,19,1671,28,2335,31,1909,27,1366,20,1371,23,1876,27,1374,21,1430,20,1447,23,1162,17,
2026-09-30,05:51:15.187,1000,6091,86,5793,75,3965,69,5444,87,5548,81,5704,89,4913,75,5787,77,4834,68,5297,83,4146,74,5322,76,4020,61,6767,96,4127,64,4917,73,
2026-09-30,05:51:16.187,999,1189,17,1238,16,1276,18,1871,24,1548,26,1478,24,1176,19,1343,18,1445,20,1353,18,1109,16,1621,26,929,15,1070,15,1699,27,1203,18,
2026-09-30,05:51:17.186,999,1178,17,1615,21,1209,19,1225,17,1189,18,897,14,1443,22,1093,15,1259,18,1096,16,800,13,1206,17,865,13,1217,18,953,16,825,12,
2026-09-30,05:51:18.186,999,17097,236,16777,212,13314,227,14129,219,16235,241,15630,236,15869,234,17789,234,15541,217,16017,251,13059,231,15712,226,15715,244,15882,223,14491,216,16937,249,
2026-09-30,05:51:19.187,1000,2648,38,1955,26,2191,33,3145,42,1731,26,1414,23,1333,21,2214,30,1439,21,2396,33,2109,32,1584,23,1107,17,1880,27,1176,19,1172,18,
2026-09-30,05:51:20.187,999,1126,16,1439,19,1560,23,978,12,876,13,787,14,951,17,1356,18,1052,15,1111,15,782,12,1469,21,822,13,983,15,1182,21,1070,16,
2026-09-30,05:51:21.186,999,556,8,491,6,516,7,513,6,614,9,543,9,406,7,147,2,376,5,437,6,468,7,400,6,455,7,348,5,406,7,282,4,
2026-09-30,05:51:22.186,999,299,4,486,6,396,5,313,3,539,8,243,4,371,6,396,5,451,6,159,2,534,8,587,9,338,5,545,7,286,5,395,6,
2026-09-30,05:51:23.187,1000,1978,28,2001,26,1529,23,1748,24,1738,26,1644,28,1339,21,1329,19,1348,19,1443,20,1282,20,1414,20,1108,17,1672,24,1313,22,1361,21,
2026-09-30,05:51:24.186,999,683,10,623,8,822,11,827,10,583,9,608,10,375,6,541,7,400,6,466,6,325,5,355,5,464,7,452,7,457,8,283,4,
2026-09-30,05:51:25.186,999,1299,18,1941,25,1475,25,998,15,1336,20,1503,24,1274,20,1725,23,1423,20,1441,23,1017,18,971,14,867,13,1234,18,963,16,1222,18,
2026-09-30,05:51:26.187,1000,1091,17,1017,15,991,14,1310,17,925,14,1179,19,443,7,915,12,935,14,979,13,833,12,1213,18,703,11,978,14,827,13,623,9,
2026-09-30,05:51:27.187,999,96557,1366,106142,1374,100276,1435,108034,1441,99996,1520,89056,1492,88864,1454,107124,1490,102986,1452,105701,1438,106795,1602,106312,1546,90343,1419,91266,1397,87312,1456,92458,1457,
2026-09-30,05:51:28.186,999,6139,92,7066,96,6148,90,7023,96,5994,91,5941,98,6549,103,6195,84,5293,77,7188,101,6339,97,6011,87,5517,86,5804,86,6652,104,6013,94,
2026-09-30,05:51:29.186,999,6103,87,6980,91,5441,79,5406,73,5325,89,7464,118,7059,109,7050,94,6540,91,8037,111,6847,104,6256,98,5108,87,5303,77,4313,68,4353,66,
2026-09-30,05:51:30.187,1000,18716,272,23070,304,18242,265,20536,278,17891,282,16433,273,16454,261,19763,263,18568,273,20576,284,18164,278,17101,255,16050,262,16406,248,15759,258,18094,273,
2026-09-30,05:51:31.186,999,3200,48,3455,49,3263,46,3608,48,3492,56,3730,58,3409,53,4391,58,3117,47,4069,55,3175,48,3091,46,2865,46,2616,39,2743,46,3997,60,
2026-09-30,05:51:32.187,1000,1473,21,1770,23,1536,22,970,12,2176,32,1867,33,1206,20,1407,20,1302,18,1291,17,1816,27,1535,22,1746,27,1664,26,1327,23,1739,27,
2026-09-30,05:51:33.187,999,17870,244,19314,242,14462,252,16066,256,15279,220,14917,224,16295,240,19707,258,16378,228,14836,235,13329,241,17172,241,16813,252,19454,272,16999,252,17726,260,
2026-09-30,05:51:34.186,999,995,14,1400,18,820,12,1079,14,1308,19,694,13,1033,18,1645,22,1023,15,1222,17,865,13,1095,16,868,13,982,15,1101,20,1010,15,
2026-09-30,05:51:35.187,1000,14689,206,19647,254,13293,229,14321,227,15129,222,14455,224,14773,226,16645,221,15233,215,14366,229,11470,207,14637,207,13050,200,15425,223,12614,197,14715,220,
2026-09-30,05:51:36.188,1000,22072,317,23970,316,19749,290,22463,307,20885,315,17899,318,17522,295,22762,303,22298,319,23426,332,19866,312,22258,321,19693,305,19356,302,18497,322,19191,290,
2026-09-30,05:51:37.188,999,3419,48,3739,48,3207,45,3501,46,3181,47,2653,51,2868,51,3722,50,3596,51,2963,40,2719,41,2528,36,3399,52,3316,55,2264,44,3754,56,
2026-09-30,05:51:38.187,999,13313,186,16479,211,14523,206,16124,215,13762,215,12202,215,11331,197,15858,208,14196,196,15294,206,13713,212,15153,216,13663,198,11678,186,11690,212,14495,217,
2026-09-30,05:51:39.188,1000,1224,18,1532,20,1685,26,1562,22,1104,16,1072,19,1280,21,1228,17,1557,22,1420,20,1238,19,1059,15,924,14,1394,21,1001,16,1295,20,
2026-09-30,05:51:40.188,999,2660,38,3192,41,2230,32,2243,30,2270,35,2233,37,2445,39,1913,26,2571,36,3460,48,2274,34,2668,40,2650,42,1902,29,2294,39,2666,41,
2026-09-30,05:51:41.187,999,1762,25,1897,25,1943,28,2138,28,1616,24,1557,28,1600,27,1845,25,1931,27,1321,18,1504,23,1912,28,1700,27,1529,24,1465,26,1694,25,
2026-09-30,05:51:42.188,1000,5010,71,4836,62,3893,60,3956,56,4625,70,4879,73,3490,52,5495,74,4111,59,4430,64,4119,65,3772,55,3879,61,4058,59,4545,67,3811,58,
2026-09-30,05:51:43.188,999,846,12,1430,19,940,13,810,10,972,14,926,15,802,13,775,11,951,14,728,10,1114,17,1236,18,796,12,401,5,843,13,967,14,
2026-09-30,05:51:44.188,999,2010,28,2497,32,2003,30,2335,32,1938,28,1607,29,2186,37,2461,32,2011,28,1668,24,2385,37,2728,39,1535,23,1547,23,1540,27,1560,23,
2026-09-30,05:51:45.187,999,3000,42,3292,42,2470,42,2891,46,3173,47,3307,52,3256,49,3441,46,3011,42,2915,47,2685,48,2287,33,2879,44,3197,45,2375,37,2968,44,
2026-09-30,05:51:46.188,1000,1000,14,1176,16,1581,22,979,12,1520,23,776,14,711,12,1746,24,1162,16,817,11,1022,15,835,12,865,13,1070,18,566,11,806,12,
2026-09-30,05:51:47.188,999,5602,81,6499,86,5034,84,5164,80,3841,55,4022,60,4021,60,5335,71,4408,64,3725,58,4325,74,4708,65,4938,72,5029,71,4234,64,5052,76,
2026-09-30,05:51:48.187,999,8689,119,9961,126,7106,126,8256,133,8609,126,8296,126,8760,131,10489,139,8657,121,8234,134,8508,154,10062,143,9191,141,9616,135,9097,136,9180,135,
2026-09-30,05:51:49.188,1000,1455,22,1167,16,1205,17,1320,17,1553,23,1557,25,1303,20,1431,20,2346,36,2227,30,1731,26,1406,20,1058,16,1025,14,1336,21,1617,26,
2026-09-30,05:51:50.188,999,319,5,314,4,794,11,565,7,477,7,435,8,503,9,657,9,672,10,380,5,424,6,359,5,391,6,573,9,582,11,408,7,
2026-09-30,05:51:51.188,999,937,13,783,10,864,12,650,8,419,6,304,5,443,7,681,10,506,7,600,8,470,7,354,5,522,8,587,8,467,7,513,9,
2026-09-30,05:51:52.188,1000,775,11,702,9,771,11,1180,15,1132,17,1166,21,999,17,1234,17,806,11,1107,15,834,13,1624,24,836,13,590,9,1001,19,1402,21,
2026-09-30,05:51:53.189,1000,293,4,304,4,280,4,85,1,68,1,185,3,154,3,148,2,220,3,154,2,323,5,210,3,377,6,254,4,191,3,142,2,
2026-09-30,05:51:54.189,999,1175,18,933,13,1428,20,1327,17,1213,18,810,15,783,13,982,13,839,13,1439,20,995,15,1144,16,1077,16,873,14,999,17,1048,16,
2026-09-30,05:51:55.188,999,1042,15,1191,15,552,9,963,15,424,6,681,11,789,12,938,13,973,14,1007,16,550,9,560,8,534,8,793,11,533,8,404,6,
2026-09-30,05:51:56.189,1000,1764,26,1896,26,1615,23,1461,19,652,11,841,14,897,14,1357,18,1163,17,965,14,1512,23,1732,25,1175,19,1175,17,1554,24,1329,20,
2026-09-30,05:51:57.189,999,130,2,308,4,157,2,145,2,204,3,349,6,119,2,213,3,289,4,80,1,206,3,72,1,326,5,81,1,298,5,248,4,
2026-09-30,05:51:58.189,999,480,7,406,5,621,9,1009,13,577,8,403,6,664,11,374,5,470,7,91,1,429,7,356,5,566,9,477,6,348,5,282,4,
2026-09-30,05:51:59.189,1000,943,13,1184,15,1088,15,1563,20,1302,23,919,16,619,10,769,10,956,13,1022,14,1076,16,951,15,1239,21,960,15,574,9,942,14,
2026-09-30,05:52:00.189,999,5,0,526,7,573,8,460,6,555,8,183,3,245,4,306,4,157,2,437,6,207,3,466,7,283,4,401,6,119,2,314,5,
2026-09-30,05:52:01.189,999,1171,17,1694,22,1568,23,1686,23,784,12,959,15,1588,24,1296,19,1138,16,1613,23,1054,17,1377,19,1299,20,1813,26,1033,16,740,12,
2026-09-30,05:52:02.189,999,1431,20,1789,23,1911,27,1516,20,1181,20,1700,26,1839,28,1800,24,1744,24,1026,14,1783,27,1789,30,1096,20,1625,23,1320,21,1386,21,
2026-09-30,05:52:03.189,1000,7039,99,7168,91,5773,99,6854,107,6512,96,6608,101,6117,91,8235,112,6681,93,6210,97,6502,112,7316,104,7183,110,6385,90,6520,98,6200,93,
2026-09-30,05:52:04.189,999,648,9,760,10,636,9,949,12,962,16,538,8,462,7,802,11,774,11,758,10,346,5,680,11,569,10,633,9,446,7,516,8,
2026-09-30,05:52:05.189,999,2714,38,3113,40,3150,54,2495,40,2720,40,2807,43,3537,53,4255,57,3448,48,2850,46,2112,38,3047,44,2673,41,3634,51,2827,44,3558,53,
2026-09-30,05:52:06.189,999,955,14,521,7,631,9,1020,14,602,9,552,9,348,6,737,10,1135,17,1315,19,419,7,561,8,396,6,638,10,242,4,732,11,
2026-09-30,05:52:07.189,1000,1391,22,1286,18,1284,20,1368,20,1204,18,1181,18,1382,21,1669,22,1018,15,1184,18,1604,25,929,13,1320,20,1516,21,1345,20,1005,15,
2026-09-30,05:52:08.189,999,2316,33,2417,32,1121,17,1651,23,1378,23,1422,22,1341,20,1875,25,1479,20,1852,26,1624,26,1191,19,1251,22,1560,22,1735,26,1965,30,
2026-09-30,05:52:09.189,999,449,7,476,6,312,4,358,4,292,4,194,3,358,5,234,3,526,7,345,5,538,8,572,8,291,4,398,5,291,4,366,5,
2026-09-30,05:52:10.189,1000,733,10,654,8,589,9,875,13,736,11,471,8,617,10,743,10,567,8,550,8,601,10,836,12,954,15,465,7,875,15,753,11,
2026-09-30,05:52:11.189,999,74,1,70,1,90,1,100,1,67,1,68,1,54,1,229,3,222,3,216,3,123,2,79,1,70,1,28,0,127,2,73,1,
2026-09-30,05:52:12.189,999,490,7,471,6,702,11,620,9,82,1,258,4,391,6,457,6,366,5,322,5,276,4,364,5,472,7,464,6,1024,15,478,7,
2026-09-30,05:52:13.189,999,69,1,89,1,160,2,58,0,75,1,225,4,130,2,7,0,83,1,20,0,9,0,75,1,23,0,68,0,152,2,276,4,
2026-09-30,05:52:14.189,1000,505,7,476,6,435,6,471,6,574,9,561,9,767,13,832,11,540,8,656,9,921,14,393,6,504,8,424,6,630,10,606,9,
2026-09-30,05:52:15.189,999,587,8,471,6,737,11,467,7,491,7,385,6,719,11,989,13,904,13,504,8,354,6,426,6,545,8,782,11,284,4,354,5,
2026-09-30,05:52:16.189,999,72,1,83,1,159,2,196,2,143,2,200,3,241,4,305,4,4,0,295,4,340,5,135,2,71,1,139,2,116,2,326,5,
2026-09-30,05:52:17.190,1000,145,2,201,3,291,4,189,2,197,3,122,2,310,5,302,4,73,1,373,5,208,3,279,4,145,2,77,1,118,2,139,2,
2026-09-30,05:52:18.189,999,3365,47,3625,46,3254,58,3156,51,3489,51,3029,46,3900,58,4734,63,3643,51,3935,64,3761,69,4026,57,3256,50,3983,56,4144,62,4121,61,
2026-09-30,05:52:19.189,999,82,1,149,2,23,0,286,4,123,2,1,0,279,4,163,2,156,2,237,3,118,2,211,3,199,3,38,0,125,2,82,1,
2026-09-30,05:52:20.189,999,1623,23,1825,25,1955,28,1800,24,1434,22,949,15,1252,21,1194,16,1110,16,1403,20,1352,20,1413,21,1455,22,1438,21,1341,23,1376,20,
2026-09-30,05:52:21.190,1000,283,4,83,1,151,2,93,1,203,3,318,5,244,4,347,5,280,4,82,1,335,5,355,5,264,4,91,1,71,1,134,2,
2026-09-30,05:52:22.189,999,107,2,354,5,165,2,185,2,767,12,236,4,190,3,460,6,493,7,81,1,398,6,283,4,346,5,207,3,259,4,205,3,
2026-09-30,05:52:23.189,999,62,1,2,0,213,3,98,1,66,1,70,1,180,3,230,3,128,2,153,2,129,2,145,2,6,0,17,0,166,3,70,1,
2026-09-30,05:52:24.190,1000,881,13,1047,14,816,12,954,12,636,10,675,10,1339,20,1201,16,825,12,952,13,987,15,937,14,950,16,857,12,741,12,678,10,
2026-09-30,05:52:25.189,999,2159,31,2320,31,1584,24,2212,32,2348,36,2105,34,2243,36,3136,42,2588,37,3286,46,2323,37,2740,39,2101,32,2539,36,2033,33,1949,30,
2026-09-30,05:52:26.189,999,762,11,1420,18,788,11,734,10,1150,17,1108,17,874,14,1110,15,1066,15,1064,15,1321,21,1396,20,1200,18,1279,17,892,14,938,15,
2026-09-30,05:52:27.189,999,1107,19,1066,17,1248,18,1427,19,1019,15,1342,20,1217,18,898,12,1457,24,1019,14,1446,22,1486,21,1108,17,1376,19,1538,23,1355,20,
2026-09-30,05:52:28.190,1000,635,9,473,6,457,6,503,6,696,10,197,3,382,6,381,5,419,6,663,9,572,9,297,4,426,6,475,7,615,11,816,12,
2026-09-30,05:52:29.189,999,564,8,299,4,601,8,368,4,511,7,380,6,524,8,166,2,280,4,300,4,602,9,470,7,403,6,132,1,319,5,336,5,
2026-09-30,05:52:30.189,999,1760,31,1535,24,1932,27,2076,27,1608,24,2441,38,2466,37,2107,28,1670,29,1585,21,2020,30,1645,23,1976,30,2262,32,2166,33,1963,29,
2026-09-30,05:52:31.190,1000,1194,17,1406,18,1676,25,1797,25,1600,25,1694,27,1803,28,1801,24,1641,23,1712,24,1855,30,1994,30,1327,22,1645,23,1574,24,2030,30,
2026-09-30,05:52:32.190,999,727,11,908,13,1152,16,659,8,804,12,939,15,678,10,1162,16,453,7,763,10,1364,20,533,8,1041,17,948,13,584,9,712,11,
2026-09-30,05:52:33.189,999,4400,62,4692,60,3922,67,4397,69,3894,57,3522,54,3536,53,5077,67,4240,60,4212,68,3824,69,3613,51,4708,72,4530,63,5140,77,4736,70,
2026-09-30,05:52:34.189,999,374,6,507,7,430,6,571,7,328,5,208,3,544,8,235,3,458,7,299,4,261,4,490,7,418,6,674,10,575,9,267,4,
2026-09-30,05:52:35.190,1000,1530,22,1104,14,1346,22,1179,17,1234,18,935,15,1281,19,1432,19,1306,19,1181,18,661,11,1106,16,1346,21,1577,22,1621,25,1081,16,
2026-09-30,05:52:36.190,999,598,9,617,8,715,10,799,10,774,12,672,11,347,6,890,12,1390,22,1027,14,679,10,1145,16,381,6,345,5,728,12,280,4,
2026-09-30,05:52:37.189,999,388,6,735,10,385,5,455,5,432,6,466,7,281,4,537,7,482,7,391,5,408,6,487,7,424,6,351,4,292,4,419,6,
2026-09-30,05:52:38.189,999,650,9,629,8,950,14,895,12,1119,18,818,12,1119,17,1434,19,559,8,600,9,363,6,640,10,425,6,542,7,568,9,492,7,
2026-09-30,05:52:39.190,1000,231,4,228,3,447,6,345,4,141,2,143,2,280,4,610,8,499,8,543,7,146,2,88,1,350,5,137,1,152,2,351,5,
2026-09-30,05:52:40.189,999,1721,24,2260,29,1431,21,1518,20,1238,19,976,16,1188,20,914,12,377,5,1265,18,1075,17,977,14,1819,28,1148,17,1385,23,1266,19,
2026-09-30,05:52:41.189,999,865,12,1106,14,649,9,942,12,1024,15,674,12,243,4,1067,14,1159,16,1110,16,1077,17,992,14,534,8,832,13,982,18,675,10,
2026-09-30,05:52:42.190,1000,1316,18,1123,14,1364,22,1360,20,1068,17,1041,17,1014,17,1437,19,1288,18,1152,17,1430,24,1373,20,1482,23,1602,23,1715,27,1304,19,
2026-09-30,05:52:43.190,999,10588,146,12590,161,10150,144,12158,160,10174,150,8086,158,7838,143,11549,153,11480,162,11667,157,10212,152,10633,151,10044,153,9375,162,8061,163,12279,183,
2026-09-30,05:52:44.189,999,274,4,84,1,229,3,279,3,147,2,150,3,274,5,159,2,89,1,145,2,345,5,310,4,145,2,157,2,127,2,68,1,
2026-09-30,05:52:45.189,999,701,10,969,13,945,14,1403,20,1028,15,1380,22,540,8,984,13,767,11,1150,17,931,15,895,13,915,14,991,14,873,14,1114,17,
2026-09-30,05:52:46.190,1000,725,10,152,2,743,10,737,9,492,7,449,8,300,5,383,5,530,8,439,6,434,7,634,9,392,6,292,4,536,9,415,6,
2026-09-30,05:52:47.190,999,399,6,979,13,465,7,633,8,1000,15,286,5,550,9,373,5,11,0,294,4,507,8,291,4,738,11,684,10,592,10,413,6,
2026-09-30,05:52:48.189,999,124122,1717,143557,1824,125487,1779,139316,1847,128975,1888,98998,1841,108984,1945,142146,1890,130940,1825,139368,1870,130372,1936,136856,1925,114706,1734,110366,1826,98439,1838,116973,1743,
2026-09-30,05:52:49.190,1000,28116,402,32371,426,27945,408,31448,431,28723,425,24324,417,24391,414,30492,410,27802,404,31168,434,29309,452,27916,399,25425,390,24676,392,21396,377,25378,384,
2026-09-30,05:52:50.190,999,3572,50,4713,61,5118,74,3847,52,3657,54,2725,54,3434,62,4394,59,3795,53,2993,41,3152,48,4334,61,3484,54,3264,56,2787,55,4350,65,
2026-09-30,05:52:51.189,999,1782,25,1430,18,1527,22,2317,31,1631,24,1390,26,1443,26,1761,24,1221,17,1116,15,1654,25,1312,19,1705,26,1668,27,1264,23,1574,24,
2026-09-30,05:52:52.189,999,1716,24,2394,31,1827,28,1503,21,1711,25,1329,23,1478,24,1217,17,1247,18,1911,28,1543,25,1798,26,1561,24,1868,27,1838,31,2069,32,
2026-09-30,05:52:53.190,1000,4561,68,5538,73,4613,68,5636,76,3740,57,3769,62,4081,65,3810,51,5125,74,4465,63,3808,60,4242,63,4522,71,4186,62,4713,76,3821,58,
2026-09-30,05:52:54.190,999,49540,693,57057,731,50368,714,56999,754,54788,804,39434,738,42885,770,55691,740,51834,729,55178,740,53026,788,54584,769,50902,772,45811,760,40064,749,47917,702,
2026-09-30,05:52:55.189,999,27476,388,30988,403,25824,402,29068,423,30429,450,24881,419,26256,430,30816,415,30137,430,30783,450,27962,457,29103,416,25134,387,26388,402,23057,385,24985,378,
2026-09-30,05:52:56.189,999,39265,568,42604,562,34282,541,40139,581,35360,547,37406,566,38514,572,43736,585,39000,560,38254,564,37036,608,40211,592,34725,551,39584,564,35195,536,35247,536,
2026-09-30,05:52:57.190,1000,3578,53,4584,62,3912,59,4090,58,3050,45,3052,52,2835,46,3779,52,2973,43,3017,42,3292,51,2754,40,2916,45,2510,39,3025,51,3527,54,
2026-09-30,05:52:58.190,999,4110,64,5022,70,4878,72,5519,76,5450,81,4155,66,5271,81,5006,69,4996,77,5872,83,5128,82,6126,89,4638,71,4500,65,4449,68,5097,80,
2026-09-30,05:52:59.189,999,59911,831,65470,836,56532,801,59095,781,55784,817,40498,752,44544,805,56874,759,54296,759,59829,803,51132,757,55731,786,49717,761,49779,814,43336,812,52272,780,
2026-09-30,05:53:00.190,1000,15416,233,17047,233,16747,241,16318,218,13294,201,12107,207,12540,209,17527,235,13367,203,17084,235,14274,216,15542,222,14324,222,13968,216,12491,208,13634,208,
2026-09-30,05:53:01.190,999,28724,411,32729,427,28927,421,31541,429,29832,436,24311,439,24950,426,30403,408,28940,415,29811,414,27965,427,29710,422,25093,383,24812,400,21147,385,24666,370,
2026-09-30,05:53:02.190,999,4237,65,4613,64,5894,84,4475,60,5400,83,5035,81,5305,83,6417,86,5084,76,5075,70,6195,94,5379,81,4537,73,4658,67,3808,60,4330,67,
2026-09-30,05:53:03.189,999,23886,330,23315,296,19548,329,20658,323,21168,307,21891,331,22423,333,25301,335,22320,311,19996,310,17473,306,22710,320,20992,317,22045,309,22430,335,23572,348,
2026-09-30,05:53:04.190,1000,8170,118,9506,126,8033,117,9443,128,8032,122,7506,122,8312,131,8453,114,7835,114,7654,108,7226,109,7051,102,7609,119,7414,108,7132,115,6756,103,
2026-09-30,05:53:05.190,999,15831,220,18385,236,14524,242,15973,246,16015,239,15916,247,15855,243,18915,250,16985,238,15399,243,13081,229,14638,211,14031,220,16082,231,14026,217,14976,223,
2026-09-30,05:53:06.189,999,6741,102,7287,98,7135,101,7725,101,6010,92,5765,94,6385,101,7359,102,5884,88,6945,94,6138,92,5651,82,5269,83,5747,86,4947,83,5302,82,
2026-09-30,05:53:07.190,1000,2507,36,3370,44,2647,43,2992,45,3649,54,4029,64,2810,44,3074,41,3513,52,3499,52,3209,54,3250,48,4460,71,3199,47,3398,54,4024,60,
2026-09-30,05:53:08.190,999,4591,66,5945,77,4976,71,4559,61,4471,75,5200,82,4465,70,5690,76,4686,67,5421,76,4245,66,4724,73,4083,68,4975,73,4288,68,3502,54,
2026-09-30,05:53:09.190,999,549,8,1187,16,1045,15,1016,13,589,9,749,13,465,8,719,10,619,9,458,6,470,7,556,8,738,12,687,11,622,12,739,11,
2026-09-30,05:53:10.189,999,5867,84,7745,101,5299,76,6641,88,6647,99,5804,93,5231,82,5761,87,7245,102,5821,80,5652,84,6359,92,5574,88,7094,103,5490,89,5071,86,
2026-09-30,05:53:11.190,1000,634,9,399,5,742,10,859,11,758,11,627,12,514,9,901,12,655,9,821,11,880,13,572,8,524,8,446,7,781,15,836,13,
2026-09-30,05:53:12.190,999,2916,42,3033,39,2968,47,2849,42,3373,50,3016,49,2607,39,3802,51,3185,45,3541,50,3216,53,3303,47,2873,44,3192,47,3045,47,2401,36,
2026-09-30,05:53:13.190,999,1501,24,2034,28,1448,21,1516,20,1526,23,1287,22,1307,21,1391,18,1501,23,1638,22,1558,23,1814,26,1673,26,1431,21,1490,25,1602,24,
2026-09-30,05:53:14.189,999,2224,31,2645,34,1839,27,2125,30,1439,21,1267,23,1760,30,2018,27,1610,23,1884,27,2036,33,1807,26,2057,31,1821,29,1359,25,1794,27,
2026-09-30,05:53:15.190,1000,865,12,1702,22,1731,29,1391,22,1435,21,2398,37,1864,29,2463,33,1845,26,2143,34,1079,19,1620,23,1295,20,1596,23,2447,39,1552,23,
2026-09-30,05:53:16.190,999,995,14,895,12,1133,16,1275,16,1006,15,1253,22,642,11,1291,17,1020,15,1342,18,1018,15,989,14,997,15,496,7,789,13,810,12,
2026-09-30,05:53:17.190,999,941,13,479,6,467,6,630,8,642,10,411,7,859,14,515,7,500,7,518,7,631,9,506,7,737,11,459,6,494,8,552,8,
2026-09-30,05:53:18.190,1000,10758,149,11798,151,8869,155,8988,144,10947,160,11209,171,9254,138,11771,156,11265,159,10294,165,8594,156,10635,151,10390,158,11203,158,11237,167,11639,173,
2026-09-30,05:53:19.190,999,5377,77,4891,64,4830,69,5299,70,3945,58,4279,66,4689,71,3935,60,5458,79,6099,83,4444,67,4993,71,4920,76,4144,58,4392,68,3939,67,
2026-09-30,05:53:20.190,999,1276,18,2002,26,1159,18,1737,24,1655,24,1175,19,870,15,1704,23,1284,18,1554,22,1856,30,1554,22,1449,22,1362,21,1872,31,1180,18,
2026-09-30,05:53:21.189,999,653,9,947,12,725,10,1085,13,945,14,598,11,1023,16,850,11,913,13,1049,14,725,11,930,13,618,9,405,5,620,10,887,13,
2026-09-30,05:53:22.190,1000,275,4,627,8,655,9,448,5,667,10,521,9,213,3,493,7,734,10,536,7,143,2,276,4,357,5,706,10,491,8,390,6,
2026-09-30,05:53:23.190,999,594,8,562,7,525,7,471,5,626,9,195,3,278,4,476,7,790,11,529,7,331,5,355,5,423,6,494,6,336,6,497,8,
2026-09-30,05:53:24.190,999,503,8,334,5,524,7,385,4,698,10,510,8,366,6,901,12,264,4,879,12,764,11,649,9,484,7,722,10,340,5,610,9,
2026-09-30,05:53:25.190,1000,1524,21,2285,29,1484,26,1556,25,2009,30,2168,33,1406,21,2644,35,1820,25,1799,29,1296,24,1919,27,1524,23,1669,23,1454,22,2038,30,
2026-09-30,05:53:26.190,999,554,9,433,6,659,9,763,9,631,9,829,13,503,8,804,11,321,5,1024,14,612,9,433,6,1319,20,943,13,713,11,852,12,
2026-09-30,05:53:27.190,999,1509,21,1600,20,1419,21,1879,25,990,14,1107,17,972,15,1261,18,1277,18,1102,15,1325,20,1450,20,492,7,1098,15,912,14,890,15,
2026-09-30,05:53:28.190,999,868,12,497,6,463,6,583,7,539,8,492,9,388,7,477,6,405,6,526,7,549,8,354,5,456,7,248,3,128,2,414,6,
2026-09-30,05:53:29.190,1000,156,2,251,3,390,5,680,8,254,4,307,5,327,5,231,3,229,3,462,6,206,3,304,4,101,1,59,0,63,1,159,2,
2026-09-30,05:53:30.190,999,279,4,231,3,394,5,364,4,804,13,449,7,487,7,395,5,74,1,535,7,419,6,374,5,546,8,215,2,310,5,407,6,
2026-09-30,05:53:31.190,999,1022,14,863,11,932,13,1207,16,1166,17,956,16,488,8,1277,17,1305,18,1373,20,894,15,1052,15,615,9,606,9,1031,18,678,10,
2026-09-30,05:53:32.191,1000,2183,31,1923,25,2049,30,2296,32,1454,24,1926,29,1541,23,2148,28,2672,37,2151,30,1398,22,1414,22,1703,29,1659,23,2380,36,2237,33,
2026-09-30,05:53:33.190,999,8210,114,7734,99,7692,132,8232,130,8104,119,8076,123,6462,96,8691,118,9217,130,7633,122,6530,117,7965,112,9082,138,8459,119,9078,137,8061,120,
2026-09-30,05:53:34.190,999,1084,15,931,12,585,8,1301,17,753,12,957,14,1150,17,822,11,1123,16,1003,14,1048,16,1636,25,961,16,1017,14,1227,19,1140,17,
2026-09-30,05:53:35.190,999,1009,14,1210,16,1244,20,937,13,1337,20,1197,19,1180,18,1286,17,1089,15,1123,17,510,9,1191,17,1254,19,1259,18,1302,20,834,13,
2026-09-30,05:53:36.190,1000,1052,16,831,11,1528,22,1287,16,1246,18,894,14,1317,20,1588,21,952,15,1693,24,1417,22,1069,15,957,14,940,13,1032,16,1204,18,
2026-09-30,05:53:37.190,999,79,1,163,2,384,5,47,0,514,8,203,3,122,2,374,5,357,5,228,3,64,1,286,4,200,3,203,3,104,2,262,4,
2026-09-30,05:53:38.190,999,1549,23,1595,20,1725,25,1942,25,1285,22,1484,23,1122,17,1847,25,1652,24,670,9,1495,23,1299,19,1162,19,1882,26,1570,24,1433,22,
2026-09-30,05:53:39.190,999,543,10,749,11,651,9,468,5,395,6,412,6,283,4,575,8,415,7,830,11,328,5,433,6,677,10,1143,16,347,5,415,6,
2026-09-30,05:53:40.190,1000,289,4,606,8,310,4,60,0,117,2,253,4,123,2,161,2,290,4,228,3,204,3,63,1,207,3,243,3,236,4,72,1,
2026-09-30,05:53:41.190,999,291,4,8,0,92,1,153,1,260,4,127,2,354,6,312,4,384,5,761,10,278,4,370,5,295,4,313,4,183,3,552,8,
2026-09-30,05:53:42.190,999,880,12,639,8,313,5,690,10,869,13,566,9,826,12,455,6,515,7,677,11,546,10,566,8,730,11,593,8,809,12,404,6,
2026-09-30,05:53:43.191,1000,677,10,836,11,750,11,387,4,657,10,332,6,216,3,594,8,599,8,229,3,399,6,588,8,310,4,494,6,821,12,694,10,
2026-09-30,05:53:44.190,999,1201,17,1106,14,1682,24,1835,24,938,14,832,16,1134,21,1412,18,952,13,813,11,1093,16,1435,20,682,10,1007,16,1035,20,1145,17,
2026-09-30,05:53:45.190,999,849,12,700,9,486,8,519,7,277,4,718,11,602,9,988,13,804,11,540,8,425,7,715,10,336,5,553,7,528,8,489,7,
2026-09-30,05:53:46.190,999,334,5,377,5,307,4,421,5,342,5,236,4,235,4,277,4,142,2,365,5,78,1,283,4,213,3,347,5,183,3,474,7,
2026-09-30,05:53:47.191,1000,225,3,552,7,372,5,357,4,273,4,259,4,9,0,294,4,577,8,89,1,271,4,163,2,215,3,227,3,231,4,293,4,
2026-09-30,05:53:48.190,999,3915,54,3943,50,3353,60,3635,58,3365,49,3595,55,3812,57,4653,62,4647,65,3990,65,3978,72,4043,58,4436,68,3774,53,3904,59,4217,62,
2026-09-30,05:53:49.190,999,370,5,384,5,105,1,421,5,187,3,220,4,146,2,238,3,358,5,389,5,215,3,227,3,350,5,184,2,372,6,355,5,
2026-09-30,05:53:50.191,1000,364,5,704,9,643,9,996,13,677,11,349,5,200,3,1002,13,477,7,581,8,632,9,1154,17,785,12,668,10,1114,18,826,12,
2026-09-30,05:53:51.191,999,981,15,949,14,1039,15,519,7,572,9,620,10,560,9,536,7,594,9,557,8,869,13,795,12,786,12,843,12,791,13,1135,17,
2026-09-30,05:53:52.190,999,440,6,634,8,567,8,676,8,254,4,390,6,532,8,661,9,365,5,549,7,420,6,622,9,424,6,520,7,197,3,317,5,
2026-09-30,05:53:53.190,999,365,5,241,3,312,4,277,3,148,2,374,6,456,7,458,6,301,4,450,6,205,3,221,3,349,5,215,3,398,6,334,5,
2026-09-30,05:53:54.191,1000,377,5,390,5,25,0,526,6,112,2,274,4,65,1,376,5,151,2,291,4,310,5,412,6,220,3,368,5,250,4,216,3,
2026-09-30,05:53:55.190,999,506,7,409,5,571,9,301,4,603,9,528,8,502,8,916,12,530,7,942,14,562,9,358,5,275,4,675,9,349,5,590,9,
2026-09-30,05:53:56.190,999,500,9,333,5,464,6,444,5,610,9,531,8,272,4,467,6,464,7,601,8,448,7,419,6,342,5,368,5,437,7,613,9,
2026-09-30,05:53:57.191,1000,210,3,169,2,315,4,204,2,215,3,212,3,337,5,280,4,249,3,384,5,215,3,298,4,22,0,223,3,10,0,200,3,
2026-09-30,05:53:58.191,999,578,8,798,10,931,13,705,9,817,12,684,13,460,8,531,7,1098,15,816,11,905,15,983,14,505,8,659,10,558,10,660,10,
2026-09-30,05:53:59.190,999,247,4,294,4,505,7,495,6,458,7,173,3,420,6,136,2,216,3,449,6,86,1,69,1,329,5,131,1,329,5,541,8,
2026-09-30,05:54:00.190,999,17,0,92,1,106,1,241,2,299,4,237,4,179,3,436,6,519,7,242,3,225,3,421,6,522,7,323,4,89,1,278,4,
2026-09-30,05:54:01.191,1000,143,2,86,1,151,2,132,1,345,5,233,4,72,1,154,2,284,4,160,2,199,3,148,2,79,1,103,1,139,2,139,2,
2026-09-30,05:54:02.191,999,820,12,1071,14,1393,19,720,9,687,12,938,14,956,14,1211,16,1004,14,956,13,961,15,1030,18,719,13,1227,17,781,12,1130,17,
2026-09-30,05:54:03.190,999,2960,41,3895,50,3382,60,3904,62,2798,41,3390,52,3951,59,3877,52,3501,49,3901,64,3614,65,3391,48,4155,64,3138,44,3357,51,3959,59,
2026-09-30,05:54:04.191,1000,276,4,240,3,177,2,136,1,193,3,144,2,215,3,85,1,84,1,83,1,148,2,211,3,79,1,44,0,201,3,84,1,
2026-09-30,05:54:05.192,1000,4098,57,4020,51,4071,66,4110,60,2995,44,3752,59,3580,55,5247,71,3972,55,4543,68,3292,55,3660,52,2826,43,4156,58,3457,55,3089,46,
2026-09-30,05:54:06.191,999,1156,18,498,7,813,11,1118,14,482,7,441,7,427,7,812,11,731,11,448,6,561,8,655,9,645,9,523,7,712,12,594,9,
2026-09-30,05:54:07.191,999,1023,14,1119,14,343,5,966,14,1163,17,760,12,872,14,1053,14,905,12,1166,17,567,9,661,9,665,10,731,10,926,14,729,11,
2026-09-30,05:54:08.192,1000,554,8,614,8,466,6,436,5,306,5,693,11,350,5,628,8,295,4,561,8,325,5,524,8,374,6,574,8,478,7,417,6,
2026-09-30,05:54:09.192,999,3,0,75,1,215,3,295,3,74,1,72,1,73,1,4,0,148,2,156,2,133,2,271,4,78,1,100,1,374,6,146,2,
2026-09-30,05:54:10.191,999,155,2,241,3,393,5,192,2,308,5,336,5,221,3,159,2,438,6,696,10,423,6,321,5,506,8,516,7,559,9,396,6,
2026-09-30,05:54:11.191,999,960,13,1513,19,1298,18,1235,15,854,13,1068,17,842,13,982,13,808,11,1039,14,833,12,766,12,1215,20,1199,17,1049,17,605,9,
2026-09-30,05:54:12.192,1000,439,6,325,4,389,6,308,4,424,6,298,5,320,5,232,3,362,5,429,6,384,6,139,2,143,2,225,3,391,6,192,3,
2026-09-30,05:54:13.192,999,851,12,861,11,640,9,968,13,697,10,524,8,336,5,586,8,551,8,806,12,510,8,588,8,489,7,624,8,529,8,768,12,
2026-09-30,05:54:14.191,999,141,2,246,3,247,3,145,1,9,0,79,1,129,2,83,1,290,4,515,7,327,5,151,2,92,1,112,1,11,0,81,1,
2026-09-30,05:54:15.192,1000,285,4,238,3,361,5,527,7,207,3,332,5,751,11,878,12,734,10,595,9,461,7,622,9,277,4,713,9,139,2,334,5,
2026-09-30,05:54:16.193,1000,211,3,214,3,184,2,249,2,92,1,192,3,323,5,90,1,165,2,168,2,492,7,286,4,213,3,313,4,327,5,234,3,
2026-09-30,05:54:17.192,999,83,1,8,0,196,2,156,1,94,1,387,6,150,2,147,2,208,3,279,4,193,3,91,1,313,4,198,2,237,4,165,2,
2026-09-30,05:54:18.192,999,3895,54,4291,55,3868,66,3563,56,2270,33,3494,53,3910,59,4287,57,3761,52,3874,62,4139,74,3404,48,4782,73,3414,48,3832,60,4288,64,
2026-09-30,05:54:19.193,1000,86,1,92,1,119,1,99,0,86,1,71,1,146,2,172,2,169,2,452,6,158,2,15,0,181,2,260,3,136,2,150,2,
2026-09-30,05:54:20.193,999,280,4,395,5,235,3,725,9,266,4,312,5,201,3,503,7,190,3,573,8,219,3,353,5,291,4,571,8,448,7,497,8,
2026-09-30,05:54:21.192,999,1010,14,954,12,723,11,596,8,479,7,666,11,583,9,1039,14,925,13,1039,15,626,11,975,14,549,8,710,10,1229,19,1013,15,
2026-09-30,05:54:22.193,1000,2337,34,1948,26,2687,38,3085,40,3040,45,2508,38,2367,36,2187,33,2891,42,2662,36,2032,30,2455,35,1856,28,1990,27,2066,32,2662,44,
2026-09-30,05:54:23.193,999,435,6,643,8,850,12,600,7,328,5,344,5,763,11,675,9,488,7,526,7,630,9,662,10,249,4,562,7,734,11,682,10,
2026-09-30,05:54:24.193,999,148,2,622,8,386,5,306,3,296,4,269,4,267,4,343,5,160,2,296,4,201,3,287,4,260,4,465,6,346,5,718,11,
2026-09-30,05:54:25.192,999,1039,14,487,6,789,13,585,8,924,13,1060,17,607,9,1069,14,935,13,1281,20,864,15,665,9,1030,15,995,14,875,13,686,10,
2026-09-30,05:54:26.193,1000,475,8,265,4,304,4,204,2,680,10,746,11,379,6,784,11,283,5,516,7,348,5,290,4,324,5,219,3,784,13,659,10,
2026-09-30,05:54:27.193,999,497,8,573,9,627,9,696,9,835,12,770,12,847,13,532,7,321,5,774,10,797,12,505,7,431,6,598,8,922,14,445,6,
2026-09-30,05:54:28.193,999,427,6,341,4,340,4,639,7,293,4,611,10,344,5,745,10,209,3,447,6,753,11,621,9,646,9,406,5,322,5,213,3,
2026-09-30,05:54:29.193,1000,154,2,95,1,244,3,91,0,147,2,226,4,59,1,81,1,158,2,162,2,214,3,7,0,90,1,138,1,126,2,145,2,
2026-09-30,05:54:30.193,999,78,1,327,4,551,7,317,3,260,4,266,4,393,6,166,2,245,3,305,4,65,1,147,2,320,5,175,2,116,2,167,2,
2026-09-30,05:54:31.193,999,2359,34,2619,34,1670,24,1687,22,1866,27,1758,30,1554,26,1924,27,2453,35,2176,29,2116,33,1881,26,2293,35,1941,30,2063,36,2336,38,
2026-09-30,05:54:32.192,999,432,6,242,3,344,5,173,2,386,6,241,4,363,6,303,4,293,4,160,2,394,6,347,5,401,6,279,4,141,2,77,1,
2026-09-30,05:54:33.193,1000,3860,54,4570,58,3701,65,3729,60,2846,42,3344,51,4011,60,4066,54,4101,57,3873,63,4101,76,4203,60,4655,72,4235,59,4846,74,4528,67,
2026-09-30,05:54:34.193,999,8,0,81,1,171,2,122,1,15,0,225,4,316,5,381,5,232,3,421,6,280,4,488,7,349,5,328,4,163,3,270,4,
2026-09-30,05:54:35.193,999,983,14,798,10,1071,16,1240,17,710,11,721,11,947,15,761,10,1007,14,1297,19,739,11,668,10,1026,16,1089,15,879,14,611,9,
2026-09-30,05:54:36.193,1000,1566,23,1728,23,1898,27,2086,28,1875,29,1514,23,1524,23,1261,18,1814,27,1694,24,1197,18,1561,23,1226,19,2123,30,1641,25,1255,20,
2026-09-30,05:54:37.193,999,73823,1025,82745,1055,73225,1037,81056,1077,71685,1048,55494,1050,59019,1067,78314,1048,71984,1007,79304,1070,71594,1064,76225,1075,66697,1013,63324,1059,53619,1018,67948,1020,
2026-09-30,05:54:38.193,999,34653,485,38410,495,36453,528,36981,500,37098,550,30878,545,29917,514,36674,497,32704,466,36425,503,32842,501,34411,492,30418,464,29182,468,26889,479,31804,483,
2026-09-30,05:54:39.192,999,6571,95,6954,92,5578,83,6871,94,5015,77,5214,85,5145,83,6441,87,5505,80,5670,79,4296,68,5139,75,5228,81,5277,78,4769,77,4598,71,
2026-09-30,05:54:40.193,1000,4491,62,6143,79,4969,71,4866,65,4626,70,4481,79,4711,80,4912,67,4829,69,5732,79,4726,71,5569,80,3985,62,4880,78,3460,61,4130,64,
2026-09-30,05:54:41.193,999,32899,449,35741,450,31410,441,31915,415,30331,441,23745,464,23251,436,32873,431,32535,448,33811,451,30255,444,33050,463,29335,446,26045,442,23561,463,31168,455,
2026-09-30,05:54:42.193,999,19245,272,23294,302,20036,295,22218,303,19344,290,17891,296,17128,279,21972,305,19551,279,21134,297,21536,333,20781,303,19105,297,19158,295,17338,290,16898,263,
2026-09-30,05:54:43.193,1000,2405,35,3068,41,2847,41,3122,42,2039,31,2030,34,2301,37,2511,35,2752,39,3123,43,2679,41,2259,35,2280,36,1808,26,1546,25,2660,42,
2026-09-30,05:54:44.193,999,20252,288,21372,278,19220,276,22121,295,16437,249,15087,270,15320,262,20524,273,18209,259,19746,269,18069,274,18742,271,17439,271,16322,266,15123,278,19491,293,
2026-09-30,05:54:45.193,999,14371,199,16170,208,11722,197,12533,197,12903,190,13316,211,12128,189,15749,209,12480,175,12614,200,11118,196,11725,167,9627,148,13355,195,10665,167,10966,163,
2026-09-30,05:54:46.192,999,5632,83,6245,82,4936,69,7039,91,4658,77,5075,86,4874,78,6202,82,5757,82,5587,76,5071,76,4762,73,4903,81,5565,82,5116,86,4650,70,
2026-09-30,05:54:47.193,1000,1765,24,2191,28,2339,34,2549,34,1564,25,1996,32,1946,31,1612,21,1179,16,1214,16,1343,21,1274,20,1709,28,1328,19,983,16,1234,18,
2026-09-30,05:54:48.193,999,1575,23,2056,27,1732,25,1470,20,1968,29,1588,26,2011,32,1522,20,1987,29,2654,38,2026,32,2359,34,1558,24,2178,33,2029,34,1196,18,
2026-09-30,05:54:49.193,999,16450,225,18379,233,14008,244,13563,216,15140,219,14505,217,13690,204,16892,222,14807,207,13198,210,13253,236,15631,221,14762,225,17188,239,14509,215,16597,245,
2026-09-30,05:54:50.193,1000,3440,50,2868,37,2128,31,3233,43,3010,46,2523,44,2492,42,3308,45,2279,33,2939,41,2715,42,1391,20,3156,49,2371,35,2303,40,3173,48,
2026-09-30,05:54:51.193,999,1063,15,1331,17,799,11,1057,13,831,12,339,6,721,12,668,10,929,13,826,11,686,10,1060,15,794,12,937,14,836,15,803,13,
2026-09-30,05:54:52.193,999,1364,19,1468,19,1104,15,1510,19,1294,21,1150,20,1458,24,1274,17,1356,20,1473,20,1211,18,1127,17,836,14,1077,16,1197,19,1599,24,
2026-09-30,05:54:53.193,999,775,11,539,7,433,6,745,9,632,9,721,13,401,7,584,8,581,8,847,11,421,6,724,10,608,9,428,6,423,8,832,12,
2026-09-30,05:54:54.193,1000,1242,19,1301,18,1307,20,921,13,1570,23,1434,23,1087,17,1704,23,1385,22,1419,21,1140,19,2005,29,1132,17,1347,20,1571,26,1459,22,
2026-09-30,05:54:55.193,999,2752,39,3121,42,2393,40,2771,43,2845,42,2088,32,3393,52,2894,39,2607,37,2788,43,1796,31,2170,31,1973,31,2359,34,2001,31,2367,35,
2026-09-30,05:54:56.193,999,41617,586,47491,609,39196,554,46128,607,42385,624,31881,601,34492,624,45579,608,42983,608,47162,636,40136,595,42860,601,37927,580,36159,603,30577,577,40181,599,
2026-09-30,05:54:57.194,1000,8056,114,8865,114,7720,111,9388,125,8069,117,6476,118,6963,121,9175,125,7872,113,8672,117,7651,115,8282,117,8090,123,6991,114,6188,115,6506,97,
2026-09-30,05:54:58.193,999,13798,198,15897,210,12705,188,16797,231,14542,216,11711,202,12478,209,14351,194,13466,196,16548,233,13292,209,13452,193,11713,181,12050,190,10685,182,11958,181,
2026-09-30,05:54:59.193,999,1857,27,2160,29,2321,34,1895,26,885,13,1202,19,1020,16,1423,20,1087,16,842,12,1344,21,1062,15,993,15,1489,23,1158,20,1398,22,
2026-09-30,05:55:00.193,999,4319,63,4698,63,5458,79,5346,72,4844,72,4143,74,4338,73,5407,73,5906,87,4897,68,5097,78,4662,67,4207,65,3686,60,3097,57,4242,64,
2026-09-30,05:55:01.194,1000,5088,75,5590,75,4391,64,4359,59,3510,52,3861,63,3606,57,3665,50,3386,51,4005,56,3833,60,3914,55,3684,57,3601,54,3680,61,3739,57,
2026-09-30,05:55:02.193,999,43511,621,47137,620,46375,651,49351,647,43219,651,37019,663,36276,623,47919,633,44981,646,52817,710,43114,644,44838,636,43204,666,39097,630,34942,631,39176,584,
2026-09-30,05:55:03.193,999,2923,43,3670,49,2839,41,3352,45,2154,33,2221,36,3071,49,3125,43,2325,33,2034,28,2142,33,2569,39,1934,31,2465,36,1348,22,2089,32,
2026-09-30,05:55:04.194,1000,17747,244,17612,223,14763,252,15006,234,16228,236,15338,231,16261,242,17123,227,15746,219,15255,237,13978,245,16179,230,15042,229,16338,229,16071,239,16964,251,
2026-09-30,05:55:05.193,999,16571,231,18236,235,14349,235,15229,231,15721,234,14546,223,14831,227,16958,228,16255,227,16376,253,12625,216,15748,227,13617,212,15081,218,14711,230,14351,219,
2026-09-30,05:55:06.193,999,3629,55,3690,51,3578,51,4150,55,3895,58,3447,60,3989,66,5244,70,4029,63,4711,62,4458,67,4129,59,3758,53,4001,61,3000,51,2828,42,
2026-09-30,05:55:07.193,999,8334,123,8502,112,7978,117,10000,138,6276,95,6526,103,7539,119,7037,95,7428,108,8036,114,7615,119,7000,103,8107,128,6694,100,7113,116,6948,106,
2026-09-30,05:55:08.194,1000,5440,80,7988,106,6313,93,5471,76,5568,89,5082,79,5375,82,6250,84,4916,73,5867,83,4989,79,6101,91,4590,75,6307,92,6125,96,4515,68,
2026-09-30,05:55:09.193,999,1667,25,2152,30,1117,16,2198,29,1619,24,942,17,1017,18,1329,18,1399,21,2053,28,924,14,1388,21,1381,21,1006,16,1283,23,1187,18,
2026-09-30,05:55:10.193,999,2947,41,3053,39,2849,43,2552,35,2209,34,2236,38,2014,34,2520,34,2368,33,3187,45,1726,28,3008,44,2208,36,2609,40,2210,37,2864,43,
2026-09-30,05:55:11.194,1000,704,10,767,10,785,11,700,9,489,7,535,10,287,5,872,12,502,7,807,11,674,10,823,12,465,7,806,13,542,10,466,7,
2026-09-30,05:55:12.194,999,2933,41,4000,52,3367,53,3280,47,3093,46,3603,56,2786,40,4333,60,2998,43,3171,45,3228,53,3487,50,2650,39,3401,47,3032,47,2809,45,
2026-09-30,05:55:13.193,999,768,13,1046,15,1407,20,1018,13,1163,17,928,15,884,14,1123,15,1239,19,1111,15,1087,17,1389,20,1118,17,1528,22,1232,20,1147,17,
2026-09-30,05:55:14.193,999,1206,18,844,11,1111,17,1204,17,1659,24,1052,17,1098,18,1621,22,1603,23,1529,22,1097,18,1301,19,1387,21,1083,16,859,14,1096,17,
2026-09-30,05:55:15.194,1000,4064,58,2886,38,2374,39,3708,57,4295,63,3457,56,3463,54,4640,62,3833,57,3242,50,3105,54,3670,53,3032,46,3456,50,3409,54,3370,50,
2026-09-30,05:55:16.193,999,1406,20,2031,26,1414,20,2042,27,1664,24,864,15,1671,27,1246,18,1544,22,1529,21,1342,20,1897,27,1360,21,1284,20,1566,27,1660,26,
2026-09-30,05:55:17.193,999,3453,50,3492,46,2977,43,3316,44,2648,41,2351,40,2446,40,3313,45,2729,39,3290,47,2513,39,2657,39,2681,42,2486,38,1997,34,3248,50,
2026-09-30,05:55:18.194,1000,677,10,1262,17,720,10,1618,21,1384,20,973,16,922,15,1130,16,1098,16,1125,16,1291,20,1245,18,1085,16,560,7,879,14,615,9,
2026-09-30,05:55:19.194,999,10603,148,10372,133,8693,151,9071,144,8885,130,8845,134,10779,162,11055,147,10031,142,9048,145,8202,148,9244,131,10081,154,10916,154,9629,145,10858,161,
2026-09-30,05:55:20.193,999,2784,44,3298,46,3451,49,3067,41,3021,45,2884,47,1971,31,2354,31,2358,39,2974,41,3430,51,2152,30,2961,46,2927,43,2968,48,2443,37,
2026-09-30,05:55:21.193,999,302,4,400,5,216,3,410,5,462,7,467,9,56,1,306,4,503,7,358,5,403,6,135,2,524,8,256,4,399,7,408,6,
2026-09-30,05:55:22.194,1000,1407,23,1228,18,1763,25,1147,15,855,12,1033,16,1418,22,1484,20,1191,18,1434,20,1108,17,934,13,1370,21,901,13,1179,18,1137,17,
2026-09-30,05:55:23.194,999,1431,21,1671,21,1758,26,2242,31,881,13,1102,18,1374,22,1482,20,2022,29,1779,25,1496,23,1584,23,1325,20,1265,18,1124,18,705,10,
2026-09-30,05:55:24.193,999,218,3,819,11,465,6,365,4,630,9,458,8,520,8,311,4,799,11,455,6,463,7,475,7,408,6,585,9,523,9,282,4,
2026-09-30,05:55:25.193,999,1277,18,1784,23,1544,26,1655,25,1345,20,1482,23,1720,27,2171,29,1739,25,1504,23,1498,26,1461,21,1849,28,2126,30,1300,20,1870,28,
2026-09-30,05:55:26.194,1000,1087,17,645,9,1435,20,1288,17,1442,22,796,12,962,15,1977,26,1093,17,743,10,1153,17,1318,19,1248,20,1054,16,1081,18,1368,20,
2026-09-30,05:55:27.193,999,632,10,901,13,793,11,825,11,966,14,921,14,1086,16,891,12,1021,16,934,13,773,12,1190,17,821,12,545,7,791,12,1216,18,
2026-09-30,05:55:28.193,999,2190,32,2003,27,2173,33,2293,32,1595,25,1370,21,1397,21,1924,25,2144,30,1694,25,1316,22,1868,28,1847,30,1819,26,1868,30,2617,39,
2026-09-30,05:55:29.194,1000,269,4,308,4,723,10,614,7,219,3,510,8,376,6,780,11,616,9,679,9,542,8,300,4,443,6,415,5,249,4,417,6,
2026-09-30,05:55:30.194,999,902,13,848,11,667,9,1409,18,1020,15,1004,17,592,10,1073,15,1004,14,1111,15,1250,19,1329,19,805,12,501,7,731,12,884,13,
2026-09-30,05:55:31.193,999,969,14,1029,14,841,12,1102,14,605,9,478,8,733,12,587,8,410,6,910,12,724,11,784,11,570,9,654,9,636,10,928,14,
2026-09-30,05:55:32.193,999,647,10,153,2,249,3,428,5,270,4,338,6,435,7,290,4,139,2,11,0,334,5,222,3,263,4,251,3,194,3,136,2,
2026-09-30,05:55:33.194,1000,151,2,462,6,243,3,180,2,140,2,119,2,499,8,376,5,136,2,317,4,340,5,11,0,480,7,141,2,382,6,392,6,
2026-09-30,05:55:34.194,999,7524,105,7470,97,5459,96,7315,114,5667,83,5836,89,6200,93,6336,85,6146,86,6171,99,6581,118,6138,87,7246,110,7078,100,7259,110,6868,103,
2026-09-30,05:55:35.193,999,1382,20,1054,14,966,16,1075,17,962,14,1211,19,1321,20,1036,14,581,8,928,14,939,16,909,13,1273,19,853,12,649,11,815,12,
2026-09-30,05:55:36.194,1000,1007,15,305,4,531,7,911,11,680,10,421,7,494,8,517,7,542,8,585,8,955,14,569,8,735,11,742,11,381,6,408,6,
2026-09-30,05:55:37.194,999,147,2,218,3,506,7,141,1,480,7,319,5,335,5,93,1,80,1,234,3,532,8,418,6,318,5,572,8,139,2,83,1,
2026-09-30,05:55:38.193,999,1114,16,1246,16,1012,14,1328,17,1316,21,1408,21,1160,17,1504,21,1008,14,878,12,1203,18,914,14,762,12,1114,16,1225,19,929,14,
2026-09-30,05:55:39.194,1000,295,4,223,3,594,8,512,6,485,7,327,5,650,10,514,7,560,8,377,5,362,5,695,10,867,13,537,7,657,10,291,4,
2026-09-30,05:55:40.195,1000,291,4,615,8,480,6,1017,13,470,7,394,6,270,4,447,6,730,10,245,3,696,10,445,6,464,7,424,5,448,7,711,11,
2026-09-30,05:55:41.195,999,781,11,729,9,510,7,894,12,495,8,396,6,481,7,255,3,453,6,461,6,437,6,702,10,403,6,792,11,688,10,216,3,
2026-09-30,05:55:42.194,999,419,6,630,8,492,8,490,7,489,7,800,13,658,10,808,11,574,8,921,14,340,6,532,8,728,11,634,9,835,13,592,9,
2026-09-30,05:55:43.195,1000,404,6,485,6,246,3,204,2,80,1,179,3,182,3,162,2,431,6,301,4,387,6,278,4,282,4,599,8,473,7,347,5,
2026-09-30,05:55:44.195,999,856,12,888,12,981,14,909,11,1270,19,828,14,881,15,1389,19,966,13,822,11,1036,15,933,13,546,8,1247,18,709,12,861,13,
2026-09-30,05:55:45.195,999,769,11,560,7,474,7,968,14,1026,15,1014,16,719,11,1160,16,583,8,613,9,565,10,503,7,618,9,663,9,338,5,616,9,
2026-09-30,05:55:46.194,999,561,8,466,6,818,11,854,10,400,6,378,6,431,7,835,11,513,7,649,9,366,5,386,5,619,9,665,10,625,10,359,5,
2026-09-30,05:55:47.195,1000,385,6,459,6,501,7,370,4,646,9,669,10,329,5,611,8,313,5,316,4,552,8,442,6,639,9,338,4,521,8,807,12,
2026-09-30,05:55:48.195,999,417,6,629,8,674,9,604,7,288,4,311,5,655,10,160,2,166,2,423,6,514,8,375,5,729,11,550,7,578,9,459,7,
2026-09-30,05:55:49.195,999,5077,70,4197,54,3891,69,4083,65,3896,57,4349,66,4426,66,5312,71,4406,62,4621,75,4128,76,4939,70,4527,69,4754,66,4611,69,4338,64,
2026-09-30,05:55:50.195,1000,196,3,370,5,579,8,548,7,538,8,136,2,53,1,139,2,261,4,165,2,215,3,493,7,515,8,394,6,418,7,268,4,
2026-09-30,05:55:51.195,999,654,9,536,7,237,3,869,11,828,13,838,13,559,9,732,10,701,10,827,11,797,12,753,11,782,12,588,8,677,11,307,5,
2026-09-30,05:55:52.195,999,288,4,539,7,270,4,101,1,324,5,267,4,127,2,207,3,4,0,209,3,146,2,4,0,274,4,86,1,266,4,259,4,
2026-09-30,05:55:53.194,999,2,0,154,2,166,2,104,1,194,3,9,0,201,3,79,1,6,0,4,0,6,0,205,3,12,0,87,1,97,2,141,2,
2026-09-30,05:55:54.195,1000,174,3,157,2,424,6,301,4,72,1,1,0,187,3,139,2,282,4,284,4,143,2,274,4,509,8,216,3,367,6,336,5,
2026-09-30,05:55:55.195,999,492,7,633,8,698,11,635,9,1219,18,982,15,918,14,1183,16,694,10,1268,19,609,10,1145,17,841,13,803,11,539,8,547,8,
2026-09-30,05:55:56.195,999,36766,518,39938,517,29460,469,34304,503,31102,492,34386,512,37706,554,39014,521,39483,547,35568,530,33588,560,37176,557,30357,492,34150,486,32962,499,33443,509,
2026-09-30,05:55:57.195,1000,49579,700,56757,732,49600,708,52288,696,48087,757,47982,741,45347,690,48290,711,52797,742,56403,764,53686,800,52430,781,44196,711,49987,721,45641,707,45058,741,
2026-09-30,05:55:58.195,999,53098,788,57690,780,51682,742,56331,757,51963,804,53596,815,50788,762,55107,787,51022,755,54786,749,54786,824,52421,785,46799,750,53578,762,54526,810,49050,785,
2026-09-30,05:55:59.195,999,4574,70,4789,66,4935,72,5076,69,4749,72,5021,81,4426,69,5774,79,4926,78,5199,72,5188,80,5003,73,5297,82,4575,67,5054,80,5299,80,
2026-09-30,05:56:00.195,1000,9670,136,9574,124,9073,131,10119,136,7417,111,6703,125,6938,121,9117,120,8383,118,9253,128,9525,144,8452,121,7461,117,7277,121,5799,108,8298,124,
2026-09-30,05:56:01.196,1000,2811,43,2971,40,2259,32,3045,40,2573,38,2261,39,1767,29,2456,33,2704,41,2205,30,2660,39,2923,41,2411,37,2824,45,2421,41,3006,45,
2026-09-30,05:56:02.196,999,14120,213,15526,213,14467,209,17081,229,13902,212,13923,216,16178,248,16907,228,13340,205,13344,187,13920,216,14385,210,13146,206,15040,220,14068,223,13125,201,
2026-09-30,05:56:03.196,999,3121,44,3553,46,3834,54,3947,52,3360,54,3565,57,2908,46,3368,46,3688,51,4062,55,3472,52,3269,50,3457,58,2972,43,3420,55,3325,51,
2026-09-30,05:56:04.196,1000,21622,296,19268,241,15188,259,17261,271,17097,248,17535,265,17002,255,21147,278,18986,261,17018,268,15871,283,20941,299,17437,263,18716,262,18713,279,17720,259,
2026-09-30,05:56:05.196,999,21257,294,25202,322,18410,316,19963,316,21226,313,21861,338,22205,338,25285,336,21877,306,20621,328,17288,307,21203,304,18562,285,22743,325,18384,283,23469,350,
2026-09-30,05:56:06.196,999,34912,498,36709,481,31894,446,35101,458,31292,468,26042,487,25996,466,39677,520,37395,522,35592,481,31391,469,34899,492,32703,493,29231,485,24163,455,31772,479,
2026-09-30,05:56:07.196,999,3703,52,4095,53,2866,43,3582,50,3787,58,2509,42,2866,46,3473,46,2974,41,3689,53,3632,56,3529,52,3300,53,2834,43,2527,44,2609,39,
2026-09-30,05:56:08.196,1000,10382,148,10358,134,8753,126,11766,158,7758,125,8747,135,7747,119,8644,120,8960,128,9614,135,8682,134,9068,138,6857,111,6928,101,8234,130,6808,108,
2026-09-30,05:56:09.196,999,3887,56,2892,38,2923,43,3048,42,3055,49,2825,44,2525,39,3340,44,3053,44,3461,48,2665,41,3025,47,2963,48,3595,54,3423,56,2936,44,
2026-09-30,05:56:10.196,999,2326,33,2635,34,2377,34,2501,32,2298,36,1917,34,2093,35,2016,27,2671,37,2724,37,1680,24,2439,36,1859,30,1590,24,2256,39,2728,40,
2026-09-30,05:56:11.196,1000,977,14,1219,16,1118,16,1255,16,1189,17,574,10,847,14,1053,14,934,13,965,13,859,13,1167,17,1221,18,939,14,1088,19,685,10,
2026-09-30,05:56:12.196,999,3058,44,3325,43,3799,56,3611,51,4121,60,3636,58,3274,51,4169,55,3746,54,3313,49,3590,58,3496,50,3263,50,3541,52,3852,58,2774,40,
2026-09-30,05:56:13.196,999,1171,16,1662,22,1441,21,1555,21,1216,19,1684,27,1729,27,1475,20,1521,21,1236,17,1253,20,1486,22,953,15,1259,18,1462,23,626,9,
2026-09-30,05:56:14.197,1000,2082,29,2077,27,2052,30,1428,19,1140,18,914,16,1164,20,2122,28,2101,30,1831,26,1539,24,1869,28,1392,22,1830,27,1376,24,1899,28,
2026-09-30,05:56:15.196,999,3358,47,4575,59,2918,49,3979,61,3048,46,3669,57,2649,40,3645,49,2403,33,3353,52,2851,50,2977,43,3508,54,3945,55,2539,40,3313,49,
2026-09-30,05:56:16.196,999,1689,24,1762,23,1390,20,1489,20,662,10,972,16,742,12,1642,22,1385,20,1441,20,1267,19,1458,21,1898,29,1906,27,1729,27,1221,19,
2026-09-30,05:56:17.196,999,105663,1455,119448,1516,107492,1514,114641,1507,102825,1496,80118,1514,83596,1517,119293,1586,108440,1496,111721,1493,105206,1546,111062,1555,97283,1467,89140,1486,79271,1510,98890,1473,
2026-09-30,05:56:18.196,1000,43461,610,47286,611,42125,607,43738,591,43470,645,36714,653,37257,642,45111,605,41729,591,46312,639,42788,648,42051,607,36354,562,36402,581,31812,574,39512,597,
2026-09-30,05:56:19.196,999,25184,350,27183,346,20298,335,23215,353,21321,314,20843,322,21525,326,24719,326,22466,314,19832,307,17914,309,22622,323,21544,329,21715,308,22042,335,23277,346,
2026-09-30,05:56:20.196,999,6260,88,8046,104,8406,120,6834,91,6749,103,6458,115,6626,115,7624,102,5152,74,7622,104,6977,103,6258,91,5901,94,5574,88,4651,83,6208,94,
2026-09-30,05:56:21.197,1000,1124,17,1141,16,1347,19,1261,16,2161,32,1807,32,1618,27,2486,33,2144,33,2006,27,1890,28,1577,22,1437,22,1482,23,1351,24,1816,27,
2026-09-30,05:56:22.196,999,1985,28,2042,26,2100,29,2216,28,1225,19,1087,19,1763,29,1399,19,1240,18,2203,30,966,15,1738,25,1845,29,1969,29,1662,29,1544,24,
2026-09-30,05:56:23.196,999,1846,28,1187,16,1428,20,1714,22,2249,35,1905,31,1733,28,2210,29,1423,21,1659,22,1246,18,1475,22,1362,22,1303,19,1473,25,1539,23,
2026-09-30,05:56:24.196,999,2502,37,2568,35,2412,34,2447,31,2212,33,1627,27,2123,33,2215,30,1803,26,1426,19,1738,27,2401,34,1720,26,1396,19,1397,23,1564,23,
2026-09-30,05:56:25.197,1000,8582,119,9473,121,7285,128,7493,121,9061,133,8387,128,8358,127,8999,120,8745,122,7944,130,7453,136,8409,120,8283,127,8581,121,6932,106,8636,129,
2026-09-30,05:56:26.196,999,2582,39,1883,26,2434,34,2530,33,1756,26,1373,22,1755,28,2669,36,1737,27,1930,26,1800,27,2047,30,1591,25,2456,34,2005,31,1729,27,
2026-09-30,05:56:27.196,999,1967,29,1214,17,2034,29,1783,24,1246,18,1354,22,1512,23,2074,29,1645,24,2054,28,1895,28,1773,25,1448,22,1708,24,1213,19,1321,20,
2026-09-30,05:56:28.197,1000,945,14,1674,22,1390,20,1006,13,1242,18,1326,21,1203,18,1335,18,1659,26,1672,24,1384,22,1798,26,763,12,837,12,958,16,863,13,
2026-09-30,05:56:29.196,999,774,11,546,7,971,14,766,10,873,13,864,15,514,9,1058,15,871,12,890,12,1057,16,1327,19,842,13,763,12,217,4,523,8,
2026-09-30,05:56:30.196,999,5440,77,5995,77,4818,69,5857,78,5219,77,5420,83,5185,78,4863,78,4706,65,4634,62,5465,81,3862,55,4872,74,5290,74,4956,75,3678,65,
2026-09-30,05:56:31.196,999,1059,15,1623,21,1275,18,1229,16,1039,16,941,16,1041,17,874,12,816,12,1242,17,1579,24,2447,36,1119,17,1160,17,837,14,1139,17,
2026-09-30,05:56:32.197,1000,1362,20,2124,28,1266,18,1499,20,939,14,1142,18,1246,19,1897,28,2057,29,1568,22,2280,34,1608,23,1181,18,1022,15,903,14,1552,26,
2026-09-30,05:56:33.196,999,1985,28,2262,29,1427,22,2094,29,2205,32,1425,22,1851,28,973,14,1227,17,2055,29,1469,23,1189,17,1663,25,1612,22,1290,20,1636,27,
2026-09-30,05:56:34.196,999,9091,128,7943,103,6757,117,7205,114,6633,97,7366,111,7916,118,9113,121,7813,111,7107,112,6851,123,8656,122,8302,126,7147,100,8089,121,8086,119,
2026-09-30,05:56:35.197,1000,2720,39,4226,55,2963,46,3303,48,2953,43,2665,44,3139,51,4755,64,3243,47,3605,54,2941,48,3534,50,3450,52,3160,48,2481,43,2973,45,
2026-09-30,05:56:36.197,999,3003,44,3210,44,2310,33,3062,40,2797,43,2596,40,2476,37,2048,29,2960,44,2447,33,2511,37,2670,39,2575,39,1657,23,2471,39,2690,43,
2026-09-30,05:56:37.196,999,422,6,634,8,104,1,351,4,948,14,695,12,728,11,577,8,512,7,534,7,407,6,383,5,343,5,316,4,143,2,268,4,
2026-09-30,05:56:38.196,999,14278,200,16512,213,14101,199,15020,198,12503,197,11776,210,11249,195,15735,206,13442,185,13823,190,12763,193,13774,194,12357,197,11289,180,12261,221,14504,218,
2026-09-30,05:56:39.197,1000,653,9,639,8,670,10,1095,14,426,6,350,5,724,11,980,13,784,11,1064,15,364,6,913,13,674,10,848,12,659,10,424,6,
2026-09-30,05:56:40.196,999,2066,30,1501,20,2344,33,1976,26,1962,31,2005,33,2284,34,2252,30,2374,34,2064,28,1893,28,1467,23,1846,30,2296,33,1991,31,1975,30,
2026-09-30,05:56:41.196,999,1987,29,2875,38,2518,37,2412,32,1863,29,2523,41,2007,32,2084,28,2537,37,3110,42,2157,33,2217,32,1692,27,2035,30,2433,38,2413,35,
2026-09-30,05:56:42.197,1000,82448,1132,88128,1120,81143,1149,84712,1121,73313,1091,61706,1130,62742,1114,85031,1129,80337,1109,87804,1182,78180,1163,80198,1147,75128,1152,67407,1107,63783,1169,77305,1148,
2026-09-30,05:56:43.197,999,36985,620,44531,669,44160,627,49148,650,43235,629,40994,621,38869,581,44147,581,35711,607,46894,645,43396,663,43956,619,38575,584,43465,627,41420,634,43911,663,
2026-09-30,05:56:44.196,999,53784,810,62720,865,55893,821,62518,851,61411,908,54092,882,56041,890,62337,838,53485,814,61743,862,55090,854,58606,836,53165,816,54458,821,45633,746,51051,777,
2026-09-30,05:56:45.196,999,32760,457,37403,480,28785,443,32283,462,30851,461,28304,491,27861,470,36475,486,32952,465,33544,485,28506,456,30006,430,26650,413,28530,450,25565,446,30721,458,
2026-09-30,05:56:46.197,1000,7270,109,7736,105,7563,109,7316,98,6095,100,6871,107,6307,97,7048,95,6488,96,6940,95,7075,108,6843,104,6369,107,6768,97,6676,103,6171,96,
2026-09-30,05:56:47.197,999,17719,260,19986,267,16927,260,19172,271,15241,229,15404,239,17784,270,18628,249,15782,234,16798,241,15128,240,17402,251,15973,247,17025,245,16376,253,15079,229,
2026-09-30,05:56:48.196,999,2607,37,3392,44,2735,41,3248,45,3191,47,2960,49,2759,44,3119,42,3028,46,3089,45,3073,48,3567,51,2854,44,3195,48,2713,45,2269,34,
2026-09-30,05:56:49.196,999,24973,343,24594,312,19438,326,22011,333,20648,305,21591,324,23219,344,25022,328,22719,316,21289,327,19524,338,22512,323,21313,335,24487,343,24526,363,23849,351,
2026-09-30,05:56:50.197,1000,3962,56,4775,62,3903,57,4299,57,3066,47,2589,47,3155,53,3631,48,3914,54,3638,51,2845,43,3264,48,3429,55,3970,62,3012,54,3986,60,
2026-09-30,05:56:51.197,999,1275,18,1468,19,1095,15,1409,18,1380,20,932,17,1007,17,906,12,508,7,1054,14,1102,16,1382,20,1069,17,1365,21,1055,20,1267,19,
2026-09-30,05:56:52.196,999,3010,43,3252,42,3315,48,4397,58,2570,40,2196,36,3100,49,3135,43,3501,49,3899,54,3379,51,3669,54,3267,53,4152,61,2799,46,3868,61,
2026-09-30,05:56:53.197,1000,1704,25,1457,19,1789,26,1711,22,1208,18,732,13,1020,18,1615,22,1429,21,1459,20,1244,19,1942,28,1444,22,1575,24,1090,19,1620,25,
2026-09-30,05:56:54.197,999,1726,24,1671,21,1930,27,2253,29,1448,22,1180,22,1769,31,2173,29,2077,29,1631,22,1471,22,2068,31,1328,21,1025,17,1308,25,1171,17,
2026-09-30,05:56:55.197,999,4273,59,3970,51,3070,53,3944,61,4109,61,4554,73,4750,73,4561,61,4239,60,4892,76,3014,52,4073,59,3288,50,3600,52,2720,42,3615,54,
2026-09-30,05:56:56.196,999,1416,22,2102,29,1617,23,1901,25,1574,24,1298,22,747,12,1303,18,1504,22,1673,23,1251,19,1173,17,1115,18,1553,24,1307,22,1515,24,
2026-09-30,05:56:57.197,1000,853,12,1091,14,1062,15,861,11,1073,16,697,12,817,14,1054,14,888,13,821,11,594,9,820,12,585,9,1031,16,602,11,992,15,
2026-09-30,05:56:58.198,1000,1424,20,850,11,539,8,1080,14,1032,15,702,12,718,12,889,12,817,12,642,9,771,12,744,11,889,13,777,11,735,12,863,13,
2026-09-30,05:56:59.198,999,1552,26,1249,18,1115,16,1563,20,752,11,1252,20,830,12,1294,17,1423,23,884,12,879,13,1675,24,1620,25,1224,17,1047,16,1495,22,
2026-09-30,05:57:00.197,999,889,13,1365,18,975,14,1332,18,816,12,771,12,817,12,1611,22,1283,18,1148,16,1040,16,1341,19,997,15,914,13,661,11,658,10,
2026-09-30,05:57:01.198,1000,1645,23,1851,24,966,14,1415,19,1213,18,906,15,761,13,1174,17,1281,18,1172,16,891,15,1099,16,1292,20,689,10,1125,19,1285,21,
2026-09-30,05:57:02.198,999,1701,24,2535,33,1815,25,1917,25,1334,23,1747,27,1711,26,1700,23,1330,18,1721,23,2030,30,1837,29,1015,18,1817,26,1161,18,1896,30,
2026-09-30,05:57:03.198,999,1707,24,2114,28,1213,17,1180,16,1629,24,1270,20,1209,18,1074,15,1289,18,1703,23,1239,18,1765,25,1131,17,1157,16,1143,19,1077,17,
2026-09-30,05:57:04.198,1000,9238,128,8511,108,7900,138,7798,122,8477,125,9202,139,8466,126,9431,125,9212,130,7973,128,6924,126,7863,113,8640,134,7470,105,9139,137,9250,137,
2026-09-30,05:57:05.199,1000,4681,66,5036,65,5028,76,5807,81,4425,69,4276,66,4215,65,5741,76,5633,79,5106,75,4030,66,4233,64,4130,66,5059,73,4444,70,5685,86,
2026-09-30,05:57:06.199,999,1344,20,1305,18,2310,32,1948,25,1625,24,1378,21,1428,21,2211,33,2373,34,2473,33,1799,26,1852,26,1266,19,1388,19,1373,21,1551,26,
2026-09-30,05:57:07.199,999,1342,19,1099,14,1161,16,1221,16,953,14,669,12,1094,19,1287,17,1731,24,1454,20,1467,22,1354,19,1578,24,1344,22,1114,21,1135,17,
2026-09-30,05:57:08.199,1000,2092,29,3585,46,2936,41,2398,30,2492,45,2634,40,2135,32,3196,42,2192,31,2134,30,2035,31,2306,38,2125,38,2668,38,2199,34,1997,30,
2026-09-30,05:57:09.199,999,1039,15,1290,17,789,11,780,9,815,12,263,4,528,8,870,12,785,11,954,13,573,8,504,7,421,6,456,6,808,14,602,9,
2026-09-30,05:57:10.199,999,1015,14,842,11,860,12,977,12,668,10,584,9,285,4,731,10,1205,17,460,6,663,10,863,13,712,12,831,12,621,10,1053,16,
2026-09-30,05:57:11.198,999,788,13,981,14,700,10,778,10,1480,22,876,13,936,14,1164,16,1799,30,1129,15,1497,22,1273,18,1193,18,1030,14,1152,17,468,7,
2026-09-30,05:57:12.199,1000,1965,27,1819,23,1615,27,1142,18,1266,18,1699,26,1197,18,2032,27,1477,21,1612,26,1331,25,1283,18,1616,24,1681,23,1920,28,1310,19,
2026-09-30,05:57:13.199,999,1339,19,1346,17,792,11,726,9,709,10,797,13,1345,21,1305,18,640,9,875,12,1057,17,1196,17,748,11,829,11,737,11,635,10,
2026-09-30,05:57:14.199,999,647,9,470,6,505,7,1028,13,551,8,340,5,818,12,604,8,435,6,393,6,600,10,613,9,310,4,710,9,714,11,426,6,
2026-09-30,05:57:15.199,1000,563,8,563,7,338,5,793,12,348,5,405,6,780,13,734,10,271,4,777,12,505,9,351,5,750,11,1107,15,320,5,465,7,
2026-09-30,05:57:16.199,999,1903,27,1684,22,1643,24,1802,25,850,14,1004,16,671,10,1180,16,1484,20,1015,14,1298,20,1099,16,1407,23,1315,18,2077,32,1431,21,
2026-09-30,05:57:17.199,999,180,3,235,3,505,7,197,2,344,5,504,8,369,6,467,6,449,6,310,4,419,6,437,6,746,11,294,4,351,6,344,5,
2026-09-30,05:57:18.198,999,482,8,308,4,321,4,357,4,150,2,608,9,267,4,548,7,391,6,297,4,582,9,608,9,659,10,269,3,1031,16,638,9,
2026-09-30,05:57:19.199,1000,7398,102,7312,94,6399,112,6782,107,7502,110,7012,106,7737,116,7682,102,7627,108,7016,113,6405,114,7163,102,7076,108,6799,97,8170,124,7527,112,
2026-09-30,05:57:20.199,999,1118,16,1227,16,606,8,1599,20,960,14,776,12,1018,16,1302,18,1080,16,1070,15,1284,19,1280,18,870,13,454,6,814,13,861,13,
2026-09-30,05:57:21.199,999,287,4,64,1,435,6,262,3,336,5,435,7,303,5,453,6,626,9,517,7,539,8,210,3,325,5,358,5,106,2,341,5,
2026-09-30,05:57:22.199,1000,515,8,518,7,312,4,128,1,7,0,215,3,278,4,320,4,199,3,287,4,272,4,140,2,277,4,184,2,134,2,395,6,
2026-09-30,05:57:23.199,999,272,4,528,7,445,6,315,4,273,4,380,6,135,2,152,2,354,6,229,3,334,5,215,3,65,1,143,2,266,4,415,6,
2026-09-30,05:57:24.199,999,1692,24,1711,22,1312,18,2006,27,1262,22,1367,22,910,14,1639,22,1439,20,1542,22,1794,28,1280,20,1522,24,1107,16,1391,22,1843,28,
2026-09-30,05:57:25.199,1000,974,15,1247,16,707,11,594,9,1441,21,748,12,1205,19,1189,16,855,12,1163,17,843,14,841,12,1066,16,1476,20,447,7,673,10,
2026-09-30,05:57:26.200,1000,7336,103,8338,106,7295,105,7847,106,5615,84,5635,84,5285,79,5262,78,6686,94,5633,78,4700,71,6001,88,5623,87,6488,91,6055,91,5242,90,
2026-09-30,05:57:27.200,999,772,11,1146,15,750,11,826,11,873,15,1061,16,693,10,684,9,848,12,1102,15,918,14,803,12,818,14,833,11,1179,18,918,14,
2026-09-30,05:57:28.200,999,334,5,547,8,369,5,495,6,671,10,975,16,697,11,1095,15,795,13,897,12,1014,15,569,8,466,7,653,9,551,9,454,7,
2026-09-30,05:57:29.200,1000,435,6,858,11,786,11,704,9,375,6,528,8,616,9,580,9,616,9,658,9,545,8,354,5,735,11,493,7,601,10,448,7,
2026-09-30,05:57:30.200,999,358,5,371,5,384,6,385,5,291,4,368,6,553,9,155,2,511,7,500,7,129,2,540,8,315,5,407,6,372,6,472,7,
2026-09-30,05:57:31.200,999,301,4,551,7,599,8,448,5,345,5,271,5,200,3,88,1,425,6,511,7,419,6,637,9,237,3,457,6,365,6,227,3,
2026-09-30,05:57:32.200,999,1491,21,1527,20,1611,24,1366,18,1550,25,1700,28,1157,18,1910,25,1458,20,1888,26,1762,27,1800,27,1378,23,1734,25,1809,28,1135,17,
2026-09-30,05:57:33.200,1000,798,12,815,11,631,9,954,12,530,8,732,11,1243,19,1195,16,914,14,831,12,1104,17,823,12,840,12,806,11,599,10,1150,17,
2026-09-30,05:57:34.200,999,4426,62,5274,68,4922,85,5256,81,3986,59,4290,65,4442,66,4902,65,5140,74,5503,88,4118,74,4423,62,5149,79,4880,69,5613,84,5372,80,
2026-09-30,05:57:35.200,999,1025,15,1175,15,1122,18,896,12,936,13,933,14,892,13,1052,14,959,14,733,11,890,15,1048,15,1032,15,1042,14,502,8,936,14,
2026-09-30,05:57:36.201,1000,3541,51,3982,52,3827,55,3152,43,2827,43,3097,47,3046,47,2934,41,3974,57,5017,67,3770,55,3804,55,3477,53,3678,51,3872,60,3618,56,
2026-09-30,05:57:37.200,999,600,8,981,13,742,10,1115,13,891,13,778,12,607,9,915,12,374,5,451,6,956,14,594,9,476,7,866,11,1013,17,763,11,
2026-09-30,05:57:38.200,999,1622,23,1879,24,1267,18,1298,17,1197,18,1375,22,1285,20,1109,15,1261,18,1304,18,1371,21,1530,23,1400,22,1299,19,1738,28,1493,24,
2026-09-30,05:57:39.200,999,203,3,311,4,228,3,463,5,730,11,242,4,203,3,86,1,263,4,532,7,294,4,516,7,315,4,297,3,225,3,291,4,
2026-09-30,05:57:40.201,1000,1160,16,1482,19,958,13,1425,18,730,12,784,13,951,14,918,12,1016,14,1028,14,1032,15,999,16,1043,18,1585,22,1351,21,1286,19,
2026-09-30,05:57:41.200,999,131,2,80,1,373,5,210,2,132,2,289,5,332,5,214,3,87,1,214,3,144,2,218,3,211,3,310,4,60,1,140,2,
2026-09-30,05:57:42.200,999,1270,18,1006,13,923,14,1426,20,388,6,699,11,672,10,774,10,848,12,981,15,761,12,338,5,870,13,778,10,948,14,497,7,
2026-09-30,05:57:43.200,999,1087,15,1005,13,1196,16,1669,21,1480,25,1175,18,1538,23,1203,16,1506,21,1847,25,1754,26,1405,22,1151,21,1459,20,989,16,1626,24,
2026-09-30,05:57:44.200,1000,1461,21,2427,32,1657,26,1520,21,1726,26,1603,24,1583,24,1713,23,1842,26,1190,18,1830,30,1326,19,1579,24,1302,18,1749,27,1199,19,
2026-09-30,05:57:45.200,999,1411,20,1597,21,1745,27,2024,29,1199,18,1595,26,1894,31,1836,24,1267,18,1646,24,1337,23,1840,26,1600,24,2170,33,995,18,1388,21,
2026-09-30,05:57:46.200,999,1762,25,2167,28,1863,26,1663,21,773,14,1365,21,1544,23,1458,19,2308,32,2514,34,1542,23,1543,26,1322,24,1478,20,1773,27,1514,23,
2026-09-30,05:57:47.201,1000,713,10,779,10,656,9,656,8,551,8,311,5,378,6,425,6,575,8,219,3,267,4,493,7,490,8,692,10,696,11,450,7,
2026-09-30,05:57:48.200,999,2075,29,1838,24,1763,25,2490,33,1380,21,1248,19,1330,20,837,11,1599,23,1573,22,1577,24,1718,26,1468,24,1620,23,1327,21,1647,25,
2026-09-30,05:57:49.200,999,73453,1019,87357,1113,75991,1093,82595,1109,74179,1091,56312,1046,61934,1108,81848,1091,78505,1095,84194,1145,73198,1097,77901,1098,69319,1061,64829,1067,60254,1117,72886,1097,
2026-09-30,05:57:50.201,1000,38920,541,42485,546,37414,544,40999,555,40183,597,33102,589,31065,543,40996,550,39244,550,40541,559,37416,568,39116,563,35284,548,33524,545,28650,521,34037,513,
2026-09-30,05:57:51.202,1000,2342,34,2795,37,3172,46,2348,31,1809,27,1461,24,1663,27,2265,31,1346,19,2258,31,2259,35,2443,35,2229,35,2085,32,1903,32,1911,30,
2026-09-30,05:57:52.201,999,4096,63,4064,56,3513,51,4655,62,3359,50,3391,59,3957,64,4210,58,3623,54,3591,50,3802,58,3454,50,3671,56,3608,55,3080,50,3183,50,
2026-09-30,05:57:53.201,999,6727,96,7193,95,6425,95,7201,101,5008,76,5221,82,6049,92,5860,78,5756,85,5278,75,6158,97,5050,72,5956,93,5686,82,5672,88,5807,87,
2026-09-30,05:57:54.202,1000,2201,31,1247,16,1432,20,1930,25,1137,18,824,14,1132,18,884,12,1290,18,1522,21,1599,24,1536,23,1409,23,1351,20,733,12,898,14,
2026-09-30,05:57:55.201,999,8784,124,10436,135,6976,117,9005,141,10419,155,9718,151,8979,138,11636,155,9933,141,9666,150,7257,123,8450,123,8372,132,9404,135,7249,112,8435,126,
2026-09-30,05:57:56.201,999,1871,28,2417,33,2470,35,3319,44,2982,48,2438,40,1911,30,3341,45,2983,44,3150,43,2813,42,2514,39,3171,53,2633,38,2893,46,2166,34,
2026-09-30,05:57:57.201,999,1295,18,1551,20,1131,17,1034,15,1421,21,1109,19,959,15,1198,16,915,13,658,9,980,15,716,10,1136,17,1259,20,909,17,1064,16,
2026-09-30,05:57:58.202,1000,1821,26,2400,31,2040,29,2175,28,2106,31,1711,27,1523,25,1990,28,2187,33,2245,32,1942,30,2919,42,2025,31,1947,29,1585,25,1454,23,
2026-09-30,05:57:59.201,999,1798,25,2383,30,2156,30,1650,21,1464,22,1122,20,1151,19,1669,23,1514,21,1413,19,799,12,1711,24,1468,22,1154,18,1050,20,1670,25,
2026-09-30,05:58:00.201,999,996,14,895,11,878,12,1118,14,771,11,791,13,709,12,1073,15,805,11,601,8,593,9,977,14,1295,20,899,14,692,12,906,14,
2026-09-30,05:58:01.202,1000,432,6,546,7,498,7,557,7,656,10,534,9,452,8,544,7,498,7,520,7,554,8,631,9,323,5,562,8,309,5,330,5,
2026-09-30,05:58:02.201,999,1572,22,1488,19,1338,18,1591,20,1161,20,1363,21,1261,19,1407,19,1266,17,1345,18,1545,23,1513,24,566,10,1163,16,1127,17,732,11,
2026-09-30,05:58:03.201,999,655,9,662,8,656,9,1232,15,690,10,546,8,572,8,1029,15,1287,17,970,12,994,14,620,8,526,7,708,10,393,6,470,7,
2026-09-30,05:58:04.202,1000,14861,205,13922,178,11792,200,11851,185,14029,205,11998,182,15589,231,15218,201,15290,216,14271,222,11990,211,13395,191,14435,221,14074,196,14122,212,13958,207,
2026-09-30,05:58:05.202,999,5471,76,6820,87,6114,98,5245,79,6326,92,5670,86,5432,80,6409,90,5057,70,5857,87,5105,84,5888,84,5325,81,5936,83,4715,71,5885,93,
2026-09-30,05:58:06.201,999,896,14,763,10,1079,15,861,11,1206,18,847,14,1117,17,1510,21,1016,15,1356,19,1408,21,1368,20,1219,18,1298,18,945,15,1440,23,
2026-09-30,05:58:07.201,999,1807,25,1790,23,1198,18,1618,22,1760,26,1798,28,1580,24,2065,29,1478,21,1792,25,1827,29,1616,23,1516,23,1392,19,1515,23,1205,19,
2026-09-30,05:58:08.202,1000,1984,28,2774,36,2251,31,2251,29,1471,26,1898,29,1877,28,2200,29,2164,30,2355,32,1938,30,1608,26,1561,28,2164,30,2086,32,1730,26,
2026-09-30,05:58:09.201,999,10,0,176,2,231,3,142,1,266,4,81,1,264,4,158,2,371,5,283,4,150,2,435,6,146,2,114,1,280,5,134,2,
2026-09-30,05:58:10.201,999,836,12,870,12,965,13,1046,13,728,11,900,14,658,10,1135,15,1167,16,526,7,1194,18,624,9,1272,20,1470,21,613,10,958,14,
2026-09-30,05:58:11.202,1000,81,1,162,2,245,3,438,5,507,8,354,6,250,4,303,4,517,7,354,5,326,5,494,7,86,1,422,6,363,6,192,3,
2026-09-30,05:58:12.202,999,1356,19,1675,21,1515,25,1626,24,554,8,1211,18,1482,22,1453,20,1160,16,1403,22,1272,22,1498,21,1656,25,1529,21,1803,27,1227,18,
2026-09-30,05:58:13.201,999,157,2,317,4,182,2,430,5,603,9,194,3,590,9,230,3,591,8,537,7,234,3,580,8,303,4,249,3,332,5,293,4,
2026-09-30,05:58:14.202,1000,784,11,1025,13,1656,24,1773,24,1072,16,940,16,1004,16,1209,16,1160,16,1226,17,872,14,1254,19,700,11,705,10,839,15,1003,15,
2026-09-30,05:58:15.202,999,789,11,1606,20,957,14,1493,20,1110,17,1056,16,1152,17,1563,21,1116,15,1547,23,1226,19,1219,19,937,15,1585,22,1544,24,689,10,
2026-09-30,05:58:16.201,999,425,6,504,7,583,8,549,6,337,5,394,6,366,5,313,4,619,9,377,5,544,8,381,6,464,7,617,8,489,7,580,9,
2026-09-30,05:58:17.202,1000,451,6,98,1,321,4,171,1,611,10,713,11,272,4,467,6,464,6,474,6,363,5,383,6,320,5,355,4,133,2,269,4,
2026-09-30,05:58:18.203,1000,1063,15,772,10,920,14,699,10,817,12,554,8,281,4,931,13,910,13,412,6,557,9,788,11,429,6,623,8,276,4,686,11,
2026-09-30,05:58:19.203,999,6702,93,5938,76,5742,97,6975,104,5773,89,6536,100,6571,98,8313,111,6128,87,7678,120,7060,122,6393,93,6662,105,5993,84,7281,109,6546,98,
2026-09-30,05:58:20.202,999,610,9,238,3,432,6,277,3,606,9,452,8,380,6,532,7,423,6,385,5,403,6,904,13,570,8,344,5,426,7,417,6,
2026-09-30,05:58:21.203,1000,3641,52,4093,54,4006,56,3208,41,1739,30,2630,40,2648,40,2743,36,2907,41,3111,42,3531,54,2422,38,2585,46,3305,46,3416,52,2809,42,
2026-09-30,05:58:22.203,999,543,9,600,8,779,11,1329,17,378,6,285,4,402,6,833,11,494,7,666,9,874,13,456,7,1047,17,385,5,718,11,997,15,
2026-09-30,05:58:23.203,999,57289,795,66836,851,59143,836,63887,843,57014,840,44068,845,49615,903,63671,851,59443,828,66308,889,58019,857,63517,897,55968,854,49253,828,43075,823,54735,822,
2026-09-30,05:58:24.202,999,26602,369,28074,358,25674,374,28601,390,27730,409,21262,387,22690,401,27982,374,30117,423,30053,416,26538,403,28271,406,23559,361,22799,372,19814,362,23627,354,
2026-09-30,05:58:25.203,1000,52146,727,61100,786,49358,730,54535,754,52148,774,44149,783,43890,754,57817,776,51976,731,56012,786,47415,738,53655,769,46768,721,49069,783,39783,714,47643,718,
2026-09-30,05:58:26.203,999,20948,294,22003,286,19248,279,20899,282,18388,279,17125,294,18397,308,20630,279,18757,268,20251,278,19151,293,21185,311,17667,278,18823,297,16323,282,19242,291,
2026-09-30,05:58:27.203,999,10227,146,11729,154,11340,166,11621,158,8889,138,9955,157,11035,173,12125,162,11175,165,10399,142,9710,148,8997,134,7680,124,8549,126,7281,116,7858,120,
2026-09-30,05:58:28.203,1000,3252,53,4446,62,4168,60,4926,65,5067,76,4822,75,4281,66,4567,61,4040,63,4146,59,4830,76,4564,65,3742,57,4304,62,4112,65,4272,65,
2026-09-30,05:58:29.203,999,1838,26,1692,22,1828,26,1090,14,1298,19,941,17,981,17,1783,25,1019,15,1695,23,961,14,1148,17,1360,21,1008,16,1439,24,1453,24,
2026-09-30,05:58:30.203,999,7282,102,6634,85,6691,97,6235,83,6182,91,5635,94,5458,89,7670,111,6794,95,7919,109,5390,82,6803,97,5333,81,4493,69,5469,91,6367,103,
2026-09-30,05:58:31.202,999,1639,23,2169,28,1742,25,1630,22,1113,16,1196,20,1245,20,716,10,1048,15,1206,17,978,15,1218,17,1169,17,1495,21,1284,21,1334,22,
2026-09-30,05:58:32.203,1000,2036,29,2594,34,2551,36,2675,35,2516,37,1810,30,2232,35,2051,28,2788,39,2339,32,2334,36,2170,31,2042,33,1673,24,2229,38,2011,31,
2026-09-30,05:58:33.203,999,1253,20,1461,20,1567,22,1183,15,845,12,1241,21,1049,17,914,12,1330,20,967,13,864,13,1281,18,1152,17,1171,18,1042,18,1325,20,
2026-09-30,05:58:34.202,999,17305,237,16624,210,14329,248,14765,234,14884,214,13713,206,14413,213,17156,226,15935,221,14479,231,12734,229,15696,222,16001,242,17546,243,16022,237,17155,253,
2026-09-30,05:58:35.203,1000,6077,84,6865,88,5100,87,5796,92,6455,94,4938,76,5002,76,6941,93,5279,74,5816,92,4156,74,4783,69,5201,80,5985,85,4963,75,5038,75,
2026-09-30,05:58:36.203,999,2618,38,2748,36,2118,29,3221,42,1412,22,1741,30,1186,19,1991,27,2195,32,1878,26,2082,31,1955,29,2225,35,1930,29,1805,29,2136,33,
2026-09-30,05:58:37.203,999,1374,19,1310,17,1155,17,1774,24,1259,19,872,14,1156,19,1500,20,947,13,921,13,783,12,1404,21,1365,21,1056,15,981,16,966,14,
2026-09-30,05:58:38.203,1000,4451,63,5576,72,4790,69,4435,59,4219,72,4419,68,3868,59,4172,55,4570,64,3337,48,3392,53,3856,61,3352,56,4399,63,5161,80,4069,62,
2026-09-30,05:58:39.203,999,976,14,1129,15,1099,16,1009,13,1643,24,978,16,1216,20,1015,14,1007,15,934,13,1298,19,1139,16,1062,16,1132,16,727,13,1329,21,
2026-09-30,05:58:40.203,999,1058,16,773,10,1446,20,1314,17,858,14,1605,26,1300,20,1246,17,1331,19,1315,18,954,14,1231,19,1238,20,1261,19,1440,23,933,14,
2026-09-30,05:58:41.203,999,279,4,244,3,175,2,459,5,282,4,205,3,288,5,143,2,282,4,461,6,211,3,536,8,411,6,147,2,179,3,149,2,
2026-09-30,05:58:42.203,1000,1835,25,1740,22,1833,30,1383,21,1154,17,1549,24,1231,19,1584,21,1581,22,1176,19,1340,23,1122,16,1538,23,1518,21,2078,32,1755,26,
2026-09-30,05:58:43.203,999,1386,21,891,13,1210,17,1441,18,927,14,624,11,708,11,1280,17,1094,17,1044,14,561,8,1194,17,801,12,879,13,1213,19,1014,15,
2026-09-30,05:58:44.203,999,1539,21,1713,22,1380,20,1257,17,750,12,926,14,1031,16,1105,15,1433,20,1060,15,1014,16,1074,17,1198,19,1340,18,1342,20,1132,17,
2026-09-30,05:58:45.203,1000,3252,47,2755,36,2475,38,2584,37,2446,36,2596,44,3039,50,3378,45,2705,39,2781,40,2644,41,2995,42,1843,28,2802,41,2518,41,1892,28,
2026-09-30,05:58:46.203,999,10579,147,13158,168,9996,142,13261,176,10518,155,8277,159,7786,147,11392,151,11784,166,11396,153,10191,152,11425,163,10161,155,9179,159,8804,173,12216,182,
2026-09-30,05:58:47.203,999,638,9,458,6,517,7,644,8,636,9,689,11,385,6,580,8,846,12,158,2,271,4,636,9,88,1,426,6,476,8,472,8,
2026-09-30,05:58:48.204,1000,284,4,574,7,990,14,556,7,548,8,607,10,855,13,561,8,643,9,547,8,471,7,292,4,406,6,254,4,203,3,241,4,
2026-09-30,05:58:49.203,999,8511,119,8411,108,7900,137,8578,135,8936,132,7379,113,8477,129,8458,113,8773,123,7597,122,7268,131,8649,123,8804,134,8264,116,9356,141,8037,120,
2026-09-30,05:58:50.203,999,1762,25,1713,23,1017,16,1172,16,1018,15,956,15,1440,22,1857,25,1426,20,811,12,712,11,1638,24,975,15,987,14,1442,23,1231,19,
2026-09-30,05:58:51.203,999,1434,20,1474,19,2138,33,2035,28,1690,26,1718,29,1295,21,1657,22,1570,22,1858,26,1550,24,1117,17,1805,30,1785,27,1480,25,1678,25,
2026-09-30,05:58:52.203,1000,466,7,225,3,466,7,647,8,334,5,550,9,375,6,380,5,526,8,499,7,388,6,623,9,591,9,698,10,442,7,589,9,
2026-09-30,05:58:53.203,999,70,1,316,4,399,6,462,6,328,5,148,3,103,2,225,3,287,4,202,3,356,6,144,2,193,3,280,4,192,3,197,3,
2026-09-30,05:58:54.203,999,778,11,1151,15,947,14,1094,15,818,12,1291,20,1143,17,954,13,1023,14,958,14,801,13,832,12,989,15,735,10,889,14,786,12,
2026-09-30,05:58:55.204,1000,3189,46,3539,46,3009,45,3348,47,2579,38,3594,54,2913,44,2480,38,3001,43,3057,42,3117,47,3323,47,3925,60,4269,60,3113,47,3323,58,
2026-09-30,05:58:56.203,999,34004,476,38177,490,29348,468,33560,493,31675,503,32637,486,34159,500,38185,515,37047,514,33850,506,31439,527,35134,521,30212,489,34466,489,31330,470,30584,471,
2026-09-30,05:58:57.203,999,1647,25,1841,25,1189,17,1825,25,854,14,1368,22,863,13,1881,25,1392,21,1406,19,1262,19,930,14,1319,21,1304,19,1108,17,1204,18,
2026-09-30,05:58:58.203,999,2095,30,2255,29,1847,26,2630,35,2453,36,2138,34,2889,44,2095,31,2876,42,3195,46,2103,33,2665,38,2211,34,2140,31,1657,27,1661,27,
2026-09-30,05:58:59.203,1000,267,4,939,12,852,12,716,9,487,8,170,3,258,4,212,3,156,2,612,8,124,2,323,5,454,7,367,5,121,2,465,7,
2026-09-30,05:59:00.203,999,2047,29,2333,31,2122,31,2475,33,2063,31,1175,21,1602,26,2050,28,1856,26,1841,26,2126,33,1420,20,1586,25,1825,28,1328,23,1281,19,
2026-09-30,05:59:01.203,999,826,12,759,10,740,10,724,9,478,7,360,6,344,5,889,13,502,7,239,3,521,8,477,7,487,7,556,8,638,10,635,10,
2026-09-30,05:59:02.204,1000,1640,23,1591,20,1596,22,1532,20,1449,25,1854,28,1977,29,2258,31,1746,24,1857,25,2071,32,2172,34,1553,26,1953,28,1478,23,1800,29,
2026-09-30,05:59:03.203,999,785,11,854,11,789,11,735,9,478,7,590,10,513,8,380,6,748,10,532,7,407,6,616,9,411,6,316,4,532,9,424,7,
2026-09-30,05:59:04.203,999,1828,27,1701,23,1806,25,2155,27,1330,22,1904,29,1994,30,2681,36,1565,23,1619,22,1375,21,1589,25,1563,26,1139,16,1512,24,1789,27,
2026-09-30,05:59:05.204,1000,12878,179,13828,178,12003,203,13118,203,11508,172,11619,177,12094,183,15456,204,12509,177,11834,185,10779,190,13644,196,12450,192,12740,180,13540,204,12834,192,
2026-09-30,05:59:06.203,999,1192,18,1727,23,1987,28,1978,26,786,13,1118,18,1273,20,1211,16,1471,22,1641,22,1223,18,1407,21,1349,22,1193,17,1674,27,2045,31,
2026-09-30,05:59:07.203,999,2503,35,2263,29,2500,37,2461,34,2357,35,2027,32,2332,37,2957,39,2993,43,2466,36,2627,41,2826,40,3082,47,3094,46,2702,44,2721,40,
2026-09-30,05:59:08.204,1000,1488,22,1354,18,1352,19,1170,15,1390,23,1192,19,829,13,1665,22,1044,15,1506,21,896,14,1075,16,1262,21,956,14,1065,17,1461,22,
2026-09-30,05:59:09.204,1000,292,5,516,8,724,10,551,7,785,11,308,5,605,10,660,9,379,6,304,4,670,10,628,9,798,12,444,6,425,7,564,8,
2026-09-30,05:59:10.204,999,1236,21,2001,29,1439,20,1765,22,1305,19,1795,28,1486,23,1579,21,1296,21,1798,24,1625,24,1271,18,1918,29,2212,31,1939,31,1000,15,
2026-09-30,05:59:11.204,999,871,13,727,10,918,13,893,12,843,12,859,14,673,10,517,7,840,12,655,9,1010,16,857,12,341,5,487,6,487,7,542,8,
2026-09-30,05:59:12.205,1000,1107,15,1471,19,1394,23,1490,22,1551,22,1205,18,1054,16,1670,22,1176,17,1618,24,1196,20,1396,20,1223,18,1318,18,2096,33,1363,20,
2026-09-30,05:59:13.204,999,647,11,650,10,737,10,594,7,1128,16,754,12,794,12,1000,13,776,13,837,11,754,11,862,12,1096,16,605,8,1070,16,757,11,
2026-09-30,05:59:14.204,999,346,5,248,3,315,4,230,2,87,1,188,3,125,2,244,3,19,0,317,4,16,0,76,1,215,3,387,5,398,7,227,3,
2026-09-30,05:59:15.205,1000,1279,19,1681,23,2137,35,1779,27,1833,27,1637,25,1808,27,2083,28,1840,28,1768,26,1367,23,1742,25,1796,27,2143,30,999,15,1022,15,
2026-09-30,05:59:16.205,999,1293,19,1048,14,1629,22,1282,16,847,12,699,13,729,13,1180,16,1119,16,1171,16,1337,19,1205,17,1059,16,700,11,979,19,1279,19,
2026-09-30,05:59:17.204,999,1138,16,848,11,465,6,1229,15,813,12,972,16,1083,16,869,12,1044,15,988,13,1185,18,1098,16,513,7,514,6,637,10,1185,18,
2026-09-30,05:59:18.204,999,468,7,455,6,368,5,536,6,353,5,417,7,361,6,386,5,404,6,654,9,589,9,291,4,691,10,275,3,134,2,486,7,
2026-09-30,05:59:19.205,1000,78,1,99,1,380,5,515,6,343,5,193,3,248,4,308,4,217,3,243,3,224,3,436,6,217,3,382,5,190,3,215,3,
2026-09-30,05:59:20.204,999,6196,86,6217,79,5812,102,6061,98,5451,80,5158,78,6120,92,6921,92,6530,91,6736,109,5900,107,7143,101,6982,107,6519,91,6558,98,6855,101,
2026-09-30,05:59:21.204,999,439,7,371,5,172,2,523,6,621,9,227,4,620,10,294,4,218,3,158,2,428,6,416,6,408,6,188,2,184,3,266,4,
2026-09-30,05:59:22.205,1000,1134,17,1378,19,1167,17,1308,17,1323,20,1022,15,1060,16,824,11,1236,20,1360,19,975,15,1203,17,1339,20,1006,13,1284,20,1057,16,
2026-09-30,05:59:23.205,999,724,10,1255,16,1449,21,1780,24,1089,18,1263,19,1449,22,1515,20,1311,18,1412,20,1431,23,1248,20,780,14,1772,25,1437,22,1419,21,
2026-09-30,05:59:24.204,999,300,4,574,7,530,7,763,9,223,3,107,2,111,2,154,2,457,6,162,2,68,1,154,2,307,4,436,6,184,3,145,2,
2026-09-30,05:59:25.204,999,574,8,736,9,718,11,1213,18,829,12,693,11,1408,21,1042,14,1258,18,1347,20,722,12,883,13,686,10,897,12,747,12,537,8,
2026-09-30,05:59:26.205,1000,100645,1407,116594,1494,104474,1485,116118,1539,99436,1465,79389,1481,87115,1563,109219,1460,104974,1475,114785,1546,100721,1498,111897,1580,95033,1454,92317,1533,79202,1489,100384,1502,
2026-09-30,05:59:27.204,999,54321,772,60148,783,50540,743,55096,756,52861,775,47501,807,47968,819,59581,810,56665,809,60200,841,53065,816,55544,795,49999,766,47361,749,43118,753,48350,735,
2026-09-30,05:59:28.204,999,11500,172,14351,193,13372,196,13662,187,12706,193,10688,173,12073,189,13751,186,11569,171,12730,179,12586,198,12239,176,11499,177,12300,183,10850,171,11227,170,
2026-09-30,05:59:29.205,1000,4338,69,4451,64,4211,60,6053,80,4183,61,3974,64,3324,52,4247,58,4181,68,3693,50,4840,73,4537,65,4580,71,4855,71,4091,66,4593,70,
2026-09-30,05:59:30.205,999,6856,97,7664,100,7498,108,7737,103,6662,97,5239,96,5845,105,7896,105,6904,98,8763,119,7084,105,7241,103,6267,96,6860,111,4384,83,7510,111,
2026-09-30,05:59:31.204,999,2088,31,1626,23,2145,31,1739,23,1839,27,1541,25,1784,28,1711,23,1263,20,1789,25,1631,25,1900,27,2127,34,2041,30,1793,28,1896,28,
2026-09-30,05:59:32.205,1000,2904,42,2746,36,2512,36,2632,36,2319,34,2504,41,2571,41,3457,49,2967,42,2648,38,2441,38,3111,44,2549,39,2533,37,1795,29,2427,38,
2026-09-30,05:59:33.205,999,2863,40,2555,33,2518,36,2837,37,1607,24,1339,23,1521,25,2152,30,2584,36,2149,29,2195,33,2013,29,2116,32,2552,37,2306,38,2194,33,
2026-09-30,05:59:34.204,999,1181,17,1635,22,1544,24,1900,27,1449,21,1289,22,1288,22,1957,26,1722,24,1338,19,1392,23,1981,28,1633,25,1658,24,1088,18,1364,20,
2026-09-30,05:59:35.204,999,28353,391,30681,391,23925,420,25162,407,28779,418,25909,395,26103,389,31975,424,28886,405,26132,421,21771,397,27781,394,26571,405,28784,405,25584,382,27495,408,
2026-09-30,05:59:36.205,1000,3491,54,3303,45,3950,58,3659,50,3397,50,2117,36,2778,45,3308,44,3030,45,3423,49,2764,44,3136,45,3403,52,3511,52,3162,54,3019,46,
2026-09-30,05:59:37.205,999,1201,17,723,9,971,14,1136,15,1329,19,1061,18,1021,17,1262,17,869,13,861,12,762,12,748,11,663,10,587,9,680,12,941,14,
2026-09-30,05:59:38.204,999,6032,84,7249,93,4986,72,5990,82,4862,80,5570,89,4600,72,6889,92,6119,85,5378,76,4541,71,4982,78,4640,77,5343,79,5925,96,5326,80,
2026-09-30,05:59:39.205,1000,7906,113,7571,98,5752,84,5932,81,6179,92,5631,90,5052,80,7225,103,7749,110,8008,110,6321,97,6750,96,6611,100,7239,106,5696,91,6237,103,
2026-09-30,05:59:40.205,999,1846,26,2616,34,1623,23,1991,26,1649,25,1457,25,1653,28,2080,28,1396,20,2198,30,1451,22,1311,20,1820,29,1526,24,1504,27,1337,20,
2026-09-30,05:59:41.205,999,566,8,322,4,633,9,418,5,545,8,353,6,707,12,758,10,643,9,476,7,297,4,350,5,265,4,431,7,419,7,535,8,
2026-09-30,05:59:42.204,999,617,10,556,8,577,8,1006,13,828,12,873,14,754,12,1124,15,572,9,463,6,579,9,930,13,587,9,571,8,478,7,909,14,
2026-09-30,05:59:43.205,1000,2713,37,2890,37,2143,35,2955,43,2337,34,2016,31,1652,25,2584,35,2457,36,2144,33,2092,35,2360,34,2675,41,2696,38,2384,36,2395,36,
2026-09-30,05:59:44.205,999,584,9,388,5,524,7,612,7,554,8,226,4,560,9,548,7,544,9,436,6,802,13,697,10,679,10,865,12,315,5,611,9,
2026-09-30,05:59:45.204,999,3737,53,3418,44,3180,51,4037,61,3385,50,3915,63,2823,46,3806,50,3729,53,3208,49,2714,45,3347,47,2622,40,3219,47,2861,46,2894,43,
2026-09-30,05:59:46.205,1000,1309,20,1267,17,1629,23,1474,19,1227,18,1431,24,1108,19,1726,23,919,14,1838,25,1780,27,1724,24,1670,25,1352,20,1235,21,1662,26,
2026-09-30,05:59:47.205,999,447,6,477,6,320,4,443,5,612,9,544,10,363,6,682,9,221,3,224,3,264,4,207,3,464,7,266,4,239,4,533,8,
2026-09-30,05:59:48.205,999,1071,18,923,14,1296,18,1002,13,998,15,981,16,1330,21,1429,19,976,16,1004,14,1152,18,1422,20,1198,18,767,11,1016,17,1049,16,
2026-09-30,05:59:49.205,1000,628,9,588,8,1070,16,905,12,469,7,153,3,703,12,679,9,221,3,643,9,513,8,652,9,713,11,928,15,788,14,883,13,
2026-09-30,05:59:50.205,999,8442,117,8246,105,7319,128,7719,122,8378,123,7617,117,7831,118,9229,122,8834,125,7561,122,7104,128,9142,130,8355,128,7881,111,9040,135,8275,122,
2026-09-30,05:59:51.205,999,1342,19,1301,17,1736,25,2058,27,582,9,1058,17,1111,17,879,13,1314,18,1019,14,1023,16,902,13,931,14,1603,23,996,16,1012,16,
2026-09-30,05:59:52.204,999,704,10,166,2,478,7,537,7,837,12,767,13,903,15,368,5,795,11,498,7,685,11,642,9,602,9,286,4,598,10,734,11,
2026-09-30,05:59:53.205,1000,476,7,454,6,158,2,565,7,412,6,368,6,283,5,381,5,285,4,433,6,580,9,285,4,318,5,366,5,123,2,408,6,
2026-09-30,05:59:54.205,999,1696,31,2406,38,2876,41,2513,33,2291,34,2695,41,1624,24,1890,25,2155,38,1418,19,2483,37,2180,31,1722,26,2747,38,1508,23,2275,34,
2026-09-30,05:59:55.205,999,3860,55,3800,50,3351,52,3489,51,2510,38,2303,37,2611,42,2715,36,2384,34,3035,44,2642,43,1601,24,2869,44,2927,43,2665,42,2695,40,
2026-09-30,05:59:56.205,1000,2645,38,3270,42,2214,33,2138,30,2792,41,1999,35,2388,40,2971,40,2166,31,2019,29,2499,39,2532,36,1855,28,2096,33,3469,47,2229,34,
2026-09-30,05:59:57.205,999,253,4,495,7,560,8,376,5,349,5,104,2,648,10,560,8,276,4,289,4,137,2,553,8,333,5,379,6,333,6,402,6,
2026-09-30,05:59:58.205,999,632,9,766,10,500,7,637,8,489,7,588,9,728,12,419,6,492,7,591,8,338,5,537,8,1043,16,546,8,513,8,372,6,
2026-09-30,05:59:59.205,999,927,13,1236,16,1155,16,1347,17,1299,22,647,11,990,16,907,12,708,10,882,12,806,12,747,12,841,14,946,14,754,12,737,11,
2026-09-30,06:00:00.205,1000,59603,831,69968,896,62864,891,71537,952,58869,869,47010,878,49531,894,68376,916,63495,889,68127,917,59084,879,60198,851,57578,880,54753,906,46702,872,59143,894,
2026-09-30,06:00:01.205,999,35536,499,37486,486,33691,501,34409,475,33238,491,28308,505,29803,516,35061,466,34164,484,34932,493,32364,503,35337,501,30507,468,29392,469,25624,460,31262,468,
2026-09-30,06:00:02.205,999,6407,90,6974,91,8342,120,7475,101,6909,105,7693,124,7165,114,7005,101,7885,111,8470,117,8056,122,7230,107,6221,97,7919,116,5169,84,6030,100,
2026-09-30,06:00:03.205,999,3095,43,3682,48,3394,50,3387,46,3123,46,2769,45,2217,35,3080,43,2891,41,3008,42,3313,52,3487,50,3083,47,2530,39,2981,50,2445,38,
2026-09-30,06:00:04.205,1000,2129,30,2394,31,2219,33,2699,36,2751,42,2278,39,2755,45,2982,40,2747,39,3354,47,2441,38,2416,35,2024,33,1965,30,1693,28,2510,38,
2026-09-30,06:00:05.205,999,24503,339,27260,347,22027,380,21874,350,24900,361,22235,342,24140,364,28936,383,24249,340,23373,375,20286,365,24874,353,23720,361,25369,360,22014,335,24359,361,
2026-09-30,06:00:06.205,999,7174,105,7244,96,6737,101,6302,87,4988,76,4305,67,5420,83,6566,90,5216,75,5587,79,4584,72,5929,87,5154,80,6724,98,5081,81,4027,63,
2026-09-30,06:00:07.205,1000,8313,121,8935,120,8800,129,8483,117,8433,129,7617,123,8096,126,8304,111,7320,108,8687,122,6260,97,7411,109,6815,106,8507,125,8107,129,7374,112,
2026-09-30,06:00:08.205,999,3435,49,4857,63,3795,54,4370,58,3403,58,4365,69,3527,54,5749,76,4325,62,4620,65,3823,59,3939,62,3072,52,3693,55,3629,58,3589,55,
2026-09-30,06:00:09.205,999,2014,28,2261,29,1350,20,2225,30,1613,26,977,15,1136,17,1674,22,1286,18,1519,21,971,15,1224,19,1188,20,1779,26,1903,31,1500,22,
2026-09-30,06:00:10.205,999,8599,121,7901,101,9174,131,8885,118,7730,115,6608,102,7876,122,7962,124,9669,135,8899,121,7557,113,9168,131,7690,119,8553,123,7420,116,7630,133,
2026-09-30,06:00:11.205,1000,932,13,1341,18,1681,24,1316,17,1354,20,1118,20,529,9,1096,15,1189,17,913,12,1107,16,1253,18,1012,15,875,13,903,15,862,14,
2026-09-30,06:00:12.205,999,49502,684,52288,665,49366,700,53077,705,46920,691,34758,662,37279,679,49770,665,47269,662,50934,685,44067,656,45714,645,41570,637,42272,703,35995,678,45474,682,
2026-09-30,06:00:13.205,999,29267,412,29234,379,26670,391,27210,375,26090,385,22513,398,23403,400,27566,372,26527,378,30189,421,26221,405,25386,363,23674,363,24506,392,20828,365,23582,358,
2026-09-30,06:00:14.205,1000,4014,59,3265,43,3597,51,4231,56,2446,36,3345,56,2808,47,2763,39,3193,48,4260,58,2510,38,3044,44,3469,54,3461,53,2893,49,3626,59,
2026-09-30,06:00:15.205,999,13131,184,14025,182,12440,201,13727,208,14395,211,12899,206,12890,202,15679,214,13407,193,12965,198,11442,192,12163,173,12872,197,14353,211,10014,157,12234,186,
2026-09-30,06:00:16.205,999,3845,57,4155,56,4462,65,5071,69,4010,61,3554,59,3820,61,4869,66,4303,63,4814,67,3975,62,3781,56,4227,66,3687,56,4047,68,4116,63,
2026-09-30,06:00:17.205,999,2512,36,2078,27,1756,27,2365,33,2215,35,2371,38,2202,35,2544,34,1734,25,2204,31,1715,27,1601,24,1632,27,2005,29,2055,32,1487,22,
2026-09-30,06:00:18.205,1000,7147,104,6637,87,6677,99,7119,97,4891,73,5769,93,6034,93,6114,83,5984,88,6772,97,4951,79,6502,93,5854,91,6190,90,5042,79,5628,85,
2026-09-30,06:00:19.205,999,2048,30,1985,26,1751,26,2055,28,1272,18,744,12,1210,19,1364,18,1026,16,936,13,916,14,1537,22,2137,32,1702,25,1546,25,1870,28,
2026-09-30,06:00:20.205,999,14734,204,15287,194,12428,216,12060,193,13607,196,13336,202,13111,195,16519,218,14126,197,13868,221,11142,200,15408,217,12451,189,13940,195,13904,207,14121,209,
2026-09-30,06:00:21.206,1000,696,10,967,12,691,10,728,9,748,11,677,12,882,15,1123,15,1343,19,922,14,1132,18,1306,19,663,10,695,11,654,11,812,12,
2026-09-30,06:00:22.205,999,1665,23,1114,14,801,11,1433,18,1266,19,968,16,835,14,1160,16,984,14,1000,14,518,8,1024,15,1254,20,1067,16,911,16,1234,19,
2026-09-30,06:00:23.205,999,2245,32,2048,27,2299,34,2751,38,2168,32,2169,35,1966,31,1861,26,2528,36,2133,29,2028,31,2125,30,2136,33,2187,33,1895,31,1925,31,
2026-09-30,06:00:24.205,999,1821,26,2185,28,989,14,959,12,814,12,624,10,480,8,1198,16,812,12,597,8,1011,15,1073,15,1021,16,866,13,881,16,1086,16,
2026-09-30,06:00:25.205,1000,3065,43,2827,36,3010,50,3323,51,3320,49,2819,45,2765,43,3610,48,2604,37,3186,48,2151,38,2711,39,3639,56,3453,49,2739,43,3035,45,
2026-09-30,06:00:26.205,999,2088,29,2060,27,2225,31,2423,31,1661,26,2025,32,1799,28,2620,38,2110,31,2306,31,2525,38,2027,31,1680,26,1899,27,1889,29,1820,29,
2026-09-30,06:00:27.205,999,1904,27,2081,27,1534,21,2052,26,1684,27,2298,38,2468,39,1998,27,1602,22,1777,24,2316,35,1984,30,1536,25,1732,25,1882,30,1391,21,
2026-09-30,06:00:28.206,1000,103907,1465,116322,1499,102393,1467,111481,1490,102624,1529,90305,1526,88352,1460,106359,1496,107790,1518,111496,1515,106828,1604,108631,1563,97338,1509,94187,1458,87230,1479,92528,1470,
2026-09-30,06:00:29.205,999,13001,187,13443,177,12525,182,14617,199,10726,168,10188,162,11016,172,13384,184,11586,169,12009,167,11060,171,11115,165,9729,158,11438,166,10377,162,9823,150,
2026-09-30,06:00:30.205,999,8674,128,9312,125,8816,126,8603,114,8766,130,6968,122,7603,128,8700,116,7808,116,9349,128,8011,120,8444,119,7782,120,8370,134,6828,121,8105,122,
2026-09-30,06:00:31.206,1000,7903,122,8425,117,7677,115,8071,112,7286,109,7861,120,7429,111,8460,112,7000,109,8394,121,7094,114,6890,100,7547,116,8418,121,7623,117,7810,117,
2026-09-30,06:00:32.207,1000,6147,87,5570,73,5526,90,5097,75,4494,68,5515,87,4780,75,5828,79,6599,93,6526,99,4739,81,5788,83,4873,75,6922,99,4999,77,5803,88,
2026-09-30,06:00:33.206,999,3225,45,3439,44,3011,48,3038,45,2825,41,2939,48,3008,48,2308,31,2825,40,2458,37,2599,45,2987,43,3175,48,2917,44,2520,40,2542,38,
2026-09-30,06:00:34.206,999,4180,60,4537,59,3117,46,2827,39,2523,38,2842,46,3685,58,4103,55,3571,53,2946,43,2654,44,2398,35,3092,48,3350,51,2681,45,3142,47,
2026-09-30,06:00:35.207,1000,33384,459,36608,464,27634,485,31344,505,33084,479,32477,490,33361,495,37465,496,31725,443,31185,500,26585,477,34493,486,32120,487,34665,483,31736,470,32521,482,
2026-09-30,06:00:36.207,999,28603,398,30805,391,30023,417,30274,394,30348,438,25913,465,25717,446,31394,411,31710,441,33724,446,28716,415,29631,408,28333,425,24035,389,21445,390,28623,422,
2026-09-30,06:00:37.206,999,1637,24,2468,33,3254,48,3138,42,1947,29,1481,25,2012,32,2903,39,1670,25,2014,28,1528,24,2257,33,1684,26,2525,38,1923,33,1909,29,
2026-09-30,06:00:38.206,999,10109,143,11695,153,8629,127,9224,126,9585,153,9582,157,8265,133,10970,145,9892,141,9962,142,9615,152,10577,160,9015,146,7633,115,8746,144,9482,143,
2026-09-30,06:00:39.207,1000,935,13,1139,15,656,9,827,10,1654,25,1476,27,1023,18,1382,18,1538,22,1507,20,1566,23,1457,21,651,10,520,8,888,17,1401,21,
2026-09-30,06:00:40.206,999,5452,76,6384,82,6746,98,5937,79,4767,73,5334,88,5646,91,5650,76,5742,84,5143,72,4629,70,6099,90,4742,77,4535,69,4336,73,5110,77,
2026-09-30,06:00:41.206,999,2736,44,3122,45,3464,49,3489,46,2107,33,2708,43,2367,37,2714,36,2732,41,2379,32,2485,37,2622,38,3161,49,3405,49,2057,34,2599,39,
2026-09-30,06:00:42.207,1000,1094,16,1018,14,1363,19,719,9,1113,16,925,16,859,15,1231,17,1187,17,753,10,837,12,1470,21,612,9,1060,16,912,16,911,14,
2026-09-30,06:00:43.207,999,4409,65,4861,65,3802,60,5175,73,4280,63,3820,58,3534,54,4176,56,3706,57,5061,74,3856,63,4017,57,4327,66,4307,62,4970,75,3823,57,
2026-09-30,06:00:44.206,999,963,14,677,9,1376,20,1340,18,1312,19,537,9,613,10,1115,15,631,9,952,14,960,15,879,13,879,13,1051,16,747,13,1009,15,
2026-09-30,06:00:45.207,1000,4810,68,6276,81,5047,82,5741,87,5857,87,5528,87,5404,83,5804,80,5213,74,6081,90,4719,79,5617,79,6174,93,5854,84,4310,68,6269,97,
2026-09-30,06:00:46.207,999,1328,21,1404,20,1546,22,1398,18,624,9,1134,19,941,15,635,9,1049,15,1403,19,895,14,923,13,1450,22,1300,19,1647,25,1517,24,
2026-09-30,06:00:47.206,999,12070,167,15352,198,12483,178,13762,183,12402,182,10050,194,10099,184,13925,186,12646,179,13404,181,11832,177,12613,180,11983,183,11008,189,9772,193,13984,209,
2026-09-30,06:00:48.206,999,2455,35,1936,25,1974,29,2371,32,1455,23,1441,25,2436,39,1980,26,1467,21,1841,25,2919,45,1455,23,2044,33,1940,30,1969,33,2456,37,
2026-09-30,06:00:49.207,1000,848,12,618,8,651,9,318,4,329,5,600,11,393,7,685,9,484,7,582,8,725,11,379,6,438,7,510,8,237,4,407,6,
2026-09-30,06:00:50.207,999,11237,154,12068,154,10057,174,9899,158,12737,185,10381,159,12277,185,14122,187,12378,172,10409,166,9244,168,13121,185,11058,169,11627,163,11424,172,12508,185,
2026-09-30,06:00:51.206,999,927,13,1428,18,1133,16,958,12,972,15,947,15,953,15,615,8,777,11,972,13,846,13,1166,17,839,13,659,9,588,10,746,11,
2026-09-30,06:00:52.207,1000,1170,17,2038,26,1574,22,1854,24,1143,21,1338,21,1540,24,1819,24,1812,25,1686,23,1845,28,2003,33,1224,22,1481,22,1657,27,1656,25,
2026-09-30,06:00:53.208,1000,1108,16,1338,18,1153,16,1151,15,725,12,1204,19,743,11,1076,14,1143,16,866,12,858,13,1045,17,931,16,436,6,943,15,666,10,
2026-09-30,06:00:54.207,999,2233,32,2864,37,2015,29,2771,37,2033,30,2632,42,1986,31,2425,36,3328,47,2835,40,2377,37,1732,25,2337,36,1955,29,2429,40,2292,38,
2026-09-30,06:00:55.207,999,1455,20,1497,19,1469,25,1712,27,1308,19,1633,27,1995,31,2377,32,1868,26,1655,26,901,16,1663,24,1369,21,1367,20,947,15,1668,25,
2026-09-30,06:00:56.208,1000,677,10,710,10,816,11,960,12,842,13,1025,16,400,6,446,6,818,12,963,13,864,13,776,11,512,8,876,12,579,9,831,13,
2026-09-30,06:00:57.208,999,1060,15,390,5,726,10,735,9,572,8,547,8,542,8,308,4,1003,14,523,7,768,12,1001,15,564,8,559,8,603,9,475,7,
2026-09-30,06:00:58.207,999,555,8,483,6,496,7,556,7,629,9,475,8,620,10,510,7,608,9,898,13,635,10,696,10,804,12,570,8,523,8,911,14,
2026-09-30,06:00:59.208,1000,1503,22,1164,15,1128,18,1155,17,1668,25,1178,19,1039,16,1633,22,829,12,1026,15,849,14,689,10,1692,26,1579,23,1685,25,1209,18,
2026-09-30,06:01:00.208,999,702,10,694,9,633,9,708,9,609,9,367,6,343,6,438,6,128,2,660,9,515,8,395,6,134,2,445,7,442,8,198,3,
2026-09-30,06:01:01.208,999,102362,1415,113412,1441,101084,1424,113050,1489,99956,1457,75591,1435,82793,1501,111667,1485,102625,1426,106212,1414,99158,1463,103166,1450,93301,1413,85208,1421,77353,1462,99016,1474,
2026-09-30,06:01:02.207,999,11997,172,13343,175,11948,171,12934,172,10370,163,12848,207,10115,161,12699,171,11471,166,12945,177,12048,183,12644,188,10661,176,12157,182,10403,170,11908,183,
2026-09-30,06:01:03.208,1000,49462,689,52540,676,47061,689,50187,686,48526,713,40485,723,42336,732,53763,724,49533,690,51872,724,49078,749,46925,673,43101,661,40092,651,36683,665,44256,670,
2026-09-30,06:01:04.208,999,2988,43,3848,50,3315,48,3656,49,2576,42,2790,45,2651,42,2663,36,2745,39,2457,35,3373,52,2957,46,2469,40,2734,42,2389,38,2529,38,
2026-09-30,06:01:05.208,999,32081,450,35712,458,30206,498,30402,468,32619,480,29606,463,32645,500,36668,485,32886,466,31629,490,27512,476,32218,461,30297,467,34235,495,30510,466,32818,488,
2026-09-30,06:01:06.207,999,3485,52,3952,53,3110,47,4273,60,2796,41,3002,48,3639,58,3501,48,3824,57,4323,61,2713,42,3892,55,3318,50,3503,51,2890,45,3297,52,
2026-09-30,06:01:07.208,1000,2327,32,2457,31,2815,44,2582,38,2307,34,2747,44,2680,42,3208,43,2640,38,2508,36,2521,40,2196,33,2327,38,2930,43,2038,34,2354,35,
2026-09-30,06:01:08.208,999,9976,144,10083,133,8159,122,8548,118,7609,123,8966,139,8368,126,9985,132,7713,114,7710,109,7545,122,7336,111,6981,114,8275,120,7365,115,7214,108,
2026-09-30,06:01:09.207,999,1852,26,2258,29,2791,39,1966,25,1761,28,1341,22,1530,26,1750,23,1513,21,2232,30,2370,36,1954,31,1984,33,2464,37,2398,41,1944,29,
2026-09-30,06:01:10.208,1000,1875,26,2504,32,1803,26,1832,24,1310,20,1606,27,1285,21,2201,29,2529,36,1893,27,1818,28,2065,30,1461,24,1851,29,1617,28,2275,34,
2026-09-30,06:01:11.208,999,1319,19,1070,14,996,14,1498,19,1318,19,1257,21,825,13,959,13,969,14,901,12,1118,17,1054,15,1125,18,711,11,1227,20,877,13,
2026-09-30,06:01:12.208,999,1360,19,2323,30,1724,24,2106,27,1757,29,1014,18,1404,24,1587,21,1938,27,1573,21,2288,34,1690,26,1246,20,1763,27,1317,22,1280,19,
2026-09-30,06:01:13.208,1000,3168,45,3197,41,2856,44,3172,45,2534,37,2715,43,2282,35,3044,40,3475,51,3649,41,2551,42,2729,39,3025,43,2632,37,3001,45,2947,44,
2026-09-30,06:01:14.208,999,1959,28,2233,29,2035,31,2222,31,1644,24,1312,21,1343,22,1825,24,1628,23,1441,21,1466,24,1636,23,1693,26,1755,27,1557,27,1489,22,
2026-09-30,06:01:15.208,999,2498,35,2079,27,1469,25,2547,39,2126,31,1801,29,2206,35,2135,29,2608,38,2744,42,2335,39,1723,25,1585,24,2153,31,1659,27,2156,32,
2026-09-30,06:01:16.208,999,854,13,516,7,636,9,1004,13,611,9,630,11,556,9,361,5,1099,16,598,8,863,13,742,11,568,9,418,6,501,8,834,13,
2026-09-30,06:01:17.208,1000,1100,16,1549,21,1435,23,1026,15,1167,17,1353,21,1405,21,1189,16,1614,23,1292,20,1295,22,1377,20,1188,18,1126,16,1236,19,1203,18,
2026-09-30,06:01:18.208,999,948,14,915,12,876,13,1153,16,933,14,549,9,1034,16,1202,16,793,11,890,13,418,7,720,11,625,10,823,12,797,12,478,7,
2026-09-30,06:01:19.208,999,2107,31,2309,31,2607,37,2519,33,1951,29,1955,34,1479,24,2055,27,1748,27,1832,25,2199,34,2474,35,2476,37,2024,31,1657,30,2000,30,
2026-09-30,06:01:20.208,1000,6901,95,7475,95,6759,118,6616,107,7044,103,6947,104,6931,104,8670,115,7835,110,6983,113,5734,105,8202,116,7417,113,7135,100,7977,119,7947,118,
2026-09-30,06:01:21.208,999,860,12,1302,17,1009,15,807,11,1248,18,1773,31,989,16,1205,16,1264,18,1323,20,1052,18,1379,20,1173,18,725,11,477,8,1217,18,
2026-09-30,06:01:22.208,999,220,3,150,2,165,2,312,4,213,3,146,2,143,2,387,5,385,5,395,6,76,1,202,3,227,3,276,4,237,4,278,4,
2026-09-30,06:01:23.207,999,21,0,252,3,400,6,709,9,490,7,250,4,276,4,320,4,293,4,573,8,225,3,505,7,228,3,477,6,724,12,543,8,
2026-09-30,06:01:24.208,1000,503,7,732,10,337,4,340,3,627,9,589,10,417,7,506,7,578,8,447,6,302,5,283,4,487,7,634,8,476,8,164,2,
2026-09-30,06:01:25.208,999,1016,14,1096,14,917,15,910,13,828,12,265,4,578,9,900,12,847,12,1108,17,862,14,902,13,546,8,843,11,582,10,347,5,
2026-09-30,06:01:26.208,999,166,2,258,3,182,2,141,1,299,5,131,2,154,2,373,5,307,4,243,3,87,1,281,4,272,4,126,1,158,2,144,2,
2026-09-30,06:01:27.208,1000,922,13,939,12,1171,16,842,10,689,10,492,8,667,10,663,9,698,10,1256,17,341,5,567,8,545,8,687,9,241,4,700,11,
2026-09-30,06:01:28.208,999,286,4,451,6,511,7,642,8,334,5,662,10,430,7,388,5,128,2,222,3,377,6,785,12,279,4,682,10,425,7,456,7,
2026-09-30,06:01:29.208,999,188,3,251,3,164,2,193,2,566,9,323,5,178,3,535,7,200,3,441,6,86,1,444,6,196,3,119,1,214,3,387,6,
2026-09-30,06:01:30.208,999,1145,16,1550,20,1191,19,1308,18,988,15,727,11,837,13,1125,15,1534,21,942,14,1060,17,1038,15,1104,17,1029,14,1285,20,807,12,
2026-09-30,06:01:31.208,1000,368,5,386,5,150,2,325,4,268,4,190,3,186,3,219,3,367,5,433,6,328,5,294,4,193,3,292,4,185,3,76,1,
2026-09-30,06:01:32.208,999,805,11,872,11,608,9,751,10,611,9,512,8,578,9,613,8,725,10,788,12,989,16,1129,16,500,7,394,5,452,7,548,8,
2026-09-30,06:01:33.208,999,3836,54,4333,56,3130,50,3227,48,2381,36,3409,52,3122,47,3564,48,4540,65,3356,50,2918,48,2619,38,3522,55,4072,57,3790,57,3542,54,
2026-09-30,06:01:34.209,1000,726,10,860,11,457,7,450,6,203,3,354,6,186,3,161,2,580,8,263,4,242,4,412,6,289,4,319,4,875,13,412,6,
2026-09-30,06:01:35.208,999,7896,110,7567,97,6729,118,7557,120,7857,115,7366,110,8179,123,8796,117,8588,122,7433,120,7086,128,8712,124,8359,128,8371,118,7624,114,8836,132,
2026-09-30,06:01:36.208,999,15558,230,15565,212,14533,225,14401,204,13059,192,12812,208,14167,222,17743,234,16342,242,16440,238,15522,250,15911,225,14346,217,15417,229,13936,228,16196,243,
2026-09-30,06:01:37.209,1000,734,11,700,9,678,10,519,6,1015,15,318,5,267,4,546,7,801,12,450,6,477,7,791,11,635,9,417,5,85,1,806,12,
2026-09-30,06:01:38.209,1000,14193,198,16651,214,13569,191,15190,206,12278,184,11676,199,11662,205,15498,202,13850,191,13938,194,14034,201,15441,203,12740,195,11580,189,11809,220,14541,216,
2026-09-30,06:01:39.209,999,1059,18,541,8,1152,16,1039,14,961,14,646,10,649,11,843,11,740,12,1014,14,1020,15,782,11,1059,16,381,5,925,15,532,8,
2026-09-30,06:01:40.209,999,83853,1159,91322,1160,80854,1142,87450,1152,80652,1175,58327,1107,62902,1129,81606,1084,78418,1085,85269,1144,75751,1120,82447,1160,76269,1158,68181,1133,59251,1128,77285,1154,
2026-09-30,06:01:41.210,1000,36587,513,37281,483,34368,502,33679,459,32606,481,27144,479,28556,487,35475,477,33473,478,34832,486,31808,492,31959,456,30415,467,30526,485,26699,469,30587,462,
2026-09-30,06:01:42.209,999,2112,30,2877,38,2760,41,2636,36,3260,48,3033,52,3266,55,4087,55,4163,60,4684,65,3421,53,4303,62,2484,37,2559,39,2332,40,2371,36,
2026-09-30,06:01:43.209,999,2707,37,3178,40,3063,46,3202,46,2744,40,3026,50,2401,38,3097,42,2547,36,2540,38,2913,47,2809,40,2593,40,2246,33,3329,54,2444,36,
2026-09-30,06:01:44.209,999,1062,15,777,10,977,14,1165,15,1029,15,836,13,975,16,937,13,946,13,1071,15,1343,22,1676,24,847,13,798,12,1009,17,874,14,
2026-09-30,06:01:45.209,1000,98681,1385,109850,1418,90173,1376,99603,1421,82048,1303,88358,1373,91402,1392,107134,1427,99030,1387,91289,1324,88806,1433,91000,1364,81055,1329,93487,1353,89136,1380,91515,1374,
2026-09-30,06:01:46.209,999,31934,444,36197,469,29665,450,33336,466,24165,401,28969,433,30768,454,32786,434,30194,424,32019,461,28595,452,27256,425,24939,412,31805,454,30813,470,30217,458,
2026-09-30,06:01:47.209,999,10669,156,10972,146,10663,157,10919,152,9142,140,9241,146,8156,129,9962,134,8802,129,9230,127,9290,144,8526,124,7863,122,10261,150,8508,132,9825,149,
2026-09-30,06:01:48.210,1000,3411,50,4057,53,3256,51,3550,51,3211,48,3058,49,3284,53,3839,51,3810,56,4092,60,3588,58,3537,51,3363,52,3546,53,3327,52,3613,55,
2026-09-30,06:01:49.209,999,1944,28,1703,22,1331,19,1538,20,915,14,1063,19,1125,20,1064,14,1529,22,1198,16,1620,24,1331,19,924,14,1118,18,780,14,1638,24,
2026-09-30,06:01:50.209,999,22428,308,21462,270,17748,305,18733,296,19514,282,18113,274,18671,281,22879,300,20794,290,19338,306,16252,289,20440,288,19536,294,21554,303,18990,282,21498,315,
2026-09-30,06:01:51.209,999,3719,57,3990,54,3740,54,3817,52,3707,59,3635,58,3306,52,3453,46,3280,50,4850,67,3627,55,3686,55,3030,50,2664,40,2855,47,3906,59,
2026-09-30,06:01:52.210,1000,3517,51,3937,53,3645,53,4093,54,2853,45,2614,44,2832,46,3800,51,3694,55,3866,53,2785,42,3806,56,2639,43,2984,43,2819,45,2865,44,
2026-09-30,06:01:53.209,999,66401,916,74784,949,65674,926,72205,946,66633,969,49535,935,53201,959,69139,920,65945,915,72463,967,63962,945,68896,969,62307,946,58695,974,50722,958,63214,945,
2026-09-30,06:01:54.209,999,36098,507,39832,514,33837,495,36952,504,32245,480,29135,511,28504,482,35518,475,34883,494,35746,502,31538,487,34600,495,32351,497,30993,495,26228,464,31224,470,
2026-09-30,06:01:55.209,999,17895,248,20109,259,15873,255,18593,277,17050,259,17223,278,16377,255,20918,278,17883,252,18346,277,15140,253,17609,257,15848,253,17334,257,14630,229,16106,241,
2026-09-30,06:01:56.210,1000,20100,289,21187,277,17282,269,21243,308,18654,286,20818,314,18778,280,22104,302,21024,296,20781,306,20416,334,20191,293,16975,267,17132,246,17971,276,17034,264,
2026-09-30,06:01:57.209,999,3636,54,4063,55,3199,47,4137,56,3359,53,3688,59,3544,55,4641,61,2575,39,3808,52,3794,58,3208,48,3130,51,3781,56,2441,40,3113,47,
2026-09-30,06:01:58.209,999,11589,162,13532,176,9924,149,10280,141,9952,151,8835,141,9376,147,9650,130,10553,151,10263,145,9692,152,10094,148,9022,140,11516,169,9400,147,9262,140,
2026-09-30,06:01:59.210,1000,3175,45,2164,28,2113,33,2496,36,1739,27,2125,35,1923,31,2553,34,2489,35,2298,32,1956,30,2036,30,1624,26,1688,25,1968,31,1882,28,
2026-09-30,06:02:00.210,999,4168,59,6042,78,4272,63,5054,71,3631,56,4206,70,3712,60,5714,76,4639,65,4619,66,4561,70,3818,58,3702,60,3281,51,3312,55,3423,51,
2026-09-30,06:02:01.209,999,494,7,792,10,929,13,1236,16,859,13,691,13,562,10,1211,16,1013,14,1123,15,793,12,998,15,906,14,695,11,483,9,585,9,
2026-09-30,06:02:02.209,999,2563,36,3200,41,2799,39,2767,36,2044,35,1847,29,1818,28,2613,35,2046,28,2429,33,2544,38,2568,41,1711,30,2602,38,2108,34,2514,38,
2026-09-30,06:02:03.210,1000,2961,42,3502,47,2211,31,2751,36,1971,29,2149,35,2400,39,1586,22,2414,34,2596,35,1953,29,2325,33,2248,34,1741,25,1526,26,2027,32,
2026-09-30,06:02:04.209,999,2208,31,1822,24,1303,18,1821,23,1489,24,1274,22,1358,22,1995,27,1985,28,1535,21,1450,22,1255,20,1675,27,1524,23,1271,21,1220,18,
2026-09-30,06:02:05.209,999,23698,328,22828,292,17866,312,19826,316,20615,300,19771,298,20848,308,23953,315,20470,289,18768,301,16650,300,21566,305,21021,319,22604,316,18792,278,21551,318,
2026-09-30,06:02:06.210,1000,2383,36,2978,41,3201,45,2292,30,2290,36,3117,49,3633,56,2973,40,2694,41,3322,45,3250,49,3027,46,2669,43,1693,24,2146,34,2541,39,
2026-09-30,06:02:07.210,999,1137,16,1274,16,1472,22,1281,17,1595,23,982,17,982,16,1734,23,911,13,1011,14,1595,25,1375,20,1039,16,1101,16,1100,18,927,14,
2026-09-30,06:02:08.209,999,4226,60,4256,56,4009,57,4221,56,3608,62,4358,66,3314,49,4511,59,4071,58,4554,63,3563,55,4080,65,3185,55,3682,53,3500,55,3466,52,
2026-09-30,06:02:09.210,1000,1824,25,1314,17,1144,16,1653,21,2159,32,1688,28,1367,22,1922,26,1734,25,1112,15,1281,19,1410,20,1406,21,1281,19,1787,28,1284,19,
2026-09-30,06:02:10.210,999,1307,18,1744,22,1410,20,1837,24,946,15,656,11,1006,17,979,13,1349,19,1013,14,951,14,1168,17,1130,19,1365,21,991,17,1290,19,
2026-09-30,06:02:11.209,999,502,7,786,10,395,6,709,9,834,12,786,13,720,12,464,6,860,12,822,12,435,7,573,8,525,8,682,10,460,8,674,10,
2026-09-30,06:02:12.209,999,5431,77,6222,81,4534,74,5086,78,4204,62,3819,61,4157,64,5251,70,5150,73,4320,68,3707,64,5011,71,3816,60,5659,83,4317,68,4528,68,
2026-09-30,06:02:13.210,1000,2188,30,2047,26,1767,30,2020,31,2044,30,1963,29,1504,23,2034,27,2225,31,1544,25,1450,26,1255,18,2134,32,1855,26,2247,33,1374,20,
2026-09-30,06:02:14.210,999,354,5,320,4,553,8,726,9,528,8,302,5,58,1,464,6,527,8,300,4,135,2,358,5,546,8,293,4,521,9,356,5,
2026-09-30,06:02:15.209,999,2288,33,2333,31,2452,40,2398,36,1914,28,1809,28,2109,32,2842,38,2040,31,2863,44,1711,30,1844,27,2570,39,2477,35,2031,32,2811,42,
2026-09-30,06:02:16.210,1000,1860,26,2099,27,2118,30,2025,26,2229,33,1554,25,2340,36,1895,28,2408,34,2433,33,2643,39,2477,35,1842,28,1710,25,2208,36,1433,24,
2026-09-30,06:02:17.210,999,383,5,387,5,444,6,734,9,325,5,518,8,374,6,445,6,466,7,516,7,439,6,146,2,474,7,533,7,365,6,337,5,
2026-09-30,06:02:18.210,999,1763,26,795,11,716,10,1153,14,1399,21,1223,20,1307,21,1229,17,1443,21,893,13,1566,24,1074,16,1622,26,1025,14,1674,27,1118,17,
2026-09-30,06:02:19.209,999,558,8,458,6,521,8,401,5,73,1,419,7,661,10,451,6,285,4,432,6,310,5,682,10,193,3,531,8,276,4,275,4,
2026-09-30,06:02:20.210,1000,9844,136,8986,114,7149,124,8902,139,8655,127,9027,136,8702,131,10485,140,9126,129,8836,141,7828,139,9345,132,9104,139,8898,125,8872,133,9258,138,
2026-09-30,06:02:21.210,999,167,3,519,7,288,4,584,7,685,10,440,7,708,11,242,3,277,4,269,4,527,8,432,6,737,11,337,4,266,4,615,9,
2026-09-30,06:02:22.209,999,147,2,161,2,315,4,202,2,75,1,284,5,9,0,305,4,656,9,528,7,129,2,221,3,191,3,116,1,311,6,271,4,
2026-09-30,06:02:23.210,1000,691,10,678,9,537,7,758,9,659,10,639,11,457,7,684,9,341,5,542,7,473,7,573,8,527,8,423,5,780,13,359,5,
2026-09-30,06:02:24.210,999,291,4,340,4,148,2,372,4,232,3,505,9,378,6,591,8,295,4,374,5,210,3,216,3,23,0,224,3,349,6,272,4,
2026-09-30,06:02:25.210,999,3119,44,2881,38,3269,52,3786,55,3803,57,2858,45,2256,37,3524,47,3346,47,3428,50,2356,38,3200,47,2420,37,2706,40,2751,44,2031,30,
2026-09-30,06:02:26.210,1000,1849,26,1593,20,1469,20,1645,21,1768,27,867,14,1463,22,1733,26,1728,24,1436,19,1270,19,2045,29,1021,16,1259,18,1337,22,1144,19,
2026-09-30,06:02:27.211,1000,675,10,632,8,1028,14,807,10,623,9,607,9,808,12,830,11,1152,16,813,11,1116,17,731,11,570,9,502,7,410,6,407,6,
2026-09-30,06:02:28.211,999,675,9,569,7,588,8,557,6,234,4,481,7,405,6,399,5,330,5,362,5,462,7,330,5,315,5,242,3,323,5,286,4,
2026-09-30,06:02:29.210,999,804,11,778,10,1197,18,985,14,1309,21,1171,18,1119,17,1275,17,930,14,1062,15,1114,17,1085,17,778,13,554,8,873,14,663,10,
2026-09-30,06:02:30.211,1000,1550,22,1067,14,1481,22,1571,23,1181,17,1046,18,984,17,1288,17,1444,20,878,13,1263,22,1266,18,1327,20,1151,16,1350,23,1204,18,
2026-09-30,06:02:31.211,999,2191,31,2115,28,1675,24,1675,22,1677,25,1590,26,1699,27,1418,19,1508,21,1592,23,1376,22,1197,17,1026,15,1389,19,1491,23,1550,23,
2026-09-30,06:02:32.211,999,78,1,388,5,309,4,222,2,480,8,236,4,248,4,230,3,227,3,302,4,352,5,278,4,313,5,231,3,126,2,281,4,
2026-09-30,06:02:33.210,999,1542,25,1475,20,2055,29,1551,20,1977,30,1932,29,1076,16,1647,22,1731,28,1449,20,1296,19,1807,27,1447,23,987,14,853,13,1343,20,
2026-09-30,06:02:34.211,1000,69793,986,82564,1072,58537,999,65692,1032,71892,1052,65475,979,70151,1036,77603,1021,73465,1038,68023,1070,56320,999,73973,1035,68026,1033,74300,1038,70410,1040,74273,1095,
2026-09-30,06:02:35.211,999,57949,804,66664,854,50255,844,53747,834,58789,862,54821,857,56042,868,64519,854,60677,854,58543,904,51952,907,59732,851,55480,845,58149,845,51131,797,57662,858,
2026-09-30,06:02:36.211,999,4009,62,4194,58,5043,74,5251,71,4212,62,4473,71,4328,67,5563,76,4140,62,5577,77,4938,76,3959,56,3426,53,4502,67,4050,64,3094,48,
2026-09-30,06:02:37.211,1000,8527,125,8844,119,9368,140,8993,128,8611,130,8164,129,7028,109,8567,115,7428,107,7664,108,6952,110,6992,101,7826,119,7432,110,7793,123,6379,97,
2026-09-30,06:02:38.211,999,5022,71,4775,61,4745,70,4734,67,4494,74,5358,85,4461,67,4850,64,5602,79,4854,71,4423,71,5251,80,4279,71,4645,67,4360,69,4749,72,
2026-09-30,06:02:39.211,999,1616,26,1672,23,1748,25,1459,19,2451,36,1201,20,1224,20,1537,21,1495,23,1636,22,1390,21,1709,24,1579,24,2125,31,1912,32,1455,22,
2026-09-30,06:02:40.211,999,4515,66,4578,62,4639,68,4333,60,3111,49,3238,52,3771,58,4229,56,3783,58,3284,47,2748,42,3766,56,3638,61,4001,59,3395,54,3294,49,
2026-09-30,06:02:41.211,1000,1455,21,1708,22,1291,19,1815,24,1339,20,1077,19,844,14,1625,22,1506,21,1269,17,1630,25,1529,22,959,15,1338,20,1155,19,1134,18,
2026-09-30,06:02:42.211,999,2676,37,2320,30,2227,32,2312,31,1291,19,1605,26,1540,25,1646,23,2005,28,1838,25,2079,32,2418,34,1806,27,1901,29,1340,23,1925,30,
2026-09-30,06:02:43.211,999,1675,23,1569,20,1924,31,2120,31,1515,22,1723,26,1259,19,1959,26,1579,22,1186,19,965,16,1174,17,1890,29,1610,22,2032,31,1108,16,
2026-09-30,06:02:44.211,1000,1320,18,1164,15,963,14,614,8,837,12,782,15,948,16,1276,17,992,14,1375,19,1152,18,1333,19,1060,16,894,14,922,17,1417,21,
2026-09-30,06:02:45.211,999,4554,66,5499,73,4365,68,4530,65,4091,60,3783,58,4088,63,5449,75,3984,57,4058,59,3873,64,3601,51,4516,69,5224,74,4187,65,3673,57,
2026-09-30,06:02:46.211,999,1797,26,2588,34,2025,31,1646,24,1650,24,1648,26,1950,29,1646,22,2660,38,1734,28,1963,35,2486,35,2882,44,2709,39,1657,26,1494,23,
2026-09-30,06:02:47.211,999,15315,215,17608,227,14677,212,17351,234,14061,209,11723,217,10070,185,15939,212,15641,221,17136,235,14377,219,15385,220,14667,224,13576,226,12300,232,16985,254,
2026-09-30,06:02:48.211,1000,1783,25,1778,23,1218,18,1708,23,800,12,1227,21,1239,20,914,12,1279,19,1233,17,2667,40,1956,28,1653,25,1206,17,1027,17,2167,33,
2026-09-30,06:02:49.211,999,548,8,692,9,643,9,642,8,541,8,344,6,217,4,695,9,777,11,444,6,672,10,789,11,661,10,593,9,336,6,681,10,
2026-09-30,06:02:50.211,999,12530,174,13914,179,10974,192,11070,177,12507,184,12225,186,12326,184,15494,205,12660,179,11782,185,10467,187,12839,183,12901,197,13497,189,12842,192,13397,197,
2026-09-30,06:02:51.211,999,369,5,385,5,475,7,583,7,825,13,512,9,615,11,365,5,437,6,585,8,725,11,491,7,564,9,628,9,198,3,704,11,
2026-09-30,06:02:52.211,1000,608,9,911,12,820,12,752,10,622,9,717,12,780,12,664,9,668,10,829,12,769,12,912,13,532,8,666,10,813,13,726,11,
2026-09-30,06:02:53.211,999,1182,17,610,8,856,12,799,11,921,14,632,10,756,12,1220,16,1127,16,752,10,871,13,711,10,875,13,764,11,992,16,944,14,
2026-09-30,06:02:54.211,999,283,4,317,4,536,8,310,4,417,6,307,5,181,3,79,1,437,6,451,6,134,2,153,2,277,4,114,1,310,6,277,4,
2026-09-30,06:02:55.212,1000,1706,24,2520,33,2092,33,1564,24,2392,35,2387,37,2462,38,2018,28,2456,36,2126,31,2424,39,2026,29,1966,30,3001,42,1750,27,1465,23,
2026-09-30,06:02:56.211,999,1302,20,1677,23,944,13,1907,25,1381,22,1259,19,1313,20,868,12,905,14,1171,16,1208,18,1601,24,1098,18,867,12,762,12,935,15,
2026-09-30,06:02:57.211,999,506,7,235,3,166,2,473,6,287,4,220,4,358,6,286,4,78,1,139,2,141,2,137,2,9,0,24,0,175,3,204,3,
2026-09-30,06:02:58.211,999,1500,21,1486,19,1507,21,2142,28,1056,18,955,16,679,11,825,11,1430,20,1041,14,1228,19,1108,17,1051,18,760,11,794,13,1125,17,
2026-09-30,06:02:59.211,1000,1484,21,1170,15,501,7,1766,25,1135,18,1009,15,733,11,1207,16,963,14,1116,16,1054,16,1129,16,692,11,1295,18,958,15,717,11,
2026-09-30,06:03:00.211,999,336,5,674,9,533,8,327,4,759,11,224,4,228,4,380,5,425,6,225,3,542,8,707,10,522,8,282,4,175,3,278,4,
2026-09-30,06:03:01.211,999,399,6,401,5,371,5,327,4,549,8,331,6,427,7,597,8,209,3,212,3,138,2,205,3,285,4,476,7,705,12,455,7,
2026-09-30,06:03:02.212,1000,1456,21,1869,24,1677,23,1529,19,801,14,1456,22,1478,22,1627,21,1307,18,1034,14,1886,28,1666,27,1268,22,1636,22,1492,23,1278,19,
2026-09-30,06:03:03.211,999,1294,18,1094,14,1293,18,1399,18,974,15,777,12,1238,19,1377,19,1304,18,2078,28,1222,18,1265,19,1099,18,1477,21,907,14,1257,20,
2026-09-30,06:03:04.211,999,1155,16,817,10,919,12,1520,18,369,6,564,9,879,14,834,11,731,10,980,13,619,9,436,7,640,11,585,8,634,10,571,8,
2026-09-30,06:03:05.211,999,9187,129,10748,137,9698,163,8585,134,8370,126,9045,138,8849,133,11355,150,9211,129,10048,157,7649,135,8671,125,10377,161,9083,129,9279,141,10065,150,
2026-09-30,06:03:06.212,1000,4810,69,6007,79,5045,73,4804,65,3072,52,3532,54,4405,68,4783,63,4640,66,4584,65,4311,67,4284,69,4127,71,5163,75,4554,70,4214,63,
2026-09-30,06:03:07.211,999,1119,16,1312,17,1009,14,935,13,1266,19,869,14,1288,20,1332,18,1487,21,1533,21,1725,27,956,15,1547,26,1514,22,1020,16,1068,16,
2026-09-30,06:03:08.211,999,1397,20,1839,24,1426,20,1822,24,1710,29,1196,18,1675,25,1983,26,1146,16,1610,23,1468,23,1592,25,819,14,1614,23,1422,22,1583,24,
2026-09-30,06:03:09.212,1000,207,3,298,4,233,3,344,4,328,5,325,5,263,4,154,2,404,6,298,4,454,7,363,5,194,3,168,2,70,1,329,5,
2026-09-30,06:03:10.211,999,2869,41,2978,39,2716,38,3425,45,2808,48,3500,54,3240,50,3335,44,3025,42,3524,48,3420,51,2964,49,2359,40,2537,36,2642,43,2231,33,
2026-09-30,06:03:11.211,999,349,5,163,2,218,3,626,8,474,7,348,6,299,5,502,7,510,7,356,5,406,6,535,8,317,5,176,2,227,4,387,6,
2026-09-30,06:03:12.212,1000,842,12,1341,17,396,5,1027,13,354,5,637,11,510,8,769,10,501,7,581,8,721,11,592,8,394,6,643,9,375,6,918,14,
2026-09-30,06:03:13.212,999,2206,34,1398,19,1409,21,1671,23,2030,29,1495,23,1689,25,2270,31,1762,27,1462,22,1332,21,1401,20,1689,25,1380,19,1906,29,2172,33,
2026-09-30,06:03:14.211,999,147,2,147,2,534,7,322,3,317,5,417,6,353,5,615,8,381,6,232,3,602,9,85,1,411,6,168,2,311,5,392,6,
2026-09-30,06:03:15.211,999,2152,30,1188,15,1094,18,1946,30,969,14,2020,31,1515,23,3304,44,1797,25,1517,23,1107,19,1568,22,2475,38,2204,30,1214,18,904,13,
2026-09-30,06:03:16.212,1000,436,7,374,5,254,3,682,8,361,5,433,7,441,7,586,8,681,10,495,7,595,9,683,10,304,4,567,8,431,7,205,3,
2026-09-30,06:03:17.211,999,86,1,90,1,104,1,300,3,186,3,81,1,81,1,169,2,76,1,162,2,126,2,212,3,15,0,440,6,17,0,76,1,
2026-09-30,06:03:18.211,999,63754,896,74609,965,56012,948,61397,961,62441,919,58728,881,62835,928,67654,888,66576,941,61403,960,53607,945,67317,949,62570,952,68631,962,65023,967,64320,952,
2026-09-30,06:03:19.212,1000,29742,412,30300,387,25794,432,28101,432,29244,429,27240,429,28114,432,31682,419,28556,403,27819,434,25661,448,29757,422,28043,427,26358,386,24518,390,27402,407,
2026-09-30,06:03:20.212,999,6891,101,8532,113,7662,111,7913,108,6865,108,6783,115,6698,109,9133,121,6387,92,6484,90,7184,109,7785,113,5547,88,6182,95,5679,96,5827,89,
2026-09-30,06:03:21.211,999,16953,238,19996,255,16285,270,17943,273,17586,259,16929,256,16143,243,18603,246,16596,234,16785,260,14853,260,17562,251,16733,256,19138,271,17364,262,17948,265,
2026-09-30,06:03:22.211,999,1078,15,811,10,1138,17,1136,15,1118,16,842,14,841,14,1477,20,1205,17,1495,22,1253,20,1417,20,1223,18,1424,20,875,13,952,15,
2026-09-30,06:03:23.212,1000,1515,22,1296,17,1495,22,1564,21,1355,21,1535,24,1518,23,1573,21,1601,23,2108,30,1527,25,1135,17,1363,21,1073,15,1161,18,1323,20,
2026-09-30,06:03:24.211,999,2004,29,998,13,1379,20,1797,24,1246,19,1321,22,1469,24,1819,24,1842,26,1812,26,1126,17,1387,21,1216,19,1001,15,1346,22,2016,30,
2026-09-30,06:03:25.211,999,8114,113,8503,109,7128,121,8672,138,7595,111,7627,117,6874,103,8897,119,7256,102,9146,145,6293,114,7460,106,7727,119,8721,122,7101,109,7207,109,
2026-09-30,06:03:26.212,1000,2903,45,2113,30,2057,29,2835,37,2323,35,2199,35,1965,31,2880,39,2816,45,2642,36,1981,29,1989,29,3055,47,2491,34,2230,35,2480,38,
2026-09-30,06:03:27.212,999,2123,31,3084,41,1971,28,2573,34,1712,27,2275,37,2500,39,2103,28,2063,30,2440,33,2542,39,2507,38,2076,34,2475,37,1786,31,2343,35,
2026-09-30,06:03:28.211,999,920,13,2669,34,1340,18,1010,12,1120,17,1543,26,1017,16,1297,18,796,11,1593,22,785,12,998,14,1228,18,1290,19,1054,18,1203,19,
2026-09-30,06:03:29.212,1000,995,14,540,7,811,12,787,10,607,9,888,15,612,10,1130,15,1401,20,649,9,560,9,1433,21,614,9,730,11,494,8,748,11,
2026-09-30,06:03:30.213,1000,6408,89,6982,90,4257,73,4686,75,5544,81,5177,80,4474,67,5667,75,5747,81,5227,85,4579,84,5613,80,5545,85,5451,76,5160,80,5709,85,
2026-09-30,06:03:31.213,999,60193,842,66040,853,49785,840,55749,866,58935,869,59524,905,57560,862,62276,821,58979,834,57365,894,50183,882,63115,895,57017,872,61849,879,57255,863,60040,889,
2026-09-30,06:03:32.212,999,5902,87,6201,82,5793,85,6807,93,4975,76,5144,82,5454,85,5384,73,5889,86,6209,89,5347,86,4484,65,4557,72,5076,75,4767,76,5323,82,
2026-09-30,06:03:33.213,1000,1491,22,1354,18,1554,22,1826,24,1600,24,1189,21,1178,19,2789,37,1830,27,1841,26,2014,31,1690,24,1123,17,1761,26,1269,22,1273,19,
2026-09-30,06:03:34.213,999,1641,23,2216,29,1927,30,1867,27,2019,29,1537,24,1252,19,1689,23,1414,21,1594,24,1441,25,1774,25,1846,28,2216,32,2049,32,1443,22,
2026-09-30,06:03:35.212,999,9246,128,10992,142,7915,132,8450,135,8022,118,6479,105,8100,128,10156,135,9433,134,9542,149,7297,126,8664,123,8234,126,8607,127,6572,105,7858,117,
2026-09-30,06:03:36.213,1000,16998,241,17313,224,15019,253,15183,231,14977,218,14949,227,16308,243,17210,233,15457,220,15901,245,13826,240,15831,225,16336,247,17136,239,16591,247,17769,265,
2026-09-30,06:03:37.213,999,2405,36,2366,32,2212,33,2375,33,1883,28,2070,33,1698,28,2643,35,2237,33,2063,30,1703,27,2363,34,2491,38,2469,37,2405,41,2020,30,
2026-09-30,06:03:38.212,999,6046,87,6182,81,4937,74,4925,68,4615,74,4543,70,4986,77,5792,77,4695,67,5064,74,4750,75,5539,84,3928,64,4101,58,4951,76,4931,74,
2026-09-30,06:03:39.212,999,1436,20,1630,21,1394,22,1497,21,1050,15,874,14,1101,17,730,10,1330,19,1096,16,981,15,923,13,995,15,1051,15,1187,19,1119,17,
2026-09-30,06:03:40.213,1000,1991,28,2234,29,1940,27,1903,25,1338,21,1350,24,1087,18,1808,24,2014,28,2535,35,1842,27,1824,27,1624,26,1614,25,1419,25,1626,24,
2026-09-30,06:03:41.213,999,561,8,562,7,377,5,624,8,805,12,288,5,338,6,385,5,572,8,444,6,473,7,331,5,877,13,779,12,614,11,743,11,
2026-09-30,06:03:42.212,999,777,11,227,3,309,4,555,7,972,14,607,11,440,7,638,9,803,11,850,12,522,8,305,4,410,6,578,8,618,10,582,9,
2026-09-30,06:03:43.213,1000,1632,23,2486,32,2291,36,2238,33,1538,22,1615,25,1543,24,2037,27,1658,25,1969,29,1279,21,1336,19,2346,35,2133,30,2025,31,1274,19,
2026-09-30,06:03:44.213,999,718,10,767,10,728,10,913,12,730,11,436,7,590,9,658,9,553,8,746,11,259,4,783,11,969,15,1053,16,690,12,858,13,
2026-09-30,06:03:45.212,999,3802,53,4399,58,4372,74,4750,75,3714,55,3991,61,4576,68,5844,78,5253,75,4252,69,3662,67,4400,63,3808,58,5078,71,4986,76,4668,69,
2026-09-30,06:03:46.213,1000,1006,15,1364,19,1033,14,1731,22,618,10,429,7,1013,16,971,13,811,12,1036,14,590,9,702,10,691,11,1089,16,785,12,874,13,
2026-09-30,06:03:47.213,999,1673,23,1909,24,1179,19,1908,28,1228,18,979,15,1636,25,2192,30,1354,19,1217,19,985,17,1350,19,1458,22,1189,17,1394,21,1009,15,
2026-09-30,06:03:48.213,999,981,14,907,12,479,8,1036,14,520,8,495,8,579,9,610,8,543,8,493,7,664,11,708,10,438,7,452,7,467,8,524,8,
2026-09-30,06:03:49.213,1000,653,10,444,6,478,7,1233,17,877,13,347,6,606,10,678,9,802,11,613,8,914,14,361,5,471,7,636,9,624,10,410,6,
2026-09-30,06:03:50.214,1000,2656,38,2370,31,1789,30,2162,34,1937,28,1957,30,1776,27,2400,32,2471,36,2549,40,2084,37,2603,37,2264,35,2059,29,2460,37,1869,28,
2026-09-30,06:03:51.214,999,7406,103,7302,93,6765,120,6019,98,6676,98,7313,110,8502,126,7677,102,7661,108,7016,114,6288,116,7833,111,8293,127,7560,106,8335,123,7273,108,
2026-09-30,06:03:52.213,999,722,10,1053,13,916,13,560,7,408,6,782,13,454,7,774,11,374,5,1117,15,772,12,844,12,871,13,889,13,670,11,906,15,
2026-09-30,06:03:53.214,1000,487,7,233,3,158,2,342,4,78,1,57,1,58,1,159,2,11,0,224,3,195,3,75,1,132,2,163,2,67,1,142,2,
2026-09-30,06:03:54.214,999,661,10,610,8,204,3,723,9,874,13,336,6,790,13,442,6,423,6,435,6,259,4,739,11,891,14,367,5,486,8,610,9,
2026-09-30,06:03:55.214,999,3441,49,4093,53,3193,49,3231,46,3225,47,3421,52,2473,37,3173,46,3331,47,3889,55,3251,52,3534,51,2934,45,2886,41,3425,52,2839,48,
2026-09-30,06:03:56.214,1000,834,12,1553,20,1248,19,1292,18,826,12,1375,21,877,13,1040,15,723,10,338,5,839,13,987,14,669,10,905,13,920,15,886,16,
2026-09-30,06:03:57.214,999,373,5,480,6,507,7,390,5,748,11,884,14,755,12,579,9,797,11,877,12,658,10,709,10,472,7,645,9,684,11,462,8,
2026-09-30,06:03:58.214,999,1017,14,1421,18,850,14,1065,16,953,14,893,15,971,15,1364,18,592,8,1123,17,987,18,484,7,1053,16,1065,15,918,15,1067,16,
2026-09-30,06:03:59.213,999,417,6,372,5,326,5,431,6,342,5,332,6,338,5,378,5,266,4,594,8,209,3,333,5,174,3,391,6,453,7,326,5,
2026-09-30,06:04:00.214,1000,366,5,718,9,336,5,664,9,355,5,321,5,346,6,652,9,528,7,290,4,462,7,512,7,270,4,355,5,357,6,462,7,
2026-09-30,06:04:01.214,999,428,7,9,0,152,2,186,2,185,3,210,3,129,2,212,3,151,2,155,2,252,4,217,3,335,5,300,5,171,3,147,2,
2026-09-30,06:04:02.214,999,1014,14,1562,20,1600,22,1710,23,905,16,1439,22,1385,21,1445,19,1253,17,1048,15,1556,24,1366,22,954,17,1268,18,1120,17,1330,20,
2026-09-30,06:04:03.214,1000,514,7,696,9,718,10,553,7,621,9,403,6,471,7,537,8,414,5,304,4,277,4,374,5,267,4,495,7,389,6,265,5,
2026-09-30,06:04:04.214,999,733,10,542,7,433,6,687,9,329,6,369,6,410,7,525,7,650,9,588,8,255,4,433,7,435,8,755,11,825,13,415,6,
2026-09-30,06:04:05.214,999,45856,648,51938,680,38713,661,42802,669,45670,674,43391,655,45488,678,52205,691,46413,657,42673,675,36329,644,47966,676,41153,628,47301,666,42790,637,47779,711,
2026-09-30,06:04:06.214,1000,31891,444,35933,458,26507,453,29146,455,31174,456,27434,429,27208,416,30053,399,31555,446,29089,454,25989,458,30985,440,32279,490,31961,459,30627,468,31763,473,
2026-09-30,06:04:07.214,999,9530,139,10703,143,7420,121,9566,144,8920,134,9739,149,9014,136,10832,145,8775,129,8464,130,8874,151,11386,162,8391,129,10487,151,9291,142,7930,120,
2026-09-30,06:04:08.214,999,3263,46,3726,48,3571,55,3681,52,4064,65,4825,74,3500,52,5608,74,3904,56,3756,56,3635,61,3930,59,3397,56,3651,54,3346,52,2919,44,
2026-09-30,06:04:09.214,999,1682,24,1601,21,1497,22,2389,33,2074,30,1601,27,1342,22,1721,24,1090,16,1264,18,1723,27,1867,27,1381,21,1177,17,1381,22,1414,23,
2026-09-30,06:04:10.214,1000,2077,29,2628,34,2667,39,2310,31,2504,36,1707,33,1940,35,2630,35,1864,26,2036,28,1957,29,2433,35,1396,22,1767,29,1416,25,1467,22,
2026-09-30,06:04:11.214,999,2961,43,3087,40,2968,44,3766,51,1706,26,1841,29,2527,39,2658,36,2265,33,2143,29,2185,34,1798,26,2421,37,2824,42,2246,37,2248,34,
2026-09-30,06:04:12.214,999,3293,47,2500,33,2484,36,2213,31,2750,44,2403,38,3219,50,4164,56,2777,39,2997,42,2700,41,2964,45,3035,52,3073,45,2079,34,2183,33,
2026-09-30,06:04:13.214,1000,2887,42,3467,47,2615,40,3528,49,2813,44,2642,42,2373,36,3638,48,2521,37,3320,47,3053,47,3358,49,3268,53,2828,41,3382,51,2947,44,
2026-09-30,06:04:14.214,999,609,8,957,12,681,9,941,12,818,12,631,10,693,11,842,11,228,3,968,13,416,6,561,8,888,14,885,14,643,12,682,10,
2026-09-30,06:04:15.214,999,6882,95,6715,86,6865,112,7446,113,5969,91,5169,82,5678,87,7065,94,5160,73,6006,93,4818,84,4932,72,5868,90,7819,113,5213,82,5833,87,
2026-09-30,06:04:16.214,999,1407,22,2177,30,1828,27,1344,18,1559,23,1740,30,1519,26,1535,20,1491,21,1470,20,1363,21,1544,22,1285,20,1405,22,1564,27,1383,21,
2026-09-30,06:04:17.214,1000,1237,18,1699,22,1263,18,1891,25,1478,22,1465,24,1818,29,1989,27,1444,20,1944,27,1720,26,1051,15,1546,24,1466,22,1562,26,1645,25,
2026-09-30,06:04:18.214,999,974,14,894,12,826,12,607,8,814,13,931,15,610,10,1203,16,1200,18,807,12,613,10,1192,18,803,12,587,9,653,11,908,14,
2026-09-30,06:04:19.214,999,1299,18,917,12,1352,21,1298,18,1087,16,621,10,978,16,1137,15,400,6,1175,17,607,10,631,9,1116,17,931,14,1114,19,680,10,
2026-09-30,06:04:20.215,1000,415,6,694,9,775,11,633,8,1013,15,498,9,381,7,757,10,731,10,803,11,745,11,768,11,320,5,627,10,242,4,472,7,
2026-09-30,06:04:21.214,999,9465,130,9803,124,7756,137,8102,131,8991,131,8616,130,9146,136,9389,124,9322,130,8698,141,7754,143,10217,145,10307,152,9425,132,10133,151,9586,142,
2026-09-30,06:04:22.214,999,573,8,713,9,935,13,853,11,653,10,761,12,646,10,624,9,711,10,870,12,511,8,1127,17,423,7,777,11,592,9,424,6,
2026-09-30,06:04:23.214,999,1472,20,2093,26,1282,18,1220,16,1416,22,1706,29,890,14,1353,18,1588,23,1234,18,1147,18,796,12,1443,23,1010,15,1057,18,1252,19,
2026-09-30,06:04:24.214,1000,744,12,934,14,1186,17,794,10,747,11,1062,17,591,9,646,9,432,7,731,10,708,11,600,9,726,11,498,7,705,11,941,14,
2026-09-30,06:04:25.214,999,1531,22,1857,24,1450,24,1628,24,630,9,1049,17,1311,20,1351,18,1073,15,1292,20,1290,22,1065,15,1248,19,998,14,1504,24,1682,25,
2026-09-30,06:04:26.214,999,1355,19,1121,15,1060,16,1065,16,894,13,720,11,1290,20,1547,21,1345,19,1605,25,1111,20,1639,24,744,11,805,11,759,12,866,13,
2026-09-30,06:04:27.215,1000,995,14,779,10,839,12,829,11,748,11,776,14,743,13,672,9,711,10,953,13,857,13,746,11,728,11,599,10,419,8,794,12,
2026-09-30,06:04:28.214,999,142,2,505,7,293,4,341,4,367,5,489,8,446,7,231,3,447,6,401,6,1045,16,629,9,342,5,375,5,324,5,513,8,
2026-09-30,06:04:29.214,999,1024,14,1265,16,1098,16,1142,16,524,8,451,7,510,8,886,12,804,11,858,12,494,8,881,13,1130,19,1301,19,787,13,962,14,
2026-09-30,06:04:30.215,1000,441,6,162,2,225,3,372,5,143,2,245,5,191,3,305,4,416,6,134,2,217,3,215,3,460,7,191,3,118,2,271,4,
2026-09-30,06:04:31.214,999,427,6,624,8,700,10,1186,16,806,13,433,7,566,9,801,11,460,7,734,10,592,9,706,11,974,16,901,13,708,11,613,9,
2026-09-30,06:04:32.214,999,131,2,67,1,10,0,174,2,148,2,352,6,72,1,232,3,150,2,3,0,456,7,3,0,273,4,70,1,129,2,140,2,
2026-09-30,06:04:33.215,1000,369,5,806,10,465,6,456,5,81,1,155,3,126,2,311,4,226,3,306,4,152,2,155,2,200,3,573,8,165,3,274,4,
2026-09-30,06:04:34.216,1000,795,11,910,12,806,11,804,10,466,7,364,7,613,11,842,11,805,12,1266,17,956,14,1060,15,674,10,1031,16,711,13,686,10,
2026-09-30,06:04:35.215,999,1580,22,1322,17,1301,21,1186,18,993,15,1236,19,1698,26,1755,24,2048,29,1724,26,1285,23,1466,21,1256,19,1608,23,1064,17,975,15,
2026-09-30,06:04:36.215,999,6440,90,8677,112,7277,125,7160,114,6476,97,7740,117,8030,120,8368,111,7836,110,8146,129,6678,120,7638,110,7947,123,6897,97,8223,125,7678,115,
2026-09-30,06:04:37.216,1000,3218,47,2213,29,2038,35,2549,38,1954,29,2267,35,2400,36,2805,37,2844,41,2406,37,1777,30,2668,38,2292,35,2729,39,1909,29,2283,34,
2026-09-30,06:04:38.215,999,2825,40,3187,41,3739,57,3018,43,2924,48,2683,40,2558,39,4418,59,3202,45,2625,38,2466,40,3027,46,3177,51,2919,42,2790,44,3423,52,
2026-09-30,06:04:39.215,999,1972,29,1486,20,2172,31,2648,35,2057,31,1506,26,2371,38,2207,30,2853,42,2231,31,1809,27,1792,26,1886,29,1903,28,1975,34,1912,29,
2026-09-30,06:04:40.216,1000,1819,25,1740,22,1711,24,1628,21,1083,16,1229,22,921,15,1353,18,1053,15,1767,24,1136,17,1087,16,1574,25,1612,26,951,16,1361,21,
2026-09-30,06:04:41.216,999,739,11,632,8,557,8,715,9,494,7,584,10,235,4,156,2,370,5,229,3,216,3,489,7,272,4,334,5,408,8,542,8,
2026-09-30,06:04:42.215,999,521,7,786,10,786,11,932,12,1028,15,661,13,444,8,1097,15,1114,16,589,8,989,15,911,13,614,9,732,11,353,7,670,10,
2026-09-30,06:04:43.215,999,2933,42,2083,27,2064,32,2056,30,1971,31,1936,30,1430,22,1977,26,1761,25,1598,23,1215,21,1886,28,2410,39,1916,27,2209,34,1741,26,
2026-09-30,06:04:44.216,1000,741,10,534,7,780,11,761,10,598,9,451,8,1110,19,597,8,629,9,951,13,777,12,873,13,1071,16,874,13,342,6,214,3,
2026-09-30,06:04:45.216,999,1818,26,2438,32,2380,40,2398,36,1968,29,1911,30,2060,31,2089,28,2291,33,1944,30,1525,26,2016,28,1846,28,2448,36,1441,22,1879,28,
2026-09-30,06:04:46.215,999,1086,17,770,11,1094,16,521,7,709,10,453,8,726,12,962,13,624,9,537,7,605,9,552,8,1054,16,866,13,967,16,633,10,
2026-09-30,06:04:47.216,1000,135,2,897,12,630,9,397,5,430,6,354,6,386,7,234,3,271,4,384,5,337,5,286,4,614,9,538,8,60,1,342,5,
2026-09-30,06:04:48.216,999,10473,145,13051,167,10697,152,12821,170,10492,154,8507,162,7590,143,12208,162,11261,158,11659,157,10240,153,10907,155,10092,154,9350,162,7904,158,11958,178,
2026-09-30,06:04:49.215,999,1180,19,1228,17,1215,17,1781,23,1089,17,795,13,1253,19,1303,17,1008,16,745,10,1156,17,1022,15,1134,17,1325,19,1216,20,1209,18,
2026-09-30,06:04:50.215,999,1415,21,1742,23,1373,19,1705,22,1367,21,1148,20,964,17,1443,19,1854,27,1582,21,1210,18,1653,24,1177,19,1309,20,1245,21,1653,25,
2026-09-30,06:04:51.216,1000,5981,83,6773,86,5436,96,6154,99,5413,80,6522,100,5992,90,6787,90,5777,81,6419,103,4932,90,6823,97,6580,102,7353,104,6872,104,6907,103,
2026-09-30,06:04:52.216,999,58317,823,65788,849,46736,803,53025,837,55651,815,53676,807,56728,844,62651,825,60118,858,53867,847,49637,877,61163,858,55384,840,61250,867,56946,851,57847,860,
2026-09-30,06:04:53.215,999,21967,301,23924,303,18996,313,21497,323,23798,348,19901,324,20758,326,23991,317,23974,336,20834,320,20401,349,23794,337,19736,301,20234,299,19345,311,20081,297,
2026-09-30,06:04:54.216,1000,8243,121,12269,164,9897,162,9728,147,9775,145,9801,156,9082,138,11282,150,8614,127,8668,132,8438,146,9396,135,8474,130,9568,139,9698,150,10681,160,
2026-09-30,06:04:55.217,1000,15358,218,14686,193,14572,228,15882,234,15637,234,12183,198,12843,202,16512,220,13766,200,15301,226,11142,184,13135,190,12220,189,15378,227,12302,196,12360,187,
2026-09-30,06:04:56.217,999,35868,507,40496,526,32743,515,37548,543,34770,542,34640,526,34133,511,39714,535,36695,513,35223,521,35369,581,36005,529,31945,511,34754,503,36214,558,33187,507,
2026-09-30,06:04:57.216,999,2941,42,3327,43,2960,45,3022,43,3152,49,3171,50,3234,50,3030,41,3025,44,2600,36,3235,50,3078,46,2071,33,2769,40,2515,39,2333,35,
2026-09-30,06:04:58.217,1000,101914,1437,117898,1524,104887,1500,106467,1424,104644,1550,89002,1538,88595,1506,109997,1522,108431,1531,113650,1542,104888,1569,108465,1549,96643,1482,94216,1506,85296,1512,98915,1533,
2026-09-30,06:04:59.217,999,9050,136,9967,138,9966,144,10725,145,7320,112,6921,113,9723,154,10688,144,8435,128,10241,139,8349,126,9016,133,8272,130,8503,129,8423,138,8559,131,
2026-09-30,06:05:00.217,999,12526,177,12690,164,11126,161,12494,168,9347,140,8015,148,7896,137,11024,148,9950,142,11950,164,11012,166,9817,140,10916,169,10024,164,7798,140,10290,154,
2026-09-30,06:05:01.216,999,23790,356,25442,344,22845,334,25696,349,22167,335,21113,333,21447,330,23752,321,21830,328,24702,341,20890,321,20210,291,20997,327,24109,348,22026,345,20117,311,
2026-09-30,06:05:02.217,1000,69235,965,77503,993,67728,954,73931,970,68300,1031,57062,1040,56090,993,75106,992,70076,974,71523,976,67887,1018,71838,1031,63853,991,62161,1012,52044,958,64687,971,
2026-09-30,06:05:03.217,999,6221,89,8111,106,6813,103,6473,91,6534,99,6459,106,5955,97,8243,110,7262,104,8076,114,6175,96,7188,104,6801,106,5376,82,6078,101,6533,99,
2026-09-30,06:05:04.216,999,2987,43,3168,41,2838,40,2807,37,3506,54,2920,51,2465,41,3109,43,3183,45,2869,39,2877,43,3825,56,3106,49,3246,50,2681,47,3286,50,
2026-09-30,06:05:05.217,1000,24416,340,26744,344,20479,341,23523,367,24427,361,23586,363,22306,342,28479,378,23591,330,22210,348,19026,334,23105,332,20145,315,23046,334,20744,321,21677,323,
2026-09-30,06:05:06.217,999,41650,580,43814,559,34134,542,37154,548,36230,530,31986,515,33193,524,39121,504,39324,553,36083,530,31883,525,39960,564,37975,575,37118,551,33578,540,37126,546,
2026-09-30,06:05:07.217,999,13067,187,13388,176,12873,190,13513,186,11474,173,10737,174,11908,185,12463,168,12110,176,11515,163,10822,171,11157,163,11513,182,12020,178,12273,196,11165,167,
2026-09-30,06:05:08.216,999,10458,149,12638,165,12009,172,12309,163,10700,169,9953,168,7428,120,12141,160,10409,151,10562,146,8839,135,9304,141,9423,152,9238,145,8946,154,9714,146,
2026-09-30,06:05:09.217,1000,1950,29,1852,25,2041,29,1962,26,1921,28,1170,22,1732,29,2502,33,2242,33,2190,31,2473,38,2448,35,1724,27,1215,19,1115,20,1620,24,
2026-09-30,06:05:10.217,999,2129,30,2544,33,2664,38,2871,39,1850,27,1883,35,1769,31,2619,35,2444,35,2666,37,1689,26,1950,28,2173,34,1593,26,1759,32,1528,23,
2026-09-30,06:05:11.216,999,2982,43,3363,45,2811,40,3264,44,2155,34,1902,31,2238,36,2613,35,2535,37,3141,43,2675,40,2218,33,2696,44,2763,41,2601,43,2632,41,
2026-09-30,06:05:12.217,1000,1512,21,1488,19,1212,17,2119,28,1514,23,1133,20,1332,23,1545,21,1510,21,1399,19,1689,25,1361,20,1200,18,856,12,675,12,1160,18,
2026-09-30,06:05:13.217,999,2362,32,2847,36,2343,38,2194,32,2129,32,2478,38,1991,28,2291,30,2519,35,2906,42,2451,42,1966,28,2528,37,2024,28,2571,38,2208,32,
2026-09-30,06:05:14.217,999,956,14,766,10,1222,17,1175,15,1097,17,1020,17,995,17,1201,16,1337,19,1109,15,1306,20,951,14,855,13,453,7,943,16,999,15,
2026-09-30,06:05:15.216,999,4383,63,4324,57,3877,64,3995,62,4572,67,4321,67,3601,55,4346,58,3882,58,4057,62,3415,60,4978,71,3836,59,4438,64,3055,47,3409,51,
2026-09-30,06:05:16.217,1000,2030,29,1948,26,1712,25,2304,31,1342,22,1845,30,1518,24,1212,16,2532,37,2429,34,1631,25,1704,27,2324,37,1186,18,1708,28,1196,18,
2026-09-30,06:05:17.217,999,616,9,1359,18,1220,17,1118,15,735,12,1031,17,1035,17,1365,18,1297,18,1354,18,947,14,765,12,738,13,1104,16,508,8,402,6,
2026-09-30,06:05:18.217,999,1177,17,920,12,1097,16,722,9,623,9,774,12,908,14,1200,16,846,12,805,11,613,9,906,13,722,11,806,11,511,9,758,11,
2026-09-30,06:05:19.217,1000,504,7,859,11,519,7,798,10,492,8,336,6,641,10,379,5,626,9,453,6,544,8,79,1,560,9,494,8,406,8,343,5,
2026-09-30,06:05:20.217,999,748,11,829,11,822,12,1021,13,672,10,847,15,981,17,1055,14,914,13,384,5,426,6,707,10,870,13,694,11,764,13,671,10,
2026-09-30,06:05:21.217,999,11766,164,13156,167,10181,178,10585,170,10622,156,10292,157,11353,171,12889,173,10949,153,9877,157,9592,171,12378,175,12063,185,11743,166,11849,178,12460,186,
2026-09-30,06:05:22.217,999,298,4,251,3,232,3,400,5,458,7,453,8,334,6,292,4,439,6,234,3,284,4,475,7,531,8,603,9,301,6,380,6,
2026-09-30,06:05:23.217,1000,1889,27,2418,31,1860,26,2990,39,1560,26,1603,26,2373,36,2428,33,1885,27,2520,34,2579,39,1511,24,1217,20,2092,30,2225,35,1683,25,
2026-09-30,06:05:24.217,999,3207,46,2730,36,2193,31,2933,38,1872,33,2214,33,2936,44,2567,34,3384,47,3539,48,2379,36,2768,46,1958,35,3147,45,2233,34,2540,38,
2026-09-30,06:05:25.217,999,3183,44,2633,34,2289,36,2555,36,2146,32,2255,35,2232,34,2733,36,3207,45,2755,41,2841,46,2897,44,2344,37,2068,29,1731,27,1584,24,
2026-09-30,06:05:26.217,999,1839,27,2185,29,2558,36,2647,35,2390,42,2476,38,3170,49,3704,49,2149,30,3010,41,2876,44,1941,32,2017,34,2252,34,2001,31,1926,29,
2026-09-30,06:05:27.217,1000,892,13,854,11,812,12,1314,18,963,15,865,14,600,10,983,13,341,5,1157,16,718,11,883,13,836,13,923,14,392,7,416,6,
2026-09-30,06:05:28.217,999,649,10,629,8,362,5,594,8,816,12,436,7,397,6,759,10,401,6,177,3,862,14,464,7,514,8,267,4,324,6,411,6,
2026-09-30,06:05:29.217,999,833,12,1101,14,1122,16,1069,14,1157,17,1043,17,908,15,1140,15,1135,16,669,9,1043,16,983,14,627,10,668,9,655,11,875,13,
2026-09-30,06:05:30.217,999,430,6,469,6,651,9,539,7,418,6,296,6,237,4,138,2,428,6,440,6,51,1,263,4,460,7,298,4,242,4,201,3,
2026-09-30,06:05:31.217,1000,355,5,542,7,487,7,481,6,400,6,416,7,294,5,294,4,606,9,511,7,539,8,407,6,407,6,394,6,215,4,75,1,
2026-09-30,06:05:32.217,999,456,8,501,7,441,6,403,5,668,10,550,10,465,8,682,9,390,6,447,6,551,8,639,9,399,6,337,5,350,6,337,5,
2026-09-30,06:05:33.217,999,492,7,155,2,300,4,247,3,285,4,54,1,233,4,139,2,511,7,231,3,281,4,481,7,301,5,206,3,128,2,135,2,
2026-09-30,06:05:34.217,1000,216,3,262,3,423,6,534,7,406,6,164,3,360,6,84,1,449,6,545,7,143,2,436,6,331,4,366,5,322,5,352,5,
2026-09-30,06:05:35.217,999,1131,16,1213,16,1278,20,1344,20,1639,24,1250,20,1249,19,1587,21,2070,30,2046,31,1249,21,2026,29,1169,18,1244,18,1192,21,1408,21,
2026-09-30,06:05:36.217,999,7222,100,5363,68,5617,98,6212,99,5861,86,6459,99,6401,96,6782,90,7152,101,6496,104,5891,106,6282,89,6308,97,7036,99,6732,101,6559,98,
2026-09-30,06:05:37.218,1000,2270,32,2816,36,2478,38,2211,31,2455,36,2393,41,1274,20,2317,32,1637,23,1309,19,1307,21,2241,32,1395,21,1181,18,1320,22,1759,28,
2026-09-30,06:05:38.217,999,2167,31,2842,37,2730,43,2615,38,3065,49,3037,47,2481,38,3098,41,2635,37,2648,39,2612,43,3145,48,2049,33,1921,28,2399,37,2979,46,
2026-09-30,06:05:39.217,999,503,7,700,9,944,13,654,8,465,8,540,8,462,7,529,7,659,9,528,7,452,7,417,7,282,5,701,10,739,12,401,6,
2026-09-30,06:05:40.217,999,1350,20,1247,16,1358,19,1490,19,1039,16,1088,18,1067,17,1765,24,1089,15,1360,19,1889,28,1111,16,1106,17,1204,18,1169,20,1111,17,
2026-09-30,06:05:41.217,1000,91149,1274,104066,1344,76024,1288,84027,1316,90034,1314,88298,1318,91483,1350,95027,1248,92617,1318,85638,1344,77240,1357,93715,1311,82018,1238,91376,1275,88840,1308,87559,1293,
2026-09-30,06:05:42.217,999,33330,460,35218,451,28627,470,28994,443,31769,470,29893,475,29988,469,36192,477,33360,466,32680,496,27342,465,32352,461,28074,425,30665,449,25498,404,26697,398,
2026-09-30,06:05:43.217,999,5007,72,4776,64,5154,76,5545,77,4677,77,5953,91,5356,82,5528,73,4687,68,5476,77,4971,77,4396,70,4776,82,4898,70,4613,70,4116,62,
2026-09-30,06:05:44.218,1000,3073,48,3157,42,2738,40,3673,51,3797,58,2726,43,2196,34,3379,45,2748,40,3026,43,3466,54,2908,42,2881,45,2838,43,2882,46,2896,44,
2026-09-30,06:05:45.217,999,18449,261,20536,267,16758,262,17572,260,15792,235,15051,247,15641,249,18874,253,16873,240,17941,266,14692,244,15262,219,15121,233,17611,261,14992,241,15841,238,
2026-09-30,06:05:46.217,999,2654,41,3040,43,3050,44,2960,39,1961,29,2439,40,2600,42,3058,42,3191,48,3754,51,2881,44,2984,43,2899,44,2355,35,1866,32,2397,37,
2026-09-30,06:05:47.217,999,2698,43,3017,42,3708,55,2736,38,2930,44,3344,55,2154,34,3277,44,2852,46,2930,40,2061,31,2390,34,2645,41,2960,45,2199,36,2674,40,
2026-09-30,06:05:48.217,1000,3711,56,3464,47,2919,42,3738,50,3080,48,2976,47,2703,42,4223,56,3326,49,4522,64,4022,62,2840,42,2674,44,2482,36,2288,36,2846,43,
2026-09-30,06:05:49.217,999,618,9,1112,15,1108,16,611,8,619,9,544,10,999,17,1200,16,497,7,887,12,413,6,800,12,770,12,566,9,620,11,1215,18,
2026-09-30,06:05:50.217,999,911,13,1664,21,1907,27,1310,18,1113,16,947,16,772,13,1655,22,1203,17,1683,23,751,11,1260,18,976,15,1019,16,1230,22,823,12,
2026-09-30,06:05:51.218,1000,16332,223,14567,184,12297,215,13083,207,13781,201,12455,188,13397,201,15239,201,14110,196,12106,194,12653,225,15254,215,13909,211,14252,199,14500,216,14506,214,
2026-09-30,06:05:52.217,999,1503,21,1029,13,877,12,1372,18,1318,20,963,17,1036,18,1212,17,2071,29,1194,16,1455,22,1697,25,634,10,1037,16,828,15,1642,25,
2026-09-30,06:05:53.217,999,510,7,936,12,1103,16,1080,14,687,10,714,13,610,11,675,9,563,8,740,10,519,8,501,7,791,12,616,10,569,10,732,11,
2026-09-30,06:05:54.217,999,817,12,758,10,1284,18,790,10,401,6,851,14,792,13,537,7,489,7,594,8,603,9,410,6,1169,18,949,15,729,13,923,14,
2026-09-30,06:05:55.218,1000,5300,75,5614,73,5139,88,5626,88,3800,56,4092,64,5885,89,6260,85,4603,65,4057,65,3678,66,5328,76,4564,70,5401,77,4168,66,5112,77,
2026-09-30,06:05:56.217,999,1516,25,1633,23,1462,21,2266,31,1990,30,1547,25,1118,18,1611,21,1764,29,1929,26,1961,29,2299,32,2030,31,1626,24,1738,27,1113,17,
2026-09-30,06:05:57.217,999,1350,19,1562,20,909,14,1552,22,1222,18,1051,17,983,16,1346,18,807,11,1118,17,421,7,728,10,983,15,1278,19,1198,19,812,12,
2026-09-30,06:05:58.218,1000,992,14,1488,19,1022,14,1457,19,1283,20,1074,19,1098,18,1281,17,1185,17,1253,17,1292,20,1243,19,1210,19,850,14,1268,22,805,12,
2026-09-30,06:05:59.218,999,423,6,229,3,417,6,329,4,190,3,224,4,125,2,450,6,420,6,378,5,270,4,429,6,314,5,260,4,500,8,260,4,
2026-09-30,06:06:00.217,999,362,5,526,7,300,4,252,3,445,7,268,5,331,6,613,8,292,4,370,5,464,7,550,8,513,8,483,8,184,3,342,5,
2026-09-30,06:06:01.217,999,425,6,626,8,364,5,254,3,203,3,332,6,107,2,228,3,153,2,152,2,197,3,427,6,430,7,644,10,348,6,260,4,
2026-09-30,06:06:02.218,1000,1404,20,2219,29,1310,18,2361,31,896,15,1435,22,1806,28,1811,24,1845,26,1595,22,1584,24,1620,26,1683,28,1884,27,1249,20,1459,22,
2026-09-30,06:06:03.217,999,1508,22,1147,15,1564,22,1074,14,749,11,789,12,707,11,795,11,801,11,826,11,778,11,491,7,829,13,865,12,985,15,1304,20,
2026-09-30,06:06:04.217,999,523,7,795,10,806,11,1127,14,523,9,454,7,384,6,531,7,723,10,743,10,399,6,364,6,487,9,563,8,550,9,542,8,
2026-09-30,06:06:05.218,1000,2097,29,1655,21,1714,27,1697,26,1331,20,769,12,1379,22,2566,34,1982,28,1955,28,798,13,1925,28,1456,22,1959,29,1712,29,1473,22,
2026-09-30,06:06:06.218,999,6835,95,5587,72,6060,107,5176,84,5685,83,5901,90,6156,92,6269,84,6822,97,5336,86,4940,90,5788,82,6171,95,6161,87,6032,91,6041,90,
2026-09-30,06:06:07.217,999,404,6,513,7,903,13,897,12,816,13,648,11,574,9,526,7,709,10,816,11,547,8,448,7,619,10,645,10,333,6,551,8,
2026-09-30,06:06:08.217,999,1628,23,2181,28,1888,27,2615,35,1997,34,2354,36,1842,28,2756,37,2226,32,1916,26,2198,34,1387,23,1483,25,2168,31,1874,29,1615,25,
2026-09-30,06:06:09.218,1000,272,4,717,9,738,11,549,7,868,13,755,12,482,7,227,3,482,7,521,8,590,10,699,10,580,9,447,6,273,4,341,5,
2026-09-30,06:06:10.218,999,513,7,313,4,94,1,548,7,275,4,56,1,245,4,538,7,218,3,428,6,71,1,78,1,335,5,677,10,418,7,414,6,
2026-09-30,06:06:11.217,999,217,3,82,1,234,3,274,3,143,2,142,2,255,4,444,6,291,4,143,2,4,0,194,3,74,1,93,1,251,4,327,5,
2026-09-30,06:06:12.218,1000,594,8,388,5,745,10,733,9,471,7,207,3,300,5,307,4,315,4,306,4,146,2,396,6,526,8,477,7,458,8,561,8,
2026-09-30,06:06:13.218,999,2351,34,2384,31,1719,24,2950,40,1472,25,1728,26,1583,24,2326,31,1835,26,1916,27,1351,20,1487,22,1917,34,2127,30,2040,31,1806,27,
2026-09-30,06:06:14.217,999,404,6,416,6,306,4,791,10,289,4,454,7,594,9,545,7,502,7,777,11,505,8,572,8,202,3,489,6,209,3,332,5,
2026-09-30,06:06:15.217,999,1218,17,795,10,836,14,1531,23,894,14,907,14,1169,17,1179,16,1296,18,1148,18,728,13,1086,16,1087,17,1539,21,724,11,484,7,
2026-09-30,06:06:16.218,1000,399,6,536,7,585,8,577,7,527,8,340,6,184,3,684,9,486,7,714,10,408,6,220,3,228,3,182,2,386,6,386,6,
2026-09-30,06:06:17.218,999,947,13,1533,20,845,14,583,9,523,8,417,7,439,7,372,5,915,13,785,12,725,13,832,12,728,11,882,12,1029,15,879,13,
2026-09-30,06:06:18.217,999,291,4,241,3,241,3,416,5,402,6,328,5,396,6,674,9,508,7,485,7,387,6,290,4,321,5,329,4,261,4,325,5,
2026-09-30,06:06:19.218,1000,534,7,483,6,742,10,472,5,494,7,461,7,329,5,511,7,629,9,374,5,670,10,485,7,344,5,407,5,558,9,310,4,
2026-09-30,06:06:20.218,999,467,7,610,8,668,9,761,10,378,6,251,4,185,3,460,6,494,7,234,3,393,6,559,8,296,4,105,1,473,7,393,6,
2026-09-30,06:06:21.217,999,6141,85,4955,63,4713,84,4953,79,4761,70,5336,81,4867,73,5234,70,6067,86,5939,95,5405,97,5297,75,6012,91,5780,81,5356,80,5712,85,
2026-09-30,06:06:22.218,1000,91,1,317,4,579,8,536,6,349,5,377,6,280,4,469,6,306,4,808,11,82,1,425,6,347,6,148,1,181,3,89,1,
2026-09-30,06:06:23.218,999,64,1,89,1,295,4,294,3,199,3,111,2,244,4,80,1,210,3,242,3,74,1,152,2,319,5,105,1,189,3,213,3,
2026-09-30,06:06:24.218,999,729,11,541,7,384,5,1099,14,493,7,639,11,606,10,791,11,482,7,466,6,760,12,425,6,571,9,427,6,723,12,547,8,
2026-09-30,06:06:25.217,999,366,5,559,7,786,12,837,12,687,10,654,10,538,8,1430,19,524,7,668,10,568,10,567,8,737,11,940,13,511,8,281,4,
2026-09-30,06:06:26.218,1000,1570,23,1339,18,1357,19,1657,22,936,15,1267,21,1551,27,1222,16,1484,21,1618,22,964,15,1250,19,838,13,1807,27,998,16,1261,19,
2026-09-30,06:06:27.218,999,2043,28,2135,28,1485,21,2193,29,1334,23,1360,21,1744,26,1889,25,1366,19,1247,17,1613,24,1416,23,1521,25,1573,23,1997,32,1352,20,
2026-09-30,06:06:28.217,999,71,1,325,4,507,7,389,5,282,4,318,5,189,3,388,5,353,5,378,6,244,4,353,5,263,4,153,2,268,4,136,2,
2026-09-30,06:06:29.218,1000,1355,19,1294,17,1013,16,1703,24,893,13,1040,18,1066,17,1355,18,617,9,1341,20,1147,19,786,11,1318,20,1414,21,1614,27,1461,22,
2026-09-30,06:06:30.218,999,1359,19,1169,15,1367,21,1114,16,1078,17,658,11,724,11,1188,16,1525,21,986,14,787,13,1035,15,1020,16,1205,18,837,13,994,15,
2026-09-30,06:06:31.218,999,57903,810,64153,822,49066,841,52310,833,59795,876,60082,894,57162,841,60737,796,58849,826,54476,865,45931,813,59359,826,52803,798,55268,772,58449,863,58183,856,
2026-09-30,06:06:32.217,999,10918,152,12421,159,10680,178,11024,168,11189,163,10449,158,10236,152,12825,169,11097,155,10245,158,9637,169,11316,161,9982,150,11777,168,10955,166,10302,154,
2026-09-30,06:06:33.218,1000,17095,242,18415,240,15430,237,15891,229,15218,227,13954,241,14414,240,16701,221,14985,214,17956,262,15098,243,14144,201,15557,239,14099,222,11341,194,15229,228,
2026-09-30,06:06:34.218,999,2312,32,2914,38,2703,39,3374,45,1995,30,2417,44,2033,37,2548,34,2817,40,2750,38,2430,38,2232,32,2087,32,1958,32,2215,40,1844,28,
2026-09-30,06:06:35.218,999,13782,195,15288,199,13007,202,12961,190,12878,192,11016,181,10554,169,13799,184,11009,156,11546,172,9759,159,10735,155,10951,170,12613,187,9927,160,11262,170,
2026-09-30,06:06:36.218,1000,13339,186,13582,174,12456,214,12027,189,12289,179,12118,184,13692,205,14060,187,12119,173,11691,185,10789,191,12512,177,13229,202,14095,199,13627,206,13102,194,
2026-09-30,06:06:37.218,999,36885,516,36802,475,27862,474,31482,497,36062,528,34661,520,34633,509,37948,501,32439,463,33244,525,28464,504,34889,492,31854,483,36550,513,33908,505,34726,517,
2026-09-30,06:06:38.218,999,27994,395,28685,370,25412,381,27829,387,24879,375,22388,383,22628,378,28326,373,26491,374,25434,367,22618,362,25079,359,22504,351,21234,332,21465,376,24533,367,
2026-09-30,06:06:39.217,999,2371,35,2959,39,2235,32,2550,34,2461,37,2112,36,2167,36,2498,33,1832,28,2666,37,2641,41,2174,31,2252,36,2800,44,2450,41,1947,29,
2026-09-30,06:06:40.218,1000,3928,55,5182,67,3778,55,4671,62,3742,55,3210,58,2839,52,4219,56,4201,60,5334,73,4049,61,4237,60,3159,49,3269,54,2865,54,2931,44,
2026-09-30,06:06:41.218,999,6187,88,7191,96,6100,90,7514,102,5431,81,4679,81,5240,84,5723,77,6510,93,5748,80,5123,80,4748,70,5485,85,5703,86,5203,87,5077,76,
2026-09-30,06:06:42.218,999,1314,19,1688,22,1665,24,1729,22,1886,28,1217,22,1783,31,2216,31,1142,16,1319,18,1283,19,1383,20,2067,32,1899,30,1079,20,1713,26,
2026-09-30,06:06:43.218,1000,2018,29,2448,32,1695,27,2278,32,1872,27,1830,29,1779,28,2726,36,1755,25,1599,24,1631,27,1341,19,2042,31,1956,29,2176,34,1946,29,
2026-09-30,06:06:44.218,999,938,13,1079,14,967,15,1086,15,917,14,1022,18,658,11,1266,17,648,9,1061,15,973,15,977,14,769,12,884,13,847,14,687,10,
2026-09-30,06:06:45.218,999,7022,99,8044,103,6841,118,7562,120,8374,122,8496,131,8313,126,10193,136,6992,99,7586,122,6581,118,7340,105,6879,105,7616,108,6486,98,6572,98,
2026-09-30,06:06:46.218,999,2421,36,2945,40,2875,41,2732,36,2387,35,1583,29,1709,29,2315,31,2851,43,2724,37,2514,38,2638,38,2143,33,1809,28,2024,37,1699,26,
2026-09-30,06:06:47.218,1000,7088,99,7931,102,6064,99,6554,98,5875,87,6194,98,5013,76,5727,77,4891,68,4708,70,5607,83,6109,87,5052,77,5726,82,5589,87,6389,99,
2026-09-30,06:06:48.218,999,1981,28,1839,24,1961,29,2035,28,1652,25,1591,26,1815,29,2480,33,1301,19,1797,26,2246,36,1830,27,1368,22,1222,17,860,14,1604,24,
2026-09-30,06:06:49.218,999,11901,165,14367,185,12050,172,13593,180,11032,163,9117,177,8541,161,12366,164,12263,173,12537,169,11391,170,11504,164,11595,178,10738,184,8864,176,13475,201,
2026-09-30,06:06:50.218,1000,923,13,1388,18,1249,18,977,13,771,12,760,14,505,9,678,9,866,12,1111,15,590,9,1171,17,760,12,385,6,682,12,667,10,
2026-09-30,06:06:51.218,999,13762,188,13302,167,11019,195,11700,189,11311,164,11871,179,11786,175,14216,188,12450,175,11536,185,10013,181,13566,192,12486,189,12927,180,12232,179,13716,202,
2026-09-30,06:06:52.218,999,1474,22,1387,19,1192,17,1272,17,1180,17,1433,22,1103,17,1525,21,1597,24,1338,19,1693,26,1644,24,1519,24,1251,18,1214,20,1472,22,
2026-09-30,06:06:53.219,1000,582,8,611,8,347,5,644,8,669,10,247,5,381,7,816,11,926,13,651,9,547,8,546,8,501,8,301,5,611,12,477,7,
2026-09-30,06:06:54.219,1000,208,3,554,7,153,2,408,5,211,3,430,8,334,6,570,8,716,10,671,9,728,11,280,4,401,6,69,1,493,9,386,6,
2026-09-30,06:06:55.219,999,2759,38,2512,32,1884,31,2485,38,2018,30,2194,35,1785,28,2620,35,1773,25,2384,37,1409,25,1989,28,1613,25,1816,26,1680,27,1884,28,
2026-09-30,06:06:56.219,999,1062,15,1077,14,1047,16,745,10,1226,18,902,15,499,8,1167,16,1057,15,1098,16,934,15,1267,18,794,12,705,11,717,12,736,11,
2026-09-30,06:06:57.219,1000,798,13,592,9,657,9,638,8,608,9,617,9,505,8,758,10,471,7,681,9,532,8,641,9,415,6,481,7,518,8,832,12,
2026-09-30,06:06:58.219,999,708,10,555,7,301,4,486,6,208,3,283,4,432,7,599,8,495,7,572,8,584,9,422,6,551,8,554,8,498,8,417,6,
2026-09-30,06:06:59.219,999,495,7,550,7,277,4,728,10,567,8,374,6,697,11,931,14,586,8,794,11,1100,16,841,12,533,8,293,4,240,4,370,6,
2026-09-30,06:07:00.220,1000,219,3,380,5,149,2,471,6,355,5,472,8,297,5,608,8,618,9,441,6,708,11,511,7,326,5,315,5,274,5,210,3,
2026-09-30,06:07:01.219,999,615,9,546,7,584,8,935,12,649,10,864,15,569,9,693,9,860,12,972,13,921,14,1177,18,341,6,293,4,665,11,948,14,
2026-09-30,06:07:02.219,999,2191,32,2326,31,2033,29,2040,28,1136,19,1687,26,1580,25,1987,26,1725,24,1521,21,1934,30,1793,28,1261,21,1876,27,1942,31,1859,28,
2026-09-30,06:07:03.220,1000,596,8,809,10,1215,17,663,8,808,12,525,8,681,11,1150,16,819,12,665,9,924,13,881,12,704,10,963,14,410,7,288,4,
2026-09-30,06:07:04.220,1000,3318,49,3415,46,3798,54,2983,39,2893,44,2714,47,2054,35,2978,39,3237,49,3781,51,3006,45,3075,45,3012,49,3472,56,2378,42,3574,54,
2026-09-30,06:07:05.220,999,4583,65,5556,71,5096,77,6260,88,4163,66,4717,70,4922,73,5721,79,5021,69,5046,71,4125,65,4813,72,4170,68,5258,75,5103,77,4809,77,
2026-09-30,06:07:06.220,999,7886,109,7213,94,7167,122,7350,113,6174,92,6852,104,6886,104,7860,104,7688,109,7753,122,6476,115,8212,118,7284,113,7960,113,7472,112,8035,119,
2026-09-30,06:07:07.221,1000,980,14,1385,18,1175,17,1012,13,1148,18,1191,18,1331,21,1183,17,2013,28,2164,30,1629,25,1715,26,1784,29,1601,23,1795,28,1682,27,
2026-09-30,06:07:08.220,999,1590,24,2274,30,2413,34,2863,38,1891,32,2498,39,2356,35,2026,27,1780,26,2521,35,1958,30,2112,35,2306,40,1742,25,2508,39,2308,35,
2026-09-30,06:07:09.220,999,1857,27,2954,39,1722,24,2382,31,2036,33,1449,24,1362,22,1572,21,1449,20,965,13,1679,26,1478,22,1130,18,1608,23,1400,23,1062,16,
2026-09-30,06:07:10.221,1000,578,8,867,11,441,6,565,7,419,6,300,5,512,8,539,7,530,7,371,5,417,6,214,3,526,8,170,2,247,4,490,7,
2026-09-30,06:07:11.220,999,228,3,755,10,415,6,276,3,278,4,274,5,312,5,466,6,926,13,158,2,145,2,427,6,431,6,346,5,475,8,78,1,
2026-09-30,06:07:12.220,999,1897,28,2328,31,2006,28,2157,28,2148,32,1528,29,1761,31,1439,19,2305,32,1867,26,2214,34,1858,26,1784,27,1769,29,1487,28,1573,24,
2026-09-30,06:07:13.220,999,897,13,914,12,637,11,829,12,1194,17,950,15,1086,17,1061,14,1150,16,1326,20,782,13,954,14,949,14,868,12,1187,18,826,12,
2026-09-30,06:07:14.221,1000,1804,26,1835,24,2022,28,1886,24,1855,33,2470,37,2252,33,2883,39,2462,34,2465,34,2708,41,2256,38,1866,33,1858,26,1235,19,1381,21,
2026-09-30,06:07:15.220,999,2203,31,1656,21,2193,36,2058,31,2292,34,1574,24,1697,26,2622,35,1584,22,2001,30,1418,24,1842,27,2350,36,2809,39,1835,28,1556,23,
2026-09-30,06:07:16.220,999,1291,19,1168,16,1694,25,1683,23,1018,15,780,12,1005,15,1051,15,1528,22,874,12,1611,25,1410,20,732,11,655,9,926,15,1072,18,
2026-09-30,06:07:17.221,1000,13,0,238,3,357,5,195,2,666,10,323,6,60,1,220,3,155,2,69,1,79,1,274,4,281,4,228,3,275,5,419,6,
2026-09-30,06:07:18.220,999,1935,27,1692,22,1252,18,1871,25,1274,19,1508,26,1448,23,1198,16,1144,16,1112,16,1001,16,992,15,991,15,1337,21,1082,20,886,13,
2026-09-30,06:07:19.220,999,563,8,651,9,516,7,722,9,415,6,581,9,515,8,671,9,675,9,929,13,591,9,635,9,454,7,408,6,549,9,874,13,
2026-09-30,06:07:20.221,1000,1218,17,1544,20,1389,21,1820,25,898,14,1319,20,1290,20,1312,17,1666,23,1605,23,912,14,1026,15,1023,16,1334,19,1816,29,1302,19,
2026-09-30,06:07:21.221,999,5968,84,5089,66,4923,86,4540,74,5164,76,5123,78,5719,86,5429,72,5875,83,5440,87,4025,73,5693,80,5487,84,4816,67,4913,73,5898,88,
2026-09-30,06:07:22.220,999,1220,18,1579,21,1262,18,1484,20,928,14,1029,17,773,13,1421,19,918,14,932,13,1204,19,1397,20,1207,19,1031,15,1373,23,1653,25,
2026-09-30,06:07:23.220,999,153,2,295,4,408,6,385,5,278,4,137,2,122,2,6,0,146,2,229,3,68,1,77,1,465,7,203,3,226,4,330,5,
2026-09-30,06:07:24.221,1000,215,3,247,3,156,2,243,3,308,5,214,4,54,1,151,2,273,4,82,1,269,4,218,3,265,4,122,2,150,3,477,7,
2026-09-30,06:07:25.220,999,1271,18,1085,14,1063,17,1689,25,1301,19,1152,20,1065,17,1198,16,920,13,1367,20,997,16,1849,27,1281,19,1340,19,833,13,1284,19,
2026-09-30,06:07:26.220,999,66070,935,73631,963,54806,934,60746,952,65648,963,62071,940,66259,992,71091,939,65771,945,62983,981,52265,929,69252,978,58392,893,62304,880,66987,1004,64813,964,
2026-09-30,06:07:27.221,1000,35359,495,38994,501,30139,506,34324,527,36661,536,33397,528,32973,514,38600,512,38314,539,35579,548,31118,523,35916,513,31597,478,33417,485,28386,449,31408,467,
2026-09-30,06:07:28.221,999,3897,57,4909,65,3194,46,4894,65,3356,54,3271,52,3824,59,4903,66,3492,52,4538,63,4536,69,4777,73,2764,45,4170,62,4701,75,3074,47,
2026-09-30,06:07:29.220,999,3002,42,3158,41,2650,40,2894,41,1957,30,2259,36,1645,26,3048,41,2431,34,3395,48,2040,33,1949,30,2059,35,1937,29,1901,31,2439,37,
2026-09-30,06:07:30.220,999,4894,70,6067,79,5225,75,4609,62,4066,60,4086,76,4069,71,4865,65,4658,65,5405,74,4695,71,4692,67,4464,70,3974,64,2889,52,4562,69,
2026-09-30,06:07:31.221,1000,8163,119,9424,127,9721,143,10050,136,7652,116,7206,112,7049,109,7837,108,7722,114,6952,98,6031,95,7132,103,6282,97,8199,120,6047,96,6338,97,
2026-09-30,06:07:32.220,999,1846,28,1961,28,2073,29,1774,23,2323,35,1948,32,2222,35,1947,26,1502,23,2504,34,1671,25,1564,23,982,15,1453,22,1414,23,1647,26,
2026-09-30,06:07:33.220,999,1147,16,1337,17,792,11,1221,15,890,13,589,10,643,11,750,10,854,12,681,9,938,14,1188,17,346,5,600,9,493,9,895,13,
2026-09-30,06:07:34.221,1000,1110,15,1210,16,740,10,1193,15,1039,15,946,16,817,14,986,13,927,14,1012,14,1226,19,865,12,707,11,647,9,919,16,998,15,
2026-09-30,06:07:35.221,999,7891,110,9047,116,6625,115,7585,122,7963,116,7833,120,6962,106,8191,109,7737,109,7427,121,6100,111,7275,104,6392,97,8361,118,6589,100,6474,96,
2026-09-30,06:07:36.220,999,776,12,1498,21,1646,23,2017,26,1311,21,1410,22,1372,22,2162,29,1663,25,1826,25,1189,18,1728,27,1265,21,1330,19,1636,26,1051,16,
2026-09-30,06:07:37.221,1000,15785,220,16252,208,12871,221,13002,201,13770,200,13396,205,14518,216,15515,205,13269,187,13054,206,11957,208,14968,211,14573,220,14916,210,14094,212,15163,224,
2026-09-30,06:07:38.221,999,3233,46,4491,58,3367,47,2895,37,2523,42,2745,45,2840,46,3862,51,2593,37,2755,38,2798,42,3960,63,2502,44,2527,38,2300,38,2569,39,
2026-09-30,06:07:39.221,999,656,9,1187,15,603,8,967,12,412,6,548,10,177,3,458,6,358,5,885,12,666,10,504,7,597,9,519,8,278,5,344,5,
2026-09-30,06:07:40.220,999,436,6,1091,14,832,12,404,5,818,12,732,13,433,7,610,8,491,7,805,11,809,12,695,10,733,11,491,8,518,9,456,7,
2026-09-30,06:07:41.221,1000,770,11,469,6,365,5,780,10,610,9,353,6,328,5,617,9,583,8,293,4,143,2,483,7,402,6,660,10,183,3,425,7,
2026-09-30,06:07:42.221,999,1505,22,1609,21,1220,20,1120,16,1724,26,1117,17,1836,29,1708,23,1090,16,836,12,922,15,1822,27,995,15,1779,25,1311,21,1599,24,
2026-09-30,06:07:43.220,999,1968,29,2804,36,2234,36,2298,34,1986,29,1899,30,1652,26,1877,25,1790,26,2310,34,1519,25,1991,28,1883,28,2042,29,2005,31,2026,30,
2026-09-30,06:07:44.221,1000,639,9,224,3,671,9,503,6,556,8,287,5,808,13,833,11,231,3,393,5,418,6,608,9,381,6,592,9,260,5,208,3,
2026-09-30,06:07:45.221,999,2102,31,2317,31,1850,30,2991,44,2264,34,1246,19,1627,24,2926,39,2245,32,2158,33,1906,32,2363,34,1710,26,1898,27,1511,23,1542,23,
2026-09-30,06:07:46.221,999,160,3,545,7,723,10,538,7,740,11,686,12,806,13,685,9,664,10,673,9,283,4,455,7,139,2,697,10,363,6,394,6,
2026-09-30,06:07:47.220,999,348,5,823,11,507,7,545,7,648,10,545,10,582,10,983,13,634,9,743,10,530,8,851,13,417,7,86,1,719,13,592,9,
2026-09-30,06:07:48.221,1000,1392,21,1741,24,1064,15,1658,21,1689,26,1604,25,1579,24,2134,29,1406,21,1748,24,1645,25,1433,21,1166,18,1463,20,1037,16,1144,18,
2026-09-30,06:07:49.221,999,1114,16,1415,19,865,12,1234,16,613,9,894,14,947,15,988,13,783,12,1023,14,801,12,1071,16,1317,21,1551,23,1064,18,746,11,
2026-09-30,06:07:50.220,999,1187,19,1283,18,1617,24,1178,16,1387,21,798,13,1309,21,1551,21,1417,22,1319,18,1101,17,1472,21,1256,19,1269,18,1286,20,1176,18,
2026-09-30,06:07:51.221,1000,791,11,1043,13,1235,18,1154,15,459,7,333,6,576,10,828,11,637,9,441,6,331,5,779,11,1103,17,726,11,1086,20,1338,20,
2026-09-30,06:07:52.221,999,5575,78,5411,70,5062,89,4830,77,5159,76,4882,75,5684,86,6369,85,5592,79,4938,80,4282,78,5255,75,5699,87,5680,80,6092,92,4841,72,
2026-09-30,06:07:53.221,999,492,8,306,4,594,8,509,6,275,4,344,6,386,6,636,9,304,4,488,7,469,7,568,8,284,4,319,4,215,3,407,6,
2026-09-30,06:07:54.220,999,224,3,76,1,371,5,177,2,124,2,256,4,341,5,228,3,245,4,596,8,69,1,208,3,252,4,89,1,372,6,209,3,
2026-09-30,06:07:55.221,1000,1391,20,1398,19,1596,27,1703,26,861,13,1325,20,1220,18,2045,27,1417,20,1480,23,894,15,930,13,1178,18,1572,22,1380,22,1619,24,
2026-09-30,06:07:56.221,999,33282,469,39348,509,30939,492,33322,488,30982,490,31462,473,34041,505,37814,508,36339,504,33166,496,31739,529,34729,511,30232,485,32688,467,30799,468,29911,456,
2026-09-30,06:07:57.221,999,2052,29,2142,28,1302,19,1805,24,1008,17,1494,24,1022,16,1882,25,978,14,743,10,1818,28,1452,23,1177,20,1448,21,1778,28,1147,17,
2026-09-30,06:07:58.221,1000,4366,62,4510,59,3695,52,4315,57,3534,52,2518,47,2942,51,4318,58,4031,58,5387,73,3713,56,4256,60,3619,56,3712,61,3476,63,3744,58,
2026-09-30,06:07:59.221,999,3238,45,3822,50,3131,47,3325,46,3056,46,3179,51,3050,49,3132,43,2951,42,3532,49,3202,49,3424,49,3483,53,2935,43,2840,45,3114,47,
2026-09-30,06:08:00.221,999,1194,17,1024,13,1670,24,980,13,885,13,595,12,803,15,1204,16,936,13,906,12,736,11,901,13,690,11,761,12,642,12,463,7,
2026-09-30,06:08:01.220,999,850,13,1153,15,942,13,1243,16,864,13,664,12,829,14,1143,15,897,13,815,11,654,10,842,12,596,9,1203,18,607,11,678,10,
2026-09-30,06:08:02.221,1000,2098,29,2367,30,1765,24,2059,26,1417,23,2164,35,2211,36,2205,29,1740,24,2323,31,2233,34,2168,34,1638,27,2353,35,2022,33,1927,29,
2026-09-30,06:08:03.221,999,989,14,848,11,1153,16,790,10,941,14,497,9,518,8,384,6,614,8,712,9,743,11,596,8,530,8,529,8,459,8,624,10,
2026-09-30,06:08:04.221,999,724,10,886,11,725,10,764,9,581,10,907,15,562,9,842,11,535,7,454,6,673,10,793,12,1016,17,857,12,744,12,556,8,
2026-09-30,06:08:05.221,1000,5303,74,4904,63,4565,78,5281,82,4928,72,4839,77,4800,74,6621,88,4923,69,4860,76,3886,70,4571,65,4334,66,5223,74,3911,62,4763,71,
2026-09-30,06:08:06.221,999,92123,1296,102442,1325,75332,1275,81780,1279,92218,1354,86491,1320,87274,1316,98700,1302,92593,1314,92732,1449,75512,1331,94786,1344,80150,1222,87183,1241,85819,1297,85229,1257,
2026-09-30,06:08:07.221,999,19820,281,19879,258,15482,257,17441,264,17471,257,15627,243,16334,249,21363,282,17293,249,16856,260,15802,269,17204,244,17462,264,17847,254,16153,247,17479,258,
2026-09-30,06:08:08.221,999,5615,80,7505,99,6351,93,6714,92,7331,117,6855,108,5198,80,6954,93,5443,80,6002,85,5528,88,5983,90,4987,82,6373,94,5801,92,5713,88,
2026-09-30,06:08:09.221,1000,2248,32,1899,25,1786,26,1882,25,2196,33,1446,26,1957,32,1601,21,1228,18,1853,26,1647,25,1518,22,1827,28,1429,23,1350,23,1869,28,
2026-09-30,06:08:10.221,999,8279,117,9510,125,8218,118,7943,107,7766,119,7261,123,6228,100,8131,109,7452,106,7573,105,5750,87,6747,98,6405,102,7501,114,5687,93,6382,96,
2026-09-30,06:08:11.221,999,1434,20,844,11,1438,20,1113,14,563,8,574,10,653,12,1139,15,1067,15,1269,17,657,10,1228,18,1030,16,1211,19,700,13,879,13,
2026-09-30,06:08:12.221,999,30054,426,33357,430,25769,438,26637,417,32267,474,32656,492,30460,453,34757,457,32084,458,31152,493,29589,523,35599,502,28904,441,30062,423,29234,436,30654,455,
2026-09-30,06:08:13.221,1000,17593,247,19450,251,14304,230,16867,253,18204,273,16868,262,15795,243,16532,220,18867,267,17010,260,15120,255,16872,248,15403,241,16590,239,13867,218,15086,225,
2026-09-30,06:08:14.221,999,7649,110,9704,128,6612,103,8114,119,8263,125,8342,128,6920,105,9682,129,8137,117,8405,124,8009,135,8681,128,6450,103,8645,126,6704,106,7379,112,
2026-09-30,06:08:15.221,999,19657,276,19532,252,16425,266,18211,276,17335,260,18342,289,16782,259,21294,285,18356,260,19926,304,16574,279,16976,245,15062,235,19420,282,14853,233,15496,234,
2026-09-30,06:08:16.221,1000,3590,53,4945,67,4372,62,4710,62,3838,59,3598,60,3577,57,3817,52,3626,53,5488,75,5622,85,5534,83,4032,65,3873,56,4143,67,3736,58,
2026-09-30,06:08:17.221,999,2422,35,2285,30,2976,46,3124,44,2262,34,2093,33,2476,39,3425,45,2657,38,2111,31,1754,29,2440,35,2016,31,1963,29,1736,28,2254,33,
2026-09-30,06:08:18.221,999,2669,39,2590,34,2154,32,2224,31,2308,34,1762,31,2277,37,2432,32,2406,36,2919,43,2854,46,2426,35,2185,33,2072,31,2061,34,1794,27,
2026-09-30,06:08:19.222,1000,922,13,1368,18,1429,23,1166,17,1769,26,1146,20,1590,26,1516,20,1712,24,1422,21,1460,24,1406,20,1405,21,1141,17,1275,21,1393,21,
2026-09-30,06:08:20.222,1000,1616,23,2104,27,1694,26,1857,27,1436,21,1077,20,1077,18,1589,21,1606,23,1443,21,1709,27,1583,23,1174,18,1385,22,1441,25,1468,22,
2026-09-30,06:08:21.222,999,3390,49,3157,42,2863,41,2723,37,2576,38,1998,35,2113,35,2792,37,2275,32,2334,32,1747,27,2267,32,2836,43,2206,33,2526,43,2775,41,
2026-09-30,06:08:22.222,999,14622,202,14867,189,11752,205,11826,188,12860,186,12698,192,12638,189,15548,206,13130,185,12294,196,11761,209,14763,210,13256,201,13991,197,14380,215,14041,208,
2026-09-30,06:08:23.223,1000,600,8,1167,15,514,7,627,7,746,11,606,11,586,10,395,5,417,6,760,10,411,6,653,9,784,12,586,9,493,9,556,8,
2026-09-30,06:08:24.222,999,998,14,1139,15,1090,16,1183,16,1162,17,1198,20,1121,18,1605,22,1199,17,1340,19,1121,18,1068,15,735,11,1011,15,834,14,1189,18,
2026-09-30,06:08:25.222,999,2874,40,3820,49,3240,53,4013,61,2887,42,3134,50,3632,57,4186,56,2541,36,2986,47,2433,43,3069,44,3078,47,3111,45,2231,37,2561,38,
2026-09-30,06:08:26.223,1000,465,7,889,12,1006,14,558,7,683,10,533,9,1156,19,892,12,1510,22,1096,15,901,13,1060,16,707,11,495,7,843,13,861,13,
2026-09-30,06:08:27.222,999,1295,19,1558,22,1863,27,1172,15,1714,25,1811,28,2150,33,1924,26,1010,16,1284,18,1064,16,1368,19,1233,19,685,10,1096,17,950,14,
2026-09-30,06:08:28.222,999,761,11,213,3,345,5,491,7,888,13,663,11,612,10,1137,15,1187,19,1304,18,867,13,1052,15,995,15,784,12,799,13,681,10,
2026-09-30,06:08:29.222,999,943,13,1192,15,892,15,824,13,850,12,796,12,984,15,983,13,1002,14,1420,22,1253,22,924,13,731,11,804,12,642,10,1118,17,
2026-09-30,06:08:30.223,1000,1206,18,1131,15,1123,18,634,9,600,9,483,8,1636,26,913,12,1265,18,1096,16,754,12,991,14,665,10,1112,17,623,10,717,11,
2026-09-30,06:08:31.222,999,1362,20,1698,22,1490,21,1761,23,1220,21,1387,22,979,15,1018,14,1725,25,1829,25,863,13,1202,18,926,16,924,13,1216,19,1127,17,
2026-09-30,06:08:32.222,999,551,8,774,10,747,10,1191,15,992,14,790,14,937,16,762,10,1234,17,1291,18,1634,25,1182,17,503,7,630,9,814,13,473,7,
2026-09-30,06:08:33.223,1000,656,9,908,12,808,11,638,7,268,4,566,8,736,11,776,10,418,6,455,6,685,10,470,7,666,11,899,13,723,11,773,11,
2026-09-30,06:08:34.224,1000,1837,26,1823,24,1085,17,1676,24,1897,28,1498,23,1239,19,1844,25,1948,28,1491,22,1716,30,1413,20,2223,34,1580,22,1522,23,1666,25,
2026-09-30,06:08:35.223,999,3437,49,3052,41,2408,40,2944,44,2052,30,2791,44,2786,43,3765,50,3020,43,2966,46,2519,42,2928,41,2630,40,2615,38,2894,45,2988,45,
2026-09-30,06:08:36.223,999,839,14,1005,14,951,13,990,12,1232,18,622,9,774,12,754,10,1120,16,1418,19,925,14,1044,15,892,13,850,12,793,12,1129,17,
2026-09-30,06:08:37.224,1000,10321,145,10189,129,9645,159,9651,149,10115,148,9633,153,8943,141,11551,153,9150,129,10920,167,10094,173,9022,127,10319,158,9928,146,11073,173,11212,166,
2026-09-30,06:08:38.223,999,3697,52,4914,64,4465,68,3567,50,3395,55,3648,55,3482,51,4043,53,3901,55,3314,50,4012,66,3772,58,3662,60,3600,52,3705,57,2956,45,
2026-09-30,06:08:39.223,999,1044,14,937,12,740,11,1047,14,496,7,639,11,307,5,454,6,559,8,396,6,408,7,492,7,662,10,781,11,504,8,820,12,
2026-09-30,06:08:40.223,999,948,14,1077,14,881,13,1098,15,1288,19,1080,18,1122,18,1806,24,1205,17,1274,18,1454,23,1915,27,1049,16,710,11,1182,20,1267,19,
2026-09-30,06:08:41.224,1000,1133,16,1938,25,1973,29,1564,21,1623,24,920,15,1012,16,1381,19,1702,24,1523,22,1196,20,1595,23,1457,22,1630,25,1453,25,1504,23,
2026-09-30,06:08:42.223,999,660,10,472,6,640,9,642,8,1078,16,520,8,661,10,867,12,156,2,481,7,283,4,540,8,542,8,740,10,606,10,798,12,
2026-09-30,06:08:43.223,999,2092,29,1737,22,1614,26,1621,23,1360,20,1295,20,1578,22,1840,24,1708,24,1886,27,1527,25,1113,16,1758,27,1308,18,1781,27,1505,22,
2026-09-30,06:08:44.224,1000,498,7,514,7,173,2,440,5,354,5,329,5,202,3,221,3,445,6,679,10,275,4,207,3,213,3,411,6,473,9,356,5,
2026-09-30,06:08:45.224,999,1722,26,1693,23,1827,30,2071,30,1614,24,1645,25,2342,35,2176,29,1732,25,2110,32,1689,29,1745,25,1870,28,1606,22,1640,25,1342,20,
2026-09-30,06:08:46.223,999,1638,23,1841,24,1274,18,1396,18,1294,23,1130,19,749,12,1266,17,1428,20,1044,14,1063,16,1181,18,1194,20,1187,17,1104,17,1197,18,
2026-09-30,06:08:47.223,999,1079,16,1251,17,998,15,1149,16,1552,23,746,13,985,16,751,10,587,9,1004,14,1099,18,1105,16,1121,17,756,11,776,13,589,9,
2026-09-30,06:08:48.224,1000,1348,21,1964,27,1868,26,2110,27,1494,23,1619,25,1674,25,1980,26,1112,16,1906,26,2131,32,1822,28,1059,18,2002,29,1742,27,795,12,
2026-09-30,06:08:49.223,999,456,7,938,12,526,7,791,10,399,6,288,5,423,7,675,9,355,5,302,4,513,8,646,9,474,7,465,6,124,2,461,7,
2026-09-30,06:08:50.223,999,11044,152,13184,168,10269,146,12607,167,10312,152,8240,159,7809,145,11840,157,10832,152,11104,149,9849,147,10668,152,10299,157,9297,161,8090,163,12058,180,
2026-09-30,06:08:51.224,1000,146,2,215,3,299,4,168,2,136,2,3,0,107,2,153,2,226,3,152,2,354,5,154,2,475,7,13,0,235,4,73,1,
2026-09-30,06:08:52.224,999,4811,66,5243,67,4818,85,4188,68,4013,59,4088,62,4154,62,5410,72,5147,72,5109,83,4573,84,4642,66,5317,81,4938,69,5523,82,5315,79,
2026-09-30,06:08:53.223,999,296,4,6,0,23,0,105,1,75,1,6,0,322,5,230,3,82,1,213,3,80,1,347,5,73,1,149,2,331,5,210,3,
2026-09-30,06:08:54.223,999,758,11,655,9,730,11,804,10,1185,18,768,13,497,8,379,5,1135,16,548,8,730,11,690,10,718,11,482,7,889,15,815,12,
2026-09-30,06:08:55.224,1000,1138,16,710,9,656,11,763,12,359,5,973,16,724,11,1212,16,841,12,1183,18,680,11,1141,16,869,13,581,8,341,6,793,12,
2026-09-30,06:08:56.224,999,66,1,134,2,296,4,395,5,243,4,137,2,257,4,457,6,501,7,286,4,330,5,205,3,413,6,145,2,204,3,252,4,
2026-09-30,06:08:57.223,999,196,3,240,3,282,4,492,7,262,4,267,4,447,7,303,4,146,2,480,7,420,7,284,4,133,2,297,4,128,2,337,5,
2026-09-30,06:08:58.224,1000,1107,16,1685,22,1837,29,1728,26,2045,32,1875,28,2404,35,2442,33,2436,35,1930,30,1274,22,2186,32,1403,23,1745,25,1783,28,2122,32,
2026-09-30,06:08:59.224,999,1473,21,1219,16,956,15,1064,16,838,12,825,14,441,7,1012,14,778,11,977,15,875,15,981,14,1457,22,1214,18,1200,20,1257,19,
2026-09-30,06:09:00.224,999,1898,28,1189,16,1340,21,1536,22,1260,19,1611,25,968,15,1801,24,1439,22,1043,15,1367,21,712,10,950,15,1258,18,1393,21,1219,18,
2026-09-30,06:09:01.223,999,339,6,531,8,718,10,466,6,605,9,335,5,602,9,535,7,653,11,681,9,403,6,364,5,679,10,355,5,414,6,670,10,
2026-09-30,06:09:02.224,1000,1490,21,1616,21,1411,20,1749,23,951,16,1307,20,1274,19,1562,21,1616,22,1108,15,2295,35,1739,28,1269,22,1382,20,1326,20,1378,21,
2026-09-30,06:09:03.224,999,48558,682,57503,744,42264,728,48703,775,52886,776,50363,758,53503,793,56596,748,51746,736,49922,793,44756,798,56129,791,48415,735,51355,718,51132,758,49442,735,
2026-09-30,06:09:04.223,999,4921,71,5808,78,4735,75,5142,74,5050,76,4396,68,4707,72,5999,80,5271,76,4935,74,5104,85,5062,73,4428,70,4989,72,5528,84,5029,76,
2026-09-30,06:09:05.224,1000,42418,592,49690,639,36963,602,40435,616,44401,659,41398,657,39808,621,47706,634,41511,585,40702,623,37249,639,43289,620,39765,611,42021,616,36729,584,39248,586,
2026-09-30,06:09:06.225,1000,5699,87,5284,74,5563,81,5774,78,5594,82,4484,74,5184,82,6857,91,5315,80,6399,88,5922,93,5848,86,5073,80,6500,97,5067,84,5373,82,
2026-09-30,06:09:07.225,999,14129,194,13636,173,11937,205,12362,195,12799,188,12570,191,12376,186,15069,199,12846,180,12421,194,11474,201,14055,200,13506,206,13321,189,13504,207,14107,208,
2026-09-30,06:09:08.224,999,2330,33,3630,48,2964,43,2630,36,3022,49,3498,54,2794,43,3766,50,2252,33,3041,44,2829,44,2551,40,2946,48,3072,45,3136,50,2452,37,
2026-09-30,06:09:09.225,1000,1159,16,1885,24,1378,20,981,13,1251,19,1076,18,995,16,1132,15,1067,15,1670,23,1720,26,1511,23,956,16,1450,22,1101,19,1011,15,
2026-09-30,06:09:10.225,999,3411,48,4304,55,3616,53,3745,50,2725,41,2326,41,2023,34,3143,42,3002,42,2806,39,2518,39,3546,51,3115,49,2812,45,2758,51,3313,49,
2026-09-30,06:09:11.225,999,1091,15,1321,17,739,10,1424,18,940,14,1049,19,1439,23,1261,17,1435,20,1596,22,1128,17,1267,18,1117,17,1035,15,1075,18,946,14,
2026-09-30,06:09:12.225,1000,955,14,1177,15,941,13,882,11,756,11,482,9,770,13,852,12,1170,17,733,10,686,10,1288,19,594,9,861,13,694,13,793,12,
2026-09-30,06:09:13.226,1000,1649,23,1562,20,1698,28,1445,22,993,14,989,15,1007,16,1424,19,1150,16,1187,18,681,12,909,13,1884,29,1315,19,1598,24,1418,21,
2026-09-30,06:09:14.226,999,438,6,325,4,843,12,539,7,596,9,467,8,704,12,960,13,664,10,668,9,605,9,404,6,640,10,516,8,326,6,468,7,
2026-09-30,06:09:15.226,999,2769,39,3268,42,2931,47,2734,41,2995,45,2173,36,3066,49,2767,37,2502,35,3196,48,2182,37,2643,39,2583,40,2931,43,2160,34,2480,37,
2026-09-30,06:09:16.226,1000,514,8,531,7,1152,16,1307,17,521,8,844,14,618,10,511,7,1017,15,1235,17,596,9,457,7,1068,18,755,11,1012,16,853,13,
2026-09-30,06:09:17.226,999,863,12,1410,18,1145,17,921,12,841,12,567,10,472,8,685,9,920,13,889,12,672,10,907,13,1212,19,882,14,713,12,767,11,
2026-09-30,06:09:18.226,999,812,12,634,8,693,10,549,7,800,12,616,11,349,6,820,11,675,10,984,14,590,9,499,7,800,12,399,6,558,10,610,9,
2026-09-30,06:09:19.226,999,1140,16,1201,16,1424,21,1628,22,1617,24,905,17,1087,20,960,13,1201,17,1601,22,2039,31,1816,26,1164,18,882,13,1051,19,1068,16,
2026-09-30,06:09:20.226,1000,1246,17,943,12,975,14,941,12,723,11,478,9,719,13,1345,18,867,12,701,10,651,10,1157,17,574,9,987,16,611,11,642,10,
2026-09-30,06:09:21.226,999,982,14,707,9,794,11,1286,17,762,11,707,14,756,13,383,5,146,2,819,11,651,10,687,10,1212,19,405,6,517,10,998,15,
2026-09-30,06:09:22.226,999,7731,108,6785,86,6391,110,7033,109,6908,102,6579,103,6888,108,7718,102,8132,114,7114,112,6235,108,7936,113,7886,121,8003,115,8255,128,8381,124,
2026-09-30,06:09:23.226,999,970,17,854,12,1412,20,1155,15,648,10,967,15,949,15,611,8,866,13,775,11,561,8,767,11,833,13,1237,18,1185,18,1488,22,
2026-09-30,06:09:24.226,1000,274,4,268,4,89,1,408,5,205,3,310,5,192,3,610,8,600,10,298,4,461,7,203,3,648,10,513,8,590,10,265,4,
2026-09-30,06:09:25.226,999,49883,704,55546,719,41792,712,48626,769,48369,711,47673,722,51770,773,57102,753,54001,767,50749,807,43647,772,54486,769,48165,733,51108,724,49701,747,51123,759,
2026-09-30,06:09:26.226,999,25488,360,27096,354,21480,348,25710,385,24204,364,23653,372,25371,391,28753,382,27815,393,26192,394,23291,391,25403,369,24318,380,24641,361,23271,367,23652,354,
2026-09-30,06:09:27.226,999,2981,42,3158,42,2656,38,3327,45,2665,42,3329,52,3419,53,2930,39,2177,33,3478,48,3226,49,2754,42,1701,28,2468,36,2742,43,2521,37,
2026-09-30,06:09:28.226,1000,61097,862,68190,876,62254,900,65367,876,62097,941,55103,917,55096,899,65454,917,64358,907,66458,910,64938,978,64531,937,56731,888,58280,892,51988,870,54801,865,
2026-09-30,06:09:29.226,999,59451,844,63747,828,60031,862,62086,834,55803,868,48646,808,49439,801,58880,816,58341,833,58012,788,57190,857,57625,849,52293,832,54823,832,48893,809,52517,818,
2026-09-30,06:09:30.226,999,22691,338,26529,351,24483,350,25275,336,21515,319,18312,323,19489,333,22223,297,22860,339,24504,335,22414,335,22321,318,20722,318,22762,365,19205,342,21402,320,
2026-09-30,06:09:31.226,999,1376,21,1217,16,1705,24,1656,22,1466,21,1518,26,1454,25,1233,17,1236,19,2091,29,1361,21,1029,15,1199,18,1102,17,1095,19,1311,20,
2026-09-30,06:09:32.226,1000,3577,51,4193,55,3377,49,4387,58,3965,60,3770,62,2979,49,4256,58,3693,52,4316,59,4758,72,3869,55,3251,51,3521,52,3298,53,3272,51,
2026-09-30,06:09:33.226,999,12812,186,13148,173,12626,182,14538,193,12243,186,11694,184,11984,186,12404,164,12434,181,12651,177,11907,182,10936,157,10415,162,10687,159,10769,177,9996,151,
2026-09-30,06:09:34.226,999,3880,54,3431,44,3278,46,3505,45,2546,38,2269,40,2329,40,3091,39,3081,44,3546,47,3221,48,3160,47,2828,45,2920,47,2226,40,2778,41,
2026-09-30,06:09:35.226,1000,21089,297,23839,310,16884,282,20006,309,19144,281,19668,311,18264,285,21583,287,20020,282,19354,300,17124,296,18342,261,17851,274,20560,304,18651,297,19891,296,
2026-09-30,06:09:36.226,999,16356,230,17778,229,15599,219,16615,218,14963,223,10859,197,12598,210,15629,199,16478,233,17234,231,12277,181,17137,249,15577,243,13003,214,11993,223,14237,212,
2026-09-30,06:09:37.226,999,25194,347,26632,338,19196,330,21889,343,22430,320,21851,325,22030,326,24344,321,22985,320,20228,318,19620,348,22933,322,22348,335,22418,312,23141,341,22659,334,
2026-09-30,06:09:38.227,1000,5210,73,7018,91,5247,75,4884,65,5072,86,5702,88,5056,77,5664,75,4771,66,5750,81,4572,71,4959,81,4697,82,4566,66,4489,70,4700,72,
2026-09-30,06:09:39.227,1000,7294,102,9212,119,6877,97,5618,74,4893,76,4667,82,5019,85,6231,83,5519,79,5972,81,5135,77,4995,74,5772,92,5418,86,4940,89,4584,68,
2026-09-30,06:09:40.227,999,2201,31,2732,35,1361,19,2422,31,2584,39,1676,31,2094,37,2774,37,2218,31,2695,37,3333,50,2781,40,1939,30,1423,23,1867,34,1925,29,
2026-09-30,06:09:41.227,999,1679,25,1743,22,1648,23,1500,19,1921,29,1349,25,1449,25,1836,24,1801,26,1597,22,1465,22,2004,28,1385,21,1864,29,1473,26,2128,31,
2026-09-30,06:09:42.228,1000,1814,26,2358,31,2373,36,2102,30,2754,42,2213,35,2303,36,2724,36,2269,32,2714,40,2018,33,2711,39,2423,37,2563,38,1923,33,2240,34,
2026-09-30,06:09:43.227,999,2160,29,2657,31,2040,32,2028,31,1957,28,2214,34,2193,31,2600,34,2214,31,2503,36,2061,36,2411,34,2177,33,2158,29,2473,37,1853,27,
2026-09-30,06:09:44.227,999,2520,35,3452,45,2256,32,2220,29,1774,29,2437,40,2510,38,2740,36,2294,33,2293,33,2405,38,1945,29,2255,36,2605,39,2741,45,2624,39,
2026-09-30,06:09:45.227,999,4592,67,4426,59,4486,73,5195,77,3691,54,3686,57,4405,67,4833,64,4467,64,4489,67,3794,64,4130,60,4266,67,4920,70,4867,73,4346,65,
2026-09-30,06:09:46.227,1000,2865,42,3529,46,2766,44,3617,53,3394,52,2878,44,2883,43,3412,45,4072,58,3200,48,3592,61,4440,66,3213,52,3289,47,4102,63,3986,60,
2026-09-30,06:09:47.227,999,1334,19,1587,21,1639,25,1393,20,1198,18,1171,18,1239,19,1668,23,1370,19,854,13,1161,19,1363,20,1171,18,1255,18,1490,24,1369,21,
2026-09-30,06:09:48.227,999,2282,33,1416,18,1334,19,2093,28,1196,18,852,14,1030,17,1058,14,1133,17,1442,21,1474,23,1386,20,1311,21,1215,18,558,9,875,13,
2026-09-30,06:09:49.228,1000,906,13,706,9,1259,18,795,10,527,8,386,7,400,7,604,8,782,11,387,5,864,13,305,4,753,12,547,9,765,14,818,12,
2026-09-30,06:09:50.227,999,730,10,1450,19,463,6,975,13,636,9,666,11,933,15,1039,14,796,12,1029,14,737,11,1088,16,1032,16,668,10,907,15,819,12,
2026-09-30,06:09:51.227,999,1021,15,1117,15,1377,20,803,11,868,13,844,15,709,12,747,10,793,11,1139,16,986,15,699,10,1108,17,851,12,727,12,1142,17,
2026-09-30,06:09:52.228,1000,97380,1370,108838,1410,82453,1402,90533,1422,98281,1446,93953,1403,99573,1472,109715,1442,103133,1465,94259,1488,81100,1435,103350,1453,93829,1423,101709,1426,98777,1463,97317,1441,
2026-09-30,06:09:53.229,1000,43358,602,47057,604,35303,576,38272,583,44040,647,37018,584,39397,609,47407,626,41658,586,41303,631,34243,589,40313,573,36893,560,39684,582,34825,551,38309,569,
2026-09-30,06:09:54.228,999,4473,68,6265,86,4340,62,5683,76,4874,80,5159,82,6123,93,5331,71,5433,81,5525,76,6523,99,5419,84,4238,71,5935,87,5129,80,4637,70,
2026-09-30,06:09:55.228,999,19624,276,21503,279,17445,280,18019,270,17953,267,16720,268,16685,260,20339,273,18799,269,18914,285,17229,285,18648,269,17756,275,20114,296,16187,257,15973,241,
2026-09-30,06:09:56.229,1000,2391,37,4252,57,3026,45,2845,39,2807,43,3028,48,2761,43,3415,46,3441,51,3559,50,3138,49,2981,45,3023,49,3045,45,3506,56,3026,46,
2026-09-30,06:09:57.228,999,1359,19,1810,23,1727,26,1327,19,1910,28,1630,29,1469,23,2022,27,1388,20,1868,26,2471,38,1642,24,1202,19,1060,17,790,14,1155,17,
2026-09-30,06:09:58.228,999,3893,56,4633,60,2550,38,3752,52,3017,46,2409,40,2379,39,3170,42,2639,39,3015,43,2843,45,3168,46,3236,51,2762,42,2799,47,2396,36,
2026-09-30,06:09:59.228,999,1760,27,2444,34,2395,34,2137,28,1892,28,2213,36,2501,40,2725,36,1988,33,2035,28,1791,27,2526,36,2784,43,1821,29,1916,33,2117,32,
2026-09-30,06:10:00.229,1000,1691,24,2168,28,1735,25,1943,26,1449,22,1425,26,1818,30,2044,27,1610,23,1879,26,1934,29,2151,32,1540,24,1260,20,1933,34,1725,26,
2026-09-30,06:10:01.228,999,780,11,1082,14,723,10,953,12,628,9,442,8,915,16,1405,19,998,14,1313,18,1039,15,1232,18,1029,16,682,10,470,8,631,9,
2026-09-30,06:10:02.228,999,3388,48,4693,61,4606,65,4661,61,3953,62,4041,64,4071,64,4855,70,4384,62,5128,69,4319,64,5050,75,3685,60,4652,68,3436,56,4335,72,
2026-09-30,06:10:03.229,1000,2038,28,1743,22,2142,30,2477,32,1535,23,1123,19,1538,26,1555,22,1767,24,1736,23,1622,23,1631,23,1245,19,1030,16,1175,21,1373,21,
2026-09-30,06:10:04.229,999,1711,27,1525,20,1585,22,1786,23,1243,20,1283,21,1194,20,1293,17,1712,25,1563,21,1506,22,1671,25,1204,20,1851,28,1670,27,1764,26,
2026-09-30,06:10:05.228,999,6130,85,6849,88,6860,109,6858,100,4598,71,5318,82,6192,94,7780,107,6027,84,5307,78,5505,92,5827,86,5224,83,7938,113,4829,76,5910,91,
2026-09-30,06:10:06.228,999,2872,42,3895,51,3143,44,2560,33,3345,51,2446,44,2860,50,3586,47,4002,58,4381,59,3561,53,3241,48,2577,40,2516,39,1834,32,2275,34,
2026-09-30,06:10:07.229,1000,19289,264,18230,230,14724,252,15874,249,15177,223,15513,231,16017,238,18007,237,15677,217,15403,243,13630,242,16790,239,15906,241,16608,231,16469,244,17666,261,
2026-09-30,06:10:08.229,999,2996,43,3393,44,3083,44,2738,36,2531,43,2958,46,2638,41,3418,45,2931,41,2430,34,3020,47,2534,41,2332,40,2243,33,2629,41,2925,44,
2026-09-30,06:10:09.228,999,3315,46,3244,41,1968,28,2786,37,2102,31,1781,35,1713,31,1741,23,2948,42,2754,37,2723,40,2280,33,2782,43,2376,40,1738,35,2436,36,
2026-09-30,06:10:10.229,1000,2769,40,2726,35,1713,24,2537,33,2882,44,2727,49,1910,33,2099,28,3164,46,2441,33,2613,40,2731,39,2097,32,2074,33,1803,32,2295,34,
2026-09-30,06:10:11.229,999,2126,30,2699,35,2341,34,3053,41,2444,36,1994,33,1948,33,2408,33,2712,38,3253,46,2158,34,2218,32,2452,38,2450,37,2713,47,1984,31,
2026-09-30,06:10:12.228,999,1329,19,2566,33,970,14,1969,25,1309,20,1248,20,1350,21,1569,21,1531,22,1413,20,1513,23,1147,17,855,13,1559,23,942,15,1283,19,
2026-09-30,06:10:13.228,999,2254,31,1858,24,1764,29,2115,31,1561,23,2117,34,1523,23,2031,27,2235,31,1951,28,1557,26,1634,23,1910,29,1866,27,1770,27,1557,23,
2026-09-30,06:10:14.229,1000,1044,16,589,8,605,8,982,12,757,12,632,10,644,10,676,9,823,13,754,10,701,10,819,12,532,8,595,8,879,14,872,13,
2026-09-30,06:10:15.229,999,3728,54,3155,42,3178,52,3109,47,3675,54,3022,47,2722,41,3589,48,4250,64,2918,44,2284,39,3192,46,2934,45,3940,55,3076,47,2812,42,
2026-09-30,06:10:16.228,999,1261,19,1413,19,1191,17,1380,18,1289,20,702,12,1362,22,753,10,1198,18,1484,20,1668,25,1828,27,1183,18,797,12,863,13,947,14,
2026-09-30,06:10:17.229,1000,803,11,942,12,1123,17,1023,15,679,10,727,12,532,9,1280,17,868,12,627,9,918,15,907,13,730,11,863,13,721,11,624,9,
2026-09-30,06:10:18.229,999,2795,39,2739,35,1807,26,2510,35,1909,29,2284,36,2081,32,2461,36,2517,36,2516,35,2196,34,2368,35,2188,35,2031,29,2386,38,1882,31,
2026-09-30,06:10:19.228,999,1351,19,920,12,603,9,1556,22,922,14,948,15,880,13,663,10,1169,17,709,10,769,12,878,13,357,5,503,7,508,8,609,10,
2026-09-30,06:10:20.229,1000,413,6,305,4,444,6,719,9,996,15,770,12,341,5,682,9,566,9,426,6,461,7,757,11,473,7,680,10,510,8,474,7,
2026-09-30,06:10:21.229,999,271,4,237,3,345,5,258,3,129,2,380,7,68,1,442,6,219,3,308,4,380,6,323,5,207,3,285,4,326,5,189,3,
2026-09-30,06:10:22.228,999,7588,105,6517,83,5794,102,6298,101,5810,85,7154,108,6949,104,8372,111,6481,91,6977,113,5073,93,7832,112,7490,114,6904,97,7396,110,7596,113,
2026-09-30,06:10:23.229,1000,846,12,903,12,590,8,1005,12,759,11,813,13,720,11,990,13,984,14,1008,14,487,7,757,11,935,15,924,13,433,7,552,8,
2026-09-30,06:10:24.229,999,1238,18,705,9,1204,17,1281,17,587,9,785,13,739,11,919,12,487,7,928,13,806,12,745,11,1004,16,787,11,1202,18,1194,18,
2026-09-30,06:10:25.229,999,720,10,1068,14,498,8,1026,16,892,13,1162,19,973,15,842,11,1103,16,988,15,559,10,645,9,640,9,794,11,656,10,623,9,
2026-09-30,06:10:26.228,999,151,2,472,6,465,6,677,8,602,10,196,3,402,6,593,8,1039,15,751,10,134,2,540,8,576,9,730,10,245,4,544,8,
2026-09-30,06:10:27.229,1000,335,5,474,6,229,3,266,3,344,5,387,6,196,3,143,2,318,5,176,2,420,6,488,7,148,2,104,1,136,2,264,4,
2026-09-30,06:10:28.229,999,214,3,283,4,239,3,388,4,85,1,268,4,204,3,168,2,362,5,205,3,389,6,340,5,308,4,197,2,314,5,272,4,
2026-09-30,06:10:29.228,999,232,3,371,5,537,7,467,5,459,7,550,9,201,3,605,8,412,6,362,5,353,5,510,7,220,3,410,5,270,4,223,3,
2026-09-30,06:10:30.229,1000,444,6,473,6,293,4,285,3,547,8,205,4,518,8,593,8,590,8,894,12,298,4,348,5,547,8,562,9,229,4,73,1,
2026-09-30,06:10:31.229,999,1337,20,1034,14,1000,14,885,11,799,12,480,7,818,12,981,13,911,13,1080,15,904,14,1035,15,617,10,1138,16,763,12,778,12,
2026-09-30,06:10:32.229,999,170,3,377,5,284,4,477,6,204,3,6,0,373,6,152,2,222,3,360,5,391,6,204,3,210,3,209,3,357,6,196,3,
2026-09-30,06:10:33.228,999,165,2,15,0,111,1,76,0,320,5,279,4,117,2,165,2,385,5,165,2,292,4,302,4,356,5,297,4,155,2,153,2,
2026-09-30,06:10:34.229,1000,860,12,883,11,850,13,1630,23,1080,17,756,11,772,11,1083,14,1206,17,755,11,1053,17,1158,17,794,12,1383,19,1249,19,1612,24,
2026-09-30,06:10:35.229,999,583,8,939,12,475,7,237,3,1065,16,673,10,483,7,668,9,812,12,1283,19,632,10,655,9,607,9,1188,16,333,5,634,9,
2026-09-30,06:10:36.229,999,507,7,253,3,356,5,449,6,674,10,347,5,179,3,302,4,361,5,334,5,462,7,330,5,404,6,378,5,518,8,545,8,
2026-09-30,06:10:37.229,1000,6900,97,5843,76,5514,96,5322,85,5360,79,6210,94,6539,97,6543,87,6263,89,6094,97,5777,103,6820,97,7117,108,6120,85,6993,104,6797,101,
2026-09-30,06:10:38.230,1000,1818,26,2392,31,2146,31,1920,26,2305,36,1883,32,1680,26,2059,27,1789,25,2166,31,1635,26,2097,32,2025,32,1500,22,2214,35,1867,28,
2026-09-30,06:10:39.230,999,588,8,482,6,533,7,525,6,262,4,261,4,198,3,300,4,236,3,234,3,433,6,239,3,171,2,277,3,233,4,360,5,
2026-09-30,06:10:40.229,999,1014,14,1336,17,1066,15,1746,23,920,14,926,15,1090,17,1057,14,704,10,1151,16,1013,15,1062,16,826,12,725,10,483,8,770,11,
2026-09-30,06:10:41.230,1000,285,4,225,3,291,4,118,1,131,2,207,3,80,1,231,3,118,2,76,1,17,0,234,3,145,2,120,1,152,2,163,2,
2026-09-30,06:10:42.230,999,64899,905,70463,891,51720,889,60611,965,65246,952,62087,919,64730,951,68208,884,64044,900,59311,948,51418,926,65057,910,61291,925,63916,887,64796,954,63216,934,
2026-09-30,06:10:43.230,999,88646,1257,100535,1308,85355,1228,97445,1307,75961,1300,86904,1330,84102,1269,92973,1224,91198,1281,96898,1339,85854,1310,79349,1263,74234,1296,89778,1302,82099,1266,84753,1273,
2026-09-30,06:10:44.230,1000,24258,344,26928,354,21365,342,22094,337,25049,379,22298,346,25019,384,28658,382,25650,368,26665,402,22359,380,26771,389,22015,342,24075,351,21904,340,21978,330,
2026-09-30,06:10:45.231,1000,26201,373,30493,398,24084,376,27561,399,24447,367,22533,364,22451,352,28495,379,25545,364,25431,379,23142,380,22930,331,22080,344,26034,384,20896,332,21678,324,
2026-09-30,06:10:46.231,999,4728,71,6016,80,5980,85,5465,73,3368,57,4386,71,4559,71,4942,66,6234,90,6622,90,5633,85,5284,86,4977,88,6142,90,5241,82,4630,70,
2026-09-30,06:10:47.231,999,3053,43,3745,49,2346,35,2873,40,4271,66,3177,52,2804,46,3933,53,2771,41,3165,44,3107,47,2637,39,2781,44,2132,33,2012,35,2481,38,
2026-09-30,06:10:48.231,1000,3112,44,4282,56,3072,47,2462,34,3737,55,3055,51,2914,48,3901,52,3768,53,3086,45,3206,51,3508,50,2322,35,2900,45,2691,45,2919,44,
2026-09-30,06:10:49.231,999,2325,36,2435,34,3729,53,3145,41,3193,47,2467,42,2652,45,3474,46,3050,47,3242,44,2726,41,3370,48,3681,58,3206,50,2907,50,3744,56,
2026-09-30,06:10:50.231,999,2039,29,2579,33,2359,35,3104,41,2443,38,1952,33,1961,32,3022,40,2628,37,2772,39,2174,33,2798,42,2084,34,2586,40,1630,27,2070,31,
2026-09-30,06:10:51.231,999,14834,207,17956,231,13199,188,16583,220,13492,199,10905,209,11317,205,14337,193,15025,212,15008,203,14511,218,14233,203,13481,207,12586,212,10734,206,14816,223,
2026-09-30,06:10:52.231,1000,18724,257,19206,243,15404,268,15344,246,17542,254,17146,255,15790,233,18358,241,17207,239,15774,253,14428,262,18481,261,17234,261,17966,251,17116,253,18168,270,
2026-09-30,06:10:53.231,999,1264,18,1073,14,1635,23,1307,17,1014,15,610,12,805,14,766,11,951,14,1347,18,871,13,1050,15,1120,17,1289,21,778,14,1361,21,
2026-09-30,06:10:54.231,999,1940,27,2204,28,1792,25,2190,29,2053,30,1501,25,1829,29,1488,23,2599,36,1697,23,2322,35,2993,43,1496,23,1840,27,1595,26,1902,32,
2026-09-30,06:10:55.231,1000,4699,67,5540,72,4867,82,4586,74,4642,68,5242,84,5053,78,5987,80,5678,82,4905,78,4350,77,5250,76,5050,77,5232,75,4508,70,4442,66,
2026-09-30,06:10:56.231,999,33811,475,39262,504,30373,487,33281,487,30054,472,31297,466,33307,487,34087,457,34698,478,31057,467,31502,525,33605,496,29627,471,33735,479,31021,468,30133,462,
2026-09-30,06:10:57.231,999,4582,67,5206,68,3982,57,4042,55,4248,67,4047,65,4322,70,4579,62,3123,45,3365,47,2864,44,3954,60,2971,48,3480,51,3473,56,3332,50,
2026-09-30,06:10:58.232,1000,2680,40,3203,44,2642,38,2649,37,3048,46,2221,36,2531,40,3379,45,2924,44,2607,37,3412,54,2759,41,3224,50,2514,37,2681,43,2467,37,
2026-09-30,06:10:59.232,1000,801,11,698,9,403,6,907,12,745,11,928,15,666,11,846,11,721,11,670,10,551,9,1821,26,902,14,696,11,807,14,953,14,
2026-09-30,06:11:00.232,999,917,13,1076,14,775,11,1060,14,1264,18,609,11,756,13,1283,17,855,12,648,9,791,12,889,13,1437,22,836,14,1133,21,1018,15,
2026-09-30,06:11:01.232,999,1072,15,1708,22,1061,15,1200,15,1068,18,1510,24,1589,26,1298,17,1775,25,2092,29,1297,19,1522,23,817,14,1131,16,1454,24,868,13,
2026-09-30,06:11:02.233,1000,2914,42,3566,47,2631,39,3184,44,2925,46,2895,44,3554,54,2707,36,2387,34,2854,40,3224,52,2881,44,2860,47,2922,42,3229,50,2436,37,
2026-09-30,06:11:03.232,999,2440,37,2206,30,3132,44,3126,41,2814,43,2705,43,2852,44,2392,33,3033,46,2833,38,2360,34,2666,39,2862,45,2797,41,2387,39,3252,49,
2026-09-30,06:11:04.232,999,2458,39,1869,27,2141,30,2370,31,1067,17,1672,28,1646,26,2053,27,1724,27,2055,28,1587,24,1595,24,2150,34,2166,32,2143,33,2230,33,
2026-09-30,06:11:05.232,999,6231,87,6293,81,5216,84,5953,90,5193,78,5352,81,5863,89,7582,100,6194,86,6184,95,4410,76,5034,75,5834,93,5225,74,5759,89,5869,88,
2026-09-30,06:11:06.232,1000,1627,23,2288,30,2009,29,2257,30,1839,29,1324,21,2059,32,2443,33,2392,34,1715,23,1906,29,1760,26,2030,35,2524,36,2137,33,2210,33,
2026-09-30,06:11:07.232,999,12076,168,12661,160,9941,173,9685,154,10439,151,10564,159,12586,187,12778,169,11418,161,11293,179,10299,183,12185,174,11673,180,11575,160,11593,174,12820,190,
2026-09-30,06:11:08.232,999,4063,58,5050,66,4694,66,4486,58,3787,61,3997,64,3508,55,4868,65,3729,53,3384,47,3624,56,3446,54,3883,64,4194,64,4379,71,3202,48,
2026-09-30,06:11:09.233,1000,627,9,846,11,724,10,718,9,267,4,457,8,758,13,607,8,1456,21,654,9,669,10,731,11,578,9,555,8,675,11,856,13,
2026-09-30,06:11:10.232,999,1022,16,1533,21,1723,25,1566,22,1844,27,2113,34,1521,24,2196,29,1620,25,1547,23,1455,24,1547,22,1508,23,894,14,1369,22,1542,23,
2026-09-30,06:11:11.232,999,1849,26,2264,29,2087,30,2376,31,1850,27,1296,25,1539,27,2106,28,1927,28,2058,28,1994,30,2386,34,2023,31,1992,32,1574,30,2340,35,
2026-09-30,06:11:12.232,999,574,8,859,11,370,5,803,10,748,11,484,8,496,8,612,9,923,13,655,9,457,7,717,10,996,15,641,9,372,6,567,10,
2026-09-30,06:11:13.233,1000,2831,39,3361,43,3252,51,3135,45,2608,38,2936,44,2671,41,3261,43,2994,43,2945,43,2451,40,2408,34,2899,44,3125,45,2639,40,2926,43,
2026-09-30,06:11:14.232,999,6472,91,6964,90,5666,86,7013,99,5498,82,4361,81,4611,81,5964,79,6246,88,7172,101,5598,88,5502,79,5570,85,5392,87,5304,96,5392,80,
2026-09-30,06:11:15.232,999,2562,37,2626,35,2315,38,1902,29,2085,30,2745,43,2237,35,2028,27,3110,46,2477,37,1747,29,2529,36,1720,26,1980,28,1440,22,1414,21,
2026-09-30,06:11:16.233,1000,1984,28,2297,30,1638,24,1676,23,1424,24,1331,21,1418,22,1434,19,1330,19,1751,24,1433,22,1918,31,1614,28,2069,29,1933,29,1757,26,
2026-09-30,06:11:17.232,999,1989,28,1963,25,2238,34,1638,22,2454,36,1536,26,1246,19,2409,34,1597,23,1476,21,1164,19,1380,20,1191,18,1355,20,1418,23,1412,23,
2026-09-30,06:11:18.232,999,223,3,725,9,165,2,504,6,554,8,556,9,426,7,682,9,410,6,369,5,559,9,639,9,560,8,546,8,298,5,283,4,
2026-09-30,06:11:19.233,1000,1476,22,1371,18,1764,25,1284,16,1392,20,791,13,1344,21,1434,19,877,12,1217,17,717,11,1214,17,1597,24,1391,20,1150,20,1041,15,
2026-09-30,06:11:20.232,999,287,4,862,11,430,6,569,7,409,6,223,4,412,7,611,8,448,6,360,5,356,5,220,3,482,7,292,4,383,7,408,6,
2026-09-30,06:11:21.232,999,210,3,13,0,94,1,295,3,268,4,275,5,246,4,227,3,265,4,239,3,395,6,285,4,80,1,285,4,66,1,88,1,
2026-09-30,06:11:22.233,1000,8257,114,7478,95,6792,121,6911,110,7668,112,7889,120,7255,109,8042,106,7159,100,7814,127,5726,106,8062,114,8279,125,8022,112,9039,136,8645,128,
2026-09-30,06:11:23.234,1000,491,7,786,10,740,10,454,5,639,9,313,5,686,11,768,10,550,8,520,7,775,12,766,11,424,6,495,6,434,7,225,3,
2026-09-30,06:11:24.233,999,411,6,316,4,245,3,328,3,356,5,362,6,570,9,164,2,453,6,293,4,501,7,297,4,151,2,321,4,534,8,92,1,
2026-09-30,06:11:25.233,999,2200,31,1455,19,1473,23,1855,26,1081,16,1422,22,1114,17,1599,21,1593,22,1906,28,1100,19,1559,23,1753,28,1536,21,1072,16,1797,27,
2026-09-30,06:11:26.234,1000,513,7,775,10,659,9,667,8,416,6,226,4,354,6,637,9,706,10,913,12,214,3,781,11,597,10,569,9,570,10,809,12,
2026-09-30,06:11:27.233,999,568,8,1069,14,806,11,507,6,624,9,309,5,759,13,752,10,531,7,877,12,639,10,834,12,461,7,644,9,656,11,341,5,
2026-09-30,06:11:28.233,999,421,6,167,2,164,2,480,6,399,6,330,6,172,3,539,7,445,6,298,4,588,9,563,8,194,3,106,1,273,5,346,5,
2026-09-30,06:11:29.234,1000,141,2,246,3,172,2,303,3,296,5,397,6,153,2,237,3,160,2,538,7,456,7,259,4,140,2,173,2,414,7,409,6,
2026-09-30,06:11:30.234,999,332,5,402,5,250,3,590,7,493,7,300,5,470,7,580,8,364,5,464,6,420,6,848,12,408,6,205,2,285,5,96,1,
2026-09-30,06:11:31.233,999,1611,23,3043,40,1778,27,2029,27,1817,28,1514,24,1782,27,2062,27,1976,29,2026,30,1917,31,1919,28,1669,26,2421,36,1893,30,1469,22,
2026-09-30,06:11:32.233,999,67852,959,81200,1056,61652,1046,69043,1081,73694,1082,70720,1054,75681,1118,78995,1041,75183,1070,69666,1100,61289,1085,77268,1087,73755,1118,76923,1079,72812,1084,74433,1100,
2026-09-30,06:11:33.234,1000,36452,506,38258,493,28824,471,31007,475,35324,513,32280,507,32865,511,39879,528,36693,516,34048,523,29296,505,34951,498,33478,514,34878,512,29799,472,34297,511,
2026-09-30,06:11:34.234,999,2973,43,4083,54,2988,42,3796,49,2944,43,2554,46,1932,34,4261,57,2980,42,3972,53,2862,42,2586,37,2729,42,3685,59,2471,45,3610,54,
2026-09-30,06:11:35.233,999,11964,170,13936,180,10692,171,13904,207,11590,171,10568,169,10291,161,12155,162,12344,176,11119,167,11587,193,9688,139,11438,177,12390,181,11737,186,11116,167,
2026-09-30,06:11:36.234,1000,2253,35,2467,34,2188,31,3332,44,2089,33,2410,41,2083,33,2687,36,2295,33,2876,39,2426,37,2171,33,2422,39,2870,43,2281,37,2357,35,
2026-09-30,06:11:37.234,999,14488,201,15616,199,13547,233,12535,197,13212,193,13352,202,13396,200,14934,197,13038,185,12010,190,11408,201,14551,207,13605,205,13961,197,14860,222,15673,231,
2026-09-30,06:11:38.234,999,12586,176,16989,218,13086,183,15118,199,12636,192,10660,191,10352,186,14389,189,13415,185,13066,179,13020,195,14207,197,12136,187,10855,178,10562,195,13505,202,
2026-09-30,06:11:39.233,999,1659,23,2175,28,1484,21,2104,27,1519,23,1576,27,1079,18,959,14,1443,22,1352,18,1665,25,1559,22,1338,21,1749,27,1344,24,1766,27,
2026-09-30,06:11:40.234,1000,3081,43,3267,42,2571,39,2583,35,1388,20,1393,25,1490,25,2104,28,2019,28,1950,28,2226,36,2911,42,2188,33,1829,29,2031,34,2359,35,
2026-09-30,06:11:41.234,999,2389,34,2135,28,1697,24,2419,32,1840,27,1552,27,1229,21,2228,30,1972,28,2036,28,1404,21,1519,22,1261,19,1271,19,1638,26,1469,22,
2026-09-30,06:11:42.233,999,604,9,935,13,778,11,552,7,818,12,1117,18,1083,18,1299,18,1006,15,799,11,1481,23,1167,17,866,13,674,10,853,14,1107,17,
2026-09-30,06:11:43.233,999,3270,50,3988,55,2860,45,3169,45,2904,43,3934,62,3864,59,3871,51,3384,51,3830,56,2862,47,4010,57,3247,50,3080,46,3082,48,3099,46,
2026-09-30,06:11:44.234,1000,848,12,1191,16,857,12,1805,25,1413,22,619,10,882,14,1258,17,933,14,947,13,1157,18,789,12,1049,16,1050,15,1105,18,809,12,
2026-09-30,06:11:45.234,999,3282,47,3948,52,3460,58,3604,56,3483,51,3423,55,3484,54,4876,65,3634,52,3117,49,2950,50,3118,44,3791,58,4014,57,2976,46,3264,49,
2026-09-30,06:11:46.233,999,1844,31,1619,24,2190,31,1630,21,1904,29,2128,33,2547,38,1881,25,1684,29,2148,29,1802,27,2253,33,1709,27,2147,31,1440,22,1555,23,
2026-09-30,06:11:47.234,1000,4666,67,4708,62,3381,57,4638,72,3365,50,3582,54,3322,50,3823,50,3556,50,3934,61,3093,54,3877,54,3709,56,3999,57,3774,58,4121,62,
2026-09-30,06:11:48.234,999,810,12,1631,22,1276,19,1308,18,1097,16,726,11,1460,22,1056,14,1791,26,1069,16,1314,22,1248,18,921,14,844,12,689,11,953,14,
2026-09-30,06:11:49.234,999,969,16,1084,17,859,12,1250,16,975,14,1064,17,1310,21,1969,26,1332,23,1841,25,1617,24,1065,15,1257,19,834,12,443,8,1287,19,
2026-09-30,06:11:50.233,999,1847,26,1317,18,784,11,1514,20,998,16,615,10,1091,17,902,12,908,14,1332,18,1278,19,1178,18,1219,20,1060,15,1020,16,844,12,
2026-09-30,06:11:51.234,1000,320,5,272,4,219,3,243,3,522,8,429,8,334,6,522,7,262,4,289,4,337,5,489,7,524,8,425,6,399,6,321,5,
2026-09-30,06:11:52.234,999,735,10,560,7,718,10,948,12,658,10,774,12,578,9,990,13,1164,16,824,11,897,14,560,8,1025,16,1339,19,1043,16,1094,17,
2026-09-30,06:11:53.234,999,8209,113,8045,103,6927,123,6766,110,7958,116,7795,117,7819,116,8688,115,7970,112,7449,121,6739,122,8543,121,8613,132,8300,116,8219,123,8018,119,
2026-09-30,06:11:54.234,1000,339,5,321,4,463,7,571,7,206,3,638,11,432,7,228,3,366,5,556,8,137,2,202,3,272,4,190,3,56,1,204,3,
2026-09-30,06:11:55.235,1000,1839,26,1432,19,1362,22,1117,17,1215,18,1149,18,1331,21,1509,20,1691,25,1301,20,1271,21,1328,19,1587,24,1356,19,1016,16,1079,16,
2026-09-30,06:11:56.235,999,1336,19,774,10,994,14,617,8,603,9,499,8,476,8,750,10,1041,15,804,11,801,12,763,12,401,6,462,7,700,12,733,11,
2026-09-30,06:11:57.234,999,506,8,444,6,370,5,265,3,542,8,369,7,227,4,456,6,416,6,568,8,273,4,727,10,404,6,442,6,288,5,727,11,
2026-09-30,06:11:58.235,1000,541,8,336,4,447,6,934,12,880,13,359,6,686,11,490,7,957,13,805,11,777,12,944,14,639,9,384,5,523,9,415,6,
2026-09-30,06:11:59.235,999,51083,716,58638,759,42592,736,47336,748,51818,757,51419,763,50857,750,55983,735,54523,768,49856,793,43983,785,56688,797,49161,744,52501,736,51394,763,51768,767,
2026-09-30,06:12:00.235,999,89548,1269,99415,1293,79203,1187,89883,1269,78621,1262,79233,1229,80212,1221,94073,1241,90407,1278,91193,1317,79602,1274,79478,1218,76758,1266,84294,1228,78784,1225,82265,1232,
2026-09-30,06:12:01.234,999,6048,94,7591,104,7227,102,7568,99,5632,85,4895,83,5105,81,6967,93,5923,90,7076,96,6558,98,6471,94,5863,91,6462,99,5800,96,5892,89,
2026-09-30,06:12:02.235,1000,6807,96,8893,114,8557,125,8578,117,7821,119,6891,119,5824,100,7255,97,6943,98,7741,108,7696,121,7988,119,7447,117,7884,123,6820,118,7965,120,
2026-09-30,06:12:03.235,999,9982,141,12128,157,10933,160,11320,152,9239,141,9158,153,8737,140,9457,128,10338,151,10130,140,9702,147,9453,138,8361,132,9797,146,8433,138,7934,120,
2026-09-30,06:12:04.235,999,5884,87,6707,90,6640,95,7173,94,6268,94,5363,94,6095,105,6687,89,5944,88,7537,102,5982,91,6831,99,5951,94,5741,93,5352,93,6118,91,
2026-09-30,06:12:05.235,1000,16819,236,18995,245,15102,251,15497,244,16800,247,15872,246,16495,255,20620,274,16699,237,17197,270,13686,241,16138,229,13174,203,17087,247,14194,222,15619,232,
2026-09-30,06:12:06.235,999,3680,59,3461,50,4339,62,4817,64,4075,63,4001,63,3505,56,4229,58,4285,64,4646,63,4416,66,5080,76,3908,62,4030,58,3541,56,3378,52,
2026-09-30,06:12:07.235,999,2655,39,2719,36,2667,39,2903,40,2911,43,2396,42,2353,38,3840,51,2569,39,3024,42,2971,46,2868,41,2339,36,2024,32,2165,37,2512,38,
2026-09-30,06:12:08.235,1000,19224,265,21228,268,16633,286,17169,269,17744,261,18348,276,18521,273,20866,274,18382,257,16663,263,14864,264,18951,274,17778,273,18755,262,19109,281,18768,278,
2026-09-30,06:12:09.236,1000,4373,66,3805,50,3613,52,4092,54,3680,55,2980,51,2848,47,3070,41,3925,60,3678,51,3546,53,3825,55,3206,49,3817,58,3275,53,4223,64,
2026-09-30,06:12:10.236,999,4838,71,4181,56,4225,62,4184,57,3330,50,3129,54,3223,53,5800,78,3820,56,4549,63,3722,57,3777,55,3553,55,3467,55,2604,44,2909,45,
2026-09-30,06:12:11.236,999,1555,22,1544,20,897,12,1029,13,1603,24,1069,20,1338,25,1595,21,1572,22,1415,19,768,11,922,13,1174,18,1077,16,702,13,1219,18,
2026-09-30,06:12:12.236,1000,1552,22,1692,22,1393,19,1610,20,1056,15,685,13,1047,19,1640,22,1327,20,1400,19,1409,21,1499,21,1260,19,1582,26,1226,23,960,14,
2026-09-30,06:12:13.236,999,2400,33,2158,27,1611,26,1747,25,1642,23,1965,30,1380,21,1832,24,1906,27,1581,24,1530,26,1851,26,2066,31,2027,28,2112,32,1588,23,
2026-09-30,06:12:14.236,999,1228,17,1771,24,1076,16,1405,20,1255,18,895,14,1543,24,1385,18,691,10,733,11,1203,20,1219,18,1129,17,1550,21,1413,22,1348,20,
2026-09-30,06:12:15.237,1000,2798,39,3098,40,2189,37,3224,52,2345,34,2548,40,2678,41,3296,44,3931,56,2778,45,2156,39,2605,37,2955,45,2488,35,1752,27,2382,35,
2026-09-30,06:12:16.237,1000,2274,32,2718,35,2221,32,2325,31,1784,27,2065,37,1721,29,1857,25,2063,30,1908,26,974,15,2500,36,1999,32,1576,24,1722,30,1935,29,
2026-09-30,06:12:17.237,999,480,7,239,3,652,9,655,8,419,6,521,9,175,3,543,7,486,7,311,4,599,9,279,4,468,7,489,8,408,7,352,5,
2026-09-30,06:12:18.237,999,1084,16,613,8,393,5,515,6,853,13,268,5,456,8,694,9,582,8,589,8,275,4,502,7,591,9,934,14,273,5,422,6,
2026-09-30,06:12:19.237,1000,1565,22,2258,29,1260,19,2122,29,1782,29,1759,29,1475,24,2263,30,894,13,1688,24,1326,20,1533,23,1681,27,1546,22,1859,30,1942,29,
2026-09-30,06:12:20.237,999,976,14,569,7,1198,17,1403,18,626,9,719,12,613,10,1029,14,669,9,1053,14,1010,15,1150,16,959,14,599,8,762,13,899,13,
2026-09-30,06:12:21.237,999,503,7,706,9,633,9,713,9,460,7,782,12,745,12,844,11,523,7,612,9,587,10,238,3,486,8,931,13,821,13,353,5,
2026-09-30,06:12:22.238,1000,1373,19,1207,15,529,7,756,9,1016,15,711,11,793,12,620,9,1100,15,1224,16,690,10,854,12,1028,15,1157,16,797,13,909,15,
2026-09-30,06:12:23.237,999,51511,734,60799,791,42918,741,50285,797,51164,753,51312,778,52728,784,60147,796,54829,780,50548,803,44636,797,56503,799,49639,756,52106,735,53935,809,51900,773,
2026-09-30,06:12:24.237,999,31429,441,32460,418,25637,420,28632,434,27258,403,24938,399,25256,399,29560,392,27650,393,27433,416,25606,431,28151,402,25114,387,27009,398,24910,399,27738,414,
2026-09-30,06:12:25.237,999,16031,227,16481,214,12944,207,15301,225,13438,198,12279,195,12309,195,14717,197,13722,196,13049,198,13913,230,13859,199,13712,211,13958,203,12084,193,12622,190,
2026-09-30,06:12:26.237,1000,5109,75,5375,72,5055,73,5099,69,4510,69,4271,72,4934,82,5939,79,5327,77,6182,86,4230,65,4283,64,4788,76,4077,62,4023,67,4001,60,
2026-09-30,06:12:27.237,999,2432,35,2804,37,2596,37,2666,35,2088,33,2586,43,1679,26,2424,32,2309,33,2150,30,2223,34,2411,37,1965,31,2250,33,2773,44,2511,37,
2026-09-30,06:12:28.237,999,2947,42,3307,44,2429,35,2394,32,2457,36,1955,36,2413,40,2292,31,1915,28,2060,29,2938,45,2078,30,2617,40,2149,35,2384,44,2750,41,
2026-09-30,06:12:29.238,1000,1619,24,2242,29,1478,21,2068,27,1762,26,1118,20,1174,21,2001,27,2256,34,2171,29,1921,29,2177,31,1701,26,1567,24,845,15,2044,31,
2026-09-30,06:12:30.237,999,3616,51,4561,58,4038,57,4467,58,3686,55,3393,53,3420,54,3326,51,3494,49,4013,54,3829,57,3940,56,2951,45,3197,46,3096,49,2354,41,
2026-09-30,06:12:31.237,999,2037,29,2203,29,2195,32,3185,42,1750,26,1707,27,1843,30,1530,21,1741,25,1346,19,1798,27,2452,35,2052,31,2396,35,1909,31,1611,25,
2026-09-30,06:12:32.238,1000,707,10,859,11,804,11,808,10,770,11,761,13,578,10,819,11,922,13,953,13,535,8,1094,16,640,10,776,12,1023,19,1257,19,
2026-09-30,06:12:33.237,999,2070,29,2257,29,1665,24,1678,23,1543,24,1523,26,1638,27,1645,23,1797,25,2283,31,1916,29,1767,26,1130,19,1253,19,1274,21,1531,24,
2026-09-30,06:12:34.237,999,2759,38,2498,32,2639,40,2389,34,2526,38,1838,30,1688,27,2648,36,1797,25,1582,23,1918,32,2255,32,1853,28,1811,27,2726,46,2356,36,
2026-09-30,06:12:35.237,999,2852,41,3168,42,2850,48,2926,46,3467,52,3267,52,2626,40,3802,51,3110,44,3350,51,2334,40,2435,35,3035,47,3303,48,2204,34,3302,49,
2026-09-30,06:12:36.238,1000,1285,19,986,13,714,10,1349,18,1367,21,675,12,1047,17,1251,17,1813,26,1489,20,1283,19,1454,21,1431,22,1592,23,642,10,960,14,
2026-09-30,06:12:37.237,999,1817,28,2189,31,2324,33,2357,31,1704,25,1989,30,1451,22,2015,28,1378,23,1905,26,1767,26,1483,21,1598,24,1501,20,1743,27,1869,29,
2026-09-30,06:12:38.237,999,13843,192,14622,185,12217,211,12102,192,12767,188,12429,189,13859,207,15213,200,12430,174,11229,179,10617,189,15159,218,13428,206,13483,189,13733,204,15116,224,
2026-09-30,06:12:39.238,1000,302,4,370,5,624,8,308,3,218,3,263,4,632,10,389,5,284,4,602,8,410,6,512,7,560,8,317,4,324,6,281,4,
2026-09-30,06:12:40.237,999,1096,15,1596,20,1088,16,1079,15,957,14,1195,19,997,15,999,13,711,10,1164,17,1221,20,1441,20,1553,24,865,12,1368,21,1276,19,
2026-09-30,06:12:41.237,999,626,10,645,9,460,6,738,9,541,8,393,7,662,11,973,13,762,11,765,10,689,10,513,8,687,11,670,9,872,15,938,14,
2026-09-30,06:12:42.237,999,848,13,1038,13,1414,19,1146,14,1292,19,728,12,829,14,972,13,489,7,611,8,349,5,493,7,1353,21,952,13,1128,19,928,14,
2026-09-30,06:12:43.238,1000,937,13,1440,18,1092,19,1226,18,727,10,1438,22,1091,17,1151,15,923,13,1118,17,1032,17,836,12,1394,21,1344,18,1361,20,1307,19,
2026-09-30,06:12:44.237,999,461,6,788,10,654,9,675,8,161,2,159,3,61,1,157,2,354,5,157,2,491,7,430,6,406,6,382,6,532,10,552,8,
2026-09-30,06:12:45.237,999,1878,28,2041,28,1784,30,2046,30,1259,18,1547,24,1772,26,1507,20,1373,19,1633,26,1101,19,1470,21,1134,17,2501,35,1468,22,1600,24,
2026-09-30,06:12:46.238,1000,461,7,590,8,293,4,347,4,373,6,424,7,636,11,665,9,711,10,644,9,398,6,670,11,348,5,355,5,305,5,407,6,
2026-09-30,06:12:47.237,999,1229,18,1837,24,1349,19,2146,28,1203,18,1753,27,1153,18,1401,20,2129,30,1241,17,1763,27,1718,25,1593,25,1871,27,1186,19,1437,24,
2026-09-30,06:12:48.237,999,1495,23,1246,16,1374,20,1684,23,1081,16,742,12,1135,18,1368,19,1202,19,1603,22,1443,21,1401,21,1227,19,1162,17,1206,19,1662,25,
2026-09-30,06:12:49.238,1000,1781,25,2244,30,2415,36,2467,33,2040,32,1862,30,2181,34,2259,30,2085,29,2820,40,1231,20,2089,32,2441,40,2443,37,1707,29,2233,34,
2026-09-30,06:12:50.238,999,1005,14,1582,20,2009,28,1385,18,1522,22,1310,20,1408,21,1377,22,2029,28,1471,20,1941,29,2432,35,1276,20,1277,18,1158,18,1110,20,
2026-09-30,06:12:51.237,999,10856,150,12783,163,10895,155,12684,168,10667,157,8604,172,8057,152,11954,159,12046,169,11409,153,10125,151,10973,156,10590,162,9486,165,8452,169,12126,180,
2026-09-30,06:12:52.237,999,7721,107,7555,96,5957,107,6707,109,6408,94,7062,107,7379,110,8883,118,7674,108,6652,109,6283,116,7590,108,7306,112,7046,98,7784,116,7765,115,
2026-09-30,06:12:53.238,1000,1025,15,680,9,660,9,949,12,299,5,929,15,1046,16,1378,19,1156,17,1337,18,946,14,919,14,1008,17,796,11,748,12,801,12,
2026-09-30,06:12:54.238,999,278,4,313,4,287,4,240,3,275,4,298,6,332,6,305,4,612,9,712,10,315,5,137,2,261,4,496,8,266,5,340,5,
2026-09-30,06:12:55.237,999,7397,106,6523,85,4685,73,6816,98,4379,65,5795,91,5909,90,7829,112,6962,99,6124,89,5507,89,6772,97,5800,89,6757,97,5340,81,4491,73,
2026-09-30,06:12:56.238,1000,724,11,440,6,649,9,661,9,609,9,744,13,745,13,819,11,668,10,931,13,802,12,472,7,621,10,898,13,616,10,785,12,
2026-09-30,06:12:57.238,999,837,12,685,9,598,9,290,4,653,10,802,13,995,17,583,8,1104,16,631,9,826,13,408,6,601,9,504,7,548,9,673,10,
2026-09-30,06:12:58.237,999,2585,37,2388,31,1948,28,1832,24,2337,34,1384,27,1405,26,2170,29,1773,25,2368,32,1521,23,2131,31,1567,24,1382,23,1453,27,2142,32,
2026-09-30,06:12:59.237,999,1438,21,1099,15,1000,14,1628,22,1911,28,1514,24,1838,29,1294,19,1835,27,1561,21,1910,29,1803,26,1696,26,1179,17,820,15,1523,24,
2026-09-30,06:13:00.238,1000,658,9,857,11,630,9,897,12,281,4,655,13,431,8,752,10,930,13,744,10,998,15,500,7,657,10,426,7,514,10,609,9,
2026-09-30,06:13:01.238,999,1113,16,985,13,1121,16,1725,23,1215,18,855,14,1035,17,1094,16,646,9,1098,15,616,9,713,10,287,4,510,7,388,6,998,16,
2026-09-30,06:13:02.237,999,1018,14,1875,24,1506,21,1909,25,1268,21,2049,31,1427,21,1437,19,1839,25,1119,15,1589,24,1423,23,1193,21,1418,20,1261,19,1597,25,
2026-09-30,06:13:03.238,1000,660,9,904,12,902,13,1300,17,868,13,856,14,795,12,719,11,1087,15,979,13,707,11,1191,17,605,9,843,12,755,12,834,13,
2026-09-30,06:13:04.238,999,1076,16,956,13,798,11,902,11,1113,18,771,12,724,11,1200,16,688,10,1039,14,733,11,782,12,1186,19,1668,24,751,12,845,13,
2026-09-30,06:13:05.237,999,5103,72,5589,72,5889,89,5942,82,5124,78,5526,82,5379,80,5949,84,5803,80,5388,77,4632,75,5576,82,5021,81,5599,79,5404,82,5181,84,
2026-09-30,06:13:06.238,1000,1363,19,1671,22,1545,23,1999,27,1439,26,1540,23,1573,24,2613,35,2059,29,1661,23,1240,19,1288,20,952,17,1619,23,1712,27,1337,20,
2026-09-30,06:13:07.238,999,1473,21,1442,19,1218,18,1295,18,1177,18,1424,22,1229,19,1691,24,1786,25,2053,29,1818,29,1679,25,1628,27,1744,25,1614,25,1529,24,
2026-09-30,06:13:08.238,999,9282,129,9148,117,7687,132,8619,135,7952,120,8511,130,8109,121,9748,130,9513,133,9469,149,7869,140,9539,136,8606,134,7652,108,8860,132,10022,150,
2026-09-30,06:13:09.237,999,70,1,150,2,289,4,164,2,419,6,349,6,179,3,153,2,319,5,231,3,275,4,280,4,281,4,141,2,354,6,460,7,
2026-09-30,06:13:10.238,1000,2865,42,2376,32,2971,44,3267,45,1947,30,1931,31,2145,35,2459,33,3162,45,2889,39,3187,48,2489,36,3339,51,3161,46,2564,41,2873,43,
2026-09-30,06:13:11.238,999,477,7,548,7,287,4,192,2,279,4,288,5,135,2,9,0,219,3,304,4,348,5,501,7,289,4,316,5,302,6,136,2,
2026-09-30,06:13:12.238,999,222,3,243,3,311,4,653,8,294,4,234,4,336,6,217,3,441,6,229,3,148,2,475,7,409,6,157,2,121,2,121,2,
2026-09-30,06:13:13.238,1000,91186,1284,99841,1293,72873,1238,83468,1312,89717,1318,83220,1270,90488,1362,99373,1313,92239,1315,86592,1369,74110,1306,92911,1311,85326,1300,89262,1274,83679,1270,87818,1306,
2026-09-30,06:13:14.238,999,4776,68,6312,82,5188,75,4558,61,3818,60,4118,72,3871,67,3949,53,3664,53,6031,84,4218,65,4087,60,4002,63,3741,60,3640,63,4876,75,
2026-09-30,06:13:15.238,999,53929,757,58251,749,43172,729,48925,762,54847,804,49715,753,50092,751,57929,763,50033,708,46673,738,43579,774,52088,738,46155,700,50726,718,45869,693,50249,743,
2026-09-30,06:13:16.238,1000,10386,158,12600,173,10702,161,11894,165,11524,177,10538,171,10629,169,11829,158,12986,191,13562,190,12365,192,13343,194,9223,144,11546,171,11561,183,10362,157,
2026-09-30,06:13:17.238,999,22112,312,24467,315,20419,346,22393,348,25353,373,24609,385,21675,331,24449,324,21204,299,21563,339,18089,319,23199,331,20213,309,23457,343,18221,287,21168,315,
2026-09-30,06:13:18.238,999,5483,79,6587,85,5117,73,5392,72,5013,74,4741,78,5608,90,5237,77,5686,81,6776,92,5158,76,6005,87,4858,76,4652,69,4565,74,4576,77,
2026-09-30,06:13:19.237,999,3421,51,3690,50,3193,48,3616,51,4236,62,3753,58,3006,46,3628,50,3767,59,4507,65,4280,69,4780,68,3351,51,3569,52,2447,39,3484,53,
2026-09-30,06:13:20.238,1000,5676,79,6933,89,5986,86,5694,76,4447,65,3315,61,3483,63,5562,73,4648,66,5931,82,4877,73,4375,62,4759,73,4468,73,3115,58,4944,73,
2026-09-30,06:13:21.238,999,7913,112,7562,99,7664,112,7864,105,7004,108,6207,101,7507,119,6041,82,6713,96,6781,95,5654,87,5985,90,6063,95,7261,109,6258,103,6394,96,
2026-09-30,06:13:22.238,999,2003,30,3234,43,2671,42,2403,33,3041,45,2166,37,2987,48,2903,40,2811,42,2786,41,2750,44,2459,35,2293,35,3266,47,3131,49,2731,42,
2026-09-30,06:13:23.238,1000,18468,254,17683,224,15536,272,15749,251,16346,236,15331,230,16096,238,17907,235,17405,242,14774,237,12873,234,17815,249,15392,232,17560,244,16785,247,17812,262,
2026-09-30,06:13:24.238,999,2285,32,1964,25,2000,28,1944,25,1287,19,1522,26,1209,20,1386,19,1413,20,1489,20,1494,22,1548,22,1693,26,1411,22,1386,24,1630,25,
2026-09-30,06:13:25.238,999,10742,148,11883,152,8654,149,10011,160,9397,137,10673,165,9845,150,10334,139,10981,154,9921,160,8929,160,9382,134,9271,141,11216,158,8132,123,9046,135,
2026-09-30,06:13:26.238,1000,2844,40,4244,56,3399,49,3305,42,2276,37,2783,44,2469,39,3597,48,3724,53,3551,49,3473,52,3082,47,2911,46,3220,46,3177,49,3404,51,
2026-09-30,06:13:27.238,999,1497,22,1390,18,1322,19,1096,14,824,12,964,16,1028,17,1093,15,631,9,1027,14,1000,15,1007,14,1247,19,672,10,836,14,1192,18,
2026-09-30,06:13:28.238,999,1409,21,1864,25,1239,17,1484,19,1085,16,1338,24,1236,22,1342,18,1082,16,1253,17,1789,27,1324,19,1805,27,1309,19,1257,21,1633,25,
2026-09-30,06:13:29.238,1000,1839,26,1935,25,1590,23,1870,26,1660,25,1802,30,2024,32,2479,33,1601,22,1423,20,2048,32,2017,30,1168,19,1792,26,1866,30,1206,18,
2026-09-30,06:13:30.239,1000,575,8,782,10,311,4,438,5,546,8,289,5,435,7,770,11,563,8,746,10,210,3,364,5,481,7,460,7,300,6,513,8,
2026-09-30,06:13:31.239,999,546,8,327,4,727,10,789,10,687,10,307,5,361,6,587,8,722,10,730,10,212,3,475,7,791,12,686,10,781,14,478,7,
2026-09-30,06:13:32.239,999,1351,21,1457,21,1210,17,1140,14,1281,19,1184,19,932,14,1447,19,1486,24,1214,16,1559,23,1783,25,992,15,1390,20,1084,17,664,10,
2026-09-30,06:13:33.239,1000,1085,15,1061,14,1015,14,1227,16,808,13,902,15,1006,16,1339,18,915,13,1364,18,1212,18,949,15,970,17,1131,16,762,12,1205,18,
2026-09-30,06:13:34.239,999,89915,1263,97245,1260,81861,1247,90941,1284,81787,1309,91277,1366,88603,1309,99281,1297,94623,1328,92623,1340,88322,1412,87079,1318,73961,1210,88686,1256,87953,1319,86818,1286,
2026-09-30,06:13:35.239,999,45399,638,53665,696,42594,657,47437,684,45346,712,45189,717,46892,731,52387,695,49346,699,50186,733,42572,687,42804,645,38043,621,42901,632,39092,618,43842,657,
2026-09-30,06:13:36.239,1000,4682,71,5523,76,5236,77,5650,77,5275,81,5023,81,5286,83,6763,90,4748,71,8109,112,6116,94,5412,82,5246,84,6455,95,6619,104,5383,81,
2026-09-30,06:13:37.239,999,16622,235,16654,217,13368,208,15361,221,14394,216,15067,248,13125,212,17705,235,14821,209,14741,220,14099,232,15885,228,13849,213,14144,217,13155,220,16498,247,
2026-09-30,06:13:38.239,999,29592,415,32439,417,26572,428,28142,420,27757,417,26905,413,26292,397,30217,401,28496,401,26266,396,23066,389,28026,410,25277,391,29141,414,27033,412,28975,431,
2026-09-30,06:13:39.240,1000,27168,400,30036,399,24141,389,29232,442,29798,439,28538,440,24885,379,32570,432,29302,427,29537,451,24931,421,29767,420,25834,396,30159,430,27465,419,27579,413,
2026-09-30,06:13:40.239,999,5339,75,5792,75,4625,66,5245,69,3202,49,3922,70,4037,68,4394,60,4434,63,4625,63,4853,72,3585,53,4390,70,4128,67,3490,62,5121,78,
2026-09-30,06:13:41.239,999,3077,47,2895,40,2882,42,2898,40,2681,40,2226,35,2310,37,3167,43,2361,36,2602,37,2439,38,2300,33,2263,35,1970,30,2285,37,1932,31,
2026-09-30,06:13:42.239,999,3475,49,3055,39,3284,47,3537,47,2969,44,2669,43,2353,38,2546,38,2878,40,3770,51,2628,39,3865,55,2358,36,2698,40,2388,39,2333,40,
2026-09-30,06:13:43.239,1000,6498,93,6491,85,5410,85,5851,83,4468,67,4954,78,4996,77,6029,82,6322,89,4639,65,4597,73,5043,72,5002,76,5115,74,5896,93,5057,77,
2026-09-30,06:13:44.239,999,6135,90,6388,85,5633,80,5546,73,5230,77,4737,74,5129,78,4759,71,6498,96,7046,95,5738,87,4887,70,5761,89,6187,91,5860,92,5787,98,
2026-09-30,06:13:45.239,999,10428,148,11905,154,8865,150,11157,173,11269,165,10866,171,11172,171,12108,161,9494,135,10374,162,8312,144,10057,143,9714,149,11277,163,9005,140,9612,144,
2026-09-30,06:13:46.240,1000,2436,37,2729,37,2188,32,3574,48,3672,55,2676,45,3881,64,3203,44,3537,51,4508,63,2753,43,3205,46,3168,48,2790,41,2670,46,2505,39,
2026-09-30,06:13:47.239,999,1681,25,2243,29,1496,22,1628,22,1886,28,1871,32,1429,23,1987,27,1378,20,1402,19,1678,25,1512,21,1120,17,1467,23,676,12,1099,17,
2026-09-30,06:13:48.239,999,2491,35,2887,37,2258,33,2162,30,2015,30,1388,25,1972,34,2287,31,1815,26,2354,33,2055,32,1831,27,1898,29,1685,27,1963,34,2162,33,
2026-09-30,06:13:49.239,999,3088,46,3260,43,2469,35,2802,37,3159,47,2798,45,2660,42,3182,44,3008,44,2451,33,2237,34,3320,48,2315,36,2236,33,1933,32,2716,42,
2026-09-30,06:13:50.240,1000,2997,42,3235,42,2772,39,2578,34,2270,34,1932,37,2093,37,2465,33,2319,33,1713,23,1690,25,2511,37,2863,45,1795,30,1834,35,2216,33,
2026-09-30,06:13:51.239,999,1337,19,2336,31,1831,29,1870,28,1995,29,945,15,1263,20,1672,22,1447,21,1892,28,1651,27,1957,28,1959,30,1521,23,1951,32,1537,23,
2026-09-30,06:13:52.239,999,885,13,1250,18,1211,18,1225,17,1167,18,1291,20,1625,26,1912,26,1416,21,1715,24,1390,22,1194,19,1542,25,1220,18,1036,16,1227,19,
2026-09-30,06:13:53.240,1000,16300,224,15419,195,11822,207,12261,196,13673,199,14429,216,13356,196,16336,216,14511,202,11995,194,11490,207,15043,215,13693,208,13371,184,13881,206,14315,211,
2026-09-30,06:13:54.239,999,1439,20,1661,21,1236,18,1511,20,709,11,599,11,984,17,946,13,1374,19,525,7,997,15,1258,18,1241,19,1168,18,1030,17,979,15,
2026-09-30,06:13:55.239,999,2283,32,2297,30,1871,31,2008,31,3031,44,1934,31,2330,36,2730,36,2955,42,3337,52,1793,31,1941,28,2757,42,2809,41,1371,22,1612,24,
2026-09-30,06:13:56.239,999,92265,1310,105452,1374,76959,1258,89197,1351,92855,1404,88010,1350,87012,1316,104562,1393,97985,1384,92390,1405,81397,1382,93724,1351,82129,1280,91333,1316,85771,1317,88027,1327,
2026-09-30,06:13:57.240,1000,30869,447,35766,462,26157,421,29852,442,30721,461,30905,480,28665,439,32858,436,28986,419,30179,451,26578,445,31979,459,25548,393,28635,411,29447,450,27780,414,
2026-09-30,06:13:58.239,999,41823,600,45324,596,38933,593,41860,599,43474,643,42618,696,39068,630,48199,643,44239,632,46293,667,42006,674,50310,726,39939,625,39235,595,38800,633,39179,592,
2026-09-30,06:13:59.239,999,172503,2447,191969,2490,167706,2446,181457,2462,170512,2591,151129,2595,158319,2641,188704,2546,182173,2585,184019,2545,174955,2663,178943,2602,161105,2523,156955,2469,143645,2477,166079,2517,
2026-09-30,06:14:00.239,999,61092,864,69611,905,66591,953,70520,942,61257,992,61264,982,63126,980,74251,982,68117,964,70555,965,67358,1011,60384,926,53468,885,63951,949,54576,869,57819,869,
2026-09-30,06:14:01.240,1000,5390,77,5973,79,4448,65,5936,80,5366,80,4015,70,5081,85,5891,80,4369,62,5767,80,4162,63,4959,70,5686,87,5008,78,4769,82,4699,72,
2026-09-30,06:14:02.239,999,13160,203,13818,191,14461,205,13908,184,14510,218,14409,218,11442,173,13511,190,13273,202,13933,189,13100,196,14423,208,12789,198,13066,188,12375,193,12011,197,
2026-09-30,06:14:03.239,999,5868,82,6033,78,4546,65,5422,72,4163,61,3655,68,3064,54,3666,50,5684,82,4464,60,4522,68,5542,79,3970,61,3960,65,3349,63,4836,74,
2026-09-30,06:14:04.240,1000,3066,43,2902,37,3576,51,3437,45,2887,45,2103,37,2693,45,3102,42,3216,46,3388,46,2579,39,3282,48,3331,54,3138,51,2379,43,3052,46,
2026-09-30,06:14:05.240,999,28669,398,29906,383,22388,380,24507,382,26376,388,28278,437,26055,397,29080,388,28066,395,25074,392,22584,394,24981,358,23331,358,26137,373,25242,389,23756,355,
2026-09-30,06:14:06.239,999,18853,265,21556,277,18174,258,19907,264,17029,249,12541,228,13972,246,16655,227,18231,257,18328,246,14257,212,19121,272,18391,281,16972,281,15575,296,17753,270,
2026-09-30,06:14:07.239,999,5535,81,6258,85,4862,73,5137,72,4938,75,5216,85,5181,84,6502,87,4357,68,5651,79,5705,88,5869,84,4346,67,3549,54,4099,69,4672,70,
2026-09-30,06:14:08.240,1000,30348,418,32870,416,24953,417,27011,416,27536,411,27906,419,27506,407,33067,436,28935,402,26471,407,22792,396,29545,424,25440,389,29218,408,28780,428,27635,409,
2026-09-30,06:14:09.240,999,5372,75,5132,66,4936,70,5215,68,4976,73,3657,68,3598,63,5676,77,5069,72,5411,73,4824,73,4304,61,4828,74,3848,64,3575,67,4358,66,
2026-09-30,06:14:10.239,999,5294,75,6710,87,5355,76,5339,71,3436,52,3421,61,3598,61,4813,66,4473,63,5487,74,4509,67,4194,61,3592,57,3892,63,4224,78,4332,67,
2026-09-30,06:14:11.239,999,4133,59,4184,54,4268,61,3881,50,3313,51,3240,54,3497,58,3683,49,4014,58,3665,51,3057,46,3423,48,3215,49,3112,46,3645,59,2838,43,
2026-09-30,06:14:12.240,1000,2720,38,3407,44,3063,45,2639,36,2503,38,3310,55,2929,46,2899,39,3211,45,3153,44,2683,42,3243,48,2974,47,2557,39,2172,37,2614,40,
2026-09-30,06:14:13.240,999,4481,61,3857,49,3053,49,3241,47,1841,27,2353,36,1914,30,2520,32,2525,35,2084,32,2802,47,2193,31,3049,46,2956,44,3202,51,2569,38,
2026-09-30,06:14:14.239,999,1813,27,1751,23,2064,29,1508,19,1250,19,1022,17,1288,21,1610,22,1821,27,1198,16,1201,18,2364,33,1458,22,2272,35,1364,23,1480,23,
2026-09-30,06:14:15.240,1000,4769,66,4221,54,3611,62,4582,73,4484,65,4721,75,3857,60,4735,63,3645,52,4269,67,3214,57,4523,65,3878,59,2980,42,2562,38,3089,46,
2026-09-30,06:14:16.240,999,1189,17,1427,19,926,13,1362,18,1079,16,1199,21,1753,30,1125,15,1914,27,1787,24,1482,22,1809,26,1416,21,862,13,1015,18,1354,20,
2026-09-30,06:14:17.239,999,1122,17,1214,16,1082,15,1496,19,1597,23,1153,19,1213,19,1561,21,1108,18,749,10,1203,18,1330,19,876,13,1080,16,1058,18,822,12,
2026-09-30,06:14:18.239,999,1921,27,2308,30,2055,32,2377,34,2632,38,1468,25,1956,33,2269,30,2101,30,1509,21,2178,34,2040,29,2062,31,1955,30,1893,33,2108,31,
2026-09-30,06:14:19.240,1000,397,6,723,10,798,11,983,12,958,14,470,9,872,14,676,9,403,6,599,8,484,7,431,6,91,1,621,9,353,7,663,10,
2026-09-30,06:14:20.240,999,1809,29,2330,33,2128,30,2241,29,2162,32,2177,33,2445,37,2477,34,1415,23,2553,35,2551,39,1891,27,1719,26,2166,31,1997,32,2043,31,
2026-09-30,06:14:21.239,999,216,3,291,4,364,5,616,8,401,6,483,9,383,7,605,8,840,12,307,4,402,6,623,9,800,12,386,6,275,5,410,6,
2026-09-30,06:14:22.239,999,1243,21,1577,24,1472,21,1796,23,1422,21,1211,19,2115,32,2248,30,1681,26,1912,26,1627,24,1892,27,1195,18,1813,25,1561,24,1730,26,
2026-09-30,06:14:23.240,1000,8432,117,9824,125,7093,125,8162,131,8915,130,7641,116,9040,135,9033,120,10013,141,7839,128,6735,123,8711,123,9029,138,8359,117,9255,137,9461,140,
2026-09-30,06:14:24.240,999,738,11,1299,17,895,14,899,12,770,11,1065,16,1330,20,1500,20,873,13,1488,22,836,14,1060,15,1466,22,1276,18,998,15,1496,22,
2026-09-30,06:14:25.239,999,1487,21,1571,20,1282,21,1616,24,1767,26,1555,24,2085,33,2324,31,1718,24,2060,31,1241,22,1731,25,1442,22,1481,21,1161,19,1684,25,
2026-09-30,06:14:26.240,1000,117264,1645,135023,1747,101872,1708,112515,1742,113075,1654,113901,1740,115488,1730,124896,1641,118831,1684,111167,1739,98494,1721,125999,1780,108264,1642,117884,1667,114279,1716,111287,1646,
2026-09-30,06:14:27.240,999,9816,164,11331,164,11998,175,11741,157,12612,187,12682,203,11005,174,13617,182,10826,180,13157,178,11702,176,11568,165,8632,133,9866,145,11061,172,9706,146,
2026-09-30,06:14:28.240,999,10189,147,11129,149,10580,159,12451,173,10033,151,10179,164,10907,173,11024,148,10458,152,10815,153,11609,181,10299,149,9419,148,10243,152,8720,140,8630,131,
2026-09-30,06:14:29.239,999,1810,28,2088,28,2165,31,1874,25,1219,19,1589,27,1902,31,2462,33,2631,40,3177,43,2198,33,2271,34,1531,25,1972,29,1403,22,1894,28,
2026-09-30,06:14:30.240,1000,7272,107,7862,106,6067,89,6819,94,6695,98,5926,104,5310,89,7007,94,6959,103,6912,96,6381,97,7028,100,4724,73,5962,94,5865,101,5122,77,
2026-09-30,06:14:31.240,999,3847,63,3633,53,4682,66,5110,67,3617,53,3128,50,2953,46,3856,51,3118,52,3280,45,3173,48,4324,61,4321,66,3012,45,3424,55,4219,63,
2026-09-30,06:14:32.239,999,1728,28,2315,32,2420,34,1971,25,1712,26,1909,31,2464,39,2119,28,2091,32,1683,23,1984,30,1742,25,2108,33,2392,35,1837,29,2153,33,
2026-09-30,06:14:33.240,1000,1428,20,1665,22,1465,21,1563,20,1721,25,1405,25,1409,24,2083,28,1598,23,2013,27,1508,23,2110,30,1704,26,1164,17,1278,22,1204,18,
2026-09-30,06:14:34.240,999,1089,15,1178,15,741,10,894,11,1437,21,651,12,668,12,1050,14,1062,15,971,13,1090,16,854,12,1254,19,626,10,969,19,1332,20,
2026-09-30,06:14:35.240,999,10434,144,10564,135,7518,130,8593,138,8889,130,8656,134,8280,124,10926,145,8585,120,8509,137,7546,135,8551,121,7951,122,9242,132,9158,139,8227,122,
2026-09-30,06:14:36.239,999,2739,39,2316,31,2543,37,2622,35,2098,31,1718,30,2468,41,3092,43,2638,38,2975,42,2164,33,2234,32,2537,40,2887,43,2131,36,2213,34,
2026-09-30,06:14:37.240,1000,1284,18,2192,28,2021,30,2206,30,1991,30,2497,43,2000,32,2138,29,2079,29,2380,33,1730,27,2493,37,1843,29,1646,27,1553,28,1738,26,
2026-09-30,06:14:38.240,999,17262,239,18235,232,14936,252,15314,237,15970,240,16973,257,16079,238,18906,250,16649,232,15626,244,13329,235,17429,253,15949,247,16268,229,18256,273,17773,265,
2026-09-30,06:14:39.240,999,2263,32,2737,36,1925,27,3700,48,2626,38,1855,30,2720,43,2177,30,1736,25,2415,33,2413,36,2508,36,2199,34,1812,27,1874,30,2485,40,
2026-09-30,06:14:40.240,1000,1924,27,2741,36,2234,31,1787,23,1790,27,1708,28,1995,33,2341,33,2037,29,2002,27,1946,29,1843,27,1551,25,2089,31,1673,27,1378,21,
2026-09-30,06:14:41.240,999,944,13,396,5,463,6,1164,15,548,8,371,7,234,4,672,9,506,7,528,7,486,7,551,8,544,8,795,12,488,9,891,13,
2026-09-30,06:14:42.240,999,507,7,229,3,233,3,338,4,674,10,478,8,236,4,311,4,566,8,486,7,213,3,220,3,525,8,402,5,263,4,458,7,
2026-09-30,06:14:43.240,1000,2115,29,1977,25,1610,27,1489,22,1145,17,1408,21,1053,16,2192,29,1703,24,2165,33,1504,25,1413,21,1704,27,2035,28,2160,32,1375,20,
2026-09-30,06:14:44.240,999,1243,19,1724,24,1448,20,2022,25,1193,17,932,15,935,15,1842,24,1014,16,1045,14,1472,22,1344,19,1313,19,1872,26,1356,21,1098,16,
2026-09-30,06:14:45.240,999,2735,42,3017,41,2321,37,3320,48,2719,40,2485,38,2486,37,2635,35,2308,34,2233,33,1983,32,2314,33,1726,26,2320,32,2400,38,2376,35,
2026-09-30,06:14:46.240,999,1001,15,458,6,508,7,647,8,879,13,641,12,998,18,1131,15,720,10,1209,16,1164,17,647,9,274,4,681,10,682,12,744,11,
2026-09-30,06:14:47.240,1000,362,6,583,8,463,6,373,4,422,6,458,7,339,5,624,8,435,7,216,3,410,6,554,8,214,3,195,2,192,3,349,5,
2026-09-30,06:14:48.240,999,1475,21,1532,20,1647,24,1594,21,1080,16,1287,21,686,11,1499,22,1331,19,1183,16,1519,23,1365,20,898,14,995,14,905,14,915,15,
2026-09-30,06:14:49.240,999,624,9,449,6,590,8,411,5,418,6,363,6,706,11,458,6,357,5,217,3,150,2,372,5,399,6,230,3,791,13,531,8,
2026-09-30,06:14:50.241,1000,1436,21,2357,31,2116,30,2426,32,2093,31,2261,34,2011,31,1978,28,2498,36,2778,38,2397,37,2501,36,1254,19,2301,33,2002,31,1672,27,
2026-09-30,06:14:51.241,1000,555,8,722,10,980,14,522,6,783,12,492,8,719,11,577,8,705,11,656,9,530,8,496,7,288,4,690,10,622,10,597,9,
2026-09-30,06:14:52.241,999,71431,1002,84750,1090,62622,1037,67056,1016,70459,1027,65590,1023,64375,985,77602,1020,72256,1021,69015,1061,59310,1026,75273,1058,67947,1026,71693,1034,70143,1081,70225,1039,
2026-09-30,06:14:53.241,999,35885,493,38724,491,28338,480,33529,520,31905,467,28938,454,30940,478,36840,488,35837,502,33549,521,28925,506,32501,460,32725,497,34703,500,32341,503,33081,490,
2026-09-30,06:14:54.241,1000,12322,189,12404,173,11752,186,13120,195,11060,164,11784,183,11994,183,12741,169,11092,173,13100,196,12243,207,12867,185,11528,176,12254,177,11499,175,13610,203,
2026-09-30,06:14:55.241,999,15363,214,17153,221,14640,234,17277,257,13994,208,15366,243,13776,217,17590,234,14363,204,16219,244,12095,202,13272,189,13640,212,14886,219,13623,216,13820,207,
2026-09-30,06:14:56.241,999,4113,66,4671,65,5199,75,6645,89,4857,72,4581,76,4539,75,5571,74,4703,74,5856,80,4816,72,5857,83,4038,62,5498,87,4581,78,4057,61,
2026-09-30,06:14:57.241,999,2342,34,3018,39,2311,35,2347,34,2907,43,2833,47,2213,36,3058,41,2237,31,2049,29,2265,35,1829,26,1660,26,1968,30,1803,30,1893,29,
2026-09-30,06:14:58.241,1000,2522,36,2998,39,2615,40,3064,43,2448,35,2604,43,2553,40,3052,42,3369,48,2770,39,2015,32,3050,43,2010,31,3272,49,2329,38,2935,46,
2026-09-30,06:14:59.241,999,1021,17,1671,24,975,14,1376,18,1579,23,978,16,1160,19,1537,21,1562,26,1619,22,1579,24,2047,29,1428,22,1435,22,1582,26,1115,17,
2026-09-30,06:15:00.241,999,2253,32,2449,32,2216,32,2429,32,1871,30,1794,32,1171,20,1902,25,1978,28,2397,33,1820,28,1838,27,1610,26,1457,23,1313,22,1735,26,
2026-09-30,06:15:01.242,1000,1935,28,2167,28,1662,25,1776,25,1436,22,1638,27,1089,17,2204,29,2493,35,1421,20,1669,27,2004,30,1369,22,2131,31,1587,26,1593,24,
2026-09-30,06:15:02.241,999,49628,695,52708,677,50978,715,54086,708,43577,654,38631,695,37769,669,50368,665,48717,678,50445,685,45151,672,48323,689,43791,678,43286,710,35756,667,44528,665,
2026-09-30,06:15:03.241,999,3702,58,4166,58,3474,49,3259,43,2521,37,2803,45,2732,43,2654,37,2778,44,2906,39,2813,41,3141,44,3670,55,2390,36,2945,47,3720,57,
2026-09-30,06:15:04.242,1000,3293,47,4345,57,3477,50,3964,52,3594,55,3283,56,2409,41,3495,47,4386,64,4202,58,3770,58,4731,69,3110,49,3369,52,3507,60,2905,45,
2026-09-30,06:15:05.242,1000,9285,129,9103,117,7832,127,9026,136,9351,141,7427,117,8046,124,10982,146,9122,127,8369,128,6787,115,8566,124,7257,115,8609,125,7645,122,7048,105,
2026-09-30,06:15:06.242,999,6565,97,7901,106,6244,92,7703,103,6490,98,5159,84,5654,89,6798,95,5923,86,5818,80,6670,102,6416,92,6103,94,7730,114,6013,99,6294,97,
2026-09-30,06:15:07.242,999,1755,25,2889,37,1782,28,2415,34,2300,35,2278,36,2483,39,2613,35,2554,36,2910,41,2652,42,1929,28,1947,32,1993,29,2137,34,1930,29,
2026-09-30,06:15:08.243,1000,18259,255,20789,268,16009,270,16667,259,16097,243,16701,255,15230,228,19379,255,18555,261,16526,257,15277,265,17365,254,17784,278,18094,256,17592,265,18565,276,
2026-09-30,06:15:09.242,999,2250,33,1884,26,1711,26,1864,27,1799,26,2093,33,1197,18,1681,23,2317,34,1593,23,1462,23,1564,22,1872,28,1885,27,1732,28,1626,25,
2026-09-30,06:15:10.242,999,3167,49,3753,52,3310,49,3737,50,3836,58,3064,49,3087,49,3770,50,3535,54,3358,47,2565,40,3946,55,3019,48,3799,56,3325,51,3469,52,
2026-09-30,06:15:11.242,999,1459,21,2034,27,1916,30,1095,16,1846,27,1923,31,2112,33,1430,19,1847,26,1951,30,1962,33,1922,27,2077,32,2015,29,1540,24,1965,30,
2026-09-30,06:15:12.242,1000,2431,36,1763,23,1654,24,2337,31,2073,31,1862,32,1660,27,2342,32,1700,24,1995,27,2192,33,1504,21,1614,25,1619,25,1624,29,2157,32,
2026-09-30,06:15:13.242,999,1719,24,1668,21,1687,28,1753,26,1439,21,1827,26,1748,27,2062,27,1723,24,1811,28,1764,30,1912,27,1653,25,1849,26,1974,30,1452,21,
2026-09-30,06:15:14.242,999,1161,18,1069,15,1461,22,1471,20,1232,18,1526,25,1700,26,922,12,668,10,1398,19,1035,16,1216,17,1454,22,980,14,966,16,1001,15,
2026-09-30,06:15:15.243,1000,3650,51,2302,29,2978,50,2895,45,3358,49,2836,46,2710,41,3645,49,3795,54,3109,48,2164,38,2644,38,3134,48,3072,44,2457,38,1688,25,
2026-09-30,06:15:16.242,999,934,15,1581,23,1164,17,800,10,942,14,884,16,1195,20,1364,18,1182,18,1486,20,1573,24,655,9,1392,21,951,14,1343,21,1810,27,
2026-09-30,06:15:17.242,999,2897,42,2820,37,1798,28,2706,39,2807,42,2398,37,2395,36,2740,36,2946,41,2453,37,1839,31,2225,32,1850,28,2335,34,2210,34,2218,33,
2026-09-30,06:15:18.243,1000,2144,31,1648,22,1289,19,1937,27,1967,29,1794,30,1273,21,2123,29,1947,28,1788,26,1765,28,2654,38,1584,24,888,12,1321,21,1470,22,
2026-09-30,06:15:19.242,999,766,11,630,8,368,5,558,7,556,8,481,8,560,10,126,2,361,5,396,6,442,7,498,7,462,7,470,7,527,9,620,9,
2026-09-30,06:15:20.242,999,2174,35,1880,27,2028,28,2260,29,1889,28,1976,31,2266,35,2994,39,1859,30,2060,28,2416,35,2243,31,1493,22,1863,27,1473,23,1819,27,
2026-09-30,06:15:21.242,999,826,11,568,7,779,11,770,9,629,9,414,7,731,13,610,8,448,6,452,6,827,12,1062,15,989,15,930,14,1010,19,746,11,
2026-09-30,06:15:22.243,1000,472,7,364,5,908,13,503,6,874,13,415,8,344,6,691,9,754,11,453,6,824,13,707,10,264,4,441,6,359,6,335,5,
2026-09-30,06:15:23.242,999,11975,167,12672,163,10587,179,12165,189,11760,177,12543,193,11562,173,14021,187,13442,189,12005,189,10601,187,13276,192,11345,175,12274,175,13353,204,11910,177,
2026-09-30,06:15:24.242,999,4596,76,4656,70,5194,78,5126,70,4287,64,3804,59,4437,67,4988,66,4763,79,5667,78,4668,74,5433,77,5054,77,5453,78,4971,76,5631,84,
2026-09-30,06:15:25.243,1000,3291,47,3558,47,2389,40,2871,45,3436,50,2796,43,2675,41,3769,50,3320,48,3398,51,2506,45,2843,41,2619,40,3653,53,2127,33,2109,32,
2026-09-30,06:15:26.243,999,2255,38,2040,32,2497,36,2323,31,2668,39,2250,34,2713,42,3020,40,2100,36,2362,32,2257,34,3219,46,1933,29,2344,33,1535,24,2361,35,
2026-09-30,06:15:27.242,999,836,12,1283,17,630,9,1368,18,1448,23,1363,21,1318,20,1168,16,780,11,1184,16,1388,21,711,11,1094,18,905,13,841,13,844,13,
2026-09-30,06:15:28.242,999,854,12,1164,15,371,5,678,9,802,12,630,11,555,10,586,8,704,10,555,8,663,10,416,6,598,9,859,14,535,9,451,7,
2026-09-30,06:15:29.243,1000,1122,17,865,12,1085,15,1392,18,1354,21,1534,28,1411,22,1371,18,1148,17,1576,22,1634,25,1889,28,1062,17,936,14,1210,20,1460,22,
2026-09-30,06:15:30.242,999,885,14,488,7,473,7,729,10,485,7,417,7,643,11,1257,17,848,12,1153,16,559,9,559,8,643,10,320,5,181,3,263,4,
2026-09-30,06:15:31.242,999,74190,1040,85873,1113,61732,1049,68393,1073,72130,1056,71444,1068,72922,1077,78848,1040,71451,1011,69066,1091,59964,1064,77439,1085,68480,1032,75452,1054,72867,1080,72050,1066,
2026-09-30,06:15:32.243,1000,37314,523,40146,516,30522,504,34844,541,37416,549,36469,557,36419,563,41421,552,37698,531,37388,572,32253,555,36098,515,33072,505,34035,496,32959,519,32827,493,
2026-09-30,06:15:33.243,999,3513,53,3936,54,4223,60,3945,52,3663,55,3252,54,3520,57,4296,59,3691,55,3661,51,4003,60,3389,49,3349,52,3394,51,2824,46,3706,57,
2026-09-30,06:15:34.242,999,7456,108,7392,99,6298,94,8280,113,6397,95,6190,98,6734,103,5853,80,5558,84,5663,80,4966,78,5097,74,4412,69,5886,88,5219,83,5931,89,
2026-09-30,06:15:35.243,1000,11422,158,12331,158,10344,169,9371,143,10265,150,9950,162,10392,163,11338,154,10688,151,9939,151,9640,163,9079,130,8524,132,10392,153,8834,143,9141,140,
2026-09-30,06:15:36.243,999,2381,35,2619,36,1985,29,2850,38,2588,38,2237,38,2752,45,3140,43,3257,47,3831,53,2874,44,3856,55,2311,35,3009,45,2454,40,2012,31,
2026-09-30,06:15:37.242,999,3652,54,3272,45,3631,53,3940,53,3721,55,3818,59,3447,52,3912,57,3265,49,3552,48,3958,59,3575,50,2685,41,3121,46,3001,48,3026,48,
2026-09-30,06:15:38.243,1000,18041,248,18930,239,14615,249,14540,226,16727,249,15728,237,15138,226,17634,232,16803,235,15297,238,13429,236,16996,247,16720,253,16001,224,16965,254,18153,266,
2026-09-30,06:15:39.244,1000,47989,671,56381,724,37577,648,44573,709,48330,706,46250,693,47853,705,52428,687,48203,679,45508,722,41110,740,51943,730,44928,681,49966,698,47970,712,49829,733,
2026-09-30,06:15:40.243,999,31398,445,35175,459,27886,444,31836,468,28828,427,29063,467,29565,463,34414,457,32229,459,31506,469,28021,468,30271,431,29330,453,30936,457,26284,419,28619,429,
2026-09-30,06:15:41.243,999,3283,47,3997,52,3671,53,3438,45,3107,46,2393,38,2743,43,2869,42,3483,50,3322,45,3101,46,3963,56,3468,53,3407,50,3028,50,2885,48,
2026-09-30,06:15:42.244,1000,4354,63,5542,73,4388,66,4834,66,4941,74,4474,72,3645,57,4192,60,4244,61,3941,55,3456,53,3839,56,3209,49,4612,68,3740,61,3274,55,
2026-09-30,06:15:43.244,999,7602,113,8172,109,8111,119,9301,128,7633,113,7293,113,7598,118,8508,120,7397,110,8929,125,8452,131,9311,132,8158,125,9060,134,7577,119,6421,103,
2026-09-30,06:15:44.243,999,1184,17,1221,16,1253,18,1704,22,1344,20,1128,19,1277,21,1210,16,1043,15,1444,20,1408,21,970,14,929,14,1284,19,1390,23,1449,22,
2026-09-30,06:15:45.243,999,13454,192,14244,187,12420,205,14887,223,13551,199,13399,210,10872,166,13833,184,13667,196,12592,194,11640,201,12452,177,11737,181,13608,195,12056,187,12836,191,
2026-09-30,06:15:46.244,1000,2063,32,2815,42,3874,55,3720,49,2233,33,2281,38,2764,46,2646,35,2706,43,3369,46,2892,44,2533,36,3048,46,3548,54,2984,49,2034,30,
2026-09-30,06:15:47.244,999,1399,22,1865,27,1663,25,2179,30,2729,41,2481,41,2330,38,2842,38,2253,35,2254,31,1858,28,1903,27,1439,22,1296,19,1503,24,1403,21,
2026-09-30,06:15:48.243,999,3133,44,3490,45,2244,32,2399,31,1952,29,1399,27,2372,43,2176,29,2696,38,2692,37,2310,35,3155,45,1885,29,1875,30,1518,28,2586,38,
2026-09-30,06:15:49.244,1000,3240,51,3449,47,3774,53,3649,48,3467,55,2559,43,2791,44,3346,44,3155,47,3976,54,3494,52,3155,47,2896,48,3041,44,2741,43,2448,37,
2026-09-30,06:15:50.244,999,1903,27,2690,35,1997,28,1970,26,1433,22,1360,24,1789,29,1549,21,1161,16,1167,16,1703,25,1973,30,1558,25,1555,23,1391,24,1582,24,
2026-09-30,06:15:51.244,999,1177,17,1587,21,1693,24,1836,24,1098,17,1436,24,1450,23,1399,19,1996,29,1515,21,1950,31,1510,22,1302,20,1907,28,1590,27,1470,22,
2026-09-30,06:15:52.244,1000,788,11,604,8,492,7,893,12,678,10,332,6,553,10,348,5,628,9,511,7,617,9,344,5,852,13,550,8,767,15,386,6,
2026-09-30,06:15:53.244,999,14851,203,14957,189,11615,204,11799,189,13120,190,12002,182,12690,185,14123,185,14106,195,11447,186,10388,189,13787,194,13071,199,14113,197,13436,198,14588,215,
2026-09-30,06:15:54.244,999,1570,22,2173,28,1192,17,1443,19,867,14,641,10,1116,18,891,12,722,10,1042,14,946,14,844,13,1495,25,1237,18,1032,16,1465,22,
2026-09-30,06:15:55.243,999,3284,46,2138,28,1810,29,2322,35,2575,37,1878,29,2216,34,2170,31,2620,37,2250,33,1768,30,2029,29,2171,33,1781,25,1904,29,2536,40,
2026-09-30,06:15:56.244,1000,2145,31,1903,25,1793,27,2322,31,1438,22,1484,25,1660,26,2246,32,2245,31,2205,31,2608,39,2501,37,1292,21,926,13,1662,26,1064,16,
2026-09-30,06:15:57.244,999,439,6,529,7,94,1,409,5,403,6,226,4,585,9,447,6,355,5,429,6,141,2,447,6,402,6,392,5,344,5,91,1,
2026-09-30,06:15:58.244,999,650,9,480,6,778,11,928,12,628,9,403,7,536,9,516,8,587,8,595,8,610,9,497,7,594,9,483,7,433,8,559,9,
2026-09-30,06:15:59.243,999,208,3,75,1,10,0,168,2,459,7,185,3,260,4,139,2,317,5,157,2,485,7,492,7,534,8,10,0,205,3,599,9,
2026-09-30,06:16:00.244,1000,1027,15,1449,20,1226,17,915,12,1338,20,1411,23,908,15,1205,16,1582,23,1447,20,1291,19,936,13,1388,21,1414,22,1623,29,1085,16,
2026-09-30,06:16:01.244,999,214,3,172,2,109,1,410,5,422,6,197,3,264,4,307,4,134,2,167,2,247,4,297,4,154,2,184,2,275,4,293,4,
2026-09-30,06:16:02.244,999,1697,24,2140,28,2400,33,2227,28,1425,24,1851,29,1922,30,2118,28,1423,20,1511,20,1864,28,1626,26,1550,26,1602,22,1237,19,1231,18,
2026-09-30,06:16:03.244,1000,907,13,1251,16,1305,18,1129,14,855,14,691,11,824,12,1033,15,1261,18,977,13,463,6,737,11,867,13,576,8,450,7,366,6,
2026-09-30,06:16:04.244,999,1477,21,1350,17,1277,18,1565,20,1020,16,1013,16,982,15,1392,19,1128,16,1431,20,640,10,928,14,1618,26,903,12,1201,19,1090,16,
2026-09-30,06:16:05.244,999,4707,66,5307,68,5393,86,4538,67,5206,76,5533,83,5662,84,6278,89,5500,77,5698,83,4981,82,5752,81,3821,58,4825,67,4933,75,4305,69,
2026-09-30,06:16:06.244,1000,982,14,898,12,804,11,1163,15,428,7,527,8,376,6,836,12,599,9,730,10,875,13,704,10,448,7,545,7,769,12,508,8,
2026-09-30,06:16:07.244,999,1603,22,1434,18,1269,18,1630,22,1223,18,1738,27,1573,24,1691,25,1974,27,1800,25,1271,20,1431,20,1410,21,1821,26,1382,22,1054,18,
2026-09-30,06:16:08.244,999,2913,41,3873,50,3041,43,3429,46,3176,55,3149,50,2870,44,3426,46,3602,50,3143,44,3005,46,3760,61,2372,42,2741,39,2895,45,3203,49,
2026-09-30,06:16:09.244,999,8056,112,6933,89,6703,116,7202,113,6988,103,7132,110,6941,106,7992,106,7571,106,7521,120,6127,108,8189,116,8146,125,7596,108,9067,138,8026,120,
2026-09-30,06:16:10.244,1000,546,8,478,6,743,10,382,4,244,4,499,8,391,6,374,5,605,8,387,5,652,10,457,7,540,9,697,10,590,10,604,9,
2026-09-30,06:16:11.244,999,628,9,688,9,716,10,743,9,552,8,415,6,303,5,294,4,506,7,297,4,480,7,785,11,618,9,270,3,692,11,720,11,
2026-09-30,06:16:12.244,999,1741,24,1020,13,772,10,1500,19,912,15,1114,17,762,12,693,9,884,13,670,9,958,14,1193,19,681,11,1136,16,831,13,553,8,
2026-09-30,06:16:13.244,1000,851,12,1217,16,1155,18,1350,18,835,12,810,12,1052,16,989,13,862,12,708,11,595,10,795,11,985,15,1120,16,1462,23,737,11,
2026-09-30,06:16:14.244,999,227,3,246,3,382,5,401,4,212,3,375,7,298,5,79,1,227,3,465,6,482,7,405,6,338,5,258,3,71,1,339,5,
2026-09-30,06:16:15.244,999,2642,37,2977,38,2269,34,2155,31,2055,31,2592,41,2270,35,2275,31,2497,35,2735,39,1716,27,2448,36,2395,38,2725,39,1703,28,1830,29,
2026-09-30,06:16:16.244,999,363,5,858,11,892,12,944,11,384,6,495,9,672,11,546,7,444,6,1123,15,642,9,367,5,528,8,568,8,675,11,475,7,
2026-09-30,06:16:17.244,1000,835,13,1019,15,809,11,757,9,904,13,816,12,890,13,1157,15,606,10,878,12,1005,15,1021,15,569,8,507,7,421,6,760,11,
2026-09-30,06:16:18.244,999,367,5,461,6,457,6,582,7,287,4,552,9,421,7,653,9,223,3,607,8,597,9,288,4,545,8,306,4,305,5,257,4,
2026-09-30,06:16:19.244,999,493,7,401,5,248,3,526,6,300,4,393,6,260,4,220,3,491,7,91,1,491,7,214,3,203,3,259,3,240,4,204,3,
2026-09-30,06:16:20.244,1000,268,4,675,9,373,5,569,7,641,9,393,7,253,4,535,7,724,10,511,7,276,4,424,6,660,10,172,2,482,8,299,4,
2026-09-30,06:16:21.244,999,84,1,315,4,174,2,375,4,401,6,82,1,132,2,83,1,154,2,85,1,181,3,216,3,339,5,268,3,264,5,223,3,
2026-09-30,06:16:22.244,999,348,5,259,3,499,7,562,7,288,4,567,9,645,10,311,4,445,6,428,6,406,6,289,4,557,8,535,7,381,6,421,6,
2026-09-30,06:16:23.245,1000,293,4,201,3,237,3,349,4,184,3,202,3,174,3,155,2,218,3,436,6,201,3,118,2,199,3,306,4,338,5,7,0,
2026-09-30,06:16:24.244,999,61092,859,67753,872,50137,868,52260,831,59943,878,56913,854,57735,852,63613,838,59203,838,54953,874,46010,831,64303,907,55121,837,58511,819,60517,893,61168,906,
2026-09-30,06:16:25.244,999,7757,113,7524,101,7081,113,6837,102,6028,90,6881,108,6701,102,7880,105,7849,118,8062,123,6450,108,7672,110,6988,108,7616,109,6603,102,6655,100,
2026-09-30,06:16:26.244,999,34211,483,37006,479,27991,458,30366,463,33051,486,30888,489,31379,490,36756,492,33143,470,33077,503,29100,496,33922,481,30257,463,31561,461,27668,439,28882,433,
2026-09-30,06:16:27.244,1000,1532,24,1535,21,1098,16,1453,20,1565,23,1637,26,1614,25,1107,15,1092,16,1284,18,949,15,1065,15,1106,17,926,13,646,10,1204,18,
2026-09-30,06:16:28.244,999,2730,39,3760,49,3399,52,3952,54,3824,58,3089,50,3610,59,3414,47,3636,53,4512,64,4136,64,3449,49,3106,48,3649,54,2612,43,2901,44,
2026-09-30,06:16:29.244,999,646,9,472,6,704,10,257,3,628,9,835,14,264,5,580,8,1004,15,637,9,658,10,933,13,272,4,331,5,405,7,667,10,
2026-09-30,06:16:30.245,1000,5582,82,7684,102,6361,94,7753,99,6149,92,5748,92,5676,89,7176,96,5875,86,6580,91,5664,87,5926,86,5423,84,5476,83,4410,72,4473,68,
2026-09-30,06:16:31.244,999,2336,40,3359,50,2878,42,2677,35,3158,47,2443,39,2738,42,3141,42,2604,43,3140,43,2119,32,2579,36,2130,32,1763,25,3045,46,2875,43,
2026-09-30,06:16:32.244,999,3105,44,2748,36,2726,39,2776,37,3154,50,2978,51,3313,54,3775,50,4152,59,5248,73,4052,62,4132,63,2866,46,2901,43,3338,57,2800,42,
2026-09-30,06:16:33.244,999,811,11,960,12,946,13,814,10,733,11,608,10,584,10,1192,16,796,11,522,7,1275,19,439,6,681,10,865,13,915,15,702,10,
2026-09-30,06:16:34.245,1000,2322,38,2142,31,1819,26,1986,26,2727,40,1944,31,1999,32,1673,22,2045,33,2390,32,2466,37,2451,35,2379,36,2109,30,2194,35,2893,43,
2026-09-30,06:16:35.244,999,5217,76,7198,93,5656,93,3984,60,5140,76,4417,69,4324,65,6503,87,5031,74,4966,76,4216,73,5088,74,3641,55,5491,79,4316,67,4763,71,
2026-09-30,06:16:36.244,999,2292,33,2328,31,2065,32,2050,28,1985,29,1490,26,2210,36,2280,30,2181,31,2743,40,1791,28,2225,32,1963,29,2267,33,2044,33,2019,30,
2026-09-30,06:16:37.245,1000,1712,25,1813,24,1514,22,1418,18,1365,20,687,11,1116,19,1198,16,678,10,1256,17,1009,15,733,11,1128,18,1106,17,1235,21,1211,18,
2026-09-30,06:16:38.244,999,11626,162,14816,190,13002,182,13809,181,11238,174,9515,178,10142,183,13614,178,12695,174,11776,161,11975,181,14018,197,11506,176,9573,157,10479,184,13312,197,
2026-09-30,06:16:39.244,999,16159,222,16379,206,12501,219,12699,203,14346,207,13526,201,13624,201,14496,190,14579,202,14522,230,11468,205,14649,207,13796,207,15546,215,15183,226,14956,220,
2026-09-30,06:16:40.245,1000,1280,18,1481,19,1237,18,1543,20,829,13,1028,18,937,16,1202,16,1539,22,1244,17,1028,15,1338,20,1109,18,825,13,1303,23,1538,23,
2026-09-30,06:16:41.245,999,3106,43,2309,30,2167,32,2557,34,2046,30,1571,25,1842,30,1970,27,2092,30,2249,32,2129,33,2222,32,1730,27,1682,25,2241,35,1560,23,
2026-09-30,06:16:42.244,999,697,10,887,11,872,12,992,12,888,13,845,13,847,14,982,14,517,7,528,7,861,13,779,11,575,9,571,8,757,12,346,6,
2026-09-30,06:16:43.244,999,2374,33,3575,46,2248,35,2132,30,1529,23,1658,27,1331,21,1802,24,1627,23,1111,17,1459,24,1604,23,1811,28,2089,31,2175,34,1476,22,
2026-09-30,06:16:44.245,1000,288,4,329,4,364,5,539,6,297,5,363,6,118,2,302,4,302,4,385,5,217,3,90,1,333,5,446,6,376,6,528,8,
2026-09-30,06:16:45.244,999,2062,29,2657,34,1995,33,1847,29,1921,28,2106,33,1361,21,1867,25,2000,29,1684,26,1382,24,1051,15,1855,28,1890,26,1460,22,1491,22,
2026-09-30,06:16:46.244,999,1913,29,1813,25,2000,29,2444,33,1628,24,1954,33,2032,32,2117,28,1913,28,1745,25,1671,26,2180,31,1609,25,1402,21,1574,26,1696,25,
2026-09-30,06:16:47.245,1000,4269,60,5973,78,4336,74,4613,72,4058,60,3616,55,3020,45,4006,52,3067,43,3563,56,3201,54,4520,62,3725,56,4405,63,4150,63,5003,75,
2026-09-30,06:16:48.245,999,1139,16,1259,16,864,12,1182,15,1186,17,1495,25,1267,21,992,14,1534,22,1253,17,1851,28,1381,20,1382,21,1494,22,742,12,1045,17,
2026-09-30,06:16:49.244,999,1516,24,1960,27,1568,23,1386,19,1053,16,974,15,1769,27,1892,25,1678,26,1379,20,1589,25,1779,25,1854,28,1150,16,1632,25,1624,24,
2026-09-30,06:16:50.244,999,431,6,535,7,372,5,727,9,566,8,483,8,258,4,515,7,420,6,361,5,349,5,554,8,580,9,279,4,272,5,495,8,
2026-09-30,06:16:51.245,1000,226,3,233,3,89,1,473,6,402,6,240,4,380,6,514,7,333,5,383,5,341,5,284,4,208,3,215,3,368,6,396,6,
2026-09-30,06:16:52.244,999,354,5,239,3,227,3,262,3,556,8,125,2,221,4,287,4,700,10,160,2,427,6,151,2,477,7,323,4,409,7,436,7,
2026-09-30,06:16:53.244,999,11356,156,13699,175,10777,153,13241,175,10250,152,8723,171,8196,156,12225,162,11665,164,11340,153,10102,150,11769,169,10831,166,9768,168,9258,182,12848,191,
2026-09-30,06:16:54.245,1000,66792,939,76634,983,53798,932,59498,946,67617,990,66555,994,67927,991,69681,920,67193,951,63847,1015,52296,942,67733,954,59804,908,65055,912,67991,1011,66462,985,
2026-09-30,06:16:55.245,999,33174,466,37519,483,30847,511,35193,536,37590,554,32973,530,32173,502,38416,511,34705,490,32479,495,29281,501,33647,478,30125,460,33188,488,29780,471,30173,451,
2026-09-30,06:16:56.244,999,36168,512,41285,539,33491,536,36142,530,34948,543,34054,513,37209,552,40387,543,40690,568,36485,549,34558,579,37950,552,31354,496,34995,504,33435,513,34409,527,
2026-09-30,06:16:57.245,1000,4158,59,5139,68,3982,61,4232,60,3323,51,4563,71,3609,57,5393,72,2861,40,3473,49,3214,52,2954,44,3513,57,3077,46,2848,44,2983,45,
2026-09-30,06:16:58.246,1000,8333,120,9371,123,7579,113,7991,109,7881,119,6175,100,7120,112,8152,114,7462,108,7918,110,7226,112,7605,109,7534,116,7010,105,6706,110,6719,105,
2026-09-30,06:16:59.245,999,554,8,592,8,513,7,720,9,1310,19,992,18,1060,18,968,13,1038,15,1481,20,1183,18,1683,24,1010,15,887,14,818,15,818,12,
2026-09-30,06:17:00.245,999,1656,23,2554,33,1875,26,1969,26,1264,19,1171,22,1478,25,1920,26,1397,19,2286,31,1717,26,1664,24,1506,24,2027,32,1673,30,1291,20,
2026-09-30,06:17:01.246,1000,1562,24,2382,32,2713,38,2222,29,1925,28,1895,31,1782,28,2812,38,2325,35,2409,33,2043,31,2570,36,2081,32,2104,31,1949,32,1816,28,
2026-09-30,06:17:02.246,999,44790,621,51580,660,47250,667,51196,672,43326,649,36829,676,38345,677,49521,658,47682,664,48810,665,45914,687,47933,684,43215,664,42731,697,35056,649,44477,672,
2026-09-30,06:17:03.245,999,54752,773,66271,858,51177,851,53339,820,54145,797,53701,819,54308,817,57915,769,57178,813,52928,813,48832,841,58078,822,52129,796,54373,772,54502,821,53948,804,
2026-09-30,06:17:04.246,1000,19765,277,21766,280,18987,313,19097,289,19135,285,18876,300,18813,296,21066,279,20599,292,19686,299,17863,305,20730,296,15861,244,18533,275,16681,266,17857,268,
2026-09-30,06:17:05.246,999,19025,265,22804,292,17592,282,18075,268,17765,263,19133,311,16775,269,23338,311,18059,253,18367,276,17290,291,18020,260,16272,254,18604,279,14608,235,18346,274,
2026-09-30,06:17:06.245,999,3641,54,3956,53,3901,55,3562,47,3222,47,3649,65,4183,72,4459,60,3961,58,3927,53,3484,52,3791,54,3708,56,3341,53,2807,51,2941,44,
2026-09-30,06:17:07.245,999,6216,93,6966,96,7333,108,7816,109,6391,96,5039,82,5262,84,7748,103,6661,100,6556,93,7244,113,7043,102,4907,78,6402,97,6498,104,4944,74,
2026-09-30,06:17:08.246,1000,23622,324,25103,316,19455,331,19266,300,20868,311,21989,331,20833,309,23679,310,23462,326,20090,314,18239,319,21337,307,19761,302,21460,300,21149,315,21971,324,
2026-09-30,06:17:09.246,999,4897,70,6205,82,5582,83,6450,90,4956,74,3532,57,3795,60,5234,70,4145,61,4587,65,4825,75,4200,60,4576,70,4466,66,3915,64,4735,72,
2026-09-30,06:17:10.245,999,3355,48,5089,67,3520,52,2930,41,3391,51,3619,62,3423,56,4166,55,3533,51,4250,62,3891,63,4566,66,3465,54,3293,52,2948,50,3652,55,
2026-09-30,06:17:11.246,1000,1583,22,1593,20,1664,23,1736,22,1462,22,797,15,924,17,1357,18,1597,23,1267,17,1559,23,1398,20,1684,26,1206,19,1207,22,1553,23,
2026-09-30,06:17:12.246,999,836,12,1161,15,1200,17,1153,15,1395,21,1060,18,942,15,1324,18,1074,15,1041,14,1363,20,1599,23,731,11,1329,20,1557,26,1199,19,
2026-09-30,06:17:13.246,999,1200,17,1240,16,1375,19,1455,18,1233,18,873,16,920,16,1288,17,975,14,1052,14,856,13,863,12,1191,18,1158,18,762,14,623,9,
2026-09-30,06:17:14.245,999,2913,40,3164,40,2700,44,3136,45,2436,35,2727,43,2416,37,3675,49,2503,36,2389,35,2611,43,2789,40,2769,42,2843,40,3048,46,2596,36,
2026-09-30,06:17:15.246,1000,4505,65,5174,68,3835,60,5565,80,4857,71,3721,58,3595,55,5111,69,4027,60,3316,49,3388,56,4677,67,4395,67,4668,69,4381,70,5242,79,
2026-09-30,06:17:16.246,999,1087,16,1547,20,1528,22,1514,21,1022,15,1095,19,970,16,905,12,2007,29,1470,21,1406,22,1492,22,1077,16,1176,18,1218,21,1304,19,
2026-09-30,06:17:17.245,999,1877,27,2054,27,1528,22,1523,19,1529,25,1532,25,1475,24,1673,22,1712,24,1784,24,1620,24,1454,22,1262,21,1663,24,1553,24,1678,25,
2026-09-30,06:17:18.246,1000,1728,24,1618,21,1880,27,1756,23,972,16,1739,29,1849,30,1364,18,1290,18,1874,25,1603,24,1017,16,1282,22,1306,19,1333,22,1612,24,
2026-09-30,06:17:19.246,999,976,16,1181,17,1777,25,1933,25,1813,27,1267,20,1452,22,1584,21,1051,16,1393,19,1266,19,918,13,1263,19,1283,19,1158,18,1289,19,
2026-09-30,06:17:20.246,999,922,14,1305,17,1224,17,940,12,1299,19,950,17,1259,22,1352,18,1559,23,1254,17,1733,26,1786,25,1507,23,1002,15,1212,21,1059,16,
2026-09-30,06:17:21.246,1000,693,10,775,10,606,8,748,9,204,3,194,3,375,6,829,11,449,6,466,6,711,10,684,10,517,8,387,5,710,12,953,14,
2026-09-30,06:17:22.246,999,864,15,1360,20,1206,17,1076,13,1070,16,578,9,1216,18,1375,18,1071,17,1004,14,1513,23,1274,18,1335,20,1834,25,1396,22,983,15,
2026-09-30,06:17:23.246,999,418,6,224,3,233,3,433,5,362,5,353,6,527,9,678,9,452,6,530,7,261,4,431,6,321,5,181,2,191,3,276,4,
2026-09-30,06:17:24.246,1000,9348,129,9794,125,7788,135,8334,132,7740,113,7550,116,7754,118,8830,117,8150,114,7303,118,7145,129,8657,123,8427,129,7430,106,8777,135,9094,135,
2026-09-30,06:17:25.246,999,2023,29,1580,21,1323,20,1067,15,1648,24,1158,19,1630,26,1353,18,1899,27,1496,22,1216,21,1582,23,1112,17,982,14,990,16,797,12,
2026-09-30,06:17:26.246,999,200,3,234,3,317,4,537,7,465,7,258,4,273,5,243,3,296,4,1023,14,255,4,76,1,285,4,603,8,132,2,466,7,
2026-09-30,06:17:27.246,999,364,5,942,12,656,10,359,4,430,6,449,8,281,5,604,8,463,7,727,10,456,7,999,14,403,6,426,6,811,15,340,5,
2026-09-30,06:17:28.246,1000,507,7,389,5,274,4,530,7,549,8,408,7,489,8,620,9,653,9,303,4,593,9,759,11,417,6,183,2,413,6,615,10,
2026-09-30,06:17:29.246,999,147,2,6,0,378,5,294,3,331,5,105,2,261,4,158,2,64,1,88,1,219,3,291,4,209,3,95,1,257,4,145,2,
2026-09-30,06:17:30.246,999,507,8,488,7,706,10,738,9,837,12,385,6,832,13,746,10,771,12,1020,14,817,12,680,10,639,10,799,11,562,9,1004,15,
2026-09-30,06:17:31.246,1000,590,9,590,8,597,8,619,7,479,7,492,8,593,9,468,6,130,2,288,4,480,7,411,6,224,3,562,7,673,10,628,9,
2026-09-30,06:17:32.246,999,3231,48,4030,54,3090,52,2904,45,3579,53,4413,67,3634,54,4075,53,4421,65,4370,66,4023,69,4977,70,3744,56,4060,57,3063,46,3229,49,
2026-09-30,06:17:33.246,999,2552,42,2928,44,2728,39,2283,30,3039,46,2373,37,1883,29,2337,31,3282,55,2553,35,2187,33,2928,42,1794,28,2361,33,3322,50,3084,46,
2026-09-30,06:17:34.246,999,279,4,595,8,604,8,367,4,622,9,257,4,584,9,524,7,723,12,670,9,730,11,1049,15,98,1,257,3,199,3,418,6,
2026-09-30,06:17:35.246,1000,1785,27,1432,20,1430,21,1687,23,1720,25,1198,19,1276,19,1778,24,1353,21,2357,33,1780,28,2135,31,1389,21,1699,24,1547,23,824,12,
2026-09-30,06:17:36.246,999,1218,18,1273,17,1346,19,1298,16,654,10,870,14,748,12,926,12,1093,16,987,13,1060,16,844,12,1582,24,1187,17,1221,20,940,14,
2026-09-30,06:17:37.246,999,972,16,863,13,1622,23,1375,18,1333,20,871,14,901,14,835,11,1257,20,1192,16,1046,16,1339,19,540,8,960,13,1017,16,674,10,
2026-09-30,06:17:38.247,1000,1219,19,1144,15,1073,15,935,12,1057,18,1314,21,1059,17,2119,28,1385,21,1030,14,1520,23,1077,17,1114,18,970,14,1215,19,1259,19,
2026-09-30,06:17:39.246,999,8238,114,8020,103,6352,112,7052,113,7040,103,6799,102,6699,99,7188,95,8596,121,7942,128,6839,123,8307,118,7887,120,7555,106,7966,118,7894,116,
2026-09-30,06:17:40.246,999,544,8,983,13,1118,16,930,12,1043,16,493,8,853,13,605,8,1093,16,801,11,210,3,775,12,662,10,411,6,634,11,1066,16,
2026-09-30,06:17:41.246,999,755,13,746,11,1160,16,658,8,1225,18,1411,22,1273,19,1436,19,899,15,971,13,1268,19,1301,19,1107,17,724,10,533,8,817,12,
2026-09-30,06:17:42.246,1000,1363,20,915,12,1365,19,1583,21,1180,19,454,7,826,13,1042,14,1109,16,447,6,484,7,666,10,1166,18,1149,16,1277,20,619,10,
2026-09-30,06:17:43.246,999,766,12,721,10,725,10,651,8,1176,17,1021,15,1190,18,855,12,952,14,1304,17,977,14,1608,23,712,11,865,11,478,7,1107,18,
2026-09-30,06:17:44.246,999,1021,14,1616,21,1435,22,1994,28,1671,25,1388,23,1527,24,2028,27,1725,24,1639,24,1618,26,1501,22,2121,33,1695,26,1850,30,1322,20,
2026-09-30,06:17:45.247,1000,1203,17,1144,15,772,13,845,12,904,13,590,9,869,13,1501,20,1365,19,1209,18,552,9,906,13,922,14,996,14,323,5,877,13,
2026-09-30,06:17:46.247,1000,995,16,1011,15,910,13,1673,22,519,8,1059,17,997,15,1295,17,691,10,960,13,824,12,1588,22,1033,16,1355,20,1189,19,737,11,
2026-09-30,06:17:47.247,999,508,7,689,9,526,7,594,7,438,7,439,7,541,9,673,9,812,12,676,9,294,4,560,8,736,12,852,12,564,9,624,9,
2026-09-30,06:17:48.247,999,903,13,772,11,746,10,1177,15,490,7,530,8,750,12,1223,16,840,13,1354,18,1058,16,1067,15,690,10,681,9,486,8,730,11,
2026-09-30,06:17:49.248,1000,1433,20,1036,13,1205,18,1433,20,618,9,590,10,862,15,904,12,861,12,958,14,739,11,916,13,1069,16,728,11,886,16,1147,17,
2026-09-30,06:17:50.247,999,2396,41,3414,51,3591,51,3380,45,4017,59,3210,51,3412,52,3989,53,2461,42,3573,48,2386,35,3382,48,2810,43,2538,37,2111,33,3017,45,
2026-09-30,06:17:51.247,999,727,11,906,13,885,13,565,7,1015,15,670,10,655,10,660,9,737,12,963,13,641,10,971,14,656,10,706,10,1185,18,518,8,
2026-09-30,06:17:52.248,1000,499,7,571,8,422,6,332,4,338,5,122,2,157,3,79,1,373,5,460,6,410,6,481,7,144,2,209,3,166,3,664,10,
2026-09-30,06:17:53.247,999,220,3,430,6,174,2,282,3,127,2,8,0,204,3,213,3,400,6,434,6,329,5,279,4,359,5,257,3,265,4,328,5,
2026-09-30,06:17:54.247,999,5103,71,4027,52,4583,79,4592,73,4275,63,4752,73,4438,66,5477,73,5099,72,5288,84,4572,81,5485,78,5397,84,5494,77,4748,71,5465,82,
2026-09-30,06:17:55.247,999,621,9,1230,17,679,11,623,9,803,12,829,13,989,15,1945,26,1199,18,1288,19,592,10,1392,21,729,11,636,9,886,15,813,12,
2026-09-30,06:17:56.248,1000,813,13,338,5,1065,15,1678,22,1104,16,744,14,709,12,1271,17,1302,20,936,13,598,9,747,11,1421,22,736,12,971,17,1073,16,
2026-09-30,06:17:57.247,999,386,6,300,4,206,3,305,4,341,5,198,3,236,4,362,5,133,2,294,4,198,3,263,4,277,4,431,6,252,4,399,6,
2026-09-30,06:17:58.247,999,278,4,934,12,433,7,483,6,748,11,767,13,466,7,1112,15,795,11,543,8,592,10,790,11,1181,18,876,13,722,12,1059,16,
2026-09-30,06:17:59.247,999,1351,19,647,8,1145,16,1900,25,820,12,667,10,1056,16,1334,19,1350,20,1648,22,1491,22,1425,20,1395,21,2093,30,1154,18,748,12,
2026-09-30,06:18:00.248,1000,13,0,241,3,224,3,188,2,332,5,371,6,5,0,232,3,6,0,235,3,78,1,125,2,284,4,336,5,72,1,130,2,
2026-09-30,06:18:01.247,999,1125,16,1266,17,566,8,557,7,815,13,813,13,459,7,611,8,403,6,521,7,532,8,781,12,636,11,828,11,735,11,742,11,
2026-09-30,06:18:02.247,999,64793,915,71899,931,50157,856,60682,961,60661,896,58743,880,61915,916,69187,912,63861,909,57924,915,51596,918,64117,911,57998,884,62430,878,63964,950,61080,907,
2026-09-30,06:18:03.248,1000,35040,494,40371,520,30116,493,32029,489,38999,573,33393,532,36381,560,41500,550,37144,528,37207,571,32983,562,35557,505,32876,502,34944,511,31899,504,34216,510,
2026-09-30,06:18:04.248,999,6986,102,7214,97,7968,118,8078,111,7002,107,6289,101,7604,119,8877,118,8136,117,8021,112,6824,106,6850,100,5814,91,7635,113,6553,104,5929,90,
2026-09-30,06:18:05.247,999,12973,179,13703,176,10307,171,12031,186,11551,169,11291,181,10815,170,13310,178,11133,157,10947,168,9618,168,10562,151,11676,179,11207,163,8964,146,11083,165,
2026-09-30,06:18:06.247,999,3596,56,4467,62,4371,62,3910,51,3365,54,3974,65,3406,52,4098,54,4253,63,4814,66,3772,57,4448,67,3983,63,4222,63,3897,63,4041,61,
2026-09-30,06:18:07.248,1000,1704,24,2574,33,2168,34,2141,31,3162,47,2445,38,2866,45,3882,53,3176,45,2343,36,1603,27,2896,41,2028,31,1660,23,2748,42,1756,26,
2026-09-30,06:18:08.247,999,3778,58,5009,71,4666,66,5025,66,4472,72,4580,73,3169,50,5009,66,3838,57,4855,66,3563,54,3700,57,2473,41,3549,51,4054,63,3790,57,
2026-09-30,06:18:09.247,999,12899,178,12970,164,11128,193,10466,168,10772,155,11517,174,11978,177,13902,183,13448,189,10667,171,10035,182,13431,190,12214,185,13275,187,11843,177,12658,186,
2026-09-30,06:18:10.248,1000,3484,49,3450,45,3070,44,3356,44,1837,29,2011,34,3120,49,3403,46,3097,43,2287,31,2485,37,2555,39,2700,43,2758,42,1953,33,2472,38,
2026-09-30,06:18:11.249,1000,662,9,783,10,385,5,858,11,618,9,720,13,456,8,651,9,703,10,969,13,1174,17,849,12,331,5,222,3,684,12,490,7,
2026-09-30,06:18:12.248,999,1715,25,1217,16,1841,26,1919,25,1216,18,974,16,1401,22,727,10,1188,17,1024,14,735,11,1306,20,1075,17,1632,24,1321,22,1944,29,
2026-09-30,06:18:13.248,999,807,11,876,11,728,10,751,9,539,8,415,8,265,5,824,11,662,9,754,10,753,11,779,11,461,7,716,11,578,10,752,11,
2026-09-30,06:18:14.249,1000,1349,19,1627,21,1374,23,1950,29,1095,16,1467,23,1573,24,1441,19,1385,20,1051,16,986,17,1204,17,1279,19,1565,22,1531,23,1141,17,
2026-09-30,06:18:15.249,999,2744,40,2350,32,3214,50,2755,39,2329,34,2186,34,2689,41,2575,35,2767,42,2908,42,2343,38,2160,31,2204,33,2597,36,1874,29,2095,32,
2026-09-30,06:18:16.248,999,1956,31,2379,34,2315,34,2153,28,1900,30,1713,28,1574,25,1917,26,2259,35,2141,30,2305,35,2563,37,1822,28,1902,27,1607,25,1637,24,
2026-09-30,06:18:17.249,1000,70940,1003,81508,1053,60364,1019,64945,1008,74197,1092,71235,1088,68448,1030,78823,1041,68179,976,70291,1088,59587,1052,73963,1037,62506,957,69961,994,66892,1015,66868,991,
2026-09-30,06:18:18.249,999,3209,54,3505,49,4279,61,3814,50,2511,37,3368,55,3175,52,4052,55,3351,54,4323,59,4007,60,4502,65,3015,46,4274,62,2834,46,3124,47,
2026-09-30,06:18:19.248,999,3422,50,3588,48,4162,60,4493,60,3857,58,3616,64,3519,58,5043,67,3870,56,3858,53,4445,68,4756,69,3218,50,3501,55,3212,57,3615,54,
2026-09-30,06:18:20.248,999,3838,54,5082,65,5948,85,4810,63,3894,59,4078,75,3964,71,4279,57,3822,54,5386,73,4584,70,4351,63,4406,69,3437,56,3166,60,4985,74,
2026-09-30,06:18:21.249,1000,9067,131,8997,119,9187,136,9960,138,8748,131,6218,103,6792,108,7825,105,6865,100,8128,115,7769,122,7386,106,7438,115,8655,127,7571,124,7823,119,
2026-09-30,06:18:22.249,999,1776,25,2419,31,1146,16,1700,22,2388,35,1393,26,1561,28,2255,30,1663,24,2211,30,1788,27,1809,26,1537,23,1637,26,1481,28,1964,30,
2026-09-30,06:18:23.248,999,15749,217,16579,209,14161,243,12583,198,13485,197,13895,211,13760,205,15064,198,13597,190,13353,209,11728,208,14542,206,13817,209,15207,212,14022,211,16065,237,
2026-09-30,06:18:24.249,1000,860,13,1004,13,913,13,1166,15,901,13,735,13,898,15,690,9,830,12,885,12,1032,16,699,10,1062,16,520,8,1077,19,1144,17,
2026-09-30,06:18:25.249,999,8436,117,9167,118,6243,108,7556,122,9085,133,8878,137,7489,115,8852,118,7035,99,7628,125,6948,126,7023,100,8008,123,8336,119,6945,106,7300,109,
2026-09-30,06:18:26.248,999,2018,32,3079,44,2604,37,3628,48,2831,42,1952,32,2294,37,2701,36,2859,45,4032,55,2343,35,2932,42,2571,39,2802,43,2770,48,2210,33,
2026-09-30,06:18:27.248,999,1664,24,1637,21,1010,15,2189,28,1736,27,1389,23,1264,21,1969,26,1400,20,2029,28,2278,34,1201,18,1373,23,1451,22,1376,23,1528,23,
2026-09-30,06:18:28.249,1000,495,7,713,9,804,11,422,5,609,9,649,12,567,10,800,11,1060,15,1084,15,802,12,644,9,342,5,708,11,475,9,531,8,
2026-09-30,06:18:29.249,999,110007,1553,118572,1534,110309,1581,115504,1545,108823,1608,88533,1599,88283,1556,119450,1611,115773,1636,120626,1639,111431,1671,117327,1672,104027,1598,97062,1576,83664,1542,100237,1522,
2026-09-30,06:18:30.248,999,11341,160,13280,172,11528,164,10806,144,9416,139,10036,178,9580,164,11068,157,11590,166,13358,181,10335,154,10450,149,9962,153,8348,134,7788,137,10695,170,
2026-09-30,06:18:31.249,1000,2432,35,2642,34,2279,32,3020,40,2523,37,2801,45,2526,41,3262,47,2688,38,3482,47,2674,40,3030,44,2250,35,2454,36,2543,41,2093,35,
2026-09-30,06:18:32.249,999,16204,232,17183,227,14906,218,17302,235,15991,242,14922,238,14766,230,16320,224,15240,218,16192,224,15842,243,15415,220,13435,209,12770,190,11119,180,13548,211,
2026-09-30,06:18:33.249,999,3971,61,3425,47,3402,49,3822,50,3723,55,2679,46,4088,67,3807,51,3658,55,3759,51,3615,55,3428,49,2943,44,3397,52,3016,51,2936,44,
2026-09-30,06:18:34.248,999,5403,91,5575,81,6837,97,6542,86,5690,83,6680,103,6238,95,6306,86,6096,102,7756,105,5920,89,6186,88,5201,80,6997,99,6326,99,5431,82,
2026-09-30,06:18:35.249,1000,19988,289,22929,305,17659,291,18743,287,20902,309,21336,327,19085,290,23969,320,19021,278,20851,320,18237,309,18406,262,17666,272,20288,289,17836,271,19422,293,
2026-09-30,06:18:36.249,999,15392,216,17194,221,12965,184,15044,198,12996,190,9561,184,11198,199,13891,181,15713,221,15310,206,12860,191,14531,206,13835,211,11443,194,10257,202,12866,191,
2026-09-30,06:18:37.249,999,4758,69,6065,79,4900,70,4543,61,4082,61,4091,67,3368,53,4141,59,4047,58,3479,48,3844,58,4122,60,4020,62,4217,64,3793,63,3354,53,
2026-09-30,06:18:38.248,999,10680,155,11164,147,10348,149,11130,148,7601,120,8456,136,7815,124,9724,131,8895,131,10501,144,8177,122,8765,134,6924,114,8298,122,8102,129,7691,118,
2026-09-30,06:18:39.249,1000,23621,323,25119,316,19156,323,20401,318,21598,312,19658,302,21379,321,24862,327,21236,294,18844,296,18041,315,22132,311,22140,334,20829,295,20851,317,21856,321,
2026-09-30,06:18:40.249,999,88604,1247,98956,1288,73616,1246,78739,1233,88891,1300,85861,1284,89675,1323,100755,1322,88849,1270,83916,1324,74948,1325,95629,1344,81659,1234,86552,1213,87145,1291,82867,1229,
2026-09-30,06:18:41.249,999,16516,231,17288,222,15824,265,16402,251,19384,281,18056,272,17509,260,19991,266,18017,251,17360,269,14779,258,19507,275,15120,226,16039,225,16408,245,15181,226,
2026-09-30,06:18:42.248,999,28241,404,32611,425,24141,383,25862,380,26480,391,24095,399,26840,430,29056,392,27721,393,29220,434,26585,437,27123,385,25627,392,26216,394,23266,380,26255,399,
2026-09-30,06:18:43.249,1000,8857,128,9981,131,8320,122,9192,123,8472,127,7792,124,9285,144,9534,130,8655,126,8570,119,8306,127,9897,139,6860,108,8347,123,7200,115,7231,109,
2026-09-30,06:18:44.249,999,4800,68,5339,69,5341,85,5518,80,5013,74,4939,78,4642,72,6684,90,5021,71,6276,90,5153,84,4518,64,4710,72,4838,71,5966,91,4968,75,
2026-09-30,06:18:45.249,999,15174,211,17399,223,14654,242,14723,228,15357,225,14740,236,12990,203,16743,224,15797,223,15746,242,13905,239,14831,210,12818,197,15632,228,12369,195,14717,220,
2026-09-30,06:18:46.249,1000,4388,68,5982,81,4555,67,4849,66,3050,45,3553,57,3843,61,3545,47,3735,57,3712,51,3657,57,4266,60,4965,76,4662,70,3747,60,4835,73,
2026-09-30,06:18:47.249,999,1771,28,2008,28,2077,31,2905,40,2358,35,2014,33,1684,27,3018,41,1091,16,1519,21,1402,22,2198,31,1251,19,1304,20,1372,23,1841,28,
2026-09-30,06:18:48.249,999,1923,27,1966,26,1300,18,2070,27,2177,32,1575,30,1298,24,1627,22,1507,22,2249,31,2004,30,2196,32,1556,23,921,14,1300,23,1866,28,
2026-09-30,06:18:49.248,999,2826,41,1979,26,1982,30,2305,32,2340,34,2146,37,3110,51,2644,35,2131,30,2373,35,2542,41,2181,31,1913,29,894,13,1377,24,1936,29,
2026-09-30,06:18:50.249,1000,850,12,934,12,1002,14,780,10,1045,15,787,15,999,18,1117,15,1068,15,1104,15,856,13,1042,15,595,9,985,16,855,16,686,10,
2026-09-30,06:18:51.249,999,1054,15,920,12,800,12,1365,20,1328,20,548,10,1240,20,1294,17,885,13,1173,17,1040,16,792,11,862,13,645,10,853,15,662,10,
2026-09-30,06:18:52.249,999,759,11,601,8,780,11,1113,14,1227,18,1115,22,620,11,900,12,1269,19,1184,16,1355,20,1493,21,1374,21,1212,19,936,17,812,12,
2026-09-30,06:18:53.249,1000,685,10,1403,19,499,7,768,10,801,12,429,8,568,10,832,11,1078,16,510,7,571,9,857,12,1226,19,754,12,608,11,1211,18,
2026-09-30,06:18:54.249,999,26835,370,29607,375,23026,370,26173,384,24649,360,22309,373,22815,369,28044,370,26392,370,25384,379,21782,363,26626,378,24666,375,24088,369,21894,369,27642,406,
2026-09-30,06:18:55.249,999,2023,29,2931,39,2100,34,1874,29,2731,40,1918,31,1774,28,2629,35,2296,34,2077,31,1779,31,2626,38,2455,38,2483,37,2186,36,1885,28,
2026-09-30,06:18:56.249,999,1165,17,1116,15,1031,15,1042,14,669,10,798,15,1024,18,834,11,769,11,878,12,942,14,775,11,722,11,425,7,681,11,936,14,
2026-09-30,06:18:57.249,1000,4764,68,5057,66,5076,75,5250,73,3242,52,4417,68,3867,58,4349,61,4353,61,3895,56,3761,59,4573,69,3203,51,3901,57,5046,78,4979,79,
2026-09-30,06:18:58.249,999,1160,17,1130,15,1328,19,1060,14,840,12,983,16,970,16,1012,14,945,14,1222,17,1186,18,1393,20,1437,22,994,15,1195,20,1039,17,
2026-09-30,06:18:59.249,999,965,14,671,9,1033,15,1208,16,756,11,648,11,829,14,838,12,581,8,1070,15,644,10,759,11,755,12,1126,16,556,9,731,12,
2026-09-30,06:19:00.250,1000,2079,29,1991,27,2319,33,2178,28,1507,22,1305,21,1240,20,1311,18,1739,25,901,12,1376,21,1418,20,1454,22,1106,16,1077,17,1532,24,
2026-09-30,06:19:01.250,1000,871,12,631,8,360,6,537,8,1174,17,777,13,857,13,1157,16,998,14,1229,19,693,12,761,11,708,11,882,13,1037,16,895,14,
2026-09-30,06:19:02.250,999,1838,26,2156,28,2077,29,2064,27,1451,24,2037,32,1509,23,1843,25,1862,26,1623,22,2191,33,1908,30,1771,31,1740,25,1461,23,1735,26,
2026-09-30,06:19:03.250,999,784,11,554,7,988,14,698,9,612,9,710,11,606,9,820,12,1147,16,949,13,762,11,856,12,798,12,736,11,626,10,453,8,
2026-09-30,06:19:04.250,1000,1541,23,1346,18,1206,17,1964,26,1375,22,1252,20,990,16,1574,21,1473,22,1605,22,1845,28,2041,30,1338,22,1738,25,1510,24,1573,24,
2026-09-30,06:19:05.250,999,3022,43,3481,45,3676,55,4005,54,2761,43,2584,39,3439,51,4130,56,2746,38,3086,43,2060,32,2710,41,3370,55,4044,57,3567,55,3050,46,
2026-09-30,06:19:06.250,999,1449,20,1817,23,1151,17,1385,20,1050,16,1037,17,977,16,1042,14,1213,17,1160,16,1045,17,1309,19,1395,22,1537,23,1540,25,1216,18,
2026-09-30,06:19:07.251,1000,1134,16,1654,21,1654,23,1553,20,1260,21,1611,24,1540,23,1407,19,2302,32,1869,25,1512,23,1312,21,1821,32,1467,21,1487,24,1506,23,
2026-09-30,06:19:08.250,999,1147,16,1609,21,1213,17,1471,19,1365,24,1040,16,830,13,1957,26,1077,15,899,12,1329,20,1342,22,1126,20,1330,19,1604,25,925,14,
2026-09-30,06:19:09.250,999,8602,119,8331,106,6463,115,6927,112,7702,113,6495,98,7056,106,8642,115,7303,102,7249,116,6475,118,7669,108,7205,110,7948,111,7513,112,7736,115,
2026-09-30,06:19:10.250,999,1412,21,1409,20,2283,32,1644,21,2387,35,2828,43,1746,26,2205,31,2343,37,2305,31,2686,40,2622,37,1659,25,1880,27,1968,30,2010,31,
2026-09-30,06:19:11.251,1000,883,14,702,9,961,13,981,12,621,9,699,11,1079,17,721,10,683,11,971,13,714,10,371,5,863,13,662,9,797,12,950,14,
2026-09-30,06:19:12.250,999,2997,49,2831,42,3584,51,3208,42,2247,34,2514,39,2827,44,4146,56,2719,46,3739,50,2794,41,2579,37,2775,44,3490,50,2196,35,2730,41,
2026-09-30,06:19:13.250,999,121,2,242,3,223,3,117,1,78,1,70,1,137,2,1,0,208,3,224,3,5,0,127,2,139,2,308,5,268,4,194,3,
2026-09-30,06:19:14.251,1000,2011,29,2727,36,2072,32,2981,41,1966,31,1665,26,2106,32,2848,38,2912,43,2600,38,2148,35,1884,28,2378,37,2127,31,2520,40,2063,31,
2026-09-30,06:19:15.250,999,1190,17,868,12,1142,18,1011,15,1079,16,1330,21,739,11,1129,15,1233,18,1433,20,1148,19,1068,15,1119,17,1069,15,784,12,757,11,
2026-09-30,06:19:16.250,999,1213,18,1348,18,1250,18,1541,20,1312,19,578,9,787,12,1388,20,1568,24,1078,15,1967,30,1254,18,1178,18,496,7,832,13,858,13,
2026-09-30,06:19:17.251,1000,947,14,945,12,796,11,579,7,877,13,1066,20,883,15,614,8,965,14,886,12,523,8,931,13,1311,20,1082,18,864,16,739,11,
2026-09-30,06:19:18.250,999,506,7,689,9,734,11,326,4,621,9,671,11,540,8,612,8,602,9,331,5,690,11,752,11,482,7,775,11,777,12,757,11,
2026-09-30,06:19:19.250,999,224,3,78,1,294,4,102,1,213,3,291,5,87,1,309,4,354,5,225,3,208,3,90,1,13,0,96,1,125,2,211,3,
2026-09-30,06:19:20.250,999,1562,22,2156,28,1162,17,1793,24,1523,23,1788,27,1556,24,2791,38,2142,30,1618,24,1921,31,1745,27,1918,30,1831,26,1886,30,1450,22,
2026-09-30,06:19:21.251,1000,715,10,617,8,473,7,613,8,779,12,286,5,299,5,690,9,643,9,791,11,323,5,349,5,513,8,480,7,781,13,730,11,
2026-09-30,06:19:22.250,999,688,10,1469,19,1527,22,2424,32,1227,18,989,18,735,12,1446,19,1150,16,1254,17,868,13,1057,15,1185,18,1145,18,1163,20,970,14,
2026-09-30,06:19:23.250,999,914,13,698,9,329,4,609,8,226,3,127,2,416,7,534,7,155,2,148,2,187,3,283,4,554,8,576,8,565,10,612,9,
2026-09-30,06:19:24.251,1000,7476,103,6223,79,5504,98,6213,99,5381,79,6033,93,5657,85,7396,98,6992,98,5630,91,4924,91,5974,85,7100,108,5707,81,6851,103,6609,98,
2026-09-30,06:19:25.251,999,1207,17,1609,21,1680,26,1950,29,1365,21,1493,23,1512,23,1795,24,1596,22,1645,24,997,17,1119,17,1585,25,1280,18,955,15,1155,17,
2026-09-30,06:19:26.250,999,263,4,330,5,662,9,426,5,261,4,321,5,448,7,307,4,317,5,727,10,213,3,73,1,270,4,403,6,390,7,619,9,
2026-09-30,06:19:27.250,999,296,4,610,8,505,7,591,8,619,9,268,4,399,6,150,2,379,6,231,3,272,4,413,6,137,2,449,6,317,5,347,5,
2026-09-30,06:19:28.251,1000,1147,16,954,12,955,14,1204,16,1445,21,1202,18,1113,17,1693,24,1538,22,1206,16,973,14,1096,15,945,14,819,11,830,13,763,12,
2026-09-30,06:19:29.250,999,1310,18,1718,22,973,14,1277,17,506,8,1224,20,1015,15,1241,17,618,9,1292,18,1281,20,852,13,1362,22,1527,23,1471,24,735,11,
2026-09-30,06:19:30.250,999,804,13,806,11,498,7,705,9,816,12,810,15,834,14,808,11,1673,25,736,10,672,10,831,12,1005,15,565,8,577,9,920,14,
2026-09-30,06:19:31.251,1000,498,7,318,4,691,10,329,4,147,2,173,3,209,3,492,7,275,4,371,5,375,6,494,7,228,3,347,5,83,1,202,3,
2026-09-30,06:19:32.251,999,73,1,247,3,413,6,171,2,463,7,405,7,215,4,458,6,386,5,598,8,545,8,289,4,322,5,299,4,245,4,411,6,
2026-09-30,06:19:33.250,999,491,7,538,7,385,5,959,12,471,7,400,7,332,5,240,3,642,10,309,4,406,6,538,8,345,5,253,3,373,6,286,4,
2026-09-30,06:19:34.250,999,567,8,609,8,484,6,463,5,214,3,343,6,482,8,780,10,434,6,730,10,999,15,644,9,377,5,508,7,533,9,628,9,
2026-09-30,06:19:35.251,1000,370,5,230,3,465,7,325,4,522,8,604,10,410,6,616,8,684,10,1070,15,557,9,544,8,350,5,608,8,538,8,216,3,
2026-09-30,06:19:36.250,999,1027,15,1376,18,1358,19,1501,20,882,13,661,10,1195,19,805,12,1096,16,785,11,872,13,781,11,949,14,766,11,535,9,888,14,
2026-09-30,06:19:37.250,999,227,3,476,6,431,6,626,7,436,6,475,8,78,1,266,4,430,6,380,5,343,5,450,7,433,7,531,7,546,9,797,12,
2026-09-30,06:19:38.251,1000,6487,90,6572,84,6129,105,5897,90,6806,102,6295,96,6153,93,7927,108,6935,97,6702,104,6023,107,6800,98,6718,103,6371,89,6866,103,6825,104,
2026-09-30,06:19:39.251,999,1276,19,972,13,1212,17,1323,18,1669,25,815,13,1260,19,2181,31,903,13,1172,16,1189,18,983,14,1252,19,877,12,1410,22,1260,19,
2026-09-30,06:19:40.250,999,427,6,326,4,569,8,668,8,532,8,212,4,366,6,541,7,356,5,365,5,763,11,434,6,837,13,603,9,401,7,922,14,
2026-09-30,06:19:41.251,1000,457,6,470,6,462,6,240,2,287,4,162,3,316,5,243,3,80,1,242,3,73,1,162,2,162,2,405,6,231,4,207,3,
2026-09-30,06:19:42.251,999,309,4,370,5,395,5,305,3,214,3,9,0,151,2,149,2,374,5,158,2,421,6,157,2,159,2,230,3,249,4,455,7,
2026-09-30,06:19:43.251,999,73167,1031,86835,1124,61050,1040,69943,1099,72473,1059,70437,1054,70665,1045,78925,1038,74574,1056,68935,1093,62431,1107,79160,1113,71124,1076,71242,996,76056,1129,71597,1061,
2026-09-30,06:19:44.250,999,83727,1174,100252,1291,80858,1220,89681,1258,71878,1174,82505,1264,79580,1200,93700,1234,86464,1212,87557,1260,76029,1217,81835,1253,75419,1253,87090,1255,75817,1174,83270,1245,
2026-09-30,06:19:45.251,1000,39630,575,47206,625,37687,582,38136,552,39063,604,39566,624,37692,581,46376,614,40896,590,41756,607,38434,619,39933,593,34372,550,41838,611,32445,508,36469,548,
2026-09-30,06:19:46.251,999,5102,76,7063,94,5897,90,8562,122,4516,67,4887,79,4935,78,5658,76,5130,76,5831,85,4407,72,5262,75,6080,94,5850,87,5288,88,5190,78,
2026-09-30,06:19:47.250,999,3921,56,3893,52,4160,64,4195,60,4162,62,3303,53,3305,53,3862,51,3234,47,3416,48,3421,54,3434,49,3503,53,3493,52,3002,49,2933,44,
2026-09-30,06:19:48.251,1000,2266,32,2705,35,2408,35,2486,33,2510,38,2257,41,2017,35,2814,38,2371,34,2999,41,3344,51,2310,33,1866,29,1718,27,1753,29,2690,41,
2026-09-30,06:19:49.251,999,2295,33,2543,33,2070,32,2892,41,2663,40,1834,30,1989,32,2610,35,2576,39,2777,40,2353,37,2787,39,2224,34,2452,36,1551,25,2347,36,
2026-09-30,06:19:50.251,999,8567,124,9938,131,7014,102,8938,119,6996,104,7613,124,7222,115,8901,122,7931,113,8077,111,7942,122,8307,120,7908,122,8355,126,6182,101,7417,113,
2026-09-30,06:19:51.250,999,4130,59,4450,60,4060,57,4860,64,2802,43,3474,58,3203,52,2784,39,2649,39,3075,42,2640,40,4115,59,4372,68,3041,47,2433,41,3302,53,
2026-09-30,06:19:52.251,1000,2489,36,3472,45,2578,37,2943,40,2527,38,2499,41,2572,43,3097,45,2903,40,2702,37,2268,35,2568,37,2254,34,1840,27,1668,26,2203,36,
2026-09-30,06:19:53.251,999,2686,37,2818,37,2001,28,2747,36,2314,35,1999,38,1732,30,1935,26,1942,27,1538,21,2541,38,2499,37,1763,28,1819,30,2249,41,1853,27,
2026-09-30,06:19:54.251,999,18141,249,17432,218,14822,255,15529,248,16054,231,15127,227,18112,269,19048,249,17142,238,15094,243,14058,254,18195,256,17870,267,17168,240,16871,253,18050,265,
2026-09-30,06:19:55.250,999,7844,111,9430,123,6909,110,7784,116,8143,121,7477,119,7009,110,7532,103,7943,114,7208,108,5234,88,8085,117,6482,100,7500,108,6088,93,6095,92,
2026-09-30,06:19:56.251,1000,38248,536,42000,540,32102,509,36428,528,33146,524,34859,525,35828,531,40492,543,38486,533,35820,533,33839,563,37203,552,31188,501,33871,485,34607,527,34597,530,
2026-09-30,06:19:57.251,999,3743,56,3882,53,2917,42,3844,51,2738,40,2306,38,3073,49,3820,54,2688,39,3549,48,2930,44,2892,41,3317,51,2901,43,2848,48,3179,50,
2026-09-30,06:19:58.250,999,2811,39,3010,38,2143,30,2387,31,2410,37,1916,36,1970,35,2786,38,3290,46,2788,38,3051,46,2981,44,2302,37,2200,36,2387,43,2523,38,
2026-09-30,06:19:59.251,1000,1003,14,1378,18,1689,26,1740,23,1961,29,1835,32,1854,31,1965,26,2247,33,2676,38,1755,26,2284,33,1270,20,1548,23,948,16,1821,27,
2026-09-30,06:20:00.251,999,1285,18,1233,16,2005,28,1672,22,845,15,1833,32,1446,25,1066,14,1279,18,1819,25,1612,24,967,15,1318,22,1361,21,1159,20,1278,19,
2026-09-30,06:20:01.251,999,2713,40,2812,38,2664,39,2363,31,2610,40,1942,31,1994,31,2859,39,2543,37,2411,34,2385,37,2152,31,2117,33,2195,33,1812,31,2271,35,
2026-09-30,06:20:02.250,999,1359,19,1293,17,1950,27,1588,20,835,14,1691,26,1353,20,1585,21,1539,21,1314,18,1719,26,1672,27,1309,23,2086,30,1113,18,2242,34,
2026-09-30,06:20:03.251,1000,1785,26,1922,25,2128,30,1633,21,2189,33,1741,28,1851,29,1998,28,1831,27,2136,29,1978,29,1751,25,1530,24,1675,24,1413,22,1056,17,
2026-09-30,06:20:04.251,999,949,13,1048,13,804,11,777,9,732,12,584,9,388,6,827,11,811,11,669,9,879,13,648,10,918,15,792,11,664,11,558,8,
2026-09-30,06:20:05.251,999,5264,73,7427,96,6622,108,6613,98,5642,86,6374,99,6089,94,7390,98,5790,81,6785,104,5375,91,6397,95,5139,82,5900,84,5507,85,5193,77,
2026-09-30,06:20:06.251,1000,2819,40,3533,46,2265,33,2711,37,2436,37,3378,43,2356,39,2246,30,3186,45,4051,56,2895,45,3069,45,2960,46,2950,46,2547,44,2758,41,
2026-09-30,06:20:07.251,999,2675,37,2245,29,1441,22,2328,34,2050,30,1645,26,1522,24,2906,39,2015,28,2123,31,1585,26,1430,20,1938,29,2105,31,2201,35,1750,26,
2026-09-30,06:20:08.251,999,3652,52,4866,63,4242,61,4124,55,3272,53,4142,68,3146,52,4336,59,3806,53,3707,51,4105,62,4554,68,3457,56,2369,34,3780,61,2953,46,
2026-09-30,06:20:09.251,999,13235,183,11639,147,10658,186,10775,171,11598,170,11224,171,12826,194,13998,186,11738,164,11240,179,9990,181,13336,188,12951,197,11986,170,12358,186,13742,202,
2026-09-30,06:20:10.251,1000,1707,26,2447,33,2761,39,1711,22,2234,36,2367,37,2127,33,2959,39,2317,35,2741,37,1775,26,2591,39,2308,37,1087,15,1760,27,2475,37,
2026-09-30,06:20:11.251,999,751,11,615,8,665,9,514,6,712,11,193,3,638,10,976,13,712,10,1134,15,479,7,1088,16,786,13,303,4,683,11,611,9,
2026-09-30,06:20:12.251,999,1763,25,1080,14,1178,17,1167,15,1249,19,795,13,1106,19,1083,15,1004,14,597,8,1371,21,910,13,1016,16,1203,17,817,14,1106,17,
2026-09-30,06:20:13.251,1000,803,11,615,8,647,9,739,9,667,10,831,15,708,11,601,8,688,10,562,8,454,7,700,10,449,7,595,9,608,10,935,14,
2026-09-30,06:20:14.251,999,2382,32,2395,30,2177,35,2310,33,1379,20,2127,33,1695,26,1818,24,1714,24,1778,28,1749,30,2166,31,1888,29,1953,27,2474,38,1530,22,
2026-09-30,06:20:15.251,999,6035,87,6454,85,5197,78,5382,76,4333,70,5171,81,5679,87,6922,91,6995,99,7276,103,5203,82,5058,77,5562,95,6060,87,5676,87,5850,87,
2026-09-30,06:20:16.251,999,1425,21,1609,22,1958,29,2253,30,1643,24,1511,26,1584,27,1746,24,2098,31,2528,35,1681,26,1518,22,1483,22,1980,30,1524,26,1195,18,
2026-09-30,06:20:17.251,1000,284,4,550,7,310,4,375,4,355,5,327,5,407,7,293,4,229,3,314,4,272,4,368,5,415,6,244,3,398,7,427,6,
2026-09-30,06:20:18.251,999,62342,877,74236,958,52126,896,58124,914,69148,1016,62832,943,63880,945,69262,912,63731,902,57746,917,51334,916,68096,960,60915,926,62071,871,60714,901,62160,919,
2026-09-30,06:20:19.251,999,5897,87,6627,88,5797,91,6515,94,5441,82,5807,97,5516,87,5929,79,6532,94,6344,91,5327,85,6531,94,5976,92,6365,94,5395,86,5479,83,
2026-09-30,06:20:20.251,1000,40701,569,41802,539,36456,582,37721,564,37778,566,37866,608,35910,563,42111,557,41779,590,38334,575,34802,580,36664,532,36263,562,36125,531,32727,518,36974,551,
2026-09-30,06:20:21.251,999,3256,50,3477,48,3204,45,3421,45,3469,53,2965,46,4196,65,3750,51,3228,47,3292,44,3626,54,3863,56,2501,40,2795,40,2903,45,2746,44,
2026-09-30,06:20:22.251,999,3369,47,3771,49,2537,40,3465,50,2428,37,3339,52,2354,37,3234,43,3713,52,3948,57,2788,47,2711,41,3341,53,2844,43,3405,56,2607,40,
2026-09-30,06:20:23.252,1000,6473,95,6340,84,5547,80,7048,95,4394,68,4577,72,4986,77,5253,71,4664,68,4479,63,3334,52,4298,63,3869,62,4982,73,4696,74,3757,57,
2026-09-30,06:20:24.251,999,684,10,1013,13,1067,15,1150,15,892,13,774,15,570,10,687,9,1120,16,828,11,667,10,1080,15,845,13,556,8,434,8,813,12,
2026-09-30,06:20:25.251,999,23632,325,24975,318,17620,308,19018,306,20937,307,20806,316,20421,306,23273,308,20987,293,18513,298,15440,279,20440,289,19459,292,22067,310,19656,296,23313,345,
2026-09-30,06:20:26.251,999,2213,35,3428,48,3391,48,3792,50,2083,31,1944,33,2888,48,3249,43,3440,53,3669,50,2727,41,2771,39,2815,43,3276,51,2673,45,2463,37,
2026-09-30,06:20:27.252,1000,2523,37,2404,32,1500,23,1289,18,2159,32,1709,28,1600,26,2189,29,2065,30,1441,21,1901,31,1574,23,1342,20,1340,19,1851,31,1752,26,
2026-09-30,06:20:28.251,999,1278,18,1845,23,1103,16,1411,18,1520,23,1518,29,1130,20,1819,24,2071,29,1747,24,2095,31,1996,30,1169,18,1352,21,1256,23,1396,21,
2026-09-30,06:20:29.251,999,3517,49,2937,38,3736,55,3546,48,2356,35,2295,37,2670,43,3501,47,2532,37,2665,38,2057,33,1961,29,2505,39,2836,42,3140,52,2374,36,
2026-09-30,06:20:30.251,999,2006,28,3273,42,2446,35,2836,37,1408,21,1204,21,1111,19,1074,15,1588,22,1774,24,1485,22,1869,27,2059,32,2134,33,1408,26,1767,28,
2026-09-30,06:20:31.252,1000,1281,18,2077,27,2083,31,2463,34,1561,23,1568,26,1948,31,1710,24,2086,30,1655,23,1344,21,2108,30,1390,21,1530,23,1597,27,2004,31,
2026-09-30,06:20:32.251,999,726,10,637,9,948,13,937,12,957,14,1023,17,1085,18,945,13,482,7,815,11,1073,16,998,14,610,9,805,11,776,12,679,11,
2026-09-30,06:20:33.251,999,299,4,251,3,792,11,418,5,612,9,239,4,345,6,373,5,594,8,232,3,417,6,564,8,383,6,194,3,152,3,277,4,
2026-09-30,06:20:34.251,999,4843,68,3945,51,3827,54,4485,59,4546,70,3718,57,3871,59,3397,52,4782,66,4480,61,4766,71,4939,70,4022,63,3998,57,4031,64,4203,71,
2026-09-30,06:20:35.252,1000,3544,50,3637,47,3311,51,3535,52,2322,38,3551,55,2938,44,3455,46,3245,45,3560,54,1989,33,2903,44,2399,39,3083,44,2884,45,2896,44,
2026-09-30,06:20:36.251,999,562,8,472,6,529,7,356,4,466,7,604,11,537,9,595,8,940,13,906,12,505,7,559,8,538,8,849,12,428,7,655,10,
2026-09-30,06:20:37.251,999,683,10,963,12,709,10,558,6,954,14,972,15,1373,21,1061,14,876,13,1543,21,779,11,817,12,949,15,480,6,742,12,810,12,
2026-09-30,06:20:38.252,1000,2803,39,2157,28,1939,28,1780,23,1736,29,2075,35,1387,23,1897,25,1779,25,1727,24,1110,17,1648,26,1914,31,1910,28,1593,26,1248,18,
2026-09-30,06:20:39.251,999,215,3,86,1,314,4,459,5,549,8,305,6,477,8,314,4,273,4,160,2,223,3,583,8,462,6,222,3,134,2,229,3,
2026-09-30,06:20:40.251,999,7929,109,7525,96,6117,108,7242,116,7296,106,7171,109,7068,106,7883,105,7413,104,6491,105,5234,95,6917,98,7846,120,7511,105,7714,115,8287,123,
2026-09-30,06:20:41.251,999,727,10,400,5,648,9,438,5,80,1,237,4,417,7,230,3,203,3,308,4,481,7,280,4,290,4,226,3,305,5,412,6,
2026-09-30,06:20:42.252,1000,714,10,926,12,805,11,1019,12,802,13,961,15,966,15,1146,15,564,8,815,11,699,11,723,12,1049,17,614,8,570,9,875,13,
2026-09-30,06:20:43.251,999,512,7,629,8,869,12,437,5,211,3,176,3,721,12,833,11,436,6,727,10,869,13,937,14,754,12,444,6,499,9,550,8,
2026-09-30,06:20:44.251,999,2329,32,2241,29,1843,32,2159,33,1508,22,1868,28,1681,25,2217,29,1848,26,1587,25,1160,21,1109,16,2483,37,2262,31,2880,44,1467,22,
2026-09-30,06:20:45.252,1000,1216,17,1467,19,1101,17,1629,23,1379,20,1365,22,900,14,1177,16,1442,20,931,14,825,14,1425,21,1050,16,1157,16,653,11,953,14,
2026-09-30,06:20:46.252,999,2323,35,3474,46,2380,34,3206,43,3004,49,3109,49,3212,50,3053,40,3707,52,3751,52,2517,39,3399,51,2487,43,2635,38,3121,50,2939,44,
2026-09-30,06:20:47.251,999,210,3,13,0,437,6,763,9,514,8,819,12,453,7,500,7,86,1,374,5,469,7,316,5,257,4,390,5,506,8,417,6,
2026-09-30,06:20:48.251,999,286,4,469,6,308,4,349,4,626,9,285,5,420,7,781,11,487,7,737,10,533,8,789,11,275,4,439,6,228,4,207,3,
2026-09-30,06:20:49.252,1000,3102,43,3088,40,2703,42,2635,39,2535,38,2607,42,2471,38,3265,43,2417,34,1832,28,2157,37,2298,33,3137,49,2993,45,3053,51,2558,38,
2026-09-30,06:20:50.252,999,2622,38,2568,34,2844,41,3875,51,1793,31,2612,40,2653,41,2834,37,3172,46,3038,42,1961,30,1889,29,1994,34,2321,33,1845,28,2378,36,
2026-09-30,06:20:51.251,999,1880,26,2035,26,1885,28,1228,17,1805,27,1425,24,1448,23,2377,32,1715,25,1209,17,2170,34,1764,25,1394,21,1656,24,1414,23,1518,23,
2026-09-30,06:20:52.252,1000,288,4,240,3,224,3,188,2,423,6,184,3,171,3,383,5,374,5,495,7,206,3,220,3,321,5,416,6,204,3,202,3,
2026-09-30,06:20:53.252,999,392,6,136,2,89,1,178,2,74,1,167,3,442,7,149,2,472,7,79,1,57,1,352,5,130,2,139,2,320,6,191,3,
2026-09-30,06:20:54.251,999,426,6,470,6,271,4,433,6,474,7,189,3,60,1,449,6,288,4,467,7,529,9,220,3,499,8,480,7,401,6,389,6,
2026-09-30,06:20:55.251,999,20364,281,21175,271,17388,272,19744,284,18602,272,16025,282,16492,277,21916,291,20601,289,20799,303,16773,271,19601,280,18746,286,17226,275,17388,306,21128,314,
2026-09-30,06:20:56.252,1000,1095,16,1706,24,993,14,951,13,592,9,1135,19,726,12,738,10,1696,24,1302,18,1228,19,1409,20,1354,20,809,12,650,11,560,8,
2026-09-30,06:20:57.252,999,303,4,539,7,276,4,302,4,578,9,611,11,572,10,606,8,328,5,525,7,736,11,743,11,702,11,163,2,349,6,751,11,
2026-09-30,06:20:58.251,999,437,6,442,6,775,11,609,8,552,9,447,8,688,12,832,11,752,11,837,12,242,4,591,9,439,7,317,5,320,6,206,3,
2026-09-30,06:20:59.252,1000,81,1,293,4,152,2,240,3,489,8,435,7,295,5,381,5,404,6,229,3,281,4,348,5,197,3,88,1,262,5,203,3,
2026-09-30,06:21:00.252,999,227,3,250,3,223,3,247,2,356,5,439,7,11,0,228,3,285,4,162,2,422,6,207,3,331,5,180,2,298,5,225,3,
2026-09-30,06:21:01.251,999,162,2,251,3,101,1,70,0,367,6,191,3,210,3,160,2,147,2,8,0,148,2,90,1,96,1,316,4,297,4,17,0,
2026-09-30,06:21:02.251,999,2335,33,1969,26,1891,26,2344,30,1921,30,2309,36,2643,40,2872,38,2197,32,1856,25,2335,36,2016,31,1620,25,2265,32,1961,32,1822,27,
2026-09-30,06:21:03.252,1000,1155,16,1509,19,1665,24,1239,16,1684,26,852,12,1240,18,1376,19,1303,18,1210,17,1145,18,1376,18,604,9,1022,14,1189,18,775,12,
2026-09-30,06:21:04.252,999,441,6,632,8,320,4,436,5,218,4,407,6,260,4,395,5,383,5,443,6,208,3,466,8,436,8,462,6,406,6,415,6,
2026-09-30,06:21:05.251,999,3524,49,4425,56,3967,60,4237,59,3764,58,3344,52,3188,49,4880,64,3294,45,3732,54,2812,46,3171,46,3262,53,4057,59,3337,53,3820,57,
2026-09-30,06:21:06.252,1000,319,4,738,9,669,9,736,9,292,4,437,8,616,11,693,9,802,11,1050,14,436,6,411,6,171,2,474,7,368,7,546,8,
2026-09-30,06:21:07.252,999,1104,18,1336,19,1613,23,1387,18,924,15,590,9,1073,16,1437,19,1610,23,1495,20,1887,28,1016,16,1222,21,1524,21,1313,20,1223,18,
2026-09-30,06:21:08.251,999,1314,19,1537,20,1204,17,1492,20,1381,22,868,13,1167,18,2114,28,1575,23,1060,15,1186,19,1584,24,846,14,1022,14,1197,18,1022,15,
2026-09-30,06:21:09.252,1000,1587,23,1558,21,1842,27,2221,32,1635,25,1971,30,1497,22,1404,19,1437,22,1764,26,1805,29,1472,22,1393,22,1713,24,2036,32,2065,31,
2026-09-30,06:21:10.252,999,106477,1496,119286,1547,91120,1540,98121,1536,109334,1600,100569,1542,104054,1565,119837,1580,109496,1555,103044,1614,91568,1606,116501,1641,100018,1525,106286,1513,101409,1539,107285,1593,
2026-09-30,06:21:11.252,999,4620,68,5434,72,4771,73,5263,76,4319,65,4766,73,5104,77,5174,69,4754,69,5544,82,4694,76,5125,76,5037,78,4793,70,3782,59,4450,68,
2026-09-30,06:21:12.251,999,2844,42,3955,52,3723,55,3789,52,3344,50,3202,52,2634,42,3478,47,2571,37,3642,51,3361,53,2859,41,3573,55,2816,42,2720,44,2971,45,
2026-09-30,06:21:13.252,1000,5854,84,5986,78,6686,98,6094,80,4751,71,3551,59,4801,77,5313,72,5153,74,5147,71,5154,79,4725,69,4916,77,4683,69,4907,78,4809,73,
2026-09-30,06:21:14.252,999,2704,41,2875,39,2409,38,3193,46,2818,41,2628,41,2413,37,2387,32,2190,33,2480,37,2682,44,2806,40,2521,38,2682,38,2825,43,2368,35,
2026-09-30,06:21:15.251,999,8189,113,11193,143,6731,117,7498,120,9220,135,8180,130,7574,117,10934,146,8854,124,8049,127,6703,118,7303,104,8059,124,8506,123,7068,110,7312,109,
2026-09-30,06:21:16.252,1000,3044,44,4261,57,3269,49,3649,50,3445,52,3541,58,3216,53,3345,45,3867,56,2906,41,3494,56,4138,59,3566,54,2953,44,3068,53,3301,50,
2026-09-30,06:21:17.252,999,1776,29,3078,44,2527,37,2361,32,2181,32,2123,33,2335,36,2263,30,1914,31,2161,30,2379,36,2822,40,1969,30,2319,35,2126,34,1950,29,
2026-09-30,06:21:18.252,999,2567,41,2425,34,2552,36,3255,42,2070,30,2238,37,3329,53,2598,35,1424,24,2577,35,2210,33,2651,38,1984,30,2004,30,1894,31,1802,27,
2026-09-30,06:21:19.252,1000,1753,25,1712,22,1237,17,1710,22,1435,21,1749,31,1045,18,1263,17,1910,27,1829,25,1988,29,1985,28,1449,22,1242,18,1076,19,1170,17,
2026-09-30,06:21:20.252,999,2552,40,2859,40,2257,32,2717,35,1572,23,1594,27,1694,28,1654,22,1687,27,2776,38,1819,27,1642,24,1663,26,2401,37,2020,34,1733,26,
2026-09-30,06:21:21.252,999,44592,629,47722,619,36852,623,41207,641,46496,686,43422,652,41986,620,49334,648,43758,621,42382,665,38347,674,49064,693,41180,621,45620,642,42606,637,43341,641,
2026-09-30,06:21:22.251,999,18713,262,21350,277,16485,272,18204,277,18237,267,16315,259,16924,262,19126,253,18062,258,17735,273,14741,255,17310,247,18602,281,18859,276,15498,242,18032,268,
2026-09-30,06:21:23.252,1000,7364,107,8589,115,6684,107,8172,121,7566,112,6606,103,7314,113,8679,115,6269,93,7062,107,6778,116,7982,114,7142,110,8355,122,7426,118,7208,108,
2026-09-30,06:21:24.252,999,19411,272,20056,257,16632,278,18527,283,16055,233,18274,281,17967,271,20323,271,20966,295,19017,293,15755,268,20249,287,18566,282,19540,275,19165,288,19091,285,
2026-09-30,06:21:25.252,999,10325,144,12169,155,8743,146,9997,154,10010,146,9886,161,9249,146,11878,158,9922,139,9496,148,7892,135,8648,123,8052,124,10393,155,7988,128,9320,139,
2026-09-30,06:21:26.252,1000,6328,96,7835,107,6210,90,7312,98,5352,79,5699,91,6551,103,6663,94,6871,102,7607,104,4862,75,6286,89,7117,109,6756,100,6036,96,5571,91,
2026-09-30,06:21:27.252,999,4357,64,4798,63,4179,65,4348,63,3539,52,4085,68,2914,48,4070,55,2940,43,4591,66,3408,54,4150,59,4449,69,4660,70,4969,83,4600,70,
2026-09-30,06:21:28.252,999,1230,18,1865,25,1458,21,1826,25,1653,24,1244,23,1398,24,1473,20,1239,18,2727,38,1397,21,1358,20,1122,17,892,14,1140,20,1066,16,
2026-09-30,06:21:29.252,999,1171,17,1355,18,1226,17,954,12,626,9,578,10,768,13,544,7,769,12,749,10,1142,17,1343,19,1022,15,776,11,562,10,1150,17,
2026-09-30,06:21:30.252,1000,2346,34,2745,36,2008,28,2925,38,1534,23,1532,26,1210,20,1797,24,2308,33,2354,32,1679,26,1415,20,2033,31,2714,41,1552,25,1677,25,
2026-09-30,06:21:31.252,999,2036,30,2644,36,2146,32,3445,48,2838,43,2775,45,2568,40,2568,34,2580,38,3251,47,2208,35,2242,32,2406,37,2619,38,1935,31,2741,41,
2026-09-30,06:21:32.252,999,1793,26,1279,16,1682,25,1715,22,1229,18,949,16,1461,24,884,12,1135,16,1387,19,1597,24,1613,23,1583,24,1266,19,919,16,1244,19,
2026-09-30,06:21:33.252,1000,736,10,1261,16,931,13,834,10,734,11,1019,19,480,9,1042,14,1006,14,938,13,888,13,1288,18,647,10,774,12,642,12,844,12,
2026-09-30,06:21:34.252,999,2051,30,2550,34,2244,33,2386,33,2123,31,1376,23,1377,23,2438,34,1821,27,1405,20,1437,22,1759,25,1412,21,1783,27,1717,30,1804,28,
2026-09-30,06:21:35.252,999,2932,41,4337,56,4027,66,4249,64,3272,48,4385,71,3910,61,4872,65,4828,70,5360,80,3345,54,3499,50,4492,69,4837,70,3083,49,3870,58,
2026-09-30,06:21:36.252,1000,1255,18,1443,19,801,11,1204,15,1050,15,913,16,594,11,684,9,1048,16,1195,16,840,13,1279,18,1268,19,839,13,1049,20,869,13,
2026-09-30,06:21:37.253,1000,689,10,837,11,760,11,945,12,528,8,570,10,452,8,848,11,506,7,603,8,420,6,491,7,537,8,640,10,536,10,611,9,
2026-09-30,06:21:38.253,999,14538,206,18898,247,15826,224,16178,215,13852,214,12578,221,11598,202,15873,209,14874,209,14904,203,14746,221,15306,220,13060,204,11765,188,12652,227,15589,233,
2026-09-30,06:21:39.253,999,2094,31,2649,35,2613,39,1915,25,1419,21,1612,27,1357,21,1797,24,1783,27,1486,21,2076,33,1630,23,1891,29,2800,41,1602,26,1903,28,
2026-09-30,06:21:40.253,1000,12333,171,11927,154,10107,174,10651,168,9970,148,11806,179,11189,167,13201,175,11728,167,10908,171,8651,154,12899,184,11323,174,11683,166,12240,182,13184,195,
2026-09-30,06:21:41.253,999,4960,72,4519,59,4095,59,5123,68,4286,66,3988,62,5355,84,5349,73,4058,59,4775,67,4727,73,4467,66,3077,51,4153,60,3550,56,3858,60,
2026-09-30,06:21:42.253,999,5066,71,6179,79,5884,83,4195,55,6275,92,5438,81,5786,86,5214,86,5706,79,5997,81,5273,78,5966,85,4598,70,5295,75,4515,69,4184,77,
2026-09-30,06:21:43.254,1000,447,6,707,9,907,12,707,8,454,7,811,13,483,8,463,6,448,6,595,8,466,7,231,3,473,7,601,9,484,8,623,9,
2026-09-30,06:21:44.253,999,2237,31,2481,32,2841,44,2537,36,1714,25,2210,34,1465,23,2139,29,1922,27,2137,31,1918,31,1845,26,2310,35,2447,34,2483,38,1801,27,
2026-09-30,06:21:45.253,999,1764,25,2872,37,1737,30,2213,36,2423,35,1606,26,1603,25,2110,28,2055,29,1788,28,1229,22,1346,19,1893,29,2956,42,1560,24,2014,30,
2026-09-30,06:21:46.253,999,2720,40,2595,35,2057,30,2546,35,2279,33,2232,36,2565,41,2445,33,2513,37,1988,29,2206,36,2800,40,1658,25,1878,27,2331,38,1844,28,
2026-09-30,06:21:47.253,1000,4692,66,5146,67,3727,64,4349,69,3201,47,4093,62,3669,54,4457,59,3107,43,3515,56,2829,51,3849,54,4213,63,4320,61,4368,67,5120,78,
2026-09-30,06:21:48.253,999,787,11,870,11,367,5,424,5,349,5,264,5,293,5,377,5,428,6,275,4,662,10,771,11,329,5,363,5,389,7,202,3,
2026-09-30,06:21:49.253,999,372,5,483,6,575,8,465,6,697,10,612,10,684,12,944,13,596,8,901,12,331,5,658,9,538,8,190,2,485,9,657,11,
2026-09-30,06:21:50.254,1000,527,7,373,5,313,4,492,6,485,7,75,1,369,6,383,5,349,6,601,8,537,8,84,1,296,4,394,5,492,8,422,6,
2026-09-30,06:21:51.253,999,220,3,315,4,447,6,424,5,215,3,214,4,374,6,224,3,506,7,387,5,213,3,357,5,62,1,354,5,345,6,367,6,
2026-09-30,06:21:52.253,999,560,8,518,7,380,5,589,7,996,15,671,11,645,10,922,13,217,3,654,9,513,8,482,7,585,9,246,3,670,11,368,6,
2026-09-30,06:21:53.253,999,58652,828,65949,855,48547,832,54030,848,56038,821,55024,825,55660,823,63173,831,55588,785,51358,818,47844,853,58951,829,52556,799,57506,808,54853,816,54931,816,
2026-09-30,06:21:54.254,1000,34964,489,38700,494,28312,465,32523,496,34383,508,32731,514,30937,478,37506,502,34036,479,34900,530,29330,501,32980,470,31458,480,31347,452,28299,445,29569,441,
2026-09-30,06:21:55.253,999,24748,343,24998,320,20776,351,22858,356,20104,294,21395,335,22238,339,25923,346,24261,341,23468,366,20975,366,23828,339,22206,340,24604,355,23465,359,24565,366,
2026-09-30,06:21:56.253,999,2851,43,4011,54,3601,54,4306,60,3244,48,3717,60,3003,48,4189,57,3696,54,4226,60,3906,61,3877,55,3282,50,4116,63,2384,39,2930,46,
2026-09-30,06:21:57.254,1000,1150,17,1673,22,1356,20,1878,26,1664,25,1428,24,1280,22,1950,26,1504,22,2069,28,1487,23,1670,24,1160,18,1094,17,1016,18,1166,17,
2026-09-30,06:21:58.254,1000,6666,95,8384,110,6984,103,8109,111,6746,100,6640,107,5960,95,7430,101,6947,104,7232,102,6497,104,6409,92,5096,78,6679,102,6110,99,6034,92,
2026-09-30,06:21:59.254,999,2585,37,2243,30,1850,26,2537,33,2006,29,1579,26,1378,22,1491,21,2443,37,2009,28,1574,24,2072,29,2016,31,1645,24,2135,34,1950,31,
2026-09-30,06:22:00.254,999,1603,23,2712,36,2195,32,2031,26,1736,26,1644,29,1334,22,2485,33,1615,23,2774,38,1928,29,2123,30,2411,37,1806,28,1291,23,1494,23,
2026-09-30,06:22:01.255,1000,443,6,389,5,596,8,668,8,703,10,1220,22,650,11,654,9,923,13,822,11,817,12,1043,15,498,7,501,7,349,6,667,10,
2026-09-30,06:22:02.254,999,2016,28,2907,38,1866,26,2147,28,1649,25,1686,26,1587,24,1574,21,1834,25,1910,27,2224,34,2397,37,1631,27,2317,33,2076,32,1984,30,
2026-09-30,06:22:03.254,999,2120,30,2619,34,2018,28,1606,20,1621,24,1257,22,1761,28,1934,27,2257,31,1501,20,1812,27,1836,26,1341,20,1386,20,1162,19,1392,21,
2026-09-30,06:22:04.255,1000,1805,25,1277,16,1148,16,1654,21,1053,17,1548,26,957,16,1447,19,1355,19,1662,23,1183,18,722,11,887,14,955,14,1159,20,822,12,
2026-09-30,06:22:05.255,999,5997,84,6786,86,5778,93,5590,84,5182,76,5414,82,6382,96,6732,94,6169,86,6570,97,6006,101,6533,93,5047,77,5916,83,4684,71,4634,74,
2026-09-30,06:22:06.254,999,1583,23,1435,19,1922,28,2348,31,1340,21,1217,20,1459,24,1806,24,1757,25,1895,27,1226,19,1565,24,1669,27,1828,28,1304,23,1683,25,
2026-09-30,06:22:07.254,999,2083,29,2192,28,1745,25,2238,30,2612,39,2456,40,2212,35,2657,39,2804,39,2581,35,2441,36,1988,28,2355,36,2108,30,2254,37,2308,37,
2026-09-30,06:22:08.255,1000,2600,36,3726,48,2613,37,2619,35,2733,46,3359,53,2563,39,3638,48,2780,38,2292,33,2931,46,3171,49,1825,31,2150,31,2388,37,2121,32,
2026-09-30,06:22:09.254,999,614,9,846,11,583,8,698,8,1002,15,659,11,868,14,725,10,934,13,500,7,808,12,856,12,599,9,340,4,546,9,575,8,
2026-09-30,06:22:10.254,999,8635,119,7580,97,7067,123,7534,119,6442,94,7815,120,7723,116,8847,117,7918,111,7031,113,7064,127,7881,112,9420,144,8811,124,8812,133,9202,137,
2026-09-30,06:22:11.255,1000,936,14,1182,16,1105,16,794,10,764,11,665,10,971,15,1346,18,1247,19,861,12,780,12,1401,20,954,14,1202,17,697,11,571,8,
2026-09-30,06:22:12.255,999,574,8,1058,14,1075,16,770,10,974,14,953,17,531,9,1569,21,1166,17,1446,20,1029,16,1066,15,658,10,608,9,646,11,813,12,
2026-09-30,06:22:13.254,999,154,2,241,3,253,3,218,2,281,4,242,4,314,5,78,1,18,0,236,3,64,1,73,1,86,1,179,2,235,4,157,2,
2026-09-30,06:22:14.254,999,3776,57,2820,39,3132,48,3849,57,2724,40,2282,34,2503,37,3105,41,3196,48,3559,52,3259,52,2989,42,3282,50,3073,43,3476,52,3533,52,
2026-09-30,06:22:15.255,1000,2214,34,1430,20,2437,37,2408,33,1365,20,1515,24,1649,25,2239,30,1558,24,1271,19,1467,24,1371,19,2084,32,2306,32,1653,25,2140,32,
2026-09-30,06:22:16.255,999,1961,29,2084,28,1974,28,2935,39,1912,30,2190,34,2024,32,1447,20,2157,31,2402,33,2101,32,2059,30,2486,39,3148,45,1580,25,2160,34,
2026-09-30,06:22:17.254,999,624,9,874,11,585,8,719,9,581,9,351,6,709,11,454,6,444,7,377,5,620,9,723,10,470,7,412,6,607,11,672,10,
2026-09-30,06:22:18.255,1000,1021,16,1119,15,786,11,788,10,754,11,768,13,757,13,1260,17,694,10,1258,17,986,15,766,11,720,11,729,11,346,6,536,8,
2026-09-30,06:22:19.255,999,746,12,808,12,1336,19,1434,18,832,14,1104,17,1247,19,1426,19,796,13,1083,15,851,13,1113,16,1037,16,880,12,1001,15,1023,15,
2026-09-30,06:22:20.254,999,1408,22,1410,18,1347,18,1018,12,974,15,922,15,1636,25,1046,14,1333,19,1637,22,1001,15,1482,21,1188,18,1027,14,836,13,784,11,
2026-09-30,06:22:21.255,1000,290,4,705,9,532,7,691,8,560,8,570,9,485,7,693,9,594,8,600,8,467,7,405,6,596,10,436,6,427,7,557,8,
2026-09-30,06:22:22.256,1000,149,2,293,4,284,4,203,2,350,5,236,4,206,3,152,2,301,4,272,4,272,4,71,1,206,3,514,7,233,4,208,3,
2026-09-30,06:22:23.256,999,79,1,249,3,291,4,138,1,217,3,52,1,131,2,83,1,357,5,83,1,66,1,60,1,158,2,205,3,179,3,215,3,
2026-09-30,06:22:24.255,999,126,2,242,3,160,2,339,4,352,5,173,3,131,2,159,2,294,4,308,4,507,8,283,4,277,4,313,4,413,6,343,5,
2026-09-30,06:22:25.256,1000,9817,144,9213,123,9411,160,10085,156,8781,129,10616,162,10532,158,10818,144,9994,147,10345,161,8943,157,9885,140,10043,154,10940,155,9981,150,11239,168,
2026-09-30,06:22:26.256,999,2333,34,2321,30,2328,33,2659,35,958,16,2111,32,2176,33,2325,31,2080,30,2635,37,1907,30,2308,36,1917,34,2153,31,1381,21,1773,27,
2026-09-30,06:22:27.255,999,503,8,702,9,619,9,1287,17,485,7,709,11,976,15,833,11,509,7,638,9,451,7,777,11,922,14,943,13,503,9,1256,19,
2026-09-30,06:22:28.255,999,219,3,313,4,295,4,108,1,278,4,470,8,403,7,531,7,77,1,440,6,460,7,418,6,266,4,366,5,338,5,472,7,
2026-09-30,06:22:29.256,1000,226,3,172,2,218,3,113,1,480,7,119,2,245,4,220,3,286,4,426,6,503,8,355,5,394,6,416,6,175,3,277,4,
2026-09-30,06:22:30.256,999,1312,20,952,13,973,14,858,12,1042,16,552,8,426,6,1134,15,808,12,1513,21,752,12,1335,19,1006,15,948,13,831,13,904,13,
2026-09-30,06:22:31.255,999,2038,32,2373,32,2232,33,2619,36,1488,23,1983,30,2070,31,1415,19,2160,31,1751,25,1544,25,1850,27,1547,24,2175,30,2523,38,2428,37,
2026-09-30,06:22:32.256,1000,60767,857,69115,894,50619,867,55478,880,63960,939,61660,926,62217,919,71882,945,63468,898,58896,938,52897,943,64806,910,56427,859,63264,887,60697,904,60481,896,
2026-09-30,06:22:33.256,999,17765,257,19927,262,16278,250,18318,265,18647,276,16343,274,16230,262,20174,267,18264,268,18346,265,17962,294,17740,253,16055,246,16193,247,14244,237,17152,258,
2026-09-30,06:22:34.255,999,2387,37,2221,33,2240,32,2318,30,1598,23,1885,30,1785,27,1961,26,1908,31,2951,40,2539,38,1979,28,2166,33,2314,34,1970,31,2241,33,
2026-09-30,06:22:35.256,1000,8939,126,10490,135,8699,144,9556,146,10698,156,9245,150,8743,140,10837,145,9887,140,9293,142,8006,136,8754,125,7475,115,8723,130,7846,125,9261,139,
2026-09-30,06:22:36.256,999,8029,121,6988,96,7539,110,10019,135,6514,100,6607,106,6685,107,6626,89,7307,108,7072,98,8282,126,7530,108,6718,105,7592,112,7413,118,7396,113,
2026-09-30,06:22:37.256,999,1665,25,2423,32,1850,28,1924,26,1686,26,1730,28,939,15,1325,18,1055,15,1443,20,1693,26,1389,20,1278,20,1239,19,1291,22,1290,19,
2026-09-30,06:22:38.255,999,4241,71,5020,72,4696,66,5433,72,4905,75,5305,83,4267,66,4219,56,4300,72,3894,53,3880,58,4495,66,3978,64,3450,50,3474,55,3818,57,
2026-09-30,06:22:39.256,1000,13392,186,13809,174,11104,194,11044,173,11453,166,12664,189,12229,182,13804,182,13065,184,12282,195,11387,199,14223,201,13051,198,13262,184,12702,186,13694,201,
2026-09-30,06:22:40.256,999,1320,19,1567,20,1409,20,2214,29,757,11,899,17,679,12,1510,20,1446,21,1118,15,877,13,1194,17,1405,21,1186,19,904,17,1328,20,
2026-09-30,06:22:41.255,999,1214,17,1087,14,1288,18,1019,13,1096,17,650,12,804,14,689,9,775,11,1067,14,882,13,1233,18,936,14,806,13,920,17,1089,16,
2026-09-30,06:22:42.256,1000,1529,22,1286,17,1649,23,1997,26,971,14,970,16,1419,23,1945,26,1644,24,1244,17,1468,22,1179,17,1037,16,1458,22,859,14,1779,27,
2026-09-30,06:22:43.256,999,788,11,1146,15,1222,17,1212,15,858,13,650,11,616,10,1054,14,649,9,610,8,609,9,807,11,841,13,760,11,749,12,939,14,
2026-09-30,06:22:44.256,999,1685,23,1932,24,1773,29,1567,23,1152,17,1496,23,1103,17,1751,23,1371,19,1345,21,1359,23,1214,17,1541,23,1855,27,1995,32,1171,17,
2026-09-30,06:22:45.255,999,2275,32,1908,25,2052,33,1911,28,2631,39,1985,33,2296,38,2908,39,1514,22,2744,40,2065,34,2576,38,2296,35,2452,37,2397,39,2001,30,
2026-09-30,06:22:46.256,1000,2131,32,1795,24,2490,36,2690,37,1618,27,1393,22,2117,32,2402,32,1701,25,1537,21,1286,20,1583,24,1852,31,1952,28,2228,35,1552,23,
2026-09-30,06:22:47.256,999,1892,26,2174,28,1882,27,1640,22,1834,28,1296,23,1604,28,2349,31,2470,35,2963,41,1992,30,2246,33,1750,28,1753,27,1722,30,1423,21,
2026-09-30,06:22:48.256,999,828,12,1188,16,528,7,1011,13,750,11,637,11,846,14,611,8,615,9,1092,15,877,13,1159,17,718,11,410,6,576,10,673,10,
2026-09-30,06:22:49.256,1000,563,9,867,12,863,12,1191,15,936,14,649,11,566,9,1368,18,831,13,833,11,699,10,590,8,645,10,384,5,525,8,403,6,
2026-09-30,06:22:50.256,999,322,5,649,9,563,8,621,8,477,7,283,5,803,14,226,3,634,10,454,6,270,4,208,3,784,12,434,7,547,10,396,6,
2026-09-30,06:22:51.256,999,1289,19,1907,26,1509,23,2034,28,1236,19,1017,16,1764,27,2102,29,1645,24,1599,23,1258,20,1507,22,1193,20,1890,27,1318,20,1052,16,
2026-09-30,06:22:52.256,999,505,7,774,10,464,7,234,3,677,10,299,5,695,11,659,9,343,5,821,12,363,6,427,6,596,9,431,6,374,6,140,2,
2026-09-30,06:22:53.256,1000,1054,15,787,10,825,12,614,8,752,11,847,13,1017,16,1010,15,784,11,659,9,601,9,574,8,874,13,603,8,790,13,927,15,
2026-09-30,06:22:54.256,999,1603,22,942,12,1330,19,908,12,1083,16,793,15,294,5,657,9,1038,15,1021,14,687,10,941,13,749,11,948,15,826,15,1018,15,
2026-09-30,06:22:55.256,999,7531,106,6728,87,6658,115,6775,109,6760,100,7379,113,8075,120,7585,101,6384,91,7467,118,6007,107,7588,108,7079,109,6644,94,7292,110,8289,123,
2026-09-30,06:22:56.256,1000,43199,606,52980,686,39605,616,43934,629,41662,645,41204,654,41450,638,50148,670,44829,625,41638,609,39869,649,44521,654,41220,653,45094,670,39930,646,42756,648,
2026-09-30,06:22:57.256,999,1272,18,1530,20,1106,16,1639,22,1229,19,1268,23,1192,21,1426,19,1085,15,1634,22,937,14,1152,17,1269,20,1142,18,1144,21,646,10,
2026-09-30,06:22:58.256,999,1084,15,1002,13,970,14,1302,17,1341,20,1097,18,1337,21,1199,18,1394,20,1765,24,1770,27,1387,20,1652,25,1563,23,825,13,1017,17,
2026-09-30,06:22:59.257,1000,3166904,48812,3540425,49133,3437370,48654,3758625,49389,3330755,48714,3355084,48687,3385530,48427,3809211,48741,3160252,48719,3586523,48647,3240952,48605,3515883,48776,3284349,49020,3552486,48995,3349122,48891,3358754,48925,
2026-09-30,06:23:00.256,999,123157,1758,134394,1756,121645,1782,130498,1773,114447,1821,114837,1804,112970,1742,128879,1770,122714,1760,126613,1749,113902,1739,115713,1743,106433,1734,122320,1779,111986,1750,112755,1741,
2026-09-30,06:23:01.256,999,138103,1941,153742,1972,115665,1923,126912,1959,134702,1952,128543,1909,139187,2037,153436,2009,138458,1951,124320,1932,112980,1970,138265,1928,126783,1902,142562,1973,135171,1982,131613,1929,
2026-09-30,06:23:02.256,999,11513,181,13075,185,12460,183,14466,198,12212,183,13265,205,11943,181,12843,175,11557,180,13680,191,11786,184,13136,189,11768,184,13959,200,11429,175,12756,196,
2026-09-30,06:23:03.257,1000,58859,834,65775,855,52060,854,54429,828,61016,892,56501,868,58900,899,68951,907,59965,855,58492,893,51530,874,62118,880,55201,838,59528,861,51838,806,56206,835,
2026-09-30,06:23:04.256,999,23145,328,26203,339,21858,316,24545,325,22044,332,21201,332,21970,338,25001,331,21750,313,22283,304,21529,329,21721,314,20064,311,21192,308,19949,314,20130,299,
2026-09-30,06:23:05.256,999,28527,395,32990,423,24670,409,26804,417,28080,413,28358,447,24671,382,31898,422,28405,398,25817,402,23045,398,26605,381,23770,369,26700,390,24251,380,27168,404,
2026-09-30,06:23:06.256,999,28583,425,31360,423,29023,414,30438,405,28703,427,22799,397,25196,422,32207,426,28508,421,31106,424,26489,396,30762,443,28829,444,26569,420,24491,428,25580,383,
2026-09-30,06:23:07.257,1000,2135,33,2568,35,2613,38,2863,39,2551,38,2632,42,2976,46,2935,39,2661,40,2821,39,2290,35,2700,39,2118,34,1859,27,1877,29,2083,31,
2026-09-30,06:23:08.256,999,7007,104,8528,114,8073,114,7779,102,7024,116,7162,113,6507,101,8558,113,6415,95,7579,103,7222,110,7077,110,5717,95,6671,99,6254,101,5844,88,
2026-09-30,06:23:09.256,999,5947,92,7018,97,6780,102,6060,84,6204,93,7659,118,6871,104,8425,111,7368,119,8400,121,8017,129,7965,112,5960,90,5886,86,5325,82,5408,81,
2026-09-30,06:23:10.256,999,37070,511,37719,477,29563,477,34075,509,30160,442,31147,475,31473,471,34866,465,34369,475,29760,450,26158,445,32295,458,32465,494,33149,473,31614,482,32438,487,
2026-09-30,06:23:11.256,1000,3116,45,4192,56,4033,57,3290,43,2685,42,2888,46,3497,55,4205,56,2787,42,3210,44,2632,40,3342,49,4015,65,3637,55,3457,56,3777,57,
2026-09-30,06:23:12.256,999,1876,27,1654,22,1756,25,2350,31,1555,23,1784,30,1554,26,2150,29,1660,25,2128,29,1551,23,1873,27,1693,26,2103,31,1301,22,1793,28,
2026-09-30,06:23:13.256,999,946,13,1265,16,926,13,1132,15,1077,16,619,12,673,12,770,10,804,11,1112,15,610,9,1353,19,961,15,634,10,534,10,752,11,
2026-09-30,06:23:14.257,1000,5167,72,5377,69,5012,79,4959,73,4379,66,5126,75,3364,53,4749,62,4376,61,4224,62,4880,82,4762,69,4625,71,5110,74,4669,73,4461,66,
2026-09-30,06:23:15.256,999,10975,154,13809,178,9721,158,10485,157,10080,150,10133,156,9210,140,11024,155,9997,141,9687,145,9765,161,11496,164,8506,131,11220,160,9236,141,9653,153,
2026-09-30,06:23:16.256,999,2346,33,2645,34,2035,31,2457,34,2378,35,1734,29,1471,24,2006,27,1563,22,2784,39,1657,26,1440,21,2186,33,1974,30,1717,29,2390,36,
2026-09-30,06:23:17.257,1000,1469,21,1373,18,1060,15,1222,16,1473,22,1307,23,1333,23,1277,17,1524,22,1276,17,1689,25,1425,20,1577,24,1374,20,1466,26,1246,19,
2026-09-30,06:23:18.258,1000,4280,60,3976,52,3388,52,4348,62,4928,73,4362,71,3600,57,4191,58,5572,78,4465,65,4183,66,5441,79,3832,60,3757,56,4609,74,4590,73,
2026-09-30,06:23:19.257,999,1648,23,1966,25,1842,26,2001,26,1569,25,1813,29,2207,35,2398,33,2024,29,1979,27,2133,32,1232,18,1560,26,1638,24,1653,27,1535,23,
2026-09-30,06:23:20.257,999,744,10,715,9,731,10,1194,15,824,12,579,11,331,6,976,13,626,9,976,13,1143,17,1177,17,936,14,627,10,604,11,753,11,
2026-09-30,06:23:21.258,1000,992,14,1028,13,1132,16,1255,16,1120,17,860,15,653,11,940,13,1113,15,883,12,963,14,989,14,588,9,601,9,514,9,696,10,
2026-09-30,06:23:22.257,999,760,12,1043,14,690,10,1200,16,550,8,486,8,453,7,724,10,488,7,444,6,596,9,508,7,800,12,790,11,528,8,613,9,
2026-09-30,06:23:23.257,999,809,11,1002,13,734,11,680,9,1326,19,572,9,1343,21,1136,15,865,13,516,8,739,13,669,10,151,2,889,13,1027,17,744,11,
2026-09-30,06:23:24.258,1000,2066,35,2542,39,2727,38,2761,36,3676,55,2309,35,2498,38,2428,32,3058,55,3225,44,3319,50,3530,50,2065,32,2850,41,2526,38,2711,41,
2026-09-30,06:23:25.257,999,13730,193,15984,205,10380,182,11777,188,12233,179,12164,184,13293,197,14749,195,13801,196,12291,194,10194,183,12533,177,13958,213,14098,198,12088,180,13239,197,
2026-09-30,06:23:26.257,999,1178,17,1441,19,948,13,1535,21,1011,15,459,8,619,10,1362,19,1122,16,783,11,970,15,1172,17,887,13,994,14,1493,24,1152,17,
2026-09-30,06:23:27.257,999,862,12,1085,14,665,9,876,11,613,9,678,12,836,13,385,5,203,3,381,5,409,6,223,3,866,13,621,9,326,6,596,9,
2026-09-30,06:23:28.258,1000,614,9,842,11,602,8,540,6,768,11,378,7,699,12,1045,14,841,12,1086,15,740,11,980,14,285,4,642,10,428,7,618,9,
2026-09-30,06:23:29.257,999,1503,22,1625,22,1953,27,1744,23,794,13,1195,19,1187,18,1065,14,1282,19,1252,17,1325,20,1343,21,1198,19,1228,18,893,15,1125,17,
2026-09-30,06:23:30.257,999,1638,24,1750,23,2279,32,1889,24,1235,21,1386,21,1172,18,1058,14,1106,16,1474,20,1187,18,1155,18,1435,25,1192,17,1046,16,1069,16,
2026-09-30,06:23:31.258,1000,377,5,597,8,312,4,327,4,279,4,372,6,364,6,382,5,717,10,670,9,343,5,86,1,209,3,412,6,372,6,354,5,
2026-09-30,06:23:32.258,999,2933,42,3102,40,2914,43,3074,42,2595,40,2430,40,2069,34,2688,36,3402,47,3296,45,2542,38,2817,40,3212,48,2938,42,3085,51,2988,45,
2026-09-30,06:23:33.257,999,217,3,483,6,429,6,539,7,206,3,330,6,108,2,448,6,418,6,595,8,453,7,329,5,184,3,609,10,380,7,256,4,
2026-09-30,06:23:34.257,999,5758,81,6421,82,4929,69,6269,82,5115,94,5429,84,6283,96,8068,106,5798,81,7219,98,5638,84,5417,90,4489,82,5999,87,6077,94,5933,89,
2026-09-30,06:23:35.258,1000,953,14,476,6,782,12,788,11,660,10,1422,22,1079,16,1063,14,1249,19,1362,20,1127,18,1320,19,1144,18,965,13,857,13,800,12,
2026-09-30,06:23:36.258,999,486,8,737,10,672,9,623,7,154,2,498,8,344,6,599,8,522,7,518,7,508,7,373,5,230,3,421,6,322,5,487,7,
2026-09-30,06:23:37.257,999,10,0,309,4,72,1,269,3,74,1,276,4,142,2,158,2,293,4,161,2,143,2,364,5,78,1,222,3,69,1,286,4,
2026-09-30,06:23:38.258,1000,1110,16,1345,17,1269,18,1625,21,1200,21,1431,22,1369,21,1843,24,1332,18,743,10,959,14,1399,21,1014,17,803,11,1520,23,740,11,
2026-09-30,06:23:39.258,999,1894,29,2205,31,1625,24,1735,23,1736,25,1883,31,1825,28,2434,32,1500,24,2055,29,1847,28,2211,31,1562,23,2002,30,1805,29,1824,27,
2026-09-30,06:23:40.257,999,7928,112,6762,87,5419,94,6584,105,6021,88,6396,98,5704,85,6804,90,6111,87,5846,94,5359,97,6429,92,7681,118,7190,101,7225,108,7019,104,
2026-09-30,06:23:41.257,999,699,10,875,11,874,12,525,6,678,10,1073,19,442,7,774,10,700,10,858,12,807,13,775,11,1235,19,818,12,861,15,1087,16,
2026-09-30,06:23:42.258,1000,210,3,395,5,441,6,291,3,421,6,373,6,73,1,301,4,208,3,611,8,324,5,272,4,338,5,317,4,563,9,257,4,
2026-09-30,06:23:43.258,999,588,9,212,3,588,8,991,13,599,9,388,6,632,10,690,9,465,7,345,5,542,8,1102,16,598,9,511,7,193,3,475,7,
2026-09-30,06:23:44.257,999,1157,16,1239,16,1637,25,1366,20,1090,17,1106,18,1345,21,1277,17,1511,21,820,12,1135,19,1747,26,1541,24,1284,18,1806,28,1909,28,
2026-09-30,06:23:45.258,1000,357,5,460,6,824,13,889,13,815,12,720,11,467,7,813,11,932,13,1018,15,623,11,933,13,1002,15,888,12,514,8,283,4,
2026-09-30,06:23:46.258,999,586,10,800,12,1065,15,1460,19,685,10,671,10,652,10,500,6,627,9,773,10,317,4,1176,16,867,13,806,11,579,9,617,9,
2026-09-30,06:23:47.258,999,163,2,245,3,270,3,146,1,155,2,263,4,423,7,171,2,204,3,323,4,146,2,222,3,282,4,245,3,334,6,159,2,
2026-09-30,06:23:48.257,999,10,0,240,3,149,2,256,3,557,8,273,5,80,1,455,6,420,6,364,5,279,4,429,6,210,3,155,2,155,3,202,3,
2026-09-30,06:23:49.258,1000,115,2,198,3,345,5,382,5,451,7,117,2,517,9,230,3,297,4,291,4,133,2,334,5,465,7,157,2,138,2,122,2,
2026-09-30,06:23:50.258,999,281,4,330,4,163,2,41,0,360,5,73,1,59,1,79,1,77,1,89,1,9,0,14,0,159,2,86,1,228,4,344,5,
2026-09-30,06:23:51.257,999,521,8,902,12,1075,15,1460,19,984,15,831,15,419,7,1204,16,569,8,679,9,864,13,1087,16,601,9,775,12,710,13,938,14,
2026-09-30,06:23:52.258,1000,1089,15,1685,22,1272,18,1084,14,717,13,938,14,1204,18,978,13,871,12,729,10,1407,21,964,16,774,14,1297,18,1291,19,930,14,
2026-09-30,06:23:53.258,999,92566,1290,103975,1329,77154,1315,85294,1339,94220,1367,86219,1271,93940,1372,99506,1297,93267,1301,86455,1360,75217,1330,97776,1358,86216,1295,96542,1336,94964,1392,91423,1341,
2026-09-30,06:23:54.258,999,48582,682,54620,704,42144,698,45965,697,47707,699,46475,729,44052,681,54024,713,49301,694,48072,732,42580,728,50634,721,44827,683,49591,719,44552,693,49179,730,
2026-09-30,06:23:55.257,999,11563,169,13518,180,13095,204,13071,193,12701,187,12296,197,11418,180,14448,192,12389,184,12687,188,12054,195,13649,194,11096,170,13229,195,11037,177,10845,162,
2026-09-30,06:23:56.258,1000,3334,50,3896,53,4172,62,4403,61,3425,52,3422,57,2846,46,3824,51,4035,59,3686,52,3340,53,3502,50,2937,46,3348,51,3056,51,3543,54,
2026-09-30,06:23:57.258,999,2427,36,2329,31,2396,36,2429,33,1752,26,2316,39,1673,28,2343,31,1669,25,1037,14,1597,24,1318,19,1463,22,1493,23,1538,28,2027,30,
2026-09-30,06:23:58.258,999,2049,30,3306,43,2605,37,2689,36,1407,21,1971,35,2644,45,2498,33,1854,26,2588,36,2574,39,2428,36,1700,28,2087,32,1659,28,1966,30,
2026-09-30,06:23:59.258,1000,4298,64,3445,47,4412,63,4407,59,3510,53,3396,54,3582,55,4057,55,3501,54,3850,54,3836,60,4113,59,3161,49,3549,51,3131,49,3143,48,
2026-09-30,06:24:00.258,999,3220,46,2700,35,1826,26,2136,28,1485,22,1940,34,2090,35,2264,31,2037,29,2123,29,1300,20,1892,27,1948,29,1939,29,1494,26,1647,24,
2026-09-30,06:24:01.258,999,848,12,1351,17,1260,18,582,7,910,13,425,7,606,10,808,11,887,13,865,12,628,10,721,10,614,9,639,10,686,12,691,11,
2026-09-30,06:24:02.257,999,3027,42,4054,52,3205,45,3798,49,3481,54,3413,53,3610,55,3483,51,3524,48,3455,47,4487,66,4058,61,3165,50,3475,49,3114,48,3403,59,
2026-09-30,06:24:03.258,1000,1930,27,1652,21,1972,28,1857,24,2059,30,1201,20,1399,22,1573,23,2348,33,1716,23,2198,32,1698,24,1556,23,1637,25,1165,21,1527,24,
2026-09-30,06:24:04.258,999,1812,26,1531,20,1391,19,1759,22,1461,23,914,16,939,16,1377,18,1259,18,1470,20,1181,17,1523,22,898,14,1336,21,1616,28,1217,18,
2026-09-30,06:24:05.258,999,4530,63,5578,71,5964,98,5571,83,5272,77,5263,84,5840,90,7716,104,5437,79,6073,90,4646,79,6280,89,4854,73,6184,88,4510,71,5619,85,
2026-09-30,06:24:06.257,999,481,7,700,9,1216,17,882,11,1243,18,771,12,1138,18,845,12,1238,18,1234,16,935,13,1521,21,1137,17,971,14,727,12,999,15,
2026-09-30,06:24:07.258,1000,1348,19,1660,21,1097,16,1444,20,889,13,997,16,903,14,1578,21,809,11,682,10,756,12,951,13,1518,23,861,12,920,15,1096,16,
2026-09-30,06:24:08.258,999,1899,27,2366,31,2078,29,2302,30,2242,37,2353,37,1454,23,2654,35,2095,29,1777,25,2032,31,2265,36,1286,22,2407,34,2118,33,1678,25,
2026-09-30,06:24:09.258,999,624,9,714,9,870,12,1634,21,836,14,1000,15,456,7,715,10,157,2,677,9,418,6,609,9,551,9,1153,16,752,12,783,12,
2026-09-30,06:24:10.258,1000,8226,117,7522,97,6108,104,7233,112,6655,98,6614,100,6431,97,8297,110,8010,114,7032,111,5949,108,7304,104,8483,131,8398,118,7884,118,7858,117,
2026-09-30,06:24:11.258,999,539,8,456,6,796,11,1202,15,805,12,911,14,996,16,965,13,1061,15,872,12,599,9,591,8,758,11,653,9,579,9,463,7,
2026-09-30,06:24:12.258,999,893,13,415,5,181,2,227,2,265,4,164,3,188,3,219,3,277,4,168,2,356,5,151,2,375,5,281,3,85,1,436,6,
2026-09-30,06:24:13.258,1000,150,2,229,3,395,5,241,2,152,2,207,4,351,6,240,3,428,6,89,1,399,6,220,3,350,5,142,1,208,3,214,3,
2026-09-30,06:24:14.259,1000,1891,26,1612,21,1186,19,1618,24,1179,18,1648,26,1211,18,1420,19,1190,17,1571,24,1222,21,814,12,1487,23,1337,19,1742,26,1458,22,
2026-09-30,06:24:15.259,999,1703,24,1063,14,1198,20,1692,25,1090,16,1260,20,946,14,1429,19,1170,17,1218,18,851,14,1183,17,1922,29,1823,25,991,15,736,11,
2026-09-30,06:24:16.259,999,837,12,1586,21,1239,18,1763,23,1362,20,1060,17,1550,24,1202,17,1891,26,1649,23,1242,20,1504,21,1416,21,1500,20,1180,18,781,12,
2026-09-30,06:24:17.259,1000,273,4,341,5,503,7,480,6,350,5,478,7,332,5,488,7,591,9,227,3,460,7,717,10,409,6,320,4,248,4,269,4,
2026-09-30,06:24:18.259,999,426,6,488,6,223,3,340,4,309,4,204,3,162,3,309,4,243,4,309,4,281,4,290,4,333,5,119,1,126,2,334,5,
2026-09-30,06:24:19.259,999,81,1,312,4,387,5,237,2,214,3,667,11,429,7,534,7,236,3,389,5,414,6,237,3,296,4,396,5,443,8,228,3,
2026-09-30,06:24:20.260,1000,351,5,397,5,279,4,350,4,482,7,243,4,292,4,138,2,213,3,241,3,335,5,146,2,267,4,306,4,476,8,289,4,
2026-09-30,06:24:21.260,1000,951,14,1090,15,811,12,809,11,1047,15,986,15,1194,18,881,12,853,13,1327,20,1015,16,1059,15,943,14,948,14,1387,21,841,13,
2026-09-30,06:24:22.260,999,414,6,466,6,627,9,504,6,301,4,437,7,336,5,530,7,945,13,502,7,385,6,545,8,377,5,142,1,265,4,305,4,
2026-09-30,06:24:23.260,999,265,4,308,4,430,6,383,5,483,7,540,8,365,6,295,4,612,9,558,8,529,9,427,6,599,9,718,10,458,7,480,7,
2026-09-30,06:24:24.260,1000,1072,15,1752,23,798,11,1900,25,979,16,1170,18,1119,17,1611,21,1305,18,1591,23,1518,24,1130,18,963,16,892,12,1153,17,1192,17,
2026-09-30,06:24:25.260,999,7694,116,6504,89,6675,112,7242,111,6599,97,7895,120,6496,97,8212,109,7153,106,8300,128,6205,108,7027,100,7657,118,8347,117,7196,108,7996,118,
2026-09-30,06:24:26.260,999,199,3,285,4,574,8,342,4,359,5,118,2,472,8,350,5,568,8,442,6,133,2,431,6,332,5,365,5,193,3,143,2,
2026-09-30,06:24:27.261,1000,640,9,833,11,656,9,1004,13,612,11,873,13,732,11,743,10,445,6,795,11,1278,19,881,12,826,14,797,11,1143,16,940,14,
2026-09-30,06:24:28.260,999,661,9,1135,14,1319,19,1316,18,642,9,762,12,964,15,1044,14,1333,19,1128,16,1218,19,1015,15,762,11,942,14,1031,18,689,10,
2026-09-30,06:24:29.260,999,897,13,960,12,490,7,751,10,936,14,944,17,801,14,982,13,827,12,891,12,599,9,1346,19,1166,18,874,14,669,13,737,11,
2026-09-30,06:24:30.260,999,1121,18,728,11,1080,15,1346,17,1181,18,858,13,739,11,1404,19,629,11,1597,22,617,9,972,14,1011,16,957,13,805,12,871,13,
2026-09-30,06:24:31.260,1000,7,0,8,0,231,3,425,5,273,4,103,2,341,5,382,5,333,5,153,2,202,3,482,7,194,3,495,7,147,2,76,1,
2026-09-30,06:24:32.260,999,6,0,312,4,222,3,241,3,192,3,184,3,138,2,231,3,217,3,294,4,155,2,420,6,55,1,71,1,224,4,275,4,
2026-09-30,06:24:33.260,999,81,1,388,5,172,2,77,0,206,3,224,4,333,5,387,5,281,4,289,4,220,3,153,2,126,2,110,1,335,6,212,3,
2026-09-30,06:24:34.261,1000,216,3,316,4,359,5,192,2,420,6,217,4,312,5,447,6,422,6,284,4,318,5,552,8,80,1,175,2,136,2,131,2,
2026-09-30,06:24:35.260,999,568,8,383,5,355,5,423,5,1012,15,863,13,475,7,804,11,689,10,1348,20,750,12,1044,15,767,11,562,7,344,5,702,10,
2026-09-30,06:24:36.260,999,930,13,1682,22,1330,19,1770,23,1165,18,1311,22,1037,18,1278,17,1597,22,1047,14,1275,19,2054,31,1224,19,1199,18,1846,34,1352,20,
2026-09-30,06:24:37.260,999,84,1,246,3,291,4,96,0,224,3,148,2,129,2,166,2,163,2,158,2,16,0,285,4,80,1,315,4,130,2,144,2,
2026-09-30,06:24:38.261,1000,1758,25,1979,26,1345,19,1755,22,1227,19,1467,22,915,14,1592,23,1107,17,1037,14,1423,21,1116,16,1665,26,1586,22,1819,28,1154,19,
2026-09-30,06:24:39.260,999,697,10,1014,13,348,4,693,7,232,4,534,8,451,7,905,12,596,8,533,7,437,6,505,8,398,7,810,11,527,8,368,5,
2026-09-30,06:24:40.260,999,625,9,258,3,692,10,527,6,244,3,417,6,715,11,832,11,803,11,421,6,659,10,363,5,892,13,445,6,525,8,267,4,
2026-09-30,06:24:41.261,1000,4373,61,4397,56,4094,72,4288,68,3388,50,3288,50,4020,60,4554,61,4879,69,5109,82,4050,74,4524,64,5002,77,4601,64,5027,75,5116,76,
2026-09-30,06:24:42.260,999,273,4,224,3,311,4,34,0,208,3,268,5,400,7,230,3,145,2,230,3,121,2,211,3,335,5,312,4,136,2,322,5,
2026-09-30,06:24:43.260,999,170,3,223,3,300,4,176,2,192,3,436,7,208,3,290,4,217,3,229,3,127,2,427,6,214,3,99,1,166,3,466,7,
2026-09-30,06:24:44.260,999,930,13,402,5,847,13,1095,15,129,2,301,5,696,11,576,8,697,10,1014,15,1019,16,439,7,604,10,621,9,787,12,471,7,
2026-09-30,06:24:45.261,1000,1625,23,925,12,699,11,1075,16,750,11,718,11,1001,15,980,13,1042,15,1011,15,617,11,1014,15,1043,16,1017,14,1003,15,945,14,
2026-09-30,06:24:46.260,999,366,6,621,9,577,8,936,12,548,8,254,4,783,12,309,4,755,11,515,7,488,8,907,13,630,10,743,11,436,7,543,8,
2026-09-30,06:24:47.260,999,903,13,913,12,689,10,1016,14,850,13,997,16,745,12,836,11,665,10,777,11,598,10,569,8,733,11,890,13,980,16,870,13,
2026-09-30,06:24:48.261,1000,507,7,557,7,795,13,916,14,481,7,548,9,596,9,682,9,1082,15,556,8,676,11,1063,15,604,9,704,10,611,9,542,8,
2026-09-30,06:24:49.261,999,291,4,551,7,430,7,717,11,496,7,384,6,439,7,664,9,778,11,387,6,154,3,213,3,317,5,340,5,507,8,349,5,
2026-09-30,06:24:50.260,999,762,12,383,6,226,3,587,7,421,6,74,1,313,5,318,4,480,7,301,4,280,4,351,5,530,8,485,7,368,6,459,7,
2026-09-30,06:24:51.260,999,124,2,385,5,356,5,258,3,208,3,252,4,122,2,212,3,146,2,74,1,64,1,212,3,68,1,149,2,161,3,302,5,
2026-09-30,06:24:52.261,1000,4,0,86,1,146,2,193,2,209,3,100,2,55,1,155,2,290,4,293,4,151,2,202,3,340,5,28,0,307,5,135,2,
2026-09-30,06:24:53.261,999,481,7,302,4,535,8,336,4,140,2,335,5,262,4,156,2,197,3,411,6,312,5,362,5,382,6,225,3,263,4,132,2,
2026-09-30,06:24:54.260,999,1006,15,828,11,638,9,696,9,717,11,584,9,660,10,666,9,630,9,1162,16,255,4,611,9,801,13,852,12,917,14,907,14,
2026-09-30,06:24:55.260,999,837,12,1265,16,734,11,777,11,526,8,370,6,690,10,675,9,771,11,988,14,674,10,959,14,920,15,989,14,682,10,701,10,
2026-09-30,06:24:56.261,1000,14223,197,16880,215,13844,209,15648,217,13797,203,11517,215,11701,207,16774,223,15015,211,16187,229,13663,215,14928,213,14906,228,13917,229,12425,229,16643,248,
2026-09-30,06:24:57.261,999,339,5,313,4,356,5,248,3,158,2,415,7,320,5,152,2,212,3,82,1,192,3,79,1,195,3,91,1,234,4,141,2,
2026-09-30,06:24:58.260,999,215,3,313,4,417,6,452,6,308,5,299,5,121,2,226,3,290,4,357,5,271,4,539,8,517,8,294,4,398,6,647,10,
2026-09-30,06:24:59.261,1000,184,3,283,4,29,0,114,1,215,3,288,5,267,4,7,0,183,3,222,3,82,1,76,1,212,3,217,3,278,4,526,8,
2026-09-30,06:25:00.261,999,720,10,327,4,445,6,629,8,228,3,337,6,251,4,538,7,514,7,529,7,724,11,623,9,339,5,484,7,383,6,609,9,
2026-09-30,06:25:01.260,999,568,8,869,11,493,7,718,9,369,5,738,11,527,8,886,12,931,13,835,12,681,11,641,9,456,6,392,5,810,13,782,11,
2026-09-30,06:25:02.260,999,104355,1471,111871,1450,101629,1471,111859,1508,100710,1516,87104,1480,90472,1493,109309,1473,104377,1460,104906,1453,96563,1485,101455,1454,99942,1543,94027,1458,82196,1404,93820,1438,
2026-09-30,06:25:03.261,1000,3273,47,3570,47,3442,49,3368,44,1857,28,2128,34,2047,32,2381,33,2879,43,2253,31,2483,38,2297,32,2381,37,3083,45,2508,42,3134,49,
2026-09-30,06:25:04.261,999,2788,40,4185,54,3435,50,3637,49,4662,70,4139,68,2902,48,4277,57,3719,52,4981,71,3955,62,4058,58,2805,43,2241,33,2769,46,2694,41,
2026-09-30,06:25:05.260,999,18075,258,17964,234,17153,272,17274,256,15819,237,16488,260,15557,243,19021,255,18521,263,16511,248,14417,241,16101,231,13504,209,13852,202,13790,216,16187,248,
2026-09-30,06:25:06.261,1000,10786,154,11210,147,10431,154,9913,134,9304,139,8163,132,7517,120,10369,140,8226,119,8581,120,7631,119,8522,124,8074,125,8733,129,7409,120,8388,126,
2026-09-30,06:25:07.261,999,3605,51,6178,81,4565,69,3496,50,4257,63,5220,80,3831,58,5129,75,5019,71,4939,71,4682,73,4431,64,3903,62,4711,67,4649,71,2728,45,
2026-09-30,06:25:08.260,999,3410,50,5502,72,3712,53,3486,46,4094,67,4120,66,4020,64,4941,66,4318,62,4561,63,3763,57,3896,60,3033,51,3632,55,3325,55,3528,54,
2026-09-30,06:25:09.261,1000,953,14,846,11,950,13,757,10,1068,15,694,12,793,14,1034,14,1309,20,1108,15,1248,19,1685,24,1068,16,902,13,898,15,1062,16,
2026-09-30,06:25:10.261,999,4288,60,4565,59,3549,54,3251,45,3356,49,3482,60,2785,45,3826,51,4333,61,3434,50,2618,44,3523,50,3784,61,3532,53,3518,59,3445,51,
2026-09-30,06:25:11.261,999,17505,242,16647,210,15261,256,15660,241,17065,249,17046,256,15955,238,18048,247,18351,256,15813,245,14515,250,17751,249,16746,254,17027,237,17814,265,18492,283,
2026-09-30,06:25:12.260,999,3968,56,3679,48,2999,43,4354,56,3457,53,3364,54,4324,68,3990,56,3434,49,4650,63,4152,62,3866,55,2620,41,3074,45,2517,41,3250,50,
2026-09-30,06:25:13.261,1000,1833,26,1261,16,1762,25,1535,21,634,10,588,10,512,8,914,12,1340,19,1125,15,1054,16,1350,20,856,14,1134,18,1186,20,1012,15,
2026-09-30,06:25:14.261,999,5712,83,5439,71,4748,75,5263,75,4065,61,4632,72,4854,74,5040,68,5249,77,5283,77,3994,66,5317,76,4260,66,4994,71,5649,87,4878,73,
2026-09-30,06:25:15.260,999,4737,66,5075,65,3481,55,4072,60,4442,66,3417,57,3909,61,4534,61,5056,70,3645,55,3657,60,4743,68,4502,70,5457,78,2594,42,4298,66,
2026-09-30,06:25:16.261,1000,1222,18,1576,21,1029,15,1660,22,1296,19,842,14,1008,16,1889,25,1944,29,1294,18,1542,24,1550,23,998,15,1525,23,1024,17,1496,22,
2026-09-30,06:25:17.261,999,2655,39,2851,37,2479,35,3378,45,2119,31,2565,39,2476,38,1726,26,1989,29,1972,27,1937,29,2773,40,2310,35,2360,33,2751,43,1973,33,
2026-09-30,06:25:18.261,999,2515,36,2432,32,1869,29,2464,35,2163,31,1590,26,1762,28,2174,30,2931,42,1974,30,2020,33,1991,29,1778,26,1703,25,1714,28,2158,33,
2026-09-30,06:25:19.260,999,570,8,464,6,530,7,666,8,610,9,645,11,517,8,1064,14,952,14,732,10,538,8,785,11,480,7,618,9,564,9,701,10,
2026-09-30,06:25:20.261,1000,113485,1581,131186,1681,99007,1664,110194,1710,115872,1684,111206,1683,113252,1678,127135,1665,120739,1695,110265,1717,99022,1725,122481,1708,109402,1648,113134,1598,109014,1636,109839,1611,
2026-09-30,06:25:21.261,999,15394,219,15409,202,13017,221,13950,220,13503,202,15053,230,13654,207,16899,224,14344,204,15273,236,11928,208,15775,225,13283,204,14115,204,13159,202,15479,235,
2026-09-30,06:25:22.260,999,7543,129,9363,139,8576,124,9695,133,8019,118,7242,112,8130,124,9625,128,7900,133,9788,135,8176,126,9240,133,7812,120,8915,127,6848,104,6483,97,
2026-09-30,06:25:23.261,1000,6851,103,7813,107,6237,91,8821,120,5573,83,5592,90,5342,84,6904,93,6251,94,6190,86,5376,84,5901,85,5521,86,6280,92,4935,78,4580,69,
2026-09-30,06:25:24.261,999,2108,31,2095,28,2304,34,2390,32,1998,30,2380,39,2116,34,2031,28,1967,28,2728,39,2625,41,2390,34,2103,32,1974,31,1898,32,1915,30,
2026-09-30,06:25:25.261,999,8844,123,9878,126,8729,147,8384,133,8940,131,8807,139,8029,124,10910,146,9307,131,9425,149,7557,132,8328,118,7673,117,10307,149,7671,119,8215,122,
2026-09-30,06:25:26.261,1000,20259,290,19984,262,14937,247,16927,255,17481,255,17055,260,15814,239,21617,285,18135,262,17090,262,15924,275,18685,265,17838,272,18644,265,17647,266,18832,279,
2026-09-30,06:25:27.262,1000,2098,32,2945,39,2552,38,2805,38,1715,26,2164,35,2396,38,2583,34,1952,28,2022,28,2023,31,1777,26,1561,25,1795,27,1889,30,1697,25,
2026-09-30,06:25:28.262,999,911,13,1718,23,1195,17,1222,16,945,14,792,15,1008,18,524,7,1415,20,1168,16,1188,18,905,13,698,11,764,12,870,16,1149,17,
2026-09-30,06:25:29.262,999,2551,37,2261,30,1905,27,2496,33,2022,31,1729,29,2181,35,2425,32,1860,27,1620,22,1947,30,1860,27,1188,18,1324,20,985,17,1302,19,
2026-09-30,06:25:30.262,1000,2739,38,2166,28,1832,26,2922,40,1419,23,2023,34,1420,23,1787,24,2280,33,2026,29,1497,23,2430,36,1983,31,1646,24,1514,25,2368,35,
2026-09-30,06:25:31.262,999,436,6,956,12,468,6,834,10,922,13,527,10,737,13,755,10,763,11,1173,16,660,10,886,13,627,9,373,5,524,9,754,11,
2026-09-30,06:25:32.262,999,5285,90,5455,82,5117,74,5309,71,5130,76,3950,61,4602,71,5351,71,3912,67,5540,75,4717,70,5446,77,4859,74,5514,80,5259,83,5130,77,
2026-09-30,06:25:33.262,999,1435,20,1730,22,969,14,811,10,711,10,780,14,599,10,596,8,578,8,724,10,1066,16,934,13,1111,16,937,14,783,14,662,10,
2026-09-30,06:25:34.262,1000,1615,23,1958,26,1433,21,1601,20,1354,20,1516,28,1302,22,1107,15,1235,17,752,10,1707,26,1749,25,1692,26,1269,19,1493,26,1791,27,
2026-09-30,06:25:35.262,999,5328,74,5438,70,3828,64,5026,76,4023,59,3391,54,3881,60,4615,62,3227,46,3667,57,3333,56,3437,49,4218,65,4777,69,3817,59,3674,55,
2026-09-30,06:25:36.262,999,1093,17,1346,18,898,13,940,12,1163,17,1036,18,1571,26,1270,17,1169,18,1374,19,1044,16,1762,25,1043,16,1536,23,1341,22,1091,16,
2026-09-30,06:25:37.262,1000,399,6,520,7,622,9,398,5,474,7,233,4,538,9,985,13,486,7,158,2,210,3,339,5,370,5,360,5,107,2,272,4,
2026-09-30,06:25:38.262,999,2941,41,3798,49,3418,51,3123,43,2932,50,3485,54,2649,42,3709,49,2477,35,2914,42,2599,41,3103,50,2421,42,3062,44,3306,50,2639,40,
2026-09-30,06:25:39.262,999,568,8,690,9,484,7,747,10,604,9,584,10,489,9,1046,14,617,9,521,7,738,12,789,11,592,9,430,6,170,3,534,8,
2026-09-30,06:25:40.262,999,9428,131,8532,109,6899,118,7590,119,7802,114,9135,139,7577,113,9185,122,8735,123,8117,129,7237,131,8804,126,9151,141,8511,120,8638,130,8798,130,
2026-09-30,06:25:41.262,1000,1001,14,1164,15,1078,15,855,11,420,6,371,6,625,10,604,8,1225,18,512,7,452,7,440,6,536,8,901,14,593,11,873,13,
2026-09-30,06:25:42.262,999,1274,18,1068,14,1410,21,1404,20,1245,18,1100,18,963,15,1687,24,1121,16,1302,19,1314,21,1241,18,685,10,784,11,827,13,603,10,
2026-09-30,06:25:43.262,999,723,10,1346,17,1142,17,1418,19,1213,18,884,14,962,15,894,13,1001,14,861,12,1259,20,1682,24,771,12,1625,23,864,13,832,13,
2026-09-30,06:25:44.263,1000,2133,30,1848,24,1692,28,1678,25,1371,20,1855,28,1427,21,1539,21,1783,25,1195,17,1459,25,1318,19,1919,30,1853,26,1732,25,1491,23,
2026-09-30,06:25:45.262,999,2517,36,1549,20,2192,35,2771,40,2679,42,1665,26,1639,26,2107,28,1779,25,1855,27,1347,21,2214,32,2078,33,2139,31,1474,24,1832,27,
2026-09-30,06:25:46.262,999,681,11,1320,18,874,13,1953,27,1168,17,954,15,1417,23,1673,22,956,14,1491,21,1173,18,1203,17,796,12,1051,15,1037,17,1061,16,
2026-09-30,06:25:47.262,999,446,7,998,13,1363,21,1278,18,2016,30,1321,21,1733,27,1655,22,2067,32,1778,25,1669,27,1408,20,1420,22,1454,21,671,11,1713,26,
2026-09-30,06:25:48.262,1000,1272,20,1399,20,896,13,991,14,889,13,1416,22,1295,21,1288,17,1119,18,1383,20,1434,22,2211,31,1113,17,821,12,1273,20,1227,19,
2026-09-30,06:25:49.262,999,790,11,876,11,508,8,872,12,478,7,433,7,451,7,382,5,439,6,260,4,164,3,418,6,676,10,277,4,413,8,271,4,
2026-09-30,06:25:50.262,999,424,6,383,5,273,4,220,3,504,8,231,4,123,2,378,5,719,10,454,6,592,9,298,4,206,3,135,2,342,5,258,4,
2026-09-30,06:25:51.263,1000,352,5,600,8,572,8,691,9,347,5,425,7,506,8,597,8,872,13,688,10,643,10,742,11,822,13,309,4,456,7,525,8,
2026-09-30,06:25:52.263,1000,421,6,397,5,414,6,309,4,272,4,185,3,255,4,268,4,145,2,124,2,333,5,352,5,277,4,191,3,301,5,123,2,
2026-09-30,06:25:53.263,999,500,7,460,6,665,10,312,4,409,6,628,11,496,8,384,5,951,14,953,13,864,13,585,8,585,9,587,8,322,5,824,12,
2026-09-30,06:25:54.263,999,1768,24,1803,23,1721,25,1394,18,1453,23,1105,18,1130,18,1244,17,2005,28,1659,23,1796,27,1649,25,1493,24,1403,20,1541,25,1299,21,
2026-09-30,06:25:55.264,1000,906,13,679,9,763,12,731,10,481,7,628,10,477,7,820,11,745,11,795,12,437,7,768,11,874,13,856,12,589,9,670,10,
2026-09-30,06:25:56.263,999,40356,564,45575,584,34119,553,38969,583,37754,588,38797,583,39660,587,45308,607,42556,589,39500,597,39014,659,41467,612,33976,540,37388,532,37679,572,38381,586,
2026-09-30,06:25:57.263,999,12312,177,14629,193,11465,174,12683,180,10571,170,11904,180,12857,190,14473,190,12540,180,13171,189,10236,163,11245,176,9836,167,12385,175,11886,179,11479,172,
2026-09-30,06:25:58.263,999,1307,20,1451,19,1451,20,1161,15,1582,23,1307,20,1135,18,1482,21,1232,18,2084,28,1535,23,1749,25,1500,23,1163,16,1443,22,1190,20,
2026-09-30,06:25:59.264,1000,284,4,405,6,378,5,548,7,414,6,354,6,261,4,353,5,408,7,362,5,538,8,491,7,516,8,496,7,327,5,145,2,
2026-09-30,06:26:00.263,999,1548,22,1458,19,2395,36,2012,28,1161,17,1025,18,1282,21,1674,22,1695,24,1655,24,1690,27,1650,23,1801,27,1558,24,1238,21,1547,23,
2026-09-30,06:26:01.263,999,514,7,784,10,510,7,577,7,345,5,410,7,539,8,305,4,448,6,1032,15,489,8,484,7,454,7,386,6,294,5,416,6,
2026-09-30,06:26:02.264,1000,2265,32,1983,25,1728,24,2123,27,1272,21,1528,23,1739,26,1688,22,1836,25,1075,15,1541,23,1979,31,1190,21,1827,25,1646,25,1928,29,
2026-09-30,06:26:03.263,999,1088,15,792,10,1131,16,663,8,699,10,623,9,641,10,546,8,735,10,392,5,709,10,441,6,566,8,710,10,265,4,389,6,
2026-09-30,06:26:04.263,999,510,7,957,12,618,8,807,10,429,7,318,5,792,13,692,9,884,12,235,3,347,5,536,8,650,11,582,8,824,14,628,9,
2026-09-30,06:26:05.263,999,5352,74,5365,68,5066,86,4969,77,5808,85,4513,70,5037,78,6102,81,4910,69,5024,78,3916,69,4997,71,4816,73,5524,79,4433,71,4939,73,
2026-09-30,06:26:06.264,1000,976,14,1172,15,1046,16,1116,16,1086,16,563,9,509,8,1220,16,1223,18,891,13,698,11,802,11,936,14,1075,16,1108,18,782,12,
2026-09-30,06:26:07.263,999,1538,21,2305,30,1891,29,1895,27,2269,34,1867,30,1914,31,2628,34,2215,31,1895,27,1820,30,1717,24,1208,19,1416,20,1303,21,1422,21,
2026-09-30,06:26:08.263,999,2945,42,3072,40,2915,41,3066,41,2214,36,3070,49,2310,37,3669,48,2403,36,2782,39,3177,49,3419,51,2731,44,2988,44,2943,47,3706,56,
2026-09-30,06:26:09.264,1000,491,7,515,7,382,5,468,5,399,6,88,1,266,4,390,5,550,8,463,6,136,2,370,5,341,5,277,4,208,4,355,5,
2026-09-30,06:26:10.264,999,886,12,565,7,758,11,740,10,487,7,357,6,579,10,547,7,863,12,416,6,60,1,424,6,1043,16,871,13,323,6,609,9,
2026-09-30,06:26:11.263,999,7545,105,7968,101,6504,113,6270,101,6817,99,6273,95,6807,102,8245,109,7172,100,6402,103,6519,119,7943,112,8135,125,8083,113,7276,109,8392,124,
2026-09-30,06:26:12.263,999,517,7,246,3,432,6,562,7,444,6,369,6,455,7,577,8,435,6,307,4,594,9,500,7,536,8,509,7,205,3,580,9,
2026-09-30,06:26:13.264,1000,760,11,506,7,367,5,781,10,497,7,753,11,612,9,1137,15,886,12,658,10,479,8,768,11,439,6,364,5,325,5,537,8,
2026-09-30,06:26:14.263,999,1442,20,1041,13,979,17,1133,17,751,11,875,13,885,13,911,12,1144,16,707,11,936,16,476,7,935,14,1041,14,910,13,927,13,
2026-09-30,06:26:15.263,999,2169,33,1902,26,1581,24,2199,32,1362,20,1449,22,1679,26,1547,21,1431,21,2158,32,1527,24,1779,25,1840,28,2100,29,1771,27,1451,22,
2026-09-30,06:26:16.264,1000,691,10,571,7,977,15,828,11,797,12,747,12,634,10,686,9,1061,15,549,8,907,14,646,9,422,6,720,10,522,8,469,7,
2026-09-30,06:26:17.264,999,459,7,423,6,460,6,525,6,423,6,260,4,382,6,549,7,521,8,743,10,477,7,504,7,280,4,460,6,190,3,409,6,
2026-09-30,06:26:18.263,999,1213,20,895,13,995,14,1412,18,895,13,1121,18,518,8,989,13,894,15,1028,14,933,14,1096,15,1043,14,1132,16,806,12,474,7,
2026-09-30,06:26:19.263,999,151,2,344,4,237,3,410,4,488,7,135,2,151,2,245,3,526,7,398,5,613,9,420,6,358,5,447,5,165,3,96,1,
2026-09-30,06:26:20.264,1000,510,8,285,4,523,7,664,8,429,6,653,11,330,5,308,4,340,5,454,6,148,2,291,4,788,12,326,4,519,8,685,10,
2026-09-30,06:26:21.264,999,81,1,6,0,149,2,129,1,6,0,0,0,130,2,138,2,77,1,87,1,8,0,150,2,213,3,294,4,49,1,3,0,
2026-09-30,06:26:22.263,999,141,2,717,9,685,9,571,7,311,5,468,7,925,14,450,6,656,9,531,7,526,8,386,6,419,7,539,7,751,12,291,4,
2026-09-30,06:26:23.264,1000,125,2,296,4,315,4,224,2,486,7,493,8,280,4,680,9,651,10,519,7,742,11,415,6,465,7,740,10,319,5,735,11,
2026-09-30,06:26:24.264,999,140,2,101,1,253,3,177,1,91,1,128,2,290,4,86,1,166,2,165,2,151,2,154,2,299,4,198,2,27,0,26,0,
2026-09-30,06:26:25.263,999,476,7,298,4,407,6,739,9,550,8,444,7,410,6,620,8,476,7,615,9,325,5,599,8,415,6,522,7,533,9,157,2,
2026-09-30,06:26:26.263,999,3737,52,3569,46,3417,60,4097,65,4204,62,3860,59,4141,62,4372,58,4736,67,4035,65,3513,65,4277,61,4567,70,4009,56,4331,65,5059,75,
2026-09-30,06:26:27.264,1000,505,8,610,8,401,6,417,6,959,14,599,9,905,14,676,9,782,11,627,9,479,8,642,9,524,8,352,5,446,7,521,8,
2026-09-30,06:26:28.264,999,997,14,1081,14,1277,18,1241,16,724,11,431,8,1060,18,1916,25,792,11,1187,16,1456,22,704,11,1151,19,939,14,719,12,657,10,
2026-09-30,06:26:29.263,999,190,3,83,1,641,9,587,7,276,4,216,3,388,6,377,5,120,2,267,4,123,2,222,3,148,2,693,10,404,6,130,2,
2026-09-30,06:26:30.264,1000,1155,16,860,11,737,10,1138,15,598,9,570,10,996,16,612,8,1319,18,642,9,691,10,1136,16,1242,20,1064,15,847,14,883,13,
2026-09-30,06:26:31.264,999,226,3,319,4,91,1,106,1,74,1,206,3,314,5,160,2,150,2,395,5,210,3,76,1,78,1,255,3,131,2,135,2,
2026-09-30,06:26:32.264,999,82,1,9,0,169,2,500,6,9,0,104,2,191,3,9,0,7,0,215,3,148,2,153,2,222,3,156,2,80,1,143,2,
2026-09-30,06:26:33.263,999,603,8,715,9,1287,18,1416,18,411,6,514,8,603,9,610,8,720,10,961,13,332,5,281,4,917,15,1113,16,770,13,969,14,
2026-09-30,06:26:34.264,1000,431,6,455,6,94,1,403,5,379,6,408,6,543,8,157,2,530,7,377,5,361,5,506,8,199,3,279,4,379,6,140,2,
2026-09-30,06:26:35.264,999,109868,1536,127347,1637,95277,1597,101613,1577,108636,1586,104415,1590,108737,1629,120556,1586,114695,1612,106957,1662,92678,1617,112525,1580,108339,1635,112617,1591,103267,1554,103624,1532,
2026-09-30,06:26:36.264,999,13897,199,15879,209,12717,208,12996,194,13151,197,12774,200,13239,203,14100,188,12746,183,14723,222,13188,223,12362,180,12326,192,14758,216,11595,185,13317,203,
2026-09-30,06:26:37.263,999,5086,72,5218,69,4195,70,4039,62,4739,69,4924,79,4261,64,6572,86,4096,59,4077,62,3923,66,4511,62,4726,71,4443,64,4606,73,4590,69,
2026-09-30,06:26:38.264,1000,13077,182,17045,220,14231,202,13901,183,12144,185,10547,181,10972,192,14968,196,14115,196,12158,168,12642,193,13199,187,10674,163,10260,169,10332,193,13674,202,
2026-09-30,06:26:39.264,999,590,8,964,13,708,10,1494,19,1245,18,808,14,1124,18,1347,18,939,15,1035,14,1135,17,1767,25,671,10,705,10,522,8,928,14,
2026-09-30,06:26:40.263,999,3429,53,4983,69,3869,55,3913,51,4255,64,3818,67,3344,56,4244,56,3542,54,4726,65,4590,69,4869,70,3782,58,3621,56,3460,58,4050,61,
2026-09-30,06:26:41.264,1000,19019,273,17681,227,15191,249,16362,245,15279,224,15487,236,15690,236,18364,245,17149,246,15297,233,13833,238,17575,249,17081,260,17025,241,15748,237,16511,247,
2026-09-30,06:26:42.264,999,2080,36,2543,39,3055,43,3578,47,3197,48,3421,54,3210,49,3128,42,2123,35,3088,42,2910,44,4176,60,2752,43,2666,39,2216,34,2930,45,
2026-09-30,06:26:43.264,999,836,12,1009,13,746,10,883,11,360,5,303,6,814,13,685,9,678,10,1050,14,823,12,727,10,714,11,474,7,368,7,751,11,
2026-09-30,06:26:44.263,999,1783,25,1961,25,2052,33,2390,35,1242,18,1881,29,1432,22,1578,21,2139,30,1064,16,1157,20,1635,23,1663,25,2009,29,1962,30,1335,20,
2026-09-30,06:26:45.264,1000,4680,66,4556,59,3854,66,4508,73,5311,78,4474,70,4122,63,4754,64,4749,67,4107,65,3358,60,4475,64,5257,80,4836,69,4260,66,4682,70,
2026-09-30,06:26:46.264,999,3018,47,3435,47,2912,42,3357,44,2421,36,3383,56,2977,47,2707,36,3120,47,3639,50,3514,53,3881,55,2297,35,2693,39,2340,39,3053,45,
2026-09-30,06:26:47.264,999,3770,54,4975,65,3955,67,3886,61,2853,42,3310,51,3098,47,3836,51,3164,45,3128,49,3264,56,4647,65,3755,56,3866,55,3431,53,3938,59,
2026-09-30,06:26:48.263,999,4005,56,3844,50,3585,57,2841,42,2427,36,2634,43,2435,39,3408,46,3174,44,3362,50,3284,53,2529,36,2959,46,3802,58,3222,52,3465,52,
2026-09-30,06:26:49.264,1000,52401,738,59323,766,42384,727,50582,798,52605,770,51304,770,54134,802,56919,747,54055,766,51585,806,43526,774,55188,775,51096,775,52928,741,53694,796,51425,758,
2026-09-30,06:26:50.264,999,25640,357,26988,347,20926,344,23535,360,27082,398,23945,385,22180,348,29016,384,27192,383,24101,364,21344,364,25931,369,21266,323,22379,328,20061,317,20454,305,
2026-09-30,06:26:51.264,999,3815,54,3601,47,3603,57,3223,46,3723,55,3336,55,2494,39,4780,64,3104,45,3025,45,3365,55,4969,70,3726,57,4118,61,3506,57,3800,57,
2026-09-30,06:26:52.264,1000,5895,86,6494,87,6037,90,6557,90,5910,89,5344,87,5107,81,7302,99,6448,94,4525,64,5663,89,6444,93,5463,86,5438,81,4384,72,5180,79,
2026-09-30,06:26:53.264,999,489,7,771,10,437,6,695,9,766,11,822,15,393,7,1038,14,793,11,1037,14,1096,17,957,14,820,13,695,11,472,9,1176,18,
2026-09-30,06:26:54.264,999,5467,78,6988,91,4057,60,5064,68,4667,69,4987,80,4339,69,4489,66,4824,68,6095,83,5967,91,5644,80,5236,81,5660,82,4977,80,4619,80,
2026-09-30,06:26:55.264,999,21083,293,21546,275,15505,274,18938,306,20340,297,19290,292,18855,283,23239,308,20481,288,20174,321,16560,301,19502,277,19708,300,20588,290,19065,284,20815,308,
2026-09-30,06:26:56.264,1000,2028,31,2543,35,2398,35,3228,44,1329,20,1883,31,2557,43,2448,33,2106,31,2402,33,2014,30,2538,36,3588,55,3214,50,2547,45,2671,41,
2026-09-30,06:26:57.264,999,12463,172,15611,200,11494,166,13778,184,12532,185,9546,187,9091,166,13163,174,12214,172,12941,175,11265,169,11574,165,11385,174,10201,177,9873,196,13418,200,
2026-09-30,06:26:58.264,999,3356,49,3676,47,2999,44,3101,43,3187,48,2693,46,3862,63,4185,57,3002,44,2661,37,3004,47,3839,55,3118,48,2964,44,2641,43,1908,29,
2026-09-30,06:26:59.265,1000,1250,18,1220,16,1558,23,1985,28,1777,26,1106,18,1366,22,1663,22,1508,23,2320,34,1532,25,1742,25,1659,26,1363,21,1294,22,2169,33,
2026-09-30,06:27:00.265,1000,1316,18,1406,19,1913,28,1441,19,910,14,630,11,1155,20,837,11,537,8,1080,15,805,12,1205,17,991,15,1422,23,1322,23,1409,21,
2026-09-30,06:27:01.265,999,567,8,330,4,515,7,1103,14,719,10,323,6,869,14,645,9,601,9,810,11,669,10,781,11,873,13,470,7,347,6,422,6,
2026-09-30,06:27:02.265,999,1529,21,1957,25,2076,29,2131,28,1340,22,1886,30,1464,23,2138,28,1908,26,1806,25,2182,33,2139,33,1412,24,2007,29,1624,27,1530,23,
2026-09-30,06:27:03.266,1000,1819,26,1718,22,1930,28,1728,23,1406,21,1437,23,1401,22,1281,18,1748,25,1393,19,1714,26,2024,29,1088,16,1310,19,904,15,994,15,
2026-09-30,06:27:04.265,999,2539,35,2618,33,2256,33,2026,27,1342,21,1517,25,1545,25,1676,22,2068,29,1853,27,1601,26,990,15,1811,29,1710,25,1510,26,2511,37,
2026-09-30,06:27:05.265,999,4662,65,4680,60,4560,72,4893,73,3968,61,3564,56,3755,57,5110,68,3967,55,3673,54,3704,63,3875,58,3451,55,4910,71,3517,54,4536,68,
2026-09-30,06:27:06.265,999,3497,50,3251,42,2869,42,2700,36,2683,40,2607,42,2634,42,2732,37,3717,53,2867,41,2088,33,2464,36,2063,32,2653,39,1453,25,2416,37,
2026-09-30,06:27:07.265,1000,633,9,1091,14,789,11,1059,14,608,10,845,14,881,14,1193,16,1457,20,1170,16,1389,21,1185,18,1371,23,987,13,803,13,1014,15,
2026-09-30,06:27:08.265,999,2280,32,2244,29,2643,38,2313,31,1820,33,2570,39,1973,30,2370,31,2419,34,2454,34,1607,25,2035,32,1805,32,1500,21,2232,35,2427,37,
2026-09-30,06:27:09.265,999,926,13,1551,20,1066,16,940,13,767,11,503,8,1085,17,847,11,1044,16,1138,16,1142,18,1075,16,1194,18,1347,19,1498,24,1271,19,
2026-09-30,06:27:10.265,1000,791,11,1005,13,647,9,734,10,953,14,357,6,1067,17,896,12,788,11,1109,16,714,12,657,9,1003,16,641,9,687,12,820,12,
2026-09-30,06:27:11.265,999,6658,94,6781,87,5663,99,5954,95,7005,102,6350,97,6289,94,7667,102,6938,97,6886,110,5821,105,6497,92,7203,110,6397,90,6537,97,7276,108,
2026-09-30,06:27:12.265,999,298,4,626,8,590,8,258,3,361,5,169,3,191,3,156,2,429,6,503,7,147,2,570,8,82,1,374,5,59,1,345,5,
2026-09-30,06:27:13.266,1000,228,3,242,3,225,3,135,1,248,4,421,7,543,9,310,4,159,2,426,6,275,4,144,2,78,1,173,2,372,6,283,4,
2026-09-30,06:27:14.265,999,1468,20,1980,25,1338,23,1447,22,963,14,1084,16,1187,18,1371,18,1540,22,1208,18,1239,21,954,14,1657,25,1178,16,1657,25,1144,17,
2026-09-30,06:27:15.265,999,1622,23,1073,14,1683,28,1842,28,744,11,801,12,896,14,1559,21,2125,30,1328,20,1137,19,984,14,1858,28,1724,24,1456,22,1688,25,
2026-09-30,06:27:16.265,999,896,13,1183,15,956,14,1030,14,891,13,1165,20,1305,21,1270,17,1377,20,1261,18,1524,24,1871,28,1025,16,497,7,927,16,1281,19,
2026-09-30,06:27:17.266,1000,986,14,1827,24,876,13,1671,22,1214,18,1043,17,1078,17,1475,20,965,14,1633,22,991,15,1224,17,1376,21,1992,29,1066,18,1407,22,
2026-09-30,06:27:18.265,999,210,3,463,6,644,10,497,6,570,8,201,4,223,4,362,5,352,5,597,8,328,5,335,5,333,5,709,11,399,7,396,6,
2026-09-30,06:27:19.265,999,364,5,168,2,315,4,453,6,276,4,125,2,312,5,364,5,375,5,426,6,386,6,566,8,156,2,351,5,284,5,623,9,
2026-09-30,06:27:20.266,1000,510,7,700,9,591,8,566,7,427,6,367,6,632,10,383,5,420,6,801,11,814,12,557,8,630,9,317,4,114,2,162,2,
2026-09-30,06:27:21.266,1000,273,4,231,3,142,2,324,4,386,6,319,5,364,6,206,3,231,3,218,3,68,1,277,4,82,1,168,2,124,2,260,4,
2026-09-30,06:27:22.266,999,78,1,170,2,435,6,564,8,407,6,242,4,404,6,465,6,85,1,482,7,303,5,370,5,606,9,563,8,267,4,216,3,
2026-09-30,06:27:23.266,999,3515,53,2907,40,2265,36,2592,38,2647,39,2635,40,1891,28,2949,39,2783,42,2859,45,1984,34,2459,35,2224,34,2633,37,2307,35,3158,47,
2026-09-30,06:27:24.267,1000,1419,20,1612,21,1135,19,1763,27,1787,26,1659,26,917,14,2175,30,1161,16,1632,24,1469,24,1378,19,800,12,1348,19,1188,18,1264,20,
2026-09-30,06:27:25.266,999,1935,27,2386,31,1563,25,1339,20,1714,25,1114,18,1708,27,2446,33,2295,32,2218,33,1929,33,2137,31,1650,25,1683,24,1856,29,1607,24,
2026-09-30,06:27:26.266,999,7127,99,6723,87,5835,102,6876,111,6566,96,5478,83,5470,82,6968,93,5809,82,6147,99,5546,102,6091,87,7588,117,7052,100,7333,111,7057,105,
2026-09-30,06:27:27.267,1000,1439,22,2329,32,1974,31,1851,27,1361,20,1344,22,1387,22,1361,18,1419,22,1811,27,1182,19,1527,22,2062,31,1605,23,1989,32,1644,25,
2026-09-30,06:27:28.268,1000,276,4,472,6,438,7,199,2,426,6,320,6,365,6,689,9,358,5,724,10,473,7,560,8,258,4,281,4,223,4,401,6,
2026-09-30,06:27:29.267,999,501,8,506,7,438,6,621,8,623,9,313,5,313,5,991,13,596,9,585,8,594,9,511,7,294,4,477,7,824,13,347,5,
2026-09-30,06:27:30.267,999,114015,1611,126249,1630,113521,1663,124167,1698,112553,1741,106768,1690,107717,1664,118606,1671,122872,1735,122636,1700,114310,1756,117271,1740,100457,1612,113459,1663,106864,1687,104261,1658,
2026-09-30,06:27:31.268,1000,15876,233,15524,205,13242,196,14144,196,13566,208,11742,188,13079,205,13947,186,13957,200,13775,196,14071,224,12386,181,10662,168,13003,189,12028,188,11849,180,
2026-09-30,06:27:32.268,999,4302,62,5057,66,5078,73,5769,77,5171,78,4438,72,4463,73,4788,68,4672,66,6403,87,6628,101,6422,92,4629,72,5678,85,3998,66,4118,66,
2026-09-30,06:27:33.267,999,1981,28,2147,28,1681,24,2215,29,2028,30,1585,28,1871,31,2110,28,2075,29,1912,26,2224,34,1571,23,1703,26,1675,27,1567,28,1718,26,
2026-09-30,06:27:34.267,999,3028,46,2339,32,3859,55,3460,46,3536,54,3479,56,3455,54,3218,43,3551,53,3667,50,3217,49,3101,45,2705,43,2726,40,2048,33,3030,46,
2026-09-30,06:27:35.268,1000,18471,268,21932,292,18948,312,17483,270,18370,270,19170,295,17287,261,20881,276,18574,274,19096,296,15548,270,16492,234,18516,283,20240,288,17913,273,18734,280,
2026-09-30,06:27:36.268,999,17891,252,20564,265,16109,231,17281,232,15137,223,12036,222,12952,231,15877,211,17643,251,18364,251,14291,215,15370,221,18339,282,13767,229,12990,245,15223,225,
2026-09-30,06:27:37.267,999,2312,32,2872,37,2177,33,2553,35,1862,28,1676,29,2132,36,2784,37,1769,25,1979,27,1788,27,1757,25,1617,25,1072,16,1359,22,1643,24,
2026-09-30,06:27:38.268,1000,7399,104,10361,136,7855,115,9159,122,8039,127,7786,124,6764,106,8658,117,6832,99,8446,119,5595,88,6638,101,6177,101,7246,107,6681,106,5579,86,
2026-09-30,06:27:39.269,1000,1470,21,2268,30,1194,18,1691,24,1344,20,1188,22,1142,20,1112,15,1333,19,1525,22,1049,17,1424,21,2004,28,1276,20,1359,24,1728,26,
2026-09-30,06:27:40.268,999,4469,63,6476,85,5364,77,4159,54,4899,73,3470,56,3504,55,3832,56,3995,56,4745,65,4113,61,3604,52,4293,67,3821,57,4704,77,4084,68,
2026-09-30,06:27:41.268,999,20866,287,19694,249,15735,269,16643,266,18263,265,17567,266,18966,282,20584,270,19310,270,16372,256,15537,274,17538,247,17834,269,18256,256,18602,278,19386,285,
2026-09-30,06:27:42.269,1000,1668,23,1981,25,1768,26,2141,29,1960,29,1409,24,1909,31,2503,34,1759,25,1226,17,1825,28,2413,35,1392,21,1282,19,1713,31,1756,26,
2026-09-30,06:27:43.269,999,1148,16,804,10,1182,17,1265,17,1357,20,693,13,1599,27,1871,25,1470,21,1346,19,1107,18,912,13,846,13,1111,17,1202,20,1463,22,
2026-09-30,06:27:44.268,999,2744,37,2998,38,2324,39,2484,37,2491,36,2903,42,2770,42,3003,40,2608,37,2300,35,2111,36,2827,40,2156,33,3108,43,2689,41,2587,39,
2026-09-30,06:27:45.269,1000,3649,51,3753,48,3642,63,3684,58,4181,61,3119,48,3490,53,3008,40,3508,49,3256,52,2426,44,3123,45,3905,59,3696,52,3373,52,3328,50,
2026-09-30,06:27:46.269,999,1822,27,2271,31,2000,31,2598,37,2195,33,1720,26,2047,31,2522,33,2062,29,1821,27,1786,30,2467,35,1678,25,1613,23,2054,33,1881,28,
2026-09-30,06:27:47.268,999,147293,2068,165394,2134,126558,2123,137503,2137,146177,2140,138271,2105,148737,2230,167641,2205,148085,2101,142609,2217,125790,2186,149596,2103,136572,2063,144444,2052,143576,2164,142135,2098,
2026-09-30,06:27:48.269,1000,4953,71,5831,76,5272,76,6985,94,5651,86,4635,82,4529,76,5415,73,4853,70,5409,75,5178,80,6319,91,5065,79,5890,91,4134,70,4174,64,
2026-09-30,06:27:49.269,999,4098,60,4941,66,4046,65,4626,70,4514,66,4994,79,4334,67,4753,63,4056,58,4239,65,3258,57,4301,61,4395,67,4550,67,4397,68,5089,76,
2026-09-30,06:27:50.269,999,7700,111,7895,104,6961,108,7861,110,6861,101,6290,111,6058,103,7894,106,7698,111,7632,110,6861,109,7270,104,6400,98,6552,101,5815,99,6551,98,
2026-09-30,06:27:51.268,999,2265,33,2433,32,2331,34,1909,26,1995,31,1899,32,2257,36,3347,45,2108,30,2355,33,1653,26,2038,31,2293,37,2655,40,1743,29,2408,37,
2026-09-30,06:27:52.269,1000,1731,24,1107,14,1217,18,1904,26,1176,17,1108,19,1194,20,1121,16,1115,16,1429,20,1628,25,1630,23,1534,24,1653,25,1099,18,1459,23,
2026-09-30,06:27:53.269,999,1095,17,1630,22,2035,30,1452,20,932,14,946,17,1262,21,1063,14,1261,19,1207,17,975,15,1422,21,1529,23,836,13,1534,25,1010,15,
2026-09-30,06:27:54.269,999,1384,21,1669,23,2474,35,2039,27,2108,31,1674,28,1413,24,1786,24,1559,22,1857,26,1963,30,2284,32,1013,16,1335,20,1502,26,784,12,
2026-09-30,06:27:55.268,999,8089,113,9169,118,6823,119,6954,113,7901,116,7498,116,7049,107,8863,118,7140,101,7437,120,6433,116,8127,116,7291,112,9031,129,7707,119,7044,105,
2026-09-30,06:27:56.269,1000,16476,229,16371,208,13111,228,13553,215,14103,206,14970,226,14792,220,17230,228,14824,209,14141,225,12334,221,16619,236,15180,232,16971,238,16400,245,16000,236,
2026-09-30,06:27:57.269,999,2125,31,2735,36,2178,35,2168,31,2491,37,1864,31,3098,49,2820,37,2307,34,3025,44,1858,31,2474,35,2116,32,2313,34,1559,26,2272,34,
2026-09-30,06:27:58.268,999,2719,38,3106,40,1863,29,2393,34,2627,39,2260,37,2070,33,2081,28,2658,37,2419,35,1636,27,2526,36,1957,29,1919,29,1511,26,1940,30,
2026-09-30,06:27:59.269,1000,1783,27,2143,29,2076,30,2460,32,2386,36,1778,30,2425,40,1967,26,1889,28,2308,32,1902,28,2406,35,1661,25,2022,30,1765,28,2089,31,
2026-09-30,06:28:00.269,999,1366,19,1574,20,1958,30,1883,26,2028,30,1728,28,1041,17,2186,30,1450,20,1242,18,1282,20,1914,27,1585,24,1312,20,936,15,1487,23,
2026-09-30,06:28:01.269,999,302,4,765,10,419,6,518,7,153,2,312,5,235,4,382,5,161,2,546,8,171,3,427,6,563,8,656,9,349,5,616,9,
2026-09-30,06:28:02.268,999,1442,20,2143,27,1846,26,1539,20,1259,20,1192,18,1316,20,1633,21,1410,19,1185,16,1968,30,1563,25,1464,26,1516,21,1326,20,1509,23,
2026-09-30,06:28:03.269,1000,2127,34,2218,31,2467,36,2375,31,2274,34,1992,31,1868,28,2717,37,2954,45,2319,33,2272,34,2865,41,2371,36,1670,24,1979,30,2346,36,
2026-09-30,06:28:04.269,999,930,13,1176,15,961,13,1457,18,766,13,1263,20,1034,16,1335,18,1419,20,1181,16,1244,19,1068,17,716,12,1061,16,1239,19,875,13,
2026-09-30,06:28:05.269,999,6139,91,6971,94,6402,107,6723,102,6986,103,5937,91,6342,96,7634,101,6930,104,6473,99,6460,112,6850,97,5924,90,7159,100,6755,102,6629,99,
2026-09-30,06:28:06.269,1000,2718,47,2734,42,2475,35,3671,48,3048,45,2092,32,3280,50,3216,43,2061,36,2447,33,2086,31,2317,33,2486,38,2344,33,2946,44,2777,41,
2026-09-30,06:28:07.269,999,1263,18,1519,20,999,16,969,15,1342,20,1354,22,1108,17,1172,16,1047,15,1011,15,1168,19,1078,15,1337,20,919,13,1128,17,1028,15,
2026-09-30,06:28:08.269,999,3681,52,3579,47,3505,50,3654,49,2848,50,3613,56,3088,47,3272,43,3354,47,3576,49,2894,44,2650,43,2411,42,2486,36,3049,47,3240,49,
2026-09-30,06:28:09.268,999,1476,22,1013,13,1317,19,1243,16,585,9,631,10,607,9,987,13,686,10,1002,14,520,8,614,9,559,9,1087,16,964,16,890,13,
2026-09-30,06:28:10.269,1000,9686,135,9199,117,8471,144,8216,129,7498,112,9585,145,8780,131,11180,149,9509,134,8174,128,8512,151,9006,130,9704,153,10068,142,9106,136,9240,137,
2026-09-30,06:28:11.269,999,1767,28,1516,22,1437,20,1603,21,1785,27,1825,30,1566,25,1804,24,1476,23,1949,26,1492,22,1494,21,1472,22,1542,22,1659,27,1829,27,
2026-09-30,06:28:12.269,999,1074,15,1512,20,926,15,1252,18,1242,18,867,15,811,13,1011,14,785,11,906,13,1058,17,986,14,927,14,913,14,1277,21,1417,21,
2026-09-30,06:28:13.269,1000,221,3,542,7,135,2,25,0,203,3,136,2,463,7,301,4,197,3,281,4,193,3,362,5,206,3,143,2,218,4,412,6,
2026-09-30,06:28:14.269,999,2234,30,2552,32,1911,32,2108,32,1838,27,2168,31,2202,33,2027,27,2308,33,2039,31,1310,23,2106,30,1259,19,2434,34,2224,33,1783,26,
2026-09-30,06:28:15.269,999,1266,18,1611,21,1437,24,2072,31,1341,20,1432,22,1818,28,1329,18,1446,21,1312,19,1839,29,1099,16,1473,22,1714,24,1465,23,1564,23,
2026-09-30,06:28:16.269,999,1005,15,849,11,780,12,1102,16,570,8,558,9,678,11,605,8,1324,19,951,14,1091,17,903,13,677,10,1208,18,619,10,888,13,
2026-09-30,06:28:17.269,1000,709,11,625,9,601,8,350,4,471,7,273,4,145,2,219,3,261,4,69,1,200,3,218,3,601,9,719,10,556,9,462,7,
2026-09-30,06:28:18.269,999,3286,50,3897,54,3116,50,3515,52,2368,35,3121,48,2807,43,3235,43,3668,54,3486,53,3047,51,3244,46,2630,40,3413,48,2541,38,3113,46,
2026-09-30,06:28:19.269,999,565,8,763,10,535,8,249,3,336,5,588,10,623,10,895,12,694,10,770,11,644,10,659,10,211,3,138,2,375,7,662,10,
2026-09-30,06:28:20.269,1000,156,2,404,5,246,3,258,3,352,5,79,1,298,5,398,5,367,5,455,6,491,7,276,4,149,2,139,2,119,2,220,3,
2026-09-30,06:28:21.269,999,469,6,217,3,703,10,453,5,503,7,664,11,341,5,614,8,624,9,639,9,214,3,557,8,236,3,458,6,671,11,280,4,
2026-09-30,06:28:22.269,999,664,9,547,7,324,5,682,9,264,4,322,5,190,3,232,3,274,4,417,6,384,6,193,3,458,7,506,7,836,13,617,9,
2026-09-30,06:28:23.269,999,403,6,93,1,168,2,186,2,324,5,259,4,178,3,366,5,418,6,444,6,509,8,544,8,343,5,98,1,222,3,316,5,
2026-09-30,06:28:24.269,1000,719,10,1084,14,847,12,958,12,536,9,504,8,398,6,688,9,582,8,582,8,809,12,1097,18,529,10,1055,15,410,6,545,8,
2026-09-30,06:28:25.269,999,641,9,174,2,207,3,414,6,413,6,700,11,413,7,609,8,721,10,751,11,755,12,853,12,506,8,378,5,325,5,475,7,
2026-09-30,06:28:26.269,999,5129,71,5746,73,5067,87,5102,80,5326,79,6065,92,5977,89,5900,79,6969,99,6176,97,5197,92,5826,83,6421,99,6839,97,6308,95,6454,96,
2026-09-30,06:28:27.270,1000,716,10,685,9,539,8,564,7,834,12,496,8,638,10,733,10,375,5,311,4,608,10,777,11,555,8,304,4,468,7,494,7,
2026-09-30,06:28:28.269,999,152,2,634,8,474,7,576,7,564,8,489,9,407,7,1216,16,586,8,671,9,1052,16,727,10,611,9,649,9,283,5,427,6,
2026-09-30,06:28:29.269,999,949,14,1715,23,1134,16,1244,16,1070,17,1502,23,736,11,1074,14,1031,14,896,13,773,12,1225,18,1111,17,1113,15,1252,19,1429,22,
2026-09-30,06:28:30.269,999,509,7,571,7,432,6,605,8,483,7,302,5,391,6,820,11,675,9,236,3,185,3,790,11,676,10,518,7,577,10,354,5,
2026-09-30,06:28:31.269,1000,154,2,412,5,329,4,455,5,359,5,130,2,404,6,278,4,274,4,571,8,285,4,565,8,472,7,238,3,379,6,497,7,
2026-09-30,06:28:32.269,999,531,7,577,7,377,5,242,2,717,11,363,7,368,6,535,7,309,4,304,4,280,4,371,5,673,10,277,3,479,8,286,4,
2026-09-30,06:28:33.269,999,305,5,407,6,103,1,235,2,353,5,141,2,149,2,237,3,152,2,214,3,191,3,433,6,273,4,353,4,218,3,147,2,
2026-09-30,06:28:34.270,1000,209,3,14,0,254,3,321,3,13,0,65,1,256,4,81,1,444,6,240,3,85,1,12,0,228,3,341,4,210,4,353,5,
2026-09-30,06:28:35.269,999,801,11,725,10,771,12,741,11,1004,15,971,15,875,14,1136,15,582,8,1421,21,768,12,1155,16,677,10,716,9,455,7,630,9,
2026-09-30,06:28:36.269,999,5,0,348,5,93,1,489,6,139,2,107,2,175,3,7,0,376,5,66,1,211,3,211,3,169,2,253,3,347,5,87,1,
2026-09-30,06:28:37.269,999,1086,15,1012,13,1621,22,1576,19,1333,23,884,14,1376,21,1445,19,1566,22,1177,16,1309,19,1003,16,1167,19,1191,17,822,13,756,11,
2026-09-30,06:28:38.270,1000,831,14,1007,15,1387,19,1405,18,836,13,943,15,1151,17,1293,17,1131,17,732,10,1145,17,938,14,795,12,887,12,878,13,1183,18,
2026-09-30,06:28:39.269,999,717,10,911,12,479,7,1428,20,698,10,556,9,786,13,612,8,571,8,756,11,632,10,647,9,678,10,756,11,744,12,725,11,
2026-09-30,06:28:40.269,999,463,7,233,3,463,6,513,6,675,10,414,6,321,5,772,10,603,9,843,11,488,7,226,3,538,8,381,5,296,5,342,5,
2026-09-30,06:28:41.270,1000,5049,72,4407,58,4787,79,5429,82,3969,58,4915,76,4786,74,5821,77,5294,76,4720,72,4798,83,4170,60,6359,97,5700,81,5346,83,4319,64,
2026-09-30,06:28:42.269,999,443,7,337,5,863,12,667,8,663,10,396,6,533,8,531,7,354,6,516,7,399,6,437,6,415,6,700,10,668,11,392,6,
2026-09-30,06:28:43.269,999,758,11,1243,16,1238,17,893,10,579,9,546,8,1036,15,827,11,349,5,328,4,1143,17,559,8,627,10,761,10,410,6,419,6,
2026-09-30,06:28:44.270,1000,2005,29,3159,41,2369,36,2409,34,1998,30,1919,31,1704,27,1923,26,2249,32,2237,31,2026,31,2293,33,1880,29,2041,29,2315,36,2384,36,
2026-09-30,06:28:45.270,999,1532,21,1946,25,1316,21,1402,20,1131,17,1102,17,1446,22,1748,23,1392,19,2194,32,967,16,1287,19,1048,17,1318,19,1211,21,1158,17,
2026-09-30,06:28:46.269,999,1217,19,1732,24,1953,31,2216,32,2153,32,2311,35,2120,31,2056,27,2164,32,2523,38,1849,31,2341,33,1557,24,1736,24,2053,31,1537,23,
2026-09-30,06:28:47.269,999,427,6,165,2,482,7,211,2,72,1,286,5,469,7,223,3,244,4,371,5,660,10,436,6,157,2,109,1,134,2,336,5,
2026-09-30,06:28:48.270,1000,278,4,124,2,218,3,333,4,406,6,404,7,418,7,535,7,300,4,292,4,867,13,753,11,476,7,437,6,269,5,313,5,
2026-09-30,06:28:49.269,999,399,6,252,3,312,4,376,4,410,6,469,8,787,12,154,2,428,6,234,3,274,4,417,6,363,6,251,3,539,9,355,5,
2026-09-30,06:28:50.269,999,583,8,631,8,706,10,617,8,683,10,610,11,324,5,763,11,367,5,385,5,781,12,719,10,860,13,1060,15,370,6,444,7,
2026-09-30,06:28:51.270,1000,359,5,303,4,612,9,764,10,550,8,345,6,479,8,588,8,603,9,600,8,514,8,568,8,218,3,233,3,428,7,373,6,
2026-09-30,06:28:52.271,1000,148,2,88,1,171,2,226,3,354,5,121,2,3,0,82,1,366,5,152,2,212,3,275,4,69,1,136,2,56,1,6,0,
2026-09-30,06:28:53.270,999,143,2,367,5,410,6,179,2,74,1,202,4,163,3,597,8,319,5,307,4,146,2,225,3,268,4,185,3,265,5,415,6,
2026-09-30,06:28:54.270,999,1281,18,925,12,698,11,1192,17,1190,17,1288,19,1003,15,1687,22,845,12,1017,16,781,14,1215,17,1185,18,1424,20,828,12,1264,19,
2026-09-30,06:28:55.271,1000,602,8,652,8,389,6,506,7,631,9,575,9,404,6,311,4,823,12,717,10,377,6,778,11,553,8,638,9,437,7,408,6,
2026-09-30,06:28:56.271,999,39459,551,45443,586,34450,545,38380,560,33673,528,35971,533,39053,571,44639,597,41508,574,37305,555,35923,597,36956,554,33130,538,38341,545,36324,550,35799,549,
2026-09-30,06:28:57.270,999,5755,80,7272,93,5550,98,6396,102,5667,83,6124,92,5834,87,7603,101,6309,89,6350,101,5401,98,5563,79,7042,107,6773,94,6196,93,6707,100,
2026-09-30,06:28:58.270,999,11844,164,14528,185,10859,155,13517,179,11300,166,9254,179,8999,167,13210,177,12918,181,12698,171,11374,170,12257,174,11635,177,10521,178,8952,176,13331,200,
2026-09-30,06:28:59.271,1000,617,9,780,11,600,8,731,9,425,6,812,13,633,10,767,10,539,8,1003,14,552,8,291,4,554,8,876,12,351,5,498,7,
2026-09-30,06:29:00.271,999,1665,24,2238,29,2256,32,2229,29,1618,24,1945,32,2283,38,2112,28,1891,27,1782,24,2061,30,2186,31,2065,31,1725,26,1328,22,1904,28,
2026-09-30,06:29:01.270,999,113188,1594,131126,1695,96832,1620,103607,1600,111398,1625,104008,1573,107982,1618,122581,1608,115621,1628,108352,1681,94776,1646,117486,1650,104497,1574,113574,1604,110234,1659,109595,1619,
2026-09-30,06:29:02.271,1000,3681,52,5209,67,5085,77,4443,63,5085,77,4974,77,4570,71,5834,79,4994,72,5765,85,5008,82,5525,81,4698,74,5202,75,4047,62,4168,65,
2026-09-30,06:29:03.271,999,4698,69,6075,82,5305,79,5276,73,4182,64,4774,75,4290,66,4380,59,4756,71,3845,53,3773,58,4619,67,3751,59,4839,70,3355,53,3212,49,
2026-09-30,06:29:04.271,999,1977,28,1730,22,2548,36,2540,33,2457,38,1707,29,1571,27,2699,36,2001,29,2652,37,2250,36,2726,40,1981,31,1777,27,1910,32,2502,37,
2026-09-30,06:29:05.270,999,18905,267,21344,277,17238,272,19960,293,17527,265,17593,277,15581,239,20291,270,18243,260,17923,271,15578,262,17444,253,16299,254,19819,290,16462,260,16971,256,
2026-09-30,06:29:06.271,1000,3031,47,3168,44,2990,43,3832,51,2127,31,2382,39,2418,37,2718,36,2516,39,3553,50,3017,46,2972,43,3456,51,3517,50,2948,47,3234,50,
2026-09-30,06:29:07.271,999,1193,17,1880,25,1560,23,1891,26,1252,19,1657,27,1653,26,1892,25,1938,28,1522,21,1527,23,1908,28,1640,27,1633,24,1972,32,2279,34,
2026-09-30,06:29:08.271,999,3703,53,3997,52,4222,61,3456,47,3650,61,3538,58,2572,41,4239,56,3596,52,3993,56,3441,53,3335,51,2631,44,2715,39,3171,52,3351,51,
2026-09-30,06:29:09.270,999,708,10,952,12,863,12,1033,13,504,7,597,12,486,9,902,12,832,12,683,9,662,10,627,9,495,7,588,9,513,9,613,9,
2026-09-30,06:29:10.271,1000,1897,27,2614,34,2166,31,2721,37,1806,28,1738,30,1795,30,2375,32,2861,40,2795,38,1878,29,2161,33,1942,32,2074,32,1915,34,2273,34,
2026-09-30,06:29:11.271,999,1250,18,1622,21,1288,18,1238,15,1137,17,1071,18,1365,23,1234,16,1030,15,1131,15,1338,19,1478,21,1278,19,1327,20,1240,22,1109,17,
2026-09-30,06:29:12.270,999,12852,176,12832,163,9793,171,10727,169,10705,156,10956,166,10073,150,13456,177,12073,169,10689,171,9752,178,12001,171,12693,194,12900,180,11740,176,13690,203,
2026-09-30,06:29:13.271,1000,1165,17,1729,22,1888,28,1628,22,948,14,1393,22,928,14,1361,20,1614,23,1101,15,1363,21,1566,22,963,14,1119,16,884,14,1223,20,
2026-09-30,06:29:14.271,999,2290,35,2721,37,2413,38,2470,35,1945,28,1665,26,1657,25,2351,31,1933,28,1965,29,1881,30,1545,22,1815,27,3066,43,2522,38,1825,27,
2026-09-30,06:29:15.271,999,1983,28,2375,31,1943,32,2121,32,817,12,1439,23,1626,25,1674,22,1475,21,1931,30,1143,20,1461,21,2057,31,2184,31,1191,19,1719,26,
2026-09-30,06:29:16.271,1000,3591,50,2943,37,2889,45,3685,52,3346,49,3400,53,3462,52,4488,61,3928,56,3217,48,3974,65,4008,57,3188,48,3351,47,2701,41,3107,47,
2026-09-30,06:29:17.272,1000,2607,43,2370,35,2755,40,3165,42,2092,31,2404,36,2807,42,2185,29,1329,21,2355,33,2706,42,2932,41,2565,39,2226,32,2129,33,2672,40,
2026-09-30,06:29:18.272,999,1495,21,1375,18,1924,27,1612,20,1085,17,812,14,649,11,1163,15,1046,15,800,11,816,12,749,11,908,15,1322,19,1073,19,1475,22,
2026-09-30,06:29:19.271,999,1387,21,1552,22,1455,21,1294,17,786,12,831,13,1227,19,1305,17,892,13,851,12,728,11,565,8,1066,16,979,14,871,14,867,13,
2026-09-30,06:29:20.272,1000,728,10,408,5,729,10,802,10,540,8,440,8,454,7,689,9,1141,16,1249,17,742,11,634,9,526,8,535,8,492,9,805,12,
2026-09-30,06:29:21.272,999,345,5,593,8,353,5,650,8,315,5,352,6,332,6,78,1,686,10,529,7,199,3,83,1,588,9,178,2,593,10,262,4,
2026-09-30,06:29:22.272,999,1093,15,1410,18,1390,20,1058,13,1139,17,1386,22,1602,24,1110,15,1010,15,1260,17,1369,20,940,13,849,12,1300,18,449,7,1324,20,
2026-09-30,06:29:23.272,1000,385,6,544,7,1011,15,710,10,411,6,453,7,724,11,754,10,722,11,669,9,339,5,1198,17,519,8,301,4,651,10,556,9,
2026-09-30,06:29:24.272,999,823,12,1076,14,1206,17,1404,18,666,12,729,11,1261,19,1659,22,903,13,1261,17,1115,17,799,13,655,11,1191,17,828,13,877,13,
2026-09-30,06:29:25.272,999,1305,18,1150,15,863,14,1531,23,1142,17,1235,19,857,13,1592,21,1376,19,1558,23,997,17,1201,17,1356,20,1296,19,921,15,881,13,
2026-09-30,06:29:26.272,1000,475,7,373,5,232,3,584,7,462,7,334,5,466,7,229,3,394,6,624,9,350,5,457,6,416,6,523,7,757,11,495,7,
2026-09-30,06:29:27.273,1000,6156,86,5811,75,4842,86,5944,94,5401,79,6609,100,5607,84,7744,103,7346,105,6371,102,5685,101,6054,86,6481,99,6406,89,6511,98,7745,114,
2026-09-30,06:29:28.273,999,302,4,422,5,447,6,400,4,358,5,455,8,215,4,396,5,497,7,463,6,535,8,307,4,356,5,307,4,248,4,473,7,
2026-09-30,06:29:29.272,999,217,3,7,0,165,2,275,3,497,7,372,6,379,6,298,4,57,1,229,3,149,2,211,3,276,4,146,2,304,5,142,2,
2026-09-30,06:29:30.273,1000,1318,19,1477,19,1453,20,1601,20,762,12,706,12,1070,17,1954,26,766,11,1421,19,1338,20,1036,16,1109,18,1687,25,910,15,752,11,
2026-09-30,06:29:31.273,999,586,9,607,9,739,10,411,5,202,3,438,7,590,9,450,6,668,11,448,6,405,6,427,6,617,9,522,7,530,8,491,7,
2026-09-30,06:29:32.273,999,2970,47,2486,34,2209,35,2740,40,3279,48,2973,46,2797,42,3858,51,3655,58,3245,49,2594,44,2994,42,2927,45,3347,47,2334,35,2781,41,
2026-09-30,06:29:33.273,1000,202,3,660,9,546,7,988,12,413,6,300,5,872,13,832,11,418,6,608,8,461,7,287,4,842,12,1254,17,562,8,639,9,
2026-09-30,06:29:34.273,999,434,6,542,7,665,10,484,6,524,8,249,4,360,6,379,5,285,4,287,4,509,8,72,1,260,4,357,5,442,7,325,5,
2026-09-30,06:29:35.273,999,1196,17,1023,13,800,12,1234,18,1186,18,1350,22,1360,21,1207,16,1307,19,1416,21,1192,20,992,14,1155,17,1426,20,714,11,562,8,
2026-09-30,06:29:36.273,999,360,5,645,9,481,7,521,7,573,8,657,10,402,6,671,9,517,8,1095,16,635,10,709,10,598,9,1005,14,864,13,611,9,
2026-09-30,06:29:37.273,1000,562,8,472,6,539,9,719,11,1049,15,937,14,891,13,602,8,715,10,809,13,451,8,965,14,223,3,389,5,395,6,551,8,
2026-09-30,06:29:38.273,999,899,13,1005,13,1076,15,941,12,943,16,781,12,858,13,818,11,958,13,572,8,463,7,712,11,549,10,608,8,760,12,474,7,
2026-09-30,06:29:39.273,999,868,13,566,7,286,4,484,6,639,9,273,4,380,6,598,8,683,10,153,2,271,4,77,1,695,10,383,5,485,8,400,6,
2026-09-30,06:29:40.273,1000,217,3,634,8,451,6,367,4,276,4,277,5,76,1,237,3,524,7,299,4,293,4,341,5,399,6,158,1,194,3,151,2,
2026-09-30,06:29:41.274,1000,796,12,549,7,593,9,724,9,746,11,435,7,140,2,542,7,411,6,436,6,481,8,576,8,467,7,552,7,913,15,953,14,
2026-09-30,06:29:42.274,999,4908,69,4244,55,4270,76,4188,67,4161,62,4630,70,4522,68,5560,74,5252,74,5347,87,4493,82,4978,72,4695,72,5235,73,5103,77,4809,72,
2026-09-30,06:29:43.274,999,639,9,778,10,624,9,310,4,619,9,591,11,715,12,452,6,361,5,435,6,232,4,976,14,528,8,539,9,615,12,550,8,
2026-09-30,06:29:44.274,1000,893,13,1083,15,774,12,971,12,819,12,595,9,924,14,903,12,644,10,973,14,1302,20,614,9,1108,17,1029,14,859,13,996,15,
2026-09-30,06:29:45.274,999,1333,19,928,12,977,15,1212,17,911,14,1047,16,650,10,1038,14,1516,21,860,12,760,12,1109,16,1099,17,1445,21,691,11,677,10,
2026-09-30,06:29:46.274,999,1078,18,413,6,1058,16,1223,16,870,13,1013,15,819,12,1006,13,697,11,1240,17,1096,17,793,11,673,10,1228,17,1550,23,952,14,
2026-09-30,06:29:47.274,999,190,3,159,2,310,4,205,2,282,4,508,8,456,7,234,3,208,3,203,3,139,2,149,2,149,2,290,4,59,1,86,1,
2026-09-30,06:29:48.274,1000,219,3,67,1,146,2,465,6,285,4,284,5,275,5,523,7,72,1,222,3,390,6,134,2,336,5,95,1,231,4,271,4,
2026-09-30,06:29:49.274,999,361,5,87,1,444,6,417,5,466,7,380,6,432,7,232,3,485,7,312,4,347,5,330,5,21,0,321,4,403,6,420,6,
2026-09-30,06:29:50.274,999,445,6,237,3,100,1,330,4,71,1,53,1,326,5,225,3,220,3,293,4,273,4,260,4,312,5,345,5,301,5,148,2,
2026-09-30,06:29:51.274,999,1170,17,1561,21,918,15,1581,23,1050,16,1432,22,1175,18,1624,22,1267,18,1453,22,1568,26,1254,18,778,12,1348,19,1227,19,999,15,
2026-09-30,06:29:52.274,1000,395,6,304,4,543,8,383,5,340,5,386,6,613,9,327,5,413,6,499,7,269,4,278,4,244,4,494,7,170,3,393,6,
2026-09-30,06:29:53.274,999,130,2,346,5,430,6,622,8,547,8,901,14,568,9,547,7,452,7,938,13,519,8,510,7,613,9,387,5,725,11,597,9,
2026-09-30,06:29:54.274,999,6,0,156,2,357,5,479,6,285,4,278,4,260,4,348,5,657,9,288,4,80,1,232,3,89,1,307,4,288,5,209,3,
2026-09-30,06:29:55.275,1000,736,11,397,5,754,11,770,9,418,6,868,13,204,3,839,11,797,11,770,11,771,12,650,9,1001,15,1086,15,509,8,437,6,
2026-09-30,06:29:56.274,999,4016,56,3110,40,3450,62,3778,60,3138,46,4207,64,3281,49,5071,67,4403,62,4296,68,3682,66,4044,57,4255,65,4128,57,4077,61,3716,55,
2026-09-30,06:29:57.274,999,216,3,311,4,261,3,438,5,368,5,135,2,242,4,388,5,424,6,398,5,351,5,650,9,285,4,318,4,387,6,304,4,
2026-09-30,06:29:58.275,1000,2,0,286,4,241,3,198,2,149,2,239,4,277,5,594,8,198,3,368,5,487,7,831,12,274,4,240,3,317,5,407,6,
2026-09-30,06:29:59.274,999,357,5,450,6,319,4,627,7,546,8,202,3,259,4,66,1,402,6,250,3,223,3,568,8,374,5,347,4,267,4,530,8,
2026-09-30,06:30:00.274,999,127,2,63,1,226,3,339,4,12,0,104,2,245,4,83,1,234,3,91,1,266,4,147,2,328,5,142,2,124,2,138,2,
2026-09-30,06:30:01.274,999,311,4,178,2,116,1,939,12,281,4,146,2,345,5,317,4,594,8,429,6,319,4,298,4,234,3,324,4,490,8,174,2,
2026-09-30,06:30:02.275,1000,717,10,732,9,537,7,445,5,335,6,621,9,550,8,923,12,814,11,595,8,599,9,696,12,588,10,788,10,667,10,476,7,
2026-09-30,06:30:03.274,999,377,5,739,9,1109,16,870,11,351,5,307,5,463,7,429,6,402,5,776,10,731,11,296,4,569,9,378,5,418,7,538,8,
2026-09-30,06:30:04.274,999,585,9,563,8,734,10,648,8,136,2,548,9,69,1,94,1,363,5,424,6,396,6,323,5,775,12,629,8,920,14,686,10,
2026-09-30,06:30:05.275,1000,3025,42,2749,35,2911,49,3601,55,2859,42,2757,43,3225,49,4596,61,4226,60,3579,55,2930,52,3688,52,2525,38,3265,45,2615,40,3251,48,
2026-09-30,06:30:06.275,999,430,6,462,6,402,5,410,4,492,7,200,3,453,7,80,1,93,1,76,1,291,4,217,3,284,4,665,8,479,7,236,3,
2026-09-30,06:30:07.274,999,855,12,831,11,626,10,1096,16,702,10,731,11,516,8,1384,18,675,9,994,15,557,9,677,9,1079,16,1005,14,477,7,545,8,
2026-09-30,06:30:08.274,999,694,10,390,5,580,8,720,10,593,10,397,6,425,7,1004,13,648,9,302,4,476,8,446,7,373,6,534,7,659,10,952,14,
2026-09-30,06:30:09.275,1000,61,1,79,1,161,2,292,3,80,1,9,0,55,1,162,2,226,3,85,1,146,2,15,0,78,1,112,1,168,3,88,1,
2026-09-30,06:30:10.275,999,163,2,95,1,167,2,162,1,20,0,14,0,10,0,86,1,316,4,237,3,143,2,91,1,333,5,186,2,248,4,98,1,
2026-09-30,06:30:11.274,999,142,2,414,5,376,5,510,6,206,3,127,2,147,2,372,5,560,8,240,3,212,3,155,2,158,2,477,6,371,6,97,1,
2026-09-30,06:30:12.274,999,3462,48,3907,50,3403,59,3793,59,2669,39,3864,59,3901,58,4347,58,5158,73,4105,65,3270,59,3809,54,4743,73,3538,48,3970,59,3937,59,
2026-09-30,06:30:13.275,1000,6,0,164,2,28,0,404,5,149,2,77,1,7,0,158,2,80,1,138,2,84,1,148,2,13,0,105,1,82,1,73,1,
2026-09-30,06:30:14.275,999,450,6,91,1,403,6,609,8,498,7,456,7,331,5,467,6,358,5,414,6,234,4,294,4,352,5,273,3,574,9,282,4,
2026-09-30,06:30:15.274,999,939,13,240,3,739,12,844,13,606,9,337,5,459,7,680,9,993,14,789,12,324,5,658,9,605,9,644,9,463,7,534,8,
2026-09-30,06:30:16.274,999,274,4,479,6,428,6,421,5,204,3,254,4,197,3,300,4,406,6,357,5,340,5,79,1,223,3,533,7,579,9,554,8,
2026-09-30,06:30:17.275,1000,346,5,471,6,455,6,655,8,492,7,187,3,382,6,583,8,220,3,442,6,483,7,844,12,430,6,406,5,262,4,554,8,
2026-09-30,06:30:18.274,999,70784,993,82195,1058,56255,960,66748,1055,70826,1037,68650,1023,68811,1013,74987,985,71317,1010,65414,1028,57874,1023,77785,1092,67199,1014,68830,961,70500,1043,70608,1043,
2026-09-30,06:30:19.274,999,36602,520,38668,506,29955,490,33767,508,36694,536,34586,544,35690,547,38474,508,35664,515,35954,542,31956,542,34252,484,34099,517,35757,520,32616,506,32629,487,
2026-09-30,06:30:20.275,1000,5203,75,5000,65,5636,81,5074,68,4142,62,2985,55,3461,61,4628,62,4939,70,5268,72,5303,79,4298,61,4161,66,4752,77,2913,52,3864,59,
2026-09-30,06:30:21.275,999,1798,27,1487,20,2173,34,1593,23,2373,35,1596,26,1452,23,2552,34,1639,24,1079,16,1719,28,1731,25,1785,27,1887,27,1728,27,1382,21,
2026-09-30,06:30:22.274,999,1165,17,1369,19,1295,19,1230,16,1386,20,1820,29,1328,21,1920,27,2068,31,1288,18,1427,22,1612,23,832,12,1243,17,1410,22,1722,27,
2026-09-30,06:30:23.274,999,7113,104,6686,90,6495,96,7211,100,5471,84,4447,73,5238,83,5739,78,5530,84,5386,75,5555,86,6326,90,6154,95,7476,110,5958,95,5456,83,
2026-09-30,06:30:24.275,1000,3100,46,2641,36,2312,34,2686,37,2506,37,2483,39,2169,35,3993,52,2796,39,2928,42,2122,34,2251,32,1894,29,2262,33,2727,43,1738,26,
2026-09-30,06:30:25.275,999,7469,103,7564,97,6009,103,8055,128,7112,104,7880,121,6155,94,7928,106,6920,99,6038,97,5263,95,6752,96,6522,100,7998,115,5584,86,6958,104,
2026-09-30,06:30:26.274,999,2402,36,2118,29,2353,36,2533,36,1477,22,1492,24,1757,28,1582,21,2052,30,1605,24,1531,25,2027,29,1676,26,2072,29,1781,28,1678,25,
2026-09-30,06:30:27.275,1000,11808,163,11606,148,10182,180,11153,180,12205,177,11425,172,11959,176,12621,167,11601,162,10373,167,9864,180,12097,171,11273,171,12055,168,10457,156,11649,173,
2026-09-30,06:30:28.275,999,1661,23,1721,22,1273,18,1242,16,1792,28,1502,28,1665,29,1897,25,1842,26,2030,27,2049,30,1811,26,1753,29,1388,21,1460,26,1418,21,
2026-09-30,06:30:29.274,999,2589,37,2006,26,1398,21,2205,31,2194,32,1444,24,2068,33,1796,24,2179,31,2122,31,1936,31,1769,25,1899,29,2139,31,1814,29,1732,26,
2026-09-30,06:30:30.274,999,1251,18,1917,25,1196,17,1670,22,863,14,1001,17,1148,18,1046,14,1236,17,941,13,675,10,885,13,1110,18,1109,16,905,15,1141,17,
2026-09-30,06:30:31.275,1000,1527,21,1436,18,1264,18,1088,14,1126,17,1135,20,876,14,1140,15,1311,18,994,14,782,12,1381,19,990,15,939,15,585,11,826,12,
2026-09-30,06:30:32.275,999,709,10,1038,13,1026,16,851,12,919,13,1045,18,965,16,1350,18,1357,19,1233,18,901,15,715,10,801,12,649,10,547,9,1015,15,
2026-09-30,06:30:33.274,999,453,6,733,9,459,6,531,6,971,14,317,6,430,8,691,9,667,9,466,6,636,9,650,9,351,5,737,11,428,7,544,8,
2026-09-30,06:30:34.275,1000,1191,17,486,6,946,13,934,12,1094,16,835,14,467,8,669,9,511,7,368,5,775,12,212,3,554,8,226,3,671,12,480,7,
2026-09-30,06:30:35.275,999,1347,19,1285,17,1277,22,1666,24,1351,20,1036,16,1281,20,974,13,917,13,1564,23,982,16,1842,26,1460,22,1381,19,720,11,1087,16,
2026-09-30,06:30:36.275,999,4220,60,3606,47,3802,67,3465,56,4034,59,3270,50,3465,52,4134,55,3927,56,3733,60,3840,69,4108,59,3020,46,3720,52,3534,53,2908,43,
2026-09-30,06:30:37.274,999,659,9,1001,13,985,14,758,9,720,11,341,6,393,7,382,5,562,8,531,7,687,10,425,6,617,9,401,6,447,8,466,7,
2026-09-30,06:30:38.275,1000,2934,43,3950,52,3732,54,3769,50,3861,63,3807,60,3295,51,3797,52,3698,54,4096,57,2643,40,3097,48,3359,55,3338,49,3114,50,3408,53,
2026-09-30,06:30:39.275,999,2536,36,2798,36,1558,22,2351,30,2363,35,2143,34,1999,30,1871,29,2079,30,2175,29,2774,41,2279,33,2215,34,2041,28,1820,27,1775,31,
2026-09-30,06:30:40.275,999,1555,22,1222,16,1731,24,1385,18,796,12,1023,17,1473,24,1122,15,1207,18,675,9,1200,18,1127,16,954,16,1842,27,1002,17,1080,16,
2026-09-30,06:30:41.275,1000,709,10,529,8,660,9,736,9,570,8,506,9,221,4,582,8,279,4,308,4,541,8,619,9,227,3,133,1,654,11,140,2,
2026-09-30,06:30:42.275,999,7030,97,4938,63,6080,104,6810,107,5654,83,6056,92,6422,96,6437,88,6879,96,6324,100,5451,97,5538,79,6919,105,6205,86,5627,84,6660,101,
2026-09-30,06:30:43.275,999,660,9,244,3,305,4,428,5,552,8,366,6,523,8,569,8,367,5,754,10,395,6,820,12,406,6,596,8,508,8,408,6,
2026-09-30,06:30:44.275,999,1726,23,1465,18,1298,21,1644,24,1314,19,1193,18,999,15,1314,18,1277,18,1256,20,1168,20,1152,17,1554,24,1719,24,1926,29,1519,23,
2026-09-30,06:30:45.275,1000,1982,28,2942,38,2096,35,2515,39,2515,37,1142,18,1519,24,2205,30,2364,34,2349,35,1518,25,1979,28,2629,40,2456,35,1578,26,1857,29,
2026-09-30,06:30:46.275,999,495,7,1419,19,1069,16,1600,22,852,13,1312,20,1215,18,1577,21,1508,22,1518,22,1247,20,1667,25,1296,21,1167,16,1261,19,1069,16,
2026-09-30,06:30:47.275,999,770,11,659,9,649,10,704,10,558,8,597,10,599,10,974,13,761,11,832,12,773,12,785,11,452,7,539,8,569,10,477,7,
2026-09-30,06:30:48.275,1000,277,4,151,2,291,4,81,1,139,2,166,3,400,7,607,8,469,7,363,5,419,6,198,3,344,5,305,5,175,3,608,9,
2026-09-30,06:30:49.276,1000,2535,37,2682,36,2647,43,2220,33,2241,33,3123,49,2835,43,2714,36,2899,42,2514,39,1996,34,2594,37,2734,42,2612,39,2141,35,1988,30,
2026-09-30,06:30:50.276,999,435,6,364,5,328,5,438,6,144,2,52,1,228,4,383,5,272,4,349,5,199,3,347,5,262,4,258,4,179,3,144,2,
2026-09-30,06:30:51.276,999,580,8,861,12,462,7,459,6,776,12,721,12,125,2,661,9,410,6,597,8,594,9,658,9,943,14,566,8,650,11,542,8,
2026-09-30,06:30:52.276,1000,944,14,739,10,588,8,927,12,552,8,458,7,579,9,826,12,602,9,1185,16,388,6,781,11,665,10,883,12,393,6,633,11,
2026-09-30,06:30:53.276,999,371,6,89,1,440,6,251,3,477,7,324,5,176,3,458,6,280,4,232,3,210,3,620,9,458,7,363,5,188,3,596,9,
2026-09-30,06:30:54.276,999,141,2,314,4,220,3,18,0,4,0,6,0,178,3,273,4,83,1,156,2,141,2,300,4,11,0,355,5,79,1,211,3,
2026-09-30,06:30:55.276,1000,1150,16,375,5,264,4,314,5,452,7,567,9,498,8,771,10,592,8,773,11,427,7,432,6,773,12,310,4,303,5,527,8,
2026-09-30,06:30:56.277,1000,366,5,94,1,223,3,432,5,118,2,337,5,245,4,161,2,296,4,433,6,526,8,136,2,324,5,508,7,78,1,127,2,
2026-09-30,06:30:57.277,999,4365,61,3807,49,4199,75,4352,71,2997,44,3873,59,4099,61,5357,71,4211,59,4753,76,3819,69,4617,66,4739,73,4073,57,3809,57,4830,72,
2026-09-30,06:30:58.277,999,1023,14,723,9,1029,16,1353,19,1412,21,1018,17,1364,21,1379,19,1575,22,1031,15,1505,24,1056,15,609,9,796,11,1128,18,775,12,
2026-09-30,06:30:59.277,1000,10417,144,12918,165,9533,136,12495,166,10164,149,8274,161,7397,141,11676,155,10978,154,11145,150,9774,146,10698,152,9966,152,8951,156,7993,160,12050,179,
2026-09-30,06:31:00.277,999,372,5,475,6,383,5,534,7,214,3,338,6,199,3,621,8,862,12,490,7,336,5,365,5,354,5,259,4,572,10,351,5,
2026-09-30,06:31:01.277,999,145,2,90,1,219,3,109,1,285,4,191,3,204,3,3,0,75,1,158,2,79,1,293,4,158,2,100,1,128,2,9,0,
2026-09-30,06:31:02.277,1000,1486,21,1973,25,1008,14,1275,16,1187,20,1436,22,1203,18,1473,20,1519,21,1082,15,1321,20,1175,19,984,17,1393,19,1077,17,1348,20,
2026-09-30,06:31:03.277,999,2199,31,3124,40,2568,39,3096,44,2364,38,2348,35,2033,30,1939,26,2889,40,2667,39,2286,38,3270,48,2174,35,1824,26,2721,42,2762,42,
2026-09-30,06:31:04.277,999,591,8,617,8,415,6,487,6,507,8,448,7,357,6,422,6,803,11,522,7,402,6,614,10,462,8,479,7,435,7,609,9,
2026-09-30,06:31:05.277,999,5569,79,5670,73,5459,83,5940,83,4687,72,4473,67,4061,60,5754,80,4317,60,4679,67,4786,78,4871,72,4923,78,4888,69,4404,68,5507,88,
2026-09-30,06:31:06.277,1000,893,12,1188,15,983,14,1006,13,1070,19,1000,15,1366,21,1215,16,2000,28,1545,21,1160,18,1369,22,476,9,847,12,744,11,752,11,
2026-09-30,06:31:07.277,999,976,14,1393,18,891,12,1394,18,948,15,942,14,1087,16,991,13,1473,20,1571,21,1410,21,1198,19,971,17,1439,20,880,13,1210,18,
2026-09-30,06:31:08.277,999,1810,26,1753,23,1416,20,1795,23,1676,27,2035,31,1449,22,2224,31,1894,26,1751,23,2049,30,1256,19,1053,16,1896,27,1808,28,1243,20,
2026-09-30,06:31:09.278,1000,4,0,61,1,159,2,116,1,202,3,74,1,62,1,229,3,289,4,234,3,282,4,149,2,462,7,352,5,384,6,129,2,
2026-09-30,06:31:10.277,999,3973,56,4071,53,3297,56,2885,44,2504,37,2305,36,2326,35,2912,39,3051,42,2430,38,2291,40,1935,27,2554,39,3273,47,3249,50,2848,45,
2026-09-30,06:31:11.277,999,5541,78,5166,67,4893,85,4645,75,4373,64,5069,77,4555,68,6209,83,5142,73,5089,82,3990,72,4898,70,5845,89,5653,79,5005,75,5997,89,
2026-09-30,06:31:12.277,999,215,3,329,4,503,7,441,5,125,2,243,4,253,4,219,3,354,5,436,6,406,6,353,5,517,8,607,8,221,4,603,9,
2026-09-30,06:31:13.278,1000,846,12,1078,14,1233,17,1091,13,712,11,285,4,813,12,631,8,295,4,587,8,669,10,557,8,738,11,374,4,416,6,629,9,
2026-09-30,06:31:14.277,999,1458,20,885,11,1329,21,1401,19,674,11,979,16,445,7,1075,14,873,12,771,11,428,7,985,14,1257,20,914,12,1145,17,909,13,
2026-09-30,06:31:15.277,999,998,14,1711,22,1551,26,1626,25,1087,16,1024,16,998,15,1795,24,1548,22,1454,22,694,12,770,11,912,14,1775,26,757,11,660,10,
2026-09-30,06:31:16.278,1000,403,6,706,9,1030,16,462,6,475,7,351,6,191,3,530,7,566,8,427,6,463,7,204,3,326,5,1103,16,847,14,556,8,
2026-09-30,06:31:17.277,999,407,6,355,5,462,6,513,6,602,9,425,7,202,3,306,4,273,4,308,4,472,7,701,10,162,2,108,1,294,5,267,4,
2026-09-30,06:31:18.277,999,556,8,386,5,209,3,529,7,260,4,667,11,287,5,477,7,205,3,699,10,311,5,737,11,518,8,355,5,319,5,415,7,
2026-09-30,06:31:19.277,999,817,11,641,8,800,11,578,7,766,12,557,9,513,8,824,11,586,8,351,5,510,8,568,8,489,8,502,7,546,9,363,5,
2026-09-30,06:31:20.278,1000,555,8,1016,13,823,12,996,13,681,10,504,8,556,8,793,11,726,10,802,11,685,11,862,12,972,15,1131,16,429,7,672,11,
2026-09-30,06:31:21.277,999,618,9,776,10,777,12,796,11,550,8,421,7,253,4,392,5,576,8,223,3,291,5,587,8,545,8,653,9,508,8,804,12,
2026-09-30,06:31:22.277,999,158,2,324,4,221,3,242,3,140,2,185,3,108,2,76,1,213,3,336,5,127,2,154,2,260,4,164,2,245,4,277,4,
2026-09-30,06:31:23.278,1000,328,5,367,5,350,5,314,4,276,4,205,3,262,4,459,6,115,2,484,7,391,6,502,7,525,8,157,2,188,3,211,3,
2026-09-30,06:31:24.279,1000,369,5,153,2,269,4,249,3,132,2,344,5,146,2,77,1,226,3,152,2,211,3,149,2,211,3,299,4,153,2,144,2,
2026-09-30,06:31:25.278,999,933,13,1123,15,925,15,620,10,1011,15,924,15,860,13,1131,15,1139,16,1011,15,742,13,1136,16,913,14,1011,14,389,6,408,6,
2026-09-30,06:31:26.278,999,143,2,392,5,207,3,153,2,136,2,139,2,148,2,456,6,533,8,526,7,381,6,347,5,173,3,290,4,72,1,147,2,
2026-09-30,06:31:27.279,1000,4162,58,4075,52,3627,64,3764,60,2881,42,3943,60,3831,57,4713,63,4525,64,4342,69,3770,68,3785,54,4489,69,3734,52,3493,53,4468,67,
2026-09-30,06:31:28.279,999,219,3,329,4,698,10,310,4,352,5,268,5,256,4,292,4,151,2,371,5,518,8,491,7,406,6,232,3,144,2,370,6,
2026-09-30,06:31:29.278,999,272,4,208,3,318,4,280,3,226,3,23,0,318,5,167,2,12,0,161,2,154,2,376,5,280,4,235,3,213,3,164,2,
2026-09-30,06:31:30.278,999,578,8,1234,16,971,14,894,11,941,14,634,10,1186,18,759,11,966,13,1149,16,1139,17,724,10,811,12,658,9,405,6,380,6,
2026-09-30,06:31:31.279,1000,586,8,986,13,686,10,912,12,928,14,651,11,597,10,822,11,1143,16,618,9,430,7,841,12,472,7,532,8,1083,18,731,11,
2026-09-30,06:31:32.278,999,303,4,168,2,39,0,213,2,366,5,65,1,138,2,377,5,309,4,144,2,472,7,279,4,366,5,286,3,307,5,328,5,
2026-09-30,06:31:33.278,999,893,14,636,9,814,11,1106,14,1183,18,986,17,1095,17,913,12,1304,19,878,12,734,11,1578,24,797,13,503,7,791,13,1147,17,
2026-09-30,06:31:34.279,1000,351,5,227,3,343,5,814,11,329,5,272,4,358,5,515,7,280,4,220,3,265,4,213,3,474,7,439,6,257,4,73,1,
2026-09-30,06:31:35.279,999,634,9,251,3,837,13,369,5,552,8,419,7,578,9,733,10,803,11,863,13,530,9,558,8,875,13,475,6,462,7,200,3,
2026-09-30,06:31:36.278,999,14384,215,14820,205,13641,210,14515,204,12506,184,12295,200,14307,224,17179,227,15689,233,16833,240,14930,236,16231,228,13789,211,15454,229,14525,236,14823,222,
2026-09-30,06:31:37.278,999,79,1,157,2,543,8,559,7,346,5,251,4,135,2,77,1,72,1,153,2,261,4,277,4,117,2,384,6,110,2,71,1,
2026-09-30,06:31:38.279,1000,12298,172,15431,198,13059,189,13573,182,11953,178,10302,190,10117,181,14534,190,13238,182,12627,176,12239,188,12548,173,12291,185,10556,174,10468,197,13394,200,
2026-09-30,06:31:39.279,999,307,4,402,5,371,6,359,5,273,4,321,5,376,6,844,11,655,9,463,7,217,3,568,8,391,6,548,8,129,2,342,5,
2026-09-30,06:31:40.278,999,606,9,520,7,566,8,485,6,673,10,349,6,534,9,522,7,544,8,698,10,539,8,569,8,383,6,610,9,805,13,747,11,
2026-09-30,06:31:41.279,1000,1429,21,1272,17,1216,18,829,11,1291,19,808,13,1261,19,901,12,1233,18,1070,15,873,14,1116,16,612,9,1407,20,661,10,901,14,
2026-09-30,06:31:42.280,1000,4777,66,4768,61,4217,75,4511,72,4259,62,5425,85,5672,87,6059,80,5988,83,5173,81,5175,90,5328,76,5715,87,4457,63,5028,77,5263,78,
2026-09-30,06:31:43.279,999,196,3,433,6,370,5,476,6,454,7,185,3,325,5,78,1,586,9,556,8,392,6,353,5,211,3,431,6,239,4,266,4,
2026-09-30,06:31:44.279,999,1145,16,1238,16,933,14,1061,15,741,12,894,15,637,10,689,9,728,10,909,13,389,6,699,10,647,10,536,8,905,14,667,10,
2026-09-30,06:31:45.280,1000,1362,19,2013,26,1608,27,1959,30,948,14,1446,23,1655,25,1000,14,1306,18,1545,24,1455,25,1404,20,1268,19,1855,26,1051,16,838,13,
2026-09-30,06:31:46.280,999,66323,929,76242,980,62335,955,68477,965,53164,879,60476,901,65788,966,73371,968,67712,935,60504,882,60024,973,63367,973,55386,932,67267,954,62402,940,60944,920,
2026-09-30,06:31:47.279,999,2457,36,2878,39,2514,39,2187,31,1977,29,2010,32,2217,34,1727,24,1918,28,1859,26,1421,23,2092,30,1484,22,2022,29,1382,22,2297,36,
2026-09-30,06:31:48.280,1000,1467,21,2073,27,1285,19,973,14,1496,22,878,15,1209,20,2080,28,1517,22,2344,34,1306,21,1584,23,1033,16,1666,24,1606,26,1876,29,
2026-09-30,06:31:49.281,1000,789,12,511,7,990,14,459,6,1147,17,697,11,618,10,835,11,985,16,972,13,494,7,911,13,847,13,900,14,921,17,870,13,
2026-09-30,06:31:50.281,999,5935,82,5679,73,5438,90,5733,86,5865,87,4416,71,4885,76,7871,105,5952,83,4936,77,4721,82,6375,92,5804,91,4883,72,4632,75,5756,86,
2026-09-30,06:31:51.280,999,433,6,720,9,292,4,406,5,461,7,200,4,329,6,229,3,71,1,227,3,314,5,708,10,261,4,256,4,118,2,483,7,
2026-09-30,06:31:52.281,1000,1223,17,1497,19,1480,21,1376,18,666,10,885,14,826,13,938,13,769,11,1262,17,1375,20,839,12,1500,23,1710,25,1105,18,1215,20,
2026-09-30,06:31:53.281,999,451,6,330,4,193,3,229,3,612,9,255,4,71,1,150,2,284,4,211,3,189,3,499,7,205,3,409,6,369,6,397,6,
2026-09-30,06:31:54.281,999,1497,21,1683,22,1471,23,1593,24,1769,27,1826,28,1726,26,1746,23,1361,19,1801,27,1221,21,1953,29,1308,21,1685,25,1499,24,1986,30,
2026-09-30,06:31:55.280,999,3600,50,3314,42,1812,32,2630,42,2522,37,3024,47,2885,44,3878,52,3058,43,2913,47,1964,36,2917,42,2980,46,3271,47,1994,31,2008,30,
2026-09-30,06:31:56.281,1000,6018,87,6184,80,5049,80,6559,96,5277,83,5666,85,5847,87,6719,90,7153,100,6425,94,5979,97,5925,89,5256,85,5709,82,4868,74,6200,95,
2026-09-30,06:31:57.281,999,9106,127,8880,113,8231,142,7822,126,7484,110,7236,110,8395,125,9398,124,8406,118,8252,132,6698,121,8540,122,8478,130,8683,123,8813,131,8609,128,
2026-09-30,06:31:58.281,999,1502,22,2481,32,1835,27,1630,22,1637,28,1838,29,1682,26,2481,33,1052,15,1611,22,1311,20,1466,23,1558,26,1777,26,1474,23,1187,18,
2026-09-30,06:31:59.281,1000,1367,19,881,11,945,14,1158,16,527,8,741,12,318,5,233,3,614,9,444,6,568,9,974,15,723,12,722,10,546,8,894,13,
2026-09-30,06:32:00.282,1000,98952,1387,110646,1429,97387,1465,103989,1448,95856,1491,87682,1450,87360,1414,105666,1408,108452,1535,100597,1424,97286,1528,103327,1529,88254,1417,93412,1406,90315,1480,95039,1420,
2026-09-30,06:32:01.282,999,6974,105,8183,111,7539,112,7124,100,7861,120,6689,102,7501,114,8192,111,8113,120,8706,126,6538,106,7998,118,5434,86,6904,101,7076,108,7027,107,
2026-09-30,06:32:02.281,999,6968,99,7126,92,5105,80,6229,90,4970,76,6068,95,5023,78,6453,87,7086,101,6250,91,6187,102,7188,106,5361,86,5912,85,6356,98,6200,95,
2026-09-30,06:32:03.282,1000,10191,146,11658,153,10707,157,10569,143,9018,135,8463,136,8708,136,9503,129,9963,146,9146,130,9214,142,8390,121,7302,114,8672,128,7963,127,7525,114,
2026-09-30,06:32:04.282,999,7001,111,6338,89,9527,138,9649,131,7337,112,7410,114,6895,106,7391,98,6382,102,9066,124,7225,112,7718,113,6663,104,7673,111,6854,108,7955,120,
2026-09-30,06:32:05.282,999,18749,259,20160,258,14875,252,17417,271,19240,281,16748,271,17301,271,23298,310,20471,287,17875,281,14918,259,18318,259,17286,265,17981,263,15030,236,17383,259,
2026-09-30,06:32:06.282,1000,28991,405,33605,430,28184,401,30894,411,27381,401,18631,361,21174,388,29648,393,28757,405,31446,423,25931,384,27221,387,29269,449,24959,424,20811,404,27146,398,
2026-09-30,06:32:07.282,999,4120,63,4032,55,4234,65,4240,59,4181,62,3172,52,3423,54,4003,53,3525,52,4366,62,4289,67,3453,50,3538,55,3448,50,3573,58,2926,44,
2026-09-30,06:32:08.282,999,4624,67,6047,80,5192,75,5426,72,4634,74,5491,89,4722,74,6832,90,5085,73,5661,79,4625,72,5422,83,3731,63,4628,70,4547,73,3984,60,
2026-09-30,06:32:09.282,999,3819,54,4304,58,4184,61,4001,54,3087,46,2902,47,3284,51,3062,41,2624,38,2982,43,2328,38,3212,47,2926,45,3549,54,2994,51,3262,49,
2026-09-30,06:32:10.282,1000,4307,60,5310,68,4329,63,4390,60,3932,58,2663,50,3061,55,4260,57,3829,55,3910,54,3832,59,3670,53,3702,57,3389,56,3320,62,3876,58,
2026-09-30,06:32:11.282,999,1476,22,1708,22,1783,27,1565,21,1699,25,1370,24,818,14,1512,20,1273,19,1457,21,1551,24,1851,27,1014,15,1000,16,1300,21,1284,20,
2026-09-30,06:32:12.282,999,22538,307,23950,302,18090,308,19182,298,19881,287,18599,283,19883,294,20688,272,19966,275,16724,262,16520,291,19915,279,19038,290,21814,307,20564,310,21422,315,
2026-09-30,06:32:13.282,999,815,12,1461,19,874,12,769,9,1191,17,1024,17,429,8,1023,14,1274,18,962,13,787,12,730,10,804,12,1117,17,660,12,1303,20,
2026-09-30,06:32:14.282,1000,4214,57,5278,67,3903,64,4372,64,3928,59,3811,59,3761,58,4336,58,3912,55,3220,49,4273,71,4286,62,3643,56,4087,59,4330,67,3516,52,
2026-09-30,06:32:15.282,999,4850,68,5035,65,4905,82,4515,69,5623,82,4876,78,4432,70,5167,69,5114,73,4807,75,4558,80,4752,68,5744,88,5157,75,4342,68,4960,74,
2026-09-30,06:32:16.282,999,2452,35,2755,36,2058,32,2418,35,1821,27,1347,22,1410,23,1793,24,2164,31,2012,29,2079,35,1892,27,2202,34,1968,29,2154,35,1881,28,
2026-09-30,06:32:17.282,1000,1228,18,1484,20,1751,27,1251,18,1031,15,1271,23,1227,20,1481,20,1077,16,1652,24,1579,25,883,13,1011,15,1365,20,1291,22,1606,24,
2026-09-30,06:32:18.282,999,1540,22,1118,15,896,13,1211,17,787,12,789,14,885,15,1575,21,1193,17,1417,19,1156,18,780,11,848,14,1111,16,813,13,1093,16,
2026-09-30,06:32:19.282,999,3399,48,3308,42,2731,39,2267,30,1769,27,1845,33,1478,24,1606,23,1981,27,2193,30,1496,23,2725,39,2125,33,2194,35,1280,23,2065,32,
2026-09-30,06:32:20.282,999,1404,20,955,12,1446,21,1419,19,475,7,735,13,847,14,1213,16,1393,20,1313,18,1401,21,979,14,1001,15,1277,20,1220,21,1369,20,
2026-09-30,06:32:21.282,1000,368,5,382,5,644,9,650,9,559,8,727,13,330,6,382,5,259,4,224,3,523,8,775,11,529,8,225,3,297,5,660,10,
2026-09-30,06:32:22.282,999,440,6,244,3,224,3,684,9,213,3,170,3,441,8,740,10,575,8,427,6,209,3,358,5,442,7,324,5,238,4,209,3,
2026-09-30,06:32:23.282,999,659,10,586,8,359,5,241,3,889,13,735,12,379,6,526,7,335,5,440,6,655,10,712,10,647,10,556,8,472,8,403,6,
2026-09-30,06:32:24.283,1000,200,3,155,2,351,5,243,3,474,7,362,7,311,5,301,4,485,7,376,5,257,4,143,2,64,1,182,3,271,5,465,7,
2026-09-30,06:32:25.282,999,1571,23,1470,19,1158,18,1555,22,1577,24,1902,30,1131,19,1964,26,2083,30,2297,34,2037,33,1158,17,2043,32,1703,25,1664,26,1923,29,
2026-09-30,06:32:26.282,999,7048,98,6894,88,6251,112,5509,90,5799,85,5904,89,6276,93,7405,99,6414,90,5499,89,5734,106,6041,86,6181,95,5675,80,6849,102,7102,106,
2026-09-30,06:32:27.282,999,1609,23,1733,22,2308,33,2199,29,2029,30,2037,32,1437,22,1731,27,2053,29,1239,17,1999,30,2003,29,2133,33,1610,23,1667,27,1270,22,
2026-09-30,06:32:28.282,1000,232,3,155,2,430,6,480,6,667,10,290,5,432,7,366,5,563,8,590,8,582,9,574,8,577,9,539,8,311,5,348,5,
2026-09-30,06:32:29.282,999,461,7,751,10,921,13,639,8,933,14,902,14,724,11,799,11,902,15,821,11,911,14,1611,23,746,11,700,10,300,5,506,8,
2026-09-30,06:32:30.282,999,1213,20,2011,29,1368,19,2041,27,1494,22,1042,16,1382,21,1790,24,1155,20,1703,23,1372,20,1322,19,1439,22,1296,18,1351,21,1424,21,
2026-09-30,06:32:31.283,1000,1176,17,671,9,1031,14,1111,14,1000,15,1380,22,933,15,1039,14,1137,16,453,6,1112,16,1081,15,1105,17,763,10,1268,20,837,12,
2026-09-30,06:32:32.282,999,296,4,155,2,374,5,435,5,366,5,235,4,232,4,308,4,720,10,569,8,526,8,477,7,426,6,277,3,332,5,268,4,
2026-09-30,06:32:33.282,999,1375,20,1221,16,1298,19,1419,19,419,6,531,8,842,13,876,13,1082,15,949,13,798,12,1491,21,862,13,1432,20,551,8,760,12,
2026-09-30,06:32:34.282,999,1651,23,950,12,664,10,967,14,674,10,554,10,526,9,528,7,951,14,784,11,753,12,853,12,788,12,991,15,694,12,863,13,
2026-09-30,06:32:35.282,1000,1647,24,1696,22,1308,21,1259,19,1793,26,1464,24,1495,23,1501,20,1998,30,1497,22,1364,23,1521,22,1395,21,2119,30,1278,20,1357,20,
2026-09-30,06:32:36.282,999,762,11,664,9,455,6,628,7,352,5,451,7,579,9,546,7,1426,21,598,8,748,11,759,11,465,6,724,10,360,5,302,4,
2026-09-30,06:32:37.282,999,216,3,163,2,291,4,331,4,272,4,167,3,389,6,233,3,199,3,158,2,327,5,665,10,196,3,23,0,438,7,211,3,
2026-09-30,06:32:38.283,1000,761,11,1749,23,1192,17,1584,21,849,14,1163,18,1055,16,1511,20,768,11,452,6,942,15,667,10,929,15,1320,19,1635,25,1261,19,
2026-09-30,06:32:39.282,999,1160,17,439,6,1426,20,1355,18,1291,21,671,11,887,14,1378,18,866,12,1046,14,879,13,607,9,723,12,1051,16,651,11,529,8,
2026-09-30,06:32:40.282,999,224,3,363,5,226,3,458,6,681,10,299,5,408,7,453,6,423,6,533,7,751,11,358,5,472,7,144,2,283,5,270,4,
2026-09-30,06:32:41.282,999,668,10,1398,19,597,8,968,12,1102,16,1217,19,785,12,556,9,1717,25,1567,21,878,13,1278,18,830,12,706,10,648,10,673,12,
2026-09-30,06:32:42.283,1000,5799,80,6062,77,5007,89,5564,87,5331,78,5794,88,5812,87,6684,89,6529,92,5083,81,5079,92,5214,74,6109,94,6201,86,7461,112,6020,89,
2026-09-30,06:32:43.282,999,1756,25,1014,13,1662,26,1538,22,1977,31,1933,29,1669,25,1678,22,2061,29,1530,23,1620,28,2708,40,1189,19,1090,15,1580,25,2129,32,
2026-09-30,06:32:44.282,999,1512,23,1615,22,1665,25,1938,26,1413,21,1941,30,1455,22,1069,14,1114,17,1308,19,1406,22,1824,26,1723,27,1298,18,1831,27,1556,23,
2026-09-30,06:32:45.283,1000,3097,47,1615,22,1897,31,2250,33,954,14,1624,25,1397,22,1808,24,2109,30,1889,29,1292,22,1796,26,2561,39,2292,33,1518,23,1802,27,
2026-09-30,06:32:46.284,1000,2676,47,2806,42,2730,40,3213,43,2566,38,2315,35,2848,43,3144,42,2734,47,3788,52,3132,47,3246,46,1995,30,2629,38,3126,49,3339,50,
2026-09-30,06:32:47.283,999,3550,53,3605,48,2917,42,3385,45,3788,56,3545,59,4336,71,4522,63,4117,60,5025,68,4594,69,3574,51,3166,49,3946,58,3377,57,3115,49,
2026-09-30,06:32:48.283,999,255,4,440,6,359,5,396,5,758,11,399,7,674,11,829,11,525,8,823,11,783,12,213,3,389,6,381,6,354,6,402,6,
2026-09-30,06:32:49.284,1000,387,6,485,7,299,4,987,13,896,13,364,6,535,8,917,12,555,9,530,7,657,10,335,5,339,5,346,5,446,7,605,9,
2026-09-30,06:32:50.283,999,391,6,633,9,615,9,589,8,845,12,644,11,702,11,609,8,575,9,741,10,196,3,409,6,1046,16,1063,16,433,7,543,9,
2026-09-30,06:32:51.283,999,570,8,1099,14,500,8,575,8,884,13,933,15,796,12,820,11,925,13,852,13,812,13,1438,21,369,6,694,10,828,13,782,12,
2026-09-30,06:32:52.284,1000,511,8,2,0,278,4,241,3,272,4,118,2,241,4,457,6,327,5,280,4,452,7,557,8,345,5,291,4,199,3,399,6,
2026-09-30,06:32:53.285,1000,1285,19,1370,19,1169,17,906,12,974,15,752,12,1242,19,1531,20,1211,18,1154,16,662,10,1227,18,1487,24,1171,16,1706,26,833,12,
2026-09-30,06:32:54.284,999,2,0,152,2,220,3,321,4,203,3,165,3,273,5,153,2,300,4,449,6,137,2,289,4,64,1,259,4,240,4,202,3,
2026-09-30,06:32:55.284,999,423,6,741,10,533,9,676,10,605,9,863,13,607,9,977,13,551,8,1160,17,425,7,855,12,467,7,496,7,603,9,269,4,
2026-09-30,06:32:56.285,1000,372,6,208,3,439,6,863,11,492,7,562,9,261,4,384,5,545,8,510,7,341,5,441,6,396,6,579,8,675,11,346,5,
2026-09-30,06:32:57.285,999,5099,71,5060,65,4650,82,4897,78,5477,80,5140,79,4745,71,7210,95,5857,83,4906,79,4517,81,4642,66,5219,80,5025,71,6363,95,6056,90,
2026-09-30,06:32:58.284,999,585,9,587,8,583,8,468,6,489,7,397,6,316,5,585,8,63,1,441,6,408,6,540,8,469,7,111,1,448,7,285,4,
2026-09-30,06:32:59.284,999,1055,16,1033,14,629,9,1172,15,664,10,704,11,964,15,827,11,764,11,603,8,532,8,717,10,387,6,387,5,402,7,553,8,
2026-09-30,06:33:00.285,1000,10669,147,13485,172,10753,153,12686,167,10468,154,8201,164,8415,158,12367,164,11515,163,11223,151,10440,156,11078,157,10976,167,9483,165,8407,169,12569,187,
2026-09-30,06:33:01.285,999,425,6,561,7,575,8,539,6,832,12,562,10,626,10,779,10,997,14,607,8,754,11,788,11,609,9,509,7,177,3,366,5,
2026-09-30,06:33:02.284,999,1036,14,1533,19,1535,21,1307,16,588,10,987,15,1015,15,1232,16,927,13,1147,15,1207,18,1183,20,1104,20,1396,19,1422,22,1217,18,
2026-09-30,06:33:03.285,1000,504,7,555,7,824,11,561,6,488,7,681,10,412,6,417,6,777,11,685,9,481,7,516,7,218,3,276,3,213,3,289,4,
2026-09-30,06:33:04.286,1000,824,12,737,10,841,11,641,7,728,11,457,7,329,5,535,7,426,6,470,6,608,9,609,9,710,11,490,6,682,11,426,6,
2026-09-30,06:33:05.286,999,4013,57,4270,55,4285,64,4230,59,2926,46,3216,49,3144,47,4291,58,3715,51,3475,50,2955,47,4044,60,3221,52,4172,59,3940,61,3687,56,
2026-09-30,06:33:06.285,999,517,8,626,9,629,9,1139,15,1050,15,799,12,1144,17,1500,20,1262,20,1543,22,1096,17,974,14,1118,17,933,13,752,11,738,11,
2026-09-30,06:33:07.286,1000,299,4,421,5,727,10,651,8,604,9,542,8,669,10,857,11,939,13,662,9,951,14,1040,16,864,15,680,9,728,11,615,9,
2026-09-30,06:33:08.286,999,717,11,832,11,590,8,938,12,659,11,683,11,619,10,876,12,562,8,598,8,665,10,597,9,349,6,543,8,721,11,862,13,
2026-09-30,06:33:09.285,999,152,2,12,0,35,0,126,1,197,3,61,1,129,2,145,2,209,3,15,0,87,1,287,4,82,1,131,1,93,1,84,1,
2026-09-30,06:33:10.285,999,164,2,646,8,661,9,541,6,270,4,626,10,248,4,482,7,806,11,679,9,625,9,648,9,284,4,504,6,277,4,231,3,
2026-09-30,06:33:11.286,1000,1498,22,1360,19,1048,14,1287,16,2109,32,1614,29,1538,26,1453,19,1532,23,1551,21,1661,25,1846,26,1216,19,1107,16,748,12,1284,19,
2026-09-30,06:33:12.286,999,590,8,547,7,442,7,689,10,749,11,232,4,418,6,540,7,515,7,504,7,328,5,231,3,405,6,387,5,705,11,547,8,
2026-09-30,06:33:13.285,999,4377,60,3857,49,3480,60,3302,52,3740,55,3522,53,3606,54,4578,61,4353,61,4985,77,3961,70,3766,54,4053,62,3963,55,4744,72,4331,65,
2026-09-30,06:33:14.286,1000,1749,24,1903,24,1365,20,1378,18,815,12,876,13,746,11,998,15,815,11,1412,20,753,11,493,7,1143,17,1188,16,1526,23,885,16,
2026-09-30,06:33:15.286,999,1090,15,781,10,1282,20,1312,18,991,15,844,13,954,15,1472,20,804,11,762,11,1156,18,1142,16,942,14,977,13,550,8,484,7,
2026-09-30,06:33:16.285,999,597,8,885,11,617,9,521,7,766,11,881,14,719,11,997,13,575,8,775,12,749,12,356,5,992,15,610,8,1021,16,561,8,
2026-09-30,06:33:17.286,1000,278,4,231,3,366,5,110,1,291,4,5,0,144,2,86,1,266,4,155,2,282,4,288,4,73,1,22,0,211,4,137,2,
2026-09-30,06:33:18.286,999,687,10,435,6,784,11,476,6,799,12,831,13,360,6,911,13,737,11,890,12,540,8,278,4,397,6,242,3,187,3,256,4,
2026-09-30,06:33:19.286,999,353,5,325,4,221,3,241,3,405,6,273,4,312,5,126,2,224,3,606,8,138,2,432,6,114,2,83,1,68,1,3,0,
2026-09-30,06:33:20.285,999,180,3,161,2,336,5,387,5,72,1,317,5,592,9,226,3,323,5,358,5,306,5,291,4,719,11,284,4,404,6,452,7,
2026-09-30,06:33:21.286,1000,563,8,320,4,368,5,488,6,685,10,221,4,383,6,218,3,464,6,306,4,129,2,504,7,396,6,243,3,514,8,269,4,
2026-09-30,06:33:22.286,999,286,4,230,3,297,4,606,8,216,3,4,0,8,0,288,4,368,5,306,4,282,4,73,1,215,3,138,2,345,5,185,3,
2026-09-30,06:33:23.286,999,353,5,461,6,535,7,749,9,486,7,488,8,263,4,518,7,168,2,385,5,286,4,908,13,201,3,437,6,437,8,525,8,
2026-09-30,06:33:24.285,999,862,15,1065,15,1464,21,934,12,1013,15,1149,17,1515,23,941,12,822,13,1227,17,1347,20,1219,18,866,14,1363,19,849,13,1155,17,
2026-09-30,06:33:25.286,1000,585,8,415,5,437,7,545,7,224,3,281,4,478,7,459,6,293,4,586,8,379,6,572,8,426,6,366,4,536,8,426,6,
2026-09-30,06:33:26.286,999,1972,27,1866,24,1159,17,2365,32,1150,17,1484,25,930,15,1112,15,741,10,1128,16,802,12,1016,14,1723,26,1270,18,1044,17,1374,20,
2026-09-30,06:33:27.286,999,590,10,398,6,558,8,1096,14,919,13,746,11,731,11,740,10,403,6,903,12,762,11,646,9,554,8,794,11,791,12,633,9,
2026-09-30,06:33:28.286,1000,3848,53,2681,34,2963,53,3691,59,3222,47,3559,54,3498,53,4318,57,3907,55,4311,69,3385,61,3375,48,3976,61,3146,44,3803,57,4041,60,
2026-09-30,06:33:29.286,999,271,4,239,3,235,3,343,4,359,5,65,1,195,3,233,3,159,2,311,4,292,4,303,4,558,8,182,2,225,4,582,9,
2026-09-30,06:33:30.286,999,137,2,229,3,300,4,323,4,286,4,405,7,285,5,591,8,771,11,439,6,460,7,617,9,401,6,368,5,128,2,332,5,
2026-09-30,06:33:31.286,1000,102,1,156,2,167,2,180,1,295,4,64,1,181,3,171,2,86,1,177,2,90,1,435,6,206,3,111,1,141,2,159,2,
2026-09-30,06:33:32.287,1000,1367,20,1418,19,1295,19,1666,23,668,10,719,11,851,13,766,10,1256,18,1496,21,915,15,1301,19,915,13,1123,15,1453,22,1607,24,
2026-09-30,06:33:33.287,999,159,2,192,2,219,3,267,2,229,3,113,2,158,2,227,3,237,3,74,1,123,2,87,1,170,2,147,1,80,1,149,2,
2026-09-30,06:33:34.286,999,293,4,95,1,26,0,194,2,59,1,58,1,195,3,222,3,89,1,224,3,219,3,156,2,161,2,114,1,59,1,142,2,
2026-09-30,06:33:35.287,1000,2624,37,2350,30,2691,43,2679,40,1266,19,1442,23,1632,25,2111,28,1577,22,2091,30,1594,26,1664,25,2097,32,2100,31,1706,27,1729,26,
2026-09-30,06:33:36.287,999,350,5,406,5,349,5,486,6,292,4,83,1,313,5,158,2,281,4,237,3,546,8,78,1,84,1,92,1,198,3,86,1,
2026-09-30,06:33:37.287,999,1095,16,715,9,318,4,596,7,691,10,448,7,772,12,684,9,644,9,759,10,354,5,731,10,262,4,531,7,632,9,613,9,
2026-09-30,06:33:38.287,1000,438,6,310,4,253,3,268,3,444,7,492,8,492,8,455,6,216,3,240,3,475,7,221,3,689,11,459,6,417,6,467,7,
2026-09-30,06:33:39.287,999,1350,19,1396,18,1883,27,1487,20,1176,18,1192,18,916,14,1349,20,609,9,1586,22,1136,17,1111,16,1557,25,1859,26,1418,21,1326,21,
2026-09-30,06:33:40.287,999,689,10,326,4,417,6,742,10,435,7,660,10,311,5,532,7,554,8,472,6,506,8,799,12,445,7,791,11,800,12,400,6,
2026-09-30,06:33:41.287,999,272,5,594,9,852,12,622,8,876,13,407,6,278,4,963,13,439,8,596,8,593,9,625,9,470,7,530,7,556,9,279,4,
2026-09-30,06:33:42.287,1000,5082,77,4808,68,4936,81,5490,83,5207,77,5697,86,5269,79,7332,97,5348,83,6370,95,4873,83,5802,82,6706,102,6495,90,5782,86,5763,85,
2026-09-30,06:33:43.287,999,760,11,403,5,503,7,944,13,532,8,308,5,361,6,505,7,419,6,350,5,336,5,481,7,376,6,295,4,384,7,368,6,
2026-09-30,06:33:44.287,999,590,8,397,5,437,7,657,9,148,2,318,5,255,4,371,5,221,3,142,2,310,5,146,2,386,6,94,1,432,7,322,5,
2026-09-30,06:33:45.288,1000,3017,42,3108,40,3518,59,2757,43,2955,44,3396,51,3779,56,4698,64,3523,49,3442,52,2867,49,3275,47,2868,44,3522,49,2967,45,2609,39,
2026-09-30,06:33:46.287,999,188,3,363,5,211,3,568,7,202,3,275,4,313,5,80,1,10,0,77,1,195,3,289,4,9,0,321,4,212,3,142,2,
2026-09-30,06:33:47.287,999,1122,16,1031,13,819,13,943,14,1223,18,695,11,579,9,900,12,757,11,549,9,520,9,1015,14,679,10,980,14,843,13,935,14,
2026-09-30,06:33:48.287,999,401,6,168,2,380,5,236,3,81,1,224,4,327,5,445,6,231,3,152,2,475,7,149,2,345,5,197,3,173,3,200,3,
2026-09-30,06:33:49.287,1000,493,7,370,5,479,7,198,2,348,5,373,6,283,4,540,7,408,6,450,6,194,3,504,7,222,3,131,1,77,1,346,5,
2026-09-30,06:33:50.287,999,153,2,10,0,158,2,487,6,289,4,480,8,1,0,592,8,246,4,378,5,203,3,284,4,602,9,351,5,175,3,202,3,
2026-09-30,06:33:51.287,999,148,2,162,2,154,2,97,1,356,5,104,2,75,1,379,5,360,5,382,5,149,2,485,7,71,1,213,3,124,2,138,2,
2026-09-30,06:33:52.288,1000,235,4,339,5,915,13,241,3,169,3,470,7,123,2,283,4,449,7,357,5,339,5,565,8,364,6,624,9,745,11,352,6,
2026-09-30,06:33:53.287,999,240,4,135,2,219,3,234,3,348,5,238,4,182,3,311,4,78,1,154,2,140,2,202,3,331,5,206,3,6,0,266,4,
2026-09-30,06:33:54.287,999,434,7,651,9,398,5,726,9,366,5,376,6,383,6,664,9,69,1,380,5,334,5,292,4,458,7,187,2,262,4,224,3,
2026-09-30,06:33:55.287,999,3631,52,5054,66,3724,57,3834,53,3292,49,3655,56,3700,57,3585,51,3517,50,3836,54,3428,53,4247,61,3761,58,3399,50,3149,49,3504,56,
2026-09-30,06:33:56.288,1000,407,6,230,3,338,5,949,12,78,1,244,4,451,7,587,8,205,3,380,5,404,6,365,5,224,3,448,6,335,5,415,6,
2026-09-30,06:33:57.287,999,270,4,82,1,292,4,262,3,599,9,267,5,228,4,225,3,366,5,77,1,347,5,544,8,217,3,99,1,103,2,275,4,
2026-09-30,06:33:58.287,999,4552,63,4652,59,3759,64,4560,71,4290,63,4920,75,4785,72,6389,87,5025,71,4942,76,4047,70,4984,70,5573,85,4179,58,5118,77,4738,72,
2026-09-30,06:33:59.288,1000,539,8,449,6,514,7,670,8,368,5,114,2,435,7,314,4,127,2,746,10,402,6,576,8,273,4,211,3,786,14,616,9,
2026-09-30,06:34:00.287,999,932,13,686,9,693,10,799,10,527,8,532,8,754,12,914,12,604,9,303,4,675,10,578,8,870,13,613,8,603,10,1263,19,
2026-09-30,06:34:01.287,999,140,2,289,4,310,4,291,3,228,3,141,2,80,1,298,4,306,4,232,3,145,2,152,2,343,5,185,2,347,6,277,4,
2026-09-30,06:34:02.287,999,236,3,480,6,459,6,268,3,311,5,642,10,345,5,690,9,514,7,511,7,543,8,545,9,281,5,446,6,503,8,499,7,
2026-09-30,06:34:03.288,1000,791,11,412,5,501,7,409,5,381,6,416,6,405,6,535,7,297,4,341,5,336,5,132,2,784,12,341,4,638,10,416,6,
2026-09-30,06:34:04.287,999,152,2,172,2,119,1,314,3,19,0,245,4,27,0,96,1,94,1,95,1,74,1,78,1,160,2,188,2,144,2,92,1,
2026-09-30,06:34:05.287,999,2446,35,2901,37,2105,33,2269,32,2054,30,2336,35,1745,26,2079,31,2356,33,3111,44,2119,32,2391,34,1664,25,2147,30,2465,37,2320,40,
2026-09-30,06:34:06.288,1000,713,10,862,11,291,4,425,5,419,7,208,3,84,1,8,0,154,2,293,4,430,7,306,5,337,6,324,4,273,4,425,6,
2026-09-30,06:34:07.287,999,1775,25,2693,35,2584,41,2385,34,2048,30,1511,25,1795,28,2451,33,2565,36,2713,40,1638,27,2486,35,2680,41,2336,34,2181,35,2051,31,
2026-09-30,06:34:08.287,999,408,6,1449,19,584,8,843,11,780,13,576,9,631,10,900,12,1267,18,872,12,1488,22,998,15,951,16,778,11,899,14,970,15,
2026-09-30,06:34:09.287,999,236,3,556,7,304,4,558,7,354,5,428,7,346,6,311,4,169,2,278,4,130,2,426,6,339,5,721,10,241,4,291,4,
2026-09-30,06:34:10.288,1000,792,11,845,11,819,12,844,11,337,5,913,14,962,15,1008,14,805,11,441,7,705,11,631,9,868,13,335,4,430,7,455,7,
2026-09-30,06:34:11.287,999,666,10,1104,15,783,11,1039,13,1014,14,1052,16,814,12,1072,15,1366,20,1073,14,1009,15,1178,17,874,13,867,11,692,10,711,11,
2026-09-30,06:34:12.287,999,3607,50,3684,47,3322,58,3804,61,2856,42,3857,58,4017,60,5158,68,4327,61,3906,63,3636,65,4218,60,4023,61,3817,53,4257,63,3869,57,
2026-09-30,06:34:13.288,1000,1033,15,854,11,527,7,500,6,315,5,454,7,513,8,614,8,353,5,577,8,653,10,572,9,463,8,729,10,713,12,673,10,
2026-09-30,06:34:14.288,999,507,7,479,6,508,8,485,7,477,7,383,6,457,7,812,11,960,14,390,6,247,4,507,7,511,8,711,10,900,14,800,12,
2026-09-30,06:34:15.287,999,1984,28,1251,16,1422,24,956,15,1152,17,999,16,1507,23,902,12,1693,24,1747,26,822,14,1117,16,1637,25,1571,23,1223,20,999,15,
2026-09-30,06:34:16.288,1000,1498,22,889,12,1097,16,1756,24,1383,21,765,13,1138,17,1533,21,1305,19,1022,14,1730,26,1385,20,907,14,971,14,784,13,1482,23,
2026-09-30,06:34:17.289,1000,214,3,6,0,336,5,184,2,681,10,205,3,63,1,304,4,216,3,137,2,263,4,500,7,147,2,155,2,197,3,12,0,
2026-09-30,06:34:18.288,999,5073,70,4903,63,3467,61,4390,72,5156,75,4299,65,4870,73,4736,63,5087,71,4396,73,3987,74,4426,64,4500,69,4381,62,3591,54,4335,64,
2026-09-30,06:34:19.288,999,134,2,163,2,279,4,387,5,335,5,410,7,290,5,533,7,366,5,226,3,191,3,354,5,56,1,81,1,285,5,475,7,
2026-09-30,06:34:20.289,1000,219,3,252,3,149,2,211,2,136,2,381,6,135,2,385,5,281,4,238,3,224,4,628,9,497,7,181,2,333,5,145,2,
2026-09-30,06:34:21.289,999,63,1,87,1,77,1,322,4,353,5,70,1,55,1,229,3,57,1,4,0,127,2,276,4,327,5,106,1,259,4,143,2,
2026-09-30,06:34:22.288,999,366,5,359,5,379,5,409,5,286,4,414,7,342,5,154,2,430,6,152,2,275,4,474,7,350,5,105,1,125,2,78,1,
2026-09-30,06:34:23.289,1000,579,9,431,6,333,4,476,5,557,8,323,5,420,6,246,3,723,11,358,5,287,5,636,9,261,3,466,6,186,3,297,4,
2026-09-30,06:34:24.289,999,514,7,785,10,455,7,893,12,515,8,344,5,400,6,233,3,723,10,630,9,503,8,726,11,442,7,331,4,661,10,1004,15,
2026-09-30,06:34:25.288,999,437,6,827,11,851,14,1002,14,772,11,671,11,431,7,615,8,735,10,1092,16,746,12,1111,16,881,13,857,11,708,11,217,3,
2026-09-30,06:34:26.288,999,208,3,179,2,476,7,381,4,147,2,452,7,314,5,297,4,287,4,153,2,188,3,12,0,180,2,194,2,183,3,158,2,
2026-09-30,06:34:27.289,1000,568,8,385,5,293,4,600,8,414,6,277,4,397,6,134,2,306,4,93,1,266,4,506,7,633,10,400,5,354,6,219,3,
2026-09-30,06:34:28.289,999,3522,49,3366,43,2993,52,3572,57,2999,44,3669,56,4077,61,4620,61,4121,58,4243,68,3349,59,3362,48,4302,66,3292,46,3425,51,3456,51,
2026-09-30,06:34:29.288,999,271,4,290,4,722,11,542,7,409,6,240,4,252,4,450,6,378,5,575,8,322,5,470,7,283,4,259,3,186,3,560,8,
2026-09-30,06:34:30.288,999,571,8,234,3,655,10,275,3,287,4,329,6,545,8,384,5,355,5,451,6,152,2,422,6,372,5,581,8,365,6,744,11,
2026-09-30,06:34:31.289,1000,371,5,181,2,100,1,391,4,169,2,145,2,137,2,146,2,427,6,474,6,24,0,303,4,351,5,191,2,238,4,226,3,
2026-09-30,06:34:32.289,999,159,2,235,3,103,1,197,2,151,2,146,2,239,4,126,2,151,2,79,1,204,3,82,1,151,2,329,4,154,2,21,0,
2026-09-30,06:34:33.288,999,509,7,241,3,247,3,602,7,571,8,318,5,392,6,297,4,165,2,383,5,223,3,370,5,238,3,71,0,299,5,228,3,
2026-09-30,06:34:34.289,1000,839,12,1009,13,733,11,660,9,681,10,830,13,332,5,694,9,489,7,385,6,472,8,358,5,889,13,684,9,1157,18,812,12,
2026-09-30,06:34:35.289,999,879,12,411,5,699,12,764,11,632,9,864,13,428,6,770,10,1029,14,807,12,573,10,572,8,612,9,756,10,679,10,491,7,
2026-09-30,06:34:36.289,999,800,13,1033,15,1098,16,1078,14,688,10,657,10,668,10,1060,14,1266,21,1163,16,1149,17,993,14,546,8,809,12,747,11,1002,15,
2026-09-30,06:34:37.288,999,298,4,245,3,200,3,169,2,459,7,209,3,211,3,288,4,16,0,228,3,178,3,289,4,250,4,344,5,260,4,134,2,
2026-09-30,06:34:38.289,1000,1433,24,1884,28,1991,28,1549,20,1458,22,1365,21,1574,24,1643,22,1748,29,1640,22,1612,24,2190,32,1130,18,1218,17,1566,24,1480,22,
2026-09-30,06:34:39.289,999,674,10,712,10,639,9,659,8,627,9,697,11,807,13,907,12,548,8,1165,16,696,11,905,13,559,8,436,6,312,5,415,6,
2026-09-30,06:34:40.288,999,810,12,575,8,360,5,346,4,549,8,506,9,437,7,680,9,486,7,576,8,225,3,494,7,566,9,221,3,320,5,718,11,
2026-09-30,06:34:41.289,1000,409,6,300,4,239,3,181,2,285,4,268,5,289,5,79,1,358,5,353,5,398,6,282,4,65,1,402,6,271,4,236,4,
2026-09-30,06:34:42.289,999,626,9,775,10,450,7,534,8,276,4,319,5,362,6,300,4,483,7,352,5,487,8,692,10,445,7,408,6,442,7,336,5,
2026-09-30,06:34:43.289,999,3524,49,3967,51,3011,53,3873,62,2873,42,3445,52,3416,51,4354,58,4047,57,3738,60,3647,65,3777,54,4635,71,3223,45,3504,53,3850,57,
2026-09-30,06:34:44.288,999,762,11,619,8,523,8,554,7,607,9,606,10,493,8,468,6,431,6,155,2,473,7,498,7,439,7,146,2,277,5,353,5,
2026-09-30,06:34:45.289,1000,1083,15,873,11,984,17,1341,21,546,8,667,10,540,8,761,10,1010,14,686,11,392,7,920,13,980,15,1047,15,879,14,603,9,
2026-09-30,06:34:46.289,999,3841,54,3391,44,2659,47,3015,48,3665,54,2571,39,2347,35,3234,43,2148,30,2501,39,2038,36,2702,38,2709,41,2128,30,2971,45,1940,29,
2026-09-30,06:34:47.289,999,488,8,351,5,472,7,839,11,1053,16,1354,21,672,10,645,9,725,11,713,10,568,9,1013,14,330,5,610,9,520,8,576,9,
2026-09-30,06:34:48.289,1000,1223,17,1636,21,1524,22,1717,23,878,13,625,11,446,8,1488,20,1009,14,1539,22,1264,20,1140,17,927,15,1166,18,691,12,856,13,
2026-09-30,06:34:49.289,999,348,5,539,7,296,5,517,8,929,14,452,7,456,7,533,7,287,4,336,5,644,11,840,12,481,7,372,6,320,5,780,12,
2026-09-30,06:34:50.289,999,301,5,249,3,511,7,404,5,493,7,269,4,206,3,154,2,374,6,453,6,198,3,213,3,553,8,193,2,295,5,277,4,
2026-09-30,06:34:51.288,999,1934,28,1728,24,2072,30,1607,21,1776,27,1511,24,1395,22,2118,28,2365,35,1858,26,1726,26,2444,35,2256,34,1704,27,1696,28,1821,27,
2026-09-30,06:34:52.289,1000,650,9,978,13,851,12,484,6,492,8,568,9,362,6,650,9,687,10,787,11,992,15,508,8,631,10,424,6,513,8,901,14,
2026-09-30,06:34:53.289,999,155,2,86,1,287,4,105,1,218,3,197,4,383,6,229,3,211,3,373,5,392,6,479,7,141,2,30,0,111,2,209,3,
2026-09-30,06:34:54.289,999,454,8,609,9,970,14,633,8,722,11,520,8,458,7,845,11,952,16,944,13,866,13,733,10,537,8,707,10,527,8,958,15,
2026-09-30,06:34:55.289,1000,1890,28,1585,21,1685,26,1602,23,1638,24,1907,30,1526,23,1901,25,2118,31,2510,36,1018,16,1920,28,1330,20,1795,26,1207,20,1623,24,
2026-09-30,06:34:56.289,999,35769,502,41855,543,30662,482,35324,511,31183,503,34173,510,35880,527,39546,528,37862,526,34363,513,33480,555,35821,538,31455,515,36463,519,32023,482,35449,536,
2026-09-30,06:34:57.289,999,1488,25,1799,26,1607,23,2195,29,1406,21,1792,28,1583,24,1826,24,1431,23,2108,29,2109,32,1245,18,1873,28,1684,24,1553,24,1756,26,
2026-09-30,06:34:58.289,999,7444,105,7954,103,6586,109,6731,104,6139,90,6428,99,6453,97,7244,97,8716,127,7269,114,6119,109,7244,103,7690,117,7152,101,8045,122,8229,123,
2026-09-30,06:34:59.289,1000,339,5,686,10,307,4,471,6,565,8,605,10,316,5,824,11,710,10,866,12,464,7,623,9,528,8,155,2,255,4,588,9,
2026-09-30,06:35:00.289,999,842,12,1000,13,1479,21,1008,13,915,14,730,13,552,9,610,8,941,14,1060,15,1000,15,979,14,835,13,865,14,1005,18,885,13,
2026-09-30,06:35:01.289,999,11770,164,13685,176,10985,156,13133,173,11096,164,9075,176,8382,154,13046,173,13480,190,12687,171,10187,152,12258,175,10937,167,10349,176,9203,181,12668,188,
2026-09-30,06:35:02.289,1000,76634,1064,84278,1083,78484,1098,80451,1054,77786,1158,62796,1165,63575,1139,88639,1161,81773,1132,87149,1179,79868,1187,82759,1160,74532,1130,70696,1165,58052,1096,73137,1088,
2026-09-30,06:35:03.289,999,3314,51,3690,50,2941,42,4047,55,3033,46,2782,44,2688,41,3603,50,3666,57,2951,40,3353,50,2871,42,2465,38,3266,48,3025,47,2943,46,
2026-09-30,06:35:04.289,999,2123,30,3139,42,2393,35,2786,37,2725,41,2050,37,1712,29,2648,35,2184,32,2458,34,2088,32,1972,28,1884,30,2189,34,1907,32,2195,33,
2026-09-30,06:35:05.289,999,8086,114,9407,121,8004,131,7729,116,9080,137,8604,136,7063,110,11081,147,8208,118,8533,131,7730,132,7954,115,7368,116,8154,118,7283,113,7602,113,
2026-09-30,06:35:06.289,1000,3826,56,5204,69,3295,49,4256,58,2506,37,2543,41,2650,42,3879,52,3606,53,3188,45,3441,53,3020,44,3682,58,3536,52,3684,58,3080,46,
2026-09-30,06:35:07.289,999,1635,25,1855,26,1423,21,1181,16,1434,21,1020,17,1476,23,1206,16,1541,23,1901,27,1753,27,1256,19,1791,29,1425,21,1589,25,1931,29,
2026-09-30,06:35:08.289,999,2058,30,2536,34,2197,31,1887,25,2425,40,2571,42,1779,29,2891,38,2384,35,2320,32,2021,30,1866,29,1559,26,1756,26,2155,34,1840,28,
2026-09-30,06:35:09.289,999,1442,22,1163,16,1498,21,975,13,1075,16,1298,21,1159,18,1119,15,1062,16,1632,22,1199,18,2031,29,975,15,952,14,988,16,1314,20,
2026-09-30,06:35:10.289,1000,1652,24,1859,24,1636,24,2068,28,1465,22,1419,25,1196,20,1500,20,1401,22,2098,29,1874,29,1624,23,1554,24,1441,23,773,14,1388,21,
2026-09-30,06:35:11.289,999,510,7,612,8,665,10,632,9,625,9,389,7,383,7,596,8,642,9,770,11,332,5,734,11,474,7,499,8,224,4,597,9,
2026-09-30,06:35:12.289,999,909,13,965,12,1109,16,1213,16,399,6,741,13,1031,17,803,11,1072,16,762,10,1212,18,570,8,484,7,568,8,514,8,701,10,
2026-09-30,06:35:13.290,1000,8772,123,8147,104,7925,137,6902,111,8646,127,7544,115,8140,122,10327,136,8623,121,8320,134,7509,135,9180,130,8148,124,9269,131,8836,131,9406,139,
2026-09-30,06:35:14.289,999,1111,16,1285,17,1246,19,972,14,1203,18,1088,17,1056,17,1279,18,901,13,1084,15,1256,19,1614,23,744,11,905,13,931,15,917,15,
2026-09-30,06:35:15.289,999,3277,47,3558,47,2995,50,2925,46,2407,35,2569,39,2175,33,2646,35,3110,44,2907,44,1918,33,2270,33,2690,42,2378,33,2748,43,2611,39,
2026-09-30,06:35:16.290,1000,2156,31,1934,26,1680,25,1612,24,1549,23,1433,24,1315,21,1907,26,1207,18,1413,21,1510,25,1747,24,1509,23,1540,23,1169,20,1521,23,
2026-09-30,06:35:17.289,999,1054,15,888,12,903,13,822,11,1515,23,1219,20,948,15,1243,17,1266,18,824,12,714,12,1183,17,473,7,1052,15,906,15,881,13,
2026-09-30,06:35:18.289,999,643,9,615,8,562,9,647,9,619,9,681,11,598,9,1422,19,700,10,721,11,564,10,344,5,528,8,356,5,659,10,524,8,
2026-09-30,06:35:19.289,999,567,8,154,2,264,4,265,3,472,7,513,9,661,11,822,11,387,6,749,10,697,11,415,6,53,1,219,3,270,5,529,8,
2026-09-30,06:35:20.289,1000,300,4,742,10,373,5,477,6,387,6,453,8,664,10,753,10,616,9,597,8,740,11,688,10,582,9,500,7,525,9,604,9,
2026-09-30,06:35:21.289,999,837,12,457,6,608,9,690,10,697,11,403,6,300,5,612,8,799,11,739,11,492,8,993,15,307,5,488,7,718,11,739,11,
2026-09-30,06:35:22.289,999,188,3,443,6,100,1,473,6,746,11,139,2,124,2,604,8,287,4,557,8,242,4,301,4,209,3,720,10,328,5,130,2,
2026-09-30,06:35:23.290,1000,664,9,1074,14,788,11,819,10,751,11,825,15,601,10,904,12,933,13,1009,14,1031,16,1281,18,664,10,693,11,695,13,1023,15,
2026-09-30,06:35:24.289,999,282,4,97,1,39,0,233,2,74,1,20,0,249,4,152,2,289,4,156,2,421,6,20,0,219,3,213,2,121,2,96,1,
2026-09-30,06:35:25.289,999,1849,26,1531,20,1266,19,1279,17,1419,22,1311,22,1309,21,1506,20,1337,19,1245,18,929,15,1972,30,1437,23,1023,15,907,16,1283,19,
2026-09-30,06:35:26.290,1000,530,7,624,8,538,8,392,5,729,11,522,9,634,10,924,12,767,11,790,12,533,9,777,11,457,7,498,7,340,6,351,5,
2026-09-30,06:35:27.291,1000,4478,62,4070,52,4767,82,4748,74,4435,65,3954,60,4371,66,5087,68,5509,78,5490,87,4415,80,5025,72,5185,80,4584,64,4864,73,4892,72,
2026-09-30,06:35:28.290,999,409,6,409,5,580,8,354,4,216,3,288,5,178,3,317,4,441,6,318,4,864,13,292,4,276,4,199,2,538,9,621,9,
2026-09-30,06:35:29.290,999,589,8,733,9,493,7,1051,14,898,13,517,8,942,14,694,9,1123,16,908,13,524,8,782,11,556,8,424,5,553,8,1041,15,
2026-09-30,06:35:30.291,1000,192,3,145,2,169,2,397,5,546,8,193,3,692,11,836,11,637,10,606,8,632,9,504,7,735,11,514,8,523,9,277,4,
2026-09-30,06:35:31.290,999,1422,21,890,12,1174,16,1022,13,1221,19,1248,20,912,14,1368,18,1082,16,1312,18,974,15,1152,17,1164,18,1283,19,1442,23,1093,16,
2026-09-30,06:35:32.290,999,2863,43,2385,32,2747,45,2636,39,2446,36,2124,33,2428,38,2853,38,3400,49,2624,40,3082,52,2640,38,2434,37,3046,43,2404,37,2510,37,
2026-09-30,06:35:33.291,1000,974,13,246,3,319,4,374,4,491,7,405,7,264,4,609,8,440,6,658,9,252,4,342,5,411,6,349,5,430,8,566,8,
2026-09-30,06:35:34.291,999,790,11,808,10,1150,16,882,11,1019,15,814,13,609,9,1375,19,870,12,576,8,984,15,754,11,761,12,1034,14,858,13,1029,16,
2026-09-30,06:35:35.290,999,114611,1605,127260,1635,97006,1623,104947,1611,109463,1588,107959,1621,112215,1665,126350,1649,115030,1623,108144,1678,94538,1635,113601,1588,104234,1568,108906,1521,105128,1559,107924,1586,
2026-09-30,06:35:36.290,999,1750,26,2757,38,2748,40,3079,42,2459,37,1960,32,1732,28,2399,33,2841,43,3546,49,2830,44,2352,34,2533,41,3034,45,2295,36,2204,35,
2026-09-30,06:35:37.291,1000,3606,52,3640,48,2695,42,3190,46,2713,40,2852,46,3033,48,3032,41,2146,31,2333,33,2191,36,3072,44,2863,45,2188,32,2587,41,1691,26,
2026-09-30,06:35:38.290,999,4412,66,5401,73,4700,67,4874,65,4861,76,4215,71,4025,67,4861,66,3303,48,3673,50,4229,64,4638,68,2966,47,3767,60,4277,75,3941,60,
2026-09-30,06:35:39.290,999,984,15,1112,15,1124,16,1114,15,1321,20,1126,19,1344,24,1177,16,1600,23,1568,21,1284,19,1341,19,1162,18,823,13,700,11,937,14,
2026-09-30,06:35:40.291,1000,4850,69,6252,81,5134,77,6646,91,3933,59,4539,78,3722,60,3461,46,4652,67,5042,72,4300,67,4770,70,4572,71,5059,77,4887,80,4951,74,
2026-09-30,06:35:41.291,999,439,6,638,8,705,10,479,6,208,3,595,11,516,9,669,9,589,8,735,10,339,5,487,7,401,6,260,4,287,5,279,4,
2026-09-30,06:35:42.290,999,448,6,701,9,755,11,1140,16,810,12,302,6,522,9,968,13,1004,14,988,14,823,13,904,13,801,12,702,10,715,12,1179,19,
2026-09-30,06:35:43.290,999,9800,135,10219,130,8134,143,7544,121,8402,122,8915,136,8802,132,10723,142,9425,133,8592,139,7372,134,10498,149,10343,157,10309,144,10065,150,10110,149,
2026-09-30,06:35:44.291,1000,1008,15,1089,14,644,9,688,9,614,9,651,11,193,3,810,11,484,7,806,11,674,10,1185,17,973,15,1204,19,682,13,1093,16,
2026-09-30,06:35:45.291,999,5305,74,5342,69,4266,69,4703,71,3793,59,4101,64,4705,72,4745,63,4108,58,4280,64,4133,68,3106,47,4801,77,4576,65,4190,65,4135,62,
2026-09-30,06:35:46.290,999,776,11,529,7,702,10,595,8,479,7,492,9,660,11,830,11,1159,17,917,13,884,13,1176,17,973,15,1071,17,419,7,928,14,
2026-09-30,06:35:47.291,1000,1121,17,1821,24,1073,16,1874,26,1165,17,1505,25,1144,19,1354,18,1267,19,1561,22,1316,21,1470,21,1309,20,1430,21,939,16,1196,18,
2026-09-30,06:35:48.291,999,911,13,846,11,723,10,801,10,619,9,980,17,950,17,686,9,758,11,796,11,1196,18,1111,16,720,11,913,15,1123,20,879,13,
2026-09-30,06:35:49.290,999,431,6,458,6,291,4,365,5,205,3,416,7,486,8,599,8,363,5,216,3,315,5,710,10,254,4,387,6,205,4,600,9,
2026-09-30,06:35:50.291,1000,185,3,405,5,218,3,811,11,399,6,300,5,617,10,383,5,422,6,642,9,285,4,146,2,268,4,255,4,174,3,607,9,
2026-09-30,06:35:51.292,1000,220,3,539,7,447,6,674,9,403,6,602,10,444,7,667,9,210,3,361,5,470,7,627,9,338,5,214,3,409,7,538,8,
2026-09-30,06:35:52.292,999,1577,22,1311,17,1346,20,1410,19,1464,22,1072,17,901,15,1084,15,857,12,1633,23,1641,26,1455,21,1097,17,1425,21,1231,22,820,13,
2026-09-30,06:35:53.291,999,346,5,324,4,211,3,326,4,337,5,170,3,104,2,303,4,220,3,378,5,205,3,500,7,185,3,241,4,200,4,258,4,
2026-09-30,06:35:54.292,1000,296,4,163,2,222,3,242,3,482,7,151,3,164,3,222,3,293,4,219,3,339,5,370,5,251,4,245,4,174,3,406,6,
2026-09-30,06:35:55.292,999,2725,38,3327,43,3116,55,2948,47,2798,41,2932,46,4081,62,5021,67,4014,57,3669,57,2484,44,3915,56,2792,42,3158,45,2359,36,3234,48,
2026-09-30,06:35:56.292,999,764,11,1083,15,981,14,844,11,530,8,598,10,585,10,866,12,899,13,780,11,1231,19,705,10,846,13,625,9,671,11,608,9,
2026-09-30,06:35:57.291,999,1598,22,1169,15,478,8,1364,20,1137,17,650,10,833,13,1209,16,585,8,967,15,457,8,927,13,849,13,961,14,1057,17,675,10,
2026-09-30,06:35:58.292,1000,5085,72,4307,56,4882,84,4429,72,4593,67,4951,76,4875,74,6316,84,6636,95,5106,81,5019,90,5264,75,5695,87,5232,74,5668,85,5036,75,
2026-09-30,06:35:59.292,999,1721,24,1520,20,1215,18,1088,15,1279,19,579,10,1614,26,1882,25,1275,18,1429,20,1073,17,1277,19,1557,24,1572,24,1116,19,1419,21,
2026-09-30,06:36:00.291,999,72,1,313,4,475,7,448,6,285,4,351,6,516,9,452,6,493,7,431,6,559,9,211,3,354,5,280,4,355,6,402,6,
2026-09-30,06:36:01.292,1000,648,10,264,4,565,8,622,8,438,7,136,2,533,8,302,4,379,6,229,3,202,3,316,5,510,8,432,6,328,5,484,7,
2026-09-30,06:36:02.292,999,1347,19,1425,18,1109,15,1081,14,956,16,1414,22,1484,23,2113,28,1033,14,1029,14,1258,19,1384,23,958,16,1375,19,881,14,1414,21,
2026-09-30,06:36:03.292,999,495,7,399,5,719,10,486,6,488,7,655,10,531,8,572,8,529,8,756,10,514,7,282,4,274,4,658,9,289,5,137,2,
2026-09-30,06:36:04.292,1000,510,7,246,3,152,2,186,2,132,2,254,4,242,4,459,6,133,2,160,2,217,3,311,5,241,4,268,4,140,2,344,5,
2026-09-30,06:36:05.292,999,1496,21,1347,17,1109,18,1107,16,1902,28,1065,17,1430,23,1849,25,1794,25,2275,33,1420,23,1684,24,1465,23,1135,17,1018,17,1599,25,
2026-09-30,06:36:06.292,999,1771,27,1141,15,1038,16,1191,18,1381,20,1647,26,1325,21,1507,20,1673,25,1643,25,1457,25,1019,15,919,14,1630,23,1166,18,1490,22,
2026-09-30,06:36:07.291,999,698,10,709,9,593,8,995,12,668,10,491,8,595,10,763,10,963,13,691,9,1026,15,1001,15,397,6,579,9,638,11,708,10,
2026-09-30,06:36:08.292,1000,2096,30,2802,37,2029,31,1944,29,2771,45,2401,37,2371,36,2711,36,2813,40,2255,33,2304,38,2715,41,2358,38,2185,32,2736,42,2338,35,
2026-09-30,06:36:09.292,999,216,3,242,3,298,4,235,3,276,4,363,7,272,4,289,4,145,2,225,3,325,5,622,9,312,5,138,2,220,4,405,6,
2026-09-30,06:36:10.292,999,1437,20,1307,17,996,14,1074,14,883,13,694,13,1112,20,748,10,759,11,975,13,1414,21,1325,19,595,9,813,14,445,9,682,10,
2026-09-30,06:36:11.292,1000,578,8,85,1,221,3,164,2,353,5,629,12,246,4,510,7,340,5,296,4,597,9,408,6,9,0,281,4,273,4,145,2,
2026-09-30,06:36:12.292,999,1688,24,1717,23,1642,26,1800,27,1500,22,1206,20,863,14,1283,17,793,12,991,15,1057,18,1193,17,1326,20,1729,25,2253,36,1194,18,
2026-09-30,06:36:13.292,999,5632,78,4928,64,5027,88,5210,82,4957,73,4788,73,4744,71,5256,69,4989,70,4191,68,4568,84,4998,71,5464,83,4772,67,6220,93,5977,89,
2026-09-30,06:36:14.291,999,619,9,1414,18,855,12,625,8,418,7,638,10,774,12,684,9,605,9,808,11,606,9,636,10,1194,20,762,11,692,11,808,12,
2026-09-30,06:36:15.292,1000,1964,27,2140,27,2326,39,2094,32,1382,21,2000,32,1518,24,1504,20,1678,24,1684,26,932,16,1806,26,2406,37,1957,29,1607,27,1682,25,
2026-09-30,06:36:16.292,999,355,5,353,5,13,0,540,7,72,1,104,2,208,3,450,6,356,5,469,7,389,6,435,6,273,4,269,4,68,1,141,2,
2026-09-30,06:36:17.292,999,215,3,401,5,335,5,293,4,423,6,202,3,128,2,221,3,155,2,334,5,239,4,348,5,70,1,305,4,259,4,146,2,
2026-09-30,06:36:18.292,1000,442,6,473,6,484,7,409,5,357,5,508,9,128,2,516,7,144,2,158,2,478,7,481,7,281,4,472,7,176,3,660,10,
2026-09-30,06:36:19.292,999,279,4,694,9,508,7,982,13,177,3,172,3,467,7,155,2,656,9,374,5,637,9,514,8,322,5,324,4,249,4,467,7,
2026-09-30,06:36:20.292,999,154,2,171,2,224,3,412,5,329,5,304,5,180,3,464,6,229,3,513,7,326,5,343,5,204,3,83,1,56,1,9,0,
2026-09-30,06:36:21.292,999,269,4,168,2,65,1,103,1,215,3,52,1,179,3,289,4,363,5,214,3,63,1,190,3,12,0,172,2,79,1,146,2,
2026-09-30,06:36:22.292,1000,76,1,87,1,177,2,96,1,8,0,70,1,114,2,196,3,77,1,10,0,270,4,7,0,76,1,218,3,64,1,19,0,
2026-09-30,06:36:23.292,999,922,13,643,8,377,5,527,7,610,9,362,7,290,5,298,4,491,7,400,6,203,3,634,9,332,5,511,8,446,8,482,7,
2026-09-30,06:36:24.292,999,81,1,13,0,151,2,203,2,134,2,142,2,248,4,232,3,377,5,222,3,207,3,148,2,338,5,125,1,14,0,156,2,
2026-09-30,06:36:25.292,1000,1076,17,658,9,578,8,1047,14,810,12,1423,21,823,12,1236,16,1386,21,1083,15,1051,17,1114,16,605,9,745,10,543,8,608,9,
2026-09-30,06:36:26.292,999,1476,22,1030,14,1523,25,1291,19,1091,16,1118,17,535,8,629,8,1337,20,1044,15,580,9,808,11,1287,19,1008,14,1453,22,1286,19,
2026-09-30,06:36:27.292,999,985,15,1486,21,1165,18,1380,19,1667,24,1731,26,1552,23,1440,19,1700,25,1531,22,2093,33,1307,19,1143,17,1612,22,1160,17,1207,18,
2026-09-30,06:36:28.292,999,4513,62,3992,51,3900,67,4949,78,4117,60,4602,71,3978,60,5148,68,5107,72,5050,80,5013,89,4944,70,4671,71,4802,67,4777,72,4475,66,
2026-09-30,06:36:29.292,1000,443,7,459,6,175,2,396,5,346,5,628,10,466,7,165,2,438,7,528,7,356,5,376,5,361,5,124,1,206,3,160,2,
2026-09-30,06:36:30.292,999,55283,779,62862,814,48773,787,51741,770,49360,773,53139,796,53144,788,60407,808,61908,866,54979,824,49665,833,58504,866,49286,791,54226,767,51030,768,51366,783,
2026-09-30,06:36:31.292,999,51101,739,54245,717,47198,722,54472,773,48027,736,47913,768,47185,739,55489,737,54430,792,55030,792,48442,769,53545,784,45761,723,50061,740,45594,731,48960,731,
2026-09-30,06:36:32.292,999,6977,110,8568,120,9053,131,8477,113,7779,117,7462,119,7282,111,7892,108,6762,107,9643,132,7714,116,8337,118,8270,127,8950,133,7775,125,7321,115,
2026-09-30,06:36:33.293,1000,2525,35,3473,46,2814,43,3059,43,3411,50,3277,52,3056,49,2598,35,2536,36,2805,42,1772,30,4152,59,2958,46,2572,39,2574,45,2734,41,
2026-09-30,06:36:34.292,999,2784,39,2241,29,2081,32,3401,49,2347,34,2812,46,1877,30,2022,27,3076,44,2529,38,2437,42,2237,32,2049,31,2908,43,2463,40,2849,44,
2026-09-30,06:36:35.292,999,26226,367,28455,371,22891,363,25837,378,26131,388,24002,390,22129,348,29841,399,25030,358,25997,386,23016,380,24637,353,21896,337,23494,349,21640,345,23423,353,
2026-09-30,06:36:36.293,1000,25486,347,26634,336,24044,335,24930,324,24423,355,19850,364,19910,349,25644,330,25767,346,25908,341,24203,346,25175,349,23881,360,20375,330,18268,336,23510,339,
2026-09-30,06:36:37.293,1000,3200,46,3893,51,2651,40,3503,49,2651,41,2394,42,2707,44,3188,43,2557,37,2225,31,1947,30,2582,37,2693,42,2161,34,2257,37,2147,32,
2026-09-30,06:36:38.293,999,14397,203,17752,228,15398,220,16454,219,14717,223,12588,229,11268,202,16570,218,14618,202,14127,194,13935,216,15701,223,13715,213,11673,192,11423,213,13918,208,
2026-09-30,06:36:39.293,999,3452,50,4305,57,3577,53,3651,50,2483,36,2940,47,3149,49,3207,45,3071,46,4205,60,3286,51,3296,47,3954,61,3614,53,2622,41,2649,41,
2026-09-30,06:36:40.294,1000,4564,65,4781,62,4097,59,3568,48,3295,49,3223,57,3229,53,3938,54,4229,61,5306,74,4392,69,5150,74,2995,46,3370,51,3577,63,3528,55,
2026-09-30,06:36:41.293,999,7388,106,6102,82,5285,83,5916,83,5358,82,3614,57,5220,80,5466,73,4898,71,5027,73,4560,75,5476,79,5751,87,5517,79,5220,83,5600,84,
2026-09-30,06:36:42.293,999,20389,278,20712,260,16374,286,17491,281,17611,254,18628,279,18258,270,22292,293,18773,259,16023,256,16164,291,19082,269,18677,281,20103,282,19142,285,19533,287,
2026-09-30,06:36:43.294,1000,960,14,1751,24,1288,18,1766,24,1398,21,1261,22,1138,19,1424,19,1973,29,2150,30,1195,18,2121,31,1759,27,1243,19,1102,19,1793,27,
2026-09-30,06:36:44.293,999,2405,34,2885,38,1967,29,1482,20,1973,29,1867,33,2018,34,2417,32,3226,47,2685,38,2203,34,2619,37,2391,37,1891,29,2417,42,2424,36,
2026-09-30,06:36:45.293,999,7710,107,7965,103,6227,108,6697,106,6334,92,7055,110,6749,101,7131,95,6441,91,6242,96,6209,111,6029,85,8032,123,7405,106,6113,93,7114,105,
2026-09-30,06:36:46.294,1000,3023,43,2340,31,1953,29,1639,23,1736,26,1344,22,2047,33,1356,18,2329,34,2054,30,1932,31,2202,32,1602,24,2220,32,2294,38,2117,32,
2026-09-30,06:36:47.295,1000,5559,80,6511,87,4171,71,5423,85,3849,57,4544,69,3587,53,4284,56,4021,57,4375,68,3031,53,4934,69,4340,65,4793,69,5021,78,5408,82,
2026-09-30,06:36:48.294,999,633,10,1205,16,790,12,429,6,821,12,735,12,1066,14,883,12,843,12,758,11,920,15,1002,14,463,7,775,11,570,9,645,10,
2026-09-30,06:36:49.294,999,1664,23,1764,23,1596,24,1384,19,753,11,884,16,508,9,1282,17,1334,19,1288,18,1133,18,1497,21,983,15,1472,24,1043,19,1691,25,
2026-09-30,06:36:50.295,1000,2345,33,3653,47,2731,43,2776,41,2912,44,2364,36,2229,34,3243,45,3429,49,2810,42,2726,45,3303,49,2941,46,2428,36,3315,51,2468,38,
2026-09-30,06:36:51.294,999,756,11,377,5,506,7,567,7,820,12,499,8,289,5,375,5,215,3,302,4,490,8,423,6,254,4,332,5,563,10,529,8,
2026-09-30,06:36:52.294,999,1446,20,1867,24,895,13,1497,20,1078,16,1327,23,771,13,1263,17,925,13,1336,19,1335,21,1073,15,615,9,927,14,1646,27,1322,20,
Cleaning up
 Closed perf event handles
 Zeroed uncore PMU registers
 Freeing up all RMIDs
