Linux 5.15.0-187-generic (node0.katieyan-315918.ldos-ut-pg0.wisc.cloudlab.us) 	09/14/26 	_x86_64_	(32 CPU)

05:13:58        CPU     %user     %nice   %system   %iowait    %steal     %idle
05:13:59        all      1.82      0.00      0.75      0.00      0.00     97.43
05:13:59          0      1.00      0.00      0.00      0.00      0.00     99.00
05:13:59          1      1.00      0.00      0.00      0.00      0.00     99.00
05:13:59          2      2.00      0.00      0.00      0.00      0.00     98.00
05:13:59          3      1.98      0.00      0.00      0.00      0.00     98.02
05:13:59          4      1.06      0.00     21.28      0.00      0.00     77.66
05:13:59          5      2.02      0.00      0.00      0.00      0.00     97.98
05:13:59          6      3.96      0.00      0.99      0.00      0.00     95.05
05:13:59          7      1.00      0.00      0.00      0.00      0.00     99.00
05:13:59          8      1.00      0.00      0.00      0.00      0.00     99.00
05:13:59          9      1.00      0.00      0.00      0.00      0.00     99.00
05:13:59         10      1.00      0.00      0.00      0.00      0.00     99.00
05:13:59         11      1.01      0.00      0.00      0.00      0.00     98.99
05:13:59         12      1.00      0.00      0.00      0.00      0.00     99.00
05:13:59         13      1.98      0.00      0.00      0.00      0.00     98.02
05:13:59         14      9.90      0.00      0.99      0.00      0.00     89.11
05:13:59         15      1.00      0.00      0.00      0.00      0.00     99.00
05:13:59         16      2.00      0.00      0.00      0.00      0.00     98.00
05:13:59         17      1.00      0.00      1.00      0.00      0.00     98.00
05:13:59         18      1.00      0.00      0.00      0.00      0.00     99.00
05:13:59         19      1.01      0.00      0.00      0.00      0.00     98.99
05:13:59         20      4.00      0.00      0.00      0.00      0.00     96.00
05:13:59         21      1.01      0.00      0.00      0.00      0.00     98.99
05:13:59         22      1.00      0.00      0.00      0.00      0.00     99.00
05:13:59         23      1.00      0.00      0.00      0.00      0.00     99.00
05:13:59         24      1.00      0.00      0.00      0.00      0.00     99.00
05:13:59         25      1.98      0.00      0.00      0.00      0.00     98.02
05:13:59         26      2.00      0.00      0.00      0.00      0.00     98.00
05:13:59         27      1.00      0.00      0.00      0.00      0.00     99.00
05:13:59         28      1.00      0.00      0.00      0.00      0.00     99.00
05:13:59         29      1.01      0.00      0.00      0.00      0.00     98.99
05:13:59         30      5.05      0.00      1.01      0.00      0.00     93.94
05:13:59         31      1.01      0.00      0.00      0.00      0.00     98.99

05:13:59        CPU     %user     %nice   %system   %iowait    %steal     %idle
05:14:00        all      0.03      0.00      0.50      0.00      0.00     99.47
05:14:00          0      0.00      0.00      0.00      0.00      0.00    100.00
05:14:00          1      0.00      0.00      0.00      0.00      0.00    100.00
05:14:00          2      0.00      0.00      0.00      0.00      0.00    100.00
05:14:00          3      0.00      0.00      0.00      0.00      0.00    100.00
05:14:00          4      0.00      0.00     16.49      0.00      0.00     83.51
05:14:00          5      0.00      0.00      0.00      0.00      0.00    100.00
05:14:00          6      0.00      0.00      0.00      0.00      0.00    100.00
05:14:00          7      0.00      0.00      0.00      0.00      0.00    100.00
05:14:00          8      0.00      0.00      0.00      0.00      0.00    100.00
05:14:00          9      0.00      0.00      0.00      0.00      0.00    100.00
05:14:00         10      0.00      0.00      0.00      0.00      0.00    100.00
05:14:00         11      0.00      0.00      0.00      0.00      0.00    100.00
05:14:00         12      0.00      0.00      0.00      0.00      0.00    100.00
05:14:00         13      0.00      0.00      0.00      0.00      0.00    100.00
05:14:00         14      0.00      0.00      0.00      0.00      0.00    100.00
05:14:00         15      0.00      0.00      0.00      0.00      0.00    100.00
05:14:00         16      0.00      0.00      0.00      0.00      0.00    100.00
05:14:00         17      0.00      0.00      0.00      0.00      0.00    100.00
05:14:00         18      0.00      0.00      0.00      0.00      0.00    100.00
05:14:00         19      0.00      0.00      0.00      0.00      0.00    100.00
05:14:00         20      0.00      0.00      0.00      0.00      0.00    100.00
05:14:00         21      0.00      0.00      0.00      0.00      0.00    100.00
05:14:00         22      0.00      0.00      0.00      0.00      0.00    100.00
05:14:00         23      0.00      0.00      0.00      0.00      0.00    100.00
05:14:00         24      0.00      0.00      0.00      0.00      0.00    100.00
05:14:00         25      0.00      0.00      0.00      0.00      0.00    100.00
05:14:00         26      1.00      0.00      0.00      0.00      0.00     99.00
05:14:00         27      0.00      0.00      0.00      0.00      0.00    100.00
05:14:00         28      0.00      0.00      0.00      0.00      0.00    100.00
05:14:00         29      0.00      0.00      0.00      0.00      0.00    100.00
05:14:00         30      0.00      0.00      0.00      0.00      0.00    100.00
05:14:00         31      0.00      0.00      0.00      0.00      0.00    100.00

05:14:00        CPU     %user     %nice   %system   %iowait    %steal     %idle
05:14:01        all      0.03      0.00      0.44      0.00      0.00     99.53
05:14:01          0      0.00      0.00      0.00      0.00      0.00    100.00
05:14:01          1      0.00      0.00      0.00      0.00      0.00    100.00
05:14:01          2      0.00      0.00      0.00      0.00      0.00    100.00
05:14:01          3      0.00      0.00      0.00      0.00      0.00    100.00
05:14:01          4      0.00      0.00     14.89      0.00      0.00     85.11
05:14:01          5      0.00      0.00      0.00      0.00      0.00    100.00
05:14:01          6      0.00      0.00      0.00      0.00      0.00    100.00
05:14:01          7      0.00      0.00      0.00      0.00      0.00    100.00
05:14:01          8      0.00      0.00      0.00      0.00      0.00    100.00
05:14:01          9      0.00      0.00      0.00      0.00      0.00    100.00
05:14:01         10      0.00      0.00      0.00      0.00      0.00    100.00
05:14:01         11      0.00      0.00      0.00      0.00      0.00    100.00
05:14:01         12      0.00      0.00      0.00      0.00      0.00    100.00
05:14:01         13      0.00      0.00      0.00      0.00      0.00    100.00
05:14:01         14      0.00      0.00      0.00      0.00      0.00    100.00
05:14:01         15      0.00      0.00      0.00      0.00      0.00    100.00
05:14:01         16      0.00      0.00      0.00      0.00      0.00    100.00
05:14:01         17      0.00      0.00      0.00      0.00      0.00    100.00
05:14:01         18      0.00      0.00      0.00      0.00      0.00    100.00
05:14:01         19      0.00      0.00      0.00      0.00      0.00    100.00
05:14:01         20      0.00      0.00      0.00      0.00      0.00    100.00
05:14:01         21      0.00      0.00      0.00      0.00      0.00    100.00
05:14:01         22      0.00      0.00      0.00      0.00      0.00    100.00
05:14:01         23      0.00      0.00      0.00      0.00      0.00    100.00
05:14:01         24      0.00      0.00      0.00      0.00      0.00    100.00
05:14:01         25      0.00      0.00      0.00      0.00      0.00    100.00
05:14:01         26      1.00      0.00      0.00      0.00      0.00     99.00
05:14:01         27      0.00      0.00      0.00      0.00      0.00    100.00
05:14:01         28      0.00      0.00      0.00      0.00      0.00    100.00
05:14:01         29      0.00      0.00      0.00      0.00      0.00    100.00
05:14:01         30      0.00      0.00      0.00      0.00      0.00    100.00
05:14:01         31      0.00      0.00      0.00      0.00      0.00    100.00

05:14:01        CPU     %user     %nice   %system   %iowait    %steal     %idle
05:14:02        all      0.06      0.00      0.41      0.00      0.00     99.53
05:14:02          0      0.00      0.00      0.00      0.00      0.00    100.00
05:14:02          1      0.00      0.00      0.00      0.00      0.00    100.00
05:14:02          2      0.00      0.00      0.00      0.00      0.00    100.00
05:14:02          3      0.00      0.00      0.00      0.00      0.00    100.00
05:14:02          4      0.00      0.00     13.98      0.00      0.00     86.02
05:14:02          5      0.00      0.00      0.00      0.00      0.00    100.00
05:14:02          6      0.00      0.00      0.00      0.00      0.00    100.00
05:14:02          7      0.00      0.00      0.00      0.00      0.00    100.00
05:14:02          8      0.00      0.00      0.00      0.00      0.00    100.00
05:14:02          9      0.00      0.00      0.00      0.00      0.00    100.00
05:14:02         10      0.00      0.00      0.00      0.00      0.00    100.00
05:14:02         11      0.00      0.00      0.00      0.00      0.00    100.00
05:14:02         12      0.00      0.00      0.00      0.00      0.00    100.00
05:14:02         13      0.00      0.00      0.00      0.00      0.00    100.00
05:14:02         14      0.00      0.00      0.00      0.00      0.00    100.00
05:14:02         15      0.00      0.00      0.00      0.00      0.00    100.00
05:14:02         16      0.00      0.00      0.00      0.00      0.00    100.00
05:14:02         17      0.00      0.00      0.00      0.00      0.00    100.00
05:14:02         18      0.00      0.00      0.00      0.00      0.00    100.00
05:14:02         19      0.00      0.00      0.00      0.00      0.00    100.00
05:14:02         20      0.00      0.00      0.00      0.00      0.00    100.00
05:14:02         21      0.00      0.00      0.00      0.00      0.00    100.00
05:14:02         22      0.00      0.00      0.00      0.00      0.00    100.00
05:14:02         23      0.00      0.00      0.00      0.00      0.00    100.00
05:14:02         24      0.00      0.00      0.00      0.00      0.00    100.00
05:14:02         25      0.00      0.00      0.00      0.00      0.00    100.00
05:14:02         26      1.00      0.00      0.00      0.00      0.00     99.00
05:14:02         27      0.99      0.00      0.00      0.00      0.00     99.01
05:14:02         28      0.00      0.00      0.00      0.00      0.00    100.00
05:14:02         29      0.00      0.00      0.00      0.00      0.00    100.00
05:14:02         30      0.00      0.00      0.00      0.00      0.00    100.00
05:14:02         31      0.00      0.00      0.00      0.00      0.00    100.00

05:14:02        CPU     %user     %nice   %system   %iowait    %steal     %idle
05:14:03        all      0.06      0.00      0.50      0.00      0.00     99.44
05:14:03          0      0.00      0.00      0.00      0.00      0.00    100.00
05:14:03          1      0.00      0.00      0.00      0.00      0.00    100.00
05:14:03          2      0.00      0.00      0.00      0.00      0.00    100.00
05:14:03          3      0.00      0.00      0.00      0.00      0.00    100.00
05:14:03          4      0.00      0.00     15.79      0.00      0.00     84.21
05:14:03          5      0.00      0.00      0.00      0.00      0.00    100.00
05:14:03          6      0.00      0.00      0.00      0.00      0.00    100.00
05:14:03          7      0.00      0.00      0.00      0.00      0.00    100.00
05:14:03          8      0.00      0.00      0.00      0.00      0.00    100.00
05:14:03          9      0.00      0.00      0.00      0.00      0.00    100.00
05:14:03         10      0.00      0.00      0.00      0.00      0.00    100.00
05:14:03         11      0.00      0.00      0.00      0.00      0.00    100.00
05:14:03         12      0.00      0.00      0.00      0.00      0.00    100.00
05:14:03         13      0.00      0.00      0.00      0.00      0.00    100.00
05:14:03         14      0.00      0.00      0.00      0.00      0.00    100.00
05:14:03         15      0.00      0.00      0.99      0.00      0.00     99.01
05:14:03         16      0.00      0.00      0.00      0.00      0.00    100.00
05:14:03         17      0.00      0.00      0.00      0.00      0.00    100.00
05:14:03         18      0.00      0.00      0.00      0.00      0.00    100.00
05:14:03         19      0.00      0.00      0.00      0.00      0.00    100.00
05:14:03         20      0.00      0.00      0.00      0.00      0.00    100.00
05:14:03         21      0.00      0.00      0.00      0.00      0.00    100.00
05:14:03         22      2.00      0.00      0.00      0.00      0.00     98.00
05:14:03         23      0.00      0.00      0.00      0.00      0.00    100.00
05:14:03         24      0.00      0.00      0.00      0.00      0.00    100.00
05:14:03         25      0.00      0.00      0.00      0.00      0.00    100.00
05:14:03         26      0.00      0.00      0.00      0.00      0.00    100.00
05:14:03         27      0.00      0.00      0.00      0.00      0.00    100.00
05:14:03         28      0.00      0.00      0.00      0.00      0.00    100.00
05:14:03         29      0.00      0.00      0.00      0.00      0.00    100.00
05:14:03         30      0.00      0.00      0.00      0.00      0.00    100.00
05:14:03         31      0.00      0.00      0.00      0.00      0.00    100.00

05:14:03        CPU     %user     %nice   %system   %iowait    %steal     %idle
05:14:04        all      0.03      0.00      0.50      0.00      0.00     99.47
05:14:04          0      0.00      0.00      0.00      0.00      0.00    100.00
05:14:04          1      0.00      0.00      0.00      0.00      0.00    100.00
05:14:04          2      0.00      0.00      0.00      0.00      0.00    100.00
05:14:04          3      0.00      0.00      0.00      0.00      0.00    100.00
05:14:04          4      0.00      0.00     14.74      0.00      0.00     85.26
05:14:04          5      0.00      0.00      0.00      0.00      0.00    100.00
05:14:04          6      0.00      0.00      0.00      0.00      0.00    100.00
05:14:04          7      0.00      0.00      0.00      0.00      0.00    100.00
05:14:04          8      0.00      0.00      0.00      0.00      0.00    100.00
05:14:04          9      0.00      0.00      0.00      0.00      0.00    100.00
05:14:04         10      0.00      0.00      0.00      0.00      0.00    100.00
05:14:04         11      0.00      0.00      0.00      0.00      0.00    100.00
05:14:04         12      0.00      0.00      0.00      0.00      0.00    100.00
05:14:04         13      0.00      0.00      0.00      0.00      0.00    100.00
05:14:04         14      0.00      0.00      0.00      0.00      0.00    100.00
05:14:04         15      0.00      0.00      0.00      0.00      0.00    100.00
05:14:04         16      0.00      0.00      0.99      0.00      0.00     99.01
05:14:04         17      0.00      0.00      0.00      0.00      0.00    100.00
05:14:04         18      0.00      0.00      0.00      0.00      0.00    100.00
05:14:04         19      0.00      0.00      0.00      0.00      0.00    100.00
05:14:04         20      0.00      0.00      0.00      0.00      0.00    100.00
05:14:04         21      0.00      0.00      0.00      0.00      0.00    100.00
05:14:04         22      0.00      0.00      0.00      0.00      0.00    100.00
05:14:04         23      0.00      0.00      0.00      0.00      0.00    100.00
05:14:04         24      0.00      0.00      0.00      0.00      0.00    100.00
05:14:04         25      0.00      0.00      0.00      0.00      0.00    100.00
05:14:04         26      1.00      0.00      0.00      0.00      0.00     99.00
05:14:04         27      0.00      0.00      0.99      0.00      0.00     99.01
05:14:04         28      0.00      0.00      0.00      0.00      0.00    100.00
05:14:04         29      0.00      0.00      0.00      0.00      0.00    100.00
05:14:04         30      0.00      0.00      0.00      0.00      0.00    100.00
05:14:04         31      0.00      0.00      0.00      0.00      0.00    100.00

05:14:04        CPU     %user     %nice   %system   %iowait    %steal     %idle
05:14:05        all      0.03      0.00      0.47      0.00      0.00     99.50
05:14:05          0      0.00      0.00      0.00      0.00      0.00    100.00
05:14:05          1      0.00      0.00      0.00      0.00      0.00    100.00
05:14:05          2      0.00      0.00      0.00      0.00      0.00    100.00
05:14:05          3      0.00      0.00      0.00      0.00      0.00    100.00
05:14:05          4      0.00      0.00     15.79      0.00      0.00     84.21
05:14:05          5      0.00      0.00      0.00      0.00      0.00    100.00
05:14:05          6      0.00      0.00      0.00      0.00      0.00    100.00
05:14:05          7      0.00      0.00      0.00      0.00      0.00    100.00
05:14:05          8      0.00      0.00      0.00      0.00      0.00    100.00
05:14:05          9      0.00      0.00      0.00      0.00      0.00    100.00
05:14:05         10      0.00      0.00      0.00      0.00      0.00    100.00
05:14:05         11      0.00      0.00      0.00      0.00      0.00    100.00
05:14:05         12      0.00      0.00      0.00      0.00      0.00    100.00
05:14:05         13      0.00      0.00      0.00      0.00      0.00    100.00
05:14:05         14      0.00      0.00      0.00      0.00      0.00    100.00
05:14:05         15      0.00      0.00      0.00      0.00      0.00    100.00
05:14:05         16      0.00      0.00      0.00      0.00      0.00    100.00
05:14:05         17      0.00      0.00      0.00      0.00      0.00    100.00
05:14:05         18      0.00      0.00      0.00      0.00      0.00    100.00
05:14:05         19      0.00      0.00      0.00      0.00      0.00    100.00
05:14:05         20      0.00      0.00      0.00      0.00      0.00    100.00
05:14:05         21      0.00      0.00      0.00      0.00      0.00    100.00
05:14:05         22      0.00      0.00      0.00      0.00      0.00    100.00
05:14:05         23      0.00      0.00      0.00      0.00      0.00    100.00
05:14:05         24      0.00      0.00      0.00      0.00      0.00    100.00
05:14:05         25      0.00      0.00      0.00      0.00      0.00    100.00
05:14:05         26      1.00      0.00      0.00      0.00      0.00     99.00
05:14:05         27      0.00      0.00      0.00      0.00      0.00    100.00
05:14:05         28      0.00      0.00      0.00      0.00      0.00    100.00
05:14:05         29      0.00      0.00      0.00      0.00      0.00    100.00
05:14:05         30      0.00      0.00      0.00      0.00      0.00    100.00
05:14:05         31      0.00      0.00      0.00      0.00      0.00    100.00

05:14:05        CPU     %user     %nice   %system   %iowait    %steal     %idle
05:14:06        all      0.16      0.00      0.56      0.00      0.00     99.28
05:14:06          0      0.00      0.00      0.00      0.00      0.00    100.00
05:14:06          1      0.00      0.00      0.00      0.00      0.00    100.00
05:14:06          2      0.00      0.00      0.00      0.00      0.00    100.00
05:14:06          3      0.00      0.00      0.00      0.00      0.00    100.00
05:14:06          4      0.00      0.00     17.53      0.00      0.00     82.47
05:14:06          5      0.00      0.00      0.00      0.00      0.00    100.00
05:14:06          6      0.00      0.00      0.00      0.00      0.00    100.00
05:14:06          7      0.00      0.00      0.00      0.00      0.00    100.00
05:14:06          8      0.00      0.00      0.00      0.00      0.00    100.00
05:14:06          9      0.00      0.00      0.00      0.00      0.00    100.00
05:14:06         10      0.00      0.00      0.00      0.00      0.00    100.00
05:14:06         11      0.00      0.00      0.00      0.00      0.00    100.00
05:14:06         12      0.00      0.00      0.00      0.00      0.00    100.00
05:14:06         13      0.00      0.00      0.00      0.00      0.00    100.00
05:14:06         14      0.00      0.00      0.00      0.00      0.00    100.00
05:14:06         15      0.00      0.00      0.00      0.00      0.00    100.00
05:14:06         16      2.00      0.00      0.00      0.00      0.00     98.00
05:14:06         17      2.02      0.00      0.00      0.00      0.00     97.98
05:14:06         18      0.99      0.00      0.99      0.00      0.00     98.02
05:14:06         19      0.00      0.00      0.00      0.00      0.00    100.00
05:14:06         20      0.00      0.00      0.00      0.00      0.00    100.00
05:14:06         21      0.00      0.00      0.00      0.00      0.00    100.00
05:14:06         22      0.00      0.00      0.00      0.00      0.00    100.00
05:14:06         23      0.00      0.00      0.00      0.00      0.00    100.00
05:14:06         24      0.00      0.00      0.00      0.00      0.00    100.00
05:14:06         25      0.00      0.00      0.00      0.00      0.00    100.00
05:14:06         26      0.00      0.00      0.00      0.00      0.00    100.00
05:14:06         27      0.00      0.00      0.00      0.00      0.00    100.00
05:14:06         28      0.00      0.00      0.00      0.00      0.00    100.00
05:14:06         29      0.00      0.00      0.00      0.00      0.00    100.00
05:14:06         30      0.00      0.00      0.00      0.00      0.00    100.00
05:14:06         31      0.00      0.00      0.00      0.00      0.00    100.00

05:14:06        CPU     %user     %nice   %system   %iowait    %steal     %idle
05:14:07        all      0.09      0.00      0.38      0.00      0.00     99.53
05:14:07          0      0.00      0.00      0.00      0.00      0.00    100.00
05:14:07          1      0.00      0.00      0.00      0.00      0.00    100.00
05:14:07          2      0.00      0.00      0.00      0.00      0.00    100.00
05:14:07          3      0.00      0.00      0.00      0.00      0.00    100.00
05:14:07          4      1.08      0.00     12.90      0.00      0.00     86.02
05:14:07          5      0.00      0.00      0.00      0.00      0.00    100.00
05:14:07          6      0.00      0.00      0.00      0.00      0.00    100.00
05:14:07          7      0.00      0.00      0.00      0.00      0.00    100.00
05:14:07          8      0.00      0.00      0.00      0.00      0.00    100.00
05:14:07          9      0.00      0.00      0.00      0.00      0.00    100.00
05:14:07         10      0.00      0.00      0.00      0.00      0.00    100.00
05:14:07         11      0.00      0.00      0.00      0.00      0.00    100.00
05:14:07         12      0.00      0.00      0.00      0.00      0.00    100.00
05:14:07         13      0.00      0.00      0.00      0.00      0.00    100.00
05:14:07         14      0.00      0.00      0.00      0.00      0.00    100.00
05:14:07         15      0.00      0.00      0.00      0.00      0.00    100.00
05:14:07         16      0.00      0.00      0.00      0.00      0.00    100.00
05:14:07         17      0.00      0.00      0.00      0.00      0.00    100.00
05:14:07         18      0.00      0.00      0.00      0.00      0.00    100.00
05:14:07         19      0.00      0.00      0.00      0.00      0.00    100.00
05:14:07         20      0.00      0.00      0.00      0.00      0.00    100.00
05:14:07         21      0.00      0.00      0.00      0.00      0.00    100.00
05:14:07         22      0.00      0.00      0.00      0.00      0.00    100.00
05:14:07         23      0.00      0.00      0.00      0.00      0.00    100.00
05:14:07         24      0.00      0.00      0.00      0.00      0.00    100.00
05:14:07         25      0.00      0.00      0.00      0.00      0.00    100.00
05:14:07         26      1.98      0.00      0.00      0.00      0.00     98.02
05:14:07         27      0.00      0.00      0.00      0.00      0.00    100.00
05:14:07         28      0.00      0.00      0.00      0.00      0.00    100.00
05:14:07         29      0.00      0.00      0.00      0.00      0.00    100.00
05:14:07         30      0.00      0.00      0.00      0.00      0.00    100.00
05:14:07         31      0.00      0.00      0.00      0.00      0.00    100.00

05:14:07        CPU     %user     %nice   %system   %iowait    %steal     %idle
05:14:08        all      0.00      0.00      0.38      0.00      0.00     99.62
05:14:08          0      0.00      0.00      0.00      0.00      0.00    100.00
05:14:08          1      0.00      0.00      0.00      0.00      0.00    100.00
05:14:08          2      0.00      0.00      0.00      0.00      0.00    100.00
05:14:08          3      0.00      0.00      0.00      0.00      0.00    100.00
05:14:08          4      0.00      0.00     13.04      0.00      0.00     86.96
05:14:08          5      0.00      0.00      0.00      0.00      0.00    100.00
05:14:08          6      0.00      0.00      0.00      0.00      0.00    100.00
05:14:08          7      0.00      0.00      0.00      0.00      0.00    100.00
05:14:08          8      0.00      0.00      0.00      0.00      0.00    100.00
05:14:08          9      0.00      0.00      0.00      0.00      0.00    100.00
05:14:08         10      0.00      0.00      0.00      0.00      0.00    100.00
05:14:08         11      0.00      0.00      0.00      0.00      0.00    100.00
05:14:08         12      0.00      0.00      0.00      0.00      0.00    100.00
05:14:08         13      0.00      0.00      0.00      0.00      0.00    100.00
05:14:08         14      0.00      0.00      0.00      0.00      0.00    100.00
05:14:08         15      0.00      0.00      0.00      0.00      0.00    100.00
05:14:08         16      0.00      0.00      0.00      0.00      0.00    100.00
05:14:08         17      0.00      0.00      0.00      0.00      0.00    100.00
05:14:08         18      0.00      0.00      0.00      0.00      0.00    100.00
05:14:08         19      0.00      0.00      0.00      0.00      0.00    100.00
05:14:08         20      0.00      0.00      0.00      0.00      0.00    100.00
05:14:08         21      0.00      0.00      0.00      0.00      0.00    100.00
05:14:08         22      0.00      0.00      0.00      0.00      0.00    100.00
05:14:08         23      0.00      0.00      0.00      0.00      0.00    100.00
05:14:08         24      0.00      0.00      0.00      0.00      0.00    100.00
05:14:08         25      0.00      0.00      0.00      0.00      0.00    100.00
05:14:08         26      0.00      0.00      0.00      0.00      0.00    100.00
05:14:08         27      0.00      0.00      0.00      0.00      0.00    100.00
05:14:08         28      0.00      0.00      0.00      0.00      0.00    100.00
05:14:08         29      0.00      0.00      0.00      0.00      0.00    100.00
05:14:08         30      0.00      0.00      0.00      0.00      0.00    100.00
05:14:08         31      0.00      0.00      0.00      0.00      0.00    100.00

05:14:08        CPU     %user     %nice   %system   %iowait    %steal     %idle
05:14:09        all      0.81      0.00      1.16      0.00      0.00     98.03
05:14:09          0      0.00      0.00      0.00      0.00      0.00    100.00
05:14:09          1      0.00      0.00      0.00      0.00      0.00    100.00
05:14:09          2      0.00      0.00      0.00      0.00      0.00    100.00
05:14:09          3      0.00      0.00      0.00      0.00      0.00    100.00
05:14:09          4      0.00      0.00     16.67      0.00      0.00     83.33
05:14:09          5      0.00      0.00      0.00      0.00      0.00    100.00
05:14:09          6      0.00      0.00      0.00      0.00      0.00    100.00
05:14:09          7      0.00      0.00      0.00      0.00      0.00    100.00
05:14:09          8      0.00      0.00      0.00      0.00      0.00    100.00
05:14:09          9      0.00      0.00      0.00      0.00      0.00    100.00
05:14:09         10      0.00      0.00      0.00      0.00      0.00    100.00
05:14:09         11      0.00      0.00      0.00      0.00      0.00    100.00
05:14:09         12      0.00      0.00      0.00      0.00      0.00    100.00
05:14:09         13      0.00      0.00      0.00      0.00      0.00    100.00
05:14:09         14      0.00      0.00      0.00      0.00      0.00    100.00
05:14:09         15      0.00      0.00      0.00      0.00      0.00    100.00
05:14:09         16      0.00      0.00      0.00      0.00      0.00    100.00
05:14:09         17      0.00      0.00      0.00      0.00      0.00    100.00
05:14:09         18      0.00      0.00      0.00      0.00      0.00    100.00
05:14:09         19      0.00      0.00      0.00      0.00      0.00    100.00
05:14:09         20      0.00      0.00      0.00      0.00      0.00    100.00
05:14:09         21      0.00      0.00      0.00      0.00      0.00    100.00
05:14:09         22      0.00      0.00      0.00      0.00      0.00    100.00
05:14:09         23      0.00      0.00      0.00      0.00      0.00    100.00
05:14:09         24      0.00      0.00      0.00      0.00      0.00    100.00
05:14:09         25      0.00      0.00      0.00      0.00      0.00    100.00
05:14:09         26      0.99      0.00      0.99      0.00      0.00     98.02
05:14:09         27      0.00      0.00      0.00      0.00      0.00    100.00
05:14:09         28      0.00      0.00      0.00      0.00      0.00    100.00
05:14:09         29      0.00      0.00      0.00      0.00      0.00    100.00
05:14:09         30      0.00      0.00      0.00      0.00      0.00    100.00
05:14:09         31     25.00      0.00     20.00      0.00      0.00     55.00

05:14:09        CPU     %user     %nice   %system   %iowait    %steal     %idle
05:14:10        all      0.03      0.00      0.50      0.00      0.00     99.47
05:14:10          0      0.00      0.00      0.00      0.00      0.00    100.00
05:14:10          1      0.00      0.00      0.00      0.00      0.00    100.00
05:14:10          2      0.00      0.00      0.00      0.00      0.00    100.00
05:14:10          3      0.00      0.00      0.00      0.00      0.00    100.00
05:14:10          4      0.00      0.00     16.67      0.00      0.00     83.33
05:14:10          5      0.00      0.00      0.00      0.00      0.00    100.00
05:14:10          6      0.00      0.00      0.00      0.00      0.00    100.00
05:14:10          7      0.00      0.00      0.00      0.00      0.00    100.00
05:14:10          8      0.00      0.00      0.00      0.00      0.00    100.00
05:14:10          9      0.00      0.00      0.00      0.00      0.00    100.00
05:14:10         10      0.00      0.00      0.00      0.00      0.00    100.00
05:14:10         11      0.00      0.00      0.00      0.00      0.00    100.00
05:14:10         12      0.00      0.00      0.00      0.00      0.00    100.00
05:14:10         13      0.00      0.00      0.00      0.00      0.00    100.00
05:14:10         14      0.00      0.00      0.00      0.00      0.00    100.00
05:14:10         15      0.00      0.00      0.00      0.00      0.00    100.00
05:14:10         16      0.00      0.00      0.00      0.00      0.00    100.00
05:14:10         17      0.00      0.00      0.00      0.00      0.00    100.00
05:14:10         18      0.00      0.00      0.00      0.00      0.00    100.00
05:14:10         19      0.00      0.00      0.00      0.00      0.00    100.00
05:14:10         20      0.00      0.00      0.00      0.00      0.00    100.00
05:14:10         21      0.00      0.00      0.00      0.00      0.00    100.00
05:14:10         22      0.00      0.00      0.00      0.00      0.00    100.00
05:14:10         23      0.00      0.00      0.00      0.00      0.00    100.00
05:14:10         24      0.00      0.00      0.00      0.00      0.00    100.00
05:14:10         25      0.00      0.00      0.00      0.00      0.00    100.00
05:14:10         26      1.00      0.00      0.00      0.00      0.00     99.00
05:14:10         27      0.00      0.00      0.00      0.00      0.00    100.00
05:14:10         28      0.00      0.00      0.00      0.00      0.00    100.00
05:14:10         29      0.00      0.00      0.00      0.00      0.00    100.00
05:14:10         30      0.00      0.00      0.00      0.00      0.00    100.00
05:14:10         31      0.00      0.00      0.00      0.00      0.00    100.00

05:14:10        CPU     %user     %nice   %system   %iowait    %steal     %idle
05:14:11        all      0.00      0.00      0.53      0.00      0.00     99.47
05:14:11          0      0.00      0.00      0.00      0.00      0.00    100.00
05:14:11          1      0.00      0.00      0.00      0.00      0.00    100.00
05:14:11          2      0.00      0.00      0.00      0.00      0.00    100.00
05:14:11          3      0.00      0.00      0.00      0.00      0.00    100.00
05:14:11          4      0.00      0.00     17.53      0.00      0.00     82.47
05:14:11          5      0.00      0.00      0.00      0.00      0.00    100.00
05:14:11          6      0.00      0.00      0.00      0.00      0.00    100.00
05:14:11          7      0.00      0.00      0.00      0.00      0.00    100.00
05:14:11          8      0.00      0.00      0.00      0.00      0.00    100.00
05:14:11          9      0.00      0.00      0.00      0.00      0.00    100.00
05:14:11         10      0.00      0.00      0.00      0.00      0.00    100.00
05:14:11         11      0.00      0.00      0.00      0.00      0.00    100.00
05:14:11         12      0.00      0.00      0.00      0.00      0.00    100.00
05:14:11         13      0.00      0.00      0.00      0.00      0.00    100.00
05:14:11         14      0.00      0.00      0.00      0.00      0.00    100.00
05:14:11         15      0.00      0.00      0.00      0.00      0.00    100.00
05:14:11         16      0.00      0.00      0.00      0.00      0.00    100.00
05:14:11         17      0.00      0.00      0.00      0.00      0.00    100.00
05:14:11         18      0.00      0.00      0.00      0.00      0.00    100.00
05:14:11         19      0.00      0.00      0.00      0.00      0.00    100.00
05:14:11         20      0.00      0.00      0.00      0.00      0.00    100.00
05:14:11         21      0.00      0.00      0.00      0.00      0.00    100.00
05:14:11         22      0.00      0.00      0.00      0.00      0.00    100.00
05:14:11         23      0.00      0.00      0.00      0.00      0.00    100.00
05:14:11         24      0.00      0.00      0.00      0.00      0.00    100.00
05:14:11         25      0.00      0.00      0.00      0.00      0.00    100.00
05:14:11         26      0.00      0.00      0.00      0.00      0.00    100.00
05:14:11         27      0.00      0.00      0.00      0.00      0.00    100.00
05:14:11         28      0.00      0.00      0.00      0.00      0.00    100.00
05:14:11         29      0.00      0.00      0.00      0.00      0.00    100.00
05:14:11         30      0.00      0.00      0.00      0.00      0.00    100.00
05:14:11         31      0.00      0.00      0.00      0.00      0.00    100.00

05:14:11        CPU     %user     %nice   %system   %iowait    %steal     %idle
05:14:12        all      0.13      0.00      0.50      0.00      0.00     99.37
05:14:12          0      0.00      0.00      0.00      0.00      0.00    100.00
05:14:12          1      0.00      0.00      0.00      0.00      0.00    100.00
05:14:12          2      0.00      0.00      0.00      0.00      0.00    100.00
05:14:12          3      0.00      0.00      0.00      0.00      0.00    100.00
05:14:12          4      0.00      0.00     15.62      0.00      0.00     84.38
05:14:12          5      0.00      0.00      1.00      0.00      0.00     99.00
05:14:12          6      0.99      0.00      0.00      0.00      0.00     99.01
05:14:12          7      0.00      0.00      0.00      0.00      0.00    100.00
05:14:12          8      0.00      0.00      0.00      0.00      0.00    100.00
05:14:12          9      0.00      0.00      0.00      0.00      0.00    100.00
05:14:12         10      0.00      0.00      0.00      0.00      0.00    100.00
05:14:12         11      0.00      0.00      0.00      0.00      0.00    100.00
05:14:12         12      0.00      0.00      0.00      0.00      0.00    100.00
05:14:12         13      0.00      0.00      0.00      0.00      0.00    100.00
05:14:12         14      0.00      0.00      0.00      0.00      0.00    100.00
05:14:12         15      0.00      0.00      0.00      0.00      0.00    100.00
05:14:12         16      0.00      0.00      0.00      0.00      0.00    100.00
05:14:12         17      0.00      0.00      0.00      0.00      0.00    100.00
05:14:12         18      0.00      0.00      0.00      0.00      0.00    100.00
05:14:12         19      0.00      0.00      0.00      0.00      0.00    100.00
05:14:12         20      0.99      0.00      0.00      0.00      0.00     99.01
05:14:12         21      0.00      0.00      0.00      0.00      0.00    100.00
05:14:12         22      0.00      0.00      0.00      0.00      0.00    100.00
05:14:12         23      0.00      0.00      0.00      0.00      0.00    100.00
05:14:12         24      0.00      0.00      0.00      0.00      0.00    100.00
05:14:12         25      0.00      0.00      0.00      0.00      0.00    100.00
05:14:12         26      1.98      0.00      0.00      0.00      0.00     98.02
05:14:12         27      0.00      0.00      0.00      0.00      0.00    100.00
05:14:12         28      0.00      0.00      0.00      0.00      0.00    100.00
05:14:12         29      0.00      0.00      0.00      0.00      0.00    100.00
05:14:12         30      0.00      0.00      0.00      0.00      0.00    100.00
05:14:12         31      0.00      0.00      0.00      0.00      0.00    100.00

05:14:12        CPU     %user     %nice   %system   %iowait    %steal     %idle
05:14:13        all      0.00      0.00      0.53      0.00      0.00     99.47
05:14:13          0      0.00      0.00      0.00      0.00      0.00    100.00
05:14:13          1      0.00      0.00      0.00      0.00      0.00    100.00
05:14:13          2      0.00      0.00      0.00      0.00      0.00    100.00
05:14:13          3      0.00      0.00      0.00      0.00      0.00    100.00
05:14:13          4      0.00      0.00     13.98      0.00      0.00     86.02
05:14:13          5      0.00      0.00      0.99      0.00      0.00     99.01
05:14:13          6      0.00      0.00      0.00      0.00      0.00    100.00
05:14:13          7      0.00      0.00      0.00      0.00      0.00    100.00
05:14:13          8      0.00      0.00      0.00      0.00      0.00    100.00
05:14:13          9      0.00      0.00      0.00      0.00      0.00    100.00
05:14:13         10      0.00      0.00      0.00      0.00      0.00    100.00
05:14:13         11      0.00      0.00      0.00      0.00      0.00    100.00
05:14:13         12      0.00      0.00      0.00      0.00      0.00    100.00
05:14:13         13      0.00      0.00      0.00      0.00      0.00    100.00
05:14:13         14      0.00      0.00      0.00      0.00      0.00    100.00
05:14:13         15      0.00      0.00      0.00      0.00      0.00    100.00
05:14:13         16      0.00      0.00      0.99      0.00      0.00     99.01
05:14:13         17      0.00      0.00      0.00      0.00      0.00    100.00
05:14:13         18      0.00      0.00      0.00      0.00      0.00    100.00
05:14:13         19      0.00      0.00      0.00      0.00      0.00    100.00
05:14:13         20      0.00      0.00      0.00      0.00      0.00    100.00
05:14:13         21      0.00      0.00      0.00      0.00      0.00    100.00
05:14:13         22      0.00      0.00      0.00      0.00      0.00    100.00
05:14:13         23      0.00      0.00      0.00      0.00      0.00    100.00
05:14:13         24      0.00      0.00      0.00      0.00      0.00    100.00
05:14:13         25      0.00      0.00      0.00      0.00      0.00    100.00
05:14:13         26      0.00      0.00      0.00      0.00      0.00    100.00
05:14:13         27      0.00      0.00      0.99      0.00      0.00     99.01
05:14:13         28      0.00      0.00      0.00      0.00      0.00    100.00
05:14:13         29      0.00      0.00      0.00      0.00      0.00    100.00
05:14:13         30      0.00      0.00      0.00      0.00      0.00    100.00
05:14:13         31      0.00      0.00      0.99      0.00      0.00     99.01

05:14:13        CPU     %user     %nice   %system   %iowait    %steal     %idle
05:14:14        all      0.03      0.00      0.41      0.00      0.00     99.56
05:14:14          0      0.00      0.00      0.00      0.00      0.00    100.00
05:14:14          1      0.00      0.00      0.00      0.00      0.00    100.00
05:14:14          2      0.00      0.00      0.00      0.00      0.00    100.00
05:14:14          3      0.00      0.00      0.00      0.00      0.00    100.00
05:14:14          4      0.00      0.00     13.98      0.00      0.00     86.02
05:14:14          5      0.00      0.00      0.00      0.00      0.00    100.00
05:14:14          6      0.00      0.00      0.00      0.00      0.00    100.00
05:14:14          7      0.00      0.00      0.00      0.00      0.00    100.00
05:14:14          8      0.00      0.00      0.00      0.00      0.00    100.00
05:14:14          9      0.00      0.00      0.00      0.00      0.00    100.00
05:14:14         10      0.00      0.00      0.00      0.00      0.00    100.00
05:14:14         11      0.00      0.00      0.00      0.00      0.00    100.00
05:14:14         12      0.00      0.00      0.00      0.00      0.00    100.00
05:14:14         13      0.00      0.00      0.00      0.00      0.00    100.00
05:14:14         14      0.00      0.00      0.00      0.00      0.00    100.00
05:14:14         15      0.00      0.00      0.00      0.00      0.00    100.00
05:14:14         16      0.00      0.00      0.00      0.00      0.00    100.00
05:14:14         17      0.00      0.00      0.00      0.00      0.00    100.00
05:14:14         18      0.00      0.00      0.00      0.00      0.00    100.00
05:14:14         19      0.00      0.00      0.00      0.00      0.00    100.00
05:14:14         20      0.00      0.00      0.00      0.00      0.00    100.00
05:14:14         21      0.00      0.00      0.00      0.00      0.00    100.00
05:14:14         22      0.00      0.00      0.00      0.00      0.00    100.00
05:14:14         23      0.00      0.00      0.00      0.00      0.00    100.00
05:14:14         24      0.00      0.00      0.00      0.00      0.00    100.00
05:14:14         25      0.00      0.00      0.00      0.00      0.00    100.00
05:14:14         26      1.00      0.00      0.00      0.00      0.00     99.00
05:14:14         27      0.00      0.00      0.00      0.00      0.00    100.00
05:14:14         28      0.00      0.00      0.00      0.00      0.00    100.00
05:14:14         29      0.00      0.00      0.00      0.00      0.00    100.00
05:14:14         30      0.00      0.00      0.00      0.00      0.00    100.00
05:14:14         31      0.00      0.00      0.00      0.00      0.00    100.00

05:14:14        CPU     %user     %nice   %system   %iowait    %steal     %idle
05:14:15        all      0.03      0.00      0.44      0.00      0.00     99.53
05:14:15          0      0.00      0.00      0.00      0.00      0.00    100.00
05:14:15          1      0.00      0.00      0.00      0.00      0.00    100.00
05:14:15          2      0.00      0.00      0.00      0.00      0.00    100.00
05:14:15          3      0.00      0.00      0.00      0.00      0.00    100.00
05:14:15          4      0.00      0.00     14.89      0.00      0.00     85.11
05:14:15          5      0.00      0.00      0.00      0.00      0.00    100.00
05:14:15          6      0.00      0.00      0.00      0.00      0.00    100.00
05:14:15          7      0.00      0.00      0.00      0.00      0.00    100.00
05:14:15          8      0.00      0.00      0.00      0.00      0.00    100.00
05:14:15          9      0.00      0.00      0.00      0.00      0.00    100.00
05:14:15         10      0.00      0.00      0.00      0.00      0.00    100.00
05:14:15         11      0.00      0.00      0.00      0.00      0.00    100.00
05:14:15         12      0.00      0.00      0.00      0.00      0.00    100.00
05:14:15         13      0.00      0.00      0.00      0.00      0.00    100.00
05:14:15         14      0.00      0.00      0.00      0.00      0.00    100.00
05:14:15         15      0.00      0.00      0.00      0.00      0.00    100.00
05:14:15         16      0.00      0.00      0.00      0.00      0.00    100.00
05:14:15         17      0.00      0.00      0.00      0.00      0.00    100.00
05:14:15         18      0.00      0.00      0.00      0.00      0.00    100.00
05:14:15         19      0.00      0.00      0.00      0.00      0.00    100.00
05:14:15         20      0.00      0.00      0.00      0.00      0.00    100.00
05:14:15         21      0.00      0.00      0.00      0.00      0.00    100.00
05:14:15         22      0.00      0.00      0.00      0.00      0.00    100.00
05:14:15         23      0.00      0.00      0.00      0.00      0.00    100.00
05:14:15         24      0.00      0.00      0.00      0.00      0.00    100.00
05:14:15         25      0.00      0.00      0.00      0.00      0.00    100.00
05:14:15         26      0.99      0.00      0.00      0.00      0.00     99.01
05:14:15         27      0.00      0.00      0.00      0.00      0.00    100.00
05:14:15         28      0.00      0.00      0.00      0.00      0.00    100.00
05:14:15         29      0.00      0.00      0.00      0.00      0.00    100.00
05:14:15         30      0.00      0.00      0.00      0.00      0.00    100.00
05:14:15         31      0.00      0.00      0.00      0.00      0.00    100.00

05:14:15        CPU     %user     %nice   %system   %iowait    %steal     %idle
05:14:16        all      0.03      0.00      0.50      0.00      0.00     99.47
05:14:16          0      0.00      0.00      0.00      0.00      0.00    100.00
05:14:16          1      0.00      0.00      0.00      0.00      0.00    100.00
05:14:16          2      0.00      0.00      0.00      0.00      0.00    100.00
05:14:16          3      0.00      0.00      0.00      0.00      0.00    100.00
05:14:16          4      0.00      0.00     16.67      0.00      0.00     83.33
05:14:16          5      0.00      0.00      0.00      0.00      0.00    100.00
05:14:16          6      0.00      0.00      0.00      0.00      0.00    100.00
05:14:16          7      0.00      0.00      0.00      0.00      0.00    100.00
05:14:16          8      0.00      0.00      0.00      0.00      0.00    100.00
05:14:16          9      0.00      0.00      0.00      0.00      0.00    100.00
05:14:16         10      0.00      0.00      0.00      0.00      0.00    100.00
05:14:16         11      0.00      0.00      0.00      0.00      0.00    100.00
05:14:16         12      0.00      0.00      0.00      0.00      0.00    100.00
05:14:16         13      0.00      0.00      0.00      0.00      0.00    100.00
05:14:16         14      0.00      0.00      0.00      0.00      0.00    100.00
05:14:16         15      0.00      0.00      0.00      0.00      0.00    100.00
05:14:16         16      0.00      0.00      0.00      0.00      0.00    100.00
05:14:16         17      0.00      0.00      0.00      0.00      0.00    100.00
05:14:16         18      0.00      0.00      0.00      0.00      0.00    100.00
05:14:16         19      0.00      0.00      0.00      0.00      0.00    100.00
05:14:16         20      0.00      0.00      0.00      0.00      0.00    100.00
05:14:16         21      0.00      0.00      0.00      0.00      0.00    100.00
05:14:16         22      0.00      0.00      0.00      0.00      0.00    100.00
05:14:16         23      0.00      0.00      0.00      0.00      0.00    100.00
05:14:16         24      0.00      0.00      0.00      0.00      0.00    100.00
05:14:16         25      0.00      0.00      0.00      0.00      0.00    100.00
05:14:16         26      1.00      0.00      0.00      0.00      0.00     99.00
05:14:16         27      0.00      0.00      0.00      0.00      0.00    100.00
05:14:16         28      0.00      0.00      0.00      0.00      0.00    100.00
05:14:16         29      0.00      0.00      0.00      0.00      0.00    100.00
05:14:16         30      0.00      0.00      0.00      0.00      0.00    100.00
05:14:16         31      0.00      0.00      0.00      0.00      0.00    100.00

05:14:16        CPU     %user     %nice   %system   %iowait    %steal     %idle
05:14:17        all      0.03      0.00      0.50      0.00      0.00     99.47
05:14:17          0      0.00      0.00      0.00      0.00      0.00    100.00
05:14:17          1      0.00      0.00      0.00      0.00      0.00    100.00
05:14:17          2      0.00      0.00      0.00      0.00      0.00    100.00
05:14:17          3      0.00      0.00      0.00      0.00      0.00    100.00
05:14:17          4      0.00      0.00     15.79      0.00      0.00     84.21
05:14:17          5      0.00      0.00      0.00      0.00      0.00    100.00
05:14:17          6      0.00      0.00      0.00      0.00      0.00    100.00
05:14:17          7      0.00      0.00      0.00      0.00      0.00    100.00
05:14:17          8      0.00      0.00      0.00      0.00      0.00    100.00
05:14:17          9      0.00      0.00      0.00      0.00      0.00    100.00
05:14:17         10      0.00      0.00      0.00      0.00      0.00    100.00
05:14:17         11      0.00      0.00      0.00      0.00      0.00    100.00
05:14:17         12      0.00      0.00      0.00      0.00      0.00    100.00
05:14:17         13      0.00      0.00      0.00      0.00      0.00    100.00
05:14:17         14      0.00      0.00      0.00      0.00      0.00    100.00
05:14:17         15      0.00      0.00      0.00      0.00      0.00    100.00
05:14:17         16      0.00      0.00      0.00      0.00      0.00    100.00
05:14:17         17      0.00      0.00      0.00      0.00      0.00    100.00
05:14:17         18      0.00      0.00      0.00      0.00      0.00    100.00
05:14:17         19      0.00      0.00      0.99      0.00      0.00     99.01
05:14:17         20      0.00      0.00      0.00      0.00      0.00    100.00
05:14:17         21      0.00      0.00      0.00      0.00      0.00    100.00
05:14:17         22      0.00      0.00      0.00      0.00      0.00    100.00
05:14:17         23      0.00      0.00      0.00      0.00      0.00    100.00
05:14:17         24      0.00      0.00      0.00      0.00      0.00    100.00
05:14:17         25      0.00      0.00      0.00      0.00      0.00    100.00
05:14:17         26      1.00      0.00      0.00      0.00      0.00     99.00
05:14:17         27      0.00      0.00      0.00      0.00      0.00    100.00
05:14:17         28      0.00      0.00      0.00      0.00      0.00    100.00
05:14:17         29      0.00      0.00      0.00      0.00      0.00    100.00
05:14:17         30      0.00      0.00      0.00      0.00      0.00    100.00
05:14:17         31      0.00      0.00      0.00      0.00      0.00    100.00

05:14:17        CPU     %user     %nice   %system   %iowait    %steal     %idle
05:14:18        all      0.03      0.00      0.44      0.00      0.00     99.53
05:14:18          0      0.00      0.00      0.00      0.00      0.00    100.00
05:14:18          1      0.00      0.00      0.00      0.00      0.00    100.00
05:14:18          2      0.00      0.00      0.00      0.00      0.00    100.00
05:14:18          3      0.00      0.00      0.00      0.00      0.00    100.00
05:14:18          4      0.00      0.00     14.89      0.00      0.00     85.11
05:14:18          5      0.00      0.00      0.00      0.00      0.00    100.00
05:14:18          6      0.00      0.00      0.00      0.00      0.00    100.00
05:14:18          7      0.00      0.00      0.00      0.00      0.00    100.00
05:14:18          8      0.00      0.00      0.00      0.00      0.00    100.00
05:14:18          9      0.00      0.00      0.00      0.00      0.00    100.00
05:14:18         10      0.00      0.00      0.00      0.00      0.00    100.00
05:14:18         11      0.00      0.00      0.00      0.00      0.00    100.00
05:14:18         12      0.00      0.00      0.00      0.00      0.00    100.00
05:14:18         13      0.00      0.00      0.00      0.00      0.00    100.00
05:14:18         14      0.00      0.00      0.00      0.00      0.00    100.00
05:14:18         15      0.00      0.00      0.00      0.00      0.00    100.00
05:14:18         16      0.00      0.00      0.00      0.00      0.00    100.00
05:14:18         17      0.00      0.00      0.00      0.00      0.00    100.00
05:14:18         18      0.00      0.00      0.00      0.00      0.00    100.00
05:14:18         19      0.00      0.00      0.00      0.00      0.00    100.00
05:14:18         20      0.00      0.00      0.00      0.00      0.00    100.00
05:14:18         21      0.00      0.00      0.00      0.00      0.00    100.00
05:14:18         22      0.00      0.00      0.00      0.00      0.00    100.00
05:14:18         23      0.00      0.00      0.00      0.00      0.00    100.00
05:14:18         24      0.00      0.00      0.00      0.00      0.00    100.00
05:14:18         25      0.00      0.00      0.00      0.00      0.00    100.00
05:14:18         26      1.00      0.00      0.00      0.00      0.00     99.00
05:14:18         27      0.00      0.00      0.00      0.00      0.00    100.00
05:14:18         28      0.00      0.00      0.00      0.00      0.00    100.00
05:14:18         29      0.00      0.00      0.00      0.00      0.00    100.00
05:14:18         30      0.00      0.00      0.00      0.00      0.00    100.00
05:14:18         31      0.00      0.00      0.00      0.00      0.00    100.00

05:14:18        CPU     %user     %nice   %system   %iowait    %steal     %idle
05:14:19        all      0.03      0.00      0.47      0.00      0.00     99.50
05:14:19          0      0.00      0.00      0.00      0.00      0.00    100.00
05:14:19          1      0.00      0.00      0.00      0.00      0.00    100.00
05:14:19          2      0.00      0.00      0.00      0.00      0.00    100.00
05:14:19          3      0.00      0.00      0.00      0.00      0.00    100.00
05:14:19          4      0.00      0.00     13.83      0.00      0.00     86.17
05:14:19          5      0.00      0.00      0.00      0.00      0.00    100.00
05:14:19          6      0.00      0.00      0.99      0.00      0.00     99.01
05:14:19          7      0.00      0.00      0.00      0.00      0.00    100.00
05:14:19          8      0.00      0.00      0.00      0.00      0.00    100.00
05:14:19          9      0.00      0.00      0.00      0.00      0.00    100.00
05:14:19         10      0.00      0.00      0.00      0.00      0.00    100.00
05:14:19         11      0.00      0.00      0.00      0.00      0.00    100.00
05:14:19         12      0.00      0.00      0.00      0.00      0.00    100.00
05:14:19         13      0.00      0.00      0.00      0.00      0.00    100.00
05:14:19         14      0.00      0.00      0.00      0.00      0.00    100.00
05:14:19         15      0.00      0.00      0.99      0.00      0.00     99.01
05:14:19         16      0.00      0.00      0.00      0.00      0.00    100.00
05:14:19         17      0.00      0.00      0.00      0.00      0.00    100.00
05:14:19         18      0.00      0.00      0.00      0.00      0.00    100.00
05:14:19         19      0.00      0.00      0.00      0.00      0.00    100.00
05:14:19         20      0.00      0.00      0.00      0.00      0.00    100.00
05:14:19         21      0.00      0.00      0.00      0.00      0.00    100.00
05:14:19         22      0.00      0.00      0.00      0.00      0.00    100.00
05:14:19         23      0.00      0.00      0.00      0.00      0.00    100.00
05:14:19         24      0.00      0.00      0.00      0.00      0.00    100.00
05:14:19         25      0.00      0.00      0.00      0.00      0.00    100.00
05:14:19         26      1.00      0.00      0.00      0.00      0.00     99.00
05:14:19         27      0.00      0.00      0.00      0.00      0.00    100.00
05:14:19         28      0.00      0.00      0.00      0.00      0.00    100.00
05:14:19         29      0.00      0.00      0.00      0.00      0.00    100.00
05:14:19         30      0.00      0.00      0.00      0.00      0.00    100.00
05:14:19         31      0.00      0.00      0.00      0.00      0.00    100.00

05:14:19        CPU     %user     %nice   %system   %iowait    %steal     %idle
05:14:20        all      0.03      0.00      0.47      0.00      0.00     99.50
05:14:20          0      0.00      0.00      0.00      0.00      0.00    100.00
05:14:20          1      0.00      0.00      0.00      0.00      0.00    100.00
05:14:20          2      0.00      0.00      0.00      0.00      0.00    100.00
05:14:20          3      0.00      0.00      0.00      0.00      0.00    100.00
05:14:20          4      0.00      0.00     15.79      0.00      0.00     84.21
05:14:20          5      0.00      0.00      0.00      0.00      0.00    100.00
05:14:20          6      0.00      0.00      0.00      0.00      0.00    100.00
05:14:20          7      0.00      0.00      0.00      0.00      0.00    100.00
05:14:20          8      0.00      0.00      0.00      0.00      0.00    100.00
05:14:20          9      0.00      0.00      0.00      0.00      0.00    100.00
05:14:20         10      0.00      0.00      0.00      0.00      0.00    100.00
05:14:20         11      0.00      0.00      0.00      0.00      0.00    100.00
05:14:20         12      0.00      0.00      0.00      0.00      0.00    100.00
05:14:20         13      0.00      0.00      0.00      0.00      0.00    100.00
05:14:20         14      0.00      0.00      0.00      0.00      0.00    100.00
05:14:20         15      0.00      0.00      0.00      0.00      0.00    100.00
05:14:20         16      0.00      0.00      0.00      0.00      0.00    100.00
05:14:20         17      0.00      0.00      0.00      0.00      0.00    100.00
05:14:20         18      0.00      0.00      0.00      0.00      0.00    100.00
05:14:20         19      0.00      0.00      0.00      0.00      0.00    100.00
05:14:20         20      0.00      0.00      0.00      0.00      0.00    100.00
05:14:20         21      0.00      0.00      0.00      0.00      0.00    100.00
05:14:20         22      0.00      0.00      0.00      0.00      0.00    100.00
05:14:20         23      0.00      0.00      0.00      0.00      0.00    100.00
05:14:20         24      0.00      0.00      0.00      0.00      0.00    100.00
05:14:20         25      0.00      0.00      0.00      0.00      0.00    100.00
05:14:20         26      1.00      0.00      0.00      0.00      0.00     99.00
05:14:20         27      0.00      0.00      0.00      0.00      0.00    100.00
05:14:20         28      0.00      0.00      0.00      0.00      0.00    100.00
05:14:20         29      0.00      0.00      0.00      0.00      0.00    100.00
05:14:20         30      0.00      0.00      0.00      0.00      0.00    100.00
05:14:20         31      0.00      0.00      0.00      0.00      0.00    100.00

05:14:20        CPU     %user     %nice   %system   %iowait    %steal     %idle
05:14:21        all      0.03      0.00      0.53      0.00      0.00     99.44
05:14:21          0      0.00      0.00      0.00      0.00      0.00    100.00
05:14:21          1      0.00      0.00      0.00      0.00      0.00    100.00
05:14:21          2      0.00      0.00      0.00      0.00      0.00    100.00
05:14:21          3      0.00      0.00      0.00      0.00      0.00    100.00
05:14:21          4      0.00      0.00     16.67      0.00      0.00     83.33
05:14:21          5      0.00      0.00      0.00      0.00      0.00    100.00
05:14:21          6      0.00      0.00      0.00      0.00      0.00    100.00
05:14:21          7      0.00      0.00      0.00      0.00      0.00    100.00
05:14:21          8      0.00      0.00      0.00      0.00      0.00    100.00
05:14:21          9      0.00      0.00      0.00      0.00      0.00    100.00
05:14:21         10      0.00      0.00      0.00      0.00      0.00    100.00
05:14:21         11      0.00      0.00      0.00      0.00      0.00    100.00
05:14:21         12      0.00      0.00      0.00      0.00      0.00    100.00
05:14:21         13      0.00      0.00      0.00      0.00      0.00    100.00
05:14:21         14      0.00      0.00      0.00      0.00      0.00    100.00
05:14:21         15      0.00      0.00      0.00      0.00      0.00    100.00
05:14:21         16      0.00      0.00      0.00      0.00      0.00    100.00
05:14:21         17      0.00      0.00      0.00      0.00      0.00    100.00
05:14:21         18      0.00      0.00      0.00      0.00      0.00    100.00
05:14:21         19      0.00      0.00      0.00      0.00      0.00    100.00
05:14:21         20      0.00      0.00      0.00      0.00      0.00    100.00
05:14:21         21      0.00      0.00      0.00      0.00      0.00    100.00
05:14:21         22      0.00      0.00      0.00      0.00      0.00    100.00
05:14:21         23      0.00      0.00      0.00      0.00      0.00    100.00
05:14:21         24      0.00      0.00      0.00      0.00      0.00    100.00
05:14:21         25      0.00      0.00      0.00      0.00      0.00    100.00
05:14:21         26      1.00      0.00      0.00      0.00      0.00     99.00
05:14:21         27      0.00      0.00      0.99      0.00      0.00     99.01
05:14:21         28      0.00      0.00      0.00      0.00      0.00    100.00
05:14:21         29      0.00      0.00      0.00      0.00      0.00    100.00
05:14:21         30      0.00      0.00      0.00      0.00      0.00    100.00
05:14:21         31      0.00      0.00      0.00      0.00      0.00    100.00

05:14:21        CPU     %user     %nice   %system   %iowait    %steal     %idle
05:14:22        all      0.00      0.00      0.56      0.00      0.00     99.44
05:14:22          0      0.00      0.00      0.00      0.00      0.00    100.00
05:14:22          1      0.00      0.00      0.00      0.00      0.00    100.00
05:14:22          2      0.00      0.00      0.00      0.00      0.00    100.00
05:14:22          3      0.00      0.00      0.00      0.00      0.00    100.00
05:14:22          4      0.00      0.00     18.37      0.00      0.00     81.63
05:14:22          5      0.00      0.00      0.00      0.00      0.00    100.00
05:14:22          6      0.00      0.00      0.00      0.00      0.00    100.00
05:14:22          7      0.00      0.00      0.00      0.00      0.00    100.00
05:14:22          8      0.00      0.00      0.00      0.00      0.00    100.00
05:14:22          9      0.00      0.00      0.00      0.00      0.00    100.00
05:14:22         10      0.00      0.00      0.00      0.00      0.00    100.00
05:14:22         11      0.00      0.00      0.00      0.00      0.00    100.00
05:14:22         12      0.00      0.00      0.00      0.00      0.00    100.00
05:14:22         13      0.00      0.00      0.00      0.00      0.00    100.00
05:14:22         14      0.00      0.00      0.00      0.00      0.00    100.00
05:14:22         15      0.00      0.00      0.00      0.00      0.00    100.00
05:14:22         16      0.00      0.00      0.00      0.00      0.00    100.00
05:14:22         17      0.00      0.00      0.00      0.00      0.00    100.00
05:14:22         18      0.00      0.00      0.00      0.00      0.00    100.00
05:14:22         19      0.00      0.00      0.00      0.00      0.00    100.00
05:14:22         20      0.00      0.00      0.00      0.00      0.00    100.00
05:14:22         21      0.00      0.00      0.00      0.00      0.00    100.00
05:14:22         22      0.00      0.00      0.00      0.00      0.00    100.00
05:14:22         23      0.00      0.00      0.00      0.00      0.00    100.00
05:14:22         24      0.00      0.00      0.00      0.00      0.00    100.00
05:14:22         25      0.00      0.00      0.00      0.00      0.00    100.00
05:14:22         26      0.00      0.00      0.00      0.00      0.00    100.00
05:14:22         27      0.00      0.00      0.00      0.00      0.00    100.00
05:14:22         28      0.00      0.00      0.00      0.00      0.00    100.00
05:14:22         29      0.00      0.00      0.00      0.00      0.00    100.00
05:14:22         30      0.00      0.00      0.00      0.00      0.00    100.00
05:14:22         31      0.00      0.00      0.00      0.00      0.00    100.00

05:14:22        CPU     %user     %nice   %system   %iowait    %steal     %idle
05:14:23        all      0.03      0.00      0.35      0.00      0.00     99.62
05:14:23          0      0.00      0.00      0.00      0.00      0.00    100.00
05:14:23          1      0.00      0.00      0.00      0.00      0.00    100.00
05:14:23          2      0.00      0.00      0.00      0.00      0.00    100.00
05:14:23          3      0.00      0.00      0.00      0.00      0.00    100.00
05:14:23          4      0.00      0.00     12.09      0.00      0.00     87.91
05:14:23          5      0.00      0.00      0.00      0.00      0.00    100.00
05:14:23          6      0.00      0.00      0.00      0.00      0.00    100.00
05:14:23          7      0.00      0.00      0.00      0.00      0.00    100.00
05:14:23          8      0.00      0.00      0.00      0.00      0.00    100.00
05:14:23          9      0.00      0.00      0.00      0.00      0.00    100.00
05:14:23         10      0.00      0.00      0.00      0.00      0.00    100.00
05:14:23         11      0.00      0.00      0.00      0.00      0.00    100.00
05:14:23         12      0.00      0.00      0.00      0.00      0.00    100.00
05:14:23         13      0.00      0.00      0.00      0.00      0.00    100.00
05:14:23         14      0.00      0.00      0.00      0.00      0.00    100.00
05:14:23         15      0.00      0.00      0.00      0.00      0.00    100.00
05:14:23         16      0.00      0.00      0.00      0.00      0.00    100.00
05:14:23         17      0.00      0.00      0.00      0.00      0.00    100.00
05:14:23         18      0.00      0.00      0.00      0.00      0.00    100.00
05:14:23         19      0.00      0.00      0.00      0.00      0.00    100.00
05:14:23         20      0.00      0.00      0.00      0.00      0.00    100.00
05:14:23         21      0.00      0.00      0.00      0.00      0.00    100.00
05:14:23         22      0.00      0.00      0.00      0.00      0.00    100.00
05:14:23         23      0.00      0.00      0.00      0.00      0.00    100.00
05:14:23         24      0.00      0.00      0.00      0.00      0.00    100.00
05:14:23         25      0.00      0.00      0.00      0.00      0.00    100.00
05:14:23         26      1.00      0.00      0.00      0.00      0.00     99.00
05:14:23         27      0.00      0.00      0.00      0.00      0.00    100.00
05:14:23         28      0.00      0.00      0.00      0.00      0.00    100.00
05:14:23         29      0.00      0.00      0.00      0.00      0.00    100.00
05:14:23         30      0.00      0.00      0.00      0.00      0.00    100.00
05:14:23         31      0.00      0.00      0.00      0.00      0.00    100.00

05:14:23        CPU     %user     %nice   %system   %iowait    %steal     %idle
05:14:24        all      0.03      0.00      0.47      0.00      0.00     99.50
05:14:24          0      0.00      0.00      0.00      0.00      0.00    100.00
05:14:24          1      0.00      0.00      0.00      0.00      0.00    100.00
05:14:24          2      0.00      0.00      0.00      0.00      0.00    100.00
05:14:24          3      0.00      0.00      0.00      0.00      0.00    100.00
05:14:24          4      0.00      0.00     15.79      0.00      0.00     84.21
05:14:24          5      0.00      0.00      0.00      0.00      0.00    100.00
05:14:24          6      0.00      0.00      0.00      0.00      0.00    100.00
05:14:24          7      0.00      0.00      0.00      0.00      0.00    100.00
05:14:24          8      0.00      0.00      0.00      0.00      0.00    100.00
05:14:24          9      0.00      0.00      0.00      0.00      0.00    100.00
05:14:24         10      0.00      0.00      0.00      0.00      0.00    100.00
05:14:24         11      0.00      0.00      0.00      0.00      0.00    100.00
05:14:24         12      0.00      0.00      0.00      0.00      0.00    100.00
05:14:24         13      0.00      0.00      0.00      0.00      0.00    100.00
05:14:24         14      0.00      0.00      0.00      0.00      0.00    100.00
05:14:24         15      0.00      0.00      0.00      0.00      0.00    100.00
05:14:24         16      0.00      0.00      0.00      0.00      0.00    100.00
05:14:24         17      0.00      0.00      0.00      0.00      0.00    100.00
05:14:24         18      0.00      0.00      0.00      0.00      0.00    100.00
05:14:24         19      0.00      0.00      0.00      0.00      0.00    100.00
05:14:24         20      0.00      0.00      0.00      0.00      0.00    100.00
05:14:24         21      0.00      0.00      0.00      0.00      0.00    100.00
05:14:24         22      0.00      0.00      0.00      0.00      0.00    100.00
05:14:24         23      0.00      0.00      0.00      0.00      0.00    100.00
05:14:24         24      0.00      0.00      0.00      0.00      0.00    100.00
05:14:24         25      0.00      0.00      0.00      0.00      0.00    100.00
05:14:24         26      1.00      0.00      0.00      0.00      0.00     99.00
05:14:24         27      0.00      0.00      0.00      0.00      0.00    100.00
05:14:24         28      0.00      0.00      0.00      0.00      0.00    100.00
05:14:24         29      0.00      0.00      0.00      0.00      0.00    100.00
05:14:24         30      0.00      0.00      0.00      0.00      0.00    100.00
05:14:24         31      0.00      0.00      0.00      0.00      0.00    100.00

05:14:24        CPU     %user     %nice   %system   %iowait    %steal     %idle
05:14:25        all      0.03      0.00      0.44      0.00      0.00     99.53
05:14:25          0      0.00      0.00      0.00      0.00      0.00    100.00
05:14:25          1      0.00      0.00      0.00      0.00      0.00    100.00
05:14:25          2      0.00      0.00      0.00      0.00      0.00    100.00
05:14:25          3      0.00      0.00      0.00      0.00      0.00    100.00
05:14:25          4      0.00      0.00     14.89      0.00      0.00     85.11
05:14:25          5      0.00      0.00      0.00      0.00      0.00    100.00
05:14:25          6      0.00      0.00      0.00      0.00      0.00    100.00
05:14:25          7      0.00      0.00      0.00      0.00      0.00    100.00
05:14:25          8      0.00      0.00      0.00      0.00      0.00    100.00
05:14:25          9      0.00      0.00      0.00      0.00      0.00    100.00
05:14:25         10      0.00      0.00      0.00      0.00      0.00    100.00
05:14:25         11      0.00      0.00      0.00      0.00      0.00    100.00
05:14:25         12      0.00      0.00      0.00      0.00      0.00    100.00
05:14:25         13      0.00      0.00      0.00      0.00      0.00    100.00
05:14:25         14      0.00      0.00      0.00      0.00      0.00    100.00
05:14:25         15      0.00      0.00      0.00      0.00      0.00    100.00
05:14:25         16      0.00      0.00      0.00      0.00      0.00    100.00
05:14:25         17      0.00      0.00      0.00      0.00      0.00    100.00
05:14:25         18      0.00      0.00      0.00      0.00      0.00    100.00
05:14:25         19      0.00      0.00      0.00      0.00      0.00    100.00
05:14:25         20      0.00      0.00      0.00      0.00      0.00    100.00
05:14:25         21      0.00      0.00      0.00      0.00      0.00    100.00
05:14:25         22      0.00      0.00      0.00      0.00      0.00    100.00
05:14:25         23      0.00      0.00      0.00      0.00      0.00    100.00
05:14:25         24      0.00      0.00      0.00      0.00      0.00    100.00
05:14:25         25      0.00      0.00      0.00      0.00      0.00    100.00
05:14:25         26      1.00      0.00      0.00      0.00      0.00     99.00
05:14:25         27      0.00      0.00      0.00      0.00      0.00    100.00
05:14:25         28      0.00      0.00      0.00      0.00      0.00    100.00
05:14:25         29      0.00      0.00      0.00      0.00      0.00    100.00
05:14:25         30      0.00      0.00      0.00      0.00      0.00    100.00
05:14:25         31      0.00      0.00      0.00      0.00      0.00    100.00

05:14:25        CPU     %user     %nice   %system   %iowait    %steal     %idle
05:14:26        all      0.03      0.00      0.50      0.00      0.00     99.47
05:14:26          0      0.00      0.00      0.00      0.00      0.00    100.00
05:14:26          1      0.00      0.00      0.00      0.00      0.00    100.00
05:14:26          2      0.00      0.00      0.00      0.00      0.00    100.00
05:14:26          3      0.00      0.00      0.00      0.00      0.00    100.00
05:14:26          4      0.00      0.00     16.67      0.00      0.00     83.33
05:14:26          5      0.00      0.00      0.00      0.00      0.00    100.00
05:14:26          6      0.00      0.00      0.00      0.00      0.00    100.00
05:14:26          7      0.00      0.00      0.00      0.00      0.00    100.00
05:14:26          8      0.00      0.00      0.00      0.00      0.00    100.00
05:14:26          9      0.00      0.00      0.00      0.00      0.00    100.00
05:14:26         10      0.00      0.00      0.00      0.00      0.00    100.00
05:14:26         11      0.00      0.00      0.00      0.00      0.00    100.00
05:14:26         12      0.00      0.00      0.00      0.00      0.00    100.00
05:14:26         13      0.00      0.00      0.00      0.00      0.00    100.00
05:14:26         14      0.00      0.00      0.00      0.00      0.00    100.00
05:14:26         15      0.00      0.00      0.00      0.00      0.00    100.00
05:14:26         16      0.00      0.00      0.00      0.00      0.00    100.00
05:14:26         17      0.00      0.00      0.00      0.00      0.00    100.00
05:14:26         18      0.00      0.00      0.00      0.00      0.00    100.00
05:14:26         19      0.00      0.00      0.00      0.00      0.00    100.00
05:14:26         20      0.00      0.00      0.00      0.00      0.00    100.00
05:14:26         21      0.00      0.00      0.00      0.00      0.00    100.00
05:14:26         22      0.00      0.00      0.00      0.00      0.00    100.00
05:14:26         23      0.00      0.00      0.00      0.00      0.00    100.00
05:14:26         24      0.00      0.00      0.00      0.00      0.00    100.00
05:14:26         25      0.00      0.00      0.00      0.00      0.00    100.00
05:14:26         26      1.00      0.00      0.00      0.00      0.00     99.00
05:14:26         27      0.00      0.00      0.00      0.00      0.00    100.00
05:14:26         28      0.00      0.00      0.00      0.00      0.00    100.00
05:14:26         29      0.00      0.00      0.00      0.00      0.00    100.00
05:14:26         30      0.00      0.00      0.00      0.00      0.00    100.00
05:14:26         31      0.00      0.00      0.00      0.00      0.00    100.00

05:14:26        CPU     %user     %nice   %system   %iowait    %steal     %idle
05:14:27        all      0.00      0.00      0.50      0.00      0.00     99.50
05:14:27          0      0.00      0.00      0.00      0.00      0.00    100.00
05:14:27          1      0.00      0.00      0.00      0.00      0.00    100.00
05:14:27          2      0.00      0.00      0.00      0.00      0.00    100.00
05:14:27          3      0.00      0.00      0.00      0.00      0.00    100.00
05:14:27          4      0.00      0.00     15.62      0.00      0.00     84.38
05:14:27          5      0.00      0.00      0.00      0.00      0.00    100.00
05:14:27          6      0.00      0.00      0.00      0.00      0.00    100.00
05:14:27          7      0.00      0.00      0.00      0.00      0.00    100.00
05:14:27          8      0.00      0.00      0.00      0.00      0.00    100.00
05:14:27          9      0.00      0.00      0.00      0.00      0.00    100.00
05:14:27         10      0.00      0.00      0.00      0.00      0.00    100.00
05:14:27         11      0.00      0.00      0.00      0.00      0.00    100.00
05:14:27         12      0.00      0.00      0.00      0.00      0.00    100.00
05:14:27         13      0.00      0.00      0.00      0.00      0.00    100.00
05:14:27         14      0.00      0.00      0.00      0.00      0.00    100.00
05:14:27         15      0.00      0.00      0.00      0.00      0.00    100.00
05:14:27         16      0.00      0.00      0.00      0.00      0.00    100.00
05:14:27         17      0.00      0.00      0.00      0.00      0.00    100.00
05:14:27         18      0.00      0.00      0.00      0.00      0.00    100.00
05:14:27         19      0.00      0.00      0.00      0.00      0.00    100.00
05:14:27         20      0.00      0.00      0.00      0.00      0.00    100.00
05:14:27         21      0.00      0.00      0.00      0.00      0.00    100.00
05:14:27         22      0.00      0.00      0.00      0.00      0.00    100.00
05:14:27         23      0.00      0.00      0.00      0.00      0.00    100.00
05:14:27         24      0.00      0.00      0.00      0.00      0.00    100.00
05:14:27         25      0.00      0.00      0.00      0.00      0.00    100.00
05:14:27         26      0.00      0.00      0.00      0.00      0.00    100.00
05:14:27         27      0.00      0.00      0.99      0.00      0.00     99.01
05:14:27         28      0.00      0.00      0.00      0.00      0.00    100.00
05:14:27         29      0.00      0.00      0.00      0.00      0.00    100.00
05:14:27         30      0.00      0.00      0.00      0.00      0.00    100.00
05:14:27         31      0.00      0.00      0.00      0.00      0.00    100.00

05:14:27        CPU     %user     %nice   %system   %iowait    %steal     %idle
05:14:28        all      0.09      0.00      0.44      0.00      0.00     99.47
05:14:28          0      0.00      0.00      0.00      0.00      0.00    100.00
05:14:28          1      0.00      0.00      0.00      0.00      0.00    100.00
05:14:28          2      0.00      0.00      0.00      0.00      0.00    100.00
05:14:28          3      0.00      0.00      0.00      0.00      0.00    100.00
05:14:28          4      1.05      0.00     14.74      0.00      0.00     84.21
05:14:28          5      0.00      0.00      0.00      0.00      0.00    100.00
05:14:28          6      0.00      0.00      0.00      0.00      0.00    100.00
05:14:28          7      0.00      0.00      0.00      0.00      0.00    100.00
05:14:28          8      0.00      0.00      0.00      0.00      0.00    100.00
05:14:28          9      0.00      0.00      0.00      0.00      0.00    100.00
05:14:28         10      0.00      0.00      0.00      0.00      0.00    100.00
05:14:28         11      0.00      0.00      0.00      0.00      0.00    100.00
05:14:28         12      0.00      0.00      0.00      0.00      0.00    100.00
05:14:28         13      0.00      0.00      0.00      0.00      0.00    100.00
05:14:28         14      0.00      0.00      0.00      0.00      0.00    100.00
05:14:28         15      1.00      0.00      0.00      0.00      0.00     99.00
05:14:28         16      0.00      0.00      0.00      0.00      0.00    100.00
05:14:28         17      0.00      0.00      0.00      0.00      0.00    100.00
05:14:28         18      0.00      0.00      0.00      0.00      0.00    100.00
05:14:28         19      0.00      0.00      0.00      0.00      0.00    100.00
05:14:28         20      0.00      0.00      0.00      0.00      0.00    100.00
05:14:28         21      0.00      0.00      0.00      0.00      0.00    100.00
05:14:28         22      0.00      0.00      0.00      0.00      0.00    100.00
05:14:28         23      0.00      0.00      0.00      0.00      0.00    100.00
05:14:28         24      0.00      0.00      0.00      0.00      0.00    100.00
05:14:28         25      0.00      0.00      0.00      0.00      0.00    100.00
05:14:28         26      1.00      0.00      0.00      0.00      0.00     99.00
05:14:28         27      0.00      0.00      0.00      0.00      0.00    100.00
05:14:28         28      0.00      0.00      0.00      0.00      0.00    100.00
05:14:28         29      0.00      0.00      0.00      0.00      0.00    100.00
05:14:28         30      0.00      0.00      0.00      0.00      0.00    100.00
05:14:28         31      0.00      0.00      0.00      0.00      0.00    100.00

05:14:28        CPU     %user     %nice   %system   %iowait    %steal     %idle
05:14:29        all      0.13      0.00      0.47      0.00      0.00     99.41
05:14:29          0      0.99      0.00      0.00      0.00      0.00     99.01
05:14:29          1      0.00      0.00      0.00      0.00      0.00    100.00
05:14:29          2      0.00      0.00      0.00      0.00      0.00    100.00
05:14:29          3      0.00      0.00      0.00      0.00      0.00    100.00
05:14:29          4      0.00      0.00     14.89      0.00      0.00     85.11
05:14:29          5      0.00      0.00      0.00      0.00      0.00    100.00
05:14:29          6      0.00      0.00      0.00      0.00      0.00    100.00
05:14:29          7      0.00      0.00      0.00      0.00      0.00    100.00
05:14:29          8      0.00      0.00      0.00      0.00      0.00    100.00
05:14:29          9      0.00      0.00      0.00      0.00      0.00    100.00
05:14:29         10      0.00      0.00      0.00      0.00      0.00    100.00
05:14:29         11      0.00      0.00      0.00      0.00      0.00    100.00
05:14:29         12      0.00      0.00      0.00      0.00      0.00    100.00
05:14:29         13      0.00      0.00      0.00      0.00      0.00    100.00
05:14:29         14      0.00      0.00      0.00      0.00      0.00    100.00
05:14:29         15      0.00      0.00      0.00      0.00      0.00    100.00
05:14:29         16      0.00      0.00      0.00      0.00      0.00    100.00
05:14:29         17      0.00      0.00      0.00      0.00      0.00    100.00
05:14:29         18      0.00      0.00      0.00      0.00      0.00    100.00
05:14:29         19      0.00      0.00      0.00      0.00      0.00    100.00
05:14:29         20      0.00      0.00      0.00      0.00      0.00    100.00
05:14:29         21      0.00      0.00      0.00      0.00      0.00    100.00
05:14:29         22      0.00      0.00      0.00      0.00      0.00    100.00
05:14:29         23      1.98      0.00      0.99      0.00      0.00     97.03
05:14:29         24      0.00      0.00      0.00      0.00      0.00    100.00
05:14:29         25      0.00      0.00      0.00      0.00      0.00    100.00
05:14:29         26      1.00      0.00      0.00      0.00      0.00     99.00
05:14:29         27      0.00      0.00      0.00      0.00      0.00    100.00
05:14:29         28      0.00      0.00      0.00      0.00      0.00    100.00
05:14:29         29      0.00      0.00      0.00      0.00      0.00    100.00
05:14:29         30      0.00      0.00      0.00      0.00      0.00    100.00
05:14:29         31      0.00      0.00      0.00      0.00      0.00    100.00

05:14:29        CPU     %user     %nice   %system   %iowait    %steal     %idle
05:14:30        all      0.09      0.00      0.50      0.00      0.00     99.41
05:14:30          0      0.00      0.00      0.00      0.00      0.00    100.00
05:14:30          1      0.00      0.00      0.00      0.00      0.00    100.00
05:14:30          2      0.00      0.00      0.00      0.00      0.00    100.00
05:14:30          3      0.00      0.00      0.00      0.00      0.00    100.00
05:14:30          4      0.00      0.00     16.67      0.00      0.00     83.33
05:14:30          5      0.00      0.00      0.00      0.00      0.00    100.00
05:14:30          6      0.00      0.00      0.00      0.00      0.00    100.00
05:14:30          7      0.00      0.00      0.00      0.00      0.00    100.00
05:14:30          8      0.00      0.00      0.00      0.00      0.00    100.00
05:14:30          9      0.00      0.00      0.00      0.00      0.00    100.00
05:14:30         10      0.00      0.00      0.00      0.00      0.00    100.00
05:14:30         11      0.00      0.00      0.00      0.00      0.00    100.00
05:14:30         12      0.00      0.00      0.00      0.00      0.00    100.00
05:14:30         13      0.00      0.00      0.00      0.00      0.00    100.00
05:14:30         14      0.00      0.00      0.00      0.00      0.00    100.00
05:14:30         15      0.00      0.00      0.00      0.00      0.00    100.00
05:14:30         16      0.00      0.00      0.00      0.00      0.00    100.00
05:14:30         17      0.00      0.00      0.00      0.00      0.00    100.00
05:14:30         18      0.00      0.00      0.00      0.00      0.00    100.00
05:14:30         19      0.00      0.00      0.00      0.00      0.00    100.00
05:14:30         20      0.00      0.00      0.00      0.00      0.00    100.00
05:14:30         21      0.00      0.00      0.00      0.00      0.00    100.00
05:14:30         22      0.00      0.00      0.00      0.00      0.00    100.00
05:14:30         23      0.00      0.00      0.00      0.00      0.00    100.00
05:14:30         24      0.00      0.00      0.00      0.00      0.00    100.00
05:14:30         25      0.00      0.00      0.00      0.00      0.00    100.00
05:14:30         26      1.98      0.00      0.00      0.00      0.00     98.02
05:14:30         27      0.99      0.00      0.00      0.00      0.00     99.01
05:14:30         28      0.00      0.00      0.00      0.00      0.00    100.00
05:14:30         29      0.00      0.00      0.00      0.00      0.00    100.00
05:14:30         30      0.00      0.00      0.00      0.00      0.00    100.00
05:14:30         31      0.00      0.00      0.00      0.00      0.00    100.00

05:14:30        CPU     %user     %nice   %system   %iowait    %steal     %idle
05:14:31        all      0.31      0.00      0.53      0.00      0.00     99.16
05:14:31          0      0.00      0.00      0.00      0.00      0.00    100.00
05:14:31          1      0.00      0.00      0.00      0.00      0.00    100.00
05:14:31          2      0.00      0.00      0.00      0.00      0.00    100.00
05:14:31          3      0.00      0.00      0.00      0.00      0.00    100.00
05:14:31          4      0.00      0.00     14.89      0.00      0.00     85.11
05:14:31          5      1.00      0.00      0.00      0.00      0.00     99.00
05:14:31          6      0.00      0.00      0.00      0.00      0.00    100.00
05:14:31          7      0.00      0.00      0.00      0.00      0.00    100.00
05:14:31          8      0.00      0.00      0.00      0.00      0.00    100.00
05:14:31          9      0.00      0.00      0.00      0.00      0.00    100.00
05:14:31         10      0.00      0.00      0.00      0.00      0.00    100.00
05:14:31         11      0.00      0.00      0.00      0.00      0.00    100.00
05:14:31         12      0.00      0.00      0.00      0.00      0.00    100.00
05:14:31         13      0.00      0.00      0.99      0.00      0.00     99.01
05:14:31         14      1.00      0.00      0.00      0.00      0.00     99.00
05:14:31         15      0.99      0.00      0.00      0.00      0.00     99.01
05:14:31         16      0.99      0.00      0.00      0.00      0.00     99.01
05:14:31         17      0.00      0.00      0.00      0.00      0.00    100.00
05:14:31         18      0.00      0.00      0.00      0.00      0.00    100.00
05:14:31         19      0.00      0.00      0.00      0.00      0.00    100.00
05:14:31         20      0.99      0.00      0.00      0.00      0.00     99.01
05:14:31         21      0.00      0.00      0.00      0.00      0.00    100.00
05:14:31         22      0.00      0.00      0.00      0.00      0.00    100.00
05:14:31         23      1.01      0.00      0.00      0.00      0.00     98.99
05:14:31         24      2.00      0.00      1.00      0.00      0.00     97.00
05:14:31         25      0.00      0.00      1.00      0.00      0.00     99.00
05:14:31         26      1.98      0.00      0.00      0.00      0.00     98.02
05:14:31         27      0.00      0.00      0.00      0.00      0.00    100.00
05:14:31         28      0.00      0.00      0.00      0.00      0.00    100.00
05:14:31         29      0.00      0.00      0.00      0.00      0.00    100.00
05:14:31         30      0.00      0.00      0.00      0.00      0.00    100.00
05:14:31         31      0.00      0.00      0.00      0.00      0.00    100.00

05:14:31        CPU     %user     %nice   %system   %iowait    %steal     %idle
05:14:32        all      0.03      0.00      0.50      0.00      0.00     99.47
05:14:32          0      0.00      0.00      0.99      0.00      0.00     99.01
05:14:32          1      0.00      0.00      0.00      0.00      0.00    100.00
05:14:32          2      0.00      0.00      0.00      0.00      0.00    100.00
05:14:32          3      0.00      0.00      0.00      0.00      0.00    100.00
05:14:32          4      0.00      0.00     15.79      0.00      0.00     84.21
05:14:32          5      0.00      0.00      0.00      0.00      0.00    100.00
05:14:32          6      0.00      0.00      0.00      0.00      0.00    100.00
05:14:32          7      0.00      0.00      0.00      0.00      0.00    100.00
05:14:32          8      0.00      0.00      0.00      0.00      0.00    100.00
05:14:32          9      0.00      0.00      0.00      0.00      0.00    100.00
05:14:32         10      0.00      0.00      0.00      0.00      0.00    100.00
05:14:32         11      0.00      0.00      0.00      0.00      0.00    100.00
05:14:32         12      0.00      0.00      0.00      0.00      0.00    100.00
05:14:32         13      0.00      0.00      0.00      0.00      0.00    100.00
05:14:32         14      0.00      0.00      0.00      0.00      0.00    100.00
05:14:32         15      0.00      0.00      0.00      0.00      0.00    100.00
05:14:32         16      0.00      0.00      0.00      0.00      0.00    100.00
05:14:32         17      0.00      0.00      0.00      0.00      0.00    100.00
05:14:32         18      0.00      0.00      0.00      0.00      0.00    100.00
05:14:32         19      0.00      0.00      0.00      0.00      0.00    100.00
05:14:32         20      0.00      0.00      0.00      0.00      0.00    100.00
05:14:32         21      0.00      0.00      0.00      0.00      0.00    100.00
05:14:32         22      0.00      0.00      0.00      0.00      0.00    100.00
05:14:32         23      0.00      0.00      0.00      0.00      0.00    100.00
05:14:32         24      0.00      0.00      0.00      0.00      0.00    100.00
05:14:32         25      0.00      0.00      0.00      0.00      0.00    100.00
05:14:32         26      1.00      0.00      0.00      0.00      0.00     99.00
05:14:32         27      0.00      0.00      0.00      0.00      0.00    100.00
05:14:32         28      0.00      0.00      0.00      0.00      0.00    100.00
05:14:32         29      0.00      0.00      0.00      0.00      0.00    100.00
05:14:32         30      0.00      0.00      0.00      0.00      0.00    100.00
05:14:32         31      0.00      0.00      0.00      0.00      0.00    100.00

05:14:32        CPU     %user     %nice   %system   %iowait    %steal     %idle
05:14:33        all      0.06      0.00      0.50      0.00      0.00     99.44
05:14:33          0      0.00      0.00      0.00      0.00      0.00    100.00
05:14:33          1      0.00      0.00      0.00      0.00      0.00    100.00
05:14:33          2      0.00      0.00      0.00      0.00      0.00    100.00
05:14:33          3      0.00      0.00      0.00      0.00      0.00    100.00
05:14:33          4      0.00      0.00     16.67      0.00      0.00     83.33
05:14:33          5      0.00      0.00      0.00      0.00      0.00    100.00
05:14:33          6      0.00      0.00      0.00      0.00      0.00    100.00
05:14:33          7      0.00      0.00      0.00      0.00      0.00    100.00
05:14:33          8      0.00      0.00      0.00      0.00      0.00    100.00
05:14:33          9      0.00      0.00      0.00      0.00      0.00    100.00
05:14:33         10      0.00      0.00      0.00      0.00      0.00    100.00
05:14:33         11      0.00      0.00      0.00      0.00      0.00    100.00
05:14:33         12      0.00      0.00      0.00      0.00      0.00    100.00
05:14:33         13      0.00      0.00      0.00      0.00      0.00    100.00
05:14:33         14      0.00      0.00      0.00      0.00      0.00    100.00
05:14:33         15      0.00      0.00      0.00      0.00      0.00    100.00
05:14:33         16      0.00      0.00      0.00      0.00      0.00    100.00
05:14:33         17      0.00      0.00      0.00      0.00      0.00    100.00
05:14:33         18      0.00      0.00      0.00      0.00      0.00    100.00
05:14:33         19      0.00      0.00      0.00      0.00      0.00    100.00
05:14:33         20      0.00      0.00      0.00      0.00      0.00    100.00
05:14:33         21      0.00      0.00      0.00      0.00      0.00    100.00
05:14:33         22      1.00      0.00      0.00      0.00      0.00     99.00
05:14:33         23      0.00      0.00      0.00      0.00      0.00    100.00
05:14:33         24      0.00      0.00      0.00      0.00      0.00    100.00
05:14:33         25      0.00      0.00      0.00      0.00      0.00    100.00
05:14:33         26      1.00      0.00      0.00      0.00      0.00     99.00
05:14:33         27      0.00      0.00      0.00      0.00      0.00    100.00
05:14:33         28      0.00      0.00      0.00      0.00      0.00    100.00
05:14:33         29      0.00      0.00      0.00      0.00      0.00    100.00
05:14:33         30      0.00      0.00      0.00      0.00      0.00    100.00
05:14:33         31      0.00      0.00      0.00      0.00      0.00    100.00

05:14:33        CPU     %user     %nice   %system   %iowait    %steal     %idle
05:14:34        all      0.00      0.00      0.44      0.00      0.00     99.56
05:14:34          0      0.00      0.00      0.00      0.00      0.00    100.00
05:14:34          1      0.00      0.00      0.00      0.00      0.00    100.00
05:14:34          2      0.00      0.00      0.00      0.00      0.00    100.00
05:14:34          3      0.00      0.00      0.00      0.00      0.00    100.00
05:14:34          4      0.00      0.00     14.89      0.00      0.00     85.11
05:14:34          5      0.00      0.00      0.00      0.00      0.00    100.00
05:14:34          6      0.00      0.00      0.00      0.00      0.00    100.00
05:14:34          7      0.00      0.00      0.00      0.00      0.00    100.00
05:14:34          8      0.00      0.00      0.00      0.00      0.00    100.00
05:14:34          9      0.00      0.00      0.00      0.00      0.00    100.00
05:14:34         10      0.00      0.00      0.00      0.00      0.00    100.00
05:14:34         11      0.00      0.00      0.00      0.00      0.00    100.00
05:14:34         12      0.00      0.00      0.00      0.00      0.00    100.00
05:14:34         13      0.00      0.00      0.00      0.00      0.00    100.00
05:14:34         14      0.00      0.00      0.00      0.00      0.00    100.00
05:14:34         15      0.00      0.00      0.00      0.00      0.00    100.00
05:14:34         16      0.00      0.00      0.00      0.00      0.00    100.00
05:14:34         17      0.00      0.00      0.00      0.00      0.00    100.00
05:14:34         18      0.00      0.00      0.00      0.00      0.00    100.00
05:14:34         19      0.00      0.00      0.00      0.00      0.00    100.00
05:14:34         20      0.00      0.00      0.00      0.00      0.00    100.00
05:14:34         21      0.00      0.00      0.00      0.00      0.00    100.00
05:14:34         22      0.00      0.00      0.00      0.00      0.00    100.00
05:14:34         23      0.00      0.00      0.00      0.00      0.00    100.00
05:14:34         24      0.00      0.00      0.00      0.00      0.00    100.00
05:14:34         25      0.00      0.00      0.00      0.00      0.00    100.00
05:14:34         26      0.00      0.00      0.00      0.00      0.00    100.00
05:14:34         27      0.00      0.00      0.00      0.00      0.00    100.00
05:14:34         28      0.00      0.00      0.00      0.00      0.00    100.00
05:14:34         29      0.00      0.00      0.00      0.00      0.00    100.00
05:14:34         30      0.00      0.00      0.00      0.00      0.00    100.00
05:14:34         31      0.00      0.00      0.00      0.00      0.00    100.00

05:14:34        CPU     %user     %nice   %system   %iowait    %steal     %idle
05:14:35        all      0.03      0.00      0.50      0.00      0.00     99.47
05:14:35          0      0.00      0.00      0.00      0.00      0.00    100.00
05:14:35          1      0.00      0.00      0.00      0.00      0.00    100.00
05:14:35          2      0.00      0.00      0.00      0.00      0.00    100.00
05:14:35          3      0.00      0.00      0.00      0.00      0.00    100.00
05:14:35          4      0.00      0.00     16.67      0.00      0.00     83.33
05:14:35          5      0.00      0.00      0.00      0.00      0.00    100.00
05:14:35          6      0.00      0.00      0.00      0.00      0.00    100.00
05:14:35          7      0.00      0.00      0.00      0.00      0.00    100.00
05:14:35          8      0.00      0.00      0.00      0.00      0.00    100.00
05:14:35          9      0.00      0.00      0.00      0.00      0.00    100.00
05:14:35         10      0.00      0.00      0.00      0.00      0.00    100.00
05:14:35         11      0.00      0.00      0.00      0.00      0.00    100.00
05:14:35         12      0.00      0.00      0.00      0.00      0.00    100.00
05:14:35         13      0.00      0.00      0.00      0.00      0.00    100.00
05:14:35         14      0.00      0.00      0.00      0.00      0.00    100.00
05:14:35         15      0.00      0.00      0.00      0.00      0.00    100.00
05:14:35         16      0.00      0.00      0.00      0.00      0.00    100.00
05:14:35         17      0.00      0.00      0.00      0.00      0.00    100.00
05:14:35         18      0.00      0.00      0.00      0.00      0.00    100.00
05:14:35         19      0.00      0.00      0.00      0.00      0.00    100.00
05:14:35         20      0.00      0.00      0.00      0.00      0.00    100.00
05:14:35         21      0.00      0.00      0.00      0.00      0.00    100.00
05:14:35         22      0.00      0.00      0.00      0.00      0.00    100.00
05:14:35         23      0.00      0.00      0.00      0.00      0.00    100.00
05:14:35         24      0.00      0.00      0.00      0.00      0.00    100.00
05:14:35         25      0.00      0.00      0.00      0.00      0.00    100.00
05:14:35         26      1.00      0.00      0.00      0.00      0.00     99.00
05:14:35         27      0.00      0.00      0.00      0.00      0.00    100.00
05:14:35         28      0.00      0.00      0.00      0.00      0.00    100.00
05:14:35         29      0.00      0.00      0.00      0.00      0.00    100.00
05:14:35         30      0.00      0.00      0.00      0.00      0.00    100.00
05:14:35         31      0.00      0.00      0.00      0.00      0.00    100.00

05:14:35        CPU     %user     %nice   %system   %iowait    %steal     %idle
05:14:36        all      0.06      0.00      0.53      0.00      0.00     99.41
05:14:36          0      0.00      0.00      0.00      0.00      0.00    100.00
05:14:36          1      0.00      0.00      0.00      0.00      0.00    100.00
05:14:36          2      0.00      0.00      0.00      0.00      0.00    100.00
05:14:36          3      0.00      0.00      0.00      0.00      0.00    100.00
05:14:36          4      1.02      0.00     17.35      0.00      0.00     81.63
05:14:36          5      0.00      0.00      0.00      0.00      0.00    100.00
05:14:36          6      0.00      0.00      0.00      0.00      0.00    100.00
05:14:36          7      0.00      0.00      0.00      0.00      0.00    100.00
05:14:36          8      0.00      0.00      0.00      0.00      0.00    100.00
05:14:36          9      0.00      0.00      0.00      0.00      0.00    100.00
05:14:36         10      0.00      0.00      0.00      0.00      0.00    100.00
05:14:36         11      0.00      0.00      0.00      0.00      0.00    100.00
05:14:36         12      0.00      0.00      0.00      0.00      0.00    100.00
05:14:36         13      0.00      0.00      0.00      0.00      0.00    100.00
05:14:36         14      0.00      0.00      0.00      0.00      0.00    100.00
05:14:36         15      0.00      0.00      0.00      0.00      0.00    100.00
05:14:36         16      0.00      0.00      0.00      0.00      0.00    100.00
05:14:36         17      0.00      0.00      0.00      0.00      0.00    100.00
05:14:36         18      0.00      0.00      0.00      0.00      0.00    100.00
05:14:36         19      0.00      0.00      0.00      0.00      0.00    100.00
05:14:36         20      0.00      0.00      0.00      0.00      0.00    100.00
05:14:36         21      0.00      0.00      0.00      0.00      0.00    100.00
05:14:36         22      0.00      0.00      0.00      0.00      0.00    100.00
05:14:36         23      0.00      0.00      0.00      0.00      0.00    100.00
05:14:36         24      0.00      0.00      0.00      0.00      0.00    100.00
05:14:36         25      0.00      0.00      0.00      0.00      0.00    100.00
05:14:36         26      1.00      0.00      0.00      0.00      0.00     99.00
05:14:36         27      0.00      0.00      0.00      0.00      0.00    100.00
05:14:36         28      0.00      0.00      0.00      0.00      0.00    100.00
05:14:36         29      0.00      0.00      0.00      0.00      0.00    100.00
05:14:36         30      0.00      0.00      0.00      0.00      0.00    100.00
05:14:36         31      0.00      0.00      0.00      0.00      0.00    100.00

05:14:36        CPU     %user     %nice   %system   %iowait    %steal     %idle
05:14:37        all      0.16      0.00      0.59      0.00      0.00     99.25
05:14:37          0      0.00      0.00      0.00      0.00      0.00    100.00
05:14:37          1      0.00      0.00      0.00      0.00      0.00    100.00
05:14:37          2      0.00      0.00      0.00      0.00      0.00    100.00
05:14:37          3      0.00      0.00      0.00      0.00      0.00    100.00
05:14:37          4      0.00      0.00     17.53      0.00      0.00     82.47
05:14:37          5      0.00      0.00      0.00      0.00      0.00    100.00
05:14:37          6      0.00      0.00      0.00      0.00      0.00    100.00
05:14:37          7      0.00      0.00      0.00      0.00      0.00    100.00
05:14:37          8      0.00      0.00      0.00      0.00      0.00    100.00
05:14:37          9      0.00      0.00      0.00      0.00      0.00    100.00
05:14:37         10      0.00      0.00      0.00      0.00      0.00    100.00
05:14:37         11      0.00      0.00      0.00      0.00      0.00    100.00
05:14:37         12      0.00      0.00      0.00      0.00      0.00    100.00
05:14:37         13      0.00      0.00      0.00      0.00      0.00    100.00
05:14:37         14      0.00      0.00      0.00      0.00      0.00    100.00
05:14:37         15      0.00      0.00      0.00      0.00      0.00    100.00
05:14:37         16      0.00      0.00      0.00      0.00      0.00    100.00
05:14:37         17      0.00      0.00      0.00      0.00      0.00    100.00
05:14:37         18      0.00      0.00      0.00      0.00      0.00    100.00
05:14:37         19      0.00      0.00      0.99      0.00      0.00     99.01
05:14:37         20      0.00      0.00      0.00      0.00      0.00    100.00
05:14:37         21      0.00      0.00      0.00      0.00      0.00    100.00
05:14:37         22      0.00      0.00      0.00      0.00      0.00    100.00
05:14:37         23      1.00      0.00      0.00      0.00      0.00     99.00
05:14:37         24      2.00      0.00      1.00      0.00      0.00     97.00
05:14:37         25      1.00      0.00      0.00      0.00      0.00     99.00
05:14:37         26      1.00      0.00      0.00      0.00      0.00     99.00
05:14:37         27      0.00      0.00      0.00      0.00      0.00    100.00
05:14:37         28      0.00      0.00      0.00      0.00      0.00    100.00
05:14:37         29      0.00      0.00      0.00      0.00      0.00    100.00
05:14:37         30      0.00      0.00      0.00      0.00      0.00    100.00
05:14:37         31      0.00      0.00      0.00      0.00      0.00    100.00

05:14:37        CPU     %user     %nice   %system   %iowait    %steal     %idle
05:14:38        all      0.03      0.00      0.47      0.00      0.00     99.50
05:14:38          0      0.00      0.00      0.00      0.00      0.00    100.00
05:14:38          1      0.00      0.00      0.00      0.00      0.00    100.00
05:14:38          2      0.00      0.00      0.00      0.00      0.00    100.00
05:14:38          3      0.00      0.00      0.00      0.00      0.00    100.00
05:14:38          4      1.04      0.00     15.62      0.00      0.00     83.33
05:14:38          5      0.00      0.00      0.00      0.00      0.00    100.00
05:14:38          6      0.00      0.00      0.00      0.00      0.00    100.00
05:14:38          7      0.00      0.00      0.00      0.00      0.00    100.00
05:14:38          8      0.00      0.00      0.00      0.00      0.00    100.00
05:14:38          9      0.00      0.00      0.00      0.00      0.00    100.00
05:14:38         10      0.00      0.00      0.00      0.00      0.00    100.00
05:14:38         11      0.00      0.00      0.00      0.00      0.00    100.00
05:14:38         12      0.00      0.00      0.00      0.00      0.00    100.00
05:14:38         13      0.00      0.00      0.00      0.00      0.00    100.00
05:14:38         14      0.00      0.00      0.00      0.00      0.00    100.00
05:14:38         15      0.00      0.00      0.00      0.00      0.00    100.00
05:14:38         16      0.00      0.00      0.00      0.00      0.00    100.00
05:14:38         17      0.00      0.00      0.00      0.00      0.00    100.00
05:14:38         18      0.00      0.00      0.00      0.00      0.00    100.00
05:14:38         19      0.00      0.00      0.00      0.00      0.00    100.00
05:14:38         20      0.00      0.00      0.00      0.00      0.00    100.00
05:14:38         21      0.00      0.00      0.00      0.00      0.00    100.00
05:14:38         22      0.00      0.00      0.00      0.00      0.00    100.00
05:14:38         23      0.00      0.00      0.00      0.00      0.00    100.00
05:14:38         24      0.00      0.00      0.00      0.00      0.00    100.00
05:14:38         25      0.00      0.00      0.00      0.00      0.00    100.00
05:14:38         26      0.00      0.00      0.00      0.00      0.00    100.00
05:14:38         27      0.00      0.00      0.00      0.00      0.00    100.00
05:14:38         28      0.00      0.00      0.00      0.00      0.00    100.00
05:14:38         29      0.00      0.00      0.00      0.00      0.00    100.00
05:14:38         30      0.00      0.00      0.00      0.00      0.00    100.00
05:14:38         31      0.00      0.00      0.00      0.00      0.00    100.00

05:14:38        CPU     %user     %nice   %system   %iowait    %steal     %idle
05:14:39        all      0.06      0.00      0.50      0.00      0.00     99.44
05:14:39          0      0.00      0.00      0.00      0.00      0.00    100.00
05:14:39          1      0.00      0.00      0.00      0.00      0.00    100.00
05:14:39          2      0.00      0.00      0.00      0.00      0.00    100.00
05:14:39          3      0.00      0.00      0.00      0.00      0.00    100.00
05:14:39          4      1.03      0.00     16.49      0.00      0.00     82.47
05:14:39          5      0.00      0.00      0.00      0.00      0.00    100.00
05:14:39          6      0.00      0.00      0.00      0.00      0.00    100.00
05:14:39          7      0.00      0.00      0.00      0.00      0.00    100.00
05:14:39          8      0.00      0.00      0.00      0.00      0.00    100.00
05:14:39          9      0.00      0.00      0.00      0.00      0.00    100.00
05:14:39         10      0.00      0.00      0.00      0.00      0.00    100.00
05:14:39         11      0.00      0.00      0.00      0.00      0.00    100.00
05:14:39         12      0.00      0.00      0.00      0.00      0.00    100.00
05:14:39         13      0.00      0.00      0.00      0.00      0.00    100.00
05:14:39         14      0.00      0.00      0.00      0.00      0.00    100.00
05:14:39         15      0.00      0.00      0.00      0.00      0.00    100.00
05:14:39         16      0.00      0.00      0.00      0.00      0.00    100.00
05:14:39         17      0.00      0.00      0.00      0.00      0.00    100.00
05:14:39         18      0.00      0.00      0.00      0.00      0.00    100.00
05:14:39         19      0.00      0.00      0.00      0.00      0.00    100.00
05:14:39         20      0.00      0.00      0.00      0.00      0.00    100.00
05:14:39         21      0.00      0.00      0.00      0.00      0.00    100.00
05:14:39         22      0.00      0.00      0.00      0.00      0.00    100.00
05:14:39         23      0.00      0.00      0.00      0.00      0.00    100.00
05:14:39         24      0.00      0.00      0.00      0.00      0.00    100.00
05:14:39         25      0.00      0.00      0.00      0.00      0.00    100.00
05:14:39         26      1.00      0.00      0.00      0.00      0.00     99.00
05:14:39         27      0.00      0.00      0.00      0.00      0.00    100.00
05:14:39         28      0.00      0.00      0.00      0.00      0.00    100.00
05:14:39         29      0.00      0.00      0.00      0.00      0.00    100.00
05:14:39         30      0.00      0.00      0.00      0.00      0.00    100.00
05:14:39         31      0.00      0.00      0.00      0.00      0.00    100.00

05:14:39        CPU     %user     %nice   %system   %iowait    %steal     %idle
05:14:40        all      0.00      0.00      0.44      0.00      0.00     99.56
05:14:40          0      0.00      0.00      0.00      0.00      0.00    100.00
05:14:40          1      0.00      0.00      0.00      0.00      0.00    100.00
05:14:40          2      0.00      0.00      0.00      0.00      0.00    100.00
05:14:40          3      0.00      0.00      0.00      0.00      0.00    100.00
05:14:40          4      0.00      0.00     14.74      0.00      0.00     85.26
05:14:40          5      0.00      0.00      0.00      0.00      0.00    100.00
05:14:40          6      0.00      0.00      0.00      0.00      0.00    100.00
05:14:40          7      0.00      0.00      0.00      0.00      0.00    100.00
05:14:40          8      0.00      0.00      0.00      0.00      0.00    100.00
05:14:40          9      0.00      0.00      0.00      0.00      0.00    100.00
05:14:40         10      0.00      0.00      0.00      0.00      0.00    100.00
05:14:40         11      0.00      0.00      0.00      0.00      0.00    100.00
05:14:40         12      0.00      0.00      0.00      0.00      0.00    100.00
05:14:40         13      0.00      0.00      0.00      0.00      0.00    100.00
05:14:40         14      0.00      0.00      0.00      0.00      0.00    100.00
05:14:40         15      0.00      0.00      0.00      0.00      0.00    100.00
05:14:40         16      0.00      0.00      0.00      0.00      0.00    100.00
05:14:40         17      0.00      0.00      0.00      0.00      0.00    100.00
05:14:40         18      0.00      0.00      0.00      0.00      0.00    100.00
05:14:40         19      0.00      0.00      0.00      0.00      0.00    100.00
05:14:40         20      0.00      0.00      0.00      0.00      0.00    100.00
05:14:40         21      0.00      0.00      0.00      0.00      0.00    100.00
05:14:40         22      0.00      0.00      0.00      0.00      0.00    100.00
05:14:40         23      0.00      0.00      0.00      0.00      0.00    100.00
05:14:40         24      0.00      0.00      0.00      0.00      0.00    100.00
05:14:40         25      0.00      0.00      0.00      0.00      0.00    100.00
05:14:40         26      0.00      0.00      0.00      0.00      0.00    100.00
05:14:40         27      0.00      0.00      0.00      0.00      0.00    100.00
05:14:40         28      0.00      0.00      0.00      0.00      0.00    100.00
05:14:40         29      0.00      0.00      0.00      0.00      0.00    100.00
05:14:40         30      0.00      0.00      0.00      0.00      0.00    100.00
05:14:40         31      0.00      0.00      0.00      0.00      0.00    100.00

05:14:40        CPU     %user     %nice   %system   %iowait    %steal     %idle
05:14:41        all      0.03      0.00      0.47      0.00      0.00     99.50
05:14:41          0      0.00      0.00      0.99      0.00      0.00     99.01
05:14:41          1      0.00      0.00      0.00      0.00      0.00    100.00
05:14:41          2      0.00      0.00      0.00      0.00      0.00    100.00
05:14:41          3      0.00      0.00      0.00      0.00      0.00    100.00
05:14:41          4      0.00      0.00     13.98      0.00      0.00     86.02
05:14:41          5      0.00      0.00      0.00      0.00      0.00    100.00
05:14:41          6      0.00      0.00      0.00      0.00      0.00    100.00
05:14:41          7      0.00      0.00      0.00      0.00      0.00    100.00
05:14:41          8      0.00      0.00      0.00      0.00      0.00    100.00
05:14:41          9      0.00      0.00      0.00      0.00      0.00    100.00
05:14:41         10      0.00      0.00      0.00      0.00      0.00    100.00
05:14:41         11      0.00      0.00      0.00      0.00      0.00    100.00
05:14:41         12      0.00      0.00      0.00      0.00      0.00    100.00
05:14:41         13      0.00      0.00      0.00      0.00      0.00    100.00
05:14:41         14      0.00      0.00      0.00      0.00      0.00    100.00
05:14:41         15      0.00      0.00      0.00      0.00      0.00    100.00
05:14:41         16      0.00      0.00      0.00      0.00      0.00    100.00
05:14:41         17      0.00      0.00      0.00      0.00      0.00    100.00
05:14:41         18      0.00      0.00      0.00      0.00      0.00    100.00
05:14:41         19      0.00      0.00      0.00      0.00      0.00    100.00
05:14:41         20      0.00      0.00      0.00      0.00      0.00    100.00
05:14:41         21      0.00      0.00      0.00      0.00      0.00    100.00
05:14:41         22      0.00      0.00      0.00      0.00      0.00    100.00
05:14:41         23      0.00      0.00      0.00      0.00      0.00    100.00
05:14:41         24      0.00      0.00      0.00      0.00      0.00    100.00
05:14:41         25      0.00      0.00      0.00      0.00      0.00    100.00
05:14:41         26      0.98      0.00      0.98      0.00      0.00     98.04
05:14:41         27      0.00      0.00      0.00      0.00      0.00    100.00
05:14:41         28      0.00      0.00      0.00      0.00      0.00    100.00
05:14:41         29      0.00      0.00      0.00      0.00      0.00    100.00
05:14:41         30      0.00      0.00      0.00      0.00      0.00    100.00
05:14:41         31      0.00      0.00      0.00      0.00      0.00    100.00

05:14:41        CPU     %user     %nice   %system   %iowait    %steal     %idle
05:14:42        all      0.03      0.00      0.50      0.00      0.00     99.47
05:14:42          0      0.00      0.00      0.00      0.00      0.00    100.00
05:14:42          1      0.00      0.00      0.00      0.00      0.00    100.00
05:14:42          2      0.00      0.00      0.00      0.00      0.00    100.00
05:14:42          3      0.00      0.00      0.00      0.00      0.00    100.00
05:14:42          4      0.00      0.00     15.79      0.00      0.00     84.21
05:14:42          5      0.00      0.00      0.00      0.00      0.00    100.00
05:14:42          6      0.00      0.00      0.00      0.00      0.00    100.00
05:14:42          7      0.00      0.00      0.00      0.00      0.00    100.00
05:14:42          8      0.00      0.00      0.00      0.00      0.00    100.00
05:14:42          9      0.00      0.00      0.00      0.00      0.00    100.00
05:14:42         10      0.00      0.00      0.00      0.00      0.00    100.00
05:14:42         11      0.00      0.00      0.00      0.00      0.00    100.00
05:14:42         12      0.00      0.00      0.00      0.00      0.00    100.00
05:14:42         13      0.00      0.00      0.00      0.00      0.00    100.00
05:14:42         14      0.00      0.00      0.00      0.00      0.00    100.00
05:14:42         15      0.00      0.00      0.00      0.00      0.00    100.00
05:14:42         16      0.00      0.00      0.00      0.00      0.00    100.00
05:14:42         17      0.00      0.00      0.00      0.00      0.00    100.00
05:14:42         18      0.00      0.00      0.00      0.00      0.00    100.00
05:14:42         19      0.00      0.00      0.00      0.00      0.00    100.00
05:14:42         20      0.00      0.00      0.00      0.00      0.00    100.00
05:14:42         21      0.00      0.00      0.00      0.00      0.00    100.00
05:14:42         22      0.00      0.00      0.00      0.00      0.00    100.00
05:14:42         23      0.00      0.00      0.00      0.00      0.00    100.00
05:14:42         24      0.00      0.00      0.00      0.00      0.00    100.00
05:14:42         25      0.00      0.00      0.00      0.00      0.00    100.00
05:14:42         26      1.00      0.00      0.00      0.00      0.00     99.00
05:14:42         27      0.00      0.00      0.99      0.00      0.00     99.01
05:14:42         28      0.00      0.00      0.00      0.00      0.00    100.00
05:14:42         29      0.00      0.00      0.00      0.00      0.00    100.00
05:14:42         30      0.00      0.00      0.00      0.00      0.00    100.00
05:14:42         31      0.00      0.00      0.00      0.00      0.00    100.00

05:14:42        CPU     %user     %nice   %system   %iowait    %steal     %idle
05:14:43        all      0.09      0.00      0.50      0.00      0.00     99.40
05:14:43          0      0.00      0.00      0.00      0.00      0.00    100.00
05:14:43          1      0.00      0.00      0.00      0.00      0.00    100.00
05:14:43          2      0.00      0.00      0.00      0.00      0.00    100.00
05:14:43          3      0.00      0.00      0.00      0.00      0.00    100.00
05:14:43          4      1.04      0.00     15.62      0.00      0.00     83.33
05:14:43          5      0.00      0.00      0.00      0.00      0.00    100.00
05:14:43          6      0.00      0.00      0.00      0.00      0.00    100.00
05:14:43          7      0.00      0.00      0.00      0.00      0.00    100.00
05:14:43          8      0.00      0.00      0.00      0.00      0.00    100.00
05:14:43          9      0.00      0.00      0.00      0.00      0.00    100.00
05:14:43         10      0.00      0.00      0.00      0.00      0.00    100.00
05:14:43         11      0.00      0.00      0.00      0.00      0.00    100.00
05:14:43         12      0.00      0.00      0.00      0.00      0.00    100.00
05:14:43         13      0.00      0.00      0.00      0.00      0.00    100.00
05:14:43         14      0.00      0.00      0.00      0.00      0.00    100.00
05:14:43         15      0.00      0.00      0.00      0.00      0.00    100.00
05:14:43         16      0.00      0.00      0.00      0.00      0.00    100.00
05:14:43         17      0.00      0.00      0.00      0.00      0.00    100.00
05:14:43         18      0.00      0.00      0.00      0.00      0.00    100.00
05:14:43         19      0.00      0.00      0.00      0.00      0.00    100.00
05:14:43         20      0.00      0.00      0.00      0.00      0.00    100.00
05:14:43         21      0.99      0.00      0.99      0.00      0.00     98.02
05:14:43         22      1.00      0.00      0.00      0.00      0.00     99.00
05:14:43         23      0.00      0.00      0.00      0.00      0.00    100.00
05:14:43         24      0.00      0.00      0.00      0.00      0.00    100.00
05:14:43         25      0.00      0.00      0.00      0.00      0.00    100.00
05:14:43         26      0.00      0.00      0.00      0.00      0.00    100.00
05:14:43         27      0.00      0.00      0.00      0.00      0.00    100.00
05:14:43         28      0.00      0.00      0.00      0.00      0.00    100.00
05:14:43         29      0.00      0.00      0.00      0.00      0.00    100.00
05:14:43         30      0.00      0.00      0.00      0.00      0.00    100.00
05:14:43         31      0.00      0.00      0.00      0.00      0.00    100.00

05:14:43        CPU     %user     %nice   %system   %iowait    %steal     %idle
05:14:44        all      0.06      0.00      0.56      0.00      0.00     99.37
05:14:44          0      0.00      0.00      0.00      0.00      0.00    100.00
05:14:44          1      0.00      0.00      0.00      0.00      0.00    100.00
05:14:44          2      0.00      0.00      0.00      0.00      0.00    100.00
05:14:44          3      0.00      0.00      0.00      0.00      0.00    100.00
05:14:44          4      0.00      0.00     18.37      0.00      0.00     81.63
05:14:44          5      0.00      0.00      0.00      0.00      0.00    100.00
05:14:44          6      0.00      0.00      0.00      0.00      0.00    100.00
05:14:44          7      0.00      0.00      0.00      0.00      0.00    100.00
05:14:44          8      0.00      0.00      0.00      0.00      0.00    100.00
05:14:44          9      0.00      0.00      0.00      0.00      0.00    100.00
05:14:44         10      0.00      0.00      0.00      0.00      0.00    100.00
05:14:44         11      0.00      0.00      0.00      0.00      0.00    100.00
05:14:44         12      0.00      0.00      0.00      0.00      0.00    100.00
05:14:44         13      0.00      0.00      0.00      0.00      0.00    100.00
05:14:44         14      0.00      0.00      0.00      0.00      0.00    100.00
05:14:44         15      0.99      0.00      0.00      0.00      0.00     99.01
05:14:44         16      0.00      0.00      0.00      0.00      0.00    100.00
05:14:44         17      0.00      0.00      0.00      0.00      0.00    100.00
05:14:44         18      0.00      0.00      0.00      0.00      0.00    100.00
05:14:44         19      0.00      0.00      0.00      0.00      0.00    100.00
05:14:44         20      0.00      0.00      0.00      0.00      0.00    100.00
05:14:44         21      0.00      0.00      0.00      0.00      0.00    100.00
05:14:44         22      0.00      0.00      0.00      0.00      0.00    100.00
05:14:44         23      0.00      0.00      0.00      0.00      0.00    100.00
05:14:44         24      0.00      0.00      0.00      0.00      0.00    100.00
05:14:44         25      0.00      0.00      0.00      0.00      0.00    100.00
05:14:44         26      1.00      0.00      0.00      0.00      0.00     99.00
05:14:44         27      0.00      0.00      0.00      0.00      0.00    100.00
05:14:44         28      0.00      0.00      0.00      0.00      0.00    100.00
05:14:44         29      0.00      0.00      0.00      0.00      0.00    100.00
05:14:44         30      0.00      0.00      0.00      0.00      0.00    100.00
05:14:44         31      0.00      0.00      0.00      0.00      0.00    100.00

05:14:44        CPU     %user     %nice   %system   %iowait    %steal     %idle
05:14:45        all      0.03      0.00      0.34      0.00      0.00     99.62
05:14:45          0      0.00      0.00      0.00      0.00      0.00    100.00
05:14:45          1      0.00      0.00      0.00      0.00      0.00    100.00
05:14:45          2      0.00      0.00      0.00      0.00      0.00    100.00
05:14:45          3      0.00      0.00      0.00      0.00      0.00    100.00
05:14:45          4      0.00      0.00     12.09      0.00      0.00     87.91
05:14:45          5      0.00      0.00      0.00      0.00      0.00    100.00
05:14:45          6      0.00      0.00      0.00      0.00      0.00    100.00
05:14:45          7      0.00      0.00      0.00      0.00      0.00    100.00
05:14:45          8      0.00      0.00      0.00      0.00      0.00    100.00
05:14:45          9      0.00      0.00      0.00      0.00      0.00    100.00
05:14:45         10      0.00      0.00      0.00      0.00      0.00    100.00
05:14:45         11      0.00      0.00      0.00      0.00      0.00    100.00
05:14:45         12      0.00      0.00      0.00      0.00      0.00    100.00
05:14:45         13      0.00      0.00      0.00      0.00      0.00    100.00
05:14:45         14      0.00      0.00      0.00      0.00      0.00    100.00
05:14:45         15      0.00      0.00      0.00      0.00      0.00    100.00
05:14:45         16      0.00      0.00      0.00      0.00      0.00    100.00
05:14:45         17      0.00      0.00      0.00      0.00      0.00    100.00
05:14:45         18      0.00      0.00      0.00      0.00      0.00    100.00
05:14:45         19      0.00      0.00      0.00      0.00      0.00    100.00
05:14:45         20      0.00      0.00      0.00      0.00      0.00    100.00
05:14:45         21      0.00      0.00      0.00      0.00      0.00    100.00
05:14:45         22      0.00      0.00      0.00      0.00      0.00    100.00
05:14:45         23      0.00      0.00      0.00      0.00      0.00    100.00
05:14:45         24      0.00      0.00      0.00      0.00      0.00    100.00
05:14:45         25      0.00      0.00      0.00      0.00      0.00    100.00
05:14:45         26      1.00      0.00      0.00      0.00      0.00     99.00
05:14:45         27      0.00      0.00      0.00      0.00      0.00    100.00
05:14:45         28      0.00      0.00      0.00      0.00      0.00    100.00
05:14:45         29      0.00      0.00      0.00      0.00      0.00    100.00
05:14:45         30      0.00      0.00      0.00      0.00      0.00    100.00
05:14:45         31      0.00      0.00      0.00      0.00      0.00    100.00

05:14:45        CPU     %user     %nice   %system   %iowait    %steal     %idle
05:14:46        all      0.03      0.00      0.47      0.00      0.00     99.50
05:14:46          0      0.00      0.00      0.00      0.00      0.00    100.00
05:14:46          1      0.00      0.00      0.00      0.00      0.00    100.00
05:14:46          2      0.00      0.00      0.00      0.00      0.00    100.00
05:14:46          3      0.00      0.00      0.00      0.00      0.00    100.00
05:14:46          4      0.00      0.00     14.89      0.00      0.00     85.11
05:14:46          5      0.00      0.00      0.00      0.00      0.00    100.00
05:14:46          6      0.00      0.00      0.00      0.00      0.00    100.00
05:14:46          7      0.00      0.00      0.00      0.00      0.00    100.00
05:14:46          8      0.00      0.00      0.00      0.00      0.00    100.00
05:14:46          9      0.00      0.00      0.00      0.00      0.00    100.00
05:14:46         10      0.00      0.00      0.00      0.00      0.00    100.00
05:14:46         11      0.00      0.00      0.00      0.00      0.00    100.00
05:14:46         12      0.00      0.00      0.00      0.00      0.00    100.00
05:14:46         13      0.00      0.00      0.00      0.00      0.00    100.00
05:14:46         14      0.00      0.00      0.00      0.00      0.00    100.00
05:14:46         15      0.00      0.00      0.99      0.00      0.00     99.01
05:14:46         16      0.00      0.00      0.00      0.00      0.00    100.00
05:14:46         17      0.00      0.00      0.00      0.00      0.00    100.00
05:14:46         18      0.00      0.00      0.00      0.00      0.00    100.00
05:14:46         19      0.00      0.00      0.00      0.00      0.00    100.00
05:14:46         20      0.00      0.00      0.00      0.00      0.00    100.00
05:14:46         21      0.00      0.00      0.00      0.00      0.00    100.00
05:14:46         22      0.00      0.00      0.00      0.00      0.00    100.00
05:14:46         23      0.00      0.00      0.00      0.00      0.00    100.00
05:14:46         24      0.00      0.00      0.00      0.00      0.00    100.00
05:14:46         25      0.00      0.00      0.00      0.00      0.00    100.00
05:14:46         26      1.00      0.00      0.00      0.00      0.00     99.00
05:14:46         27      0.00      0.00      0.00      0.00      0.00    100.00
05:14:46         28      0.00      0.00      0.00      0.00      0.00    100.00
05:14:46         29      0.00      0.00      0.00      0.00      0.00    100.00
05:14:46         30      0.00      0.00      0.00      0.00      0.00    100.00
05:14:46         31      0.00      0.00      0.00      0.00      0.00    100.00

05:14:46        CPU     %user     %nice   %system   %iowait    %steal     %idle
05:14:47        all      0.03      0.00      0.50      0.00      0.00     99.47
05:14:47          0      0.00      0.00      0.00      0.00      0.00    100.00
05:14:47          1      0.00      0.00      0.00      0.00      0.00    100.00
05:14:47          2      0.00      0.00      0.00      0.00      0.00    100.00
05:14:47          3      0.00      0.00      0.00      0.00      0.00    100.00
05:14:47          4      0.00      0.00     16.67      0.00      0.00     83.33
05:14:47          5      0.00      0.00      0.00      0.00      0.00    100.00
05:14:47          6      0.00      0.00      0.00      0.00      0.00    100.00
05:14:47          7      0.00      0.00      0.00      0.00      0.00    100.00
05:14:47          8      0.00      0.00      0.00      0.00      0.00    100.00
05:14:47          9      0.00      0.00      0.00      0.00      0.00    100.00
05:14:47         10      0.00      0.00      0.00      0.00      0.00    100.00
05:14:47         11      0.00      0.00      0.00      0.00      0.00    100.00
05:14:47         12      0.00      0.00      0.00      0.00      0.00    100.00
05:14:47         13      0.00      0.00      0.00      0.00      0.00    100.00
05:14:47         14      0.00      0.00      0.00      0.00      0.00    100.00
05:14:47         15      0.00      0.00      0.00      0.00      0.00    100.00
05:14:47         16      0.00      0.00      0.00      0.00      0.00    100.00
05:14:47         17      0.00      0.00      0.00      0.00      0.00    100.00
05:14:47         18      0.00      0.00      0.00      0.00      0.00    100.00
05:14:47         19      0.00      0.00      0.00      0.00      0.00    100.00
05:14:47         20      0.00      0.00      0.00      0.00      0.00    100.00
05:14:47         21      0.00      0.00      0.00      0.00      0.00    100.00
05:14:47         22      0.00      0.00      0.00      0.00      0.00    100.00
05:14:47         23      0.00      0.00      0.00      0.00      0.00    100.00
05:14:47         24      0.00      0.00      0.00      0.00      0.00    100.00
05:14:47         25      0.00      0.00      0.00      0.00      0.00    100.00
05:14:47         26      1.00      0.00      0.00      0.00      0.00     99.00
05:14:47         27      0.00      0.00      0.00      0.00      0.00    100.00
05:14:47         28      0.00      0.00      0.00      0.00      0.00    100.00
05:14:47         29      0.00      0.00      0.00      0.00      0.00    100.00
05:14:47         30      0.00      0.00      0.00      0.00      0.00    100.00
05:14:47         31      0.00      0.00      0.00      0.00      0.00    100.00

05:14:47        CPU     %user     %nice   %system   %iowait    %steal     %idle
05:14:48        all      0.06      0.00      0.41      0.00      0.00     99.53
05:14:48          0      0.00      0.00      0.00      0.00      0.00    100.00
05:14:48          1      0.00      0.00      0.00      0.00      0.00    100.00
05:14:48          2      0.00      0.00      0.00      0.00      0.00    100.00
05:14:48          3      0.00      0.00      0.00      0.00      0.00    100.00
05:14:48          4      1.06      0.00     13.83      0.00      0.00     85.11
05:14:48          5      0.00      0.00      0.00      0.00      0.00    100.00
05:14:48          6      0.00      0.00      0.00      0.00      0.00    100.00
05:14:48          7      0.00      0.00      0.00      0.00      0.00    100.00
05:14:48          8      0.00      0.00      0.00      0.00      0.00    100.00
05:14:48          9      0.00      0.00      0.00      0.00      0.00    100.00
05:14:48         10      0.00      0.00      0.00      0.00      0.00    100.00
05:14:48         11      0.00      0.00      0.00      0.00      0.00    100.00
05:14:48         12      0.00      0.00      0.00      0.00      0.00    100.00
05:14:48         13      0.00      0.00      0.00      0.00      0.00    100.00
05:14:48         14      0.00      0.00      0.00      0.00      0.00    100.00
05:14:48         15      0.00      0.00      0.00      0.00      0.00    100.00
05:14:48         16      0.00      0.00      0.00      0.00      0.00    100.00
05:14:48         17      0.00      0.00      0.00      0.00      0.00    100.00
05:14:48         18      0.00      0.00      0.00      0.00      0.00    100.00
05:14:48         19      0.00      0.00      0.00      0.00      0.00    100.00
05:14:48         20      0.00      0.00      0.00      0.00      0.00    100.00
05:14:48         21      0.00      0.00      0.00      0.00      0.00    100.00
05:14:48         22      0.00      0.00      0.00      0.00      0.00    100.00
05:14:48         23      0.00      0.00      0.00      0.00      0.00    100.00
05:14:48         24      0.00      0.00      0.00      0.00      0.00    100.00
05:14:48         25      0.00      0.00      0.00      0.00      0.00    100.00
05:14:48         26      1.00      0.00      0.00      0.00      0.00     99.00
05:14:48         27      0.00      0.00      0.00      0.00      0.00    100.00
05:14:48         28      0.00      0.00      0.00      0.00      0.00    100.00
05:14:48         29      0.00      0.00      0.00      0.00      0.00    100.00
05:14:48         30      0.00      0.00      0.00      0.00      0.00    100.00
05:14:48         31      0.00      0.00      0.00      0.00      0.00    100.00

05:14:48        CPU     %user     %nice   %system   %iowait    %steal     %idle
05:14:49        all      0.06      0.00      0.56      0.00      0.00     99.37
05:14:49          0      0.00      0.00      0.00      0.00      0.00    100.00
05:14:49          1      0.00      0.00      0.00      0.00      0.00    100.00
05:14:49          2      0.00      0.00      0.00      0.00      0.00    100.00
05:14:49          3      0.00      0.00      0.00      0.00      0.00    100.00
05:14:49          4      0.00      0.00     16.67      0.00      0.00     83.33
05:14:49          5      0.00      0.00      0.00      0.00      0.00    100.00
05:14:49          6      0.00      0.00      0.00      0.00      0.00    100.00
05:14:49          7      0.00      0.00      0.00      0.00      0.00    100.00
05:14:49          8      0.00      0.00      0.00      0.00      0.00    100.00
05:14:49          9      0.00      0.00      0.00      0.00      0.00    100.00
05:14:49         10      0.00      0.00      0.00      0.00      0.00    100.00
05:14:49         11      0.00      0.00      0.00      0.00      0.00    100.00
05:14:49         12      0.00      0.00      0.00      0.00      0.00    100.00
05:14:49         13      0.00      0.00      0.00      0.00      0.00    100.00
05:14:49         14      0.00      0.00      0.00      0.00      0.00    100.00
05:14:49         15      0.99      0.00      0.00      0.00      0.00     99.01
05:14:49         16      0.00      0.00      0.00      0.00      0.00    100.00
05:14:49         17      0.00      0.00      0.00      0.00      0.00    100.00
05:14:49         18      0.00      0.00      0.00      0.00      0.00    100.00
05:14:49         19      0.00      0.00      0.99      0.00      0.00     99.01
05:14:49         20      0.00      0.00      0.00      0.00      0.00    100.00
05:14:49         21      0.00      0.00      0.00      0.00      0.00    100.00
05:14:49         22      0.00      0.00      0.00      0.00      0.00    100.00
05:14:49         23      0.00      0.00      0.00      0.00      0.00    100.00
05:14:49         24      0.00      0.00      0.00      0.00      0.00    100.00
05:14:49         25      0.00      0.00      0.00      0.00      0.00    100.00
05:14:49         26      1.00      0.00      0.00      0.00      0.00     99.00
05:14:49         27      0.00      0.00      0.99      0.00      0.00     99.01
05:14:49         28      0.00      0.00      0.00      0.00      0.00    100.00
05:14:49         29      0.00      0.00      0.00      0.00      0.00    100.00
05:14:49         30      0.00      0.00      0.00      0.00      0.00    100.00
05:14:49         31      0.00      0.00      0.00      0.00      0.00    100.00

05:14:49        CPU     %user     %nice   %system   %iowait    %steal     %idle
05:14:50        all      0.03      0.00      0.47      0.00      0.00     99.50
05:14:50          0      0.00      0.00      0.00      0.00      0.00    100.00
05:14:50          1      0.00      0.00      0.00      0.00      0.00    100.00
05:14:50          2      0.00      0.00      0.00      0.00      0.00    100.00
05:14:50          3      0.00      0.00      0.00      0.00      0.00    100.00
05:14:50          4      0.00      0.00     14.74      0.00      0.00     85.26
05:14:50          5      0.00      0.00      0.99      0.00      0.00     99.01
05:14:50          6      0.00      0.00      0.00      0.00      0.00    100.00
05:14:50          7      0.00      0.00      0.00      0.00      0.00    100.00
05:14:50          8      0.00      0.00      0.00      0.00      0.00    100.00
05:14:50          9      0.00      0.00      0.00      0.00      0.00    100.00
05:14:50         10      0.00      0.00      0.00      0.00      0.00    100.00
05:14:50         11      0.00      0.00      0.00      0.00      0.00    100.00
05:14:50         12      0.00      0.00      0.00      0.00      0.00    100.00
05:14:50         13      0.00      0.00      0.00      0.00      0.00    100.00
05:14:50         14      0.00      0.00      0.00      0.00      0.00    100.00
05:14:50         15      0.00      0.00      0.00      0.00      0.00    100.00
05:14:50         16      0.00      0.00      0.00      0.00      0.00    100.00
05:14:50         17      0.00      0.00      0.00      0.00      0.00    100.00
05:14:50         18      0.00      0.00      0.00      0.00      0.00    100.00
05:14:50         19      0.00      0.00      0.00      0.00      0.00    100.00
05:14:50         20      0.00      0.00      0.00      0.00      0.00    100.00
05:14:50         21      0.00      0.00      0.00      0.00      0.00    100.00
05:14:50         22      0.00      0.00      0.00      0.00      0.00    100.00
05:14:50         23      0.00      0.00      0.00      0.00      0.00    100.00
05:14:50         24      0.00      0.00      0.00      0.00      0.00    100.00
05:14:50         25      0.00      0.00      0.00      0.00      0.00    100.00
05:14:50         26      1.00      0.00      0.00      0.00      0.00     99.00
05:14:50         27      0.00      0.00      0.00      0.00      0.00    100.00
05:14:50         28      0.00      0.00      0.00      0.00      0.00    100.00
05:14:50         29      0.00      0.00      0.00      0.00      0.00    100.00
05:14:50         30      0.00      0.00      0.00      0.00      0.00    100.00
05:14:50         31      0.00      0.00      0.00      0.00      0.00    100.00

05:14:50        CPU     %user     %nice   %system   %iowait    %steal     %idle
05:14:51        all      0.03      0.00      0.47      0.00      0.00     99.50
05:14:51          0      0.00      0.00      0.00      0.00      0.00    100.00
05:14:51          1      0.00      0.00      0.00      0.00      0.00    100.00
05:14:51          2      0.00      0.00      0.00      0.00      0.00    100.00
05:14:51          3      0.00      0.00      0.00      0.00      0.00    100.00
05:14:51          4      0.00      0.00     15.79      0.00      0.00     84.21
05:14:51          5      0.00      0.00      0.00      0.00      0.00    100.00
05:14:51          6      0.00      0.00      0.00      0.00      0.00    100.00
05:14:51          7      0.00      0.00      0.00      0.00      0.00    100.00
05:14:51          8      0.00      0.00      0.00      0.00      0.00    100.00
05:14:51          9      0.00      0.00      0.00      0.00      0.00    100.00
05:14:51         10      0.00      0.00      0.00      0.00      0.00    100.00
05:14:51         11      0.00      0.00      0.00      0.00      0.00    100.00
05:14:51         12      0.00      0.00      0.00      0.00      0.00    100.00
05:14:51         13      0.00      0.00      0.00      0.00      0.00    100.00
05:14:51         14      0.00      0.00      0.00      0.00      0.00    100.00
05:14:51         15      0.00      0.00      0.00      0.00      0.00    100.00
05:14:51         16      0.00      0.00      0.00      0.00      0.00    100.00
05:14:51         17      0.00      0.00      0.00      0.00      0.00    100.00
05:14:51         18      0.00      0.00      0.00      0.00      0.00    100.00
05:14:51         19      0.00      0.00      0.00      0.00      0.00    100.00
05:14:51         20      0.00      0.00      0.00      0.00      0.00    100.00
05:14:51         21      0.00      0.00      0.00      0.00      0.00    100.00
05:14:51         22      0.00      0.00      0.00      0.00      0.00    100.00
05:14:51         23      0.00      0.00      0.00      0.00      0.00    100.00
05:14:51         24      0.00      0.00      0.00      0.00      0.00    100.00
05:14:51         25      0.00      0.00      0.00      0.00      0.00    100.00
05:14:51         26      1.00      0.00      0.00      0.00      0.00     99.00
05:14:51         27      0.00      0.00      0.00      0.00      0.00    100.00
05:14:51         28      0.00      0.00      0.00      0.00      0.00    100.00
05:14:51         29      0.00      0.00      0.00      0.00      0.00    100.00
05:14:51         30      0.00      0.00      0.00      0.00      0.00    100.00
05:14:51         31      0.00      0.00      0.00      0.00      0.00    100.00

05:14:51        CPU     %user     %nice   %system   %iowait    %steal     %idle
05:14:52        all      0.03      0.00      0.47      0.00      0.00     99.50
05:14:52          0      0.00      0.00      0.00      0.00      0.00    100.00
05:14:52          1      0.00      0.00      0.00      0.00      0.00    100.00
05:14:52          2      0.00      0.00      0.00      0.00      0.00    100.00
05:14:52          3      0.00      0.00      0.00      0.00      0.00    100.00
05:14:52          4      0.00      0.00     13.98      0.00      0.00     86.02
05:14:52          5      0.00      0.00      0.00      0.00      0.00    100.00
05:14:52          6      0.00      0.00      0.99      0.00      0.00     99.01
05:14:52          7      0.00      0.00      0.00      0.00      0.00    100.00
05:14:52          8      0.00      0.00      0.00      0.00      0.00    100.00
05:14:52          9      0.00      0.00      0.00      0.00      0.00    100.00
05:14:52         10      0.00      0.00      0.00      0.00      0.00    100.00
05:14:52         11      0.00      0.00      0.00      0.00      0.00    100.00
05:14:52         12      0.00      0.00      0.00      0.00      0.00    100.00
05:14:52         13      0.00      0.00      0.00      0.00      0.00    100.00
05:14:52         14      0.00      0.00      0.00      0.00      0.00    100.00
05:14:52         15      0.00      0.00      0.00      0.00      0.00    100.00
05:14:52         16      0.00      0.00      0.00      0.00      0.00    100.00
05:14:52         17      0.00      0.00      0.00      0.00      0.00    100.00
05:14:52         18      0.00      0.00      0.00      0.00      0.00    100.00
05:14:52         19      0.00      0.00      0.00      0.00      0.00    100.00
05:14:52         20      0.00      0.00      0.00      0.00      0.00    100.00
05:14:52         21      0.00      0.00      0.00      0.00      0.00    100.00
05:14:52         22      0.00      0.00      0.00      0.00      0.00    100.00
05:14:52         23      0.00      0.00      0.00      0.00      0.00    100.00
05:14:52         24      0.00      0.00      0.00      0.00      0.00    100.00
05:14:52         25      0.00      0.00      0.00      0.00      0.00    100.00
05:14:52         26      0.98      0.00      0.98      0.00      0.00     98.04
05:14:52         27      0.00      0.00      0.00      0.00      0.00    100.00
05:14:52         28      0.00      0.00      0.00      0.00      0.00    100.00
05:14:52         29      0.00      0.00      0.00      0.00      0.00    100.00
05:14:52         30      0.00      0.00      0.00      0.00      0.00    100.00
05:14:52         31      0.00      0.00      0.00      0.00      0.00    100.00

05:14:52        CPU     %user     %nice   %system   %iowait    %steal     %idle
05:14:53        all      0.03      0.00      0.53      0.00      0.00     99.44
05:14:53          0      0.00      0.00      0.00      0.00      0.00    100.00
05:14:53          1      0.00      0.00      0.00      0.00      0.00    100.00
05:14:53          2      0.00      0.00      0.00      0.00      0.00    100.00
05:14:53          3      0.00      0.00      0.00      0.00      0.00    100.00
05:14:53          4      0.00      0.00     17.53      0.00      0.00     82.47
05:14:53          5      0.00      0.00      0.00      0.00      0.00    100.00
05:14:53          6      0.00      0.00      0.00      0.00      0.00    100.00
05:14:53          7      0.00      0.00      0.00      0.00      0.00    100.00
05:14:53          8      0.00      0.00      0.00      0.00      0.00    100.00
05:14:53          9      0.00      0.00      0.00      0.00      0.00    100.00
05:14:53         10      0.00      0.00      0.00      0.00      0.00    100.00
05:14:53         11      0.00      0.00      0.00      0.00      0.00    100.00
05:14:53         12      0.00      0.00      0.00      0.00      0.00    100.00
05:14:53         13      0.00      0.00      0.00      0.00      0.00    100.00
05:14:53         14      0.00      0.00      0.00      0.00      0.00    100.00
05:14:53         15      0.00      0.00      0.00      0.00      0.00    100.00
05:14:53         16      0.00      0.00      0.00      0.00      0.00    100.00
05:14:53         17      0.00      0.00      0.00      0.00      0.00    100.00
05:14:53         18      0.00      0.00      0.00      0.00      0.00    100.00
05:14:53         19      0.00      0.00      0.00      0.00      0.00    100.00
05:14:53         20      0.00      0.00      0.00      0.00      0.00    100.00
05:14:53         21      0.00      0.00      0.00      0.00      0.00    100.00
05:14:53         22      0.00      0.00      0.00      0.00      0.00    100.00
05:14:53         23      0.00      0.00      0.00      0.00      0.00    100.00
05:14:53         24      0.00      0.00      0.00      0.00      0.00    100.00
05:14:53         25      0.00      0.00      0.00      0.00      0.00    100.00
05:14:53         26      1.00      0.00      0.00      0.00      0.00     99.00
05:14:53         27      0.00      0.00      0.00      0.00      0.00    100.00
05:14:53         28      0.00      0.00      0.00      0.00      0.00    100.00
05:14:53         29      0.00      0.00      0.00      0.00      0.00    100.00
05:14:53         30      0.00      0.00      0.00      0.00      0.00    100.00
05:14:53         31      0.00      0.00      0.00      0.00      0.00    100.00

05:14:53        CPU     %user     %nice   %system   %iowait    %steal     %idle
05:14:54        all      0.06      0.00      0.38      0.00      0.00     99.56
05:14:54          0      0.00      0.00      0.00      0.00      0.00    100.00
05:14:54          1      0.00      0.00      0.00      0.00      0.00    100.00
05:14:54          2      0.00      0.00      0.00      0.00      0.00    100.00
05:14:54          3      0.00      0.00      0.00      0.00      0.00    100.00
05:14:54          4      1.09      0.00     11.96      0.00      0.00     86.96
05:14:54          5      0.00      0.00      0.00      0.00      0.00    100.00
05:14:54          6      0.00      0.00      0.00      0.00      0.00    100.00
05:14:54          7      0.00      0.00      0.00      0.00      0.00    100.00
05:14:54          8      0.00      0.00      0.00      0.00      0.00    100.00
05:14:54          9      0.00      0.00      0.00      0.00      0.00    100.00
05:14:54         10      0.00      0.00      0.00      0.00      0.00    100.00
05:14:54         11      0.00      0.00      0.00      0.00      0.00    100.00
05:14:54         12      0.00      0.00      0.00      0.00      0.00    100.00
05:14:54         13      0.00      0.00      0.00      0.00      0.00    100.00
05:14:54         14      0.00      0.00      0.00      0.00      0.00    100.00
05:14:54         15      0.00      0.00      0.00      0.00      0.00    100.00
05:14:54         16      0.00      0.00      0.00      0.00      0.00    100.00
05:14:54         17      0.00      0.00      0.00      0.00      0.00    100.00
05:14:54         18      0.00      0.00      0.00      0.00      0.00    100.00
05:14:54         19      0.00      0.00      0.00      0.00      0.00    100.00
05:14:54         20      0.00      0.00      0.99      0.00      0.00     99.01
05:14:54         21      0.00      0.00      0.00      0.00      0.00    100.00
05:14:54         22      0.00      0.00      0.00      0.00      0.00    100.00
05:14:54         23      0.00      0.00      0.00      0.00      0.00    100.00
05:14:54         24      0.00      0.00      0.00      0.00      0.00    100.00
05:14:54         25      0.00      0.00      0.00      0.00      0.00    100.00
05:14:54         26      1.00      0.00      0.00      0.00      0.00     99.00
05:14:54         27      0.00      0.00      0.00      0.00      0.00    100.00
05:14:54         28      0.00      0.00      0.00      0.00      0.00    100.00
05:14:54         29      0.00      0.00      0.00      0.00      0.00    100.00
05:14:54         30      0.00      0.00      0.00      0.00      0.00    100.00
05:14:54         31      0.00      0.00      0.00      0.00      0.00    100.00

05:14:54        CPU     %user     %nice   %system   %iowait    %steal     %idle
05:14:55        all      0.03      0.00      0.50      0.00      0.00     99.47
05:14:55          0      0.00      0.00      0.00      0.00      0.00    100.00
05:14:55          1      0.00      0.00      0.00      0.00      0.00    100.00
05:14:55          2      0.00      0.00      0.00      0.00      0.00    100.00
05:14:55          3      0.00      0.00      0.00      0.00      0.00    100.00
05:14:55          4      0.00      0.00     13.04      0.00      0.00     86.96
05:14:55          5      0.00      0.00      0.00      0.00      0.00    100.00
05:14:55          6      0.00      0.00      0.00      0.00      0.00    100.00
05:14:55          7      0.00      0.00      0.00      0.00      0.00    100.00
05:14:55          8      0.00      0.00      0.00      0.00      0.00    100.00
05:14:55          9      0.00      0.00      0.00      0.00      0.00    100.00
05:14:55         10      0.00      0.00      0.00      0.00      0.00    100.00
05:14:55         11      0.00      0.00      0.00      0.00      0.00    100.00
05:14:55         12      0.00      0.00      0.00      0.00      0.00    100.00
05:14:55         13      0.00      0.00      0.00      0.00      0.00    100.00
05:14:55         14      0.00      0.00      0.00      0.00      0.00    100.00
05:14:55         15      0.00      0.00      0.99      0.00      0.00     99.01
05:14:55         16      0.00      0.00      0.00      0.00      0.00    100.00
05:14:55         17      0.00      0.00      0.00      0.00      0.00    100.00
05:14:55         18      0.00      0.00      0.00      0.00      0.00    100.00
05:14:55         19      0.00      0.00      0.99      0.00      0.00     99.01
05:14:55         20      0.00      0.00      0.00      0.00      0.00    100.00
05:14:55         21      0.00      0.00      0.00      0.00      0.00    100.00
05:14:55         22      0.00      0.00      0.00      0.00      0.00    100.00
05:14:55         23      0.00      0.00      0.00      0.00      0.00    100.00
05:14:55         24      0.00      0.00      0.00      0.00      0.00    100.00
05:14:55         25      0.00      0.00      0.00      0.00      0.00    100.00
05:14:55         26      1.00      0.00      0.00      0.00      0.00     99.00
05:14:55         27      0.00      0.00      0.00      0.00      0.00    100.00
05:14:55         28      0.00      0.00      0.00      0.00      0.00    100.00
05:14:55         29      0.00      0.00      0.99      0.00      0.00     99.01
05:14:55         30      0.00      0.00      0.00      0.00      0.00    100.00
05:14:55         31      0.00      0.00      0.99      0.00      0.00     99.01

05:14:55        CPU     %user     %nice   %system   %iowait    %steal     %idle
05:14:56        all      0.03      0.00      0.47      0.00      0.00     99.50
05:14:56          0      0.00      0.00      0.00      0.00      0.00    100.00
05:14:56          1      0.00      0.00      0.00      0.00      0.00    100.00
05:14:56          2      0.00      0.00      0.00      0.00      0.00    100.00
05:14:56          3      0.00      0.00      0.00      0.00      0.00    100.00
05:14:56          4      0.00      0.00     15.79      0.00      0.00     84.21
05:14:56          5      0.00      0.00      0.00      0.00      0.00    100.00
05:14:56          6      0.00      0.00      0.00      0.00      0.00    100.00
05:14:56          7      0.00      0.00      0.00      0.00      0.00    100.00
05:14:56          8      0.00      0.00      0.00      0.00      0.00    100.00
05:14:56          9      0.00      0.00      0.00      0.00      0.00    100.00
05:14:56         10      0.00      0.00      0.00      0.00      0.00    100.00
05:14:56         11      0.00      0.00      0.00      0.00      0.00    100.00
05:14:56         12      0.00      0.00      0.00      0.00      0.00    100.00
05:14:56         13      0.00      0.00      0.00      0.00      0.00    100.00
05:14:56         14      0.00      0.00      0.00      0.00      0.00    100.00
05:14:56         15      0.00      0.00      0.00      0.00      0.00    100.00
05:14:56         16      0.00      0.00      0.00      0.00      0.00    100.00
05:14:56         17      0.00      0.00      0.00      0.00      0.00    100.00
05:14:56         18      0.00      0.00      0.00      0.00      0.00    100.00
05:14:56         19      0.00      0.00      0.00      0.00      0.00    100.00
05:14:56         20      0.00      0.00      0.00      0.00      0.00    100.00
05:14:56         21      0.00      0.00      0.00      0.00      0.00    100.00
05:14:56         22      0.00      0.00      0.00      0.00      0.00    100.00
05:14:56         23      0.00      0.00      0.00      0.00      0.00    100.00
05:14:56         24      0.00      0.00      0.00      0.00      0.00    100.00
05:14:56         25      0.00      0.00      0.00      0.00      0.00    100.00
05:14:56         26      1.00      0.00      0.00      0.00      0.00     99.00
05:14:56         27      0.00      0.00      0.00      0.00      0.00    100.00
05:14:56         28      0.00      0.00      0.00      0.00      0.00    100.00
05:14:56         29      0.00      0.00      0.00      0.00      0.00    100.00
05:14:56         30      0.00      0.00      0.00      0.00      0.00    100.00
05:14:56         31      0.00      0.00      0.00      0.00      0.00    100.00

05:14:56        CPU     %user     %nice   %system   %iowait    %steal     %idle
05:14:57        all      0.03      0.00      0.50      0.00      0.00     99.47
05:14:57          0      0.00      0.00      0.00      0.00      0.00    100.00
05:14:57          1      0.00      0.00      0.00      0.00      0.00    100.00
05:14:57          2      0.00      0.00      0.00      0.00      0.00    100.00
05:14:57          3      0.00      0.00      0.00      0.00      0.00    100.00
05:14:57          4      0.00      0.00     16.67      0.00      0.00     83.33
05:14:57          5      0.00      0.00      0.00      0.00      0.00    100.00
05:14:57          6      0.00      0.00      0.00      0.00      0.00    100.00
05:14:57          7      0.00      0.00      0.00      0.00      0.00    100.00
05:14:57          8      0.00      0.00      0.00      0.00      0.00    100.00
05:14:57          9      0.00      0.00      0.00      0.00      0.00    100.00
05:14:57         10      0.00      0.00      0.00      0.00      0.00    100.00
05:14:57         11      0.00      0.00      0.00      0.00      0.00    100.00
05:14:57         12      0.00      0.00      0.00      0.00      0.00    100.00
05:14:57         13      0.00      0.00      0.00      0.00      0.00    100.00
05:14:57         14      0.00      0.00      0.00      0.00      0.00    100.00
05:14:57         15      0.00      0.00      0.00      0.00      0.00    100.00
05:14:57         16      0.00      0.00      0.00      0.00      0.00    100.00
05:14:57         17      0.00      0.00      0.00      0.00      0.00    100.00
05:14:57         18      0.00      0.00      0.00      0.00      0.00    100.00
05:14:57         19      0.00      0.00      0.00      0.00      0.00    100.00
05:14:57         20      0.00      0.00      0.00      0.00      0.00    100.00
05:14:57         21      0.00      0.00      0.00      0.00      0.00    100.00
05:14:57         22      0.00      0.00      0.00      0.00      0.00    100.00
05:14:57         23      0.00      0.00      0.00      0.00      0.00    100.00
05:14:57         24      0.00      0.00      0.00      0.00      0.00    100.00
05:14:57         25      0.00      0.00      0.00      0.00      0.00    100.00
05:14:57         26      1.00      0.00      0.00      0.00      0.00     99.00
05:14:57         27      0.00      0.00      0.00      0.00      0.00    100.00
05:14:57         28      0.00      0.00      0.00      0.00      0.00    100.00
05:14:57         29      0.00      0.00      0.00      0.00      0.00    100.00
05:14:57         30      0.00      0.00      0.00      0.00      0.00    100.00
05:14:57         31      0.00      0.00      0.00      0.00      0.00    100.00

05:14:57        CPU     %user     %nice   %system   %iowait    %steal     %idle
05:14:58        all      0.00      0.00      0.38      0.00      0.00     99.62
05:14:58          0      0.00      0.00      0.00      0.00      0.00    100.00
05:14:58          1      0.00      0.00      0.00      0.00      0.00    100.00
05:14:58          2      0.00      0.00      0.00      0.00      0.00    100.00
05:14:58          3      0.00      0.00      0.00      0.00      0.00    100.00
05:14:58          4      0.00      0.00     12.90      0.00      0.00     87.10
05:14:58          5      0.00      0.00      0.00      0.00      0.00    100.00
05:14:58          6      0.00      0.00      0.00      0.00      0.00    100.00
05:14:58          7      0.00      0.00      0.00      0.00      0.00    100.00
05:14:58          8      0.00      0.00      0.00      0.00      0.00    100.00
05:14:58          9      0.00      0.00      0.00      0.00      0.00    100.00
05:14:58         10      0.00      0.00      0.00      0.00      0.00    100.00
05:14:58         11      0.00      0.00      0.00      0.00      0.00    100.00
05:14:58         12      0.00      0.00      0.00      0.00      0.00    100.00
05:14:58         13      0.00      0.00      0.00      0.00      0.00    100.00
05:14:58         14      0.00      0.00      0.00      0.00      0.00    100.00
05:14:58         15      0.00      0.00      0.00      0.00      0.00    100.00
05:14:58         16      0.00      0.00      0.00      0.00      0.00    100.00
05:14:58         17      0.00      0.00      0.00      0.00      0.00    100.00
05:14:58         18      0.00      0.00      0.00      0.00      0.00    100.00
05:14:58         19      0.00      0.00      0.00      0.00      0.00    100.00
05:14:58         20      0.00      0.00      0.00      0.00      0.00    100.00
05:14:58         21      0.00      0.00      0.00      0.00      0.00    100.00
05:14:58         22      0.00      0.00      0.00      0.00      0.00    100.00
05:14:58         23      0.00      0.00      0.00      0.00      0.00    100.00
05:14:58         24      0.00      0.00      0.00      0.00      0.00    100.00
05:14:58         25      0.00      0.00      0.00      0.00      0.00    100.00
05:14:58         26      0.00      0.00      0.00      0.00      0.00    100.00
05:14:58         27      0.00      0.00      0.00      0.00      0.00    100.00
05:14:58         28      0.00      0.00      0.00      0.00      0.00    100.00
05:14:58         29      0.00      0.00      0.00      0.00      0.00    100.00
05:14:58         30      0.00      0.00      0.00      0.00      0.00    100.00
05:14:58         31      0.00      0.00      0.00      0.00      0.00    100.00

Average:        CPU     %user     %nice   %system   %iowait    %steal     %idle
Average:        all      0.09      0.00      0.49      0.00      0.00     99.42
Average:          0      0.03      0.00      0.03      0.00      0.00     99.93
Average:          1      0.02      0.00      0.00      0.00      0.00     99.98
Average:          2      0.03      0.00      0.00      0.00      0.00     99.97
Average:          3      0.03      0.00      0.00      0.00      0.00     99.97
Average:          4      0.16      0.00     15.53      0.00      0.00     84.32
Average:          5      0.05      0.00      0.05      0.00      0.00     99.90
Average:          6      0.08      0.00      0.05      0.00      0.00     99.87
Average:          7      0.02      0.00      0.00      0.00      0.00     99.98
Average:          8      0.02      0.00      0.00      0.00      0.00     99.98
Average:          9      0.02      0.00      0.00      0.00      0.00     99.98
Average:         10      0.02      0.00      0.00      0.00      0.00     99.98
Average:         11      0.02      0.00      0.00      0.00      0.00     99.98
Average:         12      0.02      0.00      0.00      0.00      0.00     99.98
Average:         13      0.03      0.00      0.02      0.00      0.00     99.95
Average:         14      0.18      0.00      0.02      0.00      0.00     99.80
Average:         15      0.08      0.00      0.07      0.00      0.00     99.85
Average:         16      0.08      0.00      0.03      0.00      0.00     99.88
Average:         17      0.05      0.00      0.02      0.00      0.00     99.93
Average:         18      0.03      0.00      0.02      0.00      0.00     99.95
Average:         19      0.02      0.00      0.07      0.00      0.00     99.92
Average:         20      0.10      0.00      0.02      0.00      0.00     99.88
Average:         21      0.03      0.00      0.02      0.00      0.00     99.95
Average:         22      0.08      0.00      0.00      0.00      0.00     99.92
Average:         23      0.08      0.00      0.02      0.00      0.00     99.90
Average:         24      0.08      0.00      0.03      0.00      0.00     99.88
Average:         25      0.05      0.00      0.02      0.00      0.00     99.93
Average:         26      0.88      0.00      0.05      0.00      0.00     99.07
Average:         27      0.05      0.00      0.10      0.00      0.00     99.85
Average:         28      0.02      0.00      0.00      0.00      0.00     99.98
Average:         29      0.02      0.00      0.02      0.00      0.00     99.97
Average:         30      0.08      0.00      0.02      0.00      0.00     99.90
Average:         31      0.43      0.00      0.37      0.00      0.00     99.20
