
 Intel(r) Performance Counter Monitor: Raw Event Monitoring Utility 


=====  Processor information  =====
Linux arch_perfmon flag  : yes
Hybrid processor         : no
IBRS and IBPB supported  : yes
STIBP supported          : yes
Spec arch caps supported : yes
Max CPUID level          : 27
CPU model number         : 106
Number of physical cores: 16
Number of logical cores: 32
Number of online logical cores: 32
Threads (logical cores) per physical core: 2
Num sockets: 1
Physical cores per socket: 16
Last level cache slices per socket: 16
Core PMU (perfmon) version: 5
Number of core PMU generic (programmable) counters: 8
Width of generic (programmable) counters: 48 bits
Number of core PMU fixed counters: 4
Width of fixed counters: 48 bits
Nominal core frequency: 2400000000 Hz
IBRS enabled in the kernel   : yes
STIBP enabled in the kernel  : no
The processor is not susceptible to Rogue Data Cache Load: yes
The processor supports enhanced IBRS                     : yes
Package thermal spec power: 135 Watt; Package minimum power: 72 Watt; Package maximum power: 557 Watt;

INFO: Linux perf interface to program uncore PMUs is present
Socket 0: 4 memory controllers detected with total number of 8 channels. 0 UPI ports detected. 4 M2M (mesh to memory) blocks detected. 0 HBM M2M blocks detected. 0 EDC/HBM channels detected. 0 Home Agents detected. 0 M3UPI blocks detected.
Socket 0: 1 PCU units detected. 6 IIO units detected. 6 IRP units detected. 16 CHA/CBO units detected. 0 MDF units detected. 1 UBOX units detected. 0 CXL units detected.
Initializing RMIDs

parsed  imc event: "rpq_occ_agg" : {0x400080, 0x0, 0x0, 0x0, 0x0, 0x0}
parsed  imc event: "wpq_full_cycles" : {0x400022, 0x0, 0x0, 0x0, 0x0, 0x0}
parsed  imc event: "acts_byp" : {0x40801, 0x0, 0x0, 0x0, 0x0, 0x0}
parsed  imc event: "acts_read" : {0x40101, 0x0, 0x0, 0x0, 0x0, 0x0}

Detected Intel(R) Xeon(R) Silver 4314 CPU @ 2.40GHz "Intel(r) microarchitecture codename Icelake-SP" stepping 6 microcode level 0xd000421
Collecting 1 event group(s)
Update every 1 seconds
,,,SKT0CHAN0,SKT0CHAN0,SKT0CHAN0,SKT0CHAN0,SKT0CHAN1,SKT0CHAN1,SKT0CHAN1,SKT0CHAN1,SKT0CHAN2,SKT0CHAN2,SKT0CHAN2,SKT0CHAN2,SKT0CHAN3,SKT0CHAN3,SKT0CHAN3,SKT0CHAN3,SKT0CHAN4,SKT0CHAN4,SKT0CHAN4,SKT0CHAN4,SKT0CHAN5,SKT0CHAN5,SKT0CHAN5,SKT0CHAN5,SKT0CHAN6,SKT0CHAN6,SKT0CHAN6,SKT0CHAN6,SKT0CHAN7,SKT0CHAN7,SKT0CHAN7,SKT0CHAN7,
Date,Time,ms,rpq_occ_agg,wpq_full_cycles,acts_byp,acts_read,rpq_occ_agg,wpq_full_cycles,acts_byp,acts_read,rpq_occ_agg,wpq_full_cycles,acts_byp,acts_read,rpq_occ_agg,wpq_full_cycles,acts_byp,acts_read,rpq_occ_agg,wpq_full_cycles,acts_byp,acts_read,rpq_occ_agg,wpq_full_cycles,acts_byp,acts_read,rpq_occ_agg,wpq_full_cycles,acts_byp,acts_read,rpq_occ_agg,wpq_full_cycles,acts_byp,acts_read,
2026-09-30,06:36:53.856,1055,75375,667021727,282,7881,70575,667021748,8182,17776,72435,667021740,273,7647,73347,667021730,250,7723,67606,667021724,284,7865,71095,667021687,259,7783,259829,667021637,8156,17934,67935,667021634,272,7815,
2026-09-30,06:36:54.856,999,33280,666431820,254,5955,32576,666431750,8070,15851,36597,666431711,243,5942,38889,666431688,234,5856,41955,666431690,242,6122,30879,666431747,254,5844,220438,666431751,8090,16007,32860,666431861,274,5946,
2026-09-30,06:36:55.855,999,9190,666374491,157,4271,9238,666374533,7527,14185,8696,666374522,142,4084,9292,666374467,149,4123,7250,666374577,140,4244,7759,666373864,155,4226,201152,666373878,7526,14248,9885,666373833,127,4222,
2026-09-30,06:36:56.855,999,8038,666378445,116,4016,7693,666378366,7425,13928,6868,666378366,100,3824,6040,666378387,106,3805,8269,666378419,111,4011,5606,666378394,92,3962,200615,666377563,7427,14032,7750,666377560,98,4003,
2026-09-30,06:36:57.856,1000,19877,667033097,90,4243,15841,667033028,7760,14173,18217,667033032,90,4068,18103,667033078,94,4113,17469,667033032,90,4209,18281,667033060,88,4217,206023,667032225,7768,14262,19617,667032159,90,4270,
2026-09-30,06:36:58.855,999,16893,666377090,218,4792,15114,666377103,7942,14689,15482,666377078,193,4686,18940,666377048,182,4593,16337,666377055,198,4798,17213,666376441,197,4854,206259,666376389,7907,14838,16883,666376418,194,4842,
2026-09-30,06:36:59.855,999,2659,666383563,92,3552,3875,666383638,7426,13561,1840,666383654,91,3431,1685,666383715,82,3403,1377,666383763,73,3563,1756,666383832,84,3551,197122,666383905,7434,13574,2001,666383018,86,3570,
2026-09-30,06:37:00.856,1000,1384,667052204,90,3497,2437,667052199,7484,13460,2037,667052154,68,3416,1969,667052153,68,3384,1672,667052178,76,3533,2010,667052256,63,3529,192922,667051676,7508,13534,2009,667051696,80,3536,
2026-09-30,06:37:01.856,999,4914,666369342,72,3698,5184,666369378,7126,13658,3136,666369382,48,3537,5455,666369413,51,3521,3368,666369452,55,3765,3777,666369515,57,3730,202645,666369512,7134,13709,5032,666369478,71,3722,
2026-09-30,06:37:02.855,999,3753,666371776,67,3497,3296,666371763,7338,13467,2390,666371798,64,3401,1738,666371827,48,3360,1893,666371839,61,3530,1755,666371827,66,3540,194484,666371099,7368,13505,2215,666371149,81,3541,
2026-09-30,06:37:03.855,999,1955,666360399,83,3489,2989,666360435,7326,13473,1764,666360394,73,3436,1504,666360398,58,3386,2652,666360440,60,3550,1696,666360475,73,3561,195107,666360489,7353,13529,1854,666360460,82,3540,
2026-09-30,06:37:04.856,1000,9488,667022301,217,4204,9411,667022316,7450,14172,8460,667021559,220,4048,8578,667021560,184,4021,9934,667021540,216,4228,8607,667021448,201,4155,203912,667021467,7477,14199,8556,667021538,217,4232,
2026-09-30,06:37:05.855,999,1287,666357662,58,3410,1093,666357683,6720,13370,1262,666357750,46,3280,1700,666357783,42,3262,953,666357798,44,3468,560,666357792,40,3443,204586,666357866,6711,13422,730,666357859,52,3432,
2026-09-30,06:37:06.855,999,3063,666367370,74,3569,2777,666367361,7631,13507,2243,666367345,68,3466,3606,666367367,53,3443,4021,666367361,63,3585,2221,666367330,70,3579,192558,666367341,7664,13580,3417,666367255,79,3623,
2026-09-30,06:37:07.856,1000,1200,667016421,52,3390,1344,667016452,7549,13339,1658,667016418,50,3287,1078,667016418,43,3277,1057,667016453,42,3417,1155,667016442,34,3380,191477,667016437,7568,13373,648,667016404,45,3353,
2026-09-30,06:37:08.856,999,5261,666393953,52,3590,3091,666393956,7342,13528,6022,666394065,47,3471,5731,666394041,41,3474,4004,666394028,38,3617,3695,666393295,41,3614,197483,666393319,7336,13597,4347,666393363,44,3583,
2026-09-30,06:37:09.855,999,2182,666382954,101,3602,2963,666380772,7601,13524,2340,666380730,93,3466,3374,666380737,87,3456,3675,666380695,83,3595,3416,666380736,82,3603,197073,666380756,7580,13583,2282,666379884,92,3569,
2026-09-30,06:37:10.856,1000,1790,667052285,60,3434,1615,667052288,6714,13420,1444,667052303,48,3314,1056,667052285,35,3272,2088,667052278,40,3523,1141,667051550,50,3494,200514,667051508,6716,13452,1532,667051517,46,3445,
2026-09-30,06:37:11.856,999,32475,666381767,64,4550,28043,666381808,7098,14449,26364,666381809,67,4405,27257,666381824,70,4361,29191,666381846,85,4632,26277,666381813,52,4517,223220,666381848,7094,14531,28753,666381890,64,4557,
2026-09-30,06:37:12.856,999,6583,666373163,60,3652,6134,666372289,7341,13539,5919,666372309,46,3503,5939,666372333,44,3526,5570,666372359,34,3659,4933,666372264,34,3655,199601,666371528,7341,13652,6175,666371627,54,3647,
2026-09-30,06:37:13.855,999,732,666366421,53,3339,822,666366460,7535,13267,870,666366450,29,3236,853,666366422,26,3204,336,666366423,38,3361,547,666366456,26,3342,190208,666366521,7533,13328,574,666366529,36,3326,
2026-09-30,06:37:14.856,1000,4828,667041689,118,3759,4475,667041743,6992,13756,4360,667041772,98,3621,3999,667041723,90,3597,3608,667041676,102,3745,4963,667041757,78,3745,204001,667041819,6988,13728,5041,667041051,96,3774,
2026-09-30,06:37:15.856,999,1819,666381258,82,3491,2215,666381324,7686,13460,2023,666381393,65,3395,2806,666381413,69,3388,2223,666381446,74,3538,2567,666380584,73,3507,191937,666380571,7688,13481,2958,666380472,85,3507,
2026-09-30,06:37:16.855,999,2445,666400300,61,3489,1826,666400332,7486,13416,1426,666400348,49,3363,1709,666400345,61,3414,1535,666400459,62,3531,1569,666400482,67,3541,193739,666400436,7479,13501,2124,666399397,56,3497,
2026-09-30,06:37:17.856,1000,563,667038684,34,3345,259,667038620,7213,13273,287,667038619,19,3202,891,667038608,28,3199,443,667038654,27,3357,407,667038662,17,3320,192447,667038688,7229,13352,476,667038692,32,3343,
2026-09-30,06:37:18.856,999,2077,666365179,44,3378,1826,666365157,7248,13338,743,666365204,20,3235,364,666365203,27,3233,295,666365212,28,3386,339,666365202,27,3379,193966,666365255,7269,13346,1188,666364548,36,3361,
2026-09-30,06:37:19.856,999,1417,666384431,36,3392,910,666384377,6749,13317,499,666384370,22,3234,715,666384369,40,3244,532,666384398,24,3417,225,666384394,31,3408,197389,666383578,6786,13393,642,666383498,37,3400,
2026-09-30,06:37:20.855,999,14360,666375851,56,4067,11532,666375820,6573,13965,14472,666375874,54,3858,17428,666375887,57,3909,14488,666375190,54,4077,15304,666375199,54,4059,214675,666375272,6575,14072,15321,666375190,55,4037,
2026-09-30,06:37:21.856,1000,17968,667020368,39,4076,16638,667020365,7276,14059,15522,667020362,40,3970,13417,667020346,34,3954,15797,667020386,44,4100,16543,667020368,49,4114,210799,667020365,7266,14101,18058,667020321,45,4101,
2026-09-30,06:37:22.856,999,1083,666357916,49,3417,1237,666357892,7479,13359,1676,666357838,46,3303,1544,666357841,41,3297,1189,666357863,52,3450,1257,666357824,52,3436,195429,666357746,7486,13441,1152,666357853,62,3438,
2026-09-30,06:37:23.855,999,4439,666383832,73,3516,3184,666383846,7711,13449,2262,666383850,61,3406,2980,666383835,56,3378,2135,666383856,55,3527,2591,666383916,54,3483,193502,666383934,7723,13502,4213,666383890,66,3523,
2026-09-30,06:37:24.856,1000,2810,667047375,80,3531,1322,667047430,6942,13489,1702,667047465,63,3399,1610,667047491,57,3356,1536,667047562,61,3555,2208,667046225,57,3539,199875,667046108,6943,13520,2517,667046107,83,3570,
2026-09-30,06:37:25.856,999,2178,666374277,37,3411,1552,666374290,7424,13367,2260,666374261,32,3309,1213,666374261,36,3317,1651,666374333,29,3444,1627,666373692,25,3442,193801,666373572,7431,13395,1784,666373578,34,3397,
2026-09-30,06:37:26.856,999,2170,666388089,72,3541,1492,666388030,6811,13435,1415,666388038,50,3338,2354,666388048,52,3339,2260,666388130,52,3541,1848,666388231,56,3520,200458,666387391,6813,13498,1585,666387379,71,3478,
2026-09-30,06:37:27.855,999,704,666358629,38,3342,217,666358593,7224,13276,716,666358568,14,3188,248,666358542,26,3187,336,666358550,28,3348,215,666358535,18,3338,193546,666358506,7221,13336,523,666358459,33,3332,
2026-09-30,06:37:28.856,1000,5252,667045513,72,3689,4894,667045548,7297,13595,4025,667045533,47,3532,3895,667045548,55,3508,5238,667045555,51,3685,4039,667044744,58,3665,199492,667044636,7280,13637,3841,667044619,73,3671,
2026-09-30,06:37:29.856,999,582,666351412,22,3333,378,666351463,6730,13270,199,666351440,22,3194,181,666351416,24,3174,200,666351436,18,3372,237,666351429,21,3357,201961,666351436,6732,13359,607,666351509,23,3357,
2026-09-30,06:37:30.855,999,2673,666352284,53,3551,2343,666352264,6555,13473,2027,666352267,61,3388,2179,666352265,51,3376,2391,666352271,49,3609,1825,666352284,52,3581,202802,666352282,6578,13558,2697,666352248,55,3567,
2026-09-30,06:37:31.856,1000,1370,667072108,39,3376,635,667072145,6846,13335,1076,667072167,33,3231,1089,667072176,41,3238,998,667072185,29,3400,593,667072160,38,3399,199205,667071345,6851,13409,1456,667071374,41,3400,
2026-09-30,06:37:32.856,999,751,666373446,17,3321,219,666373469,7040,13242,301,666373491,15,3177,128,666373454,10,3168,716,666373467,22,3367,234,666373505,16,3347,196387,666372680,7050,13326,1063,666372682,21,3339,
2026-09-30,06:37:33.856,999,560,666370661,25,3324,951,666370694,6747,13250,282,666370724,16,3182,184,666370713,16,3173,167,666370771,15,3360,407,666369773,22,3363,199680,666369728,6753,13315,310,666369718,20,3329,
2026-09-30,06:37:34.856,1000,2672,667036535,74,3480,3214,667036550,7036,13440,2282,667036530,52,3334,2351,667036546,55,3327,1559,667036637,46,3482,2425,667036678,57,3511,199742,667036625,7041,13485,2072,667036583,69,3487,
2026-09-30,06:37:35.856,999,992,666383892,38,3353,512,666383848,7140,13274,468,666383922,22,3202,687,666383904,22,3196,1139,666383877,27,3385,281,666383927,24,3359,196555,666383978,7109,13335,1299,666383202,40,3346,
2026-09-30,06:37:36.856,999,1327,666387810,36,3373,1443,666387817,7167,13318,1098,666387798,22,3249,1380,666387807,36,3259,584,666387812,36,3415,940,666387765,30,3395,193186,666387655,7196,13388,1305,666387737,35,3410,
2026-09-30,06:37:37.855,999,2460,666354783,50,3403,1497,666354740,7370,13354,516,666354711,36,3249,875,666354722,42,3294,1501,666354772,30,3408,933,666354771,30,3411,192095,666354703,7377,13399,1588,666354753,43,3409,
2026-09-30,06:37:38.856,1000,1560,667041126,36,3421,1448,667040117,7270,13372,1650,667040133,25,3290,2123,667040110,30,3292,1412,667040159,30,3442,1377,667040084,21,3436,190647,667040097,7269,13409,1245,667039157,40,3432,
2026-09-30,06:37:39.856,999,538,666378540,36,3303,533,666378547,7565,13232,253,666378495,23,3196,872,666378453,20,3187,276,666378458,25,3348,333,666378509,25,3320,190806,666377796,7581,13290,802,666377716,29,3313,
2026-09-30,06:37:40.856,999,1746,666377664,39,3340,2064,666377717,7175,13308,1736,666377744,18,3232,1265,666377746,28,3222,677,666377779,23,3363,650,666377849,28,3384,199251,666377802,7164,13345,835,666376957,52,3390,
2026-09-30,06:37:41.856,1000,686,667050123,30,3290,254,667050179,7852,13253,331,667050197,10,3182,209,667050234,16,3184,360,667050223,15,3289,108,667049543,13,3275,190562,667049596,7843,13297,669,667049504,24,3292,
2026-09-30,06:37:42.856,999,920,666382633,45,3335,1016,666382589,7055,13292,305,666382619,24,3212,175,666382652,21,3181,722,666382612,24,3387,364,666382600,34,3375,197728,666382627,7056,13333,1254,666382628,45,3366,
2026-09-30,06:37:43.856,999,3290,666382192,49,3517,3141,666382177,7130,13469,3403,666382207,37,3396,2257,666382176,39,3382,2754,666382187,41,3558,3259,666382181,34,3526,198218,666382095,7119,13529,3425,666381302,62,3554,
2026-09-30,06:37:44.856,999,1511,666378254,53,3383,997,666378260,7025,13342,1524,666378281,37,3248,466,666378282,48,3248,1146,666378278,34,3430,692,666377534,41,3405,198249,666377529,7021,13376,951,666377449,55,3400,
2026-09-30,06:37:45.856,1000,1190,667043722,25,3344,483,667043707,7057,13283,706,667043706,15,3191,295,667043673,18,3180,573,667043720,16,3348,143,667043778,13,3329,196886,667043049,7060,13333,333,667043040,29,3333,
2026-09-30,06:37:46.856,999,2662,666373611,49,3433,1799,666373688,6811,13373,1900,666373672,41,3304,1817,666373687,46,3309,883,666373755,49,3479,974,666373798,39,3453,200962,666373790,6802,13445,1272,666373698,41,3442,
2026-09-30,06:37:47.856,999,1393,666356961,25,3370,377,666356920,6681,13312,361,666356903,22,3207,845,666356878,17,3201,767,666356899,14,3380,680,666356889,20,3397,201563,666356865,6654,13348,736,666356186,23,3368,
2026-09-30,06:37:48.856,1000,2851,667033318,51,3508,1852,667033283,7173,13483,1410,667033315,34,3396,1254,667033285,47,3365,1618,667033278,48,3538,1404,667033239,42,3518,197782,667033247,7173,13517,2784,667033229,56,3550,
2026-09-30,06:37:49.856,999,722,666356829,25,3305,162,666356807,7218,13252,132,666356847,14,3182,314,666356843,13,3178,247,666356812,16,3336,178,666356752,16,3324,194855,666356872,7230,13286,453,666356944,24,3318,
2026-09-30,06:37:50.856,999,1084,666377012,33,3329,337,666377036,7423,13257,360,666377076,18,3195,210,666377084,16,3177,347,666377133,17,3320,336,666376466,15,3316,193482,666376332,7451,13293,1346,666376429,26,3336,
2026-09-30,06:37:51.857,1000,1132,667062313,29,3325,256,667062297,7388,13274,702,667062276,22,3214,276,667062266,19,3185,716,667062195,23,3341,291,667061360,20,3336,194026,667061357,7401,13345,770,667061336,27,3338,
2026-09-30,06:37:52.856,999,867,666377485,24,3312,653,666377514,6966,13261,399,666377540,10,3193,451,666377507,11,3175,666,666377539,16,3363,201,666377487,18,3355,197281,666377473,7001,13330,483,666376681,19,3320,
2026-09-30,06:37:53.856,999,666,666376870,30,3316,358,666376866,6844,13258,175,666376903,14,3188,92,666376911,10,3168,368,666376956,13,3340,304,666376205,11,3334,197381,666376098,6858,13328,736,666375995,24,3342,
2026-09-30,06:37:54.856,999,2021,666377829,78,3454,1191,666377846,7697,13392,1729,666377823,68,3345,1201,666377798,59,3345,1714,666377797,59,3457,1305,666376988,56,3439,195223,666377008,7654,13447,2007,666376893,70,3459,
2026-09-30,06:37:55.857,1000,58127,667052113,103,7291,57140,667052067,7758,17096,52558,667052108,87,7115,54803,667052102,91,7049,55555,667052091,104,7234,55511,667051322,99,7197,243318,667052070,7756,17273,54368,667052062,121,7161,
2026-09-30,06:37:56.856,999,2705,666378760,73,3622,4007,666378772,7253,13534,3112,666378759,61,3482,2088,666378755,64,3484,2179,666378830,50,3636,2998,666378745,62,3647,197434,666378022,7250,13608,3161,666377979,65,3598,
2026-09-30,06:37:57.856,999,1928,666379171,44,3414,1326,666379150,7681,13353,935,666379160,34,3315,1106,666379190,30,3317,1267,666379255,34,3430,1414,666379327,33,3442,189200,666379342,7727,13399,1414,666379296,31,3392,
2026-09-30,06:37:58.856,999,5500,666354149,64,3605,4643,666354131,7587,13556,4531,666354085,45,3474,3836,666354072,39,3458,4018,666354058,54,3622,4240,666354092,54,3603,199815,666353143,7577,13588,3866,666353163,72,3620,
2026-09-30,06:37:59.856,1000,2599,667049050,67,3470,1794,667049060,7034,13411,965,667049125,65,3330,1644,667049142,53,3346,860,667049171,61,3497,1183,667048334,61,3494,196493,667048208,7008,13500,1765,667048182,64,3461,
2026-09-30,06:38:00.856,999,16425,666379238,69,4129,12695,666379276,7733,14053,15658,666379294,51,4022,22132,666379290,46,4074,17011,666379318,66,4196,15551,666378715,55,4181,208241,666378791,7733,14155,19104,666378724,64,4176,
2026-09-30,06:38:01.856,999,1399,666385797,40,3400,763,666385824,7387,13327,2109,666385866,29,3292,2323,666385825,25,3284,2030,666385870,28,3447,1049,666385904,26,3446,196128,666385292,7360,13385,1268,666385208,32,3414,
2026-09-30,06:38:02.857,1000,1546,667027662,49,3399,892,667027682,7393,13324,786,667027642,30,3247,496,667027665,37,3249,541,667027661,45,3416,592,667027650,39,3382,197629,667027537,7406,13387,2310,667027489,44,3381,
2026-09-30,06:38:03.856,999,729,666360420,40,3305,226,666360435,7395,13251,387,666360347,24,3196,504,666360360,26,3193,586,666360334,26,3342,252,666360338,29,3343,192273,666360491,7374,13316,587,666359615,38,3332,
2026-09-30,06:38:04.856,999,6009,666392110,119,3731,4588,666392134,7573,13654,6946,666392128,84,3631,5962,666392095,95,3669,5903,666392068,91,3790,5774,666391318,86,3766,197846,666391370,7563,13721,4598,666391359,108,3769,
2026-09-30,06:38:05.857,1000,1588,667045290,59,3414,1747,667045326,7511,13382,1617,667045328,57,3315,827,667045316,49,3276,913,667045318,52,3419,858,667045407,54,3432,196417,667045524,7507,13421,1160,667045451,73,3439,
2026-09-30,06:38:06.856,999,2131,666392010,54,3409,872,666391997,7822,13320,1254,666391976,35,3280,939,666392025,37,3278,766,666392002,33,3375,610,666392100,45,3380,188518,666392129,7850,13373,1442,666391291,37,3371,
2026-09-30,06:38:07.856,999,469,666360051,34,3295,622,666360031,7507,13244,586,666360030,20,3192,204,666360016,22,3178,153,666360021,20,3321,333,666360012,25,3332,191116,666360017,7492,13283,813,666359979,30,3299,
2026-09-30,06:38:08.856,999,2526,666383143,58,3466,2222,666383182,7634,13428,1943,666383153,51,3395,1891,666383163,48,3359,2709,666383155,43,3538,1843,666382211,37,3506,189443,666382333,7647,13481,1777,666382352,50,3476,
2026-09-30,06:38:09.857,1000,856,667047783,31,3272,178,667047743,7656,13221,98,667047774,15,3161,78,667047737,12,3158,133,667047734,12,3298,66,667047711,13,3290,189237,667046885,7671,13260,278,667046878,28,3282,
2026-09-30,06:38:10.856,999,1655,666378343,58,3388,860,666378391,7022,13325,624,666378396,44,3244,1008,666378398,41,3252,455,666378458,37,3397,564,666378385,41,3415,193789,666378294,7054,13370,878,666378326,49,3389,
2026-09-30,06:38:11.856,999,548,666378669,38,3293,416,666378617,7974,13213,294,666378589,27,3181,341,666378607,20,3186,333,666378630,23,3300,438,666378595,21,3274,184525,666377780,8001,13261,831,666377785,23,3264,
2026-09-30,06:38:12.857,1000,572,667043942,31,3331,130,667044006,6633,13272,116,667043997,12,3170,74,667043984,9,3168,95,667043981,12,3360,94,667043984,8,3357,197372,667043972,6645,13349,443,667043963,16,3330,
2026-09-30,06:38:13.857,999,2453,666372712,42,3442,2709,666372798,7603,13379,1721,666372841,18,3328,2228,666372817,18,3314,3735,666372779,20,3467,2619,666372700,19,3453,193911,666372748,7594,13442,2861,666372593,39,3471,
2026-09-30,06:38:14.856,999,1741,666385425,84,3439,1382,666385464,7414,13389,2069,666385513,67,3351,1396,666385477,61,3308,1702,666385488,62,3461,1741,666385516,65,3469,196697,666385526,7428,13450,1780,666385515,87,3466,
2026-09-30,06:38:15.856,999,843,666379080,37,3367,304,666379085,6560,13308,413,666379081,23,3203,195,666379096,29,3221,320,666379084,24,3403,293,666377911,24,3408,200955,666377961,6574,13388,737,666378032,39,3400,
2026-09-30,06:38:16.857,1000,2717,667050785,69,3481,1990,667050775,7805,13438,2150,667050799,56,3403,2463,667050799,50,3364,1808,667050740,48,3504,1381,667050774,59,3466,190740,667050093,7803,13483,3027,667050194,69,3493,
2026-09-30,06:38:17.856,999,1331,666377758,39,3340,516,666377791,7031,13271,308,666377796,17,3209,390,666377824,19,3193,259,666377826,22,3358,875,666377859,24,3361,198231,666377826,6993,13327,671,666377824,28,3337,
2026-09-30,06:38:18.856,999,1186,666367469,32,3321,825,666367466,7188,13267,357,666367469,30,3204,566,666367457,28,3211,419,666367507,30,3384,420,666367554,24,3370,195034,666367471,7180,13298,717,666367584,28,3331,
2026-09-30,06:38:19.857,1000,755,667054540,23,3276,179,667054554,7553,13229,91,667054571,12,3177,245,667054581,11,3172,630,667054613,13,3311,331,667054658,12,3294,190524,667054648,7574,13289,431,667053943,23,3287,
2026-09-30,06:38:20.857,999,974,666401068,29,3319,249,666401030,7053,13272,288,666401061,20,3191,351,666401047,17,3192,581,666401081,23,3357,248,666401167,16,3343,197520,666401272,7065,13339,546,666401346,34,3355,
2026-09-30,06:38:21.856,999,722,666395514,35,3322,651,666395461,7511,13269,337,666395491,29,3211,790,666395491,22,3199,816,666395601,24,3344,433,666395613,28,3333,194424,666395579,7516,13310,912,666395624,38,3319,
2026-09-30,06:38:22.856,999,790,666392328,32,3334,786,666392313,7152,13271,298,666392355,20,3202,861,666392364,23,3197,898,666392418,23,3354,463,666392516,29,3369,195022,666392688,7152,13333,705,666392728,25,3342,
2026-09-30,06:38:23.857,1000,1284,667061540,18,3317,280,667061528,6875,13275,378,667061533,15,3177,130,667061555,16,3171,93,667061647,12,3362,103,667061635,10,3344,197929,667061736,6875,13323,383,667061849,21,3343,
2026-09-30,06:38:24.857,999,907,666384479,46,3327,324,666384455,7079,13281,215,666384484,31,3218,451,666384477,31,3197,235,666384531,29,3357,457,666384574,25,3356,198027,666384673,7098,13334,915,666384782,44,3351,
2026-09-30,06:38:25.856,999,558,666390025,31,3312,408,666390026,7004,13280,1352,666390062,19,3222,360,666390251,18,3207,1175,666390365,19,3406,513,666390453,18,3373,194451,666390440,7014,13307,1256,666390395,30,3346,
2026-09-30,06:38:26.856,999,617,666388037,32,3344,363,666388111,6687,13273,490,666388098,24,3207,466,666388127,22,3193,336,666388185,32,3410,226,666388066,16,3382,198581,666388034,6688,13338,924,666388153,26,3333,
2026-09-30,06:38:27.857,1000,2298,667068460,38,3407,1458,667068466,6998,13349,1088,667068541,35,3272,2108,667068549,30,3269,1296,667068503,34,3434,901,667068507,31,3425,197428,667068492,7018,13442,891,667068463,39,3415,
2026-09-30,06:38:28.857,999,2622,666387244,45,3472,3262,666387312,7497,13449,2022,666387288,32,3363,2710,666387314,31,3381,2495,666387349,28,3509,2859,666387493,32,3501,195262,666387642,7482,13469,2969,666387848,38,3522,
2026-09-30,06:38:29.856,999,845,666391287,27,3314,222,666391259,6984,13246,145,666391220,15,3181,289,666391250,18,3153,122,666391250,13,3327,116,666391375,16,3320,196284,666391367,6990,13321,831,666391412,14,3318,
2026-09-30,06:38:30.856,999,767,666400707,29,3307,262,666400704,7061,13242,313,666400810,15,3184,210,666400827,12,3161,542,666400870,16,3354,241,666400857,19,3331,193539,666400870,7066,13292,366,666400870,20,3298,
2026-09-30,06:38:31.857,1000,1108,667022996,28,3342,585,667022925,7042,13278,310,667023010,18,3199,485,667022990,19,3188,165,667022999,21,3352,253,667022980,22,3357,198816,667023022,7025,13345,804,667023085,18,3333,
2026-09-30,06:38:32.857,999,504,666366446,30,3311,523,666366470,6787,13272,641,666366451,18,3184,625,666366458,16,3195,441,666366472,22,3401,271,666365710,17,3361,197991,666365773,6805,13338,617,666365860,24,3351,
2026-09-30,06:38:33.856,999,729,666389966,26,3311,223,666389286,7295,13251,329,666389267,15,3191,240,666389312,16,3180,205,666389310,17,3330,558,666389315,18,3329,193780,666389348,7286,13302,892,666389415,23,3331,
2026-09-30,06:38:34.857,1000,1549,667028217,68,3410,1467,667028144,7178,13352,1605,667028116,43,3277,1019,667028089,45,3252,1462,667028085,46,3428,697,667028025,43,3401,196135,667028018,7171,13395,1675,667027966,66,3412,
2026-09-30,06:38:35.857,999,693,666383211,31,3288,515,666383274,7652,13230,112,666383259,12,3170,176,666383234,20,3175,141,666383191,15,3282,167,666383184,15,3291,191663,666383186,7656,13261,569,666383175,26,3279,
2026-09-30,06:38:36.856,999,826,666370599,36,3342,748,666370621,7175,13269,458,666370652,17,3204,822,666370656,18,3180,876,666370692,18,3373,682,666369579,19,3361,196457,666369577,7181,13340,766,666369528,28,3356,
2026-09-30,06:38:37.857,1000,765,667020309,26,3325,342,667020331,6828,13261,58,667020335,7,3162,41,667020356,7,3154,77,667020366,10,3354,72,667020401,7,3345,196361,667020477,6843,13316,378,667020486,12,3317,
2026-09-30,06:38:38.858,1000,2128,667046550,50,3415,897,667046580,6967,13373,2107,667046582,49,3327,1957,667046572,46,3307,1206,667046581,45,3491,1445,667045812,42,3474,195868,667045803,6976,13458,1691,667045745,50,3453,
2026-09-30,06:38:39.858,999,818,666383620,18,3316,840,666383676,6956,13252,364,666383626,10,3170,152,666383648,9,3151,99,666383694,13,3345,510,666383705,11,3328,198154,666382726,6984,13309,605,666382709,13,3335,
2026-09-30,06:38:40.857,999,733,666358670,32,3316,791,666358675,7333,13271,353,666358693,21,3190,230,666358695,20,3169,283,666358711,22,3328,700,666358702,15,3320,194849,666358780,7344,13304,633,666358759,21,3301,
2026-09-30,06:38:41.858,1000,421,667045355,22,3327,147,667045382,7071,13269,200,667045389,15,3171,164,667045327,12,3161,160,667045337,15,3335,593,667044574,13,3334,198635,667044677,7102,13335,549,667044635,13,3331,
2026-09-30,06:38:42.858,999,244425,666367453,561,19601,238842,666367490,8065,29555,240907,666367503,552,19395,248773,666367519,534,19285,236324,666367544,530,19273,239702,666367492,518,19615,435567,666367382,8104,29485,252493,666367354,554,19515,
2026-09-30,06:38:43.857,999,13120,666356138,162,4315,12748,666356138,7660,14264,12019,666356120,155,4190,10704,666356111,140,4094,12281,666356128,144,4282,11485,666356101,144,4259,203444,666356082,7688,14277,11711,666356175,155,4279,
2026-09-30,06:38:44.858,1000,9495,667017986,193,4202,9380,667017973,7312,14184,9261,667018036,190,4122,11413,667018017,183,4115,12722,667018003,184,4309,9931,667017918,195,4246,205991,667017915,7332,14217,10850,667017848,207,4228,
2026-09-30,06:38:45.858,999,11381,666382320,100,3993,10179,666382402,7055,13930,10964,666382372,88,3838,8710,666382371,74,3800,7333,666382340,77,3987,9022,666382404,79,3998,208895,666382335,7060,13957,11323,666382343,89,3992,
2026-09-30,06:38:46.858,999,5260,666386565,111,3827,6926,666386573,7496,13770,4840,666386554,105,3673,5180,666386575,95,3647,6140,666386559,97,3790,4394,666386654,99,3784,202579,666386703,7508,13835,4382,666385878,83,3773,
2026-09-30,06:38:47.858,1000,2266,667018691,76,3543,3204,667018637,7168,13572,1866,667018635,55,3425,3263,667018691,57,3432,3374,667018718,55,3598,3011,667018772,56,3570,197115,667018794,7181,13581,2827,667017927,73,3583,
2026-09-30,06:38:48.859,1000,2169,667082908,54,3436,926,667082039,7454,13350,1863,667082032,39,3305,1610,667082015,46,3285,993,667081975,37,3418,1847,667081892,45,3442,190541,667081909,7471,13420,1776,667081172,46,3421,
2026-09-30,06:38:49.859,999,2228,666388226,51,3471,1244,666388268,7161,13386,1534,666388289,41,3324,2682,666388280,58,3346,2191,666388278,48,3519,1298,666387539,59,3482,194322,666387430,7154,13440,2194,666387360,66,3476,
2026-09-30,06:38:50.859,999,1058,666355790,48,3403,657,666355792,6890,13325,1088,666355819,42,3253,501,666355785,29,3230,581,666355779,31,3409,1030,666355801,45,3426,195121,666355782,6904,13405,1094,666355724,48,3404,
2026-09-30,06:38:51.859,1000,807,667028164,37,3347,782,667028196,7051,13311,383,667028129,27,3218,309,667028107,25,3202,408,667028129,23,3393,598,667028092,27,3368,197252,667028074,7025,13364,904,667028073,33,3363,
2026-09-30,06:38:52.859,999,4001,666387709,51,3443,2196,666387703,6975,13391,901,666387681,46,3311,1144,666387683,42,3316,1177,666387679,40,3475,1286,666387765,45,3486,197350,666387051,6986,13455,1610,666387048,45,3457,
2026-09-30,06:38:53.859,999,12105,666363833,41,3834,10331,666363197,6602,13749,11146,666363155,30,3661,16105,666363156,35,3664,12629,666363160,30,3876,13076,666363196,32,3852,211642,666363218,6631,13857,12139,666363229,39,3861,
2026-09-30,06:38:54.859,1000,12209,667032729,100,3977,11407,667032705,7070,13980,8699,667032739,95,3888,11303,667032729,79,3862,10941,667032771,80,3994,10214,667032749,79,4021,206966,667031799,7052,14028,10972,667031790,89,4013,
2026-09-30,06:38:55.859,999,19229,666381499,88,4102,18369,666381486,7416,14044,14870,666381525,84,4001,15591,666381537,66,4001,13924,666381550,71,4133,19116,666381599,69,4109,209752,666380893,7408,14077,17971,666380942,92,4124,
2026-09-30,06:38:56.859,999,2169,666381680,49,3483,2231,666381674,5951,13413,1011,666381652,40,3290,1250,666381659,42,3294,1314,666381682,46,3529,1133,666380594,37,3494,209436,666380645,5948,13482,1435,666380610,48,3517,
2026-09-30,06:38:57.859,999,1332,666396362,54,3400,832,666396312,7213,13364,815,666396282,33,3257,1178,666396270,39,3259,492,666396259,37,3419,488,666396219,44,3427,194660,666395480,7218,13396,1124,666395499,47,3414,
2026-09-30,06:38:58.859,1000,3729,667036218,65,3580,3204,667036186,6989,13503,4194,667036176,45,3435,3258,667036202,49,3427,3869,667036240,42,3597,4703,667035565,43,3608,198393,667035654,7009,13571,3099,667035707,55,3585,
2026-09-30,06:38:59.859,999,14813,666378652,65,3913,16806,666378665,7177,13845,13554,666378702,45,3767,13575,666378676,46,3738,11760,666378718,45,3933,15310,666378776,47,3885,210589,666378036,7164,13884,14964,666378845,78,3929,
2026-09-30,06:39:00.859,999,2559,666378694,77,3566,2298,666378652,6414,13533,1991,666378629,68,3389,2154,666378651,70,3389,2072,666378658,60,3618,1535,666378699,56,3592,206829,666378892,6406,13563,2584,666378995,76,3626,
2026-09-30,06:39:01.859,1000,1766,667056776,28,3414,1133,667056779,6980,13384,1219,667056802,37,3282,1249,667056782,36,3266,1131,667056756,39,3460,786,667056746,38,3435,198485,667056842,6990,13446,1742,667056865,41,3440,
2026-09-30,06:39:02.860,1000,4523,667049668,52,3597,3962,667049621,6915,13526,3856,667049645,39,3429,4334,667049678,39,3455,3765,667049737,32,3630,4061,667049821,38,3630,203043,667049842,6919,13620,4259,667049819,51,3624,
2026-09-30,06:39:03.860,999,1669,666371274,67,3467,1546,666371368,6956,13386,1446,666371391,36,3283,1578,666371425,53,3312,1249,666371486,45,3482,1242,666371444,42,3469,198887,666371484,6962,13459,1296,666371420,47,3439,
2026-09-30,06:39:04.860,999,4066,666392176,105,3723,4989,666392206,5879,13734,4327,666392235,82,3563,3768,666392267,89,3551,3946,666392363,75,3815,3702,666392583,80,3805,210596,666392424,5903,13747,5015,666392443,96,3781,
2026-09-30,06:39:05.860,1000,1111,667059604,39,3405,813,667059690,6281,13354,1399,667059691,35,3265,701,667059668,36,3240,1137,667059618,35,3487,482,667059758,34,3457,206761,667059843,6300,13436,1067,667059864,34,3406,
2026-09-30,06:39:06.860,999,4721,666379058,70,3715,3475,666379095,6593,13628,3470,666379081,60,3497,3508,666379108,54,3487,4447,666379140,57,3737,2909,666378642,56,3697,209351,666378593,6608,13708,4853,666378464,69,3698,
2026-09-30,06:39:07.860,999,2901,666382512,89,3607,2883,666382545,6592,13575,2714,666382538,55,3465,2676,666382510,67,3456,3614,666382546,60,3667,2660,666382495,75,3647,207607,666381711,6581,13644,3244,666381775,75,3634,
2026-09-30,06:39:08.860,999,2550,666369497,59,3547,3191,666369404,6770,13495,2438,666369328,38,3396,2136,666369350,32,3394,2844,666369376,36,3581,2868,666369338,36,3581,202656,666369350,6772,13552,2308,666369189,47,3556,
2026-09-30,06:39:09.860,1000,989,667017283,44,3352,687,667017310,7042,13296,468,667017331,20,3208,500,667017352,23,3202,398,667017389,35,3411,371,667017366,30,3368,198550,667017366,7030,13346,439,667017319,33,3345,
2026-09-30,06:39:10.860,999,1998,666364539,58,3409,1247,666364580,6968,13367,1326,666364517,31,3270,1716,666364482,35,3240,1563,666364496,32,3445,966,666364571,30,3436,201402,666364542,6965,13421,2695,666364508,52,3440,
2026-09-30,06:39:11.860,999,1598,666376085,62,3406,1060,666376004,7121,13347,848,666375960,42,3260,1405,666375100,52,3270,1325,666375128,54,3449,1143,666375155,45,3416,196456,666375149,7144,13413,1233,666375099,56,3422,
2026-09-30,06:39:12.860,1000,1200,667067223,49,3431,737,667067185,6759,13372,1240,667067208,26,3259,770,667067166,33,3271,962,667067187,30,3439,1465,667067210,37,3455,198332,667066433,6789,13415,1631,667066450,42,3430,
2026-09-30,06:39:13.860,999,10513,666380239,96,3824,8941,666380226,7438,13765,7996,666380199,76,3653,8148,666380230,64,3640,8167,666380192,69,3796,7215,666380142,62,3830,202331,666380198,7458,13804,9091,666380185,79,3782,
2026-09-30,06:39:14.860,999,1665,666379461,89,3474,1673,666379487,7163,13432,1933,666379495,77,3351,1447,666379499,70,3354,2066,666379493,81,3521,1827,666379548,78,3520,198557,666379557,7179,13466,1814,666379610,103,3531,
2026-09-30,06:39:15.861,1000,1137,667041076,58,3403,1151,667041078,7023,13352,2103,667041067,36,3249,2123,667041035,45,3274,1413,667041098,33,3418,681,667041085,34,3434,197164,667041173,6993,13403,1396,667041196,44,3406,
2026-09-30,06:39:16.861,1000,944,667053520,38,3396,474,667053507,6223,13336,531,667053573,25,3213,762,667053519,23,3211,885,667053548,32,3463,485,667053571,17,3423,204496,667053601,6221,13390,985,667053671,31,3412,
2026-09-30,06:39:17.861,999,2792,666366063,46,3441,985,666366053,7049,13378,1602,666366022,48,3307,1155,666366013,40,3312,1519,666366030,42,3521,1553,666365376,38,3469,198509,666365385,7049,13434,2769,666365388,41,3451,
2026-09-30,06:39:18.861,999,1189,666375477,39,3350,972,666375437,7237,13304,772,666375399,32,3237,859,666375348,24,3233,630,666375353,26,3407,532,666375353,32,3382,195518,666375453,7242,13349,668,666374857,40,3378,
2026-09-30,06:39:19.862,1000,1251,667043721,42,3377,1239,667043798,7100,13335,457,667043804,29,3223,686,667043864,29,3226,741,667043908,28,3398,852,667043909,34,3392,192635,667042997,7119,13353,1490,667043033,48,3376,
2026-09-30,06:39:20.861,999,1640,666382366,42,3385,1233,666382429,7346,13328,1114,666381768,27,3265,1007,666381768,22,3239,889,666381787,27,3402,726,666381823,24,3377,194930,666381792,7333,13387,1273,666381896,41,3402,
2026-09-30,06:39:21.861,999,604,666377384,30,3308,526,666377387,7338,13252,442,666377408,13,3187,324,666377426,20,3178,264,666376018,14,3341,196,666375998,23,3332,193184,666375983,7333,13305,379,666375968,20,3296,
2026-09-30,06:39:22.861,999,1195,666392763,46,3364,581,666392759,7264,13289,980,666392768,33,3238,570,666392781,31,3228,674,666392798,31,3414,495,666392818,25,3371,198442,666392868,7289,13341,1244,666392912,46,3363,
2026-09-30,06:39:23.861,1000,730,667050315,43,3331,692,667050292,7378,13263,445,667050332,22,3192,161,667050328,21,3185,181,667050357,16,3323,137,667050435,17,3302,190719,667050392,7370,13324,552,667050526,36,3345,
2026-09-30,06:39:24.861,999,1490,666391575,43,3403,1247,666391626,6916,13359,943,666391635,45,3255,965,666391619,39,3261,625,666391645,44,3417,783,666391750,39,3428,199714,666391876,6914,13404,1172,666392004,56,3411,
2026-09-30,06:39:25.861,999,1291,666396205,28,3332,1021,666396229,7557,13269,547,666396243,23,3237,1307,666396242,27,3226,795,666396231,24,3369,1290,666396278,29,3373,192599,666395540,7559,13321,520,666395466,20,3315,
2026-09-30,06:39:26.862,1000,1357,667041949,51,3388,882,667042003,7114,13361,1743,667042002,29,3297,1140,667042005,34,3243,963,667042019,33,3448,819,667042095,29,3408,199515,667041228,7129,13413,1195,667041251,50,3434,
2026-09-30,06:39:27.861,999,625,666368932,31,3295,333,666369041,7504,13232,1368,666368988,14,3193,252,666368996,17,3178,448,666369034,22,3343,226,666369026,16,3304,191386,666368967,7526,13295,1192,666367975,24,3312,
2026-09-30,06:39:28.861,999,3304,666381496,62,3530,2398,666381427,7390,13428,1809,666381443,46,3377,2347,666381472,39,3351,1968,666381478,45,3513,2288,666381531,37,3488,199750,666380434,7363,13503,3404,666380460,46,3520,
2026-09-30,06:39:29.861,999,960,666387223,28,3329,675,666387243,7289,13297,389,666387182,22,3222,362,666387205,16,3193,926,666387251,19,3376,456,666387305,19,3339,192560,666387286,7305,13335,1193,666387395,25,3369,
2026-09-30,06:39:30.862,1000,468,667043214,27,3294,180,667043252,7477,13236,181,667043260,20,3179,105,667043310,10,3160,156,667043366,14,3320,95,667043481,16,3298,191659,667043481,7482,13315,589,667042728,30,3300,
2026-09-30,06:39:31.861,999,2293,666384552,36,3309,1104,666384618,7457,13254,902,666384618,18,3190,331,666384624,13,3167,426,666384629,21,3329,498,666384610,17,3305,194003,666384661,7437,13316,903,666384695,28,3310,
2026-09-30,06:39:32.861,999,15437,666403919,39,3934,15893,666403878,7121,13872,11167,666403943,23,3748,12373,666403948,30,3744,14592,666403995,23,3927,11805,666404038,29,3946,211256,666404071,7121,13934,13374,666404147,35,3967,
2026-09-30,06:39:33.862,1000,18553,667048848,36,4049,15842,667048878,6916,14011,15366,667048883,31,3893,14112,667048874,37,3881,14179,667048917,39,4110,13613,667048917,41,4073,213553,667048927,6920,14084,16897,667048986,37,4073,
2026-09-30,06:39:34.862,999,2424,666384481,88,3488,1745,666384482,7439,13393,1632,666384430,59,3338,952,666384418,59,3337,1702,666384407,77,3493,1571,666383751,62,3496,193989,666383709,7452,13453,2223,666383741,84,3489,
2026-09-30,06:39:35.861,999,711,666357066,38,3327,713,666357043,7337,13269,652,666357051,22,3203,172,666357041,20,3186,317,666357118,22,3341,147,666357122,21,3315,192467,666357150,7330,13324,464,666356405,35,3323,
2026-09-30,06:39:36.861,999,647,666387911,29,3351,374,666387840,6710,13278,1078,666387795,13,3188,386,666387776,22,3191,231,666387696,17,3373,258,666387648,24,3378,199049,666387650,6709,13353,806,666386715,24,3360,
2026-09-30,06:39:37.862,1000,421,667042180,23,3294,491,667042197,7210,13243,136,667042221,14,3176,450,667042197,16,3168,84,667042215,10,3328,69,667042141,9,3302,197513,667042293,7209,13299,375,667042215,24,3317,
2026-09-30,06:39:38.861,999,2601,666376264,50,3468,2041,666376311,7272,13432,1782,666376306,38,3386,1671,666376305,45,3341,1652,666376268,39,3514,1891,666376396,30,3508,195820,666376347,7264,13480,1664,666376332,35,3481,
2026-09-30,06:39:39.861,999,5620,666384299,75,3694,5562,666384309,7423,13614,3386,666384330,58,3544,3291,666384296,55,3569,3928,666384313,59,3715,4543,666384318,67,3736,196709,666383670,7429,13713,4475,666383612,64,3710,
2026-09-30,06:39:40.862,1000,728,667043765,32,3311,261,667043848,7447,13256,312,667043807,25,3196,166,667043855,23,3174,216,667043871,24,3329,348,667043882,28,3333,192749,667042950,7462,13322,658,667043050,25,3335,
2026-09-30,06:39:41.862,999,844,666371058,29,3283,280,666371111,7466,13235,78,666371146,9,3161,76,666371152,17,3164,1012,666371153,12,3316,132,666370280,18,3303,191869,666370363,7483,13277,318,666370369,17,3286,
2026-09-30,06:39:42.861,999,880,666384335,32,3349,384,666383802,7245,13268,580,666383854,17,3211,330,666383846,20,3199,326,666383859,20,3352,503,666383846,24,3337,195309,666383800,7241,13333,1576,666383865,25,3345,
2026-09-30,06:39:43.861,999,3102,666375903,46,3490,3464,666375898,7660,13425,2634,666375951,32,3376,3000,666375912,34,3368,3832,666376012,32,3514,3379,666376047,35,3485,194196,666376149,7664,13506,2890,666376108,44,3497,
2026-09-30,06:39:44.862,1000,2292,667019983,74,3459,1804,667019965,7410,13477,1751,667019946,67,3389,1829,667019956,64,3368,1670,667019928,68,3517,1377,667019876,59,3502,193849,667019844,7433,13480,1813,667019892,80,3515,
2026-09-30,06:39:45.861,999,2161,666313997,63,3417,1621,666313976,7951,13344,1434,666314014,36,3293,853,666314013,47,3294,1984,666314114,41,3409,901,666314085,45,3385,188942,666314171,7959,13405,1357,666314175,63,3398,
2026-09-30,06:39:46.861,999,2267,666339661,47,3426,2042,666339603,7416,13393,1166,666339595,46,3321,1548,666339587,39,3309,869,666339589,48,3452,1685,666339571,36,3441,192722,666339648,7430,13416,1319,666339640,51,3444,
2026-09-30,06:39:47.862,1000,1423,667049846,42,3361,947,667049860,7203,13309,1323,667049885,31,3229,758,667049903,39,3231,905,667049937,26,3393,493,667049105,32,3385,197117,667049004,7185,13393,882,667049044,36,3348,
2026-09-30,06:39:48.862,999,1024,666364836,30,3325,326,666365073,7076,13272,233,666365100,15,3185,327,666365071,16,3191,306,666365071,16,3356,625,666365056,21,3351,196443,666365093,7098,13331,909,666365049,34,3341,
2026-09-30,06:39:49.861,999,352,666367560,32,3299,145,666367578,7290,13234,43,666367622,11,3154,86,666367638,13,3153,291,666367660,8,3313,40,666367731,10,3296,195648,666366846,7297,13282,465,666366770,23,3308,
2026-09-30,06:39:50.862,1000,116748,667029246,274,11518,114566,667029245,7427,21412,117292,667029263,280,11335,116045,667029264,266,11332,114725,667029271,287,11485,117593,667029245,282,11475,303406,667029323,7459,21414,109152,667028402,293,11336,
2026-09-30,06:39:51.862,999,6540,666382344,170,4339,7152,666382381,7416,14341,7273,666382423,159,4168,7517,666382413,164,4178,7152,666382413,171,4330,6755,666382394,152,4294,200731,666382440,7434,14356,9692,666382343,184,4341,
2026-09-30,06:39:52.861,999,2727,666353115,23,3567,2764,666353133,6608,13520,3093,666353065,45,3431,2151,666353072,51,3416,3208,666353010,48,3648,3175,666353091,43,3621,206590,666353058,6611,13591,3045,666352973,40,3587,
2026-09-30,06:39:53.862,1000,1247,667030007,48,3375,516,667030003,7350,13311,959,667029991,38,3261,1257,667029973,42,3253,687,667029969,29,3395,1486,667029967,34,3381,193976,667029279,7332,13362,1064,667029295,41,3362,
2026-09-30,06:39:54.862,999,11146,666380670,142,3984,6252,666380693,7296,13896,8415,666380730,145,3825,8065,666380772,133,3803,9704,666380871,143,4004,8256,666379869,121,3934,203536,666379838,7264,13935,7055,666379759,134,3961,
2026-09-30,06:39:55.861,999,2297,666339105,78,3478,1892,666339045,7495,13421,2455,666339031,62,3351,961,666339043,55,3325,1318,666339035,53,3459,2061,666339094,62,3489,195654,666339088,7509,13472,2421,666339082,83,3482,
2026-09-30,06:39:56.861,999,7000,666373621,59,3857,6305,666373612,6525,13804,4425,666373609,58,3641,5308,666373599,61,3674,6112,666373601,62,3901,4547,666372836,53,3849,205365,666372825,6548,13825,6861,666372809,46,3850,
2026-09-30,06:39:57.862,1000,2129,667050034,64,3408,1018,667050158,7354,13344,1770,667050157,45,3304,897,667050173,51,3281,1573,667050198,38,3436,1171,667049265,53,3438,195305,667049235,7352,13414,1269,667049115,65,3410,
2026-09-30,06:39:58.862,999,5825,666378682,71,3670,5982,666378705,6766,13630,4883,666378750,52,3521,5739,666378736,53,3495,5791,666378786,55,3703,6150,666378747,55,3714,203476,666377825,6801,13670,6013,666377810,64,3723,
2026-09-30,06:39:59.861,999,2054,666358447,62,3420,1249,666358534,7270,13366,1680,666358481,51,3307,1398,666358480,52,3297,1628,666358494,54,3494,1250,666358468,46,3456,197226,666358454,7241,13415,877,666358531,39,3409,
2026-09-30,06:40:00.862,1000,729,667042266,57,3376,868,667042269,6745,13339,383,667042285,35,3223,507,667042283,33,3217,503,667042284,30,3418,866,667042364,32,3434,197813,667041587,6750,13402,1001,667041595,51,3400,
2026-09-30,06:40:01.862,999,11890,666350315,128,4030,11370,666350334,7303,13999,11351,666350337,123,3899,10171,666350302,106,3895,11958,666350252,92,4043,10189,666350307,100,4034,203051,666350323,7325,13980,10022,666350263,117,4054,
2026-09-30,06:40:02.861,999,880,666379045,41,3363,479,666379016,6955,13299,803,666378976,35,3249,1341,666378974,27,3221,504,666378994,39,3394,765,666378176,30,3408,201774,666378206,6947,13367,1033,666378238,37,3385,
2026-09-30,06:40:03.862,1000,2936,667019393,57,3381,1717,667019446,7561,13336,2137,667019462,43,3284,1068,667019445,42,3261,1688,667019489,41,3385,792,667019575,41,3374,193467,667019622,7551,13364,1015,667019616,47,3362,
2026-09-30,06:40:04.862,999,6807,666367665,122,3913,6781,666367577,7477,13813,6293,666367535,83,3725,6004,666367573,75,3738,7538,666367596,73,3892,7533,666367568,78,3916,198358,666366879,7514,13854,6665,666366803,98,3905,
2026-09-30,06:40:05.862,999,2985,666388708,53,3474,2552,666388011,7077,13413,2158,666388017,37,3342,1342,666387986,42,3315,1210,666388038,44,3485,1141,666387986,33,3468,195572,666388019,7086,13474,2809,666387965,53,3477,
2026-09-30,06:40:06.861,999,29760,666390184,65,4577,27636,666390230,7215,14527,25864,666390198,70,4428,29978,666390181,67,4392,25551,666390251,67,4603,30958,666390348,55,4599,221543,666389643,7241,14578,28141,666389630,76,4583,
2026-09-30,06:40:07.862,1000,3049,667071965,80,3531,2640,667071982,7554,13496,1730,667072003,69,3391,2196,667071987,63,3386,1737,667072007,72,3538,2081,667070012,48,3496,196423,667070049,7536,13509,2731,667070054,69,3535,
2026-09-30,06:40:08.862,999,2653,666371475,57,3486,1455,666371495,7331,13423,1984,666371431,38,3378,1944,666371423,35,3380,3395,666371472,46,3536,1693,666371469,36,3522,198623,666371388,7300,13494,2303,666370423,50,3507,
2026-09-30,06:40:09.862,999,2021,666368197,45,3384,1988,666368170,7285,13346,1672,666368177,36,3273,681,666368166,32,3267,948,666368084,30,3402,640,666367117,27,3395,194422,666367130,7266,13382,1768,666367118,44,3410,
2026-09-30,06:40:10.862,1000,8067,667021606,77,3863,6103,667021621,7717,13775,5949,667021618,52,3731,5905,667021637,47,3674,6029,667021701,49,3849,7768,667021683,61,3870,201428,667021683,7723,13851,7105,667021664,56,3833,
2026-09-30,06:40:11.862,999,451,666385055,34,3318,956,666385049,7231,13284,392,666385054,20,3190,498,666385034,29,3189,200,666384975,27,3347,742,666383428,23,3349,194815,666383496,7222,13309,564,666383449,47,3335,
2026-09-30,06:40:12.862,999,1440,666386757,46,3432,2004,666386725,6925,13422,1300,666386763,47,3329,1788,666386797,44,3290,1635,666386761,35,3511,1186,666386737,42,3484,201258,666385947,6922,13500,1689,666385943,58,3489,
2026-09-30,06:40:13.861,999,4008,666382702,64,3572,4404,666382751,7519,13497,4336,666382742,44,3453,4610,666382739,46,3457,3844,666382695,40,3604,2830,666382121,48,3582,196869,666382078,7517,13582,5359,666382040,55,3585,
2026-09-30,06:40:14.862,1000,2528,667049871,93,3562,2327,667049872,6993,13528,1569,667048687,76,3386,1930,667048707,61,3363,1978,667048750,72,3549,3242,667048722,71,3563,202241,667048711,6985,13532,2931,667048721,93,3585,
2026-09-30,06:40:15.862,999,954,666376163,48,3387,1106,666376169,7409,13319,866,666376204,31,3229,543,666376207,30,3216,871,666376209,32,3392,1064,666375377,30,3356,194457,666375316,7408,13378,978,666375281,41,3373,
2026-09-30,06:40:16.862,999,3557,666380988,56,3627,3996,666381034,7323,13577,3486,666381065,54,3493,2744,666381055,59,3497,3769,666381063,56,3654,4975,666381063,47,3648,199778,666381020,7319,13619,2072,666380881,49,3599,
2026-09-30,06:40:17.862,1000,622,667046679,38,3332,296,667046736,7470,13282,254,667046717,27,3216,404,667046748,33,3222,374,667046815,26,3342,245,667046913,22,3334,193486,667046031,7466,13332,689,667045915,31,3328,
2026-09-30,06:40:18.862,999,1792,666394995,54,3417,1897,666394970,7460,13365,1123,666394970,46,3285,948,666394958,47,3300,1571,666394984,49,3444,1370,666394392,44,3454,195251,666394351,7458,13416,1718,666394310,69,3436,
2026-09-30,06:40:19.862,999,978,666379987,44,3345,1006,666379937,7690,13290,700,666379961,35,3247,476,666379970,31,3246,613,666379935,26,3367,997,666379925,35,3346,191413,666379923,7682,13344,918,666379177,42,3345,
2026-09-30,06:40:20.862,999,1298,666383711,41,3342,310,666383786,7075,13273,617,666383850,20,3192,611,666383881,22,3201,269,666383899,22,3378,426,666383925,25,3362,194204,666383926,7085,13333,1509,666384014,40,3359,
2026-09-30,06:40:21.862,1000,4464,667040580,39,3381,1261,667040574,7380,13333,1774,667040653,23,3289,1927,667040647,28,3267,1049,667040650,35,3420,1181,667040017,34,3408,195252,667039984,7393,13364,1404,667039993,36,3381,
2026-09-30,06:40:22.862,999,2902,666400712,39,3502,2162,666400786,7224,13399,1933,666400817,26,3350,2192,666400844,26,3315,1392,666400913,33,3491,1312,666400949,28,3465,194922,666400973,7213,13439,1991,666399771,43,3479,
2026-09-30,06:40:23.862,999,969,666382550,19,3306,437,666382571,6838,13262,241,666382651,20,3185,186,666382668,16,3166,123,666382689,15,3350,56,666382813,10,3329,197075,666382823,6842,13319,366,666382132,18,3329,
2026-09-30,06:40:24.862,999,2033,666383766,86,3501,2432,666383842,6675,13451,1843,666383875,76,3377,1634,666383869,63,3343,1880,666383212,67,3561,2084,666383218,73,3556,201624,666383239,6678,13517,1938,666383322,69,3507,
2026-09-30,06:40:25.862,1000,1199,667113177,41,3405,981,667113267,7185,13374,1192,667113283,39,3304,1156,667113271,30,3300,1188,667113178,30,3447,1863,667113219,33,3424,197566,667112500,7178,13434,2523,667112523,37,3420,
2026-09-30,06:40:26.862,999,2024,666393005,37,3420,1375,666393034,6883,13350,733,666393068,39,3243,2513,666393094,40,3270,575,666393103,36,3424,517,666392377,31,3416,198986,666392262,6926,13431,1311,666392196,38,3436,
2026-09-30,06:40:27.862,999,913,666384144,25,3283,692,666384200,7583,13218,144,666384161,11,3172,162,666384200,17,3167,365,666384216,16,3293,119,666383534,16,3293,190546,666383533,7599,13270,404,666383545,30,3298,
2026-09-30,06:40:28.863,1000,2348,667044411,37,3467,3216,667044479,6857,13440,2980,667044523,15,3331,2542,667044564,24,3311,3183,667044510,16,3499,2377,667044601,19,3470,199323,667044661,6876,13479,2604,667044623,29,3461,
2026-09-30,06:40:29.863,1000,1211,667054067,40,3388,832,667054101,7300,13329,615,667054070,33,3256,670,667054085,30,3250,1119,667054073,38,3425,1182,667054117,36,3435,192291,667054082,7299,13390,1333,667053995,35,3393,
2026-09-30,06:40:30.863,999,2144,666373498,63,3439,1250,666373610,7762,13348,1199,666373573,50,3310,1091,666373621,46,3305,1427,666373614,57,3448,1917,666373648,62,3443,190351,666372929,7771,13439,1287,666372973,61,3444,
2026-09-30,06:40:31.863,999,1078,666381762,39,3316,696,666381734,7389,13283,288,666381739,17,3197,608,666381734,28,3195,530,666381736,26,3343,572,666381789,24,3337,192219,666380774,7381,13327,825,666380699,29,3342,
2026-09-30,06:40:32.863,1000,870,667042789,27,3321,259,667041675,6934,13278,363,667041665,18,3202,714,667041718,17,3200,291,667041687,12,3353,536,667041646,18,3354,198069,667040343,6955,13314,967,667040352,25,3328,
2026-09-30,06:40:33.863,999,878,666382487,28,3288,520,666382413,7410,13246,116,666382474,14,3171,321,666382458,9,3162,155,666382466,18,3310,214,666382421,8,3298,194201,666382398,7403,13279,483,666382409,20,3303,
2026-09-30,06:40:34.863,999,1491,666382206,61,3399,1030,666382242,6937,13339,605,666382192,48,3242,1017,666382189,39,3229,952,666382224,49,3419,530,666381455,56,3427,199727,666381424,6962,13399,934,666381563,50,3404,
2026-09-30,06:40:35.863,999,1346,666360098,51,3355,967,666360133,7939,13310,1188,666360181,38,3264,1248,666360191,36,3258,795,666360260,35,3350,1345,666360361,33,3337,187331,666360502,7937,13340,1893,666360601,49,3341,
2026-09-30,06:40:36.863,1000,1331,667024324,40,3391,1178,667024287,7133,13351,797,667024248,37,3269,1332,667024254,28,3243,605,667024281,25,3408,706,667024235,31,3415,195861,667024228,7130,13400,1306,667024167,35,3402,
2026-09-30,06:40:37.863,999,1052,666379093,40,3322,708,666379138,7471,13250,295,666379199,19,3195,473,666379231,23,3210,845,666379320,19,3328,703,666379221,21,3315,192183,666379241,7468,13305,752,666379147,34,3319,
2026-09-30,06:40:38.863,999,5642275,666404198,26750,403450,5223556,666404224,32961,413444,5420646,666404200,26114,401430,5319716,666404226,26200,401773,5364700,666404154,26819,402142,5378040,666404058,26847,403680,5633776,666404102,32494,414745,5521094,666404025,27166,403874,
2026-09-30,06:40:39.864,1000,34645,667064160,276,5674,27086,667064101,7444,15713,28842,667064145,301,5633,29155,667064192,279,5605,34389,667064229,287,5806,28411,667064304,286,5703,227819,667064264,7459,15753,30969,667063262,268,5866,
2026-09-30,06:40:40.863,999,29216,666359607,213,5446,27126,666359606,7653,15398,28136,666359558,174,5242,29711,666359536,183,5288,30208,666359666,175,5398,25661,666359585,204,5420,220603,666359580,7616,15418,25465,666359650,216,5443,
2026-09-30,06:40:41.863,999,2839,666386113,118,3519,3998,666386116,8041,13480,2360,666386113,97,3421,1965,666386074,75,3384,1328,666386039,81,3496,2447,666385215,93,3514,190089,666385219,8056,13497,1918,666385188,99,3522,
2026-09-30,06:40:42.863,999,8659,666382412,110,3930,9521,666382389,6881,13929,8686,666382385,101,3875,8077,666382385,111,3860,8287,666382368,122,4108,9207,666382398,104,4060,209099,666381311,6842,14024,9020,666381205,114,4034,
2026-09-30,06:40:43.864,1000,30276,667054550,199,4739,22898,667054513,8195,14718,25532,667054492,195,4654,24330,667054498,201,4700,26257,667054473,179,4792,23915,667053762,190,4753,211750,667053783,8166,14727,22801,667053825,198,4801,
2026-09-30,06:40:44.863,999,27701,666394706,290,5507,26898,666394750,7931,15421,32064,666394777,247,5535,26638,666394777,261,5454,29180,666394815,265,5587,29280,666394064,273,5531,214158,666394038,7942,15392,28819,666393958,274,5513,
2026-09-30,06:40:45.863,999,2563,666367722,109,3562,2785,666367739,7338,13473,3031,666367736,88,3409,1787,666367764,84,3378,2225,666367796,82,3580,1870,666366942,80,3535,195738,666366978,7316,13560,3151,666367036,110,3547,
2026-09-30,06:40:46.864,1000,14271,667023246,137,4505,15500,667023299,7233,14471,16404,667023300,117,4393,17380,667023297,115,4384,18085,667023314,127,4579,13387,667023276,133,4539,209091,667023272,7266,14539,17540,667022381,137,4571,
2026-09-30,06:40:47.863,999,3272,666377712,103,3568,2005,666377707,7281,13518,1857,666377712,86,3443,3261,666377732,92,3425,1548,666377702,87,3572,3475,666377755,87,3601,198777,666377721,7245,13594,3572,666377586,88,3551,
2026-09-30,06:40:48.863,999,4740,666380713,74,3531,2877,666380723,7200,13467,3430,666380687,65,3423,2289,666380683,69,3398,3022,666380698,64,3547,2964,666380042,58,3553,197941,666380049,7213,13524,3360,666379981,76,3533,
2026-09-30,06:40:49.863,999,1768,666385335,79,3417,1526,666385412,7445,13374,1465,666385422,58,3301,1444,666385436,69,3339,1452,666385476,56,3472,2196,666385389,69,3471,195152,666385448,7431,13444,1677,666385474,82,3451,
2026-09-30,06:40:50.864,1000,2658,667057861,76,3539,1413,667057897,6615,13483,2217,667057863,68,3372,1480,667057898,67,3386,2530,667057919,71,3611,2033,667057228,58,3565,204096,667057193,6633,13544,2017,667057017,82,3565,
2026-09-30,06:40:51.863,999,2928,666369352,88,3564,3644,666369298,7747,13506,3200,666369307,74,3469,2516,666369326,82,3462,3870,666369355,80,3596,2549,666368417,68,3570,191339,666368391,7761,13527,2806,666368412,88,3576,
2026-09-30,06:40:52.863,999,1778,666375881,58,3357,619,666375768,7650,13317,290,666375768,40,3242,357,666375768,40,3218,487,666375814,54,3390,268,666375880,42,3366,190676,666375900,7629,13340,1408,666374930,48,3355,
2026-09-30,06:40:53.864,1000,2127,667047339,53,3381,475,667047315,7105,13332,695,667047324,46,3241,488,667047344,48,3236,1064,667047348,35,3384,1358,667047274,39,3383,198330,667046507,7098,13374,2287,667046536,38,3373,
2026-09-30,06:40:54.864,999,5757,666380583,144,3821,4898,666380573,6712,13729,4613,666380568,132,3659,5952,666380579,156,3709,6077,666380562,130,3882,6094,666379724,136,3817,208983,666379770,6724,13760,5805,666379765,143,3797,
2026-09-30,06:40:55.863,999,42537,666363156,161,6393,44807,666363184,7246,16283,45587,666363160,140,6240,41041,666363177,140,6218,46064,666363158,143,6336,44618,666363127,137,6392,240712,666363095,7253,16357,49075,666362317,148,6438,
2026-09-30,06:40:56.863,999,5545,666377463,71,3718,4413,666377510,6635,13690,5142,666377504,67,3575,4397,666377557,58,3576,4214,666377599,66,3783,5947,666377628,64,3789,204627,666377788,6619,13724,5689,666377714,76,3752,
2026-09-30,06:40:57.864,1000,8311,667036985,90,3817,4237,667036979,7482,13787,4052,667036950,75,3695,6318,667036960,81,3707,5882,667037023,78,3837,5649,667037068,82,3850,202576,667036430,7492,13811,5072,667036487,79,3814,
2026-09-30,06:40:58.863,999,8228,666394701,90,3767,7340,666394676,6871,13710,8037,666394771,70,3639,6526,666394780,68,3609,9418,666394775,64,3813,8268,666393927,61,3821,205538,666393869,6874,13793,9717,666393858,70,3795,
2026-09-30,06:40:59.863,999,1649,666373272,66,3380,983,666373292,6605,13327,328,666373257,34,3222,504,666373288,40,3207,346,666373346,40,3448,512,666372516,39,3425,202886,666372511,6588,13393,1337,666372543,62,3421,
2026-09-30,06:41:00.864,1000,294914,667059454,866,22434,285846,667059488,8363,32447,294022,667059558,871,22002,285925,667059520,875,22373,283787,667059505,900,22336,277948,667059558,870,22531,467321,667059631,8416,32473,287538,667059729,875,22681,
2026-09-30,06:41:01.864,999,27333,666418580,207,4987,22329,666418594,7329,14985,24594,666418554,165,4804,22749,666418510,201,4862,23203,666418495,193,5012,21112,666418501,198,5041,215948,666418457,7317,15000,24348,666418485,203,5064,
2026-09-30,06:41:02.863,999,49107,666383589,156,5855,46192,666383645,7270,15753,47886,666383665,139,5619,43050,666383703,149,5686,46135,666383761,142,5983,42141,666383835,148,5869,239455,666383856,7282,15834,44592,666383903,146,5944,
2026-09-30,06:41:03.863,999,6052,666379782,132,3879,6662,666379775,7190,13859,7117,666379794,129,3737,6099,666379776,125,3780,5756,666379793,128,3906,4973,666379845,121,3895,199957,666379819,7219,13870,5286,666379853,131,3890,
2026-09-30,06:41:04.864,1000,21842,667052210,197,4999,20875,667052287,7316,14940,25309,667052275,202,4948,24682,667052292,190,4892,22189,667052340,180,5112,28680,667052378,196,5071,220254,667052438,7333,15034,23264,667052478,202,4995,
2026-09-30,06:41:05.864,999,5180,666390146,100,3716,4989,666390107,7197,13663,4354,666390115,79,3604,4147,666390131,75,3596,3719,666390187,76,3737,5152,666390226,65,3732,199344,666390269,7203,13703,5228,666390306,76,3706,
2026-09-30,06:41:06.863,999,33132,666342074,141,5665,30214,666342129,7195,15522,36879,666342198,126,5509,31651,666342239,133,5480,35620,666342240,121,5772,34746,666342238,104,5702,232196,666342152,7211,15669,34233,666342047,126,5586,
2026-09-30,06:41:07.864,1000,2944,667073976,104,3564,3412,667073919,7049,13541,2677,667073899,82,3418,2731,667073866,79,3405,1872,667073864,80,3609,3269,667073840,65,3572,201133,667073725,7067,13601,2257,667073703,108,3624,
2026-09-30,06:41:08.864,999,18716,666390763,142,4708,17542,666390785,7608,14591,16896,666390846,126,4561,18653,666390870,132,4559,17633,666390877,132,4733,18417,666390876,133,4711,207611,666390889,7615,14678,17457,666390896,135,4708,
2026-09-30,06:41:09.863,999,1907,666363185,86,3510,1667,666363242,7799,13451,1321,666363275,64,3420,1799,666363293,62,3379,2825,666363253,66,3512,1612,666363213,69,3525,189564,666363097,7822,13500,2464,666363047,77,3501,
2026-09-30,06:41:10.863,999,6578,666380589,101,3833,5140,666380628,6758,13781,5463,666380662,108,3748,7483,666380644,93,3739,6086,666380690,88,3887,6352,666380784,116,3949,205511,666380215,6766,13868,5744,666380089,97,3882,
2026-09-30,06:41:11.864,1000,3960,667041194,74,3531,2667,667041162,7141,13503,2144,667041199,80,3396,2164,667041257,78,3428,1679,667041266,64,3578,2340,667040423,66,3552,198646,667040439,7160,13569,1845,667040352,91,3547,
2026-09-30,06:41:12.864,999,955,666384452,71,3390,772,666384522,7029,13347,873,666384557,53,3282,927,666384568,48,3265,790,666384628,48,3444,844,666384758,43,3434,196719,666383812,7044,13414,1207,666383729,62,3412,
2026-09-30,06:41:13.863,999,11806,666381678,65,3811,10937,666381747,7040,13745,13432,666381759,51,3672,13092,666381726,52,3647,12714,666381780,49,3826,12119,666380872,47,3795,205071,666380937,7041,13801,12690,666380918,68,3796,
2026-09-30,06:41:14.864,1000,9482,667045072,198,4102,10005,667045093,7261,14078,7492,667045125,203,3963,9398,667045100,194,4038,11026,667045081,180,4167,9291,667045091,186,4104,202472,667045160,7276,14120,8016,667045262,200,4114,
2026-09-30,06:41:15.865,1000,814,667042833,73,3450,1731,667042819,6757,13405,914,667042820,66,3286,1023,667042803,51,3267,492,667042869,65,3474,795,667042786,47,3467,202941,667042777,6753,13448,1340,667041773,76,3461,
2026-09-30,06:41:16.865,999,3212,666404600,59,3501,2109,666404685,7497,13436,1448,666404664,54,3344,2271,666404670,49,3364,1958,666404692,48,3513,3119,666404718,47,3509,194222,666404696,7520,13481,2226,666404707,74,3517,
2026-09-30,06:41:17.864,999,854,666379846,56,3385,782,666379863,6974,13347,905,666379869,40,3268,833,666379878,44,3254,585,666379948,47,3445,901,666379975,34,3420,200143,666380069,6986,13392,1028,666379367,58,3410,
2026-09-30,06:41:18.865,1000,2527,667047273,65,3440,1598,667047263,7186,13369,990,667047289,47,3305,1230,667047301,63,3304,1008,667047271,52,3460,1307,667046166,54,3470,196158,667046147,7182,13462,1524,667046202,69,3462,
2026-09-30,06:41:19.865,999,2924,666366543,73,3485,1944,666366510,6936,13453,1810,666366546,54,3368,1306,666366550,41,3334,1784,666366586,51,3498,1130,666366604,44,3494,198775,666366612,6928,13515,2517,666366562,56,3503,
2026-09-30,06:41:20.864,999,1172,666357678,42,3357,538,666357768,6869,13294,386,666357782,23,3196,969,666357825,26,3197,321,666357917,27,3376,223,666357853,25,3366,198051,666357848,6875,13333,709,666357885,34,3359,
2026-09-30,06:41:21.864,999,981,666377076,32,3318,937,666377104,6915,13274,654,666377137,21,3194,154,666377089,26,3182,233,666377116,30,3355,240,666376384,22,3360,197950,666376430,6909,13333,587,666376428,32,3334,
2026-09-30,06:41:22.865,1000,910,667045142,53,3371,657,667045181,7050,13329,704,667045274,29,3237,472,667045283,26,3244,903,667045321,25,3391,640,667044268,35,3392,198467,667044248,7053,13377,1405,667044327,30,3363,
2026-09-30,06:41:23.865,999,825,666382685,47,3392,961,666380730,7180,13330,554,666380765,32,3223,712,666380780,35,3216,551,666380778,30,3414,939,666380900,37,3392,195125,666380096,7190,13362,1139,666380088,51,3358,
2026-09-30,06:41:24.864,999,2209,666382666,79,3497,2306,666382632,6837,13450,2334,666382693,62,3381,2745,666382727,77,3409,1629,666382743,76,3573,1962,666382772,75,3532,202335,666382782,6801,13499,3148,666381859,82,3542,
2026-09-30,06:41:25.865,1000,4574,667042289,63,3566,2562,667042331,7145,13512,4290,667042334,39,3456,2607,667042364,48,3429,3379,667042389,45,3637,3365,667041752,48,3662,198251,667041624,7145,13637,4569,667041678,63,3588,
2026-09-30,06:41:26.865,999,2202,666367480,40,3352,902,666367453,7437,13305,951,666367464,29,3232,1234,666367449,37,3239,552,666367486,38,3388,879,666367506,34,3370,192742,666367480,7447,13358,820,666367484,35,3368,
2026-09-30,06:41:27.865,999,886,666374513,45,3349,372,666374539,7256,13280,264,666374535,28,3211,1122,666374522,22,3221,762,666374529,35,3360,472,666374621,21,3346,196080,666374732,7252,13340,813,666374795,34,3357,
2026-09-30,06:41:28.865,1000,16216,667051298,68,4057,14763,667051358,6725,14019,15063,667051398,48,3890,17043,667051445,55,3893,14761,667051486,46,4107,13074,667050842,45,4059,220010,667050809,6739,14105,13827,667050765,71,4052,
2026-09-30,06:41:29.866,1000,33456,667045285,70,4612,26661,667045305,7000,14581,27180,667045281,47,4491,31175,667045248,57,4532,27284,667045206,52,4748,30686,667045250,47,4691,225706,667045223,7029,14677,28201,667045246,67,4657,
2026-09-30,06:41:30.866,999,2682,666354553,71,3570,1847,666354550,7451,13491,2091,666354501,69,3425,1779,666354460,56,3408,1735,666354430,68,3565,1769,666354404,73,3566,195785,666354409,7457,13523,3020,666354440,74,3539,
2026-09-30,06:41:31.865,999,3455,666379760,66,3500,1876,666379706,7129,13443,2595,666379690,65,3362,1574,666379702,55,3345,2242,666379660,62,3542,2191,666378815,57,3536,201034,666378851,7148,13511,3200,666378847,61,3531,
2026-09-30,06:41:32.866,1000,7389,667052758,46,3841,5923,667052751,6929,13721,6385,667052768,24,3704,8010,667052775,33,3699,6843,667052800,24,3858,8754,667052815,33,3861,206601,667052844,6942,13827,8142,667052862,29,3811,
2026-09-30,06:41:33.866,999,1273,666381585,35,3322,579,666381607,6993,13250,326,666381665,17,3173,434,666381676,18,3169,286,666381680,18,3353,457,666380847,26,3343,197216,666380852,6995,13322,461,666380836,28,3326,
2026-09-30,06:41:34.866,999,3769,666378585,125,3650,3069,666378595,7434,13613,4377,666378630,98,3578,4359,666378619,116,3582,3467,666378621,97,3715,3699,666378562,101,3709,195839,666378634,7432,13687,4000,666377793,112,3689,
2026-09-30,06:41:35.866,1000,1427,667041887,52,3387,679,667041920,7336,13328,500,667042003,32,3239,565,667042033,38,3246,597,667042008,35,3369,512,667041909,43,3388,195765,667041874,7321,13413,851,667042008,48,3388,
2026-09-30,06:41:36.867,1000,2224,667045600,53,3467,1684,667045621,7120,13391,1902,667045659,45,3334,2350,667045685,41,3320,1009,667045683,45,3471,1587,667045837,44,3471,201406,667045828,7129,13476,1575,667045941,54,3445,
2026-09-30,06:41:37.867,999,952,666376533,37,3342,309,666376572,7049,13285,451,666376597,18,3194,354,666376560,24,3194,421,666376593,18,3353,712,666375924,24,3372,196529,666375976,7079,13347,1343,666376063,28,3358,
2026-09-30,06:41:38.867,999,12559,666364397,83,3893,9214,666364471,7999,13870,7243,666364510,49,3791,8516,666364503,57,3826,7385,666364521,62,3942,9532,666364526,52,3972,196020,666364519,8029,13906,7277,666364463,72,3915,
2026-09-30,06:41:39.867,1000,2291,667054639,57,3464,2039,667054642,7290,13433,1290,667054612,48,3334,1834,667054632,38,3292,1398,667054674,41,3468,2331,667053955,48,3488,196197,667054026,7296,13454,3353,667054018,36,3458,
2026-09-30,06:41:40.867,999,544,666361483,32,3309,356,666361473,7562,13250,473,666361482,21,3200,538,666361555,21,3185,1045,666361528,24,3338,322,666361482,24,3324,194313,666361433,7553,13304,630,666361392,39,3327,
2026-09-30,06:41:41.867,999,2523,666362224,60,3457,2754,666362206,7179,13410,2128,666362192,41,3324,1401,666362124,42,3292,2497,666362136,48,3503,1839,666362140,55,3473,196444,666362132,7183,13459,3548,666362099,53,3476,
2026-09-30,06:41:42.867,1000,2339,667029126,52,3487,1739,667029111,7350,13427,2982,667029077,41,3380,1800,667029078,34,3319,3851,667029101,44,3521,3287,667028432,42,3507,195489,667028387,7335,13545,3048,667028439,48,3551,
2026-09-30,06:41:43.867,999,712,666360105,29,3326,452,666360119,7032,13259,516,666360093,26,3201,197,666360085,17,3178,284,666360063,19,3360,247,666360012,18,3331,196600,666360009,7070,13308,284,666359979,20,3304,
2026-09-30,06:41:44.867,999,5999,666380235,95,3676,5067,666380225,7718,13622,4983,666380199,80,3574,4847,666380180,81,3559,4930,666380171,71,3687,4737,666380163,75,3665,194631,666379500,7725,13651,5621,666379466,95,3718,
2026-09-30,06:41:45.867,999,621,666386287,34,3323,721,666386295,7281,13261,455,666386318,28,3211,321,666384273,30,3207,520,666384260,32,3358,251,666384328,26,3333,198632,666384361,7298,13325,412,666384409,27,3317,
2026-09-30,06:41:46.867,1000,20699,667034919,65,4151,17295,667034906,7473,14064,16169,667034903,34,3952,18421,667034909,43,3949,18501,667034958,41,4118,17128,667034949,40,4068,213573,667034203,7459,14106,18621,667034221,49,4110,
2026-09-30,06:41:47.867,999,2743,666378164,66,3464,2449,666378167,7518,13418,1475,666378158,46,3340,2529,666378159,51,3359,1279,666378228,60,3501,1271,666377519,49,3467,195696,666377393,7530,13456,1766,666377352,68,3471,
2026-09-30,06:41:48.867,999,969,666381445,43,3353,984,666381507,7308,13328,1508,666381475,26,3245,1904,666381502,26,3245,1730,666381496,26,3398,423,666380936,25,3376,192471,666380899,7299,13349,1423,666380981,46,3381,
2026-09-30,06:41:49.868,1000,1129,667081616,38,3327,437,667081684,7272,13283,259,667081669,23,3209,272,667081703,21,3185,457,667081741,21,3367,929,667081659,18,3356,198002,667080901,7249,13348,471,667080796,28,3347,
2026-09-30,06:41:50.867,999,2379,666373523,48,3434,1022,666373597,7792,13372,1273,666373608,42,3310,1261,666373626,44,3317,2488,666373710,40,3424,1544,666373080,55,3441,192712,666373047,7775,13423,1814,666373038,49,3421,
2026-09-30,06:41:51.867,999,1081,666367441,41,3360,542,666367451,6927,13300,269,666367414,23,3192,229,666367382,20,3183,112,666367387,25,3362,182,666367283,28,3370,198468,666367274,6935,13328,480,666367260,35,3353,
2026-09-30,06:41:52.867,999,898,666378361,31,3360,1162,666378362,6783,13308,432,666378335,23,3222,769,666378331,23,3211,537,666378349,35,3436,568,666378262,24,3419,201485,666378190,6799,13391,1313,666378228,41,3412,
2026-09-30,06:41:53.867,1000,627,667042553,35,3293,329,667042601,7629,13244,299,667042612,16,3188,348,667042636,21,3198,320,667042643,16,3305,294,667042568,19,3318,191230,667041654,7628,13294,395,667041694,30,3310,
2026-09-30,06:41:54.867,999,2176,666377245,89,3479,2007,666377268,6591,13425,1483,666377221,64,3336,1181,666377210,54,3297,2099,666377268,69,3527,833,666377258,60,3503,204470,666376281,6608,13491,1610,666376300,82,3521,
2026-09-30,06:41:55.867,999,1029,666381908,37,3341,968,666381865,7138,13268,218,666381827,20,3190,600,666381810,21,3197,349,666381820,21,3354,363,666381038,25,3351,192881,666380970,7157,13338,715,666380937,41,3350,
2026-09-30,06:41:56.868,1000,985,667053509,33,3380,813,667053465,7159,13326,692,667053491,20,3224,284,667053482,21,3196,456,667053539,21,3376,315,667052775,19,3349,195572,667052787,7179,13373,1372,667052833,28,3379,
2026-09-30,06:41:57.867,999,1411,666389443,41,3363,395,666389523,6726,13289,1520,666389492,20,3215,671,666389504,19,3226,1247,666389539,18,3400,1268,666388905,16,3392,199780,666388998,6709,13370,859,666388963,40,3394,
2026-09-30,06:41:58.867,999,1510,666392294,34,3345,341,666392298,7172,13268,547,666392274,26,3203,261,666392252,27,3201,245,666392205,20,3360,898,666391523,21,3344,194838,666391446,7163,13331,966,666391536,31,3351,
2026-09-30,06:41:59.867,999,2467,666376503,60,3517,2880,666376465,7309,13475,3330,666376449,46,3420,3569,666376404,39,3365,3161,666376389,37,3562,3404,666376411,41,3550,196313,666375784,7323,13534,3740,666375701,51,3536,
2026-09-30,06:42:00.868,1000,3764,667046922,56,3585,4301,667046982,7323,13526,2609,667046925,27,3432,2625,667046885,33,3426,2491,667046946,32,3607,3120,667046941,31,3579,195683,667045195,7343,13557,3782,667045113,41,3592,
2026-09-30,06:42:01.867,999,1546,666378739,43,3408,1158,666378759,7317,13354,1394,666378766,36,3318,1329,666378790,34,3290,1539,666378814,33,3444,1318,666377850,30,3430,194881,666377885,7333,13407,2170,666377873,40,3424,
2026-09-30,06:42:02.867,999,1881,666350924,21,3329,744,666350895,7234,13249,818,666350942,16,3227,427,666350910,21,3193,300,666350922,26,3365,285,666350925,17,3364,196686,666350824,7231,13314,593,666350801,21,3329,
2026-09-30,06:42:03.868,1000,1266,667050245,31,3324,334,667050244,6944,13270,199,667050238,19,3197,233,667050278,15,3168,103,667050327,16,3358,233,667050309,18,3361,196465,667050378,6959,13329,624,667050438,32,3346,
2026-09-30,06:42:04.867,999,36747,666371071,136,4745,26306,666371046,7132,14727,32273,666371039,112,4640,32156,666371014,131,4655,30025,666370975,102,4753,31241,666369793,102,4769,220634,666369872,7130,14738,32674,666369895,113,4815,
2026-09-30,06:42:05.867,999,3217,666373997,62,3454,1597,666374013,7408,13401,2214,666374071,51,3329,2330,666374145,49,3325,2126,666374238,56,3487,1268,666374217,49,3475,195455,666373374,7437,13466,2934,666373419,55,3481,
2026-09-30,06:42:06.867,999,2034,666386686,44,3408,1016,666386715,7467,13367,1108,666386706,38,3307,1178,666386780,34,3284,754,666386746,26,3417,1172,666385555,29,3401,196589,666385587,7485,13414,1095,666385517,45,3413,
2026-09-30,06:42:07.868,1000,1380,667050814,67,3380,1070,667050803,7828,13327,1261,667050776,23,3248,986,667050812,35,3267,1234,667050802,32,3369,881,667049756,25,3342,189264,667049731,7813,13355,1584,667049770,36,3347,
2026-09-30,06:42:08.867,999,6228,666383168,53,3709,5105,666383223,7325,13610,5306,666383224,33,3564,7828,666383207,37,3528,5777,666383208,46,3695,4874,666383293,42,3704,196620,666383264,7369,13689,5069,666383223,53,3703,
2026-09-30,06:42:09.867,999,1505,666380559,44,3404,1145,666380612,6847,13353,908,666380734,30,3260,805,666380739,24,3253,659,666380806,25,3447,831,666380184,32,3445,199384,666380191,6877,13404,1386,666380178,39,3419,
2026-09-30,06:42:10.868,1000,848,667023708,30,3326,548,667023719,6980,13280,255,667023773,23,3208,475,667023742,16,3202,858,667023740,23,3389,926,667023842,18,3356,197967,667023828,6998,13352,901,667023811,36,3355,
2026-09-30,06:42:11.868,999,1524,666385025,54,3406,1789,666385038,7003,13363,1806,666385084,41,3293,1861,666385068,31,3260,1557,666385041,37,3461,589,666385042,31,3403,200123,666385001,6968,13425,2267,666384292,45,3438,
2026-09-30,06:42:12.867,999,2031,666391749,35,3384,1655,666391786,7367,13329,752,666391826,26,3279,808,666391794,34,3261,1156,666391837,35,3443,1085,666391998,34,3409,195260,666391087,7362,13373,1366,666391062,43,3393,
2026-09-30,06:42:13.867,999,1490,666396654,42,3325,879,666396718,7455,13271,560,666396773,24,3211,165,666396793,22,3188,295,666396750,26,3344,214,666396822,17,3315,193929,666396722,7452,13314,927,666395775,31,3326,
2026-09-30,06:42:14.868,1000,5398,667045890,101,3638,4636,667045871,7368,13604,6228,667045884,73,3509,3969,667045863,75,3497,5235,667045821,81,3667,4915,667045875,79,3662,199236,667045851,7367,13684,4497,667045854,83,3639,
2026-09-30,06:42:15.867,999,2281,666386259,75,3451,1489,666386226,7630,13419,1622,666386213,56,3338,1733,666386233,66,3406,1815,666386269,57,3482,1522,666386226,57,3477,193781,666386249,7624,13476,2692,666386162,84,3502,
2026-09-30,06:42:16.867,999,464,666401196,31,3341,504,666401211,6639,13292,238,666401162,22,3191,247,666401168,26,3191,598,666401139,26,3428,287,666401139,19,3390,200354,666399828,6652,13361,627,666399832,33,3378,
2026-09-30,06:42:17.867,999,1791,666372630,34,3357,807,666372599,7275,13293,656,666372621,29,3246,755,666372629,27,3221,882,666372665,33,3386,799,666371879,27,3377,193231,666372006,7284,13357,1042,666372005,32,3350,
2026-09-30,06:42:18.868,1000,756,667046717,28,3317,191,667046765,6973,13257,209,667046735,17,3170,177,667046683,22,3187,232,667046697,18,3352,240,667046726,14,3336,200920,667046702,6956,13357,588,667046757,34,3350,
2026-09-30,06:42:19.867,999,352,666367047,29,3294,474,666367109,7419,13234,465,666367106,14,3175,137,666367112,14,3168,116,666367198,16,3319,113,666367108,15,3302,192827,666367028,7402,13296,567,666366874,20,3302,
2026-09-30,06:42:20.867,999,1134,666378510,39,3357,1112,666378495,6792,13297,576,666378472,16,3191,328,666378474,36,3215,332,666378427,25,3387,253,666378391,26,3380,198862,666377842,6810,13370,651,666377870,29,3368,
2026-09-30,06:42:21.868,1000,560,667044215,34,3311,629,667044290,7430,13271,189,667044307,23,3189,130,667044286,17,3184,152,667044284,14,3325,696,667043374,19,3334,192393,667043411,7457,13329,1251,667043466,24,3313,
2026-09-30,06:42:22.868,999,445,666377597,21,3327,276,666377575,6349,13260,191,666377617,13,3155,570,666377642,6,3150,62,666377684,6,3375,253,666377632,13,3381,205019,666377593,6368,13337,577,666377586,21,3335,
2026-09-30,06:42:23.867,999,747,666380109,31,3293,712,666379575,7596,13254,544,666379555,22,3193,262,666379561,18,3183,299,666379554,15,3316,279,666379591,27,3320,194859,666379626,7580,13300,412,666379588,30,3308,
2026-09-30,06:42:24.867,999,901,666380655,66,3391,997,666380602,7244,13299,767,666380600,45,3233,617,666380624,45,3233,355,666380607,41,3387,665,666379990,45,3383,197068,666380044,7233,13356,1201,666380055,48,3369,
2026-09-30,06:42:25.868,1000,1222,667077729,38,3403,1594,667077702,7146,13367,1712,667077654,22,3284,1348,667077656,18,3270,1297,667077640,23,3448,1658,667077630,29,3445,197854,667077597,7160,13434,1143,667077644,39,3440,
2026-09-30,06:42:26.868,999,2650,666360619,55,3504,1280,666360662,7487,13415,2034,666360793,44,3382,1828,666360777,41,3334,2115,666360812,40,3503,2128,666360754,38,3519,193871,666360793,7505,13491,3011,666360826,57,3517,
2026-09-30,06:42:27.867,999,1243,666349995,49,3383,1042,666350025,7314,13311,1059,666350059,30,3239,562,666350020,38,3229,815,666348675,30,3393,1311,666348593,32,3395,192008,666348653,7368,13368,967,666348776,39,3373,
2026-09-30,06:42:28.868,1000,1824,667041732,28,3333,779,667041788,7306,13282,507,667041751,19,3199,613,667041754,14,3185,950,667041774,19,3363,371,667041822,16,3332,193971,667041811,7316,13347,396,667041748,30,3336,
2026-09-30,06:42:29.868,999,3000,666364075,44,3451,3473,666364096,7149,13408,1746,666364075,26,3330,3245,666364068,37,3323,2542,666364070,36,3500,2819,666364116,30,3476,193780,666363266,7170,13473,1826,666363235,45,3489,
2026-09-30,06:42:30.867,999,884,666381776,35,3293,372,666381805,7342,13233,405,666381768,18,3175,437,666381761,15,3159,100,666381795,14,3314,168,666381902,16,3316,193445,666381930,7335,13284,765,666381875,33,3297,
2026-09-30,06:42:31.868,1000,1829,667050779,46,3403,1323,667050767,7117,13331,1348,667050775,32,3242,774,667050752,40,3244,637,667050742,44,3409,1209,667050692,38,3395,196268,667050757,7127,13416,1651,667050835,40,3397,
2026-09-30,06:42:32.869,1000,591,667039980,35,3318,243,667040019,7020,13264,219,667039975,14,3180,377,667040028,18,3175,676,667040129,11,3339,425,667039395,21,3363,198218,667039480,7054,13359,604,667039523,26,3335,
2026-09-30,06:42:33.869,999,1354,666380907,18,3319,104,666380958,6713,13239,60,666381000,9,3158,84,666381036,10,3152,68,666380993,9,3352,72,666380186,12,3335,197423,666380225,6721,13298,388,666380235,13,3318,
2026-09-30,06:42:34.868,999,2329,666383348,57,3424,702,666383325,7224,13356,835,666383253,51,3295,1358,666383196,46,3285,1184,666383163,40,3431,2368,666383207,40,3437,198461,666383237,7231,13423,1160,666382579,49,3440,
2026-09-30,06:42:35.869,1000,30902,667043184,68,4476,26521,667043233,7155,14424,30613,667043196,50,4354,30327,667043206,48,4350,27336,667043250,65,4504,29088,667043159,55,4481,227389,667042376,7136,14504,26306,667042356,60,4467,
2026-09-30,06:42:36.869,999,927,666378870,47,3356,313,666378922,6946,13281,145,666378870,14,3190,131,666378850,14,3177,886,666378848,24,3376,382,666378055,21,3339,200743,666378068,6922,13347,933,666378279,30,3356,
2026-09-30,06:42:37.868,999,1618,666316846,39,3368,677,666316935,6899,13324,375,666316947,19,3219,406,666316983,22,3215,1260,666316974,25,3415,710,666317014,25,3415,197762,666316956,6933,13377,1307,666316923,28,3401,
2026-09-30,06:42:38.869,1000,7228,667042526,61,3814,6313,667042481,7179,13737,7731,667042470,40,3728,7885,667042480,39,3698,7036,667042521,46,3869,8745,667042551,32,3826,200436,667042583,7179,13786,7833,667042676,43,3826,
2026-09-30,06:42:39.869,999,1656,666380096,45,3432,2381,666380064,6937,13404,893,666380141,24,3298,1073,666380140,25,3272,1936,666380130,32,3481,1203,666380145,19,3461,200863,666380169,6936,13452,1820,666379051,42,3463,
2026-09-30,06:42:40.869,999,1146,666377859,35,3349,733,666377864,6978,13297,706,666377805,28,3226,967,666377808,21,3213,426,666377794,16,3373,459,666377735,26,3381,198178,666377713,6952,13350,823,666377709,28,3379,
2026-09-30,06:42:41.868,999,1376,666387374,21,3355,746,666387415,7277,13295,911,666387441,26,3204,766,666387488,20,3195,399,666387517,30,3355,325,666387523,22,3335,193652,666387431,7290,13340,1370,666387411,30,3356,
2026-09-30,06:42:42.869,1000,1305,667045184,43,3343,1315,667045185,7524,13326,882,667045244,41,3259,1767,667045272,38,3258,683,667045303,45,3399,954,667045319,41,3374,193807,667045329,7533,13383,1355,667045303,51,3411,
2026-09-30,06:42:43.869,999,914,666384844,31,3332,1786,666384916,7334,13285,359,666384918,27,3211,667,666384936,15,3191,774,666384945,15,3343,571,666384948,15,3310,194069,666384055,7334,13322,424,666384125,35,3332,
2026-09-30,06:42:44.868,999,3956,666388476,77,3566,2817,666388522,7399,13504,3640,666388585,60,3436,2948,666388570,57,3445,3180,666388583,46,3597,3395,666388576,57,3590,198351,666388608,7409,13545,2890,666388584,71,3558,
2026-09-30,06:42:45.869,1000,983,667051329,37,3316,294,667051350,7479,13244,141,667051330,17,3179,175,667051314,19,3180,56,667051290,8,3300,230,667051245,15,3326,193293,667050435,7488,13306,706,667050540,35,3314,
2026-09-30,06:42:46.869,999,1001,666378837,43,3364,623,666378837,7154,13310,695,666378853,33,3243,432,666378870,35,3225,1095,666378897,35,3419,956,666378882,35,3419,192536,666378221,7157,13369,903,666378174,46,3406,
2026-09-30,06:42:47.869,999,929,666430050,33,3301,1309,666430108,7701,13273,806,666430144,18,3214,424,666430153,22,3206,551,666430110,15,3323,1456,666430059,21,3334,191435,666430058,7714,13332,859,666430006,32,3328,
2026-09-30,06:42:48.869,999,1089,666392661,29,3364,1065,666392724,7278,13286,471,666392738,24,3214,480,666392739,27,3218,438,666392704,21,3374,524,666392810,17,3345,196661,666392736,7269,13349,806,666392003,23,3359,
2026-09-30,06:42:49.869,1000,432,667045307,18,3290,90,667045328,7173,13230,20,667045283,2,3149,30,667045256,5,3143,89,667045270,15,3338,58,667045283,11,3308,195277,667045288,7167,13276,247,667045371,8,3285,
2026-09-30,06:42:50.869,999,798,666388839,22,3286,267,666388794,7617,13223,209,666388798,15,3173,735,666388838,13,3167,262,666388839,15,3300,490,666388830,19,3307,192579,666388785,7616,13275,408,666388813,26,3288,
2026-09-30,06:42:51.869,999,841,666377807,28,3266,605,666377825,7666,13210,102,666377775,11,3168,116,666377877,9,3162,272,666377837,10,3298,360,666377961,13,3286,192803,666378171,7652,13257,430,666378074,24,3272,
2026-09-30,06:42:52.868,999,678,666375604,26,3298,286,666375598,7282,13255,181,666375657,10,3184,334,666375661,7,3158,335,666375660,11,3331,88,666375540,6,3302,195715,666375553,7268,13310,404,666375754,24,3321,
2026-09-30,06:42:53.869,1000,1549,667068105,28,3319,933,667068107,7518,13311,338,667068150,12,3193,854,667068177,14,3225,415,667068316,18,3358,565,667068321,16,3348,191956,667068396,7497,13333,1230,667068309,30,3343,
2026-09-30,06:42:54.869,999,1230,666364060,55,3375,998,666364012,7229,13322,334,666363992,38,3221,532,666363945,32,3242,325,666363923,33,3377,645,666363897,27,3388,195972,666363888,7258,13340,1032,666363137,46,3379,
2026-09-30,06:42:55.869,999,553,666383520,34,3346,349,666383513,6834,13284,1302,666383498,29,3232,1192,666383514,28,3215,490,666383573,21,3397,455,666383610,25,3388,197424,666383528,6843,13356,610,666383459,37,3357,
2026-09-30,06:42:56.869,1000,1322,667024307,36,3387,1120,667024308,6786,13357,807,667024261,24,3251,767,667024243,29,3243,489,667024224,24,3431,737,667024092,25,3431,199716,667024099,6795,13408,827,667024053,35,3399,
2026-09-30,06:42:57.869,999,1028,666415072,34,3334,424,666415148,6979,13275,1322,666415209,20,3204,562,666415212,15,3186,508,666415309,20,3388,459,666414500,23,3359,195972,666414420,6984,13323,417,666414528,31,3338,
2026-09-30,06:42:58.869,999,774,666380026,26,3311,406,666380040,7285,13258,495,666380063,21,3201,291,666380041,14,3187,681,666380012,22,3360,373,666379186,20,3328,196353,666379250,7262,13306,891,666379243,29,3333,
2026-09-30,06:42:59.869,999,4058,666373320,64,3538,3039,666373269,7589,13441,2453,666373249,42,3369,2853,666373261,51,3384,2805,666373283,48,3530,3117,666373160,40,3533,192368,666372425,7612,13504,2704,666372443,45,3478,
2026-09-30,06:43:00.869,1000,1071,667044087,28,3334,232,667044059,6439,13294,154,667044061,14,3177,188,667044045,14,3174,379,667044068,12,3380,401,667044143,19,3387,202478,667043099,6468,13345,706,667043008,24,3359,
2026-09-30,06:43:01.869,999,645,666370749,28,3322,763,666370758,6746,13261,345,666370729,10,3187,116,666370729,9,3164,197,666370755,10,3372,162,666370187,10,3349,199313,666370189,6756,13342,411,666370228,21,3347,
2026-09-30,06:43:02.869,999,924,666370886,27,3302,225,666370177,7147,13240,237,666370190,21,3194,679,666370209,18,3168,795,666370176,16,3332,256,666370120,16,3321,198015,666370075,7144,13300,650,666370104,19,3304,
2026-09-30,06:43:03.869,1000,2524,667040480,35,3523,2841,667040465,7090,13489,2786,667040466,16,3401,2940,667040445,23,3390,2516,667040390,16,3591,2527,667040420,17,3558,200275,667040458,7106,13556,2799,667039741,24,3539,
2026-09-30,06:43:04.869,999,4586,666380315,76,3636,3353,666380442,7133,13560,4065,666380419,59,3530,2769,666380382,56,3471,4831,666380380,56,3672,3703,666380462,48,3665,199543,666380483,7129,13626,4560,666380469,83,3695,
2026-09-30,06:43:05.869,999,3163,666389230,65,3591,2494,666389191,7308,13537,2776,666389163,41,3464,2809,666389169,50,3466,4553,666389185,39,3620,3834,666389301,47,3583,196201,666388268,7307,13576,3970,666388209,57,3602,
2026-09-30,06:43:06.869,999,1741,666395901,60,3444,1006,666395915,7229,13377,1200,666395932,42,3305,1827,666395911,44,3322,1859,666395995,55,3499,1156,666396133,47,3455,196540,666396181,7235,13463,2055,666396201,54,3450,
2026-09-30,06:43:07.869,1000,454,667048021,27,3288,498,667048089,7256,13268,205,667048137,18,3186,554,667048114,22,3186,789,667048179,15,3339,650,667048254,19,3332,194096,667048328,7266,13306,524,667048446,24,3289,
2026-09-30,06:43:08.869,999,1582,666417928,46,3414,1641,666417974,7344,13323,962,666417952,46,3295,790,666417957,37,3271,1443,666417903,46,3477,1496,666417916,38,3458,196167,666417955,7338,13368,993,666418024,49,3403,
2026-09-30,06:43:09.869,999,912,666385294,34,3297,740,666385302,7244,13259,187,666385292,12,3184,116,666385304,12,3178,366,666385281,15,3336,197,666385365,14,3312,195027,666385449,7252,13299,623,666385510,29,3328,
2026-09-30,06:43:10.869,999,1779,666375464,41,3345,818,666375485,7923,13285,899,666375482,33,3233,1119,666375506,37,3261,779,666375541,33,3341,767,666375562,29,3337,189818,666374900,7924,13332,1304,666374846,47,3355,
2026-09-30,06:43:11.869,1000,26152,667059574,61,4373,29642,667059537,7225,14330,27284,667059496,36,4273,27500,667059508,41,4225,32050,667059508,35,4378,29918,667058875,26,4349,221445,667058889,7197,14380,25489,667058806,57,4378,
2026-09-30,06:43:12.869,999,1109,666383666,46,3330,895,666383674,7807,13304,834,666383675,27,3253,856,666383715,23,3240,1313,666383677,35,3382,524,666383694,32,3356,188690,666382905,7797,13334,1137,666382875,40,3351,
2026-09-30,06:43:13.869,999,941,666375390,28,3313,621,666375449,7077,13261,136,666374592,13,3153,208,666374610,15,3176,146,666374575,18,3340,207,666374587,18,3333,199292,666374654,7091,13304,547,666374655,23,3320,
2026-09-30,06:43:14.870,1000,10437,667041923,108,4112,10669,667041980,7097,14038,11641,667041983,91,3899,10086,667042014,84,3904,9824,667042043,83,4082,10883,667042083,84,4075,212130,667041295,7083,14093,8880,667041292,113,4121,
2026-09-30,06:43:15.869,999,1065,666369557,57,3415,1135,666369590,7072,13335,574,666369591,31,3239,518,666369545,38,3234,687,666369559,34,3424,501,666368787,40,3411,196529,666368703,7074,13393,1575,666368697,58,3413,
2026-09-30,06:43:16.869,999,2759,666379827,63,3503,2510,666379802,7104,13437,1287,666379049,53,3330,2654,666379051,50,3331,1946,666379052,54,3540,2250,666379168,50,3517,195570,666379145,7122,13504,1913,666379214,60,3512,
2026-09-30,06:43:17.869,999,928,666385571,36,3342,989,666385506,7234,13297,453,666385520,23,3214,437,666385522,22,3194,582,666385541,19,3369,377,666384895,20,3354,193606,666384912,7230,13345,534,666384975,31,3340,
2026-09-30,06:43:18.869,1000,1234,667050665,53,3402,944,667050610,7257,13357,1151,667050668,32,3275,823,667050672,37,3256,791,667050756,43,3419,866,667050791,30,3425,197470,667050648,7255,13417,1202,667049744,51,3407,
2026-09-30,06:43:19.869,999,716,666378185,29,3352,307,666378224,6226,13305,198,666378268,20,3174,315,666378255,20,3180,85,666378275,16,3402,804,666378267,16,3392,205079,666378305,6222,13378,947,666377569,32,3382,
2026-09-30,06:43:20.869,999,671,666395106,27,3314,426,666395120,7417,13247,952,666395187,25,3212,412,666395194,14,3180,135,666395232,17,3330,370,666395246,19,3323,193349,666395408,7409,13299,277,666395486,24,3305,
2026-09-30,06:43:21.870,1000,1094,667000610,51,3372,333,667000637,7069,13295,706,667000589,26,3215,149,667000616,21,3178,641,667000565,24,3377,276,667000628,26,3361,196112,667000642,7093,13374,764,667000585,44,3365,
2026-09-30,06:43:22.869,999,784,666385084,37,3328,382,666385020,7621,13247,271,666385086,19,3197,762,666385060,24,3199,320,666385039,21,3339,345,666385139,29,3333,190058,666385197,7637,13320,583,666385335,33,3314,
2026-09-30,06:43:23.869,999,398,666397909,29,3300,277,666397922,7133,13233,167,666397957,13,3177,122,666398012,11,3151,99,666398063,10,3323,77,666398092,11,3312,196671,666398180,7138,13291,275,666398314,21,3289,
2026-09-30,06:43:24.869,999,586,666394122,52,3313,655,666394020,7862,13251,320,666394030,40,3212,537,666394077,30,3218,211,666394012,28,3317,229,666394117,30,3297,186555,666394201,7851,13298,450,666394166,52,3312,
2026-09-30,06:43:25.870,1000,479,667050732,34,3305,441,667050769,6833,13260,547,667050712,16,3190,395,667050693,12,3159,360,667050724,13,3363,512,667050761,19,3358,198308,667050810,6843,13324,538,667050891,21,3322,
2026-09-30,06:43:26.869,999,31392,666396306,55,4484,26714,666396293,7710,14386,26045,666396240,45,4322,27874,666396262,43,4295,28117,666396202,31,4423,29978,666396263,46,4421,222188,666396328,7717,14440,25576,666396350,56,4457,
2026-09-30,06:43:27.869,999,1567,666347887,56,3355,966,666347926,7466,13286,375,666347968,35,3253,1268,666347957,33,3240,489,666347967,29,3389,1364,666347855,29,3367,191389,666347810,7495,13351,1085,666347835,53,3390,
2026-09-30,06:43:28.870,1000,1081,667059162,47,3338,692,667059258,7381,13273,343,667059267,24,3212,482,667059330,13,3184,410,667059349,32,3372,551,667058489,15,3340,193659,667058471,7383,13319,616,667058507,35,3332,
2026-09-30,06:43:29.869,999,3033,666353784,31,3464,2489,666353797,7289,13379,2325,666353780,21,3309,2303,666353773,24,3308,2582,666353743,14,3468,2714,666353787,20,3451,196802,666353744,7292,13452,2012,666353773,37,3463,
2026-09-30,06:43:30.869,999,2855,666371883,73,3490,2157,666371919,7617,13415,1915,666371974,48,3376,1305,666371960,51,3356,2281,666371960,51,3479,2410,666371895,45,3482,191668,666371893,7608,13466,2526,666371903,58,3481,
2026-09-30,06:43:31.869,999,6720,666388365,44,3744,7586,666388297,7318,13680,5517,666388389,27,3590,6123,666388411,30,3554,4959,666388430,27,3755,4943,666387588,20,3739,198745,666387565,7326,13744,7575,666387546,35,3738,
2026-09-30,06:43:32.870,1000,815,667026205,45,3357,385,667026227,7667,13282,602,667026229,33,3230,435,667026241,31,3230,756,667026216,30,3367,371,667025133,29,3352,189652,667025240,7688,13372,1350,667025117,32,3339,
2026-09-30,06:43:33.869,999,459,666389467,22,3289,142,666389507,7353,13234,322,666389521,16,3168,116,666389531,15,3159,45,666389534,11,3312,40,666389591,9,3298,195521,666388780,7324,13298,577,666388773,25,3307,
2026-09-30,06:43:34.869,999,1366,666357648,94,3438,1419,666357585,7894,13365,1750,666357552,57,3313,1898,666357516,76,3339,1575,666357455,66,3403,2238,666357503,73,3416,186768,666357442,7900,13412,2182,666357441,75,3463,
2026-09-30,06:43:35.870,1000,1102,667048431,27,3331,290,667048405,6952,13273,327,667048384,19,3186,565,667047732,26,3186,409,667047759,16,3355,253,667047773,19,3351,197707,667047805,6970,13334,514,667047782,21,3332,
2026-09-30,06:43:36.869,999,1758,666388538,38,3385,610,666388592,7234,13291,371,666388578,26,3239,764,666388568,27,3223,636,666388570,31,3391,736,666387909,29,3362,195255,666387859,7244,13369,990,666387812,24,3386,
2026-09-30,06:43:37.869,999,427,666379148,14,3280,123,666379161,7186,13234,127,666379179,9,3168,155,666379223,10,3159,84,666379274,8,3314,128,666378449,13,3316,196363,666378426,7199,13297,416,666378347,11,3295,
2026-09-30,06:43:38.869,999,1962,666376689,56,3418,861,666376640,7824,13356,1115,666376631,42,3296,1388,666376580,44,3314,1645,666376609,41,3389,881,666376649,38,3386,187802,666376637,7834,13391,1269,666375708,47,3394,
2026-09-30,06:43:39.870,1000,1222,667040128,38,3335,829,667040182,7955,13302,306,667040204,28,3227,669,667040213,27,3226,661,667040137,35,3345,1055,667039441,28,3321,188101,667039470,7959,13316,1164,667039528,37,3324,
2026-09-30,06:43:40.869,999,1145,666397908,28,3311,942,666397960,7663,13266,229,666398018,12,3197,640,666398043,15,3186,403,666398059,14,3316,950,666398100,19,3298,193382,666397419,7660,13317,1334,666397442,28,3342,
2026-09-30,06:43:41.869,999,426,666398253,30,3266,238,666398232,7793,13206,86,666398156,10,3167,38,666398149,4,3139,118,666398132,9,3273,30,666398165,6,3253,190602,666397454,7780,13246,552,666397480,14,3261,
2026-09-30,06:43:42.870,1000,19718,667044020,30,4097,16122,667044037,7548,14038,15968,667044085,33,3990,15530,667044124,17,3958,13256,667044160,23,4093,15566,667044089,21,4098,203877,667043942,7556,14089,16983,667043938,30,4158,
2026-09-30,06:43:43.870,999,1475,666299038,40,3353,925,666299017,7530,13285,387,666299060,25,3213,513,666299104,22,3209,561,666299114,26,3345,375,666299098,24,3337,191043,666299103,7531,13311,1145,666299097,36,3335,
2026-09-30,06:43:44.869,999,3597,666389979,74,3538,3229,666389952,7484,13495,2221,666389971,64,3452,3001,666389972,56,3424,2477,666389981,56,3595,3525,666390030,52,3591,196363,666390111,7452,13545,2835,666390192,57,3554,
2026-09-30,06:43:45.870,1000,1301,667072631,44,3316,413,667072669,7988,13249,487,667072688,27,3191,552,667072647,20,3202,357,667072737,20,3302,623,667072814,20,3294,187319,667072796,7990,13287,810,667072950,32,3280,
2026-09-30,06:43:46.871,1000,6485,667021069,72,3681,5057,667021059,7695,13693,4529,667020988,52,3597,3276,667020974,59,3603,6241,667020959,55,3742,4242,667021043,64,3720,195164,667021056,7688,13684,4483,667021042,68,3726,
2026-09-30,06:43:47.870,999,1005,666388987,37,3326,815,666388988,7336,13263,386,666389065,22,3198,1149,666389041,24,3189,275,666389053,28,3349,620,666389075,23,3338,191242,666389158,7385,13317,1227,666389087,34,3330,
2026-09-30,06:43:48.870,999,1004,666390772,28,3308,226,666390764,7443,13239,187,666390705,10,3179,457,666390763,14,3174,714,666390765,9,3300,106,666390815,12,3295,191929,666390925,7450,13295,597,666391052,18,3307,
2026-09-30,06:43:49.871,1000,1010,667064595,36,3354,1003,667064594,7407,13321,354,667064581,29,3229,388,667064611,25,3218,422,667064684,31,3364,482,667064780,26,3353,193015,667064819,7436,13360,1128,667064950,35,3364,
2026-09-30,06:43:50.871,999,2301,666408213,48,3364,731,666408196,7601,13310,1321,666408237,33,3269,1142,666408234,30,3247,1064,666408284,46,3399,502,666407523,37,3368,191122,666407618,7622,13357,1941,666407656,40,3381,
2026-09-30,06:43:51.870,999,654,666388888,34,3318,383,666388947,7128,13286,605,666388985,17,3211,311,666388998,16,3196,247,666388960,22,3359,397,666389038,12,3344,195806,666389156,7145,13313,1174,666389077,34,3351,
2026-09-30,06:43:52.870,999,2048,666402091,41,3399,1981,666402125,7845,13361,1769,666402114,37,3300,1080,666402097,42,3292,1047,666402158,42,3422,2132,666402119,38,3392,191102,666402045,7827,13370,1975,666402126,41,3408,
2026-09-30,06:43:53.871,1000,546,667057720,32,3311,893,667057728,7671,13270,674,667057751,17,3213,979,667057768,16,3203,263,667057817,27,3337,936,667057759,22,3332,190359,667057849,7655,13293,952,667057822,32,3325,
2026-09-30,06:43:54.871,999,847,666380075,53,3340,748,666380056,7474,13282,295,666380060,40,3225,601,666380093,30,3216,308,666380180,51,3359,355,666380169,33,3338,190794,666380229,7469,13318,1347,666380233,44,3346,
2026-09-30,06:43:55.870,999,58187,666353699,119,7073,53222,666353632,7080,16943,53792,666353619,116,7033,54128,666353618,103,6941,48429,666353618,121,7182,57064,666353634,125,7117,250971,666353689,7071,17139,54128,666353690,128,7040,
2026-09-30,06:43:56.871,1000,2850,667030727,70,3571,1566,667030754,7339,13493,1500,667030810,44,3408,1525,667030770,57,3382,1272,667030762,49,3548,1610,667030678,53,3512,197052,667030584,7327,13548,2583,667029766,63,3570,
2026-09-30,06:43:57.871,999,916,666375278,38,3312,773,666375275,7632,13290,315,666375259,19,3206,727,666375292,26,3211,257,666375325,28,3354,318,666375340,29,3334,188527,666375420,7657,13322,1102,666375379,42,3345,
2026-09-30,06:43:58.871,999,2404,666376821,87,3568,1864,666376826,7610,13478,2202,666376834,61,3434,2843,666376814,52,3445,2576,666376788,55,3582,3773,666376767,48,3550,192481,666376002,7607,13501,3820,666375953,76,3549,
2026-09-30,06:43:59.870,999,5918,666382735,69,3602,3500,666382810,6979,13552,5835,666382818,42,3474,4450,666382815,51,3474,4378,666382798,46,3661,5217,666382762,49,3654,204172,666382216,6997,13603,4238,666382264,62,3610,
2026-09-30,06:44:00.871,1000,2770,667044914,68,3524,2603,667044884,7344,13462,2379,667044893,44,3394,2389,667044926,41,3379,1511,667044854,49,3515,2053,667044918,38,3524,196889,667044231,7334,13489,2467,667044106,72,3506,
2026-09-30,06:44:01.871,999,1465,666372318,33,3378,733,666372287,6706,13328,616,666372276,35,3261,1047,666372283,25,3230,845,666372363,33,3457,867,666372370,34,3443,202919,666371771,6704,13392,1672,666371867,41,3439,
2026-09-30,06:44:02.870,999,1590,666368730,56,3396,1232,666368799,7775,13324,1174,666368774,38,3300,1671,666368807,43,3282,1281,666368844,45,3411,1012,666368956,54,3422,191424,666369026,7779,13397,1855,666368254,52,3413,
2026-09-30,06:44:03.871,1000,769,667045502,38,3345,648,667045478,6534,13291,201,667045507,29,3211,158,667045538,16,3177,692,667045573,22,3397,665,667043477,19,3381,202164,667043455,6583,13360,563,667043586,26,3372,
2026-09-30,06:44:04.871,999,5214,666362644,94,3695,3765,666362657,7401,13621,5299,666362675,99,3625,5070,666362675,86,3567,3760,666362677,90,3717,4460,666362714,87,3711,198033,666362662,7439,13645,4422,666362708,94,3698,
2026-09-30,06:44:05.871,999,848,666361764,48,3373,634,666361694,7161,13340,1019,666361602,34,3264,890,666361610,31,3244,1127,666361586,40,3425,351,666361540,26,3381,193945,666361509,7183,13355,1261,666361487,41,3398,
2026-09-30,06:44:06.870,999,3247,666387774,66,3498,2506,666387753,7609,13430,1119,666387807,62,3368,1848,666387815,47,3323,2211,666387785,55,3539,1487,666386982,56,3465,192630,666386991,7603,13471,2447,666387023,59,3499,
2026-09-30,06:44:07.871,1000,885,667046490,43,3367,1026,667046525,6859,13338,349,667046572,25,3216,415,667046556,23,3196,382,667046522,26,3402,351,667045808,30,3400,198796,667045827,6848,13408,646,667045744,44,3397,
2026-09-30,06:44:08.871,999,2508,666389586,33,3416,1015,666389644,7237,13364,1098,666389648,32,3283,1028,666388886,29,3265,1222,666388954,31,3428,847,666389005,26,3427,197571,666388985,7255,13414,1744,666388912,35,3436,
2026-09-30,06:44:09.871,999,1315,666379363,40,3360,933,666379329,7440,13300,974,666379391,24,3261,826,666379401,24,3240,1240,666379382,32,3396,568,666379365,26,3342,195095,666379362,7423,13315,841,666378495,40,3364,
2026-09-30,06:44:10.871,1000,1252,667054804,52,3346,952,667054784,7707,13311,677,667054795,26,3223,488,667054820,43,3217,662,667054786,41,3369,796,667054840,28,3333,190697,667053722,7719,13358,1016,667053704,40,3370,
2026-09-30,06:44:11.871,999,1497,666403135,41,3361,1546,666403071,7444,13290,680,666403064,30,3242,836,666403105,25,3226,1023,666403103,35,3385,999,666402927,27,3358,194780,666402943,7454,13347,648,666402192,36,3344,
2026-09-30,06:44:12.871,999,425,666377170,27,3289,190,666377104,7505,13221,159,666377119,14,3166,80,666377087,12,3158,134,666377100,13,3305,71,666377061,9,3286,190695,666376159,7524,13275,623,666376137,18,3303,
2026-09-30,06:44:13.870,999,751,666375076,23,3306,1465,666375069,7407,13238,205,666375047,16,3178,191,666374981,16,3170,178,666374938,17,3327,239,666374990,18,3330,193113,666375009,7434,13283,610,666375026,19,3298,
2026-09-30,06:44:14.871,1000,2784,667047940,78,3514,3231,667047997,7231,13467,2129,667047920,59,3374,2869,667047910,55,3385,2631,667047927,59,3551,2242,667047236,48,3520,196542,667047364,7194,13523,2917,667047408,68,3539,
2026-09-30,06:44:15.871,999,1658,666379033,37,3379,744,666378155,7212,13315,602,666378146,30,3239,524,666378118,31,3248,901,666378138,33,3397,604,666378207,32,3374,198460,666378240,7220,13381,1323,666377787,38,3393,
2026-09-30,06:44:16.871,999,880,666387743,42,3320,1018,666387815,7800,13259,453,666387811,19,3206,537,666387791,29,3203,519,666387883,29,3329,393,666387182,28,3324,186780,666387326,7834,13303,844,666387382,33,3315,
2026-09-30,06:44:17.871,1000,4864,667041862,48,3627,3435,667041910,6716,13520,1866,667041900,29,3400,3704,667041864,34,3420,2614,667041894,47,3633,2547,667041960,42,3575,203756,667042020,6732,13610,5063,667041275,45,3638,
2026-09-30,06:44:18.872,1000,1531,667053468,40,3367,614,667053487,7260,13309,1044,667053511,31,3231,369,667053536,33,3220,360,667053540,33,3370,702,667053654,35,3376,193928,667053604,7277,13347,907,667053585,41,3371,
2026-09-30,06:44:19.872,999,615,666402940,32,3312,668,666402898,7240,13262,361,666402896,24,3197,135,666402866,16,3169,442,666402789,27,3337,163,666402814,13,3304,197078,666402764,7219,13321,756,666402713,34,3348,
2026-09-30,06:44:20.872,999,393,666315036,35,3271,784,666314969,7973,13222,312,666314986,19,3182,138,666315009,17,3176,345,666314979,14,3282,322,666314938,13,3266,187319,666315044,7974,13256,283,666315065,28,3255,
2026-09-30,06:44:21.872,1000,645,667108171,28,3285,188,667108205,7162,13244,65,667108228,6,3162,91,667108237,11,3159,90,667108222,10,3323,62,667108214,7,3301,200339,667108388,7148,13304,514,667108402,20,3296,
2026-09-30,06:44:22.872,999,820,666401516,39,3319,1061,666401474,7838,13256,364,666401471,21,3207,556,666401441,25,3210,435,666401476,30,3343,408,666401482,32,3324,191003,666401540,7820,13326,1435,666401667,40,3330,
2026-09-30,06:44:23.872,999,805,666384150,26,3322,388,666384153,7084,13256,206,666384185,11,3178,378,666384168,17,3170,174,666384171,15,3342,419,666384141,23,3332,198194,666384237,7079,13318,242,666384328,22,3319,
2026-09-30,06:44:24.872,999,1774,666446113,49,3325,994,666446107,7723,13288,1172,666446142,37,3255,1279,666446166,31,3244,484,666446206,29,3350,546,666446240,35,3352,188682,666446229,7736,13302,1447,666446212,42,3323,
2026-09-30,06:44:25.872,1000,376,667032353,29,3274,520,667032427,7452,13214,74,667032451,6,3170,114,667032487,14,3159,119,667032519,15,3309,101,667032652,10,3290,190929,667032772,7446,13283,433,667032906,18,3261,
2026-09-30,06:44:26.872,999,563,666389431,31,3296,1104,666389464,7614,13244,757,666389439,9,3172,230,666389422,21,3176,205,666389454,15,3319,176,666389452,15,3293,193705,666389619,7624,13276,1769,666389578,24,3308,
2026-09-30,06:44:27.872,999,1022,666348814,27,3331,306,666348726,6957,13266,809,666348745,20,3199,420,666348728,17,3183,375,666348724,22,3378,205,666348710,18,3347,200080,666348703,6948,13334,518,666348696,33,3332,
2026-09-30,06:44:28.872,1000,1287,667020685,50,3364,2184,667020685,7709,13329,1070,667020663,30,3262,715,667020670,33,3249,1299,667020676,40,3404,1305,667020629,36,3379,189704,667020640,7717,13379,1621,667020609,54,3381,
2026-09-30,06:44:29.872,999,16576,666393588,53,4035,17231,666393635,7212,13949,15794,666393595,26,3834,16743,666393601,36,3867,13118,666393604,30,4046,17868,666393662,31,4017,210621,666392871,7236,14026,15279,666392897,47,4031,
2026-09-30,06:44:30.872,999,1513,666379606,40,3369,866,666379641,7132,13313,747,666379650,26,3258,473,666379665,25,3234,540,666379691,24,3401,675,666379764,29,3407,195289,666379787,7152,13369,835,666379789,36,3393,
2026-09-30,06:44:31.872,999,13570,666387875,36,3861,14955,666387867,7413,13802,14034,666387863,31,3742,14902,666387870,28,3721,15856,666387893,28,3877,13893,666387016,33,3874,208671,666387016,7389,13829,13652,666387044,33,3814,
2026-09-30,06:44:32.872,1000,546,667047540,35,3304,741,667047585,7112,13277,157,667047604,14,3198,477,667047611,17,3183,162,667047600,11,3340,436,667046757,20,3349,197708,667046814,7119,13324,428,667046731,24,3329,
2026-09-30,06:44:33.872,999,1399,666288004,44,3358,995,666288029,7061,13291,1031,666288052,22,3206,434,666288064,23,3189,1570,666288120,27,3404,989,666288134,20,3363,196363,666288114,7046,13354,933,666288178,33,3362,
2026-09-30,06:44:34.872,999,2142,666405960,81,3561,3002,666406013,7651,13525,3669,666406028,83,3522,2175,666406039,69,3445,2607,666405996,80,3641,2691,666406020,84,3610,192059,666405967,7661,13571,3064,666405971,83,3604,
2026-09-30,06:44:35.873,1000,938,667066236,31,3321,220,667066289,7178,13279,779,667066298,20,3204,261,667066306,27,3187,343,667066314,29,3357,484,667066417,22,3352,195006,667066486,7198,13339,371,667066504,35,3338,
2026-09-30,06:44:36.872,999,960,666386185,33,3333,393,666386258,7205,13251,358,666386293,16,3175,630,666386298,16,3185,338,666386403,23,3343,206,666386507,25,3342,195107,666386508,7202,13336,879,666386512,26,3338,
2026-09-30,06:44:37.872,999,730,666391988,35,3319,322,666392015,7359,13264,254,666391994,17,3200,583,666391980,16,3196,674,666392018,18,3348,215,666391922,15,3328,193736,666392021,7374,13317,740,666392211,19,3315,
2026-09-30,06:44:38.872,999,28778,666410301,40,4406,30745,666410355,7710,14368,25866,666410365,38,4354,26034,666410400,40,4320,30468,666410472,54,4442,23914,666410546,48,4446,220637,666410761,7715,14350,28741,666410728,40,4432,
2026-09-30,06:44:39.872,1000,1839,667040333,49,3426,1201,667040348,7455,13382,1489,667040291,48,3309,1830,667040267,40,3297,784,667040278,38,3432,951,667040313,33,3436,196796,667040295,7461,13450,1317,667040197,47,3441,
2026-09-30,06:44:40.872,999,2506,666380023,44,3347,1310,666380052,7605,13297,1209,666380034,39,3271,637,666380022,26,3226,545,666379994,27,3373,940,666379957,29,3361,190969,666379927,7633,13345,1208,666379113,44,3352,
2026-09-30,06:44:41.872,999,967,666379430,45,3359,665,666379410,7588,13283,549,666379334,23,3223,380,666379314,18,3212,491,666379418,17,3359,455,666379487,26,3349,190689,666379575,7576,13329,840,666379582,44,3366,
2026-09-30,06:44:42.873,1000,4919,667047327,52,3647,3233,667047382,7356,13594,4234,667047396,37,3543,5462,667047382,38,3509,4410,667047394,34,3706,7094,667047330,38,3700,200300,667047371,7351,13672,5177,667047386,38,3637,
2026-09-30,06:44:43.873,1000,992,667046585,41,3375,791,667046575,7153,13345,642,667046590,20,3246,558,667046628,28,3253,1868,667046682,30,3429,639,667046764,25,3393,195848,667046734,7178,13412,1118,667045877,32,3397,
2026-09-30,06:44:44.873,999,3096,666382857,59,3562,3134,666382836,7240,13476,2925,666382831,47,3414,3355,666382864,48,3400,3702,666382894,56,3590,3077,666382033,61,3582,195195,666382046,7253,13551,3392,666382016,63,3573,
2026-09-30,06:44:45.873,999,928,666375530,45,3339,1347,666375525,7787,13310,1107,666375541,31,3270,622,666375540,33,3254,432,666375570,30,3350,860,666375617,30,3368,189591,666375525,7784,13334,1073,666375552,35,3353,
2026-09-30,06:44:46.874,1000,2057,667053440,36,3392,1365,667053470,7511,13306,700,667053432,39,3275,836,667053426,21,3230,659,667053445,24,3374,1142,667053408,27,3377,189824,667053340,7515,13385,2109,667053374,38,3392,
2026-09-30,06:44:47.873,999,1537,666378485,59,3413,1349,666378501,7652,13346,987,666378495,38,3280,2150,666378513,39,3276,1563,666378565,38,3394,2414,666378630,37,3411,193168,666377678,7635,13441,1532,666377772,54,3414,
2026-09-30,06:44:48.873,999,737,666364400,29,3341,614,666364323,7088,13287,465,666364367,24,3203,268,666364378,22,3199,365,666364386,14,3383,268,666363311,17,3357,194681,666363273,7097,13341,624,666363285,25,3339,
2026-09-30,06:44:49.874,1000,1497,667046868,30,3296,725,667046844,7731,13252,203,667046849,18,3198,135,667046831,11,3171,190,667046925,9,3302,120,667047003,11,3282,187222,667047068,7747,13294,350,667047218,21,3282,
2026-09-30,06:44:50.875,1000,1603,667057110,60,3406,1597,667057115,7490,13336,865,667057055,43,3274,944,667057075,41,3272,1055,667057121,43,3417,887,667056331,46,3425,191297,667056296,7504,13390,1475,667056288,45,3390,
2026-09-30,06:44:51.874,999,1034,666382470,41,3360,785,666382435,7504,13309,388,666382452,30,3231,632,666382473,18,3196,435,666382489,23,3344,734,666382511,23,3333,193986,666382509,7489,13335,957,666381624,37,3338,
2026-09-30,06:44:52.874,999,637,666382340,25,3291,159,666382350,7318,13240,224,666382359,19,3185,322,666382355,12,3174,789,666382389,16,3332,207,666381514,16,3306,197817,666381498,7322,13269,300,666381503,18,3286,
2026-09-30,06:44:53.875,1000,726,667046490,30,3275,248,667046579,7798,13238,354,667046587,13,3181,224,667046567,16,3179,787,667046602,12,3297,224,667046540,11,3287,189423,667045684,7779,13290,544,667045737,23,3279,
2026-09-30,06:44:54.874,999,814,666379646,47,3336,659,666379586,6963,13275,422,666379614,32,3218,284,666379607,26,3189,348,666379589,24,3373,434,666379629,33,3388,196568,666379486,6941,13337,552,666379542,36,3339,
2026-09-30,06:44:55.874,999,1380,666382656,39,3354,941,666382695,7107,13313,531,666382668,36,3245,732,666382680,34,3234,753,666382637,25,3407,1566,666381171,37,3411,198244,666381195,7111,13390,1141,666381255,34,3361,
2026-09-30,06:44:56.874,999,1929,666384410,49,3413,1014,666384425,6995,13361,1048,666384427,30,3267,1474,666384436,30,3259,1560,666384476,26,3444,925,666384478,43,3442,196377,666383757,7013,13414,1323,666383731,42,3449,
2026-09-30,06:44:57.875,1000,1109,667034664,35,3311,206,667034668,7066,13254,164,667034729,14,3184,346,667034752,12,3172,656,667034720,18,3367,602,667033939,15,3355,198504,667033896,7078,13348,1852,667033807,27,3343,
2026-09-30,06:44:58.874,999,888,666373268,48,3350,789,666373277,7356,13286,580,666373348,35,3233,806,666373357,34,3241,1233,666373388,26,3388,1191,666373387,35,3379,193860,666373366,7350,13344,715,666372782,39,3358,
2026-09-30,06:44:59.874,999,2356,666376653,46,3443,2709,666376620,7280,13384,1736,666376634,22,3317,1756,666376599,27,3310,1964,666376561,27,3471,2014,666375861,33,3480,192958,666375990,7289,13453,2612,666375963,43,3470,
2026-09-30,06:45:00.875,1000,1429,667061024,39,3317,519,667060915,7111,13271,109,667060963,12,3181,136,667060947,11,3185,79,667060987,13,3344,629,667061017,21,3359,197012,667060999,7116,13318,549,667061030,30,3321,
2026-09-30,06:45:01.875,999,127343,666384230,196,11460,114332,666384225,8068,21440,117472,666384252,179,11386,113882,666384284,165,11190,116497,666384251,160,11516,113444,666384333,157,11356,312980,666384401,8114,21504,114690,666384400,217,11308,
2026-09-30,06:45:02.874,999,3974,666382452,111,3724,4424,666382526,7334,13690,4727,666382512,96,3664,5318,666382506,94,3644,5019,666382554,84,3762,5145,666382599,83,3789,201318,666382677,7330,13768,4716,666382644,94,3762,
2026-09-30,06:45:03.874,999,5462,666391388,102,3816,5109,666391493,7395,13780,4184,666391468,91,3675,5174,666391465,76,3655,4575,666391504,71,3772,4382,666391517,72,3800,200545,666391508,7406,13812,5780,666391524,89,3813,
2026-09-30,06:45:04.875,1000,9183,667058793,122,4000,6399,667058814,7587,13943,6658,667058758,123,3856,7885,667058777,114,3840,8035,667058812,122,4038,6857,667058841,104,3977,198622,667058887,7593,14036,8248,667058908,117,3980,
2026-09-30,06:45:05.875,999,1226,666396350,65,3418,1812,666396293,7741,13358,1204,666396310,53,3332,1940,666396345,63,3336,1304,666396328,51,3436,804,666396338,41,3411,191461,666396375,7742,13403,916,666396362,55,3395,
2026-09-30,06:45:06.874,999,9308,666387795,87,4041,7831,666387821,7244,13998,8016,666387818,79,3921,9960,666387820,72,3892,10220,666387835,78,4050,9660,666387802,77,4076,201319,666387795,7255,14060,10490,666387996,77,4017,
2026-09-30,06:45:07.875,1000,2437,667056421,67,3437,894,667056399,7588,13392,1166,667056409,51,3343,1317,667056390,36,3315,2109,667056473,45,3452,1586,667056615,50,3460,198292,667056699,7550,13427,1264,667056775,57,3422,
2026-09-30,06:45:08.876,1000,2138,667021187,56,3540,2399,667021157,6929,13470,3005,667021134,49,3395,1831,667021131,51,3387,2349,667021104,40,3554,2159,667021148,45,3556,202738,667021228,6905,13554,2162,667021236,51,3539,
2026-09-30,06:45:09.875,999,1813,666342657,45,3419,827,666342654,6971,13321,1800,666342665,40,3262,662,666342654,34,3228,797,666342656,37,3427,1113,666342636,41,3398,195770,666342584,6993,13390,1248,666342520,40,3394,
2026-09-30,06:45:10.875,999,1759,666358495,52,3462,1566,666358491,6691,13434,2276,666358539,69,3375,2280,666358509,49,3338,1354,666358492,63,3544,1374,666358499,47,3539,205016,666358508,6685,13508,1587,666358610,65,3564,
2026-09-30,06:45:11.876,1000,1020,667043340,49,3367,755,667043347,7115,13339,752,667043317,32,3252,396,667043346,25,3244,748,667043365,23,3395,727,667042496,28,3383,196519,667042505,7112,13412,1158,667042360,45,3389,
2026-09-30,06:45:12.876,999,2701,666381871,50,3434,1840,666381853,7284,13375,1446,666381856,47,3318,1164,666381913,52,3292,1229,666382033,45,3475,1422,666382003,50,3452,195107,666381899,7289,13455,1516,666381818,64,3474,
2026-09-30,06:45:13.875,999,1199,666379126,34,3342,553,666379160,7309,13287,796,666379166,31,3204,242,666379187,30,3206,220,666379227,27,3341,598,666379302,22,3333,193177,666378053,7319,13323,864,666378009,34,3341,
2026-09-30,06:45:14.876,1000,6751,667065212,73,3636,6294,667065278,7251,13652,4402,667065269,69,3529,5238,667065268,72,3539,5932,667065275,70,3686,5800,667064457,80,3697,201818,667064434,7254,13682,5596,667064402,85,3688,
2026-09-30,06:45:15.876,999,4055,666387202,78,3519,2973,666387261,7578,13436,1737,666387238,60,3418,2045,666387185,52,3371,2833,666387201,71,3514,2410,666387316,68,3530,193040,666387395,7620,13524,2493,666387463,76,3475,
2026-09-30,06:45:16.875,999,1733,666397269,40,3393,750,666397364,6858,13336,1336,666397422,31,3237,1049,666397464,40,3246,537,666397447,38,3425,494,666397488,42,3416,200068,666397525,6855,13385,717,666397597,36,3408,
2026-09-30,06:45:17.875,999,916,666391153,40,3334,308,666391170,7508,13253,537,666391162,27,3205,335,666391186,22,3208,509,666391151,21,3334,462,666391198,13,3305,189249,666391270,7504,13321,1052,666391402,36,3341,
2026-09-30,06:45:18.876,1000,1581,667071643,53,3400,1204,667071600,7402,13376,821,667071618,46,3287,807,667071602,42,3276,610,667071607,36,3402,1124,667071616,39,3402,195705,667071672,7406,13401,1272,667071667,54,3449,
2026-09-30,06:45:19.876,999,2524,666354109,52,3385,1293,666354079,7416,13330,717,666354080,47,3290,1061,666354083,46,3274,2407,666354076,35,3389,1197,666354085,39,3405,196417,666354079,7430,13389,1233,666354071,51,3396,
2026-09-30,06:45:20.875,999,664,666390332,44,3308,451,666390364,7729,13259,776,666390395,20,3194,533,666390321,31,3219,376,666390284,19,3325,340,666390257,30,3329,193351,666390247,7725,13292,697,666390297,44,3317,
2026-09-30,06:45:21.876,1000,604,667030704,40,3326,274,667030726,7241,13268,504,667030792,17,3192,364,667030845,18,3180,240,667030933,19,3350,256,667031024,16,3331,194020,667031065,7246,13312,592,667030935,29,3329,
2026-09-30,06:45:22.877,1000,1088,667052206,31,3334,431,667052238,7460,13283,310,667052254,21,3213,1066,667052293,25,3218,1140,667052340,24,3354,416,667052327,27,3341,190443,667052316,7478,13341,696,667052349,40,3350,
2026-09-30,06:45:23.876,999,2037,666303137,53,3392,958,666303082,6807,13347,508,666303073,42,3255,518,666303069,37,3238,780,666303040,36,3402,494,666303016,39,3411,198481,666302998,6813,13407,992,666302983,52,3439,
2026-09-30,06:45:24.876,999,1687,666360683,50,3382,1206,666360675,7380,13318,1268,666360655,32,3252,1223,666360621,49,3260,689,666360571,38,3394,541,666360519,38,3386,195465,666360560,7380,13360,709,666360572,53,3388,
2026-09-30,06:45:25.877,1000,827,667065528,31,3310,225,667065541,7091,13271,695,667065504,20,3197,385,667065488,12,3179,354,667065502,20,3391,491,667064586,21,3361,200828,667064632,7079,13309,612,667064647,32,3330,
2026-09-30,06:45:26.877,999,1645,666383259,38,3360,1020,666383267,7832,13273,1668,666383193,24,3234,675,666383190,30,3212,1144,666383185,21,3353,782,666383258,28,3340,189783,666383200,7819,13337,1727,666383200,34,3359,
2026-09-30,06:45:27.876,999,1222,666358709,42,3320,979,666358730,7381,13275,494,666358684,20,3207,544,666358613,20,3200,654,666358609,18,3343,368,666358489,15,3317,194945,666358526,7386,13321,516,666358506,39,3332,
2026-09-30,06:45:28.877,1000,1145,667046547,34,3325,348,667046573,7536,13289,717,667046587,26,3219,451,667046594,14,3202,424,667046594,20,3334,630,667045729,15,3337,192128,667045673,7558,13319,539,667045670,28,3337,
2026-09-30,06:45:29.877,999,3620,666380695,57,3568,3081,666380747,7261,13513,2831,666380763,50,3445,3391,666380768,47,3437,3426,666380780,49,3571,4332,666380666,49,3599,197364,666379513,7267,13578,3756,666379455,58,3608,
2026-09-30,06:45:30.877,999,135565,666382226,504,13040,132076,666382214,7998,22993,126489,666382221,520,12770,125877,666382239,526,12817,129133,666382207,523,12968,130528,666382157,482,12995,329111,666382180,8024,23092,133278,666382253,518,13060,
2026-09-30,06:45:31.877,1000,140968,667052757,446,12395,132819,667052719,7832,22497,138721,667052768,390,12249,139644,667052761,389,12138,138173,667052732,393,12476,125702,667052682,381,12387,324900,667052114,7828,22493,139214,667052189,429,12546,
2026-09-30,06:45:32.878,1000,17037,667045787,208,4721,17126,667045828,7424,14744,15733,667045881,190,4592,17479,667045947,195,4667,16182,667046005,189,4805,16908,667046057,164,4781,214042,667046055,7427,14748,16798,667046089,217,4835,
2026-09-30,06:45:33.878,999,23748,666361594,178,4678,20833,666361570,7699,14561,23446,666361619,167,4568,24789,666361627,156,4520,22113,666361634,161,4665,24413,666361744,159,4684,214307,666360881,7707,14649,22726,666360885,171,4711,
2026-09-30,06:45:34.877,999,8099,666385125,173,4117,8102,666385185,7591,14058,8567,666385266,167,4015,8913,666385266,178,4024,7945,666385282,185,4159,8170,666385250,193,4134,201511,666384417,7584,14144,8598,666384347,195,4150,
2026-09-30,06:45:35.878,1000,24173,667051344,125,4967,25223,667051385,7177,14902,25460,667051371,110,4759,22424,667051407,120,4774,25219,667051400,124,5005,24371,667051335,98,4948,216789,667051320,7210,15016,24549,667051272,122,4997,
2026-09-30,06:45:36.878,999,25107,666386497,92,4833,21085,666386503,7015,14741,20451,666386525,100,4750,20177,666386563,99,4685,21287,666386579,93,4827,22093,666385820,100,4822,219003,666385832,7053,14861,21238,666385821,83,4821,
2026-09-30,06:45:37.878,999,1893,666384626,63,3477,2018,666384639,7446,13399,1824,666384656,44,3342,2150,666384666,69,3337,2512,666384642,51,3468,1594,666384743,53,3493,197858,666384843,7427,13455,2252,666384004,72,3474,
2026-09-30,06:45:38.877,999,11390,666376780,107,4185,11307,666376815,7232,14135,13294,666376778,94,4091,11951,666376788,113,4081,13191,666376794,97,4197,11327,666376886,97,4220,205077,666376879,7246,14198,10624,666376043,98,4215,
2026-09-30,06:45:39.878,1000,4101,667054107,108,3773,5911,667054135,7641,13776,3904,667054131,95,3613,4983,667054153,90,3634,5336,667054205,82,3791,6817,667054213,102,3817,195643,667054112,7619,13803,5699,667053450,101,3763,
2026-09-30,06:45:40.878,999,4434,666356930,75,3710,3459,666356909,6965,13639,3110,666356868,82,3526,2126,666356903,75,3505,3399,666356863,67,3723,2683,666356831,80,3754,202798,666356749,6973,13655,3417,666355986,79,3661,
2026-09-30,06:45:41.878,999,3811,666381505,59,3575,3124,666381586,7143,13502,3401,666381648,48,3449,3357,666380902,48,3451,3077,666380916,57,3599,2588,666380928,63,3606,196739,666380941,7144,13574,3126,666380980,62,3575,
2026-09-30,06:45:42.878,1000,2418,667055270,72,3591,3499,667055293,7092,13560,2867,667055275,46,3481,2523,667055248,57,3443,2054,667055223,53,3591,3371,667055221,54,3627,200525,667055215,7099,13632,2658,667054442,51,3568,
2026-09-30,06:45:43.878,999,2576,666357342,57,3514,3064,666357346,6996,13454,1829,666357314,57,3363,3371,666357351,61,3368,3566,666357340,62,3583,2075,666357324,68,3567,200029,666356450,6982,13532,2217,666356447,58,3520,
2026-09-30,06:45:44.878,999,12751,666378386,147,4060,14403,666378390,6921,14020,15651,666378419,126,3915,12952,666378400,154,3923,11638,666378362,147,4113,13007,666378421,130,4072,208523,666377516,6921,14042,12944,666377462,141,4065,
2026-09-30,06:45:45.879,1000,3335,667067739,79,3513,2381,667067810,7636,13466,1905,667067817,68,3402,2756,667067833,59,3417,1501,667067824,60,3514,2167,667067171,66,3511,193915,667067238,7616,13485,2878,667067164,71,3501,
2026-09-30,06:45:46.879,1000,2945,667027249,79,3601,2624,667027173,7323,13496,2107,667027174,64,3427,3463,667027188,69,3412,2754,667027178,80,3618,2073,667027173,64,3552,196285,667027202,7338,13592,2444,667027210,75,3561,
2026-09-30,06:45:47.879,999,2532,666382869,70,3574,2234,666382912,6798,13503,2810,666382878,65,3440,2807,666382868,68,3437,2913,666382882,61,3612,2762,666382918,66,3632,202904,666383019,6818,13622,3089,666383046,66,3612,
2026-09-30,06:45:48.879,999,1043,666376678,33,3351,833,666376645,6841,13327,593,666376622,33,3232,707,666376632,31,3235,562,666376633,29,3404,603,666376607,24,3409,198520,666375507,6823,13355,757,666375666,39,3407,
2026-09-30,06:45:49.879,1000,1342,667043211,41,3336,546,667043275,7252,13286,417,667043288,26,3196,310,667043294,24,3195,715,667043373,28,3344,362,667043399,26,3347,196478,667043419,7279,13342,937,667042523,36,3347,
2026-09-30,06:45:50.879,999,1480,666334255,64,3407,1256,666334252,7248,13344,1453,666334190,46,3272,1373,666334206,52,3290,1303,666334177,47,3439,1041,666333323,48,3435,199403,666333420,7248,13393,952,666333419,59,3429,
2026-09-30,06:45:51.879,999,2207,666392123,70,3458,1969,666392100,7346,13373,675,666392110,50,3279,1666,666392117,40,3289,1083,666392130,55,3443,1410,666392088,56,3447,195398,666391355,7372,13406,1736,666391312,70,3465,
2026-09-30,06:45:52.880,1000,909,667040833,30,3353,226,667040824,6551,13283,172,667040890,18,3192,124,667040842,22,3177,319,667040780,21,3378,139,667040804,21,3382,203371,667039965,6558,13381,792,667040002,34,3379,
2026-09-30,06:45:53.879,999,680,666375156,44,3327,535,666375143,7454,13284,181,666375127,22,3185,268,666375129,22,3183,216,666375130,20,3337,348,666375063,27,3338,192656,666373883,7425,13308,1026,666373941,32,3322,
2026-09-30,06:45:54.879,999,2114,666369246,92,3495,1991,666369267,7106,13472,1594,666369279,71,3358,1789,666369266,85,3368,1455,666369230,74,3534,2278,666369243,66,3533,196520,666368554,7109,13476,1801,666368487,99,3505,
2026-09-30,06:45:55.879,999,1263,666390994,61,3351,951,666390959,7593,13280,421,666390880,26,3215,376,666390851,40,3210,597,666390803,46,3376,734,666390136,40,3380,193445,666390113,7608,13337,1429,666390098,61,3372,
2026-09-30,06:45:56.879,1000,1871,667048227,52,3401,898,667048294,7162,13353,1181,667048286,34,3265,1023,667048269,42,3259,764,667048300,35,3426,631,667048218,28,3385,196217,667048331,7194,13387,689,667048281,39,3394,
2026-09-30,06:45:57.879,999,2327,666404068,61,3367,806,666404020,7926,13342,872,666404082,51,3294,900,666404137,50,3289,702,666404191,39,3375,538,666404143,38,3359,188576,666404199,7957,13374,1399,666404260,60,3370,
2026-09-30,06:45:58.879,999,2150,666376367,51,3439,2178,666376444,6817,13387,1273,666376401,44,3294,1219,666376406,45,3272,1282,666376436,42,3493,1341,666376329,44,3472,201354,666376294,6829,13449,2481,666376314,51,3452,
2026-09-30,06:45:59.880,1000,630,667027331,34,3345,433,667027357,7001,13315,647,667027402,16,3213,535,667027440,24,3202,546,667027505,27,3381,474,667027492,23,3371,195864,667027441,7009,13358,684,667027421,25,3344,
2026-09-30,06:46:00.880,1000,3877,667070750,56,3564,2699,667070646,7269,13524,2800,667070678,40,3440,4598,667070696,44,3438,3326,667070682,40,3596,4218,667070742,52,3600,200545,667070827,7252,13570,3211,667070816,58,3556,
2026-09-30,06:46:01.880,999,2180,666386407,38,3397,1155,666386417,7122,13360,1582,666386451,24,3296,1677,666386426,22,3268,964,666386522,23,3467,1491,666386511,21,3448,195162,666386509,7144,13374,1790,666386601,33,3426,
2026-09-30,06:46:02.880,999,3982,666352180,79,3523,3987,666352149,7734,13465,4489,666352127,67,3477,2532,666352098,88,3453,3817,666352072,84,3615,2814,666352032,78,3584,191479,666351152,7747,13519,2863,666351156,77,3568,
2026-09-30,06:46:03.881,1000,867,667035160,47,3370,681,667035130,7151,13320,393,667035074,23,3226,1012,667035084,28,3222,658,667035062,28,3399,413,667035073,28,3385,197520,667034496,7157,13393,540,667034466,42,3381,
2026-09-30,06:46:04.880,999,3471,666357351,74,3575,3356,666357344,7498,13504,2810,666357356,67,3483,3650,666357349,72,3477,3330,666357343,63,3600,3106,666357360,62,3619,194266,666357339,7531,13542,3916,666357312,69,3598,
2026-09-30,06:46:05.880,999,1868,666375978,43,3336,531,666375948,7750,13292,687,666375918,32,3250,759,666375906,39,3237,1085,666375842,34,3351,756,666374953,34,3342,191592,666374938,7729,13330,719,666374948,48,3357,
2026-09-30,06:46:06.881,1000,2357,667046308,47,3485,1144,667046305,6744,13396,1453,667046365,38,3311,1981,667046378,42,3335,1352,667046367,44,3522,1648,667046354,48,3516,204024,667046523,6730,13512,2121,667046553,44,3493,
2026-09-30,06:46:07.880,999,1578,666377388,48,3326,898,666377536,7838,13291,1861,666377510,37,3226,703,666377555,40,3235,1070,666377552,35,3360,974,666376525,31,3326,188650,666376455,7841,13345,1094,666376462,56,3355,
2026-09-30,06:46:08.880,999,2519,666385755,71,3478,2396,666385751,7813,13422,2873,666385725,54,3389,3110,666385738,61,3357,1497,666385646,54,3473,2154,666385614,48,3473,193552,666384183,7815,13479,1983,666384197,59,3470,
2026-09-30,06:46:09.880,999,550,666384216,30,3298,501,666384232,7715,13235,167,666384265,19,3180,255,666384301,17,3181,137,666383332,15,3304,463,666383400,21,3307,188623,666383352,7700,13286,321,666383502,27,3300,
2026-09-30,06:46:10.881,1000,1118,667034291,35,3337,537,667034351,7526,13277,378,667034320,25,3215,806,667034344,29,3215,944,667034359,39,3378,1184,667034291,29,3354,193117,667034334,7549,13355,1171,667034317,29,3371,
2026-09-30,06:46:11.880,999,23444,666365167,47,4346,19693,666365254,7394,14339,20307,666365195,34,4272,24267,666365146,29,4279,18870,666365150,41,4446,25315,666365138,34,4386,213498,666365141,7432,14361,22761,666365074,50,4355,
2026-09-30,06:46:12.880,999,2767,666351568,34,3422,2112,666351597,6887,13371,1639,666351605,23,3274,1343,666351627,30,3265,1271,666351608,33,3468,1233,666351621,28,3448,199798,666351584,6910,13432,1997,666351622,28,3421,
2026-09-30,06:46:13.881,1000,1264,667049413,39,3407,1380,667049402,7533,13363,698,667049457,39,3303,1175,667049440,26,3251,1353,667049468,38,3431,1209,667049492,32,3418,193274,667048778,7521,13424,2096,667048730,43,3448,
2026-09-30,06:46:14.880,999,4932,666376459,109,3778,4309,666375290,7606,13746,5474,666375330,80,3695,4939,666375326,85,3665,6457,666375286,82,3815,5396,666375359,97,3836,201014,666375302,7582,13788,5989,666375281,94,3809,
2026-09-30,06:46:15.880,999,3880,666373051,70,3569,4109,666373037,7570,13515,3520,666373064,43,3442,4464,666373061,41,3431,4265,666373079,37,3580,3752,666373066,40,3563,196441,666372443,7559,13558,4817,666372450,63,3569,
2026-09-30,06:46:16.880,999,2311,666353414,42,3372,2327,666353400,7551,13299,811,666353396,29,3266,528,666353378,25,3229,781,666353400,37,3386,1002,666353448,34,3369,192562,666353538,7540,13357,1213,666353522,27,3367,
2026-09-30,06:46:17.881,1000,937,667049652,27,3337,385,667049682,7241,13276,179,667049691,12,3184,193,667049682,15,3180,1044,667049665,16,3347,179,667049692,9,3330,194959,667048959,7235,13352,895,667048959,24,3344,
2026-09-30,06:46:18.880,999,1580,666357173,43,3380,1369,666357174,7316,13311,750,666357148,34,3257,925,666357137,37,3262,842,666357043,40,3426,778,666356931,33,3402,191282,666356849,7369,13403,1587,666356924,38,3401,
2026-09-30,06:46:19.880,999,1244,666380817,42,3380,2015,666380839,7759,13346,1739,666380763,38,3286,798,666380768,34,3274,1324,666380785,38,3390,682,666380780,27,3371,188202,666380774,7793,13372,1365,666380732,37,3411,
2026-09-30,06:46:20.881,1000,934,667042643,47,3336,754,667042600,7634,13283,723,667042683,19,3223,1301,667042687,28,3242,1083,667042710,28,3359,629,667042835,32,3360,189741,667042723,7653,13334,1466,667042725,37,3345,
2026-09-30,06:46:21.880,999,844,666380215,38,3316,416,666380262,7653,13253,797,666380278,17,3192,602,666380266,21,3199,343,666380315,22,3323,780,666380359,12,3322,190150,666379524,7663,13313,1105,666379500,30,3313,
2026-09-30,06:46:22.880,999,359,666365097,28,3280,357,666365141,7496,13229,113,666365127,14,3157,72,666365115,13,3157,389,666365118,15,3302,92,666365116,9,3274,196703,666364953,7477,13272,170,666364943,17,3276,
2026-09-30,06:46:23.881,1000,752,667038747,24,3280,192,667038720,7206,13254,87,667038793,8,3170,61,667038799,8,3146,40,667038846,9,3300,62,667038184,9,3306,195668,667038201,7197,13306,1100,667038282,21,3295,
2026-09-30,06:46:24.881,999,847,666369657,46,3349,1141,666369669,6936,13299,895,666369641,35,3199,438,666369594,38,3208,321,666369596,28,3359,286,666369537,33,3379,199023,666369548,6958,13369,547,666369473,37,3358,
2026-09-30,06:46:25.880,999,658,666352934,38,3318,1183,666352884,7641,13278,583,666352862,29,3207,331,666352869,23,3203,257,666352866,22,3332,417,666352852,19,3324,193175,666352924,7636,13322,502,666352829,37,3325,
2026-09-30,06:46:26.880,999,1399,666382233,39,3367,1022,666382329,6750,13291,1884,666382361,25,3215,833,666382361,27,3209,878,666382352,24,3418,345,666381461,23,3381,197920,666381487,6769,13383,1001,666381547,36,3379,
2026-09-30,06:46:27.881,1000,1284,667031730,47,3344,436,667031822,7461,13290,985,667031804,30,3208,888,667031781,30,3213,311,667031771,30,3363,273,667031770,25,3341,195283,667031722,7432,13347,964,667031689,38,3332,
2026-09-30,06:46:28.880,999,10082,666377263,41,3905,9549,666377253,7282,13817,10414,666377236,28,3769,13283,666377215,23,3778,10300,666377187,21,3899,11795,666376171,35,3894,204155,666376178,7313,13880,11932,666376210,41,3883,
2026-09-30,06:46:29.880,999,15684,666379468,44,3962,14295,666379503,7167,13914,13975,666379518,32,3820,17106,666379577,31,3854,11273,666379611,30,3994,13077,666378589,30,3945,207746,666378700,7148,13944,13448,666378669,39,3931,
2026-09-30,06:46:30.881,1000,3744,667015026,75,3611,3321,667015050,7336,13532,3070,667015018,46,3470,4224,667015020,48,3444,4898,667015024,55,3617,2988,667015030,47,3583,194681,667015102,7352,13574,4015,667015043,55,3574,
2026-09-30,06:46:31.881,999,1132,666360812,38,3327,899,666360820,7315,13267,613,666360761,27,3215,218,666360753,21,3200,634,666360734,33,3376,538,666360632,29,3356,195795,666360663,7307,13313,420,666360683,33,3324,
2026-09-30,06:46:32.880,999,2308,666375812,49,3429,1671,666375768,7525,13377,1427,666375790,32,3300,1062,666375755,39,3308,1378,666375768,29,3425,1898,666375783,31,3437,193483,666375818,7545,13430,1319,666374894,42,3422,
2026-09-30,06:46:33.881,1000,495,667047887,34,3306,227,667047863,7057,13269,212,667047918,18,3183,205,667047923,16,3181,220,667047962,18,3347,173,667048062,14,3348,190886,667048131,7067,13330,995,667047432,29,3340,
2026-09-30,06:46:34.881,999,3733,666353079,81,3537,2419,666353160,6846,13465,5277,666353197,66,3402,3370,666353219,57,3404,2434,666353212,63,3576,11147,666353220,52,3577,198415,666353258,6902,13488,5347,666353371,59,3534,
2026-09-30,06:46:35.880,999,1700,666396292,49,3389,1630,666396296,7771,13355,1744,666396315,32,3300,1369,666396323,33,3297,965,666396374,43,3414,1172,666395727,28,3398,185792,666395754,7813,13395,1416,666395680,46,3390,
2026-09-30,06:46:36.880,999,1616,666359377,52,3424,1394,666359393,7239,13331,1324,666359400,33,3274,905,666359419,42,3283,1259,666359388,37,3432,810,666359403,36,3400,196411,666359411,7235,13386,1246,666359456,56,3425,
2026-09-30,06:46:37.881,1000,1092,667029293,39,3325,311,667029321,7053,13267,205,667029320,12,3174,221,667029332,17,3166,362,667029362,10,3327,251,667029394,16,3331,194879,667029470,7057,13328,426,667029497,24,3318,
2026-09-30,06:46:38.881,999,8961,666439538,66,3892,10173,666439527,7441,13833,9066,666439534,59,3768,10521,666439538,50,3728,6333,666439538,68,3883,7431,666439609,54,3880,204027,666439642,7443,13891,10712,666439695,65,3847,
2026-09-30,06:46:39.880,999,790,666387272,27,3343,627,666387324,6832,13310,689,666387334,27,3211,298,666387304,27,3211,777,666387271,30,3419,206,666387387,27,3366,199274,666387348,6825,13344,753,666386264,29,3359,
2026-09-30,06:46:40.881,1000,1157,667057819,37,3355,495,667057820,7316,13291,437,667057849,24,3205,941,667057871,36,3237,335,667057886,32,3376,367,667057194,24,3361,191177,667057268,7375,13316,1015,667057275,37,3336,
2026-09-30,06:46:41.882,1000,1134,667041800,44,3349,621,667041812,7601,13275,1168,667041808,30,3241,627,667041841,27,3216,323,667041868,26,3342,778,667041830,37,3345,192288,667041111,7599,13347,429,667041028,44,3328,
2026-09-30,06:46:42.882,999,651,666392612,31,3317,852,666392656,7344,13270,336,666392686,26,3212,474,666392658,28,3208,427,666392671,20,3373,371,666391931,24,3367,198211,666391956,7342,13353,757,666391863,40,3342,
2026-09-30,06:46:43.881,999,1278,666389515,38,3331,910,666389510,7597,13278,565,666388471,28,3222,1769,666388505,27,3220,735,666388560,24,3334,766,666388541,32,3345,190702,666388542,7647,13333,907,666388563,31,3312,
2026-09-30,06:46:44.882,1000,670,667024937,58,3355,669,667024951,7244,13309,941,667024961,38,3226,789,667024992,41,3226,819,667024912,48,3408,736,667024848,39,3377,197561,667024015,7254,13389,722,667024045,44,3354,
2026-09-30,06:46:45.882,999,3544,666374111,41,3476,2944,666374209,7554,13421,1916,666374221,24,3334,3189,666374257,31,3387,3244,666374299,25,3501,2778,666374239,32,3473,189140,666373470,7570,13462,2256,666373490,38,3476,
2026-09-30,06:46:46.882,999,5231,666387484,53,3631,5437,666387517,7586,13554,5447,666387552,40,3507,5377,666387542,39,3479,4938,666387555,44,3627,6270,666387585,38,3640,195660,666386912,7595,13641,6287,666386922,44,3646,
2026-09-30,06:46:47.881,999,1899,666378543,47,3400,1379,666378549,7913,13343,1652,666378596,35,3309,2125,666378596,37,3313,1734,666378625,35,3422,1467,666377885,30,3374,186600,666377849,7922,13366,1409,666377868,48,3409,
2026-09-30,06:46:48.882,1000,911,667042333,22,3332,814,667042299,7015,13277,800,667042341,19,3202,414,667042335,16,3185,835,667042377,17,3383,408,667041714,17,3353,197769,667041734,6991,13318,618,667041764,16,3343,
2026-09-30,06:46:49.882,999,769,666386684,24,3291,789,666386685,7883,13238,318,666386755,12,3169,583,666386748,19,3183,440,666386779,12,3281,919,666386833,10,3267,189129,666385922,7908,13279,630,666385805,25,3281,
2026-09-30,06:46:50.881,999,1345,666377492,47,3329,554,666377469,7790,13281,711,666377474,29,3253,1103,666377496,34,3241,1596,666377518,28,3387,1734,666377610,34,3373,187563,666376893,7818,13337,752,666376919,51,3353,
2026-09-30,06:46:51.882,1000,1176,667041819,33,3324,273,667041795,7272,13284,440,667041820,23,3200,861,667041777,16,3195,533,667041825,19,3359,584,667041233,16,3335,192333,667041240,7274,13320,667,667041307,27,3328,
2026-09-30,06:46:52.882,999,1135,666374456,45,3374,975,666374429,7721,13325,845,666374486,35,3283,1556,666374448,34,3268,1809,666374460,35,3404,1506,666374455,34,3385,189402,666374516,7750,13348,2534,666374577,39,3374,
2026-09-30,06:46:53.882,999,999,666388103,31,3329,542,666388169,7352,13271,202,666388155,17,3204,342,666388166,12,3191,537,666388170,12,3353,1509,666388262,16,3354,192664,666388312,7366,13318,1017,666388263,27,3340,
2026-09-30,06:46:54.881,999,11771,666376181,63,3819,10609,666376132,7252,13769,13296,666376143,39,3685,10559,666376125,50,3648,11618,666376193,45,3841,11031,666376099,47,3836,203498,666376106,7274,13810,11416,666376120,54,3816,
2026-09-30,06:46:55.882,1000,59934,667050737,126,6808,54009,667050743,7592,16759,54085,667050761,104,6744,54919,667050797,120,6630,57215,667050783,103,6821,55470,667050819,104,6723,251795,667050815,7605,16833,58137,667050865,120,6795,
2026-09-30,06:46:56.882,999,5071,666400376,90,3700,4409,666400377,7549,13622,5411,666400406,70,3572,4252,666400394,90,3563,4121,666400435,76,3687,3702,666400507,68,3669,196967,666400513,7551,13711,4245,666400551,87,3691,
2026-09-30,06:46:57.882,999,1182,666385970,49,3352,1009,666386025,7341,13289,1062,666386008,25,3246,483,666385988,33,3222,594,666385977,29,3396,579,666386028,30,3381,192035,666386151,7366,13324,835,666386179,43,3346,
2026-09-30,06:46:58.882,1000,2199,667068681,74,3550,1479,667068628,7706,13495,2488,667068678,60,3427,2928,667068632,49,3390,3512,667068606,57,3545,3327,667068869,67,3547,191494,667068866,7713,13521,2817,667068830,66,3511,
2026-09-30,06:46:59.882,999,1250,666360236,40,3360,815,666360261,7137,13317,452,666360250,31,3223,824,666360262,36,3229,601,666360284,32,3398,407,666360227,39,3387,197837,666359259,7145,13362,845,666359300,43,3395,
2026-09-30,06:47:00.882,999,4391,666357857,73,3608,4169,666357815,7567,13551,4720,666357735,43,3477,4957,666357723,45,3479,4953,666357750,45,3618,3729,666357791,50,3602,192973,666357877,7578,13585,5068,666357900,60,3624,
2026-09-30,06:47:01.881,999,2137,666365057,57,3420,2164,666365084,7487,13352,1556,666365027,39,3353,928,666365029,40,3298,1864,666365045,36,3425,1690,666365062,29,3427,193665,666364328,7500,13435,1995,666364289,46,3433,
2026-09-30,06:47:02.882,1000,1116,667052924,48,3394,740,667052896,6888,13324,1426,667052928,32,3254,938,667052912,33,3254,1271,667052928,40,3416,1045,667051985,40,3407,198616,667051967,6916,13391,1926,667051933,38,3395,
2026-09-30,06:47:03.882,999,1040,666381241,47,3375,1874,666381321,7710,13332,689,666381261,36,3250,613,666381223,33,3243,723,666381217,43,3391,1383,666380457,25,3364,188591,666380514,7724,13380,1131,666380435,43,3402,
2026-09-30,06:47:04.882,999,5486,666375754,109,3699,4743,666375756,7395,13669,5068,666375806,87,3624,4970,666375779,81,3574,4840,666375781,81,3778,5058,666375064,92,3784,196461,666375023,7398,13732,4262,666375048,95,3717,
2026-09-30,06:47:05.882,1000,4529,667032958,46,3516,2519,667032948,7587,13459,3657,667032939,24,3390,2799,667032953,22,3358,4301,667032952,29,3556,2742,667032928,25,3530,194231,667032083,7568,13520,3201,667032072,30,3520,
2026-09-30,06:47:06.882,999,1358,666361904,55,3407,1084,666361975,7180,13336,441,666361964,31,3235,509,666361967,39,3253,471,666362003,41,3423,701,666362024,37,3418,197978,666362056,7177,13387,1427,666361983,51,3416,
2026-09-30,06:47:07.882,999,1661,666381866,42,3369,1739,666381945,7314,13319,957,666381986,28,3234,545,666381940,24,3242,1469,666381997,33,3419,1249,666381896,27,3389,195947,666381892,7354,13373,975,666381918,40,3379,
2026-09-30,06:47:08.882,1000,1956,667042927,37,3354,1017,667042911,7845,13304,704,667042943,34,3258,1210,667042977,40,3266,1286,667043010,29,3366,668,667042934,36,3368,190277,667042936,7833,13337,1360,667042920,38,3376,
2026-09-30,06:47:09.883,1000,1774,667054666,39,3421,1351,667054705,7404,13391,952,667054657,37,3261,1269,667054587,35,3275,853,667054576,40,3440,1273,667054547,46,3413,193637,667054559,7389,13411,1783,667054572,39,3415,
2026-09-30,06:47:10.883,999,923,666374766,34,3316,495,666374762,7533,13232,287,666374773,17,3188,329,666374765,19,3180,245,666374808,16,3309,150,666374754,19,3303,189527,666374884,7536,13300,470,666374037,25,3298,
2026-09-30,06:47:11.883,999,1240,666378280,33,3327,921,666378300,7203,13269,310,666378306,21,3215,532,666376423,22,3213,300,666376374,15,3346,400,666376337,18,3357,198637,666376402,7197,13318,648,666376464,29,3343,
2026-09-30,06:47:12.883,1000,711,667045342,45,3324,457,667045294,7719,13285,630,667045232,24,3218,378,667045217,21,3205,761,667045194,31,3367,302,667044546,25,3312,189151,667044454,7743,13305,478,667044548,31,3313,
2026-09-30,06:47:13.883,999,1450,666380636,32,3320,1545,666380623,7493,13285,1071,666380564,17,3195,322,666380530,18,3210,683,666380516,18,3352,527,666380609,17,3347,193142,666380704,7487,13317,1304,666380674,36,3337,
2026-09-30,06:47:14.883,999,836,666377360,63,3355,781,666377306,7766,13283,564,666377278,43,3226,727,666377246,36,3216,847,666377257,41,3347,532,666377218,44,3333,187492,666376422,7797,13326,1233,666376380,52,3349,
2026-09-30,06:47:15.883,999,3442,666411772,61,3553,3402,666411796,7464,13517,3646,666411800,43,3416,3361,666411819,40,3433,3834,666411793,47,3587,2965,666411819,44,3563,193838,666411892,7515,13537,4587,666411853,63,3577,
2026-09-30,06:47:16.883,1000,1023,667051906,45,3361,376,667051983,7380,13289,786,667051994,30,3216,265,667051967,27,3205,487,667052003,28,3363,1101,667051968,33,3364,196945,667052154,7350,13329,950,667052261,39,3353,
2026-09-30,06:47:17.883,999,830,666377044,28,3300,166,666377010,7110,13229,93,666377008,14,3168,93,666377023,11,3152,114,666377061,13,3339,148,666377140,10,3325,190667,666377169,7173,13297,392,666376272,16,3297,
2026-09-30,06:47:18.883,999,3993,666381184,52,3567,4269,666381214,7054,13495,2407,666381242,35,3404,3261,666381248,26,3405,3212,666381262,35,3623,2483,666381253,21,3567,199870,666381233,7058,13548,2837,666381092,36,3576,
2026-09-30,06:47:19.884,1000,826,667045025,39,3317,702,667045006,7901,13284,808,667045037,31,3254,407,667045011,23,3223,864,667044985,24,3342,764,667045052,23,3330,189346,667044231,7904,13334,706,667044280,32,3324,
2026-09-30,06:47:20.883,999,1098,666355554,52,3352,719,666355465,7219,13291,479,666355489,28,3203,573,666355449,29,3224,347,666355460,28,3375,504,666355390,20,3345,197363,666355488,7210,13359,527,666355487,33,3344,
2026-09-30,06:47:21.883,999,478,666380286,23,3272,536,666380332,7803,13207,274,666380323,15,3180,260,666380384,13,3161,410,666380380,18,3282,190,666380392,12,3262,188382,666379807,7834,13257,315,666379728,24,3282,
2026-09-30,06:47:22.883,999,721,666374318,35,3269,306,666374292,8225,13219,196,666374357,24,3187,237,666374350,19,3183,177,666374341,16,3267,267,666373641,24,3256,189166,666373714,8203,13259,901,666373698,24,3258,
2026-09-30,06:47:23.883,1000,1140,667046677,36,3342,350,667046691,6935,13312,1018,667046683,18,3201,196,667046649,20,3195,509,667046697,12,3382,270,667046703,18,3370,198665,667046748,6923,13363,586,667046601,29,3344,
2026-09-30,06:47:24.883,999,1019,666377456,55,3321,389,666377476,7866,13241,928,666377501,26,3201,235,666377516,25,3190,494,666377530,22,3317,129,666377565,20,3287,189135,666376860,7840,13296,570,666376801,55,3307,
2026-09-30,06:47:25.883,999,1601,666378653,42,3354,1660,666378630,8103,13283,1029,666378618,27,3262,1452,666378649,30,3253,2087,666378650,35,3371,1539,666378689,24,3355,189759,666378716,8116,13337,1644,666378013,43,3344,
2026-09-30,06:47:26.884,1000,1493,667044250,55,3370,1009,667044248,8098,13295,1029,667044222,43,3281,971,667044227,39,3257,1526,667044303,31,3374,1380,667043256,43,3372,187756,667043220,8097,13350,1037,667043324,46,3366,
2026-09-30,06:47:27.883,999,731,666373740,22,3287,268,666373759,7894,13239,1200,666373767,17,3199,408,666373816,23,3200,808,666373782,10,3291,332,666373050,14,3289,188727,666372962,7907,13265,398,666372989,26,3292,
2026-09-30,06:47:28.883,999,10537,666386984,52,3958,10646,666387045,7855,13887,9890,666387019,34,3828,10367,666387012,38,3813,8689,666386999,28,3943,12423,666386364,33,3955,196782,666386351,7885,13905,11397,666386348,48,3954,
2026-09-30,06:47:29.883,999,850,666370957,27,3306,381,666370999,7080,13239,213,666371016,13,3187,290,666371060,13,3166,113,666371076,11,3336,99,666371192,11,3319,196413,666371137,7099,13315,391,666370402,24,3298,
2026-09-30,06:47:30.884,1000,4465,667054912,65,3541,4630,667054906,7758,13535,3184,667054891,36,3456,4390,667054874,47,3454,2910,667054934,46,3589,4350,667054935,42,3572,192055,667055139,7762,13561,4386,667055067,60,3556,
2026-09-30,06:47:31.883,999,1902,666402216,61,3425,1698,666402236,7441,13352,1161,666402264,44,3296,901,666402291,49,3293,1177,666402296,43,3418,997,666402313,51,3416,194877,666402352,7464,13423,1247,666402382,57,3437,
2026-09-30,06:47:32.883,999,621,666341709,30,3289,347,666341684,7214,13229,354,666341674,12,3168,315,666341666,12,3164,395,666341687,15,3331,92,666341698,15,3325,194426,666341651,7209,13307,272,666341612,27,3311,
2026-09-30,06:47:33.884,1000,499,667028835,33,3298,321,667028816,7809,13242,679,667028816,20,3183,479,667028844,19,3178,173,667028886,26,3312,206,667028891,19,3297,188455,667028017,7796,13302,910,667028147,34,3293,
2026-09-30,06:47:34.883,999,2319,666393089,58,3378,1326,666393039,7728,13282,1527,666393063,60,3289,745,666393121,39,3247,960,666393112,40,3368,999,666393208,47,3360,190613,666393246,7730,13340,1680,666393227,51,3375,
2026-09-30,06:47:35.883,999,1058,666377710,43,3379,1085,666377677,7655,13315,777,666377608,19,3240,412,666377622,29,3228,616,666377600,30,3352,882,666377658,28,3347,186711,666376897,7681,13353,743,666376796,43,3369,
2026-09-30,06:47:36.883,999,846,666398607,35,3309,311,666398539,7598,13249,272,666398616,20,3184,445,666398610,20,3188,258,666398608,19,3321,670,666398659,28,3313,190275,666398776,7609,13309,616,666398823,42,3334,
2026-09-30,06:47:37.884,1000,2199,667040741,47,3367,1758,667040773,7409,13312,870,667040727,38,3265,1781,667040743,25,3259,1410,667040780,31,3404,1180,667040824,31,3372,194462,667040066,7447,13380,1113,667040090,42,3382,
2026-09-30,06:47:38.883,999,1489,666382314,51,3374,1812,666382238,7711,13316,696,666382244,23,3254,1115,666382276,22,3253,893,666382284,25,3390,1348,666381634,31,3393,189054,666381667,7750,13379,1501,666381785,41,3376,
2026-09-30,06:47:39.883,999,718,666376302,36,3298,441,666376293,7779,13230,363,666376260,17,3190,646,666376263,14,3178,484,666376224,17,3306,693,666376159,13,3299,189327,666376064,7782,13306,662,666376119,25,3298,
2026-09-30,06:47:40.884,1000,1111,667042643,38,3352,953,667042723,6966,13289,226,667042758,21,3204,286,667042773,18,3187,172,667042762,22,3371,240,667042225,26,3377,197625,667042254,6973,13354,555,667042199,32,3354,
2026-09-30,06:47:41.884,999,1015,666373579,27,3296,136,666373525,7599,13206,188,666373615,11,3163,106,666373587,11,3149,158,666373521,11,3289,294,666373521,7,3269,194981,666373439,7557,13252,207,666373406,18,3251,
2026-09-30,06:47:42.883,999,971,666357832,30,3308,614,666357872,7704,13256,398,666357895,24,3203,424,666357887,20,3188,524,666357909,30,3341,478,666356987,22,3316,192003,666357038,7712,13294,1220,666357077,29,3328,
2026-09-30,06:47:43.883,999,879,666385613,24,3314,319,666385603,7351,13257,241,666385552,17,3187,781,666385552,16,3178,530,666385572,14,3333,382,666385610,14,3313,195811,666384934,7345,13295,540,666384830,21,3305,
2026-09-30,06:47:44.884,1000,873,667001047,39,3339,481,667001044,7292,13275,689,667001039,29,3217,583,667001022,34,3203,347,667001053,35,3357,489,667001067,40,3366,193902,667001137,7292,13348,1013,667001081,32,3336,
2026-09-30,06:47:45.883,999,3863,666385213,47,3510,3549,666385181,7357,13440,2535,666385179,41,3366,2645,666385187,39,3370,2774,666385219,38,3509,2117,666385290,34,3494,197046,666385246,7352,13507,2785,666384315,49,3524,
2026-09-30,06:47:46.883,999,1252,666395323,34,3362,719,666395281,7186,13285,442,666395310,31,3218,1092,666395368,27,3220,604,666395387,29,3378,405,666395464,26,3375,196310,666394587,7162,13345,1223,666394599,42,3380,
2026-09-30,06:47:47.884,1000,958,667053761,38,3301,650,667053643,7909,13259,488,667053629,17,3209,336,667053634,20,3203,619,667053640,22,3315,482,667052935,24,3291,187737,667052932,7934,13296,1100,667052927,41,3315,
2026-09-30,06:47:48.884,999,1703,666381352,37,3328,828,666381340,7906,13265,1039,666381355,29,3220,588,666381320,23,3216,745,666381352,25,3327,542,666381268,29,3319,186915,666381196,7931,13315,1213,666381098,34,3335,
2026-09-30,06:47:49.883,999,804,666399013,24,3288,300,666399051,7679,13225,201,666399080,14,3184,529,666399038,10,3160,763,666399067,14,3292,195,666398424,11,3284,190014,666398628,7693,13286,286,666398682,22,3277,
2026-09-30,06:47:50.883,999,1222,666392116,31,3277,326,666392113,7776,13234,392,666392084,24,3188,186,666392106,14,3176,240,666392132,22,3306,344,666392166,16,3291,187879,666392177,7801,13288,641,666392181,38,3310,
2026-09-30,06:47:51.884,1000,783,667019959,49,3354,797,667019943,7249,13306,726,667019941,29,3241,552,667019939,26,3221,606,667019991,23,3395,330,667020059,24,3350,195660,667020112,7256,13361,889,667020151,40,3368,
2026-09-30,06:47:52.883,999,640,666353012,24,3279,288,666353005,7178,13243,317,666353062,10,3169,97,666353099,4,3149,138,666353112,12,3326,214,666352442,15,3313,195230,666352472,7154,13296,518,666352459,17,3298,
2026-09-30,06:47:53.883,999,1251,666387865,42,3324,876,666387824,7057,13275,572,666387855,18,3196,552,666387840,14,3192,1392,666387863,18,3362,728,666387267,11,3343,195005,666387257,7056,13311,669,666387197,25,3320,
2026-09-30,06:47:54.884,1000,1117,667044556,58,3347,792,667044636,7636,13302,698,667044676,29,3224,799,667044716,43,3244,1198,667044698,40,3377,508,667044808,28,3342,190461,667043841,7634,13344,1206,667043857,48,3370,
2026-09-30,06:47:55.884,999,1339,666392382,32,3321,456,666392357,7534,13264,1123,666392355,21,3209,577,666392338,27,3195,330,666392394,18,3322,628,666392478,21,3323,190043,666391792,7571,13309,1117,666391910,33,3315,
2026-09-30,06:47:56.883,999,2476,666399194,35,3417,1367,666399153,7586,13335,2592,666399197,22,3278,1351,666399170,20,3254,1254,666399177,27,3408,1620,666398573,24,3401,191768,666398621,7571,13370,1821,666398596,31,3410,
2026-09-30,06:47:57.883,999,867,666369644,30,3315,824,666369671,7270,13266,324,666369728,20,3197,495,666369748,16,3192,858,666369730,14,3358,383,666369750,17,3351,192849,666369744,7313,13321,811,666369656,22,3321,
2026-09-30,06:47:58.884,1000,1405,667036425,18,3318,356,667036475,7339,13265,573,667036507,18,3198,520,667036564,12,3183,336,667036603,16,3348,393,667036769,12,3323,194509,667036978,7347,13303,620,667037001,14,3321,
2026-09-30,06:47:59.884,999,1392,666392304,47,3385,1141,666392272,7595,13340,1246,666392319,50,3302,1493,666392329,47,3302,1717,666392367,37,3437,1645,666392376,37,3429,191137,666392349,7616,13383,2179,666392424,42,3415,
2026-09-30,06:48:00.883,999,3350,666346343,47,3462,2443,666346344,7557,13381,2265,666346311,31,3323,2737,666346309,26,3322,3121,666346347,27,3471,2312,666346337,37,3475,194412,666346287,7542,13432,2322,666346265,48,3461,
2026-09-30,06:48:01.884,1000,1266,667045657,41,3370,1031,667045637,7136,13307,1395,667045612,25,3234,417,667045622,22,3223,609,667045668,33,3403,633,667044941,27,3376,195743,667044895,7146,13409,1795,667044865,35,3383,
2026-09-30,06:48:02.884,999,1608,666352728,38,3323,555,666352757,7526,13253,565,666352770,23,3199,441,666352744,18,3186,1140,666352733,23,3328,303,666352686,19,3311,194937,666352651,7532,13320,1096,666352654,28,3334,
2026-09-30,06:48:03.883,999,811,666375454,27,3303,633,666375466,7247,13238,121,666375456,12,3162,163,666375462,17,3170,382,666375476,12,3319,343,666375512,12,3309,194461,666375542,7261,13304,837,666375589,20,3320,
2026-09-30,06:48:04.884,1000,1745,667028486,62,3455,1449,667028518,7444,13381,2576,667028460,41,3350,2829,667028474,40,3351,2497,667028506,60,3516,2905,667027773,44,3487,192735,667027760,7475,13452,2668,667027751,42,3470,
2026-09-30,06:48:05.884,999,1559,666378799,39,3343,906,666378855,7621,13281,642,666378934,26,3224,656,666378953,24,3217,474,666378946,28,3367,500,666378988,27,3365,190892,666378916,7601,13338,1342,666378815,46,3378,
2026-09-30,06:48:06.884,999,1399,666375201,50,3367,1147,666375260,7666,13306,893,666375308,37,3274,767,666375309,31,3233,551,666375280,34,3366,1148,666375287,36,3354,189710,666375190,7672,13345,1222,666374380,48,3373,
2026-09-30,06:48:07.883,999,1450,666383746,47,3367,669,666383790,7866,13285,502,666383788,39,3237,538,666383835,41,3236,936,666383898,22,3345,1257,666383932,30,3338,187800,666383064,7888,13349,1833,666383016,42,3336,
2026-09-30,06:48:08.884,1000,1012,667043984,38,3333,334,667043981,7291,13280,541,667043982,20,3217,209,667043988,22,3196,347,667044022,27,3358,291,667043216,17,3323,195013,667043182,7294,13353,950,667043108,25,3339,
2026-09-30,06:48:09.884,999,690,666388703,17,3275,215,666388732,7362,13234,306,666388745,8,3160,76,666388757,8,3155,337,666388748,12,3304,131,666387871,11,3297,193269,666388000,7336,13264,255,666388023,15,3274,
2026-09-30,06:48:10.884,999,1370,666378502,34,3364,1039,666378443,7591,13298,1049,666378402,33,3257,537,666378369,30,3207,669,666378400,26,3364,714,666377563,28,3341,191493,666377503,7584,13345,1310,666377623,36,3374,
2026-09-30,06:48:11.884,1000,544,667047906,23,3276,191,667047852,7407,13242,74,667047928,11,3159,72,667047903,14,3154,53,667047874,8,3298,117,667046724,9,3286,194099,667046768,7424,13298,642,667046703,20,3303,
2026-09-30,06:48:12.884,999,1396,666382484,14,3294,251,666382504,7324,13243,236,666382486,14,3177,185,666382465,6,3160,813,666382432,7,3319,140,666382455,7,3302,193365,666381915,7334,13266,676,666381858,6,3296,
2026-09-30,06:48:13.884,999,913,666344465,30,3324,532,666344493,7288,13272,397,666344495,15,3190,376,666344488,18,3188,535,666344494,15,3322,266,666344438,14,3330,193719,666344480,7274,13319,1111,666344515,21,3317,
2026-09-30,06:48:14.883,999,863,666355085,53,3330,1207,666355162,7872,13250,560,666355182,37,3218,445,666355178,36,3202,394,666355157,35,3344,594,666355105,31,3296,188976,666355128,7855,13274,754,666355078,34,3308,
2026-09-30,06:48:15.884,1000,2698,667049133,40,3439,2273,667049133,6817,13420,2320,667049129,17,3296,3057,667049127,24,3313,2433,667049098,24,3473,2637,667049197,20,3487,200182,667048575,6840,13472,2211,667048496,39,3471,
2026-09-30,06:48:16.884,999,1032,666353967,38,3372,1306,666353961,7645,13314,735,666353958,26,3237,815,666353942,34,3252,1004,666353950,24,3350,696,666353882,33,3357,189326,666353931,7667,13341,1006,666353908,33,3346,
2026-09-30,06:48:17.883,999,788,666359736,30,3303,511,666359728,7125,13250,714,666359702,11,3184,839,666359657,16,3157,177,666359551,19,3339,152,666359524,14,3313,195017,666358720,7152,13307,790,666358738,27,3332,
2026-09-30,06:48:18.884,1000,579,667018945,28,3289,160,667018979,7346,13227,92,667018988,11,3168,103,667019028,8,3155,109,667019068,10,3324,53,667019126,10,3308,195951,667019212,7339,13293,430,667019226,21,3285,
2026-09-30,06:48:19.884,999,1244,666366886,39,3361,476,666366945,6887,13304,711,666366952,22,3208,1241,666366983,26,3222,659,666366953,19,3386,439,666366991,25,3380,198242,666367006,6886,13365,821,666367048,38,3388,
2026-09-30,06:48:20.884,999,788,666388564,33,3294,416,666388526,7638,13252,296,666388499,14,3187,481,666388513,11,3157,269,666388488,12,3291,493,666388458,16,3292,189682,666387777,7641,13291,665,666387702,28,3300,
2026-09-30,06:48:21.884,1000,1959,667046469,41,3369,520,667046547,7106,13314,480,667046595,18,3219,1618,667046635,18,3228,1570,667046688,17,3386,577,667045815,15,3388,194718,667045835,7085,13359,1048,667045695,35,3384,
2026-09-30,06:48:22.884,999,662,666398270,32,3271,212,666398244,7690,13229,134,666398253,10,3164,148,666398261,9,3149,130,666398262,17,3287,60,666397566,11,3263,188637,666397527,7696,13270,277,666397598,22,3273,
2026-09-30,06:48:23.884,999,936,666380671,38,3341,453,666380634,7243,13277,425,666380640,26,3227,698,666380645,27,3214,516,666380654,22,3367,522,666380574,27,3381,198484,666379564,7237,13362,1099,666379560,39,3360,
2026-09-30,06:48:24.884,999,613,666378608,43,3333,309,666378570,7027,13268,311,666378587,37,3208,191,666378590,23,3172,297,666378571,24,3364,196,666378645,25,3347,198312,666378027,7002,13330,823,666378054,28,3328,
2026-09-30,06:48:25.884,1000,1134,667049189,45,3338,712,667049192,7642,13298,669,667049274,23,3211,533,667049280,20,3208,1678,667049263,20,3335,1421,667049282,35,3361,190101,667048732,7658,13351,1044,667048673,36,3332,
2026-09-30,06:48:26.884,999,1378,666378978,46,3407,1236,666379010,7357,13307,594,666379063,26,3249,490,666379086,25,3218,759,666379083,26,3390,904,666379200,31,3398,194194,666378453,7351,13385,1619,666378476,30,3397,
2026-09-30,06:48:27.884,999,1195,666377094,29,3334,411,666377077,7107,13287,212,666377095,19,3181,362,666377080,23,3181,285,666377077,22,3364,230,666375648,19,3357,195951,666375640,7098,13343,565,666375657,29,3346,
2026-09-30,06:48:28.884,1000,358,667051725,18,3251,224,667051724,7876,13207,104,667051740,14,3161,90,667051727,12,3155,195,667051720,8,3269,127,667051786,14,3272,187832,667050896,7896,13263,785,667050836,16,3264,
2026-09-30,06:48:29.885,1000,673,667044582,21,3302,259,667044516,7309,13256,138,667044497,9,3161,194,667044512,12,3158,124,667044539,7,3306,66,667044560,9,3292,197169,667044584,7286,13305,676,667044591,18,3306,
2026-09-30,06:48:30.885,999,2518,666386350,60,3499,2024,666386323,7631,13426,2352,666386365,38,3344,3271,666386397,36,3337,2623,666386388,38,3473,2057,666386553,36,3427,189629,666385170,7604,13444,2776,666385171,49,3468,
2026-09-30,06:48:31.885,999,1289,666387273,34,3345,461,666387346,7223,13281,461,666387383,18,3214,1389,666387403,17,3213,925,666387460,22,3371,1264,666387412,21,3355,197040,666386606,7215,13344,1432,666386670,27,3339,
2026-09-30,06:48:32.885,1000,937,667015563,41,3342,841,667015619,7289,13280,368,667015659,17,3197,476,667015646,17,3181,235,667015637,24,3343,336,667015619,12,3328,195387,667015553,7297,13338,694,667015625,33,3330,
2026-09-30,06:48:33.885,999,311,666366096,21,3260,177,666366143,7622,13203,83,666366146,10,3152,152,666366175,14,3154,46,666366227,6,3284,254,666366259,13,3284,189379,666365491,7636,13267,453,666365429,23,3284,
2026-09-30,06:48:34.885,999,872,666380409,37,3298,543,666380433,7397,13250,356,666380437,36,3199,406,666380500,27,3184,406,666380573,22,3336,384,666379345,31,3333,192876,666379363,7384,13293,688,666379350,40,3317,
2026-09-30,06:48:35.886,1000,467,667036284,27,3289,345,667036239,7299,13246,108,667036175,14,3162,72,667036208,9,3148,160,667036196,12,3313,394,667034221,15,3315,198303,667034303,7282,13303,541,667034280,24,3302,
2026-09-30,06:48:36.885,999,1061,666369982,39,3345,1106,666370064,7082,13298,431,666370026,18,3191,665,666370018,29,3203,607,666369991,21,3370,581,666370047,25,3345,195392,666369461,7089,13341,729,666369381,32,3356,
2026-09-30,06:48:37.885,999,970,666364232,40,3300,618,666364241,7741,13218,615,666364229,10,3194,315,666364217,22,3184,403,666364230,20,3324,401,666364289,16,3290,185704,666364346,7783,13262,778,666363155,31,3293,
2026-09-30,06:48:38.885,999,752,666400436,37,3306,516,666400417,7381,13254,479,666400467,33,3220,544,666400483,28,3195,1157,666400500,29,3371,680,666399829,29,3350,193014,666399897,7400,13323,873,666399806,42,3346,
2026-09-30,06:48:39.885,1000,2195,667019278,41,3376,2392,667019265,7453,13353,1656,667019226,21,3266,802,667019206,28,3278,1206,667019168,26,3407,1491,667019164,19,3390,194082,667017857,7485,13417,1156,667017884,34,3412,
2026-09-30,06:48:40.885,999,1507,666345090,45,3433,1231,666345082,7101,13342,1574,666345071,23,3306,1763,666345118,19,3291,1919,666345195,13,3444,2013,666345148,24,3451,194146,666345111,7112,13424,2647,666345092,35,3426,
2026-09-30,06:48:41.885,999,2040,666373332,50,3429,1809,666373405,7316,13382,1705,666373372,37,3349,2369,666373388,27,3333,1577,666373432,31,3489,1938,666373305,23,3464,193549,666371857,7330,13454,2665,666371792,30,3437,
2026-09-30,06:48:42.886,1000,3749,667054108,29,3356,1853,667054082,8022,13312,1848,667054064,18,3265,1378,667054113,22,3297,1415,667054134,23,3376,1826,667054095,21,3372,190605,667054070,8051,13366,1538,667053995,33,3348,
2026-09-30,06:48:43.885,999,821,666372416,42,3329,337,666371707,7133,13260,321,666371722,21,3206,454,666371737,23,3201,442,666371754,15,3342,362,666371768,19,3335,197723,666371779,7154,13335,792,666371732,32,3338,
2026-09-30,06:48:44.885,999,2065,666380019,56,3405,782,666380026,7290,13355,1211,666379917,42,3259,1454,666379872,50,3287,1999,666379920,58,3449,1533,666380566,44,3437,194820,666380608,7320,13374,1537,666380524,49,3426,
2026-09-30,06:48:45.886,1000,2788,667008671,30,3462,2426,667008620,7610,13406,3106,667008610,23,3330,2582,667008604,33,3336,2592,667008627,25,3435,3339,667008578,25,3446,192852,667008536,7612,13450,3236,667008446,34,3468,
2026-09-30,06:48:46.885,999,1413,666369817,50,3362,829,666369877,7638,13284,1304,666369919,54,3274,1379,666369922,36,3244,982,666369924,40,3370,813,666370005,52,3369,191799,666369267,7635,13390,1246,666369215,47,3352,
2026-09-30,06:48:47.885,999,1183,666359093,41,3314,354,666359000,7822,13245,336,666359026,30,3224,397,666359060,18,3207,668,666358963,25,3317,509,666358983,21,3311,191088,666358860,7796,13291,540,666358772,42,3307,
2026-09-30,06:48:48.885,999,847,666385378,34,3311,258,666385408,7360,13244,583,666385435,15,3200,349,666385452,16,3197,265,666385470,18,3332,709,666385535,11,3327,190806,666385552,7389,13291,1121,666385461,32,3306,
2026-09-30,06:48:49.885,1000,1421,667032533,36,3337,1230,667032574,7538,13283,490,667032564,28,3229,488,667032579,28,3224,758,667032575,24,3361,1107,667032573,27,3353,192659,667031932,7534,13371,714,667031956,40,3342,
2026-09-30,06:48:50.885,999,1236,666373351,47,3367,787,666373362,7062,13317,666,666373382,32,3230,996,666373374,31,3223,679,666373402,29,3388,905,666373291,32,3396,199396,666373219,7053,13369,1016,666373349,40,3386,
2026-09-30,06:48:51.885,999,534,666369872,28,3277,164,666369912,7534,13223,168,666369948,16,3178,549,666369992,18,3178,250,666369984,18,3315,240,666369243,19,3308,191336,666369115,7600,13291,921,666369099,33,3313,
2026-09-30,06:48:52.886,1000,804,667044158,28,3312,475,667044212,6881,13258,126,667044236,11,3172,93,667044237,11,3153,94,667044187,8,3336,81,667044221,11,3327,203065,667044261,6860,13331,428,667044242,22,3322,
2026-09-30,06:48:53.885,999,450,666395991,15,3259,143,666395984,7516,13208,49,666395998,3,3141,120,666395973,2,3149,347,666395971,5,3283,71,666395268,5,3273,192780,666395281,7527,13254,439,666395271,8,3277,
2026-09-30,06:48:54.885,999,878,666384628,32,3325,772,666384609,7568,13266,1574,666384535,39,3260,918,666384516,42,3237,1870,666384539,39,3369,1286,666383870,39,3349,194642,666383691,7538,13304,942,666383705,40,3337,
2026-09-30,06:48:55.885,999,1333,666345962,38,3312,373,666345951,7544,13262,107,666345875,11,3182,329,666345844,20,3177,162,666345833,22,3316,151,666345820,18,3307,190746,666344477,7547,13307,830,666344445,35,3341,
2026-09-30,06:48:56.886,1000,1397,667040800,30,3345,549,667040845,7348,13296,408,667040789,23,3207,342,667040764,21,3202,471,667040725,17,3359,486,667040801,24,3378,192962,667040104,7365,13363,1115,667040055,31,3363,
2026-09-30,06:48:57.885,999,648,666365715,21,3293,231,666365774,7262,13248,138,666365799,14,3180,82,666365802,10,3163,164,666365791,15,3323,117,666365077,13,3310,194516,666365082,7273,13278,253,666365199,17,3290,
2026-09-30,06:48:58.885,999,564,666369675,17,3291,327,666369624,7089,13219,57,666369680,6,3148,54,666369697,3,3140,104,666369710,6,3320,84,666369768,8,3305,196882,666368966,7078,13280,300,666368969,14,3295,
2026-09-30,06:48:59.886,1000,625,667022474,21,3260,101,667022510,7716,13208,118,667022522,11,3167,23,667022528,3,3141,110,667022540,12,3291,213,667022535,6,3265,191920,667022509,7728,13265,280,667021638,14,3265,
2026-09-30,06:49:00.885,999,3480,666383201,48,3475,2017,666383201,7802,13401,3058,666383198,37,3359,3062,666383218,45,3389,2802,666383262,33,3482,2021,666382517,38,3462,190143,666382494,7791,13439,2481,666382613,41,3464,
2026-09-30,06:49:01.885,999,998,666371242,34,3326,756,666371205,7444,13272,727,666371236,27,3217,774,666371299,21,3195,443,666371298,25,3355,351,666371319,25,3337,194700,666371341,7449,13320,935,666371354,27,3336,
2026-09-30,06:49:02.886,1000,686,667047465,17,3291,400,667047535,7406,13258,1015,667047519,13,3198,433,667047511,12,3171,253,667047505,18,3334,197,667047508,16,3309,192078,667046737,7419,13311,538,667046713,24,3315,
2026-09-30,06:49:03.886,999,674,666354798,18,3325,173,666354765,6564,13252,174,666354736,9,3158,82,666354753,7,3147,115,666354775,10,3354,45,666353874,6,3333,201443,666353815,6551,13323,569,666353798,19,3334,
2026-09-30,06:49:04.885,999,1919,666351029,61,3459,1802,666351036,7516,13401,2539,666351034,44,3355,1467,666351015,32,3299,2294,666351020,48,3498,2946,666350988,40,3480,192919,666350923,7531,13481,1487,666350926,52,3481,
2026-09-30,06:49:05.886,1000,7904,667023498,18,3691,6085,667023462,7224,13626,5746,667023456,27,3520,5512,667023413,26,3532,7138,667023346,26,3702,8557,667022564,22,3720,200625,667022572,7233,13693,9449,667022569,28,3697,
2026-09-30,06:49:06.887,1000,4632,667037099,75,3692,3774,667037091,7901,13585,4294,667037090,53,3530,4273,667037092,48,3534,4520,667037094,46,3697,3445,667036150,66,3693,190846,667036183,7934,13725,3889,667036247,66,3696,
2026-09-30,06:49:07.886,999,13117,666377659,39,3772,11080,666377625,7205,13737,7762,666377637,28,3621,8928,666377557,23,3609,9163,666377538,23,3800,8475,666377497,31,3797,206878,666376708,7205,13754,8939,666376769,42,3792,
2026-09-30,06:49:08.886,999,930,666357548,39,3342,306,666357518,7691,13262,931,666357590,28,3215,366,666357593,28,3204,907,666357607,22,3348,407,666357556,29,3342,190653,666357589,7702,13331,1215,666357537,32,3320,
2026-09-30,06:49:09.887,1000,760,667054336,29,3298,519,667054367,7312,13259,168,667054307,13,3179,298,667054302,16,3182,410,667054266,9,3318,175,667054341,15,3323,193571,667053509,7364,13294,673,667053557,23,3306,
2026-09-30,06:49:10.886,999,1292,666356647,33,3360,599,666356631,7029,13301,407,666356580,22,3205,472,666356567,20,3201,826,666356551,27,3401,262,666356524,24,3371,196843,666356509,7032,13366,856,666356515,28,3375,
2026-09-30,06:49:11.886,999,27575,666389800,55,4467,27779,666389830,7344,14413,25967,666389884,39,4334,25420,666389927,50,4328,29616,666390013,50,4516,28791,666389120,47,4464,219733,666389068,7363,14489,31018,666389044,55,4512,
2026-09-30,06:49:12.887,1000,1612,667039599,41,3359,1018,667039647,7426,13334,1544,667039641,37,3276,592,667039615,39,3248,841,667039592,38,3401,1146,667038514,43,3406,192258,667038596,7450,13397,1073,667038566,53,3395,
2026-09-30,06:49:13.887,999,788,666397651,30,3284,152,666397684,7848,13215,84,666397701,12,3165,378,666397750,14,3173,91,666395939,14,3283,96,666395952,18,3275,189863,666396009,7859,13268,1425,666396027,19,3275,
2026-09-30,06:49:14.886,999,1888,666373089,68,3463,1120,666373029,7410,13383,856,666373063,79,3327,1092,666373076,68,3305,888,666373042,54,3447,1591,666372350,63,3460,195239,666372336,7400,13421,2705,666372337,69,3458,
2026-09-30,06:49:15.886,999,5075,666386735,71,3642,4202,666386812,7719,13546,4971,666386815,48,3502,4272,666386789,56,3527,4622,666386779,63,3677,4484,666386695,54,3640,194379,666386664,7735,13647,4126,666386743,90,3674,
2026-09-30,06:49:16.887,1000,1465,667037687,42,3369,1129,667037685,7443,13330,643,667037622,29,3247,583,667037624,25,3232,663,667037597,33,3395,409,667037584,23,3352,193590,667037557,7446,13388,792,667037498,43,3378,
2026-09-30,06:49:17.887,999,1594,666351680,43,3399,1266,666351668,6935,13324,565,666351658,34,3239,567,666351672,28,3244,1052,666351845,32,3419,626,666351879,22,3412,198971,666351827,6970,13387,984,666351801,41,3411,
2026-09-30,06:49:18.886,999,777,666380397,42,3335,382,666380430,7472,13256,1260,666380417,27,3200,357,666380400,28,3196,396,666380435,30,3349,277,666380458,21,3323,193033,666380424,7461,13318,1215,666380539,36,3338,
2026-09-30,06:49:19.887,1000,6717,667056333,42,3688,7412,667056349,7163,13666,5721,667056304,30,3572,6071,667056305,28,3587,8245,667056358,28,3742,3926,667056404,31,3741,199106,667056601,7178,13726,5813,667056653,33,3719,
2026-09-30,06:49:20.887,999,667,666420226,34,3282,453,666420209,7570,13247,956,666420235,18,3190,174,666420203,20,3188,182,666420225,20,3319,141,666420250,18,3294,192301,666420326,7575,13282,856,666420368,43,3325,
2026-09-30,06:49:21.887,999,542,666381983,29,3298,150,666382048,7203,13231,185,666382100,11,3158,138,666382138,13,3160,147,666382196,19,3323,155,666382205,13,3333,192983,666381176,7220,13279,225,666381202,21,3293,
2026-09-30,06:49:22.886,999,1992,666361987,53,3407,2036,666361948,7694,13410,1811,666361948,40,3316,2224,666361999,43,3353,1532,666362035,45,3470,1459,666361997,49,3455,190381,666361972,7689,13440,1491,666362032,55,3445,
2026-09-30,06:49:23.887,1000,522,667052225,29,3314,811,667052277,7040,13266,128,667052315,14,3173,295,667052259,16,3170,362,667052208,16,3333,114,667052150,14,3337,197726,667052252,7057,13324,546,667052197,25,3331,
2026-09-30,06:49:24.887,999,1610,666380282,47,3362,1523,666380250,7606,13312,1129,666380245,50,3264,1299,666380191,39,3225,412,666380218,52,3390,616,666380119,42,3380,191726,666380119,7623,13351,1062,666380007,56,3384,
2026-09-30,06:49:25.886,999,495,666375704,22,3284,189,666375694,7489,13221,240,666375717,6,3172,74,666375725,11,3153,258,666375696,10,3306,85,666375786,11,3299,190995,666374516,7520,13264,437,666374461,18,3295,
2026-09-30,06:49:26.887,1000,768,667037574,18,3319,668,667037651,7292,13252,257,667037708,24,3188,142,667037734,16,3181,442,667037752,12,3337,227,667037749,22,3339,196085,667037851,7270,13326,1149,667037864,27,3329,
2026-09-30,06:49:27.887,999,462,666374187,32,3281,563,666374264,7566,13235,384,666374240,14,3184,231,666374251,15,3162,371,666374275,25,3328,939,666373587,15,3300,192673,666373681,7532,13294,436,666373601,21,3301,
2026-09-30,06:49:28.887,999,5903,666359923,51,3543,4385,666359968,7628,13439,2999,666359895,30,3403,1775,666359898,33,3356,2168,666359933,36,3497,3036,666359917,30,3525,194013,666359892,7631,13525,3269,666359820,49,3537,
2026-09-30,06:49:29.886,999,686,666375999,23,3329,158,666375977,7150,13233,265,666375960,14,3185,190,666375957,12,3167,278,666375914,16,3351,104,666374782,11,3320,196327,666374725,7122,13323,785,666374771,23,3320,
2026-09-30,06:49:30.887,1000,2688,667042419,49,3464,2973,667042493,7724,13433,2689,667042543,37,3384,2599,667042568,38,3383,3186,667042602,40,3535,2398,667042710,44,3484,195354,667042678,7684,13488,3486,667042611,41,3490,
2026-09-30,06:49:31.887,999,625,666389975,22,3299,359,666390050,7006,13253,319,666390036,13,3181,140,666390031,12,3150,162,666390048,16,3341,123,666390091,13,3323,198946,666390166,7002,13307,301,666389336,18,3321,
2026-09-30,06:49:32.887,999,657,666372905,21,3267,373,666372957,7333,13213,219,666372978,8,3161,278,666372966,9,3146,87,666373026,8,3307,103,666372093,9,3295,192371,666372063,7352,13264,366,666372132,22,3284,
2026-09-30,06:49:33.887,1000,2709,667038248,60,3494,1926,667038195,6885,13477,2127,667038193,44,3354,1652,667038150,36,3332,2465,667038159,38,3545,2903,667038139,38,3560,201559,667038117,6910,13511,1642,667038107,59,3520,
2026-09-30,06:49:34.887,999,1241,666374331,65,3365,1053,666374380,7415,13344,1724,666374410,44,3260,929,666374426,47,3254,1099,666374416,62,3435,1121,666374574,58,3397,190526,666374671,7444,13376,1213,666374623,74,3419,
2026-09-30,06:49:35.887,999,673,666384930,43,3346,516,666384969,6655,13303,256,666384985,23,3202,524,666384950,18,3175,589,666384893,22,3389,552,666384983,19,3386,199286,666384946,6680,13339,742,666384855,32,3362,
2026-09-30,06:49:36.886,999,721,666380727,36,3339,380,666380697,7209,13257,286,666380754,23,3189,528,666380758,18,3181,982,666380713,25,3380,551,666380692,26,3347,196252,666379449,7221,13331,863,666379496,32,3351,
2026-09-30,06:49:37.887,1000,757,667038181,34,3356,531,667038174,6052,13328,347,667038182,21,3197,187,667038199,21,3184,279,667038276,21,3439,925,667038392,12,3416,209179,667038387,6052,13421,868,667037525,29,3387,
2026-09-30,06:49:38.887,999,1744,666426020,58,3383,1027,666425996,7382,13336,1197,666425987,43,3271,1291,666426012,34,3228,872,666425985,45,3428,1113,666426027,38,3397,190273,666425994,7386,13369,936,666425999,49,3374,
2026-09-30,06:49:39.887,999,1005,666363431,44,3382,882,666363409,6759,13343,178,666363409,22,3202,380,666363391,32,3207,224,666363391,25,3375,607,666362243,24,3385,199807,666362204,6764,13385,586,666362198,42,3409,
2026-09-30,06:49:40.887,1000,516,667039395,32,3306,230,667039393,7365,13243,76,667039410,10,3172,127,667039426,11,3154,136,667039459,9,3306,99,667039499,18,3300,191181,667039497,7397,13305,420,667038577,26,3301,
2026-09-30,06:49:41.888,1000,772,667024561,25,3328,859,667024613,6775,13305,453,667024748,14,3188,512,667024715,12,3194,329,667024672,18,3381,407,667024667,15,3379,199062,667023840,6776,13342,468,667023783,27,3362,
2026-09-30,06:49:42.888,999,1522,666371914,38,3412,846,666371921,6707,13344,1315,666371905,20,3220,725,666371916,23,3218,496,666371960,22,3431,582,666371808,27,3420,201574,666370990,6720,13414,1562,666370947,42,3415,
2026-09-30,06:49:43.887,999,1012,666371104,32,3321,539,666371190,6894,13282,247,666371116,19,3185,489,666371084,20,3183,357,666371070,19,3370,268,666371118,23,3355,200921,666371202,6913,13334,379,666370558,28,3334,
2026-09-30,06:49:44.888,1000,508,667042282,34,3319,674,667042212,6963,13282,214,667042183,27,3189,537,667042221,19,3182,158,667042208,24,3385,487,667042203,24,3351,199563,667041394,6971,13338,393,667041422,36,3346,
2026-09-30,06:49:45.888,999,3441,666354255,36,3472,2160,666354244,7096,13397,1644,666354264,25,3294,1708,666354254,39,3329,2365,666354283,36,3528,1967,666354387,43,3482,201740,666354425,7053,13496,2403,666354409,52,3516,
2026-09-30,06:49:46.888,999,3250,666381620,46,3522,2192,666381638,6853,13456,1221,666381622,33,3334,1962,666381710,30,3342,1875,666381749,39,3532,2466,666381769,27,3528,197289,666380757,6873,13472,2574,666380798,47,3524,
2026-09-30,06:49:47.888,1000,1401,667058767,33,3333,289,667058719,6734,13293,260,667058774,20,3201,454,667058810,14,3188,765,667058920,19,3378,1615,667058983,14,3378,198950,667059092,6719,13357,487,667059220,38,3370,
2026-09-30,06:49:48.888,999,1438,666382480,41,3350,814,666382544,7206,13292,522,666382500,26,3219,700,666382469,27,3209,1200,666382511,26,3365,1438,666382567,25,3362,194705,666382535,7216,13339,1332,666382591,41,3364,
2026-09-30,06:49:49.888,999,483,666455070,27,3307,178,666455060,7112,13236,132,666455080,12,3185,165,666455105,13,3167,243,666455137,15,3337,205,666455162,14,3323,193534,666455263,7111,13296,310,666455272,25,3313,
2026-09-30,06:49:50.888,999,885,666353050,35,3320,431,666353064,7468,13263,256,666353058,29,3210,290,666353028,27,3198,599,666353040,29,3348,1329,666352312,33,3349,194487,666352359,7458,13305,808,666352376,44,3354,
2026-09-30,06:49:51.888,1000,511,667021945,14,3287,231,667021856,6883,13254,72,667021872,7,3153,83,667021815,6,3150,18,667021796,5,3327,53,667021678,5,3327,198865,667021653,6891,13314,808,667021591,8,3319,
2026-09-30,06:49:52.888,999,596,666386561,19,3266,331,666386564,7604,13201,30,666386570,5,3151,227,666386564,6,3146,134,666386567,5,3267,94,666385848,12,3277,188616,666385806,7621,13260,303,666385769,16,3269,
2026-09-30,06:49:53.888,999,12586,666384468,30,3779,13814,666384535,6620,13748,10558,666384529,23,3672,11105,666384548,17,3629,12617,666384571,20,3847,10271,666384474,19,3850,211055,666383674,6632,13796,11645,666383622,17,3809,
2026-09-30,06:49:54.889,1000,17105,667040687,85,4004,15929,667040672,7568,13958,17777,667040674,85,3938,14237,667040669,68,3895,18331,667040676,61,4043,14669,667040638,66,4040,206469,667039747,7599,13995,17680,667039752,78,4061,
2026-09-30,06:49:55.889,1000,40067,667030455,113,6172,41600,667030511,7220,15965,38226,667030520,103,5950,35044,667030527,96,5824,39601,667030570,99,5992,35291,667029937,108,6083,230125,667029965,7242,16110,34872,667029839,121,6099,
2026-09-30,06:49:56.889,999,6318,666386839,86,3816,4951,666386824,7511,13764,6262,666386876,75,3749,5392,666386857,82,3683,5275,666386900,77,3862,6516,666385981,67,3853,198406,666385908,7513,13814,5857,666385892,71,3845,
2026-09-30,06:49:57.889,999,1015,666362575,40,3358,538,666362602,7612,13294,416,666362618,30,3243,1020,666362593,32,3252,980,666362555,32,3368,763,666361880,33,3354,190864,666361812,7631,13346,1068,666361844,33,3347,
2026-09-30,06:49:58.889,1000,2426,667065019,67,3426,1347,667065029,7426,13345,2546,667065033,43,3274,883,667065015,49,3268,780,667064951,45,3422,1740,667065012,51,3450,192516,667065034,7430,13402,1329,667064965,61,3419,
2026-09-30,06:49:59.889,999,1572,666385458,51,3354,1258,666385378,7324,13304,825,666385383,28,3233,673,666385375,36,3240,478,666385380,27,3361,525,666384725,23,3364,198008,666384747,7339,13353,1287,666384767,43,3363,
2026-09-30,06:50:00.889,999,4695,666378715,68,3566,4621,666378784,7523,13520,4838,666378844,44,3470,3146,666378837,46,3449,4238,666378915,53,3626,4353,666378978,55,3609,195019,666378174,7542,13586,4787,666378192,62,3625,
2026-09-30,06:50:01.890,1000,273513,667049541,756,22671,262684,667049522,8273,32343,261107,667049508,736,22082,264023,667049500,709,22085,265136,667049532,700,22330,274647,667049522,745,22381,461483,667049499,8275,32570,275988,667049500,724,22387,
2026-09-30,06:50:02.890,1000,18911,667054266,140,4851,18595,667054197,7447,14810,20843,667054228,136,4774,21790,667054242,151,4719,19538,667054205,146,4950,16991,667054285,159,4969,213187,667054335,7466,14930,19712,667053753,158,4938,
2026-09-30,06:50:03.890,999,4801,666384422,112,3742,4278,666384423,6772,13723,3483,666384409,93,3601,3504,666384374,98,3611,3339,666384415,102,3800,3121,666384423,103,3796,204107,666384509,6748,13810,4167,666384525,119,3776,
2026-09-30,06:50:04.890,999,18905,666392194,188,4673,16223,666392189,7431,14701,20692,666392232,189,4689,16949,666392273,193,4701,17939,666392317,205,4744,18389,666392308,205,4767,211951,666392287,7437,14648,17820,666392364,211,4825,
2026-09-30,06:50:05.891,1000,6150,667067633,99,3723,3794,667067690,7199,13661,4436,667067717,70,3558,4560,667067714,88,3568,5348,667067749,82,3752,4295,667067813,78,3728,198461,667067871,7210,13710,3426,667067908,88,3715,
2026-09-30,06:50:06.890,999,40633,666400722,201,6093,43675,666400722,7838,16131,50085,666400748,187,6187,46917,666400775,163,6135,44005,666400830,174,6236,45828,666400902,180,6243,233231,666400941,7833,16193,44922,666401033,182,6091,
2026-09-30,06:50:07.890,999,10974,666397647,115,4266,10928,666397589,7723,14315,9994,666397533,123,4219,9995,666397516,102,4168,12823,666397514,113,4347,10455,666396881,123,4335,201790,666396936,7701,14331,11408,666396901,118,4359,
2026-09-30,06:50:08.890,999,6935,666365058,73,3707,4425,666365100,7381,13636,5255,666365132,67,3604,5771,666365124,71,3591,3612,666365149,75,3760,4217,666364999,71,3732,199194,666365066,7377,13734,6220,666365042,81,3742,
2026-09-30,06:50:09.891,1000,1994,667040602,69,3506,2053,667040699,7370,13447,2221,667040722,62,3364,1377,667040689,78,3372,1571,667040701,63,3507,1866,667040677,65,3487,194998,667039795,7350,13475,2217,667039822,58,3483,
2026-09-30,06:50:10.890,999,2522,666378978,91,3531,2077,666378991,7070,13460,1954,666378961,72,3400,1434,666378967,89,3379,1517,666378965,73,3538,2436,666378913,79,3579,199690,666378118,7033,13542,2005,666378075,89,3563,
2026-09-30,06:50:11.890,999,5081,666376065,93,3759,4376,666376036,7447,13717,5685,666376028,84,3696,5598,666376011,92,3648,5695,666376053,96,3814,5463,666375989,106,3809,198184,666375942,7457,13787,4651,666375932,96,3747,
2026-09-30,06:50:12.891,1000,3580,667042995,82,3668,2217,667042995,7183,13605,3271,667042971,82,3533,2110,667042982,69,3500,3638,667043004,75,3750,2666,667042391,76,3698,198578,667042430,7201,13687,3284,667042410,78,3667,
2026-09-30,06:50:13.890,999,2874,666344690,71,3380,1318,666344631,7953,13322,931,666344550,59,3294,862,666344535,45,3277,1470,666344511,56,3394,969,666344455,58,3377,189262,666344406,7931,13363,932,666344325,58,3385,
2026-09-30,06:50:14.890,999,3327,666366539,167,3704,4632,666366605,8076,13681,5292,666366587,147,3686,4357,666366634,135,3628,3600,666366640,134,3771,4378,666366701,122,3700,190742,666366825,8109,13738,4467,666366941,165,3747,
2026-09-30,06:50:15.890,999,1793,666383717,69,3521,2693,666383773,7116,13462,1884,666383793,65,3393,3830,666383818,74,3436,1598,666383804,56,3545,2844,666383225,59,3563,198135,666383252,7090,13510,1798,666383160,63,3511,
2026-09-30,06:50:16.891,1000,12353,667021706,69,3821,9697,667021701,7044,13774,8729,667021674,53,3668,8711,667021683,51,3682,8311,667021670,45,3835,10294,667020962,52,3869,209583,667020958,7046,13888,11031,667021082,69,3892,
2026-09-30,06:50:17.890,999,2012,666379992,73,3499,2073,666379865,7603,13397,2295,666379839,67,3374,1895,666379793,60,3346,1237,666379780,55,3454,1857,666379783,59,3488,194000,666378848,7594,13461,1289,666378816,63,3450,
2026-09-30,06:50:18.890,999,1973,666374394,54,3438,1752,666374371,7137,13400,1028,666374351,45,3310,1653,666374384,52,3332,1037,666374361,51,3489,790,666373600,50,3464,196261,666373551,7136,13424,1342,666373548,54,3443,
2026-09-30,06:50:19.891,1000,1806,667035432,57,3417,1611,667035459,7599,13378,770,667035387,57,3298,1404,667035385,48,3293,2106,667035305,42,3404,837,667033984,49,3425,193699,667034082,7601,13436,1947,667034018,61,3426,
2026-09-30,06:50:20.890,999,1169,666373518,51,3405,881,666373515,7257,13330,1801,666373528,35,3262,770,666373506,35,3243,1118,666373467,28,3389,688,666372767,32,3381,191186,666372726,7264,13374,1495,666372722,45,3403,
2026-09-30,06:50:21.890,999,1463,666368213,39,3344,518,666368296,7490,13321,526,666368249,29,3234,738,666368264,23,3233,510,666368208,25,3341,643,666368287,27,3350,193809,666368266,7469,13368,1682,666367271,32,3370,
2026-09-30,06:50:22.891,1000,776,667015103,41,3345,293,667015128,7182,13270,329,667015156,23,3196,660,667015171,19,3186,291,667015205,20,3350,434,667015263,22,3345,194793,667015246,7172,13327,445,667015371,36,3331,
2026-09-30,06:50:23.891,1000,2284,666992146,61,3485,1977,666992139,7477,13431,2343,666992083,43,3339,1279,666992055,47,3319,1916,666991361,50,3500,2536,666991271,44,3451,195398,666991225,7503,13472,2153,666991200,51,3464,
2026-09-30,06:50:24.891,999,6311,666347648,120,3812,5020,666347675,7582,13736,6514,666347686,116,3694,5751,666347689,118,3665,4604,666347662,115,3796,3773,666347626,106,3776,196971,666346756,7612,13809,5928,666346804,120,3800,
2026-09-30,06:50:25.892,1000,962,667043380,47,3389,963,667043467,6799,13326,360,667043501,27,3234,681,667043516,29,3243,889,667043530,25,3401,1011,667043560,29,3397,200314,667043577,6800,13428,585,667043532,32,3391,
2026-09-30,06:50:26.892,999,2042,666372066,59,3393,1572,666371993,8060,13292,1379,666371974,39,3261,646,666372012,41,3261,1336,666372047,41,3376,1206,666371255,44,3356,185232,666371110,8071,13363,1208,666371136,57,3382,
2026-09-30,06:50:27.891,999,1732,666373071,62,3470,1134,666373089,7115,13426,2441,666373117,36,3353,1185,666373102,47,3338,1375,666373083,45,3490,1342,666373032,46,3494,194546,666372934,7106,13478,2058,666372938,61,3490,
2026-09-30,06:50:28.891,999,2049,666378627,59,3413,2138,666378539,8039,13347,2502,666378491,44,3337,1983,666378488,37,3317,1355,666378493,44,3410,1181,666377714,37,3409,181947,666377767,8059,13388,1942,666377708,51,3425,
2026-09-30,06:50:29.892,1000,2740,667012523,65,3473,2302,667012510,7168,13397,1139,667012522,40,3303,1295,667012496,44,3305,1909,667012482,48,3473,1472,667012471,32,3452,195652,667012387,7170,13475,1345,667012442,53,3457,
2026-09-30,06:50:30.891,999,1019,666353230,55,3352,892,666353204,8196,13273,776,666353127,45,3234,743,666353081,30,3214,938,666353047,41,3342,1265,666352929,36,3321,187377,666352928,8186,13314,656,666352984,44,3313,
2026-09-30,06:50:31.891,999,4250,666383590,59,3580,4406,666383592,7332,13519,3834,666383621,46,3484,3411,666383617,51,3459,3712,666383594,50,3642,4207,666383493,54,3642,198796,666383410,7318,13578,3775,666383349,60,3605,
2026-09-30,06:50:32.892,1000,1821,667042505,43,3387,1775,667042520,7402,13348,1039,667042623,37,3302,1193,667042668,45,3284,1096,667042642,37,3442,995,667041798,38,3425,197705,667041735,7387,13428,1188,667041752,44,3413,
2026-09-30,06:50:33.892,999,1000,666382833,32,3308,450,666382852,7211,13253,120,666382851,12,3169,197,666382835,19,3170,298,666382828,14,3325,514,666382869,14,3315,197125,666382147,7197,13310,693,666382080,29,3326,
2026-09-30,06:50:34.891,999,3755,666362057,101,3530,2854,666362057,7537,13471,2626,666362083,83,3380,2034,666362064,87,3391,2148,666362034,89,3533,1411,666362032,90,3496,195454,666361176,7535,13513,2281,666361167,119,3563,
2026-09-30,06:50:35.891,999,1733,666376446,65,3446,1141,666376504,7234,13404,1311,666376506,52,3315,942,666376488,56,3328,2415,666376464,45,3462,1598,666376441,60,3481,196851,666375585,7228,13447,1931,666375565,70,3469,
2026-09-30,06:50:36.892,1000,1353,667044186,36,3361,658,667044231,6849,13313,1056,667044157,36,3232,364,667044127,25,3205,649,667044146,27,3419,858,667044112,27,3413,195712,667043512,6887,13380,697,667043495,29,3365,
2026-09-30,06:50:37.892,999,1629,666374309,36,3342,668,666374323,7553,13307,1299,666374300,31,3254,552,666374322,32,3243,758,666374361,26,3384,1045,666373610,28,3381,193970,666373581,7548,13349,635,666373645,33,3331,
2026-09-30,06:50:38.891,999,1759,666351168,55,3413,1282,666351230,7307,13350,1233,666351280,39,3285,1129,666351297,33,3267,1123,666351336,34,3434,765,666351309,40,3408,196088,666350473,7349,13423,1274,666350439,51,3423,
2026-09-30,06:50:39.892,1000,1102,666997724,38,3357,1345,666997800,7318,13346,651,666997791,27,3232,1177,666997784,24,3204,271,666997800,21,3347,410,666997824,22,3364,194076,666997997,7317,13376,910,666998136,41,3356,
2026-09-30,06:50:40.892,999,1657,666384357,58,3499,2739,666384347,7667,13469,1488,666384382,61,3380,1933,666384417,51,3387,2825,666384374,49,3500,4038,666384455,52,3539,189659,666384540,7657,13468,2824,666384590,61,3487,
2026-09-30,06:50:41.891,999,723,666352507,33,3333,131,666352538,7205,13245,142,666352474,18,3181,283,666352456,25,3192,285,666352406,21,3358,321,666351682,24,3339,195772,666351684,7227,13308,609,666351634,38,3329,
2026-09-30,06:50:42.892,1000,851,667040640,38,3346,617,667040592,7472,13300,921,667040584,35,3228,820,667040607,27,3230,1524,667040609,26,3356,456,667040658,28,3348,192738,667040617,7471,13378,442,667040636,35,3341,
2026-09-30,06:50:43.892,999,1237,666359184,41,3346,595,666359236,7265,13271,370,666359246,22,3189,216,666359228,25,3178,316,666359211,16,3333,245,666359211,13,3330,195756,666359288,7266,13308,786,666359407,33,3317,
2026-09-30,06:50:44.891,999,1208,666394154,66,3388,1037,666394124,7506,13344,996,666394078,52,3268,749,666394098,48,3233,568,666394062,47,3394,518,666393586,43,3370,193612,666393534,7492,13396,1365,666393608,69,3399,
2026-09-30,06:50:45.892,1000,988,667057765,39,3333,547,667057836,7480,13293,550,667057849,20,3205,360,667057805,23,3205,572,667057774,18,3332,293,667057767,20,3328,190148,667057026,7480,13327,532,667057036,36,3324,
2026-09-30,06:50:46.893,1000,3770,667055058,84,3597,4044,667055088,7123,13575,3457,667055143,69,3441,3785,667055128,67,3433,4439,667055151,59,3611,3517,667055168,66,3614,202054,667054290,7126,13638,3256,667054278,91,3652,
2026-09-30,06:50:47.893,999,1829,666373466,39,3391,1041,666373445,6645,13364,941,666373420,26,3232,606,666373410,32,3232,618,666373428,30,3426,797,666373513,24,3413,201738,666373585,6637,13384,1628,666373608,46,3425,
2026-09-30,06:50:48.892,999,1874,666367197,42,3370,1338,666367234,7204,13319,874,666367211,18,3247,1035,666367222,21,3242,770,666367240,20,3390,1058,666367311,18,3382,194447,666367282,7204,13354,1082,666367272,37,3396,
2026-09-30,06:50:49.893,1000,961,667047980,27,3308,130,667047962,7175,13246,142,667047927,10,3166,126,667047939,10,3170,88,667047949,13,3314,119,667047874,16,3304,197491,667047836,7158,13316,321,667047925,22,3309,
2026-09-30,06:50:50.893,999,1339,666383291,57,3368,733,666383333,7420,13296,877,666383362,21,3228,717,666383382,25,3243,371,666383383,23,3361,529,666382668,22,3352,194479,666382680,7443,13347,1177,666382539,39,3352,
2026-09-30,06:50:51.893,999,790,666386659,27,3313,587,666386698,7434,13285,669,666386739,30,3217,248,666386763,20,3195,516,666386756,19,3335,347,666386043,26,3342,193703,666385924,7406,13309,1223,666386063,24,3363,
2026-09-30,06:50:52.892,999,973,666383077,27,3318,580,666383138,7117,13276,928,666383213,18,3210,468,666383223,31,3202,537,666383269,22,3353,274,666383262,21,3349,196361,666383291,7142,13317,1096,666383356,22,3341,
2026-09-30,06:50:53.893,1000,931,667055288,30,3360,652,667055231,6306,13317,1456,667055238,24,3214,259,667055228,17,3200,637,667055259,19,3408,574,667055208,21,3420,207231,667055345,6309,13409,694,667055352,23,3408,
2026-09-30,06:50:54.893,999,27512,666371186,81,4362,23212,666371317,7233,14312,24264,666371407,65,4243,29239,666371416,72,4271,24387,666371476,63,4395,27225,666371422,64,4398,219509,666370730,7269,14411,30005,666370669,82,4423,
2026-09-30,06:50:55.892,999,919,666373820,40,3372,440,666373830,6828,13318,1129,666373886,36,3247,529,666373904,35,3225,679,666373913,27,3415,584,666373907,24,3399,199283,666373877,6809,13372,963,666373889,40,3391,
2026-09-30,06:50:56.893,1000,910,667022207,36,3363,1104,667022204,6685,13313,190,667022192,27,3206,241,667022166,13,3191,240,667022212,24,3394,328,667022203,19,3368,200481,667022144,6689,13398,523,667022137,25,3377,
2026-09-30,06:50:57.893,999,1559,666379737,41,3421,991,666379765,6317,13362,309,666379801,15,3200,637,666379853,19,3210,481,666379886,33,3458,537,666379913,22,3439,206516,666379958,6302,13403,1784,666378609,30,3431,
2026-09-30,06:50:58.893,999,2618,666383946,54,3417,1411,666384032,7309,13356,980,666384059,46,3295,834,666384093,46,3283,983,666384144,39,3419,1294,666384177,42,3423,195901,666384226,7305,13395,2233,666384224,50,3437,
2026-09-30,06:50:59.893,1000,1300,667038499,26,3331,720,667038471,7000,13292,374,667038488,22,3212,887,667038509,27,3203,599,667038533,23,3389,389,667038598,18,3365,200709,667038549,6993,13350,438,667038507,27,3350,
2026-09-30,06:51:00.894,1000,2641,667033355,36,3475,3453,667033343,7692,13458,3668,667033295,28,3403,2668,667033276,36,3357,2548,667033252,30,3487,2373,667033275,27,3472,193149,667033205,7689,13479,3641,667032196,35,3520,
2026-09-30,06:51:01.894,999,5708,666386182,64,3742,4823,666386189,6899,13656,3905,666386194,44,3549,4131,666386191,58,3558,5657,666386172,44,3748,4749,666386252,54,3772,202438,666386247,6909,13731,4860,666385333,62,3782,
2026-09-30,06:51:02.894,999,1531,666381642,63,3405,820,666381644,7646,13347,1065,666381595,39,3278,1280,666381638,37,3288,721,666381646,54,3419,677,666381646,40,3386,188862,666380947,7675,13416,1549,666380976,54,3410,
2026-09-30,06:51:03.894,1000,625,667061636,28,3345,1018,667061612,6988,13295,310,667061584,24,3193,461,667061598,14,3170,564,667061508,19,3362,421,667061477,25,3345,199594,667061508,6978,13351,590,667061500,25,3345,
2026-09-30,06:51:04.894,999,5381,666395634,93,3683,4135,666395632,7157,13580,4672,666395673,71,3543,4836,666395705,69,3521,4490,666395753,75,3706,3952,666395786,74,3685,200069,666395690,7174,13681,5907,666395597,91,3647,
2026-09-30,06:51:05.894,999,1194,666377078,32,3380,793,666377094,6606,13325,1609,666377155,28,3235,633,666377118,21,3223,774,666377167,32,3436,981,666376359,21,3405,203801,666376333,6584,13383,760,666376311,30,3403,
2026-09-30,06:51:06.893,999,1613,666377459,50,3389,682,666377485,6833,13311,1688,666377437,34,3254,616,666377468,28,3232,495,666377573,36,3444,1214,666376890,37,3415,202731,666376932,6871,13439,1733,666376873,50,3427,
2026-09-30,06:51:07.894,1000,3527,667054693,32,3526,3472,667054724,7135,13472,3941,667054735,25,3371,3159,667054722,20,3388,4152,667054840,21,3547,2802,667054124,24,3560,200609,667054101,7155,13547,3116,667054082,38,3551,
2026-09-30,06:51:08.894,999,1801,666362838,60,3413,936,666362914,7175,13340,1692,666362856,38,3301,834,666362839,49,3282,1418,666362825,36,3438,929,666362794,37,3400,197626,666362752,7157,13420,1306,666362722,43,3419,
2026-09-30,06:51:09.894,999,695,666376287,22,3351,467,666376323,6723,13285,667,666376354,14,3200,527,666376372,14,3190,644,666376390,11,3381,449,666376455,12,3380,198889,666375770,6726,13357,1214,666375812,13,3362,
2026-09-30,06:51:10.894,1000,958,667040325,35,3342,525,667040387,7208,13300,451,667040382,25,3226,415,667040425,26,3200,584,667040465,24,3363,319,667040589,20,3358,197777,667040487,7251,13331,1310,667039868,36,3351,
2026-09-30,06:51:11.894,999,534,666413235,30,3335,254,666413269,6506,13280,123,666413269,17,3179,231,666413279,28,3193,222,666413278,25,3406,182,666413241,18,3366,202893,666413315,6518,13344,394,666413405,31,3356,
2026-09-30,06:51:12.894,999,583,666387158,22,3318,230,666387218,6979,13260,646,666387143,19,3172,217,666387128,13,3171,218,666387180,18,3361,287,666387110,16,3348,196821,666387132,6932,13308,747,666387148,24,3330,
2026-09-30,06:51:13.894,999,957,666356250,32,3336,773,666356323,7473,13318,734,666356316,36,3257,551,666356329,22,3218,887,666356337,26,3382,604,666356320,30,3355,193563,666356388,7463,13369,1046,666356376,36,3373,
2026-09-30,06:51:14.894,1000,1337,667046555,64,3344,585,667046551,7943,13268,459,667046477,50,3240,501,667046462,37,3227,719,667046299,41,3328,827,667046427,44,3319,189131,667045590,7946,13324,992,667045610,55,3329,
2026-09-30,06:51:15.894,999,1277,666370799,31,3305,615,666370874,7590,13259,260,666370833,15,3187,610,666370821,28,3190,420,666370815,18,3320,381,666370794,18,3305,189783,666370835,7605,13323,970,666369753,39,3310,
2026-09-30,06:51:16.894,999,2861,666378317,55,3566,2885,666378340,6695,13503,2872,666378412,35,3402,2700,666378426,41,3396,3906,666378541,33,3603,3863,666377809,39,3573,203875,666377761,6716,13545,3726,666377753,53,3588,
2026-09-30,06:51:17.894,1000,523,667007680,33,3340,652,667007744,6910,13287,281,667007734,23,3197,731,667007745,17,3193,329,667007786,22,3363,228,667006819,19,3369,196095,667006832,6896,13345,480,667006802,32,3365,
2026-09-30,06:51:18.894,999,754,666379103,54,3363,1006,666379017,6828,13314,465,666379091,31,3211,342,666379119,35,3211,294,666379220,27,3404,289,666378486,31,3392,198013,666378519,6865,13388,799,666378496,42,3365,
2026-09-30,06:51:19.894,999,959,666370576,42,3326,1030,666370571,7584,13311,700,666370594,25,3243,761,666370567,35,3246,764,666370520,34,3371,1574,666370560,32,3370,192511,666370439,7585,13323,704,666370448,39,3358,
2026-09-30,06:51:20.895,1000,1025,667059271,28,3327,440,667059273,6873,13286,192,667059178,16,3200,206,667059141,16,3179,743,667059181,14,3359,446,667059139,18,3364,198862,667058373,6869,13353,476,667058346,31,3345,
2026-09-30,06:51:21.895,1000,1138,667041758,34,3355,809,667041822,6925,13293,515,667041822,20,3214,465,667041822,14,3206,458,667041796,23,3402,1105,667041788,16,3398,198322,667040707,6933,13367,1078,667040696,27,3384,
2026-09-30,06:51:22.895,999,900,666373451,32,3330,692,666373445,7137,13275,525,666373446,20,3212,403,666373461,23,3197,363,666373417,24,3353,423,666373470,23,3344,196725,666373453,7142,13334,764,666373471,28,3324,
2026-09-30,06:51:23.895,999,639,666377600,20,3297,398,666377610,6871,13254,329,666377636,9,3162,330,666377655,9,3162,49,666377649,7,3340,469,666377669,10,3332,200165,666376923,6886,13302,515,666376993,19,3312,
2026-09-30,06:51:24.895,1000,1037,667045507,61,3339,611,667045601,7567,13274,331,667044831,32,3208,998,667044815,32,3200,489,667044782,29,3337,246,667044716,30,3336,192360,667044743,7568,13326,691,667044140,52,3332,
2026-09-30,06:51:25.895,999,937,666380306,38,3335,783,666380361,7282,13275,729,666380370,35,3216,513,666380410,29,3226,777,666380425,33,3375,485,666380478,27,3360,191663,666379722,7308,13350,513,666379679,40,3351,
2026-09-30,06:51:26.895,999,1359,666382996,34,3352,597,666383054,7889,13281,1001,666383016,27,3255,860,666382980,25,3239,974,666382985,26,3364,1279,666382316,26,3341,187860,666382366,7923,13345,2258,666382304,37,3381,
2026-09-30,06:51:27.896,1000,769,667141967,27,3303,406,667141960,7449,13249,149,667141983,17,3183,478,667141999,20,3177,239,667142005,19,3334,224,667142047,17,3320,195465,667141967,7451,13313,638,667141974,18,3300,
2026-09-30,06:51:28.897,1000,839,667057648,32,3330,265,667057690,7447,13263,432,667057721,21,3197,343,667057680,16,3184,229,667057668,22,3338,220,667057812,16,3318,192383,667057830,7441,13318,641,667057845,17,3314,
2026-09-30,06:51:29.896,999,834,666400931,34,3331,742,666400918,7351,13285,859,666400987,25,3229,784,666400958,22,3203,889,666400959,30,3373,388,666401043,25,3335,196847,666401104,7369,13335,1099,666401166,29,3343,
2026-09-30,06:51:30.896,999,1189,666354954,23,3303,546,666354856,7382,13244,531,666354822,12,3171,188,666354827,25,3179,804,666354813,14,3326,200,666354869,24,3319,190891,666354836,7394,13298,563,666354820,24,3311,
2026-09-30,06:51:31.896,999,3768,666377479,46,3489,2267,666377441,7005,13439,1789,666377448,35,3354,2108,666377415,36,3335,2076,666377453,41,3545,3235,666376496,24,3514,198716,666376464,7018,13496,2430,666376481,42,3526,
2026-09-30,06:51:32.896,1000,6478,667045393,34,3641,5877,667045445,7881,13625,6392,667045418,30,3579,6651,667045446,22,3554,6419,667045485,31,3669,6283,667045524,29,3665,193642,667045557,7870,13671,7240,667044827,40,3660,
2026-09-30,06:51:33.896,999,951,666377879,29,3300,356,666377792,7064,13256,300,666377753,11,3179,230,666377782,26,3173,129,666377762,18,3344,270,666377177,18,3330,198126,666377143,7097,13305,535,666377181,29,3318,
2026-09-30,06:51:34.896,999,2089,666376727,102,3446,2599,666376769,8059,13370,2074,666376796,73,3366,1281,666376817,73,3336,1603,666376801,69,3454,930,666376075,67,3388,187535,666376161,8067,13409,2108,666376182,77,3415,
2026-09-30,06:51:35.897,1000,957,667036221,23,3340,510,667036244,7025,13286,203,667036175,21,3200,465,667036171,23,3192,238,667036218,21,3349,222,667035349,19,3342,200231,667035355,7030,13359,1062,667035370,25,3359,
2026-09-30,06:51:36.896,999,1681,666377943,44,3406,826,666377951,7289,13337,873,666377944,37,3262,1345,666377084,47,3301,1751,666377050,36,3435,1216,666377097,34,3416,196951,666377138,7312,13401,2068,666377242,43,3432,
2026-09-30,06:51:37.896,999,709,666371783,28,3298,568,666371775,7525,13233,175,666371779,19,3176,135,666371776,14,3167,406,666371766,15,3312,160,666371820,16,3296,190400,666371794,7539,13277,807,666371867,23,3300,
2026-09-30,06:51:38.897,1000,7676,667061191,70,3839,8894,667061138,8017,13788,6495,667061135,54,3719,8747,667061149,60,3780,8651,667061163,61,3827,6601,667061200,50,3834,193796,667060682,8029,13828,7624,667060658,72,3828,
2026-09-30,06:51:39.898,1000,1865,667042353,32,3377,1773,667042283,7175,13362,708,667042303,25,3254,647,667042331,20,3236,908,667042312,33,3421,635,667042382,22,3388,197882,667042378,7200,13401,2704,667041447,38,3423,
2026-09-30,06:51:40.897,999,943,666382063,42,3332,881,666382160,7556,13312,647,666382156,38,3231,1077,666382115,30,3226,1522,666382136,35,3351,1216,666381169,24,3323,188856,666381125,7574,13340,959,666381114,42,3352,
2026-09-30,06:51:41.897,999,953,666382496,42,3352,347,666382521,7284,13271,500,666382555,25,3201,505,666382621,28,3197,504,666382674,22,3347,280,666381913,23,3335,190964,666381875,7297,13330,776,666381904,30,3315,
2026-09-30,06:51:42.898,1000,851,667036076,36,3311,205,667036058,7334,13248,233,667036061,20,3186,203,667036088,17,3169,141,667036161,15,3316,110,667036311,16,3308,195731,667036393,7332,13300,574,667036534,24,3308,
2026-09-30,06:51:43.897,999,1042,666405375,37,3341,263,666405387,7091,13281,414,666405422,23,3202,790,666405450,29,3192,361,666405398,24,3365,1105,666405470,24,3356,196841,666405473,7113,13335,849,666405523,37,3344,
2026-09-30,06:51:44.897,999,1201,666383139,56,3355,395,666383171,7414,13295,756,666383173,38,3230,855,666383208,42,3225,591,666383280,40,3373,437,666383475,35,3359,191962,666383394,7400,13365,1324,666383549,46,3348,
2026-09-30,06:51:45.897,999,957,666386588,39,3338,594,666386535,7397,13274,373,666386509,28,3200,567,666386498,25,3207,331,666386544,20,3352,767,666386614,22,3336,191925,666386634,7413,13317,907,666386769,28,3327,
2026-09-30,06:51:46.898,1000,10080,667063338,67,3863,7632,667063368,7997,13762,6696,667063345,46,3684,7836,667063360,45,3700,8021,667063301,56,3822,7317,667063433,53,3833,197390,667063537,7993,13857,9920,667063595,77,3878,
2026-09-30,06:51:47.897,999,2224,666402867,58,3416,854,666402815,7255,13353,980,666402773,35,3247,967,666402785,37,3276,855,666402791,42,3432,1308,666402803,43,3435,196420,666402759,7253,13402,2020,666402630,52,3428,
2026-09-30,06:51:48.897,999,1401,666396535,39,3347,503,666396591,7047,13283,864,666396615,17,3200,512,666396644,18,3208,692,666396566,17,3390,382,666396688,23,3361,198797,666396619,7039,13343,1184,666396576,25,3346,
2026-09-30,06:51:49.898,1000,928,667042240,41,3316,395,667042312,7607,13252,207,667042378,17,3193,267,667042371,18,3181,413,667042427,20,3296,254,667042568,19,3287,189862,667042594,7633,13296,485,667042598,24,3284,
2026-09-30,06:51:50.899,1000,1347,667049771,59,3402,1553,667049805,7142,13365,888,667049856,36,3259,851,667049889,37,3260,552,667049962,44,3423,510,667049239,31,3396,195476,667049193,7166,13437,1115,667049164,47,3406,
2026-09-30,06:51:51.898,999,817,666377827,34,3322,680,666377828,6657,13282,208,666377866,21,3194,427,666377851,20,3174,210,666377929,26,3359,444,666377854,16,3353,199590,666377830,6683,13348,558,666377750,26,3353,
2026-09-30,06:51:52.898,999,708,666383652,48,3352,1804,666383568,7468,13324,485,666383617,35,3245,520,666383575,33,3237,520,666383531,39,3399,477,666383574,38,3377,190315,666382708,7462,13344,1193,666382782,48,3389,
2026-09-30,06:51:53.899,1000,1983,667051797,26,3361,607,667051844,6830,13318,343,667051904,21,3214,395,667051888,16,3187,661,667051794,14,3386,464,667051772,19,3376,203009,667051856,6836,13372,895,667052010,22,3384,
2026-09-30,06:51:54.899,999,1859,666378613,50,3408,600,666378552,6576,13339,901,666378538,51,3263,781,666378541,44,3249,953,666378587,46,3446,842,666378743,32,3427,205293,666378825,6577,13392,916,666378991,38,3411,
2026-09-30,06:51:55.898,999,627,666388053,24,3326,239,666388088,6827,13278,408,666388068,20,3177,174,666388064,23,3180,259,666388012,14,3349,121,666388087,11,3342,198635,666388214,6832,13321,801,666388121,20,3326,
2026-09-30,06:51:56.898,999,1024,666415483,26,3307,372,666415509,7671,13248,419,666415547,14,3188,819,666415562,20,3193,653,666415572,22,3340,387,666415611,18,3314,188403,666415668,7664,13310,841,666415712,30,3309,
2026-09-30,06:51:57.899,1000,569,667070269,24,3290,125,667070245,7103,13255,43,667070248,8,3167,112,667070268,11,3150,37,667070308,6,3303,71,667070428,4,3302,197255,667070544,7115,13317,328,667070568,18,3308,
2026-09-30,06:51:58.899,999,1032,666392181,41,3383,887,666392243,7161,13324,980,666392301,30,3285,574,666392343,23,3227,940,666392351,29,3440,1861,666392390,23,3416,196689,666392413,7165,13393,1404,666392392,28,3422,
2026-09-30,06:51:59.898,999,676,666387229,23,3316,906,666387311,7155,13267,435,666387378,12,3179,499,666387369,17,3190,248,666387403,15,3343,100,666387479,11,3316,197267,666387450,7159,13319,758,666387303,20,3322,
2026-09-30,06:52:00.899,1000,1229,667056501,41,3359,392,667056529,7149,13294,483,667056590,26,3212,361,667056618,24,3213,430,667056641,30,3378,742,667056638,29,3370,200004,667056707,7172,13345,637,667056614,28,3328,
2026-09-30,06:52:01.900,1000,17085,667051173,35,4137,15004,667051260,6906,14072,14869,667051298,29,3955,13289,667051307,37,3965,20394,667051315,34,4166,18327,667051332,34,4171,214271,667051348,6936,14133,17038,667051316,36,4139,
2026-09-30,06:52:02.900,999,2564,666392167,45,3452,2162,666392204,7463,13428,3161,666392214,42,3352,2398,666392239,40,3335,3004,666392181,44,3497,2095,666392178,42,3490,193272,666392217,7468,13467,3431,666392290,52,3481,
2026-09-30,06:52:03.899,999,3198,666484591,53,3472,1706,666484600,7116,13429,1894,666484615,51,3357,1493,666484627,53,3385,2372,666484591,53,3546,2249,666484675,44,3511,195963,666484710,7110,13466,2284,666484867,56,3489,
2026-09-30,06:52:04.899,999,4121,666360585,93,3635,2948,666360606,7218,13543,3682,666360593,68,3482,3737,666360565,68,3484,5023,666360575,68,3657,4145,666360619,63,3651,196603,666360650,7216,13636,5045,666360720,70,3651,
2026-09-30,06:52:05.900,1000,1128,667062568,35,3383,954,667062651,6964,13344,750,667062667,25,3257,629,667062708,31,3228,421,667062717,22,3392,551,667061499,32,3388,198759,667061567,6958,13383,792,667061593,29,3397,
2026-09-30,06:52:06.900,999,1584,666338865,44,3420,705,666338890,6730,13344,1243,666338937,38,3242,988,666338936,35,3240,869,666338945,47,3439,629,666338089,53,3458,204416,666338075,6739,13418,966,666338031,42,3431,
2026-09-30,06:52:07.899,999,664,666366729,20,3352,332,666366794,6520,13280,211,666366777,22,3173,488,666366763,22,3174,412,666366760,18,3390,498,666366795,24,3386,202770,666366823,6510,13351,1078,666366114,17,3374,
2026-09-30,06:52:08.900,1000,1651,667045252,49,3429,928,667045243,7129,13359,1675,667045238,33,3286,888,667045270,42,3275,809,667045271,37,3446,707,667045367,34,3436,197562,667045361,7140,13417,1806,667045466,41,3429,
2026-09-30,06:52:09.900,999,1817,666375197,38,3381,1096,666375222,7196,13307,665,666375251,32,3246,794,666375220,22,3225,631,666375244,30,3402,717,666375163,23,3376,194134,666374456,7202,13373,1219,666374416,32,3404,
2026-09-30,06:52:10.899,999,1012,666372871,53,3342,1633,666372872,8046,13317,927,666372792,41,3248,1126,666372801,34,3240,1178,666372815,38,3346,1059,666372913,41,3341,183880,666372947,8069,13342,1222,666372199,54,3375,
2026-09-30,06:52:11.900,1000,942,667057535,22,3314,718,667057558,7180,13280,338,667057554,26,3218,315,667057582,15,3179,1011,667057610,16,3355,237,667057662,17,3331,195265,667057759,7180,13335,759,667057906,14,3352,
2026-09-30,06:52:12.900,999,598,666388245,18,3306,189,666388242,6854,13236,120,666388257,13,3168,121,666388271,10,3156,340,666388291,15,3360,205,666388317,13,3338,197008,666388382,6850,13308,755,666388536,14,3314,
2026-09-30,06:52:13.900,999,508,666400238,18,3293,123,666400235,6918,13236,81,666400220,12,3155,237,666400234,9,3155,269,666400260,10,3324,87,666400283,11,3321,198275,666400411,6937,13297,749,666400476,9,3308,
2026-09-30,06:52:14.899,999,916,666376955,37,3334,1173,666376990,7178,13281,635,666377012,35,3215,531,666376975,29,3188,656,666376949,29,3361,202,666376860,26,3345,196203,666376831,7177,13337,606,666376885,40,3347,
2026-09-30,06:52:15.900,1000,1482,667050050,39,3383,790,667049963,7059,13352,588,667049921,40,3275,567,667049958,32,3273,762,667049911,31,3409,1245,667049941,32,3411,198784,667049955,7071,13425,1144,667049946,37,3417,
2026-09-30,06:52:16.900,999,2482,666391356,40,3480,1757,666391409,7072,13400,2265,666391445,24,3347,1828,666391453,26,3313,1846,666391500,19,3484,1963,666391575,35,3502,197532,666391662,7089,13476,2597,666391828,46,3490,
2026-09-30,06:52:17.900,999,733,666402502,44,3323,1166,666402522,7828,13279,1677,666402480,26,3209,934,666402473,24,3220,659,666402478,31,3325,662,666402449,28,3313,188799,666402464,7826,13319,706,666402437,35,3313,
2026-09-30,06:52:18.899,999,1648,666392428,39,3392,1234,666392338,7212,13347,704,666392387,20,3259,1422,666392361,25,3253,1042,666392351,21,3404,795,666392394,25,3398,194353,666392396,7209,13388,1271,666392386,43,3421,
2026-09-30,06:52:19.900,1000,858,667061767,31,3335,658,667061700,6958,13295,441,667061628,18,3196,573,667061646,24,3193,593,667061616,26,3398,301,667061609,21,3355,197506,667061454,6948,13341,635,667061330,34,3351,
2026-09-30,06:52:20.900,999,1047,666344171,39,3330,846,666344187,7468,13272,668,666344170,27,3212,505,666344168,33,3208,411,666344173,27,3352,777,666344154,35,3342,193394,666344122,7481,13342,825,666344089,39,3348,
2026-09-30,06:52:21.900,999,1103,666360046,40,3328,611,666360034,7119,13287,418,666360038,27,3222,468,666359984,23,3211,542,666360034,30,3398,515,666360017,25,3388,196029,666359129,7115,13336,2427,666359148,44,3370,
2026-09-30,06:52:22.900,1000,1006,667045790,30,3300,203,667045840,7610,13252,155,667045891,20,3169,422,667045866,13,3162,145,667045884,16,3296,192,667045077,10,3286,192912,667045108,7600,13310,560,667045117,28,3319,
2026-09-30,06:52:23.900,999,25074,666383501,59,4340,22209,666383567,7654,14364,22449,666383508,47,4253,22840,666383492,39,4217,19977,666382138,47,4434,23084,666382068,36,4363,212266,666382001,7653,14376,22571,666381927,64,4398,
2026-09-30,06:52:24.900,999,1255,666367245,69,3408,1476,666367257,7518,13342,1221,666367273,48,3289,707,666367269,49,3282,1333,666367237,52,3443,1772,666367267,43,3421,192478,666367237,7528,13394,860,666367285,67,3406,
2026-09-30,06:52:25.899,999,1122,666377901,31,3348,1101,666377843,7069,13290,587,666377842,17,3206,877,666377838,23,3212,545,666377846,19,3395,561,666377136,18,3368,196020,666377092,7082,13325,1035,666377103,28,3353,
2026-09-30,06:52:26.900,1000,2820,667069368,51,3467,1060,667069404,7136,13375,798,667069432,43,3283,909,667069410,36,3254,1187,667069433,46,3466,931,667068582,45,3463,197724,667068582,7165,13450,1376,667068542,55,3457,
2026-09-30,06:52:27.900,999,901,666381095,32,3339,404,666381048,7361,13253,967,666380984,19,3213,676,666380951,21,3190,552,666380941,28,3368,460,666380956,18,3343,192563,666380150,7368,13328,785,666380153,21,3339,
2026-09-30,06:52:28.900,999,755,666374462,25,3320,453,666374460,7143,13259,795,666374481,13,3178,466,666374472,21,3174,373,666374519,17,3363,460,666374529,15,3345,195860,666374541,7156,13294,528,666374475,18,3314,
2026-09-30,06:52:29.900,1000,698,667045554,30,3301,507,667045519,7390,13251,206,667045527,17,3198,174,667045541,13,3179,229,667045543,25,3345,139,667044354,15,3331,194140,667044365,7375,13310,431,667044450,26,3308,
2026-09-30,06:52:30.900,999,748,666371051,22,3276,384,666371049,7441,13226,86,666371015,12,3165,86,666371086,12,3148,108,666371055,10,3301,119,666370269,14,3282,191794,666370247,7455,13275,445,666370180,24,3293,
2026-09-30,06:52:31.900,999,3393,666377801,45,3515,2324,666377833,7104,13442,2583,666377845,35,3391,2368,666377864,40,3355,3635,666377885,37,3526,2853,666377925,36,3522,197948,666376019,7099,13480,2411,666376078,54,3527,
2026-09-30,06:52:32.900,999,485,666376193,22,3305,136,666376167,7042,13238,296,666376211,14,3158,276,666376174,4,3148,98,666376168,17,3335,30,666375613,11,3317,195015,666375597,7072,13282,546,666375587,16,3301,
2026-09-30,06:52:33.900,1000,1313,667045990,27,3330,1100,667046033,7494,13296,335,667046013,18,3214,1213,667045967,14,3216,2193,667046020,19,3376,406,667045987,17,3333,193728,667046038,7497,13338,691,667046053,29,3350,
2026-09-30,06:52:34.900,999,1889,666400479,59,3388,1060,666400420,7297,13348,763,666400440,47,3271,1109,666400457,44,3269,748,666400480,40,3408,517,666400536,48,3405,195675,666400515,7315,13415,1219,666400566,70,3432,
2026-09-30,06:52:35.900,999,969,666385108,29,3345,608,666385113,7102,13296,510,666385045,26,3218,598,666385092,31,3220,773,666385130,29,3374,664,666384500,25,3351,198007,666384569,7102,13361,2133,666384586,34,3380,
2026-09-30,06:52:36.900,1000,21948,667046009,48,4197,22447,667046118,7053,14112,21500,667046103,38,3996,20624,667046121,41,3992,19764,667046123,33,4144,18915,667046207,43,4188,218471,667046344,7088,14159,24014,667046343,41,4176,
2026-09-30,06:52:37.900,999,1375,666351304,48,3394,712,666351311,6800,13339,694,666351285,32,3249,834,666351328,31,3234,1174,666351240,34,3431,895,666351223,37,3445,196798,666351309,6802,13390,1378,666351315,46,3402,
2026-09-30,06:52:38.900,999,3768,666375421,57,3589,3163,666375479,7395,13502,2132,666375507,49,3445,2980,666375524,47,3422,2288,666375503,49,3590,2887,666375476,38,3595,193114,666375514,7427,13527,3302,666375579,58,3573,
2026-09-30,06:52:39.900,999,1926,666358023,51,3400,1897,666358015,7307,13331,1571,666357977,37,3263,1875,666357994,30,3269,1046,666357943,30,3400,952,666357868,40,3406,194041,666357841,7332,13393,1523,666357845,46,3410,
2026-09-30,06:52:40.900,1000,482,667047581,35,3310,163,667047590,7230,13251,198,667047565,20,3186,309,667047553,23,3193,307,667047523,25,3345,174,667047442,23,3338,195225,667047503,7232,13327,358,667047427,39,3327,
2026-09-30,06:52:41.900,999,1172,666376866,27,3335,436,666376862,7364,13266,257,666376805,20,3200,173,666376808,15,3174,528,666376793,21,3341,154,666376769,18,3318,193236,666376717,7361,13329,428,666376727,29,3321,
2026-09-30,06:52:42.900,999,1342,666380907,40,3356,795,666380835,7369,13308,248,666380825,20,3211,845,666380853,25,3230,338,666380936,21,3340,606,666381060,27,3359,192692,666381074,7380,13357,1079,666380384,34,3362,
2026-09-30,06:52:43.901,1000,1779,667053532,44,3387,1123,667053460,7150,13339,606,667053551,40,3233,1406,667053549,34,3224,615,667053622,30,3379,615,667053039,29,3369,195845,667052922,7167,13393,502,667053010,38,3383,
2026-09-30,06:52:44.900,999,743,666387966,62,3390,834,666386976,7056,13333,712,666386929,44,3254,1508,666386896,43,3258,1034,666386885,36,3386,859,666386740,57,3406,195748,666386798,7069,13368,1515,666386839,50,3370,
2026-09-30,06:52:45.900,999,1006,666356974,52,3383,1662,666356903,7396,13335,1287,666356887,42,3266,1563,666356878,31,3254,1532,666356851,32,3430,1191,666356777,35,3420,194067,666355982,7393,13384,1871,666355977,51,3409,
2026-09-30,06:52:46.900,999,2753,666378542,44,3501,1958,666378585,7022,13426,2791,666378524,32,3346,1788,666378565,40,3343,2790,666378600,28,3520,2129,666377594,33,3521,200288,666377493,7034,13513,3478,666377519,45,3506,
2026-09-30,06:52:47.900,1000,1419,667051844,49,3362,1702,667051776,7219,13342,1340,667051768,34,3250,942,667051781,41,3259,727,667051791,30,3388,548,667051832,40,3403,196129,667051823,7210,13374,1329,667051743,54,3416,
2026-09-30,06:52:48.900,999,1558,666380178,34,3388,1387,666380126,6380,13339,591,666380106,27,3210,763,666380131,20,3212,725,666380116,31,3443,939,666379209,25,3424,203865,666379166,6403,13397,1111,666379131,51,3437,
2026-09-30,06:52:49.900,999,613,666377396,28,3274,126,666377481,7440,13205,64,666377431,9,3156,59,666377403,9,3152,504,666377421,12,3306,73,666376506,11,3293,193416,666376607,7431,13261,663,666376694,21,3284,
2026-09-30,06:52:50.901,1000,1466,667049007,38,3339,436,667049019,6839,13293,696,667048987,17,3194,354,667049004,14,3187,232,667048952,15,3365,671,667048916,17,3362,197267,667048218,6855,13357,604,667048271,30,3372,
2026-09-30,06:52:51.900,999,894,666387032,35,3332,781,666387033,7010,13265,663,666387069,29,3235,436,666387078,20,3224,327,666387184,24,3386,1093,666386501,19,3366,197781,666386524,7038,13346,500,666386415,38,3361,
2026-09-30,06:52:52.900,999,779,666380596,37,3297,189,666380606,7149,13228,36,666380610,5,3159,120,666380598,12,3156,63,666380603,12,3315,125,666380627,13,3311,192230,666380587,7182,13286,283,666380640,24,3303,
2026-09-30,06:52:53.900,999,908,666376735,40,3352,282,666376702,6632,13291,288,666376650,19,3190,211,666376631,27,3188,370,666376614,21,3395,184,666376012,18,3362,200089,666376025,6648,13351,544,666376076,34,3382,
2026-09-30,06:52:54.901,1000,841,667054278,54,3338,1323,667053395,7473,13316,1741,667053354,34,3239,1051,667053355,45,3249,1350,667053402,34,3377,1053,667053475,31,3383,193018,667053594,7499,13350,842,667052951,41,3345,
2026-09-30,06:52:55.900,999,56476,666386590,141,7223,52457,666386625,7807,17050,56423,666386658,117,7020,48691,666386703,108,6953,51471,666386840,131,7126,51694,666386806,123,7040,239962,666386830,7808,17141,53849,666386893,128,7229,
2026-09-30,06:52:56.900,999,3534,666399070,77,3660,3047,666399095,7172,13575,2624,666399154,65,3532,3625,666399154,62,3479,2579,666399156,68,3673,3158,666399111,76,3703,198012,666399096,7176,13720,3738,666399165,79,3706,
2026-09-30,06:52:57.901,1000,1560,667021878,72,3423,2121,667021945,7285,13399,2421,667021904,53,3313,1016,667021861,53,3313,1345,667021857,50,3466,1228,667021911,49,3435,196249,667022011,7304,13448,1125,667022050,50,3420,
2026-09-30,06:52:58.900,999,694,666391689,61,3364,481,666391634,7480,13335,1669,666391610,46,3274,1489,666391628,41,3264,584,666391662,49,3407,1233,666391637,57,3412,195527,666391668,7452,13367,1358,666391728,51,3409,
2026-09-30,06:52:59.900,999,22519,666367690,80,4308,16920,666367659,7588,14264,17769,666367674,56,4179,18592,666367633,59,4209,17171,666367629,56,4300,17729,666367647,55,4290,212304,666367011,7603,14266,18061,666367000,73,4289,
2026-09-30,06:53:00.900,999,1664,666375980,63,3460,1429,666376012,7067,13377,955,666376029,42,3300,1588,666375314,45,3311,1601,666375327,43,3490,797,666375219,46,3462,196807,666375309,7068,13450,1511,666375349,54,3446,
2026-09-30,06:53:01.901,1000,5107,667048982,42,3558,3263,667048979,6831,13511,3761,667048947,33,3452,2599,667048940,28,3396,3819,667048942,30,3622,3219,667047820,33,3593,204225,667047833,6842,13554,4226,667047872,40,3564,
2026-09-30,06:53:02.900,999,3231,666373833,67,3582,2395,666372779,6905,13498,2750,666372744,47,3454,2879,666372745,49,3446,2614,666372727,43,3643,2677,666372782,42,3595,200869,666372932,6907,13564,2883,666372278,58,3588,
2026-09-30,06:53:03.900,999,1779,666378690,48,3388,660,666377494,7042,13317,1159,666377474,32,3260,544,666377470,38,3245,1007,666377456,38,3430,1053,666377481,44,3421,196350,666377534,7058,13394,759,666377001,46,3397,
2026-09-30,06:53:04.901,1000,5820,667047278,135,3824,7051,667047270,7847,13782,6040,667047259,137,3732,5492,667047271,126,3695,5113,667047245,100,3801,6194,667047296,123,3808,193631,667046668,7846,13810,5495,667046643,126,3834,
2026-09-30,06:53:05.901,999,1941,666377238,54,3446,1127,666377194,7160,13363,710,666377209,42,3278,1218,666377226,42,3297,1230,666377237,54,3481,1255,666377215,39,3459,196912,666377177,7167,13415,1494,666377230,50,3451,
2026-09-30,06:53:06.900,999,2352,666408622,71,3450,1111,666408661,7430,13353,757,666408667,53,3314,1226,666408671,43,3304,1094,666408675,46,3438,1106,666408687,45,3426,192605,666408798,7474,13451,1840,666408833,57,3455,
2026-09-30,06:53:07.900,999,29048,666359382,63,4776,27836,666359393,7014,14702,33187,666359410,50,4602,34694,666359426,54,4606,26893,666359404,55,4855,29004,666359453,49,4757,228439,666359420,7030,14755,27118,666359415,59,4735,
2026-09-30,06:53:08.901,1000,1931,667020158,50,3462,1161,667020135,7154,13413,1317,667020119,38,3318,1313,667020120,46,3322,1262,667020118,44,3507,1299,667020101,33,3479,199291,667019197,7136,13461,2186,667019175,53,3474,
2026-09-30,06:53:09.900,999,2064,666396844,49,3419,1577,666396867,7263,13353,976,666396868,37,3291,688,666396884,49,3286,881,666396213,45,3453,945,666396285,43,3446,196025,666396331,7276,13410,1252,666396457,53,3432,
2026-09-30,06:53:10.900,999,7708,666379519,84,3877,6753,666379559,7523,13753,6399,666379556,69,3780,5799,666379576,64,3770,7673,666379606,47,3905,5876,666379656,64,3903,194859,666379620,7516,13835,6287,666379605,71,3873,
2026-09-30,06:53:11.901,1000,838,667058229,44,3340,512,667058378,7806,13278,242,667058393,16,3191,277,667058373,30,3204,316,667058417,27,3330,527,667058426,18,3297,189584,667058426,7828,13331,1066,667058488,42,3332,
2026-09-30,06:53:12.901,999,1354,666359460,42,3319,362,666359520,7363,13250,451,666359467,24,3196,503,666359423,27,3186,427,666359422,21,3328,428,666359406,21,3316,193457,666358398,7380,13313,500,666358470,32,3320,
2026-09-30,06:53:13.900,999,747,666364748,34,3339,509,666364752,7342,13266,886,666364789,29,3226,501,666364806,26,3227,454,666364836,21,3350,369,666364951,27,3345,194026,666364980,7353,13361,1115,666364957,31,3356,
2026-09-30,06:53:14.900,999,1621,666379886,79,3452,1345,666379859,7029,13392,879,666379891,67,3309,834,666379894,73,3306,1179,666379937,69,3466,1127,666379924,68,3461,195398,666379914,7046,13440,1210,666379982,69,3399,
2026-09-30,06:53:15.901,1000,2006,667011052,41,3396,1458,667010988,7696,13362,1573,667011019,36,3298,964,667011044,45,3290,668,667011053,33,3397,1298,667011095,46,3426,191785,667011046,7697,13421,1762,667011041,47,3413,
2026-09-30,06:53:16.900,999,3427,666378478,63,3611,3427,666378498,7090,13520,3401,666378507,42,3433,3574,666378531,48,3444,3288,666378457,47,3596,2927,666377676,51,3593,199072,666377597,7100,13594,4020,666377539,57,3615,
2026-09-30,06:53:17.900,999,792,666383094,43,3382,786,666383110,6514,13314,299,666383101,22,3201,394,666383087,20,3196,216,666383080,18,3412,514,666382224,22,3393,201686,666382254,6520,13372,600,666382285,36,3370,
2026-09-30,06:53:18.901,1000,1511,667053313,38,3336,706,667053330,7415,13291,1118,667053296,21,3217,509,667053294,29,3217,500,667053334,23,3354,727,667053335,29,3359,196051,667052443,7401,13353,744,667052548,29,3353,
2026-09-30,06:53:19.901,999,886,666381288,30,3304,289,666381331,7457,13251,227,666381351,19,3186,554,666381305,18,3181,261,666381335,22,3323,203,666380542,16,3305,192819,666380570,7440,13294,700,666380554,23,3300,
2026-09-30,06:53:20.900,999,26085,666376798,43,4480,28759,666376756,6626,14436,28864,666376709,38,4384,21838,666376668,31,4330,29829,666376662,38,4585,25705,666376744,33,4540,228471,666375935,6621,14524,25290,666375912,45,4543,
2026-09-30,06:53:21.900,999,1271,666384818,63,3411,1484,666384883,7557,13369,1111,666384918,43,3327,1387,666384902,51,3337,1362,666384903,41,3442,2234,666384125,47,3477,195337,666384124,7554,13453,1446,666384163,59,3430,
2026-09-30,06:53:22.901,1000,5302,667041686,51,3735,4681,667041735,6911,13663,4907,667041753,30,3598,4469,667041741,32,3583,5514,667041774,33,3775,5276,667041083,37,3756,204626,667041127,6934,13762,5054,667041093,44,3738,
2026-09-30,06:53:23.901,999,884,666381224,26,3299,1415,666381168,7547,13246,480,666381127,23,3196,233,666381101,25,3191,471,666381131,26,3334,168,666380246,21,3310,189561,666380244,7561,13305,788,666380161,36,3312,
2026-09-30,06:53:24.900,999,1460,666381981,76,3423,1793,666381998,6907,13386,1093,666381990,56,3268,803,666381985,60,3259,1034,666381962,60,3471,623,666382058,53,3446,201067,666381438,6910,13421,1227,666381377,70,3446,
2026-09-30,06:53:25.901,1000,1036,667062398,30,3310,534,667062328,6776,13277,152,667062321,18,3194,99,667062360,18,3177,107,667062397,16,3356,95,667062402,19,3359,198844,667062415,6814,13329,331,667062486,29,3340,
2026-09-30,06:53:26.901,999,1429,666376658,41,3350,607,666376675,7227,13280,300,666376720,30,3210,245,666376700,29,3201,843,666376757,24,3355,243,666375990,22,3333,197642,666375951,7223,13346,752,666375994,33,3335,
2026-09-30,06:53:27.900,999,1620,666377913,66,3439,1250,666377952,7658,13395,816,666377960,60,3324,1843,666377957,69,3342,993,666378039,69,3473,830,666378113,61,3452,188827,666377977,7642,13427,1746,666377943,78,3481,
2026-09-30,06:53:28.900,999,1434,666388049,42,3326,306,666388004,7135,13267,315,666387989,20,3190,149,666387963,18,3175,595,666387885,20,3356,392,666387238,19,3350,196286,666387195,7149,13325,685,666387138,28,3316,
2026-09-30,06:53:29.901,1000,1252,667063183,19,3299,216,667063164,6878,13247,95,667063185,8,3162,43,667063211,10,3158,98,667063261,13,3335,108,667063265,10,3338,196471,667063338,6871,13302,224,667063394,10,3299,
2026-09-30,06:53:30.901,999,807,666350153,34,3320,270,666350152,6885,13269,320,666350129,23,3194,120,666350149,18,3179,126,666350171,17,3370,155,666350175,15,3353,200827,666350169,6881,13323,270,666350155,26,3321,
2026-09-30,06:53:31.900,999,3559,666378517,36,3487,1803,666378531,6747,13418,2476,666378572,18,3311,2267,666378591,17,3289,2400,666378630,24,3496,2686,666378656,25,3490,201780,666377913,6763,13472,2634,666377929,40,3499,
2026-09-30,06:53:32.901,1000,1581,667035439,49,3391,1116,667035456,7264,13351,1701,667035501,33,3266,935,667035492,39,3277,1821,667035544,38,3451,899,667034605,33,3402,195173,667034634,7253,13409,1138,667034633,39,3404,
2026-09-30,06:53:33.901,999,1146,666375664,33,3311,587,666375710,7735,13256,687,666375728,21,3212,394,666375732,18,3197,540,666375727,20,3326,328,666374929,22,3308,191231,666374998,7759,13312,801,666375019,33,3334,
2026-09-30,06:53:34.901,999,1620,666393100,54,3357,1305,666393079,7344,13309,370,666393057,37,3227,656,666393019,42,3232,937,666393054,33,3376,359,666393095,41,3391,194402,666392335,7365,13353,1139,666392239,49,3361,
2026-09-30,06:53:35.900,999,850,666372837,40,3336,1051,666372815,7802,13282,658,666372811,28,3248,822,666372784,27,3223,610,666372778,27,3344,977,666371927,30,3316,190149,666371922,7789,13325,801,666371989,32,3312,
2026-09-30,06:53:36.901,1000,1159,667053337,40,3357,533,667053347,7250,13308,509,667053320,27,3242,1123,667053289,28,3220,693,667053287,29,3400,603,667053306,30,3362,197311,667053224,7235,13381,998,667053254,38,3390,
2026-09-30,06:53:37.901,999,612,666353137,26,3268,116,666353165,7305,13216,79,666353147,6,3150,74,666353137,8,3142,253,666353136,6,3306,66,666353102,8,3291,193510,666353000,7308,13279,696,666353035,19,3286,
2026-09-30,06:53:38.900,999,2247,666358904,55,3510,1591,666358884,6752,13465,2068,666358849,46,3390,2172,666358860,47,3360,2017,666358805,54,3583,1278,666358828,44,3513,202863,666358793,6762,13501,2088,666358908,57,3544,
2026-09-30,06:53:39.901,1000,2330,667056332,50,3489,2597,667056292,7154,13447,2559,667056298,32,3323,1828,667056292,37,3341,1374,667056250,36,3505,2036,667055696,37,3516,196707,667055749,7174,13506,3035,667055757,51,3521,
2026-09-30,06:53:40.901,999,762,666383543,32,3301,658,666383553,7272,13254,125,666383585,11,3174,133,666383578,17,3175,149,666383640,11,3326,409,666383708,19,3322,195070,666383826,7258,13301,353,666383164,29,3325,
2026-09-30,06:53:41.901,999,610,666371685,20,3319,191,666371671,6780,13257,124,666371694,16,3171,615,666371739,10,3157,66,666371820,10,3340,400,666371910,11,3336,198443,666371208,6777,13308,544,666371271,14,3311,
2026-09-30,06:53:42.901,1000,1452,667043536,46,3333,614,667043609,7533,13263,227,667043573,19,3201,463,667042310,22,3209,362,667042375,29,3370,936,667042426,25,3349,191975,667042336,7533,13324,805,667042495,32,3320,
2026-09-30,06:53:43.902,1000,1033,667044661,29,3343,339,667044626,7189,13289,277,667044662,23,3204,667,667044694,25,3217,652,667044669,29,3376,407,667044009,22,3360,199825,667043931,7183,13365,1508,667043978,36,3373,
2026-09-30,06:53:44.902,999,944,666382624,53,3369,521,666382605,6425,13317,557,666382667,38,3209,678,666382631,32,3229,339,666382653,33,3450,665,666382720,23,3417,204125,666382849,6411,13395,449,666383040,41,3406,
2026-09-30,06:53:45.902,999,1829,666373542,32,3342,412,666373508,7279,13285,876,666373441,21,3233,642,666373431,21,3219,840,666373437,19,3365,658,666373420,19,3360,193491,666373483,7276,13348,1012,666373408,27,3348,
2026-09-30,06:53:46.902,1000,4581,667049336,55,3674,3914,667049403,6813,13585,3701,667049433,36,3482,4067,667049435,35,3492,4538,667049448,35,3718,5823,667049490,43,3687,200474,667049431,6855,13683,4654,667049559,57,3700,
2026-09-30,06:53:47.902,999,945,666378037,32,3308,603,666377966,7176,13263,384,666377949,14,3172,287,666377963,20,3181,164,666377957,15,3327,226,666376892,21,3332,194956,666376890,7206,13302,764,666376796,29,3321,
2026-09-30,06:53:48.902,999,621,666376370,28,3282,448,666376316,7557,13220,226,666376250,13,3173,151,666376227,15,3170,139,666376198,15,3308,117,666376202,12,3288,190310,666376316,7568,13271,358,666376261,29,3290,
2026-09-30,06:53:49.902,1000,192686,667024220,314,15432,169385,667024169,7989,25264,179585,667024122,278,14911,177038,667024100,298,15038,179907,667024093,285,15046,171071,667024081,296,15038,374845,667024051,7949,25254,188000,667024052,354,15127,
2026-09-30,06:53:50.903,1000,5389,667054881,130,3841,5220,667054880,7125,13786,3780,667054889,112,3738,4857,667054943,96,3682,4564,667054922,122,3888,3997,667054941,112,3908,201139,667054911,7141,13877,5421,667054934,118,3841,
2026-09-30,06:53:51.903,999,5832,666355294,85,3775,5725,666355264,6836,13756,5847,666355165,57,3615,5449,666355159,59,3628,4677,666355140,69,3812,5552,666355090,66,3798,202751,666355103,6848,13802,5822,666355270,81,3805,
2026-09-30,06:53:52.903,999,1201,666377857,52,3371,437,666377868,7208,13306,309,666377886,35,3251,596,666377887,34,3239,530,666377891,32,3397,563,666377304,35,3397,196698,666377390,7198,13379,570,666377360,43,3360,
2026-09-30,06:53:53.903,1000,1248,667046660,45,3388,1467,667046663,7301,13371,1692,667046633,33,3308,1462,667046641,40,3289,1002,667046671,37,3443,1141,667046025,39,3419,195121,667046053,7315,13391,1109,667046112,48,3413,
2026-09-30,06:53:54.903,999,9809,666383605,177,4065,9086,666383724,7678,14007,10855,666383758,165,3953,10903,666383688,151,3907,8325,666383670,168,4060,10558,666382893,153,4105,197133,666382808,7691,13999,11662,666382885,176,4106,
2026-09-30,06:53:55.903,999,7676,666364051,99,3977,7635,666364053,7560,13957,6697,666364057,81,3815,7181,666364060,106,3844,7196,666364064,69,3967,6403,666364042,76,3954,198675,666364048,7600,13992,6992,666363999,101,4001,
2026-09-30,06:53:56.903,1000,30294,667044164,83,4761,32196,667044188,6562,14711,33071,667044124,58,4606,26427,667044115,56,4561,27828,667044153,49,4796,24625,667043349,68,4770,230548,667043364,6551,14807,27558,667043369,68,4769,
2026-09-30,06:53:57.903,999,1682,666375139,51,3345,642,666375223,7794,13315,1949,666375257,43,3269,1053,666375222,42,3265,826,666375174,35,3389,1964,666373932,55,3388,189409,666373927,7816,13372,1907,666373843,50,3372,
2026-09-30,06:53:58.903,999,10035,666384766,61,3932,9055,666384778,7168,13816,7913,666384843,54,3746,9036,666384863,58,3747,7676,666384860,51,3944,7332,666383897,49,3894,203617,666383868,7166,13868,8428,666383872,53,3920,
2026-09-30,06:53:59.903,999,1721,666376067,51,3374,528,666376075,7038,13310,420,666376078,38,3237,810,666376057,43,3229,511,666376053,38,3412,597,666376058,43,3418,199422,666374794,7035,13384,1035,666374847,41,3401,
2026-09-30,06:54:00.903,1000,3052,667040218,62,3518,2411,667040270,7194,13473,2482,667040299,60,3411,2151,667040302,61,3384,1588,667040313,50,3538,1841,667040351,46,3515,196444,667039623,7231,13538,2882,667039682,56,3511,
2026-09-30,06:54:01.903,999,9301,666378918,51,3727,6176,666378887,7173,13650,7908,666378963,52,3591,6135,666378981,58,3579,9080,666378964,46,3789,6860,666378222,59,3762,202897,666378259,7179,13714,7707,666378147,68,3754,
2026-09-30,06:54:02.903,999,1734,666373302,49,3414,605,666373380,6928,13342,1189,666373390,39,3265,1566,666373444,31,3237,782,666373434,37,3428,465,666373496,36,3414,198516,666373538,6928,13407,1583,666373559,41,3414,
2026-09-30,06:54:03.904,1000,1267,667069592,40,3382,791,667069570,7141,13309,993,667069543,41,3244,1120,667069515,38,3282,1153,667069586,40,3438,675,667069610,40,3440,199692,667069637,7157,13423,950,667069660,45,3402,
2026-09-30,06:54:04.903,999,6411,666380815,119,3919,4316,666380856,6677,13802,7305,666380808,91,3742,7766,666380874,93,3726,5797,666380870,93,3936,6301,666381003,98,3911,206239,666381046,6710,13883,5897,666380968,114,3899,
2026-09-30,06:54:05.903,999,1898,666368162,42,3369,1534,666368218,7710,13320,751,666368170,38,3264,1094,666368202,38,3265,645,666368222,33,3393,591,666367285,44,3372,191632,666367271,7708,13328,1216,666367283,40,3394,
2026-09-30,06:54:06.903,999,2699,666382063,67,3509,1985,666382004,7450,13409,1505,666381900,52,3374,2362,666381876,50,3354,1033,666381884,54,3492,2319,666381840,59,3520,193677,666381884,7480,13514,2786,666381892,68,3536,
2026-09-30,06:54:07.903,1000,1874,667044918,41,3378,1248,667044918,7335,13351,1191,667044903,36,3285,1107,667044908,36,3280,910,667044911,36,3413,832,667044146,49,3418,196095,667044108,7325,13385,744,667044095,52,3416,
2026-09-30,06:54:08.903,999,4512,666369776,57,3556,2648,666369829,7428,13491,2386,666369855,44,3418,2743,666369857,48,3418,3192,666369129,37,3581,3327,666369177,33,3585,199674,666369087,7422,13564,3476,666369022,58,3567,
2026-09-30,06:54:09.903,999,816,666387637,23,3361,940,666387676,6667,13281,197,666387670,19,3182,216,666387667,17,3187,276,666387618,22,3402,233,666386306,15,3369,203369,666386321,6678,13339,557,666386401,13,3349,
2026-09-30,06:54:10.904,1000,786,667021818,35,3333,200,667021834,7167,13261,259,667021820,24,3192,418,667021806,17,3180,772,667021805,25,3357,571,667021739,19,3344,197348,667021683,7173,13325,484,667021678,19,3335,
2026-09-30,06:54:11.904,1000,1073,667024202,33,3354,1701,667024202,7550,13300,487,667024231,33,3246,378,667024312,22,3219,730,667024300,35,3371,702,667024331,35,3354,188491,667024418,7589,13352,1269,667024459,27,3338,
2026-09-30,06:54:12.904,999,597,666384954,34,3334,865,666384964,7039,13278,204,666384973,13,3178,146,666384992,10,3172,140,666385003,11,3356,121,666384997,12,3316,197219,666385056,7068,13333,659,666385052,28,3334,
2026-09-30,06:54:13.904,999,2192,666379541,59,3466,1920,666379522,6684,13451,2304,666379542,39,3374,2141,666379541,42,3340,1978,666379520,51,3533,1994,666379500,46,3545,200165,666378556,6686,13516,1227,666378502,58,3487,
2026-09-30,06:54:14.905,1000,2077,667052964,54,3408,537,667052980,7188,13325,696,667053002,44,3255,994,667053013,42,3257,545,667053020,51,3409,394,667053134,41,3381,193333,667052297,7198,13395,1543,667052287,50,3406,
2026-09-30,06:54:15.904,999,1816,666394911,57,3438,1502,666394847,7234,13381,2199,666394887,35,3314,2066,666394870,36,3309,850,666394821,26,3437,1714,666393948,25,3436,193801,666393904,7245,13445,1424,666393803,38,3424,
2026-09-30,06:54:16.904,999,4310,666380657,63,3579,3839,666380628,7447,13498,2984,666380630,44,3444,4501,666380608,35,3425,3930,666380527,41,3565,3516,666379767,38,3563,196443,666379707,7460,13567,3064,666379649,48,3570,
2026-09-30,06:54:17.905,1000,2106,667022316,41,3435,723,667022274,7051,13363,1039,667022293,34,3278,919,667022281,31,3276,828,667022323,28,3417,1406,667022367,31,3427,200790,667022377,7030,13420,2117,667022359,39,3437,
2026-09-30,06:54:18.904,999,1330,666382190,37,3361,636,666382170,6973,13310,1081,666382140,29,3227,433,666382129,23,3201,414,666382135,26,3392,392,666381518,26,3378,198405,666381553,6942,13360,1109,666381496,34,3379,
2026-09-30,06:54:19.904,999,947,666392720,45,3331,1203,666392758,7065,13328,568,666392749,25,3207,688,666392751,26,3226,263,666392699,23,3385,444,666392667,23,3376,199066,666392727,7050,13363,1028,666392783,33,3356,
2026-09-30,06:54:20.904,999,1040,666374185,39,3312,334,666374190,7249,13254,250,666374185,17,3187,656,666374238,15,3166,321,666374156,27,3346,434,666372492,25,3345,194775,666372568,7250,13292,597,666372564,31,3312,
2026-09-30,06:54:21.905,1000,734,667071983,43,3313,385,667071994,7552,13274,492,667072029,38,3239,842,667072065,36,3209,713,667072067,34,3358,603,667071993,32,3352,189091,667071979,7563,13350,495,667071156,31,3316,
2026-09-30,06:54:22.904,999,1463,666356494,43,3350,1020,666356488,7164,13282,354,666356423,28,3232,331,666356400,29,3210,1111,666356389,35,3411,1794,666356375,30,3372,196498,666356340,7178,13361,584,666356297,40,3368,
2026-09-30,06:54:23.904,999,876,666377373,38,3316,519,666377398,6928,13266,412,666377442,16,3185,872,666377340,12,3170,168,666377358,16,3357,246,666376671,24,3336,195136,666376699,6936,13327,649,666376687,19,3336,
2026-09-30,06:54:24.905,1000,1297,667047152,61,3367,698,667047178,7213,13306,942,667047261,47,3231,1068,667047277,45,3237,736,667047260,37,3390,968,667046530,43,3385,196174,667046538,7246,13389,1357,667046529,58,3394,
2026-09-30,06:54:25.905,999,1355,666378443,31,3371,603,666378446,7224,13305,964,666377548,28,3240,746,666377569,21,3239,1195,666377592,26,3397,643,666377620,24,3387,195981,666377603,7213,13376,681,666377531,25,3358,
2026-09-30,06:54:26.904,999,2663,666377317,37,3587,2662,666377299,6561,13516,3809,666377297,41,3424,2261,666377310,37,3393,3649,666377282,34,3615,3654,666377324,30,3590,205285,666377165,6557,13565,3507,666377046,25,3591,
2026-09-30,06:54:27.904,999,1067,666383594,45,3344,421,666383650,7406,13260,411,666383681,24,3218,730,666383691,27,3203,535,666383644,27,3346,602,666383592,24,3343,191847,666383631,7394,13312,511,666383614,32,3323,
2026-09-30,06:54:28.905,1000,1504,667051373,34,3405,872,667051375,7051,13338,575,667051400,24,3251,657,667051399,29,3255,914,667051372,38,3446,540,667050662,40,3412,194586,667050638,7052,13416,1279,667050673,42,3431,
2026-09-30,06:54:29.905,999,465,666384267,22,3303,493,666384235,7177,13253,525,666384255,17,3204,166,666384255,20,3169,180,666384238,17,3349,216,666384189,16,3337,195779,666384279,7200,13304,740,666384267,16,3308,
2026-09-30,06:54:30.904,999,1642,666410021,26,3336,595,666410026,6648,13286,490,666409969,19,3201,221,666409998,25,3178,384,666410033,23,3384,248,666409121,28,3384,200544,666409034,6643,13361,684,666409061,35,3390,
2026-09-30,06:54:31.904,999,261982,666383022,748,20793,252251,666383023,7789,30856,267527,666382976,698,20928,269037,666382941,742,20810,260294,666382923,707,20905,252962,666382939,742,21081,460884,666382980,7762,30932,263750,666383009,722,21098,
2026-09-30,06:54:32.905,1000,16089,667053622,132,4627,14616,667053694,7066,14602,15834,667053707,124,4462,15157,667053678,140,4471,15244,667053705,118,4649,14261,667053703,111,4621,210725,667053718,7039,14650,17112,667053672,121,4675,
2026-09-30,06:54:33.904,999,9202,666346103,101,4020,8249,666345290,6933,13985,7333,666345298,103,3884,7462,666345294,88,3908,8060,666345267,92,4103,7513,666345396,97,4108,206021,666345393,6952,14079,7345,666345297,104,4113,
2026-09-30,06:54:34.904,999,13547,666382803,188,4258,12664,666382824,7364,14314,12142,666382840,209,4233,13351,666382873,201,4202,11063,666382903,196,4332,13390,666382993,180,4394,201218,666382985,7413,14278,13425,666382209,188,4349,
2026-09-30,06:54:35.905,1000,14278,667065316,117,4430,11679,667065280,6795,14340,13992,667065351,101,4206,13196,667065302,108,4234,12999,667065243,104,4423,11050,667065383,102,4336,213162,667065512,6795,14395,14698,667065604,107,4458,
2026-09-30,06:54:36.905,999,18502,666353550,100,4733,20351,666353499,7069,14650,18985,666353445,99,4657,21326,666353392,98,4589,21336,666353371,89,4795,20284,666353368,101,4767,219116,666353290,7066,14794,20489,666353355,96,4750,
2026-09-30,06:54:37.904,999,19305,666383632,141,4402,16887,666383620,7302,14343,16472,666383632,143,4283,15566,666383660,145,4285,16201,666383646,130,4416,17723,666382889,149,4399,219486,666382974,7302,14464,18227,666382899,144,4359,
2026-09-30,06:54:38.904,999,6008,666381316,78,3687,3634,666381361,7183,13618,3856,666381349,58,3529,4446,666381353,69,3535,3924,666381345,63,3695,3737,666381397,63,3686,199294,666380758,7191,13673,4527,666380744,74,3692,
2026-09-30,06:54:39.905,1000,8235,667043052,88,3892,6005,667043074,6803,13857,4517,667043084,83,3744,5473,667043074,80,3739,7344,667043128,76,3971,5489,667043282,78,3896,204409,667042626,6795,13872,6661,667042693,90,3913,
2026-09-30,06:54:40.905,999,4924,666377590,65,3688,3786,666377612,6381,13654,3753,666377689,42,3531,2842,666377669,61,3515,3549,666377704,50,3738,4684,666377791,53,3716,209419,666377903,6392,13733,7665,666377111,56,3712,
2026-09-30,06:54:41.904,999,3990,666380783,46,3574,3157,666380803,7098,13530,4232,666380798,54,3484,3452,666380792,48,3415,3532,666380804,47,3599,2310,666380772,62,3599,199715,666380063,7115,13615,3398,666380029,53,3586,
2026-09-30,06:54:42.905,1000,28820,667054698,68,4382,25272,667054788,7116,14336,26369,667054791,67,4323,29704,667054785,63,4216,22314,667054819,68,4444,28141,667054835,59,4382,227330,667054932,7121,14412,22939,667054909,59,4386,
2026-09-30,06:54:43.905,999,2404,666395198,74,3485,1881,666395170,6806,13425,1492,666395117,64,3332,1370,666395128,59,3331,1180,666395206,60,3505,1670,666395278,53,3509,198284,666395369,6814,13493,1191,666395381,65,3465,
2026-09-30,06:54:44.904,999,4238,666355363,129,3772,4529,666355348,5967,13745,3869,666355358,141,3627,4004,666355346,114,3565,4672,666355342,130,3849,4693,666355364,117,3805,214973,666355488,5988,13828,5611,666355515,130,3839,
2026-09-30,06:54:45.904,999,2904,666374180,87,3598,3030,666374287,7254,13562,2901,666374263,71,3471,2683,666374252,82,3492,2877,666374281,56,3602,2405,666374302,63,3601,195246,666373485,7301,13609,3652,666373492,67,3615,
2026-09-30,06:54:46.905,1000,2176,667051104,90,3556,1995,667051134,6999,13492,1484,667051175,72,3389,2209,667051188,46,3353,2120,667051215,50,3537,1479,667051166,62,3552,199568,667051174,7006,13536,2056,667051195,79,3542,
2026-09-30,06:54:47.905,999,34866,666406497,114,4867,32541,666406516,7423,14824,30055,666406500,79,4693,33407,666406493,93,4702,27854,666406491,75,4823,33775,666405571,93,4863,227112,666405660,7448,14883,33551,666405654,102,4839,
2026-09-30,06:54:48.904,999,2335,666374836,66,3379,602,666374913,7730,13324,679,666374896,48,3248,828,666374898,38,3256,1040,666375000,52,3381,479,666374107,38,3385,191357,666374062,7678,13325,831,666374033,53,3352,
2026-09-30,06:54:49.905,1000,1470,667008930,74,3448,1944,667008920,7664,13411,2113,667008927,53,3353,1728,667008894,54,3351,3322,667008883,56,3471,1528,667008856,54,3478,194021,667008854,7651,13468,1778,667008786,60,3425,
2026-09-30,06:54:50.905,999,2236,666361120,81,3503,1542,666361129,7753,13423,1514,666361116,69,3409,1858,666361165,55,3383,1450,666361167,68,3525,1880,666360997,65,3501,190331,666361067,7740,13428,1830,666361026,75,3499,
2026-09-30,06:54:51.904,999,842,666356832,46,3342,263,666356871,6916,13282,720,666356866,36,3235,582,666356867,26,3196,424,666356887,37,3409,291,666356932,35,3385,196357,666356904,6969,13343,611,666356872,34,3379,
2026-09-30,06:54:52.905,1000,746,667046383,42,3362,1066,667046436,6642,13328,242,667046447,21,3198,129,667046419,17,3183,203,667046406,30,3415,377,667046365,28,3392,197203,667046359,6652,13390,650,667046386,41,3372,
2026-09-30,06:54:53.905,999,5564,666378492,59,3685,3364,666378513,7184,13605,3425,666378546,38,3523,3940,666378531,41,3541,4388,666378485,39,3710,4515,666377810,38,3740,197038,666377795,7190,13713,3601,666377822,55,3692,
2026-09-30,06:54:54.905,999,2665,666378591,116,3477,2092,666378608,9045,13403,2501,666378648,97,3410,2396,666378649,89,3375,3225,666378643,86,3433,2079,666377814,81,3408,177291,666377928,9049,13394,2175,666377887,106,3448,
2026-09-30,06:54:55.904,999,1074,666392289,59,3369,692,666392241,7713,13324,1040,666392290,45,3260,915,666392231,37,3258,1390,666392201,41,3376,873,666391595,43,3387,189063,666391496,7715,13371,1335,666391500,49,3362,
2026-09-30,06:54:56.905,1000,2127,667033012,68,3486,1270,667033022,6980,13438,765,667033000,40,3296,1399,667032999,43,3323,1676,667033080,43,3474,1476,667033061,47,3495,199819,667033030,6991,13489,1449,667033020,56,3490,
2026-09-30,06:54:57.905,999,4693,666383998,53,3626,6931,666383930,7334,13590,5035,666383919,36,3517,5456,666383948,30,3513,4016,666384015,26,3658,4408,666384063,29,3620,197936,666384101,7372,13635,5815,666384130,39,3617,
2026-09-30,06:54:58.905,999,793,666377706,45,3372,540,666377676,6692,13314,861,666377642,36,3243,799,666377660,36,3235,593,666377585,35,3436,383,666376909,28,3414,200394,666377026,6703,13355,1025,666377130,32,3395,
2026-09-30,06:54:59.905,1000,2759,667056962,60,3523,2776,667056913,7659,13470,2390,667056898,39,3386,2230,667056896,42,3399,1835,667056816,37,3492,4412,667056735,39,3532,192981,667056099,7669,13487,2280,667056105,45,3516,
2026-09-30,06:55:00.905,999,888,666404379,45,3363,1487,666404323,7073,13330,646,666404341,24,3250,1460,666404344,19,3235,613,666404389,34,3418,1043,666404362,35,3426,196065,666404323,7081,13361,554,666403694,41,3377,
2026-09-30,06:55:01.905,999,123979,666365472,167,11405,114734,666365469,8161,21360,114887,666365509,184,11344,112621,666365552,193,11187,120761,666365598,171,11461,113643,666365538,178,11295,309119,666365573,8165,21475,114647,666365645,197,11404,
2026-09-30,06:55:02.904,999,11973,666355447,97,4276,11651,666355484,7435,14289,12302,666355461,90,4141,12211,666355478,86,4149,11885,666355473,98,4365,10524,666355480,87,4271,208677,666355543,7413,14291,13942,666355571,99,4329,
2026-09-30,06:55:03.905,1000,2671,667024030,83,3510,2305,667024017,7534,13449,1123,667023959,67,3339,1380,667023956,65,3383,1462,667023960,82,3515,1316,667023945,63,3478,193313,667023920,7524,13496,2096,667023138,68,3506,
2026-09-30,06:55:04.905,999,8288,666382753,143,4024,8025,666382696,6476,13953,7408,666382704,134,3784,7011,666382723,127,3787,6392,666382745,134,3994,6897,666382022,121,3938,210604,666381969,6462,14010,7382,666381951,143,3986,
2026-09-30,06:55:05.905,999,1618,666354062,43,3455,1161,666354092,6701,13394,1694,666354123,43,3300,1630,666354118,41,3283,1226,666354086,44,3475,1890,666354075,36,3473,199392,666354086,6714,13460,1302,666354097,48,3466,
2026-09-30,06:55:06.905,1000,12856,667043032,130,4208,13331,667043063,6856,14144,10746,667043008,115,3989,9914,667043034,101,3987,9078,667043031,110,4201,10921,667042415,101,4197,212270,667042414,6843,14195,12089,667042472,130,4255,
2026-09-30,06:55:07.905,999,7865,666364831,113,3871,6755,666364805,7320,13849,7276,666364790,101,3711,5750,666364755,94,3684,6990,666364732,100,3865,4952,666364701,108,3825,203529,666364725,7331,13866,6653,666364703,118,3882,
2026-09-30,06:55:08.905,999,7823,666379601,61,3868,6076,666379604,6650,13815,7318,666379608,49,3714,7890,666379603,45,3679,6491,666379543,56,3984,6810,666379534,45,3901,209634,666379548,6628,13843,8194,666379453,56,3889,
2026-09-30,06:55:09.904,999,1133,666377870,35,3338,709,666377877,7496,13273,570,666377865,35,3227,659,666377829,25,3206,253,666377763,30,3356,412,666377791,32,3346,192252,666377667,7499,13329,762,666376791,27,3327,
2026-09-30,06:55:10.905,1000,2500,667048148,53,3460,1227,667048225,6344,13433,892,667048261,47,3282,2246,667048237,38,3284,1153,667048239,38,3507,885,667048339,46,3504,205494,667048285,6355,13471,1875,667048213,58,3489,
2026-09-30,06:55:11.905,999,2074,666381568,56,3476,1941,666381502,6986,13424,1101,666381475,41,3301,2014,666381427,42,3312,1294,666381413,36,3483,1621,666381352,41,3506,200974,666381383,6983,13453,1969,666381386,44,3492,
2026-09-30,06:55:12.905,999,1968,666382890,44,3439,1251,666382831,7259,13394,1560,666382790,34,3332,1625,666382783,45,3327,1383,666382853,39,3479,1739,666382922,46,3476,192504,666382880,7290,13485,1887,666382859,58,3484,
2026-09-30,06:55:13.905,1000,1339,667049527,31,3368,672,667049512,7555,13291,925,667049552,23,3237,1049,667049542,34,3247,1125,667049504,26,3385,692,667049569,35,3370,190753,667049629,7574,13377,752,667049689,39,3367,
2026-09-30,06:55:14.905,999,1852,666367236,79,3481,737,666367247,6617,13389,1053,666367245,62,3290,1114,666367225,64,3308,1951,666367241,77,3504,1183,666367283,54,3486,200424,666367448,6619,13461,1254,666367530,92,3475,
2026-09-30,06:55:15.905,999,2006,666391830,36,3391,898,666391875,6989,13330,889,666391887,28,3248,1187,666391899,29,3257,1202,666391896,27,3433,1317,666391896,22,3410,199732,666391973,6989,13361,1342,666392057,23,3382,
2026-09-30,06:55:16.905,999,1051,666394412,49,3397,872,666394392,6612,13328,521,666394445,32,3223,332,666394458,36,3217,888,666394583,33,3448,695,666394594,35,3425,205263,666394555,6610,13401,532,666394524,41,3391,
2026-09-30,06:55:17.905,1000,4288,667050325,64,3616,4366,667050396,7479,13595,3949,667050339,44,3508,4561,667050331,44,3473,4583,667050348,46,3646,4770,667050397,39,3642,199395,667050598,7450,13629,4168,667050610,53,3613,
2026-09-30,06:55:18.905,999,983,666396186,49,3377,1358,666396154,7296,13350,893,666396115,38,3264,1247,666396065,37,3237,1369,666396087,37,3384,587,666396124,33,3417,196340,666396129,7310,13362,1304,666396294,50,3407,
2026-09-30,06:55:19.905,999,857,666394890,55,3369,616,666394942,6997,13294,484,666394962,27,3210,391,666395002,30,3217,417,666394964,33,3376,654,666395046,24,3357,198380,666395117,6996,13364,873,666395162,37,3369,
2026-09-30,06:55:20.906,1000,1215,667061984,44,3380,540,667061986,7450,13324,1221,667062023,42,3288,1447,667062033,37,3270,959,667062043,37,3427,642,667062140,33,3398,194267,667062182,7414,13381,1120,667062155,43,3372,
2026-09-30,06:55:21.906,1000,875,667063382,31,3359,435,667063339,6568,13306,420,667063347,24,3215,290,667063347,23,3201,386,667063324,24,3402,248,667063398,18,3390,202160,667063471,6592,13382,709,667063436,35,3379,
2026-09-30,06:55:22.906,999,11730,666351330,44,3888,11964,666351280,6791,13841,10199,666351228,33,3728,12350,666351228,33,3742,10603,666351222,31,3927,9542,666351204,33,3897,215606,666351207,6758,13873,10588,666351221,50,3930,
2026-09-30,06:55:23.906,999,1132,666359554,40,3383,1143,666359597,6925,13329,681,666359635,28,3258,1689,666359631,33,3272,1334,666359610,36,3471,1244,666359671,29,3450,198548,666359566,6888,13401,1460,666359590,47,3411,
2026-09-30,06:55:24.906,1000,12517,667050458,122,3927,8737,667050503,7190,13848,10891,667050489,101,3779,11338,667050476,96,3780,9271,667050471,95,3970,10799,667050498,91,3916,205660,667049649,7197,13920,10891,667049581,114,3917,
2026-09-30,06:55:25.906,999,2122,666356089,55,3414,1361,666356085,7004,13363,1389,666356037,43,3296,1695,666356018,36,3266,1061,666356040,37,3455,909,666356025,46,3468,196419,666356016,7016,13452,1945,666356150,54,3440,
2026-09-30,06:55:26.906,999,1088,666348321,44,3415,1278,666348266,6724,13340,838,666348257,39,3249,543,666348287,33,3224,543,666348266,35,3442,629,666348213,36,3425,200721,666347515,6734,13406,834,666347640,27,3368,
2026-09-30,06:55:27.907,1000,3335,667048809,56,3555,2842,667048907,7020,13452,1441,667048916,46,3381,2381,667048950,41,3361,2187,667049015,44,3556,1667,667048280,35,3532,201074,667048229,7021,13573,1878,667048225,50,3533,
2026-09-30,06:55:28.906,999,816,666356575,26,3338,472,666356590,6837,13265,108,666356590,11,3177,272,666356577,20,3185,211,666356564,15,3382,161,666356516,19,3359,197471,666356502,6852,13335,479,666356625,27,3359,
2026-09-30,06:55:29.906,999,1513,666367260,50,3424,1308,666367305,6940,13352,728,666367294,35,3256,870,666367322,27,3270,1224,666367373,34,3444,457,666366509,28,3411,198555,666366453,6929,13440,1431,666366404,43,3411,
2026-09-30,06:55:30.907,1000,700,667020550,31,3346,501,667020538,6657,13278,378,667020544,19,3208,499,667020537,23,3194,269,667020522,23,3388,265,667020531,20,3389,201042,667020599,6660,13368,587,667020581,26,3378,
2026-09-30,06:55:31.907,1000,2507,667050529,57,3496,2010,667050583,7361,13440,1450,667050605,51,3350,1891,667050679,40,3366,1939,667050689,52,3516,1917,667050647,61,3532,193473,667050577,7381,13526,1899,667050544,66,3520,
2026-09-30,06:55:32.907,999,3424,666358258,50,3582,3885,666358235,7346,13510,2826,666358190,31,3405,3005,666358187,37,3423,4285,666358187,44,3584,2792,666358145,47,3598,196359,666358217,7341,13551,3359,666358176,54,3565,
2026-09-30,06:55:33.907,999,1386,666359520,24,3342,717,666359487,6845,13293,962,666359389,32,3221,531,666359367,30,3214,414,666359404,24,3388,976,666359422,18,3358,198229,666359424,6863,13345,1121,666359362,35,3379,
2026-09-30,06:55:34.908,1000,1450,667045363,64,3392,759,667045356,7017,13356,751,667045340,63,3270,670,667045370,53,3264,1873,667045432,57,3428,1159,667044586,48,3442,196243,667044614,7039,13396,1881,667044602,70,3443,
2026-09-30,06:55:35.907,999,977,666379917,47,3395,1295,666379976,7378,13337,795,666380032,40,3267,838,666380037,41,3263,928,666380048,35,3395,497,666380113,30,3375,195243,666380055,7374,13385,1290,666380116,43,3398,
2026-09-30,06:55:36.907,999,666,666382885,30,3314,636,666382834,7284,13264,339,666382747,22,3190,453,666382752,28,3205,329,666382752,28,3361,290,666382018,27,3333,192616,666382113,7301,13314,865,666382085,31,3351,
2026-09-30,06:55:37.908,1000,989,667068936,32,3363,624,667068896,7142,13300,326,667068901,32,3214,659,667068908,22,3205,291,667068898,22,3365,283,667068857,23,3357,197923,667067887,7144,13356,1549,667067836,31,3354,
2026-09-30,06:55:38.907,999,1153,666379519,42,3376,945,666379567,7089,13314,958,666379572,27,3251,1050,666379545,27,3237,1127,666379518,38,3431,1076,666378644,20,3422,198642,666378555,7079,13406,1636,666378584,41,3409,
2026-09-30,06:55:39.907,999,1070,666382725,41,3396,853,666382698,7176,13339,1221,666382679,40,3258,2062,666382696,45,3277,1253,666382722,36,3429,1378,666381836,39,3431,193893,666381888,7181,13376,1189,666382062,37,3399,
2026-09-30,06:55:40.907,999,791,666388046,36,3353,909,666388053,7379,13269,443,666388049,28,3215,398,666388006,37,3205,674,666388040,30,3378,639,666388085,38,3359,194685,666388025,7390,13343,776,666388111,28,3350,
2026-09-30,06:55:41.908,1000,490,667039448,19,3282,121,667039463,7422,13218,204,667039418,11,3179,100,667039416,5,3156,69,667039459,9,3299,66,667039539,14,3299,193681,667038977,7412,13281,1069,667038957,15,3302,
2026-09-30,06:55:42.907,999,1678,666391687,25,3343,427,666391713,7216,13271,847,666391746,20,3209,774,666391757,22,3197,357,666391881,16,3366,611,666391990,20,3365,193550,666392188,7207,13324,1002,666392179,21,3346,
2026-09-30,06:55:43.907,999,1534,666398325,45,3381,1037,666398394,7566,13315,2256,666398462,34,3269,899,666398499,40,3253,1031,666398504,43,3407,1423,666398552,26,3365,192594,666398563,7602,13378,1602,666398616,36,3396,
2026-09-30,06:55:44.907,999,2260,666374480,64,3509,1606,666374468,6389,13440,1367,666374452,55,3349,1458,666374455,41,3303,976,666374450,46,3551,1224,666374445,46,3549,204296,666374499,6393,13509,1563,666374404,59,3496,
2026-09-30,06:55:45.908,1000,1070,667045560,40,3316,1046,667045555,7492,13300,564,667045570,24,3208,507,667045600,19,3205,579,667045671,27,3363,1097,667044852,21,3340,197375,667044856,7467,13341,691,667044785,34,3333,
2026-09-30,06:55:46.907,999,1975,666365690,53,3424,1913,666365683,7125,13367,817,666365717,43,3268,1386,666365713,40,3295,1201,666365661,51,3464,882,666365734,39,3438,195731,666364939,7135,13427,1618,666364913,50,3463,
2026-09-30,06:55:47.907,999,3503,666398167,54,3592,3621,666398119,7133,13490,3256,666398140,34,3391,3294,666398118,31,3402,4165,666398141,32,3564,3377,666397335,36,3570,197787,666397213,7167,13571,3252,666397180,52,3579,
2026-09-30,06:55:48.908,1000,792,667043303,37,3286,535,667043301,7804,13251,484,667043324,19,3194,581,667043360,20,3183,142,667043331,16,3301,422,667042789,15,3302,188379,667042807,7816,13292,812,667042908,29,3296,
2026-09-30,06:55:49.908,999,1512,666376935,47,3380,1249,666376874,7811,13333,1494,666376849,30,3292,1382,666376838,35,3301,1452,666376847,30,3402,1663,666376226,29,3422,192361,666376217,7812,13387,1197,666376200,35,3390,
2026-09-30,06:55:50.907,999,2140,666374434,48,3443,1604,666374464,7161,13388,1748,666374517,28,3328,2635,666374521,30,3329,1655,666374428,30,3513,986,666373717,30,3461,198227,666373648,7162,13455,2696,666373655,45,3467,
2026-09-30,06:55:51.907,999,1035,666365498,38,3363,1341,666365499,7443,13323,496,666365523,27,3245,418,666365502,29,3227,1663,666365470,29,3379,621,666364698,33,3364,194573,666364762,7444,13356,724,666364642,44,3377,
2026-09-30,06:55:52.908,1000,601,667057312,29,3319,357,667057342,7015,13271,475,667057351,18,3190,707,667057321,22,3203,663,667057375,19,3377,577,667056637,16,3344,195759,667056623,7013,13335,609,667056669,23,3336,
2026-09-30,06:55:53.907,999,327,666387621,38,3287,195,666387668,7406,13227,410,666387655,15,3189,439,666387686,23,3187,292,666387751,14,3312,266,666387750,24,3317,194907,666387792,7411,13289,785,666387856,28,3311,
2026-09-30,06:55:54.907,999,1110,666388623,74,3433,644,666388722,7047,13366,857,666388696,52,3273,1034,666388698,64,3273,718,666388749,56,3447,1377,666388687,44,3418,198121,666388664,7061,13402,1991,666388691,71,3430,
2026-09-30,06:55:55.908,1000,47358,667042558,130,6470,41076,667042478,7799,16405,43734,667042402,101,6388,42236,667042445,120,6302,45313,667042439,108,6430,45328,667042393,114,6512,236581,667042349,7796,16467,44485,667042363,138,6532,
2026-09-30,06:55:56.908,999,2270,666377381,52,3424,1870,666377348,7351,13387,1022,666377348,39,3290,998,666377298,33,3258,1620,666377347,32,3434,1150,666377362,25,3429,193625,666377375,7339,13444,1401,666377360,50,3467,
2026-09-30,06:55:57.907,999,2195,666377301,61,3461,2168,666377261,7850,13444,1527,666377294,60,3398,1798,666377296,65,3404,1991,666377304,44,3507,1780,666376564,51,3484,185467,666376572,7883,13459,2749,666376580,65,3523,
2026-09-30,06:55:58.907,999,1640,666355479,52,3410,1112,666355536,6961,13361,1610,666355526,39,3276,957,666355524,40,3271,1064,666355504,43,3458,1170,666355547,40,3435,197510,666355549,6947,13389,1389,666355638,57,3431,
2026-09-30,06:55:59.908,1000,1476,667053749,39,3344,561,667052545,7391,13301,824,667052527,23,3216,570,667052542,23,3196,539,667052586,18,3349,881,667052543,29,3357,194019,667051751,7411,13345,725,667051628,44,3349,
2026-09-30,06:56:00.908,999,1935,666403205,35,3443,1170,666403202,7176,13363,1257,666403220,33,3291,1353,666403209,28,3283,1632,666403213,38,3483,1428,666403215,29,3449,192512,666402381,7203,13412,1986,666402417,42,3427,
2026-09-30,06:56:01.907,999,1258,666364375,45,3391,1387,666364350,7056,13319,1656,666364389,26,3242,915,666364434,29,3236,814,666364425,32,3411,561,666363369,31,3379,198384,666363421,7062,13386,1267,666363449,34,3400,
2026-09-30,06:56:02.908,1000,5640,667020546,51,3584,4088,667020518,7544,13546,3860,667020515,29,3457,3600,667020512,38,3444,4618,667020504,40,3624,2808,667020524,40,3573,196717,667020493,7549,13570,4105,667019725,58,3596,
2026-09-30,06:56:03.908,999,142783,666397654,306,12909,136830,666397633,7445,22697,133055,666397573,292,12415,138032,666397538,296,12379,144799,666397502,269,12569,147973,666397574,291,12708,338351,666396674,7377,22794,151215,666396774,308,12660,
2026-09-30,06:56:04.907,999,30452,666383375,228,5668,30845,666383381,7417,15674,31229,666383409,227,5601,25071,666383415,209,5578,27779,666383396,231,5777,26207,666383406,230,5784,225074,666382732,7415,15609,30031,666382633,230,5744,
2026-09-30,06:56:05.907,999,5687,666370340,110,3789,5496,666370295,7344,13785,5006,666370249,114,3733,4662,666370245,100,3667,4913,666370263,100,3807,6986,666369404,105,3843,199611,666369421,7350,13802,5364,666369489,110,3837,
2026-09-30,06:56:06.908,1000,4180,667042744,67,3675,3498,667042704,6917,13640,2116,667042697,57,3504,2237,667042645,53,3474,3729,667042580,62,3685,3233,667041797,59,3654,200706,667041825,6966,13681,4139,667041811,68,3681,
2026-09-30,06:56:07.908,999,19588,666381218,156,4716,16697,666381285,7646,14639,18506,666381315,154,4563,17707,666381297,159,4559,20690,666381378,135,4695,21163,666379498,147,4643,215621,666379517,7640,14675,17414,666379563,144,4685,
2026-09-30,06:56:08.907,999,26555,666378628,157,5604,26162,666378608,7431,15526,28662,666378616,131,5508,24088,666378666,126,5387,28975,666378681,132,5661,27175,666378720,150,5582,220927,666378739,7432,15504,25201,666378755,128,5496,
2026-09-30,06:56:09.908,1000,8018,667050454,74,3774,6151,667050377,7389,13705,6563,667050424,79,3657,6307,667050453,61,3616,5182,667050493,56,3769,7160,667050446,64,3760,202730,667050468,7407,13751,5947,667050535,72,3739,
2026-09-30,06:56:10.908,999,7225,666386983,98,3793,6808,666386929,7220,13766,9140,666387028,68,3690,10952,666387063,88,3687,7015,666387165,81,3874,10425,666387208,79,3827,202302,666387310,7244,13835,10712,666387405,108,3860,
2026-09-30,06:56:11.908,999,2002,666396689,77,3439,1290,666396771,7540,13367,2686,666396737,67,3340,2552,666396710,60,3295,1887,666396724,63,3466,3016,666396800,58,3445,194948,666396868,7539,13443,1498,666396984,74,3442,
2026-09-30,06:56:12.907,999,1638,666396386,52,3397,1267,666396413,7394,13362,741,666396341,47,3279,1495,666396361,45,3278,1353,666396349,46,3405,1286,666396388,44,3406,193834,666396404,7368,13401,1235,666396403,47,3387,
2026-09-30,06:56:13.908,1000,5372,667059570,63,3575,4455,667059597,7567,13592,2989,667059625,63,3453,3205,667059609,64,3474,3833,667059644,68,3648,3637,667059692,58,3585,193690,667059577,7569,13599,4306,667059603,60,3625,
2026-09-30,06:56:14.908,999,3431,666398607,131,3639,3341,666398604,7674,13600,3189,666398562,128,3556,3338,666398622,120,3501,3558,666398649,127,3665,3222,666398627,131,3666,193346,666398655,7657,13630,3374,666398609,115,3626,
2026-09-30,06:56:15.907,999,2026,666343725,84,3482,2149,666343776,7349,13439,2139,666343802,50,3352,2517,666343799,60,3345,2469,666343874,52,3484,1366,666343914,47,3486,196680,666343938,7360,13483,1717,666343908,68,3466,
2026-09-30,06:56:16.908,1000,2162,667058244,64,3464,2334,667058227,7092,13413,1239,667058168,48,3286,1248,667058136,59,3288,1422,667058136,50,3481,1184,667058090,55,3487,200137,667058104,7087,13500,1787,667058900,58,3497,
2026-09-30,06:56:17.908,999,6854,666338574,73,3732,5863,666338513,7412,13619,5556,666338517,48,3577,5392,666338507,46,3570,8424,666338563,41,3716,6107,666338535,41,3703,203105,666338510,7396,13695,6016,666338511,68,3688,
2026-09-30,06:56:18.908,999,24401,666359088,72,4419,25430,666359073,7264,14377,23725,666359048,53,4298,25281,666359058,51,4354,23805,666359069,56,4470,26410,666359077,55,4512,219669,666359096,7286,14393,21785,666359037,73,4428,
2026-09-30,06:56:19.907,999,3491,666392736,89,3594,3307,666392720,7641,13535,4865,666392772,64,3508,3433,666392846,80,3480,3694,666392876,80,3633,2172,666392910,79,3599,193846,666392935,7606,13609,2796,666392040,73,3597,
2026-09-30,06:56:20.908,1000,1484,667050657,45,3360,1157,667050641,7905,13324,1256,667050616,50,3293,984,667050634,46,3273,1086,667050666,41,3368,854,667050691,46,3377,191085,667050654,7886,13385,974,667049835,46,3368,
2026-09-30,06:56:21.908,999,695,666363836,36,3353,840,666363801,7154,13292,414,666363772,37,3237,509,666363793,26,3205,361,666363808,42,3402,393,666363784,41,3385,198849,666363787,7143,13361,1452,666363061,28,3378,
2026-09-30,06:56:22.908,999,6520,666372671,43,3631,4323,666372700,7389,13609,6538,666372702,37,3576,5370,666372718,48,3594,7368,666372697,36,3703,4677,666372721,41,3723,198533,666372774,7396,13655,5537,666372817,51,3665,
2026-09-30,06:56:23.908,1000,1254,667057524,54,3358,1112,667057534,7425,13321,830,667057530,42,3278,894,667057538,37,3242,751,667057596,39,3407,1790,667057727,38,3407,194255,667057669,7423,13363,1316,667056435,49,3402,
2026-09-30,06:56:24.908,999,3563,666386717,106,3586,2566,666386633,7443,13501,3093,666386623,95,3449,3114,666386630,96,3422,2763,666386643,91,3572,3249,666386604,105,3586,194850,666385845,7457,13564,4412,666385957,106,3616,
2026-09-30,06:56:25.908,999,1963,666377733,55,3429,1896,666377686,7751,13382,1741,666377722,53,3334,2149,666377753,45,3334,1306,666377727,49,3456,1235,666377058,42,3396,193660,666377218,7735,13436,3375,666377276,53,3447,
2026-09-30,06:56:26.907,999,2081,666377933,45,3395,1023,666377865,7596,13312,2564,666377880,42,3271,1645,666377921,47,3275,1421,666377955,46,3405,1209,666377970,47,3413,187953,666377262,7617,13389,1707,666377307,46,3400,
2026-09-30,06:56:27.908,1000,1171,667043429,36,3321,684,667043425,7617,13282,261,667043435,19,3220,383,667043464,33,3226,427,667043406,26,3346,435,667043411,37,3350,193373,667042770,7637,13347,1029,667042784,36,3338,
2026-09-30,06:56:28.908,999,1219,666385701,22,3344,372,666385657,7116,13273,621,666385719,18,3200,287,666385762,25,3191,209,666385796,19,3352,552,666385696,28,3363,195897,666385823,7117,13332,543,666385876,31,3340,
2026-09-30,06:56:29.908,999,1151,666386477,44,3355,552,666386465,7191,13265,602,666386421,21,3221,679,666386393,16,3200,686,666386399,25,3382,370,666386479,18,3348,194275,666386549,7198,13348,1836,666386741,29,3344,
2026-09-30,06:56:30.908,1000,2435,667072122,62,3435,1378,667072190,7954,13353,1462,667072153,50,3305,949,667072185,50,3298,787,667072235,48,3388,1620,667072308,44,3393,187739,667072352,7949,13385,1481,667072370,41,3403,
2026-09-30,06:56:31.908,999,1460,666391547,43,3388,830,666391580,7219,13278,696,666391554,28,3214,1234,666391559,36,3223,655,666391624,30,3369,895,666391731,29,3358,195101,666391731,7242,13365,714,666391745,29,3350,
2026-09-30,06:56:32.908,999,4189,666384769,42,3532,3722,666384705,7196,13459,3634,666384650,39,3415,4261,666384671,37,3405,3318,666384734,26,3550,3536,666384767,33,3547,200649,666384826,7188,13536,3490,666384942,35,3533,
2026-09-30,06:56:33.908,999,619,666361868,29,3316,406,666361967,7015,13251,100,666361990,11,3166,159,666361962,21,3177,376,666361975,13,3341,513,666361944,21,3348,197097,666361937,7012,13325,1044,666361915,29,3339,
2026-09-30,06:56:34.908,1000,2358,667029353,69,3424,1474,667029493,7700,13384,2012,667029422,53,3329,1290,667029390,59,3309,1783,667029372,62,3446,1231,667029342,55,3420,190283,667029325,7708,13443,2091,667028439,71,3447,
2026-09-30,06:56:35.908,999,3272,666359838,69,3518,1918,666359862,7045,13448,2354,666359899,57,3372,2931,666359935,53,3367,1726,666359872,60,3550,1455,666359853,60,3550,202011,666359859,7011,13541,2772,666359926,60,3543,
2026-09-30,06:56:36.908,999,2118,666348207,57,3440,1211,666348374,7899,13359,1725,666348316,39,3325,2032,666348256,47,3318,1857,666348200,49,3455,1927,666348138,42,3404,188017,666348129,7910,13414,2514,666348091,52,3444,
2026-09-30,06:56:37.908,1000,1444,667054366,34,3352,679,667054319,7445,13298,966,667054303,18,3215,705,667054297,20,3230,774,667054314,18,3365,925,667053489,20,3363,193277,667053590,7455,13346,1284,667053545,16,3346,
2026-09-30,06:56:38.908,999,8535,666378209,62,3735,6771,666378280,7407,13663,7037,666378276,49,3642,9501,666378241,41,3648,8135,666378275,44,3802,7451,666378183,37,3753,197342,666378322,7437,13751,6990,666378354,52,3782,
2026-09-30,06:56:39.908,999,4112,666378074,72,3630,6606,666378090,7151,13588,4629,666378052,55,3493,5907,666378023,49,3495,4625,666378069,49,3669,5324,666377530,60,3658,202757,666377625,7148,13635,5684,666377583,57,3681,
2026-09-30,06:56:40.908,999,596,666376115,24,3294,237,666376110,7008,13245,60,666376104,12,3162,132,666376148,18,3172,98,666376151,14,3341,245,666375157,24,3345,194866,666375083,7019,13300,406,666375055,26,3330,
2026-09-30,06:56:41.908,1000,2174,667040798,39,3358,1096,667040757,7545,13319,462,667040692,34,3240,1072,667040681,26,3242,497,667040733,32,3385,659,667040616,29,3372,191218,667040645,7557,13370,1033,667040759,34,3370,
2026-09-30,06:56:42.908,999,951,666406143,30,3316,389,666406202,7287,13254,764,666406193,20,3192,665,666406209,20,3181,849,666406213,15,3337,1503,666406231,18,3328,194957,666406309,7314,13312,917,666406436,21,3314,
2026-09-30,06:56:43.908,999,1163,666384002,30,3344,744,666384006,7313,13300,883,666384021,27,3235,999,666383999,30,3240,734,666383980,26,3360,435,666383994,19,3359,196609,666383989,7279,13356,620,666384103,28,3356,
2026-09-30,06:56:44.909,1000,957,667064367,59,3378,565,667064378,7210,13345,784,667064354,46,3240,697,667064362,47,3248,301,667064340,52,3388,438,667064413,45,3386,194743,667064497,7234,13377,935,667064692,71,3403,
2026-09-30,06:56:45.908,999,1211,666386984,37,3348,652,666386977,7232,13274,511,666386992,20,3220,1355,666387006,21,3224,530,666387064,28,3394,1402,666387085,19,3370,197374,666387162,7251,13349,1270,666387276,39,3371,
2026-09-30,06:56:46.908,999,4686,666395524,51,3587,5142,666395590,7340,13511,4377,666395545,26,3442,5818,666395575,27,3445,2899,666395541,33,3591,2990,666395638,30,3562,197928,666395671,7348,13604,4580,666395765,44,3609,
2026-09-30,06:56:47.908,999,4178,666384001,75,3554,3827,666383988,7902,13526,3278,666383983,51,3446,3073,666384008,52,3447,3405,666384055,50,3592,2831,666384047,55,3551,189614,666384151,7926,13563,3705,666384162,68,3566,
2026-09-30,06:56:48.909,1000,1723,667063903,54,3383,904,667063971,7668,13331,942,667063948,44,3295,1784,667063964,33,3288,1424,667064012,32,3404,846,667064033,24,3384,192155,667064024,7659,13369,1470,667064088,47,3397,
2026-09-30,06:56:49.908,999,2143,666400933,39,3343,1672,666400899,7830,13304,1215,666400910,26,3238,1174,666400925,27,3239,924,666400973,24,3367,840,666401052,24,3350,192348,666401113,7840,13348,1231,666401130,43,3353,
2026-09-30,06:56:50.908,999,1655,666374882,50,3408,866,666374899,6787,13335,1532,666374891,43,3266,1214,666374887,36,3261,1435,666374908,35,3460,1438,666374830,35,3455,198814,666374833,6789,13399,1679,666374788,44,3413,
2026-09-30,06:56:51.908,999,911,666383000,30,3303,392,666383052,7346,13282,407,666383064,23,3215,232,666383081,17,3182,343,666383098,14,3350,207,666383098,16,3328,192797,666383080,7357,13304,768,666383022,25,3306,
2026-09-30,06:56:52.908,1000,1014,667056809,41,3390,570,667056748,6740,13336,611,667056740,26,3235,564,667056755,33,3217,379,667056857,23,3407,691,667056044,24,3423,199301,667055987,6743,13386,1393,667055897,31,3399,
2026-09-30,06:56:53.908,999,339,666362714,28,3268,216,666362761,7570,13211,373,666362757,16,3171,663,666362755,12,3158,182,666362759,16,3303,213,666362801,19,3288,189937,666362856,7577,13262,785,666362819,26,3284,
2026-09-30,06:56:54.908,999,1378,666393335,69,3411,1219,666393279,7204,13372,1549,666393320,48,3271,1018,666393331,51,3285,1372,666393380,57,3431,999,666393361,46,3394,196978,666392560,7196,13412,1848,666392566,71,3427,
2026-09-30,06:56:55.909,1000,668,667045008,38,3290,358,667045010,7725,13242,454,667044960,15,3177,658,667044975,21,3187,189,667045001,17,3301,329,667045093,17,3305,189214,667044378,7704,13292,555,667044420,36,3305,
2026-09-30,06:56:56.908,999,1617,666382652,44,3396,711,666382659,7141,13309,935,666382677,16,3244,1001,666382685,25,3245,1485,666382745,24,3428,615,666381903,20,3400,193471,666381880,7160,13405,1640,666381884,31,3398,
2026-09-30,06:56:57.908,999,1421,666383049,46,3356,376,666383060,7071,13291,1062,666383129,22,3216,183,666383162,24,3200,525,666383160,24,3386,390,666383180,17,3352,195038,666382437,7092,13352,507,666382303,30,3355,
2026-09-30,06:56:58.908,999,1248,666374492,29,3387,1540,666374510,7246,13347,1250,666374451,19,3288,1065,666374459,31,3267,942,666374450,31,3438,1910,666374508,22,3488,192454,666373627,7248,13435,1626,666373581,41,3431,
2026-09-30,06:56:59.909,1000,605,667043555,35,3286,396,667043464,7428,13249,158,667043470,14,3168,590,667043469,11,3169,163,667043448,8,3310,190,667042469,11,3306,191933,667042416,7426,13295,340,667042295,27,3284,
2026-09-30,06:57:00.908,999,902,666381518,42,3333,378,666381523,7237,13261,314,666381522,28,3201,423,666381514,22,3186,403,666381514,28,3363,361,666380663,22,3350,196934,666380572,7240,13319,789,666380526,27,3316,
2026-09-30,06:57:01.908,999,991,666382409,35,3355,553,666382295,7426,13262,360,666382307,11,3203,542,666382309,8,3212,390,666382323,14,3350,761,666381590,10,3323,194950,666381580,7434,13348,2140,666381543,24,3345,
2026-09-30,06:57:02.909,1000,2858,667044909,35,3503,3116,667044937,7191,13459,2129,667044921,28,3359,2830,667044905,32,3374,3226,667044857,29,3546,2765,667044798,30,3542,196403,667044860,7205,13494,3263,667044925,40,3496,
2026-09-30,06:57:03.908,999,1384,666385986,42,3343,969,666385998,7627,13303,588,666386062,28,3245,952,666386101,40,3246,659,666386134,39,3370,576,666386136,32,3359,189132,666386286,7635,13345,1171,666385451,40,3343,
2026-09-30,06:57:04.908,999,2920,666371580,52,3524,2400,666371536,7454,13461,2320,666371603,41,3417,2311,666371583,34,3356,3079,666371622,53,3558,2993,666371547,52,3537,196874,666371590,7464,13522,4759,666370997,51,3533,
2026-09-30,06:57:05.908,999,1034,666387810,48,3295,289,666387842,8031,13220,500,666387897,26,3198,449,666387931,22,3188,320,666387940,23,3283,331,666387957,27,3293,183651,666386767,8082,13279,1217,666386731,42,3322,
2026-09-30,06:57:06.909,1000,10390,667050265,59,3758,10652,667050274,7538,13729,13517,667050245,35,3649,12798,667050243,33,3655,12061,667050193,43,3813,9430,667049521,37,3808,202735,667049619,7529,13763,11885,667049668,47,3766,
2026-09-30,06:57:07.908,999,14593,666405709,49,4018,18237,666405662,7592,13961,17151,666405632,37,3929,16010,666405628,36,3900,17833,666405630,37,4057,15563,666405630,32,4020,211449,666405698,7580,14011,18644,666405685,41,3997,
2026-09-30,06:57:08.908,999,777,666351131,41,3374,587,666351145,7321,13310,647,666351066,37,3255,560,666351093,36,3241,802,666351085,45,3429,571,666351106,36,3383,194664,666351069,7343,13396,659,666351023,38,3368,
2026-09-30,06:57:09.909,1000,4644,667045378,50,3591,3624,667045422,7635,13554,4942,667045435,31,3449,4298,667045468,33,3449,4374,667045540,44,3665,3633,667044880,41,3630,194867,667045202,7639,13611,4718,667045200,50,3590,
2026-09-30,06:57:10.909,999,1648,666398703,63,3433,2187,666398632,7631,13365,1540,666398607,39,3305,1531,666398622,36,3304,1519,666398608,44,3452,1718,666397997,43,3453,190404,666398061,7641,13441,2012,666397984,58,3455,
2026-09-30,06:57:11.908,999,951,666383888,29,3290,613,666383870,7738,13246,134,666383834,15,3174,303,666383854,18,3171,202,666383883,18,3291,295,666382943,21,3298,189032,666382960,7742,13297,457,666383013,25,3291,
2026-09-30,06:57:12.908,999,952,666366423,36,3329,423,666366531,7528,13264,502,666366569,26,3219,342,666366593,15,3178,730,666366610,22,3328,271,666366700,19,3308,190388,666366729,7562,13328,998,666366854,29,3331,
2026-09-30,06:57:13.909,1000,1085,667068851,30,3334,434,667068918,7776,13285,1043,667068877,21,3242,946,667068857,22,3215,1541,667068894,23,3349,1218,667068931,24,3350,186826,667069019,7793,13329,845,667069020,31,3339,
2026-09-30,06:57:14.909,999,3691,666384409,86,3541,2743,666384476,7274,13481,1983,666384407,59,3373,1962,666384403,61,3396,2569,666384404,73,3623,1969,666384380,69,3607,197461,666384376,7275,13552,2475,666384401,84,3564,
2026-09-30,06:57:15.908,999,1929,666399038,64,3416,1867,666399026,7582,13392,2134,666399015,47,3344,1082,666399054,43,3322,1338,666399065,38,3425,1429,666399007,44,3421,195257,666399708,7587,13424,1288,666399608,51,3447,
2026-09-30,06:57:16.908,999,1072,666389275,42,3363,526,666389304,7353,13283,839,666389227,27,3226,316,666389215,27,3206,764,666389210,28,3381,551,666389186,27,3347,193373,666389244,7359,13324,1260,666389310,34,3352,
2026-09-30,06:57:17.909,1000,3851,667038654,40,3418,3212,667038733,7951,13351,3182,667038717,28,3322,1726,667038724,33,3331,3030,667038758,30,3434,2382,667038759,29,3424,191347,667038804,7954,13418,2352,667038906,45,3434,
2026-09-30,06:57:18.908,999,1586,666395359,45,3360,1791,666395334,7532,13295,471,666395363,34,3213,770,666395359,29,3224,1260,666395344,33,3378,459,666395327,38,3361,189909,666395371,7545,13350,1078,666395444,36,3340,
2026-09-30,06:57:19.908,999,692,666389890,23,3276,283,666389959,7776,13232,280,666389970,23,3203,324,666389955,25,3179,512,666389955,23,3315,263,666389998,19,3295,183588,666389327,7818,13261,857,666389249,20,3268,
2026-09-30,06:57:20.909,1000,1468,667046913,42,3340,824,667046919,7688,13268,1017,667046932,24,3227,634,667046935,25,3225,840,667046980,23,3349,609,667046323,23,3332,191699,667046227,7691,13326,1296,667046163,34,3341,
2026-09-30,06:57:21.909,999,29871,666392595,36,4424,27128,666392617,7900,14321,26641,666392643,24,4326,27359,666392635,26,4282,28373,666392627,26,4428,24239,666392694,23,4394,215933,666392680,7891,14422,23267,666391865,38,4430,
2026-09-30,06:57:22.908,999,1812,666383028,55,3462,2234,666383053,7414,13406,1538,666383073,49,3313,1541,666383078,38,3326,2434,666383129,46,3482,1709,666383149,55,3482,195178,666383251,7439,13458,2443,666383239,49,3452,
2026-09-30,06:57:23.908,999,1817,666397034,60,3403,1299,666396999,7554,13360,1275,666397007,40,3306,1032,666397013,47,3290,1959,666397024,43,3444,1733,666397046,44,3443,194845,666396027,7549,13392,1518,666396064,54,3425,
2026-09-30,06:57:24.909,1000,2400,667045875,73,3412,1263,667045865,8086,13342,1478,667045844,47,3274,1759,667045849,55,3282,1170,667045904,49,3369,1128,667045126,59,3376,186098,667045142,8100,13381,1101,667045148,65,3389,
2026-09-30,06:57:25.909,999,1746,666383476,31,3362,468,666383467,7201,13293,1733,666383486,25,3244,731,666383537,26,3230,1148,666383599,26,3391,1637,666383641,20,3380,196221,666382562,7211,13358,1214,666382565,28,3352,
2026-09-30,06:57:26.908,999,2614,666352989,57,3493,1520,666353003,7801,13420,2747,666353030,44,3401,2017,666352991,43,3355,2970,666353020,42,3540,1676,666353042,43,3502,188854,666353136,7816,13507,2231,666353137,46,3507,
2026-09-30,06:57:27.909,1000,1079,667045407,38,3361,528,667045427,7519,13313,641,667045475,35,3241,728,667045493,32,3235,638,667045485,31,3385,1053,667045431,33,3372,191483,667045466,7540,13360,1539,667045499,38,3350,
2026-09-30,06:57:28.909,999,643,666377626,16,3293,455,666377690,6998,13239,387,666377660,11,3162,126,666377659,7,3150,255,666377611,12,3334,82,666377707,10,3317,198190,666376610,6991,13298,1360,666376626,18,3317,
2026-09-30,06:57:29.909,999,1498,666384064,21,3313,411,666384075,7190,13233,991,666384094,11,3168,174,666384141,12,3164,361,666384125,15,3341,151,666384210,10,3323,197925,666383284,7191,13287,527,666383239,14,3308,
2026-09-30,06:57:30.908,999,1396,666387268,42,3374,1301,666387274,7648,13337,1017,666387294,35,3267,1181,666387295,36,3257,1033,666387312,37,3394,630,666386528,28,3356,191004,666386549,7649,13359,1209,666386476,42,3375,
2026-09-30,06:57:31.909,1000,1971,667048607,50,3392,1977,667048608,7582,13360,1005,667048598,43,3279,1409,667048629,51,3303,1701,667048592,47,3408,1095,667048707,48,3427,191090,667047888,7599,13417,1504,667047850,46,3429,
2026-09-30,06:57:32.909,999,2971,666338339,31,3405,1728,666338272,7807,13356,1326,666338236,19,3285,2402,666338250,20,3296,2044,666338239,21,3446,2248,666338252,20,3406,189847,666338298,7814,13403,2211,666338289,24,3430,
2026-09-30,06:57:33.908,999,840,666373005,27,3325,1017,666372940,7306,13255,146,666372979,18,3185,406,666373020,9,3168,395,666373052,14,3323,388,666373079,12,3320,196484,666373080,7309,13300,485,666373031,23,3318,
2026-09-30,06:57:34.909,1000,1926,667040449,69,3419,1177,667040433,7161,13361,1091,667039735,62,3264,922,667039751,55,3271,1172,667039743,61,3426,609,667039700,66,3422,193643,667039767,7183,13388,1345,667039751,60,3430,
2026-09-30,06:57:35.909,999,953,666375167,38,3312,936,666375161,8023,13266,621,666375210,25,3219,413,666375224,27,3210,667,666375224,26,3313,338,666375201,19,3298,187687,666374419,8025,13300,1280,666374408,28,3279,
2026-09-30,06:57:36.909,999,801,666330827,33,3319,725,666330884,7889,13258,474,666330880,23,3207,350,666330870,27,3203,812,666330853,31,3319,1046,666330228,23,3299,191382,666330253,7909,13333,1299,666330374,28,3323,
2026-09-30,06:57:37.909,1000,1968,667050626,34,3373,632,667050700,7241,13341,387,667050665,24,3233,1607,667050693,33,3254,730,667050681,34,3423,1017,667050662,33,3403,196465,667050693,7244,13407,1196,667049877,37,3406,
2026-09-30,06:57:38.910,1000,1916,667044332,48,3371,480,667044280,7825,13279,609,667044332,37,3252,633,667044323,43,3225,620,667044314,32,3366,422,667043694,36,3349,192298,667043685,7837,13351,1526,667043648,42,3363,
2026-09-30,06:57:39.910,999,828,666383244,28,3277,481,666383222,7826,13216,176,666383318,14,3181,186,666383317,13,3153,466,666383317,23,3306,702,666383307,14,3286,188099,666382638,7829,13272,701,666382656,22,3294,
2026-09-30,06:57:40.909,999,1362,666382116,29,3407,1421,666382088,7338,13358,1352,666382067,16,3280,1154,666382063,16,3268,1120,666382069,17,3439,1741,666381390,18,3396,192648,666381378,7350,13408,1652,666381312,26,3425,
2026-09-30,06:57:41.910,1000,624,667070866,27,3281,205,667070898,7430,13244,166,667070906,14,3183,113,667070880,10,3149,75,667070901,12,3304,53,667070905,7,3293,192834,667071035,7425,13305,811,667071041,25,3302,
2026-09-30,06:57:42.910,999,2168,666346920,51,3361,1483,666346891,7899,13279,1051,666346925,38,3270,988,666346851,30,3235,1379,666346885,34,3367,1109,666346975,35,3347,189591,666347104,7901,13356,1095,666347140,40,3359,
2026-09-30,06:57:43.910,999,1218,666390346,43,3325,1186,666390373,7537,13293,1494,666390412,26,3241,883,666390418,19,3200,1368,666390397,25,3372,715,666390403,30,3337,190074,666390414,7557,13330,442,666390569,30,3343,
2026-09-30,06:57:44.909,999,1073,666401465,61,3335,324,666401415,7706,13249,550,666401423,35,3217,464,666401468,38,3223,449,666401433,38,3339,735,666401529,32,3340,190734,666401593,7711,13343,987,666401669,46,3334,
2026-09-30,06:57:45.910,1000,855,667021710,31,3327,313,667020975,7266,13295,1388,667020894,28,3231,313,667020878,22,3189,662,667020863,25,3374,461,667020814,19,3350,195532,667020912,7258,13349,620,667020887,33,3350,
2026-09-30,06:57:46.910,999,130156,666361417,389,12380,125934,666361462,8082,22337,116261,666361513,353,12176,122783,666361536,364,12156,127775,666361575,369,12189,123427,666361591,363,12273,319605,666361725,8092,22286,119682,666361904,391,12416,
2026-09-30,06:57:47.909,999,14587,666355460,125,4440,11546,666355429,7206,14331,13060,666355402,97,4311,15129,666355409,110,4261,13999,666355425,100,4443,11328,666355359,99,4398,208911,666355362,7188,14417,12345,666355384,107,4392,
2026-09-30,06:57:48.910,1000,4020,667023348,77,3670,5236,667023363,8187,13634,2455,667023361,71,3541,4378,667023377,76,3577,3614,667023408,68,3672,3584,667023373,64,3650,189155,667022574,8190,13686,5068,667022562,87,3656,
2026-09-30,06:57:49.910,999,1937,666382073,76,3429,952,666382023,7562,13378,1417,666382083,50,3313,1182,666382078,60,3297,1103,666382063,46,3413,804,666381281,44,3402,192136,666381260,7565,13406,1706,666381297,58,3415,
2026-09-30,06:57:50.910,999,4733,666377828,114,3685,3690,666377845,7893,13605,4068,666377879,92,3573,3829,666377917,92,3526,3286,666377945,106,3657,2701,666378022,96,3648,191829,666377106,7929,13605,6327,666377157,102,3659,
2026-09-30,06:57:51.910,1000,2498,667032553,68,3560,4230,667032621,7515,13519,2863,667032584,68,3469,2893,667032599,65,3424,1689,667032566,60,3572,2863,667032508,56,3562,195980,667032549,7506,13586,2551,667031918,57,3553,
2026-09-30,06:57:52.910,999,1785,666390144,55,3410,1494,666390135,7757,13390,1441,666390130,48,3322,1113,666390108,48,3295,1415,666390130,45,3441,1547,666390181,46,3404,193170,666389469,7731,13419,1431,666389439,50,3425,
2026-09-30,06:57:53.910,999,38634,666383298,183,5947,37531,666383325,7811,15907,32338,666383318,185,5814,32036,666383330,184,5783,35789,666383359,208,5948,34532,666382496,156,5945,229387,666382492,7826,15954,40206,666382354,187,5992,
2026-09-30,06:57:54.910,999,9567,666380351,193,4308,9620,666380393,7697,14304,8674,666380427,191,4237,8775,666380453,175,4149,7846,666380501,192,4284,7623,666380479,194,4277,202960,666380460,7728,14268,9487,666380350,202,4353,
2026-09-30,06:57:55.910,1000,4339,667042001,102,3617,2841,667041991,7353,13538,2809,667041955,85,3474,2694,667042007,86,3477,2931,667041985,72,3583,3510,667042070,82,3604,198498,667041340,7348,13610,3103,667041322,90,3588,
2026-09-30,06:57:56.910,999,2874,666393999,95,3669,3765,666393950,7797,13606,4270,666393946,65,3566,3742,666393927,51,3532,3728,666393955,57,3684,4093,666394105,57,3709,188919,666393408,7808,13669,5696,666393336,76,3699,
2026-09-30,06:57:57.910,999,653,666385287,53,3337,402,666385289,7353,13284,940,666385288,41,3226,1217,666385304,30,3231,297,666385359,29,3357,377,666385395,33,3356,193548,666385539,7382,13337,1161,666385509,40,3335,
2026-09-30,06:57:58.910,1000,1471,667046931,53,3384,863,667046916,6897,13338,585,667046919,38,3233,827,667046947,34,3222,445,667046971,43,3422,508,667046962,38,3398,199966,667046963,6903,13391,747,667046961,38,3375,
2026-09-30,06:57:59.910,999,3679,666380044,90,3594,3095,666380057,7584,13574,2629,666380039,69,3472,2006,666380020,72,3429,3494,666379997,69,3596,2310,666380060,65,3581,194870,666380070,7598,13548,4086,666380048,77,3584,
2026-09-30,06:58:00.910,999,1038,666399339,65,3397,1775,666399344,7347,13355,832,666399327,49,3302,2538,666399347,42,3294,1630,666399386,53,3440,1541,666399327,38,3421,192653,666399325,7333,13384,1719,666399320,55,3438,
2026-09-30,06:58:01.910,999,1645,666396466,67,3434,1737,666396479,7435,13398,1812,666396459,45,3323,1545,666396456,46,3285,2135,666396505,31,3444,1367,666396452,52,3460,197072,666396511,7432,13428,1800,666396470,52,3440,
2026-09-30,06:58:02.910,1000,5672,667060279,71,3655,4190,667060260,7622,13586,4005,667060262,57,3517,5189,667060289,49,3529,5374,667060212,61,3667,4428,667060118,56,3650,197216,667060036,7617,13671,5663,667060014,85,3653,
2026-09-30,06:58:03.910,999,970,666397637,41,3331,333,666397587,7002,13266,803,666397518,36,3221,468,666397556,22,3183,607,666397524,32,3373,548,666397444,19,3350,196365,666397480,7006,13323,360,666397399,35,3331,
2026-09-30,06:58:04.910,999,5904,666292625,107,3800,4768,666292697,7456,13739,5599,666292717,98,3650,4894,666292722,96,3611,5145,666292714,101,3768,4996,666292654,92,3779,197815,666292613,7486,13762,5900,666292637,108,3789,
2026-09-30,06:58:05.910,1000,1972,667010538,57,3485,844,667010560,7434,13406,1378,667010529,43,3347,1007,667010500,44,3294,1382,667010498,42,3468,1725,667010427,41,3476,195217,667010416,7390,13456,2408,667010377,58,3451,
2026-09-30,06:58:06.910,999,2886,666387517,79,3506,2740,666387565,7214,13428,2017,666387542,56,3343,2153,666387552,57,3332,2451,666387599,48,3513,3599,666387643,47,3479,194996,666386913,7271,13490,2968,666386939,62,3485,
2026-09-30,06:58:07.910,999,1393,666377134,55,3389,801,666377145,7361,13324,1084,666377178,38,3254,845,666377215,41,3240,930,666377209,34,3389,651,666377281,33,3377,191542,666377282,7395,13360,1229,666377357,42,3375,
2026-09-30,06:58:08.910,999,2257,666394105,44,3442,1302,666394129,7289,13404,2361,666394130,35,3353,2235,666394158,42,3327,2302,666394176,36,3509,3043,666394284,32,3495,197888,666393420,7279,13473,2257,666393334,36,3443,
2026-09-30,06:58:09.910,1000,1058,667032521,42,3357,681,667032550,7314,13310,576,667032536,25,3209,1274,667032541,33,3238,551,667032509,31,3397,383,667032468,35,3371,194979,667032386,7334,13366,1137,667032408,43,3374,
2026-09-30,06:58:10.910,999,1222,666362367,52,3364,1711,666362338,7582,13316,955,666362297,36,3244,1095,666361647,29,3218,680,666361630,35,3377,580,666361640,32,3376,190796,666361664,7591,13380,1317,666361587,47,3371,
2026-09-30,06:58:11.910,999,716,666387906,39,3335,969,666387914,7076,13294,668,666387931,31,3217,375,666387928,28,3204,208,666387967,27,3366,745,666387879,27,3362,194070,666387855,7082,13332,1078,666387959,45,3370,
2026-09-30,06:58:12.911,1000,1214,667039299,43,3347,722,667039281,7111,13313,631,667039361,20,3212,751,667039384,32,3221,593,667039470,25,3371,625,667038594,22,3369,196786,667038562,7116,13347,773,667038550,39,3354,
2026-09-30,06:58:13.910,999,544,666381676,30,3303,256,666381623,7240,13239,207,666381662,15,3178,254,666381638,18,3179,364,666381669,17,3320,133,666379851,14,3311,194536,666379924,7256,13307,580,666379838,32,3319,
2026-09-30,06:58:14.910,999,1828,666362603,81,3443,1427,666362582,7128,13356,1018,666362551,71,3303,684,666362586,54,3295,1109,666362596,61,3467,789,666361781,50,3417,194101,666361826,7146,13415,1320,666361790,71,3427,
2026-09-30,06:58:15.911,1000,1764,667048967,51,3434,1263,667048998,7518,13379,1193,667049056,44,3334,1723,667049041,48,3342,2008,667049057,38,3462,1464,667048209,44,3464,193775,667048197,7496,13423,1109,667048183,52,3407,
2026-09-30,06:58:16.911,1000,2071,667021500,37,3397,675,667021524,6960,13328,1656,667021529,27,3247,324,667021533,29,3213,723,667021541,34,3450,634,667021522,29,3419,201256,667021514,6969,13403,1484,667021507,41,3424,
2026-09-30,06:58:17.911,999,17067,666377577,58,4055,15867,666377561,7606,13969,17116,666377486,52,3940,15675,666377503,44,3967,13811,666377493,41,4089,15308,666377564,51,4054,206051,666376747,7629,14061,14024,666376704,49,4080,
2026-09-30,06:58:18.911,999,17389,666384035,43,3906,13141,666384043,7063,13812,12237,666384028,36,3733,12686,666383996,40,3728,14418,666383991,31,3916,13124,666384028,23,3914,208168,666384035,7077,13866,14208,666383957,35,3879,
2026-09-30,06:58:19.912,1000,1395,667055009,49,3407,1694,667054944,7033,13371,1049,667054996,44,3290,739,667054978,42,3263,1809,667054996,43,3478,785,667053880,38,3426,198869,667053855,7015,13424,1318,667053767,45,3411,
2026-09-30,06:58:20.911,999,1679,666375692,46,3356,1673,666375756,7308,13324,938,666375813,29,3221,650,666375759,22,3208,660,666375711,31,3381,377,666375840,24,3359,191751,666375860,7303,13337,1574,666375874,42,3373,
2026-09-30,06:58:21.911,999,2394,666380460,49,3407,1923,666380471,7507,13368,1060,666380454,40,3299,1035,666380419,45,3292,1261,666380422,38,3443,1204,666378886,33,3420,190351,666378992,7525,13395,1138,666378992,43,3404,
2026-09-30,06:58:22.911,999,1340,666386642,33,3363,992,666386650,6802,13304,907,666386687,36,3226,479,666386675,39,3215,997,666386695,24,3405,580,666386716,30,3392,202971,666386682,6812,13391,1936,666386578,31,3392,
2026-09-30,06:58:23.911,1000,1284,667007796,32,3327,572,667007799,7279,13286,340,667007784,22,3213,819,667007821,24,3224,777,667007763,28,3354,338,667007867,20,3335,193772,667007230,7287,13344,1391,667007346,36,3354,
2026-09-30,06:58:24.911,999,7302,666378163,91,3676,7947,666378259,6904,13679,5374,666378310,106,3568,6818,666378344,102,3576,6785,666378374,105,3764,6463,666378328,101,3756,205029,666378368,6899,13713,4907,666377675,114,3695,
2026-09-30,06:58:25.911,999,591,666384686,26,3279,640,666384757,7754,13239,270,666384728,20,3179,465,666384752,21,3172,309,666384795,18,3300,179,666384854,19,3284,185492,666384100,7746,13270,650,666384010,36,3305,
2026-09-30,06:58:26.912,1000,3135,667052395,42,3453,2447,667052467,7602,13407,2844,667052534,25,3344,2046,667052545,28,3318,1970,667052556,24,3490,2385,667052576,38,3502,191135,667052736,7591,13469,1900,667052712,29,3462,
2026-09-30,06:58:27.911,999,1169,666375895,62,3401,1115,666375899,7511,13355,1173,666375988,42,3299,1463,666376026,53,3294,964,666376075,49,3447,923,666376087,49,3435,192908,666376034,7509,13418,1252,666376057,52,3436,
2026-09-30,06:58:28.911,999,1259,666394808,26,3297,408,666394856,7401,13226,169,666394815,9,3171,72,666394825,13,3161,102,666394796,8,3303,53,666394933,11,3307,193034,666394997,7431,13277,650,666395073,18,3295,
2026-09-30,06:58:29.911,999,902,666401417,32,3320,483,666401470,7496,13258,652,666401489,22,3198,324,666401499,16,3176,521,666401547,17,3324,444,666401539,14,3308,194223,666401557,7472,13306,463,666401817,23,3289,
2026-09-30,06:58:30.912,1000,1250,667062916,26,3339,1057,667062911,7019,13295,414,667062916,26,3199,1004,667062922,20,3202,501,667062967,23,3371,964,667062907,23,3357,193601,667062994,7044,13370,845,667063093,25,3364,
2026-09-30,06:58:31.911,999,749,666384088,41,3303,260,666384097,7717,13237,286,666384078,25,3203,277,666384090,22,3190,214,666384104,25,3310,571,666384245,24,3308,187081,666384397,7731,13272,568,666384567,36,3302,
2026-09-30,06:58:32.911,999,4498,666350100,48,3489,2963,666350143,7654,13453,2580,666350191,34,3399,3233,666350175,38,3408,2288,666350185,29,3504,4160,666350154,36,3511,192987,666350126,7685,13485,2820,666350138,29,3477,
2026-09-30,06:58:33.912,1000,1143,667051957,32,3319,143,667051981,7249,13252,707,667051972,21,3196,134,667051942,16,3173,246,667051885,17,3329,394,667051877,25,3342,192545,667050972,7258,13318,632,667050933,17,3319,
2026-09-30,06:58:34.912,999,1810,666357522,59,3391,1013,666357420,7244,13340,637,666357424,63,3288,1479,666357412,64,3281,1356,666357378,57,3423,1089,666357360,53,3418,194350,666357345,7235,13377,926,666357312,65,3403,
2026-09-30,06:58:35.911,999,931,666377549,37,3325,999,666377543,7336,13285,222,666377528,24,3187,557,666377501,23,3198,453,666377498,19,3349,291,666377597,23,3347,194428,666377641,7321,13319,434,666377053,38,3331,
2026-09-30,06:58:36.912,1000,1365,667040940,26,3361,565,667040923,7354,13298,597,667040898,21,3231,433,667040909,30,3230,504,667040957,22,3377,408,667041007,21,3357,193141,667041021,7336,13360,724,667041104,25,3365,
2026-09-30,06:58:37.913,1000,562,667047117,21,3294,406,667047162,7487,13243,127,667047179,15,3185,145,667047243,17,3170,176,667047171,18,3313,149,667047138,12,3301,191566,667047148,7481,13299,593,667046612,27,3307,
2026-09-30,06:58:38.912,999,1470,666377902,46,3416,1129,666377873,6975,13345,1588,666377908,39,3290,1111,666377939,35,3259,2283,666377938,36,3484,1794,666377029,37,3439,201163,666376955,6983,13424,2290,666377039,38,3435,
2026-09-30,06:58:39.912,999,887,666375465,36,3342,872,666375509,6861,13294,298,666375422,23,3210,212,666375464,21,3205,421,666375501,22,3395,732,666373833,15,3378,198282,666373761,6883,13338,394,666373719,38,3364,
2026-09-30,06:58:40.913,1000,674,667047274,33,3308,253,667047266,7064,13263,107,667047212,15,3180,360,667047205,14,3167,139,667047223,18,3345,110,667046539,15,3329,199004,667046499,7058,13325,370,667046497,23,3304,
2026-09-30,06:58:41.913,999,1455,666374916,48,3362,613,666374912,7819,13291,781,666374938,27,3255,860,666374916,19,3229,2019,666374915,24,3342,691,666375016,24,3330,190278,666375007,7799,13338,743,666375014,37,3334,
2026-09-30,06:58:42.912,999,1755,666389028,39,3333,1053,666389016,7707,13276,817,666389058,23,3219,1066,666389096,19,3225,489,666389094,27,3343,895,666389229,20,3329,193757,666389288,7701,13331,1172,666389208,44,3357,
2026-09-30,06:58:43.912,999,2035,666403446,46,3372,1610,666403442,7808,13314,1305,666403403,36,3261,1358,666403403,33,3266,1850,666403326,32,3422,990,666403353,31,3368,190457,666403261,7793,13361,1672,666403252,43,3398,
2026-09-30,06:58:44.913,1000,848,667055048,62,3401,1056,667055101,7415,13371,1859,667055165,54,3329,1569,667055208,46,3303,1298,667055234,32,3418,897,667055235,40,3430,192159,667055277,7386,13408,1324,667055381,62,3414,
2026-09-30,06:58:45.913,999,1187,666397627,37,3368,1345,666397660,7188,13316,2480,666397620,27,3248,511,666397601,27,3225,867,666397636,31,3407,434,666397719,20,3379,196820,666397740,7206,13361,1234,666397711,37,3379,
2026-09-30,06:58:46.912,999,819,666397480,30,3343,198,666397384,6824,13265,575,666397391,20,3192,337,666397425,15,3166,658,666397397,21,3362,256,666397399,25,3363,198218,666397497,6825,13324,732,666397624,21,3354,
2026-09-30,06:58:47.913,1000,1146,667063292,63,3394,1204,667063242,7530,13349,1232,667063252,32,3252,1378,667063290,34,3240,734,667063247,46,3404,1153,667063287,29,3370,190372,667063269,7536,13374,1131,667063314,41,3380,
2026-09-30,06:58:48.913,999,3080,666368296,43,3458,3138,666368283,7836,13411,2072,666368266,23,3315,1864,666368260,33,3351,2850,666368293,20,3449,2029,666368360,29,3430,189046,666368354,7830,13426,2240,666367508,38,3446,
2026-09-30,06:58:49.913,999,4134,666391086,83,3604,3287,666391097,7575,13534,3739,666391069,46,3496,4224,666391076,63,3483,2792,666391097,59,3624,4456,666390993,53,3607,194837,666391026,7589,13570,4163,666391037,63,3600,
2026-09-30,06:58:50.912,999,565,666392923,30,3330,430,666392893,6559,13281,199,666392972,28,3190,947,666393001,26,3182,164,666392997,23,3380,327,666393050,30,3380,200531,666393063,6561,13334,714,666393022,27,3349,
2026-09-30,06:58:51.913,1000,947,667045855,37,3367,2046,667045853,6874,13338,940,667045870,28,3227,441,667045871,26,3214,581,667045843,32,3416,712,667045840,31,3407,199371,667045094,6896,13385,863,667045045,31,3389,
2026-09-30,06:58:52.913,999,854,666382380,18,3309,884,666382362,6995,13258,197,666382328,10,3168,324,666382315,12,3165,106,666382248,10,3333,103,666382301,12,3315,197836,666381628,7002,13307,509,666381710,16,3323,
2026-09-30,06:58:53.912,999,1133,666372902,27,3314,817,666372950,6919,13277,338,666372966,18,3184,186,666372961,12,3170,199,666372947,18,3348,242,666372973,13,3349,197774,666372932,6912,13323,736,666372855,20,3350,
2026-09-30,06:58:54.912,999,2197,666349846,72,3517,2763,666349925,7063,13494,1927,666349877,65,3416,2580,666349872,56,3406,2581,666349874,60,3584,1950,666349760,47,3570,201078,666349837,7022,13515,2179,666349841,72,3543,
2026-09-30,06:58:55.913,1000,43537,667105240,121,6256,40485,667105311,7411,16108,41261,667105306,116,6055,43761,667105263,127,6044,41575,667105259,111,6246,44379,667105163,109,6199,236622,667105186,7424,16113,40551,667105307,135,6228,
2026-09-30,06:58:56.913,999,2678,666373004,49,3515,1668,666373028,7287,13441,1707,666373045,30,3353,1998,666373063,42,3358,2786,666373118,39,3541,2464,666373273,41,3509,195754,666373350,7309,13503,2434,666373348,53,3511,
2026-09-30,06:58:57.912,999,516,666390497,32,3321,506,666390575,6951,13275,211,666390599,28,3200,716,666390568,16,3162,171,666390552,23,3358,456,666390621,22,3351,196901,666390677,6990,13331,338,666390687,25,3328,
2026-09-30,06:58:58.913,1000,521,667049362,32,3321,367,667049454,6931,13274,407,667049440,12,3180,140,667049469,13,3175,1086,667049407,21,3371,514,667049478,16,3346,196383,667049540,6929,13319,397,667049519,33,3339,
2026-09-30,06:58:59.913,999,892,666365029,40,3312,267,666364970,7551,13237,501,666365007,20,3189,759,666364998,27,3200,270,666364985,16,3326,260,666364971,19,3319,191934,666364927,7541,13288,716,666364843,34,3305,
2026-09-30,06:59:00.913,999,3041,666370169,59,3443,1723,666370182,7151,13416,1637,666370153,49,3326,1587,666370170,39,3321,1299,666370163,40,3461,1734,666369465,44,3458,195342,666369480,7167,13467,2138,666369545,49,3467,
2026-09-30,06:59:01.912,999,132949,666339486,491,12686,126040,666339508,7254,22482,133566,666339479,477,12524,124243,666339513,498,12484,126738,666339593,485,12683,128300,666339658,489,12680,324875,666339708,7245,22852,129190,666339704,476,12685,
2026-09-30,06:59:02.913,1000,152694,667069245,288,12669,135892,667069263,7568,22620,143868,667069248,285,12659,137260,667069280,289,12729,149454,667069361,301,12650,144972,667068367,291,12795,349261,667068307,7560,22829,140176,667068239,302,12812,
2026-09-30,06:59:03.913,999,15955,666384142,136,4354,11705,666384181,7010,14249,12799,666384119,122,4104,13077,666384120,118,4131,13993,666384113,127,4388,12900,666384078,126,4304,211076,666384088,7058,14345,11826,666384143,138,4361,
2026-09-30,06:59:04.912,999,22649,666338944,199,5150,24832,666338970,6928,15253,24845,666338927,218,5092,23332,666338920,200,5013,25117,666339012,207,5318,25712,666338479,200,5257,224396,666338524,6916,15226,23066,666338536,213,5279,
2026-09-30,06:59:05.913,1000,14075,667056693,102,4288,14833,667056684,7265,14268,12384,667056710,75,4183,11905,667056652,87,4140,15025,667056641,92,4323,15542,667056646,76,4349,210197,667055927,7280,14335,14350,667055901,97,4283,
2026-09-30,06:59:06.913,999,34319,666390959,181,5801,34909,666391007,7305,15755,31954,666390991,142,5663,30812,666390992,151,5614,30736,666391017,163,5831,32908,666391077,136,5867,232079,666390410,7303,15809,30680,666390373,160,5689,
2026-09-30,06:59:07.913,999,21128,666366900,201,4524,19264,666366922,7410,14481,20063,666366894,184,4369,17215,666366892,190,4381,18022,666366935,182,4530,21011,666367025,174,4570,214792,666367183,7458,14575,19131,666367312,197,4504,
2026-09-30,06:59:08.913,1000,5506,667022676,67,3773,4925,667022708,6913,13725,4496,667022711,59,3625,5354,667022681,69,3615,5038,667022643,63,3816,4873,667021657,67,3817,204645,667021612,6898,13779,6845,667021558,74,3805,
2026-09-30,06:59:09.914,1000,1613,667036605,63,3441,1666,667036581,7287,13373,1154,667036563,50,3299,1065,667036599,45,3277,516,667036550,43,3432,1058,667036575,47,3454,192966,667036585,7313,13434,1081,667036532,58,3418,
2026-09-30,06:59:10.914,999,7186,666377294,104,3811,6398,666377371,7698,13800,6557,666377426,90,3708,6783,666377447,87,3719,6182,666377480,86,3901,6065,666377565,97,3842,200088,666376839,7685,13828,7667,666376829,93,3839,
2026-09-30,06:59:11.913,999,2870,666360241,74,3508,1954,666360275,7207,13465,2016,666360268,52,3386,2173,666360263,51,3375,2737,666360261,64,3564,2662,666360199,57,3544,193284,666360323,7211,13536,3043,666360351,77,3545,
2026-09-30,06:59:12.914,1000,4150,667043271,64,3644,4202,667043284,7225,13617,3654,667043283,52,3566,4605,667043263,65,3587,3712,667043281,49,3659,3688,667043367,51,3663,196435,667043423,7237,13682,3817,667042161,74,3692,
2026-09-30,06:59:13.914,999,1856,666385678,80,3491,1749,666385692,6911,13439,1853,666385742,56,3355,2169,666385728,52,3372,1171,666385735,56,3555,1885,666385780,66,3568,198345,666385795,6930,13538,1437,666384937,65,3482,
2026-09-30,06:59:14.914,999,4453,666320440,152,3774,4700,666320497,7337,13712,4846,666320519,139,3632,4872,666320525,142,3615,4399,666320672,130,3776,4744,666320534,132,3736,200301,666319661,7333,13759,4229,666319627,141,3769,
2026-09-30,06:59:15.914,1000,3084,667023560,75,3534,2044,667023585,7188,13478,2030,667023576,55,3359,1574,667023597,70,3370,3048,667023598,65,3533,1387,667023582,56,3521,194748,667023623,7165,13485,4017,667023591,73,3516,
2026-09-30,06:59:16.914,999,2322,666387921,59,3456,1225,666387934,7297,13393,2112,666387962,50,3313,1459,666387951,55,3311,1678,666387878,47,3486,1067,666387896,45,3477,195713,666387816,7287,13466,2124,666387868,65,3473,
2026-09-30,06:59:17.914,999,2474,666379427,61,3494,1726,666379442,7214,13458,1999,666379421,60,3403,2700,666379398,58,3394,1897,666379365,51,3535,1479,666378595,50,3510,197497,666378591,7250,13531,3111,666378623,53,3526,
2026-09-30,06:59:18.914,1000,5121,667029631,48,3616,5051,667029579,7003,13573,4926,667029550,53,3484,4807,667029526,40,3449,5786,667029529,32,3637,5185,667029516,44,3634,204194,667029481,6986,13625,4411,667029506,48,3637,
2026-09-30,06:59:19.914,999,2447,666365822,74,3492,2183,666365777,7286,13493,3621,666365721,69,3436,3102,666365695,65,3417,2185,666365686,76,3583,2383,666365612,70,3585,197487,666365698,7309,13533,2825,666365703,83,3554,
2026-09-30,06:59:20.914,999,3306,666383914,70,3491,2602,666383868,7222,13445,2163,666383920,58,3356,2980,666383904,50,3355,2085,666383895,60,3522,2249,666383974,50,3521,198227,666383162,7241,13481,2446,666383022,72,3491,
2026-09-30,06:59:21.914,999,997,666384829,37,3377,769,666384778,6909,13305,720,666384761,29,3247,415,666384768,30,3212,318,666384793,20,3397,1061,666383323,22,3378,200665,666383404,6922,13383,930,666383382,37,3387,
2026-09-30,06:59:22.914,1000,2830,667024787,62,3459,2140,667024761,6912,13417,1480,667024784,38,3320,1308,667024806,50,3311,870,667024804,40,3490,847,667024864,57,3486,198596,667024862,6917,13508,2153,667024839,49,3497,
2026-09-30,06:59:23.914,999,1326,666367507,45,3378,1765,666367444,7053,13337,1098,666367467,27,3275,1338,666367478,31,3252,1334,666367486,33,3429,1141,666367563,35,3399,196939,666367579,7059,13415,1823,666367567,38,3423,
2026-09-30,06:59:24.914,999,1787,666376877,77,3430,1111,666376860,7363,13396,1974,666376884,61,3290,1174,666376887,69,3314,1269,666376885,63,3431,1516,666376068,57,3430,195072,666376120,7379,13400,1985,666376123,67,3429,
2026-09-30,06:59:25.915,1000,2125,667105058,49,3434,1043,667105101,7114,13356,1446,667105102,38,3295,1379,667105089,25,3278,881,667105099,31,3432,969,667105161,29,3446,198537,667104573,7108,13427,2698,667104512,43,3431,
2026-09-30,06:59:26.914,999,1829,666382253,46,3377,820,666382254,7743,13291,1381,666382250,32,3267,809,666382243,39,3249,874,666382251,37,3371,675,666382365,34,3358,189486,666382398,7766,13344,942,666382303,42,3342,
2026-09-30,06:59:27.914,999,1488,666384132,54,3422,1583,666384175,6606,13373,976,666384173,36,3280,741,666384147,44,3290,813,666384157,39,3483,1087,666384218,42,3487,198534,666383277,6623,13445,1564,666383296,54,3460,
2026-09-30,06:59:28.914,999,1363,666373395,38,3372,1202,666373438,7530,13331,659,666373352,38,3274,857,666373359,33,3242,1279,666373404,33,3393,1376,666372633,32,3370,194250,666372717,7538,13346,1682,666372679,47,3389,
2026-09-30,06:59:29.914,1000,803,667045759,32,3325,513,667045800,6852,13276,142,667045842,14,3188,146,667045815,13,3171,213,667045836,12,3356,134,667044907,13,3346,201623,667044993,6872,13328,585,667045124,24,3335,
2026-09-30,06:59:30.914,999,1865,666392739,56,3420,2072,666392779,7338,13341,870,666392772,43,3277,2218,666392785,34,3274,1778,666392795,41,3438,1859,666392822,42,3420,197088,666391980,7327,13413,1949,666391970,49,3406,
2026-09-30,06:59:31.914,999,639,666401603,31,3336,673,666401623,7329,13272,1097,666401604,22,3198,308,666401591,25,3192,384,666401571,19,3344,866,666400585,21,3333,196413,666400628,7346,13349,775,666400691,26,3319,
2026-09-30,06:59:32.914,999,1718,666390115,34,3379,1062,666390090,7081,13307,498,666390122,36,3235,417,666390134,38,3226,922,666390140,29,3405,1387,666390197,35,3402,197135,666390219,7079,13380,858,666390140,29,3362,
2026-09-30,06:59:33.914,1000,5123,667066424,59,3565,5302,667066410,7102,13557,4029,667066407,40,3446,2826,667066356,38,3443,4530,667066342,37,3585,3243,667066298,48,3614,195093,667066197,7092,13585,3404,667066102,49,3610,
2026-09-30,06:59:34.914,999,918,666435731,63,3382,655,666435795,6962,13341,1316,666435824,48,3244,1026,666435830,50,3260,567,666435863,49,3438,500,666435804,40,3417,195434,666435868,6983,13399,1297,666435871,52,3397,
2026-09-30,06:59:35.914,999,810,666351313,38,3356,513,666351295,6774,13278,174,666351350,18,3184,248,666351339,23,3192,211,666351290,24,3384,494,666351311,24,3373,200219,666350397,6789,13362,1019,666350499,26,3365,
2026-09-30,06:59:36.915,1000,1227,667049569,34,3400,1883,667049578,7359,13315,1372,667049601,33,3250,573,667048912,25,3224,1215,667048901,20,3389,2548,667048985,26,3361,195239,667048963,7394,13381,1378,667048940,35,3375,
2026-09-30,06:59:37.915,1000,161119,667050043,346,14097,152372,667050038,7419,23945,156825,667050063,341,13847,155452,667050061,333,13755,162270,667050052,361,13940,160798,667049996,333,14026,356697,667050045,7397,23961,151605,667050108,389,14073,
2026-09-30,06:59:38.915,999,17216,666376176,105,4256,18354,666376235,7256,14217,14850,666376302,77,4103,15872,666376295,81,4141,17565,666376359,83,4280,14229,666376342,80,4295,211346,666375389,7230,14241,19831,666375410,98,4302,
2026-09-30,06:59:39.915,999,21200,666372442,158,4491,18720,666372415,7504,14489,19604,666372341,128,4389,20295,666372268,136,4375,20194,666372302,140,4544,20265,666372283,133,4500,212607,666372362,7511,14490,22122,666372392,136,4564,
2026-09-30,06:59:40.916,1000,2924,667026036,96,3544,2457,667025962,7337,13496,2200,667025998,74,3430,2229,667026008,63,3413,2368,667025977,71,3556,1761,667025901,62,3567,196635,667025868,7349,13535,2017,667025913,80,3549,
2026-09-30,06:59:41.915,999,20035,666385371,121,4584,15860,666385401,7437,14427,15771,666385431,136,4405,17271,666385428,125,4354,17178,666385398,127,4546,18233,666384813,127,4504,211210,666384819,7446,14530,17838,666384820,130,4528,
2026-09-30,06:59:42.915,999,32295,666386749,140,5730,28170,666386667,7778,15737,31978,666385899,128,5685,29401,666385883,121,5694,30150,666385886,116,5840,29519,666385934,122,5750,220651,666385820,7766,15699,29088,666385795,145,5725,
2026-09-30,06:59:43.915,999,4089,666370347,75,3505,2541,666370337,6801,13447,1341,666370304,60,3334,1396,666370293,62,3333,2482,666370332,59,3547,2001,666370362,54,3540,201816,666370365,6804,13521,2423,666370369,74,3535,
2026-09-30,06:59:44.916,1000,10193,667047597,185,4148,9759,667047001,7142,14091,8325,667046949,179,4002,7973,667046925,171,3985,9618,667046937,184,4183,7394,667046943,156,4112,203593,667046871,7158,14097,10419,667046893,174,4167,
2026-09-30,06:59:45.915,999,2687,666385576,78,3498,1900,666385578,7410,13469,2563,666385572,59,3399,2549,666385572,60,3400,2382,666385679,62,3562,2353,666385047,65,3533,193419,666384920,7429,13503,2289,666384872,69,3496,
2026-09-30,06:59:46.915,999,2980,666385935,82,3578,2757,666386010,7163,13484,2794,666386035,48,3408,2011,666386057,52,3381,2236,666386102,65,3550,2105,666386106,61,3539,197150,666386043,7123,13545,4349,666386130,65,3568,
2026-09-30,06:59:47.916,1000,7456,667021118,102,3632,4503,667021135,7982,13618,2650,667021175,98,3513,4593,667021144,83,3520,3455,667021147,95,3619,3272,667021148,87,3595,190258,667021058,8011,13634,6043,667021003,96,3627,
2026-09-30,06:59:48.915,999,9160,666357621,83,3790,9138,666357571,7279,13713,7118,666357485,63,3618,7388,666357444,51,3598,7052,666357460,53,3807,7825,666357513,62,3768,202288,666357579,7310,13777,7984,666357550,68,3798,
2026-09-30,06:59:49.915,999,846,666381676,48,3361,1613,666381653,6735,13335,514,666381652,28,3234,515,666381694,48,3233,725,666381688,32,3425,701,666381783,37,3421,201875,666380957,6758,13389,670,666380907,46,3394,
2026-09-30,06:59:50.916,1000,28451,667054771,75,4372,21391,667054727,6876,14385,22489,667054750,75,4313,21267,667054738,79,4302,23308,667054785,65,4470,24998,667054761,73,4408,218404,667053932,6861,14429,20798,667053880,69,4462,
2026-09-30,06:59:51.916,999,3091,666388070,53,3496,3627,666388065,7617,13434,2364,666388043,51,3324,1711,666388041,49,3342,2416,666388079,60,3525,1887,666388058,47,3473,190366,666387271,7645,13467,4964,666387240,54,3532,
2026-09-30,06:59:52.915,999,998,666377146,36,3353,574,666377230,6745,13317,744,666377243,34,3224,557,666377274,35,3219,1040,666377253,33,3402,465,666377185,36,3395,201880,666377237,6722,13381,884,666377263,33,3377,
2026-09-30,06:59:53.915,999,1415,666357847,42,3357,999,666357776,7529,13307,635,666357731,25,3243,873,666357746,27,3218,604,666357738,37,3395,477,666357747,39,3378,193749,666356995,7523,13346,1107,666356989,39,3377,
2026-09-30,06:59:54.916,1000,3616,667020399,122,3651,2788,667020411,7370,13601,3525,667020451,92,3554,4835,667020443,114,3560,3720,667020504,94,3694,4206,667020523,102,3710,195098,667020602,7374,13676,3612,667020592,117,3666,
2026-09-30,06:59:55.915,999,6651,666350263,51,3757,5686,666350253,7004,13740,6388,666350276,34,3559,7799,666350250,42,3596,5119,666350260,35,3737,7285,666350274,43,3761,202040,666350196,7007,13757,6202,666350195,46,3762,
2026-09-30,06:59:56.915,999,2288,666363482,64,3467,1280,666363407,7589,13398,2486,666363378,50,3375,1959,666363353,44,3350,1880,666363335,46,3498,1942,666363302,37,3490,195933,666362472,7600,13478,1634,666362563,50,3459,
2026-09-30,06:59:57.916,1000,1020,667043159,34,3336,297,667043126,6904,13289,228,667043138,28,3209,184,667043172,18,3179,722,667043225,32,3393,685,667043267,22,3379,196788,667042433,6953,13363,732,667042396,30,3374,
2026-09-30,06:59:58.916,999,1147,666369102,30,3365,412,666369084,7230,13296,1407,666369153,30,3248,541,666369160,33,3231,880,666369152,35,3395,970,666368464,28,3373,195012,666368473,7247,13367,602,666368456,35,3362,
2026-09-30,06:59:59.915,999,782,666375695,32,3340,1130,666375700,7190,13278,198,666375685,18,3183,550,666375672,26,3203,302,666375633,27,3362,312,666375655,23,3352,194862,666375717,7196,13332,908,666375127,25,3334,
2026-09-30,07:00:00.916,1000,1999,667058189,47,3422,1112,667058321,6998,13368,1772,667058386,36,3274,1388,667058402,38,3283,1374,667058413,47,3464,1061,667057613,37,3436,197599,667057563,7018,13445,1683,667057570,37,3426,
2026-09-30,07:00:01.916,999,2031,666360776,35,3410,2345,666360783,7238,13394,1100,666360719,34,3303,941,666360664,29,3290,1814,666360604,30,3477,2344,666360545,32,3457,198085,666360531,7240,13440,2186,666360558,54,3451,
2026-09-30,07:00:02.915,999,30191,666376952,61,4504,24582,666376912,7198,14420,28178,666376898,59,4365,25113,666376857,41,4329,24236,666376874,58,4515,31970,666376879,60,4516,221995,666376025,7179,14509,28968,666376067,66,4545,
2026-09-30,07:00:03.915,999,12921,666365841,62,4157,10267,666365806,6930,14080,11460,666365844,48,3976,11346,666365833,48,3962,11501,666365820,58,4195,11310,666365728,55,4162,212661,666365750,6923,14164,10889,666365717,61,4118,
2026-09-30,07:00:04.916,1000,5209,667056738,113,3770,4061,667056777,6760,13694,4351,667056812,89,3648,4118,667056787,82,3645,5130,667056750,95,3830,4638,667056793,90,3805,205484,667056009,6761,13738,4565,667056207,98,3786,
2026-09-30,07:00:05.916,999,2457,666404758,63,3544,2278,666404758,6872,13477,3141,666404721,76,3487,1876,666404723,54,3408,2318,666404759,56,3617,2929,666404822,63,3611,198339,666404841,6889,13531,2279,666404912,56,3543,
2026-09-30,07:00:06.915,999,2539,666384568,72,3518,2076,666384598,6886,13425,1144,666384631,45,3313,1025,666384657,51,3302,1922,666384622,44,3504,1382,666384595,55,3482,196626,666384636,6911,13506,2360,666384579,75,3496,
2026-09-30,07:00:07.916,1000,4802,666996694,91,3659,3600,666996673,7878,13624,2597,666996714,76,3520,3069,666996711,67,3549,4101,666996796,68,3657,3367,666996840,62,3677,195228,666996878,7886,13696,4341,666996810,74,3681,
2026-09-30,07:00:08.917,1000,2106,667044862,53,3477,2021,667044820,6650,13448,1926,667044786,22,3305,1467,667044723,39,3325,1015,667044619,27,3528,2017,667043680,27,3538,202933,667043650,6662,13520,1577,667043735,44,3505,
2026-09-30,07:00:09.916,999,1585,666375775,50,3419,1572,666375744,6934,13372,1318,666375775,31,3271,1021,666375771,30,3256,610,666375801,25,3464,1172,666375850,34,3450,200140,666375128,6934,13403,1702,666375097,48,3405,
2026-09-30,07:00:10.916,999,3739,666382325,68,3529,2068,666382271,7343,13507,1830,666382241,56,3410,2886,666382210,54,3418,2330,666382185,48,3558,3428,666382299,52,3558,193875,666382257,7344,13523,3750,666382223,66,3584,
2026-09-30,07:00:11.917,1000,979,667033205,39,3316,252,667033269,7500,13281,749,667033309,21,3234,719,667033358,22,3202,326,667033385,20,3346,432,667033527,29,3355,195016,667033646,7505,13343,482,667034928,38,3333,
2026-09-30,07:00:12.917,999,1399,666362697,55,3475,1448,666362676,6412,13420,982,666362603,34,3275,806,666362572,39,3280,1452,666362592,40,3514,1579,666362577,48,3507,208208,666362666,6407,13505,1543,666362614,55,3480,
2026-09-30,07:00:13.916,999,5502,666358698,68,3690,5852,666358664,6930,13649,8105,666358672,63,3572,7598,666358639,52,3549,5739,666358614,61,3733,6446,666358564,57,3724,202329,666358556,6967,13703,8153,666358545,71,3726,
2026-09-30,07:00:14.917,1000,1492,667043699,88,3484,1297,667043639,7148,13448,1672,667043658,66,3334,1949,667043623,69,3351,2218,667042895,72,3542,1227,667042816,66,3501,199282,667042789,7154,13513,2353,667042876,86,3511,
2026-09-30,07:00:15.917,999,1132,666416585,31,3365,885,666416615,6945,13332,815,666416606,32,3245,860,666416625,31,3226,589,666416701,38,3413,930,666416714,31,3404,197694,666416605,6923,13371,920,666416584,42,3388,
2026-09-30,07:00:16.917,999,1747,666385069,27,3358,608,666385009,6767,13282,408,666385001,24,3222,415,666384992,24,3210,408,666385015,22,3384,1038,666385065,23,3383,199428,666385021,6747,13363,872,666385195,34,3375,
2026-09-30,07:00:17.916,999,1430,666390815,57,3283,1524,666390886,9114,13223,1144,666390959,37,3242,867,666390974,33,3227,956,666391078,30,3258,1226,666391173,35,3261,175875,666391339,9115,13239,1765,666391348,54,3280,
2026-09-30,07:00:18.917,1000,6121,667023325,87,3760,5948,667023317,7526,13706,5414,667023248,71,3607,5810,667023219,75,3622,4824,667023218,72,3767,4614,667023202,75,3755,199913,667023195,7503,13748,4790,667023142,83,3779,
2026-09-30,07:00:19.917,999,1235,666387250,37,3355,944,666387192,6854,13299,251,666387266,33,3217,522,666387286,31,3200,645,666387280,28,3368,187,666386454,19,3349,201226,666386543,6843,13368,763,666386508,37,3353,
2026-09-30,07:00:20.916,999,1433,666386967,48,3426,775,666387021,7598,13327,1428,666387020,41,3302,2231,666387034,43,3311,812,666387068,36,3431,1321,666386441,37,3418,193655,666386387,7581,13388,1066,666386384,34,3422,
2026-09-30,07:00:21.917,1000,787,667047920,30,3349,309,667048017,6913,13287,443,667048040,31,3216,709,667048051,31,3218,610,667048024,27,3401,863,667048037,28,3393,201297,667046979,6942,13366,962,667046989,33,3386,
2026-09-30,07:00:22.917,999,8234,666360991,46,3736,6977,666360957,7461,13659,5229,666360904,41,3580,5838,666360879,38,3570,6617,666360844,20,3691,10222,666360016,30,3728,196688,666360056,7465,13714,4788,666360064,37,3699,
2026-09-30,07:00:23.917,999,1434,666368785,47,3393,1220,666368818,7362,13332,815,666368837,41,3264,633,666368830,37,3254,1090,666368941,34,3410,1094,666368071,45,3414,195956,666368172,7383,13389,1363,666368211,50,3415,
2026-09-30,07:00:24.916,999,2780,666384116,88,3471,1716,666384132,7859,13429,1256,666384137,88,3363,1930,666384132,65,3354,1581,666384072,64,3481,2106,666384139,69,3460,189156,666384229,7865,13464,3256,666384258,84,3481,
2026-09-30,07:00:25.917,1000,1236,667043513,32,3361,317,667043512,6380,13317,212,667043512,19,3192,272,667043470,20,3191,223,667043461,26,3417,516,667043452,20,3394,202936,667042876,6386,13380,423,667042888,28,3384,
2026-09-30,07:00:26.917,999,2967,666379665,59,3520,2017,666379584,7058,13425,1701,666379521,35,3326,1534,666379527,36,3318,2007,666379552,45,3515,1543,666379701,39,3512,197935,666378666,7072,13480,1932,666378724,52,3511,
2026-09-30,07:00:27.917,999,1281,666389956,38,3383,646,666389962,6933,13318,1383,666389947,20,3244,1011,666389977,32,3243,904,666389979,32,3395,607,666389976,26,3398,200381,666390025,6916,13386,989,666390026,39,3411,
2026-09-30,07:00:28.917,1000,624,667057193,31,3359,323,667057146,6425,13301,562,667057114,16,3192,262,667057152,24,3192,372,667057121,19,3402,582,667056006,13,3385,200823,667055989,6456,13379,804,667055986,18,3378,
2026-09-30,07:00:29.917,999,1274,666392756,44,3343,855,666392823,7404,13285,497,666392793,27,3235,610,666392806,25,3233,785,666392845,34,3405,436,666392940,25,3365,191325,666392952,7427,13370,924,666393058,34,3397,
2026-09-30,07:00:30.917,999,1204,666387395,32,3377,1154,666387373,6590,13310,799,666387418,27,3207,887,666387421,26,3205,665,666387405,28,3415,328,666387454,16,3397,203662,666387484,6602,13383,945,666387534,27,3390,
2026-09-30,07:00:31.917,999,1089,666384721,44,3378,737,666384780,7293,13289,922,666384783,37,3256,2266,666384817,37,3264,1425,666384886,32,3382,1441,666384856,36,3403,195592,666384948,7323,13352,628,666385004,30,3345,
2026-09-30,07:00:32.917,1000,1140,667054982,28,3364,502,667054994,6798,13345,908,667054949,26,3252,1327,667054952,20,3231,1050,667054985,20,3436,1420,667055109,28,3416,201078,667055153,6786,13396,919,667055210,29,3412,
2026-09-30,07:00:33.917,999,3074,666390804,40,3491,3107,666390821,6842,13446,1702,666390832,32,3339,2934,666390816,34,3380,2380,666390891,36,3541,2811,666390995,29,3506,199721,666391154,6870,13507,2648,666391181,39,3519,
2026-09-30,07:00:34.917,999,1841,666398431,80,3488,1351,666398367,6921,13385,665,666398355,57,3269,1202,666398356,68,3295,1439,666398340,61,3494,1815,666398328,62,3497,200173,666398258,6929,13470,2299,666398391,88,3501,
2026-09-30,07:00:35.917,999,1595,666398777,54,3398,526,666398823,6881,13325,655,666398838,44,3252,1189,666398833,42,3244,633,666398867,44,3458,610,666398926,39,3431,201030,666398917,6876,13405,978,666398945,46,3378,
2026-09-30,07:00:36.917,1000,1595,666973587,58,3394,1247,666973615,7446,13328,1094,666973606,38,3266,990,666973623,50,3273,1084,666973647,45,3416,1143,666973620,48,3405,194370,666973610,7458,13386,1482,666973601,50,3387,
2026-09-30,07:00:37.917,999,631,666363174,43,3325,930,666363179,7608,13251,428,666363168,16,3199,381,666363196,25,3192,238,666363179,27,3321,276,666363162,25,3325,190392,666363181,7623,13308,479,666363137,38,3331,
2026-09-30,07:00:38.917,999,1182,666388959,47,3410,812,666388983,7268,13299,1186,666389018,31,3291,974,666389039,34,3251,1518,666389065,26,3426,613,666389041,24,3391,194934,666389140,7275,13398,1607,666389157,41,3392,
2026-09-30,07:00:39.917,1000,1826,667027276,47,3355,780,667027284,7221,13330,718,667027304,31,3237,767,667027305,27,3242,617,667027303,26,3403,730,667027315,26,3394,194321,667027392,7229,13361,1032,667027426,39,3364,
2026-09-30,07:00:40.917,999,2138,666372276,44,3421,2613,666372232,7181,13392,1494,666372205,37,3310,1340,666372215,34,3305,2398,666372247,40,3495,1862,666372246,37,3468,196601,666371529,7195,13463,1573,666371455,56,3451,
2026-09-30,07:00:41.917,999,420,666381219,21,3306,379,666381230,6964,13235,140,666381307,17,3165,128,666381317,19,3175,317,666381344,16,3353,162,666380435,18,3339,200623,666380420,6971,13322,579,666380330,31,3328,
2026-09-30,07:00:42.917,1000,1375,667045767,41,3383,899,667045706,6874,13320,1374,667045726,23,3238,1879,667045752,25,3232,1005,667045759,35,3448,948,667044898,37,3414,198406,667044892,6877,13375,902,667044971,38,3367,
2026-09-30,07:00:43.917,999,414,666364964,37,3322,457,666364952,6867,13292,238,666364962,19,3202,849,666365092,24,3191,289,666365144,21,3364,410,666365140,13,3364,198994,666364346,6906,13329,407,666364345,29,3341,
2026-09-30,07:00:44.917,999,1733,666371884,59,3363,659,666371869,6935,13305,582,666371807,40,3241,638,666371823,31,3207,1059,666371818,45,3415,402,666371885,38,3384,198043,666371870,6921,13382,1449,666371847,56,3397,
2026-09-30,07:00:45.917,999,887,666354492,38,3338,383,666354449,7021,13282,121,666354395,11,3177,223,666354365,20,3185,353,666354362,14,3348,199,666354317,15,3361,196990,666354314,7044,13333,667,666354305,24,3347,
2026-09-30,07:00:46.917,1000,2015,667010479,49,3433,1877,667010504,6870,13394,1871,667010559,37,3286,1562,667010550,33,3294,1829,667010545,32,3463,800,667009709,33,3457,198892,667009691,6844,13464,1869,667009622,44,3465,
2026-09-30,07:00:47.917,999,1631,666374395,33,3372,997,666374398,6926,13322,1001,666374421,30,3228,976,666374385,37,3230,611,666374449,30,3396,425,666374415,35,3400,200335,666373618,6948,13364,1566,666373605,35,3382,
2026-09-30,07:00:48.917,999,3333,666379549,56,3511,2773,666379560,7498,13419,3034,666379570,29,3383,2239,666379588,34,3364,3974,666379620,26,3490,1739,666378936,22,3460,194942,666378913,7488,13480,2839,666378898,36,3489,
2026-09-30,07:00:49.917,1000,1051,667046890,37,3351,738,667046922,7095,13303,1063,667046995,22,3236,1265,667046968,26,3220,578,667046966,30,3401,721,667046949,26,3383,198187,667046952,7141,13356,1735,667046998,32,3365,
2026-09-30,07:00:50.917,999,1118,666382403,36,3332,321,666382364,6994,13278,321,666382346,28,3203,517,666382323,23,3211,247,666382361,20,3374,310,666382438,22,3351,200902,666382467,6997,13346,837,666381527,30,3347,
2026-09-30,07:00:51.917,999,1365,666363292,53,3361,1017,666362605,7077,13325,215,666362601,30,3215,359,666362590,32,3215,420,666362541,33,3370,259,666362566,24,3367,198184,666362429,7081,13354,820,666362460,38,3364,
2026-09-30,07:00:52.918,1000,809,667045648,29,3297,260,667045763,7381,13259,240,667045769,15,3187,378,667045725,16,3181,205,667045706,14,3309,402,667044964,14,3315,195268,667044955,7395,13300,610,667045013,24,3320,
2026-09-30,07:00:53.917,999,588,666377840,15,3270,416,666377935,7276,13225,59,666377922,9,3149,113,666377952,10,3163,234,666377950,2,3299,127,666377941,11,3309,194356,666376865,7276,13279,448,666376818,16,3298,
2026-09-30,07:00:54.917,999,1878,666383492,80,3427,1372,666383487,7315,13396,1210,666383552,58,3305,1400,666383499,57,3286,824,666383470,52,3426,796,666383463,50,3407,195009,666383428,7305,13412,1248,666382388,69,3429,
2026-09-30,07:00:55.917,999,602,666373456,35,3311,462,666373502,7332,13282,470,666373455,21,3194,830,666373465,24,3211,284,666373484,19,3351,716,666373494,24,3353,189231,666373608,7336,13325,550,666373545,35,3342,
2026-09-30,07:00:56.918,1000,1457,667050340,25,3323,797,667050322,7267,13273,507,667050308,21,3218,791,667050250,21,3211,1075,667050204,18,3381,620,667050302,15,3359,196272,667049629,7271,13358,1705,667049702,26,3366,
2026-09-30,07:00:57.917,999,1667,666347941,36,3348,940,666347899,7065,13324,1247,666347872,29,3228,515,666347870,23,3214,727,666347920,29,3405,438,666347138,35,3392,196546,666347231,7060,13356,987,666347235,37,3378,
2026-09-30,07:00:58.917,999,1082,666386503,30,3306,275,666385714,7223,13259,579,666385727,12,3176,249,666385701,19,3178,609,666385696,23,3338,186,666385805,20,3327,192897,666385779,7242,13322,503,666384939,25,3316,
2026-09-30,07:00:59.918,1000,858,667032507,16,3324,307,667032470,6695,13297,360,667032482,19,3185,813,667032500,20,3188,267,667032511,20,3370,162,667032558,16,3373,200138,667032475,6720,13351,346,667032408,20,3345,
2026-09-30,07:01:00.917,999,708,666375565,36,3318,582,666375556,7245,13264,488,666375608,23,3205,344,666375609,19,3188,390,666375650,23,3349,529,666374598,15,3316,195946,666374589,7223,13337,1278,666374577,36,3345,
2026-09-30,07:01:01.917,999,2116,666375173,25,3444,1085,666375158,6362,13364,1193,666375140,17,3283,758,666375145,18,3256,1438,666375169,23,3485,1386,666374362,22,3488,205694,666374395,6327,13448,1438,666374464,25,3479,
2026-09-30,07:01:02.917,999,1253,666354908,23,3366,816,666354909,6949,13301,1407,666354928,25,3238,452,666354900,23,3235,544,666354917,26,3416,687,666354870,26,3382,197330,666354881,6977,13355,1094,666354868,25,3384,
2026-09-30,07:01:03.918,1000,2921,667044762,40,3469,2647,667044807,7388,13394,2248,667044839,37,3321,2183,667044805,40,3319,2193,667044765,39,3483,2136,667044121,29,3447,195186,667044125,7409,13495,3875,667044139,46,3473,
2026-09-30,07:01:04.917,999,4909,666369474,68,3663,5104,666369560,7251,13622,4759,666369612,51,3554,4950,666369614,46,3480,4964,666369632,46,3691,4249,666369625,36,3654,198677,666369537,7270,13671,4864,666368757,55,3682,
2026-09-30,07:01:05.917,999,1281,666374514,50,3377,697,666374555,6838,13303,421,666374612,34,3230,389,666374669,28,3228,521,666374727,24,3380,829,666374697,31,3391,199327,666373415,6866,13367,536,666373397,53,3394,
2026-09-30,07:01:06.918,1000,1559,667048851,45,3373,2639,667048877,7415,13350,2006,667048879,23,3247,1298,667048905,25,3258,1869,667048835,33,3427,1287,667048028,27,3402,195922,667048148,7412,13408,1156,667048207,38,3390,
2026-09-30,07:01:07.917,999,1253,666377404,49,3319,371,666377405,7656,13242,511,666377389,28,3211,1075,666377422,17,3181,624,666377430,30,3330,299,666377409,30,3314,189763,666377468,7648,13300,935,666377573,44,3313,
2026-09-30,07:01:08.917,999,1476,666364031,53,3389,1060,666364012,7425,13317,375,666363979,32,3232,916,666363970,39,3233,1081,666363919,37,3410,802,666363769,34,3376,195316,666363714,7413,13338,1165,666363776,44,3356,
2026-09-30,07:01:09.918,1000,541,667046914,30,3305,194,667046876,7294,13250,172,667046895,17,3172,354,667046941,11,3170,140,667047003,14,3318,138,667046338,9,3310,194685,667046390,7303,13311,384,667046380,26,3315,
2026-09-30,07:01:10.918,999,837,666375535,41,3325,284,666375545,7235,13252,286,666374887,20,3183,368,666374826,16,3171,206,666374813,14,3344,115,666374796,17,3321,197542,666374830,7227,13309,653,666374902,26,3332,
2026-09-30,07:01:11.917,999,3421,666384207,37,3522,3431,666384120,7269,13478,3548,666384175,24,3375,3818,666384157,16,3356,2471,666384176,26,3529,3090,666384216,26,3531,197110,666384288,7265,13511,3345,666384419,34,3521,
2026-09-30,07:01:12.917,999,2538,666390048,45,3390,1496,666390096,7158,13313,2249,666390082,29,3232,769,666390069,31,3243,652,666390095,34,3407,657,666390165,26,3373,192830,666390148,7158,13384,857,666390170,36,3373,
2026-09-30,07:01:13.918,1000,1267,667054941,39,3342,596,667054922,6873,13313,499,667054927,14,3187,847,667054895,20,3183,556,667054925,23,3376,170,667054967,16,3351,198534,667054291,6872,13334,823,667054187,32,3349,
2026-09-30,07:01:14.917,999,754,666377620,53,3369,1278,666377660,6722,13320,687,666377673,48,3230,589,666377695,38,3218,696,666377748,27,3400,373,666377741,35,3409,200782,666377737,6763,13366,636,666377797,47,3386,
2026-09-30,07:01:15.917,999,3838,666381479,71,3620,2845,666381550,7167,13548,3735,666381626,42,3461,2251,666381683,53,3466,4513,666381725,52,3615,3877,666381838,39,3622,197193,666381827,7150,13622,3559,666380959,56,3604,
2026-09-30,07:01:16.917,999,110869,666385040,304,11343,103222,666385093,7729,21263,106366,666385080,301,11237,109005,666385073,307,11134,110416,666385107,300,11305,110059,666385052,302,11349,303892,666384479,7707,21158,107613,666384381,339,11243,
2026-09-30,07:01:17.918,1000,12773,667053785,127,4518,12681,667053694,7109,14475,15293,667053727,118,4421,18022,667053717,128,4390,13780,667053695,115,4524,14784,667053614,120,4554,210275,667053552,7072,14478,14246,667053646,124,4534,
2026-09-30,07:01:18.917,999,8801,666368888,88,3799,6933,666368849,7272,13742,8274,666368826,77,3670,6743,666368833,83,3638,5966,666368821,75,3808,7361,666368014,93,3818,205682,666367972,7305,13826,8405,666368077,108,3833,
2026-09-30,07:01:19.917,999,8173,666379404,125,3942,7949,666379374,7419,13925,4689,666379362,106,3815,6784,666379372,100,3798,7669,666379460,101,3941,6469,666379416,99,3940,200697,666379529,7437,13911,6636,666378747,112,3950,
2026-09-30,07:01:20.918,1000,2485,667064195,81,3525,1995,667064186,7658,13487,2455,667064175,79,3426,2453,667064191,59,3391,2233,667064240,60,3498,1894,667064315,68,3524,190468,667064349,7664,13500,2255,667064430,72,3501,
2026-09-30,07:01:21.918,999,14510,666390870,130,4324,10075,666390860,7175,14236,11717,666390868,125,4154,14281,666390882,118,4157,11395,666390857,135,4351,12416,666390934,124,4350,210358,666390978,7138,14327,14957,666390993,122,4319,
2026-09-30,07:01:22.917,999,20047,666466848,123,4951,21465,666466866,7632,14916,19855,666466913,94,4838,18278,666466918,103,4797,22077,666466940,96,5009,19532,666466934,100,4971,211683,666466964,7641,14971,17330,666466985,96,4843,
2026-09-30,07:01:23.917,999,6801,666388745,80,3719,5922,666388768,7557,13664,4668,666388787,65,3561,7548,666388826,59,3591,4068,666388885,67,3740,4885,666388982,63,3680,194805,666389006,7553,13693,4333,666388984,72,3669,
2026-09-30,07:01:24.918,1000,8034,666971102,165,4055,8189,666971137,6901,13977,8215,666971113,159,3927,7255,666971095,161,3857,8412,666971102,152,4037,6836,666971091,154,3987,206376,666971074,6904,13970,6415,666971032,181,4047,
2026-09-30,07:01:25.918,999,7351,666376978,91,3728,6173,666374964,7157,13652,5306,666374958,81,3593,4480,666374985,90,3601,7138,666374990,71,3758,6037,666374941,65,3732,200038,666374128,7203,13753,5451,666374070,79,3723,
2026-09-30,07:01:26.917,999,2051,666377089,61,3487,2390,666377067,7051,13441,2485,666377061,45,3349,2152,666377057,55,3343,2086,666377078,49,3549,1462,666377142,40,3495,202068,666377242,7065,13523,3120,666377154,53,3548,
2026-09-30,07:01:27.918,1000,1753,667045585,74,3474,2038,667045642,7317,13437,1155,667045684,47,3310,1529,667045705,48,3302,748,667045730,48,3433,757,667044711,47,3423,194265,667044735,7334,13452,2038,667044764,51,3452,
2026-09-30,07:01:28.918,999,995,666382857,40,3375,966,666382856,6494,13328,450,666382912,34,3222,407,666382928,40,3216,549,666382940,37,3429,331,666382845,27,3400,201573,666382877,6510,13401,620,666382284,33,3408,
2026-09-30,07:01:29.917,999,30173,666380339,45,4520,31880,666380295,7043,14455,23726,666380335,63,4404,29111,666380326,59,4351,28889,666380357,46,4513,23626,666379357,48,4544,221661,666379440,7065,14482,30245,666379404,61,4536,
2026-09-30,07:01:30.917,999,2731,666377242,75,3539,1527,666377270,7279,13503,1982,666377302,76,3438,2207,666377320,75,3437,2272,666377336,79,3586,3686,666376486,76,3600,195834,666376405,7285,13550,3133,666376402,81,3595,
2026-09-30,07:01:31.918,1000,7118,667045499,78,3761,7116,667045551,7864,13682,4962,667045558,47,3617,4484,667045542,54,3607,4519,667045540,55,3705,5247,667044804,55,3717,198222,667044900,7882,13772,6165,667044970,62,3725,
2026-09-30,07:01:32.918,999,1268,666391503,47,3358,978,666391482,7077,13320,400,666391463,35,3233,834,666391466,37,3250,1099,666391428,34,3415,521,666391423,34,3411,196369,666391387,7084,13384,758,666391454,44,3410,
2026-09-30,07:01:33.917,999,6031,666382888,51,3600,4642,666382905,7177,13545,4003,666382892,41,3440,3295,666382856,39,3462,4789,666382726,35,3632,4343,666382763,41,3618,204870,666381775,7171,13593,5144,666381740,53,3627,
2026-09-30,07:01:34.918,1000,3270,667044394,119,3611,2862,667044426,7151,13559,2033,667044435,105,3430,1659,667044477,97,3426,2885,667044466,103,3626,1948,667044544,103,3587,196739,667043887,7185,13619,3791,667043875,124,3641,
2026-09-30,07:01:35.919,1000,25427,667035982,115,4930,24400,667035986,7846,14854,23268,667035957,93,4736,22086,667035956,102,4846,26959,667035945,106,4955,24083,667035929,94,4973,207771,667034763,7874,14932,23004,667034746,114,4965,
2026-09-30,07:01:36.919,999,6406,666380000,97,3826,6292,666379973,7501,13736,5151,666379992,75,3671,5056,666379981,89,3661,5348,666380046,85,3836,5561,666379386,91,3794,197386,666379314,7534,13767,6664,666379356,113,3819,
2026-09-30,07:01:37.918,999,1912,666364485,54,3448,993,666364434,7323,13364,1625,666364403,45,3290,1065,666364484,32,3287,1390,666364503,44,3446,1066,666363581,39,3389,195614,666363604,7331,13416,954,666363584,41,3404,
2026-09-30,07:01:38.919,1000,12657,667056492,75,3984,8166,667056536,7248,13918,10492,667056538,66,3910,11452,667056564,56,3846,12185,667056559,78,4089,9773,667056593,67,4024,206288,667056581,7237,13964,9913,667055855,72,4022,
2026-09-30,07:01:39.919,999,1363,666388768,54,3383,688,666388805,7006,13340,972,666388898,49,3271,1084,666388911,56,3280,607,666388924,44,3420,641,666387987,42,3419,197311,666387875,6994,13367,800,666387970,53,3395,
2026-09-30,07:01:40.919,999,1648,666397944,53,3416,2062,666398003,7191,13358,1148,666397993,40,3288,683,666397972,46,3266,1199,666397951,41,3429,967,666397977,42,3410,197803,666398023,7207,13427,1511,666397059,51,3439,
2026-09-30,07:01:41.918,999,2455,666361180,55,3437,943,666361157,7311,13335,1621,666361119,46,3293,940,666361085,46,3293,3101,666361069,38,3442,1697,666361075,40,3435,192546,666360298,7334,13403,2339,666360372,55,3431,
2026-09-30,07:01:42.919,1000,1249,667051768,62,3362,510,667051723,7732,13278,773,667051764,39,3261,835,667051745,33,3215,1243,667051763,37,3356,647,667051755,26,3344,189002,667050892,7746,13355,971,667050926,48,3344,
2026-09-30,07:01:43.919,999,2583,666379135,62,3469,1769,666379153,7228,13428,1127,666379135,47,3327,1519,666379088,53,3335,1797,666379069,43,3480,1740,666379088,51,3498,195780,666379117,7240,13460,2145,666378228,60,3496,
2026-09-30,07:01:44.918,999,137377,666382233,456,13036,130484,666382276,8375,23082,128852,666382286,428,12840,132880,666382324,418,12867,138932,666382386,420,12951,137075,666381115,434,13025,313543,666381151,8445,23014,125883,666381190,423,13143,
2026-09-30,07:01:45.919,1000,35940,667049771,321,6405,35426,667049770,7524,16413,35473,667049757,276,6202,35921,667049775,272,6229,36251,667049831,285,6393,39335,667049941,303,6364,233706,667049097,7531,16480,34713,667049055,281,6397,
2026-09-30,07:01:46.919,999,11786,666380977,125,4317,11457,666381023,7603,14285,12929,666381055,98,4229,11188,666381092,109,4192,13122,666381122,97,4334,13894,666381141,116,4344,204418,666380332,7612,14345,11944,666380441,123,4290,
2026-09-30,07:01:47.919,999,5764,666376183,98,3902,5479,666376185,7084,13869,4908,666376202,93,3750,4884,666376253,80,3686,5168,666376283,94,3910,6297,666376331,91,3935,201792,666376332,7081,13908,7032,666376289,95,3955,
2026-09-30,07:01:48.918,999,13897,666376631,106,4073,11703,666376608,8055,13975,11802,666376608,91,3965,11420,666376600,81,3921,11625,666376615,90,4051,13076,666376745,84,4046,201486,666376681,8044,14035,11861,666376653,101,4068,
2026-09-30,07:01:49.919,1000,3617,667048181,71,3636,3980,667048233,7440,13581,2835,667048252,53,3455,3140,667048266,54,3462,2653,667048267,62,3626,3832,667047602,49,3630,194445,667047563,7468,13597,3808,667047591,64,3616,
2026-09-30,07:01:50.919,999,3018,666374447,108,3539,2719,666374434,7340,13477,3662,666374428,69,3418,2174,666374400,90,3418,1995,666374433,94,3577,2889,666374489,82,3573,196536,666374484,7353,13557,4333,666374508,105,3577,
2026-09-30,07:01:51.919,999,3881,666389128,82,3564,2117,666389192,7020,13473,2742,666389153,68,3429,2228,666389158,59,3405,2845,666389201,66,3614,2390,666388268,66,3601,197488,666388221,7023,13597,2434,666388181,68,3596,
2026-09-30,07:01:52.919,1000,7524,667085585,115,3846,7817,667085574,7089,13771,7278,667085587,107,3713,7727,667085584,111,3653,8512,667085503,110,3939,8259,667085540,97,3901,205349,667084130,7083,13853,9103,667084113,112,3895,
2026-09-30,07:01:53.919,999,1918,666388567,48,3399,820,666388479,7261,13328,693,666388496,37,3269,793,666388474,36,3246,522,666388562,32,3385,630,666388500,28,3378,195557,666387781,7269,13380,750,666387859,52,3392,
2026-09-30,07:01:54.919,999,4332,666376895,136,3669,3087,666376837,7548,13615,3366,666376898,128,3540,3427,666376907,130,3544,3452,666376937,134,3698,3383,666376896,114,3662,193395,666375757,7585,13638,2949,666375820,131,3640,
2026-09-30,07:01:55.919,999,10681,666376918,183,4326,12548,666376896,7765,14209,11353,666376938,169,4264,9425,666376928,179,4174,8637,666376941,175,4363,10752,666376975,178,4365,201699,666376949,7776,14310,12521,666376208,186,4337,
2026-09-30,07:01:56.919,1000,3565,667049314,73,3596,2640,667049339,7209,13566,4158,667049338,69,3450,4107,667049362,60,3452,2558,667049428,72,3648,2215,667049497,73,3609,196145,667049569,7213,13614,3458,667049694,74,3615,
2026-09-30,07:01:57.919,999,1956,666386501,59,3490,1858,666386554,6836,13433,2021,666386501,67,3373,1405,666386464,54,3342,1681,666386407,45,3511,1758,666386442,52,3557,199748,666386423,6872,13490,2574,666386432,49,3522,
2026-09-30,07:01:58.919,999,2763,666383066,84,3524,2301,666383059,7159,13474,1991,666383089,74,3396,1575,666383094,59,3381,2824,666383096,58,3557,2874,666382232,63,3577,198069,666382296,7179,13531,2642,666382283,85,3589,
2026-09-30,07:01:59.919,999,1166,666384395,48,3408,1226,666384396,7049,13358,1515,666384419,42,3286,684,666384396,44,3268,975,666384394,33,3423,1617,666384482,42,3428,195819,666383588,7047,13412,2259,666383573,53,3427,
2026-09-30,07:02:00.919,1000,1295,667047800,59,3366,766,667047808,7638,13325,398,667047830,31,3241,773,667047826,34,3237,772,667047862,33,3382,1182,667047045,47,3383,192268,667047032,7639,13348,1237,667047090,58,3390,
2026-09-30,07:02:01.919,999,2410,666383235,41,3433,1483,666383234,6479,13361,1386,666383214,15,3279,856,666383191,23,3256,1013,666383230,26,3502,1453,666383112,22,3480,204601,666383046,6482,13449,1112,666383062,37,3448,
2026-09-30,07:02:02.919,999,2435,666373763,47,3387,1547,666373803,7636,13321,2333,666373761,30,3265,1335,666373773,41,3273,1236,666373784,39,3394,1355,666373852,38,3390,192740,666373143,7624,13362,1223,666373247,56,3398,
2026-09-30,07:02:03.919,1000,7395,667058648,73,3716,6516,667058627,7003,13668,4573,667058665,48,3542,5210,667058651,56,3530,5830,667058704,56,3738,5072,667057532,51,3710,204032,667057542,6969,13721,5745,667057472,74,3721,
2026-09-30,07:02:04.919,999,3557,666376957,103,3595,2358,666376946,6388,13510,2576,666376887,95,3403,1895,666376906,83,3375,2240,666376919,83,3610,1310,666376934,85,3556,207027,666376091,6404,13582,2203,666376013,114,3595,
2026-09-30,07:02:05.919,999,1449,666377733,28,3376,347,666377694,6508,13302,436,666377635,36,3234,497,666377662,27,3220,763,666377652,30,3441,289,666377673,20,3413,200520,666377673,6523,13390,1140,666376629,45,3401,
2026-09-30,07:02:06.919,999,1901,666381748,49,3418,679,666381793,7266,13306,669,666381753,49,3288,1140,666381728,35,3274,1162,666381689,35,3448,1178,666381734,31,3429,194698,666381629,7290,13397,1309,666380753,49,3430,
2026-09-30,07:02:07.919,1000,150747,667020075,615,14660,152459,667019328,8305,24688,155345,667019316,574,14721,164851,667019298,559,14469,150206,667019297,617,14647,152580,667019307,596,14729,348079,667019340,8339,24542,165014,667019339,580,14513,
2026-09-30,07:02:08.919,999,6679,666381639,114,4028,6503,666381661,7019,13961,9134,666381625,102,3970,9049,666381609,94,3918,6642,666381555,103,4146,8269,666381685,100,4108,208530,666381661,6991,14032,9005,666380806,103,4072,
2026-09-30,07:02:09.919,999,5151,666358119,88,3803,4560,666358122,6769,13788,4832,666358078,59,3630,5242,666358071,60,3632,3757,666358020,62,3837,4003,666358092,59,3837,202518,666357233,6759,13770,4456,666357311,68,3818,
2026-09-30,07:02:10.919,1000,20623,667024200,100,4176,19462,667024180,7461,14139,16246,667024200,88,4089,13066,667024213,95,4006,15830,667024193,84,4214,15205,667024187,75,4155,207947,667024141,7428,14201,16466,667024127,98,4209,
2026-09-30,07:02:11.919,999,16624,666371220,81,4138,14916,666371182,6576,14080,16468,666371184,71,3944,13351,666371185,74,3948,16293,666371276,71,4194,15856,666371174,61,4144,215550,666371217,6583,14139,14881,666371113,81,4142,
2026-09-30,07:02:12.919,999,2980,666389225,76,3486,2181,666389240,7378,13456,2337,666389208,69,3388,2420,666389246,55,3390,2601,666389244,59,3520,1780,666389322,61,3520,195764,666388284,7389,13467,1984,666388231,82,3514,
2026-09-30,07:02:13.920,1000,1291,667043782,59,3433,980,667043855,6833,13363,1297,667043843,44,3280,1383,667043852,41,3286,623,667043847,42,3448,898,667043880,48,3467,200210,667043917,6838,13438,1235,667043941,54,3429,
2026-09-30,07:02:14.920,1000,11457,667001969,208,4237,8762,667001946,7739,14169,10691,667001961,234,4177,10344,667001974,209,4096,10764,667002012,203,4286,9093,667002017,216,4217,201762,667001960,7743,14159,10113,667001923,228,4273,
2026-09-30,07:02:15.920,999,2853,666351396,80,3539,1717,666351321,6467,13498,2127,666351323,70,3391,1872,666351304,69,3366,1342,666351259,62,3550,1425,666351293,74,3586,205156,666351263,6475,13565,1769,666351219,82,3565,
2026-09-30,07:02:16.920,999,3542,666355987,67,3574,2880,666355998,7605,13502,3442,666355934,57,3424,2086,666355915,54,3464,3188,666355935,50,3561,2308,666355922,61,3587,192098,666355893,7635,13587,3675,666355825,51,3585,
2026-09-30,07:02:17.920,1000,2446,667050355,47,3403,955,667050436,7182,13356,536,667050496,34,3247,1086,667050516,38,3266,400,667050594,36,3394,853,667050522,35,3385,197578,667050590,7178,13400,867,667050483,47,3411,
2026-09-30,07:02:18.920,999,9683,666381078,80,3784,8075,666381000,7234,13724,7283,666380959,50,3632,5913,666380925,49,3576,9158,666380915,50,3740,6709,666380902,59,3734,202863,666380927,7223,13762,9792,666380167,79,3784,
2026-09-30,07:02:19.920,999,13135,666398317,70,4075,11370,666398295,7326,14021,11943,666398288,59,3951,12730,666398293,61,3949,13775,666398285,55,4118,11433,666398320,61,4120,204942,666398384,7323,14095,10837,666398438,60,4087,
2026-09-30,07:02:20.921,1000,4356,667045443,84,3613,3961,667045457,7573,13583,4374,667045483,104,3532,3450,667045504,91,3514,2867,667045541,95,3665,3576,667044834,91,3603,197087,667044784,7585,13634,3690,667044820,87,3610,
2026-09-30,07:02:21.920,999,1383,666379999,56,3402,1169,666379975,6876,13349,637,666379962,34,3245,908,666379993,29,3232,676,666379982,29,3400,665,666380025,27,3425,201165,666380032,6864,13389,1892,666380071,35,3410,
2026-09-30,07:02:22.920,999,4896,666373230,74,3652,4746,666373217,7382,13583,3898,666373163,54,3496,4622,666373165,54,3518,3654,666373196,56,3683,3526,666373137,66,3666,196728,666373188,7381,13620,4595,666373175,68,3677,
2026-09-30,07:02:23.920,999,1739,666372704,42,3342,911,666372765,7068,13293,727,666372830,37,3231,285,666372849,24,3185,284,666372774,36,3368,483,666372008,33,3364,197309,666372053,7064,13357,575,666372015,37,3351,
2026-09-30,07:02:24.921,1000,2439,667039582,93,3490,1971,667039633,7599,13458,2210,667039635,105,3398,1610,667039677,94,3386,1550,667039758,91,3520,1448,667038938,94,3498,193965,667038977,7603,13507,1529,667039032,102,3492,
2026-09-30,07:02:25.920,999,1291,666392857,44,3388,595,666392907,6790,13322,389,666392858,23,3237,778,666392841,28,3220,953,666392897,30,3425,668,666392996,24,3400,199203,666392920,6796,13367,1583,666392983,32,3402,
2026-09-30,07:02:26.920,999,2818,666352606,64,3488,1553,666352561,7585,13413,1635,666352558,47,3346,1275,666352565,63,3337,2136,666352563,63,3501,1830,666352557,53,3451,194517,666352655,7600,13452,1813,666352675,55,3444,
2026-09-30,07:02:27.921,1000,1108,667052704,44,3361,627,667052702,7618,13288,488,667052717,40,3235,489,667052705,30,3232,796,667052671,31,3352,1037,667052682,28,3344,191750,667052671,7631,13357,1419,667051740,40,3377,
2026-09-30,07:02:28.920,999,1937,666376808,46,3464,1481,666376778,7400,13406,1903,666376784,32,3348,1967,666376809,28,3322,1557,666376839,32,3490,1693,666376927,29,3474,194713,666376953,7398,13489,2218,666377001,36,3503,
2026-09-30,07:02:29.920,999,2476,666382540,39,3541,3447,666382622,7130,13488,2131,666382616,38,3405,3325,666382579,30,3386,2155,666382613,38,3560,2249,666382638,29,3526,198470,666381846,7160,13502,3172,666381843,42,3543,
2026-09-30,07:02:30.920,999,905,666397355,50,3362,820,666397371,7122,13309,464,666397401,27,3220,462,666397408,33,3215,825,666397324,25,3394,1678,666397252,29,3398,195982,666396353,7127,13355,1282,666396298,44,3357,
2026-09-30,07:02:31.921,1000,1230,667029557,54,3466,1618,667029621,6640,13404,902,667029580,42,3297,1415,667029555,40,3304,1752,667029563,37,3493,1218,667028691,41,3496,199672,667028683,6662,13475,1785,667028695,38,3467,
2026-09-30,07:02:32.920,999,1374,666382279,41,3374,1102,666382240,7023,13295,557,666382196,35,3231,993,666382221,29,3230,712,666382263,32,3405,599,666382337,31,3392,195987,666381463,7020,13374,875,666381376,35,3366,
2026-09-30,07:02:33.920,999,4513,666379200,61,3568,3911,666379199,7285,13510,3449,666379204,31,3433,3275,666379192,40,3411,3317,666379218,37,3580,4050,666378330,39,3572,198585,666378273,7306,13567,5594,666378339,49,3615,
2026-09-30,07:02:34.921,1000,4974,667054341,110,3679,3313,667054315,7789,13649,3930,667053582,92,3558,4516,667053636,107,3562,3642,667053682,100,3727,4194,667053646,103,3665,192228,667053590,7807,13704,3494,667053589,124,3701,
2026-09-30,07:02:35.921,999,1621,666359127,36,3379,1163,666359279,7074,13335,889,666359355,35,3227,780,666359368,40,3241,522,666359374,38,3426,489,666359428,32,3395,201156,666358708,7048,13352,1075,666358623,36,3366,
2026-09-30,07:02:36.920,999,1259,666388003,57,3390,819,666388016,7727,13305,849,666388035,46,3277,1432,666388069,30,3287,1059,666388120,44,3392,507,666388161,40,3377,192142,666387200,7729,13346,1916,666387241,40,3368,
2026-09-30,07:02:37.920,999,1336,666388640,48,3409,1683,666388746,7156,13361,599,666388742,40,3267,960,666388785,43,3284,938,666388838,44,3451,1315,666388902,39,3437,199948,666388986,7140,13391,1361,666388176,52,3440,
2026-09-30,07:02:38.921,1000,6764,667058854,109,3697,5875,667058874,7731,13676,5575,667058853,94,3584,5784,667058816,87,3595,5682,667058821,97,3707,5179,667058816,87,3707,198032,667058809,7741,13720,5338,667058860,111,3742,
2026-09-30,07:02:39.920,999,782,666376560,36,3336,799,666376572,6923,13292,1113,666376558,26,3202,236,666376548,17,3181,244,666376536,18,3365,265,666376527,17,3346,199072,666376521,6914,13324,711,666376552,39,3346,
2026-09-30,07:02:40.920,999,796,666359369,39,3344,296,666359355,7026,13271,489,666359391,21,3201,313,666359395,21,3187,254,666359367,18,3357,618,666359458,21,3354,193564,666359491,7029,13319,424,666359455,36,3332,
2026-09-30,07:02:41.921,1000,676,667027791,38,3354,687,667027832,7450,13302,477,667027853,21,3207,636,667027870,20,3213,385,667027891,23,3341,492,667027877,26,3357,192345,667027724,7448,13346,1344,667027753,37,3356,
2026-09-30,07:02:42.921,999,1340,666381565,48,3367,739,666381578,7311,13302,821,666381594,33,3232,762,666381608,23,3241,1549,666381650,27,3392,588,666381651,32,3383,193947,666381589,7333,13352,1063,666380867,36,3370,
2026-09-30,07:02:43.920,999,985,666401700,26,3309,275,666401695,7085,13254,215,666401762,20,3195,617,666401747,12,3161,217,666401797,22,3345,146,666401097,17,3336,197251,666401102,7066,13304,663,666401134,15,3324,
2026-09-30,07:02:44.920,999,1177,666366445,63,3386,850,666366451,7136,13316,897,666366382,49,3244,481,666366373,40,3221,874,666366330,48,3418,1161,666366340,40,3397,197369,666366420,7162,13393,2027,666366411,53,3422,
2026-09-30,07:02:45.921,1000,780,667023198,32,3319,791,667023170,7123,13282,263,667023263,24,3200,207,667023265,15,3186,147,667023306,19,3342,303,667023336,15,3330,198825,667023433,7094,13313,879,667023451,21,3334,
2026-09-30,07:02:46.920,999,2307,666360099,42,3490,1444,666360040,6626,13381,1883,666360054,32,3318,1161,666360015,28,3309,1095,666360019,27,3498,1373,666359998,29,3494,202942,666359997,6615,13468,1773,666360038,26,3463,
2026-09-30,07:02:47.920,999,884,666396344,24,3314,419,666396400,7426,13261,517,666396398,16,3201,699,666396419,20,3194,514,666396433,22,3343,311,666396415,21,3326,194817,666395453,7428,13335,824,666395552,30,3326,
2026-09-30,07:02:48.921,1000,4348,667018628,65,3637,4574,667018573,7400,13561,3335,667018528,38,3476,3117,667018518,44,3463,4157,667018520,54,3628,4229,667018496,46,3583,196414,667018485,7379,13617,4541,667018453,60,3602,
2026-09-30,07:02:49.921,999,1497,666387634,41,3355,1008,666387653,7469,13284,486,666387717,30,3223,441,666387726,20,3221,599,666387826,35,3367,830,666387128,25,3357,193863,666387214,7455,13331,849,666387248,30,3335,
2026-09-30,07:02:50.920,999,1546,666377739,46,3370,933,666377803,7970,13287,1231,666377889,34,3263,1281,666377907,30,3241,1630,666377877,40,3373,2063,666377893,31,3341,186043,666377925,7967,13356,1476,666377938,32,3371,
2026-09-30,07:02:51.921,1000,777,667048584,39,3353,1556,667047553,7375,13326,1198,667047552,22,3222,700,667047510,32,3233,508,667047475,36,3379,898,667047539,34,3365,194382,667046782,7374,13356,1311,667046717,33,3382,
2026-09-30,07:02:52.922,1000,1481,667027226,26,3320,297,667027157,6790,13255,95,667027122,11,3160,96,667027109,10,3156,224,667027112,11,3347,178,667027067,14,3345,200541,667026978,6838,13324,485,667026938,13,3326,
2026-09-30,07:02:53.922,999,1343,666377818,32,3331,576,666377739,7506,13271,565,666377720,21,3212,791,666377704,30,3205,1079,666377694,29,3348,230,666376930,22,3324,196096,666376944,7485,13311,716,666376910,28,3335,
2026-09-30,07:02:54.921,999,1971,666346085,60,3415,1347,666346091,6694,13365,795,666346108,43,3271,811,666346122,38,3259,1166,666346149,51,3463,482,666345392,35,3434,202052,666345395,6728,13418,2207,666345481,52,3474,
2026-09-30,07:02:55.922,1000,2945,667008355,57,3456,1455,667008325,7524,13404,1431,667008318,44,3312,1714,667008293,36,3320,1128,667008232,51,3454,1545,667008211,44,3445,191083,667008207,7526,13446,1548,667008263,56,3465,
2026-09-30,07:02:56.922,999,2880,666375970,51,3439,2418,666375973,7484,13366,2062,666375971,34,3281,1444,666375966,36,3268,936,666375960,36,3405,1204,666375966,39,3414,191638,666375389,7506,13392,2169,666375420,55,3422,
2026-09-30,07:02:57.921,999,927,666388307,29,3359,778,666388382,6618,13300,385,666388432,21,3206,1401,666388461,19,3195,324,666388431,23,3405,765,666388445,27,3389,200089,666388406,6618,13340,752,666388473,25,3360,
2026-09-30,07:02:58.922,1000,1043,667060895,22,3322,421,667060892,7171,13297,177,667060917,15,3197,333,667060927,18,3192,277,667060919,11,3351,271,667060997,16,3348,194364,667060180,7172,13346,515,667060215,19,3334,
2026-09-30,07:02:59.922,999,2657,666311414,44,3414,1640,666311410,7010,13373,1002,666311431,39,3266,1371,666311443,37,3249,1496,666311420,36,3466,1373,666311412,34,3400,198092,666311395,7006,13402,1728,666310413,48,3451,
2026-09-30,07:03:00.921,999,697,666362365,30,3297,539,666362430,7398,13253,490,666362507,18,3185,153,666362622,11,3155,116,666362622,12,3308,269,666361743,14,3294,190375,666361717,7412,13292,459,666361827,16,3303,
2026-09-30,07:03:01.922,1000,1019,667055500,32,3378,1312,667055479,7297,13329,587,667055493,15,3243,752,667055515,13,3220,1552,667055559,5,3361,931,667055616,10,3365,194819,667054901,7301,13383,1371,667054897,30,3371,
2026-09-30,07:03:02.922,999,1609,666357197,32,3335,936,666357195,7523,13281,863,666357190,24,3244,611,666357187,19,3212,783,666357193,28,3380,1673,666357159,20,3345,193529,666357140,7526,13336,1253,666357122,38,3352,
2026-09-30,07:03:03.922,999,81806,666366541,312,9541,75287,666366494,7765,19400,79315,666366541,286,9380,83125,666366542,307,9299,79920,666366488,307,9522,80983,666366429,306,9589,273651,666365392,7790,19410,78447,666365417,361,9400,
2026-09-30,07:03:04.921,999,17589,666365667,210,4643,17799,666365689,7528,14606,17887,666365723,187,4478,19597,666365710,181,4431,16575,666365707,167,4569,15408,666364808,179,4587,207019,666364792,7594,14585,15987,666364777,182,4656,
2026-09-30,07:03:05.922,1000,12820,667044116,142,4428,13876,667044144,7180,14463,14547,667044154,138,4361,13436,667044168,132,4315,13870,667044169,137,4458,14147,667042882,131,4488,209747,667042838,7198,14438,13527,667042797,123,4417,
2026-09-30,07:03:06.922,999,4855,666372519,98,3733,5772,666372471,7533,13697,4760,666372488,84,3639,3560,666372480,95,3649,3947,666372461,83,3744,3387,666370994,98,3738,194880,666371063,7552,13728,4000,666370970,91,3766,
2026-09-30,07:03:07.921,999,5754,666385176,124,3623,4467,666385229,7695,13628,4499,666385184,113,3553,4140,666385193,109,3516,5456,666385171,119,3676,3133,666385257,116,3653,191098,666385295,7723,13656,5771,666384550,126,3692,
2026-09-30,07:03:08.922,1000,3231,667030149,76,3548,2291,667030076,7698,13502,2174,667030120,64,3408,2909,667030089,61,3428,3963,667030102,61,3558,2865,667030031,52,3547,191432,667029950,7733,13515,3288,667029159,72,3538,
2026-09-30,07:03:09.922,999,2618,666381360,60,3473,1355,666381356,6962,13388,1717,666381358,34,3323,1711,666381357,37,3317,2038,666381434,27,3510,1138,666381465,30,3499,198586,666381497,6988,13472,1734,666381483,54,3476,
2026-09-30,07:03:10.922,999,14079,666381151,160,4395,14064,666381088,6980,14310,11423,666381126,145,4203,13702,666381108,154,4266,12789,666381117,137,4395,16430,666381126,135,4388,211899,666380108,6978,14392,17306,666380113,156,4407,
2026-09-30,07:03:11.922,1000,22224,667047404,66,4213,20847,667047496,7296,14190,22173,667047563,73,4152,23683,667047594,72,4150,21296,667047584,58,4269,20766,667046873,86,4330,212609,667046786,7304,14298,21409,667046660,75,4297,
2026-09-30,07:03:12.923,1000,24221,667054834,127,5144,22633,667054895,8439,15150,20705,667054924,111,5105,22624,667054948,118,5046,23206,667054930,111,5191,22024,667054201,127,5209,202055,667054278,8450,15207,20177,667054270,123,5098,
2026-09-30,07:03:13.923,999,2224,666384307,58,3462,1523,666384274,7500,13394,1692,666384281,52,3313,1118,666384321,59,3335,838,666384344,57,3461,1852,666384362,47,3434,190359,666383596,7507,13472,1426,666383539,60,3448,
2026-09-30,07:03:14.923,999,5211,666387372,164,3808,4701,666387409,8071,13736,4941,666387500,166,3734,4697,666387546,158,3700,4362,666387597,145,3781,4678,666386759,135,3752,194712,666386769,8031,13767,4324,666386794,157,3769,
2026-09-30,07:03:15.923,1000,2281,667023394,90,3471,1337,667023388,7459,13404,1620,667023354,61,3342,1306,667023373,60,3321,1779,667023361,67,3482,1386,667022557,73,3485,193911,667022565,7461,13440,1639,667022587,75,3469,
2026-09-30,07:03:16.923,999,6334,666354861,74,3728,5328,666354898,7625,13612,4770,666354908,57,3560,3380,666354904,55,3554,3632,666354900,53,3706,3898,666354855,52,3686,199049,666354869,7621,13712,4052,666354779,76,3728,
2026-09-30,07:03:17.923,999,6822,666357523,66,3867,5760,666357495,7806,13804,6352,666357456,71,3728,5439,666357493,49,3700,5547,666357493,72,3841,4764,666357472,57,3824,192201,666357469,7806,13826,7156,666357422,57,3814,
2026-09-30,07:03:18.923,1000,820,667029441,43,3355,1028,667029436,7750,13320,619,667029410,46,3258,750,667029375,36,3241,908,667029391,35,3362,466,667029301,43,3350,190491,667029255,7759,13338,1594,667028355,44,3345,
2026-09-30,07:03:19.923,999,6630,666339050,84,3720,6926,666339055,8021,13644,6296,666339056,59,3607,6441,666339014,61,3575,6464,666338964,60,3681,9336,666338992,56,3700,192075,666337893,8005,13691,7232,666337953,73,3690,
2026-09-30,07:03:20.923,999,1372,666382263,72,3405,1109,666382256,7742,13381,1712,666382337,55,3291,854,666382372,57,3299,2616,666382375,62,3430,1230,666381523,49,3407,187821,666381437,7732,13379,1760,666381433,69,3411,
2026-09-30,07:03:21.922,999,2795,666355229,74,3531,2680,666355242,7913,13440,2390,666355189,73,3407,1558,666355194,63,3399,2099,666355251,69,3512,2480,666354503,64,3510,187408,666354503,7923,13512,3732,666354543,62,3515,
2026-09-30,07:03:22.923,1000,7935,666973527,49,3790,5936,666973507,7432,13730,7624,666973473,29,3652,8054,666973492,35,3634,7949,666973516,34,3778,8518,666973455,40,3775,200191,666973482,7428,13807,10309,666973511,55,3802,
2026-09-30,07:03:23.923,999,2366,666382715,60,3491,1456,666382775,7676,13448,1642,666382805,46,3366,1175,666382800,52,3353,913,666382816,56,3527,1827,666382077,53,3507,188981,666382039,7693,13478,2101,666382072,62,3517,
2026-09-30,07:03:24.923,999,2562,666352093,109,3544,2148,666352071,7296,13486,2422,666352066,90,3424,2138,666352065,81,3382,1704,666351990,78,3545,1859,666351890,87,3531,194893,666351848,7316,13512,2221,666351860,90,3536,
2026-09-30,07:03:25.923,1000,1224,667026554,41,3355,542,667026578,7756,13283,621,667026621,29,3219,654,667026630,35,3221,1174,667026697,41,3357,621,667026027,41,3361,190775,667026025,7762,13343,1116,667026064,32,3329,
2026-09-30,07:03:26.923,999,4201,666431852,65,3724,4342,666431845,7283,13614,3839,666431825,51,3586,3712,666431818,58,3554,3507,666431897,45,3696,5076,666431872,54,3711,199213,666431972,7259,13702,4842,666432013,71,3675,
2026-09-30,07:03:27.923,999,2077,666377700,67,3443,2323,666377681,7526,13378,1488,666377717,37,3292,2084,666377722,50,3300,1194,666377751,58,3434,2438,666376997,36,3435,194251,666376970,7547,13439,1321,666376965,57,3447,
2026-09-30,07:03:28.923,1000,1173,667035186,28,3336,445,667035254,7371,13269,341,667035229,31,3231,324,667035270,31,3207,422,667035333,28,3377,713,667034427,24,3335,189184,667034418,7404,13336,969,667034335,22,3338,
2026-09-30,07:03:29.923,999,752,666377486,23,3339,457,666377481,7101,13257,491,666377511,19,3188,213,666377538,19,3181,166,666377588,16,3352,419,666376882,16,3335,198984,666376961,7090,13325,706,666376935,16,3327,
2026-09-30,07:03:30.923,999,20744,666381433,75,4287,18653,666381385,7673,14262,16537,666381372,46,4207,19463,666381356,44,4147,19982,666381374,41,4320,14884,666381480,43,4290,205221,666381499,7661,14286,18482,666381539,65,4263,
2026-09-30,07:03:31.923,999,1765,666382573,57,3414,1738,666382532,7422,13359,1037,666382554,43,3279,2103,666382562,30,3268,1022,666382563,30,3404,3190,666382538,34,3422,192183,666382601,7415,13393,1804,666382658,54,3407,
2026-09-30,07:03:32.923,1000,298708,667056325,763,23768,290315,667056342,8271,33837,300391,667056331,746,23682,297783,667056303,761,23371,306385,667056257,803,23871,302372,667056147,738,23836,494512,667056128,8279,34088,311962,667056094,720,23966,
2026-09-30,07:03:33.923,999,4199,666398280,105,3881,5329,666398359,7135,13867,3907,666398367,91,3729,4091,666398393,95,3734,3219,666398526,95,3896,4233,666398572,96,3869,200227,666398610,7139,13871,5156,666398624,95,3843,
2026-09-30,07:03:34.923,999,30195,666391103,258,5343,26410,666391118,7438,15310,33206,666391176,229,5309,27552,666391143,218,5248,27604,666391122,206,5418,35670,666391044,209,5534,221575,666391202,7444,15292,32427,666391282,232,5389,
2026-09-30,07:03:35.924,1000,29252,667051131,147,4968,23229,667051138,7349,14960,27031,667051126,119,4813,27434,667051149,121,4821,25368,667051151,123,4983,27242,667051133,120,4969,220430,667051100,7397,14980,31061,667051186,138,5012,
2026-09-30,07:03:36.924,1000,24830,667025113,110,4845,21913,667025153,7698,14807,21736,667025184,117,4758,22324,667025168,121,4746,21765,667025160,114,4896,23612,667025138,108,4861,215219,667025167,7703,14892,22002,667025182,105,4851,
2026-09-30,07:03:37.924,999,20673,666380585,156,4464,20495,666380614,7559,14418,18332,666380602,150,4350,17911,666380598,144,4326,16984,666380636,148,4498,17374,666379846,145,4438,208842,666379910,7607,14484,19064,666379863,172,4525,
2026-09-30,07:03:38.924,999,14486,666377857,102,4481,14895,666377844,7414,14430,14871,666377827,88,4423,14623,666377825,80,4422,15352,666377885,104,4625,14713,666376952,99,4601,209948,666376781,7423,14490,15813,666376710,101,4560,
2026-09-30,07:03:39.925,1000,2701,667044981,95,3547,3029,667044986,7426,13487,2575,667044963,82,3443,2901,667044934,73,3410,1986,667044921,81,3560,2339,667044845,70,3533,198273,667044820,7443,13532,3415,667044844,91,3595,
2026-09-30,07:03:40.924,999,3457,666377569,77,3590,4136,666377580,7403,13576,2998,666377708,76,3504,2760,666377700,65,3463,3280,666377760,71,3647,3175,666376948,69,3608,194903,666376842,7406,13629,2847,666376823,75,3587,
2026-09-30,07:03:41.924,999,2321,666376136,57,3422,966,666376156,7111,13368,1312,666376146,52,3324,1037,666376128,50,3286,864,666376141,52,3489,1660,666376168,52,3473,194084,666375455,7102,13438,2195,666375552,41,3443,
2026-09-30,07:03:42.925,1000,5397,667046942,65,3725,5089,667046960,7664,13640,5505,667046966,63,3646,6094,667046963,65,3601,6336,667046906,60,3753,5173,667046908,66,3754,195328,667046885,7674,13714,4188,667046940,70,3688,
2026-09-30,07:03:43.924,999,7733,666350799,107,3897,9091,666350819,7361,13827,9785,666350795,99,3717,7209,666350910,93,3694,7449,666350968,111,3899,7048,666350990,113,3930,202230,666350994,7346,13932,7621,666351048,108,3928,
2026-09-30,07:03:44.924,999,7486,666370446,137,3902,7806,666370467,7610,13839,5817,666370469,141,3805,7346,666370433,134,3787,5822,666370442,158,3915,6282,666370424,145,3850,198351,666369389,7599,13819,6872,666369375,151,3936,
2026-09-30,07:03:45.924,999,3740,666375986,78,3499,1455,666376004,7333,13410,2223,666376081,50,3324,1482,666376115,53,3353,1587,666376117,54,3497,1607,666375379,62,3479,195949,666375518,7344,13491,2037,666375537,68,3489,
2026-09-30,07:03:46.925,1000,2959,667028314,73,3580,2586,667028291,7536,13520,2781,667028280,49,3408,2794,667028255,56,3437,2452,667028274,57,3573,2592,667028307,60,3559,194812,667028376,7534,13582,3683,667028339,59,3567,
2026-09-30,07:03:47.924,999,1520,666353071,73,3452,1217,666353057,7189,13367,937,666353094,51,3304,849,666353140,52,3298,1620,666353190,59,3472,550,666353253,50,3452,196942,666353220,7192,13420,1752,666353175,66,3449,
2026-09-30,07:03:48.924,999,2191,666372323,53,3447,2208,666372369,7520,13357,1591,666372326,44,3335,1196,666372286,44,3315,1332,666372302,35,3417,1364,666372318,49,3468,193587,666372395,7555,13432,2549,666372380,50,3437,
2026-09-30,07:03:49.925,1000,22671,667038279,91,4334,20402,667038285,7712,14239,18049,667038373,73,4198,22983,667038368,79,4170,19793,667038389,79,4305,21022,667038508,75,4305,209007,667038540,7712,14294,22308,667038464,87,4321,
2026-09-30,07:03:50.924,999,46172,666384187,95,5108,45878,666384209,7579,15055,44183,666384205,73,4953,47494,666384209,73,4993,37860,666384178,70,5052,43712,666384132,74,5052,234495,666384095,7631,15071,41949,666384095,86,5077,
2026-09-30,07:03:51.924,999,1355,666345880,67,3407,906,666345877,7628,13356,1321,666345848,54,3287,541,666345829,53,3278,691,666345735,45,3419,566,666344811,57,3425,190215,666344900,7651,13403,1216,666344890,59,3408,
2026-09-30,07:03:52.925,1000,648,667055493,47,3343,933,667055518,7485,13296,540,667055493,35,3227,517,667055514,42,3228,565,667055648,29,3361,581,667054743,41,3368,190385,667054779,7517,13347,661,667054758,39,3348,
2026-09-30,07:03:53.925,999,1114,666377178,45,3381,1066,666377209,7256,13328,838,666377246,27,3266,722,666377282,30,3234,1110,666377340,30,3413,1111,666377309,29,3387,194107,666377333,7263,13359,1217,666377233,31,3389,
2026-09-30,07:03:54.924,999,9347,666402687,129,4216,8232,666402680,6924,14105,9529,666402683,137,4031,10087,666402666,133,4039,7106,666402669,131,4182,6383,666402706,122,4113,206794,666402105,6936,14193,8253,666402142,135,4180,
2026-09-30,07:03:55.924,999,2674,666367344,79,3592,3437,666367260,7544,13515,2907,666367268,72,3515,3247,666367312,75,3478,2942,666367325,72,3643,3145,666367290,77,3599,190572,666366463,7556,13605,3214,666366420,82,3622,
2026-09-30,07:03:56.925,1000,985,667026766,48,3380,1321,667026790,6994,13349,378,667026781,38,3231,480,667026773,44,3239,616,667026747,30,3422,687,667026651,29,3390,197488,667026730,6995,13410,998,667026753,40,3414,
2026-09-30,07:03:57.924,999,1292,666382062,39,3352,425,666382139,7015,13284,738,666382177,29,3229,626,666382177,29,3208,616,666382189,27,3368,338,666381248,23,3371,198654,666381223,7013,13342,1007,666381145,32,3357,
2026-09-30,07:03:58.924,999,1185,666376990,45,3397,941,666376942,7106,13343,1890,666376934,37,3296,1429,666376936,24,3261,1727,666376995,35,3478,1575,666377091,33,3456,195207,666376094,7089,13431,1490,666375989,40,3423,
2026-09-30,07:03:59.925,1000,947,667042294,53,3393,641,667042333,7221,13317,862,667042327,28,3230,661,667042301,36,3229,491,667042324,34,3406,358,667042319,32,3368,194914,667042293,7220,13382,566,667042392,32,3376,
2026-09-30,07:04:00.925,999,1616,666356497,60,3409,697,666356496,7367,13355,653,666356500,29,3251,513,666356496,45,3263,500,666356449,30,3387,891,666355655,36,3391,196191,666355641,7348,13388,1060,666355762,56,3426,
2026-09-30,07:04:01.924,999,2130,666355540,39,3429,1725,666355570,7487,13336,1785,666355579,37,3317,2058,666355552,31,3276,1249,666355563,25,3437,1509,666355552,26,3403,195955,666355656,7478,13398,1665,666355644,32,3415,
2026-09-30,07:04:02.924,999,2712,666383812,30,3365,1251,666383794,7430,13318,844,666383811,33,3259,836,666383827,29,3242,1378,666383785,20,3391,1086,666383172,24,3388,192072,666383210,7450,13381,1273,666383268,26,3345,
2026-09-30,07:04:03.925,1000,1249,667036570,43,3362,1249,667036573,7806,13331,854,667036597,42,3269,946,667036612,41,3268,1714,667036612,43,3406,1196,667036561,38,3367,189896,667036500,7810,13373,1046,667036531,57,3367,
2026-09-30,07:04:04.924,999,7332,666375163,112,3880,6743,666375124,7360,13821,6356,666375132,95,3773,5968,666375156,79,3731,8004,666375114,86,3930,6115,666375033,92,3894,202158,666375015,7368,13878,6089,666375098,95,3880,
2026-09-30,07:04:05.924,999,1099,666375176,52,3301,1125,666375175,8142,13249,1119,666375208,26,3220,697,666375200,22,3202,558,666375226,31,3292,563,666375271,34,3304,183184,666374306,8126,13300,579,666374331,43,3299,
2026-09-30,07:04:06.925,1000,1781,667023861,59,3421,1362,667023866,7355,13376,1114,667023846,40,3301,614,667023872,40,3259,2037,667023854,40,3455,1208,667023849,39,3425,195074,667023827,7350,13393,2372,667023770,53,3444,
2026-09-30,07:04:07.925,999,2625,666397741,81,3500,2498,666397778,7072,13434,2160,666397779,54,3393,2061,666397802,67,3367,2471,666397835,56,3562,2761,666396974,55,3511,201248,666396935,7101,13524,3128,666396963,83,3534,
2026-09-30,07:04:08.924,999,4108,666396188,49,3607,3094,666396216,7497,13542,3716,666396261,42,3498,3482,666396308,49,3473,3723,666396299,43,3640,3073,666395502,44,3624,192371,666395538,7534,13576,3648,666395452,61,3612,
2026-09-30,07:04:09.924,999,1235,666348691,28,3346,651,666348722,7693,13304,1542,666348694,24,3249,1648,666348669,19,3256,1473,666348699,18,3378,1261,666348667,12,3367,195062,666348662,7692,13358,738,666348705,24,3360,
2026-09-30,07:04:10.925,1000,8867,667025108,30,3840,7700,667025137,7088,13828,8522,667025087,22,3702,5719,667025089,30,3728,5669,667024999,25,3900,4576,667024878,31,3869,202964,667024871,7076,13881,6989,667024913,27,3853,
2026-09-30,07:04:11.924,999,1235,666376380,41,3418,1082,666376427,6686,13354,823,666376443,41,3269,734,666376439,33,3244,508,666375673,37,3436,679,666375710,34,3423,199801,666375750,6684,13415,1250,666375697,42,3446,
2026-09-30,07:04:12.924,999,761,666385438,39,3324,432,666385392,7865,13275,313,666385360,20,3218,861,666385353,24,3205,537,666385330,28,3319,433,666385405,23,3289,185421,666384402,7878,13304,863,666384264,37,3327,
2026-09-30,07:04:13.925,1000,890,667045633,35,3307,523,667045677,7736,13263,431,667045691,27,3218,399,667045652,16,3187,580,667045675,24,3323,1175,667045595,21,3329,190181,667045643,7746,13299,780,667044844,34,3312,
2026-09-30,07:04:14.925,999,3555,666378699,89,3625,3797,666378696,7900,13553,2267,666378712,67,3494,2512,666378765,66,3516,3470,666378811,70,3601,2604,666377616,65,3565,188800,666377675,7919,13551,5055,666377686,72,3601,
2026-09-30,07:04:15.924,999,25227,666347350,51,4439,25049,666347334,7442,14389,26637,666347356,36,4356,29504,666347313,35,4328,23856,666347339,44,4508,27253,666347350,36,4451,220642,666347395,7451,14481,27571,666347384,45,4454,
2026-09-30,07:04:16.925,1000,1714,667020421,37,3395,1654,667020396,7351,13362,1748,667020431,38,3297,1184,667020412,35,3285,1924,667020384,39,3451,1529,667020415,41,3436,194430,667020439,7369,13420,995,667020587,46,3416,
2026-09-30,07:04:17.925,999,1743,666376562,51,3419,1224,666376609,7589,13308,882,666376699,38,3283,1204,666376746,31,3280,2021,666376723,38,3440,1297,666376629,34,3419,191290,666376674,7604,13425,1056,666376703,56,3427,
2026-09-30,07:04:18.924,999,30367,666372583,47,4659,30300,666372594,7311,14574,29154,666372554,48,4516,30592,666372565,47,4451,30111,666372621,51,4657,26493,666371621,55,4626,222550,666371673,7323,14694,33527,666371678,49,4661,
2026-09-30,07:04:19.924,999,4656,666376446,67,3644,4655,666376400,7929,13573,4712,666376392,55,3539,4755,666376378,63,3561,6692,666376459,52,3688,5728,666376450,62,3670,190660,666375836,7930,13638,4847,666375865,64,3654,
2026-09-30,07:04:20.925,1000,1208,667035133,56,3352,757,667035077,7570,13301,1219,667035142,31,3235,458,667035148,28,3217,636,667035107,38,3365,541,667035155,33,3350,193529,667035066,7567,13362,1180,667035152,37,3337,
2026-09-30,07:04:21.925,999,1200,666387716,27,3337,1190,666387755,7271,13261,337,666387746,21,3203,357,666387738,21,3211,268,666387768,21,3358,293,666386947,23,3351,192218,666386993,7298,13323,509,666386989,27,3324,
2026-09-30,07:04:22.924,999,1191,666393658,50,3381,1205,666392837,7535,13346,620,666392769,42,3264,1250,666392782,41,3256,547,666392759,37,3394,585,666392829,39,3394,193819,666392714,7487,13381,1340,666392775,60,3400,
2026-09-30,07:04:23.925,1000,8609,667042377,62,3820,7212,667042386,7770,13732,7865,667042418,45,3701,7578,667042389,47,3696,7201,667042408,56,3814,7204,667042262,41,3834,196554,667040765,7743,13799,6714,667040901,54,3768,
2026-09-30,07:04:24.925,999,1571,666397483,83,3484,1452,666397561,7760,13386,1485,666397583,87,3371,1396,666397598,74,3352,2568,666397632,76,3515,1388,666396967,77,3482,187509,666397125,7769,13443,1706,666397254,81,3461,
2026-09-30,07:04:25.925,999,3329,666398439,65,3542,2773,666398493,7865,13471,2719,666398495,42,3455,2831,666398462,49,3421,4351,666398528,44,3580,2661,666398536,54,3564,193005,666398549,7875,13538,3386,666398507,56,3570,
2026-09-30,07:04:26.924,999,962,666394155,58,3405,874,666394179,7312,13335,874,666394143,40,3268,484,666394178,39,3247,1701,666394158,31,3441,1266,666394242,40,3434,194982,666394276,7315,13419,876,666394444,52,3430,
2026-09-30,07:04:27.925,1000,6442,667064313,48,3864,7150,667064374,7614,13792,8368,667064437,36,3750,6099,667064465,39,3768,8617,667064492,32,3851,6658,667064500,34,3853,196951,667064518,7628,13863,8153,667064569,44,3893,
2026-09-30,07:04:28.925,999,2308,666385197,46,3388,1085,666385156,7293,13329,378,666385157,26,3231,787,666385167,32,3244,654,666385237,38,3428,1316,666385317,44,3427,196419,666385361,7291,13395,2608,666385421,41,3411,
2026-09-30,07:04:29.925,999,586,666401661,33,3321,417,666401655,7398,13245,588,666401610,16,3186,450,666401617,16,3167,368,666401627,25,3343,205,666401674,20,3305,193522,666401783,7435,13321,1431,666401818,28,3324,
2026-09-30,07:04:30.924,999,1488,666402247,34,3356,825,666402208,7441,13311,1364,666402262,24,3245,1052,666402302,28,3243,971,666402328,35,3388,683,666402462,30,3378,196471,666402610,7411,13359,845,666402690,26,3376,
2026-09-30,07:04:31.925,1000,1730,667066219,52,3446,903,667066149,7705,13369,1160,667066199,31,3305,1791,667066162,29,3290,1772,667066191,39,3456,1842,667066189,37,3438,189738,667066315,7726,13436,1780,667066216,49,3440,
2026-09-30,07:04:32.925,999,847,666458017,42,3338,451,666458022,7407,13277,582,666458035,21,3229,1040,666458036,19,3225,1135,666458055,22,3402,817,666458058,27,3364,191723,666458154,7450,13358,1061,666458125,39,3375,
2026-09-30,07:04:33.925,999,1299,666371163,47,3407,1533,666371129,7415,13341,977,666371121,25,3282,1162,666371112,33,3257,1417,666371103,30,3435,737,666370362,25,3397,194281,666370404,7422,13397,1840,666370486,39,3413,
2026-09-30,07:04:34.924,999,4669,666387538,75,3638,4600,666387605,7608,13655,4540,666387641,81,3597,3833,666387598,75,3600,5560,666387689,82,3719,5113,666387001,81,3668,192407,666387015,7635,13666,4980,666387068,86,3679,
2026-09-30,07:04:35.925,1000,29504,667045969,62,4429,29701,667045975,7196,14343,31307,667046010,44,4253,26942,667046037,32,4274,25813,667046045,47,4388,26664,667045232,45,4409,224443,667045202,7206,14399,30483,667045158,51,4409,
2026-09-30,07:04:36.925,999,1266,666396265,55,3458,1656,666396307,7629,13422,1614,666396350,37,3328,1648,666396344,36,3360,1991,666396401,25,3473,1944,666396277,32,3461,192066,666396333,7660,13451,2716,666396425,46,3450,
2026-09-30,07:04:37.925,999,894,666413966,48,3326,703,666414036,7946,13278,1345,666414009,28,3227,519,666414035,31,3220,331,666414131,25,3328,541,666414231,28,3316,189208,666414185,7929,13313,1237,666414289,37,3305,
2026-09-30,07:04:38.924,999,2776,666396034,71,3566,3170,666396051,7658,13505,3453,666396059,49,3432,2899,666396117,54,3438,2666,666396107,49,3560,1861,666396147,45,3543,196033,666396376,7657,13539,3833,666396395,62,3532,
2026-09-30,07:04:39.925,1000,2459,667021326,50,3510,2379,667021281,7274,13432,1536,667021226,51,3388,1644,667021198,32,3300,1411,667021205,38,3519,1027,667021192,35,3475,194799,667021272,7246,13476,1733,667021230,51,3503,
2026-09-30,07:04:40.925,999,1247,666392347,35,3314,679,666392330,7635,13284,478,666392316,26,3199,243,666392296,27,3208,239,666392334,21,3318,400,666392367,26,3334,188812,666392356,7637,13320,592,666392300,40,3345,
2026-09-30,07:04:41.925,999,1238,666378751,21,3337,199,666378705,6652,13264,391,666378644,19,3180,212,666378652,21,3180,202,666378635,19,3381,161,666378879,20,3376,203006,666378873,6648,13349,690,666378846,16,3353,
2026-09-30,07:04:42.925,1000,6292,667005155,63,3697,5987,667005058,7649,13659,7641,667005100,34,3631,5656,667005105,39,3601,5576,667005137,34,3740,6685,667004466,40,3759,194980,667004392,7638,13712,6915,667004340,59,3749,
2026-09-30,07:04:43.925,999,1654,666371523,38,3346,641,666371470,7572,13279,371,666371484,26,3226,813,666371472,35,3249,634,666371470,22,3340,436,666370651,19,3316,191861,666370550,7597,13321,1156,666370516,35,3349,
2026-09-30,07:04:44.925,999,2549,666381928,79,3499,1584,666381977,7318,13466,2385,666381965,73,3398,1835,666381947,72,3383,2280,666381947,79,3588,2485,666380995,77,3536,195563,666380849,7299,13512,1746,666380845,70,3502,
2026-09-30,07:04:45.925,1000,1061,667023947,24,3313,370,667023966,7098,13298,289,667023984,21,3208,217,667023984,15,3186,214,667023933,25,3356,500,667023944,24,3363,196017,667022997,7079,13346,598,667023138,24,3364,
2026-09-30,07:04:46.925,999,1152,666368521,36,3431,832,666368540,6748,13357,1015,666368551,18,3260,868,666368526,26,3270,772,666368570,19,3454,1130,666368567,27,3452,199789,666367595,6765,13462,1663,666367517,31,3441,
2026-09-30,07:04:47.925,999,144515,666377649,243,13414,138291,666377656,7491,23310,147736,666377678,243,13196,140806,666377707,227,13164,144940,666377727,246,13376,148931,666377719,221,13452,342214,666376800,7466,23359,148422,666376902,225,13197,
2026-09-30,07:04:48.925,999,2935,666400789,110,3686,3113,666400903,7949,13683,4279,666400972,81,3607,3879,666400987,76,3560,2425,666401016,85,3682,2663,666401099,83,3699,190619,666401175,7951,13649,3794,666401264,103,3713,
2026-09-30,07:04:49.925,1000,27505,667065743,127,5229,27549,667065773,7982,15207,25948,667065780,121,5130,23298,667065769,104,5145,30007,667065762,110,5227,26706,667065662,106,5319,216500,667065716,8030,15261,27871,667065794,123,5237,
2026-09-30,07:04:50.925,999,16243,666378149,140,4491,18103,666378136,7530,14450,21353,666378166,132,4355,16726,666378217,135,4344,17415,666378224,127,4526,17883,666378263,126,4535,211359,666378352,7549,14522,18976,666378458,141,4573,
2026-09-30,07:04:51.925,999,12387,666394126,89,3917,9007,666394126,6981,13872,11923,666394124,89,3818,15163,666394170,97,3834,13262,666394141,92,4004,15395,666394125,86,3965,208375,666394204,6970,13922,12151,666394228,80,3930,
2026-09-30,07:04:52.926,1000,2191,667058983,73,3500,2473,667058916,7488,13516,3098,667058885,48,3388,1749,667058868,62,3383,2475,667058907,64,3542,1233,667058862,57,3490,194661,667058876,7466,13533,2638,667058950,69,3527,
2026-09-30,07:04:53.926,1000,1866,667055230,49,3358,1016,667055253,7567,13294,414,667055230,36,3226,1160,667055217,35,3212,694,667055256,23,3349,590,667055254,31,3364,189095,667055293,7588,13338,591,667055313,38,3325,
2026-09-30,07:04:54.926,999,24768,666374414,233,5177,24320,666374404,8341,15146,23661,666374480,243,5136,27900,666374480,238,5034,24882,666374488,252,5201,24647,666373690,212,5069,209381,666373650,8344,15135,24765,666373631,247,5148,
2026-09-30,07:04:55.926,999,69457,666383084,153,7777,74122,666383149,8044,17601,69256,666383113,140,7546,72448,666383130,153,7509,69966,666383159,134,7692,69028,666383264,142,7677,257929,666383296,8022,17733,72946,666383250,143,7756,
2026-09-30,07:04:56.927,1000,32639,667039872,146,6210,33430,667039892,8106,16190,36558,667039908,153,6167,34401,667039925,141,6073,35908,667039982,139,6269,30191,667040034,132,6201,225650,667040004,8099,16185,36014,667039943,154,6165,
2026-09-30,07:04:57.926,999,6258,666357368,81,3790,5933,666357260,7713,13736,4617,666357197,70,3678,6187,666357189,60,3645,5458,666357179,62,3814,5352,666357163,64,3811,192765,666357157,7727,13769,5328,666356327,79,3796,
2026-09-30,07:04:58.926,999,32592,666373204,93,4808,32050,666373187,7243,14796,26718,666373289,68,4688,33685,666373298,85,4656,28004,666373304,80,4810,32963,666373373,78,4805,227169,666373323,7233,14837,27645,666372414,95,4886,
2026-09-30,07:04:59.927,1000,2056,667043359,86,3511,1756,667043327,7789,13462,1937,667043407,63,3396,1856,667043441,88,3393,2220,667043440,75,3494,1503,667043528,65,3506,193421,667043564,7785,13540,2610,667042793,79,3526,
2026-09-30,07:05:00.926,999,1768,666378121,64,3437,1969,666378175,7465,13401,3049,666378141,53,3369,1782,666378150,49,3349,1502,666378177,65,3467,1788,666377533,56,3462,196372,666377612,7432,13441,1311,666377569,55,3436,
2026-09-30,07:05:01.926,999,89576,666338758,264,9598,85514,666338784,7604,19653,84703,666338772,225,9453,92172,666338762,246,9405,91660,666338804,236,9722,88940,666338775,258,9662,275861,666337825,7585,19703,82557,666337765,233,9726,
2026-09-30,07:05:02.926,999,9436,666383032,117,4066,7020,666383038,7859,13998,10417,666383066,108,3980,7059,666383110,109,3881,8835,666383110,106,4098,7781,666383138,106,4082,193530,666382246,7868,14077,7081,666382314,97,4062,
2026-09-30,07:05:03.927,1000,10651,667052181,101,4062,7710,667052268,8176,14001,8704,667052255,83,3915,10727,667052269,89,3906,7905,667052299,81,3996,8242,667052302,82,3986,192538,667052368,8190,14008,8044,667051552,100,4015,
2026-09-30,07:05:04.926,999,20614,666374135,187,4598,20558,666374147,7638,14587,18566,666374155,174,4513,19003,666374150,162,4487,20771,666374154,183,4661,17439,666374166,161,4594,207826,666373170,7661,14637,18435,666373145,181,4670,
2026-09-30,07:05:05.926,999,4323,666361842,91,3629,3179,666361866,7353,13567,2756,666361870,77,3484,2912,666361870,71,3501,2312,666361890,73,3642,2683,666361889,75,3644,196260,666361916,7374,13618,2435,666361946,95,3608,
2026-09-30,07:05:06.927,1000,33749,667023348,91,4816,30186,667023314,7723,14839,30462,667023331,86,4765,29612,667023296,75,4653,30060,667023297,95,4879,30272,667023398,93,4836,218095,667023502,7723,14858,32102,667023564,89,4877,
2026-09-30,07:05:07.926,999,4049,666357060,101,3663,3643,666357061,7954,13636,4118,666357055,90,3588,3425,666357105,91,3558,3699,666357079,92,3696,4892,666357165,95,3687,191216,666357147,7990,13675,4082,666356212,102,3685,
2026-09-30,07:05:08.926,999,5062,666384029,67,3679,3940,666383969,7678,13594,6036,666383933,58,3567,4169,666383870,60,3557,4404,666383855,55,3680,4310,666383849,53,3648,195369,666383837,7704,13694,4813,666383853,61,3659,
2026-09-30,07:05:09.927,1000,2362,667047882,57,3442,1174,667047807,7491,13397,1080,667047839,54,3290,1002,667047846,59,3315,1468,667047880,45,3427,986,667047050,40,3450,192701,667047032,7497,13461,1791,667047095,56,3462,
2026-09-30,07:05:10.928,1000,7579,667044448,91,4027,7882,667044456,7697,13956,6208,667044409,79,3878,5818,667044430,74,3827,6543,667044433,69,4000,7389,667044314,82,4042,197570,667044374,7652,14021,7758,667044388,88,4005,
2026-09-30,07:05:11.927,999,1308,666371639,55,3390,876,666371668,7318,13343,838,666371674,46,3271,915,666371645,44,3244,825,666371678,35,3385,557,666371753,41,3378,194588,666371804,7330,13395,1833,666371975,55,3417,
2026-09-30,07:05:12.927,999,4878,666383139,58,3706,3354,666383139,7247,13606,5213,666383126,53,3513,3714,666383111,58,3525,5354,666383072,45,3710,3594,666383085,43,3673,200665,666382293,7253,13733,5112,666382334,68,3712,
2026-09-30,07:05:13.928,1000,11577,667023410,124,4004,11658,667023372,7682,13958,11106,667023350,105,3805,8843,667023329,115,3827,8511,667023361,113,3926,8246,667023313,123,3978,202674,667023379,7686,13963,8904,667023335,118,3965,
2026-09-30,07:05:14.927,999,10306,666378909,136,4169,14487,666378979,7504,14123,11621,666378960,139,4135,9367,666378955,126,4059,10002,666378962,140,4213,9651,666378068,120,4198,203824,666378029,7510,14167,11055,666378099,123,4205,
2026-09-30,07:05:15.927,999,821,666388360,61,3373,1561,666388401,7846,13333,1854,666388375,47,3262,752,666388404,51,3242,893,666388440,40,3370,634,666387591,48,3349,186277,666387565,7842,13353,1386,666387554,59,3378,
2026-09-30,07:05:16.928,1000,7915,667050611,85,3879,7776,667050560,8028,13800,6300,667050553,62,3783,5520,667050536,60,3732,6561,667050525,59,3874,7187,667049639,55,3842,191438,667049699,8031,13837,5815,667049694,79,3847,
2026-09-30,07:05:17.929,1000,1373,667007907,62,3422,1967,667008005,7917,13354,1679,667007973,49,3334,1215,667007932,38,3310,1579,667007870,42,3427,1253,667007869,38,3423,189112,667007218,7898,13423,1381,667007240,66,3440,
2026-09-30,07:05:18.928,999,16374,666395835,102,4366,16256,666395816,7236,14337,18715,666395815,87,4292,19690,666395828,75,4278,18711,666395828,94,4441,16956,666395888,79,4426,213570,666395947,7244,14368,20637,666395952,90,4436,
2026-09-30,07:05:19.928,999,6927,666386083,95,3733,7034,666386051,7856,13649,5457,666386095,63,3613,5745,666386078,72,3625,7179,666386060,71,3734,6117,666386151,72,3739,194412,666386189,7872,13715,6197,666386244,69,3724,
2026-09-30,07:05:20.929,1000,1447,667080187,64,3439,1546,667080158,7861,13362,1599,667080171,37,3324,1677,667080222,43,3292,1909,667080251,44,3430,1361,667080260,41,3426,185824,667080212,7872,13432,1147,667080249,67,3425,
2026-09-30,07:05:21.929,999,1127,666389833,58,3382,1205,666389906,7995,13301,657,666389897,44,3279,845,666389881,36,3264,470,666389890,42,3365,909,666389838,33,3348,192144,666389796,7971,13367,1588,666389771,52,3369,
2026-09-30,07:05:22.928,999,1498,666382449,41,3372,1380,666382434,8005,13355,1286,666382458,43,3307,2462,666382451,43,3294,1821,666382550,38,3400,1163,666382509,45,3401,185700,666382476,8015,13389,1416,666382452,52,3404,
2026-09-30,07:05:23.928,999,4715,666391324,64,3727,5383,666391308,7336,13720,7271,666391311,48,3612,4069,666391310,44,3573,5938,666391261,38,3730,3644,666391318,35,3705,202009,666391292,7318,13715,6363,666391249,58,3757,
2026-09-30,07:05:24.929,1000,3339,667026667,118,3553,2137,667026707,7987,13490,2758,667026743,104,3459,1957,667026722,98,3423,2450,667026810,98,3554,2192,667026855,106,3538,190114,667026989,7980,13555,2997,667027155,123,3560,
2026-09-30,07:05:25.928,999,2195,666354349,62,3492,2107,666354320,7752,13411,1903,666354255,35,3342,2369,666354283,48,3366,2458,666354271,35,3496,2572,666354239,37,3501,194671,666354263,7734,13473,2748,666354262,59,3491,
2026-09-30,07:05:26.928,999,2185,666377669,49,3441,1127,666377667,7195,13375,1501,666376947,43,3321,865,666376942,41,3313,1534,666376909,37,3508,1604,666376995,35,3496,194803,666377035,7230,13450,2798,666377076,32,3445,
2026-09-30,07:05:27.929,1000,2124,666991642,53,3427,2040,666991606,7827,13377,1358,666991588,37,3311,1642,666991567,38,3316,1519,666991569,40,3432,1788,666991504,46,3452,193623,666991535,7813,13433,1733,666991527,53,3417,
2026-09-30,07:05:28.928,999,847,666365306,48,3309,763,666365340,7924,13257,338,666365360,30,3221,369,666365332,30,3205,349,666365336,27,3317,439,666365296,25,3308,190947,666365410,7883,13291,1067,666365525,39,3302,
2026-09-30,07:05:29.928,999,1916,666379021,50,3331,1323,666379071,8168,13312,824,666379062,30,3254,1449,666379082,34,3252,1304,666379104,35,3339,1204,666379091,31,3316,186546,666379106,8183,13341,691,666379083,35,3335,
2026-09-30,07:05:30.929,1000,1279,667044171,44,3332,414,667044201,7487,13288,825,667044198,33,3222,848,667044177,31,3220,951,667044198,31,3344,342,667044238,26,3346,191227,667044231,7490,13356,849,667043304,47,3366,
2026-09-30,07:05:31.929,999,1093,666371337,44,3327,694,666371339,7607,13278,773,666371355,29,3232,1119,666371377,28,3236,1270,666371449,25,3353,624,666370661,39,3361,191013,666370543,7584,13319,990,666370564,45,3363,
2026-09-30,07:05:32.928,999,622,666388457,39,3320,472,666388446,7644,13240,339,666388520,21,3199,1582,666388533,22,3205,587,666388573,26,3322,581,666387675,22,3335,191088,666387737,7643,13325,535,666387697,40,3312,
2026-09-30,07:05:33.928,999,1239,666377807,29,3347,488,666377729,6834,13281,1056,666377678,24,3202,174,666377686,20,3186,333,666377660,11,3365,299,666377629,21,3373,198161,666377687,6819,13346,702,666376690,24,3363,
2026-09-30,07:05:34.929,1000,5107,667046291,109,3702,5063,667046263,7888,13662,5295,667046267,94,3596,4170,667046235,104,3623,5417,667046214,79,3693,4435,667046301,93,3735,194937,667046289,7919,13715,4120,667045435,116,3719,
2026-09-30,07:05:35.929,999,686,666388133,44,3351,679,666388158,7096,13291,423,666388175,29,3215,432,666388207,29,3208,585,666388216,28,3377,362,666388200,24,3363,198575,666387490,7093,13354,975,666387524,38,3346,
2026-09-30,07:05:36.928,999,793,666370088,40,3330,560,666370137,7772,13277,502,666370115,27,3201,367,666370082,21,3196,487,666370073,21,3327,716,666369338,22,3320,191026,666369396,7782,13318,800,666369395,36,3325,
2026-09-30,07:05:37.929,1000,2561,667050768,38,3413,2118,667050748,7429,13380,988,667050785,35,3294,1471,667050775,39,3297,1538,667050740,39,3448,810,667050695,36,3423,195898,667050771,7434,13410,2515,667050036,37,3396,
2026-09-30,07:05:38.929,999,884,666355275,43,3395,1256,666355263,7361,13317,1403,666355310,35,3279,853,666355335,35,3263,1081,666355337,28,3413,917,666355325,30,3408,194957,666355309,7365,13390,1777,666355299,33,3392,
2026-09-30,07:05:39.928,999,910,666362415,28,3305,234,666362410,7375,13244,623,666362391,25,3197,253,666362393,21,3174,428,666362363,24,3327,120,666362357,16,3316,194155,666362411,7396,13278,804,666362377,17,3297,
2026-09-30,07:05:40.929,1000,1509,667025086,33,3377,1164,667025109,7401,13332,1490,667025039,28,3249,568,667025013,33,3257,1073,667025048,27,3417,1089,667025019,28,3394,191849,667024260,7385,13369,1825,667024249,28,3412,
2026-09-30,07:05:41.929,999,627,666375184,26,3282,390,666375128,7523,13217,206,666375167,25,3179,348,666375208,21,3173,162,666375230,15,3311,185,666374405,22,3296,190790,666374417,7557,13272,647,666374578,24,3299,
2026-09-30,07:05:42.929,999,796,666354444,26,3290,151,666354444,7320,13238,85,666354492,16,3174,76,666354521,10,3163,94,666354548,13,3316,366,666354551,13,3318,192968,666354555,7333,13282,534,666354588,15,3281,
2026-09-30,07:05:43.928,999,1247,666376211,30,3306,395,666376169,7898,13264,608,666375441,22,3199,292,666375446,17,3186,556,666375485,13,3295,294,666375460,19,3285,187490,666375484,7889,13283,740,666375574,20,3290,
2026-09-30,07:05:44.929,1000,1585,667037481,57,3335,363,667037451,7988,13276,435,667037447,36,3244,525,667037437,38,3219,871,667037446,35,3341,561,667036672,41,3331,187532,667036664,8002,13332,1415,667036662,47,3320,
2026-09-30,07:05:45.929,999,514,666353240,23,3294,471,666353238,7209,13233,134,666353258,15,3172,323,666353228,8,3160,373,666353220,13,3316,201,666353155,20,3321,196541,666353124,7203,13289,266,666353097,14,3301,
2026-09-30,07:05:46.928,999,1381,666354075,39,3407,1266,666354039,7564,13329,1063,666354036,34,3292,999,666354058,33,3269,2178,666354107,29,3415,2262,666354201,26,3416,194630,666354202,7540,13400,1190,666354159,46,3408,
2026-09-30,07:05:47.929,1000,563,667041559,24,3327,406,667041561,6765,13263,165,667041570,12,3179,567,667041624,13,3171,177,667041701,19,3367,245,667041725,18,3367,202378,667040959,6788,13340,571,667041038,16,3319,
2026-09-30,07:05:48.929,999,1128,666392322,31,3324,861,666392307,7163,13271,611,666392347,18,3214,322,666392332,18,3207,375,666392383,11,3346,634,666392477,13,3354,198314,666391628,7166,13315,1200,666391506,23,3342,
2026-09-30,07:05:49.929,999,4487,666385354,61,3576,3407,666385280,7015,13506,2569,666385289,46,3424,2939,666385343,47,3416,2293,666385397,43,3587,3682,666385509,51,3607,200572,666385454,7004,13573,3201,666384548,46,3590,
2026-09-30,07:05:50.929,1000,14336,667054411,48,3850,11746,667054390,7925,13821,12967,667054380,44,3773,14076,667054363,41,3774,12025,667054368,40,3847,10804,667054470,41,3864,201206,667054515,7899,13852,13125,667054536,48,3855,
2026-09-30,07:05:51.930,1000,14872,667043346,62,4087,15419,667043405,7013,13971,14365,667043431,41,3899,17273,667043459,52,3910,17873,667043480,57,4106,15888,667043500,58,4092,210994,667043481,7029,14075,15204,667043500,70,4110,
2026-09-30,07:05:52.930,999,1168,666347446,32,3360,538,666347446,6950,13306,365,666347481,29,3217,835,666347462,25,3208,228,666347438,17,3362,531,666347507,22,3368,199785,666347608,6952,13359,1154,666347665,24,3359,
2026-09-30,07:05:53.929,999,770,666410208,26,3297,440,666410221,7489,13257,421,666410216,21,3198,650,666410239,20,3183,448,666410283,16,3333,464,666410350,15,3317,190546,666410495,7496,13306,532,666410540,22,3310,
2026-09-30,07:05:54.930,1000,4778,667038997,93,3652,4827,667039013,6876,13596,4062,667038963,78,3524,3309,667038934,91,3536,3778,667038923,96,3739,5769,667038835,85,3740,203622,667038840,6903,13686,4781,667038856,104,3730,
2026-09-30,07:05:55.930,999,1248,666368215,49,3323,1020,666368202,8132,13295,598,666368210,39,3253,717,666368178,47,3261,394,666368095,33,3315,808,666368042,33,3325,186478,666367280,8138,13343,2135,666367237,40,3334,
2026-09-30,07:05:56.930,999,1691,666382158,58,3443,758,666382232,7077,13361,736,666382255,35,3281,703,666382260,27,3260,959,666382229,37,3430,734,666382225,18,3405,196030,666382228,7074,13390,955,666382303,24,3400,
2026-09-30,07:05:57.930,1000,1737,667027013,53,3425,1374,667026956,7391,13383,1887,667026944,32,3299,1890,667026927,32,3294,1996,667026896,35,3471,870,667026852,37,3443,195792,667026939,7385,13450,1653,667026921,52,3439,
2026-09-30,07:05:58.931,1000,4325,667049153,54,3557,2631,667049115,7717,13498,3605,667049058,27,3440,2026,667049039,38,3378,3175,667049048,43,3546,2510,667049194,29,3515,193762,667049187,7705,13579,3388,667048052,55,3562,
2026-09-30,07:05:59.931,999,881,666382516,42,3337,2045,666382579,7326,13279,1615,666382565,21,3222,898,666382544,32,3217,484,666382532,30,3367,533,666382625,32,3360,191493,666382666,7328,13341,719,666381841,36,3338,
2026-09-30,07:06:00.931,999,1402,666366325,42,3331,555,666366353,7492,13274,525,666366305,16,3187,397,666366276,23,3191,423,666366226,14,3329,463,666366170,21,3334,190722,666365326,7491,13318,539,666365312,35,3334,
2026-09-30,07:06:01.931,1000,1704,667039089,40,3357,738,667039017,7628,13308,597,667038986,16,3242,529,667039019,20,3245,793,667038992,18,3365,704,667039088,14,3351,190421,667038402,7618,13362,1203,667038297,33,3378,
2026-09-30,07:06:02.931,999,1295,666359177,54,3396,720,666359205,7511,13323,1196,666359222,37,3272,880,666359223,36,3257,1012,666359197,35,3407,1134,666359260,33,3374,194546,666359259,7539,13383,980,666359254,44,3374,
2026-09-30,07:06:03.931,999,1018,666397308,58,3379,1047,666397309,7367,13308,1088,666397306,31,3282,1484,666397345,40,3275,1227,666397342,44,3433,1243,666397379,42,3409,195900,666397447,7371,13381,1330,666397505,47,3408,
2026-09-30,07:06:04.931,1000,4375,667072360,91,3604,3723,667072362,7400,13575,4615,667072407,58,3514,4129,667072448,65,3520,3562,667072460,67,3668,3903,667072428,51,3663,195744,667072439,7391,13610,2996,667072532,81,3631,
2026-09-30,07:06:05.931,999,1478,666382835,50,3358,399,666382872,7347,13289,1103,666382781,32,3241,1184,666382776,31,3243,733,666382829,26,3384,1036,666382938,30,3381,194607,666383026,7348,13370,887,666383086,36,3375,
2026-09-30,07:06:06.931,999,1639,666392691,45,3391,577,666392709,7516,13300,775,666392699,41,3265,692,666392717,36,3251,1101,666392816,34,3389,942,666392794,30,3355,194255,666392929,7493,13383,1129,666392898,41,3400,
2026-09-30,07:06:07.931,999,828,666354039,39,3340,894,666353945,8084,13313,1312,666353945,33,3231,968,666353930,35,3274,741,666353934,32,3367,1322,666353859,41,3379,187268,666353853,8063,13338,1171,666353761,45,3356,
2026-09-30,07:06:08.931,1000,2641,667029416,51,3422,2103,667029353,7221,13382,1798,667029349,38,3317,950,667029338,33,3286,1886,667029359,40,3478,1181,667029295,36,3467,196186,667028409,7211,13415,2275,667028421,42,3443,
2026-09-30,07:06:09.931,999,1158,666394425,28,3316,211,666394427,7258,13239,551,666394530,22,3186,325,666394495,15,3175,257,666394496,19,3346,153,666393872,12,3319,196078,666393882,7243,13288,303,666393891,26,3303,
2026-09-30,07:06:10.931,999,669,666392375,34,3323,587,666392352,6900,13280,205,666392304,15,3185,338,666392289,24,3189,1337,666392195,23,3380,244,666392290,25,3363,200768,666391663,6900,13355,458,666391724,24,3351,
2026-09-30,07:06:11.932,1000,766,667059891,28,3310,409,667059923,7415,13275,782,667059902,12,3182,430,667059884,13,3175,154,667059850,17,3341,164,667059838,12,3308,192275,667059071,7392,13327,1196,667058989,19,3312,
2026-09-30,07:06:12.932,1000,698,667048649,28,3319,314,667048615,7096,13274,779,667048634,10,3176,175,667048662,11,3160,223,667048715,14,3340,149,667048161,18,3325,194688,667048283,7114,13340,461,667048351,20,3348,
2026-09-30,07:06:13.932,999,4265,666354670,41,3619,4911,666354699,7589,13549,4767,666354689,49,3515,4404,666354692,36,3510,6097,666354686,44,3697,5330,666354660,43,3623,199881,666354615,7595,13636,3913,666354617,45,3632,
2026-09-30,07:06:14.932,999,6884,666380358,69,3782,7993,666380368,6814,13721,4932,666380352,60,3640,6806,666380391,62,3613,5777,666380379,61,3827,6021,666380391,59,3795,204946,666380428,6842,13786,5759,666380468,72,3824,
2026-09-30,07:06:15.932,1000,1157,667044331,40,3368,1273,667044408,6876,13322,913,667044394,29,3232,607,667044364,37,3235,1170,667044435,29,3428,613,667044521,37,3401,199598,667044619,6871,13386,626,667043870,40,3392,
2026-09-30,07:06:16.932,999,1480,666376954,32,3359,1591,666376947,7043,13310,334,666376975,15,3201,481,666376989,23,3209,865,666376994,16,3363,494,666376984,25,3377,199299,666376155,7038,13357,1080,666376090,33,3374,
2026-09-30,07:06:17.932,999,624,666373171,30,3296,524,666373211,7318,13229,174,666373172,16,3191,535,666373189,15,3182,338,666373201,14,3334,229,666372216,14,3321,193404,666372159,7336,13298,453,666372121,25,3312,
2026-09-30,07:06:18.933,1000,728,667044260,17,3288,169,667044267,7008,13248,476,667044291,11,3166,322,667044296,11,3161,368,667044292,9,3324,514,667044311,11,3308,198079,667043704,7045,13308,456,667043751,18,3312,
2026-09-30,07:06:19.933,1000,3127,667022030,69,3554,2676,667021969,7498,13470,3661,667021987,52,3422,2446,667021974,58,3387,3350,667021975,60,3550,3320,667021957,55,3551,193402,667022033,7527,13539,4039,667021976,62,3556,
2026-09-30,07:06:20.933,999,722,666360447,45,3330,258,666360466,7347,13274,312,666360472,22,3197,480,666360494,22,3193,312,666360451,33,3364,503,666360538,28,3351,190761,666360544,7365,13331,784,666360590,38,3330,
2026-09-30,07:06:21.933,999,894,666382162,35,3336,229,666382155,6527,13292,146,666382160,12,3171,129,666382153,16,3171,382,666382090,16,3390,210,666382108,10,3378,202463,666381309,6544,13343,679,666381312,29,3349,
2026-09-30,07:06:22.934,1000,359,667048878,36,3318,372,667048860,6669,13264,171,667048879,14,3168,122,667048906,8,3176,206,667048878,20,3364,146,667048892,17,3362,202614,667047880,6681,13341,346,667047771,19,3333,
2026-09-30,07:06:23.933,999,639,666378866,40,3336,632,666378907,6676,13303,722,666378918,24,3208,393,666378966,25,3193,535,666379019,27,3402,711,666378994,21,3389,203538,666378964,6680,13357,806,666378154,25,3364,
2026-09-30,07:06:24.933,999,1941,666379142,61,3408,1090,666379151,7337,13362,1055,666379138,57,3301,1128,666379144,56,3309,1969,666379172,51,3445,1330,666379215,66,3472,192944,666378381,7339,13415,2608,666378357,64,3409,
2026-09-30,07:06:25.934,1000,1681,667049336,32,3341,1889,667049319,6873,13301,503,667049287,26,3211,587,667049271,25,3199,688,667049243,26,3412,1020,667049203,25,3394,201253,667049249,6873,13376,1095,667048293,37,3372,
2026-09-30,07:06:26.933,999,1290,666385471,53,3418,1244,666385408,6790,13363,727,666385380,25,3260,391,666385409,25,3227,845,666385421,26,3437,816,666385481,20,3413,199961,666385450,6749,13415,960,666384562,44,3442,
2026-09-30,07:06:27.933,999,716,666380128,34,3330,667,666380081,6811,13288,387,666380057,26,3196,430,666380043,23,3190,574,666380006,17,3385,393,666380051,23,3370,198456,666380078,6788,13339,1160,666380058,37,3372,
2026-09-30,07:06:28.933,999,611,666379650,33,3325,513,666379678,6910,13263,384,666379656,9,3173,268,666379658,14,3179,1345,666379638,12,3351,364,666379636,11,3345,201153,666379074,6908,13336,665,666379061,28,3353,
2026-09-30,07:06:29.934,1000,558,667035339,23,3323,126,667035344,6910,13259,141,667035371,11,3174,152,667035353,16,3172,147,667035373,10,3345,159,667035338,15,3340,197514,667034401,6913,13317,361,667034413,21,3316,
2026-09-30,07:06:30.933,999,741,666365651,47,3339,948,666365657,7288,13272,883,666365650,19,3215,665,666365661,20,3213,1582,666365637,29,3370,497,666365720,31,3360,192865,666364506,7304,13337,869,666364575,34,3362,
2026-09-30,07:06:31.933,999,1208,666406110,26,3375,942,666406058,6393,13315,564,666406096,19,3215,329,666406160,9,3186,1064,666406177,13,3425,793,666406235,11,3410,203787,666406340,6424,13393,557,666406444,22,3392,
2026-09-30,07:06:32.934,1000,338,667056958,23,3290,141,667056971,7361,13236,35,667057032,5,3152,40,667057064,7,3152,571,667057063,12,3309,94,667056994,8,3288,189570,667056973,7375,13292,388,667057044,19,3280,
2026-09-30,07:06:33.934,999,117315,666402209,305,11683,117266,666402227,6928,21554,123715,666402229,282,11311,113425,666402262,274,11281,121042,666402268,289,11514,120768,666402342,258,11528,323288,666402401,6956,21495,119045,666402423,293,11472,
2026-09-30,07:06:34.933,999,26352,666458782,227,5233,25497,666458785,7898,15234,25862,666458751,213,5187,24810,666458814,205,5104,25274,666458814,215,5245,25685,666458899,211,5292,216292,666458990,7885,15250,28543,666459014,232,5282,
2026-09-30,07:06:35.933,999,6779,666395697,140,3971,7693,666395744,7091,13985,6702,666395820,131,3877,7476,666395811,119,3867,7791,666395800,113,4035,6054,666395814,125,4010,204858,666395867,7082,13978,8798,666395872,137,4027,
2026-09-30,07:06:36.933,999,5028,666367879,101,3822,5872,666367881,7156,13780,4781,666367902,67,3648,4900,666367903,75,3641,4961,666367883,77,3862,5459,666367911,71,3784,200098,666368025,7168,13785,4990,666368036,80,3838,
2026-09-30,07:06:37.934,1000,1684,667050578,68,3453,771,667050626,6645,13388,938,667050613,38,3302,615,667050586,44,3280,1226,667050522,33,3476,1471,667050531,39,3486,202756,667050466,6668,13443,1001,667050508,45,3439,
2026-09-30,07:06:38.933,999,8462,666363942,56,3907,10922,666363959,7222,13843,10776,666363890,50,3819,8302,666363846,56,3817,8498,666363842,51,3971,8741,666362923,45,3943,200510,666362930,7236,13944,9651,666362946,63,3953,
2026-09-30,07:06:39.933,999,18550,666397295,161,4722,15637,666397331,6601,14638,17386,666397386,129,4567,18250,666397354,162,4597,16942,666397321,148,4788,17812,666397187,151,4785,224004,666397246,6575,14733,15656,666397215,153,4751,
2026-09-30,07:06:40.934,1000,8466,667036337,82,3865,8553,667036385,6758,13849,4929,667036335,73,3724,6729,667036346,50,3710,7406,667036349,59,3941,6538,667036377,65,3921,208646,667035373,6731,13903,6893,667035413,78,3882,
2026-09-30,07:06:41.933,999,27444,666356275,135,5351,25657,666356234,7070,15327,24861,666356254,115,5201,22019,666356247,126,5240,27026,666356243,110,5484,25619,666356261,134,5441,222341,666356266,7103,15351,25556,666356413,137,5321,
2026-09-30,07:06:42.933,999,4221,666379211,86,3565,2590,666379207,6973,13532,2346,666379226,86,3441,2451,666379262,81,3423,2381,666379281,78,3625,1581,666379336,84,3605,198727,666379302,6989,13581,2250,666378317,90,3555,
2026-09-30,07:06:43.934,1000,1426,667050507,60,3423,1452,667050499,7131,13368,781,667050507,48,3270,777,667050465,59,3279,661,667050457,45,3439,1319,667049225,49,3437,197417,667049195,7139,13411,1321,667049114,61,3420,
2026-09-30,07:06:44.934,999,3447,666377820,116,3620,2648,666377839,6855,13583,2790,666377867,122,3499,2894,666377853,115,3504,3375,666377850,112,3670,2437,666377856,108,3621,202390,666377844,6857,13641,3679,666377824,103,3663,
2026-09-30,07:06:45.933,999,821,666375470,48,3353,702,666375477,7386,13297,511,666375457,44,3253,988,666375475,35,3237,967,666375400,37,3381,855,666375476,49,3391,193450,666375514,7392,13349,891,666374646,49,3380,
2026-09-30,07:06:46.933,999,9638,666377277,81,3950,9448,666377312,6968,13875,8641,666377332,76,3717,7590,666377335,81,3751,8531,666377333,68,3870,7908,666376678,68,3869,206840,666376545,6966,13906,10070,666376451,92,3937,
2026-09-30,07:06:47.934,1000,3247,667056193,61,3520,2577,667056234,6927,13485,2331,667056283,59,3373,1973,667056252,64,3397,1714,667056307,59,3557,1747,667055632,59,3533,198098,667055783,6934,13551,3418,667055742,65,3564,
2026-09-30,07:06:48.934,999,1823,666382966,37,3421,1566,666382919,6626,13350,1309,666382939,31,3263,1278,666382968,42,3264,1387,666382234,40,3445,2301,666382217,44,3453,200044,666382268,6623,13426,1331,666382123,39,3439,
2026-09-30,07:06:49.933,999,5953,666393315,62,3606,4368,666393329,7105,13527,4699,666393315,43,3445,3532,666393342,42,3421,5154,666393300,45,3653,4725,666393223,36,3613,201053,666393209,7123,13583,5996,666392021,61,3623,
2026-09-30,07:06:50.933,999,1594,666372545,58,3361,1420,666372638,7437,13313,968,666372649,46,3239,570,666372663,45,3240,557,666372663,54,3392,953,666372793,40,3395,193442,666372821,7471,13353,1231,666372770,49,3373,
2026-09-30,07:06:51.934,1000,1003,667063565,57,3418,1063,667063528,7099,13335,751,667063509,41,3269,1366,667063522,35,3264,1220,667063516,40,3436,695,667063516,41,3427,194737,667062566,7120,13409,1184,667062621,41,3406,
2026-09-30,07:06:52.934,999,1634,666365512,51,3421,1163,666365502,7031,13380,1064,666365483,36,3301,1203,666365477,41,3300,2853,666365485,40,3501,1387,666365426,33,3465,196897,666365312,7010,13427,1587,666365240,41,3449,
2026-09-30,07:06:53.933,999,856,666380980,39,3352,255,666381015,6581,13283,419,666380982,11,3188,139,666380980,12,3164,538,666380038,27,3382,166,666380092,15,3365,199155,666380051,6581,13335,621,666380065,27,3372,
2026-09-30,07:06:54.934,1000,1373,667050481,87,3485,1416,667050512,7049,13421,1642,667050546,63,3341,2417,667050623,71,3310,1532,667050601,65,3498,2219,667049719,71,3482,199408,667049686,7042,13469,2629,667049670,85,3491,
2026-09-30,07:06:55.934,999,1613,666382803,45,3379,1126,666382823,7291,13341,908,666382772,45,3277,746,666382800,43,3241,1246,666382795,41,3399,1374,666382013,45,3410,197000,666381976,7286,13396,1383,666382013,50,3398,
2026-09-30,07:06:56.933,999,1576,666380999,46,3399,1190,666381063,7078,13325,770,666381048,26,3239,968,666381002,35,3258,754,666381017,31,3418,581,666380144,28,3400,197040,666380207,7095,13394,1335,666380297,38,3392,
2026-09-30,07:06:57.933,999,1244,666372662,41,3326,668,666372579,7861,13262,532,666372586,36,3220,799,666372601,31,3214,534,666372638,36,3330,718,666372067,28,3327,188891,666372047,7863,13286,774,666372032,32,3310,
2026-09-30,07:06:58.934,1000,1598,667022038,51,3406,1177,667022065,6983,13344,575,667022033,41,3238,684,667022040,37,3257,987,667022026,41,3451,975,667022044,37,3400,198772,667022067,6989,13410,1460,667022082,51,3422,
2026-09-30,07:06:59.934,999,430,666356173,35,3294,394,666356191,7665,13247,125,666356165,20,3170,408,666356162,18,3174,166,666356144,19,3301,694,666355462,18,3291,190946,666355454,7660,13300,513,666355450,35,3307,
2026-09-30,07:07:00.933,999,807,666364343,44,3308,340,666364395,7586,13271,1014,666364394,23,3201,587,666364380,28,3205,277,666364426,24,3330,276,666364428,20,3322,189034,666364424,7602,13315,605,666363458,43,3329,
2026-09-30,07:07:01.934,1000,1450,667043141,34,3431,1292,667043188,6376,13417,759,667043142,31,3294,1283,667043156,20,3261,1127,667043193,30,3490,1197,667042367,26,3464,203677,667042383,6392,13472,2147,667042292,32,3463,
2026-09-30,07:07:02.934,999,1616,666379546,33,3350,742,666379626,7248,13286,782,666379633,25,3204,243,666379599,20,3200,311,666379596,23,3348,291,666378698,22,3341,195221,666378726,7257,13345,1107,666378632,33,3352,
2026-09-30,07:07:03.933,999,1886,666383694,49,3384,677,666383705,7443,13340,1422,666383736,42,3270,1019,666382549,48,3272,849,666382563,37,3408,862,666382547,42,3400,193716,666382582,7470,13389,1326,666382569,48,3390,
2026-09-30,07:07:04.934,1000,9087,667054886,96,3936,9165,667054909,7155,13832,12379,667054873,84,3804,6696,667054903,63,3710,8252,667054925,73,3914,13224,667055028,76,3967,202997,667054058,7161,13893,8813,667054054,86,3904,
2026-09-30,07:07:05.934,999,2153,666379067,30,3376,1166,666379051,6626,13347,1794,666379127,25,3235,2081,666379114,19,3219,1064,666379177,15,3407,928,666379215,23,3404,204460,666378506,6624,13404,1566,666378494,26,3409,
2026-09-30,07:07:06.934,999,2267,666378418,60,3434,2248,666378443,7573,13378,2016,666378471,39,3319,1640,666378427,60,3363,2300,666378506,48,3486,1628,666378504,44,3459,191497,666377807,7589,13460,2978,666377772,53,3453,
2026-09-30,07:07:07.933,999,674,666405346,38,3377,469,666405332,6828,13312,346,666405370,29,3217,648,666405377,27,3216,415,666405440,23,3388,550,666405497,18,3372,199152,666405465,6832,13377,848,666405511,35,3384,
2026-09-30,07:07:08.934,1000,1425,667050205,43,3403,1536,667050241,7478,13368,1192,667050285,26,3324,1025,667050322,32,3296,1089,667050377,27,3433,1306,667050407,27,3433,192245,667049643,7462,13437,2255,667049654,35,3400,
2026-09-30,07:07:09.934,999,1534,666378375,56,3409,924,666378401,7094,13329,1072,666378400,26,3253,990,666378414,38,3269,755,666378451,35,3432,2211,666378555,28,3426,196398,666378598,7100,13382,859,666378620,39,3379,
2026-09-30,07:07:10.934,999,1883,666363379,36,3384,418,666363336,6571,13281,531,666363384,21,3210,731,666363329,14,3186,617,666363399,19,3420,624,666362709,15,3373,198708,666362682,6584,13354,861,666362760,20,3368,
2026-09-30,07:07:11.934,1000,5939,667043621,65,3626,4706,667043638,7046,13569,4968,667043614,54,3459,6060,667043626,59,3490,5131,667043682,60,3648,4529,667042957,59,3625,201477,667042928,7069,13633,4651,667042930,62,3618,
2026-09-30,07:07:12.935,1000,2045,667054125,39,3382,1238,667054141,7358,13334,2030,667054130,29,3295,1145,667054148,30,3273,1504,667054131,33,3415,929,667053465,26,3392,196018,667053465,7373,13395,1683,667053447,40,3391,
2026-09-30,07:07:13.935,999,3714,666394863,22,3474,2727,666394862,7614,13437,3359,666394805,20,3391,3328,666394802,17,3362,3402,666394789,19,3549,2763,666394753,13,3480,194263,666394740,7620,13491,4360,666394681,24,3506,
2026-09-30,07:07:14.935,999,1982,666369384,73,3476,1393,666369351,6862,13379,1230,666369277,62,3314,837,666369271,76,3327,1090,666369252,60,3521,949,666369238,58,3496,200553,666369229,6840,13479,2115,666369214,80,3518,
2026-09-30,07:07:15.935,1000,6594,667055414,51,3727,6111,667055399,6714,13710,7053,667055351,48,3594,6101,667055352,39,3579,6805,667055390,40,3795,8342,667055400,37,3769,211232,667054405,6697,13807,6269,667054390,53,3765,
2026-09-30,07:07:16.935,999,11798,666381649,46,4029,12620,666381696,6912,13904,8747,666381713,42,3863,10443,666381674,46,3886,9302,666381622,32,4039,13067,666381626,40,4037,210328,666380850,6931,13983,11203,666380869,46,4043,
2026-09-30,07:07:17.935,999,1890,666381512,49,3390,1177,666381500,7309,13331,938,666381526,38,3259,1102,666381515,35,3284,1990,666381562,33,3433,904,666381559,31,3396,196739,666380827,7348,13411,1049,666380816,34,3392,
2026-09-30,07:07:18.934,999,793,666377290,36,3341,745,666377387,6765,13301,639,666377362,26,3210,286,666377306,20,3184,572,666377325,30,3425,355,666376511,29,3401,197935,666376416,6745,13352,592,666376435,42,3366,
2026-09-30,07:07:19.935,1000,1452,667061217,60,3413,892,667061256,7273,13354,1016,667061270,37,3273,2068,667061257,34,3264,1088,667061322,29,3432,729,667060363,33,3416,197016,667060415,7266,13402,3197,667060386,49,3421,
2026-09-30,07:07:20.935,999,3912,666377758,73,3586,3830,666377788,6974,13519,3908,666377742,48,3414,3253,666377695,53,3431,3583,666377693,49,3621,3224,666376906,48,3612,200280,666376870,6988,13582,4175,666376827,58,3615,
2026-09-30,07:07:21.935,999,752,666387928,31,3324,387,666387941,6776,13267,561,666387941,24,3206,464,666387950,15,3189,286,666388016,19,3381,763,666387997,13,3370,200646,666387970,6813,13340,438,666387935,20,3331,
2026-09-30,07:07:22.935,1000,891,667040955,33,3324,590,667041025,6883,13277,492,667041050,30,3204,312,667041039,18,3177,244,667041132,26,3395,223,667041212,25,3368,199062,667040395,6884,13349,517,667040413,47,3362,
2026-09-30,07:07:23.935,999,26317,666366431,54,4345,23295,666366512,6850,14269,23948,666366525,38,4226,24831,666366513,36,4173,23130,666366528,33,4384,25042,666366449,42,4320,221424,666366368,6841,14337,23791,666366373,54,4361,
2026-09-30,07:07:24.935,999,1433,666363915,85,3476,1181,666363936,6806,13438,2823,666363925,69,3347,1571,666363923,70,3322,1539,666363937,73,3530,1480,666363902,60,3522,202421,666363842,6797,13500,2046,666363823,87,3519,
2026-09-30,07:07:25.935,999,1760,666385925,38,3356,457,666385930,7329,13295,861,666385949,24,3241,999,666385977,22,3218,901,666386014,31,3384,826,666384991,29,3367,194926,666384943,7319,13364,679,666384956,46,3380,
2026-09-30,07:07:26.935,1000,2531,667071138,60,3562,1675,667071158,6424,13488,1375,667071139,51,3368,1730,667071138,53,3363,2307,667071114,46,3603,1809,667070333,56,3582,206872,667070245,6393,13582,2843,667070153,45,3561,
2026-09-30,07:07:27.935,999,1175,666386659,41,3364,446,666386714,6726,13292,1222,666386765,28,3242,428,666386752,31,3220,854,666386755,34,3415,954,666386854,24,3386,198919,666386844,6752,13365,1943,666386733,35,3387,
2026-09-30,07:07:28.935,999,1142,666388952,42,3353,794,666388930,6998,13321,1002,666388963,20,3247,830,666388941,21,3222,1737,666388880,18,3401,480,666388955,19,3411,199437,666388048,7017,13376,687,666388032,34,3375,
2026-09-30,07:07:29.935,1000,717,667023172,36,3330,347,667023152,6934,13286,524,667023097,22,3189,274,667023059,18,3193,225,667023072,15,3365,261,667023082,26,3360,198068,667023206,6957,13342,519,667023205,25,3333,
2026-09-30,07:07:30.936,1000,1949,667049233,50,3375,1278,667049289,7515,13325,841,667049282,27,3255,634,667049305,30,3234,1075,667049278,30,3377,1720,667048340,24,3371,193977,667048293,7498,13378,1007,667048493,41,3385,
2026-09-30,07:07:31.936,999,1546,666357648,49,3358,768,666357620,7242,13285,289,666357620,26,3212,473,666357640,27,3203,952,666357606,32,3390,831,666357626,36,3353,196756,666357642,7235,13341,1017,666357644,39,3352,
2026-09-30,07:07:32.936,999,890,666375320,37,3337,677,666375328,6958,13280,403,666375324,27,3208,255,666375330,19,3176,169,666375367,14,3356,620,666374710,30,3368,197808,666374628,6944,13324,452,666374608,29,3328,
2026-09-30,07:07:33.936,1000,503,667041893,25,3308,251,667041995,6749,13272,217,667042081,7,3163,66,667042090,9,3151,85,667042151,6,3351,105,667042159,15,3344,199069,667041225,6763,13332,476,667041235,24,3326,
2026-09-30,07:07:34.936,999,10432,666370192,55,3705,8723,666370208,6541,13613,5806,666370194,40,3532,8072,666370226,32,3491,5063,666370228,38,3763,8087,666369070,38,3727,211863,666368982,6545,13677,7382,666369003,50,3721,
2026-09-30,07:07:35.936,999,9718,666369388,58,3839,8118,666369408,6799,13801,9355,666369435,49,3735,10737,666369410,36,3680,10999,666369372,44,3885,10600,666368607,41,3884,209327,666368560,6783,13865,9989,666368507,57,3877,
2026-09-30,07:07:36.937,1000,1864,667043070,61,3433,1687,667043056,7401,13369,984,667043078,34,3273,655,667043080,38,3296,1701,667043125,49,3464,1011,667043073,54,3471,196575,667042398,7402,13434,1410,667042443,51,3441,
2026-09-30,07:07:37.936,999,1614,666378551,34,3394,543,666378567,6205,13325,557,666378582,25,3220,973,666378610,28,3220,804,666378562,29,3441,576,666377818,21,3436,205455,666377804,6218,13425,555,666377785,34,3417,
2026-09-30,07:07:38.936,999,1949,666365165,48,3484,1599,666365159,6981,13410,2665,666365112,36,3346,1992,666365067,32,3353,1910,666365070,33,3516,2628,666364505,33,3557,199147,666364481,6970,13478,2644,666364477,39,3474,
2026-09-30,07:07:39.936,999,7546,666374155,38,3763,6680,666374143,6954,13719,5321,666374200,25,3617,6758,666374185,31,3608,6317,666374215,31,3782,4839,666373554,32,3769,202848,666373544,6955,13765,6626,666373549,43,3774,
2026-09-30,07:07:40.936,1000,977,667023950,46,3353,658,667023922,7483,13299,1548,667023833,37,3264,499,667023822,37,3255,661,667023844,33,3386,899,667023891,36,3385,194996,667023977,7482,13360,891,667024008,35,3344,
2026-09-30,07:07:41.936,999,426,666361417,22,3291,259,666361433,6830,13253,232,666361467,20,3184,119,666361484,10,3161,301,666361432,11,3348,864,666361362,12,3362,196645,666361488,6849,13310,622,666361446,25,3325,
2026-09-30,07:07:42.936,999,2403,666354804,64,3459,2373,666354814,7692,13431,2158,666354833,62,3373,2651,666354834,58,3367,2564,666354852,62,3492,1424,666354894,59,3460,189808,666354968,7686,13461,1761,666354946,72,3448,
2026-09-30,07:07:43.937,1000,844,667051812,40,3298,202,667051872,7637,13244,304,667051866,24,3196,462,667051891,24,3192,157,667051898,20,3310,175,667051883,20,3293,190117,667051838,7649,13307,543,667051886,28,3304,
2026-09-30,07:07:44.936,999,1843,666337682,80,3413,979,666337685,7518,13349,1020,666337734,69,3297,904,666337771,59,3297,572,666337714,56,3415,946,666336466,47,3398,192795,666336509,7522,13405,2149,666336538,73,3402,
2026-09-30,07:07:45.936,999,798,666372351,32,3358,892,666372345,6544,13318,608,666372414,25,3216,492,666372435,15,3204,900,666372455,27,3416,339,666372502,25,3393,201658,666371669,6524,13343,883,666371676,31,3394,
2026-09-30,07:07:46.937,1000,1291,667056810,42,3418,1605,667056807,7114,13376,1452,667056770,29,3308,858,667056782,35,3288,1550,667056780,35,3467,1864,667055978,30,3470,197314,667055951,7083,13442,2742,667055903,30,3434,
2026-09-30,07:07:47.936,999,793,666378564,43,3307,557,666378639,7720,13263,273,666378606,27,3192,473,666378600,17,3197,376,666378581,30,3320,333,666377823,29,3321,189097,666377815,7710,13297,426,666377884,27,3307,
2026-09-30,07:07:48.936,999,2156,666356702,57,3432,1433,666356740,7560,13350,1343,666356735,47,3309,965,666356676,33,3291,1646,666356675,39,3432,1535,666356684,48,3435,192953,666356678,7560,13423,1413,666356683,59,3469,
2026-09-30,07:07:49.936,999,1065,666390352,29,3304,547,666390292,7301,13229,264,666390325,24,3196,687,666390326,24,3184,434,666390332,27,3363,485,666390383,21,3351,191887,666390342,7329,13300,553,666390441,30,3327,
2026-09-30,07:07:50.936,1000,3406,667020375,48,3472,2353,667020315,7344,13405,2328,667020335,30,3364,2277,667020316,18,3307,2446,667020339,27,3490,1939,667020310,28,3456,196407,667020383,7370,13471,2897,667020345,46,3509,
2026-09-30,07:07:51.936,999,808,666356786,33,3315,466,666356774,6867,13258,116,666356872,18,3174,274,666356886,13,3162,83,666356888,13,3354,33,666356915,8,3329,199592,666356848,6873,13315,446,666356779,22,3333,
2026-09-30,07:07:52.936,999,1203,666379363,44,3367,794,666379339,7300,13316,1527,666379325,37,3288,1183,666377596,32,3242,852,666377624,30,3380,1482,666377618,30,3411,195752,666377670,7340,13372,856,666377582,34,3372,
2026-09-30,07:07:53.937,1000,2367,667046641,48,3454,1745,667046697,7152,13396,1329,667046731,51,3326,1358,667046723,40,3311,3178,667046655,32,3482,1131,667046624,40,3491,197047,667046623,7130,13455,2190,667046540,46,3485,
2026-09-30,07:07:54.936,999,1489,666339371,55,3429,1052,666339344,6834,13364,786,666339379,57,3275,557,666339371,51,3256,1463,666339343,43,3453,1332,666339347,45,3436,197679,666339429,6847,13427,880,666339443,48,3434,
2026-09-30,07:07:55.936,999,41668,666385035,124,6369,42476,666385088,7134,16239,38381,666385140,126,6253,42479,666385132,109,6139,40815,666385211,111,6407,39330,666385187,108,6443,237908,666385074,7126,16335,45464,666384245,110,6319,
2026-09-30,07:07:56.937,1000,29823,667044144,99,5249,27269,667044134,7355,15162,30193,667044144,97,5092,24963,667044165,95,5110,23925,667044137,96,5199,25002,667044163,107,5318,218015,667043215,7371,15199,28952,667043137,120,5207,
2026-09-30,07:07:57.936,999,1888,666368532,49,3454,1572,666368492,7319,13419,1218,666368419,40,3321,2066,666368410,32,3322,1153,666368487,41,3501,1566,666368470,38,3481,195876,666368463,7297,13456,1672,666368357,48,3464,
2026-09-30,07:07:58.936,999,4024,666376082,64,3574,2642,666376106,7301,13462,2984,666376173,43,3437,2488,666376160,52,3437,1854,666376132,43,3551,1707,666375281,41,3532,196070,666375320,7302,13524,2726,666375398,49,3525,
2026-09-30,07:07:59.936,999,2567,666364213,66,3573,2923,666364200,6881,13523,2143,666364192,58,3425,2199,666364162,55,3428,2784,666364159,72,3623,2214,666364044,58,3591,201777,666364071,6883,13594,2559,666364100,73,3611,
2026-09-30,07:08:00.937,1000,2282,667042513,53,3431,1851,667042573,7182,13397,704,667042575,49,3296,1158,667042580,54,3282,698,667042621,47,3447,1100,667041864,43,3432,196967,667041783,7165,13434,1831,667041722,54,3449,
2026-09-30,07:08:01.936,999,3293,666374679,51,3529,2584,666374668,7492,13468,2291,666374672,45,3393,1607,666374677,45,3345,3076,666374576,47,3511,1893,666374567,45,3486,195422,666374559,7525,13504,3212,666373827,51,3520,
2026-09-30,07:08:02.936,999,272624,666398627,715,22002,258786,666398656,8010,31847,273543,666398676,713,21779,277635,666398641,727,21734,259304,666398636,754,21684,272797,666398645,705,22143,468362,666397931,8000,31966,264636,666397861,705,22219,
2026-09-30,07:08:03.937,1000,10870,667050477,149,4441,11656,667050463,7109,14394,9324,667049786,140,4225,9084,667049792,142,4232,8374,667049788,141,4433,7548,667049863,124,4394,206376,667049914,7117,14462,9437,667049965,154,4443,
2026-09-30,07:08:04.937,999,25316,666390321,197,5435,22651,666390440,7421,15380,25369,666390453,200,5334,24610,666390484,210,5328,28867,666390511,205,5584,28021,666390571,213,5537,214437,666390717,7427,15459,24872,666390792,227,5503,
2026-09-30,07:08:05.936,999,16572,666397964,109,4302,14919,666397970,6805,14187,14459,666398039,86,4159,13031,666398027,89,4103,14319,666398012,89,4319,16294,666398071,83,4320,216505,666398217,6816,14298,16302,666398267,102,4343,
2026-09-30,07:08:06.936,999,220616,666388131,528,17392,220980,666388108,7963,27125,210159,666388048,481,16891,209283,666388072,499,17130,213907,666388117,492,17140,213145,666388220,478,17331,397922,666388192,7953,27381,211781,666388155,523,17298,
2026-09-30,07:08:07.937,1000,6673,667043066,143,4095,7477,667043053,7038,14152,5915,667043030,103,3946,5495,667042988,111,3894,7047,667042965,129,4071,8553,667042978,117,4072,207839,667043081,7046,14134,6863,667043104,128,4105,
2026-09-30,07:08:08.937,999,20709,666351425,126,5041,25198,666351445,7689,15077,21818,666351471,128,4964,24627,666351461,114,5031,26882,666351482,102,5071,25112,666351458,119,5155,216106,666351461,7671,15083,24746,666351452,128,5097,
2026-09-30,07:08:09.936,999,4293,666376241,69,3606,2250,666376257,6584,13537,2284,666376244,69,3435,3009,666376234,78,3476,2475,666375616,72,3649,2147,666375460,70,3653,207589,666375418,6582,13563,3208,666375371,72,3614,
2026-09-30,07:08:10.937,1000,9130,667064115,142,4268,9356,667062779,7626,14278,11163,667062749,134,4169,10747,667062781,126,4150,11998,667062825,117,4303,11878,667062845,123,4265,204909,667062826,7625,14251,11926,667061979,129,4273,
2026-09-30,07:08:11.937,999,16979,666377863,115,4264,17001,666377871,6938,14146,15058,666377923,104,4076,17611,666377876,97,4048,16252,666377923,100,4248,15433,666377794,108,4237,215591,666377037,6917,14251,14496,666377017,107,4246,
2026-09-30,07:08:12.936,999,6824,666356972,83,3719,6954,666356933,7272,13680,4328,666356859,75,3586,3917,666356838,77,3581,3785,666356837,75,3726,4076,666356835,70,3730,196355,666356844,7285,13714,4448,666356826,92,3739,
2026-09-30,07:08:13.936,999,18891,666348800,73,4174,17515,666348775,6337,14141,17064,666348792,61,4036,16655,666348800,55,3990,16390,666348805,57,4262,18201,666348805,65,4237,219790,666348852,6353,14174,17652,666348826,68,4234,
2026-09-30,07:08:14.937,1000,36523,667023145,284,5995,34823,667023174,7031,15870,36657,667023124,284,5728,36278,667023131,299,5737,34115,667023063,278,5909,38426,667023135,284,5876,232003,667023074,7013,15876,36861,667023040,294,5946,
2026-09-30,07:08:15.936,999,2957,666360648,94,3595,2441,666360698,6903,13562,1559,666360644,86,3411,2841,666360639,85,3418,1765,666360603,98,3588,1386,666360696,91,3612,200736,666359977,6905,13598,2543,666360030,100,3646,
2026-09-30,07:08:16.936,999,35877,666375614,142,6145,33012,666375619,7504,16112,33573,666375622,130,5919,30385,666375598,132,5987,33057,666375553,130,6149,34041,666374346,133,6146,223902,666374357,7502,16080,33837,666374402,141,6182,
2026-09-30,07:08:17.937,1000,2291,667025175,79,3562,2661,667025114,7340,13526,2116,667025118,61,3413,3112,667025122,79,3443,2854,667025132,77,3597,3355,667025148,73,3581,194735,667024308,7350,13589,2345,667024444,69,3545,
2026-09-30,07:08:18.937,999,4829,666381815,116,3766,5042,666381891,7326,13714,6978,666381871,86,3646,4474,666381872,96,3626,6395,666381874,97,3812,4218,666381849,98,3752,198319,666381758,7357,13785,6094,666380839,106,3776,
2026-09-30,07:08:19.936,999,25964,666364829,101,4652,29717,666364857,7547,14596,33086,666364896,79,4505,29654,666364874,88,4513,30040,666364898,92,4601,27823,666364949,89,4662,222603,666365053,7533,14573,34298,666365050,90,4641,
2026-09-30,07:08:20.937,1000,13428,667047203,90,3919,12921,667045914,7354,13897,12335,667045881,92,3838,11568,667045941,82,3787,13134,667045915,85,3974,10766,667046000,91,3981,206441,667045354,7341,13943,13095,667045342,96,3944,
2026-09-30,07:08:21.937,999,3992,666399281,68,3619,2792,666399324,7060,13560,2407,666399333,67,3491,2789,666399370,67,3487,2346,666399359,74,3667,3216,666399394,60,3669,201449,666398702,7051,13620,3131,666398720,64,3661,
2026-09-30,07:08:22.937,999,2169,666388151,82,3496,2114,666388164,7703,13420,2382,666388220,62,3384,1621,666388204,64,3380,1188,666388223,82,3504,2331,666388234,61,3503,192031,666388327,7694,13473,2651,666388379,76,3495,
2026-09-30,07:08:23.936,999,8888,666382639,70,3838,7122,666382635,7193,13832,8540,666382656,53,3700,6675,666382635,70,3721,7505,666382601,62,3893,7405,666382627,62,3865,199212,666382751,7185,13831,6251,666382689,79,3854,
2026-09-30,07:08:24.937,1000,3973,667037274,150,3735,3645,667037308,7151,13644,4162,667037319,135,3573,2897,667037293,134,3537,3313,667037304,134,3710,2757,667037254,116,3678,199305,667037260,7179,13713,4211,667037253,148,3721,
2026-09-30,07:08:25.937,999,1744,666375369,65,3424,1034,666375410,6646,13347,1559,666375348,49,3278,1262,666375298,40,3248,769,666375267,52,3457,883,666375326,53,3451,200097,666375426,6642,13427,908,666375373,53,3435,
2026-09-30,07:08:26.936,999,2934,666378809,65,3546,1869,666378722,6520,13446,1738,666378712,63,3391,2747,666378697,58,3402,2376,666378686,54,3588,2324,666378679,62,3591,202708,666377874,6529,13541,2319,666377943,68,3548,
2026-09-30,07:08:27.937,1000,36884,667048178,89,4677,24413,667048113,6297,14642,27698,667048190,70,4537,35344,667048184,86,4483,25872,667048192,55,4710,34061,667047350,65,4687,238715,667047341,6317,14724,29366,667047309,67,4658,
2026-09-30,07:08:28.937,999,1689,666393260,47,3395,630,666393264,6933,13315,1150,666393263,46,3261,573,666393260,29,3215,1208,666393169,43,3416,710,666393211,39,3398,200606,666392407,6958,13428,989,666392448,54,3412,
2026-09-30,07:08:29.937,999,1538,666383123,46,3379,907,666383172,7464,13315,934,666383192,52,3301,907,666383219,49,3286,887,666383297,41,3421,1097,666383293,42,3388,194283,666383286,7489,13382,1606,666382294,53,3383,
2026-09-30,07:08:30.936,999,1720,666384090,73,3470,2223,666384132,7027,13423,850,666384137,54,3308,838,666384152,46,3295,758,666384128,49,3460,1351,666384135,52,3469,197356,666383315,7042,13422,1558,666383342,64,3461,
2026-09-30,07:08:31.937,1000,697,667029608,52,3382,643,667029521,6801,13325,743,667029531,32,3222,1127,667029527,26,3218,756,667029539,33,3433,283,667029547,32,3390,200230,667029651,6829,13387,1381,667029686,46,3393,
2026-09-30,07:08:32.937,999,2573,666394475,70,3539,1774,666394478,6913,13506,2153,666394534,57,3403,2849,666394534,54,3444,2222,666394575,46,3589,1606,666393839,57,3574,198466,666393794,6895,13546,3821,666393727,55,3519,
2026-09-30,07:08:33.937,999,707,666395122,47,3373,860,666395144,6671,13299,515,666395157,24,3223,724,666395148,36,3224,563,666395233,21,3404,656,666394370,26,3421,197044,666394403,6700,13363,694,666394355,46,3384,
2026-09-30,07:08:34.936,999,3268,666381795,99,3522,2498,666381834,7098,13452,1772,666381844,83,3380,1806,666381817,86,3369,1980,666381826,90,3523,1506,666381816,96,3563,199782,666381054,7121,13517,2353,666381011,90,3533,
2026-09-30,07:08:35.937,1000,4546,667050456,72,3675,5203,667050509,6590,13621,3526,667050515,55,3497,4574,667050432,58,3480,5962,667050397,56,3712,5303,667050372,62,3719,208123,667048827,6599,13689,4301,667048912,64,3704,
2026-09-30,07:08:36.937,999,1609,666386089,63,3459,2144,666386136,6859,13408,1183,666386161,46,3320,1537,666386204,57,3316,1692,666386227,47,3547,1945,666386244,43,3509,199789,666385552,6855,13474,1838,666385498,72,3510,
2026-09-30,07:08:37.937,999,1944,666380617,47,3379,729,666380625,6848,13328,371,666379628,22,3215,693,666379615,24,3222,1291,666379588,31,3413,440,666379622,26,3405,197062,666379596,6841,13378,1814,666379615,34,3395,
2026-09-30,07:08:38.937,1000,4676,667066330,54,3694,4349,667066299,6522,13667,4335,667066313,43,3546,4146,667066344,43,3525,4795,667066343,45,3775,5752,667066417,37,3734,206911,667065654,6507,13772,5005,667065735,54,3742,
2026-09-30,07:08:39.937,999,4214,666372286,54,3641,4463,666372311,7008,13592,4140,666372297,42,3508,5741,666372327,34,3508,5767,666372401,34,3661,4449,666372493,33,3696,201204,666371759,7037,13662,4390,666371739,40,3656,
2026-09-30,07:08:40.937,999,2703,666385504,59,3537,2308,666385469,7113,13467,2693,666385480,31,3391,2165,666385472,31,3373,2255,666385500,41,3552,2538,666385523,40,3551,199013,666385490,7119,13526,3020,666385688,47,3556,
2026-09-30,07:08:41.936,999,1644,666365203,51,3372,1895,666365197,7295,13296,611,666365134,28,3238,627,666365154,23,3232,651,666365152,25,3381,669,666365146,28,3369,194925,666365067,7310,13352,1725,666365095,36,3382,
2026-09-30,07:08:42.937,1000,3265,667027310,33,3516,2720,667027269,7096,13464,1797,667027197,29,3360,1726,667027244,20,3363,1940,667027248,22,3544,1860,667027223,21,3529,200611,667027235,7078,13529,2528,667027152,34,3520,
2026-09-30,07:08:43.937,999,1619,666375913,58,3429,1238,666375955,6883,13376,1613,666375915,48,3305,714,666375861,46,3274,726,666375793,51,3483,1236,666375805,48,3456,199887,666374924,6890,13438,1448,666374912,61,3441,
2026-09-30,07:08:44.937,999,1841,666377082,86,3502,1451,666377148,6593,13425,2611,666377089,69,3358,2367,666377077,70,3333,1257,666377060,76,3554,1552,666377140,70,3523,202901,666376387,6605,13479,2729,666376408,70,3505,
2026-09-30,07:08:45.937,1000,1861,667056926,41,3400,2190,667056883,7022,13360,1155,667056895,22,3258,1074,667056889,34,3267,1623,667056903,23,3439,924,667055821,23,3404,195911,667055776,6999,13413,1522,667055847,33,3419,
2026-09-30,07:08:46.937,999,1910,666377240,65,3469,2502,666377258,7443,13411,3385,666377245,49,3363,1605,666377210,48,3337,2313,666377188,43,3499,2204,666377223,42,3490,195009,666376148,7441,13480,2450,666376133,64,3480,
2026-09-30,07:08:47.937,999,5826,666378035,69,3615,4102,666378009,7337,13579,3904,666378015,62,3481,5228,666378021,80,3481,4237,666378046,59,3634,5036,666378037,58,3614,201609,666377039,7328,13616,5802,666377016,62,3606,
2026-09-30,07:08:48.937,999,1228,666350174,26,3343,794,666350196,7149,13295,840,666350211,18,3202,347,666350215,20,3208,1018,666350201,14,3360,953,666350212,17,3357,197131,666350215,7148,13354,1221,666350187,25,3375,
2026-09-30,07:08:49.937,1000,1294,667034721,37,3371,671,667034763,7237,13335,1027,667034777,18,3245,1184,667034784,23,3235,586,667034816,29,3419,765,667034788,33,3386,196965,667034859,7209,13373,1070,667034806,44,3383,
2026-09-30,07:08:50.937,999,3012,666375897,66,3560,3165,666375882,6986,13469,2982,666375897,39,3388,3591,666375936,42,3380,2607,666375894,47,3564,3487,666376021,57,3612,202475,666376006,6976,13557,2418,666375935,69,3596,
2026-09-30,07:08:51.937,999,1190,666377165,46,3339,763,666377182,7581,13307,884,666377158,37,3252,1672,666377156,29,3239,654,666377149,33,3354,910,666377077,34,3368,195129,666377093,7547,13345,764,666377147,39,3360,
2026-09-30,07:08:52.937,1000,2009,667049302,38,3421,2182,667049318,7347,13358,1480,667049321,22,3274,1126,667049335,22,3275,1196,667049373,32,3429,1697,667049328,25,3442,195859,667049422,7339,13427,1854,667049433,34,3430,
2026-09-30,07:08:53.937,999,1030,666366408,29,3339,567,666366369,6832,13287,326,666366400,21,3205,917,666366420,17,3199,811,666366418,22,3397,684,666366448,20,3362,197935,666366517,6838,13350,460,666366547,24,3349,
2026-09-30,07:08:54.937,999,2072,666354361,92,3436,1434,666354311,7501,13405,1356,666354301,80,3361,1077,666354309,75,3349,2919,666354301,65,3466,1472,666354286,62,3462,192612,666354285,7519,13429,1682,666354311,71,3448,
2026-09-30,07:08:55.937,1000,915,667008255,39,3325,241,667008268,7082,13279,185,667008282,20,3185,279,667008310,20,3212,233,667008343,21,3359,445,667007658,19,3346,197144,667007637,7092,13324,496,667007658,29,3331,
2026-09-30,07:08:56.937,999,655,666373799,29,3348,433,666373835,6756,13297,225,666373840,19,3198,315,666373814,23,3204,452,666373862,20,3363,292,666373238,21,3397,198995,666373126,6754,13344,517,666373089,33,3369,
2026-09-30,07:08:57.937,999,5672,666375561,43,3739,3394,666375550,6945,13656,4523,666375613,37,3580,3501,666375605,40,3583,5103,666375610,26,3742,4339,666375588,34,3739,201152,666374711,6970,13739,4170,666374777,40,3715,
2026-09-30,07:08:58.937,999,1483,666374429,42,3376,759,666374425,7636,13327,1539,666374440,27,3264,1026,666374438,25,3269,882,666374471,32,3402,902,666374512,39,3391,192106,666374446,7643,13397,1325,666374366,44,3385,
2026-09-30,07:08:59.937,1000,849,667052897,30,3330,450,667052941,7453,13272,214,667052888,17,3192,321,667052856,25,3181,450,667052938,23,3356,266,667052869,16,3336,191586,667051982,7451,13331,811,667051987,24,3316,
2026-09-30,07:09:00.937,999,1629,666394274,48,3388,1596,666394244,7166,13338,653,666394254,34,3262,628,666394279,34,3253,736,666394291,38,3424,1138,666394254,29,3396,195687,666394182,7153,13386,1585,666393495,53,3413,
2026-09-30,07:09:01.937,999,1782,666373878,25,3393,1670,666373872,6732,13358,1293,666373884,10,3225,1398,666373863,10,3235,925,666373892,13,3431,608,666373779,9,3415,201746,666373007,6717,13425,1449,666373070,28,3424,
2026-09-30,07:09:02.938,1000,1509,667050694,42,3447,1824,667050677,6933,13390,1917,667050702,28,3293,1143,667050665,37,3303,1149,667050677,34,3464,1116,667049925,31,3467,198566,667049903,6915,13466,2001,667049781,44,3477,
2026-09-30,07:09:03.937,999,494,666376582,27,3326,615,666376607,7126,13272,1397,666376608,22,3216,665,666376596,22,3196,673,666376613,23,3367,316,666375636,22,3342,195128,666375605,7140,13347,688,666375555,34,3342,
2026-09-30,07:09:04.937,999,4765,666381415,93,3669,4339,666381364,7719,13625,4936,666381330,75,3603,4006,666381329,77,3544,4481,666381337,70,3667,3308,666380529,71,3678,197088,666380561,7747,13680,4589,666380598,83,3690,
2026-09-30,07:09:05.937,999,4631,666340875,57,3513,4457,666340988,7324,13478,4294,666341014,29,3402,3236,666341009,43,3382,3116,666341073,42,3566,2511,666340314,36,3523,201304,666340375,7296,13505,2765,666340364,54,3523,
2026-09-30,07:09:06.937,1000,2342,667022094,68,3507,2243,667022103,7470,13439,1535,667022078,59,3366,2381,667022076,57,3380,1759,667022088,59,3522,3136,667022070,45,3520,192305,667021294,7494,13517,1993,667021365,76,3513,
2026-09-30,07:09:07.937,999,1485,666363174,49,3363,557,666363106,6987,13321,842,666363100,23,3225,1497,666363108,40,3230,1026,666362477,32,3423,1217,666362389,36,3412,198205,666362398,6991,13398,1562,666362408,49,3408,
2026-09-30,07:09:08.937,999,1270,666393765,38,3400,944,666393684,6810,13374,853,666393692,29,3274,826,666393733,27,3259,1168,666393774,35,3468,1460,666393768,29,3445,205393,666392877,6799,13431,910,666392886,35,3415,
2026-09-30,07:09:09.938,1000,662,667043269,34,3337,547,667043250,6968,13284,560,667043204,14,3193,476,667043203,21,3183,147,667043165,15,3373,306,667043174,18,3347,200142,667043246,6931,13327,377,667043237,27,3352,
2026-09-30,07:09:10.937,999,1085,666385590,38,3371,751,666385575,6912,13308,564,666385558,31,3232,827,666385595,26,3215,1052,666385600,32,3408,509,666385667,32,3414,199417,666385619,6917,13371,882,666384825,36,3395,
2026-09-30,07:09:11.937,999,855,666357872,38,3357,786,666357866,7056,13301,523,666357921,30,3244,452,666357922,21,3213,623,666357907,36,3436,523,666357943,31,3405,200531,666357950,7044,13367,1452,666358013,40,3405,
2026-09-30,07:09:12.938,1000,784,667054849,25,3302,134,667054815,7043,13259,131,667054761,17,3174,152,667054811,18,3178,86,667054809,13,3337,230,667054837,13,3342,195805,667054865,7048,13329,518,667054022,24,3324,
2026-09-30,07:09:13.938,999,861,666383166,26,3333,434,666383133,7366,13264,189,666383101,16,3191,408,666383108,17,3196,998,666383178,12,3338,490,666383261,17,3345,193231,666382706,7376,13318,760,666382594,22,3343,
2026-09-30,07:09:14.937,999,3536,666354170,53,3537,3044,666354169,7456,13500,3150,666354133,52,3433,2826,666354104,43,3418,4144,666354088,35,3585,3706,666354061,35,3533,196434,666354171,7482,13570,3400,666354154,55,3591,
2026-09-30,07:09:15.937,999,737,666377864,36,3309,538,666377913,7493,13258,314,666377905,20,3198,292,666377937,23,3181,660,666377991,24,3352,532,666377989,28,3341,191834,666377990,7494,13311,903,666377195,26,3333,
2026-09-30,07:09:16.938,1000,1007,667055148,32,3340,938,667055139,7344,13305,475,667055135,32,3233,453,667055169,25,3223,770,667055239,32,3408,728,667055202,20,3342,194551,667054314,7360,13374,1020,667054228,37,3350,
2026-09-30,07:09:17.937,999,1589,666378766,34,3353,762,666378805,6994,13300,620,666378799,24,3212,595,666378788,32,3209,483,666378837,21,3379,304,666378136,18,3366,202142,666378033,6987,13355,655,666378032,39,3379,
2026-09-30,07:09:18.937,999,954,666380947,39,3327,347,666381058,7337,13273,558,666381065,20,3206,612,666381111,23,3205,610,666381069,18,3358,382,666380241,17,3335,197047,666380208,7329,13363,467,666380214,17,3337,
2026-09-30,07:09:19.938,1000,1065,667049365,30,3326,310,667049420,7362,13269,517,667049388,13,3189,382,667049366,11,3182,517,667049402,13,3328,383,667049342,17,3324,194998,667048615,7373,13326,811,667048612,23,3314,
2026-09-30,07:09:20.938,999,3508,666368578,54,3505,2628,666368567,7311,13434,2389,666368550,36,3366,1877,666368546,35,3340,3253,666368548,43,3540,2564,666367994,41,3515,199016,666367932,7353,13489,2805,666367901,60,3523,
2026-09-30,07:09:21.937,999,704,666374023,24,3316,333,666374095,6839,13236,234,666374079,17,3163,158,666374062,17,3161,227,666374073,18,3374,149,666373457,15,3347,196995,666373516,6853,13318,371,666373476,21,3329,
2026-09-30,07:09:22.937,999,1230,666356044,43,3378,983,666356076,7100,13333,1852,666356097,33,3258,833,666356102,36,3243,1071,666356124,38,3408,492,666356103,38,3404,200237,666356103,7069,13392,1681,666356096,50,3407,
2026-09-30,07:09:23.938,1000,1221,667049011,40,3359,645,667048140,6753,13318,847,667048197,24,3204,293,667048255,23,3185,837,667048250,24,3428,346,667048176,25,3388,198707,667048235,6743,13386,681,667048178,42,3384,
2026-09-30,07:09:24.937,999,1193,666389097,63,3373,642,666389143,7697,13283,961,666389063,44,3240,636,666389028,42,3230,1422,666389008,40,3368,842,666387845,39,3342,191034,666387867,7699,13350,792,666387885,48,3352,
2026-09-30,07:09:25.937,999,683,666369024,23,3294,601,666368995,7408,13233,288,666369018,17,3183,226,666368223,20,3195,275,666368200,26,3346,148,666368237,18,3317,193303,666368301,7414,13292,671,666368252,23,3315,
2026-09-30,07:09:26.938,1000,1856,667064142,40,3413,1443,667064150,7607,13361,1251,667064157,34,3302,1165,667064179,32,3276,1436,667064192,40,3408,1242,667063259,33,3396,194111,667063299,7610,13433,2423,667063357,46,3442,
2026-09-30,07:09:27.938,999,996,666384742,32,3294,162,666384788,7159,13238,46,666384849,7,3161,407,666384870,11,3154,234,666384855,13,3322,69,666384155,8,3295,197762,666384198,7164,13323,278,666384166,34,3312,
2026-09-30,07:09:28.937,999,28652,666384452,66,4515,28426,666384466,7854,14453,25522,666384495,53,4430,27651,666384506,54,4412,28116,666384484,62,4580,28029,666383701,46,4523,213277,666383738,7870,14559,29048,666383689,64,4550,
2026-09-30,07:09:29.937,999,909,666385442,46,3365,707,666385480,6716,13281,469,666385511,11,3210,435,666385565,17,3198,586,666385568,21,3423,1013,666385579,15,3402,199363,666384659,6726,13367,690,666384605,30,3386,
2026-09-30,07:09:30.938,1000,7097,667046448,59,3738,7533,667046456,7844,13697,8089,667046530,47,3706,7148,667046588,46,3702,6465,667046565,50,3782,8493,667046614,44,3758,192997,667045757,7866,13789,6574,667045765,49,3759,
2026-09-30,07:09:31.938,999,1751,666371098,33,3354,1431,666371184,7201,13288,758,666371228,30,3246,1449,666371214,28,3243,455,666371217,22,3380,479,666371249,30,3369,192326,666370340,7216,13372,493,666370202,44,3382,
2026-09-30,07:09:32.937,999,1090,666383406,33,3336,381,666383343,7393,13274,512,666383301,15,3209,488,666383274,19,3189,431,666383298,20,3356,365,666383341,23,3348,193522,666382268,7386,13325,465,666382313,31,3326,
2026-09-30,07:09:33.938,1000,114087,667040354,307,10978,106208,667040374,7309,20849,114175,667040402,253,10677,107163,667040404,254,10794,109899,667040407,278,10967,105520,667040387,281,10837,304683,667040275,7307,20827,107980,667040241,309,10896,
2026-09-30,07:09:34.938,999,7917,666377535,193,4178,7661,666376381,7335,14107,9809,666376344,209,4055,7639,666376323,208,4021,8170,666376323,212,4176,6641,666376434,182,4075,206669,666376386,7322,14155,7199,666376436,216,4178,
2026-09-30,07:09:35.937,999,25668,666371645,202,5280,23216,666371687,7267,15238,25257,666371751,157,5155,22198,666371771,168,5099,28322,666371831,165,5290,23866,666371858,152,5296,226650,666371843,7270,15264,27075,666371826,151,5276,
2026-09-30,07:09:36.937,999,3662,666387289,82,3676,4154,666387333,6395,13649,3565,666387393,55,3487,2989,666387391,64,3509,2917,666387391,62,3766,2427,666387461,70,3729,203926,666387610,6439,13711,5317,666387746,89,3735,
2026-09-30,07:09:37.938,1000,1515,667078290,53,3434,1302,667078341,6702,13389,950,667078338,41,3296,706,667078333,43,3275,492,667078429,38,3482,2357,667078439,39,3473,203937,667078619,6728,13505,1912,667078627,49,3462,
2026-09-30,07:09:38.938,999,4691,666408256,103,3678,4404,666408255,7287,13674,4350,666408251,109,3616,4719,666408260,104,3588,5182,666408268,101,3773,2757,666408317,99,3726,199433,666408325,7301,13696,4435,666408347,97,3713,
2026-09-30,07:09:39.938,999,3465,666433696,74,3702,3945,666433658,6597,13647,3565,666433702,58,3548,3575,666433671,64,3512,3462,666433667,66,3758,4335,666432940,40,3687,202313,666432891,6607,13669,2901,666432873,71,3671,
2026-09-30,07:09:40.937,999,1783,666379014,84,3443,2438,666379059,7221,13436,1655,666377233,64,3335,1563,666377209,59,3314,1178,666377192,58,3477,1113,666377213,67,3464,198581,666377184,7206,13475,2439,666377096,73,3492,
2026-09-30,07:09:41.938,1000,2153,667044401,55,3495,2004,667044422,6560,13496,1689,667044486,42,3362,2032,667044488,43,3327,1645,667044420,44,3589,2023,667044384,40,3551,201449,667043834,6568,13559,2261,667043889,63,3553,
2026-09-30,07:09:42.938,999,40720,666383661,160,5656,45825,666383659,7569,15677,46021,666383628,161,5639,44240,666383623,154,5564,41303,666383590,146,5747,45218,666383584,145,5732,240878,666382832,7516,15735,43919,666382882,157,5724,
2026-09-30,07:09:43.937,999,7590,666377159,68,3850,8050,666377137,6942,13835,5755,666377153,52,3742,6205,666377185,65,3727,8558,666377175,67,3927,9765,666377155,61,3931,203898,666376403,6996,13894,9685,666376451,67,3943,
2026-09-30,07:09:44.937,999,5149,666378144,149,3833,5516,666378160,7218,13719,5136,666378206,136,3669,4357,666378300,141,3681,5471,666378337,140,3871,4972,666378333,140,3865,199263,666378339,7259,13840,5124,666378347,132,3814,
2026-09-30,07:09:45.938,1000,25521,667042685,125,5270,22593,667042691,7531,15257,23346,667042670,118,5114,24953,667042680,101,5125,24869,667042650,103,5282,22297,667042802,101,5331,217336,667042759,7506,15280,22250,667042733,113,5285,
2026-09-30,07:09:46.938,999,7675,666403036,111,3934,6702,666403059,7751,13862,6505,666403085,95,3778,6861,666403134,105,3764,5982,666403133,88,3908,5008,666403183,107,3925,194529,666402406,7756,13867,6186,666402395,108,3897,
2026-09-30,07:09:47.937,999,2557,666361231,72,3472,1938,666361300,7285,13450,1277,666361262,50,3314,1245,666361246,51,3306,1457,666361274,50,3443,993,666361228,49,3441,194772,666361271,7304,13438,1817,666361345,65,3450,
2026-09-30,07:09:48.938,1000,797,667025963,50,3395,808,667025868,6962,13359,921,667025831,40,3264,444,667025802,36,3246,1124,667025805,31,3421,1168,667025802,33,3424,197603,667025889,7001,13402,1141,667025894,41,3383,
2026-09-30,07:09:49.938,999,1949,666382066,49,3388,1200,666381929,7198,13308,473,666381943,28,3244,684,666381905,35,3220,577,666381870,41,3392,771,666381150,37,3386,195510,666381170,7191,13364,1003,666381157,41,3375,
2026-09-30,07:09:50.938,999,9753,666353683,102,3862,6634,666353662,7213,13817,7425,666353657,71,3724,8501,666353629,85,3720,7720,666353604,68,3869,7281,666353640,68,3868,199874,666353688,7255,13787,6311,666353653,84,3845,
2026-09-30,07:09:51.938,1000,27076,667047424,61,4523,25492,667047433,7059,14434,24579,667047447,49,4391,25525,667047488,55,4285,25116,667047517,47,4502,23706,667046694,55,4469,225226,667046626,7050,14486,26290,667046746,60,4486,
2026-09-30,07:09:52.938,999,3786,666375640,57,3465,2194,666375612,7696,13397,1960,666375589,45,3367,2683,666375609,43,3359,2278,666375575,46,3504,2604,666374565,44,3494,193544,666374568,7712,13472,3465,666374477,46,3453,
2026-09-30,07:09:53.938,999,1021,666351848,28,3366,954,666351857,6329,13327,223,666351853,24,3197,183,666351837,19,3185,179,666351845,19,3397,212,666351845,19,3393,204451,666351938,6323,13400,490,666351955,27,3398,
2026-09-30,07:09:54.937,999,4647,666381203,115,3699,2887,666381242,7213,13616,3698,666381225,121,3569,4097,666381251,100,3534,4405,666381295,115,3715,2482,666380545,117,3656,199281,666380546,7239,13657,4372,666380525,128,3668,
2026-09-30,07:09:55.938,1000,5869,667055076,59,3767,5286,667055095,6588,13740,5084,667055105,59,3613,6006,667055058,53,3639,5228,667055090,67,3853,5814,667055046,56,3813,208878,667055118,6591,13796,5701,667054239,68,3800,
2026-09-30,07:09:56.938,999,10656,666338932,127,4129,9913,666338979,7275,14127,8977,666339020,114,3971,12859,666339039,117,3983,12400,666339113,119,4196,9581,666338229,118,4197,207098,666338213,7252,14182,11144,666338160,120,4209,
2026-09-30,07:09:57.938,999,1180,666384449,45,3407,616,666384405,7172,13317,582,666384319,36,3259,766,666384343,28,3242,928,666384386,32,3417,981,666383718,32,3409,194953,666383682,7164,13379,1364,666383740,29,3381,
2026-09-30,07:09:58.938,1000,1992,667058736,57,3417,1196,667058691,6916,13370,1706,667058712,29,3295,2156,667058681,37,3277,1255,667058706,37,3458,919,667058749,41,3446,201102,667058123,6937,13461,1347,667058126,54,3455,
2026-09-30,07:09:59.938,999,5149,666383973,54,3627,5114,666383964,7223,13589,3614,666383985,45,3478,3598,666384007,38,3427,3898,666383982,34,3636,3202,666383976,40,3627,198517,666383404,7229,13609,4179,666383359,44,3617,
2026-09-30,07:10:00.938,999,1313,666367957,44,3376,811,666368057,6476,13325,1016,666368074,29,3243,778,666368090,36,3248,319,666368087,33,3429,286,666366575,29,3403,199690,666366647,6494,13387,1547,666366621,32,3418,
2026-09-30,07:10:01.937,999,2631,666372629,48,3498,2493,666372660,6988,13455,1434,666372684,47,3347,1984,666372689,40,3345,2911,666372751,44,3529,1415,666371897,48,3539,200836,666371841,7000,13520,2602,666371754,43,3513,
2026-09-30,07:10:02.938,1000,2084,667041455,59,3488,1193,667041462,6495,13423,916,667041442,48,3310,818,667041433,40,3294,1019,667041435,54,3541,1174,667040829,34,3521,204246,667040672,6510,13505,1120,667040684,48,3482,
2026-09-30,07:10:03.938,999,1817,666378215,40,3400,1167,666378231,7328,13343,719,666378250,32,3278,1104,666378237,31,3264,1816,666378193,37,3422,1094,666377262,21,3390,192182,666377253,7318,13371,1137,666377198,29,3378,
2026-09-30,07:10:04.938,999,6454,666375804,106,3868,6311,666375854,7277,13783,5633,666375839,88,3698,5589,666375809,93,3713,5461,666375785,104,3883,6716,666375820,96,3864,204574,666375832,7263,13812,6673,666375188,87,3867,
2026-09-30,07:10:05.938,1000,5502,667048990,65,3619,3876,667048964,7834,13510,4477,667049005,38,3473,3816,667049000,53,3482,4336,667049039,44,3603,4291,667048189,50,3582,190781,667048168,7868,13566,3791,667048166,47,3588,
2026-09-30,07:10:06.938,999,1224,666324346,48,3406,1973,666324388,7065,13387,1011,666324382,42,3285,884,666324351,37,3278,1021,666324363,45,3469,874,666324335,41,3463,197723,666323389,7083,13428,1401,666323410,47,3416,
2026-09-30,07:10:07.938,999,1527,666395919,62,3474,1467,666395878,6685,13432,1661,666395873,45,3308,1523,666395879,51,3318,1396,666395934,52,3543,2262,666395906,56,3518,201759,666395825,6712,13518,1440,666395746,69,3516,
2026-09-30,07:10:08.938,1000,2257,667045758,47,3466,1988,667045750,7317,13423,1422,667045760,31,3333,2240,667045795,33,3336,1896,667045812,35,3501,1653,667045768,27,3449,191665,667045676,7338,13462,1876,667045621,41,3459,
2026-09-30,07:10:09.939,1000,1366,667051627,49,3405,663,667051699,6764,13326,952,667051680,23,3236,1248,667051737,32,3223,923,667051740,21,3419,378,667051844,30,3399,198611,667050855,6789,13388,575,667050828,41,3391,
2026-09-30,07:10:10.939,999,1885,666378418,42,3359,887,666378432,7087,13299,534,666378365,37,3240,675,666378353,31,3230,462,666378286,33,3401,873,666376860,28,3392,195544,666376859,7071,13362,933,666376855,46,3366,
2026-09-30,07:10:11.939,999,688,666377667,36,3312,805,666377699,7494,13269,471,666377620,31,3218,690,666377608,18,3190,243,666377687,25,3328,132,666376929,9,3300,194206,666376828,7502,13331,794,666377094,35,3314,
2026-09-30,07:10:12.939,1000,1226,667043813,33,3328,386,667043795,7433,13296,1050,667043842,35,3250,480,667043784,29,3225,784,667043870,30,3382,1275,667043850,42,3367,190616,667043215,7443,13348,1363,667043129,42,3374,
2026-09-30,07:10:13.939,999,5531,666379418,49,3542,3099,666379440,7268,13465,2334,666379475,35,3375,1511,666379509,39,3338,4796,666379503,29,3515,2502,666379559,34,3518,200763,666378633,7293,13542,4398,666378574,40,3550,
2026-09-30,07:10:14.939,999,1230,666390297,67,3488,1600,666390309,6520,13452,2123,666390318,62,3334,2035,666390304,58,3329,1528,666390342,67,3567,1676,666389697,66,3562,206213,666389648,6530,13485,1565,666389616,61,3495,
2026-09-30,07:10:15.939,999,830,666380459,41,3328,668,666380508,7327,13264,737,666380534,24,3223,425,666380553,23,3193,692,666380567,26,3367,558,666380617,24,3356,194937,666379820,7331,13326,1076,666379770,34,3357,
2026-09-30,07:10:16.939,1000,15384,667021941,68,4145,19307,667021910,6953,14083,13553,667021952,46,3967,13077,667021965,43,3947,16280,667022011,54,4188,12815,667022006,48,4144,211610,667022061,6937,14134,14646,667022148,48,4148,
2026-09-30,07:10:17.939,999,17425,666388163,53,4089,15011,666388173,7344,14006,15518,666387555,60,3971,14649,666387567,49,3956,14791,666387557,58,4093,15571,666387567,53,4082,212638,666387492,7306,14088,18509,666387480,52,4062,
2026-09-30,07:10:18.939,999,4573,666374726,80,3645,2578,666374663,7384,13568,3543,666374611,50,3516,2980,666374626,63,3494,2217,666374646,70,3628,2516,666374704,58,3642,197343,666374682,7398,13614,2518,666374641,76,3576,
2026-09-30,07:10:19.939,1000,1212,667041403,52,3379,691,667041369,7395,13324,556,667041302,44,3259,1389,667041243,32,3235,882,667041195,23,3365,703,667041177,36,3362,188142,667041137,7430,13365,718,667041102,34,3360,
2026-09-30,07:10:20.939,999,4530,666382361,40,3511,3375,666382375,6963,13457,2960,666382414,26,3383,3424,666382436,37,3369,3119,666382420,25,3556,2378,666381587,27,3529,198900,666381591,6960,13509,2877,666381505,39,3540,
2026-09-30,07:10:21.939,999,1231,666394388,32,3366,1010,666394401,6887,13304,748,666394417,31,3229,836,666394415,34,3235,915,666394489,34,3412,587,666393539,27,3393,197337,666393545,6915,13385,619,666393549,36,3389,
2026-09-30,07:10:22.939,999,841,666380800,48,3367,870,666380827,7200,13326,563,666380812,36,3252,1058,666380826,31,3240,794,666380857,37,3407,1330,666380224,40,3425,199636,666380120,7178,13378,1173,666380001,48,3401,
2026-09-30,07:10:23.939,1000,2404,667049961,41,3433,684,667049949,6580,13383,811,667049853,21,3266,1153,667049877,24,3231,497,667049939,35,3468,587,667049228,32,3424,202458,667049233,6604,13428,1928,667049289,38,3444,
2026-09-30,07:10:24.939,999,1844,666377121,73,3422,1270,666377139,7043,13375,932,666377103,56,3289,968,666377118,43,3260,1142,666377222,56,3466,904,666376465,53,3438,196616,666376514,7049,13419,866,666376515,64,3422,
2026-09-30,07:10:25.939,999,803,666379385,39,3362,1730,666379446,6884,13291,1493,666379473,17,3201,862,666379431,21,3192,309,666379408,24,3389,283,666378559,26,3381,198798,666378471,6877,13345,522,666378462,41,3357,
2026-09-30,07:10:26.940,1000,1185,667057695,47,3356,965,667057674,7683,13333,814,667057759,36,3226,1353,667057794,35,3248,424,667057788,29,3369,837,667057788,29,3367,194712,667056989,7684,13373,1247,667057047,44,3366,
2026-09-30,07:10:27.939,999,698,666379653,33,3289,410,666379623,7437,13244,145,666379663,24,3198,408,666379671,18,3172,108,666379736,15,3308,214,666378824,13,3293,190046,666378864,7468,13295,280,666378819,23,3301,
2026-09-30,07:10:28.939,999,875,666382680,24,3327,296,666382634,7084,13269,287,666382630,18,3205,620,666382634,16,3183,724,666382717,18,3346,155,666381907,12,3333,197377,666381927,7052,13321,593,666381889,21,3320,
2026-09-30,07:10:29.939,999,1122,666380925,39,3372,1036,666380925,7171,13301,404,666380926,28,3227,386,666380939,27,3216,446,666380894,29,3400,787,666381009,22,3361,194890,666380949,7162,13371,1227,666380959,45,3366,
2026-09-30,07:10:30.940,1000,1260,667050294,49,3385,683,667050317,7253,13337,1962,667050264,23,3260,1897,667050276,24,3264,1195,667050174,25,3416,813,667050263,26,3405,194643,667050295,7239,13395,1430,667050281,39,3388,
2026-09-30,07:10:31.939,999,1208,666382049,34,3314,629,666382006,7791,13249,546,666382057,22,3209,460,666382049,20,3207,1741,666381991,26,3321,258,666382055,20,3315,188400,666382116,7780,13303,647,666381415,39,3322,
2026-09-30,07:10:32.939,999,514,666399022,32,3347,621,666399012,6679,13293,188,666399072,14,3177,589,666399056,12,3178,173,666399075,11,3361,180,666397418,20,3355,201139,666397395,6695,13350,1386,666397393,26,3352,
2026-09-30,07:10:33.940,1000,1321,667046084,18,3315,312,667046082,6929,13276,146,667046102,11,3172,284,667046133,16,3175,125,667046081,11,3349,218,667046009,12,3359,198816,667045176,6898,13329,527,667045200,21,3316,
2026-09-30,07:10:34.939,999,1390,666373738,64,3388,735,666373730,7319,13332,1218,666373788,49,3250,650,666373786,35,3227,475,666373803,45,3422,863,666373904,42,3383,190250,666373019,7312,13386,992,666373071,61,3406,
2026-09-30,07:10:35.939,999,5620,666379981,54,3581,4161,666379987,7224,13569,3226,666380035,37,3473,4737,666379970,34,3466,3714,666379987,39,3624,5324,666380019,37,3650,199501,666379158,7215,13583,4188,666379097,50,3632,
2026-09-30,07:10:36.939,999,2247,666373740,47,3500,2204,666373748,7468,13441,2081,666373739,28,3364,1759,666373745,22,3370,2333,666373740,21,3499,2107,666373693,19,3495,191302,666373671,7459,13480,3266,666373612,37,3500,
2026-09-30,07:10:37.940,1000,1359,667052278,47,3351,1106,667052308,7567,13318,1200,667052330,32,3241,1383,667052332,29,3251,802,667052336,34,3394,1952,667052405,29,3374,187941,667051662,7595,13358,945,667051727,44,3388,
2026-09-30,07:10:38.939,999,1286,666338708,43,3341,805,666338743,7929,13306,1555,666338762,44,3288,1705,666338778,35,3256,1120,666338809,41,3366,1273,666338813,32,3383,186117,666338027,7924,13357,1008,666338154,48,3364,
2026-09-30,07:10:39.939,999,18002,666379836,61,4149,11951,666379843,6911,14101,14371,666379791,42,3992,18749,666379800,38,4022,13544,666379825,38,4158,18699,666379096,45,4139,218807,666379165,6918,14125,12901,666379220,45,4150,
2026-09-30,07:10:40.940,1000,1633,667047547,54,3431,821,667047579,6569,13384,284,667047619,32,3249,1430,667047632,36,3252,940,667047636,36,3472,789,667046908,29,3435,202333,667046897,6586,13424,1067,667046992,45,3451,
2026-09-30,07:10:41.940,999,651,666376959,33,3322,301,666376947,6800,13259,227,666376979,16,3170,244,666377042,12,3159,128,666377009,16,3362,107,666375799,10,3336,198283,666375815,6839,13323,813,666375888,24,3321,
2026-09-30,07:10:42.939,999,3498,666361154,46,3572,4874,666361166,7486,13512,3744,666361106,46,3487,4227,666361083,44,3471,3979,666361065,24,3583,3055,666361121,48,3565,193063,666361158,7497,13589,3569,666361196,44,3575,
2026-09-30,07:10:43.939,999,925,666382784,43,3345,500,666382843,7341,13293,623,666382916,24,3222,1243,666382926,30,3222,285,666382984,23,3376,305,666382119,24,3355,194138,666382106,7355,13353,1162,666382038,32,3349,
2026-09-30,07:10:44.940,1000,1949,667051660,66,3430,1452,667051677,6930,13381,2509,667051711,67,3333,1316,667051695,58,3294,1433,667051681,76,3507,1138,667051641,61,3464,201247,667051770,6936,13456,2161,667051720,58,3479,
2026-09-30,07:10:45.939,999,612,666379285,34,3325,290,666379245,6878,13267,237,666379279,21,3193,211,666379275,22,3184,501,666379289,24,3383,541,666379239,24,3379,195197,666379201,6890,13336,383,666379279,29,3352,
2026-09-30,07:10:46.939,999,2905,666384736,75,3579,2673,666384820,7386,13489,3945,666384751,57,3429,2461,666384737,68,3435,2775,666384763,65,3553,3021,666384757,58,3557,196128,666384737,7428,13566,4089,666384730,66,3589,
2026-09-30,07:10:47.940,1000,814,667006826,33,3354,450,667006833,7047,13284,310,667006875,19,3217,459,667006881,29,3207,110,667006919,17,3353,398,667006912,23,3367,199019,667006189,7042,13335,977,667006110,22,3359,
2026-09-30,07:10:48.940,999,1111,666386879,47,3388,899,666386829,7019,13327,687,666386853,17,3244,611,666386898,27,3251,891,666386931,20,3407,750,666386947,27,3420,198866,666386931,7040,13388,1593,666386893,37,3385,
2026-09-30,07:10:49.939,999,1423,666378915,44,3369,1464,666378931,7981,13316,1148,666379018,22,3279,1060,666379008,29,3262,990,666379019,30,3392,1223,666378309,33,3392,188112,666378342,7987,13372,1096,666378251,36,3371,
2026-09-30,07:10:50.939,999,3935,666382590,72,3585,2777,666382587,7247,13527,2888,666382578,47,3479,3080,666382572,56,3445,3180,666382620,49,3604,3531,666381704,61,3610,195143,666381686,7262,13571,3795,666381646,58,3586,
2026-09-30,07:10:51.940,1000,1983,667053856,46,3446,989,667053907,6868,13378,692,667053874,31,3281,1191,667053859,36,3284,722,667053933,40,3476,484,667053181,33,3436,200945,667053195,6862,13432,1432,667053171,37,3450,
2026-09-30,07:10:52.940,999,1041,666381410,33,3373,520,666381422,7224,13311,949,666381384,22,3232,526,666381418,17,3209,647,666381513,15,3358,1098,666381507,25,3372,196071,666381593,7231,13362,995,666380267,33,3377,
2026-09-30,07:10:53.939,999,701,666336164,29,3332,387,666336188,7232,13253,394,666336228,12,3205,300,666336167,16,3190,461,666336157,18,3363,396,666336060,12,3364,192873,666336052,7246,13335,678,666336064,25,3337,
2026-09-30,07:10:54.940,1000,1909,667041187,82,3473,968,667041169,7316,13421,1842,667041232,65,3348,1559,667041264,70,3357,1816,667041299,52,3472,2344,667040520,67,3488,197645,667040582,7327,13486,1740,667040524,61,3459,
2026-09-30,07:10:55.940,999,47570,666383438,127,6562,47631,666383475,7740,16454,47315,666383485,107,6330,41993,666383476,131,6364,46138,666382337,106,6549,46229,666382336,123,6506,238229,666382294,7673,16455,46873,666382288,121,6605,
2026-09-30,07:10:56.939,999,1573,666377606,44,3455,1678,666377658,7279,13388,1739,666377586,35,3319,1204,666377567,43,3313,2069,666377546,52,3486,1354,666377653,38,3439,196724,666376852,7286,13454,1634,666376864,58,3500,
2026-09-30,07:10:57.940,1000,3528,667024865,55,3493,2142,667024935,7707,13452,2309,667024918,52,3408,2319,667024890,39,3368,1589,667024905,43,3520,2321,667024923,33,3514,192765,667024148,7739,13517,2414,667024145,60,3512,
2026-09-30,07:10:58.941,1000,2653,667041874,48,3529,2617,667041951,6574,13474,3182,667041949,34,3334,4521,667041927,35,3354,1773,667041959,39,3565,2027,667041890,49,3570,202374,667041925,6606,13535,2234,667041960,56,3538,
2026-09-30,07:10:59.941,999,1035,666375527,45,3346,1293,666375530,7386,13284,474,666375518,30,3214,368,666374819,33,3207,431,666374836,25,3345,412,666374893,29,3370,192978,666374873,7410,13308,900,666375688,37,3334,
2026-09-30,07:11:00.940,999,860,666395676,38,3329,389,666395640,7148,13251,470,666395672,24,3201,246,666395714,25,3189,225,666395784,20,3346,717,666395722,20,3339,197057,666394945,7134,13319,639,666394879,33,3328,
2026-09-30,07:11:01.941,1000,1664,667038566,35,3377,1205,667038511,7398,13328,702,667038533,28,3262,992,667038480,22,3250,877,667038442,22,3370,1049,667038351,20,3367,192139,667038369,7380,13371,1571,667038378,22,3374,
2026-09-30,07:11:02.941,999,1262,666377643,30,3413,535,666377578,7055,13314,473,666377557,38,3245,650,666377544,23,3212,972,666377522,28,3402,491,666377527,26,3383,197005,666376792,7062,13396,1274,666376827,32,3394,
2026-09-30,07:11:03.940,999,120852,666381582,241,10944,119400,666381512,7644,20741,110518,666381514,226,10555,120213,666381557,239,10629,115851,666381572,246,10743,113615,666381638,255,10730,306266,666381710,7646,20951,111530,666380979,246,10840,
2026-09-30,07:11:04.941,1000,19288,667058417,236,5131,14313,667058434,7639,15113,18319,667058466,235,5031,15057,667058424,211,4955,16866,667058407,211,5092,17519,667057641,232,5128,206509,667057764,7649,15122,18970,667057826,210,5175,
2026-09-30,07:11:05.942,1000,23213,667044546,162,5046,23756,667044524,7475,14960,22896,667043754,129,4989,21489,667043750,125,4902,26288,667043810,123,5060,29286,667043732,133,5067,220737,667043716,7480,15000,27633,667043688,137,5145,
2026-09-30,07:11:06.942,999,4089,666394560,105,3645,3559,666394511,7393,13573,3006,666394557,81,3469,1959,666394548,85,3465,2892,666394631,85,3648,2361,666394660,92,3629,198953,666394683,7401,13648,3768,666394669,82,3674,
2026-09-30,07:11:07.941,999,29614,666365413,135,4821,26643,666365442,7684,14797,24756,666365418,124,4623,23619,666365403,134,4671,27095,666365384,130,4790,32568,666364547,134,4806,219931,666364488,7675,14828,32749,666364446,143,4877,
2026-09-30,07:11:08.942,1000,8894,667077892,87,4077,10177,667077957,7015,14054,7033,667077992,74,3911,8351,667077967,71,3906,9340,667077987,77,4090,8551,667077089,77,4111,207191,667077106,7011,14113,8133,667077080,88,4111,
2026-09-30,07:11:09.942,999,1965,666376096,65,3482,1071,666376131,6972,13401,1925,666376128,57,3348,1498,666376137,57,3333,1514,666376078,56,3522,1931,666376186,53,3521,198233,666376111,7003,13497,2313,666375130,56,3475,
2026-09-30,07:11:10.942,999,45242,666404204,190,6627,40681,666404165,7671,16491,40011,666404215,188,6372,43924,666404201,177,6355,42625,666404200,177,6567,38359,666404181,189,6581,235809,666404123,7669,16529,44466,666404093,177,6643,
2026-09-30,07:11:11.941,999,2367,666379064,90,3556,3721,666379069,7486,13546,1685,666378141,79,3452,2094,666378180,83,3456,2341,666378161,75,3591,2898,666378146,81,3605,197583,666378230,7479,13584,2285,666378307,99,3601,
2026-09-30,07:11:12.942,1000,11733,667043485,129,4327,11335,667043512,6955,14299,11916,667043479,112,4241,11621,667043485,120,4274,9618,667043478,115,4384,10607,667042525,111,4434,208098,667042486,6967,14394,11091,667042591,128,4379,
2026-09-30,07:11:13.942,999,14601,666364358,96,4221,12526,666364376,7789,14124,10492,666364392,78,4041,12538,666364398,83,4092,10809,666364406,75,4217,11111,666364466,85,4195,200900,666364406,7811,14279,13114,666363665,85,4214,
2026-09-30,07:11:14.942,999,5859,666380705,161,3841,4591,666380679,6708,13795,4308,666380738,148,3693,4336,666380753,145,3699,4792,666379975,137,3870,5467,666380042,141,3863,204035,666380019,6717,13877,4820,666380077,150,3832,
2026-09-30,07:11:15.942,1000,6279,667051749,99,3868,6600,667051703,7362,13856,5525,667051696,99,3717,7544,667051666,87,3686,7923,667051670,79,3877,5952,667051557,93,3854,204964,667051622,7326,13834,6163,667050779,97,3833,
2026-09-30,07:11:16.942,999,29196,666376672,103,4740,29110,666376665,7416,14676,29670,666376716,79,4575,33291,666376766,78,4621,31958,666376772,77,4787,32054,666375481,66,4678,223640,666375477,7447,14763,28718,666375485,97,4759,
2026-09-30,07:11:17.942,999,1860,666361539,54,3484,1435,666361508,7026,13440,1616,666361526,61,3350,1793,666361526,48,3336,1043,666361475,40,3516,1772,666361504,47,3533,197511,666361597,7048,13471,2076,666361631,54,3507,
2026-09-30,07:11:18.941,999,2128,666353678,56,3429,1642,666353670,7400,13378,1516,666353716,53,3331,1401,666353723,39,3287,1193,666353721,44,3460,1610,666353747,45,3464,191996,666353845,7438,13425,1225,666353785,56,3420,
2026-09-30,07:11:19.942,1000,6796,667040240,63,3926,7129,667040256,7694,13856,5928,667040198,70,3800,7898,667040267,66,3784,7184,667040295,69,3988,7411,667039322,66,3893,203872,667039417,7699,13977,8098,667039454,81,3930,
2026-09-30,07:11:20.942,999,8592,666358572,59,3739,7732,666358572,7395,13633,6246,666358585,56,3626,6749,666358548,48,3577,6663,666358578,51,3760,6394,666358584,57,3756,198729,666358576,7427,13719,6732,666358566,62,3750,
2026-09-30,07:11:21.942,999,1546,666383006,62,3400,864,666382993,7227,13345,602,666382983,26,3256,1065,666382985,36,3253,725,666382993,42,3441,512,666383014,43,3406,193891,666382964,7232,13397,1212,666383008,44,3407,
2026-09-30,07:11:22.942,1000,2450,667048195,59,3514,1697,667048212,6833,13473,2179,667048215,44,3337,1122,667048205,35,3317,1722,667048151,46,3509,1728,667048275,44,3498,195198,667047621,6843,13553,1815,667047672,68,3565,
2026-09-30,07:11:23.942,999,1249,666380350,59,3369,1155,666380440,8040,13351,922,666380452,46,3270,1046,666380469,41,3260,530,666380440,53,3370,1313,666380491,45,3387,186326,666380452,8052,13339,1864,666379615,59,3392,
2026-09-30,07:11:24.942,999,2690,666379961,117,3605,3350,666379963,7454,13529,2054,666379958,108,3459,3388,666379905,98,3461,3354,666379868,104,3629,3049,666379233,97,3588,195719,666379232,7478,13580,2969,666379169,104,3562,
2026-09-30,07:11:25.941,999,1314,666375826,45,3360,552,666375810,7175,13312,696,666375752,46,3243,548,666375754,44,3227,473,666375764,32,3375,484,666375736,31,3383,197584,666375739,7195,13358,704,666375679,45,3369,
2026-09-30,07:11:26.942,1000,1147,667046653,47,3380,539,667046682,7131,13326,523,667046681,35,3237,384,667046711,29,3226,1498,667046747,41,3422,911,667046009,35,3393,198376,667046029,7158,13380,946,667046007,39,3352,
2026-09-30,07:11:27.942,999,1084,666377308,38,3313,525,666377391,7576,13262,498,666376249,29,3201,310,666376280,36,3215,418,666376320,32,3351,269,666376312,23,3322,192226,666376256,7565,13316,351,666376316,41,3322,
2026-09-30,07:11:28.942,999,1876,666392104,34,3406,1826,666392175,7180,13361,1260,666392189,26,3270,1138,666392170,28,3241,1430,666392130,19,3409,1318,666392078,27,3411,196502,666392051,7193,13407,1649,666391990,37,3390,
2026-09-30,07:11:29.942,1000,737,667040505,31,3307,262,667040454,7611,13260,214,667040529,20,3200,403,667040550,17,3185,510,667040539,23,3327,238,667040527,26,3321,189474,667040529,7628,13314,923,667040523,33,3318,
2026-09-30,07:11:30.942,999,1444,666381645,47,3363,549,666381634,7578,13321,1311,666381618,32,3271,1143,666381597,48,3280,1447,666381528,30,3360,1301,666380621,39,3389,191150,666380665,7577,13343,813,666380701,38,3348,
2026-09-30,07:11:31.942,999,1169,666366223,35,3325,610,666366240,7685,13279,1043,666366286,32,3217,350,666366290,27,3214,987,666366295,28,3350,532,666366317,23,3330,186482,666366318,7697,13316,1599,666366293,32,3329,
2026-09-30,07:11:32.942,999,885,666389630,39,3345,515,666389663,7051,13293,338,666389672,26,3224,504,666389688,21,3196,268,666389700,15,3374,528,666389783,27,3369,197979,666388929,7046,13333,782,666388985,38,3360,
2026-09-30,07:11:33.942,1000,1457,667052796,41,3346,964,667052762,7643,13303,1136,667052696,32,3267,990,667052677,25,3213,837,667052690,35,3368,653,667052028,25,3352,194082,667051998,7650,13326,643,667052027,34,3338,
2026-09-30,07:11:34.942,999,1068,666379608,63,3400,665,666379662,7164,13319,909,666379658,44,3249,1098,666379661,49,3252,1107,666379634,52,3422,674,666379682,44,3420,192447,666379685,7177,13362,735,666379597,46,3366,
2026-09-30,07:11:35.942,999,18562,666376626,68,4277,18497,666376602,7502,14163,17260,666376625,48,4122,18299,666376671,57,4120,16687,666376651,51,4250,16673,666376724,54,4289,204038,666375811,7513,14272,17987,666375727,63,4274,
2026-09-30,07:11:36.942,1000,5150,667053900,79,3721,4107,667053889,6833,13620,3616,667053827,66,3519,4447,667053829,62,3541,4661,667053815,58,3749,3962,667053833,67,3740,202932,667053744,6841,13699,4082,667053767,66,3693,
2026-09-30,07:11:37.942,999,601,666383871,52,3346,959,666383805,7551,13269,240,666383791,30,3210,966,666383783,25,3223,593,666383831,31,3365,394,666383965,42,3349,192658,666383861,7573,13313,1137,666383767,35,3338,
2026-09-30,07:11:38.942,999,10272,666381978,71,3923,9006,666381986,7007,13885,8178,666381944,50,3827,10397,666381965,43,3825,9557,666381991,47,3994,9225,666381418,42,3956,203435,666381370,7010,13970,8678,666381371,57,3940,
2026-09-30,07:11:39.942,999,1713,666381442,66,3446,1865,666381367,7236,13369,712,666381409,39,3266,1413,666381415,46,3304,1107,666381421,59,3455,1134,666380635,38,3447,198695,666380619,7218,13442,1131,666380607,66,3431,
2026-09-30,07:11:40.942,1000,869,667052449,40,3355,519,667052404,6854,13333,482,667052433,23,3229,1455,667052419,30,3259,1386,667052458,34,3433,676,667052399,31,3422,198745,667052444,6843,13391,1275,667051833,38,3395,
2026-09-30,07:11:41.942,999,5833,666382758,82,3739,6054,666382774,7155,13654,5833,666382770,65,3567,5691,666382803,70,3563,5245,666382835,61,3722,6779,666382976,64,3737,200177,666382188,7209,13726,6208,666382236,86,3745,
2026-09-30,07:11:42.942,999,1260,666394307,49,3343,582,666394337,7359,13263,236,666393581,23,3196,772,666393633,29,3203,330,666393626,28,3354,249,666393673,28,3351,188340,666393651,7389,13316,954,666393577,45,3351,
2026-09-30,07:11:43.943,1000,614,667054384,38,3344,527,667054385,7369,13314,573,667054454,37,3255,1118,667054456,23,3219,846,667054563,22,3402,1574,667054568,28,3371,198506,667053806,7376,13371,841,667053800,40,3353,
2026-09-30,07:11:44.943,1000,2038,667047101,78,3461,1535,667047174,6989,13423,1003,667047144,59,3308,1125,667047106,63,3295,626,667047146,59,3477,1346,667047134,57,3461,202983,667047235,6962,13464,1990,667047145,84,3502,
2026-09-30,07:11:45.943,999,884,666338417,39,3305,1032,666338320,7395,13269,658,666338358,23,3214,655,666338350,25,3212,283,666338326,26,3334,625,666338452,23,3324,192165,666337877,7407,13319,1627,666337824,36,3334,
2026-09-30,07:11:46.943,999,6757,666372575,59,3716,5862,666372592,7221,13645,4113,666372649,46,3561,5525,666372669,51,3577,4492,666372690,47,3729,5601,666371696,45,3716,202270,666371732,7235,13730,6310,666371789,52,3720,
2026-09-30,07:11:47.944,1000,2094,667051052,48,3498,1174,667051029,7064,13413,2156,667051052,50,3318,1639,667051058,48,3308,1786,667051103,47,3486,2343,667051144,39,3486,196134,667050444,7100,13502,2505,667050456,49,3459,
2026-09-30,07:11:48.943,999,1055,666354970,38,3381,1128,666354976,7451,13326,878,666354972,21,3237,643,666354951,25,3244,553,666354979,24,3377,1075,666355010,23,3376,191117,666355179,7464,13344,1919,666354435,29,3371,
2026-09-30,07:11:49.943,999,1058,666355503,34,3335,388,666355508,7444,13278,689,666355500,26,3219,878,666355512,21,3193,380,666355532,26,3344,627,666355546,14,3320,195489,666355567,7416,13328,576,666355568,26,3334,
2026-09-30,07:11:50.944,1000,832,667024907,32,3315,210,667024894,7297,13262,172,667025069,20,3192,838,667025151,25,3196,145,667025096,17,3329,201,667025052,21,3321,194121,667025110,7338,13324,562,667024245,27,3313,
2026-09-30,07:11:51.943,999,4183,666377160,49,3498,3406,666377155,7442,13430,3325,666377177,37,3372,2884,666377172,41,3366,3168,666377151,36,3530,3094,666376531,33,3491,196085,666376560,7452,13502,2838,666376489,39,3521,
2026-09-30,07:11:52.943,999,1173,666389019,41,3364,1174,666389011,7001,13333,738,666389105,26,3229,331,666389111,25,3213,317,666389079,29,3393,556,666388985,36,3414,195899,666387704,7003,13396,1076,666387780,41,3395,
2026-09-30,07:11:53.944,1000,1115,667042628,21,3319,328,667042633,6675,13257,53,667042659,7,3170,313,667042607,10,3153,149,667042610,9,3355,68,667042638,7,3345,201233,667042636,6690,13322,430,667041738,19,3337,
2026-09-30,07:11:54.945,1000,2028,667041081,78,3423,736,667041132,7514,13366,555,667041133,50,3273,1156,667041098,50,3280,1212,667041097,59,3424,931,667041074,43,3381,194342,667041087,7516,13433,1287,667040952,68,3407,
2026-09-30,07:11:55.944,999,1460,666384867,47,3405,992,666384849,6662,13349,917,666384894,37,3237,463,666384896,30,3228,335,666384871,26,3422,335,666384885,27,3419,199805,666384114,6684,13412,1132,666384097,34,3421,
2026-09-30,07:11:56.944,999,1667,666354180,47,3421,1436,666354098,7611,13344,1502,666354077,41,3275,1414,666354089,38,3285,1552,666354080,32,3420,695,666354107,28,3364,191196,666354177,7627,13406,1469,666354204,46,3410,
2026-09-30,07:11:57.945,1000,1097,667037962,37,3320,335,667037981,7625,13253,367,667038040,20,3209,398,667038040,14,3192,512,667038065,18,3341,791,667038069,21,3340,192054,667038046,7651,13331,876,667038058,25,3319,
2026-09-30,07:11:58.944,999,780,666378564,30,3327,489,666378626,7200,13256,182,666378673,20,3180,582,666378721,25,3204,254,666378728,23,3349,1373,666377754,16,3345,196092,666377902,7189,13324,789,666377919,24,3334,
2026-09-30,07:11:59.944,999,947,666380596,34,3323,178,666380635,7238,13232,199,666380562,17,3186,392,666380532,20,3178,981,666380477,21,3341,227,666380416,14,3307,191860,666380412,7244,13304,884,666379690,29,3339,
2026-09-30,07:12:00.945,1000,449,667041607,24,3282,288,667041610,7469,13238,74,667041587,6,3170,112,667041620,13,3164,96,667041662,10,3304,74,667040805,8,3290,193594,667040830,7469,13289,726,667040889,22,3277,
2026-09-30,07:12:01.945,999,1764,666378559,29,3391,1468,666378603,6939,13329,1666,666378597,16,3241,828,666378563,13,3224,1469,666378634,18,3419,951,666377969,14,3405,198021,666377988,6964,13390,1317,666377927,17,3419,
2026-09-30,07:12:02.944,999,1260,666354457,32,3355,761,666354442,7602,13255,413,666354430,28,3213,343,666354392,19,3199,383,666354407,27,3350,705,666353623,25,3343,188482,666353544,7616,13329,749,666353531,31,3342,
2026-09-30,07:12:03.944,999,1791,666351366,48,3369,799,666351352,6941,13313,626,666351327,34,3261,1409,666351303,30,3252,773,666351280,40,3436,1336,666351424,25,3410,195457,666351393,6959,13370,1131,666351439,36,3377,
2026-09-30,07:12:04.945,1000,4195,667052503,64,3613,3407,667052567,7188,13562,3064,667052566,62,3498,3087,667052575,42,3490,3664,667052591,57,3666,3630,667051706,55,3665,198588,667051736,7199,13629,4578,667051736,56,3640,
2026-09-30,07:12:05.944,999,813,666375356,23,3296,592,666375370,7032,13228,126,666375377,16,3165,77,666375354,10,3161,183,666375327,9,3322,112,666375199,11,3322,197136,666374364,7044,13299,341,666374411,20,3317,
2026-09-30,07:12:06.944,999,4818,666383032,64,3699,3905,666382951,6944,13570,3944,666382952,38,3512,4964,666382950,51,3485,4451,666382997,52,3667,3675,666383049,41,3630,202244,666383013,6928,13660,4834,666382186,47,3639,
2026-09-30,07:12:07.945,1000,929,667043767,39,3376,583,667043744,6801,13342,526,667043777,18,3231,724,667043764,23,3225,486,667043781,25,3427,983,667043303,24,3425,198810,667043324,6812,13383,1149,667043328,37,3402,
2026-09-30,07:12:08.945,999,1699,666388050,39,3421,978,666388083,7043,13328,1179,666386820,32,3298,1019,666386857,38,3262,1420,666386828,29,3474,1177,666386885,39,3452,195220,666386934,7067,13403,1841,666386243,33,3417,
2026-09-30,07:12:09.944,999,1796,666353811,40,3411,2527,666353781,7136,13341,1183,666353773,34,3280,1207,666353718,34,3246,1572,666353652,38,3447,1202,666353662,38,3403,195079,666352926,7144,13430,2140,666352964,41,3452,
2026-09-30,07:12:10.944,999,1294,666382387,37,3353,730,666382475,6727,13292,540,666382470,28,3201,958,666382466,24,3202,246,666382507,19,3381,459,666381859,24,3367,198205,666381924,6743,13341,1156,666381905,34,3364,
2026-09-30,07:12:11.945,1000,992,667021607,40,3352,1451,667021572,6802,13329,521,667021543,24,3209,539,667021549,22,3209,1314,667021564,24,3415,913,667021522,29,3419,203404,667021518,6754,13379,559,667021486,35,3377,
2026-09-30,07:12:12.944,999,363,666381966,25,3307,384,666381972,6897,13252,95,666380794,11,3159,194,666380788,10,3153,124,666380790,7,3340,107,666380810,14,3324,198202,666380785,6932,13317,840,666380716,28,3330,
2026-09-30,07:12:13.944,999,288,666378115,28,3311,337,666378202,6718,13262,419,666378190,17,3178,46,666378183,7,3142,133,666378156,12,3359,94,666378164,9,3332,201665,666377562,6706,13328,515,666377587,21,3334,
2026-09-30,07:12:14.945,1000,2148,667025035,71,3435,1525,667025004,6990,13382,1505,667024991,50,3282,1059,667024985,42,3255,1049,667024980,50,3464,1120,667025054,54,3470,196957,667025025,6987,13421,1647,667025000,74,3473,
2026-09-30,07:12:15.945,999,880,666361415,38,3324,258,666361336,7103,13262,258,666361319,20,3196,235,666361295,20,3193,901,666361314,19,3342,1062,666361238,19,3347,200025,666361226,7119,13349,456,666361195,28,3332,
2026-09-30,07:12:16.944,999,1936,666373754,40,3302,1626,666373820,9215,13236,683,666373793,27,3242,883,666373803,32,3249,845,666373822,36,3291,1232,666373852,29,3255,174024,666373742,9208,13225,1119,666373600,38,3270,
2026-09-30,07:12:17.945,1000,1371,667042356,35,3327,394,667042297,7093,13278,154,667042342,17,3199,210,667042371,21,3187,363,667042414,15,3351,298,667042389,19,3345,197575,667041660,7083,13349,445,667041678,29,3343,
2026-09-30,07:12:18.945,999,703,666381227,34,3341,391,666381263,7326,13259,450,666381225,23,3206,735,666381237,26,3200,335,666381310,22,3347,441,666381393,23,3327,193753,666380477,7341,13317,1239,666380372,25,3340,
2026-09-30,07:12:19.945,999,696,666381958,22,3297,570,666381919,7339,13223,255,666382001,15,3176,193,666381990,20,3171,92,666381994,13,3321,235,666381975,14,3299,192124,666382062,7373,13294,322,666381245,20,3296,
2026-09-30,07:12:20.944,999,1641,666387380,59,3402,1031,666387321,7745,13346,1111,666387337,34,3261,742,666387344,30,3229,519,666387315,36,3387,784,666387447,34,3361,192606,666385930,7705,13384,1770,666385910,54,3410,
2026-09-30,07:12:21.945,1000,3464,667053482,43,3487,3497,667053542,7330,13433,2299,667053542,30,3342,2195,667053548,33,3339,3457,667053585,30,3511,2744,667052786,41,3493,194520,667052712,7335,13493,2910,667052651,51,3521,
2026-09-30,07:12:22.945,999,939,666383884,42,3305,640,666383929,7555,13250,517,666383937,20,3204,240,666383937,28,3184,323,666383941,21,3308,475,666383973,13,3304,189947,666384116,7572,13289,422,666384073,34,3314,
2026-09-30,07:12:23.944,999,5951,666379512,47,3689,6030,666379477,7544,13676,4580,666379510,31,3601,4605,666379535,37,3597,5569,666379556,38,3734,5661,666379573,37,3693,195145,666378739,7527,13696,3862,666378802,52,3724,
2026-09-30,07:12:24.945,1000,1341,667051608,60,3353,717,667051653,7880,13301,500,667051616,41,3235,890,667051634,43,3251,588,667051636,36,3355,719,667051652,41,3339,188497,667051015,7892,13353,2390,667050996,55,3353,
2026-09-30,07:12:25.946,1000,2156,666952332,49,3431,1943,666952382,7217,13388,1936,666952411,43,3315,1451,666952405,38,3304,2317,666952473,44,3476,1899,666952431,38,3483,197297,666952496,7230,13436,1556,666952457,47,3446,
2026-09-30,07:12:26.945,999,2329,666394776,45,3489,2178,666394771,7107,13434,1804,666394755,45,3371,1449,666394730,46,3337,2461,666394762,36,3522,1354,666394792,44,3530,197425,666394957,7102,13502,2564,666394970,49,3527,
2026-09-30,07:12:27.945,999,2614,666386849,51,3393,1419,666386920,7636,13340,1176,666386941,41,3262,1761,666386927,46,3270,1000,666386930,58,3427,1243,666386934,50,3391,192765,666386924,7621,13389,1093,666386919,50,3379,
2026-09-30,07:12:28.946,1000,1288,667055467,30,3363,331,667055498,6544,13329,293,667055520,15,3196,211,667055531,13,3184,432,667055558,17,3397,909,667055580,17,3398,203511,667055588,6540,13368,567,667055666,30,3363,
2026-09-30,07:12:29.946,999,753,666371198,24,3312,1005,666371265,7095,13249,199,666371270,21,3184,907,666371260,12,3160,171,666371265,14,3344,554,666371206,20,3333,195475,666371137,7110,13311,816,666371165,19,3317,
2026-09-30,07:12:30.945,999,955,666387731,34,3316,881,666387743,6886,13271,407,666387777,25,3189,221,666387758,22,3186,388,666387767,28,3383,187,666388136,19,3355,197205,666388185,6895,13338,766,666388201,31,3349,
2026-09-30,07:12:31.946,1000,1523,667018721,35,3361,519,667018734,7450,13313,676,667018772,36,3253,931,667018773,30,3221,880,667018761,39,3381,456,667018763,27,3358,193203,667018790,7446,13363,666,667018788,39,3377,
2026-09-30,07:12:32.946,999,131024,666357448,476,12746,131462,666357472,7827,22839,133396,666357466,473,12739,134324,666357490,477,12823,137565,666357474,487,13043,136362,666357518,512,13115,327817,666356698,7808,22947,135874,666356741,489,12931,
2026-09-30,07:12:33.946,999,145382,666401734,358,13190,142021,666401758,7589,23170,132229,666401729,336,12828,140646,666401705,333,12897,136983,666401734,352,13172,153414,666401774,336,13132,337247,666401785,7598,23190,146335,666401864,353,13216,
2026-09-30,07:12:34.945,999,13048,666381939,257,4554,13254,666381945,7516,14605,13863,666381941,229,4436,14615,666381954,221,4424,14537,666381923,221,4591,12340,666381931,235,4588,205960,666381963,7526,14547,14398,666381980,241,4639,
2026-09-30,07:12:35.946,1000,19300,667051685,132,4959,20837,667051691,7274,14912,17905,667051744,118,4779,22329,667051763,123,4820,21700,667051748,112,4960,22268,667051664,112,4934,218176,667050997,7262,14981,22388,667051000,111,4959,
2026-09-30,07:12:36.946,999,32736,666385727,111,5114,35004,666385700,7016,15112,29372,666385738,90,5026,29223,666385772,96,5036,27591,666385818,95,5227,30179,666385144,96,5131,232942,666385102,6998,15183,30885,666385183,121,5177,
2026-09-30,07:12:37.946,999,7945,666394530,89,3942,7025,666394457,7348,13900,6579,666394418,71,3800,7727,666394396,62,3770,7086,666394434,83,3971,9403,666394513,80,3983,196664,666393780,7375,13930,7579,666393835,91,3936,
2026-09-30,07:12:38.946,1000,5066,667090025,86,3697,4692,667090035,7188,13626,3713,667090015,74,3543,4414,667089989,65,3529,4184,667089960,81,3737,4667,667089951,71,3719,200962,667088984,7182,13701,5225,667089030,76,3698,
2026-09-30,07:12:39.946,999,164374,666379726,406,13527,150860,666379815,7569,23433,154155,666379847,363,13273,160798,666379877,374,13134,150207,666379935,370,13267,161752,666379302,397,13377,354073,666379344,7564,23436,154581,666379328,398,13301,
2026-09-30,07:12:40.946,999,38356,666359445,141,6019,36226,666359463,7057,15933,38547,666359489,148,5908,37286,666359479,129,5755,34696,666359453,134,5922,37704,666359447,129,5993,235036,666359444,7058,15897,39464,666359457,151,6024,
2026-09-30,07:12:41.946,999,4090,666394694,78,3693,3684,666394609,6807,13697,4937,666394588,78,3583,3791,666394573,77,3558,3532,666394531,72,3748,3647,666394640,86,3812,203205,666394656,6815,13753,4610,666394711,83,3722,
2026-09-30,07:12:42.946,1000,9935,667023055,147,4192,7987,667023027,7401,14120,9135,667022957,95,4037,8815,667022922,114,4034,10285,667022922,110,4235,11243,667022878,122,4211,203257,667022844,7439,14189,9140,667022860,129,4184,
2026-09-30,07:12:43.946,999,7238,666365865,101,3802,5794,666365881,7694,13799,5999,666365880,89,3641,6299,666365882,90,3653,6492,666365866,87,3776,7243,666365882,80,3761,195952,666365876,7717,13841,7613,666365980,109,3807,
2026-09-30,07:12:44.946,999,9554,666382795,186,4137,8107,666382775,6696,14066,8765,666382809,171,3954,9841,666382859,158,3923,8006,666382901,164,4183,9629,666382949,152,4086,210094,666382978,6726,14114,9464,666382999,182,4136,
2026-09-30,07:12:45.946,1000,3528,667044436,100,3524,3605,667044459,7274,13518,2952,667044438,68,3419,3207,667044437,71,3417,2525,667044408,64,3578,2084,667043724,80,3572,199335,667043783,7288,13558,2544,667043854,94,3586,
2026-09-30,07:12:46.946,999,3808,666389520,76,3633,3518,666389592,6587,13586,3307,666389511,59,3458,2423,666389503,64,3467,3260,666389513,74,3669,3022,666389547,67,3674,210930,666389616,6573,13646,2679,666388872,67,3602,
2026-09-30,07:12:47.946,999,2604,666387942,77,3506,1517,666387937,7067,13487,1697,666387928,85,3405,2285,666387973,76,3383,1601,666387982,78,3556,2172,666386838,76,3531,197481,666386873,7077,13522,3061,666386880,88,3542,
2026-09-30,07:12:48.946,999,4524,666413464,72,3659,3617,666413487,6920,13566,3921,666413538,68,3480,2899,666413556,75,3481,4693,666413589,66,3655,3348,666413666,66,3640,198286,666413760,6956,13671,3058,666413888,85,3673,
2026-09-30,07:12:49.946,1000,1758,667053745,56,3422,947,667053787,6908,13402,1674,667053771,55,3317,1082,667053754,59,3289,1244,667053734,50,3490,1369,667053794,50,3476,199622,667053887,6884,13429,992,667053906,59,3422,
2026-09-30,07:12:50.946,999,1100,666408802,58,3412,1732,666408811,7244,13372,934,666408810,46,3291,793,666408833,44,3253,624,666408791,40,3443,1639,666408796,49,3449,197030,666408829,7252,13413,1621,666408955,74,3445,
2026-09-30,07:12:51.946,999,8150,666368964,67,3739,6746,666369028,7018,13665,7168,666369075,60,3566,8795,666369090,66,3581,6985,666369202,60,3758,7554,666369341,57,3734,203201,666369538,7005,13709,6286,666369593,61,3707,
2026-09-30,07:12:52.946,999,993,666394640,44,3385,957,666394650,7019,13341,836,666394620,47,3263,990,666394618,45,3242,484,666394605,42,3422,732,666393840,52,3436,198832,666393842,7046,13398,970,666393841,46,3401,
2026-09-30,07:12:53.946,1000,6558,667057707,110,3865,6329,667057684,7294,13807,5210,667057655,99,3665,5351,667057660,110,3687,4612,667057708,89,3836,4777,667057725,98,3823,201100,667056782,7303,13822,7119,667056770,107,3868,
2026-09-30,07:12:54.946,999,3979,666356257,111,3608,2333,666356268,6710,13554,2420,666356249,101,3442,1661,666356370,105,3425,2230,666356429,118,3644,3012,666356380,98,3626,203943,666356371,6698,13567,3168,666356395,101,3588,
2026-09-30,07:12:55.946,999,61117,666375178,239,7745,60182,666375226,7800,17768,61948,666375240,245,7601,61807,666375261,230,7513,58267,666375223,220,7738,57483,666375284,244,7706,246125,666375298,7776,17696,58350,666375365,243,7730,
2026-09-30,07:12:56.947,1000,4060,667044903,60,3666,3601,667044936,7296,13642,3809,667044966,56,3551,3743,667044968,69,3551,4656,667044968,63,3697,3318,667044381,55,3695,197693,667044382,7288,13671,3216,667044466,63,3679,
2026-09-30,07:12:57.946,999,4504,666389741,87,3598,3729,666389744,7536,13529,4094,666389767,74,3503,4186,666389735,70,3469,3217,666389755,77,3633,4447,666389031,66,3607,195786,666388974,7540,13633,4320,666389001,87,3627,
2026-09-30,07:12:58.946,999,2128,666355478,46,3440,2091,666355403,7085,13397,1580,666355388,51,3327,1324,666355402,43,3295,1292,666355402,35,3445,1050,666355345,40,3435,195142,666355367,7086,13435,1500,666354560,44,3436,
2026-09-30,07:12:59.946,999,5174,666356671,74,3749,4781,666356604,7501,13720,4341,666356540,67,3635,5111,666356526,77,3608,4241,666356562,60,3749,4433,666356525,63,3749,196748,666355740,7504,13724,4709,666355688,69,3748,
2026-09-30,07:13:00.946,1000,31746,667037773,84,4884,29465,667037759,7566,14778,31292,667037779,69,4686,36085,667037793,66,4789,28051,667037883,71,4861,31556,667037907,64,4814,226210,667037960,7587,14876,26311,667037974,92,4833,
2026-09-30,07:13:01.946,999,4234,666379615,48,3494,2707,666379577,6629,13473,2619,666379544,34,3317,1009,666379479,34,3308,1505,666379471,42,3526,2033,666379469,34,3523,202364,666379570,6627,13510,2493,666379533,40,3498,
2026-09-30,07:13:02.946,999,2254,666393744,57,3431,972,666393757,7160,13371,800,666393782,47,3290,1003,666393767,48,3271,721,666393797,45,3446,1074,666393779,51,3439,195454,666393747,7162,13423,1220,666393750,60,3445,
2026-09-30,07:13:03.947,1000,30094,667075371,95,4714,31995,667075420,7666,14708,32191,667075305,80,4655,30133,667075306,88,4658,28671,667075327,75,4771,30104,667075349,71,4738,222301,667075381,7686,14781,30425,667075588,81,4773,
2026-09-30,07:13:04.946,999,7707,666392724,154,4098,7632,666392662,7626,13952,7776,666392658,138,3914,6861,666392699,136,3905,7971,666392743,152,4090,7944,666392807,134,4007,197783,666392798,7624,14026,8369,666392877,138,4047,
2026-09-30,07:13:05.946,999,1669,666329768,70,3430,1339,666329691,7524,13385,1582,666329731,61,3315,1392,666329739,47,3286,1304,666329810,45,3449,1248,666329789,54,3433,193710,666329806,7509,13437,1463,666329039,66,3419,
2026-09-30,07:13:06.946,999,18015,666376508,74,4372,15406,666376587,7003,14257,14413,666376539,88,4242,13319,666376531,79,4230,15230,666376574,86,4415,13164,666376549,90,4366,211707,666375823,7025,14344,16073,666375844,77,4366,
2026-09-30,07:13:07.946,1000,1545,667052604,69,3435,1804,667052536,7642,13404,1017,667052473,57,3331,1468,667052473,58,3294,1084,667052467,60,3452,1226,667051633,48,3436,194484,667051516,7686,13445,1682,667051533,70,3450,
2026-09-30,07:13:08.946,999,5030,666395169,61,3667,4887,666395196,7076,13621,3933,666395164,39,3538,3423,666395131,39,3497,4719,666395191,46,3710,4726,666395189,51,3680,202697,666395280,7074,13657,5223,666394446,49,3682,
2026-09-30,07:13:09.946,999,1946,666349761,56,3403,2152,666349756,7496,13366,1044,666349742,38,3290,1696,666349703,35,3283,1394,666349643,37,3450,2186,666349603,43,3427,192670,666349590,7510,13389,1066,666348770,57,3424,
2026-09-30,07:13:10.947,1000,3279,667057722,60,3551,2519,667057710,6862,13501,2178,667057714,57,3388,2447,667057734,51,3383,2690,667057721,50,3612,2139,667057750,46,3565,204438,667056820,6864,13601,3235,667056787,54,3596,
2026-09-30,07:13:11.946,999,1695,666374473,71,3414,1216,666374435,7423,13362,791,666374448,50,3266,741,666374411,47,3272,1624,666374404,41,3421,916,666374426,41,3410,192257,666374367,7432,13391,690,666374349,59,3403,
2026-09-30,07:13:12.946,999,656,666350256,46,3335,381,666350357,7111,13293,375,666350361,28,3230,558,666350337,31,3223,430,666350369,33,3373,285,666350395,21,3360,195871,666350379,7090,13358,1096,666350378,36,3369,
2026-09-30,07:13:13.947,1000,1007,667050201,41,3378,752,667050237,7492,13312,1643,667050217,25,3233,732,667050204,36,3266,1059,667050269,32,3403,1098,667050326,28,3384,193158,667050358,7514,13400,1864,667049516,35,3392,
2026-09-30,07:13:14.947,1000,2941,667015538,89,3543,2452,667015593,7158,13506,2408,667015608,86,3410,1800,667015602,87,3395,1650,667015622,79,3545,2273,667015617,79,3518,196273,667015620,7147,13523,2326,667015578,94,3553,
2026-09-30,07:13:15.947,999,2911,666292579,69,3450,1579,666292624,7550,13371,1461,666292618,42,3294,2560,666292586,60,3329,2012,666292580,51,3441,2118,666292581,46,3430,193950,666292615,7543,13446,1738,666292506,57,3431,
2026-09-30,07:13:16.948,1000,5124,667041057,39,3671,4298,667041090,6538,13625,3639,667041052,34,3504,4138,667040987,33,3485,4132,667040951,29,3746,3119,667040951,35,3716,203648,667040932,6540,13711,3865,667041019,37,3718,
2026-09-30,07:13:17.949,1000,686,667059550,42,3360,315,667059614,6742,13304,401,667059583,20,3197,405,667059582,20,3194,462,667059590,15,3385,197,667059519,20,3371,201291,667059469,6750,13388,432,667059546,26,3372,
2026-09-30,07:13:18.948,999,568,666381308,23,3340,330,666381347,6843,13284,580,666381378,20,3196,269,666381347,21,3193,268,666381421,21,3370,465,666381528,12,3363,199574,666380775,6854,13331,478,666380728,24,3339,
2026-09-30,07:13:19.948,999,1716,666387209,35,3376,802,666387228,7086,13296,881,666387210,30,3230,500,666387189,20,3212,385,666387175,21,3381,334,666387162,23,3362,197055,666387179,7108,13365,1256,666386245,31,3379,
2026-09-30,07:13:20.949,1000,916,667042646,32,3331,244,667042668,7076,13275,596,667042658,16,3194,568,667042646,15,3180,203,667042719,19,3370,177,667042744,21,3337,198454,667041940,7057,13318,310,667041915,23,3330,
2026-09-30,07:13:21.948,999,5721,666382199,58,3615,3989,666382214,7160,13525,4068,666382225,56,3501,4294,666381089,55,3460,3225,666381039,48,3633,5545,666381026,53,3627,199257,666381046,7179,13592,4592,666381131,50,3626,
2026-09-30,07:13:22.948,999,1724,666376450,41,3404,626,666376384,6843,13342,846,666376385,34,3248,693,666376410,37,3231,794,666376401,30,3403,629,666376384,31,3406,199990,666376439,6860,13397,881,666376538,39,3389,
2026-09-30,07:13:23.949,1000,128030,667013073,501,12602,126192,667013028,8203,22533,119420,667013056,531,12105,134678,667013027,533,12433,120757,667013078,522,12427,128918,667012395,517,12532,317447,667012383,8246,22682,126316,667012372,521,12615,
2026-09-30,07:13:24.950,1000,22656,667029977,213,5344,23060,667030091,7087,15386,22659,667030089,218,5291,21309,667030088,228,5270,23769,667030063,224,5437,22778,667030043,224,5447,223553,667030098,7088,15414,24484,667029307,237,5327,
2026-09-30,07:13:25.949,999,11549,666381211,141,4079,11814,666381285,6910,13983,10136,666381316,128,3883,8776,666381333,122,3875,8300,666381303,121,4057,10808,666381402,110,3983,206846,666380594,6903,14062,11035,666380446,140,4086,
2026-09-30,07:13:26.949,999,6093,666392951,121,3880,5689,666392978,7874,13789,6128,666393030,91,3762,6059,666393064,84,3732,5388,666393085,99,3817,4326,666392083,101,3823,195261,666392135,7897,13849,5751,666392147,97,3832,
2026-09-30,07:13:27.950,1000,7580,667045927,113,3916,5791,667045950,7666,13906,7544,667046029,113,3850,7063,667046082,108,3827,7884,667046050,105,3992,7980,667046095,113,4024,199261,667045987,7678,13977,8139,667046024,106,3945,
2026-09-30,07:13:28.949,999,2568,666384090,55,3403,910,666384145,7342,13334,689,666384183,52,3273,829,666384169,40,3256,1985,666384182,51,3443,966,666384227,37,3423,197237,666383321,7322,13405,1120,666383324,60,3428,
2026-09-30,07:13:29.949,999,1489,666368563,59,3422,1624,666368564,7188,13368,1504,666368576,53,3289,1581,666368524,42,3279,1351,666368546,44,3440,753,666368615,41,3413,197540,666368736,7208,13389,1263,666367935,40,3402,
2026-09-30,07:13:30.950,1000,3614,667052699,65,3460,1067,667052697,7411,13405,866,667052718,54,3292,1322,667052728,63,3336,1618,667052700,57,3478,1247,667052654,54,3436,195943,667052610,7387,13444,1951,667051981,70,3456,
2026-09-30,07:13:31.950,999,2036,666371397,59,3424,1408,666371376,7196,13384,1592,666371376,51,3296,1011,666371392,55,3295,1188,666371424,53,3452,970,666371477,52,3430,190240,666371527,7251,13433,1397,666370455,46,3418,
2026-09-30,07:13:32.949,999,1907,666384114,75,3506,2029,666384073,6860,13418,990,666384023,65,3336,821,666383966,56,3328,2166,666384011,56,3524,2474,666383331,60,3501,200503,666383326,6912,13480,1777,666383376,62,3515,
2026-09-30,07:13:33.949,999,2650,666391542,70,3462,2894,666390805,7591,13404,1932,666390787,59,3348,2677,666390759,58,3334,1877,666390744,56,3493,1675,666390733,61,3497,193186,666390738,7613,13462,2310,666390844,61,3503,
2026-09-30,07:13:34.950,1000,2641,667047506,102,3551,1792,667047525,7317,13509,2296,667047492,97,3430,2188,667047478,102,3410,2521,667047479,107,3589,2941,667046792,101,3559,199120,667046787,7306,13556,2546,667046747,107,3584,
2026-09-30,07:13:35.950,999,1041,666383262,53,3367,1432,666383171,6848,13344,657,666383160,40,3235,873,666383195,31,3216,384,666383170,36,3403,1053,666383160,38,3411,198274,666382620,6864,13378,1121,666382562,56,3397,
2026-09-30,07:13:36.949,999,8608,666383271,65,3728,8091,666383275,7510,13646,7157,666383308,55,3566,6364,666383329,56,3590,9100,666383289,42,3694,5615,666383349,47,3693,199795,666383323,7513,13668,7907,666383441,53,3699,
2026-09-30,07:13:37.950,1000,935,667046245,44,3332,724,667046275,7745,13302,350,667046330,37,3239,339,667046348,29,3216,209,667046346,27,3330,447,667046432,34,3333,189425,667045500,7747,13348,578,667045519,43,3340,
2026-09-30,07:13:38.951,1000,3648,667060970,61,3596,3449,667060975,7173,13548,3115,667061032,59,3474,3708,667060985,46,3504,3525,667061011,56,3667,3834,667061025,52,3623,199403,667060236,7163,13605,2786,667060166,57,3603,
2026-09-30,07:13:39.951,999,1327,666386592,58,3396,1180,666386545,7201,13322,1240,666386528,39,3275,1351,666386562,51,3279,1612,666386590,47,3441,811,666385621,39,3409,194325,666385562,7221,13364,1690,666385611,49,3392,
2026-09-30,07:13:40.950,999,1165,666365106,47,3369,1298,666365141,7594,13326,1271,666365112,35,3287,1842,666365091,31,3273,1035,666365060,37,3406,1940,666365025,34,3391,194703,666365099,7576,13376,2042,666365038,48,3398,
2026-09-30,07:13:41.951,1000,594,667025019,29,3289,330,667024928,7418,13254,206,667024926,16,3189,135,667024923,15,3169,512,667024942,23,3346,225,667024897,24,3329,193200,667024176,7427,13299,660,667024269,27,3296,
2026-09-30,07:13:42.951,999,535,666397491,34,3272,299,666397457,7495,13236,916,666397525,25,3189,698,666397530,23,3184,409,666397495,25,3330,275,666397523,22,3315,192143,666396601,7484,13280,737,666396532,27,3298,
2026-09-30,07:13:43.950,999,15355,666351921,53,3949,14340,666351878,7165,13912,13501,666351830,38,3831,12891,666351867,37,3798,12642,666351874,46,3999,15771,666351826,39,3946,207984,666351828,7188,13934,16695,666351806,56,3995,
2026-09-30,07:13:44.951,1000,3965,667044165,108,3560,2441,667044181,7311,13498,3154,667044175,88,3396,2426,667044190,77,3393,2531,667044207,81,3549,2029,667043311,89,3589,199043,667043367,7282,13571,2504,667043368,93,3530,
2026-09-30,07:13:45.952,1000,560,667045752,39,3339,527,667045767,6815,13300,238,667045764,16,3187,335,667045759,32,3213,642,667045782,29,3386,838,667045717,29,3384,198807,667045727,6790,13347,930,667045733,36,3369,
2026-09-30,07:13:46.952,999,3353,666378924,67,3545,2384,666378907,7625,13484,2323,666378907,48,3431,2104,666378944,52,3401,2233,666378911,48,3588,2181,666378950,45,3544,190899,666379017,7629,13527,2347,666378159,54,3512,
2026-09-30,07:13:47.951,999,773,666382359,39,3334,615,666382375,7044,13289,248,666382392,30,3211,347,666382416,23,3187,749,666382433,28,3362,179,666381439,15,3334,194197,666381411,7041,13345,707,666381307,36,3331,
2026-09-30,07:13:48.952,1000,1395,667042534,35,3343,1081,667042508,7521,13288,1015,667042524,24,3221,1321,667042593,26,3222,311,667042603,16,3326,916,667042598,19,3336,190383,667041697,7528,13329,1008,667041686,35,3334,
2026-09-30,07:13:49.952,999,1259,666353600,54,3425,1134,666353594,7150,13342,1291,666353545,37,3302,938,666353520,41,3271,892,666353530,36,3430,2226,666353562,39,3431,193813,666353555,7179,13389,1087,666353648,45,3420,
2026-09-30,07:13:50.951,999,13938,666352942,42,4007,15509,666352881,7095,13983,16222,666352905,41,3961,15124,666352908,31,3897,16404,666352957,33,4098,17478,666352972,24,4014,209265,666352970,7097,14001,17522,666353044,47,4040,
2026-09-30,07:13:51.952,1000,5257,666981985,63,3572,4530,666981946,7667,13532,4829,666981929,38,3452,3864,666981965,44,3449,5020,666981980,46,3596,4161,666981958,44,3554,192617,666981983,7706,13561,4306,666981988,65,3571,
2026-09-30,07:13:52.952,999,1677,666383480,35,3413,837,666383448,7016,13354,869,666383433,29,3249,919,666383397,28,3251,975,666383407,24,3451,1343,666383355,36,3444,197945,666383404,7000,13446,1788,666383493,30,3454,
2026-09-30,07:13:53.952,999,2051,666378684,34,3464,2405,666378648,7250,13412,2978,666378679,30,3344,1593,666378640,29,3319,2095,666378701,24,3496,2040,666377992,27,3500,199242,666378147,7243,13477,2932,666378111,39,3472,
2026-09-30,07:13:54.952,1000,3595,667020166,97,3529,2794,667020111,7873,13473,2023,667020077,75,3366,1597,667020092,99,3407,2772,667020072,78,3504,2032,667020048,85,3500,190879,667020042,7896,13473,2918,667019975,83,3497,
2026-09-30,07:13:55.952,999,45592,666362632,100,6406,39669,666362640,7772,16235,43804,666362587,96,6230,43391,666362705,107,6140,41603,666362742,112,6327,42126,666361908,93,6269,232911,666361954,7741,16264,39862,666361990,131,6276,
2026-09-30,07:13:56.952,999,3747,666403042,49,3537,2261,666403067,6904,13453,1248,666403066,43,3347,1116,666403028,44,3365,2336,666403012,32,3552,1571,666403064,39,3526,200734,666402116,6909,13545,2517,666402095,50,3543,
2026-09-30,07:13:57.951,999,1428,666396018,44,3394,825,666396041,7352,13326,879,666396065,29,3262,1786,666396097,35,3274,955,666396074,42,3414,2069,666396116,32,3384,192991,666396137,7390,13408,1950,666395074,45,3399,
2026-09-30,07:13:58.952,1000,642,667016499,30,3331,324,667016529,7119,13291,220,667016518,24,3196,489,667016520,13,3163,613,667016470,21,3375,384,667016596,19,3351,193310,667016519,7139,13357,587,667016521,25,3349,
2026-09-30,07:13:59.952,999,1399,666380952,40,3339,780,666380992,7583,13277,870,666381009,32,3226,411,666380987,29,3205,581,666380970,33,3367,508,666380213,42,3365,188836,666380113,7597,13310,755,666380099,38,3344,
2026-09-30,07:14:00.952,999,4418,666365690,66,3603,2986,666365655,7712,13532,2916,666365591,50,3465,3591,666365581,57,3494,3590,666365519,63,3615,2716,666364700,55,3598,191090,666364802,7729,13608,3325,666364783,60,3601,
2026-09-30,07:14:01.952,1000,2975,667028726,46,3542,3985,667028791,7525,13476,2727,667028840,27,3403,1739,667028862,41,3390,2941,667028880,33,3550,1810,667027249,38,3516,195709,667027291,7551,13562,3930,667027258,45,3569,
2026-09-30,07:14:02.952,999,1374,666380776,40,3366,797,666380808,7602,13289,831,666380781,38,3236,764,666380785,41,3250,821,666380801,29,3361,1172,666380914,31,3358,191699,666379544,7627,13365,1703,666379507,41,3380,
2026-09-30,07:14:03.952,999,3708,666376152,42,3552,2980,666376106,7267,13511,2635,666376108,34,3437,2348,666376061,34,3416,2104,666376094,43,3588,3999,666376190,30,3556,199379,666375451,7276,13574,3182,666375457,45,3559,
2026-09-30,07:14:04.951,999,4747,666391269,94,3662,4773,666391330,7065,13576,4049,666391311,85,3555,3955,666391349,76,3565,4070,666391354,78,3727,4183,666391326,76,3706,199928,666390521,7064,13640,5028,666390510,97,3675,
2026-09-30,07:14:05.952,1000,2087,667024022,58,3440,1209,667024081,6900,13424,1659,667024065,39,3327,1960,667024076,45,3288,1453,667024111,41,3506,1259,667023286,44,3454,198600,667023330,6907,13473,1770,667023305,51,3457,
2026-09-30,07:14:06.952,999,7139,666378290,78,3786,5463,666378354,6691,13686,5671,666378423,69,3616,6090,666378437,74,3596,6035,666378476,53,3766,4469,666377641,52,3762,207262,666377568,6693,13728,5635,666377530,94,3810,
2026-09-30,07:14:07.952,999,1028,666367062,39,3331,407,666367063,7115,13263,205,666367077,22,3193,657,666367056,22,3185,230,666367034,29,3356,664,666367067,25,3353,196473,666366217,7132,13334,902,666366170,30,3343,
2026-09-30,07:14:08.952,1000,1796,667044400,47,3394,909,667044299,6753,13324,1940,667044300,29,3266,1616,667044296,26,3249,1213,667044299,31,3428,957,667044280,28,3435,200111,667044283,6762,13441,1107,667044242,37,3418,
2026-09-30,07:14:09.952,999,772,666359881,46,3340,958,666359918,7358,13290,1426,666359904,32,3227,552,666359883,37,3222,686,666359905,30,3357,1401,666359869,31,3366,194554,666359903,7345,13332,1973,666359881,36,3355,
2026-09-30,07:14:10.952,999,961,666385118,33,3339,626,666385124,6990,13281,800,666385166,29,3208,533,666385205,28,3192,668,666385172,27,3394,435,666385231,32,3379,200527,666385272,6990,13369,922,666384295,46,3364,
2026-09-30,07:14:11.953,1000,2176,667095578,65,3517,2062,667095580,6892,13499,2132,667095528,51,3385,2748,667095504,59,3378,2311,667095551,52,3539,2956,667095566,49,3569,199685,667095568,6878,13556,2297,667094350,71,3542,
2026-09-30,07:14:12.953,1000,612,667038201,39,3365,229,667038175,6686,13284,179,667038140,19,3205,140,667038153,17,3177,187,667038208,18,3375,200,667038256,21,3383,204960,667038253,6701,13355,347,667038348,32,3361,
2026-09-30,07:14:13.953,999,559,666380449,29,3333,274,666380369,6741,13269,144,666380383,11,3175,200,666380370,20,3172,385,666379190,20,3378,734,666379296,17,3356,199949,666379247,6751,13331,553,666379284,19,3339,
2026-09-30,07:14:14.953,999,2278,666375500,48,3413,1144,666375422,6601,13347,875,666375415,60,3283,1047,666375443,59,3269,1247,666375470,52,3462,1331,666374783,56,3452,204319,666374831,6582,13417,1496,666374861,48,3433,
2026-09-30,07:14:15.954,1000,92057,667089783,325,9621,83629,667089773,7870,19542,78867,667089715,317,9307,84358,667089733,334,9326,81797,667089754,359,9444,81547,667089093,326,9495,273217,667089163,7880,19507,81722,667089154,356,9466,
2026-09-30,07:14:16.954,1000,17305,667067688,143,4480,13940,667067658,7262,14469,12508,667067702,132,4333,11918,667067725,140,4318,13760,667067724,126,4582,11969,667067676,120,4491,208853,667067757,7265,14514,13349,667067822,131,4481,
2026-09-30,07:14:17.954,999,3634,666396605,76,3605,3063,666396597,7194,13560,2584,666396598,71,3506,2813,666396626,57,3492,2828,666396684,50,3624,3241,666396757,68,3656,198577,666396873,7215,13586,4228,666396846,54,3615,
2026-09-30,07:14:18.954,999,3595,666398991,91,3678,3403,666398997,6487,13639,2795,666399028,98,3527,3848,666399027,88,3513,4373,666398943,78,3752,3698,666398975,113,3751,203174,666399018,6519,13693,3698,666399155,90,3744,
2026-09-30,07:14:19.955,1000,4136,667068982,74,3675,4983,667069053,7808,13682,3150,667069075,52,3526,4160,667069077,61,3532,4341,667069148,51,3689,4713,667069106,49,3648,192686,667069134,7806,13660,4093,667069199,66,3651,
2026-09-30,07:14:20.954,999,3295,666416624,81,3588,3943,666416591,7252,13509,2963,666416636,52,3428,2518,666416608,65,3408,2512,666416612,62,3536,1570,666416734,58,3538,195447,666416918,7290,13524,3235,666417037,73,3569,
2026-09-30,07:14:21.954,999,35762,666393982,193,5785,32400,666394005,7787,15727,35765,666394026,179,5691,35535,666394028,173,5654,37278,666394046,183,5857,34800,666394103,199,5753,224678,666394186,7789,15754,35811,666394214,206,5825,
2026-09-30,07:14:22.954,999,8855,666396483,93,4015,6429,666396469,7096,13951,6849,666396458,93,3841,6821,666396470,82,3913,7034,666396449,89,3997,8128,666396479,88,4041,204301,666396521,7097,14056,6888,666396559,84,4033,
2026-09-30,07:14:23.955,1000,1480,667055931,62,3418,1426,667055867,7116,13376,1074,667055823,56,3289,993,667055863,55,3267,665,667055941,45,3416,465,667055935,45,3409,198640,667056000,7123,13420,1305,667056105,39,3414,
2026-09-30,07:14:24.954,999,15945,666394840,230,4692,16828,666394817,7656,14651,18036,666394782,238,4680,15710,666394797,230,4576,15470,666394802,229,4682,13465,666394849,245,4718,204574,666394854,7687,14686,13256,666394864,245,4685,
2026-09-30,07:14:25.954,999,2630,666365823,75,3452,1578,666365910,7768,13390,1681,666365955,63,3356,1819,666366002,63,3332,1299,666366082,59,3440,1871,666367337,67,3433,192227,666367457,7786,13424,2746,666367388,75,3450,
2026-09-30,07:14:26.954,999,6149,666401505,93,3652,3614,666401532,7389,13599,3222,666401534,89,3456,4467,666401528,81,3522,2864,666401526,88,3630,4386,666401378,78,3627,193074,666401260,7375,13602,4033,666401236,82,3631,
2026-09-30,07:14:27.954,1000,1771,667008828,60,3397,919,667008802,7347,13341,608,667008783,43,3263,817,667008797,30,3239,493,667008794,43,3390,1104,667008824,32,3382,193825,667008832,7360,13399,1073,667008833,59,3392,
2026-09-30,07:14:28.954,999,1758,666354861,48,3434,1623,666354928,7332,13374,2003,666354969,31,3305,1546,666354982,41,3307,1402,666354993,32,3451,998,666355032,36,3433,195729,666355112,7313,13428,1767,666354951,36,3456,
2026-09-30,07:14:29.954,999,1688,666354215,41,3413,1791,666354190,7053,13363,1163,666354217,39,3283,1222,666354232,39,3274,678,666354260,29,3425,1060,666354357,33,3440,193841,666354278,7064,13416,1088,666354344,44,3425,
2026-09-30,07:14:30.955,1000,1208,667043828,45,3400,1294,667043779,7111,13385,1347,667043770,46,3299,892,667043783,33,3291,938,667043797,29,3463,1199,667042556,39,3428,196077,667042565,7111,13431,2153,667042584,35,3419,
2026-09-30,07:14:31.954,999,2041,666410322,46,3398,860,666410393,7334,13366,1564,666410406,39,3315,913,666410410,38,3271,1654,666410379,42,3443,751,666410432,33,3426,195767,666409426,7328,13413,1914,666409428,42,3418,
2026-09-30,07:14:32.954,999,2162,666384389,48,3396,1453,666384381,7193,13344,1089,666384365,31,3276,1429,666384409,38,3278,1415,666384370,33,3419,1435,666384398,40,3427,195680,666384428,7226,13398,922,666384295,42,3409,
2026-09-30,07:14:33.954,999,1489,666393643,67,3419,1397,666393644,7966,13348,1508,666393667,46,3315,1160,666393628,36,3289,1652,666393647,30,3426,1376,666393661,35,3391,191197,666392836,7957,13421,1860,666392836,46,3415,
2026-09-30,07:14:34.955,1000,2235,667036639,76,3464,1384,667036655,7026,13399,1745,667036658,61,3317,790,667036683,63,3297,1404,667036717,50,3455,1846,667036699,59,3471,197484,667036761,7021,13443,2114,667036718,70,3468,
2026-09-30,07:14:35.954,999,2135,666382126,58,3451,2374,666382068,7602,13399,2112,666382049,39,3356,1852,666382018,41,3335,2327,666382069,48,3484,1514,666381417,50,3454,192362,666381465,7633,13440,2040,666381454,49,3463,
2026-09-30,07:14:36.954,999,7452,666387282,68,3786,6688,666387363,6797,13703,6275,666387382,51,3590,7484,666387433,61,3604,7757,666387493,54,3824,6110,666387515,52,3794,204214,666387468,6785,13766,8117,666387448,63,3810,
2026-09-30,07:14:37.955,1000,1003,667045448,48,3362,799,667045461,6953,13324,1237,667045517,40,3237,996,667045539,33,3217,620,667045585,28,3398,1160,667045678,37,3404,196172,667044922,6961,13393,925,667044930,44,3393,
2026-09-30,07:14:38.954,999,9077,666378019,72,3824,4440,666378089,7707,13692,4772,666378073,69,3719,4754,666378081,62,3661,6590,666378140,70,3833,6081,666377509,67,3807,196883,666377514,7705,13785,5938,666377484,71,3835,
2026-09-30,07:14:39.954,999,2177,666360716,53,3447,2407,666360642,7006,13404,1052,666360631,38,3296,1348,666360629,39,3279,1303,666360649,48,3458,2063,666360648,35,3455,199044,666360711,7026,13467,2640,666360650,46,3462,
2026-09-30,07:14:40.954,999,1258,666364189,58,3396,860,666364183,7240,13320,1158,666364176,39,3243,989,666363988,43,3227,674,666364061,36,3401,1098,666364133,40,3391,198171,666364214,7184,13371,710,666364352,38,3374,
2026-09-30,07:14:41.955,1000,911,667058016,41,3326,497,667058084,6874,13289,307,667058085,25,3191,276,667058086,27,3192,264,667058091,23,3389,433,667058100,25,3386,201651,667058222,6866,13345,428,667058279,40,3349,
2026-09-30,07:14:42.954,999,1194,666358550,31,3305,326,666358543,7273,13242,255,666358493,18,3185,386,666358500,20,3180,621,666358478,21,3344,196,666358379,19,3321,194220,666358392,7301,13311,1036,666358343,39,3335,
2026-09-30,07:14:43.954,999,830,666409851,42,3343,384,666409868,6632,13286,716,666409869,21,3186,327,666409861,25,3182,229,666409853,17,3380,301,666409069,20,3386,199711,666409016,6625,13350,623,666408878,33,3358,
2026-09-30,07:14:44.955,1000,2786,667052790,93,3480,2540,667052833,7461,13477,1245,667052798,70,3338,2010,667052760,74,3347,2357,667052761,65,3484,1444,667052681,65,3459,196764,667052626,7461,13483,3245,667052605,80,3494,
2026-09-30,07:14:45.955,999,631,666352797,40,3343,742,666352796,7342,13285,643,666352792,28,3247,1064,666352762,28,3232,753,666352795,26,3392,718,666352796,33,3380,193325,666352870,7361,13357,685,666352873,45,3358,
2026-09-30,07:14:46.954,999,1235,666383847,46,3375,1006,666383914,7103,13345,923,666383923,31,3260,1077,666383959,26,3238,1164,666384037,27,3428,1689,666383400,34,3406,195432,666383308,7083,13392,1242,666383210,43,3416,
2026-09-30,07:14:47.954,999,1580,666389938,50,3358,880,666389906,7640,13292,1439,666389889,40,3271,1034,666389898,37,3234,974,666389951,33,3370,1676,666389214,39,3379,191510,666389243,7661,13345,1201,666389224,49,3367,
2026-09-30,07:14:48.955,1000,1730,667042956,34,3376,1466,667043013,7215,13351,723,667043075,21,3245,1502,667043099,24,3264,1095,667043086,23,3418,1461,667043198,23,3406,196933,667043175,7219,13370,1245,667043197,35,3386,
2026-09-30,07:14:49.954,999,1110,666381926,33,3317,478,666381937,6803,13255,420,666381963,8,3170,113,666381954,10,3155,108,666381979,13,3344,512,666381079,19,3360,198855,666381168,6808,13310,390,666381244,21,3319,
2026-09-30,07:14:50.954,999,3366,666359894,71,3510,2432,666359860,7645,13437,2064,666359826,61,3379,2101,666359831,69,3417,2252,666359840,58,3508,2429,666359887,64,3478,190793,666359809,7658,13480,2175,666359852,75,3510,
2026-09-30,07:14:51.955,1000,5055,667043764,58,3523,2773,667043753,7187,13442,2690,667043809,40,3369,2393,667043805,47,3393,3501,667043816,27,3512,3299,667043877,30,3502,199015,667043085,7176,13535,3799,667043110,48,3563,
2026-09-30,07:14:52.955,999,7528,666389555,83,3709,7058,666389560,7646,13673,6344,666389582,62,3589,6387,666389590,68,3544,8218,666389590,56,3743,7363,666388804,63,3742,196919,666388805,7650,13710,8579,666388772,72,3720,
2026-09-30,07:14:53.954,999,549,666379653,30,3299,742,666379654,7565,13236,140,666379680,20,3181,355,666379699,16,3170,277,666378527,21,3296,393,666378548,14,3298,190343,666378578,7584,13288,531,666378520,29,3296,
2026-09-30,07:14:54.954,999,2136,666375015,81,3466,1516,666374998,7366,13389,2593,666375027,77,3358,1898,666374351,82,3337,1706,666374423,72,3472,1802,666374460,70,3466,193079,666374362,7388,13462,1876,666374373,84,3478,
2026-09-30,07:14:55.955,1000,2425,666975068,41,3422,1900,666975021,7453,13432,1846,666975035,34,3311,2591,666975007,34,3314,1026,666975032,36,3451,951,666975015,34,3423,195936,666975022,7473,13471,3137,666974986,51,3480,
2026-09-30,07:14:56.954,999,1843,666375653,46,3419,928,666375665,7710,13331,1434,666375698,34,3283,1623,666375706,34,3271,2102,666375794,40,3444,2103,666375249,33,3396,193326,666375187,7696,13417,1720,666375332,46,3427,
2026-09-30,07:14:57.954,999,1961,666366342,42,3379,918,666366354,7800,13292,941,666366326,27,3255,1210,666366334,25,3242,995,666366347,21,3351,799,666366353,31,3347,189039,666366374,7814,13347,1977,666366442,30,3362,
2026-09-30,07:14:58.955,1000,755,667053994,31,3313,426,667053961,6917,13255,35,667053985,9,3163,127,667053999,15,3159,110,667054046,16,3344,273,667053991,13,3336,202832,667053086,6932,13323,307,667053134,19,3319,
2026-09-30,07:14:59.955,999,806,666372794,31,3321,552,666372833,7228,13278,197,666372837,20,3189,336,666372842,33,3203,381,666372848,25,3341,437,666372772,24,3330,193152,666372801,7253,13333,485,666372737,27,3330,
2026-09-30,07:15:00.954,999,599,666377437,31,3329,453,666377511,7010,13266,794,666377469,12,3181,528,666377465,20,3185,293,666377470,20,3364,826,666376665,23,3349,199045,666376588,7023,13333,716,666376560,22,3344,
2026-09-30,07:15:01.955,1000,76203,667042197,219,8810,80146,667042306,7690,18754,79877,667042298,186,8829,81427,667042274,182,8701,78673,667042288,199,9128,77098,667041635,184,8983,273517,667041640,7682,18879,76299,667041606,212,8991,
2026-09-30,07:15:02.955,999,5335,666412068,77,3738,5121,666412119,7397,13716,5967,666412088,71,3647,4778,666412093,78,3631,6005,666412124,75,3805,4544,666412148,79,3801,195791,666411384,7407,13766,6063,666411442,76,3720,
2026-09-30,07:15:03.955,999,2229,666395566,77,3511,1812,666395541,7422,13441,1244,666395542,64,3343,1600,666395585,63,3345,1241,666395632,66,3496,1163,666395590,48,3470,194490,666395657,7411,13452,1474,666395823,65,3487,
2026-09-30,07:15:04.954,999,16141,666376922,138,4412,18953,666376961,7044,14310,21502,666377007,132,4283,14899,666377070,133,4251,19017,666377131,139,4458,15577,666377145,131,4421,216725,666376410,7055,14411,16813,666376364,149,4447,
2026-09-30,07:15:05.955,1000,19972,667050675,88,4220,14703,667050707,7679,14096,17731,667050739,70,4067,19735,667050727,58,4098,15634,667050767,61,4171,20522,667049991,60,4169,210034,667049840,7695,14204,15747,667049852,65,4184,
2026-09-30,07:15:06.955,999,11091,666395563,105,3969,9666,666395589,7653,13897,9155,666395627,85,3792,9475,666395666,80,3816,10565,666395668,92,3947,7753,666395735,90,3902,199233,666395771,7659,13934,11981,666394961,94,3950,
2026-09-30,07:15:07.955,999,3085,666389522,62,3568,3233,666389568,7486,13531,2137,666389538,60,3453,2344,666389523,75,3465,2872,666389483,64,3582,3264,666388642,66,3607,198088,666388590,7472,13578,3865,666388587,70,3565,
2026-09-30,07:15:08.954,999,2469,666388499,70,3525,2831,666388510,7175,13480,2046,666388473,47,3405,2394,666388520,45,3373,2539,666388518,45,3557,2226,666388509,42,3530,198547,666387718,7169,13534,2136,666387653,65,3505,
2026-09-30,07:15:09.955,1000,1231,667043501,46,3385,1783,667043489,7549,13347,1294,667043515,42,3271,587,667043459,32,3243,623,667042015,37,3401,769,667041981,34,3368,194973,667042030,7541,13373,1325,667042024,53,3411,
2026-09-30,07:15:10.955,999,3875,666357521,87,3612,3482,666357438,7770,13526,2928,666357446,51,3487,2206,666357416,57,3477,3233,666357410,50,3618,2531,666357396,57,3585,192702,666356503,7776,13594,3244,666356560,62,3554,
2026-09-30,07:15:11.954,999,1073,666380064,50,3360,804,666380074,7857,13334,978,666380050,45,3285,809,666380058,38,3264,1676,666380023,33,3391,892,666379073,32,3372,189980,666379050,7850,13360,997,666379061,42,3328,
2026-09-30,07:15:12.955,1000,2884,667055350,53,3479,1363,667055340,6943,13431,1763,667055379,46,3350,1744,667055384,42,3302,1624,667055335,51,3542,1432,667054432,54,3508,198401,667054469,6969,13494,1436,667054470,53,3524,
2026-09-30,07:15:13.955,999,1352,666381475,36,3331,354,666381489,7412,13267,676,666381501,29,3200,428,666381490,23,3187,146,666381533,24,3345,183,666380643,26,3332,191671,666380622,7429,13322,649,666380672,35,3334,
2026-09-30,07:15:14.955,999,3816,666383414,102,3644,2395,666383456,6684,13542,2772,666383480,97,3452,1873,666383497,109,3427,1951,666383490,92,3635,1742,666382742,98,3622,203622,666382781,6674,13647,3104,666382779,99,3618,
2026-09-30,07:15:15.954,999,1325,666384362,60,3398,1584,666384430,7343,13342,707,666384419,45,3238,508,666384407,48,3232,442,666384391,33,3365,740,666384359,39,3363,192063,666383449,7354,13352,2596,666383393,53,3380,
2026-09-30,07:15:16.955,1000,2929,667048747,47,3467,2063,667048742,6938,13430,1390,667048741,43,3329,1407,667048759,39,3308,1485,667048735,44,3509,2500,667048696,41,3541,198440,667048057,6924,13501,2329,667048110,43,3487,
2026-09-30,07:15:17.955,999,3282,666410678,47,3538,2802,666410693,7670,13495,3070,666410708,30,3396,4795,666410704,31,3417,3668,666410696,31,3572,3211,666410702,31,3532,193409,666410669,7691,13520,4688,666410593,33,3528,
2026-09-30,07:15:18.955,999,1163,666361670,40,3370,644,666361723,7430,13306,1124,666361760,33,3233,538,666361751,33,3245,529,666361728,36,3374,857,666361734,31,3371,192902,666360829,7465,13369,1088,666360847,33,3375,
2026-09-30,07:15:19.955,1000,1029,667028729,27,3337,305,667028756,7560,13273,554,667028775,31,3199,430,667028776,21,3183,538,667028731,34,3345,432,667028627,27,3327,193302,667028642,7591,13336,1025,667028624,26,3334,
2026-09-30,07:15:20.956,1000,1299,667038387,40,3340,635,667037748,7422,13276,292,667037729,24,3201,574,667037742,28,3201,944,667037772,20,3336,355,667037824,22,3328,193382,667037723,7427,13329,1036,667037609,27,3342,
2026-09-30,07:15:21.956,999,4172,666378608,48,3501,3474,666378636,7435,13413,2309,666378637,38,3351,2624,666378609,44,3339,2965,666378598,32,3494,3488,666377452,41,3512,195470,666377498,7434,13475,4034,666377449,43,3509,
2026-09-30,07:15:22.955,999,1268,666381130,34,3344,371,666381185,7489,13278,471,666381170,17,3201,1011,666381166,28,3222,426,666381147,26,3348,1494,666381124,21,3346,193788,666381184,7509,13331,925,666381230,40,3348,
2026-09-30,07:15:23.956,1000,1684,667028996,42,3374,1099,667029025,7867,13306,1046,667029069,35,3279,498,667029055,35,3254,1014,667029072,36,3383,846,667029121,32,3359,190328,667028118,7832,13374,2665,667028116,33,3371,
2026-09-30,07:15:24.956,999,1585,666378991,63,3410,1036,666379023,7211,13337,1335,666378335,49,3285,933,666378355,54,3258,1062,666378357,48,3396,1019,666378386,55,3417,194485,666378425,7248,13404,2272,666378384,46,3403,
2026-09-30,07:15:25.956,999,2951,666395030,33,3465,2142,666394978,7076,13385,1217,666395059,20,3280,3513,666395108,19,3275,2046,666395105,16,3461,1669,666395145,19,3448,197878,666394546,7080,13461,3028,666394559,26,3471,
2026-09-30,07:15:26.956,1000,3443,667042643,68,3481,3104,667042678,7522,13458,2912,667042650,46,3376,3293,667042650,58,3360,1903,667042643,45,3483,2259,667042624,55,3492,194133,667042712,7541,13515,2441,667042184,54,3516,
2026-09-30,07:15:27.956,999,1130,666375588,28,3372,823,666375567,7206,13299,535,666375563,14,3210,604,666375575,28,3232,512,666375576,22,3380,442,666375609,16,3375,198092,666374594,7193,13365,995,666374544,18,3361,
2026-09-30,07:15:28.956,999,350,666386252,26,3278,356,666386229,7236,13222,128,666386233,11,3169,79,666386245,8,3150,362,666386252,9,3317,98,666386289,14,3317,196451,666385442,7222,13274,325,666385359,21,3301,
2026-09-30,07:15:29.956,999,787,666376445,39,3349,866,666376407,7277,13296,542,666376342,36,3238,828,666376320,25,3236,872,666376334,29,3371,868,666376293,27,3355,193682,666376306,7300,13362,1631,666376295,32,3368,
2026-09-30,07:15:30.956,1000,1403,667043588,38,3311,459,667043582,7374,13280,481,667043565,21,3193,454,667043534,23,3185,402,667043546,23,3333,193,667042871,22,3337,193049,667042894,7369,13313,1043,667042894,31,3313,
2026-09-30,07:15:31.956,999,1646,666365490,25,3333,892,666365529,6911,13275,712,666365530,17,3189,215,666365527,16,3167,551,666365541,27,3374,878,666365583,20,3342,195468,666365578,6936,13339,941,666365587,22,3353,
2026-09-30,07:15:32.956,999,6578,666359251,87,3619,5271,666359233,7977,13519,6485,666359250,85,3495,5372,666359253,84,3487,5436,666359311,81,3596,3939,666359349,79,3575,194236,666359360,7963,13570,7244,666359325,79,3597,
2026-09-30,07:15:33.956,1000,1475,667048986,30,3332,360,667049054,7270,13272,626,667049055,16,3203,482,667049020,19,3215,417,667048943,19,3352,798,667048372,17,3353,192831,667048378,7261,13340,975,667048397,20,3330,
2026-09-30,07:15:34.956,999,1708,666387282,60,3414,1349,666387307,7313,13353,881,666387340,57,3269,1048,666387335,67,3301,948,666387374,52,3428,902,666387384,58,3416,196606,666387297,7318,13423,1939,666387338,68,3418,
2026-09-30,07:15:35.956,999,935,666373725,38,3359,1256,666373679,7667,13294,1109,666373675,38,3269,1879,666373658,33,3265,1863,666373650,28,3371,838,666373676,24,3365,190923,666373670,7668,13330,887,666373063,35,3344,
2026-09-30,07:15:36.956,999,3106,666385040,55,3501,2900,666385074,7336,13443,3596,666385080,34,3387,2831,666385101,39,3378,2638,666385039,35,3499,2906,666384247,28,3508,196668,666384417,7357,13474,2947,666384438,50,3523,
2026-09-30,07:15:37.956,1000,866,667048114,35,3294,213,667048118,7888,13241,534,667048144,24,3185,280,667048162,20,3176,232,667048182,24,3299,155,667048191,19,3277,186427,667047140,7881,13280,652,667047049,33,3293,
2026-09-30,07:15:38.956,999,20481,666390923,64,4532,20326,666390962,7113,14474,21878,666390953,53,4433,21806,666390919,48,4353,19660,666390899,45,4604,22476,666390208,50,4549,217658,666390231,7140,14526,22276,666390325,69,4588,
2026-09-30,07:15:39.956,999,786,666386578,49,3327,367,666386604,7408,13282,361,666386617,28,3218,318,666386643,26,3204,448,666386700,36,3360,709,666386664,28,3333,192747,666386768,7425,13313,391,666386049,39,3328,
2026-09-30,07:15:40.957,1000,1339,667089875,46,3405,1042,667089912,7590,13366,1197,667089945,39,3294,1573,667089926,46,3299,1350,667089964,44,3454,1218,667090041,54,3421,195090,667090025,7594,13409,1108,667090065,62,3423,
2026-09-30,07:15:41.957,1000,1798,667055775,36,3381,1653,667055723,7592,13350,963,667055687,14,3254,776,667055735,19,3267,798,667055765,21,3368,1499,667055820,19,3378,192381,667055847,7601,13395,2148,667055954,28,3390,
2026-09-30,07:15:42.957,999,929,666392157,52,3367,673,666392139,7763,13312,1074,666392085,41,3272,882,666392082,35,3260,1342,666392113,31,3389,1785,666392162,33,3389,188727,666392249,7776,13359,811,666392280,46,3355,
2026-09-30,07:15:43.957,999,903,666342000,33,3303,336,666342003,7750,13265,619,666341962,20,3205,334,666341997,25,3202,595,666342010,22,3315,298,666342050,21,3304,193057,666341118,7734,13297,440,666341097,30,3313,
2026-09-30,07:15:44.958,1000,1345,667044908,70,3394,653,667044919,7719,13339,706,667044939,62,3293,1567,667044956,49,3264,898,667045014,54,3400,1210,667044343,56,3396,191568,667044396,7750,13367,1023,667044315,57,3370,
2026-09-30,07:15:45.957,999,1282,666335218,41,3337,552,666335185,7878,13260,321,666335292,25,3209,419,666335312,24,3215,449,666335255,21,3323,729,666335241,23,3292,186759,666335286,7870,13316,994,666334646,37,3325,
2026-09-30,07:15:46.957,999,1605,666382553,41,3384,2206,666382591,7765,13321,891,666382598,25,3274,895,666382583,19,3256,978,666382546,27,3398,1902,666382529,22,3378,189533,666381854,7755,13360,1634,666381743,34,3373,
2026-09-30,07:15:47.958,1000,1125,667058597,35,3318,352,667058628,7566,13248,156,667058679,10,3185,511,667058629,21,3181,320,667058610,22,3316,569,667058538,16,3315,194187,667057834,7572,13309,446,667057824,30,3311,
2026-09-30,07:15:48.957,999,1560,666344563,44,3395,1148,666344518,7665,13332,1081,666344496,34,3289,1006,666344482,28,3270,1722,666344598,37,3411,1454,666343753,32,3391,189960,666343737,7660,13382,1565,666343789,33,3389,
2026-09-30,07:15:49.957,999,3893,666380925,41,3465,3534,666380887,8422,13446,3851,666380936,28,3407,3084,666380926,30,3386,2621,666380900,37,3482,2398,666380995,29,3432,185444,666380217,8434,13460,3302,666380242,48,3499,
2026-09-30,07:15:50.957,999,23711,666363982,87,4734,23353,666363997,7844,14650,25266,666364026,79,4694,23595,666364050,81,4665,24238,666364083,72,4763,25700,666364149,72,4756,216635,666363486,7844,14714,22852,666363536,96,4663,
2026-09-30,07:15:51.958,1000,98633,667126412,343,9726,84463,667126411,8343,19568,85644,667126436,319,9439,86686,667126464,317,9449,86136,667126471,317,9638,95280,667126472,300,9537,280960,667126495,8323,19822,90331,667126554,331,9673,
2026-09-30,07:15:52.957,999,24190,666387800,121,4781,25215,666387842,7837,14735,20603,666387857,106,4715,17732,666387896,114,4637,19600,666387896,131,4790,23146,666387955,120,4799,211005,666387975,7829,14821,19233,666388168,139,4811,
2026-09-30,07:15:53.957,999,4371,666375240,102,3588,3244,666375306,7840,13541,4151,666375320,91,3485,3913,666375272,91,3487,3155,666375306,87,3599,2497,666375301,83,3611,186944,666375374,7881,13569,3899,666375514,90,3618,
2026-09-30,07:15:54.957,999,10111,666397376,169,4155,9619,666397310,8004,14147,9967,666397308,164,4087,10364,666397312,162,4036,10549,666397279,167,4167,10025,666397307,143,4141,199475,666397323,7981,14128,12391,666397374,190,4228,
2026-09-30,07:15:55.958,1000,2723,667040924,105,3565,2321,667040932,7956,13523,2527,667040968,79,3456,2736,667040922,94,3451,2407,667040931,90,3565,1862,667040910,75,3547,190411,667040799,7919,13496,3037,667040813,86,3549,
2026-09-30,07:15:56.957,999,3326,666391943,77,3588,3096,666392045,7884,13566,3539,666392033,65,3560,2653,666392084,54,3484,3537,666392147,64,3628,2870,666392157,48,3581,191449,666392200,7890,13587,4408,666392180,65,3619,
2026-09-30,07:15:57.957,999,38437,666373301,182,5942,40321,666373361,8047,15901,36712,666373429,174,5818,35090,666373449,188,5794,32783,666373454,176,5912,35991,666372610,192,5948,220478,666372485,8065,15917,40817,666372439,195,6012,
2026-09-30,07:15:58.958,1000,11179,667042169,125,4256,10610,667042147,8068,14146,13350,667042196,98,4121,11290,667042200,130,4097,10149,667042199,142,4237,10231,667042233,122,4197,196074,667042228,8067,14158,9553,667042201,142,4202,
2026-09-30,07:15:59.957,999,4067,666387294,75,3748,5270,666387274,7851,13707,5961,666387255,63,3707,5172,666387289,62,3670,5456,666387273,73,3784,5168,666387288,66,3758,195977,666387348,7839,13733,5759,666387290,92,3754,
2026-09-30,07:16:00.957,999,2814,666368929,73,3455,2582,666368863,8157,13373,1447,666368837,67,3377,1968,666368864,67,3351,3063,666368885,68,3475,1801,666368985,69,3469,187249,666368160,8167,13417,2353,666368198,61,3444,
2026-09-30,07:16:01.957,999,1750,666374210,53,3386,1356,666374184,7458,13355,1343,666374185,48,3317,1710,666374188,42,3303,1899,666374194,41,3418,2604,666374215,41,3433,192214,666374282,7470,13416,1639,666374253,43,3400,
2026-09-30,07:16:02.958,1000,31020,667022675,112,4877,31383,667022729,8257,14839,27725,667022725,106,4764,24342,667022670,106,4761,24746,667022725,108,4843,26602,667022625,104,4867,215482,667022571,8274,14882,25807,667022532,112,4851,
2026-09-30,07:16:03.957,999,1930,666388286,77,3499,1105,666388325,7320,13413,1488,666388361,57,3337,2986,666387524,63,3381,1835,666387500,53,3510,1441,666387517,62,3484,195821,666387401,7338,13496,1154,666387485,67,3464,
2026-09-30,07:16:04.957,999,8743,666402636,150,3951,6947,666402633,7788,13851,7962,666402625,135,3829,7880,666402647,152,3824,7290,666402625,124,3959,8475,666401764,126,3924,196442,666401639,7788,13902,6398,666401576,140,3954,
2026-09-30,07:16:05.958,1000,1896,667024640,61,3422,1961,667024633,7998,13377,943,667024610,52,3323,1028,667024629,45,3323,1423,667024655,42,3411,1421,667024658,49,3412,189582,667024705,8007,13406,1653,667024674,59,3410,
2026-09-30,07:16:06.958,999,9674,666377928,70,3903,7647,666377907,8237,13850,7117,666377888,69,3796,7102,666377906,69,3792,7356,666377895,64,3877,6686,666377891,63,3922,194197,666376957,8227,13890,8606,666376993,73,3862,
2026-09-30,07:16:07.957,999,6653,666369073,94,3638,5710,666369176,7909,13567,7265,666369123,64,3525,5171,666369159,54,3501,7206,666369146,59,3638,7056,666369207,59,3631,194686,666369242,7915,13638,6388,666369206,70,3642,
2026-09-30,07:16:08.957,999,6099,666378602,90,3728,4920,666378605,7993,13658,6683,666378578,60,3674,5870,666378617,66,3642,6013,666378636,61,3744,5389,666378659,64,3738,192687,666377939,8018,13737,6102,666377935,84,3752,
2026-09-30,07:16:09.958,1000,646,667044234,37,3326,735,667044247,7420,13287,1136,667044255,26,3227,319,667044277,22,3206,688,667044300,30,3362,836,667044332,30,3362,196665,667044308,7421,13369,988,667043485,40,3351,
2026-09-30,07:16:10.957,999,9594,666376938,90,3802,9366,666376966,7817,13764,9756,666376965,96,3752,8986,666376990,92,3717,7663,666376972,83,3843,7656,666376954,73,3806,197526,666376977,7814,13819,9999,666377082,84,3841,
2026-09-30,07:16:11.957,999,897,666379213,48,3344,457,666379269,7621,13267,662,666379308,27,3229,578,666379305,34,3213,710,666379347,30,3348,663,666379373,34,3336,191954,666378712,7617,13321,1092,666378787,43,3340,
2026-09-30,07:16:12.958,1000,911,667043887,43,3324,883,667043842,7849,13267,1058,667043919,30,3213,299,667043957,29,3196,778,667043944,31,3322,275,667043087,28,3310,187509,667043115,7889,13311,1033,667043120,34,3306,
2026-09-30,07:16:13.958,999,2431,666391205,74,3450,3115,666391236,7997,13377,1590,666391267,50,3401,1679,666391301,42,3345,2874,666391358,54,3509,2213,666390651,46,3457,190332,666390597,7995,13432,2100,666390715,59,3468,
2026-09-30,07:16:14.957,999,3629,666378508,108,3562,3534,666378478,8143,13471,2623,666378540,92,3462,2094,666378582,97,3457,2910,666378595,84,3518,2556,666377856,92,3540,186641,666377803,8139,13516,3196,666377776,93,3521,
2026-09-30,07:16:15.957,999,2298,666384691,62,3479,1827,666384670,7457,13447,1869,666384724,51,3353,1991,666384744,53,3345,1904,666384776,47,3504,2742,666384751,53,3492,196762,666384002,7455,13507,1244,666383944,57,3466,
2026-09-30,07:16:16.958,1000,2049,667021797,46,3402,2446,667021811,7788,13366,1309,667021785,34,3322,1745,667021766,39,3315,1801,667021750,30,3414,1605,667021613,41,3430,188175,667021702,7809,13392,3521,667021732,34,3411,
2026-09-30,07:16:17.958,999,1528,666400030,31,3285,615,666399951,8107,13234,432,666399994,28,3201,720,666400026,22,3185,153,666400126,20,3270,496,666399191,23,3271,185042,666399123,8082,13254,470,666399160,25,3271,
2026-09-30,07:16:18.957,999,877,666372255,40,3308,552,666372244,7749,13246,515,666371394,27,3215,543,666371360,27,3217,385,666371403,19,3311,517,666371503,30,3313,190883,666371488,7775,13301,857,666371448,41,3328,
2026-09-30,07:16:19.958,1000,2584,667044903,60,3461,1547,667044923,7538,13394,1775,667044910,47,3317,1159,667044931,41,3301,976,667044915,32,3436,1010,667044969,57,3468,189862,667044898,7531,13442,1142,667044825,51,3415,
2026-09-30,07:16:20.958,999,1602,666376126,44,3312,1380,666376093,8212,13256,1038,666376048,29,3230,447,666376075,23,3230,375,666376111,27,3297,485,666375186,15,3288,182785,666375197,8218,13305,840,666375155,42,3307,
2026-09-30,07:16:21.957,999,855,666375876,27,3297,822,666375868,8028,13239,699,666375906,20,3227,372,666375910,25,3208,287,666375921,19,3311,557,666375217,19,3318,186435,666375192,8017,13316,1430,666375176,23,3310,
2026-09-30,07:16:22.957,999,4888,666380948,51,3542,2424,666380942,7819,13443,3309,666380993,49,3435,3827,666380965,34,3405,3961,666380880,45,3572,3622,666380252,43,3532,193492,666380138,7828,13518,3016,666380148,47,3526,
2026-09-30,07:16:23.958,1000,713,667060241,32,3287,364,667060227,8051,13239,1180,667060243,27,3204,252,667060253,26,3182,429,667060271,26,3305,202,667060258,24,3299,186310,667058419,8059,13288,404,667058415,28,3272,
2026-09-30,07:16:24.958,999,2367,666338804,86,3473,1445,666338854,7749,13403,1727,666338873,79,3371,1528,666338872,73,3347,2143,666338928,70,3480,1771,666338992,68,3462,193024,666338250,7728,13456,1865,666338277,86,3500,
2026-09-30,07:16:25.957,999,1466,666405629,39,3360,1426,666405570,8065,13276,1347,666405536,26,3258,1558,666405561,27,3228,599,666405476,23,3329,1250,666405605,21,3324,189339,666405653,8060,13314,1039,666405786,33,3336,
2026-09-30,07:16:26.958,1000,1544,667054711,32,3343,566,667054794,7689,13296,837,667054732,24,3220,539,667054779,28,3214,790,667054783,22,3348,626,667054805,31,3330,190073,667054834,7686,13332,1337,667054918,28,3333,
2026-09-30,07:16:27.958,999,1206,666390844,42,3336,1086,666390802,7798,13275,627,666390808,36,3242,2023,666390781,33,3231,1287,666390741,41,3362,656,666390799,34,3342,190311,666390837,7839,13334,1405,666390907,41,3357,
2026-09-30,07:16:28.958,999,999,666386925,53,3330,1528,666386877,7875,13274,726,666386833,28,3249,939,666386846,25,3235,1080,666386862,30,3377,1149,666386867,21,3339,187960,666386983,7875,13356,1717,666386962,33,3360,
2026-09-30,07:16:29.957,999,797,666465741,27,3284,116,666465780,7730,13218,443,666465808,14,3193,76,666465832,8,3168,146,666465850,17,3302,180,666465881,15,3302,189027,666465942,7719,13283,857,666465953,22,3299,
2026-09-30,07:16:30.958,1000,1809,667023600,43,3384,918,667023639,7617,13319,661,667023619,42,3283,895,667023638,36,3265,891,667023681,35,3404,1627,667023672,47,3387,191425,667023628,7639,13389,1033,667023621,46,3402,
2026-09-30,07:16:31.958,999,1213,666382556,43,3310,766,666382630,7974,13258,380,666382604,30,3225,814,666382556,28,3202,559,666382532,32,3328,1068,666382543,26,3301,187488,666382500,7957,13321,827,666382570,30,3305,
2026-09-30,07:16:32.958,999,921,666375521,33,3288,599,666375525,7809,13223,347,666375574,16,3200,346,666375616,16,3184,242,666375617,13,3293,888,666375603,16,3299,188010,666375625,7810,13271,336,666375590,22,3284,
2026-09-30,07:16:33.957,999,790,666388290,24,3264,116,666388306,7526,13215,364,666388295,13,3175,90,666388276,13,3147,89,666388323,9,3302,105,666387661,11,3286,192874,666387620,7529,13266,290,666387639,20,3282,
2026-09-30,07:16:34.958,1000,2974,667026407,95,3501,3096,667026421,7755,13473,2598,667026435,74,3412,2671,667026415,62,3387,3763,667026465,74,3561,2960,667025728,79,3564,192412,667025677,7794,13544,2676,667025692,92,3534,
2026-09-30,07:16:35.958,999,1371,666359355,57,3379,1000,666359346,8045,13328,1692,666359327,39,3326,1222,666359314,33,3289,1227,666359329,46,3415,1435,666359342,37,3378,187289,666359346,8062,13368,897,666359370,46,3391,
2026-09-30,07:16:36.957,999,1108,666367499,36,3309,709,666367489,7426,13272,266,666367519,15,3192,440,666367541,15,3173,438,666367509,18,3345,252,666367545,18,3327,191373,666367402,7414,13302,860,666367294,29,3313,
2026-09-30,07:16:37.958,1000,3616,667045336,42,3440,1840,667045404,7471,13378,1949,667045451,16,3300,1781,667045473,26,3313,2764,667045473,17,3454,3182,667045589,19,3463,191276,667045621,7488,13441,2181,667044774,32,3451,
2026-09-30,07:16:38.958,999,8189,666365708,76,3748,8871,666365663,8155,13658,6791,666365666,55,3660,9543,666365672,56,3651,10437,666365662,57,3738,11012,666365064,61,3764,192206,666365276,8150,13704,8278,666365308,60,3705,
2026-09-30,07:16:39.958,999,818,666382038,37,3286,764,666382079,7758,13249,553,666382037,21,3195,217,666382029,21,3176,442,666382107,24,3300,225,666381994,19,3306,188107,666382025,7777,13300,447,666381869,30,3302,
2026-09-30,07:16:40.957,999,1278,666399776,39,3319,723,666399764,8067,13274,654,666399694,31,3258,613,666399696,32,3250,872,666399735,31,3348,791,666399704,33,3345,186362,666399777,8081,13319,792,666399765,45,3329,
2026-09-30,07:16:41.958,1000,1642,667047182,29,3365,1506,667047270,7135,13341,823,667047251,25,3226,792,667047279,25,3237,998,667047262,22,3396,721,667047372,26,3403,199104,667046305,7159,13395,1214,667046301,34,3394,
2026-09-30,07:16:42.958,999,563,666389905,31,3287,225,666389945,7553,13232,146,666389970,17,3179,287,666389980,16,3172,86,666389956,12,3307,124,666388802,11,3289,188882,666388775,7541,13253,340,666388737,26,3290,
2026-09-30,07:16:43.958,999,505,666370686,28,3289,388,666370805,7395,13225,83,666369679,15,3173,90,666369672,15,3174,268,666369716,11,3295,79,666369704,13,3290,196082,666369774,7389,13266,314,666369687,24,3290,
2026-09-30,07:16:44.958,1000,832,667027907,56,3382,564,667027871,7106,13325,549,667027813,38,3234,621,667027805,43,3226,954,667027836,44,3399,687,667027805,48,3406,198049,667027820,7110,13397,900,667027765,49,3384,
2026-09-30,07:16:45.958,999,3114,666382180,38,3511,2795,666382173,7452,13471,2625,666382179,24,3397,1805,666382186,19,3356,2969,666382166,24,3518,2205,666382187,21,3511,194786,666382146,7469,13512,4114,666382076,36,3521,
2026-09-30,07:16:46.958,999,8976,666359971,67,3796,7467,666359974,7271,13690,6397,666359958,50,3609,6786,666359964,50,3592,6396,666359893,44,3768,5718,666359922,53,3740,198817,666359792,7289,13790,8206,666359689,68,3816,
2026-09-30,07:16:47.958,1000,2738,667043763,66,3475,1031,667043800,7182,13390,1143,667043856,51,3308,1155,667043850,53,3293,952,667043874,46,3469,1170,667043011,45,3480,197223,667042983,7190,13458,2546,667042896,53,3475,
2026-09-30,07:16:48.959,1000,823,667045714,51,3364,533,667045709,6912,13294,370,667045737,20,3217,621,667045747,23,3215,631,667045778,26,3415,497,667045741,16,3389,195370,667045804,6931,13323,746,667045031,33,3351,
2026-09-30,07:16:49.959,999,825,666373171,40,3329,563,666373072,7082,13273,263,666373049,16,3179,1021,666373061,15,3179,463,666373015,18,3345,351,666373003,12,3320,197688,666373061,7100,13331,377,666373170,26,3322,
2026-09-30,07:16:50.959,999,1291,666376534,46,3350,1005,666376518,7282,13306,343,666376538,30,3217,321,666376552,20,3196,897,666376562,28,3388,275,666376483,21,3350,196286,666375639,7309,13338,1229,666375628,39,3367,
2026-09-30,07:16:51.959,1000,708,667016578,39,3320,1191,667016566,7280,13261,1071,667016605,21,3204,336,667016614,29,3200,915,667016590,20,3345,477,667016522,22,3339,194981,667015624,7275,13351,774,667015717,37,3340,
2026-09-30,07:16:52.959,999,4726,666364397,50,3496,2510,666364405,7968,13467,2714,666364405,33,3363,2670,666364402,41,3393,3331,666364380,37,3497,3851,666364364,39,3505,188134,666364322,7991,13479,2562,666364356,52,3487,
2026-09-30,07:16:53.959,999,1144,666392479,36,3350,569,666392465,6665,13291,296,666392502,11,3193,349,666392539,17,3175,325,666392527,19,3389,328,666392554,18,3391,198470,666392621,6664,13347,506,666392653,26,3372,
2026-09-30,07:16:54.959,1000,1327,667043653,65,3407,1653,667043609,6746,13353,878,667043601,39,3245,793,667043655,43,3227,512,667043664,47,3452,782,667042961,39,3431,202285,667042951,6750,13425,1055,667043029,60,3412,
2026-09-30,07:16:55.959,999,33816,666381235,119,5969,37037,666381241,7745,15927,36011,666381164,99,5839,35779,666381198,115,5864,38216,666381184,104,6073,39443,666381288,116,6076,228966,666380239,7718,15989,40145,666380329,105,5975,
2026-09-30,07:16:56.959,999,2846,666372381,51,3486,1325,666372385,7150,13444,2736,666372387,33,3342,1252,666372427,42,3320,1546,666372454,42,3534,1182,666372449,34,3501,198471,666372394,7163,13518,1761,666372379,46,3490,
2026-09-30,07:16:57.959,999,806,666378618,36,3316,882,666378623,7104,13256,149,666378652,19,3184,585,666378679,17,3193,279,666378662,26,3365,424,666378110,24,3347,195680,666378206,7136,13344,1258,666378056,37,3344,
2026-09-30,07:16:58.959,1000,1757,667023678,60,3460,1304,667023675,7195,13387,2114,667023656,38,3312,1576,667023639,50,3327,1587,667023710,44,3474,1110,667023749,51,3449,197138,667023814,7227,13484,2037,667023842,56,3467,
2026-09-30,07:16:59.959,999,1791,666360114,48,3430,1715,666360111,7125,13369,2615,666360120,35,3313,1019,666360142,32,3306,1537,666360163,35,3472,2465,666360162,33,3497,196983,666360228,7097,13428,1369,666360223,41,3436,
2026-09-30,07:17:00.959,999,1093,666354135,48,3415,784,666354038,7169,13342,895,666354014,27,3271,1145,666354022,40,3276,2088,666354048,39,3455,975,666354028,47,3427,198298,666354028,7179,13424,2120,666353940,46,3429,
2026-09-30,07:17:01.959,1000,76287,667033207,234,8825,77232,667033229,8030,18739,76513,667033217,222,8768,79541,667033188,199,8682,78872,667033173,209,9014,73340,667033122,213,8867,263537,667033128,8000,18841,81476,667033014,228,8928,
2026-09-30,07:17:02.959,999,5092,666380545,72,3702,4572,666380542,7152,13666,4403,666378586,60,3598,3498,666378569,60,3537,3983,666378563,48,3719,4426,666378627,55,3709,202907,666378543,7142,13709,4287,666378605,70,3685,
2026-09-30,07:17:03.959,999,304560,666374568,820,23877,297675,666374535,8273,33840,308761,666374535,788,23682,301171,666374570,761,23605,288262,666374588,807,23875,300588,666374739,754,23847,492045,666374767,8240,33876,303012,666374878,788,23829,
2026-09-30,07:17:04.960,1000,23521,667061017,223,5450,24907,667061042,7717,15426,27882,667061070,229,5426,31695,667061090,204,5355,25743,667061153,233,5588,32506,667061140,230,5520,217637,667061180,7744,15513,30140,667061278,236,5573,
2026-09-30,07:17:05.960,1000,5877,667041648,102,3851,5689,667041683,6911,13770,5327,667041704,80,3690,5942,667041715,79,3672,4876,667041748,68,3859,4608,667040728,82,3871,203349,667040752,6903,13863,4599,667040860,96,3805,
2026-09-30,07:17:06.960,999,28890,666401899,170,5223,27970,666401847,7949,15211,27121,666401872,133,5045,26348,666401837,130,5060,27750,666401869,125,5171,25881,666401917,150,5192,216053,666401837,7982,15247,27475,666400990,142,5208,
2026-09-30,07:17:07.960,999,27743,666376399,171,4766,25379,666376402,6838,14734,26035,666376397,165,4670,25911,666376399,181,4676,30651,666376320,168,4892,30679,666376316,154,4867,235215,666376290,6812,14900,28417,666376233,178,4829,
2026-09-30,07:17:08.961,1000,17271,667038132,79,4422,17323,667038103,7665,14402,16134,667038168,68,4334,17646,667038150,72,4352,17247,667038130,77,4445,14441,667038068,74,4460,206560,667038001,7656,14379,15803,667038042,76,4397,
2026-09-30,07:17:09.960,999,3730,666376994,77,3741,4548,666377000,7435,13683,3607,666377029,76,3600,3777,666377082,69,3586,4483,666377109,59,3739,4442,666376389,79,3738,198269,666376401,7425,13706,4289,666376392,62,3734,
2026-09-30,07:17:10.960,999,7042,666376813,109,3876,5247,666376771,6772,13862,4891,666376783,104,3705,5309,666376786,102,3688,5452,666376791,93,3875,4548,666376035,110,3866,206411,666376130,6775,13868,9360,666376268,92,3951,
2026-09-30,07:17:11.960,999,2928,666382850,62,3565,3665,666382790,7372,13506,3121,666382807,70,3442,2418,666382844,62,3392,2672,666382940,63,3571,2401,666382985,68,3569,196386,666383043,7419,13575,3461,666383168,67,3576,
2026-09-30,07:17:12.960,1000,2404,667042226,59,3441,1370,667042128,7520,13368,1350,667042155,58,3332,1286,667042138,55,3317,2029,667042186,50,3499,1265,667042160,61,3465,192834,667041218,7508,13490,1659,667041145,69,3478,
2026-09-30,07:17:13.960,999,3463,666388717,74,3675,3823,666388723,7139,13653,6108,666388780,79,3649,4420,666388799,69,3599,6139,666388831,72,3764,6865,666388873,56,3730,200748,666388958,7136,13694,4950,666389010,66,3696,
2026-09-30,07:17:14.960,999,5762,666351805,144,3844,5107,666351842,7356,13816,5502,666351882,152,3742,6785,666351860,155,3736,6241,666351880,153,3928,4508,666351931,155,3840,198224,666351910,7352,13879,6127,666351839,161,3923,
2026-09-30,07:17:15.961,1000,2788,667049344,73,3511,1230,667049334,6499,13454,1292,667049336,63,3325,1763,667049310,58,3321,1323,667049327,62,3541,1493,667049394,66,3513,207126,667048394,6486,13532,2676,667048461,61,3528,
2026-09-30,07:17:16.960,999,2351,666378506,58,3551,2495,666378525,6809,13482,2358,666378598,49,3367,2669,666378658,52,3400,3764,666378663,49,3563,2429,666377558,46,3554,198971,666377607,6846,13523,2069,666377624,58,3547,
2026-09-30,07:17:17.960,999,4796,666376047,60,3623,3008,666376044,7194,13538,3877,666376041,42,3440,3637,666376037,40,3445,3905,666375995,53,3673,2538,666375109,47,3628,197052,666375153,7211,13618,4189,666375224,56,3622,
2026-09-30,07:17:18.960,999,2056,666385701,58,3415,1309,666385687,6939,13337,804,666385752,43,3252,617,666385746,49,3265,631,666385752,49,3438,1390,666385822,45,3449,197035,666385888,6959,13374,1615,666385966,51,3419,
2026-09-30,07:17:19.961,1000,1951,667054200,67,3473,2180,667054175,7103,13428,1248,667054237,50,3346,1502,667054228,59,3349,2802,667054219,59,3519,2007,667054215,66,3509,199975,667054231,7122,13484,2272,667054295,57,3493,
2026-09-30,07:17:20.960,999,2254,666352070,80,3524,1693,666352027,7633,13438,1550,666352041,56,3382,1562,666352024,72,3414,1983,666352064,60,3550,2225,666352052,73,3553,190902,666352051,7634,13489,2513,666352052,68,3541,
2026-09-30,07:17:21.960,999,2117,666384208,48,3428,785,666384275,6980,13384,989,666384279,30,3270,1339,666384316,45,3275,1119,666384358,35,3465,1633,666383547,33,3457,198358,666383570,6994,13429,2093,666383526,47,3429,
2026-09-30,07:17:22.961,1000,5900,667045699,83,3704,4950,667045706,7534,13609,3196,667045777,52,3521,4484,667045804,39,3513,4573,667045794,42,3679,3790,667045248,50,3657,200591,667045209,7536,13655,5048,667045182,79,3712,
2026-09-30,07:17:23.960,999,1796,666376209,44,3412,1049,666376206,7355,13377,1618,666376200,50,3335,903,666376242,45,3292,2456,666376282,39,3434,2251,666375443,46,3462,193516,666375507,7360,13414,996,666375518,39,3391,
2026-09-30,07:17:24.960,999,3125,666381377,73,3509,1630,666381297,6866,13461,1377,666381347,89,3379,2459,666381358,84,3399,1983,666381332,96,3567,1532,666380659,76,3530,199092,666380661,6887,13495,2653,666380608,92,3524,
2026-09-30,07:17:25.960,999,1815,666358832,79,3491,1951,666358800,7587,13417,2327,666358761,58,3398,2462,666358748,46,3369,1928,666358705,63,3502,3069,666358727,51,3528,192420,666358663,7589,13468,2365,666358608,65,3482,
2026-09-30,07:17:26.961,1000,1230,667062272,34,3341,376,667062249,7434,13302,598,667062294,42,3234,752,667062269,37,3222,356,667062259,37,3375,688,667062252,36,3373,193835,667062256,7442,13361,689,667062227,31,3372,
2026-09-30,07:17:27.960,999,656,666380029,29,3339,722,666380072,7338,13293,447,666380013,34,3221,583,666379977,29,3209,782,666380005,32,3361,287,666379275,22,3339,192372,666379275,7355,13336,787,666379259,36,3353,
2026-09-30,07:17:28.960,999,1009,666376184,40,3342,856,666376188,7406,13271,198,666376253,18,3194,498,666376278,21,3199,181,666376257,20,3345,401,666376147,25,3348,195824,666376221,7408,13349,767,666376178,26,3320,
2026-09-30,07:17:29.961,1000,1091,667058295,45,3329,875,667058233,7348,13270,246,667058263,19,3191,291,667058227,24,3198,443,667058225,29,3346,162,667058263,16,3334,194888,667057406,7342,13319,876,667057376,28,3335,
2026-09-30,07:17:30.961,999,129168,666380678,294,11943,129407,666380673,7352,21907,134075,666380663,288,11796,136514,666380707,286,11798,130940,666380793,273,12016,129605,666380077,270,12066,326503,666380070,7328,22138,131893,666380150,308,12009,
2026-09-30,07:17:31.960,999,23427,666376236,178,5322,25857,666376248,7650,15306,25591,666376258,162,5280,27381,666376291,153,5192,27884,666376323,160,5395,28605,666376251,152,5419,216732,666376239,7676,15329,27429,666376148,178,5322,
2026-09-30,07:17:32.960,999,36723,666377724,151,5104,38326,666377660,7352,15113,39236,666377620,121,5004,37419,666377647,125,4954,39772,666377616,126,5206,38941,666377602,133,5169,230159,666376762,7406,15188,38515,666376724,143,5149,
2026-09-30,07:17:33.961,1000,1167,667044640,53,3402,1843,667044596,7693,13349,987,667044602,59,3307,1380,667044593,65,3314,1044,667044624,52,3448,1315,667044611,48,3408,190936,667044506,7711,13395,756,667044658,62,3433,
2026-09-30,07:17:34.960,999,6985,666386022,177,3900,5741,666385973,7549,13835,5250,666386012,169,3789,7063,666385991,168,3774,5568,666386031,151,3901,7248,666385191,161,3888,200112,666385228,7538,13887,8085,666385295,172,3884,
2026-09-30,07:17:35.960,999,7674,666377624,94,3898,8066,666377624,7347,13875,7096,666377621,75,3819,7672,666377637,73,3793,7377,666377699,77,3959,8065,666377065,69,3952,202427,666377103,7331,13929,7086,666377054,91,3920,
2026-09-30,07:17:36.961,1000,3092,667049785,79,3535,1988,667049713,7426,13467,1517,667049692,52,3380,1269,667049710,50,3384,1857,667049690,43,3503,2298,667049625,49,3484,194203,667048950,7435,13522,2543,667049038,56,3541,
2026-09-30,07:17:37.961,999,14920,666379119,133,4290,11760,666379194,7961,14257,13194,666379127,121,4212,12492,666379086,125,4116,15586,666379099,120,4278,11656,666379065,119,4237,197465,666378394,7979,14295,13341,666378351,130,4320,
2026-09-30,07:17:38.960,999,7883,666355215,87,3935,8033,666355354,7558,13899,6365,666355348,72,3848,9883,666355377,80,3838,9051,666355364,73,3994,9646,666355325,71,3951,196476,666355394,7572,13958,8539,666355391,79,3975,
2026-09-30,07:17:39.960,999,4881,666391134,93,3624,3945,666391186,8015,13586,3840,666391151,102,3576,3215,666391168,84,3528,5232,666391153,100,3686,5023,666391242,59,3628,190182,666390372,8010,13614,5244,666390405,87,3628,
2026-09-30,07:17:40.961,1000,59681,667042191,251,7514,53176,667042138,8352,17453,53746,667042122,244,7349,54761,667042165,247,7343,55103,667042182,255,7404,56376,667042174,258,7366,238867,667042220,8345,17491,57380,667042277,263,7536,
2026-09-30,07:17:41.961,999,5824,666377945,68,3679,4974,666377959,7563,13592,2755,666377940,66,3516,3686,666377945,67,3574,4547,666377895,69,3683,3615,666377916,68,3661,190673,666377833,7566,13626,4958,666377708,68,3674,
2026-09-30,07:17:42.960,999,4112,666378686,97,3662,3601,666378758,7995,13590,3981,666378806,88,3562,4596,666378819,90,3533,5517,666378872,81,3674,3738,666378930,78,3653,191449,666378991,7981,13648,4198,666378993,93,3685,
2026-09-30,07:17:43.961,1000,3023,667052319,111,3529,2383,667052360,7856,13502,2779,667052397,92,3431,2927,667052399,101,3444,3103,667052419,93,3583,2862,667052465,88,3541,195298,667052478,7830,13537,3211,667051937,90,3537,
2026-09-30,07:17:44.961,999,3370,666362628,136,3725,3965,666362620,7393,13640,5193,666362632,99,3526,3649,666362626,125,3573,4310,666362633,131,3713,3859,666362691,114,3702,198447,666361960,7405,13691,3204,666362022,122,3727,
2026-09-30,07:17:45.960,999,4073,666362624,85,3578,3765,666362596,7953,13540,4146,666362628,67,3462,3425,666362625,74,3470,2005,666362616,66,3521,3490,666362660,70,3528,190529,666362730,7955,13527,2781,666362716,75,3552,
2026-09-30,07:17:46.960,999,6623,666389090,60,3778,5601,666389077,7802,13726,6668,666389009,57,3644,5752,666388988,58,3648,6606,666388988,50,3770,5986,666389003,60,3777,193736,666389000,7824,13729,6622,666389062,49,3747,
2026-09-30,07:17:47.961,1000,8874,667019978,71,3987,10152,667019983,7319,13946,12240,667020026,66,3823,10834,667020028,73,3834,10066,667020009,78,3991,9857,667020045,72,3978,206269,667020124,7295,13959,11229,667020108,68,3967,
2026-09-30,07:17:48.961,999,2686,666388560,68,3508,1926,666388499,7771,13421,2335,666388508,50,3394,1810,666388549,44,3358,2306,666388487,49,3516,1755,666388565,44,3472,191559,666387700,7808,13479,2066,666387781,59,3485,
2026-09-30,07:17:49.960,999,981,666383676,58,3374,879,666383692,7287,13296,568,666383685,33,3251,692,666383720,35,3245,865,666383826,40,3406,669,666382545,32,3373,194812,666382565,7254,13346,840,666382631,41,3368,
2026-09-30,07:17:50.961,1000,2297,667042357,59,3489,1368,667042406,7302,13395,1187,667042412,56,3324,1094,667042409,64,3320,1069,667042379,56,3467,2141,667042440,66,3494,196183,667041884,7333,13496,3387,667041884,75,3516,
2026-09-30,07:17:51.961,999,1063,666390471,48,3352,1168,666390470,7113,13332,1494,666390514,39,3233,1034,666390505,30,3214,639,666390520,35,3393,585,666390524,41,3376,195143,666390759,7113,13357,651,666390863,36,3353,
2026-09-30,07:17:52.961,999,6440,666362811,71,3632,5583,666362795,7273,13545,4501,666362819,42,3503,6390,666362842,40,3460,5814,666362870,40,3657,4563,666362839,38,3628,200549,666362004,7272,13643,7445,666361909,67,3657,
2026-09-30,07:17:53.961,1000,1728,667053830,57,3393,1636,667053867,7727,13373,867,667053863,40,3304,932,667053856,43,3298,1756,667053885,43,3439,1498,667053862,33,3405,190761,667053917,7752,13385,1388,667053925,51,3418,
2026-09-30,07:17:54.962,1000,2535,667051848,96,3469,1896,667051889,7993,13457,1506,667051928,86,3353,1287,667051950,96,3389,1755,667051968,83,3483,2000,667051242,95,3484,191520,667051248,7993,13463,1187,667051235,101,3468,
2026-09-30,07:17:55.962,999,2682,666380898,70,3482,1561,666380868,7196,13438,2082,666380884,57,3354,1812,666380876,59,3360,1309,666380786,69,3507,2091,666380907,67,3524,196808,666379931,7211,13506,2111,666379959,67,3498,
2026-09-30,07:17:56.961,999,1944,666395294,46,3435,1206,666395325,6993,13344,824,666395320,34,3302,1210,666395329,28,3275,974,666395324,27,3440,1007,666394783,33,3443,195955,666394754,6987,13413,1509,666394730,41,3450,
2026-09-30,07:17:57.962,1000,1012,667026339,43,3342,484,667026394,7391,13301,299,667026429,27,3213,463,667026436,19,3205,547,667026406,18,3353,782,667026464,21,3345,194661,667025663,7383,13355,832,667025726,36,3334,
2026-09-30,07:17:58.962,999,1021,666382905,48,3343,470,666382927,7116,13294,576,666382956,26,3195,576,666383004,28,3218,483,666383048,24,3371,526,666382209,28,3359,198014,666382185,7136,13340,1386,666382222,40,3360,
2026-09-30,07:17:59.962,999,2055,666350327,74,3463,2416,666350255,7776,13414,1586,666350248,58,3367,1427,666350241,63,3328,1715,666350238,59,3476,1204,666350207,52,3450,192827,666350191,7764,13438,1916,666350275,67,3486,
2026-09-30,07:18:00.962,1000,525,667025194,43,3364,785,667025176,7035,13294,806,667025166,24,3199,415,667025153,31,3222,472,667025133,21,3382,493,667025083,26,3371,199520,667024399,7030,13366,508,667024329,34,3350,
2026-09-30,07:18:01.963,1000,2224,667044723,44,3447,1597,667044751,7145,13414,1060,667042958,29,3320,1452,667042977,30,3305,1624,667042992,25,3467,1022,667043011,25,3462,196044,667043022,7183,13489,1718,667042890,40,3453,
2026-09-30,07:18:02.963,999,2603,666372845,47,3397,1039,666372816,7661,13330,1553,666372783,35,3294,1377,666372760,34,3262,1413,666372747,30,3395,1389,666372757,31,3399,188795,666372763,7703,13396,1142,666372011,38,3377,
2026-09-30,07:18:03.962,999,1698,666396546,49,3407,2031,666396496,7262,13345,1726,666396478,36,3276,1444,666396546,35,3249,898,666396573,33,3418,982,666395691,37,3400,194630,666395651,7259,13406,1513,666395685,47,3411,
2026-09-30,07:18:04.963,1000,4312,667025321,89,3636,2706,667025319,7277,13555,3572,667025334,90,3531,2928,667025308,76,3501,3708,667025317,72,3687,4018,667025300,75,3675,196920,667023888,7284,13654,4692,667023898,85,3684,
2026-09-30,07:18:05.963,999,906,666377558,41,3322,672,666377509,7480,13279,879,666377588,25,3206,941,666377572,16,3182,229,666377546,20,3329,432,666377492,23,3329,191851,666376758,7502,13337,421,666376848,36,3342,
2026-09-30,07:18:06.963,999,2365,666383789,48,3466,1464,666383780,7046,13394,1391,666383820,34,3335,1137,666383861,40,3295,2225,666383871,48,3492,1425,666383069,35,3459,194961,666382983,7068,13468,2164,666383006,53,3485,
2026-09-30,07:18:07.963,1000,34110,666999040,87,4632,29844,666999080,6967,14629,30801,666999114,80,4538,28924,666999075,71,4515,28000,666999022,69,4735,26438,666999103,79,4680,227909,666997666,6958,14692,31276,666997825,86,4720,
2026-09-30,07:18:08.963,999,2871,666377352,49,3515,2286,666377324,7038,13463,1972,666377303,47,3400,2682,666377308,45,3399,1849,666377330,37,3579,3204,666377303,44,3556,197957,666376620,7069,13525,2118,666376693,51,3551,
2026-09-30,07:18:09.963,999,767,666384112,38,3307,581,666384028,7433,13253,196,666383992,21,3185,208,666383971,18,3181,607,666383997,24,3335,672,666383907,22,3329,192410,666383355,7421,13297,789,666383446,20,3310,
2026-09-30,07:18:10.962,999,8637,666348232,56,3821,7176,666348269,6734,13729,7519,666348328,52,3644,7333,666348328,60,3646,7320,666348308,63,3866,6049,666347089,55,3856,205897,666347192,6739,13746,8199,666347169,59,3857,
2026-09-30,07:18:11.963,1000,5981,667015767,89,3751,5298,667015835,7087,13694,7706,667015835,84,3587,5626,667015817,72,3591,6140,667015827,69,3763,4767,667015785,77,3774,201540,667015771,7120,13768,6706,667015808,81,3735,
2026-09-30,07:18:12.963,999,768,666354887,32,3306,183,666354888,6968,13253,82,666354923,13,3164,77,666354926,12,3166,127,666354904,18,3335,132,666354968,17,3331,197652,666354148,7013,13317,685,666354227,27,3334,
2026-09-30,07:18:13.963,999,1426,666392745,35,3356,1234,666392756,7332,13315,542,666392742,21,3237,1375,666392700,23,3246,1793,666392729,23,3390,464,666392044,16,3369,196043,666391949,7329,13364,1543,666391868,25,3349,
2026-09-30,07:18:14.963,1000,1978,667037408,77,3481,1289,667037452,6557,13422,1505,667037467,82,3353,1362,667037415,67,3315,1926,667037497,86,3555,1120,667037450,71,3528,201787,667037521,6603,13519,2206,667036363,84,3526,
2026-09-30,07:18:15.963,999,1434,666359487,54,3397,1234,666359443,7264,13342,1199,666359334,35,3248,797,666359336,35,3261,972,666359343,28,3402,925,666359356,37,3400,196658,666359366,7276,13416,1289,666359332,50,3413,
2026-09-30,07:18:16.963,999,2124,666404914,43,3479,2290,666404905,7043,13409,3240,666404878,27,3313,1415,666404863,30,3304,1798,666404854,22,3486,1484,666404102,28,3490,199922,666404062,7049,13462,2653,666404002,39,3472,
2026-09-30,07:18:17.964,1000,679,667050980,36,3323,295,667051018,7144,13287,249,667051052,19,3189,135,667049872,16,3179,393,667049826,20,3344,329,667049963,13,3337,194714,667049937,7145,13342,600,667049928,24,3328,
2026-09-30,07:18:18.963,999,2258,666381883,37,3456,2105,666381977,6985,13412,1838,666381992,40,3367,2372,666382040,41,3357,2102,666382059,44,3547,2632,666382134,40,3507,200900,666381414,7014,13484,1889,666381470,42,3490,
2026-09-30,07:18:19.963,999,1499,666402677,54,3376,1401,666402762,7729,13317,1447,666402768,44,3274,1012,666402763,30,3248,1165,666402810,38,3388,1232,666402819,38,3382,192356,666402072,7741,13389,1403,666402027,47,3374,
2026-09-30,07:18:20.963,999,1022,666383774,24,3329,340,666383719,7208,13256,263,666383707,18,3205,1165,666383683,24,3200,701,666383669,20,3350,688,666383682,19,3342,193652,666383778,7245,13310,908,666383804,21,3327,
2026-09-30,07:18:21.963,1000,1165,667044189,42,3356,1114,667044258,7878,13294,562,667044227,30,3238,783,667044181,26,3227,981,667044135,36,3368,444,667044164,32,3332,187052,667043398,7894,13349,1113,667043442,53,3346,
2026-09-30,07:18:22.963,999,3990,666374557,55,3581,5214,666374502,7113,13484,3671,666374529,40,3448,3459,666374508,43,3418,4197,666374545,63,3655,3692,666374572,45,3594,200118,666374592,7150,13600,4383,666374628,58,3605,
2026-09-30,07:18:23.963,999,2329,666371181,47,3437,2045,666371196,7292,13406,1558,666371213,37,3348,1331,666371231,42,3351,1849,666371243,38,3512,1415,666371298,48,3527,194993,666371315,7302,13460,1640,666371424,49,3480,
2026-09-30,07:18:24.963,999,2002,666383328,53,3366,428,666383361,7187,13290,1113,666383290,44,3243,704,666383343,52,3254,406,666383455,47,3399,1074,666382624,47,3408,194196,666382631,7218,13372,1257,666382530,52,3392,
2026-09-30,07:18:25.963,1000,2606,667053097,44,3405,647,667053165,7061,13332,1167,667053155,33,3263,1022,667053140,29,3261,776,667053150,34,3450,927,667053132,32,3404,197474,667052353,7074,13408,953,667052320,43,3394,
2026-09-30,07:18:26.963,999,1513,666382982,40,3397,1015,666383047,6774,13349,1380,666383060,22,3275,449,666383072,29,3257,1143,666383105,24,3449,766,666383168,14,3429,201984,666383239,6748,13407,1553,666383203,30,3441,
2026-09-30,07:18:27.963,999,1286,666388865,59,3387,1485,666388911,7392,13340,1635,666388892,50,3283,1859,666388894,37,3272,1982,666388943,35,3405,1802,666388941,43,3424,194993,666388899,7386,13391,1168,666388956,55,3404,
2026-09-30,07:18:28.964,1000,105084,667066894,357,11027,105516,667066964,7790,20923,99166,667066998,346,10817,103851,667067000,329,10793,109655,667067070,362,10910,105340,667067043,355,11112,294673,667067107,7779,20942,111200,667067132,361,11050,
2026-09-30,07:18:29.963,999,33215,666380336,284,6117,31055,666380333,7420,16058,31838,666380395,270,6029,34531,666380424,279,5897,34904,666380504,289,6174,32796,666380590,270,6132,228131,666380656,7414,16140,33588,666380788,276,6060,
2026-09-30,07:18:30.963,999,3407,666395999,116,3690,2432,666396020,7347,13635,3892,666396010,93,3576,4020,666396016,106,3583,4559,666396002,89,3698,3276,666396068,105,3719,198252,666396142,7361,13717,3473,666396094,118,3726,
2026-09-30,07:18:31.963,999,4506,666398572,123,3699,4033,666398530,7766,13678,3800,666398548,85,3597,5587,666398550,101,3625,6542,666398543,83,3720,4172,666398506,86,3667,194650,666398481,7750,13709,4700,666398521,107,3679,
2026-09-30,07:18:32.964,1000,4691,667051876,54,3610,4656,667051849,7047,13590,3334,667051846,48,3498,3432,667051856,36,3504,4937,667051835,50,3669,3830,667050939,44,3663,198234,667051077,7073,13655,4098,667051038,53,3639,
2026-09-30,07:18:33.963,999,1939,666375883,40,3375,1367,666375912,6714,13343,1093,666375894,30,3251,2235,666375906,35,3270,571,666375936,37,3466,845,666375917,34,3446,203603,666375415,6712,13431,1032,666375444,54,3428,
2026-09-30,07:18:34.963,999,5947,666386215,134,3775,4531,666386211,6825,13758,5955,666386181,138,3678,3903,666386174,132,3632,5534,666386115,143,3822,4904,666385407,127,3789,203421,666385479,6859,13776,5716,666385411,136,3789,
2026-09-30,07:18:35.963,999,1956,666392403,71,3455,1748,666392389,6968,13401,1119,666392448,63,3317,876,666392431,61,3301,1392,666392502,52,3482,907,666391850,48,3462,197777,666391830,6985,13455,1634,666391825,77,3472,
2026-09-30,07:18:36.964,1000,1779,667051084,61,3478,1598,667051076,6965,13401,2091,667051113,37,3328,1116,667051131,37,3329,2050,667051148,38,3498,1177,667051199,44,3466,200513,667051221,6973,13499,1943,667050398,37,3474,
2026-09-30,07:18:37.963,999,12824,666335133,96,4072,10947,666335173,7172,14060,11698,666335137,96,3998,10244,666335085,98,3949,12985,666335062,77,4148,10778,666335062,87,4137,209442,666335079,7176,14128,14407,666334267,105,4116,
2026-09-30,07:18:38.963,999,4116,666376410,69,3639,3929,666376423,7505,13580,3185,666376472,51,3532,4105,666376460,71,3534,3670,666376454,50,3654,3037,666375776,56,3626,194789,666375830,7475,13637,3945,666375796,68,3646,
2026-09-30,07:18:39.964,1000,4518,667045424,57,3662,5592,667045578,7032,13602,5990,667045558,52,3486,4026,667045585,52,3498,5558,667045644,48,3675,4486,667044343,49,3660,199888,667044420,7021,13671,5070,667044401,46,3667,
2026-09-30,07:18:40.963,999,6729,666386947,53,3651,4773,666386968,7597,13549,5159,666386899,39,3514,4624,666386911,34,3483,7714,666386902,38,3665,7102,666386938,55,3651,198616,666386274,7614,13625,5441,666386240,55,3651,
2026-09-30,07:18:41.963,999,3908,666373595,46,3487,1553,666373566,6770,13442,1235,666373573,27,3295,1767,666373574,30,3308,1253,666373642,35,3516,901,666372997,33,3498,202980,666372969,6790,13491,1812,666373108,41,3488,
2026-09-30,07:18:42.964,1000,1097,667039227,46,3353,998,667039171,7339,13322,765,667039222,44,3250,1123,667039256,32,3225,699,667039243,34,3395,816,667038465,41,3389,195636,667038500,7353,13363,1146,667038497,46,3381,
2026-09-30,07:18:43.965,1000,3533,667048124,79,3523,1697,667048123,7521,13447,2289,667048161,64,3365,2134,667048190,60,3343,3557,667048170,71,3516,1974,667048135,60,3499,191909,667047490,7499,13511,1678,667047444,70,3505,
2026-09-30,07:18:44.964,999,1981,666377073,85,3463,1371,666376385,7304,13422,2299,666376421,81,3376,2055,666376416,71,3349,1461,666376426,94,3538,1823,666376463,72,3530,193211,666376498,7320,13477,2905,666376478,86,3519,
2026-09-30,07:18:45.964,999,1488,666379730,37,3363,723,666379761,7181,13284,306,666379808,32,3225,545,666379820,36,3211,637,666379837,26,3366,368,666379039,28,3367,196271,666379107,7165,13316,1302,666379048,34,3349,
2026-09-30,07:18:46.965,1000,2664,667042408,57,3456,1929,667042393,7377,13386,2458,667042351,37,3318,1827,667042358,43,3316,1265,667042329,34,3470,1379,667042331,38,3420,193629,667042365,7397,13437,1883,667042390,38,3455,
2026-09-30,07:18:47.964,999,1708,666392019,42,3320,561,666392064,7646,13257,402,666392117,22,3202,841,666392097,29,3196,739,666392116,25,3336,575,666392131,21,3331,190154,666391352,7633,13296,640,666391415,31,3312,
2026-09-30,07:18:48.964,999,871,666385519,19,3339,724,666383962,6987,13287,322,666383952,19,3201,286,666383974,19,3188,458,666383967,17,3364,398,666383989,25,3371,197258,666384031,6961,13343,884,666383243,19,3355,
2026-09-30,07:18:49.964,999,1678,666389452,55,3427,1825,666389490,7776,13395,1918,666389486,38,3307,1248,666389508,50,3322,1564,666389500,43,3445,1213,666389455,39,3404,190890,666389424,7754,13408,2287,666389379,54,3444,
2026-09-30,07:18:50.965,1000,518,667039359,30,3315,288,667039371,7381,13261,469,667039334,19,3200,774,667039363,19,3187,221,667039374,21,3335,223,667038669,14,3331,192019,667038635,7397,13303,869,667038541,25,3326,
2026-09-30,07:18:51.964,999,58049,666381110,315,8133,58380,666381070,7442,17994,56182,666381067,307,7816,62820,666381124,300,7875,60107,666381054,306,8169,56951,666381070,303,8109,256690,666380317,7458,18117,53120,666380265,297,8065,
2026-09-30,07:18:52.964,999,20481,666378047,135,4652,19405,666378064,7965,14617,18093,666378005,118,4531,19622,666377996,146,4478,17773,666377998,120,4645,17941,666378105,130,4667,202905,666377516,7999,14675,19797,666377591,123,4741,
2026-09-30,07:18:53.965,1000,1712,667029753,41,3415,846,667029743,6671,13364,806,667029724,43,3273,1037,667029702,31,3248,441,667029638,28,3422,1466,667029612,33,3440,200556,667029637,6685,13429,735,667029625,41,3408,
2026-09-30,07:18:54.965,999,8289,666370735,183,4032,8684,666370718,8039,14037,9933,666370725,169,3977,9568,666370710,164,3928,9281,666370708,169,4066,9581,666370698,155,4010,200362,666370698,8000,14025,9225,666370715,188,4097,
2026-09-30,07:18:55.964,999,4870,666386299,107,3723,6951,666386300,7334,13745,5309,666386343,107,3624,5657,666386345,102,3640,6154,666386369,106,3840,6109,666386406,96,3768,199259,666386475,7357,13762,6120,666386519,125,3752,
2026-09-30,07:18:56.964,999,1812,666357028,62,3474,1790,666357043,7155,13399,1863,666357055,53,3364,1308,666357022,53,3333,2966,666357008,35,3506,1874,666356979,46,3462,196921,666357052,7160,13467,1939,666357096,57,3490,
2026-09-30,07:18:57.965,1000,25937,667016118,159,5071,26197,667016102,7106,15039,24041,667016103,150,4957,24865,667016112,136,4875,23177,667016116,160,5067,24180,667016171,145,5080,221630,667016059,7127,15026,23788,667016166,171,5062,
2026-09-30,07:18:58.964,999,3747,666364317,80,3736,2861,666364273,6983,13647,3130,666364241,79,3547,4029,666364234,72,3539,3372,666364269,78,3776,2255,666363343,67,3703,201236,666363376,6967,13729,3063,666363398,84,3689,
2026-09-30,07:18:59.964,999,9001,666378809,132,4215,8928,666378842,7752,14124,9332,666378833,136,4039,8082,666378835,132,4035,8542,666378894,134,4118,9441,666378851,136,4162,203186,666378757,7747,14151,10629,666378714,141,4138,
2026-09-30,07:19:00.965,1000,10980,667043564,148,4049,8866,667043554,7578,14006,8302,667043580,139,3865,10324,667043589,124,3918,9278,667043618,132,4047,7143,667043717,133,4048,204369,667042880,7582,14067,8569,667042915,135,4011,
2026-09-30,07:19:01.965,999,3340,666380695,79,3511,2489,666380697,7322,13466,2102,666380785,72,3396,2321,666380841,60,3390,3323,666380956,60,3547,2231,666380100,56,3517,196997,666380045,7301,13510,2762,666380010,74,3517,
2026-09-30,07:19:02.964,999,1353,666374342,66,3449,1156,666374269,6492,13374,1116,666374239,42,3312,1277,666374218,42,3292,1877,666374219,41,3510,2343,666374163,45,3515,202856,666374181,6495,13453,1309,666374133,58,3469,
2026-09-30,07:19:03.965,1000,24875,667050633,103,4627,23163,667050760,7480,14582,20010,667050766,77,4512,25013,667050799,87,4478,24002,667050862,67,4623,25334,667049992,81,4625,220323,667049942,7471,14674,23963,667050072,95,4638,
2026-09-30,07:19:04.965,999,9211,666379896,151,3994,7754,666379857,7086,13921,9034,666379894,136,3873,6544,666379901,126,3807,8346,666379910,130,4022,7993,666379974,124,3970,200653,666379990,7126,13977,10030,666379982,141,4069,
2026-09-30,07:19:05.964,999,4068,666354277,91,3685,2946,666354298,6973,13625,3314,666354303,77,3580,3955,666354302,76,3534,2983,666354287,79,3708,3018,666354347,74,3716,199723,666354323,6990,13693,3057,666354266,83,3690,
2026-09-30,07:19:06.964,999,11602,666378476,67,4210,9906,666378522,6742,14023,10473,666378565,55,4022,7260,666378583,65,3937,8984,666378648,57,4192,9299,666377636,66,4182,210384,666377673,6769,14190,9496,666377717,56,4098,
2026-09-30,07:19:07.965,1000,8979,667038824,86,3737,7247,667038744,7635,13657,7323,667038772,62,3612,7233,667038738,74,3616,8391,667038685,67,3759,8362,667038621,75,3729,199689,667038623,7634,13739,8715,667038575,79,3724,
2026-09-30,07:19:08.965,999,2054,666376038,61,3536,2862,666376058,7269,13455,3776,666376054,47,3394,3436,666376070,41,3412,2611,666376083,41,3555,2339,666376141,45,3534,195621,666375011,7298,13522,3581,666374926,45,3510,
2026-09-30,07:19:09.964,999,908,666357258,40,3352,904,666357247,7188,13287,313,666357288,29,3224,878,666357248,31,3225,352,666357305,25,3380,1053,666357244,39,3397,196829,666357256,7184,13351,1356,666357238,31,3365,
2026-09-30,07:19:10.965,1000,1057,667059233,58,3417,1986,667059232,6922,13395,1271,667059256,59,3309,715,667059273,42,3264,1596,667059248,43,3472,1211,667058574,49,3460,197878,667058491,6925,13447,1308,667058366,56,3451,
2026-09-30,07:19:11.965,999,2993,666372652,72,3565,1635,666372623,6715,13498,1672,666372605,61,3385,3070,666372669,60,3409,1808,666372700,51,3575,2229,666372734,53,3579,205000,666372694,6713,13568,2875,666372650,79,3609,
2026-09-30,07:19:12.964,999,823,666363283,39,3344,217,666363295,6931,13258,256,666363306,33,3207,612,666363275,26,3182,260,666363255,30,3389,325,666363294,21,3360,199367,666363361,6979,13350,616,666363350,33,3362,
2026-09-30,07:19:13.965,1000,2247,667081964,39,3352,1403,667081927,7444,13288,2003,667081901,37,3251,568,667081895,32,3224,674,667081861,29,3374,973,667081228,41,3380,193052,667081289,7457,13344,704,667081421,37,3326,
2026-09-30,07:19:14.966,1000,2104,667048156,84,3507,2421,667048216,6757,13421,1200,667048159,78,3325,1234,667048145,76,3319,1282,667048187,77,3519,858,667047597,71,3477,198839,667047598,6768,13471,1938,667047543,81,3504,
2026-09-30,07:19:15.966,999,1196,666376919,48,3342,337,666376892,7452,13263,349,666376868,28,3214,575,666376864,33,3203,634,666376773,28,3367,374,666376046,26,3330,195564,666376036,7477,13341,829,666375921,40,3349,
2026-09-30,07:19:16.965,999,1625,666378833,45,3403,1500,666378902,7014,13350,1011,666378929,27,3255,1183,666378952,27,3257,916,666378995,24,3426,888,666378892,27,3422,199296,666378832,7027,13397,1119,666378808,31,3407,
2026-09-30,07:19:17.966,1000,3915,667038624,61,3497,1992,667038638,7468,13417,1672,667037975,54,3311,2090,667037951,48,3322,1185,667037958,54,3491,1400,667038040,50,3441,193215,667038092,7511,13498,2482,667037999,65,3483,
2026-09-30,07:19:18.966,999,3526,666376646,29,3544,3420,666376680,6688,13494,3093,666376680,22,3385,4481,666376650,22,3351,4670,666376658,21,3622,2915,666376686,23,3593,202353,666376659,6690,13558,2855,666376691,36,3575,
2026-09-30,07:19:19.966,999,1363,666382204,49,3385,961,666382249,6984,13322,481,666382341,27,3217,1401,666382381,33,3241,1585,666382420,30,3401,735,666381663,29,3396,199076,666381714,6976,13380,833,666381688,42,3376,
2026-09-30,07:19:20.965,999,565,666385548,28,3293,574,666385610,7518,13254,211,666385615,19,3182,573,666385642,27,3190,56,666385711,11,3301,307,666385779,19,3294,189542,666385893,7517,13283,422,666385892,30,3299,
2026-09-30,07:19:21.966,1000,365,667031844,26,3281,180,667031824,7460,13255,216,667031822,21,3192,213,667031807,12,3175,188,667031790,17,3325,298,667031659,21,3315,191760,667031736,7444,13279,368,667031683,21,3311,
2026-09-30,07:19:22.966,999,26479,666384442,63,4652,24813,666384434,6675,14659,20049,666384382,51,4451,22252,666384405,58,4470,22266,666384428,60,4740,24104,666384410,57,4662,227249,666384463,6677,14680,22783,666384586,69,4694,
2026-09-30,07:19:23.966,999,1591,666392358,39,3334,540,666392382,7464,13281,395,666392434,32,3208,636,666392463,35,3235,331,666392454,32,3378,565,666392539,38,3367,190293,666392533,7470,13369,610,666392517,36,3355,
2026-09-30,07:19:24.966,1000,2140,667028733,74,3467,1510,667028735,7343,13435,1874,667028795,73,3366,2394,667028795,77,3359,1794,667028849,79,3493,1740,667028821,65,3479,191710,667028953,7361,13486,1801,667028980,75,3480,
2026-09-30,07:19:25.966,999,1878,666381203,37,3377,707,666381098,6814,13321,709,666381052,34,3244,800,666381089,32,3226,660,666381105,34,3431,553,666381137,36,3430,200418,666381181,6847,13372,732,666381244,36,3389,
2026-09-30,07:19:26.966,999,5225,666395944,50,3725,4844,666395968,7179,13671,4581,666395974,41,3576,6566,666395960,46,3601,5550,666395968,45,3754,5468,666396041,39,3715,200643,666396180,7192,13731,5257,666396193,49,3744,
2026-09-30,07:19:27.965,999,806,666386403,25,3312,583,666386398,7142,13246,455,666386392,33,3207,1131,666386415,22,3204,374,666386365,26,3358,529,666386339,21,3338,194157,666386335,7205,13330,1016,666386465,27,3331,
2026-09-30,07:19:28.966,1000,1367,666984189,37,3386,575,666984207,7155,13321,615,666984196,30,3237,831,666984149,37,3257,510,666984145,34,3381,1010,666984132,23,3399,196138,666984105,7154,13374,1333,666983230,43,3385,
2026-09-30,07:19:29.966,999,1673,666351283,28,3346,515,666351266,7286,13286,387,666351272,23,3220,556,666351280,25,3212,367,666351270,21,3362,674,666351293,16,3356,190994,666351239,7314,13340,844,666351203,25,3373,
2026-09-30,07:19:30.965,999,1757,666349093,50,3398,1585,666349109,7151,13376,1397,666349130,32,3286,1147,666349137,33,3256,2077,666349132,28,3437,1224,666349138,37,3427,198788,666349107,7148,13416,1561,666349101,35,3425,
2026-09-30,07:19:31.966,1000,3980,667053489,64,3500,3071,667053480,7325,13464,4132,667053431,53,3400,2767,667052593,55,3394,2263,667052585,65,3551,2286,667052498,54,3528,196151,667052489,7334,13522,2448,667052487,74,3523,
2026-09-30,07:19:32.966,999,850,666366514,41,3341,485,666366480,7282,13291,534,666366445,25,3207,253,666366470,23,3186,544,666366479,24,3374,1182,666366478,25,3376,196520,666366477,7266,13351,1374,666366470,39,3378,
2026-09-30,07:19:33.966,999,1808,666393619,48,3418,913,666393522,6832,13357,1244,666393599,26,3283,988,666393612,28,3269,1973,666393664,25,3438,1086,666393755,25,3432,198744,666393839,6845,13419,1306,666393957,42,3438,
2026-09-30,07:19:34.966,1000,668,667059692,50,3382,896,667059693,6757,13339,559,667059697,51,3255,616,667059718,40,3239,860,667059682,36,3425,451,667059747,40,3408,203860,667059812,6758,13411,734,667059933,45,3390,
2026-09-30,07:19:35.966,999,913,666417398,35,3325,487,666417341,6835,13271,189,666417375,20,3188,293,666417347,33,3202,488,666417385,24,3382,176,666417471,17,3365,196749,666417604,6853,13334,944,666417668,29,3331,
2026-09-30,07:19:36.966,999,788,666386460,34,3333,523,666386486,6811,13284,671,666386555,20,3196,207,666386555,24,3192,398,666386530,27,3390,237,666386621,16,3381,199157,666386685,6828,13329,444,666386815,34,3346,
2026-09-30,07:19:37.966,999,7436,666366779,69,3765,5595,666366865,7077,13708,4911,666366934,52,3593,5152,666366982,64,3610,5730,666366973,53,3816,6332,666367077,51,3806,202536,666367123,7060,13769,5210,666368216,64,3781,
2026-09-30,07:19:38.966,1000,795,667072440,52,3371,1033,667072438,7021,13359,1460,667072468,31,3279,1127,667072467,32,3245,1161,667072399,31,3413,1573,667072274,22,3393,195874,667072318,7034,13393,1039,667072258,42,3389,
2026-09-30,07:19:39.966,999,1385,666358142,43,3399,1396,666358117,6886,13341,852,666358126,27,3252,814,666358140,41,3253,1202,666358157,40,3451,954,666358126,38,3450,199306,666358095,6921,13404,1173,666358060,42,3441,
2026-09-30,07:19:40.966,999,1752,666352749,52,3433,3064,666352693,7212,13401,1268,666352711,28,3318,1725,666352711,28,3313,1460,666352745,30,3468,1025,666352739,31,3466,195130,666352853,7234,13448,1600,666352740,42,3474,
2026-09-30,07:19:41.967,1000,1430,667049623,27,3413,933,667049602,7059,13358,825,667049608,16,3258,1412,667049644,20,3272,1132,667049665,17,3440,1460,667049842,19,3429,197337,667048822,7085,13404,1959,667048727,19,3433,
2026-09-30,07:19:42.966,999,1679,666360612,48,3417,1085,666360642,6639,13345,876,666360689,35,3264,710,666360679,32,3247,1071,666360711,26,3456,868,666360701,28,3439,204748,666360685,6642,13398,1158,666360632,35,3421,
2026-09-30,07:19:43.966,999,1779,666389686,29,3384,1061,666388887,6993,13337,1444,666388878,29,3256,1148,666388938,29,3245,924,666388994,30,3420,588,666388984,29,3407,199744,666389019,6999,13374,1563,666388964,34,3391,
2026-09-30,07:19:44.966,999,1503,666364456,77,3494,1321,666364450,6762,13426,1798,666364480,64,3317,1228,666364425,56,3303,1315,666364480,68,3516,743,666364448,57,3476,202598,666364468,6726,13482,1856,666363601,56,3498,
2026-09-30,07:19:45.966,1000,1044,667012957,34,3348,621,667012923,7212,13310,810,667012925,23,3221,902,667012950,21,3211,857,667012942,18,3376,1428,667012993,20,3369,198505,667012999,7207,13373,994,667013032,36,3373,
2026-09-30,07:19:46.966,999,1209,666385561,37,3398,1428,666385526,6591,13362,465,666385585,28,3223,1203,666385599,29,3245,1066,666385665,34,3438,1277,666385103,34,3428,203280,666385128,6602,13410,1174,666385053,37,3407,
2026-09-30,07:19:47.966,999,992,666380447,43,3339,785,666380434,7780,13279,401,666380442,26,3218,1052,666380488,23,3216,1883,666380441,26,3349,839,666380511,16,3320,186411,666380532,7815,13306,536,666380627,43,3318,
2026-09-30,07:19:48.967,1000,825,667025058,17,3332,815,667025071,6671,13303,1252,667025088,14,3200,448,667025096,14,3178,575,667025097,16,3392,241,667025130,18,3387,198018,667025181,6652,13352,525,667025205,28,3370,
2026-09-30,07:19:49.966,999,1104,666397492,31,3375,628,666397467,6842,13289,440,666397528,14,3201,568,666397560,14,3192,1381,666397594,16,3397,316,666397673,12,3364,196869,666396785,6854,13364,892,666396816,17,3355,
2026-09-30,07:19:50.966,999,1146,666404371,46,3399,1076,666404321,7037,13357,1498,666404347,43,3285,1289,666404352,45,3255,2301,666404343,33,3434,1164,666404251,30,3410,197642,666404358,7061,13388,2197,666404339,49,3411,
2026-09-30,07:19:51.966,999,1602,666390144,38,3364,930,666390173,7336,13317,934,666390197,33,3258,1060,666390169,30,3242,801,666390194,24,3387,623,666390142,23,3366,198415,666390206,7339,13337,1930,666390359,28,3387,
2026-09-30,07:19:52.967,1000,2992,667063999,46,3471,2372,667063980,7449,13441,2138,667063996,42,3359,3246,667063994,30,3331,2270,667063984,36,3502,2749,667063976,39,3489,196546,667063993,7455,13480,1808,667063988,44,3462,
2026-09-30,07:19:53.966,999,689,666400484,31,3332,607,666400439,7161,13267,911,666400432,11,3189,376,666400433,16,3196,389,666400470,21,3379,1030,666400474,22,3365,197120,666400539,7136,13328,1175,666400526,26,3333,
2026-09-30,07:19:54.966,999,2089,666330638,70,3437,1389,666330714,7744,13396,2344,666330722,66,3346,1698,666330710,61,3321,2375,666330742,88,3474,2430,666330715,74,3466,187386,666330771,7738,13422,1647,666330808,74,3416,
2026-09-30,07:19:55.967,1000,47197,667025320,138,6636,46766,667025306,6815,16613,47652,667025292,112,6488,45482,667025294,119,6360,48046,667025291,112,6665,44000,667025294,126,6668,245720,667025364,6815,16573,46492,667025326,138,6749,
2026-09-30,07:19:56.966,999,4679,666383293,76,3697,4386,666383225,7227,13659,3984,666383231,56,3564,3619,666383244,59,3526,4301,666383289,46,3717,3906,666383310,57,3671,200232,666382539,7219,13718,3542,666382481,71,3695,
2026-09-30,07:19:57.966,999,811,666400376,42,3345,525,666400364,6939,13281,423,666400387,17,3201,307,666400390,18,3195,262,666400389,21,3370,487,666399319,23,3374,198363,666399252,6941,13346,843,666399230,34,3352,
2026-09-30,07:19:58.966,999,1784,666388364,60,3446,1596,666388307,7297,13379,1345,666388329,43,3311,844,666388362,39,3284,1537,666388372,47,3506,1692,666387574,50,3481,193663,666387511,7301,13468,2137,666387658,49,3470,
2026-09-30,07:19:59.967,1000,1116,667042675,41,3353,234,667042681,6673,13308,621,667042682,29,3212,543,667042723,30,3196,696,667042787,26,3411,278,667042007,38,3391,202353,667042036,6662,13380,404,667042144,34,3358,
2026-09-30,07:20:00.966,999,1480,666379553,49,3413,1101,666379588,7179,13338,851,666379594,41,3277,1667,666379617,39,3283,1200,666379698,45,3443,1531,666379680,39,3455,196839,666379727,7179,13402,1326,666379869,50,3409,
2026-09-30,07:20:01.966,999,1705,666364155,48,3466,1309,666364173,6411,13387,1825,666364127,39,3316,1529,666364153,27,3276,2027,666364125,35,3505,1159,666364146,33,3490,203678,666364139,6430,13484,1493,666364170,33,3460,
2026-09-30,07:20:02.967,1000,2219,667034972,42,3387,1151,667035046,7220,13362,1256,667035034,31,3239,670,667035023,27,3241,607,667034999,29,3422,1205,667034943,28,3416,194952,667035062,7235,13404,1263,667035076,48,3434,
2026-09-30,07:20:03.966,999,1374,666376698,48,3392,400,666376724,6753,13307,453,666376722,25,3211,577,666376773,23,3214,676,666376822,24,3410,650,666376094,22,3386,200869,666376001,6740,13386,1277,666375994,35,3389,
2026-09-30,07:20:04.966,999,3214,666381029,110,3608,3883,666380958,7004,13594,3528,666380934,91,3520,3802,666380912,81,3484,3795,666380875,86,3680,2995,666380219,73,3641,203888,666380241,6976,13609,3453,666380240,103,3654,
2026-09-30,07:20:05.966,999,330,666367473,29,3313,475,666367584,7141,13279,278,666367593,16,3193,991,666367557,20,3201,286,666367563,23,3360,248,666367570,15,3347,194396,666367442,7174,13334,628,666367455,36,3342,
2026-09-30,07:20:06.967,1000,2608,667040601,53,3473,1796,667040571,7028,13400,2093,667040592,40,3356,1502,667040602,39,3320,2143,667040623,43,3542,1649,667040648,36,3474,199019,667039786,7049,13489,2530,667039816,56,3498,
2026-09-30,07:20:07.966,999,1397,666361018,62,3426,1446,666360948,6924,13410,1376,666360984,40,3294,1134,666360959,52,3294,1645,666360971,49,3481,1435,666360970,51,3488,200295,666361033,6918,13440,1879,666361003,68,3474,
2026-09-30,07:20:08.966,999,5847,666390228,73,3659,3256,666390282,7627,13586,3856,666390239,61,3516,5534,666390216,48,3501,5191,666390186,58,3701,5611,666390243,53,3642,194221,666390235,7650,13641,4473,666389457,57,3651,
2026-09-30,07:20:09.967,1000,753,667046968,39,3340,535,667046921,6745,13315,413,667046975,22,3209,701,667046961,25,3202,285,667046949,20,3379,661,667046939,23,3408,198726,667046844,6755,13383,861,667046094,32,3384,
2026-09-30,07:20:10.967,999,1719,666395025,38,3354,779,666395070,6714,13320,410,666395029,30,3234,355,666395040,29,3224,471,666395070,24,3401,696,666394296,29,3415,200090,666394340,6705,13350,742,666394291,33,3379,
2026-09-30,07:20:11.966,999,1620,666385025,44,3371,963,666384992,7167,13333,1808,666384991,38,3287,1527,666384998,38,3254,1211,666385019,42,3450,1162,666385081,37,3408,198154,666385035,7173,13390,1344,666385041,50,3419,
2026-09-30,07:20:12.966,999,2710,666368611,60,3462,1956,666368607,7221,13401,1416,666368565,42,3338,2627,666368548,50,3361,2340,666368548,54,3524,2675,666367738,49,3536,199122,666367811,7204,13468,2047,666367794,71,3493,
2026-09-30,07:20:13.967,1000,708,667057423,27,3316,350,667057408,7337,13259,665,667057414,25,3201,343,667057413,27,3195,535,667057410,25,3348,245,667057435,25,3321,198625,667056911,7335,13327,853,667056998,24,3321,
2026-09-30,07:20:14.967,999,1286,666386094,76,3443,1184,666386081,7188,13362,1221,666386086,68,3283,864,666386049,54,3241,929,666386090,59,3412,768,666385457,58,3414,197021,666385522,7184,13390,1477,666385567,61,3411,
2026-09-30,07:20:15.966,999,1771,666385566,29,3384,1008,666385541,6529,13307,554,666385557,21,3215,753,666385582,21,3211,368,666385620,21,3396,790,666384943,20,3404,201979,666384951,6560,13419,1231,666384974,31,3404,
2026-09-30,07:20:16.967,1000,1105,667052335,30,3361,399,667052380,6946,13299,511,667052403,30,3200,704,667052444,28,3211,810,667052405,22,3383,565,667051752,25,3391,199812,667051726,6948,13377,866,667051704,26,3379,
2026-09-30,07:20:17.968,1000,815,667063184,30,3345,586,667063163,6980,13301,707,667063131,17,3213,886,667063107,18,3210,317,667063125,11,3346,628,667063211,15,3352,196583,667062508,6980,13362,673,667062425,24,3354,
2026-09-30,07:20:18.967,999,2145,666370015,44,3379,1553,666370033,7161,13319,543,666370061,26,3237,693,666370048,28,3234,841,666369059,32,3391,456,666369140,36,3371,196335,666369192,7138,13371,825,666369090,35,3396,
2026-09-30,07:20:19.967,999,436,666381039,29,3298,512,666381066,7456,13235,465,666381115,14,3173,132,666381151,13,3156,165,666381155,14,3307,99,666381130,9,3291,193821,666380282,7423,13280,387,666380241,26,3291,
2026-09-30,07:20:20.968,1000,16550,667046408,43,4176,15158,667046461,7675,14106,17572,667046436,20,4017,14103,667046409,27,4047,17088,667046473,23,4154,17555,667046538,29,4158,208445,667045735,7676,14117,17691,667045705,28,4112,
2026-09-30,07:20:21.968,999,96344,666385790,306,9870,88153,666385770,7408,19679,90182,666385830,312,9537,88974,666385799,295,9506,94904,666385791,326,9736,83590,666384871,294,9647,280400,666384985,7400,19899,78672,666385027,324,9671,
2026-09-30,07:20:22.967,999,18173,666372275,186,4750,19324,666372324,7194,14818,19771,666372297,160,4647,17397,666372301,162,4645,17669,666372378,162,4782,15588,666372416,165,4816,212358,666371629,7197,14859,18760,666371596,198,4873,
2026-09-30,07:20:23.967,999,16956,666380941,117,4397,13529,666380968,6861,14297,12254,666380973,92,4160,12910,666380990,103,4193,13444,666381003,94,4474,14936,666381042,105,4443,212614,666379643,6852,14372,11603,666379616,116,4406,
2026-09-30,07:20:24.968,1000,6117,667060574,151,3890,6357,667060551,7341,13868,5989,667060534,172,3771,5330,667060610,177,3775,5511,667060619,132,3885,5531,667060536,139,3827,199630,667059748,7369,13894,7254,667059789,181,3932,
2026-09-30,07:20:25.968,999,34548,666380412,197,5880,31249,666380361,7376,15759,30364,666380330,169,5664,27251,666380290,157,5638,28852,666380285,168,5787,27775,666380336,162,5759,221334,666379557,7378,15791,33506,666379517,174,5829,
2026-09-30,07:20:26.967,999,16067,666388242,144,4545,12029,666388294,7732,14466,12918,666388308,160,4421,11589,666388306,139,4367,11244,666388303,147,4495,12285,666388309,127,4423,206438,666387510,7705,14477,12576,666387409,169,4515,
2026-09-30,07:20:27.968,1000,5900,667052612,106,3896,6927,667052631,7774,13886,4669,667052591,79,3768,6079,667052557,91,3745,5057,667052574,86,3855,6810,667052613,91,3827,197090,667051332,7774,13870,6394,667051472,98,3898,
2026-09-30,07:20:28.968,999,1807,666386901,45,3434,651,666386952,6824,13359,828,666386955,43,3252,2180,666386949,54,3302,1119,666386928,39,3433,935,666386171,45,3468,201740,666386207,6836,13407,1581,666386227,43,3426,
2026-09-30,07:20:29.967,999,2588,666337997,59,3535,2697,666337969,7105,13507,2071,666338020,55,3387,2277,666337993,56,3429,2298,666338047,68,3561,2494,666338077,56,3546,201286,666338046,7100,13539,2047,666338069,63,3576,
2026-09-30,07:20:30.967,999,6028,666343607,106,3638,3282,666343616,7890,13552,3491,666343570,83,3521,4777,666343569,79,3518,4351,666343588,87,3639,4538,666342833,86,3617,192648,666342881,7869,13611,3355,666342931,94,3631,
2026-09-30,07:20:31.968,1000,1092,667056615,60,3387,1124,667056672,7710,13317,1764,667056729,42,3272,736,667056728,53,3279,1343,667056730,34,3402,1097,667056687,40,3381,191956,667056715,7742,13403,1030,667055983,55,3393,
2026-09-30,07:20:32.968,999,1587,666371701,50,3369,1212,666371679,7286,13291,807,666371658,45,3261,552,666371651,31,3239,717,666371694,33,3397,478,666371071,36,3391,194145,666371019,7303,13364,1184,666370995,42,3393,
2026-09-30,07:20:33.967,999,837,666342194,48,3375,813,666342249,6766,13303,702,666342311,37,3226,626,666342323,47,3230,595,666342373,37,3416,365,666342419,34,3399,200786,666342496,6772,13359,833,666342546,42,3388,
2026-09-30,07:20:34.968,1000,6866,667046801,156,3881,7332,667046789,7102,13817,6219,667046829,136,3703,5818,667046826,124,3678,6061,667046782,136,3885,5444,667046868,128,3835,203132,667046213,7119,13861,5975,667046182,145,3906,
2026-09-30,07:20:35.968,999,1470,666392260,73,3420,1041,666392235,7354,13408,1626,666392157,52,3305,2634,666392130,45,3316,1507,666392123,43,3456,2261,666392136,45,3452,195959,666392189,7361,13421,2026,666392203,65,3465,
2026-09-30,07:20:36.968,999,4266,666400582,84,3621,2612,666400558,7318,13511,2401,666400531,58,3421,2305,666400526,57,3412,2867,666400595,49,3570,3159,666400639,62,3552,197404,666400658,7337,13598,3247,666400788,62,3549,
2026-09-30,07:20:37.968,1000,904,667059594,53,3373,727,667059571,6913,13347,309,667059653,23,3224,578,667059634,22,3198,415,667059664,25,3390,453,667059793,32,3399,196049,667059817,6921,13383,631,667059828,37,3381,
2026-09-30,07:20:38.968,999,8282,666381796,82,3865,8130,666381909,7314,13812,7171,666381916,54,3720,7898,666381953,51,3685,8366,666381987,57,3904,7200,666381993,60,3849,200369,666381999,7311,13857,9995,666382000,77,3861,
2026-09-30,07:20:39.968,999,1839,666351396,77,3441,1278,666351325,7093,13381,1172,666351319,50,3288,1173,666351326,51,3305,1220,666351296,50,3462,807,666351232,47,3445,195310,666351247,7115,13426,1647,666351173,65,3447,
2026-09-30,07:20:40.967,999,2743,666352863,45,3433,1987,666352847,7231,13396,1186,666352819,61,3313,2865,666352801,49,3294,1230,666352800,55,3485,930,666352797,42,3442,193952,666352797,7236,13412,1855,666352788,46,3436,
2026-09-30,07:20:41.968,1000,555,667046138,27,3311,518,667046117,7349,13271,730,667046143,30,3216,275,667046133,23,3174,454,667046175,20,3339,409,667046329,28,3328,193740,667046349,7370,13332,821,667045498,32,3344,
2026-09-30,07:20:42.968,999,1674,666388682,55,3392,1339,666388722,7485,13341,2242,666388748,60,3281,1993,666388765,48,3272,2657,666388778,46,3416,1906,666388040,56,3419,195742,666388057,7478,13389,2198,666388030,54,3415,
2026-09-30,07:20:43.968,999,943,666378443,37,3362,1020,666378477,6978,13296,668,666378463,23,3218,233,666378478,18,3182,1047,666378523,20,3360,409,666378510,18,3349,198539,666378437,6962,13343,747,666378319,33,3362,
2026-09-30,07:20:44.968,1000,1605,667054186,76,3429,963,667054145,7510,13394,2073,667054223,75,3334,1497,667054244,69,3305,1241,667054264,77,3474,1502,667053429,67,3425,192931,667053480,7488,13439,2007,667053383,74,3427,
2026-09-30,07:20:45.968,999,2416,666393553,47,3438,2175,666393573,7236,13382,1124,666393596,29,3296,1166,666393602,24,3262,1068,666393603,28,3457,791,666392750,32,3443,195355,666392770,7240,13418,2445,666392757,29,3443,
2026-09-30,07:20:46.968,999,1254,666379391,26,3340,899,666379391,7330,13272,1170,666379417,22,3193,252,666379455,20,3196,402,666379518,28,3351,658,666378741,21,3334,193860,666378733,7344,13329,727,666378745,28,3340,
2026-09-30,07:20:47.967,999,2004,666353165,46,3400,1643,666353121,7301,13353,1625,666353173,28,3291,1496,666353163,30,3265,2092,666353168,29,3437,1328,666353188,28,3438,192567,666353190,7302,13402,1075,666353146,35,3407,
2026-09-30,07:20:48.968,1000,3161,667050340,43,3433,1848,667050298,7424,13396,2380,667050295,35,3321,1110,667050279,33,3313,1165,667050223,37,3442,1200,667049436,32,3453,191557,667049515,7446,13434,2237,667049480,39,3453,
2026-09-30,07:20:49.968,999,2078,666343819,36,3396,1232,666343834,7073,13321,1358,666343903,29,3284,911,666343920,25,3241,703,666343974,29,3434,1057,666343248,29,3423,193715,666343324,7095,13399,1328,666343259,31,3407,
2026-09-30,07:20:50.968,999,851,666358550,39,3320,499,666358528,7480,13271,403,666358508,33,3228,433,666358492,26,3217,518,666358486,28,3353,424,666358466,27,3332,192591,666358473,7499,13315,712,666358464,38,3320,
2026-09-30,07:20:51.968,1000,8525,667029249,48,3773,5935,667029244,7009,13698,8182,667029215,40,3640,6110,667029208,43,3606,7771,667029166,46,3779,6315,667029172,35,3766,204989,667028268,6997,13778,10071,667028297,48,3803,
2026-09-30,07:20:52.968,999,8247,666385645,38,3749,5740,666385689,6961,13660,6983,666385739,26,3593,6654,666385728,30,3612,6913,666385685,29,3796,5961,666385757,28,3772,205235,666385787,6922,13745,8449,666384666,38,3749,
2026-09-30,07:20:53.968,999,3931,666378147,37,3506,2877,666378058,7307,13424,2336,666378077,28,3361,2264,666378095,25,3352,3537,666378183,32,3540,2988,666377497,33,3502,195218,666377502,7304,13486,3884,666377435,44,3516,
2026-09-30,07:20:54.968,1000,2285,667054543,100,3597,3685,667054578,7011,13479,1966,667054535,81,3410,2500,667054547,94,3426,1703,667054434,79,3572,2972,667053467,77,3588,202620,667053487,7042,13613,2515,667053431,88,3553,
2026-09-30,07:20:55.969,1000,1525,667045068,37,3334,398,667045095,7253,13289,1170,667045072,30,3207,786,667045110,26,3196,529,667045105,31,3366,689,667044508,24,3344,194401,667044612,7284,13337,550,667044650,41,3335,
2026-09-30,07:20:56.969,999,7094,666380718,79,3693,7699,666380735,7025,13622,6908,666380715,73,3535,6310,666380726,69,3533,5234,666380698,75,3719,5810,666380707,70,3700,203139,666380715,7021,13676,7184,666380673,69,3677,
2026-09-30,07:20:57.969,999,1704,666444316,54,3398,2064,666444377,7768,13324,499,666444441,34,3238,1558,666444426,41,3270,1212,666444455,34,3391,1270,666444528,35,3362,188961,666444575,7790,13368,1566,666444535,50,3383,
2026-09-30,07:20:58.969,1000,1020,667021764,39,3352,606,667021676,6675,13284,288,667021638,25,3207,726,667021631,25,3208,613,667021654,32,3424,875,667021626,28,3417,202175,667021670,6671,13374,423,667021765,40,3371,
2026-09-30,07:20:59.969,999,757,666374410,45,3345,561,666374391,7195,13294,430,666374361,22,3188,1716,666374378,25,3197,852,666374400,33,3373,338,666374539,28,3353,197722,666374539,7196,13349,782,666374595,49,3369,
2026-09-30,07:21:00.969,999,1361,666390745,46,3361,926,666390734,7192,13306,582,666390793,21,3219,1531,666390835,19,3219,1101,666390832,25,3373,1275,666390961,25,3388,193789,666390929,7203,13372,862,666390927,38,3360,
2026-09-30,07:21:01.969,999,1099,666399719,37,3369,1013,666399717,7005,13322,508,666399677,15,3236,821,666399665,14,3215,700,666399641,15,3407,1412,666399609,12,3376,196981,666399657,6996,13395,1236,666399679,22,3368,
2026-09-30,07:21:02.969,1000,1755,667018323,43,3420,1208,667018278,6716,13377,1042,667018289,37,3291,1032,667018251,28,3274,1678,667018241,32,3477,1320,667018206,32,3480,204192,667018179,6725,13466,2072,667018126,44,3473,
2026-09-30,07:21:03.969,999,1464,666383618,41,3315,772,666383642,7660,13262,559,666383632,29,3218,936,666383627,24,3215,1769,666383621,23,3333,816,666383603,29,3332,189663,666383460,7674,13327,427,666382612,38,3322,
2026-09-30,07:21:04.969,999,5943,666396390,85,3593,3408,666396413,6951,13518,2780,666396439,59,3456,2292,666396432,64,3432,2688,666396473,54,3611,4143,666396483,51,3622,202703,666395692,6945,13617,3634,666395628,79,3652,
2026-09-30,07:21:05.970,1000,500,667047058,30,3312,756,667047154,7106,13269,606,667047145,20,3195,636,667047145,26,3194,563,667047092,18,3357,835,667047118,21,3350,195384,667047095,7099,13321,483,667046411,25,3328,
2026-09-30,07:21:06.969,999,1475,666378285,48,3404,1520,666378238,6286,13342,690,666378285,20,3223,706,666378291,21,3206,895,666378320,17,3456,1809,666377566,26,3454,205933,666377563,6305,13448,1289,666377510,36,3408,
2026-09-30,07:21:07.969,999,1122,666378373,54,3352,539,666378353,7735,13287,986,666378357,34,3259,1635,666378375,42,3245,1945,666378403,35,3382,510,666378432,41,3376,192275,666376994,7744,13371,1810,666376941,53,3379,
2026-09-30,07:21:08.969,999,4207,666404456,56,3606,2503,666404440,6533,13549,3889,666404472,37,3432,3142,666404469,45,3433,3504,666404474,51,3650,3658,666404591,46,3631,202715,666404559,6545,13610,3316,666404644,64,3626,
2026-09-30,07:21:09.970,1000,1767,667080226,35,3342,1013,667080200,7501,13291,985,667080093,17,3226,895,667080095,19,3219,509,667080050,18,3344,436,667080089,18,3344,191746,667080110,7524,13335,934,667080074,29,3345,
2026-09-30,07:21:10.969,999,3011,666375758,68,3529,2759,666375785,6763,13477,2480,666375841,36,3377,1655,666375871,39,3378,2200,666375897,38,3575,1819,666375082,41,3560,203473,666374988,6796,13535,1947,666375014,52,3512,
2026-09-30,07:21:11.969,999,1218,666402266,35,3352,953,666402281,7287,13292,484,666402273,11,3230,589,666402268,22,3205,1210,666402243,16,3376,273,666402214,14,3333,191395,666401395,7296,13334,1327,666401365,21,3337,
2026-09-30,07:21:12.969,999,985,666378185,30,3295,429,666378181,7316,13245,744,666378185,17,3201,1162,666378218,15,3185,416,666378235,18,3320,628,666378248,19,3328,192976,666378255,7343,13316,704,666378265,31,3310,
2026-09-30,07:21:13.969,1000,1761,666981376,43,3369,995,666981416,7149,13315,548,666981409,34,3226,518,666981416,37,3232,455,666981417,25,3406,573,666981421,26,3362,194365,666981495,7182,13387,642,666981484,38,3384,
2026-09-30,07:21:14.969,999,951,666355760,62,3361,757,666355742,7245,13310,567,666355770,55,3247,660,666355773,40,3226,1018,666355795,41,3386,651,666355795,39,3379,197464,666355905,7264,13345,1107,666355902,51,3366,
2026-09-30,07:21:15.969,999,994,666381266,22,3304,532,666381332,7112,13245,59,666381293,10,3166,233,666381290,18,3176,151,666381282,15,3321,754,666380561,17,3315,197795,666380507,7130,13295,383,666380554,24,3321,
2026-09-30,07:21:16.970,1000,1364,667049696,27,3350,769,667049675,6906,13305,309,667049749,20,3185,186,667049750,23,3195,230,667049736,24,3379,391,667049098,12,3358,197193,667049103,6912,13347,1052,667049047,16,3356,
2026-09-30,07:21:17.969,999,680,666388583,19,3320,320,666388552,6895,13277,272,666388562,13,3186,298,666388604,12,3182,274,666388652,14,3353,687,666388622,15,3356,196676,666387679,6899,13325,803,666387686,11,3323,
2026-09-30,07:21:18.969,999,1703,666377126,41,3352,805,666377167,7228,13311,1451,666377191,24,3224,1071,666377220,30,3216,577,666377201,23,3359,432,666376463,22,3352,192907,666376454,7249,13334,1295,666376378,36,3373,
2026-09-30,07:21:19.969,999,4715,666396061,36,3593,3418,666396039,6954,13490,3082,666396053,26,3406,2813,666396023,24,3409,3911,666395987,30,3610,3104,666395137,27,3573,201109,666395139,6932,13569,4217,666395206,40,3592,
2026-09-30,07:21:20.969,1000,1283,667007978,39,3375,625,667007914,6525,13298,361,667007934,23,3195,502,667007980,15,3195,291,667008033,29,3431,265,667008038,19,3400,200983,667007381,6514,13368,794,667007507,36,3385,
2026-09-30,07:21:21.969,999,1169,666377564,21,3322,149,666377513,6790,13248,134,666377479,15,3172,115,666377513,15,3166,137,666377556,15,3356,229,666376450,15,3360,197340,666376435,6812,13309,624,666376455,12,3320,
2026-09-30,07:21:22.969,999,801,666397536,41,3332,574,666397555,7436,13284,888,666397535,20,3227,595,666397524,19,3207,827,666397491,20,3344,552,666397514,18,3337,190340,666397584,7453,13329,1082,666397798,28,3340,
2026-09-30,07:21:23.970,1000,2504,667016283,44,3487,2565,667016268,7047,13413,3035,667016295,34,3346,3064,667016290,38,3346,2602,667016257,30,3514,3218,667016262,29,3489,199934,667016291,7069,13493,2933,667016296,48,3524,
2026-09-30,07:21:24.969,999,2003,666361148,66,3435,1196,666361121,7719,13342,2274,666361082,63,3301,1345,666361098,62,3320,1781,666361081,56,3424,1455,666361048,48,3397,193051,666361182,7720,13398,1437,666361184,67,3421,
2026-09-30,07:21:25.969,999,1014,666382922,28,3346,485,666382965,6904,13260,248,666383012,16,3193,703,666382980,16,3171,402,666383001,24,3375,623,666383011,17,3359,198877,666382247,6923,13359,976,666382189,26,3354,
2026-09-30,07:21:26.970,1000,2659,667048153,50,3449,2870,667048190,7007,13381,1707,667048211,30,3282,958,667048200,33,3290,1815,667048150,30,3476,1446,667048135,27,3452,198619,667046580,7006,13453,2067,667046630,47,3433,
2026-09-30,07:21:27.970,999,1092,666378255,35,3301,220,666378250,7277,13242,236,666378257,13,3169,315,666378217,16,3164,66,666378302,15,3311,233,666378334,17,3315,192469,666377705,7277,13300,518,666377798,18,3305,
2026-09-30,07:21:28.969,999,685,666385250,31,3293,329,666385270,7619,13228,239,666385252,17,3189,161,666385275,16,3171,220,666385298,16,3306,631,666384177,15,3300,190238,666384185,7631,13262,661,666384128,26,3289,
2026-09-30,07:21:29.969,999,1038,666380273,24,3321,315,666380355,7054,13264,137,666380367,12,3180,127,666380400,9,3157,103,666380390,10,3331,138,666380491,16,3326,195403,666380492,7055,13314,661,666380486,16,3321,
2026-09-30,07:21:30.970,1000,1136,667064666,37,3337,1183,667064661,7927,13294,678,667064674,41,3254,1697,667064685,45,3267,1949,667064688,44,3369,617,667063178,41,3337,186487,667063096,7968,13345,1529,667063114,50,3372,
2026-09-30,07:21:31.969,999,776,666373742,33,3299,123,666373717,7389,13230,490,666373727,10,3159,154,666373689,18,3171,199,666373612,20,3318,157,666373596,16,3302,193048,666371967,7405,13284,366,666372050,19,3298,
2026-09-30,07:21:32.969,999,368,666390645,20,3278,706,666390679,7130,13229,382,666390648,12,3167,50,666390688,6,3146,58,666390635,11,3316,209,666389314,5,3296,193123,666389304,7178,13290,801,666389381,14,3294,
2026-09-30,07:21:33.970,1000,278721,667069094,748,21822,266393,667069116,7817,31800,274265,667069135,690,21763,286213,667069140,698,21646,288310,667069136,714,21789,277608,667069146,719,21909,479848,667069132,7796,31951,285130,667069268,704,21867,
2026-09-30,07:21:34.970,999,25094,666398762,266,5407,28431,666398774,7276,15430,24702,666398796,282,5451,28190,666398828,249,5337,27229,666398845,269,5568,29263,666397820,265,5597,226432,666397796,7256,15406,28716,666397821,263,5495,
2026-09-30,07:21:35.969,999,15982,666354826,129,4679,17672,666354773,7625,14673,12368,666354737,126,4537,15678,666354699,120,4564,14608,666354703,115,4687,15351,666354610,112,4688,207514,666354607,7629,14675,18591,666354575,129,4690,
2026-09-30,07:21:36.969,999,34706,666390265,191,5402,33708,666390362,7656,15400,38658,666390359,157,5369,32081,666390365,194,5326,35759,666390373,189,5497,33585,666390258,165,5368,225294,666390270,7666,15443,35977,666389280,176,5448,
2026-09-30,07:21:37.970,1000,1994,667050565,65,3472,2013,667050533,7196,13432,1707,667050550,64,3386,1899,667050556,52,3361,2784,667050539,44,3529,1538,667050623,52,3506,197306,667049773,7191,13475,2486,667049664,65,3481,
2026-09-30,07:21:38.970,999,29629,666382173,104,5063,27279,666382149,7390,15046,27016,666382133,110,5055,28248,666382154,111,5048,27461,666382139,104,5207,27190,666382138,90,5180,217165,666381291,7393,15144,30394,666381188,106,5115,
2026-09-30,07:21:39.969,999,1995,666388622,96,3557,2010,666388594,6567,13506,1789,666388643,67,3405,1442,666388628,81,3390,2444,666388592,63,3622,2375,666387585,68,3610,203802,666387472,6555,13546,2336,666387468,83,3570,
2026-09-30,07:21:40.969,999,3061,666377244,78,3585,2301,666377283,7394,13494,1966,666377337,87,3467,2374,666377344,69,3417,1895,666377357,61,3565,2041,666377355,77,3562,191594,666376596,7434,13557,3505,666376588,71,3565,
2026-09-30,07:21:41.970,1000,4816,667053340,89,3722,5501,667053324,7188,13709,4382,667053332,87,3588,4639,667053354,88,3628,5207,667053373,89,3796,4714,667053376,96,3778,202969,667052482,7214,13731,4513,667052505,91,3760,
2026-09-30,07:21:42.970,999,127198,666380133,316,12114,118273,666380103,7706,21873,135420,666380154,286,11809,126617,666380187,299,11799,120939,666380232,325,11955,122498,666379486,298,12010,311866,666379545,7696,21971,127530,666379675,327,11912,
2026-09-30,07:21:43.969,999,9247,666383053,118,4029,7163,666383010,7213,13964,9733,666382992,96,3880,7146,666382987,94,3872,7485,666382935,89,4039,7446,666383003,89,4012,204996,666382127,7244,14054,7218,666382164,113,4068,
2026-09-30,07:21:44.970,1000,12519,667048077,199,4500,11083,667048078,7558,14434,14848,667048080,208,4423,12890,667048072,182,4306,11589,667048057,199,4503,13700,667048075,193,4435,205992,667047369,7551,14519,13060,667047307,213,4526,
2026-09-30,07:21:45.970,999,3299,666383768,79,3571,1494,666383793,6828,13493,1812,666383782,64,3379,1850,666383817,66,3366,1909,666383837,54,3539,1708,666383079,71,3580,200295,666383156,6840,13519,2333,666383061,70,3558,
2026-09-30,07:21:46.969,999,27411,666358191,133,5128,25397,666358153,7070,15156,25922,666358071,126,4906,21346,666358090,128,4904,22970,666358023,115,5031,25590,666358065,133,5125,225942,666357207,7091,15112,27321,666357176,118,5152,
2026-09-30,07:21:47.969,999,9412,666387722,107,4110,7804,666387721,6932,14032,9275,666387754,106,3968,9068,666387767,126,3961,9211,666387767,107,4125,10092,666387026,105,4176,205901,666386992,6935,14107,9405,666387007,104,4091,
2026-09-30,07:21:48.970,1000,4777,667046532,101,3693,4579,667046529,7134,13695,3007,667046497,108,3661,5326,667046505,91,3570,4524,667046466,94,3747,5841,667046484,105,3801,202890,667045687,7115,13749,6631,667045729,100,3741,
2026-09-30,07:21:49.970,999,2232,666379456,53,3478,1472,666379487,7312,13436,1498,666379551,49,3318,1578,666379546,54,3326,1749,666379504,47,3474,1455,666378634,45,3454,196502,666378650,7327,13503,1791,666378574,67,3495,
2026-09-30,07:21:50.969,999,2002,666384632,90,3517,1415,666384699,6710,13449,1632,666384720,60,3336,1910,666384733,60,3320,1561,666384823,75,3535,1783,666384135,61,3505,199770,666384117,6745,13501,1906,666384057,61,3500,
2026-09-30,07:21:51.970,1000,42728,667042849,164,6131,41725,667042858,7428,16128,39921,667042886,146,5989,38990,667042881,156,5969,37835,667042842,148,6112,40261,667042787,141,6124,238268,667042842,7413,16118,38844,667042844,191,6154,
2026-09-30,07:21:52.970,999,5238,666352063,75,3739,5275,666352054,7465,13642,3799,666352086,67,3540,3507,666352077,68,3593,3865,666352116,62,3723,4197,666352053,75,3727,198660,666352057,7446,13697,4991,666352107,76,3755,
2026-09-30,07:21:53.970,999,22459,666380720,163,4993,20934,666380719,7578,14927,20602,666380712,156,4845,20590,666380675,141,4869,20584,666380644,151,5044,20666,666380766,150,5012,215409,666379998,7602,15018,23120,666379973,151,5080,
2026-09-30,07:21:54.969,999,6569,666378493,184,3968,7682,666378518,7499,13909,6283,666378595,186,3868,7762,666378598,178,3866,8443,666378551,181,4043,6307,666377880,174,3984,199163,666377805,7493,13972,9471,666377743,177,3989,
2026-09-30,07:21:55.970,1000,3625,667037350,101,3586,3163,667037316,7192,13528,1719,667037271,82,3422,2890,667037299,76,3421,2254,667037289,86,3578,2307,667036265,72,3554,194941,667036333,7202,13574,3922,667036244,103,3615,
2026-09-30,07:21:56.970,999,3533,666385054,59,3551,2604,666385065,7108,13502,2150,666385008,47,3381,1711,666384946,39,3349,2320,666384942,44,3561,3272,666385030,48,3564,200827,666385030,7085,13518,3202,666385078,52,3553,
2026-09-30,07:21:57.969,999,2234,666375004,66,3415,1280,666375003,7447,13360,647,666375027,45,3250,612,666374983,46,3258,523,666374883,38,3389,823,666374826,46,3375,193916,666374809,7447,13391,1070,666374756,50,3377,
2026-09-30,07:21:58.970,1000,2554,667026885,54,3523,2420,667026882,6768,13464,1205,667026880,49,3366,2821,667026877,55,3370,2489,667026863,52,3596,2229,667026797,38,3532,204099,667026798,6754,13519,2265,667026818,50,3532,
2026-09-30,07:21:59.970,999,2245,666370985,72,3478,1596,666371025,7050,13422,1780,666371020,54,3341,1735,666371004,55,3330,2846,666371001,50,3499,1742,666371000,53,3509,202039,666371005,7043,13458,2689,666370145,64,3484,
2026-09-30,07:22:00.970,999,3229,666396734,67,3473,1831,666396769,6846,13395,1711,666396817,42,3316,1520,666396819,63,3313,1294,666396829,49,3499,1292,666396826,49,3461,194530,666396139,6891,13453,2570,666396147,62,3485,
2026-09-30,07:22:01.969,999,10993,666385517,119,3942,8855,666385490,7154,13896,7945,666385494,89,3770,9535,666385484,100,3812,9813,666385531,96,3975,9577,666385681,91,3917,207539,666385656,7156,13935,9221,666384787,95,3926,
2026-09-30,07:22:02.970,1000,580332,667077174,386,40358,578268,667077129,7565,50281,560122,667077165,381,39808,571107,667077179,352,39584,561261,667077207,358,39932,565747,667077275,358,40054,781487,667076592,7584,50665,588941,667076535,403,40369,
2026-09-30,07:22:03.970,999,32748,666396230,209,6463,32961,666396260,7593,16527,29989,666396222,182,6254,34013,666396207,192,6439,33777,666396207,177,6536,32711,666396217,202,6488,229791,666395460,7568,16538,37503,666395316,209,6560,
2026-09-30,07:22:04.970,999,74435,666375450,236,7873,72160,666375397,6948,17758,72499,666375433,232,7786,72297,666375411,223,7785,76621,666375447,237,7954,74280,666375445,221,7928,270784,666375404,6971,17946,68838,666375363,248,7937,
2026-09-30,07:22:05.970,1000,7585,667022887,128,4029,7316,667022876,7395,13977,7547,667022857,106,3894,6463,667022833,107,3895,7804,667022805,98,4013,7047,667022792,107,4016,197572,667022030,7440,14020,7453,667022068,104,4042,
2026-09-30,07:22:06.971,1000,17200,667031524,127,4762,15959,667031555,7048,14659,14064,667031584,109,4539,15251,667031595,109,4511,18857,667031615,109,4719,14575,667031710,117,4750,213255,667031688,7075,14780,17556,667031632,123,4718,
2026-09-30,07:22:07.971,999,3951,666392217,108,3713,3582,666392160,7096,13680,2800,666392098,73,3529,3124,666392109,96,3519,2908,666392087,84,3686,3802,666392047,93,3715,202214,666391281,7103,13707,4019,666391176,105,3712,
2026-09-30,07:22:08.970,999,24150,666380582,126,4501,21018,666380660,7440,14480,19241,666380626,92,4356,20498,666380615,104,4400,23671,666380527,97,4522,19499,666380436,96,4521,215037,666380438,7452,14549,23341,666380355,110,4598,
2026-09-30,07:22:09.971,1000,7394,667039353,87,3872,6240,667039356,7202,13845,7656,667039323,66,3742,7031,667039326,78,3726,5697,667039351,73,3880,7264,667038762,75,3894,198753,667038764,7185,13900,6294,667038658,84,3922,
2026-09-30,07:22:10.971,999,2965,666389119,84,3547,3098,666389122,7500,13535,2086,666389085,70,3466,2459,666389088,71,3435,3239,666389103,84,3592,2972,666389145,81,3606,193945,666389247,7510,13541,2810,666389250,88,3558,
2026-09-30,07:22:11.971,999,3526,666390280,68,3585,2796,666390223,6358,13545,2886,666390292,74,3446,1713,666390269,73,3398,1760,666390255,79,3673,2265,666389449,73,3633,206389,666389455,6374,13619,2378,666389554,90,3629,
2026-09-30,07:22:12.971,1000,1350,667049657,61,3463,1666,667049711,7059,13401,745,667049752,48,3300,1452,667049760,45,3308,2259,667049807,53,3491,850,667049856,44,3489,199456,667049181,7054,13483,1882,667048965,61,3475,
2026-09-30,07:22:13.972,1000,1137,667044522,48,3376,379,667044528,6668,13344,674,667044525,36,3235,323,667044570,38,3240,789,667044608,35,3444,269,667044679,31,3414,203498,667044709,6667,13413,883,667043789,38,3389,
2026-09-30,07:22:14.972,999,5697,666356813,206,4092,7034,666356726,7478,14005,9512,666356717,194,3932,7629,666356739,173,3959,7329,666356737,206,4157,7953,666356691,192,4067,201893,666356686,7472,14051,7442,666356651,207,4093,
2026-09-30,07:22:15.972,999,3810,666371179,93,3676,2703,666371215,6381,13582,2262,666371213,63,3489,1876,666371225,60,3436,3451,666371266,77,3736,2042,666371357,66,3669,205081,666370752,6404,13709,2912,666370630,79,3695,
2026-09-30,07:22:16.972,1000,1475,667033681,60,3461,1788,667033653,7154,13391,1297,667033667,55,3305,1514,667033625,41,3288,922,667033630,50,3439,1265,667033656,47,3449,195947,667033617,7135,13454,1016,667032765,50,3447,
2026-09-30,07:22:17.972,999,3911,666368228,65,3569,3424,666368217,6926,13526,3822,666368196,50,3417,2692,666368234,56,3439,3090,666368200,50,3622,2247,666368094,52,3598,200277,666368202,6943,13566,2638,666368174,49,3565,
2026-09-30,07:22:18.972,999,983,666382460,49,3376,669,666382552,6571,13310,324,666382524,34,3222,628,666382527,40,3237,666,666382552,34,3434,590,666381859,31,3426,202510,666381855,6567,13386,1999,666381864,47,3409,
2026-09-30,07:22:19.972,1000,2420,667049898,56,3490,1296,667049943,6929,13409,2448,667049922,63,3408,1072,667049939,64,3381,1898,667049929,65,3553,1638,667049001,55,3536,197739,667049059,6944,13530,2217,667049008,59,3514,
2026-09-30,07:22:20.972,999,4267,666362402,92,3648,3761,666362339,7095,13565,3737,666362392,75,3514,2789,666362387,82,3501,2370,666362405,69,3660,2215,666362405,78,3621,198786,666362398,7126,13622,4419,666362344,76,3626,
2026-09-30,07:22:21.972,999,682,666378080,37,3359,581,666378099,6820,13292,1034,666378096,35,3225,411,666378068,31,3217,655,666378054,29,3417,447,666378131,36,3420,196731,666378221,6821,13371,575,666378281,34,3368,
2026-09-30,07:22:22.972,999,9964,666382945,117,3906,10264,666382958,7534,13843,12661,666382945,105,3783,10091,666382949,108,3832,10730,666382961,99,3936,8937,666382911,109,3953,207630,666382909,7485,13892,8688,666381929,125,3900,
2026-09-30,07:22:23.972,1000,9352,667049862,69,3703,6178,667049939,6714,13671,5378,667049951,49,3554,5029,667049931,53,3536,6237,667049942,53,3756,4799,667049084,58,3747,209243,667049120,6749,13707,5091,667049136,70,3706,
2026-09-30,07:22:24.972,999,1743,666380037,105,3543,1636,666380097,6862,13445,2362,666380159,105,3430,2210,666380166,96,3407,1788,666380187,93,3597,1069,666380220,89,3541,198781,666379276,6863,13502,2458,666379219,99,3545,
2026-09-30,07:22:25.972,999,3083,666373975,57,3542,2049,666373996,6954,13478,3235,666373968,42,3373,2008,666373995,51,3373,2047,666374019,51,3558,1806,666373155,48,3555,201111,666373128,6975,13526,2283,666373129,61,3531,
2026-09-30,07:22:26.973,1000,2045,667022842,54,3408,1658,667022791,7350,13349,573,667022727,50,3256,1083,667022708,53,3268,987,667022725,55,3446,1095,667022681,46,3400,192007,667022664,7347,13395,969,667022605,60,3415,
2026-09-30,07:22:27.972,999,1428,666356624,59,3423,1010,666356672,7138,13381,1200,666356664,43,3313,1302,666356653,45,3296,1211,666356558,50,3462,1055,666356449,45,3452,199648,666356466,7110,13450,1068,666356452,59,3422,
2026-09-30,07:22:28.972,999,566,666362936,36,3337,312,666362905,7094,13276,636,666362833,26,3187,225,666362821,23,3199,300,666362860,30,3362,180,666362841,25,3342,196861,666362850,7115,13327,641,666361914,33,3351,
2026-09-30,07:22:29.973,1000,1117,667046751,47,3377,495,667046755,6286,13333,818,667046771,29,3240,856,667046828,21,3206,746,667046868,32,3455,571,667045832,33,3432,206209,667045858,6302,13426,1169,667045769,40,3421,
2026-09-30,07:22:30.973,1000,912,667050450,34,3367,900,667050501,6377,13330,623,667050583,31,3242,876,667050578,30,3226,465,667050637,33,3462,797,667049789,21,3431,204566,667049866,6394,13402,973,667049894,25,3393,
2026-09-30,07:22:31.973,999,1770,666378312,50,3407,1002,666378279,6915,13368,1479,666378269,36,3279,861,666378271,33,3271,1669,666378256,32,3438,1223,666377616,35,3428,197081,666377610,6936,13397,1376,666377508,39,3423,
2026-09-30,07:22:32.973,999,1115,666377925,36,3358,1819,666377988,6732,13315,829,666378021,31,3216,579,666378037,29,3217,725,666378033,37,3414,451,666377951,34,3419,198856,666377890,6763,13371,649,666377831,34,3388,
2026-09-30,07:22:33.974,1000,575,667046885,42,3316,231,667046885,6857,13290,235,667046940,21,3206,433,667046960,21,3194,736,667046947,24,3393,762,667046945,19,3375,198673,667046272,6869,13353,477,667046261,34,3348,
2026-09-30,07:22:34.973,999,2203,666387925,75,3518,2184,666387938,6801,13450,1333,666387944,65,3354,2242,666387979,72,3389,2258,666388005,75,3540,2595,666388049,65,3549,203420,666387179,6793,13500,1373,666387060,68,3500,
2026-09-30,07:22:35.973,999,1041,666414366,43,3372,764,666412706,7164,13325,1109,666412684,29,3247,529,666412678,36,3250,898,666412663,40,3427,542,666412641,32,3389,195758,666412659,7184,13347,1416,666411809,39,3391,
2026-09-30,07:22:36.973,999,1240,666377699,44,3408,859,666377721,6974,13321,1254,666377766,31,3243,658,666377786,25,3224,733,666377737,37,3426,421,666376922,28,3386,200388,666376930,6991,13379,1204,666376937,33,3393,
2026-09-30,07:22:37.973,1000,1896,667023528,51,3440,1296,667023572,7299,13359,724,667023576,40,3284,2098,667023581,40,3301,1427,667023573,37,3428,1370,667023583,42,3434,195804,667023573,7283,13409,1129,667023545,48,3399,
2026-09-30,07:22:38.973,999,6697,666382874,72,3768,5737,666382891,7103,13715,5369,666382884,43,3603,5864,666382915,60,3615,5116,666382878,49,3819,6530,666382920,41,3793,200080,666383000,7118,13768,5276,666383018,66,3802,
2026-09-30,07:22:39.973,999,906,666390495,42,3330,374,666390541,7174,13280,575,666390482,26,3223,592,666390483,28,3225,446,666390462,28,3379,860,666390425,21,3370,194072,666389448,7195,13351,717,666389451,44,3358,
2026-09-30,07:22:40.974,1000,545,667042713,38,3330,323,667042722,7208,13276,825,667042766,24,3222,371,667042796,29,3215,258,667042812,23,3368,579,667041663,22,3357,197384,667041627,7199,13352,677,667041567,26,3327,
2026-09-30,07:22:41.973,999,648,666375073,32,3342,716,666375114,7010,13286,900,666375132,24,3222,817,666375155,19,3206,451,666375168,22,3406,1017,666375126,21,3375,197374,666375117,7027,13342,423,666374382,26,3344,
2026-09-30,07:22:42.973,999,1419,666374126,35,3370,860,666374180,6904,13317,610,666374180,30,3222,530,666374206,27,3233,1121,666374109,27,3402,653,666374023,20,3379,200747,666374028,6913,13381,1715,666374008,41,3396,
2026-09-30,07:22:43.973,999,13325,666380287,31,3980,11199,666380330,6605,13899,12000,666380327,35,3832,15565,666380302,31,3838,12680,666380296,32,4072,14486,666379323,27,4002,219207,666379273,6584,14017,12635,666379283,39,4038,
2026-09-30,07:22:44.974,1000,17326,667053047,105,4238,14366,667053040,7247,14161,17314,667053008,87,4097,16145,667053029,79,4104,19361,667053015,85,4218,16866,667052130,84,4164,211785,667052157,7257,14219,17005,667052038,93,4261,
2026-09-30,07:22:45.973,999,1094,666396148,40,3354,647,666395239,6661,13289,254,666395230,17,3192,375,666395222,32,3202,238,666395193,17,3389,435,666395176,22,3382,202156,666395232,6683,13360,704,666394333,29,3361,
2026-09-30,07:22:46.973,999,2564,666355747,47,3508,2555,666355744,7284,13425,1868,666355709,36,3360,3187,666355687,41,3353,3268,666355629,37,3534,2467,666355676,49,3514,200350,666355671,7279,13516,3059,666355650,57,3513,
2026-09-30,07:22:47.974,1000,1295,667056004,40,3458,1155,667056004,7092,13404,1216,667055973,35,3348,2126,667055964,31,3332,2964,667055964,33,3520,1340,667056050,39,3496,201290,667055335,7075,13484,2416,667055342,45,3530,
2026-09-30,07:22:48.973,999,959,666356168,29,3402,938,666356156,6473,13360,676,666356094,26,3231,1276,666356111,27,3228,1480,666356106,23,3456,990,666356138,28,3459,203008,666356142,6486,13412,852,666356166,31,3432,
2026-09-30,07:22:49.973,999,1041,666360519,30,3392,855,666360538,6296,13346,351,666360464,17,3211,691,666360500,14,3200,279,666360570,15,3420,325,666360557,11,3415,204757,666360578,6302,13393,802,666360585,30,3395,
2026-09-30,07:22:50.973,999,1462,666380099,35,3375,650,666380095,6759,13307,487,666380092,24,3213,616,666380121,24,3198,455,666380094,29,3407,358,666380034,24,3385,198814,666380108,6760,13348,1041,666380145,33,3389,
2026-09-30,07:22:51.974,1000,980,667042699,44,3378,991,667042635,6734,13338,847,667042648,30,3248,635,667042634,26,3226,1060,667042664,32,3422,1351,667041844,27,3406,200917,667041903,6724,13419,949,667041945,41,3413,
2026-09-30,07:22:52.973,999,1808,666388992,39,3366,1768,666388981,7318,13320,561,666388999,24,3212,691,666388975,24,3229,341,666388916,21,3383,779,666388889,32,3382,194956,666388108,7293,13381,792,666388236,48,3385,
2026-09-30,07:22:53.973,999,4363,666366463,46,3574,3284,666366482,6850,13539,4764,666366399,35,3444,3459,666366370,43,3430,2788,666366316,43,3610,3275,666366326,32,3627,202844,666366339,6852,13591,4409,666366338,49,3609,
2026-09-30,07:22:54.974,1000,1629,667061179,76,3452,1450,667061237,6928,13389,1553,667061313,77,3330,1164,667061313,46,3279,1278,667061330,59,3472,847,667060417,51,3443,199356,667060472,6947,13425,1298,667060573,63,3441,
2026-09-30,07:22:55.974,999,50592,666376235,108,6503,47605,666376237,7592,16404,42994,666376211,91,6312,44953,666376185,98,6347,46054,666376180,91,6414,44815,666376253,88,6372,240673,666375674,7568,16543,47633,666375720,90,6497,
2026-09-30,07:22:56.973,999,4818,666348324,68,3691,3684,666348254,6835,13576,4475,666348206,51,3499,4135,666348213,70,3487,3191,666348197,64,3717,2257,666348134,52,3661,205398,666348137,6833,13685,3504,666348106,67,3693,
2026-09-30,07:22:57.974,1000,1426,667053631,33,3355,1175,667053637,6677,13281,238,667053605,23,3212,209,667053587,15,3181,242,667053565,18,3395,561,667052745,12,3371,202399,667052807,6714,13378,556,667052860,27,3369,
2026-09-30,07:22:58.975,1000,3795,667048588,67,3625,2019,667048602,6846,13532,3962,667048590,64,3495,2822,667048547,54,3457,3595,667048531,51,3629,3527,667047820,63,3632,205384,667047921,6849,13677,3876,667047933,65,3626,
2026-09-30,07:22:59.974,999,7202793,666386383,6765,235120,6399981,666386382,13784,245576,6677238,666386389,6747,234791,6723096,666386441,6767,235932,6761780,666386505,6722,235420,6872392,666386591,6657,235992,6949226,666386601,13682,245392,6896296,666386621,6752,236300,
2026-09-30,07:23:00.974,999,49280,666354033,238,6643,46552,666354092,7324,16572,51813,666354108,243,6542,51992,666354150,251,6609,54991,666354158,240,6758,51624,666354130,249,6703,244643,666353503,7314,16672,49756,666353447,235,6702,
2026-09-30,07:23:01.975,1000,8369,667001590,123,4085,5338,667001520,6551,13972,6290,667001518,101,3828,5066,667001512,104,3841,5620,667001467,100,4044,7068,667001512,106,4040,210748,667001557,6557,14072,8959,667000679,104,4067,
2026-09-30,07:23:02.975,999,17728,666350464,284,4685,14847,666350464,6662,14583,15042,666350474,245,4470,15717,666350464,236,4559,12525,666350475,226,4737,17079,666350492,247,4757,217372,666349650,6700,14771,15564,666349714,262,4744,
2026-09-30,07:23:03.974,999,4955,666343272,116,3698,3216,666343347,7220,13600,2524,666343425,90,3518,3408,666343478,90,3538,2739,666343478,94,3683,2873,666343500,102,3686,197716,666342750,7219,13676,4249,666342878,108,3678,
2026-09-30,07:23:04.975,1000,53402,667016860,335,6702,46825,667016925,7040,16607,55951,667017022,315,6756,44388,667016998,336,6621,52993,667016985,307,6810,50608,667017083,321,6836,244554,667017083,7060,16677,49588,667017122,323,6821,
2026-09-30,07:23:05.975,999,5476,666351619,143,3842,5607,666351611,6953,13798,4564,666351655,122,3756,5241,666351697,104,3740,5084,666351684,113,3946,4873,666351749,118,3955,201684,666351884,6982,13877,6035,666351977,115,3834,
2026-09-30,07:23:06.974,999,34656,666379607,146,5632,33198,666379636,7309,15465,34476,666379606,128,5490,32274,666379581,130,5499,34591,666379600,145,5672,33046,666379596,126,5625,226427,666379683,7342,15580,30612,666379771,149,5648,
2026-09-30,07:23:07.975,1000,3363,667022697,88,3559,1603,667022656,6923,13520,1472,667022672,83,3398,1690,667022667,72,3400,1388,667022665,71,3548,2002,667022615,59,3541,199400,667022615,6906,13569,1592,667021797,85,3551,
2026-09-30,07:23:08.975,999,23134,666359418,117,4471,21200,666359421,7686,14423,21643,666359397,100,4396,23749,666359385,109,4394,22772,666359397,107,4467,20660,666359418,108,4518,214658,666359421,7634,14486,22219,666359371,125,4528,
2026-09-30,07:23:09.974,999,5520,666380273,95,3771,4441,666380286,7110,13703,4813,666380273,77,3630,3942,666380324,82,3637,4671,666380373,67,3798,5380,666380369,76,3780,200791,666379559,7145,13794,4353,666379516,92,3793,
2026-09-30,07:23:10.974,999,4064,666368713,102,3692,3860,666368656,7316,13620,2975,666368658,82,3565,4455,666368640,81,3545,4510,666368625,71,3721,3947,666368563,79,3703,198331,666368577,7353,13713,4422,666368553,84,3695,
2026-09-30,07:23:11.975,1000,1815,667050615,78,3452,1727,667050675,7236,13421,850,667050656,58,3309,1475,667050637,50,3288,2083,667050617,60,3499,1122,667050555,60,3479,196750,667049586,7240,13483,1763,667049591,80,3454,
2026-09-30,07:23:12.975,999,15816,666381882,72,4033,12023,666381815,7142,13988,13555,666381813,67,3937,14371,666381801,61,3888,13905,666381757,62,4027,14042,666381711,63,4080,212625,666381694,7149,14063,12629,666381663,72,4018,
2026-09-30,07:23:13.974,999,15691,666388080,64,4034,15934,666388062,6576,13978,12043,666388115,60,3892,14618,666388126,55,3863,13721,666388115,59,4108,16419,666388170,52,4114,219083,666388231,6618,14049,11395,666387324,71,4059,
2026-09-30,07:23:14.975,1000,7258,667052913,198,3973,5829,667052893,7402,13876,7632,667052855,186,3876,8000,667052864,197,3844,8980,667052893,185,4009,7305,667053031,186,3964,202842,667052167,7407,13910,7474,667052122,198,3920,
2026-09-30,07:23:15.975,999,3815,666386253,126,3605,4158,666386328,7694,13531,4057,666386326,106,3497,2819,666386291,114,3507,2013,666385766,98,3574,2448,666385656,109,3618,191815,666385553,7718,13544,5524,666385594,111,3597,
2026-09-30,07:23:16.975,999,2042,666380815,68,3514,2830,666380832,6796,13457,2319,666380845,43,3357,3065,666380800,51,3358,2621,666380756,53,3568,2036,666380746,50,3533,204609,666380727,6785,13519,3036,666380584,61,3546,
2026-09-30,07:23:17.974,999,2954,666381917,50,3489,2216,666381868,7198,13395,1673,666381894,42,3328,2045,666381889,43,3350,1326,666381855,33,3473,1538,666381227,35,3475,196381,666381267,7199,13469,2007,666381340,55,3470,
2026-09-30,07:23:18.975,1000,2078,667051599,58,3447,1113,667051610,7292,13360,1282,667051615,41,3301,1545,667051628,49,3308,1732,667051658,36,3460,1215,667050415,43,3455,194688,667050482,7284,13411,2498,667050445,50,3422,
2026-09-30,07:23:19.975,999,1616,666379795,61,3418,950,666379710,7065,13345,964,666379755,50,3279,1262,666379736,40,3283,1129,666379817,42,3451,2177,666379875,52,3458,198189,666379917,7043,13416,1985,666379953,52,3423,
2026-09-30,07:23:20.975,999,4053,666405296,63,3643,4259,666405265,7215,13571,4899,666405291,48,3509,5029,666405283,38,3477,5330,666405296,43,3708,3963,666404697,48,3670,200681,666404697,7189,13658,4995,666404633,62,3652,
2026-09-30,07:23:21.975,1000,205982,667054608,368,15265,174393,667054564,7847,25096,190038,667054583,374,15082,180019,667054583,393,14934,185749,667054625,395,14809,188293,667054582,379,15056,377058,667054634,7840,24876,188566,667053811,403,15124,
2026-09-30,07:23:22.976,1000,10366,667045398,144,4019,8434,667045455,7098,13973,7128,667045530,137,3887,5824,667045541,122,3813,7657,667045571,127,4086,8248,667045606,137,4058,207643,667045643,7138,14041,8109,667045682,150,4049,
2026-09-30,07:23:23.976,999,17031,666397990,109,4217,11965,666398013,6919,14144,12694,666398095,88,4058,12092,666398124,90,4047,14357,666398162,108,4263,13158,666398196,92,4228,212087,666398285,6970,14196,13220,666398427,100,4223,
2026-09-30,07:23:24.975,999,60637,666391196,319,7338,56071,666391184,7485,17281,53547,666391215,319,7220,59312,666391217,313,7228,58236,666391276,327,7378,57334,666391315,292,7288,252959,666391338,7458,17138,61200,666391337,287,7275,
2026-09-30,07:23:25.976,1000,3730,667046069,98,3628,3079,667046096,6519,13542,2732,667046091,65,3448,2807,667046089,65,3441,3085,667046138,60,3644,3340,667046128,69,3649,204783,667046194,6547,13646,2295,667046248,82,3654,
2026-09-30,07:23:26.976,999,18046,666391987,176,4815,16533,666392052,7835,14678,14794,666392059,162,4651,15289,666392084,182,4596,14033,666392139,175,4719,16127,666392183,163,4693,209605,666392205,7838,14788,17231,666392284,185,4774,
2026-09-30,07:23:27.976,999,9017,666402740,119,3955,8940,666402758,7734,13902,7934,666402746,100,3857,7436,666402791,100,3815,7453,666402791,106,3993,7842,666402886,106,3922,198073,666402847,7720,13931,8371,666402929,108,3956,
2026-09-30,07:23:28.975,999,2975,666386072,66,3429,1119,666386030,7282,13386,1559,666386103,54,3315,1815,666386161,70,3329,1026,666386141,58,3458,1005,666386250,57,3458,195958,666386385,7296,13427,1639,666386520,68,3444,
2026-09-30,07:23:29.976,1000,4429,667062550,74,3626,3042,667062496,7159,13582,4596,667062512,66,3507,3312,667062495,68,3470,3884,667062520,58,3586,3125,667062558,58,3585,196870,667062637,7177,13616,3409,667062705,77,3581,
2026-09-30,07:23:30.976,999,3402,666392410,77,3636,3684,666392503,6909,13562,3112,666392526,72,3476,2489,666392540,62,3449,3531,666392614,56,3638,5339,666392668,59,3605,203215,666392668,6911,13625,3837,666392704,74,3622,
2026-09-30,07:23:31.976,999,28390,666402873,70,4631,31599,666402822,7078,14549,30912,666402814,59,4496,29051,666402785,58,4465,29813,666402708,56,4673,31140,666402751,76,4620,227067,666402669,7089,14657,27284,666402643,58,4648,
2026-09-30,07:23:32.975,999,3384,666377852,92,3651,3863,666377819,7472,13645,3760,666377858,107,3607,4780,666377893,88,3547,5640,666377898,82,3702,3845,666378000,90,3678,195374,666377929,7485,13617,5951,666377813,86,3689,
2026-09-30,07:23:33.976,1000,1754,667024725,51,3454,1624,667024701,6596,13416,883,667024630,48,3308,1214,667024656,43,3347,1138,667024657,51,3544,1477,667024653,42,3510,201173,667024648,6576,13473,1754,667024684,58,3494,
2026-09-30,07:23:34.976,999,4408,666396576,118,3696,3880,666396562,7030,13664,3821,666396479,132,3542,3922,666396512,135,3523,2964,666396484,121,3691,3687,666396505,133,3718,202614,666395772,7017,13733,3928,666395782,130,3703,
2026-09-30,07:23:35.976,999,5238,666372218,66,3708,5235,666372238,6453,13670,3999,666372255,62,3544,5343,666372281,55,3558,4770,666372292,60,3744,4565,666371625,48,3750,211290,666371682,6430,13724,4703,666371763,58,3718,
2026-09-30,07:23:36.976,1000,2154,667051393,76,3507,1666,667051431,6894,13450,1747,667051468,46,3349,1477,667051477,48,3333,2794,667051478,51,3555,1503,667051480,51,3531,196919,667051413,6911,13516,2512,667051367,61,3506,
2026-09-30,07:23:37.976,999,1923,666377184,41,3413,1000,666377183,6622,13359,2158,666377221,27,3273,950,666377246,42,3266,842,666377274,34,3446,685,666377306,33,3442,203649,666376587,6629,13440,1527,666376546,40,3434,
2026-09-30,07:23:38.976,999,16199,666390386,104,4192,13363,666390439,6904,14142,12936,666390430,95,4035,12504,666390420,90,4064,15779,666390397,103,4250,15216,666389577,109,4230,210893,666389583,6923,14232,13041,666389440,109,4238,
2026-09-30,07:23:39.976,999,1982,666372202,52,3402,1699,666372152,7019,13348,911,666372144,39,3265,1390,666372162,36,3269,1400,666372168,36,3436,834,666371061,33,3425,198473,666371043,7034,13393,1575,666371077,56,3451,
2026-09-30,07:23:40.976,1000,1844,667053403,80,3457,1625,667053457,7619,13414,2087,667053505,50,3345,1204,667053490,55,3344,1761,667053482,55,3485,2240,667053514,71,3506,194969,667053461,7620,13438,2891,667053477,72,3456,
2026-09-30,07:23:41.976,999,749,666387888,37,3325,332,666387939,6753,13283,466,666388009,23,3197,671,666388048,10,3162,270,666388100,17,3362,492,666388246,21,3361,198589,666387229,6762,13342,748,666387280,35,3358,
2026-09-30,07:23:42.976,999,753,666378126,36,3334,502,666378125,6746,13283,88,666378137,18,3177,365,666378121,17,3167,345,666378110,20,3377,198,666377408,20,3370,200806,666377434,6748,13320,484,666377449,34,3349,
2026-09-30,07:23:43.976,1000,1550,667050759,52,3435,837,667050767,6713,13369,652,667050813,29,3261,1259,667050808,26,3281,1960,667050884,24,3474,761,667050883,21,3462,201451,667050827,6721,13423,1709,667049993,45,3430,
2026-09-30,07:23:44.976,999,2336,666380356,99,3540,3005,666380376,6688,13486,2254,666380409,103,3400,1774,666380423,102,3390,2606,666380443,91,3603,2080,666379780,90,3555,204658,666379875,6693,13546,2264,666379834,106,3555,
2026-09-30,07:23:45.976,999,940,666387665,30,3367,1407,666387668,6768,13316,572,666387656,29,3228,394,666387680,27,3205,407,666387610,27,3423,455,666387652,26,3403,202597,666386789,6757,13368,980,666386772,31,3358,
2026-09-30,07:23:46.976,999,2014,666354499,33,3393,875,666354500,6747,13347,671,666354506,33,3252,1002,666354495,29,3244,757,666354544,34,3427,1197,666354589,23,3409,198785,666354658,6751,13390,1173,666354683,41,3404,
2026-09-30,07:23:47.976,1000,1477,667047857,34,3447,1479,667047945,6023,13395,1305,667047885,32,3266,869,667047855,29,3259,1375,667047843,28,3505,1346,667047912,27,3496,212172,667047950,6046,13488,1714,667047837,30,3464,
2026-09-30,07:23:48.976,999,1004,666381746,31,3328,339,666380199,6650,13267,385,666380172,18,3176,147,666380178,17,3166,193,666380151,12,3366,152,666380164,11,3340,199806,666380210,6655,13335,310,666380121,22,3348,
2026-09-30,07:23:49.976,999,3539,666385213,34,3492,1691,666385247,6713,13405,1110,666385294,23,3267,1512,666385288,23,3270,1105,666385304,36,3460,1369,666384591,30,3471,198983,666384537,6745,13444,2863,666384545,36,3488,
2026-09-30,07:23:50.977,1000,14865,667047497,50,4010,13500,667047502,6776,13936,14737,667047573,42,3890,15237,667047615,42,3867,14789,667047620,37,4022,12766,667046956,43,4037,209504,667046897,6782,14035,17661,667046928,53,3992,
2026-09-30,07:23:51.976,999,17723,666384068,48,4071,14278,666384138,6843,14053,17036,666384171,37,3925,15971,666384172,48,3959,15487,666384171,31,4125,14737,666383433,43,4103,216791,666383347,6835,14097,19527,666383359,47,4089,
2026-09-30,07:23:52.976,999,439,666353745,22,3310,148,666353718,6941,13264,653,666353717,33,3193,441,666353697,29,3187,328,666353697,13,3338,569,666353623,18,3354,195525,666353657,6954,13309,363,666353727,21,3328,
2026-09-30,07:23:53.976,999,5426,666358913,29,3581,3615,666358926,6546,13503,3585,666358951,29,3415,2832,666358925,26,3401,4321,666359001,27,3604,3026,666359043,31,3613,205087,666358413,6576,13598,3848,666358269,39,3597,
2026-09-30,07:23:54.976,1000,2860,667042943,112,3557,2260,667042944,7201,13484,2091,667042957,80,3429,1668,667043014,96,3427,1763,667042999,88,3550,2012,667042347,99,3577,199774,667042378,7208,13561,2823,667042260,97,3558,
2026-09-30,07:23:55.976,999,8105,666354918,102,3901,7732,666354896,6931,13808,6614,666354832,91,3674,5844,666354812,91,3734,6395,666354812,92,3859,4990,666354805,91,3869,208784,666354828,6912,13891,10185,666354950,87,3908,
2026-09-30,07:23:56.976,999,1121,666374416,32,3371,1253,666374346,7146,13296,778,666374384,27,3221,994,666374392,28,3227,690,666374409,29,3390,468,666374424,31,3387,197438,666373643,7140,13373,832,666373645,38,3373,
2026-09-30,07:23:57.977,1000,853,667053536,44,3414,614,667053481,6406,13369,524,667053491,26,3249,1381,667053470,31,3249,587,667053488,18,3465,1237,667052660,28,3451,203052,667052666,6406,13427,1602,667052612,31,3441,
2026-09-30,07:23:58.976,999,1525,666374423,38,3387,613,666374471,6556,13338,660,666374534,26,3226,1219,666374558,18,3203,1230,666374544,16,3405,1850,666373811,24,3409,201527,666373733,6541,13397,850,666373683,28,3390,
2026-09-30,07:23:59.976,999,1151,666379206,36,3410,723,666379213,6786,13334,1385,666379178,33,3281,1390,666379181,33,3288,1736,666379180,28,3473,1687,666379239,33,3456,201726,666377690,6813,13458,1860,666377753,37,3428,
2026-09-30,07:24:00.977,1000,856,667026412,44,3384,755,667026419,7210,13358,625,667026379,42,3254,1103,667026330,37,3234,495,667026305,29,3398,528,667026350,32,3380,193780,667025639,7211,13378,868,667025642,38,3376,
2026-09-30,07:24:01.977,1000,2835,667039237,49,3448,1024,667039205,6739,13345,2527,667039263,21,3254,1412,667039242,16,3262,1473,667039200,26,3468,1460,667038386,21,3438,201598,667038487,6759,13454,1853,667038545,32,3445,
2026-09-30,07:24:02.977,999,771,666358221,39,3316,758,666358274,7419,13275,660,666358247,32,3249,673,666358225,33,3249,654,666358205,28,3388,1589,666358225,27,3386,192428,666358198,7447,13336,904,666358198,44,3350,
2026-09-30,07:24:03.977,999,29662,666381535,46,4552,27850,666381544,6303,14505,24226,666381454,33,4354,28031,666381453,34,4357,25975,666381514,34,4642,33193,666381498,34,4590,236762,666380601,6318,14576,28611,666380641,37,4557,
2026-09-30,07:24:04.978,1000,3641,667063256,100,3708,4058,667063280,7505,13676,4988,667063264,98,3636,3822,667063257,90,3597,4987,667063216,85,3706,6258,667063149,94,3747,197522,667063117,7556,13728,4672,667063016,105,3767,
2026-09-30,07:24:05.977,999,2011,666380890,46,3392,756,666380807,7080,13351,1579,666380733,39,3282,859,666380699,42,3253,661,666380683,42,3437,999,666380640,40,3430,195726,666380581,7107,13429,696,666380594,38,3401,
2026-09-30,07:24:06.977,999,1738,666351601,52,3446,1262,666351636,6685,13391,1977,666351631,36,3308,1342,666351613,37,3287,1302,666351713,48,3515,972,666351637,44,3501,198661,666351580,6708,13460,2056,666351563,43,3479,
2026-09-30,07:24:07.978,1000,6772,667056136,51,3769,6812,667056154,6805,13729,7566,667056141,26,3616,8407,667056121,37,3647,4757,667056148,30,3802,7651,667056149,25,3799,205967,667056079,6815,13804,5851,667055388,40,3807,
2026-09-30,07:24:08.978,999,5090,666383987,66,3667,3419,666383973,7015,13582,6777,666383972,35,3541,3786,666383943,66,3527,4341,666383950,48,3712,4428,666383924,45,3677,204161,666383210,6999,13643,4633,666383190,68,3661,
2026-09-30,07:24:09.977,999,467,666398075,38,3344,842,666398035,6706,13287,190,666398024,19,3205,789,666398026,25,3188,566,666398031,17,3395,109,666397271,19,3372,197953,666397198,6700,13341,599,666397125,32,3344,
2026-09-30,07:24:10.977,999,999,666366538,41,3335,725,666366547,7096,13269,620,666366528,30,3220,346,666366500,29,3204,508,666366460,37,3396,335,666365505,37,3370,196671,666365525,7107,13316,526,666365463,36,3318,
2026-09-30,07:24:11.978,1000,1974,667058285,70,3562,2945,667058247,6845,13542,2225,667058259,53,3437,2681,667058232,52,3414,4306,667058233,52,3646,3323,667057355,57,3643,203302,667057219,6860,13668,2642,667057252,70,3601,
2026-09-30,07:24:12.977,999,538,666361493,36,3312,369,666361451,7277,13266,544,666361426,25,3187,191,666361438,20,3181,261,666361489,23,3355,604,666361512,20,3340,192755,666361504,7278,13313,350,666360650,32,3327,
2026-09-30,07:24:13.977,999,706,666341375,27,3327,262,666341317,6678,13259,561,666341274,11,3168,304,666341290,12,3164,151,666341283,17,3371,275,666341254,18,3368,204914,666341238,6668,13347,319,666341289,23,3351,
2026-09-30,07:24:14.978,1000,2108,667043290,92,3499,2182,667043291,7275,13500,2055,667043251,92,3410,2233,667043263,76,3368,3137,667043339,82,3539,2603,667043379,79,3505,194670,667042506,7260,13501,1803,667042461,83,3502,
2026-09-30,07:24:15.978,999,1446,666381276,32,3360,771,666381305,6855,13293,521,666380563,26,3217,228,666380567,21,3211,466,666380588,23,3404,332,666380627,22,3376,199041,666380667,6841,13346,543,666380602,24,3342,
2026-09-30,07:24:16.977,999,1467,666362145,38,3347,776,666362117,6772,13298,276,666362113,23,3201,499,666362096,25,3205,239,666362140,22,3369,754,666362089,19,3382,201776,666361354,6764,13377,1040,666361435,29,3364,
2026-09-30,07:24:17.977,999,1693,666355568,54,3398,1088,666355654,6706,13343,1683,666355696,34,3274,923,666355727,35,3270,1355,666355731,27,3479,1196,666355759,28,3441,204865,666355755,6716,13416,1621,666355752,39,3404,
2026-09-30,07:24:18.978,1000,999,667065128,32,3313,425,667065132,7349,13304,794,667065123,25,3235,921,667065110,29,3236,548,667065085,31,3378,869,667065115,26,3357,191789,667065105,7338,13325,938,667065115,31,3334,
2026-09-30,07:24:19.977,999,829,666387997,35,3333,721,666388004,6712,13279,715,666388054,17,3182,272,666388084,9,3169,448,666388073,17,3387,358,666388064,14,3351,198386,666387086,6722,13351,1076,666387098,29,3369,
2026-09-30,07:24:20.977,999,814,666378940,28,3307,436,666378874,7247,13264,345,666378920,19,3191,348,666378965,21,3193,268,666379013,16,3349,434,666379047,25,3347,195232,666378990,7256,13320,1060,666377981,27,3338,
2026-09-30,07:24:21.978,1000,455,667036020,23,3338,158,667036020,6381,13279,95,667036037,9,3159,82,667036031,13,3171,43,667036064,5,3371,100,667036118,8,3370,205556,667035349,6368,13331,291,667035274,18,3338,
2026-09-30,07:24:22.978,999,1334,666380541,28,3328,688,666380594,7053,13278,255,666380658,16,3190,282,666380680,20,3190,875,666380672,21,3378,417,666379823,15,3370,199090,666379840,7059,13333,912,666379901,34,3355,
2026-09-30,07:24:23.977,999,14580,666367745,33,3926,13519,666367728,6522,13857,14436,666367732,29,3785,14118,666367733,28,3801,12238,666367811,21,4000,12985,666367846,33,3958,218249,666367737,6552,13945,14963,666366790,35,3957,
2026-09-30,07:24:24.977,999,20034,666381441,99,4302,18344,666380734,6992,14217,19520,666380740,92,4164,18069,666380723,81,4151,18935,666380755,73,4372,17403,666380712,91,4336,213652,666380644,7007,14268,19363,666380660,89,4311,
2026-09-30,07:24:25.978,1000,1162,667052501,44,3381,835,667052505,6814,13323,249,667052503,27,3213,761,667052451,30,3213,459,667052428,20,3389,225,667052509,25,3376,199832,667051777,6840,13384,1051,667051833,34,3370,
2026-09-30,07:24:26.978,999,3558,666390418,62,3520,4009,666390372,7565,13462,2976,666390308,44,3416,3936,666390338,49,3439,2776,666390265,39,3561,2595,666390297,43,3542,195859,666390380,7559,13525,3583,666389377,51,3542,
2026-09-30,07:24:27.977,999,1126,666358699,45,3412,1016,666358679,6691,13370,1488,666358696,32,3286,1204,666358686,29,3255,880,666358618,36,3474,1526,666358590,33,3450,201779,666357810,6682,13425,1681,666357790,49,3427,
2026-09-30,07:24:28.978,1000,1624,667046524,38,3396,915,667046478,6933,13338,676,667046439,32,3238,494,667046420,27,3223,556,667046426,25,3397,818,667046486,34,3415,197697,667045719,6920,13359,1001,667045601,39,3385,
2026-09-30,07:24:29.978,999,1290,666359635,34,3403,576,666359601,6434,13321,330,666359579,29,3210,323,666359580,24,3204,586,666359570,26,3447,278,666359522,26,3414,202733,666359491,6468,13384,868,666359460,25,3402,
2026-09-30,07:24:30.977,999,10068,666378389,57,3925,10849,666378365,7361,13857,8500,666378347,39,3782,13395,666378312,28,3788,9981,666378288,33,3919,13084,666378304,32,3914,204913,666378262,7342,13899,9942,666378270,41,3894,
2026-09-30,07:24:31.978,1000,2446,667043856,59,3466,1622,667043833,7491,13387,1649,667043859,37,3330,1196,667043840,38,3306,1238,667043822,46,3479,1610,667043842,52,3454,195242,667043844,7487,13460,2076,667043840,51,3436,
2026-09-30,07:24:32.979,1000,139368,667060155,374,12845,131372,667060147,7624,22869,142829,667060222,333,12671,137819,667060247,355,12648,142169,667060261,339,12873,139480,667060218,359,12828,328009,667060122,7587,22792,137338,667060044,378,12811,
2026-09-30,07:24:33.979,999,8848,666356833,121,4210,9137,666356891,7172,14192,8226,666356908,109,4074,7950,666356890,121,4029,9036,666356871,115,4261,12292,666356862,112,4280,207874,666356845,7165,14274,11167,666356815,116,4301,
2026-09-30,07:24:34.978,999,7265,666386711,183,4026,6981,666386737,7132,13984,7194,666386708,194,3898,6506,666386738,178,3933,6679,666386763,175,4065,7512,666386843,196,4085,203155,666386030,7122,14049,7285,666385936,188,4104,
2026-09-30,07:24:35.979,1000,4067,667025921,109,3698,2843,667025819,7270,13661,4644,667025821,91,3586,2584,667025860,85,3546,3661,667025885,89,3729,3843,667025849,85,3697,200072,667025858,7258,13702,2673,667025815,99,3720,
2026-09-30,07:24:36.979,999,38755,666353694,164,6051,34516,666353709,7376,15905,35295,666353721,169,5864,37540,666353755,171,5860,32435,666353814,180,6104,34144,666353872,186,6018,231483,666353865,7366,16010,37780,666353827,178,6064,
2026-09-30,07:24:37.978,999,11745,666362884,155,4382,11900,666362874,7707,14296,12539,666362872,138,4289,11337,666362900,134,4272,10289,666362958,140,4408,9871,666362959,151,4396,204869,666362253,7716,14368,11676,666362124,142,4408,
2026-09-30,07:24:38.979,1000,6725,667052626,81,3808,5913,667052564,7408,13736,5631,667052601,61,3706,5446,667052566,53,3680,5631,667052582,60,3833,5580,667051436,61,3823,197206,667051319,7426,13806,4874,667051310,74,3807,
2026-09-30,07:24:39.979,999,9422,666379459,90,3996,10053,666379422,7113,13961,7364,666379360,90,3830,9464,666379437,75,3839,10438,666379434,91,4055,11508,666378490,76,4029,208246,666378661,7078,13996,10046,666378550,85,3999,
2026-09-30,07:24:40.979,999,2063,666366026,79,3511,1376,666366009,7190,13373,1338,666365984,50,3324,1063,666366000,64,3303,1444,666366037,64,3486,1112,666365950,57,3479,198899,666365005,7198,13471,1330,666365010,79,3479,
2026-09-30,07:24:41.978,999,7311,666370764,56,3771,7550,666370794,6479,13743,6591,666370714,55,3642,6868,666370766,46,3609,7213,666370655,52,3838,8065,666370701,51,3831,211135,666370695,6478,13778,6479,666370648,57,3784,
2026-09-30,07:24:42.979,1000,2341,667026750,55,3508,2510,667026769,6756,13465,1668,667026822,52,3373,1049,667026828,54,3323,2113,667026879,55,3561,1454,667026881,48,3522,201265,667026834,6789,13554,2797,667026935,56,3540,
2026-09-30,07:24:43.979,999,8823,666392041,64,3761,7370,666392041,7638,13744,9407,666392047,63,3667,9305,666392029,58,3692,6492,666391999,59,3785,7806,666391485,58,3807,196824,666391411,7652,13752,10139,666391328,78,3784,
2026-09-30,07:24:44.978,999,6685,666369353,141,3862,6310,666369372,7248,13847,4769,666369353,157,3743,5425,666369337,144,3745,6047,666369290,147,3875,8186,666369180,137,3912,202503,666369152,7257,13853,5493,666369106,143,3881,
2026-09-30,07:24:45.979,1000,2271,667054213,62,3457,1784,667054207,7039,13408,982,667054254,46,3321,1183,667054236,49,3310,1505,667054262,61,3460,1197,667054274,53,3474,197219,667054255,7044,13443,1142,667054217,70,3466,
2026-09-30,07:24:46.979,999,2522,666384811,67,3551,3315,666384793,6907,13468,1850,666384777,62,3370,1385,666384769,62,3362,1974,666383360,68,3572,2362,666383365,66,3558,200753,666383364,6897,13550,1851,666383329,59,3531,
2026-09-30,07:24:47.979,999,2332,666385507,73,3535,2404,666385568,7015,13482,1953,666385538,62,3386,2337,666385540,55,3370,2039,666385546,72,3575,2276,666385581,54,3558,198014,666385534,7053,13532,2468,666385479,50,3520,
2026-09-30,07:24:48.978,999,1601,666387200,37,3412,913,666387303,6675,13348,1089,666386093,43,3280,671,666386098,30,3247,1254,666386116,38,3450,1185,666386067,36,3458,202399,666386181,6687,13429,1039,666386196,41,3410,
2026-09-30,07:24:49.979,1000,71666,667056480,379,9184,73371,667056496,8088,19204,77451,667056481,319,9020,76980,667056482,372,9022,81288,667056440,338,9156,80773,667056494,313,9177,263212,667055720,8070,19210,72268,667055651,348,9124,
2026-09-30,07:24:50.979,999,38975,666380191,378,6805,39700,666380192,8046,16803,36657,666380210,372,6639,39827,666380203,359,6585,35713,666380278,382,6688,34592,666379482,368,6721,230637,666379543,8076,16736,41656,666379498,376,6850,
2026-09-30,07:24:51.979,999,3219,666385061,94,3626,3822,666385069,7223,13594,3479,666385122,100,3461,2781,666385165,99,3476,3231,666385210,80,3635,2280,666385256,80,3613,198855,666385240,7207,13622,2670,666384555,95,3639,
2026-09-30,07:24:52.979,1000,2101,667032825,44,3421,1130,667032829,7068,13391,1411,667032818,56,3339,1091,667032827,47,3319,1378,667032900,60,3516,1655,667033027,50,3513,199463,667031830,7068,13474,2043,667031835,51,3477,
2026-09-30,07:24:53.979,999,1104,666374345,40,3371,826,666374332,6648,13308,519,666374259,37,3239,747,666374269,32,3214,300,666374301,33,3406,695,666373356,33,3439,202025,666373289,6634,13385,734,666373413,40,3408,
2026-09-30,07:24:54.979,999,15466,666398339,175,4325,13459,666398345,6751,14231,11752,666398334,174,4111,13735,666398314,151,4095,15803,666398361,158,4314,13961,666398466,172,4302,216581,666398520,6776,14227,14157,666398623,185,4329,
2026-09-30,07:24:55.979,999,6577,666393052,113,3818,6498,666393047,7683,13828,5987,666393043,95,3727,5772,666393086,93,3712,5211,666393049,117,3847,4850,666393110,109,3828,195434,666393050,7720,13885,4674,666392950,120,3839,
2026-09-30,07:24:56.979,1000,3743,667048639,78,3600,3183,667048733,7594,13565,2747,667048773,69,3476,4008,667048814,55,3454,3523,667048852,62,3585,4543,667049003,66,3582,195024,667049157,7580,13617,4340,667049279,73,3600,
2026-09-30,07:24:57.979,999,1714,666372321,55,3459,1576,666372282,7019,13392,1781,666372258,40,3307,1144,666372279,45,3305,1551,666372290,50,3468,2034,666371095,51,3478,200549,666371031,7018,13444,1876,666371095,49,3445,
2026-09-30,07:24:58.979,999,2084,666391667,65,3431,1003,666391670,7770,13339,1372,666391616,55,3295,1061,666391562,56,3299,1154,666391500,48,3395,834,666390722,51,3400,188059,666390653,7784,13410,1657,666390642,65,3405,
2026-09-30,07:24:59.979,999,1310,666375889,49,3434,819,666375885,6172,13379,536,666375887,36,3273,1171,666375922,41,3267,636,666375884,37,3502,1479,666375350,33,3470,206519,666375363,6144,13427,1258,666375275,47,3462,
2026-09-30,07:25:00.979,1000,2783,667037176,60,3451,2652,667037203,7632,13402,2352,667037284,48,3354,2328,667037335,36,3328,2689,667037338,47,3482,1992,667036399,50,3478,194401,667036419,7639,13485,2392,667036370,56,3506,
2026-09-30,07:25:01.979,999,81340,666389177,236,8927,79324,666389185,7688,18878,82355,666389150,237,8929,81308,666389111,229,8923,85732,666389123,225,9156,79893,666389207,247,9092,277167,666389271,7712,18924,81738,666388309,238,8927,
2026-09-30,07:25:02.979,999,2701,666388324,92,3645,2615,666388329,7333,13562,1858,666388335,99,3485,2750,666388343,95,3487,1979,666388368,94,3626,2263,666388453,93,3666,194142,666387723,7320,13624,3561,666387781,83,3628,
2026-09-30,07:25:03.979,1000,4347,667066868,113,3776,5287,667066866,7663,13731,5656,667066900,106,3641,6369,667066872,105,3684,4394,667066858,98,3809,6520,667066205,102,3792,194939,667066301,7668,13795,4813,667066256,106,3767,
2026-09-30,07:25:04.979,999,11056,666379108,184,4256,8386,666379191,7380,14176,10629,666379199,147,4108,9648,666379151,158,4063,10603,666379194,162,4299,9642,666379211,165,4234,205997,666379250,7362,14250,12375,666379294,158,4287,
2026-09-30,07:25:05.979,999,2882,666390440,73,3558,2226,666390417,6761,13494,2848,666390425,52,3387,2369,666390456,63,3369,2131,666390502,54,3563,2367,666390552,67,3594,202691,666390588,6748,13559,2209,666390577,71,3549,
2026-09-30,07:25:06.979,999,45288,666402110,165,5412,43215,666402104,7363,15295,42933,666402150,158,5260,40883,666402193,168,5265,40683,666402229,166,5471,48617,666402289,185,5388,242857,666402342,7399,15518,37069,666402439,179,5437,
2026-09-30,07:25:07.979,1000,6207,667035308,96,3865,6659,667035266,7149,13827,7718,667035240,94,3763,6482,667035235,83,3712,6848,667035227,98,3917,5495,667035159,89,3896,202161,667034434,7154,13906,7061,667034438,100,3898,
2026-09-30,07:25:08.979,999,3158,666379534,59,3556,3404,666379559,7169,13490,2821,666379570,47,3448,4595,666379578,52,3446,4324,666379557,53,3614,3627,666379529,49,3602,199247,666379447,7175,13585,4296,666379378,51,3606,
2026-09-30,07:25:09.979,999,9582,666392414,80,3841,7576,666392495,6669,13756,9060,666392592,58,3667,9753,666392647,53,3689,8322,666392685,57,3924,9464,666392740,55,3934,210083,666391801,6659,13880,9597,666391782,65,3901,
2026-09-30,07:25:10.980,1000,10272,667055612,98,4032,6908,667055640,7701,13971,8170,667055654,79,3864,7621,667055635,93,3869,9371,667055626,86,4037,9652,667055000,85,4050,196278,667054968,7742,14019,8998,667054968,101,4023,
2026-09-30,07:25:11.980,1000,888,667043693,63,3435,1037,667043609,6643,13389,703,667043640,38,3271,485,667043682,51,3261,664,667043710,55,3480,595,667042243,44,3469,204045,667042229,6586,13448,1466,667042196,47,3437,
2026-09-30,07:25:12.980,999,2431,666390239,74,3523,1544,666390218,7725,13450,2488,666390225,74,3397,2170,666390278,58,3381,1763,666390311,59,3516,2041,666389692,59,3496,191691,666389771,7724,13471,2817,666389820,81,3523,
2026-09-30,07:25:13.980,999,1407,666387140,62,3429,1095,666387143,7691,13342,913,666387164,41,3321,1538,666387200,46,3338,2011,666387287,49,3456,1009,666387471,46,3429,191255,666386514,7696,13414,1182,666386542,66,3429,
2026-09-30,07:25:14.981,1000,3055,667103224,127,3634,2742,667103214,7855,13547,3002,667103181,133,3506,2684,667103176,111,3471,3225,667103269,130,3621,2403,667103283,119,3596,193480,667103334,7873,13638,2919,667103379,123,3603,
2026-09-30,07:25:15.980,999,736,666383907,59,3364,817,666383938,7819,13327,1364,666383947,49,3298,1752,666383961,54,3299,801,666384043,52,3413,784,666384078,51,3400,189623,666384090,7814,13373,1287,666384184,59,3411,
2026-09-30,07:25:16.980,999,1373,666386608,54,3443,1408,666386583,7054,13364,1205,666386658,45,3301,967,666386657,42,3273,881,666386713,48,3469,753,666386723,40,3461,194259,666386819,7058,13437,1163,666386920,60,3441,
2026-09-30,07:25:17.980,999,1713,666414841,51,3431,2202,666414819,7510,13398,1858,666414878,44,3307,1532,666414868,35,3308,1670,666414932,28,3435,1403,666414876,37,3453,196894,666414825,7516,13442,2414,666414843,44,3458,
2026-09-30,07:25:18.981,1000,2592,667028011,84,3475,1593,667027953,8061,13408,2189,667027955,46,3371,1211,667027933,53,3370,2008,667027938,58,3466,1069,667028056,56,3465,189102,667028061,8085,13465,2264,667027200,56,3440,
2026-09-30,07:25:19.980,999,895,666381962,45,3336,499,666381967,7845,13290,596,666381957,36,3252,1050,666381953,35,3233,703,666381989,38,3371,777,666382034,47,3358,190093,666382064,7852,13319,1174,666381236,37,3340,
2026-09-30,07:25:20.980,999,963,666382185,31,3291,844,666382229,7866,13249,883,666382248,22,3193,312,666382248,30,3209,793,666382216,21,3314,1177,666382163,30,3309,190421,666381056,7845,13289,753,666381068,34,3309,
2026-09-30,07:25:21.980,999,4368,666391571,36,3542,3435,666391556,6758,13495,3576,666391546,25,3389,3271,666391537,22,3392,3997,666391566,18,3608,3077,666391662,20,3569,204442,666391559,6772,13578,4099,666390541,26,3570,
2026-09-30,07:25:22.981,1000,608,667046973,32,3375,406,667047029,6309,13323,270,667046979,30,3207,398,667046968,24,3194,236,667046957,25,3429,388,667046130,32,3421,207673,667046167,6336,13392,863,667046194,31,3391,
2026-09-30,07:25:23.980,999,1560,666369753,61,3443,1513,666369700,6716,13409,2380,666369704,47,3294,1507,666369709,42,3297,1630,666369709,35,3503,1476,666369700,42,3480,198915,666369708,6739,13447,2024,666369788,59,3493,
2026-09-30,07:25:24.980,999,4819,666372995,87,3631,4052,666372992,7970,13549,4670,666373067,79,3527,4644,666373013,83,3542,4831,666373020,71,3643,5439,666373029,79,3640,187364,666373056,7998,13601,4780,666372965,93,3649,
2026-09-30,07:25:25.981,1000,1930,667005565,74,3450,1459,667005550,6716,13421,1694,667005531,50,3303,2155,667005531,43,3275,2190,667005570,50,3511,1826,667005624,46,3485,202551,667004918,6751,13464,1957,667004895,48,3461,
2026-09-30,07:25:26.980,999,2417,666379412,54,3451,1586,666379402,7745,13413,2718,666379488,62,3355,2211,666379480,55,3338,2315,666379522,46,3470,1395,666378780,42,3436,193396,666378667,7734,13441,1422,666378674,59,3457,
2026-09-30,07:25:27.980,999,791,666374114,42,3330,371,666374151,7568,13268,1068,666374149,24,3214,512,666374178,22,3188,707,666374192,22,3328,142,666374231,19,3300,191604,666373433,7570,13305,966,666373404,34,3319,
2026-09-30,07:25:28.981,1000,651,667026911,35,3339,485,667026843,7236,13274,698,667026788,28,3230,1023,667026795,32,3209,532,667026816,26,3367,315,667026868,26,3353,195644,667026883,7229,13340,431,667026098,26,3352,
2026-09-30,07:25:29.980,999,1935,666353876,43,3416,712,666353848,7081,13354,677,666353865,26,3260,1395,666353864,33,3278,525,666353907,33,3429,1141,666353930,29,3416,197953,666353942,7092,13406,1285,666353112,32,3413,
2026-09-30,07:25:30.980,999,1672,666375203,45,3386,1507,666375249,6834,13327,1202,666375355,32,3220,600,666375352,30,3221,565,666375438,30,3423,960,666374592,37,3417,202479,666374526,6836,13389,1344,666374585,34,3404,
2026-09-30,07:25:31.980,999,1246,666360284,45,3379,572,666360320,7085,13317,636,666360321,27,3215,826,666360328,34,3258,710,666360310,26,3393,606,666360338,29,3393,196249,666360340,7050,13352,1006,666360272,36,3370,
2026-09-30,07:25:32.981,1000,548,667046553,26,3262,287,667046564,7935,13225,277,667046593,8,3169,836,667046584,19,3192,391,667046620,15,3276,244,667045973,20,3280,186442,667045876,7953,13266,349,667045863,16,3275,
2026-09-30,07:25:33.980,999,909,666376855,32,3358,481,666376822,6075,13297,167,666376812,10,3165,826,666376861,14,3172,170,666376890,18,3405,92,666376963,11,3396,209487,666377000,6089,13389,351,666376047,26,3369,
2026-09-30,07:25:34.980,999,2241,666377010,74,3433,1602,666376981,7747,13309,783,666377065,57,3286,1332,666377053,51,3276,1721,666377056,56,3419,975,666377069,48,3406,185538,666377140,7784,13388,2478,666376197,56,3420,
2026-09-30,07:25:35.981,1000,2838,667047541,50,3491,2481,667047522,7201,13485,2518,667047497,38,3370,2583,667047478,38,3332,2886,667047488,37,3553,3248,667047438,30,3556,197739,667047406,7187,13530,3484,667046510,54,3561,
2026-09-30,07:25:36.981,999,1018,666382815,35,3336,872,666382842,7342,13290,699,666382806,18,3198,649,666382795,17,3199,449,666382746,22,3347,466,666382719,23,3329,193047,666382678,7357,13319,936,666382702,31,3330,
2026-09-30,07:25:37.980,999,887,666375795,34,3332,923,666375772,7173,13269,771,666375770,19,3221,404,666375746,22,3195,366,666375654,21,3358,442,666375728,19,3364,196063,666375837,7192,13341,437,666375781,28,3341,
2026-09-30,07:25:38.980,999,454,666382599,41,3324,356,666382626,7304,13284,960,666382547,24,3222,560,666382552,26,3226,413,666382618,20,3363,360,666382024,24,3356,193420,666381990,7298,13350,890,666382030,37,3346,
2026-09-30,07:25:39.981,1000,4717,667063783,68,3553,4106,667063859,6958,13487,3391,667063850,30,3377,2791,667063868,43,3396,3133,667063845,43,3586,2902,667063824,40,3593,201993,667063903,6957,13538,2703,667063881,46,3523,
2026-09-30,07:25:40.980,999,2671,666393634,49,3423,1333,666393661,7351,13356,1295,666393645,46,3301,1694,666393622,51,3294,1744,666393643,46,3444,1719,666393750,42,3435,194283,666393732,7361,13420,1199,666393804,51,3432,
2026-09-30,07:25:41.980,999,1053,666390967,24,3307,456,666390980,7299,13247,162,666390998,23,3185,344,666391010,13,3170,112,666391013,14,3306,119,666391101,19,3316,194699,666391210,7323,13302,538,666391269,37,3344,
2026-09-30,07:25:42.981,1000,630,667053148,17,3315,470,667053153,7143,13247,172,667053154,21,3188,219,667053169,17,3183,132,667053215,16,3322,92,667053267,14,3329,195427,667053365,7136,13315,572,667053438,12,3313,
2026-09-30,07:25:43.981,999,1055,666400931,31,3334,1373,666400877,7302,13280,581,666400879,31,3223,928,666400887,16,3200,537,666400859,22,3371,363,666400980,19,3343,191245,666401018,7318,13321,996,666401035,27,3336,
2026-09-30,07:25:44.980,999,1110,666350815,49,3391,1071,666350857,6899,13302,669,666350895,35,3219,669,666350911,44,3232,535,666350868,48,3429,607,666350837,33,3378,196266,666350774,6920,13363,739,666350740,40,3377,
2026-09-30,07:25:45.980,999,15955,666365335,52,3982,13289,666365371,7669,13904,13457,666365413,49,3870,14478,666365421,47,3889,15285,666365401,41,3988,17200,666365347,45,3950,205878,666364464,7683,13978,15045,666364515,56,4024,
2026-09-30,07:25:46.981,1000,2316,667044211,51,3434,1902,667044279,7388,13388,2113,667044312,33,3339,1475,667044347,26,3317,1675,667044337,37,3496,1745,667044297,35,3430,194070,667044295,7390,13449,1907,667044279,48,3471,
2026-09-30,07:25:47.981,999,2690,666381985,27,3448,1347,666381980,6952,13391,1204,666382028,18,3296,1130,666382001,26,3269,1500,666381971,16,3457,1607,666382000,24,3471,197843,666381255,6967,13463,2243,666381293,32,3459,
2026-09-30,07:25:48.980,999,1958,666374002,37,3361,1164,666374083,7671,13305,862,666374091,27,3234,1100,666374118,22,3229,484,666374099,28,3364,489,666374128,32,3341,191693,666373123,7684,13329,1038,666373106,31,3353,
2026-09-30,07:25:49.981,1000,1109,667042190,45,3362,933,667042188,7813,13325,1338,667042143,21,3264,772,667042108,22,3253,902,667042064,25,3386,964,667041320,36,3375,190781,667041319,7824,13379,2112,667041317,35,3358,
2026-09-30,07:25:50.981,999,18413,666381381,46,3985,12020,666381453,6779,13938,12961,666381466,38,3829,17834,666381432,46,3834,15241,666381412,37,4019,14136,666380466,42,4045,209743,666380527,6797,14010,14771,666380526,29,3998,
2026-09-30,07:25:51.980,999,1788,666357170,58,3427,1291,666357202,7782,13347,606,666357215,35,3283,960,666357220,44,3289,1371,666357195,38,3417,1384,666357184,43,3402,188681,666357193,7790,13387,1344,666357175,56,3402,
2026-09-30,07:25:52.980,999,1115,666383882,27,3301,996,666383890,7166,13252,264,666383904,16,3198,363,666383898,14,3169,199,666383896,19,3337,538,666383923,23,3333,192497,666383212,7173,13315,615,666383199,22,3341,
2026-09-30,07:25:53.981,1000,724,667030293,35,3297,352,667030233,7609,13245,227,667030256,19,3193,123,667030309,19,3181,182,667030377,20,3315,288,667030350,23,3306,193068,667030393,7611,13280,640,667029612,27,3297,
2026-09-30,07:25:54.981,999,4351,666374686,84,3587,3971,666374623,7414,13533,3133,666374643,68,3456,3727,666374655,57,3454,4136,666374669,67,3600,3703,666373582,59,3590,198759,666373530,7391,13565,3481,666373498,88,3617,
2026-09-30,07:25:55.980,999,44728,666343358,153,6542,42977,666343269,7839,16416,41202,666343274,128,6267,37799,666343252,126,6286,48707,666343198,119,6486,43705,666342403,141,6354,227668,666342311,7883,16514,46642,666342259,144,6620,
2026-09-30,07:25:56.981,1000,105747,667011888,357,11338,110749,667011159,7962,21167,103519,667011166,348,11137,103125,667011129,357,11110,102896,667011181,351,11154,107361,667011281,351,11215,309823,667011261,7915,21409,102975,667011235,355,11218,
2026-09-30,07:25:57.981,999,19721,666389210,136,4853,19395,666389157,8020,14830,18361,666389180,114,4753,23583,666389192,130,4741,18754,666389148,137,4887,21099,666389161,120,4861,209321,666389252,8009,14927,19699,666389351,141,4893,
2026-09-30,07:25:58.980,999,10172,666407165,137,4253,11280,666407261,7757,14178,9398,666407276,137,4116,10997,666407296,121,4133,9308,666407353,134,4270,10514,666407245,118,4252,202710,666407306,7747,14245,14039,666406310,137,4286,
2026-09-30,07:25:59.981,1000,3654,667025633,83,3496,1977,667025680,7566,13451,1795,667025707,76,3374,2837,667025747,75,3380,2184,667025852,82,3544,1834,667025923,79,3507,191712,667026074,7563,13505,2432,667026156,71,3509,
2026-09-30,07:26:00.981,999,3370,666387119,92,3589,2670,666387128,7567,13525,2321,666387109,60,3454,3568,666387144,74,3450,2144,666387117,71,3570,4075,666387234,68,3570,192150,666387321,7561,13584,2777,666387348,80,3605,
2026-09-30,07:26:01.981,999,3834,666389247,76,3611,3551,666389183,7400,13549,3366,666389153,66,3467,4501,666389078,77,3459,3096,666389043,71,3653,3219,666389100,73,3621,199250,666389086,7404,13627,5300,666389018,62,3633,
2026-09-30,07:26:02.980,999,2636,666374147,79,3583,3085,666374132,7677,13509,2747,666374225,71,3440,3774,666374232,60,3426,2900,666374243,65,3609,3527,666373524,79,3616,193735,666373522,7680,13584,3927,666373406,80,3592,
2026-09-30,07:26:03.981,1000,170275,667058203,663,15570,175494,667058234,7646,25569,163855,667058313,619,15347,168584,667058358,616,15140,158828,667058410,611,15589,165228,667058427,625,15715,354750,667058335,7694,25590,169422,667058328,647,15641,
2026-09-30,07:26:04.981,999,210808,666408320,488,16988,203257,666408288,7717,27028,218685,666408315,436,16859,199908,666408287,446,16896,205080,666408260,461,16858,199001,666408182,437,16984,406582,666408174,7749,27071,205170,666408181,487,17017,
2026-09-30,07:26:05.981,999,15909,666366017,133,4816,14606,666365964,7768,14795,14823,666365946,108,4685,13905,666365954,121,4637,14126,666365995,131,4841,12559,666365997,132,4723,202832,666365966,7756,14779,14527,666365919,144,4730,
2026-09-30,07:26:06.981,1000,30040,667039550,130,5213,27153,667039550,7951,15173,28665,667039562,117,5121,29025,667039567,110,5143,24668,667039566,111,5188,26902,667039524,99,5191,213815,667039535,7963,15240,30868,667039574,126,5197,
2026-09-30,07:26:07.982,1000,22468,667043580,189,4824,20656,667043537,8266,14814,24922,667043597,193,4756,23031,667043611,213,4797,24156,667043645,200,4836,22772,667042779,210,4849,208776,667042708,8285,14848,23616,667042738,198,4830,
2026-09-30,07:26:08.982,999,18980,666375985,116,4699,18789,666375971,7331,14659,15542,666375955,89,4498,17168,666375925,94,4537,18236,666375853,94,4634,15342,666375825,94,4665,215043,666374968,7331,14658,20281,666375032,108,4739,
2026-09-30,07:26:09.981,999,15872,666340086,93,3977,11777,666340110,7838,13903,11817,666340099,73,3901,12080,666340124,67,3839,14082,666340196,69,3997,12712,666339315,73,3963,201750,666339330,7823,13976,14842,666339268,84,3976,
2026-09-30,07:26:10.982,1000,17451,667042840,88,4265,12849,667042895,7259,14248,13855,667042892,83,4124,15519,667042880,68,4159,15056,667042901,73,4269,11987,667042895,79,4326,205354,667042914,7275,14307,13938,667042278,75,4289,
2026-09-30,07:26:11.982,999,18334,666380769,97,4223,17694,666380759,7173,14142,15013,666380748,76,4042,20983,666380781,70,4081,16071,666380839,80,4214,16466,666380891,69,4217,207554,666380199,7191,14194,17183,666380164,86,4194,
2026-09-30,07:26:12.982,999,1840,666409300,74,3477,1669,666409310,7364,13413,1214,666409297,59,3344,2008,666409312,69,3336,1692,666409385,52,3494,1881,666409391,53,3479,190518,666409500,7361,13472,2353,666409506,78,3490,
2026-09-30,07:26:13.982,1000,4540,667032224,76,3627,2678,667032240,7835,13560,2931,667032253,79,3524,3633,667032208,80,3532,4426,667032267,75,3649,4961,667032279,76,3660,189085,667032275,7885,13640,2622,667031451,84,3661,
2026-09-30,07:26:14.982,999,12195,666389467,192,4308,13826,666389534,7314,14282,14083,666389550,201,4229,14124,666389517,190,4195,12532,666389560,199,4403,9301,666388773,202,4312,207293,666388815,7327,14340,10484,666388928,192,4295,
2026-09-30,07:26:15.982,999,1990,666384315,72,3479,1284,666384271,7230,13406,1854,666384287,59,3326,1132,666384308,53,3290,1144,666384278,72,3492,719,666384252,64,3485,196961,666384289,7249,13496,3034,666384339,81,3483,
2026-09-30,07:26:16.982,999,3057,666385131,63,3489,2009,666385188,7008,13446,2357,666385220,40,3322,2091,666385255,66,3369,2493,666385206,52,3529,1836,666385262,54,3512,198932,666385267,7019,13501,2202,666385248,58,3513,
2026-09-30,07:26:17.982,1000,2530,667043133,51,3446,2227,667043110,7033,13450,1240,667043130,42,3329,2616,667043130,36,3337,2319,667043058,38,3507,1985,667043081,39,3482,198652,667042426,7050,13444,1960,667042360,55,3474,
2026-09-30,07:26:18.982,999,1437,666398158,62,3370,742,666398154,7294,13275,645,666398159,34,3232,525,666398165,38,3220,1182,666398211,38,3388,348,666398173,38,3362,193576,666397333,7280,13356,772,666397358,53,3356,
2026-09-30,07:26:19.982,999,3860,666356676,95,3574,2798,666356642,7082,13510,3703,666356691,74,3481,2715,666356717,64,3447,3179,666356708,78,3639,2581,666356676,80,3631,200242,666356684,7085,13619,2869,666356679,90,3584,
2026-09-30,07:26:20.982,1000,1180,667054006,57,3394,1070,667054071,7768,13349,1072,667054119,54,3308,866,667054076,50,3256,868,667054116,54,3413,947,667054201,47,3388,189585,667054182,7770,13384,1911,667054126,61,3404,
2026-09-30,07:26:21.983,1000,1829,667044760,69,3460,1259,667044778,7470,13418,1318,667044780,51,3328,2303,667044741,41,3323,2003,667044667,43,3463,1043,667042734,50,3444,194651,667042633,7462,13438,1694,667042663,49,3425,
2026-09-30,07:26:22.983,999,951,666401308,35,3339,503,666401319,7045,13310,1358,666401297,30,3210,600,666401299,29,3200,634,666400652,36,3391,909,666400635,36,3383,195709,666400592,7028,13356,716,666400617,38,3349,
2026-09-30,07:26:23.983,999,1098,666374425,52,3336,440,666374458,7617,13268,573,666374454,28,3203,382,666374466,25,3186,250,666374454,24,3326,496,666373588,31,3330,190772,666373511,7618,13305,676,666373365,41,3320,
2026-09-30,07:26:24.983,1000,6366,667034379,124,3909,7376,667034423,7833,13894,7847,667034395,93,3774,8521,667034373,111,3810,8230,667034303,109,3920,6980,667034275,113,3893,198720,667034196,7845,13890,8075,667033502,114,3922,
2026-09-30,07:26:25.983,999,1031,666379203,59,3336,816,666379222,8070,13305,654,666379220,46,3260,400,666379215,31,3231,1229,666379310,38,3372,621,666379221,35,3321,186840,666379221,8058,13335,1763,666378469,47,3343,
2026-09-30,07:26:26.983,999,1436,666384174,36,3347,1278,666384267,7439,13295,836,666384282,34,3242,1014,666384276,32,3249,699,666384304,28,3389,1296,666384333,36,3372,195306,666384436,7441,13355,672,666384512,38,3365,
2026-09-30,07:26:27.983,999,1593,666378162,51,3369,1341,666378246,7787,13308,1232,666378323,36,3289,1449,666378280,33,3254,1622,666378274,42,3393,812,666377542,27,3374,188122,666377506,7804,13388,2000,666377498,47,3369,
2026-09-30,07:26:28.983,1000,663,667050455,35,3336,685,667050486,7188,13290,181,667050466,25,3209,218,667050461,30,3209,574,667050441,16,3333,244,667050391,22,3351,193512,667049608,7201,13341,821,667049535,22,3371,
2026-09-30,07:26:29.983,999,1665,666378958,32,3344,787,666378997,7466,13291,513,666379087,29,3235,1512,666379098,29,3250,668,666379090,21,3386,1557,666379177,18,3366,191808,666378310,7470,13342,1517,666378268,30,3388,
2026-09-30,07:26:30.983,999,12301,666395850,65,4032,13687,666395829,7243,13950,13499,666395862,43,3882,11486,666395870,49,3917,15549,666395870,44,4025,13360,666395920,49,4049,209191,666395290,7230,14016,15232,666395230,58,4039,
2026-09-30,07:26:31.984,1000,2272,667065398,62,3526,3321,667065394,7993,13483,1899,667065436,44,3421,2493,667065484,32,3396,2265,667065498,42,3504,3111,667065489,45,3507,189535,667064971,7985,13495,3063,667064955,63,3527,
2026-09-30,07:26:32.983,999,15448,666375037,50,3836,12593,666375006,7305,13822,12539,666374988,43,3769,11452,666374961,38,3781,15695,666375003,32,3905,12952,666374992,35,3901,210993,666374311,7292,13867,12887,666374280,36,3861,
2026-09-30,07:26:33.983,999,2156,666385344,46,3439,1476,666385345,6810,13357,1933,666385295,23,3280,1003,666385377,38,3303,2074,666385379,20,3498,2870,666385361,36,3503,199588,666385439,6816,13433,1128,666384442,36,3450,
2026-09-30,07:26:34.983,999,10128,666409699,158,3886,7060,666409652,7785,13814,7534,666409725,125,3735,7812,666409727,120,3725,7393,666409746,139,3868,8311,666409817,114,3834,199138,666409920,7769,13820,6266,666410044,147,3874,
2026-09-30,07:26:35.984,1000,2101,667052121,67,3435,2490,667052170,8133,13408,1817,667052239,49,3361,1358,667052199,43,3329,1857,667052239,43,3426,1973,667052211,36,3413,186286,667052239,8136,13436,2118,667052211,66,3436,
2026-09-30,07:26:36.983,999,724,666335786,45,3332,719,666335756,7434,13286,311,666335817,16,3183,893,666335790,25,3202,352,666335823,25,3340,314,666335014,17,3333,193720,666335039,7437,13330,1278,666335027,30,3333,
2026-09-30,07:26:37.983,999,1873,666394872,69,3397,2995,666394856,7639,13379,1625,666394867,53,3305,1296,666394901,44,3288,2037,666394940,44,3420,1627,666394976,49,3416,193531,666395034,7622,13412,1852,666395200,57,3393,
2026-09-30,07:26:38.984,1000,11752,667130643,59,3931,8913,667130647,7602,13907,8699,667130648,54,3851,9167,667130647,35,3829,8574,667130662,43,3993,9528,667130673,44,3978,201351,667130695,7619,13981,9058,667130770,64,3962,
2026-09-30,07:26:39.984,999,7133,666396475,66,3686,4418,666396471,7777,13596,5591,666396472,57,3603,6301,666396417,49,3544,6842,666396396,55,3708,5694,666396426,57,3697,192334,666396511,7773,13655,6446,666396584,71,3698,
2026-09-30,07:26:40.983,999,1954,666398046,54,3417,2591,666398084,7653,13366,993,666398029,46,3305,1651,666398027,38,3294,1231,666398010,40,3414,1719,666398029,54,3438,189458,666398081,7661,13420,1545,666398081,52,3432,
2026-09-30,07:26:41.983,999,1622,666359076,30,3370,821,666359033,7675,13292,578,666358973,33,3271,978,666358957,32,3248,617,666358963,36,3373,864,666358945,34,3367,190206,666358919,7654,13356,2289,666358870,39,3391,
2026-09-30,07:26:42.984,1000,803,667043447,33,3314,229,667043455,7506,13254,818,667043450,29,3187,537,667043465,38,3202,307,667043452,30,3334,899,667042708,35,3324,192112,667042701,7490,13317,1002,667042759,31,3328,
2026-09-30,07:26:43.983,999,892,666383862,53,3337,873,666383888,7928,13269,885,666383906,34,3250,726,666383969,34,3216,755,666383973,29,3343,1116,666383975,44,3342,186769,666383930,7926,13321,1295,666383942,47,3354,
2026-09-30,07:26:44.983,999,1479,666379252,66,3410,928,666379255,7265,13375,982,666379303,58,3270,838,666379329,58,3281,738,666379319,55,3415,556,666378394,53,3414,193860,666378437,7263,13402,2091,666378403,67,3424,
2026-09-30,07:26:45.983,999,1188,666382425,37,3356,1010,666382386,7312,13290,977,666382431,35,3268,1698,666382438,28,3269,1062,666382447,26,3408,1396,666381643,33,3414,197574,666381674,7310,13369,995,666381684,38,3380,
2026-09-30,07:26:46.984,1000,10618,666959221,51,3970,9044,666959249,7443,13870,8138,666959290,36,3817,7827,666959265,35,3769,9022,666959302,48,3991,7786,666959251,46,3937,204855,666959200,7426,13932,10137,666959183,51,3999,
2026-09-30,07:26:47.983,999,1345,666375906,54,3435,1768,666375902,7430,13357,1433,666375956,40,3292,1274,666375960,41,3288,985,666375971,45,3437,1218,666376099,35,3419,193794,666376191,7399,13414,2464,666376234,53,3417,
2026-09-30,07:26:48.983,999,1197,666355711,39,3372,485,666355836,7182,13302,416,666355783,35,3222,1079,666355751,27,3217,1475,666355779,37,3388,553,666355791,30,3373,194152,666355812,7168,13355,979,666355790,27,3382,
2026-09-30,07:26:49.984,1000,1799,667042804,47,3414,2141,667042767,7786,13362,1290,667042699,33,3302,1057,667042680,32,3289,2063,667042708,28,3418,1523,667042847,27,3414,192128,667041972,7800,13397,2364,667041917,39,3393,
2026-09-30,07:26:50.983,999,28433,666376590,45,4562,29023,666376663,6693,14528,25785,666376727,36,4437,29540,666376761,46,4381,22533,666376750,49,4611,26349,666376678,37,4586,227124,666376638,6704,14578,25761,666375791,55,4619,
2026-09-30,07:26:51.983,999,855,666380821,45,3355,480,666380847,7161,13288,564,666380811,29,3222,242,666380773,27,3204,321,666380777,32,3381,489,666380722,20,3338,197215,666380770,7131,13353,1106,666380806,29,3360,
2026-09-30,07:26:52.984,1000,1584,667046478,28,3375,629,667046537,6931,13329,739,667046485,20,3232,391,667046510,26,3217,570,667046527,26,3408,380,667045826,29,3383,195982,667045892,6937,13402,1313,667045885,26,3411,
2026-09-30,07:26:53.984,999,1506,666406088,49,3371,926,666406128,8133,13271,977,666406179,23,3278,1315,666406194,33,3272,1594,666406242,25,3365,976,666406254,28,3334,185844,666404904,8144,13345,924,666404999,44,3337,
2026-09-30,07:26:54.983,999,10943,666394963,107,4109,9308,666395028,7159,14069,9797,666395000,94,3969,9440,666394982,92,3983,11471,666395024,107,4209,11577,666395088,84,4143,206113,666395195,7163,14119,9973,666395159,106,4108,
2026-09-30,07:26:55.983,999,2473,666387897,68,3440,1273,666387954,7993,13345,1454,666387985,47,3313,1255,666388018,57,3322,1386,666388074,52,3407,1294,666388197,38,3370,190395,666388325,8009,13406,2359,666388318,63,3421,
2026-09-30,07:26:56.984,1000,1626,667060613,21,3380,915,667060593,7151,13341,462,667060585,19,3205,953,667060568,23,3218,908,667060588,19,3391,626,667060688,25,3372,197389,667060730,7165,13386,875,667060801,25,3394,
2026-09-30,07:26:57.984,999,1445,666391367,27,3390,897,666391358,7139,13306,929,666391391,32,3277,933,666391396,29,3255,1281,666391415,28,3418,842,666391529,22,3387,194221,666391619,7144,13392,1655,666391640,27,3408,
2026-09-30,07:26:58.983,999,2128,666399508,55,3463,1067,666399545,7362,13380,1633,666399505,39,3369,1464,666399491,40,3337,2275,666399525,49,3506,1084,666399506,55,3505,196170,666399610,7389,13469,2046,666399675,49,3499,
2026-09-30,07:26:59.983,999,929,666400895,29,3318,918,666401013,7018,13264,279,666401080,19,3190,393,666401091,22,3194,218,666401116,24,3364,520,666401167,18,3363,196787,666401175,7010,13319,1143,666401184,29,3351,
2026-09-30,07:27:00.984,1000,900,667075610,32,3329,422,667075643,7156,13289,212,667075573,20,3201,238,667075577,21,3184,589,667075560,13,3341,257,667075545,19,3337,191917,667075546,7180,13339,713,667075452,25,3357,
2026-09-30,07:27:01.984,999,1771,666363686,41,3423,1214,666363742,6697,13326,1432,666363595,14,3244,1729,666363565,17,3246,1164,666363623,20,3442,1411,666363651,20,3475,198176,666363634,6719,13432,1598,666363643,29,3423,
2026-09-30,07:27:02.983,999,1670,666398965,45,3395,1060,666398891,7586,13328,1207,666398908,30,3327,1698,666398889,12,3297,1561,666398878,27,3435,1670,666398932,18,3433,194161,666398800,7604,13393,2043,666398793,35,3429,
2026-09-30,07:27:03.983,999,3853,666394019,73,3667,4134,666394031,7246,13631,5323,666394060,53,3552,5787,666394070,44,3509,6638,666394092,52,3720,4754,666393284,37,3676,197912,666393205,7265,13631,4485,666393224,73,3717,
2026-09-30,07:27:04.984,1000,2124,667054000,57,3479,2197,667054042,8118,13437,3095,667054003,57,3416,2954,667053935,66,3409,3242,667053980,53,3497,2429,667053950,62,3492,190151,667054022,8112,13477,2727,667053154,66,3505,
2026-09-30,07:27:05.984,999,1279,666378415,29,3332,316,666378437,7027,13273,720,666378421,18,3196,585,666378432,22,3194,435,666378456,18,3346,361,666377559,21,3362,196050,666377524,7062,13336,948,666377444,36,3348,
2026-09-30,07:27:06.983,999,1486,666343277,31,3338,241,666343278,7596,13228,495,666343262,23,3207,801,666343250,24,3213,513,666343236,30,3362,354,666343203,18,3324,191507,666342326,7592,13303,1884,666342255,20,3298,
2026-09-30,07:27:07.984,1000,1659,667035276,36,3319,544,667035264,7623,13281,385,667035277,20,3207,822,667035274,18,3207,774,667035274,24,3334,316,667034454,17,3325,189625,667034545,7617,13312,812,667034674,33,3315,
2026-09-30,07:27:08.984,999,3708,666387966,50,3603,3426,666387914,7298,13538,3342,666387931,30,3489,3279,666387960,30,3479,2804,666387208,20,3612,3817,666387136,28,3616,197519,666387065,7304,13589,3272,666386971,42,3619,
2026-09-30,07:27:09.983,999,3480,666390731,55,3530,3989,666390687,7508,13518,3124,666390693,33,3417,2849,666390722,54,3440,2497,666390769,47,3575,3194,666390769,34,3535,193499,666390748,7510,13538,3344,666390716,55,3579,
2026-09-30,07:27:10.983,999,10738,666369422,54,3702,5230,666369437,7658,13623,5614,666369404,34,3580,7635,666369404,51,3597,5628,666369511,39,3684,6577,666369524,49,3693,193405,666368709,7696,13690,7026,666368741,48,3672,
2026-09-30,07:27:11.984,1000,1097,667032682,43,3339,428,667032687,7491,13296,432,667032727,33,3223,702,667032707,36,3227,390,667032720,27,3357,694,667032188,22,3342,193053,667032089,7466,13346,930,667032121,39,3359,
2026-09-30,07:27:12.984,999,1415,666388097,29,3307,204,666388119,7386,13247,236,666388108,16,3185,654,666388114,16,3193,343,666388059,16,3320,530,666388100,19,3337,192264,666387305,7382,13305,581,666387332,27,3296,
2026-09-30,07:27:13.983,999,1193,666381305,38,3335,613,666381335,7300,13277,1073,666381335,30,3227,426,666381321,31,3211,1160,666381325,28,3383,449,666381360,25,3361,198303,666380619,7307,13361,727,666380616,36,3357,
2026-09-30,07:27:14.984,1000,2204,667053537,105,3509,2174,667053522,7416,13449,1711,667053452,72,3358,1836,667053439,73,3376,1493,667053477,72,3508,1491,667053524,67,3495,192844,667053590,7423,13515,2301,667053595,101,3510,
2026-09-30,07:27:15.984,999,1502,666392886,50,3366,1027,666392842,7394,13319,722,666392782,41,3254,734,666392738,43,3258,881,666392755,32,3395,819,666392776,37,3365,192453,666392820,7428,13364,1345,666392830,41,3370,
2026-09-30,07:27:16.984,999,1401,666389349,46,3377,451,666389423,7461,13295,594,666389454,31,3257,547,666389428,33,3231,757,666389491,33,3370,728,666389638,30,3363,194205,666389661,7438,13354,906,666389624,49,3380,
2026-09-30,07:27:17.983,999,1295,666391615,38,3372,832,666391624,7086,13305,483,666391585,18,3226,486,666391559,18,3221,448,666391625,19,3387,1293,666391630,21,3381,197755,666391664,7072,13387,897,666391753,33,3385,
2026-09-30,07:27:18.984,1000,425,667056606,31,3304,208,667056632,6929,13266,162,667056705,14,3174,209,667056741,12,3171,411,667056800,11,3347,43,667056771,5,3338,196383,667055978,6984,13322,350,667055899,32,3313,
2026-09-30,07:27:19.984,999,515,666394905,28,3279,441,666394944,7171,13230,76,666394975,9,3160,110,666394957,13,3159,81,666394942,10,3318,115,666394991,11,3321,195419,666394157,7181,13303,547,666394029,19,3311,
2026-09-30,07:27:20.984,999,1005,666372712,55,3371,1083,666372757,7429,13282,1013,666372727,42,3263,1329,666372768,43,3250,486,666372779,35,3395,1227,666371943,32,3383,192360,666371916,7419,13353,897,666371879,47,3382,
2026-09-30,07:27:21.984,1000,135763,667052642,330,12464,126118,667052670,8126,22265,130926,667052601,268,12119,131454,667052619,265,12094,129748,667052570,284,12212,131811,667052585,268,12323,312884,667052554,8098,22383,124822,667052558,310,12120,
2026-09-30,07:27:22.985,1000,24705,667049969,154,5159,26797,667050013,7789,15177,26027,667050083,137,5076,23315,667050057,159,5091,22814,667050058,160,5256,23920,667049032,138,5260,214997,667048996,7786,15185,23582,667048996,150,5196,
2026-09-30,07:27:23.985,999,6028,666383979,126,3808,6125,666384048,7203,13786,8361,666384027,94,3701,5776,666384058,107,3642,6468,666384092,107,3850,5672,666383453,107,3811,198892,666383507,7198,13819,5998,666383595,100,3837,
2026-09-30,07:27:24.984,999,10462,666380075,164,4081,9112,666380103,7384,13997,9406,666380119,154,3941,8678,666380104,146,3921,11290,666380073,157,4093,9662,666379293,129,3993,205641,666379289,7375,14041,10239,666379432,160,4078,
2026-09-30,07:27:25.985,1000,6465,667021791,91,3813,5806,667021749,7576,13781,6586,667021725,71,3727,5581,667021745,67,3688,5867,667021747,66,3883,5410,667021803,65,3874,196113,667021890,7584,13832,6259,667021895,70,3814,
2026-09-30,07:27:26.985,999,4413,666379605,85,3660,3782,666379583,7200,13593,3825,666379610,77,3506,2870,666379588,59,3467,4852,666379569,63,3650,3173,666378548,63,3624,198793,666378497,7194,13660,4105,666378559,74,3661,
2026-09-30,07:27:27.985,999,43992,666380907,158,6275,42333,666380929,7930,16212,42439,666380900,153,6172,43389,666380912,175,6111,41299,666380941,166,6252,40947,666379873,163,6234,233245,666379949,7923,16266,45707,666380048,163,6322,
2026-09-30,07:27:28.985,1000,11992,667045194,153,4485,11236,667045238,7972,14490,12442,667045265,150,4449,11369,667045234,144,4372,10200,667045211,135,4491,11217,667045215,132,4475,197964,667045314,8003,14498,10560,667044424,141,4505,
2026-09-30,07:27:29.986,1000,1305,667044263,59,3395,1123,667044273,7602,13351,1018,667044253,46,3302,1287,667044276,51,3293,895,667044355,57,3437,1544,667044285,61,3414,193971,667043499,7600,13391,1014,667043470,57,3419,
2026-09-30,07:27:30.986,999,4062,666393027,96,3654,2739,666393040,7048,13562,3892,666392988,63,3481,3849,666392967,65,3476,3660,666392963,64,3656,4434,666392958,61,3641,199153,666391772,7079,13638,3533,666391805,87,3652,
2026-09-30,07:27:31.986,999,7055,666360851,96,3814,4948,666360856,7170,13759,4648,666360864,78,3638,3847,666360851,88,3634,4031,666360879,79,3804,3516,666359999,87,3757,200858,666359976,7186,13781,5146,666360015,95,3811,
2026-09-30,07:27:32.986,1000,1512,667053569,75,3402,1835,667053601,7773,13340,1567,667053676,39,3292,1439,667053655,52,3295,1609,667053671,48,3436,2526,667053689,50,3419,190399,667053742,7769,13404,1338,667053726,55,3387,
2026-09-30,07:27:33.986,999,9025,666378698,128,3797,9729,666378655,8122,13797,8436,666378671,118,3737,7994,666378719,125,3756,8007,666378747,119,3878,8753,666378813,120,3822,195626,666377987,8120,13805,7616,666377922,133,3804,
2026-09-30,07:27:34.986,999,5986,666383734,146,3720,3281,666383779,7517,13675,4124,666383729,137,3583,2988,666383732,143,3585,3040,666383746,126,3715,4010,666383905,124,3706,197928,666383026,7515,13704,3811,666382963,142,3682,
2026-09-30,07:27:35.985,999,1277,666378699,70,3428,1551,666378726,7328,13392,1311,666378711,56,3302,1148,666378715,65,3321,1120,666378706,63,3447,1204,666377835,50,3454,193437,666377800,7327,13391,2504,666377795,54,3438,
2026-09-30,07:27:36.986,1000,4265,667051030,64,3545,2392,667051136,7744,13470,1934,667051153,59,3377,1782,667051153,48,3394,2320,667051147,61,3510,2422,667051203,64,3528,192714,667051197,7744,13497,2525,667051100,58,3484,
2026-09-30,07:27:37.986,999,1558,666376015,49,3345,501,666376029,7655,13262,639,666375983,26,3217,652,666376010,31,3219,1151,666376008,32,3341,776,666375164,40,3345,188963,666375138,7697,13335,1465,666375060,39,3348,
2026-09-30,07:27:38.986,999,4687,666381062,57,3600,3787,666381105,7250,13538,4419,666381075,40,3508,2937,666381057,40,3454,4285,666380989,47,3657,3670,666380977,44,3618,201592,666380940,7217,13647,3291,666380297,58,3658,
2026-09-30,07:27:39.986,1000,5616,667055486,73,3663,5265,667055545,7111,13597,5638,667055625,53,3498,5451,667055652,55,3502,5018,667055710,61,3688,7777,667055717,51,3673,203545,667055780,7131,13675,5978,667055874,76,3680,
2026-09-30,07:27:40.986,999,857,666399270,62,3374,444,666399270,7557,13286,869,666399279,39,3253,1312,666399265,47,3247,960,666399237,44,3376,914,666399304,48,3382,193764,666399400,7540,13359,975,666399456,53,3372,
2026-09-30,07:27:41.986,999,1306,666394967,47,3357,1160,666394966,7549,13309,644,666394948,43,3260,862,666394924,34,3234,663,666394904,35,3374,783,666395046,31,3356,191017,666395110,7558,13345,1177,666395157,44,3372,
2026-09-30,07:27:42.986,999,3140,666394129,57,3528,2885,666394159,7349,13460,2615,666394150,50,3379,1637,666394130,50,3369,2953,666394122,65,3548,1540,666394199,56,3519,196405,666394249,7366,13533,2696,666394270,48,3548,
2026-09-30,07:27:43.986,1000,3519,667071996,36,3451,2431,667071931,7375,13418,1816,667071870,37,3343,2809,667071870,37,3338,2531,667071902,37,3494,2242,667071969,34,3480,197519,667071996,7358,13424,4201,667072001,36,3467,
2026-09-30,07:27:44.986,999,1586,666379984,78,3443,1652,666379979,7118,13384,1751,666380016,69,3305,1113,666379989,79,3299,1285,666379986,78,3457,1441,666379925,67,3450,193655,666379920,7153,13454,2061,666379882,68,3451,
2026-09-30,07:27:45.986,999,1942,666395020,48,3356,1476,666395082,7215,13305,1082,666395084,39,3255,761,666395074,37,3225,795,666395035,42,3398,1503,666395022,42,3398,196915,666394243,7200,13356,2571,666394155,39,3365,
2026-09-30,07:27:46.986,999,2113,666353782,43,3383,1204,666353830,7080,13316,808,666353781,31,3243,1147,666353777,32,3227,1013,666353774,32,3409,625,666353762,32,3404,198112,666353788,7080,13369,1165,666353789,37,3401,
2026-09-30,07:27:47.986,1000,2241,667043034,40,3450,1311,667043059,6927,13386,1842,667043051,31,3277,1307,667043060,38,3296,1005,667043049,31,3455,989,667043131,28,3430,200071,667042304,6932,13446,1828,667042447,34,3443,
2026-09-30,07:27:48.986,999,1087,666383010,47,3381,1136,666382000,7489,13336,1150,666381987,39,3287,1266,666382002,33,3252,2051,666382030,35,3423,1943,666381972,49,3400,192738,666381969,7483,13388,1793,666381915,47,3400,
2026-09-30,07:27:49.986,999,2406,666355451,28,3331,864,666355454,8038,13255,553,666355432,24,3228,787,666355419,18,3196,564,666355436,14,3306,745,666355439,23,3300,186026,666355435,8034,13301,1423,666355418,22,3292,
2026-09-30,07:27:50.986,1000,1517,667032227,37,3322,448,667032203,7929,13271,960,667032212,33,3225,1345,667032253,22,3217,1636,667032279,29,3327,1492,667031421,37,3332,187652,667031513,7953,13309,894,667031555,33,3321,
2026-09-30,07:27:51.986,999,1383,666367285,38,3349,680,666367191,7215,13284,654,666367199,36,3227,669,666367173,20,3214,542,666367152,30,3379,1007,666367119,20,3345,197550,666367160,7203,13323,803,666367230,31,3339,
2026-09-30,07:27:52.986,999,1140,666379663,29,3285,851,666379741,7754,13242,191,666379771,18,3179,240,666379802,21,3193,698,666379744,23,3296,529,666378998,15,3299,190575,666378995,7776,13283,598,666378967,24,3299,
2026-09-30,07:27:53.987,1000,933,667044975,27,3335,576,667044915,7298,13269,950,667044928,14,3190,701,667044925,21,3207,542,667044939,21,3333,327,667044866,19,3334,196599,667044952,7308,13343,611,667044951,23,3338,
2026-09-30,07:27:54.986,999,4101,666357119,90,3597,3865,666357176,7984,13477,3517,666357163,63,3419,3538,666357155,61,3440,4448,666357182,60,3512,3169,666357145,64,3519,188035,666356269,8000,13561,4558,666356227,85,3562,
2026-09-30,07:27:55.986,999,1781,666381225,38,3386,822,666381224,7456,13289,1078,666381230,16,3230,1111,666381260,22,3237,988,666381237,28,3360,1235,666381268,19,3355,190877,666381357,7479,13353,1128,666381390,31,3352,
2026-09-30,07:27:56.986,999,1527,666377475,35,3355,1187,666377532,7943,13283,560,666377506,22,3261,673,666377462,17,3223,449,666377485,27,3341,965,666376779,14,3307,183942,666376725,7977,13315,1560,666376604,34,3352,
2026-09-30,07:27:57.986,1000,2253,667036642,30,3330,1208,667036663,7707,13267,823,667036710,26,3223,352,667036739,28,3205,497,667036731,26,3323,530,667035840,22,3316,189068,667035861,7712,13321,774,667035923,32,3332,
2026-09-30,07:27:58.986,999,803,666384420,32,3287,133,666384418,7229,13220,190,666384452,19,3176,136,666383775,16,3163,104,666383729,16,3323,106,666383778,15,3297,201294,666383823,7218,13291,243,666383686,19,3298,
2026-09-30,07:27:59.986,999,640,666380094,46,3360,765,666380083,7127,13302,540,666380126,28,3235,845,666380079,31,3218,600,666380108,24,3395,443,666379182,24,3374,196621,666379150,7167,13374,1245,666379103,37,3383,
2026-09-30,07:28:00.987,1000,712,667044442,42,3314,587,667044458,7724,13265,259,667044402,20,3190,606,667044367,14,3186,633,667044358,20,3308,322,667044401,22,3305,192873,667043784,7754,13294,1108,667043720,29,3304,
2026-09-30,07:28:01.986,999,2686,666376135,37,3426,1744,666376108,7641,13381,2179,666376097,28,3302,1279,666376095,32,3298,1674,666376115,27,3446,1518,666375577,23,3405,188865,666375608,7643,13431,1850,666375591,33,3447,
2026-09-30,07:28:02.986,999,2220,666377575,33,3341,529,666377588,7237,13265,520,666377624,24,3209,235,666377626,17,3186,520,666377685,20,3348,603,666377761,17,3334,195043,666377161,7237,13353,630,666377124,23,3326,
2026-09-30,07:28:03.986,999,851,666397887,42,3316,426,666397904,7484,13271,649,666396900,30,3228,385,666396932,22,3203,419,666396910,25,3349,543,666396950,17,3324,193602,666396797,7465,13323,671,666396737,33,3330,
2026-09-30,07:28:04.987,1000,4260,667020021,74,3615,3815,667019989,7488,13558,3665,667019980,46,3499,4264,667019990,44,3512,4714,667020025,48,3640,3986,667020008,52,3641,195714,667020026,7489,13601,4337,667020017,68,3641,
2026-09-30,07:28:05.986,999,1305,666386215,38,3379,442,666386217,7237,13279,709,666386199,14,3197,1223,666386205,21,3220,939,666386243,18,3381,925,666385304,22,3372,196650,666385223,7247,13367,1483,666385221,35,3375,
2026-09-30,07:28:06.986,999,1077,666365302,28,3333,1116,666365266,7362,13255,572,666365254,12,3210,748,666365287,13,3196,400,666365282,20,3354,312,666365320,19,3329,191911,666364512,7375,13316,619,666364482,24,3338,
2026-09-30,07:28:07.987,1000,824,667025637,30,3312,174,667025572,7251,13253,96,667025603,14,3166,313,667025622,10,3160,148,667025605,16,3331,177,667025566,12,3313,198004,667024771,7227,13316,338,667024704,18,3310,
2026-09-30,07:28:08.986,999,29227,666394078,79,4398,25720,666394041,7713,14350,21118,666394084,61,4258,22188,666394111,60,4203,22699,666394150,64,4391,22385,666393422,65,4365,217675,666393375,7736,14399,26047,666393295,62,4435,
2026-09-30,07:28:09.986,999,3513,666394800,44,3535,3850,666394788,6934,13501,3355,666394739,33,3411,4437,666394682,28,3411,4856,666394640,35,3595,4679,666394723,33,3572,203607,666394670,6938,13557,3872,666394705,54,3614,
2026-09-30,07:28:10.986,999,2063,666400126,73,3480,2147,666400138,7323,13401,2209,666400145,52,3371,1394,666400131,53,3356,2103,666400193,62,3525,1684,666400221,59,3527,195392,666400161,7346,13463,1437,666399429,79,3501,
2026-09-30,07:28:11.987,1000,1002,667046450,32,3312,294,667046403,7433,13257,270,667046384,31,3201,313,667046402,29,3203,478,667046420,16,3339,673,667045653,22,3326,197252,667045601,7426,13313,465,667045614,30,3313,
2026-09-30,07:28:12.986,999,1602,666364385,34,3346,611,666364423,7411,13277,378,666364459,30,3225,598,666364493,29,3218,805,666364505,38,3386,596,666364608,33,3356,192610,666364702,7430,13351,612,666364688,34,3343,
2026-09-30,07:28:13.986,999,1617,666393989,43,3377,1512,666394062,7494,13300,818,666394092,22,3242,603,666394067,33,3245,1056,666394033,30,3397,503,666394030,34,3367,190814,666394035,7505,13345,1432,666393985,41,3361,
2026-09-30,07:28:14.987,1000,1657,667027428,71,3430,948,667027436,6921,13382,650,667027410,59,3273,1618,667027428,58,3304,1060,667027429,52,3440,946,667027424,58,3448,199792,667027358,6920,13456,1406,667027299,66,3444,
2026-09-30,07:28:15.987,999,1486,666354033,56,3415,1755,666354007,7845,13334,867,666354022,43,3304,1672,666354040,38,3278,1586,666354015,42,3405,868,666354001,47,3376,189927,666353938,7826,13392,1635,666353908,59,3405,
2026-09-30,07:28:16.986,999,1248,666383144,41,3385,672,666383145,6712,13340,359,666383090,17,3204,642,666383111,25,3217,454,666383114,20,3412,1008,666383081,19,3396,200079,666382133,6717,13388,919,666382191,28,3365,
2026-09-30,07:28:17.986,999,700,666380407,30,3296,890,666380471,7217,13268,264,666380453,22,3200,528,666380410,17,3200,207,666380383,15,3338,539,666380359,19,3354,196348,666380290,7228,13314,425,666380287,36,3338,
2026-09-30,07:28:18.987,1000,820,667054356,37,3374,1280,667054366,7108,13346,929,667054410,35,3252,660,667053747,32,3253,763,667053799,35,3426,1263,667053954,41,3430,197811,667053852,7090,13398,1020,667053754,50,3406,
2026-09-30,07:28:19.986,999,1325,666384133,31,3327,544,666384086,6800,13278,76,666384087,13,3181,213,666384115,21,3170,97,666384168,18,3362,407,666383381,18,3350,201169,666383257,6805,13317,402,666383242,30,3342,
2026-09-30,07:28:20.986,999,108304,666377834,492,11746,104860,666377754,7822,21517,112896,666377791,478,11421,104109,666377750,474,11432,110196,666377783,483,11494,111002,666376988,503,11631,300538,666377048,7825,21718,115044,666377008,516,11567,
2026-09-30,07:28:21.987,1000,25674,667026480,151,5416,25228,667026550,7630,15402,24442,667026535,142,5322,22072,667026541,148,5353,24914,667026561,137,5482,23567,667026560,138,5433,214496,667026560,7627,15396,20426,667026544,141,5370,
2026-09-30,07:28:22.987,999,7191,666375014,102,3838,7713,666375004,7671,13810,6541,666375042,64,3724,7569,666375041,87,3731,5636,666375020,71,3813,6171,666375119,88,3842,198258,666375064,7668,13851,5111,666375121,87,3803,
2026-09-30,07:28:23.986,999,1500,666364548,98,3514,3181,666364523,7846,13518,1417,666364558,66,3361,2060,666364545,75,3405,1934,666364580,70,3502,2207,666364529,72,3512,192881,666364580,7823,13516,2229,666364592,84,3546,
2026-09-30,07:28:24.986,999,11756,666384158,172,4068,10810,666384006,7088,14008,9904,666384063,161,3956,11843,666384092,141,3905,10094,666384094,138,4070,11074,666383310,148,4048,205862,666383405,7126,14030,10538,666383419,148,4081,
2026-09-30,07:28:25.987,1000,2363,667055042,76,3502,2466,667055125,7213,13489,2641,667055083,57,3414,1979,667055075,54,3385,1866,667055077,64,3548,2425,667055018,63,3557,195533,667055075,7222,13541,2419,667055038,72,3542,
2026-09-30,07:28:26.987,999,7438,666389903,93,3775,6273,666389895,7601,13725,5514,666389953,72,3663,5014,666389958,73,3696,5245,666390003,75,3811,5035,666389066,69,3736,195347,666389136,7629,13818,7381,666389125,95,3771,
2026-09-30,07:28:27.986,999,1844,666389987,76,3494,1535,666390015,7586,13430,1551,666389998,69,3393,1905,666389951,68,3383,1719,666390000,67,3480,2165,666389322,70,3505,192426,666389226,7608,13484,2372,666389173,75,3486,
2026-09-30,07:28:28.987,1000,1264,667046515,47,3374,1121,667046514,6829,13323,655,667046526,26,3231,880,667046536,24,3229,658,667046652,23,3396,569,667046620,30,3397,198890,667046654,6811,13388,560,667045749,44,3388,
2026-09-30,07:28:29.987,999,1081,666380625,59,3370,543,666380601,7443,13300,640,666380623,38,3237,512,666380617,34,3232,1242,666380673,40,3396,362,666380711,31,3368,193286,666380763,7430,13344,1075,666380748,43,3344,
2026-09-30,07:28:30.986,999,47189,666359887,349,7254,52157,666359941,7543,17196,45265,666359929,317,7126,48425,666359915,335,7046,45204,666359861,334,7179,46155,666359919,325,7296,236456,666360076,7561,17190,47917,666359221,361,7200,
2026-09-30,07:28:31.986,999,12579,666363248,177,4391,11967,666363291,7222,14304,11255,666363305,132,4160,13127,666363290,143,4199,11027,666363261,158,4297,14800,666363388,137,4346,215119,666363297,7226,14370,14480,666363263,155,4356,
2026-09-30,07:28:32.987,1000,2847,667046939,85,3605,2804,667046958,7268,13557,3094,667046926,80,3511,3832,667046932,79,3474,3423,667046945,72,3619,2243,667046923,62,3596,201238,667046903,7281,13596,4851,667046928,80,3632,
2026-09-30,07:28:33.987,999,28123,666380301,83,4482,23307,666380420,6770,14441,26529,666380428,55,4312,25758,666380416,51,4319,24235,666380370,58,4524,25993,666380351,65,4478,222328,666379591,6783,14513,25068,666379594,64,4466,
2026-09-30,07:28:34.986,999,11930,666377758,208,4361,11908,666377814,7477,14340,12629,666377831,199,4230,11677,666377216,174,4182,10870,666377225,192,4372,12250,666377234,190,4362,202489,666377253,7480,14357,11098,666377234,213,4381,
2026-09-30,07:28:35.987,1000,2527,667045736,101,3573,3090,667044860,7560,13549,2355,667044869,103,3479,2158,667044846,65,3416,2416,667044866,81,3581,3272,667044898,79,3568,193244,667044876,7569,13558,2397,667044204,96,3582,
2026-09-30,07:28:36.987,999,3976,666380143,64,3545,2475,666380172,6696,13515,1956,666380160,53,3401,2496,666380133,39,3354,1993,666380119,50,3575,1668,666380212,53,3564,200948,666380197,6679,13569,2890,666380300,61,3556,
2026-09-30,07:28:37.987,999,1089,666376255,60,3422,1221,666376345,7527,13359,1171,666376289,36,3267,867,666376326,41,3260,809,666376314,47,3392,1359,666376317,49,3396,191330,666376304,7536,13390,886,666376297,44,3411,
2026-09-30,07:28:38.986,999,32810,666385073,229,5757,31790,666385170,8344,15808,28731,666385179,208,5744,31243,666385192,228,5782,30034,666385190,224,5840,31350,666385291,203,5764,215639,666383959,8336,15797,28625,666383886,234,5801,
2026-09-30,07:28:39.987,1000,6888,667025191,91,3878,6726,667025184,7104,13838,5815,667025189,62,3687,6772,667025155,72,3750,6042,667025170,71,3926,6625,667025197,60,3935,202965,667025221,7107,13886,6307,667025147,76,3867,
2026-09-30,07:28:40.987,999,17998,666385168,160,4643,17220,666385185,7532,14567,17452,666384619,150,4566,18675,666384633,171,4540,18300,666384647,144,4672,16816,666384666,163,4643,213248,666384580,7532,14664,19262,666384486,141,4650,
2026-09-30,07:28:41.986,999,1117,666355558,55,3408,1061,666355604,7284,13361,1037,666355629,43,3313,1324,666355627,47,3307,1112,666355635,36,3450,1772,666355597,46,3450,197121,666355620,7301,13419,954,666355566,44,3412,
2026-09-30,07:28:42.987,1000,1348,667062334,48,3383,1360,667062316,7000,13360,510,667062286,60,3272,852,667062297,44,3256,1112,667062337,59,3430,624,667062249,41,3421,195644,667062203,7032,13443,1946,667062228,70,3447,
2026-09-30,07:28:43.987,999,6871,666365778,93,3868,6081,666365811,7388,13789,5347,666365871,75,3714,4503,666365886,91,3761,5884,666365911,73,3879,6526,666365977,77,3836,201654,666366021,7372,13843,6263,666366083,97,3872,
2026-09-30,07:28:44.987,999,4934,666382973,149,3776,5287,666383018,7419,13744,4282,666382995,143,3669,4390,666383024,129,3621,5184,666383008,138,3797,4629,666382975,139,3739,203119,666383028,7394,13764,5561,666382984,173,3830,
2026-09-30,07:28:45.986,999,1787,666387607,64,3503,1395,666387617,7319,13447,1739,666387587,60,3367,1765,666387619,47,3357,2646,666387690,36,3470,1869,666386727,51,3509,193949,666386758,7276,13478,1669,666386681,48,3486,
2026-09-30,07:28:46.987,1000,2380,667045782,56,3471,2358,667045761,7518,13407,1195,667045778,51,3334,1641,667045748,47,3330,1564,667045690,60,3481,1128,667045829,41,3437,195671,667045831,7512,13475,2523,667045895,47,3451,
2026-09-30,07:28:47.987,999,28091,666393371,67,4456,27586,666393366,7294,14442,25381,666393392,70,4350,26452,666393384,54,4299,26779,666393377,65,4509,27223,666393453,56,4474,217597,666392497,7293,14520,25488,666392565,73,4484,
2026-09-30,07:28:48.987,999,1839,666392836,51,3398,484,666392817,7245,13305,529,666392838,34,3268,789,666392819,36,3261,619,666392770,38,3395,460,666392888,38,3390,195240,666391747,7266,13367,1514,666391798,39,3378,
2026-09-30,07:28:49.987,1000,3596,667037846,59,3497,1754,667037890,7588,13446,2156,667037896,62,3398,2059,667037916,60,3374,2322,667037864,48,3512,2300,667037864,64,3541,192522,667037341,7598,13513,2598,667037324,54,3488,
2026-09-30,07:28:50.987,999,4408,666380035,91,3690,2275,666380148,6775,13609,2874,666380087,76,3563,3547,666380102,72,3544,3619,666377994,84,3737,4015,666377936,71,3728,202031,666378000,6791,13682,3432,666377947,83,3709,
2026-09-30,07:28:51.987,999,6009,666359896,93,3736,7169,666359880,7504,13662,8613,666359957,89,3646,7883,666359953,84,3648,7452,666359931,77,3801,6001,666359905,86,3760,201175,666359930,7515,13733,6237,666359941,96,3744,
2026-09-30,07:28:52.986,999,818,666379322,42,3349,818,666379351,7137,13295,347,666379349,33,3222,577,666379368,30,3196,239,666379385,29,3381,510,666379452,36,3381,197536,666379361,7116,13363,627,666379259,37,3346,
2026-09-30,07:28:53.987,1000,946,667047593,39,3345,592,667047653,7433,13298,553,667047606,32,3224,301,667047597,27,3209,590,667047579,31,3356,742,667047500,21,3337,196359,667047496,7446,13344,1004,667047494,32,3331,
2026-09-30,07:28:54.987,999,2850,666374151,107,3614,2283,666374128,7561,13557,3718,666374076,101,3520,2562,666374089,108,3477,2972,666374070,91,3638,2771,666373180,94,3601,194170,666373194,7575,13567,3693,666373256,100,3611,
2026-09-30,07:28:55.987,999,47527,666351583,141,6609,47264,666351567,7817,16559,50951,666351551,109,6409,45002,666351510,113,6457,45283,666351487,128,6650,46740,666351459,116,6556,234354,666351353,7814,16578,46558,666351304,134,6587,
2026-09-30,07:28:56.987,1000,5687,667054478,96,3679,4608,667054499,7649,13643,4840,667054490,62,3548,3912,667054534,62,3525,4853,667054537,69,3691,3778,667054513,75,3679,192936,667054517,7674,13725,4744,667054618,78,3708,
2026-09-30,07:28:57.987,999,4989,666382474,89,3658,3372,666382447,7686,13597,3379,666382525,45,3534,4354,666382494,48,3532,3203,666382488,46,3657,4214,666382575,58,3682,192571,666381562,7697,13687,3629,666381514,69,3663,
2026-09-30,07:28:58.987,999,1413,666374442,52,3456,1313,666374370,7215,13379,1416,666374427,51,3329,1373,666374401,59,3338,1494,666374409,55,3486,1002,666373518,49,3461,193086,666373565,7232,13477,2100,666373611,49,3431,
2026-09-30,07:28:59.986,999,1845,666355061,55,3396,893,666355018,7050,13339,1122,666355020,42,3265,1528,666354998,45,3289,848,666354992,43,3437,989,666355017,39,3422,194299,666355021,7066,13412,1233,666354922,58,3414,
2026-09-30,07:29:00.987,1000,2838,667048024,63,3534,3966,667048007,7313,13500,2331,667048004,51,3402,1500,667048011,53,3405,2934,667046705,52,3591,3481,667046690,44,3542,200265,667046691,7316,13554,2929,667046671,52,3572,
2026-09-30,07:29:01.987,999,1371,666364758,45,3377,1161,666364773,7305,13335,898,666364785,30,3260,1073,666364774,24,3255,1238,666364744,29,3417,754,666364706,26,3395,193909,666364758,7321,13382,1198,666364867,33,3393,
2026-09-30,07:29:02.987,999,1210,666382396,56,3407,1635,666382397,7134,13372,2411,666382395,49,3308,832,666382389,38,3262,1053,666382408,47,3456,1191,666382450,39,3451,196093,666381902,7127,13438,1190,666381879,65,3426,
2026-09-30,07:29:03.987,1000,1135,667052347,44,3412,776,667052352,7265,13343,1523,667052367,38,3263,963,667052408,40,3252,1089,667052445,43,3427,847,667052489,41,3397,195273,667052589,7262,13428,1537,667051970,40,3387,
2026-09-30,07:29:04.987,999,6778,666380167,108,3694,3415,666380205,6862,13623,3493,666380241,105,3561,3503,666380281,96,3501,4541,666380345,101,3728,3938,666380232,95,3706,202917,666380338,6881,13698,3553,666380474,119,3705,
2026-09-30,07:29:05.987,999,2095,666358186,44,3445,1958,666358194,6770,13385,1280,666358182,47,3280,1588,666358186,39,3271,757,666358084,41,3487,1050,666358075,43,3461,203073,666358043,6759,13469,1243,666357095,45,3461,
2026-09-30,07:29:06.988,1000,1886,667053462,45,3518,1927,667053477,7047,13472,2127,667053434,39,3334,1765,667053443,39,3337,2125,667053420,47,3516,2016,667053460,40,3513,201285,667053383,7039,13500,3226,667052530,48,3543,
2026-09-30,07:29:07.988,1000,949,667043957,60,3380,605,667043928,7246,13323,534,667043875,41,3242,407,667043857,28,3212,502,667043806,41,3392,1273,667042861,39,3389,192687,667042814,7283,13412,851,667042851,51,3377,
2026-09-30,07:29:08.988,999,5188,666360011,50,3544,2753,666359964,7040,13479,3224,666359931,39,3428,2504,666359891,43,3413,2765,666359842,30,3560,2388,666359804,38,3577,200160,666359782,7033,13532,2742,666359679,51,3564,
2026-09-30,07:29:09.988,999,620,666379913,31,3318,669,666379912,7023,13257,202,666379952,24,3185,76,666379958,13,3162,344,666379978,15,3344,179,666379412,19,3329,197586,666379357,7032,13339,533,666379253,26,3329,
2026-09-30,07:29:10.988,1000,6922,667045607,56,3633,3641,667045647,6668,13585,3358,667045682,38,3430,3811,667045676,39,3448,5147,667045753,44,3688,4786,667045739,33,3663,203910,667045064,6644,13662,4919,667044998,59,3682,
2026-09-30,07:29:11.988,999,2138,666373078,37,3408,930,666372346,6868,13358,1603,666372363,33,3257,799,666372389,37,3244,913,666372421,40,3470,1170,666372523,40,3457,197575,666372451,6877,13391,1300,666371815,42,3418,
2026-09-30,07:29:12.988,999,1408,666385086,23,3362,2350,666385081,6813,13326,442,666385110,27,3225,630,666385125,23,3214,657,666385065,22,3424,1095,666384033,33,3411,197020,666384034,6819,13369,999,666384118,29,3411,
2026-09-30,07:29:13.989,1000,1059,667064132,23,3338,152,667064084,6190,13278,55,667064025,9,3161,60,667064054,13,3162,304,667064114,8,3385,92,667064222,13,3386,206892,667064161,6205,13370,483,667064279,20,3380,
2026-09-30,07:29:14.989,1000,2457,667069455,72,3447,3150,667069490,7432,13407,1985,667069470,69,3351,1798,667069460,64,3336,1431,667069497,74,3477,1409,667069510,78,3482,192239,667069526,7441,13471,2174,667069607,80,3462,
2026-09-30,07:29:15.989,999,27128,666394869,69,4490,23670,666394840,7486,14374,26091,666394844,44,4337,23747,666394858,41,4368,25504,666394916,43,4513,25684,666394972,47,4496,212333,666394918,7509,14485,26751,666394850,59,4479,
2026-09-30,07:29:16.989,999,2384,666349368,50,3496,1245,666349320,6961,13422,2431,666349328,44,3359,2145,666349349,46,3350,2315,666349337,41,3531,1004,666349349,41,3502,200204,666349346,6959,13482,2583,666349240,43,3521,
2026-09-30,07:29:17.990,1000,1933,667038911,39,3394,888,667038935,6661,13351,1121,667038924,26,3251,859,667038920,26,3244,997,667038950,19,3434,977,667038936,23,3441,203345,667037920,6659,13430,1159,667037874,30,3405,
2026-09-30,07:29:18.989,999,732,666379398,45,3372,1372,666379481,7065,13325,308,666379505,29,3218,520,666379482,33,3229,657,666379439,37,3404,732,666379419,25,3391,197827,666379365,7078,13349,648,666379366,47,3380,
2026-09-30,07:29:19.989,999,1936,666377753,51,3473,1377,666377829,6936,13435,1116,666377862,42,3341,1588,666377862,40,3300,1791,666377841,36,3520,2323,666377205,40,3494,198228,666377262,6922,13436,1200,666377245,58,3478,
2026-09-30,07:29:20.989,999,1033,666380469,53,3406,685,666380455,7760,13331,1237,666380437,40,3288,927,666380415,45,3277,786,666379452,42,3409,915,666379472,33,3394,188423,666379390,7772,13368,1865,666379326,48,3390,
2026-09-30,07:29:21.989,1000,727,667050034,37,3327,242,667049947,6786,13266,214,667049986,13,3171,208,667050040,10,3167,110,667050095,13,3367,140,667050101,10,3343,201955,667049419,6791,13334,310,667049442,27,3323,
2026-09-30,07:29:22.989,999,4245,666378530,69,3644,3405,666378659,7082,13601,5864,666378703,49,3499,3703,666378688,46,3498,6330,666378683,51,3717,3521,666378709,46,3692,199224,666378724,7104,13694,4650,666378712,65,3717,
2026-09-30,07:29:23.989,999,840,666372602,39,3316,258,666372616,7206,13260,183,666372613,26,3196,272,666372570,19,3170,270,666372530,25,3356,200,666372546,19,3322,194389,666372470,7210,13320,570,666372522,31,3333,
2026-09-30,07:29:24.990,1000,4247,667045339,105,3667,2752,667045382,7098,13598,3238,667045427,73,3493,3551,667045380,71,3504,2718,667045407,82,3685,3567,667045419,72,3652,200057,667044376,7108,13660,2776,667044306,94,3666,
2026-09-30,07:29:25.989,999,3744,666389799,61,3536,3266,666389847,7491,13457,2938,666389864,41,3423,3711,666389861,50,3429,3073,666389894,45,3573,4039,666389960,38,3547,198476,666390207,7498,13545,3736,666390242,62,3576,
2026-09-30,07:29:26.989,999,2639,666389103,63,3418,1680,666389069,7959,13331,1689,666389093,38,3284,4304,666389132,40,3265,908,666389157,40,3376,1455,666389128,41,3387,190796,666389180,7966,13392,1107,666389285,48,3384,
2026-09-30,07:29:27.989,999,760,666456155,47,3322,759,666456172,7057,13288,261,666456181,18,3187,1049,666456215,28,3205,278,666456216,19,3353,350,666456330,23,3351,196914,666456370,7060,13322,1125,666456375,27,3327,
2026-09-30,07:29:28.990,1000,30897,667030610,63,4540,33999,667030601,7796,14474,31831,667030690,41,4400,30064,667030680,40,4374,26940,667030617,47,4534,27538,667030720,43,4549,215810,667029801,7777,14556,30067,667029898,53,4558,
2026-09-30,07:29:29.989,999,671,666381603,45,3324,179,666381519,7165,13256,170,666381519,26,3198,213,666381563,25,3186,149,666381527,25,3358,195,666381632,28,3335,196447,666381612,7155,13313,516,666380639,28,3324,
2026-09-30,07:29:30.989,999,1750,666385001,64,3445,1735,666384934,6944,13403,1696,666384976,46,3326,1822,666384983,39,3311,1776,666385019,45,3510,1401,666384325,48,3514,198181,666384247,6926,13455,2143,666384196,48,3470,
2026-09-30,07:29:31.989,999,7588,666400266,69,3966,8883,666400285,6940,13911,7722,666400286,63,3866,9567,666400281,57,3819,8024,666400316,49,4017,10374,666399487,66,4025,205075,666399425,6934,13990,7963,666399359,65,4022,
2026-09-30,07:29:32.990,1000,1449,666994555,57,3406,1213,666994527,7027,13362,1000,666994560,40,3253,1247,666994544,39,3254,1459,666994535,33,3416,920,666993588,37,3405,197100,666993580,7035,13379,1566,666993526,46,3415,
2026-09-30,07:29:33.989,999,1607,666380707,47,3390,618,666380727,7177,13328,1017,666380739,27,3270,513,666380755,20,3235,1633,666380800,34,3434,734,666380849,18,3400,194764,666380080,7194,13385,1137,666380007,28,3396,
2026-09-30,07:29:34.989,999,2700,666380588,91,3549,2001,666380577,7059,13482,2392,666380599,83,3400,2347,666380591,98,3428,1941,666380592,93,3612,1925,666380652,100,3574,203650,666380550,7036,13562,3094,666379695,94,3594,
2026-09-30,07:29:35.990,1000,1483,667036155,45,3374,896,667036162,7063,13331,529,667036211,33,3243,896,667036192,33,3257,684,667036255,30,3411,1150,667036351,39,3418,200917,667036342,7058,13389,1905,667036411,50,3417,
2026-09-30,07:29:36.989,999,1139,666381959,29,3344,687,666382020,7001,13267,565,666382088,17,3200,311,666382126,15,3192,639,666382158,23,3370,941,666382215,21,3371,194813,666382162,7025,13354,739,666382040,27,3363,
2026-09-30,07:29:37.989,999,1569,666375150,32,3388,1309,666375094,6921,13327,1008,666375047,27,3251,1058,666375090,27,3233,1604,666375095,23,3445,923,666375125,23,3404,197238,666375160,6932,13393,976,666375169,24,3387,
2026-09-30,07:29:38.990,1000,1731,667045511,38,3459,1735,667045561,6761,13420,1329,667045581,40,3324,2726,667045520,37,3316,1847,667045560,35,3553,968,667044757,38,3508,204151,667044742,6763,13476,1518,667044728,41,3450,
2026-09-30,07:29:39.990,999,1415,666364244,67,3463,829,666364227,6504,13382,1458,666364235,42,3294,1358,666364258,56,3289,1726,666364264,52,3528,1459,666364290,49,3537,203218,666364324,6522,13486,3104,666364253,70,3493,
2026-09-30,07:29:40.989,999,3362,666383307,47,3528,3072,666383323,7373,13474,4072,666383390,30,3408,3468,666383426,30,3409,3824,666383426,29,3558,3035,666383478,31,3552,193885,666382793,7384,13534,4971,666382812,44,3571,
2026-09-30,07:29:41.989,999,1056,666379238,28,3320,598,666379244,7041,13264,462,666379213,19,3185,180,666379160,22,3177,391,666379107,12,3335,357,666379154,18,3339,195590,666379293,7056,13300,876,666378501,22,3336,
2026-09-30,07:29:42.990,1000,488,667043847,26,3340,243,667043846,6387,13302,317,667043852,26,3207,974,667043849,16,3184,1088,667043874,26,3443,956,667043876,17,3396,202708,667043920,6411,13364,413,667043924,34,3382,
2026-09-30,07:29:43.989,999,1307,666359010,34,3366,627,666359029,6674,13319,994,666358952,30,3221,787,666358931,25,3221,856,666358870,27,3430,915,666358870,36,3431,200457,666359020,6677,13404,872,666359000,37,3404,
2026-09-30,07:29:44.989,999,3254,666383083,81,3584,2082,666383119,6863,13497,3237,666383164,86,3443,1712,666383168,87,3423,1960,666383232,86,3596,2613,666383396,77,3571,201682,666382593,6856,13583,2787,666382530,88,3610,
2026-09-30,07:29:45.990,1000,1065,667026057,50,3434,813,667026047,6921,13360,1654,667025980,36,3263,648,667025943,36,3242,1789,667025973,34,3459,1098,667026020,37,3425,197169,667025953,6910,13408,1052,667025926,43,3414,
2026-09-30,07:29:46.990,999,1708,666377749,33,3425,1686,666377771,6667,13363,1659,666377850,26,3300,974,666377868,33,3282,1372,666377883,22,3471,984,666377936,38,3458,201008,666377898,6675,13426,1378,666377899,37,3448,
2026-09-30,07:29:47.989,999,775,666377488,37,3354,839,666377411,7120,13289,290,666377434,15,3194,369,666377445,29,3215,507,666377436,23,3378,311,666376704,24,3376,197454,666376674,7126,13352,586,666376639,27,3356,
2026-09-30,07:29:48.989,999,943,666376618,36,3336,589,666376659,7421,13291,533,666376658,23,3205,650,666376692,28,3206,516,666376701,29,3355,506,666375883,30,3343,193068,666375887,7420,13316,1754,666375873,36,3357,
2026-09-30,07:29:49.990,1000,1736,667040088,28,3358,668,667040037,6550,13305,333,667040043,22,3215,504,667040003,11,3167,250,667040013,19,3387,220,667040024,15,3387,200213,667039192,6560,13373,545,667039230,22,3351,
2026-09-30,07:29:50.990,999,1286,666374548,53,3440,1163,666374488,7046,13388,1905,666374454,39,3321,1454,666374450,39,3304,1299,666374515,46,3471,1772,666374710,39,3467,199051,666373617,7028,13455,1952,666373604,39,3450,
2026-09-30,07:29:51.989,999,1753,666374129,29,3332,813,666374126,7365,13259,183,666374102,21,3180,215,666374107,19,3181,323,666374149,17,3326,223,666374245,18,3318,190013,666373749,7372,13324,839,666373738,21,3333,
2026-09-30,07:29:52.990,1000,520,667036096,31,3326,194,667035514,6609,13288,689,667035548,13,3177,131,667035553,13,3165,150,667035567,9,3376,153,667035623,15,3354,199084,667035574,6632,13349,678,667035619,19,3360,
2026-09-30,07:29:53.990,999,815,666393855,20,3315,377,666393898,6839,13260,839,666393919,19,3178,133,666393950,11,3161,147,666393964,13,3357,250,666393425,15,3351,195260,666393383,6850,13320,364,666393402,13,3311,
2026-09-30,07:29:54.989,999,1201,666393008,52,3378,1484,666391536,7526,13322,1196,666391534,34,3269,825,666391540,32,3246,1018,666391582,37,3380,924,666391645,33,3363,189235,666390865,7535,13352,950,666390896,45,3368,
2026-09-30,07:29:55.989,999,4038,666381929,52,3511,2847,666381943,7190,13453,2761,666382004,40,3378,2692,666382047,47,3393,4168,666382042,50,3587,2646,666381976,43,3525,198288,666382026,7208,13567,3062,666382095,63,3580,
2026-09-30,07:29:56.990,1000,1212,667067058,40,3392,1052,667067124,7621,13345,1052,667067100,49,3288,882,667067150,32,3239,858,667067184,37,3397,1309,667067345,36,3376,190959,667067411,7631,13390,1451,667067495,52,3396,
2026-09-30,07:29:57.990,999,804,666385402,29,3327,807,666385325,6980,13262,104,666385371,16,3182,153,666385356,16,3159,334,666385386,16,3341,180,666385493,17,3338,197567,666385561,6964,13309,776,666385602,27,3327,
2026-09-30,07:29:58.989,999,916,666385205,35,3316,373,666385190,7087,13257,420,666385256,14,3179,192,666385224,14,3171,550,666385272,19,3343,259,666385278,22,3337,198103,666385386,7075,13313,424,666385413,28,3325,
2026-09-30,07:29:59.990,1000,1577,667079182,47,3377,942,667079161,6956,13352,898,667079202,34,3260,1251,667079198,28,3240,687,667079248,24,3416,638,667079315,29,3381,196579,667079381,6987,13409,783,667079373,32,3388,
2026-09-30,07:30:00.990,999,939,666391034,39,3323,530,666391053,7158,13254,278,666391080,10,3171,132,666391096,17,3169,260,666391149,19,3336,197,666391123,13,3314,194615,666391108,7174,13319,966,666391170,25,3310,
2026-09-30,07:30:01.990,999,1718,666317938,53,3434,1226,666317978,7384,13370,1461,666318020,40,3304,1505,666318021,37,3303,1224,666318012,42,3437,1858,666318031,43,3451,195629,666317262,7384,13459,1544,666317339,54,3441,
2026-09-30,07:30:02.989,999,1518,666380497,58,3402,1925,666380519,7224,13323,2184,666380553,39,3271,757,666380568,38,3254,834,666380630,41,3413,884,666380606,35,3411,197689,666379706,7244,13393,1683,666379690,47,3401,
2026-09-30,07:30:03.990,1000,1040,667063249,38,3345,914,667063249,7159,13325,813,667063275,24,3237,565,667063224,25,3242,625,667063207,23,3397,644,667063286,27,3398,200303,667062387,7141,13364,1083,667062357,31,3389,
2026-09-30,07:30:04.990,999,5124,666376076,65,3614,2610,666376052,6873,13533,3100,666376113,46,3441,2868,666376104,50,3461,3847,666376075,39,3649,3173,666376123,58,3670,202321,666375564,6890,13629,4570,666375567,60,3652,
2026-09-30,07:30:05.990,999,2208,666373212,43,3398,1372,666373126,7151,13359,1243,666373125,35,3266,633,666373126,30,3258,759,666373106,29,3404,719,666373110,31,3395,198712,666373124,7137,13382,1190,666372165,33,3411,
2026-09-30,07:30:06.990,1000,2654,667008453,55,3501,1039,667008404,6789,13402,1886,667008463,34,3328,1128,667008474,31,3284,2519,667008517,49,3540,1522,667007642,44,3507,202379,667007691,6785,13483,1567,667007702,47,3491,
2026-09-30,07:30:07.990,999,1353,666379036,35,3304,396,666379015,7576,13240,403,666379031,26,3222,299,666379044,20,3194,465,666379064,28,3364,832,666379164,23,3324,193937,666379278,7579,13317,511,666379407,33,3323,
2026-09-30,07:30:08.990,999,1226,666386022,44,3369,1859,666386024,7674,13335,675,666386126,39,3269,1533,666386108,34,3253,1655,666386148,34,3381,959,666386133,46,3380,193323,666386161,7692,13387,1363,666386024,47,3394,
2026-09-30,07:30:09.989,999,961,666404520,27,3299,703,666404487,7408,13248,74,666404498,14,3164,130,666404480,16,3160,97,666404495,15,3310,124,666404522,12,3303,193243,666404499,7396,13275,892,666404541,19,3295,
2026-09-30,07:30:10.990,1000,3663,667070336,55,3515,2646,667070407,6721,13438,2025,667070429,36,3345,3155,667070430,34,3326,2164,667070405,43,3529,2864,667070455,33,3510,203701,667070460,6752,13559,2534,667070407,52,3561,
2026-09-30,07:30:11.990,999,725,666346193,36,3321,1106,666346219,7375,13275,710,666346170,24,3200,410,666346156,27,3203,428,666346211,27,3356,354,666346232,22,3339,195815,666346119,7368,13312,681,666346080,34,3332,
2026-09-30,07:30:12.990,999,1222,666356028,36,3369,720,666355935,7408,13314,575,666355917,31,3260,1523,666355913,27,3264,1198,666355923,32,3439,1208,666355897,39,3406,194014,666355818,7407,13382,1054,666355822,40,3399,
2026-09-30,07:30:13.990,1000,621,667022691,26,3291,138,667022627,7429,13243,88,667022640,13,3172,68,667022677,7,3152,141,667022672,17,3313,326,667022664,16,3305,195862,667022660,7428,13292,698,667022615,19,3280,
2026-09-30,07:30:14.990,999,1668,666352865,55,3422,1218,666352866,6978,13351,1983,666352858,49,3272,1320,666352857,36,3255,1401,666352863,42,3433,886,666352833,48,3417,196449,666352862,7005,13398,1365,666352811,63,3437,
2026-09-30,07:30:15.990,999,1726,666366399,50,3371,479,666366355,7288,13286,419,666366350,33,3215,658,666366326,33,3212,498,666366294,33,3373,1309,666366311,25,3361,194589,666365577,7323,13372,1226,666365486,38,3354,
2026-09-30,07:30:16.990,1000,1967,667066320,66,3439,1762,667066343,6992,13383,1211,667066417,40,3308,2459,667066413,44,3298,1112,667066476,40,3486,1277,667066580,37,3462,199049,667066618,7013,13440,1342,667065725,51,3450,
2026-09-30,07:30:17.990,999,1019,666386064,35,3343,307,666386050,6909,13275,676,666386025,14,3183,181,666386009,14,3183,738,666386001,17,3361,536,666386088,17,3351,195759,666386009,6925,13342,707,666385220,27,3353,
2026-09-30,07:30:18.990,999,1400,666391365,28,3358,833,666391378,7057,13318,1099,666391339,25,3225,424,666391335,17,3197,679,666391361,28,3393,451,666390737,21,3372,199111,666390672,7057,13371,840,666390639,33,3392,
2026-09-30,07:30:19.990,999,375,666382703,24,3289,161,666382731,7082,13240,237,666382745,12,3157,110,666382678,11,3164,269,666382715,12,3323,246,666382637,11,3320,194269,666381562,7096,13309,479,666381527,21,3318,
2026-09-30,07:30:20.990,1000,851,667041354,39,3300,506,667041365,7595,13253,276,667041373,12,3183,580,667041391,11,3181,653,667041313,15,3318,212,667040020,14,3292,192890,667040031,7602,13293,1122,667040021,31,3300,
2026-09-30,07:30:21.990,999,1466,666379328,29,3316,316,666379361,7128,13259,225,666378730,11,3205,249,666378697,19,3188,587,666378753,12,3340,342,666378860,13,3328,196886,666378838,7158,13312,629,666378835,27,3326,
2026-09-30,07:30:22.990,999,912,666373586,24,3274,156,666373560,7646,13201,117,666373546,10,3157,157,666373561,3,3134,308,666373532,13,3292,95,666372865,12,3262,189769,666372967,7681,13255,228,666372949,19,3266,
2026-09-30,07:30:23.990,999,608,666380928,31,3302,407,666381022,7574,13238,596,666381067,17,3190,664,666381079,14,3183,246,666381129,20,3329,364,666380399,16,3305,194041,666380371,7589,13297,793,666380450,28,3320,
2026-09-30,07:30:24.990,1000,904,667060502,58,3348,939,667060551,7676,13302,949,667060592,42,3261,589,667060618,27,3232,1135,667060624,38,3353,619,667060668,32,3354,191434,667060632,7721,13340,1099,667060722,40,3357,
2026-09-30,07:30:25.990,999,8965,666386674,55,3728,6335,666386738,7330,13696,7531,666386751,32,3640,6991,666386756,39,3627,8061,666386792,34,3783,7376,666386816,32,3775,202612,666386892,7325,13732,7808,666386991,55,3769,
2026-09-30,07:30:26.990,999,1810,666403451,55,3380,1326,666403475,7294,13318,433,666403474,29,3225,1587,666403520,26,3254,1386,666403565,34,3405,591,666403601,31,3392,197158,666403642,7288,13378,2113,666403744,39,3407,
2026-09-30,07:30:27.990,1000,5319,667059914,43,3568,4350,667059834,7911,13545,3428,667059818,21,3467,3223,667059858,23,3463,4565,667059855,26,3590,2739,667059980,19,3559,191924,667060080,7921,13582,4832,667060193,37,3575,
2026-09-30,07:30:28.990,999,1117,666380845,31,3322,176,666380888,7001,13264,198,666380940,17,3176,96,666380906,15,3156,283,666380894,12,3350,139,666380995,16,3331,196886,666381122,7017,13297,250,666381209,24,3308,
2026-09-30,07:30:29.990,999,2132,666352563,43,3350,470,666352582,7312,13297,862,666352533,34,3237,660,666352512,37,3249,599,666352539,30,3373,472,666352505,30,3355,195221,666352565,7327,13345,832,666352470,42,3369,
2026-09-30,07:30:30.990,999,595,666381207,35,3316,384,666381198,7039,13264,291,666381256,24,3213,387,666381285,24,3181,160,666381292,13,3338,909,666381298,21,3361,198015,666381334,7053,13315,533,666381336,26,3331,
2026-09-30,07:30:31.990,1000,826,667047395,41,3340,929,667047391,6882,13314,397,667047412,25,3214,325,667047394,24,3192,341,667047439,21,3382,383,667046602,20,3374,195685,667046517,6900,13352,446,667046492,29,3362,
2026-09-30,07:30:32.990,999,1043,666387132,39,3331,978,666387150,7310,13294,874,666387179,22,3227,455,666387171,29,3217,588,666387154,29,3383,726,666387200,24,3369,194911,666386438,7308,13352,1585,666386416,32,3364,
2026-09-30,07:30:33.990,999,696,666380102,34,3297,383,666380123,7206,13245,317,666380087,10,3167,109,666380120,12,3162,58,666380108,9,3305,66,666379379,11,3301,194327,666379265,7214,13291,288,666379191,22,3301,
2026-09-30,07:30:34.991,1000,295994,667032944,885,22948,279422,667032996,8757,32949,285934,667033029,889,22710,280786,667033034,885,22690,275145,667032994,889,22965,273423,667032996,900,22724,472620,667033030,8760,32783,291330,667032983,915,22896,
2026-09-30,07:30:35.990,999,9991,666387639,161,4390,10257,666387619,7208,14373,8654,666387630,150,4204,8755,666387627,149,4170,8552,666387711,144,4346,8358,666386986,144,4332,207576,666386862,7231,14407,7938,666386913,154,4367,
2026-09-30,07:30:36.990,999,37946,666374781,140,5853,37388,666374778,7480,15819,37071,666374772,111,5700,37086,666374703,124,5779,39472,666374733,133,5906,43359,666374700,131,5891,233324,666373935,7475,15810,39608,666373934,124,5853,
2026-09-30,07:30:37.990,999,2548,666400753,72,3531,1727,666400786,7091,13460,1653,666400779,69,3385,1236,666400799,57,3355,1810,666400782,66,3546,1998,666400749,58,3527,197588,666400735,7064,13528,2251,666400763,70,3540,
2026-09-30,07:30:38.991,1000,26186,667047884,166,4944,25730,667047818,7673,14829,26127,667047770,158,4736,22837,667047753,150,4780,23732,667047692,156,4887,22535,667046712,154,4881,216855,667046645,7688,14898,22561,667046633,159,4915,
2026-09-30,07:30:39.990,999,2787,666382734,87,3481,3049,666382836,7228,13452,1486,666382812,83,3358,1259,666382798,69,3370,1447,666382849,73,3513,1652,666382046,80,3499,197553,666381939,7233,13479,2037,666381883,88,3519,
2026-09-30,07:30:40.990,999,11811,666379459,100,4195,13186,666379534,7464,14118,12204,666379466,93,4027,13063,666379473,85,4051,15374,666379517,96,4275,12343,666379495,87,4196,206805,666378726,7500,14126,13417,666378618,107,4195,
2026-09-30,07:30:41.991,1000,2513,667053097,53,3491,1833,667053143,7004,13431,2311,667053178,59,3317,1522,667053225,53,3325,1174,667053283,61,3510,1277,667052316,54,3458,198557,667052388,6990,13495,2232,667052329,63,3528,
2026-09-30,07:30:42.991,1000,4456,667029832,82,3580,2866,667029899,7035,13558,1926,667029931,64,3438,2848,667029900,80,3451,3356,667029932,77,3629,2460,667029924,60,3613,200744,667028974,7039,13600,3561,667028991,79,3608,
2026-09-30,07:30:43.991,999,2545,666382200,87,3523,1604,666382165,7380,13480,1604,666382215,82,3400,1285,666382215,61,3393,2306,666382240,69,3530,1710,666382295,64,3542,192917,666381489,7376,13562,2159,666381392,86,3542,
2026-09-30,07:30:44.991,999,8542,666384568,183,4141,9120,666384605,7759,14084,9468,666384580,162,4047,9688,666384620,176,4018,11370,666384640,185,4163,9666,666383588,173,4133,200361,666383698,7765,14113,11128,666383600,176,4134,
2026-09-30,07:30:45.992,1000,2899,667035915,78,3581,2497,667035895,7481,13518,3472,667035908,78,3469,3485,667035889,62,3410,2448,667035920,63,3602,3220,667035137,75,3563,197865,667035179,7441,13552,3357,667035171,65,3557,
2026-09-30,07:30:46.991,999,2218,666372444,55,3454,1312,666372434,6968,13373,692,666372436,52,3271,1730,666372437,43,3262,1347,666371707,47,3466,691,666371760,51,3452,199119,666371806,6999,13433,1724,666371816,51,3465,
2026-09-30,07:30:47.991,999,3200,666386389,60,3579,2680,666386409,7026,13551,2981,666386403,72,3486,2063,666386432,54,3449,3290,666386466,49,3618,3771,666385757,51,3602,199643,666385670,7010,13591,3630,666385649,60,3620,
2026-09-30,07:30:48.992,1000,1025,667051060,49,3345,720,667051053,7910,13278,728,667051033,47,3259,714,667051060,38,3238,534,667051097,35,3343,797,667050254,51,3370,188606,667050328,7920,13349,1185,667050316,39,3350,
2026-09-30,07:30:49.992,999,3256,666400889,62,3555,3372,666400934,7460,13496,2844,666400901,49,3411,3148,666400900,56,3435,2831,666400895,57,3555,2983,666400926,57,3529,194974,666400818,7474,13527,2314,666400853,48,3568,
2026-09-30,07:30:50.991,999,979,666356959,47,3367,962,666356940,7584,13315,607,666356841,43,3263,1020,666356852,58,3290,1200,666356859,40,3384,568,666356838,49,3379,192387,666356930,7553,13357,1221,666356921,41,3372,
2026-09-30,07:30:51.991,999,2695,666358620,44,3457,1233,666358600,6967,13401,1520,666358655,38,3296,1575,666358662,44,3289,1377,666358673,45,3453,1382,666358718,40,3465,195482,666358762,6975,13420,1883,666358781,51,3469,
2026-09-30,07:30:52.992,1000,1278,667041958,39,3351,339,667041946,6923,13305,247,667041064,24,3221,396,667041072,27,3199,486,667041144,19,3370,725,667041183,31,3375,197741,667041107,6950,13375,581,667041118,35,3350,
2026-09-30,07:30:53.991,999,686,666359030,31,3324,558,666359030,7127,13281,212,666358992,18,3196,566,666358963,21,3197,1393,666358980,15,3365,162,666358942,16,3346,198134,666358912,7129,13345,537,666358887,34,3348,
2026-09-30,07:30:54.991,999,2048,666374607,81,3461,1571,666374630,7512,13405,1403,666374651,76,3382,1517,666374673,80,3357,1619,666374639,68,3471,1902,666374696,76,3477,193144,666373956,7521,13466,1416,666373952,72,3449,
2026-09-30,07:30:55.992,1000,4048,667055112,49,3547,3626,667055166,7321,13524,2800,667055161,46,3438,3274,667055135,37,3406,3377,667055164,45,3598,2941,667055185,40,3562,195922,667054410,7339,13567,3387,667054315,55,3545,
2026-09-30,07:30:56.991,999,3444,666320393,80,3571,2786,666320420,7571,13497,2757,666320448,74,3439,2783,666320444,67,3443,3166,666320429,74,3571,3633,666320432,68,3583,192420,666320450,7577,13532,3222,666320473,77,3590,
2026-09-30,07:30:57.991,999,993,666377316,49,3348,484,666377327,7676,13262,523,666377330,25,3217,279,666377368,27,3225,196,666377425,26,3344,338,666377419,31,3330,188856,666377383,7712,13315,702,666376795,36,3364,
2026-09-30,07:30:58.992,1000,1074,667034272,50,3363,554,667034283,7202,13291,694,667034355,30,3207,410,667034402,29,3205,1025,667034377,33,3390,540,667033516,28,3356,197001,667033481,7223,13383,988,667033483,47,3364,
2026-09-30,07:30:59.992,999,5465,666391202,30,3506,3363,666391224,7527,13408,1864,666391271,27,3316,1699,666391233,24,3292,1872,666391281,23,3445,2056,666390497,28,3401,192049,666390404,7553,13440,5350,666390433,23,3416,
2026-09-30,07:31:00.991,999,756,666378245,40,3351,700,666378225,6682,13285,848,666378232,21,3196,190,666378201,18,3176,245,666378147,21,3377,199,666378137,25,3378,197906,666377367,6717,13348,997,666377208,36,3359,
2026-09-30,07:31:01.991,999,1292,666392453,36,3376,671,666392457,7201,13333,805,666392424,18,3244,1514,666392472,18,3244,1052,666392521,23,3406,1665,666391893,15,3382,196089,666391856,7214,13383,1606,666391865,30,3397,
2026-09-30,07:31:02.992,1000,2723,667026175,63,3455,1458,667026190,7161,13378,1708,667026119,41,3317,1357,667026095,29,3275,973,667026070,40,3495,908,667026041,31,3461,195480,667026001,7189,13441,1205,667025985,51,3421,
2026-09-30,07:31:03.992,999,1224,666376573,46,3389,1407,666376646,7397,13320,1627,666376662,36,3263,1128,666376683,28,3252,1107,666376697,36,3407,769,666375917,38,3406,195699,666375829,7410,13401,1761,666375744,41,3402,
2026-09-30,07:31:04.991,999,3963,666357751,80,3631,3667,666357822,6619,13567,3258,666357846,59,3473,3386,666357809,62,3443,3410,666357861,56,3663,4087,666357954,55,3654,207338,666357144,6623,13663,4726,666357087,72,3695,
2026-09-30,07:31:05.992,1000,1287,667041700,40,3395,856,667041692,6649,13346,717,667041663,26,3231,1064,667041710,25,3236,1224,667041713,29,3443,948,667040767,21,3425,199878,667040794,6661,13408,1291,667040758,38,3405,
2026-09-30,07:31:06.992,999,800,666380055,32,3370,313,666380097,6999,13287,367,666380181,20,3195,358,666380158,28,3208,264,666380168,21,3378,479,666380159,22,3373,196990,666380097,7006,13355,1396,666380066,24,3368,
2026-09-30,07:31:07.991,999,1884,666383895,49,3446,1773,666383911,6956,13416,972,666383960,38,3318,833,666383966,39,3285,1497,666383968,35,3484,1730,666384047,27,3459,201487,666383188,6986,13480,1772,666383175,41,3462,
2026-09-30,07:31:08.991,999,2292,666367453,57,3431,1367,666367447,7407,13390,1473,666367430,50,3302,1342,666367390,38,3309,1305,666367439,50,3488,827,666366769,55,3443,196892,666366751,7395,13435,1363,666366822,53,3448,
2026-09-30,07:31:09.992,1000,1293,667041715,34,3368,1260,667041754,7622,13329,875,667041745,27,3251,974,667041767,26,3268,1502,667041870,17,3362,1227,667041910,24,3371,194291,667041000,7639,13361,1714,667041019,25,3379,
2026-09-30,07:31:10.992,999,5243,666369566,64,3660,4668,666369639,7263,13630,5415,666369665,53,3547,3938,666369709,73,3551,6087,666369720,61,3726,5165,666369068,69,3703,199987,666369125,7266,13669,5192,666369136,65,3713,
2026-09-30,07:31:11.991,999,1099,666395640,33,3323,519,666395619,7131,13260,698,666395654,27,3215,775,666395660,23,3180,558,666395693,32,3375,549,666395784,24,3363,196308,666395875,7147,13337,705,666395918,29,3330,
2026-09-30,07:31:12.992,1000,1212,667059743,20,3332,583,667059776,6902,13281,357,667059812,17,3186,300,667059787,15,3173,241,667059859,10,3359,286,667059841,22,3365,198804,667059954,6901,13334,382,667059968,17,3332,
2026-09-30,07:31:13.992,999,741,666395847,45,3338,413,666395882,7391,13289,716,666395928,27,3230,653,666395896,27,3222,576,666395974,37,3383,360,666396017,27,3350,193091,666396116,7379,13329,879,666396064,38,3359,
2026-09-30,07:31:14.992,999,1537,666439181,77,3412,1404,666439134,7705,13353,1241,666439075,54,3297,1508,666439089,53,3309,1181,666439086,54,3415,1429,666439056,53,3411,190326,666439186,7717,13394,2088,666439240,77,3423,
2026-09-30,07:31:15.991,999,532,666401024,29,3326,603,666401055,6725,13292,496,666401087,24,3201,428,666401084,25,3179,335,666401110,19,3385,769,666401200,19,3370,201951,666401174,6745,13355,949,666401175,39,3368,
2026-09-30,07:31:16.992,1000,1710,667040182,33,3405,676,667040180,6592,13379,453,667040187,25,3250,1014,667040156,22,3247,858,667040089,23,3430,872,667040099,24,3443,202575,667040071,6586,13429,1305,667040212,38,3421,
2026-09-30,07:31:17.992,999,766,666354866,28,3315,995,666354903,7411,13261,320,666354914,18,3192,207,666354903,15,3180,211,666354875,15,3329,212,666354874,17,3325,191390,666354945,7390,13299,400,666354918,19,3308,
2026-09-30,07:31:18.992,999,1402,666381798,22,3320,398,666381822,6911,13276,329,666381790,11,3174,425,666381796,15,3181,369,666381765,12,3379,228,666381816,12,3342,201666,666381831,6909,13329,753,666381973,19,3332,
2026-09-30,07:31:19.991,999,984,666391823,41,3384,1716,666391787,7233,13323,799,666391762,25,3240,1337,666391755,31,3260,1419,666391841,22,3409,953,666391836,39,3406,195781,666391900,7259,13389,1923,666391765,35,3406,
2026-09-30,07:31:20.992,1000,1098,667051776,29,3314,905,667051826,7131,13283,447,667051870,18,3199,524,667051906,16,3186,237,667051957,18,3344,297,667051915,21,3340,194048,667052049,7151,13316,442,667052132,23,3320,
2026-09-30,07:31:21.992,999,845,666395393,21,3284,302,666395355,7113,13228,118,666395365,13,3159,116,666395392,10,3167,439,666395332,8,3330,167,666395407,17,3330,193785,666395598,7131,13285,765,666395654,11,3303,
2026-09-30,07:31:22.992,999,672,666396797,48,3357,990,666396749,6828,13324,477,666396741,25,3224,799,666396734,28,3223,474,666396766,23,3386,381,666396798,23,3397,197097,666396817,6866,13335,938,666396892,32,3379,
2026-09-30,07:31:23.992,1000,26066,667019516,48,4497,24121,667019511,7819,14420,26857,667019558,26,4381,24004,667019560,19,4377,22744,667019565,33,4531,26735,667019555,29,4542,209833,667019536,7836,14508,24837,667019539,49,4535,
2026-09-30,07:31:24.993,1000,1956,667021377,69,3427,1074,667021392,7302,13381,1849,667021320,55,3321,1623,667021325,62,3307,2059,667021329,65,3493,1296,667021327,44,3423,198155,667021344,7281,13444,2080,667021465,58,3426,
2026-09-30,07:31:25.993,999,5324,666360584,69,3497,2317,666360524,8396,13431,2612,666360454,42,3399,2963,666360418,48,3391,4035,666360418,42,3473,3232,666360425,47,3476,186736,666360513,8414,13458,2535,666360420,55,3500,
2026-09-30,07:31:26.992,999,1303,666381599,52,3374,1275,666381635,7432,13300,332,666381585,39,3237,879,666381604,36,3249,716,666381616,35,3397,474,666381640,39,3366,197490,666381556,7415,13361,1002,666381582,45,3387,
2026-09-30,07:31:27.993,1000,5519,667029412,46,3691,5735,667029399,7654,13628,5529,667029384,36,3580,3309,667029354,38,3575,4485,667029297,28,3667,4134,667029315,32,3662,194699,667028559,7690,13673,5198,667028627,49,3692,
2026-09-30,07:31:28.993,999,1023,666378612,31,3324,624,666378653,7083,13264,431,666378621,13,3190,205,666378632,16,3189,237,666378656,12,3341,684,666377949,14,3342,200162,666377914,7077,13325,677,666377833,27,3337,
2026-09-30,07:31:29.992,999,725,666380615,34,3305,185,666380589,7544,13216,106,666380542,19,3182,179,666380526,12,3162,209,666380501,13,3289,135,666379619,15,3286,189670,666379620,7566,13291,203,666379655,20,3274,
2026-09-30,07:31:30.993,1000,1479,667056653,60,3365,969,667056688,7607,13324,1028,667056765,33,3233,952,667056801,29,3237,1086,667056814,37,3362,974,667055508,38,3359,191114,667055613,7613,13370,1259,667055578,50,3383,
2026-09-30,07:31:31.993,999,1817,666378309,59,3363,693,666378323,7591,13314,769,666378312,35,3252,949,666378325,43,3255,1012,666378304,34,3386,1026,666378277,44,3401,191959,666377503,7597,13342,1309,666377440,49,3382,
2026-09-30,07:31:32.993,999,641,666372774,26,3304,211,666372778,7017,13248,134,666372849,15,3171,161,666372811,12,3154,36,666372808,8,3321,92,666372939,16,3313,199830,666372911,7019,13316,353,666372008,24,3312,
2026-09-30,07:31:33.992,999,482,666372908,24,3305,477,666372898,6677,13264,201,666372856,19,3190,317,666372845,15,3162,134,666372904,11,3364,153,666372929,15,3357,198472,666372084,6677,13315,586,666372168,17,3329,
2026-09-30,07:31:34.993,1000,1154,667027528,65,3404,1041,667027579,7117,13378,1541,667027574,44,3300,721,667027575,47,3279,1788,667027620,40,3423,1230,667027640,53,3423,197280,667026892,7126,13434,1643,667026846,51,3421,
2026-09-30,07:31:35.993,999,26686,666356252,96,4738,21289,666356332,6866,14765,17104,666356340,86,4512,19010,666356333,80,4584,19858,666356340,79,4670,21610,666356337,89,4814,218885,666356454,6860,14776,22488,666356541,109,4796,
2026-09-30,07:31:36.992,999,1310,666352396,39,3374,1067,666352364,6840,13306,435,666352393,27,3202,306,666352358,23,3206,224,666352371,18,3390,458,666352359,18,3374,197228,666352358,6820,13364,1670,666352346,35,3394,
2026-09-30,07:31:37.993,1000,2997,667050629,61,3461,1788,667050727,8123,13398,3386,667050689,37,3379,3101,667050712,32,3357,2322,667050777,44,3471,2389,667050802,37,3425,185228,667050748,8118,13451,3083,667049927,53,3454,
2026-09-30,07:31:38.993,999,8735,666379755,54,3775,7475,666379745,7394,13709,8368,666379750,49,3665,8959,666379712,37,3671,6822,666379685,45,3783,6478,666378803,31,3766,196187,666378872,7423,13753,5654,666378858,53,3762,
2026-09-30,07:31:39.993,999,1673,666376949,53,3349,835,666377025,7714,13296,934,666377095,32,3254,880,666377110,40,3275,858,666377144,37,3377,773,666377127,42,3341,189377,666376176,7725,13337,849,666376178,52,3371,
2026-09-30,07:31:40.993,1000,3637,667045113,60,3517,2754,667045152,6660,13455,2957,667045110,41,3369,3405,667045074,41,3387,2469,667045041,32,3579,3042,667045012,39,3556,202888,667044571,6649,13528,2879,667044517,45,3533,
2026-09-30,07:31:41.993,999,3052,666360636,41,3447,2025,666360694,7183,13402,1754,666360712,45,3332,1375,666360707,38,3300,1969,666360723,48,3521,1333,666360704,46,3490,198323,666360663,7182,13478,2498,666360561,48,3496,
2026-09-30,07:31:42.993,999,1394,666378202,27,3368,660,666378247,6612,13319,622,666378248,16,3220,582,666378287,30,3200,601,666378328,28,3413,724,666377475,26,3400,197120,666377411,6626,13360,1009,666377407,36,3412,
2026-09-30,07:31:43.993,999,605,666362043,29,3315,688,666362041,7127,13282,729,666361994,18,3189,464,666362014,23,3189,626,666361961,10,3356,1401,666361159,20,3348,197945,666361207,7104,13330,1879,666361171,23,3330,
2026-09-30,07:31:44.993,1000,1153,667047585,64,3440,608,667047585,6422,13377,1324,667047539,62,3283,623,667047562,55,3269,1295,667047623,52,3473,673,667046772,51,3488,208107,667046726,6411,13430,2197,667046593,59,3467,
2026-09-30,07:31:45.993,999,90852,666376262,195,9979,94557,666376210,7504,19863,88783,666376232,171,9619,85469,666376270,178,9502,88589,666376289,173,9752,86512,666375711,163,9840,281710,666375796,7489,19743,94357,666375723,178,9849,
2026-09-30,07:31:46.993,999,6094,666387399,106,4123,9336,666387467,6588,14069,8182,666387441,107,3994,8860,666386662,94,3963,7286,666386651,93,4216,8013,666386730,84,4142,211296,666386652,6566,14140,8726,666386595,121,4228,
2026-09-30,07:31:47.993,1000,2874,667039125,87,3565,2508,667039108,7056,13469,2150,667039119,61,3371,1617,667039117,81,3385,2595,667039094,74,3576,2729,667039127,69,3550,199478,667038223,7068,13540,2203,667038173,90,3561,
2026-09-30,07:31:48.993,999,1551,666364979,52,3391,841,666365003,6757,13349,500,666364993,34,3257,815,666364971,36,3246,716,666365022,25,3433,847,666365015,26,3442,203164,666364412,6783,13426,689,666364360,49,3426,
2026-09-30,07:31:49.993,999,2193,666379347,62,3427,1642,666379428,7437,13345,1368,666379458,39,3284,1222,666379460,49,3290,996,666379511,33,3409,1610,666378612,46,3418,195701,666378672,7431,13409,1403,666378637,60,3400,
2026-09-30,07:31:50.993,999,2708,666381872,78,3507,3220,666381905,7521,13466,3653,666382013,53,3414,2325,666382041,55,3388,2687,666382057,63,3557,3146,666381999,62,3568,193508,666381983,7575,13529,2241,666381932,69,3514,
2026-09-30,07:31:51.993,1000,1898,667066859,66,3436,795,667066871,7353,13361,969,667066909,53,3304,1760,667066938,40,3288,820,667066937,38,3444,1584,667066985,42,3437,194799,667067070,7355,13432,1292,667067247,48,3406,
2026-09-30,07:31:52.993,999,1361,666370108,51,3408,943,666370150,6476,13337,534,666370154,44,3239,669,666370117,33,3239,948,666370125,36,3444,749,666370121,40,3457,203572,666370019,6466,13407,1230,666370079,39,3434,
2026-09-30,07:31:53.993,999,1061,666393642,31,3354,835,666393676,6823,13297,406,666393630,29,3206,1038,666393632,22,3192,528,666393592,23,3392,767,666393676,27,3387,200487,666393775,6836,13375,537,666393815,31,3368,
2026-09-30,07:31:54.994,1000,3867,667132428,134,3664,2877,667132453,7466,13630,4100,667132475,105,3534,3825,667132505,108,3500,2852,667132513,114,3674,3577,667132506,111,3671,196707,667132550,7455,13644,3952,667132563,146,3698,
2026-09-30,07:31:55.993,999,15581,666386876,187,4563,17649,666386937,7495,14503,15099,666387010,168,4420,12533,666386995,165,4364,16509,666387028,179,4637,16327,666387022,166,4516,210241,666386864,7523,14536,19131,666386860,192,4571,
2026-09-30,07:31:56.993,999,2205,666344056,49,3429,735,666344048,6951,13365,1002,666344034,35,3264,756,666344047,30,3254,1338,666344076,26,3435,968,666344061,39,3440,197280,666344055,6968,13399,1899,666344028,36,3437,
2026-09-30,07:31:57.993,999,2160,666376662,50,3380,1359,666376682,7647,13338,1186,666376664,31,3258,1756,666376658,37,3291,868,666376666,39,3403,1344,666376759,42,3408,192979,666376534,7658,13361,947,666376573,40,3360,
2026-09-30,07:31:58.994,1000,1458,667058774,45,3381,1887,667058783,6825,13377,696,667058770,47,3264,1116,667058803,42,3252,834,667058814,39,3442,792,667058804,49,3462,198535,667058209,6818,13411,1428,667058134,52,3441,
2026-09-30,07:31:59.993,999,641,666389501,54,3316,372,666389507,7710,13252,496,666389572,29,3227,404,666389556,29,3209,605,666389606,28,3325,561,666389530,24,3317,192333,666389522,7696,13305,968,666389500,31,3320,
2026-09-30,07:32:00.993,999,1522,666389077,39,3399,1148,666389077,6976,13329,1355,666389082,28,3265,1032,666389040,31,3282,1379,666388993,39,3442,754,666388438,44,3458,201964,666388397,6981,13410,927,666388456,51,3408,
2026-09-30,07:32:01.993,999,2585,666381854,45,3431,2494,666381875,6997,13359,739,666381916,27,3252,823,666381848,36,3268,1007,666381825,38,3446,1481,666381090,26,3415,199704,666381039,7013,13429,1764,666381096,45,3448,
2026-09-30,07:32:02.994,1000,1517,667046861,21,3324,308,667046823,7241,13276,401,667046796,19,3192,160,667046816,10,3165,162,667046860,19,3341,250,667046086,13,3328,194792,667046087,7246,13328,503,667045985,27,3338,
2026-09-30,07:32:03.993,999,1182,666373649,51,3330,648,666373630,7995,13293,639,666373632,36,3262,829,666373650,29,3226,1372,666373669,41,3381,681,666373676,38,3345,187910,666372167,8003,13342,1360,666372215,53,3372,
2026-09-30,07:32:04.993,999,3751,666380260,103,3655,3233,666380267,7009,13586,4295,666380300,92,3534,2926,666380354,84,3504,3117,666380400,87,3678,5137,666380483,87,3690,201820,666380475,7037,13649,3503,666379805,112,3701,
2026-09-30,07:32:05.994,1000,2285,667067691,48,3518,1655,667067772,7044,13443,2651,667067787,42,3379,1688,667067788,43,3362,2031,667067826,36,3570,2805,667067793,36,3501,196860,667067773,7057,13537,3037,667067896,47,3503,
2026-09-30,07:32:06.993,999,1217,666372451,45,3371,489,666372452,6784,13298,688,666372512,26,3237,674,666372438,28,3225,680,666372479,30,3416,656,666372509,20,3384,198067,666372502,6834,13391,634,666372327,43,3404,
2026-09-30,07:32:07.993,999,33845,666376341,76,4433,29545,666376290,6663,14401,26238,666376348,68,4263,28612,666376381,52,4240,26792,666375634,48,4429,23661,666375789,52,4426,228403,666375877,6641,14446,27657,666375859,68,4494,
2026-09-30,07:32:08.993,999,3309,666386280,51,3493,2138,666386282,7003,13451,3139,666386314,33,3377,1651,666386366,36,3392,1737,666386381,33,3551,2768,666386512,33,3560,200814,666386551,7023,13528,2485,666386572,43,3537,
2026-09-30,07:32:09.994,1000,1603,667057474,50,3377,1605,667057452,7660,13328,951,667057458,27,3256,1161,667057441,36,3277,1020,667057440,28,3396,1632,667057510,40,3415,192495,667057512,7650,13398,1311,667057446,40,3394,
2026-09-30,07:32:10.993,999,12050,666401506,68,4012,9408,666401460,6925,13988,9370,666401473,62,3857,10075,666401492,69,3868,10014,666401558,56,4035,9104,666401676,73,4013,208810,666401645,6947,14014,11532,666401747,82,4053,
2026-09-30,07:32:11.993,999,588,666411454,47,3320,510,666411403,7627,13282,941,666411374,31,3231,801,666411397,22,3184,936,666411380,40,3351,264,666411442,32,3323,191289,666411517,7635,13321,1277,666411611,41,3325,
2026-09-30,07:32:12.993,999,1009,666392399,27,3348,655,666392385,6681,13272,210,666392332,13,3192,271,666392296,26,3184,410,666392239,17,3388,486,666392305,20,3379,200354,666392239,6676,13347,913,666392272,23,3367,
2026-09-30,07:32:13.994,1000,1466,667030330,45,3370,1060,667030280,7188,13317,1136,667030288,26,3247,1611,667030280,25,3221,846,667030298,29,3403,861,667030352,35,3402,193838,667030415,7190,13391,1649,667030377,40,3396,
2026-09-30,07:32:14.993,999,2602,666380327,99,3599,2033,666380323,7125,13538,2184,666380295,99,3482,2172,666380299,93,3448,2174,666380325,93,3622,2633,666379654,87,3600,199474,666379611,7120,13602,2573,666379595,112,3611,
2026-09-30,07:32:15.993,999,1474,666364240,44,3354,999,666364244,7140,13321,1215,666364292,35,3229,687,666364312,24,3216,1315,666364362,34,3397,521,666363524,29,3392,198078,666363570,7161,13373,984,666363503,51,3387,
2026-09-30,07:32:16.994,1000,1476,667044372,43,3418,996,667044403,6717,13367,536,667044398,26,3246,500,667044373,27,3244,1044,667044451,23,3443,656,667044415,32,3434,200211,667044456,6724,13413,2238,667044427,31,3440,
2026-09-30,07:32:17.994,999,1594,666379377,34,3346,1031,666379419,7407,13298,1086,666379453,22,3217,508,666379444,23,3224,940,666379526,26,3382,551,666379074,19,3367,195124,666379078,7422,13360,1095,666379058,33,3367,
2026-09-30,07:32:18.993,999,1280,666380116,35,3391,1503,666380109,6932,13331,1140,666380038,25,3249,527,666380013,23,3223,1283,666380025,15,3416,902,666379997,18,3409,200905,666379307,6941,13373,1513,666379326,36,3398,
2026-09-30,07:32:19.993,999,2301,666369516,50,3383,1028,666369495,7151,13353,1112,666369506,40,3285,1548,666369474,38,3260,1036,666369478,48,3441,969,666369564,43,3444,195044,666369462,7156,13406,1150,666369419,53,3429,
2026-09-30,07:32:20.994,1000,1727,667052509,54,3431,1501,667052574,7094,13373,977,667052610,42,3278,1049,667052635,42,3269,974,667052668,35,3455,650,667052764,32,3427,198762,667052134,7111,13442,1584,667052046,56,3439,
2026-09-30,07:32:21.993,999,866,666391237,41,3353,382,666391340,6911,13285,597,666391440,27,3218,184,666391437,17,3188,272,666391504,24,3374,756,666391522,29,3380,199915,666391606,6912,13361,1074,666391612,35,3363,
2026-09-30,07:32:22.993,999,975,666411719,26,3300,350,666411728,7378,13252,647,666411784,25,3195,290,666411720,21,3194,339,666411669,20,3342,282,666411731,24,3318,194585,666411742,7392,13301,1164,666411724,27,3350,
2026-09-30,07:32:23.994,1000,600,667064097,43,3322,597,667064101,7446,13285,513,667064142,22,3199,758,667064155,24,3192,936,667064165,26,3360,259,667064207,24,3329,190795,667064342,7446,13333,576,667064405,39,3330,
2026-09-30,07:32:24.994,999,1104,666405736,47,3345,637,666405791,7150,13287,1395,666405770,37,3209,456,666405802,36,3222,849,666405785,39,3387,283,666405873,25,3359,195323,666406016,7170,13359,1471,666406084,45,3365,
2026-09-30,07:32:25.993,999,3942,666351246,73,3564,4504,666351302,7699,13524,4477,666351230,42,3453,5329,666351218,57,3449,4740,666351156,47,3582,3646,666351050,62,3580,195232,666351015,7683,13559,3755,666350963,67,3588,
2026-09-30,07:32:26.993,999,1873,666353750,51,3402,1604,666353725,7132,13331,1339,666353710,39,3267,788,666353731,36,3235,653,666353720,37,3432,608,666353702,29,3404,197095,666353674,7132,13371,1651,666353601,55,3406,
2026-09-30,07:32:27.994,1000,1330,667024215,50,3379,1059,667024227,7323,13350,549,667024212,27,3253,1583,667024226,17,3239,610,667024241,32,3405,976,667024284,37,3426,195967,667023445,7310,13390,1574,667023390,45,3403,
2026-09-30,07:32:28.993,999,3720,666355735,64,3634,3542,666355656,6619,13593,4035,666355692,36,3475,3604,666355642,33,3483,3713,666355631,34,3672,3932,666355592,38,3696,207268,666355577,6632,13638,3747,666355645,48,3645,
2026-09-30,07:32:29.993,999,2191,666386968,40,3360,671,666387047,7201,13308,411,666387040,18,3213,378,666387080,29,3223,531,666387140,27,3380,1231,666387128,24,3371,195722,666387134,7206,13343,1295,666387136,37,3359,
2026-09-30,07:32:30.994,1000,1043,667030801,46,3348,865,667030850,7260,13301,894,667030886,29,3247,608,667030850,31,3229,406,667030842,28,3382,833,667030802,29,3384,193087,667030781,7277,13356,1571,667030748,34,3357,
2026-09-30,07:32:31.994,999,1583,666384666,54,3404,1315,666384735,7436,13367,1479,666384764,45,3297,1402,666384781,52,3291,1416,666384751,43,3432,936,666384830,49,3430,192766,666384041,7476,13404,1419,666384041,67,3439,
2026-09-30,07:32:32.993,999,889,666361542,30,3325,514,666361559,6802,13266,195,666361554,19,3178,112,666361541,17,3172,205,666361510,10,3358,133,666361312,14,3352,198054,666361280,6815,13317,835,666361262,23,3323,
2026-09-30,07:32:33.993,999,673,666347699,37,3328,374,666347690,7097,13261,632,666347723,20,3182,464,666347722,14,3168,178,666347709,13,3347,218,666347760,13,3326,195648,666347810,7110,13328,768,666347822,30,3332,
2026-09-30,07:32:34.994,1000,1294,667044952,70,3438,1166,667044903,7419,13367,1709,667044942,63,3333,1258,667044885,68,3304,2460,667044913,66,3468,1661,667044071,60,3435,192329,667044195,7424,13417,1635,667044338,68,3415,
2026-09-30,07:32:35.993,999,1435,666365706,52,3372,784,666365723,6579,13295,586,666365711,27,3214,334,666365706,31,3190,1225,666365690,35,3426,1147,666364952,25,3407,206089,666365026,6551,13392,556,666365026,38,3384,
2026-09-30,07:32:36.993,999,2046,666377039,50,3410,1014,666376966,6778,13369,1066,666377027,25,3245,895,666377041,31,3247,805,666377033,33,3442,578,666377061,30,3403,202042,666377036,6781,13403,980,666376104,48,3409,
2026-09-30,07:32:37.994,1000,474,667042933,29,3307,157,667042929,7369,13249,627,667042931,20,3191,200,667042946,15,3173,158,667042922,12,3327,224,667043032,13,3319,193408,667042167,7377,13300,1170,667042139,25,3307,
2026-09-30,07:32:38.994,999,884,666355267,43,3357,624,666355273,7152,13285,928,666355248,25,3241,503,666355234,25,3233,800,666355227,27,3405,613,666355187,32,3389,194919,666355157,7167,13351,943,666355144,36,3360,
2026-09-30,07:32:39.993,999,648,666356648,28,3313,322,666356575,7158,13256,475,666356571,22,3189,214,666356566,20,3170,287,666356540,29,3362,655,666356509,18,3332,197075,666356485,7162,13324,452,666356347,28,3334,
2026-09-30,07:32:40.994,1000,3001,667040373,46,3465,2428,667040500,7403,13420,1522,667040503,18,3292,2084,667040507,28,3346,3469,667040523,27,3499,2635,667040590,23,3483,197443,667040545,7447,13474,2181,667040481,38,3472,
2026-09-30,07:32:41.994,999,975,666387313,24,3321,767,666387300,7108,13263,235,666387363,19,3194,504,666387312,22,3186,326,666387260,16,3357,546,666387227,15,3344,198442,666387261,7071,13310,705,666386300,19,3325,
2026-09-30,07:32:42.994,999,1133,666385163,35,3352,713,666384313,6757,13312,509,666384302,32,3231,1028,666384313,32,3221,1037,666384280,37,3440,900,666384212,30,3416,199192,666384176,6783,13385,738,666383434,37,3394,
2026-09-30,07:32:43.993,999,624,666385290,30,3284,340,666385383,7436,13236,282,666385411,18,3185,389,666385390,14,3174,718,666385383,23,3315,693,666385287,25,3317,191771,666385311,7464,13297,366,666385315,26,3306,
2026-09-30,07:32:44.994,1000,856,667057839,59,3354,681,667057895,7147,13308,546,667057892,38,3235,357,667057851,33,3222,295,667057875,37,3374,663,667057777,29,3355,195689,667057153,7138,13354,701,667057139,38,3364,
2026-09-30,07:32:45.994,999,1777,666375017,31,3342,1058,666374978,7453,13273,801,666374933,25,3200,627,666374939,25,3204,943,666374929,28,3346,1200,666374932,21,3331,192432,666374171,7480,13308,1301,666374157,31,3334,
2026-09-30,07:32:46.993,999,506,666377408,28,3315,526,666377431,7121,13271,223,666377421,15,3196,769,666376805,15,3194,865,666376793,19,3364,238,666376778,16,3354,194618,666376802,7135,13331,590,666376672,27,3337,
2026-09-30,07:32:47.994,1000,592,667066515,24,3320,424,667066505,7435,13294,311,667066459,18,3198,1217,667066498,13,3217,567,667066495,9,3339,698,667066531,23,3341,191831,667066537,7447,13332,669,667065315,24,3352,
2026-09-30,07:32:48.994,999,846,666366204,40,3339,1217,666366222,7193,13293,468,666366258,30,3214,707,666366296,31,3214,446,666366312,27,3376,636,666366308,30,3371,194576,666366368,7181,13331,1283,666366386,38,3377,
2026-09-30,07:32:49.994,999,1333,666355393,13,3300,343,666355373,6768,13237,111,666355361,13,3167,83,666355361,10,3154,275,666355378,9,3340,137,666355345,16,3349,198305,666355346,6780,13288,486,666355377,16,3312,
2026-09-30,07:32:50.993,999,930,666358772,27,3342,1007,666358823,6898,13293,483,666358821,23,3216,279,666358827,23,3184,634,666358832,21,3382,490,666358835,27,3389,196945,666358837,6927,13341,1269,666358788,27,3363,
2026-09-30,07:32:51.994,1000,1121,667049616,31,3316,1087,667049555,7463,13272,657,667049577,24,3211,250,667049578,15,3179,645,667049558,23,3358,1009,667049460,20,3333,190152,667049490,7482,13336,635,667049494,29,3340,
2026-09-30,07:32:52.994,999,923,666384267,41,3338,886,666384297,7384,13284,1158,666384339,29,3236,2008,666384390,31,3254,1048,666384362,27,3381,514,666384342,30,3356,192266,666383687,7413,13328,1091,666383695,42,3343,
2026-09-30,07:32:53.993,999,1109,666363447,38,3342,435,666363518,7175,13274,553,666363557,15,3188,538,666363570,19,3189,428,666363649,15,3376,430,666363604,24,3357,191773,666363707,7199,13337,753,666363689,32,3353,
2026-09-30,07:32:54.994,1000,1506,667046758,52,3367,661,667046747,7120,13306,1078,667046794,42,3242,421,667046807,41,3227,475,667046816,35,3389,684,667046878,35,3383,196508,667046094,7127,13363,1099,667046065,36,3361,
2026-09-30,07:32:55.994,999,900,666392842,47,3329,451,666392840,7395,13268,925,666392841,32,3211,371,666392870,26,3206,551,666392848,26,3355,364,666392863,23,3330,191907,666392865,7374,13333,1010,666392866,37,3339,
2026-09-30,07:32:56.994,999,2646,666366032,30,3426,1571,666366101,6698,13383,1481,666366047,11,3276,1407,666366062,19,3275,2894,666366091,26,3499,1943,666366134,24,3455,202285,666365454,6714,13441,1464,666365360,24,3468,
2026-09-30,07:32:57.993,999,1209,666399050,31,3318,404,666399138,7237,13264,406,666399154,22,3210,358,666399125,20,3201,839,666399167,21,3353,792,666399156,21,3348,197494,666399241,7245,13309,798,666399317,21,3322,
2026-09-30,07:32:58.994,1000,1164,667057487,43,3348,452,667057508,6868,13283,374,667057483,21,3200,954,667057500,28,3214,465,667057554,24,3391,285,667057555,21,3371,198650,667057634,6891,13357,625,667057584,36,3364,
2026-09-30,07:32:59.994,999,1488,666358364,51,3382,1036,666358369,6392,13342,865,666358386,29,3239,467,666358391,33,3227,829,666358393,37,3464,473,666358419,33,3435,204324,666358516,6381,13402,1366,666358483,43,3416,
2026-09-30,07:33:00.994,999,686,666376658,18,3306,158,666376682,6632,13257,73,666376717,6,3160,197,666376716,13,3155,101,666376690,11,3363,95,666376707,13,3347,200906,666375884,6636,13315,716,666375816,17,3345,
2026-09-30,07:33:01.994,1000,894,667042967,27,3369,842,667042978,6508,13331,665,667042933,16,3232,437,667042928,20,3208,365,667042895,20,3416,434,667043030,17,3405,200157,667043050,6494,13391,469,667043114,20,3364,
2026-09-30,07:33:02.994,999,782,666431323,19,3306,259,666431368,7045,13247,187,666431430,15,3175,164,666431426,16,3163,141,666431450,16,3329,121,666431517,19,3333,195656,666431584,7047,13310,577,666431559,16,3320,
2026-09-30,07:33:03.994,999,571,666397224,16,3320,349,666397256,6605,13293,210,666397321,14,3191,384,666397334,12,3180,304,666397404,13,3368,219,666397424,14,3373,199364,666397354,6586,13352,744,666397323,16,3357,
2026-09-30,07:33:04.994,999,5214,666386411,79,3590,3728,666386402,6874,13538,4731,666386431,72,3484,3442,666386414,61,3413,5012,666386370,65,3667,4613,666386278,59,3643,202811,666386158,6850,13639,4601,666386267,90,3623,
2026-09-30,07:33:05.994,1000,790,667136568,32,3328,849,667136576,7089,13282,354,667136575,22,3184,517,667136618,21,3198,1319,667136613,17,3348,274,667136687,26,3357,196513,667136723,7096,13339,869,667136723,46,3333,
2026-09-30,07:33:06.994,999,457,666359486,32,3330,1098,666359522,7009,13273,331,666359503,20,3209,297,666359523,14,3196,685,666359556,17,3401,315,666359588,17,3376,199096,666359696,7014,13352,559,666359720,33,3364,
2026-09-30,07:33:07.994,999,1050,666403485,41,3377,506,666403537,6909,13300,724,666403489,30,3249,1525,666403503,27,3220,523,666403536,22,3402,701,666403568,26,3416,199651,666403628,6901,13383,1338,666403651,37,3376,
2026-09-30,07:33:08.994,999,29366,666467754,59,4414,23374,666467774,6852,14390,24930,666467758,45,4285,25831,666467785,41,4309,21154,666467769,44,4523,27316,666467790,46,4500,224761,666467864,6870,14509,25241,666467894,62,4467,
2026-09-30,07:33:09.995,1000,1240,667029547,26,3301,242,667029573,7292,13259,183,667029534,17,3180,192,667029501,22,3175,256,667029506,14,3341,164,667029546,19,3328,193779,667028819,7289,13298,509,667028860,29,3314,
2026-09-30,07:33:10.995,1000,2399,667061166,76,3487,2154,667061161,7057,13431,1946,667061183,50,3348,1847,667061187,56,3348,2655,667061191,52,3518,1491,667061229,61,3532,202304,667061379,7073,13536,2533,667061434,72,3507,
2026-09-30,07:33:11.995,999,2588,666458359,40,3455,2902,666458364,7216,13411,2083,666458348,24,3309,2559,666458355,26,3313,1931,666458366,30,3503,2066,666458461,31,3446,197417,666458621,7203,13487,3312,666458635,40,3478,
2026-09-30,07:33:12.995,999,6536,666391178,39,3697,5168,666391181,7375,13605,4674,666391149,21,3537,7387,666391186,15,3550,4572,666391216,19,3690,6430,666391326,15,3671,197455,666391311,7360,13696,7719,666391322,39,3701,
2026-09-30,07:33:13.996,1000,1349,667058560,27,3352,513,667058591,6886,13292,308,667058651,16,3196,795,667058691,15,3198,416,667058665,16,3370,347,667058794,21,3384,202154,667058862,6879,13372,1058,667058888,28,3369,
2026-09-30,07:33:14.995,999,1207,666393781,72,3411,1697,666393773,7446,13354,1035,666393746,56,3269,1258,666393769,60,3266,738,666393822,48,3413,899,666393934,56,3399,192607,666394030,7472,13396,1079,666394093,55,3396,
2026-09-30,07:33:15.995,999,1543,666387909,62,3431,1209,666387833,6769,13368,962,666387817,38,3266,1034,666387808,45,3256,676,666387774,42,3456,1295,666387732,53,3456,196802,666387628,6745,13425,1869,666387671,47,3463,
2026-09-30,07:33:16.995,999,618,666392300,38,3305,259,666392390,7432,13244,559,666392399,20,3208,182,666392418,12,3173,1086,666392327,16,3340,800,666391239,19,3315,191771,666391173,7434,13308,757,666391111,27,3329,
2026-09-30,07:33:17.996,1000,1369,667051209,31,3327,632,667051220,6940,13278,1138,667051249,11,3180,167,667051240,15,3180,466,667051253,14,3372,289,667051222,15,3357,197504,667051250,6943,13322,358,667051314,23,3335,
2026-09-30,07:33:18.995,999,1118,666379365,40,3405,989,666379410,6842,13357,1522,666379384,30,3250,601,666379379,26,3232,886,666379413,27,3414,624,666379444,19,3393,199986,666378594,6858,13399,1742,666378623,30,3425,
2026-09-30,07:33:19.995,999,225588,666379502,584,18065,198542,666379493,8763,28140,198923,666379480,583,18025,208505,666379438,553,17869,203220,666379402,572,18127,215022,666379369,568,18052,411265,666378557,8755,28074,223142,666378627,587,17995,
2026-09-30,07:33:20.995,999,5166,666376252,107,3805,6204,666376296,7339,13787,5410,666376290,83,3663,3585,666376272,99,3673,5576,666376284,87,3806,4973,666376283,77,3817,195905,666375502,7347,13832,4362,666375492,101,3829,
2026-09-30,07:33:21.995,1000,12803,667061450,96,4261,9831,667061410,7442,14225,11564,667061458,82,4170,10876,667061434,85,4103,12402,667061458,79,4292,10429,667060206,85,4262,206078,667060207,7469,14264,14128,667060197,92,4270,
2026-09-30,07:33:22.995,999,4988,666386459,82,3701,4464,666386559,6632,13638,4990,666386536,78,3613,3727,666386546,84,3578,3851,666386508,83,3814,4916,666386504,84,3770,203056,666386464,6644,13748,3435,666386450,97,3755,
2026-09-30,07:33:23.995,999,3730,666393351,104,3597,3010,666393429,7640,13546,4533,666393522,86,3506,3090,666393487,91,3477,3124,666393481,86,3616,3345,666393382,99,3618,194604,666393422,7640,13593,3179,666392707,110,3616,
2026-09-30,07:33:24.995,999,11988,666409075,167,4174,9683,666409110,6869,14163,12852,666409176,166,4078,9343,666409209,149,4051,10573,666409194,170,4273,9832,666409237,152,4200,211426,666408426,6866,14210,9239,666408320,177,4225,
2026-09-30,07:33:25.996,1000,5115,667064906,90,3639,4988,667064984,7836,13616,5661,667064244,83,3577,4529,667064275,80,3524,6093,667064289,88,3689,3137,667064213,73,3654,194200,667064312,7813,13656,5213,667064427,84,3681,
2026-09-30,07:33:26.995,999,11468,666378690,95,4049,11881,666378741,6887,13958,13654,666378818,81,3912,10385,666378822,85,3864,10401,666378819,71,4057,8533,666378794,89,4081,210985,666378813,6878,14020,11695,666377874,97,4101,
2026-09-30,07:33:27.995,999,3321,666365815,95,3600,2597,666365779,7401,13571,2658,666365734,69,3501,3381,666365729,62,3473,2840,666365738,81,3614,3825,666364877,81,3643,198548,666364791,7418,13661,4239,666364744,88,3641,
2026-09-30,07:33:28.996,1000,1705,667065028,68,3518,2081,667065035,6907,13458,1362,667065043,49,3357,1952,667065030,45,3352,4482,667064986,44,3575,1592,667065042,44,3549,202000,667065109,6882,13541,1728,667065108,66,3549,
2026-09-30,07:33:29.995,999,1019,666397792,59,3362,540,666397836,7022,13302,332,666397861,37,3219,418,666397896,30,3200,479,666397958,42,3404,259,666398052,28,3366,198375,666398101,7037,13338,875,666398170,41,3353,
2026-09-30,07:33:30.995,999,2069,666397305,60,3458,2555,666397327,7126,13446,1292,666397313,53,3322,1828,666397320,46,3333,2239,666397360,56,3503,2194,666397281,48,3492,197595,666397363,7101,13461,3198,666397415,78,3510,
2026-09-30,07:33:31.995,999,2563,666424812,65,3409,522,666424795,6973,13342,914,666424809,43,3293,1276,666424810,52,3273,1500,666424788,53,3469,779,666424787,53,3456,197176,666424809,6985,13443,981,666424769,52,3425,
2026-09-30,07:33:32.996,1000,2887,667066053,66,3508,1760,667066055,7361,13514,2701,667066103,75,3469,2249,667066089,70,3438,2213,667066096,79,3627,2502,667066116,69,3589,197453,667066066,7369,13586,3027,667066155,72,3547,
2026-09-30,07:33:33.995,999,1044,666390585,47,3338,396,666390668,6793,13315,259,666390655,27,3197,1132,666390650,43,3223,680,666390716,44,3414,289,666390733,25,3387,200479,666390705,6794,13382,1238,666390732,44,3387,
2026-09-30,07:33:34.995,999,5375,666373051,132,3653,4495,666373110,7359,13589,3028,666373098,98,3502,2736,666373136,98,3482,2724,666373149,105,3645,3248,666372487,82,3598,198729,666372537,7393,13653,3661,666372471,119,3666,
2026-09-30,07:33:35.995,999,1543,666359328,57,3399,854,666359295,7285,13335,1222,666359248,40,3272,894,666359229,50,3256,1319,666359258,53,3456,1175,666359275,55,3415,196976,666358349,7256,13404,1733,666358278,73,3441,
2026-09-30,07:33:36.996,1000,2762,667025584,47,3405,2488,667025519,7529,13398,1043,667025557,37,3287,1676,667025569,27,3315,2125,667025563,32,3448,1646,667025619,40,3439,193400,667025599,7549,13432,1575,667025535,42,3408,
2026-09-30,07:33:37.995,999,922,666356816,38,3359,286,666356829,6494,13270,564,666356755,24,3195,291,666356759,21,3192,388,666356753,30,3409,449,666356734,19,3385,202581,666355970,6517,13365,630,666356050,29,3371,
2026-09-30,07:33:38.995,999,3538,666385337,86,3697,3576,666385315,7266,13620,5529,666385319,76,3559,3472,666385303,73,3550,3058,666385339,61,3676,3146,666385378,55,3665,198753,666385387,7291,13690,4979,666385368,73,3663,
2026-09-30,07:33:39.996,1000,764,667057410,36,3365,257,667057419,6557,13303,316,667057393,34,3212,464,667057433,23,3192,706,667057404,24,3402,264,667057500,29,3388,202023,667057525,6561,13393,696,667056728,29,3366,
2026-09-30,07:33:40.996,999,1583,666396978,71,3402,1533,666396998,7827,13321,1696,666397040,46,3292,1155,666397003,53,3290,1286,666396947,45,3411,1803,666396134,44,3387,187532,666396097,7862,13394,1206,666396201,58,3390,
2026-09-30,07:33:41.995,999,3812,666358789,36,3523,2249,666358745,6220,13438,3044,666358776,26,3351,2594,666358768,29,3341,3245,666358751,26,3573,3073,666358774,24,3554,210794,666358772,6230,13535,2849,666358025,46,3542,
2026-09-30,07:33:42.995,999,2393,666375841,45,3429,1868,666375858,7223,13418,1577,666375885,42,3315,1454,666375893,40,3311,1596,666375864,39,3474,1604,666375273,35,3456,195765,666375316,7234,13447,1713,666375445,49,3472,
2026-09-30,07:33:43.996,1000,1787,667029022,52,3498,1515,667029097,6484,13460,2140,667029106,52,3369,2172,667029136,52,3363,1743,667029188,47,3557,1199,667029228,49,3542,202892,667029109,6498,13524,1936,667029186,37,3521,
2026-09-30,07:33:44.995,999,7393,666374554,124,3778,4772,666374534,8005,13730,4742,666374531,105,3609,5537,666374533,102,3655,5289,666374495,100,3724,4715,666374482,92,3735,195211,666373670,7992,13730,4934,666373766,109,3804,
2026-09-30,07:33:45.995,999,1298,666352076,36,3391,545,666351972,6438,13329,1248,666352000,31,3245,1748,666352003,29,3230,375,666351983,37,3429,861,666351929,32,3429,203365,666351093,6431,13399,1282,666351168,38,3427,
2026-09-30,07:33:46.996,1000,1743,667037968,49,3383,1245,667037970,7883,13366,990,667037937,44,3308,685,667037964,47,3273,967,667038027,30,3376,1417,667037256,33,3371,190767,667037299,7860,13390,2228,667037220,52,3407,
2026-09-30,07:33:47.996,999,1534,666400068,42,3386,849,666399998,7220,13334,1180,666400002,32,3280,1026,666399944,33,3271,1561,666399938,31,3432,1504,666399962,27,3433,194260,666399168,7210,13383,1031,666399164,28,3365,
2026-09-30,07:33:48.995,999,2469,666402286,68,3448,1388,666402317,7214,13395,1576,666402335,50,3315,1251,666402353,45,3315,2556,666402338,50,3487,1555,666402370,48,3433,195980,666401550,7215,13435,2187,666401530,65,3456,
2026-09-30,07:33:49.995,999,1578,666353967,50,3460,1716,666354082,6695,13379,1372,666354060,37,3306,1540,666354030,35,3296,1455,666354038,44,3519,1168,666354049,38,3502,202881,666354125,6695,13477,2002,666354113,42,3476,
2026-09-30,07:33:50.996,1000,5258,667037097,76,3591,5510,667037109,7685,13545,5296,667037109,57,3487,5330,667037159,69,3485,6008,667037210,73,3638,6722,667037202,66,3653,195328,667036418,7694,13586,4882,667036528,80,3618,
2026-09-30,07:33:51.995,999,2105,666370833,39,3440,1041,666370830,6639,13377,879,666370866,36,3283,1085,666370902,40,3276,880,666370952,39,3479,798,666370246,41,3473,202571,666370245,6623,13446,1958,666370192,43,3482,
2026-09-30,07:33:52.995,999,1313,666359591,31,3292,285,666359551,7458,13241,419,666359562,20,3191,254,666359582,19,3181,208,666359575,18,3318,625,666359615,21,3314,191974,666359582,7453,13304,316,666358640,20,3306,
2026-09-30,07:33:53.996,1000,1368,667024377,20,3308,302,667024395,6872,13276,262,667024425,18,3183,193,667024403,13,3166,175,667023617,13,3362,154,667023582,12,3343,199144,667023596,6875,13343,414,667023526,32,3346,
2026-09-30,07:33:54.996,999,2471,666356301,74,3511,1998,666356292,7202,13476,3165,666356278,66,3395,2318,666356322,56,3369,2276,666356320,63,3530,2436,666356313,57,3535,197776,666356303,7178,13520,3242,666356320,65,3513,
2026-09-30,07:33:55.995,999,2270,666358428,55,3449,1404,666358458,6692,13394,1919,666358471,55,3342,1389,666358455,59,3294,2486,666358401,51,3537,2727,666358382,49,3513,201664,666357762,6719,13481,2834,666357766,67,3503,
2026-09-30,07:33:56.996,1000,3400,667025795,38,3534,3179,667025765,6643,13474,2297,667025752,28,3377,3698,667025782,24,3370,3469,667025801,19,3564,3858,667025792,31,3581,202621,667024968,6657,13545,3523,667024880,30,3539,
2026-09-30,07:33:57.996,999,882,666356961,33,3327,640,666356953,6990,13279,640,666356900,20,3214,316,666356929,19,3191,242,666356956,17,3361,277,666356973,23,3366,199244,666356083,6987,13338,518,666356238,28,3339,
2026-09-30,07:33:58.995,999,3034,666384280,39,3533,2041,666384295,7033,13452,2303,666384392,24,3345,2622,666384377,21,3316,1977,666384413,30,3528,2664,666383333,21,3494,199278,666383313,7055,13527,2801,666383345,37,3520,
2026-09-30,07:33:59.996,1000,1120,667045840,49,3382,927,667045817,6856,13318,559,667045892,33,3231,547,667045931,27,3205,518,667045978,29,3410,565,667045918,28,3395,201874,667045079,6855,13364,849,667045063,34,3352,
2026-09-30,07:34:00.996,999,1670,666382678,42,3359,1092,666382700,7168,13296,488,666382696,32,3231,459,666382725,27,3213,900,666382805,35,3387,1350,666380635,31,3397,198041,666380510,7175,13369,847,666380477,48,3391,
2026-09-30,07:34:01.996,999,1278,666373983,30,3375,1974,666373975,7379,13309,564,666373976,23,3240,1281,666373984,18,3227,1411,666374037,27,3395,899,666374095,17,3374,195127,666374237,7370,13378,1217,666374235,36,3377,
2026-09-30,07:34:02.995,999,2100,666382601,31,3408,547,666382678,6416,13333,859,666382669,22,3222,1155,666382648,24,3205,1082,666382645,28,3448,1172,666382627,31,3430,200463,666382666,6428,13418,1100,666381358,32,3438,
2026-09-30,07:34:03.996,1000,985,667033494,34,3322,841,667033485,7750,13267,864,667033490,20,3225,672,667033585,19,3197,944,667033747,19,3326,510,667033861,20,3312,189735,667033831,7767,13304,576,667033838,23,3301,
2026-09-30,07:34:04.996,999,1134,666370164,44,3385,568,666370160,6284,13318,343,666370237,32,3224,541,666370270,35,3220,244,666370293,32,3424,417,666369462,37,3447,205469,666369431,6288,13425,1140,666369304,44,3425,
2026-09-30,07:34:05.995,999,1929,666378129,56,3424,2157,666378152,7201,13358,2211,666378140,39,3303,1250,666378143,43,3293,1637,666378171,37,3455,1018,666378159,47,3433,194267,666378134,7217,13405,1853,666378125,48,3429,
2026-09-30,07:34:06.996,1000,1589,667026551,44,3385,1350,667026602,7218,13339,971,667026643,31,3265,772,667026642,39,3261,685,667026689,33,3401,975,667026710,31,3388,195798,667026748,7236,13385,1248,667026692,34,3421,
2026-09-30,07:34:07.996,999,483,666366428,30,3275,324,666366386,7550,13226,386,666366397,15,3175,243,666366394,18,3175,217,666366389,8,3294,198,666365722,19,3300,189830,666365649,7536,13294,817,666365640,23,3295,
2026-09-30,07:34:08.996,999,1569,666372808,42,3406,1153,666372776,6882,13352,1167,666372775,23,3258,552,666372773,19,3234,1088,666372744,22,3446,1328,666372725,18,3436,198465,666372757,6890,13400,1293,666372709,37,3406,
2026-09-30,07:34:09.996,1000,414,667046273,27,3308,323,667046295,6728,13266,167,667046303,16,3176,85,667046270,11,3154,285,667046293,12,3356,66,667046381,11,3353,200191,667046397,6720,13338,548,667046352,25,3323,
2026-09-30,07:34:10.997,1000,961,667045863,28,3314,889,667045881,6776,13258,138,667045916,18,3184,216,667045921,20,3174,290,667045958,12,3361,224,667045893,15,3353,200767,667045098,6797,13349,436,667045218,29,3338,
2026-09-30,07:34:11.997,999,3905,666399020,59,3494,3097,666399028,6980,13432,2968,666399019,27,3358,2101,666399033,43,3358,3631,666399103,37,3560,2264,666399130,36,3497,199934,666399083,6981,13514,3235,666399219,42,3507,
2026-09-30,07:34:12.997,999,1398,666397494,32,3342,463,666397449,6828,13284,856,666397469,14,3192,342,666397468,22,3194,355,666397425,22,3389,433,666397450,20,3367,200671,666397449,6820,13350,558,666397628,35,3348,
2026-09-30,07:34:13.997,1000,1451,666992325,49,3419,852,666992354,7059,13350,1935,666992356,39,3268,1425,666992358,35,3262,1653,666992423,42,3431,1458,666992425,34,3423,199846,666992300,7061,13423,1430,666992449,36,3427,
2026-09-30,07:34:14.997,999,23209,666397765,64,4461,25977,666397864,6869,14349,24355,666397821,44,4264,26580,666397819,52,4274,24594,666397820,46,4475,27668,666397846,41,4429,228989,666397886,6864,14482,27054,666397923,63,4448,
2026-09-30,07:34:15.997,999,1964,666397640,55,3396,965,666397628,7449,13347,1105,666397659,48,3291,2273,666397656,47,3297,1436,666397665,47,3434,1348,666397490,41,3425,191688,666397398,7456,13404,1634,666397357,59,3428,
2026-09-30,07:34:16.996,999,1320,666362992,40,3451,817,666363110,6741,13377,1305,666363119,24,3295,688,666363180,27,3291,1124,666363200,26,3505,855,666363270,32,3476,200630,666363359,6739,13458,1806,666364633,28,3479,
2026-09-30,07:34:17.997,1000,849,667030757,36,3347,509,667030724,7223,13281,611,667030739,17,3210,676,667030805,15,3213,1436,667030799,17,3382,509,667030855,17,3355,194079,667029977,7248,13361,754,667030064,30,3375,
2026-09-30,07:34:18.997,999,6257,666380743,58,3704,5599,666380790,7305,13667,7811,666380775,37,3655,7894,666380779,45,3653,7554,666380768,43,3776,5873,666380798,48,3769,200595,666378806,7282,13736,7865,666378872,50,3713,
2026-09-30,07:34:19.997,999,1337,666376902,44,3358,509,666376863,7345,13287,962,666376936,29,3241,676,666376969,26,3217,1014,666376903,22,3380,1557,666376955,27,3382,192184,666377020,7339,13361,1336,666377052,22,3325,
2026-09-30,07:34:20.997,1000,819,667039341,18,3278,336,667039340,7558,13226,342,667039346,13,3170,490,667039352,16,3182,53,667039346,10,3297,109,667039326,16,3291,190292,667039269,7552,13302,650,667039156,18,3302,
2026-09-30,07:34:21.997,999,536,666389664,27,3318,311,666389666,6992,13273,320,666389693,20,3184,200,666389700,6,3175,178,666389672,10,3328,542,666388999,9,3338,201184,666389041,6996,13327,639,666389050,17,3323,
2026-09-30,07:34:22.997,999,1249,666376450,38,3333,471,666376456,7089,13294,916,666376417,30,3224,676,666376435,34,3214,931,666376467,29,3421,893,666376423,27,3390,198836,666376338,7071,13339,831,666376417,37,3359,
2026-09-30,07:34:23.997,1000,821,667045301,22,3328,464,667045297,6584,13293,126,667045343,19,3174,169,667045404,12,3161,137,667045399,15,3371,397,667044433,14,3367,200611,667044487,6613,13350,533,667044472,9,3357,
2026-09-30,07:34:24.998,1000,2058,667045205,82,3454,2075,667045317,7622,13432,1776,667045382,73,3341,2202,667045336,62,3333,3097,667045348,68,3465,2372,667045407,62,3438,192911,667045411,7656,13458,2163,667045481,88,3488,
2026-09-30,07:34:25.998,999,1014,666381834,34,3325,600,666381838,7058,13277,504,666381864,23,3190,610,666381855,20,3173,247,666381902,28,3367,624,666381932,30,3352,197365,666381307,7047,13345,441,666381371,36,3343,
2026-09-30,07:34:26.998,999,4891,666380000,56,3530,4137,666380043,7162,13476,2151,666380057,43,3414,2928,666380057,37,3405,3342,666380018,43,3568,2645,666379297,42,3529,200741,666379301,7162,13537,2852,666379261,51,3568,
2026-09-30,07:34:27.998,1000,1116,667045872,35,3321,281,667045874,6834,13267,1070,667045963,19,3191,660,667045933,13,3176,177,667045917,18,3384,455,667044922,22,3381,197500,667044879,6856,13321,929,667044893,26,3340,
2026-09-30,07:34:28.998,999,1154,666402953,45,3353,417,666403012,7388,13276,620,666403040,31,3224,626,666403021,32,3238,432,666403023,26,3376,510,666403094,26,3362,195504,666403186,7372,13335,756,666403267,37,3358,
2026-09-30,07:34:29.998,999,1243,666351484,27,3297,621,666351455,7339,13239,126,666351360,14,3165,114,666351340,17,3159,196,666351351,16,3305,67,666351326,9,3290,190153,666351255,7339,13280,257,666351318,25,3302,
2026-09-30,07:34:30.998,999,1242,666380470,55,3350,936,666380467,7472,13310,1096,666380500,39,3249,1676,666380572,39,3246,757,666380584,37,3378,635,666379814,41,3375,194237,666379795,7481,13356,1234,666379893,59,3371,
2026-09-30,07:34:31.998,1000,606,667058255,29,3295,629,667058288,7535,13249,282,667058307,19,3181,548,667058253,14,3176,125,667058244,14,3297,208,667058207,18,3294,193943,667058213,7541,13300,933,667058272,28,3302,
2026-09-30,07:34:32.998,999,665,666402496,29,3319,518,666402549,7227,13251,221,666402566,12,3167,447,666402580,28,3188,582,666402600,17,3339,253,666401963,21,3334,194205,666401905,7225,13319,1079,666401925,24,3311,
2026-09-30,07:34:33.998,999,1378,666386566,36,3339,607,666386572,6992,13301,1001,666386602,25,3223,962,666386624,24,3203,506,666386675,21,3378,720,666386707,29,3394,196308,666386681,7006,13338,1956,666386730,39,3360,
2026-09-30,07:34:34.999,1000,932,667038946,55,3359,399,667038928,6851,13292,403,667038912,38,3228,767,667038878,29,3198,397,667038907,38,3398,521,667038885,33,3391,198723,667038940,6854,13373,817,667038917,42,3368,
2026-09-30,07:34:35.998,999,1445,666366123,44,3348,944,666366105,7430,13267,589,666366085,27,3212,721,666366091,28,3214,1392,666366091,30,3369,612,666366041,30,3360,192466,666365112,7439,13327,1111,666365079,36,3349,
2026-09-30,07:34:36.998,999,835,666379080,26,3325,224,666379104,6775,13268,547,666379108,18,3179,479,666379144,15,3173,232,666379160,14,3363,271,666378373,14,3357,199962,666378345,6750,13325,607,666378353,27,3349,
2026-09-30,07:34:37.998,999,805,666360696,29,3337,218,666360722,6328,13272,466,666360708,17,3188,524,666360698,14,3173,263,666360721,15,3404,242,666360064,21,3399,202666,666360109,6345,13341,313,666360113,26,3357,
2026-09-30,07:34:38.998,1000,820,667045971,33,3336,206,667045976,7133,13279,330,667045998,20,3211,501,667046035,19,3208,652,667046070,22,3374,918,667046073,16,3365,194995,667045439,7134,13348,956,667045372,33,3367,
2026-09-30,07:34:39.998,999,900,666347168,33,3354,542,666347223,7012,13306,1056,666347229,20,3221,578,666347238,26,3206,1101,666347280,23,3397,1095,666347337,17,3376,198514,666347314,7017,13360,778,666347337,39,3367,
2026-09-30,07:34:40.998,999,731,666390083,29,3344,247,666390182,6497,13276,671,666390170,15,3179,218,666390172,14,3171,276,666390187,18,3391,232,666390138,13,3381,204027,666390130,6487,13350,447,666390117,25,3345,
2026-09-30,07:34:41.999,1000,2307,667044543,34,3460,1287,667044541,6742,13389,1644,667044538,20,3301,1937,667043137,22,3301,3209,667043163,23,3528,2021,667043247,23,3506,202041,667043245,6713,13465,2104,667043226,34,3481,
2026-09-30,07:34:42.998,999,1299,666406764,27,3325,857,666406809,6680,13279,428,666406838,19,3204,337,666406863,19,3177,265,666406873,22,3391,629,666406148,20,3382,201527,666406138,6688,13345,1089,666406177,20,3338,
2026-09-30,07:34:43.998,999,886,666372303,24,3307,156,666372335,6965,13245,605,666372415,11,3169,43,666372430,9,3149,164,666372385,19,3349,56,666371631,12,3327,200020,666371587,6941,13301,625,666371548,20,3316,
2026-09-30,07:34:44.998,999,1088,666379139,55,3371,948,666379099,6994,13320,591,666379118,52,3261,950,666379128,53,3255,1262,666379164,49,3417,1281,666379132,43,3427,198024,666379101,7018,13371,1219,666378260,61,3411,
2026-09-30,07:34:45.998,1000,609,667044179,25,3315,603,667044169,7185,13262,149,667044200,16,3179,258,667043576,14,3164,217,667043526,18,3333,483,667043482,24,3336,193921,667043451,7160,13318,986,667043491,27,3326,
2026-09-30,07:34:46.998,999,445,666386203,16,3307,450,666386202,6610,13248,123,666386233,12,3179,178,666386255,13,3156,70,666386262,15,3375,129,666386287,13,3368,200075,666385549,6616,13306,486,666385513,17,3339,
2026-09-30,07:34:47.998,999,1051,666378666,34,3339,987,666378714,7424,13299,441,666378701,25,3224,488,666378676,24,3220,472,666378616,15,3338,982,666378717,24,3330,190851,666377890,7411,13337,930,666377826,31,3334,
2026-09-30,07:34:48.999,1000,1802,667049821,40,3373,1043,667049831,6814,13355,606,667049871,30,3261,873,667049916,35,3246,1459,667049953,38,3447,1336,667050015,38,3436,197669,667049156,6806,13416,1312,667049159,30,3422,
2026-09-30,07:34:49.998,999,1068,666378192,39,3352,639,666378155,7032,13294,570,666378083,23,3221,366,666378116,22,3203,786,666377989,27,3392,299,666378019,21,3363,200609,666378013,7042,13353,907,666378052,31,3372,
2026-09-30,07:34:50.998,999,1534,666405570,56,3425,1535,666405595,7150,13381,1221,666405590,40,3306,899,666405587,48,3287,884,666405680,48,3450,1188,666405693,44,3467,197797,666405738,7183,13448,2518,666405888,50,3463,
2026-09-30,07:34:51.998,999,1239,666386837,39,3369,548,666386867,6503,13289,307,666386841,32,3219,566,666386852,26,3195,584,666386895,25,3417,325,666386916,22,3390,203719,666387010,6521,13384,1296,666387052,26,3393,
2026-09-30,07:34:52.999,1000,957,666983512,24,3286,303,666983464,7605,13226,294,666983529,15,3184,491,666983523,14,3183,587,666983504,19,3327,892,666983500,20,3303,189558,666983580,7627,13289,268,666983626,17,3283,
2026-09-30,07:34:53.998,999,1266,666358183,36,3386,729,666358182,7295,13318,1682,666358175,30,3254,976,666358181,25,3243,1051,666358165,26,3405,817,666358126,33,3387,195520,666358112,7308,13367,1863,666358090,28,3371,
2026-09-30,07:34:54.998,999,1546,666372714,73,3407,638,666372705,7204,13297,613,666372754,43,3255,1626,666372753,49,3259,597,666372749,51,3418,888,666372816,45,3424,196598,666372090,7232,13403,1228,666371995,49,3392,
2026-09-30,07:34:55.999,1000,31805,667056096,139,5948,31550,667056150,7681,15785,34780,667056168,139,5779,35171,667056170,142,5783,35291,667056164,135,5984,34577,667056097,133,5875,224848,667056167,7645,15846,38279,667055214,125,5872,
2026-09-30,07:34:56.998,999,4638,666386004,68,3608,3322,666385967,7383,13522,3584,666386012,53,3471,3718,666385986,68,3498,3126,666386001,55,3601,3090,666385990,58,3617,196723,666385291,7408,13626,5132,666385253,60,3631,
2026-09-30,07:34:57.998,999,1072,666397651,50,3373,588,666397630,7135,13312,455,666397666,46,3253,734,666397689,42,3235,1366,666397702,50,3411,740,666397742,28,3379,195846,666397825,7159,13364,908,666397772,47,3406,
2026-09-30,07:34:58.998,999,1537,666392091,58,3380,403,666392052,6975,13294,729,666392070,51,3240,626,666392076,42,3206,516,666392134,40,3388,425,666392063,29,3365,197996,666391108,6960,13378,878,666391230,53,3385,
2026-09-30,07:34:59.999,1000,1672,667056390,39,3331,750,667056459,7797,13277,787,667056432,25,3200,507,667056431,28,3211,1328,667056491,26,3339,274,667056395,23,3322,189043,667056475,7771,13310,918,667055420,33,3306,
2026-09-30,07:35:00.998,999,1220,666379444,39,3382,1000,666379483,7038,13337,1230,666379509,42,3269,639,666379524,33,3230,790,666379559,35,3413,876,666378768,34,3406,196750,666378812,7055,13385,1471,666378815,33,3391,
2026-09-30,07:35:01.998,999,95705,666370702,220,9613,86095,666370725,7915,19541,86722,666370712,219,9654,87268,666370728,212,9558,92361,666370790,219,9874,91286,666369754,213,9716,280028,666369643,7931,19666,87719,666369613,220,9691,
2026-09-30,07:35:02.999,1000,4762,667034856,73,3653,3833,667034802,6977,13633,4281,667034830,70,3545,3599,667034829,64,3563,4225,667034842,63,3710,3327,667034901,65,3694,199934,667034962,7032,13708,4943,667035025,57,3713,
2026-09-30,07:35:03.999,999,1861,666381003,58,3461,1454,666381019,7027,13403,1321,666381056,54,3321,869,666381052,62,3355,1289,666381057,59,3483,810,666381023,57,3455,199388,666381002,7035,13461,2159,666380238,61,3497,
2026-09-30,07:35:04.998,999,317711,666415019,924,24971,322870,666414987,8334,34946,318659,666415049,918,24927,309901,666415004,920,24609,338635,666415033,916,24961,324683,666415094,887,25150,519987,666415236,8311,35209,314396,666415253,926,25135,
2026-09-30,07:35:05.998,999,34149,666393400,174,5572,30094,666393403,8036,15445,28928,666393444,146,5496,30560,666393459,151,5447,31824,666393493,155,5585,27813,666393447,152,5575,222497,666393520,8030,15561,30602,666393444,150,5523,
2026-09-30,07:35:06.999,1000,34022,667026175,206,5755,32556,667026237,7437,15774,33120,667026235,178,5647,36686,667026208,187,5620,32511,667026171,190,5783,35979,667026151,194,5759,231686,667026141,7473,15809,29732,667026121,193,5716,
2026-09-30,07:35:07.999,999,36434,666381434,135,5229,36936,666381460,7016,15216,37368,666381461,119,5063,38920,666381474,117,5074,36108,666381443,122,5307,36941,666381426,131,5280,230462,666381447,7031,15329,38443,666381476,118,5291,
2026-09-30,07:35:08.998,999,1771,666387894,76,3509,1313,666387838,7013,13482,1263,666387847,61,3388,1216,666387857,63,3395,1939,666387905,59,3565,1777,666386888,69,3573,198791,666386922,7020,13517,1928,666386860,64,3538,
2026-09-30,07:35:09.999,1000,2198,667024335,81,3531,2247,667024350,7129,13474,1945,667024311,70,3390,2494,667024313,62,3383,1165,667024335,59,3564,2451,667024307,63,3552,196732,667024363,7118,13544,1670,667024333,71,3509,
2026-09-30,07:35:11.000,1000,10749,667035658,100,4088,9867,667035708,6968,14023,8195,667035587,95,3954,8047,667035585,89,3912,8878,667034222,88,4121,8282,667034295,90,4115,204843,667034376,6990,14143,7812,667034328,102,4097,
2026-09-30,07:35:11.999,999,14596,666358363,109,4006,13300,666358348,7138,13922,11389,666358521,85,3868,10589,666358511,81,3833,13428,666358475,79,4002,12734,666358510,69,4011,213656,666358580,7118,14025,13700,666358586,97,4017,
2026-09-30,07:35:12.999,999,4052,666377755,90,3679,3780,666377815,7360,13611,3460,666377797,75,3542,4569,666377823,80,3547,3331,666377832,83,3742,2382,666377158,80,3669,195224,666377087,7389,13646,5061,666376957,76,3684,
2026-09-30,07:35:14.000,1000,2144,667042844,84,3435,1561,667042867,7849,13371,980,667042866,59,3320,2183,667042913,67,3354,1429,667042985,62,3445,1139,667042277,60,3434,186433,667042198,7850,13465,1406,667042270,68,3430,
2026-09-30,07:35:15.000,999,10556,666388777,176,4074,8999,666388815,6785,14020,8724,666388800,164,3944,7460,666388803,138,3865,7417,666388793,158,4128,7313,666388836,141,4025,206112,666388916,6784,14064,9083,666387994,174,4083,
2026-09-30,07:35:15.999,999,4613,666388520,92,3611,2185,666388532,7136,13503,1618,666388500,67,3415,2097,666388525,64,3405,2354,666388525,74,3578,3102,666388553,73,3625,196472,666387772,7184,13570,2872,666387685,79,3606,
2026-09-30,07:35:17.000,1000,847,667068145,54,3403,781,667068133,7089,13357,555,667068104,42,3241,554,667068063,48,3258,614,667067977,47,3420,657,667068013,41,3408,198011,667067012,7125,13417,692,667067081,49,3406,
2026-09-30,07:35:18.000,999,4392,666388027,52,3567,3307,666388105,7012,13521,1957,666388107,56,3405,3056,666388084,63,3438,2085,666388111,59,3610,2374,666388015,55,3594,201700,666388003,6993,13565,3970,666387175,66,3576,
2026-09-30,07:35:19.000,999,2457,666383052,67,3489,1632,666383083,7018,13457,1474,666383188,58,3361,2875,666383149,56,3372,2608,666383187,50,3562,1284,666383180,55,3548,197620,666382488,7055,13538,1642,666382490,65,3543,
2026-09-30,07:35:19.999,999,2248,666376767,76,3475,1574,666376799,7187,13409,914,666376793,41,3302,1823,666376801,54,3309,2280,666376813,51,3453,1814,666376869,52,3471,199167,666376903,7192,13430,1489,666376262,66,3478,
2026-09-30,07:35:21.000,1000,685,667047731,48,3332,843,667047708,7208,13290,1303,667047743,29,3223,225,667047722,27,3212,368,667047749,35,3404,311,667046390,29,3386,192726,667046413,7226,13343,1291,667046369,37,3341,
2026-09-30,07:35:22.000,999,1424,666380616,41,3353,436,666380602,6850,13309,991,666380608,32,3260,449,666380619,37,3225,1045,666380664,29,3394,608,666380119,33,3402,200284,666380040,6840,13370,660,666380140,38,3382,
2026-09-30,07:35:22.999,999,3228,666354503,47,3519,3606,666354530,6708,13468,4107,666354580,34,3404,1878,666354585,40,3352,2858,666354590,38,3590,2567,666354632,41,3567,202180,666354688,6708,13500,1839,666354670,43,3520,
2026-09-30,07:35:24.000,1000,1726,667046750,47,3472,1652,667046767,6559,13413,919,667046800,52,3297,1545,667046798,43,3303,1305,667046815,38,3488,1464,667046097,37,3474,202638,667046120,6569,13507,2291,667046116,50,3487,
2026-09-30,07:35:25.000,999,3557,666383452,97,3564,3204,666383486,7103,13500,3449,666383463,96,3411,4052,666383427,89,3430,3147,666383400,95,3576,3809,666383425,86,3574,199994,666383460,7098,13562,3946,666383483,100,3567,
2026-09-30,07:35:26.000,999,5405,666383726,56,3643,3800,666383660,7214,13588,4689,666383615,37,3504,4349,666383612,47,3486,4948,666383660,47,3717,4679,666383723,36,3637,198504,666382898,7247,13630,6606,666382947,48,3658,
2026-09-30,07:35:26.999,999,6055,666375509,61,3621,4539,666375495,6891,13550,3934,666375460,56,3460,4474,666375451,44,3445,3877,666375499,51,3634,4556,666374959,32,3631,202945,666374940,6880,13616,4209,666374977,47,3669,
2026-09-30,07:35:28.000,1000,22595,667049722,52,4202,25238,667049769,7150,14205,20025,667049750,44,4134,24971,667049769,43,4089,23898,667049785,46,4304,21759,667049841,40,4283,219355,667049833,7151,14255,23968,667049145,60,4263,
2026-09-30,07:35:29.000,999,2076,666355243,52,3488,1977,666355219,6384,13456,1753,666355244,26,3312,1759,666355263,30,3295,1162,666355290,30,3517,1062,666355171,34,3509,203721,666355154,6349,13509,1477,666354287,45,3515,
2026-09-30,07:35:29.999,999,1389,666352328,48,3451,1339,666352320,6824,13415,1679,666352308,40,3326,1220,666352310,46,3316,1819,666352323,45,3539,1806,666352382,40,3475,201637,666352407,6825,13477,1895,666352395,57,3518,
2026-09-30,07:35:31.000,1000,6805,667046863,71,3862,8441,667046889,7100,13817,7775,667046949,48,3664,5044,667046987,62,3686,6309,667046999,59,3839,4908,667046213,60,3823,204240,667046282,7123,13894,7590,667046218,66,3846,
2026-09-30,07:35:32.000,999,1061,666378718,48,3379,712,666378766,6990,13318,611,666378786,36,3247,951,666378782,35,3234,810,666378752,38,3423,1104,666378730,44,3415,201363,666378675,6974,13394,805,666378712,42,3371,
2026-09-30,07:35:33.000,999,8763,666378181,101,3859,8812,666378176,6973,13830,8061,666378183,93,3710,10910,666378187,75,3745,7758,666378116,79,3922,9433,666378266,80,3974,203500,666378248,7002,13905,10142,666377315,84,3906,
2026-09-30,07:35:33.999,999,836,666352881,29,3368,925,666352944,6557,13313,999,666352978,28,3229,329,666352971,26,3213,984,666352970,30,3415,456,666352993,23,3391,204260,666353000,6553,13379,738,666352957,30,3379,
2026-09-30,07:35:35.000,1000,3946,667021279,97,3565,2283,667021285,7205,13548,3169,667021300,89,3459,2305,667021323,94,3430,2402,667021360,95,3592,2030,667021387,101,3628,197153,667021380,7206,13577,2953,667021404,108,3582,
2026-09-30,07:35:36.000,999,2151,666320605,66,3443,915,666320610,7374,13363,2065,666320586,45,3311,1444,666320618,57,3301,2009,666320630,44,3476,1290,666320629,59,3442,198358,666320706,7332,13463,1669,666319898,55,3449,
2026-09-30,07:35:36.999,999,1744,666388226,45,3446,1982,666388211,6973,13395,1239,666388283,27,3304,1667,666388279,18,3291,2050,666388294,32,3489,1229,666388434,21,3471,197846,666388474,6999,13444,1496,666387520,40,3460,
2026-09-30,07:35:38.000,1000,2084,667066043,42,3411,1366,667066031,6407,13361,1066,667066075,29,3263,1706,667066064,38,3266,1345,667065996,31,3474,1383,667066033,31,3471,204890,667066078,6422,13463,2144,667065956,35,3458,
2026-09-30,07:35:39.000,999,803,666375856,41,3345,800,666375845,7435,13323,568,666375838,22,3230,302,666375868,25,3219,400,666375884,20,3356,273,666375277,34,3391,190290,666375255,7457,13331,575,666375182,41,3361,
2026-09-30,07:35:40.000,999,1643,666378504,42,3362,757,666378596,7049,13306,582,666378625,28,3219,545,666378625,30,3212,519,666378596,23,3391,510,666378580,31,3383,197043,666378513,7062,13364,646,666378699,37,3367,
2026-09-30,07:35:41.000,1000,2386,667019118,52,3435,2785,667019147,7262,13422,919,667019189,44,3303,1969,667019210,50,3315,1609,667019214,41,3447,748,667019233,40,3444,199076,667019334,7271,13465,2238,667019365,51,3468,
2026-09-30,07:35:42.000,999,5662,666378942,61,3634,2927,666378997,6938,13533,4508,666378980,51,3476,4550,666378999,45,3477,3912,666378986,51,3683,3984,666379013,49,3673,202131,666378097,6932,13617,4246,666378087,75,3661,
2026-09-30,07:35:43.000,999,937,666382654,48,3323,386,666382678,7274,13259,340,666382731,24,3190,309,666381883,30,3192,275,666381945,27,3335,180,666381950,26,3324,197359,666381922,7250,13303,832,666381904,45,3330,
2026-09-30,07:35:44.000,999,1349,666375410,37,3316,337,666375428,7092,13274,145,666375445,16,3185,320,666375488,25,3189,178,666375521,21,3336,330,666375523,20,3325,194459,666374733,7121,13322,608,666374702,32,3344,
2026-09-30,07:35:45.000,1000,1328,667045220,78,3400,1097,667045205,6963,13352,831,667045252,51,3252,608,667045227,58,3250,650,667045217,58,3432,1131,667045234,67,3446,198718,667045215,6947,13411,1138,667045090,65,3408,
2026-09-30,07:35:46.000,999,1192,666372880,42,3399,1207,666372848,6988,13335,710,666372843,37,3237,1280,666372827,44,3270,1084,666372124,38,3426,674,666372264,37,3429,198860,666372186,6991,13412,1803,666372149,58,3427,
2026-09-30,07:35:47.000,999,999,666398235,31,3344,473,666398284,6565,13292,174,666398321,20,3193,120,666398345,11,3173,254,666398371,16,3397,394,666398325,17,3388,202401,666398407,6583,13356,396,666398502,17,3349,
2026-09-30,07:35:48.000,1000,1350,667038151,30,3382,772,667038161,6590,13342,868,667038183,24,3236,1150,667038179,24,3244,413,667038219,18,3415,1035,667038254,27,3412,200081,667038264,6634,13390,1116,667038313,30,3416,
2026-09-30,07:35:49.000,999,1047,666394039,24,3366,886,666394001,6079,13323,320,666393942,11,3193,380,666393955,16,3190,305,666393921,11,3433,749,666393867,15,3427,209865,666393105,6098,13396,1343,666393038,25,3409,
2026-09-30,07:35:50.000,999,1638,666351012,28,3376,788,666351022,6481,13311,593,666351021,16,3214,567,666351016,15,3210,569,666351030,17,3420,289,666351005,17,3384,204146,666351046,6461,13387,759,666351019,23,3395,
2026-09-30,07:35:51.000,999,916,666374331,18,3320,368,666374405,6828,13271,493,666374434,16,3198,465,666374427,12,3173,647,666374429,14,3377,228,666374448,10,3352,200336,666373517,6843,13341,384,666373440,21,3337,
2026-09-30,07:35:52.000,1000,1321,667046020,37,3379,459,667046091,6402,13344,800,667046063,25,3209,973,667046035,18,3207,1064,667046044,19,3443,712,667046083,25,3438,203729,667046157,6418,13379,506,667046144,26,3390,
2026-09-30,07:35:53.000,999,780,666356722,26,3332,406,666356785,6851,13280,1023,666356800,23,3224,693,666356834,21,3204,893,666356868,18,3392,399,666356865,17,3360,198892,666356848,6857,13341,555,666356883,24,3368,
2026-09-30,07:35:54.000,999,1114,666361188,30,3363,454,666361116,6657,13293,936,666361158,18,3222,702,666361123,14,3199,1308,666361133,20,3413,607,666360331,18,3390,204770,666360271,6652,13368,734,666360276,21,3377,
2026-09-30,07:35:55.000,1000,5919,667044076,64,3672,5534,667044042,7408,13618,5532,667044019,52,3526,5212,667044040,52,3542,4161,667044008,57,3726,5091,667043983,50,3688,195979,667043959,7417,13675,6263,667043957,67,3712,
2026-09-30,07:35:56.000,999,1883,666387515,43,3431,1834,666387473,6934,13378,1706,666387506,34,3293,758,666387496,30,3276,1053,666387500,34,3472,1951,666387570,32,3464,202150,666386863,6924,13418,1550,666386792,41,3430,
2026-09-30,07:35:57.000,999,4525,666358264,54,3605,4141,666358250,6777,13520,3297,666358272,32,3440,3463,666358267,49,3437,3804,666358263,48,3620,3018,666358204,37,3618,204438,666358180,6770,13583,3734,666358155,42,3602,
2026-09-30,07:35:58.001,1000,652,667036549,33,3376,478,667036577,6497,13317,301,667036580,16,3207,1043,667036545,22,3212,948,667036558,17,3402,1060,667036554,25,3413,202997,667035664,6510,13412,566,667035608,22,3386,
2026-09-30,07:35:59.001,1000,1535,667045940,30,3341,571,667045901,6500,13301,282,667045932,26,3186,267,667045905,29,3192,493,667045887,30,3410,478,667045107,28,3399,205360,667045106,6524,13384,591,667045070,43,3371,
2026-09-30,07:36:00.001,999,1582,666379858,39,3343,1465,666379855,7278,13327,1130,666379861,32,3248,537,666379890,33,3239,1063,666379916,31,3374,1078,666379886,28,3378,196570,666379169,7260,13375,764,666379167,37,3372,
2026-09-30,07:36:01.001,999,776,666356943,36,3344,715,666356941,6558,13280,473,666356951,21,3210,336,666356936,15,3176,401,666356943,19,3390,432,666356977,23,3370,202002,666356938,6561,13372,1508,666356866,32,3370,
2026-09-30,07:36:02.001,1000,2378,667045838,37,3412,1438,667045844,7379,13359,1118,667045829,26,3297,1365,667045794,21,3255,1488,667045823,27,3454,1088,667045756,24,3411,191328,667045789,7409,13417,1611,667045839,29,3414,
2026-09-30,07:36:03.001,999,1361,666379602,36,3407,895,666379584,6159,13332,675,666379589,21,3227,903,666379619,29,3227,950,666379612,28,3468,495,666378719,24,3449,208235,666378673,6147,13431,1426,666378616,33,3448,
2026-09-30,07:36:04.001,999,28546,666355225,54,4319,24250,666355267,6658,14260,22989,666355225,40,4165,28721,666355193,33,4098,26281,666355213,33,4335,26537,666355170,32,4307,224606,666354315,6664,14336,27083,666354295,39,4321,
2026-09-30,07:36:05.002,1000,2463,667029052,78,3529,1644,667029009,6514,13463,2149,667028940,66,3400,2226,667028897,55,3384,3050,667028949,69,3582,2023,667028960,58,3578,204014,667028117,6464,13532,2146,667028188,72,3574,
2026-09-30,07:36:06.001,999,1045,666358928,40,3408,1093,666358913,6819,13337,684,666358826,37,3254,985,666358803,35,3245,1198,666358786,35,3452,1212,666358768,35,3425,197694,666357900,6817,13431,1501,666357841,40,3436,
2026-09-30,07:36:07.001,999,1580,666382598,59,3516,1588,666382621,6547,13454,1574,666382585,44,3354,1416,666382547,36,3329,1770,666382541,40,3548,978,666381857,41,3510,207368,666381820,6553,13514,1976,666381832,53,3520,
2026-09-30,07:36:08.001,999,1408,666374118,41,3367,461,666374095,6975,13294,442,666374120,24,3214,1062,666374107,32,3215,680,666374081,36,3415,940,666374191,26,3388,197751,666373420,6995,13356,881,666373461,27,3369,
2026-09-30,07:36:09.001,1000,1479,667039611,34,3437,1095,667039615,6408,13400,896,667039655,37,3281,1515,667039634,37,3296,1138,667039644,35,3515,1289,667039749,30,3494,203466,667038958,6420,13449,1073,667039030,40,3486,
2026-09-30,07:36:10.001,999,882,666401246,13,3337,308,666401235,6106,13288,171,666401215,15,3173,114,666401197,12,3157,194,666401130,12,3409,154,666400076,17,3398,205091,666400057,6112,13349,370,666400061,18,3385,
2026-09-30,07:36:11.001,999,3376,666362688,25,3450,2215,666362663,6431,13390,1507,666362633,17,3258,970,666362639,19,3273,1765,666362659,14,3492,2260,666362665,20,3462,204789,666362002,6438,13478,1611,666361991,19,3461,
2026-09-30,07:36:12.002,1000,3015,667048092,56,3601,2748,667047974,5955,13553,2087,667047927,39,3389,2256,667047947,46,3405,3466,667047895,41,3698,2873,667047851,45,3652,208787,667046647,5964,13613,2744,667046639,54,3636,
2026-09-30,07:36:13.001,999,5789,666357971,45,3704,6981,666357993,7016,13626,6766,666357973,25,3600,6431,666357930,20,3552,8890,666357957,25,3798,6224,666357995,27,3727,199350,666358039,7019,13721,5545,666358050,29,3694,
2026-09-30,07:36:14.001,999,2141,666365124,52,3408,1589,666365103,7125,13365,1197,666365073,38,3286,1914,666365141,33,3287,1560,666365059,40,3511,2447,666365057,28,3456,193968,666365065,7118,13416,1461,666365146,51,3427,
2026-09-30,07:36:15.002,1000,2950,667043948,86,3484,1322,667043855,6345,13429,919,667043875,69,3314,865,667043857,55,3292,1721,667043888,60,3539,1129,667043867,66,3516,208161,667043122,6360,13509,2455,667043220,79,3518,
2026-09-30,07:36:16.001,999,1504,666377890,52,3381,572,666377871,7181,13315,1179,666377029,36,3235,466,666377092,34,3217,476,666377134,34,3394,570,666377268,38,3393,194820,666377202,7191,13371,721,666376081,38,3379,
2026-09-30,07:36:17.001,999,997,666377637,37,3347,344,666377694,7280,13279,211,666377713,22,3216,204,666377704,14,3192,209,666377740,15,3367,252,666377020,20,3356,194384,666377018,7308,13335,465,666377060,27,3342,
2026-09-30,07:36:18.001,999,1824,666382850,41,3376,1091,666382807,7003,13317,1964,666382790,28,3247,694,666382801,25,3238,1128,666382894,33,3439,841,666382139,32,3407,195745,666382189,7044,13372,1160,666382059,32,3387,
2026-09-30,07:36:19.002,1000,809,667058244,37,3341,463,667058222,7125,13294,1295,667058216,25,3218,495,667058155,26,3213,651,667058214,43,3424,473,667057349,29,3388,196217,667057349,7128,13348,793,667057310,37,3357,
2026-09-30,07:36:20.001,999,1093,666354813,37,3338,759,666354804,7430,13275,334,666354726,20,3207,431,666354770,25,3207,263,666354708,18,3353,738,666354773,28,3357,190841,666353919,7419,13332,710,666353862,29,3353,
2026-09-30,07:36:21.001,999,722,666372329,38,3300,336,666372270,7036,13250,803,666372308,13,3176,131,666372336,17,3167,122,666372364,15,3326,341,666372404,13,3326,198088,666371654,7020,13311,273,666371657,20,3333,
2026-09-30,07:36:22.002,1000,1408,667045460,31,3330,150,667045483,6729,13272,65,667045532,10,3166,179,667045535,7,3150,897,667045569,10,3364,94,667045663,13,3346,200269,667045632,6720,13322,343,667044812,21,3340,
2026-09-30,07:36:23.002,999,560,666377384,33,3329,265,666377406,6896,13261,240,666377391,14,3190,707,666377347,23,3205,206,666377375,21,3383,263,666376470,22,3381,199097,666376453,6887,13326,651,666376463,26,3353,
2026-09-30,07:36:24.001,999,1122,666375689,32,3313,535,666375665,7138,13249,786,666375680,15,3204,1338,666375683,18,3193,1081,666375748,22,3360,230,666374785,14,3344,197065,666374805,7130,13313,531,666374777,21,3328,
2026-09-30,07:36:25.001,999,1167,666383178,50,3395,1013,666383170,7309,13332,1442,666383183,49,3280,878,666383193,43,3261,1176,666383284,50,3422,823,666383403,40,3409,198257,666383388,7322,13409,1523,666383501,56,3432,
2026-09-30,07:36:26.002,1000,755,667048585,36,3332,693,667048531,7354,13267,403,667048467,21,3199,305,667048486,14,3183,334,667048509,19,3345,289,667048460,18,3334,194552,667048508,7345,13317,902,667047514,28,3337,
2026-09-30,07:36:27.001,999,3934,666377537,49,3522,2546,666377540,6841,13508,3441,666377620,31,3403,2163,666377634,43,3404,2550,666377593,46,3564,2368,666377595,37,3559,206139,666377581,6854,13520,3541,666377529,51,3570,
2026-09-30,07:36:28.001,999,1125,666383638,33,3356,599,666383643,7289,13285,326,666383667,18,3214,255,666383676,22,3189,305,666383694,16,3352,409,666382967,21,3339,195703,666382980,7309,13340,1640,666382941,23,3344,
2026-09-30,07:36:29.002,1000,1219,667045396,26,3365,1688,667045431,7035,13324,843,667045388,21,3242,765,667045387,22,3220,428,667045446,19,3399,619,667045409,18,3373,199442,667045490,7055,13360,1044,667045550,22,3362,
2026-09-30,07:36:30.002,999,680,666378025,30,3311,528,666378020,7182,13247,447,666378025,15,3200,297,666378022,16,3180,320,666378019,22,3350,366,666378077,10,3320,195402,666376643,7187,13295,365,666376591,23,3303,
2026-09-30,07:36:31.001,999,1575,666432809,43,3362,1072,666432841,7221,13313,417,666432813,31,3216,375,666432851,30,3206,789,666432875,32,3377,662,666432926,32,3374,197832,666432952,7198,13360,1536,666433052,34,3376,
2026-09-30,07:36:32.001,999,2100,666399822,34,3457,1227,666399796,7055,13407,1631,666399750,35,3364,2198,666399742,30,3345,2475,666399701,32,3505,2860,666399726,33,3505,198760,666399712,7052,13461,2177,666399670,34,3483,
2026-09-30,07:36:33.002,1000,1066,667067386,33,3360,500,667067406,6827,13294,408,667067381,24,3218,542,667067394,23,3202,449,667067333,21,3378,977,667067362,28,3401,199929,667066707,6863,13365,458,667066710,33,3372,
2026-09-30,07:36:34.002,999,849,666353401,35,3339,373,666353431,6935,13264,329,666353439,24,3195,302,666353434,17,3188,229,666353424,16,3364,706,666353413,16,3376,198647,666353442,6936,13329,635,666353408,22,3335,
2026-09-30,07:36:35.001,999,842,666372036,51,3335,702,666372083,7265,13314,956,666372017,49,3233,1172,666371970,42,3231,459,666372028,42,3375,682,666372195,39,3372,195449,666372195,7268,13354,940,666372152,70,3389,
2026-09-30,07:36:36.001,999,1557,666388760,73,3407,2300,666388751,8047,13367,1530,666388754,51,3314,1544,666388682,64,3337,1590,666388641,62,3461,1901,666388590,64,3437,185775,666387707,8054,13420,2635,666387694,76,3441,
2026-09-30,07:36:37.002,1000,524,667049875,38,3328,669,667049865,7149,13293,146,667049844,16,3190,257,667049853,17,3197,186,667049896,19,3368,360,667049898,15,3362,195251,667049158,7135,13349,587,667049107,30,3360,
2026-09-30,07:36:38.002,999,2326,666382787,48,3343,1191,666382753,7275,13252,737,666382778,26,3228,547,666382704,20,3210,869,666382741,30,3371,853,666381956,18,3349,193968,666381938,7301,13335,687,666381935,43,3337,
2026-09-30,07:36:39.001,999,7274,666395263,37,3755,7793,666395348,6998,13718,7672,666395338,40,3641,11631,666395309,32,3609,6356,666395339,32,3773,6903,666394483,41,3778,205642,666394541,6995,13764,9523,666394423,45,3777,
2026-09-30,07:36:40.002,1000,691,667024418,19,3301,435,667024342,6807,13281,331,667024365,8,3176,199,667024334,17,3171,157,667024285,13,3352,197,667024291,19,3340,197757,667024366,6835,13331,286,667024378,23,3331,
2026-09-30,07:36:41.003,1000,846,667054409,29,3337,401,667054430,6867,13288,489,667054457,21,3198,230,667054464,20,3185,250,667054477,18,3366,399,667054477,12,3354,198929,667053490,6859,13355,773,667053534,30,3355,
2026-09-30,07:36:42.003,999,3004,666385845,57,3536,3393,666385880,6983,13493,3022,666385933,46,3408,3163,666385964,47,3397,3700,666385917,45,3593,2936,666386017,46,3537,202502,666385091,6964,13491,2749,666385053,54,3548,
2026-09-30,07:36:43.002,999,394,666386945,32,3340,540,666386952,6527,13288,439,666387004,20,3181,200,666386981,19,3173,161,666387049,16,3384,352,666387122,17,3378,202623,666386338,6519,13339,854,666386250,34,3365,
2026-09-30,07:36:44.003,1000,1503,667033095,45,3448,2844,667033046,7028,13425,1991,667033034,31,3363,2021,667033004,27,3322,2777,667032987,35,3525,2431,667032991,27,3517,198902,667032960,7044,13459,2289,667032820,47,3513,
2026-09-30,07:36:45.003,999,1519,666383029,71,3404,692,666383011,6638,13339,499,666383004,41,3230,610,666383032,38,3232,785,666383085,46,3454,469,666382357,48,3412,201435,666382383,6658,13416,1325,666382456,65,3433,
2026-09-30,07:36:46.002,999,1396,666384584,37,3368,765,666384638,6519,13318,201,666384680,25,3193,1009,666384684,18,3199,413,666384717,28,3424,698,666384666,23,3399,204003,666384708,6512,13394,790,666384752,36,3381,
2026-09-30,07:36:47.003,1000,6806,667077051,48,3640,4834,667077061,7265,13592,4026,667077045,43,3486,4356,667077089,42,3489,5299,667077116,40,3661,5590,667077205,53,3646,202565,667077232,7278,13673,5838,667077276,55,3656,
2026-09-30,07:36:48.004,1000,1267,667123059,49,3389,1522,667123035,7063,13357,631,667123031,46,3268,741,667123042,40,3256,1592,667123027,38,3422,1043,667123053,39,3421,196560,667123126,7064,13424,1071,667123122,39,3419,
2026-09-30,07:36:49.004,999,415,666373416,27,3319,264,666373392,6348,13271,109,666373405,13,3159,151,666373382,18,3161,82,666373371,9,3379,82,666373352,11,3377,201860,666373324,6368,13326,267,666373364,21,3354,
2026-09-30,07:36:50.004,999,844,666397055,30,3318,362,666396971,6940,13251,530,666396922,12,3177,137,666396900,16,3174,237,666396894,9,3345,393,666396806,15,3348,196342,666396764,6969,13313,872,666396959,27,3335,
2026-09-30,07:36:51.003,999,983,666400777,29,3352,461,666400705,7049,13300,511,666400692,16,3228,1147,666400729,21,3221,533,666400716,27,3407,430,666400627,16,3378,196264,666400595,7039,13323,865,666400637,26,3370,
2026-09-30,07:36:52.004,1000,664,667050572,30,3322,181,667050656,6964,13257,167,667050617,16,3179,207,667050654,13,3169,186,667050783,14,3341,134,667050959,13,3331,198809,667051082,6964,13322,830,667051151,24,3348,
2026-09-30,07:36:53.004,999,1273,666383121,40,3425,1170,666383108,6862,13375,1026,666383070,35,3275,929,666383122,35,3274,995,666383139,28,3458,1324,666383180,25,3466,201720,666383225,6872,13427,1612,666382462,35,3440,
2026-09-30,07:36:54.004,999,1462,666386635,37,3385,796,666386699,6275,13350,888,666386676,29,3255,998,666386675,24,3250,770,666386690,35,3478,818,666386697,28,3459,206680,666385789,6260,13411,927,666385826,36,3423,
2026-09-30,07:36:55.004,1000,984,667053786,36,3364,741,667053775,6438,13317,206,667053803,23,3204,508,667053836,34,3210,345,667053864,37,3441,396,667053938,37,3420,201856,667053046,6441,13404,1456,667053084,52,3416,
2026-09-30,07:36:56.004,999,1235,666394760,30,3337,530,666394708,6889,13284,345,666394697,22,3182,701,666394656,22,3195,907,666394633,21,3372,1343,666394046,24,3379,197894,666394131,6898,13348,1531,666394111,26,3359,
2026-09-30,07:36:57.004,999,2872,666383147,31,3461,1643,666383086,6735,13388,2216,666383142,18,3305,1466,666383073,20,3298,2191,666383067,18,3513,1745,666383107,19,3480,201795,666382110,6769,13464,2259,666382105,39,3499,
2026-09-30,07:36:58.003,999,643,666384332,23,3322,182,666384293,6425,13273,195,666384269,11,3166,126,666384260,7,3170,102,666384245,13,3359,264,666383405,11,3370,203603,666383396,6442,13338,692,666383348,19,3335,
2026-09-30,07:36:59.004,1000,1007,667049153,34,3331,559,667049145,7267,13289,409,667049129,30,3224,709,667049103,29,3233,505,667049057,29,3392,1004,667048416,30,3397,193696,667048432,7269,13363,1512,667048425,35,3390,
2026-09-30,07:37:00.004,999,1121,666384396,45,3347,1802,666384428,7249,13326,635,666384458,31,3245,752,666384485,31,3245,602,666384492,27,3383,818,666383738,24,3381,194534,666383757,7250,13377,1596,666383720,37,3395,
2026-09-30,07:37:01.004,999,899,666403057,27,3293,291,666403030,7682,13231,385,666403059,17,3178,247,666403060,15,3171,349,666403091,17,3302,221,666403155,22,3286,187632,666403155,7686,13286,502,666403294,20,3296,
2026-09-30,07:37:02.003,999,1774,666389950,25,3357,775,666389954,7125,13297,567,666389974,13,3212,656,666389998,15,3226,666,666390035,14,3374,975,666390178,20,3397,195105,666390214,7142,13367,511,666390200,25,3344,
2026-09-30,07:37:03.004,1000,1456,667061178,24,3335,622,667061214,6924,13272,449,667061218,16,3190,426,667061222,14,3174,167,667061305,13,3360,149,667061263,13,3351,198027,667061108,6945,13361,803,667061169,28,3371,
2026-09-30,07:37:04.004,999,987,666403583,29,3349,545,666403538,7049,13307,559,666403499,32,3257,731,666403506,31,3240,613,666403562,25,3396,483,666403458,29,3404,194447,666403441,7059,13362,664,666403362,26,3349,
2026-09-30,07:37:05.004,999,4415,666372532,49,3614,3293,666372537,7286,13513,4261,666372471,46,3486,3224,666372479,35,3455,4278,666372514,41,3621,3657,666371699,35,3581,197928,666371656,7312,13608,3954,666371638,51,3592,
2026-09-30,07:37:06.004,1000,1754,667054051,35,3363,1835,667054046,7267,13305,695,667054006,25,3220,1487,667053967,18,3231,1152,667053882,33,3402,584,667053843,22,3350,196299,667053117,7250,13361,2423,667053099,35,3377,
2026-09-30,07:37:07.004,999,809,666377610,22,3338,362,666377616,6807,13275,177,666377594,15,3182,448,666377575,21,3186,499,666377646,15,3383,343,666376948,14,3398,198721,666376912,6807,13343,1548,666376890,20,3369,
2026-09-30,07:37:08.004,999,1576,666375582,47,3359,492,666375552,7304,13289,510,666375507,31,3232,894,666375513,26,3220,922,666375484,35,3385,864,666375438,37,3388,193896,666374669,7330,13345,1183,666374629,45,3352,
2026-09-30,07:37:09.004,999,711,666375325,18,3327,240,666375321,6866,13258,356,666375387,7,3171,118,666375389,13,3177,122,666375383,12,3363,319,666374110,16,3344,204331,666374136,6856,13335,573,666374146,11,3340,
2026-09-30,07:37:10.004,1000,1061,667051519,28,3319,505,667051542,7176,13277,276,667051583,22,3189,934,667051607,22,3191,234,667051614,20,3354,316,667051605,27,3344,196756,667051763,7183,13319,688,667051832,31,3343,
2026-09-30,07:37:11.004,999,1017,666394547,30,3326,343,666394540,7292,13267,368,666394520,19,3205,757,666394577,22,3202,338,666394617,25,3363,654,666394623,24,3351,196770,666394603,7278,13314,507,666394723,32,3327,
2026-09-30,07:37:12.004,999,2115,666397191,38,3366,1263,666397096,6638,13305,981,666397120,27,3218,865,666397082,23,3202,1245,666397065,22,3408,1211,666397135,26,3389,201954,666397211,6646,13360,649,666397383,32,3377,
2026-09-30,07:37:13.004,999,2319,666383687,42,3413,1429,666383706,7509,13366,1610,666383784,15,3298,1294,666383730,21,3277,2581,666383758,25,3449,1659,666383744,27,3428,194132,666383819,7514,13429,2443,666383996,37,3450,
2026-09-30,07:37:14.004,1000,882,667060589,30,3339,256,667060573,6765,13286,164,667060521,14,3189,527,667060524,16,3170,326,667060511,10,3366,284,667060591,14,3359,200690,667060607,6755,13338,706,667060680,23,3342,
2026-09-30,07:37:15.004,999,1200,666353615,53,3358,916,666353566,7486,13316,978,666353588,61,3277,1145,666353581,48,3266,1343,666353578,46,3383,1104,666353576,50,3395,194169,666353526,7488,13393,1303,666353546,66,3408,
2026-09-30,07:37:16.004,999,1078,666346114,34,3291,1030,666346136,7279,13248,522,666346143,24,3186,241,666346204,25,3177,226,666346212,26,3342,430,666346197,24,3338,194481,666345425,7248,13290,661,666345461,36,3329,
2026-09-30,07:37:17.004,1000,763,667039904,27,3330,504,667039876,6467,13298,412,667039823,8,3179,374,667039769,11,3185,152,667039717,6,3388,223,667039628,9,3368,201813,667039601,6472,13364,795,667039593,21,3375,
2026-09-30,07:37:18.004,999,916,666381093,34,3327,548,666381130,6648,13284,305,666381141,26,3186,371,666381157,22,3197,265,666381182,20,3376,728,666380408,14,3377,205362,666380360,6635,13346,699,666380333,31,3361,
2026-09-30,07:37:19.004,999,925,666381145,31,3314,314,666381119,6845,13266,189,666381119,17,3186,312,666381108,19,3171,158,666381043,16,3347,326,666380308,26,3360,199173,666380303,6840,13321,312,666380177,33,3340,
2026-09-30,07:37:20.005,1000,554,667054168,38,3352,489,667054176,6656,13313,290,667054183,24,3193,338,667054214,20,3201,299,667054268,23,3396,181,667054120,19,3375,201815,667054232,6654,13353,689,667053330,27,3360,
2026-09-30,07:37:21.005,1000,637,667050922,36,3357,962,667050927,6835,13304,544,667050941,29,3226,1107,667050987,31,3218,447,667050973,30,3386,421,667051022,31,3381,202169,667050227,6821,13351,868,667050320,26,3370,
2026-09-30,07:37:22.005,999,812,666375858,25,3315,425,666375922,7027,13245,130,666375940,13,3161,74,666375881,9,3164,153,666375863,19,3329,240,666375883,15,3323,195914,666374939,7034,13310,770,666375012,25,3329,
2026-09-30,07:37:23.005,999,865,666386457,27,3302,275,666386481,7157,13232,83,666386474,10,3156,61,666386478,11,3149,200,666386447,9,3317,145,666385460,15,3311,198623,666385451,7157,13292,239,666385401,17,3298,
2026-09-30,07:37:24.006,1000,703,667056775,38,3335,1064,667056766,7667,13308,973,667056776,22,3247,1075,667056794,19,3234,874,667056750,30,3384,1358,667056720,24,3355,190759,667056771,7673,13351,961,667056777,37,3371,
2026-09-30,07:37:25.005,999,753,666380756,52,3364,667,666380760,6900,13299,244,666380714,24,3216,610,666380733,32,3202,570,666380677,26,3382,473,666380683,27,3382,201590,666380008,6872,13359,982,666380052,34,3372,
2026-09-30,07:37:26.005,999,1916,666351946,42,3380,970,666351998,7239,13316,1789,666352025,31,3263,1522,666352040,26,3233,982,666352017,32,3411,1060,666352044,30,3397,198072,666351404,7241,13396,1670,666351405,30,3381,
2026-09-30,07:37:27.006,1000,7776,667047678,39,3842,7558,667047686,6955,13840,5925,667047711,50,3685,7655,667047721,49,3728,7291,667047707,47,3954,6284,667047774,54,3932,205298,667046715,6944,13923,6161,667046733,64,3946,
2026-09-30,07:37:28.006,1000,3523,667038903,56,3513,2444,667038832,7034,13443,1615,667038850,30,3333,2042,667038824,38,3347,2644,667038806,33,3506,2978,667038806,37,3507,200024,667038125,7038,13491,2807,667038119,50,3527,
2026-09-30,07:37:29.006,999,455,666376606,19,3312,615,666376602,6839,13256,203,666376615,11,3165,106,666376595,14,3166,288,666376657,16,3357,288,666376654,19,3343,198647,666376648,6854,13319,594,666376680,23,3334,
2026-09-30,07:37:30.006,999,1511,666388399,32,3334,1412,666388484,7536,13284,391,666388460,18,3223,377,666388463,23,3199,532,666388504,17,3339,426,666388564,21,3326,190685,666387952,7541,13325,1195,666387997,25,3322,
2026-09-30,07:37:31.007,1000,3258,667043009,64,3557,4954,667043006,6920,13554,4070,667043011,33,3449,1793,667043022,45,3404,3346,667043009,47,3650,2192,667042975,52,3594,198648,667041019,6960,13616,4049,667041031,57,3655,
2026-09-30,07:37:32.006,999,927,666376074,42,3341,2157,666376133,7423,13297,530,666376121,28,3229,764,666376092,30,3196,809,666376090,35,3371,1003,666376033,32,3357,194897,666376091,7459,13354,1083,666376030,53,3373,
2026-09-30,07:37:33.006,999,1183,666385830,18,3285,177,666385828,6993,13239,155,666385859,12,3169,174,666385870,8,3153,96,666385823,14,3341,93,666385885,14,3321,194007,666384799,6996,13298,460,666384698,14,3305,
2026-09-30,07:37:34.006,999,466,666392038,20,3323,247,666392005,6544,13282,700,666391977,21,3196,192,666391966,18,3177,538,666392027,20,3382,459,666392079,18,3382,201968,666391389,6532,13344,508,666391542,25,3353,
2026-09-30,07:37:35.007,1000,2065,667062241,72,3424,1820,667062291,7318,13395,1002,667062312,50,3305,1870,667062288,52,3280,999,667062296,59,3439,826,667062365,59,3449,195981,667061531,7331,13457,2491,667061472,68,3467,
2026-09-30,07:37:36.006,999,745,666384766,33,3322,617,666384769,7188,13254,313,666384816,15,3187,1294,666384800,18,3181,273,666384793,24,3352,212,666384824,17,3337,195312,666384770,7195,13326,521,666384787,29,3321,
2026-09-30,07:37:37.006,999,1237,666378553,34,3311,901,666378567,7625,13273,699,666378609,31,3222,633,666378640,22,3209,675,666378713,30,3339,452,666378799,24,3327,192962,666378056,7634,13321,487,666378080,40,3325,
2026-09-30,07:37:38.007,1000,1624,667017563,39,3395,951,667017550,6923,13333,1387,667017528,15,3238,478,667017513,22,3207,1030,667017462,30,3429,1360,667017485,24,3420,194116,667017606,6950,13396,1421,667017526,38,3393,
2026-09-30,07:37:39.006,999,586,666358236,38,3328,245,666358287,7323,13270,220,666358258,19,3209,228,666358264,12,3182,180,666358232,17,3357,470,666358281,18,3341,192696,666358288,7342,13318,612,666357484,29,3334,
2026-09-30,07:37:40.006,999,513,666383083,28,3279,339,666383135,7837,13239,620,666383180,20,3197,1613,666383173,15,3194,355,666383145,20,3302,645,666383049,16,3302,189904,666383070,7846,13290,393,666383001,33,3299,
2026-09-30,07:37:41.006,999,894,666376396,32,3303,614,666376403,7441,13244,270,666376454,9,3204,438,666376464,15,3190,502,666376510,14,3338,474,666376477,20,3343,191933,666376480,7434,13293,366,666376428,30,3311,
2026-09-30,07:37:42.007,1000,582,667041355,24,3305,121,667041333,7123,13242,227,667041376,16,3184,149,667041398,14,3168,150,667041394,12,3336,201,667041437,17,3334,193917,667041474,7117,13314,575,667041488,19,3312,
2026-09-30,07:37:43.006,999,3180,666352099,51,3490,3464,666352118,7106,13442,2060,666352148,25,3331,2515,666352134,35,3344,2619,666352101,39,3516,2314,666352082,34,3505,196871,666352088,7117,13494,2623,666352096,41,3507,
2026-09-30,07:37:44.006,999,682,666374585,29,3309,191,666374597,6960,13263,50,666374609,15,3162,250,666374603,11,3150,222,666374623,14,3336,53,666374638,7,3325,199389,666374628,6954,13308,1098,666373812,19,3316,
2026-09-30,07:37:45.007,1000,1276,667044778,52,3387,796,667044799,6914,13337,507,667044747,42,3255,833,667044760,40,3226,761,667044782,38,3427,452,667044776,39,3411,198556,667044749,6928,13397,1789,667044679,56,3415,
2026-09-30,07:37:46.006,999,2078,666379142,39,3394,894,666379128,7178,13329,763,666379106,29,3259,792,666379124,25,3242,901,666379128,28,3403,1092,666379075,31,3379,198203,666379056,7197,13391,1333,666379052,39,3398,
2026-09-30,07:37:47.006,999,676,666359256,40,3376,1182,666359276,6411,13327,1256,666359294,25,3224,413,666359274,28,3209,428,666359289,26,3425,859,666359300,26,3427,202184,666359300,6431,13407,881,666359337,42,3408,
2026-09-30,07:37:48.007,1000,29067,667047143,53,4403,25132,667047150,7479,14354,23543,667047139,39,4298,28499,667047160,38,4259,25626,667047218,36,4411,29353,667046241,33,4385,213796,667046209,7469,14385,20531,667046157,48,4403,
2026-09-30,07:37:49.007,999,1491,666377225,42,3383,671,666377333,7065,13329,434,666377363,32,3242,855,666377370,18,3235,430,666377374,30,3397,817,666376625,29,3405,197738,666376652,7046,13396,1090,666376604,33,3377,
2026-09-30,07:37:50.006,999,673,666380968,32,3284,177,666380984,7348,13227,88,666381019,9,3155,170,666380994,15,3169,68,666381033,10,3314,250,666380940,12,3305,192866,666380900,7357,13279,363,666380886,19,3285,
2026-09-30,07:37:51.006,999,618,666362390,35,3300,230,666362435,7103,13256,208,666362386,17,3180,247,666362329,28,3170,165,666362364,20,3343,220,666362380,22,3332,197411,666362473,7113,13306,461,666362463,34,3328,
2026-09-30,07:37:52.007,1000,7912,667061568,36,3755,5623,667061614,6662,13717,8288,667061608,26,3631,5829,667061630,27,3635,6674,667061618,38,3812,8115,667061617,27,3773,205213,667061657,6658,13792,7044,667061565,34,3801,
2026-09-30,07:37:53.007,999,2398,666372320,33,3331,857,666372318,7467,13293,472,666372286,25,3238,1267,666372280,25,3207,555,666372248,23,3358,716,666372247,18,3348,191041,666372368,7434,13332,886,666372319,31,3353,
2026-09-30,07:37:54.006,999,1102,666381794,40,3316,326,666381810,7818,13257,574,666381831,25,3207,738,666381793,22,3201,357,666381830,26,3304,584,666381776,23,3296,190431,666381762,7807,13299,1138,666381765,33,3323,
2026-09-30,07:37:55.007,1000,1632,667020731,68,3414,1362,667020673,7052,13356,1629,667020697,60,3305,1139,667020690,50,3265,952,667020738,47,3452,605,667020811,48,3430,198749,667020779,7047,13421,1623,667019925,71,3435,
2026-09-30,07:37:56.007,999,44079,666386953,114,6531,43551,666386952,7131,16448,49875,666386908,101,6316,44188,666386870,108,6367,45301,666386893,108,6603,42174,666386215,103,6543,238819,666386201,7140,16517,46954,666386120,94,6614,
2026-09-30,07:37:57.006,999,1416,666376814,53,3484,2309,666376786,7133,13439,1327,666376810,43,3361,1861,666376820,37,3338,2232,666376761,42,3512,1943,666376214,45,3519,196812,666376183,7134,13510,2939,666376139,45,3506,
2026-09-30,07:37:58.006,999,4544,666403275,50,3615,3427,666403306,6725,13558,3965,666403351,46,3457,3645,666403397,35,3420,3522,666403406,40,3622,3360,666402584,34,3625,202621,666402527,6759,13620,4844,666402434,52,3651,
2026-09-30,07:37:59.007,1000,2695,667067252,52,3480,1776,667067268,7402,13432,1793,667067239,42,3344,1452,667067240,43,3336,2268,667067233,43,3461,1788,667067219,47,3493,196194,667066309,7398,13457,1484,667066307,51,3466,
2026-09-30,07:38:00.007,999,3500,666372641,75,3592,4230,666372698,6954,13605,4065,666372706,61,3491,3141,666372736,59,3526,2862,666372843,69,3702,4756,666372077,54,3719,201828,666372143,6964,13673,3123,666372187,67,3670,
2026-09-30,07:38:01.006,999,1372,666376211,53,3409,862,666376239,6670,13343,830,666376264,32,3243,532,666376251,31,3238,363,666376201,19,3423,591,666375410,32,3437,200786,666375501,6686,13417,1317,666375437,49,3441,
2026-09-30,07:38:02.007,1000,1393,667034692,37,3404,803,667034690,6591,13332,696,667034650,22,3242,450,667033893,28,3230,623,667033901,29,3436,697,667033852,30,3420,199985,667033852,6611,13414,1079,667033842,28,3414,
2026-09-30,07:38:03.008,1000,751,667027361,39,3348,1194,667027446,7097,13320,671,667027434,32,3251,732,667027403,32,3239,938,667027474,32,3416,677,667027567,34,3377,198142,667027615,7113,13392,957,667027651,42,3371,
2026-09-30,07:38:04.008,999,649,666383444,30,3332,243,666383447,6695,13265,125,666382748,17,3179,122,666382755,17,3164,173,666382715,17,3377,248,666382692,18,3368,199865,666382686,6680,13327,888,666382743,26,3337,
2026-09-30,07:38:05.007,999,4996,666370384,104,3679,3112,666370355,7568,13599,3969,666370329,98,3585,3060,666370270,92,3543,4745,666370280,115,3707,3658,666370286,93,3702,197922,666369581,7573,13665,3525,666369517,103,3705,
2026-09-30,07:38:06.008,1000,1445,667077701,41,3414,1213,667077770,6847,13352,1073,667077811,33,3244,528,667077800,28,3226,1008,667077795,33,3423,415,667077719,32,3405,198811,667077715,6818,13396,1095,667076895,35,3422,
2026-09-30,07:38:07.008,999,2530,666379452,32,3404,900,666379425,6617,13348,1192,666379382,22,3248,774,666379356,24,3243,583,666379299,23,3437,577,666379393,23,3423,202825,666379360,6620,13405,854,666378426,32,3417,
2026-09-30,07:38:08.008,999,2050,666387767,21,3355,660,666387774,7043,13311,1162,666387815,30,3236,1356,666387849,29,3225,761,666387923,27,3384,636,666387835,27,3376,198181,666387885,7034,13368,1049,666387191,38,3394,
2026-09-30,07:38:09.007,999,924,666379890,38,3369,495,666379875,7129,13311,214,666379932,21,3220,715,666379935,28,3224,802,666379992,27,3399,599,666379383,26,3377,195220,666379446,7122,13350,861,666379478,35,3377,
2026-09-30,07:38:10.008,1000,468,667045814,30,3305,135,667045823,7409,13236,125,667045895,11,3172,72,667045864,10,3143,580,667045894,10,3315,276,667045128,11,3294,192041,667045157,7415,13287,486,667045166,15,3293,
2026-09-30,07:38:11.008,999,1705,666391784,56,3387,1392,666391816,7547,13326,607,666391814,41,3266,1284,666391837,41,3260,931,666391903,38,3406,565,666391997,40,3367,192149,666392058,7515,13373,1534,666392030,49,3408,
2026-09-30,07:38:12.008,999,611,666445171,32,3331,312,666445129,7084,13262,878,666445096,29,3214,415,666445061,24,3191,259,666445044,19,3343,724,666444925,20,3334,194258,666444856,7093,13327,803,666444855,25,3351,
2026-09-30,07:38:13.008,1000,3225,667051451,51,3481,2601,667051518,7425,13432,2026,667051518,30,3353,2260,667051511,32,3337,2365,667051468,35,3501,2910,667051597,32,3478,196849,667051626,7425,13491,2557,667051789,39,3495,
2026-09-30,07:38:14.009,1000,26242,667052051,39,4412,29662,667052036,5875,14392,28773,667052029,34,4197,25730,667052017,24,4168,23788,667052050,29,4467,25880,667052118,31,4487,233739,667052326,5876,14476,28091,667052354,30,4472,
2026-09-30,07:38:15.009,999,7459,666385349,74,3838,5741,666385372,7037,13766,5632,666385400,75,3653,6798,666385352,68,3662,4431,666385291,56,3817,6139,666385395,66,3782,200263,666385374,7074,13846,5561,666385497,73,3843,
2026-09-30,07:38:16.008,999,1902,666358380,58,3457,1401,666358414,6980,13392,1573,666358489,45,3304,1136,666358584,54,3285,1835,666358531,48,3498,1432,666358556,45,3473,200514,666358656,6993,13460,2810,666358629,52,3493,
2026-09-30,07:38:17.009,1000,182363,667049916,380,14958,170647,667049876,7884,24776,177380,667049867,360,14599,177018,667049865,353,14565,172213,667049827,342,14772,173238,667049849,363,14788,365915,667049751,7866,25013,180041,667048783,365,14848,
2026-09-30,07:38:18.009,999,49249,666384074,235,6820,44476,666384070,7179,16839,45854,666383995,206,6784,46670,666384016,209,6682,41657,666384064,209,6951,44074,666383961,188,6905,236468,666383222,7203,16848,45460,666383280,212,6922,
2026-09-30,07:38:19.009,999,5578,666379832,114,3823,5000,666379910,6632,13753,3729,666379927,81,3632,4063,666379943,80,3598,3158,666379953,86,3777,3289,666380017,96,3840,208322,666379976,6629,13793,3856,666379969,109,3794,
2026-09-30,07:38:20.008,999,19183,666381570,151,4651,23249,666381555,6616,14589,18940,666381586,118,4542,18212,666381628,116,4536,18799,666381589,116,4750,16867,666380475,130,4718,219163,666380466,6635,14655,16284,666380450,148,4748,
2026-09-30,07:38:21.009,1000,3788,667048504,76,3540,2843,667048488,7286,13489,2281,667048502,59,3400,2061,667048452,44,3361,2767,667048422,73,3539,2534,667047452,56,3524,196367,667047463,7328,13538,2736,667047407,69,3515,
2026-09-30,07:38:22.009,999,4794,666382909,49,3709,4613,666382888,6727,13635,3946,666382955,50,3570,3618,666382977,38,3535,5060,666382999,45,3771,4968,666382057,44,3764,203834,666382153,6731,13699,5296,666382192,42,3720,
2026-09-30,07:38:23.009,999,4236,666394425,95,3712,4694,666394415,7043,13643,4701,666394440,72,3559,4337,666394358,69,3609,4468,666394356,81,3739,4632,666393576,72,3738,203460,666393587,7032,13696,5586,666393577,90,3735,
2026-09-30,07:38:24.009,1000,2479,667044979,65,3399,1435,667044938,7499,13379,1412,667044964,49,3299,1154,667044975,48,3290,678,667045004,48,3430,808,667044257,48,3410,193140,667044284,7519,13427,1329,667044331,58,3422,
2026-09-30,07:38:25.009,999,7073,666383457,159,3916,6273,666383514,7472,13843,6740,666383486,158,3794,6425,666383443,170,3787,7050,666383457,145,3927,6231,666383491,157,3929,200932,666382811,7457,13896,7724,666382820,166,3952,
2026-09-30,07:38:26.009,999,8875,666384669,90,3978,7715,666384710,7192,13898,7383,666384682,73,3790,6772,666384692,77,3791,5972,666384674,81,3997,8408,666384644,78,3987,201831,666384668,7168,13966,7851,666384834,99,3981,
2026-09-30,07:38:27.008,999,2980,666360396,59,3504,2822,666360374,6995,13448,1261,666360394,60,3368,1704,666360414,58,3362,2924,666360424,63,3574,1721,666360462,61,3540,200897,666360461,6996,13543,2197,666360492,71,3524,
2026-09-30,07:38:28.009,1000,9561,667047954,75,3854,7038,667047977,6518,13806,7188,667047992,53,3660,6428,667048030,65,3656,9568,667048023,67,3883,7807,667048060,61,3877,208818,667048029,6527,13872,7511,667048036,74,3866,
2026-09-30,07:38:29.009,999,846,666407604,53,3408,363,666407641,6003,13332,611,666407659,26,3223,264,666407691,28,3200,296,666407738,33,3455,288,666407842,32,3462,206129,666406976,5994,13379,972,666406985,41,3414,
2026-09-30,07:38:30.009,999,1644,666380305,49,3358,567,666380286,7189,13280,527,666380298,29,3216,437,666380287,27,3201,454,666380290,24,3362,371,666379681,23,3353,198147,666379707,7222,13350,1160,666379703,51,3357,
2026-09-30,07:38:31.009,1000,3084,667044997,85,3551,4004,667045060,7330,13531,3314,667045058,79,3445,1870,667045052,86,3408,2233,667045091,73,3552,1372,667044163,68,3547,197055,667044188,7326,13569,2554,667044107,85,3571,
2026-09-30,07:38:32.009,999,1185,666364465,41,3397,880,666364466,6959,13335,644,666364425,29,3250,625,666364395,36,3252,515,666364328,41,3444,989,666364325,44,3412,199390,666364334,6961,13393,987,666363389,48,3419,
2026-09-30,07:38:33.009,999,2293,666352823,73,3544,2854,666352837,6702,13502,1459,666352826,52,3364,1196,666352880,51,3326,2588,666352891,46,3551,1596,666352980,57,3533,202564,666352961,6723,13531,1976,666352878,61,3552,
2026-09-30,07:38:34.009,999,1007,666359261,53,3382,1109,666359257,7233,13309,940,666359263,37,3236,779,666359304,37,3224,327,666359276,38,3393,1012,666359170,36,3386,195541,666359195,7236,13381,1293,666359117,50,3398,
2026-09-30,07:38:35.009,1000,1879,667026210,101,3518,1122,667026104,6562,13468,1059,667026168,92,3370,1366,667026222,75,3340,1004,667026211,79,3536,1701,667026214,81,3521,204724,667025172,6536,13498,1902,667025155,85,3498,
2026-09-30,07:38:36.009,999,1425,666375382,68,3433,941,666375465,6832,13369,917,666375512,55,3276,877,666375542,56,3286,2429,666375601,54,3479,879,666374854,57,3481,196896,666374863,6868,13456,1194,666374859,68,3447,
2026-09-30,07:38:37.009,999,892,666383107,41,3383,1388,666383173,6733,13328,724,666383152,29,3233,894,666383179,36,3227,945,666383204,27,3439,489,666382374,31,3417,199891,666382372,6727,13384,832,666382307,38,3403,
2026-09-30,07:38:38.009,1000,3731,667044338,53,3586,3109,667044390,6574,13526,3025,667044405,34,3395,3343,667044447,48,3408,2564,667044455,50,3612,3229,667043651,40,3606,206243,667043639,6570,13598,3346,667043607,44,3598,
2026-09-30,07:38:39.009,999,3569,666351618,65,3499,1207,666351607,7186,13449,1289,666351576,56,3380,1265,666351573,41,3379,1482,666351573,42,3556,1756,666351553,38,3517,195698,666351575,7207,13501,1479,666351483,43,3504,
2026-09-30,07:38:40.009,999,930,666357015,37,3370,707,666357024,6005,13327,309,666357028,23,3222,303,666357060,23,3206,989,666357047,26,3465,219,666357072,21,3427,207891,666357075,6020,13398,1562,666356325,37,3420,
2026-09-30,07:38:41.010,1000,28712,667046142,53,4391,26046,667046150,7233,14367,25057,667046170,29,4231,29267,667046195,25,4314,29659,667046234,35,4457,24980,667045635,30,4426,224013,667045717,7234,14395,28567,667045702,43,4416,
2026-09-30,07:38:42.009,999,966,666356410,34,3320,274,666356426,6869,13261,769,666356419,22,3193,231,666356409,19,3167,154,666356402,16,3368,413,666356295,24,3359,199886,666356389,6861,13320,295,666356443,32,3335,
2026-09-30,07:38:43.009,999,9528,666381573,69,3978,7678,666381621,6591,13912,8989,666381582,56,3803,6590,666381547,60,3821,9629,666381613,55,3995,8787,666381571,56,3996,211399,666381541,6588,13964,10880,666380787,65,4012,
2026-09-30,07:38:44.009,999,1503,666359590,59,3434,1329,666359584,6825,13380,1651,666359595,42,3299,1663,666359577,55,3281,984,666359563,51,3483,894,666359583,40,3455,202446,666359590,6848,13412,1558,666359573,49,3440,
2026-09-30,07:38:45.009,1000,2644,667060554,89,3535,2232,667060489,7351,13508,2261,667060477,71,3411,3179,667060495,76,3388,1140,667059703,77,3539,2452,667059711,86,3533,198877,667059682,7341,13539,2575,667059605,93,3514,
2026-09-30,07:38:46.009,999,2182,666387502,46,3444,965,666387515,6695,13366,944,666387499,26,3252,514,666387470,32,3258,757,666387465,33,3450,816,666387469,24,3429,200668,666387406,6714,13412,1452,666386725,61,3473,
2026-09-30,07:38:47.009,999,962,666353258,42,3346,500,666353201,6692,13279,496,666353196,27,3201,791,666353180,21,3193,302,666353189,22,3415,967,666353162,22,3397,201537,666353165,6706,13361,500,666353082,32,3366,
2026-09-30,07:38:48.010,1000,1737,667048503,56,3410,1289,667048464,6772,13385,1775,667048480,42,3271,1352,667048457,38,3283,835,667048429,40,3454,1089,667048531,35,3443,199339,667048589,6741,13437,1077,667048586,47,3421,
2026-09-30,07:38:49.009,999,3241,666386168,47,3379,1638,666386136,7217,13333,1673,666386170,31,3257,1266,666386198,29,3247,998,666386226,26,3408,663,666386151,28,3395,197285,666386223,7209,13380,1066,666386220,37,3371,
2026-09-30,07:38:50.009,999,1741,666359890,57,3441,1120,666359854,6522,13408,1078,666359843,29,3298,1225,666359803,38,3283,1193,666359838,32,3484,1149,666359828,33,3490,199642,666359914,6534,13448,1587,666359909,42,3458,
2026-09-30,07:38:51.010,1000,1178,667045733,60,3381,1163,667045733,6995,13309,647,667045667,29,3229,383,667045640,38,3219,487,667045614,33,3400,921,667045577,29,3384,197718,667044765,7026,13383,640,667044672,47,3380,
2026-09-30,07:38:52.010,1000,699,667041793,38,3363,341,667041790,6523,13328,590,667041771,24,3220,432,667041784,24,3208,346,667041704,22,3438,600,667040894,26,3416,201103,667040982,6551,13373,1209,667041042,35,3388,
2026-09-30,07:38:53.010,999,683,666380670,36,3352,843,666380622,6898,13290,915,666380572,27,3227,996,666380622,16,3202,459,666380704,18,3387,367,666380014,26,3382,199349,666380082,6906,13351,959,666380024,27,3357,
2026-09-30,07:38:54.010,999,717,666373613,24,3351,378,666373620,6045,13283,137,666373625,12,3173,220,666373667,17,3170,290,666373692,11,3398,599,666373653,10,3405,209640,666373105,6023,13357,602,666373199,9,3352,
2026-09-30,07:38:55.011,1000,2007,667045198,79,3453,1550,667045223,7690,13437,1199,667045200,67,3338,1830,667045233,60,3328,1840,667045300,70,3487,1625,667044576,67,3467,189323,667044460,7727,13491,1982,667044343,77,3489,
2026-09-30,07:38:56.010,999,1917,666358448,42,3409,952,666358385,6560,13353,966,666358366,31,3229,1013,666358386,24,3248,585,666358430,27,3431,463,666358350,28,3423,201516,666357497,6560,13415,1490,666357545,33,3415,
2026-09-30,07:38:57.010,999,1201,666377466,29,3326,171,666377469,6623,13273,716,666377453,4,3169,158,666377454,18,3173,146,666377411,9,3374,111,666376800,17,3361,203381,666376919,6641,13345,682,666376828,26,3348,
2026-09-30,07:38:58.011,1000,2921,667047825,39,3496,2138,667047857,6980,13417,4507,667047874,27,3350,1556,667047885,22,3336,2151,667047851,24,3518,1675,667047793,21,3472,200848,667047851,6954,13493,2724,667047129,29,3489,
2026-09-30,07:38:59.011,999,1277,666373685,35,3376,362,666373660,6699,13293,823,666373705,29,3220,553,666373695,22,3207,329,666373719,14,3392,687,666373135,24,3377,200775,666373151,6709,13372,687,666373294,35,3374,
2026-09-30,07:39:00.010,999,882,666384520,15,3316,120,666384463,6342,13264,124,666384501,14,3164,67,666384546,7,3150,250,666384618,10,3383,127,666384650,12,3372,204963,666384639,6323,13344,254,666384658,17,3357,
2026-09-30,07:39:01.010,999,1339,666360691,46,3396,1026,666360702,7225,13356,1607,666360691,48,3312,1126,666360648,46,3278,949,666360629,42,3451,1256,666360574,36,3421,197674,666359732,7225,13414,1021,666359716,49,3415,
2026-09-30,07:39:02.011,1000,2390,667051376,22,3400,717,667051420,6448,13348,601,667051422,16,3237,560,667051419,14,3225,613,667051412,19,3456,1331,667051411,21,3441,206251,667050755,6442,13447,1504,667050747,14,3421,
2026-09-30,07:39:03.010,999,2006,666394851,58,3466,1267,666394889,7163,13367,2291,666394876,35,3296,2047,666394898,41,3307,1489,666394859,42,3483,1445,666394839,35,3454,196345,666394858,7157,13429,1679,666394803,43,3436,
2026-09-30,07:39:04.010,999,2205,666391415,46,3444,2145,666391482,7307,13416,1432,666391437,35,3345,1113,666391441,38,3305,3054,666391495,39,3489,2329,666391487,41,3496,195871,666391362,7286,13443,2146,666390397,44,3454,
2026-09-30,07:39:05.011,1000,5439,667043267,78,3627,3453,667043213,7203,13584,5009,667043228,61,3527,4872,667043229,57,3512,4293,667043185,61,3694,3288,667043157,57,3657,201419,667043105,7221,13647,3866,667043083,81,3646,
2026-09-30,07:39:06.012,1000,951,667049653,50,3416,1371,667049627,6854,13386,1149,667049637,34,3294,939,667049643,38,3261,1368,667049705,44,3497,971,667049653,34,3454,200150,667048603,6855,13414,978,667048520,47,3431,
2026-09-30,07:39:07.011,999,1702,666374976,48,3392,1489,666375041,7272,13336,937,666375026,38,3274,791,666375010,32,3241,1838,666374993,38,3413,1452,666374161,43,3421,196525,666374273,7265,13383,1596,666374303,54,3402,
2026-09-30,07:39:08.011,999,1868,666378065,28,3389,596,666378093,6250,13328,565,666378101,26,3224,559,666378084,31,3220,763,666378082,28,3479,1022,666378180,29,3437,204745,666378205,6251,13403,998,666377388,32,3420,
2026-09-30,07:39:09.012,1000,456,667051702,29,3314,124,667051755,6902,13260,384,667051800,11,3193,130,667051809,16,3175,305,667051807,15,3356,552,667051868,12,3357,197563,667051882,6910,13342,590,667051895,17,3316,
2026-09-30,07:39:10.012,999,1086,666383786,33,3336,765,666383837,7160,13284,395,666383809,26,3210,349,666383775,20,3190,596,666383729,20,3372,316,666382937,17,3336,197216,666382971,7181,13356,834,666382919,28,3342,
2026-09-30,07:39:11.011,999,1206,666382244,42,3325,620,666382313,7429,13259,429,666382336,22,3213,645,666382389,25,3194,518,666382456,23,3339,480,666382535,31,3335,192483,666381363,7448,13316,743,666381390,40,3330,
2026-09-30,07:39:12.011,999,1390,666379848,50,3398,958,666379849,6816,13315,964,666379835,35,3247,535,666379837,37,3228,862,666379866,39,3421,1300,666379305,41,3460,199496,666379216,6839,13414,1248,666379133,44,3408,
2026-09-30,07:39:13.012,1000,3467,667049624,41,3469,3737,667049747,7404,13415,1919,667049796,31,3352,2087,667049807,25,3304,3161,667049869,32,3513,2126,667048983,35,3461,194275,667049015,7385,13467,3471,667049080,41,3495,
2026-09-30,07:39:14.011,999,505,666383423,27,3328,270,666383451,6774,13263,717,666383367,13,3192,476,666383380,10,3173,742,666383415,17,3390,695,666382325,13,3368,200500,666382417,6776,13305,1089,666382368,17,3338,
2026-09-30,07:39:15.011,999,1022,666388296,64,3381,1150,666388259,7293,13311,1394,666388308,47,3266,955,666388320,44,3249,495,666388271,48,3394,1227,666387200,54,3406,193822,666387207,7295,13382,1298,666387239,66,3420,
2026-09-30,07:39:16.012,1000,1250,667061829,47,3371,616,667061731,7536,13303,903,667061774,26,3243,898,667061818,28,3226,472,667061848,34,3360,724,667061136,28,3353,194216,667061047,7491,13379,1446,667061165,48,3389,
2026-09-30,07:39:17.012,999,1581,666392063,44,3356,939,666392110,7256,13316,976,666392181,24,3243,1097,666392145,28,3226,494,666392162,27,3379,322,666392140,26,3359,194901,666392255,7253,13367,778,666392255,37,3386,
2026-09-30,07:39:18.011,999,602,666393898,24,3297,492,666393870,7242,13228,86,666393835,11,3165,126,666393857,19,3165,94,666393882,12,3316,92,666393916,12,3305,197148,666393970,7246,13294,333,666394205,13,3298,
2026-09-30,07:39:19.011,999,819,666393503,41,3337,671,666393459,7064,13281,437,666393503,26,3215,381,666393552,26,3209,698,666393611,28,3376,529,666393656,20,3357,197226,666393790,7074,13353,620,666393891,33,3354,
2026-09-30,07:39:20.012,1000,1712,667066861,41,3395,1332,667066858,6866,13327,797,667066808,26,3247,1301,667066786,30,3269,642,667066812,32,3415,941,667066948,24,3407,200164,667066911,6875,13395,1204,667066946,42,3405,
2026-09-30,07:39:21.012,999,585,666418797,27,3312,599,666418764,6421,13269,80,666418746,14,3169,111,666418711,13,3169,147,666418665,19,3391,185,666418818,18,3379,205587,666418890,6387,13335,397,666418942,28,3353,
2026-09-30,07:39:22.012,999,855,666401333,25,3296,271,666401326,7006,13277,192,666401361,11,3184,655,666401369,10,3156,234,666401388,12,3347,139,666401443,15,3337,197486,666401480,6994,13296,382,666401421,24,3318,
2026-09-30,07:39:23.011,999,1019,666391719,34,3327,299,666391679,7262,13267,183,666391737,20,3195,220,666391785,15,3193,318,666391758,24,3347,385,666391907,13,3333,195780,666391743,7258,13326,433,666391821,32,3324,
2026-09-30,07:39:24.012,1000,551,667050275,28,3320,214,667050266,6672,13287,326,667050271,19,3203,428,667050320,22,3188,386,667050421,22,3389,478,667050547,19,3370,201953,667050430,6671,13369,333,667050421,25,3354,
2026-09-30,07:39:25.012,999,1619,666380832,70,3442,1582,666380872,7163,13356,1765,666380887,60,3295,2620,666380887,47,3278,1158,666380889,53,3443,1260,666380884,56,3442,197769,666380882,7160,13423,2095,666380841,71,3455,
2026-09-30,07:39:26.011,999,1021,666379685,34,3349,485,666379666,7065,13285,282,666379716,22,3206,591,666379731,14,3194,398,666379753,24,3381,260,666379712,13,3342,196084,666379685,7080,13371,721,666379609,29,3358,
2026-09-30,07:39:27.012,1000,4865,667056484,43,3548,3237,667056543,7509,13496,3641,667056523,22,3409,3218,667056568,24,3389,3502,667056565,23,3567,3327,667056631,17,3570,200229,667056721,7495,13571,4969,667056703,33,3574,
2026-09-30,07:39:28.013,1000,3020,667044042,54,3476,2345,667044043,7052,13456,2143,667044121,32,3348,2988,667044132,33,3338,5293,667044170,41,3578,3024,667043473,46,3559,198679,667043403,7072,13507,2185,667043329,53,3509,
2026-09-30,07:39:29.013,999,814,666377653,43,3374,1099,666377594,7490,13319,766,666377612,34,3256,536,666377613,27,3231,633,666377629,30,3390,1213,666376862,35,3369,193780,666376882,7474,13351,1567,666376828,35,3399,
2026-09-30,07:39:30.012,999,1469,666358855,23,3348,326,666358859,6629,13283,202,666358870,14,3178,292,666358852,18,3174,136,666358838,11,3364,157,666358810,16,3369,202772,666358921,6614,13349,577,666358895,18,3340,
2026-09-30,07:39:31.013,1000,852,667006304,44,3345,746,667006303,7293,13293,376,667006336,33,3210,1267,667006339,37,3219,790,667006335,36,3392,771,667005560,35,3366,194108,667005621,7299,13334,643,667005607,42,3343,
2026-09-30,07:39:32.013,999,800,666367608,25,3332,428,666367595,6795,13291,330,666367582,16,3189,541,666367601,18,3184,321,666367669,21,3381,528,666367773,13,3364,196710,666366877,6820,13340,785,666366874,25,3361,
2026-09-30,07:39:33.012,999,855,666379655,12,3305,226,666379620,6701,13261,56,666379622,9,3160,103,666379618,9,3154,146,666379567,8,3355,107,666378919,13,3346,198402,666378814,6697,13322,388,666378871,13,3322,
2026-09-30,07:39:34.013,1000,703,667017931,38,3359,451,667017940,6900,13325,503,667017972,28,3219,268,667017952,24,3188,313,667017942,21,3385,397,667018003,27,3378,197620,667018103,6895,13347,932,667018045,41,3383,
2026-09-30,07:39:35.013,999,277528,666395129,762,21360,271799,666395092,7659,31546,265323,666395129,778,20945,270150,666395167,789,20995,275743,666395218,808,21195,255682,666395308,783,21183,472517,666395348,7668,31458,260330,666394289,754,21336,
2026-09-30,07:39:36.013,999,77304,666391765,283,8179,66161,666391740,6753,18219,66744,666391753,263,8104,75006,666391765,260,8151,73177,666391742,293,8375,70638,666391835,258,8210,269865,666390991,6784,18259,66377,666390878,284,8276,
2026-09-30,07:39:37.012,999,7933,666382188,159,4272,7896,666382200,7659,14238,9002,666382228,135,4185,9145,666382247,131,4186,8679,666382228,133,4308,8877,666382243,135,4315,201048,666381532,7661,14317,9657,666381411,149,4310,
2026-09-30,07:39:38.013,1000,5273,667037209,85,3722,4576,667037270,6965,13652,4098,667037305,63,3556,3676,667037316,60,3526,5145,667037318,63,3724,3671,667037357,50,3701,204834,667036419,6970,13734,4438,667036416,76,3703,
2026-09-30,07:39:39.013,999,2223,666377844,80,3571,2309,666377839,6935,13515,1462,666377812,60,3418,1847,666377825,65,3414,1725,666377856,59,3599,2378,666377957,60,3604,198466,666377941,6958,13600,2487,666378013,82,3626,
2026-09-30,07:39:40.013,999,10172,666383380,108,4275,9051,666382763,7096,14205,11627,666382776,87,4122,10655,666382824,90,4096,13485,666382875,90,4261,12767,666382927,78,4292,203614,666382892,7110,14196,12714,666382861,83,4292,
2026-09-30,07:39:41.013,1000,2497,667070873,80,3543,2819,667070951,7291,13452,2177,667070959,69,3398,2677,667070930,68,3376,1683,667070982,74,3566,2741,667071009,80,3560,196473,667071091,7312,13557,4189,667071075,80,3545,
2026-09-30,07:39:42.013,999,3620,666387996,103,3621,2595,666387979,7098,13542,2072,666387931,78,3434,3245,666387913,74,3451,2895,666387909,78,3629,3063,666387855,86,3617,199996,666387912,7091,13568,3923,666387956,88,3622,
2026-09-30,07:39:43.013,999,10281,666384988,98,3909,11266,666385081,7182,13831,12022,666385061,80,3819,11571,666385141,77,3805,12214,666385107,77,3957,11665,666385235,72,3932,206782,666385186,7206,13952,11306,666385198,115,3944,
2026-09-30,07:39:44.012,999,4134,666363037,71,3606,3892,666363095,6719,13589,3445,666363174,75,3499,3264,666363197,76,3468,2892,666363287,70,3705,2327,666363400,73,3692,205173,666364540,6723,13670,2713,666364469,72,3650,
2026-09-30,07:39:45.013,1000,10689,667041575,189,4248,9480,667041615,7572,14185,10607,667041608,171,4158,10790,667041633,158,4115,11508,667041610,189,4329,10473,667041687,166,4221,204769,667041040,7587,14266,13734,667041070,179,4262,
2026-09-30,07:39:46.013,999,2774,666378865,95,3589,2745,666378840,7086,13549,3015,666378822,80,3448,3145,666378837,63,3438,2207,666378829,85,3634,2222,666378749,78,3602,199751,666377809,7085,13607,2289,666377775,88,3643,
2026-09-30,07:39:47.013,999,3778,666377857,64,3499,1576,666377830,6847,13417,1914,666377864,66,3330,1756,666377919,73,3353,2380,666377930,62,3529,2427,666377950,76,3530,200929,666377209,6880,13512,1875,666377109,76,3508,
2026-09-30,07:39:48.013,1000,1021,667051126,66,3405,1111,667051158,7232,13397,827,667051084,54,3270,1571,667051033,53,3279,756,667051031,50,3412,1084,667050948,54,3431,197831,667050859,7261,13421,1363,667050853,59,3429,
2026-09-30,07:39:49.013,999,1632,666378745,55,3440,2059,666378755,7406,13383,1234,666378710,48,3296,1923,666378713,54,3350,1498,666378740,46,3463,1700,666378752,53,3453,194652,666378712,7418,13383,1807,666378690,53,3447,
2026-09-30,07:39:50.013,999,2190,666383505,70,3441,1142,666383511,7287,13398,988,666383529,45,3299,1693,666383531,44,3320,1188,666383605,55,3461,1796,666383054,41,3435,194443,666383008,7314,13435,1769,666382981,57,3440,
2026-09-30,07:39:51.013,999,4953,666357304,92,3672,3661,666357299,7322,13661,3171,666357273,87,3569,4255,666357402,78,3587,2955,666357494,73,3712,3524,666357443,82,3769,199079,666357439,7349,13695,5139,666357413,88,3695,
2026-09-30,07:39:52.013,1000,976,667026901,57,3384,2569,667026993,7443,13339,1242,667026986,33,3264,745,667026989,33,3270,863,667026952,35,3392,958,667026944,36,3379,193044,667026169,7470,13397,734,667026238,50,3387,
2026-09-30,07:39:53.013,999,2623,666378689,55,3409,771,666378646,7892,13339,1793,666378636,45,3309,2026,666378644,46,3314,1251,666378649,46,3416,1274,666378070,54,3436,189850,666378109,7905,13396,1297,666378157,51,3384,
2026-09-30,07:39:54.013,999,1792,666381244,44,3366,373,666381252,6968,13284,709,666381287,34,3222,602,666381329,33,3221,691,666381281,33,3393,659,666381363,29,3390,197536,666381346,6975,13347,676,666381324,36,3358,
2026-09-30,07:39:55.013,1000,2186,667050209,96,3505,1336,667050232,7280,13466,1321,667050246,87,3382,2296,667050239,80,3373,1877,667050205,87,3524,1684,667050326,80,3507,197984,667050268,7298,13503,3141,667050173,86,3517,
2026-09-30,07:39:56.013,999,4252,666343512,70,3574,2228,666343496,7221,13492,1751,666343454,55,3418,2165,666343453,54,3400,2100,666343447,64,3578,1787,666343391,58,3556,199577,666343383,7223,13525,3873,666343247,63,3569,
2026-09-30,07:39:57.013,999,3504,666374072,63,3500,1998,666374101,7345,13421,3232,666374110,43,3386,1915,666374135,54,3360,2138,666374166,44,3496,2404,666374136,48,3509,195654,666374026,7349,13473,1793,666374172,57,3518,
2026-09-30,07:39:58.013,999,2928,666390252,41,3556,3657,666390290,6908,13464,3814,666390311,36,3410,2867,666390326,33,3374,3702,666390364,40,3596,3764,666389469,32,3569,202402,666389422,6874,13552,3450,666389381,28,3544,
2026-09-30,07:39:59.013,1000,4387,667050501,60,3569,2455,667050572,6639,13494,2041,667050538,41,3399,2495,667050586,46,3408,2892,667050591,49,3603,2928,667050683,48,3581,202575,667050667,6650,13584,2891,667050621,41,3570,
2026-09-30,07:40:00.013,999,2553,666353618,51,3448,1034,666353607,6889,13395,801,666353568,41,3265,832,666353563,44,3275,1483,666353587,39,3453,788,666352676,50,3450,202194,666352669,6899,13455,2677,666352623,62,3448,
2026-09-30,07:40:01.013,999,895,666366785,49,3339,915,666366803,7211,13276,281,666366890,30,3217,280,666366905,22,3196,321,666366860,23,3361,238,666366893,26,3360,194322,666366200,7211,13342,1077,666366161,45,3351,
2026-09-30,07:40:02.013,1000,1943,667041330,54,3458,1232,667041378,7436,13400,1454,667041368,28,3316,2489,667041401,29,3344,2236,667041439,32,3476,1937,667040792,27,3489,193451,667040752,7468,13474,2856,667040626,43,3486,
2026-09-30,07:40:03.013,999,1510,666385696,40,3408,757,666385718,7070,13335,811,666385747,37,3252,626,666385766,37,3233,1074,666385721,45,3438,1503,666385854,39,3407,201140,666385923,7057,13412,1582,666385119,31,3397,
2026-09-30,07:40:04.013,999,702,666363495,34,3361,932,666363413,7298,13318,1356,666363369,29,3223,1098,666363338,30,3223,724,666363325,28,3372,398,666363263,29,3370,197518,666362329,7314,13356,1243,666362260,37,3367,
2026-09-30,07:40:05.014,1000,5287,667021961,92,3716,4664,667021947,7217,13661,4688,667021967,81,3578,4662,667021966,84,3607,4661,667021941,68,3722,5163,667021886,70,3711,202632,667021887,7208,13723,4621,667021790,85,3724,
2026-09-30,07:40:06.013,999,1985,666376734,57,3476,1698,666376782,7258,13389,1355,666376796,44,3316,1302,666376779,50,3315,871,666376835,45,3477,1784,666375957,47,3457,193813,666376017,7262,13455,1888,666376071,60,3467,
2026-09-30,07:40:07.013,999,1785,666402097,46,3366,894,666402145,7469,13310,1142,666402178,28,3255,698,666402159,34,3251,1047,666402142,32,3403,596,666402150,38,3393,196486,666402127,7473,13366,1398,666401292,48,3389,
2026-09-30,07:40:08.013,999,23384,666384574,58,4306,24440,666384569,6941,14314,21875,666384590,54,4219,23796,666384624,51,4166,23458,666384686,49,4423,23331,666383819,51,4405,221712,666383866,6947,14374,22740,666383862,61,4379,
2026-09-30,07:40:09.014,1000,2186,667058288,45,3407,1261,667058233,7670,13355,1633,667058255,44,3318,1819,667058269,38,3309,1162,667058257,35,3433,1226,667058301,33,3411,189571,667058201,7690,13404,1407,667058247,43,3404,
2026-09-30,07:40:10.013,999,1232,666380634,39,3359,419,666380618,6690,13294,485,666380607,26,3195,253,666380638,34,3204,337,666380672,22,3389,312,666379555,23,3381,200528,666379537,6679,13354,1101,666379574,29,3369,
2026-09-30,07:40:11.013,999,1686,666375044,50,3384,694,666375039,6890,13328,930,666375113,42,3260,1249,666375109,38,3229,741,666375124,57,3444,1078,666375110,35,3424,200892,666373901,6870,13392,1440,666373895,35,3410,
2026-09-30,07:40:12.014,1000,7647,667044843,74,3683,5868,667044804,7244,13598,5272,667044782,40,3523,6976,667044786,45,3525,5093,667044723,42,3664,6883,667044817,47,3683,200777,667044114,7243,13661,5668,667044128,58,3710,
2026-09-30,07:40:13.014,1000,4070,667003497,53,3573,3779,667003447,7165,13572,3598,667003432,44,3468,3031,667003437,45,3446,3330,667002466,47,3636,3530,667002355,46,3600,199747,667002234,7152,13581,4757,667002285,47,3641,
2026-09-30,07:40:14.014,999,1398,666381439,44,3397,1141,666381459,7051,13357,962,666381538,31,3289,818,666381522,29,3250,995,666381508,43,3452,865,666380806,26,3414,195395,666380840,7039,13399,984,666380848,47,3408,
2026-09-30,07:40:15.014,999,3267,666384042,90,3497,1292,666384078,6904,13432,2632,666384037,81,3380,1449,666384042,86,3356,1179,666384118,86,3516,1834,666383384,78,3543,198568,666383372,6930,13502,2754,666383312,112,3546,
2026-09-30,07:40:16.015,1000,1419,667054491,47,3374,874,667054456,7628,13294,562,667054456,30,3223,492,667054515,38,3245,1330,667054584,39,3364,770,667054607,40,3353,189029,667054735,7641,13372,1166,667053973,45,3364,
2026-09-30,07:40:17.014,999,2646,666405741,29,3391,1357,666405784,7131,13348,1970,666405802,19,3272,1129,666405831,19,3224,1611,666405879,16,3400,1400,666405929,21,3408,198225,666405907,7127,13391,955,666406015,28,3412,
2026-09-30,07:40:18.014,999,1696,666448927,34,3389,648,666448965,6990,13329,555,666448965,19,3232,542,666448931,20,3230,598,666448959,18,3433,882,666449041,23,3412,199266,666449086,6987,13386,1520,666449109,30,3393,
2026-09-30,07:40:19.014,999,1370,666392198,46,3385,945,666392225,7478,13323,873,666392187,30,3261,946,666392221,31,3243,771,666392253,27,3387,1154,666392274,30,3388,193308,666392351,7524,13372,1234,666392361,43,3396,
2026-09-30,07:40:20.015,1000,736,667068989,27,3336,348,667068985,6620,13303,234,667069022,16,3186,473,667069004,19,3178,209,667068951,17,3374,292,667068958,27,3395,201789,667068985,6603,13359,681,667068968,29,3377,
2026-09-30,07:40:21.014,999,892,666391404,33,3312,265,666391398,7234,13240,136,666391428,17,3175,236,666391431,15,3168,248,666391455,25,3353,208,666391559,14,3341,193729,666391639,7246,13328,567,666391760,34,3334,
2026-09-30,07:40:22.014,999,1047,666375902,37,3313,367,666375917,7514,13249,382,666375932,10,3168,228,666375947,15,3169,118,666375908,17,3319,156,666375955,10,3297,193537,666375878,7523,13286,1182,666375840,38,3315,
2026-09-30,07:40:23.014,999,2077,666354225,51,3403,1459,666354237,7409,13317,1397,666354288,32,3295,1092,666354311,37,3269,1084,666354348,35,3436,1094,666354358,34,3395,196528,666354358,7442,13409,3092,666354368,50,3435,
2026-09-30,07:40:24.015,1000,870,667031404,39,3335,722,667031415,7239,13313,475,667031439,35,3236,564,667031439,27,3212,572,667031382,28,3362,610,667030426,29,3366,196753,667030433,7233,13363,1313,667030441,37,3368,
2026-09-30,07:40:25.014,999,1269,666374005,60,3379,885,666374028,7098,13305,488,666374015,48,3249,868,666373994,41,3249,381,666374076,43,3399,854,666373958,42,3408,196454,666372888,7102,13367,621,666372871,54,3369,
2026-09-30,07:40:26.014,999,1036,666382123,33,3340,534,666382067,6358,13289,211,666382094,19,3181,359,666382122,19,3187,280,666382157,19,3410,663,666382186,19,3394,205872,666382152,6363,13362,866,666381277,27,3377,
2026-09-30,07:40:27.015,1000,576,667045690,28,3308,459,667045736,6987,13270,327,667045674,19,3188,162,667045660,16,3171,329,667045619,14,3353,137,667045678,12,3335,195549,667045625,6998,13337,1012,667045562,27,3325,
2026-09-30,07:40:28.014,999,4260,666375266,35,3462,1605,666375324,7192,13390,1947,666375367,22,3304,2402,666375320,22,3320,2830,666375315,28,3489,2454,666375276,22,3482,196899,666375254,7217,13442,1883,666375240,36,3456,
2026-09-30,07:40:29.014,999,11115,666387241,48,3873,12968,666387331,7516,13853,14452,666387341,31,3772,13395,666387317,33,3786,15461,666387394,34,3954,13624,666386778,37,3966,206283,666386939,7530,13905,17393,666386852,41,3927,
2026-09-30,07:40:30.015,1000,1052,667023071,34,3397,520,667023081,6247,13332,286,667023113,23,3203,428,667023125,26,3226,814,667023099,18,3435,1024,667023104,30,3439,207393,667023127,6249,13413,700,667023128,41,3420,
2026-09-30,07:40:31.016,1000,15522,667023927,41,4040,16229,667023967,6678,13978,14795,667023871,30,3862,19785,667023837,32,3884,15776,667023871,25,4070,17306,667023838,32,4084,219421,667023870,6675,14035,17246,667023902,38,4048,
2026-09-30,07:40:32.015,999,1445,666359089,47,3411,1403,666359053,6693,13327,637,666359042,40,3247,1018,666359164,30,3241,1614,666359247,33,3445,1489,666359155,36,3421,199516,666359166,6719,13416,723,666358299,38,3408,
2026-09-30,07:40:33.015,999,757,666378751,31,3317,517,666378773,7011,13244,130,666378757,11,3162,85,666378775,11,3149,666,666378764,12,3346,67,666378775,8,3314,197720,666377839,7037,13324,608,666377766,21,3336,
2026-09-30,07:40:34.016,1000,1457,667052276,19,3391,476,667052339,6201,13322,439,667052323,9,3219,1571,667052301,10,3213,896,667052332,9,3444,1509,667051599,9,3438,207323,667051530,6218,13422,1431,667051456,16,3401,
2026-09-30,07:40:35.016,999,3926,666364851,77,3601,3724,666364824,6680,13560,3029,666364787,81,3463,1705,666364765,67,3430,2518,666364712,70,3710,2604,666364700,74,3591,206998,666364705,6693,13637,3797,666364674,71,3656,
2026-09-30,07:40:36.015,999,3286,666391054,60,3516,1911,666391070,6863,13430,1644,666391033,46,3328,2087,666391026,49,3352,1798,666391043,41,3532,1716,666390325,52,3555,197501,666390454,6886,13505,2647,666390481,52,3531,
2026-09-30,07:40:37.016,1000,977,667033984,24,3362,882,667034015,6800,13319,1636,667034078,26,3241,861,667034080,23,3222,657,667034104,20,3440,678,667034066,21,3414,195188,667034086,6786,13394,732,667034026,25,3396,
2026-09-30,07:40:38.016,999,1025,666377819,35,3355,760,666377718,6562,13317,649,666377668,19,3210,1094,666377645,28,3232,574,666377699,27,3429,487,666376833,21,3393,202948,666376755,6550,13385,1172,666376747,33,3384,
2026-09-30,07:40:39.015,999,923,666382964,27,3355,652,666382939,6645,13319,271,666383001,20,3216,329,666383010,24,3201,635,666383059,16,3403,317,666383154,27,3390,203351,666382303,6634,13364,624,666382223,31,3383,
2026-09-30,07:40:40.015,999,1177,666368746,21,3365,372,666368746,6236,13292,181,666368767,12,3179,111,666368789,9,3168,48,666368793,8,3376,172,666367920,13,3379,204719,666367847,6244,13358,842,666367836,15,3377,
2026-09-30,07:40:41.016,1000,1824,667039767,71,3478,1741,667039750,7194,13441,1170,667039758,57,3339,2135,667039724,66,3353,2201,667039734,57,3518,1208,667039746,61,3507,196450,667039819,7214,13461,1889,667039791,65,3486,
2026-09-30,07:40:42.016,999,1160,666380639,17,3311,151,666380637,6398,13260,108,666380577,9,3153,46,666380553,6,3154,53,666380575,7,3367,271,666380561,5,3353,204287,666380674,6406,13331,445,666379778,19,3355,
2026-09-30,07:40:43.015,999,2459,666390570,41,3479,1900,666390542,6446,13406,1797,666390546,15,3301,2347,666390565,29,3322,2111,666390533,29,3550,2582,666390537,23,3512,207093,666390534,6456,13502,1744,666390503,40,3500,
2026-09-30,07:40:44.016,1000,694,667046404,27,3310,289,667046474,6645,13300,283,667046474,28,3196,338,667046481,16,3172,316,667046476,20,3399,373,667046641,17,3380,203249,667045725,6653,13356,625,667045701,32,3367,
2026-09-30,07:40:45.016,999,952,666376121,61,3378,1309,666376123,6961,13313,644,666376098,45,3239,833,666376077,34,3226,914,666376107,51,3423,461,666376105,35,3395,200888,666376077,6966,13367,1127,666376226,66,3393,
2026-09-30,07:40:46.015,999,1050,666378315,44,3399,1042,666378299,6693,13356,846,666378265,32,3243,1003,666378251,30,3254,936,666378327,30,3453,1088,666377382,32,3433,199034,666377493,6707,13390,1138,666377526,43,3442,
2026-09-30,07:40:47.015,999,3898,666370580,52,3409,1607,666370539,6796,13362,1362,666370614,32,3256,1475,666370588,29,3261,1370,666370591,38,3472,661,666370589,38,3447,201128,666370589,6813,13431,1884,666370545,52,3445,
2026-09-30,07:40:48.016,1000,2149,667045646,35,3346,233,667045550,6418,13288,221,667045573,23,3189,477,667045606,18,3187,433,667045645,21,3413,336,667044583,26,3404,206375,667044588,6407,13357,455,667044615,31,3367,
2026-09-30,07:40:49.016,999,783,666352843,29,3329,826,666352832,6657,13283,345,666352864,16,3197,555,666352818,20,3198,446,666352817,16,3392,212,666352819,12,3359,198663,666352920,6668,13327,580,666352944,22,3367,
2026-09-30,07:40:50.015,999,744,666359053,34,3333,591,666359004,6744,13292,773,666358980,14,3212,1482,666358992,6,3192,399,666359014,8,3397,826,666359095,11,3392,200444,666358175,6752,13371,761,666358245,20,3372,
2026-09-30,07:40:51.016,1000,785,667019799,44,3354,569,667019726,6688,13310,610,667019718,18,3218,1042,667019693,21,3212,775,667019704,24,3398,482,667019677,18,3383,198536,667019755,6702,13368,779,667019698,35,3393,
2026-09-30,07:40:52.016,999,1648,666357683,42,3412,912,666357719,6699,13334,708,666357765,31,3258,1443,666357758,30,3246,665,666357732,34,3461,658,666357740,26,3410,198134,666357742,6670,13414,1427,666357762,47,3422,
2026-09-30,07:40:53.015,999,829,666380469,37,3347,692,666380437,6840,13299,1567,666380474,30,3211,695,666380447,27,3196,874,666380406,32,3402,1848,666379726,23,3402,198884,666379771,6870,13351,1361,666379770,41,3376,
2026-09-30,07:40:54.016,1000,1256,667046725,26,3341,463,667046708,6511,13294,356,667046733,15,3201,157,667046755,19,3190,305,667046719,21,3413,238,667046645,15,3401,202830,667045640,6515,13388,874,667045705,25,3370,
2026-09-30,07:40:55.016,999,1359,666390965,48,3363,424,666390960,6440,13298,323,666390978,40,3212,578,666390983,29,3198,396,666391006,29,3416,495,666391139,29,3413,201864,666390202,6469,13408,687,666390283,47,3387,
2026-09-30,07:40:56.016,999,48543,666397954,95,6818,51857,666397877,7042,16733,52053,666397920,98,6541,48710,666397926,108,6508,49139,666398048,105,6737,45996,666398143,110,6726,245680,666398140,7052,16780,47792,666398141,120,6821,
2026-09-30,07:40:57.015,999,2183,666398893,70,3485,1408,666398885,7027,13451,1569,666398840,42,3362,1782,666398855,32,3337,2342,666398867,44,3559,1871,666398919,40,3506,200347,666398123,7045,13488,2701,666398106,46,3508,
2026-09-30,07:40:58.016,1000,6279,667056120,50,3609,3473,667056128,7242,13589,3899,667056103,44,3490,3679,667056087,45,3496,4708,667056180,38,3640,6046,667056190,41,3636,198700,667056190,7254,13619,4019,667055271,47,3616,
2026-09-30,07:40:59.016,999,1009,666393212,45,3355,605,666393293,7089,13283,1535,666393375,29,3235,838,666393402,25,3220,621,666393443,19,3378,812,666393280,30,3380,197388,666393331,7062,13364,890,666393440,37,3364,
2026-09-30,07:41:00.016,999,1076,666390261,39,3340,589,666390331,7075,13298,610,666390302,28,3222,509,666390268,24,3198,995,666390243,35,3406,495,666390264,35,3389,197029,666390302,7080,13361,819,666390310,39,3360,
2026-09-30,07:41:01.015,999,1794,666398206,50,3438,1666,666398236,7134,13405,1213,666398218,40,3315,1294,666398225,48,3316,1112,666398243,38,3479,839,666398224,35,3464,196080,666398263,7139,13468,2528,666398367,47,3468,
2026-09-30,07:41:02.016,1000,1637,667062139,36,3469,1701,667062067,6727,13460,1620,667062021,36,3370,1608,667061975,35,3353,1498,667061895,37,3548,2604,667061830,31,3540,204635,667061771,6723,13502,2238,667061700,37,3511,
2026-09-30,07:41:03.016,999,952,666353039,48,3364,2034,666353009,7195,13317,841,666353013,34,3232,604,666352968,33,3249,433,666352939,44,3394,1044,666353077,33,3392,197474,666353109,7215,13362,1194,666354274,46,3388,
2026-09-30,07:41:04.016,999,951,666357319,31,3308,441,666357309,7520,13286,558,666357319,31,3206,350,666357301,27,3191,1135,666357331,30,3334,394,666357360,31,3331,191857,666356488,7502,13307,750,666356501,36,3327,
2026-09-30,07:41:05.016,1000,4002,667033835,118,3699,4045,667033777,7486,13649,5241,667033814,80,3599,4788,667033867,77,3530,6271,667033852,90,3748,5779,667033846,92,3701,195608,667033008,7501,13726,3795,667033010,99,3738,
2026-09-30,07:41:06.016,999,1096,666396588,43,3379,819,666396635,7251,13306,1234,666396698,22,3236,982,666396726,24,3238,1017,666396756,30,3402,933,666395920,27,3387,193347,666395886,7263,13382,1878,666395909,37,3415,
2026-09-30,07:41:07.016,999,739,666383475,31,3327,633,666383473,7211,13273,247,666383383,31,3221,510,666383407,26,3199,429,666383436,28,3370,323,666383393,20,3348,199066,666382844,7198,13355,659,666382852,32,3357,
2026-09-30,07:41:08.015,999,2886,666300862,64,3486,2394,666300837,7060,13423,1937,666300823,51,3354,1956,666300820,54,3335,2108,666300807,56,3539,1781,666300878,53,3519,197818,666300837,7088,13501,2759,666300877,52,3500,
2026-09-30,07:41:09.016,1000,1080,667064755,39,3370,942,667064765,7581,13324,328,667064857,26,3254,482,667064850,27,3275,862,667064794,26,3394,263,667064887,28,3381,192015,667064937,7578,13355,546,667064954,40,3399,
2026-09-30,07:41:10.016,999,480,666394205,34,3311,356,666394216,7079,13258,385,666394189,16,3180,200,666394220,15,3158,174,666394272,22,3344,301,666394431,24,3350,196864,666394357,7093,13303,708,666394372,20,3302,
2026-09-30,07:41:11.016,999,1651,666381030,38,3347,506,666381016,6635,13316,372,666380893,22,3215,604,666380900,31,3220,756,666380871,29,3417,484,666380824,39,3415,201478,666380793,6638,13394,1174,666380831,44,3409,
2026-09-30,07:41:12.016,1000,436,667044309,29,3321,828,667044337,6557,13291,166,667044286,18,3174,137,667044275,17,3158,551,667044319,13,3377,154,667044365,18,3374,202993,667044240,6587,13357,307,667044219,12,3334,
2026-09-30,07:41:13.016,999,2149,666379779,32,3409,1534,666379785,7277,13348,1278,666379820,21,3297,2076,666379857,24,3273,1962,666379878,23,3460,2511,666380005,21,3428,194994,666379096,7270,13410,1795,666379209,32,3430,
2026-09-30,07:41:14.016,999,1537,666364465,42,3402,787,666364444,6917,13336,715,666364458,33,3263,603,666364427,24,3254,1617,666364427,35,3447,669,666364458,34,3422,200237,666364381,6913,13396,1014,666364442,40,3423,
2026-09-30,07:41:15.016,1000,1142,667052866,49,3391,793,667052850,6753,13366,758,667052889,46,3247,952,667052922,45,3241,1362,667052921,48,3450,808,667052864,35,3415,201441,667052809,6765,13422,1617,667052725,60,3448,
2026-09-30,07:41:16.016,999,995,666380850,36,3362,788,666380810,6681,13325,346,666380812,25,3200,410,666380795,30,3199,234,666380876,23,3376,277,666380822,24,3370,200229,666380799,6705,13380,756,666380795,36,3383,
2026-09-30,07:41:17.016,999,998,666387395,29,3339,438,666387358,6399,13295,914,666387380,21,3210,839,666387407,20,3201,386,666387453,14,3408,343,666387387,18,3398,202876,666387421,6386,13373,700,666387448,29,3383,
2026-09-30,07:41:18.016,999,401,666391199,21,3321,100,666391166,6314,13269,94,666391134,13,3177,111,666391105,8,3154,248,666391109,8,3360,97,666391223,9,3374,205039,666390372,6328,13351,275,666390412,16,3344,
2026-09-30,07:41:19.016,1000,561,667079679,30,3331,484,667079643,6764,13295,613,667079621,22,3203,582,667079607,14,3191,376,667079556,22,3393,595,667079659,17,3376,201604,667079608,6795,13373,440,667079604,24,3350,
2026-09-30,07:41:20.016,999,971,666382748,30,3387,1077,666382853,6515,13341,676,666382820,28,3208,609,666382828,26,3207,468,666382836,22,3404,293,666382881,28,3395,201006,666382858,6512,13408,1089,666382931,25,3398,
2026-09-30,07:41:21.016,999,1188,666395285,26,3337,500,666395360,6775,13275,749,666395364,10,3187,132,666395369,9,3172,206,666395427,21,3371,897,666395514,13,3365,198934,666395515,6763,13323,494,666395429,22,3339,
2026-09-30,07:41:22.016,999,2448,666394054,27,3426,1522,666394104,6709,13375,1626,666394163,17,3284,1481,666394210,13,3238,2690,666394222,11,3457,1695,666394165,19,3481,201448,666394188,6739,13447,3451,666394183,29,3461,
2026-09-30,07:41:23.016,1000,14310,667054388,45,3946,15933,667054416,6788,13896,14968,667054440,33,3810,14482,667054486,36,3767,13989,667054442,42,4008,10920,667054524,42,3983,213569,667054622,6780,13899,15027,667054737,45,3948,
2026-09-30,07:41:24.016,999,1080,666407347,54,3400,621,666407337,6539,13331,749,666407356,39,3234,893,666407388,35,3247,455,666407438,28,3428,640,666407482,25,3427,198680,666407544,6528,13392,1196,666407527,42,3412,
2026-09-30,07:41:25.016,999,2741,666381271,63,3448,1642,666381181,6660,13384,1171,666381162,51,3323,864,666381119,45,3293,1519,666381138,53,3525,1134,666381175,53,3486,200428,666380382,6653,13448,1836,666380449,62,3504,
2026-09-30,07:41:26.016,999,501,666390832,32,3323,383,666390807,7128,13267,862,666390857,18,3197,469,666390025,18,3182,412,666390050,19,3351,528,666390094,24,3344,196467,666390022,7099,13318,428,666390013,31,3332,
2026-09-30,07:41:27.016,1000,371,667020140,22,3354,165,667020112,5675,13322,63,667020179,6,3155,144,667020175,10,3157,53,667020163,11,3426,60,667020194,7,3412,213289,667020196,5646,13394,380,667020187,20,3395,
2026-09-30,07:41:28.016,999,4118,666376401,24,3480,2379,666376381,6818,13434,2749,666376321,13,3345,2411,666376336,14,3330,3116,666376337,9,3546,2276,666376351,18,3512,202213,666376348,6829,13522,3400,666376325,22,3499,
2026-09-30,07:41:29.016,999,3366,666368044,58,3580,2985,666368006,6496,13515,3537,666368032,52,3447,2715,666368049,43,3397,3199,666368078,45,3613,2667,666368110,44,3599,209931,666367270,6488,13607,2723,666367246,52,3596,
2026-09-30,07:41:30.017,1000,27931,667051517,45,4485,26461,667051458,6288,14427,28818,667051437,30,4352,29887,667051476,31,4325,26500,667051449,30,4539,25710,667050731,23,4541,231896,667050688,6282,14489,29447,667050620,34,4509,
2026-09-30,07:41:31.016,999,31973,666400561,72,4563,29268,666400557,6733,14493,23752,666400543,52,4396,32281,666400546,65,4394,29880,666400554,56,4603,29383,666400489,64,4606,230149,666400419,6760,14577,23616,666400418,57,4554,
2026-09-30,07:41:32.016,999,1326,666406517,38,3410,890,666406536,6194,13355,617,666406545,26,3232,628,666406565,26,3225,539,666406596,34,3466,277,666406648,23,3458,208268,666406736,6155,13408,746,666406854,34,3420,
2026-09-30,07:41:33.016,999,1270,666367378,35,3376,879,666367357,6856,13326,555,666367309,26,3212,796,666367301,25,3204,442,666367279,18,3393,461,666367166,22,3417,203785,666367111,6818,13377,882,666367057,35,3383,
2026-09-30,07:41:34.017,1000,720,667057382,23,3320,409,667057392,6719,13286,111,667057344,9,3170,40,667057321,10,3159,66,667057345,12,3371,89,667056605,12,3356,201954,667056608,6680,13311,426,667056509,21,3322,
2026-09-30,07:41:35.016,999,7013,666360420,113,3939,11188,666360353,7253,13875,8814,666360333,102,3884,6275,666360350,89,3823,9267,666360407,91,3970,8361,666360489,89,3985,200827,666360513,7254,13950,8768,666360491,103,3954,
2026-09-30,07:41:36.016,999,2474,666368778,58,3468,2122,666368775,6867,13396,844,666368778,36,3275,611,666368782,38,3267,1147,666368775,35,3485,1594,666368742,50,3488,200827,666368749,6887,13447,1633,666368788,46,3455,
2026-09-30,07:41:37.017,1000,2425,667046767,38,3467,800,667046835,6483,13396,886,667046840,32,3281,1541,667046824,33,3287,1961,667046831,31,3521,1445,667046074,32,3494,202348,667046064,6470,13460,1427,667045893,33,3457,
2026-09-30,07:41:38.016,999,1690,666394875,45,3399,977,666394856,6928,13342,932,666394844,39,3267,1771,666394901,28,3260,1248,666394976,39,3454,1467,666394234,30,3435,199412,666394179,6919,13408,1614,666394168,41,3420,
2026-09-30,07:41:39.016,999,9318,666404330,54,3884,9589,666404381,6859,13817,8320,666404334,39,3738,9583,666404358,40,3737,9208,666404352,39,3952,6605,666404336,40,3904,205373,666404457,6886,13873,9353,666404538,55,3904,
2026-09-30,07:41:40.016,999,33286,666395131,51,4442,27932,666395171,7751,14368,28702,666395192,32,4301,24111,666395210,42,4349,26082,666395275,37,4465,25423,666395357,43,4446,214137,666395323,7804,14478,29823,666395418,54,4447,
2026-09-30,07:41:41.017,1000,968,667043838,40,3391,762,667043855,6556,13362,558,667043823,35,3251,529,667043810,36,3227,515,667043795,44,3443,563,667043845,34,3440,200611,667043847,6569,13423,1258,667043107,53,3438,
2026-09-30,07:41:42.016,999,1775,666372810,64,3464,938,666372782,7651,13367,1944,666372817,45,3344,1636,666372850,39,3341,1567,666372845,45,3461,1125,666372138,50,3454,192861,666372058,7650,13413,1555,666372006,43,3431,
2026-09-30,07:41:43.016,999,1317,666388252,34,3363,1317,666388178,7056,13296,517,666388178,26,3218,862,666388198,23,3209,449,666388151,28,3399,560,666388246,32,3397,197970,666387624,7049,13370,857,666387607,37,3378,
2026-09-30,07:41:44.017,1000,5098,667030197,34,3574,3360,667030173,6352,13550,4227,667030216,29,3427,3295,667030200,31,3412,3796,667030196,26,3641,3516,667030158,26,3638,212944,667030190,6325,13620,3806,667030158,38,3654,
2026-09-30,07:41:45.017,999,1757,666365404,78,3421,1261,666365438,6885,13351,1903,666365467,51,3288,1655,666365460,56,3295,912,666365538,55,3474,2514,666365400,52,3484,201793,666365390,6894,13423,1443,666365404,64,3444,
2026-09-30,07:41:46.016,999,1112,666383303,41,3390,842,666383266,6988,13335,1067,666383230,20,3246,841,666383260,19,3233,817,666383202,31,3431,498,666382658,23,3402,196953,666382617,6998,13373,1697,666382649,32,3404,
2026-09-30,07:41:47.016,999,4583,666376787,38,3570,1990,666376883,6331,13509,1967,666376944,27,3398,2354,666376955,40,3411,3254,666376967,27,3612,3143,666377040,39,3623,207697,666376154,6344,13622,3246,666376119,51,3630,
2026-09-30,07:41:48.017,1000,788,667039125,37,3371,700,667039215,6967,13329,426,667039212,34,3263,433,667039226,35,3236,365,667039197,29,3407,513,667039264,34,3414,199650,667039249,6949,13393,2323,667039171,38,3383,
2026-09-30,07:41:49.016,999,701,666375152,28,3328,897,666375137,6867,13279,588,666375170,11,3196,1114,666375180,11,3183,913,666375182,14,3374,369,666374364,11,3359,201749,666374429,6869,13343,653,666374330,25,3352,
2026-09-30,07:41:50.016,999,1138,666378094,24,3341,354,666378088,6264,13284,274,666378090,19,3178,103,666378082,13,3162,220,666378012,10,3390,147,666378013,9,3383,204451,666378023,6255,13341,239,666378062,24,3354,
2026-09-30,07:41:51.017,1000,870,667049234,35,3329,507,667049253,6931,13297,587,667049311,13,3201,223,667049299,11,3178,148,667049291,16,3357,416,667048620,13,3358,198964,667048672,6935,13338,930,667048593,26,3346,
2026-09-30,07:41:52.017,999,13939,666384638,40,3857,17180,666384636,6905,13812,14389,666384727,19,3696,13368,666384722,25,3742,11698,666384717,21,3901,12963,666384106,20,3888,212146,666384133,6900,13908,13766,666384121,36,3902,
2026-09-30,07:41:53.016,999,2436,666370871,50,3368,1412,666370862,7017,13356,645,666370845,38,3253,821,666370830,32,3249,1592,666370829,38,3436,1321,666370830,29,3397,199267,666370966,7022,13379,1152,666370945,49,3403,
2026-09-30,07:41:54.016,999,13867,666387167,50,3862,16966,666387117,7434,13819,11465,666387101,25,3732,12549,666387148,24,3702,12567,666387159,27,3869,13984,666386351,24,3855,203712,666386333,7441,13881,15019,666386420,46,3881,
2026-09-30,07:41:55.017,1000,1093,667075946,71,3434,1262,667075987,6808,13398,1926,667076030,65,3340,761,667076079,65,3313,1340,667076115,59,3489,1286,667076128,56,3474,198627,667076196,6831,13432,1288,667075479,65,3458,
2026-09-30,07:41:56.017,999,1380,666390665,57,3439,885,666390697,6417,13386,1472,666390661,38,3261,1245,666390616,51,3267,827,666390654,44,3486,551,666389786,47,3474,205608,666389801,6426,13438,1961,666389907,54,3473,
2026-09-30,07:41:57.016,999,519,666384471,34,3325,493,666384417,7086,13265,349,666384407,22,3204,189,666384400,15,3186,249,666384461,23,3362,101,666384535,16,3340,197323,666384614,7089,13310,665,666384683,29,3319,
2026-09-30,07:41:58.017,1000,1896,666958616,37,3380,1020,666958633,6160,13357,576,666958673,27,3221,705,666958672,24,3216,1098,666958631,28,3477,522,666958731,31,3478,205748,666958736,6176,13448,739,666958719,37,3399,
2026-09-30,07:41:59.017,999,4600,666375182,70,3543,3378,666375183,7253,13484,2638,666375104,42,3413,3143,666375097,47,3411,3277,666375089,45,3595,2530,666375049,43,3562,197167,666375016,7244,13513,2149,666374101,64,3565,
2026-09-30,07:42:00.016,999,1714,666397377,64,3457,802,666397409,6108,13393,1327,666397467,53,3292,675,666397482,49,3280,1361,666397478,46,3504,1237,666396426,48,3520,207046,666396489,6099,13497,1159,666396454,57,3468,
2026-09-30,07:42:01.016,999,1279,666394981,35,3343,318,666394997,6522,13265,450,666394937,22,3192,130,666394968,11,3161,101,666394937,14,3367,352,666394836,11,3364,201954,666393954,6529,13340,289,666393932,26,3341,
2026-09-30,07:42:02.017,1000,860,667041385,26,3374,673,667041384,6512,13309,388,667041397,23,3235,463,667041405,17,3226,843,667041442,18,3424,342,667040314,11,3422,202572,667040245,6513,13385,1550,667040285,14,3376,
2026-09-30,07:42:03.017,999,673,666362942,19,3376,238,666362879,6327,13300,510,666362963,10,3190,499,666362951,22,3188,320,666362946,14,3396,459,666362141,16,3407,204354,666362188,6325,13368,776,666362185,15,3385,
2026-09-30,07:42:04.016,999,174423,666316813,280,14563,162580,666316780,6972,24481,167861,666316809,257,14431,161021,666316818,259,14315,172824,666316837,264,14525,174234,666316839,247,14480,378569,666316833,6972,24509,169934,666316900,274,14541,
2026-09-30,07:42:05.017,1000,81867,667040024,423,9661,75507,667040055,8034,19679,71710,667040059,443,9473,78914,667040099,401,9427,79179,667040118,413,9676,73119,667040175,435,9602,265034,667039183,8022,19445,83145,667039287,434,9685,
2026-09-30,07:42:06.017,999,4641,666362228,102,3857,3768,666362159,6307,13782,3646,666362147,83,3630,4813,666362160,88,3659,3643,666362159,92,3906,4736,666362147,85,3857,203416,666362040,6323,13881,4745,666361993,101,3837,
2026-09-30,07:42:07.016,999,2994,666369748,96,3587,2272,666369760,7223,13556,1786,666369716,66,3395,2670,666369708,76,3449,2474,666369734,75,3563,1808,666369835,81,3575,198747,666369778,7240,13557,2380,666369648,96,3549,
2026-09-30,07:42:08.017,1000,7177,667050259,117,3925,6194,667050256,7133,13840,5253,667050256,102,3738,5570,667050267,105,3747,4469,667050236,95,3928,4908,667050311,95,3859,206047,667049331,7119,13949,8356,667049283,101,3947,
2026-09-30,07:42:09.017,999,8976,666377080,58,3922,8890,666377116,6925,13863,10230,666377178,50,3750,9284,666377205,45,3782,9603,666377174,47,3884,9514,666377183,51,3930,208256,666376362,6923,13925,7990,666376338,61,3930,
2026-09-30,07:42:10.017,999,9052,666380241,69,3956,7943,666380250,6456,13951,7995,666380277,68,3827,7997,666380302,62,3830,8090,666380321,70,4059,7745,666380333,64,4038,208922,666380298,6445,13993,7940,666380293,68,4005,
2026-09-30,07:42:11.016,999,5603,666388171,99,3724,5170,666388172,6880,13665,6386,666388173,74,3581,3712,666388164,73,3566,4636,666388204,91,3761,3271,666388368,94,3718,201623,666387739,6876,13671,4476,666387652,93,3711,
2026-09-30,07:42:12.017,1000,1313,667083724,44,3397,945,667083746,6895,13363,597,667083770,43,3258,751,667083744,37,3259,1078,667083743,42,3420,1120,667083736,31,3416,202027,667083845,6874,13410,1749,667083875,47,3421,
2026-09-30,07:42:13.017,999,969,666386238,41,3338,1022,666386359,7147,13298,372,666386342,29,3219,372,666386360,29,3217,461,666386412,31,3376,988,666386414,29,3369,195263,666386440,7151,13353,1246,666386545,44,3371,
2026-09-30,07:42:14.017,999,9471,666399004,57,3691,7424,666399008,6704,13577,6933,666398986,40,3530,6441,666398985,45,3543,9083,666398925,45,3758,6420,666398951,41,3715,205533,666398954,6746,13685,7565,666399004,45,3698,
2026-09-30,07:42:15.016,999,5025,666396083,127,3666,3225,666396061,7274,13650,2911,666396079,112,3552,4190,666396106,137,3600,3449,666396141,123,3700,3249,666396171,117,3679,201437,666396118,7264,13657,5498,666396137,132,3687,
2026-09-30,07:42:16.017,1000,1770,667043141,85,3534,1317,667043175,6707,13497,1952,667043171,64,3341,1152,667043169,75,3353,1752,667043171,71,3553,1383,667043114,79,3541,206392,667043060,6700,13529,2977,667043048,80,3537,
2026-09-30,07:42:17.017,999,1135,666405667,46,3364,938,666405659,6922,13325,748,666405635,42,3256,592,666405618,30,3217,785,666405612,39,3431,823,666405464,42,3419,196377,666405350,6911,13355,1498,666405276,36,3362,
2026-09-30,07:42:18.016,999,1080,666355049,42,3386,715,666355025,6295,13326,665,666355065,22,3200,433,666355060,29,3197,297,666355095,25,3416,574,666355173,24,3421,207080,666355175,6298,13376,779,666355138,31,3391,
2026-09-30,07:42:19.017,1000,1350,667024525,50,3374,1159,667024535,7211,13330,630,667024537,36,3257,896,667024502,27,3238,451,667024525,22,3400,592,667024553,28,3391,194956,667024591,7207,13372,1885,667024543,31,3374,
2026-09-30,07:42:20.017,999,2234,666378235,37,3410,825,666378226,6542,13347,736,666378267,39,3240,1186,666378284,40,3274,1278,666378304,33,3445,1305,666378303,31,3431,200614,666378263,6554,13414,1345,666378219,32,3416,
2026-09-30,07:42:21.017,999,2309,666371829,68,3469,1638,666371824,7596,13439,2060,666371757,57,3392,3026,666371767,51,3357,1651,666371716,57,3512,1661,666370725,48,3474,190896,666370791,7590,13506,2065,666370792,64,3471,
2026-09-30,07:42:22.017,1000,896,667045185,26,3365,719,667045194,7110,13314,925,667045181,29,3222,669,667045147,24,3218,494,667045152,30,3411,918,667045182,26,3383,197312,667045296,7096,13378,1186,667044578,42,3405,
2026-09-30,07:42:23.018,1000,880,667049680,52,3361,718,667049704,7181,13308,952,667049735,37,3277,995,667049749,33,3248,889,667049744,32,3401,2204,667048922,32,3403,198909,667048895,7183,13391,1745,667048925,38,3385,
2026-09-30,07:42:24.018,999,1062,666378849,31,3338,1142,666378852,6970,13298,672,666378900,39,3222,747,666378914,32,3206,370,666378905,31,3385,874,666378207,25,3380,197066,666378177,6974,13357,995,666378183,41,3383,
2026-09-30,07:42:25.018,999,954,666382399,61,3398,623,666382298,6829,13313,1092,666382304,52,3261,722,666382326,53,3264,816,666382356,47,3425,1215,666382434,46,3435,202428,666381373,6824,13410,1178,666381477,71,3432,
2026-09-30,07:42:26.018,1000,2254,667022621,64,3530,2053,667022630,6997,13458,1912,667022617,47,3356,2083,667022633,48,3366,1779,667022632,53,3561,3342,667022682,50,3529,200646,667022691,7008,13529,2082,667022663,59,3514,
2026-09-30,07:42:27.018,999,1660,666388403,43,3436,1435,666388430,6880,13361,825,666388398,21,3265,404,666388431,22,3227,438,666388423,27,3389,1192,666388448,29,3409,200768,666387776,6886,13419,1256,666387742,31,3412,
2026-09-30,07:42:28.018,999,1053,666395265,47,3387,977,666395273,7033,13350,805,666394541,32,3255,598,666394536,42,3257,575,666394594,31,3415,823,666394523,36,3421,200083,666394515,7020,13389,841,666394497,40,3393,
2026-09-30,07:42:29.017,999,4076,666405202,49,3543,3797,666405277,7544,13475,3351,666405295,32,3409,3017,666405346,29,3405,3436,666405374,31,3533,3638,666404446,39,3525,193124,666404422,7555,13537,3660,666404400,41,3558,
2026-09-30,07:42:30.018,1000,1162,667040006,41,3431,950,667039993,6401,13377,858,667039987,30,3253,809,667039980,27,3258,636,667039970,29,3469,1253,667040009,31,3452,206130,667040051,6419,13446,1618,667040214,37,3462,
2026-09-30,07:42:31.018,999,783,666358204,30,3349,565,666358176,6337,13302,542,666358141,27,3200,837,666358165,29,3199,564,666358168,18,3410,719,666358064,18,3411,206728,666358040,6311,13367,717,666358015,31,3377,
2026-09-30,07:42:32.018,999,14662,666355442,48,4000,13916,666355427,6329,13996,12597,666355398,41,3847,13934,666355388,52,3837,13163,666355414,43,4063,12660,666355462,44,4095,217194,666355484,6308,14031,15674,666355449,44,4069,
2026-09-30,07:42:33.018,1000,15838,667021404,37,3990,14447,667021437,6986,13952,15969,667021463,27,3862,16700,667021473,36,3870,18254,667021456,36,4030,13596,667021445,28,4056,214865,667021447,7016,14034,18095,667021478,39,4021,
2026-09-30,07:42:34.018,999,1778,666367387,43,3436,1044,666367414,6492,13399,1439,666367441,27,3299,1125,666367429,34,3314,1011,666367450,41,3526,1979,666366729,29,3527,205245,666366688,6509,13473,1674,666366750,49,3494,
2026-09-30,07:42:35.018,999,2793,666355922,69,3448,1519,666355919,6939,13364,1421,666355890,66,3301,677,666355907,65,3292,1425,666355924,63,3477,1456,666355921,62,3463,197785,666355891,6952,13421,1059,666355938,73,3457,
2026-09-30,07:42:36.018,1000,6853,667049879,102,3817,8307,667049910,7202,13722,5641,667049901,93,3645,6790,667049893,90,3690,9120,667049908,89,3838,8127,667049963,94,3798,206018,667048713,7186,13838,8347,667048731,98,3840,
2026-09-30,07:42:37.018,999,1234,666368017,34,3397,904,666367971,6954,13323,1187,666368042,35,3244,1358,666368054,35,3263,1345,666368062,34,3451,1195,666367311,37,3419,198388,666367336,6949,13393,1321,666367391,31,3410,
2026-09-30,07:42:38.018,999,1529,666375271,43,3385,1041,666375334,6845,13303,1292,666375337,28,3246,1324,666374517,35,3247,1827,666374567,19,3430,817,666374592,35,3437,201585,666374634,6876,13389,1311,666374632,38,3403,
2026-09-30,07:42:39.018,999,2910,666386648,45,3497,1165,666386607,6702,13432,1233,666386641,41,3366,1561,666386644,46,3356,1656,666386673,41,3566,2140,666386638,41,3538,204489,666385917,6714,13536,1597,666385832,41,3536,
2026-09-30,07:42:40.018,1000,1251,667045462,30,3394,1202,667045492,6678,13344,851,667045540,28,3248,589,667045511,33,3226,712,667045515,25,3446,592,667045506,25,3419,201695,667045455,6706,13429,852,667045377,34,3411,
2026-09-30,07:42:41.018,999,1390,666370117,33,3372,1428,666370166,7103,13329,960,666370174,32,3263,743,666370246,39,3252,903,666370297,34,3438,1196,666370322,36,3424,199774,666370410,7095,13400,1613,666370325,36,3408,
2026-09-30,07:42:42.018,999,734,666373721,38,3363,762,666373715,6839,13317,969,666373686,21,3213,1170,666373675,19,3207,1069,666373664,20,3405,392,666373691,23,3383,198699,666373768,6827,13383,576,666373735,33,3375,
2026-09-30,07:42:43.018,1000,1249,667015469,29,3334,521,667015423,7568,13303,374,667015371,28,3215,1171,667015338,31,3239,448,667015326,29,3344,513,667015334,40,3368,194332,667015310,7544,13353,870,667015228,31,3333,
2026-09-30,07:42:44.018,999,4297,666382240,54,3589,4034,666382278,6959,13527,3172,666382309,39,3424,3978,666382297,34,3427,3311,666382230,51,3634,4144,666382312,52,3635,200599,666382366,6988,13614,3053,666382393,43,3618,
2026-09-30,07:42:45.018,999,796,666384615,58,3372,1023,666384738,6541,13322,671,666384718,51,3247,1234,666384705,44,3229,1122,666384829,48,3457,1060,666384902,46,3442,203977,666384886,6559,13381,910,666383943,54,3418,
2026-09-30,07:42:46.018,999,1374,666387092,54,3416,1874,666387080,6887,13361,733,666387132,34,3268,903,666387121,39,3271,2268,666387090,36,3452,1587,666387032,44,3451,200727,666386257,6900,13414,1711,666386197,46,3444,
2026-09-30,07:42:47.018,1000,951,667042316,30,3380,545,667042286,7009,13319,943,667042286,27,3257,995,667042269,23,3244,631,667042269,22,3425,852,667041467,25,3415,196792,667041439,6991,13364,777,667041400,31,3383,
2026-09-30,07:42:48.018,999,1355,666370460,46,3374,1471,666370405,7046,13345,1176,666370398,37,3264,869,666370382,32,3239,1011,666370357,33,3414,911,666370385,38,3426,197048,666370402,7055,13393,1338,666370358,43,3417,
2026-09-30,07:42:49.018,999,786,666356244,32,3358,873,666356231,6630,13299,243,666356238,16,3200,180,666356240,18,3191,414,666356254,18,3388,207,666356276,14,3378,200428,666356345,6649,13347,701,666356307,31,3372,
2026-09-30,07:42:50.019,1000,542,667049044,23,3290,198,667049058,7151,13235,675,667049011,11,3163,104,667049041,17,3160,150,667049052,16,3333,95,667049115,12,3314,193527,667049175,7156,13309,283,667048247,24,3313,
2026-09-30,07:42:51.018,999,1739,666397298,29,3328,601,666397351,6692,13296,365,666397345,20,3206,190,666397326,13,3179,633,666397404,20,3371,329,666397558,15,3371,198454,666396841,6709,13358,462,666396926,32,3364,
2026-09-30,07:42:52.018,999,1271,666383175,39,3379,636,666383133,6966,13337,563,666383133,29,3233,1439,666383119,27,3254,1696,666383160,29,3429,1148,666383285,28,3396,197192,666382285,6953,13395,787,666382391,41,3404,
2026-09-30,07:42:53.018,999,760,666377920,27,3331,114,666377322,6540,13245,369,666377317,8,3165,77,666377352,8,3147,150,666377354,15,3358,389,666377374,8,3352,201521,666377417,6546,13325,359,666377375,15,3329,
2026-09-30,07:42:54.018,1000,1680,667018624,38,3405,777,667018563,6684,13357,1335,667018531,28,3278,1260,667018540,24,3264,1148,667018572,22,3464,877,667018595,22,3454,202462,667017733,6665,13425,1281,667017733,31,3421,
2026-09-30,07:42:55.018,999,836,666383089,51,3336,460,666383112,7008,13278,413,666383191,36,3207,387,666383155,41,3217,163,666382335,26,3383,491,666382358,29,3371,194684,666382306,7053,13339,1107,666382328,38,3340,
2026-09-30,07:42:56.018,999,957,666375661,43,3364,584,666375713,6867,13296,418,666375654,22,3203,550,666375690,24,3202,207,666375670,25,3367,464,666375620,19,3363,198761,666374868,6893,13367,688,666374871,35,3365,
2026-09-30,07:42:57.019,1000,848,667045772,24,3302,134,667045793,6793,13266,92,667045774,6,3166,69,667045794,6,3154,91,667045847,8,3352,75,667044532,6,3333,200355,667044469,6770,13336,230,667044475,25,3325,
2026-09-30,07:42:58.018,999,739,666375171,51,3362,1238,666375142,7094,13300,1175,666375175,23,3215,770,666375202,20,3215,657,666375239,26,3383,452,666375210,30,3373,197595,666375211,7101,13363,843,666375215,38,3384,
2026-09-30,07:42:59.018,999,3464,666372545,48,3505,2868,666372577,7020,13430,2066,666372541,36,3350,2014,666372592,42,3361,3309,666372595,29,3544,3250,666372645,32,3537,199746,666372702,7029,13518,2615,666372867,52,3497,
2026-09-30,07:43:00.019,1000,787,667046898,53,3377,986,667046957,6637,13329,752,667047023,36,3248,1293,667047023,45,3274,1584,667047030,42,3450,897,667047096,44,3431,200358,667046307,6646,13431,1250,667046227,45,3431,
2026-09-30,07:43:01.019,999,385,666408269,28,3312,154,666408238,6765,13262,128,666408226,14,3175,152,666408221,18,3162,237,666408217,18,3372,127,666408238,11,3336,200205,666408238,6777,13335,302,666408307,28,3341,
2026-09-30,07:43:02.018,999,917,666401201,32,3390,941,666401218,6440,13344,781,666401196,17,3229,542,666401139,17,3213,699,666401116,17,3452,727,666401161,14,3434,207344,666401121,6452,13425,1477,666401107,22,3413,
2026-09-30,07:43:03.018,999,1330,666380717,29,3305,271,666380780,7115,13268,226,666380755,16,3176,342,666380779,12,3186,137,666380816,14,3328,281,666380815,16,3342,195195,666380801,7129,13320,546,666380673,26,3323,
2026-09-30,07:43:04.019,1000,1813,667060977,43,3376,1477,667060942,7247,13313,756,667060995,33,3254,1273,667060980,32,3235,482,667060962,30,3385,621,667060960,39,3392,196412,667061018,7266,13385,967,667060943,38,3388,
2026-09-30,07:43:05.018,999,4860,666357670,69,3754,3885,666357681,6680,13685,7241,666357663,61,3574,5965,666357638,62,3538,4842,666357654,55,3751,5352,666357632,65,3759,205016,666357625,6682,13733,4966,666357635,57,3780,
2026-09-30,07:43:06.018,999,1772,666384285,43,3392,921,666384350,7216,13356,1349,666384367,28,3260,1969,666384383,27,3252,733,666384395,30,3440,641,666383551,28,3406,194373,666383596,7207,13404,1055,666383611,39,3408,
2026-09-30,07:43:07.018,999,805,666394683,29,3338,577,666394623,6886,13286,202,666394650,16,3199,597,666394666,17,3204,842,666394693,16,3390,692,666394774,21,3387,198675,666393949,6886,13368,1384,666393901,22,3377,
2026-09-30,07:43:08.019,1000,4650,667049502,61,3618,5426,667049500,6980,13629,4949,667049496,40,3521,4910,667049470,42,3522,5176,667049454,42,3721,5538,667049433,46,3721,205142,667049408,6973,13688,5542,667048503,58,3696,
2026-09-30,07:43:09.018,999,745,666378951,36,3379,854,666379019,6880,13328,206,666379046,16,3195,353,666379075,21,3207,711,666379066,19,3390,334,666379074,22,3393,195739,666378355,6916,13366,870,666378297,35,3394,
2026-09-30,07:43:10.018,999,111875,666384918,363,11533,105841,666384957,7990,21310,107173,666384957,378,11259,115458,666384984,391,11326,110159,666384936,391,11446,110613,666383492,392,11267,298122,666383533,7960,21370,102164,666383557,392,11478,
2026-09-30,07:43:11.019,1000,35374,667062208,278,6419,38376,667062193,7493,16330,33826,667062180,258,6137,36179,667062215,264,6239,38866,667062288,254,6387,41173,667062379,272,6375,230206,667062411,7537,16325,37392,667062493,284,6370,
2026-09-30,07:43:12.019,999,3403,666401618,115,3631,3182,666401617,7277,13600,3114,666401643,83,3526,2838,666401605,78,3494,3376,666401608,90,3658,3222,666401652,90,3659,200451,666401754,7273,13662,3344,666401749,98,3670,
2026-09-30,07:43:13.018,999,9335,666400794,78,3912,7572,666400726,6789,13867,8029,666400708,61,3740,8148,666400705,55,3748,10383,666400729,68,3926,8757,666400718,56,3937,206090,666400646,6803,13919,9792,666400714,60,3915,
2026-09-30,07:43:14.018,999,8622,666399724,63,3651,5628,666399695,6783,13576,6216,666399691,47,3530,5438,666399692,55,3520,5035,666399661,50,3721,6033,666399678,52,3695,207141,666399692,6782,13677,7976,666399684,54,3691,
2026-09-30,07:43:15.019,1000,6057,667031995,174,3893,5860,667031979,6902,13835,5160,667031949,163,3744,4103,667031956,153,3694,6655,667031959,155,3900,4440,667032028,155,3838,204694,667031163,6923,13892,5328,667031274,168,3954,
2026-09-30,07:43:16.019,999,31168,666386571,166,5152,35411,666386616,7500,15166,31958,666386574,116,4978,36108,666386529,141,4994,33205,666386497,133,5169,29570,666385712,139,5146,224468,666385721,7459,15137,36703,666385735,124,5246,
2026-09-30,07:43:17.018,999,1860,666384622,57,3509,2083,666384620,6814,13417,2477,666384702,45,3387,1652,666384718,49,3347,1418,666384730,43,3527,2533,666383830,51,3533,196637,666383832,6840,13512,2778,666383902,54,3518,
2026-09-30,07:43:18.018,999,1958,666398570,49,3372,699,666398577,7397,13350,862,666398571,44,3252,1123,666398562,33,3255,724,666398582,45,3405,1233,666397870,33,3407,191377,666397897,7422,13386,1419,666397901,49,3408,
2026-09-30,07:43:19.019,1000,6707,667057293,83,3789,5286,667057259,7010,13714,6109,667057248,68,3624,4597,667057268,60,3595,4142,667057263,72,3769,3675,667057221,57,3765,204259,667057276,7035,13769,5594,667057252,76,3787,
2026-09-30,07:43:20.019,999,918,666377362,40,3374,631,666377333,6873,13328,658,666377360,32,3234,348,666377423,42,3231,454,666377457,34,3416,349,666376674,33,3392,203336,666376785,6828,13412,2097,666376833,43,3418,
2026-09-30,07:43:21.018,999,1024,666380561,63,3420,559,666380549,6622,13325,675,666380521,44,3251,752,666380508,35,3238,315,666380483,28,3427,626,666380408,31,3431,201450,666379752,6618,13414,936,666379765,46,3405,
2026-09-30,07:43:22.019,1000,1954,667049318,67,3470,1925,667049341,7331,13443,1609,667049350,52,3339,1972,667049358,45,3330,1795,667049356,64,3505,1324,667049489,45,3468,197998,667049539,7323,13482,2276,667049428,76,3486,
2026-09-30,07:43:23.020,1000,928,667050297,51,3373,709,667050334,6755,13335,786,667050345,39,3238,498,667050349,35,3233,292,667050367,33,3415,570,667050371,30,3405,197833,667049678,6772,13401,500,667049766,41,3385,
2026-09-30,07:43:24.020,999,12447,666376575,51,3894,13870,666376571,6680,13872,13759,666376585,44,3758,13211,666376551,46,3754,12290,666376569,50,3934,14106,666376547,56,3959,209407,666376583,6680,13922,15247,666376578,55,3976,
2026-09-30,07:43:25.019,999,29156,666384915,113,4740,24843,666384936,7114,14656,27068,666384914,128,4672,32514,666384888,120,4637,26170,666384930,115,4783,27954,666384902,118,4773,223929,666384841,7085,14736,25881,666384866,121,4735,
2026-09-30,07:43:26.020,1000,1750,667048529,65,3465,1253,667048530,6860,13384,1686,667048556,43,3309,1538,667048541,50,3333,1344,667048674,53,3499,1632,667048095,56,3518,201708,667048052,6872,13503,2210,667048043,51,3489,
2026-09-30,07:43:27.020,999,3318,666378744,65,3514,1776,666378766,6897,13431,2154,666378791,70,3371,1954,666378763,53,3381,2233,666378740,65,3557,1641,666377954,60,3572,202158,666377949,6883,13525,2023,666377908,75,3558,
2026-09-30,07:43:28.019,999,7874,666387508,66,3780,4767,666387580,7080,13688,6238,666387613,58,3628,5639,666387656,59,3603,6296,666387653,51,3784,4086,666387617,57,3737,202644,666387697,7098,13762,6079,666387794,69,3742,
2026-09-30,07:43:29.019,999,8147,666386137,60,3796,6720,666386137,6847,13719,6465,666386131,40,3623,6089,666386154,29,3615,7817,666386168,36,3861,6605,666386185,45,3817,203849,666386251,6878,13786,7042,666386394,57,3811,
2026-09-30,07:43:30.020,1000,886,667057252,43,3321,676,667057239,7222,13288,510,667057250,23,3210,418,667057207,28,3218,915,667057218,28,3386,384,667057252,31,3358,195920,667057321,7203,13322,440,667057510,29,3341,
2026-09-30,07:43:31.020,999,1736,666361850,51,3416,1055,666361823,7204,13370,864,666361855,40,3286,830,666361861,46,3284,1633,666361108,46,3472,1062,666361101,47,3463,195359,666361140,7194,13422,1130,666361098,49,3407,
2026-09-30,07:43:32.019,999,2957,666353187,68,3490,1360,666353173,7139,13429,2699,666353144,62,3403,1308,666353142,53,3354,2331,666353107,58,3564,2007,666353086,53,3525,196876,666353132,7146,13522,2179,666353116,61,3514,
2026-09-30,07:43:33.020,1000,1892,667045015,67,3449,1707,667044970,7354,13406,1060,667045006,52,3315,832,667044997,49,3325,993,667045000,52,3466,698,667045100,39,3447,193766,667044326,7374,13471,1355,667044265,67,3491,
2026-09-30,07:43:34.020,999,741,666382580,38,3323,1834,666382565,7220,13282,628,666382600,27,3214,898,666382592,31,3226,329,666382566,27,3366,375,666382544,21,3332,197444,666382583,7213,13326,1061,666382615,36,3355,
2026-09-30,07:43:35.020,999,2423,666377913,78,3452,1687,666377933,7492,13385,1498,666377972,67,3343,1201,666377912,55,3314,2549,666377928,65,3488,995,666377147,64,3471,194124,666377261,7498,13448,1964,666377188,65,3442,
2026-09-30,07:43:36.019,999,979,666383668,52,3380,648,666383641,7260,13331,1084,666383592,42,3259,757,666383605,46,3250,573,666383597,45,3403,867,666382209,36,3384,198259,666382171,7247,13410,1285,666382325,53,3415,
2026-09-30,07:43:37.020,1000,1003,667023807,31,3369,301,667023794,6886,13312,232,667023813,24,3186,380,667023840,24,3201,341,667023848,32,3392,560,667023874,28,3395,198961,667023054,6883,13347,616,667023144,27,3360,
2026-09-30,07:43:38.020,999,4353,666345884,54,3543,2552,666345894,6933,13455,2186,666345946,43,3346,2035,666345963,43,3368,2572,666345974,42,3512,2282,666345215,48,3561,199517,666345208,6918,13546,2429,666345223,41,3516,
2026-09-30,07:43:39.019,999,938,666380808,32,3433,583,666380862,6984,13378,559,666380887,29,3292,430,666380898,29,3285,1620,666380878,23,3477,745,666380867,32,3449,197910,666380788,7013,13436,2731,666380826,40,3471,
2026-09-30,07:43:40.020,1000,1542,667038387,40,3369,711,667038323,7495,13324,1067,667038391,29,3274,1642,667038390,46,3280,1232,667038382,27,3400,1664,667038359,39,3398,191140,667038336,7509,13386,966,667038383,32,3382,
2026-09-30,07:43:41.020,999,703,666379570,28,3334,217,666379539,6248,13281,374,666378825,15,3183,466,666378789,15,3173,594,666378798,11,3420,182,666378800,16,3414,204382,666378793,6273,13354,431,666378732,28,3357,
2026-09-30,07:43:42.020,999,7956,666375026,61,3607,5164,666374993,7795,13544,6894,666375022,54,3496,6069,666375051,60,3507,4399,666375104,48,3603,5827,666375132,48,3586,195391,666374378,7824,13609,5942,666374500,67,3607,
2026-09-30,07:43:43.020,1000,799,667032705,38,3352,392,667032788,7111,13290,461,667032802,22,3208,341,667032854,27,3211,619,667032853,29,3375,519,667032940,20,3368,196913,667034305,7134,13360,474,667034326,30,3356,
2026-09-30,07:43:44.020,999,4902,666363561,51,3502,4077,666363529,7618,13465,3615,666363495,34,3404,4080,666363471,34,3419,3179,666363466,39,3502,2803,666363430,38,3527,195706,666363503,7632,13523,4925,666363453,38,3516,
2026-09-30,07:43:45.020,999,1039,666366243,59,3369,420,666366221,7292,13308,476,666366167,47,3237,553,666366178,47,3252,459,666366163,44,3375,428,666366133,44,3386,195317,666365374,7273,13371,1203,666365393,49,3379,
2026-09-30,07:43:46.019,999,2322,666387539,57,3453,1852,666387545,7804,13381,2054,666387620,35,3338,1293,666387640,40,3338,3587,666387629,37,3481,3492,666387666,37,3463,191499,666386796,7798,13466,2624,666386759,58,3498,
2026-09-30,07:43:47.020,1000,859,667048204,37,3371,836,667048225,6520,13321,285,667048218,25,3207,611,667048218,19,3184,335,667048193,16,3380,261,667048164,16,3378,204087,667048106,6510,13373,1106,667047266,23,3378,
2026-09-30,07:43:48.020,999,803,666377885,28,3312,354,666377876,6890,13254,63,666377912,11,3172,241,666377892,24,3189,317,666377820,15,3355,378,666377724,19,3346,197068,666377818,6899,13323,379,666377894,24,3331,
2026-09-30,07:43:49.020,999,11727,666389484,37,3855,10193,666389523,6288,13774,9884,666389555,30,3682,11790,666389513,22,3650,10043,666389589,25,3859,13639,666389551,26,3903,216297,666389545,6291,13863,12436,666389636,26,3926,
2026-09-30,07:43:50.020,1000,11905,667056370,45,3802,11643,667056419,6958,13789,12395,667056398,41,3709,13667,667056385,41,3692,9871,667056360,44,3878,12827,667056364,40,3851,210705,667056369,6968,13843,12831,667056364,44,3803,
2026-09-30,07:43:51.020,999,1157,666383479,52,3442,1100,666383533,6602,13351,703,666383576,38,3258,555,666383589,42,3250,682,666383596,32,3455,827,666383628,28,3444,201332,666383558,6621,13435,794,666382633,47,3428,
2026-09-30,07:43:52.020,999,1595,666383681,65,3418,976,666383648,7260,13327,1802,666383645,42,3283,1757,666383676,35,3258,1038,666383669,51,3452,1636,666382894,45,3437,194556,666382840,7274,13418,1442,666382852,65,3417,
2026-09-30,07:43:53.020,999,468,666361135,31,3339,531,666361089,6639,13278,161,666361095,21,3194,333,666361074,17,3167,708,666361092,17,3379,151,666361111,18,3358,198985,666361156,6665,13344,781,666361135,27,3372,
2026-09-30,07:43:54.020,1000,586,667042790,31,3308,207,667042771,7104,13269,272,667042795,15,3211,317,667042801,12,3178,212,667042801,20,3365,220,667041964,14,3341,194205,667041897,7112,13325,1343,667041861,34,3350,
2026-09-30,07:43:55.020,999,1866,666374385,75,3511,1513,666374414,6624,13445,1317,666374414,66,3338,2675,666373552,61,3341,1327,666373550,62,3505,1706,666373474,54,3540,200086,666373382,6621,13471,1303,666373378,80,3514,
2026-09-30,07:43:56.020,999,47173,666375861,115,6483,42883,666375868,7236,16351,48859,666375934,102,6295,40621,666375915,122,6329,43666,666375933,116,6502,45451,666375327,117,6514,241894,666375251,7207,16521,42096,666375203,128,6474,
2026-09-30,07:43:57.020,1000,2038,667044990,48,3452,834,667045044,6272,13400,801,667045017,25,3269,979,667045048,31,3244,986,667045093,32,3489,814,667045104,30,3491,204819,667044289,6270,13463,1349,667044272,41,3468,
2026-09-30,07:43:58.020,999,2906,666379630,53,3535,1823,666379653,6816,13457,2642,666379706,36,3395,1850,666379729,40,3367,2337,666379762,28,3546,2113,666379071,44,3550,199451,666379070,6852,13505,2830,666379130,54,3555,
2026-09-30,07:43:59.020,999,5103,666355713,45,3602,4664,666355693,6423,13540,3610,666355718,48,3470,3212,666355713,33,3428,4829,666355724,47,3697,4014,666355766,38,3674,211595,666355807,6408,13619,5553,666354942,51,3632,
2026-09-30,07:44:00.020,999,1022,666375183,27,3374,355,666375174,6162,13332,152,666375213,20,3194,417,666375280,26,3187,486,666375241,19,3438,614,666375324,21,3426,205386,666375277,6163,13389,759,666375228,48,3402,
2026-09-30,07:44:01.020,1000,2388,667021780,71,3559,2102,667021784,6827,13502,2256,667021804,38,3398,2404,667021778,58,3434,2356,667021766,39,3607,1143,667021804,62,3561,200329,667021789,6839,13588,3726,667021742,62,3552,
2026-09-30,07:44:02.020,999,1831,666387121,46,3523,2036,666387124,6742,13471,1625,666387156,31,3352,2345,666387158,33,3359,2477,666387143,30,3529,4024,666386305,30,3535,200166,666386212,6769,13539,2024,666386256,38,3531,
2026-09-30,07:44:03.020,999,1750,666378030,56,3448,1034,666378012,6092,13381,1522,666378004,36,3294,1866,666377980,25,3286,1965,666377994,31,3540,1316,666378074,32,3521,206488,666377344,6087,13472,1679,666377298,52,3483,
2026-09-30,07:44:04.020,1000,1597,667033267,58,3436,1258,667033196,6872,13383,1930,667033167,46,3292,1535,667033120,43,3287,1694,667033131,49,3479,1694,667032247,46,3473,199436,667032216,6879,13469,1699,667032154,60,3455,
2026-09-30,07:44:05.020,999,134650,666365376,555,13289,126381,666365403,6852,23170,123358,666365385,553,12992,126892,666365396,530,12946,126643,666365401,541,13154,131160,666365445,518,13350,332622,666365442,6815,23316,130499,666364537,516,13298,
2026-09-30,07:44:06.020,999,238090,666401473,511,17574,223376,666401429,7742,27627,224722,666401430,447,17103,225249,666401419,465,17104,239673,666401490,439,17475,229670,666401472,452,17219,425854,666400485,7728,27352,227520,666400285,463,17462,
2026-09-30,07:44:07.020,999,11176,666382005,170,4428,12421,666381991,6993,14329,8583,666382022,148,4229,8469,666382018,139,4208,8603,666382076,144,4424,8452,666382119,141,4440,209329,666382116,7007,14448,9046,666382119,166,4389,
2026-09-30,07:44:08.020,1000,10761,667047146,122,4220,11606,667047100,6590,14277,10735,667047128,91,3978,11831,667047084,106,4022,9513,667047042,121,4293,9160,667046259,116,4270,217654,667046254,6582,14256,11876,667046216,108,4236,
2026-09-30,07:44:09.020,999,2893,666377178,69,3585,2185,666377134,6964,13523,1436,666377196,57,3469,1689,666377208,55,3489,1405,666377169,62,3665,1726,666377169,52,3626,202186,666377139,6976,13600,1543,666376232,57,3613,
2026-09-30,07:44:10.020,999,33948,666383528,86,4645,28453,666383595,6762,14561,26394,666383651,53,4429,29442,666383699,71,4487,26863,666383754,68,4654,25807,666383767,71,4636,227472,666383699,6764,14694,31957,666383744,63,4642,
2026-09-30,07:44:11.021,1000,5066,667046518,100,3750,3923,667046534,6772,13723,4169,667046517,91,3569,5382,667046504,88,3608,4325,667046581,80,3732,4253,667046565,82,3801,207545,667046044,6772,13789,3535,667046068,95,3740,
2026-09-30,07:44:12.020,999,21556,666374706,110,4564,18945,666374740,6996,14489,17643,666374742,104,4430,20910,666374733,116,4444,20708,666374721,111,4664,18636,666374823,111,4617,217593,666374044,6976,14566,19097,666374036,116,4628,
2026-09-30,07:44:13.020,999,2341,666374739,58,3446,1331,666374714,6787,13395,768,666374822,56,3290,962,666374789,55,3279,785,666374758,56,3510,952,666373964,49,3477,203265,666374095,6809,13458,1235,666374018,56,3463,
2026-09-30,07:44:14.020,999,14671,666376642,80,3937,11297,666376605,6787,13899,11038,666376539,64,3796,11423,666376559,60,3767,11506,666376571,64,3969,13997,666376535,77,3998,208920,666375839,6805,13967,16594,666375825,82,3974,
2026-09-30,07:44:15.020,1000,22363,667049989,198,4970,20566,667049979,6819,14928,25734,667050029,171,4919,27320,667050032,185,4898,25637,667050072,197,5130,24012,667050162,190,5102,221459,667050096,6812,15028,23170,667049990,204,5008,
2026-09-30,07:44:16.020,999,6814,666365184,92,3836,4175,666365235,6495,13775,5835,666365267,94,3672,6433,666365299,102,3661,5280,666365293,102,3927,5142,666365420,84,3861,209484,666365479,6488,13861,5703,666365524,87,3886,
2026-09-30,07:44:17.020,999,2362,666379082,56,3506,1757,666379095,6633,13450,1478,666379086,55,3338,1789,666379079,46,3322,2072,666379070,49,3556,2192,666379032,45,3534,201668,666378372,6684,13514,1989,666378386,49,3519,
2026-09-30,07:44:18.021,1000,2632,667066690,66,3499,1816,667066730,7114,13446,2523,667066676,61,3333,1875,667066670,61,3361,1541,667066686,58,3500,2297,667066783,54,3482,198855,667066821,7124,13519,1676,667066987,52,3503,
2026-09-30,07:44:19.020,999,2053,666382220,62,3455,1645,666382188,7169,13400,2760,666382211,40,3331,2850,666382173,41,3340,1339,666382181,43,3481,1961,666382216,53,3499,197463,666382404,7178,13447,1805,666382460,53,3482,
2026-09-30,07:44:20.020,999,2866,666403513,68,3569,2102,666403495,6591,13502,1634,666403542,63,3407,3270,666403561,66,3448,2607,666403540,65,3647,3199,666403613,68,3637,202241,666403745,6629,13572,2971,666403807,69,3598,
2026-09-30,07:44:21.020,999,1335,666407665,53,3430,1387,666407669,6853,13374,1396,666407689,46,3299,1151,666407731,48,3304,628,666407800,43,3458,883,666407907,57,3477,198434,666408070,6841,13412,1711,666408041,48,3448,
2026-09-30,07:44:22.021,1000,2079,667069679,53,3438,1764,667069748,6785,13394,1366,667069730,34,3285,848,667069721,39,3266,1145,667069750,38,3479,580,667069814,42,3449,199235,667069873,6829,13453,1274,667069902,42,3431,
2026-09-30,07:44:23.020,999,2944,666370012,61,3454,1578,666370035,7409,13414,1413,666370036,42,3317,2922,666370010,63,3346,1410,666369965,55,3478,1457,666369974,47,3451,192378,666369965,7407,13461,1373,666370056,51,3453,
2026-09-30,07:44:24.020,999,1663,666384893,62,3411,1111,666384932,7703,13337,1933,666384931,55,3312,870,666384982,46,3291,1130,666385020,45,3416,1450,666385031,49,3405,190008,666384986,7715,13413,1686,666384990,52,3411,
2026-09-30,07:44:25.021,1000,3637,667049270,120,3609,2817,667049335,7299,13568,3200,667049386,96,3458,3391,667049386,84,3446,2291,667049341,97,3623,2634,667048507,96,3593,196333,667048566,7304,13610,3081,667048535,105,3601,
2026-09-30,07:44:26.022,1000,1600,667055464,53,3396,987,667055453,7313,13325,677,667055382,39,3246,595,667055350,43,3270,1130,667055371,32,3420,462,667055486,33,3386,193347,667054699,7334,13387,1405,667054602,48,3386,
2026-09-30,07:44:27.021,999,1138,666378100,37,3351,1310,666378104,7066,13318,552,666378132,29,3243,873,666378139,28,3245,687,666378187,32,3418,397,666378206,27,3393,196057,666378121,7016,13361,996,666378145,45,3378,
2026-09-30,07:44:28.021,999,13305,666391089,79,3991,9190,666391024,7198,13874,9705,666391032,66,3795,8177,666390987,65,3792,9246,666390999,73,3987,8823,666390185,73,3980,205084,666390173,7241,14007,10316,666390114,94,3994,
2026-09-30,07:44:29.022,1000,9533,667063173,62,3883,5770,667063161,7126,13788,7808,667063084,58,3757,7755,667063090,45,3729,10812,667063040,46,3905,7724,667063091,55,3910,206086,667063054,7110,13883,7722,667062375,56,3917,
2026-09-30,07:44:30.022,999,2421,666382914,51,3390,1376,666382911,7285,13361,1124,666382895,41,3300,1213,666382885,45,3307,1553,666382906,43,3470,2226,666382862,31,3439,197155,666382297,7278,13390,1810,666382273,59,3441,
2026-09-30,07:44:31.021,999,1797,666344516,53,3412,950,666344435,6695,13363,640,666344491,39,3275,2076,666344511,31,3254,967,666344524,39,3458,982,666344526,42,3460,200676,666344546,6746,13410,1070,666344498,55,3418,
2026-09-30,07:44:32.021,999,2793,666362958,51,3405,1283,666362888,6700,13334,1496,666362974,46,3269,1365,666362947,49,3249,706,666362943,41,3439,1065,666362046,45,3450,199252,666362112,6698,13395,795,666362169,60,3438,
2026-09-30,07:44:33.022,1000,895,667022991,30,3349,222,667022973,6858,13280,366,667023001,28,3204,290,667023007,23,3192,164,667022961,15,3362,421,667022982,20,3360,201700,667023057,6830,13368,563,667023014,36,3350,
2026-09-30,07:44:34.021,999,1512,666371360,47,3431,1238,666371344,6943,13358,1144,666371360,35,3283,787,666371361,30,3246,1207,666371368,38,3444,1509,666370708,44,3456,198724,666370749,6959,13411,1950,666370715,51,3461,
2026-09-30,07:44:35.021,999,1554,666361029,83,3492,1483,666361029,6867,13413,1906,666361035,73,3318,1329,666361049,72,3324,1314,666361047,66,3518,1943,666361070,82,3515,197437,666361149,6871,13461,1896,666361105,88,3493,
2026-09-30,07:44:36.022,1000,2317,667074344,78,3503,1607,667074368,7017,13458,1289,667074338,53,3335,2130,667074350,59,3324,1847,667074353,63,3517,1220,667074367,53,3495,199029,667074277,7020,13507,1508,667074263,68,3490,
2026-09-30,07:44:37.022,999,925,666369474,46,3408,767,666369540,6508,13361,1088,666369536,28,3250,713,666369535,24,3211,1930,666369528,37,3466,986,666368599,37,3448,202765,666368563,6535,13422,1775,666368470,46,3450,
2026-09-30,07:44:38.021,999,1650,666367316,44,3454,1584,666367300,6532,13396,2608,666367277,32,3327,1915,666367274,42,3320,1664,666367235,33,3556,1298,666366674,37,3500,203789,666366727,6534,13475,2326,666366713,30,3460,
2026-09-30,07:44:39.022,1000,2270,667054290,50,3646,3485,667054256,6603,13631,2404,667054245,36,3525,3008,667054224,38,3516,3612,667054242,37,3711,3042,667054284,38,3691,202040,667054367,6611,13671,3487,667054349,44,3675,
2026-09-30,07:44:40.022,999,1666,666377134,44,3405,1393,666377140,7136,13347,1121,666377185,34,3262,1198,666377201,38,3268,882,666377253,35,3414,577,666376519,33,3395,196951,666376496,7147,13438,2107,666376397,36,3428,
2026-09-30,07:44:41.021,999,1826,666377465,27,3397,694,666377513,6692,13322,1514,666377587,25,3238,966,666377555,22,3230,1262,666377563,22,3455,869,666375997,17,3422,200868,666376022,6677,13402,865,666376049,31,3397,
2026-09-30,07:44:42.021,999,1616,666382322,45,3347,1431,666382365,7544,13311,1973,666382381,33,3246,1315,666382425,29,3235,1009,666382480,24,3365,1311,666382471,31,3369,192234,666381728,7574,13336,1764,666381747,43,3371,
2026-09-30,07:44:43.022,1000,1322,667060355,39,3397,853,667060468,6535,13352,728,667059641,23,3239,1069,667059641,19,3231,724,667059673,18,3440,1209,667059718,38,3453,201589,667059677,6528,13443,1502,667059676,39,3429,
2026-09-30,07:44:44.022,999,3936,666381150,47,3530,3349,666381130,7232,13471,2891,666381193,39,3394,2686,666381186,43,3371,4009,666381205,37,3544,3755,666381106,29,3532,196080,666380393,7214,13509,3600,666380380,46,3534,
2026-09-30,07:44:45.021,999,1878,666378073,81,3496,1762,666378106,6627,13446,1343,666378127,81,3365,2591,666378110,64,3335,1746,666378099,80,3557,1971,666378144,73,3536,202918,666377223,6650,13535,2900,666377239,78,3542,
2026-09-30,07:44:46.022,1000,823,667048412,32,3352,569,667048462,7166,13281,1186,667048496,23,3215,420,667048538,22,3201,1107,667048596,25,3403,833,667048658,25,3370,195438,667048684,7149,13352,833,667047895,33,3354,
2026-09-30,07:44:47.023,1000,1139,667039232,38,3377,633,667039196,6559,13319,529,667039242,18,3209,424,667039247,26,3202,674,667039271,30,3422,514,667039248,26,3412,200330,667039220,6582,13379,1313,667039171,40,3385,
2026-09-30,07:44:48.023,999,1385,666377466,33,3378,885,666377452,7185,13334,1161,666377417,28,3266,567,666377399,27,3236,979,666377364,37,3420,995,666377382,22,3393,195311,666376647,7179,13393,1133,666376632,31,3401,
2026-09-30,07:44:49.022,999,3258,666381295,34,3453,1692,666381277,6442,13405,1391,666381315,29,3331,1511,666381288,24,3296,1076,666381270,26,3545,1045,666381329,22,3500,205102,666380831,6455,13434,1911,666380772,31,3479,
2026-09-30,07:44:50.023,1000,831,667043301,38,3383,1008,667043312,6709,13317,570,667043371,24,3222,404,667043381,21,3209,631,667043401,31,3399,355,667043450,22,3397,201101,667042684,6714,13368,513,667042714,34,3371,
2026-09-30,07:44:51.023,999,3342,666374193,46,3486,1745,666374200,6717,13412,2696,666374222,36,3338,2034,666374201,47,3330,2240,666374183,43,3539,1743,666374146,49,3526,201899,666374223,6712,13500,1731,666374283,45,3482,
2026-09-30,07:44:52.022,999,1150,666377680,33,3364,575,666377675,6753,13309,601,666377659,26,3241,908,666377622,20,3218,741,666377605,29,3432,1140,666377684,25,3411,201428,666376803,6764,13368,1081,666376702,31,3389,
2026-09-30,07:44:53.022,999,952,666387738,26,3303,261,666387762,7252,13254,332,666387777,18,3195,228,666387826,16,3176,968,666387907,15,3331,116,666387098,16,3316,192035,666387055,7281,13309,520,666387021,28,3313,
2026-09-30,07:44:54.023,1000,1428,667042445,41,3348,521,667042431,7391,13295,359,667042442,15,3201,219,667042457,15,3195,461,667042422,19,3346,589,667042563,18,3341,192666,667041562,7413,13344,447,667041586,33,3326,
2026-09-30,07:44:55.023,999,1318,666375407,44,3358,502,666375425,6933,13319,428,666375343,41,3232,598,666375297,41,3229,617,666375275,40,3393,581,666374540,36,3406,196984,666374530,6951,13380,765,666374575,47,3396,
2026-09-30,07:44:56.022,999,2539,666360160,65,3546,2481,666360208,7208,13497,2101,666360210,54,3413,1656,666360236,46,3402,2209,666360238,46,3551,2685,666360277,52,3535,196146,666359429,7209,13561,2489,666359457,70,3578,
2026-09-30,07:44:57.023,1000,13304,667042465,47,4024,10732,667041383,6566,13942,13514,667041330,24,3837,15115,667041387,29,3833,12315,667041403,25,4016,15968,667041459,26,4049,219958,667040626,6584,14008,15356,667040613,33,3987,
2026-09-30,07:44:58.023,999,16679,666405443,54,4036,17381,666405468,7142,13997,13433,666405457,37,3859,16479,666405480,40,3901,16882,666405516,40,4003,15138,666405617,45,4018,210689,666404548,7157,14008,15694,666404554,50,4030,
2026-09-30,07:44:59.023,999,5220,666341266,48,3557,3229,666341249,6618,13509,2890,666341231,41,3408,2962,666341240,47,3401,4311,666341305,35,3591,4450,666340696,47,3594,205762,666340629,6620,13564,3176,666340599,57,3582,
2026-09-30,07:45:00.023,1000,27878,667040804,78,4616,33699,667040943,6770,14608,28349,667040255,58,4487,26917,667040258,63,4493,29309,667040268,56,4678,31032,667040210,62,4663,235322,667040237,6770,14627,28832,667040147,76,4625,
2026-09-30,07:45:01.023,999,1702,666383131,42,3378,1392,666383040,6968,13344,488,666383135,38,3235,731,666383110,37,3250,513,666383115,41,3433,771,666383148,38,3416,196020,666382365,6982,13396,890,666382269,50,3428,
2026-09-30,07:45:02.023,999,103512,666385062,216,11397,109197,666384998,7701,21337,113630,666385005,205,11367,115626,666385012,169,11355,119204,666384998,161,11528,114991,666384123,197,11451,304861,666384146,7714,21441,111634,666384097,184,11485,
2026-09-30,07:45:03.022,999,15354,666373513,91,4363,10714,666373523,6863,14291,14687,666373496,76,4234,14418,666373491,77,4232,16037,666373459,71,4437,14207,666373420,72,4412,212660,666373393,6860,14382,13927,666372569,87,4382,
2026-09-30,07:45:04.023,1000,2362,667043871,94,3574,2810,667043893,7319,13562,2012,667043885,81,3442,2536,667043867,78,3460,2318,667043904,80,3621,1864,667043897,76,3630,197613,667043202,7323,13613,2030,667043207,77,3568,
2026-09-30,07:45:05.023,999,11106,666386030,170,4189,10231,666386052,7383,14152,9952,666386095,160,4093,9756,666386071,146,4038,10381,666386082,162,4278,8276,666386064,144,4195,199872,666386161,7426,14205,9748,666386231,166,4263,
2026-09-30,07:45:06.023,999,5243,666356588,104,3726,4454,666356643,7563,13705,3812,666356672,87,3622,4072,666356685,75,3578,6658,666356718,77,3778,5192,666356697,93,3724,195922,666356698,7534,13725,5735,666356701,96,3732,
2026-09-30,07:45:07.023,1000,5171,667059379,82,3731,3657,667059335,7330,13685,3638,667059318,72,3611,3582,667059306,80,3604,4279,667059329,62,3733,4834,667059321,62,3739,198540,667058544,7352,13695,4926,667058575,75,3724,
2026-09-30,07:45:08.023,999,3159,666355398,73,3592,2917,666355383,7016,13537,1943,666355379,53,3444,2628,666355408,51,3444,2758,666355399,51,3612,3503,666355353,44,3620,200720,666355331,7050,13585,4441,666355363,64,3590,
2026-09-30,07:45:09.023,999,30681,666316779,51,4601,30853,666316832,6754,14532,26515,666316854,40,4519,26075,666316855,36,4495,27409,666316803,41,4681,25499,666316783,40,4663,227826,666316783,6741,14615,31452,666316768,36,4628,
2026-09-30,07:45:10.022,999,1271,666356159,40,3371,1129,666356105,6782,13304,533,666356108,28,3225,318,666356111,35,3197,208,666356161,31,3404,544,666355321,34,3412,196876,666355382,6833,13361,767,666355426,38,3373,
2026-09-30,07:45:11.023,1000,8784,667049103,68,4053,8132,667049101,6297,14030,9881,667049065,60,3917,9773,667049083,47,3938,9923,667049144,54,4146,7388,667049221,52,4129,212991,667049178,6280,14108,9980,667048267,57,4123,
2026-09-30,07:45:12.023,999,1465,666387323,53,3402,609,666387325,6670,13337,816,666387367,36,3252,1415,666387397,41,3262,618,666387424,42,3462,687,666387340,47,3483,200695,666387311,6661,13402,1116,666387346,47,3434,
2026-09-30,07:45:13.023,999,2881,666384765,64,3599,2378,666384760,6857,13524,2997,666384742,46,3447,2649,666384737,63,3445,2804,666384791,42,3644,3316,666384754,41,3608,200628,666383948,6885,13578,3205,666383862,57,3626,
2026-09-30,07:45:14.023,1000,7786,667057633,38,3658,6404,667057663,6639,13595,5252,667057622,33,3512,6786,667057630,24,3497,6563,667057626,37,3737,7925,667057702,34,3708,209768,667057656,6650,13692,8424,667057635,32,3709,
2026-09-30,07:45:15.023,999,2103,666381637,100,3509,1850,666381553,6740,13455,1523,666381479,76,3328,1511,666381451,88,3372,1076,666381449,80,3509,632,666381496,80,3507,200163,666380774,6746,13515,1738,666380747,93,3532,
2026-09-30,07:45:16.023,999,2544,666385897,51,3490,3595,666385912,6484,13479,2318,666385900,56,3374,2344,666385917,49,3347,2098,666385975,66,3610,1720,666386043,52,3575,207202,666386107,6432,13503,1666,666385282,50,3533,
2026-09-30,07:45:17.023,999,209361,666401471,515,17599,199396,666401553,7836,27333,205779,666401617,527,17260,198908,666401640,552,17037,202604,666401703,543,17405,198359,666401708,532,17392,400055,666401605,7822,27554,206808,666401588,545,17485,
2026-09-30,07:45:18.023,1000,9781,667061595,119,4295,9876,667061604,7302,14248,8032,667061567,117,4163,8491,667061607,117,4160,9358,667061675,130,4355,9016,667061772,115,4302,205991,667061800,7339,14306,9952,667061820,109,4285,
2026-09-30,07:45:19.023,999,4001,666348052,82,3649,3167,666348062,6536,13586,2590,666348112,85,3506,2942,666348118,80,3481,3951,666348038,77,3684,4081,666348098,86,3705,202486,666348123,6595,13635,3275,666348207,71,3650,
2026-09-30,07:45:20.023,999,10051,666375153,102,4073,9493,666375181,6840,14093,9273,666375148,79,3960,9909,666375120,87,3979,11247,666375085,82,4197,10642,666375051,77,4102,207643,666375140,6851,14121,9363,666375182,102,4192,
2026-09-30,07:45:21.023,1000,2981,667052467,98,3648,3351,667052402,7497,13551,2689,667052455,69,3495,3431,667052476,60,3475,3351,667052539,78,3618,2235,667052534,53,3610,195894,667052608,7483,13595,2506,667052730,73,3615,
2026-09-30,07:45:22.023,999,1892,666394187,72,3483,1752,666394147,6747,13415,1359,666394157,54,3316,1198,666394159,43,3296,1764,666394184,48,3513,1755,666394300,44,3479,204176,666394459,6741,13499,2019,666394491,62,3496,
2026-09-30,07:45:23.023,999,1445,666425290,61,3429,999,666425365,6923,13365,1378,666425377,45,3280,763,666425386,53,3276,1409,666425385,44,3463,1588,666425437,49,3475,199350,666425447,6907,13452,1672,666425399,66,3474,
2026-09-30,07:45:24.023,999,3115,666408276,119,3659,2516,666408278,7325,13571,3260,666408314,90,3503,2683,666408273,91,3509,4095,666408260,87,3684,2383,666408335,96,3678,194055,666408405,7350,13651,3818,666408393,92,3672,
2026-09-30,07:45:25.024,1000,7751,667057476,140,3918,5042,667057474,6485,13804,6537,667057480,156,3743,6632,667057455,128,3714,5944,667057431,159,3936,5670,667057408,141,3920,210357,667057428,6487,13859,6573,667057350,139,3904,
2026-09-30,07:45:26.023,999,3140,666391301,65,3553,2519,666391294,7182,13501,2192,666391311,67,3398,3228,666391325,65,3408,2534,666391346,75,3598,2195,666391255,69,3574,198470,666391161,7165,13543,2380,666391218,69,3585,
2026-09-30,07:45:27.023,999,2336,666369868,55,3489,1873,666369798,6576,13419,1828,666369746,58,3355,1033,666369742,44,3289,2847,666369782,47,3539,1548,666369818,47,3526,207064,666369938,6576,13504,1423,666369928,45,3484,
2026-09-30,07:45:28.023,999,1889,666393143,49,3438,1961,666393149,6963,13402,2757,666393155,52,3315,1486,666393135,58,3305,1414,666393138,51,3472,1865,666392368,45,3480,201475,666392377,6981,13469,1050,666392361,42,3441,
2026-09-30,07:45:29.023,1000,8718,667039459,67,3776,7153,667039516,7225,13678,8561,667039523,44,3616,8356,667039540,50,3612,8739,667039583,44,3771,7833,667038805,51,3765,200930,667038856,7222,13790,6463,667038733,71,3762,
2026-09-30,07:45:30.023,999,5599,666378172,79,3697,4864,666378164,7463,13648,7212,666378210,74,3586,4918,666378205,55,3513,4906,666378186,59,3722,4889,666378172,54,3715,203087,666378173,7454,13732,4925,666377086,71,3728,
2026-09-30,07:45:31.023,999,1195,666380446,54,3417,1132,666380444,7168,13348,1436,666380373,40,3264,594,666380400,49,3258,460,666380446,43,3430,831,666379709,46,3407,196488,666379741,7203,13405,1131,666379687,58,3434,
2026-09-30,07:45:32.024,1000,1165,667041371,33,3354,909,667041370,7116,13313,424,667041368,37,3223,802,667041391,41,3238,840,667041377,31,3399,485,667041320,41,3398,193986,667041244,7123,13367,812,667041262,51,3397,
2026-09-30,07:45:33.023,999,8948,666376199,116,3839,7449,666376252,7266,13804,9249,666376288,89,3679,9681,666376333,101,3689,10359,666376343,104,3869,8669,666376381,107,3877,206227,666376427,7280,13873,11340,666375710,112,3880,
2026-09-30,07:45:34.023,999,1004,666386975,36,3359,571,666386972,7285,13299,460,666387026,28,3216,512,666387026,31,3217,1727,666387056,30,3374,773,666387164,38,3374,195062,666387196,7280,13367,967,666387176,42,3365,
2026-09-30,07:45:35.023,999,2970,666389448,116,3612,2226,666389446,7162,13491,1732,666389520,93,3441,2708,666389562,94,3451,1901,666389629,94,3601,2449,666389643,86,3545,201541,666389624,7160,13543,2465,666389671,101,3572,
2026-09-30,07:45:36.024,1000,24055,667017023,103,4759,21540,667017067,7213,14624,26183,667017117,90,4521,26798,667017158,96,4529,23698,667017190,100,4692,26103,667017149,87,4682,223247,667017078,7233,14782,26663,667017207,95,4719,
2026-09-30,07:45:37.023,999,1572,666397233,60,3554,1215,666397180,7141,13491,928,666397234,41,3416,1139,666397213,39,3431,1867,666397244,44,3591,1863,666397294,37,3600,197832,666397349,7133,13546,1618,666397429,58,3563,
2026-09-30,07:45:38.023,999,3074,666381523,54,3550,3831,666381563,7468,13482,3872,666381584,52,3415,2591,666381622,50,3418,4114,666381641,45,3562,3263,666381748,42,3545,196425,666381750,7481,13538,4528,666381833,55,3560,
2026-09-30,07:45:39.024,1000,2670,667051779,57,3580,2672,667051801,7115,13574,1522,667051780,34,3413,2744,667051740,44,3445,2477,667051800,38,3627,2093,667051823,42,3588,199657,667051939,7085,13613,2085,667052093,63,3620,
2026-09-30,07:45:40.025,1000,4233,667080945,61,3590,3555,667080994,7857,13566,3702,667080992,62,3530,2831,667080980,56,3520,3118,667080988,56,3627,3899,667081025,50,3613,192526,667081085,7824,13630,4050,667080973,75,3626,
2026-09-30,07:45:41.024,999,1817,666398252,65,3460,741,666398287,6985,13351,1386,666398249,44,3323,2286,666398225,54,3313,2908,666398261,52,3527,1851,666398285,55,3499,196445,666398290,7012,13433,2100,666398338,56,3478,
2026-09-30,07:45:42.024,999,1117,666357999,53,3391,739,666358045,7282,13295,906,666358056,42,3275,1906,666358056,29,3246,1205,666358067,43,3409,1783,666358128,32,3399,192892,666358146,7302,13374,1054,666358137,41,3380,
2026-09-30,07:45:43.025,1000,1286,667025268,51,3416,976,667025214,6992,13354,1157,667025222,44,3273,962,667025259,28,3236,860,667025276,43,3457,937,667025246,41,3429,196826,667025306,7019,13429,986,667025225,48,3412,
2026-09-30,07:45:44.024,999,4066,666383825,59,3514,3580,666383887,7139,13423,1500,666383923,23,3359,2657,666383866,31,3342,2886,666383803,28,3506,1645,666383811,30,3518,198049,666382996,7169,13507,2872,666382890,46,3510,
2026-09-30,07:45:45.024,999,5628,666371080,100,3708,5402,666371043,7117,13622,4476,666371041,84,3543,4438,666371071,100,3545,6128,666371111,89,3733,4239,666371201,79,3669,202895,666371150,7113,13671,5277,666371101,95,3700,
2026-09-30,07:45:46.024,999,2942,666376755,79,3533,2107,666376687,7666,13440,3355,666376712,64,3401,2158,666376702,63,3391,1740,666376751,73,3525,1837,666376717,65,3518,193364,666376710,7687,13487,1810,666376622,65,3518,
2026-09-30,07:45:47.025,1000,1431,667046695,33,3371,627,667046697,7060,13301,871,667046735,30,3221,555,667046747,44,3238,573,667046791,33,3386,682,667046804,40,3395,195574,667045967,7058,13363,591,667045955,30,3363,
2026-09-30,07:45:48.024,999,1793,666382472,70,3462,1153,666382507,7659,13369,1454,666382520,50,3313,1906,666382531,48,3334,1434,666382451,52,3451,2356,666382604,63,3457,193320,666382655,7648,13432,2134,666382710,60,3415,
2026-09-30,07:45:49.024,999,998,666382675,24,3332,300,666382660,7008,13267,409,666382654,21,3210,811,666382660,17,3205,502,666382625,15,3371,544,666382669,23,3368,195979,666382627,7024,13338,693,666381751,24,3347,
2026-09-30,07:45:50.025,1000,640,667064527,30,3333,591,667064467,7018,13288,807,667064376,15,3204,220,667064364,19,3194,900,667064311,21,3373,291,667064263,13,3346,199774,667064240,7019,13357,958,667064317,31,3364,
2026-09-30,07:45:51.024,999,848,666355684,28,3341,1113,666355635,7464,13272,335,666355681,16,3195,582,666355685,21,3194,270,666355712,19,3316,882,666355694,17,3329,192031,666355716,7479,13337,1257,666355658,22,3325,
2026-09-30,07:45:52.024,999,1901,666362271,35,3410,1557,666362259,7291,13347,1058,666362243,37,3296,1594,666362193,32,3285,1642,666362166,42,3488,1478,666362177,33,3437,193927,666361252,7338,13429,1764,666361297,36,3426,
2026-09-30,07:45:53.025,1000,808,667056200,26,3348,572,667056169,7069,13293,506,667056211,17,3212,251,667056266,16,3186,449,667056295,19,3371,289,667055608,24,3383,195607,667055569,7106,13351,559,667055504,23,3358,
2026-09-30,07:45:54.026,1000,1558,667055799,36,3354,1171,667055863,7568,13299,1756,667055858,27,3222,1299,667055807,28,3212,696,667055812,25,3347,1241,667055130,28,3351,192592,667055095,7574,13348,986,667054979,44,3351,
2026-09-30,07:45:55.025,999,839,666352346,66,3417,753,666352377,6736,13362,767,666352345,49,3273,728,666352364,44,3250,707,666352317,48,3454,1124,666352283,39,3429,204571,666352285,6741,13414,1299,666352213,48,3392,
2026-09-30,07:45:56.025,999,1590,666378055,42,3388,695,666378064,7315,13323,763,666378095,29,3266,1190,666378087,21,3221,690,666378082,29,3405,440,666377394,21,3362,194901,666377311,7344,13407,1668,666377423,38,3386,
2026-09-30,07:45:57.026,1000,1469,667021997,41,3424,1044,667022015,6774,13361,901,667022041,26,3248,1583,667022015,28,3266,656,667022051,31,3456,652,667022034,33,3442,199334,667021988,6777,13438,776,667021965,37,3423,
2026-09-30,07:45:58.025,999,2081,666352618,43,3455,2202,666352571,6976,13415,1213,666352586,28,3312,1113,666352590,22,3294,3361,666352590,16,3499,2161,666352527,26,3493,199628,666352523,7003,13455,2272,666351645,34,3468,
2026-09-30,07:45:59.025,999,533,666375417,23,3287,235,666375352,6906,13228,76,666375381,9,3158,214,666375384,13,3152,36,666375394,3,3323,49,666375461,7,3323,198570,666375403,6895,13301,303,666374315,18,3291,
2026-09-30,07:46:00.026,1000,5053,667054842,53,3527,2217,667054863,7218,13480,2501,667054854,30,3372,2571,667054874,44,3362,2529,667054906,34,3555,2381,667054938,37,3541,198496,667054120,7217,13509,2902,667054058,45,3512,
2026-09-30,07:46:01.026,999,2686,666380941,45,3507,1977,666380996,6619,13456,2951,666380970,30,3369,2134,666381001,37,3345,2563,666381003,33,3596,1341,666381004,30,3547,202973,666380915,6632,13535,2695,666380874,54,3565,
2026-09-30,07:46:02.025,999,5651,666384549,48,3615,3529,666384542,7127,13541,3167,666384551,38,3475,2890,666384520,31,3457,2326,666384527,29,3606,3559,666384527,29,3601,198173,666384597,7165,13595,5244,666384640,36,3594,
2026-09-30,07:46:03.025,999,2472,666355177,58,3441,1673,666355174,6851,13385,1471,666355169,58,3292,1312,666355182,56,3300,1694,666355187,47,3505,1634,666355209,55,3501,200635,666355189,6858,13458,1435,666355190,53,3453,
2026-09-30,07:46:04.026,1000,702,667053467,35,3334,223,667053519,6679,13283,1017,667053582,20,3193,339,667053579,21,3193,654,667053566,24,3384,364,667052929,19,3376,200960,667052930,6700,13351,484,667053860,30,3333,
2026-09-30,07:46:05.026,999,4558,666367707,77,3641,3924,666367711,6692,13599,3507,666367677,55,3501,3174,666367652,55,3495,4557,666367634,62,3720,3101,666367708,55,3704,205396,666366921,6736,13668,4226,666366937,69,3693,
2026-09-30,07:46:06.025,999,1713,666393321,53,3418,912,666393408,6926,13351,853,666393426,31,3279,1083,666393382,35,3270,1427,666393349,32,3460,1194,666393213,38,3447,201042,666393140,6908,13429,1921,666393207,53,3426,
2026-09-30,07:46:07.026,1000,1501,667026801,52,3447,799,667026692,6179,13383,620,667026696,26,3263,717,667026694,32,3250,1476,667026730,31,3483,813,667026683,37,3493,206791,667026681,6196,13442,1001,667026675,44,3465,
2026-09-30,07:46:08.026,999,1289,666373490,64,3408,721,666373467,7058,13335,865,666373517,48,3281,569,666373500,44,3247,1028,666373491,39,3428,994,666373437,32,3427,197687,666373307,7064,13399,1592,666373296,50,3405,
2026-09-30,07:46:09.025,999,882,666378123,43,3391,619,666378144,6594,13341,581,666378106,20,3244,339,666378036,17,3208,835,666377998,17,3423,630,666378049,24,3427,200991,666377222,6579,13372,1092,666377205,21,3416,
2026-09-30,07:46:10.025,999,438,666337417,32,3287,223,666337453,7415,13239,173,666337499,20,3174,93,666336860,17,3177,194,666336892,18,3321,120,666336909,12,3295,191424,666336932,7415,13281,431,666336919,17,3295,
2026-09-30,07:46:11.026,1000,1095,667042444,41,3376,1321,667042421,6954,13302,1383,667041762,27,3228,402,667041778,26,3216,1134,667041753,27,3413,615,667041795,28,3393,197988,667041808,6977,13372,854,667041788,38,3382,
2026-09-30,07:46:12.026,999,923,666445144,36,3345,593,666445119,7035,13294,755,666445119,30,3238,882,666445143,32,3222,1440,666445116,31,3394,610,666445137,22,3371,199538,666445229,7024,13344,643,666445220,35,3362,
2026-09-30,07:46:13.025,999,600,666378115,24,3313,290,666378129,6896,13244,231,666378149,12,3176,243,666378148,9,3162,324,666378196,11,3355,412,666377322,9,3339,198957,666377307,6889,13314,791,666377292,21,3349,
2026-09-30,07:46:14.026,1000,2180,667043480,44,3437,1279,667043510,6537,13354,592,667043599,30,3250,853,667043620,27,3248,1122,667043598,38,3500,1674,667043652,30,3442,202895,667043693,6561,13439,1287,667043723,34,3447,
2026-09-30,07:46:15.026,999,2936,666376111,50,3486,2839,666376107,7154,13431,2452,666376122,52,3338,2432,666376072,49,3342,2223,666376079,60,3527,2898,666376169,45,3520,195606,666375195,7156,13494,2573,666375292,60,3520,
2026-09-30,07:46:16.026,999,926,666400112,45,3338,549,666400127,7390,13289,595,666400125,36,3232,1123,666400094,27,3214,718,666400069,23,3365,1430,666400172,25,3367,194314,666399448,7408,13349,686,666399416,41,3343,
2026-09-30,07:46:17.025,999,1206,666367362,27,3339,585,666367322,6576,13296,412,666367314,21,3203,599,666367323,18,3182,844,666367328,11,3393,662,666367328,14,3363,204592,666365691,6613,13359,997,666365702,33,3374,
2026-09-30,07:46:18.026,1000,862,667054166,34,3353,490,667054188,6800,13301,428,667054145,15,3199,270,667054164,12,3180,1419,667054144,19,3403,816,667053515,15,3374,202096,667053371,6792,13372,1393,667053362,21,3363,
2026-09-30,07:46:19.026,999,984,666377768,24,3336,562,666377709,7210,13247,865,666377724,20,3195,226,666377710,13,3183,521,666377739,15,3339,209,666377798,14,3332,195430,666377765,7209,13348,703,666377900,21,3340,
2026-09-30,07:46:20.026,999,1031,666384729,38,3348,957,666384719,7302,13309,605,666384798,26,3242,663,666384823,26,3214,506,666384800,30,3391,372,666384862,26,3365,194316,666384937,7290,13357,1406,666385078,33,3363,
2026-09-30,07:46:21.026,1000,822,667051862,33,3341,736,667051872,7000,13274,291,667051827,22,3200,450,667051868,17,3199,179,667051959,18,3352,485,667051957,17,3354,194567,667052016,7017,13341,686,667052055,31,3370,
2026-09-30,07:46:22.026,999,842,666384590,21,3317,570,666384563,6933,13252,497,666384607,12,3179,135,666384611,5,3164,84,666384575,10,3339,198,666384668,12,3329,201677,666384674,6940,13320,851,666384813,16,3324,
2026-09-30,07:46:23.026,999,645,666356925,18,3315,208,666356957,7195,13237,367,666356943,16,3193,449,666356904,12,3172,233,666356883,20,3342,698,666356860,15,3327,196043,666356898,7179,13320,825,666356088,18,3319,
2026-09-30,07:46:24.025,999,13702,666356020,24,3881,13750,666356081,7746,13799,13865,666356043,17,3762,12045,666356009,17,3722,11269,666356008,27,3896,10822,666356005,23,3862,199517,666356026,7745,13864,12718,666356022,26,3881,
2026-09-30,07:46:25.026,1000,13508,667046393,80,4061,14524,667046379,7473,14037,9704,667046455,66,3960,13016,667046463,69,3904,12877,667046448,63,4072,14430,667045622,75,4081,207569,667045577,7442,14124,13720,667045507,66,4084,
2026-09-30,07:46:26.026,999,1025,666376535,45,3345,594,666376543,7278,13276,308,666376558,24,3189,400,666376575,26,3193,527,666376567,26,3359,208,666376523,24,3337,193353,666376558,7280,13338,686,666376556,32,3360,
2026-09-30,07:46:27.026,999,1237,666381213,33,3339,298,666381248,6964,13263,177,666381269,21,3188,137,666381312,25,3195,259,666381384,28,3383,218,666381473,27,3365,199656,666381580,6956,13335,444,666381586,35,3338,
2026-09-30,07:46:28.026,1000,2048,667044609,44,3467,1460,667044632,6721,13411,1584,667044670,37,3304,895,667044732,42,3296,1245,667044732,40,3469,1687,667043770,41,3478,200700,667043700,6720,13492,1401,667043696,41,3478,
2026-09-30,07:46:29.026,999,1415,666389619,30,3351,444,666389635,7064,13272,699,666388085,15,3180,281,666388048,21,3192,266,666388021,19,3354,873,666387967,22,3347,197953,666388082,7075,13350,759,666387912,37,3365,
2026-09-30,07:46:30.026,999,2916,666353529,40,3484,2384,666353605,6907,13423,2197,666353578,30,3324,2728,666353587,26,3321,2656,666353577,26,3498,2488,666353578,25,3528,198491,666353621,6909,13466,2156,666353735,32,3468,
2026-09-30,07:46:31.025,999,1253,666360737,45,3437,893,666360735,6187,13369,1187,666360707,49,3268,1362,666360686,40,3254,1486,666360678,39,3498,1052,666360632,39,3472,210322,666360659,6155,13452,1784,666360575,48,3467,
2026-09-30,07:46:32.026,1000,1378,667040135,45,3367,979,667040132,7125,13323,660,667040159,22,3228,849,667040148,26,3215,616,667040130,32,3386,564,667040065,17,3362,197169,667039190,7123,13363,889,667039162,30,3374,
2026-09-30,07:46:33.026,999,3072,666385244,26,3463,2272,666385300,6991,13378,1811,666385295,20,3276,1014,666385304,15,3263,1848,666385305,24,3461,2055,666385293,19,3440,198712,666384582,6992,13454,2822,666384485,24,3480,
2026-09-30,07:46:34.026,999,849,666383440,25,3345,486,666383455,6837,13281,218,666383515,19,3198,656,666383512,20,3191,520,666383580,20,3367,324,666383563,19,3363,201023,666383542,6833,13357,689,666383338,26,3372,
2026-09-30,07:46:35.026,1000,1241,667022822,68,3394,964,667022813,7110,13369,1572,667022746,46,3269,664,667022724,45,3239,1151,667022717,53,3442,1145,667022739,49,3404,196689,667022658,7110,13425,2074,667022678,62,3435,
2026-09-30,07:46:36.026,999,1464,666387561,60,3406,1342,666387561,7079,13355,1008,666387610,42,3273,1281,666387618,47,3276,1158,666387657,45,3448,712,666387648,44,3415,197086,666387671,7096,13435,2423,666387534,55,3449,
2026-09-30,07:46:37.026,999,636,666393595,26,3315,195,666393599,7231,13260,370,666393564,11,3184,248,666393564,15,3180,254,666393583,19,3344,228,666393583,19,3321,194128,666392977,7218,13327,781,666392887,29,3343,
2026-09-30,07:46:38.026,999,832,666383036,46,3341,717,666383073,7361,13269,534,666383108,24,3223,1589,666383128,21,3209,710,666383096,25,3367,405,666383120,24,3352,191107,666382156,7373,13320,1557,666382028,33,3334,
2026-09-30,07:46:39.026,1000,8771,667065642,49,3688,9457,667065679,6968,13684,5059,667065670,29,3598,7460,667065664,36,3608,5706,667065677,35,3772,5477,667065068,40,3737,201682,667065070,6992,13727,6397,667064996,46,3737,
2026-09-30,07:46:40.026,999,1195,666385263,34,3318,441,666385291,7283,13272,497,666385324,17,3193,903,666385354,23,3198,708,666385402,29,3375,414,666385404,28,3356,195472,666384448,7292,13340,613,666384614,40,3341,
2026-09-30,07:46:41.026,999,974,666356135,41,3333,792,666356052,7466,13286,546,666356049,19,3197,1564,666356061,30,3230,316,666356079,22,3335,893,666356057,27,3358,193051,666356127,7458,13314,761,666356088,30,3340,
2026-09-30,07:46:42.026,1000,916,667021521,45,3339,1029,667021514,7006,13300,336,667021517,22,3217,542,667021551,24,3202,851,667021534,28,3410,773,667021559,21,3366,198808,667021582,7019,13352,927,667020812,27,3366,
2026-09-30,07:46:43.026,999,685,666383106,17,3313,466,666383123,6620,13270,114,666383129,13,3157,420,666383119,16,3154,171,666383180,15,3363,358,666383178,12,3362,201431,666383175,6615,13332,533,666383119,10,3338,
2026-09-30,07:46:44.026,999,2878,666381276,42,3511,3338,666381337,7076,13449,2542,666381320,26,3370,3177,666381335,36,3354,1947,666381358,25,3530,1654,666381357,32,3515,198709,666381290,7089,13492,3517,666380508,39,3547,
2026-09-30,07:46:45.026,999,2578,666379990,72,3531,2624,666380012,7140,13476,2205,666380072,58,3406,2048,666380078,42,3362,2386,666380085,56,3576,3581,666380115,51,3544,198528,666379325,7124,13507,4326,666379298,67,3573,
2026-09-30,07:46:46.026,1000,1459,667047666,37,3407,975,667047617,6989,13361,1965,667047625,30,3253,570,667047621,39,3252,1053,667047663,32,3429,1210,667046744,31,3415,197197,667046915,6971,13420,808,667047054,43,3414,
2026-09-30,07:46:47.026,999,6628,666387163,57,3724,7456,666387223,7122,13682,4052,666387242,54,3561,6385,666387196,54,3530,5097,666387213,53,3725,4871,666387271,54,3702,200121,666387313,7137,13742,7766,666387268,55,3729,
2026-09-30,07:46:48.026,999,1994,666356758,43,3384,820,666356693,7315,13296,567,666356663,27,3218,666,666356675,27,3213,975,666356676,35,3381,913,666356655,24,3347,194914,666356630,7317,13338,1170,666356630,32,3358,
2026-09-30,07:46:49.027,1000,1421,667046528,27,3319,946,667046617,7565,13277,856,667046651,25,3233,599,667046641,23,3216,964,667046638,21,3357,779,667046646,19,3347,190333,667046633,7559,13331,921,667046670,29,3335,
2026-09-30,07:46:50.026,999,2096,666379061,32,3377,791,666379028,6860,13299,923,666379042,11,3217,608,666379024,8,3199,548,666379067,14,3387,634,666379061,9,3383,199166,666379052,6865,13385,1343,666379052,13,3373,
2026-09-30,07:46:51.026,999,1289,666373800,33,3375,500,666373857,6268,13316,928,666373881,15,3201,417,666373888,26,3201,920,666373892,19,3404,603,666373928,23,3414,205306,666373986,6270,13404,1223,666373915,30,3418,
2026-09-30,07:46:52.026,999,998,666374726,30,3329,623,666374718,7419,13240,395,666374716,10,3202,566,666374707,13,3196,300,666374701,20,3348,349,666374643,14,3324,193507,666373799,7442,13328,536,666373848,23,3336,
2026-09-30,07:46:53.026,1000,1495,667035304,43,3371,751,667035277,7580,13334,1271,667035343,27,3252,1302,667035359,22,3256,2662,667035381,43,3407,975,667035365,31,3386,192741,667035453,7605,13407,1045,667034577,50,3393,
2026-09-30,07:46:54.026,999,1809,666386922,46,3439,1301,666386987,7233,13377,1278,666386981,30,3301,900,666386958,30,3299,1204,666386999,32,3441,1205,666386967,37,3431,199353,666387049,7219,13441,1909,666387115,43,3448,
2026-09-30,07:46:55.026,999,1127,666363746,52,3383,712,666363745,6630,13341,323,666363747,31,3221,586,666363777,38,3219,396,666363823,27,3390,263,666363674,32,3384,202196,666362773,6608,13373,697,666362804,53,3413,
2026-09-30,07:46:56.027,1000,41093,667041205,120,6096,37355,667041206,6884,16077,36977,667041159,112,5929,39870,667041151,108,5971,37441,667041134,119,6181,34279,667041105,119,6132,240055,667041114,6897,16100,36234,667041083,130,6062,
2026-09-30,07:46:57.026,999,2041,666383525,49,3354,1045,666383480,7503,13306,992,666383502,20,3236,719,666383481,25,3218,1299,666383507,32,3408,658,666382731,23,3364,192440,666382632,7509,13386,853,666382688,42,3378,
2026-09-30,07:46:58.026,999,3322,666362735,67,3549,1921,666362740,7353,13461,2428,666362751,53,3431,1915,666362725,59,3408,2292,666362660,50,3538,2573,666362626,58,3565,193647,666361724,7384,13513,2465,666361769,55,3550,
2026-09-30,07:46:59.027,1000,1419,667054456,56,3402,1158,667054423,7563,13365,1580,667054391,46,3320,635,667054386,40,3275,1030,667054356,41,3434,1861,667054371,50,3422,194042,667053625,7553,13403,1051,667053563,54,3417,
2026-09-30,07:47:00.027,1000,5126,667048026,72,3685,4804,667048012,7027,13658,2860,667048005,56,3497,4270,667048044,50,3490,5122,667048060,51,3705,4524,667047342,57,3703,198091,667047252,7050,13694,4342,667047197,77,3712,
2026-09-30,07:47:01.027,999,1117,666365794,50,3387,1032,666365859,6231,13371,831,666365842,31,3245,1597,666365808,37,3243,685,666365844,32,3467,761,666364980,35,3468,204572,666364984,6264,13452,950,666365061,41,3449,
2026-09-30,07:47:02.027,999,1173,666376475,38,3337,993,666376432,7056,13296,312,666376459,19,3210,431,666374858,18,3192,388,666374826,23,3386,742,666374835,15,3358,197322,666374789,7041,13327,664,666374780,34,3355,
2026-09-30,07:47:03.028,1000,817,667009795,38,3333,455,667009821,7240,13284,692,667009856,30,3197,356,667009864,27,3188,727,667009886,30,3353,269,667009975,23,3343,195568,667009908,7256,13336,1028,667009943,28,3336,
2026-09-30,07:47:04.027,999,1661,666355008,61,3414,983,666355023,7351,13340,1345,666355026,50,3309,1603,666355058,42,3282,1418,666355045,50,3434,2153,666355000,54,3452,190057,666354130,7372,13382,1437,666354148,56,3405,
2026-09-30,07:47:05.027,999,8079,666381404,127,3946,8278,666380780,7307,13964,7824,666380758,120,3861,7266,666380745,110,3836,8989,666380785,95,4001,7850,666380783,107,3983,203672,666380840,7299,13942,11225,666380823,137,4043,
2026-09-30,07:47:06.028,1000,1117,667072897,57,3398,1582,667072899,7395,13335,646,667072887,35,3278,696,667072878,33,3259,837,667072851,46,3415,667,667072849,23,3367,194747,667072859,7384,13419,972,667072893,49,3398,
2026-09-30,07:47:07.028,999,978,666383751,41,3341,836,666383791,6946,13286,203,666383817,15,3191,236,666383747,15,3172,1566,666383646,18,3370,464,666383604,21,3365,193754,666383623,6979,13339,950,666383611,37,3361,
2026-09-30,07:47:08.027,999,2285,666348743,75,3455,1524,666348706,7319,13368,2036,666348745,39,3339,1811,666348787,44,3286,1333,666348759,50,3446,1403,666347677,50,3463,193814,666347614,7339,13464,1888,666347580,75,3458,
2026-09-30,07:47:09.027,999,486,666380201,32,3326,141,666380244,6934,13267,172,666379622,18,3201,196,666379583,20,3194,380,666379604,19,3361,300,666379578,12,3362,196390,666379471,6949,13346,747,666379515,23,3335,
2026-09-30,07:47:10.028,1000,944,667001371,38,3320,991,667001305,7524,13288,945,667001265,21,3206,814,667001278,24,3214,598,667001290,29,3346,283,667001293,33,3339,193054,667001248,7522,13333,1507,667001277,33,3350,
2026-09-30,07:47:11.027,999,1155,666388996,46,3338,924,666389047,7319,13294,982,666389110,36,3246,1207,666389095,30,3224,980,666389157,29,3370,571,666388521,33,3370,192929,666388547,7334,13346,1104,666388605,40,3364,
2026-09-30,07:47:12.027,999,734,666389348,40,3285,264,666389388,7507,13238,286,666389467,21,3195,203,666389488,16,3172,684,666389506,22,3333,291,666389530,16,3305,193482,666388770,7489,13300,695,666388755,29,3302,
2026-09-30,07:47:13.028,1000,301,667063319,28,3310,352,667063301,6925,13276,232,667063361,20,3192,98,667063380,12,3152,141,667063476,8,3337,88,667063496,13,3346,196514,667063530,6917,13334,514,667063638,21,3344,
2026-09-30,07:47:14.028,999,1073,666391643,28,3325,742,666391730,7094,13295,815,666391713,10,3220,935,666391782,9,3217,735,666391792,18,3397,444,666391841,18,3370,196316,666391942,7092,13332,1415,666391985,23,3349,
2026-09-30,07:47:15.027,999,3408,666359702,84,3591,3460,666359826,6833,13536,3368,666359867,80,3430,2559,666359875,67,3415,2777,666359901,67,3617,3192,666359913,62,3602,201335,666359921,6831,13578,3857,666359904,68,3623,
2026-09-30,07:47:16.027,999,885,666369406,32,3314,618,666369420,7644,13277,662,666369463,24,3193,623,666369479,40,3211,718,666369462,34,3329,515,666369443,32,3301,190267,666369431,7652,13308,824,666369457,39,3337,
2026-09-30,07:47:17.028,1000,936,667026248,32,3344,581,667026165,6950,13297,398,667026162,26,3209,1342,667026140,13,3175,578,667026124,23,3373,431,667026150,16,3355,197868,667026203,6958,13341,685,667026155,31,3352,
2026-09-30,07:47:18.027,999,738,666367536,34,3319,524,666367539,7449,13274,386,666367514,29,3224,287,666367517,20,3207,861,666367534,27,3352,594,666367600,31,3338,196581,666367621,7453,13321,928,666366900,35,3344,
2026-09-30,07:47:19.027,999,1843,666375908,42,3406,808,666375928,6893,13366,830,666376000,27,3264,773,666376012,25,3253,1313,666376057,34,3441,1750,666375300,27,3439,199534,666375322,6886,13387,1584,666375314,43,3445,
2026-09-30,07:47:20.028,1000,1290,667044872,31,3331,569,667044853,7298,13283,357,667044905,17,3197,536,667044915,24,3204,479,667044950,20,3362,692,667045003,25,3360,193790,667043978,7277,13347,1041,667043907,26,3340,
2026-09-30,07:47:21.028,999,1516,666376094,42,3360,823,666376171,7228,13318,745,666376173,31,3227,549,666376115,29,3235,699,666376101,26,3398,890,666376053,27,3368,192487,666376056,7227,13331,1317,666376058,45,3366,
2026-09-30,07:47:22.027,999,410,666388671,28,3282,802,666388731,7446,13216,308,666388774,12,3169,389,666388742,11,3154,119,666388750,5,3281,101,666388716,10,3278,194022,666388727,7440,13292,837,666387919,21,3297,
2026-09-30,07:47:23.028,1000,1697,667030266,39,3314,1178,667030276,7808,13298,897,667030278,26,3229,721,667030300,28,3216,957,667030286,34,3344,875,667029382,35,3331,189148,667029423,7799,13325,1159,667029535,39,3355,
2026-09-30,07:47:24.029,1000,516,667070932,27,3303,319,667070961,7102,13261,837,667071011,14,3181,234,667071007,17,3167,594,667070958,17,3353,136,667070004,14,3328,198516,667070017,7105,13328,730,667070024,17,3320,
2026-09-30,07:47:25.029,999,1012,666396419,62,3377,1198,666396440,7201,13290,1494,666396459,43,3252,669,666396486,38,3235,1264,666396474,41,3404,756,666396404,41,3382,198061,666396324,7195,13360,1123,666396390,58,3395,
2026-09-30,07:47:26.028,999,1589,666378212,52,3438,1547,666378252,7472,13379,1262,666378303,42,3315,1528,666378333,37,3314,1453,666378329,40,3461,1467,666378327,39,3434,194114,666378321,7498,13425,1844,666378313,45,3439,
2026-09-30,07:47:27.029,1000,1679,667018826,42,3359,644,667018776,7075,13299,371,667018734,26,3214,361,667018732,26,3216,772,667018706,29,3394,700,667018794,29,3383,194863,667019036,7060,13344,919,667019017,36,3355,
2026-09-30,07:47:28.029,999,1001,666378758,41,3325,563,666378725,7628,13235,175,666378700,19,3195,249,666378746,16,3182,420,666378753,24,3305,231,666378053,20,3283,188859,666378108,7649,13308,551,666378120,27,3307,
2026-09-30,07:47:29.028,999,869,666364847,35,3316,950,666364800,7033,13278,1265,666364839,12,3206,388,666364861,16,3185,649,666364857,20,3369,1240,666364915,17,3361,199457,666364882,7031,13328,1320,666364850,24,3343,
2026-09-30,07:47:30.029,1000,2792,667044436,27,3466,2277,667044511,6889,13405,2003,667044500,21,3316,1729,667044503,21,3285,2297,667044518,28,3502,2619,667043594,25,3481,200860,667043624,6893,13484,4074,667043534,26,3478,
2026-09-30,07:47:31.030,1000,4260,666986703,60,3615,3804,666986711,6719,13568,2726,666986740,41,3450,3330,666986739,42,3450,3445,666986749,36,3661,3935,666986779,39,3651,203355,666986814,6733,13665,4559,666986816,51,3669,
2026-09-30,07:47:32.029,999,1350,666372743,47,3387,1848,666372764,7264,13318,456,666372775,31,3227,745,666372821,32,3239,634,666372856,34,3401,606,666371936,27,3391,194523,666371906,7274,13359,1211,666371893,46,3391,
2026-09-30,07:47:33.029,999,585,666358377,26,3331,437,666358308,6543,13270,443,666358330,13,3172,157,666358279,15,3162,448,666358205,19,3378,463,666358323,11,3361,203462,666357541,6542,13342,445,666357520,19,3346,
2026-09-30,07:47:34.030,1000,563,667025124,16,3292,121,667025193,7187,13231,165,667025195,3,3156,20,667025174,10,3153,45,667025148,7,3309,50,667025141,10,3307,194391,667025133,7207,13293,285,667025117,16,3305,
2026-09-30,07:47:35.030,999,1360,666385500,64,3432,1329,666385557,6193,13365,1119,666385592,62,3277,1155,666385549,45,3250,689,666385540,53,3460,1193,666385553,48,3470,205973,666385466,6230,13426,1071,666385626,52,3451,
2026-09-30,07:47:36.029,999,786,666373362,28,3338,1213,666373364,7029,13297,866,666373320,23,3217,531,666373299,27,3208,491,666373339,24,3389,463,666373316,26,3362,199268,666373317,7019,13343,580,666373270,37,3368,
2026-09-30,07:47:37.030,1000,715,667046063,42,3366,781,667046126,6482,13314,286,667046176,17,3200,211,667046207,21,3185,769,667046234,19,3441,308,667045618,24,3394,201693,667045650,6469,13392,1210,667045590,35,3402,
2026-09-30,07:47:38.030,999,1623,666418242,41,3334,514,666418255,7108,13283,446,666418219,27,3225,903,666418212,20,3204,1226,666418181,21,3372,439,666418145,23,3373,193508,666418186,7149,13385,973,666418084,38,3367,
2026-09-30,07:47:39.030,999,1073,666380425,33,3348,668,666380423,6629,13317,552,666380390,27,3227,559,666380358,23,3214,363,666380450,23,3402,910,666380468,25,3415,202408,666379776,6633,13390,1125,666379772,38,3391,
2026-09-30,07:47:40.029,999,1022,666389455,36,3359,393,666389413,6855,13282,247,666389431,19,3207,370,666389384,23,3195,413,666389365,18,3387,299,666389431,21,3380,197673,666389465,6864,13367,1012,666389381,28,3372,
2026-09-30,07:47:41.030,1000,796,667023986,38,3349,408,667023938,6533,13284,219,667023890,20,3194,198,667023894,14,3173,390,667023869,16,3405,237,667023819,12,3376,206225,667023919,6535,13361,674,667023932,30,3350,
2026-09-30,07:47:42.030,999,819,666352667,21,3293,384,666352676,6817,13244,56,666352742,6,3153,63,666352762,6,3148,249,666352710,10,3331,84,666352736,8,3322,197115,666352746,6822,13301,392,666352703,19,3309,
2026-09-30,07:47:43.029,999,701,666384033,42,3344,895,666383999,6777,13291,509,666383978,26,3195,957,666383997,35,3219,310,666384027,27,3387,588,666384037,33,3396,201598,666383347,6799,13333,1077,666383329,35,3379,
2026-09-30,07:47:44.030,1000,498,667027545,26,3315,558,667027523,6909,13250,165,667027504,19,3176,346,667027505,18,3168,171,667027496,12,3356,130,667027474,16,3335,197938,667027442,6915,13306,460,667027424,23,3318,
2026-09-30,07:47:45.030,999,3377,666382412,63,3487,2626,666382446,7084,13422,2577,666382523,48,3335,2448,666382579,42,3334,2461,666382590,47,3513,3031,666381833,42,3496,196936,666381852,7084,13467,3404,666381802,64,3525,
2026-09-30,07:47:46.030,999,1238,666365217,40,3352,1086,666365211,7176,13279,640,666365361,18,3204,742,666365472,33,3234,561,666365426,35,3412,539,666365357,26,3360,196375,666365347,7195,13353,925,666365307,34,3350,
2026-09-30,07:47:47.030,1000,1850,667043532,58,3479,1635,667043586,6610,13416,1028,667043641,38,3295,2157,667043574,45,3283,2059,667043556,43,3497,2327,667042711,44,3484,206234,667042629,6627,13490,1977,667042520,56,3498,
2026-09-30,07:47:48.030,999,1024,666389800,35,3329,739,666389798,7239,13292,744,666389862,34,3229,519,666389837,20,3203,917,666389843,37,3379,445,666388923,23,3354,194564,666388921,7212,13328,789,666388980,41,3363,
2026-09-30,07:47:49.030,999,641,666376780,25,3306,399,666376820,7371,13230,125,666376827,17,3183,186,666376821,15,3167,295,666376838,20,3322,312,666376845,17,3308,197016,666376774,7365,13291,560,666376761,23,3316,
2026-09-30,07:47:50.029,999,431,666371723,17,3284,147,666371739,7063,13218,30,666371804,6,3145,40,666371794,7,3144,267,666371818,7,3327,209,666371841,7,3313,198121,666371924,7075,13273,548,666371894,11,3285,
2026-09-30,07:47:51.030,1000,679,667053574,27,3308,405,667053586,7234,13270,179,667053593,14,3186,556,667053598,13,3171,2151,667053537,19,3342,402,667053604,14,3323,194916,667053011,7250,13338,566,667052983,25,3330,
2026-09-30,07:47:52.030,999,937,666373922,31,3335,272,666373872,6747,13276,181,666373859,17,3182,199,666373829,14,3168,490,666373887,12,3357,145,666373834,13,3340,201687,666373170,6764,13334,925,666373276,24,3356,
2026-09-30,07:47:53.030,999,878,666386410,30,3328,762,666386382,7051,13279,819,666386393,12,3200,1309,666386366,18,3191,306,666386334,15,3362,721,666385644,14,3347,197946,666385723,7072,13322,1401,666385764,23,3346,
2026-09-30,07:47:54.030,1000,1037,667023793,36,3315,1077,667023781,7331,13278,243,667023825,21,3195,490,667023831,26,3185,785,667023836,23,3368,202,667023818,18,3328,196801,667023795,7326,13342,633,667022969,33,3332,
2026-09-30,07:47:55.031,1000,1346,667043817,44,3362,385,667043854,7410,13288,656,667043932,31,3222,813,667043951,28,3220,468,667043988,31,3365,294,667043406,33,3366,191108,667043357,7416,13347,1504,667043288,33,3359,
2026-09-30,07:47:56.031,999,3050,666383277,45,3400,1882,666383290,7577,13335,1312,666383363,32,3277,1610,666383392,31,3283,2687,666383405,26,3411,1404,666382280,33,3403,189569,666382316,7579,13398,1960,666382271,49,3420,
2026-09-30,07:47:57.031,999,648,666374940,25,3331,225,666374970,6941,13250,146,666375003,18,3200,357,666374987,16,3195,699,666375013,15,3367,239,666374942,22,3351,198157,666374881,6941,13323,394,666373907,18,3350,
2026-09-30,07:47:58.031,1000,683,667040019,21,3292,289,667039990,7423,13231,153,667039999,17,3183,74,667039988,11,3157,152,667040030,14,3308,158,667039314,14,3306,193960,667039353,7441,13301,304,667039383,22,3286,
2026-09-30,07:47:59.031,999,136428,666397599,404,12770,138562,666397581,7790,22777,128894,666397567,410,12637,140420,666397562,370,12549,133214,666397568,394,12818,123144,666397586,381,12821,323695,666396765,7801,22729,132555,666396796,398,12677,
2026-09-30,07:48:00.031,999,76836,666379399,297,8041,71384,666379367,7988,18038,64554,666379350,264,7825,70650,666379271,248,7799,75319,666379343,260,8119,73992,666379381,267,8083,260405,666379461,7991,18088,70706,666379448,257,8065,
2026-09-30,07:48:01.032,1000,5107,667053920,102,3779,5215,667053881,7526,13750,5433,667053950,63,3653,3728,667053973,68,3629,5872,667053948,71,3772,4004,667053999,71,3785,198069,667053937,7541,13812,6154,667053004,86,3825,
2026-09-30,07:48:02.032,1000,1745,667003342,78,3457,2056,667003321,7221,13408,1447,667003348,47,3319,1722,667003373,38,3306,1986,667003444,39,3503,1051,667003469,47,3449,197167,667003429,7227,13470,1551,667003410,59,3458,
2026-09-30,07:48:03.032,999,8689,666366103,86,3913,8948,666366124,7512,13872,8164,666366140,72,3801,10629,666366180,63,3771,8004,666366052,71,3916,8104,666366109,61,3909,200680,666366146,7507,13889,8607,666366240,62,3890,
2026-09-30,07:48:04.032,999,1274,666394938,61,3380,762,666394919,6758,13311,1451,666394888,41,3257,1483,666394904,51,3257,753,666394909,44,3444,788,666394778,44,3449,198505,666394863,6784,13368,945,666394978,55,3397,
2026-09-30,07:48:05.032,1000,13730,667073817,188,4317,8728,667073734,7575,14279,11215,667073707,200,4240,13047,667073683,185,4252,10225,667073619,183,4398,11714,667073705,181,4314,199808,667073763,7573,14307,13450,667073806,223,4392,
2026-09-30,07:48:06.032,999,5364,666406050,112,3727,5291,666406115,7313,13659,4190,666406154,85,3567,4870,666406146,87,3562,5118,666406148,89,3740,3334,666406141,103,3741,198238,666406224,7314,13719,4648,666406252,109,3746,
2026-09-30,07:48:07.032,999,2592,666383573,107,3606,2995,666383611,7063,13523,1903,666383622,73,3469,2860,666383610,79,3459,1972,666383570,74,3601,3576,666383661,81,3613,202490,666383077,7096,13630,3241,666383003,90,3611,
2026-09-30,07:48:08.032,999,4620,666373842,78,3618,3040,666373845,7188,13557,2759,666373807,61,3452,3771,666373818,68,3481,3747,666373808,57,3611,2343,666373768,59,3606,198682,666373698,7210,13630,2955,666373606,77,3607,
2026-09-30,07:48:09.032,1000,584,667056955,50,3349,420,667056959,6964,13323,414,667056965,42,3234,654,667056966,43,3223,289,667056967,39,3411,859,667057014,28,3382,198602,667056208,6978,13363,624,667056218,41,3358,
2026-09-30,07:48:10.032,999,2997,666336310,54,3430,2272,666336292,7497,13388,2455,666336309,36,3318,2086,666336322,54,3355,2237,666336302,42,3474,1670,666336398,42,3459,192279,666336411,7527,13439,2218,666336302,46,3446,
2026-09-30,07:48:11.032,999,2563,666359530,65,3459,1216,666359503,6953,13397,2007,666359553,53,3325,2669,666359547,45,3309,1504,666359431,42,3478,1281,666359385,44,3481,197501,666359478,6959,13474,1810,666359426,61,3433,
2026-09-30,07:48:12.032,1000,29893,666988604,80,4375,24080,666988607,6909,14330,23086,666988618,48,4238,28861,666988631,51,4193,18833,666988619,43,4384,26132,666988711,46,4355,224707,666988718,6931,14387,23330,666987909,78,4452,
2026-09-30,07:48:13.032,999,919,666373264,49,3346,341,666373190,7086,13286,755,666373162,30,3241,638,666373149,33,3228,542,666373135,30,3377,558,666373139,27,3365,195740,666373101,7084,13349,1099,666373032,45,3365,
2026-09-30,07:48:14.032,999,485,666378276,51,3327,266,666378300,6966,13272,487,666378324,22,3213,292,666378290,26,3193,511,666378365,22,3381,716,666378327,34,3377,198115,666378289,6985,13365,711,666378209,48,3368,
2026-09-30,07:48:15.033,1000,6127,667044106,128,3851,6387,667044115,7222,13794,6333,667044155,115,3681,6177,667044151,133,3697,6672,667044222,133,3913,5881,667044320,118,3850,204278,667043441,7210,13852,5776,667043454,130,3894,
2026-09-30,07:48:16.032,999,8492,666380153,90,3921,8675,666380138,7687,13777,9704,666380066,63,3746,7379,666380033,77,3763,8043,666380029,75,3878,6901,666380021,66,3899,198977,666379940,7715,13852,9320,666379918,91,3885,
2026-09-30,07:48:17.032,999,1698,666384550,48,3435,1370,666384401,7131,13394,787,666384427,48,3298,663,666384452,37,3278,904,666384498,44,3448,1317,666383700,40,3444,200164,666383760,7089,13432,1881,666383796,50,3467,
2026-09-30,07:48:18.032,999,1756,666384282,59,3370,2235,666384305,7478,13301,1071,666384285,22,3211,721,666384283,28,3224,575,666384324,24,3352,432,666383512,20,3319,191471,666383518,7499,13343,849,666383519,43,3349,
2026-09-30,07:48:19.032,1000,2314,667006829,42,3441,1972,667006808,7056,13389,1865,667006857,32,3319,2037,667006829,38,3301,1135,667006861,48,3479,2105,667006918,41,3472,198670,667006061,7073,13461,2725,667005968,51,3468,
2026-09-30,07:48:20.032,999,1276,666382321,42,3378,1089,666382308,6684,13329,602,666382294,35,3232,653,666382273,27,3242,1325,666382197,38,3425,1728,666382105,34,3414,199378,666381022,6673,13399,706,666380977,38,3406,
2026-09-30,07:48:21.032,999,756,666378341,30,3336,482,666378348,7126,13276,289,666378308,18,3200,579,666378371,19,3210,1056,666378425,22,3366,383,666378364,22,3352,196094,666377525,7110,13338,555,666377495,30,3344,
2026-09-30,07:48:22.033,1000,2647,666984009,64,3468,944,666984044,7079,13391,1467,666984039,55,3351,1525,666984077,43,3315,1718,666984141,46,3494,1275,666984119,54,3477,200412,666984056,7062,13471,2275,666984086,51,3478,
2026-09-30,07:48:23.032,999,1017,666401013,37,3360,607,666401004,7044,13287,701,666401014,29,3219,425,666401023,30,3216,1112,666401113,26,3396,294,666401142,27,3376,198078,666400304,7049,13351,720,666400284,26,3359,
2026-09-30,07:48:24.032,999,1328,666385516,59,3417,1459,666385582,7094,13373,2313,666385564,39,3304,1329,666385563,51,3285,1917,666385559,42,3461,1615,666385651,44,3427,198746,666385537,7111,13444,1732,666384646,54,3450,
2026-09-30,07:48:25.033,1000,1004,667049082,79,3421,1123,667049128,7246,13362,933,667049108,55,3292,1622,667048504,68,3320,1344,667048534,64,3475,1056,667048564,60,3434,196077,667048601,7254,13392,863,667048635,65,3405,
2026-09-30,07:48:26.032,999,1359,666377001,42,3387,630,666376978,7161,13325,957,666376899,31,3277,956,666376923,36,3219,694,666377002,30,3416,539,666376231,36,3404,194360,666376236,7144,13362,1096,666376200,38,3377,
2026-09-30,07:48:27.032,999,4163,666359104,52,3604,2718,666359101,6220,13536,3806,666359093,40,3435,1922,666359093,37,3382,3260,666359002,36,3680,2584,666358911,38,3677,207031,666359003,6234,13633,4650,666359005,43,3634,
2026-09-30,07:48:28.032,999,954,666380440,42,3333,472,666380469,7200,13270,219,666380496,29,3200,312,666380513,22,3190,576,666380557,25,3356,240,666380562,17,3332,192222,666380552,7193,13320,357,666380521,34,3330,
2026-09-30,07:48:29.033,1000,441,667049640,26,3327,174,667049664,6804,13257,363,667049678,11,3182,324,667049706,10,3169,210,667049678,16,3364,241,667048783,13,3352,199890,667048720,6795,13329,612,667048748,20,3333,
2026-09-30,07:48:30.032,999,8830,666364616,97,3895,8503,666364614,7068,13807,8493,666364599,94,3719,8591,666364620,90,3738,8906,666364630,78,3917,9213,666363728,92,3926,208005,666363667,7051,13904,7646,666363566,91,3911,
2026-09-30,07:48:31.032,999,1125,666377947,31,3377,1308,666377949,6639,13347,1325,666377910,28,3231,822,666377905,24,3218,493,666377888,33,3462,736,666378017,30,3404,200265,666378088,6594,13396,1183,666378096,37,3420,
2026-09-30,07:48:32.033,1000,1001,667044564,29,3398,871,667044628,6539,13347,500,667044600,19,3230,698,667044591,31,3223,655,667044571,31,3474,890,667044507,29,3457,203201,667044452,6544,13424,1261,667044534,33,3412,
2026-09-30,07:48:33.033,999,768,666383375,39,3376,1323,666383454,6869,13333,1063,666383478,32,3276,701,666383460,37,3281,558,666383485,35,3433,761,666383462,34,3436,198231,666383449,6882,13391,1522,666382785,38,3411,
2026-09-30,07:48:34.032,999,1257,666404204,29,3355,884,666404152,6835,13300,1424,666404146,31,3220,283,666404137,27,3199,314,666404169,26,3380,528,666404204,24,3373,196677,666404346,6857,13345,968,666404399,31,3351,
2026-09-30,07:48:35.032,999,2296,666383721,41,3435,604,666383668,6621,13353,714,666383585,48,3279,715,666383633,52,3274,1243,666383622,48,3465,922,666383510,47,3458,202822,666383511,6634,13440,1322,666384172,34,3422,
2026-09-30,07:48:36.033,1000,318338,667188735,778,24110,322703,667188732,7832,34133,324554,667188739,754,23777,322162,667188742,789,23927,328181,667188749,763,23902,324790,667188766,773,24050,524888,667188790,7793,34393,341218,667188802,768,24180,
2026-09-30,07:48:37.033,999,25186,666403517,137,5014,22846,666403555,6508,14951,22607,666403544,104,4772,26758,666403541,122,4818,22273,666403556,121,5028,24222,666403541,123,4976,226454,666403481,6520,14985,24014,666403476,109,5024,
2026-09-30,07:48:38.032,999,20649,666359934,136,4890,20646,666360007,6961,14886,20630,666360011,130,4799,21643,666360007,122,4796,22711,666359999,117,4997,20617,666360007,111,4902,218084,666359992,6995,14928,21740,666359992,130,4981,
2026-09-30,07:48:39.032,999,6886,666355452,98,3900,5170,666355454,7111,13846,4644,666355474,77,3769,3541,666355624,78,3649,4287,666355711,78,3877,3386,666355701,90,3864,200956,666355685,7080,13871,6350,666355758,111,3915,
2026-09-30,07:48:40.033,1000,5812,667049728,110,3771,4797,667049783,7072,13687,4982,667049719,98,3617,4634,667049772,91,3622,5398,667049865,82,3814,4029,667049901,106,3775,200740,667049924,7095,13799,3231,667048977,107,3758,
2026-09-30,07:48:41.033,999,4142,666388973,88,3667,4701,666388973,6912,13647,3845,666388976,71,3554,4282,666389012,76,3568,2705,666389060,60,3707,4015,666388322,69,3747,200486,666388364,6924,13656,4258,666388264,70,3676,
2026-09-30,07:48:42.032,999,16823,666398416,127,4279,15437,666398423,7252,14311,16431,666398411,117,4172,16145,666398398,125,4150,15715,666398402,134,4328,14036,666397502,106,4315,209655,666397497,7273,14284,18563,666397467,123,4248,
2026-09-30,07:48:43.032,999,2619,666363348,70,3542,3163,666363355,6489,13492,1673,666363380,63,3377,1626,666363416,76,3368,1617,666363441,69,3585,2203,666362522,63,3583,202053,666362602,6512,13570,3169,666362640,67,3582,
2026-09-30,07:48:44.033,1000,4653,667008239,84,3616,3051,667008333,6525,13538,1763,667008337,56,3390,2397,667008350,58,3413,2571,667008362,56,3602,2475,667008369,57,3632,200526,667007755,6528,13609,2702,667007820,87,3613,
2026-09-30,07:48:45.032,999,26783,666378768,178,5044,27359,666378818,7289,15070,25963,666378778,172,5030,26733,666378764,166,4915,28875,666378848,165,5194,27066,666378922,178,5174,219783,666378927,7277,15148,26396,666379004,165,5152,
2026-09-30,07:48:46.032,999,7256,666357246,95,3830,5268,666357272,6848,13739,5232,666357303,83,3674,5919,666357281,87,3655,6899,666357331,85,3862,6280,666357344,94,3870,207171,666357404,6847,13803,6573,666357472,85,3801,
2026-09-30,07:48:47.033,1000,3215,667068233,83,3606,2525,667068279,6952,13561,2285,667068316,78,3477,2367,667068308,79,3441,2600,667068312,76,3650,2999,667068287,81,3679,203013,667068332,6951,13602,2054,667068305,85,3641,
2026-09-30,07:48:48.033,999,1952,666389861,64,3492,1284,666389882,6697,13412,1021,666389923,66,3334,1514,666389973,63,3342,1106,666389936,72,3521,1512,666389947,64,3503,204393,666390061,6717,13492,1446,666390163,58,3486,
2026-09-30,07:48:49.032,999,1524,666402317,63,3447,1604,666402284,6973,13392,1744,666402278,39,3302,1568,666402272,35,3293,1881,666402249,35,3477,1369,666402328,38,3469,199602,666402312,6979,13442,2319,666402308,45,3450,
2026-09-30,07:48:50.032,999,1945,666393251,44,3433,1136,666393219,7322,13371,1776,666393168,46,3341,1979,666393186,53,3334,1777,666393207,49,3485,1174,666393253,47,3474,193347,666393239,7347,13473,2437,666393312,46,3438,
2026-09-30,07:48:51.033,1000,2393,667122730,49,3473,1667,667122755,6783,13414,1778,667122825,46,3312,1109,667122815,34,3263,1054,667122839,44,3469,1480,667122899,40,3470,201304,667122866,6776,13476,1931,667122908,45,3477,
2026-09-30,07:48:52.033,999,1919,666401031,57,3491,1469,666401017,7239,13427,1308,666400981,52,3356,2151,666400930,52,3340,1587,666400889,59,3485,2982,666400900,47,3484,194256,666400820,7212,13488,3585,666400812,52,3511,
2026-09-30,07:48:53.033,999,2006,666402082,67,3496,2072,666402070,7494,13445,2028,666402078,52,3378,1843,666402093,46,3348,1563,666402088,54,3510,1459,666402022,56,3482,194879,666401919,7513,13508,2768,666401859,58,3479,
2026-09-30,07:48:54.032,999,1551,666377718,42,3428,1228,666377698,7044,13359,928,666377662,29,3272,572,666377642,40,3248,1551,666377645,32,3454,1242,666376719,34,3437,197135,666376693,7032,13430,1414,666376630,53,3458,
2026-09-30,07:48:55.033,1000,3633,667052363,79,3565,2539,667052445,6677,13566,3300,667052433,93,3443,1546,667052449,92,3443,2956,667052388,93,3637,2267,667052427,84,3634,204184,667050892,6678,13593,3216,667050889,75,3604,
2026-09-30,07:48:56.033,999,1192,666379368,44,3411,917,666379419,6846,13364,677,666379447,39,3272,1050,666379481,38,3248,1486,666379452,38,3441,1310,666378820,46,3441,198975,666378715,6844,13418,1079,666378689,47,3433,
2026-09-30,07:48:57.032,999,15880,666393448,35,3868,14491,666393479,7264,13818,14205,666393464,25,3752,13917,666393455,22,3755,10429,666393471,26,3906,12457,666393461,23,3891,207246,666392541,7263,13860,15695,666392484,32,3886,
2026-09-30,07:48:58.033,1000,12257,667041334,44,4037,14577,667041342,6925,14002,15046,667041378,34,3913,18812,667041374,34,3939,14160,667041403,42,4105,17115,667041456,43,4122,212534,667041453,6961,14092,16406,667041354,43,4104,
2026-09-30,07:48:59.033,999,1381,666377407,60,3428,1052,666377415,6922,13358,640,666377488,39,3289,1174,666377480,42,3279,809,666377494,39,3452,831,666377547,45,3439,199680,666377533,6911,13428,1060,666376492,54,3455,
2026-09-30,07:49:00.033,999,4742,666390793,71,3698,4511,666390843,6880,13618,5167,666390879,61,3536,4063,666390877,56,3550,5128,666390918,63,3724,5909,666390949,51,3731,205082,666390907,6873,13713,4845,666390120,81,3726,
2026-09-30,07:49:01.032,999,1561,666390006,62,3443,1265,666390036,7427,13385,1075,666390010,44,3303,1993,666389964,41,3323,1505,666389919,26,3431,1623,666389941,47,3448,193296,666389078,7459,13410,1619,666388918,48,3453,
2026-09-30,07:49:02.033,1000,1696,667039857,38,3377,1398,667039992,7660,13356,1158,667040050,29,3279,640,667040087,27,3266,1083,667040212,25,3429,1426,667040340,24,3392,191374,667040314,7649,13397,1641,667040355,35,3405,
2026-09-30,07:49:03.033,999,2058,666387827,57,3459,1055,666387882,6746,13418,1762,666387874,51,3360,1880,666387821,47,3316,1270,666387802,44,3524,1624,666387791,62,3512,201335,666387876,6770,13490,1311,666387860,54,3490,
2026-09-30,07:49:04.033,999,1512,666390719,50,3375,1454,666390754,7224,13324,826,666390746,22,3233,1080,666390745,30,3231,767,666390735,32,3394,629,666390769,23,3365,196924,666390814,7230,13371,954,666390960,44,3368,
2026-09-30,07:49:05.033,1000,4553,667087285,114,3751,4613,667087243,7334,13714,4881,667087228,110,3646,3799,667087265,99,3567,4218,667087250,96,3759,3958,667087285,83,3744,198369,667087309,7355,13720,6035,667087365,110,3769,
2026-09-30,07:49:06.034,1000,3071,667061572,76,3507,2607,667061521,7786,13439,2257,667061538,73,3385,1670,667061550,68,3382,2578,667061571,63,3510,1610,667061597,65,3508,190599,667061580,7797,13513,1959,667061657,84,3518,
2026-09-30,07:49:07.034,999,2599,666350988,57,3486,2426,666350972,7231,13452,3814,666350903,51,3370,1883,666350912,48,3338,4427,666350935,42,3539,3035,666350888,42,3498,197350,666350889,7240,13502,2646,666350925,54,3530,
2026-09-30,07:49:08.033,999,1787,666355163,55,3419,2545,666355147,7540,13389,2147,666355107,37,3327,1806,666355112,36,3320,1420,666355106,32,3446,1631,666355097,33,3452,195378,666355194,7510,13442,1525,666355191,47,3437,
2026-09-30,07:49:09.034,1000,448,667047127,37,3329,124,667047155,6874,13277,153,667047142,18,3181,569,667047151,18,3184,704,667047174,24,3376,326,667046489,27,3367,203658,667046517,6872,13337,274,667046433,28,3322,
2026-09-30,07:49:10.034,999,1098,666337355,28,3282,329,666337329,7373,13232,69,666337374,9,3159,180,666337415,15,3163,166,666337416,12,3314,472,666336727,18,3313,193928,666336737,7375,13296,434,666336742,29,3304,
2026-09-30,07:49:11.034,999,1876,666377939,50,3382,564,666377913,7395,13313,1279,666377964,28,3256,1309,666377977,28,3261,1096,666378007,37,3420,1280,666378101,27,3399,190998,666378071,7407,13373,1465,666378047,47,3372,
2026-09-30,07:49:12.034,1000,1815,667046217,72,3480,946,667046270,7195,13405,1061,667046269,54,3334,1349,667046261,41,3303,1270,667046345,34,3468,1420,667046276,43,3460,196847,667046360,7219,13464,2275,667045665,58,3473,
2026-09-30,07:49:13.034,999,838,666364427,30,3314,294,666364454,7153,13280,198,666364503,14,3187,344,666364496,13,3200,397,666364488,18,3332,839,666364491,15,3332,195175,666363661,7153,13310,448,666363703,31,3349,
2026-09-30,07:49:14.034,999,766,666380360,29,3312,140,666380352,7033,13256,295,666380371,9,3172,190,666380437,14,3173,384,666380489,14,3328,625,666380555,14,3337,196121,666380456,7031,13314,522,666380342,23,3333,
2026-09-30,07:49:15.033,999,4711,666354845,83,3611,5698,666354830,7097,13561,3807,666354818,70,3468,3414,666354821,73,3475,4032,666354845,77,3647,4168,666354849,63,3644,201427,666354852,7085,13595,3709,666354907,87,3615,
2026-09-30,07:49:16.034,1000,1203,667041117,51,3380,1054,667041180,7057,13333,756,667041225,30,3218,358,667041226,41,3233,344,667041216,36,3409,502,667041212,31,3387,197476,667041109,7072,13383,982,667041094,50,3376,
2026-09-30,07:49:17.034,999,2128,666362645,43,3386,1512,666362630,6777,13351,955,666362726,30,3254,700,666362824,36,3266,1146,666362790,36,3449,777,666362012,33,3413,199395,666362026,6761,13375,935,666362053,46,3426,
2026-09-30,07:49:18.034,999,691,666359916,22,3280,357,666359959,6953,13235,72,666359931,8,3153,334,666359995,13,3163,148,666360043,16,3342,211,666359915,21,3346,196299,666359865,6951,13285,239,666358851,27,3324,
2026-09-30,07:49:19.034,1000,2086,667057506,32,3408,764,667057501,6666,13374,1257,667057520,24,3264,887,667057568,26,3236,825,667057611,28,3472,1227,667056646,28,3461,202089,667056697,6652,13414,1618,667056682,32,3449,
2026-09-30,07:49:20.034,999,997,666374053,36,3341,407,666374059,6407,13283,204,666374085,16,3179,237,666374074,15,3164,264,666374086,22,3401,280,666374177,13,3375,203373,666374260,6414,13356,428,666374244,29,3354,
2026-09-30,07:49:21.034,999,1204,666376975,22,3337,212,666376989,6619,13284,147,666376965,15,3184,251,666376947,22,3175,619,666377025,20,3382,462,666376901,20,3362,200964,666376987,6636,13333,312,666377046,23,3343,
2026-09-30,07:49:22.035,1000,1079,667061478,24,3376,602,667059873,6611,13323,437,667059894,12,3208,861,667059936,13,3224,648,667059956,12,3410,674,667059996,8,3429,202940,667059190,6618,13382,998,667059153,20,3397,
2026-09-30,07:49:23.035,1000,1880,667020689,46,3409,957,667020671,7099,13345,1138,667020629,25,3239,1300,667020600,38,3261,1442,667020612,36,3443,730,667020636,36,3409,195278,667020632,7123,13423,1801,667020668,40,3420,
2026-09-30,07:49:24.035,999,878,666390235,44,3345,1008,666390273,7331,13286,423,666390310,22,3224,718,666390288,21,3210,755,666390250,30,3373,528,666390237,23,3344,194258,666390166,7364,13339,598,666390219,39,3341,
2026-09-30,07:49:25.035,999,869,666385395,44,3374,563,666385379,6477,13321,406,666385301,38,3222,799,666385250,29,3205,332,666385151,41,3432,340,666385161,35,3419,202033,666385221,6507,13393,845,666385176,40,3409,
2026-09-30,07:49:26.035,1000,879,667029980,32,3353,882,667029973,6979,13288,284,667029924,21,3198,408,667029965,21,3208,834,667030022,28,3373,302,667030082,26,3361,195207,667030048,7014,13380,503,667029150,29,3361,
2026-09-30,07:49:27.035,999,12950,666383071,31,3933,16803,666383053,6161,13888,14978,666383091,31,3802,11559,666383088,35,3816,13375,666383126,30,4019,13522,666382288,34,4024,219141,666382315,6159,13962,13504,666382344,40,3985,
2026-09-30,07:49:28.035,999,3097,666370079,49,3471,1759,666370100,6939,13455,1252,666370047,41,3355,1980,666370032,27,3312,2244,666369981,43,3554,1759,666369316,47,3526,201267,666369362,6935,13522,2087,666369401,58,3544,
2026-09-30,07:49:29.036,1000,1038,667041066,37,3374,598,667041037,6285,13319,299,667041040,20,3195,648,667041061,16,3179,601,667041112,26,3420,353,667039816,26,3415,204434,667039938,6270,13365,844,667039965,32,3404,
2026-09-30,07:49:30.036,1000,16989,667029816,58,4085,21466,667029808,7294,14011,16657,667029787,38,3922,16171,667029791,36,3934,16756,667029792,40,4127,19029,667029877,36,4092,210553,667029835,7310,14078,19574,667029870,58,4105,
2026-09-30,07:49:31.036,999,1143,666360539,48,3465,1374,666360604,6471,13377,1798,666360642,42,3318,1369,666360657,32,3287,1382,666360636,39,3516,1507,666360635,38,3517,204014,666360618,6486,13471,1108,666360620,42,3480,
2026-09-30,07:49:32.036,999,3079,666382170,33,3516,2593,666382153,7216,13450,2850,666382096,26,3388,2635,666382095,24,3373,2948,666382053,30,3574,3370,666382013,25,3529,199953,666381455,7202,13545,4694,666381445,35,3542,
2026-09-30,07:49:33.036,1000,996,667047918,41,3392,888,667047870,6766,13329,992,667047894,27,3226,823,667047857,27,3224,500,667047777,27,3402,472,667047791,24,3380,202410,667047751,6789,13381,921,667047661,33,3386,
2026-09-30,07:49:34.036,999,2448,666353979,44,3357,720,666353939,7105,13286,540,666353936,30,3246,449,666353941,28,3211,596,666353986,29,3398,932,666354007,29,3394,195680,666354084,7137,13371,1622,666354064,36,3383,
2026-09-30,07:49:35.036,999,2697,666382780,72,3533,3477,666382834,7024,13478,3698,666382790,65,3406,2382,666382839,62,3385,2412,666382871,69,3578,2362,666382922,57,3563,201748,666382960,7007,13505,2214,666382961,72,3571,
2026-09-30,07:49:36.037,1000,1382,667044084,48,3396,1116,667044130,7607,13347,1179,667044166,27,3254,837,667044127,28,3246,970,667044121,34,3409,744,667044128,36,3375,190279,667043232,7606,13400,1162,667043260,38,3406,
2026-09-30,07:49:37.036,999,713,666375352,23,3325,528,666375408,6434,13264,271,666375424,11,3163,166,666375422,10,3157,163,666375406,15,3378,79,666375495,14,3380,198449,666374460,6431,13327,541,666374319,24,3344,
2026-09-30,07:49:38.036,999,2313,666387130,40,3360,1564,666387109,7378,13310,1052,666387134,35,3269,870,666387139,25,3220,1061,666387185,29,3414,441,666386386,23,3382,195462,666386427,7369,13376,1178,666386362,44,3369,
2026-09-30,07:49:39.036,999,1009,666370790,30,3381,302,666370874,6142,13304,1029,666370868,23,3198,298,666370881,23,3195,719,666370943,23,3419,506,666370926,19,3407,209435,666370994,6143,13396,771,666370042,34,3409,
2026-09-30,07:49:40.037,1000,1685,667046497,52,3380,1181,667046600,6980,13341,1114,667046631,37,3267,360,667046623,27,3223,1065,667046651,40,3436,525,667046615,35,3407,197699,667046091,7002,13387,1012,667046098,40,3373,
2026-09-30,07:49:41.036,999,997,666385658,56,3385,713,666385635,6714,13315,1387,666385643,29,3243,736,666385653,27,3239,1049,666385606,26,3445,1415,666385654,31,3418,203741,666384966,6720,13383,744,666384966,46,3398,
2026-09-30,07:49:42.036,999,455,666383397,24,3262,73,666383424,7648,13210,294,666383436,11,3168,82,666383415,9,3148,99,666383378,11,3286,103,666383366,14,3280,189106,666382777,7637,13262,471,666382744,20,3262,
2026-09-30,07:49:43.037,1000,866,667043340,31,3369,629,667043338,6363,13321,388,667043366,17,3208,988,667043376,15,3201,539,667043297,20,3423,785,667042134,16,3417,204332,667042154,6360,13369,488,667042136,29,3377,
2026-09-30,07:49:44.036,999,1253,666351572,31,3355,512,666351540,6969,13285,438,666351528,23,3203,721,666351546,28,3220,510,666351568,17,3371,1043,666351589,23,3377,200191,666350777,6982,13341,881,666350833,29,3354,
2026-09-30,07:49:45.036,999,2633,666380282,69,3538,2630,666380217,6916,13439,2424,666380226,47,3377,2045,666380230,53,3373,2184,666380269,59,3557,2322,666380362,54,3535,201549,666379482,6911,13527,3006,666379545,74,3566,
2026-09-30,07:49:46.036,999,840,666367997,40,3358,816,666367953,7201,13299,1587,666367923,32,3258,995,666367931,28,3234,1297,666367981,31,3425,1162,666367955,40,3415,195901,666366987,7208,13402,1296,666367006,41,3406,
2026-09-30,07:49:47.037,1000,1496,667022025,43,3378,478,667021974,7016,13313,546,667021966,28,3238,577,667021940,22,3218,839,667021932,34,3418,606,667021934,28,3406,197697,667022013,7042,13397,635,667021985,34,3396,
2026-09-30,07:49:48.036,999,962,666373248,36,3346,551,666373264,6997,13272,257,666373288,19,3184,542,666373289,33,3208,1059,666373252,16,3368,689,666373282,20,3359,197444,666373319,7011,13338,1491,666373444,29,3354,
2026-09-30,07:49:49.036,999,698,666390860,26,3320,615,666390910,6812,13283,311,666390885,8,3174,613,666390882,9,3173,320,666390889,13,3376,747,666390199,21,3375,195650,666390331,6823,13318,423,666390284,22,3354,
2026-09-30,07:49:50.037,1000,1089,667020055,37,3345,435,667020070,7102,13314,378,667020061,22,3220,950,667020031,20,3213,794,667019969,18,3393,312,667020026,19,3359,195741,667020049,7113,13338,488,667020011,27,3355,
2026-09-30,07:49:51.036,999,1440,666373456,50,3370,2012,666373419,7648,13335,1480,666373429,33,3275,852,666373501,39,3248,1393,666373564,45,3406,1637,666373584,40,3389,192936,666372800,7627,13364,1847,666372876,57,3413,
2026-09-30,07:49:52.036,999,2139,666380903,42,3391,1054,666380874,7303,13346,764,666380901,27,3246,1489,666380934,27,3235,1011,666380949,30,3399,886,666380356,30,3376,194557,666380410,7315,13380,1097,666380363,45,3403,
2026-09-30,07:49:53.037,1000,812,667034889,34,3328,660,667034912,7421,13311,542,667034973,30,3245,1757,667034921,28,3213,691,667034935,27,3382,351,667034232,27,3346,196458,667034260,7405,13360,788,667034149,38,3367,
2026-09-30,07:49:54.037,999,773,666380787,17,3299,421,666380816,7240,13229,313,666380824,13,3168,53,666380815,9,3144,63,666380878,8,3303,66,666380873,11,3296,192241,666380050,7266,13292,644,666380049,20,3296,
2026-09-30,07:49:55.036,999,1132,666392955,53,3349,1098,666393038,7420,13276,400,666393081,28,3221,424,666393077,32,3222,499,666393086,36,3373,536,666393308,24,3326,194204,666393500,7438,13342,987,666393428,36,3331,
2026-09-30,07:49:56.036,999,53667,666386225,117,7034,51028,666386264,7843,16938,49197,666386222,110,6904,53579,666386192,101,6810,52265,666386155,123,7018,45958,666386109,133,6922,237610,666386003,7838,16957,48741,666385905,109,6989,
2026-09-30,07:49:57.037,1000,2071,667034576,66,3564,1813,667034577,7113,13487,2639,667034687,53,3423,2665,667034797,35,3366,2378,667034754,43,3573,2516,667034779,49,3578,198657,667034732,7115,13529,2028,667034720,56,3549,
2026-09-30,07:49:58.037,999,2596,666381995,51,3469,1556,666381944,7360,13396,1879,666381956,43,3348,1717,666381975,32,3322,2151,666381974,23,3456,2155,666382025,34,3471,195469,666381288,7350,13447,3487,666381247,43,3453,
2026-09-30,07:49:59.036,999,996,666380405,51,3391,1033,666380439,7166,13337,1351,666380470,42,3295,892,666380491,41,3275,1933,666380459,38,3439,1739,666379635,41,3425,198841,666379604,7136,13391,881,666379642,50,3409,
2026-09-30,07:50:00.037,1000,774,667056833,38,3324,386,667056774,7149,13283,159,667056788,25,3188,454,667056748,22,3190,290,667056778,21,3354,278,667056791,26,3340,197633,667056840,7139,13338,681,667056918,36,3324,
2026-09-30,07:50:01.038,1000,3420,667025511,52,3523,3386,667025549,7035,13466,2816,667025525,32,3410,2966,667025526,43,3386,2980,667025522,26,3562,3119,667025479,27,3517,197419,667024677,7078,13532,4529,667024638,47,3546,
2026-09-30,07:50:02.037,999,2233,666351639,48,3418,1275,666351630,6938,13351,1690,666351627,31,3271,590,666351683,34,3236,817,666351715,34,3433,946,666351704,40,3427,199833,666350947,6914,13410,1076,666351013,41,3430,
2026-09-30,07:50:03.037,999,1127,666377328,40,3328,830,666377376,7644,13255,308,666377410,21,3200,432,666377432,20,3179,399,666377531,20,3313,295,666376705,19,3322,190094,666376622,7629,13274,1444,666376553,29,3313,
2026-09-30,07:50:04.038,1000,561,667043741,49,3329,890,667043695,7395,13274,362,667043648,24,3213,429,667043608,28,3204,351,667043630,28,3331,920,667042968,40,3360,191640,667042918,7396,13320,512,667042821,39,3342,
2026-09-30,07:50:05.038,999,5612,666374573,110,3769,4036,666374585,7533,13693,4293,666374587,87,3658,4759,666374613,91,3659,6406,666374586,97,3818,5208,666374581,103,3783,197356,666374529,7539,13746,7068,666374516,114,3801,
2026-09-30,07:50:06.037,999,2156,666389324,44,3402,1643,666389388,7215,13332,565,666389457,38,3236,518,666389463,34,3245,795,666389481,34,3407,924,666389508,29,3400,195964,666389485,7235,13386,1138,666388406,41,3412,
2026-09-30,07:50:07.038,1000,1399,667028780,41,3401,1255,667028658,6845,13357,821,667028719,34,3265,734,667028684,32,3246,766,667028632,42,3446,991,667028655,33,3446,200169,667028582,6859,13406,1577,667027509,40,3414,
2026-09-30,07:50:08.038,999,1473,666368059,54,3394,585,666368025,7840,13306,827,666368035,38,3258,1331,666368056,44,3261,594,666368021,38,3375,1097,666368001,36,3370,188388,666368002,7826,13345,1915,666367981,44,3351,
2026-09-30,07:50:09.037,999,817,666380641,33,3308,382,666380656,7064,13238,147,666380667,12,3166,106,666380693,12,3163,205,666380676,16,3350,216,666380734,17,3329,196184,666379941,7074,13299,277,666379893,28,3310,
2026-09-30,07:50:10.037,999,456,666369743,29,3268,200,666369817,7440,13218,133,666368788,22,3177,363,666368818,13,3156,335,666368848,14,3302,255,666368970,12,3291,189136,666368887,7448,13275,400,666368808,28,3286,
2026-09-30,07:50:11.038,1000,1545,667046478,49,3400,1276,667046426,7031,13349,1506,667046494,45,3289,751,667046508,34,3239,948,667046494,37,3428,986,667045975,27,3388,197475,667045939,7039,13395,710,667045814,46,3388,
2026-09-30,07:50:12.038,999,817,666385824,37,3357,443,666385846,6698,13292,816,666385822,24,3204,417,666385807,21,3192,778,666385809,20,3396,265,666385807,19,3392,204978,666384981,6707,13378,740,666384922,34,3365,
2026-09-30,07:50:13.037,999,1966,666395183,34,3345,452,666395194,7014,13287,541,666395183,28,3212,1076,666395219,28,3207,378,666395225,32,3395,632,666395293,23,3371,195093,666394361,7055,13365,544,666394426,38,3361,
2026-09-30,07:50:14.038,1000,832,667061348,24,3321,209,667061361,6460,13291,299,667060777,16,3179,144,667060780,13,3173,184,667060792,12,3414,281,667060856,17,3390,202535,667060844,6480,13354,334,667060773,30,3349,
2026-09-30,07:50:15.038,999,958,666385654,53,3402,1262,666385618,6162,13370,572,666385646,56,3259,862,666385656,44,3242,776,666385694,50,3475,652,666385003,44,3466,204524,666385025,6186,13448,1871,666385102,52,3462,
2026-09-30,07:50:16.038,999,4895,666379185,63,3583,2978,666379143,7245,13523,3434,666379163,62,3428,3393,666379140,56,3432,2833,666379172,57,3594,3955,666379242,60,3570,202248,666379256,7210,13573,2839,666379348,73,3600,
2026-09-30,07:50:17.037,999,1493,666383127,55,3406,1083,666383123,7113,13365,2085,666383092,33,3279,1838,666383073,42,3256,1930,666383095,33,3421,1223,666382512,44,3427,197685,666382507,7105,13396,1441,666382538,47,3432,
2026-09-30,07:50:18.038,1000,1200,667056479,40,3353,724,667056586,7462,13287,420,667056619,44,3239,328,667056630,28,3214,845,667056640,35,3375,822,667056707,32,3361,191389,667056794,7486,13352,1145,667056027,33,3349,
2026-09-30,07:50:19.038,999,682,666387176,47,3365,816,666387194,6604,13303,604,666387185,34,3225,695,666387210,27,3216,756,666387279,27,3397,554,666387361,20,3397,202125,666387408,6600,13358,402,666387389,38,3381,
2026-09-30,07:50:20.038,999,685,666423171,28,3313,224,666423119,6946,13271,345,666423179,15,3176,478,666423176,23,3191,150,666423192,19,3355,203,666423215,16,3338,198526,666423332,6920,13314,592,666423424,30,3331,
2026-09-30,07:50:21.037,999,738,666393093,39,3328,846,666393174,7109,13249,356,666393240,20,3181,172,666393233,15,3172,245,666393325,23,3345,483,666393377,17,3345,195316,666393359,7106,13320,806,666393397,25,3332,
2026-09-30,07:50:22.038,1000,1006,667057826,19,3315,238,667057815,7061,13262,117,667057845,14,3181,152,667057820,17,3169,482,667057812,16,3348,144,667057859,11,3331,195117,667057915,7059,13317,703,667057956,18,3322,
2026-09-30,07:50:23.038,999,758,666385727,27,3314,1352,666385781,7110,13260,247,666385784,20,3194,219,666385823,14,3176,350,666385815,21,3352,1097,666385934,19,3341,196721,666385981,7116,13322,487,666386206,27,3333,
2026-09-30,07:50:24.038,999,1093,666377385,37,3344,735,666377361,6749,13301,640,666377369,20,3207,405,666377333,23,3212,368,666377313,15,3407,1108,666377288,19,3386,199952,666376554,6759,13350,1222,666376549,27,3371,
2026-09-30,07:50:25.038,1000,1341,667045030,49,3397,775,667045069,6634,13334,516,667045055,42,3233,366,667045031,32,3222,419,667044983,37,3419,1089,667044901,30,3412,204324,667044845,6630,13414,1570,667044727,49,3410,
2026-09-30,07:50:26.038,999,769,666381179,30,3337,844,666381217,7381,13273,1322,666381209,16,3206,782,666381216,20,3217,489,666381236,18,3340,573,666381344,22,3342,191211,666380807,7377,13314,679,666380840,32,3324,
2026-09-30,07:50:27.038,999,668,666378546,14,3303,287,666378622,6501,13249,66,666378614,10,3152,117,666378640,9,3152,313,666378678,15,3387,199,666378733,17,3377,199136,666378807,6537,13311,708,666377991,12,3325,
2026-09-30,07:50:28.037,999,617,666378555,22,3308,181,666378616,7089,13252,99,666378634,8,3164,190,666378612,18,3171,166,666378643,16,3350,372,666378541,19,3334,195751,666378611,7098,13309,811,666378657,28,3331,
2026-09-30,07:50:29.038,1000,927,667047384,25,3318,626,667047373,6984,13267,344,667047338,13,3186,238,667047312,15,3182,411,667047390,19,3363,266,667046519,14,3347,194481,667046599,6988,13329,793,667046699,16,3341,
2026-09-30,07:50:30.038,999,874,666405224,42,3358,1839,666405209,7352,13319,742,666405204,25,3246,1273,666405221,35,3231,910,666405232,41,3421,585,666405234,46,3393,196090,666405391,7344,13385,906,666405489,48,3406,
2026-09-30,07:50:31.038,999,2151,666396330,35,3424,1529,666396337,6498,13373,1048,666396383,11,3252,1536,666396398,21,3254,1810,666396355,19,3478,2526,666396332,17,3476,204308,666396403,6485,13432,1783,666396483,25,3451,
2026-09-30,07:50:32.037,999,1687,666395937,43,3362,1247,666395836,7330,13311,439,666395809,29,3245,572,666395823,38,3238,1228,666395813,26,3393,727,666395805,30,3361,194489,666395862,7307,13360,1742,666395957,35,3352,
2026-09-30,07:50:33.038,1000,563,667017307,34,3353,703,667017273,6806,13299,378,667017273,30,3207,275,667017252,24,3197,699,667017272,22,3399,322,667017278,24,3387,196958,667017357,6807,13365,545,667017325,35,3377,
2026-09-30,07:50:34.038,999,20853,666389751,33,4146,20640,666389784,7244,14077,20542,666389816,19,3997,19623,666389839,27,3939,17787,666389878,24,4138,21412,666389010,24,4139,217762,666388947,7258,14096,22313,666388921,33,4187,
2026-09-30,07:50:35.038,999,1647,666360286,86,3512,2004,666360283,7579,13440,3151,666360307,83,3447,2647,666360326,78,3424,1549,666360335,78,3550,2112,666360332,91,3569,194994,666360337,7595,13538,3658,666360283,101,3564,
2026-09-30,07:50:36.038,1000,4529,667045471,70,3649,4457,667045424,7795,13597,4724,667045442,59,3541,4130,667045469,60,3535,3851,667045468,56,3659,4290,667045492,55,3636,194671,667045415,7797,13651,3384,667044491,75,3676,
2026-09-30,07:50:37.038,999,855,666385471,41,3341,285,666385448,7068,13285,251,666385460,27,3194,129,666385438,16,3191,167,666385446,20,3354,317,666385407,23,3371,198077,666384637,7085,13343,902,666384661,26,3345,
2026-09-30,07:50:38.038,999,1775,666396607,44,3379,829,666396589,7371,13324,1122,666394795,32,3261,705,666394797,36,3267,1039,666394788,30,3413,896,666394848,36,3425,195182,666394848,7380,13374,1132,666394827,41,3378,
2026-09-30,07:50:39.038,999,850,666405136,34,3322,403,666405170,7123,13270,369,666405218,18,3188,184,666405212,15,3167,562,666405202,27,3360,662,666405290,21,3344,197184,666405285,7133,13340,440,666404434,34,3341,
2026-09-30,07:50:40.038,1000,612,667061504,26,3307,237,667061537,7402,13261,508,667061494,20,3207,289,667061494,18,3192,464,667061525,24,3336,852,667061546,25,3337,195349,667061464,7414,13326,503,667061469,34,3320,
2026-09-30,07:50:41.038,999,2335,666394892,50,3519,2805,666394864,6863,13476,2460,666394883,56,3388,2543,666394922,46,3402,2545,666394951,59,3578,1888,666394916,46,3556,197948,666394946,6870,13514,2952,666394979,59,3572,
2026-09-30,07:50:42.038,999,1380,666395845,22,3315,376,666395871,6955,13254,189,666395877,15,3186,166,666395862,14,3181,305,666395804,14,3357,357,666395784,12,3346,198529,666395894,6935,13326,588,666395848,16,3336,
2026-09-30,07:50:43.038,999,861,666359423,36,3344,432,666359432,7580,13267,814,666359416,25,3212,311,666359425,30,3214,529,666359446,27,3337,754,666359377,18,3329,191679,666358493,7543,13311,1588,666358446,28,3326,
2026-09-30,07:50:44.038,1000,500,667046891,32,3318,207,667046861,7369,13248,225,667046944,20,3186,490,667046947,17,3182,284,667046915,25,3355,632,667046285,24,3336,192705,667046264,7392,13332,529,667046256,26,3327,
2026-09-30,07:50:45.038,999,1190,666388208,51,3357,801,666388239,7083,13305,977,666388220,37,3218,1165,666388202,35,3220,495,666388221,38,3382,649,666387356,26,3353,195847,666387388,7095,13358,1166,666387345,42,3372,
2026-09-30,07:50:46.038,999,3387,666380198,56,3514,2040,666380137,7256,13466,2413,666380131,45,3371,3151,666380130,42,3381,3488,666380126,40,3550,3273,666378105,44,3540,197475,666378130,7251,13504,3476,666378156,54,3545,
2026-09-30,07:50:47.038,1000,770,667048663,50,3362,615,667048630,7214,13318,627,667048682,37,3245,1042,667048678,46,3223,990,667048682,33,3378,647,667048787,44,3379,198738,667048811,7190,13352,962,667048801,49,3387,
2026-09-30,07:50:48.038,999,744,666379988,25,3289,395,666379947,7786,13218,460,666379898,21,3192,620,666379888,22,3187,252,666379820,19,3301,726,666379262,17,3293,191573,666379277,7772,13282,1371,666379241,19,3289,
2026-09-30,07:50:49.038,999,1017,666375534,19,3306,509,666375498,6934,13258,721,666375457,17,3194,155,666375442,14,3170,222,666375425,7,3345,437,666374721,12,3346,195920,666374821,6944,13313,1761,666374799,18,3335,
2026-09-30,07:50:50.038,999,773,666375227,41,3351,916,666375280,7562,13293,739,666375326,23,3245,1262,666375322,19,3257,1197,666375373,20,3387,1323,666375475,25,3380,191316,666375462,7578,13380,1678,666375420,34,3388,
2026-09-30,07:50:51.038,1000,744,667040639,28,3300,572,667040655,7704,13260,374,667040693,23,3201,420,667040688,22,3197,478,667040670,23,3315,491,667040098,29,3308,189542,667040150,7741,13306,908,667040159,28,3318,
2026-09-30,07:50:52.038,999,1477,666361213,39,3363,1442,666361193,7093,13324,625,666361215,30,3232,2091,666361234,25,3226,1029,666361199,38,3418,1560,666361258,22,3379,195761,666361231,7122,13365,1380,666361182,37,3370,
2026-09-30,07:50:53.038,999,1458,666377642,38,3364,1424,666377601,7239,13295,1185,666377623,22,3213,658,666377635,34,3211,1114,666377599,27,3364,742,666376824,32,3371,195661,666376790,7242,13343,1333,666376692,30,3359,
2026-09-30,07:50:54.038,1000,1022,667035961,27,3285,271,667035973,7568,13224,188,667035922,7,3171,71,667035944,9,3158,332,667035975,13,3306,97,667035901,9,3281,194780,667035984,7536,13283,436,667035918,21,3295,
2026-09-30,07:50:55.038,999,1235,666359841,48,3341,1143,666360043,7188,13290,806,666360018,37,3217,259,666359958,24,3190,1069,666359914,33,3357,293,666359896,25,3348,193356,666359048,7213,13337,803,666359082,39,3345,
2026-09-30,07:50:56.038,999,992,666374932,32,3346,2071,666374953,7258,13303,583,666374948,37,3224,967,666374947,32,3225,568,666374956,37,3391,645,666375012,28,3360,195090,666374158,7266,13385,976,666374117,35,3371,
2026-09-30,07:50:57.039,1000,989,667035009,32,3315,1094,667034973,7710,13273,267,667034936,26,3192,681,667034936,20,3196,369,667034966,32,3339,571,667035005,20,3312,190709,667034932,7693,13315,1167,667034162,30,3313,
2026-09-30,07:50:58.038,999,770,666386233,21,3270,153,666386348,7556,13216,118,666386353,15,3170,142,666386387,13,3159,143,666386378,21,3298,172,666386332,13,3300,189396,666385521,7595,13264,350,666385472,18,3286,
2026-09-30,07:50:59.038,999,538,666371707,25,3284,416,666371660,7601,13226,181,666371672,14,3172,152,666371708,15,3185,177,666371686,16,3287,234,666370958,14,3294,190531,666370911,7590,13271,627,666370923,28,3294,
2026-09-30,07:51:00.038,999,592,666360467,25,3312,380,666360473,7061,13262,185,666360509,13,3178,347,666360527,13,3164,387,666360545,15,3343,668,666360512,8,3322,194610,666360512,7075,13313,495,666359616,17,3318,
2026-09-30,07:51:01.038,1000,3480,667018703,32,3522,3544,667018654,7660,13487,4298,667018669,18,3425,4225,667018650,26,3396,3532,667018657,24,3542,4950,667018695,25,3541,193730,667018655,7690,13522,3757,667018635,34,3546,
2026-09-30,07:51:02.038,999,1204,666380218,30,3342,341,666380240,6789,13282,523,666380254,11,3188,322,666380271,16,3178,811,666380296,19,3387,413,666379388,8,3361,200068,666379397,6803,13351,476,666379360,27,3362,
2026-09-30,07:51:03.038,999,1380,666352790,29,3315,312,666352788,7471,13235,359,666352778,18,3192,946,666352787,29,3202,456,666352738,22,3357,795,666352773,25,3337,190847,666352742,7476,13312,774,666352708,22,3337,
2026-09-30,07:51:04.039,1000,789,667019466,44,3376,879,667019460,7090,13325,456,667019487,23,3199,287,667019465,22,3201,963,667019457,23,3402,222,667019422,21,3373,197347,667019348,7085,13371,669,667019353,38,3364,
2026-09-30,07:51:05.038,999,2989,666388510,76,3555,1969,666388528,7269,13446,2800,666388528,46,3435,2385,666388521,49,3400,2825,666388527,56,3586,2501,666388504,56,3583,197865,666388460,7286,13547,2648,666388493,63,3543,
2026-09-30,07:51:06.038,999,1586,666380936,62,3419,1460,666380953,7663,13337,2407,666380990,34,3310,1261,666380990,37,3285,1637,666380998,37,3414,1957,666381036,45,3441,188536,666380237,7659,13413,2372,666380216,50,3414,
2026-09-30,07:51:07.039,1000,1729,667051351,47,3446,2235,667051403,6927,13423,1945,667051369,33,3330,2413,667051367,31,3294,2120,667051406,32,3509,1389,667051438,46,3505,201168,667050635,6962,13494,2861,667050515,46,3471,
2026-09-30,07:51:08.039,999,2587,666384564,69,3457,2139,666384622,7277,13410,1825,666384617,55,3351,2069,666383420,52,3323,2045,666382803,59,3491,1646,666382811,52,3467,193541,666382827,7305,13484,1645,666382867,56,3463,
2026-09-30,07:51:09.038,999,988,666371963,27,3304,435,666371969,7078,13254,181,666371996,14,3178,167,666371978,20,3175,448,666371990,16,3360,266,666372000,19,3337,197842,666371991,7050,13307,421,666371900,25,3320,
2026-09-30,07:51:10.038,999,694,666381426,38,3305,234,666381404,7487,13235,450,666381450,20,3208,245,666381448,16,3182,543,666381453,14,3329,235,666381545,15,3320,193570,666380649,7502,13290,665,666380712,23,3298,
2026-09-30,07:51:11.039,1000,803,667044918,49,3319,448,667044902,7817,13264,655,667044894,25,3217,321,667044933,16,3197,974,667045001,27,3347,737,667045033,27,3315,191150,667045043,7836,13317,778,667045140,39,3306,
2026-09-30,07:51:12.038,999,14982,666391571,44,4095,12093,666391562,6666,14039,16000,666391560,16,3956,13324,666391624,33,3912,14520,666391696,26,4183,15857,666390683,26,4141,213154,666390703,6700,14147,13318,666390672,44,4169,
2026-09-30,07:51:13.038,999,943,666373834,40,3345,605,666373897,6946,13264,435,666373825,24,3195,151,666373804,12,3188,318,666373769,31,3384,240,666373682,23,3363,195047,666373714,6977,13319,914,666373718,38,3349,
2026-09-30,07:51:14.039,1000,1023,667044665,40,3383,659,667044706,7026,13344,477,667044705,30,3239,820,667044683,30,3250,534,667045356,31,3409,1425,667044626,23,3401,195907,667044614,6997,13390,1485,667044584,32,3374,
2026-09-30,07:51:15.040,1000,3446,667050844,85,3618,3190,667050862,7334,13576,5392,667050818,58,3504,3206,667050820,62,3506,4101,667050862,65,3676,5903,667050262,59,3658,200678,667050201,7341,13631,4779,667050129,77,3660,
2026-09-30,07:51:16.039,999,3389,666394621,50,3564,2735,666394577,7039,13494,3438,666394536,45,3440,3200,666394535,41,3404,3644,666394548,43,3603,4048,666393723,53,3583,197718,666393783,7078,13591,3892,666393715,62,3599,
2026-09-30,07:51:17.039,999,660,666376025,40,3335,483,666376014,7513,13282,895,666376011,27,3222,1840,666376004,31,3216,430,666376102,32,3354,1163,666375388,20,3329,190556,666375417,7536,13325,587,666375345,47,3355,
2026-09-30,07:51:18.040,1000,763,667056820,32,3295,129,667056797,7749,13242,233,667056847,23,3207,189,667056812,18,3173,422,667056802,23,3323,581,667056873,21,3309,186064,667056891,7753,13295,279,667056076,32,3288,
2026-09-30,07:51:19.040,999,567,666395693,34,3320,246,666395640,7142,13259,471,666395628,16,3195,190,666395636,15,3160,169,666395670,19,3341,257,666395790,18,3334,197487,666394808,7133,13307,357,666394663,26,3319,
2026-09-30,07:51:20.039,999,738,666350736,45,3335,1073,666350726,7381,13290,385,666350751,28,3200,488,666350744,28,3210,924,666350739,29,3371,421,666350797,24,3340,194354,666350692,7379,13333,996,666350691,38,3340,
2026-09-30,07:51:21.039,999,1343,666383317,37,3335,474,666383427,7364,13288,325,666383376,20,3217,526,666383330,27,3206,291,666383301,17,3327,958,666383259,16,3353,193195,666382172,7375,13330,667,666382130,36,3342,
2026-09-30,07:51:22.040,1000,526,667045528,27,3283,73,667045465,7331,13241,182,667045490,19,3179,188,667045507,11,3161,357,667045552,17,3317,335,667045515,8,3302,191950,667044720,7332,13288,266,667044688,16,3289,
2026-09-30,07:51:23.039,999,970,666380507,45,3368,443,666380478,7190,13286,602,666380547,19,3219,606,666380489,21,3203,558,666380445,26,3381,331,666379786,25,3367,193649,666379779,7219,13341,733,666379759,44,3385,
2026-09-30,07:51:24.039,999,486,666380657,24,3285,80,666380637,7258,13211,99,666380603,6,3160,62,666380615,8,3150,161,666380643,12,3327,55,666380707,8,3297,192956,666379992,7267,13258,859,666379906,16,3278,
2026-09-30,07:51:25.040,1000,1538,667042342,54,3364,1149,667042308,7515,13312,709,667042315,46,3245,335,667042278,32,3226,692,667042293,49,3396,797,667041551,37,3364,192213,667041554,7542,13377,1737,667041566,49,3379,
2026-09-30,07:51:26.040,999,9711,666376079,35,3707,7608,666376069,7678,13624,8090,666376120,32,3569,6699,666376077,32,3551,8042,666376125,28,3695,10121,666376089,19,3665,196762,666376056,7711,13647,10907,666376035,34,3717,
2026-09-30,07:51:27.039,999,14347,666376692,46,3840,14888,666376685,7528,13813,11865,666376630,37,3740,11936,666376638,34,3694,11617,666376634,40,3887,11561,666376578,29,3863,203201,666375882,7541,13826,10773,666375863,40,3890,
2026-09-30,07:51:28.039,999,1883,666380182,52,3361,1058,666380202,7744,13300,1297,666380230,41,3281,978,666380229,35,3257,604,666380209,36,3389,422,666379649,30,3363,189063,666379657,7786,13352,1988,666379639,43,3363,
2026-09-30,07:51:29.040,1000,1637,667036413,41,3380,1223,667036468,7527,13321,1887,667036420,26,3263,1050,667036411,34,3266,866,667036480,32,3386,1197,667036425,34,3371,191262,667036482,7549,13401,1348,667035878,46,3417,
2026-09-30,07:51:30.040,999,697,666378429,29,3253,687,666378382,7910,13205,70,666378417,14,3163,70,666378409,13,3158,100,666378406,14,3271,30,666378412,4,3250,186708,666377794,7923,13236,603,666377824,19,3254,
2026-09-30,07:51:31.039,999,5778,666388890,73,3646,4545,666388894,7620,13593,3855,666388925,55,3507,4698,666388923,56,3570,5628,666388928,57,3670,3507,666388961,62,3673,195433,666388309,7642,13612,3555,666388367,78,3656,
2026-09-30,07:51:32.040,1000,2999,667047504,25,3587,2985,667047566,7161,13495,2717,667047596,20,3425,3643,667047582,25,3396,3295,667047531,22,3611,3140,667047424,26,3572,195709,667047519,7209,13616,4662,667046689,34,3632,
2026-09-30,07:51:33.040,999,1125,666382530,43,3284,193,666382545,8055,13210,443,666382552,19,3185,139,666382558,20,3160,122,666382645,17,3273,502,666382645,17,3270,185733,666382702,8060,13272,523,666382678,26,3264,
2026-09-30,07:51:34.039,999,528,666353234,28,3312,506,666353201,7327,13260,442,666353194,15,3194,303,666353223,19,3179,608,666353236,20,3354,509,666353211,19,3332,192693,666353209,7361,13319,504,666353208,30,3324,
2026-09-30,07:51:35.039,999,1612,666409982,73,3402,1225,666410012,7229,13345,841,666410046,67,3296,1228,666410033,64,3293,2198,666409987,69,3467,1576,666409982,59,3446,196052,666410018,7244,13423,1192,666410056,81,3444,
2026-09-30,07:51:36.040,1000,1901,667041445,84,3442,1695,667041514,7800,13400,1281,667041445,57,3298,1370,667041473,56,3306,1026,667041494,69,3451,1038,667041484,62,3421,191873,667041494,7830,13449,1608,667041573,71,3431,
2026-09-30,07:51:37.040,999,437,666379806,39,3290,503,666379858,7557,13253,794,666379889,17,3205,246,666379820,18,3185,660,666379837,15,3310,192,666379863,17,3305,191482,666379941,7542,13308,527,666378945,29,3302,
2026-09-30,07:51:38.039,999,1637,666387465,47,3401,1094,666387435,7018,13324,908,666387451,23,3256,1429,666387453,26,3223,1217,666387532,27,3447,1488,666387504,26,3433,198342,666387533,7022,13419,1314,666387602,38,3401,
2026-09-30,07:51:39.040,1000,6790,667050747,45,3725,5720,667050776,7341,13657,5847,667050808,30,3592,6646,667050763,29,3596,5543,667050807,31,3732,5920,667050778,23,3713,199554,667050781,7354,13722,7673,667050007,30,3690,
2026-09-30,07:51:40.040,999,899,666378863,37,3337,333,666378879,7344,13267,636,666378918,29,3208,551,666378900,25,3203,639,666378927,28,3349,649,666378234,27,3350,192956,666378243,7367,13333,473,666378212,33,3341,
2026-09-30,07:51:41.040,999,1922,666376803,30,3311,398,666376788,7600,13248,725,666376845,24,3216,392,666376771,20,3191,407,666376746,24,3356,411,666376608,32,3327,189947,666376543,7601,13296,815,666376501,29,3313,
2026-09-30,07:51:42.039,999,919,666356114,40,3313,894,666356175,7913,13269,317,666356179,24,3206,533,666356192,21,3210,430,666356193,25,3327,1108,666356244,31,3327,190509,666356261,7889,13311,657,666356245,37,3332,
2026-09-30,07:51:43.040,1000,532,667048358,28,3308,215,667048354,7195,13261,260,667048382,9,3182,97,667048360,13,3151,501,667047608,21,3348,121,667047662,15,3326,197152,667047712,7167,13313,1320,667047703,30,3331,
2026-09-30,07:51:44.040,999,922,666354257,32,3323,1175,666354283,7458,13262,459,666354285,8,3177,208,666354285,18,3185,548,666354273,19,3336,242,666354280,17,3317,191948,666354336,7462,13319,473,666354331,31,3306,
2026-09-30,07:51:45.039,999,3609,666355414,40,3467,2371,666355474,7743,13436,2138,666355537,41,3333,2173,666355540,34,3333,2715,666355511,37,3470,1987,666355486,33,3452,191386,666354615,7744,13469,3000,666354548,43,3497,
2026-09-30,07:51:46.040,1000,3641,667022061,48,3445,2655,667022111,7608,13367,1604,667022087,32,3303,2364,667022097,28,3303,2138,667022134,26,3453,1516,667022234,29,3423,192262,667022156,7606,13431,2290,667022285,50,3429,
2026-09-30,07:51:47.040,999,4278,666394371,50,3590,3125,666394425,6887,13503,3041,666394394,35,3436,3143,666394368,41,3420,2664,666394400,46,3617,2733,666394311,47,3638,200495,666394326,6890,13598,4012,666393462,56,3643,
2026-09-30,07:51:48.040,999,1340,666353034,38,3361,455,666353040,7371,13273,655,666353089,30,3210,869,666353116,27,3187,616,666353106,32,3338,570,666353108,26,3336,197092,666353110,7391,13360,572,666353086,44,3350,
2026-09-30,07:51:49.040,1000,1236,667046202,39,3373,586,667046228,7433,13306,673,667046283,26,3223,1199,667046310,24,3240,1085,667046350,23,3387,725,667046308,23,3367,191071,667045591,7445,13359,647,667045678,36,3357,
2026-09-30,07:51:50.040,999,691,666330624,26,3285,231,666330622,7461,13232,409,666330622,16,3181,238,666330658,21,3182,185,666330672,15,3320,466,666330673,15,3306,191766,666330677,7481,13281,687,666330657,24,3293,
2026-09-30,07:51:51.040,999,529,666373675,28,3326,408,666373720,6662,13265,121,666373707,7,3166,152,666373749,17,3173,334,666373821,15,3380,544,666373824,12,3360,197866,666373754,6654,13339,486,666373658,20,3346,
2026-09-30,07:51:52.039,999,626,666391865,25,3331,225,666391865,6662,13265,125,666391912,13,3168,93,666391853,10,3158,277,666391834,13,3370,84,666391910,12,3338,200206,666391974,6695,13336,541,666391107,25,3324,
2026-09-30,07:51:53.040,1000,1370,667071516,49,3338,1678,667071511,7642,13279,799,667071491,37,3244,451,667071459,21,3210,1162,667071439,24,3352,831,667071540,30,3331,189172,667071664,7672,13329,975,667071677,39,3333,
Cleaning up
 Closed perf event handles
 Zeroed uncore PMU registers
 Freeing up all RMIDs
