Linux 5.15.0-187-generic (node0.katieyan-315918.ldos-ut-pg0.wisc.cloudlab.us) 	09/14/26 	_x86_64_	(32 CPU)

04:46:33        CPU     %user     %nice   %system   %iowait    %steal     %idle
04:46:34        all      2.94      0.00      0.44      0.00      0.00     96.62
04:46:34          0      1.00      0.00      0.00      0.00      0.00     99.00
04:46:34          1      1.98      0.00      1.98      0.00      0.00     96.04
04:46:34          2      0.00      0.00      0.00      0.00      0.00    100.00
04:46:34          3      0.00      0.00      0.00      0.00      0.00    100.00
04:46:34          4     85.00      0.00     12.00      0.00      0.00      3.00
04:46:34          5      0.00      0.00      0.00      0.00      0.00    100.00
04:46:34          6      0.00      0.00      0.00      0.00      0.00    100.00
04:46:34          7      0.00      0.00      0.00      0.00      0.00    100.00
04:46:34          8      0.00      0.00      0.00      0.00      0.00    100.00
04:46:34          9      0.00      0.00      0.00      0.00      0.00    100.00
04:46:34         10      0.00      0.00      0.00      0.00      0.00    100.00
04:46:34         11      0.00      0.00      0.00      0.00      0.00    100.00
04:46:34         12      1.00      0.00      0.00      0.00      0.00     99.00
04:46:34         13      0.00      0.00      0.00      0.00      0.00    100.00
04:46:34         14      0.00      0.00      0.00      0.00      0.00    100.00
04:46:34         15      0.00      0.00      0.00      0.00      0.00    100.00
04:46:34         16      0.99      0.00      0.00      0.00      0.00     99.01
04:46:34         17      0.00      0.00      0.00      0.00      0.00    100.00
04:46:34         18      0.00      0.00      0.00      0.00      0.00    100.00
04:46:34         19      0.00      0.00      0.00      0.00      0.00    100.00
04:46:34         20      0.00      0.00      0.00      0.00      0.00    100.00
04:46:34         21      0.00      0.00      0.00      0.00      0.00    100.00
04:46:34         22      0.99      0.00      0.00      0.00      0.00     99.01
04:46:34         23      0.00      0.00      0.00      0.00      0.00    100.00
04:46:34         24      0.00      0.00      0.00      0.00      0.00    100.00
04:46:34         25      0.00      0.00      0.00      0.00      0.00    100.00
04:46:34         26      0.00      0.00      0.00      0.00      0.00    100.00
04:46:34         27      0.00      0.00      0.00      0.00      0.00    100.00
04:46:34         28      0.00      0.00      0.00      0.00      0.00    100.00
04:46:34         29      0.00      0.00      0.00      0.00      0.00    100.00
04:46:34         30      0.00      0.00      0.00      0.00      0.00    100.00
04:46:34         31      3.00      0.00      0.00      0.00      0.00     97.00

04:46:34        CPU     %user     %nice   %system   %iowait    %steal     %idle
04:46:35        all      2.84      0.00      0.34      0.00      0.00     96.81
04:46:35          0      0.00      0.00      0.00      0.00      0.00    100.00
04:46:35          1      0.00      0.00      0.00      0.00      0.00    100.00
04:46:35          2      0.00      0.00      0.00      0.00      0.00    100.00
04:46:35          3      0.00      0.00      0.00      0.00      0.00    100.00
04:46:35          4     89.11      0.00     10.89      0.00      0.00      0.00
04:46:35          5      0.00      0.00      0.00      0.00      0.00    100.00
04:46:35          6      0.00      0.00      0.00      0.00      0.00    100.00
04:46:35          7      0.00      0.00      0.00      0.00      0.00    100.00
04:46:35          8      0.00      0.00      0.00      0.00      0.00    100.00
04:46:35          9      0.00      0.00      0.00      0.00      0.00    100.00
04:46:35         10      0.00      0.00      0.00      0.00      0.00    100.00
04:46:35         11      0.00      0.00      0.00      0.00      0.00    100.00
04:46:35         12      1.00      0.00      0.00      0.00      0.00     99.00
04:46:35         13      0.00      0.00      0.00      0.00      0.00    100.00
04:46:35         14      0.00      0.00      0.00      0.00      0.00    100.00
04:46:35         15      0.00      0.00      0.00      0.00      0.00    100.00
04:46:35         16      0.00      0.00      0.00      0.00      0.00    100.00
04:46:35         17      0.00      0.00      0.00      0.00      0.00    100.00
04:46:35         18      0.00      0.00      0.00      0.00      0.00    100.00
04:46:35         19      0.00      0.00      0.00      0.00      0.00    100.00
04:46:35         20      0.00      0.00      0.00      0.00      0.00    100.00
04:46:35         21      0.00      0.00      0.00      0.00      0.00    100.00
04:46:35         22      0.00      0.00      0.00      0.00      0.00    100.00
04:46:35         23      0.00      0.00      0.00      0.00      0.00    100.00
04:46:35         24      0.00      0.00      0.00      0.00      0.00    100.00
04:46:35         25      0.00      0.00      0.00      0.00      0.00    100.00
04:46:35         26      0.00      0.00      0.00      0.00      0.00    100.00
04:46:35         27      0.00      0.00      0.00      0.00      0.00    100.00
04:46:35         28      0.00      0.00      0.00      0.00      0.00    100.00
04:46:35         29      0.00      0.00      0.00      0.00      0.00    100.00
04:46:35         30      0.00      0.00      0.00      0.00      0.00    100.00
04:46:35         31      0.00      0.00      0.00      0.00      0.00    100.00

04:46:35        CPU     %user     %nice   %system   %iowait    %steal     %idle
04:46:36        all      2.84      0.00      0.31      0.00      0.00     96.84
04:46:36          0      0.00      0.00      0.00      0.00      0.00    100.00
04:46:36          1      0.00      0.00      0.00      0.00      0.00    100.00
04:46:36          2      0.00      0.00      0.00      0.00      0.00    100.00
04:46:36          3      0.00      0.00      0.00      0.00      0.00    100.00
04:46:36          4     89.90      0.00     10.10      0.00      0.00      0.00
04:46:36          5      0.00      0.00      0.00      0.00      0.00    100.00
04:46:36          6      0.00      0.00      0.00      0.00      0.00    100.00
04:46:36          7      0.00      0.00      0.00      0.00      0.00    100.00
04:46:36          8      0.00      0.00      0.00      0.00      0.00    100.00
04:46:36          9      0.00      0.00      0.00      0.00      0.00    100.00
04:46:36         10      0.99      0.00      0.00      0.00      0.00     99.01
04:46:36         11      0.00      0.00      0.00      0.00      0.00    100.00
04:46:36         12      1.00      0.00      0.00      0.00      0.00     99.00
04:46:36         13      0.00      0.00      0.00      0.00      0.00    100.00
04:46:36         14      0.00      0.00      0.00      0.00      0.00    100.00
04:46:36         15      0.00      0.00      0.00      0.00      0.00    100.00
04:46:36         16      0.00      0.00      0.00      0.00      0.00    100.00
04:46:36         17      0.00      0.00      0.00      0.00      0.00    100.00
04:46:36         18      0.00      0.00      0.00      0.00      0.00    100.00
04:46:36         19      0.00      0.00      0.00      0.00      0.00    100.00
04:46:36         20      0.00      0.00      0.00      0.00      0.00    100.00
04:46:36         21      0.00      0.00      0.00      0.00      0.00    100.00
04:46:36         22      0.00      0.00      0.00      0.00      0.00    100.00
04:46:36         23      0.00      0.00      0.00      0.00      0.00    100.00
04:46:36         24      0.00      0.00      0.00      0.00      0.00    100.00
04:46:36         25      0.00      0.00      0.00      0.00      0.00    100.00
04:46:36         26      0.00      0.00      0.00      0.00      0.00    100.00
04:46:36         27      0.00      0.00      0.00      0.00      0.00    100.00
04:46:36         28      0.00      0.00      0.00      0.00      0.00    100.00
04:46:36         29      0.00      0.00      0.00      0.00      0.00    100.00
04:46:36         30      0.00      0.00      0.00      0.00      0.00    100.00
04:46:36         31      0.00      0.00      0.00      0.00      0.00    100.00

04:46:36        CPU     %user     %nice   %system   %iowait    %steal     %idle
04:46:37        all      2.91      0.00      0.28      0.00      0.00     96.81
04:46:37          0      0.00      0.00      0.00      0.00      0.00    100.00
04:46:37          1      0.00      0.00      0.00      0.00      0.00    100.00
04:46:37          2      0.00      0.00      0.00      0.00      0.00    100.00
04:46:37          3      0.00      0.00      0.00      0.00      0.00    100.00
04:46:37          4     92.00      0.00      8.00      0.00      0.00      0.00
04:46:37          5      0.00      0.00      0.00      0.00      0.00    100.00
04:46:37          6      0.00      0.00      0.00      0.00      0.00    100.00
04:46:37          7      0.00      0.00      0.00      0.00      0.00    100.00
04:46:37          8      0.00      0.00      0.00      0.00      0.00    100.00
04:46:37          9      0.00      0.00      0.00      0.00      0.00    100.00
04:46:37         10      0.00      0.00      0.00      0.00      0.00    100.00
04:46:37         11      0.00      0.00      0.00      0.00      0.00    100.00
04:46:37         12      0.99      0.00      0.00      0.00      0.00     99.01
04:46:37         13      0.00      0.00      0.00      0.00      0.00    100.00
04:46:37         14      0.00      0.00      0.00      0.00      0.00    100.00
04:46:37         15      0.00      0.00      0.00      0.00      0.00    100.00
04:46:37         16      0.00      0.00      0.00      0.00      0.00    100.00
04:46:37         17      0.00      0.00      0.00      0.00      0.00    100.00
04:46:37         18      0.00      0.00      0.00      0.00      0.00    100.00
04:46:37         19      0.00      0.00      0.00      0.00      0.00    100.00
04:46:37         20      0.00      0.00      0.00      0.00      0.00    100.00
04:46:37         21      0.00      0.00      0.00      0.00      0.00    100.00
04:46:37         22      0.00      0.00      0.00      0.00      0.00    100.00
04:46:37         23      0.00      0.00      0.00      0.00      0.00    100.00
04:46:37         24      0.00      0.00      0.00      0.00      0.00    100.00
04:46:37         25      0.00      0.00      0.00      0.00      0.00    100.00
04:46:37         26      0.00      0.00      0.00      0.00      0.00    100.00
04:46:37         27      0.00      0.00      0.00      0.00      0.00    100.00
04:46:37         28      0.00      0.00      0.99      0.00      0.00     99.01
04:46:37         29      0.00      0.00      0.00      0.00      0.00    100.00
04:46:37         30      0.00      0.00      0.00      0.00      0.00    100.00
04:46:37         31      0.00      0.00      0.00      0.00      0.00    100.00

04:46:37        CPU     %user     %nice   %system   %iowait    %steal     %idle
04:46:38        all      2.81      0.00      0.34      0.00      0.00     96.84
04:46:38          0      0.00      0.00      0.00      0.00      0.00    100.00
04:46:38          1      0.00      0.00      0.00      0.00      0.00    100.00
04:46:38          2      0.00      0.00      0.00      0.00      0.00    100.00
04:46:38          3      0.00      0.00      0.00      0.00      0.00    100.00
04:46:38          4     89.11      0.00     10.89      0.00      0.00      0.00
04:46:38          5      0.00      0.00      0.00      0.00      0.00    100.00
04:46:38          6      0.00      0.00      0.00      0.00      0.00    100.00
04:46:38          7      0.00      0.00      0.00      0.00      0.00    100.00
04:46:38          8      0.00      0.00      0.00      0.00      0.00    100.00
04:46:38          9      0.00      0.00      0.00      0.00      0.00    100.00
04:46:38         10      0.00      0.00      0.00      0.00      0.00    100.00
04:46:38         11      0.00      0.00      0.00      0.00      0.00    100.00
04:46:38         12      0.00      0.00      0.00      0.00      0.00    100.00
04:46:38         13      0.00      0.00      0.00      0.00      0.00    100.00
04:46:38         14      0.00      0.00      0.00      0.00      0.00    100.00
04:46:38         15      0.00      0.00      0.00      0.00      0.00    100.00
04:46:38         16      0.00      0.00      0.00      0.00      0.00    100.00
04:46:38         17      0.00      0.00      0.00      0.00      0.00    100.00
04:46:38         18      0.00      0.00      0.00      0.00      0.00    100.00
04:46:38         19      0.00      0.00      0.00      0.00      0.00    100.00
04:46:38         20      0.00      0.00      0.00      0.00      0.00    100.00
04:46:38         21      0.00      0.00      0.00      0.00      0.00    100.00
04:46:38         22      0.00      0.00      0.00      0.00      0.00    100.00
04:46:38         23      0.00      0.00      0.00      0.00      0.00    100.00
04:46:38         24      0.00      0.00      0.00      0.00      0.00    100.00
04:46:38         25      0.00      0.00      0.00      0.00      0.00    100.00
04:46:38         26      0.00      0.00      0.00      0.00      0.00    100.00
04:46:38         27      0.00      0.00      0.00      0.00      0.00    100.00
04:46:38         28      0.00      0.00      0.00      0.00      0.00    100.00
04:46:38         29      0.00      0.00      0.00      0.00      0.00    100.00
04:46:38         30      0.00      0.00      0.00      0.00      0.00    100.00
04:46:38         31      0.00      0.00      0.00      0.00      0.00    100.00

04:46:38        CPU     %user     %nice   %system   %iowait    %steal     %idle
04:46:39        all      2.88      0.00      0.25      0.00      0.00     96.87
04:46:39          0      0.00      0.00      0.00      0.00      0.00    100.00
04:46:39          1      0.00      0.00      0.00      0.00      0.00    100.00
04:46:39          2      0.00      0.00      0.00      0.00      0.00    100.00
04:46:39          3      0.00      0.00      0.00      0.00      0.00    100.00
04:46:39          4     91.92      0.00      8.08      0.00      0.00      0.00
04:46:39          5      0.00      0.00      0.00      0.00      0.00    100.00
04:46:39          6      0.00      0.00      0.00      0.00      0.00    100.00
04:46:39          7      0.00      0.00      0.00      0.00      0.00    100.00
04:46:39          8      0.00      0.00      0.00      0.00      0.00    100.00
04:46:39          9      0.00      0.00      0.00      0.00      0.00    100.00
04:46:39         10      0.00      0.00      0.00      0.00      0.00    100.00
04:46:39         11      0.00      0.00      0.00      0.00      0.00    100.00
04:46:39         12      1.00      0.00      0.00      0.00      0.00     99.00
04:46:39         13      0.00      0.00      0.00      0.00      0.00    100.00
04:46:39         14      0.00      0.00      0.00      0.00      0.00    100.00
04:46:39         15      0.00      0.00      0.00      0.00      0.00    100.00
04:46:39         16      0.00      0.00      0.00      0.00      0.00    100.00
04:46:39         17      0.00      0.00      0.00      0.00      0.00    100.00
04:46:39         18      0.00      0.00      0.00      0.00      0.00    100.00
04:46:39         19      0.00      0.00      0.00      0.00      0.00    100.00
04:46:39         20      0.00      0.00      0.00      0.00      0.00    100.00
04:46:39         21      0.00      0.00      0.00      0.00      0.00    100.00
04:46:39         22      0.00      0.00      0.00      0.00      0.00    100.00
04:46:39         23      0.00      0.00      0.00      0.00      0.00    100.00
04:46:39         24      0.00      0.00      0.00      0.00      0.00    100.00
04:46:39         25      0.00      0.00      0.00      0.00      0.00    100.00
04:46:39         26      0.00      0.00      0.00      0.00      0.00    100.00
04:46:39         27      0.00      0.00      0.00      0.00      0.00    100.00
04:46:39         28      0.00      0.00      0.00      0.00      0.00    100.00
04:46:39         29      0.00      0.00      0.00      0.00      0.00    100.00
04:46:39         30      0.00      0.00      0.00      0.00      0.00    100.00
04:46:39         31      0.00      0.00      0.00      0.00      0.00    100.00

04:46:39        CPU     %user     %nice   %system   %iowait    %steal     %idle
04:46:40        all      2.75      0.00      0.44      0.00      0.00     96.81
04:46:40          0      0.00      0.00      0.00      0.00      0.00    100.00
04:46:40          1      0.00      0.00      0.00      0.00      0.00    100.00
04:46:40          2      0.00      0.00      0.00      0.00      0.00    100.00
04:46:40          3      0.00      0.00      0.00      0.00      0.00    100.00
04:46:40          4     86.14      0.00     13.86      0.00      0.00      0.00
04:46:40          5      0.00      0.00      0.00      0.00      0.00    100.00
04:46:40          6      0.00      0.00      0.00      0.00      0.00    100.00
04:46:40          7      0.00      0.00      0.00      0.00      0.00    100.00
04:46:40          8      0.00      0.00      0.00      0.00      0.00    100.00
04:46:40          9      0.00      0.00      0.00      0.00      0.00    100.00
04:46:40         10      0.00      0.00      0.00      0.00      0.00    100.00
04:46:40         11      0.00      0.00      0.00      0.00      0.00    100.00
04:46:40         12      1.00      0.00      0.00      0.00      0.00     99.00
04:46:40         13      0.00      0.00      0.00      0.00      0.00    100.00
04:46:40         14      0.00      0.00      0.00      0.00      0.00    100.00
04:46:40         15      0.00      0.00      0.00      0.00      0.00    100.00
04:46:40         16      0.00      0.00      0.00      0.00      0.00    100.00
04:46:40         17      0.00      0.00      0.00      0.00      0.00    100.00
04:46:40         18      0.00      0.00      0.00      0.00      0.00    100.00
04:46:40         19      0.00      0.00      0.00      0.00      0.00    100.00
04:46:40         20      0.00      0.00      0.00      0.00      0.00    100.00
04:46:40         21      0.00      0.00      0.00      0.00      0.00    100.00
04:46:40         22      0.00      0.00      0.00      0.00      0.00    100.00
04:46:40         23      0.00      0.00      0.00      0.00      0.00    100.00
04:46:40         24      0.00      0.00      0.00      0.00      0.00    100.00
04:46:40         25      0.00      0.00      0.00      0.00      0.00    100.00
04:46:40         26      0.00      0.00      0.00      0.00      0.00    100.00
04:46:40         27      0.00      0.00      0.00      0.00      0.00    100.00
04:46:40         28      0.00      0.00      0.00      0.00      0.00    100.00
04:46:40         29      0.00      0.00      0.00      0.00      0.00    100.00
04:46:40         30      0.00      0.00      0.00      0.00      0.00    100.00
04:46:40         31      0.00      0.00      0.00      0.00      0.00    100.00

04:46:40        CPU     %user     %nice   %system   %iowait    %steal     %idle
04:46:41        all      2.72      0.00      0.41      0.00      0.00     96.87
04:46:41          0      0.00      0.00      0.00      0.00      0.00    100.00
04:46:41          1      0.00      0.00      0.00      0.00      0.00    100.00
04:46:41          2      0.00      0.00      0.00      0.00      0.00    100.00
04:46:41          3      0.00      0.00      0.00      0.00      0.00    100.00
04:46:41          4     87.88      0.00     12.12      0.00      0.00      0.00
04:46:41          5      0.00      0.00      0.00      0.00      0.00    100.00
04:46:41          6      0.00      0.00      0.00      0.00      0.00    100.00
04:46:41          7      0.00      0.00      0.00      0.00      0.00    100.00
04:46:41          8      0.00      0.00      0.00      0.00      0.00    100.00
04:46:41          9      0.00      0.00      0.00      0.00      0.00    100.00
04:46:41         10      0.00      0.00      0.99      0.00      0.00     99.01
04:46:41         11      0.00      0.00      0.00      0.00      0.00    100.00
04:46:41         12      0.00      0.00      0.00      0.00      0.00    100.00
04:46:41         13      0.00      0.00      0.00      0.00      0.00    100.00
04:46:41         14      0.00      0.00      0.00      0.00      0.00    100.00
04:46:41         15      0.00      0.00      0.00      0.00      0.00    100.00
04:46:41         16      0.00      0.00      0.00      0.00      0.00    100.00
04:46:41         17      0.00      0.00      0.00      0.00      0.00    100.00
04:46:41         18      0.00      0.00      0.00      0.00      0.00    100.00
04:46:41         19      0.00      0.00      0.00      0.00      0.00    100.00
04:46:41         20      0.00      0.00      0.00      0.00      0.00    100.00
04:46:41         21      0.00      0.00      0.00      0.00      0.00    100.00
04:46:41         22      0.00      0.00      0.00      0.00      0.00    100.00
04:46:41         23      0.00      0.00      0.00      0.00      0.00    100.00
04:46:41         24      0.00      0.00      0.00      0.00      0.00    100.00
04:46:41         25      0.00      0.00      0.00      0.00      0.00    100.00
04:46:41         26      0.00      0.00      0.00      0.00      0.00    100.00
04:46:41         27      0.00      0.00      0.00      0.00      0.00    100.00
04:46:41         28      0.00      0.00      0.00      0.00      0.00    100.00
04:46:41         29      0.00      0.00      0.00      0.00      0.00    100.00
04:46:41         30      0.00      0.00      0.00      0.00      0.00    100.00
04:46:41         31      0.00      0.00      0.00      0.00      0.00    100.00

04:46:41        CPU     %user     %nice   %system   %iowait    %steal     %idle
04:46:42        all      3.06      0.00      0.25      0.00      0.00     96.69
04:46:42          0      0.99      0.00      0.00      0.00      0.00     99.01
04:46:42          1      0.00      0.00      0.00      0.00      0.00    100.00
04:46:42          2      0.00      0.00      0.00      0.00      0.00    100.00
04:46:42          3      0.00      0.00      0.00      0.00      0.00    100.00
04:46:42          4     92.08      0.00      7.92      0.00      0.00      0.00
04:46:42          5      0.00      0.00      0.00      0.00      0.00    100.00
04:46:42          6      0.00      0.00      0.00      0.00      0.00    100.00
04:46:42          7      0.00      0.00      0.00      0.00      0.00    100.00
04:46:42          8      0.00      0.00      0.00      0.00      0.00    100.00
04:46:42          9      0.00      0.00      0.00      0.00      0.00    100.00
04:46:42         10      0.00      0.00      0.00      0.00      0.00    100.00
04:46:42         11      0.00      0.00      0.00      0.00      0.00    100.00
04:46:42         12      1.98      0.00      0.00      0.00      0.00     98.02
04:46:42         13      1.01      0.00      0.00      0.00      0.00     98.99
04:46:42         14      0.00      0.00      0.00      0.00      0.00    100.00
04:46:42         15      0.00      0.00      0.00      0.00      0.00    100.00
04:46:42         16      0.00      0.00      0.00      0.00      0.00    100.00
04:46:42         17      0.00      0.00      0.00      0.00      0.00    100.00
04:46:42         18      0.00      0.00      0.00      0.00      0.00    100.00
04:46:42         19      0.00      0.00      0.00      0.00      0.00    100.00
04:46:42         20      0.99      0.00      0.00      0.00      0.00     99.01
04:46:42         21      0.00      0.00      0.00      0.00      0.00    100.00
04:46:42         22      0.00      0.00      0.00      0.00      0.00    100.00
04:46:42         23      0.00      0.00      0.00      0.00      0.00    100.00
04:46:42         24      0.00      0.00      0.00      0.00      0.00    100.00
04:46:42         25      0.00      0.00      0.00      0.00      0.00    100.00
04:46:42         26      0.00      0.00      0.00      0.00      0.00    100.00
04:46:42         27      0.00      0.00      0.00      0.00      0.00    100.00
04:46:42         28      0.00      0.00      0.00      0.00      0.00    100.00
04:46:42         29      0.00      0.00      0.00      0.00      0.00    100.00
04:46:42         30      0.00      0.00      0.00      0.00      0.00    100.00
04:46:42         31      0.00      0.00      0.00      0.00      0.00    100.00

04:46:42        CPU     %user     %nice   %system   %iowait    %steal     %idle
04:46:43        all      2.75      0.00      0.38      0.00      0.00     96.87
04:46:43          0      0.00      0.00      0.00      0.00      0.00    100.00
04:46:43          1      0.00      0.00      0.00      0.00      0.00    100.00
04:46:43          2      0.00      0.00      0.00      0.00      0.00    100.00
04:46:43          3      0.00      0.00      0.00      0.00      0.00    100.00
04:46:43          4     88.00      0.00     12.00      0.00      0.00      0.00
04:46:43          5      0.00      0.00      0.00      0.00      0.00    100.00
04:46:43          6      0.00      0.00      0.00      0.00      0.00    100.00
04:46:43          7      0.00      0.00      0.00      0.00      0.00    100.00
04:46:43          8      0.00      0.00      0.00      0.00      0.00    100.00
04:46:43          9      0.00      0.00      0.00      0.00      0.00    100.00
04:46:43         10      0.00      0.00      0.00      0.00      0.00    100.00
04:46:43         11      0.00      0.00      0.00      0.00      0.00    100.00
04:46:43         12      0.00      0.00      0.00      0.00      0.00    100.00
04:46:43         13      0.00      0.00      0.00      0.00      0.00    100.00
04:46:43         14      0.00      0.00      0.00      0.00      0.00    100.00
04:46:43         15      0.00      0.00      0.00      0.00      0.00    100.00
04:46:43         16      0.00      0.00      0.00      0.00      0.00    100.00
04:46:43         17      0.00      0.00      0.00      0.00      0.00    100.00
04:46:43         18      0.00      0.00      0.00      0.00      0.00    100.00
04:46:43         19      0.00      0.00      0.00      0.00      0.00    100.00
04:46:43         20      0.00      0.00      0.00      0.00      0.00    100.00
04:46:43         21      0.00      0.00      0.00      0.00      0.00    100.00
04:46:43         22      0.00      0.00      0.00      0.00      0.00    100.00
04:46:43         23      0.00      0.00      0.00      0.00      0.00    100.00
04:46:43         24      0.00      0.00      0.00      0.00      0.00    100.00
04:46:43         25      0.00      0.00      0.00      0.00      0.00    100.00
04:46:43         26      0.00      0.00      0.00      0.00      0.00    100.00
04:46:43         27      0.00      0.00      0.00      0.00      0.00    100.00
04:46:43         28      0.00      0.00      0.00      0.00      0.00    100.00
04:46:43         29      0.00      0.00      0.00      0.00      0.00    100.00
04:46:43         30      0.00      0.00      0.00      0.00      0.00    100.00
04:46:43         31      0.00      0.00      0.00      0.00      0.00    100.00

04:46:43        CPU     %user     %nice   %system   %iowait    %steal     %idle
04:46:44        all      2.78      0.00      0.34      0.00      0.00     96.88
04:46:44          0      0.00      0.00      0.00      0.00      0.00    100.00
04:46:44          1      0.00      0.00      0.00      0.00      0.00    100.00
04:46:44          2      0.00      0.00      0.00      0.00      0.00    100.00
04:46:44          3      0.00      0.00      0.00      0.00      0.00    100.00
04:46:44          4     88.89      0.00     11.11      0.00      0.00      0.00
04:46:44          5      0.00      0.00      0.00      0.00      0.00    100.00
04:46:44          6      0.00      0.00      0.00      0.00      0.00    100.00
04:46:44          7      0.00      0.00      0.00      0.00      0.00    100.00
04:46:44          8      0.00      0.00      0.00      0.00      0.00    100.00
04:46:44          9      0.00      0.00      0.00      0.00      0.00    100.00
04:46:44         10      0.00      0.00      0.00      0.00      0.00    100.00
04:46:44         11      0.00      0.00      0.00      0.00      0.00    100.00
04:46:44         12      0.99      0.00      0.00      0.00      0.00     99.01
04:46:44         13      0.00      0.00      0.00      0.00      0.00    100.00
04:46:44         14      0.00      0.00      0.00      0.00      0.00    100.00
04:46:44         15      0.00      0.00      0.00      0.00      0.00    100.00
04:46:44         16      0.00      0.00      0.00      0.00      0.00    100.00
04:46:44         17      0.00      0.00      0.00      0.00      0.00    100.00
04:46:44         18      0.00      0.00      0.00      0.00      0.00    100.00
04:46:44         19      0.00      0.00      0.00      0.00      0.00    100.00
04:46:44         20      0.00      0.00      0.00      0.00      0.00    100.00
04:46:44         21      0.00      0.00      0.00      0.00      0.00    100.00
04:46:44         22      0.00      0.00      0.00      0.00      0.00    100.00
04:46:44         23      0.00      0.00      0.00      0.00      0.00    100.00
04:46:44         24      0.00      0.00      0.00      0.00      0.00    100.00
04:46:44         25      0.00      0.00      0.00      0.00      0.00    100.00
04:46:44         26      0.00      0.00      0.00      0.00      0.00    100.00
04:46:44         27      0.00      0.00      0.00      0.00      0.00    100.00
04:46:44         28      0.00      0.00      0.00      0.00      0.00    100.00
04:46:44         29      0.00      0.00      0.00      0.00      0.00    100.00
04:46:44         30      0.00      0.00      0.00      0.00      0.00    100.00
04:46:44         31      0.00      0.00      0.00      0.00      0.00    100.00

04:46:44        CPU     %user     %nice   %system   %iowait    %steal     %idle
04:46:45        all      2.90      0.00      0.34      0.00      0.00     96.75
04:46:45          0      0.00      0.00      0.00      0.00      0.00    100.00
04:46:45          1      0.00      0.00      0.00      0.00      0.00    100.00
04:46:45          2      0.00      0.00      0.00      0.00      0.00    100.00
04:46:45          3      0.00      0.00      0.00      0.00      0.00    100.00
04:46:45          4     90.10      0.00      9.90      0.00      0.00      0.00
04:46:45          5      0.00      0.00      0.00      0.00      0.00    100.00
04:46:45          6      0.00      0.00      0.00      0.00      0.00    100.00
04:46:45          7      0.00      0.00      0.00      0.00      0.00    100.00
04:46:45          8      0.00      0.00      0.00      0.00      0.00    100.00
04:46:45          9      0.00      0.00      0.00      0.00      0.00    100.00
04:46:45         10      0.00      0.00      0.00      0.00      0.00    100.00
04:46:45         11      0.00      0.00      0.00      0.00      0.00    100.00
04:46:45         12      1.00      0.00      0.00      0.00      0.00     99.00
04:46:45         13      0.00      0.00      0.00      0.00      0.00    100.00
04:46:45         14      0.00      0.00      0.00      0.00      0.00    100.00
04:46:45         15      0.00      0.00      0.00      0.00      0.00    100.00
04:46:45         16      0.98      0.00      0.98      0.00      0.00     98.04
04:46:45         17      0.00      0.00      0.00      0.00      0.00    100.00
04:46:45         18      0.00      0.00      0.00      0.00      0.00    100.00
04:46:45         19      0.00      0.00      0.00      0.00      0.00    100.00
04:46:45         20      0.00      0.00      0.00      0.00      0.00    100.00
04:46:45         21      0.00      0.00      0.00      0.00      0.00    100.00
04:46:45         22      0.00      0.00      0.00      0.00      0.00    100.00
04:46:45         23      0.00      0.00      0.00      0.00      0.00    100.00
04:46:45         24      0.00      0.00      0.00      0.00      0.00    100.00
04:46:45         25      0.00      0.00      0.00      0.00      0.00    100.00
04:46:45         26      0.00      0.00      0.00      0.00      0.00    100.00
04:46:45         27      0.00      0.00      0.00      0.00      0.00    100.00
04:46:45         28      0.00      0.00      0.00      0.00      0.00    100.00
04:46:45         29      0.00      0.00      0.00      0.00      0.00    100.00
04:46:45         30      0.00      0.00      0.00      0.00      0.00    100.00
04:46:45         31      0.00      0.00      0.00      0.00      0.00    100.00

04:46:45        CPU     %user     %nice   %system   %iowait    %steal     %idle
04:46:46        all      2.78      0.00      0.38      0.00      0.00     96.84
04:46:46          0      0.00      0.00      0.00      0.00      0.00    100.00
04:46:46          1      0.00      0.00      0.00      0.00      0.00    100.00
04:46:46          2      0.00      0.00      0.00      0.00      0.00    100.00
04:46:46          3      0.00      0.00      0.00      0.00      0.00    100.00
04:46:46          4     88.89      0.00     11.11      0.00      0.00      0.00
04:46:46          5      0.00      0.00      0.00      0.00      0.00    100.00
04:46:46          6      0.00      0.00      0.00      0.00      0.00    100.00
04:46:46          7      0.00      0.00      0.00      0.00      0.00    100.00
04:46:46          8      0.00      0.00      0.00      0.00      0.00    100.00
04:46:46          9      0.00      0.00      0.00      0.00      0.00    100.00
04:46:46         10      0.00      0.00      0.00      0.00      0.00    100.00
04:46:46         11      0.00      0.00      0.99      0.00      0.00     99.01
04:46:46         12      1.00      0.00      0.00      0.00      0.00     99.00
04:46:46         13      0.00      0.00      0.00      0.00      0.00    100.00
04:46:46         14      0.00      0.00      0.00      0.00      0.00    100.00
04:46:46         15      0.00      0.00      0.00      0.00      0.00    100.00
04:46:46         16      0.00      0.00      0.00      0.00      0.00    100.00
04:46:46         17      0.00      0.00      0.00      0.00      0.00    100.00
04:46:46         18      0.00      0.00      0.00      0.00      0.00    100.00
04:46:46         19      0.00      0.00      0.00      0.00      0.00    100.00
04:46:46         20      0.00      0.00      0.00      0.00      0.00    100.00
04:46:46         21      0.00      0.00      0.00      0.00      0.00    100.00
04:46:46         22      0.00      0.00      0.00      0.00      0.00    100.00
04:46:46         23      0.00      0.00      0.00      0.00      0.00    100.00
04:46:46         24      0.00      0.00      0.00      0.00      0.00    100.00
04:46:46         25      0.00      0.00      0.00      0.00      0.00    100.00
04:46:46         26      0.00      0.00      0.00      0.00      0.00    100.00
04:46:46         27      0.00      0.00      0.00      0.00      0.00    100.00
04:46:46         28      0.00      0.00      0.00      0.00      0.00    100.00
04:46:46         29      0.00      0.00      0.00      0.00      0.00    100.00
04:46:46         30      0.00      0.00      0.00      0.00      0.00    100.00
04:46:46         31      0.00      0.00      0.00      0.00      0.00    100.00

04:46:46        CPU     %user     %nice   %system   %iowait    %steal     %idle
04:46:47        all      3.16      0.00      0.00      0.00      0.00     96.84
04:46:47          0      0.00      0.00      0.00      0.00      0.00    100.00
04:46:47          1      0.00      0.00      0.00      0.00      0.00    100.00
04:46:47          2      0.00      0.00      0.00      0.00      0.00    100.00
04:46:47          3      0.00      0.00      0.00      0.00      0.00    100.00
04:46:47          4    100.00      0.00      0.00      0.00      0.00      0.00
04:46:47          5      0.00      0.00      0.00      0.00      0.00    100.00
04:46:47          6      0.00      0.00      0.00      0.00      0.00    100.00
04:46:47          7      0.00      0.00      0.00      0.00      0.00    100.00
04:46:47          8      0.00      0.00      0.00      0.00      0.00    100.00
04:46:47          9      0.00      0.00      0.00      0.00      0.00    100.00
04:46:47         10      0.00      0.00      0.00      0.00      0.00    100.00
04:46:47         11      0.00      0.00      0.00      0.00      0.00    100.00
04:46:47         12      1.00      0.00      0.00      0.00      0.00     99.00
04:46:47         13      0.00      0.00      0.00      0.00      0.00    100.00
04:46:47         14      0.00      0.00      0.00      0.00      0.00    100.00
04:46:47         15      0.00      0.00      0.00      0.00      0.00    100.00
04:46:47         16      0.00      0.00      0.00      0.00      0.00    100.00
04:46:47         17      0.00      0.00      0.00      0.00      0.00    100.00
04:46:47         18      0.00      0.00      0.00      0.00      0.00    100.00
04:46:47         19      0.00      0.00      0.00      0.00      0.00    100.00
04:46:47         20      0.00      0.00      0.00      0.00      0.00    100.00
04:46:47         21      0.00      0.00      0.00      0.00      0.00    100.00
04:46:47         22      0.00      0.00      0.00      0.00      0.00    100.00
04:46:47         23      0.00      0.00      0.00      0.00      0.00    100.00
04:46:47         24      0.00      0.00      0.00      0.00      0.00    100.00
04:46:47         25      0.00      0.00      0.00      0.00      0.00    100.00
04:46:47         26      0.00      0.00      0.00      0.00      0.00    100.00
04:46:47         27      0.00      0.00      0.00      0.00      0.00    100.00
04:46:47         28      0.00      0.00      0.00      0.00      0.00    100.00
04:46:47         29      0.00      0.00      0.00      0.00      0.00    100.00
04:46:47         30      0.00      0.00      0.00      0.00      0.00    100.00
04:46:47         31      0.00      0.00      0.00      0.00      0.00    100.00

04:46:47        CPU     %user     %nice   %system   %iowait    %steal     %idle
04:46:48        all      3.25      0.00      0.03      0.00      0.00     96.72
04:46:48          0      0.00      0.00      0.00      0.00      0.00    100.00
04:46:48          1      0.00      0.00      0.00      0.00      0.00    100.00
04:46:48          2      2.00      0.00      1.00      0.00      0.00     97.00
04:46:48          3      0.00      0.00      0.00      0.00      0.00    100.00
04:46:48          4    100.00      0.00      0.00      0.00      0.00      0.00
04:46:48          5      0.00      0.00      0.00      0.00      0.00    100.00
04:46:48          6      0.00      0.00      0.00      0.00      0.00    100.00
04:46:48          7      0.00      0.00      0.00      0.00      0.00    100.00
04:46:48          8      0.00      0.00      0.00      0.00      0.00    100.00
04:46:48          9      0.00      0.00      0.00      0.00      0.00    100.00
04:46:48         10      0.99      0.00      0.00      0.00      0.00     99.01
04:46:48         11      0.00      0.00      0.00      0.00      0.00    100.00
04:46:48         12      0.00      0.00      0.00      0.00      0.00    100.00
04:46:48         13      0.00      0.00      0.00      0.00      0.00    100.00
04:46:48         14      0.00      0.00      0.00      0.00      0.00    100.00
04:46:48         15      0.00      0.00      0.00      0.00      0.00    100.00
04:46:48         16      0.00      0.00      0.00      0.00      0.00    100.00
04:46:48         17      0.00      0.00      0.00      0.00      0.00    100.00
04:46:48         18      0.00      0.00      0.00      0.00      0.00    100.00
04:46:48         19      1.00      0.00      0.00      0.00      0.00     99.00
04:46:48         20      0.00      0.00      0.00      0.00      0.00    100.00
04:46:48         21      0.00      0.00      0.00      0.00      0.00    100.00
04:46:48         22      0.00      0.00      0.00      0.00      0.00    100.00
04:46:48         23      0.00      0.00      0.00      0.00      0.00    100.00
04:46:48         24      0.00      0.00      0.00      0.00      0.00    100.00
04:46:48         25      0.00      0.00      0.00      0.00      0.00    100.00
04:46:48         26      0.00      0.00      0.00      0.00      0.00    100.00
04:46:48         27      0.00      0.00      0.00      0.00      0.00    100.00
04:46:48         28      0.00      0.00      0.00      0.00      0.00    100.00
04:46:48         29      0.00      0.00      0.00      0.00      0.00    100.00
04:46:48         30      0.00      0.00      0.00      0.00      0.00    100.00
04:46:48         31      0.00      0.00      0.00      0.00      0.00    100.00

04:46:48        CPU     %user     %nice   %system   %iowait    %steal     %idle
04:46:49        all      3.19      0.00      0.00      0.00      0.00     96.81
04:46:49          0      0.00      0.00      0.00      0.00      0.00    100.00
04:46:49          1      0.00      0.00      0.00      0.00      0.00    100.00
04:46:49          2      0.00      0.00      0.00      0.00      0.00    100.00
04:46:49          3      0.00      0.00      0.00      0.00      0.00    100.00
04:46:49          4    100.00      0.00      0.00      0.00      0.00      0.00
04:46:49          5      0.00      0.00      0.00      0.00      0.00    100.00
04:46:49          6      0.00      0.00      0.00      0.00      0.00    100.00
04:46:49          7      0.00      0.00      0.00      0.00      0.00    100.00
04:46:49          8      0.00      0.00      0.00      0.00      0.00    100.00
04:46:49          9      0.00      0.00      0.00      0.00      0.00    100.00
04:46:49         10      0.00      0.00      0.00      0.00      0.00    100.00
04:46:49         11      0.00      0.00      0.00      0.00      0.00    100.00
04:46:49         12      2.00      0.00      0.00      0.00      0.00     98.00
04:46:49         13      0.00      0.00      0.00      0.00      0.00    100.00
04:46:49         14      0.00      0.00      0.00      0.00      0.00    100.00
04:46:49         15      0.00      0.00      0.00      0.00      0.00    100.00
04:46:49         16      0.00      0.00      0.00      0.00      0.00    100.00
04:46:49         17      0.00      0.00      0.00      0.00      0.00    100.00
04:46:49         18      0.00      0.00      0.00      0.00      0.00    100.00
04:46:49         19      0.00      0.00      0.00      0.00      0.00    100.00
04:46:49         20      0.00      0.00      0.00      0.00      0.00    100.00
04:46:49         21      0.00      0.00      0.00      0.00      0.00    100.00
04:46:49         22      0.00      0.00      0.00      0.00      0.00    100.00
04:46:49         23      0.00      0.00      0.00      0.00      0.00    100.00
04:46:49         24      0.00      0.00      0.00      0.00      0.00    100.00
04:46:49         25      0.00      0.00      0.00      0.00      0.00    100.00
04:46:49         26      0.00      0.00      0.00      0.00      0.00    100.00
04:46:49         27      0.00      0.00      0.00      0.00      0.00    100.00
04:46:49         28      0.00      0.00      0.00      0.00      0.00    100.00
04:46:49         29      0.00      0.00      0.00      0.00      0.00    100.00
04:46:49         30      0.00      0.00      0.00      0.00      0.00    100.00
04:46:49         31      0.00      0.00      0.00      0.00      0.00    100.00

04:46:49        CPU     %user     %nice   %system   %iowait    %steal     %idle
04:46:50        all      3.13      0.00      0.00      0.00      0.00     96.87
04:46:50          0      0.00      0.00      0.00      0.00      0.00    100.00
04:46:50          1      0.00      0.00      0.00      0.00      0.00    100.00
04:46:50          2      0.00      0.00      0.00      0.00      0.00    100.00
04:46:50          3      0.00      0.00      0.00      0.00      0.00    100.00
04:46:50          4    100.00      0.00      0.00      0.00      0.00      0.00
04:46:50          5      0.00      0.00      0.00      0.00      0.00    100.00
04:46:50          6      0.00      0.00      0.00      0.00      0.00    100.00
04:46:50          7      0.00      0.00      0.00      0.00      0.00    100.00
04:46:50          8      0.00      0.00      0.00      0.00      0.00    100.00
04:46:50          9      0.00      0.00      0.00      0.00      0.00    100.00
04:46:50         10      0.00      0.00      0.00      0.00      0.00    100.00
04:46:50         11      0.00      0.00      0.00      0.00      0.00    100.00
04:46:50         12      0.00      0.00      0.00      0.00      0.00    100.00
04:46:50         13      0.00      0.00      0.00      0.00      0.00    100.00
04:46:50         14      0.00      0.00      0.00      0.00      0.00    100.00
04:46:50         15      0.00      0.00      0.00      0.00      0.00    100.00
04:46:50         16      0.00      0.00      0.00      0.00      0.00    100.00
04:46:50         17      0.00      0.00      0.00      0.00      0.00    100.00
04:46:50         18      0.00      0.00      0.00      0.00      0.00    100.00
04:46:50         19      0.00      0.00      0.00      0.00      0.00    100.00
04:46:50         20      0.00      0.00      0.00      0.00      0.00    100.00
04:46:50         21      0.00      0.00      0.00      0.00      0.00    100.00
04:46:50         22      0.00      0.00      0.00      0.00      0.00    100.00
04:46:50         23      0.00      0.00      0.00      0.00      0.00    100.00
04:46:50         24      0.00      0.00      0.00      0.00      0.00    100.00
04:46:50         25      0.00      0.00      0.00      0.00      0.00    100.00
04:46:50         26      0.00      0.00      0.00      0.00      0.00    100.00
04:46:50         27      0.00      0.00      0.00      0.00      0.00    100.00
04:46:50         28      0.00      0.00      0.00      0.00      0.00    100.00
04:46:50         29      0.00      0.00      0.00      0.00      0.00    100.00
04:46:50         30      0.00      0.00      0.00      0.00      0.00    100.00
04:46:50         31      0.00      0.00      0.00      0.00      0.00    100.00

04:46:50        CPU     %user     %nice   %system   %iowait    %steal     %idle
04:46:51        all      3.16      0.00      0.00      0.00      0.00     96.84
04:46:51          0      0.00      0.00      0.00      0.00      0.00    100.00
04:46:51          1      0.00      0.00      0.00      0.00      0.00    100.00
04:46:51          2      0.00      0.00      0.00      0.00      0.00    100.00
04:46:51          3      0.00      0.00      0.00      0.00      0.00    100.00
04:46:51          4    100.00      0.00      0.00      0.00      0.00      0.00
04:46:51          5      0.00      0.00      0.00      0.00      0.00    100.00
04:46:51          6      0.00      0.00      0.00      0.00      0.00    100.00
04:46:51          7      0.00      0.00      0.00      0.00      0.00    100.00
04:46:51          8      0.00      0.00      0.00      0.00      0.00    100.00
04:46:51          9      0.00      0.00      0.00      0.00      0.00    100.00
04:46:51         10      0.00      0.00      0.00      0.00      0.00    100.00
04:46:51         11      0.00      0.00      0.00      0.00      0.00    100.00
04:46:51         12      1.00      0.00      0.00      0.00      0.00     99.00
04:46:51         13      0.00      0.00      0.00      0.00      0.00    100.00
04:46:51         14      0.00      0.00      0.00      0.00      0.00    100.00
04:46:51         15      0.00      0.00      0.00      0.00      0.00    100.00
04:46:51         16      0.00      0.00      0.00      0.00      0.00    100.00
04:46:51         17      0.00      0.00      0.00      0.00      0.00    100.00
04:46:51         18      0.00      0.00      0.00      0.00      0.00    100.00
04:46:51         19      0.00      0.00      0.00      0.00      0.00    100.00
04:46:51         20      0.00      0.00      0.00      0.00      0.00    100.00
04:46:51         21      0.00      0.00      0.00      0.00      0.00    100.00
04:46:51         22      0.00      0.00      0.00      0.00      0.00    100.00
04:46:51         23      0.00      0.00      0.00      0.00      0.00    100.00
04:46:51         24      0.00      0.00      0.00      0.00      0.00    100.00
04:46:51         25      0.00      0.00      0.00      0.00      0.00    100.00
04:46:51         26      0.00      0.00      0.00      0.00      0.00    100.00
04:46:51         27      0.00      0.00      0.00      0.00      0.00    100.00
04:46:51         28      0.00      0.00      0.00      0.00      0.00    100.00
04:46:51         29      0.00      0.00      0.00      0.00      0.00    100.00
04:46:51         30      0.00      0.00      0.00      0.00      0.00    100.00
04:46:51         31      0.00      0.00      0.00      0.00      0.00    100.00

04:46:51        CPU     %user     %nice   %system   %iowait    %steal     %idle
04:46:52        all      3.22      0.00      0.03      0.00      0.00     96.75
04:46:52          0      0.00      0.00      0.00      0.00      0.00    100.00
04:46:52          1      0.99      0.00      0.00      0.00      0.00     99.01
04:46:52          2      0.00      0.00      0.00      0.00      0.00    100.00
04:46:52          3      0.00      0.00      0.00      0.00      0.00    100.00
04:46:52          4    100.00      0.00      0.00      0.00      0.00      0.00
04:46:52          5      0.00      0.00      0.00      0.00      0.00    100.00
04:46:52          6      0.00      0.00      0.00      0.00      0.00    100.00
04:46:52          7      0.00      0.00      0.00      0.00      0.00    100.00
04:46:52          8      0.00      0.00      0.00      0.00      0.00    100.00
04:46:52          9      0.00      0.00      0.00      0.00      0.00    100.00
04:46:52         10      0.00      0.00      0.99      0.00      0.00     99.01
04:46:52         11      0.00      0.00      0.00      0.00      0.00    100.00
04:46:52         12      1.98      0.00      0.00      0.00      0.00     98.02
04:46:52         13      0.00      0.00      0.00      0.00      0.00    100.00
04:46:52         14      0.00      0.00      0.00      0.00      0.00    100.00
04:46:52         15      0.00      0.00      0.00      0.00      0.00    100.00
04:46:52         16      0.00      0.00      0.00      0.00      0.00    100.00
04:46:52         17      0.00      0.00      0.00      0.00      0.00    100.00
04:46:52         18      0.00      0.00      0.00      0.00      0.00    100.00
04:46:52         19      0.00      0.00      0.00      0.00      0.00    100.00
04:46:52         20      0.00      0.00      0.00      0.00      0.00    100.00
04:46:52         21      0.00      0.00      0.00      0.00      0.00    100.00
04:46:52         22      0.00      0.00      0.00      0.00      0.00    100.00
04:46:52         23      0.00      0.00      0.00      0.00      0.00    100.00
04:46:52         24      0.00      0.00      0.00      0.00      0.00    100.00
04:46:52         25      0.00      0.00      0.00      0.00      0.00    100.00
04:46:52         26      0.00      0.00      0.00      0.00      0.00    100.00
04:46:52         27      0.00      0.00      0.00      0.00      0.00    100.00
04:46:52         28      0.00      0.00      0.00      0.00      0.00    100.00
04:46:52         29      0.00      0.00      0.00      0.00      0.00    100.00
04:46:52         30      0.00      0.00      0.00      0.00      0.00    100.00
04:46:52         31      0.00      0.00      0.00      0.00      0.00    100.00

04:46:52        CPU     %user     %nice   %system   %iowait    %steal     %idle
04:46:53        all      3.16      0.00      0.00      0.00      0.00     96.84
04:46:53          0      0.00      0.00      0.00      0.00      0.00    100.00
04:46:53          1      0.00      0.00      0.00      0.00      0.00    100.00
04:46:53          2      0.00      0.00      0.00      0.00      0.00    100.00
04:46:53          3      0.00      0.00      0.00      0.00      0.00    100.00
04:46:53          4    100.00      0.00      0.00      0.00      0.00      0.00
04:46:53          5      0.00      0.00      0.00      0.00      0.00    100.00
04:46:53          6      0.00      0.00      0.00      0.00      0.00    100.00
04:46:53          7      0.00      0.00      0.00      0.00      0.00    100.00
04:46:53          8      0.00      0.00      0.00      0.00      0.00    100.00
04:46:53          9      0.00      0.00      0.00      0.00      0.00    100.00
04:46:53         10      0.00      0.00      0.00      0.00      0.00    100.00
04:46:53         11      0.00      0.00      0.00      0.00      0.00    100.00
04:46:53         12      1.00      0.00      0.00      0.00      0.00     99.00
04:46:53         13      0.00      0.00      0.00      0.00      0.00    100.00
04:46:53         14      0.00      0.00      0.00      0.00      0.00    100.00
04:46:53         15      0.00      0.00      0.00      0.00      0.00    100.00
04:46:53         16      0.00      0.00      0.00      0.00      0.00    100.00
04:46:53         17      0.00      0.00      0.00      0.00      0.00    100.00
04:46:53         18      0.00      0.00      0.00      0.00      0.00    100.00
04:46:53         19      0.00      0.00      0.00      0.00      0.00    100.00
04:46:53         20      0.00      0.00      0.00      0.00      0.00    100.00
04:46:53         21      0.00      0.00      0.00      0.00      0.00    100.00
04:46:53         22      0.00      0.00      0.00      0.00      0.00    100.00
04:46:53         23      0.00      0.00      0.00      0.00      0.00    100.00
04:46:53         24      0.00      0.00      0.00      0.00      0.00    100.00
04:46:53         25      0.00      0.00      0.00      0.00      0.00    100.00
04:46:53         26      0.00      0.00      0.00      0.00      0.00    100.00
04:46:53         27      0.00      0.00      0.00      0.00      0.00    100.00
04:46:53         28      0.00      0.00      0.00      0.00      0.00    100.00
04:46:53         29      0.00      0.00      0.00      0.00      0.00    100.00
04:46:53         30      0.00      0.00      0.00      0.00      0.00    100.00
04:46:53         31      0.00      0.00      0.00      0.00      0.00    100.00

04:46:53        CPU     %user     %nice   %system   %iowait    %steal     %idle
04:46:54        all      3.19      0.00      0.00      0.00      0.00     96.81
04:46:54          0      0.00      0.00      0.00      0.00      0.00    100.00
04:46:54          1      0.00      0.00      0.00      0.00      0.00    100.00
04:46:54          2      0.00      0.00      0.00      0.00      0.00    100.00
04:46:54          3      0.00      0.00      0.00      0.00      0.00    100.00
04:46:54          4    100.00      0.00      0.00      0.00      0.00      0.00
04:46:54          5      0.00      0.00      0.00      0.00      0.00    100.00
04:46:54          6      0.00      0.00      0.00      0.00      0.00    100.00
04:46:54          7      0.00      0.00      0.00      0.00      0.00    100.00
04:46:54          8      0.00      0.00      0.00      0.00      0.00    100.00
04:46:54          9      0.00      0.00      0.00      0.00      0.00    100.00
04:46:54         10      0.00      0.00      0.00      0.00      0.00    100.00
04:46:54         11      0.00      0.00      0.00      0.00      0.00    100.00
04:46:54         12      1.00      0.00      0.00      0.00      0.00     99.00
04:46:54         13      0.00      0.00      0.00      0.00      0.00    100.00
04:46:54         14      0.00      0.00      0.00      0.00      0.00    100.00
04:46:54         15      0.00      0.00      0.00      0.00      0.00    100.00
04:46:54         16      0.99      0.00      0.00      0.00      0.00     99.01
04:46:54         17      0.00      0.00      0.00      0.00      0.00    100.00
04:46:54         18      0.00      0.00      0.00      0.00      0.00    100.00
04:46:54         19      0.00      0.00      0.00      0.00      0.00    100.00
04:46:54         20      0.00      0.00      0.00      0.00      0.00    100.00
04:46:54         21      0.00      0.00      0.00      0.00      0.00    100.00
04:46:54         22      0.00      0.00      0.00      0.00      0.00    100.00
04:46:54         23      0.00      0.00      0.00      0.00      0.00    100.00
04:46:54         24      0.00      0.00      0.00      0.00      0.00    100.00
04:46:54         25      0.00      0.00      0.00      0.00      0.00    100.00
04:46:54         26      0.00      0.00      0.00      0.00      0.00    100.00
04:46:54         27      0.00      0.00      0.00      0.00      0.00    100.00
04:46:54         28      0.00      0.00      0.00      0.00      0.00    100.00
04:46:54         29      0.00      0.00      0.00      0.00      0.00    100.00
04:46:54         30      0.00      0.00      0.00      0.00      0.00    100.00
04:46:54         31      0.00      0.00      0.00      0.00      0.00    100.00

04:46:54        CPU     %user     %nice   %system   %iowait    %steal     %idle
04:46:55        all      3.16      0.00      0.03      0.00      0.00     96.81
04:46:55          0      0.00      0.00      0.00      0.00      0.00    100.00
04:46:55          1      0.00      0.00      0.00      0.00      0.00    100.00
04:46:55          2      0.00      0.00      1.00      0.00      0.00     99.00
04:46:55          3      0.00      0.00      0.00      0.00      0.00    100.00
04:46:55          4    100.00      0.00      0.00      0.00      0.00      0.00
04:46:55          5      0.00      0.00      0.00      0.00      0.00    100.00
04:46:55          6      0.00      0.00      0.00      0.00      0.00    100.00
04:46:55          7      0.00      0.00      0.00      0.00      0.00    100.00
04:46:55          8      0.00      0.00      0.00      0.00      0.00    100.00
04:46:55          9      0.00      0.00      0.00      0.00      0.00    100.00
04:46:55         10      0.00      0.00      0.00      0.00      0.00    100.00
04:46:55         11      0.00      0.00      0.00      0.00      0.00    100.00
04:46:55         12      1.00      0.00      0.00      0.00      0.00     99.00
04:46:55         13      0.00      0.00      0.00      0.00      0.00    100.00
04:46:55         14      0.00      0.00      0.00      0.00      0.00    100.00
04:46:55         15      0.00      0.00      0.00      0.00      0.00    100.00
04:46:55         16      0.00      0.00      0.00      0.00      0.00    100.00
04:46:55         17      0.00      0.00      0.00      0.00      0.00    100.00
04:46:55         18      0.00      0.00      0.00      0.00      0.00    100.00
04:46:55         19      0.00      0.00      0.00      0.00      0.00    100.00
04:46:55         20      0.00      0.00      0.00      0.00      0.00    100.00
04:46:55         21      0.00      0.00      0.00      0.00      0.00    100.00
04:46:55         22      0.00      0.00      0.00      0.00      0.00    100.00
04:46:55         23      0.00      0.00      0.00      0.00      0.00    100.00
04:46:55         24      0.00      0.00      0.00      0.00      0.00    100.00
04:46:55         25      0.00      0.00      0.00      0.00      0.00    100.00
04:46:55         26      0.00      0.00      0.00      0.00      0.00    100.00
04:46:55         27      0.00      0.00      0.00      0.00      0.00    100.00
04:46:55         28      0.00      0.00      0.00      0.00      0.00    100.00
04:46:55         29      0.00      0.00      0.00      0.00      0.00    100.00
04:46:55         30      0.00      0.00      0.00      0.00      0.00    100.00
04:46:55         31      0.00      0.00      0.00      0.00      0.00    100.00

04:46:55        CPU     %user     %nice   %system   %iowait    %steal     %idle
04:46:56        all      3.22      0.00      0.00      0.00      0.00     96.78
04:46:56          0      0.00      0.00      0.00      0.00      0.00    100.00
04:46:56          1      0.00      0.00      0.00      0.00      0.00    100.00
04:46:56          2      0.00      0.00      0.00      0.00      0.00    100.00
04:46:56          3      0.00      0.00      0.00      0.00      0.00    100.00
04:46:56          4    100.00      0.00      0.00      0.00      0.00      0.00
04:46:56          5      0.00      0.00      0.00      0.00      0.00    100.00
04:46:56          6      0.00      0.00      0.00      0.00      0.00    100.00
04:46:56          7      0.00      0.00      0.00      0.00      0.00    100.00
04:46:56          8      0.00      0.00      0.00      0.00      0.00    100.00
04:46:56          9      0.00      0.00      0.00      0.00      0.00    100.00
04:46:56         10      0.00      0.00      0.00      0.00      0.00    100.00
04:46:56         11      0.00      0.00      0.00      0.00      0.00    100.00
04:46:56         12      1.98      0.00      0.00      0.00      0.00     98.02
04:46:56         13      0.00      0.00      0.00      0.00      0.00    100.00
04:46:56         14      0.00      0.00      0.00      0.00      0.00    100.00
04:46:56         15      0.00      0.00      0.00      0.00      0.00    100.00
04:46:56         16      0.99      0.00      0.00      0.00      0.00     99.01
04:46:56         17      0.00      0.00      0.00      0.00      0.00    100.00
04:46:56         18      0.00      0.00      0.00      0.00      0.00    100.00
04:46:56         19      0.00      0.00      0.00      0.00      0.00    100.00
04:46:56         20      0.00      0.00      0.00      0.00      0.00    100.00
04:46:56         21      0.00      0.00      0.00      0.00      0.00    100.00
04:46:56         22      0.00      0.00      0.00      0.00      0.00    100.00
04:46:56         23      0.00      0.00      0.00      0.00      0.00    100.00
04:46:56         24      0.00      0.00      0.00      0.00      0.00    100.00
04:46:56         25      0.00      0.00      0.00      0.00      0.00    100.00
04:46:56         26      0.00      0.00      0.00      0.00      0.00    100.00
04:46:56         27      0.00      0.00      0.00      0.00      0.00    100.00
04:46:56         28      0.00      0.00      0.00      0.00      0.00    100.00
04:46:56         29      0.00      0.00      0.00      0.00      0.00    100.00
04:46:56         30      0.00      0.00      0.00      0.00      0.00    100.00
04:46:56         31      0.00      0.00      0.00      0.00      0.00    100.00

04:46:56        CPU     %user     %nice   %system   %iowait    %steal     %idle
04:46:57        all      3.16      0.00      0.00      0.00      0.00     96.84
04:46:57          0      0.00      0.00      0.00      0.00      0.00    100.00
04:46:57          1      0.00      0.00      0.00      0.00      0.00    100.00
04:46:57          2      0.00      0.00      0.00      0.00      0.00    100.00
04:46:57          3      0.00      0.00      0.00      0.00      0.00    100.00
04:46:57          4    100.00      0.00      0.00      0.00      0.00      0.00
04:46:57          5      0.00      0.00      0.00      0.00      0.00    100.00
04:46:57          6      0.00      0.00      0.00      0.00      0.00    100.00
04:46:57          7      0.00      0.00      0.00      0.00      0.00    100.00
04:46:57          8      0.00      0.00      0.00      0.00      0.00    100.00
04:46:57          9      0.00      0.00      0.00      0.00      0.00    100.00
04:46:57         10      0.00      0.00      0.00      0.00      0.00    100.00
04:46:57         11      0.00      0.00      0.00      0.00      0.00    100.00
04:46:57         12      1.00      0.00      0.00      0.00      0.00     99.00
04:46:57         13      0.00      0.00      0.00      0.00      0.00    100.00
04:46:57         14      0.00      0.00      0.00      0.00      0.00    100.00
04:46:57         15      0.00      0.00      0.00      0.00      0.00    100.00
04:46:57         16      0.00      0.00      0.00      0.00      0.00    100.00
04:46:57         17      0.00      0.00      0.00      0.00      0.00    100.00
04:46:57         18      0.00      0.00      0.00      0.00      0.00    100.00
04:46:57         19      0.00      0.00      0.00      0.00      0.00    100.00
04:46:57         20      0.00      0.00      0.00      0.00      0.00    100.00
04:46:57         21      0.00      0.00      0.00      0.00      0.00    100.00
04:46:57         22      0.00      0.00      0.00      0.00      0.00    100.00
04:46:57         23      0.00      0.00      0.00      0.00      0.00    100.00
04:46:57         24      0.00      0.00      0.00      0.00      0.00    100.00
04:46:57         25      0.00      0.00      0.00      0.00      0.00    100.00
04:46:57         26      0.00      0.00      0.00      0.00      0.00    100.00
04:46:57         27      0.00      0.00      0.00      0.00      0.00    100.00
04:46:57         28      0.00      0.00      0.00      0.00      0.00    100.00
04:46:57         29      0.00      0.00      0.00      0.00      0.00    100.00
04:46:57         30      0.00      0.00      0.00      0.00      0.00    100.00
04:46:57         31      0.00      0.00      0.00      0.00      0.00    100.00

04:46:57        CPU     %user     %nice   %system   %iowait    %steal     %idle
04:46:58        all      3.16      0.00      0.00      0.00      0.00     96.84
04:46:58          0      0.00      0.00      0.00      0.00      0.00    100.00
04:46:58          1      0.00      0.00      0.00      0.00      0.00    100.00
04:46:58          2      0.00      0.00      0.00      0.00      0.00    100.00
04:46:58          3      0.00      0.00      0.00      0.00      0.00    100.00
04:46:58          4    100.00      0.00      0.00      0.00      0.00      0.00
04:46:58          5      0.00      0.00      0.00      0.00      0.00    100.00
04:46:58          6      0.00      0.00      0.00      0.00      0.00    100.00
04:46:58          7      0.00      0.00      0.00      0.00      0.00    100.00
04:46:58          8      0.00      0.00      0.00      0.00      0.00    100.00
04:46:58          9      0.00      0.00      0.00      0.00      0.00    100.00
04:46:58         10      0.00      0.00      0.00      0.00      0.00    100.00
04:46:58         11      0.00      0.00      0.00      0.00      0.00    100.00
04:46:58         12      1.00      0.00      0.00      0.00      0.00     99.00
04:46:58         13      0.00      0.00      0.00      0.00      0.00    100.00
04:46:58         14      0.00      0.00      0.00      0.00      0.00    100.00
04:46:58         15      0.00      0.00      0.00      0.00      0.00    100.00
04:46:58         16      0.00      0.00      0.00      0.00      0.00    100.00
04:46:58         17      0.00      0.00      0.00      0.00      0.00    100.00
04:46:58         18      0.00      0.00      0.00      0.00      0.00    100.00
04:46:58         19      0.00      0.00      0.00      0.00      0.00    100.00
04:46:58         20      0.00      0.00      0.00      0.00      0.00    100.00
04:46:58         21      0.00      0.00      0.00      0.00      0.00    100.00
04:46:58         22      0.00      0.00      0.00      0.00      0.00    100.00
04:46:58         23      0.00      0.00      0.00      0.00      0.00    100.00
04:46:58         24      0.00      0.00      0.00      0.00      0.00    100.00
04:46:58         25      0.00      0.00      0.00      0.00      0.00    100.00
04:46:58         26      0.00      0.00      0.00      0.00      0.00    100.00
04:46:58         27      0.00      0.00      0.00      0.00      0.00    100.00
04:46:58         28      0.00      0.00      0.00      0.00      0.00    100.00
04:46:58         29      0.00      0.00      0.00      0.00      0.00    100.00
04:46:58         30      0.00      0.00      0.00      0.00      0.00    100.00
04:46:58         31      0.00      0.00      0.00      0.00      0.00    100.00

04:46:58        CPU     %user     %nice   %system   %iowait    %steal     %idle
04:46:59        all      3.16      0.00      0.03      0.00      0.00     96.81
04:46:59          0      0.00      0.00      0.00      0.00      0.00    100.00
04:46:59          1      0.00      0.00      0.00      0.00      0.00    100.00
04:46:59          2      0.00      0.00      0.00      0.00      0.00    100.00
04:46:59          3      0.00      0.00      0.00      0.00      0.00    100.00
04:46:59          4    100.00      0.00      0.00      0.00      0.00      0.00
04:46:59          5      0.00      0.00      0.00      0.00      0.00    100.00
04:46:59          6      0.00      0.00      0.00      0.00      0.00    100.00
04:46:59          7      0.00      0.00      0.00      0.00      0.00    100.00
04:46:59          8      0.00      0.00      0.00      0.00      0.00    100.00
04:46:59          9      0.00      0.00      0.00      0.00      0.00    100.00
04:46:59         10      0.00      0.00      0.00      0.00      0.00    100.00
04:46:59         11      0.00      0.00      0.00      0.00      0.00    100.00
04:46:59         12      1.01      0.00      0.00      0.00      0.00     98.99
04:46:59         13      0.00      0.00      0.00      0.00      0.00    100.00
04:46:59         14      0.00      0.00      0.00      0.00      0.00    100.00
04:46:59         15      0.00      0.00      0.00      0.00      0.00    100.00
04:46:59         16      0.00      0.00      0.99      0.00      0.00     99.01
04:46:59         17      0.00      0.00      0.00      0.00      0.00    100.00
04:46:59         18      0.00      0.00      0.00      0.00      0.00    100.00
04:46:59         19      0.00      0.00      0.00      0.00      0.00    100.00
04:46:59         20      0.00      0.00      0.00      0.00      0.00    100.00
04:46:59         21      0.00      0.00      0.00      0.00      0.00    100.00
04:46:59         22      0.00      0.00      0.00      0.00      0.00    100.00
04:46:59         23      0.00      0.00      0.00      0.00      0.00    100.00
04:46:59         24      0.00      0.00      0.00      0.00      0.00    100.00
04:46:59         25      0.00      0.00      0.00      0.00      0.00    100.00
04:46:59         26      0.00      0.00      0.00      0.00      0.00    100.00
04:46:59         27      0.00      0.00      0.00      0.00      0.00    100.00
04:46:59         28      0.00      0.00      0.00      0.00      0.00    100.00
04:46:59         29      0.00      0.00      0.00      0.00      0.00    100.00
04:46:59         30      0.00      0.00      0.00      0.00      0.00    100.00
04:46:59         31      0.00      0.00      0.00      0.00      0.00    100.00

04:46:59        CPU     %user     %nice   %system   %iowait    %steal     %idle
04:47:00        all      3.13      0.00      0.00      0.00      0.00     96.87
04:47:00          0      0.00      0.00      0.00      0.00      0.00    100.00
04:47:00          1      0.00      0.00      0.00      0.00      0.00    100.00
04:47:00          2      0.00      0.00      0.00      0.00      0.00    100.00
04:47:00          3      0.00      0.00      0.00      0.00      0.00    100.00
04:47:00          4    100.00      0.00      0.00      0.00      0.00      0.00
04:47:00          5      0.00      0.00      0.00      0.00      0.00    100.00
04:47:00          6      0.00      0.00      0.00      0.00      0.00    100.00
04:47:00          7      0.00      0.00      0.00      0.00      0.00    100.00
04:47:00          8      0.00      0.00      0.00      0.00      0.00    100.00
04:47:00          9      0.00      0.00      0.00      0.00      0.00    100.00
04:47:00         10      0.00      0.00      0.00      0.00      0.00    100.00
04:47:00         11      0.00      0.00      0.00      0.00      0.00    100.00
04:47:00         12      0.00      0.00      0.00      0.00      0.00    100.00
04:47:00         13      0.00      0.00      0.00      0.00      0.00    100.00
04:47:00         14      0.00      0.00      0.00      0.00      0.00    100.00
04:47:00         15      0.00      0.00      0.00      0.00      0.00    100.00
04:47:00         16      0.00      0.00      0.00      0.00      0.00    100.00
04:47:00         17      0.00      0.00      0.00      0.00      0.00    100.00
04:47:00         18      0.00      0.00      0.00      0.00      0.00    100.00
04:47:00         19      0.00      0.00      0.00      0.00      0.00    100.00
04:47:00         20      0.00      0.00      0.00      0.00      0.00    100.00
04:47:00         21      0.00      0.00      0.00      0.00      0.00    100.00
04:47:00         22      0.00      0.00      0.00      0.00      0.00    100.00
04:47:00         23      0.00      0.00      0.00      0.00      0.00    100.00
04:47:00         24      0.00      0.00      0.00      0.00      0.00    100.00
04:47:00         25      0.00      0.00      0.00      0.00      0.00    100.00
04:47:00         26      0.00      0.00      0.00      0.00      0.00    100.00
04:47:00         27      0.00      0.00      0.00      0.00      0.00    100.00
04:47:00         28      0.00      0.00      0.00      0.00      0.00    100.00
04:47:00         29      0.00      0.00      0.00      0.00      0.00    100.00
04:47:00         30      0.00      0.00      0.00      0.00      0.00    100.00
04:47:00         31      0.00      0.00      0.00      0.00      0.00    100.00

04:47:00        CPU     %user     %nice   %system   %iowait    %steal     %idle
04:47:01        all      3.12      0.00      0.06      0.00      0.00     96.81
04:47:01          0      0.00      0.00      0.99      0.00      0.00     99.01
04:47:01          1      0.00      0.00      0.00      0.00      0.00    100.00
04:47:01          2      0.00      0.00      0.00      0.00      0.00    100.00
04:47:01          3      0.00      0.00      0.00      0.00      0.00    100.00
04:47:01          4    100.00      0.00      0.00      0.00      0.00      0.00
04:47:01          5      0.00      0.00      0.00      0.00      0.00    100.00
04:47:01          6      0.00      0.00      0.00      0.00      0.00    100.00
04:47:01          7      0.00      0.00      0.00      0.00      0.00    100.00
04:47:01          8      0.00      0.00      0.00      0.00      0.00    100.00
04:47:01          9      0.00      0.00      0.00      0.00      0.00    100.00
04:47:01         10      0.00      0.00      0.00      0.00      0.00    100.00
04:47:01         11      0.00      0.00      0.00      0.00      0.00    100.00
04:47:01         12      0.00      0.00      1.00      0.00      0.00     99.00
04:47:01         13      0.00      0.00      0.00      0.00      0.00    100.00
04:47:01         14      0.00      0.00      0.00      0.00      0.00    100.00
04:47:01         15      0.00      0.00      0.00      0.00      0.00    100.00
04:47:01         16      0.00      0.00      0.00      0.00      0.00    100.00
04:47:01         17      0.00      0.00      0.00      0.00      0.00    100.00
04:47:01         18      0.00      0.00      0.00      0.00      0.00    100.00
04:47:01         19      0.00      0.00      0.00      0.00      0.00    100.00
04:47:01         20      0.00      0.00      0.00      0.00      0.00    100.00
04:47:01         21      0.00      0.00      0.00      0.00      0.00    100.00
04:47:01         22      0.00      0.00      0.00      0.00      0.00    100.00
04:47:01         23      0.00      0.00      0.00      0.00      0.00    100.00
04:47:01         24      0.00      0.00      0.00      0.00      0.00    100.00
04:47:01         25      0.00      0.00      0.00      0.00      0.00    100.00
04:47:01         26      0.00      0.00      0.00      0.00      0.00    100.00
04:47:01         27      0.00      0.00      0.00      0.00      0.00    100.00
04:47:01         28      0.00      0.00      0.00      0.00      0.00    100.00
04:47:01         29      0.00      0.00      0.00      0.00      0.00    100.00
04:47:01         30      0.00      0.00      0.00      0.00      0.00    100.00
04:47:01         31      0.00      0.00      0.00      0.00      0.00    100.00

04:47:01        CPU     %user     %nice   %system   %iowait    %steal     %idle
04:47:02        all      3.16      0.00      0.00      0.00      0.00     96.84
04:47:02          0      0.00      0.00      0.00      0.00      0.00    100.00
04:47:02          1      0.00      0.00      0.00      0.00      0.00    100.00
04:47:02          2      0.00      0.00      0.00      0.00      0.00    100.00
04:47:02          3      0.00      0.00      0.00      0.00      0.00    100.00
04:47:02          4    100.00      0.00      0.00      0.00      0.00      0.00
04:47:02          5      0.00      0.00      0.00      0.00      0.00    100.00
04:47:02          6      0.00      0.00      0.00      0.00      0.00    100.00
04:47:02          7      0.00      0.00      0.00      0.00      0.00    100.00
04:47:02          8      0.00      0.00      0.00      0.00      0.00    100.00
04:47:02          9      0.00      0.00      0.00      0.00      0.00    100.00
04:47:02         10      0.00      0.00      0.00      0.00      0.00    100.00
04:47:02         11      0.00      0.00      0.00      0.00      0.00    100.00
04:47:02         12      1.00      0.00      0.00      0.00      0.00     99.00
04:47:02         13      0.00      0.00      0.00      0.00      0.00    100.00
04:47:02         14      0.00      0.00      0.00      0.00      0.00    100.00
04:47:02         15      0.00      0.00      0.00      0.00      0.00    100.00
04:47:02         16      0.00      0.00      0.00      0.00      0.00    100.00
04:47:02         17      0.00      0.00      0.00      0.00      0.00    100.00
04:47:02         18      0.00      0.00      0.00      0.00      0.00    100.00
04:47:02         19      0.00      0.00      0.00      0.00      0.00    100.00
04:47:02         20      0.00      0.00      0.00      0.00      0.00    100.00
04:47:02         21      0.00      0.00      0.00      0.00      0.00    100.00
04:47:02         22      0.00      0.00      0.00      0.00      0.00    100.00
04:47:02         23      0.00      0.00      0.00      0.00      0.00    100.00
04:47:02         24      0.00      0.00      0.00      0.00      0.00    100.00
04:47:02         25      0.00      0.00      0.00      0.00      0.00    100.00
04:47:02         26      0.00      0.00      0.00      0.00      0.00    100.00
04:47:02         27      0.00      0.00      0.00      0.00      0.00    100.00
04:47:02         28      0.00      0.00      0.00      0.00      0.00    100.00
04:47:02         29      0.00      0.00      0.00      0.00      0.00    100.00
04:47:02         30      0.00      0.00      0.00      0.00      0.00    100.00
04:47:02         31      0.00      0.00      0.00      0.00      0.00    100.00

04:47:02        CPU     %user     %nice   %system   %iowait    %steal     %idle
04:47:03        all      3.19      0.00      0.00      0.00      0.00     96.81
04:47:03          0      0.00      0.00      0.00      0.00      0.00    100.00
04:47:03          1      0.00      0.00      0.00      0.00      0.00    100.00
04:47:03          2      0.00      0.00      0.00      0.00      0.00    100.00
04:47:03          3      0.00      0.00      0.00      0.00      0.00    100.00
04:47:03          4    100.00      0.00      0.00      0.00      0.00      0.00
04:47:03          5      0.00      0.00      0.00      0.00      0.00    100.00
04:47:03          6      0.00      0.00      0.00      0.00      0.00    100.00
04:47:03          7      0.00      0.00      0.00      0.00      0.00    100.00
04:47:03          8      0.00      0.00      0.00      0.00      0.00    100.00
04:47:03          9      0.00      0.00      0.00      0.00      0.00    100.00
04:47:03         10      0.00      0.00      0.00      0.00      0.00    100.00
04:47:03         11      0.00      0.00      0.00      0.00      0.00    100.00
04:47:03         12      1.98      0.00      0.00      0.00      0.00     98.02
04:47:03         13      0.00      0.00      0.00      0.00      0.00    100.00
04:47:03         14      0.00      0.00      0.00      0.00      0.00    100.00
04:47:03         15      0.00      0.00      0.00      0.00      0.00    100.00
04:47:03         16      0.00      0.00      0.00      0.00      0.00    100.00
04:47:03         17      0.00      0.00      0.00      0.00      0.00    100.00
04:47:03         18      0.00      0.00      0.00      0.00      0.00    100.00
04:47:03         19      0.00      0.00      0.00      0.00      0.00    100.00
04:47:03         20      0.00      0.00      0.00      0.00      0.00    100.00
04:47:03         21      0.00      0.00      0.00      0.00      0.00    100.00
04:47:03         22      0.00      0.00      0.00      0.00      0.00    100.00
04:47:03         23      0.00      0.00      0.00      0.00      0.00    100.00
04:47:03         24      0.00      0.00      0.00      0.00      0.00    100.00
04:47:03         25      0.00      0.00      0.00      0.00      0.00    100.00
04:47:03         26      0.00      0.00      0.00      0.00      0.00    100.00
04:47:03         27      0.00      0.00      0.00      0.00      0.00    100.00
04:47:03         28      0.00      0.00      0.00      0.00      0.00    100.00
04:47:03         29      0.00      0.00      0.00      0.00      0.00    100.00
04:47:03         30      0.00      0.00      0.00      0.00      0.00    100.00
04:47:03         31      0.00      0.00      0.00      0.00      0.00    100.00

04:47:03        CPU     %user     %nice   %system   %iowait    %steal     %idle
04:47:04        all      3.16      0.00      0.00      0.00      0.00     96.84
04:47:04          0      0.00      0.00      0.00      0.00      0.00    100.00
04:47:04          1      0.00      0.00      0.00      0.00      0.00    100.00
04:47:04          2      0.00      0.00      0.00      0.00      0.00    100.00
04:47:04          3      0.00      0.00      0.00      0.00      0.00    100.00
04:47:04          4    100.00      0.00      0.00      0.00      0.00      0.00
04:47:04          5      0.00      0.00      0.00      0.00      0.00    100.00
04:47:04          6      0.00      0.00      0.00      0.00      0.00    100.00
04:47:04          7      0.00      0.00      0.00      0.00      0.00    100.00
04:47:04          8      0.00      0.00      0.00      0.00      0.00    100.00
04:47:04          9      0.00      0.00      0.00      0.00      0.00    100.00
04:47:04         10      0.00      0.00      0.00      0.00      0.00    100.00
04:47:04         11      0.00      0.00      0.00      0.00      0.00    100.00
04:47:04         12      0.00      0.00      0.00      0.00      0.00    100.00
04:47:04         13      0.00      0.00      0.00      0.00      0.00    100.00
04:47:04         14      0.00      0.00      0.00      0.00      0.00    100.00
04:47:04         15      0.00      0.00      0.00      0.00      0.00    100.00
04:47:04         16      1.00      0.00      0.00      0.00      0.00     99.00
04:47:04         17      0.00      0.00      0.00      0.00      0.00    100.00
04:47:04         18      0.00      0.00      0.00      0.00      0.00    100.00
04:47:04         19      0.00      0.00      0.00      0.00      0.00    100.00
04:47:04         20      0.00      0.00      0.00      0.00      0.00    100.00
04:47:04         21      0.00      0.00      0.00      0.00      0.00    100.00
04:47:04         22      0.00      0.00      0.00      0.00      0.00    100.00
04:47:04         23      0.00      0.00      0.00      0.00      0.00    100.00
04:47:04         24      0.00      0.00      0.00      0.00      0.00    100.00
04:47:04         25      0.00      0.00      0.00      0.00      0.00    100.00
04:47:04         26      0.00      0.00      0.00      0.00      0.00    100.00
04:47:04         27      0.00      0.00      0.00      0.00      0.00    100.00
04:47:04         28      0.00      0.00      0.00      0.00      0.00    100.00
04:47:04         29      0.00      0.00      0.00      0.00      0.00    100.00
04:47:04         30      0.00      0.00      0.00      0.00      0.00    100.00
04:47:04         31      0.00      0.00      0.00      0.00      0.00    100.00

04:47:04        CPU     %user     %nice   %system   %iowait    %steal     %idle
04:47:05        all      3.16      0.00      0.03      0.00      0.00     96.81
04:47:05          0      0.00      0.00      0.00      0.00      0.00    100.00
04:47:05          1      0.00      0.00      0.00      0.00      0.00    100.00
04:47:05          2      0.00      0.00      0.00      0.00      0.00    100.00
04:47:05          3      0.00      0.00      0.00      0.00      0.00    100.00
04:47:05          4    100.00      0.00      0.00      0.00      0.00      0.00
04:47:05          5      0.00      0.00      0.00      0.00      0.00    100.00
04:47:05          6      0.00      0.00      0.00      0.00      0.00    100.00
04:47:05          7      0.00      0.00      0.00      0.00      0.00    100.00
04:47:05          8      0.00      0.00      0.00      0.00      0.00    100.00
04:47:05          9      0.00      0.00      0.00      0.00      0.00    100.00
04:47:05         10      0.00      0.00      1.00      0.00      0.00     99.00
04:47:05         11      0.00      0.00      0.00      0.00      0.00    100.00
04:47:05         12      1.00      0.00      0.00      0.00      0.00     99.00
04:47:05         13      0.00      0.00      0.00      0.00      0.00    100.00
04:47:05         14      0.00      0.00      0.00      0.00      0.00    100.00
04:47:05         15      0.00      0.00      0.00      0.00      0.00    100.00
04:47:05         16      0.00      0.00      0.00      0.00      0.00    100.00
04:47:05         17      0.00      0.00      0.00      0.00      0.00    100.00
04:47:05         18      0.00      0.00      0.00      0.00      0.00    100.00
04:47:05         19      0.00      0.00      0.00      0.00      0.00    100.00
04:47:05         20      0.00      0.00      0.00      0.00      0.00    100.00
04:47:05         21      0.00      0.00      0.00      0.00      0.00    100.00
04:47:05         22      0.00      0.00      0.00      0.00      0.00    100.00
04:47:05         23      0.00      0.00      0.00      0.00      0.00    100.00
04:47:05         24      0.00      0.00      0.00      0.00      0.00    100.00
04:47:05         25      0.00      0.00      0.00      0.00      0.00    100.00
04:47:05         26      0.00      0.00      0.00      0.00      0.00    100.00
04:47:05         27      0.00      0.00      0.00      0.00      0.00    100.00
04:47:05         28      0.00      0.00      0.00      0.00      0.00    100.00
04:47:05         29      0.00      0.00      0.00      0.00      0.00    100.00
04:47:05         30      0.00      0.00      0.00      0.00      0.00    100.00
04:47:05         31      0.00      0.00      0.00      0.00      0.00    100.00

04:47:05        CPU     %user     %nice   %system   %iowait    %steal     %idle
04:47:06        all      3.19      0.00      0.00      0.00      0.00     96.81
04:47:06          0      0.00      0.00      0.00      0.00      0.00    100.00
04:47:06          1      0.00      0.00      0.00      0.00      0.00    100.00
04:47:06          2      0.00      0.00      0.00      0.00      0.00    100.00
04:47:06          3      0.00      0.00      0.00      0.00      0.00    100.00
04:47:06          4    100.00      0.00      0.00      0.00      0.00      0.00
04:47:06          5      0.00      0.00      0.00      0.00      0.00    100.00
04:47:06          6      0.00      0.00      0.00      0.00      0.00    100.00
04:47:06          7      0.00      0.00      0.00      0.00      0.00    100.00
04:47:06          8      0.00      0.00      0.00      0.00      0.00    100.00
04:47:06          9      0.00      0.00      0.00      0.00      0.00    100.00
04:47:06         10      0.00      0.00      0.00      0.00      0.00    100.00
04:47:06         11      0.00      0.00      0.00      0.00      0.00    100.00
04:47:06         12      1.00      0.00      0.00      0.00      0.00     99.00
04:47:06         13      0.00      0.00      0.00      0.00      0.00    100.00
04:47:06         14      0.00      0.00      0.00      0.00      0.00    100.00
04:47:06         15      0.00      0.00      0.00      0.00      0.00    100.00
04:47:06         16      0.00      0.00      0.00      0.00      0.00    100.00
04:47:06         17      0.00      0.00      0.00      0.00      0.00    100.00
04:47:06         18      0.00      0.00      0.00      0.00      0.00    100.00
04:47:06         19      0.00      0.00      0.00      0.00      0.00    100.00
04:47:06         20      0.00      0.00      0.00      0.00      0.00    100.00
04:47:06         21      0.00      0.00      0.00      0.00      0.00    100.00
04:47:06         22      0.00      0.00      0.00      0.00      0.00    100.00
04:47:06         23      0.99      0.00      0.00      0.00      0.00     99.01
04:47:06         24      0.00      0.00      0.00      0.00      0.00    100.00
04:47:06         25      0.00      0.00      0.00      0.00      0.00    100.00
04:47:06         26      0.00      0.00      0.00      0.00      0.00    100.00
04:47:06         27      0.00      0.00      0.00      0.00      0.00    100.00
04:47:06         28      0.00      0.00      0.00      0.00      0.00    100.00
04:47:06         29      0.00      0.00      0.00      0.00      0.00    100.00
04:47:06         30      0.00      0.00      0.00      0.00      0.00    100.00
04:47:06         31      0.00      0.00      0.00      0.00      0.00    100.00

04:47:06        CPU     %user     %nice   %system   %iowait    %steal     %idle
04:47:07        all      3.37      0.00      0.09      0.00      0.00     96.53
04:47:07          0      1.00      0.00      0.00      0.00      0.00     99.00
04:47:07          1      0.00      0.00      0.00      0.00      0.00    100.00
04:47:07          2      0.00      0.00      0.00      0.00      0.00    100.00
04:47:07          3      0.00      0.00      0.00      0.00      0.00    100.00
04:47:07          4    100.00      0.00      0.00      0.00      0.00      0.00
04:47:07          5      0.00      0.00      0.00      0.00      0.00    100.00
04:47:07          6      0.00      0.00      0.00      0.00      0.00    100.00
04:47:07          7      0.00      0.00      0.00      0.00      0.00    100.00
04:47:07          8      0.00      0.00      0.00      0.00      0.00    100.00
04:47:07          9      0.00      0.00      0.00      0.00      0.00    100.00
04:47:07         10      1.00      0.00      0.00      0.00      0.00     99.00
04:47:07         11      0.00      0.00      0.00      0.00      0.00    100.00
04:47:07         12      1.00      0.00      0.00      0.00      0.00     99.00
04:47:07         13      0.00      0.00      0.00      0.00      0.00    100.00
04:47:07         14      1.96      0.00      0.98      0.00      0.00     97.06
04:47:07         15      0.00      0.00      0.00      0.00      0.00    100.00
04:47:07         16      0.00      0.00      0.99      0.00      0.00     99.01
04:47:07         17      0.00      0.00      0.00      0.00      0.00    100.00
04:47:07         18      0.00      0.00      0.00      0.00      0.00    100.00
04:47:07         19      0.00      0.00      0.00      0.00      0.00    100.00
04:47:07         20      0.00      0.00      0.00      0.00      0.00    100.00
04:47:07         21      0.00      0.00      0.00      0.00      0.00    100.00
04:47:07         22      0.00      0.00      0.00      0.00      0.00    100.00
04:47:07         23      0.00      0.00      0.00      0.00      0.00    100.00
04:47:07         24      0.00      0.00      0.00      0.00      0.00    100.00
04:47:07         25      0.99      0.00      0.00      0.00      0.00     99.01
04:47:07         26      0.00      0.00      0.00      0.00      0.00    100.00
04:47:07         27      0.00      0.00      0.00      0.00      0.00    100.00
04:47:07         28      0.00      0.00      0.00      0.00      0.00    100.00
04:47:07         29      0.00      0.00      0.00      0.00      0.00    100.00
04:47:07         30      0.00      0.00      0.00      0.00      0.00    100.00
04:47:07         31      2.00      0.00      1.00      0.00      0.00     97.00

04:47:07        CPU     %user     %nice   %system   %iowait    %steal     %idle
04:47:08        all      3.19      0.00      0.00      0.00      0.00     96.81
04:47:08          0      0.00      0.00      0.00      0.00      0.00    100.00
04:47:08          1      0.00      0.00      0.00      0.00      0.00    100.00
04:47:08          2      0.00      0.00      0.00      0.00      0.00    100.00
04:47:08          3      0.00      0.00      0.00      0.00      0.00    100.00
04:47:08          4    100.00      0.00      0.00      0.00      0.00      0.00
04:47:08          5      0.00      0.00      0.00      0.00      0.00    100.00
04:47:08          6      0.00      0.00      0.00      0.00      0.00    100.00
04:47:08          7      0.00      0.00      0.00      0.00      0.00    100.00
04:47:08          8      0.00      0.00      0.00      0.00      0.00    100.00
04:47:08          9      0.00      0.00      0.00      0.00      0.00    100.00
04:47:08         10      0.00      0.00      0.00      0.00      0.00    100.00
04:47:08         11      0.00      0.00      0.00      0.00      0.00    100.00
04:47:08         12      1.00      0.00      0.00      0.00      0.00     99.00
04:47:08         13      0.00      0.00      0.00      0.00      0.00    100.00
04:47:08         14      0.00      0.00      0.00      0.00      0.00    100.00
04:47:08         15      0.00      0.00      0.00      0.00      0.00    100.00
04:47:08         16      0.99      0.00      0.00      0.00      0.00     99.01
04:47:08         17      0.00      0.00      0.00      0.00      0.00    100.00
04:47:08         18      0.00      0.00      0.00      0.00      0.00    100.00
04:47:08         19      0.00      0.00      0.00      0.00      0.00    100.00
04:47:08         20      0.00      0.00      0.00      0.00      0.00    100.00
04:47:08         21      0.00      0.00      0.00      0.00      0.00    100.00
04:47:08         22      0.00      0.00      0.00      0.00      0.00    100.00
04:47:08         23      0.00      0.00      0.00      0.00      0.00    100.00
04:47:08         24      0.00      0.00      0.00      0.00      0.00    100.00
04:47:08         25      0.00      0.00      0.00      0.00      0.00    100.00
04:47:08         26      0.00      0.00      0.00      0.00      0.00    100.00
04:47:08         27      0.00      0.00      0.00      0.00      0.00    100.00
04:47:08         28      0.00      0.00      0.00      0.00      0.00    100.00
04:47:08         29      0.00      0.00      0.00      0.00      0.00    100.00
04:47:08         30      0.00      0.00      0.00      0.00      0.00    100.00
04:47:08         31      0.00      0.00      0.00      0.00      0.00    100.00

04:47:08        CPU     %user     %nice   %system   %iowait    %steal     %idle
04:47:09        all      3.13      0.00      0.00      0.00      0.00     96.87
04:47:09          0      0.00      0.00      0.00      0.00      0.00    100.00
04:47:09          1      0.00      0.00      0.00      0.00      0.00    100.00
04:47:09          2      0.00      0.00      0.00      0.00      0.00    100.00
04:47:09          3      0.00      0.00      0.00      0.00      0.00    100.00
04:47:09          4    100.00      0.00      0.00      0.00      0.00      0.00
04:47:09          5      0.00      0.00      0.00      0.00      0.00    100.00
04:47:09          6      0.00      0.00      0.00      0.00      0.00    100.00
04:47:09          7      0.00      0.00      0.00      0.00      0.00    100.00
04:47:09          8      0.00      0.00      0.00      0.00      0.00    100.00
04:47:09          9      0.00      0.00      0.00      0.00      0.00    100.00
04:47:09         10      0.00      0.00      0.00      0.00      0.00    100.00
04:47:09         11      0.00      0.00      0.00      0.00      0.00    100.00
04:47:09         12      0.00      0.00      0.00      0.00      0.00    100.00
04:47:09         13      0.00      0.00      0.00      0.00      0.00    100.00
04:47:09         14      0.00      0.00      0.00      0.00      0.00    100.00
04:47:09         15      0.00      0.00      0.00      0.00      0.00    100.00
04:47:09         16      0.00      0.00      0.00      0.00      0.00    100.00
04:47:09         17      0.00      0.00      0.00      0.00      0.00    100.00
04:47:09         18      0.00      0.00      0.00      0.00      0.00    100.00
04:47:09         19      0.00      0.00      0.00      0.00      0.00    100.00
04:47:09         20      0.00      0.00      0.00      0.00      0.00    100.00
04:47:09         21      0.00      0.00      0.00      0.00      0.00    100.00
04:47:09         22      0.00      0.00      0.00      0.00      0.00    100.00
04:47:09         23      0.00      0.00      0.00      0.00      0.00    100.00
04:47:09         24      0.00      0.00      0.00      0.00      0.00    100.00
04:47:09         25      0.00      0.00      0.00      0.00      0.00    100.00
04:47:09         26      0.00      0.00      0.00      0.00      0.00    100.00
04:47:09         27      0.00      0.00      0.00      0.00      0.00    100.00
04:47:09         28      0.00      0.00      0.00      0.00      0.00    100.00
04:47:09         29      0.00      0.00      0.00      0.00      0.00    100.00
04:47:09         30      0.00      0.00      0.00      0.00      0.00    100.00
04:47:09         31      0.00      0.00      0.00      0.00      0.00    100.00

04:47:09        CPU     %user     %nice   %system   %iowait    %steal     %idle
04:47:10        all      2.31      0.00      0.88      0.00      0.00     96.81
04:47:10          0      0.00      0.00      0.00      0.00      0.00    100.00
04:47:10          1      0.00      0.00      0.00      0.00      0.00    100.00
04:47:10          2      0.00      0.00      0.00      0.00      0.00    100.00
04:47:10          3      0.00      0.00      0.00      0.00      0.00    100.00
04:47:10          4     72.28      0.00     27.72      0.00      0.00      0.00
04:47:10          5      0.00      0.00      0.00      0.00      0.00    100.00
04:47:10          6      0.00      0.00      0.00      0.00      0.00    100.00
04:47:10          7      0.00      0.00      0.00      0.00      0.00    100.00
04:47:10          8      0.00      0.00      0.00      0.00      0.00    100.00
04:47:10          9      0.00      0.00      0.00      0.00      0.00    100.00
04:47:10         10      0.00      0.00      0.00      0.00      0.00    100.00
04:47:10         11      0.00      0.00      0.00      0.00      0.00    100.00
04:47:10         12      1.00      0.00      0.00      0.00      0.00     99.00
04:47:10         13      0.00      0.00      0.00      0.00      0.00    100.00
04:47:10         14      0.00      0.00      0.00      0.00      0.00    100.00
04:47:10         15      0.00      0.00      0.00      0.00      0.00    100.00
04:47:10         16      0.00      0.00      0.00      0.00      0.00    100.00
04:47:10         17      0.00      0.00      0.00      0.00      0.00    100.00
04:47:10         18      0.00      0.00      0.00      0.00      0.00    100.00
04:47:10         19      0.00      0.00      0.00      0.00      0.00    100.00
04:47:10         20      0.00      0.00      0.00      0.00      0.00    100.00
04:47:10         21      0.00      0.00      0.00      0.00      0.00    100.00
04:47:10         22      0.00      0.00      0.00      0.00      0.00    100.00
04:47:10         23      0.00      0.00      0.00      0.00      0.00    100.00
04:47:10         24      0.00      0.00      0.00      0.00      0.00    100.00
04:47:10         25      0.00      0.00      0.00      0.00      0.00    100.00
04:47:10         26      0.00      0.00      0.00      0.00      0.00    100.00
04:47:10         27      0.00      0.00      0.00      0.00      0.00    100.00
04:47:10         28      0.00      0.00      0.00      0.00      0.00    100.00
04:47:10         29      0.00      0.00      0.00      0.00      0.00    100.00
04:47:10         30      0.00      0.00      0.00      0.00      0.00    100.00
04:47:10         31      0.00      0.00      0.00      0.00      0.00    100.00

04:47:10        CPU     %user     %nice   %system   %iowait    %steal     %idle
04:47:11        all      0.56      0.00      2.59      0.00      0.00     96.84
04:47:11          0      0.00      0.00      0.00      0.00      0.00    100.00
04:47:11          1      0.00      0.00      0.00      0.00      0.00    100.00
04:47:11          2      0.00      0.00      0.00      0.00      0.00    100.00
04:47:11          3      0.00      0.00      0.00      0.00      0.00    100.00
04:47:11          4     17.00      0.00     83.00      0.00      0.00      0.00
04:47:11          5      0.00      0.00      0.00      0.00      0.00    100.00
04:47:11          6      0.00      0.00      0.00      0.00      0.00    100.00
04:47:11          7      0.00      0.00      0.00      0.00      0.00    100.00
04:47:11          8      0.00      0.00      0.00      0.00      0.00    100.00
04:47:11          9      0.00      0.00      0.00      0.00      0.00    100.00
04:47:11         10      0.00      0.00      0.00      0.00      0.00    100.00
04:47:11         11      0.00      0.00      0.00      0.00      0.00    100.00
04:47:11         12      1.00      0.00      0.00      0.00      0.00     99.00
04:47:11         13      0.00      0.00      0.00      0.00      0.00    100.00
04:47:11         14      0.00      0.00      0.00      0.00      0.00    100.00
04:47:11         15      0.00      0.00      0.00      0.00      0.00    100.00
04:47:11         16      0.00      0.00      0.00      0.00      0.00    100.00
04:47:11         17      0.00      0.00      0.00      0.00      0.00    100.00
04:47:11         18      0.00      0.00      0.00      0.00      0.00    100.00
04:47:11         19      0.00      0.00      0.00      0.00      0.00    100.00
04:47:11         20      0.00      0.00      0.00      0.00      0.00    100.00
04:47:11         21      0.00      0.00      0.00      0.00      0.00    100.00
04:47:11         22      0.00      0.00      0.00      0.00      0.00    100.00
04:47:11         23      0.00      0.00      0.00      0.00      0.00    100.00
04:47:11         24      0.00      0.00      0.00      0.00      0.00    100.00
04:47:11         25      0.00      0.00      0.00      0.00      0.00    100.00
04:47:11         26      0.00      0.00      0.00      0.00      0.00    100.00
04:47:11         27      0.00      0.00      0.00      0.00      0.00    100.00
04:47:11         28      0.00      0.00      0.00      0.00      0.00    100.00
04:47:11         29      0.00      0.00      0.00      0.00      0.00    100.00
04:47:11         30      0.00      0.00      0.00      0.00      0.00    100.00
04:47:11         31      0.00      0.00      0.00      0.00      0.00    100.00

04:47:11        CPU     %user     %nice   %system   %iowait    %steal     %idle
04:47:12        all      1.75      0.00      1.44      0.00      0.00     96.81
04:47:12          0      0.00      0.00      0.00      0.00      0.00    100.00
04:47:12          1      0.00      0.00      0.00      0.00      0.00    100.00
04:47:12          2      1.00      0.00      0.00      0.00      0.00     99.00
04:47:12          3      0.00      0.00      0.00      0.00      0.00    100.00
04:47:12          4     54.55      0.00     45.45      0.00      0.00      0.00
04:47:12          5      0.00      0.00      0.00      0.00      0.00    100.00
04:47:12          6      0.00      0.00      0.00      0.00      0.00    100.00
04:47:12          7      0.00      0.00      0.00      0.00      0.00    100.00
04:47:12          8      0.00      0.00      0.00      0.00      0.00    100.00
04:47:12          9      0.00      0.00      0.00      0.00      0.00    100.00
04:47:12         10      0.00      0.00      0.00      0.00      0.00    100.00
04:47:12         11      0.00      0.00      0.00      0.00      0.00    100.00
04:47:12         12      0.00      0.00      0.00      0.00      0.00    100.00
04:47:12         13      0.99      0.00      0.99      0.00      0.00     98.02
04:47:12         14      0.00      0.00      0.00      0.00      0.00    100.00
04:47:12         15      0.00      0.00      0.00      0.00      0.00    100.00
04:47:12         16      0.00      0.00      0.00      0.00      0.00    100.00
04:47:12         17      0.00      0.00      0.00      0.00      0.00    100.00
04:47:12         18      0.00      0.00      0.00      0.00      0.00    100.00
04:47:12         19      0.00      0.00      0.00      0.00      0.00    100.00
04:47:12         20      0.00      0.00      0.00      0.00      0.00    100.00
04:47:12         21      0.00      0.00      0.00      0.00      0.00    100.00
04:47:12         22      0.00      0.00      0.00      0.00      0.00    100.00
04:47:12         23      0.00      0.00      0.00      0.00      0.00    100.00
04:47:12         24      0.00      0.00      0.00      0.00      0.00    100.00
04:47:12         25      0.00      0.00      0.00      0.00      0.00    100.00
04:47:12         26      0.00      0.00      0.00      0.00      0.00    100.00
04:47:12         27      0.00      0.00      0.00      0.00      0.00    100.00
04:47:12         28      0.00      0.00      0.00      0.00      0.00    100.00
04:47:12         29      0.00      0.00      0.00      0.00      0.00    100.00
04:47:12         30      0.00      0.00      0.00      0.00      0.00    100.00
04:47:12         31      0.00      0.00      0.00      0.00      0.00    100.00

04:47:12        CPU     %user     %nice   %system   %iowait    %steal     %idle
04:47:13        all      3.16      0.00      0.06      0.00      0.00     96.78
04:47:13          0      0.00      0.00      0.00      0.00      0.00    100.00
04:47:13          1      0.00      0.00      0.99      0.00      0.00     99.01
04:47:13          2      0.00      0.00      0.00      0.00      0.00    100.00
04:47:13          3      0.00      0.00      0.00      0.00      0.00    100.00
04:47:13          4     99.01      0.00      0.99      0.00      0.00      0.00
04:47:13          5      0.00      0.00      0.00      0.00      0.00    100.00
04:47:13          6      0.00      0.00      0.00      0.00      0.00    100.00
04:47:13          7      0.00      0.00      0.00      0.00      0.00    100.00
04:47:13          8      0.00      0.00      0.00      0.00      0.00    100.00
04:47:13          9      0.00      0.00      0.00      0.00      0.00    100.00
04:47:13         10      0.00      0.00      0.00      0.00      0.00    100.00
04:47:13         11      0.00      0.00      0.00      0.00      0.00    100.00
04:47:13         12      1.00      0.00      0.00      0.00      0.00     99.00
04:47:13         13      0.00      0.00      0.00      0.00      0.00    100.00
04:47:13         14      0.00      0.00      0.00      0.00      0.00    100.00
04:47:13         15      0.00      0.00      0.00      0.00      0.00    100.00
04:47:13         16      0.00      0.00      0.00      0.00      0.00    100.00
04:47:13         17      0.00      0.00      0.00      0.00      0.00    100.00
04:47:13         18      0.00      0.00      0.00      0.00      0.00    100.00
04:47:13         19      0.00      0.00      0.00      0.00      0.00    100.00
04:47:13         20      0.00      0.00      0.00      0.00      0.00    100.00
04:47:13         21      0.00      0.00      0.00      0.00      0.00    100.00
04:47:13         22      0.00      0.00      0.00      0.00      0.00    100.00
04:47:13         23      0.00      0.00      0.00      0.00      0.00    100.00
04:47:13         24      0.00      0.00      0.00      0.00      0.00    100.00
04:47:13         25      0.00      0.00      0.00      0.00      0.00    100.00
04:47:13         26      0.00      0.00      0.00      0.00      0.00    100.00
04:47:13         27      0.00      0.00      0.00      0.00      0.00    100.00
04:47:13         28      0.00      0.00      0.00      0.00      0.00    100.00
04:47:13         29      0.00      0.00      0.00      0.00      0.00    100.00
04:47:13         30      0.00      0.00      0.00      0.00      0.00    100.00
04:47:13         31      0.00      0.00      0.00      0.00      0.00    100.00

04:47:13        CPU     %user     %nice   %system   %iowait    %steal     %idle
04:47:14        all      3.16      0.00      0.00      0.00      0.00     96.84
04:47:14          0      0.00      0.00      0.00      0.00      0.00    100.00
04:47:14          1      0.00      0.00      0.00      0.00      0.00    100.00
04:47:14          2      0.00      0.00      0.00      0.00      0.00    100.00
04:47:14          3      0.00      0.00      0.00      0.00      0.00    100.00
04:47:14          4    100.00      0.00      0.00      0.00      0.00      0.00
04:47:14          5      0.00      0.00      0.00      0.00      0.00    100.00
04:47:14          6      0.00      0.00      0.00      0.00      0.00    100.00
04:47:14          7      0.00      0.00      0.00      0.00      0.00    100.00
04:47:14          8      0.00      0.00      0.00      0.00      0.00    100.00
04:47:14          9      0.00      0.00      0.00      0.00      0.00    100.00
04:47:14         10      0.00      0.00      0.00      0.00      0.00    100.00
04:47:14         11      0.00      0.00      0.00      0.00      0.00    100.00
04:47:14         12      1.00      0.00      0.00      0.00      0.00     99.00
04:47:14         13      0.00      0.00      0.00      0.00      0.00    100.00
04:47:14         14      0.00      0.00      0.00      0.00      0.00    100.00
04:47:14         15      0.00      0.00      0.00      0.00      0.00    100.00
04:47:14         16      0.00      0.00      0.00      0.00      0.00    100.00
04:47:14         17      0.00      0.00      0.00      0.00      0.00    100.00
04:47:14         18      0.00      0.00      0.00      0.00      0.00    100.00
04:47:14         19      0.00      0.00      0.00      0.00      0.00    100.00
04:47:14         20      0.00      0.00      0.00      0.00      0.00    100.00
04:47:14         21      0.00      0.00      0.00      0.00      0.00    100.00
04:47:14         22      0.00      0.00      0.00      0.00      0.00    100.00
04:47:14         23      0.00      0.00      0.00      0.00      0.00    100.00
04:47:14         24      0.00      0.00      0.00      0.00      0.00    100.00
04:47:14         25      0.00      0.00      0.00      0.00      0.00    100.00
04:47:14         26      0.00      0.00      0.00      0.00      0.00    100.00
04:47:14         27      0.00      0.00      0.00      0.00      0.00    100.00
04:47:14         28      0.00      0.00      0.00      0.00      0.00    100.00
04:47:14         29      0.00      0.00      0.00      0.00      0.00    100.00
04:47:14         30      0.00      0.00      0.00      0.00      0.00    100.00
04:47:14         31      0.00      0.00      0.00      0.00      0.00    100.00

04:47:14        CPU     %user     %nice   %system   %iowait    %steal     %idle
04:47:15        all      3.13      0.00      0.00      0.00      0.00     96.87
04:47:15          0      0.00      0.00      0.00      0.00      0.00    100.00
04:47:15          1      0.00      0.00      0.00      0.00      0.00    100.00
04:47:15          2      0.00      0.00      0.00      0.00      0.00    100.00
04:47:15          3      0.00      0.00      0.00      0.00      0.00    100.00
04:47:15          4    100.00      0.00      0.00      0.00      0.00      0.00
04:47:15          5      0.00      0.00      0.00      0.00      0.00    100.00
04:47:15          6      0.00      0.00      0.00      0.00      0.00    100.00
04:47:15          7      0.00      0.00      0.00      0.00      0.00    100.00
04:47:15          8      0.00      0.00      0.00      0.00      0.00    100.00
04:47:15          9      0.00      0.00      0.00      0.00      0.00    100.00
04:47:15         10      0.00      0.00      0.00      0.00      0.00    100.00
04:47:15         11      0.00      0.00      0.00      0.00      0.00    100.00
04:47:15         12      0.00      0.00      0.00      0.00      0.00    100.00
04:47:15         13      0.00      0.00      0.00      0.00      0.00    100.00
04:47:15         14      0.00      0.00      0.00      0.00      0.00    100.00
04:47:15         15      0.00      0.00      0.00      0.00      0.00    100.00
04:47:15         16      0.00      0.00      0.00      0.00      0.00    100.00
04:47:15         17      0.00      0.00      0.00      0.00      0.00    100.00
04:47:15         18      0.00      0.00      0.00      0.00      0.00    100.00
04:47:15         19      0.00      0.00      0.00      0.00      0.00    100.00
04:47:15         20      0.00      0.00      0.00      0.00      0.00    100.00
04:47:15         21      0.00      0.00      0.00      0.00      0.00    100.00
04:47:15         22      0.00      0.00      0.00      0.00      0.00    100.00
04:47:15         23      0.00      0.00      0.00      0.00      0.00    100.00
04:47:15         24      0.00      0.00      0.00      0.00      0.00    100.00
04:47:15         25      0.00      0.00      0.00      0.00      0.00    100.00
04:47:15         26      0.00      0.00      0.00      0.00      0.00    100.00
04:47:15         27      0.00      0.00      0.00      0.00      0.00    100.00
04:47:15         28      0.00      0.00      0.00      0.00      0.00    100.00
04:47:15         29      0.00      0.00      0.00      0.00      0.00    100.00
04:47:15         30      0.00      0.00      0.00      0.00      0.00    100.00
04:47:15         31      0.00      0.00      0.00      0.00      0.00    100.00

04:47:15        CPU     %user     %nice   %system   %iowait    %steal     %idle
04:47:16        all      3.16      0.00      0.00      0.00      0.00     96.84
04:47:16          0      0.00      0.00      0.00      0.00      0.00    100.00
04:47:16          1      0.00      0.00      0.00      0.00      0.00    100.00
04:47:16          2      0.00      0.00      0.00      0.00      0.00    100.00
04:47:16          3      0.00      0.00      0.00      0.00      0.00    100.00
04:47:16          4    100.00      0.00      0.00      0.00      0.00      0.00
04:47:16          5      0.00      0.00      0.00      0.00      0.00    100.00
04:47:16          6      0.00      0.00      0.00      0.00      0.00    100.00
04:47:16          7      0.00      0.00      0.00      0.00      0.00    100.00
04:47:16          8      0.00      0.00      0.00      0.00      0.00    100.00
04:47:16          9      0.00      0.00      0.00      0.00      0.00    100.00
04:47:16         10      0.00      0.00      0.00      0.00      0.00    100.00
04:47:16         11      0.00      0.00      0.00      0.00      0.00    100.00
04:47:16         12      1.00      0.00      0.00      0.00      0.00     99.00
04:47:16         13      0.00      0.00      0.00      0.00      0.00    100.00
04:47:16         14      0.00      0.00      0.00      0.00      0.00    100.00
04:47:16         15      0.00      0.00      0.00      0.00      0.00    100.00
04:47:16         16      0.00      0.00      0.00      0.00      0.00    100.00
04:47:16         17      0.00      0.00      0.00      0.00      0.00    100.00
04:47:16         18      0.00      0.00      0.00      0.00      0.00    100.00
04:47:16         19      0.00      0.00      0.00      0.00      0.00    100.00
04:47:16         20      0.00      0.00      0.00      0.00      0.00    100.00
04:47:16         21      0.00      0.00      0.00      0.00      0.00    100.00
04:47:16         22      0.00      0.00      0.00      0.00      0.00    100.00
04:47:16         23      0.00      0.00      0.00      0.00      0.00    100.00
04:47:16         24      0.00      0.00      0.00      0.00      0.00    100.00
04:47:16         25      0.00      0.00      0.00      0.00      0.00    100.00
04:47:16         26      0.00      0.00      0.00      0.00      0.00    100.00
04:47:16         27      0.00      0.00      0.00      0.00      0.00    100.00
04:47:16         28      0.00      0.00      0.00      0.00      0.00    100.00
04:47:16         29      0.00      0.00      0.00      0.00      0.00    100.00
04:47:16         30      0.00      0.00      0.00      0.00      0.00    100.00
04:47:16         31      0.00      0.00      0.00      0.00      0.00    100.00

04:47:16        CPU     %user     %nice   %system   %iowait    %steal     %idle
04:47:17        all      3.16      0.00      0.03      0.00      0.00     96.81
04:47:17          0      0.00      0.00      0.00      0.00      0.00    100.00
04:47:17          1      0.00      0.00      0.00      0.00      0.00    100.00
04:47:17          2      0.00      0.00      0.00      0.00      0.00    100.00
04:47:17          3      0.00      0.00      0.00      0.00      0.00    100.00
04:47:17          4    100.00      0.00      0.00      0.00      0.00      0.00
04:47:17          5      0.00      0.00      0.00      0.00      0.00    100.00
04:47:17          6      0.00      0.00      0.00      0.00      0.00    100.00
04:47:17          7      0.00      0.00      0.00      0.00      0.00    100.00
04:47:17          8      0.00      0.00      0.00      0.00      0.00    100.00
04:47:17          9      0.00      0.00      0.00      0.00      0.00    100.00
04:47:17         10      0.00      0.00      0.00      0.00      0.00    100.00
04:47:17         11      0.00      0.00      0.00      0.00      0.00    100.00
04:47:17         12      0.99      0.00      0.00      0.00      0.00     99.01
04:47:17         13      0.00      0.00      0.00      0.00      0.00    100.00
04:47:17         14      0.00      0.00      0.00      0.00      0.00    100.00
04:47:17         15      0.00      0.00      0.00      0.00      0.00    100.00
04:47:17         16      0.00      0.00      0.00      0.00      0.00    100.00
04:47:17         17      0.00      0.00      0.00      0.00      0.00    100.00
04:47:17         18      0.00      0.00      0.00      0.00      0.00    100.00
04:47:17         19      0.00      0.00      0.00      0.00      0.00    100.00
04:47:17         20      0.00      0.00      0.00      0.00      0.00    100.00
04:47:17         21      0.00      0.00      0.00      0.00      0.00    100.00
04:47:17         22      0.00      0.00      0.00      0.00      0.00    100.00
04:47:17         23      0.00      0.00      0.00      0.00      0.00    100.00
04:47:17         24      0.00      0.00      0.00      0.00      0.00    100.00
04:47:17         25      0.00      0.00      0.00      0.00      0.00    100.00
04:47:17         26      0.00      0.00      0.00      0.00      0.00    100.00
04:47:17         27      0.00      0.00      0.00      0.00      0.00    100.00
04:47:17         28      0.00      0.00      0.00      0.00      0.00    100.00
04:47:17         29      0.00      0.00      0.00      0.00      0.00    100.00
04:47:17         30      0.00      0.00      0.00      0.00      0.00    100.00
04:47:17         31      0.00      0.00      0.99      0.00      0.00     99.01

04:47:17        CPU     %user     %nice   %system   %iowait    %steal     %idle
04:47:18        all      3.13      0.00      0.00      0.00      0.00     96.87
04:47:18          0      0.00      0.00      0.00      0.00      0.00    100.00
04:47:18          1      0.00      0.00      0.00      0.00      0.00    100.00
04:47:18          2      0.00      0.00      0.00      0.00      0.00    100.00
04:47:18          3      0.00      0.00      0.00      0.00      0.00    100.00
04:47:18          4    100.00      0.00      0.00      0.00      0.00      0.00
04:47:18          5      0.00      0.00      0.00      0.00      0.00    100.00
04:47:18          6      0.00      0.00      0.00      0.00      0.00    100.00
04:47:18          7      0.00      0.00      0.00      0.00      0.00    100.00
04:47:18          8      0.00      0.00      0.00      0.00      0.00    100.00
04:47:18          9      0.00      0.00      0.00      0.00      0.00    100.00
04:47:18         10      0.00      0.00      0.00      0.00      0.00    100.00
04:47:18         11      0.00      0.00      0.00      0.00      0.00    100.00
04:47:18         12      0.00      0.00      0.00      0.00      0.00    100.00
04:47:18         13      0.00      0.00      0.00      0.00      0.00    100.00
04:47:18         14      0.00      0.00      0.00      0.00      0.00    100.00
04:47:18         15      0.00      0.00      0.00      0.00      0.00    100.00
04:47:18         16      0.00      0.00      0.00      0.00      0.00    100.00
04:47:18         17      0.00      0.00      0.00      0.00      0.00    100.00
04:47:18         18      0.00      0.00      0.00      0.00      0.00    100.00
04:47:18         19      0.00      0.00      0.00      0.00      0.00    100.00
04:47:18         20      0.00      0.00      0.00      0.00      0.00    100.00
04:47:18         21      0.00      0.00      0.00      0.00      0.00    100.00
04:47:18         22      0.00      0.00      0.00      0.00      0.00    100.00
04:47:18         23      0.00      0.00      0.00      0.00      0.00    100.00
04:47:18         24      0.00      0.00      0.00      0.00      0.00    100.00
04:47:18         25      0.00      0.00      0.00      0.00      0.00    100.00
04:47:18         26      0.00      0.00      0.00      0.00      0.00    100.00
04:47:18         27      0.00      0.00      0.00      0.00      0.00    100.00
04:47:18         28      0.00      0.00      0.00      0.00      0.00    100.00
04:47:18         29      0.00      0.00      0.00      0.00      0.00    100.00
04:47:18         30      0.00      0.00      0.00      0.00      0.00    100.00
04:47:18         31      0.00      0.00      0.00      0.00      0.00    100.00

04:47:18        CPU     %user     %nice   %system   %iowait    %steal     %idle
04:47:19        all      3.16      0.00      0.03      0.00      0.00     96.81
04:47:19          0      0.00      0.00      0.00      0.00      0.00    100.00
04:47:19          1      0.00      0.00      0.00      0.00      0.00    100.00
04:47:19          2      0.00      0.00      0.00      0.00      0.00    100.00
04:47:19          3      0.00      0.00      0.00      0.00      0.00    100.00
04:47:19          4    100.00      0.00      0.00      0.00      0.00      0.00
04:47:19          5      0.00      0.00      0.00      0.00      0.00    100.00
04:47:19          6      0.00      0.00      0.00      0.00      0.00    100.00
04:47:19          7      0.00      0.00      0.00      0.00      0.00    100.00
04:47:19          8      0.00      0.00      0.00      0.00      0.00    100.00
04:47:19          9      0.00      0.00      0.00      0.00      0.00    100.00
04:47:19         10      0.00      0.00      0.00      0.00      0.00    100.00
04:47:19         11      0.00      0.00      0.00      0.00      0.00    100.00
04:47:19         12      0.99      0.00      0.99      0.00      0.00     98.02
04:47:19         13      0.00      0.00      0.00      0.00      0.00    100.00
04:47:19         14      0.00      0.00      0.00      0.00      0.00    100.00
04:47:19         15      0.00      0.00      0.00      0.00      0.00    100.00
04:47:19         16      0.00      0.00      0.00      0.00      0.00    100.00
04:47:19         17      0.00      0.00      0.00      0.00      0.00    100.00
04:47:19         18      0.00      0.00      0.00      0.00      0.00    100.00
04:47:19         19      0.00      0.00      0.00      0.00      0.00    100.00
04:47:19         20      0.00      0.00      0.00      0.00      0.00    100.00
04:47:19         21      0.00      0.00      0.00      0.00      0.00    100.00
04:47:19         22      0.00      0.00      0.00      0.00      0.00    100.00
04:47:19         23      0.00      0.00      0.00      0.00      0.00    100.00
04:47:19         24      0.00      0.00      0.00      0.00      0.00    100.00
04:47:19         25      0.00      0.00      0.00      0.00      0.00    100.00
04:47:19         26      0.00      0.00      0.00      0.00      0.00    100.00
04:47:19         27      0.00      0.00      0.00      0.00      0.00    100.00
04:47:19         28      0.00      0.00      0.00      0.00      0.00    100.00
04:47:19         29      0.00      0.00      0.00      0.00      0.00    100.00
04:47:19         30      0.00      0.00      0.00      0.00      0.00    100.00
04:47:19         31      0.00      0.00      0.00      0.00      0.00    100.00

04:47:19        CPU     %user     %nice   %system   %iowait    %steal     %idle
04:47:20        all      3.16      0.00      0.00      0.00      0.00     96.84
04:47:20          0      0.00      0.00      0.00      0.00      0.00    100.00
04:47:20          1      0.00      0.00      0.00      0.00      0.00    100.00
04:47:20          2      0.00      0.00      0.00      0.00      0.00    100.00
04:47:20          3      0.00      0.00      0.00      0.00      0.00    100.00
04:47:20          4    100.00      0.00      0.00      0.00      0.00      0.00
04:47:20          5      0.00      0.00      0.00      0.00      0.00    100.00
04:47:20          6      0.00      0.00      0.00      0.00      0.00    100.00
04:47:20          7      0.00      0.00      0.00      0.00      0.00    100.00
04:47:20          8      0.00      0.00      0.00      0.00      0.00    100.00
04:47:20          9      0.00      0.00      0.00      0.00      0.00    100.00
04:47:20         10      0.00      0.00      0.00      0.00      0.00    100.00
04:47:20         11      0.00      0.00      0.00      0.00      0.00    100.00
04:47:20         12      1.00      0.00      0.00      0.00      0.00     99.00
04:47:20         13      0.00      0.00      0.00      0.00      0.00    100.00
04:47:20         14      0.00      0.00      0.00      0.00      0.00    100.00
04:47:20         15      0.00      0.00      0.00      0.00      0.00    100.00
04:47:20         16      0.00      0.00      0.00      0.00      0.00    100.00
04:47:20         17      0.00      0.00      0.00      0.00      0.00    100.00
04:47:20         18      0.00      0.00      0.00      0.00      0.00    100.00
04:47:20         19      0.00      0.00      0.00      0.00      0.00    100.00
04:47:20         20      0.00      0.00      0.00      0.00      0.00    100.00
04:47:20         21      0.00      0.00      0.00      0.00      0.00    100.00
04:47:20         22      0.00      0.00      0.00      0.00      0.00    100.00
04:47:20         23      0.00      0.00      0.00      0.00      0.00    100.00
04:47:20         24      0.00      0.00      0.00      0.00      0.00    100.00
04:47:20         25      0.00      0.00      0.00      0.00      0.00    100.00
04:47:20         26      0.00      0.00      0.00      0.00      0.00    100.00
04:47:20         27      0.00      0.00      0.00      0.00      0.00    100.00
04:47:20         28      0.00      0.00      0.00      0.00      0.00    100.00
04:47:20         29      0.00      0.00      0.00      0.00      0.00    100.00
04:47:20         30      0.00      0.00      0.00      0.00      0.00    100.00
04:47:20         31      0.00      0.00      0.00      0.00      0.00    100.00

04:47:20        CPU     %user     %nice   %system   %iowait    %steal     %idle
04:47:21        all      3.16      0.00      0.00      0.00      0.00     96.84
04:47:21          0      0.00      0.00      0.00      0.00      0.00    100.00
04:47:21          1      0.00      0.00      0.00      0.00      0.00    100.00
04:47:21          2      0.00      0.00      0.00      0.00      0.00    100.00
04:47:21          3      0.00      0.00      0.00      0.00      0.00    100.00
04:47:21          4    100.00      0.00      0.00      0.00      0.00      0.00
04:47:21          5      0.00      0.00      0.00      0.00      0.00    100.00
04:47:21          6      0.00      0.00      0.00      0.00      0.00    100.00
04:47:21          7      0.00      0.00      0.00      0.00      0.00    100.00
04:47:21          8      0.00      0.00      0.00      0.00      0.00    100.00
04:47:21          9      0.00      0.00      0.00      0.00      0.00    100.00
04:47:21         10      0.00      0.00      0.00      0.00      0.00    100.00
04:47:21         11      0.00      0.00      0.00      0.00      0.00    100.00
04:47:21         12      0.00      0.00      0.00      0.00      0.00    100.00
04:47:21         13      0.00      0.00      0.00      0.00      0.00    100.00
04:47:21         14      0.00      0.00      0.00      0.00      0.00    100.00
04:47:21         15      0.00      0.00      0.00      0.00      0.00    100.00
04:47:21         16      0.99      0.00      0.00      0.00      0.00     99.01
04:47:21         17      0.00      0.00      0.00      0.00      0.00    100.00
04:47:21         18      0.00      0.00      0.00      0.00      0.00    100.00
04:47:21         19      0.00      0.00      0.00      0.00      0.00    100.00
04:47:21         20      0.00      0.00      0.00      0.00      0.00    100.00
04:47:21         21      0.00      0.00      0.00      0.00      0.00    100.00
04:47:21         22      0.00      0.00      0.00      0.00      0.00    100.00
04:47:21         23      0.00      0.00      0.00      0.00      0.00    100.00
04:47:21         24      0.00      0.00      0.00      0.00      0.00    100.00
04:47:21         25      0.00      0.00      0.00      0.00      0.00    100.00
04:47:21         26      0.00      0.00      0.00      0.00      0.00    100.00
04:47:21         27      0.00      0.00      0.00      0.00      0.00    100.00
04:47:21         28      0.00      0.00      0.00      0.00      0.00    100.00
04:47:21         29      0.00      0.00      0.00      0.00      0.00    100.00
04:47:21         30      0.00      0.00      0.00      0.00      0.00    100.00
04:47:21         31      0.00      0.00      0.00      0.00      0.00    100.00

04:47:21        CPU     %user     %nice   %system   %iowait    %steal     %idle
04:47:22        all      3.19      0.00      0.03      0.00      0.00     96.78
04:47:22          0      0.00      0.00      0.00      0.00      0.00    100.00
04:47:22          1      0.00      0.00      1.00      0.00      0.00     99.00
04:47:22          2      0.00      0.00      0.00      0.00      0.00    100.00
04:47:22          3      0.00      0.00      0.00      0.00      0.00    100.00
04:47:22          4    100.00      0.00      0.00      0.00      0.00      0.00
04:47:22          5      0.00      0.00      0.00      0.00      0.00    100.00
04:47:22          6      0.00      0.00      0.00      0.00      0.00    100.00
04:47:22          7      0.00      0.00      0.00      0.00      0.00    100.00
04:47:22          8      0.00      0.00      0.00      0.00      0.00    100.00
04:47:22          9      0.00      0.00      0.00      0.00      0.00    100.00
04:47:22         10      0.00      0.00      0.00      0.00      0.00    100.00
04:47:22         11      0.00      0.00      0.00      0.00      0.00    100.00
04:47:22         12      1.98      0.00      0.00      0.00      0.00     98.02
04:47:22         13      0.00      0.00      0.00      0.00      0.00    100.00
04:47:22         14      0.00      0.00      0.00      0.00      0.00    100.00
04:47:22         15      0.00      0.00      0.00      0.00      0.00    100.00
04:47:22         16      0.00      0.00      0.00      0.00      0.00    100.00
04:47:22         17      0.00      0.00      0.00      0.00      0.00    100.00
04:47:22         18      0.00      0.00      0.00      0.00      0.00    100.00
04:47:22         19      0.00      0.00      0.00      0.00      0.00    100.00
04:47:22         20      0.00      0.00      0.00      0.00      0.00    100.00
04:47:22         21      0.00      0.00      0.00      0.00      0.00    100.00
04:47:22         22      0.00      0.00      0.00      0.00      0.00    100.00
04:47:22         23      0.00      0.00      0.00      0.00      0.00    100.00
04:47:22         24      0.00      0.00      0.00      0.00      0.00    100.00
04:47:22         25      0.00      0.00      0.00      0.00      0.00    100.00
04:47:22         26      0.00      0.00      0.00      0.00      0.00    100.00
04:47:22         27      0.00      0.00      0.00      0.00      0.00    100.00
04:47:22         28      0.00      0.00      0.00      0.00      0.00    100.00
04:47:22         29      0.00      0.00      0.00      0.00      0.00    100.00
04:47:22         30      0.00      0.00      0.00      0.00      0.00    100.00
04:47:22         31      0.00      0.00      0.00      0.00      0.00    100.00

04:47:22        CPU     %user     %nice   %system   %iowait    %steal     %idle
04:47:23        all      3.16      0.00      0.00      0.00      0.00     96.84
04:47:23          0      0.00      0.00      0.00      0.00      0.00    100.00
04:47:23          1      0.00      0.00      0.00      0.00      0.00    100.00
04:47:23          2      0.00      0.00      0.00      0.00      0.00    100.00
04:47:23          3      0.00      0.00      0.00      0.00      0.00    100.00
04:47:23          4    100.00      0.00      0.00      0.00      0.00      0.00
04:47:23          5      0.00      0.00      0.00      0.00      0.00    100.00
04:47:23          6      0.00      0.00      0.00      0.00      0.00    100.00
04:47:23          7      0.00      0.00      0.00      0.00      0.00    100.00
04:47:23          8      0.00      0.00      0.00      0.00      0.00    100.00
04:47:23          9      0.00      0.00      0.00      0.00      0.00    100.00
04:47:23         10      0.00      0.00      0.00      0.00      0.00    100.00
04:47:23         11      0.00      0.00      0.00      0.00      0.00    100.00
04:47:23         12      1.00      0.00      0.00      0.00      0.00     99.00
04:47:23         13      0.00      0.00      0.00      0.00      0.00    100.00
04:47:23         14      0.00      0.00      0.00      0.00      0.00    100.00
04:47:23         15      0.00      0.00      0.00      0.00      0.00    100.00
04:47:23         16      0.00      0.00      0.00      0.00      0.00    100.00
04:47:23         17      0.00      0.00      0.00      0.00      0.00    100.00
04:47:23         18      0.00      0.00      0.00      0.00      0.00    100.00
04:47:23         19      0.00      0.00      0.00      0.00      0.00    100.00
04:47:23         20      0.00      0.00      0.00      0.00      0.00    100.00
04:47:23         21      0.00      0.00      0.00      0.00      0.00    100.00
04:47:23         22      0.00      0.00      0.00      0.00      0.00    100.00
04:47:23         23      0.00      0.00      0.00      0.00      0.00    100.00
04:47:23         24      0.00      0.00      0.00      0.00      0.00    100.00
04:47:23         25      0.00      0.00      0.00      0.00      0.00    100.00
04:47:23         26      0.00      0.00      0.00      0.00      0.00    100.00
04:47:23         27      0.00      0.00      0.00      0.00      0.00    100.00
04:47:23         28      0.00      0.00      0.00      0.00      0.00    100.00
04:47:23         29      0.00      0.00      0.00      0.00      0.00    100.00
04:47:23         30      0.00      0.00      0.00      0.00      0.00    100.00
04:47:23         31      0.00      0.00      0.00      0.00      0.00    100.00

04:47:23        CPU     %user     %nice   %system   %iowait    %steal     %idle
04:47:24        all      3.16      0.00      0.00      0.00      0.00     96.84
04:47:24          0      0.00      0.00      0.00      0.00      0.00    100.00
04:47:24          1      0.00      0.00      0.00      0.00      0.00    100.00
04:47:24          2      0.00      0.00      0.00      0.00      0.00    100.00
04:47:24          3      0.00      0.00      0.00      0.00      0.00    100.00
04:47:24          4    100.00      0.00      0.00      0.00      0.00      0.00
04:47:24          5      0.00      0.00      0.00      0.00      0.00    100.00
04:47:24          6      0.00      0.00      0.00      0.00      0.00    100.00
04:47:24          7      0.00      0.00      0.00      0.00      0.00    100.00
04:47:24          8      0.00      0.00      0.00      0.00      0.00    100.00
04:47:24          9      0.00      0.00      0.00      0.00      0.00    100.00
04:47:24         10      0.00      0.00      0.00      0.00      0.00    100.00
04:47:24         11      0.00      0.00      0.00      0.00      0.00    100.00
04:47:24         12      1.00      0.00      0.00      0.00      0.00     99.00
04:47:24         13      0.00      0.00      0.00      0.00      0.00    100.00
04:47:24         14      0.00      0.00      0.00      0.00      0.00    100.00
04:47:24         15      0.00      0.00      0.00      0.00      0.00    100.00
04:47:24         16      0.00      0.00      0.00      0.00      0.00    100.00
04:47:24         17      0.00      0.00      0.00      0.00      0.00    100.00
04:47:24         18      0.00      0.00      0.00      0.00      0.00    100.00
04:47:24         19      0.00      0.00      0.00      0.00      0.00    100.00
04:47:24         20      0.00      0.00      0.00      0.00      0.00    100.00
04:47:24         21      0.00      0.00      0.00      0.00      0.00    100.00
04:47:24         22      0.00      0.00      0.00      0.00      0.00    100.00
04:47:24         23      0.00      0.00      0.00      0.00      0.00    100.00
04:47:24         24      0.00      0.00      0.00      0.00      0.00    100.00
04:47:24         25      0.00      0.00      0.00      0.00      0.00    100.00
04:47:24         26      0.00      0.00      0.00      0.00      0.00    100.00
04:47:24         27      0.00      0.00      0.00      0.00      0.00    100.00
04:47:24         28      0.00      0.00      0.00      0.00      0.00    100.00
04:47:24         29      0.00      0.00      0.00      0.00      0.00    100.00
04:47:24         30      0.00      0.00      0.00      0.00      0.00    100.00
04:47:24         31      0.00      0.00      0.00      0.00      0.00    100.00

04:47:24        CPU     %user     %nice   %system   %iowait    %steal     %idle
04:47:25        all      3.19      0.00      0.00      0.00      0.00     96.81
04:47:25          0      0.00      0.00      0.00      0.00      0.00    100.00
04:47:25          1      0.00      0.00      0.00      0.00      0.00    100.00
04:47:25          2      0.00      0.00      0.00      0.00      0.00    100.00
04:47:25          3      0.00      0.00      0.00      0.00      0.00    100.00
04:47:25          4    100.00      0.00      0.00      0.00      0.00      0.00
04:47:25          5      0.00      0.00      0.00      0.00      0.00    100.00
04:47:25          6      0.00      0.00      0.00      0.00      0.00    100.00
04:47:25          7      0.00      0.00      0.00      0.00      0.00    100.00
04:47:25          8      0.00      0.00      0.00      0.00      0.00    100.00
04:47:25          9      0.00      0.00      0.00      0.00      0.00    100.00
04:47:25         10      0.00      0.00      0.00      0.00      0.00    100.00
04:47:25         11      0.00      0.00      0.00      0.00      0.00    100.00
04:47:25         12      1.00      0.00      0.00      0.00      0.00     99.00
04:47:25         13      0.00      0.00      0.00      0.00      0.00    100.00
04:47:25         14      0.00      0.00      0.00      0.00      0.00    100.00
04:47:25         15      0.00      0.00      0.00      0.00      0.00    100.00
04:47:25         16      1.00      0.00      0.00      0.00      0.00     99.00
04:47:25         17      0.00      0.00      0.00      0.00      0.00    100.00
04:47:25         18      0.00      0.00      0.00      0.00      0.00    100.00
04:47:25         19      0.00      0.00      0.00      0.00      0.00    100.00
04:47:25         20      0.00      0.00      0.00      0.00      0.00    100.00
04:47:25         21      0.00      0.00      0.00      0.00      0.00    100.00
04:47:25         22      0.00      0.00      0.00      0.00      0.00    100.00
04:47:25         23      0.00      0.00      0.00      0.00      0.00    100.00
04:47:25         24      0.00      0.00      0.00      0.00      0.00    100.00
04:47:25         25      0.00      0.00      0.00      0.00      0.00    100.00
04:47:25         26      0.00      0.00      0.00      0.00      0.00    100.00
04:47:25         27      0.00      0.00      0.00      0.00      0.00    100.00
04:47:25         28      0.00      0.00      0.00      0.00      0.00    100.00
04:47:25         29      0.00      0.00      0.00      0.00      0.00    100.00
04:47:25         30      0.00      0.00      0.00      0.00      0.00    100.00
04:47:25         31      0.00      0.00      0.00      0.00      0.00    100.00

04:47:25        CPU     %user     %nice   %system   %iowait    %steal     %idle
04:47:26        all      3.16      0.00      0.06      0.00      0.00     96.78
04:47:26          0      0.00      0.00      0.00      0.00      0.00    100.00
04:47:26          1      0.00      0.00      0.00      0.00      0.00    100.00
04:47:26          2      0.00      0.00      0.00      0.00      0.00    100.00
04:47:26          3      0.00      0.00      0.00      0.00      0.00    100.00
04:47:26          4    100.00      0.00      0.00      0.00      0.00      0.00
04:47:26          5      0.00      0.00      0.00      0.00      0.00    100.00
04:47:26          6      0.00      0.00      0.00      0.00      0.00    100.00
04:47:26          7      0.00      0.00      0.00      0.00      0.00    100.00
04:47:26          8      0.00      0.00      0.00      0.00      0.00    100.00
04:47:26          9      0.00      0.00      0.00      0.00      0.00    100.00
04:47:26         10      0.00      0.00      0.00      0.00      0.00    100.00
04:47:26         11      0.00      0.00      0.99      0.00      0.00     99.01
04:47:26         12      1.00      0.00      0.00      0.00      0.00     99.00
04:47:26         13      0.00      0.00      0.00      0.00      0.00    100.00
04:47:26         14      0.00      0.00      0.00      0.00      0.00    100.00
04:47:26         15      0.00      0.00      0.00      0.00      0.00    100.00
04:47:26         16      0.00      0.00      0.99      0.00      0.00     99.01
04:47:26         17      0.00      0.00      0.00      0.00      0.00    100.00
04:47:26         18      0.00      0.00      0.00      0.00      0.00    100.00
04:47:26         19      0.00      0.00      0.00      0.00      0.00    100.00
04:47:26         20      0.00      0.00      0.00      0.00      0.00    100.00
04:47:26         21      0.00      0.00      0.00      0.00      0.00    100.00
04:47:26         22      0.00      0.00      0.00      0.00      0.00    100.00
04:47:26         23      0.00      0.00      0.00      0.00      0.00    100.00
04:47:26         24      0.00      0.00      0.00      0.00      0.00    100.00
04:47:26         25      0.00      0.00      0.00      0.00      0.00    100.00
04:47:26         26      0.00      0.00      0.00      0.00      0.00    100.00
04:47:26         27      0.00      0.00      0.00      0.00      0.00    100.00
04:47:26         28      0.00      0.00      0.00      0.00      0.00    100.00
04:47:26         29      0.00      0.00      0.00      0.00      0.00    100.00
04:47:26         30      0.00      0.00      0.00      0.00      0.00    100.00
04:47:26         31      0.00      0.00      0.00      0.00      0.00    100.00

04:47:26        CPU     %user     %nice   %system   %iowait    %steal     %idle
04:47:27        all      3.13      0.00      0.00      0.00      0.00     96.87
04:47:27          0      0.00      0.00      0.00      0.00      0.00    100.00
04:47:27          1      0.00      0.00      0.00      0.00      0.00    100.00
04:47:27          2      0.00      0.00      0.00      0.00      0.00    100.00
04:47:27          3      0.00      0.00      0.00      0.00      0.00    100.00
04:47:27          4    100.00      0.00      0.00      0.00      0.00      0.00
04:47:27          5      0.00      0.00      0.00      0.00      0.00    100.00
04:47:27          6      0.00      0.00      0.00      0.00      0.00    100.00
04:47:27          7      0.00      0.00      0.00      0.00      0.00    100.00
04:47:27          8      0.00      0.00      0.00      0.00      0.00    100.00
04:47:27          9      0.00      0.00      0.00      0.00      0.00    100.00
04:47:27         10      0.00      0.00      0.00      0.00      0.00    100.00
04:47:27         11      0.00      0.00      0.00      0.00      0.00    100.00
04:47:27         12      0.00      0.00      0.00      0.00      0.00    100.00
04:47:27         13      0.00      0.00      0.00      0.00      0.00    100.00
04:47:27         14      0.00      0.00      0.00      0.00      0.00    100.00
04:47:27         15      0.00      0.00      0.00      0.00      0.00    100.00
04:47:27         16      0.00      0.00      0.00      0.00      0.00    100.00
04:47:27         17      0.00      0.00      0.00      0.00      0.00    100.00
04:47:27         18      0.00      0.00      0.00      0.00      0.00    100.00
04:47:27         19      0.00      0.00      0.00      0.00      0.00    100.00
04:47:27         20      0.00      0.00      0.00      0.00      0.00    100.00
04:47:27         21      0.00      0.00      0.00      0.00      0.00    100.00
04:47:27         22      0.00      0.00      0.00      0.00      0.00    100.00
04:47:27         23      0.00      0.00      0.00      0.00      0.00    100.00
04:47:27         24      0.00      0.00      0.00      0.00      0.00    100.00
04:47:27         25      0.00      0.00      0.00      0.00      0.00    100.00
04:47:27         26      0.00      0.00      0.00      0.00      0.00    100.00
04:47:27         27      0.00      0.00      0.00      0.00      0.00    100.00
04:47:27         28      0.00      0.00      0.00      0.00      0.00    100.00
04:47:27         29      0.00      0.00      0.00      0.00      0.00    100.00
04:47:27         30      0.00      0.00      0.00      0.00      0.00    100.00
04:47:27         31      0.00      0.00      0.00      0.00      0.00    100.00

04:47:27        CPU     %user     %nice   %system   %iowait    %steal     %idle
04:47:28        all      3.16      0.00      0.00      0.00      0.00     96.84
04:47:28          0      0.00      0.00      0.00      0.00      0.00    100.00
04:47:28          1      0.00      0.00      0.00      0.00      0.00    100.00
04:47:28          2      0.00      0.00      0.00      0.00      0.00    100.00
04:47:28          3      0.00      0.00      0.00      0.00      0.00    100.00
04:47:28          4    100.00      0.00      0.00      0.00      0.00      0.00
04:47:28          5      0.00      0.00      0.00      0.00      0.00    100.00
04:47:28          6      0.00      0.00      0.00      0.00      0.00    100.00
04:47:28          7      0.00      0.00      0.00      0.00      0.00    100.00
04:47:28          8      0.00      0.00      0.00      0.00      0.00    100.00
04:47:28          9      0.00      0.00      0.00      0.00      0.00    100.00
04:47:28         10      0.00      0.00      0.00      0.00      0.00    100.00
04:47:28         11      0.00      0.00      0.00      0.00      0.00    100.00
04:47:28         12      1.00      0.00      0.00      0.00      0.00     99.00
04:47:28         13      0.00      0.00      0.00      0.00      0.00    100.00
04:47:28         14      0.00      0.00      0.00      0.00      0.00    100.00
04:47:28         15      0.00      0.00      0.00      0.00      0.00    100.00
04:47:28         16      0.00      0.00      0.00      0.00      0.00    100.00
04:47:28         17      0.00      0.00      0.00      0.00      0.00    100.00
04:47:28         18      0.00      0.00      0.00      0.00      0.00    100.00
04:47:28         19      0.00      0.00      0.00      0.00      0.00    100.00
04:47:28         20      0.00      0.00      0.00      0.00      0.00    100.00
04:47:28         21      0.00      0.00      0.00      0.00      0.00    100.00
04:47:28         22      0.00      0.00      0.00      0.00      0.00    100.00
04:47:28         23      0.00      0.00      0.00      0.00      0.00    100.00
04:47:28         24      0.00      0.00      0.00      0.00      0.00    100.00
04:47:28         25      0.00      0.00      0.00      0.00      0.00    100.00
04:47:28         26      0.00      0.00      0.00      0.00      0.00    100.00
04:47:28         27      0.00      0.00      0.00      0.00      0.00    100.00
04:47:28         28      0.00      0.00      0.00      0.00      0.00    100.00
04:47:28         29      0.00      0.00      0.00      0.00      0.00    100.00
04:47:28         30      0.00      0.00      0.00      0.00      0.00    100.00
04:47:28         31      0.00      0.00      0.00      0.00      0.00    100.00

04:47:28        CPU     %user     %nice   %system   %iowait    %steal     %idle
04:47:29        all      3.16      0.00      0.00      0.00      0.00     96.84
04:47:29          0      0.00      0.00      0.00      0.00      0.00    100.00
04:47:29          1      0.00      0.00      0.00      0.00      0.00    100.00
04:47:29          2      0.00      0.00      0.00      0.00      0.00    100.00
04:47:29          3      0.00      0.00      0.00      0.00      0.00    100.00
04:47:29          4    100.00      0.00      0.00      0.00      0.00      0.00
04:47:29          5      0.00      0.00      0.00      0.00      0.00    100.00
04:47:29          6      0.00      0.00      0.00      0.00      0.00    100.00
04:47:29          7      0.00      0.00      0.00      0.00      0.00    100.00
04:47:29          8      0.00      0.00      0.00      0.00      0.00    100.00
04:47:29          9      0.00      0.00      0.00      0.00      0.00    100.00
04:47:29         10      0.00      0.00      0.00      0.00      0.00    100.00
04:47:29         11      0.00      0.00      0.00      0.00      0.00    100.00
04:47:29         12      1.00      0.00      0.00      0.00      0.00     99.00
04:47:29         13      0.00      0.00      0.00      0.00      0.00    100.00
04:47:29         14      0.00      0.00      0.00      0.00      0.00    100.00
04:47:29         15      0.00      0.00      0.00      0.00      0.00    100.00
04:47:29         16      0.00      0.00      0.00      0.00      0.00    100.00
04:47:29         17      0.00      0.00      0.00      0.00      0.00    100.00
04:47:29         18      0.00      0.00      0.00      0.00      0.00    100.00
04:47:29         19      0.00      0.00      0.00      0.00      0.00    100.00
04:47:29         20      0.00      0.00      0.00      0.00      0.00    100.00
04:47:29         21      0.00      0.00      0.00      0.00      0.00    100.00
04:47:29         22      0.00      0.00      0.00      0.00      0.00    100.00
04:47:29         23      0.00      0.00      0.00      0.00      0.00    100.00
04:47:29         24      0.00      0.00      0.00      0.00      0.00    100.00
04:47:29         25      0.00      0.00      0.00      0.00      0.00    100.00
04:47:29         26      0.00      0.00      0.00      0.00      0.00    100.00
04:47:29         27      0.00      0.00      0.00      0.00      0.00    100.00
04:47:29         28      0.00      0.00      0.00      0.00      0.00    100.00
04:47:29         29      0.00      0.00      0.00      0.00      0.00    100.00
04:47:29         30      0.00      0.00      0.00      0.00      0.00    100.00
04:47:29         31      0.00      0.00      0.00      0.00      0.00    100.00

04:47:29        CPU     %user     %nice   %system   %iowait    %steal     %idle
04:47:30        all      3.19      0.00      0.00      0.00      0.00     96.81
04:47:30          0      0.00      0.00      0.00      0.00      0.00    100.00
04:47:30          1      0.00      0.00      0.00      0.00      0.00    100.00
04:47:30          2      0.00      0.00      0.00      0.00      0.00    100.00
04:47:30          3      0.00      0.00      0.00      0.00      0.00    100.00
04:47:30          4    100.00      0.00      0.00      0.00      0.00      0.00
04:47:30          5      0.00      0.00      0.00      0.00      0.00    100.00
04:47:30          6      0.00      0.00      0.00      0.00      0.00    100.00
04:47:30          7      0.00      0.00      0.00      0.00      0.00    100.00
04:47:30          8      0.00      0.00      0.00      0.00      0.00    100.00
04:47:30          9      0.00      0.00      0.00      0.00      0.00    100.00
04:47:30         10      0.00      0.00      0.00      0.00      0.00    100.00
04:47:30         11      0.00      0.00      0.00      0.00      0.00    100.00
04:47:30         12      1.00      0.00      0.00      0.00      0.00     99.00
04:47:30         13      0.00      0.00      0.00      0.00      0.00    100.00
04:47:30         14      0.00      0.00      0.00      0.00      0.00    100.00
04:47:30         15      0.00      0.00      0.00      0.00      0.00    100.00
04:47:30         16      0.00      0.00      0.00      0.00      0.00    100.00
04:47:30         17      0.00      0.00      0.00      0.00      0.00    100.00
04:47:30         18      0.00      0.00      0.00      0.00      0.00    100.00
04:47:30         19      0.00      0.00      0.00      0.00      0.00    100.00
04:47:30         20      0.00      0.00      0.00      0.00      0.00    100.00
04:47:30         21      0.00      0.00      0.00      0.00      0.00    100.00
04:47:30         22      0.00      0.00      0.00      0.00      0.00    100.00
04:47:30         23      0.00      0.00      0.00      0.00      0.00    100.00
04:47:30         24      0.00      0.00      0.00      0.00      0.00    100.00
04:47:30         25      0.00      0.00      0.00      0.00      0.00    100.00
04:47:30         26      1.00      0.00      0.00      0.00      0.00     99.00
04:47:30         27      0.00      0.00      0.00      0.00      0.00    100.00
04:47:30         28      0.00      0.00      0.00      0.00      0.00    100.00
04:47:30         29      0.00      0.00      0.00      0.00      0.00    100.00
04:47:30         30      0.00      0.00      0.00      0.00      0.00    100.00
04:47:30         31      0.00      0.00      0.00      0.00      0.00    100.00

04:47:30        CPU     %user     %nice   %system   %iowait    %steal     %idle
04:47:31        all      3.19      0.00      0.03      0.00      0.00     96.78
04:47:31          0      0.00      0.00      0.00      0.00      0.00    100.00
04:47:31          1      0.00      0.00      0.00      0.00      0.00    100.00
04:47:31          2      0.00      0.00      0.00      0.00      0.00    100.00
04:47:31          3      0.00      0.00      0.00      0.00      0.00    100.00
04:47:31          4    100.00      0.00      0.00      0.00      0.00      0.00
04:47:31          5      0.00      0.00      0.00      0.00      0.00    100.00
04:47:31          6      0.00      0.00      0.00      0.00      0.00    100.00
04:47:31          7      0.00      0.00      0.00      0.00      0.00    100.00
04:47:31          8      0.00      0.00      0.00      0.00      0.00    100.00
04:47:31          9      0.00      0.00      0.00      0.00      0.00    100.00
04:47:31         10      0.00      0.00      0.00      0.00      0.00    100.00
04:47:31         11      0.00      0.00      0.00      0.00      0.00    100.00
04:47:31         12      1.00      0.00      0.00      0.00      0.00     99.00
04:47:31         13      0.00      0.00      0.00      0.00      0.00    100.00
04:47:31         14      0.00      0.00      0.00      0.00      0.00    100.00
04:47:31         15      0.00      0.00      0.00      0.00      0.00    100.00
04:47:31         16      0.00      0.00      0.00      0.00      0.00    100.00
04:47:31         17      0.00      0.00      0.00      0.00      0.00    100.00
04:47:31         18      0.00      0.00      0.00      0.00      0.00    100.00
04:47:31         19      0.00      0.00      0.00      0.00      0.00    100.00
04:47:31         20      0.00      0.00      0.00      0.00      0.00    100.00
04:47:31         21      0.00      0.00      0.00      0.00      0.00    100.00
04:47:31         22      0.00      0.00      0.00      0.00      0.00    100.00
04:47:31         23      0.00      0.00      0.00      0.00      0.00    100.00
04:47:31         24      0.00      0.00      0.00      0.00      0.00    100.00
04:47:31         25      0.00      0.00      0.00      0.00      0.00    100.00
04:47:31         26      0.98      0.00      0.98      0.00      0.00     98.04
04:47:31         27      0.00      0.00      0.00      0.00      0.00    100.00
04:47:31         28      0.00      0.00      0.00      0.00      0.00    100.00
04:47:31         29      0.00      0.00      0.00      0.00      0.00    100.00
04:47:31         30      0.00      0.00      0.00      0.00      0.00    100.00
04:47:31         31      0.00      0.00      0.00      0.00      0.00    100.00

04:47:31        CPU     %user     %nice   %system   %iowait    %steal     %idle
04:47:32        all      3.16      0.00      0.03      0.00      0.00     96.81
04:47:32          0      0.00      0.00      0.00      0.00      0.00    100.00
04:47:32          1      0.00      0.00      0.00      0.00      0.00    100.00
04:47:32          2      0.00      0.00      0.00      0.00      0.00    100.00
04:47:32          3      0.00      0.00      0.00      0.00      0.00    100.00
04:47:32          4    100.00      0.00      0.00      0.00      0.00      0.00
04:47:32          5      0.00      0.00      0.00      0.00      0.00    100.00
04:47:32          6      0.00      0.00      0.00      0.00      0.00    100.00
04:47:32          7      0.00      0.00      0.00      0.00      0.00    100.00
04:47:32          8      0.00      0.00      0.00      0.00      0.00    100.00
04:47:32          9      0.00      0.00      0.00      0.00      0.00    100.00
04:47:32         10      0.00      0.00      0.00      0.00      0.00    100.00
04:47:32         11      0.00      0.00      0.00      0.00      0.00    100.00
04:47:32         12      1.00      0.00      0.00      0.00      0.00     99.00
04:47:32         13      0.00      0.00      0.00      0.00      0.00    100.00
04:47:32         14      0.00      0.00      0.00      0.00      0.00    100.00
04:47:32         15      0.00      0.00      0.00      0.00      0.00    100.00
04:47:32         16      0.00      0.00      0.99      0.00      0.00     99.01
04:47:32         17      0.00      0.00      0.00      0.00      0.00    100.00
04:47:32         18      0.00      0.00      0.00      0.00      0.00    100.00
04:47:32         19      0.00      0.00      0.00      0.00      0.00    100.00
04:47:32         20      0.00      0.00      0.00      0.00      0.00    100.00
04:47:32         21      0.00      0.00      0.00      0.00      0.00    100.00
04:47:32         22      0.00      0.00      0.00      0.00      0.00    100.00
04:47:32         23      0.00      0.00      0.00      0.00      0.00    100.00
04:47:32         24      0.00      0.00      0.00      0.00      0.00    100.00
04:47:32         25      0.00      0.00      0.00      0.00      0.00    100.00
04:47:32         26      0.00      0.00      0.00      0.00      0.00    100.00
04:47:32         27      0.00      0.00      0.00      0.00      0.00    100.00
04:47:32         28      0.00      0.00      0.00      0.00      0.00    100.00
04:47:32         29      0.00      0.00      0.00      0.00      0.00    100.00
04:47:32         30      0.00      0.00      0.00      0.00      0.00    100.00
04:47:32         31      0.00      0.00      0.00      0.00      0.00    100.00

04:47:32        CPU     %user     %nice   %system   %iowait    %steal     %idle
04:47:33        all      3.19      0.00      0.00      0.00      0.00     96.81
04:47:33          0      0.00      0.00      0.00      0.00      0.00    100.00
04:47:33          1      0.00      0.00      0.00      0.00      0.00    100.00
04:47:33          2      0.99      0.00      0.00      0.00      0.00     99.01
04:47:33          3      0.00      0.00      0.00      0.00      0.00    100.00
04:47:33          4    100.00      0.00      0.00      0.00      0.00      0.00
04:47:33          5      0.00      0.00      0.00      0.00      0.00    100.00
04:47:33          6      0.00      0.00      0.00      0.00      0.00    100.00
04:47:33          7      0.00      0.00      0.00      0.00      0.00    100.00
04:47:33          8      0.00      0.00      0.00      0.00      0.00    100.00
04:47:33          9      0.00      0.00      0.00      0.00      0.00    100.00
04:47:33         10      0.00      0.00      0.00      0.00      0.00    100.00
04:47:33         11      0.00      0.00      0.00      0.00      0.00    100.00
04:47:33         12      1.00      0.00      0.00      0.00      0.00     99.00
04:47:33         13      0.00      0.00      0.00      0.00      0.00    100.00
04:47:33         14      0.00      0.00      0.00      0.00      0.00    100.00
04:47:33         15      0.00      0.00      0.00      0.00      0.00    100.00
04:47:33         16      0.00      0.00      0.00      0.00      0.00    100.00
04:47:33         17      0.00      0.00      0.00      0.00      0.00    100.00
04:47:33         18      0.00      0.00      0.00      0.00      0.00    100.00
04:47:33         19      0.00      0.00      0.00      0.00      0.00    100.00
04:47:33         20      0.00      0.00      0.00      0.00      0.00    100.00
04:47:33         21      0.00      0.00      0.00      0.00      0.00    100.00
04:47:33         22      0.00      0.00      0.00      0.00      0.00    100.00
04:47:33         23      0.00      0.00      0.00      0.00      0.00    100.00
04:47:33         24      0.00      0.00      0.00      0.00      0.00    100.00
04:47:33         25      0.00      0.00      0.00      0.00      0.00    100.00
04:47:33         26      0.00      0.00      0.00      0.00      0.00    100.00
04:47:33         27      0.00      0.00      0.00      0.00      0.00    100.00
04:47:33         28      0.00      0.00      0.00      0.00      0.00    100.00
04:47:33         29      0.00      0.00      0.00      0.00      0.00    100.00
04:47:33         30      0.00      0.00      0.00      0.00      0.00    100.00
04:47:33         31      0.00      0.00      0.00      0.00      0.00    100.00

Average:        CPU     %user     %nice   %system   %iowait    %steal     %idle
Average:        all      3.02      0.00      0.17      0.00      0.00     96.82
Average:          0      0.05      0.00      0.02      0.00      0.00     99.93
Average:          1      0.05      0.00      0.07      0.00      0.00     99.88
Average:          2      0.07      0.00      0.03      0.00      0.00     99.90
Average:          3      0.00      0.00      0.00      0.00      0.00    100.00
Average:          4     95.03      0.00      4.92      0.00      0.00      0.05
Average:          5      0.00      0.00      0.00      0.00      0.00    100.00
Average:          6      0.00      0.00      0.00      0.00      0.00    100.00
Average:          7      0.00      0.00      0.00      0.00      0.00    100.00
Average:          8      0.00      0.00      0.00      0.00      0.00    100.00
Average:          9      0.00      0.00      0.00      0.00      0.00    100.00
Average:         10      0.05      0.00      0.05      0.00      0.00     99.90
Average:         11      0.00      0.00      0.03      0.00      0.00     99.97
Average:         12      0.87      0.00      0.03      0.00      0.00     99.10
Average:         13      0.03      0.00      0.02      0.00      0.00     99.95
Average:         14      0.03      0.00      0.02      0.00      0.00     99.95
Average:         15      0.00      0.00      0.00      0.00      0.00    100.00
Average:         16      0.13      0.00      0.08      0.00      0.00     99.78
Average:         17      0.00      0.00      0.00      0.00      0.00    100.00
Average:         18      0.00      0.00      0.00      0.00      0.00    100.00
Average:         19      0.02      0.00      0.00      0.00      0.00     99.98
Average:         20      0.02      0.00      0.00      0.00      0.00     99.98
Average:         21      0.00      0.00      0.00      0.00      0.00    100.00
Average:         22      0.02      0.00      0.00      0.00      0.00     99.98
Average:         23      0.02      0.00      0.00      0.00      0.00     99.98
Average:         24      0.00      0.00      0.00      0.00      0.00    100.00
Average:         25      0.02      0.00      0.00      0.00      0.00     99.98
Average:         26      0.03      0.00      0.02      0.00      0.00     99.95
Average:         27      0.00      0.00      0.00      0.00      0.00    100.00
Average:         28      0.00      0.00      0.02      0.00      0.00     99.98
Average:         29      0.00      0.00      0.00      0.00      0.00    100.00
Average:         30      0.00      0.00      0.00      0.00      0.00    100.00
Average:         31      0.08      0.00      0.03      0.00      0.00     99.88
