experiment,collection_window,metric,scope,sample_index,value,unit
correlation-stream-cores1,pcm_memory,memreadbw,SKT0CHAN0,0,2012.05,MB/s
correlation-stream-cores1,pcm_memory,memreadbw,SKT0CHAN0,1,2011.41,MB/s
correlation-stream-cores1,pcm_memory,memreadbw,SKT0CHAN0,2,2009.4,MB/s
correlation-stream-cores1,pcm_memory,memreadbw,SKT0CHAN0,3,2011.54,MB/s
correlation-stream-cores1,pcm_memory,memreadbw,SKT0CHAN0,4,2009.43,MB/s
correlation-stream-cores1,pcm_memory,memreadbw,SKT0CHAN0,5,2011.64,MB/s
correlation-stream-cores1,pcm_memory,memreadbw,SKT0CHAN0,6,2011.87,MB/s
correlation-stream-cores1,pcm_memory,memreadbw,SKT0CHAN0,7,2009.7,MB/s
correlation-stream-cores1,pcm_memory,memreadbw,SKT0CHAN0,8,2011.59,MB/s
correlation-stream-cores1,pcm_memory,memreadbw,SKT0CHAN0,9,2009.35,MB/s
correlation-stream-cores1,pcm_memory,memreadbw,SKT0CHAN0,10,2011.11,MB/s
correlation-stream-cores1,pcm_memory,memreadbw,SKT0CHAN0,11,2009.58,MB/s
correlation-stream-cores1,pcm_memory,memreadbw,SKT0CHAN0,12,2011.24,MB/s
correlation-stream-cores1,pcm_memory,memreadbw,SKT0CHAN0,13,2009.69,MB/s
correlation-stream-cores1,pcm_memory,memreadbw,SKT0CHAN0,14,2013.12,MB/s
correlation-stream-cores1,pcm_memory,memreadbw,SKT0CHAN0,15,2008.77,MB/s
correlation-stream-cores1,pcm_memory,memreadbw,SKT0CHAN0,16,2010.68,MB/s
correlation-stream-cores1,pcm_memory,memreadbw,SKT0CHAN0,17,2010.23,MB/s
correlation-stream-cores1,pcm_memory,memreadbw,SKT0CHAN0,18,2009.12,MB/s
correlation-stream-cores1,pcm_memory,memreadbw,SKT0CHAN0,19,2015.15,MB/s
correlation-stream-cores1,pcm_memory,memreadbw,SKT0CHAN0,20,2008.78,MB/s
correlation-stream-cores1,pcm_memory,memreadbw,SKT0CHAN0,21,2012.72,MB/s
correlation-stream-cores1,pcm_memory,memreadbw,SKT0CHAN0,22,2017.52,MB/s
correlation-stream-cores1,pcm_memory,memreadbw,SKT0CHAN0,23,2013.07,MB/s
correlation-stream-cores1,pcm_memory,memreadbw,SKT0CHAN0,24,2009.87,MB/s
correlation-stream-cores1,pcm_memory,memreadbw,SKT0CHAN0,25,2011.32,MB/s
correlation-stream-cores1,pcm_memory,memreadbw,SKT0CHAN0,26,2009.83,MB/s
correlation-stream-cores1,pcm_memory,memreadbw,SKT0CHAN0,27,2011.2,MB/s
correlation-stream-cores1,pcm_memory,memreadbw,SKT0CHAN0,28,2011.38,MB/s
correlation-stream-cores1,pcm_memory,memreadbw,SKT0CHAN0,29,2009.33,MB/s
correlation-stream-cores1,pcm_memory,memreadbw,SKT0CHAN0,30,2011.07,MB/s
correlation-stream-cores1,pcm_memory,memreadbw,SKT0CHAN0,31,2009.37,MB/s
correlation-stream-cores1,pcm_memory,memreadbw,SKT0CHAN0,32,2011.55,MB/s
correlation-stream-cores1,pcm_memory,memreadbw,SKT0CHAN0,33,2009.56,MB/s
correlation-stream-cores1,pcm_memory,memreadbw,SKT0CHAN0,34,2011.52,MB/s
correlation-stream-cores1,pcm_memory,memreadbw,SKT0CHAN0,35,2009.49,MB/s
correlation-stream-cores1,pcm_memory,memreadbw,SKT0CHAN0,36,2011.38,MB/s
correlation-stream-cores1,pcm_memory,memreadbw,SKT0CHAN0,37,2009.52,MB/s
correlation-stream-cores1,pcm_memory,memreadbw,SKT0CHAN0,38,2012.17,MB/s
correlation-stream-cores1,pcm_memory,memreadbw,SKT0CHAN0,39,2009.4,MB/s
correlation-stream-cores1,pcm_memory,memreadbw,SKT0CHAN0,40,2010.77,MB/s
correlation-stream-cores1,pcm_memory,memreadbw,SKT0CHAN0,41,2010.98,MB/s
correlation-stream-cores1,pcm_memory,memreadbw,SKT0CHAN0,42,2009.38,MB/s
correlation-stream-cores1,pcm_memory,memreadbw,SKT0CHAN0,43,2011.12,MB/s
correlation-stream-cores1,pcm_memory,memreadbw,SKT0CHAN0,44,2009.47,MB/s
correlation-stream-cores1,pcm_memory,memreadbw,SKT0CHAN0,45,2010.83,MB/s
correlation-stream-cores1,pcm_memory,memreadbw,SKT0CHAN0,46,2009.53,MB/s
correlation-stream-cores1,pcm_memory,memreadbw,SKT0CHAN0,47,2017.4,MB/s
correlation-stream-cores1,pcm_memory,memreadbw,SKT0CHAN0,48,2009.96,MB/s
correlation-stream-cores1,pcm_memory,memreadbw,SKT0CHAN0,49,2012.58,MB/s
correlation-stream-cores1,pcm_memory,memreadbw,SKT0CHAN0,50,2010.14,MB/s
correlation-stream-cores1,pcm_memory,memreadbw,SKT0CHAN0,51,2011.86,MB/s
correlation-stream-cores1,pcm_memory,memreadbw,SKT0CHAN0,52,2016.21,MB/s
correlation-stream-cores1,pcm_memory,memreadbw,SKT0CHAN0,53,2012.89,MB/s
correlation-stream-cores1,pcm_memory,memreadbw,SKT0CHAN0,54,2014.41,MB/s
correlation-stream-cores1,pcm_memory,memreadbw,SKT0CHAN0,55,2018.09,MB/s
correlation-stream-cores1,pcm_memory,memreadbw,SKT0CHAN0,56,2014.03,MB/s
correlation-stream-cores1,pcm_memory,memreadbw,SKT0CHAN0,57,2009.51,MB/s
correlation-stream-cores1,pcm_memory,memreadbw,SKT0CHAN0,58,2011.32,MB/s
correlation-stream-cores1,pcm_memory,memreadbw,SKT0CHAN0,59,2009.25,MB/s
correlation-stream-cores1,pcm_memory,memreadbw,SKT0CHAN1,0,2012.7,MB/s
correlation-stream-cores1,pcm_memory,memreadbw,SKT0CHAN1,1,2012.15,MB/s
correlation-stream-cores1,pcm_memory,memreadbw,SKT0CHAN1,2,2010.1,MB/s
correlation-stream-cores1,pcm_memory,memreadbw,SKT0CHAN1,3,2012.27,MB/s
correlation-stream-cores1,pcm_memory,memreadbw,SKT0CHAN1,4,2010.17,MB/s
correlation-stream-cores1,pcm_memory,memreadbw,SKT0CHAN1,5,2012.38,MB/s
correlation-stream-cores1,pcm_memory,memreadbw,SKT0CHAN1,6,2012.75,MB/s
correlation-stream-cores1,pcm_memory,memreadbw,SKT0CHAN1,7,2010.56,MB/s
correlation-stream-cores1,pcm_memory,memreadbw,SKT0CHAN1,8,2012.45,MB/s
correlation-stream-cores1,pcm_memory,memreadbw,SKT0CHAN1,9,2010.35,MB/s
correlation-stream-cores1,pcm_memory,memreadbw,SKT0CHAN1,10,2011.97,MB/s
correlation-stream-cores1,pcm_memory,memreadbw,SKT0CHAN1,11,2010.39,MB/s
correlation-stream-cores1,pcm_memory,memreadbw,SKT0CHAN1,12,2012.07,MB/s
correlation-stream-cores1,pcm_memory,memreadbw,SKT0CHAN1,13,2010.6,MB/s
correlation-stream-cores1,pcm_memory,memreadbw,SKT0CHAN1,14,2013.94,MB/s
correlation-stream-cores1,pcm_memory,memreadbw,SKT0CHAN1,15,2009.54,MB/s
correlation-stream-cores1,pcm_memory,memreadbw,SKT0CHAN1,16,2011.48,MB/s
correlation-stream-cores1,pcm_memory,memreadbw,SKT0CHAN1,17,2011.01,MB/s
correlation-stream-cores1,pcm_memory,memreadbw,SKT0CHAN1,18,2009.66,MB/s
correlation-stream-cores1,pcm_memory,memreadbw,SKT0CHAN1,19,2015.73,MB/s
correlation-stream-cores1,pcm_memory,memreadbw,SKT0CHAN1,20,2009.35,MB/s
correlation-stream-cores1,pcm_memory,memreadbw,SKT0CHAN1,21,2013.42,MB/s
correlation-stream-cores1,pcm_memory,memreadbw,SKT0CHAN1,22,2018.22,MB/s
correlation-stream-cores1,pcm_memory,memreadbw,SKT0CHAN1,23,2013.91,MB/s
correlation-stream-cores1,pcm_memory,memreadbw,SKT0CHAN1,24,2010.6,MB/s
correlation-stream-cores1,pcm_memory,memreadbw,SKT0CHAN1,25,2012.16,MB/s
correlation-stream-cores1,pcm_memory,memreadbw,SKT0CHAN1,26,2010.5,MB/s
correlation-stream-cores1,pcm_memory,memreadbw,SKT0CHAN1,27,2011.82,MB/s
correlation-stream-cores1,pcm_memory,memreadbw,SKT0CHAN1,28,2012.09,MB/s
correlation-stream-cores1,pcm_memory,memreadbw,SKT0CHAN1,29,2009.9,MB/s
correlation-stream-cores1,pcm_memory,memreadbw,SKT0CHAN1,30,2011.7,MB/s
correlation-stream-cores1,pcm_memory,memreadbw,SKT0CHAN1,31,2009.98,MB/s
correlation-stream-cores1,pcm_memory,memreadbw,SKT0CHAN1,32,2012.21,MB/s
correlation-stream-cores1,pcm_memory,memreadbw,SKT0CHAN1,33,2010.22,MB/s
correlation-stream-cores1,pcm_memory,memreadbw,SKT0CHAN1,34,2012.26,MB/s
correlation-stream-cores1,pcm_memory,memreadbw,SKT0CHAN1,35,2010.23,MB/s
correlation-stream-cores1,pcm_memory,memreadbw,SKT0CHAN1,36,2012.18,MB/s
correlation-stream-cores1,pcm_memory,memreadbw,SKT0CHAN1,37,2010.34,MB/s
correlation-stream-cores1,pcm_memory,memreadbw,SKT0CHAN1,38,2012.97,MB/s
correlation-stream-cores1,pcm_memory,memreadbw,SKT0CHAN1,39,2010.38,MB/s
correlation-stream-cores1,pcm_memory,memreadbw,SKT0CHAN1,40,2011.68,MB/s
correlation-stream-cores1,pcm_memory,memreadbw,SKT0CHAN1,41,2011.88,MB/s
correlation-stream-cores1,pcm_memory,memreadbw,SKT0CHAN1,42,2010.29,MB/s
correlation-stream-cores1,pcm_memory,memreadbw,SKT0CHAN1,43,2011.96,MB/s
correlation-stream-cores1,pcm_memory,memreadbw,SKT0CHAN1,44,2010.22,MB/s
correlation-stream-cores1,pcm_memory,memreadbw,SKT0CHAN1,45,2011.59,MB/s
correlation-stream-cores1,pcm_memory,memreadbw,SKT0CHAN1,46,2010.28,MB/s
correlation-stream-cores1,pcm_memory,memreadbw,SKT0CHAN1,47,2018.11,MB/s
correlation-stream-cores1,pcm_memory,memreadbw,SKT0CHAN1,48,2010.67,MB/s
correlation-stream-cores1,pcm_memory,memreadbw,SKT0CHAN1,49,2013.4,MB/s
correlation-stream-cores1,pcm_memory,memreadbw,SKT0CHAN1,50,2010.91,MB/s
correlation-stream-cores1,pcm_memory,memreadbw,SKT0CHAN1,51,2012.64,MB/s
correlation-stream-cores1,pcm_memory,memreadbw,SKT0CHAN1,52,2016.95,MB/s
correlation-stream-cores1,pcm_memory,memreadbw,SKT0CHAN1,53,2013.56,MB/s
correlation-stream-cores1,pcm_memory,memreadbw,SKT0CHAN1,54,2015.1,MB/s
correlation-stream-cores1,pcm_memory,memreadbw,SKT0CHAN1,55,2018.97,MB/s
correlation-stream-cores1,pcm_memory,memreadbw,SKT0CHAN1,56,2014.86,MB/s
correlation-stream-cores1,pcm_memory,memreadbw,SKT0CHAN1,57,2010.31,MB/s
correlation-stream-cores1,pcm_memory,memreadbw,SKT0CHAN1,58,2012.09,MB/s
correlation-stream-cores1,pcm_memory,memreadbw,SKT0CHAN1,59,2009.95,MB/s
correlation-stream-cores1,pcm_memory,memreadbw,SKT0CHAN2,0,2011.88,MB/s
correlation-stream-cores1,pcm_memory,memreadbw,SKT0CHAN2,1,2011.39,MB/s
correlation-stream-cores1,pcm_memory,memreadbw,SKT0CHAN2,2,2009.39,MB/s
correlation-stream-cores1,pcm_memory,memreadbw,SKT0CHAN2,3,2011.51,MB/s
correlation-stream-cores1,pcm_memory,memreadbw,SKT0CHAN2,4,2009.38,MB/s
correlation-stream-cores1,pcm_memory,memreadbw,SKT0CHAN2,5,2011.53,MB/s
correlation-stream-cores1,pcm_memory,memreadbw,SKT0CHAN2,6,2011.86,MB/s
correlation-stream-cores1,pcm_memory,memreadbw,SKT0CHAN2,7,2009.76,MB/s
correlation-stream-cores1,pcm_memory,memreadbw,SKT0CHAN2,8,2011.53,MB/s
correlation-stream-cores1,pcm_memory,memreadbw,SKT0CHAN2,9,2009.4,MB/s
correlation-stream-cores1,pcm_memory,memreadbw,SKT0CHAN2,10,2010.97,MB/s
correlation-stream-cores1,pcm_memory,memreadbw,SKT0CHAN2,11,2009.46,MB/s
correlation-stream-cores1,pcm_memory,memreadbw,SKT0CHAN2,12,2011.07,MB/s
correlation-stream-cores1,pcm_memory,memreadbw,SKT0CHAN2,13,2009.63,MB/s
correlation-stream-cores1,pcm_memory,memreadbw,SKT0CHAN2,14,2012.97,MB/s
correlation-stream-cores1,pcm_memory,memreadbw,SKT0CHAN2,15,2008.67,MB/s
correlation-stream-cores1,pcm_memory,memreadbw,SKT0CHAN2,16,2010.59,MB/s
correlation-stream-cores1,pcm_memory,memreadbw,SKT0CHAN2,17,2010.1,MB/s
correlation-stream-cores1,pcm_memory,memreadbw,SKT0CHAN2,18,2008.72,MB/s
correlation-stream-cores1,pcm_memory,memreadbw,SKT0CHAN2,19,2014.67,MB/s
correlation-stream-cores1,pcm_memory,memreadbw,SKT0CHAN2,20,2008.55,MB/s
correlation-stream-cores1,pcm_memory,memreadbw,SKT0CHAN2,21,2012.56,MB/s
correlation-stream-cores1,pcm_memory,memreadbw,SKT0CHAN2,22,2017.33,MB/s
correlation-stream-cores1,pcm_memory,memreadbw,SKT0CHAN2,23,2013.0,MB/s
correlation-stream-cores1,pcm_memory,memreadbw,SKT0CHAN2,24,2009.77,MB/s
correlation-stream-cores1,pcm_memory,memreadbw,SKT0CHAN2,25,2011.23,MB/s
correlation-stream-cores1,pcm_memory,memreadbw,SKT0CHAN2,26,2009.66,MB/s
correlation-stream-cores1,pcm_memory,memreadbw,SKT0CHAN2,27,2011.03,MB/s
correlation-stream-cores1,pcm_memory,memreadbw,SKT0CHAN2,28,2011.33,MB/s
correlation-stream-cores1,pcm_memory,memreadbw,SKT0CHAN2,29,2009.14,MB/s
correlation-stream-cores1,pcm_memory,memreadbw,SKT0CHAN2,30,2010.88,MB/s
correlation-stream-cores1,pcm_memory,memreadbw,SKT0CHAN2,31,2009.16,MB/s
correlation-stream-cores1,pcm_memory,memreadbw,SKT0CHAN2,32,2011.39,MB/s
correlation-stream-cores1,pcm_memory,memreadbw,SKT0CHAN2,33,2009.37,MB/s
correlation-stream-cores1,pcm_memory,memreadbw,SKT0CHAN2,34,2011.29,MB/s
correlation-stream-cores1,pcm_memory,memreadbw,SKT0CHAN2,35,2009.3,MB/s
correlation-stream-cores1,pcm_memory,memreadbw,SKT0CHAN2,36,2011.19,MB/s
correlation-stream-cores1,pcm_memory,memreadbw,SKT0CHAN2,37,2009.38,MB/s
correlation-stream-cores1,pcm_memory,memreadbw,SKT0CHAN2,38,2011.92,MB/s
correlation-stream-cores1,pcm_memory,memreadbw,SKT0CHAN2,39,2009.33,MB/s
correlation-stream-cores1,pcm_memory,memreadbw,SKT0CHAN2,40,2010.7,MB/s
correlation-stream-cores1,pcm_memory,memreadbw,SKT0CHAN2,41,2010.9,MB/s
correlation-stream-cores1,pcm_memory,memreadbw,SKT0CHAN2,42,2009.32,MB/s
correlation-stream-cores1,pcm_memory,memreadbw,SKT0CHAN2,43,2010.92,MB/s
correlation-stream-cores1,pcm_memory,memreadbw,SKT0CHAN2,44,2009.34,MB/s
correlation-stream-cores1,pcm_memory,memreadbw,SKT0CHAN2,45,2010.73,MB/s
correlation-stream-cores1,pcm_memory,memreadbw,SKT0CHAN2,46,2009.41,MB/s
correlation-stream-cores1,pcm_memory,memreadbw,SKT0CHAN2,47,2017.37,MB/s
correlation-stream-cores1,pcm_memory,memreadbw,SKT0CHAN2,48,2009.89,MB/s
correlation-stream-cores1,pcm_memory,memreadbw,SKT0CHAN2,49,2012.52,MB/s
correlation-stream-cores1,pcm_memory,memreadbw,SKT0CHAN2,50,2010.04,MB/s
correlation-stream-cores1,pcm_memory,memreadbw,SKT0CHAN2,51,2011.76,MB/s
correlation-stream-cores1,pcm_memory,memreadbw,SKT0CHAN2,52,2016.02,MB/s
correlation-stream-cores1,pcm_memory,memreadbw,SKT0CHAN2,53,2012.82,MB/s
correlation-stream-cores1,pcm_memory,memreadbw,SKT0CHAN2,54,2014.26,MB/s
correlation-stream-cores1,pcm_memory,memreadbw,SKT0CHAN2,55,2018.01,MB/s
correlation-stream-cores1,pcm_memory,memreadbw,SKT0CHAN2,56,2013.96,MB/s
correlation-stream-cores1,pcm_memory,memreadbw,SKT0CHAN2,57,2009.42,MB/s
correlation-stream-cores1,pcm_memory,memreadbw,SKT0CHAN2,58,2011.33,MB/s
correlation-stream-cores1,pcm_memory,memreadbw,SKT0CHAN2,59,2009.19,MB/s
correlation-stream-cores1,pcm_memory,memreadbw,SKT0CHAN3,0,2012.66,MB/s
correlation-stream-cores1,pcm_memory,memreadbw,SKT0CHAN3,1,2012.2,MB/s
correlation-stream-cores1,pcm_memory,memreadbw,SKT0CHAN3,2,2010.24,MB/s
correlation-stream-cores1,pcm_memory,memreadbw,SKT0CHAN3,3,2012.33,MB/s
correlation-stream-cores1,pcm_memory,memreadbw,SKT0CHAN3,4,2010.09,MB/s
correlation-stream-cores1,pcm_memory,memreadbw,SKT0CHAN3,5,2012.22,MB/s
correlation-stream-cores1,pcm_memory,memreadbw,SKT0CHAN3,6,2012.6,MB/s
correlation-stream-cores1,pcm_memory,memreadbw,SKT0CHAN3,7,2010.46,MB/s
correlation-stream-cores1,pcm_memory,memreadbw,SKT0CHAN3,8,2012.39,MB/s
correlation-stream-cores1,pcm_memory,memreadbw,SKT0CHAN3,9,2010.19,MB/s
correlation-stream-cores1,pcm_memory,memreadbw,SKT0CHAN3,10,2011.72,MB/s
correlation-stream-cores1,pcm_memory,memreadbw,SKT0CHAN3,11,2010.22,MB/s
correlation-stream-cores1,pcm_memory,memreadbw,SKT0CHAN3,12,2011.72,MB/s
correlation-stream-cores1,pcm_memory,memreadbw,SKT0CHAN3,13,2010.21,MB/s
correlation-stream-cores1,pcm_memory,memreadbw,SKT0CHAN3,14,2013.6,MB/s
correlation-stream-cores1,pcm_memory,memreadbw,SKT0CHAN3,15,2009.31,MB/s
correlation-stream-cores1,pcm_memory,memreadbw,SKT0CHAN3,16,2011.18,MB/s
correlation-stream-cores1,pcm_memory,memreadbw,SKT0CHAN3,17,2010.81,MB/s
correlation-stream-cores1,pcm_memory,memreadbw,SKT0CHAN3,18,2009.43,MB/s
correlation-stream-cores1,pcm_memory,memreadbw,SKT0CHAN3,19,2015.39,MB/s
correlation-stream-cores1,pcm_memory,memreadbw,SKT0CHAN3,20,2009.19,MB/s
correlation-stream-cores1,pcm_memory,memreadbw,SKT0CHAN3,21,2013.08,MB/s
correlation-stream-cores1,pcm_memory,memreadbw,SKT0CHAN3,22,2017.9,MB/s
correlation-stream-cores1,pcm_memory,memreadbw,SKT0CHAN3,23,2013.73,MB/s
correlation-stream-cores1,pcm_memory,memreadbw,SKT0CHAN3,24,2010.5,MB/s
correlation-stream-cores1,pcm_memory,memreadbw,SKT0CHAN3,25,2011.99,MB/s
correlation-stream-cores1,pcm_memory,memreadbw,SKT0CHAN3,26,2010.3,MB/s
correlation-stream-cores1,pcm_memory,memreadbw,SKT0CHAN3,27,2011.56,MB/s
correlation-stream-cores1,pcm_memory,memreadbw,SKT0CHAN3,28,2011.79,MB/s
correlation-stream-cores1,pcm_memory,memreadbw,SKT0CHAN3,29,2009.71,MB/s
correlation-stream-cores1,pcm_memory,memreadbw,SKT0CHAN3,30,2011.44,MB/s
correlation-stream-cores1,pcm_memory,memreadbw,SKT0CHAN3,31,2009.84,MB/s
correlation-stream-cores1,pcm_memory,memreadbw,SKT0CHAN3,32,2011.99,MB/s
correlation-stream-cores1,pcm_memory,memreadbw,SKT0CHAN3,33,2009.98,MB/s
correlation-stream-cores1,pcm_memory,memreadbw,SKT0CHAN3,34,2011.98,MB/s
correlation-stream-cores1,pcm_memory,memreadbw,SKT0CHAN3,35,2009.96,MB/s
correlation-stream-cores1,pcm_memory,memreadbw,SKT0CHAN3,36,2011.84,MB/s
correlation-stream-cores1,pcm_memory,memreadbw,SKT0CHAN3,37,2009.98,MB/s
correlation-stream-cores1,pcm_memory,memreadbw,SKT0CHAN3,38,2012.5,MB/s
correlation-stream-cores1,pcm_memory,memreadbw,SKT0CHAN3,39,2009.89,MB/s
correlation-stream-cores1,pcm_memory,memreadbw,SKT0CHAN3,40,2011.22,MB/s
correlation-stream-cores1,pcm_memory,memreadbw,SKT0CHAN3,41,2011.41,MB/s
correlation-stream-cores1,pcm_memory,memreadbw,SKT0CHAN3,42,2009.76,MB/s
correlation-stream-cores1,pcm_memory,memreadbw,SKT0CHAN3,43,2011.5,MB/s
correlation-stream-cores1,pcm_memory,memreadbw,SKT0CHAN3,44,2009.94,MB/s
correlation-stream-cores1,pcm_memory,memreadbw,SKT0CHAN3,45,2011.22,MB/s
correlation-stream-cores1,pcm_memory,memreadbw,SKT0CHAN3,46,2009.88,MB/s
correlation-stream-cores1,pcm_memory,memreadbw,SKT0CHAN3,47,2017.88,MB/s
correlation-stream-cores1,pcm_memory,memreadbw,SKT0CHAN3,48,2010.38,MB/s
correlation-stream-cores1,pcm_memory,memreadbw,SKT0CHAN3,49,2013.14,MB/s
correlation-stream-cores1,pcm_memory,memreadbw,SKT0CHAN3,50,2010.72,MB/s
correlation-stream-cores1,pcm_memory,memreadbw,SKT0CHAN3,51,2012.49,MB/s
correlation-stream-cores1,pcm_memory,memreadbw,SKT0CHAN3,52,2016.72,MB/s
correlation-stream-cores1,pcm_memory,memreadbw,SKT0CHAN3,53,2013.27,MB/s
correlation-stream-cores1,pcm_memory,memreadbw,SKT0CHAN3,54,2014.69,MB/s
correlation-stream-cores1,pcm_memory,memreadbw,SKT0CHAN3,55,2018.54,MB/s
correlation-stream-cores1,pcm_memory,memreadbw,SKT0CHAN3,56,2014.7,MB/s
correlation-stream-cores1,pcm_memory,memreadbw,SKT0CHAN3,57,2010.12,MB/s
correlation-stream-cores1,pcm_memory,memreadbw,SKT0CHAN3,58,2012.0,MB/s
correlation-stream-cores1,pcm_memory,memreadbw,SKT0CHAN3,59,2009.82,MB/s
correlation-stream-cores1,pcm_memory,memreadbw,SKT0CHAN4,0,2012.08,MB/s
correlation-stream-cores1,pcm_memory,memreadbw,SKT0CHAN4,1,2011.53,MB/s
correlation-stream-cores1,pcm_memory,memreadbw,SKT0CHAN4,2,2009.52,MB/s
correlation-stream-cores1,pcm_memory,memreadbw,SKT0CHAN4,3,2011.72,MB/s
correlation-stream-cores1,pcm_memory,memreadbw,SKT0CHAN4,4,2009.52,MB/s
correlation-stream-cores1,pcm_memory,memreadbw,SKT0CHAN4,5,2011.69,MB/s
correlation-stream-cores1,pcm_memory,memreadbw,SKT0CHAN4,6,2012.01,MB/s
correlation-stream-cores1,pcm_memory,memreadbw,SKT0CHAN4,7,2009.86,MB/s
correlation-stream-cores1,pcm_memory,memreadbw,SKT0CHAN4,8,2011.79,MB/s
correlation-stream-cores1,pcm_memory,memreadbw,SKT0CHAN4,9,2009.56,MB/s
correlation-stream-cores1,pcm_memory,memreadbw,SKT0CHAN4,10,2011.16,MB/s
correlation-stream-cores1,pcm_memory,memreadbw,SKT0CHAN4,11,2009.61,MB/s
correlation-stream-cores1,pcm_memory,memreadbw,SKT0CHAN4,12,2011.19,MB/s
correlation-stream-cores1,pcm_memory,memreadbw,SKT0CHAN4,13,2009.66,MB/s
correlation-stream-cores1,pcm_memory,memreadbw,SKT0CHAN4,14,2012.97,MB/s
correlation-stream-cores1,pcm_memory,memreadbw,SKT0CHAN4,15,2008.69,MB/s
correlation-stream-cores1,pcm_memory,memreadbw,SKT0CHAN4,16,2010.66,MB/s
correlation-stream-cores1,pcm_memory,memreadbw,SKT0CHAN4,17,2010.3,MB/s
correlation-stream-cores1,pcm_memory,memreadbw,SKT0CHAN4,18,2008.94,MB/s
correlation-stream-cores1,pcm_memory,memreadbw,SKT0CHAN4,19,2014.91,MB/s
correlation-stream-cores1,pcm_memory,memreadbw,SKT0CHAN4,20,2008.69,MB/s
correlation-stream-cores1,pcm_memory,memreadbw,SKT0CHAN4,21,2012.69,MB/s
correlation-stream-cores1,pcm_memory,memreadbw,SKT0CHAN4,22,2017.47,MB/s
correlation-stream-cores1,pcm_memory,memreadbw,SKT0CHAN4,23,2013.2,MB/s
correlation-stream-cores1,pcm_memory,memreadbw,SKT0CHAN4,24,2009.95,MB/s
correlation-stream-cores1,pcm_memory,memreadbw,SKT0CHAN4,25,2011.38,MB/s
correlation-stream-cores1,pcm_memory,memreadbw,SKT0CHAN4,26,2009.74,MB/s
correlation-stream-cores1,pcm_memory,memreadbw,SKT0CHAN4,27,2011.08,MB/s
correlation-stream-cores1,pcm_memory,memreadbw,SKT0CHAN4,28,2011.35,MB/s
correlation-stream-cores1,pcm_memory,memreadbw,SKT0CHAN4,29,2009.28,MB/s
correlation-stream-cores1,pcm_memory,memreadbw,SKT0CHAN4,30,2011.02,MB/s
correlation-stream-cores1,pcm_memory,memreadbw,SKT0CHAN4,31,2009.35,MB/s
correlation-stream-cores1,pcm_memory,memreadbw,SKT0CHAN4,32,2011.55,MB/s
correlation-stream-cores1,pcm_memory,memreadbw,SKT0CHAN4,33,2009.59,MB/s
correlation-stream-cores1,pcm_memory,memreadbw,SKT0CHAN4,34,2011.59,MB/s
correlation-stream-cores1,pcm_memory,memreadbw,SKT0CHAN4,35,2009.57,MB/s
correlation-stream-cores1,pcm_memory,memreadbw,SKT0CHAN4,36,2011.43,MB/s
correlation-stream-cores1,pcm_memory,memreadbw,SKT0CHAN4,37,2009.62,MB/s
correlation-stream-cores1,pcm_memory,memreadbw,SKT0CHAN4,38,2012.11,MB/s
correlation-stream-cores1,pcm_memory,memreadbw,SKT0CHAN4,39,2009.47,MB/s
correlation-stream-cores1,pcm_memory,memreadbw,SKT0CHAN4,40,2010.81,MB/s
correlation-stream-cores1,pcm_memory,memreadbw,SKT0CHAN4,41,2010.91,MB/s
correlation-stream-cores1,pcm_memory,memreadbw,SKT0CHAN4,42,2009.18,MB/s
correlation-stream-cores1,pcm_memory,memreadbw,SKT0CHAN4,43,2010.88,MB/s
correlation-stream-cores1,pcm_memory,memreadbw,SKT0CHAN4,44,2009.29,MB/s
correlation-stream-cores1,pcm_memory,memreadbw,SKT0CHAN4,45,2010.75,MB/s
correlation-stream-cores1,pcm_memory,memreadbw,SKT0CHAN4,46,2009.49,MB/s
correlation-stream-cores1,pcm_memory,memreadbw,SKT0CHAN4,47,2017.39,MB/s
correlation-stream-cores1,pcm_memory,memreadbw,SKT0CHAN4,48,2010.01,MB/s
correlation-stream-cores1,pcm_memory,memreadbw,SKT0CHAN4,49,2012.69,MB/s
correlation-stream-cores1,pcm_memory,memreadbw,SKT0CHAN4,50,2010.22,MB/s
correlation-stream-cores1,pcm_memory,memreadbw,SKT0CHAN4,51,2012.01,MB/s
correlation-stream-cores1,pcm_memory,memreadbw,SKT0CHAN4,52,2016.22,MB/s
correlation-stream-cores1,pcm_memory,memreadbw,SKT0CHAN4,53,2012.84,MB/s
correlation-stream-cores1,pcm_memory,memreadbw,SKT0CHAN4,54,2014.35,MB/s
correlation-stream-cores1,pcm_memory,memreadbw,SKT0CHAN4,55,2018.07,MB/s
correlation-stream-cores1,pcm_memory,memreadbw,SKT0CHAN4,56,2014.12,MB/s
correlation-stream-cores1,pcm_memory,memreadbw,SKT0CHAN4,57,2009.61,MB/s
correlation-stream-cores1,pcm_memory,memreadbw,SKT0CHAN4,58,2011.47,MB/s
correlation-stream-cores1,pcm_memory,memreadbw,SKT0CHAN4,59,2009.39,MB/s
correlation-stream-cores1,pcm_memory,memreadbw,SKT0CHAN5,0,2012.12,MB/s
correlation-stream-cores1,pcm_memory,memreadbw,SKT0CHAN5,1,2011.6,MB/s
correlation-stream-cores1,pcm_memory,memreadbw,SKT0CHAN5,2,2009.66,MB/s
correlation-stream-cores1,pcm_memory,memreadbw,SKT0CHAN5,3,2011.71,MB/s
correlation-stream-cores1,pcm_memory,memreadbw,SKT0CHAN5,4,2009.6,MB/s
correlation-stream-cores1,pcm_memory,memreadbw,SKT0CHAN5,5,2011.81,MB/s
correlation-stream-cores1,pcm_memory,memreadbw,SKT0CHAN5,6,2012.15,MB/s
correlation-stream-cores1,pcm_memory,memreadbw,SKT0CHAN5,7,2009.97,MB/s
correlation-stream-cores1,pcm_memory,memreadbw,SKT0CHAN5,8,2011.85,MB/s
correlation-stream-cores1,pcm_memory,memreadbw,SKT0CHAN5,9,2009.75,MB/s
correlation-stream-cores1,pcm_memory,memreadbw,SKT0CHAN5,10,2011.24,MB/s
correlation-stream-cores1,pcm_memory,memreadbw,SKT0CHAN5,11,2009.66,MB/s
correlation-stream-cores1,pcm_memory,memreadbw,SKT0CHAN5,12,2011.24,MB/s
correlation-stream-cores1,pcm_memory,memreadbw,SKT0CHAN5,13,2009.73,MB/s
correlation-stream-cores1,pcm_memory,memreadbw,SKT0CHAN5,14,2013.09,MB/s
correlation-stream-cores1,pcm_memory,memreadbw,SKT0CHAN5,15,2008.81,MB/s
correlation-stream-cores1,pcm_memory,memreadbw,SKT0CHAN5,16,2010.72,MB/s
correlation-stream-cores1,pcm_memory,memreadbw,SKT0CHAN5,17,2010.34,MB/s
correlation-stream-cores1,pcm_memory,memreadbw,SKT0CHAN5,18,2008.91,MB/s
correlation-stream-cores1,pcm_memory,memreadbw,SKT0CHAN5,19,2015.03,MB/s
correlation-stream-cores1,pcm_memory,memreadbw,SKT0CHAN5,20,2008.9,MB/s
correlation-stream-cores1,pcm_memory,memreadbw,SKT0CHAN5,21,2012.84,MB/s
correlation-stream-cores1,pcm_memory,memreadbw,SKT0CHAN5,22,2017.57,MB/s
correlation-stream-cores1,pcm_memory,memreadbw,SKT0CHAN5,23,2013.13,MB/s
correlation-stream-cores1,pcm_memory,memreadbw,SKT0CHAN5,24,2009.93,MB/s
correlation-stream-cores1,pcm_memory,memreadbw,SKT0CHAN5,25,2011.36,MB/s
correlation-stream-cores1,pcm_memory,memreadbw,SKT0CHAN5,26,2009.81,MB/s
correlation-stream-cores1,pcm_memory,memreadbw,SKT0CHAN5,27,2011.16,MB/s
correlation-stream-cores1,pcm_memory,memreadbw,SKT0CHAN5,28,2011.38,MB/s
correlation-stream-cores1,pcm_memory,memreadbw,SKT0CHAN5,29,2009.21,MB/s
correlation-stream-cores1,pcm_memory,memreadbw,SKT0CHAN5,30,2010.97,MB/s
correlation-stream-cores1,pcm_memory,memreadbw,SKT0CHAN5,31,2009.33,MB/s
correlation-stream-cores1,pcm_memory,memreadbw,SKT0CHAN5,32,2011.56,MB/s
correlation-stream-cores1,pcm_memory,memreadbw,SKT0CHAN5,33,2009.55,MB/s
correlation-stream-cores1,pcm_memory,memreadbw,SKT0CHAN5,34,2011.58,MB/s
correlation-stream-cores1,pcm_memory,memreadbw,SKT0CHAN5,35,2009.54,MB/s
correlation-stream-cores1,pcm_memory,memreadbw,SKT0CHAN5,36,2011.49,MB/s
correlation-stream-cores1,pcm_memory,memreadbw,SKT0CHAN5,37,2009.66,MB/s
correlation-stream-cores1,pcm_memory,memreadbw,SKT0CHAN5,38,2012.19,MB/s
correlation-stream-cores1,pcm_memory,memreadbw,SKT0CHAN5,39,2009.61,MB/s
correlation-stream-cores1,pcm_memory,memreadbw,SKT0CHAN5,40,2011.0,MB/s
correlation-stream-cores1,pcm_memory,memreadbw,SKT0CHAN5,41,2011.19,MB/s
correlation-stream-cores1,pcm_memory,memreadbw,SKT0CHAN5,42,2009.56,MB/s
correlation-stream-cores1,pcm_memory,memreadbw,SKT0CHAN5,43,2011.27,MB/s
correlation-stream-cores1,pcm_memory,memreadbw,SKT0CHAN5,44,2009.73,MB/s
correlation-stream-cores1,pcm_memory,memreadbw,SKT0CHAN5,45,2010.98,MB/s
correlation-stream-cores1,pcm_memory,memreadbw,SKT0CHAN5,46,2009.69,MB/s
correlation-stream-cores1,pcm_memory,memreadbw,SKT0CHAN5,47,2017.43,MB/s
correlation-stream-cores1,pcm_memory,memreadbw,SKT0CHAN5,48,2009.97,MB/s
correlation-stream-cores1,pcm_memory,memreadbw,SKT0CHAN5,49,2012.75,MB/s
correlation-stream-cores1,pcm_memory,memreadbw,SKT0CHAN5,50,2010.3,MB/s
correlation-stream-cores1,pcm_memory,memreadbw,SKT0CHAN5,51,2012.03,MB/s
correlation-stream-cores1,pcm_memory,memreadbw,SKT0CHAN5,52,2016.22,MB/s
correlation-stream-cores1,pcm_memory,memreadbw,SKT0CHAN5,53,2012.89,MB/s
correlation-stream-cores1,pcm_memory,memreadbw,SKT0CHAN5,54,2014.36,MB/s
correlation-stream-cores1,pcm_memory,memreadbw,SKT0CHAN5,55,2018.13,MB/s
correlation-stream-cores1,pcm_memory,memreadbw,SKT0CHAN5,56,2014.21,MB/s
correlation-stream-cores1,pcm_memory,memreadbw,SKT0CHAN5,57,2009.6,MB/s
correlation-stream-cores1,pcm_memory,memreadbw,SKT0CHAN5,58,2011.47,MB/s
correlation-stream-cores1,pcm_memory,memreadbw,SKT0CHAN5,59,2009.35,MB/s
correlation-stream-cores1,pcm_memory,memreadbw,SKT0CHAN6,0,2012.25,MB/s
correlation-stream-cores1,pcm_memory,memreadbw,SKT0CHAN6,1,2011.69,MB/s
correlation-stream-cores1,pcm_memory,memreadbw,SKT0CHAN6,2,2009.67,MB/s
correlation-stream-cores1,pcm_memory,memreadbw,SKT0CHAN6,3,2011.84,MB/s
correlation-stream-cores1,pcm_memory,memreadbw,SKT0CHAN6,4,2009.69,MB/s
correlation-stream-cores1,pcm_memory,memreadbw,SKT0CHAN6,5,2011.93,MB/s
correlation-stream-cores1,pcm_memory,memreadbw,SKT0CHAN6,6,2012.11,MB/s
correlation-stream-cores1,pcm_memory,memreadbw,SKT0CHAN6,7,2009.95,MB/s
correlation-stream-cores1,pcm_memory,memreadbw,SKT0CHAN6,8,2011.8,MB/s
correlation-stream-cores1,pcm_memory,memreadbw,SKT0CHAN6,9,2009.58,MB/s
correlation-stream-cores1,pcm_memory,memreadbw,SKT0CHAN6,10,2011.35,MB/s
correlation-stream-cores1,pcm_memory,memreadbw,SKT0CHAN6,11,2009.85,MB/s
correlation-stream-cores1,pcm_memory,memreadbw,SKT0CHAN6,12,2011.5,MB/s
correlation-stream-cores1,pcm_memory,memreadbw,SKT0CHAN6,13,2009.98,MB/s
correlation-stream-cores1,pcm_memory,memreadbw,SKT0CHAN6,14,2013.39,MB/s
correlation-stream-cores1,pcm_memory,memreadbw,SKT0CHAN6,15,2009.17,MB/s
correlation-stream-cores1,pcm_memory,memreadbw,SKT0CHAN6,16,2011.11,MB/s
correlation-stream-cores1,pcm_memory,memreadbw,SKT0CHAN6,17,2010.55,MB/s
correlation-stream-cores1,pcm_memory,memreadbw,SKT0CHAN6,18,2009.36,MB/s
correlation-stream-cores1,pcm_memory,memreadbw,SKT0CHAN6,19,2015.36,MB/s
correlation-stream-cores1,pcm_memory,memreadbw,SKT0CHAN6,20,2009.07,MB/s
correlation-stream-cores1,pcm_memory,memreadbw,SKT0CHAN6,21,2013.12,MB/s
correlation-stream-cores1,pcm_memory,memreadbw,SKT0CHAN6,22,2017.76,MB/s
correlation-stream-cores1,pcm_memory,memreadbw,SKT0CHAN6,23,2013.33,MB/s
correlation-stream-cores1,pcm_memory,memreadbw,SKT0CHAN6,24,2010.13,MB/s
correlation-stream-cores1,pcm_memory,memreadbw,SKT0CHAN6,25,2011.61,MB/s
correlation-stream-cores1,pcm_memory,memreadbw,SKT0CHAN6,26,2010.06,MB/s
correlation-stream-cores1,pcm_memory,memreadbw,SKT0CHAN6,27,2011.41,MB/s
correlation-stream-cores1,pcm_memory,memreadbw,SKT0CHAN6,28,2011.69,MB/s
correlation-stream-cores1,pcm_memory,memreadbw,SKT0CHAN6,29,2009.6,MB/s
correlation-stream-cores1,pcm_memory,memreadbw,SKT0CHAN6,30,2011.35,MB/s
correlation-stream-cores1,pcm_memory,memreadbw,SKT0CHAN6,31,2009.67,MB/s
correlation-stream-cores1,pcm_memory,memreadbw,SKT0CHAN6,32,2011.9,MB/s
correlation-stream-cores1,pcm_memory,memreadbw,SKT0CHAN6,33,2009.87,MB/s
correlation-stream-cores1,pcm_memory,memreadbw,SKT0CHAN6,34,2011.79,MB/s
correlation-stream-cores1,pcm_memory,memreadbw,SKT0CHAN6,35,2009.7,MB/s
correlation-stream-cores1,pcm_memory,memreadbw,SKT0CHAN6,36,2011.6,MB/s
correlation-stream-cores1,pcm_memory,memreadbw,SKT0CHAN6,37,2009.7,MB/s
correlation-stream-cores1,pcm_memory,memreadbw,SKT0CHAN6,38,2012.33,MB/s
correlation-stream-cores1,pcm_memory,memreadbw,SKT0CHAN6,39,2009.67,MB/s
correlation-stream-cores1,pcm_memory,memreadbw,SKT0CHAN6,40,2011.03,MB/s
correlation-stream-cores1,pcm_memory,memreadbw,SKT0CHAN6,41,2011.22,MB/s
correlation-stream-cores1,pcm_memory,memreadbw,SKT0CHAN6,42,2009.61,MB/s
correlation-stream-cores1,pcm_memory,memreadbw,SKT0CHAN6,43,2011.31,MB/s
correlation-stream-cores1,pcm_memory,memreadbw,SKT0CHAN6,44,2009.69,MB/s
correlation-stream-cores1,pcm_memory,memreadbw,SKT0CHAN6,45,2010.99,MB/s
correlation-stream-cores1,pcm_memory,memreadbw,SKT0CHAN6,46,2009.64,MB/s
correlation-stream-cores1,pcm_memory,memreadbw,SKT0CHAN6,47,2017.61,MB/s
correlation-stream-cores1,pcm_memory,memreadbw,SKT0CHAN6,48,2010.22,MB/s
correlation-stream-cores1,pcm_memory,memreadbw,SKT0CHAN6,49,2012.85,MB/s
correlation-stream-cores1,pcm_memory,memreadbw,SKT0CHAN6,50,2010.42,MB/s
correlation-stream-cores1,pcm_memory,memreadbw,SKT0CHAN6,51,2012.1,MB/s
correlation-stream-cores1,pcm_memory,memreadbw,SKT0CHAN6,52,2016.5,MB/s
correlation-stream-cores1,pcm_memory,memreadbw,SKT0CHAN6,53,2013.1,MB/s
correlation-stream-cores1,pcm_memory,memreadbw,SKT0CHAN6,54,2014.7,MB/s
correlation-stream-cores1,pcm_memory,memreadbw,SKT0CHAN6,55,2018.45,MB/s
correlation-stream-cores1,pcm_memory,memreadbw,SKT0CHAN6,56,2014.41,MB/s
correlation-stream-cores1,pcm_memory,memreadbw,SKT0CHAN6,57,2009.96,MB/s
correlation-stream-cores1,pcm_memory,memreadbw,SKT0CHAN6,58,2011.71,MB/s
correlation-stream-cores1,pcm_memory,memreadbw,SKT0CHAN6,59,2009.58,MB/s
correlation-stream-cores1,pcm_memory,memreadbw,SKT0CHAN7,0,2012.41,MB/s
correlation-stream-cores1,pcm_memory,memreadbw,SKT0CHAN7,1,2011.77,MB/s
correlation-stream-cores1,pcm_memory,memreadbw,SKT0CHAN7,2,2009.66,MB/s
correlation-stream-cores1,pcm_memory,memreadbw,SKT0CHAN7,3,2011.91,MB/s
correlation-stream-cores1,pcm_memory,memreadbw,SKT0CHAN7,4,2009.71,MB/s
correlation-stream-cores1,pcm_memory,memreadbw,SKT0CHAN7,5,2011.9,MB/s
correlation-stream-cores1,pcm_memory,memreadbw,SKT0CHAN7,6,2012.28,MB/s
correlation-stream-cores1,pcm_memory,memreadbw,SKT0CHAN7,7,2010.2,MB/s
correlation-stream-cores1,pcm_memory,memreadbw,SKT0CHAN7,8,2012.09,MB/s
correlation-stream-cores1,pcm_memory,memreadbw,SKT0CHAN7,9,2009.91,MB/s
correlation-stream-cores1,pcm_memory,memreadbw,SKT0CHAN7,10,2011.62,MB/s
correlation-stream-cores1,pcm_memory,memreadbw,SKT0CHAN7,11,2010.08,MB/s
correlation-stream-cores1,pcm_memory,memreadbw,SKT0CHAN7,12,2011.68,MB/s
correlation-stream-cores1,pcm_memory,memreadbw,SKT0CHAN7,13,2010.25,MB/s
correlation-stream-cores1,pcm_memory,memreadbw,SKT0CHAN7,14,2013.55,MB/s
correlation-stream-cores1,pcm_memory,memreadbw,SKT0CHAN7,15,2009.21,MB/s
correlation-stream-cores1,pcm_memory,memreadbw,SKT0CHAN7,16,2011.07,MB/s
correlation-stream-cores1,pcm_memory,memreadbw,SKT0CHAN7,17,2010.63,MB/s
correlation-stream-cores1,pcm_memory,memreadbw,SKT0CHAN7,18,2009.3,MB/s
correlation-stream-cores1,pcm_memory,memreadbw,SKT0CHAN7,19,2015.26,MB/s
correlation-stream-cores1,pcm_memory,memreadbw,SKT0CHAN7,20,2008.88,MB/s
correlation-stream-cores1,pcm_memory,memreadbw,SKT0CHAN7,21,2013.0,MB/s
correlation-stream-cores1,pcm_memory,memreadbw,SKT0CHAN7,22,2017.81,MB/s
correlation-stream-cores1,pcm_memory,memreadbw,SKT0CHAN7,23,2013.55,MB/s
correlation-stream-cores1,pcm_memory,memreadbw,SKT0CHAN7,24,2010.29,MB/s
correlation-stream-cores1,pcm_memory,memreadbw,SKT0CHAN7,25,2011.78,MB/s
correlation-stream-cores1,pcm_memory,memreadbw,SKT0CHAN7,26,2010.14,MB/s
correlation-stream-cores1,pcm_memory,memreadbw,SKT0CHAN7,27,2011.53,MB/s
correlation-stream-cores1,pcm_memory,memreadbw,SKT0CHAN7,28,2011.82,MB/s
correlation-stream-cores1,pcm_memory,memreadbw,SKT0CHAN7,29,2009.69,MB/s
correlation-stream-cores1,pcm_memory,memreadbw,SKT0CHAN7,30,2011.29,MB/s
correlation-stream-cores1,pcm_memory,memreadbw,SKT0CHAN7,31,2009.61,MB/s
correlation-stream-cores1,pcm_memory,memreadbw,SKT0CHAN7,32,2011.78,MB/s
correlation-stream-cores1,pcm_memory,memreadbw,SKT0CHAN7,33,2009.82,MB/s
correlation-stream-cores1,pcm_memory,memreadbw,SKT0CHAN7,34,2011.8,MB/s
correlation-stream-cores1,pcm_memory,memreadbw,SKT0CHAN7,35,2009.77,MB/s
correlation-stream-cores1,pcm_memory,memreadbw,SKT0CHAN7,36,2011.71,MB/s
correlation-stream-cores1,pcm_memory,memreadbw,SKT0CHAN7,37,2009.89,MB/s
correlation-stream-cores1,pcm_memory,memreadbw,SKT0CHAN7,38,2012.45,MB/s
correlation-stream-cores1,pcm_memory,memreadbw,SKT0CHAN7,39,2009.82,MB/s
correlation-stream-cores1,pcm_memory,memreadbw,SKT0CHAN7,40,2011.12,MB/s
correlation-stream-cores1,pcm_memory,memreadbw,SKT0CHAN7,41,2011.33,MB/s
correlation-stream-cores1,pcm_memory,memreadbw,SKT0CHAN7,42,2009.86,MB/s
correlation-stream-cores1,pcm_memory,memreadbw,SKT0CHAN7,43,2011.49,MB/s
correlation-stream-cores1,pcm_memory,memreadbw,SKT0CHAN7,44,2009.88,MB/s
correlation-stream-cores1,pcm_memory,memreadbw,SKT0CHAN7,45,2011.14,MB/s
correlation-stream-cores1,pcm_memory,memreadbw,SKT0CHAN7,46,2009.86,MB/s
correlation-stream-cores1,pcm_memory,memreadbw,SKT0CHAN7,47,2017.71,MB/s
correlation-stream-cores1,pcm_memory,memreadbw,SKT0CHAN7,48,2010.3,MB/s
correlation-stream-cores1,pcm_memory,memreadbw,SKT0CHAN7,49,2012.99,MB/s
correlation-stream-cores1,pcm_memory,memreadbw,SKT0CHAN7,50,2010.53,MB/s
correlation-stream-cores1,pcm_memory,memreadbw,SKT0CHAN7,51,2012.24,MB/s
correlation-stream-cores1,pcm_memory,memreadbw,SKT0CHAN7,52,2016.63,MB/s
correlation-stream-cores1,pcm_memory,memreadbw,SKT0CHAN7,53,2013.38,MB/s
correlation-stream-cores1,pcm_memory,memreadbw,SKT0CHAN7,54,2014.9,MB/s
correlation-stream-cores1,pcm_memory,memreadbw,SKT0CHAN7,55,2018.53,MB/s
correlation-stream-cores1,pcm_memory,memreadbw,SKT0CHAN7,56,2014.4,MB/s
correlation-stream-cores1,pcm_memory,memreadbw,SKT0CHAN7,57,2009.84,MB/s
correlation-stream-cores1,pcm_memory,memreadbw,SKT0CHAN7,58,2011.68,MB/s
correlation-stream-cores1,pcm_memory,memreadbw,SKT0CHAN7,59,2009.55,MB/s
correlation-stream-cores1,pcm_memory,memwritebw,SKT0CHAN0,0,1.96,MB/s
correlation-stream-cores1,pcm_memory,memwritebw,SKT0CHAN0,1,1.08,MB/s
correlation-stream-cores1,pcm_memory,memwritebw,SKT0CHAN0,2,1.2,MB/s
correlation-stream-cores1,pcm_memory,memwritebw,SKT0CHAN0,3,1.08,MB/s
correlation-stream-cores1,pcm_memory,memwritebw,SKT0CHAN0,4,1.08,MB/s
correlation-stream-cores1,pcm_memory,memwritebw,SKT0CHAN0,5,1.1,MB/s
correlation-stream-cores1,pcm_memory,memwritebw,SKT0CHAN0,6,1.09,MB/s
correlation-stream-cores1,pcm_memory,memwritebw,SKT0CHAN0,7,1.16,MB/s
correlation-stream-cores1,pcm_memory,memwritebw,SKT0CHAN0,8,1.09,MB/s
correlation-stream-cores1,pcm_memory,memwritebw,SKT0CHAN0,9,1.03,MB/s
correlation-stream-cores1,pcm_memory,memwritebw,SKT0CHAN0,10,1.05,MB/s
correlation-stream-cores1,pcm_memory,memwritebw,SKT0CHAN0,11,1.23,MB/s
correlation-stream-cores1,pcm_memory,memwritebw,SKT0CHAN0,12,1.06,MB/s
correlation-stream-cores1,pcm_memory,memwritebw,SKT0CHAN0,13,1.08,MB/s
correlation-stream-cores1,pcm_memory,memwritebw,SKT0CHAN0,14,1.7,MB/s
correlation-stream-cores1,pcm_memory,memwritebw,SKT0CHAN0,15,1.21,MB/s
correlation-stream-cores1,pcm_memory,memwritebw,SKT0CHAN0,16,1.14,MB/s
correlation-stream-cores1,pcm_memory,memwritebw,SKT0CHAN0,17,1.07,MB/s
correlation-stream-cores1,pcm_memory,memwritebw,SKT0CHAN0,18,1.22,MB/s
correlation-stream-cores1,pcm_memory,memwritebw,SKT0CHAN0,19,2.05,MB/s
correlation-stream-cores1,pcm_memory,memwritebw,SKT0CHAN0,20,1.08,MB/s
correlation-stream-cores1,pcm_memory,memwritebw,SKT0CHAN0,21,1.38,MB/s
correlation-stream-cores1,pcm_memory,memwritebw,SKT0CHAN0,22,4.53,MB/s
correlation-stream-cores1,pcm_memory,memwritebw,SKT0CHAN0,23,1.63,MB/s
correlation-stream-cores1,pcm_memory,memwritebw,SKT0CHAN0,24,1.26,MB/s
correlation-stream-cores1,pcm_memory,memwritebw,SKT0CHAN0,25,1.1,MB/s
correlation-stream-cores1,pcm_memory,memwritebw,SKT0CHAN0,26,1.11,MB/s
correlation-stream-cores1,pcm_memory,memwritebw,SKT0CHAN0,27,1.12,MB/s
correlation-stream-cores1,pcm_memory,memwritebw,SKT0CHAN0,28,1.28,MB/s
correlation-stream-cores1,pcm_memory,memwritebw,SKT0CHAN0,29,1.08,MB/s
correlation-stream-cores1,pcm_memory,memwritebw,SKT0CHAN0,30,1.09,MB/s
correlation-stream-cores1,pcm_memory,memwritebw,SKT0CHAN0,31,1.23,MB/s
correlation-stream-cores1,pcm_memory,memwritebw,SKT0CHAN0,32,1.1,MB/s
correlation-stream-cores1,pcm_memory,memwritebw,SKT0CHAN0,33,1.14,MB/s
correlation-stream-cores1,pcm_memory,memwritebw,SKT0CHAN0,34,1.1,MB/s
correlation-stream-cores1,pcm_memory,memwritebw,SKT0CHAN0,35,1.24,MB/s
correlation-stream-cores1,pcm_memory,memwritebw,SKT0CHAN0,36,1.12,MB/s
correlation-stream-cores1,pcm_memory,memwritebw,SKT0CHAN0,37,1.08,MB/s
correlation-stream-cores1,pcm_memory,memwritebw,SKT0CHAN0,38,1.15,MB/s
correlation-stream-cores1,pcm_memory,memwritebw,SKT0CHAN0,39,1.22,MB/s
correlation-stream-cores1,pcm_memory,memwritebw,SKT0CHAN0,40,1.09,MB/s
correlation-stream-cores1,pcm_memory,memwritebw,SKT0CHAN0,41,1.08,MB/s
correlation-stream-cores1,pcm_memory,memwritebw,SKT0CHAN0,42,1.25,MB/s
correlation-stream-cores1,pcm_memory,memwritebw,SKT0CHAN0,43,1.25,MB/s
correlation-stream-cores1,pcm_memory,memwritebw,SKT0CHAN0,44,1.16,MB/s
correlation-stream-cores1,pcm_memory,memwritebw,SKT0CHAN0,45,1.1,MB/s
correlation-stream-cores1,pcm_memory,memwritebw,SKT0CHAN0,46,1.11,MB/s
correlation-stream-cores1,pcm_memory,memwritebw,SKT0CHAN0,47,3.38,MB/s
correlation-stream-cores1,pcm_memory,memwritebw,SKT0CHAN0,48,1.21,MB/s
correlation-stream-cores1,pcm_memory,memwritebw,SKT0CHAN0,49,1.57,MB/s
correlation-stream-cores1,pcm_memory,memwritebw,SKT0CHAN0,50,1.34,MB/s
correlation-stream-cores1,pcm_memory,memwritebw,SKT0CHAN0,51,1.26,MB/s
correlation-stream-cores1,pcm_memory,memwritebw,SKT0CHAN0,52,2.17,MB/s
correlation-stream-cores1,pcm_memory,memwritebw,SKT0CHAN0,53,1.93,MB/s
correlation-stream-cores1,pcm_memory,memwritebw,SKT0CHAN0,54,1.77,MB/s
correlation-stream-cores1,pcm_memory,memwritebw,SKT0CHAN0,55,4.39,MB/s
correlation-stream-cores1,pcm_memory,memwritebw,SKT0CHAN0,56,1.7,MB/s
correlation-stream-cores1,pcm_memory,memwritebw,SKT0CHAN0,57,1.08,MB/s
correlation-stream-cores1,pcm_memory,memwritebw,SKT0CHAN0,58,1.05,MB/s
correlation-stream-cores1,pcm_memory,memwritebw,SKT0CHAN0,59,1.17,MB/s
correlation-stream-cores1,pcm_memory,memwritebw,SKT0CHAN1,0,1.97,MB/s
correlation-stream-cores1,pcm_memory,memwritebw,SKT0CHAN1,1,1.1,MB/s
correlation-stream-cores1,pcm_memory,memwritebw,SKT0CHAN1,2,1.22,MB/s
correlation-stream-cores1,pcm_memory,memwritebw,SKT0CHAN1,3,1.12,MB/s
correlation-stream-cores1,pcm_memory,memwritebw,SKT0CHAN1,4,1.1,MB/s
correlation-stream-cores1,pcm_memory,memwritebw,SKT0CHAN1,5,1.13,MB/s
correlation-stream-cores1,pcm_memory,memwritebw,SKT0CHAN1,6,1.12,MB/s
correlation-stream-cores1,pcm_memory,memwritebw,SKT0CHAN1,7,1.21,MB/s
correlation-stream-cores1,pcm_memory,memwritebw,SKT0CHAN1,8,1.12,MB/s
correlation-stream-cores1,pcm_memory,memwritebw,SKT0CHAN1,9,1.07,MB/s
correlation-stream-cores1,pcm_memory,memwritebw,SKT0CHAN1,10,1.08,MB/s
correlation-stream-cores1,pcm_memory,memwritebw,SKT0CHAN1,11,1.27,MB/s
correlation-stream-cores1,pcm_memory,memwritebw,SKT0CHAN1,12,1.1,MB/s
correlation-stream-cores1,pcm_memory,memwritebw,SKT0CHAN1,13,1.1,MB/s
correlation-stream-cores1,pcm_memory,memwritebw,SKT0CHAN1,14,1.73,MB/s
correlation-stream-cores1,pcm_memory,memwritebw,SKT0CHAN1,15,1.24,MB/s
correlation-stream-cores1,pcm_memory,memwritebw,SKT0CHAN1,16,1.16,MB/s
correlation-stream-cores1,pcm_memory,memwritebw,SKT0CHAN1,17,1.1,MB/s
correlation-stream-cores1,pcm_memory,memwritebw,SKT0CHAN1,18,1.25,MB/s
correlation-stream-cores1,pcm_memory,memwritebw,SKT0CHAN1,19,2.09,MB/s
correlation-stream-cores1,pcm_memory,memwritebw,SKT0CHAN1,20,1.12,MB/s
correlation-stream-cores1,pcm_memory,memwritebw,SKT0CHAN1,21,1.43,MB/s
correlation-stream-cores1,pcm_memory,memwritebw,SKT0CHAN1,22,4.51,MB/s
correlation-stream-cores1,pcm_memory,memwritebw,SKT0CHAN1,23,1.64,MB/s
correlation-stream-cores1,pcm_memory,memwritebw,SKT0CHAN1,24,1.27,MB/s
correlation-stream-cores1,pcm_memory,memwritebw,SKT0CHAN1,25,1.12,MB/s
correlation-stream-cores1,pcm_memory,memwritebw,SKT0CHAN1,26,1.15,MB/s
correlation-stream-cores1,pcm_memory,memwritebw,SKT0CHAN1,27,1.12,MB/s
correlation-stream-cores1,pcm_memory,memwritebw,SKT0CHAN1,28,1.28,MB/s
correlation-stream-cores1,pcm_memory,memwritebw,SKT0CHAN1,29,1.1,MB/s
correlation-stream-cores1,pcm_memory,memwritebw,SKT0CHAN1,30,1.09,MB/s
correlation-stream-cores1,pcm_memory,memwritebw,SKT0CHAN1,31,1.24,MB/s
correlation-stream-cores1,pcm_memory,memwritebw,SKT0CHAN1,32,1.1,MB/s
correlation-stream-cores1,pcm_memory,memwritebw,SKT0CHAN1,33,1.12,MB/s
correlation-stream-cores1,pcm_memory,memwritebw,SKT0CHAN1,34,1.11,MB/s
correlation-stream-cores1,pcm_memory,memwritebw,SKT0CHAN1,35,1.24,MB/s
correlation-stream-cores1,pcm_memory,memwritebw,SKT0CHAN1,36,1.13,MB/s
correlation-stream-cores1,pcm_memory,memwritebw,SKT0CHAN1,37,1.07,MB/s
correlation-stream-cores1,pcm_memory,memwritebw,SKT0CHAN1,38,1.13,MB/s
correlation-stream-cores1,pcm_memory,memwritebw,SKT0CHAN1,39,1.24,MB/s
correlation-stream-cores1,pcm_memory,memwritebw,SKT0CHAN1,40,1.1,MB/s
correlation-stream-cores1,pcm_memory,memwritebw,SKT0CHAN1,41,1.11,MB/s
correlation-stream-cores1,pcm_memory,memwritebw,SKT0CHAN1,42,1.28,MB/s
correlation-stream-cores1,pcm_memory,memwritebw,SKT0CHAN1,43,1.27,MB/s
correlation-stream-cores1,pcm_memory,memwritebw,SKT0CHAN1,44,1.17,MB/s
correlation-stream-cores1,pcm_memory,memwritebw,SKT0CHAN1,45,1.1,MB/s
correlation-stream-cores1,pcm_memory,memwritebw,SKT0CHAN1,46,1.14,MB/s
correlation-stream-cores1,pcm_memory,memwritebw,SKT0CHAN1,47,3.41,MB/s
correlation-stream-cores1,pcm_memory,memwritebw,SKT0CHAN1,48,1.22,MB/s
correlation-stream-cores1,pcm_memory,memwritebw,SKT0CHAN1,49,1.6,MB/s
correlation-stream-cores1,pcm_memory,memwritebw,SKT0CHAN1,50,1.38,MB/s
correlation-stream-cores1,pcm_memory,memwritebw,SKT0CHAN1,51,1.29,MB/s
correlation-stream-cores1,pcm_memory,memwritebw,SKT0CHAN1,52,2.2,MB/s
correlation-stream-cores1,pcm_memory,memwritebw,SKT0CHAN1,53,1.97,MB/s
correlation-stream-cores1,pcm_memory,memwritebw,SKT0CHAN1,54,1.83,MB/s
correlation-stream-cores1,pcm_memory,memwritebw,SKT0CHAN1,55,4.46,MB/s
correlation-stream-cores1,pcm_memory,memwritebw,SKT0CHAN1,56,1.74,MB/s
correlation-stream-cores1,pcm_memory,memwritebw,SKT0CHAN1,57,1.12,MB/s
correlation-stream-cores1,pcm_memory,memwritebw,SKT0CHAN1,58,1.07,MB/s
correlation-stream-cores1,pcm_memory,memwritebw,SKT0CHAN1,59,1.22,MB/s
correlation-stream-cores1,pcm_memory,memwritebw,SKT0CHAN2,0,1.88,MB/s
correlation-stream-cores1,pcm_memory,memwritebw,SKT0CHAN2,1,1.01,MB/s
correlation-stream-cores1,pcm_memory,memwritebw,SKT0CHAN2,2,1.13,MB/s
correlation-stream-cores1,pcm_memory,memwritebw,SKT0CHAN2,3,1.0,MB/s
correlation-stream-cores1,pcm_memory,memwritebw,SKT0CHAN2,4,0.99,MB/s
correlation-stream-cores1,pcm_memory,memwritebw,SKT0CHAN2,5,1.03,MB/s
correlation-stream-cores1,pcm_memory,memwritebw,SKT0CHAN2,6,1.03,MB/s
correlation-stream-cores1,pcm_memory,memwritebw,SKT0CHAN2,7,1.11,MB/s
correlation-stream-cores1,pcm_memory,memwritebw,SKT0CHAN2,8,1.03,MB/s
correlation-stream-cores1,pcm_memory,memwritebw,SKT0CHAN2,9,0.98,MB/s
correlation-stream-cores1,pcm_memory,memwritebw,SKT0CHAN2,10,0.98,MB/s
correlation-stream-cores1,pcm_memory,memwritebw,SKT0CHAN2,11,1.14,MB/s
correlation-stream-cores1,pcm_memory,memwritebw,SKT0CHAN2,12,0.98,MB/s
correlation-stream-cores1,pcm_memory,memwritebw,SKT0CHAN2,13,0.99,MB/s
correlation-stream-cores1,pcm_memory,memwritebw,SKT0CHAN2,14,1.61,MB/s
correlation-stream-cores1,pcm_memory,memwritebw,SKT0CHAN2,15,1.13,MB/s
correlation-stream-cores1,pcm_memory,memwritebw,SKT0CHAN2,16,1.04,MB/s
correlation-stream-cores1,pcm_memory,memwritebw,SKT0CHAN2,17,0.98,MB/s
correlation-stream-cores1,pcm_memory,memwritebw,SKT0CHAN2,18,1.13,MB/s
correlation-stream-cores1,pcm_memory,memwritebw,SKT0CHAN2,19,1.95,MB/s
correlation-stream-cores1,pcm_memory,memwritebw,SKT0CHAN2,20,0.99,MB/s
correlation-stream-cores1,pcm_memory,memwritebw,SKT0CHAN2,21,1.25,MB/s
correlation-stream-cores1,pcm_memory,memwritebw,SKT0CHAN2,22,4.36,MB/s
correlation-stream-cores1,pcm_memory,memwritebw,SKT0CHAN2,23,1.49,MB/s
correlation-stream-cores1,pcm_memory,memwritebw,SKT0CHAN2,24,1.12,MB/s
correlation-stream-cores1,pcm_memory,memwritebw,SKT0CHAN2,25,0.97,MB/s
correlation-stream-cores1,pcm_memory,memwritebw,SKT0CHAN2,26,0.98,MB/s
correlation-stream-cores1,pcm_memory,memwritebw,SKT0CHAN2,27,0.99,MB/s
correlation-stream-cores1,pcm_memory,memwritebw,SKT0CHAN2,28,1.14,MB/s
correlation-stream-cores1,pcm_memory,memwritebw,SKT0CHAN2,29,0.95,MB/s
correlation-stream-cores1,pcm_memory,memwritebw,SKT0CHAN2,30,0.96,MB/s
correlation-stream-cores1,pcm_memory,memwritebw,SKT0CHAN2,31,1.1,MB/s
correlation-stream-cores1,pcm_memory,memwritebw,SKT0CHAN2,32,0.99,MB/s
correlation-stream-cores1,pcm_memory,memwritebw,SKT0CHAN2,33,1.0,MB/s
correlation-stream-cores1,pcm_memory,memwritebw,SKT0CHAN2,34,0.98,MB/s
correlation-stream-cores1,pcm_memory,memwritebw,SKT0CHAN2,35,1.11,MB/s
correlation-stream-cores1,pcm_memory,memwritebw,SKT0CHAN2,36,0.99,MB/s
correlation-stream-cores1,pcm_memory,memwritebw,SKT0CHAN2,37,0.96,MB/s
correlation-stream-cores1,pcm_memory,memwritebw,SKT0CHAN2,38,1.04,MB/s
correlation-stream-cores1,pcm_memory,memwritebw,SKT0CHAN2,39,1.12,MB/s
correlation-stream-cores1,pcm_memory,memwritebw,SKT0CHAN2,40,0.98,MB/s
correlation-stream-cores1,pcm_memory,memwritebw,SKT0CHAN2,41,0.97,MB/s
correlation-stream-cores1,pcm_memory,memwritebw,SKT0CHAN2,42,1.15,MB/s
correlation-stream-cores1,pcm_memory,memwritebw,SKT0CHAN2,43,1.13,MB/s
correlation-stream-cores1,pcm_memory,memwritebw,SKT0CHAN2,44,1.04,MB/s
correlation-stream-cores1,pcm_memory,memwritebw,SKT0CHAN2,45,1.01,MB/s
correlation-stream-cores1,pcm_memory,memwritebw,SKT0CHAN2,46,1.0,MB/s
correlation-stream-cores1,pcm_memory,memwritebw,SKT0CHAN2,47,3.26,MB/s
correlation-stream-cores1,pcm_memory,memwritebw,SKT0CHAN2,48,1.06,MB/s
correlation-stream-cores1,pcm_memory,memwritebw,SKT0CHAN2,49,1.44,MB/s
correlation-stream-cores1,pcm_memory,memwritebw,SKT0CHAN2,50,1.21,MB/s
correlation-stream-cores1,pcm_memory,memwritebw,SKT0CHAN2,51,1.1,MB/s
correlation-stream-cores1,pcm_memory,memwritebw,SKT0CHAN2,52,2.0,MB/s
correlation-stream-cores1,pcm_memory,memwritebw,SKT0CHAN2,53,1.76,MB/s
correlation-stream-cores1,pcm_memory,memwritebw,SKT0CHAN2,54,1.61,MB/s
correlation-stream-cores1,pcm_memory,memwritebw,SKT0CHAN2,55,4.29,MB/s
correlation-stream-cores1,pcm_memory,memwritebw,SKT0CHAN2,56,1.62,MB/s
correlation-stream-cores1,pcm_memory,memwritebw,SKT0CHAN2,57,0.97,MB/s
correlation-stream-cores1,pcm_memory,memwritebw,SKT0CHAN2,58,0.98,MB/s
correlation-stream-cores1,pcm_memory,memwritebw,SKT0CHAN2,59,1.08,MB/s
correlation-stream-cores1,pcm_memory,memwritebw,SKT0CHAN3,0,1.9,MB/s
correlation-stream-cores1,pcm_memory,memwritebw,SKT0CHAN3,1,1.03,MB/s
correlation-stream-cores1,pcm_memory,memwritebw,SKT0CHAN3,2,1.13,MB/s
correlation-stream-cores1,pcm_memory,memwritebw,SKT0CHAN3,3,1.02,MB/s
correlation-stream-cores1,pcm_memory,memwritebw,SKT0CHAN3,4,1.02,MB/s
correlation-stream-cores1,pcm_memory,memwritebw,SKT0CHAN3,5,1.05,MB/s
correlation-stream-cores1,pcm_memory,memwritebw,SKT0CHAN3,6,1.04,MB/s
correlation-stream-cores1,pcm_memory,memwritebw,SKT0CHAN3,7,1.13,MB/s
correlation-stream-cores1,pcm_memory,memwritebw,SKT0CHAN3,8,1.04,MB/s
correlation-stream-cores1,pcm_memory,memwritebw,SKT0CHAN3,9,0.99,MB/s
correlation-stream-cores1,pcm_memory,memwritebw,SKT0CHAN3,10,0.97,MB/s
correlation-stream-cores1,pcm_memory,memwritebw,SKT0CHAN3,11,1.17,MB/s
correlation-stream-cores1,pcm_memory,memwritebw,SKT0CHAN3,12,1.0,MB/s
correlation-stream-cores1,pcm_memory,memwritebw,SKT0CHAN3,13,1.0,MB/s
correlation-stream-cores1,pcm_memory,memwritebw,SKT0CHAN3,14,1.62,MB/s
correlation-stream-cores1,pcm_memory,memwritebw,SKT0CHAN3,15,1.13,MB/s
correlation-stream-cores1,pcm_memory,memwritebw,SKT0CHAN3,16,1.06,MB/s
correlation-stream-cores1,pcm_memory,memwritebw,SKT0CHAN3,17,0.99,MB/s
correlation-stream-cores1,pcm_memory,memwritebw,SKT0CHAN3,18,1.15,MB/s
correlation-stream-cores1,pcm_memory,memwritebw,SKT0CHAN3,19,1.98,MB/s
correlation-stream-cores1,pcm_memory,memwritebw,SKT0CHAN3,20,1.01,MB/s
correlation-stream-cores1,pcm_memory,memwritebw,SKT0CHAN3,21,1.26,MB/s
correlation-stream-cores1,pcm_memory,memwritebw,SKT0CHAN3,22,4.33,MB/s
correlation-stream-cores1,pcm_memory,memwritebw,SKT0CHAN3,23,1.5,MB/s
correlation-stream-cores1,pcm_memory,memwritebw,SKT0CHAN3,24,1.12,MB/s
correlation-stream-cores1,pcm_memory,memwritebw,SKT0CHAN3,25,0.97,MB/s
correlation-stream-cores1,pcm_memory,memwritebw,SKT0CHAN3,26,0.97,MB/s
correlation-stream-cores1,pcm_memory,memwritebw,SKT0CHAN3,27,0.98,MB/s
correlation-stream-cores1,pcm_memory,memwritebw,SKT0CHAN3,28,1.13,MB/s
correlation-stream-cores1,pcm_memory,memwritebw,SKT0CHAN3,29,0.94,MB/s
correlation-stream-cores1,pcm_memory,memwritebw,SKT0CHAN3,30,0.95,MB/s
correlation-stream-cores1,pcm_memory,memwritebw,SKT0CHAN3,31,1.09,MB/s
correlation-stream-cores1,pcm_memory,memwritebw,SKT0CHAN3,32,0.98,MB/s
correlation-stream-cores1,pcm_memory,memwritebw,SKT0CHAN3,33,0.99,MB/s
correlation-stream-cores1,pcm_memory,memwritebw,SKT0CHAN3,34,0.97,MB/s
correlation-stream-cores1,pcm_memory,memwritebw,SKT0CHAN3,35,1.09,MB/s
correlation-stream-cores1,pcm_memory,memwritebw,SKT0CHAN3,36,0.98,MB/s
correlation-stream-cores1,pcm_memory,memwritebw,SKT0CHAN3,37,0.95,MB/s
correlation-stream-cores1,pcm_memory,memwritebw,SKT0CHAN3,38,1.0,MB/s
correlation-stream-cores1,pcm_memory,memwritebw,SKT0CHAN3,39,1.09,MB/s
correlation-stream-cores1,pcm_memory,memwritebw,SKT0CHAN3,40,0.96,MB/s
correlation-stream-cores1,pcm_memory,memwritebw,SKT0CHAN3,41,0.94,MB/s
correlation-stream-cores1,pcm_memory,memwritebw,SKT0CHAN3,42,1.11,MB/s
correlation-stream-cores1,pcm_memory,memwritebw,SKT0CHAN3,43,1.09,MB/s
correlation-stream-cores1,pcm_memory,memwritebw,SKT0CHAN3,44,1.02,MB/s
correlation-stream-cores1,pcm_memory,memwritebw,SKT0CHAN3,45,0.97,MB/s
correlation-stream-cores1,pcm_memory,memwritebw,SKT0CHAN3,46,0.96,MB/s
correlation-stream-cores1,pcm_memory,memwritebw,SKT0CHAN3,47,3.22,MB/s
correlation-stream-cores1,pcm_memory,memwritebw,SKT0CHAN3,48,1.06,MB/s
correlation-stream-cores1,pcm_memory,memwritebw,SKT0CHAN3,49,1.42,MB/s
correlation-stream-cores1,pcm_memory,memwritebw,SKT0CHAN3,50,1.19,MB/s
correlation-stream-cores1,pcm_memory,memwritebw,SKT0CHAN3,51,1.1,MB/s
correlation-stream-cores1,pcm_memory,memwritebw,SKT0CHAN3,52,2.01,MB/s
correlation-stream-cores1,pcm_memory,memwritebw,SKT0CHAN3,53,1.76,MB/s
correlation-stream-cores1,pcm_memory,memwritebw,SKT0CHAN3,54,1.59,MB/s
correlation-stream-cores1,pcm_memory,memwritebw,SKT0CHAN3,55,4.3,MB/s
correlation-stream-cores1,pcm_memory,memwritebw,SKT0CHAN3,56,1.61,MB/s
correlation-stream-cores1,pcm_memory,memwritebw,SKT0CHAN3,57,0.98,MB/s
correlation-stream-cores1,pcm_memory,memwritebw,SKT0CHAN3,58,0.96,MB/s
correlation-stream-cores1,pcm_memory,memwritebw,SKT0CHAN3,59,1.09,MB/s
correlation-stream-cores1,pcm_memory,memwritebw,SKT0CHAN4,0,1.95,MB/s
correlation-stream-cores1,pcm_memory,memwritebw,SKT0CHAN4,1,1.07,MB/s
correlation-stream-cores1,pcm_memory,memwritebw,SKT0CHAN4,2,1.19,MB/s
correlation-stream-cores1,pcm_memory,memwritebw,SKT0CHAN4,3,1.09,MB/s
correlation-stream-cores1,pcm_memory,memwritebw,SKT0CHAN4,4,1.06,MB/s
correlation-stream-cores1,pcm_memory,memwritebw,SKT0CHAN4,5,1.09,MB/s
correlation-stream-cores1,pcm_memory,memwritebw,SKT0CHAN4,6,1.1,MB/s
correlation-stream-cores1,pcm_memory,memwritebw,SKT0CHAN4,7,1.19,MB/s
correlation-stream-cores1,pcm_memory,memwritebw,SKT0CHAN4,8,1.1,MB/s
correlation-stream-cores1,pcm_memory,memwritebw,SKT0CHAN4,9,1.05,MB/s
correlation-stream-cores1,pcm_memory,memwritebw,SKT0CHAN4,10,1.04,MB/s
correlation-stream-cores1,pcm_memory,memwritebw,SKT0CHAN4,11,1.23,MB/s
correlation-stream-cores1,pcm_memory,memwritebw,SKT0CHAN4,12,1.04,MB/s
correlation-stream-cores1,pcm_memory,memwritebw,SKT0CHAN4,13,1.05,MB/s
correlation-stream-cores1,pcm_memory,memwritebw,SKT0CHAN4,14,1.66,MB/s
correlation-stream-cores1,pcm_memory,memwritebw,SKT0CHAN4,15,1.19,MB/s
correlation-stream-cores1,pcm_memory,memwritebw,SKT0CHAN4,16,1.11,MB/s
correlation-stream-cores1,pcm_memory,memwritebw,SKT0CHAN4,17,1.06,MB/s
correlation-stream-cores1,pcm_memory,memwritebw,SKT0CHAN4,18,1.22,MB/s
correlation-stream-cores1,pcm_memory,memwritebw,SKT0CHAN4,19,2.04,MB/s
correlation-stream-cores1,pcm_memory,memwritebw,SKT0CHAN4,20,1.07,MB/s
correlation-stream-cores1,pcm_memory,memwritebw,SKT0CHAN4,21,1.32,MB/s
correlation-stream-cores1,pcm_memory,memwritebw,SKT0CHAN4,22,4.39,MB/s
correlation-stream-cores1,pcm_memory,memwritebw,SKT0CHAN4,23,1.56,MB/s
correlation-stream-cores1,pcm_memory,memwritebw,SKT0CHAN4,24,1.18,MB/s
correlation-stream-cores1,pcm_memory,memwritebw,SKT0CHAN4,25,1.04,MB/s
correlation-stream-cores1,pcm_memory,memwritebw,SKT0CHAN4,26,1.03,MB/s
correlation-stream-cores1,pcm_memory,memwritebw,SKT0CHAN4,27,1.04,MB/s
correlation-stream-cores1,pcm_memory,memwritebw,SKT0CHAN4,28,1.18,MB/s
correlation-stream-cores1,pcm_memory,memwritebw,SKT0CHAN4,29,1.0,MB/s
correlation-stream-cores1,pcm_memory,memwritebw,SKT0CHAN4,30,1.02,MB/s
correlation-stream-cores1,pcm_memory,memwritebw,SKT0CHAN4,31,1.15,MB/s
correlation-stream-cores1,pcm_memory,memwritebw,SKT0CHAN4,32,1.03,MB/s
correlation-stream-cores1,pcm_memory,memwritebw,SKT0CHAN4,33,1.03,MB/s
correlation-stream-cores1,pcm_memory,memwritebw,SKT0CHAN4,34,1.03,MB/s
correlation-stream-cores1,pcm_memory,memwritebw,SKT0CHAN4,35,1.16,MB/s
correlation-stream-cores1,pcm_memory,memwritebw,SKT0CHAN4,36,1.05,MB/s
correlation-stream-cores1,pcm_memory,memwritebw,SKT0CHAN4,37,1.03,MB/s
correlation-stream-cores1,pcm_memory,memwritebw,SKT0CHAN4,38,1.09,MB/s
correlation-stream-cores1,pcm_memory,memwritebw,SKT0CHAN4,39,1.18,MB/s
correlation-stream-cores1,pcm_memory,memwritebw,SKT0CHAN4,40,1.06,MB/s
correlation-stream-cores1,pcm_memory,memwritebw,SKT0CHAN4,41,1.04,MB/s
correlation-stream-cores1,pcm_memory,memwritebw,SKT0CHAN4,42,1.2,MB/s
correlation-stream-cores1,pcm_memory,memwritebw,SKT0CHAN4,43,1.17,MB/s
correlation-stream-cores1,pcm_memory,memwritebw,SKT0CHAN4,44,1.09,MB/s
correlation-stream-cores1,pcm_memory,memwritebw,SKT0CHAN4,45,1.04,MB/s
correlation-stream-cores1,pcm_memory,memwritebw,SKT0CHAN4,46,1.04,MB/s
correlation-stream-cores1,pcm_memory,memwritebw,SKT0CHAN4,47,3.33,MB/s
correlation-stream-cores1,pcm_memory,memwritebw,SKT0CHAN4,48,1.13,MB/s
correlation-stream-cores1,pcm_memory,memwritebw,SKT0CHAN4,49,1.5,MB/s
correlation-stream-cores1,pcm_memory,memwritebw,SKT0CHAN4,50,1.28,MB/s
correlation-stream-cores1,pcm_memory,memwritebw,SKT0CHAN4,51,1.19,MB/s
correlation-stream-cores1,pcm_memory,memwritebw,SKT0CHAN4,52,2.08,MB/s
correlation-stream-cores1,pcm_memory,memwritebw,SKT0CHAN4,53,1.84,MB/s
correlation-stream-cores1,pcm_memory,memwritebw,SKT0CHAN4,54,1.64,MB/s
correlation-stream-cores1,pcm_memory,memwritebw,SKT0CHAN4,55,4.35,MB/s
correlation-stream-cores1,pcm_memory,memwritebw,SKT0CHAN4,56,1.68,MB/s
correlation-stream-cores1,pcm_memory,memwritebw,SKT0CHAN4,57,1.05,MB/s
correlation-stream-cores1,pcm_memory,memwritebw,SKT0CHAN4,58,1.03,MB/s
correlation-stream-cores1,pcm_memory,memwritebw,SKT0CHAN4,59,1.15,MB/s
correlation-stream-cores1,pcm_memory,memwritebw,SKT0CHAN5,0,1.85,MB/s
correlation-stream-cores1,pcm_memory,memwritebw,SKT0CHAN5,1,0.98,MB/s
correlation-stream-cores1,pcm_memory,memwritebw,SKT0CHAN5,2,1.09,MB/s
correlation-stream-cores1,pcm_memory,memwritebw,SKT0CHAN5,3,0.97,MB/s
correlation-stream-cores1,pcm_memory,memwritebw,SKT0CHAN5,4,0.97,MB/s
correlation-stream-cores1,pcm_memory,memwritebw,SKT0CHAN5,5,1.0,MB/s
correlation-stream-cores1,pcm_memory,memwritebw,SKT0CHAN5,6,1.01,MB/s
correlation-stream-cores1,pcm_memory,memwritebw,SKT0CHAN5,7,1.09,MB/s
correlation-stream-cores1,pcm_memory,memwritebw,SKT0CHAN5,8,1.0,MB/s
correlation-stream-cores1,pcm_memory,memwritebw,SKT0CHAN5,9,0.95,MB/s
correlation-stream-cores1,pcm_memory,memwritebw,SKT0CHAN5,10,0.96,MB/s
correlation-stream-cores1,pcm_memory,memwritebw,SKT0CHAN5,11,1.12,MB/s
correlation-stream-cores1,pcm_memory,memwritebw,SKT0CHAN5,12,0.94,MB/s
correlation-stream-cores1,pcm_memory,memwritebw,SKT0CHAN5,13,0.95,MB/s
correlation-stream-cores1,pcm_memory,memwritebw,SKT0CHAN5,14,1.56,MB/s
correlation-stream-cores1,pcm_memory,memwritebw,SKT0CHAN5,15,1.09,MB/s
correlation-stream-cores1,pcm_memory,memwritebw,SKT0CHAN5,16,1.01,MB/s
correlation-stream-cores1,pcm_memory,memwritebw,SKT0CHAN5,17,0.95,MB/s
correlation-stream-cores1,pcm_memory,memwritebw,SKT0CHAN5,18,1.11,MB/s
correlation-stream-cores1,pcm_memory,memwritebw,SKT0CHAN5,19,1.94,MB/s
correlation-stream-cores1,pcm_memory,memwritebw,SKT0CHAN5,20,0.98,MB/s
correlation-stream-cores1,pcm_memory,memwritebw,SKT0CHAN5,21,1.23,MB/s
correlation-stream-cores1,pcm_memory,memwritebw,SKT0CHAN5,22,4.3,MB/s
correlation-stream-cores1,pcm_memory,memwritebw,SKT0CHAN5,23,1.47,MB/s
correlation-stream-cores1,pcm_memory,memwritebw,SKT0CHAN5,24,1.09,MB/s
correlation-stream-cores1,pcm_memory,memwritebw,SKT0CHAN5,25,0.94,MB/s
correlation-stream-cores1,pcm_memory,memwritebw,SKT0CHAN5,26,0.96,MB/s
correlation-stream-cores1,pcm_memory,memwritebw,SKT0CHAN5,27,0.97,MB/s
correlation-stream-cores1,pcm_memory,memwritebw,SKT0CHAN5,28,1.12,MB/s
correlation-stream-cores1,pcm_memory,memwritebw,SKT0CHAN5,29,0.92,MB/s
correlation-stream-cores1,pcm_memory,memwritebw,SKT0CHAN5,30,0.94,MB/s
correlation-stream-cores1,pcm_memory,memwritebw,SKT0CHAN5,31,1.08,MB/s
correlation-stream-cores1,pcm_memory,memwritebw,SKT0CHAN5,32,0.96,MB/s
correlation-stream-cores1,pcm_memory,memwritebw,SKT0CHAN5,33,0.98,MB/s
correlation-stream-cores1,pcm_memory,memwritebw,SKT0CHAN5,34,0.96,MB/s
correlation-stream-cores1,pcm_memory,memwritebw,SKT0CHAN5,35,1.08,MB/s
correlation-stream-cores1,pcm_memory,memwritebw,SKT0CHAN5,36,0.96,MB/s
correlation-stream-cores1,pcm_memory,memwritebw,SKT0CHAN5,37,0.93,MB/s
correlation-stream-cores1,pcm_memory,memwritebw,SKT0CHAN5,38,0.99,MB/s
correlation-stream-cores1,pcm_memory,memwritebw,SKT0CHAN5,39,1.08,MB/s
correlation-stream-cores1,pcm_memory,memwritebw,SKT0CHAN5,40,0.94,MB/s
correlation-stream-cores1,pcm_memory,memwritebw,SKT0CHAN5,41,0.93,MB/s
correlation-stream-cores1,pcm_memory,memwritebw,SKT0CHAN5,42,1.1,MB/s
correlation-stream-cores1,pcm_memory,memwritebw,SKT0CHAN5,43,1.09,MB/s
correlation-stream-cores1,pcm_memory,memwritebw,SKT0CHAN5,44,1.0,MB/s
correlation-stream-cores1,pcm_memory,memwritebw,SKT0CHAN5,45,0.96,MB/s
correlation-stream-cores1,pcm_memory,memwritebw,SKT0CHAN5,46,0.96,MB/s
correlation-stream-cores1,pcm_memory,memwritebw,SKT0CHAN5,47,3.2,MB/s
correlation-stream-cores1,pcm_memory,memwritebw,SKT0CHAN5,48,1.04,MB/s
correlation-stream-cores1,pcm_memory,memwritebw,SKT0CHAN5,49,1.42,MB/s
correlation-stream-cores1,pcm_memory,memwritebw,SKT0CHAN5,50,1.21,MB/s
correlation-stream-cores1,pcm_memory,memwritebw,SKT0CHAN5,51,1.1,MB/s
correlation-stream-cores1,pcm_memory,memwritebw,SKT0CHAN5,52,2.0,MB/s
correlation-stream-cores1,pcm_memory,memwritebw,SKT0CHAN5,53,1.75,MB/s
correlation-stream-cores1,pcm_memory,memwritebw,SKT0CHAN5,54,1.58,MB/s
correlation-stream-cores1,pcm_memory,memwritebw,SKT0CHAN5,55,4.29,MB/s
correlation-stream-cores1,pcm_memory,memwritebw,SKT0CHAN5,56,1.61,MB/s
correlation-stream-cores1,pcm_memory,memwritebw,SKT0CHAN5,57,0.98,MB/s
correlation-stream-cores1,pcm_memory,memwritebw,SKT0CHAN5,58,0.96,MB/s
correlation-stream-cores1,pcm_memory,memwritebw,SKT0CHAN5,59,1.08,MB/s
correlation-stream-cores1,pcm_memory,memwritebw,SKT0CHAN6,0,2.07,MB/s
correlation-stream-cores1,pcm_memory,memwritebw,SKT0CHAN6,1,1.18,MB/s
correlation-stream-cores1,pcm_memory,memwritebw,SKT0CHAN6,2,1.3,MB/s
correlation-stream-cores1,pcm_memory,memwritebw,SKT0CHAN6,3,1.19,MB/s
correlation-stream-cores1,pcm_memory,memwritebw,SKT0CHAN6,4,1.18,MB/s
correlation-stream-cores1,pcm_memory,memwritebw,SKT0CHAN6,5,1.2,MB/s
correlation-stream-cores1,pcm_memory,memwritebw,SKT0CHAN6,6,1.19,MB/s
correlation-stream-cores1,pcm_memory,memwritebw,SKT0CHAN6,7,1.26,MB/s
correlation-stream-cores1,pcm_memory,memwritebw,SKT0CHAN6,8,1.19,MB/s
correlation-stream-cores1,pcm_memory,memwritebw,SKT0CHAN6,9,1.13,MB/s
correlation-stream-cores1,pcm_memory,memwritebw,SKT0CHAN6,10,1.14,MB/s
correlation-stream-cores1,pcm_memory,memwritebw,SKT0CHAN6,11,1.33,MB/s
correlation-stream-cores1,pcm_memory,memwritebw,SKT0CHAN6,12,1.17,MB/s
correlation-stream-cores1,pcm_memory,memwritebw,SKT0CHAN6,13,1.17,MB/s
correlation-stream-cores1,pcm_memory,memwritebw,SKT0CHAN6,14,1.78,MB/s
correlation-stream-cores1,pcm_memory,memwritebw,SKT0CHAN6,15,1.3,MB/s
correlation-stream-cores1,pcm_memory,memwritebw,SKT0CHAN6,16,1.24,MB/s
correlation-stream-cores1,pcm_memory,memwritebw,SKT0CHAN6,17,1.16,MB/s
correlation-stream-cores1,pcm_memory,memwritebw,SKT0CHAN6,18,1.33,MB/s
correlation-stream-cores1,pcm_memory,memwritebw,SKT0CHAN6,19,2.15,MB/s
correlation-stream-cores1,pcm_memory,memwritebw,SKT0CHAN6,20,1.17,MB/s
correlation-stream-cores1,pcm_memory,memwritebw,SKT0CHAN6,21,1.46,MB/s
correlation-stream-cores1,pcm_memory,memwritebw,SKT0CHAN6,22,4.57,MB/s
correlation-stream-cores1,pcm_memory,memwritebw,SKT0CHAN6,23,1.7,MB/s
correlation-stream-cores1,pcm_memory,memwritebw,SKT0CHAN6,24,1.33,MB/s
correlation-stream-cores1,pcm_memory,memwritebw,SKT0CHAN6,25,1.18,MB/s
correlation-stream-cores1,pcm_memory,memwritebw,SKT0CHAN6,26,1.2,MB/s
correlation-stream-cores1,pcm_memory,memwritebw,SKT0CHAN6,27,1.19,MB/s
correlation-stream-cores1,pcm_memory,memwritebw,SKT0CHAN6,28,1.35,MB/s
correlation-stream-cores1,pcm_memory,memwritebw,SKT0CHAN6,29,1.17,MB/s
correlation-stream-cores1,pcm_memory,memwritebw,SKT0CHAN6,30,1.17,MB/s
correlation-stream-cores1,pcm_memory,memwritebw,SKT0CHAN6,31,1.31,MB/s
correlation-stream-cores1,pcm_memory,memwritebw,SKT0CHAN6,32,1.19,MB/s
correlation-stream-cores1,pcm_memory,memwritebw,SKT0CHAN6,33,1.21,MB/s
correlation-stream-cores1,pcm_memory,memwritebw,SKT0CHAN6,34,1.19,MB/s
correlation-stream-cores1,pcm_memory,memwritebw,SKT0CHAN6,35,1.32,MB/s
correlation-stream-cores1,pcm_memory,memwritebw,SKT0CHAN6,36,1.2,MB/s
correlation-stream-cores1,pcm_memory,memwritebw,SKT0CHAN6,37,1.15,MB/s
correlation-stream-cores1,pcm_memory,memwritebw,SKT0CHAN6,38,1.21,MB/s
correlation-stream-cores1,pcm_memory,memwritebw,SKT0CHAN6,39,1.3,MB/s
correlation-stream-cores1,pcm_memory,memwritebw,SKT0CHAN6,40,1.17,MB/s
correlation-stream-cores1,pcm_memory,memwritebw,SKT0CHAN6,41,1.17,MB/s
correlation-stream-cores1,pcm_memory,memwritebw,SKT0CHAN6,42,1.33,MB/s
correlation-stream-cores1,pcm_memory,memwritebw,SKT0CHAN6,43,1.32,MB/s
correlation-stream-cores1,pcm_memory,memwritebw,SKT0CHAN6,44,1.25,MB/s
correlation-stream-cores1,pcm_memory,memwritebw,SKT0CHAN6,45,1.18,MB/s
correlation-stream-cores1,pcm_memory,memwritebw,SKT0CHAN6,46,1.19,MB/s
correlation-stream-cores1,pcm_memory,memwritebw,SKT0CHAN6,47,3.47,MB/s
correlation-stream-cores1,pcm_memory,memwritebw,SKT0CHAN6,48,1.3,MB/s
correlation-stream-cores1,pcm_memory,memwritebw,SKT0CHAN6,49,1.68,MB/s
correlation-stream-cores1,pcm_memory,memwritebw,SKT0CHAN6,50,1.46,MB/s
correlation-stream-cores1,pcm_memory,memwritebw,SKT0CHAN6,51,1.37,MB/s
correlation-stream-cores1,pcm_memory,memwritebw,SKT0CHAN6,52,2.29,MB/s
correlation-stream-cores1,pcm_memory,memwritebw,SKT0CHAN6,53,2.03,MB/s
correlation-stream-cores1,pcm_memory,memwritebw,SKT0CHAN6,54,1.87,MB/s
correlation-stream-cores1,pcm_memory,memwritebw,SKT0CHAN6,55,4.51,MB/s
correlation-stream-cores1,pcm_memory,memwritebw,SKT0CHAN6,56,1.82,MB/s
correlation-stream-cores1,pcm_memory,memwritebw,SKT0CHAN6,57,1.21,MB/s
correlation-stream-cores1,pcm_memory,memwritebw,SKT0CHAN6,58,1.17,MB/s
correlation-stream-cores1,pcm_memory,memwritebw,SKT0CHAN6,59,1.32,MB/s
correlation-stream-cores1,pcm_memory,memwritebw,SKT0CHAN7,0,2.0,MB/s
correlation-stream-cores1,pcm_memory,memwritebw,SKT0CHAN7,1,1.12,MB/s
correlation-stream-cores1,pcm_memory,memwritebw,SKT0CHAN7,2,1.23,MB/s
correlation-stream-cores1,pcm_memory,memwritebw,SKT0CHAN7,3,1.12,MB/s
correlation-stream-cores1,pcm_memory,memwritebw,SKT0CHAN7,4,1.12,MB/s
correlation-stream-cores1,pcm_memory,memwritebw,SKT0CHAN7,5,1.14,MB/s
correlation-stream-cores1,pcm_memory,memwritebw,SKT0CHAN7,6,1.14,MB/s
correlation-stream-cores1,pcm_memory,memwritebw,SKT0CHAN7,7,1.21,MB/s
correlation-stream-cores1,pcm_memory,memwritebw,SKT0CHAN7,8,1.14,MB/s
correlation-stream-cores1,pcm_memory,memwritebw,SKT0CHAN7,9,1.07,MB/s
correlation-stream-cores1,pcm_memory,memwritebw,SKT0CHAN7,10,1.09,MB/s
correlation-stream-cores1,pcm_memory,memwritebw,SKT0CHAN7,11,1.26,MB/s
correlation-stream-cores1,pcm_memory,memwritebw,SKT0CHAN7,12,1.1,MB/s
correlation-stream-cores1,pcm_memory,memwritebw,SKT0CHAN7,13,1.1,MB/s
correlation-stream-cores1,pcm_memory,memwritebw,SKT0CHAN7,14,1.75,MB/s
correlation-stream-cores1,pcm_memory,memwritebw,SKT0CHAN7,15,1.23,MB/s
correlation-stream-cores1,pcm_memory,memwritebw,SKT0CHAN7,16,1.17,MB/s
correlation-stream-cores1,pcm_memory,memwritebw,SKT0CHAN7,17,1.1,MB/s
correlation-stream-cores1,pcm_memory,memwritebw,SKT0CHAN7,18,1.25,MB/s
correlation-stream-cores1,pcm_memory,memwritebw,SKT0CHAN7,19,2.09,MB/s
correlation-stream-cores1,pcm_memory,memwritebw,SKT0CHAN7,20,1.12,MB/s
correlation-stream-cores1,pcm_memory,memwritebw,SKT0CHAN7,21,1.43,MB/s
correlation-stream-cores1,pcm_memory,memwritebw,SKT0CHAN7,22,4.55,MB/s
correlation-stream-cores1,pcm_memory,memwritebw,SKT0CHAN7,23,1.66,MB/s
correlation-stream-cores1,pcm_memory,memwritebw,SKT0CHAN7,24,1.29,MB/s
correlation-stream-cores1,pcm_memory,memwritebw,SKT0CHAN7,25,1.14,MB/s
correlation-stream-cores1,pcm_memory,memwritebw,SKT0CHAN7,26,1.15,MB/s
correlation-stream-cores1,pcm_memory,memwritebw,SKT0CHAN7,27,1.15,MB/s
correlation-stream-cores1,pcm_memory,memwritebw,SKT0CHAN7,28,1.31,MB/s
correlation-stream-cores1,pcm_memory,memwritebw,SKT0CHAN7,29,1.12,MB/s
correlation-stream-cores1,pcm_memory,memwritebw,SKT0CHAN7,30,1.12,MB/s
correlation-stream-cores1,pcm_memory,memwritebw,SKT0CHAN7,31,1.26,MB/s
correlation-stream-cores1,pcm_memory,memwritebw,SKT0CHAN7,32,1.15,MB/s
correlation-stream-cores1,pcm_memory,memwritebw,SKT0CHAN7,33,1.17,MB/s
correlation-stream-cores1,pcm_memory,memwritebw,SKT0CHAN7,34,1.14,MB/s
correlation-stream-cores1,pcm_memory,memwritebw,SKT0CHAN7,35,1.27,MB/s
correlation-stream-cores1,pcm_memory,memwritebw,SKT0CHAN7,36,1.16,MB/s
correlation-stream-cores1,pcm_memory,memwritebw,SKT0CHAN7,37,1.11,MB/s
correlation-stream-cores1,pcm_memory,memwritebw,SKT0CHAN7,38,1.18,MB/s
correlation-stream-cores1,pcm_memory,memwritebw,SKT0CHAN7,39,1.27,MB/s
correlation-stream-cores1,pcm_memory,memwritebw,SKT0CHAN7,40,1.13,MB/s
correlation-stream-cores1,pcm_memory,memwritebw,SKT0CHAN7,41,1.12,MB/s
correlation-stream-cores1,pcm_memory,memwritebw,SKT0CHAN7,42,1.28,MB/s
correlation-stream-cores1,pcm_memory,memwritebw,SKT0CHAN7,43,1.28,MB/s
correlation-stream-cores1,pcm_memory,memwritebw,SKT0CHAN7,44,1.21,MB/s
correlation-stream-cores1,pcm_memory,memwritebw,SKT0CHAN7,45,1.14,MB/s
correlation-stream-cores1,pcm_memory,memwritebw,SKT0CHAN7,46,1.14,MB/s
correlation-stream-cores1,pcm_memory,memwritebw,SKT0CHAN7,47,3.42,MB/s
correlation-stream-cores1,pcm_memory,memwritebw,SKT0CHAN7,48,1.24,MB/s
correlation-stream-cores1,pcm_memory,memwritebw,SKT0CHAN7,49,1.62,MB/s
correlation-stream-cores1,pcm_memory,memwritebw,SKT0CHAN7,50,1.39,MB/s
correlation-stream-cores1,pcm_memory,memwritebw,SKT0CHAN7,51,1.3,MB/s
correlation-stream-cores1,pcm_memory,memwritebw,SKT0CHAN7,52,2.24,MB/s
correlation-stream-cores1,pcm_memory,memwritebw,SKT0CHAN7,53,2.0,MB/s
correlation-stream-cores1,pcm_memory,memwritebw,SKT0CHAN7,54,1.85,MB/s
correlation-stream-cores1,pcm_memory,memwritebw,SKT0CHAN7,55,4.45,MB/s
correlation-stream-cores1,pcm_memory,memwritebw,SKT0CHAN7,56,1.74,MB/s
correlation-stream-cores1,pcm_memory,memwritebw,SKT0CHAN7,57,1.1,MB/s
correlation-stream-cores1,pcm_memory,memwritebw,SKT0CHAN7,58,1.06,MB/s
correlation-stream-cores1,pcm_memory,memwritebw,SKT0CHAN7,59,1.2,MB/s
correlation-stream-cores1,pcm_latency,l1_miss_latency,CORE0,0,32.58,ns
correlation-stream-cores1,pcm_latency,l1_miss_latency,CORE0,1,30.54,ns
correlation-stream-cores1,pcm_latency,l1_miss_latency,CORE0,2,28.58,ns
correlation-stream-cores1,pcm_latency,l1_miss_latency,CORE0,3,28.99,ns
correlation-stream-cores1,pcm_latency,l1_miss_latency,CORE0,4,32.71,ns
correlation-stream-cores1,pcm_latency,l1_miss_latency,CORE0,5,26.23,ns
correlation-stream-cores1,pcm_latency,l1_miss_latency,CORE0,6,27.77,ns
correlation-stream-cores1,pcm_latency,l1_miss_latency,CORE0,7,28.38,ns
correlation-stream-cores1,pcm_latency,l1_miss_latency,CORE0,8,28.44,ns
correlation-stream-cores1,pcm_latency,l1_miss_latency,CORE0,9,31.54,ns
correlation-stream-cores1,pcm_latency,l1_miss_latency,CORE0,10,29.63,ns
correlation-stream-cores1,pcm_latency,l1_miss_latency,CORE0,11,30.7,ns
correlation-stream-cores1,pcm_latency,l1_miss_latency,CORE0,12,33.02,ns
correlation-stream-cores1,pcm_latency,l1_miss_latency,CORE0,13,32.06,ns
correlation-stream-cores1,pcm_latency,l1_miss_latency,CORE0,14,26.22,ns
correlation-stream-cores1,pcm_latency,l1_miss_latency,CORE0,15,34.79,ns
correlation-stream-cores1,pcm_latency,l1_miss_latency,CORE0,16,24.57,ns
correlation-stream-cores1,pcm_latency,l1_miss_latency,CORE0,17,32.62,ns
correlation-stream-cores1,pcm_latency,l1_miss_latency,CORE0,18,28.03,ns
correlation-stream-cores1,pcm_latency,l1_miss_latency,CORE0,19,29.91,ns
correlation-stream-cores1,pcm_latency,l1_miss_latency,CORE0,20,26.24,ns
correlation-stream-cores1,pcm_latency,l1_miss_latency,CORE0,21,31.2,ns
correlation-stream-cores1,pcm_latency,l1_miss_latency,CORE0,22,28.09,ns
correlation-stream-cores1,pcm_latency,l1_miss_latency,CORE0,23,22.11,ns
correlation-stream-cores1,pcm_latency,l1_miss_latency,CORE0,24,22.55,ns
correlation-stream-cores1,pcm_latency,l1_miss_latency,CORE0,25,51.92,ns
correlation-stream-cores1,pcm_latency,l1_miss_latency,CORE0,26,25.45,ns
correlation-stream-cores1,pcm_latency,l1_miss_latency,CORE0,27,20.13,ns
correlation-stream-cores1,pcm_latency,l1_miss_latency,CORE0,28,23.43,ns
correlation-stream-cores1,pcm_latency,l1_miss_latency,CORE0,29,22.51,ns
correlation-stream-cores1,pcm_latency,l1_miss_latency,CORE0,30,40.43,ns
correlation-stream-cores1,pcm_latency,l1_miss_latency,CORE0,31,41.73,ns
correlation-stream-cores1,pcm_latency,l1_miss_latency,CORE0,32,34.66,ns
correlation-stream-cores1,pcm_latency,l1_miss_latency,CORE0,33,46.59,ns
correlation-stream-cores1,pcm_latency,l1_miss_latency,CORE0,34,49.8,ns
correlation-stream-cores1,pcm_latency,l1_miss_latency,CORE0,35,21.28,ns
correlation-stream-cores1,pcm_latency,l1_miss_latency,CORE0,36,26.77,ns
correlation-stream-cores1,pcm_latency,l1_miss_latency,CORE0,37,51.24,ns
correlation-stream-cores1,pcm_latency,l1_miss_latency,CORE0,38,37.68,ns
correlation-stream-cores1,pcm_latency,l1_miss_latency,CORE0,39,50.08,ns
correlation-stream-cores1,pcm_latency,l1_miss_latency,CORE0,40,40.03,ns
correlation-stream-cores1,pcm_latency,l1_miss_latency,CORE0,41,31.81,ns
correlation-stream-cores1,pcm_latency,l1_miss_latency,CORE0,42,21.21,ns
correlation-stream-cores1,pcm_latency,l1_miss_latency,CORE0,43,23.08,ns
correlation-stream-cores1,pcm_latency,l1_miss_latency,CORE0,44,24.29,ns
correlation-stream-cores1,pcm_latency,l1_miss_latency,CORE0,45,22.5,ns
correlation-stream-cores1,pcm_latency,l1_miss_latency,CORE0,46,33.83,ns
correlation-stream-cores1,pcm_latency,l1_miss_latency,CORE0,47,21.5,ns
correlation-stream-cores1,pcm_latency,l1_miss_latency,CORE0,48,30.26,ns
correlation-stream-cores1,pcm_latency,l1_miss_latency,CORE0,49,28.27,ns
correlation-stream-cores1,pcm_latency,l1_miss_latency,CORE0,50,32.89,ns
correlation-stream-cores1,pcm_latency,l1_miss_latency,CORE0,51,26.64,ns
correlation-stream-cores1,pcm_latency,l1_miss_latency,CORE0,52,28.03,ns
correlation-stream-cores1,pcm_latency,l1_miss_latency,CORE0,53,23.49,ns
correlation-stream-cores1,pcm_latency,l1_miss_latency,CORE0,54,35.24,ns
correlation-stream-cores1,pcm_latency,l1_miss_latency,CORE0,55,48.04,ns
correlation-stream-cores1,pcm_latency,l1_miss_latency,CORE0,56,23.38,ns
correlation-stream-cores1,pcm_latency,l1_miss_latency,CORE0,57,23.21,ns
correlation-stream-cores1,pcm_latency,l1_miss_latency,CORE0,58,24.36,ns
correlation-stream-cores1,pcm_latency,l1_miss_latency,CORE0,59,23.51,ns
correlation-stream-cores1,pcm_latency,l1_miss_latency,CORE1,0,41.64,ns
correlation-stream-cores1,pcm_latency,l1_miss_latency,CORE1,1,40.99,ns
correlation-stream-cores1,pcm_latency,l1_miss_latency,CORE1,2,25.42,ns
correlation-stream-cores1,pcm_latency,l1_miss_latency,CORE1,3,40.05,ns
correlation-stream-cores1,pcm_latency,l1_miss_latency,CORE1,4,41.24,ns
correlation-stream-cores1,pcm_latency,l1_miss_latency,CORE1,5,41.5,ns
correlation-stream-cores1,pcm_latency,l1_miss_latency,CORE1,6,41.11,ns
correlation-stream-cores1,pcm_latency,l1_miss_latency,CORE1,7,41.21,ns
correlation-stream-cores1,pcm_latency,l1_miss_latency,CORE1,8,40.55,ns
correlation-stream-cores1,pcm_latency,l1_miss_latency,CORE1,9,34.12,ns
correlation-stream-cores1,pcm_latency,l1_miss_latency,CORE1,10,42.46,ns
correlation-stream-cores1,pcm_latency,l1_miss_latency,CORE1,11,42.56,ns
correlation-stream-cores1,pcm_latency,l1_miss_latency,CORE1,12,41.82,ns
correlation-stream-cores1,pcm_latency,l1_miss_latency,CORE1,13,40.89,ns
correlation-stream-cores1,pcm_latency,l1_miss_latency,CORE1,14,41.11,ns
correlation-stream-cores1,pcm_latency,l1_miss_latency,CORE1,15,41.9,ns
correlation-stream-cores1,pcm_latency,l1_miss_latency,CORE1,16,43.74,ns
correlation-stream-cores1,pcm_latency,l1_miss_latency,CORE1,17,42.3,ns
correlation-stream-cores1,pcm_latency,l1_miss_latency,CORE1,18,40.82,ns
correlation-stream-cores1,pcm_latency,l1_miss_latency,CORE1,19,41.09,ns
correlation-stream-cores1,pcm_latency,l1_miss_latency,CORE1,20,40.75,ns
correlation-stream-cores1,pcm_latency,l1_miss_latency,CORE1,21,39.94,ns
correlation-stream-cores1,pcm_latency,l1_miss_latency,CORE1,22,41.22,ns
correlation-stream-cores1,pcm_latency,l1_miss_latency,CORE1,23,33.5,ns
correlation-stream-cores1,pcm_latency,l1_miss_latency,CORE1,24,23.65,ns
correlation-stream-cores1,pcm_latency,l1_miss_latency,CORE1,25,42.37,ns
correlation-stream-cores1,pcm_latency,l1_miss_latency,CORE1,26,36.7,ns
correlation-stream-cores1,pcm_latency,l1_miss_latency,CORE1,27,23.33,ns
correlation-stream-cores1,pcm_latency,l1_miss_latency,CORE1,28,48.44,ns
correlation-stream-cores1,pcm_latency,l1_miss_latency,CORE1,29,43.95,ns
correlation-stream-cores1,pcm_latency,l1_miss_latency,CORE1,30,42.93,ns
correlation-stream-cores1,pcm_latency,l1_miss_latency,CORE1,31,44.6,ns
correlation-stream-cores1,pcm_latency,l1_miss_latency,CORE1,32,44.12,ns
correlation-stream-cores1,pcm_latency,l1_miss_latency,CORE1,33,43.02,ns
correlation-stream-cores1,pcm_latency,l1_miss_latency,CORE1,34,41.83,ns
correlation-stream-cores1,pcm_latency,l1_miss_latency,CORE1,35,42.24,ns
correlation-stream-cores1,pcm_latency,l1_miss_latency,CORE1,36,43.82,ns
correlation-stream-cores1,pcm_latency,l1_miss_latency,CORE1,37,43.66,ns
correlation-stream-cores1,pcm_latency,l1_miss_latency,CORE1,38,30.13,ns
correlation-stream-cores1,pcm_latency,l1_miss_latency,CORE1,39,45.04,ns
correlation-stream-cores1,pcm_latency,l1_miss_latency,CORE1,40,46.63,ns
correlation-stream-cores1,pcm_latency,l1_miss_latency,CORE1,41,40.41,ns
correlation-stream-cores1,pcm_latency,l1_miss_latency,CORE1,42,43.67,ns
correlation-stream-cores1,pcm_latency,l1_miss_latency,CORE1,43,45.43,ns
correlation-stream-cores1,pcm_latency,l1_miss_latency,CORE1,44,51.5,ns
correlation-stream-cores1,pcm_latency,l1_miss_latency,CORE1,45,59.84,ns
correlation-stream-cores1,pcm_latency,l1_miss_latency,CORE1,46,61.39,ns
correlation-stream-cores1,pcm_latency,l1_miss_latency,CORE1,47,28.61,ns
correlation-stream-cores1,pcm_latency,l1_miss_latency,CORE1,48,59.89,ns
correlation-stream-cores1,pcm_latency,l1_miss_latency,CORE1,49,58.52,ns
correlation-stream-cores1,pcm_latency,l1_miss_latency,CORE1,50,48.37,ns
correlation-stream-cores1,pcm_latency,l1_miss_latency,CORE1,51,55.83,ns
correlation-stream-cores1,pcm_latency,l1_miss_latency,CORE1,52,49.81,ns
correlation-stream-cores1,pcm_latency,l1_miss_latency,CORE1,53,62.19,ns
correlation-stream-cores1,pcm_latency,l1_miss_latency,CORE1,54,60.12,ns
correlation-stream-cores1,pcm_latency,l1_miss_latency,CORE1,55,60.4,ns
correlation-stream-cores1,pcm_latency,l1_miss_latency,CORE1,56,62.19,ns
correlation-stream-cores1,pcm_latency,l1_miss_latency,CORE1,57,24.26,ns
correlation-stream-cores1,pcm_latency,l1_miss_latency,CORE1,58,38.32,ns
correlation-stream-cores1,pcm_latency,l1_miss_latency,CORE1,59,38.94,ns
correlation-stream-cores1,pcm_latency,l1_miss_latency,CORE2,0,47.67,ns
correlation-stream-cores1,pcm_latency,l1_miss_latency,CORE2,1,51.93,ns
correlation-stream-cores1,pcm_latency,l1_miss_latency,CORE2,2,52.77,ns
correlation-stream-cores1,pcm_latency,l1_miss_latency,CORE2,3,53.87,ns
correlation-stream-cores1,pcm_latency,l1_miss_latency,CORE2,4,51.79,ns
correlation-stream-cores1,pcm_latency,l1_miss_latency,CORE2,5,53.68,ns
correlation-stream-cores1,pcm_latency,l1_miss_latency,CORE2,6,52.12,ns
correlation-stream-cores1,pcm_latency,l1_miss_latency,CORE2,7,53.45,ns
correlation-stream-cores1,pcm_latency,l1_miss_latency,CORE2,8,55.77,ns
correlation-stream-cores1,pcm_latency,l1_miss_latency,CORE2,9,54.38,ns
correlation-stream-cores1,pcm_latency,l1_miss_latency,CORE2,10,54.49,ns
correlation-stream-cores1,pcm_latency,l1_miss_latency,CORE2,11,54.9,ns
correlation-stream-cores1,pcm_latency,l1_miss_latency,CORE2,12,54.03,ns
correlation-stream-cores1,pcm_latency,l1_miss_latency,CORE2,13,52.88,ns
correlation-stream-cores1,pcm_latency,l1_miss_latency,CORE2,14,54.75,ns
correlation-stream-cores1,pcm_latency,l1_miss_latency,CORE2,15,54.16,ns
correlation-stream-cores1,pcm_latency,l1_miss_latency,CORE2,16,55.15,ns
correlation-stream-cores1,pcm_latency,l1_miss_latency,CORE2,17,38.54,ns
correlation-stream-cores1,pcm_latency,l1_miss_latency,CORE2,18,36.19,ns
correlation-stream-cores1,pcm_latency,l1_miss_latency,CORE2,19,38.4,ns
correlation-stream-cores1,pcm_latency,l1_miss_latency,CORE2,20,36.64,ns
correlation-stream-cores1,pcm_latency,l1_miss_latency,CORE2,21,39.7,ns
correlation-stream-cores1,pcm_latency,l1_miss_latency,CORE2,22,39.34,ns
correlation-stream-cores1,pcm_latency,l1_miss_latency,CORE2,23,26.3,ns
correlation-stream-cores1,pcm_latency,l1_miss_latency,CORE2,24,29.89,ns
correlation-stream-cores1,pcm_latency,l1_miss_latency,CORE2,25,42.2,ns
correlation-stream-cores1,pcm_latency,l1_miss_latency,CORE2,26,35.51,ns
correlation-stream-cores1,pcm_latency,l1_miss_latency,CORE2,27,34.83,ns
correlation-stream-cores1,pcm_latency,l1_miss_latency,CORE2,28,52.05,ns
correlation-stream-cores1,pcm_latency,l1_miss_latency,CORE2,29,43.39,ns
correlation-stream-cores1,pcm_latency,l1_miss_latency,CORE2,30,41.71,ns
correlation-stream-cores1,pcm_latency,l1_miss_latency,CORE2,31,37.14,ns
correlation-stream-cores1,pcm_latency,l1_miss_latency,CORE2,32,40.09,ns
correlation-stream-cores1,pcm_latency,l1_miss_latency,CORE2,33,36.54,ns
correlation-stream-cores1,pcm_latency,l1_miss_latency,CORE2,34,36.61,ns
correlation-stream-cores1,pcm_latency,l1_miss_latency,CORE2,35,33.9,ns
correlation-stream-cores1,pcm_latency,l1_miss_latency,CORE2,36,37.18,ns
correlation-stream-cores1,pcm_latency,l1_miss_latency,CORE2,37,39.63,ns
correlation-stream-cores1,pcm_latency,l1_miss_latency,CORE2,38,38.2,ns
correlation-stream-cores1,pcm_latency,l1_miss_latency,CORE2,39,37.21,ns
correlation-stream-cores1,pcm_latency,l1_miss_latency,CORE2,40,35.05,ns
correlation-stream-cores1,pcm_latency,l1_miss_latency,CORE2,41,34.91,ns
correlation-stream-cores1,pcm_latency,l1_miss_latency,CORE2,42,34.69,ns
correlation-stream-cores1,pcm_latency,l1_miss_latency,CORE2,43,39.03,ns
correlation-stream-cores1,pcm_latency,l1_miss_latency,CORE2,44,39.64,ns
correlation-stream-cores1,pcm_latency,l1_miss_latency,CORE2,45,34.72,ns
correlation-stream-cores1,pcm_latency,l1_miss_latency,CORE2,46,38.51,ns
correlation-stream-cores1,pcm_latency,l1_miss_latency,CORE2,47,38.56,ns
correlation-stream-cores1,pcm_latency,l1_miss_latency,CORE2,48,37.01,ns
correlation-stream-cores1,pcm_latency,l1_miss_latency,CORE2,49,34.24,ns
correlation-stream-cores1,pcm_latency,l1_miss_latency,CORE2,50,35.56,ns
correlation-stream-cores1,pcm_latency,l1_miss_latency,CORE2,51,35.56,ns
correlation-stream-cores1,pcm_latency,l1_miss_latency,CORE2,52,38.83,ns
correlation-stream-cores1,pcm_latency,l1_miss_latency,CORE2,53,39.66,ns
correlation-stream-cores1,pcm_latency,l1_miss_latency,CORE2,54,38.28,ns
correlation-stream-cores1,pcm_latency,l1_miss_latency,CORE2,55,37.03,ns
correlation-stream-cores1,pcm_latency,l1_miss_latency,CORE2,56,39.68,ns
correlation-stream-cores1,pcm_latency,l1_miss_latency,CORE2,57,26.75,ns
correlation-stream-cores1,pcm_latency,l1_miss_latency,CORE2,58,35.42,ns
correlation-stream-cores1,pcm_latency,l1_miss_latency,CORE2,59,27.66,ns
correlation-stream-cores1,pcm_latency,l1_miss_latency,CORE3,0,49.4,ns
correlation-stream-cores1,pcm_latency,l1_miss_latency,CORE3,1,55.76,ns
correlation-stream-cores1,pcm_latency,l1_miss_latency,CORE3,2,51.15,ns
correlation-stream-cores1,pcm_latency,l1_miss_latency,CORE3,3,57.97,ns
correlation-stream-cores1,pcm_latency,l1_miss_latency,CORE3,4,55.59,ns
correlation-stream-cores1,pcm_latency,l1_miss_latency,CORE3,5,58.49,ns
correlation-stream-cores1,pcm_latency,l1_miss_latency,CORE3,6,50.83,ns
correlation-stream-cores1,pcm_latency,l1_miss_latency,CORE3,7,56.03,ns
correlation-stream-cores1,pcm_latency,l1_miss_latency,CORE3,8,47.69,ns
correlation-stream-cores1,pcm_latency,l1_miss_latency,CORE3,9,57.3,ns
correlation-stream-cores1,pcm_latency,l1_miss_latency,CORE3,10,46.92,ns
correlation-stream-cores1,pcm_latency,l1_miss_latency,CORE3,11,55.6,ns
correlation-stream-cores1,pcm_latency,l1_miss_latency,CORE3,12,52.86,ns
correlation-stream-cores1,pcm_latency,l1_miss_latency,CORE3,13,58.02,ns
correlation-stream-cores1,pcm_latency,l1_miss_latency,CORE3,14,48.02,ns
correlation-stream-cores1,pcm_latency,l1_miss_latency,CORE3,15,55.71,ns
correlation-stream-cores1,pcm_latency,l1_miss_latency,CORE3,16,54.49,ns
correlation-stream-cores1,pcm_latency,l1_miss_latency,CORE3,17,58.24,ns
correlation-stream-cores1,pcm_latency,l1_miss_latency,CORE3,18,51.24,ns
correlation-stream-cores1,pcm_latency,l1_miss_latency,CORE3,19,58.62,ns
correlation-stream-cores1,pcm_latency,l1_miss_latency,CORE3,20,54.87,ns
correlation-stream-cores1,pcm_latency,l1_miss_latency,CORE3,21,56.6,ns
correlation-stream-cores1,pcm_latency,l1_miss_latency,CORE3,22,48.32,ns
correlation-stream-cores1,pcm_latency,l1_miss_latency,CORE3,23,45.04,ns
correlation-stream-cores1,pcm_latency,l1_miss_latency,CORE3,24,47.34,ns
correlation-stream-cores1,pcm_latency,l1_miss_latency,CORE3,25,59.89,ns
correlation-stream-cores1,pcm_latency,l1_miss_latency,CORE3,26,46.59,ns
correlation-stream-cores1,pcm_latency,l1_miss_latency,CORE3,27,48.48,ns
correlation-stream-cores1,pcm_latency,l1_miss_latency,CORE3,28,47.53,ns
correlation-stream-cores1,pcm_latency,l1_miss_latency,CORE3,29,55.97,ns
correlation-stream-cores1,pcm_latency,l1_miss_latency,CORE3,30,53.18,ns
correlation-stream-cores1,pcm_latency,l1_miss_latency,CORE3,31,54.13,ns
correlation-stream-cores1,pcm_latency,l1_miss_latency,CORE3,32,45.49,ns
correlation-stream-cores1,pcm_latency,l1_miss_latency,CORE3,33,53.96,ns
correlation-stream-cores1,pcm_latency,l1_miss_latency,CORE3,34,54.6,ns
correlation-stream-cores1,pcm_latency,l1_miss_latency,CORE3,35,59.17,ns
correlation-stream-cores1,pcm_latency,l1_miss_latency,CORE3,36,58.76,ns
correlation-stream-cores1,pcm_latency,l1_miss_latency,CORE3,37,55.34,ns
correlation-stream-cores1,pcm_latency,l1_miss_latency,CORE3,38,53.26,ns
correlation-stream-cores1,pcm_latency,l1_miss_latency,CORE3,39,54.72,ns
correlation-stream-cores1,pcm_latency,l1_miss_latency,CORE3,40,44.17,ns
correlation-stream-cores1,pcm_latency,l1_miss_latency,CORE3,41,63.15,ns
correlation-stream-cores1,pcm_latency,l1_miss_latency,CORE3,42,49.52,ns
correlation-stream-cores1,pcm_latency,l1_miss_latency,CORE3,43,53.37,ns
correlation-stream-cores1,pcm_latency,l1_miss_latency,CORE3,44,45.78,ns
correlation-stream-cores1,pcm_latency,l1_miss_latency,CORE3,45,53.32,ns
correlation-stream-cores1,pcm_latency,l1_miss_latency,CORE3,46,48.77,ns
correlation-stream-cores1,pcm_latency,l1_miss_latency,CORE3,47,49.47,ns
correlation-stream-cores1,pcm_latency,l1_miss_latency,CORE3,48,45.22,ns
correlation-stream-cores1,pcm_latency,l1_miss_latency,CORE3,49,47.94,ns
correlation-stream-cores1,pcm_latency,l1_miss_latency,CORE3,50,44.95,ns
correlation-stream-cores1,pcm_latency,l1_miss_latency,CORE3,51,47.79,ns
correlation-stream-cores1,pcm_latency,l1_miss_latency,CORE3,52,43.64,ns
correlation-stream-cores1,pcm_latency,l1_miss_latency,CORE3,53,44.73,ns
correlation-stream-cores1,pcm_latency,l1_miss_latency,CORE3,54,44.3,ns
correlation-stream-cores1,pcm_latency,l1_miss_latency,CORE3,55,45.42,ns
correlation-stream-cores1,pcm_latency,l1_miss_latency,CORE3,56,44.67,ns
correlation-stream-cores1,pcm_latency,l1_miss_latency,CORE3,57,43.26,ns
correlation-stream-cores1,pcm_latency,l1_miss_latency,CORE3,58,41.82,ns
correlation-stream-cores1,pcm_latency,l1_miss_latency,CORE3,59,37.63,ns
correlation-stream-cores1,pcm_latency,l1_miss_latency,CORE4,0,42.44,ns
correlation-stream-cores1,pcm_latency,l1_miss_latency,CORE4,1,42.45,ns
correlation-stream-cores1,pcm_latency,l1_miss_latency,CORE4,2,42.45,ns
correlation-stream-cores1,pcm_latency,l1_miss_latency,CORE4,3,42.44,ns
correlation-stream-cores1,pcm_latency,l1_miss_latency,CORE4,4,42.44,ns
correlation-stream-cores1,pcm_latency,l1_miss_latency,CORE4,5,42.43,ns
correlation-stream-cores1,pcm_latency,l1_miss_latency,CORE4,6,42.44,ns
correlation-stream-cores1,pcm_latency,l1_miss_latency,CORE4,7,42.43,ns
correlation-stream-cores1,pcm_latency,l1_miss_latency,CORE4,8,42.44,ns
correlation-stream-cores1,pcm_latency,l1_miss_latency,CORE4,9,42.43,ns
correlation-stream-cores1,pcm_latency,l1_miss_latency,CORE4,10,42.44,ns
correlation-stream-cores1,pcm_latency,l1_miss_latency,CORE4,11,42.44,ns
correlation-stream-cores1,pcm_latency,l1_miss_latency,CORE4,12,42.44,ns
correlation-stream-cores1,pcm_latency,l1_miss_latency,CORE4,13,42.44,ns
correlation-stream-cores1,pcm_latency,l1_miss_latency,CORE4,14,42.44,ns
correlation-stream-cores1,pcm_latency,l1_miss_latency,CORE4,15,42.43,ns
correlation-stream-cores1,pcm_latency,l1_miss_latency,CORE4,16,42.44,ns
correlation-stream-cores1,pcm_latency,l1_miss_latency,CORE4,17,42.43,ns
correlation-stream-cores1,pcm_latency,l1_miss_latency,CORE4,18,42.44,ns
correlation-stream-cores1,pcm_latency,l1_miss_latency,CORE4,19,42.44,ns
correlation-stream-cores1,pcm_latency,l1_miss_latency,CORE4,20,42.44,ns
correlation-stream-cores1,pcm_latency,l1_miss_latency,CORE4,21,42.45,ns
correlation-stream-cores1,pcm_latency,l1_miss_latency,CORE4,22,42.44,ns
correlation-stream-cores1,pcm_latency,l1_miss_latency,CORE4,23,42.46,ns
correlation-stream-cores1,pcm_latency,l1_miss_latency,CORE4,24,42.47,ns
correlation-stream-cores1,pcm_latency,l1_miss_latency,CORE4,25,42.45,ns
correlation-stream-cores1,pcm_latency,l1_miss_latency,CORE4,26,42.44,ns
correlation-stream-cores1,pcm_latency,l1_miss_latency,CORE4,27,42.49,ns
correlation-stream-cores1,pcm_latency,l1_miss_latency,CORE4,28,42.45,ns
correlation-stream-cores1,pcm_latency,l1_miss_latency,CORE4,29,42.45,ns
correlation-stream-cores1,pcm_latency,l1_miss_latency,CORE4,30,42.45,ns
correlation-stream-cores1,pcm_latency,l1_miss_latency,CORE4,31,42.45,ns
correlation-stream-cores1,pcm_latency,l1_miss_latency,CORE4,32,42.46,ns
correlation-stream-cores1,pcm_latency,l1_miss_latency,CORE4,33,42.44,ns
correlation-stream-cores1,pcm_latency,l1_miss_latency,CORE4,34,42.45,ns
correlation-stream-cores1,pcm_latency,l1_miss_latency,CORE4,35,42.45,ns
correlation-stream-cores1,pcm_latency,l1_miss_latency,CORE4,36,42.44,ns
correlation-stream-cores1,pcm_latency,l1_miss_latency,CORE4,37,42.45,ns
correlation-stream-cores1,pcm_latency,l1_miss_latency,CORE4,38,42.44,ns
correlation-stream-cores1,pcm_latency,l1_miss_latency,CORE4,39,42.43,ns
correlation-stream-cores1,pcm_latency,l1_miss_latency,CORE4,40,42.44,ns
correlation-stream-cores1,pcm_latency,l1_miss_latency,CORE4,41,42.44,ns
correlation-stream-cores1,pcm_latency,l1_miss_latency,CORE4,42,42.44,ns
correlation-stream-cores1,pcm_latency,l1_miss_latency,CORE4,43,42.44,ns
correlation-stream-cores1,pcm_latency,l1_miss_latency,CORE4,44,42.44,ns
correlation-stream-cores1,pcm_latency,l1_miss_latency,CORE4,45,42.44,ns
correlation-stream-cores1,pcm_latency,l1_miss_latency,CORE4,46,42.44,ns
correlation-stream-cores1,pcm_latency,l1_miss_latency,CORE4,47,42.47,ns
correlation-stream-cores1,pcm_latency,l1_miss_latency,CORE4,48,42.44,ns
correlation-stream-cores1,pcm_latency,l1_miss_latency,CORE4,49,42.44,ns
correlation-stream-cores1,pcm_latency,l1_miss_latency,CORE4,50,42.44,ns
correlation-stream-cores1,pcm_latency,l1_miss_latency,CORE4,51,42.44,ns
correlation-stream-cores1,pcm_latency,l1_miss_latency,CORE4,52,42.44,ns
correlation-stream-cores1,pcm_latency,l1_miss_latency,CORE4,53,42.45,ns
correlation-stream-cores1,pcm_latency,l1_miss_latency,CORE4,54,42.44,ns
correlation-stream-cores1,pcm_latency,l1_miss_latency,CORE4,55,42.44,ns
correlation-stream-cores1,pcm_latency,l1_miss_latency,CORE4,56,42.45,ns
correlation-stream-cores1,pcm_latency,l1_miss_latency,CORE4,57,42.46,ns
correlation-stream-cores1,pcm_latency,l1_miss_latency,CORE4,58,42.44,ns
correlation-stream-cores1,pcm_latency,l1_miss_latency,CORE4,59,42.46,ns
correlation-stream-cores1,pcm_latency,l1_miss_latency,CORE5,0,36.11,ns
correlation-stream-cores1,pcm_latency,l1_miss_latency,CORE5,1,36.85,ns
correlation-stream-cores1,pcm_latency,l1_miss_latency,CORE5,2,39.08,ns
correlation-stream-cores1,pcm_latency,l1_miss_latency,CORE5,3,40.72,ns
correlation-stream-cores1,pcm_latency,l1_miss_latency,CORE5,4,41.38,ns
correlation-stream-cores1,pcm_latency,l1_miss_latency,CORE5,5,43.23,ns
correlation-stream-cores1,pcm_latency,l1_miss_latency,CORE5,6,41.01,ns
correlation-stream-cores1,pcm_latency,l1_miss_latency,CORE5,7,38.61,ns
correlation-stream-cores1,pcm_latency,l1_miss_latency,CORE5,8,19.6,ns
correlation-stream-cores1,pcm_latency,l1_miss_latency,CORE5,9,39.91,ns
correlation-stream-cores1,pcm_latency,l1_miss_latency,CORE5,10,39.25,ns
correlation-stream-cores1,pcm_latency,l1_miss_latency,CORE5,11,39.3,ns
correlation-stream-cores1,pcm_latency,l1_miss_latency,CORE5,12,21.71,ns
correlation-stream-cores1,pcm_latency,l1_miss_latency,CORE5,13,38.8,ns
correlation-stream-cores1,pcm_latency,l1_miss_latency,CORE5,14,40.31,ns
correlation-stream-cores1,pcm_latency,l1_miss_latency,CORE5,15,21.36,ns
correlation-stream-cores1,pcm_latency,l1_miss_latency,CORE5,16,41.01,ns
correlation-stream-cores1,pcm_latency,l1_miss_latency,CORE5,17,34.36,ns
correlation-stream-cores1,pcm_latency,l1_miss_latency,CORE5,18,42.82,ns
correlation-stream-cores1,pcm_latency,l1_miss_latency,CORE5,19,26.11,ns
correlation-stream-cores1,pcm_latency,l1_miss_latency,CORE5,20,43.39,ns
correlation-stream-cores1,pcm_latency,l1_miss_latency,CORE5,21,42.9,ns
correlation-stream-cores1,pcm_latency,l1_miss_latency,CORE5,22,27.29,ns
correlation-stream-cores1,pcm_latency,l1_miss_latency,CORE5,23,33.14,ns
correlation-stream-cores1,pcm_latency,l1_miss_latency,CORE5,24,26.32,ns
correlation-stream-cores1,pcm_latency,l1_miss_latency,CORE5,25,38.28,ns
correlation-stream-cores1,pcm_latency,l1_miss_latency,CORE5,26,42.8,ns
correlation-stream-cores1,pcm_latency,l1_miss_latency,CORE5,27,38.02,ns
correlation-stream-cores1,pcm_latency,l1_miss_latency,CORE5,28,40.16,ns
correlation-stream-cores1,pcm_latency,l1_miss_latency,CORE5,29,38.41,ns
correlation-stream-cores1,pcm_latency,l1_miss_latency,CORE5,30,38.29,ns
correlation-stream-cores1,pcm_latency,l1_miss_latency,CORE5,31,36.67,ns
correlation-stream-cores1,pcm_latency,l1_miss_latency,CORE5,32,41.64,ns
correlation-stream-cores1,pcm_latency,l1_miss_latency,CORE5,33,38.52,ns
correlation-stream-cores1,pcm_latency,l1_miss_latency,CORE5,34,39.58,ns
correlation-stream-cores1,pcm_latency,l1_miss_latency,CORE5,35,38.14,ns
correlation-stream-cores1,pcm_latency,l1_miss_latency,CORE5,36,35.82,ns
correlation-stream-cores1,pcm_latency,l1_miss_latency,CORE5,37,35.4,ns
correlation-stream-cores1,pcm_latency,l1_miss_latency,CORE5,38,37.07,ns
correlation-stream-cores1,pcm_latency,l1_miss_latency,CORE5,39,40.8,ns
correlation-stream-cores1,pcm_latency,l1_miss_latency,CORE5,40,41.7,ns
correlation-stream-cores1,pcm_latency,l1_miss_latency,CORE5,41,39.88,ns
correlation-stream-cores1,pcm_latency,l1_miss_latency,CORE5,42,42.77,ns
correlation-stream-cores1,pcm_latency,l1_miss_latency,CORE5,43,34.51,ns
correlation-stream-cores1,pcm_latency,l1_miss_latency,CORE5,44,38.64,ns
correlation-stream-cores1,pcm_latency,l1_miss_latency,CORE5,45,36.26,ns
correlation-stream-cores1,pcm_latency,l1_miss_latency,CORE5,46,43.81,ns
correlation-stream-cores1,pcm_latency,l1_miss_latency,CORE5,47,39.12,ns
correlation-stream-cores1,pcm_latency,l1_miss_latency,CORE5,48,38.12,ns
correlation-stream-cores1,pcm_latency,l1_miss_latency,CORE5,49,41.36,ns
correlation-stream-cores1,pcm_latency,l1_miss_latency,CORE5,50,46.74,ns
correlation-stream-cores1,pcm_latency,l1_miss_latency,CORE5,51,46.05,ns
correlation-stream-cores1,pcm_latency,l1_miss_latency,CORE5,52,49.07,ns
correlation-stream-cores1,pcm_latency,l1_miss_latency,CORE5,53,36.12,ns
correlation-stream-cores1,pcm_latency,l1_miss_latency,CORE5,54,37.67,ns
correlation-stream-cores1,pcm_latency,l1_miss_latency,CORE5,55,38.97,ns
correlation-stream-cores1,pcm_latency,l1_miss_latency,CORE5,56,38.57,ns
correlation-stream-cores1,pcm_latency,l1_miss_latency,CORE5,57,29.21,ns
correlation-stream-cores1,pcm_latency,l1_miss_latency,CORE5,58,40.31,ns
correlation-stream-cores1,pcm_latency,l1_miss_latency,CORE5,59,41.01,ns
correlation-stream-cores1,pcm_latency,l1_miss_latency,CORE6,0,38.01,ns
correlation-stream-cores1,pcm_latency,l1_miss_latency,CORE6,1,46.48,ns
correlation-stream-cores1,pcm_latency,l1_miss_latency,CORE6,2,41.68,ns
correlation-stream-cores1,pcm_latency,l1_miss_latency,CORE6,3,45.12,ns
correlation-stream-cores1,pcm_latency,l1_miss_latency,CORE6,4,40.49,ns
correlation-stream-cores1,pcm_latency,l1_miss_latency,CORE6,5,42.81,ns
correlation-stream-cores1,pcm_latency,l1_miss_latency,CORE6,6,41.69,ns
correlation-stream-cores1,pcm_latency,l1_miss_latency,CORE6,7,42.89,ns
correlation-stream-cores1,pcm_latency,l1_miss_latency,CORE6,8,45.64,ns
correlation-stream-cores1,pcm_latency,l1_miss_latency,CORE6,9,46.56,ns
correlation-stream-cores1,pcm_latency,l1_miss_latency,CORE6,10,38.75,ns
correlation-stream-cores1,pcm_latency,l1_miss_latency,CORE6,11,45.23,ns
correlation-stream-cores1,pcm_latency,l1_miss_latency,CORE6,12,43.71,ns
correlation-stream-cores1,pcm_latency,l1_miss_latency,CORE6,13,47.27,ns
correlation-stream-cores1,pcm_latency,l1_miss_latency,CORE6,14,42.22,ns
correlation-stream-cores1,pcm_latency,l1_miss_latency,CORE6,15,42.27,ns
correlation-stream-cores1,pcm_latency,l1_miss_latency,CORE6,16,45.3,ns
correlation-stream-cores1,pcm_latency,l1_miss_latency,CORE6,17,45.49,ns
correlation-stream-cores1,pcm_latency,l1_miss_latency,CORE6,18,41.26,ns
correlation-stream-cores1,pcm_latency,l1_miss_latency,CORE6,19,44.0,ns
correlation-stream-cores1,pcm_latency,l1_miss_latency,CORE6,20,44.12,ns
correlation-stream-cores1,pcm_latency,l1_miss_latency,CORE6,21,42.43,ns
correlation-stream-cores1,pcm_latency,l1_miss_latency,CORE6,22,43.73,ns
correlation-stream-cores1,pcm_latency,l1_miss_latency,CORE6,23,29.8,ns
correlation-stream-cores1,pcm_latency,l1_miss_latency,CORE6,24,46.92,ns
correlation-stream-cores1,pcm_latency,l1_miss_latency,CORE6,25,42.48,ns
correlation-stream-cores1,pcm_latency,l1_miss_latency,CORE6,26,41.64,ns
correlation-stream-cores1,pcm_latency,l1_miss_latency,CORE6,27,40.29,ns
correlation-stream-cores1,pcm_latency,l1_miss_latency,CORE6,28,41.99,ns
correlation-stream-cores1,pcm_latency,l1_miss_latency,CORE6,29,41.65,ns
correlation-stream-cores1,pcm_latency,l1_miss_latency,CORE6,30,47.03,ns
correlation-stream-cores1,pcm_latency,l1_miss_latency,CORE6,31,43.61,ns
correlation-stream-cores1,pcm_latency,l1_miss_latency,CORE6,32,41.66,ns
correlation-stream-cores1,pcm_latency,l1_miss_latency,CORE6,33,43.28,ns
correlation-stream-cores1,pcm_latency,l1_miss_latency,CORE6,34,42.37,ns
correlation-stream-cores1,pcm_latency,l1_miss_latency,CORE6,35,46.36,ns
correlation-stream-cores1,pcm_latency,l1_miss_latency,CORE6,36,42.51,ns
correlation-stream-cores1,pcm_latency,l1_miss_latency,CORE6,37,45.33,ns
correlation-stream-cores1,pcm_latency,l1_miss_latency,CORE6,38,48.71,ns
correlation-stream-cores1,pcm_latency,l1_miss_latency,CORE6,39,41.73,ns
correlation-stream-cores1,pcm_latency,l1_miss_latency,CORE6,40,43.3,ns
correlation-stream-cores1,pcm_latency,l1_miss_latency,CORE6,41,40.6,ns
correlation-stream-cores1,pcm_latency,l1_miss_latency,CORE6,42,45.82,ns
correlation-stream-cores1,pcm_latency,l1_miss_latency,CORE6,43,39.85,ns
correlation-stream-cores1,pcm_latency,l1_miss_latency,CORE6,44,46.17,ns
correlation-stream-cores1,pcm_latency,l1_miss_latency,CORE6,45,41.93,ns
correlation-stream-cores1,pcm_latency,l1_miss_latency,CORE6,46,43.7,ns
correlation-stream-cores1,pcm_latency,l1_miss_latency,CORE6,47,45.37,ns
correlation-stream-cores1,pcm_latency,l1_miss_latency,CORE6,48,45.1,ns
correlation-stream-cores1,pcm_latency,l1_miss_latency,CORE6,49,45.66,ns
correlation-stream-cores1,pcm_latency,l1_miss_latency,CORE6,50,48.23,ns
correlation-stream-cores1,pcm_latency,l1_miss_latency,CORE6,51,41.14,ns
correlation-stream-cores1,pcm_latency,l1_miss_latency,CORE6,52,43.78,ns
correlation-stream-cores1,pcm_latency,l1_miss_latency,CORE6,53,43.3,ns
correlation-stream-cores1,pcm_latency,l1_miss_latency,CORE6,54,42.32,ns
correlation-stream-cores1,pcm_latency,l1_miss_latency,CORE6,55,41.42,ns
correlation-stream-cores1,pcm_latency,l1_miss_latency,CORE6,56,43.56,ns
correlation-stream-cores1,pcm_latency,l1_miss_latency,CORE6,57,42.53,ns
correlation-stream-cores1,pcm_latency,l1_miss_latency,CORE6,58,43.86,ns
correlation-stream-cores1,pcm_latency,l1_miss_latency,CORE6,59,48.25,ns
correlation-stream-cores1,pcm_latency,l1_miss_latency,CORE7,0,35.13,ns
correlation-stream-cores1,pcm_latency,l1_miss_latency,CORE7,1,35.74,ns
correlation-stream-cores1,pcm_latency,l1_miss_latency,CORE7,2,35.72,ns
correlation-stream-cores1,pcm_latency,l1_miss_latency,CORE7,3,39.33,ns
correlation-stream-cores1,pcm_latency,l1_miss_latency,CORE7,4,35.54,ns
correlation-stream-cores1,pcm_latency,l1_miss_latency,CORE7,5,34.94,ns
correlation-stream-cores1,pcm_latency,l1_miss_latency,CORE7,6,34.44,ns
correlation-stream-cores1,pcm_latency,l1_miss_latency,CORE7,7,33.38,ns
correlation-stream-cores1,pcm_latency,l1_miss_latency,CORE7,8,30.83,ns
correlation-stream-cores1,pcm_latency,l1_miss_latency,CORE7,9,36.39,ns
correlation-stream-cores1,pcm_latency,l1_miss_latency,CORE7,10,31.83,ns
correlation-stream-cores1,pcm_latency,l1_miss_latency,CORE7,11,37.09,ns
correlation-stream-cores1,pcm_latency,l1_miss_latency,CORE7,12,36.8,ns
correlation-stream-cores1,pcm_latency,l1_miss_latency,CORE7,13,37.45,ns
correlation-stream-cores1,pcm_latency,l1_miss_latency,CORE7,14,35.85,ns
correlation-stream-cores1,pcm_latency,l1_miss_latency,CORE7,15,37.29,ns
correlation-stream-cores1,pcm_latency,l1_miss_latency,CORE7,16,35.37,ns
correlation-stream-cores1,pcm_latency,l1_miss_latency,CORE7,17,45.82,ns
correlation-stream-cores1,pcm_latency,l1_miss_latency,CORE7,18,45.71,ns
correlation-stream-cores1,pcm_latency,l1_miss_latency,CORE7,19,49.67,ns
correlation-stream-cores1,pcm_latency,l1_miss_latency,CORE7,20,46.48,ns
correlation-stream-cores1,pcm_latency,l1_miss_latency,CORE7,21,47.54,ns
correlation-stream-cores1,pcm_latency,l1_miss_latency,CORE7,22,45.73,ns
correlation-stream-cores1,pcm_latency,l1_miss_latency,CORE7,23,33.0,ns
correlation-stream-cores1,pcm_latency,l1_miss_latency,CORE7,24,46.38,ns
correlation-stream-cores1,pcm_latency,l1_miss_latency,CORE7,25,47.0,ns
correlation-stream-cores1,pcm_latency,l1_miss_latency,CORE7,26,44.68,ns
correlation-stream-cores1,pcm_latency,l1_miss_latency,CORE7,27,46.3,ns
correlation-stream-cores1,pcm_latency,l1_miss_latency,CORE7,28,46.17,ns
correlation-stream-cores1,pcm_latency,l1_miss_latency,CORE7,29,49.76,ns
correlation-stream-cores1,pcm_latency,l1_miss_latency,CORE7,30,45.67,ns
correlation-stream-cores1,pcm_latency,l1_miss_latency,CORE7,31,45.54,ns
correlation-stream-cores1,pcm_latency,l1_miss_latency,CORE7,32,49.34,ns
correlation-stream-cores1,pcm_latency,l1_miss_latency,CORE7,33,49.81,ns
correlation-stream-cores1,pcm_latency,l1_miss_latency,CORE7,34,46.09,ns
correlation-stream-cores1,pcm_latency,l1_miss_latency,CORE7,35,45.99,ns
correlation-stream-cores1,pcm_latency,l1_miss_latency,CORE7,36,46.97,ns
correlation-stream-cores1,pcm_latency,l1_miss_latency,CORE7,37,43.41,ns
correlation-stream-cores1,pcm_latency,l1_miss_latency,CORE7,38,44.18,ns
correlation-stream-cores1,pcm_latency,l1_miss_latency,CORE7,39,43.5,ns
correlation-stream-cores1,pcm_latency,l1_miss_latency,CORE7,40,42.35,ns
correlation-stream-cores1,pcm_latency,l1_miss_latency,CORE7,41,42.78,ns
correlation-stream-cores1,pcm_latency,l1_miss_latency,CORE7,42,46.0,ns
correlation-stream-cores1,pcm_latency,l1_miss_latency,CORE7,43,44.12,ns
correlation-stream-cores1,pcm_latency,l1_miss_latency,CORE7,44,43.2,ns
correlation-stream-cores1,pcm_latency,l1_miss_latency,CORE7,45,42.46,ns
correlation-stream-cores1,pcm_latency,l1_miss_latency,CORE7,46,42.71,ns
correlation-stream-cores1,pcm_latency,l1_miss_latency,CORE7,47,41.59,ns
correlation-stream-cores1,pcm_latency,l1_miss_latency,CORE7,48,41.0,ns
correlation-stream-cores1,pcm_latency,l1_miss_latency,CORE7,49,43.74,ns
correlation-stream-cores1,pcm_latency,l1_miss_latency,CORE7,50,44.48,ns
correlation-stream-cores1,pcm_latency,l1_miss_latency,CORE7,51,42.52,ns
correlation-stream-cores1,pcm_latency,l1_miss_latency,CORE7,52,47.39,ns
correlation-stream-cores1,pcm_latency,l1_miss_latency,CORE7,53,47.43,ns
correlation-stream-cores1,pcm_latency,l1_miss_latency,CORE7,54,44.67,ns
correlation-stream-cores1,pcm_latency,l1_miss_latency,CORE7,55,41.58,ns
correlation-stream-cores1,pcm_latency,l1_miss_latency,CORE7,56,46.9,ns
correlation-stream-cores1,pcm_latency,l1_miss_latency,CORE7,57,46.01,ns
correlation-stream-cores1,pcm_latency,l1_miss_latency,CORE7,58,44.63,ns
correlation-stream-cores1,pcm_latency,l1_miss_latency,CORE7,59,42.95,ns
correlation-stream-cores1,pcm_latency,l1_miss_latency,CORE8,0,33.71,ns
correlation-stream-cores1,pcm_latency,l1_miss_latency,CORE8,1,36.42,ns
correlation-stream-cores1,pcm_latency,l1_miss_latency,CORE8,2,40.2,ns
correlation-stream-cores1,pcm_latency,l1_miss_latency,CORE8,3,36.43,ns
correlation-stream-cores1,pcm_latency,l1_miss_latency,CORE8,4,37.14,ns
correlation-stream-cores1,pcm_latency,l1_miss_latency,CORE8,5,39.16,ns
correlation-stream-cores1,pcm_latency,l1_miss_latency,CORE8,6,35.63,ns
correlation-stream-cores1,pcm_latency,l1_miss_latency,CORE8,7,40.61,ns
correlation-stream-cores1,pcm_latency,l1_miss_latency,CORE8,8,37.93,ns
correlation-stream-cores1,pcm_latency,l1_miss_latency,CORE8,9,33.91,ns
correlation-stream-cores1,pcm_latency,l1_miss_latency,CORE8,10,34.97,ns
correlation-stream-cores1,pcm_latency,l1_miss_latency,CORE8,11,38.52,ns
correlation-stream-cores1,pcm_latency,l1_miss_latency,CORE8,12,35.98,ns
correlation-stream-cores1,pcm_latency,l1_miss_latency,CORE8,13,37.31,ns
correlation-stream-cores1,pcm_latency,l1_miss_latency,CORE8,14,39.4,ns
correlation-stream-cores1,pcm_latency,l1_miss_latency,CORE8,15,37.36,ns
correlation-stream-cores1,pcm_latency,l1_miss_latency,CORE8,16,39.1,ns
correlation-stream-cores1,pcm_latency,l1_miss_latency,CORE8,17,37.5,ns
correlation-stream-cores1,pcm_latency,l1_miss_latency,CORE8,18,37.77,ns
correlation-stream-cores1,pcm_latency,l1_miss_latency,CORE8,19,39.44,ns
correlation-stream-cores1,pcm_latency,l1_miss_latency,CORE8,20,38.75,ns
correlation-stream-cores1,pcm_latency,l1_miss_latency,CORE8,21,36.96,ns
correlation-stream-cores1,pcm_latency,l1_miss_latency,CORE8,22,38.11,ns
correlation-stream-cores1,pcm_latency,l1_miss_latency,CORE8,23,26.97,ns
correlation-stream-cores1,pcm_latency,l1_miss_latency,CORE8,24,35.93,ns
correlation-stream-cores1,pcm_latency,l1_miss_latency,CORE8,25,37.76,ns
correlation-stream-cores1,pcm_latency,l1_miss_latency,CORE8,26,34.24,ns
correlation-stream-cores1,pcm_latency,l1_miss_latency,CORE8,27,40.37,ns
correlation-stream-cores1,pcm_latency,l1_miss_latency,CORE8,28,37.74,ns
correlation-stream-cores1,pcm_latency,l1_miss_latency,CORE8,29,36.78,ns
correlation-stream-cores1,pcm_latency,l1_miss_latency,CORE8,30,34.7,ns
correlation-stream-cores1,pcm_latency,l1_miss_latency,CORE8,31,37.03,ns
correlation-stream-cores1,pcm_latency,l1_miss_latency,CORE8,32,40.56,ns
correlation-stream-cores1,pcm_latency,l1_miss_latency,CORE8,33,38.97,ns
correlation-stream-cores1,pcm_latency,l1_miss_latency,CORE8,34,39.15,ns
correlation-stream-cores1,pcm_latency,l1_miss_latency,CORE8,35,38.47,ns
correlation-stream-cores1,pcm_latency,l1_miss_latency,CORE8,36,36.55,ns
correlation-stream-cores1,pcm_latency,l1_miss_latency,CORE8,37,34.3,ns
correlation-stream-cores1,pcm_latency,l1_miss_latency,CORE8,38,35.3,ns
correlation-stream-cores1,pcm_latency,l1_miss_latency,CORE8,39,37.41,ns
correlation-stream-cores1,pcm_latency,l1_miss_latency,CORE8,40,41.58,ns
correlation-stream-cores1,pcm_latency,l1_miss_latency,CORE8,41,37.07,ns
correlation-stream-cores1,pcm_latency,l1_miss_latency,CORE8,42,40.19,ns
correlation-stream-cores1,pcm_latency,l1_miss_latency,CORE8,43,37.28,ns
correlation-stream-cores1,pcm_latency,l1_miss_latency,CORE8,44,35.95,ns
correlation-stream-cores1,pcm_latency,l1_miss_latency,CORE8,45,34.58,ns
correlation-stream-cores1,pcm_latency,l1_miss_latency,CORE8,46,36.7,ns
correlation-stream-cores1,pcm_latency,l1_miss_latency,CORE8,47,40.87,ns
correlation-stream-cores1,pcm_latency,l1_miss_latency,CORE8,48,37.46,ns
correlation-stream-cores1,pcm_latency,l1_miss_latency,CORE8,49,37.27,ns
correlation-stream-cores1,pcm_latency,l1_miss_latency,CORE8,50,36.65,ns
correlation-stream-cores1,pcm_latency,l1_miss_latency,CORE8,51,34.75,ns
correlation-stream-cores1,pcm_latency,l1_miss_latency,CORE8,52,36.51,ns
correlation-stream-cores1,pcm_latency,l1_miss_latency,CORE8,53,38.91,ns
correlation-stream-cores1,pcm_latency,l1_miss_latency,CORE8,54,35.96,ns
correlation-stream-cores1,pcm_latency,l1_miss_latency,CORE8,55,40.01,ns
correlation-stream-cores1,pcm_latency,l1_miss_latency,CORE8,56,38.99,ns
correlation-stream-cores1,pcm_latency,l1_miss_latency,CORE8,57,35.69,ns
correlation-stream-cores1,pcm_latency,l1_miss_latency,CORE8,58,37.49,ns
correlation-stream-cores1,pcm_latency,l1_miss_latency,CORE8,59,37.04,ns
correlation-stream-cores1,pcm_latency,l1_miss_latency,CORE9,0,54.09,ns
correlation-stream-cores1,pcm_latency,l1_miss_latency,CORE9,1,54.57,ns
correlation-stream-cores1,pcm_latency,l1_miss_latency,CORE9,2,53.65,ns
correlation-stream-cores1,pcm_latency,l1_miss_latency,CORE9,3,56.47,ns
correlation-stream-cores1,pcm_latency,l1_miss_latency,CORE9,4,55.52,ns
correlation-stream-cores1,pcm_latency,l1_miss_latency,CORE9,5,53.99,ns
correlation-stream-cores1,pcm_latency,l1_miss_latency,CORE9,6,56.27,ns
correlation-stream-cores1,pcm_latency,l1_miss_latency,CORE9,7,55.64,ns
correlation-stream-cores1,pcm_latency,l1_miss_latency,CORE9,8,56.54,ns
correlation-stream-cores1,pcm_latency,l1_miss_latency,CORE9,9,54.18,ns
correlation-stream-cores1,pcm_latency,l1_miss_latency,CORE9,10,55.13,ns
correlation-stream-cores1,pcm_latency,l1_miss_latency,CORE9,11,56.37,ns
correlation-stream-cores1,pcm_latency,l1_miss_latency,CORE9,12,56.67,ns
correlation-stream-cores1,pcm_latency,l1_miss_latency,CORE9,13,55.73,ns
correlation-stream-cores1,pcm_latency,l1_miss_latency,CORE9,14,54.62,ns
correlation-stream-cores1,pcm_latency,l1_miss_latency,CORE9,15,56.31,ns
correlation-stream-cores1,pcm_latency,l1_miss_latency,CORE9,16,55.82,ns
correlation-stream-cores1,pcm_latency,l1_miss_latency,CORE9,17,37.23,ns
correlation-stream-cores1,pcm_latency,l1_miss_latency,CORE9,18,38.34,ns
correlation-stream-cores1,pcm_latency,l1_miss_latency,CORE9,19,43.36,ns
correlation-stream-cores1,pcm_latency,l1_miss_latency,CORE9,20,40.63,ns
correlation-stream-cores1,pcm_latency,l1_miss_latency,CORE9,21,38.51,ns
correlation-stream-cores1,pcm_latency,l1_miss_latency,CORE9,22,41.5,ns
correlation-stream-cores1,pcm_latency,l1_miss_latency,CORE9,23,29.5,ns
correlation-stream-cores1,pcm_latency,l1_miss_latency,CORE9,24,38.32,ns
correlation-stream-cores1,pcm_latency,l1_miss_latency,CORE9,25,37.75,ns
correlation-stream-cores1,pcm_latency,l1_miss_latency,CORE9,26,39.96,ns
correlation-stream-cores1,pcm_latency,l1_miss_latency,CORE9,27,8.65,ns
correlation-stream-cores1,pcm_latency,l1_miss_latency,CORE9,28,44.58,ns
correlation-stream-cores1,pcm_latency,l1_miss_latency,CORE9,29,39.74,ns
correlation-stream-cores1,pcm_latency,l1_miss_latency,CORE9,30,37.73,ns
correlation-stream-cores1,pcm_latency,l1_miss_latency,CORE9,31,38.34,ns
correlation-stream-cores1,pcm_latency,l1_miss_latency,CORE9,32,38.78,ns
correlation-stream-cores1,pcm_latency,l1_miss_latency,CORE9,33,40.96,ns
correlation-stream-cores1,pcm_latency,l1_miss_latency,CORE9,34,39.36,ns
correlation-stream-cores1,pcm_latency,l1_miss_latency,CORE9,35,38.49,ns
correlation-stream-cores1,pcm_latency,l1_miss_latency,CORE9,36,35.67,ns
correlation-stream-cores1,pcm_latency,l1_miss_latency,CORE9,37,37.84,ns
correlation-stream-cores1,pcm_latency,l1_miss_latency,CORE9,38,41.64,ns
correlation-stream-cores1,pcm_latency,l1_miss_latency,CORE9,39,38.88,ns
correlation-stream-cores1,pcm_latency,l1_miss_latency,CORE9,40,43.63,ns
correlation-stream-cores1,pcm_latency,l1_miss_latency,CORE9,41,37.0,ns
correlation-stream-cores1,pcm_latency,l1_miss_latency,CORE9,42,41.2,ns
correlation-stream-cores1,pcm_latency,l1_miss_latency,CORE9,43,43.85,ns
correlation-stream-cores1,pcm_latency,l1_miss_latency,CORE9,44,42.52,ns
correlation-stream-cores1,pcm_latency,l1_miss_latency,CORE9,45,39.49,ns
correlation-stream-cores1,pcm_latency,l1_miss_latency,CORE9,46,37.46,ns
correlation-stream-cores1,pcm_latency,l1_miss_latency,CORE9,47,38.63,ns
correlation-stream-cores1,pcm_latency,l1_miss_latency,CORE9,48,41.76,ns
correlation-stream-cores1,pcm_latency,l1_miss_latency,CORE9,49,39.33,ns
correlation-stream-cores1,pcm_latency,l1_miss_latency,CORE9,50,41.45,ns
correlation-stream-cores1,pcm_latency,l1_miss_latency,CORE9,51,43.76,ns
correlation-stream-cores1,pcm_latency,l1_miss_latency,CORE9,52,38.67,ns
correlation-stream-cores1,pcm_latency,l1_miss_latency,CORE9,53,39.02,ns
correlation-stream-cores1,pcm_latency,l1_miss_latency,CORE9,54,40.41,ns
correlation-stream-cores1,pcm_latency,l1_miss_latency,CORE9,55,42.23,ns
correlation-stream-cores1,pcm_latency,l1_miss_latency,CORE9,56,41.39,ns
correlation-stream-cores1,pcm_latency,l1_miss_latency,CORE9,57,40.92,ns
correlation-stream-cores1,pcm_latency,l1_miss_latency,CORE9,58,39.89,ns
correlation-stream-cores1,pcm_latency,l1_miss_latency,CORE9,59,38.17,ns
correlation-stream-cores1,pcm_latency,l1_miss_latency,CORE10,0,34.06,ns
correlation-stream-cores1,pcm_latency,l1_miss_latency,CORE10,1,34.09,ns
correlation-stream-cores1,pcm_latency,l1_miss_latency,CORE10,2,37.46,ns
correlation-stream-cores1,pcm_latency,l1_miss_latency,CORE10,3,37.51,ns
correlation-stream-cores1,pcm_latency,l1_miss_latency,CORE10,4,38.61,ns
correlation-stream-cores1,pcm_latency,l1_miss_latency,CORE10,5,40.4,ns
correlation-stream-cores1,pcm_latency,l1_miss_latency,CORE10,6,37.63,ns
correlation-stream-cores1,pcm_latency,l1_miss_latency,CORE10,7,38.31,ns
correlation-stream-cores1,pcm_latency,l1_miss_latency,CORE10,8,39.23,ns
correlation-stream-cores1,pcm_latency,l1_miss_latency,CORE10,9,35.33,ns
correlation-stream-cores1,pcm_latency,l1_miss_latency,CORE10,10,38.19,ns
correlation-stream-cores1,pcm_latency,l1_miss_latency,CORE10,11,37.99,ns
correlation-stream-cores1,pcm_latency,l1_miss_latency,CORE10,12,34.45,ns
correlation-stream-cores1,pcm_latency,l1_miss_latency,CORE10,13,52.23,ns
correlation-stream-cores1,pcm_latency,l1_miss_latency,CORE10,14,41.82,ns
correlation-stream-cores1,pcm_latency,l1_miss_latency,CORE10,15,38.03,ns
correlation-stream-cores1,pcm_latency,l1_miss_latency,CORE10,16,44.23,ns
correlation-stream-cores1,pcm_latency,l1_miss_latency,CORE10,17,37.5,ns
correlation-stream-cores1,pcm_latency,l1_miss_latency,CORE10,18,37.27,ns
correlation-stream-cores1,pcm_latency,l1_miss_latency,CORE10,19,42.87,ns
correlation-stream-cores1,pcm_latency,l1_miss_latency,CORE10,20,36.32,ns
correlation-stream-cores1,pcm_latency,l1_miss_latency,CORE10,21,35.96,ns
correlation-stream-cores1,pcm_latency,l1_miss_latency,CORE10,22,39.53,ns
correlation-stream-cores1,pcm_latency,l1_miss_latency,CORE10,23,23.07,ns
correlation-stream-cores1,pcm_latency,l1_miss_latency,CORE10,24,34.99,ns
correlation-stream-cores1,pcm_latency,l1_miss_latency,CORE10,25,34.13,ns
correlation-stream-cores1,pcm_latency,l1_miss_latency,CORE10,26,37.67,ns
correlation-stream-cores1,pcm_latency,l1_miss_latency,CORE10,27,36.37,ns
correlation-stream-cores1,pcm_latency,l1_miss_latency,CORE10,28,38.02,ns
correlation-stream-cores1,pcm_latency,l1_miss_latency,CORE10,29,37.34,ns
correlation-stream-cores1,pcm_latency,l1_miss_latency,CORE10,30,35.91,ns
correlation-stream-cores1,pcm_latency,l1_miss_latency,CORE10,31,38.19,ns
correlation-stream-cores1,pcm_latency,l1_miss_latency,CORE10,32,36.35,ns
correlation-stream-cores1,pcm_latency,l1_miss_latency,CORE10,33,32.04,ns
correlation-stream-cores1,pcm_latency,l1_miss_latency,CORE10,34,39.41,ns
correlation-stream-cores1,pcm_latency,l1_miss_latency,CORE10,35,36.59,ns
correlation-stream-cores1,pcm_latency,l1_miss_latency,CORE10,36,37.73,ns
correlation-stream-cores1,pcm_latency,l1_miss_latency,CORE10,37,39.27,ns
correlation-stream-cores1,pcm_latency,l1_miss_latency,CORE10,38,35.8,ns
correlation-stream-cores1,pcm_latency,l1_miss_latency,CORE10,39,37.51,ns
correlation-stream-cores1,pcm_latency,l1_miss_latency,CORE10,40,41.76,ns
correlation-stream-cores1,pcm_latency,l1_miss_latency,CORE10,41,34.94,ns
correlation-stream-cores1,pcm_latency,l1_miss_latency,CORE10,42,34.56,ns
correlation-stream-cores1,pcm_latency,l1_miss_latency,CORE10,43,51.17,ns
correlation-stream-cores1,pcm_latency,l1_miss_latency,CORE10,44,36.36,ns
correlation-stream-cores1,pcm_latency,l1_miss_latency,CORE10,45,35.84,ns
correlation-stream-cores1,pcm_latency,l1_miss_latency,CORE10,46,33.76,ns
correlation-stream-cores1,pcm_latency,l1_miss_latency,CORE10,47,42.86,ns
correlation-stream-cores1,pcm_latency,l1_miss_latency,CORE10,48,36.62,ns
correlation-stream-cores1,pcm_latency,l1_miss_latency,CORE10,49,33.74,ns
correlation-stream-cores1,pcm_latency,l1_miss_latency,CORE10,50,34.53,ns
correlation-stream-cores1,pcm_latency,l1_miss_latency,CORE10,51,39.31,ns
correlation-stream-cores1,pcm_latency,l1_miss_latency,CORE10,52,39.88,ns
correlation-stream-cores1,pcm_latency,l1_miss_latency,CORE10,53,35.5,ns
correlation-stream-cores1,pcm_latency,l1_miss_latency,CORE10,54,38.37,ns
correlation-stream-cores1,pcm_latency,l1_miss_latency,CORE10,55,33.45,ns
correlation-stream-cores1,pcm_latency,l1_miss_latency,CORE10,56,37.36,ns
correlation-stream-cores1,pcm_latency,l1_miss_latency,CORE10,57,13.47,ns
correlation-stream-cores1,pcm_latency,l1_miss_latency,CORE10,58,17.82,ns
correlation-stream-cores1,pcm_latency,l1_miss_latency,CORE10,59,18.89,ns
correlation-stream-cores1,pcm_latency,l1_miss_latency,CORE11,0,47.9,ns
correlation-stream-cores1,pcm_latency,l1_miss_latency,CORE11,1,51.9,ns
correlation-stream-cores1,pcm_latency,l1_miss_latency,CORE11,2,45.2,ns
correlation-stream-cores1,pcm_latency,l1_miss_latency,CORE11,3,31.25,ns
correlation-stream-cores1,pcm_latency,l1_miss_latency,CORE11,4,50.5,ns
correlation-stream-cores1,pcm_latency,l1_miss_latency,CORE11,5,32.86,ns
correlation-stream-cores1,pcm_latency,l1_miss_latency,CORE11,6,21.76,ns
correlation-stream-cores1,pcm_latency,l1_miss_latency,CORE11,7,32.8,ns
correlation-stream-cores1,pcm_latency,l1_miss_latency,CORE11,8,51.39,ns
correlation-stream-cores1,pcm_latency,l1_miss_latency,CORE11,9,50.52,ns
correlation-stream-cores1,pcm_latency,l1_miss_latency,CORE11,10,32.76,ns
correlation-stream-cores1,pcm_latency,l1_miss_latency,CORE11,11,52.41,ns
correlation-stream-cores1,pcm_latency,l1_miss_latency,CORE11,12,47.2,ns
correlation-stream-cores1,pcm_latency,l1_miss_latency,CORE11,13,51.72,ns
correlation-stream-cores1,pcm_latency,l1_miss_latency,CORE11,14,32.06,ns
correlation-stream-cores1,pcm_latency,l1_miss_latency,CORE11,15,51.32,ns
correlation-stream-cores1,pcm_latency,l1_miss_latency,CORE11,16,22.28,ns
correlation-stream-cores1,pcm_latency,l1_miss_latency,CORE11,17,38.77,ns
correlation-stream-cores1,pcm_latency,l1_miss_latency,CORE11,18,36.61,ns
correlation-stream-cores1,pcm_latency,l1_miss_latency,CORE11,19,43.3,ns
correlation-stream-cores1,pcm_latency,l1_miss_latency,CORE11,20,39.1,ns
correlation-stream-cores1,pcm_latency,l1_miss_latency,CORE11,21,37.5,ns
correlation-stream-cores1,pcm_latency,l1_miss_latency,CORE11,22,40.9,ns
correlation-stream-cores1,pcm_latency,l1_miss_latency,CORE11,23,24.82,ns
correlation-stream-cores1,pcm_latency,l1_miss_latency,CORE11,24,35.2,ns
correlation-stream-cores1,pcm_latency,l1_miss_latency,CORE11,25,37.68,ns
correlation-stream-cores1,pcm_latency,l1_miss_latency,CORE11,26,15.83,ns
correlation-stream-cores1,pcm_latency,l1_miss_latency,CORE11,27,22.81,ns
correlation-stream-cores1,pcm_latency,l1_miss_latency,CORE11,28,38.28,ns
correlation-stream-cores1,pcm_latency,l1_miss_latency,CORE11,29,34.85,ns
correlation-stream-cores1,pcm_latency,l1_miss_latency,CORE11,30,35.3,ns
correlation-stream-cores1,pcm_latency,l1_miss_latency,CORE11,31,35.64,ns
correlation-stream-cores1,pcm_latency,l1_miss_latency,CORE11,32,39.85,ns
correlation-stream-cores1,pcm_latency,l1_miss_latency,CORE11,33,44.56,ns
correlation-stream-cores1,pcm_latency,l1_miss_latency,CORE11,34,38.85,ns
correlation-stream-cores1,pcm_latency,l1_miss_latency,CORE11,35,38.21,ns
correlation-stream-cores1,pcm_latency,l1_miss_latency,CORE11,36,15.39,ns
correlation-stream-cores1,pcm_latency,l1_miss_latency,CORE11,37,37.26,ns
correlation-stream-cores1,pcm_latency,l1_miss_latency,CORE11,38,38.95,ns
correlation-stream-cores1,pcm_latency,l1_miss_latency,CORE11,39,37.11,ns
correlation-stream-cores1,pcm_latency,l1_miss_latency,CORE11,40,36.84,ns
correlation-stream-cores1,pcm_latency,l1_miss_latency,CORE11,41,34.23,ns
correlation-stream-cores1,pcm_latency,l1_miss_latency,CORE11,42,36.58,ns
correlation-stream-cores1,pcm_latency,l1_miss_latency,CORE11,43,42.63,ns
correlation-stream-cores1,pcm_latency,l1_miss_latency,CORE11,44,38.55,ns
correlation-stream-cores1,pcm_latency,l1_miss_latency,CORE11,45,34.04,ns
correlation-stream-cores1,pcm_latency,l1_miss_latency,CORE11,46,15.91,ns
correlation-stream-cores1,pcm_latency,l1_miss_latency,CORE11,47,36.14,ns
correlation-stream-cores1,pcm_latency,l1_miss_latency,CORE11,48,36.79,ns
correlation-stream-cores1,pcm_latency,l1_miss_latency,CORE11,49,32.34,ns
correlation-stream-cores1,pcm_latency,l1_miss_latency,CORE11,50,34.35,ns
correlation-stream-cores1,pcm_latency,l1_miss_latency,CORE11,51,33.46,ns
correlation-stream-cores1,pcm_latency,l1_miss_latency,CORE11,52,36.9,ns
correlation-stream-cores1,pcm_latency,l1_miss_latency,CORE11,53,40.27,ns
correlation-stream-cores1,pcm_latency,l1_miss_latency,CORE11,54,35.94,ns
correlation-stream-cores1,pcm_latency,l1_miss_latency,CORE11,55,36.39,ns
correlation-stream-cores1,pcm_latency,l1_miss_latency,CORE11,56,15.81,ns
correlation-stream-cores1,pcm_latency,l1_miss_latency,CORE11,57,33.95,ns
correlation-stream-cores1,pcm_latency,l1_miss_latency,CORE11,58,39.18,ns
correlation-stream-cores1,pcm_latency,l1_miss_latency,CORE11,59,34.17,ns
correlation-stream-cores1,pcm_latency,l1_miss_latency,CORE12,0,34.85,ns
correlation-stream-cores1,pcm_latency,l1_miss_latency,CORE12,1,36.7,ns
correlation-stream-cores1,pcm_latency,l1_miss_latency,CORE12,2,36.12,ns
correlation-stream-cores1,pcm_latency,l1_miss_latency,CORE12,3,36.83,ns
correlation-stream-cores1,pcm_latency,l1_miss_latency,CORE12,4,36.68,ns
correlation-stream-cores1,pcm_latency,l1_miss_latency,CORE12,5,36.38,ns
correlation-stream-cores1,pcm_latency,l1_miss_latency,CORE12,6,36.53,ns
correlation-stream-cores1,pcm_latency,l1_miss_latency,CORE12,7,36.31,ns
correlation-stream-cores1,pcm_latency,l1_miss_latency,CORE12,8,36.74,ns
correlation-stream-cores1,pcm_latency,l1_miss_latency,CORE12,9,36.57,ns
correlation-stream-cores1,pcm_latency,l1_miss_latency,CORE12,10,36.4,ns
correlation-stream-cores1,pcm_latency,l1_miss_latency,CORE12,11,36.49,ns
correlation-stream-cores1,pcm_latency,l1_miss_latency,CORE12,12,36.63,ns
correlation-stream-cores1,pcm_latency,l1_miss_latency,CORE12,13,36.93,ns
correlation-stream-cores1,pcm_latency,l1_miss_latency,CORE12,14,35.99,ns
correlation-stream-cores1,pcm_latency,l1_miss_latency,CORE12,15,36.36,ns
correlation-stream-cores1,pcm_latency,l1_miss_latency,CORE12,16,36.66,ns
correlation-stream-cores1,pcm_latency,l1_miss_latency,CORE12,17,36.42,ns
correlation-stream-cores1,pcm_latency,l1_miss_latency,CORE12,18,36.41,ns
correlation-stream-cores1,pcm_latency,l1_miss_latency,CORE12,19,36.72,ns
correlation-stream-cores1,pcm_latency,l1_miss_latency,CORE12,20,36.65,ns
correlation-stream-cores1,pcm_latency,l1_miss_latency,CORE12,21,36.37,ns
correlation-stream-cores1,pcm_latency,l1_miss_latency,CORE12,22,36.78,ns
correlation-stream-cores1,pcm_latency,l1_miss_latency,CORE12,23,35.64,ns
correlation-stream-cores1,pcm_latency,l1_miss_latency,CORE12,24,27.65,ns
correlation-stream-cores1,pcm_latency,l1_miss_latency,CORE12,25,33.8,ns
correlation-stream-cores1,pcm_latency,l1_miss_latency,CORE12,26,33.95,ns
correlation-stream-cores1,pcm_latency,l1_miss_latency,CORE12,27,33.27,ns
correlation-stream-cores1,pcm_latency,l1_miss_latency,CORE12,28,33.7,ns
correlation-stream-cores1,pcm_latency,l1_miss_latency,CORE12,29,33.92,ns
correlation-stream-cores1,pcm_latency,l1_miss_latency,CORE12,30,34.0,ns
correlation-stream-cores1,pcm_latency,l1_miss_latency,CORE12,31,34.04,ns
correlation-stream-cores1,pcm_latency,l1_miss_latency,CORE12,32,33.94,ns
correlation-stream-cores1,pcm_latency,l1_miss_latency,CORE12,33,33.81,ns
correlation-stream-cores1,pcm_latency,l1_miss_latency,CORE12,34,34.2,ns
correlation-stream-cores1,pcm_latency,l1_miss_latency,CORE12,35,33.98,ns
correlation-stream-cores1,pcm_latency,l1_miss_latency,CORE12,36,34.18,ns
correlation-stream-cores1,pcm_latency,l1_miss_latency,CORE12,37,34.17,ns
correlation-stream-cores1,pcm_latency,l1_miss_latency,CORE12,38,34.51,ns
correlation-stream-cores1,pcm_latency,l1_miss_latency,CORE12,39,33.94,ns
correlation-stream-cores1,pcm_latency,l1_miss_latency,CORE12,40,34.43,ns
correlation-stream-cores1,pcm_latency,l1_miss_latency,CORE12,41,33.84,ns
correlation-stream-cores1,pcm_latency,l1_miss_latency,CORE12,42,34.12,ns
correlation-stream-cores1,pcm_latency,l1_miss_latency,CORE12,43,34.15,ns
correlation-stream-cores1,pcm_latency,l1_miss_latency,CORE12,44,34.17,ns
correlation-stream-cores1,pcm_latency,l1_miss_latency,CORE12,45,34.17,ns
correlation-stream-cores1,pcm_latency,l1_miss_latency,CORE12,46,38.78,ns
correlation-stream-cores1,pcm_latency,l1_miss_latency,CORE12,47,40.29,ns
correlation-stream-cores1,pcm_latency,l1_miss_latency,CORE12,48,43.18,ns
correlation-stream-cores1,pcm_latency,l1_miss_latency,CORE12,49,39.78,ns
correlation-stream-cores1,pcm_latency,l1_miss_latency,CORE12,50,44.25,ns
correlation-stream-cores1,pcm_latency,l1_miss_latency,CORE12,51,41.68,ns
correlation-stream-cores1,pcm_latency,l1_miss_latency,CORE12,52,46.86,ns
correlation-stream-cores1,pcm_latency,l1_miss_latency,CORE12,53,44.54,ns
correlation-stream-cores1,pcm_latency,l1_miss_latency,CORE12,54,34.42,ns
correlation-stream-cores1,pcm_latency,l1_miss_latency,CORE12,55,34.1,ns
correlation-stream-cores1,pcm_latency,l1_miss_latency,CORE12,56,34.05,ns
correlation-stream-cores1,pcm_latency,l1_miss_latency,CORE12,57,27.49,ns
correlation-stream-cores1,pcm_latency,l1_miss_latency,CORE12,58,33.75,ns
correlation-stream-cores1,pcm_latency,l1_miss_latency,CORE12,59,31.55,ns
correlation-stream-cores1,pcm_latency,l1_miss_latency,CORE13,0,40.33,ns
correlation-stream-cores1,pcm_latency,l1_miss_latency,CORE13,1,43.66,ns
correlation-stream-cores1,pcm_latency,l1_miss_latency,CORE13,2,44.6,ns
correlation-stream-cores1,pcm_latency,l1_miss_latency,CORE13,3,44.38,ns
correlation-stream-cores1,pcm_latency,l1_miss_latency,CORE13,4,47.68,ns
correlation-stream-cores1,pcm_latency,l1_miss_latency,CORE13,5,46.12,ns
correlation-stream-cores1,pcm_latency,l1_miss_latency,CORE13,6,42.61,ns
correlation-stream-cores1,pcm_latency,l1_miss_latency,CORE13,7,43.96,ns
correlation-stream-cores1,pcm_latency,l1_miss_latency,CORE13,8,45.53,ns
correlation-stream-cores1,pcm_latency,l1_miss_latency,CORE13,9,45.31,ns
correlation-stream-cores1,pcm_latency,l1_miss_latency,CORE13,10,43.07,ns
correlation-stream-cores1,pcm_latency,l1_miss_latency,CORE13,11,45.73,ns
correlation-stream-cores1,pcm_latency,l1_miss_latency,CORE13,12,47.15,ns
correlation-stream-cores1,pcm_latency,l1_miss_latency,CORE13,13,51.03,ns
correlation-stream-cores1,pcm_latency,l1_miss_latency,CORE13,14,43.25,ns
correlation-stream-cores1,pcm_latency,l1_miss_latency,CORE13,15,48.06,ns
correlation-stream-cores1,pcm_latency,l1_miss_latency,CORE13,16,46.25,ns
correlation-stream-cores1,pcm_latency,l1_miss_latency,CORE13,17,52.64,ns
correlation-stream-cores1,pcm_latency,l1_miss_latency,CORE13,18,42.04,ns
correlation-stream-cores1,pcm_latency,l1_miss_latency,CORE13,19,51.35,ns
correlation-stream-cores1,pcm_latency,l1_miss_latency,CORE13,20,51.3,ns
correlation-stream-cores1,pcm_latency,l1_miss_latency,CORE13,21,47.74,ns
correlation-stream-cores1,pcm_latency,l1_miss_latency,CORE13,22,44.76,ns
correlation-stream-cores1,pcm_latency,l1_miss_latency,CORE13,23,29.5,ns
correlation-stream-cores1,pcm_latency,l1_miss_latency,CORE13,24,31.29,ns
correlation-stream-cores1,pcm_latency,l1_miss_latency,CORE13,25,53.89,ns
correlation-stream-cores1,pcm_latency,l1_miss_latency,CORE13,26,46.1,ns
correlation-stream-cores1,pcm_latency,l1_miss_latency,CORE13,27,23.86,ns
correlation-stream-cores1,pcm_latency,l1_miss_latency,CORE13,28,42.27,ns
correlation-stream-cores1,pcm_latency,l1_miss_latency,CORE13,29,41.36,ns
correlation-stream-cores1,pcm_latency,l1_miss_latency,CORE13,30,41.45,ns
correlation-stream-cores1,pcm_latency,l1_miss_latency,CORE13,31,42.0,ns
correlation-stream-cores1,pcm_latency,l1_miss_latency,CORE13,32,44.87,ns
correlation-stream-cores1,pcm_latency,l1_miss_latency,CORE13,33,43.51,ns
correlation-stream-cores1,pcm_latency,l1_miss_latency,CORE13,34,43.26,ns
correlation-stream-cores1,pcm_latency,l1_miss_latency,CORE13,35,42.71,ns
correlation-stream-cores1,pcm_latency,l1_miss_latency,CORE13,36,41.86,ns
correlation-stream-cores1,pcm_latency,l1_miss_latency,CORE13,37,43.62,ns
correlation-stream-cores1,pcm_latency,l1_miss_latency,CORE13,38,42.6,ns
correlation-stream-cores1,pcm_latency,l1_miss_latency,CORE13,39,42.05,ns
correlation-stream-cores1,pcm_latency,l1_miss_latency,CORE13,40,43.7,ns
correlation-stream-cores1,pcm_latency,l1_miss_latency,CORE13,41,43.04,ns
correlation-stream-cores1,pcm_latency,l1_miss_latency,CORE13,42,41.61,ns
correlation-stream-cores1,pcm_latency,l1_miss_latency,CORE13,43,41.95,ns
correlation-stream-cores1,pcm_latency,l1_miss_latency,CORE13,44,41.36,ns
correlation-stream-cores1,pcm_latency,l1_miss_latency,CORE13,45,42.41,ns
correlation-stream-cores1,pcm_latency,l1_miss_latency,CORE13,46,31.79,ns
correlation-stream-cores1,pcm_latency,l1_miss_latency,CORE13,47,14.99,ns
correlation-stream-cores1,pcm_latency,l1_miss_latency,CORE13,48,34.84,ns
correlation-stream-cores1,pcm_latency,l1_miss_latency,CORE13,49,34.08,ns
correlation-stream-cores1,pcm_latency,l1_miss_latency,CORE13,50,34.63,ns
correlation-stream-cores1,pcm_latency,l1_miss_latency,CORE13,51,35.06,ns
correlation-stream-cores1,pcm_latency,l1_miss_latency,CORE13,52,30.48,ns
correlation-stream-cores1,pcm_latency,l1_miss_latency,CORE13,53,31.22,ns
correlation-stream-cores1,pcm_latency,l1_miss_latency,CORE13,54,42.17,ns
correlation-stream-cores1,pcm_latency,l1_miss_latency,CORE13,55,42.18,ns
correlation-stream-cores1,pcm_latency,l1_miss_latency,CORE13,56,43.18,ns
correlation-stream-cores1,pcm_latency,l1_miss_latency,CORE13,57,38.16,ns
correlation-stream-cores1,pcm_latency,l1_miss_latency,CORE13,58,42.81,ns
correlation-stream-cores1,pcm_latency,l1_miss_latency,CORE13,59,30.75,ns
correlation-stream-cores1,pcm_latency,l1_miss_latency,CORE14,0,31.54,ns
correlation-stream-cores1,pcm_latency,l1_miss_latency,CORE14,1,32.35,ns
correlation-stream-cores1,pcm_latency,l1_miss_latency,CORE14,2,33.15,ns
correlation-stream-cores1,pcm_latency,l1_miss_latency,CORE14,3,45.44,ns
correlation-stream-cores1,pcm_latency,l1_miss_latency,CORE14,4,44.83,ns
correlation-stream-cores1,pcm_latency,l1_miss_latency,CORE14,5,39.59,ns
correlation-stream-cores1,pcm_latency,l1_miss_latency,CORE14,6,35.76,ns
correlation-stream-cores1,pcm_latency,l1_miss_latency,CORE14,7,34.08,ns
correlation-stream-cores1,pcm_latency,l1_miss_latency,CORE14,8,34.4,ns
correlation-stream-cores1,pcm_latency,l1_miss_latency,CORE14,9,34.72,ns
correlation-stream-cores1,pcm_latency,l1_miss_latency,CORE14,10,37.5,ns
correlation-stream-cores1,pcm_latency,l1_miss_latency,CORE14,11,42.68,ns
correlation-stream-cores1,pcm_latency,l1_miss_latency,CORE14,12,40.03,ns
correlation-stream-cores1,pcm_latency,l1_miss_latency,CORE14,13,50.11,ns
correlation-stream-cores1,pcm_latency,l1_miss_latency,CORE14,14,34.16,ns
correlation-stream-cores1,pcm_latency,l1_miss_latency,CORE14,15,36.37,ns
correlation-stream-cores1,pcm_latency,l1_miss_latency,CORE14,16,37.96,ns
correlation-stream-cores1,pcm_latency,l1_miss_latency,CORE14,17,43.4,ns
correlation-stream-cores1,pcm_latency,l1_miss_latency,CORE14,18,37.81,ns
correlation-stream-cores1,pcm_latency,l1_miss_latency,CORE14,19,39.25,ns
correlation-stream-cores1,pcm_latency,l1_miss_latency,CORE14,20,34.07,ns
correlation-stream-cores1,pcm_latency,l1_miss_latency,CORE14,21,36.63,ns
correlation-stream-cores1,pcm_latency,l1_miss_latency,CORE14,22,36.7,ns
correlation-stream-cores1,pcm_latency,l1_miss_latency,CORE14,23,32.72,ns
correlation-stream-cores1,pcm_latency,l1_miss_latency,CORE14,24,49.83,ns
correlation-stream-cores1,pcm_latency,l1_miss_latency,CORE14,25,51.93,ns
correlation-stream-cores1,pcm_latency,l1_miss_latency,CORE14,26,46.07,ns
correlation-stream-cores1,pcm_latency,l1_miss_latency,CORE14,27,52.89,ns
correlation-stream-cores1,pcm_latency,l1_miss_latency,CORE14,28,40.37,ns
correlation-stream-cores1,pcm_latency,l1_miss_latency,CORE14,29,37.27,ns
correlation-stream-cores1,pcm_latency,l1_miss_latency,CORE14,30,38.67,ns
correlation-stream-cores1,pcm_latency,l1_miss_latency,CORE14,31,38.56,ns
correlation-stream-cores1,pcm_latency,l1_miss_latency,CORE14,32,42.94,ns
correlation-stream-cores1,pcm_latency,l1_miss_latency,CORE14,33,44.01,ns
correlation-stream-cores1,pcm_latency,l1_miss_latency,CORE14,34,36.57,ns
correlation-stream-cores1,pcm_latency,l1_miss_latency,CORE14,35,31.58,ns
correlation-stream-cores1,pcm_latency,l1_miss_latency,CORE14,36,36.12,ns
correlation-stream-cores1,pcm_latency,l1_miss_latency,CORE14,37,36.02,ns
correlation-stream-cores1,pcm_latency,l1_miss_latency,CORE14,38,37.9,ns
correlation-stream-cores1,pcm_latency,l1_miss_latency,CORE14,39,36.4,ns
correlation-stream-cores1,pcm_latency,l1_miss_latency,CORE14,40,37.16,ns
correlation-stream-cores1,pcm_latency,l1_miss_latency,CORE14,41,38.0,ns
correlation-stream-cores1,pcm_latency,l1_miss_latency,CORE14,42,36.37,ns
correlation-stream-cores1,pcm_latency,l1_miss_latency,CORE14,43,45.13,ns
correlation-stream-cores1,pcm_latency,l1_miss_latency,CORE14,44,45.38,ns
correlation-stream-cores1,pcm_latency,l1_miss_latency,CORE14,45,37.13,ns
correlation-stream-cores1,pcm_latency,l1_miss_latency,CORE14,46,36.1,ns
correlation-stream-cores1,pcm_latency,l1_miss_latency,CORE14,47,39.74,ns
correlation-stream-cores1,pcm_latency,l1_miss_latency,CORE14,48,35.09,ns
correlation-stream-cores1,pcm_latency,l1_miss_latency,CORE14,49,35.34,ns
correlation-stream-cores1,pcm_latency,l1_miss_latency,CORE14,50,35.03,ns
correlation-stream-cores1,pcm_latency,l1_miss_latency,CORE14,51,35.06,ns
correlation-stream-cores1,pcm_latency,l1_miss_latency,CORE14,52,36.64,ns
correlation-stream-cores1,pcm_latency,l1_miss_latency,CORE14,53,43.04,ns
correlation-stream-cores1,pcm_latency,l1_miss_latency,CORE14,54,37.42,ns
correlation-stream-cores1,pcm_latency,l1_miss_latency,CORE14,55,37.97,ns
correlation-stream-cores1,pcm_latency,l1_miss_latency,CORE14,56,34.68,ns
correlation-stream-cores1,pcm_latency,l1_miss_latency,CORE14,57,51.36,ns
correlation-stream-cores1,pcm_latency,l1_miss_latency,CORE14,58,40.09,ns
correlation-stream-cores1,pcm_latency,l1_miss_latency,CORE14,59,46.5,ns
correlation-stream-cores1,pcm_latency,l1_miss_latency,CORE15,0,47.7,ns
correlation-stream-cores1,pcm_latency,l1_miss_latency,CORE15,1,43.63,ns
correlation-stream-cores1,pcm_latency,l1_miss_latency,CORE15,2,50.54,ns
correlation-stream-cores1,pcm_latency,l1_miss_latency,CORE15,3,51.21,ns
correlation-stream-cores1,pcm_latency,l1_miss_latency,CORE15,4,48.01,ns
correlation-stream-cores1,pcm_latency,l1_miss_latency,CORE15,5,49.0,ns
correlation-stream-cores1,pcm_latency,l1_miss_latency,CORE15,6,50.17,ns
correlation-stream-cores1,pcm_latency,l1_miss_latency,CORE15,7,51.27,ns
correlation-stream-cores1,pcm_latency,l1_miss_latency,CORE15,8,47.71,ns
correlation-stream-cores1,pcm_latency,l1_miss_latency,CORE15,9,47.57,ns
correlation-stream-cores1,pcm_latency,l1_miss_latency,CORE15,10,43.9,ns
correlation-stream-cores1,pcm_latency,l1_miss_latency,CORE15,11,48.53,ns
correlation-stream-cores1,pcm_latency,l1_miss_latency,CORE15,12,47.56,ns
correlation-stream-cores1,pcm_latency,l1_miss_latency,CORE15,13,47.2,ns
correlation-stream-cores1,pcm_latency,l1_miss_latency,CORE15,14,50.73,ns
correlation-stream-cores1,pcm_latency,l1_miss_latency,CORE15,15,45.91,ns
correlation-stream-cores1,pcm_latency,l1_miss_latency,CORE15,16,50.68,ns
correlation-stream-cores1,pcm_latency,l1_miss_latency,CORE15,17,49.7,ns
correlation-stream-cores1,pcm_latency,l1_miss_latency,CORE15,18,47.29,ns
correlation-stream-cores1,pcm_latency,l1_miss_latency,CORE15,19,47.76,ns
correlation-stream-cores1,pcm_latency,l1_miss_latency,CORE15,20,47.74,ns
correlation-stream-cores1,pcm_latency,l1_miss_latency,CORE15,21,46.39,ns
correlation-stream-cores1,pcm_latency,l1_miss_latency,CORE15,22,49.85,ns
correlation-stream-cores1,pcm_latency,l1_miss_latency,CORE15,23,49.87,ns
correlation-stream-cores1,pcm_latency,l1_miss_latency,CORE15,24,35.63,ns
correlation-stream-cores1,pcm_latency,l1_miss_latency,CORE15,25,49.41,ns
correlation-stream-cores1,pcm_latency,l1_miss_latency,CORE15,26,47.35,ns
correlation-stream-cores1,pcm_latency,l1_miss_latency,CORE15,27,48.12,ns
correlation-stream-cores1,pcm_latency,l1_miss_latency,CORE15,28,50.35,ns
correlation-stream-cores1,pcm_latency,l1_miss_latency,CORE15,29,49.76,ns
correlation-stream-cores1,pcm_latency,l1_miss_latency,CORE15,30,49.9,ns
correlation-stream-cores1,pcm_latency,l1_miss_latency,CORE15,31,43.11,ns
correlation-stream-cores1,pcm_latency,l1_miss_latency,CORE15,32,51.63,ns
correlation-stream-cores1,pcm_latency,l1_miss_latency,CORE15,33,50.26,ns
correlation-stream-cores1,pcm_latency,l1_miss_latency,CORE15,34,50.29,ns
correlation-stream-cores1,pcm_latency,l1_miss_latency,CORE15,35,46.87,ns
correlation-stream-cores1,pcm_latency,l1_miss_latency,CORE15,36,47.36,ns
correlation-stream-cores1,pcm_latency,l1_miss_latency,CORE15,37,49.84,ns
correlation-stream-cores1,pcm_latency,l1_miss_latency,CORE15,38,50.24,ns
correlation-stream-cores1,pcm_latency,l1_miss_latency,CORE15,39,47.93,ns
correlation-stream-cores1,pcm_latency,l1_miss_latency,CORE15,40,47.47,ns
correlation-stream-cores1,pcm_latency,l1_miss_latency,CORE15,41,46.45,ns
correlation-stream-cores1,pcm_latency,l1_miss_latency,CORE15,42,47.45,ns
correlation-stream-cores1,pcm_latency,l1_miss_latency,CORE15,43,44.59,ns
correlation-stream-cores1,pcm_latency,l1_miss_latency,CORE15,44,47.2,ns
correlation-stream-cores1,pcm_latency,l1_miss_latency,CORE15,45,55.94,ns
correlation-stream-cores1,pcm_latency,l1_miss_latency,CORE15,46,52.19,ns
correlation-stream-cores1,pcm_latency,l1_miss_latency,CORE15,47,52.37,ns
correlation-stream-cores1,pcm_latency,l1_miss_latency,CORE15,48,51.91,ns
correlation-stream-cores1,pcm_latency,l1_miss_latency,CORE15,49,52.84,ns
correlation-stream-cores1,pcm_latency,l1_miss_latency,CORE15,50,52.23,ns
correlation-stream-cores1,pcm_latency,l1_miss_latency,CORE15,51,52.31,ns
correlation-stream-cores1,pcm_latency,l1_miss_latency,CORE15,52,56.21,ns
correlation-stream-cores1,pcm_latency,l1_miss_latency,CORE15,53,53.66,ns
correlation-stream-cores1,pcm_latency,l1_miss_latency,CORE15,54,48.81,ns
correlation-stream-cores1,pcm_latency,l1_miss_latency,CORE15,55,48.63,ns
correlation-stream-cores1,pcm_latency,l1_miss_latency,CORE15,56,50.67,ns
correlation-stream-cores1,pcm_latency,l1_miss_latency,CORE15,57,44.91,ns
correlation-stream-cores1,pcm_latency,l1_miss_latency,CORE15,58,49.19,ns
correlation-stream-cores1,pcm_latency,l1_miss_latency,CORE15,59,48.3,ns
correlation-stream-cores1,pcm_latency,l1_miss_latency,CORE16,0,40.99,ns
correlation-stream-cores1,pcm_latency,l1_miss_latency,CORE16,1,40.64,ns
correlation-stream-cores1,pcm_latency,l1_miss_latency,CORE16,2,43.51,ns
correlation-stream-cores1,pcm_latency,l1_miss_latency,CORE16,3,40.71,ns
correlation-stream-cores1,pcm_latency,l1_miss_latency,CORE16,4,37.85,ns
correlation-stream-cores1,pcm_latency,l1_miss_latency,CORE16,5,40.64,ns
correlation-stream-cores1,pcm_latency,l1_miss_latency,CORE16,6,39.72,ns
correlation-stream-cores1,pcm_latency,l1_miss_latency,CORE16,7,40.73,ns
correlation-stream-cores1,pcm_latency,l1_miss_latency,CORE16,8,37.14,ns
correlation-stream-cores1,pcm_latency,l1_miss_latency,CORE16,9,40.48,ns
correlation-stream-cores1,pcm_latency,l1_miss_latency,CORE16,10,38.31,ns
correlation-stream-cores1,pcm_latency,l1_miss_latency,CORE16,11,41.03,ns
correlation-stream-cores1,pcm_latency,l1_miss_latency,CORE16,12,41.07,ns
correlation-stream-cores1,pcm_latency,l1_miss_latency,CORE16,13,42.17,ns
correlation-stream-cores1,pcm_latency,l1_miss_latency,CORE16,14,40.4,ns
correlation-stream-cores1,pcm_latency,l1_miss_latency,CORE16,15,40.6,ns
correlation-stream-cores1,pcm_latency,l1_miss_latency,CORE16,16,41.99,ns
correlation-stream-cores1,pcm_latency,l1_miss_latency,CORE16,17,53.29,ns
correlation-stream-cores1,pcm_latency,l1_miss_latency,CORE16,18,55.03,ns
correlation-stream-cores1,pcm_latency,l1_miss_latency,CORE16,19,55.29,ns
correlation-stream-cores1,pcm_latency,l1_miss_latency,CORE16,20,56.59,ns
correlation-stream-cores1,pcm_latency,l1_miss_latency,CORE16,21,56.1,ns
correlation-stream-cores1,pcm_latency,l1_miss_latency,CORE16,22,55.67,ns
correlation-stream-cores1,pcm_latency,l1_miss_latency,CORE16,23,50.05,ns
correlation-stream-cores1,pcm_latency,l1_miss_latency,CORE16,24,50.48,ns
correlation-stream-cores1,pcm_latency,l1_miss_latency,CORE16,25,56.8,ns
correlation-stream-cores1,pcm_latency,l1_miss_latency,CORE16,26,52.18,ns
correlation-stream-cores1,pcm_latency,l1_miss_latency,CORE16,27,45.87,ns
correlation-stream-cores1,pcm_latency,l1_miss_latency,CORE16,28,53.24,ns
correlation-stream-cores1,pcm_latency,l1_miss_latency,CORE16,29,53.46,ns
correlation-stream-cores1,pcm_latency,l1_miss_latency,CORE16,30,54.07,ns
correlation-stream-cores1,pcm_latency,l1_miss_latency,CORE16,31,56.66,ns
correlation-stream-cores1,pcm_latency,l1_miss_latency,CORE16,32,54.17,ns
correlation-stream-cores1,pcm_latency,l1_miss_latency,CORE16,33,56.0,ns
correlation-stream-cores1,pcm_latency,l1_miss_latency,CORE16,34,57.07,ns
correlation-stream-cores1,pcm_latency,l1_miss_latency,CORE16,35,54.71,ns
correlation-stream-cores1,pcm_latency,l1_miss_latency,CORE16,36,56.02,ns
correlation-stream-cores1,pcm_latency,l1_miss_latency,CORE16,37,57.47,ns
correlation-stream-cores1,pcm_latency,l1_miss_latency,CORE16,38,55.2,ns
correlation-stream-cores1,pcm_latency,l1_miss_latency,CORE16,39,59.45,ns
correlation-stream-cores1,pcm_latency,l1_miss_latency,CORE16,40,59.69,ns
correlation-stream-cores1,pcm_latency,l1_miss_latency,CORE16,41,55.57,ns
correlation-stream-cores1,pcm_latency,l1_miss_latency,CORE16,42,53.81,ns
correlation-stream-cores1,pcm_latency,l1_miss_latency,CORE16,43,54.94,ns
correlation-stream-cores1,pcm_latency,l1_miss_latency,CORE16,44,55.77,ns
correlation-stream-cores1,pcm_latency,l1_miss_latency,CORE16,45,53.18,ns
correlation-stream-cores1,pcm_latency,l1_miss_latency,CORE16,46,52.82,ns
correlation-stream-cores1,pcm_latency,l1_miss_latency,CORE16,47,45.62,ns
correlation-stream-cores1,pcm_latency,l1_miss_latency,CORE16,48,51.66,ns
correlation-stream-cores1,pcm_latency,l1_miss_latency,CORE16,49,57.1,ns
correlation-stream-cores1,pcm_latency,l1_miss_latency,CORE16,50,56.32,ns
correlation-stream-cores1,pcm_latency,l1_miss_latency,CORE16,51,55.37,ns
correlation-stream-cores1,pcm_latency,l1_miss_latency,CORE16,52,55.22,ns
correlation-stream-cores1,pcm_latency,l1_miss_latency,CORE16,53,54.21,ns
correlation-stream-cores1,pcm_latency,l1_miss_latency,CORE16,54,58.04,ns
correlation-stream-cores1,pcm_latency,l1_miss_latency,CORE16,55,58.97,ns
correlation-stream-cores1,pcm_latency,l1_miss_latency,CORE16,56,55.44,ns
correlation-stream-cores1,pcm_latency,l1_miss_latency,CORE16,57,50.68,ns
correlation-stream-cores1,pcm_latency,l1_miss_latency,CORE16,58,53.6,ns
correlation-stream-cores1,pcm_latency,l1_miss_latency,CORE16,59,51.82,ns
correlation-stream-cores1,pcm_latency,l1_miss_latency,CORE17,0,45.3,ns
correlation-stream-cores1,pcm_latency,l1_miss_latency,CORE17,1,43.7,ns
correlation-stream-cores1,pcm_latency,l1_miss_latency,CORE17,2,47.53,ns
correlation-stream-cores1,pcm_latency,l1_miss_latency,CORE17,3,49.6,ns
correlation-stream-cores1,pcm_latency,l1_miss_latency,CORE17,4,45.81,ns
correlation-stream-cores1,pcm_latency,l1_miss_latency,CORE17,5,40.48,ns
correlation-stream-cores1,pcm_latency,l1_miss_latency,CORE17,6,41.63,ns
correlation-stream-cores1,pcm_latency,l1_miss_latency,CORE17,7,46.36,ns
correlation-stream-cores1,pcm_latency,l1_miss_latency,CORE17,8,48.68,ns
correlation-stream-cores1,pcm_latency,l1_miss_latency,CORE17,9,43.5,ns
correlation-stream-cores1,pcm_latency,l1_miss_latency,CORE17,10,43.93,ns
correlation-stream-cores1,pcm_latency,l1_miss_latency,CORE17,11,39.73,ns
correlation-stream-cores1,pcm_latency,l1_miss_latency,CORE17,12,42.29,ns
correlation-stream-cores1,pcm_latency,l1_miss_latency,CORE17,13,44.7,ns
correlation-stream-cores1,pcm_latency,l1_miss_latency,CORE17,14,43.17,ns
correlation-stream-cores1,pcm_latency,l1_miss_latency,CORE17,15,44.26,ns
correlation-stream-cores1,pcm_latency,l1_miss_latency,CORE17,16,40.13,ns
correlation-stream-cores1,pcm_latency,l1_miss_latency,CORE17,17,29.7,ns
correlation-stream-cores1,pcm_latency,l1_miss_latency,CORE17,18,39.65,ns
correlation-stream-cores1,pcm_latency,l1_miss_latency,CORE17,19,49.02,ns
correlation-stream-cores1,pcm_latency,l1_miss_latency,CORE17,20,38.44,ns
correlation-stream-cores1,pcm_latency,l1_miss_latency,CORE17,21,49.03,ns
correlation-stream-cores1,pcm_latency,l1_miss_latency,CORE17,22,47.43,ns
correlation-stream-cores1,pcm_latency,l1_miss_latency,CORE17,23,41.82,ns
correlation-stream-cores1,pcm_latency,l1_miss_latency,CORE17,24,42.82,ns
correlation-stream-cores1,pcm_latency,l1_miss_latency,CORE17,25,40.92,ns
correlation-stream-cores1,pcm_latency,l1_miss_latency,CORE17,26,38.05,ns
correlation-stream-cores1,pcm_latency,l1_miss_latency,CORE17,27,44.04,ns
correlation-stream-cores1,pcm_latency,l1_miss_latency,CORE17,28,51.81,ns
correlation-stream-cores1,pcm_latency,l1_miss_latency,CORE17,29,31.46,ns
correlation-stream-cores1,pcm_latency,l1_miss_latency,CORE17,30,43.53,ns
correlation-stream-cores1,pcm_latency,l1_miss_latency,CORE17,31,53.08,ns
correlation-stream-cores1,pcm_latency,l1_miss_latency,CORE17,32,51.16,ns
correlation-stream-cores1,pcm_latency,l1_miss_latency,CORE17,33,51.34,ns
correlation-stream-cores1,pcm_latency,l1_miss_latency,CORE17,34,43.89,ns
correlation-stream-cores1,pcm_latency,l1_miss_latency,CORE17,35,51.17,ns
correlation-stream-cores1,pcm_latency,l1_miss_latency,CORE17,36,52.4,ns
correlation-stream-cores1,pcm_latency,l1_miss_latency,CORE17,37,31.68,ns
correlation-stream-cores1,pcm_latency,l1_miss_latency,CORE17,38,44.49,ns
correlation-stream-cores1,pcm_latency,l1_miss_latency,CORE17,39,52.56,ns
correlation-stream-cores1,pcm_latency,l1_miss_latency,CORE17,40,52.11,ns
correlation-stream-cores1,pcm_latency,l1_miss_latency,CORE17,41,36.1,ns
correlation-stream-cores1,pcm_latency,l1_miss_latency,CORE17,42,31.72,ns
correlation-stream-cores1,pcm_latency,l1_miss_latency,CORE17,43,31.18,ns
correlation-stream-cores1,pcm_latency,l1_miss_latency,CORE17,44,52.72,ns
correlation-stream-cores1,pcm_latency,l1_miss_latency,CORE17,45,45.18,ns
correlation-stream-cores1,pcm_latency,l1_miss_latency,CORE17,46,29.58,ns
correlation-stream-cores1,pcm_latency,l1_miss_latency,CORE17,47,28.38,ns
correlation-stream-cores1,pcm_latency,l1_miss_latency,CORE17,48,29.76,ns
correlation-stream-cores1,pcm_latency,l1_miss_latency,CORE17,49,47.76,ns
correlation-stream-cores1,pcm_latency,l1_miss_latency,CORE17,50,26.42,ns
correlation-stream-cores1,pcm_latency,l1_miss_latency,CORE17,51,40.76,ns
correlation-stream-cores1,pcm_latency,l1_miss_latency,CORE17,52,23.33,ns
correlation-stream-cores1,pcm_latency,l1_miss_latency,CORE17,53,45.5,ns
correlation-stream-cores1,pcm_latency,l1_miss_latency,CORE17,54,30.79,ns
correlation-stream-cores1,pcm_latency,l1_miss_latency,CORE17,55,44.89,ns
correlation-stream-cores1,pcm_latency,l1_miss_latency,CORE17,56,24.17,ns
correlation-stream-cores1,pcm_latency,l1_miss_latency,CORE17,57,37.32,ns
correlation-stream-cores1,pcm_latency,l1_miss_latency,CORE17,58,40.8,ns
correlation-stream-cores1,pcm_latency,l1_miss_latency,CORE17,59,44.43,ns
correlation-stream-cores1,pcm_latency,l1_miss_latency,CORE18,0,46.17,ns
correlation-stream-cores1,pcm_latency,l1_miss_latency,CORE18,1,47.6,ns
correlation-stream-cores1,pcm_latency,l1_miss_latency,CORE18,2,46.49,ns
correlation-stream-cores1,pcm_latency,l1_miss_latency,CORE18,3,45.87,ns
correlation-stream-cores1,pcm_latency,l1_miss_latency,CORE18,4,44.62,ns
correlation-stream-cores1,pcm_latency,l1_miss_latency,CORE18,5,45.37,ns
correlation-stream-cores1,pcm_latency,l1_miss_latency,CORE18,6,46.86,ns
correlation-stream-cores1,pcm_latency,l1_miss_latency,CORE18,7,47.13,ns
correlation-stream-cores1,pcm_latency,l1_miss_latency,CORE18,8,46.11,ns
correlation-stream-cores1,pcm_latency,l1_miss_latency,CORE18,9,48.17,ns
correlation-stream-cores1,pcm_latency,l1_miss_latency,CORE18,10,47.42,ns
correlation-stream-cores1,pcm_latency,l1_miss_latency,CORE18,11,44.44,ns
correlation-stream-cores1,pcm_latency,l1_miss_latency,CORE18,12,45.34,ns
correlation-stream-cores1,pcm_latency,l1_miss_latency,CORE18,13,48.34,ns
correlation-stream-cores1,pcm_latency,l1_miss_latency,CORE18,14,47.99,ns
correlation-stream-cores1,pcm_latency,l1_miss_latency,CORE18,15,48.44,ns
correlation-stream-cores1,pcm_latency,l1_miss_latency,CORE18,16,47.34,ns
correlation-stream-cores1,pcm_latency,l1_miss_latency,CORE18,17,34.89,ns
correlation-stream-cores1,pcm_latency,l1_miss_latency,CORE18,18,34.25,ns
correlation-stream-cores1,pcm_latency,l1_miss_latency,CORE18,19,41.96,ns
correlation-stream-cores1,pcm_latency,l1_miss_latency,CORE18,20,34.26,ns
correlation-stream-cores1,pcm_latency,l1_miss_latency,CORE18,21,36.21,ns
correlation-stream-cores1,pcm_latency,l1_miss_latency,CORE18,22,39.26,ns
correlation-stream-cores1,pcm_latency,l1_miss_latency,CORE18,23,23.23,ns
correlation-stream-cores1,pcm_latency,l1_miss_latency,CORE18,24,35.11,ns
correlation-stream-cores1,pcm_latency,l1_miss_latency,CORE18,25,37.6,ns
correlation-stream-cores1,pcm_latency,l1_miss_latency,CORE18,26,33.39,ns
correlation-stream-cores1,pcm_latency,l1_miss_latency,CORE18,27,38.58,ns
correlation-stream-cores1,pcm_latency,l1_miss_latency,CORE18,28,37.9,ns
correlation-stream-cores1,pcm_latency,l1_miss_latency,CORE18,29,46.27,ns
correlation-stream-cores1,pcm_latency,l1_miss_latency,CORE18,30,34.7,ns
correlation-stream-cores1,pcm_latency,l1_miss_latency,CORE18,31,36.6,ns
correlation-stream-cores1,pcm_latency,l1_miss_latency,CORE18,32,35.25,ns
correlation-stream-cores1,pcm_latency,l1_miss_latency,CORE18,33,35.22,ns
correlation-stream-cores1,pcm_latency,l1_miss_latency,CORE18,34,35.78,ns
correlation-stream-cores1,pcm_latency,l1_miss_latency,CORE18,35,34.51,ns
correlation-stream-cores1,pcm_latency,l1_miss_latency,CORE18,36,32.13,ns
correlation-stream-cores1,pcm_latency,l1_miss_latency,CORE18,37,33.0,ns
correlation-stream-cores1,pcm_latency,l1_miss_latency,CORE18,38,37.33,ns
correlation-stream-cores1,pcm_latency,l1_miss_latency,CORE18,39,40.33,ns
correlation-stream-cores1,pcm_latency,l1_miss_latency,CORE18,40,33.31,ns
correlation-stream-cores1,pcm_latency,l1_miss_latency,CORE18,41,33.62,ns
correlation-stream-cores1,pcm_latency,l1_miss_latency,CORE18,42,33.05,ns
correlation-stream-cores1,pcm_latency,l1_miss_latency,CORE18,43,34.32,ns
correlation-stream-cores1,pcm_latency,l1_miss_latency,CORE18,44,38.13,ns
correlation-stream-cores1,pcm_latency,l1_miss_latency,CORE18,45,33.53,ns
correlation-stream-cores1,pcm_latency,l1_miss_latency,CORE18,46,32.83,ns
correlation-stream-cores1,pcm_latency,l1_miss_latency,CORE18,47,40.9,ns
correlation-stream-cores1,pcm_latency,l1_miss_latency,CORE18,48,34.08,ns
correlation-stream-cores1,pcm_latency,l1_miss_latency,CORE18,49,36.55,ns
correlation-stream-cores1,pcm_latency,l1_miss_latency,CORE18,50,35.66,ns
correlation-stream-cores1,pcm_latency,l1_miss_latency,CORE18,51,32.13,ns
correlation-stream-cores1,pcm_latency,l1_miss_latency,CORE18,52,33.62,ns
correlation-stream-cores1,pcm_latency,l1_miss_latency,CORE18,53,34.78,ns
correlation-stream-cores1,pcm_latency,l1_miss_latency,CORE18,54,34.48,ns
correlation-stream-cores1,pcm_latency,l1_miss_latency,CORE18,55,35.22,ns
correlation-stream-cores1,pcm_latency,l1_miss_latency,CORE18,56,37.5,ns
correlation-stream-cores1,pcm_latency,l1_miss_latency,CORE18,57,27.11,ns
correlation-stream-cores1,pcm_latency,l1_miss_latency,CORE18,58,34.14,ns
correlation-stream-cores1,pcm_latency,l1_miss_latency,CORE18,59,33.35,ns
correlation-stream-cores1,pcm_latency,l1_miss_latency,CORE19,0,41.11,ns
correlation-stream-cores1,pcm_latency,l1_miss_latency,CORE19,1,41.79,ns
correlation-stream-cores1,pcm_latency,l1_miss_latency,CORE19,2,44.15,ns
correlation-stream-cores1,pcm_latency,l1_miss_latency,CORE19,3,42.03,ns
correlation-stream-cores1,pcm_latency,l1_miss_latency,CORE19,4,44.91,ns
correlation-stream-cores1,pcm_latency,l1_miss_latency,CORE19,5,42.42,ns
correlation-stream-cores1,pcm_latency,l1_miss_latency,CORE19,6,41.04,ns
correlation-stream-cores1,pcm_latency,l1_miss_latency,CORE19,7,43.84,ns
correlation-stream-cores1,pcm_latency,l1_miss_latency,CORE19,8,48.43,ns
correlation-stream-cores1,pcm_latency,l1_miss_latency,CORE19,9,42.89,ns
correlation-stream-cores1,pcm_latency,l1_miss_latency,CORE19,10,46.22,ns
correlation-stream-cores1,pcm_latency,l1_miss_latency,CORE19,11,42.4,ns
correlation-stream-cores1,pcm_latency,l1_miss_latency,CORE19,12,44.43,ns
correlation-stream-cores1,pcm_latency,l1_miss_latency,CORE19,13,40.61,ns
correlation-stream-cores1,pcm_latency,l1_miss_latency,CORE19,14,46.72,ns
correlation-stream-cores1,pcm_latency,l1_miss_latency,CORE19,15,40.38,ns
correlation-stream-cores1,pcm_latency,l1_miss_latency,CORE19,16,44.67,ns
correlation-stream-cores1,pcm_latency,l1_miss_latency,CORE19,17,42.98,ns
correlation-stream-cores1,pcm_latency,l1_miss_latency,CORE19,18,44.01,ns
correlation-stream-cores1,pcm_latency,l1_miss_latency,CORE19,19,41.81,ns
correlation-stream-cores1,pcm_latency,l1_miss_latency,CORE19,20,46.41,ns
correlation-stream-cores1,pcm_latency,l1_miss_latency,CORE19,21,42.47,ns
correlation-stream-cores1,pcm_latency,l1_miss_latency,CORE19,22,44.38,ns
correlation-stream-cores1,pcm_latency,l1_miss_latency,CORE19,23,31.01,ns
correlation-stream-cores1,pcm_latency,l1_miss_latency,CORE19,24,46.58,ns
correlation-stream-cores1,pcm_latency,l1_miss_latency,CORE19,25,46.51,ns
correlation-stream-cores1,pcm_latency,l1_miss_latency,CORE19,26,46.07,ns
correlation-stream-cores1,pcm_latency,l1_miss_latency,CORE19,27,46.52,ns
correlation-stream-cores1,pcm_latency,l1_miss_latency,CORE19,28,45.98,ns
correlation-stream-cores1,pcm_latency,l1_miss_latency,CORE19,29,44.12,ns
correlation-stream-cores1,pcm_latency,l1_miss_latency,CORE19,30,38.56,ns
correlation-stream-cores1,pcm_latency,l1_miss_latency,CORE19,31,40.18,ns
correlation-stream-cores1,pcm_latency,l1_miss_latency,CORE19,32,46.18,ns
correlation-stream-cores1,pcm_latency,l1_miss_latency,CORE19,33,43.44,ns
correlation-stream-cores1,pcm_latency,l1_miss_latency,CORE19,34,39.3,ns
correlation-stream-cores1,pcm_latency,l1_miss_latency,CORE19,35,41.61,ns
correlation-stream-cores1,pcm_latency,l1_miss_latency,CORE19,36,47.05,ns
correlation-stream-cores1,pcm_latency,l1_miss_latency,CORE19,37,45.99,ns
correlation-stream-cores1,pcm_latency,l1_miss_latency,CORE19,38,48.35,ns
correlation-stream-cores1,pcm_latency,l1_miss_latency,CORE19,39,40.29,ns
correlation-stream-cores1,pcm_latency,l1_miss_latency,CORE19,40,47.24,ns
correlation-stream-cores1,pcm_latency,l1_miss_latency,CORE19,41,40.95,ns
correlation-stream-cores1,pcm_latency,l1_miss_latency,CORE19,42,40.03,ns
correlation-stream-cores1,pcm_latency,l1_miss_latency,CORE19,43,40.95,ns
correlation-stream-cores1,pcm_latency,l1_miss_latency,CORE19,44,45.34,ns
correlation-stream-cores1,pcm_latency,l1_miss_latency,CORE19,45,44.38,ns
correlation-stream-cores1,pcm_latency,l1_miss_latency,CORE19,46,41.91,ns
correlation-stream-cores1,pcm_latency,l1_miss_latency,CORE19,47,45.12,ns
correlation-stream-cores1,pcm_latency,l1_miss_latency,CORE19,48,44.62,ns
correlation-stream-cores1,pcm_latency,l1_miss_latency,CORE19,49,46.98,ns
correlation-stream-cores1,pcm_latency,l1_miss_latency,CORE19,50,45.19,ns
correlation-stream-cores1,pcm_latency,l1_miss_latency,CORE19,51,46.49,ns
correlation-stream-cores1,pcm_latency,l1_miss_latency,CORE19,52,41.98,ns
correlation-stream-cores1,pcm_latency,l1_miss_latency,CORE19,53,40.46,ns
correlation-stream-cores1,pcm_latency,l1_miss_latency,CORE19,54,40.64,ns
correlation-stream-cores1,pcm_latency,l1_miss_latency,CORE19,55,42.49,ns
correlation-stream-cores1,pcm_latency,l1_miss_latency,CORE19,56,40.98,ns
correlation-stream-cores1,pcm_latency,l1_miss_latency,CORE19,57,43.41,ns
correlation-stream-cores1,pcm_latency,l1_miss_latency,CORE19,58,47.04,ns
correlation-stream-cores1,pcm_latency,l1_miss_latency,CORE19,59,46.97,ns
correlation-stream-cores1,pcm_latency,l1_miss_latency,CORE20,0,28.59,ns
correlation-stream-cores1,pcm_latency,l1_miss_latency,CORE20,1,22.43,ns
correlation-stream-cores1,pcm_latency,l1_miss_latency,CORE20,2,25.23,ns
correlation-stream-cores1,pcm_latency,l1_miss_latency,CORE20,3,54.35,ns
correlation-stream-cores1,pcm_latency,l1_miss_latency,CORE20,4,26.01,ns
correlation-stream-cores1,pcm_latency,l1_miss_latency,CORE20,5,24.36,ns
correlation-stream-cores1,pcm_latency,l1_miss_latency,CORE20,6,26.38,ns
correlation-stream-cores1,pcm_latency,l1_miss_latency,CORE20,7,27.95,ns
correlation-stream-cores1,pcm_latency,l1_miss_latency,CORE20,8,26.61,ns
correlation-stream-cores1,pcm_latency,l1_miss_latency,CORE20,9,24.65,ns
correlation-stream-cores1,pcm_latency,l1_miss_latency,CORE20,10,26.67,ns
correlation-stream-cores1,pcm_latency,l1_miss_latency,CORE20,11,28.65,ns
correlation-stream-cores1,pcm_latency,l1_miss_latency,CORE20,12,27.59,ns
correlation-stream-cores1,pcm_latency,l1_miss_latency,CORE20,13,25.59,ns
correlation-stream-cores1,pcm_latency,l1_miss_latency,CORE20,14,27.49,ns
correlation-stream-cores1,pcm_latency,l1_miss_latency,CORE20,15,27.08,ns
correlation-stream-cores1,pcm_latency,l1_miss_latency,CORE20,16,25.9,ns
correlation-stream-cores1,pcm_latency,l1_miss_latency,CORE20,17,25.68,ns
correlation-stream-cores1,pcm_latency,l1_miss_latency,CORE20,18,24.94,ns
correlation-stream-cores1,pcm_latency,l1_miss_latency,CORE20,19,24.83,ns
correlation-stream-cores1,pcm_latency,l1_miss_latency,CORE20,20,26.69,ns
correlation-stream-cores1,pcm_latency,l1_miss_latency,CORE20,21,25.3,ns
correlation-stream-cores1,pcm_latency,l1_miss_latency,CORE20,22,25.37,ns
correlation-stream-cores1,pcm_latency,l1_miss_latency,CORE20,23,24.31,ns
correlation-stream-cores1,pcm_latency,l1_miss_latency,CORE20,24,25.88,ns
correlation-stream-cores1,pcm_latency,l1_miss_latency,CORE20,25,24.13,ns
correlation-stream-cores1,pcm_latency,l1_miss_latency,CORE20,26,28.65,ns
correlation-stream-cores1,pcm_latency,l1_miss_latency,CORE20,27,34.05,ns
correlation-stream-cores1,pcm_latency,l1_miss_latency,CORE20,28,28.15,ns
correlation-stream-cores1,pcm_latency,l1_miss_latency,CORE20,29,23.86,ns
correlation-stream-cores1,pcm_latency,l1_miss_latency,CORE20,30,27.13,ns
correlation-stream-cores1,pcm_latency,l1_miss_latency,CORE20,31,26.42,ns
correlation-stream-cores1,pcm_latency,l1_miss_latency,CORE20,32,29.22,ns
correlation-stream-cores1,pcm_latency,l1_miss_latency,CORE20,33,25.27,ns
correlation-stream-cores1,pcm_latency,l1_miss_latency,CORE20,34,27.29,ns
correlation-stream-cores1,pcm_latency,l1_miss_latency,CORE20,35,24.36,ns
correlation-stream-cores1,pcm_latency,l1_miss_latency,CORE20,36,26.53,ns
correlation-stream-cores1,pcm_latency,l1_miss_latency,CORE20,37,24.22,ns
correlation-stream-cores1,pcm_latency,l1_miss_latency,CORE20,38,26.43,ns
correlation-stream-cores1,pcm_latency,l1_miss_latency,CORE20,39,27.03,ns
correlation-stream-cores1,pcm_latency,l1_miss_latency,CORE20,40,25.74,ns
correlation-stream-cores1,pcm_latency,l1_miss_latency,CORE20,41,24.15,ns
correlation-stream-cores1,pcm_latency,l1_miss_latency,CORE20,42,18.89,ns
correlation-stream-cores1,pcm_latency,l1_miss_latency,CORE20,43,25.45,ns
correlation-stream-cores1,pcm_latency,l1_miss_latency,CORE20,44,24.51,ns
correlation-stream-cores1,pcm_latency,l1_miss_latency,CORE20,45,23.8,ns
correlation-stream-cores1,pcm_latency,l1_miss_latency,CORE20,46,26.31,ns
correlation-stream-cores1,pcm_latency,l1_miss_latency,CORE20,47,32.89,ns
correlation-stream-cores1,pcm_latency,l1_miss_latency,CORE20,48,27.9,ns
correlation-stream-cores1,pcm_latency,l1_miss_latency,CORE20,49,24.44,ns
correlation-stream-cores1,pcm_latency,l1_miss_latency,CORE20,50,26.9,ns
correlation-stream-cores1,pcm_latency,l1_miss_latency,CORE20,51,31.39,ns
correlation-stream-cores1,pcm_latency,l1_miss_latency,CORE20,52,29.25,ns
correlation-stream-cores1,pcm_latency,l1_miss_latency,CORE20,53,31.9,ns
correlation-stream-cores1,pcm_latency,l1_miss_latency,CORE20,54,22.3,ns
correlation-stream-cores1,pcm_latency,l1_miss_latency,CORE20,55,29.05,ns
correlation-stream-cores1,pcm_latency,l1_miss_latency,CORE20,56,29.49,ns
correlation-stream-cores1,pcm_latency,l1_miss_latency,CORE20,57,29.89,ns
correlation-stream-cores1,pcm_latency,l1_miss_latency,CORE20,58,19.13,ns
correlation-stream-cores1,pcm_latency,l1_miss_latency,CORE20,59,16.6,ns
correlation-stream-cores1,pcm_latency,l1_miss_latency,CORE21,0,44.41,ns
correlation-stream-cores1,pcm_latency,l1_miss_latency,CORE21,1,45.53,ns
correlation-stream-cores1,pcm_latency,l1_miss_latency,CORE21,2,45.08,ns
correlation-stream-cores1,pcm_latency,l1_miss_latency,CORE21,3,45.79,ns
correlation-stream-cores1,pcm_latency,l1_miss_latency,CORE21,4,45.99,ns
correlation-stream-cores1,pcm_latency,l1_miss_latency,CORE21,5,47.75,ns
correlation-stream-cores1,pcm_latency,l1_miss_latency,CORE21,6,46.1,ns
correlation-stream-cores1,pcm_latency,l1_miss_latency,CORE21,7,46.72,ns
correlation-stream-cores1,pcm_latency,l1_miss_latency,CORE21,8,48.4,ns
correlation-stream-cores1,pcm_latency,l1_miss_latency,CORE21,9,47.4,ns
correlation-stream-cores1,pcm_latency,l1_miss_latency,CORE21,10,46.54,ns
correlation-stream-cores1,pcm_latency,l1_miss_latency,CORE21,11,47.52,ns
correlation-stream-cores1,pcm_latency,l1_miss_latency,CORE21,12,46.11,ns
correlation-stream-cores1,pcm_latency,l1_miss_latency,CORE21,13,47.15,ns
correlation-stream-cores1,pcm_latency,l1_miss_latency,CORE21,14,47.31,ns
correlation-stream-cores1,pcm_latency,l1_miss_latency,CORE21,15,45.02,ns
correlation-stream-cores1,pcm_latency,l1_miss_latency,CORE21,16,46.43,ns
correlation-stream-cores1,pcm_latency,l1_miss_latency,CORE21,17,46.61,ns
correlation-stream-cores1,pcm_latency,l1_miss_latency,CORE21,18,43.95,ns
correlation-stream-cores1,pcm_latency,l1_miss_latency,CORE21,19,44.11,ns
correlation-stream-cores1,pcm_latency,l1_miss_latency,CORE21,20,44.55,ns
correlation-stream-cores1,pcm_latency,l1_miss_latency,CORE21,21,46.66,ns
correlation-stream-cores1,pcm_latency,l1_miss_latency,CORE21,22,44.19,ns
correlation-stream-cores1,pcm_latency,l1_miss_latency,CORE21,23,41.55,ns
correlation-stream-cores1,pcm_latency,l1_miss_latency,CORE21,24,33.6,ns
correlation-stream-cores1,pcm_latency,l1_miss_latency,CORE21,25,37.72,ns
correlation-stream-cores1,pcm_latency,l1_miss_latency,CORE21,26,40.14,ns
correlation-stream-cores1,pcm_latency,l1_miss_latency,CORE21,27,10.7,ns
correlation-stream-cores1,pcm_latency,l1_miss_latency,CORE21,28,45.18,ns
correlation-stream-cores1,pcm_latency,l1_miss_latency,CORE21,29,45.52,ns
correlation-stream-cores1,pcm_latency,l1_miss_latency,CORE21,30,46.12,ns
correlation-stream-cores1,pcm_latency,l1_miss_latency,CORE21,31,47.16,ns
correlation-stream-cores1,pcm_latency,l1_miss_latency,CORE21,32,38.43,ns
correlation-stream-cores1,pcm_latency,l1_miss_latency,CORE21,33,44.12,ns
correlation-stream-cores1,pcm_latency,l1_miss_latency,CORE21,34,46.16,ns
correlation-stream-cores1,pcm_latency,l1_miss_latency,CORE21,35,47.34,ns
correlation-stream-cores1,pcm_latency,l1_miss_latency,CORE21,36,45.48,ns
correlation-stream-cores1,pcm_latency,l1_miss_latency,CORE21,37,45.62,ns
correlation-stream-cores1,pcm_latency,l1_miss_latency,CORE21,38,46.87,ns
correlation-stream-cores1,pcm_latency,l1_miss_latency,CORE21,39,46.38,ns
correlation-stream-cores1,pcm_latency,l1_miss_latency,CORE21,40,46.45,ns
correlation-stream-cores1,pcm_latency,l1_miss_latency,CORE21,41,46.83,ns
correlation-stream-cores1,pcm_latency,l1_miss_latency,CORE21,42,46.6,ns
correlation-stream-cores1,pcm_latency,l1_miss_latency,CORE21,43,46.07,ns
correlation-stream-cores1,pcm_latency,l1_miss_latency,CORE21,44,47.8,ns
correlation-stream-cores1,pcm_latency,l1_miss_latency,CORE21,45,47.06,ns
correlation-stream-cores1,pcm_latency,l1_miss_latency,CORE21,46,41.36,ns
correlation-stream-cores1,pcm_latency,l1_miss_latency,CORE21,47,40.14,ns
correlation-stream-cores1,pcm_latency,l1_miss_latency,CORE21,48,31.66,ns
correlation-stream-cores1,pcm_latency,l1_miss_latency,CORE21,49,41.26,ns
correlation-stream-cores1,pcm_latency,l1_miss_latency,CORE21,50,45.16,ns
correlation-stream-cores1,pcm_latency,l1_miss_latency,CORE21,51,35.54,ns
correlation-stream-cores1,pcm_latency,l1_miss_latency,CORE21,52,45.64,ns
correlation-stream-cores1,pcm_latency,l1_miss_latency,CORE21,53,33.11,ns
correlation-stream-cores1,pcm_latency,l1_miss_latency,CORE21,54,30.7,ns
correlation-stream-cores1,pcm_latency,l1_miss_latency,CORE21,55,38.63,ns
correlation-stream-cores1,pcm_latency,l1_miss_latency,CORE21,56,32.62,ns
correlation-stream-cores1,pcm_latency,l1_miss_latency,CORE21,57,36.83,ns
correlation-stream-cores1,pcm_latency,l1_miss_latency,CORE21,58,32.45,ns
correlation-stream-cores1,pcm_latency,l1_miss_latency,CORE21,59,46.59,ns
correlation-stream-cores1,pcm_latency,l1_miss_latency,CORE22,0,36.28,ns
correlation-stream-cores1,pcm_latency,l1_miss_latency,CORE22,1,35.41,ns
correlation-stream-cores1,pcm_latency,l1_miss_latency,CORE22,2,37.31,ns
correlation-stream-cores1,pcm_latency,l1_miss_latency,CORE22,3,34.2,ns
correlation-stream-cores1,pcm_latency,l1_miss_latency,CORE22,4,34.66,ns
correlation-stream-cores1,pcm_latency,l1_miss_latency,CORE22,5,32.52,ns
correlation-stream-cores1,pcm_latency,l1_miss_latency,CORE22,6,36.41,ns
correlation-stream-cores1,pcm_latency,l1_miss_latency,CORE22,7,39.78,ns
correlation-stream-cores1,pcm_latency,l1_miss_latency,CORE22,8,46.39,ns
correlation-stream-cores1,pcm_latency,l1_miss_latency,CORE22,9,33.58,ns
correlation-stream-cores1,pcm_latency,l1_miss_latency,CORE22,10,45.09,ns
correlation-stream-cores1,pcm_latency,l1_miss_latency,CORE22,11,34.42,ns
correlation-stream-cores1,pcm_latency,l1_miss_latency,CORE22,12,35.12,ns
correlation-stream-cores1,pcm_latency,l1_miss_latency,CORE22,13,34.42,ns
correlation-stream-cores1,pcm_latency,l1_miss_latency,CORE22,14,34.63,ns
correlation-stream-cores1,pcm_latency,l1_miss_latency,CORE22,15,34.63,ns
correlation-stream-cores1,pcm_latency,l1_miss_latency,CORE22,16,37.43,ns
correlation-stream-cores1,pcm_latency,l1_miss_latency,CORE22,17,35.36,ns
correlation-stream-cores1,pcm_latency,l1_miss_latency,CORE22,18,36.42,ns
correlation-stream-cores1,pcm_latency,l1_miss_latency,CORE22,19,35.64,ns
correlation-stream-cores1,pcm_latency,l1_miss_latency,CORE22,20,35.3,ns
correlation-stream-cores1,pcm_latency,l1_miss_latency,CORE22,21,34.97,ns
correlation-stream-cores1,pcm_latency,l1_miss_latency,CORE22,22,36.71,ns
correlation-stream-cores1,pcm_latency,l1_miss_latency,CORE22,23,23.54,ns
correlation-stream-cores1,pcm_latency,l1_miss_latency,CORE22,24,38.46,ns
correlation-stream-cores1,pcm_latency,l1_miss_latency,CORE22,25,35.84,ns
correlation-stream-cores1,pcm_latency,l1_miss_latency,CORE22,26,37.36,ns
correlation-stream-cores1,pcm_latency,l1_miss_latency,CORE22,27,35.19,ns
correlation-stream-cores1,pcm_latency,l1_miss_latency,CORE22,28,37.43,ns
correlation-stream-cores1,pcm_latency,l1_miss_latency,CORE22,29,35.25,ns
correlation-stream-cores1,pcm_latency,l1_miss_latency,CORE22,30,35.33,ns
correlation-stream-cores1,pcm_latency,l1_miss_latency,CORE22,31,35.04,ns
correlation-stream-cores1,pcm_latency,l1_miss_latency,CORE22,32,34.88,ns
correlation-stream-cores1,pcm_latency,l1_miss_latency,CORE22,33,36.28,ns
correlation-stream-cores1,pcm_latency,l1_miss_latency,CORE22,34,34.26,ns
correlation-stream-cores1,pcm_latency,l1_miss_latency,CORE22,35,34.92,ns
correlation-stream-cores1,pcm_latency,l1_miss_latency,CORE22,36,33.69,ns
correlation-stream-cores1,pcm_latency,l1_miss_latency,CORE22,37,33.35,ns
correlation-stream-cores1,pcm_latency,l1_miss_latency,CORE22,38,40.94,ns
correlation-stream-cores1,pcm_latency,l1_miss_latency,CORE22,39,31.58,ns
correlation-stream-cores1,pcm_latency,l1_miss_latency,CORE22,40,32.59,ns
correlation-stream-cores1,pcm_latency,l1_miss_latency,CORE22,41,30.5,ns
correlation-stream-cores1,pcm_latency,l1_miss_latency,CORE22,42,33.53,ns
correlation-stream-cores1,pcm_latency,l1_miss_latency,CORE22,43,32.6,ns
correlation-stream-cores1,pcm_latency,l1_miss_latency,CORE22,44,34.22,ns
correlation-stream-cores1,pcm_latency,l1_miss_latency,CORE22,45,36.82,ns
correlation-stream-cores1,pcm_latency,l1_miss_latency,CORE22,46,33.11,ns
correlation-stream-cores1,pcm_latency,l1_miss_latency,CORE22,47,38.99,ns
correlation-stream-cores1,pcm_latency,l1_miss_latency,CORE22,48,35.77,ns
correlation-stream-cores1,pcm_latency,l1_miss_latency,CORE22,49,33.74,ns
correlation-stream-cores1,pcm_latency,l1_miss_latency,CORE22,50,35.06,ns
correlation-stream-cores1,pcm_latency,l1_miss_latency,CORE22,51,32.7,ns
correlation-stream-cores1,pcm_latency,l1_miss_latency,CORE22,52,31.49,ns
correlation-stream-cores1,pcm_latency,l1_miss_latency,CORE22,53,32.05,ns
correlation-stream-cores1,pcm_latency,l1_miss_latency,CORE22,54,32.75,ns
correlation-stream-cores1,pcm_latency,l1_miss_latency,CORE22,55,33.05,ns
correlation-stream-cores1,pcm_latency,l1_miss_latency,CORE22,56,37.59,ns
correlation-stream-cores1,pcm_latency,l1_miss_latency,CORE22,57,34.22,ns
correlation-stream-cores1,pcm_latency,l1_miss_latency,CORE22,58,35.59,ns
correlation-stream-cores1,pcm_latency,l1_miss_latency,CORE22,59,34.97,ns
correlation-stream-cores1,pcm_latency,l1_miss_latency,CORE23,0,45.39,ns
correlation-stream-cores1,pcm_latency,l1_miss_latency,CORE23,1,39.71,ns
correlation-stream-cores1,pcm_latency,l1_miss_latency,CORE23,2,42.7,ns
correlation-stream-cores1,pcm_latency,l1_miss_latency,CORE23,3,38.73,ns
correlation-stream-cores1,pcm_latency,l1_miss_latency,CORE23,4,37.46,ns
correlation-stream-cores1,pcm_latency,l1_miss_latency,CORE23,5,42.21,ns
correlation-stream-cores1,pcm_latency,l1_miss_latency,CORE23,6,36.0,ns
correlation-stream-cores1,pcm_latency,l1_miss_latency,CORE23,7,40.28,ns
correlation-stream-cores1,pcm_latency,l1_miss_latency,CORE23,8,36.61,ns
correlation-stream-cores1,pcm_latency,l1_miss_latency,CORE23,9,38.82,ns
correlation-stream-cores1,pcm_latency,l1_miss_latency,CORE23,10,38.51,ns
correlation-stream-cores1,pcm_latency,l1_miss_latency,CORE23,11,35.78,ns
correlation-stream-cores1,pcm_latency,l1_miss_latency,CORE23,12,32.78,ns
correlation-stream-cores1,pcm_latency,l1_miss_latency,CORE23,13,37.71,ns
correlation-stream-cores1,pcm_latency,l1_miss_latency,CORE23,14,37.16,ns
correlation-stream-cores1,pcm_latency,l1_miss_latency,CORE23,15,37.74,ns
correlation-stream-cores1,pcm_latency,l1_miss_latency,CORE23,16,41.1,ns
correlation-stream-cores1,pcm_latency,l1_miss_latency,CORE23,17,57.46,ns
correlation-stream-cores1,pcm_latency,l1_miss_latency,CORE23,18,55.07,ns
correlation-stream-cores1,pcm_latency,l1_miss_latency,CORE23,19,58.92,ns
correlation-stream-cores1,pcm_latency,l1_miss_latency,CORE23,20,56.66,ns
correlation-stream-cores1,pcm_latency,l1_miss_latency,CORE23,21,56.61,ns
correlation-stream-cores1,pcm_latency,l1_miss_latency,CORE23,22,54.27,ns
correlation-stream-cores1,pcm_latency,l1_miss_latency,CORE23,23,48.34,ns
correlation-stream-cores1,pcm_latency,l1_miss_latency,CORE23,24,49.65,ns
correlation-stream-cores1,pcm_latency,l1_miss_latency,CORE23,25,55.15,ns
correlation-stream-cores1,pcm_latency,l1_miss_latency,CORE23,26,55.07,ns
correlation-stream-cores1,pcm_latency,l1_miss_latency,CORE23,27,27.83,ns
correlation-stream-cores1,pcm_latency,l1_miss_latency,CORE23,28,56.23,ns
correlation-stream-cores1,pcm_latency,l1_miss_latency,CORE23,29,56.09,ns
correlation-stream-cores1,pcm_latency,l1_miss_latency,CORE23,30,55.32,ns
correlation-stream-cores1,pcm_latency,l1_miss_latency,CORE23,31,55.27,ns
correlation-stream-cores1,pcm_latency,l1_miss_latency,CORE23,32,55.49,ns
correlation-stream-cores1,pcm_latency,l1_miss_latency,CORE23,33,54.59,ns
correlation-stream-cores1,pcm_latency,l1_miss_latency,CORE23,34,56.86,ns
correlation-stream-cores1,pcm_latency,l1_miss_latency,CORE23,35,56.0,ns
correlation-stream-cores1,pcm_latency,l1_miss_latency,CORE23,36,58.67,ns
correlation-stream-cores1,pcm_latency,l1_miss_latency,CORE23,37,57.67,ns
correlation-stream-cores1,pcm_latency,l1_miss_latency,CORE23,38,54.77,ns
correlation-stream-cores1,pcm_latency,l1_miss_latency,CORE23,39,55.67,ns
correlation-stream-cores1,pcm_latency,l1_miss_latency,CORE23,40,55.57,ns
correlation-stream-cores1,pcm_latency,l1_miss_latency,CORE23,41,56.81,ns
correlation-stream-cores1,pcm_latency,l1_miss_latency,CORE23,42,54.8,ns
correlation-stream-cores1,pcm_latency,l1_miss_latency,CORE23,43,56.27,ns
correlation-stream-cores1,pcm_latency,l1_miss_latency,CORE23,44,53.77,ns
correlation-stream-cores1,pcm_latency,l1_miss_latency,CORE23,45,56.34,ns
correlation-stream-cores1,pcm_latency,l1_miss_latency,CORE23,46,54.19,ns
correlation-stream-cores1,pcm_latency,l1_miss_latency,CORE23,47,55.36,ns
correlation-stream-cores1,pcm_latency,l1_miss_latency,CORE23,48,54.78,ns
correlation-stream-cores1,pcm_latency,l1_miss_latency,CORE23,49,52.75,ns
correlation-stream-cores1,pcm_latency,l1_miss_latency,CORE23,50,56.35,ns
correlation-stream-cores1,pcm_latency,l1_miss_latency,CORE23,51,55.88,ns
correlation-stream-cores1,pcm_latency,l1_miss_latency,CORE23,52,56.61,ns
correlation-stream-cores1,pcm_latency,l1_miss_latency,CORE23,53,57.49,ns
correlation-stream-cores1,pcm_latency,l1_miss_latency,CORE23,54,56.69,ns
correlation-stream-cores1,pcm_latency,l1_miss_latency,CORE23,55,57.85,ns
correlation-stream-cores1,pcm_latency,l1_miss_latency,CORE23,56,59.05,ns
correlation-stream-cores1,pcm_latency,l1_miss_latency,CORE23,57,50.5,ns
correlation-stream-cores1,pcm_latency,l1_miss_latency,CORE23,58,54.36,ns
correlation-stream-cores1,pcm_latency,l1_miss_latency,CORE23,59,52.07,ns
correlation-stream-cores1,pcm_latency,l1_miss_latency,CORE24,0,41.13,ns
correlation-stream-cores1,pcm_latency,l1_miss_latency,CORE24,1,36.04,ns
correlation-stream-cores1,pcm_latency,l1_miss_latency,CORE24,2,39.71,ns
correlation-stream-cores1,pcm_latency,l1_miss_latency,CORE24,3,47.17,ns
correlation-stream-cores1,pcm_latency,l1_miss_latency,CORE24,4,47.87,ns
correlation-stream-cores1,pcm_latency,l1_miss_latency,CORE24,5,47.42,ns
correlation-stream-cores1,pcm_latency,l1_miss_latency,CORE24,6,42.74,ns
correlation-stream-cores1,pcm_latency,l1_miss_latency,CORE24,7,44.61,ns
correlation-stream-cores1,pcm_latency,l1_miss_latency,CORE24,8,36.5,ns
correlation-stream-cores1,pcm_latency,l1_miss_latency,CORE24,9,35.51,ns
correlation-stream-cores1,pcm_latency,l1_miss_latency,CORE24,10,39.27,ns
correlation-stream-cores1,pcm_latency,l1_miss_latency,CORE24,11,37.28,ns
correlation-stream-cores1,pcm_latency,l1_miss_latency,CORE24,12,48.75,ns
correlation-stream-cores1,pcm_latency,l1_miss_latency,CORE24,13,36.19,ns
correlation-stream-cores1,pcm_latency,l1_miss_latency,CORE24,14,41.59,ns
correlation-stream-cores1,pcm_latency,l1_miss_latency,CORE24,15,37.8,ns
correlation-stream-cores1,pcm_latency,l1_miss_latency,CORE24,16,41.1,ns
correlation-stream-cores1,pcm_latency,l1_miss_latency,CORE24,17,35.4,ns
correlation-stream-cores1,pcm_latency,l1_miss_latency,CORE24,18,35.6,ns
correlation-stream-cores1,pcm_latency,l1_miss_latency,CORE24,19,42.79,ns
correlation-stream-cores1,pcm_latency,l1_miss_latency,CORE24,20,56.7,ns
correlation-stream-cores1,pcm_latency,l1_miss_latency,CORE24,21,34.76,ns
correlation-stream-cores1,pcm_latency,l1_miss_latency,CORE24,22,39.59,ns
correlation-stream-cores1,pcm_latency,l1_miss_latency,CORE24,23,34.23,ns
correlation-stream-cores1,pcm_latency,l1_miss_latency,CORE24,24,29.15,ns
correlation-stream-cores1,pcm_latency,l1_miss_latency,CORE24,25,40.66,ns
correlation-stream-cores1,pcm_latency,l1_miss_latency,CORE24,26,34.91,ns
correlation-stream-cores1,pcm_latency,l1_miss_latency,CORE24,27,17.84,ns
correlation-stream-cores1,pcm_latency,l1_miss_latency,CORE24,28,35.51,ns
correlation-stream-cores1,pcm_latency,l1_miss_latency,CORE24,29,40.25,ns
correlation-stream-cores1,pcm_latency,l1_miss_latency,CORE24,30,38.3,ns
correlation-stream-cores1,pcm_latency,l1_miss_latency,CORE24,31,42.48,ns
correlation-stream-cores1,pcm_latency,l1_miss_latency,CORE24,32,38.23,ns
correlation-stream-cores1,pcm_latency,l1_miss_latency,CORE24,33,40.37,ns
correlation-stream-cores1,pcm_latency,l1_miss_latency,CORE24,34,42.0,ns
correlation-stream-cores1,pcm_latency,l1_miss_latency,CORE24,35,35.73,ns
correlation-stream-cores1,pcm_latency,l1_miss_latency,CORE24,36,39.64,ns
correlation-stream-cores1,pcm_latency,l1_miss_latency,CORE24,37,37.48,ns
correlation-stream-cores1,pcm_latency,l1_miss_latency,CORE24,38,42.44,ns
correlation-stream-cores1,pcm_latency,l1_miss_latency,CORE24,39,40.52,ns
correlation-stream-cores1,pcm_latency,l1_miss_latency,CORE24,40,40.87,ns
correlation-stream-cores1,pcm_latency,l1_miss_latency,CORE24,41,40.78,ns
correlation-stream-cores1,pcm_latency,l1_miss_latency,CORE24,42,41.59,ns
correlation-stream-cores1,pcm_latency,l1_miss_latency,CORE24,43,39.52,ns
correlation-stream-cores1,pcm_latency,l1_miss_latency,CORE24,44,38.83,ns
correlation-stream-cores1,pcm_latency,l1_miss_latency,CORE24,45,44.4,ns
correlation-stream-cores1,pcm_latency,l1_miss_latency,CORE24,46,34.93,ns
correlation-stream-cores1,pcm_latency,l1_miss_latency,CORE24,47,54.85,ns
correlation-stream-cores1,pcm_latency,l1_miss_latency,CORE24,48,41.02,ns
correlation-stream-cores1,pcm_latency,l1_miss_latency,CORE24,49,38.24,ns
correlation-stream-cores1,pcm_latency,l1_miss_latency,CORE24,50,42.08,ns
correlation-stream-cores1,pcm_latency,l1_miss_latency,CORE24,51,38.44,ns
correlation-stream-cores1,pcm_latency,l1_miss_latency,CORE24,52,39.27,ns
correlation-stream-cores1,pcm_latency,l1_miss_latency,CORE24,53,41.42,ns
correlation-stream-cores1,pcm_latency,l1_miss_latency,CORE24,54,50.85,ns
correlation-stream-cores1,pcm_latency,l1_miss_latency,CORE24,55,43.15,ns
correlation-stream-cores1,pcm_latency,l1_miss_latency,CORE24,56,36.08,ns
correlation-stream-cores1,pcm_latency,l1_miss_latency,CORE24,57,28.07,ns
correlation-stream-cores1,pcm_latency,l1_miss_latency,CORE24,58,46.05,ns
correlation-stream-cores1,pcm_latency,l1_miss_latency,CORE24,59,40.5,ns
correlation-stream-cores1,pcm_latency,l1_miss_latency,CORE25,0,49.42,ns
correlation-stream-cores1,pcm_latency,l1_miss_latency,CORE25,1,47.09,ns
correlation-stream-cores1,pcm_latency,l1_miss_latency,CORE25,2,48.91,ns
correlation-stream-cores1,pcm_latency,l1_miss_latency,CORE25,3,50.31,ns
correlation-stream-cores1,pcm_latency,l1_miss_latency,CORE25,4,47.82,ns
correlation-stream-cores1,pcm_latency,l1_miss_latency,CORE25,5,50.24,ns
correlation-stream-cores1,pcm_latency,l1_miss_latency,CORE25,6,45.84,ns
correlation-stream-cores1,pcm_latency,l1_miss_latency,CORE25,7,51.96,ns
correlation-stream-cores1,pcm_latency,l1_miss_latency,CORE25,8,49.04,ns
correlation-stream-cores1,pcm_latency,l1_miss_latency,CORE25,9,48.04,ns
correlation-stream-cores1,pcm_latency,l1_miss_latency,CORE25,10,47.63,ns
correlation-stream-cores1,pcm_latency,l1_miss_latency,CORE25,11,45.54,ns
correlation-stream-cores1,pcm_latency,l1_miss_latency,CORE25,12,48.39,ns
correlation-stream-cores1,pcm_latency,l1_miss_latency,CORE25,13,48.68,ns
correlation-stream-cores1,pcm_latency,l1_miss_latency,CORE25,14,52.17,ns
correlation-stream-cores1,pcm_latency,l1_miss_latency,CORE25,15,51.98,ns
correlation-stream-cores1,pcm_latency,l1_miss_latency,CORE25,16,50.59,ns
correlation-stream-cores1,pcm_latency,l1_miss_latency,CORE25,17,33.46,ns
correlation-stream-cores1,pcm_latency,l1_miss_latency,CORE25,18,37.38,ns
correlation-stream-cores1,pcm_latency,l1_miss_latency,CORE25,19,41.56,ns
correlation-stream-cores1,pcm_latency,l1_miss_latency,CORE25,20,34.92,ns
correlation-stream-cores1,pcm_latency,l1_miss_latency,CORE25,21,37.65,ns
correlation-stream-cores1,pcm_latency,l1_miss_latency,CORE25,22,44.41,ns
correlation-stream-cores1,pcm_latency,l1_miss_latency,CORE25,23,39.97,ns
correlation-stream-cores1,pcm_latency,l1_miss_latency,CORE25,24,40.53,ns
correlation-stream-cores1,pcm_latency,l1_miss_latency,CORE25,25,37.49,ns
correlation-stream-cores1,pcm_latency,l1_miss_latency,CORE25,26,37.88,ns
correlation-stream-cores1,pcm_latency,l1_miss_latency,CORE25,27,54.49,ns
correlation-stream-cores1,pcm_latency,l1_miss_latency,CORE25,28,41.77,ns
correlation-stream-cores1,pcm_latency,l1_miss_latency,CORE25,29,35.72,ns
correlation-stream-cores1,pcm_latency,l1_miss_latency,CORE25,30,39.47,ns
correlation-stream-cores1,pcm_latency,l1_miss_latency,CORE25,31,42.44,ns
correlation-stream-cores1,pcm_latency,l1_miss_latency,CORE25,32,48.53,ns
correlation-stream-cores1,pcm_latency,l1_miss_latency,CORE25,33,38.78,ns
correlation-stream-cores1,pcm_latency,l1_miss_latency,CORE25,34,41.62,ns
correlation-stream-cores1,pcm_latency,l1_miss_latency,CORE25,35,41.64,ns
correlation-stream-cores1,pcm_latency,l1_miss_latency,CORE25,36,39.13,ns
correlation-stream-cores1,pcm_latency,l1_miss_latency,CORE25,37,37.33,ns
correlation-stream-cores1,pcm_latency,l1_miss_latency,CORE25,38,45.44,ns
correlation-stream-cores1,pcm_latency,l1_miss_latency,CORE25,39,38.46,ns
correlation-stream-cores1,pcm_latency,l1_miss_latency,CORE25,40,36.19,ns
correlation-stream-cores1,pcm_latency,l1_miss_latency,CORE25,41,40.47,ns
correlation-stream-cores1,pcm_latency,l1_miss_latency,CORE25,42,39.87,ns
correlation-stream-cores1,pcm_latency,l1_miss_latency,CORE25,43,40.82,ns
correlation-stream-cores1,pcm_latency,l1_miss_latency,CORE25,44,42.27,ns
correlation-stream-cores1,pcm_latency,l1_miss_latency,CORE25,45,38.74,ns
correlation-stream-cores1,pcm_latency,l1_miss_latency,CORE25,46,37.33,ns
correlation-stream-cores1,pcm_latency,l1_miss_latency,CORE25,47,43.73,ns
correlation-stream-cores1,pcm_latency,l1_miss_latency,CORE25,48,41.96,ns
correlation-stream-cores1,pcm_latency,l1_miss_latency,CORE25,49,33.65,ns
correlation-stream-cores1,pcm_latency,l1_miss_latency,CORE25,50,41.98,ns
correlation-stream-cores1,pcm_latency,l1_miss_latency,CORE25,51,38.11,ns
correlation-stream-cores1,pcm_latency,l1_miss_latency,CORE25,52,40.16,ns
correlation-stream-cores1,pcm_latency,l1_miss_latency,CORE25,53,41.09,ns
correlation-stream-cores1,pcm_latency,l1_miss_latency,CORE25,54,39.39,ns
correlation-stream-cores1,pcm_latency,l1_miss_latency,CORE25,55,42.85,ns
correlation-stream-cores1,pcm_latency,l1_miss_latency,CORE25,56,41.35,ns
correlation-stream-cores1,pcm_latency,l1_miss_latency,CORE25,57,45.73,ns
correlation-stream-cores1,pcm_latency,l1_miss_latency,CORE25,58,38.51,ns
correlation-stream-cores1,pcm_latency,l1_miss_latency,CORE25,59,43.58,ns
correlation-stream-cores1,pcm_latency,l1_miss_latency,CORE26,0,40.97,ns
correlation-stream-cores1,pcm_latency,l1_miss_latency,CORE26,1,40.17,ns
correlation-stream-cores1,pcm_latency,l1_miss_latency,CORE26,2,40.71,ns
correlation-stream-cores1,pcm_latency,l1_miss_latency,CORE26,3,40.17,ns
correlation-stream-cores1,pcm_latency,l1_miss_latency,CORE26,4,46.85,ns
correlation-stream-cores1,pcm_latency,l1_miss_latency,CORE26,5,56.17,ns
correlation-stream-cores1,pcm_latency,l1_miss_latency,CORE26,6,36.2,ns
correlation-stream-cores1,pcm_latency,l1_miss_latency,CORE26,7,43.4,ns
correlation-stream-cores1,pcm_latency,l1_miss_latency,CORE26,8,35.58,ns
correlation-stream-cores1,pcm_latency,l1_miss_latency,CORE26,9,37.49,ns
correlation-stream-cores1,pcm_latency,l1_miss_latency,CORE26,10,57.21,ns
correlation-stream-cores1,pcm_latency,l1_miss_latency,CORE26,11,40.71,ns
correlation-stream-cores1,pcm_latency,l1_miss_latency,CORE26,12,41.91,ns
correlation-stream-cores1,pcm_latency,l1_miss_latency,CORE26,13,31.47,ns
correlation-stream-cores1,pcm_latency,l1_miss_latency,CORE26,14,40.67,ns
correlation-stream-cores1,pcm_latency,l1_miss_latency,CORE26,15,38.98,ns
correlation-stream-cores1,pcm_latency,l1_miss_latency,CORE26,16,56.79,ns
correlation-stream-cores1,pcm_latency,l1_miss_latency,CORE26,17,32.33,ns
correlation-stream-cores1,pcm_latency,l1_miss_latency,CORE26,18,39.43,ns
correlation-stream-cores1,pcm_latency,l1_miss_latency,CORE26,19,40.63,ns
correlation-stream-cores1,pcm_latency,l1_miss_latency,CORE26,20,36.8,ns
correlation-stream-cores1,pcm_latency,l1_miss_latency,CORE26,21,39.76,ns
correlation-stream-cores1,pcm_latency,l1_miss_latency,CORE26,22,56.75,ns
correlation-stream-cores1,pcm_latency,l1_miss_latency,CORE26,23,14.01,ns
correlation-stream-cores1,pcm_latency,l1_miss_latency,CORE26,24,40.97,ns
correlation-stream-cores1,pcm_latency,l1_miss_latency,CORE26,25,36.43,ns
correlation-stream-cores1,pcm_latency,l1_miss_latency,CORE26,26,32.33,ns
correlation-stream-cores1,pcm_latency,l1_miss_latency,CORE26,27,20.94,ns
correlation-stream-cores1,pcm_latency,l1_miss_latency,CORE26,28,52.84,ns
correlation-stream-cores1,pcm_latency,l1_miss_latency,CORE26,29,40.71,ns
correlation-stream-cores1,pcm_latency,l1_miss_latency,CORE26,30,35.46,ns
correlation-stream-cores1,pcm_latency,l1_miss_latency,CORE26,31,39.68,ns
correlation-stream-cores1,pcm_latency,l1_miss_latency,CORE26,32,37.43,ns
correlation-stream-cores1,pcm_latency,l1_miss_latency,CORE26,33,38.67,ns
correlation-stream-cores1,pcm_latency,l1_miss_latency,CORE26,34,58.05,ns
correlation-stream-cores1,pcm_latency,l1_miss_latency,CORE26,35,42.97,ns
correlation-stream-cores1,pcm_latency,l1_miss_latency,CORE26,36,35.74,ns
correlation-stream-cores1,pcm_latency,l1_miss_latency,CORE26,37,49.68,ns
correlation-stream-cores1,pcm_latency,l1_miss_latency,CORE26,38,44.62,ns
correlation-stream-cores1,pcm_latency,l1_miss_latency,CORE26,39,38.83,ns
correlation-stream-cores1,pcm_latency,l1_miss_latency,CORE26,40,59.39,ns
correlation-stream-cores1,pcm_latency,l1_miss_latency,CORE26,41,37.46,ns
correlation-stream-cores1,pcm_latency,l1_miss_latency,CORE26,42,38.33,ns
correlation-stream-cores1,pcm_latency,l1_miss_latency,CORE26,43,36.97,ns
correlation-stream-cores1,pcm_latency,l1_miss_latency,CORE26,44,39.5,ns
correlation-stream-cores1,pcm_latency,l1_miss_latency,CORE26,45,54.1,ns
correlation-stream-cores1,pcm_latency,l1_miss_latency,CORE26,46,35.76,ns
correlation-stream-cores1,pcm_latency,l1_miss_latency,CORE26,47,37.38,ns
correlation-stream-cores1,pcm_latency,l1_miss_latency,CORE26,48,36.84,ns
correlation-stream-cores1,pcm_latency,l1_miss_latency,CORE26,49,36.8,ns
correlation-stream-cores1,pcm_latency,l1_miss_latency,CORE26,50,40.61,ns
correlation-stream-cores1,pcm_latency,l1_miss_latency,CORE26,51,52.16,ns
correlation-stream-cores1,pcm_latency,l1_miss_latency,CORE26,52,38.78,ns
correlation-stream-cores1,pcm_latency,l1_miss_latency,CORE26,53,38.61,ns
correlation-stream-cores1,pcm_latency,l1_miss_latency,CORE26,54,35.83,ns
correlation-stream-cores1,pcm_latency,l1_miss_latency,CORE26,55,42.98,ns
correlation-stream-cores1,pcm_latency,l1_miss_latency,CORE26,56,39.66,ns
correlation-stream-cores1,pcm_latency,l1_miss_latency,CORE26,57,54.6,ns
correlation-stream-cores1,pcm_latency,l1_miss_latency,CORE26,58,35.34,ns
correlation-stream-cores1,pcm_latency,l1_miss_latency,CORE26,59,40.41,ns
correlation-stream-cores1,pcm_latency,l1_miss_latency,CORE27,0,45.27,ns
correlation-stream-cores1,pcm_latency,l1_miss_latency,CORE27,1,47.05,ns
correlation-stream-cores1,pcm_latency,l1_miss_latency,CORE27,2,44.13,ns
correlation-stream-cores1,pcm_latency,l1_miss_latency,CORE27,3,48.58,ns
correlation-stream-cores1,pcm_latency,l1_miss_latency,CORE27,4,45.88,ns
correlation-stream-cores1,pcm_latency,l1_miss_latency,CORE27,5,45.1,ns
correlation-stream-cores1,pcm_latency,l1_miss_latency,CORE27,6,46.27,ns
correlation-stream-cores1,pcm_latency,l1_miss_latency,CORE27,7,48.4,ns
correlation-stream-cores1,pcm_latency,l1_miss_latency,CORE27,8,46.62,ns
correlation-stream-cores1,pcm_latency,l1_miss_latency,CORE27,9,48.05,ns
correlation-stream-cores1,pcm_latency,l1_miss_latency,CORE27,10,45.96,ns
correlation-stream-cores1,pcm_latency,l1_miss_latency,CORE27,11,45.88,ns
correlation-stream-cores1,pcm_latency,l1_miss_latency,CORE27,12,45.56,ns
correlation-stream-cores1,pcm_latency,l1_miss_latency,CORE27,13,48.49,ns
correlation-stream-cores1,pcm_latency,l1_miss_latency,CORE27,14,47.77,ns
correlation-stream-cores1,pcm_latency,l1_miss_latency,CORE27,15,48.64,ns
correlation-stream-cores1,pcm_latency,l1_miss_latency,CORE27,16,47.36,ns
correlation-stream-cores1,pcm_latency,l1_miss_latency,CORE27,17,38.16,ns
correlation-stream-cores1,pcm_latency,l1_miss_latency,CORE27,18,40.48,ns
correlation-stream-cores1,pcm_latency,l1_miss_latency,CORE27,19,37.68,ns
correlation-stream-cores1,pcm_latency,l1_miss_latency,CORE27,20,38.79,ns
correlation-stream-cores1,pcm_latency,l1_miss_latency,CORE27,21,39.8,ns
correlation-stream-cores1,pcm_latency,l1_miss_latency,CORE27,22,37.36,ns
correlation-stream-cores1,pcm_latency,l1_miss_latency,CORE27,23,20.9,ns
correlation-stream-cores1,pcm_latency,l1_miss_latency,CORE27,24,36.29,ns
correlation-stream-cores1,pcm_latency,l1_miss_latency,CORE27,25,37.18,ns
correlation-stream-cores1,pcm_latency,l1_miss_latency,CORE27,26,41.69,ns
correlation-stream-cores1,pcm_latency,l1_miss_latency,CORE27,27,38.82,ns
correlation-stream-cores1,pcm_latency,l1_miss_latency,CORE27,28,41.03,ns
correlation-stream-cores1,pcm_latency,l1_miss_latency,CORE27,29,36.82,ns
correlation-stream-cores1,pcm_latency,l1_miss_latency,CORE27,30,36.85,ns
correlation-stream-cores1,pcm_latency,l1_miss_latency,CORE27,31,37.64,ns
correlation-stream-cores1,pcm_latency,l1_miss_latency,CORE27,32,36.57,ns
correlation-stream-cores1,pcm_latency,l1_miss_latency,CORE27,33,33.74,ns
correlation-stream-cores1,pcm_latency,l1_miss_latency,CORE27,34,38.35,ns
correlation-stream-cores1,pcm_latency,l1_miss_latency,CORE27,35,37.8,ns
correlation-stream-cores1,pcm_latency,l1_miss_latency,CORE27,36,37.0,ns
correlation-stream-cores1,pcm_latency,l1_miss_latency,CORE27,37,36.77,ns
correlation-stream-cores1,pcm_latency,l1_miss_latency,CORE27,38,37.0,ns
correlation-stream-cores1,pcm_latency,l1_miss_latency,CORE27,39,35.32,ns
correlation-stream-cores1,pcm_latency,l1_miss_latency,CORE27,40,38.07,ns
correlation-stream-cores1,pcm_latency,l1_miss_latency,CORE27,41,37.03,ns
correlation-stream-cores1,pcm_latency,l1_miss_latency,CORE27,42,38.31,ns
correlation-stream-cores1,pcm_latency,l1_miss_latency,CORE27,43,39.88,ns
correlation-stream-cores1,pcm_latency,l1_miss_latency,CORE27,44,33.61,ns
correlation-stream-cores1,pcm_latency,l1_miss_latency,CORE27,45,37.85,ns
correlation-stream-cores1,pcm_latency,l1_miss_latency,CORE27,46,33.84,ns
correlation-stream-cores1,pcm_latency,l1_miss_latency,CORE27,47,33.7,ns
correlation-stream-cores1,pcm_latency,l1_miss_latency,CORE27,48,33.25,ns
correlation-stream-cores1,pcm_latency,l1_miss_latency,CORE27,49,30.52,ns
correlation-stream-cores1,pcm_latency,l1_miss_latency,CORE27,50,37.81,ns
correlation-stream-cores1,pcm_latency,l1_miss_latency,CORE27,51,35.1,ns
correlation-stream-cores1,pcm_latency,l1_miss_latency,CORE27,52,36.96,ns
correlation-stream-cores1,pcm_latency,l1_miss_latency,CORE27,53,37.02,ns
correlation-stream-cores1,pcm_latency,l1_miss_latency,CORE27,54,35.68,ns
correlation-stream-cores1,pcm_latency,l1_miss_latency,CORE27,55,38.02,ns
correlation-stream-cores1,pcm_latency,l1_miss_latency,CORE27,56,38.34,ns
correlation-stream-cores1,pcm_latency,l1_miss_latency,CORE27,57,22.92,ns
correlation-stream-cores1,pcm_latency,l1_miss_latency,CORE27,58,50.91,ns
correlation-stream-cores1,pcm_latency,l1_miss_latency,CORE27,59,27.66,ns
correlation-stream-cores1,pcm_latency,l1_miss_latency,CORE28,0,50.35,ns
correlation-stream-cores1,pcm_latency,l1_miss_latency,CORE28,1,53.68,ns
correlation-stream-cores1,pcm_latency,l1_miss_latency,CORE28,2,52.85,ns
correlation-stream-cores1,pcm_latency,l1_miss_latency,CORE28,3,51.31,ns
correlation-stream-cores1,pcm_latency,l1_miss_latency,CORE28,4,52.21,ns
correlation-stream-cores1,pcm_latency,l1_miss_latency,CORE28,5,52.09,ns
correlation-stream-cores1,pcm_latency,l1_miss_latency,CORE28,6,54.51,ns
correlation-stream-cores1,pcm_latency,l1_miss_latency,CORE28,7,51.85,ns
correlation-stream-cores1,pcm_latency,l1_miss_latency,CORE28,8,52.47,ns
correlation-stream-cores1,pcm_latency,l1_miss_latency,CORE28,9,53.46,ns
correlation-stream-cores1,pcm_latency,l1_miss_latency,CORE28,10,51.86,ns
correlation-stream-cores1,pcm_latency,l1_miss_latency,CORE28,11,50.81,ns
correlation-stream-cores1,pcm_latency,l1_miss_latency,CORE28,12,52.75,ns
correlation-stream-cores1,pcm_latency,l1_miss_latency,CORE28,13,54.48,ns
correlation-stream-cores1,pcm_latency,l1_miss_latency,CORE28,14,54.24,ns
correlation-stream-cores1,pcm_latency,l1_miss_latency,CORE28,15,53.39,ns
correlation-stream-cores1,pcm_latency,l1_miss_latency,CORE28,16,54.46,ns
correlation-stream-cores1,pcm_latency,l1_miss_latency,CORE28,17,52.83,ns
correlation-stream-cores1,pcm_latency,l1_miss_latency,CORE28,18,53.07,ns
correlation-stream-cores1,pcm_latency,l1_miss_latency,CORE28,19,54.33,ns
correlation-stream-cores1,pcm_latency,l1_miss_latency,CORE28,20,56.07,ns
correlation-stream-cores1,pcm_latency,l1_miss_latency,CORE28,21,56.11,ns
correlation-stream-cores1,pcm_latency,l1_miss_latency,CORE28,22,55.25,ns
correlation-stream-cores1,pcm_latency,l1_miss_latency,CORE28,23,43.88,ns
correlation-stream-cores1,pcm_latency,l1_miss_latency,CORE28,24,32.41,ns
correlation-stream-cores1,pcm_latency,l1_miss_latency,CORE28,25,54.53,ns
correlation-stream-cores1,pcm_latency,l1_miss_latency,CORE28,26,57.75,ns
correlation-stream-cores1,pcm_latency,l1_miss_latency,CORE28,27,52.95,ns
correlation-stream-cores1,pcm_latency,l1_miss_latency,CORE28,28,54.35,ns
correlation-stream-cores1,pcm_latency,l1_miss_latency,CORE28,29,55.21,ns
correlation-stream-cores1,pcm_latency,l1_miss_latency,CORE28,30,55.12,ns
correlation-stream-cores1,pcm_latency,l1_miss_latency,CORE28,31,54.97,ns
correlation-stream-cores1,pcm_latency,l1_miss_latency,CORE28,32,56.74,ns
correlation-stream-cores1,pcm_latency,l1_miss_latency,CORE28,33,54.44,ns
correlation-stream-cores1,pcm_latency,l1_miss_latency,CORE28,34,56.81,ns
correlation-stream-cores1,pcm_latency,l1_miss_latency,CORE28,35,51.97,ns
correlation-stream-cores1,pcm_latency,l1_miss_latency,CORE28,36,55.97,ns
correlation-stream-cores1,pcm_latency,l1_miss_latency,CORE28,37,53.64,ns
correlation-stream-cores1,pcm_latency,l1_miss_latency,CORE28,38,52.67,ns
correlation-stream-cores1,pcm_latency,l1_miss_latency,CORE28,39,53.56,ns
correlation-stream-cores1,pcm_latency,l1_miss_latency,CORE28,40,52.74,ns
correlation-stream-cores1,pcm_latency,l1_miss_latency,CORE28,41,50.3,ns
correlation-stream-cores1,pcm_latency,l1_miss_latency,CORE28,42,53.95,ns
correlation-stream-cores1,pcm_latency,l1_miss_latency,CORE28,43,53.68,ns
correlation-stream-cores1,pcm_latency,l1_miss_latency,CORE28,44,56.18,ns
correlation-stream-cores1,pcm_latency,l1_miss_latency,CORE28,45,53.21,ns
correlation-stream-cores1,pcm_latency,l1_miss_latency,CORE28,46,50.15,ns
correlation-stream-cores1,pcm_latency,l1_miss_latency,CORE28,47,37.69,ns
correlation-stream-cores1,pcm_latency,l1_miss_latency,CORE28,48,39.54,ns
correlation-stream-cores1,pcm_latency,l1_miss_latency,CORE28,49,28.15,ns
correlation-stream-cores1,pcm_latency,l1_miss_latency,CORE28,50,43.25,ns
correlation-stream-cores1,pcm_latency,l1_miss_latency,CORE28,51,25.27,ns
correlation-stream-cores1,pcm_latency,l1_miss_latency,CORE28,52,34.18,ns
correlation-stream-cores1,pcm_latency,l1_miss_latency,CORE28,53,31.74,ns
correlation-stream-cores1,pcm_latency,l1_miss_latency,CORE28,54,51.28,ns
correlation-stream-cores1,pcm_latency,l1_miss_latency,CORE28,55,52.72,ns
correlation-stream-cores1,pcm_latency,l1_miss_latency,CORE28,56,58.35,ns
correlation-stream-cores1,pcm_latency,l1_miss_latency,CORE28,57,42.46,ns
correlation-stream-cores1,pcm_latency,l1_miss_latency,CORE28,58,56.26,ns
correlation-stream-cores1,pcm_latency,l1_miss_latency,CORE28,59,53.89,ns
correlation-stream-cores1,pcm_latency,l1_miss_latency,CORE29,0,26.61,ns
correlation-stream-cores1,pcm_latency,l1_miss_latency,CORE29,1,50.24,ns
correlation-stream-cores1,pcm_latency,l1_miss_latency,CORE29,2,42.22,ns
correlation-stream-cores1,pcm_latency,l1_miss_latency,CORE29,3,44.05,ns
correlation-stream-cores1,pcm_latency,l1_miss_latency,CORE29,4,42.72,ns
correlation-stream-cores1,pcm_latency,l1_miss_latency,CORE29,5,51.44,ns
correlation-stream-cores1,pcm_latency,l1_miss_latency,CORE29,6,45.33,ns
correlation-stream-cores1,pcm_latency,l1_miss_latency,CORE29,7,43.22,ns
correlation-stream-cores1,pcm_latency,l1_miss_latency,CORE29,8,44.05,ns
correlation-stream-cores1,pcm_latency,l1_miss_latency,CORE29,9,43.19,ns
correlation-stream-cores1,pcm_latency,l1_miss_latency,CORE29,10,45.08,ns
correlation-stream-cores1,pcm_latency,l1_miss_latency,CORE29,11,41.21,ns
correlation-stream-cores1,pcm_latency,l1_miss_latency,CORE29,12,45.39,ns
correlation-stream-cores1,pcm_latency,l1_miss_latency,CORE29,13,46.1,ns
correlation-stream-cores1,pcm_latency,l1_miss_latency,CORE29,14,44.5,ns
correlation-stream-cores1,pcm_latency,l1_miss_latency,CORE29,15,44.99,ns
correlation-stream-cores1,pcm_latency,l1_miss_latency,CORE29,16,48.1,ns
correlation-stream-cores1,pcm_latency,l1_miss_latency,CORE29,17,42.73,ns
correlation-stream-cores1,pcm_latency,l1_miss_latency,CORE29,18,42.27,ns
correlation-stream-cores1,pcm_latency,l1_miss_latency,CORE29,19,42.45,ns
correlation-stream-cores1,pcm_latency,l1_miss_latency,CORE29,20,44.32,ns
correlation-stream-cores1,pcm_latency,l1_miss_latency,CORE29,21,44.96,ns
correlation-stream-cores1,pcm_latency,l1_miss_latency,CORE29,22,48.23,ns
correlation-stream-cores1,pcm_latency,l1_miss_latency,CORE29,23,28.61,ns
correlation-stream-cores1,pcm_latency,l1_miss_latency,CORE29,24,46.8,ns
correlation-stream-cores1,pcm_latency,l1_miss_latency,CORE29,25,55.92,ns
correlation-stream-cores1,pcm_latency,l1_miss_latency,CORE29,26,31.48,ns
correlation-stream-cores1,pcm_latency,l1_miss_latency,CORE29,27,46.82,ns
correlation-stream-cores1,pcm_latency,l1_miss_latency,CORE29,28,50.52,ns
correlation-stream-cores1,pcm_latency,l1_miss_latency,CORE29,29,47.15,ns
correlation-stream-cores1,pcm_latency,l1_miss_latency,CORE29,30,23.94,ns
correlation-stream-cores1,pcm_latency,l1_miss_latency,CORE29,31,45.66,ns
correlation-stream-cores1,pcm_latency,l1_miss_latency,CORE29,32,21.98,ns
correlation-stream-cores1,pcm_latency,l1_miss_latency,CORE29,33,45.41,ns
correlation-stream-cores1,pcm_latency,l1_miss_latency,CORE29,34,50.09,ns
correlation-stream-cores1,pcm_latency,l1_miss_latency,CORE29,35,23.26,ns
correlation-stream-cores1,pcm_latency,l1_miss_latency,CORE29,36,45.99,ns
correlation-stream-cores1,pcm_latency,l1_miss_latency,CORE29,37,45.82,ns
correlation-stream-cores1,pcm_latency,l1_miss_latency,CORE29,38,49.22,ns
correlation-stream-cores1,pcm_latency,l1_miss_latency,CORE29,39,25.07,ns
correlation-stream-cores1,pcm_latency,l1_miss_latency,CORE29,40,46.43,ns
correlation-stream-cores1,pcm_latency,l1_miss_latency,CORE29,41,48.55,ns
correlation-stream-cores1,pcm_latency,l1_miss_latency,CORE29,42,48.1,ns
correlation-stream-cores1,pcm_latency,l1_miss_latency,CORE29,43,43.95,ns
correlation-stream-cores1,pcm_latency,l1_miss_latency,CORE29,44,49.86,ns
correlation-stream-cores1,pcm_latency,l1_miss_latency,CORE29,45,41.26,ns
correlation-stream-cores1,pcm_latency,l1_miss_latency,CORE29,46,33.18,ns
correlation-stream-cores1,pcm_latency,l1_miss_latency,CORE29,47,27.85,ns
correlation-stream-cores1,pcm_latency,l1_miss_latency,CORE29,48,31.49,ns
correlation-stream-cores1,pcm_latency,l1_miss_latency,CORE29,49,31.03,ns
correlation-stream-cores1,pcm_latency,l1_miss_latency,CORE29,50,31.32,ns
correlation-stream-cores1,pcm_latency,l1_miss_latency,CORE29,51,31.24,ns
correlation-stream-cores1,pcm_latency,l1_miss_latency,CORE29,52,32.77,ns
correlation-stream-cores1,pcm_latency,l1_miss_latency,CORE29,53,33.04,ns
correlation-stream-cores1,pcm_latency,l1_miss_latency,CORE29,54,45.66,ns
correlation-stream-cores1,pcm_latency,l1_miss_latency,CORE29,55,43.74,ns
correlation-stream-cores1,pcm_latency,l1_miss_latency,CORE29,56,45.72,ns
correlation-stream-cores1,pcm_latency,l1_miss_latency,CORE29,57,45.35,ns
correlation-stream-cores1,pcm_latency,l1_miss_latency,CORE29,58,41.63,ns
correlation-stream-cores1,pcm_latency,l1_miss_latency,CORE29,59,42.5,ns
correlation-stream-cores1,pcm_latency,l1_miss_latency,CORE30,0,38.62,ns
correlation-stream-cores1,pcm_latency,l1_miss_latency,CORE30,1,42.86,ns
correlation-stream-cores1,pcm_latency,l1_miss_latency,CORE30,2,40.8,ns
correlation-stream-cores1,pcm_latency,l1_miss_latency,CORE30,3,40.02,ns
correlation-stream-cores1,pcm_latency,l1_miss_latency,CORE30,4,46.39,ns
correlation-stream-cores1,pcm_latency,l1_miss_latency,CORE30,5,43.49,ns
correlation-stream-cores1,pcm_latency,l1_miss_latency,CORE30,6,41.25,ns
correlation-stream-cores1,pcm_latency,l1_miss_latency,CORE30,7,39.83,ns
correlation-stream-cores1,pcm_latency,l1_miss_latency,CORE30,8,39.85,ns
correlation-stream-cores1,pcm_latency,l1_miss_latency,CORE30,9,37.98,ns
correlation-stream-cores1,pcm_latency,l1_miss_latency,CORE30,10,43.79,ns
correlation-stream-cores1,pcm_latency,l1_miss_latency,CORE30,11,39.86,ns
correlation-stream-cores1,pcm_latency,l1_miss_latency,CORE30,12,41.02,ns
correlation-stream-cores1,pcm_latency,l1_miss_latency,CORE30,13,40.45,ns
correlation-stream-cores1,pcm_latency,l1_miss_latency,CORE30,14,39.46,ns
correlation-stream-cores1,pcm_latency,l1_miss_latency,CORE30,15,43.87,ns
correlation-stream-cores1,pcm_latency,l1_miss_latency,CORE30,16,44.23,ns
correlation-stream-cores1,pcm_latency,l1_miss_latency,CORE30,17,41.76,ns
correlation-stream-cores1,pcm_latency,l1_miss_latency,CORE30,18,41.56,ns
correlation-stream-cores1,pcm_latency,l1_miss_latency,CORE30,19,37.97,ns
correlation-stream-cores1,pcm_latency,l1_miss_latency,CORE30,20,36.78,ns
correlation-stream-cores1,pcm_latency,l1_miss_latency,CORE30,21,38.2,ns
correlation-stream-cores1,pcm_latency,l1_miss_latency,CORE30,22,45.9,ns
correlation-stream-cores1,pcm_latency,l1_miss_latency,CORE30,23,29.55,ns
correlation-stream-cores1,pcm_latency,l1_miss_latency,CORE30,24,39.95,ns
correlation-stream-cores1,pcm_latency,l1_miss_latency,CORE30,25,42.58,ns
correlation-stream-cores1,pcm_latency,l1_miss_latency,CORE30,26,40.49,ns
correlation-stream-cores1,pcm_latency,l1_miss_latency,CORE30,27,34.28,ns
correlation-stream-cores1,pcm_latency,l1_miss_latency,CORE30,28,41.97,ns
correlation-stream-cores1,pcm_latency,l1_miss_latency,CORE30,29,38.01,ns
correlation-stream-cores1,pcm_latency,l1_miss_latency,CORE30,30,35.16,ns
correlation-stream-cores1,pcm_latency,l1_miss_latency,CORE30,31,41.81,ns
correlation-stream-cores1,pcm_latency,l1_miss_latency,CORE30,32,32.82,ns
correlation-stream-cores1,pcm_latency,l1_miss_latency,CORE30,33,40.68,ns
correlation-stream-cores1,pcm_latency,l1_miss_latency,CORE30,34,34.52,ns
correlation-stream-cores1,pcm_latency,l1_miss_latency,CORE30,35,38.71,ns
correlation-stream-cores1,pcm_latency,l1_miss_latency,CORE30,36,39.04,ns
correlation-stream-cores1,pcm_latency,l1_miss_latency,CORE30,37,40.45,ns
correlation-stream-cores1,pcm_latency,l1_miss_latency,CORE30,38,44.94,ns
correlation-stream-cores1,pcm_latency,l1_miss_latency,CORE30,39,39.69,ns
correlation-stream-cores1,pcm_latency,l1_miss_latency,CORE30,40,37.66,ns
correlation-stream-cores1,pcm_latency,l1_miss_latency,CORE30,41,39.32,ns
correlation-stream-cores1,pcm_latency,l1_miss_latency,CORE30,42,36.52,ns
correlation-stream-cores1,pcm_latency,l1_miss_latency,CORE30,43,40.36,ns
correlation-stream-cores1,pcm_latency,l1_miss_latency,CORE30,44,47.41,ns
correlation-stream-cores1,pcm_latency,l1_miss_latency,CORE30,45,35.77,ns
correlation-stream-cores1,pcm_latency,l1_miss_latency,CORE30,46,49.21,ns
correlation-stream-cores1,pcm_latency,l1_miss_latency,CORE30,47,8.64,ns
correlation-stream-cores1,pcm_latency,l1_miss_latency,CORE30,48,39.8,ns
correlation-stream-cores1,pcm_latency,l1_miss_latency,CORE30,49,39.52,ns
correlation-stream-cores1,pcm_latency,l1_miss_latency,CORE30,50,35.37,ns
correlation-stream-cores1,pcm_latency,l1_miss_latency,CORE30,51,35.6,ns
correlation-stream-cores1,pcm_latency,l1_miss_latency,CORE30,52,39.7,ns
correlation-stream-cores1,pcm_latency,l1_miss_latency,CORE30,53,40.35,ns
correlation-stream-cores1,pcm_latency,l1_miss_latency,CORE30,54,39.48,ns
correlation-stream-cores1,pcm_latency,l1_miss_latency,CORE30,55,42.3,ns
correlation-stream-cores1,pcm_latency,l1_miss_latency,CORE30,56,37.92,ns
correlation-stream-cores1,pcm_latency,l1_miss_latency,CORE30,57,33.12,ns
correlation-stream-cores1,pcm_latency,l1_miss_latency,CORE30,58,60.72,ns
correlation-stream-cores1,pcm_latency,l1_miss_latency,CORE30,59,40.72,ns
correlation-stream-cores1,pcm_latency,l1_miss_latency,CORE31,0,58.14,ns
correlation-stream-cores1,pcm_latency,l1_miss_latency,CORE31,1,59.32,ns
correlation-stream-cores1,pcm_latency,l1_miss_latency,CORE31,2,59.4,ns
correlation-stream-cores1,pcm_latency,l1_miss_latency,CORE31,3,59.0,ns
correlation-stream-cores1,pcm_latency,l1_miss_latency,CORE31,4,58.14,ns
correlation-stream-cores1,pcm_latency,l1_miss_latency,CORE31,5,59.53,ns
correlation-stream-cores1,pcm_latency,l1_miss_latency,CORE31,6,59.98,ns
correlation-stream-cores1,pcm_latency,l1_miss_latency,CORE31,7,59.52,ns
correlation-stream-cores1,pcm_latency,l1_miss_latency,CORE31,8,58.01,ns
correlation-stream-cores1,pcm_latency,l1_miss_latency,CORE31,9,59.8,ns
correlation-stream-cores1,pcm_latency,l1_miss_latency,CORE31,10,59.37,ns
correlation-stream-cores1,pcm_latency,l1_miss_latency,CORE31,11,59.54,ns
correlation-stream-cores1,pcm_latency,l1_miss_latency,CORE31,12,61.76,ns
correlation-stream-cores1,pcm_latency,l1_miss_latency,CORE31,13,61.16,ns
correlation-stream-cores1,pcm_latency,l1_miss_latency,CORE31,14,61.34,ns
correlation-stream-cores1,pcm_latency,l1_miss_latency,CORE31,15,60.52,ns
correlation-stream-cores1,pcm_latency,l1_miss_latency,CORE31,16,60.56,ns
correlation-stream-cores1,pcm_latency,l1_miss_latency,CORE31,17,61.86,ns
correlation-stream-cores1,pcm_latency,l1_miss_latency,CORE31,18,60.97,ns
correlation-stream-cores1,pcm_latency,l1_miss_latency,CORE31,19,60.03,ns
correlation-stream-cores1,pcm_latency,l1_miss_latency,CORE31,20,60.82,ns
correlation-stream-cores1,pcm_latency,l1_miss_latency,CORE31,21,60.73,ns
correlation-stream-cores1,pcm_latency,l1_miss_latency,CORE31,22,60.54,ns
correlation-stream-cores1,pcm_latency,l1_miss_latency,CORE31,23,58.77,ns
correlation-stream-cores1,pcm_latency,l1_miss_latency,CORE31,24,60.51,ns
correlation-stream-cores1,pcm_latency,l1_miss_latency,CORE31,25,59.74,ns
correlation-stream-cores1,pcm_latency,l1_miss_latency,CORE31,26,62.25,ns
correlation-stream-cores1,pcm_latency,l1_miss_latency,CORE31,27,58.51,ns
correlation-stream-cores1,pcm_latency,l1_miss_latency,CORE31,28,61.09,ns
correlation-stream-cores1,pcm_latency,l1_miss_latency,CORE31,29,61.82,ns
correlation-stream-cores1,pcm_latency,l1_miss_latency,CORE31,30,63.07,ns
correlation-stream-cores1,pcm_latency,l1_miss_latency,CORE31,31,60.97,ns
correlation-stream-cores1,pcm_latency,l1_miss_latency,CORE31,32,61.53,ns
correlation-stream-cores1,pcm_latency,l1_miss_latency,CORE31,33,60.74,ns
correlation-stream-cores1,pcm_latency,l1_miss_latency,CORE31,34,63.41,ns
correlation-stream-cores1,pcm_latency,l1_miss_latency,CORE31,35,60.61,ns
correlation-stream-cores1,pcm_latency,l1_miss_latency,CORE31,36,61.69,ns
correlation-stream-cores1,pcm_latency,l1_miss_latency,CORE31,37,61.92,ns
correlation-stream-cores1,pcm_latency,l1_miss_latency,CORE31,38,59.87,ns
correlation-stream-cores1,pcm_latency,l1_miss_latency,CORE31,39,60.97,ns
correlation-stream-cores1,pcm_latency,l1_miss_latency,CORE31,40,61.56,ns
correlation-stream-cores1,pcm_latency,l1_miss_latency,CORE31,41,60.16,ns
correlation-stream-cores1,pcm_latency,l1_miss_latency,CORE31,42,60.89,ns
correlation-stream-cores1,pcm_latency,l1_miss_latency,CORE31,43,61.54,ns
correlation-stream-cores1,pcm_latency,l1_miss_latency,CORE31,44,58.66,ns
correlation-stream-cores1,pcm_latency,l1_miss_latency,CORE31,45,57.06,ns
correlation-stream-cores1,pcm_latency,l1_miss_latency,CORE31,46,58.48,ns
correlation-stream-cores1,pcm_latency,l1_miss_latency,CORE31,47,24.67,ns
correlation-stream-cores1,pcm_latency,l1_miss_latency,CORE31,48,55.68,ns
correlation-stream-cores1,pcm_latency,l1_miss_latency,CORE31,49,53.26,ns
correlation-stream-cores1,pcm_latency,l1_miss_latency,CORE31,50,56.46,ns
correlation-stream-cores1,pcm_latency,l1_miss_latency,CORE31,51,57.71,ns
correlation-stream-cores1,pcm_latency,l1_miss_latency,CORE31,52,56.62,ns
correlation-stream-cores1,pcm_latency,l1_miss_latency,CORE31,53,55.67,ns
correlation-stream-cores1,pcm_latency,l1_miss_latency,CORE31,54,54.84,ns
correlation-stream-cores1,pcm_latency,l1_miss_latency,CORE31,55,49.75,ns
correlation-stream-cores1,pcm_latency,l1_miss_latency,CORE31,56,49.94,ns
correlation-stream-cores1,pcm_latency,l1_miss_latency,CORE31,57,55.59,ns
correlation-stream-cores1,pcm_latency,l1_miss_latency,CORE31,58,61.28,ns
correlation-stream-cores1,pcm_latency,l1_miss_latency,CORE31,59,58.63,ns
correlation-stream-cores1,pcm_cha,drd_occ_agg,SKT0C0,0,936789253.0,occupancy_cycles
correlation-stream-cores1,pcm_cha,drd_occ_agg,SKT0C0,1,936780129.0,occupancy_cycles
correlation-stream-cores1,pcm_cha,drd_occ_agg,SKT0C0,2,936498252.0,occupancy_cycles
correlation-stream-cores1,pcm_cha,drd_occ_agg,SKT0C0,3,936395452.0,occupancy_cycles
correlation-stream-cores1,pcm_cha,drd_occ_agg,SKT0C0,4,937075722.0,occupancy_cycles
correlation-stream-cores1,pcm_cha,drd_occ_agg,SKT0C0,5,936402771.0,occupancy_cycles
correlation-stream-cores1,pcm_cha,drd_occ_agg,SKT0C0,6,936138786.0,occupancy_cycles
correlation-stream-cores1,pcm_cha,drd_occ_agg,SKT0C0,7,936345530.0,occupancy_cycles
correlation-stream-cores1,pcm_cha,drd_occ_agg,SKT0C0,8,937410637.0,occupancy_cycles
correlation-stream-cores1,pcm_cha,drd_occ_agg,SKT0C0,9,936089974.0,occupancy_cycles
correlation-stream-cores1,pcm_cha,drd_occ_agg,SKT0C0,10,935968797.0,occupancy_cycles
correlation-stream-cores1,pcm_cha,drd_occ_agg,SKT0C0,11,935950372.0,occupancy_cycles
correlation-stream-cores1,pcm_cha,drd_occ_agg,SKT0C0,12,936064438.0,occupancy_cycles
correlation-stream-cores1,pcm_cha,drd_occ_agg,SKT0C0,13,937071523.0,occupancy_cycles
correlation-stream-cores1,pcm_cha,drd_occ_agg,SKT0C0,14,936091634.0,occupancy_cycles
correlation-stream-cores1,pcm_cha,drd_occ_agg,SKT0C0,15,936150088.0,occupancy_cycles
correlation-stream-cores1,pcm_cha,drd_occ_agg,SKT0C0,16,936057362.0,occupancy_cycles
correlation-stream-cores1,pcm_cha,drd_occ_agg,SKT0C0,17,935588984.0,occupancy_cycles
correlation-stream-cores1,pcm_cha,drd_occ_agg,SKT0C0,18,936871417.0,occupancy_cycles
correlation-stream-cores1,pcm_cha,drd_occ_agg,SKT0C0,19,935727830.0,occupancy_cycles
correlation-stream-cores1,pcm_cha,drd_occ_agg,SKT0C0,20,935951650.0,occupancy_cycles
correlation-stream-cores1,pcm_cha,drd_occ_agg,SKT0C0,21,935932721.0,occupancy_cycles
correlation-stream-cores1,pcm_cha,drd_occ_agg,SKT0C0,22,936465391.0,occupancy_cycles
correlation-stream-cores1,pcm_cha,drd_occ_agg,SKT0C0,23,935695097.0,occupancy_cycles
correlation-stream-cores1,pcm_cha,drd_occ_agg,SKT0C0,24,935804898.0,occupancy_cycles
correlation-stream-cores1,pcm_cha,drd_occ_agg,SKT0C0,25,935609349.0,occupancy_cycles
correlation-stream-cores1,pcm_cha,drd_occ_agg,SKT0C0,26,936806630.0,occupancy_cycles
correlation-stream-cores1,pcm_cha,drd_occ_agg,SKT0C0,27,935793762.0,occupancy_cycles
correlation-stream-cores1,pcm_cha,drd_occ_agg,SKT0C0,28,936244601.0,occupancy_cycles
correlation-stream-cores1,pcm_cha,drd_occ_agg,SKT0C0,29,936374826.0,occupancy_cycles
correlation-stream-cores1,pcm_cha,drd_occ_agg,SKT0C0,30,937020042.0,occupancy_cycles
correlation-stream-cores1,pcm_cha,drd_occ_agg,SKT0C0,31,936119412.0,occupancy_cycles
correlation-stream-cores1,pcm_cha,drd_occ_agg,SKT0C0,32,935972555.0,occupancy_cycles
correlation-stream-cores1,pcm_cha,drd_occ_agg,SKT0C0,33,935950996.0,occupancy_cycles
correlation-stream-cores1,pcm_cha,drd_occ_agg,SKT0C0,34,936465022.0,occupancy_cycles
correlation-stream-cores1,pcm_cha,drd_occ_agg,SKT0C0,35,936998045.0,occupancy_cycles
correlation-stream-cores1,pcm_cha,drd_occ_agg,SKT0C0,36,936032364.0,occupancy_cycles
correlation-stream-cores1,pcm_cha,drd_occ_agg,SKT0C0,37,935339997.0,occupancy_cycles
correlation-stream-cores1,pcm_cha,drd_occ_agg,SKT0C0,38,935698928.0,occupancy_cycles
correlation-stream-cores1,pcm_cha,drd_occ_agg,SKT0C0,39,936974111.0,occupancy_cycles
correlation-stream-cores1,pcm_cha,drd_occ_agg,SKT0C0,40,936250898.0,occupancy_cycles
correlation-stream-cores1,pcm_cha,drd_occ_agg,SKT0C0,41,935256817.0,occupancy_cycles
correlation-stream-cores1,pcm_cha,drd_occ_agg,SKT0C0,42,935406373.0,occupancy_cycles
correlation-stream-cores1,pcm_cha,drd_occ_agg,SKT0C0,43,937025672.0,occupancy_cycles
correlation-stream-cores1,pcm_cha,drd_occ_agg,SKT0C0,44,936766056.0,occupancy_cycles
correlation-stream-cores1,pcm_cha,drd_occ_agg,SKT0C0,45,935748169.0,occupancy_cycles
correlation-stream-cores1,pcm_cha,drd_occ_agg,SKT0C0,46,935588268.0,occupancy_cycles
correlation-stream-cores1,pcm_cha,drd_occ_agg,SKT0C0,47,935943260.0,occupancy_cycles
correlation-stream-cores1,pcm_cha,drd_occ_agg,SKT0C0,48,936497526.0,occupancy_cycles
correlation-stream-cores1,pcm_cha,drd_occ_agg,SKT0C0,49,935418353.0,occupancy_cycles
correlation-stream-cores1,pcm_cha,drd_occ_agg,SKT0C0,50,935531266.0,occupancy_cycles
correlation-stream-cores1,pcm_cha,drd_occ_agg,SKT0C0,51,935308360.0,occupancy_cycles
correlation-stream-cores1,pcm_cha,drd_occ_agg,SKT0C0,52,936413869.0,occupancy_cycles
correlation-stream-cores1,pcm_cha,drd_occ_agg,SKT0C0,53,935544691.0,occupancy_cycles
correlation-stream-cores1,pcm_cha,drd_occ_agg,SKT0C0,54,935421240.0,occupancy_cycles
correlation-stream-cores1,pcm_cha,drd_occ_agg,SKT0C0,55,935567776.0,occupancy_cycles
correlation-stream-cores1,pcm_cha,drd_occ_agg,SKT0C0,56,935447819.0,occupancy_cycles
correlation-stream-cores1,pcm_cha,drd_occ_agg,SKT0C0,57,936684396.0,occupancy_cycles
correlation-stream-cores1,pcm_cha,drd_occ_agg,SKT0C0,58,935917013.0,occupancy_cycles
correlation-stream-cores1,pcm_cha,drd_occ_agg,SKT0C0,59,935700154.0,occupancy_cycles
correlation-stream-cores1,pcm_cha,drd_occ_agg,SKT0C1,0,946962027.0,occupancy_cycles
correlation-stream-cores1,pcm_cha,drd_occ_agg,SKT0C1,1,947210350.0,occupancy_cycles
correlation-stream-cores1,pcm_cha,drd_occ_agg,SKT0C1,2,946869719.0,occupancy_cycles
correlation-stream-cores1,pcm_cha,drd_occ_agg,SKT0C1,3,946661856.0,occupancy_cycles
correlation-stream-cores1,pcm_cha,drd_occ_agg,SKT0C1,4,947427636.0,occupancy_cycles
correlation-stream-cores1,pcm_cha,drd_occ_agg,SKT0C1,5,946819557.0,occupancy_cycles
correlation-stream-cores1,pcm_cha,drd_occ_agg,SKT0C1,6,946627600.0,occupancy_cycles
correlation-stream-cores1,pcm_cha,drd_occ_agg,SKT0C1,7,946653625.0,occupancy_cycles
correlation-stream-cores1,pcm_cha,drd_occ_agg,SKT0C1,8,947704791.0,occupancy_cycles
correlation-stream-cores1,pcm_cha,drd_occ_agg,SKT0C1,9,946479592.0,occupancy_cycles
correlation-stream-cores1,pcm_cha,drd_occ_agg,SKT0C1,10,946267106.0,occupancy_cycles
correlation-stream-cores1,pcm_cha,drd_occ_agg,SKT0C1,11,946344350.0,occupancy_cycles
correlation-stream-cores1,pcm_cha,drd_occ_agg,SKT0C1,12,946393135.0,occupancy_cycles
correlation-stream-cores1,pcm_cha,drd_occ_agg,SKT0C1,13,947455674.0,occupancy_cycles
correlation-stream-cores1,pcm_cha,drd_occ_agg,SKT0C1,14,946455168.0,occupancy_cycles
correlation-stream-cores1,pcm_cha,drd_occ_agg,SKT0C1,15,946392840.0,occupancy_cycles
correlation-stream-cores1,pcm_cha,drd_occ_agg,SKT0C1,16,946029431.0,occupancy_cycles
correlation-stream-cores1,pcm_cha,drd_occ_agg,SKT0C1,17,945802483.0,occupancy_cycles
correlation-stream-cores1,pcm_cha,drd_occ_agg,SKT0C1,18,947103649.0,occupancy_cycles
correlation-stream-cores1,pcm_cha,drd_occ_agg,SKT0C1,19,945944117.0,occupancy_cycles
correlation-stream-cores1,pcm_cha,drd_occ_agg,SKT0C1,20,946109788.0,occupancy_cycles
correlation-stream-cores1,pcm_cha,drd_occ_agg,SKT0C1,21,946044103.0,occupancy_cycles
correlation-stream-cores1,pcm_cha,drd_occ_agg,SKT0C1,22,946650446.0,occupancy_cycles
correlation-stream-cores1,pcm_cha,drd_occ_agg,SKT0C1,23,946068701.0,occupancy_cycles
correlation-stream-cores1,pcm_cha,drd_occ_agg,SKT0C1,24,945964645.0,occupancy_cycles
correlation-stream-cores1,pcm_cha,drd_occ_agg,SKT0C1,25,945702905.0,occupancy_cycles
correlation-stream-cores1,pcm_cha,drd_occ_agg,SKT0C1,26,947051028.0,occupancy_cycles
correlation-stream-cores1,pcm_cha,drd_occ_agg,SKT0C1,27,945895328.0,occupancy_cycles
correlation-stream-cores1,pcm_cha,drd_occ_agg,SKT0C1,28,946396356.0,occupancy_cycles
correlation-stream-cores1,pcm_cha,drd_occ_agg,SKT0C1,29,946350411.0,occupancy_cycles
correlation-stream-cores1,pcm_cha,drd_occ_agg,SKT0C1,30,947197043.0,occupancy_cycles
correlation-stream-cores1,pcm_cha,drd_occ_agg,SKT0C1,31,946582168.0,occupancy_cycles
correlation-stream-cores1,pcm_cha,drd_occ_agg,SKT0C1,32,946190052.0,occupancy_cycles
correlation-stream-cores1,pcm_cha,drd_occ_agg,SKT0C1,33,946194828.0,occupancy_cycles
correlation-stream-cores1,pcm_cha,drd_occ_agg,SKT0C1,34,946510145.0,occupancy_cycles
correlation-stream-cores1,pcm_cha,drd_occ_agg,SKT0C1,35,947015589.0,occupancy_cycles
correlation-stream-cores1,pcm_cha,drd_occ_agg,SKT0C1,36,946126867.0,occupancy_cycles
correlation-stream-cores1,pcm_cha,drd_occ_agg,SKT0C1,37,945479123.0,occupancy_cycles
correlation-stream-cores1,pcm_cha,drd_occ_agg,SKT0C1,38,946111397.0,occupancy_cycles
correlation-stream-cores1,pcm_cha,drd_occ_agg,SKT0C1,39,947022762.0,occupancy_cycles
correlation-stream-cores1,pcm_cha,drd_occ_agg,SKT0C1,40,946767555.0,occupancy_cycles
correlation-stream-cores1,pcm_cha,drd_occ_agg,SKT0C1,41,945626608.0,occupancy_cycles
correlation-stream-cores1,pcm_cha,drd_occ_agg,SKT0C1,42,945766120.0,occupancy_cycles
correlation-stream-cores1,pcm_cha,drd_occ_agg,SKT0C1,43,947287899.0,occupancy_cycles
correlation-stream-cores1,pcm_cha,drd_occ_agg,SKT0C1,44,946939843.0,occupancy_cycles
correlation-stream-cores1,pcm_cha,drd_occ_agg,SKT0C1,45,946058439.0,occupancy_cycles
correlation-stream-cores1,pcm_cha,drd_occ_agg,SKT0C1,46,945941026.0,occupancy_cycles
correlation-stream-cores1,pcm_cha,drd_occ_agg,SKT0C1,47,945978732.0,occupancy_cycles
correlation-stream-cores1,pcm_cha,drd_occ_agg,SKT0C1,48,946660606.0,occupancy_cycles
correlation-stream-cores1,pcm_cha,drd_occ_agg,SKT0C1,49,945592960.0,occupancy_cycles
correlation-stream-cores1,pcm_cha,drd_occ_agg,SKT0C1,50,945996047.0,occupancy_cycles
correlation-stream-cores1,pcm_cha,drd_occ_agg,SKT0C1,51,945597297.0,occupancy_cycles
correlation-stream-cores1,pcm_cha,drd_occ_agg,SKT0C1,52,946686925.0,occupancy_cycles
correlation-stream-cores1,pcm_cha,drd_occ_agg,SKT0C1,53,945780814.0,occupancy_cycles
correlation-stream-cores1,pcm_cha,drd_occ_agg,SKT0C1,54,945764814.0,occupancy_cycles
correlation-stream-cores1,pcm_cha,drd_occ_agg,SKT0C1,55,945891239.0,occupancy_cycles
correlation-stream-cores1,pcm_cha,drd_occ_agg,SKT0C1,56,945577842.0,occupancy_cycles
correlation-stream-cores1,pcm_cha,drd_occ_agg,SKT0C1,57,947049184.0,occupancy_cycles
correlation-stream-cores1,pcm_cha,drd_occ_agg,SKT0C1,58,946150788.0,occupancy_cycles
correlation-stream-cores1,pcm_cha,drd_occ_agg,SKT0C1,59,945950948.0,occupancy_cycles
correlation-stream-cores1,pcm_cha,drd_occ_agg,SKT0C2,0,932689177.0,occupancy_cycles
correlation-stream-cores1,pcm_cha,drd_occ_agg,SKT0C2,1,932863553.0,occupancy_cycles
correlation-stream-cores1,pcm_cha,drd_occ_agg,SKT0C2,2,932618133.0,occupancy_cycles
correlation-stream-cores1,pcm_cha,drd_occ_agg,SKT0C2,3,932249065.0,occupancy_cycles
correlation-stream-cores1,pcm_cha,drd_occ_agg,SKT0C2,4,933139349.0,occupancy_cycles
correlation-stream-cores1,pcm_cha,drd_occ_agg,SKT0C2,5,932357252.0,occupancy_cycles
correlation-stream-cores1,pcm_cha,drd_occ_agg,SKT0C2,6,932264250.0,occupancy_cycles
correlation-stream-cores1,pcm_cha,drd_occ_agg,SKT0C2,7,932285239.0,occupancy_cycles
correlation-stream-cores1,pcm_cha,drd_occ_agg,SKT0C2,8,933648677.0,occupancy_cycles
correlation-stream-cores1,pcm_cha,drd_occ_agg,SKT0C2,9,932079655.0,occupancy_cycles
correlation-stream-cores1,pcm_cha,drd_occ_agg,SKT0C2,10,931909415.0,occupancy_cycles
correlation-stream-cores1,pcm_cha,drd_occ_agg,SKT0C2,11,932029893.0,occupancy_cycles
correlation-stream-cores1,pcm_cha,drd_occ_agg,SKT0C2,12,932136048.0,occupancy_cycles
correlation-stream-cores1,pcm_cha,drd_occ_agg,SKT0C2,13,933000676.0,occupancy_cycles
correlation-stream-cores1,pcm_cha,drd_occ_agg,SKT0C2,14,931970048.0,occupancy_cycles
correlation-stream-cores1,pcm_cha,drd_occ_agg,SKT0C2,15,932167292.0,occupancy_cycles
correlation-stream-cores1,pcm_cha,drd_occ_agg,SKT0C2,16,932002670.0,occupancy_cycles
correlation-stream-cores1,pcm_cha,drd_occ_agg,SKT0C2,17,931321467.0,occupancy_cycles
correlation-stream-cores1,pcm_cha,drd_occ_agg,SKT0C2,18,932788435.0,occupancy_cycles
correlation-stream-cores1,pcm_cha,drd_occ_agg,SKT0C2,19,931612363.0,occupancy_cycles
correlation-stream-cores1,pcm_cha,drd_occ_agg,SKT0C2,20,931601576.0,occupancy_cycles
correlation-stream-cores1,pcm_cha,drd_occ_agg,SKT0C2,21,931710085.0,occupancy_cycles
correlation-stream-cores1,pcm_cha,drd_occ_agg,SKT0C2,22,932503952.0,occupancy_cycles
correlation-stream-cores1,pcm_cha,drd_occ_agg,SKT0C2,23,931898422.0,occupancy_cycles
correlation-stream-cores1,pcm_cha,drd_occ_agg,SKT0C2,24,931911390.0,occupancy_cycles
correlation-stream-cores1,pcm_cha,drd_occ_agg,SKT0C2,25,931517369.0,occupancy_cycles
correlation-stream-cores1,pcm_cha,drd_occ_agg,SKT0C2,26,932858984.0,occupancy_cycles
correlation-stream-cores1,pcm_cha,drd_occ_agg,SKT0C2,27,931581351.0,occupancy_cycles
correlation-stream-cores1,pcm_cha,drd_occ_agg,SKT0C2,28,932412128.0,occupancy_cycles
correlation-stream-cores1,pcm_cha,drd_occ_agg,SKT0C2,29,932182717.0,occupancy_cycles
correlation-stream-cores1,pcm_cha,drd_occ_agg,SKT0C2,30,932912522.0,occupancy_cycles
correlation-stream-cores1,pcm_cha,drd_occ_agg,SKT0C2,31,932135526.0,occupancy_cycles
correlation-stream-cores1,pcm_cha,drd_occ_agg,SKT0C2,32,931890076.0,occupancy_cycles
correlation-stream-cores1,pcm_cha,drd_occ_agg,SKT0C2,33,931847862.0,occupancy_cycles
correlation-stream-cores1,pcm_cha,drd_occ_agg,SKT0C2,34,932179279.0,occupancy_cycles
correlation-stream-cores1,pcm_cha,drd_occ_agg,SKT0C2,35,932905673.0,occupancy_cycles
correlation-stream-cores1,pcm_cha,drd_occ_agg,SKT0C2,36,931983576.0,occupancy_cycles
correlation-stream-cores1,pcm_cha,drd_occ_agg,SKT0C2,37,931516592.0,occupancy_cycles
correlation-stream-cores1,pcm_cha,drd_occ_agg,SKT0C2,38,931699246.0,occupancy_cycles
correlation-stream-cores1,pcm_cha,drd_occ_agg,SKT0C2,39,932750597.0,occupancy_cycles
correlation-stream-cores1,pcm_cha,drd_occ_agg,SKT0C2,40,932471845.0,occupancy_cycles
correlation-stream-cores1,pcm_cha,drd_occ_agg,SKT0C2,41,931266851.0,occupancy_cycles
correlation-stream-cores1,pcm_cha,drd_occ_agg,SKT0C2,42,931600462.0,occupancy_cycles
correlation-stream-cores1,pcm_cha,drd_occ_agg,SKT0C2,43,933136559.0,occupancy_cycles
correlation-stream-cores1,pcm_cha,drd_occ_agg,SKT0C2,44,932809960.0,occupancy_cycles
correlation-stream-cores1,pcm_cha,drd_occ_agg,SKT0C2,45,931719814.0,occupancy_cycles
correlation-stream-cores1,pcm_cha,drd_occ_agg,SKT0C2,46,931515589.0,occupancy_cycles
correlation-stream-cores1,pcm_cha,drd_occ_agg,SKT0C2,47,931915445.0,occupancy_cycles
correlation-stream-cores1,pcm_cha,drd_occ_agg,SKT0C2,48,932437635.0,occupancy_cycles
correlation-stream-cores1,pcm_cha,drd_occ_agg,SKT0C2,49,931420554.0,occupancy_cycles
correlation-stream-cores1,pcm_cha,drd_occ_agg,SKT0C2,50,931700704.0,occupancy_cycles
correlation-stream-cores1,pcm_cha,drd_occ_agg,SKT0C2,51,931449616.0,occupancy_cycles
correlation-stream-cores1,pcm_cha,drd_occ_agg,SKT0C2,52,932414058.0,occupancy_cycles
correlation-stream-cores1,pcm_cha,drd_occ_agg,SKT0C2,53,931396056.0,occupancy_cycles
correlation-stream-cores1,pcm_cha,drd_occ_agg,SKT0C2,54,931211257.0,occupancy_cycles
correlation-stream-cores1,pcm_cha,drd_occ_agg,SKT0C2,55,931411661.0,occupancy_cycles
correlation-stream-cores1,pcm_cha,drd_occ_agg,SKT0C2,56,931338764.0,occupancy_cycles
correlation-stream-cores1,pcm_cha,drd_occ_agg,SKT0C2,57,932726258.0,occupancy_cycles
correlation-stream-cores1,pcm_cha,drd_occ_agg,SKT0C2,58,931873999.0,occupancy_cycles
correlation-stream-cores1,pcm_cha,drd_occ_agg,SKT0C2,59,931595244.0,occupancy_cycles
correlation-stream-cores1,pcm_cha,drd_occ_agg,SKT0C3,0,996478029.0,occupancy_cycles
correlation-stream-cores1,pcm_cha,drd_occ_agg,SKT0C3,1,996802147.0,occupancy_cycles
correlation-stream-cores1,pcm_cha,drd_occ_agg,SKT0C3,2,996308305.0,occupancy_cycles
correlation-stream-cores1,pcm_cha,drd_occ_agg,SKT0C3,3,996101233.0,occupancy_cycles
correlation-stream-cores1,pcm_cha,drd_occ_agg,SKT0C3,4,996914590.0,occupancy_cycles
correlation-stream-cores1,pcm_cha,drd_occ_agg,SKT0C3,5,996171939.0,occupancy_cycles
correlation-stream-cores1,pcm_cha,drd_occ_agg,SKT0C3,6,996182627.0,occupancy_cycles
correlation-stream-cores1,pcm_cha,drd_occ_agg,SKT0C3,7,996139054.0,occupancy_cycles
correlation-stream-cores1,pcm_cha,drd_occ_agg,SKT0C3,8,997332163.0,occupancy_cycles
correlation-stream-cores1,pcm_cha,drd_occ_agg,SKT0C3,9,996181611.0,occupancy_cycles
correlation-stream-cores1,pcm_cha,drd_occ_agg,SKT0C3,10,995715774.0,occupancy_cycles
correlation-stream-cores1,pcm_cha,drd_occ_agg,SKT0C3,11,995764473.0,occupancy_cycles
correlation-stream-cores1,pcm_cha,drd_occ_agg,SKT0C3,12,996110095.0,occupancy_cycles
correlation-stream-cores1,pcm_cha,drd_occ_agg,SKT0C3,13,997138796.0,occupancy_cycles
correlation-stream-cores1,pcm_cha,drd_occ_agg,SKT0C3,14,995886717.0,occupancy_cycles
correlation-stream-cores1,pcm_cha,drd_occ_agg,SKT0C3,15,995927034.0,occupancy_cycles
correlation-stream-cores1,pcm_cha,drd_occ_agg,SKT0C3,16,995654325.0,occupancy_cycles
correlation-stream-cores1,pcm_cha,drd_occ_agg,SKT0C3,17,995332745.0,occupancy_cycles
correlation-stream-cores1,pcm_cha,drd_occ_agg,SKT0C3,18,996619714.0,occupancy_cycles
correlation-stream-cores1,pcm_cha,drd_occ_agg,SKT0C3,19,995257941.0,occupancy_cycles
correlation-stream-cores1,pcm_cha,drd_occ_agg,SKT0C3,20,995628687.0,occupancy_cycles
correlation-stream-cores1,pcm_cha,drd_occ_agg,SKT0C3,21,995595572.0,occupancy_cycles
correlation-stream-cores1,pcm_cha,drd_occ_agg,SKT0C3,22,996454158.0,occupancy_cycles
correlation-stream-cores1,pcm_cha,drd_occ_agg,SKT0C3,23,995640409.0,occupancy_cycles
correlation-stream-cores1,pcm_cha,drd_occ_agg,SKT0C3,24,995441097.0,occupancy_cycles
correlation-stream-cores1,pcm_cha,drd_occ_agg,SKT0C3,25,995205591.0,occupancy_cycles
correlation-stream-cores1,pcm_cha,drd_occ_agg,SKT0C3,26,996640183.0,occupancy_cycles
correlation-stream-cores1,pcm_cha,drd_occ_agg,SKT0C3,27,995467908.0,occupancy_cycles
correlation-stream-cores1,pcm_cha,drd_occ_agg,SKT0C3,28,996075548.0,occupancy_cycles
correlation-stream-cores1,pcm_cha,drd_occ_agg,SKT0C3,29,995863730.0,occupancy_cycles
correlation-stream-cores1,pcm_cha,drd_occ_agg,SKT0C3,30,996709469.0,occupancy_cycles
correlation-stream-cores1,pcm_cha,drd_occ_agg,SKT0C3,31,995631531.0,occupancy_cycles
correlation-stream-cores1,pcm_cha,drd_occ_agg,SKT0C3,32,995601829.0,occupancy_cycles
correlation-stream-cores1,pcm_cha,drd_occ_agg,SKT0C3,33,995660934.0,occupancy_cycles
correlation-stream-cores1,pcm_cha,drd_occ_agg,SKT0C3,34,995915581.0,occupancy_cycles
correlation-stream-cores1,pcm_cha,drd_occ_agg,SKT0C3,35,996832704.0,occupancy_cycles
correlation-stream-cores1,pcm_cha,drd_occ_agg,SKT0C3,36,995660270.0,occupancy_cycles
correlation-stream-cores1,pcm_cha,drd_occ_agg,SKT0C3,37,995335261.0,occupancy_cycles
correlation-stream-cores1,pcm_cha,drd_occ_agg,SKT0C3,38,995571371.0,occupancy_cycles
correlation-stream-cores1,pcm_cha,drd_occ_agg,SKT0C3,39,996610718.0,occupancy_cycles
correlation-stream-cores1,pcm_cha,drd_occ_agg,SKT0C3,40,996274020.0,occupancy_cycles
correlation-stream-cores1,pcm_cha,drd_occ_agg,SKT0C3,41,994977565.0,occupancy_cycles
correlation-stream-cores1,pcm_cha,drd_occ_agg,SKT0C3,42,995107694.0,occupancy_cycles
correlation-stream-cores1,pcm_cha,drd_occ_agg,SKT0C3,43,997034041.0,occupancy_cycles
correlation-stream-cores1,pcm_cha,drd_occ_agg,SKT0C3,44,996385457.0,occupancy_cycles
correlation-stream-cores1,pcm_cha,drd_occ_agg,SKT0C3,45,995692566.0,occupancy_cycles
correlation-stream-cores1,pcm_cha,drd_occ_agg,SKT0C3,46,995209525.0,occupancy_cycles
correlation-stream-cores1,pcm_cha,drd_occ_agg,SKT0C3,47,995606948.0,occupancy_cycles
correlation-stream-cores1,pcm_cha,drd_occ_agg,SKT0C3,48,996218442.0,occupancy_cycles
correlation-stream-cores1,pcm_cha,drd_occ_agg,SKT0C3,49,994985173.0,occupancy_cycles
correlation-stream-cores1,pcm_cha,drd_occ_agg,SKT0C3,50,995469071.0,occupancy_cycles
correlation-stream-cores1,pcm_cha,drd_occ_agg,SKT0C3,51,995182937.0,occupancy_cycles
correlation-stream-cores1,pcm_cha,drd_occ_agg,SKT0C3,52,996310698.0,occupancy_cycles
correlation-stream-cores1,pcm_cha,drd_occ_agg,SKT0C3,53,995179509.0,occupancy_cycles
correlation-stream-cores1,pcm_cha,drd_occ_agg,SKT0C3,54,994968490.0,occupancy_cycles
correlation-stream-cores1,pcm_cha,drd_occ_agg,SKT0C3,55,995405299.0,occupancy_cycles
correlation-stream-cores1,pcm_cha,drd_occ_agg,SKT0C3,56,995041897.0,occupancy_cycles
correlation-stream-cores1,pcm_cha,drd_occ_agg,SKT0C3,57,996551926.0,occupancy_cycles
correlation-stream-cores1,pcm_cha,drd_occ_agg,SKT0C3,58,995453303.0,occupancy_cycles
correlation-stream-cores1,pcm_cha,drd_occ_agg,SKT0C3,59,995232142.0,occupancy_cycles
correlation-stream-cores1,pcm_cha,drd_occ_agg,SKT0C4,0,690546565.0,occupancy_cycles
correlation-stream-cores1,pcm_cha,drd_occ_agg,SKT0C4,1,690165309.0,occupancy_cycles
correlation-stream-cores1,pcm_cha,drd_occ_agg,SKT0C4,2,690004658.0,occupancy_cycles
correlation-stream-cores1,pcm_cha,drd_occ_agg,SKT0C4,3,689985991.0,occupancy_cycles
correlation-stream-cores1,pcm_cha,drd_occ_agg,SKT0C4,4,690370974.0,occupancy_cycles
correlation-stream-cores1,pcm_cha,drd_occ_agg,SKT0C4,5,689870895.0,occupancy_cycles
correlation-stream-cores1,pcm_cha,drd_occ_agg,SKT0C4,6,689930686.0,occupancy_cycles
correlation-stream-cores1,pcm_cha,drd_occ_agg,SKT0C4,7,690107200.0,occupancy_cycles
correlation-stream-cores1,pcm_cha,drd_occ_agg,SKT0C4,8,690856433.0,occupancy_cycles
correlation-stream-cores1,pcm_cha,drd_occ_agg,SKT0C4,9,689852763.0,occupancy_cycles
correlation-stream-cores1,pcm_cha,drd_occ_agg,SKT0C4,10,689675200.0,occupancy_cycles
correlation-stream-cores1,pcm_cha,drd_occ_agg,SKT0C4,11,689697909.0,occupancy_cycles
correlation-stream-cores1,pcm_cha,drd_occ_agg,SKT0C4,12,689663328.0,occupancy_cycles
correlation-stream-cores1,pcm_cha,drd_occ_agg,SKT0C4,13,690619957.0,occupancy_cycles
correlation-stream-cores1,pcm_cha,drd_occ_agg,SKT0C4,14,689755705.0,occupancy_cycles
correlation-stream-cores1,pcm_cha,drd_occ_agg,SKT0C4,15,689654544.0,occupancy_cycles
correlation-stream-cores1,pcm_cha,drd_occ_agg,SKT0C4,16,689629022.0,occupancy_cycles
correlation-stream-cores1,pcm_cha,drd_occ_agg,SKT0C4,17,689318960.0,occupancy_cycles
correlation-stream-cores1,pcm_cha,drd_occ_agg,SKT0C4,18,690090149.0,occupancy_cycles
correlation-stream-cores1,pcm_cha,drd_occ_agg,SKT0C4,19,689403991.0,occupancy_cycles
correlation-stream-cores1,pcm_cha,drd_occ_agg,SKT0C4,20,689435152.0,occupancy_cycles
correlation-stream-cores1,pcm_cha,drd_occ_agg,SKT0C4,21,689490475.0,occupancy_cycles
correlation-stream-cores1,pcm_cha,drd_occ_agg,SKT0C4,22,690084173.0,occupancy_cycles
correlation-stream-cores1,pcm_cha,drd_occ_agg,SKT0C4,23,689563002.0,occupancy_cycles
correlation-stream-cores1,pcm_cha,drd_occ_agg,SKT0C4,24,689700993.0,occupancy_cycles
correlation-stream-cores1,pcm_cha,drd_occ_agg,SKT0C4,25,689532182.0,occupancy_cycles
correlation-stream-cores1,pcm_cha,drd_occ_agg,SKT0C4,26,690290166.0,occupancy_cycles
correlation-stream-cores1,pcm_cha,drd_occ_agg,SKT0C4,27,689658374.0,occupancy_cycles
correlation-stream-cores1,pcm_cha,drd_occ_agg,SKT0C4,28,689631236.0,occupancy_cycles
correlation-stream-cores1,pcm_cha,drd_occ_agg,SKT0C4,29,689577953.0,occupancy_cycles
correlation-stream-cores1,pcm_cha,drd_occ_agg,SKT0C4,30,690278019.0,occupancy_cycles
correlation-stream-cores1,pcm_cha,drd_occ_agg,SKT0C4,31,689756703.0,occupancy_cycles
correlation-stream-cores1,pcm_cha,drd_occ_agg,SKT0C4,32,689649820.0,occupancy_cycles
correlation-stream-cores1,pcm_cha,drd_occ_agg,SKT0C4,33,689655062.0,occupancy_cycles
correlation-stream-cores1,pcm_cha,drd_occ_agg,SKT0C4,34,690117590.0,occupancy_cycles
correlation-stream-cores1,pcm_cha,drd_occ_agg,SKT0C4,35,690212043.0,occupancy_cycles
correlation-stream-cores1,pcm_cha,drd_occ_agg,SKT0C4,36,689667533.0,occupancy_cycles
correlation-stream-cores1,pcm_cha,drd_occ_agg,SKT0C4,37,689270064.0,occupancy_cycles
correlation-stream-cores1,pcm_cha,drd_occ_agg,SKT0C4,38,689691414.0,occupancy_cycles
correlation-stream-cores1,pcm_cha,drd_occ_agg,SKT0C4,39,690218523.0,occupancy_cycles
correlation-stream-cores1,pcm_cha,drd_occ_agg,SKT0C4,40,690116937.0,occupancy_cycles
correlation-stream-cores1,pcm_cha,drd_occ_agg,SKT0C4,41,689305572.0,occupancy_cycles
correlation-stream-cores1,pcm_cha,drd_occ_agg,SKT0C4,42,689239802.0,occupancy_cycles
correlation-stream-cores1,pcm_cha,drd_occ_agg,SKT0C4,43,690406179.0,occupancy_cycles
correlation-stream-cores1,pcm_cha,drd_occ_agg,SKT0C4,44,690267640.0,occupancy_cycles
correlation-stream-cores1,pcm_cha,drd_occ_agg,SKT0C4,45,689492840.0,occupancy_cycles
correlation-stream-cores1,pcm_cha,drd_occ_agg,SKT0C4,46,689106220.0,occupancy_cycles
correlation-stream-cores1,pcm_cha,drd_occ_agg,SKT0C4,47,689574586.0,occupancy_cycles
correlation-stream-cores1,pcm_cha,drd_occ_agg,SKT0C4,48,689979939.0,occupancy_cycles
correlation-stream-cores1,pcm_cha,drd_occ_agg,SKT0C4,49,689118748.0,occupancy_cycles
correlation-stream-cores1,pcm_cha,drd_occ_agg,SKT0C4,50,689484350.0,occupancy_cycles
correlation-stream-cores1,pcm_cha,drd_occ_agg,SKT0C4,51,689065556.0,occupancy_cycles
correlation-stream-cores1,pcm_cha,drd_occ_agg,SKT0C4,52,690108334.0,occupancy_cycles
correlation-stream-cores1,pcm_cha,drd_occ_agg,SKT0C4,53,689217214.0,occupancy_cycles
correlation-stream-cores1,pcm_cha,drd_occ_agg,SKT0C4,54,689255507.0,occupancy_cycles
correlation-stream-cores1,pcm_cha,drd_occ_agg,SKT0C4,55,689430086.0,occupancy_cycles
correlation-stream-cores1,pcm_cha,drd_occ_agg,SKT0C4,56,689153717.0,occupancy_cycles
correlation-stream-cores1,pcm_cha,drd_occ_agg,SKT0C4,57,690198079.0,occupancy_cycles
correlation-stream-cores1,pcm_cha,drd_occ_agg,SKT0C4,58,689456284.0,occupancy_cycles
correlation-stream-cores1,pcm_cha,drd_occ_agg,SKT0C4,59,689552310.0,occupancy_cycles
correlation-stream-cores1,pcm_cha,drd_occ_agg,SKT0C5,0,780889762.0,occupancy_cycles
correlation-stream-cores1,pcm_cha,drd_occ_agg,SKT0C5,1,780852711.0,occupancy_cycles
correlation-stream-cores1,pcm_cha,drd_occ_agg,SKT0C5,2,780263930.0,occupancy_cycles
correlation-stream-cores1,pcm_cha,drd_occ_agg,SKT0C5,3,780443403.0,occupancy_cycles
correlation-stream-cores1,pcm_cha,drd_occ_agg,SKT0C5,4,780951233.0,occupancy_cycles
correlation-stream-cores1,pcm_cha,drd_occ_agg,SKT0C5,5,780404287.0,occupancy_cycles
correlation-stream-cores1,pcm_cha,drd_occ_agg,SKT0C5,6,780324930.0,occupancy_cycles
correlation-stream-cores1,pcm_cha,drd_occ_agg,SKT0C5,7,780467062.0,occupancy_cycles
correlation-stream-cores1,pcm_cha,drd_occ_agg,SKT0C5,8,781397727.0,occupancy_cycles
correlation-stream-cores1,pcm_cha,drd_occ_agg,SKT0C5,9,780313404.0,occupancy_cycles
correlation-stream-cores1,pcm_cha,drd_occ_agg,SKT0C5,10,780055758.0,occupancy_cycles
correlation-stream-cores1,pcm_cha,drd_occ_agg,SKT0C5,11,780187469.0,occupancy_cycles
correlation-stream-cores1,pcm_cha,drd_occ_agg,SKT0C5,12,780090580.0,occupancy_cycles
correlation-stream-cores1,pcm_cha,drd_occ_agg,SKT0C5,13,780995278.0,occupancy_cycles
correlation-stream-cores1,pcm_cha,drd_occ_agg,SKT0C5,14,779967807.0,occupancy_cycles
correlation-stream-cores1,pcm_cha,drd_occ_agg,SKT0C5,15,780090393.0,occupancy_cycles
correlation-stream-cores1,pcm_cha,drd_occ_agg,SKT0C5,16,780133981.0,occupancy_cycles
correlation-stream-cores1,pcm_cha,drd_occ_agg,SKT0C5,17,779712885.0,occupancy_cycles
correlation-stream-cores1,pcm_cha,drd_occ_agg,SKT0C5,18,780600533.0,occupancy_cycles
correlation-stream-cores1,pcm_cha,drd_occ_agg,SKT0C5,19,779814649.0,occupancy_cycles
correlation-stream-cores1,pcm_cha,drd_occ_agg,SKT0C5,20,779946361.0,occupancy_cycles
correlation-stream-cores1,pcm_cha,drd_occ_agg,SKT0C5,21,779930871.0,occupancy_cycles
correlation-stream-cores1,pcm_cha,drd_occ_agg,SKT0C5,22,780572910.0,occupancy_cycles
correlation-stream-cores1,pcm_cha,drd_occ_agg,SKT0C5,23,779797453.0,occupancy_cycles
correlation-stream-cores1,pcm_cha,drd_occ_agg,SKT0C5,24,779964419.0,occupancy_cycles
correlation-stream-cores1,pcm_cha,drd_occ_agg,SKT0C5,25,779935630.0,occupancy_cycles
correlation-stream-cores1,pcm_cha,drd_occ_agg,SKT0C5,26,780695047.0,occupancy_cycles
correlation-stream-cores1,pcm_cha,drd_occ_agg,SKT0C5,27,779924557.0,occupancy_cycles
correlation-stream-cores1,pcm_cha,drd_occ_agg,SKT0C5,28,780021771.0,occupancy_cycles
correlation-stream-cores1,pcm_cha,drd_occ_agg,SKT0C5,29,780160274.0,occupancy_cycles
correlation-stream-cores1,pcm_cha,drd_occ_agg,SKT0C5,30,780793388.0,occupancy_cycles
correlation-stream-cores1,pcm_cha,drd_occ_agg,SKT0C5,31,780157366.0,occupancy_cycles
correlation-stream-cores1,pcm_cha,drd_occ_agg,SKT0C5,32,780172011.0,occupancy_cycles
correlation-stream-cores1,pcm_cha,drd_occ_agg,SKT0C5,33,780154162.0,occupancy_cycles
correlation-stream-cores1,pcm_cha,drd_occ_agg,SKT0C5,34,780341173.0,occupancy_cycles
correlation-stream-cores1,pcm_cha,drd_occ_agg,SKT0C5,35,780748829.0,occupancy_cycles
correlation-stream-cores1,pcm_cha,drd_occ_agg,SKT0C5,36,780176663.0,occupancy_cycles
correlation-stream-cores1,pcm_cha,drd_occ_agg,SKT0C5,37,779494887.0,occupancy_cycles
correlation-stream-cores1,pcm_cha,drd_occ_agg,SKT0C5,38,779943698.0,occupancy_cycles
correlation-stream-cores1,pcm_cha,drd_occ_agg,SKT0C5,39,780727665.0,occupancy_cycles
correlation-stream-cores1,pcm_cha,drd_occ_agg,SKT0C5,40,780410270.0,occupancy_cycles
correlation-stream-cores1,pcm_cha,drd_occ_agg,SKT0C5,41,779604262.0,occupancy_cycles
correlation-stream-cores1,pcm_cha,drd_occ_agg,SKT0C5,42,779765268.0,occupancy_cycles
correlation-stream-cores1,pcm_cha,drd_occ_agg,SKT0C5,43,780910903.0,occupancy_cycles
correlation-stream-cores1,pcm_cha,drd_occ_agg,SKT0C5,44,780647021.0,occupancy_cycles
correlation-stream-cores1,pcm_cha,drd_occ_agg,SKT0C5,45,779954391.0,occupancy_cycles
correlation-stream-cores1,pcm_cha,drd_occ_agg,SKT0C5,46,779536346.0,occupancy_cycles
correlation-stream-cores1,pcm_cha,drd_occ_agg,SKT0C5,47,779911389.0,occupancy_cycles
correlation-stream-cores1,pcm_cha,drd_occ_agg,SKT0C5,48,780351221.0,occupancy_cycles
correlation-stream-cores1,pcm_cha,drd_occ_agg,SKT0C5,49,779702691.0,occupancy_cycles
correlation-stream-cores1,pcm_cha,drd_occ_agg,SKT0C5,50,779856723.0,occupancy_cycles
correlation-stream-cores1,pcm_cha,drd_occ_agg,SKT0C5,51,779445164.0,occupancy_cycles
correlation-stream-cores1,pcm_cha,drd_occ_agg,SKT0C5,52,780585569.0,occupancy_cycles
correlation-stream-cores1,pcm_cha,drd_occ_agg,SKT0C5,53,779607497.0,occupancy_cycles
correlation-stream-cores1,pcm_cha,drd_occ_agg,SKT0C5,54,779646557.0,occupancy_cycles
correlation-stream-cores1,pcm_cha,drd_occ_agg,SKT0C5,55,779565764.0,occupancy_cycles
correlation-stream-cores1,pcm_cha,drd_occ_agg,SKT0C5,56,779442335.0,occupancy_cycles
correlation-stream-cores1,pcm_cha,drd_occ_agg,SKT0C5,57,780852809.0,occupancy_cycles
correlation-stream-cores1,pcm_cha,drd_occ_agg,SKT0C5,58,779860884.0,occupancy_cycles
correlation-stream-cores1,pcm_cha,drd_occ_agg,SKT0C5,59,780000384.0,occupancy_cycles
correlation-stream-cores1,pcm_cha,drd_occ_agg,SKT0C6,0,980316052.0,occupancy_cycles
correlation-stream-cores1,pcm_cha,drd_occ_agg,SKT0C6,1,980339407.0,occupancy_cycles
correlation-stream-cores1,pcm_cha,drd_occ_agg,SKT0C6,2,980022165.0,occupancy_cycles
correlation-stream-cores1,pcm_cha,drd_occ_agg,SKT0C6,3,980116601.0,occupancy_cycles
correlation-stream-cores1,pcm_cha,drd_occ_agg,SKT0C6,4,980894520.0,occupancy_cycles
correlation-stream-cores1,pcm_cha,drd_occ_agg,SKT0C6,5,979827875.0,occupancy_cycles
correlation-stream-cores1,pcm_cha,drd_occ_agg,SKT0C6,6,979904563.0,occupancy_cycles
correlation-stream-cores1,pcm_cha,drd_occ_agg,SKT0C6,7,980171021.0,occupancy_cycles
correlation-stream-cores1,pcm_cha,drd_occ_agg,SKT0C6,8,981290280.0,occupancy_cycles
correlation-stream-cores1,pcm_cha,drd_occ_agg,SKT0C6,9,979885368.0,occupancy_cycles
correlation-stream-cores1,pcm_cha,drd_occ_agg,SKT0C6,10,979476858.0,occupancy_cycles
correlation-stream-cores1,pcm_cha,drd_occ_agg,SKT0C6,11,979822399.0,occupancy_cycles
correlation-stream-cores1,pcm_cha,drd_occ_agg,SKT0C6,12,979710033.0,occupancy_cycles
correlation-stream-cores1,pcm_cha,drd_occ_agg,SKT0C6,13,980844376.0,occupancy_cycles
correlation-stream-cores1,pcm_cha,drd_occ_agg,SKT0C6,14,979696570.0,occupancy_cycles
correlation-stream-cores1,pcm_cha,drd_occ_agg,SKT0C6,15,979532446.0,occupancy_cycles
correlation-stream-cores1,pcm_cha,drd_occ_agg,SKT0C6,16,979579756.0,occupancy_cycles
correlation-stream-cores1,pcm_cha,drd_occ_agg,SKT0C6,17,979175946.0,occupancy_cycles
correlation-stream-cores1,pcm_cha,drd_occ_agg,SKT0C6,18,980418008.0,occupancy_cycles
correlation-stream-cores1,pcm_cha,drd_occ_agg,SKT0C6,19,979231030.0,occupancy_cycles
correlation-stream-cores1,pcm_cha,drd_occ_agg,SKT0C6,20,979149892.0,occupancy_cycles
correlation-stream-cores1,pcm_cha,drd_occ_agg,SKT0C6,21,979396297.0,occupancy_cycles
correlation-stream-cores1,pcm_cha,drd_occ_agg,SKT0C6,22,980236651.0,occupancy_cycles
correlation-stream-cores1,pcm_cha,drd_occ_agg,SKT0C6,23,979244647.0,occupancy_cycles
correlation-stream-cores1,pcm_cha,drd_occ_agg,SKT0C6,24,979490058.0,occupancy_cycles
correlation-stream-cores1,pcm_cha,drd_occ_agg,SKT0C6,25,979399519.0,occupancy_cycles
correlation-stream-cores1,pcm_cha,drd_occ_agg,SKT0C6,26,980513340.0,occupancy_cycles
correlation-stream-cores1,pcm_cha,drd_occ_agg,SKT0C6,27,979812138.0,occupancy_cycles
correlation-stream-cores1,pcm_cha,drd_occ_agg,SKT0C6,28,979894646.0,occupancy_cycles
correlation-stream-cores1,pcm_cha,drd_occ_agg,SKT0C6,29,979652008.0,occupancy_cycles
correlation-stream-cores1,pcm_cha,drd_occ_agg,SKT0C6,30,980652094.0,occupancy_cycles
correlation-stream-cores1,pcm_cha,drd_occ_agg,SKT0C6,31,979719192.0,occupancy_cycles
correlation-stream-cores1,pcm_cha,drd_occ_agg,SKT0C6,32,979772311.0,occupancy_cycles
correlation-stream-cores1,pcm_cha,drd_occ_agg,SKT0C6,33,979768348.0,occupancy_cycles
correlation-stream-cores1,pcm_cha,drd_occ_agg,SKT0C6,34,980072276.0,occupancy_cycles
correlation-stream-cores1,pcm_cha,drd_occ_agg,SKT0C6,35,980358535.0,occupancy_cycles
correlation-stream-cores1,pcm_cha,drd_occ_agg,SKT0C6,36,979862025.0,occupancy_cycles
correlation-stream-cores1,pcm_cha,drd_occ_agg,SKT0C6,37,979018397.0,occupancy_cycles
correlation-stream-cores1,pcm_cha,drd_occ_agg,SKT0C6,38,979710881.0,occupancy_cycles
correlation-stream-cores1,pcm_cha,drd_occ_agg,SKT0C6,39,980466506.0,occupancy_cycles
correlation-stream-cores1,pcm_cha,drd_occ_agg,SKT0C6,40,980160903.0,occupancy_cycles
correlation-stream-cores1,pcm_cha,drd_occ_agg,SKT0C6,41,979116695.0,occupancy_cycles
correlation-stream-cores1,pcm_cha,drd_occ_agg,SKT0C6,42,979277320.0,occupancy_cycles
correlation-stream-cores1,pcm_cha,drd_occ_agg,SKT0C6,43,980468019.0,occupancy_cycles
correlation-stream-cores1,pcm_cha,drd_occ_agg,SKT0C6,44,980393579.0,occupancy_cycles
correlation-stream-cores1,pcm_cha,drd_occ_agg,SKT0C6,45,979246000.0,occupancy_cycles
correlation-stream-cores1,pcm_cha,drd_occ_agg,SKT0C6,46,979080674.0,occupancy_cycles
correlation-stream-cores1,pcm_cha,drd_occ_agg,SKT0C6,47,979241481.0,occupancy_cycles
correlation-stream-cores1,pcm_cha,drd_occ_agg,SKT0C6,48,979921261.0,occupancy_cycles
correlation-stream-cores1,pcm_cha,drd_occ_agg,SKT0C6,49,979067842.0,occupancy_cycles
correlation-stream-cores1,pcm_cha,drd_occ_agg,SKT0C6,50,979369521.0,occupancy_cycles
correlation-stream-cores1,pcm_cha,drd_occ_agg,SKT0C6,51,978646004.0,occupancy_cycles
correlation-stream-cores1,pcm_cha,drd_occ_agg,SKT0C6,52,980181444.0,occupancy_cycles
correlation-stream-cores1,pcm_cha,drd_occ_agg,SKT0C6,53,979047252.0,occupancy_cycles
correlation-stream-cores1,pcm_cha,drd_occ_agg,SKT0C6,54,978932649.0,occupancy_cycles
correlation-stream-cores1,pcm_cha,drd_occ_agg,SKT0C6,55,979210953.0,occupancy_cycles
correlation-stream-cores1,pcm_cha,drd_occ_agg,SKT0C6,56,978687248.0,occupancy_cycles
correlation-stream-cores1,pcm_cha,drd_occ_agg,SKT0C6,57,980652798.0,occupancy_cycles
correlation-stream-cores1,pcm_cha,drd_occ_agg,SKT0C6,58,979602246.0,occupancy_cycles
correlation-stream-cores1,pcm_cha,drd_occ_agg,SKT0C6,59,979482521.0,occupancy_cycles
correlation-stream-cores1,pcm_cha,drd_occ_agg,SKT0C7,0,904934719.0,occupancy_cycles
correlation-stream-cores1,pcm_cha,drd_occ_agg,SKT0C7,1,904817332.0,occupancy_cycles
correlation-stream-cores1,pcm_cha,drd_occ_agg,SKT0C7,2,904374634.0,occupancy_cycles
correlation-stream-cores1,pcm_cha,drd_occ_agg,SKT0C7,3,904591106.0,occupancy_cycles
correlation-stream-cores1,pcm_cha,drd_occ_agg,SKT0C7,4,905058921.0,occupancy_cycles
correlation-stream-cores1,pcm_cha,drd_occ_agg,SKT0C7,5,904489628.0,occupancy_cycles
correlation-stream-cores1,pcm_cha,drd_occ_agg,SKT0C7,6,904260010.0,occupancy_cycles
correlation-stream-cores1,pcm_cha,drd_occ_agg,SKT0C7,7,904493437.0,occupancy_cycles
correlation-stream-cores1,pcm_cha,drd_occ_agg,SKT0C7,8,905523346.0,occupancy_cycles
correlation-stream-cores1,pcm_cha,drd_occ_agg,SKT0C7,9,904449761.0,occupancy_cycles
correlation-stream-cores1,pcm_cha,drd_occ_agg,SKT0C7,10,904169878.0,occupancy_cycles
correlation-stream-cores1,pcm_cha,drd_occ_agg,SKT0C7,11,904287704.0,occupancy_cycles
correlation-stream-cores1,pcm_cha,drd_occ_agg,SKT0C7,12,903989920.0,occupancy_cycles
correlation-stream-cores1,pcm_cha,drd_occ_agg,SKT0C7,13,905103557.0,occupancy_cycles
correlation-stream-cores1,pcm_cha,drd_occ_agg,SKT0C7,14,903907635.0,occupancy_cycles
correlation-stream-cores1,pcm_cha,drd_occ_agg,SKT0C7,15,904061083.0,occupancy_cycles
correlation-stream-cores1,pcm_cha,drd_occ_agg,SKT0C7,16,904182907.0,occupancy_cycles
correlation-stream-cores1,pcm_cha,drd_occ_agg,SKT0C7,17,903798560.0,occupancy_cycles
correlation-stream-cores1,pcm_cha,drd_occ_agg,SKT0C7,18,904770513.0,occupancy_cycles
correlation-stream-cores1,pcm_cha,drd_occ_agg,SKT0C7,19,903744331.0,occupancy_cycles
correlation-stream-cores1,pcm_cha,drd_occ_agg,SKT0C7,20,903894111.0,occupancy_cycles
correlation-stream-cores1,pcm_cha,drd_occ_agg,SKT0C7,21,903900857.0,occupancy_cycles
correlation-stream-cores1,pcm_cha,drd_occ_agg,SKT0C7,22,904677135.0,occupancy_cycles
correlation-stream-cores1,pcm_cha,drd_occ_agg,SKT0C7,23,903720137.0,occupancy_cycles
correlation-stream-cores1,pcm_cha,drd_occ_agg,SKT0C7,24,903912096.0,occupancy_cycles
correlation-stream-cores1,pcm_cha,drd_occ_agg,SKT0C7,25,903891131.0,occupancy_cycles
correlation-stream-cores1,pcm_cha,drd_occ_agg,SKT0C7,26,904863642.0,occupancy_cycles
correlation-stream-cores1,pcm_cha,drd_occ_agg,SKT0C7,27,904055117.0,occupancy_cycles
correlation-stream-cores1,pcm_cha,drd_occ_agg,SKT0C7,28,904241228.0,occupancy_cycles
correlation-stream-cores1,pcm_cha,drd_occ_agg,SKT0C7,29,904117431.0,occupancy_cycles
correlation-stream-cores1,pcm_cha,drd_occ_agg,SKT0C7,30,904965496.0,occupancy_cycles
correlation-stream-cores1,pcm_cha,drd_occ_agg,SKT0C7,31,904129718.0,occupancy_cycles
correlation-stream-cores1,pcm_cha,drd_occ_agg,SKT0C7,32,904059946.0,occupancy_cycles
correlation-stream-cores1,pcm_cha,drd_occ_agg,SKT0C7,33,904021720.0,occupancy_cycles
correlation-stream-cores1,pcm_cha,drd_occ_agg,SKT0C7,34,904396714.0,occupancy_cycles
correlation-stream-cores1,pcm_cha,drd_occ_agg,SKT0C7,35,904851652.0,occupancy_cycles
correlation-stream-cores1,pcm_cha,drd_occ_agg,SKT0C7,36,904255725.0,occupancy_cycles
correlation-stream-cores1,pcm_cha,drd_occ_agg,SKT0C7,37,903557720.0,occupancy_cycles
correlation-stream-cores1,pcm_cha,drd_occ_agg,SKT0C7,38,904033453.0,occupancy_cycles
correlation-stream-cores1,pcm_cha,drd_occ_agg,SKT0C7,39,904935814.0,occupancy_cycles
correlation-stream-cores1,pcm_cha,drd_occ_agg,SKT0C7,40,904516374.0,occupancy_cycles
correlation-stream-cores1,pcm_cha,drd_occ_agg,SKT0C7,41,903380426.0,occupancy_cycles
correlation-stream-cores1,pcm_cha,drd_occ_agg,SKT0C7,42,903697443.0,occupancy_cycles
correlation-stream-cores1,pcm_cha,drd_occ_agg,SKT0C7,43,904863704.0,occupancy_cycles
correlation-stream-cores1,pcm_cha,drd_occ_agg,SKT0C7,44,904827065.0,occupancy_cycles
correlation-stream-cores1,pcm_cha,drd_occ_agg,SKT0C7,45,903730782.0,occupancy_cycles
correlation-stream-cores1,pcm_cha,drd_occ_agg,SKT0C7,46,903832454.0,occupancy_cycles
correlation-stream-cores1,pcm_cha,drd_occ_agg,SKT0C7,47,903812012.0,occupancy_cycles
correlation-stream-cores1,pcm_cha,drd_occ_agg,SKT0C7,48,904441383.0,occupancy_cycles
correlation-stream-cores1,pcm_cha,drd_occ_agg,SKT0C7,49,903596035.0,occupancy_cycles
correlation-stream-cores1,pcm_cha,drd_occ_agg,SKT0C7,50,903766127.0,occupancy_cycles
correlation-stream-cores1,pcm_cha,drd_occ_agg,SKT0C7,51,903297387.0,occupancy_cycles
correlation-stream-cores1,pcm_cha,drd_occ_agg,SKT0C7,52,904725927.0,occupancy_cycles
correlation-stream-cores1,pcm_cha,drd_occ_agg,SKT0C7,53,903668101.0,occupancy_cycles
correlation-stream-cores1,pcm_cha,drd_occ_agg,SKT0C7,54,903590634.0,occupancy_cycles
correlation-stream-cores1,pcm_cha,drd_occ_agg,SKT0C7,55,903712544.0,occupancy_cycles
correlation-stream-cores1,pcm_cha,drd_occ_agg,SKT0C7,56,903590557.0,occupancy_cycles
correlation-stream-cores1,pcm_cha,drd_occ_agg,SKT0C7,57,904880470.0,occupancy_cycles
correlation-stream-cores1,pcm_cha,drd_occ_agg,SKT0C7,58,903963697.0,occupancy_cycles
correlation-stream-cores1,pcm_cha,drd_occ_agg,SKT0C7,59,904080846.0,occupancy_cycles
correlation-stream-cores1,pcm_cha,drd_occ_agg,SKT0C8,0,909922104.0,occupancy_cycles
correlation-stream-cores1,pcm_cha,drd_occ_agg,SKT0C8,1,909929246.0,occupancy_cycles
correlation-stream-cores1,pcm_cha,drd_occ_agg,SKT0C8,2,909507507.0,occupancy_cycles
correlation-stream-cores1,pcm_cha,drd_occ_agg,SKT0C8,3,909498224.0,occupancy_cycles
correlation-stream-cores1,pcm_cha,drd_occ_agg,SKT0C8,4,910343862.0,occupancy_cycles
correlation-stream-cores1,pcm_cha,drd_occ_agg,SKT0C8,5,909514373.0,occupancy_cycles
correlation-stream-cores1,pcm_cha,drd_occ_agg,SKT0C8,6,909372632.0,occupancy_cycles
correlation-stream-cores1,pcm_cha,drd_occ_agg,SKT0C8,7,909631868.0,occupancy_cycles
correlation-stream-cores1,pcm_cha,drd_occ_agg,SKT0C8,8,910853613.0,occupancy_cycles
correlation-stream-cores1,pcm_cha,drd_occ_agg,SKT0C8,9,909315538.0,occupancy_cycles
correlation-stream-cores1,pcm_cha,drd_occ_agg,SKT0C8,10,909011834.0,occupancy_cycles
correlation-stream-cores1,pcm_cha,drd_occ_agg,SKT0C8,11,909092659.0,occupancy_cycles
correlation-stream-cores1,pcm_cha,drd_occ_agg,SKT0C8,12,909158074.0,occupancy_cycles
correlation-stream-cores1,pcm_cha,drd_occ_agg,SKT0C8,13,910291700.0,occupancy_cycles
correlation-stream-cores1,pcm_cha,drd_occ_agg,SKT0C8,14,909048037.0,occupancy_cycles
correlation-stream-cores1,pcm_cha,drd_occ_agg,SKT0C8,15,909006790.0,occupancy_cycles
correlation-stream-cores1,pcm_cha,drd_occ_agg,SKT0C8,16,909025260.0,occupancy_cycles
correlation-stream-cores1,pcm_cha,drd_occ_agg,SKT0C8,17,908662461.0,occupancy_cycles
correlation-stream-cores1,pcm_cha,drd_occ_agg,SKT0C8,18,909684678.0,occupancy_cycles
correlation-stream-cores1,pcm_cha,drd_occ_agg,SKT0C8,19,908600596.0,occupancy_cycles
correlation-stream-cores1,pcm_cha,drd_occ_agg,SKT0C8,20,908846841.0,occupancy_cycles
correlation-stream-cores1,pcm_cha,drd_occ_agg,SKT0C8,21,908867867.0,occupancy_cycles
correlation-stream-cores1,pcm_cha,drd_occ_agg,SKT0C8,22,909938173.0,occupancy_cycles
correlation-stream-cores1,pcm_cha,drd_occ_agg,SKT0C8,23,908826326.0,occupancy_cycles
correlation-stream-cores1,pcm_cha,drd_occ_agg,SKT0C8,24,909047293.0,occupancy_cycles
correlation-stream-cores1,pcm_cha,drd_occ_agg,SKT0C8,25,908992029.0,occupancy_cycles
correlation-stream-cores1,pcm_cha,drd_occ_agg,SKT0C8,26,909901671.0,occupancy_cycles
correlation-stream-cores1,pcm_cha,drd_occ_agg,SKT0C8,27,908931116.0,occupancy_cycles
correlation-stream-cores1,pcm_cha,drd_occ_agg,SKT0C8,28,909324502.0,occupancy_cycles
correlation-stream-cores1,pcm_cha,drd_occ_agg,SKT0C8,29,909158222.0,occupancy_cycles
correlation-stream-cores1,pcm_cha,drd_occ_agg,SKT0C8,30,909945138.0,occupancy_cycles
correlation-stream-cores1,pcm_cha,drd_occ_agg,SKT0C8,31,909149242.0,occupancy_cycles
correlation-stream-cores1,pcm_cha,drd_occ_agg,SKT0C8,32,909185260.0,occupancy_cycles
correlation-stream-cores1,pcm_cha,drd_occ_agg,SKT0C8,33,909177429.0,occupancy_cycles
correlation-stream-cores1,pcm_cha,drd_occ_agg,SKT0C8,34,909525425.0,occupancy_cycles
correlation-stream-cores1,pcm_cha,drd_occ_agg,SKT0C8,35,909855946.0,occupancy_cycles
correlation-stream-cores1,pcm_cha,drd_occ_agg,SKT0C8,36,909332253.0,occupancy_cycles
correlation-stream-cores1,pcm_cha,drd_occ_agg,SKT0C8,37,908328577.0,occupancy_cycles
correlation-stream-cores1,pcm_cha,drd_occ_agg,SKT0C8,38,909220704.0,occupancy_cycles
correlation-stream-cores1,pcm_cha,drd_occ_agg,SKT0C8,39,909893689.0,occupancy_cycles
correlation-stream-cores1,pcm_cha,drd_occ_agg,SKT0C8,40,909512569.0,occupancy_cycles
correlation-stream-cores1,pcm_cha,drd_occ_agg,SKT0C8,41,908710945.0,occupancy_cycles
correlation-stream-cores1,pcm_cha,drd_occ_agg,SKT0C8,42,908977873.0,occupancy_cycles
correlation-stream-cores1,pcm_cha,drd_occ_agg,SKT0C8,43,910067942.0,occupancy_cycles
correlation-stream-cores1,pcm_cha,drd_occ_agg,SKT0C8,44,909856733.0,occupancy_cycles
correlation-stream-cores1,pcm_cha,drd_occ_agg,SKT0C8,45,908831935.0,occupancy_cycles
correlation-stream-cores1,pcm_cha,drd_occ_agg,SKT0C8,46,908679952.0,occupancy_cycles
correlation-stream-cores1,pcm_cha,drd_occ_agg,SKT0C8,47,908835454.0,occupancy_cycles
correlation-stream-cores1,pcm_cha,drd_occ_agg,SKT0C8,48,909471540.0,occupancy_cycles
correlation-stream-cores1,pcm_cha,drd_occ_agg,SKT0C8,49,908543208.0,occupancy_cycles
correlation-stream-cores1,pcm_cha,drd_occ_agg,SKT0C8,50,908871584.0,occupancy_cycles
correlation-stream-cores1,pcm_cha,drd_occ_agg,SKT0C8,51,908404707.0,occupancy_cycles
correlation-stream-cores1,pcm_cha,drd_occ_agg,SKT0C8,52,909665744.0,occupancy_cycles
correlation-stream-cores1,pcm_cha,drd_occ_agg,SKT0C8,53,908784562.0,occupancy_cycles
correlation-stream-cores1,pcm_cha,drd_occ_agg,SKT0C8,54,908660081.0,occupancy_cycles
correlation-stream-cores1,pcm_cha,drd_occ_agg,SKT0C8,55,908895589.0,occupancy_cycles
correlation-stream-cores1,pcm_cha,drd_occ_agg,SKT0C8,56,908534866.0,occupancy_cycles
correlation-stream-cores1,pcm_cha,drd_occ_agg,SKT0C8,57,910036040.0,occupancy_cycles
correlation-stream-cores1,pcm_cha,drd_occ_agg,SKT0C8,58,908903867.0,occupancy_cycles
correlation-stream-cores1,pcm_cha,drd_occ_agg,SKT0C8,59,909085145.0,occupancy_cycles
correlation-stream-cores1,pcm_cha,drd_occ_agg,SKT0C9,0,948867002.0,occupancy_cycles
correlation-stream-cores1,pcm_cha,drd_occ_agg,SKT0C9,1,948932441.0,occupancy_cycles
correlation-stream-cores1,pcm_cha,drd_occ_agg,SKT0C9,2,948255120.0,occupancy_cycles
correlation-stream-cores1,pcm_cha,drd_occ_agg,SKT0C9,3,948396341.0,occupancy_cycles
correlation-stream-cores1,pcm_cha,drd_occ_agg,SKT0C9,4,948894294.0,occupancy_cycles
correlation-stream-cores1,pcm_cha,drd_occ_agg,SKT0C9,5,948378958.0,occupancy_cycles
correlation-stream-cores1,pcm_cha,drd_occ_agg,SKT0C9,6,948195121.0,occupancy_cycles
correlation-stream-cores1,pcm_cha,drd_occ_agg,SKT0C9,7,948489888.0,occupancy_cycles
correlation-stream-cores1,pcm_cha,drd_occ_agg,SKT0C9,8,949792588.0,occupancy_cycles
correlation-stream-cores1,pcm_cha,drd_occ_agg,SKT0C9,9,948321411.0,occupancy_cycles
correlation-stream-cores1,pcm_cha,drd_occ_agg,SKT0C9,10,948134453.0,occupancy_cycles
correlation-stream-cores1,pcm_cha,drd_occ_agg,SKT0C9,11,948103433.0,occupancy_cycles
correlation-stream-cores1,pcm_cha,drd_occ_agg,SKT0C9,12,948145176.0,occupancy_cycles
correlation-stream-cores1,pcm_cha,drd_occ_agg,SKT0C9,13,949051383.0,occupancy_cycles
correlation-stream-cores1,pcm_cha,drd_occ_agg,SKT0C9,14,948167081.0,occupancy_cycles
correlation-stream-cores1,pcm_cha,drd_occ_agg,SKT0C9,15,948077586.0,occupancy_cycles
correlation-stream-cores1,pcm_cha,drd_occ_agg,SKT0C9,16,948087745.0,occupancy_cycles
correlation-stream-cores1,pcm_cha,drd_occ_agg,SKT0C9,17,947692858.0,occupancy_cycles
correlation-stream-cores1,pcm_cha,drd_occ_agg,SKT0C9,18,948940905.0,occupancy_cycles
correlation-stream-cores1,pcm_cha,drd_occ_agg,SKT0C9,19,947594217.0,occupancy_cycles
correlation-stream-cores1,pcm_cha,drd_occ_agg,SKT0C9,20,947737249.0,occupancy_cycles
correlation-stream-cores1,pcm_cha,drd_occ_agg,SKT0C9,21,947837648.0,occupancy_cycles
correlation-stream-cores1,pcm_cha,drd_occ_agg,SKT0C9,22,948769681.0,occupancy_cycles
correlation-stream-cores1,pcm_cha,drd_occ_agg,SKT0C9,23,947789303.0,occupancy_cycles
correlation-stream-cores1,pcm_cha,drd_occ_agg,SKT0C9,24,947903874.0,occupancy_cycles
correlation-stream-cores1,pcm_cha,drd_occ_agg,SKT0C9,25,947749771.0,occupancy_cycles
correlation-stream-cores1,pcm_cha,drd_occ_agg,SKT0C9,26,948891210.0,occupancy_cycles
correlation-stream-cores1,pcm_cha,drd_occ_agg,SKT0C9,27,947913729.0,occupancy_cycles
correlation-stream-cores1,pcm_cha,drd_occ_agg,SKT0C9,28,948276403.0,occupancy_cycles
correlation-stream-cores1,pcm_cha,drd_occ_agg,SKT0C9,29,948045836.0,occupancy_cycles
correlation-stream-cores1,pcm_cha,drd_occ_agg,SKT0C9,30,949100418.0,occupancy_cycles
correlation-stream-cores1,pcm_cha,drd_occ_agg,SKT0C9,31,948023767.0,occupancy_cycles
correlation-stream-cores1,pcm_cha,drd_occ_agg,SKT0C9,32,948385951.0,occupancy_cycles
correlation-stream-cores1,pcm_cha,drd_occ_agg,SKT0C9,33,948173420.0,occupancy_cycles
correlation-stream-cores1,pcm_cha,drd_occ_agg,SKT0C9,34,948387077.0,occupancy_cycles
correlation-stream-cores1,pcm_cha,drd_occ_agg,SKT0C9,35,948708299.0,occupancy_cycles
correlation-stream-cores1,pcm_cha,drd_occ_agg,SKT0C9,36,948274643.0,occupancy_cycles
correlation-stream-cores1,pcm_cha,drd_occ_agg,SKT0C9,37,947599343.0,occupancy_cycles
correlation-stream-cores1,pcm_cha,drd_occ_agg,SKT0C9,38,947902297.0,occupancy_cycles
correlation-stream-cores1,pcm_cha,drd_occ_agg,SKT0C9,39,948982253.0,occupancy_cycles
correlation-stream-cores1,pcm_cha,drd_occ_agg,SKT0C9,40,948515219.0,occupancy_cycles
correlation-stream-cores1,pcm_cha,drd_occ_agg,SKT0C9,41,947656822.0,occupancy_cycles
correlation-stream-cores1,pcm_cha,drd_occ_agg,SKT0C9,42,947599405.0,occupancy_cycles
correlation-stream-cores1,pcm_cha,drd_occ_agg,SKT0C9,43,949032256.0,occupancy_cycles
correlation-stream-cores1,pcm_cha,drd_occ_agg,SKT0C9,44,948934789.0,occupancy_cycles
correlation-stream-cores1,pcm_cha,drd_occ_agg,SKT0C9,45,947852691.0,occupancy_cycles
correlation-stream-cores1,pcm_cha,drd_occ_agg,SKT0C9,46,947735322.0,occupancy_cycles
correlation-stream-cores1,pcm_cha,drd_occ_agg,SKT0C9,47,947467954.0,occupancy_cycles
correlation-stream-cores1,pcm_cha,drd_occ_agg,SKT0C9,48,948483605.0,occupancy_cycles
correlation-stream-cores1,pcm_cha,drd_occ_agg,SKT0C9,49,947584091.0,occupancy_cycles
correlation-stream-cores1,pcm_cha,drd_occ_agg,SKT0C9,50,947746768.0,occupancy_cycles
correlation-stream-cores1,pcm_cha,drd_occ_agg,SKT0C9,51,947152556.0,occupancy_cycles
correlation-stream-cores1,pcm_cha,drd_occ_agg,SKT0C9,52,948563051.0,occupancy_cycles
correlation-stream-cores1,pcm_cha,drd_occ_agg,SKT0C9,53,947697655.0,occupancy_cycles
correlation-stream-cores1,pcm_cha,drd_occ_agg,SKT0C9,54,947493085.0,occupancy_cycles
correlation-stream-cores1,pcm_cha,drd_occ_agg,SKT0C9,55,947643792.0,occupancy_cycles
correlation-stream-cores1,pcm_cha,drd_occ_agg,SKT0C9,56,947355371.0,occupancy_cycles
correlation-stream-cores1,pcm_cha,drd_occ_agg,SKT0C9,57,949075901.0,occupancy_cycles
correlation-stream-cores1,pcm_cha,drd_occ_agg,SKT0C9,58,947877819.0,occupancy_cycles
correlation-stream-cores1,pcm_cha,drd_occ_agg,SKT0C9,59,948188136.0,occupancy_cycles
correlation-stream-cores1,pcm_cha,drd_occ_agg,SKT0C10,0,869768697.0,occupancy_cycles
correlation-stream-cores1,pcm_cha,drd_occ_agg,SKT0C10,1,869689447.0,occupancy_cycles
correlation-stream-cores1,pcm_cha,drd_occ_agg,SKT0C10,2,869541788.0,occupancy_cycles
correlation-stream-cores1,pcm_cha,drd_occ_agg,SKT0C10,3,869311190.0,occupancy_cycles
correlation-stream-cores1,pcm_cha,drd_occ_agg,SKT0C10,4,869968995.0,occupancy_cycles
correlation-stream-cores1,pcm_cha,drd_occ_agg,SKT0C10,5,869514572.0,occupancy_cycles
correlation-stream-cores1,pcm_cha,drd_occ_agg,SKT0C10,6,869385692.0,occupancy_cycles
correlation-stream-cores1,pcm_cha,drd_occ_agg,SKT0C10,7,869633062.0,occupancy_cycles
correlation-stream-cores1,pcm_cha,drd_occ_agg,SKT0C10,8,870681184.0,occupancy_cycles
correlation-stream-cores1,pcm_cha,drd_occ_agg,SKT0C10,9,869219513.0,occupancy_cycles
correlation-stream-cores1,pcm_cha,drd_occ_agg,SKT0C10,10,869149800.0,occupancy_cycles
correlation-stream-cores1,pcm_cha,drd_occ_agg,SKT0C10,11,869379574.0,occupancy_cycles
correlation-stream-cores1,pcm_cha,drd_occ_agg,SKT0C10,12,869305876.0,occupancy_cycles
correlation-stream-cores1,pcm_cha,drd_occ_agg,SKT0C10,13,870093246.0,occupancy_cycles
correlation-stream-cores1,pcm_cha,drd_occ_agg,SKT0C10,14,869189060.0,occupancy_cycles
correlation-stream-cores1,pcm_cha,drd_occ_agg,SKT0C10,15,869088647.0,occupancy_cycles
correlation-stream-cores1,pcm_cha,drd_occ_agg,SKT0C10,16,869194203.0,occupancy_cycles
correlation-stream-cores1,pcm_cha,drd_occ_agg,SKT0C10,17,868707939.0,occupancy_cycles
correlation-stream-cores1,pcm_cha,drd_occ_agg,SKT0C10,18,869642969.0,occupancy_cycles
correlation-stream-cores1,pcm_cha,drd_occ_agg,SKT0C10,19,868678819.0,occupancy_cycles
correlation-stream-cores1,pcm_cha,drd_occ_agg,SKT0C10,20,868870099.0,occupancy_cycles
correlation-stream-cores1,pcm_cha,drd_occ_agg,SKT0C10,21,868840931.0,occupancy_cycles
correlation-stream-cores1,pcm_cha,drd_occ_agg,SKT0C10,22,869722439.0,occupancy_cycles
correlation-stream-cores1,pcm_cha,drd_occ_agg,SKT0C10,23,868960151.0,occupancy_cycles
correlation-stream-cores1,pcm_cha,drd_occ_agg,SKT0C10,24,868903449.0,occupancy_cycles
correlation-stream-cores1,pcm_cha,drd_occ_agg,SKT0C10,25,868967577.0,occupancy_cycles
correlation-stream-cores1,pcm_cha,drd_occ_agg,SKT0C10,26,869891960.0,occupancy_cycles
correlation-stream-cores1,pcm_cha,drd_occ_agg,SKT0C10,27,869100735.0,occupancy_cycles
correlation-stream-cores1,pcm_cha,drd_occ_agg,SKT0C10,28,869347003.0,occupancy_cycles
correlation-stream-cores1,pcm_cha,drd_occ_agg,SKT0C10,29,869243414.0,occupancy_cycles
correlation-stream-cores1,pcm_cha,drd_occ_agg,SKT0C10,30,869967670.0,occupancy_cycles
correlation-stream-cores1,pcm_cha,drd_occ_agg,SKT0C10,31,869145436.0,occupancy_cycles
correlation-stream-cores1,pcm_cha,drd_occ_agg,SKT0C10,32,869138033.0,occupancy_cycles
correlation-stream-cores1,pcm_cha,drd_occ_agg,SKT0C10,33,869215146.0,occupancy_cycles
correlation-stream-cores1,pcm_cha,drd_occ_agg,SKT0C10,34,869365159.0,occupancy_cycles
correlation-stream-cores1,pcm_cha,drd_occ_agg,SKT0C10,35,869855185.0,occupancy_cycles
correlation-stream-cores1,pcm_cha,drd_occ_agg,SKT0C10,36,869232469.0,occupancy_cycles
correlation-stream-cores1,pcm_cha,drd_occ_agg,SKT0C10,37,868339513.0,occupancy_cycles
correlation-stream-cores1,pcm_cha,drd_occ_agg,SKT0C10,38,869340931.0,occupancy_cycles
correlation-stream-cores1,pcm_cha,drd_occ_agg,SKT0C10,39,869847544.0,occupancy_cycles
correlation-stream-cores1,pcm_cha,drd_occ_agg,SKT0C10,40,869588394.0,occupancy_cycles
correlation-stream-cores1,pcm_cha,drd_occ_agg,SKT0C10,41,868611223.0,occupancy_cycles
correlation-stream-cores1,pcm_cha,drd_occ_agg,SKT0C10,42,868696381.0,occupancy_cycles
correlation-stream-cores1,pcm_cha,drd_occ_agg,SKT0C10,43,870123747.0,occupancy_cycles
correlation-stream-cores1,pcm_cha,drd_occ_agg,SKT0C10,44,869725082.0,occupancy_cycles
correlation-stream-cores1,pcm_cha,drd_occ_agg,SKT0C10,45,868835976.0,occupancy_cycles
correlation-stream-cores1,pcm_cha,drd_occ_agg,SKT0C10,46,868734709.0,occupancy_cycles
correlation-stream-cores1,pcm_cha,drd_occ_agg,SKT0C10,47,868839490.0,occupancy_cycles
correlation-stream-cores1,pcm_cha,drd_occ_agg,SKT0C10,48,869463969.0,occupancy_cycles
correlation-stream-cores1,pcm_cha,drd_occ_agg,SKT0C10,49,868542382.0,occupancy_cycles
correlation-stream-cores1,pcm_cha,drd_occ_agg,SKT0C10,50,868871289.0,occupancy_cycles
correlation-stream-cores1,pcm_cha,drd_occ_agg,SKT0C10,51,868441213.0,occupancy_cycles
correlation-stream-cores1,pcm_cha,drd_occ_agg,SKT0C10,52,869569746.0,occupancy_cycles
correlation-stream-cores1,pcm_cha,drd_occ_agg,SKT0C10,53,868571143.0,occupancy_cycles
correlation-stream-cores1,pcm_cha,drd_occ_agg,SKT0C10,54,868696317.0,occupancy_cycles
correlation-stream-cores1,pcm_cha,drd_occ_agg,SKT0C10,55,868772182.0,occupancy_cycles
correlation-stream-cores1,pcm_cha,drd_occ_agg,SKT0C10,56,868466472.0,occupancy_cycles
correlation-stream-cores1,pcm_cha,drd_occ_agg,SKT0C10,57,869881604.0,occupancy_cycles
correlation-stream-cores1,pcm_cha,drd_occ_agg,SKT0C10,58,868836102.0,occupancy_cycles
correlation-stream-cores1,pcm_cha,drd_occ_agg,SKT0C10,59,869040435.0,occupancy_cycles
correlation-stream-cores1,pcm_cha,drd_occ_agg,SKT0C11,0,918259600.0,occupancy_cycles
correlation-stream-cores1,pcm_cha,drd_occ_agg,SKT0C11,1,918372666.0,occupancy_cycles
correlation-stream-cores1,pcm_cha,drd_occ_agg,SKT0C11,2,917828636.0,occupancy_cycles
correlation-stream-cores1,pcm_cha,drd_occ_agg,SKT0C11,3,918041417.0,occupancy_cycles
correlation-stream-cores1,pcm_cha,drd_occ_agg,SKT0C11,4,918706750.0,occupancy_cycles
correlation-stream-cores1,pcm_cha,drd_occ_agg,SKT0C11,5,917863626.0,occupancy_cycles
correlation-stream-cores1,pcm_cha,drd_occ_agg,SKT0C11,6,918069104.0,occupancy_cycles
correlation-stream-cores1,pcm_cha,drd_occ_agg,SKT0C11,7,917972741.0,occupancy_cycles
correlation-stream-cores1,pcm_cha,drd_occ_agg,SKT0C11,8,919139502.0,occupancy_cycles
correlation-stream-cores1,pcm_cha,drd_occ_agg,SKT0C11,9,917602928.0,occupancy_cycles
correlation-stream-cores1,pcm_cha,drd_occ_agg,SKT0C11,10,917523671.0,occupancy_cycles
correlation-stream-cores1,pcm_cha,drd_occ_agg,SKT0C11,11,917746708.0,occupancy_cycles
correlation-stream-cores1,pcm_cha,drd_occ_agg,SKT0C11,12,917672337.0,occupancy_cycles
correlation-stream-cores1,pcm_cha,drd_occ_agg,SKT0C11,13,918459929.0,occupancy_cycles
correlation-stream-cores1,pcm_cha,drd_occ_agg,SKT0C11,14,917450305.0,occupancy_cycles
correlation-stream-cores1,pcm_cha,drd_occ_agg,SKT0C11,15,917499949.0,occupancy_cycles
correlation-stream-cores1,pcm_cha,drd_occ_agg,SKT0C11,16,917620135.0,occupancy_cycles
correlation-stream-cores1,pcm_cha,drd_occ_agg,SKT0C11,17,917089908.0,occupancy_cycles
correlation-stream-cores1,pcm_cha,drd_occ_agg,SKT0C11,18,918211162.0,occupancy_cycles
correlation-stream-cores1,pcm_cha,drd_occ_agg,SKT0C11,19,917201874.0,occupancy_cycles
correlation-stream-cores1,pcm_cha,drd_occ_agg,SKT0C11,20,917371982.0,occupancy_cycles
correlation-stream-cores1,pcm_cha,drd_occ_agg,SKT0C11,21,917403640.0,occupancy_cycles
correlation-stream-cores1,pcm_cha,drd_occ_agg,SKT0C11,22,918132941.0,occupancy_cycles
correlation-stream-cores1,pcm_cha,drd_occ_agg,SKT0C11,23,917189167.0,occupancy_cycles
correlation-stream-cores1,pcm_cha,drd_occ_agg,SKT0C11,24,917193597.0,occupancy_cycles
correlation-stream-cores1,pcm_cha,drd_occ_agg,SKT0C11,25,917343910.0,occupancy_cycles
correlation-stream-cores1,pcm_cha,drd_occ_agg,SKT0C11,26,918291606.0,occupancy_cycles
correlation-stream-cores1,pcm_cha,drd_occ_agg,SKT0C11,27,917592423.0,occupancy_cycles
correlation-stream-cores1,pcm_cha,drd_occ_agg,SKT0C11,28,917802366.0,occupancy_cycles
correlation-stream-cores1,pcm_cha,drd_occ_agg,SKT0C11,29,917589819.0,occupancy_cycles
correlation-stream-cores1,pcm_cha,drd_occ_agg,SKT0C11,30,918528208.0,occupancy_cycles
correlation-stream-cores1,pcm_cha,drd_occ_agg,SKT0C11,31,917791754.0,occupancy_cycles
correlation-stream-cores1,pcm_cha,drd_occ_agg,SKT0C11,32,917784223.0,occupancy_cycles
correlation-stream-cores1,pcm_cha,drd_occ_agg,SKT0C11,33,917573996.0,occupancy_cycles
correlation-stream-cores1,pcm_cha,drd_occ_agg,SKT0C11,34,917891964.0,occupancy_cycles
correlation-stream-cores1,pcm_cha,drd_occ_agg,SKT0C11,35,918167363.0,occupancy_cycles
correlation-stream-cores1,pcm_cha,drd_occ_agg,SKT0C11,36,917694836.0,occupancy_cycles
correlation-stream-cores1,pcm_cha,drd_occ_agg,SKT0C11,37,916702710.0,occupancy_cycles
correlation-stream-cores1,pcm_cha,drd_occ_agg,SKT0C11,38,917431441.0,occupancy_cycles
correlation-stream-cores1,pcm_cha,drd_occ_agg,SKT0C11,39,918470885.0,occupancy_cycles
correlation-stream-cores1,pcm_cha,drd_occ_agg,SKT0C11,40,917925462.0,occupancy_cycles
correlation-stream-cores1,pcm_cha,drd_occ_agg,SKT0C11,41,917155138.0,occupancy_cycles
correlation-stream-cores1,pcm_cha,drd_occ_agg,SKT0C11,42,917042859.0,occupancy_cycles
correlation-stream-cores1,pcm_cha,drd_occ_agg,SKT0C11,43,918376172.0,occupancy_cycles
correlation-stream-cores1,pcm_cha,drd_occ_agg,SKT0C11,44,918239142.0,occupancy_cycles
correlation-stream-cores1,pcm_cha,drd_occ_agg,SKT0C11,45,917241088.0,occupancy_cycles
correlation-stream-cores1,pcm_cha,drd_occ_agg,SKT0C11,46,917200498.0,occupancy_cycles
correlation-stream-cores1,pcm_cha,drd_occ_agg,SKT0C11,47,917276076.0,occupancy_cycles
correlation-stream-cores1,pcm_cha,drd_occ_agg,SKT0C11,48,918035005.0,occupancy_cycles
correlation-stream-cores1,pcm_cha,drd_occ_agg,SKT0C11,49,917024604.0,occupancy_cycles
correlation-stream-cores1,pcm_cha,drd_occ_agg,SKT0C11,50,917185833.0,occupancy_cycles
correlation-stream-cores1,pcm_cha,drd_occ_agg,SKT0C11,51,916868765.0,occupancy_cycles
correlation-stream-cores1,pcm_cha,drd_occ_agg,SKT0C11,52,918244597.0,occupancy_cycles
correlation-stream-cores1,pcm_cha,drd_occ_agg,SKT0C11,53,916989088.0,occupancy_cycles
correlation-stream-cores1,pcm_cha,drd_occ_agg,SKT0C11,54,917033110.0,occupancy_cycles
correlation-stream-cores1,pcm_cha,drd_occ_agg,SKT0C11,55,917108257.0,occupancy_cycles
correlation-stream-cores1,pcm_cha,drd_occ_agg,SKT0C11,56,916775546.0,occupancy_cycles
correlation-stream-cores1,pcm_cha,drd_occ_agg,SKT0C11,57,918552598.0,occupancy_cycles
correlation-stream-cores1,pcm_cha,drd_occ_agg,SKT0C11,58,917394477.0,occupancy_cycles
correlation-stream-cores1,pcm_cha,drd_occ_agg,SKT0C11,59,917603267.0,occupancy_cycles
correlation-stream-cores1,pcm_cha,drd_occ_agg,SKT0C12,0,857362574.0,occupancy_cycles
correlation-stream-cores1,pcm_cha,drd_occ_agg,SKT0C12,1,857464702.0,occupancy_cycles
correlation-stream-cores1,pcm_cha,drd_occ_agg,SKT0C12,2,857076310.0,occupancy_cycles
correlation-stream-cores1,pcm_cha,drd_occ_agg,SKT0C12,3,856753319.0,occupancy_cycles
correlation-stream-cores1,pcm_cha,drd_occ_agg,SKT0C12,4,857645830.0,occupancy_cycles
correlation-stream-cores1,pcm_cha,drd_occ_agg,SKT0C12,5,856890285.0,occupancy_cycles
correlation-stream-cores1,pcm_cha,drd_occ_agg,SKT0C12,6,856833536.0,occupancy_cycles
correlation-stream-cores1,pcm_cha,drd_occ_agg,SKT0C12,7,856928008.0,occupancy_cycles
correlation-stream-cores1,pcm_cha,drd_occ_agg,SKT0C12,8,857960594.0,occupancy_cycles
correlation-stream-cores1,pcm_cha,drd_occ_agg,SKT0C12,9,856715270.0,occupancy_cycles
correlation-stream-cores1,pcm_cha,drd_occ_agg,SKT0C12,10,856524383.0,occupancy_cycles
correlation-stream-cores1,pcm_cha,drd_occ_agg,SKT0C12,11,856711631.0,occupancy_cycles
correlation-stream-cores1,pcm_cha,drd_occ_agg,SKT0C12,12,856794670.0,occupancy_cycles
correlation-stream-cores1,pcm_cha,drd_occ_agg,SKT0C12,13,857515193.0,occupancy_cycles
correlation-stream-cores1,pcm_cha,drd_occ_agg,SKT0C12,14,856622480.0,occupancy_cycles
correlation-stream-cores1,pcm_cha,drd_occ_agg,SKT0C12,15,856738571.0,occupancy_cycles
correlation-stream-cores1,pcm_cha,drd_occ_agg,SKT0C12,16,856678562.0,occupancy_cycles
correlation-stream-cores1,pcm_cha,drd_occ_agg,SKT0C12,17,856143769.0,occupancy_cycles
correlation-stream-cores1,pcm_cha,drd_occ_agg,SKT0C12,18,857510396.0,occupancy_cycles
correlation-stream-cores1,pcm_cha,drd_occ_agg,SKT0C12,19,856201217.0,occupancy_cycles
correlation-stream-cores1,pcm_cha,drd_occ_agg,SKT0C12,20,856233087.0,occupancy_cycles
correlation-stream-cores1,pcm_cha,drd_occ_agg,SKT0C12,21,856421626.0,occupancy_cycles
correlation-stream-cores1,pcm_cha,drd_occ_agg,SKT0C12,22,856986570.0,occupancy_cycles
correlation-stream-cores1,pcm_cha,drd_occ_agg,SKT0C12,23,856360445.0,occupancy_cycles
correlation-stream-cores1,pcm_cha,drd_occ_agg,SKT0C12,24,856505972.0,occupancy_cycles
correlation-stream-cores1,pcm_cha,drd_occ_agg,SKT0C12,25,856202349.0,occupancy_cycles
correlation-stream-cores1,pcm_cha,drd_occ_agg,SKT0C12,26,857373029.0,occupancy_cycles
correlation-stream-cores1,pcm_cha,drd_occ_agg,SKT0C12,27,856381091.0,occupancy_cycles
correlation-stream-cores1,pcm_cha,drd_occ_agg,SKT0C12,28,856684704.0,occupancy_cycles
correlation-stream-cores1,pcm_cha,drd_occ_agg,SKT0C12,29,856584649.0,occupancy_cycles
correlation-stream-cores1,pcm_cha,drd_occ_agg,SKT0C12,30,857539989.0,occupancy_cycles
correlation-stream-cores1,pcm_cha,drd_occ_agg,SKT0C12,31,856886069.0,occupancy_cycles
correlation-stream-cores1,pcm_cha,drd_occ_agg,SKT0C12,32,856528208.0,occupancy_cycles
correlation-stream-cores1,pcm_cha,drd_occ_agg,SKT0C12,33,856433032.0,occupancy_cycles
correlation-stream-cores1,pcm_cha,drd_occ_agg,SKT0C12,34,856958201.0,occupancy_cycles
correlation-stream-cores1,pcm_cha,drd_occ_agg,SKT0C12,35,857491314.0,occupancy_cycles
correlation-stream-cores1,pcm_cha,drd_occ_agg,SKT0C12,36,856589629.0,occupancy_cycles
correlation-stream-cores1,pcm_cha,drd_occ_agg,SKT0C12,37,856128388.0,occupancy_cycles
correlation-stream-cores1,pcm_cha,drd_occ_agg,SKT0C12,38,856443327.0,occupancy_cycles
correlation-stream-cores1,pcm_cha,drd_occ_agg,SKT0C12,39,857219671.0,occupancy_cycles
correlation-stream-cores1,pcm_cha,drd_occ_agg,SKT0C12,40,857162672.0,occupancy_cycles
correlation-stream-cores1,pcm_cha,drd_occ_agg,SKT0C12,41,855997723.0,occupancy_cycles
correlation-stream-cores1,pcm_cha,drd_occ_agg,SKT0C12,42,855991904.0,occupancy_cycles
correlation-stream-cores1,pcm_cha,drd_occ_agg,SKT0C12,43,857661888.0,occupancy_cycles
correlation-stream-cores1,pcm_cha,drd_occ_agg,SKT0C12,44,857435066.0,occupancy_cycles
correlation-stream-cores1,pcm_cha,drd_occ_agg,SKT0C12,45,856385641.0,occupancy_cycles
correlation-stream-cores1,pcm_cha,drd_occ_agg,SKT0C12,46,856236787.0,occupancy_cycles
correlation-stream-cores1,pcm_cha,drd_occ_agg,SKT0C12,47,856582100.0,occupancy_cycles
correlation-stream-cores1,pcm_cha,drd_occ_agg,SKT0C12,48,856900487.0,occupancy_cycles
correlation-stream-cores1,pcm_cha,drd_occ_agg,SKT0C12,49,855960036.0,occupancy_cycles
correlation-stream-cores1,pcm_cha,drd_occ_agg,SKT0C12,50,856348004.0,occupancy_cycles
correlation-stream-cores1,pcm_cha,drd_occ_agg,SKT0C12,51,856097921.0,occupancy_cycles
correlation-stream-cores1,pcm_cha,drd_occ_agg,SKT0C12,52,856905880.0,occupancy_cycles
correlation-stream-cores1,pcm_cha,drd_occ_agg,SKT0C12,53,856038909.0,occupancy_cycles
correlation-stream-cores1,pcm_cha,drd_occ_agg,SKT0C12,54,855931207.0,occupancy_cycles
correlation-stream-cores1,pcm_cha,drd_occ_agg,SKT0C12,55,856029481.0,occupancy_cycles
correlation-stream-cores1,pcm_cha,drd_occ_agg,SKT0C12,56,855978543.0,occupancy_cycles
correlation-stream-cores1,pcm_cha,drd_occ_agg,SKT0C12,57,857288352.0,occupancy_cycles
correlation-stream-cores1,pcm_cha,drd_occ_agg,SKT0C12,58,856501531.0,occupancy_cycles
correlation-stream-cores1,pcm_cha,drd_occ_agg,SKT0C12,59,856378846.0,occupancy_cycles
correlation-stream-cores1,pcm_cha,drd_occ_agg,SKT0C13,0,866011205.0,occupancy_cycles
correlation-stream-cores1,pcm_cha,drd_occ_agg,SKT0C13,1,866389762.0,occupancy_cycles
correlation-stream-cores1,pcm_cha,drd_occ_agg,SKT0C13,2,865796884.0,occupancy_cycles
correlation-stream-cores1,pcm_cha,drd_occ_agg,SKT0C13,3,865808390.0,occupancy_cycles
correlation-stream-cores1,pcm_cha,drd_occ_agg,SKT0C13,4,866666856.0,occupancy_cycles
correlation-stream-cores1,pcm_cha,drd_occ_agg,SKT0C13,5,865863692.0,occupancy_cycles
correlation-stream-cores1,pcm_cha,drd_occ_agg,SKT0C13,6,865867601.0,occupancy_cycles
correlation-stream-cores1,pcm_cha,drd_occ_agg,SKT0C13,7,865734127.0,occupancy_cycles
correlation-stream-cores1,pcm_cha,drd_occ_agg,SKT0C13,8,866842551.0,occupancy_cycles
correlation-stream-cores1,pcm_cha,drd_occ_agg,SKT0C13,9,865592411.0,occupancy_cycles
correlation-stream-cores1,pcm_cha,drd_occ_agg,SKT0C13,10,865487594.0,occupancy_cycles
correlation-stream-cores1,pcm_cha,drd_occ_agg,SKT0C13,11,865583006.0,occupancy_cycles
correlation-stream-cores1,pcm_cha,drd_occ_agg,SKT0C13,12,865596601.0,occupancy_cycles
correlation-stream-cores1,pcm_cha,drd_occ_agg,SKT0C13,13,866814928.0,occupancy_cycles
correlation-stream-cores1,pcm_cha,drd_occ_agg,SKT0C13,14,865567346.0,occupancy_cycles
correlation-stream-cores1,pcm_cha,drd_occ_agg,SKT0C13,15,865484845.0,occupancy_cycles
correlation-stream-cores1,pcm_cha,drd_occ_agg,SKT0C13,16,865407717.0,occupancy_cycles
correlation-stream-cores1,pcm_cha,drd_occ_agg,SKT0C13,17,865180905.0,occupancy_cycles
correlation-stream-cores1,pcm_cha,drd_occ_agg,SKT0C13,18,866254480.0,occupancy_cycles
correlation-stream-cores1,pcm_cha,drd_occ_agg,SKT0C13,19,865030391.0,occupancy_cycles
correlation-stream-cores1,pcm_cha,drd_occ_agg,SKT0C13,20,865151325.0,occupancy_cycles
correlation-stream-cores1,pcm_cha,drd_occ_agg,SKT0C13,21,865210358.0,occupancy_cycles
correlation-stream-cores1,pcm_cha,drd_occ_agg,SKT0C13,22,866131376.0,occupancy_cycles
correlation-stream-cores1,pcm_cha,drd_occ_agg,SKT0C13,23,865468120.0,occupancy_cycles
correlation-stream-cores1,pcm_cha,drd_occ_agg,SKT0C13,24,865327128.0,occupancy_cycles
correlation-stream-cores1,pcm_cha,drd_occ_agg,SKT0C13,25,864908707.0,occupancy_cycles
correlation-stream-cores1,pcm_cha,drd_occ_agg,SKT0C13,26,866253844.0,occupancy_cycles
correlation-stream-cores1,pcm_cha,drd_occ_agg,SKT0C13,27,865303959.0,occupancy_cycles
correlation-stream-cores1,pcm_cha,drd_occ_agg,SKT0C13,28,865624927.0,occupancy_cycles
correlation-stream-cores1,pcm_cha,drd_occ_agg,SKT0C13,29,865600865.0,occupancy_cycles
correlation-stream-cores1,pcm_cha,drd_occ_agg,SKT0C13,30,866456643.0,occupancy_cycles
correlation-stream-cores1,pcm_cha,drd_occ_agg,SKT0C13,31,865680448.0,occupancy_cycles
correlation-stream-cores1,pcm_cha,drd_occ_agg,SKT0C13,32,865438120.0,occupancy_cycles
correlation-stream-cores1,pcm_cha,drd_occ_agg,SKT0C13,33,865508239.0,occupancy_cycles
correlation-stream-cores1,pcm_cha,drd_occ_agg,SKT0C13,34,865689982.0,occupancy_cycles
correlation-stream-cores1,pcm_cha,drd_occ_agg,SKT0C13,35,866368891.0,occupancy_cycles
correlation-stream-cores1,pcm_cha,drd_occ_agg,SKT0C13,36,865441669.0,occupancy_cycles
correlation-stream-cores1,pcm_cha,drd_occ_agg,SKT0C13,37,865057399.0,occupancy_cycles
correlation-stream-cores1,pcm_cha,drd_occ_agg,SKT0C13,38,865428565.0,occupancy_cycles
correlation-stream-cores1,pcm_cha,drd_occ_agg,SKT0C13,39,866359000.0,occupancy_cycles
correlation-stream-cores1,pcm_cha,drd_occ_agg,SKT0C13,40,866032610.0,occupancy_cycles
correlation-stream-cores1,pcm_cha,drd_occ_agg,SKT0C13,41,864992312.0,occupancy_cycles
correlation-stream-cores1,pcm_cha,drd_occ_agg,SKT0C13,42,864898170.0,occupancy_cycles
correlation-stream-cores1,pcm_cha,drd_occ_agg,SKT0C13,43,866422560.0,occupancy_cycles
correlation-stream-cores1,pcm_cha,drd_occ_agg,SKT0C13,44,866232408.0,occupancy_cycles
correlation-stream-cores1,pcm_cha,drd_occ_agg,SKT0C13,45,865183755.0,occupancy_cycles
correlation-stream-cores1,pcm_cha,drd_occ_agg,SKT0C13,46,864965422.0,occupancy_cycles
correlation-stream-cores1,pcm_cha,drd_occ_agg,SKT0C13,47,865236485.0,occupancy_cycles
correlation-stream-cores1,pcm_cha,drd_occ_agg,SKT0C13,48,865786452.0,occupancy_cycles
correlation-stream-cores1,pcm_cha,drd_occ_agg,SKT0C13,49,864873965.0,occupancy_cycles
correlation-stream-cores1,pcm_cha,drd_occ_agg,SKT0C13,50,865198118.0,occupancy_cycles
correlation-stream-cores1,pcm_cha,drd_occ_agg,SKT0C13,51,864866989.0,occupancy_cycles
correlation-stream-cores1,pcm_cha,drd_occ_agg,SKT0C13,52,866001705.0,occupancy_cycles
correlation-stream-cores1,pcm_cha,drd_occ_agg,SKT0C13,53,865123050.0,occupancy_cycles
correlation-stream-cores1,pcm_cha,drd_occ_agg,SKT0C13,54,865037212.0,occupancy_cycles
correlation-stream-cores1,pcm_cha,drd_occ_agg,SKT0C13,55,865201838.0,occupancy_cycles
correlation-stream-cores1,pcm_cha,drd_occ_agg,SKT0C13,56,865041991.0,occupancy_cycles
correlation-stream-cores1,pcm_cha,drd_occ_agg,SKT0C13,57,866213201.0,occupancy_cycles
correlation-stream-cores1,pcm_cha,drd_occ_agg,SKT0C13,58,865489149.0,occupancy_cycles
correlation-stream-cores1,pcm_cha,drd_occ_agg,SKT0C13,59,865122114.0,occupancy_cycles
correlation-stream-cores1,pcm_cha,drd_occ_agg,SKT0C14,0,868009517.0,occupancy_cycles
correlation-stream-cores1,pcm_cha,drd_occ_agg,SKT0C14,1,868013634.0,occupancy_cycles
correlation-stream-cores1,pcm_cha,drd_occ_agg,SKT0C14,2,867624581.0,occupancy_cycles
correlation-stream-cores1,pcm_cha,drd_occ_agg,SKT0C14,3,867710889.0,occupancy_cycles
correlation-stream-cores1,pcm_cha,drd_occ_agg,SKT0C14,4,868136728.0,occupancy_cycles
correlation-stream-cores1,pcm_cha,drd_occ_agg,SKT0C14,5,867658134.0,occupancy_cycles
correlation-stream-cores1,pcm_cha,drd_occ_agg,SKT0C14,6,867586355.0,occupancy_cycles
correlation-stream-cores1,pcm_cha,drd_occ_agg,SKT0C14,7,867534528.0,occupancy_cycles
correlation-stream-cores1,pcm_cha,drd_occ_agg,SKT0C14,8,868768214.0,occupancy_cycles
correlation-stream-cores1,pcm_cha,drd_occ_agg,SKT0C14,9,867430874.0,occupancy_cycles
correlation-stream-cores1,pcm_cha,drd_occ_agg,SKT0C14,10,867354543.0,occupancy_cycles
correlation-stream-cores1,pcm_cha,drd_occ_agg,SKT0C14,11,867211769.0,occupancy_cycles
correlation-stream-cores1,pcm_cha,drd_occ_agg,SKT0C14,12,867422525.0,occupancy_cycles
correlation-stream-cores1,pcm_cha,drd_occ_agg,SKT0C14,13,868242524.0,occupancy_cycles
correlation-stream-cores1,pcm_cha,drd_occ_agg,SKT0C14,14,867468075.0,occupancy_cycles
correlation-stream-cores1,pcm_cha,drd_occ_agg,SKT0C14,15,867323524.0,occupancy_cycles
correlation-stream-cores1,pcm_cha,drd_occ_agg,SKT0C14,16,867194974.0,occupancy_cycles
correlation-stream-cores1,pcm_cha,drd_occ_agg,SKT0C14,17,866738755.0,occupancy_cycles
correlation-stream-cores1,pcm_cha,drd_occ_agg,SKT0C14,18,868109532.0,occupancy_cycles
correlation-stream-cores1,pcm_cha,drd_occ_agg,SKT0C14,19,867006650.0,occupancy_cycles
correlation-stream-cores1,pcm_cha,drd_occ_agg,SKT0C14,20,867116115.0,occupancy_cycles
correlation-stream-cores1,pcm_cha,drd_occ_agg,SKT0C14,21,867158540.0,occupancy_cycles
correlation-stream-cores1,pcm_cha,drd_occ_agg,SKT0C14,22,867884193.0,occupancy_cycles
correlation-stream-cores1,pcm_cha,drd_occ_agg,SKT0C14,23,867087068.0,occupancy_cycles
correlation-stream-cores1,pcm_cha,drd_occ_agg,SKT0C14,24,867199912.0,occupancy_cycles
correlation-stream-cores1,pcm_cha,drd_occ_agg,SKT0C14,25,866710049.0,occupancy_cycles
correlation-stream-cores1,pcm_cha,drd_occ_agg,SKT0C14,26,867995009.0,occupancy_cycles
correlation-stream-cores1,pcm_cha,drd_occ_agg,SKT0C14,27,867004952.0,occupancy_cycles
correlation-stream-cores1,pcm_cha,drd_occ_agg,SKT0C14,28,867507664.0,occupancy_cycles
correlation-stream-cores1,pcm_cha,drd_occ_agg,SKT0C14,29,867483263.0,occupancy_cycles
correlation-stream-cores1,pcm_cha,drd_occ_agg,SKT0C14,30,868274093.0,occupancy_cycles
correlation-stream-cores1,pcm_cha,drd_occ_agg,SKT0C14,31,867322229.0,occupancy_cycles
correlation-stream-cores1,pcm_cha,drd_occ_agg,SKT0C14,32,867320747.0,occupancy_cycles
correlation-stream-cores1,pcm_cha,drd_occ_agg,SKT0C14,33,867079752.0,occupancy_cycles
correlation-stream-cores1,pcm_cha,drd_occ_agg,SKT0C14,34,867768627.0,occupancy_cycles
correlation-stream-cores1,pcm_cha,drd_occ_agg,SKT0C14,35,868192118.0,occupancy_cycles
correlation-stream-cores1,pcm_cha,drd_occ_agg,SKT0C14,36,867355034.0,occupancy_cycles
correlation-stream-cores1,pcm_cha,drd_occ_agg,SKT0C14,37,866506556.0,occupancy_cycles
correlation-stream-cores1,pcm_cha,drd_occ_agg,SKT0C14,38,867008216.0,occupancy_cycles
correlation-stream-cores1,pcm_cha,drd_occ_agg,SKT0C14,39,868089303.0,occupancy_cycles
correlation-stream-cores1,pcm_cha,drd_occ_agg,SKT0C14,40,867862051.0,occupancy_cycles
correlation-stream-cores1,pcm_cha,drd_occ_agg,SKT0C14,41,866615496.0,occupancy_cycles
correlation-stream-cores1,pcm_cha,drd_occ_agg,SKT0C14,42,866743598.0,occupancy_cycles
correlation-stream-cores1,pcm_cha,drd_occ_agg,SKT0C14,43,868331820.0,occupancy_cycles
correlation-stream-cores1,pcm_cha,drd_occ_agg,SKT0C14,44,867983672.0,occupancy_cycles
correlation-stream-cores1,pcm_cha,drd_occ_agg,SKT0C14,45,867280799.0,occupancy_cycles
correlation-stream-cores1,pcm_cha,drd_occ_agg,SKT0C14,46,866832641.0,occupancy_cycles
correlation-stream-cores1,pcm_cha,drd_occ_agg,SKT0C14,47,867050266.0,occupancy_cycles
correlation-stream-cores1,pcm_cha,drd_occ_agg,SKT0C14,48,867549961.0,occupancy_cycles
correlation-stream-cores1,pcm_cha,drd_occ_agg,SKT0C14,49,866553456.0,occupancy_cycles
correlation-stream-cores1,pcm_cha,drd_occ_agg,SKT0C14,50,866927878.0,occupancy_cycles
correlation-stream-cores1,pcm_cha,drd_occ_agg,SKT0C14,51,866856176.0,occupancy_cycles
correlation-stream-cores1,pcm_cha,drd_occ_agg,SKT0C14,52,867801901.0,occupancy_cycles
correlation-stream-cores1,pcm_cha,drd_occ_agg,SKT0C14,53,866763180.0,occupancy_cycles
correlation-stream-cores1,pcm_cha,drd_occ_agg,SKT0C14,54,866761023.0,occupancy_cycles
correlation-stream-cores1,pcm_cha,drd_occ_agg,SKT0C14,55,866743367.0,occupancy_cycles
correlation-stream-cores1,pcm_cha,drd_occ_agg,SKT0C14,56,866624363.0,occupancy_cycles
correlation-stream-cores1,pcm_cha,drd_occ_agg,SKT0C14,57,867891164.0,occupancy_cycles
correlation-stream-cores1,pcm_cha,drd_occ_agg,SKT0C14,58,867244199.0,occupancy_cycles
correlation-stream-cores1,pcm_cha,drd_occ_agg,SKT0C14,59,867019584.0,occupancy_cycles
correlation-stream-cores1,pcm_cha,drd_occ_agg,SKT0C15,0,919131277.0,occupancy_cycles
correlation-stream-cores1,pcm_cha,drd_occ_agg,SKT0C15,1,919139079.0,occupancy_cycles
correlation-stream-cores1,pcm_cha,drd_occ_agg,SKT0C15,2,918621462.0,occupancy_cycles
correlation-stream-cores1,pcm_cha,drd_occ_agg,SKT0C15,3,918560204.0,occupancy_cycles
correlation-stream-cores1,pcm_cha,drd_occ_agg,SKT0C15,4,919461434.0,occupancy_cycles
correlation-stream-cores1,pcm_cha,drd_occ_agg,SKT0C15,5,918698302.0,occupancy_cycles
correlation-stream-cores1,pcm_cha,drd_occ_agg,SKT0C15,6,918397336.0,occupancy_cycles
correlation-stream-cores1,pcm_cha,drd_occ_agg,SKT0C15,7,918650699.0,occupancy_cycles
correlation-stream-cores1,pcm_cha,drd_occ_agg,SKT0C15,8,919711636.0,occupancy_cycles
correlation-stream-cores1,pcm_cha,drd_occ_agg,SKT0C15,9,918483680.0,occupancy_cycles
correlation-stream-cores1,pcm_cha,drd_occ_agg,SKT0C15,10,918279528.0,occupancy_cycles
correlation-stream-cores1,pcm_cha,drd_occ_agg,SKT0C15,11,918357141.0,occupancy_cycles
correlation-stream-cores1,pcm_cha,drd_occ_agg,SKT0C15,12,918452852.0,occupancy_cycles
correlation-stream-cores1,pcm_cha,drd_occ_agg,SKT0C15,13,919348321.0,occupancy_cycles
correlation-stream-cores1,pcm_cha,drd_occ_agg,SKT0C15,14,918549510.0,occupancy_cycles
correlation-stream-cores1,pcm_cha,drd_occ_agg,SKT0C15,15,918279970.0,occupancy_cycles
correlation-stream-cores1,pcm_cha,drd_occ_agg,SKT0C15,16,918160099.0,occupancy_cycles
correlation-stream-cores1,pcm_cha,drd_occ_agg,SKT0C15,17,917867537.0,occupancy_cycles
correlation-stream-cores1,pcm_cha,drd_occ_agg,SKT0C15,18,919012732.0,occupancy_cycles
correlation-stream-cores1,pcm_cha,drd_occ_agg,SKT0C15,19,917835369.0,occupancy_cycles
correlation-stream-cores1,pcm_cha,drd_occ_agg,SKT0C15,20,917996854.0,occupancy_cycles
correlation-stream-cores1,pcm_cha,drd_occ_agg,SKT0C15,21,918100007.0,occupancy_cycles
correlation-stream-cores1,pcm_cha,drd_occ_agg,SKT0C15,22,918869622.0,occupancy_cycles
correlation-stream-cores1,pcm_cha,drd_occ_agg,SKT0C15,23,918245438.0,occupancy_cycles
correlation-stream-cores1,pcm_cha,drd_occ_agg,SKT0C15,24,918090245.0,occupancy_cycles
correlation-stream-cores1,pcm_cha,drd_occ_agg,SKT0C15,25,917585593.0,occupancy_cycles
correlation-stream-cores1,pcm_cha,drd_occ_agg,SKT0C15,26,919191266.0,occupancy_cycles
correlation-stream-cores1,pcm_cha,drd_occ_agg,SKT0C15,27,917886103.0,occupancy_cycles
correlation-stream-cores1,pcm_cha,drd_occ_agg,SKT0C15,28,918323270.0,occupancy_cycles
correlation-stream-cores1,pcm_cha,drd_occ_agg,SKT0C15,29,918419480.0,occupancy_cycles
correlation-stream-cores1,pcm_cha,drd_occ_agg,SKT0C15,30,919134538.0,occupancy_cycles
correlation-stream-cores1,pcm_cha,drd_occ_agg,SKT0C15,31,918466615.0,occupancy_cycles
correlation-stream-cores1,pcm_cha,drd_occ_agg,SKT0C15,32,918306610.0,occupancy_cycles
correlation-stream-cores1,pcm_cha,drd_occ_agg,SKT0C15,33,918269816.0,occupancy_cycles
correlation-stream-cores1,pcm_cha,drd_occ_agg,SKT0C15,34,918607324.0,occupancy_cycles
correlation-stream-cores1,pcm_cha,drd_occ_agg,SKT0C15,35,919143283.0,occupancy_cycles
correlation-stream-cores1,pcm_cha,drd_occ_agg,SKT0C15,36,918422191.0,occupancy_cycles
correlation-stream-cores1,pcm_cha,drd_occ_agg,SKT0C15,37,917624686.0,occupancy_cycles
correlation-stream-cores1,pcm_cha,drd_occ_agg,SKT0C15,38,918167830.0,occupancy_cycles
correlation-stream-cores1,pcm_cha,drd_occ_agg,SKT0C15,39,919153802.0,occupancy_cycles
correlation-stream-cores1,pcm_cha,drd_occ_agg,SKT0C15,40,918748312.0,occupancy_cycles
correlation-stream-cores1,pcm_cha,drd_occ_agg,SKT0C15,41,917464376.0,occupancy_cycles
correlation-stream-cores1,pcm_cha,drd_occ_agg,SKT0C15,42,917888205.0,occupancy_cycles
correlation-stream-cores1,pcm_cha,drd_occ_agg,SKT0C15,43,919433967.0,occupancy_cycles
correlation-stream-cores1,pcm_cha,drd_occ_agg,SKT0C15,44,919056914.0,occupancy_cycles
correlation-stream-cores1,pcm_cha,drd_occ_agg,SKT0C15,45,918112238.0,occupancy_cycles
correlation-stream-cores1,pcm_cha,drd_occ_agg,SKT0C15,46,917912613.0,occupancy_cycles
correlation-stream-cores1,pcm_cha,drd_occ_agg,SKT0C15,47,918246226.0,occupancy_cycles
correlation-stream-cores1,pcm_cha,drd_occ_agg,SKT0C15,48,918574371.0,occupancy_cycles
correlation-stream-cores1,pcm_cha,drd_occ_agg,SKT0C15,49,917773896.0,occupancy_cycles
correlation-stream-cores1,pcm_cha,drd_occ_agg,SKT0C15,50,917914263.0,occupancy_cycles
correlation-stream-cores1,pcm_cha,drd_occ_agg,SKT0C15,51,917768095.0,occupancy_cycles
correlation-stream-cores1,pcm_cha,drd_occ_agg,SKT0C15,52,918851730.0,occupancy_cycles
correlation-stream-cores1,pcm_cha,drd_occ_agg,SKT0C15,53,917839669.0,occupancy_cycles
correlation-stream-cores1,pcm_cha,drd_occ_agg,SKT0C15,54,917897077.0,occupancy_cycles
correlation-stream-cores1,pcm_cha,drd_occ_agg,SKT0C15,55,917890166.0,occupancy_cycles
correlation-stream-cores1,pcm_cha,drd_occ_agg,SKT0C15,56,917785114.0,occupancy_cycles
correlation-stream-cores1,pcm_cha,drd_occ_agg,SKT0C15,57,918990262.0,occupancy_cycles
correlation-stream-cores1,pcm_cha,drd_occ_agg,SKT0C15,58,918185628.0,occupancy_cycles
correlation-stream-cores1,pcm_cha,drd_occ_agg,SKT0C15,59,918040860.0,occupancy_cycles
correlation-stream-cores1,pcm_cha,drd_inserts,SKT0C0,0,12647729.0,transactions
correlation-stream-cores1,pcm_cha,drd_inserts,SKT0C0,1,12648656.0,transactions
correlation-stream-cores1,pcm_cha,drd_inserts,SKT0C0,2,12646278.0,transactions
correlation-stream-cores1,pcm_cha,drd_inserts,SKT0C0,3,12644469.0,transactions
correlation-stream-cores1,pcm_cha,drd_inserts,SKT0C0,4,12653548.0,transactions
correlation-stream-cores1,pcm_cha,drd_inserts,SKT0C0,5,12644358.0,transactions
correlation-stream-cores1,pcm_cha,drd_inserts,SKT0C0,6,12640385.0,transactions
correlation-stream-cores1,pcm_cha,drd_inserts,SKT0C0,7,12644074.0,transactions
correlation-stream-cores1,pcm_cha,drd_inserts,SKT0C0,8,12658384.0,transactions
correlation-stream-cores1,pcm_cha,drd_inserts,SKT0C0,9,12640565.0,transactions
correlation-stream-cores1,pcm_cha,drd_inserts,SKT0C0,10,12638415.0,transactions
correlation-stream-cores1,pcm_cha,drd_inserts,SKT0C0,11,12638593.0,transactions
correlation-stream-cores1,pcm_cha,drd_inserts,SKT0C0,12,12639755.0,transactions
correlation-stream-cores1,pcm_cha,drd_inserts,SKT0C0,13,12653616.0,transactions
correlation-stream-cores1,pcm_cha,drd_inserts,SKT0C0,14,12640306.0,transactions
correlation-stream-cores1,pcm_cha,drd_inserts,SKT0C0,15,12641298.0,transactions
correlation-stream-cores1,pcm_cha,drd_inserts,SKT0C0,16,12640011.0,transactions
correlation-stream-cores1,pcm_cha,drd_inserts,SKT0C0,17,12633732.0,transactions
correlation-stream-cores1,pcm_cha,drd_inserts,SKT0C0,18,12650322.0,transactions
correlation-stream-cores1,pcm_cha,drd_inserts,SKT0C0,19,12635679.0,transactions
correlation-stream-cores1,pcm_cha,drd_inserts,SKT0C0,20,12638410.0,transactions
correlation-stream-cores1,pcm_cha,drd_inserts,SKT0C0,21,12638073.0,transactions
correlation-stream-cores1,pcm_cha,drd_inserts,SKT0C0,22,12645642.0,transactions
correlation-stream-cores1,pcm_cha,drd_inserts,SKT0C0,23,12635616.0,transactions
correlation-stream-cores1,pcm_cha,drd_inserts,SKT0C0,24,12635979.0,transactions
correlation-stream-cores1,pcm_cha,drd_inserts,SKT0C0,25,12633813.0,transactions
correlation-stream-cores1,pcm_cha,drd_inserts,SKT0C0,26,12649945.0,transactions
correlation-stream-cores1,pcm_cha,drd_inserts,SKT0C0,27,12636413.0,transactions
correlation-stream-cores1,pcm_cha,drd_inserts,SKT0C0,28,12642536.0,transactions
correlation-stream-cores1,pcm_cha,drd_inserts,SKT0C0,29,12644413.0,transactions
correlation-stream-cores1,pcm_cha,drd_inserts,SKT0C0,30,12652353.0,transactions
correlation-stream-cores1,pcm_cha,drd_inserts,SKT0C0,31,12640151.0,transactions
correlation-stream-cores1,pcm_cha,drd_inserts,SKT0C0,32,12638160.0,transactions
correlation-stream-cores1,pcm_cha,drd_inserts,SKT0C0,33,12637202.0,transactions
correlation-stream-cores1,pcm_cha,drd_inserts,SKT0C0,34,12643583.0,transactions
correlation-stream-cores1,pcm_cha,drd_inserts,SKT0C0,35,12652768.0,transactions
correlation-stream-cores1,pcm_cha,drd_inserts,SKT0C0,36,12639273.0,transactions
correlation-stream-cores1,pcm_cha,drd_inserts,SKT0C0,37,12630259.0,transactions
correlation-stream-cores1,pcm_cha,drd_inserts,SKT0C0,38,12635447.0,transactions
correlation-stream-cores1,pcm_cha,drd_inserts,SKT0C0,39,12652649.0,transactions
correlation-stream-cores1,pcm_cha,drd_inserts,SKT0C0,40,12642806.0,transactions
correlation-stream-cores1,pcm_cha,drd_inserts,SKT0C0,41,12628396.0,transactions
correlation-stream-cores1,pcm_cha,drd_inserts,SKT0C0,42,12631274.0,transactions
correlation-stream-cores1,pcm_cha,drd_inserts,SKT0C0,43,12651190.0,transactions
correlation-stream-cores1,pcm_cha,drd_inserts,SKT0C0,44,12649505.0,transactions
correlation-stream-cores1,pcm_cha,drd_inserts,SKT0C0,45,12636179.0,transactions
correlation-stream-cores1,pcm_cha,drd_inserts,SKT0C0,46,12634064.0,transactions
correlation-stream-cores1,pcm_cha,drd_inserts,SKT0C0,47,12636799.0,transactions
correlation-stream-cores1,pcm_cha,drd_inserts,SKT0C0,48,12645641.0,transactions
correlation-stream-cores1,pcm_cha,drd_inserts,SKT0C0,49,12631433.0,transactions
correlation-stream-cores1,pcm_cha,drd_inserts,SKT0C0,50,12632917.0,transactions
correlation-stream-cores1,pcm_cha,drd_inserts,SKT0C0,51,12630063.0,transactions
correlation-stream-cores1,pcm_cha,drd_inserts,SKT0C0,52,12644584.0,transactions
correlation-stream-cores1,pcm_cha,drd_inserts,SKT0C0,53,12632881.0,transactions
correlation-stream-cores1,pcm_cha,drd_inserts,SKT0C0,54,12631553.0,transactions
correlation-stream-cores1,pcm_cha,drd_inserts,SKT0C0,55,12633765.0,transactions
correlation-stream-cores1,pcm_cha,drd_inserts,SKT0C0,56,12631921.0,transactions
correlation-stream-cores1,pcm_cha,drd_inserts,SKT0C0,57,12648878.0,transactions
correlation-stream-cores1,pcm_cha,drd_inserts,SKT0C0,58,12638348.0,transactions
correlation-stream-cores1,pcm_cha,drd_inserts,SKT0C0,59,12635202.0,transactions
correlation-stream-cores1,pcm_cha,drd_inserts,SKT0C1,0,12631140.0,transactions
correlation-stream-cores1,pcm_cha,drd_inserts,SKT0C1,1,12635564.0,transactions
correlation-stream-cores1,pcm_cha,drd_inserts,SKT0C1,2,12631740.0,transactions
correlation-stream-cores1,pcm_cha,drd_inserts,SKT0C1,3,12629781.0,transactions
correlation-stream-cores1,pcm_cha,drd_inserts,SKT0C1,4,12639924.0,transactions
correlation-stream-cores1,pcm_cha,drd_inserts,SKT0C1,5,12631391.0,transactions
correlation-stream-cores1,pcm_cha,drd_inserts,SKT0C1,6,12628599.0,transactions
correlation-stream-cores1,pcm_cha,drd_inserts,SKT0C1,7,12629775.0,transactions
correlation-stream-cores1,pcm_cha,drd_inserts,SKT0C1,8,12643175.0,transactions
correlation-stream-cores1,pcm_cha,drd_inserts,SKT0C1,9,12627371.0,transactions
correlation-stream-cores1,pcm_cha,drd_inserts,SKT0C1,10,12623868.0,transactions
correlation-stream-cores1,pcm_cha,drd_inserts,SKT0C1,11,12625367.0,transactions
correlation-stream-cores1,pcm_cha,drd_inserts,SKT0C1,12,12626051.0,transactions
correlation-stream-cores1,pcm_cha,drd_inserts,SKT0C1,13,12639622.0,transactions
correlation-stream-cores1,pcm_cha,drd_inserts,SKT0C1,14,12626803.0,transactions
correlation-stream-cores1,pcm_cha,drd_inserts,SKT0C1,15,12625723.0,transactions
correlation-stream-cores1,pcm_cha,drd_inserts,SKT0C1,16,12621488.0,transactions
correlation-stream-cores1,pcm_cha,drd_inserts,SKT0C1,17,12617721.0,transactions
correlation-stream-cores1,pcm_cha,drd_inserts,SKT0C1,18,12635293.0,transactions
correlation-stream-cores1,pcm_cha,drd_inserts,SKT0C1,19,12619936.0,transactions
correlation-stream-cores1,pcm_cha,drd_inserts,SKT0C1,20,12622262.0,transactions
correlation-stream-cores1,pcm_cha,drd_inserts,SKT0C1,21,12621097.0,transactions
correlation-stream-cores1,pcm_cha,drd_inserts,SKT0C1,22,12629164.0,transactions
correlation-stream-cores1,pcm_cha,drd_inserts,SKT0C1,23,12621678.0,transactions
correlation-stream-cores1,pcm_cha,drd_inserts,SKT0C1,24,12619802.0,transactions
correlation-stream-cores1,pcm_cha,drd_inserts,SKT0C1,25,12616730.0,transactions
correlation-stream-cores1,pcm_cha,drd_inserts,SKT0C1,26,12634837.0,transactions
correlation-stream-cores1,pcm_cha,drd_inserts,SKT0C1,27,12619289.0,transactions
correlation-stream-cores1,pcm_cha,drd_inserts,SKT0C1,28,12626080.0,transactions
correlation-stream-cores1,pcm_cha,drd_inserts,SKT0C1,29,12625341.0,transactions
correlation-stream-cores1,pcm_cha,drd_inserts,SKT0C1,30,12636082.0,transactions
correlation-stream-cores1,pcm_cha,drd_inserts,SKT0C1,31,12627848.0,transactions
correlation-stream-cores1,pcm_cha,drd_inserts,SKT0C1,32,12622837.0,transactions
correlation-stream-cores1,pcm_cha,drd_inserts,SKT0C1,33,12622282.0,transactions
correlation-stream-cores1,pcm_cha,drd_inserts,SKT0C1,34,12626045.0,transactions
correlation-stream-cores1,pcm_cha,drd_inserts,SKT0C1,35,12633847.0,transactions
correlation-stream-cores1,pcm_cha,drd_inserts,SKT0C1,36,12621699.0,transactions
correlation-stream-cores1,pcm_cha,drd_inserts,SKT0C1,37,12613611.0,transactions
correlation-stream-cores1,pcm_cha,drd_inserts,SKT0C1,38,12622140.0,transactions
correlation-stream-cores1,pcm_cha,drd_inserts,SKT0C1,39,12634422.0,transactions
correlation-stream-cores1,pcm_cha,drd_inserts,SKT0C1,40,12630678.0,transactions
correlation-stream-cores1,pcm_cha,drd_inserts,SKT0C1,41,12614893.0,transactions
correlation-stream-cores1,pcm_cha,drd_inserts,SKT0C1,42,12617521.0,transactions
correlation-stream-cores1,pcm_cha,drd_inserts,SKT0C1,43,12635911.0,transactions
correlation-stream-cores1,pcm_cha,drd_inserts,SKT0C1,44,12633334.0,transactions
correlation-stream-cores1,pcm_cha,drd_inserts,SKT0C1,45,12621492.0,transactions
correlation-stream-cores1,pcm_cha,drd_inserts,SKT0C1,46,12619987.0,transactions
correlation-stream-cores1,pcm_cha,drd_inserts,SKT0C1,47,12618441.0,transactions
correlation-stream-cores1,pcm_cha,drd_inserts,SKT0C1,48,12629344.0,transactions
correlation-stream-cores1,pcm_cha,drd_inserts,SKT0C1,49,12614827.0,transactions
correlation-stream-cores1,pcm_cha,drd_inserts,SKT0C1,50,12620705.0,transactions
correlation-stream-cores1,pcm_cha,drd_inserts,SKT0C1,51,12615741.0,transactions
correlation-stream-cores1,pcm_cha,drd_inserts,SKT0C1,52,12629835.0,transactions
correlation-stream-cores1,pcm_cha,drd_inserts,SKT0C1,53,12617696.0,transactions
correlation-stream-cores1,pcm_cha,drd_inserts,SKT0C1,54,12617505.0,transactions
correlation-stream-cores1,pcm_cha,drd_inserts,SKT0C1,55,12619085.0,transactions
correlation-stream-cores1,pcm_cha,drd_inserts,SKT0C1,56,12615007.0,transactions
correlation-stream-cores1,pcm_cha,drd_inserts,SKT0C1,57,12634311.0,transactions
correlation-stream-cores1,pcm_cha,drd_inserts,SKT0C1,58,12622442.0,transactions
correlation-stream-cores1,pcm_cha,drd_inserts,SKT0C1,59,12619182.0,transactions
correlation-stream-cores1,pcm_cha,drd_inserts,SKT0C2,0,12648173.0,transactions
correlation-stream-cores1,pcm_cha,drd_inserts,SKT0C2,1,12651121.0,transactions
correlation-stream-cores1,pcm_cha,drd_inserts,SKT0C2,2,12648766.0,transactions
correlation-stream-cores1,pcm_cha,drd_inserts,SKT0C2,3,12644251.0,transactions
correlation-stream-cores1,pcm_cha,drd_inserts,SKT0C2,4,12656068.0,transactions
correlation-stream-cores1,pcm_cha,drd_inserts,SKT0C2,5,12645305.0,transactions
correlation-stream-cores1,pcm_cha,drd_inserts,SKT0C2,6,12643513.0,transactions
correlation-stream-cores1,pcm_cha,drd_inserts,SKT0C2,7,12644356.0,transactions
correlation-stream-cores1,pcm_cha,drd_inserts,SKT0C2,8,12662954.0,transactions
correlation-stream-cores1,pcm_cha,drd_inserts,SKT0C2,9,12641628.0,transactions
correlation-stream-cores1,pcm_cha,drd_inserts,SKT0C2,10,12638842.0,transactions
correlation-stream-cores1,pcm_cha,drd_inserts,SKT0C2,11,12641062.0,transactions
correlation-stream-cores1,pcm_cha,drd_inserts,SKT0C2,12,12642150.0,transactions
correlation-stream-cores1,pcm_cha,drd_inserts,SKT0C2,13,12654017.0,transactions
correlation-stream-cores1,pcm_cha,drd_inserts,SKT0C2,14,12640524.0,transactions
correlation-stream-cores1,pcm_cha,drd_inserts,SKT0C2,15,12642832.0,transactions
correlation-stream-cores1,pcm_cha,drd_inserts,SKT0C2,16,12640494.0,transactions
correlation-stream-cores1,pcm_cha,drd_inserts,SKT0C2,17,12631410.0,transactions
correlation-stream-cores1,pcm_cha,drd_inserts,SKT0C2,18,12651078.0,transactions
correlation-stream-cores1,pcm_cha,drd_inserts,SKT0C2,19,12634924.0,transactions
correlation-stream-cores1,pcm_cha,drd_inserts,SKT0C2,20,12635268.0,transactions
correlation-stream-cores1,pcm_cha,drd_inserts,SKT0C2,21,12636227.0,transactions
correlation-stream-cores1,pcm_cha,drd_inserts,SKT0C2,22,12647197.0,transactions
correlation-stream-cores1,pcm_cha,drd_inserts,SKT0C2,23,12638626.0,transactions
correlation-stream-cores1,pcm_cha,drd_inserts,SKT0C2,24,12639074.0,transactions
correlation-stream-cores1,pcm_cha,drd_inserts,SKT0C2,25,12633879.0,transactions
correlation-stream-cores1,pcm_cha,drd_inserts,SKT0C2,26,12651649.0,transactions
correlation-stream-cores1,pcm_cha,drd_inserts,SKT0C2,27,12634825.0,transactions
correlation-stream-cores1,pcm_cha,drd_inserts,SKT0C2,28,12645898.0,transactions
correlation-stream-cores1,pcm_cha,drd_inserts,SKT0C2,29,12642598.0,transactions
correlation-stream-cores1,pcm_cha,drd_inserts,SKT0C2,30,12652279.0,transactions
correlation-stream-cores1,pcm_cha,drd_inserts,SKT0C2,31,12641447.0,transactions
correlation-stream-cores1,pcm_cha,drd_inserts,SKT0C2,32,12638343.0,transactions
correlation-stream-cores1,pcm_cha,drd_inserts,SKT0C2,33,12636897.0,transactions
correlation-stream-cores1,pcm_cha,drd_inserts,SKT0C2,34,12641985.0,transactions
correlation-stream-cores1,pcm_cha,drd_inserts,SKT0C2,35,12652247.0,transactions
correlation-stream-cores1,pcm_cha,drd_inserts,SKT0C2,36,12640167.0,transactions
correlation-stream-cores1,pcm_cha,drd_inserts,SKT0C2,37,12633488.0,transactions
correlation-stream-cores1,pcm_cha,drd_inserts,SKT0C2,38,12635816.0,transactions
correlation-stream-cores1,pcm_cha,drd_inserts,SKT0C2,39,12650787.0,transactions
correlation-stream-cores1,pcm_cha,drd_inserts,SKT0C2,40,12646737.0,transactions
correlation-stream-cores1,pcm_cha,drd_inserts,SKT0C2,41,12629880.0,transactions
correlation-stream-cores1,pcm_cha,drd_inserts,SKT0C2,42,12634655.0,transactions
correlation-stream-cores1,pcm_cha,drd_inserts,SKT0C2,43,12653556.0,transactions
correlation-stream-cores1,pcm_cha,drd_inserts,SKT0C2,44,12651053.0,transactions
correlation-stream-cores1,pcm_cha,drd_inserts,SKT0C2,45,12636123.0,transactions
correlation-stream-cores1,pcm_cha,drd_inserts,SKT0C2,46,12633575.0,transactions
correlation-stream-cores1,pcm_cha,drd_inserts,SKT0C2,47,12637650.0,transactions
correlation-stream-cores1,pcm_cha,drd_inserts,SKT0C2,48,12646169.0,transactions
correlation-stream-cores1,pcm_cha,drd_inserts,SKT0C2,49,12632484.0,transactions
correlation-stream-cores1,pcm_cha,drd_inserts,SKT0C2,50,12636099.0,transactions
correlation-stream-cores1,pcm_cha,drd_inserts,SKT0C2,51,12632702.0,transactions
correlation-stream-cores1,pcm_cha,drd_inserts,SKT0C2,52,12645705.0,transactions
correlation-stream-cores1,pcm_cha,drd_inserts,SKT0C2,53,12631948.0,transactions
correlation-stream-cores1,pcm_cha,drd_inserts,SKT0C2,54,12629777.0,transactions
correlation-stream-cores1,pcm_cha,drd_inserts,SKT0C2,55,12632212.0,transactions
correlation-stream-cores1,pcm_cha,drd_inserts,SKT0C2,56,12631368.0,transactions
correlation-stream-cores1,pcm_cha,drd_inserts,SKT0C2,57,12650705.0,transactions
correlation-stream-cores1,pcm_cha,drd_inserts,SKT0C2,58,12638573.0,transactions
correlation-stream-cores1,pcm_cha,drd_inserts,SKT0C2,59,12634585.0,transactions
correlation-stream-cores1,pcm_cha,drd_inserts,SKT0C3,0,12630087.0,transactions
correlation-stream-cores1,pcm_cha,drd_inserts,SKT0C3,1,12634035.0,transactions
correlation-stream-cores1,pcm_cha,drd_inserts,SKT0C3,2,12629298.0,transactions
correlation-stream-cores1,pcm_cha,drd_inserts,SKT0C3,3,12626419.0,transactions
correlation-stream-cores1,pcm_cha,drd_inserts,SKT0C3,4,12636766.0,transactions
correlation-stream-cores1,pcm_cha,drd_inserts,SKT0C3,5,12627486.0,transactions
correlation-stream-cores1,pcm_cha,drd_inserts,SKT0C3,6,12627478.0,transactions
correlation-stream-cores1,pcm_cha,drd_inserts,SKT0C3,7,12627108.0,transactions
correlation-stream-cores1,pcm_cha,drd_inserts,SKT0C3,8,12641793.0,transactions
correlation-stream-cores1,pcm_cha,drd_inserts,SKT0C3,9,12627491.0,transactions
correlation-stream-cores1,pcm_cha,drd_inserts,SKT0C3,10,12621064.0,transactions
correlation-stream-cores1,pcm_cha,drd_inserts,SKT0C3,11,12621942.0,transactions
correlation-stream-cores1,pcm_cha,drd_inserts,SKT0C3,12,12626682.0,transactions
correlation-stream-cores1,pcm_cha,drd_inserts,SKT0C3,13,12639525.0,transactions
correlation-stream-cores1,pcm_cha,drd_inserts,SKT0C3,14,12623803.0,transactions
correlation-stream-cores1,pcm_cha,drd_inserts,SKT0C3,15,12624378.0,transactions
correlation-stream-cores1,pcm_cha,drd_inserts,SKT0C3,16,12620616.0,transactions
correlation-stream-cores1,pcm_cha,drd_inserts,SKT0C3,17,12616802.0,transactions
correlation-stream-cores1,pcm_cha,drd_inserts,SKT0C3,18,12632856.0,transactions
correlation-stream-cores1,pcm_cha,drd_inserts,SKT0C3,19,12615760.0,transactions
correlation-stream-cores1,pcm_cha,drd_inserts,SKT0C3,20,12620486.0,transactions
correlation-stream-cores1,pcm_cha,drd_inserts,SKT0C3,21,12620313.0,transactions
correlation-stream-cores1,pcm_cha,drd_inserts,SKT0C3,22,12630705.0,transactions
correlation-stream-cores1,pcm_cha,drd_inserts,SKT0C3,23,12620469.0,transactions
correlation-stream-cores1,pcm_cha,drd_inserts,SKT0C3,24,12618037.0,transactions
correlation-stream-cores1,pcm_cha,drd_inserts,SKT0C3,25,12614841.0,transactions
correlation-stream-cores1,pcm_cha,drd_inserts,SKT0C3,26,12633088.0,transactions
correlation-stream-cores1,pcm_cha,drd_inserts,SKT0C3,27,12617808.0,transactions
correlation-stream-cores1,pcm_cha,drd_inserts,SKT0C3,28,12625941.0,transactions
correlation-stream-cores1,pcm_cha,drd_inserts,SKT0C3,29,12623187.0,transactions
correlation-stream-cores1,pcm_cha,drd_inserts,SKT0C3,30,12633226.0,transactions
correlation-stream-cores1,pcm_cha,drd_inserts,SKT0C3,31,12619624.0,transactions
correlation-stream-cores1,pcm_cha,drd_inserts,SKT0C3,32,12619737.0,transactions
correlation-stream-cores1,pcm_cha,drd_inserts,SKT0C3,33,12619514.0,transactions
correlation-stream-cores1,pcm_cha,drd_inserts,SKT0C3,34,12623441.0,transactions
correlation-stream-cores1,pcm_cha,drd_inserts,SKT0C3,35,12635328.0,transactions
correlation-stream-cores1,pcm_cha,drd_inserts,SKT0C3,36,12620695.0,transactions
correlation-stream-cores1,pcm_cha,drd_inserts,SKT0C3,37,12616297.0,transactions
correlation-stream-cores1,pcm_cha,drd_inserts,SKT0C3,38,12619492.0,transactions
correlation-stream-cores1,pcm_cha,drd_inserts,SKT0C3,39,12633169.0,transactions
correlation-stream-cores1,pcm_cha,drd_inserts,SKT0C3,40,12628439.0,transactions
correlation-stream-cores1,pcm_cha,drd_inserts,SKT0C3,41,12611643.0,transactions
correlation-stream-cores1,pcm_cha,drd_inserts,SKT0C3,42,12613757.0,transactions
correlation-stream-cores1,pcm_cha,drd_inserts,SKT0C3,43,12636458.0,transactions
correlation-stream-cores1,pcm_cha,drd_inserts,SKT0C3,44,12629961.0,transactions
correlation-stream-cores1,pcm_cha,drd_inserts,SKT0C3,45,12621074.0,transactions
correlation-stream-cores1,pcm_cha,drd_inserts,SKT0C3,46,12614707.0,transactions
correlation-stream-cores1,pcm_cha,drd_inserts,SKT0C3,47,12618597.0,transactions
correlation-stream-cores1,pcm_cha,drd_inserts,SKT0C3,48,12627231.0,transactions
correlation-stream-cores1,pcm_cha,drd_inserts,SKT0C3,49,12611926.0,transactions
correlation-stream-cores1,pcm_cha,drd_inserts,SKT0C3,50,12618138.0,transactions
correlation-stream-cores1,pcm_cha,drd_inserts,SKT0C3,51,12614843.0,transactions
correlation-stream-cores1,pcm_cha,drd_inserts,SKT0C3,52,12628847.0,transactions
correlation-stream-cores1,pcm_cha,drd_inserts,SKT0C3,53,12614370.0,transactions
correlation-stream-cores1,pcm_cha,drd_inserts,SKT0C3,54,12611896.0,transactions
correlation-stream-cores1,pcm_cha,drd_inserts,SKT0C3,55,12617440.0,transactions
correlation-stream-cores1,pcm_cha,drd_inserts,SKT0C3,56,12612839.0,transactions
correlation-stream-cores1,pcm_cha,drd_inserts,SKT0C3,57,12631966.0,transactions
correlation-stream-cores1,pcm_cha,drd_inserts,SKT0C3,58,12618075.0,transactions
correlation-stream-cores1,pcm_cha,drd_inserts,SKT0C3,59,12615343.0,transactions
correlation-stream-cores1,pcm_cha,drd_inserts,SKT0C4,0,12640398.0,transactions
correlation-stream-cores1,pcm_cha,drd_inserts,SKT0C4,1,12636524.0,transactions
correlation-stream-cores1,pcm_cha,drd_inserts,SKT0C4,2,12635241.0,transactions
correlation-stream-cores1,pcm_cha,drd_inserts,SKT0C4,3,12635569.0,transactions
correlation-stream-cores1,pcm_cha,drd_inserts,SKT0C4,4,12642276.0,transactions
correlation-stream-cores1,pcm_cha,drd_inserts,SKT0C4,5,12633691.0,transactions
correlation-stream-cores1,pcm_cha,drd_inserts,SKT0C4,6,12634417.0,transactions
correlation-stream-cores1,pcm_cha,drd_inserts,SKT0C4,7,12637426.0,transactions
correlation-stream-cores1,pcm_cha,drd_inserts,SKT0C4,8,12650739.0,transactions
correlation-stream-cores1,pcm_cha,drd_inserts,SKT0C4,9,12632779.0,transactions
correlation-stream-cores1,pcm_cha,drd_inserts,SKT0C4,10,12630133.0,transactions
correlation-stream-cores1,pcm_cha,drd_inserts,SKT0C4,11,12630062.0,transactions
correlation-stream-cores1,pcm_cha,drd_inserts,SKT0C4,12,12629387.0,transactions
correlation-stream-cores1,pcm_cha,drd_inserts,SKT0C4,13,12646604.0,transactions
correlation-stream-cores1,pcm_cha,drd_inserts,SKT0C4,14,12630994.0,transactions
correlation-stream-cores1,pcm_cha,drd_inserts,SKT0C4,15,12629485.0,transactions
correlation-stream-cores1,pcm_cha,drd_inserts,SKT0C4,16,12629337.0,transactions
correlation-stream-cores1,pcm_cha,drd_inserts,SKT0C4,17,12622942.0,transactions
correlation-stream-cores1,pcm_cha,drd_inserts,SKT0C4,18,12637215.0,transactions
correlation-stream-cores1,pcm_cha,drd_inserts,SKT0C4,19,12625066.0,transactions
correlation-stream-cores1,pcm_cha,drd_inserts,SKT0C4,20,12625748.0,transactions
correlation-stream-cores1,pcm_cha,drd_inserts,SKT0C4,21,12626426.0,transactions
correlation-stream-cores1,pcm_cha,drd_inserts,SKT0C4,22,12637668.0,transactions
correlation-stream-cores1,pcm_cha,drd_inserts,SKT0C4,23,12628308.0,transactions
correlation-stream-cores1,pcm_cha,drd_inserts,SKT0C4,24,12628654.0,transactions
correlation-stream-cores1,pcm_cha,drd_inserts,SKT0C4,25,12626285.0,transactions
correlation-stream-cores1,pcm_cha,drd_inserts,SKT0C4,26,12640718.0,transactions
correlation-stream-cores1,pcm_cha,drd_inserts,SKT0C4,27,12629276.0,transactions
correlation-stream-cores1,pcm_cha,drd_inserts,SKT0C4,28,12629057.0,transactions
correlation-stream-cores1,pcm_cha,drd_inserts,SKT0C4,29,12628193.0,transactions
correlation-stream-cores1,pcm_cha,drd_inserts,SKT0C4,30,12640123.0,transactions
correlation-stream-cores1,pcm_cha,drd_inserts,SKT0C4,31,12629623.0,transactions
correlation-stream-cores1,pcm_cha,drd_inserts,SKT0C4,32,12629188.0,transactions
correlation-stream-cores1,pcm_cha,drd_inserts,SKT0C4,33,12627474.0,transactions
correlation-stream-cores1,pcm_cha,drd_inserts,SKT0C4,34,12633428.0,transactions
correlation-stream-cores1,pcm_cha,drd_inserts,SKT0C4,35,12639352.0,transactions
correlation-stream-cores1,pcm_cha,drd_inserts,SKT0C4,36,12629008.0,transactions
correlation-stream-cores1,pcm_cha,drd_inserts,SKT0C4,37,12621221.0,transactions
correlation-stream-cores1,pcm_cha,drd_inserts,SKT0C4,38,12629285.0,transactions
correlation-stream-cores1,pcm_cha,drd_inserts,SKT0C4,39,12639741.0,transactions
correlation-stream-cores1,pcm_cha,drd_inserts,SKT0C4,40,12637285.0,transactions
correlation-stream-cores1,pcm_cha,drd_inserts,SKT0C4,41,12621850.0,transactions
correlation-stream-cores1,pcm_cha,drd_inserts,SKT0C4,42,12621353.0,transactions
correlation-stream-cores1,pcm_cha,drd_inserts,SKT0C4,43,12639271.0,transactions
correlation-stream-cores1,pcm_cha,drd_inserts,SKT0C4,44,12639846.0,transactions
correlation-stream-cores1,pcm_cha,drd_inserts,SKT0C4,45,12625804.0,transactions
correlation-stream-cores1,pcm_cha,drd_inserts,SKT0C4,46,12619380.0,transactions
correlation-stream-cores1,pcm_cha,drd_inserts,SKT0C4,47,12623808.0,transactions
correlation-stream-cores1,pcm_cha,drd_inserts,SKT0C4,48,12634744.0,transactions
correlation-stream-cores1,pcm_cha,drd_inserts,SKT0C4,49,12618991.0,transactions
correlation-stream-cores1,pcm_cha,drd_inserts,SKT0C4,50,12625827.0,transactions
correlation-stream-cores1,pcm_cha,drd_inserts,SKT0C4,51,12617643.0,transactions
correlation-stream-cores1,pcm_cha,drd_inserts,SKT0C4,52,12637896.0,transactions
correlation-stream-cores1,pcm_cha,drd_inserts,SKT0C4,53,12620973.0,transactions
correlation-stream-cores1,pcm_cha,drd_inserts,SKT0C4,54,12621707.0,transactions
correlation-stream-cores1,pcm_cha,drd_inserts,SKT0C4,55,12625385.0,transactions
correlation-stream-cores1,pcm_cha,drd_inserts,SKT0C4,56,12620278.0,transactions
correlation-stream-cores1,pcm_cha,drd_inserts,SKT0C4,57,12639188.0,transactions
correlation-stream-cores1,pcm_cha,drd_inserts,SKT0C4,58,12626034.0,transactions
correlation-stream-cores1,pcm_cha,drd_inserts,SKT0C4,59,12627275.0,transactions
correlation-stream-cores1,pcm_cha,drd_inserts,SKT0C5,0,12641810.0,transactions
correlation-stream-cores1,pcm_cha,drd_inserts,SKT0C5,1,12643472.0,transactions
correlation-stream-cores1,pcm_cha,drd_inserts,SKT0C5,2,12635553.0,transactions
correlation-stream-cores1,pcm_cha,drd_inserts,SKT0C5,3,12639161.0,transactions
correlation-stream-cores1,pcm_cha,drd_inserts,SKT0C5,4,12646912.0,transactions
correlation-stream-cores1,pcm_cha,drd_inserts,SKT0C5,5,12637159.0,transactions
correlation-stream-cores1,pcm_cha,drd_inserts,SKT0C5,6,12636820.0,transactions
correlation-stream-cores1,pcm_cha,drd_inserts,SKT0C5,7,12639041.0,transactions
correlation-stream-cores1,pcm_cha,drd_inserts,SKT0C5,8,12653792.0,transactions
correlation-stream-cores1,pcm_cha,drd_inserts,SKT0C5,9,12636533.0,transactions
correlation-stream-cores1,pcm_cha,drd_inserts,SKT0C5,10,12632861.0,transactions
correlation-stream-cores1,pcm_cha,drd_inserts,SKT0C5,11,12634546.0,transactions
correlation-stream-cores1,pcm_cha,drd_inserts,SKT0C5,12,12633167.0,transactions
correlation-stream-cores1,pcm_cha,drd_inserts,SKT0C5,13,12647559.0,transactions
correlation-stream-cores1,pcm_cha,drd_inserts,SKT0C5,14,12630881.0,transactions
correlation-stream-cores1,pcm_cha,drd_inserts,SKT0C5,15,12633183.0,transactions
correlation-stream-cores1,pcm_cha,drd_inserts,SKT0C5,16,12633222.0,transactions
correlation-stream-cores1,pcm_cha,drd_inserts,SKT0C5,17,12626670.0,transactions
correlation-stream-cores1,pcm_cha,drd_inserts,SKT0C5,18,12641193.0,transactions
correlation-stream-cores1,pcm_cha,drd_inserts,SKT0C5,19,12628605.0,transactions
correlation-stream-cores1,pcm_cha,drd_inserts,SKT0C5,20,12631114.0,transactions
correlation-stream-cores1,pcm_cha,drd_inserts,SKT0C5,21,12630297.0,transactions
correlation-stream-cores1,pcm_cha,drd_inserts,SKT0C5,22,12640927.0,transactions
correlation-stream-cores1,pcm_cha,drd_inserts,SKT0C5,23,12628044.0,transactions
correlation-stream-cores1,pcm_cha,drd_inserts,SKT0C5,24,12629899.0,transactions
correlation-stream-cores1,pcm_cha,drd_inserts,SKT0C5,25,12629645.0,transactions
correlation-stream-cores1,pcm_cha,drd_inserts,SKT0C5,26,12642987.0,transactions
correlation-stream-cores1,pcm_cha,drd_inserts,SKT0C5,27,12630291.0,transactions
correlation-stream-cores1,pcm_cha,drd_inserts,SKT0C5,28,12632241.0,transactions
correlation-stream-cores1,pcm_cha,drd_inserts,SKT0C5,29,12633857.0,transactions
correlation-stream-cores1,pcm_cha,drd_inserts,SKT0C5,30,12643729.0,transactions
correlation-stream-cores1,pcm_cha,drd_inserts,SKT0C5,31,12632993.0,transactions
correlation-stream-cores1,pcm_cha,drd_inserts,SKT0C5,32,12633835.0,transactions
correlation-stream-cores1,pcm_cha,drd_inserts,SKT0C5,33,12632299.0,transactions
correlation-stream-cores1,pcm_cha,drd_inserts,SKT0C5,34,12633915.0,transactions
correlation-stream-cores1,pcm_cha,drd_inserts,SKT0C5,35,12643109.0,transactions
correlation-stream-cores1,pcm_cha,drd_inserts,SKT0C5,36,12634353.0,transactions
correlation-stream-cores1,pcm_cha,drd_inserts,SKT0C5,37,12622832.0,transactions
correlation-stream-cores1,pcm_cha,drd_inserts,SKT0C5,38,12630224.0,transactions
correlation-stream-cores1,pcm_cha,drd_inserts,SKT0C5,39,12643737.0,transactions
correlation-stream-cores1,pcm_cha,drd_inserts,SKT0C5,40,12637955.0,transactions
correlation-stream-cores1,pcm_cha,drd_inserts,SKT0C5,41,12623896.0,transactions
correlation-stream-cores1,pcm_cha,drd_inserts,SKT0C5,42,12627443.0,transactions
correlation-stream-cores1,pcm_cha,drd_inserts,SKT0C5,43,12643144.0,transactions
correlation-stream-cores1,pcm_cha,drd_inserts,SKT0C5,44,12641639.0,transactions
correlation-stream-cores1,pcm_cha,drd_inserts,SKT0C5,45,12630682.0,transactions
correlation-stream-cores1,pcm_cha,drd_inserts,SKT0C5,46,12624625.0,transactions
correlation-stream-cores1,pcm_cha,drd_inserts,SKT0C5,47,12627118.0,transactions
correlation-stream-cores1,pcm_cha,drd_inserts,SKT0C5,48,12637020.0,transactions
correlation-stream-cores1,pcm_cha,drd_inserts,SKT0C5,49,12626092.0,transactions
correlation-stream-cores1,pcm_cha,drd_inserts,SKT0C5,50,12629027.0,transactions
correlation-stream-cores1,pcm_cha,drd_inserts,SKT0C5,51,12621931.0,transactions
correlation-stream-cores1,pcm_cha,drd_inserts,SKT0C5,52,12640655.0,transactions
correlation-stream-cores1,pcm_cha,drd_inserts,SKT0C5,53,12625307.0,transactions
correlation-stream-cores1,pcm_cha,drd_inserts,SKT0C5,54,12625574.0,transactions
correlation-stream-cores1,pcm_cha,drd_inserts,SKT0C5,55,12624376.0,transactions
correlation-stream-cores1,pcm_cha,drd_inserts,SKT0C5,56,12622463.0,transactions
correlation-stream-cores1,pcm_cha,drd_inserts,SKT0C5,57,12645269.0,transactions
correlation-stream-cores1,pcm_cha,drd_inserts,SKT0C5,58,12629477.0,transactions
correlation-stream-cores1,pcm_cha,drd_inserts,SKT0C5,59,12631518.0,transactions
correlation-stream-cores1,pcm_cha,drd_inserts,SKT0C6,0,12633661.0,transactions
correlation-stream-cores1,pcm_cha,drd_inserts,SKT0C6,1,12634534.0,transactions
correlation-stream-cores1,pcm_cha,drd_inserts,SKT0C6,2,12631254.0,transactions
correlation-stream-cores1,pcm_cha,drd_inserts,SKT0C6,3,12632797.0,transactions
correlation-stream-cores1,pcm_cha,drd_inserts,SKT0C6,4,12642350.0,transactions
correlation-stream-cores1,pcm_cha,drd_inserts,SKT0C6,5,12628802.0,transactions
correlation-stream-cores1,pcm_cha,drd_inserts,SKT0C6,6,12629955.0,transactions
correlation-stream-cores1,pcm_cha,drd_inserts,SKT0C6,7,12633535.0,transactions
correlation-stream-cores1,pcm_cha,drd_inserts,SKT0C6,8,12647740.0,transactions
correlation-stream-cores1,pcm_cha,drd_inserts,SKT0C6,9,12629793.0,transactions
correlation-stream-cores1,pcm_cha,drd_inserts,SKT0C6,10,12624428.0,transactions
correlation-stream-cores1,pcm_cha,drd_inserts,SKT0C6,11,12628758.0,transactions
correlation-stream-cores1,pcm_cha,drd_inserts,SKT0C6,12,12627191.0,transactions
correlation-stream-cores1,pcm_cha,drd_inserts,SKT0C6,13,12641840.0,transactions
correlation-stream-cores1,pcm_cha,drd_inserts,SKT0C6,14,12626972.0,transactions
correlation-stream-cores1,pcm_cha,drd_inserts,SKT0C6,15,12625190.0,transactions
correlation-stream-cores1,pcm_cha,drd_inserts,SKT0C6,16,12625606.0,transactions
correlation-stream-cores1,pcm_cha,drd_inserts,SKT0C6,17,12620517.0,transactions
correlation-stream-cores1,pcm_cha,drd_inserts,SKT0C6,18,12636099.0,transactions
correlation-stream-cores1,pcm_cha,drd_inserts,SKT0C6,19,12621041.0,transactions
correlation-stream-cores1,pcm_cha,drd_inserts,SKT0C6,20,12620335.0,transactions
correlation-stream-cores1,pcm_cha,drd_inserts,SKT0C6,21,12623125.0,transactions
correlation-stream-cores1,pcm_cha,drd_inserts,SKT0C6,22,12634313.0,transactions
correlation-stream-cores1,pcm_cha,drd_inserts,SKT0C6,23,12621192.0,transactions
correlation-stream-cores1,pcm_cha,drd_inserts,SKT0C6,24,12624410.0,transactions
correlation-stream-cores1,pcm_cha,drd_inserts,SKT0C6,25,12623490.0,transactions
correlation-stream-cores1,pcm_cha,drd_inserts,SKT0C6,26,12637415.0,transactions
correlation-stream-cores1,pcm_cha,drd_inserts,SKT0C6,27,12628461.0,transactions
correlation-stream-cores1,pcm_cha,drd_inserts,SKT0C6,28,12630002.0,transactions
correlation-stream-cores1,pcm_cha,drd_inserts,SKT0C6,29,12626272.0,transactions
correlation-stream-cores1,pcm_cha,drd_inserts,SKT0C6,30,12638873.0,transactions
correlation-stream-cores1,pcm_cha,drd_inserts,SKT0C6,31,12627077.0,transactions
correlation-stream-cores1,pcm_cha,drd_inserts,SKT0C6,32,12627478.0,transactions
correlation-stream-cores1,pcm_cha,drd_inserts,SKT0C6,33,12626994.0,transactions
correlation-stream-cores1,pcm_cha,drd_inserts,SKT0C6,34,12630815.0,transactions
correlation-stream-cores1,pcm_cha,drd_inserts,SKT0C6,35,12635480.0,transactions
correlation-stream-cores1,pcm_cha,drd_inserts,SKT0C6,36,12629006.0,transactions
correlation-stream-cores1,pcm_cha,drd_inserts,SKT0C6,37,12618244.0,transactions
correlation-stream-cores1,pcm_cha,drd_inserts,SKT0C6,38,12627331.0,transactions
correlation-stream-cores1,pcm_cha,drd_inserts,SKT0C6,39,12636880.0,transactions
correlation-stream-cores1,pcm_cha,drd_inserts,SKT0C6,40,12632859.0,transactions
correlation-stream-cores1,pcm_cha,drd_inserts,SKT0C6,41,12619093.0,transactions
correlation-stream-cores1,pcm_cha,drd_inserts,SKT0C6,42,12621598.0,transactions
correlation-stream-cores1,pcm_cha,drd_inserts,SKT0C6,43,12636207.0,transactions
correlation-stream-cores1,pcm_cha,drd_inserts,SKT0C6,44,12635813.0,transactions
correlation-stream-cores1,pcm_cha,drd_inserts,SKT0C6,45,12621359.0,transactions
correlation-stream-cores1,pcm_cha,drd_inserts,SKT0C6,46,12618763.0,transactions
correlation-stream-cores1,pcm_cha,drd_inserts,SKT0C6,47,12620611.0,transactions
correlation-stream-cores1,pcm_cha,drd_inserts,SKT0C6,48,12629887.0,transactions
correlation-stream-cores1,pcm_cha,drd_inserts,SKT0C6,49,12618853.0,transactions
correlation-stream-cores1,pcm_cha,drd_inserts,SKT0C6,50,12622711.0,transactions
correlation-stream-cores1,pcm_cha,drd_inserts,SKT0C6,51,12613667.0,transactions
correlation-stream-cores1,pcm_cha,drd_inserts,SKT0C6,52,12633225.0,transactions
correlation-stream-cores1,pcm_cha,drd_inserts,SKT0C6,53,12618598.0,transactions
correlation-stream-cores1,pcm_cha,drd_inserts,SKT0C6,54,12617229.0,transactions
correlation-stream-cores1,pcm_cha,drd_inserts,SKT0C6,55,12620911.0,transactions
correlation-stream-cores1,pcm_cha,drd_inserts,SKT0C6,56,12613957.0,transactions
correlation-stream-cores1,pcm_cha,drd_inserts,SKT0C6,57,12639150.0,transactions
correlation-stream-cores1,pcm_cha,drd_inserts,SKT0C6,58,12626112.0,transactions
correlation-stream-cores1,pcm_cha,drd_inserts,SKT0C6,59,12624394.0,transactions
correlation-stream-cores1,pcm_cha,drd_inserts,SKT0C7,0,12644313.0,transactions
correlation-stream-cores1,pcm_cha,drd_inserts,SKT0C7,1,12643858.0,transactions
correlation-stream-cores1,pcm_cha,drd_inserts,SKT0C7,2,12638096.0,transactions
correlation-stream-cores1,pcm_cha,drd_inserts,SKT0C7,3,12641185.0,transactions
correlation-stream-cores1,pcm_cha,drd_inserts,SKT0C7,4,12647963.0,transactions
correlation-stream-cores1,pcm_cha,drd_inserts,SKT0C7,5,12639806.0,transactions
correlation-stream-cores1,pcm_cha,drd_inserts,SKT0C7,6,12636173.0,transactions
correlation-stream-cores1,pcm_cha,drd_inserts,SKT0C7,7,12639760.0,transactions
correlation-stream-cores1,pcm_cha,drd_inserts,SKT0C7,8,12654017.0,transactions
correlation-stream-cores1,pcm_cha,drd_inserts,SKT0C7,9,12639433.0,transactions
correlation-stream-cores1,pcm_cha,drd_inserts,SKT0C7,10,12634930.0,transactions
correlation-stream-cores1,pcm_cha,drd_inserts,SKT0C7,11,12636824.0,transactions
correlation-stream-cores1,pcm_cha,drd_inserts,SKT0C7,12,12632205.0,transactions
correlation-stream-cores1,pcm_cha,drd_inserts,SKT0C7,13,12648108.0,transactions
correlation-stream-cores1,pcm_cha,drd_inserts,SKT0C7,14,12631447.0,transactions
correlation-stream-cores1,pcm_cha,drd_inserts,SKT0C7,15,12633809.0,transactions
correlation-stream-cores1,pcm_cha,drd_inserts,SKT0C7,16,12635323.0,transactions
correlation-stream-cores1,pcm_cha,drd_inserts,SKT0C7,17,12629647.0,transactions
correlation-stream-cores1,pcm_cha,drd_inserts,SKT0C7,18,12643224.0,transactions
correlation-stream-cores1,pcm_cha,drd_inserts,SKT0C7,19,12629457.0,transactions
correlation-stream-cores1,pcm_cha,drd_inserts,SKT0C7,20,12631298.0,transactions
correlation-stream-cores1,pcm_cha,drd_inserts,SKT0C7,21,12631136.0,transactions
correlation-stream-cores1,pcm_cha,drd_inserts,SKT0C7,22,12642611.0,transactions
correlation-stream-cores1,pcm_cha,drd_inserts,SKT0C7,23,12628619.0,transactions
correlation-stream-cores1,pcm_cha,drd_inserts,SKT0C7,24,12631174.0,transactions
correlation-stream-cores1,pcm_cha,drd_inserts,SKT0C7,25,12631288.0,transactions
correlation-stream-cores1,pcm_cha,drd_inserts,SKT0C7,26,12644613.0,transactions
correlation-stream-cores1,pcm_cha,drd_inserts,SKT0C7,27,12633079.0,transactions
correlation-stream-cores1,pcm_cha,drd_inserts,SKT0C7,28,12636139.0,transactions
correlation-stream-cores1,pcm_cha,drd_inserts,SKT0C7,29,12634395.0,transactions
correlation-stream-cores1,pcm_cha,drd_inserts,SKT0C7,30,12646170.0,transactions
correlation-stream-cores1,pcm_cha,drd_inserts,SKT0C7,31,12634386.0,transactions
correlation-stream-cores1,pcm_cha,drd_inserts,SKT0C7,32,12633431.0,transactions
correlation-stream-cores1,pcm_cha,drd_inserts,SKT0C7,33,12632693.0,transactions
correlation-stream-cores1,pcm_cha,drd_inserts,SKT0C7,34,12637091.0,transactions
correlation-stream-cores1,pcm_cha,drd_inserts,SKT0C7,35,12644570.0,transactions
correlation-stream-cores1,pcm_cha,drd_inserts,SKT0C7,36,12636058.0,transactions
correlation-stream-cores1,pcm_cha,drd_inserts,SKT0C7,37,12626308.0,transactions
correlation-stream-cores1,pcm_cha,drd_inserts,SKT0C7,38,12632942.0,transactions
correlation-stream-cores1,pcm_cha,drd_inserts,SKT0C7,39,12645975.0,transactions
correlation-stream-cores1,pcm_cha,drd_inserts,SKT0C7,40,12639947.0,transactions
correlation-stream-cores1,pcm_cha,drd_inserts,SKT0C7,41,12624282.0,transactions
correlation-stream-cores1,pcm_cha,drd_inserts,SKT0C7,42,12628457.0,transactions
correlation-stream-cores1,pcm_cha,drd_inserts,SKT0C7,43,12643592.0,transactions
correlation-stream-cores1,pcm_cha,drd_inserts,SKT0C7,44,12644524.0,transactions
correlation-stream-cores1,pcm_cha,drd_inserts,SKT0C7,45,12628671.0,transactions
correlation-stream-cores1,pcm_cha,drd_inserts,SKT0C7,46,12630406.0,transactions
correlation-stream-cores1,pcm_cha,drd_inserts,SKT0C7,47,12629151.0,transactions
correlation-stream-cores1,pcm_cha,drd_inserts,SKT0C7,48,12638873.0,transactions
correlation-stream-cores1,pcm_cha,drd_inserts,SKT0C7,49,12626940.0,transactions
correlation-stream-cores1,pcm_cha,drd_inserts,SKT0C7,50,12629169.0,transactions
correlation-stream-cores1,pcm_cha,drd_inserts,SKT0C7,51,12623007.0,transactions
correlation-stream-cores1,pcm_cha,drd_inserts,SKT0C7,52,12642951.0,transactions
correlation-stream-cores1,pcm_cha,drd_inserts,SKT0C7,53,12627956.0,transactions
correlation-stream-cores1,pcm_cha,drd_inserts,SKT0C7,54,12627085.0,transactions
correlation-stream-cores1,pcm_cha,drd_inserts,SKT0C7,55,12628852.0,transactions
correlation-stream-cores1,pcm_cha,drd_inserts,SKT0C7,56,12627065.0,transactions
correlation-stream-cores1,pcm_cha,drd_inserts,SKT0C7,57,12645201.0,transactions
correlation-stream-cores1,pcm_cha,drd_inserts,SKT0C7,58,12632451.0,transactions
correlation-stream-cores1,pcm_cha,drd_inserts,SKT0C7,59,12633746.0,transactions
correlation-stream-cores1,pcm_cha,drd_inserts,SKT0C8,0,12636483.0,transactions
correlation-stream-cores1,pcm_cha,drd_inserts,SKT0C8,1,12637281.0,transactions
correlation-stream-cores1,pcm_cha,drd_inserts,SKT0C8,2,12632777.0,transactions
correlation-stream-cores1,pcm_cha,drd_inserts,SKT0C8,3,12632175.0,transactions
correlation-stream-cores1,pcm_cha,drd_inserts,SKT0C8,4,12644241.0,transactions
correlation-stream-cores1,pcm_cha,drd_inserts,SKT0C8,5,12632169.0,transactions
correlation-stream-cores1,pcm_cha,drd_inserts,SKT0C8,6,12630708.0,transactions
correlation-stream-cores1,pcm_cha,drd_inserts,SKT0C8,7,12633664.0,transactions
correlation-stream-cores1,pcm_cha,drd_inserts,SKT0C8,8,12651054.0,transactions
correlation-stream-cores1,pcm_cha,drd_inserts,SKT0C8,9,12630286.0,transactions
correlation-stream-cores1,pcm_cha,drd_inserts,SKT0C8,10,12625539.0,transactions
correlation-stream-cores1,pcm_cha,drd_inserts,SKT0C8,11,12627192.0,transactions
correlation-stream-cores1,pcm_cha,drd_inserts,SKT0C8,12,12627795.0,transactions
correlation-stream-cores1,pcm_cha,drd_inserts,SKT0C8,13,12643159.0,transactions
correlation-stream-cores1,pcm_cha,drd_inserts,SKT0C8,14,12626268.0,transactions
correlation-stream-cores1,pcm_cha,drd_inserts,SKT0C8,15,12626402.0,transactions
correlation-stream-cores1,pcm_cha,drd_inserts,SKT0C8,16,12625629.0,transactions
correlation-stream-cores1,pcm_cha,drd_inserts,SKT0C8,17,12620741.0,transactions
correlation-stream-cores1,pcm_cha,drd_inserts,SKT0C8,18,12635221.0,transactions
correlation-stream-cores1,pcm_cha,drd_inserts,SKT0C8,19,12620464.0,transactions
correlation-stream-cores1,pcm_cha,drd_inserts,SKT0C8,20,12623304.0,transactions
correlation-stream-cores1,pcm_cha,drd_inserts,SKT0C8,21,12623531.0,transactions
correlation-stream-cores1,pcm_cha,drd_inserts,SKT0C8,22,12638247.0,transactions
correlation-stream-cores1,pcm_cha,drd_inserts,SKT0C8,23,12623127.0,transactions
correlation-stream-cores1,pcm_cha,drd_inserts,SKT0C8,24,12625703.0,transactions
correlation-stream-cores1,pcm_cha,drd_inserts,SKT0C8,25,12625478.0,transactions
correlation-stream-cores1,pcm_cha,drd_inserts,SKT0C8,26,12637500.0,transactions
correlation-stream-cores1,pcm_cha,drd_inserts,SKT0C8,27,12624660.0,transactions
correlation-stream-cores1,pcm_cha,drd_inserts,SKT0C8,28,12630351.0,transactions
correlation-stream-cores1,pcm_cha,drd_inserts,SKT0C8,29,12627692.0,transactions
correlation-stream-cores1,pcm_cha,drd_inserts,SKT0C8,30,12638384.0,transactions
correlation-stream-cores1,pcm_cha,drd_inserts,SKT0C8,31,12627178.0,transactions
correlation-stream-cores1,pcm_cha,drd_inserts,SKT0C8,32,12627857.0,transactions
correlation-stream-cores1,pcm_cha,drd_inserts,SKT0C8,33,12626652.0,transactions
correlation-stream-cores1,pcm_cha,drd_inserts,SKT0C8,34,12630782.0,transactions
correlation-stream-cores1,pcm_cha,drd_inserts,SKT0C8,35,12637063.0,transactions
correlation-stream-cores1,pcm_cha,drd_inserts,SKT0C8,36,12629576.0,transactions
correlation-stream-cores1,pcm_cha,drd_inserts,SKT0C8,37,12616112.0,transactions
correlation-stream-cores1,pcm_cha,drd_inserts,SKT0C8,38,12628324.0,transactions
correlation-stream-cores1,pcm_cha,drd_inserts,SKT0C8,39,12637520.0,transactions
correlation-stream-cores1,pcm_cha,drd_inserts,SKT0C8,40,12632639.0,transactions
correlation-stream-cores1,pcm_cha,drd_inserts,SKT0C8,41,12620669.0,transactions
correlation-stream-cores1,pcm_cha,drd_inserts,SKT0C8,42,12625228.0,transactions
correlation-stream-cores1,pcm_cha,drd_inserts,SKT0C8,43,12638278.0,transactions
correlation-stream-cores1,pcm_cha,drd_inserts,SKT0C8,44,12637624.0,transactions
correlation-stream-cores1,pcm_cha,drd_inserts,SKT0C8,45,12623173.0,transactions
correlation-stream-cores1,pcm_cha,drd_inserts,SKT0C8,46,12621005.0,transactions
correlation-stream-cores1,pcm_cha,drd_inserts,SKT0C8,47,12621618.0,transactions
correlation-stream-cores1,pcm_cha,drd_inserts,SKT0C8,48,12632214.0,transactions
correlation-stream-cores1,pcm_cha,drd_inserts,SKT0C8,49,12619099.0,transactions
correlation-stream-cores1,pcm_cha,drd_inserts,SKT0C8,50,12623695.0,transactions
correlation-stream-cores1,pcm_cha,drd_inserts,SKT0C8,51,12617202.0,transactions
correlation-stream-cores1,pcm_cha,drd_inserts,SKT0C8,52,12634769.0,transactions
correlation-stream-cores1,pcm_cha,drd_inserts,SKT0C8,53,12622474.0,transactions
correlation-stream-cores1,pcm_cha,drd_inserts,SKT0C8,54,12621118.0,transactions
correlation-stream-cores1,pcm_cha,drd_inserts,SKT0C8,55,12624273.0,transactions
correlation-stream-cores1,pcm_cha,drd_inserts,SKT0C8,56,12619530.0,transactions
correlation-stream-cores1,pcm_cha,drd_inserts,SKT0C8,57,12640213.0,transactions
correlation-stream-cores1,pcm_cha,drd_inserts,SKT0C8,58,12624319.0,transactions
correlation-stream-cores1,pcm_cha,drd_inserts,SKT0C8,59,12626393.0,transactions
correlation-stream-cores1,pcm_cha,drd_inserts,SKT0C9,0,12642966.0,transactions
correlation-stream-cores1,pcm_cha,drd_inserts,SKT0C9,1,12644864.0,transactions
correlation-stream-cores1,pcm_cha,drd_inserts,SKT0C9,2,12637010.0,transactions
correlation-stream-cores1,pcm_cha,drd_inserts,SKT0C9,3,12638902.0,transactions
correlation-stream-cores1,pcm_cha,drd_inserts,SKT0C9,4,12645464.0,transactions
correlation-stream-cores1,pcm_cha,drd_inserts,SKT0C9,5,12638737.0,transactions
correlation-stream-cores1,pcm_cha,drd_inserts,SKT0C9,6,12635989.0,transactions
correlation-stream-cores1,pcm_cha,drd_inserts,SKT0C9,7,12639722.0,transactions
correlation-stream-cores1,pcm_cha,drd_inserts,SKT0C9,8,12657097.0,transactions
correlation-stream-cores1,pcm_cha,drd_inserts,SKT0C9,9,12637791.0,transactions
correlation-stream-cores1,pcm_cha,drd_inserts,SKT0C9,10,12634916.0,transactions
correlation-stream-cores1,pcm_cha,drd_inserts,SKT0C9,11,12634703.0,transactions
correlation-stream-cores1,pcm_cha,drd_inserts,SKT0C9,12,12635084.0,transactions
correlation-stream-cores1,pcm_cha,drd_inserts,SKT0C9,13,12647622.0,transactions
correlation-stream-cores1,pcm_cha,drd_inserts,SKT0C9,14,12635774.0,transactions
correlation-stream-cores1,pcm_cha,drd_inserts,SKT0C9,15,12634634.0,transactions
correlation-stream-cores1,pcm_cha,drd_inserts,SKT0C9,16,12634577.0,transactions
correlation-stream-cores1,pcm_cha,drd_inserts,SKT0C9,17,12629667.0,transactions
correlation-stream-cores1,pcm_cha,drd_inserts,SKT0C9,18,12645975.0,transactions
correlation-stream-cores1,pcm_cha,drd_inserts,SKT0C9,19,12628373.0,transactions
correlation-stream-cores1,pcm_cha,drd_inserts,SKT0C9,20,12630074.0,transactions
correlation-stream-cores1,pcm_cha,drd_inserts,SKT0C9,21,12631297.0,transactions
correlation-stream-cores1,pcm_cha,drd_inserts,SKT0C9,22,12643570.0,transactions
correlation-stream-cores1,pcm_cha,drd_inserts,SKT0C9,23,12630687.0,transactions
correlation-stream-cores1,pcm_cha,drd_inserts,SKT0C9,24,12631972.0,transactions
correlation-stream-cores1,pcm_cha,drd_inserts,SKT0C9,25,12630609.0,transactions
correlation-stream-cores1,pcm_cha,drd_inserts,SKT0C9,26,12644909.0,transactions
correlation-stream-cores1,pcm_cha,drd_inserts,SKT0C9,27,12632008.0,transactions
correlation-stream-cores1,pcm_cha,drd_inserts,SKT0C9,28,12636904.0,transactions
correlation-stream-cores1,pcm_cha,drd_inserts,SKT0C9,29,12634538.0,transactions
correlation-stream-cores1,pcm_cha,drd_inserts,SKT0C9,30,12647915.0,transactions
correlation-stream-cores1,pcm_cha,drd_inserts,SKT0C9,31,12633747.0,transactions
correlation-stream-cores1,pcm_cha,drd_inserts,SKT0C9,32,12638628.0,transactions
correlation-stream-cores1,pcm_cha,drd_inserts,SKT0C9,33,12634936.0,transactions
correlation-stream-cores1,pcm_cha,drd_inserts,SKT0C9,34,12637191.0,transactions
correlation-stream-cores1,pcm_cha,drd_inserts,SKT0C9,35,12642754.0,transactions
correlation-stream-cores1,pcm_cha,drd_inserts,SKT0C9,36,12636687.0,transactions
correlation-stream-cores1,pcm_cha,drd_inserts,SKT0C9,37,12627649.0,transactions
correlation-stream-cores1,pcm_cha,drd_inserts,SKT0C9,38,12632018.0,transactions
correlation-stream-cores1,pcm_cha,drd_inserts,SKT0C9,39,12646693.0,transactions
correlation-stream-cores1,pcm_cha,drd_inserts,SKT0C9,40,12640478.0,transactions
correlation-stream-cores1,pcm_cha,drd_inserts,SKT0C9,41,12628334.0,transactions
correlation-stream-cores1,pcm_cha,drd_inserts,SKT0C9,42,12628264.0,transactions
correlation-stream-cores1,pcm_cha,drd_inserts,SKT0C9,43,12645731.0,transactions
correlation-stream-cores1,pcm_cha,drd_inserts,SKT0C9,44,12646070.0,transactions
correlation-stream-cores1,pcm_cha,drd_inserts,SKT0C9,45,12631038.0,transactions
correlation-stream-cores1,pcm_cha,drd_inserts,SKT0C9,46,12629768.0,transactions
correlation-stream-cores1,pcm_cha,drd_inserts,SKT0C9,47,12624652.0,transactions
correlation-stream-cores1,pcm_cha,drd_inserts,SKT0C9,48,12639716.0,transactions
correlation-stream-cores1,pcm_cha,drd_inserts,SKT0C9,49,12627652.0,transactions
correlation-stream-cores1,pcm_cha,drd_inserts,SKT0C9,50,12629978.0,transactions
correlation-stream-cores1,pcm_cha,drd_inserts,SKT0C9,51,12622600.0,transactions
correlation-stream-cores1,pcm_cha,drd_inserts,SKT0C9,52,12640839.0,transactions
correlation-stream-cores1,pcm_cha,drd_inserts,SKT0C9,53,12629633.0,transactions
correlation-stream-cores1,pcm_cha,drd_inserts,SKT0C9,54,12626433.0,transactions
correlation-stream-cores1,pcm_cha,drd_inserts,SKT0C9,55,12628973.0,transactions
correlation-stream-cores1,pcm_cha,drd_inserts,SKT0C9,56,12625137.0,transactions
correlation-stream-cores1,pcm_cha,drd_inserts,SKT0C9,57,12647688.0,transactions
correlation-stream-cores1,pcm_cha,drd_inserts,SKT0C9,58,12631900.0,transactions
correlation-stream-cores1,pcm_cha,drd_inserts,SKT0C9,59,12636138.0,transactions
correlation-stream-cores1,pcm_cha,drd_inserts,SKT0C10,0,12637060.0,transactions
correlation-stream-cores1,pcm_cha,drd_inserts,SKT0C10,1,12636191.0,transactions
correlation-stream-cores1,pcm_cha,drd_inserts,SKT0C10,2,12635518.0,transactions
correlation-stream-cores1,pcm_cha,drd_inserts,SKT0C10,3,12632147.0,transactions
correlation-stream-cores1,pcm_cha,drd_inserts,SKT0C10,4,12641863.0,transactions
correlation-stream-cores1,pcm_cha,drd_inserts,SKT0C10,5,12634576.0,transactions
correlation-stream-cores1,pcm_cha,drd_inserts,SKT0C10,6,12633468.0,transactions
correlation-stream-cores1,pcm_cha,drd_inserts,SKT0C10,7,12636706.0,transactions
correlation-stream-cores1,pcm_cha,drd_inserts,SKT0C10,8,12652426.0,transactions
correlation-stream-cores1,pcm_cha,drd_inserts,SKT0C10,9,12631126.0,transactions
correlation-stream-cores1,pcm_cha,drd_inserts,SKT0C10,10,12629384.0,transactions
correlation-stream-cores1,pcm_cha,drd_inserts,SKT0C10,11,12632716.0,transactions
correlation-stream-cores1,pcm_cha,drd_inserts,SKT0C10,12,12631794.0,transactions
correlation-stream-cores1,pcm_cha,drd_inserts,SKT0C10,13,12643603.0,transactions
correlation-stream-cores1,pcm_cha,drd_inserts,SKT0C10,14,12630207.0,transactions
correlation-stream-cores1,pcm_cha,drd_inserts,SKT0C10,15,12629259.0,transactions
correlation-stream-cores1,pcm_cha,drd_inserts,SKT0C10,16,12630593.0,transactions
correlation-stream-cores1,pcm_cha,drd_inserts,SKT0C10,17,12623577.0,transactions
correlation-stream-cores1,pcm_cha,drd_inserts,SKT0C10,18,12636581.0,transactions
correlation-stream-cores1,pcm_cha,drd_inserts,SKT0C10,19,12623018.0,transactions
correlation-stream-cores1,pcm_cha,drd_inserts,SKT0C10,20,12625430.0,transactions
correlation-stream-cores1,pcm_cha,drd_inserts,SKT0C10,21,12625371.0,transactions
correlation-stream-cores1,pcm_cha,drd_inserts,SKT0C10,22,12638310.0,transactions
correlation-stream-cores1,pcm_cha,drd_inserts,SKT0C10,23,12626571.0,transactions
correlation-stream-cores1,pcm_cha,drd_inserts,SKT0C10,24,12626381.0,transactions
correlation-stream-cores1,pcm_cha,drd_inserts,SKT0C10,25,12627165.0,transactions
correlation-stream-cores1,pcm_cha,drd_inserts,SKT0C10,26,12640133.0,transactions
correlation-stream-cores1,pcm_cha,drd_inserts,SKT0C10,27,12628779.0,transactions
correlation-stream-cores1,pcm_cha,drd_inserts,SKT0C10,28,12632884.0,transactions
correlation-stream-cores1,pcm_cha,drd_inserts,SKT0C10,29,12630934.0,transactions
correlation-stream-cores1,pcm_cha,drd_inserts,SKT0C10,30,12640697.0,transactions
correlation-stream-cores1,pcm_cha,drd_inserts,SKT0C10,31,12629129.0,transactions
correlation-stream-cores1,pcm_cha,drd_inserts,SKT0C10,32,12629497.0,transactions
correlation-stream-cores1,pcm_cha,drd_inserts,SKT0C10,33,12629737.0,transactions
correlation-stream-cores1,pcm_cha,drd_inserts,SKT0C10,34,12631731.0,transactions
correlation-stream-cores1,pcm_cha,drd_inserts,SKT0C10,35,12639559.0,transactions
correlation-stream-cores1,pcm_cha,drd_inserts,SKT0C10,36,12630620.0,transactions
correlation-stream-cores1,pcm_cha,drd_inserts,SKT0C10,37,12617370.0,transactions
correlation-stream-cores1,pcm_cha,drd_inserts,SKT0C10,38,12632557.0,transactions
correlation-stream-cores1,pcm_cha,drd_inserts,SKT0C10,39,12639663.0,transactions
correlation-stream-cores1,pcm_cha,drd_inserts,SKT0C10,40,12635859.0,transactions
correlation-stream-cores1,pcm_cha,drd_inserts,SKT0C10,41,12621387.0,transactions
correlation-stream-cores1,pcm_cha,drd_inserts,SKT0C10,42,12623167.0,transactions
correlation-stream-cores1,pcm_cha,drd_inserts,SKT0C10,43,12641641.0,transactions
correlation-stream-cores1,pcm_cha,drd_inserts,SKT0C10,44,12637379.0,transactions
correlation-stream-cores1,pcm_cha,drd_inserts,SKT0C10,45,12624779.0,transactions
correlation-stream-cores1,pcm_cha,drd_inserts,SKT0C10,46,12623542.0,transactions
correlation-stream-cores1,pcm_cha,drd_inserts,SKT0C10,47,12622879.0,transactions
correlation-stream-cores1,pcm_cha,drd_inserts,SKT0C10,48,12634486.0,transactions
correlation-stream-cores1,pcm_cha,drd_inserts,SKT0C10,49,12620893.0,transactions
correlation-stream-cores1,pcm_cha,drd_inserts,SKT0C10,50,12625322.0,transactions
correlation-stream-cores1,pcm_cha,drd_inserts,SKT0C10,51,12618999.0,transactions
correlation-stream-cores1,pcm_cha,drd_inserts,SKT0C10,52,12635709.0,transactions
correlation-stream-cores1,pcm_cha,drd_inserts,SKT0C10,53,12620951.0,transactions
correlation-stream-cores1,pcm_cha,drd_inserts,SKT0C10,54,12623014.0,transactions
correlation-stream-cores1,pcm_cha,drd_inserts,SKT0C10,55,12624078.0,transactions
correlation-stream-cores1,pcm_cha,drd_inserts,SKT0C10,56,12620026.0,transactions
correlation-stream-cores1,pcm_cha,drd_inserts,SKT0C10,57,12640187.0,transactions
correlation-stream-cores1,pcm_cha,drd_inserts,SKT0C10,58,12625216.0,transactions
correlation-stream-cores1,pcm_cha,drd_inserts,SKT0C10,59,12627761.0,transactions
correlation-stream-cores1,pcm_cha,drd_inserts,SKT0C11,0,12643837.0,transactions
correlation-stream-cores1,pcm_cha,drd_inserts,SKT0C11,1,12646318.0,transactions
correlation-stream-cores1,pcm_cha,drd_inserts,SKT0C11,2,12639909.0,transactions
correlation-stream-cores1,pcm_cha,drd_inserts,SKT0C11,3,12642995.0,transactions
correlation-stream-cores1,pcm_cha,drd_inserts,SKT0C11,4,12652123.0,transactions
correlation-stream-cores1,pcm_cha,drd_inserts,SKT0C11,5,12640107.0,transactions
correlation-stream-cores1,pcm_cha,drd_inserts,SKT0C11,6,12643184.0,transactions
correlation-stream-cores1,pcm_cha,drd_inserts,SKT0C11,7,12642120.0,transactions
correlation-stream-cores1,pcm_cha,drd_inserts,SKT0C11,8,12657784.0,transactions
correlation-stream-cores1,pcm_cha,drd_inserts,SKT0C11,9,12637005.0,transactions
correlation-stream-cores1,pcm_cha,drd_inserts,SKT0C11,10,12635882.0,transactions
correlation-stream-cores1,pcm_cha,drd_inserts,SKT0C11,11,12638664.0,transactions
correlation-stream-cores1,pcm_cha,drd_inserts,SKT0C11,12,12637497.0,transactions
correlation-stream-cores1,pcm_cha,drd_inserts,SKT0C11,13,12648746.0,transactions
correlation-stream-cores1,pcm_cha,drd_inserts,SKT0C11,14,12634498.0,transactions
correlation-stream-cores1,pcm_cha,drd_inserts,SKT0C11,15,12635470.0,transactions
correlation-stream-cores1,pcm_cha,drd_inserts,SKT0C11,16,12637342.0,transactions
correlation-stream-cores1,pcm_cha,drd_inserts,SKT0C11,17,12629565.0,transactions
correlation-stream-cores1,pcm_cha,drd_inserts,SKT0C11,18,12645047.0,transactions
correlation-stream-cores1,pcm_cha,drd_inserts,SKT0C11,19,12631829.0,transactions
correlation-stream-cores1,pcm_cha,drd_inserts,SKT0C11,20,12633800.0,transactions
correlation-stream-cores1,pcm_cha,drd_inserts,SKT0C11,21,12634191.0,transactions
correlation-stream-cores1,pcm_cha,drd_inserts,SKT0C11,22,12644033.0,transactions
correlation-stream-cores1,pcm_cha,drd_inserts,SKT0C11,23,12631284.0,transactions
correlation-stream-cores1,pcm_cha,drd_inserts,SKT0C11,24,12630896.0,transactions
correlation-stream-cores1,pcm_cha,drd_inserts,SKT0C11,25,12633428.0,transactions
correlation-stream-cores1,pcm_cha,drd_inserts,SKT0C11,26,12646252.0,transactions
correlation-stream-cores1,pcm_cha,drd_inserts,SKT0C11,27,12636288.0,transactions
correlation-stream-cores1,pcm_cha,drd_inserts,SKT0C11,28,12639622.0,transactions
correlation-stream-cores1,pcm_cha,drd_inserts,SKT0C11,29,12637017.0,transactions
correlation-stream-cores1,pcm_cha,drd_inserts,SKT0C11,30,12648941.0,transactions
correlation-stream-cores1,pcm_cha,drd_inserts,SKT0C11,31,12639066.0,transactions
correlation-stream-cores1,pcm_cha,drd_inserts,SKT0C11,32,12639045.0,transactions
correlation-stream-cores1,pcm_cha,drd_inserts,SKT0C11,33,12635372.0,transactions
correlation-stream-cores1,pcm_cha,drd_inserts,SKT0C11,34,12639044.0,transactions
correlation-stream-cores1,pcm_cha,drd_inserts,SKT0C11,35,12644598.0,transactions
correlation-stream-cores1,pcm_cha,drd_inserts,SKT0C11,36,12637965.0,transactions
correlation-stream-cores1,pcm_cha,drd_inserts,SKT0C11,37,12624017.0,transactions
correlation-stream-cores1,pcm_cha,drd_inserts,SKT0C11,38,12634272.0,transactions
correlation-stream-cores1,pcm_cha,drd_inserts,SKT0C11,39,12648670.0,transactions
correlation-stream-cores1,pcm_cha,drd_inserts,SKT0C11,40,12641174.0,transactions
correlation-stream-cores1,pcm_cha,drd_inserts,SKT0C11,41,12630005.0,transactions
correlation-stream-cores1,pcm_cha,drd_inserts,SKT0C11,42,12629233.0,transactions
correlation-stream-cores1,pcm_cha,drd_inserts,SKT0C11,43,12646443.0,transactions
correlation-stream-cores1,pcm_cha,drd_inserts,SKT0C11,44,12645572.0,transactions
correlation-stream-cores1,pcm_cha,drd_inserts,SKT0C11,45,12631676.0,transactions
correlation-stream-cores1,pcm_cha,drd_inserts,SKT0C11,46,12631287.0,transactions
correlation-stream-cores1,pcm_cha,drd_inserts,SKT0C11,47,12631198.0,transactions
correlation-stream-cores1,pcm_cha,drd_inserts,SKT0C11,48,12642369.0,transactions
correlation-stream-cores1,pcm_cha,drd_inserts,SKT0C11,49,12629073.0,transactions
correlation-stream-cores1,pcm_cha,drd_inserts,SKT0C11,50,12631258.0,transactions
correlation-stream-cores1,pcm_cha,drd_inserts,SKT0C11,51,12626736.0,transactions
correlation-stream-cores1,pcm_cha,drd_inserts,SKT0C11,52,12645492.0,transactions
correlation-stream-cores1,pcm_cha,drd_inserts,SKT0C11,53,12628404.0,transactions
correlation-stream-cores1,pcm_cha,drd_inserts,SKT0C11,54,12628537.0,transactions
correlation-stream-cores1,pcm_cha,drd_inserts,SKT0C11,55,12629931.0,transactions
correlation-stream-cores1,pcm_cha,drd_inserts,SKT0C11,56,12625443.0,transactions
correlation-stream-cores1,pcm_cha,drd_inserts,SKT0C11,57,12649723.0,transactions
correlation-stream-cores1,pcm_cha,drd_inserts,SKT0C11,58,12634301.0,transactions
correlation-stream-cores1,pcm_cha,drd_inserts,SKT0C11,59,12636407.0,transactions
correlation-stream-cores1,pcm_cha,drd_inserts,SKT0C12,0,12649046.0,transactions
correlation-stream-cores1,pcm_cha,drd_inserts,SKT0C12,1,12651445.0,transactions
correlation-stream-cores1,pcm_cha,drd_inserts,SKT0C12,2,12646927.0,transactions
correlation-stream-cores1,pcm_cha,drd_inserts,SKT0C12,3,12641822.0,transactions
correlation-stream-cores1,pcm_cha,drd_inserts,SKT0C12,4,12655613.0,transactions
correlation-stream-cores1,pcm_cha,drd_inserts,SKT0C12,5,12644265.0,transactions
correlation-stream-cores1,pcm_cha,drd_inserts,SKT0C12,6,12643556.0,transactions
correlation-stream-cores1,pcm_cha,drd_inserts,SKT0C12,7,12644635.0,transactions
correlation-stream-cores1,pcm_cha,drd_inserts,SKT0C12,8,12659976.0,transactions
correlation-stream-cores1,pcm_cha,drd_inserts,SKT0C12,9,12641786.0,transactions
correlation-stream-cores1,pcm_cha,drd_inserts,SKT0C12,10,12638572.0,transactions
correlation-stream-cores1,pcm_cha,drd_inserts,SKT0C12,11,12641054.0,transactions
correlation-stream-cores1,pcm_cha,drd_inserts,SKT0C12,12,12642654.0,transactions
correlation-stream-cores1,pcm_cha,drd_inserts,SKT0C12,13,12653763.0,transactions
correlation-stream-cores1,pcm_cha,drd_inserts,SKT0C12,14,12640324.0,transactions
correlation-stream-cores1,pcm_cha,drd_inserts,SKT0C12,15,12641645.0,transactions
correlation-stream-cores1,pcm_cha,drd_inserts,SKT0C12,16,12641136.0,transactions
correlation-stream-cores1,pcm_cha,drd_inserts,SKT0C12,17,12632915.0,transactions
correlation-stream-cores1,pcm_cha,drd_inserts,SKT0C12,18,12653217.0,transactions
correlation-stream-cores1,pcm_cha,drd_inserts,SKT0C12,19,12634397.0,transactions
correlation-stream-cores1,pcm_cha,drd_inserts,SKT0C12,20,12634970.0,transactions
correlation-stream-cores1,pcm_cha,drd_inserts,SKT0C12,21,12637035.0,transactions
correlation-stream-cores1,pcm_cha,drd_inserts,SKT0C12,22,12645766.0,transactions
correlation-stream-cores1,pcm_cha,drd_inserts,SKT0C12,23,12636658.0,transactions
correlation-stream-cores1,pcm_cha,drd_inserts,SKT0C12,24,12637875.0,transactions
correlation-stream-cores1,pcm_cha,drd_inserts,SKT0C12,25,12634153.0,transactions
correlation-stream-cores1,pcm_cha,drd_inserts,SKT0C12,26,12651133.0,transactions
correlation-stream-cores1,pcm_cha,drd_inserts,SKT0C12,27,12636458.0,transactions
correlation-stream-cores1,pcm_cha,drd_inserts,SKT0C12,28,12641114.0,transactions
correlation-stream-cores1,pcm_cha,drd_inserts,SKT0C12,29,12639854.0,transactions
correlation-stream-cores1,pcm_cha,drd_inserts,SKT0C12,30,12653269.0,transactions
correlation-stream-cores1,pcm_cha,drd_inserts,SKT0C12,31,12643491.0,transactions
correlation-stream-cores1,pcm_cha,drd_inserts,SKT0C12,32,12638970.0,transactions
correlation-stream-cores1,pcm_cha,drd_inserts,SKT0C12,33,12636574.0,transactions
correlation-stream-cores1,pcm_cha,drd_inserts,SKT0C12,34,12643432.0,transactions
correlation-stream-cores1,pcm_cha,drd_inserts,SKT0C12,35,12652973.0,transactions
correlation-stream-cores1,pcm_cha,drd_inserts,SKT0C12,36,12639465.0,transactions
correlation-stream-cores1,pcm_cha,drd_inserts,SKT0C12,37,12632741.0,transactions
correlation-stream-cores1,pcm_cha,drd_inserts,SKT0C12,38,12637371.0,transactions
correlation-stream-cores1,pcm_cha,drd_inserts,SKT0C12,39,12649327.0,transactions
correlation-stream-cores1,pcm_cha,drd_inserts,SKT0C12,40,12648480.0,transactions
correlation-stream-cores1,pcm_cha,drd_inserts,SKT0C12,41,12630737.0,transactions
correlation-stream-cores1,pcm_cha,drd_inserts,SKT0C12,42,12630796.0,transactions
correlation-stream-cores1,pcm_cha,drd_inserts,SKT0C12,43,12654510.0,transactions
correlation-stream-cores1,pcm_cha,drd_inserts,SKT0C12,44,12652000.0,transactions
correlation-stream-cores1,pcm_cha,drd_inserts,SKT0C12,45,12637189.0,transactions
correlation-stream-cores1,pcm_cha,drd_inserts,SKT0C12,46,12634777.0,transactions
correlation-stream-cores1,pcm_cha,drd_inserts,SKT0C12,47,12638368.0,transactions
correlation-stream-cores1,pcm_cha,drd_inserts,SKT0C12,48,12644232.0,transactions
correlation-stream-cores1,pcm_cha,drd_inserts,SKT0C12,49,12630381.0,transactions
correlation-stream-cores1,pcm_cha,drd_inserts,SKT0C12,50,12635935.0,transactions
correlation-stream-cores1,pcm_cha,drd_inserts,SKT0C12,51,12632988.0,transactions
correlation-stream-cores1,pcm_cha,drd_inserts,SKT0C12,52,12644230.0,transactions
correlation-stream-cores1,pcm_cha,drd_inserts,SKT0C12,53,12631463.0,transactions
correlation-stream-cores1,pcm_cha,drd_inserts,SKT0C12,54,12629860.0,transactions
correlation-stream-cores1,pcm_cha,drd_inserts,SKT0C12,55,12631796.0,transactions
correlation-stream-cores1,pcm_cha,drd_inserts,SKT0C12,56,12630965.0,transactions
correlation-stream-cores1,pcm_cha,drd_inserts,SKT0C12,57,12649880.0,transactions
correlation-stream-cores1,pcm_cha,drd_inserts,SKT0C12,58,12638382.0,transactions
correlation-stream-cores1,pcm_cha,drd_inserts,SKT0C12,59,12636515.0,transactions
correlation-stream-cores1,pcm_cha,drd_inserts,SKT0C13,0,12629396.0,transactions
correlation-stream-cores1,pcm_cha,drd_inserts,SKT0C13,1,12635959.0,transactions
correlation-stream-cores1,pcm_cha,drd_inserts,SKT0C13,2,12628651.0,transactions
correlation-stream-cores1,pcm_cha,drd_inserts,SKT0C13,3,12628713.0,transactions
correlation-stream-cores1,pcm_cha,drd_inserts,SKT0C13,4,12641025.0,transactions
correlation-stream-cores1,pcm_cha,drd_inserts,SKT0C13,5,12629442.0,transactions
correlation-stream-cores1,pcm_cha,drd_inserts,SKT0C13,6,12629607.0,transactions
correlation-stream-cores1,pcm_cha,drd_inserts,SKT0C13,7,12627371.0,transactions
correlation-stream-cores1,pcm_cha,drd_inserts,SKT0C13,8,12643430.0,transactions
correlation-stream-cores1,pcm_cha,drd_inserts,SKT0C13,9,12625995.0,transactions
correlation-stream-cores1,pcm_cha,drd_inserts,SKT0C13,10,12623915.0,transactions
correlation-stream-cores1,pcm_cha,drd_inserts,SKT0C13,11,12624970.0,transactions
correlation-stream-cores1,pcm_cha,drd_inserts,SKT0C13,12,12625673.0,transactions
correlation-stream-cores1,pcm_cha,drd_inserts,SKT0C13,13,12643328.0,transactions
correlation-stream-cores1,pcm_cha,drd_inserts,SKT0C13,14,12624943.0,transactions
correlation-stream-cores1,pcm_cha,drd_inserts,SKT0C13,15,12624369.0,transactions
correlation-stream-cores1,pcm_cha,drd_inserts,SKT0C13,16,12623112.0,transactions
correlation-stream-cores1,pcm_cha,drd_inserts,SKT0C13,17,12619973.0,transactions
correlation-stream-cores1,pcm_cha,drd_inserts,SKT0C13,18,12635381.0,transactions
correlation-stream-cores1,pcm_cha,drd_inserts,SKT0C13,19,12617736.0,transactions
correlation-stream-cores1,pcm_cha,drd_inserts,SKT0C13,20,12619935.0,transactions
correlation-stream-cores1,pcm_cha,drd_inserts,SKT0C13,21,12620298.0,transactions
correlation-stream-cores1,pcm_cha,drd_inserts,SKT0C13,22,12633463.0,transactions
correlation-stream-cores1,pcm_cha,drd_inserts,SKT0C13,23,12623786.0,transactions
correlation-stream-cores1,pcm_cha,drd_inserts,SKT0C13,24,12621860.0,transactions
correlation-stream-cores1,pcm_cha,drd_inserts,SKT0C13,25,12615727.0,transactions
correlation-stream-cores1,pcm_cha,drd_inserts,SKT0C13,26,12634948.0,transactions
correlation-stream-cores1,pcm_cha,drd_inserts,SKT0C13,27,12621000.0,transactions
correlation-stream-cores1,pcm_cha,drd_inserts,SKT0C13,28,12626267.0,transactions
correlation-stream-cores1,pcm_cha,drd_inserts,SKT0C13,29,12625716.0,transactions
correlation-stream-cores1,pcm_cha,drd_inserts,SKT0C13,30,12637566.0,transactions
correlation-stream-cores1,pcm_cha,drd_inserts,SKT0C13,31,12626139.0,transactions
correlation-stream-cores1,pcm_cha,drd_inserts,SKT0C13,32,12623080.0,transactions
correlation-stream-cores1,pcm_cha,drd_inserts,SKT0C13,33,12623275.0,transactions
correlation-stream-cores1,pcm_cha,drd_inserts,SKT0C13,34,12625187.0,transactions
correlation-stream-cores1,pcm_cha,drd_inserts,SKT0C13,35,12637290.0,transactions
correlation-stream-cores1,pcm_cha,drd_inserts,SKT0C13,36,12623219.0,transactions
correlation-stream-cores1,pcm_cha,drd_inserts,SKT0C13,37,12617430.0,transactions
correlation-stream-cores1,pcm_cha,drd_inserts,SKT0C13,38,12623363.0,transactions
correlation-stream-cores1,pcm_cha,drd_inserts,SKT0C13,39,12636872.0,transactions
correlation-stream-cores1,pcm_cha,drd_inserts,SKT0C13,40,12632145.0,transactions
correlation-stream-cores1,pcm_cha,drd_inserts,SKT0C13,41,12616383.0,transactions
correlation-stream-cores1,pcm_cha,drd_inserts,SKT0C13,42,12615424.0,transactions
correlation-stream-cores1,pcm_cha,drd_inserts,SKT0C13,43,12636783.0,transactions
correlation-stream-cores1,pcm_cha,drd_inserts,SKT0C13,44,12634480.0,transactions
correlation-stream-cores1,pcm_cha,drd_inserts,SKT0C13,45,12619715.0,transactions
correlation-stream-cores1,pcm_cha,drd_inserts,SKT0C13,46,12616605.0,transactions
correlation-stream-cores1,pcm_cha,drd_inserts,SKT0C13,47,12619391.0,transactions
correlation-stream-cores1,pcm_cha,drd_inserts,SKT0C13,48,12629006.0,transactions
correlation-stream-cores1,pcm_cha,drd_inserts,SKT0C13,49,12614804.0,transactions
correlation-stream-cores1,pcm_cha,drd_inserts,SKT0C13,50,12619837.0,transactions
correlation-stream-cores1,pcm_cha,drd_inserts,SKT0C13,51,12614781.0,transactions
correlation-stream-cores1,pcm_cha,drd_inserts,SKT0C13,52,12631645.0,transactions
correlation-stream-cores1,pcm_cha,drd_inserts,SKT0C13,53,12618655.0,transactions
correlation-stream-cores1,pcm_cha,drd_inserts,SKT0C13,54,12617520.0,transactions
correlation-stream-cores1,pcm_cha,drd_inserts,SKT0C13,55,12620307.0,transactions
correlation-stream-cores1,pcm_cha,drd_inserts,SKT0C13,56,12618226.0,transactions
correlation-stream-cores1,pcm_cha,drd_inserts,SKT0C13,57,12634410.0,transactions
correlation-stream-cores1,pcm_cha,drd_inserts,SKT0C13,58,12624300.0,transactions
correlation-stream-cores1,pcm_cha,drd_inserts,SKT0C13,59,12618531.0,transactions
correlation-stream-cores1,pcm_cha,drd_inserts,SKT0C14,0,12648666.0,transactions
correlation-stream-cores1,pcm_cha,drd_inserts,SKT0C14,1,12649909.0,transactions
correlation-stream-cores1,pcm_cha,drd_inserts,SKT0C14,2,12644984.0,transactions
correlation-stream-cores1,pcm_cha,drd_inserts,SKT0C14,3,12646141.0,transactions
correlation-stream-cores1,pcm_cha,drd_inserts,SKT0C14,4,12652434.0,transactions
correlation-stream-cores1,pcm_cha,drd_inserts,SKT0C14,5,12645454.0,transactions
correlation-stream-cores1,pcm_cha,drd_inserts,SKT0C14,6,12643968.0,transactions
correlation-stream-cores1,pcm_cha,drd_inserts,SKT0C14,7,12643522.0,transactions
correlation-stream-cores1,pcm_cha,drd_inserts,SKT0C14,8,12661021.0,transactions
correlation-stream-cores1,pcm_cha,drd_inserts,SKT0C14,9,12641871.0,transactions
correlation-stream-cores1,pcm_cha,drd_inserts,SKT0C14,10,12640384.0,transactions
correlation-stream-cores1,pcm_cha,drd_inserts,SKT0C14,11,12638607.0,transactions
correlation-stream-cores1,pcm_cha,drd_inserts,SKT0C14,12,12641749.0,transactions
correlation-stream-cores1,pcm_cha,drd_inserts,SKT0C14,13,12653482.0,transactions
correlation-stream-cores1,pcm_cha,drd_inserts,SKT0C14,14,12642364.0,transactions
correlation-stream-cores1,pcm_cha,drd_inserts,SKT0C14,15,12640693.0,transactions
correlation-stream-cores1,pcm_cha,drd_inserts,SKT0C14,16,12638904.0,transactions
correlation-stream-cores1,pcm_cha,drd_inserts,SKT0C14,17,12631849.0,transactions
correlation-stream-cores1,pcm_cha,drd_inserts,SKT0C14,18,12651372.0,transactions
correlation-stream-cores1,pcm_cha,drd_inserts,SKT0C14,19,12635655.0,transactions
correlation-stream-cores1,pcm_cha,drd_inserts,SKT0C14,20,12637547.0,transactions
correlation-stream-cores1,pcm_cha,drd_inserts,SKT0C14,21,12638133.0,transactions
correlation-stream-cores1,pcm_cha,drd_inserts,SKT0C14,22,12648492.0,transactions
correlation-stream-cores1,pcm_cha,drd_inserts,SKT0C14,23,12636864.0,transactions
correlation-stream-cores1,pcm_cha,drd_inserts,SKT0C14,24,12637790.0,transactions
correlation-stream-cores1,pcm_cha,drd_inserts,SKT0C14,25,12631297.0,transactions
correlation-stream-cores1,pcm_cha,drd_inserts,SKT0C14,26,12650131.0,transactions
correlation-stream-cores1,pcm_cha,drd_inserts,SKT0C14,27,12635288.0,transactions
correlation-stream-cores1,pcm_cha,drd_inserts,SKT0C14,28,12643125.0,transactions
correlation-stream-cores1,pcm_cha,drd_inserts,SKT0C14,29,12642558.0,transactions
correlation-stream-cores1,pcm_cha,drd_inserts,SKT0C14,30,12653532.0,transactions
correlation-stream-cores1,pcm_cha,drd_inserts,SKT0C14,31,12639768.0,transactions
correlation-stream-cores1,pcm_cha,drd_inserts,SKT0C14,32,12639759.0,transactions
correlation-stream-cores1,pcm_cha,drd_inserts,SKT0C14,33,12636002.0,transactions
correlation-stream-cores1,pcm_cha,drd_inserts,SKT0C14,34,12645073.0,transactions
correlation-stream-cores1,pcm_cha,drd_inserts,SKT0C14,35,12653174.0,transactions
correlation-stream-cores1,pcm_cha,drd_inserts,SKT0C14,36,12640601.0,transactions
correlation-stream-cores1,pcm_cha,drd_inserts,SKT0C14,37,12628340.0,transactions
correlation-stream-cores1,pcm_cha,drd_inserts,SKT0C14,38,12635229.0,transactions
correlation-stream-cores1,pcm_cha,drd_inserts,SKT0C14,39,12651491.0,transactions
correlation-stream-cores1,pcm_cha,drd_inserts,SKT0C14,40,12648282.0,transactions
correlation-stream-cores1,pcm_cha,drd_inserts,SKT0C14,41,12629692.0,transactions
correlation-stream-cores1,pcm_cha,drd_inserts,SKT0C14,42,12631936.0,transactions
correlation-stream-cores1,pcm_cha,drd_inserts,SKT0C14,43,12653877.0,transactions
correlation-stream-cores1,pcm_cha,drd_inserts,SKT0C14,44,12649846.0,transactions
correlation-stream-cores1,pcm_cha,drd_inserts,SKT0C14,45,12639891.0,transactions
correlation-stream-cores1,pcm_cha,drd_inserts,SKT0C14,46,12633299.0,transactions
correlation-stream-cores1,pcm_cha,drd_inserts,SKT0C14,47,12634944.0,transactions
correlation-stream-cores1,pcm_cha,drd_inserts,SKT0C14,48,12644059.0,transactions
correlation-stream-cores1,pcm_cha,drd_inserts,SKT0C14,49,12628828.0,transactions
correlation-stream-cores1,pcm_cha,drd_inserts,SKT0C14,50,12634380.0,transactions
correlation-stream-cores1,pcm_cha,drd_inserts,SKT0C14,51,12633676.0,transactions
correlation-stream-cores1,pcm_cha,drd_inserts,SKT0C14,52,12647432.0,transactions
correlation-stream-cores1,pcm_cha,drd_inserts,SKT0C14,53,12632210.0,transactions
correlation-stream-cores1,pcm_cha,drd_inserts,SKT0C14,54,12631991.0,transactions
correlation-stream-cores1,pcm_cha,drd_inserts,SKT0C14,55,12632119.0,transactions
correlation-stream-cores1,pcm_cha,drd_inserts,SKT0C14,56,12630273.0,transactions
correlation-stream-cores1,pcm_cha,drd_inserts,SKT0C14,57,12648706.0,transactions
correlation-stream-cores1,pcm_cha,drd_inserts,SKT0C14,58,12638938.0,transactions
correlation-stream-cores1,pcm_cha,drd_inserts,SKT0C14,59,12635511.0,transactions
correlation-stream-cores1,pcm_cha,drd_inserts,SKT0C15,0,12632815.0,transactions
correlation-stream-cores1,pcm_cha,drd_inserts,SKT0C15,1,12634109.0,transactions
correlation-stream-cores1,pcm_cha,drd_inserts,SKT0C15,2,12628058.0,transactions
correlation-stream-cores1,pcm_cha,drd_inserts,SKT0C15,3,12627294.0,transactions
correlation-stream-cores1,pcm_cha,drd_inserts,SKT0C15,4,12639624.0,transactions
correlation-stream-cores1,pcm_cha,drd_inserts,SKT0C15,5,12629040.0,transactions
correlation-stream-cores1,pcm_cha,drd_inserts,SKT0C15,6,12624869.0,transactions
correlation-stream-cores1,pcm_cha,drd_inserts,SKT0C15,7,12628402.0,transactions
correlation-stream-cores1,pcm_cha,drd_inserts,SKT0C15,8,12642894.0,transactions
correlation-stream-cores1,pcm_cha,drd_inserts,SKT0C15,9,12626092.0,transactions
correlation-stream-cores1,pcm_cha,drd_inserts,SKT0C15,10,12622722.0,transactions
correlation-stream-cores1,pcm_cha,drd_inserts,SKT0C15,11,12624009.0,transactions
correlation-stream-cores1,pcm_cha,drd_inserts,SKT0C15,12,12625603.0,transactions
correlation-stream-cores1,pcm_cha,drd_inserts,SKT0C15,13,12637906.0,transactions
correlation-stream-cores1,pcm_cha,drd_inserts,SKT0C15,14,12626895.0,transactions
correlation-stream-cores1,pcm_cha,drd_inserts,SKT0C15,15,12623503.0,transactions
correlation-stream-cores1,pcm_cha,drd_inserts,SKT0C15,16,12621897.0,transactions
correlation-stream-cores1,pcm_cha,drd_inserts,SKT0C15,17,12617502.0,transactions
correlation-stream-cores1,pcm_cha,drd_inserts,SKT0C15,18,12633524.0,transactions
correlation-stream-cores1,pcm_cha,drd_inserts,SKT0C15,19,12617282.0,transactions
correlation-stream-cores1,pcm_cha,drd_inserts,SKT0C15,20,12619467.0,transactions
correlation-stream-cores1,pcm_cha,drd_inserts,SKT0C15,21,12620480.0,transactions
correlation-stream-cores1,pcm_cha,drd_inserts,SKT0C15,22,12631475.0,transactions
correlation-stream-cores1,pcm_cha,drd_inserts,SKT0C15,23,12622818.0,transactions
correlation-stream-cores1,pcm_cha,drd_inserts,SKT0C15,24,12620622.0,transactions
correlation-stream-cores1,pcm_cha,drd_inserts,SKT0C15,25,12613773.0,transactions
correlation-stream-cores1,pcm_cha,drd_inserts,SKT0C15,26,12635897.0,transactions
correlation-stream-cores1,pcm_cha,drd_inserts,SKT0C15,27,12618341.0,transactions
correlation-stream-cores1,pcm_cha,drd_inserts,SKT0C15,28,12623956.0,transactions
correlation-stream-cores1,pcm_cha,drd_inserts,SKT0C15,29,12625353.0,transactions
correlation-stream-cores1,pcm_cha,drd_inserts,SKT0C15,30,12634568.0,transactions
correlation-stream-cores1,pcm_cha,drd_inserts,SKT0C15,31,12625333.0,transactions
correlation-stream-cores1,pcm_cha,drd_inserts,SKT0C15,32,12623313.0,transactions
correlation-stream-cores1,pcm_cha,drd_inserts,SKT0C15,33,12621997.0,transactions
correlation-stream-cores1,pcm_cha,drd_inserts,SKT0C15,34,12626451.0,transactions
correlation-stream-cores1,pcm_cha,drd_inserts,SKT0C15,35,12635028.0,transactions
correlation-stream-cores1,pcm_cha,drd_inserts,SKT0C15,36,12624626.0,transactions
correlation-stream-cores1,pcm_cha,drd_inserts,SKT0C15,37,12613968.0,transactions
correlation-stream-cores1,pcm_cha,drd_inserts,SKT0C15,38,12621755.0,transactions
correlation-stream-cores1,pcm_cha,drd_inserts,SKT0C15,39,12635228.0,transactions
correlation-stream-cores1,pcm_cha,drd_inserts,SKT0C15,40,12629649.0,transactions
correlation-stream-cores1,pcm_cha,drd_inserts,SKT0C15,41,12611073.0,transactions
correlation-stream-cores1,pcm_cha,drd_inserts,SKT0C15,42,12617694.0,transactions
correlation-stream-cores1,pcm_cha,drd_inserts,SKT0C15,43,12637789.0,transactions
correlation-stream-cores1,pcm_cha,drd_inserts,SKT0C15,44,12633698.0,transactions
correlation-stream-cores1,pcm_cha,drd_inserts,SKT0C15,45,12621165.0,transactions
correlation-stream-cores1,pcm_cha,drd_inserts,SKT0C15,46,12617858.0,transactions
correlation-stream-cores1,pcm_cha,drd_inserts,SKT0C15,47,12621253.0,transactions
correlation-stream-cores1,pcm_cha,drd_inserts,SKT0C15,48,12627085.0,transactions
correlation-stream-cores1,pcm_cha,drd_inserts,SKT0C15,49,12616051.0,transactions
correlation-stream-cores1,pcm_cha,drd_inserts,SKT0C15,50,12617969.0,transactions
correlation-stream-cores1,pcm_cha,drd_inserts,SKT0C15,51,12616243.0,transactions
correlation-stream-cores1,pcm_cha,drd_inserts,SKT0C15,52,12631209.0,transactions
correlation-stream-cores1,pcm_cha,drd_inserts,SKT0C15,53,12617072.0,transactions
correlation-stream-cores1,pcm_cha,drd_inserts,SKT0C15,54,12617707.0,transactions
correlation-stream-cores1,pcm_cha,drd_inserts,SKT0C15,55,12618238.0,transactions
correlation-stream-cores1,pcm_cha,drd_inserts,SKT0C15,56,12616643.0,transactions
correlation-stream-cores1,pcm_cha,drd_inserts,SKT0C15,57,12633240.0,transactions
correlation-stream-cores1,pcm_cha,drd_inserts,SKT0C15,58,12622213.0,transactions
correlation-stream-cores1,pcm_cha,drd_inserts,SKT0C15,59,12619528.0,transactions
correlation-stream-cores1,pcm_cha,drd_occupancy,SKT0C0,0,0.3903288554166667,request_seconds
correlation-stream-cores1,pcm_cha,drd_occupancy,SKT0C0,1,0.39032505375,request_seconds
correlation-stream-cores1,pcm_cha,drd_occupancy,SKT0C0,2,0.390207605,request_seconds
correlation-stream-cores1,pcm_cha,drd_occupancy,SKT0C0,3,0.3901647716666667,request_seconds
correlation-stream-cores1,pcm_cha,drd_occupancy,SKT0C0,4,0.3904482175,request_seconds
correlation-stream-cores1,pcm_cha,drd_occupancy,SKT0C0,5,0.39016782125,request_seconds
correlation-stream-cores1,pcm_cha,drd_occupancy,SKT0C0,6,0.3900578275,request_seconds
correlation-stream-cores1,pcm_cha,drd_occupancy,SKT0C0,7,0.39014397083333335,request_seconds
correlation-stream-cores1,pcm_cha,drd_occupancy,SKT0C0,8,0.3905877654166667,request_seconds
correlation-stream-cores1,pcm_cha,drd_occupancy,SKT0C0,9,0.39003748916666664,request_seconds
correlation-stream-cores1,pcm_cha,drd_occupancy,SKT0C0,10,0.38998699875,request_seconds
correlation-stream-cores1,pcm_cha,drd_occupancy,SKT0C0,11,0.38997932166666666,request_seconds
correlation-stream-cores1,pcm_cha,drd_occupancy,SKT0C0,12,0.3900268491666667,request_seconds
correlation-stream-cores1,pcm_cha,drd_occupancy,SKT0C0,13,0.39044646791666665,request_seconds
correlation-stream-cores1,pcm_cha,drd_occupancy,SKT0C0,14,0.39003818083333336,request_seconds
correlation-stream-cores1,pcm_cha,drd_occupancy,SKT0C0,15,0.3900625366666667,request_seconds
correlation-stream-cores1,pcm_cha,drd_occupancy,SKT0C0,16,0.3900239008333333,request_seconds
correlation-stream-cores1,pcm_cha,drd_occupancy,SKT0C0,17,0.38982874333333334,request_seconds
correlation-stream-cores1,pcm_cha,drd_occupancy,SKT0C0,18,0.39036309041666667,request_seconds
correlation-stream-cores1,pcm_cha,drd_occupancy,SKT0C0,19,0.38988659583333335,request_seconds
correlation-stream-cores1,pcm_cha,drd_occupancy,SKT0C0,20,0.38997985416666664,request_seconds
correlation-stream-cores1,pcm_cha,drd_occupancy,SKT0C0,21,0.3899719670833333,request_seconds
correlation-stream-cores1,pcm_cha,drd_occupancy,SKT0C0,22,0.39019391291666666,request_seconds
correlation-stream-cores1,pcm_cha,drd_occupancy,SKT0C0,23,0.38987295708333336,request_seconds
correlation-stream-cores1,pcm_cha,drd_occupancy,SKT0C0,24,0.3899187075,request_seconds
correlation-stream-cores1,pcm_cha,drd_occupancy,SKT0C0,25,0.38983722875,request_seconds
correlation-stream-cores1,pcm_cha,drd_occupancy,SKT0C0,26,0.39033609583333334,request_seconds
correlation-stream-cores1,pcm_cha,drd_occupancy,SKT0C0,27,0.3899140675,request_seconds
correlation-stream-cores1,pcm_cha,drd_occupancy,SKT0C0,28,0.39010191708333336,request_seconds
correlation-stream-cores1,pcm_cha,drd_occupancy,SKT0C0,29,0.3901561775,request_seconds
correlation-stream-cores1,pcm_cha,drd_occupancy,SKT0C0,30,0.3904250175,request_seconds
correlation-stream-cores1,pcm_cha,drd_occupancy,SKT0C0,31,0.390049755,request_seconds
correlation-stream-cores1,pcm_cha,drd_occupancy,SKT0C0,32,0.3899885645833333,request_seconds
correlation-stream-cores1,pcm_cha,drd_occupancy,SKT0C0,33,0.3899795816666667,request_seconds
correlation-stream-cores1,pcm_cha,drd_occupancy,SKT0C0,34,0.39019375916666665,request_seconds
correlation-stream-cores1,pcm_cha,drd_occupancy,SKT0C0,35,0.39041585208333335,request_seconds
correlation-stream-cores1,pcm_cha,drd_occupancy,SKT0C0,36,0.390013485,request_seconds
correlation-stream-cores1,pcm_cha,drd_occupancy,SKT0C0,37,0.38972499875,request_seconds
correlation-stream-cores1,pcm_cha,drd_occupancy,SKT0C0,38,0.3898745533333333,request_seconds
correlation-stream-cores1,pcm_cha,drd_occupancy,SKT0C0,39,0.39040587958333334,request_seconds
correlation-stream-cores1,pcm_cha,drd_occupancy,SKT0C0,40,0.39010454083333335,request_seconds
correlation-stream-cores1,pcm_cha,drd_occupancy,SKT0C0,41,0.38969034041666667,request_seconds
correlation-stream-cores1,pcm_cha,drd_occupancy,SKT0C0,42,0.38975265541666665,request_seconds
correlation-stream-cores1,pcm_cha,drd_occupancy,SKT0C0,43,0.39042736333333333,request_seconds
correlation-stream-cores1,pcm_cha,drd_occupancy,SKT0C0,44,0.39031919,request_seconds
correlation-stream-cores1,pcm_cha,drd_occupancy,SKT0C0,45,0.38989507041666666,request_seconds
correlation-stream-cores1,pcm_cha,drd_occupancy,SKT0C0,46,0.389828445,request_seconds
correlation-stream-cores1,pcm_cha,drd_occupancy,SKT0C0,47,0.38997635833333333,request_seconds
correlation-stream-cores1,pcm_cha,drd_occupancy,SKT0C0,48,0.3902073025,request_seconds
correlation-stream-cores1,pcm_cha,drd_occupancy,SKT0C0,49,0.3897576470833333,request_seconds
correlation-stream-cores1,pcm_cha,drd_occupancy,SKT0C0,50,0.3898046941666667,request_seconds
correlation-stream-cores1,pcm_cha,drd_occupancy,SKT0C0,51,0.38971181666666665,request_seconds
correlation-stream-cores1,pcm_cha,drd_occupancy,SKT0C0,52,0.3901724454166667,request_seconds
correlation-stream-cores1,pcm_cha,drd_occupancy,SKT0C0,53,0.38981028791666666,request_seconds
correlation-stream-cores1,pcm_cha,drd_occupancy,SKT0C0,54,0.38975885,request_seconds
correlation-stream-cores1,pcm_cha,drd_occupancy,SKT0C0,55,0.38981990666666666,request_seconds
correlation-stream-cores1,pcm_cha,drd_occupancy,SKT0C0,56,0.3897699245833333,request_seconds
correlation-stream-cores1,pcm_cha,drd_occupancy,SKT0C0,57,0.390285165,request_seconds
correlation-stream-cores1,pcm_cha,drd_occupancy,SKT0C0,58,0.38996542208333335,request_seconds
correlation-stream-cores1,pcm_cha,drd_occupancy,SKT0C0,59,0.3898750641666667,request_seconds
correlation-stream-cores1,pcm_cha,drd_occupancy,SKT0C1,0,0.39456751125,request_seconds
correlation-stream-cores1,pcm_cha,drd_occupancy,SKT0C1,1,0.39467097916666666,request_seconds
correlation-stream-cores1,pcm_cha,drd_occupancy,SKT0C1,2,0.39452904958333335,request_seconds
correlation-stream-cores1,pcm_cha,drd_occupancy,SKT0C1,3,0.39444244,request_seconds
correlation-stream-cores1,pcm_cha,drd_occupancy,SKT0C1,4,0.394761515,request_seconds
correlation-stream-cores1,pcm_cha,drd_occupancy,SKT0C1,5,0.39450814875,request_seconds
correlation-stream-cores1,pcm_cha,drd_occupancy,SKT0C1,6,0.3944281666666667,request_seconds
correlation-stream-cores1,pcm_cha,drd_occupancy,SKT0C1,7,0.3944390104166667,request_seconds
correlation-stream-cores1,pcm_cha,drd_occupancy,SKT0C1,8,0.39487699625,request_seconds
correlation-stream-cores1,pcm_cha,drd_occupancy,SKT0C1,9,0.3943664966666667,request_seconds
correlation-stream-cores1,pcm_cha,drd_occupancy,SKT0C1,10,0.39427796083333333,request_seconds
correlation-stream-cores1,pcm_cha,drd_occupancy,SKT0C1,11,0.39431014583333335,request_seconds
correlation-stream-cores1,pcm_cha,drd_occupancy,SKT0C1,12,0.3943304729166667,request_seconds
correlation-stream-cores1,pcm_cha,drd_occupancy,SKT0C1,13,0.3947731975,request_seconds
correlation-stream-cores1,pcm_cha,drd_occupancy,SKT0C1,14,0.39435632,request_seconds
correlation-stream-cores1,pcm_cha,drd_occupancy,SKT0C1,15,0.39433035,request_seconds
correlation-stream-cores1,pcm_cha,drd_occupancy,SKT0C1,16,0.39417892958333334,request_seconds
correlation-stream-cores1,pcm_cha,drd_occupancy,SKT0C1,17,0.3940843679166667,request_seconds
correlation-stream-cores1,pcm_cha,drd_occupancy,SKT0C1,18,0.3946265204166667,request_seconds
correlation-stream-cores1,pcm_cha,drd_occupancy,SKT0C1,19,0.3941433820833333,request_seconds
correlation-stream-cores1,pcm_cha,drd_occupancy,SKT0C1,20,0.39421241166666665,request_seconds
correlation-stream-cores1,pcm_cha,drd_occupancy,SKT0C1,21,0.3941850429166667,request_seconds
correlation-stream-cores1,pcm_cha,drd_occupancy,SKT0C1,22,0.39443768583333333,request_seconds
correlation-stream-cores1,pcm_cha,drd_occupancy,SKT0C1,23,0.3941952920833333,request_seconds
correlation-stream-cores1,pcm_cha,drd_occupancy,SKT0C1,24,0.39415193541666665,request_seconds
correlation-stream-cores1,pcm_cha,drd_occupancy,SKT0C1,25,0.39404287708333335,request_seconds
correlation-stream-cores1,pcm_cha,drd_occupancy,SKT0C1,26,0.394604595,request_seconds
correlation-stream-cores1,pcm_cha,drd_occupancy,SKT0C1,27,0.3941230533333333,request_seconds
correlation-stream-cores1,pcm_cha,drd_occupancy,SKT0C1,28,0.394331815,request_seconds
correlation-stream-cores1,pcm_cha,drd_occupancy,SKT0C1,29,0.39431267125,request_seconds
correlation-stream-cores1,pcm_cha,drd_occupancy,SKT0C1,30,0.3946654345833333,request_seconds
correlation-stream-cores1,pcm_cha,drd_occupancy,SKT0C1,31,0.39440923666666666,request_seconds
correlation-stream-cores1,pcm_cha,drd_occupancy,SKT0C1,32,0.394245855,request_seconds
correlation-stream-cores1,pcm_cha,drd_occupancy,SKT0C1,33,0.394247845,request_seconds
correlation-stream-cores1,pcm_cha,drd_occupancy,SKT0C1,34,0.39437922708333334,request_seconds
correlation-stream-cores1,pcm_cha,drd_occupancy,SKT0C1,35,0.39458982875,request_seconds
correlation-stream-cores1,pcm_cha,drd_occupancy,SKT0C1,36,0.39421952791666665,request_seconds
correlation-stream-cores1,pcm_cha,drd_occupancy,SKT0C1,37,0.3939496345833333,request_seconds
correlation-stream-cores1,pcm_cha,drd_occupancy,SKT0C1,38,0.39421308208333333,request_seconds
correlation-stream-cores1,pcm_cha,drd_occupancy,SKT0C1,39,0.3945928175,request_seconds
correlation-stream-cores1,pcm_cha,drd_occupancy,SKT0C1,40,0.39448648125,request_seconds
correlation-stream-cores1,pcm_cha,drd_occupancy,SKT0C1,41,0.3940110866666667,request_seconds
correlation-stream-cores1,pcm_cha,drd_occupancy,SKT0C1,42,0.39406921666666667,request_seconds
correlation-stream-cores1,pcm_cha,drd_occupancy,SKT0C1,43,0.39470329125,request_seconds
correlation-stream-cores1,pcm_cha,drd_occupancy,SKT0C1,44,0.39455826791666665,request_seconds
correlation-stream-cores1,pcm_cha,drd_occupancy,SKT0C1,45,0.39419101625,request_seconds
correlation-stream-cores1,pcm_cha,drd_occupancy,SKT0C1,46,0.3941420941666667,request_seconds
correlation-stream-cores1,pcm_cha,drd_occupancy,SKT0C1,47,0.394157805,request_seconds
correlation-stream-cores1,pcm_cha,drd_occupancy,SKT0C1,48,0.39444191916666665,request_seconds
correlation-stream-cores1,pcm_cha,drd_occupancy,SKT0C1,49,0.3939970666666667,request_seconds
correlation-stream-cores1,pcm_cha,drd_occupancy,SKT0C1,50,0.39416501958333333,request_seconds
correlation-stream-cores1,pcm_cha,drd_occupancy,SKT0C1,51,0.39399887375,request_seconds
correlation-stream-cores1,pcm_cha,drd_occupancy,SKT0C1,52,0.3944528854166667,request_seconds
correlation-stream-cores1,pcm_cha,drd_occupancy,SKT0C1,53,0.39407533916666665,request_seconds
correlation-stream-cores1,pcm_cha,drd_occupancy,SKT0C1,54,0.3940686725,request_seconds
correlation-stream-cores1,pcm_cha,drd_occupancy,SKT0C1,55,0.39412134958333334,request_seconds
correlation-stream-cores1,pcm_cha,drd_occupancy,SKT0C1,56,0.3939907675,request_seconds
correlation-stream-cores1,pcm_cha,drd_occupancy,SKT0C1,57,0.39460382666666666,request_seconds
correlation-stream-cores1,pcm_cha,drd_occupancy,SKT0C1,58,0.394229495,request_seconds
correlation-stream-cores1,pcm_cha,drd_occupancy,SKT0C1,59,0.39414622833333335,request_seconds
correlation-stream-cores1,pcm_cha,drd_occupancy,SKT0C2,0,0.3886204904166667,request_seconds
correlation-stream-cores1,pcm_cha,drd_occupancy,SKT0C2,1,0.38869314708333336,request_seconds
correlation-stream-cores1,pcm_cha,drd_occupancy,SKT0C2,2,0.38859088875,request_seconds
correlation-stream-cores1,pcm_cha,drd_occupancy,SKT0C2,3,0.3884371104166667,request_seconds
correlation-stream-cores1,pcm_cha,drd_occupancy,SKT0C2,4,0.38880806208333335,request_seconds
correlation-stream-cores1,pcm_cha,drd_occupancy,SKT0C2,5,0.3884821883333333,request_seconds
correlation-stream-cores1,pcm_cha,drd_occupancy,SKT0C2,6,0.3884434375,request_seconds
correlation-stream-cores1,pcm_cha,drd_occupancy,SKT0C2,7,0.38845218291666667,request_seconds
correlation-stream-cores1,pcm_cha,drd_occupancy,SKT0C2,8,0.38902028208333334,request_seconds
correlation-stream-cores1,pcm_cha,drd_occupancy,SKT0C2,9,0.3883665229166667,request_seconds
correlation-stream-cores1,pcm_cha,drd_occupancy,SKT0C2,10,0.3882955895833333,request_seconds
correlation-stream-cores1,pcm_cha,drd_occupancy,SKT0C2,11,0.38834578875,request_seconds
correlation-stream-cores1,pcm_cha,drd_occupancy,SKT0C2,12,0.38839002,request_seconds
correlation-stream-cores1,pcm_cha,drd_occupancy,SKT0C2,13,0.38875028166666664,request_seconds
correlation-stream-cores1,pcm_cha,drd_occupancy,SKT0C2,14,0.3883208533333333,request_seconds
correlation-stream-cores1,pcm_cha,drd_occupancy,SKT0C2,15,0.38840303833333334,request_seconds
correlation-stream-cores1,pcm_cha,drd_occupancy,SKT0C2,16,0.3883344458333333,request_seconds
correlation-stream-cores1,pcm_cha,drd_occupancy,SKT0C2,17,0.38805061125,request_seconds
correlation-stream-cores1,pcm_cha,drd_occupancy,SKT0C2,18,0.3886618479166667,request_seconds
correlation-stream-cores1,pcm_cha,drd_occupancy,SKT0C2,19,0.38817181791666666,request_seconds
correlation-stream-cores1,pcm_cha,drd_occupancy,SKT0C2,20,0.3881673233333333,request_seconds
correlation-stream-cores1,pcm_cha,drd_occupancy,SKT0C2,21,0.38821253541666667,request_seconds
correlation-stream-cores1,pcm_cha,drd_occupancy,SKT0C2,22,0.3885433133333333,request_seconds
correlation-stream-cores1,pcm_cha,drd_occupancy,SKT0C2,23,0.38829100916666665,request_seconds
correlation-stream-cores1,pcm_cha,drd_occupancy,SKT0C2,24,0.3882964125,request_seconds
correlation-stream-cores1,pcm_cha,drd_occupancy,SKT0C2,25,0.38813223708333333,request_seconds
correlation-stream-cores1,pcm_cha,drd_occupancy,SKT0C2,26,0.3886912433333333,request_seconds
correlation-stream-cores1,pcm_cha,drd_occupancy,SKT0C2,27,0.38815889625,request_seconds
correlation-stream-cores1,pcm_cha,drd_occupancy,SKT0C2,28,0.38850505333333335,request_seconds
correlation-stream-cores1,pcm_cha,drd_occupancy,SKT0C2,29,0.38840946541666665,request_seconds
correlation-stream-cores1,pcm_cha,drd_occupancy,SKT0C2,30,0.3887135508333333,request_seconds
correlation-stream-cores1,pcm_cha,drd_occupancy,SKT0C2,31,0.3883898025,request_seconds
correlation-stream-cores1,pcm_cha,drd_occupancy,SKT0C2,32,0.3882875316666667,request_seconds
correlation-stream-cores1,pcm_cha,drd_occupancy,SKT0C2,33,0.3882699425,request_seconds
correlation-stream-cores1,pcm_cha,drd_occupancy,SKT0C2,34,0.38840803291666665,request_seconds
correlation-stream-cores1,pcm_cha,drd_occupancy,SKT0C2,35,0.38871069708333333,request_seconds
correlation-stream-cores1,pcm_cha,drd_occupancy,SKT0C2,36,0.38832649,request_seconds
correlation-stream-cores1,pcm_cha,drd_occupancy,SKT0C2,37,0.38813191333333336,request_seconds
correlation-stream-cores1,pcm_cha,drd_occupancy,SKT0C2,38,0.38820801916666664,request_seconds
correlation-stream-cores1,pcm_cha,drd_occupancy,SKT0C2,39,0.38864608208333334,request_seconds
correlation-stream-cores1,pcm_cha,drd_occupancy,SKT0C2,40,0.3885299354166667,request_seconds
correlation-stream-cores1,pcm_cha,drd_occupancy,SKT0C2,41,0.38802785458333333,request_seconds
correlation-stream-cores1,pcm_cha,drd_occupancy,SKT0C2,42,0.38816685916666666,request_seconds
correlation-stream-cores1,pcm_cha,drd_occupancy,SKT0C2,43,0.3888068995833333,request_seconds
correlation-stream-cores1,pcm_cha,drd_occupancy,SKT0C2,44,0.38867081666666664,request_seconds
correlation-stream-cores1,pcm_cha,drd_occupancy,SKT0C2,45,0.3882165891666667,request_seconds
correlation-stream-cores1,pcm_cha,drd_occupancy,SKT0C2,46,0.3881314954166667,request_seconds
correlation-stream-cores1,pcm_cha,drd_occupancy,SKT0C2,47,0.3882981020833333,request_seconds
correlation-stream-cores1,pcm_cha,drd_occupancy,SKT0C2,48,0.38851568125,request_seconds
correlation-stream-cores1,pcm_cha,drd_occupancy,SKT0C2,49,0.3880918975,request_seconds
correlation-stream-cores1,pcm_cha,drd_occupancy,SKT0C2,50,0.38820862666666667,request_seconds
correlation-stream-cores1,pcm_cha,drd_occupancy,SKT0C2,51,0.38810400666666667,request_seconds
correlation-stream-cores1,pcm_cha,drd_occupancy,SKT0C2,52,0.3885058575,request_seconds
correlation-stream-cores1,pcm_cha,drd_occupancy,SKT0C2,53,0.38808169,request_seconds
correlation-stream-cores1,pcm_cha,drd_occupancy,SKT0C2,54,0.3880046904166667,request_seconds
correlation-stream-cores1,pcm_cha,drd_occupancy,SKT0C2,55,0.38808819208333334,request_seconds
correlation-stream-cores1,pcm_cha,drd_occupancy,SKT0C2,56,0.38805781833333336,request_seconds
correlation-stream-cores1,pcm_cha,drd_occupancy,SKT0C2,57,0.38863594083333336,request_seconds
correlation-stream-cores1,pcm_cha,drd_occupancy,SKT0C2,58,0.38828083291666665,request_seconds
correlation-stream-cores1,pcm_cha,drd_occupancy,SKT0C2,59,0.388164685,request_seconds
correlation-stream-cores1,pcm_cha,drd_occupancy,SKT0C3,0,0.41519917875,request_seconds
correlation-stream-cores1,pcm_cha,drd_occupancy,SKT0C3,1,0.4153342279166667,request_seconds
correlation-stream-cores1,pcm_cha,drd_occupancy,SKT0C3,2,0.4151284604166667,request_seconds
correlation-stream-cores1,pcm_cha,drd_occupancy,SKT0C3,3,0.4150421804166667,request_seconds
correlation-stream-cores1,pcm_cha,drd_occupancy,SKT0C3,4,0.41538107916666667,request_seconds
correlation-stream-cores1,pcm_cha,drd_occupancy,SKT0C3,5,0.41507164125,request_seconds
correlation-stream-cores1,pcm_cha,drd_occupancy,SKT0C3,6,0.41507609458333333,request_seconds
correlation-stream-cores1,pcm_cha,drd_occupancy,SKT0C3,7,0.41505793916666667,request_seconds
correlation-stream-cores1,pcm_cha,drd_occupancy,SKT0C3,8,0.4155550679166667,request_seconds
correlation-stream-cores1,pcm_cha,drd_occupancy,SKT0C3,9,0.41507567125,request_seconds
correlation-stream-cores1,pcm_cha,drd_occupancy,SKT0C3,10,0.4148815725,request_seconds
correlation-stream-cores1,pcm_cha,drd_occupancy,SKT0C3,11,0.41490186375,request_seconds
correlation-stream-cores1,pcm_cha,drd_occupancy,SKT0C3,12,0.41504587291666667,request_seconds
correlation-stream-cores1,pcm_cha,drd_occupancy,SKT0C3,13,0.41547449833333333,request_seconds
correlation-stream-cores1,pcm_cha,drd_occupancy,SKT0C3,14,0.41495279875,request_seconds
correlation-stream-cores1,pcm_cha,drd_occupancy,SKT0C3,15,0.4149695975,request_seconds
correlation-stream-cores1,pcm_cha,drd_occupancy,SKT0C3,16,0.41485596875,request_seconds
correlation-stream-cores1,pcm_cha,drd_occupancy,SKT0C3,17,0.41472197708333336,request_seconds
correlation-stream-cores1,pcm_cha,drd_occupancy,SKT0C3,18,0.41525821416666664,request_seconds
correlation-stream-cores1,pcm_cha,drd_occupancy,SKT0C3,19,0.41469080875,request_seconds
correlation-stream-cores1,pcm_cha,drd_occupancy,SKT0C3,20,0.41484528625,request_seconds
correlation-stream-cores1,pcm_cha,drd_occupancy,SKT0C3,21,0.41483148833333333,request_seconds
correlation-stream-cores1,pcm_cha,drd_occupancy,SKT0C3,22,0.4151892325,request_seconds
correlation-stream-cores1,pcm_cha,drd_occupancy,SKT0C3,23,0.41485017041666666,request_seconds
correlation-stream-cores1,pcm_cha,drd_occupancy,SKT0C3,24,0.41476712375,request_seconds
correlation-stream-cores1,pcm_cha,drd_occupancy,SKT0C3,25,0.41466899625,request_seconds
correlation-stream-cores1,pcm_cha,drd_occupancy,SKT0C3,26,0.41526674291666665,request_seconds
correlation-stream-cores1,pcm_cha,drd_occupancy,SKT0C3,27,0.414778295,request_seconds
correlation-stream-cores1,pcm_cha,drd_occupancy,SKT0C3,28,0.4150314783333333,request_seconds
correlation-stream-cores1,pcm_cha,drd_occupancy,SKT0C3,29,0.41494322083333335,request_seconds
correlation-stream-cores1,pcm_cha,drd_occupancy,SKT0C3,30,0.4152956120833333,request_seconds
correlation-stream-cores1,pcm_cha,drd_occupancy,SKT0C3,31,0.41484647125,request_seconds
correlation-stream-cores1,pcm_cha,drd_occupancy,SKT0C3,32,0.41483409541666666,request_seconds
correlation-stream-cores1,pcm_cha,drd_occupancy,SKT0C3,33,0.4148587225,request_seconds
correlation-stream-cores1,pcm_cha,drd_occupancy,SKT0C3,34,0.4149648254166667,request_seconds
correlation-stream-cores1,pcm_cha,drd_occupancy,SKT0C3,35,0.41534696,request_seconds
correlation-stream-cores1,pcm_cha,drd_occupancy,SKT0C3,36,0.4148584458333333,request_seconds
correlation-stream-cores1,pcm_cha,drd_occupancy,SKT0C3,37,0.41472302541666667,request_seconds
correlation-stream-cores1,pcm_cha,drd_occupancy,SKT0C3,38,0.41482140458333333,request_seconds
correlation-stream-cores1,pcm_cha,drd_occupancy,SKT0C3,39,0.4152544658333333,request_seconds
correlation-stream-cores1,pcm_cha,drd_occupancy,SKT0C3,40,0.415114175,request_seconds
correlation-stream-cores1,pcm_cha,drd_occupancy,SKT0C3,41,0.4145739854166667,request_seconds
correlation-stream-cores1,pcm_cha,drd_occupancy,SKT0C3,42,0.4146282058333333,request_seconds
correlation-stream-cores1,pcm_cha,drd_occupancy,SKT0C3,43,0.41543085041666666,request_seconds
correlation-stream-cores1,pcm_cha,drd_occupancy,SKT0C3,44,0.41516060708333336,request_seconds
correlation-stream-cores1,pcm_cha,drd_occupancy,SKT0C3,45,0.4148719025,request_seconds
correlation-stream-cores1,pcm_cha,drd_occupancy,SKT0C3,46,0.41467063541666666,request_seconds
correlation-stream-cores1,pcm_cha,drd_occupancy,SKT0C3,47,0.41483622833333333,request_seconds
correlation-stream-cores1,pcm_cha,drd_occupancy,SKT0C3,48,0.4150910175,request_seconds
correlation-stream-cores1,pcm_cha,drd_occupancy,SKT0C3,49,0.4145771554166667,request_seconds
correlation-stream-cores1,pcm_cha,drd_occupancy,SKT0C3,50,0.4147787795833333,request_seconds
correlation-stream-cores1,pcm_cha,drd_occupancy,SKT0C3,51,0.41465955708333335,request_seconds
correlation-stream-cores1,pcm_cha,drd_occupancy,SKT0C3,52,0.4151294575,request_seconds
correlation-stream-cores1,pcm_cha,drd_occupancy,SKT0C3,53,0.41465812875,request_seconds
correlation-stream-cores1,pcm_cha,drd_occupancy,SKT0C3,54,0.4145702041666667,request_seconds
correlation-stream-cores1,pcm_cha,drd_occupancy,SKT0C3,55,0.41475220791666667,request_seconds
correlation-stream-cores1,pcm_cha,drd_occupancy,SKT0C3,56,0.41460079041666664,request_seconds
correlation-stream-cores1,pcm_cha,drd_occupancy,SKT0C3,57,0.41522996916666666,request_seconds
correlation-stream-cores1,pcm_cha,drd_occupancy,SKT0C3,58,0.41477220958333333,request_seconds
correlation-stream-cores1,pcm_cha,drd_occupancy,SKT0C3,59,0.41468005916666667,request_seconds
correlation-stream-cores1,pcm_cha,drd_occupancy,SKT0C4,0,0.2877277354166667,request_seconds
correlation-stream-cores1,pcm_cha,drd_occupancy,SKT0C4,1,0.28756887875,request_seconds
correlation-stream-cores1,pcm_cha,drd_occupancy,SKT0C4,2,0.28750194083333336,request_seconds
correlation-stream-cores1,pcm_cha,drd_occupancy,SKT0C4,3,0.2874941629166667,request_seconds
correlation-stream-cores1,pcm_cha,drd_occupancy,SKT0C4,4,0.2876545725,request_seconds
correlation-stream-cores1,pcm_cha,drd_occupancy,SKT0C4,5,0.28744620625,request_seconds
correlation-stream-cores1,pcm_cha,drd_occupancy,SKT0C4,6,0.2874711191666667,request_seconds
correlation-stream-cores1,pcm_cha,drd_occupancy,SKT0C4,7,0.28754466666666667,request_seconds
correlation-stream-cores1,pcm_cha,drd_occupancy,SKT0C4,8,0.2878568470833333,request_seconds
correlation-stream-cores1,pcm_cha,drd_occupancy,SKT0C4,9,0.28743865125,request_seconds
correlation-stream-cores1,pcm_cha,drd_occupancy,SKT0C4,10,0.28736466666666666,request_seconds
correlation-stream-cores1,pcm_cha,drd_occupancy,SKT0C4,11,0.28737412875,request_seconds
correlation-stream-cores1,pcm_cha,drd_occupancy,SKT0C4,12,0.28735972,request_seconds
correlation-stream-cores1,pcm_cha,drd_occupancy,SKT0C4,13,0.2877583154166667,request_seconds
correlation-stream-cores1,pcm_cha,drd_occupancy,SKT0C4,14,0.2873982104166667,request_seconds
correlation-stream-cores1,pcm_cha,drd_occupancy,SKT0C4,15,0.28735606,request_seconds
correlation-stream-cores1,pcm_cha,drd_occupancy,SKT0C4,16,0.28734542583333333,request_seconds
correlation-stream-cores1,pcm_cha,drd_occupancy,SKT0C4,17,0.28721623333333335,request_seconds
correlation-stream-cores1,pcm_cha,drd_occupancy,SKT0C4,18,0.2875375620833333,request_seconds
correlation-stream-cores1,pcm_cha,drd_occupancy,SKT0C4,19,0.28725166291666665,request_seconds
correlation-stream-cores1,pcm_cha,drd_occupancy,SKT0C4,20,0.2872646466666667,request_seconds
correlation-stream-cores1,pcm_cha,drd_occupancy,SKT0C4,21,0.28728769791666664,request_seconds
correlation-stream-cores1,pcm_cha,drd_occupancy,SKT0C4,22,0.28753507208333334,request_seconds
correlation-stream-cores1,pcm_cha,drd_occupancy,SKT0C4,23,0.2873179175,request_seconds
correlation-stream-cores1,pcm_cha,drd_occupancy,SKT0C4,24,0.28737541375,request_seconds
correlation-stream-cores1,pcm_cha,drd_occupancy,SKT0C4,25,0.2873050758333333,request_seconds
correlation-stream-cores1,pcm_cha,drd_occupancy,SKT0C4,26,0.2876209025,request_seconds
correlation-stream-cores1,pcm_cha,drd_occupancy,SKT0C4,27,0.28735765583333334,request_seconds
correlation-stream-cores1,pcm_cha,drd_occupancy,SKT0C4,28,0.28734634833333333,request_seconds
correlation-stream-cores1,pcm_cha,drd_occupancy,SKT0C4,29,0.2873241470833333,request_seconds
correlation-stream-cores1,pcm_cha,drd_occupancy,SKT0C4,30,0.28761584125,request_seconds
correlation-stream-cores1,pcm_cha,drd_occupancy,SKT0C4,31,0.28739862625,request_seconds
correlation-stream-cores1,pcm_cha,drd_occupancy,SKT0C4,32,0.28735409166666664,request_seconds
correlation-stream-cores1,pcm_cha,drd_occupancy,SKT0C4,33,0.28735627583333334,request_seconds
correlation-stream-cores1,pcm_cha,drd_occupancy,SKT0C4,34,0.2875489958333333,request_seconds
correlation-stream-cores1,pcm_cha,drd_occupancy,SKT0C4,35,0.28758835125,request_seconds
correlation-stream-cores1,pcm_cha,drd_occupancy,SKT0C4,36,0.28736147208333335,request_seconds
correlation-stream-cores1,pcm_cha,drd_occupancy,SKT0C4,37,0.28719586,request_seconds
correlation-stream-cores1,pcm_cha,drd_occupancy,SKT0C4,38,0.2873714225,request_seconds
correlation-stream-cores1,pcm_cha,drd_occupancy,SKT0C4,39,0.28759105125,request_seconds
correlation-stream-cores1,pcm_cha,drd_occupancy,SKT0C4,40,0.28754872375,request_seconds
correlation-stream-cores1,pcm_cha,drd_occupancy,SKT0C4,41,0.287210655,request_seconds
correlation-stream-cores1,pcm_cha,drd_occupancy,SKT0C4,42,0.28718325083333335,request_seconds
correlation-stream-cores1,pcm_cha,drd_occupancy,SKT0C4,43,0.28766924125,request_seconds
correlation-stream-cores1,pcm_cha,drd_occupancy,SKT0C4,44,0.2876115166666667,request_seconds
correlation-stream-cores1,pcm_cha,drd_occupancy,SKT0C4,45,0.28728868333333335,request_seconds
correlation-stream-cores1,pcm_cha,drd_occupancy,SKT0C4,46,0.2871275916666667,request_seconds
correlation-stream-cores1,pcm_cha,drd_occupancy,SKT0C4,47,0.28732274416666664,request_seconds
correlation-stream-cores1,pcm_cha,drd_occupancy,SKT0C4,48,0.28749164125,request_seconds
correlation-stream-cores1,pcm_cha,drd_occupancy,SKT0C4,49,0.28713281166666665,request_seconds
correlation-stream-cores1,pcm_cha,drd_occupancy,SKT0C4,50,0.2872851458333333,request_seconds
correlation-stream-cores1,pcm_cha,drd_occupancy,SKT0C4,51,0.28711064833333333,request_seconds
correlation-stream-cores1,pcm_cha,drd_occupancy,SKT0C4,52,0.2875451391666667,request_seconds
correlation-stream-cores1,pcm_cha,drd_occupancy,SKT0C4,53,0.28717383916666667,request_seconds
correlation-stream-cores1,pcm_cha,drd_occupancy,SKT0C4,54,0.2871897945833333,request_seconds
correlation-stream-cores1,pcm_cha,drd_occupancy,SKT0C4,55,0.28726253583333333,request_seconds
correlation-stream-cores1,pcm_cha,drd_occupancy,SKT0C4,56,0.28714738208333335,request_seconds
correlation-stream-cores1,pcm_cha,drd_occupancy,SKT0C4,57,0.2875825329166667,request_seconds
correlation-stream-cores1,pcm_cha,drd_occupancy,SKT0C4,58,0.2872734516666667,request_seconds
correlation-stream-cores1,pcm_cha,drd_occupancy,SKT0C4,59,0.2873134625,request_seconds
correlation-stream-cores1,pcm_cha,drd_occupancy,SKT0C5,0,0.3253707341666667,request_seconds
correlation-stream-cores1,pcm_cha,drd_occupancy,SKT0C5,1,0.32535529625,request_seconds
correlation-stream-cores1,pcm_cha,drd_occupancy,SKT0C5,2,0.3251099708333333,request_seconds
correlation-stream-cores1,pcm_cha,drd_occupancy,SKT0C5,3,0.32518475125,request_seconds
correlation-stream-cores1,pcm_cha,drd_occupancy,SKT0C5,4,0.3253963470833333,request_seconds
correlation-stream-cores1,pcm_cha,drd_occupancy,SKT0C5,5,0.3251684529166667,request_seconds
correlation-stream-cores1,pcm_cha,drd_occupancy,SKT0C5,6,0.3251353875,request_seconds
correlation-stream-cores1,pcm_cha,drd_occupancy,SKT0C5,7,0.32519460916666665,request_seconds
correlation-stream-cores1,pcm_cha,drd_occupancy,SKT0C5,8,0.32558238625,request_seconds
correlation-stream-cores1,pcm_cha,drd_occupancy,SKT0C5,9,0.325130585,request_seconds
correlation-stream-cores1,pcm_cha,drd_occupancy,SKT0C5,10,0.3250232325,request_seconds
correlation-stream-cores1,pcm_cha,drd_occupancy,SKT0C5,11,0.3250781120833333,request_seconds
correlation-stream-cores1,pcm_cha,drd_occupancy,SKT0C5,12,0.32503774166666666,request_seconds
correlation-stream-cores1,pcm_cha,drd_occupancy,SKT0C5,13,0.32541469916666665,request_seconds
correlation-stream-cores1,pcm_cha,drd_occupancy,SKT0C5,14,0.32498658625,request_seconds
correlation-stream-cores1,pcm_cha,drd_occupancy,SKT0C5,15,0.32503766375,request_seconds
correlation-stream-cores1,pcm_cha,drd_occupancy,SKT0C5,16,0.32505582541666667,request_seconds
correlation-stream-cores1,pcm_cha,drd_occupancy,SKT0C5,17,0.32488036875,request_seconds
correlation-stream-cores1,pcm_cha,drd_occupancy,SKT0C5,18,0.3252502220833333,request_seconds
correlation-stream-cores1,pcm_cha,drd_occupancy,SKT0C5,19,0.3249227704166667,request_seconds
correlation-stream-cores1,pcm_cha,drd_occupancy,SKT0C5,20,0.32497765041666665,request_seconds
correlation-stream-cores1,pcm_cha,drd_occupancy,SKT0C5,21,0.32497119625,request_seconds
correlation-stream-cores1,pcm_cha,drd_occupancy,SKT0C5,22,0.3252387125,request_seconds
correlation-stream-cores1,pcm_cha,drd_occupancy,SKT0C5,23,0.32491560541666664,request_seconds
correlation-stream-cores1,pcm_cha,drd_occupancy,SKT0C5,24,0.3249851745833333,request_seconds
correlation-stream-cores1,pcm_cha,drd_occupancy,SKT0C5,25,0.3249731791666667,request_seconds
correlation-stream-cores1,pcm_cha,drd_occupancy,SKT0C5,26,0.32528960291666664,request_seconds
correlation-stream-cores1,pcm_cha,drd_occupancy,SKT0C5,27,0.3249685654166667,request_seconds
correlation-stream-cores1,pcm_cha,drd_occupancy,SKT0C5,28,0.32500907125,request_seconds
correlation-stream-cores1,pcm_cha,drd_occupancy,SKT0C5,29,0.32506678083333335,request_seconds
correlation-stream-cores1,pcm_cha,drd_occupancy,SKT0C5,30,0.32533057833333334,request_seconds
correlation-stream-cores1,pcm_cha,drd_occupancy,SKT0C5,31,0.3250655691666667,request_seconds
correlation-stream-cores1,pcm_cha,drd_occupancy,SKT0C5,32,0.32507167125,request_seconds
correlation-stream-cores1,pcm_cha,drd_occupancy,SKT0C5,33,0.3250642341666667,request_seconds
correlation-stream-cores1,pcm_cha,drd_occupancy,SKT0C5,34,0.3251421554166667,request_seconds
correlation-stream-cores1,pcm_cha,drd_occupancy,SKT0C5,35,0.3253120120833333,request_seconds
correlation-stream-cores1,pcm_cha,drd_occupancy,SKT0C5,36,0.3250736095833333,request_seconds
correlation-stream-cores1,pcm_cha,drd_occupancy,SKT0C5,37,0.32478953625,request_seconds
correlation-stream-cores1,pcm_cha,drd_occupancy,SKT0C5,38,0.3249765408333333,request_seconds
correlation-stream-cores1,pcm_cha,drd_occupancy,SKT0C5,39,0.32530319375,request_seconds
correlation-stream-cores1,pcm_cha,drd_occupancy,SKT0C5,40,0.32517094583333334,request_seconds
correlation-stream-cores1,pcm_cha,drd_occupancy,SKT0C5,41,0.3248351091666667,request_seconds
correlation-stream-cores1,pcm_cha,drd_occupancy,SKT0C5,42,0.324902195,request_seconds
correlation-stream-cores1,pcm_cha,drd_occupancy,SKT0C5,43,0.32537954291666665,request_seconds
correlation-stream-cores1,pcm_cha,drd_occupancy,SKT0C5,44,0.32526959208333334,request_seconds
correlation-stream-cores1,pcm_cha,drd_occupancy,SKT0C5,45,0.32498099625,request_seconds
correlation-stream-cores1,pcm_cha,drd_occupancy,SKT0C5,46,0.32480681083333335,request_seconds
correlation-stream-cores1,pcm_cha,drd_occupancy,SKT0C5,47,0.32496307875,request_seconds
correlation-stream-cores1,pcm_cha,drd_occupancy,SKT0C5,48,0.3251463420833333,request_seconds
correlation-stream-cores1,pcm_cha,drd_occupancy,SKT0C5,49,0.32487612125,request_seconds
correlation-stream-cores1,pcm_cha,drd_occupancy,SKT0C5,50,0.32494030125,request_seconds
correlation-stream-cores1,pcm_cha,drd_occupancy,SKT0C5,51,0.3247688183333333,request_seconds
correlation-stream-cores1,pcm_cha,drd_occupancy,SKT0C5,52,0.32524398708333335,request_seconds
correlation-stream-cores1,pcm_cha,drd_occupancy,SKT0C5,53,0.3248364570833333,request_seconds
correlation-stream-cores1,pcm_cha,drd_occupancy,SKT0C5,54,0.3248527320833333,request_seconds
correlation-stream-cores1,pcm_cha,drd_occupancy,SKT0C5,55,0.32481906833333335,request_seconds
correlation-stream-cores1,pcm_cha,drd_occupancy,SKT0C5,56,0.3247676395833333,request_seconds
correlation-stream-cores1,pcm_cha,drd_occupancy,SKT0C5,57,0.3253553370833333,request_seconds
correlation-stream-cores1,pcm_cha,drd_occupancy,SKT0C5,58,0.324942035,request_seconds
correlation-stream-cores1,pcm_cha,drd_occupancy,SKT0C5,59,0.32500016,request_seconds
correlation-stream-cores1,pcm_cha,drd_occupancy,SKT0C6,0,0.40846502166666665,request_seconds
correlation-stream-cores1,pcm_cha,drd_occupancy,SKT0C6,1,0.4084747529166667,request_seconds
correlation-stream-cores1,pcm_cha,drd_occupancy,SKT0C6,2,0.40834256875,request_seconds
correlation-stream-cores1,pcm_cha,drd_occupancy,SKT0C6,3,0.4083819170833333,request_seconds
correlation-stream-cores1,pcm_cha,drd_occupancy,SKT0C6,4,0.40870605,request_seconds
correlation-stream-cores1,pcm_cha,drd_occupancy,SKT0C6,5,0.4082616145833333,request_seconds
correlation-stream-cores1,pcm_cha,drd_occupancy,SKT0C6,6,0.40829356791666666,request_seconds
correlation-stream-cores1,pcm_cha,drd_occupancy,SKT0C6,7,0.40840459208333335,request_seconds
correlation-stream-cores1,pcm_cha,drd_occupancy,SKT0C6,8,0.40887095,request_seconds
correlation-stream-cores1,pcm_cha,drd_occupancy,SKT0C6,9,0.40828557,request_seconds
correlation-stream-cores1,pcm_cha,drd_occupancy,SKT0C6,10,0.4081153575,request_seconds
correlation-stream-cores1,pcm_cha,drd_occupancy,SKT0C6,11,0.40825933291666666,request_seconds
correlation-stream-cores1,pcm_cha,drd_occupancy,SKT0C6,12,0.40821251375,request_seconds
correlation-stream-cores1,pcm_cha,drd_occupancy,SKT0C6,13,0.40868515666666666,request_seconds
correlation-stream-cores1,pcm_cha,drd_occupancy,SKT0C6,14,0.40820690416666666,request_seconds
correlation-stream-cores1,pcm_cha,drd_occupancy,SKT0C6,15,0.40813851916666666,request_seconds
correlation-stream-cores1,pcm_cha,drd_occupancy,SKT0C6,16,0.40815823166666665,request_seconds
correlation-stream-cores1,pcm_cha,drd_occupancy,SKT0C6,17,0.4079899775,request_seconds
correlation-stream-cores1,pcm_cha,drd_occupancy,SKT0C6,18,0.40850750333333335,request_seconds
correlation-stream-cores1,pcm_cha,drd_occupancy,SKT0C6,19,0.40801292916666665,request_seconds
correlation-stream-cores1,pcm_cha,drd_occupancy,SKT0C6,20,0.40797912166666667,request_seconds
correlation-stream-cores1,pcm_cha,drd_occupancy,SKT0C6,21,0.40808179041666665,request_seconds
correlation-stream-cores1,pcm_cha,drd_occupancy,SKT0C6,22,0.40843193791666665,request_seconds
correlation-stream-cores1,pcm_cha,drd_occupancy,SKT0C6,23,0.40801860291666664,request_seconds
correlation-stream-cores1,pcm_cha,drd_occupancy,SKT0C6,24,0.4081208575,request_seconds
correlation-stream-cores1,pcm_cha,drd_occupancy,SKT0C6,25,0.40808313291666665,request_seconds
correlation-stream-cores1,pcm_cha,drd_occupancy,SKT0C6,26,0.408547225,request_seconds
correlation-stream-cores1,pcm_cha,drd_occupancy,SKT0C6,27,0.4082550575,request_seconds
correlation-stream-cores1,pcm_cha,drd_occupancy,SKT0C6,28,0.4082894358333333,request_seconds
correlation-stream-cores1,pcm_cha,drd_occupancy,SKT0C6,29,0.40818833666666665,request_seconds
correlation-stream-cores1,pcm_cha,drd_occupancy,SKT0C6,30,0.4086050391666667,request_seconds
correlation-stream-cores1,pcm_cha,drd_occupancy,SKT0C6,31,0.40821633,request_seconds
correlation-stream-cores1,pcm_cha,drd_occupancy,SKT0C6,32,0.40823846291666666,request_seconds
correlation-stream-cores1,pcm_cha,drd_occupancy,SKT0C6,33,0.40823681166666664,request_seconds
correlation-stream-cores1,pcm_cha,drd_occupancy,SKT0C6,34,0.4083634483333333,request_seconds
correlation-stream-cores1,pcm_cha,drd_occupancy,SKT0C6,35,0.40848272291666665,request_seconds
correlation-stream-cores1,pcm_cha,drd_occupancy,SKT0C6,36,0.40827584375,request_seconds
correlation-stream-cores1,pcm_cha,drd_occupancy,SKT0C6,37,0.40792433208333334,request_seconds
correlation-stream-cores1,pcm_cha,drd_occupancy,SKT0C6,38,0.4082128670833333,request_seconds
correlation-stream-cores1,pcm_cha,drd_occupancy,SKT0C6,39,0.40852771083333334,request_seconds
correlation-stream-cores1,pcm_cha,drd_occupancy,SKT0C6,40,0.40840037625,request_seconds
correlation-stream-cores1,pcm_cha,drd_occupancy,SKT0C6,41,0.40796528958333333,request_seconds
correlation-stream-cores1,pcm_cha,drd_occupancy,SKT0C6,42,0.40803221666666667,request_seconds
correlation-stream-cores1,pcm_cha,drd_occupancy,SKT0C6,43,0.40852834125,request_seconds
correlation-stream-cores1,pcm_cha,drd_occupancy,SKT0C6,44,0.4084973245833333,request_seconds
correlation-stream-cores1,pcm_cha,drd_occupancy,SKT0C6,45,0.40801916666666666,request_seconds
correlation-stream-cores1,pcm_cha,drd_occupancy,SKT0C6,46,0.40795028083333335,request_seconds
correlation-stream-cores1,pcm_cha,drd_occupancy,SKT0C6,47,0.40801728375,request_seconds
correlation-stream-cores1,pcm_cha,drd_occupancy,SKT0C6,48,0.40830052541666667,request_seconds
correlation-stream-cores1,pcm_cha,drd_occupancy,SKT0C6,49,0.40794493416666666,request_seconds
correlation-stream-cores1,pcm_cha,drd_occupancy,SKT0C6,50,0.40807063375,request_seconds
correlation-stream-cores1,pcm_cha,drd_occupancy,SKT0C6,51,0.4077691683333333,request_seconds
correlation-stream-cores1,pcm_cha,drd_occupancy,SKT0C6,52,0.408408935,request_seconds
correlation-stream-cores1,pcm_cha,drd_occupancy,SKT0C6,53,0.407936355,request_seconds
correlation-stream-cores1,pcm_cha,drd_occupancy,SKT0C6,54,0.40788860375,request_seconds
correlation-stream-cores1,pcm_cha,drd_occupancy,SKT0C6,55,0.40800456375,request_seconds
correlation-stream-cores1,pcm_cha,drd_occupancy,SKT0C6,56,0.40778635333333335,request_seconds
correlation-stream-cores1,pcm_cha,drd_occupancy,SKT0C6,57,0.4086053325,request_seconds
correlation-stream-cores1,pcm_cha,drd_occupancy,SKT0C6,58,0.4081676025,request_seconds
correlation-stream-cores1,pcm_cha,drd_occupancy,SKT0C6,59,0.40811771708333333,request_seconds
correlation-stream-cores1,pcm_cha,drd_occupancy,SKT0C7,0,0.3770561329166667,request_seconds
correlation-stream-cores1,pcm_cha,drd_occupancy,SKT0C7,1,0.37700722166666667,request_seconds
correlation-stream-cores1,pcm_cha,drd_occupancy,SKT0C7,2,0.37682276416666666,request_seconds
correlation-stream-cores1,pcm_cha,drd_occupancy,SKT0C7,3,0.3769129608333333,request_seconds
correlation-stream-cores1,pcm_cha,drd_occupancy,SKT0C7,4,0.37710788375,request_seconds
correlation-stream-cores1,pcm_cha,drd_occupancy,SKT0C7,5,0.3768706783333333,request_seconds
correlation-stream-cores1,pcm_cha,drd_occupancy,SKT0C7,6,0.37677500416666665,request_seconds
correlation-stream-cores1,pcm_cha,drd_occupancy,SKT0C7,7,0.3768722654166667,request_seconds
correlation-stream-cores1,pcm_cha,drd_occupancy,SKT0C7,8,0.3773013941666667,request_seconds
correlation-stream-cores1,pcm_cha,drd_occupancy,SKT0C7,9,0.37685406708333336,request_seconds
correlation-stream-cores1,pcm_cha,drd_occupancy,SKT0C7,10,0.3767374491666667,request_seconds
correlation-stream-cores1,pcm_cha,drd_occupancy,SKT0C7,11,0.37678654333333333,request_seconds
correlation-stream-cores1,pcm_cha,drd_occupancy,SKT0C7,12,0.37666246666666664,request_seconds
correlation-stream-cores1,pcm_cha,drd_occupancy,SKT0C7,13,0.3771264820833333,request_seconds
correlation-stream-cores1,pcm_cha,drd_occupancy,SKT0C7,14,0.37662818125,request_seconds
correlation-stream-cores1,pcm_cha,drd_occupancy,SKT0C7,15,0.3766921179166667,request_seconds
correlation-stream-cores1,pcm_cha,drd_occupancy,SKT0C7,16,0.37674287791666666,request_seconds
correlation-stream-cores1,pcm_cha,drd_occupancy,SKT0C7,17,0.3765827333333333,request_seconds
correlation-stream-cores1,pcm_cha,drd_occupancy,SKT0C7,18,0.37698771375,request_seconds
correlation-stream-cores1,pcm_cha,drd_occupancy,SKT0C7,19,0.37656013791666665,request_seconds
correlation-stream-cores1,pcm_cha,drd_occupancy,SKT0C7,20,0.37662254625,request_seconds
correlation-stream-cores1,pcm_cha,drd_occupancy,SKT0C7,21,0.37662535708333333,request_seconds
correlation-stream-cores1,pcm_cha,drd_occupancy,SKT0C7,22,0.37694880625,request_seconds
correlation-stream-cores1,pcm_cha,drd_occupancy,SKT0C7,23,0.37655005708333333,request_seconds
correlation-stream-cores1,pcm_cha,drd_occupancy,SKT0C7,24,0.37663004,request_seconds
correlation-stream-cores1,pcm_cha,drd_occupancy,SKT0C7,25,0.3766213045833333,request_seconds
correlation-stream-cores1,pcm_cha,drd_occupancy,SKT0C7,26,0.3770265175,request_seconds
correlation-stream-cores1,pcm_cha,drd_occupancy,SKT0C7,27,0.37668963208333334,request_seconds
correlation-stream-cores1,pcm_cha,drd_occupancy,SKT0C7,28,0.37676717833333334,request_seconds
correlation-stream-cores1,pcm_cha,drd_occupancy,SKT0C7,29,0.37671559625,request_seconds
correlation-stream-cores1,pcm_cha,drd_occupancy,SKT0C7,30,0.3770689566666667,request_seconds
correlation-stream-cores1,pcm_cha,drd_occupancy,SKT0C7,31,0.37672071583333333,request_seconds
correlation-stream-cores1,pcm_cha,drd_occupancy,SKT0C7,32,0.3766916441666667,request_seconds
correlation-stream-cores1,pcm_cha,drd_occupancy,SKT0C7,33,0.37667571666666666,request_seconds
correlation-stream-cores1,pcm_cha,drd_occupancy,SKT0C7,34,0.37683196416666664,request_seconds
correlation-stream-cores1,pcm_cha,drd_occupancy,SKT0C7,35,0.3770215216666667,request_seconds
correlation-stream-cores1,pcm_cha,drd_occupancy,SKT0C7,36,0.37677321875,request_seconds
correlation-stream-cores1,pcm_cha,drd_occupancy,SKT0C7,37,0.37648238333333334,request_seconds
correlation-stream-cores1,pcm_cha,drd_occupancy,SKT0C7,38,0.37668060541666665,request_seconds
correlation-stream-cores1,pcm_cha,drd_occupancy,SKT0C7,39,0.3770565891666667,request_seconds
correlation-stream-cores1,pcm_cha,drd_occupancy,SKT0C7,40,0.3768818225,request_seconds
correlation-stream-cores1,pcm_cha,drd_occupancy,SKT0C7,41,0.3764085108333333,request_seconds
correlation-stream-cores1,pcm_cha,drd_occupancy,SKT0C7,42,0.37654060125,request_seconds
correlation-stream-cores1,pcm_cha,drd_occupancy,SKT0C7,43,0.37702654333333335,request_seconds
correlation-stream-cores1,pcm_cha,drd_occupancy,SKT0C7,44,0.3770112770833333,request_seconds
correlation-stream-cores1,pcm_cha,drd_occupancy,SKT0C7,45,0.3765544925,request_seconds
correlation-stream-cores1,pcm_cha,drd_occupancy,SKT0C7,46,0.37659685583333335,request_seconds
correlation-stream-cores1,pcm_cha,drd_occupancy,SKT0C7,47,0.37658833833333333,request_seconds
correlation-stream-cores1,pcm_cha,drd_occupancy,SKT0C7,48,0.37685057625,request_seconds
correlation-stream-cores1,pcm_cha,drd_occupancy,SKT0C7,49,0.37649834791666664,request_seconds
correlation-stream-cores1,pcm_cha,drd_occupancy,SKT0C7,50,0.37656921958333334,request_seconds
correlation-stream-cores1,pcm_cha,drd_occupancy,SKT0C7,51,0.37637391125,request_seconds
correlation-stream-cores1,pcm_cha,drd_occupancy,SKT0C7,52,0.37696913625,request_seconds
correlation-stream-cores1,pcm_cha,drd_occupancy,SKT0C7,53,0.37652837541666667,request_seconds
correlation-stream-cores1,pcm_cha,drd_occupancy,SKT0C7,54,0.3764960975,request_seconds
correlation-stream-cores1,pcm_cha,drd_occupancy,SKT0C7,55,0.37654689333333335,request_seconds
correlation-stream-cores1,pcm_cha,drd_occupancy,SKT0C7,56,0.3764960654166667,request_seconds
correlation-stream-cores1,pcm_cha,drd_occupancy,SKT0C7,57,0.37703352916666666,request_seconds
correlation-stream-cores1,pcm_cha,drd_occupancy,SKT0C7,58,0.37665154041666665,request_seconds
correlation-stream-cores1,pcm_cha,drd_occupancy,SKT0C7,59,0.3767003525,request_seconds
correlation-stream-cores1,pcm_cha,drd_occupancy,SKT0C8,0,0.37913421,request_seconds
correlation-stream-cores1,pcm_cha,drd_occupancy,SKT0C8,1,0.37913718583333333,request_seconds
correlation-stream-cores1,pcm_cha,drd_occupancy,SKT0C8,2,0.37896146125,request_seconds
correlation-stream-cores1,pcm_cha,drd_occupancy,SKT0C8,3,0.37895759333333334,request_seconds
correlation-stream-cores1,pcm_cha,drd_occupancy,SKT0C8,4,0.3793099425,request_seconds
correlation-stream-cores1,pcm_cha,drd_occupancy,SKT0C8,5,0.37896432208333336,request_seconds
correlation-stream-cores1,pcm_cha,drd_occupancy,SKT0C8,6,0.37890526333333335,request_seconds
correlation-stream-cores1,pcm_cha,drd_occupancy,SKT0C8,7,0.3790132783333333,request_seconds
correlation-stream-cores1,pcm_cha,drd_occupancy,SKT0C8,8,0.37952233875,request_seconds
correlation-stream-cores1,pcm_cha,drd_occupancy,SKT0C8,9,0.3788814741666667,request_seconds
correlation-stream-cores1,pcm_cha,drd_occupancy,SKT0C8,10,0.37875493083333334,request_seconds
correlation-stream-cores1,pcm_cha,drd_occupancy,SKT0C8,11,0.3787886079166667,request_seconds
correlation-stream-cores1,pcm_cha,drd_occupancy,SKT0C8,12,0.3788158641666667,request_seconds
correlation-stream-cores1,pcm_cha,drd_occupancy,SKT0C8,13,0.3792882083333333,request_seconds
correlation-stream-cores1,pcm_cha,drd_occupancy,SKT0C8,14,0.37877001541666666,request_seconds
correlation-stream-cores1,pcm_cha,drd_occupancy,SKT0C8,15,0.3787528291666667,request_seconds
correlation-stream-cores1,pcm_cha,drd_occupancy,SKT0C8,16,0.378760525,request_seconds
correlation-stream-cores1,pcm_cha,drd_occupancy,SKT0C8,17,0.37860935875,request_seconds
correlation-stream-cores1,pcm_cha,drd_occupancy,SKT0C8,18,0.3790352825,request_seconds
correlation-stream-cores1,pcm_cha,drd_occupancy,SKT0C8,19,0.37858358166666667,request_seconds
correlation-stream-cores1,pcm_cha,drd_occupancy,SKT0C8,20,0.37868618375,request_seconds
correlation-stream-cores1,pcm_cha,drd_occupancy,SKT0C8,21,0.37869494458333336,request_seconds
correlation-stream-cores1,pcm_cha,drd_occupancy,SKT0C8,22,0.3791409054166667,request_seconds
correlation-stream-cores1,pcm_cha,drd_occupancy,SKT0C8,23,0.37867763583333336,request_seconds
correlation-stream-cores1,pcm_cha,drd_occupancy,SKT0C8,24,0.37876970541666666,request_seconds
correlation-stream-cores1,pcm_cha,drd_occupancy,SKT0C8,25,0.37874667875,request_seconds
correlation-stream-cores1,pcm_cha,drd_occupancy,SKT0C8,26,0.37912569625,request_seconds
correlation-stream-cores1,pcm_cha,drd_occupancy,SKT0C8,27,0.37872129833333334,request_seconds
correlation-stream-cores1,pcm_cha,drd_occupancy,SKT0C8,28,0.3788852091666667,request_seconds
correlation-stream-cores1,pcm_cha,drd_occupancy,SKT0C8,29,0.37881592583333334,request_seconds
correlation-stream-cores1,pcm_cha,drd_occupancy,SKT0C8,30,0.3791438075,request_seconds
correlation-stream-cores1,pcm_cha,drd_occupancy,SKT0C8,31,0.3788121841666667,request_seconds
correlation-stream-cores1,pcm_cha,drd_occupancy,SKT0C8,32,0.3788271916666667,request_seconds
correlation-stream-cores1,pcm_cha,drd_occupancy,SKT0C8,33,0.37882392875,request_seconds
correlation-stream-cores1,pcm_cha,drd_occupancy,SKT0C8,34,0.37896892708333335,request_seconds
correlation-stream-cores1,pcm_cha,drd_occupancy,SKT0C8,35,0.3791066441666667,request_seconds
correlation-stream-cores1,pcm_cha,drd_occupancy,SKT0C8,36,0.37888843875,request_seconds
correlation-stream-cores1,pcm_cha,drd_occupancy,SKT0C8,37,0.37847024041666666,request_seconds
correlation-stream-cores1,pcm_cha,drd_occupancy,SKT0C8,38,0.37884196,request_seconds
correlation-stream-cores1,pcm_cha,drd_occupancy,SKT0C8,39,0.3791223704166667,request_seconds
correlation-stream-cores1,pcm_cha,drd_occupancy,SKT0C8,40,0.3789635704166667,request_seconds
correlation-stream-cores1,pcm_cha,drd_occupancy,SKT0C8,41,0.3786295604166667,request_seconds
correlation-stream-cores1,pcm_cha,drd_occupancy,SKT0C8,42,0.37874078041666664,request_seconds
correlation-stream-cores1,pcm_cha,drd_occupancy,SKT0C8,43,0.37919497583333334,request_seconds
correlation-stream-cores1,pcm_cha,drd_occupancy,SKT0C8,44,0.3791069720833333,request_seconds
correlation-stream-cores1,pcm_cha,drd_occupancy,SKT0C8,45,0.37867997291666666,request_seconds
correlation-stream-cores1,pcm_cha,drd_occupancy,SKT0C8,46,0.37861664666666667,request_seconds
correlation-stream-cores1,pcm_cha,drd_occupancy,SKT0C8,47,0.3786814391666667,request_seconds
correlation-stream-cores1,pcm_cha,drd_occupancy,SKT0C8,48,0.378946475,request_seconds
correlation-stream-cores1,pcm_cha,drd_occupancy,SKT0C8,49,0.37855967,request_seconds
correlation-stream-cores1,pcm_cha,drd_occupancy,SKT0C8,50,0.37869649333333333,request_seconds
correlation-stream-cores1,pcm_cha,drd_occupancy,SKT0C8,51,0.37850196125,request_seconds
correlation-stream-cores1,pcm_cha,drd_occupancy,SKT0C8,52,0.37902739333333335,request_seconds
correlation-stream-cores1,pcm_cha,drd_occupancy,SKT0C8,53,0.37866023416666666,request_seconds
correlation-stream-cores1,pcm_cha,drd_occupancy,SKT0C8,54,0.37860836708333334,request_seconds
correlation-stream-cores1,pcm_cha,drd_occupancy,SKT0C8,55,0.3787064954166667,request_seconds
correlation-stream-cores1,pcm_cha,drd_occupancy,SKT0C8,56,0.3785561941666667,request_seconds
correlation-stream-cores1,pcm_cha,drd_occupancy,SKT0C8,57,0.37918168333333335,request_seconds
correlation-stream-cores1,pcm_cha,drd_occupancy,SKT0C8,58,0.37870994458333335,request_seconds
correlation-stream-cores1,pcm_cha,drd_occupancy,SKT0C8,59,0.3787854770833333,request_seconds
correlation-stream-cores1,pcm_cha,drd_occupancy,SKT0C9,0,0.39536125083333334,request_seconds
correlation-stream-cores1,pcm_cha,drd_occupancy,SKT0C9,1,0.39538851708333334,request_seconds
correlation-stream-cores1,pcm_cha,drd_occupancy,SKT0C9,2,0.3951063,request_seconds
correlation-stream-cores1,pcm_cha,drd_occupancy,SKT0C9,3,0.3951651420833333,request_seconds
correlation-stream-cores1,pcm_cha,drd_occupancy,SKT0C9,4,0.3953726225,request_seconds
correlation-stream-cores1,pcm_cha,drd_occupancy,SKT0C9,5,0.39515789916666666,request_seconds
correlation-stream-cores1,pcm_cha,drd_occupancy,SKT0C9,6,0.39508130041666667,request_seconds
correlation-stream-cores1,pcm_cha,drd_occupancy,SKT0C9,7,0.39520412,request_seconds
correlation-stream-cores1,pcm_cha,drd_occupancy,SKT0C9,8,0.39574691166666665,request_seconds
correlation-stream-cores1,pcm_cha,drd_occupancy,SKT0C9,9,0.39513392125,request_seconds
correlation-stream-cores1,pcm_cha,drd_occupancy,SKT0C9,10,0.39505602208333335,request_seconds
correlation-stream-cores1,pcm_cha,drd_occupancy,SKT0C9,11,0.39504309708333335,request_seconds
correlation-stream-cores1,pcm_cha,drd_occupancy,SKT0C9,12,0.39506049,request_seconds
correlation-stream-cores1,pcm_cha,drd_occupancy,SKT0C9,13,0.39543807625,request_seconds
correlation-stream-cores1,pcm_cha,drd_occupancy,SKT0C9,14,0.3950696170833333,request_seconds
correlation-stream-cores1,pcm_cha,drd_occupancy,SKT0C9,15,0.3950323275,request_seconds
correlation-stream-cores1,pcm_cha,drd_occupancy,SKT0C9,16,0.3950365604166667,request_seconds
correlation-stream-cores1,pcm_cha,drd_occupancy,SKT0C9,17,0.39487202416666667,request_seconds
correlation-stream-cores1,pcm_cha,drd_occupancy,SKT0C9,18,0.39539204375,request_seconds
correlation-stream-cores1,pcm_cha,drd_occupancy,SKT0C9,19,0.39483092375,request_seconds
correlation-stream-cores1,pcm_cha,drd_occupancy,SKT0C9,20,0.39489052041666667,request_seconds
correlation-stream-cores1,pcm_cha,drd_occupancy,SKT0C9,21,0.3949323533333333,request_seconds
correlation-stream-cores1,pcm_cha,drd_occupancy,SKT0C9,22,0.39532070041666667,request_seconds
correlation-stream-cores1,pcm_cha,drd_occupancy,SKT0C9,23,0.39491220958333334,request_seconds
correlation-stream-cores1,pcm_cha,drd_occupancy,SKT0C9,24,0.3949599475,request_seconds
correlation-stream-cores1,pcm_cha,drd_occupancy,SKT0C9,25,0.39489573791666666,request_seconds
correlation-stream-cores1,pcm_cha,drd_occupancy,SKT0C9,26,0.3953713375,request_seconds
correlation-stream-cores1,pcm_cha,drd_occupancy,SKT0C9,27,0.39496405375,request_seconds
correlation-stream-cores1,pcm_cha,drd_occupancy,SKT0C9,28,0.3951151679166667,request_seconds
correlation-stream-cores1,pcm_cha,drd_occupancy,SKT0C9,29,0.3950190983333333,request_seconds
correlation-stream-cores1,pcm_cha,drd_occupancy,SKT0C9,30,0.3954585075,request_seconds
correlation-stream-cores1,pcm_cha,drd_occupancy,SKT0C9,31,0.39500990291666666,request_seconds
correlation-stream-cores1,pcm_cha,drd_occupancy,SKT0C9,32,0.39516081291666666,request_seconds
correlation-stream-cores1,pcm_cha,drd_occupancy,SKT0C9,33,0.3950722583333333,request_seconds
correlation-stream-cores1,pcm_cha,drd_occupancy,SKT0C9,34,0.39516128208333334,request_seconds
correlation-stream-cores1,pcm_cha,drd_occupancy,SKT0C9,35,0.3952951245833333,request_seconds
correlation-stream-cores1,pcm_cha,drd_occupancy,SKT0C9,36,0.39511443458333334,request_seconds
correlation-stream-cores1,pcm_cha,drd_occupancy,SKT0C9,37,0.3948330595833333,request_seconds
correlation-stream-cores1,pcm_cha,drd_occupancy,SKT0C9,38,0.39495929041666666,request_seconds
correlation-stream-cores1,pcm_cha,drd_occupancy,SKT0C9,39,0.3954092720833333,request_seconds
correlation-stream-cores1,pcm_cha,drd_occupancy,SKT0C9,40,0.3952146745833333,request_seconds
correlation-stream-cores1,pcm_cha,drd_occupancy,SKT0C9,41,0.39485700916666666,request_seconds
correlation-stream-cores1,pcm_cha,drd_occupancy,SKT0C9,42,0.3948330854166667,request_seconds
correlation-stream-cores1,pcm_cha,drd_occupancy,SKT0C9,43,0.39543010666666667,request_seconds
correlation-stream-cores1,pcm_cha,drd_occupancy,SKT0C9,44,0.3953894954166667,request_seconds
correlation-stream-cores1,pcm_cha,drd_occupancy,SKT0C9,45,0.39493862125,request_seconds
correlation-stream-cores1,pcm_cha,drd_occupancy,SKT0C9,46,0.3948897175,request_seconds
correlation-stream-cores1,pcm_cha,drd_occupancy,SKT0C9,47,0.39477831416666664,request_seconds
correlation-stream-cores1,pcm_cha,drd_occupancy,SKT0C9,48,0.3952015020833333,request_seconds
correlation-stream-cores1,pcm_cha,drd_occupancy,SKT0C9,49,0.39482670458333335,request_seconds
correlation-stream-cores1,pcm_cha,drd_occupancy,SKT0C9,50,0.39489448666666666,request_seconds
correlation-stream-cores1,pcm_cha,drd_occupancy,SKT0C9,51,0.39464689833333333,request_seconds
correlation-stream-cores1,pcm_cha,drd_occupancy,SKT0C9,52,0.3952346045833333,request_seconds
correlation-stream-cores1,pcm_cha,drd_occupancy,SKT0C9,53,0.3948740229166667,request_seconds
correlation-stream-cores1,pcm_cha,drd_occupancy,SKT0C9,54,0.3947887854166667,request_seconds
correlation-stream-cores1,pcm_cha,drd_occupancy,SKT0C9,55,0.39485158,request_seconds
correlation-stream-cores1,pcm_cha,drd_occupancy,SKT0C9,56,0.39473140458333333,request_seconds
correlation-stream-cores1,pcm_cha,drd_occupancy,SKT0C9,57,0.3954482920833333,request_seconds
correlation-stream-cores1,pcm_cha,drd_occupancy,SKT0C9,58,0.39494909125,request_seconds
correlation-stream-cores1,pcm_cha,drd_occupancy,SKT0C9,59,0.39507839,request_seconds
correlation-stream-cores1,pcm_cha,drd_occupancy,SKT0C10,0,0.36240362375,request_seconds
correlation-stream-cores1,pcm_cha,drd_occupancy,SKT0C10,1,0.3623706029166667,request_seconds
correlation-stream-cores1,pcm_cha,drd_occupancy,SKT0C10,2,0.3623090783333333,request_seconds
correlation-stream-cores1,pcm_cha,drd_occupancy,SKT0C10,3,0.36221299583333333,request_seconds
correlation-stream-cores1,pcm_cha,drd_occupancy,SKT0C10,4,0.36248708125,request_seconds
correlation-stream-cores1,pcm_cha,drd_occupancy,SKT0C10,5,0.36229773833333334,request_seconds
correlation-stream-cores1,pcm_cha,drd_occupancy,SKT0C10,6,0.36224403833333335,request_seconds
correlation-stream-cores1,pcm_cha,drd_occupancy,SKT0C10,7,0.3623471091666667,request_seconds
correlation-stream-cores1,pcm_cha,drd_occupancy,SKT0C10,8,0.36278382666666664,request_seconds
correlation-stream-cores1,pcm_cha,drd_occupancy,SKT0C10,9,0.36217479708333333,request_seconds
correlation-stream-cores1,pcm_cha,drd_occupancy,SKT0C10,10,0.36214575,request_seconds
correlation-stream-cores1,pcm_cha,drd_occupancy,SKT0C10,11,0.36224148916666665,request_seconds
correlation-stream-cores1,pcm_cha,drd_occupancy,SKT0C10,12,0.36221078166666665,request_seconds
correlation-stream-cores1,pcm_cha,drd_occupancy,SKT0C10,13,0.3625388525,request_seconds
correlation-stream-cores1,pcm_cha,drd_occupancy,SKT0C10,14,0.36216210833333334,request_seconds
correlation-stream-cores1,pcm_cha,drd_occupancy,SKT0C10,15,0.3621202695833333,request_seconds
correlation-stream-cores1,pcm_cha,drd_occupancy,SKT0C10,16,0.36216425125,request_seconds
correlation-stream-cores1,pcm_cha,drd_occupancy,SKT0C10,17,0.36196164125,request_seconds
correlation-stream-cores1,pcm_cha,drd_occupancy,SKT0C10,18,0.36235123708333333,request_seconds
correlation-stream-cores1,pcm_cha,drd_occupancy,SKT0C10,19,0.3619495079166667,request_seconds
correlation-stream-cores1,pcm_cha,drd_occupancy,SKT0C10,20,0.36202920791666665,request_seconds
correlation-stream-cores1,pcm_cha,drd_occupancy,SKT0C10,21,0.36201705458333333,request_seconds
correlation-stream-cores1,pcm_cha,drd_occupancy,SKT0C10,22,0.3623843495833333,request_seconds
correlation-stream-cores1,pcm_cha,drd_occupancy,SKT0C10,23,0.36206672958333336,request_seconds
correlation-stream-cores1,pcm_cha,drd_occupancy,SKT0C10,24,0.36204310375,request_seconds
correlation-stream-cores1,pcm_cha,drd_occupancy,SKT0C10,25,0.36206982375,request_seconds
correlation-stream-cores1,pcm_cha,drd_occupancy,SKT0C10,26,0.3624549833333333,request_seconds
correlation-stream-cores1,pcm_cha,drd_occupancy,SKT0C10,27,0.36212530625,request_seconds
correlation-stream-cores1,pcm_cha,drd_occupancy,SKT0C10,28,0.36222791791666664,request_seconds
correlation-stream-cores1,pcm_cha,drd_occupancy,SKT0C10,29,0.3621847558333333,request_seconds
correlation-stream-cores1,pcm_cha,drd_occupancy,SKT0C10,30,0.3624865291666667,request_seconds
correlation-stream-cores1,pcm_cha,drd_occupancy,SKT0C10,31,0.36214393166666664,request_seconds
correlation-stream-cores1,pcm_cha,drd_occupancy,SKT0C10,32,0.36214084708333333,request_seconds
correlation-stream-cores1,pcm_cha,drd_occupancy,SKT0C10,33,0.3621729775,request_seconds
correlation-stream-cores1,pcm_cha,drd_occupancy,SKT0C10,34,0.3622354829166667,request_seconds
correlation-stream-cores1,pcm_cha,drd_occupancy,SKT0C10,35,0.36243966041666664,request_seconds
correlation-stream-cores1,pcm_cha,drd_occupancy,SKT0C10,36,0.3621801954166667,request_seconds
correlation-stream-cores1,pcm_cha,drd_occupancy,SKT0C10,37,0.36180813041666665,request_seconds
correlation-stream-cores1,pcm_cha,drd_occupancy,SKT0C10,38,0.36222538791666664,request_seconds
correlation-stream-cores1,pcm_cha,drd_occupancy,SKT0C10,39,0.3624364766666667,request_seconds
correlation-stream-cores1,pcm_cha,drd_occupancy,SKT0C10,40,0.3623284975,request_seconds
correlation-stream-cores1,pcm_cha,drd_occupancy,SKT0C10,41,0.36192134291666667,request_seconds
correlation-stream-cores1,pcm_cha,drd_occupancy,SKT0C10,42,0.3619568254166667,request_seconds
correlation-stream-cores1,pcm_cha,drd_occupancy,SKT0C10,43,0.36255156125,request_seconds
correlation-stream-cores1,pcm_cha,drd_occupancy,SKT0C10,44,0.36238545083333334,request_seconds
correlation-stream-cores1,pcm_cha,drd_occupancy,SKT0C10,45,0.36201499,request_seconds
correlation-stream-cores1,pcm_cha,drd_occupancy,SKT0C10,46,0.36197279541666666,request_seconds
correlation-stream-cores1,pcm_cha,drd_occupancy,SKT0C10,47,0.36201645416666667,request_seconds
correlation-stream-cores1,pcm_cha,drd_occupancy,SKT0C10,48,0.36227665375,request_seconds
correlation-stream-cores1,pcm_cha,drd_occupancy,SKT0C10,49,0.3618926591666667,request_seconds
correlation-stream-cores1,pcm_cha,drd_occupancy,SKT0C10,50,0.36202970375,request_seconds
correlation-stream-cores1,pcm_cha,drd_occupancy,SKT0C10,51,0.3618505054166667,request_seconds
correlation-stream-cores1,pcm_cha,drd_occupancy,SKT0C10,52,0.3623207275,request_seconds
correlation-stream-cores1,pcm_cha,drd_occupancy,SKT0C10,53,0.3619046429166667,request_seconds
correlation-stream-cores1,pcm_cha,drd_occupancy,SKT0C10,54,0.36195679875,request_seconds
correlation-stream-cores1,pcm_cha,drd_occupancy,SKT0C10,55,0.3619884091666667,request_seconds
correlation-stream-cores1,pcm_cha,drd_occupancy,SKT0C10,56,0.36186103,request_seconds
correlation-stream-cores1,pcm_cha,drd_occupancy,SKT0C10,57,0.36245066833333334,request_seconds
correlation-stream-cores1,pcm_cha,drd_occupancy,SKT0C10,58,0.3620150425,request_seconds
correlation-stream-cores1,pcm_cha,drd_occupancy,SKT0C10,59,0.36210018125,request_seconds
correlation-stream-cores1,pcm_cha,drd_occupancy,SKT0C11,0,0.3826081666666667,request_seconds
correlation-stream-cores1,pcm_cha,drd_occupancy,SKT0C11,1,0.3826552775,request_seconds
correlation-stream-cores1,pcm_cha,drd_occupancy,SKT0C11,2,0.3824285983333333,request_seconds
correlation-stream-cores1,pcm_cha,drd_occupancy,SKT0C11,3,0.38251725708333334,request_seconds
correlation-stream-cores1,pcm_cha,drd_occupancy,SKT0C11,4,0.38279447916666665,request_seconds
correlation-stream-cores1,pcm_cha,drd_occupancy,SKT0C11,5,0.3824431775,request_seconds
correlation-stream-cores1,pcm_cha,drd_occupancy,SKT0C11,6,0.38252879333333334,request_seconds
correlation-stream-cores1,pcm_cha,drd_occupancy,SKT0C11,7,0.38248864208333333,request_seconds
correlation-stream-cores1,pcm_cha,drd_occupancy,SKT0C11,8,0.3829747925,request_seconds
correlation-stream-cores1,pcm_cha,drd_occupancy,SKT0C11,9,0.3823345533333333,request_seconds
correlation-stream-cores1,pcm_cha,drd_occupancy,SKT0C11,10,0.38230152958333335,request_seconds
correlation-stream-cores1,pcm_cha,drd_occupancy,SKT0C11,11,0.3823944616666667,request_seconds
correlation-stream-cores1,pcm_cha,drd_occupancy,SKT0C11,12,0.38236347375,request_seconds
correlation-stream-cores1,pcm_cha,drd_occupancy,SKT0C11,13,0.3826916370833333,request_seconds
correlation-stream-cores1,pcm_cha,drd_occupancy,SKT0C11,14,0.3822709604166667,request_seconds
correlation-stream-cores1,pcm_cha,drd_occupancy,SKT0C11,15,0.38229164541666666,request_seconds
correlation-stream-cores1,pcm_cha,drd_occupancy,SKT0C11,16,0.3823417229166667,request_seconds
correlation-stream-cores1,pcm_cha,drd_occupancy,SKT0C11,17,0.382120795,request_seconds
correlation-stream-cores1,pcm_cha,drd_occupancy,SKT0C11,18,0.3825879841666667,request_seconds
correlation-stream-cores1,pcm_cha,drd_occupancy,SKT0C11,19,0.3821674475,request_seconds
correlation-stream-cores1,pcm_cha,drd_occupancy,SKT0C11,20,0.38223832583333334,request_seconds
correlation-stream-cores1,pcm_cha,drd_occupancy,SKT0C11,21,0.3822515166666667,request_seconds
correlation-stream-cores1,pcm_cha,drd_occupancy,SKT0C11,22,0.38255539208333333,request_seconds
correlation-stream-cores1,pcm_cha,drd_occupancy,SKT0C11,23,0.38216215291666666,request_seconds
correlation-stream-cores1,pcm_cha,drd_occupancy,SKT0C11,24,0.38216399875,request_seconds
correlation-stream-cores1,pcm_cha,drd_occupancy,SKT0C11,25,0.38222662916666666,request_seconds
correlation-stream-cores1,pcm_cha,drd_occupancy,SKT0C11,26,0.3826215025,request_seconds
correlation-stream-cores1,pcm_cha,drd_occupancy,SKT0C11,27,0.38233017625,request_seconds
correlation-stream-cores1,pcm_cha,drd_occupancy,SKT0C11,28,0.3824176525,request_seconds
correlation-stream-cores1,pcm_cha,drd_occupancy,SKT0C11,29,0.38232909125,request_seconds
correlation-stream-cores1,pcm_cha,drd_occupancy,SKT0C11,30,0.3827200866666667,request_seconds
correlation-stream-cores1,pcm_cha,drd_occupancy,SKT0C11,31,0.38241323083333334,request_seconds
correlation-stream-cores1,pcm_cha,drd_occupancy,SKT0C11,32,0.38241009291666667,request_seconds
correlation-stream-cores1,pcm_cha,drd_occupancy,SKT0C11,33,0.3823224983333333,request_seconds
correlation-stream-cores1,pcm_cha,drd_occupancy,SKT0C11,34,0.382454985,request_seconds
correlation-stream-cores1,pcm_cha,drd_occupancy,SKT0C11,35,0.3825697345833333,request_seconds
correlation-stream-cores1,pcm_cha,drd_occupancy,SKT0C11,36,0.38237284833333335,request_seconds
correlation-stream-cores1,pcm_cha,drd_occupancy,SKT0C11,37,0.3819594625,request_seconds
correlation-stream-cores1,pcm_cha,drd_occupancy,SKT0C11,38,0.38226310041666667,request_seconds
correlation-stream-cores1,pcm_cha,drd_occupancy,SKT0C11,39,0.3826962020833333,request_seconds
correlation-stream-cores1,pcm_cha,drd_occupancy,SKT0C11,40,0.3824689425,request_seconds
correlation-stream-cores1,pcm_cha,drd_occupancy,SKT0C11,41,0.3821479741666667,request_seconds
correlation-stream-cores1,pcm_cha,drd_occupancy,SKT0C11,42,0.38210119125,request_seconds
correlation-stream-cores1,pcm_cha,drd_occupancy,SKT0C11,43,0.38265673833333336,request_seconds
correlation-stream-cores1,pcm_cha,drd_occupancy,SKT0C11,44,0.3825996425,request_seconds
correlation-stream-cores1,pcm_cha,drd_occupancy,SKT0C11,45,0.3821837866666667,request_seconds
correlation-stream-cores1,pcm_cha,drd_occupancy,SKT0C11,46,0.38216687416666667,request_seconds
correlation-stream-cores1,pcm_cha,drd_occupancy,SKT0C11,47,0.382198365,request_seconds
correlation-stream-cores1,pcm_cha,drd_occupancy,SKT0C11,48,0.38251458541666666,request_seconds
correlation-stream-cores1,pcm_cha,drd_occupancy,SKT0C11,49,0.382093585,request_seconds
correlation-stream-cores1,pcm_cha,drd_occupancy,SKT0C11,50,0.38216076375,request_seconds
correlation-stream-cores1,pcm_cha,drd_occupancy,SKT0C11,51,0.3820286520833333,request_seconds
correlation-stream-cores1,pcm_cha,drd_occupancy,SKT0C11,52,0.38260191541666666,request_seconds
correlation-stream-cores1,pcm_cha,drd_occupancy,SKT0C11,53,0.38207878666666667,request_seconds
correlation-stream-cores1,pcm_cha,drd_occupancy,SKT0C11,54,0.38209712916666666,request_seconds
correlation-stream-cores1,pcm_cha,drd_occupancy,SKT0C11,55,0.38212844041666666,request_seconds
correlation-stream-cores1,pcm_cha,drd_occupancy,SKT0C11,56,0.38198981083333333,request_seconds
correlation-stream-cores1,pcm_cha,drd_occupancy,SKT0C11,57,0.38273024916666665,request_seconds
correlation-stream-cores1,pcm_cha,drd_occupancy,SKT0C11,58,0.38224769875,request_seconds
correlation-stream-cores1,pcm_cha,drd_occupancy,SKT0C11,59,0.38233469458333336,request_seconds
correlation-stream-cores1,pcm_cha,drd_occupancy,SKT0C12,0,0.3572344058333333,request_seconds
correlation-stream-cores1,pcm_cha,drd_occupancy,SKT0C12,1,0.3572769591666667,request_seconds
correlation-stream-cores1,pcm_cha,drd_occupancy,SKT0C12,2,0.35711512916666666,request_seconds
correlation-stream-cores1,pcm_cha,drd_occupancy,SKT0C12,3,0.3569805495833333,request_seconds
correlation-stream-cores1,pcm_cha,drd_occupancy,SKT0C12,4,0.35735242916666665,request_seconds
correlation-stream-cores1,pcm_cha,drd_occupancy,SKT0C12,5,0.35703761875,request_seconds
correlation-stream-cores1,pcm_cha,drd_occupancy,SKT0C12,6,0.35701397333333335,request_seconds
correlation-stream-cores1,pcm_cha,drd_occupancy,SKT0C12,7,0.35705333666666667,request_seconds
correlation-stream-cores1,pcm_cha,drd_occupancy,SKT0C12,8,0.3574835808333333,request_seconds
correlation-stream-cores1,pcm_cha,drd_occupancy,SKT0C12,9,0.35696469583333335,request_seconds
correlation-stream-cores1,pcm_cha,drd_occupancy,SKT0C12,10,0.35688515958333333,request_seconds
correlation-stream-cores1,pcm_cha,drd_occupancy,SKT0C12,11,0.35696317958333335,request_seconds
correlation-stream-cores1,pcm_cha,drd_occupancy,SKT0C12,12,0.35699777916666664,request_seconds
correlation-stream-cores1,pcm_cha,drd_occupancy,SKT0C12,13,0.3572979970833333,request_seconds
correlation-stream-cores1,pcm_cha,drd_occupancy,SKT0C12,14,0.35692603333333334,request_seconds
correlation-stream-cores1,pcm_cha,drd_occupancy,SKT0C12,15,0.35697440458333335,request_seconds
correlation-stream-cores1,pcm_cha,drd_occupancy,SKT0C12,16,0.3569494008333333,request_seconds
correlation-stream-cores1,pcm_cha,drd_occupancy,SKT0C12,17,0.35672657041666667,request_seconds
correlation-stream-cores1,pcm_cha,drd_occupancy,SKT0C12,18,0.3572959983333333,request_seconds
correlation-stream-cores1,pcm_cha,drd_occupancy,SKT0C12,19,0.35675050708333333,request_seconds
correlation-stream-cores1,pcm_cha,drd_occupancy,SKT0C12,20,0.35676378625,request_seconds
correlation-stream-cores1,pcm_cha,drd_occupancy,SKT0C12,21,0.35684234416666666,request_seconds
correlation-stream-cores1,pcm_cha,drd_occupancy,SKT0C12,22,0.3570777375,request_seconds
correlation-stream-cores1,pcm_cha,drd_occupancy,SKT0C12,23,0.35681685208333336,request_seconds
correlation-stream-cores1,pcm_cha,drd_occupancy,SKT0C12,24,0.3568774883333333,request_seconds
correlation-stream-cores1,pcm_cha,drd_occupancy,SKT0C12,25,0.35675097875,request_seconds
correlation-stream-cores1,pcm_cha,drd_occupancy,SKT0C12,26,0.3572387620833333,request_seconds
correlation-stream-cores1,pcm_cha,drd_occupancy,SKT0C12,27,0.3568254545833333,request_seconds
correlation-stream-cores1,pcm_cha,drd_occupancy,SKT0C12,28,0.35695196,request_seconds
correlation-stream-cores1,pcm_cha,drd_occupancy,SKT0C12,29,0.3569102704166667,request_seconds
correlation-stream-cores1,pcm_cha,drd_occupancy,SKT0C12,30,0.35730832875,request_seconds
correlation-stream-cores1,pcm_cha,drd_occupancy,SKT0C12,31,0.3570358620833333,request_seconds
correlation-stream-cores1,pcm_cha,drd_occupancy,SKT0C12,32,0.3568867533333333,request_seconds
correlation-stream-cores1,pcm_cha,drd_occupancy,SKT0C12,33,0.35684709666666664,request_seconds
correlation-stream-cores1,pcm_cha,drd_occupancy,SKT0C12,34,0.35706591708333335,request_seconds
correlation-stream-cores1,pcm_cha,drd_occupancy,SKT0C12,35,0.3572880475,request_seconds
correlation-stream-cores1,pcm_cha,drd_occupancy,SKT0C12,36,0.35691234541666667,request_seconds
correlation-stream-cores1,pcm_cha,drd_occupancy,SKT0C12,37,0.35672016166666665,request_seconds
correlation-stream-cores1,pcm_cha,drd_occupancy,SKT0C12,38,0.35685138625,request_seconds
correlation-stream-cores1,pcm_cha,drd_occupancy,SKT0C12,39,0.35717486291666667,request_seconds
correlation-stream-cores1,pcm_cha,drd_occupancy,SKT0C12,40,0.3571511133333333,request_seconds
correlation-stream-cores1,pcm_cha,drd_occupancy,SKT0C12,41,0.3566657179166667,request_seconds
correlation-stream-cores1,pcm_cha,drd_occupancy,SKT0C12,42,0.35666329333333335,request_seconds
correlation-stream-cores1,pcm_cha,drd_occupancy,SKT0C12,43,0.35735912,request_seconds
correlation-stream-cores1,pcm_cha,drd_occupancy,SKT0C12,44,0.35726461083333333,request_seconds
correlation-stream-cores1,pcm_cha,drd_occupancy,SKT0C12,45,0.3568273504166667,request_seconds
correlation-stream-cores1,pcm_cha,drd_occupancy,SKT0C12,46,0.35676532791666665,request_seconds
correlation-stream-cores1,pcm_cha,drd_occupancy,SKT0C12,47,0.35690920833333334,request_seconds
correlation-stream-cores1,pcm_cha,drd_occupancy,SKT0C12,48,0.35704186958333334,request_seconds
correlation-stream-cores1,pcm_cha,drd_occupancy,SKT0C12,49,0.356650015,request_seconds
correlation-stream-cores1,pcm_cha,drd_occupancy,SKT0C12,50,0.35681166833333333,request_seconds
correlation-stream-cores1,pcm_cha,drd_occupancy,SKT0C12,51,0.35670746708333334,request_seconds
correlation-stream-cores1,pcm_cha,drd_occupancy,SKT0C12,52,0.3570441166666667,request_seconds
correlation-stream-cores1,pcm_cha,drd_occupancy,SKT0C12,53,0.35668287875,request_seconds
correlation-stream-cores1,pcm_cha,drd_occupancy,SKT0C12,54,0.35663800291666664,request_seconds
correlation-stream-cores1,pcm_cha,drd_occupancy,SKT0C12,55,0.35667895041666664,request_seconds
correlation-stream-cores1,pcm_cha,drd_occupancy,SKT0C12,56,0.35665772625,request_seconds
correlation-stream-cores1,pcm_cha,drd_occupancy,SKT0C12,57,0.35720348,request_seconds
correlation-stream-cores1,pcm_cha,drd_occupancy,SKT0C12,58,0.35687563791666665,request_seconds
correlation-stream-cores1,pcm_cha,drd_occupancy,SKT0C12,59,0.3568245191666667,request_seconds
correlation-stream-cores1,pcm_cha,drd_occupancy,SKT0C13,0,0.36083800208333333,request_seconds
correlation-stream-cores1,pcm_cha,drd_occupancy,SKT0C13,1,0.3609957341666667,request_seconds
correlation-stream-cores1,pcm_cha,drd_occupancy,SKT0C13,2,0.36074870166666667,request_seconds
correlation-stream-cores1,pcm_cha,drd_occupancy,SKT0C13,3,0.3607534958333333,request_seconds
correlation-stream-cores1,pcm_cha,drd_occupancy,SKT0C13,4,0.36111119,request_seconds
correlation-stream-cores1,pcm_cha,drd_occupancy,SKT0C13,5,0.36077653833333334,request_seconds
correlation-stream-cores1,pcm_cha,drd_occupancy,SKT0C13,6,0.3607781670833333,request_seconds
correlation-stream-cores1,pcm_cha,drd_occupancy,SKT0C13,7,0.36072255291666666,request_seconds
correlation-stream-cores1,pcm_cha,drd_occupancy,SKT0C13,8,0.36118439625,request_seconds
correlation-stream-cores1,pcm_cha,drd_occupancy,SKT0C13,9,0.36066350458333335,request_seconds
correlation-stream-cores1,pcm_cha,drd_occupancy,SKT0C13,10,0.3606198308333333,request_seconds
correlation-stream-cores1,pcm_cha,drd_occupancy,SKT0C13,11,0.36065958583333335,request_seconds
correlation-stream-cores1,pcm_cha,drd_occupancy,SKT0C13,12,0.3606652504166667,request_seconds
correlation-stream-cores1,pcm_cha,drd_occupancy,SKT0C13,13,0.3611728866666667,request_seconds
correlation-stream-cores1,pcm_cha,drd_occupancy,SKT0C13,14,0.3606530608333333,request_seconds
correlation-stream-cores1,pcm_cha,drd_occupancy,SKT0C13,15,0.36061868541666664,request_seconds
correlation-stream-cores1,pcm_cha,drd_occupancy,SKT0C13,16,0.36058654875,request_seconds
correlation-stream-cores1,pcm_cha,drd_occupancy,SKT0C13,17,0.36049204375,request_seconds
correlation-stream-cores1,pcm_cha,drd_occupancy,SKT0C13,18,0.36093936666666665,request_seconds
correlation-stream-cores1,pcm_cha,drd_occupancy,SKT0C13,19,0.36042932958333335,request_seconds
correlation-stream-cores1,pcm_cha,drd_occupancy,SKT0C13,20,0.36047971875,request_seconds
correlation-stream-cores1,pcm_cha,drd_occupancy,SKT0C13,21,0.3605043158333333,request_seconds
correlation-stream-cores1,pcm_cha,drd_occupancy,SKT0C13,22,0.36088807333333334,request_seconds
correlation-stream-cores1,pcm_cha,drd_occupancy,SKT0C13,23,0.3606117166666667,request_seconds
correlation-stream-cores1,pcm_cha,drd_occupancy,SKT0C13,24,0.36055297,request_seconds
correlation-stream-cores1,pcm_cha,drd_occupancy,SKT0C13,25,0.3603786279166667,request_seconds
correlation-stream-cores1,pcm_cha,drd_occupancy,SKT0C13,26,0.36093910166666665,request_seconds
correlation-stream-cores1,pcm_cha,drd_occupancy,SKT0C13,27,0.36054331625,request_seconds
correlation-stream-cores1,pcm_cha,drd_occupancy,SKT0C13,28,0.3606770529166667,request_seconds
correlation-stream-cores1,pcm_cha,drd_occupancy,SKT0C13,29,0.3606670270833333,request_seconds
correlation-stream-cores1,pcm_cha,drd_occupancy,SKT0C13,30,0.36102360125,request_seconds
correlation-stream-cores1,pcm_cha,drd_occupancy,SKT0C13,31,0.36070018666666664,request_seconds
correlation-stream-cores1,pcm_cha,drd_occupancy,SKT0C13,32,0.36059921666666667,request_seconds
correlation-stream-cores1,pcm_cha,drd_occupancy,SKT0C13,33,0.3606284329166667,request_seconds
correlation-stream-cores1,pcm_cha,drd_occupancy,SKT0C13,34,0.36070415916666665,request_seconds
correlation-stream-cores1,pcm_cha,drd_occupancy,SKT0C13,35,0.36098703791666664,request_seconds
correlation-stream-cores1,pcm_cha,drd_occupancy,SKT0C13,36,0.3606006954166667,request_seconds
correlation-stream-cores1,pcm_cha,drd_occupancy,SKT0C13,37,0.36044058291666664,request_seconds
correlation-stream-cores1,pcm_cha,drd_occupancy,SKT0C13,38,0.36059523541666666,request_seconds
correlation-stream-cores1,pcm_cha,drd_occupancy,SKT0C13,39,0.36098291666666665,request_seconds
correlation-stream-cores1,pcm_cha,drd_occupancy,SKT0C13,40,0.3608469208333333,request_seconds
correlation-stream-cores1,pcm_cha,drd_occupancy,SKT0C13,41,0.36041346333333335,request_seconds
correlation-stream-cores1,pcm_cha,drd_occupancy,SKT0C13,42,0.3603742375,request_seconds
correlation-stream-cores1,pcm_cha,drd_occupancy,SKT0C13,43,0.3610094,request_seconds
correlation-stream-cores1,pcm_cha,drd_occupancy,SKT0C13,44,0.36093017,request_seconds
correlation-stream-cores1,pcm_cha,drd_occupancy,SKT0C13,45,0.36049323125,request_seconds
correlation-stream-cores1,pcm_cha,drd_occupancy,SKT0C13,46,0.3604022591666667,request_seconds
correlation-stream-cores1,pcm_cha,drd_occupancy,SKT0C13,47,0.3605152020833333,request_seconds
correlation-stream-cores1,pcm_cha,drd_occupancy,SKT0C13,48,0.360744355,request_seconds
correlation-stream-cores1,pcm_cha,drd_occupancy,SKT0C13,49,0.36036415208333333,request_seconds
correlation-stream-cores1,pcm_cha,drd_occupancy,SKT0C13,50,0.36049921583333333,request_seconds
correlation-stream-cores1,pcm_cha,drd_occupancy,SKT0C13,51,0.36036124541666664,request_seconds
correlation-stream-cores1,pcm_cha,drd_occupancy,SKT0C13,52,0.36083404375,request_seconds
correlation-stream-cores1,pcm_cha,drd_occupancy,SKT0C13,53,0.3604679375,request_seconds
correlation-stream-cores1,pcm_cha,drd_occupancy,SKT0C13,54,0.3604321716666667,request_seconds
correlation-stream-cores1,pcm_cha,drd_occupancy,SKT0C13,55,0.36050076583333335,request_seconds
correlation-stream-cores1,pcm_cha,drd_occupancy,SKT0C13,56,0.3604341629166667,request_seconds
correlation-stream-cores1,pcm_cha,drd_occupancy,SKT0C13,57,0.36092216708333336,request_seconds
correlation-stream-cores1,pcm_cha,drd_occupancy,SKT0C13,58,0.36062047875,request_seconds
correlation-stream-cores1,pcm_cha,drd_occupancy,SKT0C13,59,0.3604675475,request_seconds
correlation-stream-cores1,pcm_cha,drd_occupancy,SKT0C14,0,0.36167063208333333,request_seconds
correlation-stream-cores1,pcm_cha,drd_occupancy,SKT0C14,1,0.3616723475,request_seconds
correlation-stream-cores1,pcm_cha,drd_occupancy,SKT0C14,2,0.3615102420833333,request_seconds
correlation-stream-cores1,pcm_cha,drd_occupancy,SKT0C14,3,0.36154620375,request_seconds
correlation-stream-cores1,pcm_cha,drd_occupancy,SKT0C14,4,0.3617236366666667,request_seconds
correlation-stream-cores1,pcm_cha,drd_occupancy,SKT0C14,5,0.3615242225,request_seconds
correlation-stream-cores1,pcm_cha,drd_occupancy,SKT0C14,6,0.3614943145833333,request_seconds
correlation-stream-cores1,pcm_cha,drd_occupancy,SKT0C14,7,0.36147272,request_seconds
correlation-stream-cores1,pcm_cha,drd_occupancy,SKT0C14,8,0.36198675583333334,request_seconds
correlation-stream-cores1,pcm_cha,drd_occupancy,SKT0C14,9,0.36142953083333335,request_seconds
correlation-stream-cores1,pcm_cha,drd_occupancy,SKT0C14,10,0.36139772625,request_seconds
correlation-stream-cores1,pcm_cha,drd_occupancy,SKT0C14,11,0.36133823708333335,request_seconds
correlation-stream-cores1,pcm_cha,drd_occupancy,SKT0C14,12,0.36142605208333334,request_seconds
correlation-stream-cores1,pcm_cha,drd_occupancy,SKT0C14,13,0.3617677183333333,request_seconds
correlation-stream-cores1,pcm_cha,drd_occupancy,SKT0C14,14,0.36144503125,request_seconds
correlation-stream-cores1,pcm_cha,drd_occupancy,SKT0C14,15,0.36138480166666664,request_seconds
correlation-stream-cores1,pcm_cha,drd_occupancy,SKT0C14,16,0.36133123916666665,request_seconds
correlation-stream-cores1,pcm_cha,drd_occupancy,SKT0C14,17,0.3611411479166667,request_seconds
correlation-stream-cores1,pcm_cha,drd_occupancy,SKT0C14,18,0.361712305,request_seconds
correlation-stream-cores1,pcm_cha,drd_occupancy,SKT0C14,19,0.36125277083333335,request_seconds
correlation-stream-cores1,pcm_cha,drd_occupancy,SKT0C14,20,0.36129838125,request_seconds
correlation-stream-cores1,pcm_cha,drd_occupancy,SKT0C14,21,0.36131605833333336,request_seconds
correlation-stream-cores1,pcm_cha,drd_occupancy,SKT0C14,22,0.36161841375,request_seconds
correlation-stream-cores1,pcm_cha,drd_occupancy,SKT0C14,23,0.3612862783333333,request_seconds
correlation-stream-cores1,pcm_cha,drd_occupancy,SKT0C14,24,0.3613332966666667,request_seconds
correlation-stream-cores1,pcm_cha,drd_occupancy,SKT0C14,25,0.36112918708333336,request_seconds
correlation-stream-cores1,pcm_cha,drd_occupancy,SKT0C14,26,0.3616645870833333,request_seconds
correlation-stream-cores1,pcm_cha,drd_occupancy,SKT0C14,27,0.3612520633333333,request_seconds
correlation-stream-cores1,pcm_cha,drd_occupancy,SKT0C14,28,0.36146152666666664,request_seconds
correlation-stream-cores1,pcm_cha,drd_occupancy,SKT0C14,29,0.36145135958333335,request_seconds
correlation-stream-cores1,pcm_cha,drd_occupancy,SKT0C14,30,0.3617808720833333,request_seconds
correlation-stream-cores1,pcm_cha,drd_occupancy,SKT0C14,31,0.36138426208333335,request_seconds
correlation-stream-cores1,pcm_cha,drd_occupancy,SKT0C14,32,0.36138364458333333,request_seconds
correlation-stream-cores1,pcm_cha,drd_occupancy,SKT0C14,33,0.36128323,request_seconds
correlation-stream-cores1,pcm_cha,drd_occupancy,SKT0C14,34,0.36157026125,request_seconds
correlation-stream-cores1,pcm_cha,drd_occupancy,SKT0C14,35,0.36174671583333334,request_seconds
correlation-stream-cores1,pcm_cha,drd_occupancy,SKT0C14,36,0.3613979308333333,request_seconds
correlation-stream-cores1,pcm_cha,drd_occupancy,SKT0C14,37,0.36104439833333335,request_seconds
correlation-stream-cores1,pcm_cha,drd_occupancy,SKT0C14,38,0.3612534233333333,request_seconds
correlation-stream-cores1,pcm_cha,drd_occupancy,SKT0C14,39,0.36170387625,request_seconds
correlation-stream-cores1,pcm_cha,drd_occupancy,SKT0C14,40,0.3616091879166667,request_seconds
correlation-stream-cores1,pcm_cha,drd_occupancy,SKT0C14,41,0.36108979,request_seconds
correlation-stream-cores1,pcm_cha,drd_occupancy,SKT0C14,42,0.36114316583333333,request_seconds
correlation-stream-cores1,pcm_cha,drd_occupancy,SKT0C14,43,0.361804925,request_seconds
correlation-stream-cores1,pcm_cha,drd_occupancy,SKT0C14,44,0.36165986333333333,request_seconds
correlation-stream-cores1,pcm_cha,drd_occupancy,SKT0C14,45,0.36136699958333335,request_seconds
correlation-stream-cores1,pcm_cha,drd_occupancy,SKT0C14,46,0.36118026708333334,request_seconds
correlation-stream-cores1,pcm_cha,drd_occupancy,SKT0C14,47,0.36127094416666666,request_seconds
correlation-stream-cores1,pcm_cha,drd_occupancy,SKT0C14,48,0.3614791504166667,request_seconds
correlation-stream-cores1,pcm_cha,drd_occupancy,SKT0C14,49,0.36106394,request_seconds
correlation-stream-cores1,pcm_cha,drd_occupancy,SKT0C14,50,0.36121994916666667,request_seconds
correlation-stream-cores1,pcm_cha,drd_occupancy,SKT0C14,51,0.3611900733333333,request_seconds
correlation-stream-cores1,pcm_cha,drd_occupancy,SKT0C14,52,0.3615841254166667,request_seconds
correlation-stream-cores1,pcm_cha,drd_occupancy,SKT0C14,53,0.361151325,request_seconds
correlation-stream-cores1,pcm_cha,drd_occupancy,SKT0C14,54,0.36115042625,request_seconds
correlation-stream-cores1,pcm_cha,drd_occupancy,SKT0C14,55,0.3611430695833333,request_seconds
correlation-stream-cores1,pcm_cha,drd_occupancy,SKT0C14,56,0.36109348458333335,request_seconds
correlation-stream-cores1,pcm_cha,drd_occupancy,SKT0C14,57,0.36162131833333333,request_seconds
correlation-stream-cores1,pcm_cha,drd_occupancy,SKT0C14,58,0.3613517495833333,request_seconds
correlation-stream-cores1,pcm_cha,drd_occupancy,SKT0C14,59,0.36125816,request_seconds
correlation-stream-cores1,pcm_cha,drd_occupancy,SKT0C15,0,0.38297136541666665,request_seconds
correlation-stream-cores1,pcm_cha,drd_occupancy,SKT0C15,1,0.38297461625,request_seconds
correlation-stream-cores1,pcm_cha,drd_occupancy,SKT0C15,2,0.3827589425,request_seconds
correlation-stream-cores1,pcm_cha,drd_occupancy,SKT0C15,3,0.38273341833333335,request_seconds
correlation-stream-cores1,pcm_cha,drd_occupancy,SKT0C15,4,0.38310893083333336,request_seconds
correlation-stream-cores1,pcm_cha,drd_occupancy,SKT0C15,5,0.38279095916666667,request_seconds
correlation-stream-cores1,pcm_cha,drd_occupancy,SKT0C15,6,0.3826655566666667,request_seconds
correlation-stream-cores1,pcm_cha,drd_occupancy,SKT0C15,7,0.38277112458333334,request_seconds
correlation-stream-cores1,pcm_cha,drd_occupancy,SKT0C15,8,0.3832131816666667,request_seconds
correlation-stream-cores1,pcm_cha,drd_occupancy,SKT0C15,9,0.38270153333333334,request_seconds
correlation-stream-cores1,pcm_cha,drd_occupancy,SKT0C15,10,0.38261647,request_seconds
correlation-stream-cores1,pcm_cha,drd_occupancy,SKT0C15,11,0.38264880875,request_seconds
correlation-stream-cores1,pcm_cha,drd_occupancy,SKT0C15,12,0.38268868833333336,request_seconds
correlation-stream-cores1,pcm_cha,drd_occupancy,SKT0C15,13,0.38306180041666665,request_seconds
correlation-stream-cores1,pcm_cha,drd_occupancy,SKT0C15,14,0.3827289625,request_seconds
correlation-stream-cores1,pcm_cha,drd_occupancy,SKT0C15,15,0.3826166541666667,request_seconds
correlation-stream-cores1,pcm_cha,drd_occupancy,SKT0C15,16,0.3825667079166667,request_seconds
correlation-stream-cores1,pcm_cha,drd_occupancy,SKT0C15,17,0.38244480708333334,request_seconds
correlation-stream-cores1,pcm_cha,drd_occupancy,SKT0C15,18,0.3829219716666667,request_seconds
correlation-stream-cores1,pcm_cha,drd_occupancy,SKT0C15,19,0.38243140375,request_seconds
correlation-stream-cores1,pcm_cha,drd_occupancy,SKT0C15,20,0.3824986891666667,request_seconds
correlation-stream-cores1,pcm_cha,drd_occupancy,SKT0C15,21,0.38254166958333335,request_seconds
correlation-stream-cores1,pcm_cha,drd_occupancy,SKT0C15,22,0.3828623425,request_seconds
correlation-stream-cores1,pcm_cha,drd_occupancy,SKT0C15,23,0.38260226583333334,request_seconds
correlation-stream-cores1,pcm_cha,drd_occupancy,SKT0C15,24,0.3825376020833333,request_seconds
correlation-stream-cores1,pcm_cha,drd_occupancy,SKT0C15,25,0.38232733041666667,request_seconds
correlation-stream-cores1,pcm_cha,drd_occupancy,SKT0C15,26,0.3829963608333333,request_seconds
correlation-stream-cores1,pcm_cha,drd_occupancy,SKT0C15,27,0.3824525429166667,request_seconds
correlation-stream-cores1,pcm_cha,drd_occupancy,SKT0C15,28,0.3826346958333333,request_seconds
correlation-stream-cores1,pcm_cha,drd_occupancy,SKT0C15,29,0.3826747833333333,request_seconds
correlation-stream-cores1,pcm_cha,drd_occupancy,SKT0C15,30,0.38297272416666667,request_seconds
correlation-stream-cores1,pcm_cha,drd_occupancy,SKT0C15,31,0.38269442291666667,request_seconds
correlation-stream-cores1,pcm_cha,drd_occupancy,SKT0C15,32,0.38262775416666667,request_seconds
correlation-stream-cores1,pcm_cha,drd_occupancy,SKT0C15,33,0.38261242333333334,request_seconds
correlation-stream-cores1,pcm_cha,drd_occupancy,SKT0C15,34,0.3827530516666667,request_seconds
correlation-stream-cores1,pcm_cha,drd_occupancy,SKT0C15,35,0.38297636791666667,request_seconds
correlation-stream-cores1,pcm_cha,drd_occupancy,SKT0C15,36,0.3826759129166667,request_seconds
correlation-stream-cores1,pcm_cha,drd_occupancy,SKT0C15,37,0.38234361916666665,request_seconds
correlation-stream-cores1,pcm_cha,drd_occupancy,SKT0C15,38,0.38256992916666666,request_seconds
correlation-stream-cores1,pcm_cha,drd_occupancy,SKT0C15,39,0.3829807508333333,request_seconds
correlation-stream-cores1,pcm_cha,drd_occupancy,SKT0C15,40,0.38281179666666665,request_seconds
correlation-stream-cores1,pcm_cha,drd_occupancy,SKT0C15,41,0.38227682333333335,request_seconds
correlation-stream-cores1,pcm_cha,drd_occupancy,SKT0C15,42,0.38245341875,request_seconds
correlation-stream-cores1,pcm_cha,drd_occupancy,SKT0C15,43,0.38309748625,request_seconds
correlation-stream-cores1,pcm_cha,drd_occupancy,SKT0C15,44,0.3829403808333333,request_seconds
correlation-stream-cores1,pcm_cha,drd_occupancy,SKT0C15,45,0.38254676583333336,request_seconds
correlation-stream-cores1,pcm_cha,drd_occupancy,SKT0C15,46,0.38246358875,request_seconds
correlation-stream-cores1,pcm_cha,drd_occupancy,SKT0C15,47,0.38260259416666664,request_seconds
correlation-stream-cores1,pcm_cha,drd_occupancy,SKT0C15,48,0.38273932125,request_seconds
correlation-stream-cores1,pcm_cha,drd_occupancy,SKT0C15,49,0.38240579,request_seconds
correlation-stream-cores1,pcm_cha,drd_occupancy,SKT0C15,50,0.38246427625,request_seconds
correlation-stream-cores1,pcm_cha,drd_occupancy,SKT0C15,51,0.38240337291666665,request_seconds
correlation-stream-cores1,pcm_cha,drd_occupancy,SKT0C15,52,0.3828548875,request_seconds
correlation-stream-cores1,pcm_cha,drd_occupancy,SKT0C15,53,0.38243319541666665,request_seconds
correlation-stream-cores1,pcm_cha,drd_occupancy,SKT0C15,54,0.38245711541666666,request_seconds
correlation-stream-cores1,pcm_cha,drd_occupancy,SKT0C15,55,0.3824542358333333,request_seconds
correlation-stream-cores1,pcm_cha,drd_occupancy,SKT0C15,56,0.3824104641666667,request_seconds
correlation-stream-cores1,pcm_cha,drd_occupancy,SKT0C15,57,0.38291260916666664,request_seconds
correlation-stream-cores1,pcm_cha,drd_occupancy,SKT0C15,58,0.382577345,request_seconds
correlation-stream-cores1,pcm_cha,drd_occupancy,SKT0C15,59,0.382517025,request_seconds
correlation-stream-cores1,pcm_cha,drd_latency,SKT0C0,0,30.861576447176144,ns
correlation-stream-cores1,pcm_cha,drd_latency,SKT0C0,1,30.8590140920901,ns
correlation-stream-cores1,pcm_cha,drd_latency,SKT0C0,2,30.855529587440667,ns
correlation-stream-cores1,pcm_cha,drd_latency,SKT0C0,3,30.85655646485959,ns
correlation-stream-cores1,pcm_cha,drd_latency,SKT0C0,4,30.856817194671407,ns
correlation-stream-cores1,pcm_cha,drd_latency,SKT0C0,5,30.857068524159153,ns
correlation-stream-cores1,pcm_cha,drd_latency,SKT0C0,6,30.85806543867137,ns
correlation-stream-cores1,pcm_cha,drd_latency,SKT0C0,7,30.855875316241693,ns
correlation-stream-cores1,pcm_cha,drd_latency,SKT0C0,8,30.856052827648988,ns
correlation-stream-cores1,pcm_cha,drd_latency,SKT0C0,9,30.856017050398194,ns
correlation-stream-cores1,pcm_cha,drd_latency,SKT0C0,10,30.857271164936424,ns
correlation-stream-cores1,pcm_cha,drd_latency,SKT0C0,11,30.856229144072177,ns
correlation-stream-cores1,pcm_cha,drd_latency,SKT0C0,12,30.85715262413446,ns
correlation-stream-cores1,pcm_cha,drd_latency,SKT0C0,13,30.856513103974912,ns
correlation-stream-cores1,pcm_cha,drd_latency,SKT0C0,14,30.856704009644496,ns
correlation-stream-cores1,pcm_cha,drd_latency,SKT0C0,15,30.856209280618707,ns
correlation-stream-cores1,pcm_cha,drd_latency,SKT0C0,16,30.856294415672053,ns
correlation-stream-cores1,pcm_cha,drd_latency,SKT0C0,17,30.856182744206805,ns
correlation-stream-cores1,pcm_cha,drd_latency,SKT0C0,18,30.85795685016292,ns
correlation-stream-cores1,pcm_cha,drd_latency,SKT0C0,19,30.856006696065432,ns
correlation-stream-cores1,pcm_cha,drd_latency,SKT0C0,20,30.85671806553725,ns
correlation-stream-cores1,pcm_cha,drd_latency,SKT0C0,21,30.856916800791808,ns
correlation-stream-cores1,pcm_cha,drd_latency,SKT0C0,22,30.85599868450069,ns
correlation-stream-cores1,pcm_cha,drd_latency,SKT0C0,23,30.85508115182777,ns
correlation-stream-cores1,pcm_cha,drd_latency,SKT0C0,24,30.857815409474803,ns
correlation-stream-cores1,pcm_cha,drd_latency,SKT0C0,25,30.85665655728797,ns
correlation-stream-cores1,pcm_cha,drd_latency,SKT0C0,26,30.85674252602152,ns
correlation-stream-cores1,pcm_cha,drd_latency,SKT0C0,27,30.8563883991446,ns
correlation-stream-cores1,pcm_cha,drd_latency,SKT0C0,28,30.8563026503016,ns
correlation-stream-cores1,pcm_cha,drd_latency,SKT0C0,29,30.856013442458735,ns
correlation-stream-cores1,pcm_cha,drd_latency,SKT0C0,30,30.85789793408388,ns
correlation-stream-cores1,pcm_cha,drd_latency,SKT0C0,31,30.857998057143462,ns
correlation-stream-cores1,pcm_cha,drd_latency,SKT0C0,32,30.85801766897502,ns
correlation-stream-cores1,pcm_cha,drd_latency,SKT0C0,33,30.859646119977086,ns
correlation-stream-cores1,pcm_cha,drd_latency,SKT0C0,34,30.861011405284927,ns
correlation-stream-cores1,pcm_cha,drd_latency,SKT0C0,35,30.856161440985353,ns
correlation-stream-cores1,pcm_cha,drd_latency,SKT0C0,36,30.857272012401346,ns
correlation-stream-cores1,pcm_cha,drd_latency,SKT0C0,37,30.856453438524102,ns
correlation-stream-cores1,pcm_cha,drd_latency,SKT0C0,38,30.855620171833518,ns
correlation-stream-cores1,pcm_cha,drd_latency,SKT0C0,39,30.85566347279003,ns
correlation-stream-cores1,pcm_cha,drd_latency,SKT0C0,40,30.85585121161658,ns
correlation-stream-cores1,pcm_cha,drd_latency,SKT0C0,41,30.858261050466478,ns
correlation-stream-cores1,pcm_cha,drd_latency,SKT0C0,42,30.85616347303262,ns
correlation-stream-cores1,pcm_cha,drd_latency,SKT0C0,43,30.860920066280983,ns
correlation-stream-cores1,pcm_cha,drd_latency,SKT0C0,44,30.856479364212277,ns
correlation-stream-cores1,pcm_cha,drd_latency,SKT0C0,45,30.855456417376377,ns
correlation-stream-cores1,pcm_cha,drd_latency,SKT0C0,46,30.85534828698034,ns
correlation-stream-cores1,pcm_cha,drd_latency,SKT0C0,47,30.86037518942363,ns
correlation-stream-cores1,pcm_cha,drd_latency,SKT0C0,48,30.85705995449341,ns
correlation-stream-cores1,pcm_cha,drd_latency,SKT0C0,49,30.856170244764257,ns
correlation-stream-cores1,pcm_cha,drd_latency,SKT0C0,50,30.856269709257703,ns
correlation-stream-cores1,pcm_cha,drd_latency,SKT0C0,51,30.855888578439128,ns
correlation-stream-cores1,pcm_cha,drd_latency,SKT0C0,52,30.856882710943015,ns
correlation-stream-cores1,pcm_cha,drd_latency,SKT0C0,53,30.85680043346143,ns
correlation-stream-cores1,pcm_cha,drd_latency,SKT0C0,54,30.855972341643184,ns
correlation-stream-cores1,pcm_cha,drd_latency,SKT0C0,55,30.85540269798169,ns
correlation-stream-cores1,pcm_cha,drd_latency,SKT0C0,56,30.85595014276398,ns
correlation-stream-cores1,pcm_cha,drd_latency,SKT0C0,57,30.85531894607569,ns
correlation-stream-cores1,pcm_cha,drd_latency,SKT0C0,58,30.855727511485945,ns
correlation-stream-cores1,pcm_cha,drd_latency,SKT0C0,59,30.856258900068767,ns
correlation-stream-cores1,pcm_cha,drd_latency,SKT0C1,0,31.237680150010213,ns
correlation-stream-cores1,pcm_cha,drd_latency,SKT0C1,1,31.234931750309418,ns
correlation-stream-cores1,pcm_cha,drd_latency,SKT0C1,2,31.233151535998473,ns
correlation-stream-cores1,pcm_cha,drd_latency,SKT0C1,3,31.231138528847016,ns
correlation-stream-cores1,pcm_cha,drd_latency,SKT0C1,4,31.231320299077748,ns
correlation-stream-cores1,pcm_cha,drd_latency,SKT0C1,5,31.232359820862168,ns
correlation-stream-cores1,pcm_cha,drd_latency,SKT0C1,6,31.232931433381225,ns
correlation-stream-cores1,pcm_cha,drd_latency,SKT0C1,7,31.23088181829579,ns
correlation-stream-cores1,pcm_cha,drd_latency,SKT0C1,8,31.232423520990572,ns
correlation-stream-cores1,pcm_cha,drd_latency,SKT0C1,9,31.231084971421737,ns
correlation-stream-cores1,pcm_cha,drd_latency,SKT0C1,10,31.232737924171364,ns
correlation-stream-cores1,pcm_cha,drd_latency,SKT0C1,11,31.231578918326363,ns
correlation-stream-cores1,pcm_cha,drd_latency,SKT0C1,12,31.231496919873575,ns
correlation-stream-cores1,pcm_cha,drd_latency,SKT0C1,13,31.232990788806816,ns
correlation-stream-cores1,pcm_cha,drd_latency,SKT0C1,14,31.231683902885,ns
correlation-stream-cores1,pcm_cha,drd_latency,SKT0C1,15,31.232298538467855,ns
correlation-stream-cores1,pcm_cha,drd_latency,SKT0C1,16,31.23078115538622,ns
correlation-stream-cores1,pcm_cha,drd_latency,SKT0C1,17,31.23261070019433,ns
correlation-stream-cores1,pcm_cha,drd_latency,SKT0C1,18,31.23208305629847,ns
correlation-stream-cores1,pcm_cha,drd_latency,SKT0C1,19,31.2318051441254,ns
correlation-stream-cores1,pcm_cha,drd_latency,SKT0C1,20,31.231518698206916,ns
correlation-stream-cores1,pcm_cha,drd_latency,SKT0C1,21,31.232233055230196,ns
correlation-stream-cores1,pcm_cha,drd_latency,SKT0C1,22,31.23228788804495,ns
correlation-stream-cores1,pcm_cha,drd_latency,SKT0C1,23,31.231607404604468,ns
correlation-stream-cores1,pcm_cha,drd_latency,SKT0C1,24,31.232814541517104,ns
correlation-stream-cores1,pcm_cha,drd_latency,SKT0C1,25,31.23177535568514,ns
correlation-stream-cores1,pcm_cha,drd_latency,SKT0C1,26,31.23147492919774,ns
correlation-stream-cores1,pcm_cha,drd_latency,SKT0C1,27,31.23179549444769,ns
correlation-stream-cores1,pcm_cha,drd_latency,SKT0C1,28,31.23153148087134,ns
correlation-stream-cores1,pcm_cha,drd_latency,SKT0C1,29,31.231843262688905,ns
correlation-stream-cores1,pcm_cha,drd_latency,SKT0C1,30,31.233212524525666,ns
correlation-stream-cores1,pcm_cha,drd_latency,SKT0C1,31,31.233289842154157,ns
correlation-stream-cores1,pcm_cha,drd_latency,SKT0C1,32,31.232745459677567,ns
correlation-stream-cores1,pcm_cha,drd_latency,SKT0C1,33,31.23427641689514,ns
correlation-stream-cores1,pcm_cha,drd_latency,SKT0C1,34,31.235373157891747,ns
correlation-stream-cores1,pcm_cha,drd_latency,SKT0C1,35,31.23275347168602,ns
correlation-stream-cores1,pcm_cha,drd_latency,SKT0C1,36,31.233475613438937,ns
correlation-stream-cores1,pcm_cha,drd_latency,SKT0C1,37,31.232105903958296,ns
correlation-stream-cores1,pcm_cha,drd_latency,SKT0C1,38,31.23187368253983,ns
correlation-stream-cores1,pcm_cha,drd_latency,SKT0C1,39,31.231568606779163,ns
correlation-stream-cores1,pcm_cha,drd_latency,SKT0C1,40,31.232407417084023,ns
correlation-stream-cores1,pcm_cha,drd_latency,SKT0C1,41,31.23380330429015,ns
correlation-stream-cores1,pcm_cha,drd_latency,SKT0C1,42,31.231904957135928,ns
correlation-stream-cores1,pcm_cha,drd_latency,SKT0C1,43,31.236631157816795,ns
correlation-stream-cores1,pcm_cha,drd_latency,SKT0C1,44,31.231523516806142,ns
correlation-stream-cores1,pcm_cha,drd_latency,SKT0C1,45,31.231728883558297,ns
correlation-stream-cores1,pcm_cha,drd_latency,SKT0C1,46,31.23157687616213,ns
correlation-stream-cores1,pcm_cha,drd_latency,SKT0C1,47,31.236648410053192,ns
correlation-stream-cores1,pcm_cha,drd_latency,SKT0C1,48,31.232177947379263,ns
correlation-stream-cores1,pcm_cha,drd_latency,SKT0C1,49,31.232855327042273,ns
correlation-stream-cores1,pcm_cha,drd_latency,SKT0C1,50,31.231616584282204,ns
correlation-stream-cores1,pcm_cha,drd_latency,SKT0C1,51,31.230735772872954,ns
correlation-stream-cores1,pcm_cha,drd_latency,SKT0C1,52,31.231832040297178,ns
correlation-stream-cores1,pcm_cha,drd_latency,SKT0C1,53,31.23195702025684,ns
correlation-stream-cores1,pcm_cha,drd_latency,SKT0C1,54,31.23190143376206,ns
correlation-stream-cores1,pcm_cha,drd_latency,SKT0C1,55,31.23216537358559,ns
correlation-stream-cores1,pcm_cha,drd_latency,SKT0C1,56,31.231910335047772,ns
correlation-stream-cores1,pcm_cha,drd_latency,SKT0C1,57,31.232714365402806,ns
correlation-stream-cores1,pcm_cha,drd_latency,SKT0C1,58,31.232426736442918,ns
correlation-stream-cores1,pcm_cha,drd_latency,SKT0C1,59,31.233896803559325,ns
correlation-stream-cores1,pcm_cha,drd_latency,SKT0C2,0,30.72542496190293,ns
correlation-stream-cores1,pcm_cha,drd_latency,SKT0C2,1,30.724008337548376,ns
correlation-stream-cores1,pcm_cha,drd_latency,SKT0C2,2,30.7216442101941,ns
correlation-stream-cores1,pcm_cha,drd_latency,SKT0C2,3,30.72045235551451,ns
correlation-stream-cores1,pcm_cha,drd_latency,SKT0C2,4,30.72107878081355,ns
correlation-stream-cores1,pcm_cha,drd_latency,SKT0C2,5,30.721456566949815,ns
correlation-stream-cores1,pcm_cha,drd_latency,SKT0C2,6,30.722745925123817,ns
correlation-stream-cores1,pcm_cha,drd_latency,SKT0C2,7,30.721389283619242,ns
correlation-stream-cores1,pcm_cha,drd_latency,SKT0C2,8,30.72113205839122,ns
correlation-stream-cores1,pcm_cha,drd_latency,SKT0C2,9,30.721242779542848,ns
correlation-stream-cores1,pcm_cha,drd_latency,SKT0C2,10,30.72240238333016,ns
correlation-stream-cores1,pcm_cha,drd_latency,SKT0C2,11,30.72097809108127,ns
correlation-stream-cores1,pcm_cha,drd_latency,SKT0C2,12,30.721832916078355,ns
correlation-stream-cores1,pcm_cha,drd_latency,SKT0C2,13,30.72149197102127,ns
correlation-stream-cores1,pcm_cha,drd_latency,SKT0C2,14,30.72031296592873,ns
correlation-stream-cores1,pcm_cha,drd_latency,SKT0C2,15,30.721205370231395,ns
correlation-stream-cores1,pcm_cha,drd_latency,SKT0C2,16,30.721461189201413,ns
correlation-stream-cores1,pcm_cha,drd_latency,SKT0C2,17,30.721084285127315,ns
correlation-stream-cores1,pcm_cha,drd_latency,SKT0C2,18,30.721638734396127,ns
correlation-stream-cores1,pcm_cha,drd_latency,SKT0C2,19,30.722133185499708,ns
correlation-stream-cores1,pcm_cha,drd_latency,SKT0C2,20,30.720941046389623,ns
correlation-stream-cores1,pcm_cha,drd_latency,SKT0C2,21,30.722187518209882,ns
correlation-stream-cores1,pcm_cha,drd_latency,SKT0C2,22,30.72169377399066,ns
correlation-stream-cores1,pcm_cha,drd_latency,SKT0C2,23,30.72256502935261,ns
correlation-stream-cores1,pcm_cha,drd_latency,SKT0C2,24,30.72190355875755,ns
correlation-stream-cores1,pcm_cha,drd_latency,SKT0C2,25,30.72154142708928,ns
correlation-stream-cores1,pcm_cha,drd_latency,SKT0C2,26,30.722575636846493,ns
correlation-stream-cores1,pcm_cha,drd_latency,SKT0C2,27,30.721351205893235,ns
correlation-stream-cores1,pcm_cha,drd_latency,SKT0C2,28,30.72182405182561,ns
correlation-stream-cores1,pcm_cha,drd_latency,SKT0C2,29,30.72228235182884,ns
correlation-stream-cores1,pcm_cha,drd_latency,SKT0C2,30,30.72280897641708,ns
correlation-stream-cores1,pcm_cha,drd_latency,SKT0C2,31,30.72352417409178,ns
correlation-stream-cores1,pcm_cha,drd_latency,SKT0C2,32,30.722977819692556,ns
correlation-stream-cores1,pcm_cha,drd_latency,SKT0C2,33,30.725101462803725,ns
correlation-stream-cores1,pcm_cha,drd_latency,SKT0C2,34,30.72365873845497,ns
correlation-stream-cores1,pcm_cha,drd_latency,SKT0C2,35,30.722661127571513,ns
correlation-stream-cores1,pcm_cha,drd_latency,SKT0C2,36,30.72162654180123,ns
correlation-stream-cores1,pcm_cha,drd_latency,SKT0C2,37,30.722466616767544,ns
correlation-stream-cores1,pcm_cha,drd_latency,SKT0C2,38,30.72282938962285,ns
correlation-stream-cores1,pcm_cha,drd_latency,SKT0C2,39,30.721099176148755,ns
correlation-stream-cores1,pcm_cha,drd_latency,SKT0C2,40,30.721753399051998,ns
correlation-stream-cores1,pcm_cha,drd_latency,SKT0C2,41,30.723004065227325,ns
correlation-stream-cores1,pcm_cha,drd_latency,SKT0C2,42,30.72239480750892,ns
correlation-stream-cores1,pcm_cha,drd_latency,SKT0C2,43,30.727085696964025,ns
correlation-stream-cores1,pcm_cha,drd_latency,SKT0C2,44,30.72240837712613,ns
correlation-stream-cores1,pcm_cha,drd_latency,SKT0C2,45,30.722761179727886,ns
correlation-stream-cores1,pcm_cha,drd_latency,SKT0C2,46,30.72222196936866,ns
correlation-stream-cores1,pcm_cha,drd_latency,SKT0C2,47,30.725498971987143,ns
correlation-stream-cores1,pcm_cha,drd_latency,SKT0C2,48,30.722006107145965,ns
correlation-stream-cores1,pcm_cha,drd_latency,SKT0C2,49,30.721740672697468,ns
correlation-stream-cores1,pcm_cha,drd_latency,SKT0C2,50,30.722189392997528,ns
correlation-stream-cores1,pcm_cha,drd_latency,SKT0C2,51,30.722169070929297,ns
correlation-stream-cores1,pcm_cha,drd_latency,SKT0C2,52,30.7223565234204,ns
correlation-stream-cores1,pcm_cha,drd_latency,SKT0C2,53,30.72223619033264,ns
correlation-stream-cores1,pcm_cha,drd_latency,SKT0C2,54,30.721420529963964,ns
correlation-stream-cores1,pcm_cha,drd_latency,SKT0C2,55,30.72210885024201,ns
correlation-stream-cores1,pcm_cha,drd_latency,SKT0C2,56,30.721757004730872,ns
correlation-stream-cores1,pcm_cha,drd_latency,SKT0C2,57,30.72049667060716,ns
correlation-stream-cores1,pcm_cha,drd_latency,SKT0C2,58,30.72188869080921,ns
correlation-stream-cores1,pcm_cha,drd_latency,SKT0C2,59,30.72239293969687,ns
correlation-stream-cores1,pcm_cha,drd_latency,SKT0C3,0,32.8738177931791,ns
correlation-stream-cores1,pcm_cha,drd_latency,SKT0C3,1,32.87423439278636,ns
correlation-stream-cores1,pcm_cha,drd_latency,SKT0C3,2,32.870271999019,ns
correlation-stream-cores1,pcm_cha,drd_latency,SKT0C3,3,32.870933589061686,ns
correlation-stream-cores1,pcm_cha,drd_latency,SKT0C3,4,32.870837298614745,ns
correlation-stream-cores1,pcm_cha,drd_latency,SKT0C3,5,32.870489125864005,ns
correlation-stream-cores1,pcm_cha,drd_latency,SKT0C3,6,32.87086262065421,ns
correlation-stream-cores1,pcm_cha,drd_latency,SKT0C3,7,32.8703879911906,ns
correlation-stream-cores1,pcm_cha,drd_latency,SKT0C3,8,32.871529213986236,ns
correlation-stream-cores1,pcm_cha,drd_latency,SKT0C3,9,32.87079525536783,ns
correlation-stream-cores1,pcm_cha,drd_latency,SKT0C3,10,32.872155033838666,ns
correlation-stream-cores1,pcm_cha,drd_latency,SKT0C3,11,32.871476017715814,ns
correlation-stream-cores1,pcm_cha,drd_latency,SKT0C3,12,32.87054135969107,ns
correlation-stream-cores1,pcm_cha,drd_latency,SKT0C3,13,32.87105317117007,ns
correlation-stream-cores1,pcm_cha,drd_latency,SKT0C3,14,32.87066494542096,ns
correlation-stream-cores1,pcm_cha,drd_latency,SKT0C3,15,32.87049845148807,ns
correlation-stream-cores1,pcm_cha,drd_latency,SKT0C3,16,32.871293188066254,ns
correlation-stream-cores1,pcm_cha,drd_latency,SKT0C3,17,32.87060992819998,ns
correlation-stream-cores1,pcm_cha,drd_latency,SKT0C3,18,32.87128533458045,ns
correlation-stream-cores1,pcm_cha,drd_latency,SKT0C3,19,32.870854292567394,ns
correlation-stream-cores1,pcm_cha,drd_latency,SKT0C3,20,32.870785344558044,ns
correlation-stream-cores1,pcm_cha,drd_latency,SKT0C3,21,32.870142629056296,ns
correlation-stream-cores1,pcm_cha,drd_latency,SKT0C3,22,32.87142186441691,ns
correlation-stream-cores1,pcm_cha,drd_latency,SKT0C3,23,32.87121662567902,ns
correlation-stream-cores1,pcm_cha,drd_latency,SKT0C3,24,32.87097063909386,ns
correlation-stream-cores1,pcm_cha,drd_latency,SKT0C3,25,32.87151984317519,ns
correlation-stream-cores1,pcm_cha,drd_latency,SKT0C3,26,32.871356782812455,ns
correlation-stream-cores1,pcm_cha,drd_latency,SKT0C3,27,32.87245256862364,ns
correlation-stream-cores1,pcm_cha,drd_latency,SKT0C3,28,32.87133040882524,ns
correlation-stream-cores1,pcm_cha,drd_latency,SKT0C3,29,32.87151024803272,ns
correlation-stream-cores1,pcm_cha,drd_latency,SKT0C3,30,32.87328288778601,ns
correlation-stream-cores1,pcm_cha,drd_latency,SKT0C3,31,32.873124528115895,ns
correlation-stream-cores1,pcm_cha,drd_latency,SKT0C3,32,32.871849501829296,ns
correlation-stream-cores1,pcm_cha,drd_latency,SKT0C3,33,32.87438188982555,ns
correlation-stream-cores1,pcm_cha,drd_latency,SKT0C3,34,32.87256029609254,ns
correlation-stream-cores1,pcm_cha,drd_latency,SKT0C3,35,32.871877959954816,ns
correlation-stream-cores1,pcm_cha,drd_latency,SKT0C3,36,32.87128369977512,ns
correlation-stream-cores1,pcm_cha,drd_latency,SKT0C3,37,32.87200875317589,ns
correlation-stream-cores1,pcm_cha,drd_latency,SKT0C3,38,32.87148203614958,ns
correlation-stream-cores1,pcm_cha,drd_latency,SKT0C3,39,32.87017420833469,ns
correlation-stream-cores1,pcm_cha,drd_latency,SKT0C3,40,32.871376660250725,ns
correlation-stream-cores1,pcm_cha,drd_latency,SKT0C3,41,32.872321664724154,ns
correlation-stream-cores1,pcm_cha,drd_latency,SKT0C3,42,32.87111094920675,ns
correlation-stream-cores1,pcm_cha,drd_latency,SKT0C3,43,32.87557719233243,ns
correlation-stream-cores1,pcm_cha,drd_latency,SKT0C3,44,32.871091770064325,ns
correlation-stream-cores1,pcm_cha,drd_latency,SKT0C3,45,32.87136280953586,ns
correlation-stream-cores1,pcm_cha,drd_latency,SKT0C3,46,32.8719989625337,ns
correlation-stream-cores1,pcm_cha,drd_latency,SKT0C3,47,32.87498826797728,ns
correlation-stream-cores1,pcm_cha,drd_latency,SKT0C3,48,32.87268740866465,ns
correlation-stream-cores1,pcm_cha,drd_latency,SKT0C3,49,32.87183538950884,ns
correlation-stream-cores1,pcm_cha,drd_latency,SKT0C3,50,32.87163126471856,ns
correlation-stream-cores1,pcm_cha,drd_latency,SKT0C3,51,32.87076637286198,ns
correlation-stream-cores1,pcm_cha,drd_latency,SKT0C3,52,32.87152481140994,ns
correlation-stream-cores1,pcm_cha,drd_latency,SKT0C3,53,32.87188569464825,ns
correlation-stream-cores1,pcm_cha,drd_latency,SKT0C3,54,32.87136241582286,ns
correlation-stream-cores1,pcm_cha,drd_latency,SKT0C3,55,32.87134378421191,ns
correlation-stream-cores1,pcm_cha,drd_latency,SKT0C3,56,32.87132979471684,ns
correlation-stream-cores1,pcm_cha,drd_latency,SKT0C3,57,32.87136532560859,ns
correlation-stream-cores1,pcm_cha,drd_latency,SKT0C3,58,32.87127470579572,ns
correlation-stream-cores1,pcm_cha,drd_latency,SKT0C3,59,32.87108873430288,ns
correlation-stream-cores1,pcm_cha,drd_latency,SKT0C4,0,22.762553474713904,ns
correlation-stream-cores1,pcm_cha,drd_latency,SKT0C4,1,22.756960596917317,ns
correlation-stream-cores1,pcm_cha,drd_latency,SKT0C4,2,22.753973654585092,ns
correlation-stream-cores1,pcm_cha,drd_latency,SKT0C4,3,22.752767439018115,ns
correlation-stream-cores1,pcm_cha,drd_latency,SKT0C4,4,22.753384952203227,ns
correlation-stream-cores1,pcm_cha,drd_latency,SKT0C4,5,22.752353706450474,ns
correlation-stream-cores1,pcm_cha,drd_latency,SKT0C4,6,22.75301813820667,ns
correlation-stream-cores1,pcm_cha,drd_latency,SKT0C4,7,22.753420409082253,ns
correlation-stream-cores1,pcm_cha,drd_latency,SKT0C4,8,22.754152708654672,ns
correlation-stream-cores1,pcm_cha,drd_latency,SKT0C4,9,22.75339822298799,ns
correlation-stream-cores1,pcm_cha,drd_latency,SKT0C4,10,22.752307253349326,ns
correlation-stream-cores1,pcm_cha,drd_latency,SKT0C4,11,22.753184327202828,ns
correlation-stream-cores1,pcm_cha,drd_latency,SKT0C4,12,22.753259520830266,ns
correlation-stream-cores1,pcm_cha,drd_latency,SKT0C4,13,22.753801369653598,ns
correlation-stream-cores1,pcm_cha,drd_latency,SKT0C4,14,22.75341199724002,ns
correlation-stream-cores1,pcm_cha,drd_latency,SKT0C4,15,22.75279316615048,ns
correlation-stream-cores1,pcm_cha,drd_latency,SKT0C4,16,22.75221777939201,ns
correlation-stream-cores1,pcm_cha,drd_latency,SKT0C4,17,22.753509707430595,ns
correlation-stream-cores1,pcm_cha,drd_latency,SKT0C4,18,22.753238121163033,ns
correlation-stream-cores1,pcm_cha,drd_latency,SKT0C4,19,22.75248801999662,ns
correlation-stream-cores1,pcm_cha,drd_latency,SKT0C4,20,22.75228736282925,ns
correlation-stream-cores1,pcm_cha,drd_latency,SKT0C4,21,22.752891270789267,ns
correlation-stream-cores1,pcm_cha,drd_latency,SKT0C4,22,22.75222549629673,ns
correlation-stream-cores1,pcm_cha,drd_latency,SKT0C4,23,22.751893404880526,ns
correlation-stream-cores1,pcm_cha,drd_latency,SKT0C4,24,22.755822888963465,ns
correlation-stream-cores1,pcm_cha,drd_latency,SKT0C4,25,22.754521684987573,ns
correlation-stream-cores1,pcm_cha,drd_latency,SKT0C4,26,22.75352574909115,ns
correlation-stream-cores1,pcm_cha,drd_latency,SKT0C4,27,22.753296058565297,ns
correlation-stream-cores1,pcm_cha,drd_latency,SKT0C4,28,22.75279526676721,ns
correlation-stream-cores1,pcm_cha,drd_latency,SKT0C4,29,22.752593905029272,ns
correlation-stream-cores1,pcm_cha,drd_latency,SKT0C4,30,22.754196399038207,ns
correlation-stream-cores1,pcm_cha,drd_latency,SKT0C4,31,22.755914903398146,ns
correlation-stream-cores1,pcm_cha,drd_latency,SKT0C4,32,22.753172386591018,ns
correlation-stream-cores1,pcm_cha,drd_latency,SKT0C4,33,22.756433775538426,ns
correlation-stream-cores1,pcm_cha,drd_latency,SKT0C4,34,22.760963677739195,ns
correlation-stream-cores1,pcm_cha,drd_latency,SKT0C4,35,22.7534094508959,ns
correlation-stream-cores1,pcm_cha,drd_latency,SKT0C4,36,22.754081087234514,ns
correlation-stream-cores1,pcm_cha,drd_latency,SKT0C4,37,22.7549981099293,ns
correlation-stream-cores1,pcm_cha,drd_latency,SKT0C4,38,22.754369902967586,ns
correlation-stream-cores1,pcm_cha,drd_latency,SKT0C4,39,22.752922805142923,ns
correlation-stream-cores1,pcm_cha,drd_latency,SKT0C4,40,22.753995320197337,ns
correlation-stream-cores1,pcm_cha,drd_latency,SKT0C4,41,22.75503630608825,ns
correlation-stream-cores1,pcm_cha,drd_latency,SKT0C4,42,22.75376109307246,ns
correlation-stream-cores1,pcm_cha,drd_latency,SKT0C4,43,22.759955162762157,ns
correlation-stream-cores1,pcm_cha,drd_latency,SKT0C4,44,22.754352914320847,ns
correlation-stream-cores1,pcm_cha,drd_latency,SKT0C4,45,22.754090221369932,ns
correlation-stream-cores1,pcm_cha,drd_latency,SKT0C4,46,22.75290796114125,ns
correlation-stream-cores1,pcm_cha,drd_latency,SKT0C4,47,22.760386102724837,ns
correlation-stream-cores1,pcm_cha,drd_latency,SKT0C4,48,22.754053524946766,ns
correlation-stream-cores1,pcm_cha,drd_latency,SKT0C4,49,22.754023017107045,ns
correlation-stream-cores1,pcm_cha,drd_latency,SKT0C4,50,22.753768591422432,ns
correlation-stream-cores1,pcm_cha,drd_latency,SKT0C4,51,22.754697397392945,ns
correlation-stream-cores1,pcm_cha,drd_latency,SKT0C4,52,22.752611602965136,ns
correlation-stream-cores1,pcm_cha,drd_latency,SKT0C4,53,22.753700460865154,ns
correlation-stream-cores1,pcm_cha,drd_latency,SKT0C4,54,22.75364137222749,ns
correlation-stream-cores1,pcm_cha,drd_latency,SKT0C4,55,22.752774337838673,ns
correlation-stream-cores1,pcm_cha,drd_latency,SKT0C4,56,22.752857114822145,ns
correlation-stream-cores1,pcm_cha,drd_latency,SKT0C4,57,22.753244347395313,ns
correlation-stream-cores1,pcm_cha,drd_latency,SKT0C4,58,22.752469355513117,ns
correlation-stream-cores1,pcm_cha,drd_latency,SKT0C4,59,22.753401862238686,ns
correlation-stream-cores1,pcm_cha,drd_latency,SKT0C5,0,25.737670014552243,ns
correlation-stream-cores1,pcm_cha,drd_latency,SKT0C5,1,25.733065747288403,ns
correlation-stream-cores1,pcm_cha,drd_latency,SKT0C5,2,25.729777781260015,ns
correlation-stream-cores1,pcm_cha,drd_latency,SKT0C5,3,25.728349472722122,ns
correlation-stream-cores1,pcm_cha,drd_latency,SKT0C5,4,25.729312189673916,ns
correlation-stream-cores1,pcm_cha,drd_latency,SKT0C5,5,25.731135686167015,ns
correlation-stream-cores1,pcm_cha,drd_latency,SKT0C5,6,25.729209365963907,ns
correlation-stream-cores1,pcm_cha,drd_latency,SKT0C5,7,25.72937370538371,ns
correlation-stream-cores1,pcm_cha,drd_latency,SKT0C5,8,25.73002513791913,ns
correlation-stream-cores1,pcm_cha,drd_latency,SKT0C5,9,25.729413676995105,ns
correlation-stream-cores1,pcm_cha,drd_latency,SKT0C5,10,25.72839458140163,ns
correlation-stream-cores1,pcm_cha,drd_latency,SKT0C5,11,25.729306940141207,ns
correlation-stream-cores1,pcm_cha,drd_latency,SKT0C5,12,25.728919887362107,ns
correlation-stream-cores1,pcm_cha,drd_latency,SKT0C5,13,25.72944701555981,ns
correlation-stream-cores1,pcm_cha,drd_latency,SKT0C5,14,25.729526408332088,ns
correlation-stream-cores1,pcm_cha,drd_latency,SKT0C5,15,25.72888113391534,ns
correlation-stream-cores1,pcm_cha,drd_latency,SKT0C5,16,25.730239317940164,ns
correlation-stream-cores1,pcm_cha,drd_latency,SKT0C5,17,25.729695062118516,ns
correlation-stream-cores1,pcm_cha,drd_latency,SKT0C5,18,25.72939295233712,ns
correlation-stream-cores1,pcm_cha,drd_latency,SKT0C5,19,25.729110255381865,ns
correlation-stream-cores1,pcm_cha,drd_latency,SKT0C5,20,25.728344342127436,ns
correlation-stream-cores1,pcm_cha,drd_latency,SKT0C5,21,25.729497592178554,ns
correlation-stream-cores1,pcm_cha,drd_latency,SKT0C5,22,25.729023868265358,ns
correlation-stream-cores1,pcm_cha,drd_latency,SKT0C5,23,25.729685881413356,ns
correlation-stream-cores1,pcm_cha,drd_latency,SKT0C5,24,25.731415158849117,ns
correlation-stream-cores1,pcm_cha,drd_latency,SKT0C5,25,25.730982871384484,ns
correlation-stream-cores1,pcm_cha,drd_latency,SKT0C5,26,25.728856868765792,ns
correlation-stream-cores1,pcm_cha,drd_latency,SKT0C5,27,25.729301519392283,ns
correlation-stream-cores1,pcm_cha,drd_latency,SKT0C5,28,25.7285363103823,ns
correlation-stream-cores1,pcm_cha,drd_latency,SKT0C5,29,25.729813218032575,ns
correlation-stream-cores1,pcm_cha,drd_latency,SKT0C5,30,25.730587735100407,ns
correlation-stream-cores1,pcm_cha,drd_latency,SKT0C5,31,25.73147702738905,ns
correlation-stream-cores1,pcm_cha,drd_latency,SKT0C5,32,25.730245111638705,ns
correlation-stream-cores1,pcm_cha,drd_latency,SKT0C5,33,25.732784995563094,ns
correlation-stream-cores1,pcm_cha,drd_latency,SKT0C5,34,25.735661148319164,ns
correlation-stream-cores1,pcm_cha,drd_latency,SKT0C5,35,25.73038103866172,ns
correlation-stream-cores1,pcm_cha,drd_latency,SKT0C5,36,25.729343606541097,ns
correlation-stream-cores1,pcm_cha,drd_latency,SKT0C5,37,25.73032234367058,ns
correlation-stream-cores1,pcm_cha,drd_latency,SKT0C5,38,25.730069461423117,ns
correlation-stream-cores1,pcm_cha,drd_latency,SKT0C5,39,25.72840559321979,ns
correlation-stream-cores1,pcm_cha,drd_latency,SKT0C5,40,25.729712270168182,ns
correlation-stream-cores1,pcm_cha,drd_latency,SKT0C5,41,25.731763725451057,ns
correlation-stream-cores1,pcm_cha,drd_latency,SKT0C5,42,25.729848473677528,ns
correlation-stream-cores1,pcm_cha,drd_latency,SKT0C5,43,25.73565110993489,ns
correlation-stream-cores1,pcm_cha,drd_latency,SKT0C5,44,25.730017451323622,ns
correlation-stream-cores1,pcm_cha,drd_latency,SKT0C5,45,25.72948921127141,ns
correlation-stream-cores1,pcm_cha,drd_latency,SKT0C5,46,25.72803634431386,ns
correlation-stream-cores1,pcm_cha,drd_latency,SKT0C5,47,25.73533238146662,ns
correlation-stream-cores1,pcm_cha,drd_latency,SKT0C5,48,25.729669026663984,ns
correlation-stream-cores1,pcm_cha,drd_latency,SKT0C5,49,25.73053651517825,ns
correlation-stream-cores1,pcm_cha,drd_latency,SKT0C5,50,25.729638653080716,ns
correlation-stream-cores1,pcm_cha,drd_latency,SKT0C5,51,25.730517646890426,ns
correlation-stream-cores1,pcm_cha,drd_latency,SKT0C5,52,25.72999477347759,ns
correlation-stream-cores1,pcm_cha,drd_latency,SKT0C5,53,25.72899471540243,ns
correlation-stream-cores1,pcm_cha,drd_latency,SKT0C5,54,25.729739660417287,ns
correlation-stream-cores1,pcm_cha,drd_latency,SKT0C5,55,25.72951473667557,ns
correlation-stream-cores1,pcm_cha,drd_latency,SKT0C5,56,25.7293397955164,ns
correlation-stream-cores1,pcm_cha,drd_latency,SKT0C5,57,25.729412089480526,ns
correlation-stream-cores1,pcm_cha,drd_latency,SKT0C5,58,25.72885916020117,ns
correlation-stream-cores1,pcm_cha,drd_latency,SKT0C5,59,25.72930347722261,ns
correlation-stream-cores1,pcm_cha,drd_latency,SKT0C6,0,32.33148504354095,ns
correlation-stream-cores1,pcm_cha,drd_latency,SKT0C6,1,32.33002126684425,ns
correlation-stream-cores1,pcm_cha,drd_latency,SKT0C6,2,32.32795166259819,ns
correlation-stream-cores1,pcm_cha,drd_latency,SKT0C6,3,32.32711782539791,ns
correlation-stream-cores1,pcm_cha,drd_latency,SKT0C6,4,32.32832898946794,ns
correlation-stream-cores1,pcm_cha,drd_latency,SKT0C6,5,32.32781815593699,ns
correlation-stream-cores1,pcm_cha,drd_latency,SKT0C6,6,32.327396884364724,ns
correlation-stream-cores1,pcm_cha,drd_latency,SKT0C6,7,32.32702423219894,ns
correlation-stream-cores1,pcm_cha,drd_latency,SKT0C6,8,32.32758975121247,ns
correlation-stream-cores1,pcm_cha,drd_latency,SKT0C6,9,32.327178283919615,ns
correlation-stream-cores1,pcm_cha,drd_latency,SKT0C6,10,32.32743356768322,ns
correlation-stream-cores1,pcm_cha,drd_latency,SKT0C6,11,32.32775011736441,ns
correlation-stream-cores1,pcm_cha,drd_latency,SKT0C6,12,32.32805409770075,ns
correlation-stream-cores1,pcm_cha,drd_latency,SKT0C6,13,32.32798047330663,ns
correlation-stream-cores1,pcm_cha,drd_latency,SKT0C6,14,32.32817053579169,ns
correlation-stream-cores1,pcm_cha,drd_latency,SKT0C6,15,32.32731698823279,ns
correlation-stream-cores1,pcm_cha,drd_latency,SKT0C6,16,32.32781314945727,ns
correlation-stream-cores1,pcm_cha,drd_latency,SKT0C6,17,32.3275169709767,ns
correlation-stream-cores1,pcm_cha,drd_latency,SKT0C6,18,32.328608958614,ns
correlation-stream-cores1,pcm_cha,drd_latency,SKT0C6,19,32.32799332215676,ns
correlation-stream-cores1,pcm_cha,drd_latency,SKT0C6,20,32.32712298577389,ns
correlation-stream-cores1,pcm_cha,drd_latency,SKT0C6,21,32.328111336667156,ns
correlation-stream-cores1,pcm_cha,drd_latency,SKT0C6,22,32.327197997759484,ns
correlation-stream-cores1,pcm_cha,drd_latency,SKT0C6,23,32.32805609142675,ns
correlation-stream-cores1,pcm_cha,drd_latency,SKT0C6,24,32.327915324359715,ns
correlation-stream-cores1,pcm_cha,drd_latency,SKT0C6,25,32.327282939715296,ns
correlation-stream-cores1,pcm_cha,drd_latency,SKT0C6,26,32.32838559151536,ns
correlation-stream-cores1,pcm_cha,drd_latency,SKT0C6,27,32.32817185720413,ns
correlation-stream-cores1,pcm_cha,drd_latency,SKT0C6,28,32.326949420382775,ns
correlation-stream-cores1,pcm_cha,drd_latency,SKT0C6,29,32.32849226332734,ns
correlation-stream-cores1,pcm_cha,drd_latency,SKT0C6,30,32.329230554549184,ns
correlation-stream-cores1,pcm_cha,drd_latency,SKT0C6,31,32.32864818991759,ns
correlation-stream-cores1,pcm_cha,drd_latency,SKT0C6,32,32.32937431501893,ns
correlation-stream-cores1,pcm_cha,drd_latency,SKT0C6,33,32.33048274725296,ns
correlation-stream-cores1,pcm_cha,drd_latency,SKT0C6,34,32.33072832856259,ns
correlation-stream-cores1,pcm_cha,drd_latency,SKT0C6,35,32.32823152873232,ns
correlation-stream-cores1,pcm_cha,drd_latency,SKT0C6,36,32.328422660500756,ns
correlation-stream-cores1,pcm_cha,drd_latency,SKT0C6,37,32.32813789964224,ns
correlation-stream-cores1,pcm_cha,drd_latency,SKT0C6,38,32.327723656197286,ns
correlation-stream-cores1,pcm_cha,drd_latency,SKT0C6,39,32.32821003549399,ns
correlation-stream-cores1,pcm_cha,drd_latency,SKT0C6,40,32.32842037182557,ns
correlation-stream-cores1,pcm_cha,drd_latency,SKT0C6,41,32.32920857175181,ns
correlation-stream-cores1,pcm_cha,drd_latency,SKT0C6,42,32.32809479961782,ns
correlation-stream-cores1,pcm_cha,drd_latency,SKT0C6,43,32.329981714449595,ns
correlation-stream-cores1,pcm_cha,drd_latency,SKT0C6,44,32.328535139237445,ns
correlation-stream-cores1,pcm_cha,drd_latency,SKT0C6,45,32.327673007848574,ns
correlation-stream-cores1,pcm_cha,drd_latency,SKT0C6,46,32.32886463065622,ns
correlation-stream-cores1,pcm_cha,drd_latency,SKT0C6,47,32.32943981476016,ns
correlation-stream-cores1,pcm_cha,drd_latency,SKT0C6,48,32.32812181270241,ns
correlation-stream-cores1,pcm_cha,drd_latency,SKT0C6,49,32.328210350549824,ns
correlation-stream-cores1,pcm_cha,drd_latency,SKT0C6,50,32.328287778275204,ns
correlation-stream-cores1,pcm_cha,drd_latency,SKT0C6,51,32.32756725965045,ns
correlation-stream-cores1,pcm_cha,drd_latency,SKT0C6,52,32.328161257319486,ns
correlation-stream-cores1,pcm_cha,drd_latency,SKT0C6,53,32.32818376494758,ns
correlation-stream-cores1,pcm_cha,drd_latency,SKT0C6,54,32.3279068446804,ns
correlation-stream-cores1,pcm_cha,drd_latency,SKT0C6,55,32.3276634903772,ns
correlation-stream-cores1,pcm_cha,drd_latency,SKT0C6,56,32.32818641551841,ns
correlation-stream-cores1,pcm_cha,drd_latency,SKT0C6,57,32.328545234450104,ns
correlation-stream-cores1,pcm_cha,drd_latency,SKT0C6,58,32.32725976927814,ns
correlation-stream-cores1,pcm_cha,drd_latency,SKT0C6,59,32.327707538542704,ns
correlation-stream-cores1,pcm_cha,drd_latency,SKT0C7,0,29.82021505768377,ns
correlation-stream-cores1,pcm_cha,drd_latency,SKT0C7,1,29.817419783318247,ns
correlation-stream-cores1,pcm_cha,drd_latency,SKT0C7,2,29.816418878814236,ns
correlation-stream-cores1,pcm_cha,drd_latency,SKT0C7,3,29.816268081934826,ns
correlation-stream-cores1,pcm_cha,drd_latency,SKT0C7,4,29.81570105399581,ns
correlation-stream-cores1,pcm_cha,drd_latency,SKT0C7,5,29.816175844260055,ns
correlation-stream-cores1,pcm_cha,drd_latency,SKT0C7,6,29.817176780237705,ns
correlation-stream-cores1,pcm_cha,drd_latency,SKT0C7,7,29.816409917329654,ns
correlation-stream-cores1,pcm_cha,drd_latency,SKT0C7,8,29.816728882746617,ns
correlation-stream-cores1,pcm_cha,drd_latency,SKT0C7,9,29.815741503858074,ns
correlation-stream-cores1,pcm_cha,drd_latency,SKT0C7,10,29.81713782084006,ns
correlation-stream-cores1,pcm_cha,drd_latency,SKT0C7,11,29.81655385351045,ns
correlation-stream-cores1,pcm_cha,drd_latency,SKT0C7,12,29.817634107953968,ns
correlation-stream-cores1,pcm_cha,drd_latency,SKT0C7,13,29.81682968577856,ns
correlation-stream-cores1,pcm_cha,drd_latency,SKT0C7,14,29.81670914266592,ns
correlation-stream-cores1,pcm_cha,drd_latency,SKT0C7,15,29.816195410003957,ns
correlation-stream-cores1,pcm_cha,drd_latency,SKT0C7,16,29.81664005872004,ns
correlation-stream-cores1,pcm_cha,drd_latency,SKT0C7,17,29.817360163220183,ns
correlation-stream-cores1,pcm_cha,drd_latency,SKT0C7,18,29.817372036594463,ns
correlation-stream-cores1,pcm_cha,drd_latency,SKT0C7,19,29.816019637001546,ns
correlation-stream-cores1,pcm_cha,drd_latency,SKT0C7,20,29.816614749331382,ns
correlation-stream-cores1,pcm_cha,drd_latency,SKT0C7,21,29.817219692934454,ns
correlation-stream-cores1,pcm_cha,drd_latency,SKT0C7,22,29.815740296842165,ns
correlation-stream-cores1,pcm_cha,drd_latency,SKT0C7,23,29.81719989203359,ns
correlation-stream-cores1,pcm_cha,drd_latency,SKT0C7,24,29.81750073271099,ns
correlation-stream-cores1,pcm_cha,drd_latency,SKT0C7,25,29.816540053819793,ns
correlation-stream-cores1,pcm_cha,drd_latency,SKT0C7,26,29.81716542056289,ns
correlation-stream-cores1,pcm_cha,drd_latency,SKT0C7,27,29.817721561254647,ns
correlation-stream-cores1,pcm_cha,drd_latency,SKT0C7,28,29.816637687614335,ns
correlation-stream-cores1,pcm_cha,drd_latency,SKT0C7,29,29.816670782415777,ns
correlation-stream-cores1,pcm_cha,drd_latency,SKT0C7,30,29.81685021367471,ns
correlation-stream-cores1,pcm_cha,drd_latency,SKT0C7,31,29.81709723237309,ns
correlation-stream-cores1,pcm_cha,drd_latency,SKT0C7,32,29.817050029138297,ns
correlation-stream-cores1,pcm_cha,drd_latency,SKT0C7,33,29.81753112077264,ns
correlation-stream-cores1,pcm_cha,drd_latency,SKT0C7,34,29.81951812855242,ns
correlation-stream-cores1,pcm_cha,drd_latency,SKT0C7,35,29.81687172174828,ns
correlation-stream-cores1,pcm_cha,drd_latency,SKT0C7,36,29.81730684917717,ns
correlation-stream-cores1,pcm_cha,drd_latency,SKT0C7,37,29.81729760855931,ns
correlation-stream-cores1,pcm_cha,drd_latency,SKT0C7,38,29.817330390392566,ns
correlation-stream-cores1,pcm_cha,drd_latency,SKT0C7,39,29.81633200814225,ns
correlation-stream-cores1,pcm_cha,drd_latency,SKT0C7,40,29.816724903988916,ns
correlation-stream-cores1,pcm_cha,drd_latency,SKT0C7,41,29.816231198996768,ns
correlation-stream-cores1,pcm_cha,drd_latency,SKT0C7,42,29.81683362029106,ns
correlation-stream-cores1,pcm_cha,drd_latency,SKT0C7,43,29.819575270487483,ns
correlation-stream-cores1,pcm_cha,drd_latency,SKT0C7,44,29.81616999448404,ns
correlation-stream-cores1,pcm_cha,drd_latency,SKT0C7,45,29.817428334303745,ns
correlation-stream-cores1,pcm_cha,drd_latency,SKT0C7,46,29.8166864812844,ns
correlation-stream-cores1,pcm_cha,drd_latency,SKT0C7,47,29.818975031127056,ns
correlation-stream-cores1,pcm_cha,drd_latency,SKT0C7,48,29.816786374069903,ns
correlation-stream-cores1,pcm_cha,drd_latency,SKT0C7,49,29.817069528853914,ns
correlation-stream-cores1,pcm_cha,drd_latency,SKT0C7,50,29.817418674445904,ns
correlation-stream-cores1,pcm_cha,drd_latency,SKT0C7,51,29.816501824802916,ns
correlation-stream-cores1,pcm_cha,drd_latency,SKT0C7,52,29.81654648902776,ns
correlation-stream-cores1,pcm_cha,drd_latency,SKT0C7,53,29.817048413588605,ns
correlation-stream-cores1,pcm_cha,drd_latency,SKT0C7,54,29.81654891053636,ns
correlation-stream-cores1,pcm_cha,drd_latency,SKT0C7,55,29.81639925254753,ns
correlation-stream-cores1,pcm_cha,drd_latency,SKT0C7,56,29.816593596110156,ns
correlation-stream-cores1,pcm_cha,drd_latency,SKT0C7,57,29.816333419031196,ns
correlation-stream-cores1,pcm_cha,drd_latency,SKT0C7,58,29.8161885145382,ns
correlation-stream-cores1,pcm_cha,drd_latency,SKT0C7,59,29.816995885464216,ns
correlation-stream-cores1,pcm_cha,drd_latency,SKT0C8,0,30.003143279660964,ns
correlation-stream-cores1,pcm_cha,drd_latency,SKT0C8,1,30.001484166834093,ns
correlation-stream-cores1,pcm_cha,drd_latency,SKT0C8,2,29.998270471330255,ns
correlation-stream-cores1,pcm_cha,drd_latency,SKT0C8,3,29.999393875823706,ns
correlation-stream-cores1,pcm_cha,drd_latency,SKT0C8,4,29.998632776771654,ns
correlation-stream-cores1,pcm_cha,drd_latency,SKT0C8,5,29.99994079269628,ns
correlation-stream-cores1,pcm_cha,drd_latency,SKT0C8,6,29.998735093340244,ns
correlation-stream-cores1,pcm_cha,drd_latency,SKT0C8,7,30.000265824176843,ns
correlation-stream-cores1,pcm_cha,drd_latency,SKT0C8,8,29.99926636547437,ns
correlation-stream-cores1,pcm_cha,drd_latency,SKT0C8,9,29.99785390185675,ns
correlation-stream-cores1,pcm_cha,drd_latency,SKT0C8,10,29.99910980698197,ns
correlation-stream-cores1,pcm_cha,drd_latency,SKT0C8,11,29.997849713274867,ns
correlation-stream-cores1,pcm_cha,drd_latency,SKT0C8,12,29.99857569485937,ns
correlation-stream-cores1,pcm_cha,drd_latency,SKT0C8,13,29.999481010508,ns
correlation-stream-cores1,pcm_cha,drd_latency,SKT0C8,14,29.998572453607565,ns
correlation-stream-cores1,pcm_cha,drd_latency,SKT0C8,15,29.996892952296836,ns
correlation-stream-cores1,pcm_cha,drd_latency,SKT0C8,16,29.999339042831053,ns
correlation-stream-cores1,pcm_cha,drd_latency,SKT0C8,17,29.998980151006982,ns
correlation-stream-cores1,pcm_cha,drd_latency,SKT0C8,18,29.99831047672217,ns
correlation-stream-cores1,pcm_cha,drd_latency,SKT0C8,19,29.997596100006046,ns
correlation-stream-cores1,pcm_cha,drd_latency,SKT0C8,20,29.998975208867662,ns
correlation-stream-cores1,pcm_cha,drd_latency,SKT0C8,21,29.99912976672956,ns
correlation-stream-cores1,pcm_cha,drd_latency,SKT0C8,22,29.999485325509674,ns
correlation-stream-cores1,pcm_cha,drd_latency,SKT0C8,23,29.99871868779688,ns
correlation-stream-cores1,pcm_cha,drd_latency,SKT0C8,24,29.999890336139437,ns
correlation-stream-cores1,pcm_cha,drd_latency,SKT0C8,25,29.99860114207161,ns
correlation-stream-cores1,pcm_cha,drd_latency,SKT0C8,26,30.00005509396637,ns
correlation-stream-cores1,pcm_cha,drd_latency,SKT0C8,27,29.998534481984734,ns
correlation-stream-cores1,pcm_cha,drd_latency,SKT0C8,28,29.997995239139964,ns
correlation-stream-cores1,pcm_cha,drd_latency,SKT0C8,29,29.9988252669873,ns
correlation-stream-cores1,pcm_cha,drd_latency,SKT0C8,30,29.999389755842202,ns
correlation-stream-cores1,pcm_cha,drd_latency,SKT0C8,31,29.999750076118882,ns
correlation-stream-cores1,pcm_cha,drd_latency,SKT0C8,32,29.999325433180523,ns
correlation-stream-cores1,pcm_cha,drd_latency,SKT0C8,33,30.001929945483568,ns
correlation-stream-cores1,pcm_cha,drd_latency,SKT0C8,34,30.00359970454192,ns
correlation-stream-cores1,pcm_cha,drd_latency,SKT0C8,35,29.999584885084982,ns
correlation-stream-cores1,pcm_cha,drd_latency,SKT0C8,36,30.00009174892332,ns
correlation-stream-cores1,pcm_cha,drd_latency,SKT0C8,37,29.998960092987975,ns
correlation-stream-cores1,pcm_cha,drd_latency,SKT0C8,38,29.9993855083224,ns
correlation-stream-cores1,pcm_cha,drd_latency,SKT0C8,39,29.999744444848886,ns
correlation-stream-cores1,pcm_cha,drd_latency,SKT0C8,40,29.99876513661688,ns
correlation-stream-cores1,pcm_cha,drd_latency,SKT0C8,41,30.000751974135973,ns
correlation-stream-cores1,pcm_cha,drd_latency,SKT0C8,42,29.99872797676736,ns
correlation-stream-cores1,pcm_cha,drd_latency,SKT0C8,43,30.003690046486817,ns
correlation-stream-cores1,pcm_cha,drd_latency,SKT0C8,44,29.998279113489474,ns
correlation-stream-cores1,pcm_cha,drd_latency,SKT0C8,45,29.99879451201902,ns
correlation-stream-cores1,pcm_cha,drd_latency,SKT0C8,46,29.9989300904854,ns
correlation-stream-cores1,pcm_cha,drd_latency,SKT0C8,47,30.00260657283929,ns
correlation-stream-cores1,pcm_cha,drd_latency,SKT0C8,48,29.99842110021252,ns
correlation-stream-cores1,pcm_cha,drd_latency,SKT0C8,49,29.99894604202725,ns
correlation-stream-cores1,pcm_cha,drd_latency,SKT0C8,50,29.998862720727434,ns
correlation-stream-cores1,pcm_cha,drd_latency,SKT0C8,51,29.998882577135564,ns
correlation-stream-cores1,pcm_cha,drd_latency,SKT0C8,52,29.99875924390334,ns
correlation-stream-cores1,pcm_cha,drd_latency,SKT0C8,53,29.998891989531266,ns
correlation-stream-cores1,pcm_cha,drd_latency,SKT0C8,54,29.99800549232907,ns
correlation-stream-cores1,pcm_cha,drd_latency,SKT0C8,55,29.99828151820439,ns
correlation-stream-cores1,pcm_cha,drd_latency,SKT0C8,56,29.997646042813535,ns
correlation-stream-cores1,pcm_cha,drd_latency,SKT0C8,57,29.998045391587418,ns
correlation-stream-cores1,pcm_cha,drd_latency,SKT0C8,58,29.998445427696605,ns
correlation-stream-cores1,pcm_cha,drd_latency,SKT0C8,59,29.999500022162568,ns
correlation-stream-cores1,pcm_cha,drd_latency,SKT0C9,0,31.271242114653585,ns
correlation-stream-cores1,pcm_cha,drd_latency,SKT0C9,1,31.26870459684923,ns
correlation-stream-cores1,pcm_cha,drd_latency,SKT0C9,2,31.26580575626671,ns
correlation-stream-cores1,pcm_cha,drd_latency,SKT0C9,3,31.265781005607394,ns
correlation-stream-cores1,pcm_cha,drd_latency,SKT0C9,4,31.26596402472855,ns
correlation-stream-cores1,pcm_cha,drd_latency,SKT0C9,5,31.265616110744823,ns
correlation-stream-cores1,pcm_cha,drd_latency,SKT0C9,6,31.266353620335273,ns
correlation-stream-cores1,pcm_cha,drd_latency,SKT0C9,7,31.266836406686792,ns
correlation-stream-cores1,pcm_cha,drd_latency,SKT0C9,8,31.26679930371606,ns
correlation-stream-cores1,pcm_cha,drd_latency,SKT0C9,9,31.266059175215034,ns
correlation-stream-cores1,pcm_cha,drd_latency,SKT0C9,10,31.26700819248291,ns
correlation-stream-cores1,pcm_cha,drd_latency,SKT0C9,11,31.26651232588003,ns
correlation-stream-cores1,pcm_cha,drd_latency,SKT0C9,12,31.266946068581735,ns
correlation-stream-cores1,pcm_cha,drd_latency,SKT0C9,13,31.26580445320077,ns
correlation-stream-cores1,pcm_cha,drd_latency,SKT0C9,14,31.265960999566257,ns
correlation-stream-cores1,pcm_cha,drd_latency,SKT0C9,15,31.26583069204854,ns
correlation-stream-cores1,pcm_cha,drd_latency,SKT0C9,16,31.26630677201672,ns
correlation-stream-cores1,pcm_cha,drd_latency,SKT0C9,17,31.265434327497843,ns
correlation-stream-cores1,pcm_cha,drd_latency,SKT0C9,18,31.266236391420986,ns
correlation-stream-cores1,pcm_cha,drd_latency,SKT0C9,19,31.265383414791437,ns
correlation-stream-cores1,pcm_cha,drd_latency,SKT0C9,20,31.265891270048513,ns
correlation-stream-cores1,pcm_cha,drd_latency,SKT0C9,21,31.266175859322548,ns
correlation-stream-cores1,pcm_cha,drd_latency,SKT0C9,22,31.266541049455707,ns
correlation-stream-cores1,pcm_cha,drd_latency,SKT0C9,23,31.2660910355338,ns
correlation-stream-cores1,pcm_cha,drd_latency,SKT0C9,24,31.26668959525876,ns
correlation-stream-cores1,pcm_cha,drd_latency,SKT0C9,25,31.264980011388733,ns
correlation-stream-cores1,pcm_cha,drd_latency,SKT0C9,26,31.267234702914827,ns
correlation-stream-cores1,pcm_cha,drd_latency,SKT0C9,27,31.266925555303636,ns
correlation-stream-cores1,pcm_cha,drd_latency,SKT0C9,28,31.266769765495305,ns
correlation-stream-cores1,pcm_cha,drd_latency,SKT0C9,29,31.265021192965925,ns
correlation-stream-cores1,pcm_cha,drd_latency,SKT0C9,30,31.26669553835553,ns
correlation-stream-cores1,pcm_cha,drd_latency,SKT0C9,31,31.26625085310531,ns
correlation-stream-cores1,pcm_cha,drd_latency,SKT0C9,32,31.266116299701732,ns
correlation-stream-cores1,pcm_cha,drd_latency,SKT0C9,33,31.26824372781416,ns
correlation-stream-cores1,pcm_cha,drd_latency,SKT0C9,34,31.269708757534275,ns
correlation-stream-cores1,pcm_cha,drd_latency,SKT0C9,35,31.2665361188973,ns
correlation-stream-cores1,pcm_cha,drd_latency,SKT0C9,36,31.26724865333242,ns
correlation-stream-cores1,pcm_cha,drd_latency,SKT0C9,37,31.267345139489805,ns
correlation-stream-cores1,pcm_cha,drd_latency,SKT0C9,38,31.266523719065844,ns
correlation-stream-cores1,pcm_cha,drd_latency,SKT0C9,39,31.265823570109063,ns
correlation-stream-cores1,pcm_cha,drd_latency,SKT0C9,40,31.26580138688848,ns
correlation-stream-cores1,pcm_cha,drd_latency,SKT0C9,41,31.26754559759559,ns
correlation-stream-cores1,pcm_cha,drd_latency,SKT0C9,42,31.265824456684363,ns
correlation-stream-cores1,pcm_cha,drd_latency,SKT0C9,43,31.269849616970873,ns
correlation-stream-cores1,pcm_cha,drd_latency,SKT0C9,44,31.265800000843477,ns
correlation-stream-cores1,pcm_cha,drd_latency,SKT0C9,45,31.26731320497967,ns
correlation-stream-cores1,pcm_cha,drd_latency,SKT0C9,46,31.266585221517925,ns
correlation-stream-cores1,pcm_cha,drd_latency,SKT0C9,47,31.270431388260572,ns
correlation-stream-cores1,pcm_cha,drd_latency,SKT0C9,48,31.26664413055905,ns
correlation-stream-cores1,pcm_cha,drd_latency,SKT0C9,49,31.266834450563998,ns
correlation-stream-cores1,pcm_cha,drd_latency,SKT0C9,50,31.266442955535364,ns
correlation-stream-cores1,pcm_cha,drd_latency,SKT0C9,51,31.26510372928979,ns
correlation-stream-cores1,pcm_cha,drd_latency,SKT0C9,52,31.266485126765186,ns
correlation-stream-cores1,pcm_cha,drd_latency,SKT0C9,53,31.26567675534726,ns
correlation-stream-cores1,pcm_cha,drd_latency,SKT0C9,54,31.266849902634156,ns
correlation-stream-cores1,pcm_cha,drd_latency,SKT0C9,55,31.265533626526874,ns
correlation-stream-cores1,pcm_cha,drd_latency,SKT0C9,56,31.265514551116024,ns
correlation-stream-cores1,pcm_cha,drd_latency,SKT0C9,57,31.266449020827626,ns
correlation-stream-cores1,pcm_cha,drd_latency,SKT0C9,58,31.266008379578686,ns
correlation-stream-cores1,pcm_cha,drd_latency,SKT0C9,59,31.265754615848607,ns
correlation-stream-cores1,pcm_cha,drd_latency,SKT0C10,0,28.67784308612921,ns
correlation-stream-cores1,pcm_cha,drd_latency,SKT0C10,1,28.677202086979115,ns
correlation-stream-cores1,pcm_cha,drd_latency,SKT0C10,2,28.673860330327045,ns
correlation-stream-cores1,pcm_cha,drd_latency,SKT0C10,3,28.67390601402385,ns
correlation-stream-cores1,pcm_cha,drd_latency,SKT0C10,4,28.6735492427026,ns
correlation-stream-cores1,pcm_cha,drd_latency,SKT0C10,5,28.67510063917723,ns
correlation-stream-cores1,pcm_cha,drd_latency,SKT0C10,6,28.673364932996495,ns
correlation-stream-cores1,pcm_cha,drd_latency,SKT0C10,7,28.674174200671178,ns
correlation-stream-cores1,pcm_cha,drd_latency,SKT0C10,8,28.673064491083895,ns
correlation-stream-cores1,pcm_cha,drd_latency,SKT0C10,9,28.673199608913198,ns
correlation-stream-cores1,pcm_cha,drd_latency,SKT0C10,10,28.67485460890254,ns
correlation-stream-cores1,pcm_cha,drd_latency,SKT0C10,11,28.674870009479086,ns
correlation-stream-cores1,pcm_cha,drd_latency,SKT0C10,12,28.674532031369942,ns
correlation-stream-cores1,pcm_cha,drd_latency,SKT0C10,13,28.67369787710038,ns
correlation-stream-cores1,pcm_cha,drd_latency,SKT0C10,14,28.67428129509939,ns
correlation-stream-cores1,pcm_cha,drd_latency,SKT0C10,15,28.673120852405777,ns
correlation-stream-cores1,pcm_cha,drd_latency,SKT0C10,16,28.67357464926627,ns
correlation-stream-cores1,pcm_cha,drd_latency,SKT0C10,17,28.67346087800629,ns
correlation-stream-cores1,pcm_cha,drd_latency,SKT0C10,18,28.674784507243952,ns
correlation-stream-cores1,pcm_cha,drd_latency,SKT0C10,19,28.67376945170059,ns
correlation-stream-cores1,pcm_cha,drd_latency,SKT0C10,20,28.674604185098378,ns
correlation-stream-cores1,pcm_cha,drd_latency,SKT0C10,21,28.673775573274902,ns
correlation-stream-cores1,pcm_cha,drd_latency,SKT0C10,22,28.67348162715848,ns
correlation-stream-cores1,pcm_cha,drd_latency,SKT0C10,23,28.674984648114947,ns
correlation-stream-cores1,pcm_cha,drd_latency,SKT0C10,24,28.673544996780947,ns
correlation-stream-cores1,pcm_cha,drd_latency,SKT0C10,25,28.673880776088694,ns
correlation-stream-cores1,pcm_cha,drd_latency,SKT0C10,26,28.674934301192348,ns
correlation-stream-cores1,pcm_cha,drd_latency,SKT0C10,27,28.67460949708598,ns
correlation-stream-cores1,pcm_cha,drd_latency,SKT0C10,28,28.673414393472356,ns
correlation-stream-cores1,pcm_cha,drd_latency,SKT0C10,29,28.67442390509944,ns
correlation-stream-cores1,pcm_cha,drd_latency,SKT0C10,30,28.67615046596455,ns
correlation-stream-cores1,pcm_cha,drd_latency,SKT0C10,31,28.67528961551241,ns
correlation-stream-cores1,pcm_cha,drd_latency,SKT0C10,32,28.674209834590666,ns
correlation-stream-cores1,pcm_cha,drd_latency,SKT0C10,33,28.67620897410611,ns
correlation-stream-cores1,pcm_cha,drd_latency,SKT0C10,34,28.6766305359627,ns
correlation-stream-cores1,pcm_cha,drd_latency,SKT0C10,35,28.675024216957777,ns
correlation-stream-cores1,pcm_cha,drd_latency,SKT0C10,36,28.674775697207792,ns
correlation-stream-cores1,pcm_cha,drd_latency,SKT0C10,37,28.675399898446873,ns
correlation-stream-cores1,pcm_cha,drd_latency,SKT0C10,38,28.673956342858112,ns
correlation-stream-cores1,pcm_cha,drd_latency,SKT0C10,39,28.674536391252417,ns
correlation-stream-cores1,pcm_cha,drd_latency,SKT0C10,40,28.67462334772808,ns
correlation-stream-cores1,pcm_cha,drd_latency,SKT0C10,41,28.67524329272739,ns
correlation-stream-cores1,pcm_cha,drd_latency,SKT0C10,42,28.674010683425696,ns
correlation-stream-cores1,pcm_cha,drd_latency,SKT0C10,43,28.67915338285591,ns
correlation-stream-cores1,pcm_cha,drd_latency,SKT0C10,44,28.675681154560085,ns
correlation-stream-cores1,pcm_cha,drd_latency,SKT0C10,45,28.674956607161203,ns
correlation-stream-cores1,pcm_cha,drd_latency,SKT0C10,46,28.674423978362547,ns
correlation-stream-cores1,pcm_cha,drd_latency,SKT0C10,47,28.679388764375123,ns
correlation-stream-cores1,pcm_cha,drd_latency,SKT0C10,48,28.673636090142487,ns
correlation-stream-cores1,pcm_cha,drd_latency,SKT0C10,49,28.674092963680675,ns
correlation-stream-cores1,pcm_cha,drd_latency,SKT0C10,50,28.674888747391947,ns
correlation-stream-cores1,pcm_cha,drd_latency,SKT0C10,51,28.67505619238631,ns
correlation-stream-cores1,pcm_cha,drd_latency,SKT0C10,52,28.674348823639416,ns
correlation-stream-cores1,pcm_cha,drd_latency,SKT0C10,53,28.674910703374625,ns
correlation-stream-cores1,pcm_cha,drd_latency,SKT0C10,54,28.67435612049547,ns
correlation-stream-cores1,pcm_cha,drd_latency,SKT0C10,55,28.674443327003104,ns
correlation-stream-cores1,pcm_cha,drd_latency,SKT0C10,56,28.673556615493503,ns
correlation-stream-cores1,pcm_cha,drd_latency,SKT0C10,57,28.67447042779773,ns
correlation-stream-cores1,pcm_cha,drd_latency,SKT0C10,58,28.673968231513822,ns
correlation-stream-cores1,pcm_cha,drd_latency,SKT0C10,59,28.674931466472955,ns
correlation-stream-cores1,pcm_cha,drd_latency,SKT0C11,0,30.26044757352271,ns
correlation-stream-cores1,pcm_cha,drd_latency,SKT0C11,1,30.258236231288823,ns
correlation-stream-cores1,pcm_cha,drd_latency,SKT0C11,2,30.255644904827506,ns
correlation-stream-cores1,pcm_cha,drd_latency,SKT0C11,3,30.25527235305664,ns
correlation-stream-cores1,pcm_cha,drd_latency,SKT0C11,4,30.2553554977822,ns
correlation-stream-cores1,pcm_cha,drd_latency,SKT0C11,5,30.256324372887033,ns
correlation-stream-cores1,pcm_cha,drd_latency,SKT0C11,6,30.255732522229632,ns
correlation-stream-cores1,pcm_cha,drd_latency,SKT0C11,7,30.25510294818696,ns
correlation-stream-cores1,pcm_cha,drd_latency,SKT0C11,8,30.256069506321168,ns
correlation-stream-cores1,pcm_cha,drd_latency,SKT0C11,9,30.255155658586297,ns
correlation-stream-cores1,pcm_cha,drd_latency,SKT0C11,10,30.25523106209233,ns
correlation-stream-cores1,pcm_cha,drd_latency,SKT0C11,11,30.255924333985515,ns
correlation-stream-cores1,pcm_cha,drd_latency,SKT0C11,12,30.256266232941538,ns
correlation-stream-cores1,pcm_cha,drd_latency,SKT0C11,13,30.255302548041783,ns
correlation-stream-cores1,pcm_cha,drd_latency,SKT0C11,14,30.256125761123766,ns
correlation-stream-cores1,pcm_cha,drd_latency,SKT0C11,15,30.255435327428792,ns
correlation-stream-cores1,pcm_cha,drd_latency,SKT0C11,16,30.254916177521086,ns
correlation-stream-cores1,pcm_cha,drd_latency,SKT0C11,17,30.256053553705136,ns
correlation-stream-cores1,pcm_cha,drd_latency,SKT0C11,18,30.255955882699897,ns
correlation-stream-cores1,pcm_cha,drd_latency,SKT0C11,19,30.25432401752747,ns
correlation-stream-cores1,pcm_cha,drd_latency,SKT0C11,20,30.25521425329935,ns
correlation-stream-cores1,pcm_cha,drd_latency,SKT0C11,21,30.255321980383762,ns
correlation-stream-cores1,pcm_cha,drd_latency,SKT0C11,22,30.25580462209592,ns
correlation-stream-cores1,pcm_cha,drd_latency,SKT0C11,23,30.255210231728356,ns
correlation-stream-cores1,pcm_cha,drd_latency,SKT0C11,24,30.25628575755829,ns
correlation-stream-cores1,pcm_cha,drd_latency,SKT0C11,25,30.255179288366286,ns
correlation-stream-cores1,pcm_cha,drd_latency,SKT0C11,26,30.25572339535856,ns
correlation-stream-cores1,pcm_cha,drd_latency,SKT0C11,27,30.25652598690375,ns
correlation-stream-cores1,pcm_cha,drd_latency,SKT0C11,28,30.255465907129185,ns
correlation-stream-cores1,pcm_cha,drd_latency,SKT0C11,29,30.254694699706427,ns
correlation-stream-cores1,pcm_cha,drd_latency,SKT0C11,30,30.2570852901177,ns
correlation-stream-cores1,pcm_cha,drd_latency,SKT0C11,31,30.25644702174459,ns
correlation-stream-cores1,pcm_cha,drd_latency,SKT0C11,32,30.25624902171538,ns
correlation-stream-cores1,pcm_cha,drd_latency,SKT0C11,33,30.258111778057135,ns
correlation-stream-cores1,pcm_cha,drd_latency,SKT0C11,34,30.259803273095656,ns
correlation-stream-cores1,pcm_cha,drd_latency,SKT0C11,35,30.25558697740595,ns
correlation-stream-cores1,pcm_cha,drd_latency,SKT0C11,36,30.255887584222094,ns
correlation-stream-cores1,pcm_cha,drd_latency,SKT0C11,37,30.256570670017318,ns
correlation-stream-cores1,pcm_cha,drd_latency,SKT0C11,38,30.256044860888437,ns
correlation-stream-cores1,pcm_cha,drd_latency,SKT0C11,39,30.255845245652967,ns
correlation-stream-cores1,pcm_cha,drd_latency,SKT0C11,40,30.255808716816965,ns
correlation-stream-cores1,pcm_cha,drd_latency,SKT0C11,41,30.257151455337244,ns
correlation-stream-cores1,pcm_cha,drd_latency,SKT0C11,42,30.25529667953707,ns
correlation-stream-cores1,pcm_cha,drd_latency,SKT0C11,43,30.25805266613967,ns
correlation-stream-cores1,pcm_cha,drd_latency,SKT0C11,44,30.255621691134255,ns
correlation-stream-cores1,pcm_cha,drd_latency,SKT0C11,45,30.25598397763422,ns
correlation-stream-cores1,pcm_cha,drd_latency,SKT0C11,46,30.255576820213705,ns
correlation-stream-cores1,pcm_cha,drd_latency,SKT0C11,47,30.25828310188788,ns
correlation-stream-cores1,pcm_cha,drd_latency,SKT0C11,48,30.256559147788415,ns
correlation-stream-cores1,pcm_cha,drd_latency,SKT0C11,49,30.25507770839554,ns
correlation-stream-cores1,pcm_cha,drd_latency,SKT0C11,50,30.25516253012962,ns
correlation-stream-cores1,pcm_cha,drd_latency,SKT0C11,51,30.25553492868888,ns
correlation-stream-cores1,pcm_cha,drd_latency,SKT0C11,52,30.25599284050527,ns
correlation-stream-cores1,pcm_cha,drd_latency,SKT0C11,53,30.255508666547783,ns
correlation-stream-cores1,pcm_cha,drd_latency,SKT0C11,54,30.25664248888582,ns
correlation-stream-cores1,pcm_cha,drd_latency,SKT0C11,55,30.25578211129314,ns
correlation-stream-cores1,pcm_cha,drd_latency,SKT0C11,56,30.255557039331872,ns
correlation-stream-cores1,pcm_cha,drd_latency,SKT0C11,57,30.256018188435164,ns
correlation-stream-cores1,pcm_cha,drd_latency,SKT0C11,58,30.254756377103885,ns
correlation-stream-cores1,pcm_cha,drd_latency,SKT0C11,59,30.25659861884263,ns
correlation-stream-cores1,pcm_cha,drd_latency,SKT0C12,0,28.242003850198135,ns
correlation-stream-cores1,pcm_cha,drd_latency,SKT0C12,1,28.240012043420073,ns
correlation-stream-cores1,pcm_cha,drd_latency,SKT0C12,2,28.237304537826986,ns
correlation-stream-cores1,pcm_cha,drd_latency,SKT0C12,3,28.238061695800916,ns
correlation-stream-cores1,pcm_cha,drd_latency,SKT0C12,4,28.236674838798137,ns
correlation-stream-cores1,pcm_cha,drd_latency,SKT0C12,5,28.237119259205656,ns
correlation-stream-cores1,pcm_cha,drd_latency,SKT0C12,6,28.23683252823283,ns
correlation-stream-cores1,pcm_cha,drd_latency,SKT0C12,7,28.2375360511922,ns
correlation-stream-cores1,pcm_cha,drd_latency,SKT0C12,8,28.237303201312017,ns
correlation-stream-cores1,pcm_cha,drd_latency,SKT0C12,9,28.236888034122185,ns
correlation-stream-cores1,pcm_cha,drd_latency,SKT0C12,10,28.23777556383216,ns
correlation-stream-cores1,pcm_cha,drd_latency,SKT0C12,11,28.238403188795285,ns
correlation-stream-cores1,pcm_cha,drd_latency,SKT0C12,12,28.237566191929844,ns
correlation-stream-cores1,pcm_cha,drd_latency,SKT0C12,13,28.23650143307831,ns
correlation-stream-cores1,pcm_cha,drd_latency,SKT0C12,14,28.237095293865355,ns
correlation-stream-cores1,pcm_cha,drd_latency,SKT0C12,15,28.237970974768977,ns
correlation-stream-cores1,pcm_cha,drd_latency,SKT0C12,16,28.237130020065706,ns
correlation-stream-cores1,pcm_cha,drd_latency,SKT0C12,17,28.23786674862189,ns
correlation-stream-cores1,pcm_cha,drd_latency,SKT0C12,18,28.237561904876312,ns
correlation-stream-cores1,pcm_cha,drd_latency,SKT0C12,19,28.236449043300865,ns
correlation-stream-cores1,pcm_cha,drd_latency,SKT0C12,20,28.236219496366036,ns
correlation-stream-cores1,pcm_cha,drd_latency,SKT0C12,21,28.237821938980677,ns
correlation-stream-cores1,pcm_cha,drd_latency,SKT0C12,22,28.236940134745495,ns
correlation-stream-cores1,pcm_cha,drd_latency,SKT0C12,23,28.236647069449326,ns
correlation-stream-cores1,pcm_cha,drd_latency,SKT0C12,24,28.238725919771586,ns
correlation-stream-cores1,pcm_cha,drd_latency,SKT0C12,25,28.237031698919587,ns
correlation-stream-cores1,pcm_cha,drd_latency,SKT0C12,26,28.237689231733896,ns
correlation-stream-cores1,pcm_cha,drd_latency,SKT0C12,27,28.237774745370366,ns
correlation-stream-cores1,pcm_cha,drd_latency,SKT0C12,28,28.237381610513125,ns
correlation-stream-cores1,pcm_cha,drd_latency,SKT0C12,29,28.236898180680463,ns
correlation-stream-cores1,pcm_cha,drd_latency,SKT0C12,30,28.238420344181414,ns
correlation-stream-cores1,pcm_cha,drd_latency,SKT0C12,31,28.23870892013395,ns
correlation-stream-cores1,pcm_cha,drd_latency,SKT0C12,32,28.237012456975,ns
correlation-stream-cores1,pcm_cha,drd_latency,SKT0C12,33,28.23922818531879,ns
correlation-stream-cores1,pcm_cha,drd_latency,SKT0C12,34,28.24121781833709,ns
correlation-stream-cores1,pcm_cha,drd_latency,SKT0C12,35,28.237478061480097,ns
correlation-stream-cores1,pcm_cha,drd_latency,SKT0C12,36,28.237931385281474,ns
correlation-stream-cores1,pcm_cha,drd_latency,SKT0C12,37,28.237748376751064,ns
correlation-stream-cores1,pcm_cha,drd_latency,SKT0C12,38,28.23778666069074,ns
correlation-stream-cores1,pcm_cha,drd_latency,SKT0C12,39,28.23666926443333,ns
correlation-stream-cores1,pcm_cha,drd_latency,SKT0C12,40,28.236682457760406,ns
correlation-stream-cores1,pcm_cha,drd_latency,SKT0C12,41,28.237918176640576,ns
correlation-stream-cores1,pcm_cha,drd_latency,SKT0C12,42,28.237594315776565,ns
correlation-stream-cores1,pcm_cha,drd_latency,SKT0C12,43,28.239664751934292,ns
correlation-stream-cores1,pcm_cha,drd_latency,SKT0C12,44,28.237797252081357,ns
correlation-stream-cores1,pcm_cha,drd_latency,SKT0C12,45,28.23629134744022,ns
correlation-stream-cores1,pcm_cha,drd_latency,SKT0C12,46,28.23677283078812,ns
correlation-stream-cores1,pcm_cha,drd_latency,SKT0C12,47,28.24013419559656,ns
correlation-stream-cores1,pcm_cha,drd_latency,SKT0C12,48,28.237529142405272,ns
correlation-stream-cores1,pcm_cha,drd_latency,SKT0C12,49,28.237470825306062,ns
correlation-stream-cores1,pcm_cha,drd_latency,SKT0C12,50,28.237852468640693,ns
correlation-stream-cores1,pcm_cha,drd_latency,SKT0C12,51,28.236191396946893,ns
correlation-stream-cores1,pcm_cha,drd_latency,SKT0C12,52,28.237711324981174,ns
correlation-stream-cores1,pcm_cha,drd_latency,SKT0C12,53,28.237653765838527,ns
correlation-stream-cores1,pcm_cha,drd_latency,SKT0C12,54,28.237684575812132,ns
correlation-stream-cores1,pcm_cha,drd_latency,SKT0C12,55,28.236598375770683,ns
correlation-stream-cores1,pcm_cha,drd_latency,SKT0C12,56,28.236775753079833,ns
correlation-stream-cores1,pcm_cha,drd_latency,SKT0C12,57,28.237697116494385,ns
correlation-stream-cores1,pcm_cha,drd_latency,SKT0C12,58,28.2374466855541,ns
correlation-stream-cores1,pcm_cha,drd_latency,SKT0C12,59,28.23757334729288,ns
correlation-stream-cores1,pcm_cha,drd_latency,SKT0C13,0,28.57127942486983,ns
correlation-stream-cores1,pcm_cha,drd_latency,SKT0C13,1,28.56892256192559,ns
correlation-stream-cores1,pcm_cha,drd_latency,SKT0C13,2,28.565893670406023,ns
correlation-stream-cores1,pcm_cha,drd_latency,SKT0C13,3,28.56613305198505,ns
correlation-stream-cores1,pcm_cha,drd_latency,SKT0C13,4,28.56660674272854,ns
correlation-stream-cores1,pcm_cha,drd_latency,SKT0C13,5,28.566308656655877,ns
correlation-stream-cores1,pcm_cha,drd_latency,SKT0C13,6,28.566064413828023,ns
correlation-stream-cores1,pcm_cha,drd_latency,SKT0C13,7,28.56671851303543,ns
correlation-stream-cores1,pcm_cha,drd_latency,SKT0C13,8,28.56696294043626,ns
correlation-stream-cores1,pcm_cha,drd_latency,SKT0C13,9,28.56515503002602,ns
correlation-stream-cores1,pcm_cha,drd_latency,SKT0C13,10,28.56640201025857,ns
correlation-stream-cores1,pcm_cha,drd_latency,SKT0C13,11,28.567163789960166,ns
correlation-stream-cores1,pcm_cha,drd_latency,SKT0C13,12,28.566021820513384,ns
correlation-stream-cores1,pcm_cha,drd_latency,SKT0C13,13,28.566283075679653,ns
correlation-stream-cores1,pcm_cha,drd_latency,SKT0C13,14,28.566708050351856,ns
correlation-stream-cores1,pcm_cha,drd_latency,SKT0C13,15,28.56528396917633,ns
correlation-stream-cores1,pcm_cha,drd_latency,SKT0C13,16,28.565582619404786,ns
correlation-stream-cores1,pcm_cha,drd_latency,SKT0C13,17,28.56519928766884,ns
correlation-stream-cores1,pcm_cha,drd_latency,SKT0C13,18,28.5657683505283,ns
correlation-stream-cores1,pcm_cha,drd_latency,SKT0C13,19,28.565293296938005,ns
correlation-stream-cores1,pcm_cha,drd_latency,SKT0C13,20,28.564308671161935,ns
correlation-stream-cores1,pcm_cha,drd_latency,SKT0C13,21,28.565436080299634,ns
correlation-stream-cores1,pcm_cha,drd_latency,SKT0C13,22,28.56604506090953,ns
correlation-stream-cores1,pcm_cha,drd_latency,SKT0C13,23,28.566051156655117,ns
correlation-stream-cores1,pcm_cha,drd_latency,SKT0C13,24,28.565755760244528,ns
correlation-stream-cores1,pcm_cha,drd_latency,SKT0C13,25,28.565823270959072,ns
correlation-stream-cores1,pcm_cha,drd_latency,SKT0C13,26,28.566726326587702,ns
correlation-stream-cores1,pcm_cha,drd_latency,SKT0C13,27,28.566937346486014,ns
correlation-stream-cores1,pcm_cha,drd_latency,SKT0C13,28,28.565612695871764,ns
correlation-stream-cores1,pcm_cha,drd_latency,SKT0C13,29,28.566065249949652,ns
correlation-stream-cores1,pcm_cha,drd_latency,SKT0C13,30,28.56749482060074,ns
correlation-stream-cores1,pcm_cha,drd_latency,SKT0C13,31,28.567734496401997,ns
correlation-stream-cores1,pcm_cha,drd_latency,SKT0C13,32,28.56665858622988,ns
correlation-stream-cores1,pcm_cha,drd_latency,SKT0C13,33,28.568531772988127,ns
correlation-stream-cores1,pcm_cha,drd_latency,SKT0C13,34,28.570203290190207,ns
correlation-stream-cores1,pcm_cha,drd_latency,SKT0C13,35,28.5652254491799,ns
correlation-stream-cores1,pcm_cha,drd_latency,SKT0C13,36,28.56646117101087,ns
correlation-stream-cores1,pcm_cha,drd_latency,SKT0C13,37,28.5668779550722,ns
correlation-stream-cores1,pcm_cha,drd_latency,SKT0C13,38,28.56570277006743,ns
correlation-stream-cores1,pcm_cha,drd_latency,SKT0C13,39,28.565844195198512,ns
correlation-stream-cores1,pcm_cha,drd_latency,SKT0C13,40,28.5657677958362,ns
correlation-stream-cores1,pcm_cha,drd_latency,SKT0C13,41,28.567099091184325,ns
correlation-stream-cores1,pcm_cha,drd_latency,SKT0C13,42,28.56616135137432,ns
correlation-stream-cores1,pcm_cha,drd_latency,SKT0C13,43,28.568141116295184,ns
correlation-stream-cores1,pcm_cha,drd_latency,SKT0C13,44,28.567077552855363,ns
correlation-stream-cores1,pcm_cha,drd_latency,SKT0C13,45,28.565877379164267,ns
correlation-stream-cores1,pcm_cha,drd_latency,SKT0C13,46,28.565708379287983,ns
correlation-stream-cores1,pcm_cha,drd_latency,SKT0C13,47,28.568351839112783,ns
correlation-stream-cores1,pcm_cha,drd_latency,SKT0C13,48,28.56474650499018,ns
correlation-stream-cores1,pcm_cha,drd_latency,SKT0C13,49,28.566765847755804,ns
correlation-stream-cores1,pcm_cha,drd_latency,SKT0C13,50,28.56607544402779,ns
correlation-stream-cores1,pcm_cha,drd_latency,SKT0C13,51,28.566587514810333,ns
correlation-stream-cores1,pcm_cha,drd_latency,SKT0C13,52,28.565879087798937,ns
correlation-stream-cores1,pcm_cha,drd_latency,SKT0C13,53,28.566272514780696,ns
correlation-stream-cores1,pcm_cha,drd_latency,SKT0C13,54,28.566007556688373,ns
correlation-stream-cores1,pcm_cha,drd_latency,SKT0C13,55,28.565134416566362,ns
correlation-stream-cores1,pcm_cha,drd_latency,SKT0C13,56,28.564567072793487,ns
correlation-stream-cores1,pcm_cha,drd_latency,SKT0C13,57,28.566602404333356,ns
correlation-stream-cores1,pcm_cha,drd_latency,SKT0C13,58,28.565582151089565,ns
correlation-stream-cores1,pcm_cha,drd_latency,SKT0C13,59,28.566522323398818,ns
correlation-stream-cores1,pcm_cha,drd_latency,SKT0C14,0,28.59357912394345,ns
correlation-stream-cores1,pcm_cha,drd_latency,SKT0C14,1,28.59090508081916,ns
correlation-stream-cores1,pcm_cha,drd_latency,SKT0C14,2,28.589220997300853,ns
correlation-stream-cores1,pcm_cha,drd_latency,SKT0C14,3,28.58944904615566,ns
correlation-stream-cores1,pcm_cha,drd_latency,SKT0C14,4,28.5892529980134,ns
correlation-stream-cores1,pcm_cha,drd_latency,SKT0C14,5,28.58926397581297,ns
correlation-stream-cores1,pcm_cha,drd_latency,SKT0C14,6,28.590258578899704,ns
correlation-stream-cores1,pcm_cha,drd_latency,SKT0C14,7,28.589559143409566,ns
correlation-stream-cores1,pcm_cha,drd_latency,SKT0C14,8,28.590644927714226,ns
correlation-stream-cores1,pcm_cha,drd_latency,SKT0C14,9,28.589876516959663,ns
correlation-stream-cores1,pcm_cha,drd_latency,SKT0C14,10,28.59072368766645,ns
correlation-stream-cores1,pcm_cha,drd_latency,SKT0C14,11,28.5900366300917,ns
correlation-stream-cores1,pcm_cha,drd_latency,SKT0C14,12,28.58987724588847,ns
correlation-stream-cores1,pcm_cha,drd_latency,SKT0C14,13,28.59036890662454,ns
correlation-stream-cores1,pcm_cha,drd_latency,SKT0C14,14,28.589987699294213,ns
correlation-stream-cores1,pcm_cha,drd_latency,SKT0C14,15,28.589002332915342,ns
correlation-stream-cores1,pcm_cha,drd_latency,SKT0C14,16,28.588811115795057,ns
correlation-stream-cores1,pcm_cha,drd_latency,SKT0C14,17,28.589729652140925,ns
correlation-stream-cores1,pcm_cha,drd_latency,SKT0C14,18,28.590757192184373,ns
correlation-stream-cores1,pcm_cha,drd_latency,SKT0C14,19,28.589952070813375,ns
correlation-stream-cores1,pcm_cha,drd_latency,SKT0C14,20,28.589280914247045,ns
correlation-stream-cores1,pcm_cha,drd_latency,SKT0C14,21,28.589354007695075,ns
correlation-stream-cores1,pcm_cha,drd_latency,SKT0C14,22,28.589844050184006,ns
correlation-stream-cores1,pcm_cha,drd_latency,SKT0C14,23,28.589868367130748,ns
correlation-stream-cores1,pcm_cha,drd_latency,SKT0C14,24,28.591493976926873,ns
correlation-stream-cores1,pcm_cha,drd_latency,SKT0C14,25,28.590032130772745,ns
correlation-stream-cores1,pcm_cha,drd_latency,SKT0C14,26,28.589789867261715,ns
correlation-stream-cores1,pcm_cha,drd_latency,SKT0C14,27,28.590726490233806,ns
correlation-stream-cores1,pcm_cha,drd_latency,SKT0C14,28,28.589571539209384,ns
correlation-stream-cores1,pcm_cha,drd_latency,SKT0C14,29,28.590049544034787,ns
correlation-stream-cores1,pcm_cha,drd_latency,SKT0C14,30,28.591295464644443,ns
correlation-stream-cores1,pcm_cha,drd_latency,SKT0C14,31,28.591051836025265,ns
correlation-stream-cores1,pcm_cha,drd_latency,SKT0C14,32,28.591023340186574,ns
correlation-stream-cores1,pcm_cha,drd_latency,SKT0C14,33,28.59157746255501,ns
correlation-stream-cores1,pcm_cha,drd_latency,SKT0C14,34,28.59376622420448,ns
correlation-stream-cores1,pcm_cha,drd_latency,SKT0C14,35,28.589404985131264,ns
correlation-stream-cores1,pcm_cha,drd_latency,SKT0C14,36,28.590249058041884,ns
correlation-stream-cores1,pcm_cha,drd_latency,SKT0C14,37,28.59001249042498,ns
correlation-stream-cores1,pcm_cha,drd_latency,SKT0C14,38,28.59096762973851,ns
correlation-stream-cores1,pcm_cha,drd_latency,SKT0C14,39,28.589822041528542,ns
correlation-stream-cores1,pcm_cha,drd_latency,SKT0C14,40,28.589589314712203,ns
correlation-stream-cores1,pcm_cha,drd_latency,SKT0C14,41,28.59054599272888,ns
correlation-stream-cores1,pcm_cha,drd_latency,SKT0C14,42,28.589692493164414,ns
correlation-stream-cores1,pcm_cha,drd_latency,SKT0C14,43,28.592416774716554,ns
correlation-stream-cores1,pcm_cha,drd_latency,SKT0C14,44,28.590060569380316,ns
correlation-stream-cores1,pcm_cha,drd_latency,SKT0C14,45,28.589407897847646,ns
correlation-stream-cores1,pcm_cha,drd_latency,SKT0C14,46,28.589544748630846,ns
correlation-stream-cores1,pcm_cha,drd_latency,SKT0C14,47,28.59299923819739,ns
correlation-stream-cores1,pcm_cha,drd_latency,SKT0C14,48,28.5888535016063,ns
correlation-stream-cores1,pcm_cha,drd_latency,SKT0C14,49,28.59045510794826,ns
correlation-stream-cores1,pcm_cha,drd_latency,SKT0C14,50,28.590239423435634,ns
correlation-stream-cores1,pcm_cha,drd_latency,SKT0C14,51,28.589467810741173,ns
correlation-stream-cores1,pcm_cha,drd_latency,SKT0C14,52,28.589529116793567,ns
correlation-stream-cores1,pcm_cha,drd_latency,SKT0C14,53,28.58971826782487,ns
correlation-stream-cores1,pcm_cha,drd_latency,SKT0C14,54,28.590142777175824,ns
correlation-stream-cores1,pcm_cha,drd_latency,SKT0C14,55,28.589270698236245,ns
correlation-stream-cores1,pcm_cha,drd_latency,SKT0C14,56,28.589523328857055,ns
correlation-stream-cores1,pcm_cha,drd_latency,SKT0C14,57,28.589589981246565,ns
correlation-stream-cores1,pcm_cha,drd_latency,SKT0C14,58,28.59035700494245,ns
correlation-stream-cores1,pcm_cha,drd_latency,SKT0C14,59,28.59070440443604,ns
correlation-stream-cores1,pcm_cha,drd_latency,SKT0C15,0,30.315599921052165,ns
correlation-stream-cores1,pcm_cha,drd_latency,SKT0C15,1,30.31275226848209,ns
correlation-stream-cores1,pcm_cha,drd_latency,SKT0C15,2,30.310198329782775,ns
correlation-stream-cores1,pcm_cha,drd_latency,SKT0C15,3,30.310010864824513,ns
correlation-stream-cores1,pcm_cha,drd_latency,SKT0C15,4,30.31015248818583,ns
correlation-stream-cores1,pcm_cha,drd_latency,SKT0C15,5,30.310376653068378,ns
correlation-stream-cores1,pcm_cha,drd_latency,SKT0C15,6,30.310457610820887,ns
correlation-stream-cores1,pcm_cha,drd_latency,SKT0C15,7,30.31033733193902,ns
correlation-stream-cores1,pcm_cha,drd_latency,SKT0C15,8,30.310558774491557,ns
correlation-stream-cores1,pcm_cha,drd_latency,SKT0C15,9,30.31037104223012,ns
correlation-stream-cores1,pcm_cha,drd_latency,SKT0C15,10,30.311724364998295,ns
correlation-stream-cores1,pcm_cha,drd_latency,SKT0C15,11,30.311195813469396,ns
correlation-stream-cores1,pcm_cha,drd_latency,SKT0C15,12,30.310527610707652,ns
correlation-stream-cores1,pcm_cha,drd_latency,SKT0C15,13,30.310543567634276,ns
correlation-stream-cores1,pcm_cha,drd_latency,SKT0C15,14,30.310615753120622,ns
correlation-stream-cores1,pcm_cha,drd_latency,SKT0C15,15,30.30986360653352,ns
correlation-stream-cores1,pcm_cha,drd_latency,SKT0C15,16,30.309763097945314,ns
correlation-stream-cores1,pcm_cha,drd_latency,SKT0C15,17,30.310659517496674,ns
correlation-stream-cores1,pcm_cha,drd_latency,SKT0C15,18,30.309988857160256,ns
correlation-stream-cores1,pcm_cha,drd_latency,SKT0C15,19,30.31012572676112,ns
correlation-stream-cores1,pcm_cha,drd_latency,SKT0C15,20,30.310209548998124,ns
correlation-stream-cores1,pcm_cha,drd_latency,SKT0C15,21,30.311182267499603,ns
correlation-stream-cores1,pcm_cha,drd_latency,SKT0C15,22,30.310184875479706,ns
correlation-stream-cores1,pcm_cha,drd_latency,SKT0C15,23,30.310368559012208,ns
correlation-stream-cores1,pcm_cha,drd_latency,SKT0C15,24,30.3105189334831,ns
correlation-stream-cores1,pcm_cha,drd_latency,SKT0C15,25,30.310306869853033,ns
correlation-stream-cores1,pcm_cha,drd_latency,SKT0C15,26,30.31018382259157,ns
correlation-stream-cores1,pcm_cha,drd_latency,SKT0C15,27,30.309257208746118,ns
correlation-stream-cores1,pcm_cha,drd_latency,SKT0C15,28,30.31020512376099,ns
correlation-stream-cores1,pcm_cha,drd_latency,SKT0C15,29,30.310026447049307,ns
correlation-stream-cores1,pcm_cha,drd_latency,SKT0C15,30,30.311501284940388,ns
correlation-stream-cores1,pcm_cha,drd_latency,SKT0C15,31,30.311630031197332,ns
correlation-stream-cores1,pcm_cha,drd_latency,SKT0C15,32,30.311199141355893,ns
correlation-stream-cores1,pcm_cha,drd_latency,SKT0C15,33,30.313144848103935,ns
correlation-stream-cores1,pcm_cha,drd_latency,SKT0C15,34,30.313589437496464,ns
correlation-stream-cores1,pcm_cha,drd_latency,SKT0C15,35,30.310686127222407,ns
correlation-stream-cores1,pcm_cha,drd_latency,SKT0C15,36,30.31186135071777,ns
correlation-stream-cores1,pcm_cha,drd_latency,SKT0C15,37,30.31112962762127,ns
correlation-stream-cores1,pcm_cha,drd_latency,SKT0C15,38,30.31035930951493,ns
correlation-stream-cores1,pcm_cha,drd_latency,SKT0C15,39,30.310553227320735,ns
correlation-stream-cores1,pcm_cha,drd_latency,SKT0C15,40,30.310564978224384,ns
correlation-stream-cores1,pcm_cha,drd_latency,SKT0C15,41,30.312791253633485,ns
correlation-stream-cores1,pcm_cha,drd_latency,SKT0C15,42,30.31088079565093,ns
correlation-stream-cores1,pcm_cha,drd_latency,SKT0C15,43,30.31364792132548,ns
correlation-stream-cores1,pcm_cha,drd_latency,SKT0C15,44,30.31102855500688,ns
correlation-stream-cores1,pcm_cha,drd_latency,SKT0C15,45,30.30994094707845,ns
correlation-stream-cores1,pcm_cha,drd_latency,SKT0C15,46,30.311292831952937,ns
correlation-stream-cores1,pcm_cha,drd_latency,SKT0C15,47,30.314152974087964,ns
correlation-stream-cores1,pcm_cha,drd_latency,SKT0C15,48,30.3109800282488,ns
correlation-stream-cores1,pcm_cha,drd_latency,SKT0C15,49,30.31105295944032,ns
correlation-stream-cores1,pcm_cha,drd_latency,SKT0C15,50,30.31108066995568,ns
correlation-stream-cores1,pcm_cha,drd_latency,SKT0C15,51,30.310400086354285,ns
correlation-stream-cores1,pcm_cha,drd_latency,SKT0C15,52,30.310232971364815,ns
correlation-stream-cores1,pcm_cha,drd_latency,SKT0C15,53,30.310772215349697,ns
correlation-stream-cores1,pcm_cha,drd_latency,SKT0C15,54,30.31114254092813,ns
correlation-stream-cores1,pcm_cha,drd_latency,SKT0C15,55,30.309638781051152,ns
correlation-stream-cores1,pcm_cha,drd_latency,SKT0C15,56,30.310001175959936,ns
correlation-stream-cores1,pcm_cha,drd_latency,SKT0C15,57,30.309929136679635,ns
correlation-stream-cores1,pcm_cha,drd_latency,SKT0C15,58,30.30984701335653,ns
correlation-stream-cores1,pcm_cha,drd_latency,SKT0C15,59,30.311516009156602,ns
correlation-stream-cores1,pcm_imc,rpq_occ_agg,SKT0CHAN0,0,176009648.0,occupancy_cycles
correlation-stream-cores1,pcm_imc,rpq_occ_agg,SKT0CHAN0,1,175860509.0,occupancy_cycles
correlation-stream-cores1,pcm_imc,rpq_occ_agg,SKT0CHAN0,2,176849823.0,occupancy_cycles
correlation-stream-cores1,pcm_imc,rpq_occ_agg,SKT0CHAN0,3,177661051.0,occupancy_cycles
correlation-stream-cores1,pcm_imc,rpq_occ_agg,SKT0CHAN0,4,177283181.0,occupancy_cycles
correlation-stream-cores1,pcm_imc,rpq_occ_agg,SKT0CHAN0,5,177644715.0,occupancy_cycles
correlation-stream-cores1,pcm_imc,rpq_occ_agg,SKT0CHAN0,6,179121733.0,occupancy_cycles
correlation-stream-cores1,pcm_imc,rpq_occ_agg,SKT0CHAN0,7,176984882.0,occupancy_cycles
correlation-stream-cores1,pcm_imc,rpq_occ_agg,SKT0CHAN0,8,177113350.0,occupancy_cycles
correlation-stream-cores1,pcm_imc,rpq_occ_agg,SKT0CHAN0,9,176706189.0,occupancy_cycles
correlation-stream-cores1,pcm_imc,rpq_occ_agg,SKT0CHAN0,10,176494157.0,occupancy_cycles
correlation-stream-cores1,pcm_imc,rpq_occ_agg,SKT0CHAN0,11,176926802.0,occupancy_cycles
correlation-stream-cores1,pcm_imc,rpq_occ_agg,SKT0CHAN0,12,176954109.0,occupancy_cycles
correlation-stream-cores1,pcm_imc,rpq_occ_agg,SKT0CHAN0,13,176723230.0,occupancy_cycles
correlation-stream-cores1,pcm_imc,rpq_occ_agg,SKT0CHAN0,14,175989955.0,occupancy_cycles
correlation-stream-cores1,pcm_imc,rpq_occ_agg,SKT0CHAN0,15,176633747.0,occupancy_cycles
correlation-stream-cores1,pcm_imc,rpq_occ_agg,SKT0CHAN0,16,176195258.0,occupancy_cycles
correlation-stream-cores1,pcm_imc,rpq_occ_agg,SKT0CHAN0,17,176328441.0,occupancy_cycles
correlation-stream-cores1,pcm_imc,rpq_occ_agg,SKT0CHAN0,18,176127824.0,occupancy_cycles
correlation-stream-cores1,pcm_imc,rpq_occ_agg,SKT0CHAN0,19,175985445.0,occupancy_cycles
correlation-stream-cores1,pcm_imc,rpq_occ_agg,SKT0CHAN0,20,176443236.0,occupancy_cycles
correlation-stream-cores1,pcm_imc,rpq_occ_agg,SKT0CHAN0,21,175992533.0,occupancy_cycles
correlation-stream-cores1,pcm_imc,rpq_occ_agg,SKT0CHAN0,22,176239828.0,occupancy_cycles
correlation-stream-cores1,pcm_imc,rpq_occ_agg,SKT0CHAN0,23,176741173.0,occupancy_cycles
correlation-stream-cores1,pcm_imc,rpq_occ_agg,SKT0CHAN0,24,176518103.0,occupancy_cycles
correlation-stream-cores1,pcm_imc,rpq_occ_agg,SKT0CHAN0,25,176772714.0,occupancy_cycles
correlation-stream-cores1,pcm_imc,rpq_occ_agg,SKT0CHAN0,26,176692425.0,occupancy_cycles
correlation-stream-cores1,pcm_imc,rpq_occ_agg,SKT0CHAN0,27,176908166.0,occupancy_cycles
correlation-stream-cores1,pcm_imc,rpq_occ_agg,SKT0CHAN0,28,176813354.0,occupancy_cycles
correlation-stream-cores1,pcm_imc,rpq_occ_agg,SKT0CHAN0,29,176761865.0,occupancy_cycles
correlation-stream-cores1,pcm_imc,rpq_occ_agg,SKT0CHAN0,30,176662293.0,occupancy_cycles
correlation-stream-cores1,pcm_imc,rpq_occ_agg,SKT0CHAN0,31,176970010.0,occupancy_cycles
correlation-stream-cores1,pcm_imc,rpq_occ_agg,SKT0CHAN0,32,176500894.0,occupancy_cycles
correlation-stream-cores1,pcm_imc,rpq_occ_agg,SKT0CHAN0,33,176749225.0,occupancy_cycles
correlation-stream-cores1,pcm_imc,rpq_occ_agg,SKT0CHAN0,34,176523308.0,occupancy_cycles
correlation-stream-cores1,pcm_imc,rpq_occ_agg,SKT0CHAN0,35,175912672.0,occupancy_cycles
correlation-stream-cores1,pcm_imc,rpq_occ_agg,SKT0CHAN0,36,177659442.0,occupancy_cycles
correlation-stream-cores1,pcm_imc,rpq_occ_agg,SKT0CHAN0,37,177414453.0,occupancy_cycles
correlation-stream-cores1,pcm_imc,rpq_occ_agg,SKT0CHAN0,38,178620519.0,occupancy_cycles
correlation-stream-cores1,pcm_imc,rpq_occ_agg,SKT0CHAN0,39,176512140.0,occupancy_cycles
correlation-stream-cores1,pcm_imc,rpq_occ_agg,SKT0CHAN0,40,176170289.0,occupancy_cycles
correlation-stream-cores1,pcm_imc,rpq_occ_agg,SKT0CHAN0,41,176674516.0,occupancy_cycles
correlation-stream-cores1,pcm_imc,rpq_occ_agg,SKT0CHAN0,42,176391270.0,occupancy_cycles
correlation-stream-cores1,pcm_imc,rpq_occ_agg,SKT0CHAN0,43,176585626.0,occupancy_cycles
correlation-stream-cores1,pcm_imc,rpq_occ_agg,SKT0CHAN0,44,176792045.0,occupancy_cycles
correlation-stream-cores1,pcm_imc,rpq_occ_agg,SKT0CHAN0,45,175932578.0,occupancy_cycles
correlation-stream-cores1,pcm_imc,rpq_occ_agg,SKT0CHAN0,46,178204036.0,occupancy_cycles
correlation-stream-cores1,pcm_imc,rpq_occ_agg,SKT0CHAN0,47,176032840.0,occupancy_cycles
correlation-stream-cores1,pcm_imc,rpq_occ_agg,SKT0CHAN0,48,176403966.0,occupancy_cycles
correlation-stream-cores1,pcm_imc,rpq_occ_agg,SKT0CHAN0,49,176576213.0,occupancy_cycles
correlation-stream-cores1,pcm_imc,rpq_occ_agg,SKT0CHAN0,50,176457411.0,occupancy_cycles
correlation-stream-cores1,pcm_imc,rpq_occ_agg,SKT0CHAN0,51,176381870.0,occupancy_cycles
correlation-stream-cores1,pcm_imc,rpq_occ_agg,SKT0CHAN0,52,176590906.0,occupancy_cycles
correlation-stream-cores1,pcm_imc,rpq_occ_agg,SKT0CHAN0,53,176398238.0,occupancy_cycles
correlation-stream-cores1,pcm_imc,rpq_occ_agg,SKT0CHAN0,54,177038241.0,occupancy_cycles
correlation-stream-cores1,pcm_imc,rpq_occ_agg,SKT0CHAN0,55,177408966.0,occupancy_cycles
correlation-stream-cores1,pcm_imc,rpq_occ_agg,SKT0CHAN0,56,176610076.0,occupancy_cycles
correlation-stream-cores1,pcm_imc,rpq_occ_agg,SKT0CHAN0,57,176260380.0,occupancy_cycles
correlation-stream-cores1,pcm_imc,rpq_occ_agg,SKT0CHAN0,58,176062520.0,occupancy_cycles
correlation-stream-cores1,pcm_imc,rpq_occ_agg,SKT0CHAN0,59,176554021.0,occupancy_cycles
correlation-stream-cores1,pcm_imc,rpq_occ_agg,SKT0CHAN1,0,153157495.0,occupancy_cycles
correlation-stream-cores1,pcm_imc,rpq_occ_agg,SKT0CHAN1,1,153285685.0,occupancy_cycles
correlation-stream-cores1,pcm_imc,rpq_occ_agg,SKT0CHAN1,2,153470506.0,occupancy_cycles
correlation-stream-cores1,pcm_imc,rpq_occ_agg,SKT0CHAN1,3,154630190.0,occupancy_cycles
correlation-stream-cores1,pcm_imc,rpq_occ_agg,SKT0CHAN1,4,154233488.0,occupancy_cycles
correlation-stream-cores1,pcm_imc,rpq_occ_agg,SKT0CHAN1,5,154169689.0,occupancy_cycles
correlation-stream-cores1,pcm_imc,rpq_occ_agg,SKT0CHAN1,6,155099118.0,occupancy_cycles
correlation-stream-cores1,pcm_imc,rpq_occ_agg,SKT0CHAN1,7,153775757.0,occupancy_cycles
correlation-stream-cores1,pcm_imc,rpq_occ_agg,SKT0CHAN1,8,153795826.0,occupancy_cycles
correlation-stream-cores1,pcm_imc,rpq_occ_agg,SKT0CHAN1,9,153776950.0,occupancy_cycles
correlation-stream-cores1,pcm_imc,rpq_occ_agg,SKT0CHAN1,10,153277899.0,occupancy_cycles
correlation-stream-cores1,pcm_imc,rpq_occ_agg,SKT0CHAN1,11,153824748.0,occupancy_cycles
correlation-stream-cores1,pcm_imc,rpq_occ_agg,SKT0CHAN1,12,153229733.0,occupancy_cycles
correlation-stream-cores1,pcm_imc,rpq_occ_agg,SKT0CHAN1,13,152988366.0,occupancy_cycles
correlation-stream-cores1,pcm_imc,rpq_occ_agg,SKT0CHAN1,14,153231574.0,occupancy_cycles
correlation-stream-cores1,pcm_imc,rpq_occ_agg,SKT0CHAN1,15,152799740.0,occupancy_cycles
correlation-stream-cores1,pcm_imc,rpq_occ_agg,SKT0CHAN1,16,153005820.0,occupancy_cycles
correlation-stream-cores1,pcm_imc,rpq_occ_agg,SKT0CHAN1,17,153505454.0,occupancy_cycles
correlation-stream-cores1,pcm_imc,rpq_occ_agg,SKT0CHAN1,18,152785265.0,occupancy_cycles
correlation-stream-cores1,pcm_imc,rpq_occ_agg,SKT0CHAN1,19,152863361.0,occupancy_cycles
correlation-stream-cores1,pcm_imc,rpq_occ_agg,SKT0CHAN1,20,152429497.0,occupancy_cycles
correlation-stream-cores1,pcm_imc,rpq_occ_agg,SKT0CHAN1,21,152900546.0,occupancy_cycles
correlation-stream-cores1,pcm_imc,rpq_occ_agg,SKT0CHAN1,22,153260236.0,occupancy_cycles
correlation-stream-cores1,pcm_imc,rpq_occ_agg,SKT0CHAN1,23,153394574.0,occupancy_cycles
correlation-stream-cores1,pcm_imc,rpq_occ_agg,SKT0CHAN1,24,153330139.0,occupancy_cycles
correlation-stream-cores1,pcm_imc,rpq_occ_agg,SKT0CHAN1,25,153255751.0,occupancy_cycles
correlation-stream-cores1,pcm_imc,rpq_occ_agg,SKT0CHAN1,26,153437789.0,occupancy_cycles
correlation-stream-cores1,pcm_imc,rpq_occ_agg,SKT0CHAN1,27,153577321.0,occupancy_cycles
correlation-stream-cores1,pcm_imc,rpq_occ_agg,SKT0CHAN1,28,153115540.0,occupancy_cycles
correlation-stream-cores1,pcm_imc,rpq_occ_agg,SKT0CHAN1,29,153733034.0,occupancy_cycles
correlation-stream-cores1,pcm_imc,rpq_occ_agg,SKT0CHAN1,30,153549714.0,occupancy_cycles
correlation-stream-cores1,pcm_imc,rpq_occ_agg,SKT0CHAN1,31,153594210.0,occupancy_cycles
correlation-stream-cores1,pcm_imc,rpq_occ_agg,SKT0CHAN1,32,153201731.0,occupancy_cycles
correlation-stream-cores1,pcm_imc,rpq_occ_agg,SKT0CHAN1,33,153221710.0,occupancy_cycles
correlation-stream-cores1,pcm_imc,rpq_occ_agg,SKT0CHAN1,34,153004882.0,occupancy_cycles
correlation-stream-cores1,pcm_imc,rpq_occ_agg,SKT0CHAN1,35,153188301.0,occupancy_cycles
correlation-stream-cores1,pcm_imc,rpq_occ_agg,SKT0CHAN1,36,154398681.0,occupancy_cycles
correlation-stream-cores1,pcm_imc,rpq_occ_agg,SKT0CHAN1,37,154112006.0,occupancy_cycles
correlation-stream-cores1,pcm_imc,rpq_occ_agg,SKT0CHAN1,38,155505467.0,occupancy_cycles
correlation-stream-cores1,pcm_imc,rpq_occ_agg,SKT0CHAN1,39,153617624.0,occupancy_cycles
correlation-stream-cores1,pcm_imc,rpq_occ_agg,SKT0CHAN1,40,153242856.0,occupancy_cycles
correlation-stream-cores1,pcm_imc,rpq_occ_agg,SKT0CHAN1,41,154112350.0,occupancy_cycles
correlation-stream-cores1,pcm_imc,rpq_occ_agg,SKT0CHAN1,42,153204096.0,occupancy_cycles
correlation-stream-cores1,pcm_imc,rpq_occ_agg,SKT0CHAN1,43,153560036.0,occupancy_cycles
correlation-stream-cores1,pcm_imc,rpq_occ_agg,SKT0CHAN1,44,152997339.0,occupancy_cycles
correlation-stream-cores1,pcm_imc,rpq_occ_agg,SKT0CHAN1,45,153092725.0,occupancy_cycles
correlation-stream-cores1,pcm_imc,rpq_occ_agg,SKT0CHAN1,46,154512762.0,occupancy_cycles
correlation-stream-cores1,pcm_imc,rpq_occ_agg,SKT0CHAN1,47,153033985.0,occupancy_cycles
correlation-stream-cores1,pcm_imc,rpq_occ_agg,SKT0CHAN1,48,153413796.0,occupancy_cycles
correlation-stream-cores1,pcm_imc,rpq_occ_agg,SKT0CHAN1,49,153475959.0,occupancy_cycles
correlation-stream-cores1,pcm_imc,rpq_occ_agg,SKT0CHAN1,50,153253166.0,occupancy_cycles
correlation-stream-cores1,pcm_imc,rpq_occ_agg,SKT0CHAN1,51,153269319.0,occupancy_cycles
correlation-stream-cores1,pcm_imc,rpq_occ_agg,SKT0CHAN1,52,153711259.0,occupancy_cycles
correlation-stream-cores1,pcm_imc,rpq_occ_agg,SKT0CHAN1,53,153366203.0,occupancy_cycles
correlation-stream-cores1,pcm_imc,rpq_occ_agg,SKT0CHAN1,54,154579938.0,occupancy_cycles
correlation-stream-cores1,pcm_imc,rpq_occ_agg,SKT0CHAN1,55,154056773.0,occupancy_cycles
correlation-stream-cores1,pcm_imc,rpq_occ_agg,SKT0CHAN1,56,152751620.0,occupancy_cycles
correlation-stream-cores1,pcm_imc,rpq_occ_agg,SKT0CHAN1,57,153298753.0,occupancy_cycles
correlation-stream-cores1,pcm_imc,rpq_occ_agg,SKT0CHAN1,58,153307988.0,occupancy_cycles
correlation-stream-cores1,pcm_imc,rpq_occ_agg,SKT0CHAN1,59,153424262.0,occupancy_cycles
correlation-stream-cores1,pcm_imc,rpq_occ_agg,SKT0CHAN2,0,169584417.0,occupancy_cycles
correlation-stream-cores1,pcm_imc,rpq_occ_agg,SKT0CHAN2,1,169478374.0,occupancy_cycles
correlation-stream-cores1,pcm_imc,rpq_occ_agg,SKT0CHAN2,2,169677851.0,occupancy_cycles
correlation-stream-cores1,pcm_imc,rpq_occ_agg,SKT0CHAN2,3,170518378.0,occupancy_cycles
correlation-stream-cores1,pcm_imc,rpq_occ_agg,SKT0CHAN2,4,170468482.0,occupancy_cycles
correlation-stream-cores1,pcm_imc,rpq_occ_agg,SKT0CHAN2,5,170694507.0,occupancy_cycles
correlation-stream-cores1,pcm_imc,rpq_occ_agg,SKT0CHAN2,6,171601017.0,occupancy_cycles
correlation-stream-cores1,pcm_imc,rpq_occ_agg,SKT0CHAN2,7,170376192.0,occupancy_cycles
correlation-stream-cores1,pcm_imc,rpq_occ_agg,SKT0CHAN2,8,169916671.0,occupancy_cycles
correlation-stream-cores1,pcm_imc,rpq_occ_agg,SKT0CHAN2,9,169913822.0,occupancy_cycles
correlation-stream-cores1,pcm_imc,rpq_occ_agg,SKT0CHAN2,10,169655359.0,occupancy_cycles
correlation-stream-cores1,pcm_imc,rpq_occ_agg,SKT0CHAN2,11,170299963.0,occupancy_cycles
correlation-stream-cores1,pcm_imc,rpq_occ_agg,SKT0CHAN2,12,169975291.0,occupancy_cycles
correlation-stream-cores1,pcm_imc,rpq_occ_agg,SKT0CHAN2,13,169283488.0,occupancy_cycles
correlation-stream-cores1,pcm_imc,rpq_occ_agg,SKT0CHAN2,14,168658247.0,occupancy_cycles
correlation-stream-cores1,pcm_imc,rpq_occ_agg,SKT0CHAN2,15,169094911.0,occupancy_cycles
correlation-stream-cores1,pcm_imc,rpq_occ_agg,SKT0CHAN2,16,169701567.0,occupancy_cycles
correlation-stream-cores1,pcm_imc,rpq_occ_agg,SKT0CHAN2,17,169268550.0,occupancy_cycles
correlation-stream-cores1,pcm_imc,rpq_occ_agg,SKT0CHAN2,18,169312023.0,occupancy_cycles
correlation-stream-cores1,pcm_imc,rpq_occ_agg,SKT0CHAN2,19,168910644.0,occupancy_cycles
correlation-stream-cores1,pcm_imc,rpq_occ_agg,SKT0CHAN2,20,169480568.0,occupancy_cycles
correlation-stream-cores1,pcm_imc,rpq_occ_agg,SKT0CHAN2,21,169274650.0,occupancy_cycles
correlation-stream-cores1,pcm_imc,rpq_occ_agg,SKT0CHAN2,22,168909957.0,occupancy_cycles
correlation-stream-cores1,pcm_imc,rpq_occ_agg,SKT0CHAN2,23,168799088.0,occupancy_cycles
correlation-stream-cores1,pcm_imc,rpq_occ_agg,SKT0CHAN2,24,168981152.0,occupancy_cycles
correlation-stream-cores1,pcm_imc,rpq_occ_agg,SKT0CHAN2,25,169730760.0,occupancy_cycles
correlation-stream-cores1,pcm_imc,rpq_occ_agg,SKT0CHAN2,26,169259666.0,occupancy_cycles
correlation-stream-cores1,pcm_imc,rpq_occ_agg,SKT0CHAN2,27,170058590.0,occupancy_cycles
correlation-stream-cores1,pcm_imc,rpq_occ_agg,SKT0CHAN2,28,169860173.0,occupancy_cycles
correlation-stream-cores1,pcm_imc,rpq_occ_agg,SKT0CHAN2,29,169723126.0,occupancy_cycles
correlation-stream-cores1,pcm_imc,rpq_occ_agg,SKT0CHAN2,30,169461888.0,occupancy_cycles
correlation-stream-cores1,pcm_imc,rpq_occ_agg,SKT0CHAN2,31,169622499.0,occupancy_cycles
correlation-stream-cores1,pcm_imc,rpq_occ_agg,SKT0CHAN2,32,169179701.0,occupancy_cycles
correlation-stream-cores1,pcm_imc,rpq_occ_agg,SKT0CHAN2,33,169106114.0,occupancy_cycles
correlation-stream-cores1,pcm_imc,rpq_occ_agg,SKT0CHAN2,34,169429775.0,occupancy_cycles
correlation-stream-cores1,pcm_imc,rpq_occ_agg,SKT0CHAN2,35,169126282.0,occupancy_cycles
correlation-stream-cores1,pcm_imc,rpq_occ_agg,SKT0CHAN2,36,170098476.0,occupancy_cycles
correlation-stream-cores1,pcm_imc,rpq_occ_agg,SKT0CHAN2,37,170109660.0,occupancy_cycles
correlation-stream-cores1,pcm_imc,rpq_occ_agg,SKT0CHAN2,38,171576478.0,occupancy_cycles
correlation-stream-cores1,pcm_imc,rpq_occ_agg,SKT0CHAN2,39,169640038.0,occupancy_cycles
correlation-stream-cores1,pcm_imc,rpq_occ_agg,SKT0CHAN2,40,168974793.0,occupancy_cycles
correlation-stream-cores1,pcm_imc,rpq_occ_agg,SKT0CHAN2,41,169899940.0,occupancy_cycles
correlation-stream-cores1,pcm_imc,rpq_occ_agg,SKT0CHAN2,42,169403757.0,occupancy_cycles
correlation-stream-cores1,pcm_imc,rpq_occ_agg,SKT0CHAN2,43,169436646.0,occupancy_cycles
correlation-stream-cores1,pcm_imc,rpq_occ_agg,SKT0CHAN2,44,169465238.0,occupancy_cycles
correlation-stream-cores1,pcm_imc,rpq_occ_agg,SKT0CHAN2,45,169358778.0,occupancy_cycles
correlation-stream-cores1,pcm_imc,rpq_occ_agg,SKT0CHAN2,46,170617133.0,occupancy_cycles
correlation-stream-cores1,pcm_imc,rpq_occ_agg,SKT0CHAN2,47,169315848.0,occupancy_cycles
correlation-stream-cores1,pcm_imc,rpq_occ_agg,SKT0CHAN2,48,169689475.0,occupancy_cycles
correlation-stream-cores1,pcm_imc,rpq_occ_agg,SKT0CHAN2,49,170065873.0,occupancy_cycles
correlation-stream-cores1,pcm_imc,rpq_occ_agg,SKT0CHAN2,50,169501322.0,occupancy_cycles
correlation-stream-cores1,pcm_imc,rpq_occ_agg,SKT0CHAN2,51,169396010.0,occupancy_cycles
correlation-stream-cores1,pcm_imc,rpq_occ_agg,SKT0CHAN2,52,168945026.0,occupancy_cycles
correlation-stream-cores1,pcm_imc,rpq_occ_agg,SKT0CHAN2,53,169109334.0,occupancy_cycles
correlation-stream-cores1,pcm_imc,rpq_occ_agg,SKT0CHAN2,54,170245179.0,occupancy_cycles
correlation-stream-cores1,pcm_imc,rpq_occ_agg,SKT0CHAN2,55,170269294.0,occupancy_cycles
correlation-stream-cores1,pcm_imc,rpq_occ_agg,SKT0CHAN2,56,169252847.0,occupancy_cycles
correlation-stream-cores1,pcm_imc,rpq_occ_agg,SKT0CHAN2,57,169392990.0,occupancy_cycles
correlation-stream-cores1,pcm_imc,rpq_occ_agg,SKT0CHAN2,58,169368238.0,occupancy_cycles
correlation-stream-cores1,pcm_imc,rpq_occ_agg,SKT0CHAN2,59,169539205.0,occupancy_cycles
correlation-stream-cores1,pcm_imc,rpq_occ_agg,SKT0CHAN3,0,167318289.0,occupancy_cycles
correlation-stream-cores1,pcm_imc,rpq_occ_agg,SKT0CHAN3,1,167471930.0,occupancy_cycles
correlation-stream-cores1,pcm_imc,rpq_occ_agg,SKT0CHAN3,2,167670138.0,occupancy_cycles
correlation-stream-cores1,pcm_imc,rpq_occ_agg,SKT0CHAN3,3,169169784.0,occupancy_cycles
correlation-stream-cores1,pcm_imc,rpq_occ_agg,SKT0CHAN3,4,168541879.0,occupancy_cycles
correlation-stream-cores1,pcm_imc,rpq_occ_agg,SKT0CHAN3,5,168409259.0,occupancy_cycles
correlation-stream-cores1,pcm_imc,rpq_occ_agg,SKT0CHAN3,6,169911324.0,occupancy_cycles
correlation-stream-cores1,pcm_imc,rpq_occ_agg,SKT0CHAN3,7,168158858.0,occupancy_cycles
correlation-stream-cores1,pcm_imc,rpq_occ_agg,SKT0CHAN3,8,168160338.0,occupancy_cycles
correlation-stream-cores1,pcm_imc,rpq_occ_agg,SKT0CHAN3,9,167729327.0,occupancy_cycles
correlation-stream-cores1,pcm_imc,rpq_occ_agg,SKT0CHAN3,10,167616215.0,occupancy_cycles
correlation-stream-cores1,pcm_imc,rpq_occ_agg,SKT0CHAN3,11,168415744.0,occupancy_cycles
correlation-stream-cores1,pcm_imc,rpq_occ_agg,SKT0CHAN3,12,167772094.0,occupancy_cycles
correlation-stream-cores1,pcm_imc,rpq_occ_agg,SKT0CHAN3,13,167546993.0,occupancy_cycles
correlation-stream-cores1,pcm_imc,rpq_occ_agg,SKT0CHAN3,14,167128860.0,occupancy_cycles
correlation-stream-cores1,pcm_imc,rpq_occ_agg,SKT0CHAN3,15,167196499.0,occupancy_cycles
correlation-stream-cores1,pcm_imc,rpq_occ_agg,SKT0CHAN3,16,167331559.0,occupancy_cycles
correlation-stream-cores1,pcm_imc,rpq_occ_agg,SKT0CHAN3,17,167829079.0,occupancy_cycles
correlation-stream-cores1,pcm_imc,rpq_occ_agg,SKT0CHAN3,18,167675929.0,occupancy_cycles
correlation-stream-cores1,pcm_imc,rpq_occ_agg,SKT0CHAN3,19,167221640.0,occupancy_cycles
correlation-stream-cores1,pcm_imc,rpq_occ_agg,SKT0CHAN3,20,167745478.0,occupancy_cycles
correlation-stream-cores1,pcm_imc,rpq_occ_agg,SKT0CHAN3,21,167312721.0,occupancy_cycles
correlation-stream-cores1,pcm_imc,rpq_occ_agg,SKT0CHAN3,22,167416192.0,occupancy_cycles
correlation-stream-cores1,pcm_imc,rpq_occ_agg,SKT0CHAN3,23,167414897.0,occupancy_cycles
correlation-stream-cores1,pcm_imc,rpq_occ_agg,SKT0CHAN3,24,167921503.0,occupancy_cycles
correlation-stream-cores1,pcm_imc,rpq_occ_agg,SKT0CHAN3,25,167771411.0,occupancy_cycles
correlation-stream-cores1,pcm_imc,rpq_occ_agg,SKT0CHAN3,26,167497137.0,occupancy_cycles
correlation-stream-cores1,pcm_imc,rpq_occ_agg,SKT0CHAN3,27,167850070.0,occupancy_cycles
correlation-stream-cores1,pcm_imc,rpq_occ_agg,SKT0CHAN3,28,167836263.0,occupancy_cycles
correlation-stream-cores1,pcm_imc,rpq_occ_agg,SKT0CHAN3,29,167824168.0,occupancy_cycles
correlation-stream-cores1,pcm_imc,rpq_occ_agg,SKT0CHAN3,30,168057921.0,occupancy_cycles
correlation-stream-cores1,pcm_imc,rpq_occ_agg,SKT0CHAN3,31,167941955.0,occupancy_cycles
correlation-stream-cores1,pcm_imc,rpq_occ_agg,SKT0CHAN3,32,167624911.0,occupancy_cycles
correlation-stream-cores1,pcm_imc,rpq_occ_agg,SKT0CHAN3,33,167642680.0,occupancy_cycles
correlation-stream-cores1,pcm_imc,rpq_occ_agg,SKT0CHAN3,34,167531800.0,occupancy_cycles
correlation-stream-cores1,pcm_imc,rpq_occ_agg,SKT0CHAN3,35,167618810.0,occupancy_cycles
correlation-stream-cores1,pcm_imc,rpq_occ_agg,SKT0CHAN3,36,168454434.0,occupancy_cycles
correlation-stream-cores1,pcm_imc,rpq_occ_agg,SKT0CHAN3,37,167820752.0,occupancy_cycles
correlation-stream-cores1,pcm_imc,rpq_occ_agg,SKT0CHAN3,38,169896976.0,occupancy_cycles
correlation-stream-cores1,pcm_imc,rpq_occ_agg,SKT0CHAN3,39,167752895.0,occupancy_cycles
correlation-stream-cores1,pcm_imc,rpq_occ_agg,SKT0CHAN3,40,167336017.0,occupancy_cycles
correlation-stream-cores1,pcm_imc,rpq_occ_agg,SKT0CHAN3,41,168069934.0,occupancy_cycles
correlation-stream-cores1,pcm_imc,rpq_occ_agg,SKT0CHAN3,42,167949483.0,occupancy_cycles
correlation-stream-cores1,pcm_imc,rpq_occ_agg,SKT0CHAN3,43,167348644.0,occupancy_cycles
correlation-stream-cores1,pcm_imc,rpq_occ_agg,SKT0CHAN3,44,168195969.0,occupancy_cycles
correlation-stream-cores1,pcm_imc,rpq_occ_agg,SKT0CHAN3,45,167568283.0,occupancy_cycles
correlation-stream-cores1,pcm_imc,rpq_occ_agg,SKT0CHAN3,46,168862549.0,occupancy_cycles
correlation-stream-cores1,pcm_imc,rpq_occ_agg,SKT0CHAN3,47,167375460.0,occupancy_cycles
correlation-stream-cores1,pcm_imc,rpq_occ_agg,SKT0CHAN3,48,167635426.0,occupancy_cycles
correlation-stream-cores1,pcm_imc,rpq_occ_agg,SKT0CHAN3,49,168476448.0,occupancy_cycles
correlation-stream-cores1,pcm_imc,rpq_occ_agg,SKT0CHAN3,50,167934649.0,occupancy_cycles
correlation-stream-cores1,pcm_imc,rpq_occ_agg,SKT0CHAN3,51,167643892.0,occupancy_cycles
correlation-stream-cores1,pcm_imc,rpq_occ_agg,SKT0CHAN3,52,167575269.0,occupancy_cycles
correlation-stream-cores1,pcm_imc,rpq_occ_agg,SKT0CHAN3,53,167827566.0,occupancy_cycles
correlation-stream-cores1,pcm_imc,rpq_occ_agg,SKT0CHAN3,54,168731532.0,occupancy_cycles
correlation-stream-cores1,pcm_imc,rpq_occ_agg,SKT0CHAN3,55,168671186.0,occupancy_cycles
correlation-stream-cores1,pcm_imc,rpq_occ_agg,SKT0CHAN3,56,167602593.0,occupancy_cycles
correlation-stream-cores1,pcm_imc,rpq_occ_agg,SKT0CHAN3,57,167885542.0,occupancy_cycles
correlation-stream-cores1,pcm_imc,rpq_occ_agg,SKT0CHAN3,58,167920651.0,occupancy_cycles
correlation-stream-cores1,pcm_imc,rpq_occ_agg,SKT0CHAN3,59,167745934.0,occupancy_cycles
correlation-stream-cores1,pcm_imc,rpq_occ_agg,SKT0CHAN4,0,173535044.0,occupancy_cycles
correlation-stream-cores1,pcm_imc,rpq_occ_agg,SKT0CHAN4,1,173238057.0,occupancy_cycles
correlation-stream-cores1,pcm_imc,rpq_occ_agg,SKT0CHAN4,2,174195801.0,occupancy_cycles
correlation-stream-cores1,pcm_imc,rpq_occ_agg,SKT0CHAN4,3,173950248.0,occupancy_cycles
correlation-stream-cores1,pcm_imc,rpq_occ_agg,SKT0CHAN4,4,174267587.0,occupancy_cycles
correlation-stream-cores1,pcm_imc,rpq_occ_agg,SKT0CHAN4,5,174408786.0,occupancy_cycles
correlation-stream-cores1,pcm_imc,rpq_occ_agg,SKT0CHAN4,6,174738946.0,occupancy_cycles
correlation-stream-cores1,pcm_imc,rpq_occ_agg,SKT0CHAN4,7,173399182.0,occupancy_cycles
correlation-stream-cores1,pcm_imc,rpq_occ_agg,SKT0CHAN4,8,173604661.0,occupancy_cycles
correlation-stream-cores1,pcm_imc,rpq_occ_agg,SKT0CHAN4,9,172415395.0,occupancy_cycles
correlation-stream-cores1,pcm_imc,rpq_occ_agg,SKT0CHAN4,10,172670201.0,occupancy_cycles
correlation-stream-cores1,pcm_imc,rpq_occ_agg,SKT0CHAN4,11,173129238.0,occupancy_cycles
correlation-stream-cores1,pcm_imc,rpq_occ_agg,SKT0CHAN4,12,173313366.0,occupancy_cycles
correlation-stream-cores1,pcm_imc,rpq_occ_agg,SKT0CHAN4,13,172704281.0,occupancy_cycles
correlation-stream-cores1,pcm_imc,rpq_occ_agg,SKT0CHAN4,14,173308767.0,occupancy_cycles
correlation-stream-cores1,pcm_imc,rpq_occ_agg,SKT0CHAN4,15,172888823.0,occupancy_cycles
correlation-stream-cores1,pcm_imc,rpq_occ_agg,SKT0CHAN4,16,173168635.0,occupancy_cycles
correlation-stream-cores1,pcm_imc,rpq_occ_agg,SKT0CHAN4,17,172431550.0,occupancy_cycles
correlation-stream-cores1,pcm_imc,rpq_occ_agg,SKT0CHAN4,18,173037153.0,occupancy_cycles
correlation-stream-cores1,pcm_imc,rpq_occ_agg,SKT0CHAN4,19,172536924.0,occupancy_cycles
correlation-stream-cores1,pcm_imc,rpq_occ_agg,SKT0CHAN4,20,172535772.0,occupancy_cycles
correlation-stream-cores1,pcm_imc,rpq_occ_agg,SKT0CHAN4,21,172860400.0,occupancy_cycles
correlation-stream-cores1,pcm_imc,rpq_occ_agg,SKT0CHAN4,22,172618405.0,occupancy_cycles
correlation-stream-cores1,pcm_imc,rpq_occ_agg,SKT0CHAN4,23,172651082.0,occupancy_cycles
correlation-stream-cores1,pcm_imc,rpq_occ_agg,SKT0CHAN4,24,173426184.0,occupancy_cycles
correlation-stream-cores1,pcm_imc,rpq_occ_agg,SKT0CHAN4,25,173197077.0,occupancy_cycles
correlation-stream-cores1,pcm_imc,rpq_occ_agg,SKT0CHAN4,26,173070257.0,occupancy_cycles
correlation-stream-cores1,pcm_imc,rpq_occ_agg,SKT0CHAN4,27,173150573.0,occupancy_cycles
correlation-stream-cores1,pcm_imc,rpq_occ_agg,SKT0CHAN4,28,173352670.0,occupancy_cycles
correlation-stream-cores1,pcm_imc,rpq_occ_agg,SKT0CHAN4,29,173334604.0,occupancy_cycles
correlation-stream-cores1,pcm_imc,rpq_occ_agg,SKT0CHAN4,30,173193852.0,occupancy_cycles
correlation-stream-cores1,pcm_imc,rpq_occ_agg,SKT0CHAN4,31,173151708.0,occupancy_cycles
correlation-stream-cores1,pcm_imc,rpq_occ_agg,SKT0CHAN4,32,172918219.0,occupancy_cycles
correlation-stream-cores1,pcm_imc,rpq_occ_agg,SKT0CHAN4,33,172970916.0,occupancy_cycles
correlation-stream-cores1,pcm_imc,rpq_occ_agg,SKT0CHAN4,34,172803310.0,occupancy_cycles
correlation-stream-cores1,pcm_imc,rpq_occ_agg,SKT0CHAN4,35,173141231.0,occupancy_cycles
correlation-stream-cores1,pcm_imc,rpq_occ_agg,SKT0CHAN4,36,173982899.0,occupancy_cycles
correlation-stream-cores1,pcm_imc,rpq_occ_agg,SKT0CHAN4,37,174137766.0,occupancy_cycles
correlation-stream-cores1,pcm_imc,rpq_occ_agg,SKT0CHAN4,38,175356284.0,occupancy_cycles
correlation-stream-cores1,pcm_imc,rpq_occ_agg,SKT0CHAN4,39,174127891.0,occupancy_cycles
correlation-stream-cores1,pcm_imc,rpq_occ_agg,SKT0CHAN4,40,174243842.0,occupancy_cycles
correlation-stream-cores1,pcm_imc,rpq_occ_agg,SKT0CHAN4,41,174143152.0,occupancy_cycles
correlation-stream-cores1,pcm_imc,rpq_occ_agg,SKT0CHAN4,42,173651638.0,occupancy_cycles
correlation-stream-cores1,pcm_imc,rpq_occ_agg,SKT0CHAN4,43,173543715.0,occupancy_cycles
correlation-stream-cores1,pcm_imc,rpq_occ_agg,SKT0CHAN4,44,173685351.0,occupancy_cycles
correlation-stream-cores1,pcm_imc,rpq_occ_agg,SKT0CHAN4,45,173688906.0,occupancy_cycles
correlation-stream-cores1,pcm_imc,rpq_occ_agg,SKT0CHAN4,46,174030683.0,occupancy_cycles
correlation-stream-cores1,pcm_imc,rpq_occ_agg,SKT0CHAN4,47,173210889.0,occupancy_cycles
correlation-stream-cores1,pcm_imc,rpq_occ_agg,SKT0CHAN4,48,172941161.0,occupancy_cycles
correlation-stream-cores1,pcm_imc,rpq_occ_agg,SKT0CHAN4,49,172909954.0,occupancy_cycles
correlation-stream-cores1,pcm_imc,rpq_occ_agg,SKT0CHAN4,50,173151921.0,occupancy_cycles
correlation-stream-cores1,pcm_imc,rpq_occ_agg,SKT0CHAN4,51,172953903.0,occupancy_cycles
correlation-stream-cores1,pcm_imc,rpq_occ_agg,SKT0CHAN4,52,173040074.0,occupancy_cycles
correlation-stream-cores1,pcm_imc,rpq_occ_agg,SKT0CHAN4,53,173141425.0,occupancy_cycles
correlation-stream-cores1,pcm_imc,rpq_occ_agg,SKT0CHAN4,54,173366420.0,occupancy_cycles
correlation-stream-cores1,pcm_imc,rpq_occ_agg,SKT0CHAN4,55,173869273.0,occupancy_cycles
correlation-stream-cores1,pcm_imc,rpq_occ_agg,SKT0CHAN4,56,173173306.0,occupancy_cycles
correlation-stream-cores1,pcm_imc,rpq_occ_agg,SKT0CHAN4,57,172853520.0,occupancy_cycles
correlation-stream-cores1,pcm_imc,rpq_occ_agg,SKT0CHAN4,58,172915884.0,occupancy_cycles
correlation-stream-cores1,pcm_imc,rpq_occ_agg,SKT0CHAN4,59,173250875.0,occupancy_cycles
correlation-stream-cores1,pcm_imc,rpq_occ_agg,SKT0CHAN5,0,219718171.0,occupancy_cycles
correlation-stream-cores1,pcm_imc,rpq_occ_agg,SKT0CHAN5,1,219433230.0,occupancy_cycles
correlation-stream-cores1,pcm_imc,rpq_occ_agg,SKT0CHAN5,2,220146015.0,occupancy_cycles
correlation-stream-cores1,pcm_imc,rpq_occ_agg,SKT0CHAN5,3,219360190.0,occupancy_cycles
correlation-stream-cores1,pcm_imc,rpq_occ_agg,SKT0CHAN5,4,219569246.0,occupancy_cycles
correlation-stream-cores1,pcm_imc,rpq_occ_agg,SKT0CHAN5,5,219589117.0,occupancy_cycles
correlation-stream-cores1,pcm_imc,rpq_occ_agg,SKT0CHAN5,6,218145612.0,occupancy_cycles
correlation-stream-cores1,pcm_imc,rpq_occ_agg,SKT0CHAN5,7,218094158.0,occupancy_cycles
correlation-stream-cores1,pcm_imc,rpq_occ_agg,SKT0CHAN5,8,218044290.0,occupancy_cycles
correlation-stream-cores1,pcm_imc,rpq_occ_agg,SKT0CHAN5,9,218258632.0,occupancy_cycles
correlation-stream-cores1,pcm_imc,rpq_occ_agg,SKT0CHAN5,10,218327792.0,occupancy_cycles
correlation-stream-cores1,pcm_imc,rpq_occ_agg,SKT0CHAN5,11,218708751.0,occupancy_cycles
correlation-stream-cores1,pcm_imc,rpq_occ_agg,SKT0CHAN5,12,218797718.0,occupancy_cycles
correlation-stream-cores1,pcm_imc,rpq_occ_agg,SKT0CHAN5,13,218667947.0,occupancy_cycles
correlation-stream-cores1,pcm_imc,rpq_occ_agg,SKT0CHAN5,14,219244892.0,occupancy_cycles
correlation-stream-cores1,pcm_imc,rpq_occ_agg,SKT0CHAN5,15,218817873.0,occupancy_cycles
correlation-stream-cores1,pcm_imc,rpq_occ_agg,SKT0CHAN5,16,218592254.0,occupancy_cycles
correlation-stream-cores1,pcm_imc,rpq_occ_agg,SKT0CHAN5,17,218830688.0,occupancy_cycles
correlation-stream-cores1,pcm_imc,rpq_occ_agg,SKT0CHAN5,18,219157757.0,occupancy_cycles
correlation-stream-cores1,pcm_imc,rpq_occ_agg,SKT0CHAN5,19,218463917.0,occupancy_cycles
correlation-stream-cores1,pcm_imc,rpq_occ_agg,SKT0CHAN5,20,219327018.0,occupancy_cycles
correlation-stream-cores1,pcm_imc,rpq_occ_agg,SKT0CHAN5,21,219374337.0,occupancy_cycles
correlation-stream-cores1,pcm_imc,rpq_occ_agg,SKT0CHAN5,22,218089608.0,occupancy_cycles
correlation-stream-cores1,pcm_imc,rpq_occ_agg,SKT0CHAN5,23,219055489.0,occupancy_cycles
correlation-stream-cores1,pcm_imc,rpq_occ_agg,SKT0CHAN5,24,219806042.0,occupancy_cycles
correlation-stream-cores1,pcm_imc,rpq_occ_agg,SKT0CHAN5,25,218667341.0,occupancy_cycles
correlation-stream-cores1,pcm_imc,rpq_occ_agg,SKT0CHAN5,26,218993155.0,occupancy_cycles
correlation-stream-cores1,pcm_imc,rpq_occ_agg,SKT0CHAN5,27,218424068.0,occupancy_cycles
correlation-stream-cores1,pcm_imc,rpq_occ_agg,SKT0CHAN5,28,219533169.0,occupancy_cycles
correlation-stream-cores1,pcm_imc,rpq_occ_agg,SKT0CHAN5,29,218923520.0,occupancy_cycles
correlation-stream-cores1,pcm_imc,rpq_occ_agg,SKT0CHAN5,30,218710364.0,occupancy_cycles
correlation-stream-cores1,pcm_imc,rpq_occ_agg,SKT0CHAN5,31,218824524.0,occupancy_cycles
correlation-stream-cores1,pcm_imc,rpq_occ_agg,SKT0CHAN5,32,218441222.0,occupancy_cycles
correlation-stream-cores1,pcm_imc,rpq_occ_agg,SKT0CHAN5,33,219751110.0,occupancy_cycles
correlation-stream-cores1,pcm_imc,rpq_occ_agg,SKT0CHAN5,34,219489969.0,occupancy_cycles
correlation-stream-cores1,pcm_imc,rpq_occ_agg,SKT0CHAN5,35,219102308.0,occupancy_cycles
correlation-stream-cores1,pcm_imc,rpq_occ_agg,SKT0CHAN5,36,219090289.0,occupancy_cycles
correlation-stream-cores1,pcm_imc,rpq_occ_agg,SKT0CHAN5,37,219981459.0,occupancy_cycles
correlation-stream-cores1,pcm_imc,rpq_occ_agg,SKT0CHAN5,38,219314633.0,occupancy_cycles
correlation-stream-cores1,pcm_imc,rpq_occ_agg,SKT0CHAN5,39,220409902.0,occupancy_cycles
correlation-stream-cores1,pcm_imc,rpq_occ_agg,SKT0CHAN5,40,219608698.0,occupancy_cycles
correlation-stream-cores1,pcm_imc,rpq_occ_agg,SKT0CHAN5,41,219654846.0,occupancy_cycles
correlation-stream-cores1,pcm_imc,rpq_occ_agg,SKT0CHAN5,42,219690119.0,occupancy_cycles
correlation-stream-cores1,pcm_imc,rpq_occ_agg,SKT0CHAN5,43,219421719.0,occupancy_cycles
correlation-stream-cores1,pcm_imc,rpq_occ_agg,SKT0CHAN5,44,220186792.0,occupancy_cycles
correlation-stream-cores1,pcm_imc,rpq_occ_agg,SKT0CHAN5,45,220188988.0,occupancy_cycles
correlation-stream-cores1,pcm_imc,rpq_occ_agg,SKT0CHAN5,46,219480721.0,occupancy_cycles
correlation-stream-cores1,pcm_imc,rpq_occ_agg,SKT0CHAN5,47,218204539.0,occupancy_cycles
correlation-stream-cores1,pcm_imc,rpq_occ_agg,SKT0CHAN5,48,218100782.0,occupancy_cycles
correlation-stream-cores1,pcm_imc,rpq_occ_agg,SKT0CHAN5,49,217953239.0,occupancy_cycles
correlation-stream-cores1,pcm_imc,rpq_occ_agg,SKT0CHAN5,50,218685344.0,occupancy_cycles
correlation-stream-cores1,pcm_imc,rpq_occ_agg,SKT0CHAN5,51,218970951.0,occupancy_cycles
correlation-stream-cores1,pcm_imc,rpq_occ_agg,SKT0CHAN5,52,218660902.0,occupancy_cycles
correlation-stream-cores1,pcm_imc,rpq_occ_agg,SKT0CHAN5,53,217841948.0,occupancy_cycles
correlation-stream-cores1,pcm_imc,rpq_occ_agg,SKT0CHAN5,54,218768123.0,occupancy_cycles
correlation-stream-cores1,pcm_imc,rpq_occ_agg,SKT0CHAN5,55,218301479.0,occupancy_cycles
correlation-stream-cores1,pcm_imc,rpq_occ_agg,SKT0CHAN5,56,218557319.0,occupancy_cycles
correlation-stream-cores1,pcm_imc,rpq_occ_agg,SKT0CHAN5,57,219307269.0,occupancy_cycles
correlation-stream-cores1,pcm_imc,rpq_occ_agg,SKT0CHAN5,58,219284100.0,occupancy_cycles
correlation-stream-cores1,pcm_imc,rpq_occ_agg,SKT0CHAN5,59,219071062.0,occupancy_cycles
correlation-stream-cores1,pcm_imc,rpq_occ_agg,SKT0CHAN6,0,246442928.0,occupancy_cycles
correlation-stream-cores1,pcm_imc,rpq_occ_agg,SKT0CHAN6,1,246567399.0,occupancy_cycles
correlation-stream-cores1,pcm_imc,rpq_occ_agg,SKT0CHAN6,2,245962943.0,occupancy_cycles
correlation-stream-cores1,pcm_imc,rpq_occ_agg,SKT0CHAN6,3,247418762.0,occupancy_cycles
correlation-stream-cores1,pcm_imc,rpq_occ_agg,SKT0CHAN6,4,246621248.0,occupancy_cycles
correlation-stream-cores1,pcm_imc,rpq_occ_agg,SKT0CHAN6,5,247303323.0,occupancy_cycles
correlation-stream-cores1,pcm_imc,rpq_occ_agg,SKT0CHAN6,6,249132849.0,occupancy_cycles
correlation-stream-cores1,pcm_imc,rpq_occ_agg,SKT0CHAN6,7,247457709.0,occupancy_cycles
correlation-stream-cores1,pcm_imc,rpq_occ_agg,SKT0CHAN6,8,247217076.0,occupancy_cycles
correlation-stream-cores1,pcm_imc,rpq_occ_agg,SKT0CHAN6,9,247391629.0,occupancy_cycles
correlation-stream-cores1,pcm_imc,rpq_occ_agg,SKT0CHAN6,10,246688847.0,occupancy_cycles
correlation-stream-cores1,pcm_imc,rpq_occ_agg,SKT0CHAN6,11,247653043.0,occupancy_cycles
correlation-stream-cores1,pcm_imc,rpq_occ_agg,SKT0CHAN6,12,247935872.0,occupancy_cycles
correlation-stream-cores1,pcm_imc,rpq_occ_agg,SKT0CHAN6,13,246887526.0,occupancy_cycles
correlation-stream-cores1,pcm_imc,rpq_occ_agg,SKT0CHAN6,14,247392321.0,occupancy_cycles
correlation-stream-cores1,pcm_imc,rpq_occ_agg,SKT0CHAN6,15,247369537.0,occupancy_cycles
correlation-stream-cores1,pcm_imc,rpq_occ_agg,SKT0CHAN6,16,247229487.0,occupancy_cycles
correlation-stream-cores1,pcm_imc,rpq_occ_agg,SKT0CHAN6,17,247283448.0,occupancy_cycles
correlation-stream-cores1,pcm_imc,rpq_occ_agg,SKT0CHAN6,18,246292182.0,occupancy_cycles
correlation-stream-cores1,pcm_imc,rpq_occ_agg,SKT0CHAN6,19,247172851.0,occupancy_cycles
correlation-stream-cores1,pcm_imc,rpq_occ_agg,SKT0CHAN6,20,246582315.0,occupancy_cycles
correlation-stream-cores1,pcm_imc,rpq_occ_agg,SKT0CHAN6,21,245946927.0,occupancy_cycles
correlation-stream-cores1,pcm_imc,rpq_occ_agg,SKT0CHAN6,22,246874921.0,occupancy_cycles
correlation-stream-cores1,pcm_imc,rpq_occ_agg,SKT0CHAN6,23,246737770.0,occupancy_cycles
correlation-stream-cores1,pcm_imc,rpq_occ_agg,SKT0CHAN6,24,246993569.0,occupancy_cycles
correlation-stream-cores1,pcm_imc,rpq_occ_agg,SKT0CHAN6,25,246685167.0,occupancy_cycles
correlation-stream-cores1,pcm_imc,rpq_occ_agg,SKT0CHAN6,26,246596414.0,occupancy_cycles
correlation-stream-cores1,pcm_imc,rpq_occ_agg,SKT0CHAN6,27,246929265.0,occupancy_cycles
correlation-stream-cores1,pcm_imc,rpq_occ_agg,SKT0CHAN6,28,246360055.0,occupancy_cycles
correlation-stream-cores1,pcm_imc,rpq_occ_agg,SKT0CHAN6,29,247406053.0,occupancy_cycles
correlation-stream-cores1,pcm_imc,rpq_occ_agg,SKT0CHAN6,30,247022585.0,occupancy_cycles
correlation-stream-cores1,pcm_imc,rpq_occ_agg,SKT0CHAN6,31,246908148.0,occupancy_cycles
correlation-stream-cores1,pcm_imc,rpq_occ_agg,SKT0CHAN6,32,246976593.0,occupancy_cycles
correlation-stream-cores1,pcm_imc,rpq_occ_agg,SKT0CHAN6,33,247165628.0,occupancy_cycles
correlation-stream-cores1,pcm_imc,rpq_occ_agg,SKT0CHAN6,34,247411562.0,occupancy_cycles
correlation-stream-cores1,pcm_imc,rpq_occ_agg,SKT0CHAN6,35,247387380.0,occupancy_cycles
correlation-stream-cores1,pcm_imc,rpq_occ_agg,SKT0CHAN6,36,247644809.0,occupancy_cycles
correlation-stream-cores1,pcm_imc,rpq_occ_agg,SKT0CHAN6,37,247277228.0,occupancy_cycles
correlation-stream-cores1,pcm_imc,rpq_occ_agg,SKT0CHAN6,38,248514703.0,occupancy_cycles
correlation-stream-cores1,pcm_imc,rpq_occ_agg,SKT0CHAN6,39,247204745.0,occupancy_cycles
correlation-stream-cores1,pcm_imc,rpq_occ_agg,SKT0CHAN6,40,246286936.0,occupancy_cycles
correlation-stream-cores1,pcm_imc,rpq_occ_agg,SKT0CHAN6,41,247105461.0,occupancy_cycles
correlation-stream-cores1,pcm_imc,rpq_occ_agg,SKT0CHAN6,42,247260604.0,occupancy_cycles
correlation-stream-cores1,pcm_imc,rpq_occ_agg,SKT0CHAN6,43,246409163.0,occupancy_cycles
correlation-stream-cores1,pcm_imc,rpq_occ_agg,SKT0CHAN6,44,246708584.0,occupancy_cycles
correlation-stream-cores1,pcm_imc,rpq_occ_agg,SKT0CHAN6,45,246377933.0,occupancy_cycles
correlation-stream-cores1,pcm_imc,rpq_occ_agg,SKT0CHAN6,46,248745860.0,occupancy_cycles
correlation-stream-cores1,pcm_imc,rpq_occ_agg,SKT0CHAN6,47,247174135.0,occupancy_cycles
correlation-stream-cores1,pcm_imc,rpq_occ_agg,SKT0CHAN6,48,246869693.0,occupancy_cycles
correlation-stream-cores1,pcm_imc,rpq_occ_agg,SKT0CHAN6,49,247486142.0,occupancy_cycles
correlation-stream-cores1,pcm_imc,rpq_occ_agg,SKT0CHAN6,50,245997184.0,occupancy_cycles
correlation-stream-cores1,pcm_imc,rpq_occ_agg,SKT0CHAN6,51,246713732.0,occupancy_cycles
correlation-stream-cores1,pcm_imc,rpq_occ_agg,SKT0CHAN6,52,247137506.0,occupancy_cycles
correlation-stream-cores1,pcm_imc,rpq_occ_agg,SKT0CHAN6,53,247208680.0,occupancy_cycles
correlation-stream-cores1,pcm_imc,rpq_occ_agg,SKT0CHAN6,54,248348191.0,occupancy_cycles
correlation-stream-cores1,pcm_imc,rpq_occ_agg,SKT0CHAN6,55,248276612.0,occupancy_cycles
correlation-stream-cores1,pcm_imc,rpq_occ_agg,SKT0CHAN6,56,247699419.0,occupancy_cycles
correlation-stream-cores1,pcm_imc,rpq_occ_agg,SKT0CHAN6,57,247348129.0,occupancy_cycles
correlation-stream-cores1,pcm_imc,rpq_occ_agg,SKT0CHAN6,58,246892668.0,occupancy_cycles
correlation-stream-cores1,pcm_imc,rpq_occ_agg,SKT0CHAN6,59,247300004.0,occupancy_cycles
correlation-stream-cores1,pcm_imc,rpq_occ_agg,SKT0CHAN7,0,169687414.0,occupancy_cycles
correlation-stream-cores1,pcm_imc,rpq_occ_agg,SKT0CHAN7,1,169315943.0,occupancy_cycles
correlation-stream-cores1,pcm_imc,rpq_occ_agg,SKT0CHAN7,2,169630980.0,occupancy_cycles
correlation-stream-cores1,pcm_imc,rpq_occ_agg,SKT0CHAN7,3,170577341.0,occupancy_cycles
correlation-stream-cores1,pcm_imc,rpq_occ_agg,SKT0CHAN7,4,170566722.0,occupancy_cycles
correlation-stream-cores1,pcm_imc,rpq_occ_agg,SKT0CHAN7,5,170521637.0,occupancy_cycles
correlation-stream-cores1,pcm_imc,rpq_occ_agg,SKT0CHAN7,6,172072075.0,occupancy_cycles
correlation-stream-cores1,pcm_imc,rpq_occ_agg,SKT0CHAN7,7,169897638.0,occupancy_cycles
correlation-stream-cores1,pcm_imc,rpq_occ_agg,SKT0CHAN7,8,170336139.0,occupancy_cycles
correlation-stream-cores1,pcm_imc,rpq_occ_agg,SKT0CHAN7,9,169752830.0,occupancy_cycles
correlation-stream-cores1,pcm_imc,rpq_occ_agg,SKT0CHAN7,10,169148699.0,occupancy_cycles
correlation-stream-cores1,pcm_imc,rpq_occ_agg,SKT0CHAN7,11,169877814.0,occupancy_cycles
correlation-stream-cores1,pcm_imc,rpq_occ_agg,SKT0CHAN7,12,168727796.0,occupancy_cycles
correlation-stream-cores1,pcm_imc,rpq_occ_agg,SKT0CHAN7,13,169356781.0,occupancy_cycles
correlation-stream-cores1,pcm_imc,rpq_occ_agg,SKT0CHAN7,14,168978728.0,occupancy_cycles
correlation-stream-cores1,pcm_imc,rpq_occ_agg,SKT0CHAN7,15,169682104.0,occupancy_cycles
correlation-stream-cores1,pcm_imc,rpq_occ_agg,SKT0CHAN7,16,169166159.0,occupancy_cycles
correlation-stream-cores1,pcm_imc,rpq_occ_agg,SKT0CHAN7,17,169816604.0,occupancy_cycles
correlation-stream-cores1,pcm_imc,rpq_occ_agg,SKT0CHAN7,18,169210042.0,occupancy_cycles
correlation-stream-cores1,pcm_imc,rpq_occ_agg,SKT0CHAN7,19,169687536.0,occupancy_cycles
correlation-stream-cores1,pcm_imc,rpq_occ_agg,SKT0CHAN7,20,169410106.0,occupancy_cycles
correlation-stream-cores1,pcm_imc,rpq_occ_agg,SKT0CHAN7,21,169017279.0,occupancy_cycles
correlation-stream-cores1,pcm_imc,rpq_occ_agg,SKT0CHAN7,22,169532865.0,occupancy_cycles
correlation-stream-cores1,pcm_imc,rpq_occ_agg,SKT0CHAN7,23,169370297.0,occupancy_cycles
correlation-stream-cores1,pcm_imc,rpq_occ_agg,SKT0CHAN7,24,169023180.0,occupancy_cycles
correlation-stream-cores1,pcm_imc,rpq_occ_agg,SKT0CHAN7,25,169720774.0,occupancy_cycles
correlation-stream-cores1,pcm_imc,rpq_occ_agg,SKT0CHAN7,26,169166952.0,occupancy_cycles
correlation-stream-cores1,pcm_imc,rpq_occ_agg,SKT0CHAN7,27,169592550.0,occupancy_cycles
correlation-stream-cores1,pcm_imc,rpq_occ_agg,SKT0CHAN7,28,169614504.0,occupancy_cycles
correlation-stream-cores1,pcm_imc,rpq_occ_agg,SKT0CHAN7,29,169738888.0,occupancy_cycles
correlation-stream-cores1,pcm_imc,rpq_occ_agg,SKT0CHAN7,30,169815514.0,occupancy_cycles
correlation-stream-cores1,pcm_imc,rpq_occ_agg,SKT0CHAN7,31,169366008.0,occupancy_cycles
correlation-stream-cores1,pcm_imc,rpq_occ_agg,SKT0CHAN7,32,169416030.0,occupancy_cycles
correlation-stream-cores1,pcm_imc,rpq_occ_agg,SKT0CHAN7,33,169684558.0,occupancy_cycles
correlation-stream-cores1,pcm_imc,rpq_occ_agg,SKT0CHAN7,34,169177229.0,occupancy_cycles
correlation-stream-cores1,pcm_imc,rpq_occ_agg,SKT0CHAN7,35,169757253.0,occupancy_cycles
correlation-stream-cores1,pcm_imc,rpq_occ_agg,SKT0CHAN7,36,170879168.0,occupancy_cycles
correlation-stream-cores1,pcm_imc,rpq_occ_agg,SKT0CHAN7,37,169648178.0,occupancy_cycles
correlation-stream-cores1,pcm_imc,rpq_occ_agg,SKT0CHAN7,38,172327078.0,occupancy_cycles
correlation-stream-cores1,pcm_imc,rpq_occ_agg,SKT0CHAN7,39,169034654.0,occupancy_cycles
correlation-stream-cores1,pcm_imc,rpq_occ_agg,SKT0CHAN7,40,169060209.0,occupancy_cycles
correlation-stream-cores1,pcm_imc,rpq_occ_agg,SKT0CHAN7,41,169904105.0,occupancy_cycles
correlation-stream-cores1,pcm_imc,rpq_occ_agg,SKT0CHAN7,42,169308848.0,occupancy_cycles
correlation-stream-cores1,pcm_imc,rpq_occ_agg,SKT0CHAN7,43,170060217.0,occupancy_cycles
correlation-stream-cores1,pcm_imc,rpq_occ_agg,SKT0CHAN7,44,169295606.0,occupancy_cycles
correlation-stream-cores1,pcm_imc,rpq_occ_agg,SKT0CHAN7,45,169159703.0,occupancy_cycles
correlation-stream-cores1,pcm_imc,rpq_occ_agg,SKT0CHAN7,46,171121732.0,occupancy_cycles
correlation-stream-cores1,pcm_imc,rpq_occ_agg,SKT0CHAN7,47,169422939.0,occupancy_cycles
correlation-stream-cores1,pcm_imc,rpq_occ_agg,SKT0CHAN7,48,170138087.0,occupancy_cycles
correlation-stream-cores1,pcm_imc,rpq_occ_agg,SKT0CHAN7,49,169748450.0,occupancy_cycles
correlation-stream-cores1,pcm_imc,rpq_occ_agg,SKT0CHAN7,50,169341611.0,occupancy_cycles
correlation-stream-cores1,pcm_imc,rpq_occ_agg,SKT0CHAN7,51,170014221.0,occupancy_cycles
correlation-stream-cores1,pcm_imc,rpq_occ_agg,SKT0CHAN7,52,169715801.0,occupancy_cycles
correlation-stream-cores1,pcm_imc,rpq_occ_agg,SKT0CHAN7,53,170046157.0,occupancy_cycles
correlation-stream-cores1,pcm_imc,rpq_occ_agg,SKT0CHAN7,54,170453053.0,occupancy_cycles
correlation-stream-cores1,pcm_imc,rpq_occ_agg,SKT0CHAN7,55,170339462.0,occupancy_cycles
correlation-stream-cores1,pcm_imc,rpq_occ_agg,SKT0CHAN7,56,169608019.0,occupancy_cycles
correlation-stream-cores1,pcm_imc,rpq_occ_agg,SKT0CHAN7,57,169508976.0,occupancy_cycles
correlation-stream-cores1,pcm_imc,rpq_occ_agg,SKT0CHAN7,58,169391580.0,occupancy_cycles
correlation-stream-cores1,pcm_imc,rpq_occ_agg,SKT0CHAN7,59,170010232.0,occupancy_cycles
correlation-stream-cores1,pcm_imc,rpq_occupancy,SKT0CHAN0,0,0.13204024606151538,queue_entry_seconds
correlation-stream-cores1,pcm_imc,rpq_occupancy,SKT0CHAN0,1,0.13192836384096024,queue_entry_seconds
correlation-stream-cores1,pcm_imc,rpq_occupancy,SKT0CHAN0,2,0.13267053488372094,queue_entry_seconds
correlation-stream-cores1,pcm_imc,rpq_occupancy,SKT0CHAN0,3,0.13327910802700677,queue_entry_seconds
correlation-stream-cores1,pcm_imc,rpq_occupancy,SKT0CHAN0,4,0.13299563465866468,queue_entry_seconds
correlation-stream-cores1,pcm_imc,rpq_occupancy,SKT0CHAN0,5,0.1332668529632408,queue_entry_seconds
correlation-stream-cores1,pcm_imc,rpq_occupancy,SKT0CHAN0,6,0.13437489347336834,queue_entry_seconds
correlation-stream-cores1,pcm_imc,rpq_occupancy,SKT0CHAN0,7,0.1327718544636159,queue_entry_seconds
correlation-stream-cores1,pcm_imc,rpq_occupancy,SKT0CHAN0,8,0.13286822955738933,queue_entry_seconds
correlation-stream-cores1,pcm_imc,rpq_occupancy,SKT0CHAN0,9,0.1325627824456114,queue_entry_seconds
correlation-stream-cores1,pcm_imc,rpq_occupancy,SKT0CHAN0,10,0.1324037186796699,queue_entry_seconds
correlation-stream-cores1,pcm_imc,rpq_occupancy,SKT0CHAN0,11,0.13272828357089272,queue_entry_seconds
correlation-stream-cores1,pcm_imc,rpq_occupancy,SKT0CHAN0,12,0.13274876894223556,queue_entry_seconds
correlation-stream-cores1,pcm_imc,rpq_occupancy,SKT0CHAN0,13,0.1325755663915979,queue_entry_seconds
correlation-stream-cores1,pcm_imc,rpq_occupancy,SKT0CHAN0,14,0.13202547261815453,queue_entry_seconds
correlation-stream-cores1,pcm_imc,rpq_occupancy,SKT0CHAN0,15,0.13250843735933984,queue_entry_seconds
correlation-stream-cores1,pcm_imc,rpq_occupancy,SKT0CHAN0,16,0.13217948837209303,queue_entry_seconds
correlation-stream-cores1,pcm_imc,rpq_occupancy,SKT0CHAN0,17,0.13227940060015003,queue_entry_seconds
correlation-stream-cores1,pcm_imc,rpq_occupancy,SKT0CHAN0,18,0.13212890022505627,queue_entry_seconds
correlation-stream-cores1,pcm_imc,rpq_occupancy,SKT0CHAN0,19,0.13202208927231807,queue_entry_seconds
correlation-stream-cores1,pcm_imc,rpq_occupancy,SKT0CHAN0,20,0.1323655183795949,queue_entry_seconds
correlation-stream-cores1,pcm_imc,rpq_occupancy,SKT0CHAN0,21,0.1320274066016504,queue_entry_seconds
correlation-stream-cores1,pcm_imc,rpq_occupancy,SKT0CHAN0,22,0.13221292423105777,queue_entry_seconds
correlation-stream-cores1,pcm_imc,rpq_occupancy,SKT0CHAN0,23,0.13258902700675168,queue_entry_seconds
correlation-stream-cores1,pcm_imc,rpq_occupancy,SKT0CHAN0,24,0.13242168267066767,queue_entry_seconds
correlation-stream-cores1,pcm_imc,rpq_occupancy,SKT0CHAN0,25,0.13261268867216805,queue_entry_seconds
correlation-stream-cores1,pcm_imc,rpq_occupancy,SKT0CHAN0,26,0.13255245686421605,queue_entry_seconds
correlation-stream-cores1,pcm_imc,rpq_occupancy,SKT0CHAN0,27,0.13271430307576895,queue_entry_seconds
correlation-stream-cores1,pcm_imc,rpq_occupancy,SKT0CHAN0,28,0.13264317629407352,queue_entry_seconds
correlation-stream-cores1,pcm_imc,rpq_occupancy,SKT0CHAN0,29,0.13260454988747186,queue_entry_seconds
correlation-stream-cores1,pcm_imc,rpq_occupancy,SKT0CHAN0,30,0.13252985221305327,queue_entry_seconds
correlation-stream-cores1,pcm_imc,rpq_occupancy,SKT0CHAN0,31,0.13276069767441862,queue_entry_seconds
correlation-stream-cores1,pcm_imc,rpq_occupancy,SKT0CHAN0,32,0.1324087726931733,queue_entry_seconds
correlation-stream-cores1,pcm_imc,rpq_occupancy,SKT0CHAN0,33,0.13259506751687922,queue_entry_seconds
correlation-stream-cores1,pcm_imc,rpq_occupancy,SKT0CHAN0,34,0.1324255873968492,queue_entry_seconds
correlation-stream-cores1,pcm_imc,rpq_occupancy,SKT0CHAN0,35,0.1319674958739685,queue_entry_seconds
correlation-stream-cores1,pcm_imc,rpq_occupancy,SKT0CHAN0,36,0.1332779009752438,queue_entry_seconds
correlation-stream-cores1,pcm_imc,rpq_occupancy,SKT0CHAN0,37,0.13309411327831958,queue_entry_seconds
correlation-stream-cores1,pcm_imc,rpq_occupancy,SKT0CHAN0,38,0.13399888897224307,queue_entry_seconds
correlation-stream-cores1,pcm_imc,rpq_occupancy,SKT0CHAN0,39,0.1324172093023256,queue_entry_seconds
correlation-stream-cores1,pcm_imc,rpq_occupancy,SKT0CHAN0,40,0.13216075693923482,queue_entry_seconds
correlation-stream-cores1,pcm_imc,rpq_occupancy,SKT0CHAN0,41,0.13253902175543886,queue_entry_seconds
correlation-stream-cores1,pcm_imc,rpq_occupancy,SKT0CHAN0,42,0.13232653413353337,queue_entry_seconds
correlation-stream-cores1,pcm_imc,rpq_occupancy,SKT0CHAN0,43,0.1324723375843961,queue_entry_seconds
correlation-stream-cores1,pcm_imc,rpq_occupancy,SKT0CHAN0,44,0.13262719054763691,queue_entry_seconds
correlation-stream-cores1,pcm_imc,rpq_occupancy,SKT0CHAN0,45,0.1319824291072768,queue_entry_seconds
correlation-stream-cores1,pcm_imc,rpq_occupancy,SKT0CHAN0,46,0.13368644861215304,queue_entry_seconds
correlation-stream-cores1,pcm_imc,rpq_occupancy,SKT0CHAN0,47,0.13205764441110276,queue_entry_seconds
correlation-stream-cores1,pcm_imc,rpq_occupancy,SKT0CHAN0,48,0.13233605851462865,queue_entry_seconds
correlation-stream-cores1,pcm_imc,rpq_occupancy,SKT0CHAN0,49,0.13246527606901726,queue_entry_seconds
correlation-stream-cores1,pcm_imc,rpq_occupancy,SKT0CHAN0,50,0.132376152288072,queue_entry_seconds
correlation-stream-cores1,pcm_imc,rpq_occupancy,SKT0CHAN0,51,0.13231948237059266,queue_entry_seconds
correlation-stream-cores1,pcm_imc,rpq_occupancy,SKT0CHAN0,52,0.13247629857464366,queue_entry_seconds
correlation-stream-cores1,pcm_imc,rpq_occupancy,SKT0CHAN0,53,0.1323317614403601,queue_entry_seconds
correlation-stream-cores1,pcm_imc,rpq_occupancy,SKT0CHAN0,54,0.13281188372093022,queue_entry_seconds
correlation-stream-cores1,pcm_imc,rpq_occupancy,SKT0CHAN0,55,0.1330899969992498,queue_entry_seconds
correlation-stream-cores1,pcm_imc,rpq_occupancy,SKT0CHAN0,56,0.13249067966991748,queue_entry_seconds
correlation-stream-cores1,pcm_imc,rpq_occupancy,SKT0CHAN0,57,0.13222834208552137,queue_entry_seconds
correlation-stream-cores1,pcm_imc,rpq_occupancy,SKT0CHAN0,58,0.1320799099774944,queue_entry_seconds
correlation-stream-cores1,pcm_imc,rpq_occupancy,SKT0CHAN0,59,0.13244862790697676,queue_entry_seconds
correlation-stream-cores1,pcm_imc,rpq_occupancy,SKT0CHAN1,0,0.11489684546136535,queue_entry_seconds
correlation-stream-cores1,pcm_imc,rpq_occupancy,SKT0CHAN1,1,0.11499301200300074,queue_entry_seconds
correlation-stream-cores1,pcm_imc,rpq_occupancy,SKT0CHAN1,2,0.1151316624156039,queue_entry_seconds
correlation-stream-cores1,pcm_imc,rpq_occupancy,SKT0CHAN1,3,0.11600164291072768,queue_entry_seconds
correlation-stream-cores1,pcm_imc,rpq_occupancy,SKT0CHAN1,4,0.11570404201050262,queue_entry_seconds
correlation-stream-cores1,pcm_imc,rpq_occupancy,SKT0CHAN1,5,0.11565618079519879,queue_entry_seconds
correlation-stream-cores1,pcm_imc,rpq_occupancy,SKT0CHAN1,6,0.11635342685671418,queue_entry_seconds
correlation-stream-cores1,pcm_imc,rpq_occupancy,SKT0CHAN1,7,0.11536065791447862,queue_entry_seconds
correlation-stream-cores1,pcm_imc,rpq_occupancy,SKT0CHAN1,8,0.11537571342835709,queue_entry_seconds
correlation-stream-cores1,pcm_imc,rpq_occupancy,SKT0CHAN1,9,0.11536155288822206,queue_entry_seconds
correlation-stream-cores1,pcm_imc,rpq_occupancy,SKT0CHAN1,10,0.1149871710427607,queue_entry_seconds
correlation-stream-cores1,pcm_imc,rpq_occupancy,SKT0CHAN1,11,0.11539741035258815,queue_entry_seconds
correlation-stream-cores1,pcm_imc,rpq_occupancy,SKT0CHAN1,12,0.11495103750937734,queue_entry_seconds
correlation-stream-cores1,pcm_imc,rpq_occupancy,SKT0CHAN1,13,0.11476996699174793,queue_entry_seconds
correlation-stream-cores1,pcm_imc,rpq_occupancy,SKT0CHAN1,14,0.11495241860465116,queue_entry_seconds
correlation-stream-cores1,pcm_imc,rpq_occupancy,SKT0CHAN1,15,0.11462846211552888,queue_entry_seconds
correlation-stream-cores1,pcm_imc,rpq_occupancy,SKT0CHAN1,16,0.11478306076519129,queue_entry_seconds
correlation-stream-cores1,pcm_imc,rpq_occupancy,SKT0CHAN1,17,0.1151578799699925,queue_entry_seconds
correlation-stream-cores1,pcm_imc,rpq_occupancy,SKT0CHAN1,18,0.1146176031507877,queue_entry_seconds
correlation-stream-cores1,pcm_imc,rpq_occupancy,SKT0CHAN1,19,0.11467618979744937,queue_entry_seconds
correlation-stream-cores1,pcm_imc,rpq_occupancy,SKT0CHAN1,20,0.1143507104276069,queue_entry_seconds
correlation-stream-cores1,pcm_imc,rpq_occupancy,SKT0CHAN1,21,0.11470408552138034,queue_entry_seconds
correlation-stream-cores1,pcm_imc,rpq_occupancy,SKT0CHAN1,22,0.11497392048012003,queue_entry_seconds
correlation-stream-cores1,pcm_imc,rpq_occupancy,SKT0CHAN1,23,0.1150746991747937,queue_entry_seconds
correlation-stream-cores1,pcm_imc,rpq_occupancy,SKT0CHAN1,24,0.11502636084021005,queue_entry_seconds
correlation-stream-cores1,pcm_imc,rpq_occupancy,SKT0CHAN1,25,0.11497055588897225,queue_entry_seconds
correlation-stream-cores1,pcm_imc,rpq_occupancy,SKT0CHAN1,26,0.1151071185296324,queue_entry_seconds
correlation-stream-cores1,pcm_imc,rpq_occupancy,SKT0CHAN1,27,0.1152117936984246,queue_entry_seconds
correlation-stream-cores1,pcm_imc,rpq_occupancy,SKT0CHAN1,28,0.11486537134283571,queue_entry_seconds
correlation-stream-cores1,pcm_imc,rpq_occupancy,SKT0CHAN1,29,0.11532860765191298,queue_entry_seconds
correlation-stream-cores1,pcm_imc,rpq_occupancy,SKT0CHAN1,30,0.1151910832708177,queue_entry_seconds
correlation-stream-cores1,pcm_imc,rpq_occupancy,SKT0CHAN1,31,0.11522446361590398,queue_entry_seconds
correlation-stream-cores1,pcm_imc,rpq_occupancy,SKT0CHAN1,32,0.11493003075768943,queue_entry_seconds
correlation-stream-cores1,pcm_imc,rpq_occupancy,SKT0CHAN1,33,0.11494501875468867,queue_entry_seconds
correlation-stream-cores1,pcm_imc,rpq_occupancy,SKT0CHAN1,34,0.11478235708927231,queue_entry_seconds
correlation-stream-cores1,pcm_imc,rpq_occupancy,SKT0CHAN1,35,0.11491995573893474,queue_entry_seconds
correlation-stream-cores1,pcm_imc,rpq_occupancy,SKT0CHAN1,36,0.11582796774193549,queue_entry_seconds
correlation-stream-cores1,pcm_imc,rpq_occupancy,SKT0CHAN1,37,0.11561290772693174,queue_entry_seconds
correlation-stream-cores1,pcm_imc,rpq_occupancy,SKT0CHAN1,38,0.11665826481620405,queue_entry_seconds
correlation-stream-cores1,pcm_imc,rpq_occupancy,SKT0CHAN1,39,0.11524202850712678,queue_entry_seconds
correlation-stream-cores1,pcm_imc,rpq_occupancy,SKT0CHAN1,40,0.11496088222055514,queue_entry_seconds
correlation-stream-cores1,pcm_imc,rpq_occupancy,SKT0CHAN1,41,0.11561316579144786,queue_entry_seconds
correlation-stream-cores1,pcm_imc,rpq_occupancy,SKT0CHAN1,42,0.11493180495123781,queue_entry_seconds
correlation-stream-cores1,pcm_imc,rpq_occupancy,SKT0CHAN1,43,0.11519882670667667,queue_entry_seconds
correlation-stream-cores1,pcm_imc,rpq_occupancy,SKT0CHAN1,44,0.11477669842460615,queue_entry_seconds
correlation-stream-cores1,pcm_imc,rpq_occupancy,SKT0CHAN1,45,0.11484825581395348,queue_entry_seconds
correlation-stream-cores1,pcm_imc,rpq_occupancy,SKT0CHAN1,46,0.11591354988747186,queue_entry_seconds
correlation-stream-cores1,pcm_imc,rpq_occupancy,SKT0CHAN1,47,0.11480418979744936,queue_entry_seconds
correlation-stream-cores1,pcm_imc,rpq_occupancy,SKT0CHAN1,48,0.11508911927981995,queue_entry_seconds
correlation-stream-cores1,pcm_imc,rpq_occupancy,SKT0CHAN1,49,0.11513575318829708,queue_entry_seconds
correlation-stream-cores1,pcm_imc,rpq_occupancy,SKT0CHAN1,50,0.11496861665416354,queue_entry_seconds
correlation-stream-cores1,pcm_imc,rpq_occupancy,SKT0CHAN1,51,0.1149807344336084,queue_entry_seconds
correlation-stream-cores1,pcm_imc,rpq_occupancy,SKT0CHAN1,52,0.11531227231807951,queue_entry_seconds
correlation-stream-cores1,pcm_imc,rpq_occupancy,SKT0CHAN1,53,0.11505341560390098,queue_entry_seconds
correlation-stream-cores1,pcm_imc,rpq_occupancy,SKT0CHAN1,54,0.11596394448612153,queue_entry_seconds
correlation-stream-cores1,pcm_imc,rpq_occupancy,SKT0CHAN1,55,0.11557147261815454,queue_entry_seconds
correlation-stream-cores1,pcm_imc,rpq_occupancy,SKT0CHAN1,56,0.1145923630907727,queue_entry_seconds
correlation-stream-cores1,pcm_imc,rpq_occupancy,SKT0CHAN1,57,0.11500281545386347,queue_entry_seconds
correlation-stream-cores1,pcm_imc,rpq_occupancy,SKT0CHAN1,58,0.11500974343585897,queue_entry_seconds
correlation-stream-cores1,pcm_imc,rpq_occupancy,SKT0CHAN1,59,0.11509697074268567,queue_entry_seconds
correlation-stream-cores1,pcm_imc,rpq_occupancy,SKT0CHAN2,0,0.12722011777944486,queue_entry_seconds
correlation-stream-cores1,pcm_imc,rpq_occupancy,SKT0CHAN2,1,0.12714056564141035,queue_entry_seconds
correlation-stream-cores1,pcm_imc,rpq_occupancy,SKT0CHAN2,2,0.12729021080270067,queue_entry_seconds
correlation-stream-cores1,pcm_imc,rpq_occupancy,SKT0CHAN2,3,0.12792076369092273,queue_entry_seconds
correlation-stream-cores1,pcm_imc,rpq_occupancy,SKT0CHAN2,4,0.12788333233308327,queue_entry_seconds
correlation-stream-cores1,pcm_imc,rpq_occupancy,SKT0CHAN2,5,0.12805289347336835,queue_entry_seconds
correlation-stream-cores1,pcm_imc,rpq_occupancy,SKT0CHAN2,6,0.12873294598649662,queue_entry_seconds
correlation-stream-cores1,pcm_imc,rpq_occupancy,SKT0CHAN2,7,0.12781409752438108,queue_entry_seconds
correlation-stream-cores1,pcm_imc,rpq_occupancy,SKT0CHAN2,8,0.12746937059264815,queue_entry_seconds
correlation-stream-cores1,pcm_imc,rpq_occupancy,SKT0CHAN2,9,0.12746723330832707,queue_entry_seconds
correlation-stream-cores1,pcm_imc,rpq_occupancy,SKT0CHAN2,10,0.1272733375843961,queue_entry_seconds
correlation-stream-cores1,pcm_imc,rpq_occupancy,SKT0CHAN2,11,0.12775691147786947,queue_entry_seconds
correlation-stream-cores1,pcm_imc,rpq_occupancy,SKT0CHAN2,12,0.12751334658664668,queue_entry_seconds
correlation-stream-cores1,pcm_imc,rpq_occupancy,SKT0CHAN2,13,0.1269943645911478,queue_entry_seconds
correlation-stream-cores1,pcm_imc,rpq_occupancy,SKT0CHAN2,14,0.1265253165791448,queue_entry_seconds
correlation-stream-cores1,pcm_imc,rpq_occupancy,SKT0CHAN2,15,0.12685289647411854,queue_entry_seconds
correlation-stream-cores1,pcm_imc,rpq_occupancy,SKT0CHAN2,16,0.12730800225056263,queue_entry_seconds
correlation-stream-cores1,pcm_imc,rpq_occupancy,SKT0CHAN2,17,0.1269831582895724,queue_entry_seconds
correlation-stream-cores1,pcm_imc,rpq_occupancy,SKT0CHAN2,18,0.1270157711927982,queue_entry_seconds
correlation-stream-cores1,pcm_imc,rpq_occupancy,SKT0CHAN2,19,0.12671466166541637,queue_entry_seconds
correlation-stream-cores1,pcm_imc,rpq_occupancy,SKT0CHAN2,20,0.1271422115528882,queue_entry_seconds
correlation-stream-cores1,pcm_imc,rpq_occupancy,SKT0CHAN2,21,0.1269877344336084,queue_entry_seconds
correlation-stream-cores1,pcm_imc,rpq_occupancy,SKT0CHAN2,22,0.12671414628657166,queue_entry_seconds
correlation-stream-cores1,pcm_imc,rpq_occupancy,SKT0CHAN2,23,0.12663097374343585,queue_entry_seconds
correlation-stream-cores1,pcm_imc,rpq_occupancy,SKT0CHAN2,24,0.12676755588897223,queue_entry_seconds
correlation-stream-cores1,pcm_imc,rpq_occupancy,SKT0CHAN2,25,0.1273299024756189,queue_entry_seconds
correlation-stream-cores1,pcm_imc,rpq_occupancy,SKT0CHAN2,26,0.12697649362340585,queue_entry_seconds
correlation-stream-cores1,pcm_imc,rpq_occupancy,SKT0CHAN2,27,0.12757583645911477,queue_entry_seconds
correlation-stream-cores1,pcm_imc,rpq_occupancy,SKT0CHAN2,28,0.12742698649662415,queue_entry_seconds
correlation-stream-cores1,pcm_imc,rpq_occupancy,SKT0CHAN2,29,0.12732417554388598,queue_entry_seconds
correlation-stream-cores1,pcm_imc,rpq_occupancy,SKT0CHAN2,30,0.12712819804951236,queue_entry_seconds
correlation-stream-cores1,pcm_imc,rpq_occupancy,SKT0CHAN2,31,0.1272486864216054,queue_entry_seconds
correlation-stream-cores1,pcm_imc,rpq_occupancy,SKT0CHAN2,32,0.12691650487621906,queue_entry_seconds
correlation-stream-cores1,pcm_imc,rpq_occupancy,SKT0CHAN2,33,0.1268613008252063,queue_entry_seconds
correlation-stream-cores1,pcm_imc,rpq_occupancy,SKT0CHAN2,34,0.1271041072768192,queue_entry_seconds
correlation-stream-cores1,pcm_imc,rpq_occupancy,SKT0CHAN2,35,0.1268764306076519,queue_entry_seconds
correlation-stream-cores1,pcm_imc,rpq_occupancy,SKT0CHAN2,36,0.1276057584396099,queue_entry_seconds
correlation-stream-cores1,pcm_imc,rpq_occupancy,SKT0CHAN2,37,0.1276141485371343,queue_entry_seconds
correlation-stream-cores1,pcm_imc,rpq_occupancy,SKT0CHAN2,38,0.12871453713428357,queue_entry_seconds
correlation-stream-cores1,pcm_imc,rpq_occupancy,SKT0CHAN2,39,0.12726184396099025,queue_entry_seconds
correlation-stream-cores1,pcm_imc,rpq_occupancy,SKT0CHAN2,40,0.1267627854463616,queue_entry_seconds
correlation-stream-cores1,pcm_imc,rpq_occupancy,SKT0CHAN2,41,0.1274568192048012,queue_entry_seconds
correlation-stream-cores1,pcm_imc,rpq_occupancy,SKT0CHAN2,42,0.1270845888972243,queue_entry_seconds
correlation-stream-cores1,pcm_imc,rpq_occupancy,SKT0CHAN2,43,0.12710926181545387,queue_entry_seconds
correlation-stream-cores1,pcm_imc,rpq_occupancy,SKT0CHAN2,44,0.12713071117779445,queue_entry_seconds
correlation-stream-cores1,pcm_imc,rpq_occupancy,SKT0CHAN2,45,0.12705084621155288,queue_entry_seconds
correlation-stream-cores1,pcm_imc,rpq_occupancy,SKT0CHAN2,46,0.12799484846211553,queue_entry_seconds
correlation-stream-cores1,pcm_imc,rpq_occupancy,SKT0CHAN2,47,0.12701864066016505,queue_entry_seconds
correlation-stream-cores1,pcm_imc,rpq_occupancy,SKT0CHAN2,48,0.1272989309827457,queue_entry_seconds
correlation-stream-cores1,pcm_imc,rpq_occupancy,SKT0CHAN2,49,0.12758130007501875,queue_entry_seconds
correlation-stream-cores1,pcm_imc,rpq_occupancy,SKT0CHAN2,50,0.1271577809452363,queue_entry_seconds
correlation-stream-cores1,pcm_imc,rpq_occupancy,SKT0CHAN2,51,0.12707877719429858,queue_entry_seconds
correlation-stream-cores1,pcm_imc,rpq_occupancy,SKT0CHAN2,52,0.1267404546136534,queue_entry_seconds
correlation-stream-cores1,pcm_imc,rpq_occupancy,SKT0CHAN2,53,0.12686371642910726,queue_entry_seconds
correlation-stream-cores1,pcm_imc,rpq_occupancy,SKT0CHAN2,54,0.12771581320330083,queue_entry_seconds
correlation-stream-cores1,pcm_imc,rpq_occupancy,SKT0CHAN2,55,0.127733903975994,queue_entry_seconds
correlation-stream-cores1,pcm_imc,rpq_occupancy,SKT0CHAN2,56,0.12697137809452363,queue_entry_seconds
correlation-stream-cores1,pcm_imc,rpq_occupancy,SKT0CHAN2,57,0.12707651162790698,queue_entry_seconds
correlation-stream-cores1,pcm_imc,rpq_occupancy,SKT0CHAN2,58,0.12705794298574644,queue_entry_seconds
correlation-stream-cores1,pcm_imc,rpq_occupancy,SKT0CHAN2,59,0.12718620030007502,queue_entry_seconds
correlation-stream-cores1,pcm_imc,rpq_occupancy,SKT0CHAN3,0,0.12552009677419354,queue_entry_seconds
correlation-stream-cores1,pcm_imc,rpq_occupancy,SKT0CHAN3,1,0.12563535633908476,queue_entry_seconds
correlation-stream-cores1,pcm_imc,rpq_occupancy,SKT0CHAN3,2,0.1257840495123781,queue_entry_seconds
correlation-stream-cores1,pcm_imc,rpq_occupancy,SKT0CHAN3,3,0.12690906526631657,queue_entry_seconds
correlation-stream-cores1,pcm_imc,rpq_occupancy,SKT0CHAN3,4,0.12643801875468869,queue_entry_seconds
correlation-stream-cores1,pcm_imc,rpq_occupancy,SKT0CHAN3,5,0.12633852888222055,queue_entry_seconds
correlation-stream-cores1,pcm_imc,rpq_occupancy,SKT0CHAN3,6,0.12746535933983497,queue_entry_seconds
correlation-stream-cores1,pcm_imc,rpq_occupancy,SKT0CHAN3,7,0.12615068117029257,queue_entry_seconds
correlation-stream-cores1,pcm_imc,rpq_occupancy,SKT0CHAN3,8,0.12615179144786196,queue_entry_seconds
correlation-stream-cores1,pcm_imc,rpq_occupancy,SKT0CHAN3,9,0.12582845236309076,queue_entry_seconds
correlation-stream-cores1,pcm_imc,rpq_occupancy,SKT0CHAN3,10,0.12574359714928732,queue_entry_seconds
correlation-stream-cores1,pcm_imc,rpq_occupancy,SKT0CHAN3,11,0.1263433938484621,queue_entry_seconds
correlation-stream-cores1,pcm_imc,rpq_occupancy,SKT0CHAN3,12,0.12586053563390848,queue_entry_seconds
correlation-stream-cores1,pcm_imc,rpq_occupancy,SKT0CHAN3,13,0.12569166766691672,queue_entry_seconds
correlation-stream-cores1,pcm_imc,rpq_occupancy,SKT0CHAN3,14,0.12537798949737433,queue_entry_seconds
correlation-stream-cores1,pcm_imc,rpq_occupancy,SKT0CHAN3,15,0.1254287314328582,queue_entry_seconds
correlation-stream-cores1,pcm_imc,rpq_occupancy,SKT0CHAN3,16,0.12553005176294074,queue_entry_seconds
correlation-stream-cores1,pcm_imc,rpq_occupancy,SKT0CHAN3,17,0.12590328507126783,queue_entry_seconds
correlation-stream-cores1,pcm_imc,rpq_occupancy,SKT0CHAN3,18,0.1257883938484621,queue_entry_seconds
correlation-stream-cores1,pcm_imc,rpq_occupancy,SKT0CHAN3,19,0.1254475918979745,queue_entry_seconds
correlation-stream-cores1,pcm_imc,rpq_occupancy,SKT0CHAN3,20,0.12584056864216053,queue_entry_seconds
correlation-stream-cores1,pcm_imc,rpq_occupancy,SKT0CHAN3,21,0.12551591972993248,queue_entry_seconds
correlation-stream-cores1,pcm_imc,rpq_occupancy,SKT0CHAN3,22,0.1255935423855964,queue_entry_seconds
correlation-stream-cores1,pcm_imc,rpq_occupancy,SKT0CHAN3,23,0.1255925708927232,queue_entry_seconds
correlation-stream-cores1,pcm_imc,rpq_occupancy,SKT0CHAN3,24,0.12597262040510127,queue_entry_seconds
correlation-stream-cores1,pcm_imc,rpq_occupancy,SKT0CHAN3,25,0.12586002325581394,queue_entry_seconds
correlation-stream-cores1,pcm_imc,rpq_occupancy,SKT0CHAN3,26,0.12565426631657914,queue_entry_seconds
correlation-stream-cores1,pcm_imc,rpq_occupancy,SKT0CHAN3,27,0.12591903225806453,queue_entry_seconds
correlation-stream-cores1,pcm_imc,rpq_occupancy,SKT0CHAN3,28,0.12590867441860465,queue_entry_seconds
correlation-stream-cores1,pcm_imc,rpq_occupancy,SKT0CHAN3,29,0.12589960090022506,queue_entry_seconds
correlation-stream-cores1,pcm_imc,rpq_occupancy,SKT0CHAN3,30,0.12607495948987246,queue_entry_seconds
correlation-stream-cores1,pcm_imc,rpq_occupancy,SKT0CHAN3,31,0.1259879632408102,queue_entry_seconds
correlation-stream-cores1,pcm_imc,rpq_occupancy,SKT0CHAN3,32,0.12575012078019504,queue_entry_seconds
correlation-stream-cores1,pcm_imc,rpq_occupancy,SKT0CHAN3,33,0.12576345086271568,queue_entry_seconds
correlation-stream-cores1,pcm_imc,rpq_occupancy,SKT0CHAN3,34,0.1256802700675169,queue_entry_seconds
correlation-stream-cores1,pcm_imc,rpq_occupancy,SKT0CHAN3,35,0.1257455438859715,queue_entry_seconds
correlation-stream-cores1,pcm_imc,rpq_occupancy,SKT0CHAN3,36,0.12637241860465118,queue_entry_seconds
correlation-stream-cores1,pcm_imc,rpq_occupancy,SKT0CHAN3,37,0.1258970382595649,queue_entry_seconds
correlation-stream-cores1,pcm_imc,rpq_occupancy,SKT0CHAN3,38,0.12745459564891223,queue_entry_seconds
correlation-stream-cores1,pcm_imc,rpq_occupancy,SKT0CHAN3,39,0.12584613278319579,queue_entry_seconds
correlation-stream-cores1,pcm_imc,rpq_occupancy,SKT0CHAN3,40,0.12553339609902475,queue_entry_seconds
correlation-stream-cores1,pcm_imc,rpq_occupancy,SKT0CHAN3,41,0.12608397149287323,queue_entry_seconds
correlation-stream-cores1,pcm_imc,rpq_occupancy,SKT0CHAN3,42,0.12599361065266318,queue_entry_seconds
correlation-stream-cores1,pcm_imc,rpq_occupancy,SKT0CHAN3,43,0.1255428687171793,queue_entry_seconds
correlation-stream-cores1,pcm_imc,rpq_occupancy,SKT0CHAN3,44,0.12617852138034508,queue_entry_seconds
correlation-stream-cores1,pcm_imc,rpq_occupancy,SKT0CHAN3,45,0.12570763915978994,queue_entry_seconds
correlation-stream-cores1,pcm_imc,rpq_occupancy,SKT0CHAN3,46,0.12667858139534885,queue_entry_seconds
correlation-stream-cores1,pcm_imc,rpq_occupancy,SKT0CHAN3,47,0.12556298574643662,queue_entry_seconds
correlation-stream-cores1,pcm_imc,rpq_occupancy,SKT0CHAN3,48,0.12575800900225056,queue_entry_seconds
correlation-stream-cores1,pcm_imc,rpq_occupancy,SKT0CHAN3,49,0.12638893323330833,queue_entry_seconds
correlation-stream-cores1,pcm_imc,rpq_occupancy,SKT0CHAN3,50,0.12598248237059265,queue_entry_seconds
correlation-stream-cores1,pcm_imc,rpq_occupancy,SKT0CHAN3,51,0.1257643600900225,queue_entry_seconds
correlation-stream-cores1,pcm_imc,rpq_occupancy,SKT0CHAN3,52,0.1257128799699925,queue_entry_seconds
correlation-stream-cores1,pcm_imc,rpq_occupancy,SKT0CHAN3,53,0.12590215003750937,queue_entry_seconds
correlation-stream-cores1,pcm_imc,rpq_occupancy,SKT0CHAN3,54,0.12658029407351837,queue_entry_seconds
correlation-stream-cores1,pcm_imc,rpq_occupancy,SKT0CHAN3,55,0.12653502325581395,queue_entry_seconds
correlation-stream-cores1,pcm_imc,rpq_occupancy,SKT0CHAN3,56,0.12573337809452362,queue_entry_seconds
correlation-stream-cores1,pcm_imc,rpq_occupancy,SKT0CHAN3,57,0.12594564291072768,queue_entry_seconds
correlation-stream-cores1,pcm_imc,rpq_occupancy,SKT0CHAN3,58,0.12597198124531134,queue_entry_seconds
correlation-stream-cores1,pcm_imc,rpq_occupancy,SKT0CHAN3,59,0.12584091072768191,queue_entry_seconds
correlation-stream-cores1,pcm_imc,rpq_occupancy,SKT0CHAN4,0,0.13018382895723932,queue_entry_seconds
correlation-stream-cores1,pcm_imc,rpq_occupancy,SKT0CHAN4,1,0.12996103300825207,queue_entry_seconds
correlation-stream-cores1,pcm_imc,rpq_occupancy,SKT0CHAN4,2,0.13067952063015753,queue_entry_seconds
correlation-stream-cores1,pcm_imc,rpq_occupancy,SKT0CHAN4,3,0.13049530982745686,queue_entry_seconds
correlation-stream-cores1,pcm_imc,rpq_occupancy,SKT0CHAN4,4,0.13073337359339834,queue_entry_seconds
correlation-stream-cores1,pcm_imc,rpq_occupancy,SKT0CHAN4,5,0.1308392993248312,queue_entry_seconds
correlation-stream-cores1,pcm_imc,rpq_occupancy,SKT0CHAN4,6,0.13108698124531132,queue_entry_seconds
correlation-stream-cores1,pcm_imc,rpq_occupancy,SKT0CHAN4,7,0.13008190697674418,queue_entry_seconds
correlation-stream-cores1,pcm_imc,rpq_occupancy,SKT0CHAN4,8,0.13023605476369093,queue_entry_seconds
correlation-stream-cores1,pcm_imc,rpq_occupancy,SKT0CHAN4,9,0.12934388222055515,queue_entry_seconds
correlation-stream-cores1,pcm_imc,rpq_occupancy,SKT0CHAN4,10,0.12953503450862716,queue_entry_seconds
correlation-stream-cores1,pcm_imc,rpq_occupancy,SKT0CHAN4,11,0.1298793983495874,queue_entry_seconds
correlation-stream-cores1,pcm_imc,rpq_occupancy,SKT0CHAN4,12,0.13001752888222057,queue_entry_seconds
correlation-stream-cores1,pcm_imc,rpq_occupancy,SKT0CHAN4,13,0.12956060090022506,queue_entry_seconds
correlation-stream-cores1,pcm_imc,rpq_occupancy,SKT0CHAN4,14,0.13001407876969243,queue_entry_seconds
correlation-stream-cores1,pcm_imc,rpq_occupancy,SKT0CHAN4,15,0.1296990420105026,queue_entry_seconds
correlation-stream-cores1,pcm_imc,rpq_occupancy,SKT0CHAN4,16,0.1299089534883721,queue_entry_seconds
correlation-stream-cores1,pcm_imc,rpq_occupancy,SKT0CHAN4,17,0.1293560015003751,queue_entry_seconds
correlation-stream-cores1,pcm_imc,rpq_occupancy,SKT0CHAN4,18,0.12981031732933232,queue_entry_seconds
correlation-stream-cores1,pcm_imc,rpq_occupancy,SKT0CHAN4,19,0.12943505176294073,queue_entry_seconds
correlation-stream-cores1,pcm_imc,rpq_occupancy,SKT0CHAN4,20,0.1294341875468867,queue_entry_seconds
correlation-stream-cores1,pcm_imc,rpq_occupancy,SKT0CHAN4,21,0.12967771942985745,queue_entry_seconds
correlation-stream-cores1,pcm_imc,rpq_occupancy,SKT0CHAN4,22,0.1294961777944486,queue_entry_seconds
correlation-stream-cores1,pcm_imc,rpq_occupancy,SKT0CHAN4,23,0.12952069167291824,queue_entry_seconds
correlation-stream-cores1,pcm_imc,rpq_occupancy,SKT0CHAN4,24,0.13010216354088522,queue_entry_seconds
correlation-stream-cores1,pcm_imc,rpq_occupancy,SKT0CHAN4,25,0.12993029032258063,queue_entry_seconds
correlation-stream-cores1,pcm_imc,rpq_occupancy,SKT0CHAN4,26,0.12983515153788447,queue_entry_seconds
correlation-stream-cores1,pcm_imc,rpq_occupancy,SKT0CHAN4,27,0.12989540360090024,queue_entry_seconds
correlation-stream-cores1,pcm_imc,rpq_occupancy,SKT0CHAN4,28,0.13004701425356338,queue_entry_seconds
correlation-stream-cores1,pcm_imc,rpq_occupancy,SKT0CHAN4,29,0.13003346136534133,queue_entry_seconds
correlation-stream-cores1,pcm_imc,rpq_occupancy,SKT0CHAN4,30,0.12992787096774194,queue_entry_seconds
correlation-stream-cores1,pcm_imc,rpq_occupancy,SKT0CHAN4,31,0.12989625506376595,queue_entry_seconds
correlation-stream-cores1,pcm_imc,rpq_occupancy,SKT0CHAN4,32,0.1297210945236309,queue_entry_seconds
correlation-stream-cores1,pcm_imc,rpq_occupancy,SKT0CHAN4,33,0.1297606271567892,queue_entry_seconds
correlation-stream-cores1,pcm_imc,rpq_occupancy,SKT0CHAN4,34,0.1296348912228057,queue_entry_seconds
correlation-stream-cores1,pcm_imc,rpq_occupancy,SKT0CHAN4,35,0.1298883953488372,queue_entry_seconds
correlation-stream-cores1,pcm_imc,rpq_occupancy,SKT0CHAN4,36,0.13051980420105025,queue_entry_seconds
correlation-stream-cores1,pcm_imc,rpq_occupancy,SKT0CHAN4,37,0.13063598349587396,queue_entry_seconds
correlation-stream-cores1,pcm_imc,rpq_occupancy,SKT0CHAN4,38,0.13155010052513127,queue_entry_seconds
correlation-stream-cores1,pcm_imc,rpq_occupancy,SKT0CHAN4,39,0.13062857539384845,queue_entry_seconds
correlation-stream-cores1,pcm_imc,rpq_occupancy,SKT0CHAN4,40,0.13071556039009752,queue_entry_seconds
correlation-stream-cores1,pcm_imc,rpq_occupancy,SKT0CHAN4,41,0.1306400240060015,queue_entry_seconds
correlation-stream-cores1,pcm_imc,rpq_occupancy,SKT0CHAN4,42,0.13027129632408102,queue_entry_seconds
correlation-stream-cores1,pcm_imc,rpq_occupancy,SKT0CHAN4,43,0.13019033383345838,queue_entry_seconds
correlation-stream-cores1,pcm_imc,rpq_occupancy,SKT0CHAN4,44,0.1302965873968492,queue_entry_seconds
correlation-stream-cores1,pcm_imc,rpq_occupancy,SKT0CHAN4,45,0.1302992543135784,queue_entry_seconds
correlation-stream-cores1,pcm_imc,rpq_occupancy,SKT0CHAN4,46,0.1305556511627907,queue_entry_seconds
correlation-stream-cores1,pcm_imc,rpq_occupancy,SKT0CHAN4,47,0.12994065191297824,queue_entry_seconds
correlation-stream-cores1,pcm_imc,rpq_occupancy,SKT0CHAN4,48,0.12973830532633157,queue_entry_seconds
correlation-stream-cores1,pcm_imc,rpq_occupancy,SKT0CHAN4,49,0.1297148942235559,queue_entry_seconds
correlation-stream-cores1,pcm_imc,rpq_occupancy,SKT0CHAN4,50,0.12989641485371342,queue_entry_seconds
correlation-stream-cores1,pcm_imc,rpq_occupancy,SKT0CHAN4,51,0.12974786421605403,queue_entry_seconds
correlation-stream-cores1,pcm_imc,rpq_occupancy,SKT0CHAN4,52,0.1298125086271568,queue_entry_seconds
correlation-stream-cores1,pcm_imc,rpq_occupancy,SKT0CHAN4,53,0.1298885408852213,queue_entry_seconds
correlation-stream-cores1,pcm_imc,rpq_occupancy,SKT0CHAN4,54,0.13005732933233308,queue_entry_seconds
correlation-stream-cores1,pcm_imc,rpq_occupancy,SKT0CHAN4,55,0.13043456339084772,queue_entry_seconds
correlation-stream-cores1,pcm_imc,rpq_occupancy,SKT0CHAN4,56,0.1299124576144036,queue_entry_seconds
correlation-stream-cores1,pcm_imc,rpq_occupancy,SKT0CHAN4,57,0.12967255813953488,queue_entry_seconds
correlation-stream-cores1,pcm_imc,rpq_occupancy,SKT0CHAN4,58,0.12971934283570893,queue_entry_seconds
correlation-stream-cores1,pcm_imc,rpq_occupancy,SKT0CHAN4,59,0.12997064891222807,queue_entry_seconds
correlation-stream-cores1,pcm_imc,rpq_occupancy,SKT0CHAN5,0,0.16482983570892723,queue_entry_seconds
correlation-stream-cores1,pcm_imc,rpq_occupancy,SKT0CHAN5,1,0.1646160765191298,queue_entry_seconds
correlation-stream-cores1,pcm_imc,rpq_occupancy,SKT0CHAN5,2,0.16515079894973744,queue_entry_seconds
correlation-stream-cores1,pcm_imc,rpq_occupancy,SKT0CHAN5,3,0.16456128282070517,queue_entry_seconds
correlation-stream-cores1,pcm_imc,rpq_occupancy,SKT0CHAN5,4,0.16471811402850714,queue_entry_seconds
correlation-stream-cores1,pcm_imc,rpq_occupancy,SKT0CHAN5,5,0.1647330210052513,queue_entry_seconds
correlation-stream-cores1,pcm_imc,rpq_occupancy,SKT0CHAN5,6,0.1636501215303826,queue_entry_seconds
correlation-stream-cores1,pcm_imc,rpq_occupancy,SKT0CHAN5,7,0.1636115213803451,queue_entry_seconds
correlation-stream-cores1,pcm_imc,rpq_occupancy,SKT0CHAN5,8,0.16357411102775693,queue_entry_seconds
correlation-stream-cores1,pcm_imc,rpq_occupancy,SKT0CHAN5,9,0.16373490772693172,queue_entry_seconds
correlation-stream-cores1,pcm_imc,rpq_occupancy,SKT0CHAN5,10,0.1637867906976744,queue_entry_seconds
correlation-stream-cores1,pcm_imc,rpq_occupancy,SKT0CHAN5,11,0.16407258139534883,queue_entry_seconds
correlation-stream-cores1,pcm_imc,rpq_occupancy,SKT0CHAN5,12,0.1641393233308327,queue_entry_seconds
correlation-stream-cores1,pcm_imc,rpq_occupancy,SKT0CHAN5,13,0.16404197074268567,queue_entry_seconds
correlation-stream-cores1,pcm_imc,rpq_occupancy,SKT0CHAN5,14,0.16447478769692422,queue_entry_seconds
correlation-stream-cores1,pcm_imc,rpq_occupancy,SKT0CHAN5,15,0.1641544433608402,queue_entry_seconds
correlation-stream-cores1,pcm_imc,rpq_occupancy,SKT0CHAN5,16,0.16398518679669918,queue_entry_seconds
correlation-stream-cores1,pcm_imc,rpq_occupancy,SKT0CHAN5,17,0.16416405701425357,queue_entry_seconds
correlation-stream-cores1,pcm_imc,rpq_occupancy,SKT0CHAN5,18,0.16440942010502627,queue_entry_seconds
correlation-stream-cores1,pcm_imc,rpq_occupancy,SKT0CHAN5,19,0.16388890997749436,queue_entry_seconds
correlation-stream-cores1,pcm_imc,rpq_occupancy,SKT0CHAN5,20,0.16453639759939984,queue_entry_seconds
correlation-stream-cores1,pcm_imc,rpq_occupancy,SKT0CHAN5,21,0.164571895723931,queue_entry_seconds
correlation-stream-cores1,pcm_imc,rpq_occupancy,SKT0CHAN5,22,0.16360810802700676,queue_entry_seconds
correlation-stream-cores1,pcm_imc,rpq_occupancy,SKT0CHAN5,23,0.16433269992498126,queue_entry_seconds
correlation-stream-cores1,pcm_imc,rpq_occupancy,SKT0CHAN5,24,0.1648957554388597,queue_entry_seconds
correlation-stream-cores1,pcm_imc,rpq_occupancy,SKT0CHAN5,25,0.16404151612903226,queue_entry_seconds
correlation-stream-cores1,pcm_imc,rpq_occupancy,SKT0CHAN5,26,0.16428593773443362,queue_entry_seconds
correlation-stream-cores1,pcm_imc,rpq_occupancy,SKT0CHAN5,27,0.1638590157539385,queue_entry_seconds
correlation-stream-cores1,pcm_imc,rpq_occupancy,SKT0CHAN5,28,0.1646910495123781,queue_entry_seconds
correlation-stream-cores1,pcm_imc,rpq_occupancy,SKT0CHAN5,29,0.16423369842460614,queue_entry_seconds
correlation-stream-cores1,pcm_imc,rpq_occupancy,SKT0CHAN5,30,0.16407379144786197,queue_entry_seconds
correlation-stream-cores1,pcm_imc,rpq_occupancy,SKT0CHAN5,31,0.16415943285821455,queue_entry_seconds
correlation-stream-cores1,pcm_imc,rpq_occupancy,SKT0CHAN5,32,0.16387188447111778,queue_entry_seconds
correlation-stream-cores1,pcm_imc,rpq_occupancy,SKT0CHAN5,33,0.16485454613653414,queue_entry_seconds
correlation-stream-cores1,pcm_imc,rpq_occupancy,SKT0CHAN5,34,0.16465864141035258,queue_entry_seconds
correlation-stream-cores1,pcm_imc,rpq_occupancy,SKT0CHAN5,35,0.16436782295573893,queue_entry_seconds
correlation-stream-cores1,pcm_imc,rpq_occupancy,SKT0CHAN5,36,0.1643588064516129,queue_entry_seconds
correlation-stream-cores1,pcm_imc,rpq_occupancy,SKT0CHAN5,37,0.16502735108777195,queue_entry_seconds
correlation-stream-cores1,pcm_imc,rpq_occupancy,SKT0CHAN5,38,0.16452710652663166,queue_entry_seconds
correlation-stream-cores1,pcm_imc,rpq_occupancy,SKT0CHAN5,39,0.16534876369092272,queue_entry_seconds
correlation-stream-cores1,pcm_imc,rpq_occupancy,SKT0CHAN5,40,0.1647477104276069,queue_entry_seconds
correlation-stream-cores1,pcm_imc,rpq_occupancy,SKT0CHAN5,41,0.16478233008252063,queue_entry_seconds
correlation-stream-cores1,pcm_imc,rpq_occupancy,SKT0CHAN5,42,0.16480879144786195,queue_entry_seconds
correlation-stream-cores1,pcm_imc,rpq_occupancy,SKT0CHAN5,43,0.16460744111027756,queue_entry_seconds
correlation-stream-cores1,pcm_imc,rpq_occupancy,SKT0CHAN5,44,0.16518138934733684,queue_entry_seconds
correlation-stream-cores1,pcm_imc,rpq_occupancy,SKT0CHAN5,45,0.1651830367591898,queue_entry_seconds
correlation-stream-cores1,pcm_imc,rpq_occupancy,SKT0CHAN5,46,0.16465170367591897,queue_entry_seconds
correlation-stream-cores1,pcm_imc,rpq_occupancy,SKT0CHAN5,47,0.163694327831958,queue_entry_seconds
correlation-stream-cores1,pcm_imc,rpq_occupancy,SKT0CHAN5,48,0.16361649062265565,queue_entry_seconds
correlation-stream-cores1,pcm_imc,rpq_occupancy,SKT0CHAN5,49,0.16350580570142537,queue_entry_seconds
correlation-stream-cores1,pcm_imc,rpq_occupancy,SKT0CHAN5,50,0.16405502175543887,queue_entry_seconds
correlation-stream-cores1,pcm_imc,rpq_occupancy,SKT0CHAN5,51,0.16426928057014253,queue_entry_seconds
correlation-stream-cores1,pcm_imc,rpq_occupancy,SKT0CHAN5,52,0.16403668567141785,queue_entry_seconds
correlation-stream-cores1,pcm_imc,rpq_occupancy,SKT0CHAN5,53,0.1634223165791448,queue_entry_seconds
correlation-stream-cores1,pcm_imc,rpq_occupancy,SKT0CHAN5,54,0.1641171215303826,queue_entry_seconds
correlation-stream-cores1,pcm_imc,rpq_occupancy,SKT0CHAN5,55,0.16376705101275318,queue_entry_seconds
correlation-stream-cores1,pcm_imc,rpq_occupancy,SKT0CHAN5,56,0.16395897899474868,queue_entry_seconds
correlation-stream-cores1,pcm_imc,rpq_occupancy,SKT0CHAN5,57,0.1645215821455364,queue_entry_seconds
correlation-stream-cores1,pcm_imc,rpq_occupancy,SKT0CHAN5,58,0.16450420105026256,queue_entry_seconds
correlation-stream-cores1,pcm_imc,rpq_occupancy,SKT0CHAN5,59,0.1643443825956489,queue_entry_seconds
correlation-stream-cores1,pcm_imc,rpq_occupancy,SKT0CHAN6,0,0.18487841560390098,queue_entry_seconds
correlation-stream-cores1,pcm_imc,rpq_occupancy,SKT0CHAN6,1,0.18497179219804952,queue_entry_seconds
correlation-stream-cores1,pcm_imc,rpq_occupancy,SKT0CHAN6,2,0.18451833683420854,queue_entry_seconds
correlation-stream-cores1,pcm_imc,rpq_occupancy,SKT0CHAN6,3,0.18561047411852963,queue_entry_seconds
correlation-stream-cores1,pcm_imc,rpq_occupancy,SKT0CHAN6,4,0.18501218904726183,queue_entry_seconds
correlation-stream-cores1,pcm_imc,rpq_occupancy,SKT0CHAN6,5,0.18552387321830457,queue_entry_seconds
correlation-stream-cores1,pcm_imc,rpq_occupancy,SKT0CHAN6,6,0.18689636084021005,queue_entry_seconds
correlation-stream-cores1,pcm_imc,rpq_occupancy,SKT0CHAN6,7,0.18563969167291822,queue_entry_seconds
correlation-stream-cores1,pcm_imc,rpq_occupancy,SKT0CHAN6,8,0.18545917179294824,queue_entry_seconds
correlation-stream-cores1,pcm_imc,rpq_occupancy,SKT0CHAN6,9,0.18559011927981994,queue_entry_seconds
correlation-stream-cores1,pcm_imc,rpq_occupancy,SKT0CHAN6,10,0.1850629009752438,queue_entry_seconds
correlation-stream-cores1,pcm_imc,rpq_occupancy,SKT0CHAN6,11,0.1857862288072018,queue_entry_seconds
correlation-stream-cores1,pcm_imc,rpq_occupancy,SKT0CHAN6,12,0.18599840360090023,queue_entry_seconds
correlation-stream-cores1,pcm_imc,rpq_occupancy,SKT0CHAN6,13,0.18521194748687173,queue_entry_seconds
correlation-stream-cores1,pcm_imc,rpq_occupancy,SKT0CHAN6,14,0.1855906384096024,queue_entry_seconds
correlation-stream-cores1,pcm_imc,rpq_occupancy,SKT0CHAN6,15,0.18557354613653412,queue_entry_seconds
correlation-stream-cores1,pcm_imc,rpq_occupancy,SKT0CHAN6,16,0.18546848237059266,queue_entry_seconds
correlation-stream-cores1,pcm_imc,rpq_occupancy,SKT0CHAN6,17,0.1855089632408102,queue_entry_seconds
correlation-stream-cores1,pcm_imc,rpq_occupancy,SKT0CHAN6,18,0.18476532783195798,queue_entry_seconds
correlation-stream-cores1,pcm_imc,rpq_occupancy,SKT0CHAN6,19,0.18542599474868718,queue_entry_seconds
correlation-stream-cores1,pcm_imc,rpq_occupancy,SKT0CHAN6,20,0.18498298199549887,queue_entry_seconds
correlation-stream-cores1,pcm_imc,rpq_occupancy,SKT0CHAN6,21,0.18450632183045762,queue_entry_seconds
correlation-stream-cores1,pcm_imc,rpq_occupancy,SKT0CHAN6,22,0.1852024913728432,queue_entry_seconds
correlation-stream-cores1,pcm_imc,rpq_occupancy,SKT0CHAN6,23,0.18509960240060014,queue_entry_seconds
correlation-stream-cores1,pcm_imc,rpq_occupancy,SKT0CHAN6,24,0.18529149962490624,queue_entry_seconds
correlation-stream-cores1,pcm_imc,rpq_occupancy,SKT0CHAN6,25,0.18506014028507126,queue_entry_seconds
correlation-stream-cores1,pcm_imc,rpq_occupancy,SKT0CHAN6,26,0.18499355888972244,queue_entry_seconds
correlation-stream-cores1,pcm_imc,rpq_occupancy,SKT0CHAN6,27,0.1852432595648912,queue_entry_seconds
correlation-stream-cores1,pcm_imc,rpq_occupancy,SKT0CHAN6,28,0.18481624531132784,queue_entry_seconds
correlation-stream-cores1,pcm_imc,rpq_occupancy,SKT0CHAN6,29,0.18560093998499624,queue_entry_seconds
correlation-stream-cores1,pcm_imc,rpq_occupancy,SKT0CHAN6,30,0.18531326706676668,queue_entry_seconds
correlation-stream-cores1,pcm_imc,rpq_occupancy,SKT0CHAN6,31,0.18522741785446362,queue_entry_seconds
correlation-stream-cores1,pcm_imc,rpq_occupancy,SKT0CHAN6,32,0.18527876444111027,queue_entry_seconds
correlation-stream-cores1,pcm_imc,rpq_occupancy,SKT0CHAN6,33,0.185420576144036,queue_entry_seconds
correlation-stream-cores1,pcm_imc,rpq_occupancy,SKT0CHAN6,34,0.18560507276819205,queue_entry_seconds
correlation-stream-cores1,pcm_imc,rpq_occupancy,SKT0CHAN6,35,0.18558693173293322,queue_entry_seconds
correlation-stream-cores1,pcm_imc,rpq_occupancy,SKT0CHAN6,36,0.18578005176294074,queue_entry_seconds
correlation-stream-cores1,pcm_imc,rpq_occupancy,SKT0CHAN6,37,0.18550429707426858,queue_entry_seconds
correlation-stream-cores1,pcm_imc,rpq_occupancy,SKT0CHAN6,38,0.18643263540885222,queue_entry_seconds
correlation-stream-cores1,pcm_imc,rpq_occupancy,SKT0CHAN6,39,0.18544992123030757,queue_entry_seconds
correlation-stream-cores1,pcm_imc,rpq_occupancy,SKT0CHAN6,40,0.18476139234808703,queue_entry_seconds
correlation-stream-cores1,pcm_imc,rpq_occupancy,SKT0CHAN6,41,0.18537543960990246,queue_entry_seconds
correlation-stream-cores1,pcm_imc,rpq_occupancy,SKT0CHAN6,42,0.1854918259564891,queue_entry_seconds
correlation-stream-cores1,pcm_imc,rpq_occupancy,SKT0CHAN6,43,0.18485308552138036,queue_entry_seconds
correlation-stream-cores1,pcm_imc,rpq_occupancy,SKT0CHAN6,44,0.18507770742685672,queue_entry_seconds
correlation-stream-cores1,pcm_imc,rpq_occupancy,SKT0CHAN6,45,0.18482965716429106,queue_entry_seconds
correlation-stream-cores1,pcm_imc,rpq_occupancy,SKT0CHAN6,46,0.1866060465116279,queue_entry_seconds
correlation-stream-cores1,pcm_imc,rpq_occupancy,SKT0CHAN6,47,0.18542695798949738,queue_entry_seconds
correlation-stream-cores1,pcm_imc,rpq_occupancy,SKT0CHAN6,48,0.18519856939234808,queue_entry_seconds
correlation-stream-cores1,pcm_imc,rpq_occupancy,SKT0CHAN6,49,0.18566102175543886,queue_entry_seconds
correlation-stream-cores1,pcm_imc,rpq_occupancy,SKT0CHAN6,50,0.1845440240060015,queue_entry_seconds
correlation-stream-cores1,pcm_imc,rpq_occupancy,SKT0CHAN6,51,0.1850815693923481,queue_entry_seconds
correlation-stream-cores1,pcm_imc,rpq_occupancy,SKT0CHAN6,52,0.18539947936984247,queue_entry_seconds
correlation-stream-cores1,pcm_imc,rpq_occupancy,SKT0CHAN6,53,0.1854528732183046,queue_entry_seconds
correlation-stream-cores1,pcm_imc,rpq_occupancy,SKT0CHAN6,54,0.18630772018004502,queue_entry_seconds
correlation-stream-cores1,pcm_imc,rpq_occupancy,SKT0CHAN6,55,0.1862540225056264,queue_entry_seconds
correlation-stream-cores1,pcm_imc,rpq_occupancy,SKT0CHAN6,56,0.18582101950487623,queue_entry_seconds
correlation-stream-cores1,pcm_imc,rpq_occupancy,SKT0CHAN6,57,0.1855574861215304,queue_entry_seconds
correlation-stream-cores1,pcm_imc,rpq_occupancy,SKT0CHAN6,58,0.18521580495123782,queue_entry_seconds
correlation-stream-cores1,pcm_imc,rpq_occupancy,SKT0CHAN6,59,0.18552138334583645,queue_entry_seconds
correlation-stream-cores1,pcm_imc,rpq_occupancy,SKT0CHAN7,0,0.12729738484621156,queue_entry_seconds
correlation-stream-cores1,pcm_imc,rpq_occupancy,SKT0CHAN7,1,0.127018711927982,queue_entry_seconds
correlation-stream-cores1,pcm_imc,rpq_occupancy,SKT0CHAN7,2,0.12725504876219054,queue_entry_seconds
correlation-stream-cores1,pcm_imc,rpq_occupancy,SKT0CHAN7,3,0.12796499699924982,queue_entry_seconds
correlation-stream-cores1,pcm_imc,rpq_occupancy,SKT0CHAN7,4,0.1279570307576894,queue_entry_seconds
correlation-stream-cores1,pcm_imc,rpq_occupancy,SKT0CHAN7,5,0.12792320855213804,queue_entry_seconds
correlation-stream-cores1,pcm_imc,rpq_occupancy,SKT0CHAN7,6,0.129086327831958,queue_entry_seconds
correlation-stream-cores1,pcm_imc,rpq_occupancy,SKT0CHAN7,7,0.12745509227306825,queue_entry_seconds
correlation-stream-cores1,pcm_imc,rpq_occupancy,SKT0CHAN7,8,0.12778405026256565,queue_entry_seconds
correlation-stream-cores1,pcm_imc,rpq_occupancy,SKT0CHAN7,9,0.12734645911477868,queue_entry_seconds
correlation-stream-cores1,pcm_imc,rpq_occupancy,SKT0CHAN7,10,0.12689324756189047,queue_entry_seconds
correlation-stream-cores1,pcm_imc,rpq_occupancy,SKT0CHAN7,11,0.1274402205551388,queue_entry_seconds
correlation-stream-cores1,pcm_imc,rpq_occupancy,SKT0CHAN7,12,0.12657749137284321,queue_entry_seconds
correlation-stream-cores1,pcm_imc,rpq_occupancy,SKT0CHAN7,13,0.12704934808702176,queue_entry_seconds
correlation-stream-cores1,pcm_imc,rpq_occupancy,SKT0CHAN7,14,0.1267657374343586,queue_entry_seconds
correlation-stream-cores1,pcm_imc,rpq_occupancy,SKT0CHAN7,15,0.1272934013503376,queue_entry_seconds
correlation-stream-cores1,pcm_imc,rpq_occupancy,SKT0CHAN7,16,0.12690634583645913,queue_entry_seconds
correlation-stream-cores1,pcm_imc,rpq_occupancy,SKT0CHAN7,17,0.12739430157539386,queue_entry_seconds
correlation-stream-cores1,pcm_imc,rpq_occupancy,SKT0CHAN7,18,0.12693926631657915,queue_entry_seconds
correlation-stream-cores1,pcm_imc,rpq_occupancy,SKT0CHAN7,19,0.12729747636909228,queue_entry_seconds
correlation-stream-cores1,pcm_imc,rpq_occupancy,SKT0CHAN7,20,0.1270893518379595,queue_entry_seconds
correlation-stream-cores1,pcm_imc,rpq_occupancy,SKT0CHAN7,21,0.1267946579144786,queue_entry_seconds
correlation-stream-cores1,pcm_imc,rpq_occupancy,SKT0CHAN7,22,0.12718144411102775,queue_entry_seconds
correlation-stream-cores1,pcm_imc,rpq_occupancy,SKT0CHAN7,23,0.12705948762190547,queue_entry_seconds
correlation-stream-cores1,pcm_imc,rpq_occupancy,SKT0CHAN7,24,0.1267990847711928,queue_entry_seconds
correlation-stream-cores1,pcm_imc,rpq_occupancy,SKT0CHAN7,25,0.1273224111027757,queue_entry_seconds
correlation-stream-cores1,pcm_imc,rpq_occupancy,SKT0CHAN7,26,0.1269069407351838,queue_entry_seconds
correlation-stream-cores1,pcm_imc,rpq_occupancy,SKT0CHAN7,27,0.1272262190547637,queue_entry_seconds
correlation-stream-cores1,pcm_imc,rpq_occupancy,SKT0CHAN7,28,0.12724268867216804,queue_entry_seconds
correlation-stream-cores1,pcm_imc,rpq_occupancy,SKT0CHAN7,29,0.127336,queue_entry_seconds
correlation-stream-cores1,pcm_imc,rpq_occupancy,SKT0CHAN7,30,0.12739348387096774,queue_entry_seconds
correlation-stream-cores1,pcm_imc,rpq_occupancy,SKT0CHAN7,31,0.12705627006751688,queue_entry_seconds
correlation-stream-cores1,pcm_imc,rpq_occupancy,SKT0CHAN7,32,0.12709379594898726,queue_entry_seconds
correlation-stream-cores1,pcm_imc,rpq_occupancy,SKT0CHAN7,33,0.12729524231057765,queue_entry_seconds
correlation-stream-cores1,pcm_imc,rpq_occupancy,SKT0CHAN7,34,0.12691465041260316,queue_entry_seconds
correlation-stream-cores1,pcm_imc,rpq_occupancy,SKT0CHAN7,35,0.12734977719429857,queue_entry_seconds
correlation-stream-cores1,pcm_imc,rpq_occupancy,SKT0CHAN7,36,0.128191423855964,queue_entry_seconds
correlation-stream-cores1,pcm_imc,rpq_occupancy,SKT0CHAN7,37,0.1272679504876219,queue_entry_seconds
correlation-stream-cores1,pcm_imc,rpq_occupancy,SKT0CHAN7,38,0.12927762790697675,queue_entry_seconds
correlation-stream-cores1,pcm_imc,rpq_occupancy,SKT0CHAN7,39,0.12680769242310577,queue_entry_seconds
correlation-stream-cores1,pcm_imc,rpq_occupancy,SKT0CHAN7,40,0.12682686346586647,queue_entry_seconds
correlation-stream-cores1,pcm_imc,rpq_occupancy,SKT0CHAN7,41,0.12745994373593397,queue_entry_seconds
correlation-stream-cores1,pcm_imc,rpq_occupancy,SKT0CHAN7,42,0.12701338934733683,queue_entry_seconds
correlation-stream-cores1,pcm_imc,rpq_occupancy,SKT0CHAN7,43,0.12757705701425356,queue_entry_seconds
correlation-stream-cores1,pcm_imc,rpq_occupancy,SKT0CHAN7,44,0.12700345536384097,queue_entry_seconds
correlation-stream-cores1,pcm_imc,rpq_occupancy,SKT0CHAN7,45,0.12690150262565641,queue_entry_seconds
correlation-stream-cores1,pcm_imc,rpq_occupancy,SKT0CHAN7,46,0.12837339234808703,queue_entry_seconds
correlation-stream-cores1,pcm_imc,rpq_occupancy,SKT0CHAN7,47,0.12709897899474867,queue_entry_seconds
correlation-stream-cores1,pcm_imc,rpq_occupancy,SKT0CHAN7,48,0.12763547411852963,queue_entry_seconds
correlation-stream-cores1,pcm_imc,rpq_occupancy,SKT0CHAN7,49,0.12734317329332334,queue_entry_seconds
correlation-stream-cores1,pcm_imc,rpq_occupancy,SKT0CHAN7,50,0.1270379677419355,queue_entry_seconds
correlation-stream-cores1,pcm_imc,rpq_occupancy,SKT0CHAN7,51,0.12754255138784695,queue_entry_seconds
correlation-stream-cores1,pcm_imc,rpq_occupancy,SKT0CHAN7,52,0.12731868042010502,queue_entry_seconds
correlation-stream-cores1,pcm_imc,rpq_occupancy,SKT0CHAN7,53,0.12756650937734434,queue_entry_seconds
correlation-stream-cores1,pcm_imc,rpq_occupancy,SKT0CHAN7,54,0.12787175768942236,queue_entry_seconds
correlation-stream-cores1,pcm_imc,rpq_occupancy,SKT0CHAN7,55,0.12778654313578394,queue_entry_seconds
correlation-stream-cores1,pcm_imc,rpq_occupancy,SKT0CHAN7,56,0.12723782370592648,queue_entry_seconds
correlation-stream-cores1,pcm_imc,rpq_occupancy,SKT0CHAN7,57,0.1271635228807202,queue_entry_seconds
correlation-stream-cores1,pcm_imc,rpq_occupancy,SKT0CHAN7,58,0.12707545386346586,queue_entry_seconds
correlation-stream-cores1,pcm_imc,rpq_occupancy,SKT0CHAN7,59,0.12753955888972243,queue_entry_seconds
correlation-stream-cores1,pcm_imc,wpq_full_cycles,SKT0CHAN0,0,667057877.0,cycles
correlation-stream-cores1,pcm_imc,wpq_full_cycles,SKT0CHAN0,1,666461069.0,cycles
correlation-stream-cores1,pcm_imc,wpq_full_cycles,SKT0CHAN0,2,667062787.0,cycles
correlation-stream-cores1,pcm_imc,wpq_full_cycles,SKT0CHAN0,3,666425371.0,cycles
correlation-stream-cores1,pcm_imc,wpq_full_cycles,SKT0CHAN0,4,666414169.0,cycles
correlation-stream-cores1,pcm_imc,wpq_full_cycles,SKT0CHAN0,5,666431092.0,cycles
correlation-stream-cores1,pcm_imc,wpq_full_cycles,SKT0CHAN0,6,666412914.0,cycles
correlation-stream-cores1,pcm_imc,wpq_full_cycles,SKT0CHAN0,7,667099749.0,cycles
correlation-stream-cores1,pcm_imc,wpq_full_cycles,SKT0CHAN0,8,666365419.0,cycles
correlation-stream-cores1,pcm_imc,wpq_full_cycles,SKT0CHAN0,9,666411673.0,cycles
correlation-stream-cores1,pcm_imc,wpq_full_cycles,SKT0CHAN0,10,666429908.0,cycles
correlation-stream-cores1,pcm_imc,wpq_full_cycles,SKT0CHAN0,11,667092882.0,cycles
correlation-stream-cores1,pcm_imc,wpq_full_cycles,SKT0CHAN0,12,666396355.0,cycles
correlation-stream-cores1,pcm_imc,wpq_full_cycles,SKT0CHAN0,13,666405192.0,cycles
correlation-stream-cores1,pcm_imc,wpq_full_cycles,SKT0CHAN0,14,666366545.0,cycles
correlation-stream-cores1,pcm_imc,wpq_full_cycles,SKT0CHAN0,15,667038421.0,cycles
correlation-stream-cores1,pcm_imc,wpq_full_cycles,SKT0CHAN0,16,666408708.0,cycles
correlation-stream-cores1,pcm_imc,wpq_full_cycles,SKT0CHAN0,17,666447666.0,cycles
correlation-stream-cores1,pcm_imc,wpq_full_cycles,SKT0CHAN0,18,666438604.0,cycles
correlation-stream-cores1,pcm_imc,wpq_full_cycles,SKT0CHAN0,19,666365164.0,cycles
correlation-stream-cores1,pcm_imc,wpq_full_cycles,SKT0CHAN0,20,667046304.0,cycles
correlation-stream-cores1,pcm_imc,wpq_full_cycles,SKT0CHAN0,21,666419922.0,cycles
correlation-stream-cores1,pcm_imc,wpq_full_cycles,SKT0CHAN0,22,666398444.0,cycles
correlation-stream-cores1,pcm_imc,wpq_full_cycles,SKT0CHAN0,23,666415320.0,cycles
correlation-stream-cores1,pcm_imc,wpq_full_cycles,SKT0CHAN0,24,667084355.0,cycles
correlation-stream-cores1,pcm_imc,wpq_full_cycles,SKT0CHAN0,25,666425343.0,cycles
correlation-stream-cores1,pcm_imc,wpq_full_cycles,SKT0CHAN0,26,666356096.0,cycles
correlation-stream-cores1,pcm_imc,wpq_full_cycles,SKT0CHAN0,27,666408780.0,cycles
correlation-stream-cores1,pcm_imc,wpq_full_cycles,SKT0CHAN0,28,667074578.0,cycles
correlation-stream-cores1,pcm_imc,wpq_full_cycles,SKT0CHAN0,29,666419090.0,cycles
correlation-stream-cores1,pcm_imc,wpq_full_cycles,SKT0CHAN0,30,666392858.0,cycles
correlation-stream-cores1,pcm_imc,wpq_full_cycles,SKT0CHAN0,31,666434437.0,cycles
correlation-stream-cores1,pcm_imc,wpq_full_cycles,SKT0CHAN0,32,666417551.0,cycles
correlation-stream-cores1,pcm_imc,wpq_full_cycles,SKT0CHAN0,33,667084850.0,cycles
correlation-stream-cores1,pcm_imc,wpq_full_cycles,SKT0CHAN0,34,666428143.0,cycles
correlation-stream-cores1,pcm_imc,wpq_full_cycles,SKT0CHAN0,35,666424431.0,cycles
correlation-stream-cores1,pcm_imc,wpq_full_cycles,SKT0CHAN0,36,666413255.0,cycles
correlation-stream-cores1,pcm_imc,wpq_full_cycles,SKT0CHAN0,37,667029559.0,cycles
correlation-stream-cores1,pcm_imc,wpq_full_cycles,SKT0CHAN0,38,666381143.0,cycles
correlation-stream-cores1,pcm_imc,wpq_full_cycles,SKT0CHAN0,39,666386479.0,cycles
correlation-stream-cores1,pcm_imc,wpq_full_cycles,SKT0CHAN0,40,666410848.0,cycles
correlation-stream-cores1,pcm_imc,wpq_full_cycles,SKT0CHAN0,41,667086926.0,cycles
correlation-stream-cores1,pcm_imc,wpq_full_cycles,SKT0CHAN0,42,666432988.0,cycles
correlation-stream-cores1,pcm_imc,wpq_full_cycles,SKT0CHAN0,43,666428843.0,cycles
correlation-stream-cores1,pcm_imc,wpq_full_cycles,SKT0CHAN0,44,666429138.0,cycles
correlation-stream-cores1,pcm_imc,wpq_full_cycles,SKT0CHAN0,45,666429707.0,cycles
correlation-stream-cores1,pcm_imc,wpq_full_cycles,SKT0CHAN0,46,667080326.0,cycles
correlation-stream-cores1,pcm_imc,wpq_full_cycles,SKT0CHAN0,47,666428474.0,cycles
correlation-stream-cores1,pcm_imc,wpq_full_cycles,SKT0CHAN0,48,666419187.0,cycles
correlation-stream-cores1,pcm_imc,wpq_full_cycles,SKT0CHAN0,49,666394447.0,cycles
correlation-stream-cores1,pcm_imc,wpq_full_cycles,SKT0CHAN0,50,666390461.0,cycles
correlation-stream-cores1,pcm_imc,wpq_full_cycles,SKT0CHAN0,51,667064296.0,cycles
correlation-stream-cores1,pcm_imc,wpq_full_cycles,SKT0CHAN0,52,666353649.0,cycles
correlation-stream-cores1,pcm_imc,wpq_full_cycles,SKT0CHAN0,53,666354698.0,cycles
correlation-stream-cores1,pcm_imc,wpq_full_cycles,SKT0CHAN0,54,667056657.0,cycles
correlation-stream-cores1,pcm_imc,wpq_full_cycles,SKT0CHAN0,55,666379301.0,cycles
correlation-stream-cores1,pcm_imc,wpq_full_cycles,SKT0CHAN0,56,666411570.0,cycles
correlation-stream-cores1,pcm_imc,wpq_full_cycles,SKT0CHAN0,57,666420030.0,cycles
correlation-stream-cores1,pcm_imc,wpq_full_cycles,SKT0CHAN0,58,666431085.0,cycles
correlation-stream-cores1,pcm_imc,wpq_full_cycles,SKT0CHAN0,59,667086596.0,cycles
correlation-stream-cores1,pcm_imc,wpq_full_cycles,SKT0CHAN1,0,667057958.0,cycles
correlation-stream-cores1,pcm_imc,wpq_full_cycles,SKT0CHAN1,1,666461048.0,cycles
correlation-stream-cores1,pcm_imc,wpq_full_cycles,SKT0CHAN1,2,667062742.0,cycles
correlation-stream-cores1,pcm_imc,wpq_full_cycles,SKT0CHAN1,3,666425389.0,cycles
correlation-stream-cores1,pcm_imc,wpq_full_cycles,SKT0CHAN1,4,666414189.0,cycles
correlation-stream-cores1,pcm_imc,wpq_full_cycles,SKT0CHAN1,5,666431094.0,cycles
correlation-stream-cores1,pcm_imc,wpq_full_cycles,SKT0CHAN1,6,666413030.0,cycles
correlation-stream-cores1,pcm_imc,wpq_full_cycles,SKT0CHAN1,7,667099844.0,cycles
correlation-stream-cores1,pcm_imc,wpq_full_cycles,SKT0CHAN1,8,666365440.0,cycles
correlation-stream-cores1,pcm_imc,wpq_full_cycles,SKT0CHAN1,9,666411639.0,cycles
correlation-stream-cores1,pcm_imc,wpq_full_cycles,SKT0CHAN1,10,666430000.0,cycles
correlation-stream-cores1,pcm_imc,wpq_full_cycles,SKT0CHAN1,11,667092841.0,cycles
correlation-stream-cores1,pcm_imc,wpq_full_cycles,SKT0CHAN1,12,666396282.0,cycles
correlation-stream-cores1,pcm_imc,wpq_full_cycles,SKT0CHAN1,13,666405222.0,cycles
correlation-stream-cores1,pcm_imc,wpq_full_cycles,SKT0CHAN1,14,666366455.0,cycles
correlation-stream-cores1,pcm_imc,wpq_full_cycles,SKT0CHAN1,15,667038410.0,cycles
correlation-stream-cores1,pcm_imc,wpq_full_cycles,SKT0CHAN1,16,666408644.0,cycles
correlation-stream-cores1,pcm_imc,wpq_full_cycles,SKT0CHAN1,17,666447718.0,cycles
correlation-stream-cores1,pcm_imc,wpq_full_cycles,SKT0CHAN1,18,666438769.0,cycles
correlation-stream-cores1,pcm_imc,wpq_full_cycles,SKT0CHAN1,19,666365226.0,cycles
correlation-stream-cores1,pcm_imc,wpq_full_cycles,SKT0CHAN1,20,667047269.0,cycles
correlation-stream-cores1,pcm_imc,wpq_full_cycles,SKT0CHAN1,21,666419856.0,cycles
correlation-stream-cores1,pcm_imc,wpq_full_cycles,SKT0CHAN1,22,666398448.0,cycles
correlation-stream-cores1,pcm_imc,wpq_full_cycles,SKT0CHAN1,23,666415340.0,cycles
correlation-stream-cores1,pcm_imc,wpq_full_cycles,SKT0CHAN1,24,667084428.0,cycles
correlation-stream-cores1,pcm_imc,wpq_full_cycles,SKT0CHAN1,25,666425439.0,cycles
correlation-stream-cores1,pcm_imc,wpq_full_cycles,SKT0CHAN1,26,666356261.0,cycles
correlation-stream-cores1,pcm_imc,wpq_full_cycles,SKT0CHAN1,27,666408879.0,cycles
correlation-stream-cores1,pcm_imc,wpq_full_cycles,SKT0CHAN1,28,667074693.0,cycles
correlation-stream-cores1,pcm_imc,wpq_full_cycles,SKT0CHAN1,29,666419163.0,cycles
correlation-stream-cores1,pcm_imc,wpq_full_cycles,SKT0CHAN1,30,666392868.0,cycles
correlation-stream-cores1,pcm_imc,wpq_full_cycles,SKT0CHAN1,31,666434595.0,cycles
correlation-stream-cores1,pcm_imc,wpq_full_cycles,SKT0CHAN1,32,666417533.0,cycles
correlation-stream-cores1,pcm_imc,wpq_full_cycles,SKT0CHAN1,33,667084930.0,cycles
correlation-stream-cores1,pcm_imc,wpq_full_cycles,SKT0CHAN1,34,666428046.0,cycles
correlation-stream-cores1,pcm_imc,wpq_full_cycles,SKT0CHAN1,35,666424436.0,cycles
correlation-stream-cores1,pcm_imc,wpq_full_cycles,SKT0CHAN1,36,666413238.0,cycles
correlation-stream-cores1,pcm_imc,wpq_full_cycles,SKT0CHAN1,37,667029652.0,cycles
correlation-stream-cores1,pcm_imc,wpq_full_cycles,SKT0CHAN1,38,666381135.0,cycles
correlation-stream-cores1,pcm_imc,wpq_full_cycles,SKT0CHAN1,39,666387668.0,cycles
correlation-stream-cores1,pcm_imc,wpq_full_cycles,SKT0CHAN1,40,666410852.0,cycles
correlation-stream-cores1,pcm_imc,wpq_full_cycles,SKT0CHAN1,41,667087890.0,cycles
correlation-stream-cores1,pcm_imc,wpq_full_cycles,SKT0CHAN1,42,666432978.0,cycles
correlation-stream-cores1,pcm_imc,wpq_full_cycles,SKT0CHAN1,43,666428905.0,cycles
correlation-stream-cores1,pcm_imc,wpq_full_cycles,SKT0CHAN1,44,666429813.0,cycles
correlation-stream-cores1,pcm_imc,wpq_full_cycles,SKT0CHAN1,45,666429723.0,cycles
correlation-stream-cores1,pcm_imc,wpq_full_cycles,SKT0CHAN1,46,667080352.0,cycles
correlation-stream-cores1,pcm_imc,wpq_full_cycles,SKT0CHAN1,47,666428402.0,cycles
correlation-stream-cores1,pcm_imc,wpq_full_cycles,SKT0CHAN1,48,666419213.0,cycles
correlation-stream-cores1,pcm_imc,wpq_full_cycles,SKT0CHAN1,49,666394467.0,cycles
correlation-stream-cores1,pcm_imc,wpq_full_cycles,SKT0CHAN1,50,666390407.0,cycles
correlation-stream-cores1,pcm_imc,wpq_full_cycles,SKT0CHAN1,51,667064342.0,cycles
correlation-stream-cores1,pcm_imc,wpq_full_cycles,SKT0CHAN1,52,666353589.0,cycles
correlation-stream-cores1,pcm_imc,wpq_full_cycles,SKT0CHAN1,53,666354762.0,cycles
correlation-stream-cores1,pcm_imc,wpq_full_cycles,SKT0CHAN1,54,667056650.0,cycles
correlation-stream-cores1,pcm_imc,wpq_full_cycles,SKT0CHAN1,55,666378590.0,cycles
correlation-stream-cores1,pcm_imc,wpq_full_cycles,SKT0CHAN1,56,666411585.0,cycles
correlation-stream-cores1,pcm_imc,wpq_full_cycles,SKT0CHAN1,57,666420023.0,cycles
correlation-stream-cores1,pcm_imc,wpq_full_cycles,SKT0CHAN1,58,666431132.0,cycles
correlation-stream-cores1,pcm_imc,wpq_full_cycles,SKT0CHAN1,59,667086623.0,cycles
correlation-stream-cores1,pcm_imc,wpq_full_cycles,SKT0CHAN2,0,667058006.0,cycles
correlation-stream-cores1,pcm_imc,wpq_full_cycles,SKT0CHAN2,1,666461832.0,cycles
correlation-stream-cores1,pcm_imc,wpq_full_cycles,SKT0CHAN2,2,667062720.0,cycles
correlation-stream-cores1,pcm_imc,wpq_full_cycles,SKT0CHAN2,3,666425370.0,cycles
correlation-stream-cores1,pcm_imc,wpq_full_cycles,SKT0CHAN2,4,666414293.0,cycles
correlation-stream-cores1,pcm_imc,wpq_full_cycles,SKT0CHAN2,5,666431066.0,cycles
correlation-stream-cores1,pcm_imc,wpq_full_cycles,SKT0CHAN2,6,666413045.0,cycles
correlation-stream-cores1,pcm_imc,wpq_full_cycles,SKT0CHAN2,7,667099872.0,cycles
correlation-stream-cores1,pcm_imc,wpq_full_cycles,SKT0CHAN2,8,666365448.0,cycles
correlation-stream-cores1,pcm_imc,wpq_full_cycles,SKT0CHAN2,9,666411592.0,cycles
correlation-stream-cores1,pcm_imc,wpq_full_cycles,SKT0CHAN2,10,666430000.0,cycles
correlation-stream-cores1,pcm_imc,wpq_full_cycles,SKT0CHAN2,11,667092847.0,cycles
correlation-stream-cores1,pcm_imc,wpq_full_cycles,SKT0CHAN2,12,666396358.0,cycles
correlation-stream-cores1,pcm_imc,wpq_full_cycles,SKT0CHAN2,13,666405207.0,cycles
correlation-stream-cores1,pcm_imc,wpq_full_cycles,SKT0CHAN2,14,666366512.0,cycles
correlation-stream-cores1,pcm_imc,wpq_full_cycles,SKT0CHAN2,15,667038389.0,cycles
correlation-stream-cores1,pcm_imc,wpq_full_cycles,SKT0CHAN2,16,666408715.0,cycles
correlation-stream-cores1,pcm_imc,wpq_full_cycles,SKT0CHAN2,17,666447665.0,cycles
correlation-stream-cores1,pcm_imc,wpq_full_cycles,SKT0CHAN2,18,666438746.0,cycles
correlation-stream-cores1,pcm_imc,wpq_full_cycles,SKT0CHAN2,19,666365283.0,cycles
correlation-stream-cores1,pcm_imc,wpq_full_cycles,SKT0CHAN2,20,667047256.0,cycles
correlation-stream-cores1,pcm_imc,wpq_full_cycles,SKT0CHAN2,21,666419896.0,cycles
correlation-stream-cores1,pcm_imc,wpq_full_cycles,SKT0CHAN2,22,666398377.0,cycles
correlation-stream-cores1,pcm_imc,wpq_full_cycles,SKT0CHAN2,23,666415342.0,cycles
correlation-stream-cores1,pcm_imc,wpq_full_cycles,SKT0CHAN2,24,667084383.0,cycles
correlation-stream-cores1,pcm_imc,wpq_full_cycles,SKT0CHAN2,25,666425434.0,cycles
correlation-stream-cores1,pcm_imc,wpq_full_cycles,SKT0CHAN2,26,666356289.0,cycles
correlation-stream-cores1,pcm_imc,wpq_full_cycles,SKT0CHAN2,27,666408877.0,cycles
correlation-stream-cores1,pcm_imc,wpq_full_cycles,SKT0CHAN2,28,667074677.0,cycles
correlation-stream-cores1,pcm_imc,wpq_full_cycles,SKT0CHAN2,29,666419113.0,cycles
correlation-stream-cores1,pcm_imc,wpq_full_cycles,SKT0CHAN2,30,666392836.0,cycles
correlation-stream-cores1,pcm_imc,wpq_full_cycles,SKT0CHAN2,31,666434622.0,cycles
correlation-stream-cores1,pcm_imc,wpq_full_cycles,SKT0CHAN2,32,666417574.0,cycles
correlation-stream-cores1,pcm_imc,wpq_full_cycles,SKT0CHAN2,33,667084940.0,cycles
correlation-stream-cores1,pcm_imc,wpq_full_cycles,SKT0CHAN2,34,666428008.0,cycles
correlation-stream-cores1,pcm_imc,wpq_full_cycles,SKT0CHAN2,35,666424478.0,cycles
correlation-stream-cores1,pcm_imc,wpq_full_cycles,SKT0CHAN2,36,666413242.0,cycles
correlation-stream-cores1,pcm_imc,wpq_full_cycles,SKT0CHAN2,37,667029702.0,cycles
correlation-stream-cores1,pcm_imc,wpq_full_cycles,SKT0CHAN2,38,666381114.0,cycles
correlation-stream-cores1,pcm_imc,wpq_full_cycles,SKT0CHAN2,39,666387681.0,cycles
correlation-stream-cores1,pcm_imc,wpq_full_cycles,SKT0CHAN2,40,666410840.0,cycles
correlation-stream-cores1,pcm_imc,wpq_full_cycles,SKT0CHAN2,41,667087837.0,cycles
correlation-stream-cores1,pcm_imc,wpq_full_cycles,SKT0CHAN2,42,666432931.0,cycles
correlation-stream-cores1,pcm_imc,wpq_full_cycles,SKT0CHAN2,43,666428922.0,cycles
correlation-stream-cores1,pcm_imc,wpq_full_cycles,SKT0CHAN2,44,666429840.0,cycles
correlation-stream-cores1,pcm_imc,wpq_full_cycles,SKT0CHAN2,45,666429768.0,cycles
correlation-stream-cores1,pcm_imc,wpq_full_cycles,SKT0CHAN2,46,667080360.0,cycles
correlation-stream-cores1,pcm_imc,wpq_full_cycles,SKT0CHAN2,47,666428379.0,cycles
correlation-stream-cores1,pcm_imc,wpq_full_cycles,SKT0CHAN2,48,666419176.0,cycles
correlation-stream-cores1,pcm_imc,wpq_full_cycles,SKT0CHAN2,49,666394505.0,cycles
correlation-stream-cores1,pcm_imc,wpq_full_cycles,SKT0CHAN2,50,666390439.0,cycles
correlation-stream-cores1,pcm_imc,wpq_full_cycles,SKT0CHAN2,51,667064287.0,cycles
correlation-stream-cores1,pcm_imc,wpq_full_cycles,SKT0CHAN2,52,666353643.0,cycles
correlation-stream-cores1,pcm_imc,wpq_full_cycles,SKT0CHAN2,53,666354789.0,cycles
correlation-stream-cores1,pcm_imc,wpq_full_cycles,SKT0CHAN2,54,667056643.0,cycles
correlation-stream-cores1,pcm_imc,wpq_full_cycles,SKT0CHAN2,55,666378625.0,cycles
correlation-stream-cores1,pcm_imc,wpq_full_cycles,SKT0CHAN2,56,666411535.0,cycles
correlation-stream-cores1,pcm_imc,wpq_full_cycles,SKT0CHAN2,57,666420001.0,cycles
correlation-stream-cores1,pcm_imc,wpq_full_cycles,SKT0CHAN2,58,666431083.0,cycles
correlation-stream-cores1,pcm_imc,wpq_full_cycles,SKT0CHAN2,59,667086590.0,cycles
correlation-stream-cores1,pcm_imc,wpq_full_cycles,SKT0CHAN3,0,667058061.0,cycles
correlation-stream-cores1,pcm_imc,wpq_full_cycles,SKT0CHAN3,1,666461810.0,cycles
correlation-stream-cores1,pcm_imc,wpq_full_cycles,SKT0CHAN3,2,667062692.0,cycles
correlation-stream-cores1,pcm_imc,wpq_full_cycles,SKT0CHAN3,3,666426200.0,cycles
correlation-stream-cores1,pcm_imc,wpq_full_cycles,SKT0CHAN3,4,666414286.0,cycles
correlation-stream-cores1,pcm_imc,wpq_full_cycles,SKT0CHAN3,5,666431810.0,cycles
correlation-stream-cores1,pcm_imc,wpq_full_cycles,SKT0CHAN3,6,666413076.0,cycles
correlation-stream-cores1,pcm_imc,wpq_full_cycles,SKT0CHAN3,7,667099891.0,cycles
correlation-stream-cores1,pcm_imc,wpq_full_cycles,SKT0CHAN3,8,666365399.0,cycles
correlation-stream-cores1,pcm_imc,wpq_full_cycles,SKT0CHAN3,9,666411615.0,cycles
correlation-stream-cores1,pcm_imc,wpq_full_cycles,SKT0CHAN3,10,666429981.0,cycles
correlation-stream-cores1,pcm_imc,wpq_full_cycles,SKT0CHAN3,11,667092841.0,cycles
correlation-stream-cores1,pcm_imc,wpq_full_cycles,SKT0CHAN3,12,666396411.0,cycles
correlation-stream-cores1,pcm_imc,wpq_full_cycles,SKT0CHAN3,13,666405228.0,cycles
correlation-stream-cores1,pcm_imc,wpq_full_cycles,SKT0CHAN3,14,666366501.0,cycles
correlation-stream-cores1,pcm_imc,wpq_full_cycles,SKT0CHAN3,15,667038392.0,cycles
correlation-stream-cores1,pcm_imc,wpq_full_cycles,SKT0CHAN3,16,666408699.0,cycles
correlation-stream-cores1,pcm_imc,wpq_full_cycles,SKT0CHAN3,17,666447629.0,cycles
correlation-stream-cores1,pcm_imc,wpq_full_cycles,SKT0CHAN3,18,666438693.0,cycles
correlation-stream-cores1,pcm_imc,wpq_full_cycles,SKT0CHAN3,19,666365327.0,cycles
correlation-stream-cores1,pcm_imc,wpq_full_cycles,SKT0CHAN3,20,667047242.0,cycles
correlation-stream-cores1,pcm_imc,wpq_full_cycles,SKT0CHAN3,21,666419905.0,cycles
correlation-stream-cores1,pcm_imc,wpq_full_cycles,SKT0CHAN3,22,666398429.0,cycles
correlation-stream-cores1,pcm_imc,wpq_full_cycles,SKT0CHAN3,23,666415367.0,cycles
correlation-stream-cores1,pcm_imc,wpq_full_cycles,SKT0CHAN3,24,667084392.0,cycles
correlation-stream-cores1,pcm_imc,wpq_full_cycles,SKT0CHAN3,25,666425478.0,cycles
correlation-stream-cores1,pcm_imc,wpq_full_cycles,SKT0CHAN3,26,666356278.0,cycles
correlation-stream-cores1,pcm_imc,wpq_full_cycles,SKT0CHAN3,27,666408860.0,cycles
correlation-stream-cores1,pcm_imc,wpq_full_cycles,SKT0CHAN3,28,667074721.0,cycles
correlation-stream-cores1,pcm_imc,wpq_full_cycles,SKT0CHAN3,29,666419155.0,cycles
correlation-stream-cores1,pcm_imc,wpq_full_cycles,SKT0CHAN3,30,666392850.0,cycles
correlation-stream-cores1,pcm_imc,wpq_full_cycles,SKT0CHAN3,31,666434607.0,cycles
correlation-stream-cores1,pcm_imc,wpq_full_cycles,SKT0CHAN3,32,666417605.0,cycles
correlation-stream-cores1,pcm_imc,wpq_full_cycles,SKT0CHAN3,33,667084964.0,cycles
correlation-stream-cores1,pcm_imc,wpq_full_cycles,SKT0CHAN3,34,666428010.0,cycles
correlation-stream-cores1,pcm_imc,wpq_full_cycles,SKT0CHAN3,35,666424463.0,cycles
correlation-stream-cores1,pcm_imc,wpq_full_cycles,SKT0CHAN3,36,666413251.0,cycles
correlation-stream-cores1,pcm_imc,wpq_full_cycles,SKT0CHAN3,37,667029711.0,cycles
correlation-stream-cores1,pcm_imc,wpq_full_cycles,SKT0CHAN3,38,666381099.0,cycles
correlation-stream-cores1,pcm_imc,wpq_full_cycles,SKT0CHAN3,39,666387712.0,cycles
correlation-stream-cores1,pcm_imc,wpq_full_cycles,SKT0CHAN3,40,666410868.0,cycles
correlation-stream-cores1,pcm_imc,wpq_full_cycles,SKT0CHAN3,41,667087860.0,cycles
correlation-stream-cores1,pcm_imc,wpq_full_cycles,SKT0CHAN3,42,666432936.0,cycles
correlation-stream-cores1,pcm_imc,wpq_full_cycles,SKT0CHAN3,43,666428895.0,cycles
correlation-stream-cores1,pcm_imc,wpq_full_cycles,SKT0CHAN3,44,666429812.0,cycles
correlation-stream-cores1,pcm_imc,wpq_full_cycles,SKT0CHAN3,45,666429773.0,cycles
correlation-stream-cores1,pcm_imc,wpq_full_cycles,SKT0CHAN3,46,667080346.0,cycles
correlation-stream-cores1,pcm_imc,wpq_full_cycles,SKT0CHAN3,47,666428360.0,cycles
correlation-stream-cores1,pcm_imc,wpq_full_cycles,SKT0CHAN3,48,666419159.0,cycles
correlation-stream-cores1,pcm_imc,wpq_full_cycles,SKT0CHAN3,49,666394514.0,cycles
correlation-stream-cores1,pcm_imc,wpq_full_cycles,SKT0CHAN3,50,666390493.0,cycles
correlation-stream-cores1,pcm_imc,wpq_full_cycles,SKT0CHAN3,51,667064283.0,cycles
correlation-stream-cores1,pcm_imc,wpq_full_cycles,SKT0CHAN3,52,666353673.0,cycles
correlation-stream-cores1,pcm_imc,wpq_full_cycles,SKT0CHAN3,53,666354783.0,cycles
correlation-stream-cores1,pcm_imc,wpq_full_cycles,SKT0CHAN3,54,667056671.0,cycles
correlation-stream-cores1,pcm_imc,wpq_full_cycles,SKT0CHAN3,55,666378669.0,cycles
correlation-stream-cores1,pcm_imc,wpq_full_cycles,SKT0CHAN3,56,666411517.0,cycles
correlation-stream-cores1,pcm_imc,wpq_full_cycles,SKT0CHAN3,57,666419978.0,cycles
correlation-stream-cores1,pcm_imc,wpq_full_cycles,SKT0CHAN3,58,666431872.0,cycles
correlation-stream-cores1,pcm_imc,wpq_full_cycles,SKT0CHAN3,59,667086627.0,cycles
correlation-stream-cores1,pcm_imc,wpq_full_cycles,SKT0CHAN4,0,667059310.0,cycles
correlation-stream-cores1,pcm_imc,wpq_full_cycles,SKT0CHAN4,1,666461770.0,cycles
correlation-stream-cores1,pcm_imc,wpq_full_cycles,SKT0CHAN4,2,667062676.0,cycles
correlation-stream-cores1,pcm_imc,wpq_full_cycles,SKT0CHAN4,3,666426256.0,cycles
correlation-stream-cores1,pcm_imc,wpq_full_cycles,SKT0CHAN4,4,666415019.0,cycles
correlation-stream-cores1,pcm_imc,wpq_full_cycles,SKT0CHAN4,5,666431826.0,cycles
correlation-stream-cores1,pcm_imc,wpq_full_cycles,SKT0CHAN4,6,666413153.0,cycles
correlation-stream-cores1,pcm_imc,wpq_full_cycles,SKT0CHAN4,7,667099846.0,cycles
correlation-stream-cores1,pcm_imc,wpq_full_cycles,SKT0CHAN4,8,666365382.0,cycles
correlation-stream-cores1,pcm_imc,wpq_full_cycles,SKT0CHAN4,9,666411654.0,cycles
correlation-stream-cores1,pcm_imc,wpq_full_cycles,SKT0CHAN4,10,666429935.0,cycles
correlation-stream-cores1,pcm_imc,wpq_full_cycles,SKT0CHAN4,11,667092876.0,cycles
correlation-stream-cores1,pcm_imc,wpq_full_cycles,SKT0CHAN4,12,666396453.0,cycles
correlation-stream-cores1,pcm_imc,wpq_full_cycles,SKT0CHAN4,13,666405243.0,cycles
correlation-stream-cores1,pcm_imc,wpq_full_cycles,SKT0CHAN4,14,666366571.0,cycles
correlation-stream-cores1,pcm_imc,wpq_full_cycles,SKT0CHAN4,15,667038368.0,cycles
correlation-stream-cores1,pcm_imc,wpq_full_cycles,SKT0CHAN4,16,666408745.0,cycles
correlation-stream-cores1,pcm_imc,wpq_full_cycles,SKT0CHAN4,17,666447630.0,cycles
correlation-stream-cores1,pcm_imc,wpq_full_cycles,SKT0CHAN4,18,666438681.0,cycles
correlation-stream-cores1,pcm_imc,wpq_full_cycles,SKT0CHAN4,19,666365367.0,cycles
correlation-stream-cores1,pcm_imc,wpq_full_cycles,SKT0CHAN4,20,667047241.0,cycles
correlation-stream-cores1,pcm_imc,wpq_full_cycles,SKT0CHAN4,21,666419863.0,cycles
correlation-stream-cores1,pcm_imc,wpq_full_cycles,SKT0CHAN4,22,666398475.0,cycles
correlation-stream-cores1,pcm_imc,wpq_full_cycles,SKT0CHAN4,23,666415372.0,cycles
correlation-stream-cores1,pcm_imc,wpq_full_cycles,SKT0CHAN4,24,667084342.0,cycles
correlation-stream-cores1,pcm_imc,wpq_full_cycles,SKT0CHAN4,25,666425499.0,cycles
correlation-stream-cores1,pcm_imc,wpq_full_cycles,SKT0CHAN4,26,666356283.0,cycles
correlation-stream-cores1,pcm_imc,wpq_full_cycles,SKT0CHAN4,27,666408881.0,cycles
correlation-stream-cores1,pcm_imc,wpq_full_cycles,SKT0CHAN4,28,667074682.0,cycles
correlation-stream-cores1,pcm_imc,wpq_full_cycles,SKT0CHAN4,29,666419063.0,cycles
correlation-stream-cores1,pcm_imc,wpq_full_cycles,SKT0CHAN4,30,666392772.0,cycles
correlation-stream-cores1,pcm_imc,wpq_full_cycles,SKT0CHAN4,31,666434534.0,cycles
correlation-stream-cores1,pcm_imc,wpq_full_cycles,SKT0CHAN4,32,666417596.0,cycles
correlation-stream-cores1,pcm_imc,wpq_full_cycles,SKT0CHAN4,33,667084922.0,cycles
correlation-stream-cores1,pcm_imc,wpq_full_cycles,SKT0CHAN4,34,666427993.0,cycles
correlation-stream-cores1,pcm_imc,wpq_full_cycles,SKT0CHAN4,35,666424440.0,cycles
correlation-stream-cores1,pcm_imc,wpq_full_cycles,SKT0CHAN4,36,666413282.0,cycles
correlation-stream-cores1,pcm_imc,wpq_full_cycles,SKT0CHAN4,37,667029771.0,cycles
correlation-stream-cores1,pcm_imc,wpq_full_cycles,SKT0CHAN4,38,666381078.0,cycles
correlation-stream-cores1,pcm_imc,wpq_full_cycles,SKT0CHAN4,39,666387708.0,cycles
correlation-stream-cores1,pcm_imc,wpq_full_cycles,SKT0CHAN4,40,666410938.0,cycles
correlation-stream-cores1,pcm_imc,wpq_full_cycles,SKT0CHAN4,41,667087861.0,cycles
correlation-stream-cores1,pcm_imc,wpq_full_cycles,SKT0CHAN4,42,666432931.0,cycles
correlation-stream-cores1,pcm_imc,wpq_full_cycles,SKT0CHAN4,43,666428956.0,cycles
correlation-stream-cores1,pcm_imc,wpq_full_cycles,SKT0CHAN4,44,666429878.0,cycles
correlation-stream-cores1,pcm_imc,wpq_full_cycles,SKT0CHAN4,45,666429711.0,cycles
correlation-stream-cores1,pcm_imc,wpq_full_cycles,SKT0CHAN4,46,667080296.0,cycles
correlation-stream-cores1,pcm_imc,wpq_full_cycles,SKT0CHAN4,47,666428330.0,cycles
correlation-stream-cores1,pcm_imc,wpq_full_cycles,SKT0CHAN4,48,666419220.0,cycles
correlation-stream-cores1,pcm_imc,wpq_full_cycles,SKT0CHAN4,49,666394521.0,cycles
correlation-stream-cores1,pcm_imc,wpq_full_cycles,SKT0CHAN4,50,666390468.0,cycles
correlation-stream-cores1,pcm_imc,wpq_full_cycles,SKT0CHAN4,51,667064301.0,cycles
correlation-stream-cores1,pcm_imc,wpq_full_cycles,SKT0CHAN4,52,666353686.0,cycles
correlation-stream-cores1,pcm_imc,wpq_full_cycles,SKT0CHAN4,53,666354726.0,cycles
correlation-stream-cores1,pcm_imc,wpq_full_cycles,SKT0CHAN4,54,667056716.0,cycles
correlation-stream-cores1,pcm_imc,wpq_full_cycles,SKT0CHAN4,55,666378677.0,cycles
correlation-stream-cores1,pcm_imc,wpq_full_cycles,SKT0CHAN4,56,666411586.0,cycles
correlation-stream-cores1,pcm_imc,wpq_full_cycles,SKT0CHAN4,57,666420014.0,cycles
correlation-stream-cores1,pcm_imc,wpq_full_cycles,SKT0CHAN4,58,666431882.0,cycles
correlation-stream-cores1,pcm_imc,wpq_full_cycles,SKT0CHAN4,59,667086651.0,cycles
correlation-stream-cores1,pcm_imc,wpq_full_cycles,SKT0CHAN5,0,667059282.0,cycles
correlation-stream-cores1,pcm_imc,wpq_full_cycles,SKT0CHAN5,1,666461760.0,cycles
correlation-stream-cores1,pcm_imc,wpq_full_cycles,SKT0CHAN5,2,667063407.0,cycles
correlation-stream-cores1,pcm_imc,wpq_full_cycles,SKT0CHAN5,3,666426249.0,cycles
correlation-stream-cores1,pcm_imc,wpq_full_cycles,SKT0CHAN5,4,666414902.0,cycles
correlation-stream-cores1,pcm_imc,wpq_full_cycles,SKT0CHAN5,5,666431775.0,cycles
correlation-stream-cores1,pcm_imc,wpq_full_cycles,SKT0CHAN5,6,666413275.0,cycles
correlation-stream-cores1,pcm_imc,wpq_full_cycles,SKT0CHAN5,7,667100143.0,cycles
correlation-stream-cores1,pcm_imc,wpq_full_cycles,SKT0CHAN5,8,666365359.0,cycles
correlation-stream-cores1,pcm_imc,wpq_full_cycles,SKT0CHAN5,9,666411601.0,cycles
correlation-stream-cores1,pcm_imc,wpq_full_cycles,SKT0CHAN5,10,666429857.0,cycles
correlation-stream-cores1,pcm_imc,wpq_full_cycles,SKT0CHAN5,11,667092940.0,cycles
correlation-stream-cores1,pcm_imc,wpq_full_cycles,SKT0CHAN5,12,666396544.0,cycles
correlation-stream-cores1,pcm_imc,wpq_full_cycles,SKT0CHAN5,13,666405309.0,cycles
correlation-stream-cores1,pcm_imc,wpq_full_cycles,SKT0CHAN5,14,666365909.0,cycles
correlation-stream-cores1,pcm_imc,wpq_full_cycles,SKT0CHAN5,15,667037720.0,cycles
correlation-stream-cores1,pcm_imc,wpq_full_cycles,SKT0CHAN5,16,666408035.0,cycles
correlation-stream-cores1,pcm_imc,wpq_full_cycles,SKT0CHAN5,17,666447579.0,cycles
correlation-stream-cores1,pcm_imc,wpq_full_cycles,SKT0CHAN5,18,666438622.0,cycles
correlation-stream-cores1,pcm_imc,wpq_full_cycles,SKT0CHAN5,19,666364842.0,cycles
correlation-stream-cores1,pcm_imc,wpq_full_cycles,SKT0CHAN5,20,667047158.0,cycles
correlation-stream-cores1,pcm_imc,wpq_full_cycles,SKT0CHAN5,21,666419825.0,cycles
correlation-stream-cores1,pcm_imc,wpq_full_cycles,SKT0CHAN5,22,666397949.0,cycles
correlation-stream-cores1,pcm_imc,wpq_full_cycles,SKT0CHAN5,23,666415235.0,cycles
correlation-stream-cores1,pcm_imc,wpq_full_cycles,SKT0CHAN5,24,667084294.0,cycles
correlation-stream-cores1,pcm_imc,wpq_full_cycles,SKT0CHAN5,25,666425449.0,cycles
correlation-stream-cores1,pcm_imc,wpq_full_cycles,SKT0CHAN5,26,666356243.0,cycles
correlation-stream-cores1,pcm_imc,wpq_full_cycles,SKT0CHAN5,27,666408094.0,cycles
correlation-stream-cores1,pcm_imc,wpq_full_cycles,SKT0CHAN5,28,667074657.0,cycles
correlation-stream-cores1,pcm_imc,wpq_full_cycles,SKT0CHAN5,29,666419074.0,cycles
correlation-stream-cores1,pcm_imc,wpq_full_cycles,SKT0CHAN5,30,666391946.0,cycles
correlation-stream-cores1,pcm_imc,wpq_full_cycles,SKT0CHAN5,31,666435198.0,cycles
correlation-stream-cores1,pcm_imc,wpq_full_cycles,SKT0CHAN5,32,666417603.0,cycles
correlation-stream-cores1,pcm_imc,wpq_full_cycles,SKT0CHAN5,33,667084906.0,cycles
correlation-stream-cores1,pcm_imc,wpq_full_cycles,SKT0CHAN5,34,666427989.0,cycles
correlation-stream-cores1,pcm_imc,wpq_full_cycles,SKT0CHAN5,35,666424397.0,cycles
correlation-stream-cores1,pcm_imc,wpq_full_cycles,SKT0CHAN5,36,666413342.0,cycles
correlation-stream-cores1,pcm_imc,wpq_full_cycles,SKT0CHAN5,37,667029900.0,cycles
correlation-stream-cores1,pcm_imc,wpq_full_cycles,SKT0CHAN5,38,666381006.0,cycles
correlation-stream-cores1,pcm_imc,wpq_full_cycles,SKT0CHAN5,39,666387759.0,cycles
correlation-stream-cores1,pcm_imc,wpq_full_cycles,SKT0CHAN5,40,666410968.0,cycles
correlation-stream-cores1,pcm_imc,wpq_full_cycles,SKT0CHAN5,41,667087829.0,cycles
correlation-stream-cores1,pcm_imc,wpq_full_cycles,SKT0CHAN5,42,666432829.0,cycles
correlation-stream-cores1,pcm_imc,wpq_full_cycles,SKT0CHAN5,43,666428952.0,cycles
correlation-stream-cores1,pcm_imc,wpq_full_cycles,SKT0CHAN5,44,666429835.0,cycles
correlation-stream-cores1,pcm_imc,wpq_full_cycles,SKT0CHAN5,45,666429708.0,cycles
correlation-stream-cores1,pcm_imc,wpq_full_cycles,SKT0CHAN5,46,667080290.0,cycles
correlation-stream-cores1,pcm_imc,wpq_full_cycles,SKT0CHAN5,47,666427417.0,cycles
correlation-stream-cores1,pcm_imc,wpq_full_cycles,SKT0CHAN5,48,666419236.0,cycles
correlation-stream-cores1,pcm_imc,wpq_full_cycles,SKT0CHAN5,49,666394567.0,cycles
correlation-stream-cores1,pcm_imc,wpq_full_cycles,SKT0CHAN5,50,666390475.0,cycles
correlation-stream-cores1,pcm_imc,wpq_full_cycles,SKT0CHAN5,51,667064175.0,cycles
correlation-stream-cores1,pcm_imc,wpq_full_cycles,SKT0CHAN5,52,666353512.0,cycles
correlation-stream-cores1,pcm_imc,wpq_full_cycles,SKT0CHAN5,53,666354689.0,cycles
correlation-stream-cores1,pcm_imc,wpq_full_cycles,SKT0CHAN5,54,667056682.0,cycles
correlation-stream-cores1,pcm_imc,wpq_full_cycles,SKT0CHAN5,55,666378767.0,cycles
correlation-stream-cores1,pcm_imc,wpq_full_cycles,SKT0CHAN5,56,666412341.0,cycles
correlation-stream-cores1,pcm_imc,wpq_full_cycles,SKT0CHAN5,57,666420654.0,cycles
correlation-stream-cores1,pcm_imc,wpq_full_cycles,SKT0CHAN5,58,666431125.0,cycles
correlation-stream-cores1,pcm_imc,wpq_full_cycles,SKT0CHAN5,59,667086634.0,cycles
correlation-stream-cores1,pcm_imc,wpq_full_cycles,SKT0CHAN6,0,667059276.0,cycles
correlation-stream-cores1,pcm_imc,wpq_full_cycles,SKT0CHAN6,1,666461788.0,cycles
correlation-stream-cores1,pcm_imc,wpq_full_cycles,SKT0CHAN6,2,667063416.0,cycles
correlation-stream-cores1,pcm_imc,wpq_full_cycles,SKT0CHAN6,3,666426250.0,cycles
correlation-stream-cores1,pcm_imc,wpq_full_cycles,SKT0CHAN6,4,666414876.0,cycles
correlation-stream-cores1,pcm_imc,wpq_full_cycles,SKT0CHAN6,5,666431871.0,cycles
correlation-stream-cores1,pcm_imc,wpq_full_cycles,SKT0CHAN6,6,666413306.0,cycles
correlation-stream-cores1,pcm_imc,wpq_full_cycles,SKT0CHAN6,7,667100168.0,cycles
correlation-stream-cores1,pcm_imc,wpq_full_cycles,SKT0CHAN6,8,666365496.0,cycles
correlation-stream-cores1,pcm_imc,wpq_full_cycles,SKT0CHAN6,9,666411610.0,cycles
correlation-stream-cores1,pcm_imc,wpq_full_cycles,SKT0CHAN6,10,666429809.0,cycles
correlation-stream-cores1,pcm_imc,wpq_full_cycles,SKT0CHAN6,11,667092995.0,cycles
correlation-stream-cores1,pcm_imc,wpq_full_cycles,SKT0CHAN6,12,666396464.0,cycles
correlation-stream-cores1,pcm_imc,wpq_full_cycles,SKT0CHAN6,13,666405402.0,cycles
correlation-stream-cores1,pcm_imc,wpq_full_cycles,SKT0CHAN6,14,666366028.0,cycles
correlation-stream-cores1,pcm_imc,wpq_full_cycles,SKT0CHAN6,15,667037762.0,cycles
correlation-stream-cores1,pcm_imc,wpq_full_cycles,SKT0CHAN6,16,666408069.0,cycles
correlation-stream-cores1,pcm_imc,wpq_full_cycles,SKT0CHAN6,17,666446701.0,cycles
correlation-stream-cores1,pcm_imc,wpq_full_cycles,SKT0CHAN6,18,666438590.0,cycles
correlation-stream-cores1,pcm_imc,wpq_full_cycles,SKT0CHAN6,19,666364874.0,cycles
correlation-stream-cores1,pcm_imc,wpq_full_cycles,SKT0CHAN6,20,667047209.0,cycles
correlation-stream-cores1,pcm_imc,wpq_full_cycles,SKT0CHAN6,21,666419818.0,cycles
correlation-stream-cores1,pcm_imc,wpq_full_cycles,SKT0CHAN6,22,666397931.0,cycles
correlation-stream-cores1,pcm_imc,wpq_full_cycles,SKT0CHAN6,23,666415210.0,cycles
correlation-stream-cores1,pcm_imc,wpq_full_cycles,SKT0CHAN6,24,667083535.0,cycles
correlation-stream-cores1,pcm_imc,wpq_full_cycles,SKT0CHAN6,25,666426227.0,cycles
correlation-stream-cores1,pcm_imc,wpq_full_cycles,SKT0CHAN6,26,666356910.0,cycles
correlation-stream-cores1,pcm_imc,wpq_full_cycles,SKT0CHAN6,27,666408039.0,cycles
correlation-stream-cores1,pcm_imc,wpq_full_cycles,SKT0CHAN6,28,667074633.0,cycles
correlation-stream-cores1,pcm_imc,wpq_full_cycles,SKT0CHAN6,29,666418395.0,cycles
correlation-stream-cores1,pcm_imc,wpq_full_cycles,SKT0CHAN6,30,666392009.0,cycles
correlation-stream-cores1,pcm_imc,wpq_full_cycles,SKT0CHAN6,31,666435148.0,cycles
correlation-stream-cores1,pcm_imc,wpq_full_cycles,SKT0CHAN6,32,666416655.0,cycles
correlation-stream-cores1,pcm_imc,wpq_full_cycles,SKT0CHAN6,33,667083750.0,cycles
correlation-stream-cores1,pcm_imc,wpq_full_cycles,SKT0CHAN6,34,666427910.0,cycles
correlation-stream-cores1,pcm_imc,wpq_full_cycles,SKT0CHAN6,35,666425034.0,cycles
correlation-stream-cores1,pcm_imc,wpq_full_cycles,SKT0CHAN6,36,666413380.0,cycles
correlation-stream-cores1,pcm_imc,wpq_full_cycles,SKT0CHAN6,37,667029881.0,cycles
correlation-stream-cores1,pcm_imc,wpq_full_cycles,SKT0CHAN6,38,666380937.0,cycles
correlation-stream-cores1,pcm_imc,wpq_full_cycles,SKT0CHAN6,39,666387706.0,cycles
correlation-stream-cores1,pcm_imc,wpq_full_cycles,SKT0CHAN6,40,666410235.0,cycles
correlation-stream-cores1,pcm_imc,wpq_full_cycles,SKT0CHAN6,41,667087937.0,cycles
correlation-stream-cores1,pcm_imc,wpq_full_cycles,SKT0CHAN6,42,666432719.0,cycles
correlation-stream-cores1,pcm_imc,wpq_full_cycles,SKT0CHAN6,43,666428077.0,cycles
correlation-stream-cores1,pcm_imc,wpq_full_cycles,SKT0CHAN6,44,666429976.0,cycles
correlation-stream-cores1,pcm_imc,wpq_full_cycles,SKT0CHAN6,45,666429649.0,cycles
correlation-stream-cores1,pcm_imc,wpq_full_cycles,SKT0CHAN6,46,667080214.0,cycles
correlation-stream-cores1,pcm_imc,wpq_full_cycles,SKT0CHAN6,47,666427272.0,cycles
correlation-stream-cores1,pcm_imc,wpq_full_cycles,SKT0CHAN6,48,666419218.0,cycles
correlation-stream-cores1,pcm_imc,wpq_full_cycles,SKT0CHAN6,49,666394594.0,cycles
correlation-stream-cores1,pcm_imc,wpq_full_cycles,SKT0CHAN6,50,666390569.0,cycles
correlation-stream-cores1,pcm_imc,wpq_full_cycles,SKT0CHAN6,51,667064144.0,cycles
correlation-stream-cores1,pcm_imc,wpq_full_cycles,SKT0CHAN6,52,666353509.0,cycles
correlation-stream-cores1,pcm_imc,wpq_full_cycles,SKT0CHAN6,53,666354649.0,cycles
correlation-stream-cores1,pcm_imc,wpq_full_cycles,SKT0CHAN6,54,667056745.0,cycles
correlation-stream-cores1,pcm_imc,wpq_full_cycles,SKT0CHAN6,55,666378785.0,cycles
correlation-stream-cores1,pcm_imc,wpq_full_cycles,SKT0CHAN6,56,666412385.0,cycles
correlation-stream-cores1,pcm_imc,wpq_full_cycles,SKT0CHAN6,57,666420608.0,cycles
correlation-stream-cores1,pcm_imc,wpq_full_cycles,SKT0CHAN6,58,666431184.0,cycles
correlation-stream-cores1,pcm_imc,wpq_full_cycles,SKT0CHAN6,59,667086505.0,cycles
correlation-stream-cores1,pcm_imc,wpq_full_cycles,SKT0CHAN7,0,667059226.0,cycles
correlation-stream-cores1,pcm_imc,wpq_full_cycles,SKT0CHAN7,1,666461114.0,cycles
correlation-stream-cores1,pcm_imc,wpq_full_cycles,SKT0CHAN7,2,667062701.0,cycles
correlation-stream-cores1,pcm_imc,wpq_full_cycles,SKT0CHAN7,3,666425078.0,cycles
correlation-stream-cores1,pcm_imc,wpq_full_cycles,SKT0CHAN7,4,666414845.0,cycles
correlation-stream-cores1,pcm_imc,wpq_full_cycles,SKT0CHAN7,5,666431920.0,cycles
correlation-stream-cores1,pcm_imc,wpq_full_cycles,SKT0CHAN7,6,666413365.0,cycles
correlation-stream-cores1,pcm_imc,wpq_full_cycles,SKT0CHAN7,7,667100108.0,cycles
correlation-stream-cores1,pcm_imc,wpq_full_cycles,SKT0CHAN7,8,666365473.0,cycles
correlation-stream-cores1,pcm_imc,wpq_full_cycles,SKT0CHAN7,9,666411590.0,cycles
correlation-stream-cores1,pcm_imc,wpq_full_cycles,SKT0CHAN7,10,666429822.0,cycles
correlation-stream-cores1,pcm_imc,wpq_full_cycles,SKT0CHAN7,11,667092885.0,cycles
correlation-stream-cores1,pcm_imc,wpq_full_cycles,SKT0CHAN7,12,666396443.0,cycles
correlation-stream-cores1,pcm_imc,wpq_full_cycles,SKT0CHAN7,13,666405465.0,cycles
correlation-stream-cores1,pcm_imc,wpq_full_cycles,SKT0CHAN7,14,666365996.0,cycles
correlation-stream-cores1,pcm_imc,wpq_full_cycles,SKT0CHAN7,15,667037722.0,cycles
correlation-stream-cores1,pcm_imc,wpq_full_cycles,SKT0CHAN7,16,666408139.0,cycles
correlation-stream-cores1,pcm_imc,wpq_full_cycles,SKT0CHAN7,17,666447415.0,cycles
correlation-stream-cores1,pcm_imc,wpq_full_cycles,SKT0CHAN7,18,666438572.0,cycles
correlation-stream-cores1,pcm_imc,wpq_full_cycles,SKT0CHAN7,19,666365004.0,cycles
correlation-stream-cores1,pcm_imc,wpq_full_cycles,SKT0CHAN7,20,667047145.0,cycles
correlation-stream-cores1,pcm_imc,wpq_full_cycles,SKT0CHAN7,21,666419012.0,cycles
correlation-stream-cores1,pcm_imc,wpq_full_cycles,SKT0CHAN7,22,666398067.0,cycles
correlation-stream-cores1,pcm_imc,wpq_full_cycles,SKT0CHAN7,23,666415201.0,cycles
correlation-stream-cores1,pcm_imc,wpq_full_cycles,SKT0CHAN7,24,667083565.0,cycles
correlation-stream-cores1,pcm_imc,wpq_full_cycles,SKT0CHAN7,25,666425375.0,cycles
correlation-stream-cores1,pcm_imc,wpq_full_cycles,SKT0CHAN7,26,666356880.0,cycles
correlation-stream-cores1,pcm_imc,wpq_full_cycles,SKT0CHAN7,27,666408105.0,cycles
correlation-stream-cores1,pcm_imc,wpq_full_cycles,SKT0CHAN7,28,667074540.0,cycles
correlation-stream-cores1,pcm_imc,wpq_full_cycles,SKT0CHAN7,29,666418348.0,cycles
correlation-stream-cores1,pcm_imc,wpq_full_cycles,SKT0CHAN7,30,666391975.0,cycles
correlation-stream-cores1,pcm_imc,wpq_full_cycles,SKT0CHAN7,31,666435217.0,cycles
correlation-stream-cores1,pcm_imc,wpq_full_cycles,SKT0CHAN7,32,666416670.0,cycles
correlation-stream-cores1,pcm_imc,wpq_full_cycles,SKT0CHAN7,33,667083627.0,cycles
correlation-stream-cores1,pcm_imc,wpq_full_cycles,SKT0CHAN7,34,666427883.0,cycles
correlation-stream-cores1,pcm_imc,wpq_full_cycles,SKT0CHAN7,35,666425014.0,cycles
correlation-stream-cores1,pcm_imc,wpq_full_cycles,SKT0CHAN7,36,666413374.0,cycles
correlation-stream-cores1,pcm_imc,wpq_full_cycles,SKT0CHAN7,37,667029886.0,cycles
correlation-stream-cores1,pcm_imc,wpq_full_cycles,SKT0CHAN7,38,666380890.0,cycles
correlation-stream-cores1,pcm_imc,wpq_full_cycles,SKT0CHAN7,39,666387718.0,cycles
correlation-stream-cores1,pcm_imc,wpq_full_cycles,SKT0CHAN7,40,666411091.0,cycles
correlation-stream-cores1,pcm_imc,wpq_full_cycles,SKT0CHAN7,41,667087940.0,cycles
correlation-stream-cores1,pcm_imc,wpq_full_cycles,SKT0CHAN7,42,666432736.0,cycles
correlation-stream-cores1,pcm_imc,wpq_full_cycles,SKT0CHAN7,43,666428947.0,cycles
correlation-stream-cores1,pcm_imc,wpq_full_cycles,SKT0CHAN7,44,666429935.0,cycles
correlation-stream-cores1,pcm_imc,wpq_full_cycles,SKT0CHAN7,45,666429563.0,cycles
correlation-stream-cores1,pcm_imc,wpq_full_cycles,SKT0CHAN7,46,667080144.0,cycles
correlation-stream-cores1,pcm_imc,wpq_full_cycles,SKT0CHAN7,47,666427230.0,cycles
correlation-stream-cores1,pcm_imc,wpq_full_cycles,SKT0CHAN7,48,666419240.0,cycles
correlation-stream-cores1,pcm_imc,wpq_full_cycles,SKT0CHAN7,49,666394755.0,cycles
correlation-stream-cores1,pcm_imc,wpq_full_cycles,SKT0CHAN7,50,666390604.0,cycles
correlation-stream-cores1,pcm_imc,wpq_full_cycles,SKT0CHAN7,51,667064056.0,cycles
correlation-stream-cores1,pcm_imc,wpq_full_cycles,SKT0CHAN7,52,666353556.0,cycles
correlation-stream-cores1,pcm_imc,wpq_full_cycles,SKT0CHAN7,53,666354536.0,cycles
correlation-stream-cores1,pcm_imc,wpq_full_cycles,SKT0CHAN7,54,667056786.0,cycles
correlation-stream-cores1,pcm_imc,wpq_full_cycles,SKT0CHAN7,55,666378734.0,cycles
correlation-stream-cores1,pcm_imc,wpq_full_cycles,SKT0CHAN7,56,666412340.0,cycles
correlation-stream-cores1,pcm_imc,wpq_full_cycles,SKT0CHAN7,57,666420595.0,cycles
correlation-stream-cores1,pcm_imc,wpq_full_cycles,SKT0CHAN7,58,666431255.0,cycles
correlation-stream-cores1,pcm_imc,wpq_full_cycles,SKT0CHAN7,59,667087166.0,cycles
correlation-stream-cores1,pcm_imc,acts_byp,SKT0CHAN0,0,170950.0,events
correlation-stream-cores1,pcm_imc,acts_byp,SKT0CHAN0,1,178696.0,events
correlation-stream-cores1,pcm_imc,acts_byp,SKT0CHAN0,2,177133.0,events
correlation-stream-cores1,pcm_imc,acts_byp,SKT0CHAN0,3,180304.0,events
correlation-stream-cores1,pcm_imc,acts_byp,SKT0CHAN0,4,177197.0,events
correlation-stream-cores1,pcm_imc,acts_byp,SKT0CHAN0,5,182140.0,events
correlation-stream-cores1,pcm_imc,acts_byp,SKT0CHAN0,6,188908.0,events
correlation-stream-cores1,pcm_imc,acts_byp,SKT0CHAN0,7,180536.0,events
correlation-stream-cores1,pcm_imc,acts_byp,SKT0CHAN0,8,182034.0,events
correlation-stream-cores1,pcm_imc,acts_byp,SKT0CHAN0,9,182772.0,events
correlation-stream-cores1,pcm_imc,acts_byp,SKT0CHAN0,10,181496.0,events
correlation-stream-cores1,pcm_imc,acts_byp,SKT0CHAN0,11,178452.0,events
correlation-stream-cores1,pcm_imc,acts_byp,SKT0CHAN0,12,183642.0,events
correlation-stream-cores1,pcm_imc,acts_byp,SKT0CHAN0,13,184108.0,events
correlation-stream-cores1,pcm_imc,acts_byp,SKT0CHAN0,14,177076.0,events
correlation-stream-cores1,pcm_imc,acts_byp,SKT0CHAN0,15,183827.0,events
correlation-stream-cores1,pcm_imc,acts_byp,SKT0CHAN0,16,180876.0,events
correlation-stream-cores1,pcm_imc,acts_byp,SKT0CHAN0,17,180909.0,events
correlation-stream-cores1,pcm_imc,acts_byp,SKT0CHAN0,18,174024.0,events
correlation-stream-cores1,pcm_imc,acts_byp,SKT0CHAN0,19,181964.0,events
correlation-stream-cores1,pcm_imc,acts_byp,SKT0CHAN0,20,177078.0,events
correlation-stream-cores1,pcm_imc,acts_byp,SKT0CHAN0,21,171654.0,events
correlation-stream-cores1,pcm_imc,acts_byp,SKT0CHAN0,22,180801.0,events
correlation-stream-cores1,pcm_imc,acts_byp,SKT0CHAN0,23,183679.0,events
correlation-stream-cores1,pcm_imc,acts_byp,SKT0CHAN0,24,178378.0,events
correlation-stream-cores1,pcm_imc,acts_byp,SKT0CHAN0,25,184619.0,events
correlation-stream-cores1,pcm_imc,acts_byp,SKT0CHAN0,26,181643.0,events
correlation-stream-cores1,pcm_imc,acts_byp,SKT0CHAN0,27,183195.0,events
correlation-stream-cores1,pcm_imc,acts_byp,SKT0CHAN0,28,182343.0,events
correlation-stream-cores1,pcm_imc,acts_byp,SKT0CHAN0,29,182903.0,events
correlation-stream-cores1,pcm_imc,acts_byp,SKT0CHAN0,30,182954.0,events
correlation-stream-cores1,pcm_imc,acts_byp,SKT0CHAN0,31,187727.0,events
correlation-stream-cores1,pcm_imc,acts_byp,SKT0CHAN0,32,182183.0,events
correlation-stream-cores1,pcm_imc,acts_byp,SKT0CHAN0,33,185866.0,events
correlation-stream-cores1,pcm_imc,acts_byp,SKT0CHAN0,34,184508.0,events
correlation-stream-cores1,pcm_imc,acts_byp,SKT0CHAN0,35,182345.0,events
correlation-stream-cores1,pcm_imc,acts_byp,SKT0CHAN0,36,188453.0,events
correlation-stream-cores1,pcm_imc,acts_byp,SKT0CHAN0,37,187776.0,events
correlation-stream-cores1,pcm_imc,acts_byp,SKT0CHAN0,38,182684.0,events
correlation-stream-cores1,pcm_imc,acts_byp,SKT0CHAN0,39,175053.0,events
correlation-stream-cores1,pcm_imc,acts_byp,SKT0CHAN0,40,177789.0,events
correlation-stream-cores1,pcm_imc,acts_byp,SKT0CHAN0,41,178370.0,events
correlation-stream-cores1,pcm_imc,acts_byp,SKT0CHAN0,42,180145.0,events
correlation-stream-cores1,pcm_imc,acts_byp,SKT0CHAN0,43,186374.0,events
correlation-stream-cores1,pcm_imc,acts_byp,SKT0CHAN0,44,184244.0,events
correlation-stream-cores1,pcm_imc,acts_byp,SKT0CHAN0,45,174704.0,events
correlation-stream-cores1,pcm_imc,acts_byp,SKT0CHAN0,46,191598.0,events
correlation-stream-cores1,pcm_imc,acts_byp,SKT0CHAN0,47,180200.0,events
correlation-stream-cores1,pcm_imc,acts_byp,SKT0CHAN0,48,176853.0,events
correlation-stream-cores1,pcm_imc,acts_byp,SKT0CHAN0,49,180055.0,events
correlation-stream-cores1,pcm_imc,acts_byp,SKT0CHAN0,50,179421.0,events
correlation-stream-cores1,pcm_imc,acts_byp,SKT0CHAN0,51,174561.0,events
correlation-stream-cores1,pcm_imc,acts_byp,SKT0CHAN0,52,180770.0,events
correlation-stream-cores1,pcm_imc,acts_byp,SKT0CHAN0,53,185835.0,events
correlation-stream-cores1,pcm_imc,acts_byp,SKT0CHAN0,54,185614.0,events
correlation-stream-cores1,pcm_imc,acts_byp,SKT0CHAN0,55,192900.0,events
correlation-stream-cores1,pcm_imc,acts_byp,SKT0CHAN0,56,186704.0,events
correlation-stream-cores1,pcm_imc,acts_byp,SKT0CHAN0,57,182367.0,events
correlation-stream-cores1,pcm_imc,acts_byp,SKT0CHAN0,58,181777.0,events
correlation-stream-cores1,pcm_imc,acts_byp,SKT0CHAN0,59,183440.0,events
correlation-stream-cores1,pcm_imc,acts_byp,SKT0CHAN1,0,182119.0,events
correlation-stream-cores1,pcm_imc,acts_byp,SKT0CHAN1,1,186926.0,events
correlation-stream-cores1,pcm_imc,acts_byp,SKT0CHAN1,2,180580.0,events
correlation-stream-cores1,pcm_imc,acts_byp,SKT0CHAN1,3,191174.0,events
correlation-stream-cores1,pcm_imc,acts_byp,SKT0CHAN1,4,187723.0,events
correlation-stream-cores1,pcm_imc,acts_byp,SKT0CHAN1,5,187874.0,events
correlation-stream-cores1,pcm_imc,acts_byp,SKT0CHAN1,6,187577.0,events
correlation-stream-cores1,pcm_imc,acts_byp,SKT0CHAN1,7,189824.0,events
correlation-stream-cores1,pcm_imc,acts_byp,SKT0CHAN1,8,185961.0,events
correlation-stream-cores1,pcm_imc,acts_byp,SKT0CHAN1,9,188507.0,events
correlation-stream-cores1,pcm_imc,acts_byp,SKT0CHAN1,10,183139.0,events
correlation-stream-cores1,pcm_imc,acts_byp,SKT0CHAN1,11,185700.0,events
correlation-stream-cores1,pcm_imc,acts_byp,SKT0CHAN1,12,187136.0,events
correlation-stream-cores1,pcm_imc,acts_byp,SKT0CHAN1,13,182246.0,events
correlation-stream-cores1,pcm_imc,acts_byp,SKT0CHAN1,14,183784.0,events
correlation-stream-cores1,pcm_imc,acts_byp,SKT0CHAN1,15,181490.0,events
correlation-stream-cores1,pcm_imc,acts_byp,SKT0CHAN1,16,184944.0,events
correlation-stream-cores1,pcm_imc,acts_byp,SKT0CHAN1,17,191168.0,events
correlation-stream-cores1,pcm_imc,acts_byp,SKT0CHAN1,18,181148.0,events
correlation-stream-cores1,pcm_imc,acts_byp,SKT0CHAN1,19,185510.0,events
correlation-stream-cores1,pcm_imc,acts_byp,SKT0CHAN1,20,175979.0,events
correlation-stream-cores1,pcm_imc,acts_byp,SKT0CHAN1,21,184179.0,events
correlation-stream-cores1,pcm_imc,acts_byp,SKT0CHAN1,22,187506.0,events
correlation-stream-cores1,pcm_imc,acts_byp,SKT0CHAN1,23,185929.0,events
correlation-stream-cores1,pcm_imc,acts_byp,SKT0CHAN1,24,189558.0,events
correlation-stream-cores1,pcm_imc,acts_byp,SKT0CHAN1,25,182077.0,events
correlation-stream-cores1,pcm_imc,acts_byp,SKT0CHAN1,26,187136.0,events
correlation-stream-cores1,pcm_imc,acts_byp,SKT0CHAN1,27,190427.0,events
correlation-stream-cores1,pcm_imc,acts_byp,SKT0CHAN1,28,182444.0,events
correlation-stream-cores1,pcm_imc,acts_byp,SKT0CHAN1,29,192033.0,events
correlation-stream-cores1,pcm_imc,acts_byp,SKT0CHAN1,30,189963.0,events
correlation-stream-cores1,pcm_imc,acts_byp,SKT0CHAN1,31,186453.0,events
correlation-stream-cores1,pcm_imc,acts_byp,SKT0CHAN1,32,185370.0,events
correlation-stream-cores1,pcm_imc,acts_byp,SKT0CHAN1,33,187110.0,events
correlation-stream-cores1,pcm_imc,acts_byp,SKT0CHAN1,34,183474.0,events
correlation-stream-cores1,pcm_imc,acts_byp,SKT0CHAN1,35,191528.0,events
correlation-stream-cores1,pcm_imc,acts_byp,SKT0CHAN1,36,190495.0,events
correlation-stream-cores1,pcm_imc,acts_byp,SKT0CHAN1,37,189527.0,events
correlation-stream-cores1,pcm_imc,acts_byp,SKT0CHAN1,38,191452.0,events
correlation-stream-cores1,pcm_imc,acts_byp,SKT0CHAN1,39,186642.0,events
correlation-stream-cores1,pcm_imc,acts_byp,SKT0CHAN1,40,187516.0,events
correlation-stream-cores1,pcm_imc,acts_byp,SKT0CHAN1,41,190685.0,events
correlation-stream-cores1,pcm_imc,acts_byp,SKT0CHAN1,42,185852.0,events
correlation-stream-cores1,pcm_imc,acts_byp,SKT0CHAN1,43,193298.0,events
correlation-stream-cores1,pcm_imc,acts_byp,SKT0CHAN1,44,186181.0,events
correlation-stream-cores1,pcm_imc,acts_byp,SKT0CHAN1,45,184918.0,events
correlation-stream-cores1,pcm_imc,acts_byp,SKT0CHAN1,46,188951.0,events
correlation-stream-cores1,pcm_imc,acts_byp,SKT0CHAN1,47,182270.0,events
correlation-stream-cores1,pcm_imc,acts_byp,SKT0CHAN1,48,190523.0,events
correlation-stream-cores1,pcm_imc,acts_byp,SKT0CHAN1,49,192897.0,events
correlation-stream-cores1,pcm_imc,acts_byp,SKT0CHAN1,50,185258.0,events
correlation-stream-cores1,pcm_imc,acts_byp,SKT0CHAN1,51,181745.0,events
correlation-stream-cores1,pcm_imc,acts_byp,SKT0CHAN1,52,183973.0,events
correlation-stream-cores1,pcm_imc,acts_byp,SKT0CHAN1,53,192602.0,events
correlation-stream-cores1,pcm_imc,acts_byp,SKT0CHAN1,54,195406.0,events
correlation-stream-cores1,pcm_imc,acts_byp,SKT0CHAN1,55,195477.0,events
correlation-stream-cores1,pcm_imc,acts_byp,SKT0CHAN1,56,182320.0,events
correlation-stream-cores1,pcm_imc,acts_byp,SKT0CHAN1,57,191787.0,events
correlation-stream-cores1,pcm_imc,acts_byp,SKT0CHAN1,58,191651.0,events
correlation-stream-cores1,pcm_imc,acts_byp,SKT0CHAN1,59,191835.0,events
correlation-stream-cores1,pcm_imc,acts_byp,SKT0CHAN2,0,190321.0,events
correlation-stream-cores1,pcm_imc,acts_byp,SKT0CHAN2,1,201665.0,events
correlation-stream-cores1,pcm_imc,acts_byp,SKT0CHAN2,2,191712.0,events
correlation-stream-cores1,pcm_imc,acts_byp,SKT0CHAN2,3,193688.0,events
correlation-stream-cores1,pcm_imc,acts_byp,SKT0CHAN2,4,191775.0,events
correlation-stream-cores1,pcm_imc,acts_byp,SKT0CHAN2,5,200909.0,events
correlation-stream-cores1,pcm_imc,acts_byp,SKT0CHAN2,6,198559.0,events
correlation-stream-cores1,pcm_imc,acts_byp,SKT0CHAN2,7,199541.0,events
correlation-stream-cores1,pcm_imc,acts_byp,SKT0CHAN2,8,190770.0,events
correlation-stream-cores1,pcm_imc,acts_byp,SKT0CHAN2,9,194847.0,events
correlation-stream-cores1,pcm_imc,acts_byp,SKT0CHAN2,10,191951.0,events
correlation-stream-cores1,pcm_imc,acts_byp,SKT0CHAN2,11,204543.0,events
correlation-stream-cores1,pcm_imc,acts_byp,SKT0CHAN2,12,199660.0,events
correlation-stream-cores1,pcm_imc,acts_byp,SKT0CHAN2,13,193325.0,events
correlation-stream-cores1,pcm_imc,acts_byp,SKT0CHAN2,14,185330.0,events
correlation-stream-cores1,pcm_imc,acts_byp,SKT0CHAN2,15,191057.0,events
correlation-stream-cores1,pcm_imc,acts_byp,SKT0CHAN2,16,201377.0,events
correlation-stream-cores1,pcm_imc,acts_byp,SKT0CHAN2,17,193464.0,events
correlation-stream-cores1,pcm_imc,acts_byp,SKT0CHAN2,18,192078.0,events
correlation-stream-cores1,pcm_imc,acts_byp,SKT0CHAN2,19,194784.0,events
correlation-stream-cores1,pcm_imc,acts_byp,SKT0CHAN2,20,189079.0,events
correlation-stream-cores1,pcm_imc,acts_byp,SKT0CHAN2,21,189809.0,events
correlation-stream-cores1,pcm_imc,acts_byp,SKT0CHAN2,22,189599.0,events
correlation-stream-cores1,pcm_imc,acts_byp,SKT0CHAN2,23,191184.0,events
correlation-stream-cores1,pcm_imc,acts_byp,SKT0CHAN2,24,192949.0,events
correlation-stream-cores1,pcm_imc,acts_byp,SKT0CHAN2,25,191622.0,events
correlation-stream-cores1,pcm_imc,acts_byp,SKT0CHAN2,26,186171.0,events
correlation-stream-cores1,pcm_imc,acts_byp,SKT0CHAN2,27,201823.0,events
correlation-stream-cores1,pcm_imc,acts_byp,SKT0CHAN2,28,199059.0,events
correlation-stream-cores1,pcm_imc,acts_byp,SKT0CHAN2,29,197634.0,events
correlation-stream-cores1,pcm_imc,acts_byp,SKT0CHAN2,30,195582.0,events
correlation-stream-cores1,pcm_imc,acts_byp,SKT0CHAN2,31,195559.0,events
correlation-stream-cores1,pcm_imc,acts_byp,SKT0CHAN2,32,189979.0,events
correlation-stream-cores1,pcm_imc,acts_byp,SKT0CHAN2,33,187871.0,events
correlation-stream-cores1,pcm_imc,acts_byp,SKT0CHAN2,34,199065.0,events
correlation-stream-cores1,pcm_imc,acts_byp,SKT0CHAN2,35,192435.0,events
correlation-stream-cores1,pcm_imc,acts_byp,SKT0CHAN2,36,191827.0,events
correlation-stream-cores1,pcm_imc,acts_byp,SKT0CHAN2,37,198700.0,events
correlation-stream-cores1,pcm_imc,acts_byp,SKT0CHAN2,38,200303.0,events
correlation-stream-cores1,pcm_imc,acts_byp,SKT0CHAN2,39,195948.0,events
correlation-stream-cores1,pcm_imc,acts_byp,SKT0CHAN2,40,193944.0,events
correlation-stream-cores1,pcm_imc,acts_byp,SKT0CHAN2,41,196101.0,events
correlation-stream-cores1,pcm_imc,acts_byp,SKT0CHAN2,42,192247.0,events
correlation-stream-cores1,pcm_imc,acts_byp,SKT0CHAN2,43,197653.0,events
correlation-stream-cores1,pcm_imc,acts_byp,SKT0CHAN2,44,196371.0,events
correlation-stream-cores1,pcm_imc,acts_byp,SKT0CHAN2,45,194495.0,events
correlation-stream-cores1,pcm_imc,acts_byp,SKT0CHAN2,46,195287.0,events
correlation-stream-cores1,pcm_imc,acts_byp,SKT0CHAN2,47,192154.0,events
correlation-stream-cores1,pcm_imc,acts_byp,SKT0CHAN2,48,196896.0,events
correlation-stream-cores1,pcm_imc,acts_byp,SKT0CHAN2,49,203453.0,events
correlation-stream-cores1,pcm_imc,acts_byp,SKT0CHAN2,50,189875.0,events
correlation-stream-cores1,pcm_imc,acts_byp,SKT0CHAN2,51,191183.0,events
correlation-stream-cores1,pcm_imc,acts_byp,SKT0CHAN2,52,183923.0,events
correlation-stream-cores1,pcm_imc,acts_byp,SKT0CHAN2,53,192112.0,events
correlation-stream-cores1,pcm_imc,acts_byp,SKT0CHAN2,54,203238.0,events
correlation-stream-cores1,pcm_imc,acts_byp,SKT0CHAN2,55,198402.0,events
correlation-stream-cores1,pcm_imc,acts_byp,SKT0CHAN2,56,196640.0,events
correlation-stream-cores1,pcm_imc,acts_byp,SKT0CHAN2,57,197706.0,events
correlation-stream-cores1,pcm_imc,acts_byp,SKT0CHAN2,58,195691.0,events
correlation-stream-cores1,pcm_imc,acts_byp,SKT0CHAN2,59,196270.0,events
correlation-stream-cores1,pcm_imc,acts_byp,SKT0CHAN3,0,184878.0,events
correlation-stream-cores1,pcm_imc,acts_byp,SKT0CHAN3,1,193541.0,events
correlation-stream-cores1,pcm_imc,acts_byp,SKT0CHAN3,2,184680.0,events
correlation-stream-cores1,pcm_imc,acts_byp,SKT0CHAN3,3,197493.0,events
correlation-stream-cores1,pcm_imc,acts_byp,SKT0CHAN3,4,185847.0,events
correlation-stream-cores1,pcm_imc,acts_byp,SKT0CHAN3,5,195811.0,events
correlation-stream-cores1,pcm_imc,acts_byp,SKT0CHAN3,6,196224.0,events
correlation-stream-cores1,pcm_imc,acts_byp,SKT0CHAN3,7,196162.0,events
correlation-stream-cores1,pcm_imc,acts_byp,SKT0CHAN3,8,185261.0,events
correlation-stream-cores1,pcm_imc,acts_byp,SKT0CHAN3,9,186597.0,events
correlation-stream-cores1,pcm_imc,acts_byp,SKT0CHAN3,10,188235.0,events
correlation-stream-cores1,pcm_imc,acts_byp,SKT0CHAN3,11,194965.0,events
correlation-stream-cores1,pcm_imc,acts_byp,SKT0CHAN3,12,186738.0,events
correlation-stream-cores1,pcm_imc,acts_byp,SKT0CHAN3,13,188150.0,events
correlation-stream-cores1,pcm_imc,acts_byp,SKT0CHAN3,14,181027.0,events
correlation-stream-cores1,pcm_imc,acts_byp,SKT0CHAN3,15,185023.0,events
correlation-stream-cores1,pcm_imc,acts_byp,SKT0CHAN3,16,185578.0,events
correlation-stream-cores1,pcm_imc,acts_byp,SKT0CHAN3,17,192156.0,events
correlation-stream-cores1,pcm_imc,acts_byp,SKT0CHAN3,18,191057.0,events
correlation-stream-cores1,pcm_imc,acts_byp,SKT0CHAN3,19,186762.0,events
correlation-stream-cores1,pcm_imc,acts_byp,SKT0CHAN3,20,187906.0,events
correlation-stream-cores1,pcm_imc,acts_byp,SKT0CHAN3,21,186377.0,events
correlation-stream-cores1,pcm_imc,acts_byp,SKT0CHAN3,22,192078.0,events
correlation-stream-cores1,pcm_imc,acts_byp,SKT0CHAN3,23,186797.0,events
correlation-stream-cores1,pcm_imc,acts_byp,SKT0CHAN3,24,190311.0,events
correlation-stream-cores1,pcm_imc,acts_byp,SKT0CHAN3,25,184964.0,events
correlation-stream-cores1,pcm_imc,acts_byp,SKT0CHAN3,26,181054.0,events
correlation-stream-cores1,pcm_imc,acts_byp,SKT0CHAN3,27,190433.0,events
correlation-stream-cores1,pcm_imc,acts_byp,SKT0CHAN3,28,185386.0,events
correlation-stream-cores1,pcm_imc,acts_byp,SKT0CHAN3,29,188098.0,events
correlation-stream-cores1,pcm_imc,acts_byp,SKT0CHAN3,30,198017.0,events
correlation-stream-cores1,pcm_imc,acts_byp,SKT0CHAN3,31,192481.0,events
correlation-stream-cores1,pcm_imc,acts_byp,SKT0CHAN3,32,181986.0,events
correlation-stream-cores1,pcm_imc,acts_byp,SKT0CHAN3,33,189469.0,events
correlation-stream-cores1,pcm_imc,acts_byp,SKT0CHAN3,34,187812.0,events
correlation-stream-cores1,pcm_imc,acts_byp,SKT0CHAN3,35,190550.0,events
correlation-stream-cores1,pcm_imc,acts_byp,SKT0CHAN3,36,190324.0,events
correlation-stream-cores1,pcm_imc,acts_byp,SKT0CHAN3,37,188033.0,events
correlation-stream-cores1,pcm_imc,acts_byp,SKT0CHAN3,38,191751.0,events
correlation-stream-cores1,pcm_imc,acts_byp,SKT0CHAN3,39,185160.0,events
correlation-stream-cores1,pcm_imc,acts_byp,SKT0CHAN3,40,190906.0,events
correlation-stream-cores1,pcm_imc,acts_byp,SKT0CHAN3,41,195689.0,events
correlation-stream-cores1,pcm_imc,acts_byp,SKT0CHAN3,42,194627.0,events
correlation-stream-cores1,pcm_imc,acts_byp,SKT0CHAN3,43,185866.0,events
correlation-stream-cores1,pcm_imc,acts_byp,SKT0CHAN3,44,192929.0,events
correlation-stream-cores1,pcm_imc,acts_byp,SKT0CHAN3,45,193236.0,events
correlation-stream-cores1,pcm_imc,acts_byp,SKT0CHAN3,46,189871.0,events
correlation-stream-cores1,pcm_imc,acts_byp,SKT0CHAN3,47,185832.0,events
correlation-stream-cores1,pcm_imc,acts_byp,SKT0CHAN3,48,186500.0,events
correlation-stream-cores1,pcm_imc,acts_byp,SKT0CHAN3,49,198026.0,events
correlation-stream-cores1,pcm_imc,acts_byp,SKT0CHAN3,50,188986.0,events
correlation-stream-cores1,pcm_imc,acts_byp,SKT0CHAN3,51,184327.0,events
correlation-stream-cores1,pcm_imc,acts_byp,SKT0CHAN3,52,184271.0,events
correlation-stream-cores1,pcm_imc,acts_byp,SKT0CHAN3,53,192191.0,events
correlation-stream-cores1,pcm_imc,acts_byp,SKT0CHAN3,54,195172.0,events
correlation-stream-cores1,pcm_imc,acts_byp,SKT0CHAN3,55,200022.0,events
correlation-stream-cores1,pcm_imc,acts_byp,SKT0CHAN3,56,196789.0,events
correlation-stream-cores1,pcm_imc,acts_byp,SKT0CHAN3,57,195881.0,events
correlation-stream-cores1,pcm_imc,acts_byp,SKT0CHAN3,58,198132.0,events
correlation-stream-cores1,pcm_imc,acts_byp,SKT0CHAN3,59,188860.0,events
correlation-stream-cores1,pcm_imc,acts_byp,SKT0CHAN4,0,168085.0,events
correlation-stream-cores1,pcm_imc,acts_byp,SKT0CHAN4,1,170205.0,events
correlation-stream-cores1,pcm_imc,acts_byp,SKT0CHAN4,2,169426.0,events
correlation-stream-cores1,pcm_imc,acts_byp,SKT0CHAN4,3,166172.0,events
correlation-stream-cores1,pcm_imc,acts_byp,SKT0CHAN4,4,170723.0,events
correlation-stream-cores1,pcm_imc,acts_byp,SKT0CHAN4,5,177167.0,events
correlation-stream-cores1,pcm_imc,acts_byp,SKT0CHAN4,6,177794.0,events
correlation-stream-cores1,pcm_imc,acts_byp,SKT0CHAN4,7,172913.0,events
correlation-stream-cores1,pcm_imc,acts_byp,SKT0CHAN4,8,171696.0,events
correlation-stream-cores1,pcm_imc,acts_byp,SKT0CHAN4,9,166000.0,events
correlation-stream-cores1,pcm_imc,acts_byp,SKT0CHAN4,10,168045.0,events
correlation-stream-cores1,pcm_imc,acts_byp,SKT0CHAN4,11,174457.0,events
correlation-stream-cores1,pcm_imc,acts_byp,SKT0CHAN4,12,178062.0,events
correlation-stream-cores1,pcm_imc,acts_byp,SKT0CHAN4,13,167682.0,events
correlation-stream-cores1,pcm_imc,acts_byp,SKT0CHAN4,14,163851.0,events
correlation-stream-cores1,pcm_imc,acts_byp,SKT0CHAN4,15,166593.0,events
correlation-stream-cores1,pcm_imc,acts_byp,SKT0CHAN4,16,171067.0,events
correlation-stream-cores1,pcm_imc,acts_byp,SKT0CHAN4,17,165396.0,events
correlation-stream-cores1,pcm_imc,acts_byp,SKT0CHAN4,18,164653.0,events
correlation-stream-cores1,pcm_imc,acts_byp,SKT0CHAN4,19,165531.0,events
correlation-stream-cores1,pcm_imc,acts_byp,SKT0CHAN4,20,154919.0,events
correlation-stream-cores1,pcm_imc,acts_byp,SKT0CHAN4,21,164339.0,events
correlation-stream-cores1,pcm_imc,acts_byp,SKT0CHAN4,22,174271.0,events
correlation-stream-cores1,pcm_imc,acts_byp,SKT0CHAN4,23,162666.0,events
correlation-stream-cores1,pcm_imc,acts_byp,SKT0CHAN4,24,166940.0,events
correlation-stream-cores1,pcm_imc,acts_byp,SKT0CHAN4,25,168813.0,events
correlation-stream-cores1,pcm_imc,acts_byp,SKT0CHAN4,26,166149.0,events
correlation-stream-cores1,pcm_imc,acts_byp,SKT0CHAN4,27,169541.0,events
correlation-stream-cores1,pcm_imc,acts_byp,SKT0CHAN4,28,162684.0,events
correlation-stream-cores1,pcm_imc,acts_byp,SKT0CHAN4,29,175464.0,events
correlation-stream-cores1,pcm_imc,acts_byp,SKT0CHAN4,30,175736.0,events
correlation-stream-cores1,pcm_imc,acts_byp,SKT0CHAN4,31,169557.0,events
correlation-stream-cores1,pcm_imc,acts_byp,SKT0CHAN4,32,162245.0,events
correlation-stream-cores1,pcm_imc,acts_byp,SKT0CHAN4,33,168426.0,events
correlation-stream-cores1,pcm_imc,acts_byp,SKT0CHAN4,34,167503.0,events
correlation-stream-cores1,pcm_imc,acts_byp,SKT0CHAN4,35,172022.0,events
correlation-stream-cores1,pcm_imc,acts_byp,SKT0CHAN4,36,174840.0,events
correlation-stream-cores1,pcm_imc,acts_byp,SKT0CHAN4,37,172085.0,events
correlation-stream-cores1,pcm_imc,acts_byp,SKT0CHAN4,38,176271.0,events
correlation-stream-cores1,pcm_imc,acts_byp,SKT0CHAN4,39,162655.0,events
correlation-stream-cores1,pcm_imc,acts_byp,SKT0CHAN4,40,170059.0,events
correlation-stream-cores1,pcm_imc,acts_byp,SKT0CHAN4,41,170561.0,events
correlation-stream-cores1,pcm_imc,acts_byp,SKT0CHAN4,42,166437.0,events
correlation-stream-cores1,pcm_imc,acts_byp,SKT0CHAN4,43,170621.0,events
correlation-stream-cores1,pcm_imc,acts_byp,SKT0CHAN4,44,162077.0,events
correlation-stream-cores1,pcm_imc,acts_byp,SKT0CHAN4,45,167261.0,events
correlation-stream-cores1,pcm_imc,acts_byp,SKT0CHAN4,46,166014.0,events
correlation-stream-cores1,pcm_imc,acts_byp,SKT0CHAN4,47,173812.0,events
correlation-stream-cores1,pcm_imc,acts_byp,SKT0CHAN4,48,165675.0,events
correlation-stream-cores1,pcm_imc,acts_byp,SKT0CHAN4,49,174792.0,events
correlation-stream-cores1,pcm_imc,acts_byp,SKT0CHAN4,50,163937.0,events
correlation-stream-cores1,pcm_imc,acts_byp,SKT0CHAN4,51,155862.0,events
correlation-stream-cores1,pcm_imc,acts_byp,SKT0CHAN4,52,166684.0,events
correlation-stream-cores1,pcm_imc,acts_byp,SKT0CHAN4,53,170766.0,events
correlation-stream-cores1,pcm_imc,acts_byp,SKT0CHAN4,54,175649.0,events
correlation-stream-cores1,pcm_imc,acts_byp,SKT0CHAN4,55,179177.0,events
correlation-stream-cores1,pcm_imc,acts_byp,SKT0CHAN4,56,173228.0,events
correlation-stream-cores1,pcm_imc,acts_byp,SKT0CHAN4,57,171017.0,events
correlation-stream-cores1,pcm_imc,acts_byp,SKT0CHAN4,58,169926.0,events
correlation-stream-cores1,pcm_imc,acts_byp,SKT0CHAN4,59,166860.0,events
correlation-stream-cores1,pcm_imc,acts_byp,SKT0CHAN5,0,158915.0,events
correlation-stream-cores1,pcm_imc,acts_byp,SKT0CHAN5,1,161236.0,events
correlation-stream-cores1,pcm_imc,acts_byp,SKT0CHAN5,2,157361.0,events
correlation-stream-cores1,pcm_imc,acts_byp,SKT0CHAN5,3,158834.0,events
correlation-stream-cores1,pcm_imc,acts_byp,SKT0CHAN5,4,159071.0,events
correlation-stream-cores1,pcm_imc,acts_byp,SKT0CHAN5,5,162345.0,events
correlation-stream-cores1,pcm_imc,acts_byp,SKT0CHAN5,6,169747.0,events
correlation-stream-cores1,pcm_imc,acts_byp,SKT0CHAN5,7,168823.0,events
correlation-stream-cores1,pcm_imc,acts_byp,SKT0CHAN5,8,162737.0,events
correlation-stream-cores1,pcm_imc,acts_byp,SKT0CHAN5,9,165626.0,events
correlation-stream-cores1,pcm_imc,acts_byp,SKT0CHAN5,10,161603.0,events
correlation-stream-cores1,pcm_imc,acts_byp,SKT0CHAN5,11,169954.0,events
correlation-stream-cores1,pcm_imc,acts_byp,SKT0CHAN5,12,166202.0,events
correlation-stream-cores1,pcm_imc,acts_byp,SKT0CHAN5,13,156968.0,events
correlation-stream-cores1,pcm_imc,acts_byp,SKT0CHAN5,14,159599.0,events
correlation-stream-cores1,pcm_imc,acts_byp,SKT0CHAN5,15,156253.0,events
correlation-stream-cores1,pcm_imc,acts_byp,SKT0CHAN5,16,163516.0,events
correlation-stream-cores1,pcm_imc,acts_byp,SKT0CHAN5,17,165090.0,events
correlation-stream-cores1,pcm_imc,acts_byp,SKT0CHAN5,18,162740.0,events
correlation-stream-cores1,pcm_imc,acts_byp,SKT0CHAN5,19,160953.0,events
correlation-stream-cores1,pcm_imc,acts_byp,SKT0CHAN5,20,153546.0,events
correlation-stream-cores1,pcm_imc,acts_byp,SKT0CHAN5,21,161310.0,events
correlation-stream-cores1,pcm_imc,acts_byp,SKT0CHAN5,22,161663.0,events
correlation-stream-cores1,pcm_imc,acts_byp,SKT0CHAN5,23,155491.0,events
correlation-stream-cores1,pcm_imc,acts_byp,SKT0CHAN5,24,156404.0,events
correlation-stream-cores1,pcm_imc,acts_byp,SKT0CHAN5,25,160024.0,events
correlation-stream-cores1,pcm_imc,acts_byp,SKT0CHAN5,26,150219.0,events
correlation-stream-cores1,pcm_imc,acts_byp,SKT0CHAN5,27,163492.0,events
correlation-stream-cores1,pcm_imc,acts_byp,SKT0CHAN5,28,155390.0,events
correlation-stream-cores1,pcm_imc,acts_byp,SKT0CHAN5,29,162699.0,events
correlation-stream-cores1,pcm_imc,acts_byp,SKT0CHAN5,30,168752.0,events
correlation-stream-cores1,pcm_imc,acts_byp,SKT0CHAN5,31,160804.0,events
correlation-stream-cores1,pcm_imc,acts_byp,SKT0CHAN5,32,152757.0,events
correlation-stream-cores1,pcm_imc,acts_byp,SKT0CHAN5,33,158301.0,events
correlation-stream-cores1,pcm_imc,acts_byp,SKT0CHAN5,34,169435.0,events
correlation-stream-cores1,pcm_imc,acts_byp,SKT0CHAN5,35,162879.0,events
correlation-stream-cores1,pcm_imc,acts_byp,SKT0CHAN5,36,166426.0,events
correlation-stream-cores1,pcm_imc,acts_byp,SKT0CHAN5,37,165460.0,events
correlation-stream-cores1,pcm_imc,acts_byp,SKT0CHAN5,38,163891.0,events
correlation-stream-cores1,pcm_imc,acts_byp,SKT0CHAN5,39,152820.0,events
correlation-stream-cores1,pcm_imc,acts_byp,SKT0CHAN5,40,158586.0,events
correlation-stream-cores1,pcm_imc,acts_byp,SKT0CHAN5,41,164152.0,events
correlation-stream-cores1,pcm_imc,acts_byp,SKT0CHAN5,42,156837.0,events
correlation-stream-cores1,pcm_imc,acts_byp,SKT0CHAN5,43,153492.0,events
correlation-stream-cores1,pcm_imc,acts_byp,SKT0CHAN5,44,161289.0,events
correlation-stream-cores1,pcm_imc,acts_byp,SKT0CHAN5,45,157262.0,events
correlation-stream-cores1,pcm_imc,acts_byp,SKT0CHAN5,46,159119.0,events
correlation-stream-cores1,pcm_imc,acts_byp,SKT0CHAN5,47,163718.0,events
correlation-stream-cores1,pcm_imc,acts_byp,SKT0CHAN5,48,162896.0,events
correlation-stream-cores1,pcm_imc,acts_byp,SKT0CHAN5,49,168501.0,events
correlation-stream-cores1,pcm_imc,acts_byp,SKT0CHAN5,50,157981.0,events
correlation-stream-cores1,pcm_imc,acts_byp,SKT0CHAN5,51,158871.0,events
correlation-stream-cores1,pcm_imc,acts_byp,SKT0CHAN5,52,161781.0,events
correlation-stream-cores1,pcm_imc,acts_byp,SKT0CHAN5,53,159483.0,events
correlation-stream-cores1,pcm_imc,acts_byp,SKT0CHAN5,54,165102.0,events
correlation-stream-cores1,pcm_imc,acts_byp,SKT0CHAN5,55,172234.0,events
correlation-stream-cores1,pcm_imc,acts_byp,SKT0CHAN5,56,163581.0,events
correlation-stream-cores1,pcm_imc,acts_byp,SKT0CHAN5,57,170366.0,events
correlation-stream-cores1,pcm_imc,acts_byp,SKT0CHAN5,58,162975.0,events
correlation-stream-cores1,pcm_imc,acts_byp,SKT0CHAN5,59,158413.0,events
correlation-stream-cores1,pcm_imc,acts_byp,SKT0CHAN6,0,159620.0,events
correlation-stream-cores1,pcm_imc,acts_byp,SKT0CHAN6,1,165614.0,events
correlation-stream-cores1,pcm_imc,acts_byp,SKT0CHAN6,2,159534.0,events
correlation-stream-cores1,pcm_imc,acts_byp,SKT0CHAN6,3,169681.0,events
correlation-stream-cores1,pcm_imc,acts_byp,SKT0CHAN6,4,158588.0,events
correlation-stream-cores1,pcm_imc,acts_byp,SKT0CHAN6,5,169672.0,events
correlation-stream-cores1,pcm_imc,acts_byp,SKT0CHAN6,6,171544.0,events
correlation-stream-cores1,pcm_imc,acts_byp,SKT0CHAN6,7,173778.0,events
correlation-stream-cores1,pcm_imc,acts_byp,SKT0CHAN6,8,168213.0,events
correlation-stream-cores1,pcm_imc,acts_byp,SKT0CHAN6,9,167137.0,events
correlation-stream-cores1,pcm_imc,acts_byp,SKT0CHAN6,10,165364.0,events
correlation-stream-cores1,pcm_imc,acts_byp,SKT0CHAN6,11,169496.0,events
correlation-stream-cores1,pcm_imc,acts_byp,SKT0CHAN6,12,171257.0,events
correlation-stream-cores1,pcm_imc,acts_byp,SKT0CHAN6,13,166031.0,events
correlation-stream-cores1,pcm_imc,acts_byp,SKT0CHAN6,14,165788.0,events
correlation-stream-cores1,pcm_imc,acts_byp,SKT0CHAN6,15,169458.0,events
correlation-stream-cores1,pcm_imc,acts_byp,SKT0CHAN6,16,169694.0,events
correlation-stream-cores1,pcm_imc,acts_byp,SKT0CHAN6,17,171603.0,events
correlation-stream-cores1,pcm_imc,acts_byp,SKT0CHAN6,18,158630.0,events
correlation-stream-cores1,pcm_imc,acts_byp,SKT0CHAN6,19,169492.0,events
correlation-stream-cores1,pcm_imc,acts_byp,SKT0CHAN6,20,164858.0,events
correlation-stream-cores1,pcm_imc,acts_byp,SKT0CHAN6,21,155115.0,events
correlation-stream-cores1,pcm_imc,acts_byp,SKT0CHAN6,22,169308.0,events
correlation-stream-cores1,pcm_imc,acts_byp,SKT0CHAN6,23,165847.0,events
correlation-stream-cores1,pcm_imc,acts_byp,SKT0CHAN6,24,163977.0,events
correlation-stream-cores1,pcm_imc,acts_byp,SKT0CHAN6,25,167698.0,events
correlation-stream-cores1,pcm_imc,acts_byp,SKT0CHAN6,26,163840.0,events
correlation-stream-cores1,pcm_imc,acts_byp,SKT0CHAN6,27,170639.0,events
correlation-stream-cores1,pcm_imc,acts_byp,SKT0CHAN6,28,164067.0,events
correlation-stream-cores1,pcm_imc,acts_byp,SKT0CHAN6,29,178565.0,events
correlation-stream-cores1,pcm_imc,acts_byp,SKT0CHAN6,30,172810.0,events
correlation-stream-cores1,pcm_imc,acts_byp,SKT0CHAN6,31,173099.0,events
correlation-stream-cores1,pcm_imc,acts_byp,SKT0CHAN6,32,168280.0,events
correlation-stream-cores1,pcm_imc,acts_byp,SKT0CHAN6,33,170515.0,events
correlation-stream-cores1,pcm_imc,acts_byp,SKT0CHAN6,34,167314.0,events
correlation-stream-cores1,pcm_imc,acts_byp,SKT0CHAN6,35,168956.0,events
correlation-stream-cores1,pcm_imc,acts_byp,SKT0CHAN6,36,171033.0,events
correlation-stream-cores1,pcm_imc,acts_byp,SKT0CHAN6,37,171818.0,events
correlation-stream-cores1,pcm_imc,acts_byp,SKT0CHAN6,38,167854.0,events
correlation-stream-cores1,pcm_imc,acts_byp,SKT0CHAN6,39,164856.0,events
correlation-stream-cores1,pcm_imc,acts_byp,SKT0CHAN6,40,163916.0,events
correlation-stream-cores1,pcm_imc,acts_byp,SKT0CHAN6,41,168503.0,events
correlation-stream-cores1,pcm_imc,acts_byp,SKT0CHAN6,42,166906.0,events
correlation-stream-cores1,pcm_imc,acts_byp,SKT0CHAN6,43,168471.0,events
correlation-stream-cores1,pcm_imc,acts_byp,SKT0CHAN6,44,166454.0,events
correlation-stream-cores1,pcm_imc,acts_byp,SKT0CHAN6,45,166725.0,events
correlation-stream-cores1,pcm_imc,acts_byp,SKT0CHAN6,46,174507.0,events
correlation-stream-cores1,pcm_imc,acts_byp,SKT0CHAN6,47,166721.0,events
correlation-stream-cores1,pcm_imc,acts_byp,SKT0CHAN6,48,165162.0,events
correlation-stream-cores1,pcm_imc,acts_byp,SKT0CHAN6,49,171475.0,events
correlation-stream-cores1,pcm_imc,acts_byp,SKT0CHAN6,50,157290.0,events
correlation-stream-cores1,pcm_imc,acts_byp,SKT0CHAN6,51,164565.0,events
correlation-stream-cores1,pcm_imc,acts_byp,SKT0CHAN6,52,170390.0,events
correlation-stream-cores1,pcm_imc,acts_byp,SKT0CHAN6,53,175420.0,events
correlation-stream-cores1,pcm_imc,acts_byp,SKT0CHAN6,54,172303.0,events
correlation-stream-cores1,pcm_imc,acts_byp,SKT0CHAN6,55,180839.0,events
correlation-stream-cores1,pcm_imc,acts_byp,SKT0CHAN6,56,177047.0,events
correlation-stream-cores1,pcm_imc,acts_byp,SKT0CHAN6,57,169232.0,events
correlation-stream-cores1,pcm_imc,acts_byp,SKT0CHAN6,58,168107.0,events
correlation-stream-cores1,pcm_imc,acts_byp,SKT0CHAN6,59,173624.0,events
correlation-stream-cores1,pcm_imc,acts_byp,SKT0CHAN7,0,176919.0,events
correlation-stream-cores1,pcm_imc,acts_byp,SKT0CHAN7,1,176557.0,events
correlation-stream-cores1,pcm_imc,acts_byp,SKT0CHAN7,2,171426.0,events
correlation-stream-cores1,pcm_imc,acts_byp,SKT0CHAN7,3,179361.0,events
correlation-stream-cores1,pcm_imc,acts_byp,SKT0CHAN7,4,184299.0,events
correlation-stream-cores1,pcm_imc,acts_byp,SKT0CHAN7,5,185844.0,events
correlation-stream-cores1,pcm_imc,acts_byp,SKT0CHAN7,6,187365.0,events
correlation-stream-cores1,pcm_imc,acts_byp,SKT0CHAN7,7,188152.0,events
correlation-stream-cores1,pcm_imc,acts_byp,SKT0CHAN7,8,181866.0,events
correlation-stream-cores1,pcm_imc,acts_byp,SKT0CHAN7,9,182786.0,events
correlation-stream-cores1,pcm_imc,acts_byp,SKT0CHAN7,10,181047.0,events
correlation-stream-cores1,pcm_imc,acts_byp,SKT0CHAN7,11,180957.0,events
correlation-stream-cores1,pcm_imc,acts_byp,SKT0CHAN7,12,182587.0,events
correlation-stream-cores1,pcm_imc,acts_byp,SKT0CHAN7,13,180339.0,events
correlation-stream-cores1,pcm_imc,acts_byp,SKT0CHAN7,14,177691.0,events
correlation-stream-cores1,pcm_imc,acts_byp,SKT0CHAN7,15,180031.0,events
correlation-stream-cores1,pcm_imc,acts_byp,SKT0CHAN7,16,179768.0,events
correlation-stream-cores1,pcm_imc,acts_byp,SKT0CHAN7,17,185173.0,events
correlation-stream-cores1,pcm_imc,acts_byp,SKT0CHAN7,18,175750.0,events
correlation-stream-cores1,pcm_imc,acts_byp,SKT0CHAN7,19,184557.0,events
correlation-stream-cores1,pcm_imc,acts_byp,SKT0CHAN7,20,178884.0,events
correlation-stream-cores1,pcm_imc,acts_byp,SKT0CHAN7,21,172560.0,events
correlation-stream-cores1,pcm_imc,acts_byp,SKT0CHAN7,22,182009.0,events
correlation-stream-cores1,pcm_imc,acts_byp,SKT0CHAN7,23,180205.0,events
correlation-stream-cores1,pcm_imc,acts_byp,SKT0CHAN7,24,179183.0,events
correlation-stream-cores1,pcm_imc,acts_byp,SKT0CHAN7,25,181598.0,events
correlation-stream-cores1,pcm_imc,acts_byp,SKT0CHAN7,26,179562.0,events
correlation-stream-cores1,pcm_imc,acts_byp,SKT0CHAN7,27,184061.0,events
correlation-stream-cores1,pcm_imc,acts_byp,SKT0CHAN7,28,178845.0,events
correlation-stream-cores1,pcm_imc,acts_byp,SKT0CHAN7,29,182713.0,events
correlation-stream-cores1,pcm_imc,acts_byp,SKT0CHAN7,30,183542.0,events
correlation-stream-cores1,pcm_imc,acts_byp,SKT0CHAN7,31,182194.0,events
correlation-stream-cores1,pcm_imc,acts_byp,SKT0CHAN7,32,179363.0,events
correlation-stream-cores1,pcm_imc,acts_byp,SKT0CHAN7,33,179381.0,events
correlation-stream-cores1,pcm_imc,acts_byp,SKT0CHAN7,34,181902.0,events
correlation-stream-cores1,pcm_imc,acts_byp,SKT0CHAN7,35,179539.0,events
correlation-stream-cores1,pcm_imc,acts_byp,SKT0CHAN7,36,181780.0,events
correlation-stream-cores1,pcm_imc,acts_byp,SKT0CHAN7,37,180221.0,events
correlation-stream-cores1,pcm_imc,acts_byp,SKT0CHAN7,38,185693.0,events
correlation-stream-cores1,pcm_imc,acts_byp,SKT0CHAN7,39,174112.0,events
correlation-stream-cores1,pcm_imc,acts_byp,SKT0CHAN7,40,175387.0,events
correlation-stream-cores1,pcm_imc,acts_byp,SKT0CHAN7,41,180412.0,events
correlation-stream-cores1,pcm_imc,acts_byp,SKT0CHAN7,42,179510.0,events
correlation-stream-cores1,pcm_imc,acts_byp,SKT0CHAN7,43,184985.0,events
correlation-stream-cores1,pcm_imc,acts_byp,SKT0CHAN7,44,180611.0,events
correlation-stream-cores1,pcm_imc,acts_byp,SKT0CHAN7,45,179468.0,events
correlation-stream-cores1,pcm_imc,acts_byp,SKT0CHAN7,46,187041.0,events
correlation-stream-cores1,pcm_imc,acts_byp,SKT0CHAN7,47,180474.0,events
correlation-stream-cores1,pcm_imc,acts_byp,SKT0CHAN7,48,189529.0,events
correlation-stream-cores1,pcm_imc,acts_byp,SKT0CHAN7,49,187345.0,events
correlation-stream-cores1,pcm_imc,acts_byp,SKT0CHAN7,50,175116.0,events
correlation-stream-cores1,pcm_imc,acts_byp,SKT0CHAN7,51,177855.0,events
correlation-stream-cores1,pcm_imc,acts_byp,SKT0CHAN7,52,182769.0,events
correlation-stream-cores1,pcm_imc,acts_byp,SKT0CHAN7,53,187417.0,events
correlation-stream-cores1,pcm_imc,acts_byp,SKT0CHAN7,54,187446.0,events
correlation-stream-cores1,pcm_imc,acts_byp,SKT0CHAN7,55,184886.0,events
correlation-stream-cores1,pcm_imc,acts_byp,SKT0CHAN7,56,188921.0,events
correlation-stream-cores1,pcm_imc,acts_byp,SKT0CHAN7,57,187335.0,events
correlation-stream-cores1,pcm_imc,acts_byp,SKT0CHAN7,58,182142.0,events
correlation-stream-cores1,pcm_imc,acts_byp,SKT0CHAN7,59,181209.0,events
correlation-stream-cores1,pcm_imc,acts_read,SKT0CHAN0,0,2055527.0,events
correlation-stream-cores1,pcm_imc,acts_read,SKT0CHAN0,1,2072260.0,events
correlation-stream-cores1,pcm_imc,acts_read,SKT0CHAN0,2,2074892.0,events
correlation-stream-cores1,pcm_imc,acts_read,SKT0CHAN0,3,2142239.0,events
correlation-stream-cores1,pcm_imc,acts_read,SKT0CHAN0,4,2107855.0,events
correlation-stream-cores1,pcm_imc,acts_read,SKT0CHAN0,5,2137071.0,events
correlation-stream-cores1,pcm_imc,acts_read,SKT0CHAN0,6,2260058.0,events
correlation-stream-cores1,pcm_imc,acts_read,SKT0CHAN0,7,2081735.0,events
correlation-stream-cores1,pcm_imc,acts_read,SKT0CHAN0,8,2116586.0,events
correlation-stream-cores1,pcm_imc,acts_read,SKT0CHAN0,9,2113049.0,events
correlation-stream-cores1,pcm_imc,acts_read,SKT0CHAN0,10,2086030.0,events
correlation-stream-cores1,pcm_imc,acts_read,SKT0CHAN0,11,2098952.0,events
correlation-stream-cores1,pcm_imc,acts_read,SKT0CHAN0,12,2105891.0,events
correlation-stream-cores1,pcm_imc,acts_read,SKT0CHAN0,13,2103190.0,events
correlation-stream-cores1,pcm_imc,acts_read,SKT0CHAN0,14,2068248.0,events
correlation-stream-cores1,pcm_imc,acts_read,SKT0CHAN0,15,2096409.0,events
correlation-stream-cores1,pcm_imc,acts_read,SKT0CHAN0,16,2086816.0,events
correlation-stream-cores1,pcm_imc,acts_read,SKT0CHAN0,17,2088600.0,events
correlation-stream-cores1,pcm_imc,acts_read,SKT0CHAN0,18,2052539.0,events
correlation-stream-cores1,pcm_imc,acts_read,SKT0CHAN0,19,2087519.0,events
correlation-stream-cores1,pcm_imc,acts_read,SKT0CHAN0,20,2062699.0,events
correlation-stream-cores1,pcm_imc,acts_read,SKT0CHAN0,21,2040893.0,events
correlation-stream-cores1,pcm_imc,acts_read,SKT0CHAN0,22,2083720.0,events
correlation-stream-cores1,pcm_imc,acts_read,SKT0CHAN0,23,2094893.0,events
correlation-stream-cores1,pcm_imc,acts_read,SKT0CHAN0,24,2070264.0,events
correlation-stream-cores1,pcm_imc,acts_read,SKT0CHAN0,25,2102298.0,events
correlation-stream-cores1,pcm_imc,acts_read,SKT0CHAN0,26,2089551.0,events
correlation-stream-cores1,pcm_imc,acts_read,SKT0CHAN0,27,2097242.0,events
correlation-stream-cores1,pcm_imc,acts_read,SKT0CHAN0,28,2088729.0,events
correlation-stream-cores1,pcm_imc,acts_read,SKT0CHAN0,29,2091135.0,events
correlation-stream-cores1,pcm_imc,acts_read,SKT0CHAN0,30,2095472.0,events
correlation-stream-cores1,pcm_imc,acts_read,SKT0CHAN0,31,2120003.0,events
correlation-stream-cores1,pcm_imc,acts_read,SKT0CHAN0,32,2099893.0,events
correlation-stream-cores1,pcm_imc,acts_read,SKT0CHAN0,33,2115399.0,events
correlation-stream-cores1,pcm_imc,acts_read,SKT0CHAN0,34,2104198.0,events
correlation-stream-cores1,pcm_imc,acts_read,SKT0CHAN0,35,2093937.0,events
correlation-stream-cores1,pcm_imc,acts_read,SKT0CHAN0,36,2187579.0,events
correlation-stream-cores1,pcm_imc,acts_read,SKT0CHAN0,37,2140675.0,events
correlation-stream-cores1,pcm_imc,acts_read,SKT0CHAN0,38,2244054.0,events
correlation-stream-cores1,pcm_imc,acts_read,SKT0CHAN0,39,2065367.0,events
correlation-stream-cores1,pcm_imc,acts_read,SKT0CHAN0,40,2071464.0,events
correlation-stream-cores1,pcm_imc,acts_read,SKT0CHAN0,41,2100598.0,events
correlation-stream-cores1,pcm_imc,acts_read,SKT0CHAN0,42,2090077.0,events
correlation-stream-cores1,pcm_imc,acts_read,SKT0CHAN0,43,2113626.0,events
correlation-stream-cores1,pcm_imc,acts_read,SKT0CHAN0,44,2111315.0,events
correlation-stream-cores1,pcm_imc,acts_read,SKT0CHAN0,45,2059135.0,events
correlation-stream-cores1,pcm_imc,acts_read,SKT0CHAN0,46,2223858.0,events
correlation-stream-cores1,pcm_imc,acts_read,SKT0CHAN0,47,2095374.0,events
correlation-stream-cores1,pcm_imc,acts_read,SKT0CHAN0,48,2069401.0,events
correlation-stream-cores1,pcm_imc,acts_read,SKT0CHAN0,49,2094653.0,events
correlation-stream-cores1,pcm_imc,acts_read,SKT0CHAN0,50,2084513.0,events
correlation-stream-cores1,pcm_imc,acts_read,SKT0CHAN0,51,2066572.0,events
correlation-stream-cores1,pcm_imc,acts_read,SKT0CHAN0,52,2087815.0,events
correlation-stream-cores1,pcm_imc,acts_read,SKT0CHAN0,53,2113624.0,events
correlation-stream-cores1,pcm_imc,acts_read,SKT0CHAN0,54,2143977.0,events
correlation-stream-cores1,pcm_imc,acts_read,SKT0CHAN0,55,2187461.0,events
correlation-stream-cores1,pcm_imc,acts_read,SKT0CHAN0,56,2125537.0,events
correlation-stream-cores1,pcm_imc,acts_read,SKT0CHAN0,57,2100465.0,events
correlation-stream-cores1,pcm_imc,acts_read,SKT0CHAN0,58,2096290.0,events
correlation-stream-cores1,pcm_imc,acts_read,SKT0CHAN0,59,2104738.0,events
correlation-stream-cores1,pcm_imc,acts_read,SKT0CHAN1,0,2127570.0,events
correlation-stream-cores1,pcm_imc,acts_read,SKT0CHAN1,1,2133714.0,events
correlation-stream-cores1,pcm_imc,acts_read,SKT0CHAN1,2,2106519.0,events
correlation-stream-cores1,pcm_imc,acts_read,SKT0CHAN1,3,2213761.0,events
correlation-stream-cores1,pcm_imc,acts_read,SKT0CHAN1,4,2185192.0,events
correlation-stream-cores1,pcm_imc,acts_read,SKT0CHAN1,5,2184251.0,events
correlation-stream-cores1,pcm_imc,acts_read,SKT0CHAN1,6,2273676.0,events
correlation-stream-cores1,pcm_imc,acts_read,SKT0CHAN1,7,2145253.0,events
correlation-stream-cores1,pcm_imc,acts_read,SKT0CHAN1,8,2153553.0,events
correlation-stream-cores1,pcm_imc,acts_read,SKT0CHAN1,9,2157731.0,events
correlation-stream-cores1,pcm_imc,acts_read,SKT0CHAN1,10,2109533.0,events
correlation-stream-cores1,pcm_imc,acts_read,SKT0CHAN1,11,2152079.0,events
correlation-stream-cores1,pcm_imc,acts_read,SKT0CHAN1,12,2146988.0,events
correlation-stream-cores1,pcm_imc,acts_read,SKT0CHAN1,13,2110325.0,events
correlation-stream-cores1,pcm_imc,acts_read,SKT0CHAN1,14,2120630.0,events
correlation-stream-cores1,pcm_imc,acts_read,SKT0CHAN1,15,2102628.0,events
correlation-stream-cores1,pcm_imc,acts_read,SKT0CHAN1,16,2120324.0,events
correlation-stream-cores1,pcm_imc,acts_read,SKT0CHAN1,17,2156227.0,events
correlation-stream-cores1,pcm_imc,acts_read,SKT0CHAN1,18,2105095.0,events
correlation-stream-cores1,pcm_imc,acts_read,SKT0CHAN1,19,2123153.0,events
correlation-stream-cores1,pcm_imc,acts_read,SKT0CHAN1,20,2080781.0,events
correlation-stream-cores1,pcm_imc,acts_read,SKT0CHAN1,21,2120937.0,events
correlation-stream-cores1,pcm_imc,acts_read,SKT0CHAN1,22,2137397.0,events
correlation-stream-cores1,pcm_imc,acts_read,SKT0CHAN1,23,2123161.0,events
correlation-stream-cores1,pcm_imc,acts_read,SKT0CHAN1,24,2141363.0,events
correlation-stream-cores1,pcm_imc,acts_read,SKT0CHAN1,25,2108454.0,events
correlation-stream-cores1,pcm_imc,acts_read,SKT0CHAN1,26,2134395.0,events
correlation-stream-cores1,pcm_imc,acts_read,SKT0CHAN1,27,2152208.0,events
correlation-stream-cores1,pcm_imc,acts_read,SKT0CHAN1,28,2106840.0,events
correlation-stream-cores1,pcm_imc,acts_read,SKT0CHAN1,29,2155315.0,events
correlation-stream-cores1,pcm_imc,acts_read,SKT0CHAN1,30,2147449.0,events
correlation-stream-cores1,pcm_imc,acts_read,SKT0CHAN1,31,2130533.0,events
correlation-stream-cores1,pcm_imc,acts_read,SKT0CHAN1,32,2133945.0,events
correlation-stream-cores1,pcm_imc,acts_read,SKT0CHAN1,33,2133555.0,events
correlation-stream-cores1,pcm_imc,acts_read,SKT0CHAN1,34,2113856.0,events
correlation-stream-cores1,pcm_imc,acts_read,SKT0CHAN1,35,2156397.0,events
correlation-stream-cores1,pcm_imc,acts_read,SKT0CHAN1,36,2214966.0,events
correlation-stream-cores1,pcm_imc,acts_read,SKT0CHAN1,37,2167170.0,events
correlation-stream-cores1,pcm_imc,acts_read,SKT0CHAN1,38,2306834.0,events
correlation-stream-cores1,pcm_imc,acts_read,SKT0CHAN1,39,2137699.0,events
correlation-stream-cores1,pcm_imc,acts_read,SKT0CHAN1,40,2136084.0,events
correlation-stream-cores1,pcm_imc,acts_read,SKT0CHAN1,41,2176931.0,events
correlation-stream-cores1,pcm_imc,acts_read,SKT0CHAN1,42,2131258.0,events
correlation-stream-cores1,pcm_imc,acts_read,SKT0CHAN1,43,2166127.0,events
correlation-stream-cores1,pcm_imc,acts_read,SKT0CHAN1,44,2139866.0,events
correlation-stream-cores1,pcm_imc,acts_read,SKT0CHAN1,45,2125870.0,events
correlation-stream-cores1,pcm_imc,acts_read,SKT0CHAN1,46,2228317.0,events
correlation-stream-cores1,pcm_imc,acts_read,SKT0CHAN1,47,2116865.0,events
correlation-stream-cores1,pcm_imc,acts_read,SKT0CHAN1,48,2157020.0,events
correlation-stream-cores1,pcm_imc,acts_read,SKT0CHAN1,49,2173060.0,events
correlation-stream-cores1,pcm_imc,acts_read,SKT0CHAN1,50,2124883.0,events
correlation-stream-cores1,pcm_imc,acts_read,SKT0CHAN1,51,2120836.0,events
correlation-stream-cores1,pcm_imc,acts_read,SKT0CHAN1,52,2121270.0,events
correlation-stream-cores1,pcm_imc,acts_read,SKT0CHAN1,53,2167524.0,events
correlation-stream-cores1,pcm_imc,acts_read,SKT0CHAN1,54,2210170.0,events
correlation-stream-cores1,pcm_imc,acts_read,SKT0CHAN1,55,2217407.0,events
correlation-stream-cores1,pcm_imc,acts_read,SKT0CHAN1,56,2115754.0,events
correlation-stream-cores1,pcm_imc,acts_read,SKT0CHAN1,57,2165641.0,events
correlation-stream-cores1,pcm_imc,acts_read,SKT0CHAN1,58,2162711.0,events
correlation-stream-cores1,pcm_imc,acts_read,SKT0CHAN1,59,2160708.0,events
correlation-stream-cores1,pcm_imc,acts_read,SKT0CHAN2,0,2171917.0,events
correlation-stream-cores1,pcm_imc,acts_read,SKT0CHAN2,1,2211429.0,events
correlation-stream-cores1,pcm_imc,acts_read,SKT0CHAN2,2,2170988.0,events
correlation-stream-cores1,pcm_imc,acts_read,SKT0CHAN2,3,2235013.0,events
correlation-stream-cores1,pcm_imc,acts_read,SKT0CHAN2,4,2207552.0,events
correlation-stream-cores1,pcm_imc,acts_read,SKT0CHAN2,5,2251613.0,events
correlation-stream-cores1,pcm_imc,acts_read,SKT0CHAN2,6,2339247.0,events
correlation-stream-cores1,pcm_imc,acts_read,SKT0CHAN2,7,2206815.0,events
correlation-stream-cores1,pcm_imc,acts_read,SKT0CHAN2,8,2185839.0,events
correlation-stream-cores1,pcm_imc,acts_read,SKT0CHAN2,9,2197623.0,events
correlation-stream-cores1,pcm_imc,acts_read,SKT0CHAN2,10,2166338.0,events
correlation-stream-cores1,pcm_imc,acts_read,SKT0CHAN2,11,2251861.0,events
correlation-stream-cores1,pcm_imc,acts_read,SKT0CHAN2,12,2210747.0,events
correlation-stream-cores1,pcm_imc,acts_read,SKT0CHAN2,13,2173115.0,events
correlation-stream-cores1,pcm_imc,acts_read,SKT0CHAN2,14,2137977.0,events
correlation-stream-cores1,pcm_imc,acts_read,SKT0CHAN2,15,2159714.0,events
correlation-stream-cores1,pcm_imc,acts_read,SKT0CHAN2,16,2213507.0,events
correlation-stream-cores1,pcm_imc,acts_read,SKT0CHAN2,17,2174412.0,events
correlation-stream-cores1,pcm_imc,acts_read,SKT0CHAN2,18,2168637.0,events
correlation-stream-cores1,pcm_imc,acts_read,SKT0CHAN2,19,2176138.0,events
correlation-stream-cores1,pcm_imc,acts_read,SKT0CHAN2,20,2147072.0,events
correlation-stream-cores1,pcm_imc,acts_read,SKT0CHAN2,21,2154640.0,events
correlation-stream-cores1,pcm_imc,acts_read,SKT0CHAN2,22,2159363.0,events
correlation-stream-cores1,pcm_imc,acts_read,SKT0CHAN2,23,2159167.0,events
correlation-stream-cores1,pcm_imc,acts_read,SKT0CHAN2,24,2172057.0,events
correlation-stream-cores1,pcm_imc,acts_read,SKT0CHAN2,25,2163683.0,events
correlation-stream-cores1,pcm_imc,acts_read,SKT0CHAN2,26,2135832.0,events
correlation-stream-cores1,pcm_imc,acts_read,SKT0CHAN2,27,2214521.0,events
correlation-stream-cores1,pcm_imc,acts_read,SKT0CHAN2,28,2200400.0,events
correlation-stream-cores1,pcm_imc,acts_read,SKT0CHAN2,29,2192187.0,events
correlation-stream-cores1,pcm_imc,acts_read,SKT0CHAN2,30,2176340.0,events
correlation-stream-cores1,pcm_imc,acts_read,SKT0CHAN2,31,2181762.0,events
correlation-stream-cores1,pcm_imc,acts_read,SKT0CHAN2,32,2160835.0,events
correlation-stream-cores1,pcm_imc,acts_read,SKT0CHAN2,33,2144349.0,events
correlation-stream-cores1,pcm_imc,acts_read,SKT0CHAN2,34,2206577.0,events
correlation-stream-cores1,pcm_imc,acts_read,SKT0CHAN2,35,2165560.0,events
correlation-stream-cores1,pcm_imc,acts_read,SKT0CHAN2,36,2226017.0,events
correlation-stream-cores1,pcm_imc,acts_read,SKT0CHAN2,37,2215476.0,events
correlation-stream-cores1,pcm_imc,acts_read,SKT0CHAN2,38,2356483.0,events
correlation-stream-cores1,pcm_imc,acts_read,SKT0CHAN2,39,2187041.0,events
correlation-stream-cores1,pcm_imc,acts_read,SKT0CHAN2,40,2179473.0,events
correlation-stream-cores1,pcm_imc,acts_read,SKT0CHAN2,41,2210959.0,events
correlation-stream-cores1,pcm_imc,acts_read,SKT0CHAN2,42,2168290.0,events
correlation-stream-cores1,pcm_imc,acts_read,SKT0CHAN2,43,2195360.0,events
correlation-stream-cores1,pcm_imc,acts_read,SKT0CHAN2,44,2197974.0,events
correlation-stream-cores1,pcm_imc,acts_read,SKT0CHAN2,45,2178258.0,events
correlation-stream-cores1,pcm_imc,acts_read,SKT0CHAN2,46,2261669.0,events
correlation-stream-cores1,pcm_imc,acts_read,SKT0CHAN2,47,2176363.0,events
correlation-stream-cores1,pcm_imc,acts_read,SKT0CHAN2,48,2193751.0,events
correlation-stream-cores1,pcm_imc,acts_read,SKT0CHAN2,49,2227143.0,events
correlation-stream-cores1,pcm_imc,acts_read,SKT0CHAN2,50,2160378.0,events
correlation-stream-cores1,pcm_imc,acts_read,SKT0CHAN2,51,2171959.0,events
correlation-stream-cores1,pcm_imc,acts_read,SKT0CHAN2,52,2123959.0,events
correlation-stream-cores1,pcm_imc,acts_read,SKT0CHAN2,53,2167359.0,events
correlation-stream-cores1,pcm_imc,acts_read,SKT0CHAN2,54,2257963.0,events
correlation-stream-cores1,pcm_imc,acts_read,SKT0CHAN2,55,2234168.0,events
correlation-stream-cores1,pcm_imc,acts_read,SKT0CHAN2,56,2198196.0,events
correlation-stream-cores1,pcm_imc,acts_read,SKT0CHAN2,57,2191789.0,events
correlation-stream-cores1,pcm_imc,acts_read,SKT0CHAN2,58,2186862.0,events
correlation-stream-cores1,pcm_imc,acts_read,SKT0CHAN2,59,2187744.0,events
correlation-stream-cores1,pcm_imc,acts_read,SKT0CHAN3,0,2126385.0,events
correlation-stream-cores1,pcm_imc,acts_read,SKT0CHAN3,1,2148663.0,events
correlation-stream-cores1,pcm_imc,acts_read,SKT0CHAN3,2,2110891.0,events
correlation-stream-cores1,pcm_imc,acts_read,SKT0CHAN3,3,2226803.0,events
correlation-stream-cores1,pcm_imc,acts_read,SKT0CHAN3,4,2159116.0,events
correlation-stream-cores1,pcm_imc,acts_read,SKT0CHAN3,5,2200242.0,events
correlation-stream-cores1,pcm_imc,acts_read,SKT0CHAN3,6,2298428.0,events
correlation-stream-cores1,pcm_imc,acts_read,SKT0CHAN3,7,2161729.0,events
correlation-stream-cores1,pcm_imc,acts_read,SKT0CHAN3,8,2134033.0,events
correlation-stream-cores1,pcm_imc,acts_read,SKT0CHAN3,9,2137944.0,events
correlation-stream-cores1,pcm_imc,acts_read,SKT0CHAN3,10,2128049.0,events
correlation-stream-cores1,pcm_imc,acts_read,SKT0CHAN3,11,2185274.0,events
correlation-stream-cores1,pcm_imc,acts_read,SKT0CHAN3,12,2126075.0,events
correlation-stream-cores1,pcm_imc,acts_read,SKT0CHAN3,13,2125145.0,events
correlation-stream-cores1,pcm_imc,acts_read,SKT0CHAN3,14,2090704.0,events
correlation-stream-cores1,pcm_imc,acts_read,SKT0CHAN3,15,2108844.0,events
correlation-stream-cores1,pcm_imc,acts_read,SKT0CHAN3,16,2110668.0,events
correlation-stream-cores1,pcm_imc,acts_read,SKT0CHAN3,17,2142690.0,events
correlation-stream-cores1,pcm_imc,acts_read,SKT0CHAN3,18,2141914.0,events
correlation-stream-cores1,pcm_imc,acts_read,SKT0CHAN3,19,2115074.0,events
correlation-stream-cores1,pcm_imc,acts_read,SKT0CHAN3,20,2123489.0,events
correlation-stream-cores1,pcm_imc,acts_read,SKT0CHAN3,21,2113016.0,events
correlation-stream-cores1,pcm_imc,acts_read,SKT0CHAN3,22,2136452.0,events
correlation-stream-cores1,pcm_imc,acts_read,SKT0CHAN3,23,2111314.0,events
correlation-stream-cores1,pcm_imc,acts_read,SKT0CHAN3,24,2134514.0,events
correlation-stream-cores1,pcm_imc,acts_read,SKT0CHAN3,25,2113796.0,events
correlation-stream-cores1,pcm_imc,acts_read,SKT0CHAN3,26,2090622.0,events
correlation-stream-cores1,pcm_imc,acts_read,SKT0CHAN3,27,2134137.0,events
correlation-stream-cores1,pcm_imc,acts_read,SKT0CHAN3,28,2109067.0,events
correlation-stream-cores1,pcm_imc,acts_read,SKT0CHAN3,29,2123161.0,events
correlation-stream-cores1,pcm_imc,acts_read,SKT0CHAN3,30,2170823.0,events
correlation-stream-cores1,pcm_imc,acts_read,SKT0CHAN3,31,2140770.0,events
correlation-stream-cores1,pcm_imc,acts_read,SKT0CHAN3,32,2102653.0,events
correlation-stream-cores1,pcm_imc,acts_read,SKT0CHAN3,33,2133085.0,events
correlation-stream-cores1,pcm_imc,acts_read,SKT0CHAN3,34,2125923.0,events
correlation-stream-cores1,pcm_imc,acts_read,SKT0CHAN3,35,2134758.0,events
correlation-stream-cores1,pcm_imc,acts_read,SKT0CHAN3,36,2197259.0,events
correlation-stream-cores1,pcm_imc,acts_read,SKT0CHAN3,37,2139297.0,events
correlation-stream-cores1,pcm_imc,acts_read,SKT0CHAN3,38,2290843.0,events
correlation-stream-cores1,pcm_imc,acts_read,SKT0CHAN3,39,2116766.0,events
correlation-stream-cores1,pcm_imc,acts_read,SKT0CHAN3,40,2140573.0,events
correlation-stream-cores1,pcm_imc,acts_read,SKT0CHAN3,41,2187925.0,events
correlation-stream-cores1,pcm_imc,acts_read,SKT0CHAN3,42,2157096.0,events
correlation-stream-cores1,pcm_imc,acts_read,SKT0CHAN3,43,2118492.0,events
correlation-stream-cores1,pcm_imc,acts_read,SKT0CHAN3,44,2158912.0,events
correlation-stream-cores1,pcm_imc,acts_read,SKT0CHAN3,45,2155100.0,events
correlation-stream-cores1,pcm_imc,acts_read,SKT0CHAN3,46,2216122.0,events
correlation-stream-cores1,pcm_imc,acts_read,SKT0CHAN3,47,2120188.0,events
correlation-stream-cores1,pcm_imc,acts_read,SKT0CHAN3,48,2115896.0,events
correlation-stream-cores1,pcm_imc,acts_read,SKT0CHAN3,49,2181745.0,events
correlation-stream-cores1,pcm_imc,acts_read,SKT0CHAN3,50,2129948.0,events
correlation-stream-cores1,pcm_imc,acts_read,SKT0CHAN3,51,2117624.0,events
correlation-stream-cores1,pcm_imc,acts_read,SKT0CHAN3,52,2106500.0,events
correlation-stream-cores1,pcm_imc,acts_read,SKT0CHAN3,53,2146183.0,events
correlation-stream-cores1,pcm_imc,acts_read,SKT0CHAN3,54,2191972.0,events
correlation-stream-cores1,pcm_imc,acts_read,SKT0CHAN3,55,2221092.0,events
correlation-stream-cores1,pcm_imc,acts_read,SKT0CHAN3,56,2171264.0,events
correlation-stream-cores1,pcm_imc,acts_read,SKT0CHAN3,57,2167766.0,events
correlation-stream-cores1,pcm_imc,acts_read,SKT0CHAN3,58,2179681.0,events
correlation-stream-cores1,pcm_imc,acts_read,SKT0CHAN3,59,2132382.0,events
correlation-stream-cores1,pcm_imc,acts_read,SKT0CHAN4,0,2030016.0,events
correlation-stream-cores1,pcm_imc,acts_read,SKT0CHAN4,1,2030093.0,events
correlation-stream-cores1,pcm_imc,acts_read,SKT0CHAN4,2,2029652.0,events
correlation-stream-cores1,pcm_imc,acts_read,SKT0CHAN4,3,2068188.0,events
correlation-stream-cores1,pcm_imc,acts_read,SKT0CHAN4,4,2073619.0,events
correlation-stream-cores1,pcm_imc,acts_read,SKT0CHAN4,5,2103982.0,events
correlation-stream-cores1,pcm_imc,acts_read,SKT0CHAN4,6,2203734.0,events
correlation-stream-cores1,pcm_imc,acts_read,SKT0CHAN4,7,2044806.0,events
correlation-stream-cores1,pcm_imc,acts_read,SKT0CHAN4,8,2062605.0,events
correlation-stream-cores1,pcm_imc,acts_read,SKT0CHAN4,9,2025528.0,events
correlation-stream-cores1,pcm_imc,acts_read,SKT0CHAN4,10,2016063.0,events
correlation-stream-cores1,pcm_imc,acts_read,SKT0CHAN4,11,2073774.0,events
correlation-stream-cores1,pcm_imc,acts_read,SKT0CHAN4,12,2074134.0,events
correlation-stream-cores1,pcm_imc,acts_read,SKT0CHAN4,13,2015204.0,events
correlation-stream-cores1,pcm_imc,acts_read,SKT0CHAN4,14,2000556.0,events
correlation-stream-cores1,pcm_imc,acts_read,SKT0CHAN4,15,2009905.0,events
correlation-stream-cores1,pcm_imc,acts_read,SKT0CHAN4,16,2034583.0,events
correlation-stream-cores1,pcm_imc,acts_read,SKT0CHAN4,17,2005198.0,events
correlation-stream-cores1,pcm_imc,acts_read,SKT0CHAN4,18,2003643.0,events
correlation-stream-cores1,pcm_imc,acts_read,SKT0CHAN4,19,2005644.0,events
correlation-stream-cores1,pcm_imc,acts_read,SKT0CHAN4,20,1951162.0,events
correlation-stream-cores1,pcm_imc,acts_read,SKT0CHAN4,21,1997108.0,events
correlation-stream-cores1,pcm_imc,acts_read,SKT0CHAN4,22,2043133.0,events
correlation-stream-cores1,pcm_imc,acts_read,SKT0CHAN4,23,1988140.0,events
correlation-stream-cores1,pcm_imc,acts_read,SKT0CHAN4,24,2011566.0,events
correlation-stream-cores1,pcm_imc,acts_read,SKT0CHAN4,25,2019466.0,events
correlation-stream-cores1,pcm_imc,acts_read,SKT0CHAN4,26,2009986.0,events
correlation-stream-cores1,pcm_imc,acts_read,SKT0CHAN4,27,2025499.0,events
correlation-stream-cores1,pcm_imc,acts_read,SKT0CHAN4,28,1992061.0,events
correlation-stream-cores1,pcm_imc,acts_read,SKT0CHAN4,29,2051554.0,events
correlation-stream-cores1,pcm_imc,acts_read,SKT0CHAN4,30,2052900.0,events
correlation-stream-cores1,pcm_imc,acts_read,SKT0CHAN4,31,2023747.0,events
correlation-stream-cores1,pcm_imc,acts_read,SKT0CHAN4,32,1998331.0,events
correlation-stream-cores1,pcm_imc,acts_read,SKT0CHAN4,33,2020251.0,events
correlation-stream-cores1,pcm_imc,acts_read,SKT0CHAN4,34,2016855.0,events
correlation-stream-cores1,pcm_imc,acts_read,SKT0CHAN4,35,2035654.0,events
correlation-stream-cores1,pcm_imc,acts_read,SKT0CHAN4,36,2109203.0,events
correlation-stream-cores1,pcm_imc,acts_read,SKT0CHAN4,37,2057414.0,events
correlation-stream-cores1,pcm_imc,acts_read,SKT0CHAN4,38,2208755.0,events
correlation-stream-cores1,pcm_imc,acts_read,SKT0CHAN4,39,1996315.0,events
correlation-stream-cores1,pcm_imc,acts_read,SKT0CHAN4,40,2033263.0,events
correlation-stream-cores1,pcm_imc,acts_read,SKT0CHAN4,41,2057153.0,events
correlation-stream-cores1,pcm_imc,acts_read,SKT0CHAN4,42,2016898.0,events
correlation-stream-cores1,pcm_imc,acts_read,SKT0CHAN4,43,2032855.0,events
correlation-stream-cores1,pcm_imc,acts_read,SKT0CHAN4,44,2002324.0,events
correlation-stream-cores1,pcm_imc,acts_read,SKT0CHAN4,45,2017046.0,events
correlation-stream-cores1,pcm_imc,acts_read,SKT0CHAN4,46,2086733.0,events
correlation-stream-cores1,pcm_imc,acts_read,SKT0CHAN4,47,2054413.0,events
correlation-stream-cores1,pcm_imc,acts_read,SKT0CHAN4,48,2013459.0,events
correlation-stream-cores1,pcm_imc,acts_read,SKT0CHAN4,49,2065939.0,events
correlation-stream-cores1,pcm_imc,acts_read,SKT0CHAN4,50,2000032.0,events
correlation-stream-cores1,pcm_imc,acts_read,SKT0CHAN4,51,1972136.0,events
correlation-stream-cores1,pcm_imc,acts_read,SKT0CHAN4,52,2012215.0,events
correlation-stream-cores1,pcm_imc,acts_read,SKT0CHAN4,53,2030515.0,events
correlation-stream-cores1,pcm_imc,acts_read,SKT0CHAN4,54,2090518.0,events
correlation-stream-cores1,pcm_imc,acts_read,SKT0CHAN4,55,2117246.0,events
correlation-stream-cores1,pcm_imc,acts_read,SKT0CHAN4,56,2051326.0,events
correlation-stream-cores1,pcm_imc,acts_read,SKT0CHAN4,57,2037938.0,events
correlation-stream-cores1,pcm_imc,acts_read,SKT0CHAN4,58,2030265.0,events
correlation-stream-cores1,pcm_imc,acts_read,SKT0CHAN4,59,2018140.0,events
correlation-stream-cores1,pcm_imc,acts_read,SKT0CHAN5,0,1995674.0,events
correlation-stream-cores1,pcm_imc,acts_read,SKT0CHAN5,1,1994442.0,events
correlation-stream-cores1,pcm_imc,acts_read,SKT0CHAN5,2,1983429.0,events
correlation-stream-cores1,pcm_imc,acts_read,SKT0CHAN5,3,2034741.0,events
correlation-stream-cores1,pcm_imc,acts_read,SKT0CHAN5,4,2019360.0,events
correlation-stream-cores1,pcm_imc,acts_read,SKT0CHAN5,5,2032676.0,events
correlation-stream-cores1,pcm_imc,acts_read,SKT0CHAN5,6,2164572.0,events
correlation-stream-cores1,pcm_imc,acts_read,SKT0CHAN5,7,2023645.0,events
correlation-stream-cores1,pcm_imc,acts_read,SKT0CHAN5,8,2022728.0,events
correlation-stream-cores1,pcm_imc,acts_read,SKT0CHAN5,9,2024547.0,events
correlation-stream-cores1,pcm_imc,acts_read,SKT0CHAN5,10,1987424.0,events
correlation-stream-cores1,pcm_imc,acts_read,SKT0CHAN5,11,2051720.0,events
correlation-stream-cores1,pcm_imc,acts_read,SKT0CHAN5,12,2015144.0,events
correlation-stream-cores1,pcm_imc,acts_read,SKT0CHAN5,13,1965776.0,events
correlation-stream-cores1,pcm_imc,acts_read,SKT0CHAN5,14,1981047.0,events
correlation-stream-cores1,pcm_imc,acts_read,SKT0CHAN5,15,1963036.0,events
correlation-stream-cores1,pcm_imc,acts_read,SKT0CHAN5,16,1997720.0,events
correlation-stream-cores1,pcm_imc,acts_read,SKT0CHAN5,17,2006226.0,events
correlation-stream-cores1,pcm_imc,acts_read,SKT0CHAN5,18,1994942.0,events
correlation-stream-cores1,pcm_imc,acts_read,SKT0CHAN5,19,1984253.0,events
correlation-stream-cores1,pcm_imc,acts_read,SKT0CHAN5,20,1953640.0,events
correlation-stream-cores1,pcm_imc,acts_read,SKT0CHAN5,21,1987147.0,events
correlation-stream-cores1,pcm_imc,acts_read,SKT0CHAN5,22,1983962.0,events
correlation-stream-cores1,pcm_imc,acts_read,SKT0CHAN5,23,1956062.0,events
correlation-stream-cores1,pcm_imc,acts_read,SKT0CHAN5,24,1963746.0,events
correlation-stream-cores1,pcm_imc,acts_read,SKT0CHAN5,25,1981194.0,events
correlation-stream-cores1,pcm_imc,acts_read,SKT0CHAN5,26,1938515.0,events
correlation-stream-cores1,pcm_imc,acts_read,SKT0CHAN5,27,1999028.0,events
correlation-stream-cores1,pcm_imc,acts_read,SKT0CHAN5,28,1963001.0,events
correlation-stream-cores1,pcm_imc,acts_read,SKT0CHAN5,29,1993485.0,events
correlation-stream-cores1,pcm_imc,acts_read,SKT0CHAN5,30,2019775.0,events
correlation-stream-cores1,pcm_imc,acts_read,SKT0CHAN5,31,1986795.0,events
correlation-stream-cores1,pcm_imc,acts_read,SKT0CHAN5,32,1956028.0,events
correlation-stream-cores1,pcm_imc,acts_read,SKT0CHAN5,33,1975763.0,events
correlation-stream-cores1,pcm_imc,acts_read,SKT0CHAN5,34,2031417.0,events
correlation-stream-cores1,pcm_imc,acts_read,SKT0CHAN5,35,1996707.0,events
correlation-stream-cores1,pcm_imc,acts_read,SKT0CHAN5,36,2069262.0,events
correlation-stream-cores1,pcm_imc,acts_read,SKT0CHAN5,37,2022203.0,events
correlation-stream-cores1,pcm_imc,acts_read,SKT0CHAN5,38,2147885.0,events
correlation-stream-cores1,pcm_imc,acts_read,SKT0CHAN5,39,1959912.0,events
correlation-stream-cores1,pcm_imc,acts_read,SKT0CHAN5,40,1981713.0,events
correlation-stream-cores1,pcm_imc,acts_read,SKT0CHAN5,41,2029204.0,events
correlation-stream-cores1,pcm_imc,acts_read,SKT0CHAN5,42,1976150.0,events
correlation-stream-cores1,pcm_imc,acts_read,SKT0CHAN5,43,1956565.0,events
correlation-stream-cores1,pcm_imc,acts_read,SKT0CHAN5,44,2004077.0,events
correlation-stream-cores1,pcm_imc,acts_read,SKT0CHAN5,45,1978820.0,events
correlation-stream-cores1,pcm_imc,acts_read,SKT0CHAN5,46,2058272.0,events
correlation-stream-cores1,pcm_imc,acts_read,SKT0CHAN5,47,2007469.0,events
correlation-stream-cores1,pcm_imc,acts_read,SKT0CHAN5,48,1997965.0,events
correlation-stream-cores1,pcm_imc,acts_read,SKT0CHAN5,49,2032054.0,events
correlation-stream-cores1,pcm_imc,acts_read,SKT0CHAN5,50,1976706.0,events
correlation-stream-cores1,pcm_imc,acts_read,SKT0CHAN5,51,1984570.0,events
correlation-stream-cores1,pcm_imc,acts_read,SKT0CHAN5,52,1991793.0,events
correlation-stream-cores1,pcm_imc,acts_read,SKT0CHAN5,53,1984009.0,events
correlation-stream-cores1,pcm_imc,acts_read,SKT0CHAN5,54,2046294.0,events
correlation-stream-cores1,pcm_imc,acts_read,SKT0CHAN5,55,2077685.0,events
correlation-stream-cores1,pcm_imc,acts_read,SKT0CHAN5,56,2008821.0,events
correlation-stream-cores1,pcm_imc,acts_read,SKT0CHAN5,57,2036590.0,events
correlation-stream-cores1,pcm_imc,acts_read,SKT0CHAN5,58,1999929.0,events
correlation-stream-cores1,pcm_imc,acts_read,SKT0CHAN5,59,1981355.0,events
correlation-stream-cores1,pcm_imc,acts_read,SKT0CHAN6,0,2136742.0,events
correlation-stream-cores1,pcm_imc,acts_read,SKT0CHAN6,1,2153290.0,events
correlation-stream-cores1,pcm_imc,acts_read,SKT0CHAN6,2,2129537.0,events
correlation-stream-cores1,pcm_imc,acts_read,SKT0CHAN6,3,2231717.0,events
correlation-stream-cores1,pcm_imc,acts_read,SKT0CHAN6,4,2159256.0,events
correlation-stream-cores1,pcm_imc,acts_read,SKT0CHAN6,5,2218672.0,events
correlation-stream-cores1,pcm_imc,acts_read,SKT0CHAN6,6,2321404.0,events
correlation-stream-cores1,pcm_imc,acts_read,SKT0CHAN6,7,2192874.0,events
correlation-stream-cores1,pcm_imc,acts_read,SKT0CHAN6,8,2190914.0,events
correlation-stream-cores1,pcm_imc,acts_read,SKT0CHAN6,9,2180245.0,events
correlation-stream-cores1,pcm_imc,acts_read,SKT0CHAN6,10,2149518.0,events
correlation-stream-cores1,pcm_imc,acts_read,SKT0CHAN6,11,2198868.0,events
correlation-stream-cores1,pcm_imc,acts_read,SKT0CHAN6,12,2184380.0,events
correlation-stream-cores1,pcm_imc,acts_read,SKT0CHAN6,13,2156278.0,events
correlation-stream-cores1,pcm_imc,acts_read,SKT0CHAN6,14,2150658.0,events
correlation-stream-cores1,pcm_imc,acts_read,SKT0CHAN6,15,2168339.0,events
correlation-stream-cores1,pcm_imc,acts_read,SKT0CHAN6,16,2175722.0,events
correlation-stream-cores1,pcm_imc,acts_read,SKT0CHAN6,17,2184857.0,events
correlation-stream-cores1,pcm_imc,acts_read,SKT0CHAN6,18,2115308.0,events
correlation-stream-cores1,pcm_imc,acts_read,SKT0CHAN6,19,2172390.0,events
correlation-stream-cores1,pcm_imc,acts_read,SKT0CHAN6,20,2144681.0,events
correlation-stream-cores1,pcm_imc,acts_read,SKT0CHAN6,21,2096242.0,events
correlation-stream-cores1,pcm_imc,acts_read,SKT0CHAN6,22,2167819.0,events
correlation-stream-cores1,pcm_imc,acts_read,SKT0CHAN6,23,2147332.0,events
correlation-stream-cores1,pcm_imc,acts_read,SKT0CHAN6,24,2138946.0,events
correlation-stream-cores1,pcm_imc,acts_read,SKT0CHAN6,25,2162918.0,events
correlation-stream-cores1,pcm_imc,acts_read,SKT0CHAN6,26,2147829.0,events
correlation-stream-cores1,pcm_imc,acts_read,SKT0CHAN6,27,2178701.0,events
correlation-stream-cores1,pcm_imc,acts_read,SKT0CHAN6,28,2144598.0,events
correlation-stream-cores1,pcm_imc,acts_read,SKT0CHAN6,29,2215362.0,events
correlation-stream-cores1,pcm_imc,acts_read,SKT0CHAN6,30,2188704.0,events
correlation-stream-cores1,pcm_imc,acts_read,SKT0CHAN6,31,2190717.0,events
correlation-stream-cores1,pcm_imc,acts_read,SKT0CHAN6,32,2174000.0,events
correlation-stream-cores1,pcm_imc,acts_read,SKT0CHAN6,33,2187492.0,events
correlation-stream-cores1,pcm_imc,acts_read,SKT0CHAN6,34,2168028.0,events
correlation-stream-cores1,pcm_imc,acts_read,SKT0CHAN6,35,2168791.0,events
correlation-stream-cores1,pcm_imc,acts_read,SKT0CHAN6,36,2241747.0,events
correlation-stream-cores1,pcm_imc,acts_read,SKT0CHAN6,37,2207503.0,events
correlation-stream-cores1,pcm_imc,acts_read,SKT0CHAN6,38,2313686.0,events
correlation-stream-cores1,pcm_imc,acts_read,SKT0CHAN6,39,2159537.0,events
correlation-stream-cores1,pcm_imc,acts_read,SKT0CHAN6,40,2144298.0,events
correlation-stream-cores1,pcm_imc,acts_read,SKT0CHAN6,41,2196643.0,events
correlation-stream-cores1,pcm_imc,acts_read,SKT0CHAN6,42,2166610.0,events
correlation-stream-cores1,pcm_imc,acts_read,SKT0CHAN6,43,2171799.0,events
correlation-stream-cores1,pcm_imc,acts_read,SKT0CHAN6,44,2166395.0,events
correlation-stream-cores1,pcm_imc,acts_read,SKT0CHAN6,45,2162206.0,events
correlation-stream-cores1,pcm_imc,acts_read,SKT0CHAN6,46,2282592.0,events
correlation-stream-cores1,pcm_imc,acts_read,SKT0CHAN6,47,2163785.0,events
correlation-stream-cores1,pcm_imc,acts_read,SKT0CHAN6,48,2155376.0,events
correlation-stream-cores1,pcm_imc,acts_read,SKT0CHAN6,49,2197064.0,events
correlation-stream-cores1,pcm_imc,acts_read,SKT0CHAN6,50,2114610.0,events
correlation-stream-cores1,pcm_imc,acts_read,SKT0CHAN6,51,2163719.0,events
correlation-stream-cores1,pcm_imc,acts_read,SKT0CHAN6,52,2179164.0,events
correlation-stream-cores1,pcm_imc,acts_read,SKT0CHAN6,53,2206707.0,events
correlation-stream-cores1,pcm_imc,acts_read,SKT0CHAN6,54,2227453.0,events
correlation-stream-cores1,pcm_imc,acts_read,SKT0CHAN6,55,2273433.0,events
correlation-stream-cores1,pcm_imc,acts_read,SKT0CHAN6,56,2221435.0,events
correlation-stream-cores1,pcm_imc,acts_read,SKT0CHAN6,57,2182517.0,events
correlation-stream-cores1,pcm_imc,acts_read,SKT0CHAN6,58,2174113.0,events
correlation-stream-cores1,pcm_imc,acts_read,SKT0CHAN6,59,2198509.0,events
correlation-stream-cores1,pcm_imc,acts_read,SKT0CHAN7,0,2082208.0,events
correlation-stream-cores1,pcm_imc,acts_read,SKT0CHAN7,1,2065211.0,events
correlation-stream-cores1,pcm_imc,acts_read,SKT0CHAN7,2,2045897.0,events
correlation-stream-cores1,pcm_imc,acts_read,SKT0CHAN7,3,2139817.0,events
correlation-stream-cores1,pcm_imc,acts_read,SKT0CHAN7,4,2145261.0,events
correlation-stream-cores1,pcm_imc,acts_read,SKT0CHAN7,5,2157369.0,events
correlation-stream-cores1,pcm_imc,acts_read,SKT0CHAN7,6,2257795.0,events
correlation-stream-cores1,pcm_imc,acts_read,SKT0CHAN7,7,2116336.0,events
correlation-stream-cores1,pcm_imc,acts_read,SKT0CHAN7,8,2116083.0,events
correlation-stream-cores1,pcm_imc,acts_read,SKT0CHAN7,9,2114547.0,events
correlation-stream-cores1,pcm_imc,acts_read,SKT0CHAN7,10,2087125.0,events
correlation-stream-cores1,pcm_imc,acts_read,SKT0CHAN7,11,2115777.0,events
correlation-stream-cores1,pcm_imc,acts_read,SKT0CHAN7,12,2100707.0,events
correlation-stream-cores1,pcm_imc,acts_read,SKT0CHAN7,13,2087049.0,events
correlation-stream-cores1,pcm_imc,acts_read,SKT0CHAN7,14,2070411.0,events
correlation-stream-cores1,pcm_imc,acts_read,SKT0CHAN7,15,2081966.0,events
correlation-stream-cores1,pcm_imc,acts_read,SKT0CHAN7,16,2079384.0,events
correlation-stream-cores1,pcm_imc,acts_read,SKT0CHAN7,17,2112851.0,events
correlation-stream-cores1,pcm_imc,acts_read,SKT0CHAN7,18,2060714.0,events
correlation-stream-cores1,pcm_imc,acts_read,SKT0CHAN7,19,2102561.0,events
correlation-stream-cores1,pcm_imc,acts_read,SKT0CHAN7,20,2076897.0,events
correlation-stream-cores1,pcm_imc,acts_read,SKT0CHAN7,21,2043737.0,events
correlation-stream-cores1,pcm_imc,acts_read,SKT0CHAN7,22,2088703.0,events
correlation-stream-cores1,pcm_imc,acts_read,SKT0CHAN7,23,2078728.0,events
correlation-stream-cores1,pcm_imc,acts_read,SKT0CHAN7,24,2077634.0,events
correlation-stream-cores1,pcm_imc,acts_read,SKT0CHAN7,25,2091124.0,events
correlation-stream-cores1,pcm_imc,acts_read,SKT0CHAN7,26,2078864.0,events
correlation-stream-cores1,pcm_imc,acts_read,SKT0CHAN7,27,2102571.0,events
correlation-stream-cores1,pcm_imc,acts_read,SKT0CHAN7,28,2077779.0,events
correlation-stream-cores1,pcm_imc,acts_read,SKT0CHAN7,29,2096676.0,events
correlation-stream-cores1,pcm_imc,acts_read,SKT0CHAN7,30,2100658.0,events
correlation-stream-cores1,pcm_imc,acts_read,SKT0CHAN7,31,2092293.0,events
correlation-stream-cores1,pcm_imc,acts_read,SKT0CHAN7,32,2090774.0,events
correlation-stream-cores1,pcm_imc,acts_read,SKT0CHAN7,33,2081097.0,events
correlation-stream-cores1,pcm_imc,acts_read,SKT0CHAN7,34,2094606.0,events
correlation-stream-cores1,pcm_imc,acts_read,SKT0CHAN7,35,2083471.0,events
correlation-stream-cores1,pcm_imc,acts_read,SKT0CHAN7,36,2159246.0,events
correlation-stream-cores1,pcm_imc,acts_read,SKT0CHAN7,37,2106419.0,events
correlation-stream-cores1,pcm_imc,acts_read,SKT0CHAN7,38,2262680.0,events
correlation-stream-cores1,pcm_imc,acts_read,SKT0CHAN7,39,2062214.0,events
correlation-stream-cores1,pcm_imc,acts_read,SKT0CHAN7,40,2061788.0,events
correlation-stream-cores1,pcm_imc,acts_read,SKT0CHAN7,41,2113121.0,events
correlation-stream-cores1,pcm_imc,acts_read,SKT0CHAN7,42,2088222.0,events
correlation-stream-cores1,pcm_imc,acts_read,SKT0CHAN7,43,2116808.0,events
correlation-stream-cores1,pcm_imc,acts_read,SKT0CHAN7,44,2095664.0,events
correlation-stream-cores1,pcm_imc,acts_read,SKT0CHAN7,45,2082170.0,events
correlation-stream-cores1,pcm_imc,acts_read,SKT0CHAN7,46,2200224.0,events
correlation-stream-cores1,pcm_imc,acts_read,SKT0CHAN7,47,2094734.0,events
correlation-stream-cores1,pcm_imc,acts_read,SKT0CHAN7,48,2132700.0,events
correlation-stream-cores1,pcm_imc,acts_read,SKT0CHAN7,49,2133466.0,events
correlation-stream-cores1,pcm_imc,acts_read,SKT0CHAN7,50,2061290.0,events
correlation-stream-cores1,pcm_imc,acts_read,SKT0CHAN7,51,2082280.0,events
correlation-stream-cores1,pcm_imc,acts_read,SKT0CHAN7,52,2095812.0,events
correlation-stream-cores1,pcm_imc,acts_read,SKT0CHAN7,53,2122729.0,events
correlation-stream-cores1,pcm_imc,acts_read,SKT0CHAN7,54,2157241.0,events
correlation-stream-cores1,pcm_imc,acts_read,SKT0CHAN7,55,2148308.0,events
correlation-stream-cores1,pcm_imc,acts_read,SKT0CHAN7,56,2134267.0,events
correlation-stream-cores1,pcm_imc,acts_read,SKT0CHAN7,57,2124285.0,events
correlation-stream-cores1,pcm_imc,acts_read,SKT0CHAN7,58,2099863.0,events
correlation-stream-cores1,pcm_imc,acts_read,SKT0CHAN7,59,2091662.0,events
correlation-stream-cores1,pcm_imc,read_activations,SKT0CHAN0,0,2226477.0,events
correlation-stream-cores1,pcm_imc,read_activations,SKT0CHAN0,1,2250956.0,events
correlation-stream-cores1,pcm_imc,read_activations,SKT0CHAN0,2,2252025.0,events
correlation-stream-cores1,pcm_imc,read_activations,SKT0CHAN0,3,2322543.0,events
correlation-stream-cores1,pcm_imc,read_activations,SKT0CHAN0,4,2285052.0,events
correlation-stream-cores1,pcm_imc,read_activations,SKT0CHAN0,5,2319211.0,events
correlation-stream-cores1,pcm_imc,read_activations,SKT0CHAN0,6,2448966.0,events
correlation-stream-cores1,pcm_imc,read_activations,SKT0CHAN0,7,2262271.0,events
correlation-stream-cores1,pcm_imc,read_activations,SKT0CHAN0,8,2298620.0,events
correlation-stream-cores1,pcm_imc,read_activations,SKT0CHAN0,9,2295821.0,events
correlation-stream-cores1,pcm_imc,read_activations,SKT0CHAN0,10,2267526.0,events
correlation-stream-cores1,pcm_imc,read_activations,SKT0CHAN0,11,2277404.0,events
correlation-stream-cores1,pcm_imc,read_activations,SKT0CHAN0,12,2289533.0,events
correlation-stream-cores1,pcm_imc,read_activations,SKT0CHAN0,13,2287298.0,events
correlation-stream-cores1,pcm_imc,read_activations,SKT0CHAN0,14,2245324.0,events
correlation-stream-cores1,pcm_imc,read_activations,SKT0CHAN0,15,2280236.0,events
correlation-stream-cores1,pcm_imc,read_activations,SKT0CHAN0,16,2267692.0,events
correlation-stream-cores1,pcm_imc,read_activations,SKT0CHAN0,17,2269509.0,events
correlation-stream-cores1,pcm_imc,read_activations,SKT0CHAN0,18,2226563.0,events
correlation-stream-cores1,pcm_imc,read_activations,SKT0CHAN0,19,2269483.0,events
correlation-stream-cores1,pcm_imc,read_activations,SKT0CHAN0,20,2239777.0,events
correlation-stream-cores1,pcm_imc,read_activations,SKT0CHAN0,21,2212547.0,events
correlation-stream-cores1,pcm_imc,read_activations,SKT0CHAN0,22,2264521.0,events
correlation-stream-cores1,pcm_imc,read_activations,SKT0CHAN0,23,2278572.0,events
correlation-stream-cores1,pcm_imc,read_activations,SKT0CHAN0,24,2248642.0,events
correlation-stream-cores1,pcm_imc,read_activations,SKT0CHAN0,25,2286917.0,events
correlation-stream-cores1,pcm_imc,read_activations,SKT0CHAN0,26,2271194.0,events
correlation-stream-cores1,pcm_imc,read_activations,SKT0CHAN0,27,2280437.0,events
correlation-stream-cores1,pcm_imc,read_activations,SKT0CHAN0,28,2271072.0,events
correlation-stream-cores1,pcm_imc,read_activations,SKT0CHAN0,29,2274038.0,events
correlation-stream-cores1,pcm_imc,read_activations,SKT0CHAN0,30,2278426.0,events
correlation-stream-cores1,pcm_imc,read_activations,SKT0CHAN0,31,2307730.0,events
correlation-stream-cores1,pcm_imc,read_activations,SKT0CHAN0,32,2282076.0,events
correlation-stream-cores1,pcm_imc,read_activations,SKT0CHAN0,33,2301265.0,events
correlation-stream-cores1,pcm_imc,read_activations,SKT0CHAN0,34,2288706.0,events
correlation-stream-cores1,pcm_imc,read_activations,SKT0CHAN0,35,2276282.0,events
correlation-stream-cores1,pcm_imc,read_activations,SKT0CHAN0,36,2376032.0,events
correlation-stream-cores1,pcm_imc,read_activations,SKT0CHAN0,37,2328451.0,events
correlation-stream-cores1,pcm_imc,read_activations,SKT0CHAN0,38,2426738.0,events
correlation-stream-cores1,pcm_imc,read_activations,SKT0CHAN0,39,2240420.0,events
correlation-stream-cores1,pcm_imc,read_activations,SKT0CHAN0,40,2249253.0,events
correlation-stream-cores1,pcm_imc,read_activations,SKT0CHAN0,41,2278968.0,events
correlation-stream-cores1,pcm_imc,read_activations,SKT0CHAN0,42,2270222.0,events
correlation-stream-cores1,pcm_imc,read_activations,SKT0CHAN0,43,2300000.0,events
correlation-stream-cores1,pcm_imc,read_activations,SKT0CHAN0,44,2295559.0,events
correlation-stream-cores1,pcm_imc,read_activations,SKT0CHAN0,45,2233839.0,events
correlation-stream-cores1,pcm_imc,read_activations,SKT0CHAN0,46,2415456.0,events
correlation-stream-cores1,pcm_imc,read_activations,SKT0CHAN0,47,2275574.0,events
correlation-stream-cores1,pcm_imc,read_activations,SKT0CHAN0,48,2246254.0,events
correlation-stream-cores1,pcm_imc,read_activations,SKT0CHAN0,49,2274708.0,events
correlation-stream-cores1,pcm_imc,read_activations,SKT0CHAN0,50,2263934.0,events
correlation-stream-cores1,pcm_imc,read_activations,SKT0CHAN0,51,2241133.0,events
correlation-stream-cores1,pcm_imc,read_activations,SKT0CHAN0,52,2268585.0,events
correlation-stream-cores1,pcm_imc,read_activations,SKT0CHAN0,53,2299459.0,events
correlation-stream-cores1,pcm_imc,read_activations,SKT0CHAN0,54,2329591.0,events
correlation-stream-cores1,pcm_imc,read_activations,SKT0CHAN0,55,2380361.0,events
correlation-stream-cores1,pcm_imc,read_activations,SKT0CHAN0,56,2312241.0,events
correlation-stream-cores1,pcm_imc,read_activations,SKT0CHAN0,57,2282832.0,events
correlation-stream-cores1,pcm_imc,read_activations,SKT0CHAN0,58,2278067.0,events
correlation-stream-cores1,pcm_imc,read_activations,SKT0CHAN0,59,2288178.0,events
correlation-stream-cores1,pcm_imc,read_activations,SKT0CHAN1,0,2309689.0,events
correlation-stream-cores1,pcm_imc,read_activations,SKT0CHAN1,1,2320640.0,events
correlation-stream-cores1,pcm_imc,read_activations,SKT0CHAN1,2,2287099.0,events
correlation-stream-cores1,pcm_imc,read_activations,SKT0CHAN1,3,2404935.0,events
correlation-stream-cores1,pcm_imc,read_activations,SKT0CHAN1,4,2372915.0,events
correlation-stream-cores1,pcm_imc,read_activations,SKT0CHAN1,5,2372125.0,events
correlation-stream-cores1,pcm_imc,read_activations,SKT0CHAN1,6,2461253.0,events
correlation-stream-cores1,pcm_imc,read_activations,SKT0CHAN1,7,2335077.0,events
correlation-stream-cores1,pcm_imc,read_activations,SKT0CHAN1,8,2339514.0,events
correlation-stream-cores1,pcm_imc,read_activations,SKT0CHAN1,9,2346238.0,events
correlation-stream-cores1,pcm_imc,read_activations,SKT0CHAN1,10,2292672.0,events
correlation-stream-cores1,pcm_imc,read_activations,SKT0CHAN1,11,2337779.0,events
correlation-stream-cores1,pcm_imc,read_activations,SKT0CHAN1,12,2334124.0,events
correlation-stream-cores1,pcm_imc,read_activations,SKT0CHAN1,13,2292571.0,events
correlation-stream-cores1,pcm_imc,read_activations,SKT0CHAN1,14,2304414.0,events
correlation-stream-cores1,pcm_imc,read_activations,SKT0CHAN1,15,2284118.0,events
correlation-stream-cores1,pcm_imc,read_activations,SKT0CHAN1,16,2305268.0,events
correlation-stream-cores1,pcm_imc,read_activations,SKT0CHAN1,17,2347395.0,events
correlation-stream-cores1,pcm_imc,read_activations,SKT0CHAN1,18,2286243.0,events
correlation-stream-cores1,pcm_imc,read_activations,SKT0CHAN1,19,2308663.0,events
correlation-stream-cores1,pcm_imc,read_activations,SKT0CHAN1,20,2256760.0,events
correlation-stream-cores1,pcm_imc,read_activations,SKT0CHAN1,21,2305116.0,events
correlation-stream-cores1,pcm_imc,read_activations,SKT0CHAN1,22,2324903.0,events
correlation-stream-cores1,pcm_imc,read_activations,SKT0CHAN1,23,2309090.0,events
correlation-stream-cores1,pcm_imc,read_activations,SKT0CHAN1,24,2330921.0,events
correlation-stream-cores1,pcm_imc,read_activations,SKT0CHAN1,25,2290531.0,events
correlation-stream-cores1,pcm_imc,read_activations,SKT0CHAN1,26,2321531.0,events
correlation-stream-cores1,pcm_imc,read_activations,SKT0CHAN1,27,2342635.0,events
correlation-stream-cores1,pcm_imc,read_activations,SKT0CHAN1,28,2289284.0,events
correlation-stream-cores1,pcm_imc,read_activations,SKT0CHAN1,29,2347348.0,events
correlation-stream-cores1,pcm_imc,read_activations,SKT0CHAN1,30,2337412.0,events
correlation-stream-cores1,pcm_imc,read_activations,SKT0CHAN1,31,2316986.0,events
correlation-stream-cores1,pcm_imc,read_activations,SKT0CHAN1,32,2319315.0,events
correlation-stream-cores1,pcm_imc,read_activations,SKT0CHAN1,33,2320665.0,events
correlation-stream-cores1,pcm_imc,read_activations,SKT0CHAN1,34,2297330.0,events
correlation-stream-cores1,pcm_imc,read_activations,SKT0CHAN1,35,2347925.0,events
correlation-stream-cores1,pcm_imc,read_activations,SKT0CHAN1,36,2405461.0,events
correlation-stream-cores1,pcm_imc,read_activations,SKT0CHAN1,37,2356697.0,events
correlation-stream-cores1,pcm_imc,read_activations,SKT0CHAN1,38,2498286.0,events
correlation-stream-cores1,pcm_imc,read_activations,SKT0CHAN1,39,2324341.0,events
correlation-stream-cores1,pcm_imc,read_activations,SKT0CHAN1,40,2323600.0,events
correlation-stream-cores1,pcm_imc,read_activations,SKT0CHAN1,41,2367616.0,events
correlation-stream-cores1,pcm_imc,read_activations,SKT0CHAN1,42,2317110.0,events
correlation-stream-cores1,pcm_imc,read_activations,SKT0CHAN1,43,2359425.0,events
correlation-stream-cores1,pcm_imc,read_activations,SKT0CHAN1,44,2326047.0,events
correlation-stream-cores1,pcm_imc,read_activations,SKT0CHAN1,45,2310788.0,events
correlation-stream-cores1,pcm_imc,read_activations,SKT0CHAN1,46,2417268.0,events
correlation-stream-cores1,pcm_imc,read_activations,SKT0CHAN1,47,2299135.0,events
correlation-stream-cores1,pcm_imc,read_activations,SKT0CHAN1,48,2347543.0,events
correlation-stream-cores1,pcm_imc,read_activations,SKT0CHAN1,49,2365957.0,events
correlation-stream-cores1,pcm_imc,read_activations,SKT0CHAN1,50,2310141.0,events
correlation-stream-cores1,pcm_imc,read_activations,SKT0CHAN1,51,2302581.0,events
correlation-stream-cores1,pcm_imc,read_activations,SKT0CHAN1,52,2305243.0,events
correlation-stream-cores1,pcm_imc,read_activations,SKT0CHAN1,53,2360126.0,events
correlation-stream-cores1,pcm_imc,read_activations,SKT0CHAN1,54,2405576.0,events
correlation-stream-cores1,pcm_imc,read_activations,SKT0CHAN1,55,2412884.0,events
correlation-stream-cores1,pcm_imc,read_activations,SKT0CHAN1,56,2298074.0,events
correlation-stream-cores1,pcm_imc,read_activations,SKT0CHAN1,57,2357428.0,events
correlation-stream-cores1,pcm_imc,read_activations,SKT0CHAN1,58,2354362.0,events
correlation-stream-cores1,pcm_imc,read_activations,SKT0CHAN1,59,2352543.0,events
correlation-stream-cores1,pcm_imc,read_activations,SKT0CHAN2,0,2362238.0,events
correlation-stream-cores1,pcm_imc,read_activations,SKT0CHAN2,1,2413094.0,events
correlation-stream-cores1,pcm_imc,read_activations,SKT0CHAN2,2,2362700.0,events
correlation-stream-cores1,pcm_imc,read_activations,SKT0CHAN2,3,2428701.0,events
correlation-stream-cores1,pcm_imc,read_activations,SKT0CHAN2,4,2399327.0,events
correlation-stream-cores1,pcm_imc,read_activations,SKT0CHAN2,5,2452522.0,events
correlation-stream-cores1,pcm_imc,read_activations,SKT0CHAN2,6,2537806.0,events
correlation-stream-cores1,pcm_imc,read_activations,SKT0CHAN2,7,2406356.0,events
correlation-stream-cores1,pcm_imc,read_activations,SKT0CHAN2,8,2376609.0,events
correlation-stream-cores1,pcm_imc,read_activations,SKT0CHAN2,9,2392470.0,events
correlation-stream-cores1,pcm_imc,read_activations,SKT0CHAN2,10,2358289.0,events
correlation-stream-cores1,pcm_imc,read_activations,SKT0CHAN2,11,2456404.0,events
correlation-stream-cores1,pcm_imc,read_activations,SKT0CHAN2,12,2410407.0,events
correlation-stream-cores1,pcm_imc,read_activations,SKT0CHAN2,13,2366440.0,events
correlation-stream-cores1,pcm_imc,read_activations,SKT0CHAN2,14,2323307.0,events
correlation-stream-cores1,pcm_imc,read_activations,SKT0CHAN2,15,2350771.0,events
correlation-stream-cores1,pcm_imc,read_activations,SKT0CHAN2,16,2414884.0,events
correlation-stream-cores1,pcm_imc,read_activations,SKT0CHAN2,17,2367876.0,events
correlation-stream-cores1,pcm_imc,read_activations,SKT0CHAN2,18,2360715.0,events
correlation-stream-cores1,pcm_imc,read_activations,SKT0CHAN2,19,2370922.0,events
correlation-stream-cores1,pcm_imc,read_activations,SKT0CHAN2,20,2336151.0,events
correlation-stream-cores1,pcm_imc,read_activations,SKT0CHAN2,21,2344449.0,events
correlation-stream-cores1,pcm_imc,read_activations,SKT0CHAN2,22,2348962.0,events
correlation-stream-cores1,pcm_imc,read_activations,SKT0CHAN2,23,2350351.0,events
correlation-stream-cores1,pcm_imc,read_activations,SKT0CHAN2,24,2365006.0,events
correlation-stream-cores1,pcm_imc,read_activations,SKT0CHAN2,25,2355305.0,events
correlation-stream-cores1,pcm_imc,read_activations,SKT0CHAN2,26,2322003.0,events
correlation-stream-cores1,pcm_imc,read_activations,SKT0CHAN2,27,2416344.0,events
correlation-stream-cores1,pcm_imc,read_activations,SKT0CHAN2,28,2399459.0,events
correlation-stream-cores1,pcm_imc,read_activations,SKT0CHAN2,29,2389821.0,events
correlation-stream-cores1,pcm_imc,read_activations,SKT0CHAN2,30,2371922.0,events
correlation-stream-cores1,pcm_imc,read_activations,SKT0CHAN2,31,2377321.0,events
correlation-stream-cores1,pcm_imc,read_activations,SKT0CHAN2,32,2350814.0,events
correlation-stream-cores1,pcm_imc,read_activations,SKT0CHAN2,33,2332220.0,events
correlation-stream-cores1,pcm_imc,read_activations,SKT0CHAN2,34,2405642.0,events
correlation-stream-cores1,pcm_imc,read_activations,SKT0CHAN2,35,2357995.0,events
correlation-stream-cores1,pcm_imc,read_activations,SKT0CHAN2,36,2417844.0,events
correlation-stream-cores1,pcm_imc,read_activations,SKT0CHAN2,37,2414176.0,events
correlation-stream-cores1,pcm_imc,read_activations,SKT0CHAN2,38,2556786.0,events
correlation-stream-cores1,pcm_imc,read_activations,SKT0CHAN2,39,2382989.0,events
correlation-stream-cores1,pcm_imc,read_activations,SKT0CHAN2,40,2373417.0,events
correlation-stream-cores1,pcm_imc,read_activations,SKT0CHAN2,41,2407060.0,events
correlation-stream-cores1,pcm_imc,read_activations,SKT0CHAN2,42,2360537.0,events
correlation-stream-cores1,pcm_imc,read_activations,SKT0CHAN2,43,2393013.0,events
correlation-stream-cores1,pcm_imc,read_activations,SKT0CHAN2,44,2394345.0,events
correlation-stream-cores1,pcm_imc,read_activations,SKT0CHAN2,45,2372753.0,events
correlation-stream-cores1,pcm_imc,read_activations,SKT0CHAN2,46,2456956.0,events
correlation-stream-cores1,pcm_imc,read_activations,SKT0CHAN2,47,2368517.0,events
correlation-stream-cores1,pcm_imc,read_activations,SKT0CHAN2,48,2390647.0,events
correlation-stream-cores1,pcm_imc,read_activations,SKT0CHAN2,49,2430596.0,events
correlation-stream-cores1,pcm_imc,read_activations,SKT0CHAN2,50,2350253.0,events
correlation-stream-cores1,pcm_imc,read_activations,SKT0CHAN2,51,2363142.0,events
correlation-stream-cores1,pcm_imc,read_activations,SKT0CHAN2,52,2307882.0,events
correlation-stream-cores1,pcm_imc,read_activations,SKT0CHAN2,53,2359471.0,events
correlation-stream-cores1,pcm_imc,read_activations,SKT0CHAN2,54,2461201.0,events
correlation-stream-cores1,pcm_imc,read_activations,SKT0CHAN2,55,2432570.0,events
correlation-stream-cores1,pcm_imc,read_activations,SKT0CHAN2,56,2394836.0,events
correlation-stream-cores1,pcm_imc,read_activations,SKT0CHAN2,57,2389495.0,events
correlation-stream-cores1,pcm_imc,read_activations,SKT0CHAN2,58,2382553.0,events
correlation-stream-cores1,pcm_imc,read_activations,SKT0CHAN2,59,2384014.0,events
correlation-stream-cores1,pcm_imc,read_activations,SKT0CHAN3,0,2311263.0,events
correlation-stream-cores1,pcm_imc,read_activations,SKT0CHAN3,1,2342204.0,events
correlation-stream-cores1,pcm_imc,read_activations,SKT0CHAN3,2,2295571.0,events
correlation-stream-cores1,pcm_imc,read_activations,SKT0CHAN3,3,2424296.0,events
correlation-stream-cores1,pcm_imc,read_activations,SKT0CHAN3,4,2344963.0,events
correlation-stream-cores1,pcm_imc,read_activations,SKT0CHAN3,5,2396053.0,events
correlation-stream-cores1,pcm_imc,read_activations,SKT0CHAN3,6,2494652.0,events
correlation-stream-cores1,pcm_imc,read_activations,SKT0CHAN3,7,2357891.0,events
correlation-stream-cores1,pcm_imc,read_activations,SKT0CHAN3,8,2319294.0,events
correlation-stream-cores1,pcm_imc,read_activations,SKT0CHAN3,9,2324541.0,events
correlation-stream-cores1,pcm_imc,read_activations,SKT0CHAN3,10,2316284.0,events
correlation-stream-cores1,pcm_imc,read_activations,SKT0CHAN3,11,2380239.0,events
correlation-stream-cores1,pcm_imc,read_activations,SKT0CHAN3,12,2312813.0,events
correlation-stream-cores1,pcm_imc,read_activations,SKT0CHAN3,13,2313295.0,events
correlation-stream-cores1,pcm_imc,read_activations,SKT0CHAN3,14,2271731.0,events
correlation-stream-cores1,pcm_imc,read_activations,SKT0CHAN3,15,2293867.0,events
correlation-stream-cores1,pcm_imc,read_activations,SKT0CHAN3,16,2296246.0,events
correlation-stream-cores1,pcm_imc,read_activations,SKT0CHAN3,17,2334846.0,events
correlation-stream-cores1,pcm_imc,read_activations,SKT0CHAN3,18,2332971.0,events
correlation-stream-cores1,pcm_imc,read_activations,SKT0CHAN3,19,2301836.0,events
correlation-stream-cores1,pcm_imc,read_activations,SKT0CHAN3,20,2311395.0,events
correlation-stream-cores1,pcm_imc,read_activations,SKT0CHAN3,21,2299393.0,events
correlation-stream-cores1,pcm_imc,read_activations,SKT0CHAN3,22,2328530.0,events
correlation-stream-cores1,pcm_imc,read_activations,SKT0CHAN3,23,2298111.0,events
correlation-stream-cores1,pcm_imc,read_activations,SKT0CHAN3,24,2324825.0,events
correlation-stream-cores1,pcm_imc,read_activations,SKT0CHAN3,25,2298760.0,events
correlation-stream-cores1,pcm_imc,read_activations,SKT0CHAN3,26,2271676.0,events
correlation-stream-cores1,pcm_imc,read_activations,SKT0CHAN3,27,2324570.0,events
correlation-stream-cores1,pcm_imc,read_activations,SKT0CHAN3,28,2294453.0,events
correlation-stream-cores1,pcm_imc,read_activations,SKT0CHAN3,29,2311259.0,events
correlation-stream-cores1,pcm_imc,read_activations,SKT0CHAN3,30,2368840.0,events
correlation-stream-cores1,pcm_imc,read_activations,SKT0CHAN3,31,2333251.0,events
correlation-stream-cores1,pcm_imc,read_activations,SKT0CHAN3,32,2284639.0,events
correlation-stream-cores1,pcm_imc,read_activations,SKT0CHAN3,33,2322554.0,events
correlation-stream-cores1,pcm_imc,read_activations,SKT0CHAN3,34,2313735.0,events
correlation-stream-cores1,pcm_imc,read_activations,SKT0CHAN3,35,2325308.0,events
correlation-stream-cores1,pcm_imc,read_activations,SKT0CHAN3,36,2387583.0,events
correlation-stream-cores1,pcm_imc,read_activations,SKT0CHAN3,37,2327330.0,events
correlation-stream-cores1,pcm_imc,read_activations,SKT0CHAN3,38,2482594.0,events
correlation-stream-cores1,pcm_imc,read_activations,SKT0CHAN3,39,2301926.0,events
correlation-stream-cores1,pcm_imc,read_activations,SKT0CHAN3,40,2331479.0,events
correlation-stream-cores1,pcm_imc,read_activations,SKT0CHAN3,41,2383614.0,events
correlation-stream-cores1,pcm_imc,read_activations,SKT0CHAN3,42,2351723.0,events
correlation-stream-cores1,pcm_imc,read_activations,SKT0CHAN3,43,2304358.0,events
correlation-stream-cores1,pcm_imc,read_activations,SKT0CHAN3,44,2351841.0,events
correlation-stream-cores1,pcm_imc,read_activations,SKT0CHAN3,45,2348336.0,events
correlation-stream-cores1,pcm_imc,read_activations,SKT0CHAN3,46,2405993.0,events
correlation-stream-cores1,pcm_imc,read_activations,SKT0CHAN3,47,2306020.0,events
correlation-stream-cores1,pcm_imc,read_activations,SKT0CHAN3,48,2302396.0,events
correlation-stream-cores1,pcm_imc,read_activations,SKT0CHAN3,49,2379771.0,events
correlation-stream-cores1,pcm_imc,read_activations,SKT0CHAN3,50,2318934.0,events
correlation-stream-cores1,pcm_imc,read_activations,SKT0CHAN3,51,2301951.0,events
correlation-stream-cores1,pcm_imc,read_activations,SKT0CHAN3,52,2290771.0,events
correlation-stream-cores1,pcm_imc,read_activations,SKT0CHAN3,53,2338374.0,events
correlation-stream-cores1,pcm_imc,read_activations,SKT0CHAN3,54,2387144.0,events
correlation-stream-cores1,pcm_imc,read_activations,SKT0CHAN3,55,2421114.0,events
correlation-stream-cores1,pcm_imc,read_activations,SKT0CHAN3,56,2368053.0,events
correlation-stream-cores1,pcm_imc,read_activations,SKT0CHAN3,57,2363647.0,events
correlation-stream-cores1,pcm_imc,read_activations,SKT0CHAN3,58,2377813.0,events
correlation-stream-cores1,pcm_imc,read_activations,SKT0CHAN3,59,2321242.0,events
correlation-stream-cores1,pcm_imc,read_activations,SKT0CHAN4,0,2198101.0,events
correlation-stream-cores1,pcm_imc,read_activations,SKT0CHAN4,1,2200298.0,events
correlation-stream-cores1,pcm_imc,read_activations,SKT0CHAN4,2,2199078.0,events
correlation-stream-cores1,pcm_imc,read_activations,SKT0CHAN4,3,2234360.0,events
correlation-stream-cores1,pcm_imc,read_activations,SKT0CHAN4,4,2244342.0,events
correlation-stream-cores1,pcm_imc,read_activations,SKT0CHAN4,5,2281149.0,events
correlation-stream-cores1,pcm_imc,read_activations,SKT0CHAN4,6,2381528.0,events
correlation-stream-cores1,pcm_imc,read_activations,SKT0CHAN4,7,2217719.0,events
correlation-stream-cores1,pcm_imc,read_activations,SKT0CHAN4,8,2234301.0,events
correlation-stream-cores1,pcm_imc,read_activations,SKT0CHAN4,9,2191528.0,events
correlation-stream-cores1,pcm_imc,read_activations,SKT0CHAN4,10,2184108.0,events
correlation-stream-cores1,pcm_imc,read_activations,SKT0CHAN4,11,2248231.0,events
correlation-stream-cores1,pcm_imc,read_activations,SKT0CHAN4,12,2252196.0,events
correlation-stream-cores1,pcm_imc,read_activations,SKT0CHAN4,13,2182886.0,events
correlation-stream-cores1,pcm_imc,read_activations,SKT0CHAN4,14,2164407.0,events
correlation-stream-cores1,pcm_imc,read_activations,SKT0CHAN4,15,2176498.0,events
correlation-stream-cores1,pcm_imc,read_activations,SKT0CHAN4,16,2205650.0,events
correlation-stream-cores1,pcm_imc,read_activations,SKT0CHAN4,17,2170594.0,events
correlation-stream-cores1,pcm_imc,read_activations,SKT0CHAN4,18,2168296.0,events
correlation-stream-cores1,pcm_imc,read_activations,SKT0CHAN4,19,2171175.0,events
correlation-stream-cores1,pcm_imc,read_activations,SKT0CHAN4,20,2106081.0,events
correlation-stream-cores1,pcm_imc,read_activations,SKT0CHAN4,21,2161447.0,events
correlation-stream-cores1,pcm_imc,read_activations,SKT0CHAN4,22,2217404.0,events
correlation-stream-cores1,pcm_imc,read_activations,SKT0CHAN4,23,2150806.0,events
correlation-stream-cores1,pcm_imc,read_activations,SKT0CHAN4,24,2178506.0,events
correlation-stream-cores1,pcm_imc,read_activations,SKT0CHAN4,25,2188279.0,events
correlation-stream-cores1,pcm_imc,read_activations,SKT0CHAN4,26,2176135.0,events
correlation-stream-cores1,pcm_imc,read_activations,SKT0CHAN4,27,2195040.0,events
correlation-stream-cores1,pcm_imc,read_activations,SKT0CHAN4,28,2154745.0,events
correlation-stream-cores1,pcm_imc,read_activations,SKT0CHAN4,29,2227018.0,events
correlation-stream-cores1,pcm_imc,read_activations,SKT0CHAN4,30,2228636.0,events
correlation-stream-cores1,pcm_imc,read_activations,SKT0CHAN4,31,2193304.0,events
correlation-stream-cores1,pcm_imc,read_activations,SKT0CHAN4,32,2160576.0,events
correlation-stream-cores1,pcm_imc,read_activations,SKT0CHAN4,33,2188677.0,events
correlation-stream-cores1,pcm_imc,read_activations,SKT0CHAN4,34,2184358.0,events
correlation-stream-cores1,pcm_imc,read_activations,SKT0CHAN4,35,2207676.0,events
correlation-stream-cores1,pcm_imc,read_activations,SKT0CHAN4,36,2284043.0,events
correlation-stream-cores1,pcm_imc,read_activations,SKT0CHAN4,37,2229499.0,events
correlation-stream-cores1,pcm_imc,read_activations,SKT0CHAN4,38,2385026.0,events
correlation-stream-cores1,pcm_imc,read_activations,SKT0CHAN4,39,2158970.0,events
correlation-stream-cores1,pcm_imc,read_activations,SKT0CHAN4,40,2203322.0,events
correlation-stream-cores1,pcm_imc,read_activations,SKT0CHAN4,41,2227714.0,events
correlation-stream-cores1,pcm_imc,read_activations,SKT0CHAN4,42,2183335.0,events
correlation-stream-cores1,pcm_imc,read_activations,SKT0CHAN4,43,2203476.0,events
correlation-stream-cores1,pcm_imc,read_activations,SKT0CHAN4,44,2164401.0,events
correlation-stream-cores1,pcm_imc,read_activations,SKT0CHAN4,45,2184307.0,events
correlation-stream-cores1,pcm_imc,read_activations,SKT0CHAN4,46,2252747.0,events
correlation-stream-cores1,pcm_imc,read_activations,SKT0CHAN4,47,2228225.0,events
correlation-stream-cores1,pcm_imc,read_activations,SKT0CHAN4,48,2179134.0,events
correlation-stream-cores1,pcm_imc,read_activations,SKT0CHAN4,49,2240731.0,events
correlation-stream-cores1,pcm_imc,read_activations,SKT0CHAN4,50,2163969.0,events
correlation-stream-cores1,pcm_imc,read_activations,SKT0CHAN4,51,2127998.0,events
correlation-stream-cores1,pcm_imc,read_activations,SKT0CHAN4,52,2178899.0,events
correlation-stream-cores1,pcm_imc,read_activations,SKT0CHAN4,53,2201281.0,events
correlation-stream-cores1,pcm_imc,read_activations,SKT0CHAN4,54,2266167.0,events
correlation-stream-cores1,pcm_imc,read_activations,SKT0CHAN4,55,2296423.0,events
correlation-stream-cores1,pcm_imc,read_activations,SKT0CHAN4,56,2224554.0,events
correlation-stream-cores1,pcm_imc,read_activations,SKT0CHAN4,57,2208955.0,events
correlation-stream-cores1,pcm_imc,read_activations,SKT0CHAN4,58,2200191.0,events
correlation-stream-cores1,pcm_imc,read_activations,SKT0CHAN4,59,2185000.0,events
correlation-stream-cores1,pcm_imc,read_activations,SKT0CHAN5,0,2154589.0,events
correlation-stream-cores1,pcm_imc,read_activations,SKT0CHAN5,1,2155678.0,events
correlation-stream-cores1,pcm_imc,read_activations,SKT0CHAN5,2,2140790.0,events
correlation-stream-cores1,pcm_imc,read_activations,SKT0CHAN5,3,2193575.0,events
correlation-stream-cores1,pcm_imc,read_activations,SKT0CHAN5,4,2178431.0,events
correlation-stream-cores1,pcm_imc,read_activations,SKT0CHAN5,5,2195021.0,events
correlation-stream-cores1,pcm_imc,read_activations,SKT0CHAN5,6,2334319.0,events
correlation-stream-cores1,pcm_imc,read_activations,SKT0CHAN5,7,2192468.0,events
correlation-stream-cores1,pcm_imc,read_activations,SKT0CHAN5,8,2185465.0,events
correlation-stream-cores1,pcm_imc,read_activations,SKT0CHAN5,9,2190173.0,events
correlation-stream-cores1,pcm_imc,read_activations,SKT0CHAN5,10,2149027.0,events
correlation-stream-cores1,pcm_imc,read_activations,SKT0CHAN5,11,2221674.0,events
correlation-stream-cores1,pcm_imc,read_activations,SKT0CHAN5,12,2181346.0,events
correlation-stream-cores1,pcm_imc,read_activations,SKT0CHAN5,13,2122744.0,events
correlation-stream-cores1,pcm_imc,read_activations,SKT0CHAN5,14,2140646.0,events
correlation-stream-cores1,pcm_imc,read_activations,SKT0CHAN5,15,2119289.0,events
correlation-stream-cores1,pcm_imc,read_activations,SKT0CHAN5,16,2161236.0,events
correlation-stream-cores1,pcm_imc,read_activations,SKT0CHAN5,17,2171316.0,events
correlation-stream-cores1,pcm_imc,read_activations,SKT0CHAN5,18,2157682.0,events
correlation-stream-cores1,pcm_imc,read_activations,SKT0CHAN5,19,2145206.0,events
correlation-stream-cores1,pcm_imc,read_activations,SKT0CHAN5,20,2107186.0,events
correlation-stream-cores1,pcm_imc,read_activations,SKT0CHAN5,21,2148457.0,events
correlation-stream-cores1,pcm_imc,read_activations,SKT0CHAN5,22,2145625.0,events
correlation-stream-cores1,pcm_imc,read_activations,SKT0CHAN5,23,2111553.0,events
correlation-stream-cores1,pcm_imc,read_activations,SKT0CHAN5,24,2120150.0,events
correlation-stream-cores1,pcm_imc,read_activations,SKT0CHAN5,25,2141218.0,events
correlation-stream-cores1,pcm_imc,read_activations,SKT0CHAN5,26,2088734.0,events
correlation-stream-cores1,pcm_imc,read_activations,SKT0CHAN5,27,2162520.0,events
correlation-stream-cores1,pcm_imc,read_activations,SKT0CHAN5,28,2118391.0,events
correlation-stream-cores1,pcm_imc,read_activations,SKT0CHAN5,29,2156184.0,events
correlation-stream-cores1,pcm_imc,read_activations,SKT0CHAN5,30,2188527.0,events
correlation-stream-cores1,pcm_imc,read_activations,SKT0CHAN5,31,2147599.0,events
correlation-stream-cores1,pcm_imc,read_activations,SKT0CHAN5,32,2108785.0,events
correlation-stream-cores1,pcm_imc,read_activations,SKT0CHAN5,33,2134064.0,events
correlation-stream-cores1,pcm_imc,read_activations,SKT0CHAN5,34,2200852.0,events
correlation-stream-cores1,pcm_imc,read_activations,SKT0CHAN5,35,2159586.0,events
correlation-stream-cores1,pcm_imc,read_activations,SKT0CHAN5,36,2235688.0,events
correlation-stream-cores1,pcm_imc,read_activations,SKT0CHAN5,37,2187663.0,events
correlation-stream-cores1,pcm_imc,read_activations,SKT0CHAN5,38,2311776.0,events
correlation-stream-cores1,pcm_imc,read_activations,SKT0CHAN5,39,2112732.0,events
correlation-stream-cores1,pcm_imc,read_activations,SKT0CHAN5,40,2140299.0,events
correlation-stream-cores1,pcm_imc,read_activations,SKT0CHAN5,41,2193356.0,events
correlation-stream-cores1,pcm_imc,read_activations,SKT0CHAN5,42,2132987.0,events
correlation-stream-cores1,pcm_imc,read_activations,SKT0CHAN5,43,2110057.0,events
correlation-stream-cores1,pcm_imc,read_activations,SKT0CHAN5,44,2165366.0,events
correlation-stream-cores1,pcm_imc,read_activations,SKT0CHAN5,45,2136082.0,events
correlation-stream-cores1,pcm_imc,read_activations,SKT0CHAN5,46,2217391.0,events
correlation-stream-cores1,pcm_imc,read_activations,SKT0CHAN5,47,2171187.0,events
correlation-stream-cores1,pcm_imc,read_activations,SKT0CHAN5,48,2160861.0,events
correlation-stream-cores1,pcm_imc,read_activations,SKT0CHAN5,49,2200555.0,events
correlation-stream-cores1,pcm_imc,read_activations,SKT0CHAN5,50,2134687.0,events
correlation-stream-cores1,pcm_imc,read_activations,SKT0CHAN5,51,2143441.0,events
correlation-stream-cores1,pcm_imc,read_activations,SKT0CHAN5,52,2153574.0,events
correlation-stream-cores1,pcm_imc,read_activations,SKT0CHAN5,53,2143492.0,events
correlation-stream-cores1,pcm_imc,read_activations,SKT0CHAN5,54,2211396.0,events
correlation-stream-cores1,pcm_imc,read_activations,SKT0CHAN5,55,2249919.0,events
correlation-stream-cores1,pcm_imc,read_activations,SKT0CHAN5,56,2172402.0,events
correlation-stream-cores1,pcm_imc,read_activations,SKT0CHAN5,57,2206956.0,events
correlation-stream-cores1,pcm_imc,read_activations,SKT0CHAN5,58,2162904.0,events
correlation-stream-cores1,pcm_imc,read_activations,SKT0CHAN5,59,2139768.0,events
correlation-stream-cores1,pcm_imc,read_activations,SKT0CHAN6,0,2296362.0,events
correlation-stream-cores1,pcm_imc,read_activations,SKT0CHAN6,1,2318904.0,events
correlation-stream-cores1,pcm_imc,read_activations,SKT0CHAN6,2,2289071.0,events
correlation-stream-cores1,pcm_imc,read_activations,SKT0CHAN6,3,2401398.0,events
correlation-stream-cores1,pcm_imc,read_activations,SKT0CHAN6,4,2317844.0,events
correlation-stream-cores1,pcm_imc,read_activations,SKT0CHAN6,5,2388344.0,events
correlation-stream-cores1,pcm_imc,read_activations,SKT0CHAN6,6,2492948.0,events
correlation-stream-cores1,pcm_imc,read_activations,SKT0CHAN6,7,2366652.0,events
correlation-stream-cores1,pcm_imc,read_activations,SKT0CHAN6,8,2359127.0,events
correlation-stream-cores1,pcm_imc,read_activations,SKT0CHAN6,9,2347382.0,events
correlation-stream-cores1,pcm_imc,read_activations,SKT0CHAN6,10,2314882.0,events
correlation-stream-cores1,pcm_imc,read_activations,SKT0CHAN6,11,2368364.0,events
correlation-stream-cores1,pcm_imc,read_activations,SKT0CHAN6,12,2355637.0,events
correlation-stream-cores1,pcm_imc,read_activations,SKT0CHAN6,13,2322309.0,events
correlation-stream-cores1,pcm_imc,read_activations,SKT0CHAN6,14,2316446.0,events
correlation-stream-cores1,pcm_imc,read_activations,SKT0CHAN6,15,2337797.0,events
correlation-stream-cores1,pcm_imc,read_activations,SKT0CHAN6,16,2345416.0,events
correlation-stream-cores1,pcm_imc,read_activations,SKT0CHAN6,17,2356460.0,events
correlation-stream-cores1,pcm_imc,read_activations,SKT0CHAN6,18,2273938.0,events
correlation-stream-cores1,pcm_imc,read_activations,SKT0CHAN6,19,2341882.0,events
correlation-stream-cores1,pcm_imc,read_activations,SKT0CHAN6,20,2309539.0,events
correlation-stream-cores1,pcm_imc,read_activations,SKT0CHAN6,21,2251357.0,events
correlation-stream-cores1,pcm_imc,read_activations,SKT0CHAN6,22,2337127.0,events
correlation-stream-cores1,pcm_imc,read_activations,SKT0CHAN6,23,2313179.0,events
correlation-stream-cores1,pcm_imc,read_activations,SKT0CHAN6,24,2302923.0,events
correlation-stream-cores1,pcm_imc,read_activations,SKT0CHAN6,25,2330616.0,events
correlation-stream-cores1,pcm_imc,read_activations,SKT0CHAN6,26,2311669.0,events
correlation-stream-cores1,pcm_imc,read_activations,SKT0CHAN6,27,2349340.0,events
correlation-stream-cores1,pcm_imc,read_activations,SKT0CHAN6,28,2308665.0,events
correlation-stream-cores1,pcm_imc,read_activations,SKT0CHAN6,29,2393927.0,events
correlation-stream-cores1,pcm_imc,read_activations,SKT0CHAN6,30,2361514.0,events
correlation-stream-cores1,pcm_imc,read_activations,SKT0CHAN6,31,2363816.0,events
correlation-stream-cores1,pcm_imc,read_activations,SKT0CHAN6,32,2342280.0,events
correlation-stream-cores1,pcm_imc,read_activations,SKT0CHAN6,33,2358007.0,events
correlation-stream-cores1,pcm_imc,read_activations,SKT0CHAN6,34,2335342.0,events
correlation-stream-cores1,pcm_imc,read_activations,SKT0CHAN6,35,2337747.0,events
correlation-stream-cores1,pcm_imc,read_activations,SKT0CHAN6,36,2412780.0,events
correlation-stream-cores1,pcm_imc,read_activations,SKT0CHAN6,37,2379321.0,events
correlation-stream-cores1,pcm_imc,read_activations,SKT0CHAN6,38,2481540.0,events
correlation-stream-cores1,pcm_imc,read_activations,SKT0CHAN6,39,2324393.0,events
correlation-stream-cores1,pcm_imc,read_activations,SKT0CHAN6,40,2308214.0,events
correlation-stream-cores1,pcm_imc,read_activations,SKT0CHAN6,41,2365146.0,events
correlation-stream-cores1,pcm_imc,read_activations,SKT0CHAN6,42,2333516.0,events
correlation-stream-cores1,pcm_imc,read_activations,SKT0CHAN6,43,2340270.0,events
correlation-stream-cores1,pcm_imc,read_activations,SKT0CHAN6,44,2332849.0,events
correlation-stream-cores1,pcm_imc,read_activations,SKT0CHAN6,45,2328931.0,events
correlation-stream-cores1,pcm_imc,read_activations,SKT0CHAN6,46,2457099.0,events
correlation-stream-cores1,pcm_imc,read_activations,SKT0CHAN6,47,2330506.0,events
correlation-stream-cores1,pcm_imc,read_activations,SKT0CHAN6,48,2320538.0,events
correlation-stream-cores1,pcm_imc,read_activations,SKT0CHAN6,49,2368539.0,events
correlation-stream-cores1,pcm_imc,read_activations,SKT0CHAN6,50,2271900.0,events
correlation-stream-cores1,pcm_imc,read_activations,SKT0CHAN6,51,2328284.0,events
correlation-stream-cores1,pcm_imc,read_activations,SKT0CHAN6,52,2349554.0,events
correlation-stream-cores1,pcm_imc,read_activations,SKT0CHAN6,53,2382127.0,events
correlation-stream-cores1,pcm_imc,read_activations,SKT0CHAN6,54,2399756.0,events
correlation-stream-cores1,pcm_imc,read_activations,SKT0CHAN6,55,2454272.0,events
correlation-stream-cores1,pcm_imc,read_activations,SKT0CHAN6,56,2398482.0,events
correlation-stream-cores1,pcm_imc,read_activations,SKT0CHAN6,57,2351749.0,events
correlation-stream-cores1,pcm_imc,read_activations,SKT0CHAN6,58,2342220.0,events
correlation-stream-cores1,pcm_imc,read_activations,SKT0CHAN6,59,2372133.0,events
correlation-stream-cores1,pcm_imc,read_activations,SKT0CHAN7,0,2259127.0,events
correlation-stream-cores1,pcm_imc,read_activations,SKT0CHAN7,1,2241768.0,events
correlation-stream-cores1,pcm_imc,read_activations,SKT0CHAN7,2,2217323.0,events
correlation-stream-cores1,pcm_imc,read_activations,SKT0CHAN7,3,2319178.0,events
correlation-stream-cores1,pcm_imc,read_activations,SKT0CHAN7,4,2329560.0,events
correlation-stream-cores1,pcm_imc,read_activations,SKT0CHAN7,5,2343213.0,events
correlation-stream-cores1,pcm_imc,read_activations,SKT0CHAN7,6,2445160.0,events
correlation-stream-cores1,pcm_imc,read_activations,SKT0CHAN7,7,2304488.0,events
correlation-stream-cores1,pcm_imc,read_activations,SKT0CHAN7,8,2297949.0,events
correlation-stream-cores1,pcm_imc,read_activations,SKT0CHAN7,9,2297333.0,events
correlation-stream-cores1,pcm_imc,read_activations,SKT0CHAN7,10,2268172.0,events
correlation-stream-cores1,pcm_imc,read_activations,SKT0CHAN7,11,2296734.0,events
correlation-stream-cores1,pcm_imc,read_activations,SKT0CHAN7,12,2283294.0,events
correlation-stream-cores1,pcm_imc,read_activations,SKT0CHAN7,13,2267388.0,events
correlation-stream-cores1,pcm_imc,read_activations,SKT0CHAN7,14,2248102.0,events
correlation-stream-cores1,pcm_imc,read_activations,SKT0CHAN7,15,2261997.0,events
correlation-stream-cores1,pcm_imc,read_activations,SKT0CHAN7,16,2259152.0,events
correlation-stream-cores1,pcm_imc,read_activations,SKT0CHAN7,17,2298024.0,events
correlation-stream-cores1,pcm_imc,read_activations,SKT0CHAN7,18,2236464.0,events
correlation-stream-cores1,pcm_imc,read_activations,SKT0CHAN7,19,2287118.0,events
correlation-stream-cores1,pcm_imc,read_activations,SKT0CHAN7,20,2255781.0,events
correlation-stream-cores1,pcm_imc,read_activations,SKT0CHAN7,21,2216297.0,events
correlation-stream-cores1,pcm_imc,read_activations,SKT0CHAN7,22,2270712.0,events
correlation-stream-cores1,pcm_imc,read_activations,SKT0CHAN7,23,2258933.0,events
correlation-stream-cores1,pcm_imc,read_activations,SKT0CHAN7,24,2256817.0,events
correlation-stream-cores1,pcm_imc,read_activations,SKT0CHAN7,25,2272722.0,events
correlation-stream-cores1,pcm_imc,read_activations,SKT0CHAN7,26,2258426.0,events
correlation-stream-cores1,pcm_imc,read_activations,SKT0CHAN7,27,2286632.0,events
correlation-stream-cores1,pcm_imc,read_activations,SKT0CHAN7,28,2256624.0,events
correlation-stream-cores1,pcm_imc,read_activations,SKT0CHAN7,29,2279389.0,events
correlation-stream-cores1,pcm_imc,read_activations,SKT0CHAN7,30,2284200.0,events
correlation-stream-cores1,pcm_imc,read_activations,SKT0CHAN7,31,2274487.0,events
correlation-stream-cores1,pcm_imc,read_activations,SKT0CHAN7,32,2270137.0,events
correlation-stream-cores1,pcm_imc,read_activations,SKT0CHAN7,33,2260478.0,events
correlation-stream-cores1,pcm_imc,read_activations,SKT0CHAN7,34,2276508.0,events
correlation-stream-cores1,pcm_imc,read_activations,SKT0CHAN7,35,2263010.0,events
correlation-stream-cores1,pcm_imc,read_activations,SKT0CHAN7,36,2341026.0,events
correlation-stream-cores1,pcm_imc,read_activations,SKT0CHAN7,37,2286640.0,events
correlation-stream-cores1,pcm_imc,read_activations,SKT0CHAN7,38,2448373.0,events
correlation-stream-cores1,pcm_imc,read_activations,SKT0CHAN7,39,2236326.0,events
correlation-stream-cores1,pcm_imc,read_activations,SKT0CHAN7,40,2237175.0,events
correlation-stream-cores1,pcm_imc,read_activations,SKT0CHAN7,41,2293533.0,events
correlation-stream-cores1,pcm_imc,read_activations,SKT0CHAN7,42,2267732.0,events
correlation-stream-cores1,pcm_imc,read_activations,SKT0CHAN7,43,2301793.0,events
correlation-stream-cores1,pcm_imc,read_activations,SKT0CHAN7,44,2276275.0,events
correlation-stream-cores1,pcm_imc,read_activations,SKT0CHAN7,45,2261638.0,events
correlation-stream-cores1,pcm_imc,read_activations,SKT0CHAN7,46,2387265.0,events
correlation-stream-cores1,pcm_imc,read_activations,SKT0CHAN7,47,2275208.0,events
correlation-stream-cores1,pcm_imc,read_activations,SKT0CHAN7,48,2322229.0,events
correlation-stream-cores1,pcm_imc,read_activations,SKT0CHAN7,49,2320811.0,events
correlation-stream-cores1,pcm_imc,read_activations,SKT0CHAN7,50,2236406.0,events
correlation-stream-cores1,pcm_imc,read_activations,SKT0CHAN7,51,2260135.0,events
correlation-stream-cores1,pcm_imc,read_activations,SKT0CHAN7,52,2278581.0,events
correlation-stream-cores1,pcm_imc,read_activations,SKT0CHAN7,53,2310146.0,events
correlation-stream-cores1,pcm_imc,read_activations,SKT0CHAN7,54,2344687.0,events
correlation-stream-cores1,pcm_imc,read_activations,SKT0CHAN7,55,2333194.0,events
correlation-stream-cores1,pcm_imc,read_activations,SKT0CHAN7,56,2323188.0,events
correlation-stream-cores1,pcm_imc,read_activations,SKT0CHAN7,57,2311620.0,events
correlation-stream-cores1,pcm_imc,read_activations,SKT0CHAN7,58,2282005.0,events
correlation-stream-cores1,pcm_imc,read_activations,SKT0CHAN7,59,2272871.0,events
correlation-stream-cores1,sar_concurrent,cpu_util,CORE0,0,0.0,percent
correlation-stream-cores1,sar_concurrent,cpu_util,CORE0,1,0.0,percent
correlation-stream-cores1,sar_concurrent,cpu_util,CORE0,2,0.99,percent
correlation-stream-cores1,sar_concurrent,cpu_util,CORE0,3,0.99,percent
correlation-stream-cores1,sar_concurrent,cpu_util,CORE0,4,0.0,percent
correlation-stream-cores1,sar_concurrent,cpu_util,CORE0,5,0.0,percent
correlation-stream-cores1,sar_concurrent,cpu_util,CORE0,6,0.0,percent
correlation-stream-cores1,sar_concurrent,cpu_util,CORE0,7,0.0,percent
correlation-stream-cores1,sar_concurrent,cpu_util,CORE0,8,0.0,percent
correlation-stream-cores1,sar_concurrent,cpu_util,CORE0,9,0.0,percent
correlation-stream-cores1,sar_concurrent,cpu_util,CORE0,10,0.0,percent
correlation-stream-cores1,sar_concurrent,cpu_util,CORE0,11,0.99,percent
correlation-stream-cores1,sar_concurrent,cpu_util,CORE0,12,0.0,percent
correlation-stream-cores1,sar_concurrent,cpu_util,CORE0,13,0.0,percent
correlation-stream-cores1,sar_concurrent,cpu_util,CORE0,14,0.0,percent
correlation-stream-cores1,sar_concurrent,cpu_util,CORE0,15,0.0,percent
correlation-stream-cores1,sar_concurrent,cpu_util,CORE0,16,0.0,percent
correlation-stream-cores1,sar_concurrent,cpu_util,CORE0,17,0.0,percent
correlation-stream-cores1,sar_concurrent,cpu_util,CORE0,18,0.0,percent
correlation-stream-cores1,sar_concurrent,cpu_util,CORE0,19,0.0,percent
correlation-stream-cores1,sar_concurrent,cpu_util,CORE0,20,0.0,percent
correlation-stream-cores1,sar_concurrent,cpu_util,CORE0,21,0.0,percent
correlation-stream-cores1,sar_concurrent,cpu_util,CORE0,22,0.0,percent
correlation-stream-cores1,sar_concurrent,cpu_util,CORE0,23,0.0,percent
correlation-stream-cores1,sar_concurrent,cpu_util,CORE0,24,0.0,percent
correlation-stream-cores1,sar_concurrent,cpu_util,CORE0,25,0.0,percent
correlation-stream-cores1,sar_concurrent,cpu_util,CORE0,26,0.0,percent
correlation-stream-cores1,sar_concurrent,cpu_util,CORE0,27,0.0,percent
correlation-stream-cores1,sar_concurrent,cpu_util,CORE0,28,0.0,percent
correlation-stream-cores1,sar_concurrent,cpu_util,CORE0,29,0.0,percent
correlation-stream-cores1,sar_concurrent,cpu_util,CORE0,30,0.0,percent
correlation-stream-cores1,sar_concurrent,cpu_util,CORE0,31,0.0,percent
correlation-stream-cores1,sar_concurrent,cpu_util,CORE0,32,0.0,percent
correlation-stream-cores1,sar_concurrent,cpu_util,CORE0,33,1.0,percent
correlation-stream-cores1,sar_concurrent,cpu_util,CORE0,34,0.0,percent
correlation-stream-cores1,sar_concurrent,cpu_util,CORE0,35,0.0,percent
correlation-stream-cores1,sar_concurrent,cpu_util,CORE0,36,0.0,percent
correlation-stream-cores1,sar_concurrent,cpu_util,CORE0,37,0.0,percent
correlation-stream-cores1,sar_concurrent,cpu_util,CORE0,38,0.0,percent
correlation-stream-cores1,sar_concurrent,cpu_util,CORE0,39,0.0,percent
correlation-stream-cores1,sar_concurrent,cpu_util,CORE0,40,0.0,percent
correlation-stream-cores1,sar_concurrent,cpu_util,CORE0,41,0.0,percent
correlation-stream-cores1,sar_concurrent,cpu_util,CORE0,42,0.0,percent
correlation-stream-cores1,sar_concurrent,cpu_util,CORE0,43,0.0,percent
correlation-stream-cores1,sar_concurrent,cpu_util,CORE0,44,0.0,percent
correlation-stream-cores1,sar_concurrent,cpu_util,CORE0,45,0.0,percent
correlation-stream-cores1,sar_concurrent,cpu_util,CORE0,46,0.0,percent
correlation-stream-cores1,sar_concurrent,cpu_util,CORE0,47,0.0,percent
correlation-stream-cores1,sar_concurrent,cpu_util,CORE0,48,0.0,percent
correlation-stream-cores1,sar_concurrent,cpu_util,CORE0,49,0.0,percent
correlation-stream-cores1,sar_concurrent,cpu_util,CORE0,50,0.0,percent
correlation-stream-cores1,sar_concurrent,cpu_util,CORE0,51,0.0,percent
correlation-stream-cores1,sar_concurrent,cpu_util,CORE0,52,0.0,percent
correlation-stream-cores1,sar_concurrent,cpu_util,CORE0,53,0.0,percent
correlation-stream-cores1,sar_concurrent,cpu_util,CORE0,54,0.0,percent
correlation-stream-cores1,sar_concurrent,cpu_util,CORE0,55,0.0,percent
correlation-stream-cores1,sar_concurrent,cpu_util,CORE0,56,0.0,percent
correlation-stream-cores1,sar_concurrent,cpu_util,CORE0,57,1.0,percent
correlation-stream-cores1,sar_concurrent,cpu_util,CORE0,58,0.0,percent
correlation-stream-cores1,sar_concurrent,cpu_util,CORE0,59,0.0,percent
correlation-stream-cores1,sar_concurrent,cpu_util,CORE1,0,2.02,percent
correlation-stream-cores1,sar_concurrent,cpu_util,CORE1,1,0.0,percent
correlation-stream-cores1,sar_concurrent,cpu_util,CORE1,2,0.0,percent
correlation-stream-cores1,sar_concurrent,cpu_util,CORE1,3,0.0,percent
correlation-stream-cores1,sar_concurrent,cpu_util,CORE1,4,0.0,percent
correlation-stream-cores1,sar_concurrent,cpu_util,CORE1,5,0.0,percent
correlation-stream-cores1,sar_concurrent,cpu_util,CORE1,6,0.0,percent
correlation-stream-cores1,sar_concurrent,cpu_util,CORE1,7,0.0,percent
correlation-stream-cores1,sar_concurrent,cpu_util,CORE1,8,0.0,percent
correlation-stream-cores1,sar_concurrent,cpu_util,CORE1,9,0.0,percent
correlation-stream-cores1,sar_concurrent,cpu_util,CORE1,10,0.0,percent
correlation-stream-cores1,sar_concurrent,cpu_util,CORE1,11,0.0,percent
correlation-stream-cores1,sar_concurrent,cpu_util,CORE1,12,0.0,percent
correlation-stream-cores1,sar_concurrent,cpu_util,CORE1,13,0.0,percent
correlation-stream-cores1,sar_concurrent,cpu_util,CORE1,14,0.0,percent
correlation-stream-cores1,sar_concurrent,cpu_util,CORE1,15,0.0,percent
correlation-stream-cores1,sar_concurrent,cpu_util,CORE1,16,0.99,percent
correlation-stream-cores1,sar_concurrent,cpu_util,CORE1,17,0.0,percent
correlation-stream-cores1,sar_concurrent,cpu_util,CORE1,18,0.0,percent
correlation-stream-cores1,sar_concurrent,cpu_util,CORE1,19,0.0,percent
correlation-stream-cores1,sar_concurrent,cpu_util,CORE1,20,0.0,percent
correlation-stream-cores1,sar_concurrent,cpu_util,CORE1,21,0.0,percent
correlation-stream-cores1,sar_concurrent,cpu_util,CORE1,22,0.0,percent
correlation-stream-cores1,sar_concurrent,cpu_util,CORE1,23,0.0,percent
correlation-stream-cores1,sar_concurrent,cpu_util,CORE1,24,0.99,percent
correlation-stream-cores1,sar_concurrent,cpu_util,CORE1,25,0.0,percent
correlation-stream-cores1,sar_concurrent,cpu_util,CORE1,26,0.0,percent
correlation-stream-cores1,sar_concurrent,cpu_util,CORE1,27,0.0,percent
correlation-stream-cores1,sar_concurrent,cpu_util,CORE1,28,0.0,percent
correlation-stream-cores1,sar_concurrent,cpu_util,CORE1,29,0.0,percent
correlation-stream-cores1,sar_concurrent,cpu_util,CORE1,30,2.0,percent
correlation-stream-cores1,sar_concurrent,cpu_util,CORE1,31,0.0,percent
correlation-stream-cores1,sar_concurrent,cpu_util,CORE1,32,0.0,percent
correlation-stream-cores1,sar_concurrent,cpu_util,CORE1,33,0.0,percent
correlation-stream-cores1,sar_concurrent,cpu_util,CORE1,34,0.0,percent
correlation-stream-cores1,sar_concurrent,cpu_util,CORE1,35,0.0,percent
correlation-stream-cores1,sar_concurrent,cpu_util,CORE1,36,0.0,percent
correlation-stream-cores1,sar_concurrent,cpu_util,CORE1,37,0.0,percent
correlation-stream-cores1,sar_concurrent,cpu_util,CORE1,38,0.0,percent
correlation-stream-cores1,sar_concurrent,cpu_util,CORE1,39,0.0,percent
correlation-stream-cores1,sar_concurrent,cpu_util,CORE1,40,0.0,percent
correlation-stream-cores1,sar_concurrent,cpu_util,CORE1,41,0.0,percent
correlation-stream-cores1,sar_concurrent,cpu_util,CORE1,42,0.0,percent
correlation-stream-cores1,sar_concurrent,cpu_util,CORE1,43,0.0,percent
correlation-stream-cores1,sar_concurrent,cpu_util,CORE1,44,0.0,percent
correlation-stream-cores1,sar_concurrent,cpu_util,CORE1,45,0.0,percent
correlation-stream-cores1,sar_concurrent,cpu_util,CORE1,46,0.0,percent
correlation-stream-cores1,sar_concurrent,cpu_util,CORE1,47,0.0,percent
correlation-stream-cores1,sar_concurrent,cpu_util,CORE1,48,0.0,percent
correlation-stream-cores1,sar_concurrent,cpu_util,CORE1,49,0.0,percent
correlation-stream-cores1,sar_concurrent,cpu_util,CORE1,50,0.0,percent
correlation-stream-cores1,sar_concurrent,cpu_util,CORE1,51,0.0,percent
correlation-stream-cores1,sar_concurrent,cpu_util,CORE1,52,0.0,percent
correlation-stream-cores1,sar_concurrent,cpu_util,CORE1,53,0.0,percent
correlation-stream-cores1,sar_concurrent,cpu_util,CORE1,54,0.0,percent
correlation-stream-cores1,sar_concurrent,cpu_util,CORE1,55,0.0,percent
correlation-stream-cores1,sar_concurrent,cpu_util,CORE1,56,0.0,percent
correlation-stream-cores1,sar_concurrent,cpu_util,CORE1,57,0.0,percent
correlation-stream-cores1,sar_concurrent,cpu_util,CORE1,58,0.0,percent
correlation-stream-cores1,sar_concurrent,cpu_util,CORE1,59,0.0,percent
correlation-stream-cores1,sar_concurrent,cpu_util,CORE2,0,0.0,percent
correlation-stream-cores1,sar_concurrent,cpu_util,CORE2,1,0.0,percent
correlation-stream-cores1,sar_concurrent,cpu_util,CORE2,2,1.0,percent
correlation-stream-cores1,sar_concurrent,cpu_util,CORE2,3,0.99,percent
correlation-stream-cores1,sar_concurrent,cpu_util,CORE2,4,0.0,percent
correlation-stream-cores1,sar_concurrent,cpu_util,CORE2,5,0.99,percent
correlation-stream-cores1,sar_concurrent,cpu_util,CORE2,6,0.99,percent
correlation-stream-cores1,sar_concurrent,cpu_util,CORE2,7,0.0,percent
correlation-stream-cores1,sar_concurrent,cpu_util,CORE2,8,0.0,percent
correlation-stream-cores1,sar_concurrent,cpu_util,CORE2,9,0.0,percent
correlation-stream-cores1,sar_concurrent,cpu_util,CORE2,10,0.0,percent
correlation-stream-cores1,sar_concurrent,cpu_util,CORE2,11,0.0,percent
correlation-stream-cores1,sar_concurrent,cpu_util,CORE2,12,0.0,percent
correlation-stream-cores1,sar_concurrent,cpu_util,CORE2,13,0.0,percent
correlation-stream-cores1,sar_concurrent,cpu_util,CORE2,14,0.0,percent
correlation-stream-cores1,sar_concurrent,cpu_util,CORE2,15,0.0,percent
correlation-stream-cores1,sar_concurrent,cpu_util,CORE2,16,0.0,percent
correlation-stream-cores1,sar_concurrent,cpu_util,CORE2,17,0.0,percent
correlation-stream-cores1,sar_concurrent,cpu_util,CORE2,18,0.0,percent
correlation-stream-cores1,sar_concurrent,cpu_util,CORE2,19,0.0,percent
correlation-stream-cores1,sar_concurrent,cpu_util,CORE2,20,0.0,percent
correlation-stream-cores1,sar_concurrent,cpu_util,CORE2,21,0.0,percent
correlation-stream-cores1,sar_concurrent,cpu_util,CORE2,22,0.0,percent
correlation-stream-cores1,sar_concurrent,cpu_util,CORE2,23,0.0,percent
correlation-stream-cores1,sar_concurrent,cpu_util,CORE2,24,0.0,percent
correlation-stream-cores1,sar_concurrent,cpu_util,CORE2,25,0.0,percent
correlation-stream-cores1,sar_concurrent,cpu_util,CORE2,26,0.0,percent
correlation-stream-cores1,sar_concurrent,cpu_util,CORE2,27,0.0,percent
correlation-stream-cores1,sar_concurrent,cpu_util,CORE2,28,0.0,percent
correlation-stream-cores1,sar_concurrent,cpu_util,CORE2,29,0.0,percent
correlation-stream-cores1,sar_concurrent,cpu_util,CORE2,30,0.0,percent
correlation-stream-cores1,sar_concurrent,cpu_util,CORE2,31,0.0,percent
correlation-stream-cores1,sar_concurrent,cpu_util,CORE2,32,0.0,percent
correlation-stream-cores1,sar_concurrent,cpu_util,CORE2,33,0.0,percent
correlation-stream-cores1,sar_concurrent,cpu_util,CORE2,34,0.0,percent
correlation-stream-cores1,sar_concurrent,cpu_util,CORE2,35,0.0,percent
correlation-stream-cores1,sar_concurrent,cpu_util,CORE2,36,0.0,percent
correlation-stream-cores1,sar_concurrent,cpu_util,CORE2,37,0.0,percent
correlation-stream-cores1,sar_concurrent,cpu_util,CORE2,38,0.0,percent
correlation-stream-cores1,sar_concurrent,cpu_util,CORE2,39,1.0,percent
correlation-stream-cores1,sar_concurrent,cpu_util,CORE2,40,0.0,percent
correlation-stream-cores1,sar_concurrent,cpu_util,CORE2,41,0.0,percent
correlation-stream-cores1,sar_concurrent,cpu_util,CORE2,42,0.0,percent
correlation-stream-cores1,sar_concurrent,cpu_util,CORE2,43,0.0,percent
correlation-stream-cores1,sar_concurrent,cpu_util,CORE2,44,0.0,percent
correlation-stream-cores1,sar_concurrent,cpu_util,CORE2,45,0.0,percent
correlation-stream-cores1,sar_concurrent,cpu_util,CORE2,46,0.0,percent
correlation-stream-cores1,sar_concurrent,cpu_util,CORE2,47,0.0,percent
correlation-stream-cores1,sar_concurrent,cpu_util,CORE2,48,0.0,percent
correlation-stream-cores1,sar_concurrent,cpu_util,CORE2,49,0.0,percent
correlation-stream-cores1,sar_concurrent,cpu_util,CORE2,50,0.0,percent
correlation-stream-cores1,sar_concurrent,cpu_util,CORE2,51,0.0,percent
correlation-stream-cores1,sar_concurrent,cpu_util,CORE2,52,0.0,percent
correlation-stream-cores1,sar_concurrent,cpu_util,CORE2,53,0.0,percent
correlation-stream-cores1,sar_concurrent,cpu_util,CORE2,54,0.0,percent
correlation-stream-cores1,sar_concurrent,cpu_util,CORE2,55,0.0,percent
correlation-stream-cores1,sar_concurrent,cpu_util,CORE2,56,0.0,percent
correlation-stream-cores1,sar_concurrent,cpu_util,CORE2,57,0.0,percent
correlation-stream-cores1,sar_concurrent,cpu_util,CORE2,58,0.0,percent
correlation-stream-cores1,sar_concurrent,cpu_util,CORE2,59,0.0,percent
correlation-stream-cores1,sar_concurrent,cpu_util,CORE3,0,0.99,percent
correlation-stream-cores1,sar_concurrent,cpu_util,CORE3,1,0.0,percent
correlation-stream-cores1,sar_concurrent,cpu_util,CORE3,2,0.0,percent
correlation-stream-cores1,sar_concurrent,cpu_util,CORE3,3,0.0,percent
correlation-stream-cores1,sar_concurrent,cpu_util,CORE3,4,0.0,percent
correlation-stream-cores1,sar_concurrent,cpu_util,CORE3,5,0.0,percent
correlation-stream-cores1,sar_concurrent,cpu_util,CORE3,6,0.0,percent
correlation-stream-cores1,sar_concurrent,cpu_util,CORE3,7,0.0,percent
correlation-stream-cores1,sar_concurrent,cpu_util,CORE3,8,0.0,percent
correlation-stream-cores1,sar_concurrent,cpu_util,CORE3,9,0.0,percent
correlation-stream-cores1,sar_concurrent,cpu_util,CORE3,10,0.99,percent
correlation-stream-cores1,sar_concurrent,cpu_util,CORE3,11,0.0,percent
correlation-stream-cores1,sar_concurrent,cpu_util,CORE3,12,0.0,percent
correlation-stream-cores1,sar_concurrent,cpu_util,CORE3,13,0.0,percent
correlation-stream-cores1,sar_concurrent,cpu_util,CORE3,14,0.0,percent
correlation-stream-cores1,sar_concurrent,cpu_util,CORE3,15,0.0,percent
correlation-stream-cores1,sar_concurrent,cpu_util,CORE3,16,0.0,percent
correlation-stream-cores1,sar_concurrent,cpu_util,CORE3,17,0.0,percent
correlation-stream-cores1,sar_concurrent,cpu_util,CORE3,18,0.0,percent
correlation-stream-cores1,sar_concurrent,cpu_util,CORE3,19,0.0,percent
correlation-stream-cores1,sar_concurrent,cpu_util,CORE3,20,0.0,percent
correlation-stream-cores1,sar_concurrent,cpu_util,CORE3,21,0.0,percent
correlation-stream-cores1,sar_concurrent,cpu_util,CORE3,22,0.0,percent
correlation-stream-cores1,sar_concurrent,cpu_util,CORE3,23,0.0,percent
correlation-stream-cores1,sar_concurrent,cpu_util,CORE3,24,0.0,percent
correlation-stream-cores1,sar_concurrent,cpu_util,CORE3,25,0.0,percent
correlation-stream-cores1,sar_concurrent,cpu_util,CORE3,26,0.0,percent
correlation-stream-cores1,sar_concurrent,cpu_util,CORE3,27,0.0,percent
correlation-stream-cores1,sar_concurrent,cpu_util,CORE3,28,0.0,percent
correlation-stream-cores1,sar_concurrent,cpu_util,CORE3,29,0.0,percent
correlation-stream-cores1,sar_concurrent,cpu_util,CORE3,30,0.0,percent
correlation-stream-cores1,sar_concurrent,cpu_util,CORE3,31,0.0,percent
correlation-stream-cores1,sar_concurrent,cpu_util,CORE3,32,0.0,percent
correlation-stream-cores1,sar_concurrent,cpu_util,CORE3,33,0.0,percent
correlation-stream-cores1,sar_concurrent,cpu_util,CORE3,34,0.0,percent
correlation-stream-cores1,sar_concurrent,cpu_util,CORE3,35,0.0,percent
correlation-stream-cores1,sar_concurrent,cpu_util,CORE3,36,0.0,percent
correlation-stream-cores1,sar_concurrent,cpu_util,CORE3,37,0.0,percent
correlation-stream-cores1,sar_concurrent,cpu_util,CORE3,38,0.0,percent
correlation-stream-cores1,sar_concurrent,cpu_util,CORE3,39,0.0,percent
correlation-stream-cores1,sar_concurrent,cpu_util,CORE3,40,0.0,percent
correlation-stream-cores1,sar_concurrent,cpu_util,CORE3,41,0.0,percent
correlation-stream-cores1,sar_concurrent,cpu_util,CORE3,42,0.0,percent
correlation-stream-cores1,sar_concurrent,cpu_util,CORE3,43,0.0,percent
correlation-stream-cores1,sar_concurrent,cpu_util,CORE3,44,0.0,percent
correlation-stream-cores1,sar_concurrent,cpu_util,CORE3,45,0.0,percent
correlation-stream-cores1,sar_concurrent,cpu_util,CORE3,46,0.0,percent
correlation-stream-cores1,sar_concurrent,cpu_util,CORE3,47,0.0,percent
correlation-stream-cores1,sar_concurrent,cpu_util,CORE3,48,0.0,percent
correlation-stream-cores1,sar_concurrent,cpu_util,CORE3,49,0.0,percent
correlation-stream-cores1,sar_concurrent,cpu_util,CORE3,50,0.0,percent
correlation-stream-cores1,sar_concurrent,cpu_util,CORE3,51,0.0,percent
correlation-stream-cores1,sar_concurrent,cpu_util,CORE3,52,0.0,percent
correlation-stream-cores1,sar_concurrent,cpu_util,CORE3,53,0.0,percent
correlation-stream-cores1,sar_concurrent,cpu_util,CORE3,54,0.0,percent
correlation-stream-cores1,sar_concurrent,cpu_util,CORE3,55,0.0,percent
correlation-stream-cores1,sar_concurrent,cpu_util,CORE3,56,0.0,percent
correlation-stream-cores1,sar_concurrent,cpu_util,CORE3,57,0.0,percent
correlation-stream-cores1,sar_concurrent,cpu_util,CORE3,58,0.0,percent
correlation-stream-cores1,sar_concurrent,cpu_util,CORE3,59,0.0,percent
correlation-stream-cores1,sar_concurrent,cpu_util,CORE4,0,97.96000000000001,percent
correlation-stream-cores1,sar_concurrent,cpu_util,CORE4,1,100.0,percent
correlation-stream-cores1,sar_concurrent,cpu_util,CORE4,2,100.0,percent
correlation-stream-cores1,sar_concurrent,cpu_util,CORE4,3,100.0,percent
correlation-stream-cores1,sar_concurrent,cpu_util,CORE4,4,100.0,percent
correlation-stream-cores1,sar_concurrent,cpu_util,CORE4,5,100.0,percent
correlation-stream-cores1,sar_concurrent,cpu_util,CORE4,6,100.0,percent
correlation-stream-cores1,sar_concurrent,cpu_util,CORE4,7,100.0,percent
correlation-stream-cores1,sar_concurrent,cpu_util,CORE4,8,100.0,percent
correlation-stream-cores1,sar_concurrent,cpu_util,CORE4,9,100.0,percent
correlation-stream-cores1,sar_concurrent,cpu_util,CORE4,10,100.0,percent
correlation-stream-cores1,sar_concurrent,cpu_util,CORE4,11,100.0,percent
correlation-stream-cores1,sar_concurrent,cpu_util,CORE4,12,100.0,percent
correlation-stream-cores1,sar_concurrent,cpu_util,CORE4,13,100.0,percent
correlation-stream-cores1,sar_concurrent,cpu_util,CORE4,14,100.0,percent
correlation-stream-cores1,sar_concurrent,cpu_util,CORE4,15,100.0,percent
correlation-stream-cores1,sar_concurrent,cpu_util,CORE4,16,100.0,percent
correlation-stream-cores1,sar_concurrent,cpu_util,CORE4,17,100.0,percent
correlation-stream-cores1,sar_concurrent,cpu_util,CORE4,18,100.0,percent
correlation-stream-cores1,sar_concurrent,cpu_util,CORE4,19,100.0,percent
correlation-stream-cores1,sar_concurrent,cpu_util,CORE4,20,100.0,percent
correlation-stream-cores1,sar_concurrent,cpu_util,CORE4,21,100.0,percent
correlation-stream-cores1,sar_concurrent,cpu_util,CORE4,22,100.0,percent
correlation-stream-cores1,sar_concurrent,cpu_util,CORE4,23,100.0,percent
correlation-stream-cores1,sar_concurrent,cpu_util,CORE4,24,100.0,percent
correlation-stream-cores1,sar_concurrent,cpu_util,CORE4,25,100.0,percent
correlation-stream-cores1,sar_concurrent,cpu_util,CORE4,26,100.0,percent
correlation-stream-cores1,sar_concurrent,cpu_util,CORE4,27,100.0,percent
correlation-stream-cores1,sar_concurrent,cpu_util,CORE4,28,100.0,percent
correlation-stream-cores1,sar_concurrent,cpu_util,CORE4,29,100.0,percent
correlation-stream-cores1,sar_concurrent,cpu_util,CORE4,30,100.0,percent
correlation-stream-cores1,sar_concurrent,cpu_util,CORE4,31,100.0,percent
correlation-stream-cores1,sar_concurrent,cpu_util,CORE4,32,100.0,percent
correlation-stream-cores1,sar_concurrent,cpu_util,CORE4,33,100.0,percent
correlation-stream-cores1,sar_concurrent,cpu_util,CORE4,34,100.0,percent
correlation-stream-cores1,sar_concurrent,cpu_util,CORE4,35,100.0,percent
correlation-stream-cores1,sar_concurrent,cpu_util,CORE4,36,100.0,percent
correlation-stream-cores1,sar_concurrent,cpu_util,CORE4,37,100.0,percent
correlation-stream-cores1,sar_concurrent,cpu_util,CORE4,38,100.0,percent
correlation-stream-cores1,sar_concurrent,cpu_util,CORE4,39,100.0,percent
correlation-stream-cores1,sar_concurrent,cpu_util,CORE4,40,100.0,percent
correlation-stream-cores1,sar_concurrent,cpu_util,CORE4,41,100.0,percent
correlation-stream-cores1,sar_concurrent,cpu_util,CORE4,42,100.0,percent
correlation-stream-cores1,sar_concurrent,cpu_util,CORE4,43,100.0,percent
correlation-stream-cores1,sar_concurrent,cpu_util,CORE4,44,100.0,percent
correlation-stream-cores1,sar_concurrent,cpu_util,CORE4,45,100.0,percent
correlation-stream-cores1,sar_concurrent,cpu_util,CORE4,46,100.0,percent
correlation-stream-cores1,sar_concurrent,cpu_util,CORE4,47,100.0,percent
correlation-stream-cores1,sar_concurrent,cpu_util,CORE4,48,100.0,percent
correlation-stream-cores1,sar_concurrent,cpu_util,CORE4,49,100.0,percent
correlation-stream-cores1,sar_concurrent,cpu_util,CORE4,50,100.0,percent
correlation-stream-cores1,sar_concurrent,cpu_util,CORE4,51,100.0,percent
correlation-stream-cores1,sar_concurrent,cpu_util,CORE4,52,100.0,percent
correlation-stream-cores1,sar_concurrent,cpu_util,CORE4,53,100.0,percent
correlation-stream-cores1,sar_concurrent,cpu_util,CORE4,54,100.0,percent
correlation-stream-cores1,sar_concurrent,cpu_util,CORE4,55,100.0,percent
correlation-stream-cores1,sar_concurrent,cpu_util,CORE4,56,100.0,percent
correlation-stream-cores1,sar_concurrent,cpu_util,CORE4,57,100.0,percent
correlation-stream-cores1,sar_concurrent,cpu_util,CORE4,58,100.0,percent
correlation-stream-cores1,sar_concurrent,cpu_util,CORE4,59,100.0,percent
correlation-stream-cores1,sar_concurrent,cpu_util,CORE5,0,0.0,percent
correlation-stream-cores1,sar_concurrent,cpu_util,CORE5,1,0.0,percent
correlation-stream-cores1,sar_concurrent,cpu_util,CORE5,2,0.0,percent
correlation-stream-cores1,sar_concurrent,cpu_util,CORE5,3,0.0,percent
correlation-stream-cores1,sar_concurrent,cpu_util,CORE5,4,0.0,percent
correlation-stream-cores1,sar_concurrent,cpu_util,CORE5,5,0.0,percent
correlation-stream-cores1,sar_concurrent,cpu_util,CORE5,6,0.0,percent
correlation-stream-cores1,sar_concurrent,cpu_util,CORE5,7,0.0,percent
correlation-stream-cores1,sar_concurrent,cpu_util,CORE5,8,0.0,percent
correlation-stream-cores1,sar_concurrent,cpu_util,CORE5,9,0.0,percent
correlation-stream-cores1,sar_concurrent,cpu_util,CORE5,10,0.0,percent
correlation-stream-cores1,sar_concurrent,cpu_util,CORE5,11,0.0,percent
correlation-stream-cores1,sar_concurrent,cpu_util,CORE5,12,0.0,percent
correlation-stream-cores1,sar_concurrent,cpu_util,CORE5,13,0.0,percent
correlation-stream-cores1,sar_concurrent,cpu_util,CORE5,14,0.0,percent
correlation-stream-cores1,sar_concurrent,cpu_util,CORE5,15,0.0,percent
correlation-stream-cores1,sar_concurrent,cpu_util,CORE5,16,0.0,percent
correlation-stream-cores1,sar_concurrent,cpu_util,CORE5,17,0.0,percent
correlation-stream-cores1,sar_concurrent,cpu_util,CORE5,18,0.0,percent
correlation-stream-cores1,sar_concurrent,cpu_util,CORE5,19,0.0,percent
correlation-stream-cores1,sar_concurrent,cpu_util,CORE5,20,0.0,percent
correlation-stream-cores1,sar_concurrent,cpu_util,CORE5,21,0.0,percent
correlation-stream-cores1,sar_concurrent,cpu_util,CORE5,22,0.0,percent
correlation-stream-cores1,sar_concurrent,cpu_util,CORE5,23,0.0,percent
correlation-stream-cores1,sar_concurrent,cpu_util,CORE5,24,0.0,percent
correlation-stream-cores1,sar_concurrent,cpu_util,CORE5,25,0.0,percent
correlation-stream-cores1,sar_concurrent,cpu_util,CORE5,26,0.0,percent
correlation-stream-cores1,sar_concurrent,cpu_util,CORE5,27,0.0,percent
correlation-stream-cores1,sar_concurrent,cpu_util,CORE5,28,0.0,percent
correlation-stream-cores1,sar_concurrent,cpu_util,CORE5,29,0.0,percent
correlation-stream-cores1,sar_concurrent,cpu_util,CORE5,30,0.0,percent
correlation-stream-cores1,sar_concurrent,cpu_util,CORE5,31,0.0,percent
correlation-stream-cores1,sar_concurrent,cpu_util,CORE5,32,0.0,percent
correlation-stream-cores1,sar_concurrent,cpu_util,CORE5,33,0.0,percent
correlation-stream-cores1,sar_concurrent,cpu_util,CORE5,34,0.0,percent
correlation-stream-cores1,sar_concurrent,cpu_util,CORE5,35,0.0,percent
correlation-stream-cores1,sar_concurrent,cpu_util,CORE5,36,0.0,percent
correlation-stream-cores1,sar_concurrent,cpu_util,CORE5,37,0.0,percent
correlation-stream-cores1,sar_concurrent,cpu_util,CORE5,38,0.0,percent
correlation-stream-cores1,sar_concurrent,cpu_util,CORE5,39,0.0,percent
correlation-stream-cores1,sar_concurrent,cpu_util,CORE5,40,0.0,percent
correlation-stream-cores1,sar_concurrent,cpu_util,CORE5,41,0.0,percent
correlation-stream-cores1,sar_concurrent,cpu_util,CORE5,42,0.0,percent
correlation-stream-cores1,sar_concurrent,cpu_util,CORE5,43,0.0,percent
correlation-stream-cores1,sar_concurrent,cpu_util,CORE5,44,0.0,percent
correlation-stream-cores1,sar_concurrent,cpu_util,CORE5,45,0.0,percent
correlation-stream-cores1,sar_concurrent,cpu_util,CORE5,46,0.0,percent
correlation-stream-cores1,sar_concurrent,cpu_util,CORE5,47,0.0,percent
correlation-stream-cores1,sar_concurrent,cpu_util,CORE5,48,0.0,percent
correlation-stream-cores1,sar_concurrent,cpu_util,CORE5,49,0.0,percent
correlation-stream-cores1,sar_concurrent,cpu_util,CORE5,50,0.0,percent
correlation-stream-cores1,sar_concurrent,cpu_util,CORE5,51,0.0,percent
correlation-stream-cores1,sar_concurrent,cpu_util,CORE5,52,0.0,percent
correlation-stream-cores1,sar_concurrent,cpu_util,CORE5,53,0.0,percent
correlation-stream-cores1,sar_concurrent,cpu_util,CORE5,54,0.0,percent
correlation-stream-cores1,sar_concurrent,cpu_util,CORE5,55,0.0,percent
correlation-stream-cores1,sar_concurrent,cpu_util,CORE5,56,0.0,percent
correlation-stream-cores1,sar_concurrent,cpu_util,CORE5,57,0.0,percent
correlation-stream-cores1,sar_concurrent,cpu_util,CORE5,58,0.0,percent
correlation-stream-cores1,sar_concurrent,cpu_util,CORE5,59,0.0,percent
correlation-stream-cores1,sar_concurrent,cpu_util,CORE6,0,0.0,percent
correlation-stream-cores1,sar_concurrent,cpu_util,CORE6,1,0.0,percent
correlation-stream-cores1,sar_concurrent,cpu_util,CORE6,2,0.0,percent
correlation-stream-cores1,sar_concurrent,cpu_util,CORE6,3,0.0,percent
correlation-stream-cores1,sar_concurrent,cpu_util,CORE6,4,0.0,percent
correlation-stream-cores1,sar_concurrent,cpu_util,CORE6,5,0.0,percent
correlation-stream-cores1,sar_concurrent,cpu_util,CORE6,6,0.0,percent
correlation-stream-cores1,sar_concurrent,cpu_util,CORE6,7,0.0,percent
correlation-stream-cores1,sar_concurrent,cpu_util,CORE6,8,0.0,percent
correlation-stream-cores1,sar_concurrent,cpu_util,CORE6,9,0.0,percent
correlation-stream-cores1,sar_concurrent,cpu_util,CORE6,10,0.0,percent
correlation-stream-cores1,sar_concurrent,cpu_util,CORE6,11,0.0,percent
correlation-stream-cores1,sar_concurrent,cpu_util,CORE6,12,0.0,percent
correlation-stream-cores1,sar_concurrent,cpu_util,CORE6,13,0.0,percent
correlation-stream-cores1,sar_concurrent,cpu_util,CORE6,14,0.0,percent
correlation-stream-cores1,sar_concurrent,cpu_util,CORE6,15,0.0,percent
correlation-stream-cores1,sar_concurrent,cpu_util,CORE6,16,0.0,percent
correlation-stream-cores1,sar_concurrent,cpu_util,CORE6,17,0.0,percent
correlation-stream-cores1,sar_concurrent,cpu_util,CORE6,18,0.0,percent
correlation-stream-cores1,sar_concurrent,cpu_util,CORE6,19,0.0,percent
correlation-stream-cores1,sar_concurrent,cpu_util,CORE6,20,0.0,percent
correlation-stream-cores1,sar_concurrent,cpu_util,CORE6,21,0.0,percent
correlation-stream-cores1,sar_concurrent,cpu_util,CORE6,22,0.0,percent
correlation-stream-cores1,sar_concurrent,cpu_util,CORE6,23,0.0,percent
correlation-stream-cores1,sar_concurrent,cpu_util,CORE6,24,0.0,percent
correlation-stream-cores1,sar_concurrent,cpu_util,CORE6,25,0.0,percent
correlation-stream-cores1,sar_concurrent,cpu_util,CORE6,26,0.0,percent
correlation-stream-cores1,sar_concurrent,cpu_util,CORE6,27,0.0,percent
correlation-stream-cores1,sar_concurrent,cpu_util,CORE6,28,0.0,percent
correlation-stream-cores1,sar_concurrent,cpu_util,CORE6,29,0.0,percent
correlation-stream-cores1,sar_concurrent,cpu_util,CORE6,30,0.0,percent
correlation-stream-cores1,sar_concurrent,cpu_util,CORE6,31,0.0,percent
correlation-stream-cores1,sar_concurrent,cpu_util,CORE6,32,0.0,percent
correlation-stream-cores1,sar_concurrent,cpu_util,CORE6,33,0.0,percent
correlation-stream-cores1,sar_concurrent,cpu_util,CORE6,34,0.0,percent
correlation-stream-cores1,sar_concurrent,cpu_util,CORE6,35,0.0,percent
correlation-stream-cores1,sar_concurrent,cpu_util,CORE6,36,0.0,percent
correlation-stream-cores1,sar_concurrent,cpu_util,CORE6,37,0.0,percent
correlation-stream-cores1,sar_concurrent,cpu_util,CORE6,38,0.0,percent
correlation-stream-cores1,sar_concurrent,cpu_util,CORE6,39,0.0,percent
correlation-stream-cores1,sar_concurrent,cpu_util,CORE6,40,0.0,percent
correlation-stream-cores1,sar_concurrent,cpu_util,CORE6,41,0.0,percent
correlation-stream-cores1,sar_concurrent,cpu_util,CORE6,42,0.0,percent
correlation-stream-cores1,sar_concurrent,cpu_util,CORE6,43,0.0,percent
correlation-stream-cores1,sar_concurrent,cpu_util,CORE6,44,0.0,percent
correlation-stream-cores1,sar_concurrent,cpu_util,CORE6,45,0.0,percent
correlation-stream-cores1,sar_concurrent,cpu_util,CORE6,46,0.0,percent
correlation-stream-cores1,sar_concurrent,cpu_util,CORE6,47,0.0,percent
correlation-stream-cores1,sar_concurrent,cpu_util,CORE6,48,0.0,percent
correlation-stream-cores1,sar_concurrent,cpu_util,CORE6,49,0.0,percent
correlation-stream-cores1,sar_concurrent,cpu_util,CORE6,50,0.0,percent
correlation-stream-cores1,sar_concurrent,cpu_util,CORE6,51,0.0,percent
correlation-stream-cores1,sar_concurrent,cpu_util,CORE6,52,0.0,percent
correlation-stream-cores1,sar_concurrent,cpu_util,CORE6,53,0.0,percent
correlation-stream-cores1,sar_concurrent,cpu_util,CORE6,54,0.0,percent
correlation-stream-cores1,sar_concurrent,cpu_util,CORE6,55,0.0,percent
correlation-stream-cores1,sar_concurrent,cpu_util,CORE6,56,0.0,percent
correlation-stream-cores1,sar_concurrent,cpu_util,CORE6,57,0.0,percent
correlation-stream-cores1,sar_concurrent,cpu_util,CORE6,58,0.0,percent
correlation-stream-cores1,sar_concurrent,cpu_util,CORE6,59,0.0,percent
correlation-stream-cores1,sar_concurrent,cpu_util,CORE7,0,0.0,percent
correlation-stream-cores1,sar_concurrent,cpu_util,CORE7,1,0.0,percent
correlation-stream-cores1,sar_concurrent,cpu_util,CORE7,2,0.0,percent
correlation-stream-cores1,sar_concurrent,cpu_util,CORE7,3,0.0,percent
correlation-stream-cores1,sar_concurrent,cpu_util,CORE7,4,0.0,percent
correlation-stream-cores1,sar_concurrent,cpu_util,CORE7,5,0.0,percent
correlation-stream-cores1,sar_concurrent,cpu_util,CORE7,6,0.0,percent
correlation-stream-cores1,sar_concurrent,cpu_util,CORE7,7,0.0,percent
correlation-stream-cores1,sar_concurrent,cpu_util,CORE7,8,0.0,percent
correlation-stream-cores1,sar_concurrent,cpu_util,CORE7,9,0.0,percent
correlation-stream-cores1,sar_concurrent,cpu_util,CORE7,10,0.0,percent
correlation-stream-cores1,sar_concurrent,cpu_util,CORE7,11,0.0,percent
correlation-stream-cores1,sar_concurrent,cpu_util,CORE7,12,0.0,percent
correlation-stream-cores1,sar_concurrent,cpu_util,CORE7,13,0.0,percent
correlation-stream-cores1,sar_concurrent,cpu_util,CORE7,14,0.0,percent
correlation-stream-cores1,sar_concurrent,cpu_util,CORE7,15,0.0,percent
correlation-stream-cores1,sar_concurrent,cpu_util,CORE7,16,0.0,percent
correlation-stream-cores1,sar_concurrent,cpu_util,CORE7,17,0.0,percent
correlation-stream-cores1,sar_concurrent,cpu_util,CORE7,18,0.0,percent
correlation-stream-cores1,sar_concurrent,cpu_util,CORE7,19,0.0,percent
correlation-stream-cores1,sar_concurrent,cpu_util,CORE7,20,0.0,percent
correlation-stream-cores1,sar_concurrent,cpu_util,CORE7,21,0.0,percent
correlation-stream-cores1,sar_concurrent,cpu_util,CORE7,22,0.0,percent
correlation-stream-cores1,sar_concurrent,cpu_util,CORE7,23,0.0,percent
correlation-stream-cores1,sar_concurrent,cpu_util,CORE7,24,0.0,percent
correlation-stream-cores1,sar_concurrent,cpu_util,CORE7,25,0.0,percent
correlation-stream-cores1,sar_concurrent,cpu_util,CORE7,26,0.0,percent
correlation-stream-cores1,sar_concurrent,cpu_util,CORE7,27,0.0,percent
correlation-stream-cores1,sar_concurrent,cpu_util,CORE7,28,0.99,percent
correlation-stream-cores1,sar_concurrent,cpu_util,CORE7,29,0.0,percent
correlation-stream-cores1,sar_concurrent,cpu_util,CORE7,30,0.0,percent
correlation-stream-cores1,sar_concurrent,cpu_util,CORE7,31,0.0,percent
correlation-stream-cores1,sar_concurrent,cpu_util,CORE7,32,0.0,percent
correlation-stream-cores1,sar_concurrent,cpu_util,CORE7,33,0.0,percent
correlation-stream-cores1,sar_concurrent,cpu_util,CORE7,34,0.0,percent
correlation-stream-cores1,sar_concurrent,cpu_util,CORE7,35,0.0,percent
correlation-stream-cores1,sar_concurrent,cpu_util,CORE7,36,0.0,percent
correlation-stream-cores1,sar_concurrent,cpu_util,CORE7,37,0.0,percent
correlation-stream-cores1,sar_concurrent,cpu_util,CORE7,38,0.0,percent
correlation-stream-cores1,sar_concurrent,cpu_util,CORE7,39,0.0,percent
correlation-stream-cores1,sar_concurrent,cpu_util,CORE7,40,0.0,percent
correlation-stream-cores1,sar_concurrent,cpu_util,CORE7,41,0.0,percent
correlation-stream-cores1,sar_concurrent,cpu_util,CORE7,42,0.0,percent
correlation-stream-cores1,sar_concurrent,cpu_util,CORE7,43,0.0,percent
correlation-stream-cores1,sar_concurrent,cpu_util,CORE7,44,0.0,percent
correlation-stream-cores1,sar_concurrent,cpu_util,CORE7,45,0.0,percent
correlation-stream-cores1,sar_concurrent,cpu_util,CORE7,46,0.0,percent
correlation-stream-cores1,sar_concurrent,cpu_util,CORE7,47,0.0,percent
correlation-stream-cores1,sar_concurrent,cpu_util,CORE7,48,0.0,percent
correlation-stream-cores1,sar_concurrent,cpu_util,CORE7,49,0.0,percent
correlation-stream-cores1,sar_concurrent,cpu_util,CORE7,50,0.0,percent
correlation-stream-cores1,sar_concurrent,cpu_util,CORE7,51,0.0,percent
correlation-stream-cores1,sar_concurrent,cpu_util,CORE7,52,0.0,percent
correlation-stream-cores1,sar_concurrent,cpu_util,CORE7,53,0.0,percent
correlation-stream-cores1,sar_concurrent,cpu_util,CORE7,54,0.0,percent
correlation-stream-cores1,sar_concurrent,cpu_util,CORE7,55,0.0,percent
correlation-stream-cores1,sar_concurrent,cpu_util,CORE7,56,0.0,percent
correlation-stream-cores1,sar_concurrent,cpu_util,CORE7,57,0.0,percent
correlation-stream-cores1,sar_concurrent,cpu_util,CORE7,58,0.0,percent
correlation-stream-cores1,sar_concurrent,cpu_util,CORE7,59,0.0,percent
correlation-stream-cores1,sar_concurrent,cpu_util,CORE8,0,0.0,percent
correlation-stream-cores1,sar_concurrent,cpu_util,CORE8,1,0.0,percent
correlation-stream-cores1,sar_concurrent,cpu_util,CORE8,2,0.0,percent
correlation-stream-cores1,sar_concurrent,cpu_util,CORE8,3,0.0,percent
correlation-stream-cores1,sar_concurrent,cpu_util,CORE8,4,0.0,percent
correlation-stream-cores1,sar_concurrent,cpu_util,CORE8,5,0.0,percent
correlation-stream-cores1,sar_concurrent,cpu_util,CORE8,6,0.0,percent
correlation-stream-cores1,sar_concurrent,cpu_util,CORE8,7,0.0,percent
correlation-stream-cores1,sar_concurrent,cpu_util,CORE8,8,0.0,percent
correlation-stream-cores1,sar_concurrent,cpu_util,CORE8,9,0.0,percent
correlation-stream-cores1,sar_concurrent,cpu_util,CORE8,10,0.0,percent
correlation-stream-cores1,sar_concurrent,cpu_util,CORE8,11,0.0,percent
correlation-stream-cores1,sar_concurrent,cpu_util,CORE8,12,0.0,percent
correlation-stream-cores1,sar_concurrent,cpu_util,CORE8,13,0.0,percent
correlation-stream-cores1,sar_concurrent,cpu_util,CORE8,14,0.0,percent
correlation-stream-cores1,sar_concurrent,cpu_util,CORE8,15,0.0,percent
correlation-stream-cores1,sar_concurrent,cpu_util,CORE8,16,0.0,percent
correlation-stream-cores1,sar_concurrent,cpu_util,CORE8,17,0.0,percent
correlation-stream-cores1,sar_concurrent,cpu_util,CORE8,18,0.0,percent
correlation-stream-cores1,sar_concurrent,cpu_util,CORE8,19,0.0,percent
correlation-stream-cores1,sar_concurrent,cpu_util,CORE8,20,0.0,percent
correlation-stream-cores1,sar_concurrent,cpu_util,CORE8,21,0.0,percent
correlation-stream-cores1,sar_concurrent,cpu_util,CORE8,22,0.0,percent
correlation-stream-cores1,sar_concurrent,cpu_util,CORE8,23,0.0,percent
correlation-stream-cores1,sar_concurrent,cpu_util,CORE8,24,0.0,percent
correlation-stream-cores1,sar_concurrent,cpu_util,CORE8,25,0.0,percent
correlation-stream-cores1,sar_concurrent,cpu_util,CORE8,26,0.0,percent
correlation-stream-cores1,sar_concurrent,cpu_util,CORE8,27,0.0,percent
correlation-stream-cores1,sar_concurrent,cpu_util,CORE8,28,0.0,percent
correlation-stream-cores1,sar_concurrent,cpu_util,CORE8,29,0.0,percent
correlation-stream-cores1,sar_concurrent,cpu_util,CORE8,30,0.0,percent
correlation-stream-cores1,sar_concurrent,cpu_util,CORE8,31,0.0,percent
correlation-stream-cores1,sar_concurrent,cpu_util,CORE8,32,0.0,percent
correlation-stream-cores1,sar_concurrent,cpu_util,CORE8,33,0.0,percent
correlation-stream-cores1,sar_concurrent,cpu_util,CORE8,34,0.0,percent
correlation-stream-cores1,sar_concurrent,cpu_util,CORE8,35,0.0,percent
correlation-stream-cores1,sar_concurrent,cpu_util,CORE8,36,0.0,percent
correlation-stream-cores1,sar_concurrent,cpu_util,CORE8,37,0.0,percent
correlation-stream-cores1,sar_concurrent,cpu_util,CORE8,38,0.0,percent
correlation-stream-cores1,sar_concurrent,cpu_util,CORE8,39,0.0,percent
correlation-stream-cores1,sar_concurrent,cpu_util,CORE8,40,0.0,percent
correlation-stream-cores1,sar_concurrent,cpu_util,CORE8,41,0.0,percent
correlation-stream-cores1,sar_concurrent,cpu_util,CORE8,42,0.0,percent
correlation-stream-cores1,sar_concurrent,cpu_util,CORE8,43,0.0,percent
correlation-stream-cores1,sar_concurrent,cpu_util,CORE8,44,0.0,percent
correlation-stream-cores1,sar_concurrent,cpu_util,CORE8,45,0.0,percent
correlation-stream-cores1,sar_concurrent,cpu_util,CORE8,46,0.0,percent
correlation-stream-cores1,sar_concurrent,cpu_util,CORE8,47,0.0,percent
correlation-stream-cores1,sar_concurrent,cpu_util,CORE8,48,0.0,percent
correlation-stream-cores1,sar_concurrent,cpu_util,CORE8,49,0.0,percent
correlation-stream-cores1,sar_concurrent,cpu_util,CORE8,50,0.0,percent
correlation-stream-cores1,sar_concurrent,cpu_util,CORE8,51,0.0,percent
correlation-stream-cores1,sar_concurrent,cpu_util,CORE8,52,0.0,percent
correlation-stream-cores1,sar_concurrent,cpu_util,CORE8,53,0.0,percent
correlation-stream-cores1,sar_concurrent,cpu_util,CORE8,54,0.0,percent
correlation-stream-cores1,sar_concurrent,cpu_util,CORE8,55,0.0,percent
correlation-stream-cores1,sar_concurrent,cpu_util,CORE8,56,0.0,percent
correlation-stream-cores1,sar_concurrent,cpu_util,CORE8,57,0.0,percent
correlation-stream-cores1,sar_concurrent,cpu_util,CORE8,58,0.0,percent
correlation-stream-cores1,sar_concurrent,cpu_util,CORE8,59,0.0,percent
correlation-stream-cores1,sar_concurrent,cpu_util,CORE9,0,0.0,percent
correlation-stream-cores1,sar_concurrent,cpu_util,CORE9,1,0.0,percent
correlation-stream-cores1,sar_concurrent,cpu_util,CORE9,2,0.0,percent
correlation-stream-cores1,sar_concurrent,cpu_util,CORE9,3,0.0,percent
correlation-stream-cores1,sar_concurrent,cpu_util,CORE9,4,0.99,percent
correlation-stream-cores1,sar_concurrent,cpu_util,CORE9,5,0.0,percent
correlation-stream-cores1,sar_concurrent,cpu_util,CORE9,6,0.0,percent
correlation-stream-cores1,sar_concurrent,cpu_util,CORE9,7,0.99,percent
correlation-stream-cores1,sar_concurrent,cpu_util,CORE9,8,0.0,percent
correlation-stream-cores1,sar_concurrent,cpu_util,CORE9,9,0.0,percent
correlation-stream-cores1,sar_concurrent,cpu_util,CORE9,10,0.0,percent
correlation-stream-cores1,sar_concurrent,cpu_util,CORE9,11,0.0,percent
correlation-stream-cores1,sar_concurrent,cpu_util,CORE9,12,0.99,percent
correlation-stream-cores1,sar_concurrent,cpu_util,CORE9,13,0.99,percent
correlation-stream-cores1,sar_concurrent,cpu_util,CORE9,14,0.0,percent
correlation-stream-cores1,sar_concurrent,cpu_util,CORE9,15,1.0,percent
correlation-stream-cores1,sar_concurrent,cpu_util,CORE9,16,0.0,percent
correlation-stream-cores1,sar_concurrent,cpu_util,CORE9,17,0.0,percent
correlation-stream-cores1,sar_concurrent,cpu_util,CORE9,18,0.0,percent
correlation-stream-cores1,sar_concurrent,cpu_util,CORE9,19,0.0,percent
correlation-stream-cores1,sar_concurrent,cpu_util,CORE9,20,0.99,percent
correlation-stream-cores1,sar_concurrent,cpu_util,CORE9,21,0.0,percent
correlation-stream-cores1,sar_concurrent,cpu_util,CORE9,22,0.0,percent
correlation-stream-cores1,sar_concurrent,cpu_util,CORE9,23,0.0,percent
correlation-stream-cores1,sar_concurrent,cpu_util,CORE9,24,1.0,percent
correlation-stream-cores1,sar_concurrent,cpu_util,CORE9,25,0.0,percent
correlation-stream-cores1,sar_concurrent,cpu_util,CORE9,26,0.0,percent
correlation-stream-cores1,sar_concurrent,cpu_util,CORE9,27,0.0,percent
correlation-stream-cores1,sar_concurrent,cpu_util,CORE9,28,0.0,percent
correlation-stream-cores1,sar_concurrent,cpu_util,CORE9,29,0.0,percent
correlation-stream-cores1,sar_concurrent,cpu_util,CORE9,30,0.0,percent
correlation-stream-cores1,sar_concurrent,cpu_util,CORE9,31,0.99,percent
correlation-stream-cores1,sar_concurrent,cpu_util,CORE9,32,0.0,percent
correlation-stream-cores1,sar_concurrent,cpu_util,CORE9,33,0.0,percent
correlation-stream-cores1,sar_concurrent,cpu_util,CORE9,34,0.0,percent
correlation-stream-cores1,sar_concurrent,cpu_util,CORE9,35,0.0,percent
correlation-stream-cores1,sar_concurrent,cpu_util,CORE9,36,1.0,percent
correlation-stream-cores1,sar_concurrent,cpu_util,CORE9,37,0.0,percent
correlation-stream-cores1,sar_concurrent,cpu_util,CORE9,38,0.0,percent
correlation-stream-cores1,sar_concurrent,cpu_util,CORE9,39,0.0,percent
correlation-stream-cores1,sar_concurrent,cpu_util,CORE9,40,0.0,percent
correlation-stream-cores1,sar_concurrent,cpu_util,CORE9,41,0.0,percent
correlation-stream-cores1,sar_concurrent,cpu_util,CORE9,42,0.99,percent
correlation-stream-cores1,sar_concurrent,cpu_util,CORE9,43,0.0,percent
correlation-stream-cores1,sar_concurrent,cpu_util,CORE9,44,0.0,percent
correlation-stream-cores1,sar_concurrent,cpu_util,CORE9,45,0.0,percent
correlation-stream-cores1,sar_concurrent,cpu_util,CORE9,46,0.99,percent
correlation-stream-cores1,sar_concurrent,cpu_util,CORE9,47,0.0,percent
correlation-stream-cores1,sar_concurrent,cpu_util,CORE9,48,0.0,percent
correlation-stream-cores1,sar_concurrent,cpu_util,CORE9,49,0.0,percent
correlation-stream-cores1,sar_concurrent,cpu_util,CORE9,50,0.0,percent
correlation-stream-cores1,sar_concurrent,cpu_util,CORE9,51,0.0,percent
correlation-stream-cores1,sar_concurrent,cpu_util,CORE9,52,0.99,percent
correlation-stream-cores1,sar_concurrent,cpu_util,CORE9,53,0.0,percent
correlation-stream-cores1,sar_concurrent,cpu_util,CORE9,54,0.0,percent
correlation-stream-cores1,sar_concurrent,cpu_util,CORE9,55,0.0,percent
correlation-stream-cores1,sar_concurrent,cpu_util,CORE9,56,0.0,percent
correlation-stream-cores1,sar_concurrent,cpu_util,CORE9,57,0.99,percent
correlation-stream-cores1,sar_concurrent,cpu_util,CORE9,58,0.0,percent
correlation-stream-cores1,sar_concurrent,cpu_util,CORE9,59,0.0,percent
correlation-stream-cores1,sar_concurrent,cpu_util,CORE10,0,3.96,percent
correlation-stream-cores1,sar_concurrent,cpu_util,CORE10,1,0.0,percent
correlation-stream-cores1,sar_concurrent,cpu_util,CORE10,2,0.0,percent
correlation-stream-cores1,sar_concurrent,cpu_util,CORE10,3,0.0,percent
correlation-stream-cores1,sar_concurrent,cpu_util,CORE10,4,0.0,percent
correlation-stream-cores1,sar_concurrent,cpu_util,CORE10,5,0.0,percent
correlation-stream-cores1,sar_concurrent,cpu_util,CORE10,6,0.0,percent
correlation-stream-cores1,sar_concurrent,cpu_util,CORE10,7,0.0,percent
correlation-stream-cores1,sar_concurrent,cpu_util,CORE10,8,0.0,percent
correlation-stream-cores1,sar_concurrent,cpu_util,CORE10,9,0.0,percent
correlation-stream-cores1,sar_concurrent,cpu_util,CORE10,10,0.0,percent
correlation-stream-cores1,sar_concurrent,cpu_util,CORE10,11,0.0,percent
correlation-stream-cores1,sar_concurrent,cpu_util,CORE10,12,0.0,percent
correlation-stream-cores1,sar_concurrent,cpu_util,CORE10,13,0.0,percent
correlation-stream-cores1,sar_concurrent,cpu_util,CORE10,14,0.0,percent
correlation-stream-cores1,sar_concurrent,cpu_util,CORE10,15,0.0,percent
correlation-stream-cores1,sar_concurrent,cpu_util,CORE10,16,0.0,percent
correlation-stream-cores1,sar_concurrent,cpu_util,CORE10,17,0.0,percent
correlation-stream-cores1,sar_concurrent,cpu_util,CORE10,18,0.0,percent
correlation-stream-cores1,sar_concurrent,cpu_util,CORE10,19,0.0,percent
correlation-stream-cores1,sar_concurrent,cpu_util,CORE10,20,0.0,percent
correlation-stream-cores1,sar_concurrent,cpu_util,CORE10,21,0.0,percent
correlation-stream-cores1,sar_concurrent,cpu_util,CORE10,22,0.0,percent
correlation-stream-cores1,sar_concurrent,cpu_util,CORE10,23,0.0,percent
correlation-stream-cores1,sar_concurrent,cpu_util,CORE10,24,0.0,percent
correlation-stream-cores1,sar_concurrent,cpu_util,CORE10,25,0.0,percent
correlation-stream-cores1,sar_concurrent,cpu_util,CORE10,26,0.0,percent
correlation-stream-cores1,sar_concurrent,cpu_util,CORE10,27,0.0,percent
correlation-stream-cores1,sar_concurrent,cpu_util,CORE10,28,0.0,percent
correlation-stream-cores1,sar_concurrent,cpu_util,CORE10,29,0.0,percent
correlation-stream-cores1,sar_concurrent,cpu_util,CORE10,30,0.0,percent
correlation-stream-cores1,sar_concurrent,cpu_util,CORE10,31,0.0,percent
correlation-stream-cores1,sar_concurrent,cpu_util,CORE10,32,0.0,percent
correlation-stream-cores1,sar_concurrent,cpu_util,CORE10,33,0.0,percent
correlation-stream-cores1,sar_concurrent,cpu_util,CORE10,34,0.0,percent
correlation-stream-cores1,sar_concurrent,cpu_util,CORE10,35,0.0,percent
correlation-stream-cores1,sar_concurrent,cpu_util,CORE10,36,0.0,percent
correlation-stream-cores1,sar_concurrent,cpu_util,CORE10,37,0.0,percent
correlation-stream-cores1,sar_concurrent,cpu_util,CORE10,38,0.0,percent
correlation-stream-cores1,sar_concurrent,cpu_util,CORE10,39,0.0,percent
correlation-stream-cores1,sar_concurrent,cpu_util,CORE10,40,0.0,percent
correlation-stream-cores1,sar_concurrent,cpu_util,CORE10,41,0.0,percent
correlation-stream-cores1,sar_concurrent,cpu_util,CORE10,42,0.0,percent
correlation-stream-cores1,sar_concurrent,cpu_util,CORE10,43,0.0,percent
correlation-stream-cores1,sar_concurrent,cpu_util,CORE10,44,0.0,percent
correlation-stream-cores1,sar_concurrent,cpu_util,CORE10,45,0.0,percent
correlation-stream-cores1,sar_concurrent,cpu_util,CORE10,46,0.0,percent
correlation-stream-cores1,sar_concurrent,cpu_util,CORE10,47,0.0,percent
correlation-stream-cores1,sar_concurrent,cpu_util,CORE10,48,0.0,percent
correlation-stream-cores1,sar_concurrent,cpu_util,CORE10,49,0.0,percent
correlation-stream-cores1,sar_concurrent,cpu_util,CORE10,50,0.0,percent
correlation-stream-cores1,sar_concurrent,cpu_util,CORE10,51,0.0,percent
correlation-stream-cores1,sar_concurrent,cpu_util,CORE10,52,0.0,percent
correlation-stream-cores1,sar_concurrent,cpu_util,CORE10,53,0.0,percent
correlation-stream-cores1,sar_concurrent,cpu_util,CORE10,54,0.0,percent
correlation-stream-cores1,sar_concurrent,cpu_util,CORE10,55,0.0,percent
correlation-stream-cores1,sar_concurrent,cpu_util,CORE10,56,0.0,percent
correlation-stream-cores1,sar_concurrent,cpu_util,CORE10,57,0.0,percent
correlation-stream-cores1,sar_concurrent,cpu_util,CORE10,58,0.0,percent
correlation-stream-cores1,sar_concurrent,cpu_util,CORE10,59,0.0,percent
correlation-stream-cores1,sar_concurrent,cpu_util,CORE11,0,0.0,percent
correlation-stream-cores1,sar_concurrent,cpu_util,CORE11,1,0.0,percent
correlation-stream-cores1,sar_concurrent,cpu_util,CORE11,2,0.0,percent
correlation-stream-cores1,sar_concurrent,cpu_util,CORE11,3,0.0,percent
correlation-stream-cores1,sar_concurrent,cpu_util,CORE11,4,0.0,percent
correlation-stream-cores1,sar_concurrent,cpu_util,CORE11,5,0.0,percent
correlation-stream-cores1,sar_concurrent,cpu_util,CORE11,6,0.0,percent
correlation-stream-cores1,sar_concurrent,cpu_util,CORE11,7,0.0,percent
correlation-stream-cores1,sar_concurrent,cpu_util,CORE11,8,0.0,percent
correlation-stream-cores1,sar_concurrent,cpu_util,CORE11,9,0.0,percent
correlation-stream-cores1,sar_concurrent,cpu_util,CORE11,10,0.0,percent
correlation-stream-cores1,sar_concurrent,cpu_util,CORE11,11,0.0,percent
correlation-stream-cores1,sar_concurrent,cpu_util,CORE11,12,0.0,percent
correlation-stream-cores1,sar_concurrent,cpu_util,CORE11,13,0.0,percent
correlation-stream-cores1,sar_concurrent,cpu_util,CORE11,14,0.0,percent
correlation-stream-cores1,sar_concurrent,cpu_util,CORE11,15,0.0,percent
correlation-stream-cores1,sar_concurrent,cpu_util,CORE11,16,0.0,percent
correlation-stream-cores1,sar_concurrent,cpu_util,CORE11,17,0.0,percent
correlation-stream-cores1,sar_concurrent,cpu_util,CORE11,18,0.0,percent
correlation-stream-cores1,sar_concurrent,cpu_util,CORE11,19,0.0,percent
correlation-stream-cores1,sar_concurrent,cpu_util,CORE11,20,0.0,percent
correlation-stream-cores1,sar_concurrent,cpu_util,CORE11,21,0.0,percent
correlation-stream-cores1,sar_concurrent,cpu_util,CORE11,22,0.0,percent
correlation-stream-cores1,sar_concurrent,cpu_util,CORE11,23,0.0,percent
correlation-stream-cores1,sar_concurrent,cpu_util,CORE11,24,0.0,percent
correlation-stream-cores1,sar_concurrent,cpu_util,CORE11,25,0.0,percent
correlation-stream-cores1,sar_concurrent,cpu_util,CORE11,26,0.0,percent
correlation-stream-cores1,sar_concurrent,cpu_util,CORE11,27,0.99,percent
correlation-stream-cores1,sar_concurrent,cpu_util,CORE11,28,0.0,percent
correlation-stream-cores1,sar_concurrent,cpu_util,CORE11,29,0.0,percent
correlation-stream-cores1,sar_concurrent,cpu_util,CORE11,30,0.0,percent
correlation-stream-cores1,sar_concurrent,cpu_util,CORE11,31,0.0,percent
correlation-stream-cores1,sar_concurrent,cpu_util,CORE11,32,0.0,percent
correlation-stream-cores1,sar_concurrent,cpu_util,CORE11,33,1.0,percent
correlation-stream-cores1,sar_concurrent,cpu_util,CORE11,34,0.0,percent
correlation-stream-cores1,sar_concurrent,cpu_util,CORE11,35,0.0,percent
correlation-stream-cores1,sar_concurrent,cpu_util,CORE11,36,0.0,percent
correlation-stream-cores1,sar_concurrent,cpu_util,CORE11,37,0.0,percent
correlation-stream-cores1,sar_concurrent,cpu_util,CORE11,38,0.0,percent
correlation-stream-cores1,sar_concurrent,cpu_util,CORE11,39,0.0,percent
correlation-stream-cores1,sar_concurrent,cpu_util,CORE11,40,0.0,percent
correlation-stream-cores1,sar_concurrent,cpu_util,CORE11,41,0.0,percent
correlation-stream-cores1,sar_concurrent,cpu_util,CORE11,42,0.0,percent
correlation-stream-cores1,sar_concurrent,cpu_util,CORE11,43,0.0,percent
correlation-stream-cores1,sar_concurrent,cpu_util,CORE11,44,0.0,percent
correlation-stream-cores1,sar_concurrent,cpu_util,CORE11,45,0.0,percent
correlation-stream-cores1,sar_concurrent,cpu_util,CORE11,46,0.0,percent
correlation-stream-cores1,sar_concurrent,cpu_util,CORE11,47,1.0,percent
correlation-stream-cores1,sar_concurrent,cpu_util,CORE11,48,0.0,percent
correlation-stream-cores1,sar_concurrent,cpu_util,CORE11,49,0.0,percent
correlation-stream-cores1,sar_concurrent,cpu_util,CORE11,50,0.0,percent
correlation-stream-cores1,sar_concurrent,cpu_util,CORE11,51,0.0,percent
correlation-stream-cores1,sar_concurrent,cpu_util,CORE11,52,0.0,percent
correlation-stream-cores1,sar_concurrent,cpu_util,CORE11,53,0.0,percent
correlation-stream-cores1,sar_concurrent,cpu_util,CORE11,54,0.0,percent
correlation-stream-cores1,sar_concurrent,cpu_util,CORE11,55,0.0,percent
correlation-stream-cores1,sar_concurrent,cpu_util,CORE11,56,0.0,percent
correlation-stream-cores1,sar_concurrent,cpu_util,CORE11,57,0.0,percent
correlation-stream-cores1,sar_concurrent,cpu_util,CORE11,58,0.0,percent
correlation-stream-cores1,sar_concurrent,cpu_util,CORE11,59,0.0,percent
correlation-stream-cores1,sar_concurrent,cpu_util,CORE12,0,1.0,percent
correlation-stream-cores1,sar_concurrent,cpu_util,CORE12,1,1.0,percent
correlation-stream-cores1,sar_concurrent,cpu_util,CORE12,2,1.98,percent
correlation-stream-cores1,sar_concurrent,cpu_util,CORE12,3,1.01,percent
correlation-stream-cores1,sar_concurrent,cpu_util,CORE12,4,1.0,percent
correlation-stream-cores1,sar_concurrent,cpu_util,CORE12,5,2.94,percent
correlation-stream-cores1,sar_concurrent,cpu_util,CORE12,6,1.0,percent
correlation-stream-cores1,sar_concurrent,cpu_util,CORE12,7,1.98,percent
correlation-stream-cores1,sar_concurrent,cpu_util,CORE12,8,0.0,percent
correlation-stream-cores1,sar_concurrent,cpu_util,CORE12,9,1.98,percent
correlation-stream-cores1,sar_concurrent,cpu_util,CORE12,10,0.0,percent
correlation-stream-cores1,sar_concurrent,cpu_util,CORE12,11,1.98,percent
correlation-stream-cores1,sar_concurrent,cpu_util,CORE12,12,0.0,percent
correlation-stream-cores1,sar_concurrent,cpu_util,CORE12,13,1.0,percent
correlation-stream-cores1,sar_concurrent,cpu_util,CORE12,14,1.0,percent
correlation-stream-cores1,sar_concurrent,cpu_util,CORE12,15,1.98,percent
correlation-stream-cores1,sar_concurrent,cpu_util,CORE12,16,1.0,percent
correlation-stream-cores1,sar_concurrent,cpu_util,CORE12,17,1.98,percent
correlation-stream-cores1,sar_concurrent,cpu_util,CORE12,18,2.0,percent
correlation-stream-cores1,sar_concurrent,cpu_util,CORE12,19,1.0,percent
correlation-stream-cores1,sar_concurrent,cpu_util,CORE12,20,1.98,percent
correlation-stream-cores1,sar_concurrent,cpu_util,CORE12,21,0.0,percent
correlation-stream-cores1,sar_concurrent,cpu_util,CORE12,22,1.0,percent
correlation-stream-cores1,sar_concurrent,cpu_util,CORE12,23,1.0,percent
correlation-stream-cores1,sar_concurrent,cpu_util,CORE12,24,1.98,percent
correlation-stream-cores1,sar_concurrent,cpu_util,CORE12,25,0.0,percent
correlation-stream-cores1,sar_concurrent,cpu_util,CORE12,26,1.98,percent
correlation-stream-cores1,sar_concurrent,cpu_util,CORE12,27,1.98,percent
correlation-stream-cores1,sar_concurrent,cpu_util,CORE12,28,1.0,percent
correlation-stream-cores1,sar_concurrent,cpu_util,CORE12,29,1.0,percent
correlation-stream-cores1,sar_concurrent,cpu_util,CORE12,30,1.0,percent
correlation-stream-cores1,sar_concurrent,cpu_util,CORE12,31,0.0,percent
correlation-stream-cores1,sar_concurrent,cpu_util,CORE12,32,2.0,percent
correlation-stream-cores1,sar_concurrent,cpu_util,CORE12,33,1.0,percent
correlation-stream-cores1,sar_concurrent,cpu_util,CORE12,34,1.98,percent
correlation-stream-cores1,sar_concurrent,cpu_util,CORE12,35,0.0,percent
correlation-stream-cores1,sar_concurrent,cpu_util,CORE12,36,1.0,percent
correlation-stream-cores1,sar_concurrent,cpu_util,CORE12,37,1.98,percent
correlation-stream-cores1,sar_concurrent,cpu_util,CORE12,38,1.0,percent
correlation-stream-cores1,sar_concurrent,cpu_util,CORE12,39,1.0,percent
correlation-stream-cores1,sar_concurrent,cpu_util,CORE12,40,1.0,percent
correlation-stream-cores1,sar_concurrent,cpu_util,CORE12,41,0.0,percent
correlation-stream-cores1,sar_concurrent,cpu_util,CORE12,42,1.0,percent
correlation-stream-cores1,sar_concurrent,cpu_util,CORE12,43,1.98,percent
correlation-stream-cores1,sar_concurrent,cpu_util,CORE12,44,2.0,percent
correlation-stream-cores1,sar_concurrent,cpu_util,CORE12,45,1.0,percent
correlation-stream-cores1,sar_concurrent,cpu_util,CORE12,46,0.0,percent
correlation-stream-cores1,sar_concurrent,cpu_util,CORE12,47,1.0,percent
correlation-stream-cores1,sar_concurrent,cpu_util,CORE12,48,1.0,percent
correlation-stream-cores1,sar_concurrent,cpu_util,CORE12,49,1.0,percent
correlation-stream-cores1,sar_concurrent,cpu_util,CORE12,50,1.0,percent
correlation-stream-cores1,sar_concurrent,cpu_util,CORE12,51,0.0,percent
correlation-stream-cores1,sar_concurrent,cpu_util,CORE12,52,1.98,percent
correlation-stream-cores1,sar_concurrent,cpu_util,CORE12,53,0.0,percent
correlation-stream-cores1,sar_concurrent,cpu_util,CORE12,54,1.0,percent
correlation-stream-cores1,sar_concurrent,cpu_util,CORE12,55,1.0,percent
correlation-stream-cores1,sar_concurrent,cpu_util,CORE12,56,0.0,percent
correlation-stream-cores1,sar_concurrent,cpu_util,CORE12,57,2.0,percent
correlation-stream-cores1,sar_concurrent,cpu_util,CORE12,58,0.0,percent
correlation-stream-cores1,sar_concurrent,cpu_util,CORE12,59,1.0,percent
correlation-stream-cores1,sar_concurrent,cpu_util,CORE13,0,0.0,percent
correlation-stream-cores1,sar_concurrent,cpu_util,CORE13,1,0.0,percent
correlation-stream-cores1,sar_concurrent,cpu_util,CORE13,2,0.0,percent
correlation-stream-cores1,sar_concurrent,cpu_util,CORE13,3,1.98,percent
correlation-stream-cores1,sar_concurrent,cpu_util,CORE13,4,0.0,percent
correlation-stream-cores1,sar_concurrent,cpu_util,CORE13,5,0.0,percent
correlation-stream-cores1,sar_concurrent,cpu_util,CORE13,6,0.0,percent
correlation-stream-cores1,sar_concurrent,cpu_util,CORE13,7,0.0,percent
correlation-stream-cores1,sar_concurrent,cpu_util,CORE13,8,0.0,percent
correlation-stream-cores1,sar_concurrent,cpu_util,CORE13,9,0.0,percent
correlation-stream-cores1,sar_concurrent,cpu_util,CORE13,10,0.0,percent
correlation-stream-cores1,sar_concurrent,cpu_util,CORE13,11,0.0,percent
correlation-stream-cores1,sar_concurrent,cpu_util,CORE13,12,0.0,percent
correlation-stream-cores1,sar_concurrent,cpu_util,CORE13,13,0.0,percent
correlation-stream-cores1,sar_concurrent,cpu_util,CORE13,14,0.0,percent
correlation-stream-cores1,sar_concurrent,cpu_util,CORE13,15,0.99,percent
correlation-stream-cores1,sar_concurrent,cpu_util,CORE13,16,0.0,percent
correlation-stream-cores1,sar_concurrent,cpu_util,CORE13,17,0.0,percent
correlation-stream-cores1,sar_concurrent,cpu_util,CORE13,18,0.0,percent
correlation-stream-cores1,sar_concurrent,cpu_util,CORE13,19,0.0,percent
correlation-stream-cores1,sar_concurrent,cpu_util,CORE13,20,0.0,percent
correlation-stream-cores1,sar_concurrent,cpu_util,CORE13,21,0.0,percent
correlation-stream-cores1,sar_concurrent,cpu_util,CORE13,22,0.0,percent
correlation-stream-cores1,sar_concurrent,cpu_util,CORE13,23,0.0,percent
correlation-stream-cores1,sar_concurrent,cpu_util,CORE13,24,0.0,percent
correlation-stream-cores1,sar_concurrent,cpu_util,CORE13,25,0.0,percent
correlation-stream-cores1,sar_concurrent,cpu_util,CORE13,26,0.0,percent
correlation-stream-cores1,sar_concurrent,cpu_util,CORE13,27,0.0,percent
correlation-stream-cores1,sar_concurrent,cpu_util,CORE13,28,0.0,percent
correlation-stream-cores1,sar_concurrent,cpu_util,CORE13,29,0.0,percent
correlation-stream-cores1,sar_concurrent,cpu_util,CORE13,30,0.0,percent
correlation-stream-cores1,sar_concurrent,cpu_util,CORE13,31,0.0,percent
correlation-stream-cores1,sar_concurrent,cpu_util,CORE13,32,0.0,percent
correlation-stream-cores1,sar_concurrent,cpu_util,CORE13,33,1.0,percent
correlation-stream-cores1,sar_concurrent,cpu_util,CORE13,34,0.0,percent
correlation-stream-cores1,sar_concurrent,cpu_util,CORE13,35,0.0,percent
correlation-stream-cores1,sar_concurrent,cpu_util,CORE13,36,0.0,percent
correlation-stream-cores1,sar_concurrent,cpu_util,CORE13,37,0.0,percent
correlation-stream-cores1,sar_concurrent,cpu_util,CORE13,38,0.0,percent
correlation-stream-cores1,sar_concurrent,cpu_util,CORE13,39,0.0,percent
correlation-stream-cores1,sar_concurrent,cpu_util,CORE13,40,0.0,percent
correlation-stream-cores1,sar_concurrent,cpu_util,CORE13,41,0.0,percent
correlation-stream-cores1,sar_concurrent,cpu_util,CORE13,42,0.0,percent
correlation-stream-cores1,sar_concurrent,cpu_util,CORE13,43,0.0,percent
correlation-stream-cores1,sar_concurrent,cpu_util,CORE13,44,0.0,percent
correlation-stream-cores1,sar_concurrent,cpu_util,CORE13,45,0.0,percent
correlation-stream-cores1,sar_concurrent,cpu_util,CORE13,46,0.0,percent
correlation-stream-cores1,sar_concurrent,cpu_util,CORE13,47,0.0,percent
correlation-stream-cores1,sar_concurrent,cpu_util,CORE13,48,0.0,percent
correlation-stream-cores1,sar_concurrent,cpu_util,CORE13,49,0.0,percent
correlation-stream-cores1,sar_concurrent,cpu_util,CORE13,50,0.0,percent
correlation-stream-cores1,sar_concurrent,cpu_util,CORE13,51,0.0,percent
correlation-stream-cores1,sar_concurrent,cpu_util,CORE13,52,0.0,percent
correlation-stream-cores1,sar_concurrent,cpu_util,CORE13,53,0.0,percent
correlation-stream-cores1,sar_concurrent,cpu_util,CORE13,54,0.0,percent
correlation-stream-cores1,sar_concurrent,cpu_util,CORE13,55,0.0,percent
correlation-stream-cores1,sar_concurrent,cpu_util,CORE13,56,0.0,percent
correlation-stream-cores1,sar_concurrent,cpu_util,CORE13,57,0.0,percent
correlation-stream-cores1,sar_concurrent,cpu_util,CORE13,58,0.0,percent
correlation-stream-cores1,sar_concurrent,cpu_util,CORE13,59,0.0,percent
correlation-stream-cores1,sar_concurrent,cpu_util,CORE14,0,0.0,percent
correlation-stream-cores1,sar_concurrent,cpu_util,CORE14,1,0.0,percent
correlation-stream-cores1,sar_concurrent,cpu_util,CORE14,2,0.0,percent
correlation-stream-cores1,sar_concurrent,cpu_util,CORE14,3,0.0,percent
correlation-stream-cores1,sar_concurrent,cpu_util,CORE14,4,0.0,percent
correlation-stream-cores1,sar_concurrent,cpu_util,CORE14,5,0.0,percent
correlation-stream-cores1,sar_concurrent,cpu_util,CORE14,6,0.0,percent
correlation-stream-cores1,sar_concurrent,cpu_util,CORE14,7,0.0,percent
correlation-stream-cores1,sar_concurrent,cpu_util,CORE14,8,0.0,percent
correlation-stream-cores1,sar_concurrent,cpu_util,CORE14,9,0.0,percent
correlation-stream-cores1,sar_concurrent,cpu_util,CORE14,10,0.0,percent
correlation-stream-cores1,sar_concurrent,cpu_util,CORE14,11,0.0,percent
correlation-stream-cores1,sar_concurrent,cpu_util,CORE14,12,0.0,percent
correlation-stream-cores1,sar_concurrent,cpu_util,CORE14,13,0.0,percent
correlation-stream-cores1,sar_concurrent,cpu_util,CORE14,14,0.0,percent
correlation-stream-cores1,sar_concurrent,cpu_util,CORE14,15,0.0,percent
correlation-stream-cores1,sar_concurrent,cpu_util,CORE14,16,0.0,percent
correlation-stream-cores1,sar_concurrent,cpu_util,CORE14,17,0.0,percent
correlation-stream-cores1,sar_concurrent,cpu_util,CORE14,18,0.0,percent
correlation-stream-cores1,sar_concurrent,cpu_util,CORE14,19,0.0,percent
correlation-stream-cores1,sar_concurrent,cpu_util,CORE14,20,0.0,percent
correlation-stream-cores1,sar_concurrent,cpu_util,CORE14,21,0.0,percent
correlation-stream-cores1,sar_concurrent,cpu_util,CORE14,22,0.0,percent
correlation-stream-cores1,sar_concurrent,cpu_util,CORE14,23,0.0,percent
correlation-stream-cores1,sar_concurrent,cpu_util,CORE14,24,0.0,percent
correlation-stream-cores1,sar_concurrent,cpu_util,CORE14,25,0.0,percent
correlation-stream-cores1,sar_concurrent,cpu_util,CORE14,26,0.0,percent
correlation-stream-cores1,sar_concurrent,cpu_util,CORE14,27,0.0,percent
correlation-stream-cores1,sar_concurrent,cpu_util,CORE14,28,0.0,percent
correlation-stream-cores1,sar_concurrent,cpu_util,CORE14,29,0.0,percent
correlation-stream-cores1,sar_concurrent,cpu_util,CORE14,30,0.0,percent
correlation-stream-cores1,sar_concurrent,cpu_util,CORE14,31,0.0,percent
correlation-stream-cores1,sar_concurrent,cpu_util,CORE14,32,0.0,percent
correlation-stream-cores1,sar_concurrent,cpu_util,CORE14,33,0.0,percent
correlation-stream-cores1,sar_concurrent,cpu_util,CORE14,34,0.0,percent
correlation-stream-cores1,sar_concurrent,cpu_util,CORE14,35,0.0,percent
correlation-stream-cores1,sar_concurrent,cpu_util,CORE14,36,0.0,percent
correlation-stream-cores1,sar_concurrent,cpu_util,CORE14,37,0.0,percent
correlation-stream-cores1,sar_concurrent,cpu_util,CORE14,38,0.0,percent
correlation-stream-cores1,sar_concurrent,cpu_util,CORE14,39,0.0,percent
correlation-stream-cores1,sar_concurrent,cpu_util,CORE14,40,0.0,percent
correlation-stream-cores1,sar_concurrent,cpu_util,CORE14,41,0.0,percent
correlation-stream-cores1,sar_concurrent,cpu_util,CORE14,42,0.0,percent
correlation-stream-cores1,sar_concurrent,cpu_util,CORE14,43,0.0,percent
correlation-stream-cores1,sar_concurrent,cpu_util,CORE14,44,0.0,percent
correlation-stream-cores1,sar_concurrent,cpu_util,CORE14,45,0.0,percent
correlation-stream-cores1,sar_concurrent,cpu_util,CORE14,46,0.0,percent
correlation-stream-cores1,sar_concurrent,cpu_util,CORE14,47,0.0,percent
correlation-stream-cores1,sar_concurrent,cpu_util,CORE14,48,0.0,percent
correlation-stream-cores1,sar_concurrent,cpu_util,CORE14,49,0.0,percent
correlation-stream-cores1,sar_concurrent,cpu_util,CORE14,50,0.0,percent
correlation-stream-cores1,sar_concurrent,cpu_util,CORE14,51,0.0,percent
correlation-stream-cores1,sar_concurrent,cpu_util,CORE14,52,0.0,percent
correlation-stream-cores1,sar_concurrent,cpu_util,CORE14,53,0.0,percent
correlation-stream-cores1,sar_concurrent,cpu_util,CORE14,54,0.0,percent
correlation-stream-cores1,sar_concurrent,cpu_util,CORE14,55,0.0,percent
correlation-stream-cores1,sar_concurrent,cpu_util,CORE14,56,0.0,percent
correlation-stream-cores1,sar_concurrent,cpu_util,CORE14,57,0.0,percent
correlation-stream-cores1,sar_concurrent,cpu_util,CORE14,58,0.0,percent
correlation-stream-cores1,sar_concurrent,cpu_util,CORE14,59,0.0,percent
correlation-stream-cores1,sar_concurrent,cpu_util,CORE15,0,0.0,percent
correlation-stream-cores1,sar_concurrent,cpu_util,CORE15,1,0.0,percent
correlation-stream-cores1,sar_concurrent,cpu_util,CORE15,2,0.0,percent
correlation-stream-cores1,sar_concurrent,cpu_util,CORE15,3,0.0,percent
correlation-stream-cores1,sar_concurrent,cpu_util,CORE15,4,0.0,percent
correlation-stream-cores1,sar_concurrent,cpu_util,CORE15,5,0.0,percent
correlation-stream-cores1,sar_concurrent,cpu_util,CORE15,6,0.0,percent
correlation-stream-cores1,sar_concurrent,cpu_util,CORE15,7,0.0,percent
correlation-stream-cores1,sar_concurrent,cpu_util,CORE15,8,0.0,percent
correlation-stream-cores1,sar_concurrent,cpu_util,CORE15,9,0.0,percent
correlation-stream-cores1,sar_concurrent,cpu_util,CORE15,10,0.0,percent
correlation-stream-cores1,sar_concurrent,cpu_util,CORE15,11,0.0,percent
correlation-stream-cores1,sar_concurrent,cpu_util,CORE15,12,0.0,percent
correlation-stream-cores1,sar_concurrent,cpu_util,CORE15,13,0.0,percent
correlation-stream-cores1,sar_concurrent,cpu_util,CORE15,14,0.0,percent
correlation-stream-cores1,sar_concurrent,cpu_util,CORE15,15,0.0,percent
correlation-stream-cores1,sar_concurrent,cpu_util,CORE15,16,0.0,percent
correlation-stream-cores1,sar_concurrent,cpu_util,CORE15,17,0.0,percent
correlation-stream-cores1,sar_concurrent,cpu_util,CORE15,18,0.0,percent
correlation-stream-cores1,sar_concurrent,cpu_util,CORE15,19,0.0,percent
correlation-stream-cores1,sar_concurrent,cpu_util,CORE15,20,0.0,percent
correlation-stream-cores1,sar_concurrent,cpu_util,CORE15,21,0.0,percent
correlation-stream-cores1,sar_concurrent,cpu_util,CORE15,22,0.0,percent
correlation-stream-cores1,sar_concurrent,cpu_util,CORE15,23,0.0,percent
correlation-stream-cores1,sar_concurrent,cpu_util,CORE15,24,0.0,percent
correlation-stream-cores1,sar_concurrent,cpu_util,CORE15,25,0.0,percent
correlation-stream-cores1,sar_concurrent,cpu_util,CORE15,26,0.0,percent
correlation-stream-cores1,sar_concurrent,cpu_util,CORE15,27,0.0,percent
correlation-stream-cores1,sar_concurrent,cpu_util,CORE15,28,0.0,percent
correlation-stream-cores1,sar_concurrent,cpu_util,CORE15,29,0.0,percent
correlation-stream-cores1,sar_concurrent,cpu_util,CORE15,30,0.0,percent
correlation-stream-cores1,sar_concurrent,cpu_util,CORE15,31,0.0,percent
correlation-stream-cores1,sar_concurrent,cpu_util,CORE15,32,0.0,percent
correlation-stream-cores1,sar_concurrent,cpu_util,CORE15,33,0.0,percent
correlation-stream-cores1,sar_concurrent,cpu_util,CORE15,34,0.0,percent
correlation-stream-cores1,sar_concurrent,cpu_util,CORE15,35,0.0,percent
correlation-stream-cores1,sar_concurrent,cpu_util,CORE15,36,0.0,percent
correlation-stream-cores1,sar_concurrent,cpu_util,CORE15,37,0.0,percent
correlation-stream-cores1,sar_concurrent,cpu_util,CORE15,38,0.0,percent
correlation-stream-cores1,sar_concurrent,cpu_util,CORE15,39,0.0,percent
correlation-stream-cores1,sar_concurrent,cpu_util,CORE15,40,0.0,percent
correlation-stream-cores1,sar_concurrent,cpu_util,CORE15,41,0.0,percent
correlation-stream-cores1,sar_concurrent,cpu_util,CORE15,42,0.0,percent
correlation-stream-cores1,sar_concurrent,cpu_util,CORE15,43,0.0,percent
correlation-stream-cores1,sar_concurrent,cpu_util,CORE15,44,0.0,percent
correlation-stream-cores1,sar_concurrent,cpu_util,CORE15,45,0.0,percent
correlation-stream-cores1,sar_concurrent,cpu_util,CORE15,46,0.0,percent
correlation-stream-cores1,sar_concurrent,cpu_util,CORE15,47,0.0,percent
correlation-stream-cores1,sar_concurrent,cpu_util,CORE15,48,0.0,percent
correlation-stream-cores1,sar_concurrent,cpu_util,CORE15,49,0.0,percent
correlation-stream-cores1,sar_concurrent,cpu_util,CORE15,50,0.0,percent
correlation-stream-cores1,sar_concurrent,cpu_util,CORE15,51,0.0,percent
correlation-stream-cores1,sar_concurrent,cpu_util,CORE15,52,0.0,percent
correlation-stream-cores1,sar_concurrent,cpu_util,CORE15,53,0.0,percent
correlation-stream-cores1,sar_concurrent,cpu_util,CORE15,54,0.0,percent
correlation-stream-cores1,sar_concurrent,cpu_util,CORE15,55,0.0,percent
correlation-stream-cores1,sar_concurrent,cpu_util,CORE15,56,0.0,percent
correlation-stream-cores1,sar_concurrent,cpu_util,CORE15,57,0.0,percent
correlation-stream-cores1,sar_concurrent,cpu_util,CORE15,58,0.0,percent
correlation-stream-cores1,sar_concurrent,cpu_util,CORE15,59,0.0,percent
correlation-stream-cores1,sar_concurrent,cpu_util,CORE16,0,0.0,percent
correlation-stream-cores1,sar_concurrent,cpu_util,CORE16,1,0.0,percent
correlation-stream-cores1,sar_concurrent,cpu_util,CORE16,2,0.0,percent
correlation-stream-cores1,sar_concurrent,cpu_util,CORE16,3,0.0,percent
correlation-stream-cores1,sar_concurrent,cpu_util,CORE16,4,0.0,percent
correlation-stream-cores1,sar_concurrent,cpu_util,CORE16,5,0.0,percent
correlation-stream-cores1,sar_concurrent,cpu_util,CORE16,6,0.0,percent
correlation-stream-cores1,sar_concurrent,cpu_util,CORE16,7,0.0,percent
correlation-stream-cores1,sar_concurrent,cpu_util,CORE16,8,0.0,percent
correlation-stream-cores1,sar_concurrent,cpu_util,CORE16,9,0.0,percent
correlation-stream-cores1,sar_concurrent,cpu_util,CORE16,10,0.0,percent
correlation-stream-cores1,sar_concurrent,cpu_util,CORE16,11,0.0,percent
correlation-stream-cores1,sar_concurrent,cpu_util,CORE16,12,0.0,percent
correlation-stream-cores1,sar_concurrent,cpu_util,CORE16,13,0.0,percent
correlation-stream-cores1,sar_concurrent,cpu_util,CORE16,14,0.0,percent
correlation-stream-cores1,sar_concurrent,cpu_util,CORE16,15,0.0,percent
correlation-stream-cores1,sar_concurrent,cpu_util,CORE16,16,0.0,percent
correlation-stream-cores1,sar_concurrent,cpu_util,CORE16,17,0.0,percent
correlation-stream-cores1,sar_concurrent,cpu_util,CORE16,18,0.0,percent
correlation-stream-cores1,sar_concurrent,cpu_util,CORE16,19,0.0,percent
correlation-stream-cores1,sar_concurrent,cpu_util,CORE16,20,0.0,percent
correlation-stream-cores1,sar_concurrent,cpu_util,CORE16,21,0.0,percent
correlation-stream-cores1,sar_concurrent,cpu_util,CORE16,22,0.0,percent
correlation-stream-cores1,sar_concurrent,cpu_util,CORE16,23,0.0,percent
correlation-stream-cores1,sar_concurrent,cpu_util,CORE16,24,0.0,percent
correlation-stream-cores1,sar_concurrent,cpu_util,CORE16,25,0.0,percent
correlation-stream-cores1,sar_concurrent,cpu_util,CORE16,26,0.0,percent
correlation-stream-cores1,sar_concurrent,cpu_util,CORE16,27,0.0,percent
correlation-stream-cores1,sar_concurrent,cpu_util,CORE16,28,0.0,percent
correlation-stream-cores1,sar_concurrent,cpu_util,CORE16,29,0.0,percent
correlation-stream-cores1,sar_concurrent,cpu_util,CORE16,30,0.0,percent
correlation-stream-cores1,sar_concurrent,cpu_util,CORE16,31,0.0,percent
correlation-stream-cores1,sar_concurrent,cpu_util,CORE16,32,0.0,percent
correlation-stream-cores1,sar_concurrent,cpu_util,CORE16,33,0.0,percent
correlation-stream-cores1,sar_concurrent,cpu_util,CORE16,34,0.0,percent
correlation-stream-cores1,sar_concurrent,cpu_util,CORE16,35,0.0,percent
correlation-stream-cores1,sar_concurrent,cpu_util,CORE16,36,0.0,percent
correlation-stream-cores1,sar_concurrent,cpu_util,CORE16,37,0.0,percent
correlation-stream-cores1,sar_concurrent,cpu_util,CORE16,38,0.0,percent
correlation-stream-cores1,sar_concurrent,cpu_util,CORE16,39,0.0,percent
correlation-stream-cores1,sar_concurrent,cpu_util,CORE16,40,0.0,percent
correlation-stream-cores1,sar_concurrent,cpu_util,CORE16,41,0.0,percent
correlation-stream-cores1,sar_concurrent,cpu_util,CORE16,42,0.0,percent
correlation-stream-cores1,sar_concurrent,cpu_util,CORE16,43,0.0,percent
correlation-stream-cores1,sar_concurrent,cpu_util,CORE16,44,0.0,percent
correlation-stream-cores1,sar_concurrent,cpu_util,CORE16,45,0.0,percent
correlation-stream-cores1,sar_concurrent,cpu_util,CORE16,46,0.0,percent
correlation-stream-cores1,sar_concurrent,cpu_util,CORE16,47,0.0,percent
correlation-stream-cores1,sar_concurrent,cpu_util,CORE16,48,0.0,percent
correlation-stream-cores1,sar_concurrent,cpu_util,CORE16,49,0.0,percent
correlation-stream-cores1,sar_concurrent,cpu_util,CORE16,50,0.0,percent
correlation-stream-cores1,sar_concurrent,cpu_util,CORE16,51,0.0,percent
correlation-stream-cores1,sar_concurrent,cpu_util,CORE16,52,0.0,percent
correlation-stream-cores1,sar_concurrent,cpu_util,CORE16,53,0.0,percent
correlation-stream-cores1,sar_concurrent,cpu_util,CORE16,54,0.0,percent
correlation-stream-cores1,sar_concurrent,cpu_util,CORE16,55,0.0,percent
correlation-stream-cores1,sar_concurrent,cpu_util,CORE16,56,0.0,percent
correlation-stream-cores1,sar_concurrent,cpu_util,CORE16,57,0.0,percent
correlation-stream-cores1,sar_concurrent,cpu_util,CORE16,58,0.0,percent
correlation-stream-cores1,sar_concurrent,cpu_util,CORE16,59,0.0,percent
correlation-stream-cores1,sar_concurrent,cpu_util,CORE17,0,0.0,percent
correlation-stream-cores1,sar_concurrent,cpu_util,CORE17,1,0.0,percent
correlation-stream-cores1,sar_concurrent,cpu_util,CORE17,2,0.0,percent
correlation-stream-cores1,sar_concurrent,cpu_util,CORE17,3,0.0,percent
correlation-stream-cores1,sar_concurrent,cpu_util,CORE17,4,0.0,percent
correlation-stream-cores1,sar_concurrent,cpu_util,CORE17,5,0.0,percent
correlation-stream-cores1,sar_concurrent,cpu_util,CORE17,6,0.0,percent
correlation-stream-cores1,sar_concurrent,cpu_util,CORE17,7,0.0,percent
correlation-stream-cores1,sar_concurrent,cpu_util,CORE17,8,0.0,percent
correlation-stream-cores1,sar_concurrent,cpu_util,CORE17,9,0.0,percent
correlation-stream-cores1,sar_concurrent,cpu_util,CORE17,10,0.0,percent
correlation-stream-cores1,sar_concurrent,cpu_util,CORE17,11,0.0,percent
correlation-stream-cores1,sar_concurrent,cpu_util,CORE17,12,0.0,percent
correlation-stream-cores1,sar_concurrent,cpu_util,CORE17,13,0.0,percent
correlation-stream-cores1,sar_concurrent,cpu_util,CORE17,14,0.0,percent
correlation-stream-cores1,sar_concurrent,cpu_util,CORE17,15,0.0,percent
correlation-stream-cores1,sar_concurrent,cpu_util,CORE17,16,0.0,percent
correlation-stream-cores1,sar_concurrent,cpu_util,CORE17,17,0.0,percent
correlation-stream-cores1,sar_concurrent,cpu_util,CORE17,18,0.0,percent
correlation-stream-cores1,sar_concurrent,cpu_util,CORE17,19,0.0,percent
correlation-stream-cores1,sar_concurrent,cpu_util,CORE17,20,0.0,percent
correlation-stream-cores1,sar_concurrent,cpu_util,CORE17,21,0.0,percent
correlation-stream-cores1,sar_concurrent,cpu_util,CORE17,22,0.0,percent
correlation-stream-cores1,sar_concurrent,cpu_util,CORE17,23,0.0,percent
correlation-stream-cores1,sar_concurrent,cpu_util,CORE17,24,0.0,percent
correlation-stream-cores1,sar_concurrent,cpu_util,CORE17,25,0.0,percent
correlation-stream-cores1,sar_concurrent,cpu_util,CORE17,26,0.0,percent
correlation-stream-cores1,sar_concurrent,cpu_util,CORE17,27,0.0,percent
correlation-stream-cores1,sar_concurrent,cpu_util,CORE17,28,0.0,percent
correlation-stream-cores1,sar_concurrent,cpu_util,CORE17,29,0.0,percent
correlation-stream-cores1,sar_concurrent,cpu_util,CORE17,30,0.0,percent
correlation-stream-cores1,sar_concurrent,cpu_util,CORE17,31,0.0,percent
correlation-stream-cores1,sar_concurrent,cpu_util,CORE17,32,0.0,percent
correlation-stream-cores1,sar_concurrent,cpu_util,CORE17,33,0.0,percent
correlation-stream-cores1,sar_concurrent,cpu_util,CORE17,34,0.0,percent
correlation-stream-cores1,sar_concurrent,cpu_util,CORE17,35,0.0,percent
correlation-stream-cores1,sar_concurrent,cpu_util,CORE17,36,0.0,percent
correlation-stream-cores1,sar_concurrent,cpu_util,CORE17,37,0.0,percent
correlation-stream-cores1,sar_concurrent,cpu_util,CORE17,38,0.0,percent
correlation-stream-cores1,sar_concurrent,cpu_util,CORE17,39,0.0,percent
correlation-stream-cores1,sar_concurrent,cpu_util,CORE17,40,0.0,percent
correlation-stream-cores1,sar_concurrent,cpu_util,CORE17,41,0.0,percent
correlation-stream-cores1,sar_concurrent,cpu_util,CORE17,42,0.0,percent
correlation-stream-cores1,sar_concurrent,cpu_util,CORE17,43,0.0,percent
correlation-stream-cores1,sar_concurrent,cpu_util,CORE17,44,0.0,percent
correlation-stream-cores1,sar_concurrent,cpu_util,CORE17,45,0.0,percent
correlation-stream-cores1,sar_concurrent,cpu_util,CORE17,46,0.0,percent
correlation-stream-cores1,sar_concurrent,cpu_util,CORE17,47,0.0,percent
correlation-stream-cores1,sar_concurrent,cpu_util,CORE17,48,0.0,percent
correlation-stream-cores1,sar_concurrent,cpu_util,CORE17,49,0.0,percent
correlation-stream-cores1,sar_concurrent,cpu_util,CORE17,50,0.0,percent
correlation-stream-cores1,sar_concurrent,cpu_util,CORE17,51,0.0,percent
correlation-stream-cores1,sar_concurrent,cpu_util,CORE17,52,0.0,percent
correlation-stream-cores1,sar_concurrent,cpu_util,CORE17,53,0.0,percent
correlation-stream-cores1,sar_concurrent,cpu_util,CORE17,54,0.0,percent
correlation-stream-cores1,sar_concurrent,cpu_util,CORE17,55,0.0,percent
correlation-stream-cores1,sar_concurrent,cpu_util,CORE17,56,0.0,percent
correlation-stream-cores1,sar_concurrent,cpu_util,CORE17,57,0.0,percent
correlation-stream-cores1,sar_concurrent,cpu_util,CORE17,58,0.0,percent
correlation-stream-cores1,sar_concurrent,cpu_util,CORE17,59,0.0,percent
correlation-stream-cores1,sar_concurrent,cpu_util,CORE18,0,0.0,percent
correlation-stream-cores1,sar_concurrent,cpu_util,CORE18,1,0.0,percent
correlation-stream-cores1,sar_concurrent,cpu_util,CORE18,2,0.0,percent
correlation-stream-cores1,sar_concurrent,cpu_util,CORE18,3,0.0,percent
correlation-stream-cores1,sar_concurrent,cpu_util,CORE18,4,0.0,percent
correlation-stream-cores1,sar_concurrent,cpu_util,CORE18,5,0.0,percent
correlation-stream-cores1,sar_concurrent,cpu_util,CORE18,6,0.0,percent
correlation-stream-cores1,sar_concurrent,cpu_util,CORE18,7,0.0,percent
correlation-stream-cores1,sar_concurrent,cpu_util,CORE18,8,0.0,percent
correlation-stream-cores1,sar_concurrent,cpu_util,CORE18,9,0.0,percent
correlation-stream-cores1,sar_concurrent,cpu_util,CORE18,10,0.0,percent
correlation-stream-cores1,sar_concurrent,cpu_util,CORE18,11,0.0,percent
correlation-stream-cores1,sar_concurrent,cpu_util,CORE18,12,0.0,percent
correlation-stream-cores1,sar_concurrent,cpu_util,CORE18,13,0.0,percent
correlation-stream-cores1,sar_concurrent,cpu_util,CORE18,14,0.0,percent
correlation-stream-cores1,sar_concurrent,cpu_util,CORE18,15,0.0,percent
correlation-stream-cores1,sar_concurrent,cpu_util,CORE18,16,0.0,percent
correlation-stream-cores1,sar_concurrent,cpu_util,CORE18,17,0.0,percent
correlation-stream-cores1,sar_concurrent,cpu_util,CORE18,18,0.0,percent
correlation-stream-cores1,sar_concurrent,cpu_util,CORE18,19,0.0,percent
correlation-stream-cores1,sar_concurrent,cpu_util,CORE18,20,0.0,percent
correlation-stream-cores1,sar_concurrent,cpu_util,CORE18,21,0.0,percent
correlation-stream-cores1,sar_concurrent,cpu_util,CORE18,22,0.0,percent
correlation-stream-cores1,sar_concurrent,cpu_util,CORE18,23,0.0,percent
correlation-stream-cores1,sar_concurrent,cpu_util,CORE18,24,0.0,percent
correlation-stream-cores1,sar_concurrent,cpu_util,CORE18,25,0.0,percent
correlation-stream-cores1,sar_concurrent,cpu_util,CORE18,26,0.0,percent
correlation-stream-cores1,sar_concurrent,cpu_util,CORE18,27,0.0,percent
correlation-stream-cores1,sar_concurrent,cpu_util,CORE18,28,0.0,percent
correlation-stream-cores1,sar_concurrent,cpu_util,CORE18,29,0.0,percent
correlation-stream-cores1,sar_concurrent,cpu_util,CORE18,30,0.0,percent
correlation-stream-cores1,sar_concurrent,cpu_util,CORE18,31,0.0,percent
correlation-stream-cores1,sar_concurrent,cpu_util,CORE18,32,0.0,percent
correlation-stream-cores1,sar_concurrent,cpu_util,CORE18,33,0.0,percent
correlation-stream-cores1,sar_concurrent,cpu_util,CORE18,34,0.0,percent
correlation-stream-cores1,sar_concurrent,cpu_util,CORE18,35,0.0,percent
correlation-stream-cores1,sar_concurrent,cpu_util,CORE18,36,0.0,percent
correlation-stream-cores1,sar_concurrent,cpu_util,CORE18,37,0.0,percent
correlation-stream-cores1,sar_concurrent,cpu_util,CORE18,38,0.0,percent
correlation-stream-cores1,sar_concurrent,cpu_util,CORE18,39,0.0,percent
correlation-stream-cores1,sar_concurrent,cpu_util,CORE18,40,0.0,percent
correlation-stream-cores1,sar_concurrent,cpu_util,CORE18,41,0.0,percent
correlation-stream-cores1,sar_concurrent,cpu_util,CORE18,42,0.0,percent
correlation-stream-cores1,sar_concurrent,cpu_util,CORE18,43,0.0,percent
correlation-stream-cores1,sar_concurrent,cpu_util,CORE18,44,0.0,percent
correlation-stream-cores1,sar_concurrent,cpu_util,CORE18,45,0.0,percent
correlation-stream-cores1,sar_concurrent,cpu_util,CORE18,46,0.0,percent
correlation-stream-cores1,sar_concurrent,cpu_util,CORE18,47,0.0,percent
correlation-stream-cores1,sar_concurrent,cpu_util,CORE18,48,0.0,percent
correlation-stream-cores1,sar_concurrent,cpu_util,CORE18,49,0.0,percent
correlation-stream-cores1,sar_concurrent,cpu_util,CORE18,50,0.0,percent
correlation-stream-cores1,sar_concurrent,cpu_util,CORE18,51,0.0,percent
correlation-stream-cores1,sar_concurrent,cpu_util,CORE18,52,0.0,percent
correlation-stream-cores1,sar_concurrent,cpu_util,CORE18,53,0.0,percent
correlation-stream-cores1,sar_concurrent,cpu_util,CORE18,54,0.0,percent
correlation-stream-cores1,sar_concurrent,cpu_util,CORE18,55,0.0,percent
correlation-stream-cores1,sar_concurrent,cpu_util,CORE18,56,0.0,percent
correlation-stream-cores1,sar_concurrent,cpu_util,CORE18,57,0.0,percent
correlation-stream-cores1,sar_concurrent,cpu_util,CORE18,58,0.0,percent
correlation-stream-cores1,sar_concurrent,cpu_util,CORE18,59,0.0,percent
correlation-stream-cores1,sar_concurrent,cpu_util,CORE19,0,0.0,percent
correlation-stream-cores1,sar_concurrent,cpu_util,CORE19,1,0.0,percent
correlation-stream-cores1,sar_concurrent,cpu_util,CORE19,2,0.0,percent
correlation-stream-cores1,sar_concurrent,cpu_util,CORE19,3,0.0,percent
correlation-stream-cores1,sar_concurrent,cpu_util,CORE19,4,0.0,percent
correlation-stream-cores1,sar_concurrent,cpu_util,CORE19,5,0.0,percent
correlation-stream-cores1,sar_concurrent,cpu_util,CORE19,6,0.0,percent
correlation-stream-cores1,sar_concurrent,cpu_util,CORE19,7,0.0,percent
correlation-stream-cores1,sar_concurrent,cpu_util,CORE19,8,0.0,percent
correlation-stream-cores1,sar_concurrent,cpu_util,CORE19,9,0.0,percent
correlation-stream-cores1,sar_concurrent,cpu_util,CORE19,10,0.0,percent
correlation-stream-cores1,sar_concurrent,cpu_util,CORE19,11,0.0,percent
correlation-stream-cores1,sar_concurrent,cpu_util,CORE19,12,0.0,percent
correlation-stream-cores1,sar_concurrent,cpu_util,CORE19,13,0.0,percent
correlation-stream-cores1,sar_concurrent,cpu_util,CORE19,14,0.0,percent
correlation-stream-cores1,sar_concurrent,cpu_util,CORE19,15,0.0,percent
correlation-stream-cores1,sar_concurrent,cpu_util,CORE19,16,0.0,percent
correlation-stream-cores1,sar_concurrent,cpu_util,CORE19,17,0.99,percent
correlation-stream-cores1,sar_concurrent,cpu_util,CORE19,18,0.0,percent
correlation-stream-cores1,sar_concurrent,cpu_util,CORE19,19,0.0,percent
correlation-stream-cores1,sar_concurrent,cpu_util,CORE19,20,0.0,percent
correlation-stream-cores1,sar_concurrent,cpu_util,CORE19,21,0.0,percent
correlation-stream-cores1,sar_concurrent,cpu_util,CORE19,22,0.0,percent
correlation-stream-cores1,sar_concurrent,cpu_util,CORE19,23,0.0,percent
correlation-stream-cores1,sar_concurrent,cpu_util,CORE19,24,0.0,percent
correlation-stream-cores1,sar_concurrent,cpu_util,CORE19,25,0.0,percent
correlation-stream-cores1,sar_concurrent,cpu_util,CORE19,26,0.0,percent
correlation-stream-cores1,sar_concurrent,cpu_util,CORE19,27,0.0,percent
correlation-stream-cores1,sar_concurrent,cpu_util,CORE19,28,0.0,percent
correlation-stream-cores1,sar_concurrent,cpu_util,CORE19,29,0.0,percent
correlation-stream-cores1,sar_concurrent,cpu_util,CORE19,30,0.0,percent
correlation-stream-cores1,sar_concurrent,cpu_util,CORE19,31,0.0,percent
correlation-stream-cores1,sar_concurrent,cpu_util,CORE19,32,0.0,percent
correlation-stream-cores1,sar_concurrent,cpu_util,CORE19,33,0.0,percent
correlation-stream-cores1,sar_concurrent,cpu_util,CORE19,34,0.0,percent
correlation-stream-cores1,sar_concurrent,cpu_util,CORE19,35,0.0,percent
correlation-stream-cores1,sar_concurrent,cpu_util,CORE19,36,0.0,percent
correlation-stream-cores1,sar_concurrent,cpu_util,CORE19,37,0.0,percent
correlation-stream-cores1,sar_concurrent,cpu_util,CORE19,38,0.0,percent
correlation-stream-cores1,sar_concurrent,cpu_util,CORE19,39,0.0,percent
correlation-stream-cores1,sar_concurrent,cpu_util,CORE19,40,0.0,percent
correlation-stream-cores1,sar_concurrent,cpu_util,CORE19,41,0.0,percent
correlation-stream-cores1,sar_concurrent,cpu_util,CORE19,42,0.0,percent
correlation-stream-cores1,sar_concurrent,cpu_util,CORE19,43,0.0,percent
correlation-stream-cores1,sar_concurrent,cpu_util,CORE19,44,0.0,percent
correlation-stream-cores1,sar_concurrent,cpu_util,CORE19,45,0.0,percent
correlation-stream-cores1,sar_concurrent,cpu_util,CORE19,46,0.0,percent
correlation-stream-cores1,sar_concurrent,cpu_util,CORE19,47,0.0,percent
correlation-stream-cores1,sar_concurrent,cpu_util,CORE19,48,0.0,percent
correlation-stream-cores1,sar_concurrent,cpu_util,CORE19,49,0.0,percent
correlation-stream-cores1,sar_concurrent,cpu_util,CORE19,50,0.0,percent
correlation-stream-cores1,sar_concurrent,cpu_util,CORE19,51,0.0,percent
correlation-stream-cores1,sar_concurrent,cpu_util,CORE19,52,0.0,percent
correlation-stream-cores1,sar_concurrent,cpu_util,CORE19,53,0.0,percent
correlation-stream-cores1,sar_concurrent,cpu_util,CORE19,54,0.0,percent
correlation-stream-cores1,sar_concurrent,cpu_util,CORE19,55,0.0,percent
correlation-stream-cores1,sar_concurrent,cpu_util,CORE19,56,0.0,percent
correlation-stream-cores1,sar_concurrent,cpu_util,CORE19,57,0.0,percent
correlation-stream-cores1,sar_concurrent,cpu_util,CORE19,58,0.0,percent
correlation-stream-cores1,sar_concurrent,cpu_util,CORE19,59,0.0,percent
correlation-stream-cores1,sar_concurrent,cpu_util,CORE20,0,0.0,percent
correlation-stream-cores1,sar_concurrent,cpu_util,CORE20,1,0.0,percent
correlation-stream-cores1,sar_concurrent,cpu_util,CORE20,2,0.0,percent
correlation-stream-cores1,sar_concurrent,cpu_util,CORE20,3,0.0,percent
correlation-stream-cores1,sar_concurrent,cpu_util,CORE20,4,0.0,percent
correlation-stream-cores1,sar_concurrent,cpu_util,CORE20,5,0.0,percent
correlation-stream-cores1,sar_concurrent,cpu_util,CORE20,6,0.0,percent
correlation-stream-cores1,sar_concurrent,cpu_util,CORE20,7,0.0,percent
correlation-stream-cores1,sar_concurrent,cpu_util,CORE20,8,0.0,percent
correlation-stream-cores1,sar_concurrent,cpu_util,CORE20,9,0.0,percent
correlation-stream-cores1,sar_concurrent,cpu_util,CORE20,10,0.0,percent
correlation-stream-cores1,sar_concurrent,cpu_util,CORE20,11,0.0,percent
correlation-stream-cores1,sar_concurrent,cpu_util,CORE20,12,0.0,percent
correlation-stream-cores1,sar_concurrent,cpu_util,CORE20,13,0.0,percent
correlation-stream-cores1,sar_concurrent,cpu_util,CORE20,14,0.0,percent
correlation-stream-cores1,sar_concurrent,cpu_util,CORE20,15,0.0,percent
correlation-stream-cores1,sar_concurrent,cpu_util,CORE20,16,0.0,percent
correlation-stream-cores1,sar_concurrent,cpu_util,CORE20,17,0.0,percent
correlation-stream-cores1,sar_concurrent,cpu_util,CORE20,18,0.0,percent
correlation-stream-cores1,sar_concurrent,cpu_util,CORE20,19,0.0,percent
correlation-stream-cores1,sar_concurrent,cpu_util,CORE20,20,0.0,percent
correlation-stream-cores1,sar_concurrent,cpu_util,CORE20,21,0.0,percent
correlation-stream-cores1,sar_concurrent,cpu_util,CORE20,22,0.0,percent
correlation-stream-cores1,sar_concurrent,cpu_util,CORE20,23,0.0,percent
correlation-stream-cores1,sar_concurrent,cpu_util,CORE20,24,0.0,percent
correlation-stream-cores1,sar_concurrent,cpu_util,CORE20,25,0.0,percent
correlation-stream-cores1,sar_concurrent,cpu_util,CORE20,26,0.0,percent
correlation-stream-cores1,sar_concurrent,cpu_util,CORE20,27,0.0,percent
correlation-stream-cores1,sar_concurrent,cpu_util,CORE20,28,0.0,percent
correlation-stream-cores1,sar_concurrent,cpu_util,CORE20,29,0.0,percent
correlation-stream-cores1,sar_concurrent,cpu_util,CORE20,30,0.0,percent
correlation-stream-cores1,sar_concurrent,cpu_util,CORE20,31,0.0,percent
correlation-stream-cores1,sar_concurrent,cpu_util,CORE20,32,0.0,percent
correlation-stream-cores1,sar_concurrent,cpu_util,CORE20,33,0.0,percent
correlation-stream-cores1,sar_concurrent,cpu_util,CORE20,34,0.0,percent
correlation-stream-cores1,sar_concurrent,cpu_util,CORE20,35,0.0,percent
correlation-stream-cores1,sar_concurrent,cpu_util,CORE20,36,0.0,percent
correlation-stream-cores1,sar_concurrent,cpu_util,CORE20,37,0.0,percent
correlation-stream-cores1,sar_concurrent,cpu_util,CORE20,38,0.0,percent
correlation-stream-cores1,sar_concurrent,cpu_util,CORE20,39,0.0,percent
correlation-stream-cores1,sar_concurrent,cpu_util,CORE20,40,0.0,percent
correlation-stream-cores1,sar_concurrent,cpu_util,CORE20,41,0.0,percent
correlation-stream-cores1,sar_concurrent,cpu_util,CORE20,42,0.0,percent
correlation-stream-cores1,sar_concurrent,cpu_util,CORE20,43,0.0,percent
correlation-stream-cores1,sar_concurrent,cpu_util,CORE20,44,0.0,percent
correlation-stream-cores1,sar_concurrent,cpu_util,CORE20,45,0.0,percent
correlation-stream-cores1,sar_concurrent,cpu_util,CORE20,46,0.0,percent
correlation-stream-cores1,sar_concurrent,cpu_util,CORE20,47,0.0,percent
correlation-stream-cores1,sar_concurrent,cpu_util,CORE20,48,0.0,percent
correlation-stream-cores1,sar_concurrent,cpu_util,CORE20,49,0.0,percent
correlation-stream-cores1,sar_concurrent,cpu_util,CORE20,50,0.0,percent
correlation-stream-cores1,sar_concurrent,cpu_util,CORE20,51,0.0,percent
correlation-stream-cores1,sar_concurrent,cpu_util,CORE20,52,0.0,percent
correlation-stream-cores1,sar_concurrent,cpu_util,CORE20,53,0.99,percent
correlation-stream-cores1,sar_concurrent,cpu_util,CORE20,54,0.0,percent
correlation-stream-cores1,sar_concurrent,cpu_util,CORE20,55,0.0,percent
correlation-stream-cores1,sar_concurrent,cpu_util,CORE20,56,0.0,percent
correlation-stream-cores1,sar_concurrent,cpu_util,CORE20,57,0.0,percent
correlation-stream-cores1,sar_concurrent,cpu_util,CORE20,58,0.0,percent
correlation-stream-cores1,sar_concurrent,cpu_util,CORE20,59,0.0,percent
correlation-stream-cores1,sar_concurrent,cpu_util,CORE21,0,0.0,percent
correlation-stream-cores1,sar_concurrent,cpu_util,CORE21,1,0.0,percent
correlation-stream-cores1,sar_concurrent,cpu_util,CORE21,2,0.0,percent
correlation-stream-cores1,sar_concurrent,cpu_util,CORE21,3,0.0,percent
correlation-stream-cores1,sar_concurrent,cpu_util,CORE21,4,0.0,percent
correlation-stream-cores1,sar_concurrent,cpu_util,CORE21,5,0.0,percent
correlation-stream-cores1,sar_concurrent,cpu_util,CORE21,6,0.0,percent
correlation-stream-cores1,sar_concurrent,cpu_util,CORE21,7,0.0,percent
correlation-stream-cores1,sar_concurrent,cpu_util,CORE21,8,0.0,percent
correlation-stream-cores1,sar_concurrent,cpu_util,CORE21,9,0.0,percent
correlation-stream-cores1,sar_concurrent,cpu_util,CORE21,10,0.0,percent
correlation-stream-cores1,sar_concurrent,cpu_util,CORE21,11,0.0,percent
correlation-stream-cores1,sar_concurrent,cpu_util,CORE21,12,0.0,percent
correlation-stream-cores1,sar_concurrent,cpu_util,CORE21,13,0.0,percent
correlation-stream-cores1,sar_concurrent,cpu_util,CORE21,14,0.0,percent
correlation-stream-cores1,sar_concurrent,cpu_util,CORE21,15,0.0,percent
correlation-stream-cores1,sar_concurrent,cpu_util,CORE21,16,0.0,percent
correlation-stream-cores1,sar_concurrent,cpu_util,CORE21,17,0.0,percent
correlation-stream-cores1,sar_concurrent,cpu_util,CORE21,18,0.0,percent
correlation-stream-cores1,sar_concurrent,cpu_util,CORE21,19,0.0,percent
correlation-stream-cores1,sar_concurrent,cpu_util,CORE21,20,0.0,percent
correlation-stream-cores1,sar_concurrent,cpu_util,CORE21,21,0.0,percent
correlation-stream-cores1,sar_concurrent,cpu_util,CORE21,22,0.0,percent
correlation-stream-cores1,sar_concurrent,cpu_util,CORE21,23,0.0,percent
correlation-stream-cores1,sar_concurrent,cpu_util,CORE21,24,0.0,percent
correlation-stream-cores1,sar_concurrent,cpu_util,CORE21,25,0.0,percent
correlation-stream-cores1,sar_concurrent,cpu_util,CORE21,26,0.0,percent
correlation-stream-cores1,sar_concurrent,cpu_util,CORE21,27,0.0,percent
correlation-stream-cores1,sar_concurrent,cpu_util,CORE21,28,0.0,percent
correlation-stream-cores1,sar_concurrent,cpu_util,CORE21,29,0.0,percent
correlation-stream-cores1,sar_concurrent,cpu_util,CORE21,30,0.0,percent
correlation-stream-cores1,sar_concurrent,cpu_util,CORE21,31,0.0,percent
correlation-stream-cores1,sar_concurrent,cpu_util,CORE21,32,0.0,percent
correlation-stream-cores1,sar_concurrent,cpu_util,CORE21,33,1.0,percent
correlation-stream-cores1,sar_concurrent,cpu_util,CORE21,34,0.0,percent
correlation-stream-cores1,sar_concurrent,cpu_util,CORE21,35,0.0,percent
correlation-stream-cores1,sar_concurrent,cpu_util,CORE21,36,0.0,percent
correlation-stream-cores1,sar_concurrent,cpu_util,CORE21,37,0.0,percent
correlation-stream-cores1,sar_concurrent,cpu_util,CORE21,38,0.0,percent
correlation-stream-cores1,sar_concurrent,cpu_util,CORE21,39,0.0,percent
correlation-stream-cores1,sar_concurrent,cpu_util,CORE21,40,0.0,percent
correlation-stream-cores1,sar_concurrent,cpu_util,CORE21,41,0.99,percent
correlation-stream-cores1,sar_concurrent,cpu_util,CORE21,42,0.0,percent
correlation-stream-cores1,sar_concurrent,cpu_util,CORE21,43,0.0,percent
correlation-stream-cores1,sar_concurrent,cpu_util,CORE21,44,1.0,percent
correlation-stream-cores1,sar_concurrent,cpu_util,CORE21,45,0.0,percent
correlation-stream-cores1,sar_concurrent,cpu_util,CORE21,46,0.0,percent
correlation-stream-cores1,sar_concurrent,cpu_util,CORE21,47,0.0,percent
correlation-stream-cores1,sar_concurrent,cpu_util,CORE21,48,0.0,percent
correlation-stream-cores1,sar_concurrent,cpu_util,CORE21,49,0.0,percent
correlation-stream-cores1,sar_concurrent,cpu_util,CORE21,50,0.0,percent
correlation-stream-cores1,sar_concurrent,cpu_util,CORE21,51,0.0,percent
correlation-stream-cores1,sar_concurrent,cpu_util,CORE21,52,0.0,percent
correlation-stream-cores1,sar_concurrent,cpu_util,CORE21,53,0.0,percent
correlation-stream-cores1,sar_concurrent,cpu_util,CORE21,54,0.0,percent
correlation-stream-cores1,sar_concurrent,cpu_util,CORE21,55,0.0,percent
correlation-stream-cores1,sar_concurrent,cpu_util,CORE21,56,0.0,percent
correlation-stream-cores1,sar_concurrent,cpu_util,CORE21,57,1.98,percent
correlation-stream-cores1,sar_concurrent,cpu_util,CORE21,58,0.0,percent
correlation-stream-cores1,sar_concurrent,cpu_util,CORE21,59,0.0,percent
correlation-stream-cores1,sar_concurrent,cpu_util,CORE22,0,0.0,percent
correlation-stream-cores1,sar_concurrent,cpu_util,CORE22,1,0.0,percent
correlation-stream-cores1,sar_concurrent,cpu_util,CORE22,2,0.0,percent
correlation-stream-cores1,sar_concurrent,cpu_util,CORE22,3,0.0,percent
correlation-stream-cores1,sar_concurrent,cpu_util,CORE22,4,0.0,percent
correlation-stream-cores1,sar_concurrent,cpu_util,CORE22,5,0.0,percent
correlation-stream-cores1,sar_concurrent,cpu_util,CORE22,6,0.0,percent
correlation-stream-cores1,sar_concurrent,cpu_util,CORE22,7,0.0,percent
correlation-stream-cores1,sar_concurrent,cpu_util,CORE22,8,0.0,percent
correlation-stream-cores1,sar_concurrent,cpu_util,CORE22,9,0.0,percent
correlation-stream-cores1,sar_concurrent,cpu_util,CORE22,10,0.0,percent
correlation-stream-cores1,sar_concurrent,cpu_util,CORE22,11,0.0,percent
correlation-stream-cores1,sar_concurrent,cpu_util,CORE22,12,0.0,percent
correlation-stream-cores1,sar_concurrent,cpu_util,CORE22,13,0.0,percent
correlation-stream-cores1,sar_concurrent,cpu_util,CORE22,14,0.0,percent
correlation-stream-cores1,sar_concurrent,cpu_util,CORE22,15,0.0,percent
correlation-stream-cores1,sar_concurrent,cpu_util,CORE22,16,0.0,percent
correlation-stream-cores1,sar_concurrent,cpu_util,CORE22,17,0.0,percent
correlation-stream-cores1,sar_concurrent,cpu_util,CORE22,18,0.0,percent
correlation-stream-cores1,sar_concurrent,cpu_util,CORE22,19,0.0,percent
correlation-stream-cores1,sar_concurrent,cpu_util,CORE22,20,0.0,percent
correlation-stream-cores1,sar_concurrent,cpu_util,CORE22,21,0.0,percent
correlation-stream-cores1,sar_concurrent,cpu_util,CORE22,22,0.0,percent
correlation-stream-cores1,sar_concurrent,cpu_util,CORE22,23,0.0,percent
correlation-stream-cores1,sar_concurrent,cpu_util,CORE22,24,0.0,percent
correlation-stream-cores1,sar_concurrent,cpu_util,CORE22,25,0.0,percent
correlation-stream-cores1,sar_concurrent,cpu_util,CORE22,26,0.0,percent
correlation-stream-cores1,sar_concurrent,cpu_util,CORE22,27,0.0,percent
correlation-stream-cores1,sar_concurrent,cpu_util,CORE22,28,0.0,percent
correlation-stream-cores1,sar_concurrent,cpu_util,CORE22,29,0.0,percent
correlation-stream-cores1,sar_concurrent,cpu_util,CORE22,30,0.0,percent
correlation-stream-cores1,sar_concurrent,cpu_util,CORE22,31,0.0,percent
correlation-stream-cores1,sar_concurrent,cpu_util,CORE22,32,0.0,percent
correlation-stream-cores1,sar_concurrent,cpu_util,CORE22,33,0.0,percent
correlation-stream-cores1,sar_concurrent,cpu_util,CORE22,34,0.0,percent
correlation-stream-cores1,sar_concurrent,cpu_util,CORE22,35,0.0,percent
correlation-stream-cores1,sar_concurrent,cpu_util,CORE22,36,0.0,percent
correlation-stream-cores1,sar_concurrent,cpu_util,CORE22,37,0.0,percent
correlation-stream-cores1,sar_concurrent,cpu_util,CORE22,38,0.0,percent
correlation-stream-cores1,sar_concurrent,cpu_util,CORE22,39,0.0,percent
correlation-stream-cores1,sar_concurrent,cpu_util,CORE22,40,0.0,percent
correlation-stream-cores1,sar_concurrent,cpu_util,CORE22,41,0.0,percent
correlation-stream-cores1,sar_concurrent,cpu_util,CORE22,42,0.0,percent
correlation-stream-cores1,sar_concurrent,cpu_util,CORE22,43,0.0,percent
correlation-stream-cores1,sar_concurrent,cpu_util,CORE22,44,0.0,percent
correlation-stream-cores1,sar_concurrent,cpu_util,CORE22,45,0.0,percent
correlation-stream-cores1,sar_concurrent,cpu_util,CORE22,46,0.0,percent
correlation-stream-cores1,sar_concurrent,cpu_util,CORE22,47,0.0,percent
correlation-stream-cores1,sar_concurrent,cpu_util,CORE22,48,0.0,percent
correlation-stream-cores1,sar_concurrent,cpu_util,CORE22,49,0.0,percent
correlation-stream-cores1,sar_concurrent,cpu_util,CORE22,50,0.0,percent
correlation-stream-cores1,sar_concurrent,cpu_util,CORE22,51,0.0,percent
correlation-stream-cores1,sar_concurrent,cpu_util,CORE22,52,0.0,percent
correlation-stream-cores1,sar_concurrent,cpu_util,CORE22,53,0.0,percent
correlation-stream-cores1,sar_concurrent,cpu_util,CORE22,54,0.0,percent
correlation-stream-cores1,sar_concurrent,cpu_util,CORE22,55,0.0,percent
correlation-stream-cores1,sar_concurrent,cpu_util,CORE22,56,0.0,percent
correlation-stream-cores1,sar_concurrent,cpu_util,CORE22,57,0.0,percent
correlation-stream-cores1,sar_concurrent,cpu_util,CORE22,58,0.0,percent
correlation-stream-cores1,sar_concurrent,cpu_util,CORE22,59,0.0,percent
correlation-stream-cores1,sar_concurrent,cpu_util,CORE23,0,0.0,percent
correlation-stream-cores1,sar_concurrent,cpu_util,CORE23,1,0.0,percent
correlation-stream-cores1,sar_concurrent,cpu_util,CORE23,2,0.0,percent
correlation-stream-cores1,sar_concurrent,cpu_util,CORE23,3,0.0,percent
correlation-stream-cores1,sar_concurrent,cpu_util,CORE23,4,0.0,percent
correlation-stream-cores1,sar_concurrent,cpu_util,CORE23,5,0.0,percent
correlation-stream-cores1,sar_concurrent,cpu_util,CORE23,6,0.0,percent
correlation-stream-cores1,sar_concurrent,cpu_util,CORE23,7,0.0,percent
correlation-stream-cores1,sar_concurrent,cpu_util,CORE23,8,0.0,percent
correlation-stream-cores1,sar_concurrent,cpu_util,CORE23,9,0.0,percent
correlation-stream-cores1,sar_concurrent,cpu_util,CORE23,10,0.0,percent
correlation-stream-cores1,sar_concurrent,cpu_util,CORE23,11,0.0,percent
correlation-stream-cores1,sar_concurrent,cpu_util,CORE23,12,0.0,percent
correlation-stream-cores1,sar_concurrent,cpu_util,CORE23,13,0.0,percent
correlation-stream-cores1,sar_concurrent,cpu_util,CORE23,14,0.0,percent
correlation-stream-cores1,sar_concurrent,cpu_util,CORE23,15,0.0,percent
correlation-stream-cores1,sar_concurrent,cpu_util,CORE23,16,0.0,percent
correlation-stream-cores1,sar_concurrent,cpu_util,CORE23,17,0.0,percent
correlation-stream-cores1,sar_concurrent,cpu_util,CORE23,18,0.0,percent
correlation-stream-cores1,sar_concurrent,cpu_util,CORE23,19,0.0,percent
correlation-stream-cores1,sar_concurrent,cpu_util,CORE23,20,0.0,percent
correlation-stream-cores1,sar_concurrent,cpu_util,CORE23,21,0.0,percent
correlation-stream-cores1,sar_concurrent,cpu_util,CORE23,22,0.0,percent
correlation-stream-cores1,sar_concurrent,cpu_util,CORE23,23,0.0,percent
correlation-stream-cores1,sar_concurrent,cpu_util,CORE23,24,0.0,percent
correlation-stream-cores1,sar_concurrent,cpu_util,CORE23,25,0.0,percent
correlation-stream-cores1,sar_concurrent,cpu_util,CORE23,26,0.0,percent
correlation-stream-cores1,sar_concurrent,cpu_util,CORE23,27,0.0,percent
correlation-stream-cores1,sar_concurrent,cpu_util,CORE23,28,0.0,percent
correlation-stream-cores1,sar_concurrent,cpu_util,CORE23,29,0.0,percent
correlation-stream-cores1,sar_concurrent,cpu_util,CORE23,30,0.0,percent
correlation-stream-cores1,sar_concurrent,cpu_util,CORE23,31,0.0,percent
correlation-stream-cores1,sar_concurrent,cpu_util,CORE23,32,0.0,percent
correlation-stream-cores1,sar_concurrent,cpu_util,CORE23,33,0.0,percent
correlation-stream-cores1,sar_concurrent,cpu_util,CORE23,34,0.0,percent
correlation-stream-cores1,sar_concurrent,cpu_util,CORE23,35,0.0,percent
correlation-stream-cores1,sar_concurrent,cpu_util,CORE23,36,0.0,percent
correlation-stream-cores1,sar_concurrent,cpu_util,CORE23,37,0.0,percent
correlation-stream-cores1,sar_concurrent,cpu_util,CORE23,38,0.0,percent
correlation-stream-cores1,sar_concurrent,cpu_util,CORE23,39,0.0,percent
correlation-stream-cores1,sar_concurrent,cpu_util,CORE23,40,0.0,percent
correlation-stream-cores1,sar_concurrent,cpu_util,CORE23,41,0.0,percent
correlation-stream-cores1,sar_concurrent,cpu_util,CORE23,42,0.0,percent
correlation-stream-cores1,sar_concurrent,cpu_util,CORE23,43,0.0,percent
correlation-stream-cores1,sar_concurrent,cpu_util,CORE23,44,0.0,percent
correlation-stream-cores1,sar_concurrent,cpu_util,CORE23,45,0.0,percent
correlation-stream-cores1,sar_concurrent,cpu_util,CORE23,46,0.0,percent
correlation-stream-cores1,sar_concurrent,cpu_util,CORE23,47,0.0,percent
correlation-stream-cores1,sar_concurrent,cpu_util,CORE23,48,0.0,percent
correlation-stream-cores1,sar_concurrent,cpu_util,CORE23,49,0.0,percent
correlation-stream-cores1,sar_concurrent,cpu_util,CORE23,50,0.0,percent
correlation-stream-cores1,sar_concurrent,cpu_util,CORE23,51,0.0,percent
correlation-stream-cores1,sar_concurrent,cpu_util,CORE23,52,0.0,percent
correlation-stream-cores1,sar_concurrent,cpu_util,CORE23,53,0.0,percent
correlation-stream-cores1,sar_concurrent,cpu_util,CORE23,54,0.0,percent
correlation-stream-cores1,sar_concurrent,cpu_util,CORE23,55,0.0,percent
correlation-stream-cores1,sar_concurrent,cpu_util,CORE23,56,0.0,percent
correlation-stream-cores1,sar_concurrent,cpu_util,CORE23,57,0.0,percent
correlation-stream-cores1,sar_concurrent,cpu_util,CORE23,58,0.0,percent
correlation-stream-cores1,sar_concurrent,cpu_util,CORE23,59,0.0,percent
correlation-stream-cores1,sar_concurrent,cpu_util,CORE24,0,0.0,percent
correlation-stream-cores1,sar_concurrent,cpu_util,CORE24,1,0.0,percent
correlation-stream-cores1,sar_concurrent,cpu_util,CORE24,2,0.0,percent
correlation-stream-cores1,sar_concurrent,cpu_util,CORE24,3,0.0,percent
correlation-stream-cores1,sar_concurrent,cpu_util,CORE24,4,0.0,percent
correlation-stream-cores1,sar_concurrent,cpu_util,CORE24,5,0.0,percent
correlation-stream-cores1,sar_concurrent,cpu_util,CORE24,6,0.0,percent
correlation-stream-cores1,sar_concurrent,cpu_util,CORE24,7,0.0,percent
correlation-stream-cores1,sar_concurrent,cpu_util,CORE24,8,0.0,percent
correlation-stream-cores1,sar_concurrent,cpu_util,CORE24,9,0.0,percent
correlation-stream-cores1,sar_concurrent,cpu_util,CORE24,10,0.0,percent
correlation-stream-cores1,sar_concurrent,cpu_util,CORE24,11,0.0,percent
correlation-stream-cores1,sar_concurrent,cpu_util,CORE24,12,0.0,percent
correlation-stream-cores1,sar_concurrent,cpu_util,CORE24,13,0.0,percent
correlation-stream-cores1,sar_concurrent,cpu_util,CORE24,14,0.0,percent
correlation-stream-cores1,sar_concurrent,cpu_util,CORE24,15,0.0,percent
correlation-stream-cores1,sar_concurrent,cpu_util,CORE24,16,0.0,percent
correlation-stream-cores1,sar_concurrent,cpu_util,CORE24,17,0.0,percent
correlation-stream-cores1,sar_concurrent,cpu_util,CORE24,18,0.0,percent
correlation-stream-cores1,sar_concurrent,cpu_util,CORE24,19,0.0,percent
correlation-stream-cores1,sar_concurrent,cpu_util,CORE24,20,0.0,percent
correlation-stream-cores1,sar_concurrent,cpu_util,CORE24,21,0.0,percent
correlation-stream-cores1,sar_concurrent,cpu_util,CORE24,22,0.0,percent
correlation-stream-cores1,sar_concurrent,cpu_util,CORE24,23,0.0,percent
correlation-stream-cores1,sar_concurrent,cpu_util,CORE24,24,0.0,percent
correlation-stream-cores1,sar_concurrent,cpu_util,CORE24,25,0.0,percent
correlation-stream-cores1,sar_concurrent,cpu_util,CORE24,26,0.0,percent
correlation-stream-cores1,sar_concurrent,cpu_util,CORE24,27,0.0,percent
correlation-stream-cores1,sar_concurrent,cpu_util,CORE24,28,0.0,percent
correlation-stream-cores1,sar_concurrent,cpu_util,CORE24,29,0.0,percent
correlation-stream-cores1,sar_concurrent,cpu_util,CORE24,30,0.0,percent
correlation-stream-cores1,sar_concurrent,cpu_util,CORE24,31,0.0,percent
correlation-stream-cores1,sar_concurrent,cpu_util,CORE24,32,0.0,percent
correlation-stream-cores1,sar_concurrent,cpu_util,CORE24,33,0.0,percent
correlation-stream-cores1,sar_concurrent,cpu_util,CORE24,34,0.0,percent
correlation-stream-cores1,sar_concurrent,cpu_util,CORE24,35,0.0,percent
correlation-stream-cores1,sar_concurrent,cpu_util,CORE24,36,0.0,percent
correlation-stream-cores1,sar_concurrent,cpu_util,CORE24,37,0.0,percent
correlation-stream-cores1,sar_concurrent,cpu_util,CORE24,38,0.0,percent
correlation-stream-cores1,sar_concurrent,cpu_util,CORE24,39,0.0,percent
correlation-stream-cores1,sar_concurrent,cpu_util,CORE24,40,0.0,percent
correlation-stream-cores1,sar_concurrent,cpu_util,CORE24,41,0.0,percent
correlation-stream-cores1,sar_concurrent,cpu_util,CORE24,42,0.0,percent
correlation-stream-cores1,sar_concurrent,cpu_util,CORE24,43,0.0,percent
correlation-stream-cores1,sar_concurrent,cpu_util,CORE24,44,0.0,percent
correlation-stream-cores1,sar_concurrent,cpu_util,CORE24,45,0.0,percent
correlation-stream-cores1,sar_concurrent,cpu_util,CORE24,46,0.0,percent
correlation-stream-cores1,sar_concurrent,cpu_util,CORE24,47,0.0,percent
correlation-stream-cores1,sar_concurrent,cpu_util,CORE24,48,0.0,percent
correlation-stream-cores1,sar_concurrent,cpu_util,CORE24,49,0.0,percent
correlation-stream-cores1,sar_concurrent,cpu_util,CORE24,50,0.0,percent
correlation-stream-cores1,sar_concurrent,cpu_util,CORE24,51,0.0,percent
correlation-stream-cores1,sar_concurrent,cpu_util,CORE24,52,0.0,percent
correlation-stream-cores1,sar_concurrent,cpu_util,CORE24,53,0.0,percent
correlation-stream-cores1,sar_concurrent,cpu_util,CORE24,54,0.0,percent
correlation-stream-cores1,sar_concurrent,cpu_util,CORE24,55,0.0,percent
correlation-stream-cores1,sar_concurrent,cpu_util,CORE24,56,0.0,percent
correlation-stream-cores1,sar_concurrent,cpu_util,CORE24,57,0.0,percent
correlation-stream-cores1,sar_concurrent,cpu_util,CORE24,58,0.0,percent
correlation-stream-cores1,sar_concurrent,cpu_util,CORE24,59,0.0,percent
correlation-stream-cores1,sar_concurrent,cpu_util,CORE25,0,0.0,percent
correlation-stream-cores1,sar_concurrent,cpu_util,CORE25,1,0.0,percent
correlation-stream-cores1,sar_concurrent,cpu_util,CORE25,2,0.0,percent
correlation-stream-cores1,sar_concurrent,cpu_util,CORE25,3,0.0,percent
correlation-stream-cores1,sar_concurrent,cpu_util,CORE25,4,0.0,percent
correlation-stream-cores1,sar_concurrent,cpu_util,CORE25,5,0.0,percent
correlation-stream-cores1,sar_concurrent,cpu_util,CORE25,6,0.0,percent
correlation-stream-cores1,sar_concurrent,cpu_util,CORE25,7,0.0,percent
correlation-stream-cores1,sar_concurrent,cpu_util,CORE25,8,0.0,percent
correlation-stream-cores1,sar_concurrent,cpu_util,CORE25,9,0.0,percent
correlation-stream-cores1,sar_concurrent,cpu_util,CORE25,10,0.0,percent
correlation-stream-cores1,sar_concurrent,cpu_util,CORE25,11,0.0,percent
correlation-stream-cores1,sar_concurrent,cpu_util,CORE25,12,0.0,percent
correlation-stream-cores1,sar_concurrent,cpu_util,CORE25,13,0.0,percent
correlation-stream-cores1,sar_concurrent,cpu_util,CORE25,14,0.0,percent
correlation-stream-cores1,sar_concurrent,cpu_util,CORE25,15,0.0,percent
correlation-stream-cores1,sar_concurrent,cpu_util,CORE25,16,0.0,percent
correlation-stream-cores1,sar_concurrent,cpu_util,CORE25,17,0.0,percent
correlation-stream-cores1,sar_concurrent,cpu_util,CORE25,18,0.0,percent
correlation-stream-cores1,sar_concurrent,cpu_util,CORE25,19,0.0,percent
correlation-stream-cores1,sar_concurrent,cpu_util,CORE25,20,0.0,percent
correlation-stream-cores1,sar_concurrent,cpu_util,CORE25,21,0.0,percent
correlation-stream-cores1,sar_concurrent,cpu_util,CORE25,22,0.0,percent
correlation-stream-cores1,sar_concurrent,cpu_util,CORE25,23,0.0,percent
correlation-stream-cores1,sar_concurrent,cpu_util,CORE25,24,0.0,percent
correlation-stream-cores1,sar_concurrent,cpu_util,CORE25,25,0.0,percent
correlation-stream-cores1,sar_concurrent,cpu_util,CORE25,26,0.0,percent
correlation-stream-cores1,sar_concurrent,cpu_util,CORE25,27,0.0,percent
correlation-stream-cores1,sar_concurrent,cpu_util,CORE25,28,0.0,percent
correlation-stream-cores1,sar_concurrent,cpu_util,CORE25,29,0.0,percent
correlation-stream-cores1,sar_concurrent,cpu_util,CORE25,30,0.0,percent
correlation-stream-cores1,sar_concurrent,cpu_util,CORE25,31,0.0,percent
correlation-stream-cores1,sar_concurrent,cpu_util,CORE25,32,0.0,percent
correlation-stream-cores1,sar_concurrent,cpu_util,CORE25,33,0.0,percent
correlation-stream-cores1,sar_concurrent,cpu_util,CORE25,34,0.0,percent
correlation-stream-cores1,sar_concurrent,cpu_util,CORE25,35,0.0,percent
correlation-stream-cores1,sar_concurrent,cpu_util,CORE25,36,0.0,percent
correlation-stream-cores1,sar_concurrent,cpu_util,CORE25,37,0.0,percent
correlation-stream-cores1,sar_concurrent,cpu_util,CORE25,38,0.0,percent
correlation-stream-cores1,sar_concurrent,cpu_util,CORE25,39,0.0,percent
correlation-stream-cores1,sar_concurrent,cpu_util,CORE25,40,0.0,percent
correlation-stream-cores1,sar_concurrent,cpu_util,CORE25,41,0.0,percent
correlation-stream-cores1,sar_concurrent,cpu_util,CORE25,42,0.0,percent
correlation-stream-cores1,sar_concurrent,cpu_util,CORE25,43,0.0,percent
correlation-stream-cores1,sar_concurrent,cpu_util,CORE25,44,0.0,percent
correlation-stream-cores1,sar_concurrent,cpu_util,CORE25,45,0.0,percent
correlation-stream-cores1,sar_concurrent,cpu_util,CORE25,46,0.0,percent
correlation-stream-cores1,sar_concurrent,cpu_util,CORE25,47,0.0,percent
correlation-stream-cores1,sar_concurrent,cpu_util,CORE25,48,0.0,percent
correlation-stream-cores1,sar_concurrent,cpu_util,CORE25,49,0.0,percent
correlation-stream-cores1,sar_concurrent,cpu_util,CORE25,50,0.0,percent
correlation-stream-cores1,sar_concurrent,cpu_util,CORE25,51,0.0,percent
correlation-stream-cores1,sar_concurrent,cpu_util,CORE25,52,0.0,percent
correlation-stream-cores1,sar_concurrent,cpu_util,CORE25,53,0.0,percent
correlation-stream-cores1,sar_concurrent,cpu_util,CORE25,54,0.0,percent
correlation-stream-cores1,sar_concurrent,cpu_util,CORE25,55,0.0,percent
correlation-stream-cores1,sar_concurrent,cpu_util,CORE25,56,0.0,percent
correlation-stream-cores1,sar_concurrent,cpu_util,CORE25,57,0.0,percent
correlation-stream-cores1,sar_concurrent,cpu_util,CORE25,58,0.0,percent
correlation-stream-cores1,sar_concurrent,cpu_util,CORE25,59,0.0,percent
correlation-stream-cores1,sar_concurrent,cpu_util,CORE26,0,0.0,percent
correlation-stream-cores1,sar_concurrent,cpu_util,CORE26,1,0.0,percent
correlation-stream-cores1,sar_concurrent,cpu_util,CORE26,2,0.0,percent
correlation-stream-cores1,sar_concurrent,cpu_util,CORE26,3,0.0,percent
correlation-stream-cores1,sar_concurrent,cpu_util,CORE26,4,0.0,percent
correlation-stream-cores1,sar_concurrent,cpu_util,CORE26,5,0.0,percent
correlation-stream-cores1,sar_concurrent,cpu_util,CORE26,6,0.0,percent
correlation-stream-cores1,sar_concurrent,cpu_util,CORE26,7,0.0,percent
correlation-stream-cores1,sar_concurrent,cpu_util,CORE26,8,0.0,percent
correlation-stream-cores1,sar_concurrent,cpu_util,CORE26,9,0.0,percent
correlation-stream-cores1,sar_concurrent,cpu_util,CORE26,10,0.0,percent
correlation-stream-cores1,sar_concurrent,cpu_util,CORE26,11,0.0,percent
correlation-stream-cores1,sar_concurrent,cpu_util,CORE26,12,0.0,percent
correlation-stream-cores1,sar_concurrent,cpu_util,CORE26,13,0.0,percent
correlation-stream-cores1,sar_concurrent,cpu_util,CORE26,14,0.0,percent
correlation-stream-cores1,sar_concurrent,cpu_util,CORE26,15,0.0,percent
correlation-stream-cores1,sar_concurrent,cpu_util,CORE26,16,0.0,percent
correlation-stream-cores1,sar_concurrent,cpu_util,CORE26,17,0.0,percent
correlation-stream-cores1,sar_concurrent,cpu_util,CORE26,18,0.0,percent
correlation-stream-cores1,sar_concurrent,cpu_util,CORE26,19,0.0,percent
correlation-stream-cores1,sar_concurrent,cpu_util,CORE26,20,0.0,percent
correlation-stream-cores1,sar_concurrent,cpu_util,CORE26,21,0.0,percent
correlation-stream-cores1,sar_concurrent,cpu_util,CORE26,22,0.0,percent
correlation-stream-cores1,sar_concurrent,cpu_util,CORE26,23,0.0,percent
correlation-stream-cores1,sar_concurrent,cpu_util,CORE26,24,0.0,percent
correlation-stream-cores1,sar_concurrent,cpu_util,CORE26,25,0.0,percent
correlation-stream-cores1,sar_concurrent,cpu_util,CORE26,26,0.0,percent
correlation-stream-cores1,sar_concurrent,cpu_util,CORE26,27,0.0,percent
correlation-stream-cores1,sar_concurrent,cpu_util,CORE26,28,0.0,percent
correlation-stream-cores1,sar_concurrent,cpu_util,CORE26,29,0.0,percent
correlation-stream-cores1,sar_concurrent,cpu_util,CORE26,30,0.0,percent
correlation-stream-cores1,sar_concurrent,cpu_util,CORE26,31,0.0,percent
correlation-stream-cores1,sar_concurrent,cpu_util,CORE26,32,0.0,percent
correlation-stream-cores1,sar_concurrent,cpu_util,CORE26,33,3.0300000000000002,percent
correlation-stream-cores1,sar_concurrent,cpu_util,CORE26,34,0.0,percent
correlation-stream-cores1,sar_concurrent,cpu_util,CORE26,35,0.0,percent
correlation-stream-cores1,sar_concurrent,cpu_util,CORE26,36,0.0,percent
correlation-stream-cores1,sar_concurrent,cpu_util,CORE26,37,0.0,percent
correlation-stream-cores1,sar_concurrent,cpu_util,CORE26,38,0.0,percent
correlation-stream-cores1,sar_concurrent,cpu_util,CORE26,39,0.0,percent
correlation-stream-cores1,sar_concurrent,cpu_util,CORE26,40,0.0,percent
correlation-stream-cores1,sar_concurrent,cpu_util,CORE26,41,0.0,percent
correlation-stream-cores1,sar_concurrent,cpu_util,CORE26,42,0.0,percent
correlation-stream-cores1,sar_concurrent,cpu_util,CORE26,43,0.0,percent
correlation-stream-cores1,sar_concurrent,cpu_util,CORE26,44,0.0,percent
correlation-stream-cores1,sar_concurrent,cpu_util,CORE26,45,0.0,percent
correlation-stream-cores1,sar_concurrent,cpu_util,CORE26,46,0.0,percent
correlation-stream-cores1,sar_concurrent,cpu_util,CORE26,47,0.0,percent
correlation-stream-cores1,sar_concurrent,cpu_util,CORE26,48,0.0,percent
correlation-stream-cores1,sar_concurrent,cpu_util,CORE26,49,0.0,percent
correlation-stream-cores1,sar_concurrent,cpu_util,CORE26,50,0.0,percent
correlation-stream-cores1,sar_concurrent,cpu_util,CORE26,51,0.0,percent
correlation-stream-cores1,sar_concurrent,cpu_util,CORE26,52,0.0,percent
correlation-stream-cores1,sar_concurrent,cpu_util,CORE26,53,0.0,percent
correlation-stream-cores1,sar_concurrent,cpu_util,CORE26,54,0.0,percent
correlation-stream-cores1,sar_concurrent,cpu_util,CORE26,55,0.0,percent
correlation-stream-cores1,sar_concurrent,cpu_util,CORE26,56,0.0,percent
correlation-stream-cores1,sar_concurrent,cpu_util,CORE26,57,0.0,percent
correlation-stream-cores1,sar_concurrent,cpu_util,CORE26,58,0.0,percent
correlation-stream-cores1,sar_concurrent,cpu_util,CORE26,59,0.0,percent
correlation-stream-cores1,sar_concurrent,cpu_util,CORE27,0,1.0,percent
correlation-stream-cores1,sar_concurrent,cpu_util,CORE27,1,0.0,percent
correlation-stream-cores1,sar_concurrent,cpu_util,CORE27,2,0.0,percent
correlation-stream-cores1,sar_concurrent,cpu_util,CORE27,3,0.0,percent
correlation-stream-cores1,sar_concurrent,cpu_util,CORE27,4,0.0,percent
correlation-stream-cores1,sar_concurrent,cpu_util,CORE27,5,0.0,percent
correlation-stream-cores1,sar_concurrent,cpu_util,CORE27,6,0.0,percent
correlation-stream-cores1,sar_concurrent,cpu_util,CORE27,7,0.0,percent
correlation-stream-cores1,sar_concurrent,cpu_util,CORE27,8,0.0,percent
correlation-stream-cores1,sar_concurrent,cpu_util,CORE27,9,0.0,percent
correlation-stream-cores1,sar_concurrent,cpu_util,CORE27,10,0.0,percent
correlation-stream-cores1,sar_concurrent,cpu_util,CORE27,11,0.0,percent
correlation-stream-cores1,sar_concurrent,cpu_util,CORE27,12,0.0,percent
correlation-stream-cores1,sar_concurrent,cpu_util,CORE27,13,0.0,percent
correlation-stream-cores1,sar_concurrent,cpu_util,CORE27,14,0.0,percent
correlation-stream-cores1,sar_concurrent,cpu_util,CORE27,15,0.0,percent
correlation-stream-cores1,sar_concurrent,cpu_util,CORE27,16,0.0,percent
correlation-stream-cores1,sar_concurrent,cpu_util,CORE27,17,0.0,percent
correlation-stream-cores1,sar_concurrent,cpu_util,CORE27,18,0.0,percent
correlation-stream-cores1,sar_concurrent,cpu_util,CORE27,19,0.0,percent
correlation-stream-cores1,sar_concurrent,cpu_util,CORE27,20,0.0,percent
correlation-stream-cores1,sar_concurrent,cpu_util,CORE27,21,0.0,percent
correlation-stream-cores1,sar_concurrent,cpu_util,CORE27,22,0.0,percent
correlation-stream-cores1,sar_concurrent,cpu_util,CORE27,23,0.0,percent
correlation-stream-cores1,sar_concurrent,cpu_util,CORE27,24,0.0,percent
correlation-stream-cores1,sar_concurrent,cpu_util,CORE27,25,0.0,percent
correlation-stream-cores1,sar_concurrent,cpu_util,CORE27,26,0.0,percent
correlation-stream-cores1,sar_concurrent,cpu_util,CORE27,27,0.0,percent
correlation-stream-cores1,sar_concurrent,cpu_util,CORE27,28,0.0,percent
correlation-stream-cores1,sar_concurrent,cpu_util,CORE27,29,0.0,percent
correlation-stream-cores1,sar_concurrent,cpu_util,CORE27,30,0.0,percent
correlation-stream-cores1,sar_concurrent,cpu_util,CORE27,31,0.0,percent
correlation-stream-cores1,sar_concurrent,cpu_util,CORE27,32,0.0,percent
correlation-stream-cores1,sar_concurrent,cpu_util,CORE27,33,0.0,percent
correlation-stream-cores1,sar_concurrent,cpu_util,CORE27,34,0.0,percent
correlation-stream-cores1,sar_concurrent,cpu_util,CORE27,35,0.0,percent
correlation-stream-cores1,sar_concurrent,cpu_util,CORE27,36,0.0,percent
correlation-stream-cores1,sar_concurrent,cpu_util,CORE27,37,0.0,percent
correlation-stream-cores1,sar_concurrent,cpu_util,CORE27,38,0.0,percent
correlation-stream-cores1,sar_concurrent,cpu_util,CORE27,39,0.0,percent
correlation-stream-cores1,sar_concurrent,cpu_util,CORE27,40,0.0,percent
correlation-stream-cores1,sar_concurrent,cpu_util,CORE27,41,0.0,percent
correlation-stream-cores1,sar_concurrent,cpu_util,CORE27,42,0.0,percent
correlation-stream-cores1,sar_concurrent,cpu_util,CORE27,43,0.0,percent
correlation-stream-cores1,sar_concurrent,cpu_util,CORE27,44,0.0,percent
correlation-stream-cores1,sar_concurrent,cpu_util,CORE27,45,0.0,percent
correlation-stream-cores1,sar_concurrent,cpu_util,CORE27,46,0.0,percent
correlation-stream-cores1,sar_concurrent,cpu_util,CORE27,47,0.0,percent
correlation-stream-cores1,sar_concurrent,cpu_util,CORE27,48,0.0,percent
correlation-stream-cores1,sar_concurrent,cpu_util,CORE27,49,0.0,percent
correlation-stream-cores1,sar_concurrent,cpu_util,CORE27,50,0.0,percent
correlation-stream-cores1,sar_concurrent,cpu_util,CORE27,51,0.0,percent
correlation-stream-cores1,sar_concurrent,cpu_util,CORE27,52,0.0,percent
correlation-stream-cores1,sar_concurrent,cpu_util,CORE27,53,0.0,percent
correlation-stream-cores1,sar_concurrent,cpu_util,CORE27,54,0.0,percent
correlation-stream-cores1,sar_concurrent,cpu_util,CORE27,55,0.0,percent
correlation-stream-cores1,sar_concurrent,cpu_util,CORE27,56,0.0,percent
correlation-stream-cores1,sar_concurrent,cpu_util,CORE27,57,0.0,percent
correlation-stream-cores1,sar_concurrent,cpu_util,CORE27,58,0.0,percent
correlation-stream-cores1,sar_concurrent,cpu_util,CORE27,59,0.0,percent
correlation-stream-cores1,sar_concurrent,cpu_util,CORE28,0,0.0,percent
correlation-stream-cores1,sar_concurrent,cpu_util,CORE28,1,0.0,percent
correlation-stream-cores1,sar_concurrent,cpu_util,CORE28,2,0.0,percent
correlation-stream-cores1,sar_concurrent,cpu_util,CORE28,3,0.0,percent
correlation-stream-cores1,sar_concurrent,cpu_util,CORE28,4,0.0,percent
correlation-stream-cores1,sar_concurrent,cpu_util,CORE28,5,0.0,percent
correlation-stream-cores1,sar_concurrent,cpu_util,CORE28,6,0.0,percent
correlation-stream-cores1,sar_concurrent,cpu_util,CORE28,7,0.0,percent
correlation-stream-cores1,sar_concurrent,cpu_util,CORE28,8,0.0,percent
correlation-stream-cores1,sar_concurrent,cpu_util,CORE28,9,0.0,percent
correlation-stream-cores1,sar_concurrent,cpu_util,CORE28,10,0.0,percent
correlation-stream-cores1,sar_concurrent,cpu_util,CORE28,11,0.0,percent
correlation-stream-cores1,sar_concurrent,cpu_util,CORE28,12,0.0,percent
correlation-stream-cores1,sar_concurrent,cpu_util,CORE28,13,0.0,percent
correlation-stream-cores1,sar_concurrent,cpu_util,CORE28,14,0.0,percent
correlation-stream-cores1,sar_concurrent,cpu_util,CORE28,15,0.0,percent
correlation-stream-cores1,sar_concurrent,cpu_util,CORE28,16,0.0,percent
correlation-stream-cores1,sar_concurrent,cpu_util,CORE28,17,0.0,percent
correlation-stream-cores1,sar_concurrent,cpu_util,CORE28,18,0.0,percent
correlation-stream-cores1,sar_concurrent,cpu_util,CORE28,19,0.0,percent
correlation-stream-cores1,sar_concurrent,cpu_util,CORE28,20,0.0,percent
correlation-stream-cores1,sar_concurrent,cpu_util,CORE28,21,0.0,percent
correlation-stream-cores1,sar_concurrent,cpu_util,CORE28,22,0.0,percent
correlation-stream-cores1,sar_concurrent,cpu_util,CORE28,23,0.0,percent
correlation-stream-cores1,sar_concurrent,cpu_util,CORE28,24,0.0,percent
correlation-stream-cores1,sar_concurrent,cpu_util,CORE28,25,0.0,percent
correlation-stream-cores1,sar_concurrent,cpu_util,CORE28,26,0.0,percent
correlation-stream-cores1,sar_concurrent,cpu_util,CORE28,27,0.0,percent
correlation-stream-cores1,sar_concurrent,cpu_util,CORE28,28,0.0,percent
correlation-stream-cores1,sar_concurrent,cpu_util,CORE28,29,0.0,percent
correlation-stream-cores1,sar_concurrent,cpu_util,CORE28,30,0.0,percent
correlation-stream-cores1,sar_concurrent,cpu_util,CORE28,31,0.0,percent
correlation-stream-cores1,sar_concurrent,cpu_util,CORE28,32,0.0,percent
correlation-stream-cores1,sar_concurrent,cpu_util,CORE28,33,0.0,percent
correlation-stream-cores1,sar_concurrent,cpu_util,CORE28,34,0.0,percent
correlation-stream-cores1,sar_concurrent,cpu_util,CORE28,35,0.0,percent
correlation-stream-cores1,sar_concurrent,cpu_util,CORE28,36,0.0,percent
correlation-stream-cores1,sar_concurrent,cpu_util,CORE28,37,0.0,percent
correlation-stream-cores1,sar_concurrent,cpu_util,CORE28,38,0.0,percent
correlation-stream-cores1,sar_concurrent,cpu_util,CORE28,39,0.0,percent
correlation-stream-cores1,sar_concurrent,cpu_util,CORE28,40,0.0,percent
correlation-stream-cores1,sar_concurrent,cpu_util,CORE28,41,0.0,percent
correlation-stream-cores1,sar_concurrent,cpu_util,CORE28,42,0.0,percent
correlation-stream-cores1,sar_concurrent,cpu_util,CORE28,43,0.0,percent
correlation-stream-cores1,sar_concurrent,cpu_util,CORE28,44,0.0,percent
correlation-stream-cores1,sar_concurrent,cpu_util,CORE28,45,0.0,percent
correlation-stream-cores1,sar_concurrent,cpu_util,CORE28,46,0.0,percent
correlation-stream-cores1,sar_concurrent,cpu_util,CORE28,47,0.0,percent
correlation-stream-cores1,sar_concurrent,cpu_util,CORE28,48,0.0,percent
correlation-stream-cores1,sar_concurrent,cpu_util,CORE28,49,0.0,percent
correlation-stream-cores1,sar_concurrent,cpu_util,CORE28,50,0.0,percent
correlation-stream-cores1,sar_concurrent,cpu_util,CORE28,51,0.0,percent
correlation-stream-cores1,sar_concurrent,cpu_util,CORE28,52,0.0,percent
correlation-stream-cores1,sar_concurrent,cpu_util,CORE28,53,0.0,percent
correlation-stream-cores1,sar_concurrent,cpu_util,CORE28,54,0.0,percent
correlation-stream-cores1,sar_concurrent,cpu_util,CORE28,55,0.0,percent
correlation-stream-cores1,sar_concurrent,cpu_util,CORE28,56,0.0,percent
correlation-stream-cores1,sar_concurrent,cpu_util,CORE28,57,0.0,percent
correlation-stream-cores1,sar_concurrent,cpu_util,CORE28,58,0.0,percent
correlation-stream-cores1,sar_concurrent,cpu_util,CORE28,59,0.0,percent
correlation-stream-cores1,sar_concurrent,cpu_util,CORE29,0,0.0,percent
correlation-stream-cores1,sar_concurrent,cpu_util,CORE29,1,0.0,percent
correlation-stream-cores1,sar_concurrent,cpu_util,CORE29,2,0.0,percent
correlation-stream-cores1,sar_concurrent,cpu_util,CORE29,3,0.0,percent
correlation-stream-cores1,sar_concurrent,cpu_util,CORE29,4,0.0,percent
correlation-stream-cores1,sar_concurrent,cpu_util,CORE29,5,0.0,percent
correlation-stream-cores1,sar_concurrent,cpu_util,CORE29,6,0.0,percent
correlation-stream-cores1,sar_concurrent,cpu_util,CORE29,7,0.0,percent
correlation-stream-cores1,sar_concurrent,cpu_util,CORE29,8,0.0,percent
correlation-stream-cores1,sar_concurrent,cpu_util,CORE29,9,0.0,percent
correlation-stream-cores1,sar_concurrent,cpu_util,CORE29,10,0.0,percent
correlation-stream-cores1,sar_concurrent,cpu_util,CORE29,11,0.0,percent
correlation-stream-cores1,sar_concurrent,cpu_util,CORE29,12,0.0,percent
correlation-stream-cores1,sar_concurrent,cpu_util,CORE29,13,0.0,percent
correlation-stream-cores1,sar_concurrent,cpu_util,CORE29,14,0.0,percent
correlation-stream-cores1,sar_concurrent,cpu_util,CORE29,15,0.0,percent
correlation-stream-cores1,sar_concurrent,cpu_util,CORE29,16,0.0,percent
correlation-stream-cores1,sar_concurrent,cpu_util,CORE29,17,0.0,percent
correlation-stream-cores1,sar_concurrent,cpu_util,CORE29,18,0.0,percent
correlation-stream-cores1,sar_concurrent,cpu_util,CORE29,19,0.0,percent
correlation-stream-cores1,sar_concurrent,cpu_util,CORE29,20,0.0,percent
correlation-stream-cores1,sar_concurrent,cpu_util,CORE29,21,0.0,percent
correlation-stream-cores1,sar_concurrent,cpu_util,CORE29,22,0.0,percent
correlation-stream-cores1,sar_concurrent,cpu_util,CORE29,23,0.0,percent
correlation-stream-cores1,sar_concurrent,cpu_util,CORE29,24,0.0,percent
correlation-stream-cores1,sar_concurrent,cpu_util,CORE29,25,0.0,percent
correlation-stream-cores1,sar_concurrent,cpu_util,CORE29,26,0.0,percent
correlation-stream-cores1,sar_concurrent,cpu_util,CORE29,27,0.0,percent
correlation-stream-cores1,sar_concurrent,cpu_util,CORE29,28,0.0,percent
correlation-stream-cores1,sar_concurrent,cpu_util,CORE29,29,0.0,percent
correlation-stream-cores1,sar_concurrent,cpu_util,CORE29,30,0.0,percent
correlation-stream-cores1,sar_concurrent,cpu_util,CORE29,31,0.0,percent
correlation-stream-cores1,sar_concurrent,cpu_util,CORE29,32,0.0,percent
correlation-stream-cores1,sar_concurrent,cpu_util,CORE29,33,0.0,percent
correlation-stream-cores1,sar_concurrent,cpu_util,CORE29,34,0.0,percent
correlation-stream-cores1,sar_concurrent,cpu_util,CORE29,35,0.0,percent
correlation-stream-cores1,sar_concurrent,cpu_util,CORE29,36,0.0,percent
correlation-stream-cores1,sar_concurrent,cpu_util,CORE29,37,0.0,percent
correlation-stream-cores1,sar_concurrent,cpu_util,CORE29,38,0.0,percent
correlation-stream-cores1,sar_concurrent,cpu_util,CORE29,39,0.0,percent
correlation-stream-cores1,sar_concurrent,cpu_util,CORE29,40,0.0,percent
correlation-stream-cores1,sar_concurrent,cpu_util,CORE29,41,0.0,percent
correlation-stream-cores1,sar_concurrent,cpu_util,CORE29,42,0.0,percent
correlation-stream-cores1,sar_concurrent,cpu_util,CORE29,43,0.0,percent
correlation-stream-cores1,sar_concurrent,cpu_util,CORE29,44,0.0,percent
correlation-stream-cores1,sar_concurrent,cpu_util,CORE29,45,0.0,percent
correlation-stream-cores1,sar_concurrent,cpu_util,CORE29,46,0.0,percent
correlation-stream-cores1,sar_concurrent,cpu_util,CORE29,47,0.0,percent
correlation-stream-cores1,sar_concurrent,cpu_util,CORE29,48,0.0,percent
correlation-stream-cores1,sar_concurrent,cpu_util,CORE29,49,0.0,percent
correlation-stream-cores1,sar_concurrent,cpu_util,CORE29,50,0.0,percent
correlation-stream-cores1,sar_concurrent,cpu_util,CORE29,51,0.0,percent
correlation-stream-cores1,sar_concurrent,cpu_util,CORE29,52,0.0,percent
correlation-stream-cores1,sar_concurrent,cpu_util,CORE29,53,0.0,percent
correlation-stream-cores1,sar_concurrent,cpu_util,CORE29,54,0.0,percent
correlation-stream-cores1,sar_concurrent,cpu_util,CORE29,55,0.0,percent
correlation-stream-cores1,sar_concurrent,cpu_util,CORE29,56,0.0,percent
correlation-stream-cores1,sar_concurrent,cpu_util,CORE29,57,0.0,percent
correlation-stream-cores1,sar_concurrent,cpu_util,CORE29,58,0.0,percent
correlation-stream-cores1,sar_concurrent,cpu_util,CORE29,59,0.0,percent
correlation-stream-cores1,sar_concurrent,cpu_util,CORE30,0,0.0,percent
correlation-stream-cores1,sar_concurrent,cpu_util,CORE30,1,0.0,percent
correlation-stream-cores1,sar_concurrent,cpu_util,CORE30,2,0.0,percent
correlation-stream-cores1,sar_concurrent,cpu_util,CORE30,3,0.0,percent
correlation-stream-cores1,sar_concurrent,cpu_util,CORE30,4,0.0,percent
correlation-stream-cores1,sar_concurrent,cpu_util,CORE30,5,0.0,percent
correlation-stream-cores1,sar_concurrent,cpu_util,CORE30,6,0.0,percent
correlation-stream-cores1,sar_concurrent,cpu_util,CORE30,7,0.0,percent
correlation-stream-cores1,sar_concurrent,cpu_util,CORE30,8,0.0,percent
correlation-stream-cores1,sar_concurrent,cpu_util,CORE30,9,0.0,percent
correlation-stream-cores1,sar_concurrent,cpu_util,CORE30,10,0.0,percent
correlation-stream-cores1,sar_concurrent,cpu_util,CORE30,11,0.0,percent
correlation-stream-cores1,sar_concurrent,cpu_util,CORE30,12,0.0,percent
correlation-stream-cores1,sar_concurrent,cpu_util,CORE30,13,0.0,percent
correlation-stream-cores1,sar_concurrent,cpu_util,CORE30,14,0.0,percent
correlation-stream-cores1,sar_concurrent,cpu_util,CORE30,15,0.0,percent
correlation-stream-cores1,sar_concurrent,cpu_util,CORE30,16,0.99,percent
correlation-stream-cores1,sar_concurrent,cpu_util,CORE30,17,0.0,percent
correlation-stream-cores1,sar_concurrent,cpu_util,CORE30,18,0.0,percent
correlation-stream-cores1,sar_concurrent,cpu_util,CORE30,19,0.0,percent
correlation-stream-cores1,sar_concurrent,cpu_util,CORE30,20,0.0,percent
correlation-stream-cores1,sar_concurrent,cpu_util,CORE30,21,0.0,percent
correlation-stream-cores1,sar_concurrent,cpu_util,CORE30,22,0.0,percent
correlation-stream-cores1,sar_concurrent,cpu_util,CORE30,23,0.0,percent
correlation-stream-cores1,sar_concurrent,cpu_util,CORE30,24,0.0,percent
correlation-stream-cores1,sar_concurrent,cpu_util,CORE30,25,0.0,percent
correlation-stream-cores1,sar_concurrent,cpu_util,CORE30,26,0.0,percent
correlation-stream-cores1,sar_concurrent,cpu_util,CORE30,27,0.0,percent
correlation-stream-cores1,sar_concurrent,cpu_util,CORE30,28,0.0,percent
correlation-stream-cores1,sar_concurrent,cpu_util,CORE30,29,0.0,percent
correlation-stream-cores1,sar_concurrent,cpu_util,CORE30,30,0.0,percent
correlation-stream-cores1,sar_concurrent,cpu_util,CORE30,31,0.0,percent
correlation-stream-cores1,sar_concurrent,cpu_util,CORE30,32,1.0,percent
correlation-stream-cores1,sar_concurrent,cpu_util,CORE30,33,0.0,percent
correlation-stream-cores1,sar_concurrent,cpu_util,CORE30,34,0.0,percent
correlation-stream-cores1,sar_concurrent,cpu_util,CORE30,35,0.0,percent
correlation-stream-cores1,sar_concurrent,cpu_util,CORE30,36,0.0,percent
correlation-stream-cores1,sar_concurrent,cpu_util,CORE30,37,0.0,percent
correlation-stream-cores1,sar_concurrent,cpu_util,CORE30,38,0.0,percent
correlation-stream-cores1,sar_concurrent,cpu_util,CORE30,39,0.0,percent
correlation-stream-cores1,sar_concurrent,cpu_util,CORE30,40,0.0,percent
correlation-stream-cores1,sar_concurrent,cpu_util,CORE30,41,0.0,percent
correlation-stream-cores1,sar_concurrent,cpu_util,CORE30,42,0.0,percent
correlation-stream-cores1,sar_concurrent,cpu_util,CORE30,43,0.0,percent
correlation-stream-cores1,sar_concurrent,cpu_util,CORE30,44,0.0,percent
correlation-stream-cores1,sar_concurrent,cpu_util,CORE30,45,0.0,percent
correlation-stream-cores1,sar_concurrent,cpu_util,CORE30,46,0.0,percent
correlation-stream-cores1,sar_concurrent,cpu_util,CORE30,47,0.0,percent
correlation-stream-cores1,sar_concurrent,cpu_util,CORE30,48,0.0,percent
correlation-stream-cores1,sar_concurrent,cpu_util,CORE30,49,0.0,percent
correlation-stream-cores1,sar_concurrent,cpu_util,CORE30,50,0.0,percent
correlation-stream-cores1,sar_concurrent,cpu_util,CORE30,51,0.0,percent
correlation-stream-cores1,sar_concurrent,cpu_util,CORE30,52,0.0,percent
correlation-stream-cores1,sar_concurrent,cpu_util,CORE30,53,0.0,percent
correlation-stream-cores1,sar_concurrent,cpu_util,CORE30,54,0.0,percent
correlation-stream-cores1,sar_concurrent,cpu_util,CORE30,55,0.0,percent
correlation-stream-cores1,sar_concurrent,cpu_util,CORE30,56,0.0,percent
correlation-stream-cores1,sar_concurrent,cpu_util,CORE30,57,1.0,percent
correlation-stream-cores1,sar_concurrent,cpu_util,CORE30,58,1.0,percent
correlation-stream-cores1,sar_concurrent,cpu_util,CORE30,59,0.0,percent
correlation-stream-cores1,sar_concurrent,cpu_util,CORE31,0,0.0,percent
correlation-stream-cores1,sar_concurrent,cpu_util,CORE31,1,0.0,percent
correlation-stream-cores1,sar_concurrent,cpu_util,CORE31,2,0.0,percent
correlation-stream-cores1,sar_concurrent,cpu_util,CORE31,3,0.0,percent
correlation-stream-cores1,sar_concurrent,cpu_util,CORE31,4,0.0,percent
correlation-stream-cores1,sar_concurrent,cpu_util,CORE31,5,0.0,percent
correlation-stream-cores1,sar_concurrent,cpu_util,CORE31,6,0.0,percent
correlation-stream-cores1,sar_concurrent,cpu_util,CORE31,7,0.0,percent
correlation-stream-cores1,sar_concurrent,cpu_util,CORE31,8,0.0,percent
correlation-stream-cores1,sar_concurrent,cpu_util,CORE31,9,0.0,percent
correlation-stream-cores1,sar_concurrent,cpu_util,CORE31,10,46.08,percent
correlation-stream-cores1,sar_concurrent,cpu_util,CORE31,11,0.0,percent
correlation-stream-cores1,sar_concurrent,cpu_util,CORE31,12,0.0,percent
correlation-stream-cores1,sar_concurrent,cpu_util,CORE31,13,0.0,percent
correlation-stream-cores1,sar_concurrent,cpu_util,CORE31,14,0.0,percent
correlation-stream-cores1,sar_concurrent,cpu_util,CORE31,15,0.0,percent
correlation-stream-cores1,sar_concurrent,cpu_util,CORE31,16,0.0,percent
correlation-stream-cores1,sar_concurrent,cpu_util,CORE31,17,0.0,percent
correlation-stream-cores1,sar_concurrent,cpu_util,CORE31,18,0.0,percent
correlation-stream-cores1,sar_concurrent,cpu_util,CORE31,19,0.0,percent
correlation-stream-cores1,sar_concurrent,cpu_util,CORE31,20,0.0,percent
correlation-stream-cores1,sar_concurrent,cpu_util,CORE31,21,0.0,percent
correlation-stream-cores1,sar_concurrent,cpu_util,CORE31,22,0.0,percent
correlation-stream-cores1,sar_concurrent,cpu_util,CORE31,23,0.0,percent
correlation-stream-cores1,sar_concurrent,cpu_util,CORE31,24,0.0,percent
correlation-stream-cores1,sar_concurrent,cpu_util,CORE31,25,0.0,percent
correlation-stream-cores1,sar_concurrent,cpu_util,CORE31,26,0.0,percent
correlation-stream-cores1,sar_concurrent,cpu_util,CORE31,27,1.0,percent
correlation-stream-cores1,sar_concurrent,cpu_util,CORE31,28,0.0,percent
correlation-stream-cores1,sar_concurrent,cpu_util,CORE31,29,0.0,percent
correlation-stream-cores1,sar_concurrent,cpu_util,CORE31,30,0.0,percent
correlation-stream-cores1,sar_concurrent,cpu_util,CORE31,31,0.0,percent
correlation-stream-cores1,sar_concurrent,cpu_util,CORE31,32,0.0,percent
correlation-stream-cores1,sar_concurrent,cpu_util,CORE31,33,0.0,percent
correlation-stream-cores1,sar_concurrent,cpu_util,CORE31,34,0.0,percent
correlation-stream-cores1,sar_concurrent,cpu_util,CORE31,35,0.99,percent
correlation-stream-cores1,sar_concurrent,cpu_util,CORE31,36,0.0,percent
correlation-stream-cores1,sar_concurrent,cpu_util,CORE31,37,0.0,percent
correlation-stream-cores1,sar_concurrent,cpu_util,CORE31,38,0.0,percent
correlation-stream-cores1,sar_concurrent,cpu_util,CORE31,39,0.0,percent
correlation-stream-cores1,sar_concurrent,cpu_util,CORE31,40,0.0,percent
correlation-stream-cores1,sar_concurrent,cpu_util,CORE31,41,0.0,percent
correlation-stream-cores1,sar_concurrent,cpu_util,CORE31,42,0.0,percent
correlation-stream-cores1,sar_concurrent,cpu_util,CORE31,43,0.0,percent
correlation-stream-cores1,sar_concurrent,cpu_util,CORE31,44,0.0,percent
correlation-stream-cores1,sar_concurrent,cpu_util,CORE31,45,0.0,percent
correlation-stream-cores1,sar_concurrent,cpu_util,CORE31,46,0.99,percent
correlation-stream-cores1,sar_concurrent,cpu_util,CORE31,47,0.0,percent
correlation-stream-cores1,sar_concurrent,cpu_util,CORE31,48,0.0,percent
correlation-stream-cores1,sar_concurrent,cpu_util,CORE31,49,0.0,percent
correlation-stream-cores1,sar_concurrent,cpu_util,CORE31,50,0.0,percent
correlation-stream-cores1,sar_concurrent,cpu_util,CORE31,51,0.0,percent
correlation-stream-cores1,sar_concurrent,cpu_util,CORE31,52,0.0,percent
correlation-stream-cores1,sar_concurrent,cpu_util,CORE31,53,0.0,percent
correlation-stream-cores1,sar_concurrent,cpu_util,CORE31,54,0.0,percent
correlation-stream-cores1,sar_concurrent,cpu_util,CORE31,55,0.0,percent
correlation-stream-cores1,sar_concurrent,cpu_util,CORE31,56,0.0,percent
correlation-stream-cores1,sar_concurrent,cpu_util,CORE31,57,2.02,percent
correlation-stream-cores1,sar_concurrent,cpu_util,CORE31,58,0.0,percent
correlation-stream-cores1,sar_concurrent,cpu_util,CORE31,59,0.0,percent
