experiment,collection_window,metric,scope,sample_index,value,unit
correlation-fio-randwrite-cores1,pcm_memory,memreadbw,SKT0CHAN0,0,193.65,MB/s
correlation-fio-randwrite-cores1,pcm_memory,memreadbw,SKT0CHAN0,1,195.15,MB/s
correlation-fio-randwrite-cores1,pcm_memory,memreadbw,SKT0CHAN0,2,186.89,MB/s
correlation-fio-randwrite-cores1,pcm_memory,memreadbw,SKT0CHAN0,3,199.21,MB/s
correlation-fio-randwrite-cores1,pcm_memory,memreadbw,SKT0CHAN0,4,197.04,MB/s
correlation-fio-randwrite-cores1,pcm_memory,memreadbw,SKT0CHAN0,5,189.3,MB/s
correlation-fio-randwrite-cores1,pcm_memory,memreadbw,SKT0CHAN0,6,191.22,MB/s
correlation-fio-randwrite-cores1,pcm_memory,memreadbw,SKT0CHAN0,7,191.41,MB/s
correlation-fio-randwrite-cores1,pcm_memory,memreadbw,SKT0CHAN0,8,193.89,MB/s
correlation-fio-randwrite-cores1,pcm_memory,memreadbw,SKT0CHAN0,9,185.33,MB/s
correlation-fio-randwrite-cores1,pcm_memory,memreadbw,SKT0CHAN0,10,191.57,MB/s
correlation-fio-randwrite-cores1,pcm_memory,memreadbw,SKT0CHAN0,11,186.82,MB/s
correlation-fio-randwrite-cores1,pcm_memory,memreadbw,SKT0CHAN0,12,197.83,MB/s
correlation-fio-randwrite-cores1,pcm_memory,memreadbw,SKT0CHAN0,13,186.38,MB/s
correlation-fio-randwrite-cores1,pcm_memory,memreadbw,SKT0CHAN0,14,192.06,MB/s
correlation-fio-randwrite-cores1,pcm_memory,memreadbw,SKT0CHAN0,15,195.02,MB/s
correlation-fio-randwrite-cores1,pcm_memory,memreadbw,SKT0CHAN0,16,190.89,MB/s
correlation-fio-randwrite-cores1,pcm_memory,memreadbw,SKT0CHAN0,17,192.95,MB/s
correlation-fio-randwrite-cores1,pcm_memory,memreadbw,SKT0CHAN0,18,190.95,MB/s
correlation-fio-randwrite-cores1,pcm_memory,memreadbw,SKT0CHAN0,19,191.59,MB/s
correlation-fio-randwrite-cores1,pcm_memory,memreadbw,SKT0CHAN0,20,188.57,MB/s
correlation-fio-randwrite-cores1,pcm_memory,memreadbw,SKT0CHAN0,21,191.32,MB/s
correlation-fio-randwrite-cores1,pcm_memory,memreadbw,SKT0CHAN0,22,190.46,MB/s
correlation-fio-randwrite-cores1,pcm_memory,memreadbw,SKT0CHAN0,23,198.64,MB/s
correlation-fio-randwrite-cores1,pcm_memory,memreadbw,SKT0CHAN0,24,184.88,MB/s
correlation-fio-randwrite-cores1,pcm_memory,memreadbw,SKT0CHAN0,25,193.41,MB/s
correlation-fio-randwrite-cores1,pcm_memory,memreadbw,SKT0CHAN0,26,186.62,MB/s
correlation-fio-randwrite-cores1,pcm_memory,memreadbw,SKT0CHAN0,27,190.16,MB/s
correlation-fio-randwrite-cores1,pcm_memory,memreadbw,SKT0CHAN0,28,192.42,MB/s
correlation-fio-randwrite-cores1,pcm_memory,memreadbw,SKT0CHAN0,29,195.2,MB/s
correlation-fio-randwrite-cores1,pcm_memory,memreadbw,SKT0CHAN0,30,191.06,MB/s
correlation-fio-randwrite-cores1,pcm_memory,memreadbw,SKT0CHAN0,31,193.93,MB/s
correlation-fio-randwrite-cores1,pcm_memory,memreadbw,SKT0CHAN0,32,187.78,MB/s
correlation-fio-randwrite-cores1,pcm_memory,memreadbw,SKT0CHAN0,33,192.76,MB/s
correlation-fio-randwrite-cores1,pcm_memory,memreadbw,SKT0CHAN0,34,195.38,MB/s
correlation-fio-randwrite-cores1,pcm_memory,memreadbw,SKT0CHAN0,35,185.67,MB/s
correlation-fio-randwrite-cores1,pcm_memory,memreadbw,SKT0CHAN0,36,192.1,MB/s
correlation-fio-randwrite-cores1,pcm_memory,memreadbw,SKT0CHAN0,37,187.24,MB/s
correlation-fio-randwrite-cores1,pcm_memory,memreadbw,SKT0CHAN0,38,189.1,MB/s
correlation-fio-randwrite-cores1,pcm_memory,memreadbw,SKT0CHAN0,39,193.78,MB/s
correlation-fio-randwrite-cores1,pcm_memory,memreadbw,SKT0CHAN0,40,194.05,MB/s
correlation-fio-randwrite-cores1,pcm_memory,memreadbw,SKT0CHAN0,41,186.17,MB/s
correlation-fio-randwrite-cores1,pcm_memory,memreadbw,SKT0CHAN0,42,191.06,MB/s
correlation-fio-randwrite-cores1,pcm_memory,memreadbw,SKT0CHAN0,43,187.41,MB/s
correlation-fio-randwrite-cores1,pcm_memory,memreadbw,SKT0CHAN0,44,194.56,MB/s
correlation-fio-randwrite-cores1,pcm_memory,memreadbw,SKT0CHAN0,45,191.54,MB/s
correlation-fio-randwrite-cores1,pcm_memory,memreadbw,SKT0CHAN0,46,196.43,MB/s
correlation-fio-randwrite-cores1,pcm_memory,memreadbw,SKT0CHAN0,47,188.67,MB/s
correlation-fio-randwrite-cores1,pcm_memory,memreadbw,SKT0CHAN0,48,189.87,MB/s
correlation-fio-randwrite-cores1,pcm_memory,memreadbw,SKT0CHAN0,49,190.96,MB/s
correlation-fio-randwrite-cores1,pcm_memory,memreadbw,SKT0CHAN0,50,192.0,MB/s
correlation-fio-randwrite-cores1,pcm_memory,memreadbw,SKT0CHAN0,51,201.89,MB/s
correlation-fio-randwrite-cores1,pcm_memory,memreadbw,SKT0CHAN0,52,186.24,MB/s
correlation-fio-randwrite-cores1,pcm_memory,memreadbw,SKT0CHAN0,53,191.77,MB/s
correlation-fio-randwrite-cores1,pcm_memory,memreadbw,SKT0CHAN0,54,187.33,MB/s
correlation-fio-randwrite-cores1,pcm_memory,memreadbw,SKT0CHAN0,55,196.1,MB/s
correlation-fio-randwrite-cores1,pcm_memory,memreadbw,SKT0CHAN0,56,186.44,MB/s
correlation-fio-randwrite-cores1,pcm_memory,memreadbw,SKT0CHAN0,57,193.31,MB/s
correlation-fio-randwrite-cores1,pcm_memory,memreadbw,SKT0CHAN0,58,187.14,MB/s
correlation-fio-randwrite-cores1,pcm_memory,memreadbw,SKT0CHAN0,59,190.16,MB/s
correlation-fio-randwrite-cores1,pcm_memory,memreadbw,SKT0CHAN1,0,194.29,MB/s
correlation-fio-randwrite-cores1,pcm_memory,memreadbw,SKT0CHAN1,1,195.75,MB/s
correlation-fio-randwrite-cores1,pcm_memory,memreadbw,SKT0CHAN1,2,187.46,MB/s
correlation-fio-randwrite-cores1,pcm_memory,memreadbw,SKT0CHAN1,3,199.8,MB/s
correlation-fio-randwrite-cores1,pcm_memory,memreadbw,SKT0CHAN1,4,197.69,MB/s
correlation-fio-randwrite-cores1,pcm_memory,memreadbw,SKT0CHAN1,5,189.91,MB/s
correlation-fio-randwrite-cores1,pcm_memory,memreadbw,SKT0CHAN1,6,191.86,MB/s
correlation-fio-randwrite-cores1,pcm_memory,memreadbw,SKT0CHAN1,7,192.03,MB/s
correlation-fio-randwrite-cores1,pcm_memory,memreadbw,SKT0CHAN1,8,194.5,MB/s
correlation-fio-randwrite-cores1,pcm_memory,memreadbw,SKT0CHAN1,9,185.96,MB/s
correlation-fio-randwrite-cores1,pcm_memory,memreadbw,SKT0CHAN1,10,192.2,MB/s
correlation-fio-randwrite-cores1,pcm_memory,memreadbw,SKT0CHAN1,11,187.44,MB/s
correlation-fio-randwrite-cores1,pcm_memory,memreadbw,SKT0CHAN1,12,198.45,MB/s
correlation-fio-randwrite-cores1,pcm_memory,memreadbw,SKT0CHAN1,13,186.99,MB/s
correlation-fio-randwrite-cores1,pcm_memory,memreadbw,SKT0CHAN1,14,192.67,MB/s
correlation-fio-randwrite-cores1,pcm_memory,memreadbw,SKT0CHAN1,15,195.64,MB/s
correlation-fio-randwrite-cores1,pcm_memory,memreadbw,SKT0CHAN1,16,191.54,MB/s
correlation-fio-randwrite-cores1,pcm_memory,memreadbw,SKT0CHAN1,17,193.56,MB/s
correlation-fio-randwrite-cores1,pcm_memory,memreadbw,SKT0CHAN1,18,191.57,MB/s
correlation-fio-randwrite-cores1,pcm_memory,memreadbw,SKT0CHAN1,19,192.2,MB/s
correlation-fio-randwrite-cores1,pcm_memory,memreadbw,SKT0CHAN1,20,189.19,MB/s
correlation-fio-randwrite-cores1,pcm_memory,memreadbw,SKT0CHAN1,21,191.92,MB/s
correlation-fio-randwrite-cores1,pcm_memory,memreadbw,SKT0CHAN1,22,191.09,MB/s
correlation-fio-randwrite-cores1,pcm_memory,memreadbw,SKT0CHAN1,23,199.27,MB/s
correlation-fio-randwrite-cores1,pcm_memory,memreadbw,SKT0CHAN1,24,185.5,MB/s
correlation-fio-randwrite-cores1,pcm_memory,memreadbw,SKT0CHAN1,25,194.05,MB/s
correlation-fio-randwrite-cores1,pcm_memory,memreadbw,SKT0CHAN1,26,187.24,MB/s
correlation-fio-randwrite-cores1,pcm_memory,memreadbw,SKT0CHAN1,27,190.8,MB/s
correlation-fio-randwrite-cores1,pcm_memory,memreadbw,SKT0CHAN1,28,193.03,MB/s
correlation-fio-randwrite-cores1,pcm_memory,memreadbw,SKT0CHAN1,29,195.85,MB/s
correlation-fio-randwrite-cores1,pcm_memory,memreadbw,SKT0CHAN1,30,191.69,MB/s
correlation-fio-randwrite-cores1,pcm_memory,memreadbw,SKT0CHAN1,31,194.53,MB/s
correlation-fio-randwrite-cores1,pcm_memory,memreadbw,SKT0CHAN1,32,188.39,MB/s
correlation-fio-randwrite-cores1,pcm_memory,memreadbw,SKT0CHAN1,33,193.39,MB/s
correlation-fio-randwrite-cores1,pcm_memory,memreadbw,SKT0CHAN1,34,196.02,MB/s
correlation-fio-randwrite-cores1,pcm_memory,memreadbw,SKT0CHAN1,35,186.31,MB/s
correlation-fio-randwrite-cores1,pcm_memory,memreadbw,SKT0CHAN1,36,192.74,MB/s
correlation-fio-randwrite-cores1,pcm_memory,memreadbw,SKT0CHAN1,37,187.87,MB/s
correlation-fio-randwrite-cores1,pcm_memory,memreadbw,SKT0CHAN1,38,189.75,MB/s
correlation-fio-randwrite-cores1,pcm_memory,memreadbw,SKT0CHAN1,39,194.39,MB/s
correlation-fio-randwrite-cores1,pcm_memory,memreadbw,SKT0CHAN1,40,194.65,MB/s
correlation-fio-randwrite-cores1,pcm_memory,memreadbw,SKT0CHAN1,41,186.78,MB/s
correlation-fio-randwrite-cores1,pcm_memory,memreadbw,SKT0CHAN1,42,191.68,MB/s
correlation-fio-randwrite-cores1,pcm_memory,memreadbw,SKT0CHAN1,43,188.04,MB/s
correlation-fio-randwrite-cores1,pcm_memory,memreadbw,SKT0CHAN1,44,195.17,MB/s
correlation-fio-randwrite-cores1,pcm_memory,memreadbw,SKT0CHAN1,45,192.19,MB/s
correlation-fio-randwrite-cores1,pcm_memory,memreadbw,SKT0CHAN1,46,197.1,MB/s
correlation-fio-randwrite-cores1,pcm_memory,memreadbw,SKT0CHAN1,47,189.28,MB/s
correlation-fio-randwrite-cores1,pcm_memory,memreadbw,SKT0CHAN1,48,190.45,MB/s
correlation-fio-randwrite-cores1,pcm_memory,memreadbw,SKT0CHAN1,49,191.55,MB/s
correlation-fio-randwrite-cores1,pcm_memory,memreadbw,SKT0CHAN1,50,192.6,MB/s
correlation-fio-randwrite-cores1,pcm_memory,memreadbw,SKT0CHAN1,51,202.54,MB/s
correlation-fio-randwrite-cores1,pcm_memory,memreadbw,SKT0CHAN1,52,186.87,MB/s
correlation-fio-randwrite-cores1,pcm_memory,memreadbw,SKT0CHAN1,53,192.4,MB/s
correlation-fio-randwrite-cores1,pcm_memory,memreadbw,SKT0CHAN1,54,187.95,MB/s
correlation-fio-randwrite-cores1,pcm_memory,memreadbw,SKT0CHAN1,55,196.71,MB/s
correlation-fio-randwrite-cores1,pcm_memory,memreadbw,SKT0CHAN1,56,187.05,MB/s
correlation-fio-randwrite-cores1,pcm_memory,memreadbw,SKT0CHAN1,57,193.93,MB/s
correlation-fio-randwrite-cores1,pcm_memory,memreadbw,SKT0CHAN1,58,187.77,MB/s
correlation-fio-randwrite-cores1,pcm_memory,memreadbw,SKT0CHAN1,59,190.8,MB/s
correlation-fio-randwrite-cores1,pcm_memory,memreadbw,SKT0CHAN2,0,193.55,MB/s
correlation-fio-randwrite-cores1,pcm_memory,memreadbw,SKT0CHAN2,1,195.09,MB/s
correlation-fio-randwrite-cores1,pcm_memory,memreadbw,SKT0CHAN2,2,186.82,MB/s
correlation-fio-randwrite-cores1,pcm_memory,memreadbw,SKT0CHAN2,3,199.09,MB/s
correlation-fio-randwrite-cores1,pcm_memory,memreadbw,SKT0CHAN2,4,196.96,MB/s
correlation-fio-randwrite-cores1,pcm_memory,memreadbw,SKT0CHAN2,5,189.25,MB/s
correlation-fio-randwrite-cores1,pcm_memory,memreadbw,SKT0CHAN2,6,191.17,MB/s
correlation-fio-randwrite-cores1,pcm_memory,memreadbw,SKT0CHAN2,7,191.34,MB/s
correlation-fio-randwrite-cores1,pcm_memory,memreadbw,SKT0CHAN2,8,193.87,MB/s
correlation-fio-randwrite-cores1,pcm_memory,memreadbw,SKT0CHAN2,9,185.31,MB/s
correlation-fio-randwrite-cores1,pcm_memory,memreadbw,SKT0CHAN2,10,191.52,MB/s
correlation-fio-randwrite-cores1,pcm_memory,memreadbw,SKT0CHAN2,11,186.77,MB/s
correlation-fio-randwrite-cores1,pcm_memory,memreadbw,SKT0CHAN2,12,197.78,MB/s
correlation-fio-randwrite-cores1,pcm_memory,memreadbw,SKT0CHAN2,13,186.35,MB/s
correlation-fio-randwrite-cores1,pcm_memory,memreadbw,SKT0CHAN2,14,192.0,MB/s
correlation-fio-randwrite-cores1,pcm_memory,memreadbw,SKT0CHAN2,15,194.9,MB/s
correlation-fio-randwrite-cores1,pcm_memory,memreadbw,SKT0CHAN2,16,190.86,MB/s
correlation-fio-randwrite-cores1,pcm_memory,memreadbw,SKT0CHAN2,17,192.88,MB/s
correlation-fio-randwrite-cores1,pcm_memory,memreadbw,SKT0CHAN2,18,190.9,MB/s
correlation-fio-randwrite-cores1,pcm_memory,memreadbw,SKT0CHAN2,19,191.55,MB/s
correlation-fio-randwrite-cores1,pcm_memory,memreadbw,SKT0CHAN2,20,188.54,MB/s
correlation-fio-randwrite-cores1,pcm_memory,memreadbw,SKT0CHAN2,21,191.27,MB/s
correlation-fio-randwrite-cores1,pcm_memory,memreadbw,SKT0CHAN2,22,190.41,MB/s
correlation-fio-randwrite-cores1,pcm_memory,memreadbw,SKT0CHAN2,23,198.59,MB/s
correlation-fio-randwrite-cores1,pcm_memory,memreadbw,SKT0CHAN2,24,184.84,MB/s
correlation-fio-randwrite-cores1,pcm_memory,memreadbw,SKT0CHAN2,25,193.38,MB/s
correlation-fio-randwrite-cores1,pcm_memory,memreadbw,SKT0CHAN2,26,186.56,MB/s
correlation-fio-randwrite-cores1,pcm_memory,memreadbw,SKT0CHAN2,27,190.11,MB/s
correlation-fio-randwrite-cores1,pcm_memory,memreadbw,SKT0CHAN2,28,192.37,MB/s
correlation-fio-randwrite-cores1,pcm_memory,memreadbw,SKT0CHAN2,29,195.16,MB/s
correlation-fio-randwrite-cores1,pcm_memory,memreadbw,SKT0CHAN2,30,190.96,MB/s
correlation-fio-randwrite-cores1,pcm_memory,memreadbw,SKT0CHAN2,31,193.87,MB/s
correlation-fio-randwrite-cores1,pcm_memory,memreadbw,SKT0CHAN2,32,187.72,MB/s
correlation-fio-randwrite-cores1,pcm_memory,memreadbw,SKT0CHAN2,33,192.67,MB/s
correlation-fio-randwrite-cores1,pcm_memory,memreadbw,SKT0CHAN2,34,195.37,MB/s
correlation-fio-randwrite-cores1,pcm_memory,memreadbw,SKT0CHAN2,35,185.64,MB/s
correlation-fio-randwrite-cores1,pcm_memory,memreadbw,SKT0CHAN2,36,192.08,MB/s
correlation-fio-randwrite-cores1,pcm_memory,memreadbw,SKT0CHAN2,37,187.19,MB/s
correlation-fio-randwrite-cores1,pcm_memory,memreadbw,SKT0CHAN2,38,189.08,MB/s
correlation-fio-randwrite-cores1,pcm_memory,memreadbw,SKT0CHAN2,39,193.73,MB/s
correlation-fio-randwrite-cores1,pcm_memory,memreadbw,SKT0CHAN2,40,194.0,MB/s
correlation-fio-randwrite-cores1,pcm_memory,memreadbw,SKT0CHAN2,41,186.11,MB/s
correlation-fio-randwrite-cores1,pcm_memory,memreadbw,SKT0CHAN2,42,191.03,MB/s
correlation-fio-randwrite-cores1,pcm_memory,memreadbw,SKT0CHAN2,43,187.4,MB/s
correlation-fio-randwrite-cores1,pcm_memory,memreadbw,SKT0CHAN2,44,194.52,MB/s
correlation-fio-randwrite-cores1,pcm_memory,memreadbw,SKT0CHAN2,45,191.48,MB/s
correlation-fio-randwrite-cores1,pcm_memory,memreadbw,SKT0CHAN2,46,196.39,MB/s
correlation-fio-randwrite-cores1,pcm_memory,memreadbw,SKT0CHAN2,47,188.62,MB/s
correlation-fio-randwrite-cores1,pcm_memory,memreadbw,SKT0CHAN2,48,189.82,MB/s
correlation-fio-randwrite-cores1,pcm_memory,memreadbw,SKT0CHAN2,49,190.9,MB/s
correlation-fio-randwrite-cores1,pcm_memory,memreadbw,SKT0CHAN2,50,191.93,MB/s
correlation-fio-randwrite-cores1,pcm_memory,memreadbw,SKT0CHAN2,51,201.81,MB/s
correlation-fio-randwrite-cores1,pcm_memory,memreadbw,SKT0CHAN2,52,186.19,MB/s
correlation-fio-randwrite-cores1,pcm_memory,memreadbw,SKT0CHAN2,53,191.74,MB/s
correlation-fio-randwrite-cores1,pcm_memory,memreadbw,SKT0CHAN2,54,187.29,MB/s
correlation-fio-randwrite-cores1,pcm_memory,memreadbw,SKT0CHAN2,55,196.05,MB/s
correlation-fio-randwrite-cores1,pcm_memory,memreadbw,SKT0CHAN2,56,186.37,MB/s
correlation-fio-randwrite-cores1,pcm_memory,memreadbw,SKT0CHAN2,57,193.25,MB/s
correlation-fio-randwrite-cores1,pcm_memory,memreadbw,SKT0CHAN2,58,187.06,MB/s
correlation-fio-randwrite-cores1,pcm_memory,memreadbw,SKT0CHAN2,59,190.1,MB/s
correlation-fio-randwrite-cores1,pcm_memory,memreadbw,SKT0CHAN3,0,194.18,MB/s
correlation-fio-randwrite-cores1,pcm_memory,memreadbw,SKT0CHAN3,1,195.76,MB/s
correlation-fio-randwrite-cores1,pcm_memory,memreadbw,SKT0CHAN3,2,187.47,MB/s
correlation-fio-randwrite-cores1,pcm_memory,memreadbw,SKT0CHAN3,3,199.75,MB/s
correlation-fio-randwrite-cores1,pcm_memory,memreadbw,SKT0CHAN3,4,197.55,MB/s
correlation-fio-randwrite-cores1,pcm_memory,memreadbw,SKT0CHAN3,5,189.9,MB/s
correlation-fio-randwrite-cores1,pcm_memory,memreadbw,SKT0CHAN3,6,191.83,MB/s
correlation-fio-randwrite-cores1,pcm_memory,memreadbw,SKT0CHAN3,7,192.02,MB/s
correlation-fio-randwrite-cores1,pcm_memory,memreadbw,SKT0CHAN3,8,194.53,MB/s
correlation-fio-randwrite-cores1,pcm_memory,memreadbw,SKT0CHAN3,9,185.98,MB/s
correlation-fio-randwrite-cores1,pcm_memory,memreadbw,SKT0CHAN3,10,192.17,MB/s
correlation-fio-randwrite-cores1,pcm_memory,memreadbw,SKT0CHAN3,11,187.42,MB/s
correlation-fio-randwrite-cores1,pcm_memory,memreadbw,SKT0CHAN3,12,198.42,MB/s
correlation-fio-randwrite-cores1,pcm_memory,memreadbw,SKT0CHAN3,13,187.0,MB/s
correlation-fio-randwrite-cores1,pcm_memory,memreadbw,SKT0CHAN3,14,192.64,MB/s
correlation-fio-randwrite-cores1,pcm_memory,memreadbw,SKT0CHAN3,15,195.52,MB/s
correlation-fio-randwrite-cores1,pcm_memory,memreadbw,SKT0CHAN3,16,191.49,MB/s
correlation-fio-randwrite-cores1,pcm_memory,memreadbw,SKT0CHAN3,17,193.55,MB/s
correlation-fio-randwrite-cores1,pcm_memory,memreadbw,SKT0CHAN3,18,191.54,MB/s
correlation-fio-randwrite-cores1,pcm_memory,memreadbw,SKT0CHAN3,19,192.18,MB/s
correlation-fio-randwrite-cores1,pcm_memory,memreadbw,SKT0CHAN3,20,189.2,MB/s
correlation-fio-randwrite-cores1,pcm_memory,memreadbw,SKT0CHAN3,21,191.95,MB/s
correlation-fio-randwrite-cores1,pcm_memory,memreadbw,SKT0CHAN3,22,191.1,MB/s
correlation-fio-randwrite-cores1,pcm_memory,memreadbw,SKT0CHAN3,23,199.28,MB/s
correlation-fio-randwrite-cores1,pcm_memory,memreadbw,SKT0CHAN3,24,185.49,MB/s
correlation-fio-randwrite-cores1,pcm_memory,memreadbw,SKT0CHAN3,25,194.03,MB/s
correlation-fio-randwrite-cores1,pcm_memory,memreadbw,SKT0CHAN3,26,187.21,MB/s
correlation-fio-randwrite-cores1,pcm_memory,memreadbw,SKT0CHAN3,27,190.75,MB/s
correlation-fio-randwrite-cores1,pcm_memory,memreadbw,SKT0CHAN3,28,192.98,MB/s
correlation-fio-randwrite-cores1,pcm_memory,memreadbw,SKT0CHAN3,29,195.79,MB/s
correlation-fio-randwrite-cores1,pcm_memory,memreadbw,SKT0CHAN3,30,191.64,MB/s
correlation-fio-randwrite-cores1,pcm_memory,memreadbw,SKT0CHAN3,31,194.49,MB/s
correlation-fio-randwrite-cores1,pcm_memory,memreadbw,SKT0CHAN3,32,188.38,MB/s
correlation-fio-randwrite-cores1,pcm_memory,memreadbw,SKT0CHAN3,33,193.38,MB/s
correlation-fio-randwrite-cores1,pcm_memory,memreadbw,SKT0CHAN3,34,196.04,MB/s
correlation-fio-randwrite-cores1,pcm_memory,memreadbw,SKT0CHAN3,35,186.32,MB/s
correlation-fio-randwrite-cores1,pcm_memory,memreadbw,SKT0CHAN3,36,192.76,MB/s
correlation-fio-randwrite-cores1,pcm_memory,memreadbw,SKT0CHAN3,37,187.86,MB/s
correlation-fio-randwrite-cores1,pcm_memory,memreadbw,SKT0CHAN3,38,189.75,MB/s
correlation-fio-randwrite-cores1,pcm_memory,memreadbw,SKT0CHAN3,39,194.4,MB/s
correlation-fio-randwrite-cores1,pcm_memory,memreadbw,SKT0CHAN3,40,194.65,MB/s
correlation-fio-randwrite-cores1,pcm_memory,memreadbw,SKT0CHAN3,41,186.78,MB/s
correlation-fio-randwrite-cores1,pcm_memory,memreadbw,SKT0CHAN3,42,191.67,MB/s
correlation-fio-randwrite-cores1,pcm_memory,memreadbw,SKT0CHAN3,43,188.02,MB/s
correlation-fio-randwrite-cores1,pcm_memory,memreadbw,SKT0CHAN3,44,195.16,MB/s
correlation-fio-randwrite-cores1,pcm_memory,memreadbw,SKT0CHAN3,45,192.13,MB/s
correlation-fio-randwrite-cores1,pcm_memory,memreadbw,SKT0CHAN3,46,197.02,MB/s
correlation-fio-randwrite-cores1,pcm_memory,memreadbw,SKT0CHAN3,47,189.28,MB/s
correlation-fio-randwrite-cores1,pcm_memory,memreadbw,SKT0CHAN3,48,190.49,MB/s
correlation-fio-randwrite-cores1,pcm_memory,memreadbw,SKT0CHAN3,49,191.55,MB/s
correlation-fio-randwrite-cores1,pcm_memory,memreadbw,SKT0CHAN3,50,192.6,MB/s
correlation-fio-randwrite-cores1,pcm_memory,memreadbw,SKT0CHAN3,51,202.46,MB/s
correlation-fio-randwrite-cores1,pcm_memory,memreadbw,SKT0CHAN3,52,186.86,MB/s
correlation-fio-randwrite-cores1,pcm_memory,memreadbw,SKT0CHAN3,53,192.34,MB/s
correlation-fio-randwrite-cores1,pcm_memory,memreadbw,SKT0CHAN3,54,187.94,MB/s
correlation-fio-randwrite-cores1,pcm_memory,memreadbw,SKT0CHAN3,55,196.69,MB/s
correlation-fio-randwrite-cores1,pcm_memory,memreadbw,SKT0CHAN3,56,187.01,MB/s
correlation-fio-randwrite-cores1,pcm_memory,memreadbw,SKT0CHAN3,57,193.89,MB/s
correlation-fio-randwrite-cores1,pcm_memory,memreadbw,SKT0CHAN3,58,187.74,MB/s
correlation-fio-randwrite-cores1,pcm_memory,memreadbw,SKT0CHAN3,59,190.77,MB/s
correlation-fio-randwrite-cores1,pcm_memory,memreadbw,SKT0CHAN4,0,193.58,MB/s
correlation-fio-randwrite-cores1,pcm_memory,memreadbw,SKT0CHAN4,1,195.15,MB/s
correlation-fio-randwrite-cores1,pcm_memory,memreadbw,SKT0CHAN4,2,186.85,MB/s
correlation-fio-randwrite-cores1,pcm_memory,memreadbw,SKT0CHAN4,3,199.15,MB/s
correlation-fio-randwrite-cores1,pcm_memory,memreadbw,SKT0CHAN4,4,196.94,MB/s
correlation-fio-randwrite-cores1,pcm_memory,memreadbw,SKT0CHAN4,5,189.32,MB/s
correlation-fio-randwrite-cores1,pcm_memory,memreadbw,SKT0CHAN4,6,191.21,MB/s
correlation-fio-randwrite-cores1,pcm_memory,memreadbw,SKT0CHAN4,7,191.42,MB/s
correlation-fio-randwrite-cores1,pcm_memory,memreadbw,SKT0CHAN4,8,193.91,MB/s
correlation-fio-randwrite-cores1,pcm_memory,memreadbw,SKT0CHAN4,9,185.35,MB/s
correlation-fio-randwrite-cores1,pcm_memory,memreadbw,SKT0CHAN4,10,191.55,MB/s
correlation-fio-randwrite-cores1,pcm_memory,memreadbw,SKT0CHAN4,11,186.79,MB/s
correlation-fio-randwrite-cores1,pcm_memory,memreadbw,SKT0CHAN4,12,197.8,MB/s
correlation-fio-randwrite-cores1,pcm_memory,memreadbw,SKT0CHAN4,13,186.39,MB/s
correlation-fio-randwrite-cores1,pcm_memory,memreadbw,SKT0CHAN4,14,192.05,MB/s
correlation-fio-randwrite-cores1,pcm_memory,memreadbw,SKT0CHAN4,15,194.92,MB/s
correlation-fio-randwrite-cores1,pcm_memory,memreadbw,SKT0CHAN4,16,190.87,MB/s
correlation-fio-randwrite-cores1,pcm_memory,memreadbw,SKT0CHAN4,17,192.91,MB/s
correlation-fio-randwrite-cores1,pcm_memory,memreadbw,SKT0CHAN4,18,190.92,MB/s
correlation-fio-randwrite-cores1,pcm_memory,memreadbw,SKT0CHAN4,19,191.57,MB/s
correlation-fio-randwrite-cores1,pcm_memory,memreadbw,SKT0CHAN4,20,188.58,MB/s
correlation-fio-randwrite-cores1,pcm_memory,memreadbw,SKT0CHAN4,21,191.28,MB/s
correlation-fio-randwrite-cores1,pcm_memory,memreadbw,SKT0CHAN4,22,190.45,MB/s
correlation-fio-randwrite-cores1,pcm_memory,memreadbw,SKT0CHAN4,23,198.67,MB/s
correlation-fio-randwrite-cores1,pcm_memory,memreadbw,SKT0CHAN4,24,184.88,MB/s
correlation-fio-randwrite-cores1,pcm_memory,memreadbw,SKT0CHAN4,25,193.42,MB/s
correlation-fio-randwrite-cores1,pcm_memory,memreadbw,SKT0CHAN4,26,186.59,MB/s
correlation-fio-randwrite-cores1,pcm_memory,memreadbw,SKT0CHAN4,27,190.13,MB/s
correlation-fio-randwrite-cores1,pcm_memory,memreadbw,SKT0CHAN4,28,192.39,MB/s
correlation-fio-randwrite-cores1,pcm_memory,memreadbw,SKT0CHAN4,29,195.18,MB/s
correlation-fio-randwrite-cores1,pcm_memory,memreadbw,SKT0CHAN4,30,191.04,MB/s
correlation-fio-randwrite-cores1,pcm_memory,memreadbw,SKT0CHAN4,31,193.89,MB/s
correlation-fio-randwrite-cores1,pcm_memory,memreadbw,SKT0CHAN4,32,187.76,MB/s
correlation-fio-randwrite-cores1,pcm_memory,memreadbw,SKT0CHAN4,33,192.73,MB/s
correlation-fio-randwrite-cores1,pcm_memory,memreadbw,SKT0CHAN4,34,195.4,MB/s
correlation-fio-randwrite-cores1,pcm_memory,memreadbw,SKT0CHAN4,35,185.66,MB/s
correlation-fio-randwrite-cores1,pcm_memory,memreadbw,SKT0CHAN4,36,192.12,MB/s
correlation-fio-randwrite-cores1,pcm_memory,memreadbw,SKT0CHAN4,37,187.23,MB/s
correlation-fio-randwrite-cores1,pcm_memory,memreadbw,SKT0CHAN4,38,189.1,MB/s
correlation-fio-randwrite-cores1,pcm_memory,memreadbw,SKT0CHAN4,39,193.77,MB/s
correlation-fio-randwrite-cores1,pcm_memory,memreadbw,SKT0CHAN4,40,194.03,MB/s
correlation-fio-randwrite-cores1,pcm_memory,memreadbw,SKT0CHAN4,41,186.15,MB/s
correlation-fio-randwrite-cores1,pcm_memory,memreadbw,SKT0CHAN4,42,191.04,MB/s
correlation-fio-randwrite-cores1,pcm_memory,memreadbw,SKT0CHAN4,43,187.39,MB/s
correlation-fio-randwrite-cores1,pcm_memory,memreadbw,SKT0CHAN4,44,194.54,MB/s
correlation-fio-randwrite-cores1,pcm_memory,memreadbw,SKT0CHAN4,45,191.48,MB/s
correlation-fio-randwrite-cores1,pcm_memory,memreadbw,SKT0CHAN4,46,196.41,MB/s
correlation-fio-randwrite-cores1,pcm_memory,memreadbw,SKT0CHAN4,47,188.65,MB/s
correlation-fio-randwrite-cores1,pcm_memory,memreadbw,SKT0CHAN4,48,189.86,MB/s
correlation-fio-randwrite-cores1,pcm_memory,memreadbw,SKT0CHAN4,49,190.95,MB/s
correlation-fio-randwrite-cores1,pcm_memory,memreadbw,SKT0CHAN4,50,191.98,MB/s
correlation-fio-randwrite-cores1,pcm_memory,memreadbw,SKT0CHAN4,51,201.78,MB/s
correlation-fio-randwrite-cores1,pcm_memory,memreadbw,SKT0CHAN4,52,186.22,MB/s
correlation-fio-randwrite-cores1,pcm_memory,memreadbw,SKT0CHAN4,53,191.76,MB/s
correlation-fio-randwrite-cores1,pcm_memory,memreadbw,SKT0CHAN4,54,187.31,MB/s
correlation-fio-randwrite-cores1,pcm_memory,memreadbw,SKT0CHAN4,55,196.09,MB/s
correlation-fio-randwrite-cores1,pcm_memory,memreadbw,SKT0CHAN4,56,186.4,MB/s
correlation-fio-randwrite-cores1,pcm_memory,memreadbw,SKT0CHAN4,57,193.27,MB/s
correlation-fio-randwrite-cores1,pcm_memory,memreadbw,SKT0CHAN4,58,187.1,MB/s
correlation-fio-randwrite-cores1,pcm_memory,memreadbw,SKT0CHAN4,59,190.14,MB/s
correlation-fio-randwrite-cores1,pcm_memory,memreadbw,SKT0CHAN5,0,193.54,MB/s
correlation-fio-randwrite-cores1,pcm_memory,memreadbw,SKT0CHAN5,1,195.13,MB/s
correlation-fio-randwrite-cores1,pcm_memory,memreadbw,SKT0CHAN5,2,186.85,MB/s
correlation-fio-randwrite-cores1,pcm_memory,memreadbw,SKT0CHAN5,3,199.15,MB/s
correlation-fio-randwrite-cores1,pcm_memory,memreadbw,SKT0CHAN5,4,196.91,MB/s
correlation-fio-randwrite-cores1,pcm_memory,memreadbw,SKT0CHAN5,5,189.29,MB/s
correlation-fio-randwrite-cores1,pcm_memory,memreadbw,SKT0CHAN5,6,191.21,MB/s
correlation-fio-randwrite-cores1,pcm_memory,memreadbw,SKT0CHAN5,7,191.4,MB/s
correlation-fio-randwrite-cores1,pcm_memory,memreadbw,SKT0CHAN5,8,193.91,MB/s
correlation-fio-randwrite-cores1,pcm_memory,memreadbw,SKT0CHAN5,9,185.36,MB/s
correlation-fio-randwrite-cores1,pcm_memory,memreadbw,SKT0CHAN5,10,191.56,MB/s
correlation-fio-randwrite-cores1,pcm_memory,memreadbw,SKT0CHAN5,11,186.8,MB/s
correlation-fio-randwrite-cores1,pcm_memory,memreadbw,SKT0CHAN5,12,197.82,MB/s
correlation-fio-randwrite-cores1,pcm_memory,memreadbw,SKT0CHAN5,13,186.39,MB/s
correlation-fio-randwrite-cores1,pcm_memory,memreadbw,SKT0CHAN5,14,192.05,MB/s
correlation-fio-randwrite-cores1,pcm_memory,memreadbw,SKT0CHAN5,15,194.89,MB/s
correlation-fio-randwrite-cores1,pcm_memory,memreadbw,SKT0CHAN5,16,190.87,MB/s
correlation-fio-randwrite-cores1,pcm_memory,memreadbw,SKT0CHAN5,17,192.93,MB/s
correlation-fio-randwrite-cores1,pcm_memory,memreadbw,SKT0CHAN5,18,190.96,MB/s
correlation-fio-randwrite-cores1,pcm_memory,memreadbw,SKT0CHAN5,19,191.59,MB/s
correlation-fio-randwrite-cores1,pcm_memory,memreadbw,SKT0CHAN5,20,188.58,MB/s
correlation-fio-randwrite-cores1,pcm_memory,memreadbw,SKT0CHAN5,21,191.32,MB/s
correlation-fio-randwrite-cores1,pcm_memory,memreadbw,SKT0CHAN5,22,190.47,MB/s
correlation-fio-randwrite-cores1,pcm_memory,memreadbw,SKT0CHAN5,23,198.67,MB/s
correlation-fio-randwrite-cores1,pcm_memory,memreadbw,SKT0CHAN5,24,184.88,MB/s
correlation-fio-randwrite-cores1,pcm_memory,memreadbw,SKT0CHAN5,25,193.44,MB/s
correlation-fio-randwrite-cores1,pcm_memory,memreadbw,SKT0CHAN5,26,186.63,MB/s
correlation-fio-randwrite-cores1,pcm_memory,memreadbw,SKT0CHAN5,27,190.16,MB/s
correlation-fio-randwrite-cores1,pcm_memory,memreadbw,SKT0CHAN5,28,192.41,MB/s
correlation-fio-randwrite-cores1,pcm_memory,memreadbw,SKT0CHAN5,29,195.21,MB/s
correlation-fio-randwrite-cores1,pcm_memory,memreadbw,SKT0CHAN5,30,191.0,MB/s
correlation-fio-randwrite-cores1,pcm_memory,memreadbw,SKT0CHAN5,31,193.91,MB/s
correlation-fio-randwrite-cores1,pcm_memory,memreadbw,SKT0CHAN5,32,187.77,MB/s
correlation-fio-randwrite-cores1,pcm_memory,memreadbw,SKT0CHAN5,33,192.76,MB/s
correlation-fio-randwrite-cores1,pcm_memory,memreadbw,SKT0CHAN5,34,195.42,MB/s
correlation-fio-randwrite-cores1,pcm_memory,memreadbw,SKT0CHAN5,35,185.68,MB/s
correlation-fio-randwrite-cores1,pcm_memory,memreadbw,SKT0CHAN5,36,192.14,MB/s
correlation-fio-randwrite-cores1,pcm_memory,memreadbw,SKT0CHAN5,37,187.25,MB/s
correlation-fio-randwrite-cores1,pcm_memory,memreadbw,SKT0CHAN5,38,189.13,MB/s
correlation-fio-randwrite-cores1,pcm_memory,memreadbw,SKT0CHAN5,39,193.78,MB/s
correlation-fio-randwrite-cores1,pcm_memory,memreadbw,SKT0CHAN5,40,194.04,MB/s
correlation-fio-randwrite-cores1,pcm_memory,memreadbw,SKT0CHAN5,41,186.16,MB/s
correlation-fio-randwrite-cores1,pcm_memory,memreadbw,SKT0CHAN5,42,191.06,MB/s
correlation-fio-randwrite-cores1,pcm_memory,memreadbw,SKT0CHAN5,43,187.43,MB/s
correlation-fio-randwrite-cores1,pcm_memory,memreadbw,SKT0CHAN5,44,194.56,MB/s
correlation-fio-randwrite-cores1,pcm_memory,memreadbw,SKT0CHAN5,45,191.51,MB/s
correlation-fio-randwrite-cores1,pcm_memory,memreadbw,SKT0CHAN5,46,196.4,MB/s
correlation-fio-randwrite-cores1,pcm_memory,memreadbw,SKT0CHAN5,47,188.66,MB/s
correlation-fio-randwrite-cores1,pcm_memory,memreadbw,SKT0CHAN5,48,189.85,MB/s
correlation-fio-randwrite-cores1,pcm_memory,memreadbw,SKT0CHAN5,49,190.93,MB/s
correlation-fio-randwrite-cores1,pcm_memory,memreadbw,SKT0CHAN5,50,191.97,MB/s
correlation-fio-randwrite-cores1,pcm_memory,memreadbw,SKT0CHAN5,51,201.8,MB/s
correlation-fio-randwrite-cores1,pcm_memory,memreadbw,SKT0CHAN5,52,186.21,MB/s
correlation-fio-randwrite-cores1,pcm_memory,memreadbw,SKT0CHAN5,53,191.75,MB/s
correlation-fio-randwrite-cores1,pcm_memory,memreadbw,SKT0CHAN5,54,187.32,MB/s
correlation-fio-randwrite-cores1,pcm_memory,memreadbw,SKT0CHAN5,55,196.08,MB/s
correlation-fio-randwrite-cores1,pcm_memory,memreadbw,SKT0CHAN5,56,186.4,MB/s
correlation-fio-randwrite-cores1,pcm_memory,memreadbw,SKT0CHAN5,57,193.29,MB/s
correlation-fio-randwrite-cores1,pcm_memory,memreadbw,SKT0CHAN5,58,187.13,MB/s
correlation-fio-randwrite-cores1,pcm_memory,memreadbw,SKT0CHAN5,59,190.16,MB/s
correlation-fio-randwrite-cores1,pcm_memory,memreadbw,SKT0CHAN6,0,193.69,MB/s
correlation-fio-randwrite-cores1,pcm_memory,memreadbw,SKT0CHAN6,1,195.18,MB/s
correlation-fio-randwrite-cores1,pcm_memory,memreadbw,SKT0CHAN6,2,186.88,MB/s
correlation-fio-randwrite-cores1,pcm_memory,memreadbw,SKT0CHAN6,3,199.18,MB/s
correlation-fio-randwrite-cores1,pcm_memory,memreadbw,SKT0CHAN6,4,197.05,MB/s
correlation-fio-randwrite-cores1,pcm_memory,memreadbw,SKT0CHAN6,5,189.32,MB/s
correlation-fio-randwrite-cores1,pcm_memory,memreadbw,SKT0CHAN6,6,191.26,MB/s
correlation-fio-randwrite-cores1,pcm_memory,memreadbw,SKT0CHAN6,7,191.42,MB/s
correlation-fio-randwrite-cores1,pcm_memory,memreadbw,SKT0CHAN6,8,193.93,MB/s
correlation-fio-randwrite-cores1,pcm_memory,memreadbw,SKT0CHAN6,9,185.35,MB/s
correlation-fio-randwrite-cores1,pcm_memory,memreadbw,SKT0CHAN6,10,191.59,MB/s
correlation-fio-randwrite-cores1,pcm_memory,memreadbw,SKT0CHAN6,11,186.83,MB/s
correlation-fio-randwrite-cores1,pcm_memory,memreadbw,SKT0CHAN6,12,197.83,MB/s
correlation-fio-randwrite-cores1,pcm_memory,memreadbw,SKT0CHAN6,13,186.39,MB/s
correlation-fio-randwrite-cores1,pcm_memory,memreadbw,SKT0CHAN6,14,192.07,MB/s
correlation-fio-randwrite-cores1,pcm_memory,memreadbw,SKT0CHAN6,15,195.0,MB/s
correlation-fio-randwrite-cores1,pcm_memory,memreadbw,SKT0CHAN6,16,190.94,MB/s
correlation-fio-randwrite-cores1,pcm_memory,memreadbw,SKT0CHAN6,17,192.96,MB/s
correlation-fio-randwrite-cores1,pcm_memory,memreadbw,SKT0CHAN6,18,190.97,MB/s
correlation-fio-randwrite-cores1,pcm_memory,memreadbw,SKT0CHAN6,19,191.6,MB/s
correlation-fio-randwrite-cores1,pcm_memory,memreadbw,SKT0CHAN6,20,188.59,MB/s
correlation-fio-randwrite-cores1,pcm_memory,memreadbw,SKT0CHAN6,21,191.34,MB/s
correlation-fio-randwrite-cores1,pcm_memory,memreadbw,SKT0CHAN6,22,190.54,MB/s
correlation-fio-randwrite-cores1,pcm_memory,memreadbw,SKT0CHAN6,23,198.67,MB/s
correlation-fio-randwrite-cores1,pcm_memory,memreadbw,SKT0CHAN6,24,184.89,MB/s
correlation-fio-randwrite-cores1,pcm_memory,memreadbw,SKT0CHAN6,25,193.42,MB/s
correlation-fio-randwrite-cores1,pcm_memory,memreadbw,SKT0CHAN6,26,186.62,MB/s
correlation-fio-randwrite-cores1,pcm_memory,memreadbw,SKT0CHAN6,27,190.15,MB/s
correlation-fio-randwrite-cores1,pcm_memory,memreadbw,SKT0CHAN6,28,192.43,MB/s
correlation-fio-randwrite-cores1,pcm_memory,memreadbw,SKT0CHAN6,29,195.23,MB/s
correlation-fio-randwrite-cores1,pcm_memory,memreadbw,SKT0CHAN6,30,191.06,MB/s
correlation-fio-randwrite-cores1,pcm_memory,memreadbw,SKT0CHAN6,31,193.97,MB/s
correlation-fio-randwrite-cores1,pcm_memory,memreadbw,SKT0CHAN6,32,187.8,MB/s
correlation-fio-randwrite-cores1,pcm_memory,memreadbw,SKT0CHAN6,33,192.8,MB/s
correlation-fio-randwrite-cores1,pcm_memory,memreadbw,SKT0CHAN6,34,195.44,MB/s
correlation-fio-randwrite-cores1,pcm_memory,memreadbw,SKT0CHAN6,35,185.71,MB/s
correlation-fio-randwrite-cores1,pcm_memory,memreadbw,SKT0CHAN6,36,192.16,MB/s
correlation-fio-randwrite-cores1,pcm_memory,memreadbw,SKT0CHAN6,37,187.27,MB/s
correlation-fio-randwrite-cores1,pcm_memory,memreadbw,SKT0CHAN6,38,189.17,MB/s
correlation-fio-randwrite-cores1,pcm_memory,memreadbw,SKT0CHAN6,39,193.82,MB/s
correlation-fio-randwrite-cores1,pcm_memory,memreadbw,SKT0CHAN6,40,194.08,MB/s
correlation-fio-randwrite-cores1,pcm_memory,memreadbw,SKT0CHAN6,41,186.19,MB/s
correlation-fio-randwrite-cores1,pcm_memory,memreadbw,SKT0CHAN6,42,191.09,MB/s
correlation-fio-randwrite-cores1,pcm_memory,memreadbw,SKT0CHAN6,43,187.44,MB/s
correlation-fio-randwrite-cores1,pcm_memory,memreadbw,SKT0CHAN6,44,194.58,MB/s
correlation-fio-randwrite-cores1,pcm_memory,memreadbw,SKT0CHAN6,45,191.55,MB/s
correlation-fio-randwrite-cores1,pcm_memory,memreadbw,SKT0CHAN6,46,196.48,MB/s
correlation-fio-randwrite-cores1,pcm_memory,memreadbw,SKT0CHAN6,47,188.67,MB/s
correlation-fio-randwrite-cores1,pcm_memory,memreadbw,SKT0CHAN6,48,189.9,MB/s
correlation-fio-randwrite-cores1,pcm_memory,memreadbw,SKT0CHAN6,49,190.97,MB/s
correlation-fio-randwrite-cores1,pcm_memory,memreadbw,SKT0CHAN6,50,192.01,MB/s
correlation-fio-randwrite-cores1,pcm_memory,memreadbw,SKT0CHAN6,51,201.9,MB/s
correlation-fio-randwrite-cores1,pcm_memory,memreadbw,SKT0CHAN6,52,186.25,MB/s
correlation-fio-randwrite-cores1,pcm_memory,memreadbw,SKT0CHAN6,53,191.79,MB/s
correlation-fio-randwrite-cores1,pcm_memory,memreadbw,SKT0CHAN6,54,187.34,MB/s
correlation-fio-randwrite-cores1,pcm_memory,memreadbw,SKT0CHAN6,55,196.08,MB/s
correlation-fio-randwrite-cores1,pcm_memory,memreadbw,SKT0CHAN6,56,186.43,MB/s
correlation-fio-randwrite-cores1,pcm_memory,memreadbw,SKT0CHAN6,57,193.31,MB/s
correlation-fio-randwrite-cores1,pcm_memory,memreadbw,SKT0CHAN6,58,187.18,MB/s
correlation-fio-randwrite-cores1,pcm_memory,memreadbw,SKT0CHAN6,59,190.2,MB/s
correlation-fio-randwrite-cores1,pcm_memory,memreadbw,SKT0CHAN7,0,193.68,MB/s
correlation-fio-randwrite-cores1,pcm_memory,memreadbw,SKT0CHAN7,1,195.16,MB/s
correlation-fio-randwrite-cores1,pcm_memory,memreadbw,SKT0CHAN7,2,186.9,MB/s
correlation-fio-randwrite-cores1,pcm_memory,memreadbw,SKT0CHAN7,3,199.21,MB/s
correlation-fio-randwrite-cores1,pcm_memory,memreadbw,SKT0CHAN7,4,197.08,MB/s
correlation-fio-randwrite-cores1,pcm_memory,memreadbw,SKT0CHAN7,5,189.33,MB/s
correlation-fio-randwrite-cores1,pcm_memory,memreadbw,SKT0CHAN7,6,191.25,MB/s
correlation-fio-randwrite-cores1,pcm_memory,memreadbw,SKT0CHAN7,7,191.42,MB/s
correlation-fio-randwrite-cores1,pcm_memory,memreadbw,SKT0CHAN7,8,193.93,MB/s
correlation-fio-randwrite-cores1,pcm_memory,memreadbw,SKT0CHAN7,9,185.36,MB/s
correlation-fio-randwrite-cores1,pcm_memory,memreadbw,SKT0CHAN7,10,191.59,MB/s
correlation-fio-randwrite-cores1,pcm_memory,memreadbw,SKT0CHAN7,11,186.85,MB/s
correlation-fio-randwrite-cores1,pcm_memory,memreadbw,SKT0CHAN7,12,197.84,MB/s
correlation-fio-randwrite-cores1,pcm_memory,memreadbw,SKT0CHAN7,13,186.39,MB/s
correlation-fio-randwrite-cores1,pcm_memory,memreadbw,SKT0CHAN7,14,192.05,MB/s
correlation-fio-randwrite-cores1,pcm_memory,memreadbw,SKT0CHAN7,15,195.02,MB/s
correlation-fio-randwrite-cores1,pcm_memory,memreadbw,SKT0CHAN7,16,190.93,MB/s
correlation-fio-randwrite-cores1,pcm_memory,memreadbw,SKT0CHAN7,17,192.97,MB/s
correlation-fio-randwrite-cores1,pcm_memory,memreadbw,SKT0CHAN7,18,190.97,MB/s
correlation-fio-randwrite-cores1,pcm_memory,memreadbw,SKT0CHAN7,19,191.61,MB/s
correlation-fio-randwrite-cores1,pcm_memory,memreadbw,SKT0CHAN7,20,188.6,MB/s
correlation-fio-randwrite-cores1,pcm_memory,memreadbw,SKT0CHAN7,21,191.33,MB/s
correlation-fio-randwrite-cores1,pcm_memory,memreadbw,SKT0CHAN7,22,190.51,MB/s
correlation-fio-randwrite-cores1,pcm_memory,memreadbw,SKT0CHAN7,23,198.7,MB/s
correlation-fio-randwrite-cores1,pcm_memory,memreadbw,SKT0CHAN7,24,184.94,MB/s
correlation-fio-randwrite-cores1,pcm_memory,memreadbw,SKT0CHAN7,25,193.47,MB/s
correlation-fio-randwrite-cores1,pcm_memory,memreadbw,SKT0CHAN7,26,186.65,MB/s
correlation-fio-randwrite-cores1,pcm_memory,memreadbw,SKT0CHAN7,27,190.2,MB/s
correlation-fio-randwrite-cores1,pcm_memory,memreadbw,SKT0CHAN7,28,192.42,MB/s
correlation-fio-randwrite-cores1,pcm_memory,memreadbw,SKT0CHAN7,29,195.23,MB/s
correlation-fio-randwrite-cores1,pcm_memory,memreadbw,SKT0CHAN7,30,191.1,MB/s
correlation-fio-randwrite-cores1,pcm_memory,memreadbw,SKT0CHAN7,31,193.94,MB/s
correlation-fio-randwrite-cores1,pcm_memory,memreadbw,SKT0CHAN7,32,187.77,MB/s
correlation-fio-randwrite-cores1,pcm_memory,memreadbw,SKT0CHAN7,33,192.76,MB/s
correlation-fio-randwrite-cores1,pcm_memory,memreadbw,SKT0CHAN7,34,195.41,MB/s
correlation-fio-randwrite-cores1,pcm_memory,memreadbw,SKT0CHAN7,35,185.71,MB/s
correlation-fio-randwrite-cores1,pcm_memory,memreadbw,SKT0CHAN7,36,192.14,MB/s
correlation-fio-randwrite-cores1,pcm_memory,memreadbw,SKT0CHAN7,37,187.26,MB/s
correlation-fio-randwrite-cores1,pcm_memory,memreadbw,SKT0CHAN7,38,189.14,MB/s
correlation-fio-randwrite-cores1,pcm_memory,memreadbw,SKT0CHAN7,39,193.81,MB/s
correlation-fio-randwrite-cores1,pcm_memory,memreadbw,SKT0CHAN7,40,194.05,MB/s
correlation-fio-randwrite-cores1,pcm_memory,memreadbw,SKT0CHAN7,41,186.18,MB/s
correlation-fio-randwrite-cores1,pcm_memory,memreadbw,SKT0CHAN7,42,191.07,MB/s
correlation-fio-randwrite-cores1,pcm_memory,memreadbw,SKT0CHAN7,43,187.44,MB/s
correlation-fio-randwrite-cores1,pcm_memory,memreadbw,SKT0CHAN7,44,194.58,MB/s
correlation-fio-randwrite-cores1,pcm_memory,memreadbw,SKT0CHAN7,45,191.57,MB/s
correlation-fio-randwrite-cores1,pcm_memory,memreadbw,SKT0CHAN7,46,196.49,MB/s
correlation-fio-randwrite-cores1,pcm_memory,memreadbw,SKT0CHAN7,47,188.7,MB/s
correlation-fio-randwrite-cores1,pcm_memory,memreadbw,SKT0CHAN7,48,189.87,MB/s
correlation-fio-randwrite-cores1,pcm_memory,memreadbw,SKT0CHAN7,49,190.96,MB/s
correlation-fio-randwrite-cores1,pcm_memory,memreadbw,SKT0CHAN7,50,192.01,MB/s
correlation-fio-randwrite-cores1,pcm_memory,memreadbw,SKT0CHAN7,51,201.92,MB/s
correlation-fio-randwrite-cores1,pcm_memory,memreadbw,SKT0CHAN7,52,186.27,MB/s
correlation-fio-randwrite-cores1,pcm_memory,memreadbw,SKT0CHAN7,53,191.8,MB/s
correlation-fio-randwrite-cores1,pcm_memory,memreadbw,SKT0CHAN7,54,187.34,MB/s
correlation-fio-randwrite-cores1,pcm_memory,memreadbw,SKT0CHAN7,55,196.1,MB/s
correlation-fio-randwrite-cores1,pcm_memory,memreadbw,SKT0CHAN7,56,186.44,MB/s
correlation-fio-randwrite-cores1,pcm_memory,memreadbw,SKT0CHAN7,57,193.33,MB/s
correlation-fio-randwrite-cores1,pcm_memory,memreadbw,SKT0CHAN7,58,187.16,MB/s
correlation-fio-randwrite-cores1,pcm_memory,memreadbw,SKT0CHAN7,59,190.18,MB/s
correlation-fio-randwrite-cores1,pcm_memory,memwritebw,SKT0CHAN0,0,3.72,MB/s
correlation-fio-randwrite-cores1,pcm_memory,memwritebw,SKT0CHAN0,1,1.23,MB/s
correlation-fio-randwrite-cores1,pcm_memory,memwritebw,SKT0CHAN0,2,0.96,MB/s
correlation-fio-randwrite-cores1,pcm_memory,memwritebw,SKT0CHAN0,3,3.7,MB/s
correlation-fio-randwrite-cores1,pcm_memory,memwritebw,SKT0CHAN0,4,5.34,MB/s
correlation-fio-randwrite-cores1,pcm_memory,memwritebw,SKT0CHAN0,5,1.06,MB/s
correlation-fio-randwrite-cores1,pcm_memory,memwritebw,SKT0CHAN0,6,0.67,MB/s
correlation-fio-randwrite-cores1,pcm_memory,memwritebw,SKT0CHAN0,7,0.92,MB/s
correlation-fio-randwrite-cores1,pcm_memory,memwritebw,SKT0CHAN0,8,0.83,MB/s
correlation-fio-randwrite-cores1,pcm_memory,memwritebw,SKT0CHAN0,9,0.69,MB/s
correlation-fio-randwrite-cores1,pcm_memory,memwritebw,SKT0CHAN0,10,0.64,MB/s
correlation-fio-randwrite-cores1,pcm_memory,memwritebw,SKT0CHAN0,11,0.68,MB/s
correlation-fio-randwrite-cores1,pcm_memory,memwritebw,SKT0CHAN0,12,0.61,MB/s
correlation-fio-randwrite-cores1,pcm_memory,memwritebw,SKT0CHAN0,13,0.67,MB/s
correlation-fio-randwrite-cores1,pcm_memory,memwritebw,SKT0CHAN0,14,0.89,MB/s
correlation-fio-randwrite-cores1,pcm_memory,memwritebw,SKT0CHAN0,15,4.86,MB/s
correlation-fio-randwrite-cores1,pcm_memory,memwritebw,SKT0CHAN0,16,1.07,MB/s
correlation-fio-randwrite-cores1,pcm_memory,memwritebw,SKT0CHAN0,17,1.13,MB/s
correlation-fio-randwrite-cores1,pcm_memory,memwritebw,SKT0CHAN0,18,0.91,MB/s
correlation-fio-randwrite-cores1,pcm_memory,memwritebw,SKT0CHAN0,19,1.07,MB/s
correlation-fio-randwrite-cores1,pcm_memory,memwritebw,SKT0CHAN0,20,0.92,MB/s
correlation-fio-randwrite-cores1,pcm_memory,memwritebw,SKT0CHAN0,21,0.87,MB/s
correlation-fio-randwrite-cores1,pcm_memory,memwritebw,SKT0CHAN0,22,1.61,MB/s
correlation-fio-randwrite-cores1,pcm_memory,memwritebw,SKT0CHAN0,23,1.38,MB/s
correlation-fio-randwrite-cores1,pcm_memory,memwritebw,SKT0CHAN0,24,1.04,MB/s
correlation-fio-randwrite-cores1,pcm_memory,memwritebw,SKT0CHAN0,25,0.88,MB/s
correlation-fio-randwrite-cores1,pcm_memory,memwritebw,SKT0CHAN0,26,0.81,MB/s
correlation-fio-randwrite-cores1,pcm_memory,memwritebw,SKT0CHAN0,27,0.87,MB/s
correlation-fio-randwrite-cores1,pcm_memory,memwritebw,SKT0CHAN0,28,0.96,MB/s
correlation-fio-randwrite-cores1,pcm_memory,memwritebw,SKT0CHAN0,29,0.78,MB/s
correlation-fio-randwrite-cores1,pcm_memory,memwritebw,SKT0CHAN0,30,4.37,MB/s
correlation-fio-randwrite-cores1,pcm_memory,memwritebw,SKT0CHAN0,31,1.39,MB/s
correlation-fio-randwrite-cores1,pcm_memory,memwritebw,SKT0CHAN0,32,0.68,MB/s
correlation-fio-randwrite-cores1,pcm_memory,memwritebw,SKT0CHAN0,33,1.05,MB/s
correlation-fio-randwrite-cores1,pcm_memory,memwritebw,SKT0CHAN0,34,0.9,MB/s
correlation-fio-randwrite-cores1,pcm_memory,memwritebw,SKT0CHAN0,35,0.87,MB/s
correlation-fio-randwrite-cores1,pcm_memory,memwritebw,SKT0CHAN0,36,0.87,MB/s
correlation-fio-randwrite-cores1,pcm_memory,memwritebw,SKT0CHAN0,37,0.9,MB/s
correlation-fio-randwrite-cores1,pcm_memory,memwritebw,SKT0CHAN0,38,0.91,MB/s
correlation-fio-randwrite-cores1,pcm_memory,memwritebw,SKT0CHAN0,39,0.89,MB/s
correlation-fio-randwrite-cores1,pcm_memory,memwritebw,SKT0CHAN0,40,0.94,MB/s
correlation-fio-randwrite-cores1,pcm_memory,memwritebw,SKT0CHAN0,41,0.78,MB/s
correlation-fio-randwrite-cores1,pcm_memory,memwritebw,SKT0CHAN0,42,0.65,MB/s
correlation-fio-randwrite-cores1,pcm_memory,memwritebw,SKT0CHAN0,43,0.65,MB/s
correlation-fio-randwrite-cores1,pcm_memory,memwritebw,SKT0CHAN0,44,0.75,MB/s
correlation-fio-randwrite-cores1,pcm_memory,memwritebw,SKT0CHAN0,45,3.02,MB/s
correlation-fio-randwrite-cores1,pcm_memory,memwritebw,SKT0CHAN0,46,2.47,MB/s
correlation-fio-randwrite-cores1,pcm_memory,memwritebw,SKT0CHAN0,47,1.17,MB/s
correlation-fio-randwrite-cores1,pcm_memory,memwritebw,SKT0CHAN0,48,0.91,MB/s
correlation-fio-randwrite-cores1,pcm_memory,memwritebw,SKT0CHAN0,49,0.93,MB/s
correlation-fio-randwrite-cores1,pcm_memory,memwritebw,SKT0CHAN0,50,0.9,MB/s
correlation-fio-randwrite-cores1,pcm_memory,memwritebw,SKT0CHAN0,51,4.83,MB/s
correlation-fio-randwrite-cores1,pcm_memory,memwritebw,SKT0CHAN0,52,1.15,MB/s
correlation-fio-randwrite-cores1,pcm_memory,memwritebw,SKT0CHAN0,53,0.73,MB/s
correlation-fio-randwrite-cores1,pcm_memory,memwritebw,SKT0CHAN0,54,0.69,MB/s
correlation-fio-randwrite-cores1,pcm_memory,memwritebw,SKT0CHAN0,55,0.7,MB/s
correlation-fio-randwrite-cores1,pcm_memory,memwritebw,SKT0CHAN0,56,0.6,MB/s
correlation-fio-randwrite-cores1,pcm_memory,memwritebw,SKT0CHAN0,57,0.9,MB/s
correlation-fio-randwrite-cores1,pcm_memory,memwritebw,SKT0CHAN0,58,0.85,MB/s
correlation-fio-randwrite-cores1,pcm_memory,memwritebw,SKT0CHAN0,59,0.81,MB/s
correlation-fio-randwrite-cores1,pcm_memory,memwritebw,SKT0CHAN1,0,3.7,MB/s
correlation-fio-randwrite-cores1,pcm_memory,memwritebw,SKT0CHAN1,1,1.2,MB/s
correlation-fio-randwrite-cores1,pcm_memory,memwritebw,SKT0CHAN1,2,0.92,MB/s
correlation-fio-randwrite-cores1,pcm_memory,memwritebw,SKT0CHAN1,3,3.69,MB/s
correlation-fio-randwrite-cores1,pcm_memory,memwritebw,SKT0CHAN1,4,5.33,MB/s
correlation-fio-randwrite-cores1,pcm_memory,memwritebw,SKT0CHAN1,5,1.05,MB/s
correlation-fio-randwrite-cores1,pcm_memory,memwritebw,SKT0CHAN1,6,0.66,MB/s
correlation-fio-randwrite-cores1,pcm_memory,memwritebw,SKT0CHAN1,7,0.91,MB/s
correlation-fio-randwrite-cores1,pcm_memory,memwritebw,SKT0CHAN1,8,0.81,MB/s
correlation-fio-randwrite-cores1,pcm_memory,memwritebw,SKT0CHAN1,9,0.68,MB/s
correlation-fio-randwrite-cores1,pcm_memory,memwritebw,SKT0CHAN1,10,0.65,MB/s
correlation-fio-randwrite-cores1,pcm_memory,memwritebw,SKT0CHAN1,11,0.66,MB/s
correlation-fio-randwrite-cores1,pcm_memory,memwritebw,SKT0CHAN1,12,0.59,MB/s
correlation-fio-randwrite-cores1,pcm_memory,memwritebw,SKT0CHAN1,13,0.65,MB/s
correlation-fio-randwrite-cores1,pcm_memory,memwritebw,SKT0CHAN1,14,0.86,MB/s
correlation-fio-randwrite-cores1,pcm_memory,memwritebw,SKT0CHAN1,15,4.88,MB/s
correlation-fio-randwrite-cores1,pcm_memory,memwritebw,SKT0CHAN1,16,1.07,MB/s
correlation-fio-randwrite-cores1,pcm_memory,memwritebw,SKT0CHAN1,17,1.11,MB/s
correlation-fio-randwrite-cores1,pcm_memory,memwritebw,SKT0CHAN1,18,0.9,MB/s
correlation-fio-randwrite-cores1,pcm_memory,memwritebw,SKT0CHAN1,19,1.04,MB/s
correlation-fio-randwrite-cores1,pcm_memory,memwritebw,SKT0CHAN1,20,0.91,MB/s
correlation-fio-randwrite-cores1,pcm_memory,memwritebw,SKT0CHAN1,21,0.84,MB/s
correlation-fio-randwrite-cores1,pcm_memory,memwritebw,SKT0CHAN1,22,1.6,MB/s
correlation-fio-randwrite-cores1,pcm_memory,memwritebw,SKT0CHAN1,23,1.39,MB/s
correlation-fio-randwrite-cores1,pcm_memory,memwritebw,SKT0CHAN1,24,1.03,MB/s
correlation-fio-randwrite-cores1,pcm_memory,memwritebw,SKT0CHAN1,25,0.87,MB/s
correlation-fio-randwrite-cores1,pcm_memory,memwritebw,SKT0CHAN1,26,0.8,MB/s
correlation-fio-randwrite-cores1,pcm_memory,memwritebw,SKT0CHAN1,27,0.87,MB/s
correlation-fio-randwrite-cores1,pcm_memory,memwritebw,SKT0CHAN1,28,0.95,MB/s
correlation-fio-randwrite-cores1,pcm_memory,memwritebw,SKT0CHAN1,29,0.78,MB/s
correlation-fio-randwrite-cores1,pcm_memory,memwritebw,SKT0CHAN1,30,4.36,MB/s
correlation-fio-randwrite-cores1,pcm_memory,memwritebw,SKT0CHAN1,31,1.38,MB/s
correlation-fio-randwrite-cores1,pcm_memory,memwritebw,SKT0CHAN1,32,0.66,MB/s
correlation-fio-randwrite-cores1,pcm_memory,memwritebw,SKT0CHAN1,33,1.04,MB/s
correlation-fio-randwrite-cores1,pcm_memory,memwritebw,SKT0CHAN1,34,0.9,MB/s
correlation-fio-randwrite-cores1,pcm_memory,memwritebw,SKT0CHAN1,35,0.87,MB/s
correlation-fio-randwrite-cores1,pcm_memory,memwritebw,SKT0CHAN1,36,0.87,MB/s
correlation-fio-randwrite-cores1,pcm_memory,memwritebw,SKT0CHAN1,37,0.91,MB/s
correlation-fio-randwrite-cores1,pcm_memory,memwritebw,SKT0CHAN1,38,0.9,MB/s
correlation-fio-randwrite-cores1,pcm_memory,memwritebw,SKT0CHAN1,39,0.87,MB/s
correlation-fio-randwrite-cores1,pcm_memory,memwritebw,SKT0CHAN1,40,0.9,MB/s
correlation-fio-randwrite-cores1,pcm_memory,memwritebw,SKT0CHAN1,41,0.78,MB/s
correlation-fio-randwrite-cores1,pcm_memory,memwritebw,SKT0CHAN1,42,0.64,MB/s
correlation-fio-randwrite-cores1,pcm_memory,memwritebw,SKT0CHAN1,43,0.64,MB/s
correlation-fio-randwrite-cores1,pcm_memory,memwritebw,SKT0CHAN1,44,0.72,MB/s
correlation-fio-randwrite-cores1,pcm_memory,memwritebw,SKT0CHAN1,45,3.03,MB/s
correlation-fio-randwrite-cores1,pcm_memory,memwritebw,SKT0CHAN1,46,2.47,MB/s
correlation-fio-randwrite-cores1,pcm_memory,memwritebw,SKT0CHAN1,47,1.15,MB/s
correlation-fio-randwrite-cores1,pcm_memory,memwritebw,SKT0CHAN1,48,0.87,MB/s
correlation-fio-randwrite-cores1,pcm_memory,memwritebw,SKT0CHAN1,49,0.9,MB/s
correlation-fio-randwrite-cores1,pcm_memory,memwritebw,SKT0CHAN1,50,0.89,MB/s
correlation-fio-randwrite-cores1,pcm_memory,memwritebw,SKT0CHAN1,51,4.86,MB/s
correlation-fio-randwrite-cores1,pcm_memory,memwritebw,SKT0CHAN1,52,1.14,MB/s
correlation-fio-randwrite-cores1,pcm_memory,memwritebw,SKT0CHAN1,53,0.7,MB/s
correlation-fio-randwrite-cores1,pcm_memory,memwritebw,SKT0CHAN1,54,0.67,MB/s
correlation-fio-randwrite-cores1,pcm_memory,memwritebw,SKT0CHAN1,55,0.68,MB/s
correlation-fio-randwrite-cores1,pcm_memory,memwritebw,SKT0CHAN1,56,0.58,MB/s
correlation-fio-randwrite-cores1,pcm_memory,memwritebw,SKT0CHAN1,57,0.88,MB/s
correlation-fio-randwrite-cores1,pcm_memory,memwritebw,SKT0CHAN1,58,0.85,MB/s
correlation-fio-randwrite-cores1,pcm_memory,memwritebw,SKT0CHAN1,59,0.8,MB/s
correlation-fio-randwrite-cores1,pcm_memory,memwritebw,SKT0CHAN2,0,3.72,MB/s
correlation-fio-randwrite-cores1,pcm_memory,memwritebw,SKT0CHAN2,1,1.19,MB/s
correlation-fio-randwrite-cores1,pcm_memory,memwritebw,SKT0CHAN2,2,0.93,MB/s
correlation-fio-randwrite-cores1,pcm_memory,memwritebw,SKT0CHAN2,3,3.64,MB/s
correlation-fio-randwrite-cores1,pcm_memory,memwritebw,SKT0CHAN2,4,5.34,MB/s
correlation-fio-randwrite-cores1,pcm_memory,memwritebw,SKT0CHAN2,5,1.04,MB/s
correlation-fio-randwrite-cores1,pcm_memory,memwritebw,SKT0CHAN2,6,0.66,MB/s
correlation-fio-randwrite-cores1,pcm_memory,memwritebw,SKT0CHAN2,7,0.9,MB/s
correlation-fio-randwrite-cores1,pcm_memory,memwritebw,SKT0CHAN2,8,0.82,MB/s
correlation-fio-randwrite-cores1,pcm_memory,memwritebw,SKT0CHAN2,9,0.68,MB/s
correlation-fio-randwrite-cores1,pcm_memory,memwritebw,SKT0CHAN2,10,0.63,MB/s
correlation-fio-randwrite-cores1,pcm_memory,memwritebw,SKT0CHAN2,11,0.66,MB/s
correlation-fio-randwrite-cores1,pcm_memory,memwritebw,SKT0CHAN2,12,0.6,MB/s
correlation-fio-randwrite-cores1,pcm_memory,memwritebw,SKT0CHAN2,13,0.66,MB/s
correlation-fio-randwrite-cores1,pcm_memory,memwritebw,SKT0CHAN2,14,0.87,MB/s
correlation-fio-randwrite-cores1,pcm_memory,memwritebw,SKT0CHAN2,15,4.86,MB/s
correlation-fio-randwrite-cores1,pcm_memory,memwritebw,SKT0CHAN2,16,1.05,MB/s
correlation-fio-randwrite-cores1,pcm_memory,memwritebw,SKT0CHAN2,17,1.08,MB/s
correlation-fio-randwrite-cores1,pcm_memory,memwritebw,SKT0CHAN2,18,0.89,MB/s
correlation-fio-randwrite-cores1,pcm_memory,memwritebw,SKT0CHAN2,19,1.04,MB/s
correlation-fio-randwrite-cores1,pcm_memory,memwritebw,SKT0CHAN2,20,0.89,MB/s
correlation-fio-randwrite-cores1,pcm_memory,memwritebw,SKT0CHAN2,21,0.85,MB/s
correlation-fio-randwrite-cores1,pcm_memory,memwritebw,SKT0CHAN2,22,1.58,MB/s
correlation-fio-randwrite-cores1,pcm_memory,memwritebw,SKT0CHAN2,23,1.36,MB/s
correlation-fio-randwrite-cores1,pcm_memory,memwritebw,SKT0CHAN2,24,1.03,MB/s
correlation-fio-randwrite-cores1,pcm_memory,memwritebw,SKT0CHAN2,25,0.86,MB/s
correlation-fio-randwrite-cores1,pcm_memory,memwritebw,SKT0CHAN2,26,0.79,MB/s
correlation-fio-randwrite-cores1,pcm_memory,memwritebw,SKT0CHAN2,27,0.84,MB/s
correlation-fio-randwrite-cores1,pcm_memory,memwritebw,SKT0CHAN2,28,0.95,MB/s
correlation-fio-randwrite-cores1,pcm_memory,memwritebw,SKT0CHAN2,29,0.77,MB/s
correlation-fio-randwrite-cores1,pcm_memory,memwritebw,SKT0CHAN2,30,4.36,MB/s
correlation-fio-randwrite-cores1,pcm_memory,memwritebw,SKT0CHAN2,31,1.38,MB/s
correlation-fio-randwrite-cores1,pcm_memory,memwritebw,SKT0CHAN2,32,0.65,MB/s
correlation-fio-randwrite-cores1,pcm_memory,memwritebw,SKT0CHAN2,33,1.01,MB/s
correlation-fio-randwrite-cores1,pcm_memory,memwritebw,SKT0CHAN2,34,0.89,MB/s
correlation-fio-randwrite-cores1,pcm_memory,memwritebw,SKT0CHAN2,35,0.86,MB/s
correlation-fio-randwrite-cores1,pcm_memory,memwritebw,SKT0CHAN2,36,0.85,MB/s
correlation-fio-randwrite-cores1,pcm_memory,memwritebw,SKT0CHAN2,37,0.9,MB/s
correlation-fio-randwrite-cores1,pcm_memory,memwritebw,SKT0CHAN2,38,0.89,MB/s
correlation-fio-randwrite-cores1,pcm_memory,memwritebw,SKT0CHAN2,39,0.87,MB/s
correlation-fio-randwrite-cores1,pcm_memory,memwritebw,SKT0CHAN2,40,0.92,MB/s
correlation-fio-randwrite-cores1,pcm_memory,memwritebw,SKT0CHAN2,41,0.76,MB/s
correlation-fio-randwrite-cores1,pcm_memory,memwritebw,SKT0CHAN2,42,0.63,MB/s
correlation-fio-randwrite-cores1,pcm_memory,memwritebw,SKT0CHAN2,43,0.63,MB/s
correlation-fio-randwrite-cores1,pcm_memory,memwritebw,SKT0CHAN2,44,0.71,MB/s
correlation-fio-randwrite-cores1,pcm_memory,memwritebw,SKT0CHAN2,45,2.98,MB/s
correlation-fio-randwrite-cores1,pcm_memory,memwritebw,SKT0CHAN2,46,2.48,MB/s
correlation-fio-randwrite-cores1,pcm_memory,memwritebw,SKT0CHAN2,47,1.14,MB/s
correlation-fio-randwrite-cores1,pcm_memory,memwritebw,SKT0CHAN2,48,0.88,MB/s
correlation-fio-randwrite-cores1,pcm_memory,memwritebw,SKT0CHAN2,49,0.9,MB/s
correlation-fio-randwrite-cores1,pcm_memory,memwritebw,SKT0CHAN2,50,0.88,MB/s
correlation-fio-randwrite-cores1,pcm_memory,memwritebw,SKT0CHAN2,51,4.82,MB/s
correlation-fio-randwrite-cores1,pcm_memory,memwritebw,SKT0CHAN2,52,1.14,MB/s
correlation-fio-randwrite-cores1,pcm_memory,memwritebw,SKT0CHAN2,53,0.7,MB/s
correlation-fio-randwrite-cores1,pcm_memory,memwritebw,SKT0CHAN2,54,0.67,MB/s
correlation-fio-randwrite-cores1,pcm_memory,memwritebw,SKT0CHAN2,55,0.67,MB/s
correlation-fio-randwrite-cores1,pcm_memory,memwritebw,SKT0CHAN2,56,0.58,MB/s
correlation-fio-randwrite-cores1,pcm_memory,memwritebw,SKT0CHAN2,57,0.87,MB/s
correlation-fio-randwrite-cores1,pcm_memory,memwritebw,SKT0CHAN2,58,0.83,MB/s
correlation-fio-randwrite-cores1,pcm_memory,memwritebw,SKT0CHAN2,59,0.79,MB/s
correlation-fio-randwrite-cores1,pcm_memory,memwritebw,SKT0CHAN3,0,3.71,MB/s
correlation-fio-randwrite-cores1,pcm_memory,memwritebw,SKT0CHAN3,1,1.17,MB/s
correlation-fio-randwrite-cores1,pcm_memory,memwritebw,SKT0CHAN3,2,0.93,MB/s
correlation-fio-randwrite-cores1,pcm_memory,memwritebw,SKT0CHAN3,3,3.65,MB/s
correlation-fio-randwrite-cores1,pcm_memory,memwritebw,SKT0CHAN3,4,5.3,MB/s
correlation-fio-randwrite-cores1,pcm_memory,memwritebw,SKT0CHAN3,5,1.04,MB/s
correlation-fio-randwrite-cores1,pcm_memory,memwritebw,SKT0CHAN3,6,0.67,MB/s
correlation-fio-randwrite-cores1,pcm_memory,memwritebw,SKT0CHAN3,7,0.91,MB/s
correlation-fio-randwrite-cores1,pcm_memory,memwritebw,SKT0CHAN3,8,0.83,MB/s
correlation-fio-randwrite-cores1,pcm_memory,memwritebw,SKT0CHAN3,9,0.69,MB/s
correlation-fio-randwrite-cores1,pcm_memory,memwritebw,SKT0CHAN3,10,0.63,MB/s
correlation-fio-randwrite-cores1,pcm_memory,memwritebw,SKT0CHAN3,11,0.64,MB/s
correlation-fio-randwrite-cores1,pcm_memory,memwritebw,SKT0CHAN3,12,0.59,MB/s
correlation-fio-randwrite-cores1,pcm_memory,memwritebw,SKT0CHAN3,13,0.65,MB/s
correlation-fio-randwrite-cores1,pcm_memory,memwritebw,SKT0CHAN3,14,0.86,MB/s
correlation-fio-randwrite-cores1,pcm_memory,memwritebw,SKT0CHAN3,15,4.83,MB/s
correlation-fio-randwrite-cores1,pcm_memory,memwritebw,SKT0CHAN3,16,1.04,MB/s
correlation-fio-randwrite-cores1,pcm_memory,memwritebw,SKT0CHAN3,17,1.09,MB/s
correlation-fio-randwrite-cores1,pcm_memory,memwritebw,SKT0CHAN3,18,0.89,MB/s
correlation-fio-randwrite-cores1,pcm_memory,memwritebw,SKT0CHAN3,19,1.04,MB/s
correlation-fio-randwrite-cores1,pcm_memory,memwritebw,SKT0CHAN3,20,0.9,MB/s
correlation-fio-randwrite-cores1,pcm_memory,memwritebw,SKT0CHAN3,21,0.86,MB/s
correlation-fio-randwrite-cores1,pcm_memory,memwritebw,SKT0CHAN3,22,1.6,MB/s
correlation-fio-randwrite-cores1,pcm_memory,memwritebw,SKT0CHAN3,23,1.37,MB/s
correlation-fio-randwrite-cores1,pcm_memory,memwritebw,SKT0CHAN3,24,1.03,MB/s
correlation-fio-randwrite-cores1,pcm_memory,memwritebw,SKT0CHAN3,25,0.86,MB/s
correlation-fio-randwrite-cores1,pcm_memory,memwritebw,SKT0CHAN3,26,0.79,MB/s
correlation-fio-randwrite-cores1,pcm_memory,memwritebw,SKT0CHAN3,27,0.84,MB/s
correlation-fio-randwrite-cores1,pcm_memory,memwritebw,SKT0CHAN3,28,0.93,MB/s
correlation-fio-randwrite-cores1,pcm_memory,memwritebw,SKT0CHAN3,29,0.76,MB/s
correlation-fio-randwrite-cores1,pcm_memory,memwritebw,SKT0CHAN3,30,4.34,MB/s
correlation-fio-randwrite-cores1,pcm_memory,memwritebw,SKT0CHAN3,31,1.38,MB/s
correlation-fio-randwrite-cores1,pcm_memory,memwritebw,SKT0CHAN3,32,0.66,MB/s
correlation-fio-randwrite-cores1,pcm_memory,memwritebw,SKT0CHAN3,33,1.03,MB/s
correlation-fio-randwrite-cores1,pcm_memory,memwritebw,SKT0CHAN3,34,0.89,MB/s
correlation-fio-randwrite-cores1,pcm_memory,memwritebw,SKT0CHAN3,35,0.88,MB/s
correlation-fio-randwrite-cores1,pcm_memory,memwritebw,SKT0CHAN3,36,0.87,MB/s
correlation-fio-randwrite-cores1,pcm_memory,memwritebw,SKT0CHAN3,37,0.9,MB/s
correlation-fio-randwrite-cores1,pcm_memory,memwritebw,SKT0CHAN3,38,0.9,MB/s
correlation-fio-randwrite-cores1,pcm_memory,memwritebw,SKT0CHAN3,39,0.89,MB/s
correlation-fio-randwrite-cores1,pcm_memory,memwritebw,SKT0CHAN3,40,0.9,MB/s
correlation-fio-randwrite-cores1,pcm_memory,memwritebw,SKT0CHAN3,41,0.76,MB/s
correlation-fio-randwrite-cores1,pcm_memory,memwritebw,SKT0CHAN3,42,0.63,MB/s
correlation-fio-randwrite-cores1,pcm_memory,memwritebw,SKT0CHAN3,43,0.62,MB/s
correlation-fio-randwrite-cores1,pcm_memory,memwritebw,SKT0CHAN3,44,0.71,MB/s
correlation-fio-randwrite-cores1,pcm_memory,memwritebw,SKT0CHAN3,45,2.97,MB/s
correlation-fio-randwrite-cores1,pcm_memory,memwritebw,SKT0CHAN3,46,2.48,MB/s
correlation-fio-randwrite-cores1,pcm_memory,memwritebw,SKT0CHAN3,47,1.14,MB/s
correlation-fio-randwrite-cores1,pcm_memory,memwritebw,SKT0CHAN3,48,0.9,MB/s
correlation-fio-randwrite-cores1,pcm_memory,memwritebw,SKT0CHAN3,49,0.91,MB/s
correlation-fio-randwrite-cores1,pcm_memory,memwritebw,SKT0CHAN3,50,0.88,MB/s
correlation-fio-randwrite-cores1,pcm_memory,memwritebw,SKT0CHAN3,51,4.84,MB/s
correlation-fio-randwrite-cores1,pcm_memory,memwritebw,SKT0CHAN3,52,1.14,MB/s
correlation-fio-randwrite-cores1,pcm_memory,memwritebw,SKT0CHAN3,53,0.7,MB/s
correlation-fio-randwrite-cores1,pcm_memory,memwritebw,SKT0CHAN3,54,0.66,MB/s
correlation-fio-randwrite-cores1,pcm_memory,memwritebw,SKT0CHAN3,55,0.65,MB/s
correlation-fio-randwrite-cores1,pcm_memory,memwritebw,SKT0CHAN3,56,0.57,MB/s
correlation-fio-randwrite-cores1,pcm_memory,memwritebw,SKT0CHAN3,57,0.85,MB/s
correlation-fio-randwrite-cores1,pcm_memory,memwritebw,SKT0CHAN3,58,0.84,MB/s
correlation-fio-randwrite-cores1,pcm_memory,memwritebw,SKT0CHAN3,59,0.8,MB/s
correlation-fio-randwrite-cores1,pcm_memory,memwritebw,SKT0CHAN4,0,3.72,MB/s
correlation-fio-randwrite-cores1,pcm_memory,memwritebw,SKT0CHAN4,1,1.22,MB/s
correlation-fio-randwrite-cores1,pcm_memory,memwritebw,SKT0CHAN4,2,0.94,MB/s
correlation-fio-randwrite-cores1,pcm_memory,memwritebw,SKT0CHAN4,3,3.66,MB/s
correlation-fio-randwrite-cores1,pcm_memory,memwritebw,SKT0CHAN4,4,5.32,MB/s
correlation-fio-randwrite-cores1,pcm_memory,memwritebw,SKT0CHAN4,5,1.07,MB/s
correlation-fio-randwrite-cores1,pcm_memory,memwritebw,SKT0CHAN4,6,0.67,MB/s
correlation-fio-randwrite-cores1,pcm_memory,memwritebw,SKT0CHAN4,7,0.93,MB/s
correlation-fio-randwrite-cores1,pcm_memory,memwritebw,SKT0CHAN4,8,0.85,MB/s
correlation-fio-randwrite-cores1,pcm_memory,memwritebw,SKT0CHAN4,9,0.7,MB/s
correlation-fio-randwrite-cores1,pcm_memory,memwritebw,SKT0CHAN4,10,0.65,MB/s
correlation-fio-randwrite-cores1,pcm_memory,memwritebw,SKT0CHAN4,11,0.66,MB/s
correlation-fio-randwrite-cores1,pcm_memory,memwritebw,SKT0CHAN4,12,0.6,MB/s
correlation-fio-randwrite-cores1,pcm_memory,memwritebw,SKT0CHAN4,13,0.69,MB/s
correlation-fio-randwrite-cores1,pcm_memory,memwritebw,SKT0CHAN4,14,0.9,MB/s
correlation-fio-randwrite-cores1,pcm_memory,memwritebw,SKT0CHAN4,15,4.84,MB/s
correlation-fio-randwrite-cores1,pcm_memory,memwritebw,SKT0CHAN4,16,1.06,MB/s
correlation-fio-randwrite-cores1,pcm_memory,memwritebw,SKT0CHAN4,17,1.1,MB/s
correlation-fio-randwrite-cores1,pcm_memory,memwritebw,SKT0CHAN4,18,0.9,MB/s
correlation-fio-randwrite-cores1,pcm_memory,memwritebw,SKT0CHAN4,19,1.04,MB/s
correlation-fio-randwrite-cores1,pcm_memory,memwritebw,SKT0CHAN4,20,0.91,MB/s
correlation-fio-randwrite-cores1,pcm_memory,memwritebw,SKT0CHAN4,21,0.86,MB/s
correlation-fio-randwrite-cores1,pcm_memory,memwritebw,SKT0CHAN4,22,1.59,MB/s
correlation-fio-randwrite-cores1,pcm_memory,memwritebw,SKT0CHAN4,23,1.4,MB/s
correlation-fio-randwrite-cores1,pcm_memory,memwritebw,SKT0CHAN4,24,1.04,MB/s
correlation-fio-randwrite-cores1,pcm_memory,memwritebw,SKT0CHAN4,25,0.88,MB/s
correlation-fio-randwrite-cores1,pcm_memory,memwritebw,SKT0CHAN4,26,0.81,MB/s
correlation-fio-randwrite-cores1,pcm_memory,memwritebw,SKT0CHAN4,27,0.86,MB/s
correlation-fio-randwrite-cores1,pcm_memory,memwritebw,SKT0CHAN4,28,0.94,MB/s
correlation-fio-randwrite-cores1,pcm_memory,memwritebw,SKT0CHAN4,29,0.77,MB/s
correlation-fio-randwrite-cores1,pcm_memory,memwritebw,SKT0CHAN4,30,4.38,MB/s
correlation-fio-randwrite-cores1,pcm_memory,memwritebw,SKT0CHAN4,31,1.4,MB/s
correlation-fio-randwrite-cores1,pcm_memory,memwritebw,SKT0CHAN4,32,0.68,MB/s
correlation-fio-randwrite-cores1,pcm_memory,memwritebw,SKT0CHAN4,33,1.04,MB/s
correlation-fio-randwrite-cores1,pcm_memory,memwritebw,SKT0CHAN4,34,0.9,MB/s
correlation-fio-randwrite-cores1,pcm_memory,memwritebw,SKT0CHAN4,35,0.87,MB/s
correlation-fio-randwrite-cores1,pcm_memory,memwritebw,SKT0CHAN4,36,0.87,MB/s
correlation-fio-randwrite-cores1,pcm_memory,memwritebw,SKT0CHAN4,37,0.9,MB/s
correlation-fio-randwrite-cores1,pcm_memory,memwritebw,SKT0CHAN4,38,0.9,MB/s
correlation-fio-randwrite-cores1,pcm_memory,memwritebw,SKT0CHAN4,39,0.89,MB/s
correlation-fio-randwrite-cores1,pcm_memory,memwritebw,SKT0CHAN4,40,0.93,MB/s
correlation-fio-randwrite-cores1,pcm_memory,memwritebw,SKT0CHAN4,41,0.78,MB/s
correlation-fio-randwrite-cores1,pcm_memory,memwritebw,SKT0CHAN4,42,0.64,MB/s
correlation-fio-randwrite-cores1,pcm_memory,memwritebw,SKT0CHAN4,43,0.64,MB/s
correlation-fio-randwrite-cores1,pcm_memory,memwritebw,SKT0CHAN4,44,0.73,MB/s
correlation-fio-randwrite-cores1,pcm_memory,memwritebw,SKT0CHAN4,45,3.0,MB/s
correlation-fio-randwrite-cores1,pcm_memory,memwritebw,SKT0CHAN4,46,2.47,MB/s
correlation-fio-randwrite-cores1,pcm_memory,memwritebw,SKT0CHAN4,47,1.16,MB/s
correlation-fio-randwrite-cores1,pcm_memory,memwritebw,SKT0CHAN4,48,0.9,MB/s
correlation-fio-randwrite-cores1,pcm_memory,memwritebw,SKT0CHAN4,49,0.94,MB/s
correlation-fio-randwrite-cores1,pcm_memory,memwritebw,SKT0CHAN4,50,0.89,MB/s
correlation-fio-randwrite-cores1,pcm_memory,memwritebw,SKT0CHAN4,51,4.81,MB/s
correlation-fio-randwrite-cores1,pcm_memory,memwritebw,SKT0CHAN4,52,1.14,MB/s
correlation-fio-randwrite-cores1,pcm_memory,memwritebw,SKT0CHAN4,53,0.7,MB/s
correlation-fio-randwrite-cores1,pcm_memory,memwritebw,SKT0CHAN4,54,0.67,MB/s
correlation-fio-randwrite-cores1,pcm_memory,memwritebw,SKT0CHAN4,55,0.68,MB/s
correlation-fio-randwrite-cores1,pcm_memory,memwritebw,SKT0CHAN4,56,0.58,MB/s
correlation-fio-randwrite-cores1,pcm_memory,memwritebw,SKT0CHAN4,57,0.88,MB/s
correlation-fio-randwrite-cores1,pcm_memory,memwritebw,SKT0CHAN4,58,0.85,MB/s
correlation-fio-randwrite-cores1,pcm_memory,memwritebw,SKT0CHAN4,59,0.81,MB/s
correlation-fio-randwrite-cores1,pcm_memory,memwritebw,SKT0CHAN5,0,3.72,MB/s
correlation-fio-randwrite-cores1,pcm_memory,memwritebw,SKT0CHAN5,1,1.21,MB/s
correlation-fio-randwrite-cores1,pcm_memory,memwritebw,SKT0CHAN5,2,0.95,MB/s
correlation-fio-randwrite-cores1,pcm_memory,memwritebw,SKT0CHAN5,3,3.66,MB/s
correlation-fio-randwrite-cores1,pcm_memory,memwritebw,SKT0CHAN5,4,5.32,MB/s
correlation-fio-randwrite-cores1,pcm_memory,memwritebw,SKT0CHAN5,5,1.07,MB/s
correlation-fio-randwrite-cores1,pcm_memory,memwritebw,SKT0CHAN5,6,0.69,MB/s
correlation-fio-randwrite-cores1,pcm_memory,memwritebw,SKT0CHAN5,7,0.93,MB/s
correlation-fio-randwrite-cores1,pcm_memory,memwritebw,SKT0CHAN5,8,0.85,MB/s
correlation-fio-randwrite-cores1,pcm_memory,memwritebw,SKT0CHAN5,9,0.69,MB/s
correlation-fio-randwrite-cores1,pcm_memory,memwritebw,SKT0CHAN5,10,0.66,MB/s
correlation-fio-randwrite-cores1,pcm_memory,memwritebw,SKT0CHAN5,11,0.67,MB/s
correlation-fio-randwrite-cores1,pcm_memory,memwritebw,SKT0CHAN5,12,0.62,MB/s
correlation-fio-randwrite-cores1,pcm_memory,memwritebw,SKT0CHAN5,13,0.68,MB/s
correlation-fio-randwrite-cores1,pcm_memory,memwritebw,SKT0CHAN5,14,0.9,MB/s
correlation-fio-randwrite-cores1,pcm_memory,memwritebw,SKT0CHAN5,15,4.83,MB/s
correlation-fio-randwrite-cores1,pcm_memory,memwritebw,SKT0CHAN5,16,1.07,MB/s
correlation-fio-randwrite-cores1,pcm_memory,memwritebw,SKT0CHAN5,17,1.12,MB/s
correlation-fio-randwrite-cores1,pcm_memory,memwritebw,SKT0CHAN5,18,0.93,MB/s
correlation-fio-randwrite-cores1,pcm_memory,memwritebw,SKT0CHAN5,19,1.06,MB/s
correlation-fio-randwrite-cores1,pcm_memory,memwritebw,SKT0CHAN5,20,0.93,MB/s
correlation-fio-randwrite-cores1,pcm_memory,memwritebw,SKT0CHAN5,21,0.87,MB/s
correlation-fio-randwrite-cores1,pcm_memory,memwritebw,SKT0CHAN5,22,1.63,MB/s
correlation-fio-randwrite-cores1,pcm_memory,memwritebw,SKT0CHAN5,23,1.39,MB/s
correlation-fio-randwrite-cores1,pcm_memory,memwritebw,SKT0CHAN5,24,1.06,MB/s
correlation-fio-randwrite-cores1,pcm_memory,memwritebw,SKT0CHAN5,25,0.9,MB/s
correlation-fio-randwrite-cores1,pcm_memory,memwritebw,SKT0CHAN5,26,0.83,MB/s
correlation-fio-randwrite-cores1,pcm_memory,memwritebw,SKT0CHAN5,27,0.88,MB/s
correlation-fio-randwrite-cores1,pcm_memory,memwritebw,SKT0CHAN5,28,0.97,MB/s
correlation-fio-randwrite-cores1,pcm_memory,memwritebw,SKT0CHAN5,29,0.8,MB/s
correlation-fio-randwrite-cores1,pcm_memory,memwritebw,SKT0CHAN5,30,4.34,MB/s
correlation-fio-randwrite-cores1,pcm_memory,memwritebw,SKT0CHAN5,31,1.41,MB/s
correlation-fio-randwrite-cores1,pcm_memory,memwritebw,SKT0CHAN5,32,0.69,MB/s
correlation-fio-randwrite-cores1,pcm_memory,memwritebw,SKT0CHAN5,33,1.05,MB/s
correlation-fio-randwrite-cores1,pcm_memory,memwritebw,SKT0CHAN5,34,0.92,MB/s
correlation-fio-randwrite-cores1,pcm_memory,memwritebw,SKT0CHAN5,35,0.89,MB/s
correlation-fio-randwrite-cores1,pcm_memory,memwritebw,SKT0CHAN5,36,0.88,MB/s
correlation-fio-randwrite-cores1,pcm_memory,memwritebw,SKT0CHAN5,37,0.92,MB/s
correlation-fio-randwrite-cores1,pcm_memory,memwritebw,SKT0CHAN5,38,0.92,MB/s
correlation-fio-randwrite-cores1,pcm_memory,memwritebw,SKT0CHAN5,39,0.9,MB/s
correlation-fio-randwrite-cores1,pcm_memory,memwritebw,SKT0CHAN5,40,0.94,MB/s
correlation-fio-randwrite-cores1,pcm_memory,memwritebw,SKT0CHAN5,41,0.78,MB/s
correlation-fio-randwrite-cores1,pcm_memory,memwritebw,SKT0CHAN5,42,0.65,MB/s
correlation-fio-randwrite-cores1,pcm_memory,memwritebw,SKT0CHAN5,43,0.66,MB/s
correlation-fio-randwrite-cores1,pcm_memory,memwritebw,SKT0CHAN5,44,0.74,MB/s
correlation-fio-randwrite-cores1,pcm_memory,memwritebw,SKT0CHAN5,45,3.01,MB/s
correlation-fio-randwrite-cores1,pcm_memory,memwritebw,SKT0CHAN5,46,2.48,MB/s
correlation-fio-randwrite-cores1,pcm_memory,memwritebw,SKT0CHAN5,47,1.16,MB/s
correlation-fio-randwrite-cores1,pcm_memory,memwritebw,SKT0CHAN5,48,0.9,MB/s
correlation-fio-randwrite-cores1,pcm_memory,memwritebw,SKT0CHAN5,49,0.92,MB/s
correlation-fio-randwrite-cores1,pcm_memory,memwritebw,SKT0CHAN5,50,0.89,MB/s
correlation-fio-randwrite-cores1,pcm_memory,memwritebw,SKT0CHAN5,51,4.81,MB/s
correlation-fio-randwrite-cores1,pcm_memory,memwritebw,SKT0CHAN5,52,1.14,MB/s
correlation-fio-randwrite-cores1,pcm_memory,memwritebw,SKT0CHAN5,53,0.71,MB/s
correlation-fio-randwrite-cores1,pcm_memory,memwritebw,SKT0CHAN5,54,0.68,MB/s
correlation-fio-randwrite-cores1,pcm_memory,memwritebw,SKT0CHAN5,55,0.67,MB/s
correlation-fio-randwrite-cores1,pcm_memory,memwritebw,SKT0CHAN5,56,0.59,MB/s
correlation-fio-randwrite-cores1,pcm_memory,memwritebw,SKT0CHAN5,57,0.89,MB/s
correlation-fio-randwrite-cores1,pcm_memory,memwritebw,SKT0CHAN5,58,0.87,MB/s
correlation-fio-randwrite-cores1,pcm_memory,memwritebw,SKT0CHAN5,59,0.81,MB/s
correlation-fio-randwrite-cores1,pcm_memory,memwritebw,SKT0CHAN6,0,3.75,MB/s
correlation-fio-randwrite-cores1,pcm_memory,memwritebw,SKT0CHAN6,1,1.22,MB/s
correlation-fio-randwrite-cores1,pcm_memory,memwritebw,SKT0CHAN6,2,0.95,MB/s
correlation-fio-randwrite-cores1,pcm_memory,memwritebw,SKT0CHAN6,3,3.69,MB/s
correlation-fio-randwrite-cores1,pcm_memory,memwritebw,SKT0CHAN6,4,5.38,MB/s
correlation-fio-randwrite-cores1,pcm_memory,memwritebw,SKT0CHAN6,5,1.08,MB/s
correlation-fio-randwrite-cores1,pcm_memory,memwritebw,SKT0CHAN6,6,0.69,MB/s
correlation-fio-randwrite-cores1,pcm_memory,memwritebw,SKT0CHAN6,7,0.93,MB/s
correlation-fio-randwrite-cores1,pcm_memory,memwritebw,SKT0CHAN6,8,0.85,MB/s
correlation-fio-randwrite-cores1,pcm_memory,memwritebw,SKT0CHAN6,9,0.7,MB/s
correlation-fio-randwrite-cores1,pcm_memory,memwritebw,SKT0CHAN6,10,0.66,MB/s
correlation-fio-randwrite-cores1,pcm_memory,memwritebw,SKT0CHAN6,11,0.68,MB/s
correlation-fio-randwrite-cores1,pcm_memory,memwritebw,SKT0CHAN6,12,0.61,MB/s
correlation-fio-randwrite-cores1,pcm_memory,memwritebw,SKT0CHAN6,13,0.67,MB/s
correlation-fio-randwrite-cores1,pcm_memory,memwritebw,SKT0CHAN6,14,0.89,MB/s
correlation-fio-randwrite-cores1,pcm_memory,memwritebw,SKT0CHAN6,15,4.9,MB/s
correlation-fio-randwrite-cores1,pcm_memory,memwritebw,SKT0CHAN6,16,1.08,MB/s
correlation-fio-randwrite-cores1,pcm_memory,memwritebw,SKT0CHAN6,17,1.13,MB/s
correlation-fio-randwrite-cores1,pcm_memory,memwritebw,SKT0CHAN6,18,0.92,MB/s
correlation-fio-randwrite-cores1,pcm_memory,memwritebw,SKT0CHAN6,19,1.08,MB/s
correlation-fio-randwrite-cores1,pcm_memory,memwritebw,SKT0CHAN6,20,0.93,MB/s
correlation-fio-randwrite-cores1,pcm_memory,memwritebw,SKT0CHAN6,21,0.88,MB/s
correlation-fio-randwrite-cores1,pcm_memory,memwritebw,SKT0CHAN6,22,1.65,MB/s
correlation-fio-randwrite-cores1,pcm_memory,memwritebw,SKT0CHAN6,23,1.4,MB/s
correlation-fio-randwrite-cores1,pcm_memory,memwritebw,SKT0CHAN6,24,1.05,MB/s
correlation-fio-randwrite-cores1,pcm_memory,memwritebw,SKT0CHAN6,25,0.89,MB/s
correlation-fio-randwrite-cores1,pcm_memory,memwritebw,SKT0CHAN6,26,0.81,MB/s
correlation-fio-randwrite-cores1,pcm_memory,memwritebw,SKT0CHAN6,27,0.87,MB/s
correlation-fio-randwrite-cores1,pcm_memory,memwritebw,SKT0CHAN6,28,0.97,MB/s
correlation-fio-randwrite-cores1,pcm_memory,memwritebw,SKT0CHAN6,29,0.8,MB/s
correlation-fio-randwrite-cores1,pcm_memory,memwritebw,SKT0CHAN6,30,4.38,MB/s
correlation-fio-randwrite-cores1,pcm_memory,memwritebw,SKT0CHAN6,31,1.42,MB/s
correlation-fio-randwrite-cores1,pcm_memory,memwritebw,SKT0CHAN6,32,0.69,MB/s
correlation-fio-randwrite-cores1,pcm_memory,memwritebw,SKT0CHAN6,33,1.08,MB/s
correlation-fio-randwrite-cores1,pcm_memory,memwritebw,SKT0CHAN6,34,0.93,MB/s
correlation-fio-randwrite-cores1,pcm_memory,memwritebw,SKT0CHAN6,35,0.9,MB/s
correlation-fio-randwrite-cores1,pcm_memory,memwritebw,SKT0CHAN6,36,0.89,MB/s
correlation-fio-randwrite-cores1,pcm_memory,memwritebw,SKT0CHAN6,37,0.93,MB/s
correlation-fio-randwrite-cores1,pcm_memory,memwritebw,SKT0CHAN6,38,0.93,MB/s
correlation-fio-randwrite-cores1,pcm_memory,memwritebw,SKT0CHAN6,39,0.91,MB/s
correlation-fio-randwrite-cores1,pcm_memory,memwritebw,SKT0CHAN6,40,0.94,MB/s
correlation-fio-randwrite-cores1,pcm_memory,memwritebw,SKT0CHAN6,41,0.79,MB/s
correlation-fio-randwrite-cores1,pcm_memory,memwritebw,SKT0CHAN6,42,0.66,MB/s
correlation-fio-randwrite-cores1,pcm_memory,memwritebw,SKT0CHAN6,43,0.66,MB/s
correlation-fio-randwrite-cores1,pcm_memory,memwritebw,SKT0CHAN6,44,0.76,MB/s
correlation-fio-randwrite-cores1,pcm_memory,memwritebw,SKT0CHAN6,45,3.04,MB/s
correlation-fio-randwrite-cores1,pcm_memory,memwritebw,SKT0CHAN6,46,2.51,MB/s
correlation-fio-randwrite-cores1,pcm_memory,memwritebw,SKT0CHAN6,47,1.16,MB/s
correlation-fio-randwrite-cores1,pcm_memory,memwritebw,SKT0CHAN6,48,0.92,MB/s
correlation-fio-randwrite-cores1,pcm_memory,memwritebw,SKT0CHAN6,49,0.93,MB/s
correlation-fio-randwrite-cores1,pcm_memory,memwritebw,SKT0CHAN6,50,0.92,MB/s
correlation-fio-randwrite-cores1,pcm_memory,memwritebw,SKT0CHAN6,51,4.86,MB/s
correlation-fio-randwrite-cores1,pcm_memory,memwritebw,SKT0CHAN6,52,1.17,MB/s
correlation-fio-randwrite-cores1,pcm_memory,memwritebw,SKT0CHAN6,53,0.74,MB/s
correlation-fio-randwrite-cores1,pcm_memory,memwritebw,SKT0CHAN6,54,0.7,MB/s
correlation-fio-randwrite-cores1,pcm_memory,memwritebw,SKT0CHAN6,55,0.69,MB/s
correlation-fio-randwrite-cores1,pcm_memory,memwritebw,SKT0CHAN6,56,0.6,MB/s
correlation-fio-randwrite-cores1,pcm_memory,memwritebw,SKT0CHAN6,57,0.9,MB/s
correlation-fio-randwrite-cores1,pcm_memory,memwritebw,SKT0CHAN6,58,0.86,MB/s
correlation-fio-randwrite-cores1,pcm_memory,memwritebw,SKT0CHAN6,59,0.83,MB/s
correlation-fio-randwrite-cores1,pcm_memory,memwritebw,SKT0CHAN7,0,3.71,MB/s
correlation-fio-randwrite-cores1,pcm_memory,memwritebw,SKT0CHAN7,1,1.22,MB/s
correlation-fio-randwrite-cores1,pcm_memory,memwritebw,SKT0CHAN7,2,0.96,MB/s
correlation-fio-randwrite-cores1,pcm_memory,memwritebw,SKT0CHAN7,3,3.7,MB/s
correlation-fio-randwrite-cores1,pcm_memory,memwritebw,SKT0CHAN7,4,5.37,MB/s
correlation-fio-randwrite-cores1,pcm_memory,memwritebw,SKT0CHAN7,5,1.07,MB/s
correlation-fio-randwrite-cores1,pcm_memory,memwritebw,SKT0CHAN7,6,0.67,MB/s
correlation-fio-randwrite-cores1,pcm_memory,memwritebw,SKT0CHAN7,7,0.91,MB/s
correlation-fio-randwrite-cores1,pcm_memory,memwritebw,SKT0CHAN7,8,0.84,MB/s
correlation-fio-randwrite-cores1,pcm_memory,memwritebw,SKT0CHAN7,9,0.7,MB/s
correlation-fio-randwrite-cores1,pcm_memory,memwritebw,SKT0CHAN7,10,0.65,MB/s
correlation-fio-randwrite-cores1,pcm_memory,memwritebw,SKT0CHAN7,11,0.68,MB/s
correlation-fio-randwrite-cores1,pcm_memory,memwritebw,SKT0CHAN7,12,0.6,MB/s
correlation-fio-randwrite-cores1,pcm_memory,memwritebw,SKT0CHAN7,13,0.67,MB/s
correlation-fio-randwrite-cores1,pcm_memory,memwritebw,SKT0CHAN7,14,0.89,MB/s
correlation-fio-randwrite-cores1,pcm_memory,memwritebw,SKT0CHAN7,15,4.87,MB/s
correlation-fio-randwrite-cores1,pcm_memory,memwritebw,SKT0CHAN7,16,1.08,MB/s
correlation-fio-randwrite-cores1,pcm_memory,memwritebw,SKT0CHAN7,17,1.13,MB/s
correlation-fio-randwrite-cores1,pcm_memory,memwritebw,SKT0CHAN7,18,0.92,MB/s
correlation-fio-randwrite-cores1,pcm_memory,memwritebw,SKT0CHAN7,19,1.06,MB/s
correlation-fio-randwrite-cores1,pcm_memory,memwritebw,SKT0CHAN7,20,0.92,MB/s
correlation-fio-randwrite-cores1,pcm_memory,memwritebw,SKT0CHAN7,21,0.87,MB/s
correlation-fio-randwrite-cores1,pcm_memory,memwritebw,SKT0CHAN7,22,1.62,MB/s
correlation-fio-randwrite-cores1,pcm_memory,memwritebw,SKT0CHAN7,23,1.41,MB/s
correlation-fio-randwrite-cores1,pcm_memory,memwritebw,SKT0CHAN7,24,1.06,MB/s
correlation-fio-randwrite-cores1,pcm_memory,memwritebw,SKT0CHAN7,25,0.89,MB/s
correlation-fio-randwrite-cores1,pcm_memory,memwritebw,SKT0CHAN7,26,0.82,MB/s
correlation-fio-randwrite-cores1,pcm_memory,memwritebw,SKT0CHAN7,27,0.88,MB/s
correlation-fio-randwrite-cores1,pcm_memory,memwritebw,SKT0CHAN7,28,0.96,MB/s
correlation-fio-randwrite-cores1,pcm_memory,memwritebw,SKT0CHAN7,29,0.8,MB/s
correlation-fio-randwrite-cores1,pcm_memory,memwritebw,SKT0CHAN7,30,4.38,MB/s
correlation-fio-randwrite-cores1,pcm_memory,memwritebw,SKT0CHAN7,31,1.41,MB/s
correlation-fio-randwrite-cores1,pcm_memory,memwritebw,SKT0CHAN7,32,0.67,MB/s
correlation-fio-randwrite-cores1,pcm_memory,memwritebw,SKT0CHAN7,33,1.04,MB/s
correlation-fio-randwrite-cores1,pcm_memory,memwritebw,SKT0CHAN7,34,0.9,MB/s
correlation-fio-randwrite-cores1,pcm_memory,memwritebw,SKT0CHAN7,35,0.88,MB/s
correlation-fio-randwrite-cores1,pcm_memory,memwritebw,SKT0CHAN7,36,0.87,MB/s
correlation-fio-randwrite-cores1,pcm_memory,memwritebw,SKT0CHAN7,37,0.9,MB/s
correlation-fio-randwrite-cores1,pcm_memory,memwritebw,SKT0CHAN7,38,0.91,MB/s
correlation-fio-randwrite-cores1,pcm_memory,memwritebw,SKT0CHAN7,39,0.89,MB/s
correlation-fio-randwrite-cores1,pcm_memory,memwritebw,SKT0CHAN7,40,0.93,MB/s
correlation-fio-randwrite-cores1,pcm_memory,memwritebw,SKT0CHAN7,41,0.79,MB/s
correlation-fio-randwrite-cores1,pcm_memory,memwritebw,SKT0CHAN7,42,0.65,MB/s
correlation-fio-randwrite-cores1,pcm_memory,memwritebw,SKT0CHAN7,43,0.65,MB/s
correlation-fio-randwrite-cores1,pcm_memory,memwritebw,SKT0CHAN7,44,0.75,MB/s
correlation-fio-randwrite-cores1,pcm_memory,memwritebw,SKT0CHAN7,45,3.02,MB/s
correlation-fio-randwrite-cores1,pcm_memory,memwritebw,SKT0CHAN7,46,2.5,MB/s
correlation-fio-randwrite-cores1,pcm_memory,memwritebw,SKT0CHAN7,47,1.17,MB/s
correlation-fio-randwrite-cores1,pcm_memory,memwritebw,SKT0CHAN7,48,0.9,MB/s
correlation-fio-randwrite-cores1,pcm_memory,memwritebw,SKT0CHAN7,49,0.92,MB/s
correlation-fio-randwrite-cores1,pcm_memory,memwritebw,SKT0CHAN7,50,0.9,MB/s
correlation-fio-randwrite-cores1,pcm_memory,memwritebw,SKT0CHAN7,51,4.88,MB/s
correlation-fio-randwrite-cores1,pcm_memory,memwritebw,SKT0CHAN7,52,1.16,MB/s
correlation-fio-randwrite-cores1,pcm_memory,memwritebw,SKT0CHAN7,53,0.73,MB/s
correlation-fio-randwrite-cores1,pcm_memory,memwritebw,SKT0CHAN7,54,0.69,MB/s
correlation-fio-randwrite-cores1,pcm_memory,memwritebw,SKT0CHAN7,55,0.69,MB/s
correlation-fio-randwrite-cores1,pcm_memory,memwritebw,SKT0CHAN7,56,0.59,MB/s
correlation-fio-randwrite-cores1,pcm_memory,memwritebw,SKT0CHAN7,57,0.89,MB/s
correlation-fio-randwrite-cores1,pcm_memory,memwritebw,SKT0CHAN7,58,0.85,MB/s
correlation-fio-randwrite-cores1,pcm_memory,memwritebw,SKT0CHAN7,59,0.81,MB/s
correlation-fio-randwrite-cores1,pcm_latency,l1_miss_latency,CORE0,0,52.89,ns
correlation-fio-randwrite-cores1,pcm_latency,l1_miss_latency,CORE0,1,24.74,ns
correlation-fio-randwrite-cores1,pcm_latency,l1_miss_latency,CORE0,2,40.95,ns
correlation-fio-randwrite-cores1,pcm_latency,l1_miss_latency,CORE0,3,43.07,ns
correlation-fio-randwrite-cores1,pcm_latency,l1_miss_latency,CORE0,4,41.23,ns
correlation-fio-randwrite-cores1,pcm_latency,l1_miss_latency,CORE0,5,46.33,ns
correlation-fio-randwrite-cores1,pcm_latency,l1_miss_latency,CORE0,6,31.56,ns
correlation-fio-randwrite-cores1,pcm_latency,l1_miss_latency,CORE0,7,41.63,ns
correlation-fio-randwrite-cores1,pcm_latency,l1_miss_latency,CORE0,8,48.6,ns
correlation-fio-randwrite-cores1,pcm_latency,l1_miss_latency,CORE0,9,44.48,ns
correlation-fio-randwrite-cores1,pcm_latency,l1_miss_latency,CORE0,10,42.66,ns
correlation-fio-randwrite-cores1,pcm_latency,l1_miss_latency,CORE0,11,48.41,ns
correlation-fio-randwrite-cores1,pcm_latency,l1_miss_latency,CORE0,12,27.89,ns
correlation-fio-randwrite-cores1,pcm_latency,l1_miss_latency,CORE0,13,37.65,ns
correlation-fio-randwrite-cores1,pcm_latency,l1_miss_latency,CORE0,14,49.87,ns
correlation-fio-randwrite-cores1,pcm_latency,l1_miss_latency,CORE0,15,36.77,ns
correlation-fio-randwrite-cores1,pcm_latency,l1_miss_latency,CORE0,16,41.83,ns
correlation-fio-randwrite-cores1,pcm_latency,l1_miss_latency,CORE0,17,42.65,ns
correlation-fio-randwrite-cores1,pcm_latency,l1_miss_latency,CORE0,18,4.37,ns
correlation-fio-randwrite-cores1,pcm_latency,l1_miss_latency,CORE0,19,25.53,ns
correlation-fio-randwrite-cores1,pcm_latency,l1_miss_latency,CORE0,20,40.03,ns
correlation-fio-randwrite-cores1,pcm_latency,l1_miss_latency,CORE0,21,39.45,ns
correlation-fio-randwrite-cores1,pcm_latency,l1_miss_latency,CORE0,22,42.94,ns
correlation-fio-randwrite-cores1,pcm_latency,l1_miss_latency,CORE0,23,32.74,ns
correlation-fio-randwrite-cores1,pcm_latency,l1_miss_latency,CORE0,24,38.45,ns
correlation-fio-randwrite-cores1,pcm_latency,l1_miss_latency,CORE0,25,45.84,ns
correlation-fio-randwrite-cores1,pcm_latency,l1_miss_latency,CORE0,26,31.79,ns
correlation-fio-randwrite-cores1,pcm_latency,l1_miss_latency,CORE0,27,38.99,ns
correlation-fio-randwrite-cores1,pcm_latency,l1_miss_latency,CORE0,28,35.95,ns
correlation-fio-randwrite-cores1,pcm_latency,l1_miss_latency,CORE0,29,28.59,ns
correlation-fio-randwrite-cores1,pcm_latency,l1_miss_latency,CORE0,30,39.71,ns
correlation-fio-randwrite-cores1,pcm_latency,l1_miss_latency,CORE0,31,33.92,ns
correlation-fio-randwrite-cores1,pcm_latency,l1_miss_latency,CORE0,32,27.07,ns
correlation-fio-randwrite-cores1,pcm_latency,l1_miss_latency,CORE0,33,25.16,ns
correlation-fio-randwrite-cores1,pcm_latency,l1_miss_latency,CORE0,34,25.11,ns
correlation-fio-randwrite-cores1,pcm_latency,l1_miss_latency,CORE0,35,25.8,ns
correlation-fio-randwrite-cores1,pcm_latency,l1_miss_latency,CORE0,36,25.25,ns
correlation-fio-randwrite-cores1,pcm_latency,l1_miss_latency,CORE0,37,23.28,ns
correlation-fio-randwrite-cores1,pcm_latency,l1_miss_latency,CORE0,38,26.94,ns
correlation-fio-randwrite-cores1,pcm_latency,l1_miss_latency,CORE0,39,37.84,ns
correlation-fio-randwrite-cores1,pcm_latency,l1_miss_latency,CORE0,40,38.29,ns
correlation-fio-randwrite-cores1,pcm_latency,l1_miss_latency,CORE0,41,40.89,ns
correlation-fio-randwrite-cores1,pcm_latency,l1_miss_latency,CORE0,42,38.41,ns
correlation-fio-randwrite-cores1,pcm_latency,l1_miss_latency,CORE0,43,33.83,ns
correlation-fio-randwrite-cores1,pcm_latency,l1_miss_latency,CORE0,44,45.19,ns
correlation-fio-randwrite-cores1,pcm_latency,l1_miss_latency,CORE0,45,33.19,ns
correlation-fio-randwrite-cores1,pcm_latency,l1_miss_latency,CORE0,46,37.94,ns
correlation-fio-randwrite-cores1,pcm_latency,l1_miss_latency,CORE0,47,44.86,ns
correlation-fio-randwrite-cores1,pcm_latency,l1_miss_latency,CORE0,48,36.13,ns
correlation-fio-randwrite-cores1,pcm_latency,l1_miss_latency,CORE0,49,47.37,ns
correlation-fio-randwrite-cores1,pcm_latency,l1_miss_latency,CORE0,50,23.13,ns
correlation-fio-randwrite-cores1,pcm_latency,l1_miss_latency,CORE0,51,23.5,ns
correlation-fio-randwrite-cores1,pcm_latency,l1_miss_latency,CORE0,52,40.92,ns
correlation-fio-randwrite-cores1,pcm_latency,l1_miss_latency,CORE0,53,22.34,ns
correlation-fio-randwrite-cores1,pcm_latency,l1_miss_latency,CORE0,54,27.84,ns
correlation-fio-randwrite-cores1,pcm_latency,l1_miss_latency,CORE0,55,26.98,ns
correlation-fio-randwrite-cores1,pcm_latency,l1_miss_latency,CORE0,56,33.63,ns
correlation-fio-randwrite-cores1,pcm_latency,l1_miss_latency,CORE0,57,28.66,ns
correlation-fio-randwrite-cores1,pcm_latency,l1_miss_latency,CORE0,58,31.76,ns
correlation-fio-randwrite-cores1,pcm_latency,l1_miss_latency,CORE0,59,24.91,ns
correlation-fio-randwrite-cores1,pcm_latency,l1_miss_latency,CORE1,0,35.23,ns
correlation-fio-randwrite-cores1,pcm_latency,l1_miss_latency,CORE1,1,34.93,ns
correlation-fio-randwrite-cores1,pcm_latency,l1_miss_latency,CORE1,2,32.21,ns
correlation-fio-randwrite-cores1,pcm_latency,l1_miss_latency,CORE1,3,33.34,ns
correlation-fio-randwrite-cores1,pcm_latency,l1_miss_latency,CORE1,4,32.37,ns
correlation-fio-randwrite-cores1,pcm_latency,l1_miss_latency,CORE1,5,32.35,ns
correlation-fio-randwrite-cores1,pcm_latency,l1_miss_latency,CORE1,6,32.4,ns
correlation-fio-randwrite-cores1,pcm_latency,l1_miss_latency,CORE1,7,33.56,ns
correlation-fio-randwrite-cores1,pcm_latency,l1_miss_latency,CORE1,8,34.11,ns
correlation-fio-randwrite-cores1,pcm_latency,l1_miss_latency,CORE1,9,32.36,ns
correlation-fio-randwrite-cores1,pcm_latency,l1_miss_latency,CORE1,10,33.78,ns
correlation-fio-randwrite-cores1,pcm_latency,l1_miss_latency,CORE1,11,31.34,ns
correlation-fio-randwrite-cores1,pcm_latency,l1_miss_latency,CORE1,12,35.71,ns
correlation-fio-randwrite-cores1,pcm_latency,l1_miss_latency,CORE1,13,36.08,ns
correlation-fio-randwrite-cores1,pcm_latency,l1_miss_latency,CORE1,14,33.81,ns
correlation-fio-randwrite-cores1,pcm_latency,l1_miss_latency,CORE1,15,32.98,ns
correlation-fio-randwrite-cores1,pcm_latency,l1_miss_latency,CORE1,16,34.81,ns
correlation-fio-randwrite-cores1,pcm_latency,l1_miss_latency,CORE1,17,32.21,ns
correlation-fio-randwrite-cores1,pcm_latency,l1_miss_latency,CORE1,18,17.54,ns
correlation-fio-randwrite-cores1,pcm_latency,l1_miss_latency,CORE1,19,36.51,ns
correlation-fio-randwrite-cores1,pcm_latency,l1_miss_latency,CORE1,20,32.1,ns
correlation-fio-randwrite-cores1,pcm_latency,l1_miss_latency,CORE1,21,32.21,ns
correlation-fio-randwrite-cores1,pcm_latency,l1_miss_latency,CORE1,22,35.5,ns
correlation-fio-randwrite-cores1,pcm_latency,l1_miss_latency,CORE1,23,32.93,ns
correlation-fio-randwrite-cores1,pcm_latency,l1_miss_latency,CORE1,24,31.76,ns
correlation-fio-randwrite-cores1,pcm_latency,l1_miss_latency,CORE1,25,32.6,ns
correlation-fio-randwrite-cores1,pcm_latency,l1_miss_latency,CORE1,26,37.73,ns
correlation-fio-randwrite-cores1,pcm_latency,l1_miss_latency,CORE1,27,32.44,ns
correlation-fio-randwrite-cores1,pcm_latency,l1_miss_latency,CORE1,28,37.45,ns
correlation-fio-randwrite-cores1,pcm_latency,l1_miss_latency,CORE1,29,32.37,ns
correlation-fio-randwrite-cores1,pcm_latency,l1_miss_latency,CORE1,30,30.01,ns
correlation-fio-randwrite-cores1,pcm_latency,l1_miss_latency,CORE1,31,35.43,ns
correlation-fio-randwrite-cores1,pcm_latency,l1_miss_latency,CORE1,32,35.42,ns
correlation-fio-randwrite-cores1,pcm_latency,l1_miss_latency,CORE1,33,36.27,ns
correlation-fio-randwrite-cores1,pcm_latency,l1_miss_latency,CORE1,34,34.35,ns
correlation-fio-randwrite-cores1,pcm_latency,l1_miss_latency,CORE1,35,34.02,ns
correlation-fio-randwrite-cores1,pcm_latency,l1_miss_latency,CORE1,36,32.29,ns
correlation-fio-randwrite-cores1,pcm_latency,l1_miss_latency,CORE1,37,34.66,ns
correlation-fio-randwrite-cores1,pcm_latency,l1_miss_latency,CORE1,38,34.76,ns
correlation-fio-randwrite-cores1,pcm_latency,l1_miss_latency,CORE1,39,35.18,ns
correlation-fio-randwrite-cores1,pcm_latency,l1_miss_latency,CORE1,40,32.57,ns
correlation-fio-randwrite-cores1,pcm_latency,l1_miss_latency,CORE1,41,36.31,ns
correlation-fio-randwrite-cores1,pcm_latency,l1_miss_latency,CORE1,42,34.3,ns
correlation-fio-randwrite-cores1,pcm_latency,l1_miss_latency,CORE1,43,32.15,ns
correlation-fio-randwrite-cores1,pcm_latency,l1_miss_latency,CORE1,44,34.01,ns
correlation-fio-randwrite-cores1,pcm_latency,l1_miss_latency,CORE1,45,31.16,ns
correlation-fio-randwrite-cores1,pcm_latency,l1_miss_latency,CORE1,46,34.11,ns
correlation-fio-randwrite-cores1,pcm_latency,l1_miss_latency,CORE1,47,33.54,ns
correlation-fio-randwrite-cores1,pcm_latency,l1_miss_latency,CORE1,48,34.7,ns
correlation-fio-randwrite-cores1,pcm_latency,l1_miss_latency,CORE1,49,31.35,ns
correlation-fio-randwrite-cores1,pcm_latency,l1_miss_latency,CORE1,50,38.85,ns
correlation-fio-randwrite-cores1,pcm_latency,l1_miss_latency,CORE1,51,35.12,ns
correlation-fio-randwrite-cores1,pcm_latency,l1_miss_latency,CORE1,52,35.73,ns
correlation-fio-randwrite-cores1,pcm_latency,l1_miss_latency,CORE1,53,34.07,ns
correlation-fio-randwrite-cores1,pcm_latency,l1_miss_latency,CORE1,54,34.52,ns
correlation-fio-randwrite-cores1,pcm_latency,l1_miss_latency,CORE1,55,30.36,ns
correlation-fio-randwrite-cores1,pcm_latency,l1_miss_latency,CORE1,56,34.6,ns
correlation-fio-randwrite-cores1,pcm_latency,l1_miss_latency,CORE1,57,31.74,ns
correlation-fio-randwrite-cores1,pcm_latency,l1_miss_latency,CORE1,58,33.66,ns
correlation-fio-randwrite-cores1,pcm_latency,l1_miss_latency,CORE1,59,34.53,ns
correlation-fio-randwrite-cores1,pcm_latency,l1_miss_latency,CORE2,0,48.07,ns
correlation-fio-randwrite-cores1,pcm_latency,l1_miss_latency,CORE2,1,39.37,ns
correlation-fio-randwrite-cores1,pcm_latency,l1_miss_latency,CORE2,2,34.73,ns
correlation-fio-randwrite-cores1,pcm_latency,l1_miss_latency,CORE2,3,32.45,ns
correlation-fio-randwrite-cores1,pcm_latency,l1_miss_latency,CORE2,4,38.19,ns
correlation-fio-randwrite-cores1,pcm_latency,l1_miss_latency,CORE2,5,31.93,ns
correlation-fio-randwrite-cores1,pcm_latency,l1_miss_latency,CORE2,6,39.22,ns
correlation-fio-randwrite-cores1,pcm_latency,l1_miss_latency,CORE2,7,36.93,ns
correlation-fio-randwrite-cores1,pcm_latency,l1_miss_latency,CORE2,8,37.14,ns
correlation-fio-randwrite-cores1,pcm_latency,l1_miss_latency,CORE2,9,34.5,ns
correlation-fio-randwrite-cores1,pcm_latency,l1_miss_latency,CORE2,10,31.18,ns
correlation-fio-randwrite-cores1,pcm_latency,l1_miss_latency,CORE2,11,28.38,ns
correlation-fio-randwrite-cores1,pcm_latency,l1_miss_latency,CORE2,12,52.42,ns
correlation-fio-randwrite-cores1,pcm_latency,l1_miss_latency,CORE2,13,33.22,ns
correlation-fio-randwrite-cores1,pcm_latency,l1_miss_latency,CORE2,14,34.26,ns
correlation-fio-randwrite-cores1,pcm_latency,l1_miss_latency,CORE2,15,35.4,ns
correlation-fio-randwrite-cores1,pcm_latency,l1_miss_latency,CORE2,16,33.56,ns
correlation-fio-randwrite-cores1,pcm_latency,l1_miss_latency,CORE2,17,38.94,ns
correlation-fio-randwrite-cores1,pcm_latency,l1_miss_latency,CORE2,18,45.73,ns
correlation-fio-randwrite-cores1,pcm_latency,l1_miss_latency,CORE2,19,35.0,ns
correlation-fio-randwrite-cores1,pcm_latency,l1_miss_latency,CORE2,20,31.43,ns
correlation-fio-randwrite-cores1,pcm_latency,l1_miss_latency,CORE2,21,29.89,ns
correlation-fio-randwrite-cores1,pcm_latency,l1_miss_latency,CORE2,22,31.72,ns
correlation-fio-randwrite-cores1,pcm_latency,l1_miss_latency,CORE2,23,32.25,ns
correlation-fio-randwrite-cores1,pcm_latency,l1_miss_latency,CORE2,24,30.87,ns
correlation-fio-randwrite-cores1,pcm_latency,l1_miss_latency,CORE2,25,37.21,ns
correlation-fio-randwrite-cores1,pcm_latency,l1_miss_latency,CORE2,26,36.36,ns
correlation-fio-randwrite-cores1,pcm_latency,l1_miss_latency,CORE2,27,34.63,ns
correlation-fio-randwrite-cores1,pcm_latency,l1_miss_latency,CORE2,28,32.12,ns
correlation-fio-randwrite-cores1,pcm_latency,l1_miss_latency,CORE2,29,29.08,ns
correlation-fio-randwrite-cores1,pcm_latency,l1_miss_latency,CORE2,30,27.51,ns
correlation-fio-randwrite-cores1,pcm_latency,l1_miss_latency,CORE2,31,46.29,ns
correlation-fio-randwrite-cores1,pcm_latency,l1_miss_latency,CORE2,32,37.76,ns
correlation-fio-randwrite-cores1,pcm_latency,l1_miss_latency,CORE2,33,36.15,ns
correlation-fio-randwrite-cores1,pcm_latency,l1_miss_latency,CORE2,34,34.81,ns
correlation-fio-randwrite-cores1,pcm_latency,l1_miss_latency,CORE2,35,26.75,ns
correlation-fio-randwrite-cores1,pcm_latency,l1_miss_latency,CORE2,36,25.88,ns
correlation-fio-randwrite-cores1,pcm_latency,l1_miss_latency,CORE2,37,25.96,ns
correlation-fio-randwrite-cores1,pcm_latency,l1_miss_latency,CORE2,38,27.02,ns
correlation-fio-randwrite-cores1,pcm_latency,l1_miss_latency,CORE2,39,26.63,ns
correlation-fio-randwrite-cores1,pcm_latency,l1_miss_latency,CORE2,40,26.32,ns
correlation-fio-randwrite-cores1,pcm_latency,l1_miss_latency,CORE2,41,25.77,ns
correlation-fio-randwrite-cores1,pcm_latency,l1_miss_latency,CORE2,42,26.14,ns
correlation-fio-randwrite-cores1,pcm_latency,l1_miss_latency,CORE2,43,25.79,ns
correlation-fio-randwrite-cores1,pcm_latency,l1_miss_latency,CORE2,44,26.37,ns
correlation-fio-randwrite-cores1,pcm_latency,l1_miss_latency,CORE2,45,26.02,ns
correlation-fio-randwrite-cores1,pcm_latency,l1_miss_latency,CORE2,46,25.82,ns
correlation-fio-randwrite-cores1,pcm_latency,l1_miss_latency,CORE2,47,25.96,ns
correlation-fio-randwrite-cores1,pcm_latency,l1_miss_latency,CORE2,48,25.45,ns
correlation-fio-randwrite-cores1,pcm_latency,l1_miss_latency,CORE2,49,26.29,ns
correlation-fio-randwrite-cores1,pcm_latency,l1_miss_latency,CORE2,50,25.65,ns
correlation-fio-randwrite-cores1,pcm_latency,l1_miss_latency,CORE2,51,26.02,ns
correlation-fio-randwrite-cores1,pcm_latency,l1_miss_latency,CORE2,52,24.79,ns
correlation-fio-randwrite-cores1,pcm_latency,l1_miss_latency,CORE2,53,26.56,ns
correlation-fio-randwrite-cores1,pcm_latency,l1_miss_latency,CORE2,54,25.93,ns
correlation-fio-randwrite-cores1,pcm_latency,l1_miss_latency,CORE2,55,26.05,ns
correlation-fio-randwrite-cores1,pcm_latency,l1_miss_latency,CORE2,56,25.89,ns
correlation-fio-randwrite-cores1,pcm_latency,l1_miss_latency,CORE2,57,25.96,ns
correlation-fio-randwrite-cores1,pcm_latency,l1_miss_latency,CORE2,58,26.08,ns
correlation-fio-randwrite-cores1,pcm_latency,l1_miss_latency,CORE2,59,27.03,ns
correlation-fio-randwrite-cores1,pcm_latency,l1_miss_latency,CORE3,0,40.3,ns
correlation-fio-randwrite-cores1,pcm_latency,l1_miss_latency,CORE3,1,42.57,ns
correlation-fio-randwrite-cores1,pcm_latency,l1_miss_latency,CORE3,2,38.46,ns
correlation-fio-randwrite-cores1,pcm_latency,l1_miss_latency,CORE3,3,37.21,ns
correlation-fio-randwrite-cores1,pcm_latency,l1_miss_latency,CORE3,4,35.43,ns
correlation-fio-randwrite-cores1,pcm_latency,l1_miss_latency,CORE3,5,37.58,ns
correlation-fio-randwrite-cores1,pcm_latency,l1_miss_latency,CORE3,6,39.38,ns
correlation-fio-randwrite-cores1,pcm_latency,l1_miss_latency,CORE3,7,34.89,ns
correlation-fio-randwrite-cores1,pcm_latency,l1_miss_latency,CORE3,8,42.73,ns
correlation-fio-randwrite-cores1,pcm_latency,l1_miss_latency,CORE3,9,37.24,ns
correlation-fio-randwrite-cores1,pcm_latency,l1_miss_latency,CORE3,10,38.62,ns
correlation-fio-randwrite-cores1,pcm_latency,l1_miss_latency,CORE3,11,38.09,ns
correlation-fio-randwrite-cores1,pcm_latency,l1_miss_latency,CORE3,12,37.57,ns
correlation-fio-randwrite-cores1,pcm_latency,l1_miss_latency,CORE3,13,38.18,ns
correlation-fio-randwrite-cores1,pcm_latency,l1_miss_latency,CORE3,14,40.66,ns
correlation-fio-randwrite-cores1,pcm_latency,l1_miss_latency,CORE3,15,39.05,ns
correlation-fio-randwrite-cores1,pcm_latency,l1_miss_latency,CORE3,16,41.59,ns
correlation-fio-randwrite-cores1,pcm_latency,l1_miss_latency,CORE3,17,40.4,ns
correlation-fio-randwrite-cores1,pcm_latency,l1_miss_latency,CORE3,18,34.98,ns
correlation-fio-randwrite-cores1,pcm_latency,l1_miss_latency,CORE3,19,34.97,ns
correlation-fio-randwrite-cores1,pcm_latency,l1_miss_latency,CORE3,20,31.83,ns
correlation-fio-randwrite-cores1,pcm_latency,l1_miss_latency,CORE3,21,35.05,ns
correlation-fio-randwrite-cores1,pcm_latency,l1_miss_latency,CORE3,22,40.66,ns
correlation-fio-randwrite-cores1,pcm_latency,l1_miss_latency,CORE3,23,38.84,ns
correlation-fio-randwrite-cores1,pcm_latency,l1_miss_latency,CORE3,24,38.77,ns
correlation-fio-randwrite-cores1,pcm_latency,l1_miss_latency,CORE3,25,38.35,ns
correlation-fio-randwrite-cores1,pcm_latency,l1_miss_latency,CORE3,26,39.11,ns
correlation-fio-randwrite-cores1,pcm_latency,l1_miss_latency,CORE3,27,38.24,ns
correlation-fio-randwrite-cores1,pcm_latency,l1_miss_latency,CORE3,28,35.45,ns
correlation-fio-randwrite-cores1,pcm_latency,l1_miss_latency,CORE3,29,35.09,ns
correlation-fio-randwrite-cores1,pcm_latency,l1_miss_latency,CORE3,30,36.72,ns
correlation-fio-randwrite-cores1,pcm_latency,l1_miss_latency,CORE3,31,40.35,ns
correlation-fio-randwrite-cores1,pcm_latency,l1_miss_latency,CORE3,32,40.8,ns
correlation-fio-randwrite-cores1,pcm_latency,l1_miss_latency,CORE3,33,38.41,ns
correlation-fio-randwrite-cores1,pcm_latency,l1_miss_latency,CORE3,34,38.26,ns
correlation-fio-randwrite-cores1,pcm_latency,l1_miss_latency,CORE3,35,37.62,ns
correlation-fio-randwrite-cores1,pcm_latency,l1_miss_latency,CORE3,36,35.84,ns
correlation-fio-randwrite-cores1,pcm_latency,l1_miss_latency,CORE3,37,34.4,ns
correlation-fio-randwrite-cores1,pcm_latency,l1_miss_latency,CORE3,38,37.74,ns
correlation-fio-randwrite-cores1,pcm_latency,l1_miss_latency,CORE3,39,38.97,ns
correlation-fio-randwrite-cores1,pcm_latency,l1_miss_latency,CORE3,40,35.9,ns
correlation-fio-randwrite-cores1,pcm_latency,l1_miss_latency,CORE3,41,35.48,ns
correlation-fio-randwrite-cores1,pcm_latency,l1_miss_latency,CORE3,42,38.03,ns
correlation-fio-randwrite-cores1,pcm_latency,l1_miss_latency,CORE3,43,37.91,ns
correlation-fio-randwrite-cores1,pcm_latency,l1_miss_latency,CORE3,44,38.01,ns
correlation-fio-randwrite-cores1,pcm_latency,l1_miss_latency,CORE3,45,38.06,ns
correlation-fio-randwrite-cores1,pcm_latency,l1_miss_latency,CORE3,46,35.81,ns
correlation-fio-randwrite-cores1,pcm_latency,l1_miss_latency,CORE3,47,38.71,ns
correlation-fio-randwrite-cores1,pcm_latency,l1_miss_latency,CORE3,48,42.68,ns
correlation-fio-randwrite-cores1,pcm_latency,l1_miss_latency,CORE3,49,37.56,ns
correlation-fio-randwrite-cores1,pcm_latency,l1_miss_latency,CORE3,50,33.52,ns
correlation-fio-randwrite-cores1,pcm_latency,l1_miss_latency,CORE3,51,37.12,ns
correlation-fio-randwrite-cores1,pcm_latency,l1_miss_latency,CORE3,52,36.7,ns
correlation-fio-randwrite-cores1,pcm_latency,l1_miss_latency,CORE3,53,38.55,ns
correlation-fio-randwrite-cores1,pcm_latency,l1_miss_latency,CORE3,54,35.51,ns
correlation-fio-randwrite-cores1,pcm_latency,l1_miss_latency,CORE3,55,37.89,ns
correlation-fio-randwrite-cores1,pcm_latency,l1_miss_latency,CORE3,56,36.67,ns
correlation-fio-randwrite-cores1,pcm_latency,l1_miss_latency,CORE3,57,35.65,ns
correlation-fio-randwrite-cores1,pcm_latency,l1_miss_latency,CORE3,58,36.71,ns
correlation-fio-randwrite-cores1,pcm_latency,l1_miss_latency,CORE3,59,35.03,ns
correlation-fio-randwrite-cores1,pcm_latency,l1_miss_latency,CORE4,0,13.11,ns
correlation-fio-randwrite-cores1,pcm_latency,l1_miss_latency,CORE4,1,11.81,ns
correlation-fio-randwrite-cores1,pcm_latency,l1_miss_latency,CORE4,2,9.42,ns
correlation-fio-randwrite-cores1,pcm_latency,l1_miss_latency,CORE4,3,9.23,ns
correlation-fio-randwrite-cores1,pcm_latency,l1_miss_latency,CORE4,4,9.49,ns
correlation-fio-randwrite-cores1,pcm_latency,l1_miss_latency,CORE4,5,9.59,ns
correlation-fio-randwrite-cores1,pcm_latency,l1_miss_latency,CORE4,6,9.08,ns
correlation-fio-randwrite-cores1,pcm_latency,l1_miss_latency,CORE4,7,9.75,ns
correlation-fio-randwrite-cores1,pcm_latency,l1_miss_latency,CORE4,8,13.25,ns
correlation-fio-randwrite-cores1,pcm_latency,l1_miss_latency,CORE4,9,9.6,ns
correlation-fio-randwrite-cores1,pcm_latency,l1_miss_latency,CORE4,10,9.45,ns
correlation-fio-randwrite-cores1,pcm_latency,l1_miss_latency,CORE4,11,9.49,ns
correlation-fio-randwrite-cores1,pcm_latency,l1_miss_latency,CORE4,12,10.52,ns
correlation-fio-randwrite-cores1,pcm_latency,l1_miss_latency,CORE4,13,12.42,ns
correlation-fio-randwrite-cores1,pcm_latency,l1_miss_latency,CORE4,14,9.33,ns
correlation-fio-randwrite-cores1,pcm_latency,l1_miss_latency,CORE4,15,9.51,ns
correlation-fio-randwrite-cores1,pcm_latency,l1_miss_latency,CORE4,16,9.34,ns
correlation-fio-randwrite-cores1,pcm_latency,l1_miss_latency,CORE4,17,9.21,ns
correlation-fio-randwrite-cores1,pcm_latency,l1_miss_latency,CORE4,18,13.99,ns
correlation-fio-randwrite-cores1,pcm_latency,l1_miss_latency,CORE4,19,14.01,ns
correlation-fio-randwrite-cores1,pcm_latency,l1_miss_latency,CORE4,20,10.69,ns
correlation-fio-randwrite-cores1,pcm_latency,l1_miss_latency,CORE4,21,9.56,ns
correlation-fio-randwrite-cores1,pcm_latency,l1_miss_latency,CORE4,22,9.37,ns
correlation-fio-randwrite-cores1,pcm_latency,l1_miss_latency,CORE4,23,9.12,ns
correlation-fio-randwrite-cores1,pcm_latency,l1_miss_latency,CORE4,24,9.08,ns
correlation-fio-randwrite-cores1,pcm_latency,l1_miss_latency,CORE4,25,9.13,ns
correlation-fio-randwrite-cores1,pcm_latency,l1_miss_latency,CORE4,26,9.36,ns
correlation-fio-randwrite-cores1,pcm_latency,l1_miss_latency,CORE4,27,9.35,ns
correlation-fio-randwrite-cores1,pcm_latency,l1_miss_latency,CORE4,28,9.24,ns
correlation-fio-randwrite-cores1,pcm_latency,l1_miss_latency,CORE4,29,9.1,ns
correlation-fio-randwrite-cores1,pcm_latency,l1_miss_latency,CORE4,30,9.05,ns
correlation-fio-randwrite-cores1,pcm_latency,l1_miss_latency,CORE4,31,9.79,ns
correlation-fio-randwrite-cores1,pcm_latency,l1_miss_latency,CORE4,32,10.46,ns
correlation-fio-randwrite-cores1,pcm_latency,l1_miss_latency,CORE4,33,9.88,ns
correlation-fio-randwrite-cores1,pcm_latency,l1_miss_latency,CORE4,34,9.11,ns
correlation-fio-randwrite-cores1,pcm_latency,l1_miss_latency,CORE4,35,9.08,ns
correlation-fio-randwrite-cores1,pcm_latency,l1_miss_latency,CORE4,36,9.05,ns
correlation-fio-randwrite-cores1,pcm_latency,l1_miss_latency,CORE4,37,9.32,ns
correlation-fio-randwrite-cores1,pcm_latency,l1_miss_latency,CORE4,38,9.37,ns
correlation-fio-randwrite-cores1,pcm_latency,l1_miss_latency,CORE4,39,9.16,ns
correlation-fio-randwrite-cores1,pcm_latency,l1_miss_latency,CORE4,40,9.03,ns
correlation-fio-randwrite-cores1,pcm_latency,l1_miss_latency,CORE4,41,9.14,ns
correlation-fio-randwrite-cores1,pcm_latency,l1_miss_latency,CORE4,42,9.12,ns
correlation-fio-randwrite-cores1,pcm_latency,l1_miss_latency,CORE4,43,9.32,ns
correlation-fio-randwrite-cores1,pcm_latency,l1_miss_latency,CORE4,44,9.25,ns
correlation-fio-randwrite-cores1,pcm_latency,l1_miss_latency,CORE4,45,8.99,ns
correlation-fio-randwrite-cores1,pcm_latency,l1_miss_latency,CORE4,46,8.91,ns
correlation-fio-randwrite-cores1,pcm_latency,l1_miss_latency,CORE4,47,9.05,ns
correlation-fio-randwrite-cores1,pcm_latency,l1_miss_latency,CORE4,48,9.33,ns
correlation-fio-randwrite-cores1,pcm_latency,l1_miss_latency,CORE4,49,9.21,ns
correlation-fio-randwrite-cores1,pcm_latency,l1_miss_latency,CORE4,50,9.11,ns
correlation-fio-randwrite-cores1,pcm_latency,l1_miss_latency,CORE4,51,9.12,ns
correlation-fio-randwrite-cores1,pcm_latency,l1_miss_latency,CORE4,52,9.01,ns
correlation-fio-randwrite-cores1,pcm_latency,l1_miss_latency,CORE4,53,9.2,ns
correlation-fio-randwrite-cores1,pcm_latency,l1_miss_latency,CORE4,54,9.35,ns
correlation-fio-randwrite-cores1,pcm_latency,l1_miss_latency,CORE4,55,9.27,ns
correlation-fio-randwrite-cores1,pcm_latency,l1_miss_latency,CORE4,56,9.07,ns
correlation-fio-randwrite-cores1,pcm_latency,l1_miss_latency,CORE4,57,9.08,ns
correlation-fio-randwrite-cores1,pcm_latency,l1_miss_latency,CORE4,58,9.05,ns
correlation-fio-randwrite-cores1,pcm_latency,l1_miss_latency,CORE4,59,10.55,ns
correlation-fio-randwrite-cores1,pcm_latency,l1_miss_latency,CORE5,0,29.29,ns
correlation-fio-randwrite-cores1,pcm_latency,l1_miss_latency,CORE5,1,28.42,ns
correlation-fio-randwrite-cores1,pcm_latency,l1_miss_latency,CORE5,2,31.05,ns
correlation-fio-randwrite-cores1,pcm_latency,l1_miss_latency,CORE5,3,30.1,ns
correlation-fio-randwrite-cores1,pcm_latency,l1_miss_latency,CORE5,4,30.22,ns
correlation-fio-randwrite-cores1,pcm_latency,l1_miss_latency,CORE5,5,30.43,ns
correlation-fio-randwrite-cores1,pcm_latency,l1_miss_latency,CORE5,6,29.96,ns
correlation-fio-randwrite-cores1,pcm_latency,l1_miss_latency,CORE5,7,32.78,ns
correlation-fio-randwrite-cores1,pcm_latency,l1_miss_latency,CORE5,8,30.62,ns
correlation-fio-randwrite-cores1,pcm_latency,l1_miss_latency,CORE5,9,29.38,ns
correlation-fio-randwrite-cores1,pcm_latency,l1_miss_latency,CORE5,10,31.46,ns
correlation-fio-randwrite-cores1,pcm_latency,l1_miss_latency,CORE5,11,29.56,ns
correlation-fio-randwrite-cores1,pcm_latency,l1_miss_latency,CORE5,12,31.47,ns
correlation-fio-randwrite-cores1,pcm_latency,l1_miss_latency,CORE5,13,28.98,ns
correlation-fio-randwrite-cores1,pcm_latency,l1_miss_latency,CORE5,14,31.02,ns
correlation-fio-randwrite-cores1,pcm_latency,l1_miss_latency,CORE5,15,29.38,ns
correlation-fio-randwrite-cores1,pcm_latency,l1_miss_latency,CORE5,16,29.01,ns
correlation-fio-randwrite-cores1,pcm_latency,l1_miss_latency,CORE5,17,29.56,ns
correlation-fio-randwrite-cores1,pcm_latency,l1_miss_latency,CORE5,18,13.21,ns
correlation-fio-randwrite-cores1,pcm_latency,l1_miss_latency,CORE5,19,18.55,ns
correlation-fio-randwrite-cores1,pcm_latency,l1_miss_latency,CORE5,20,29.12,ns
correlation-fio-randwrite-cores1,pcm_latency,l1_miss_latency,CORE5,21,30.41,ns
correlation-fio-randwrite-cores1,pcm_latency,l1_miss_latency,CORE5,22,29.55,ns
correlation-fio-randwrite-cores1,pcm_latency,l1_miss_latency,CORE5,23,29.72,ns
correlation-fio-randwrite-cores1,pcm_latency,l1_miss_latency,CORE5,24,27.52,ns
correlation-fio-randwrite-cores1,pcm_latency,l1_miss_latency,CORE5,25,29.21,ns
correlation-fio-randwrite-cores1,pcm_latency,l1_miss_latency,CORE5,26,28.54,ns
correlation-fio-randwrite-cores1,pcm_latency,l1_miss_latency,CORE5,27,30.87,ns
correlation-fio-randwrite-cores1,pcm_latency,l1_miss_latency,CORE5,28,28.25,ns
correlation-fio-randwrite-cores1,pcm_latency,l1_miss_latency,CORE5,29,29.42,ns
correlation-fio-randwrite-cores1,pcm_latency,l1_miss_latency,CORE5,30,29.22,ns
correlation-fio-randwrite-cores1,pcm_latency,l1_miss_latency,CORE5,31,13.42,ns
correlation-fio-randwrite-cores1,pcm_latency,l1_miss_latency,CORE5,32,16.92,ns
correlation-fio-randwrite-cores1,pcm_latency,l1_miss_latency,CORE5,33,30.27,ns
correlation-fio-randwrite-cores1,pcm_latency,l1_miss_latency,CORE5,34,27.77,ns
correlation-fio-randwrite-cores1,pcm_latency,l1_miss_latency,CORE5,35,29.85,ns
correlation-fio-randwrite-cores1,pcm_latency,l1_miss_latency,CORE5,36,28.87,ns
correlation-fio-randwrite-cores1,pcm_latency,l1_miss_latency,CORE5,37,29.65,ns
correlation-fio-randwrite-cores1,pcm_latency,l1_miss_latency,CORE5,38,30.82,ns
correlation-fio-randwrite-cores1,pcm_latency,l1_miss_latency,CORE5,39,30.19,ns
correlation-fio-randwrite-cores1,pcm_latency,l1_miss_latency,CORE5,40,28.55,ns
correlation-fio-randwrite-cores1,pcm_latency,l1_miss_latency,CORE5,41,29.39,ns
correlation-fio-randwrite-cores1,pcm_latency,l1_miss_latency,CORE5,42,29.96,ns
correlation-fio-randwrite-cores1,pcm_latency,l1_miss_latency,CORE5,43,29.5,ns
correlation-fio-randwrite-cores1,pcm_latency,l1_miss_latency,CORE5,44,29.29,ns
correlation-fio-randwrite-cores1,pcm_latency,l1_miss_latency,CORE5,45,28.96,ns
correlation-fio-randwrite-cores1,pcm_latency,l1_miss_latency,CORE5,46,29.21,ns
correlation-fio-randwrite-cores1,pcm_latency,l1_miss_latency,CORE5,47,30.46,ns
correlation-fio-randwrite-cores1,pcm_latency,l1_miss_latency,CORE5,48,29.43,ns
correlation-fio-randwrite-cores1,pcm_latency,l1_miss_latency,CORE5,49,29.5,ns
correlation-fio-randwrite-cores1,pcm_latency,l1_miss_latency,CORE5,50,28.82,ns
correlation-fio-randwrite-cores1,pcm_latency,l1_miss_latency,CORE5,51,30.02,ns
correlation-fio-randwrite-cores1,pcm_latency,l1_miss_latency,CORE5,52,27.85,ns
correlation-fio-randwrite-cores1,pcm_latency,l1_miss_latency,CORE5,53,27.16,ns
correlation-fio-randwrite-cores1,pcm_latency,l1_miss_latency,CORE5,54,30.1,ns
correlation-fio-randwrite-cores1,pcm_latency,l1_miss_latency,CORE5,55,29.46,ns
correlation-fio-randwrite-cores1,pcm_latency,l1_miss_latency,CORE5,56,28.48,ns
correlation-fio-randwrite-cores1,pcm_latency,l1_miss_latency,CORE5,57,27.12,ns
correlation-fio-randwrite-cores1,pcm_latency,l1_miss_latency,CORE5,58,28.16,ns
correlation-fio-randwrite-cores1,pcm_latency,l1_miss_latency,CORE5,59,29.22,ns
correlation-fio-randwrite-cores1,pcm_latency,l1_miss_latency,CORE6,0,47.7,ns
correlation-fio-randwrite-cores1,pcm_latency,l1_miss_latency,CORE6,1,33.99,ns
correlation-fio-randwrite-cores1,pcm_latency,l1_miss_latency,CORE6,2,28.46,ns
correlation-fio-randwrite-cores1,pcm_latency,l1_miss_latency,CORE6,3,27.66,ns
correlation-fio-randwrite-cores1,pcm_latency,l1_miss_latency,CORE6,4,30.39,ns
correlation-fio-randwrite-cores1,pcm_latency,l1_miss_latency,CORE6,5,29.32,ns
correlation-fio-randwrite-cores1,pcm_latency,l1_miss_latency,CORE6,6,29.5,ns
correlation-fio-randwrite-cores1,pcm_latency,l1_miss_latency,CORE6,7,42.63,ns
correlation-fio-randwrite-cores1,pcm_latency,l1_miss_latency,CORE6,8,29.16,ns
correlation-fio-randwrite-cores1,pcm_latency,l1_miss_latency,CORE6,9,24.96,ns
correlation-fio-randwrite-cores1,pcm_latency,l1_miss_latency,CORE6,10,33.29,ns
correlation-fio-randwrite-cores1,pcm_latency,l1_miss_latency,CORE6,11,26.93,ns
correlation-fio-randwrite-cores1,pcm_latency,l1_miss_latency,CORE6,12,39.86,ns
correlation-fio-randwrite-cores1,pcm_latency,l1_miss_latency,CORE6,13,32.58,ns
correlation-fio-randwrite-cores1,pcm_latency,l1_miss_latency,CORE6,14,38.81,ns
correlation-fio-randwrite-cores1,pcm_latency,l1_miss_latency,CORE6,15,29.52,ns
correlation-fio-randwrite-cores1,pcm_latency,l1_miss_latency,CORE6,16,29.31,ns
correlation-fio-randwrite-cores1,pcm_latency,l1_miss_latency,CORE6,17,31.59,ns
correlation-fio-randwrite-cores1,pcm_latency,l1_miss_latency,CORE6,18,25.06,ns
correlation-fio-randwrite-cores1,pcm_latency,l1_miss_latency,CORE6,19,29.07,ns
correlation-fio-randwrite-cores1,pcm_latency,l1_miss_latency,CORE6,20,31.21,ns
correlation-fio-randwrite-cores1,pcm_latency,l1_miss_latency,CORE6,21,32.19,ns
correlation-fio-randwrite-cores1,pcm_latency,l1_miss_latency,CORE6,22,30.7,ns
correlation-fio-randwrite-cores1,pcm_latency,l1_miss_latency,CORE6,23,32.91,ns
correlation-fio-randwrite-cores1,pcm_latency,l1_miss_latency,CORE6,24,31.52,ns
correlation-fio-randwrite-cores1,pcm_latency,l1_miss_latency,CORE6,25,33.38,ns
correlation-fio-randwrite-cores1,pcm_latency,l1_miss_latency,CORE6,26,32.06,ns
correlation-fio-randwrite-cores1,pcm_latency,l1_miss_latency,CORE6,27,33.46,ns
correlation-fio-randwrite-cores1,pcm_latency,l1_miss_latency,CORE6,28,33.07,ns
correlation-fio-randwrite-cores1,pcm_latency,l1_miss_latency,CORE6,29,31.17,ns
correlation-fio-randwrite-cores1,pcm_latency,l1_miss_latency,CORE6,30,33.0,ns
correlation-fio-randwrite-cores1,pcm_latency,l1_miss_latency,CORE6,31,35.29,ns
correlation-fio-randwrite-cores1,pcm_latency,l1_miss_latency,CORE6,32,41.86,ns
correlation-fio-randwrite-cores1,pcm_latency,l1_miss_latency,CORE6,33,35.02,ns
correlation-fio-randwrite-cores1,pcm_latency,l1_miss_latency,CORE6,34,38.04,ns
correlation-fio-randwrite-cores1,pcm_latency,l1_miss_latency,CORE6,35,34.75,ns
correlation-fio-randwrite-cores1,pcm_latency,l1_miss_latency,CORE6,36,29.04,ns
correlation-fio-randwrite-cores1,pcm_latency,l1_miss_latency,CORE6,37,34.15,ns
correlation-fio-randwrite-cores1,pcm_latency,l1_miss_latency,CORE6,38,34.97,ns
correlation-fio-randwrite-cores1,pcm_latency,l1_miss_latency,CORE6,39,32.77,ns
correlation-fio-randwrite-cores1,pcm_latency,l1_miss_latency,CORE6,40,35.07,ns
correlation-fio-randwrite-cores1,pcm_latency,l1_miss_latency,CORE6,41,39.27,ns
correlation-fio-randwrite-cores1,pcm_latency,l1_miss_latency,CORE6,42,30.31,ns
correlation-fio-randwrite-cores1,pcm_latency,l1_miss_latency,CORE6,43,32.41,ns
correlation-fio-randwrite-cores1,pcm_latency,l1_miss_latency,CORE6,44,28.86,ns
correlation-fio-randwrite-cores1,pcm_latency,l1_miss_latency,CORE6,45,31.04,ns
correlation-fio-randwrite-cores1,pcm_latency,l1_miss_latency,CORE6,46,36.12,ns
correlation-fio-randwrite-cores1,pcm_latency,l1_miss_latency,CORE6,47,36.44,ns
correlation-fio-randwrite-cores1,pcm_latency,l1_miss_latency,CORE6,48,32.64,ns
correlation-fio-randwrite-cores1,pcm_latency,l1_miss_latency,CORE6,49,26.46,ns
correlation-fio-randwrite-cores1,pcm_latency,l1_miss_latency,CORE6,50,29.97,ns
correlation-fio-randwrite-cores1,pcm_latency,l1_miss_latency,CORE6,51,31.43,ns
correlation-fio-randwrite-cores1,pcm_latency,l1_miss_latency,CORE6,52,33.72,ns
correlation-fio-randwrite-cores1,pcm_latency,l1_miss_latency,CORE6,53,34.18,ns
correlation-fio-randwrite-cores1,pcm_latency,l1_miss_latency,CORE6,54,31.72,ns
correlation-fio-randwrite-cores1,pcm_latency,l1_miss_latency,CORE6,55,31.01,ns
correlation-fio-randwrite-cores1,pcm_latency,l1_miss_latency,CORE6,56,29.49,ns
correlation-fio-randwrite-cores1,pcm_latency,l1_miss_latency,CORE6,57,31.23,ns
correlation-fio-randwrite-cores1,pcm_latency,l1_miss_latency,CORE6,58,29.24,ns
correlation-fio-randwrite-cores1,pcm_latency,l1_miss_latency,CORE6,59,27.07,ns
correlation-fio-randwrite-cores1,pcm_latency,l1_miss_latency,CORE7,0,45.11,ns
correlation-fio-randwrite-cores1,pcm_latency,l1_miss_latency,CORE7,1,32.06,ns
correlation-fio-randwrite-cores1,pcm_latency,l1_miss_latency,CORE7,2,27.42,ns
correlation-fio-randwrite-cores1,pcm_latency,l1_miss_latency,CORE7,3,23.61,ns
correlation-fio-randwrite-cores1,pcm_latency,l1_miss_latency,CORE7,4,30.86,ns
correlation-fio-randwrite-cores1,pcm_latency,l1_miss_latency,CORE7,5,26.08,ns
correlation-fio-randwrite-cores1,pcm_latency,l1_miss_latency,CORE7,6,27.46,ns
correlation-fio-randwrite-cores1,pcm_latency,l1_miss_latency,CORE7,7,38.66,ns
correlation-fio-randwrite-cores1,pcm_latency,l1_miss_latency,CORE7,8,38.96,ns
correlation-fio-randwrite-cores1,pcm_latency,l1_miss_latency,CORE7,9,36.15,ns
correlation-fio-randwrite-cores1,pcm_latency,l1_miss_latency,CORE7,10,38.14,ns
correlation-fio-randwrite-cores1,pcm_latency,l1_miss_latency,CORE7,11,36.89,ns
correlation-fio-randwrite-cores1,pcm_latency,l1_miss_latency,CORE7,12,44.38,ns
correlation-fio-randwrite-cores1,pcm_latency,l1_miss_latency,CORE7,13,41.82,ns
correlation-fio-randwrite-cores1,pcm_latency,l1_miss_latency,CORE7,14,36.03,ns
correlation-fio-randwrite-cores1,pcm_latency,l1_miss_latency,CORE7,15,42.71,ns
correlation-fio-randwrite-cores1,pcm_latency,l1_miss_latency,CORE7,16,42.62,ns
correlation-fio-randwrite-cores1,pcm_latency,l1_miss_latency,CORE7,17,42.89,ns
correlation-fio-randwrite-cores1,pcm_latency,l1_miss_latency,CORE7,18,47.43,ns
correlation-fio-randwrite-cores1,pcm_latency,l1_miss_latency,CORE7,19,43.92,ns
correlation-fio-randwrite-cores1,pcm_latency,l1_miss_latency,CORE7,20,35.35,ns
correlation-fio-randwrite-cores1,pcm_latency,l1_miss_latency,CORE7,21,30.42,ns
correlation-fio-randwrite-cores1,pcm_latency,l1_miss_latency,CORE7,22,33.4,ns
correlation-fio-randwrite-cores1,pcm_latency,l1_miss_latency,CORE7,23,31.34,ns
correlation-fio-randwrite-cores1,pcm_latency,l1_miss_latency,CORE7,24,25.89,ns
correlation-fio-randwrite-cores1,pcm_latency,l1_miss_latency,CORE7,25,28.48,ns
correlation-fio-randwrite-cores1,pcm_latency,l1_miss_latency,CORE7,26,30.69,ns
correlation-fio-randwrite-cores1,pcm_latency,l1_miss_latency,CORE7,27,28.47,ns
correlation-fio-randwrite-cores1,pcm_latency,l1_miss_latency,CORE7,28,29.6,ns
correlation-fio-randwrite-cores1,pcm_latency,l1_miss_latency,CORE7,29,34.57,ns
correlation-fio-randwrite-cores1,pcm_latency,l1_miss_latency,CORE7,30,24.74,ns
correlation-fio-randwrite-cores1,pcm_latency,l1_miss_latency,CORE7,31,41.05,ns
correlation-fio-randwrite-cores1,pcm_latency,l1_miss_latency,CORE7,32,36.25,ns
correlation-fio-randwrite-cores1,pcm_latency,l1_miss_latency,CORE7,33,29.59,ns
correlation-fio-randwrite-cores1,pcm_latency,l1_miss_latency,CORE7,34,30.41,ns
correlation-fio-randwrite-cores1,pcm_latency,l1_miss_latency,CORE7,35,35.3,ns
correlation-fio-randwrite-cores1,pcm_latency,l1_miss_latency,CORE7,36,26.16,ns
correlation-fio-randwrite-cores1,pcm_latency,l1_miss_latency,CORE7,37,29.23,ns
correlation-fio-randwrite-cores1,pcm_latency,l1_miss_latency,CORE7,38,31.43,ns
correlation-fio-randwrite-cores1,pcm_latency,l1_miss_latency,CORE7,39,33.36,ns
correlation-fio-randwrite-cores1,pcm_latency,l1_miss_latency,CORE7,40,29.19,ns
correlation-fio-randwrite-cores1,pcm_latency,l1_miss_latency,CORE7,41,33.57,ns
correlation-fio-randwrite-cores1,pcm_latency,l1_miss_latency,CORE7,42,34.58,ns
correlation-fio-randwrite-cores1,pcm_latency,l1_miss_latency,CORE7,43,33.05,ns
correlation-fio-randwrite-cores1,pcm_latency,l1_miss_latency,CORE7,44,26.09,ns
correlation-fio-randwrite-cores1,pcm_latency,l1_miss_latency,CORE7,45,32.78,ns
correlation-fio-randwrite-cores1,pcm_latency,l1_miss_latency,CORE7,46,28.97,ns
correlation-fio-randwrite-cores1,pcm_latency,l1_miss_latency,CORE7,47,40.48,ns
correlation-fio-randwrite-cores1,pcm_latency,l1_miss_latency,CORE7,48,30.07,ns
correlation-fio-randwrite-cores1,pcm_latency,l1_miss_latency,CORE7,49,25.47,ns
correlation-fio-randwrite-cores1,pcm_latency,l1_miss_latency,CORE7,50,27.7,ns
correlation-fio-randwrite-cores1,pcm_latency,l1_miss_latency,CORE7,51,28.41,ns
correlation-fio-randwrite-cores1,pcm_latency,l1_miss_latency,CORE7,52,29.87,ns
correlation-fio-randwrite-cores1,pcm_latency,l1_miss_latency,CORE7,53,36.9,ns
correlation-fio-randwrite-cores1,pcm_latency,l1_miss_latency,CORE7,54,36.58,ns
correlation-fio-randwrite-cores1,pcm_latency,l1_miss_latency,CORE7,55,30.89,ns
correlation-fio-randwrite-cores1,pcm_latency,l1_miss_latency,CORE7,56,26.36,ns
correlation-fio-randwrite-cores1,pcm_latency,l1_miss_latency,CORE7,57,26.98,ns
correlation-fio-randwrite-cores1,pcm_latency,l1_miss_latency,CORE7,58,32.56,ns
correlation-fio-randwrite-cores1,pcm_latency,l1_miss_latency,CORE7,59,34.79,ns
correlation-fio-randwrite-cores1,pcm_latency,l1_miss_latency,CORE8,0,44.62,ns
correlation-fio-randwrite-cores1,pcm_latency,l1_miss_latency,CORE8,1,38.83,ns
correlation-fio-randwrite-cores1,pcm_latency,l1_miss_latency,CORE8,2,31.51,ns
correlation-fio-randwrite-cores1,pcm_latency,l1_miss_latency,CORE8,3,36.06,ns
correlation-fio-randwrite-cores1,pcm_latency,l1_miss_latency,CORE8,4,34.08,ns
correlation-fio-randwrite-cores1,pcm_latency,l1_miss_latency,CORE8,5,38.66,ns
correlation-fio-randwrite-cores1,pcm_latency,l1_miss_latency,CORE8,6,26.59,ns
correlation-fio-randwrite-cores1,pcm_latency,l1_miss_latency,CORE8,7,35.21,ns
correlation-fio-randwrite-cores1,pcm_latency,l1_miss_latency,CORE8,8,34.4,ns
correlation-fio-randwrite-cores1,pcm_latency,l1_miss_latency,CORE8,9,25.86,ns
correlation-fio-randwrite-cores1,pcm_latency,l1_miss_latency,CORE8,10,34.19,ns
correlation-fio-randwrite-cores1,pcm_latency,l1_miss_latency,CORE8,11,36.89,ns
correlation-fio-randwrite-cores1,pcm_latency,l1_miss_latency,CORE8,12,39.1,ns
correlation-fio-randwrite-cores1,pcm_latency,l1_miss_latency,CORE8,13,39.7,ns
correlation-fio-randwrite-cores1,pcm_latency,l1_miss_latency,CORE8,14,35.43,ns
correlation-fio-randwrite-cores1,pcm_latency,l1_miss_latency,CORE8,15,33.24,ns
correlation-fio-randwrite-cores1,pcm_latency,l1_miss_latency,CORE8,16,41.38,ns
correlation-fio-randwrite-cores1,pcm_latency,l1_miss_latency,CORE8,17,36.63,ns
correlation-fio-randwrite-cores1,pcm_latency,l1_miss_latency,CORE8,18,36.18,ns
correlation-fio-randwrite-cores1,pcm_latency,l1_miss_latency,CORE8,19,37.62,ns
correlation-fio-randwrite-cores1,pcm_latency,l1_miss_latency,CORE8,20,33.02,ns
correlation-fio-randwrite-cores1,pcm_latency,l1_miss_latency,CORE8,21,25.03,ns
correlation-fio-randwrite-cores1,pcm_latency,l1_miss_latency,CORE8,22,38.06,ns
correlation-fio-randwrite-cores1,pcm_latency,l1_miss_latency,CORE8,23,29.19,ns
correlation-fio-randwrite-cores1,pcm_latency,l1_miss_latency,CORE8,24,34.32,ns
correlation-fio-randwrite-cores1,pcm_latency,l1_miss_latency,CORE8,25,38.44,ns
correlation-fio-randwrite-cores1,pcm_latency,l1_miss_latency,CORE8,26,32.56,ns
correlation-fio-randwrite-cores1,pcm_latency,l1_miss_latency,CORE8,27,37.64,ns
correlation-fio-randwrite-cores1,pcm_latency,l1_miss_latency,CORE8,28,44.3,ns
correlation-fio-randwrite-cores1,pcm_latency,l1_miss_latency,CORE8,29,34.49,ns
correlation-fio-randwrite-cores1,pcm_latency,l1_miss_latency,CORE8,30,37.31,ns
correlation-fio-randwrite-cores1,pcm_latency,l1_miss_latency,CORE8,31,41.7,ns
correlation-fio-randwrite-cores1,pcm_latency,l1_miss_latency,CORE8,32,39.62,ns
correlation-fio-randwrite-cores1,pcm_latency,l1_miss_latency,CORE8,33,31.3,ns
correlation-fio-randwrite-cores1,pcm_latency,l1_miss_latency,CORE8,34,39.49,ns
correlation-fio-randwrite-cores1,pcm_latency,l1_miss_latency,CORE8,35,38.21,ns
correlation-fio-randwrite-cores1,pcm_latency,l1_miss_latency,CORE8,36,31.07,ns
correlation-fio-randwrite-cores1,pcm_latency,l1_miss_latency,CORE8,37,31.3,ns
correlation-fio-randwrite-cores1,pcm_latency,l1_miss_latency,CORE8,38,32.22,ns
correlation-fio-randwrite-cores1,pcm_latency,l1_miss_latency,CORE8,39,41.36,ns
correlation-fio-randwrite-cores1,pcm_latency,l1_miss_latency,CORE8,40,36.07,ns
correlation-fio-randwrite-cores1,pcm_latency,l1_miss_latency,CORE8,41,33.03,ns
correlation-fio-randwrite-cores1,pcm_latency,l1_miss_latency,CORE8,42,30.56,ns
correlation-fio-randwrite-cores1,pcm_latency,l1_miss_latency,CORE8,43,32.16,ns
correlation-fio-randwrite-cores1,pcm_latency,l1_miss_latency,CORE8,44,29.21,ns
correlation-fio-randwrite-cores1,pcm_latency,l1_miss_latency,CORE8,45,39.33,ns
correlation-fio-randwrite-cores1,pcm_latency,l1_miss_latency,CORE8,46,32.2,ns
correlation-fio-randwrite-cores1,pcm_latency,l1_miss_latency,CORE8,47,42.73,ns
correlation-fio-randwrite-cores1,pcm_latency,l1_miss_latency,CORE8,48,32.44,ns
correlation-fio-randwrite-cores1,pcm_latency,l1_miss_latency,CORE8,49,26.47,ns
correlation-fio-randwrite-cores1,pcm_latency,l1_miss_latency,CORE8,50,35.43,ns
correlation-fio-randwrite-cores1,pcm_latency,l1_miss_latency,CORE8,51,34.84,ns
correlation-fio-randwrite-cores1,pcm_latency,l1_miss_latency,CORE8,52,34.5,ns
correlation-fio-randwrite-cores1,pcm_latency,l1_miss_latency,CORE8,53,34.1,ns
correlation-fio-randwrite-cores1,pcm_latency,l1_miss_latency,CORE8,54,35.72,ns
correlation-fio-randwrite-cores1,pcm_latency,l1_miss_latency,CORE8,55,31.87,ns
correlation-fio-randwrite-cores1,pcm_latency,l1_miss_latency,CORE8,56,29.59,ns
correlation-fio-randwrite-cores1,pcm_latency,l1_miss_latency,CORE8,57,39.33,ns
correlation-fio-randwrite-cores1,pcm_latency,l1_miss_latency,CORE8,58,34.76,ns
correlation-fio-randwrite-cores1,pcm_latency,l1_miss_latency,CORE8,59,41.06,ns
correlation-fio-randwrite-cores1,pcm_latency,l1_miss_latency,CORE9,0,47.61,ns
correlation-fio-randwrite-cores1,pcm_latency,l1_miss_latency,CORE9,1,35.81,ns
correlation-fio-randwrite-cores1,pcm_latency,l1_miss_latency,CORE9,2,31.81,ns
correlation-fio-randwrite-cores1,pcm_latency,l1_miss_latency,CORE9,3,31.11,ns
correlation-fio-randwrite-cores1,pcm_latency,l1_miss_latency,CORE9,4,37.5,ns
correlation-fio-randwrite-cores1,pcm_latency,l1_miss_latency,CORE9,5,33.83,ns
correlation-fio-randwrite-cores1,pcm_latency,l1_miss_latency,CORE9,6,31.08,ns
correlation-fio-randwrite-cores1,pcm_latency,l1_miss_latency,CORE9,7,33.16,ns
correlation-fio-randwrite-cores1,pcm_latency,l1_miss_latency,CORE9,8,31.57,ns
correlation-fio-randwrite-cores1,pcm_latency,l1_miss_latency,CORE9,9,29.02,ns
correlation-fio-randwrite-cores1,pcm_latency,l1_miss_latency,CORE9,10,34.39,ns
correlation-fio-randwrite-cores1,pcm_latency,l1_miss_latency,CORE9,11,29.58,ns
correlation-fio-randwrite-cores1,pcm_latency,l1_miss_latency,CORE9,12,38.79,ns
correlation-fio-randwrite-cores1,pcm_latency,l1_miss_latency,CORE9,13,37.37,ns
correlation-fio-randwrite-cores1,pcm_latency,l1_miss_latency,CORE9,14,35.14,ns
correlation-fio-randwrite-cores1,pcm_latency,l1_miss_latency,CORE9,15,31.91,ns
correlation-fio-randwrite-cores1,pcm_latency,l1_miss_latency,CORE9,16,36.41,ns
correlation-fio-randwrite-cores1,pcm_latency,l1_miss_latency,CORE9,17,32.48,ns
correlation-fio-randwrite-cores1,pcm_latency,l1_miss_latency,CORE9,18,45.08,ns
correlation-fio-randwrite-cores1,pcm_latency,l1_miss_latency,CORE9,19,37.8,ns
correlation-fio-randwrite-cores1,pcm_latency,l1_miss_latency,CORE9,20,32.99,ns
correlation-fio-randwrite-cores1,pcm_latency,l1_miss_latency,CORE9,21,31.74,ns
correlation-fio-randwrite-cores1,pcm_latency,l1_miss_latency,CORE9,22,38.01,ns
correlation-fio-randwrite-cores1,pcm_latency,l1_miss_latency,CORE9,23,28.83,ns
correlation-fio-randwrite-cores1,pcm_latency,l1_miss_latency,CORE9,24,26.46,ns
correlation-fio-randwrite-cores1,pcm_latency,l1_miss_latency,CORE9,25,38.8,ns
correlation-fio-randwrite-cores1,pcm_latency,l1_miss_latency,CORE9,26,33.99,ns
correlation-fio-randwrite-cores1,pcm_latency,l1_miss_latency,CORE9,27,34.37,ns
correlation-fio-randwrite-cores1,pcm_latency,l1_miss_latency,CORE9,28,33.68,ns
correlation-fio-randwrite-cores1,pcm_latency,l1_miss_latency,CORE9,29,34.4,ns
correlation-fio-randwrite-cores1,pcm_latency,l1_miss_latency,CORE9,30,28.35,ns
correlation-fio-randwrite-cores1,pcm_latency,l1_miss_latency,CORE9,31,41.37,ns
correlation-fio-randwrite-cores1,pcm_latency,l1_miss_latency,CORE9,32,35.19,ns
correlation-fio-randwrite-cores1,pcm_latency,l1_miss_latency,CORE9,33,31.3,ns
correlation-fio-randwrite-cores1,pcm_latency,l1_miss_latency,CORE9,34,31.16,ns
correlation-fio-randwrite-cores1,pcm_latency,l1_miss_latency,CORE9,35,31.37,ns
correlation-fio-randwrite-cores1,pcm_latency,l1_miss_latency,CORE9,36,29.75,ns
correlation-fio-randwrite-cores1,pcm_latency,l1_miss_latency,CORE9,37,32.62,ns
correlation-fio-randwrite-cores1,pcm_latency,l1_miss_latency,CORE9,38,33.55,ns
correlation-fio-randwrite-cores1,pcm_latency,l1_miss_latency,CORE9,39,33.08,ns
correlation-fio-randwrite-cores1,pcm_latency,l1_miss_latency,CORE9,40,32.57,ns
correlation-fio-randwrite-cores1,pcm_latency,l1_miss_latency,CORE9,41,35.54,ns
correlation-fio-randwrite-cores1,pcm_latency,l1_miss_latency,CORE9,42,32.08,ns
correlation-fio-randwrite-cores1,pcm_latency,l1_miss_latency,CORE9,43,33.32,ns
correlation-fio-randwrite-cores1,pcm_latency,l1_miss_latency,CORE9,44,32.09,ns
correlation-fio-randwrite-cores1,pcm_latency,l1_miss_latency,CORE9,45,29.61,ns
correlation-fio-randwrite-cores1,pcm_latency,l1_miss_latency,CORE9,46,30.8,ns
correlation-fio-randwrite-cores1,pcm_latency,l1_miss_latency,CORE9,47,35.81,ns
correlation-fio-randwrite-cores1,pcm_latency,l1_miss_latency,CORE9,48,31.59,ns
correlation-fio-randwrite-cores1,pcm_latency,l1_miss_latency,CORE9,49,30.93,ns
correlation-fio-randwrite-cores1,pcm_latency,l1_miss_latency,CORE9,50,34.28,ns
correlation-fio-randwrite-cores1,pcm_latency,l1_miss_latency,CORE9,51,31.51,ns
correlation-fio-randwrite-cores1,pcm_latency,l1_miss_latency,CORE9,52,29.21,ns
correlation-fio-randwrite-cores1,pcm_latency,l1_miss_latency,CORE9,53,30.53,ns
correlation-fio-randwrite-cores1,pcm_latency,l1_miss_latency,CORE9,54,31.48,ns
correlation-fio-randwrite-cores1,pcm_latency,l1_miss_latency,CORE9,55,35.55,ns
correlation-fio-randwrite-cores1,pcm_latency,l1_miss_latency,CORE9,56,28.37,ns
correlation-fio-randwrite-cores1,pcm_latency,l1_miss_latency,CORE9,57,32.55,ns
correlation-fio-randwrite-cores1,pcm_latency,l1_miss_latency,CORE9,58,30.43,ns
correlation-fio-randwrite-cores1,pcm_latency,l1_miss_latency,CORE9,59,35.22,ns
correlation-fio-randwrite-cores1,pcm_latency,l1_miss_latency,CORE10,0,15.39,ns
correlation-fio-randwrite-cores1,pcm_latency,l1_miss_latency,CORE10,1,36.87,ns
correlation-fio-randwrite-cores1,pcm_latency,l1_miss_latency,CORE10,2,33.1,ns
correlation-fio-randwrite-cores1,pcm_latency,l1_miss_latency,CORE10,3,18.76,ns
correlation-fio-randwrite-cores1,pcm_latency,l1_miss_latency,CORE10,4,30.99,ns
correlation-fio-randwrite-cores1,pcm_latency,l1_miss_latency,CORE10,5,23.33,ns
correlation-fio-randwrite-cores1,pcm_latency,l1_miss_latency,CORE10,6,31.95,ns
correlation-fio-randwrite-cores1,pcm_latency,l1_miss_latency,CORE10,7,34.13,ns
correlation-fio-randwrite-cores1,pcm_latency,l1_miss_latency,CORE10,8,24.41,ns
correlation-fio-randwrite-cores1,pcm_latency,l1_miss_latency,CORE10,9,32.95,ns
correlation-fio-randwrite-cores1,pcm_latency,l1_miss_latency,CORE10,10,16.43,ns
correlation-fio-randwrite-cores1,pcm_latency,l1_miss_latency,CORE10,11,31.61,ns
correlation-fio-randwrite-cores1,pcm_latency,l1_miss_latency,CORE10,12,24.27,ns
correlation-fio-randwrite-cores1,pcm_latency,l1_miss_latency,CORE10,13,24.47,ns
correlation-fio-randwrite-cores1,pcm_latency,l1_miss_latency,CORE10,14,22.47,ns
correlation-fio-randwrite-cores1,pcm_latency,l1_miss_latency,CORE10,15,28.64,ns
correlation-fio-randwrite-cores1,pcm_latency,l1_miss_latency,CORE10,16,19.99,ns
correlation-fio-randwrite-cores1,pcm_latency,l1_miss_latency,CORE10,17,32.57,ns
correlation-fio-randwrite-cores1,pcm_latency,l1_miss_latency,CORE10,18,26.34,ns
correlation-fio-randwrite-cores1,pcm_latency,l1_miss_latency,CORE10,19,40.44,ns
correlation-fio-randwrite-cores1,pcm_latency,l1_miss_latency,CORE10,20,15.03,ns
correlation-fio-randwrite-cores1,pcm_latency,l1_miss_latency,CORE10,21,29.6,ns
correlation-fio-randwrite-cores1,pcm_latency,l1_miss_latency,CORE10,22,35.79,ns
correlation-fio-randwrite-cores1,pcm_latency,l1_miss_latency,CORE10,23,28.75,ns
correlation-fio-randwrite-cores1,pcm_latency,l1_miss_latency,CORE10,24,28.56,ns
correlation-fio-randwrite-cores1,pcm_latency,l1_miss_latency,CORE10,25,31.64,ns
correlation-fio-randwrite-cores1,pcm_latency,l1_miss_latency,CORE10,26,31.54,ns
correlation-fio-randwrite-cores1,pcm_latency,l1_miss_latency,CORE10,27,34.75,ns
correlation-fio-randwrite-cores1,pcm_latency,l1_miss_latency,CORE10,28,35.47,ns
correlation-fio-randwrite-cores1,pcm_latency,l1_miss_latency,CORE10,29,31.21,ns
correlation-fio-randwrite-cores1,pcm_latency,l1_miss_latency,CORE10,30,13.3,ns
correlation-fio-randwrite-cores1,pcm_latency,l1_miss_latency,CORE10,31,39.64,ns
correlation-fio-randwrite-cores1,pcm_latency,l1_miss_latency,CORE10,32,40.66,ns
correlation-fio-randwrite-cores1,pcm_latency,l1_miss_latency,CORE10,33,32.56,ns
correlation-fio-randwrite-cores1,pcm_latency,l1_miss_latency,CORE10,34,32.92,ns
correlation-fio-randwrite-cores1,pcm_latency,l1_miss_latency,CORE10,35,36.3,ns
correlation-fio-randwrite-cores1,pcm_latency,l1_miss_latency,CORE10,36,29.02,ns
correlation-fio-randwrite-cores1,pcm_latency,l1_miss_latency,CORE10,37,29.31,ns
correlation-fio-randwrite-cores1,pcm_latency,l1_miss_latency,CORE10,38,35.04,ns
correlation-fio-randwrite-cores1,pcm_latency,l1_miss_latency,CORE10,39,30.17,ns
correlation-fio-randwrite-cores1,pcm_latency,l1_miss_latency,CORE10,40,14.13,ns
correlation-fio-randwrite-cores1,pcm_latency,l1_miss_latency,CORE10,41,34.7,ns
correlation-fio-randwrite-cores1,pcm_latency,l1_miss_latency,CORE10,42,33.45,ns
correlation-fio-randwrite-cores1,pcm_latency,l1_miss_latency,CORE10,43,33.15,ns
correlation-fio-randwrite-cores1,pcm_latency,l1_miss_latency,CORE10,44,32.35,ns
correlation-fio-randwrite-cores1,pcm_latency,l1_miss_latency,CORE10,45,32.02,ns
correlation-fio-randwrite-cores1,pcm_latency,l1_miss_latency,CORE10,46,32.4,ns
correlation-fio-randwrite-cores1,pcm_latency,l1_miss_latency,CORE10,47,28.63,ns
correlation-fio-randwrite-cores1,pcm_latency,l1_miss_latency,CORE10,48,42.3,ns
correlation-fio-randwrite-cores1,pcm_latency,l1_miss_latency,CORE10,49,30.14,ns
correlation-fio-randwrite-cores1,pcm_latency,l1_miss_latency,CORE10,50,14.25,ns
correlation-fio-randwrite-cores1,pcm_latency,l1_miss_latency,CORE10,51,32.2,ns
correlation-fio-randwrite-cores1,pcm_latency,l1_miss_latency,CORE10,52,34.14,ns
correlation-fio-randwrite-cores1,pcm_latency,l1_miss_latency,CORE10,53,35.98,ns
correlation-fio-randwrite-cores1,pcm_latency,l1_miss_latency,CORE10,54,30.49,ns
correlation-fio-randwrite-cores1,pcm_latency,l1_miss_latency,CORE10,55,32.76,ns
correlation-fio-randwrite-cores1,pcm_latency,l1_miss_latency,CORE10,56,29.36,ns
correlation-fio-randwrite-cores1,pcm_latency,l1_miss_latency,CORE10,57,35.19,ns
correlation-fio-randwrite-cores1,pcm_latency,l1_miss_latency,CORE10,58,30.24,ns
correlation-fio-randwrite-cores1,pcm_latency,l1_miss_latency,CORE10,59,23.45,ns
correlation-fio-randwrite-cores1,pcm_latency,l1_miss_latency,CORE11,0,45.71,ns
correlation-fio-randwrite-cores1,pcm_latency,l1_miss_latency,CORE11,1,35.85,ns
correlation-fio-randwrite-cores1,pcm_latency,l1_miss_latency,CORE11,2,35.89,ns
correlation-fio-randwrite-cores1,pcm_latency,l1_miss_latency,CORE11,3,36.84,ns
correlation-fio-randwrite-cores1,pcm_latency,l1_miss_latency,CORE11,4,37.85,ns
correlation-fio-randwrite-cores1,pcm_latency,l1_miss_latency,CORE11,5,38.43,ns
correlation-fio-randwrite-cores1,pcm_latency,l1_miss_latency,CORE11,6,46.59,ns
correlation-fio-randwrite-cores1,pcm_latency,l1_miss_latency,CORE11,7,42.67,ns
correlation-fio-randwrite-cores1,pcm_latency,l1_miss_latency,CORE11,8,45.65,ns
correlation-fio-randwrite-cores1,pcm_latency,l1_miss_latency,CORE11,9,37.13,ns
correlation-fio-randwrite-cores1,pcm_latency,l1_miss_latency,CORE11,10,43.91,ns
correlation-fio-randwrite-cores1,pcm_latency,l1_miss_latency,CORE11,11,33.73,ns
correlation-fio-randwrite-cores1,pcm_latency,l1_miss_latency,CORE11,12,50.49,ns
correlation-fio-randwrite-cores1,pcm_latency,l1_miss_latency,CORE11,13,34.45,ns
correlation-fio-randwrite-cores1,pcm_latency,l1_miss_latency,CORE11,14,42.73,ns
correlation-fio-randwrite-cores1,pcm_latency,l1_miss_latency,CORE11,15,38.03,ns
correlation-fio-randwrite-cores1,pcm_latency,l1_miss_latency,CORE11,16,35.51,ns
correlation-fio-randwrite-cores1,pcm_latency,l1_miss_latency,CORE11,17,43.21,ns
correlation-fio-randwrite-cores1,pcm_latency,l1_miss_latency,CORE11,18,40.51,ns
correlation-fio-randwrite-cores1,pcm_latency,l1_miss_latency,CORE11,19,46.27,ns
correlation-fio-randwrite-cores1,pcm_latency,l1_miss_latency,CORE11,20,39.25,ns
correlation-fio-randwrite-cores1,pcm_latency,l1_miss_latency,CORE11,21,38.16,ns
correlation-fio-randwrite-cores1,pcm_latency,l1_miss_latency,CORE11,22,38.96,ns
correlation-fio-randwrite-cores1,pcm_latency,l1_miss_latency,CORE11,23,34.08,ns
correlation-fio-randwrite-cores1,pcm_latency,l1_miss_latency,CORE11,24,31.32,ns
correlation-fio-randwrite-cores1,pcm_latency,l1_miss_latency,CORE11,25,35.49,ns
correlation-fio-randwrite-cores1,pcm_latency,l1_miss_latency,CORE11,26,35.05,ns
correlation-fio-randwrite-cores1,pcm_latency,l1_miss_latency,CORE11,27,42.62,ns
correlation-fio-randwrite-cores1,pcm_latency,l1_miss_latency,CORE11,28,45.19,ns
correlation-fio-randwrite-cores1,pcm_latency,l1_miss_latency,CORE11,29,40.55,ns
correlation-fio-randwrite-cores1,pcm_latency,l1_miss_latency,CORE11,30,39.59,ns
correlation-fio-randwrite-cores1,pcm_latency,l1_miss_latency,CORE11,31,44.86,ns
correlation-fio-randwrite-cores1,pcm_latency,l1_miss_latency,CORE11,32,48.15,ns
correlation-fio-randwrite-cores1,pcm_latency,l1_miss_latency,CORE11,33,39.97,ns
correlation-fio-randwrite-cores1,pcm_latency,l1_miss_latency,CORE11,34,37.69,ns
correlation-fio-randwrite-cores1,pcm_latency,l1_miss_latency,CORE11,35,38.52,ns
correlation-fio-randwrite-cores1,pcm_latency,l1_miss_latency,CORE11,36,37.07,ns
correlation-fio-randwrite-cores1,pcm_latency,l1_miss_latency,CORE11,37,36.24,ns
correlation-fio-randwrite-cores1,pcm_latency,l1_miss_latency,CORE11,38,38.69,ns
correlation-fio-randwrite-cores1,pcm_latency,l1_miss_latency,CORE11,39,44.15,ns
correlation-fio-randwrite-cores1,pcm_latency,l1_miss_latency,CORE11,40,43.83,ns
correlation-fio-randwrite-cores1,pcm_latency,l1_miss_latency,CORE11,41,43.91,ns
correlation-fio-randwrite-cores1,pcm_latency,l1_miss_latency,CORE11,42,42.64,ns
correlation-fio-randwrite-cores1,pcm_latency,l1_miss_latency,CORE11,43,39.12,ns
correlation-fio-randwrite-cores1,pcm_latency,l1_miss_latency,CORE11,44,42.36,ns
correlation-fio-randwrite-cores1,pcm_latency,l1_miss_latency,CORE11,45,36.06,ns
correlation-fio-randwrite-cores1,pcm_latency,l1_miss_latency,CORE11,46,44.99,ns
correlation-fio-randwrite-cores1,pcm_latency,l1_miss_latency,CORE11,47,39.16,ns
correlation-fio-randwrite-cores1,pcm_latency,l1_miss_latency,CORE11,48,39.58,ns
correlation-fio-randwrite-cores1,pcm_latency,l1_miss_latency,CORE11,49,33.25,ns
correlation-fio-randwrite-cores1,pcm_latency,l1_miss_latency,CORE11,50,32.63,ns
correlation-fio-randwrite-cores1,pcm_latency,l1_miss_latency,CORE11,51,39.49,ns
correlation-fio-randwrite-cores1,pcm_latency,l1_miss_latency,CORE11,52,42.74,ns
correlation-fio-randwrite-cores1,pcm_latency,l1_miss_latency,CORE11,53,39.88,ns
correlation-fio-randwrite-cores1,pcm_latency,l1_miss_latency,CORE11,54,36.26,ns
correlation-fio-randwrite-cores1,pcm_latency,l1_miss_latency,CORE11,55,33.62,ns
correlation-fio-randwrite-cores1,pcm_latency,l1_miss_latency,CORE11,56,34.0,ns
correlation-fio-randwrite-cores1,pcm_latency,l1_miss_latency,CORE11,57,30.09,ns
correlation-fio-randwrite-cores1,pcm_latency,l1_miss_latency,CORE11,58,38.58,ns
correlation-fio-randwrite-cores1,pcm_latency,l1_miss_latency,CORE11,59,37.95,ns
correlation-fio-randwrite-cores1,pcm_latency,l1_miss_latency,CORE12,0,45.16,ns
correlation-fio-randwrite-cores1,pcm_latency,l1_miss_latency,CORE12,1,43.75,ns
correlation-fio-randwrite-cores1,pcm_latency,l1_miss_latency,CORE12,2,31.81,ns
correlation-fio-randwrite-cores1,pcm_latency,l1_miss_latency,CORE12,3,32.06,ns
correlation-fio-randwrite-cores1,pcm_latency,l1_miss_latency,CORE12,4,34.24,ns
correlation-fio-randwrite-cores1,pcm_latency,l1_miss_latency,CORE12,5,33.58,ns
correlation-fio-randwrite-cores1,pcm_latency,l1_miss_latency,CORE12,6,26.65,ns
correlation-fio-randwrite-cores1,pcm_latency,l1_miss_latency,CORE12,7,46.34,ns
correlation-fio-randwrite-cores1,pcm_latency,l1_miss_latency,CORE12,8,36.98,ns
correlation-fio-randwrite-cores1,pcm_latency,l1_miss_latency,CORE12,9,30.66,ns
correlation-fio-randwrite-cores1,pcm_latency,l1_miss_latency,CORE12,10,37.73,ns
correlation-fio-randwrite-cores1,pcm_latency,l1_miss_latency,CORE12,11,33.74,ns
correlation-fio-randwrite-cores1,pcm_latency,l1_miss_latency,CORE12,12,45.61,ns
correlation-fio-randwrite-cores1,pcm_latency,l1_miss_latency,CORE12,13,33.02,ns
correlation-fio-randwrite-cores1,pcm_latency,l1_miss_latency,CORE12,14,36.57,ns
correlation-fio-randwrite-cores1,pcm_latency,l1_miss_latency,CORE12,15,35.29,ns
correlation-fio-randwrite-cores1,pcm_latency,l1_miss_latency,CORE12,16,36.27,ns
correlation-fio-randwrite-cores1,pcm_latency,l1_miss_latency,CORE12,17,37.04,ns
correlation-fio-randwrite-cores1,pcm_latency,l1_miss_latency,CORE12,18,43.37,ns
correlation-fio-randwrite-cores1,pcm_latency,l1_miss_latency,CORE12,19,19.64,ns
correlation-fio-randwrite-cores1,pcm_latency,l1_miss_latency,CORE12,20,32.79,ns
correlation-fio-randwrite-cores1,pcm_latency,l1_miss_latency,CORE12,21,34.0,ns
correlation-fio-randwrite-cores1,pcm_latency,l1_miss_latency,CORE12,22,24.66,ns
correlation-fio-randwrite-cores1,pcm_latency,l1_miss_latency,CORE12,23,21.33,ns
correlation-fio-randwrite-cores1,pcm_latency,l1_miss_latency,CORE12,24,22.3,ns
correlation-fio-randwrite-cores1,pcm_latency,l1_miss_latency,CORE12,25,34.59,ns
correlation-fio-randwrite-cores1,pcm_latency,l1_miss_latency,CORE12,26,36.85,ns
correlation-fio-randwrite-cores1,pcm_latency,l1_miss_latency,CORE12,27,34.24,ns
correlation-fio-randwrite-cores1,pcm_latency,l1_miss_latency,CORE12,28,34.88,ns
correlation-fio-randwrite-cores1,pcm_latency,l1_miss_latency,CORE12,29,33.0,ns
correlation-fio-randwrite-cores1,pcm_latency,l1_miss_latency,CORE12,30,35.17,ns
correlation-fio-randwrite-cores1,pcm_latency,l1_miss_latency,CORE12,31,40.22,ns
correlation-fio-randwrite-cores1,pcm_latency,l1_miss_latency,CORE12,32,33.29,ns
correlation-fio-randwrite-cores1,pcm_latency,l1_miss_latency,CORE12,33,35.98,ns
correlation-fio-randwrite-cores1,pcm_latency,l1_miss_latency,CORE12,34,35.91,ns
correlation-fio-randwrite-cores1,pcm_latency,l1_miss_latency,CORE12,35,32.36,ns
correlation-fio-randwrite-cores1,pcm_latency,l1_miss_latency,CORE12,36,31.45,ns
correlation-fio-randwrite-cores1,pcm_latency,l1_miss_latency,CORE12,37,31.92,ns
correlation-fio-randwrite-cores1,pcm_latency,l1_miss_latency,CORE12,38,18.23,ns
correlation-fio-randwrite-cores1,pcm_latency,l1_miss_latency,CORE12,39,24.33,ns
correlation-fio-randwrite-cores1,pcm_latency,l1_miss_latency,CORE12,40,23.85,ns
correlation-fio-randwrite-cores1,pcm_latency,l1_miss_latency,CORE12,41,21.07,ns
correlation-fio-randwrite-cores1,pcm_latency,l1_miss_latency,CORE12,42,33.84,ns
correlation-fio-randwrite-cores1,pcm_latency,l1_miss_latency,CORE12,43,20.63,ns
correlation-fio-randwrite-cores1,pcm_latency,l1_miss_latency,CORE12,44,23.32,ns
correlation-fio-randwrite-cores1,pcm_latency,l1_miss_latency,CORE12,45,19.64,ns
correlation-fio-randwrite-cores1,pcm_latency,l1_miss_latency,CORE12,46,31.94,ns
correlation-fio-randwrite-cores1,pcm_latency,l1_miss_latency,CORE12,47,21.25,ns
correlation-fio-randwrite-cores1,pcm_latency,l1_miss_latency,CORE12,48,35.95,ns
correlation-fio-randwrite-cores1,pcm_latency,l1_miss_latency,CORE12,49,20.33,ns
correlation-fio-randwrite-cores1,pcm_latency,l1_miss_latency,CORE12,50,26.22,ns
correlation-fio-randwrite-cores1,pcm_latency,l1_miss_latency,CORE12,51,36.93,ns
correlation-fio-randwrite-cores1,pcm_latency,l1_miss_latency,CORE12,52,31.71,ns
correlation-fio-randwrite-cores1,pcm_latency,l1_miss_latency,CORE12,53,33.64,ns
correlation-fio-randwrite-cores1,pcm_latency,l1_miss_latency,CORE12,54,32.99,ns
correlation-fio-randwrite-cores1,pcm_latency,l1_miss_latency,CORE12,55,32.94,ns
correlation-fio-randwrite-cores1,pcm_latency,l1_miss_latency,CORE12,56,34.61,ns
correlation-fio-randwrite-cores1,pcm_latency,l1_miss_latency,CORE12,57,34.14,ns
correlation-fio-randwrite-cores1,pcm_latency,l1_miss_latency,CORE12,58,33.09,ns
correlation-fio-randwrite-cores1,pcm_latency,l1_miss_latency,CORE12,59,35.29,ns
correlation-fio-randwrite-cores1,pcm_latency,l1_miss_latency,CORE13,0,49.64,ns
correlation-fio-randwrite-cores1,pcm_latency,l1_miss_latency,CORE13,1,41.23,ns
correlation-fio-randwrite-cores1,pcm_latency,l1_miss_latency,CORE13,2,40.49,ns
correlation-fio-randwrite-cores1,pcm_latency,l1_miss_latency,CORE13,3,34.63,ns
correlation-fio-randwrite-cores1,pcm_latency,l1_miss_latency,CORE13,4,43.27,ns
correlation-fio-randwrite-cores1,pcm_latency,l1_miss_latency,CORE13,5,42.82,ns
correlation-fio-randwrite-cores1,pcm_latency,l1_miss_latency,CORE13,6,37.89,ns
correlation-fio-randwrite-cores1,pcm_latency,l1_miss_latency,CORE13,7,43.16,ns
correlation-fio-randwrite-cores1,pcm_latency,l1_miss_latency,CORE13,8,39.08,ns
correlation-fio-randwrite-cores1,pcm_latency,l1_miss_latency,CORE13,9,37.03,ns
correlation-fio-randwrite-cores1,pcm_latency,l1_miss_latency,CORE13,10,39.1,ns
correlation-fio-randwrite-cores1,pcm_latency,l1_miss_latency,CORE13,11,35.64,ns
correlation-fio-randwrite-cores1,pcm_latency,l1_miss_latency,CORE13,12,32.41,ns
correlation-fio-randwrite-cores1,pcm_latency,l1_miss_latency,CORE13,13,41.83,ns
correlation-fio-randwrite-cores1,pcm_latency,l1_miss_latency,CORE13,14,41.87,ns
correlation-fio-randwrite-cores1,pcm_latency,l1_miss_latency,CORE13,15,39.98,ns
correlation-fio-randwrite-cores1,pcm_latency,l1_miss_latency,CORE13,16,39.41,ns
correlation-fio-randwrite-cores1,pcm_latency,l1_miss_latency,CORE13,17,36.98,ns
correlation-fio-randwrite-cores1,pcm_latency,l1_miss_latency,CORE13,18,40.17,ns
correlation-fio-randwrite-cores1,pcm_latency,l1_miss_latency,CORE13,19,35.07,ns
correlation-fio-randwrite-cores1,pcm_latency,l1_miss_latency,CORE13,20,41.64,ns
correlation-fio-randwrite-cores1,pcm_latency,l1_miss_latency,CORE13,21,33.47,ns
correlation-fio-randwrite-cores1,pcm_latency,l1_miss_latency,CORE13,22,39.68,ns
correlation-fio-randwrite-cores1,pcm_latency,l1_miss_latency,CORE13,23,32.48,ns
correlation-fio-randwrite-cores1,pcm_latency,l1_miss_latency,CORE13,24,32.45,ns
correlation-fio-randwrite-cores1,pcm_latency,l1_miss_latency,CORE13,25,36.0,ns
correlation-fio-randwrite-cores1,pcm_latency,l1_miss_latency,CORE13,26,40.66,ns
correlation-fio-randwrite-cores1,pcm_latency,l1_miss_latency,CORE13,27,38.66,ns
correlation-fio-randwrite-cores1,pcm_latency,l1_miss_latency,CORE13,28,37.9,ns
correlation-fio-randwrite-cores1,pcm_latency,l1_miss_latency,CORE13,29,33.68,ns
correlation-fio-randwrite-cores1,pcm_latency,l1_miss_latency,CORE13,30,34.11,ns
correlation-fio-randwrite-cores1,pcm_latency,l1_miss_latency,CORE13,31,38.89,ns
correlation-fio-randwrite-cores1,pcm_latency,l1_miss_latency,CORE13,32,37.78,ns
correlation-fio-randwrite-cores1,pcm_latency,l1_miss_latency,CORE13,33,34.99,ns
correlation-fio-randwrite-cores1,pcm_latency,l1_miss_latency,CORE13,34,34.26,ns
correlation-fio-randwrite-cores1,pcm_latency,l1_miss_latency,CORE13,35,35.62,ns
correlation-fio-randwrite-cores1,pcm_latency,l1_miss_latency,CORE13,36,32.74,ns
correlation-fio-randwrite-cores1,pcm_latency,l1_miss_latency,CORE13,37,31.84,ns
correlation-fio-randwrite-cores1,pcm_latency,l1_miss_latency,CORE13,38,38.2,ns
correlation-fio-randwrite-cores1,pcm_latency,l1_miss_latency,CORE13,39,30.54,ns
correlation-fio-randwrite-cores1,pcm_latency,l1_miss_latency,CORE13,40,33.21,ns
correlation-fio-randwrite-cores1,pcm_latency,l1_miss_latency,CORE13,41,33.72,ns
correlation-fio-randwrite-cores1,pcm_latency,l1_miss_latency,CORE13,42,33.46,ns
correlation-fio-randwrite-cores1,pcm_latency,l1_miss_latency,CORE13,43,33.42,ns
correlation-fio-randwrite-cores1,pcm_latency,l1_miss_latency,CORE13,44,39.19,ns
correlation-fio-randwrite-cores1,pcm_latency,l1_miss_latency,CORE13,45,34.86,ns
correlation-fio-randwrite-cores1,pcm_latency,l1_miss_latency,CORE13,46,34.13,ns
correlation-fio-randwrite-cores1,pcm_latency,l1_miss_latency,CORE13,47,33.08,ns
correlation-fio-randwrite-cores1,pcm_latency,l1_miss_latency,CORE13,48,34.4,ns
correlation-fio-randwrite-cores1,pcm_latency,l1_miss_latency,CORE13,49,32.76,ns
correlation-fio-randwrite-cores1,pcm_latency,l1_miss_latency,CORE13,50,34.74,ns
correlation-fio-randwrite-cores1,pcm_latency,l1_miss_latency,CORE13,51,34.97,ns
correlation-fio-randwrite-cores1,pcm_latency,l1_miss_latency,CORE13,52,30.98,ns
correlation-fio-randwrite-cores1,pcm_latency,l1_miss_latency,CORE13,53,34.35,ns
correlation-fio-randwrite-cores1,pcm_latency,l1_miss_latency,CORE13,54,33.31,ns
correlation-fio-randwrite-cores1,pcm_latency,l1_miss_latency,CORE13,55,32.22,ns
correlation-fio-randwrite-cores1,pcm_latency,l1_miss_latency,CORE13,56,31.55,ns
correlation-fio-randwrite-cores1,pcm_latency,l1_miss_latency,CORE13,57,33.35,ns
correlation-fio-randwrite-cores1,pcm_latency,l1_miss_latency,CORE13,58,34.43,ns
correlation-fio-randwrite-cores1,pcm_latency,l1_miss_latency,CORE13,59,37.28,ns
correlation-fio-randwrite-cores1,pcm_latency,l1_miss_latency,CORE14,0,43.87,ns
correlation-fio-randwrite-cores1,pcm_latency,l1_miss_latency,CORE14,1,33.11,ns
correlation-fio-randwrite-cores1,pcm_latency,l1_miss_latency,CORE14,2,30.51,ns
correlation-fio-randwrite-cores1,pcm_latency,l1_miss_latency,CORE14,3,27.09,ns
correlation-fio-randwrite-cores1,pcm_latency,l1_miss_latency,CORE14,4,31.51,ns
correlation-fio-randwrite-cores1,pcm_latency,l1_miss_latency,CORE14,5,33.01,ns
correlation-fio-randwrite-cores1,pcm_latency,l1_miss_latency,CORE14,6,29.41,ns
correlation-fio-randwrite-cores1,pcm_latency,l1_miss_latency,CORE14,7,38.24,ns
correlation-fio-randwrite-cores1,pcm_latency,l1_miss_latency,CORE14,8,30.66,ns
correlation-fio-randwrite-cores1,pcm_latency,l1_miss_latency,CORE14,9,28.42,ns
correlation-fio-randwrite-cores1,pcm_latency,l1_miss_latency,CORE14,10,34.1,ns
correlation-fio-randwrite-cores1,pcm_latency,l1_miss_latency,CORE14,11,31.12,ns
correlation-fio-randwrite-cores1,pcm_latency,l1_miss_latency,CORE14,12,23.23,ns
correlation-fio-randwrite-cores1,pcm_latency,l1_miss_latency,CORE14,13,36.27,ns
correlation-fio-randwrite-cores1,pcm_latency,l1_miss_latency,CORE14,14,35.11,ns
correlation-fio-randwrite-cores1,pcm_latency,l1_miss_latency,CORE14,15,32.81,ns
correlation-fio-randwrite-cores1,pcm_latency,l1_miss_latency,CORE14,16,38.03,ns
correlation-fio-randwrite-cores1,pcm_latency,l1_miss_latency,CORE14,17,12.46,ns
correlation-fio-randwrite-cores1,pcm_latency,l1_miss_latency,CORE14,18,25.26,ns
correlation-fio-randwrite-cores1,pcm_latency,l1_miss_latency,CORE14,19,18.28,ns
correlation-fio-randwrite-cores1,pcm_latency,l1_miss_latency,CORE14,20,29.99,ns
correlation-fio-randwrite-cores1,pcm_latency,l1_miss_latency,CORE14,21,28.05,ns
correlation-fio-randwrite-cores1,pcm_latency,l1_miss_latency,CORE14,22,37.97,ns
correlation-fio-randwrite-cores1,pcm_latency,l1_miss_latency,CORE14,23,28.32,ns
correlation-fio-randwrite-cores1,pcm_latency,l1_miss_latency,CORE14,24,34.34,ns
correlation-fio-randwrite-cores1,pcm_latency,l1_miss_latency,CORE14,25,34.72,ns
correlation-fio-randwrite-cores1,pcm_latency,l1_miss_latency,CORE14,26,35.92,ns
correlation-fio-randwrite-cores1,pcm_latency,l1_miss_latency,CORE14,27,40.01,ns
correlation-fio-randwrite-cores1,pcm_latency,l1_miss_latency,CORE14,28,33.82,ns
correlation-fio-randwrite-cores1,pcm_latency,l1_miss_latency,CORE14,29,32.25,ns
correlation-fio-randwrite-cores1,pcm_latency,l1_miss_latency,CORE14,30,29.6,ns
correlation-fio-randwrite-cores1,pcm_latency,l1_miss_latency,CORE14,31,38.28,ns
correlation-fio-randwrite-cores1,pcm_latency,l1_miss_latency,CORE14,32,36.64,ns
correlation-fio-randwrite-cores1,pcm_latency,l1_miss_latency,CORE14,33,33.49,ns
correlation-fio-randwrite-cores1,pcm_latency,l1_miss_latency,CORE14,34,33.5,ns
correlation-fio-randwrite-cores1,pcm_latency,l1_miss_latency,CORE14,35,31.47,ns
correlation-fio-randwrite-cores1,pcm_latency,l1_miss_latency,CORE14,36,29.19,ns
correlation-fio-randwrite-cores1,pcm_latency,l1_miss_latency,CORE14,37,41.22,ns
correlation-fio-randwrite-cores1,pcm_latency,l1_miss_latency,CORE14,38,35.83,ns
correlation-fio-randwrite-cores1,pcm_latency,l1_miss_latency,CORE14,39,33.17,ns
correlation-fio-randwrite-cores1,pcm_latency,l1_miss_latency,CORE14,40,31.56,ns
correlation-fio-randwrite-cores1,pcm_latency,l1_miss_latency,CORE14,41,36.32,ns
correlation-fio-randwrite-cores1,pcm_latency,l1_miss_latency,CORE14,42,32.32,ns
correlation-fio-randwrite-cores1,pcm_latency,l1_miss_latency,CORE14,43,33.64,ns
correlation-fio-randwrite-cores1,pcm_latency,l1_miss_latency,CORE14,44,36.39,ns
correlation-fio-randwrite-cores1,pcm_latency,l1_miss_latency,CORE14,45,29.52,ns
correlation-fio-randwrite-cores1,pcm_latency,l1_miss_latency,CORE14,46,30.47,ns
correlation-fio-randwrite-cores1,pcm_latency,l1_miss_latency,CORE14,47,35.07,ns
correlation-fio-randwrite-cores1,pcm_latency,l1_miss_latency,CORE14,48,31.71,ns
correlation-fio-randwrite-cores1,pcm_latency,l1_miss_latency,CORE14,49,30.98,ns
correlation-fio-randwrite-cores1,pcm_latency,l1_miss_latency,CORE14,50,30.68,ns
correlation-fio-randwrite-cores1,pcm_latency,l1_miss_latency,CORE14,51,33.63,ns
correlation-fio-randwrite-cores1,pcm_latency,l1_miss_latency,CORE14,52,27.61,ns
correlation-fio-randwrite-cores1,pcm_latency,l1_miss_latency,CORE14,53,27.84,ns
correlation-fio-randwrite-cores1,pcm_latency,l1_miss_latency,CORE14,54,30.36,ns
correlation-fio-randwrite-cores1,pcm_latency,l1_miss_latency,CORE14,55,33.25,ns
correlation-fio-randwrite-cores1,pcm_latency,l1_miss_latency,CORE14,56,27.13,ns
correlation-fio-randwrite-cores1,pcm_latency,l1_miss_latency,CORE14,57,39.26,ns
correlation-fio-randwrite-cores1,pcm_latency,l1_miss_latency,CORE14,58,29.93,ns
correlation-fio-randwrite-cores1,pcm_latency,l1_miss_latency,CORE14,59,32.42,ns
correlation-fio-randwrite-cores1,pcm_latency,l1_miss_latency,CORE15,0,58.25,ns
correlation-fio-randwrite-cores1,pcm_latency,l1_miss_latency,CORE15,1,43.28,ns
correlation-fio-randwrite-cores1,pcm_latency,l1_miss_latency,CORE15,2,47.66,ns
correlation-fio-randwrite-cores1,pcm_latency,l1_miss_latency,CORE15,3,46.42,ns
correlation-fio-randwrite-cores1,pcm_latency,l1_miss_latency,CORE15,4,51.39,ns
correlation-fio-randwrite-cores1,pcm_latency,l1_miss_latency,CORE15,5,52.66,ns
correlation-fio-randwrite-cores1,pcm_latency,l1_miss_latency,CORE15,6,35.72,ns
correlation-fio-randwrite-cores1,pcm_latency,l1_miss_latency,CORE15,7,32.23,ns
correlation-fio-randwrite-cores1,pcm_latency,l1_miss_latency,CORE15,8,47.49,ns
correlation-fio-randwrite-cores1,pcm_latency,l1_miss_latency,CORE15,9,44.2,ns
correlation-fio-randwrite-cores1,pcm_latency,l1_miss_latency,CORE15,10,45.0,ns
correlation-fio-randwrite-cores1,pcm_latency,l1_miss_latency,CORE15,11,43.3,ns
correlation-fio-randwrite-cores1,pcm_latency,l1_miss_latency,CORE15,12,45.26,ns
correlation-fio-randwrite-cores1,pcm_latency,l1_miss_latency,CORE15,13,39.67,ns
correlation-fio-randwrite-cores1,pcm_latency,l1_miss_latency,CORE15,14,41.11,ns
correlation-fio-randwrite-cores1,pcm_latency,l1_miss_latency,CORE15,15,44.77,ns
correlation-fio-randwrite-cores1,pcm_latency,l1_miss_latency,CORE15,16,51.92,ns
correlation-fio-randwrite-cores1,pcm_latency,l1_miss_latency,CORE15,17,50.03,ns
correlation-fio-randwrite-cores1,pcm_latency,l1_miss_latency,CORE15,18,5.35,ns
correlation-fio-randwrite-cores1,pcm_latency,l1_miss_latency,CORE15,19,5.54,ns
correlation-fio-randwrite-cores1,pcm_latency,l1_miss_latency,CORE15,20,44.6,ns
correlation-fio-randwrite-cores1,pcm_latency,l1_miss_latency,CORE15,21,39.26,ns
correlation-fio-randwrite-cores1,pcm_latency,l1_miss_latency,CORE15,22,22.65,ns
correlation-fio-randwrite-cores1,pcm_latency,l1_miss_latency,CORE15,23,40.91,ns
correlation-fio-randwrite-cores1,pcm_latency,l1_miss_latency,CORE15,24,36.92,ns
correlation-fio-randwrite-cores1,pcm_latency,l1_miss_latency,CORE15,25,42.68,ns
correlation-fio-randwrite-cores1,pcm_latency,l1_miss_latency,CORE15,26,42.6,ns
correlation-fio-randwrite-cores1,pcm_latency,l1_miss_latency,CORE15,27,43.38,ns
correlation-fio-randwrite-cores1,pcm_latency,l1_miss_latency,CORE15,28,39.12,ns
correlation-fio-randwrite-cores1,pcm_latency,l1_miss_latency,CORE15,29,39.7,ns
correlation-fio-randwrite-cores1,pcm_latency,l1_miss_latency,CORE15,30,40.09,ns
correlation-fio-randwrite-cores1,pcm_latency,l1_miss_latency,CORE15,31,41.52,ns
correlation-fio-randwrite-cores1,pcm_latency,l1_miss_latency,CORE15,32,43.76,ns
correlation-fio-randwrite-cores1,pcm_latency,l1_miss_latency,CORE15,33,43.3,ns
correlation-fio-randwrite-cores1,pcm_latency,l1_miss_latency,CORE15,34,40.92,ns
correlation-fio-randwrite-cores1,pcm_latency,l1_miss_latency,CORE15,35,38.32,ns
correlation-fio-randwrite-cores1,pcm_latency,l1_miss_latency,CORE15,36,35.42,ns
correlation-fio-randwrite-cores1,pcm_latency,l1_miss_latency,CORE15,37,39.7,ns
correlation-fio-randwrite-cores1,pcm_latency,l1_miss_latency,CORE15,38,41.96,ns
correlation-fio-randwrite-cores1,pcm_latency,l1_miss_latency,CORE15,39,37.0,ns
correlation-fio-randwrite-cores1,pcm_latency,l1_miss_latency,CORE15,40,42.15,ns
correlation-fio-randwrite-cores1,pcm_latency,l1_miss_latency,CORE15,41,35.14,ns
correlation-fio-randwrite-cores1,pcm_latency,l1_miss_latency,CORE15,42,33.64,ns
correlation-fio-randwrite-cores1,pcm_latency,l1_miss_latency,CORE15,43,33.44,ns
correlation-fio-randwrite-cores1,pcm_latency,l1_miss_latency,CORE15,44,38.96,ns
correlation-fio-randwrite-cores1,pcm_latency,l1_miss_latency,CORE15,45,35.51,ns
correlation-fio-randwrite-cores1,pcm_latency,l1_miss_latency,CORE15,46,38.03,ns
correlation-fio-randwrite-cores1,pcm_latency,l1_miss_latency,CORE15,47,37.21,ns
correlation-fio-randwrite-cores1,pcm_latency,l1_miss_latency,CORE15,48,34.49,ns
correlation-fio-randwrite-cores1,pcm_latency,l1_miss_latency,CORE15,49,37.7,ns
correlation-fio-randwrite-cores1,pcm_latency,l1_miss_latency,CORE15,50,40.38,ns
correlation-fio-randwrite-cores1,pcm_latency,l1_miss_latency,CORE15,51,37.71,ns
correlation-fio-randwrite-cores1,pcm_latency,l1_miss_latency,CORE15,52,39.02,ns
correlation-fio-randwrite-cores1,pcm_latency,l1_miss_latency,CORE15,53,35.35,ns
correlation-fio-randwrite-cores1,pcm_latency,l1_miss_latency,CORE15,54,36.36,ns
correlation-fio-randwrite-cores1,pcm_latency,l1_miss_latency,CORE15,55,38.55,ns
correlation-fio-randwrite-cores1,pcm_latency,l1_miss_latency,CORE15,56,41.27,ns
correlation-fio-randwrite-cores1,pcm_latency,l1_miss_latency,CORE15,57,35.15,ns
correlation-fio-randwrite-cores1,pcm_latency,l1_miss_latency,CORE15,58,37.72,ns
correlation-fio-randwrite-cores1,pcm_latency,l1_miss_latency,CORE15,59,43.08,ns
correlation-fio-randwrite-cores1,pcm_latency,l1_miss_latency,CORE16,0,50.52,ns
correlation-fio-randwrite-cores1,pcm_latency,l1_miss_latency,CORE16,1,39.65,ns
correlation-fio-randwrite-cores1,pcm_latency,l1_miss_latency,CORE16,2,37.25,ns
correlation-fio-randwrite-cores1,pcm_latency,l1_miss_latency,CORE16,3,34.88,ns
correlation-fio-randwrite-cores1,pcm_latency,l1_miss_latency,CORE16,4,38.38,ns
correlation-fio-randwrite-cores1,pcm_latency,l1_miss_latency,CORE16,5,35.72,ns
correlation-fio-randwrite-cores1,pcm_latency,l1_miss_latency,CORE16,6,35.51,ns
correlation-fio-randwrite-cores1,pcm_latency,l1_miss_latency,CORE16,7,42.72,ns
correlation-fio-randwrite-cores1,pcm_latency,l1_miss_latency,CORE16,8,46.84,ns
correlation-fio-randwrite-cores1,pcm_latency,l1_miss_latency,CORE16,9,33.22,ns
correlation-fio-randwrite-cores1,pcm_latency,l1_miss_latency,CORE16,10,38.7,ns
correlation-fio-randwrite-cores1,pcm_latency,l1_miss_latency,CORE16,11,39.08,ns
correlation-fio-randwrite-cores1,pcm_latency,l1_miss_latency,CORE16,12,45.48,ns
correlation-fio-randwrite-cores1,pcm_latency,l1_miss_latency,CORE16,13,36.78,ns
correlation-fio-randwrite-cores1,pcm_latency,l1_miss_latency,CORE16,14,42.51,ns
correlation-fio-randwrite-cores1,pcm_latency,l1_miss_latency,CORE16,15,36.48,ns
correlation-fio-randwrite-cores1,pcm_latency,l1_miss_latency,CORE16,16,36.64,ns
correlation-fio-randwrite-cores1,pcm_latency,l1_miss_latency,CORE16,17,38.9,ns
correlation-fio-randwrite-cores1,pcm_latency,l1_miss_latency,CORE16,18,36.67,ns
correlation-fio-randwrite-cores1,pcm_latency,l1_miss_latency,CORE16,19,30.73,ns
correlation-fio-randwrite-cores1,pcm_latency,l1_miss_latency,CORE16,20,37.51,ns
correlation-fio-randwrite-cores1,pcm_latency,l1_miss_latency,CORE16,21,39.89,ns
correlation-fio-randwrite-cores1,pcm_latency,l1_miss_latency,CORE16,22,37.66,ns
correlation-fio-randwrite-cores1,pcm_latency,l1_miss_latency,CORE16,23,31.79,ns
correlation-fio-randwrite-cores1,pcm_latency,l1_miss_latency,CORE16,24,33.51,ns
correlation-fio-randwrite-cores1,pcm_latency,l1_miss_latency,CORE16,25,36.76,ns
correlation-fio-randwrite-cores1,pcm_latency,l1_miss_latency,CORE16,26,31.84,ns
correlation-fio-randwrite-cores1,pcm_latency,l1_miss_latency,CORE16,27,33.21,ns
correlation-fio-randwrite-cores1,pcm_latency,l1_miss_latency,CORE16,28,36.47,ns
correlation-fio-randwrite-cores1,pcm_latency,l1_miss_latency,CORE16,29,40.07,ns
correlation-fio-randwrite-cores1,pcm_latency,l1_miss_latency,CORE16,30,40.98,ns
correlation-fio-randwrite-cores1,pcm_latency,l1_miss_latency,CORE16,31,43.89,ns
correlation-fio-randwrite-cores1,pcm_latency,l1_miss_latency,CORE16,32,45.43,ns
correlation-fio-randwrite-cores1,pcm_latency,l1_miss_latency,CORE16,33,39.84,ns
correlation-fio-randwrite-cores1,pcm_latency,l1_miss_latency,CORE16,34,41.46,ns
correlation-fio-randwrite-cores1,pcm_latency,l1_miss_latency,CORE16,35,41.7,ns
correlation-fio-randwrite-cores1,pcm_latency,l1_miss_latency,CORE16,36,43.22,ns
correlation-fio-randwrite-cores1,pcm_latency,l1_miss_latency,CORE16,37,41.15,ns
correlation-fio-randwrite-cores1,pcm_latency,l1_miss_latency,CORE16,38,45.89,ns
correlation-fio-randwrite-cores1,pcm_latency,l1_miss_latency,CORE16,39,34.7,ns
correlation-fio-randwrite-cores1,pcm_latency,l1_miss_latency,CORE16,40,36.4,ns
correlation-fio-randwrite-cores1,pcm_latency,l1_miss_latency,CORE16,41,36.21,ns
correlation-fio-randwrite-cores1,pcm_latency,l1_miss_latency,CORE16,42,36.99,ns
correlation-fio-randwrite-cores1,pcm_latency,l1_miss_latency,CORE16,43,33.62,ns
correlation-fio-randwrite-cores1,pcm_latency,l1_miss_latency,CORE16,44,33.55,ns
correlation-fio-randwrite-cores1,pcm_latency,l1_miss_latency,CORE16,45,34.23,ns
correlation-fio-randwrite-cores1,pcm_latency,l1_miss_latency,CORE16,46,31.95,ns
correlation-fio-randwrite-cores1,pcm_latency,l1_miss_latency,CORE16,47,36.54,ns
correlation-fio-randwrite-cores1,pcm_latency,l1_miss_latency,CORE16,48,36.17,ns
correlation-fio-randwrite-cores1,pcm_latency,l1_miss_latency,CORE16,49,37.07,ns
correlation-fio-randwrite-cores1,pcm_latency,l1_miss_latency,CORE16,50,37.25,ns
correlation-fio-randwrite-cores1,pcm_latency,l1_miss_latency,CORE16,51,38.7,ns
correlation-fio-randwrite-cores1,pcm_latency,l1_miss_latency,CORE16,52,37.51,ns
correlation-fio-randwrite-cores1,pcm_latency,l1_miss_latency,CORE16,53,37.78,ns
correlation-fio-randwrite-cores1,pcm_latency,l1_miss_latency,CORE16,54,30.1,ns
correlation-fio-randwrite-cores1,pcm_latency,l1_miss_latency,CORE16,55,38.28,ns
correlation-fio-randwrite-cores1,pcm_latency,l1_miss_latency,CORE16,56,42.09,ns
correlation-fio-randwrite-cores1,pcm_latency,l1_miss_latency,CORE16,57,41.01,ns
correlation-fio-randwrite-cores1,pcm_latency,l1_miss_latency,CORE16,58,37.57,ns
correlation-fio-randwrite-cores1,pcm_latency,l1_miss_latency,CORE16,59,40.83,ns
correlation-fio-randwrite-cores1,pcm_latency,l1_miss_latency,CORE17,0,27.05,ns
correlation-fio-randwrite-cores1,pcm_latency,l1_miss_latency,CORE17,1,27.99,ns
correlation-fio-randwrite-cores1,pcm_latency,l1_miss_latency,CORE17,2,29.28,ns
correlation-fio-randwrite-cores1,pcm_latency,l1_miss_latency,CORE17,3,29.26,ns
correlation-fio-randwrite-cores1,pcm_latency,l1_miss_latency,CORE17,4,28.25,ns
correlation-fio-randwrite-cores1,pcm_latency,l1_miss_latency,CORE17,5,28.46,ns
correlation-fio-randwrite-cores1,pcm_latency,l1_miss_latency,CORE17,6,29.32,ns
correlation-fio-randwrite-cores1,pcm_latency,l1_miss_latency,CORE17,7,28.49,ns
correlation-fio-randwrite-cores1,pcm_latency,l1_miss_latency,CORE17,8,28.94,ns
correlation-fio-randwrite-cores1,pcm_latency,l1_miss_latency,CORE17,9,29.74,ns
correlation-fio-randwrite-cores1,pcm_latency,l1_miss_latency,CORE17,10,29.33,ns
correlation-fio-randwrite-cores1,pcm_latency,l1_miss_latency,CORE17,11,29.76,ns
correlation-fio-randwrite-cores1,pcm_latency,l1_miss_latency,CORE17,12,29.01,ns
correlation-fio-randwrite-cores1,pcm_latency,l1_miss_latency,CORE17,13,27.57,ns
correlation-fio-randwrite-cores1,pcm_latency,l1_miss_latency,CORE17,14,29.36,ns
correlation-fio-randwrite-cores1,pcm_latency,l1_miss_latency,CORE17,15,29.13,ns
correlation-fio-randwrite-cores1,pcm_latency,l1_miss_latency,CORE17,16,29.47,ns
correlation-fio-randwrite-cores1,pcm_latency,l1_miss_latency,CORE17,17,29.27,ns
correlation-fio-randwrite-cores1,pcm_latency,l1_miss_latency,CORE17,18,11.14,ns
correlation-fio-randwrite-cores1,pcm_latency,l1_miss_latency,CORE17,19,39.24,ns
correlation-fio-randwrite-cores1,pcm_latency,l1_miss_latency,CORE17,20,29.54,ns
correlation-fio-randwrite-cores1,pcm_latency,l1_miss_latency,CORE17,21,29.14,ns
correlation-fio-randwrite-cores1,pcm_latency,l1_miss_latency,CORE17,22,39.17,ns
correlation-fio-randwrite-cores1,pcm_latency,l1_miss_latency,CORE17,23,31.0,ns
correlation-fio-randwrite-cores1,pcm_latency,l1_miss_latency,CORE17,24,27.74,ns
correlation-fio-randwrite-cores1,pcm_latency,l1_miss_latency,CORE17,25,32.95,ns
correlation-fio-randwrite-cores1,pcm_latency,l1_miss_latency,CORE17,26,31.77,ns
correlation-fio-randwrite-cores1,pcm_latency,l1_miss_latency,CORE17,27,32.62,ns
correlation-fio-randwrite-cores1,pcm_latency,l1_miss_latency,CORE17,28,30.8,ns
correlation-fio-randwrite-cores1,pcm_latency,l1_miss_latency,CORE17,29,36.31,ns
correlation-fio-randwrite-cores1,pcm_latency,l1_miss_latency,CORE17,30,27.96,ns
correlation-fio-randwrite-cores1,pcm_latency,l1_miss_latency,CORE17,31,31.61,ns
correlation-fio-randwrite-cores1,pcm_latency,l1_miss_latency,CORE17,32,28.19,ns
correlation-fio-randwrite-cores1,pcm_latency,l1_miss_latency,CORE17,33,28.5,ns
correlation-fio-randwrite-cores1,pcm_latency,l1_miss_latency,CORE17,34,28.95,ns
correlation-fio-randwrite-cores1,pcm_latency,l1_miss_latency,CORE17,35,36.15,ns
correlation-fio-randwrite-cores1,pcm_latency,l1_miss_latency,CORE17,36,30.72,ns
correlation-fio-randwrite-cores1,pcm_latency,l1_miss_latency,CORE17,37,30.51,ns
correlation-fio-randwrite-cores1,pcm_latency,l1_miss_latency,CORE17,38,32.58,ns
correlation-fio-randwrite-cores1,pcm_latency,l1_miss_latency,CORE17,39,35.24,ns
correlation-fio-randwrite-cores1,pcm_latency,l1_miss_latency,CORE17,40,29.98,ns
correlation-fio-randwrite-cores1,pcm_latency,l1_miss_latency,CORE17,41,31.22,ns
correlation-fio-randwrite-cores1,pcm_latency,l1_miss_latency,CORE17,42,29.7,ns
correlation-fio-randwrite-cores1,pcm_latency,l1_miss_latency,CORE17,43,32.33,ns
correlation-fio-randwrite-cores1,pcm_latency,l1_miss_latency,CORE17,44,32.29,ns
correlation-fio-randwrite-cores1,pcm_latency,l1_miss_latency,CORE17,45,31.98,ns
correlation-fio-randwrite-cores1,pcm_latency,l1_miss_latency,CORE17,46,31.15,ns
correlation-fio-randwrite-cores1,pcm_latency,l1_miss_latency,CORE17,47,33.3,ns
correlation-fio-randwrite-cores1,pcm_latency,l1_miss_latency,CORE17,48,30.84,ns
correlation-fio-randwrite-cores1,pcm_latency,l1_miss_latency,CORE17,49,34.24,ns
correlation-fio-randwrite-cores1,pcm_latency,l1_miss_latency,CORE17,50,31.58,ns
correlation-fio-randwrite-cores1,pcm_latency,l1_miss_latency,CORE17,51,29.41,ns
correlation-fio-randwrite-cores1,pcm_latency,l1_miss_latency,CORE17,52,30.47,ns
correlation-fio-randwrite-cores1,pcm_latency,l1_miss_latency,CORE17,53,28.69,ns
correlation-fio-randwrite-cores1,pcm_latency,l1_miss_latency,CORE17,54,30.66,ns
correlation-fio-randwrite-cores1,pcm_latency,l1_miss_latency,CORE17,55,30.06,ns
correlation-fio-randwrite-cores1,pcm_latency,l1_miss_latency,CORE17,56,30.1,ns
correlation-fio-randwrite-cores1,pcm_latency,l1_miss_latency,CORE17,57,30.76,ns
correlation-fio-randwrite-cores1,pcm_latency,l1_miss_latency,CORE17,58,28.27,ns
correlation-fio-randwrite-cores1,pcm_latency,l1_miss_latency,CORE17,59,33.86,ns
correlation-fio-randwrite-cores1,pcm_latency,l1_miss_latency,CORE18,0,49.25,ns
correlation-fio-randwrite-cores1,pcm_latency,l1_miss_latency,CORE18,1,28.79,ns
correlation-fio-randwrite-cores1,pcm_latency,l1_miss_latency,CORE18,2,26.77,ns
correlation-fio-randwrite-cores1,pcm_latency,l1_miss_latency,CORE18,3,29.29,ns
correlation-fio-randwrite-cores1,pcm_latency,l1_miss_latency,CORE18,4,31.22,ns
correlation-fio-randwrite-cores1,pcm_latency,l1_miss_latency,CORE18,5,37.29,ns
correlation-fio-randwrite-cores1,pcm_latency,l1_miss_latency,CORE18,6,28.8,ns
correlation-fio-randwrite-cores1,pcm_latency,l1_miss_latency,CORE18,7,33.71,ns
correlation-fio-randwrite-cores1,pcm_latency,l1_miss_latency,CORE18,8,38.11,ns
correlation-fio-randwrite-cores1,pcm_latency,l1_miss_latency,CORE18,9,27.67,ns
correlation-fio-randwrite-cores1,pcm_latency,l1_miss_latency,CORE18,10,42.32,ns
correlation-fio-randwrite-cores1,pcm_latency,l1_miss_latency,CORE18,11,26.66,ns
correlation-fio-randwrite-cores1,pcm_latency,l1_miss_latency,CORE18,12,33.66,ns
correlation-fio-randwrite-cores1,pcm_latency,l1_miss_latency,CORE18,13,29.69,ns
correlation-fio-randwrite-cores1,pcm_latency,l1_miss_latency,CORE18,14,26.96,ns
correlation-fio-randwrite-cores1,pcm_latency,l1_miss_latency,CORE18,15,31.87,ns
correlation-fio-randwrite-cores1,pcm_latency,l1_miss_latency,CORE18,16,36.16,ns
correlation-fio-randwrite-cores1,pcm_latency,l1_miss_latency,CORE18,17,34.02,ns
correlation-fio-randwrite-cores1,pcm_latency,l1_miss_latency,CORE18,18,4.54,ns
correlation-fio-randwrite-cores1,pcm_latency,l1_miss_latency,CORE18,19,32.45,ns
correlation-fio-randwrite-cores1,pcm_latency,l1_miss_latency,CORE18,20,25.45,ns
correlation-fio-randwrite-cores1,pcm_latency,l1_miss_latency,CORE18,21,24.81,ns
correlation-fio-randwrite-cores1,pcm_latency,l1_miss_latency,CORE18,22,40.94,ns
correlation-fio-randwrite-cores1,pcm_latency,l1_miss_latency,CORE18,23,27.36,ns
correlation-fio-randwrite-cores1,pcm_latency,l1_miss_latency,CORE18,24,25.21,ns
correlation-fio-randwrite-cores1,pcm_latency,l1_miss_latency,CORE18,25,29.14,ns
correlation-fio-randwrite-cores1,pcm_latency,l1_miss_latency,CORE18,26,28.27,ns
correlation-fio-randwrite-cores1,pcm_latency,l1_miss_latency,CORE18,27,32.96,ns
correlation-fio-randwrite-cores1,pcm_latency,l1_miss_latency,CORE18,28,26.42,ns
correlation-fio-randwrite-cores1,pcm_latency,l1_miss_latency,CORE18,29,28.51,ns
correlation-fio-randwrite-cores1,pcm_latency,l1_miss_latency,CORE18,30,25.1,ns
correlation-fio-randwrite-cores1,pcm_latency,l1_miss_latency,CORE18,31,36.9,ns
correlation-fio-randwrite-cores1,pcm_latency,l1_miss_latency,CORE18,32,30.85,ns
correlation-fio-randwrite-cores1,pcm_latency,l1_miss_latency,CORE18,33,34.81,ns
correlation-fio-randwrite-cores1,pcm_latency,l1_miss_latency,CORE18,34,27.57,ns
correlation-fio-randwrite-cores1,pcm_latency,l1_miss_latency,CORE18,35,38.34,ns
correlation-fio-randwrite-cores1,pcm_latency,l1_miss_latency,CORE18,36,40.45,ns
correlation-fio-randwrite-cores1,pcm_latency,l1_miss_latency,CORE18,37,40.58,ns
correlation-fio-randwrite-cores1,pcm_latency,l1_miss_latency,CORE18,38,43.68,ns
correlation-fio-randwrite-cores1,pcm_latency,l1_miss_latency,CORE18,39,40.91,ns
correlation-fio-randwrite-cores1,pcm_latency,l1_miss_latency,CORE18,40,39.48,ns
correlation-fio-randwrite-cores1,pcm_latency,l1_miss_latency,CORE18,41,39.76,ns
correlation-fio-randwrite-cores1,pcm_latency,l1_miss_latency,CORE18,42,39.56,ns
correlation-fio-randwrite-cores1,pcm_latency,l1_miss_latency,CORE18,43,39.96,ns
correlation-fio-randwrite-cores1,pcm_latency,l1_miss_latency,CORE18,44,43.77,ns
correlation-fio-randwrite-cores1,pcm_latency,l1_miss_latency,CORE18,45,39.51,ns
correlation-fio-randwrite-cores1,pcm_latency,l1_miss_latency,CORE18,46,38.68,ns
correlation-fio-randwrite-cores1,pcm_latency,l1_miss_latency,CORE18,47,41.34,ns
correlation-fio-randwrite-cores1,pcm_latency,l1_miss_latency,CORE18,48,40.02,ns
correlation-fio-randwrite-cores1,pcm_latency,l1_miss_latency,CORE18,49,43.65,ns
correlation-fio-randwrite-cores1,pcm_latency,l1_miss_latency,CORE18,50,40.85,ns
correlation-fio-randwrite-cores1,pcm_latency,l1_miss_latency,CORE18,51,40.98,ns
correlation-fio-randwrite-cores1,pcm_latency,l1_miss_latency,CORE18,52,38.17,ns
correlation-fio-randwrite-cores1,pcm_latency,l1_miss_latency,CORE18,53,41.2,ns
correlation-fio-randwrite-cores1,pcm_latency,l1_miss_latency,CORE18,54,40.18,ns
correlation-fio-randwrite-cores1,pcm_latency,l1_miss_latency,CORE18,55,41.78,ns
correlation-fio-randwrite-cores1,pcm_latency,l1_miss_latency,CORE18,56,39.2,ns
correlation-fio-randwrite-cores1,pcm_latency,l1_miss_latency,CORE18,57,39.44,ns
correlation-fio-randwrite-cores1,pcm_latency,l1_miss_latency,CORE18,58,39.9,ns
correlation-fio-randwrite-cores1,pcm_latency,l1_miss_latency,CORE18,59,17.43,ns
correlation-fio-randwrite-cores1,pcm_latency,l1_miss_latency,CORE19,0,35.46,ns
correlation-fio-randwrite-cores1,pcm_latency,l1_miss_latency,CORE19,1,41.87,ns
correlation-fio-randwrite-cores1,pcm_latency,l1_miss_latency,CORE19,2,25.38,ns
correlation-fio-randwrite-cores1,pcm_latency,l1_miss_latency,CORE19,3,27.47,ns
correlation-fio-randwrite-cores1,pcm_latency,l1_miss_latency,CORE19,4,28.12,ns
correlation-fio-randwrite-cores1,pcm_latency,l1_miss_latency,CORE19,5,27.28,ns
correlation-fio-randwrite-cores1,pcm_latency,l1_miss_latency,CORE19,6,27.79,ns
correlation-fio-randwrite-cores1,pcm_latency,l1_miss_latency,CORE19,7,32.3,ns
correlation-fio-randwrite-cores1,pcm_latency,l1_miss_latency,CORE19,8,32.64,ns
correlation-fio-randwrite-cores1,pcm_latency,l1_miss_latency,CORE19,9,26.81,ns
correlation-fio-randwrite-cores1,pcm_latency,l1_miss_latency,CORE19,10,26.95,ns
correlation-fio-randwrite-cores1,pcm_latency,l1_miss_latency,CORE19,11,26.5,ns
correlation-fio-randwrite-cores1,pcm_latency,l1_miss_latency,CORE19,12,32.13,ns
correlation-fio-randwrite-cores1,pcm_latency,l1_miss_latency,CORE19,13,27.71,ns
correlation-fio-randwrite-cores1,pcm_latency,l1_miss_latency,CORE19,14,28.49,ns
correlation-fio-randwrite-cores1,pcm_latency,l1_miss_latency,CORE19,15,30.02,ns
correlation-fio-randwrite-cores1,pcm_latency,l1_miss_latency,CORE19,16,38.19,ns
correlation-fio-randwrite-cores1,pcm_latency,l1_miss_latency,CORE19,17,31.04,ns
correlation-fio-randwrite-cores1,pcm_latency,l1_miss_latency,CORE19,18,16.78,ns
correlation-fio-randwrite-cores1,pcm_latency,l1_miss_latency,CORE19,19,31.87,ns
correlation-fio-randwrite-cores1,pcm_latency,l1_miss_latency,CORE19,20,27.71,ns
correlation-fio-randwrite-cores1,pcm_latency,l1_miss_latency,CORE19,21,27.19,ns
correlation-fio-randwrite-cores1,pcm_latency,l1_miss_latency,CORE19,22,29.44,ns
correlation-fio-randwrite-cores1,pcm_latency,l1_miss_latency,CORE19,23,29.76,ns
correlation-fio-randwrite-cores1,pcm_latency,l1_miss_latency,CORE19,24,30.23,ns
correlation-fio-randwrite-cores1,pcm_latency,l1_miss_latency,CORE19,25,27.46,ns
correlation-fio-randwrite-cores1,pcm_latency,l1_miss_latency,CORE19,26,29.04,ns
correlation-fio-randwrite-cores1,pcm_latency,l1_miss_latency,CORE19,27,30.82,ns
correlation-fio-randwrite-cores1,pcm_latency,l1_miss_latency,CORE19,28,25.57,ns
correlation-fio-randwrite-cores1,pcm_latency,l1_miss_latency,CORE19,29,27.77,ns
correlation-fio-randwrite-cores1,pcm_latency,l1_miss_latency,CORE19,30,29.09,ns
correlation-fio-randwrite-cores1,pcm_latency,l1_miss_latency,CORE19,31,33.83,ns
correlation-fio-randwrite-cores1,pcm_latency,l1_miss_latency,CORE19,32,39.06,ns
correlation-fio-randwrite-cores1,pcm_latency,l1_miss_latency,CORE19,33,27.42,ns
correlation-fio-randwrite-cores1,pcm_latency,l1_miss_latency,CORE19,34,28.72,ns
correlation-fio-randwrite-cores1,pcm_latency,l1_miss_latency,CORE19,35,27.72,ns
correlation-fio-randwrite-cores1,pcm_latency,l1_miss_latency,CORE19,36,27.27,ns
correlation-fio-randwrite-cores1,pcm_latency,l1_miss_latency,CORE19,37,26.77,ns
correlation-fio-randwrite-cores1,pcm_latency,l1_miss_latency,CORE19,38,28.75,ns
correlation-fio-randwrite-cores1,pcm_latency,l1_miss_latency,CORE19,39,29.09,ns
correlation-fio-randwrite-cores1,pcm_latency,l1_miss_latency,CORE19,40,28.63,ns
correlation-fio-randwrite-cores1,pcm_latency,l1_miss_latency,CORE19,41,25.87,ns
correlation-fio-randwrite-cores1,pcm_latency,l1_miss_latency,CORE19,42,28.67,ns
correlation-fio-randwrite-cores1,pcm_latency,l1_miss_latency,CORE19,43,31.41,ns
correlation-fio-randwrite-cores1,pcm_latency,l1_miss_latency,CORE19,44,29.42,ns
correlation-fio-randwrite-cores1,pcm_latency,l1_miss_latency,CORE19,45,28.33,ns
correlation-fio-randwrite-cores1,pcm_latency,l1_miss_latency,CORE19,46,25.93,ns
correlation-fio-randwrite-cores1,pcm_latency,l1_miss_latency,CORE19,47,36.53,ns
correlation-fio-randwrite-cores1,pcm_latency,l1_miss_latency,CORE19,48,27.99,ns
correlation-fio-randwrite-cores1,pcm_latency,l1_miss_latency,CORE19,49,27.37,ns
correlation-fio-randwrite-cores1,pcm_latency,l1_miss_latency,CORE19,50,27.24,ns
correlation-fio-randwrite-cores1,pcm_latency,l1_miss_latency,CORE19,51,27.38,ns
correlation-fio-randwrite-cores1,pcm_latency,l1_miss_latency,CORE19,52,25.14,ns
correlation-fio-randwrite-cores1,pcm_latency,l1_miss_latency,CORE19,53,27.86,ns
correlation-fio-randwrite-cores1,pcm_latency,l1_miss_latency,CORE19,54,25.2,ns
correlation-fio-randwrite-cores1,pcm_latency,l1_miss_latency,CORE19,55,26.93,ns
correlation-fio-randwrite-cores1,pcm_latency,l1_miss_latency,CORE19,56,24.08,ns
correlation-fio-randwrite-cores1,pcm_latency,l1_miss_latency,CORE19,57,27.23,ns
correlation-fio-randwrite-cores1,pcm_latency,l1_miss_latency,CORE19,58,26.67,ns
correlation-fio-randwrite-cores1,pcm_latency,l1_miss_latency,CORE19,59,28.38,ns
correlation-fio-randwrite-cores1,pcm_latency,l1_miss_latency,CORE20,0,26.71,ns
correlation-fio-randwrite-cores1,pcm_latency,l1_miss_latency,CORE20,1,23.27,ns
correlation-fio-randwrite-cores1,pcm_latency,l1_miss_latency,CORE20,2,21.41,ns
correlation-fio-randwrite-cores1,pcm_latency,l1_miss_latency,CORE20,3,22.31,ns
correlation-fio-randwrite-cores1,pcm_latency,l1_miss_latency,CORE20,4,24.68,ns
correlation-fio-randwrite-cores1,pcm_latency,l1_miss_latency,CORE20,5,24.29,ns
correlation-fio-randwrite-cores1,pcm_latency,l1_miss_latency,CORE20,6,22.71,ns
correlation-fio-randwrite-cores1,pcm_latency,l1_miss_latency,CORE20,7,24.43,ns
correlation-fio-randwrite-cores1,pcm_latency,l1_miss_latency,CORE20,8,26.47,ns
correlation-fio-randwrite-cores1,pcm_latency,l1_miss_latency,CORE20,9,25.43,ns
correlation-fio-randwrite-cores1,pcm_latency,l1_miss_latency,CORE20,10,23.18,ns
correlation-fio-randwrite-cores1,pcm_latency,l1_miss_latency,CORE20,11,23.61,ns
correlation-fio-randwrite-cores1,pcm_latency,l1_miss_latency,CORE20,12,28.71,ns
correlation-fio-randwrite-cores1,pcm_latency,l1_miss_latency,CORE20,13,23.73,ns
correlation-fio-randwrite-cores1,pcm_latency,l1_miss_latency,CORE20,14,23.53,ns
correlation-fio-randwrite-cores1,pcm_latency,l1_miss_latency,CORE20,15,24.03,ns
correlation-fio-randwrite-cores1,pcm_latency,l1_miss_latency,CORE20,16,22.82,ns
correlation-fio-randwrite-cores1,pcm_latency,l1_miss_latency,CORE20,17,25.16,ns
correlation-fio-randwrite-cores1,pcm_latency,l1_miss_latency,CORE20,18,35.94,ns
correlation-fio-randwrite-cores1,pcm_latency,l1_miss_latency,CORE20,19,32.38,ns
correlation-fio-randwrite-cores1,pcm_latency,l1_miss_latency,CORE20,20,30.5,ns
correlation-fio-randwrite-cores1,pcm_latency,l1_miss_latency,CORE20,21,21.56,ns
correlation-fio-randwrite-cores1,pcm_latency,l1_miss_latency,CORE20,22,24.16,ns
correlation-fio-randwrite-cores1,pcm_latency,l1_miss_latency,CORE20,23,23.29,ns
correlation-fio-randwrite-cores1,pcm_latency,l1_miss_latency,CORE20,24,20.85,ns
correlation-fio-randwrite-cores1,pcm_latency,l1_miss_latency,CORE20,25,22.99,ns
correlation-fio-randwrite-cores1,pcm_latency,l1_miss_latency,CORE20,26,24.19,ns
correlation-fio-randwrite-cores1,pcm_latency,l1_miss_latency,CORE20,27,24.87,ns
correlation-fio-randwrite-cores1,pcm_latency,l1_miss_latency,CORE20,28,21.0,ns
correlation-fio-randwrite-cores1,pcm_latency,l1_miss_latency,CORE20,29,23.09,ns
correlation-fio-randwrite-cores1,pcm_latency,l1_miss_latency,CORE20,30,19.66,ns
correlation-fio-randwrite-cores1,pcm_latency,l1_miss_latency,CORE20,31,35.33,ns
correlation-fio-randwrite-cores1,pcm_latency,l1_miss_latency,CORE20,32,32.73,ns
correlation-fio-randwrite-cores1,pcm_latency,l1_miss_latency,CORE20,33,23.08,ns
correlation-fio-randwrite-cores1,pcm_latency,l1_miss_latency,CORE20,34,20.36,ns
correlation-fio-randwrite-cores1,pcm_latency,l1_miss_latency,CORE20,35,21.85,ns
correlation-fio-randwrite-cores1,pcm_latency,l1_miss_latency,CORE20,36,21.27,ns
correlation-fio-randwrite-cores1,pcm_latency,l1_miss_latency,CORE20,37,24.59,ns
correlation-fio-randwrite-cores1,pcm_latency,l1_miss_latency,CORE20,38,22.11,ns
correlation-fio-randwrite-cores1,pcm_latency,l1_miss_latency,CORE20,39,22.55,ns
correlation-fio-randwrite-cores1,pcm_latency,l1_miss_latency,CORE20,40,19.59,ns
correlation-fio-randwrite-cores1,pcm_latency,l1_miss_latency,CORE20,41,23.0,ns
correlation-fio-randwrite-cores1,pcm_latency,l1_miss_latency,CORE20,42,22.91,ns
correlation-fio-randwrite-cores1,pcm_latency,l1_miss_latency,CORE20,43,21.79,ns
correlation-fio-randwrite-cores1,pcm_latency,l1_miss_latency,CORE20,44,25.39,ns
correlation-fio-randwrite-cores1,pcm_latency,l1_miss_latency,CORE20,45,21.12,ns
correlation-fio-randwrite-cores1,pcm_latency,l1_miss_latency,CORE20,46,21.27,ns
correlation-fio-randwrite-cores1,pcm_latency,l1_miss_latency,CORE20,47,22.82,ns
correlation-fio-randwrite-cores1,pcm_latency,l1_miss_latency,CORE20,48,21.97,ns
correlation-fio-randwrite-cores1,pcm_latency,l1_miss_latency,CORE20,49,22.77,ns
correlation-fio-randwrite-cores1,pcm_latency,l1_miss_latency,CORE20,50,21.13,ns
correlation-fio-randwrite-cores1,pcm_latency,l1_miss_latency,CORE20,51,23.33,ns
correlation-fio-randwrite-cores1,pcm_latency,l1_miss_latency,CORE20,52,21.58,ns
correlation-fio-randwrite-cores1,pcm_latency,l1_miss_latency,CORE20,53,24.83,ns
correlation-fio-randwrite-cores1,pcm_latency,l1_miss_latency,CORE20,54,21.31,ns
correlation-fio-randwrite-cores1,pcm_latency,l1_miss_latency,CORE20,55,22.59,ns
correlation-fio-randwrite-cores1,pcm_latency,l1_miss_latency,CORE20,56,20.94,ns
correlation-fio-randwrite-cores1,pcm_latency,l1_miss_latency,CORE20,57,23.96,ns
correlation-fio-randwrite-cores1,pcm_latency,l1_miss_latency,CORE20,58,22.68,ns
correlation-fio-randwrite-cores1,pcm_latency,l1_miss_latency,CORE20,59,29.09,ns
correlation-fio-randwrite-cores1,pcm_latency,l1_miss_latency,CORE21,0,40.04,ns
correlation-fio-randwrite-cores1,pcm_latency,l1_miss_latency,CORE21,1,35.61,ns
correlation-fio-randwrite-cores1,pcm_latency,l1_miss_latency,CORE21,2,37.06,ns
correlation-fio-randwrite-cores1,pcm_latency,l1_miss_latency,CORE21,3,38.69,ns
correlation-fio-randwrite-cores1,pcm_latency,l1_miss_latency,CORE21,4,37.34,ns
correlation-fio-randwrite-cores1,pcm_latency,l1_miss_latency,CORE21,5,36.06,ns
correlation-fio-randwrite-cores1,pcm_latency,l1_miss_latency,CORE21,6,37.25,ns
correlation-fio-randwrite-cores1,pcm_latency,l1_miss_latency,CORE21,7,40.63,ns
correlation-fio-randwrite-cores1,pcm_latency,l1_miss_latency,CORE21,8,38.35,ns
correlation-fio-randwrite-cores1,pcm_latency,l1_miss_latency,CORE21,9,36.35,ns
correlation-fio-randwrite-cores1,pcm_latency,l1_miss_latency,CORE21,10,38.93,ns
correlation-fio-randwrite-cores1,pcm_latency,l1_miss_latency,CORE21,11,37.0,ns
correlation-fio-randwrite-cores1,pcm_latency,l1_miss_latency,CORE21,12,37.35,ns
correlation-fio-randwrite-cores1,pcm_latency,l1_miss_latency,CORE21,13,38.35,ns
correlation-fio-randwrite-cores1,pcm_latency,l1_miss_latency,CORE21,14,38.22,ns
correlation-fio-randwrite-cores1,pcm_latency,l1_miss_latency,CORE21,15,37.59,ns
correlation-fio-randwrite-cores1,pcm_latency,l1_miss_latency,CORE21,16,31.73,ns
correlation-fio-randwrite-cores1,pcm_latency,l1_miss_latency,CORE21,17,34.06,ns
correlation-fio-randwrite-cores1,pcm_latency,l1_miss_latency,CORE21,18,33.97,ns
correlation-fio-randwrite-cores1,pcm_latency,l1_miss_latency,CORE21,19,39.12,ns
correlation-fio-randwrite-cores1,pcm_latency,l1_miss_latency,CORE21,20,35.74,ns
correlation-fio-randwrite-cores1,pcm_latency,l1_miss_latency,CORE21,21,38.5,ns
correlation-fio-randwrite-cores1,pcm_latency,l1_miss_latency,CORE21,22,34.53,ns
correlation-fio-randwrite-cores1,pcm_latency,l1_miss_latency,CORE21,23,38.3,ns
correlation-fio-randwrite-cores1,pcm_latency,l1_miss_latency,CORE21,24,32.58,ns
correlation-fio-randwrite-cores1,pcm_latency,l1_miss_latency,CORE21,25,35.74,ns
correlation-fio-randwrite-cores1,pcm_latency,l1_miss_latency,CORE21,26,34.44,ns
correlation-fio-randwrite-cores1,pcm_latency,l1_miss_latency,CORE21,27,38.5,ns
correlation-fio-randwrite-cores1,pcm_latency,l1_miss_latency,CORE21,28,34.65,ns
correlation-fio-randwrite-cores1,pcm_latency,l1_miss_latency,CORE21,29,37.29,ns
correlation-fio-randwrite-cores1,pcm_latency,l1_miss_latency,CORE21,30,36.17,ns
correlation-fio-randwrite-cores1,pcm_latency,l1_miss_latency,CORE21,31,39.77,ns
correlation-fio-randwrite-cores1,pcm_latency,l1_miss_latency,CORE21,32,39.45,ns
correlation-fio-randwrite-cores1,pcm_latency,l1_miss_latency,CORE21,33,36.53,ns
correlation-fio-randwrite-cores1,pcm_latency,l1_miss_latency,CORE21,34,34.19,ns
correlation-fio-randwrite-cores1,pcm_latency,l1_miss_latency,CORE21,35,36.76,ns
correlation-fio-randwrite-cores1,pcm_latency,l1_miss_latency,CORE21,36,36.64,ns
correlation-fio-randwrite-cores1,pcm_latency,l1_miss_latency,CORE21,37,35.13,ns
correlation-fio-randwrite-cores1,pcm_latency,l1_miss_latency,CORE21,38,36.6,ns
correlation-fio-randwrite-cores1,pcm_latency,l1_miss_latency,CORE21,39,37.76,ns
correlation-fio-randwrite-cores1,pcm_latency,l1_miss_latency,CORE21,40,36.86,ns
correlation-fio-randwrite-cores1,pcm_latency,l1_miss_latency,CORE21,41,35.78,ns
correlation-fio-randwrite-cores1,pcm_latency,l1_miss_latency,CORE21,42,38.06,ns
correlation-fio-randwrite-cores1,pcm_latency,l1_miss_latency,CORE21,43,36.67,ns
correlation-fio-randwrite-cores1,pcm_latency,l1_miss_latency,CORE21,44,33.59,ns
correlation-fio-randwrite-cores1,pcm_latency,l1_miss_latency,CORE21,45,36.88,ns
correlation-fio-randwrite-cores1,pcm_latency,l1_miss_latency,CORE21,46,36.29,ns
correlation-fio-randwrite-cores1,pcm_latency,l1_miss_latency,CORE21,47,39.26,ns
correlation-fio-randwrite-cores1,pcm_latency,l1_miss_latency,CORE21,48,34.89,ns
correlation-fio-randwrite-cores1,pcm_latency,l1_miss_latency,CORE21,49,35.13,ns
correlation-fio-randwrite-cores1,pcm_latency,l1_miss_latency,CORE21,50,34.75,ns
correlation-fio-randwrite-cores1,pcm_latency,l1_miss_latency,CORE21,51,36.39,ns
correlation-fio-randwrite-cores1,pcm_latency,l1_miss_latency,CORE21,52,34.14,ns
correlation-fio-randwrite-cores1,pcm_latency,l1_miss_latency,CORE21,53,31.77,ns
correlation-fio-randwrite-cores1,pcm_latency,l1_miss_latency,CORE21,54,37.33,ns
correlation-fio-randwrite-cores1,pcm_latency,l1_miss_latency,CORE21,55,35.59,ns
correlation-fio-randwrite-cores1,pcm_latency,l1_miss_latency,CORE21,56,35.95,ns
correlation-fio-randwrite-cores1,pcm_latency,l1_miss_latency,CORE21,57,33.3,ns
correlation-fio-randwrite-cores1,pcm_latency,l1_miss_latency,CORE21,58,34.72,ns
correlation-fio-randwrite-cores1,pcm_latency,l1_miss_latency,CORE21,59,20.97,ns
correlation-fio-randwrite-cores1,pcm_latency,l1_miss_latency,CORE22,0,48.48,ns
correlation-fio-randwrite-cores1,pcm_latency,l1_miss_latency,CORE22,1,33.71,ns
correlation-fio-randwrite-cores1,pcm_latency,l1_miss_latency,CORE22,2,30.93,ns
correlation-fio-randwrite-cores1,pcm_latency,l1_miss_latency,CORE22,3,28.5,ns
correlation-fio-randwrite-cores1,pcm_latency,l1_miss_latency,CORE22,4,32.71,ns
correlation-fio-randwrite-cores1,pcm_latency,l1_miss_latency,CORE22,5,33.61,ns
correlation-fio-randwrite-cores1,pcm_latency,l1_miss_latency,CORE22,6,27.86,ns
correlation-fio-randwrite-cores1,pcm_latency,l1_miss_latency,CORE22,7,46.35,ns
correlation-fio-randwrite-cores1,pcm_latency,l1_miss_latency,CORE22,8,30.89,ns
correlation-fio-randwrite-cores1,pcm_latency,l1_miss_latency,CORE22,9,24.97,ns
correlation-fio-randwrite-cores1,pcm_latency,l1_miss_latency,CORE22,10,34.62,ns
correlation-fio-randwrite-cores1,pcm_latency,l1_miss_latency,CORE22,11,26.99,ns
correlation-fio-randwrite-cores1,pcm_latency,l1_miss_latency,CORE22,12,34.92,ns
correlation-fio-randwrite-cores1,pcm_latency,l1_miss_latency,CORE22,13,29.61,ns
correlation-fio-randwrite-cores1,pcm_latency,l1_miss_latency,CORE22,14,30.14,ns
correlation-fio-randwrite-cores1,pcm_latency,l1_miss_latency,CORE22,15,29.53,ns
correlation-fio-randwrite-cores1,pcm_latency,l1_miss_latency,CORE22,16,32.57,ns
correlation-fio-randwrite-cores1,pcm_latency,l1_miss_latency,CORE22,17,33.4,ns
correlation-fio-randwrite-cores1,pcm_latency,l1_miss_latency,CORE22,18,21.84,ns
correlation-fio-randwrite-cores1,pcm_latency,l1_miss_latency,CORE22,19,26.32,ns
correlation-fio-randwrite-cores1,pcm_latency,l1_miss_latency,CORE22,20,27.01,ns
correlation-fio-randwrite-cores1,pcm_latency,l1_miss_latency,CORE22,21,27.35,ns
correlation-fio-randwrite-cores1,pcm_latency,l1_miss_latency,CORE22,22,27.65,ns
correlation-fio-randwrite-cores1,pcm_latency,l1_miss_latency,CORE22,23,27.43,ns
correlation-fio-randwrite-cores1,pcm_latency,l1_miss_latency,CORE22,24,27.4,ns
correlation-fio-randwrite-cores1,pcm_latency,l1_miss_latency,CORE22,25,27.56,ns
correlation-fio-randwrite-cores1,pcm_latency,l1_miss_latency,CORE22,26,27.62,ns
correlation-fio-randwrite-cores1,pcm_latency,l1_miss_latency,CORE22,27,27.88,ns
correlation-fio-randwrite-cores1,pcm_latency,l1_miss_latency,CORE22,28,26.33,ns
correlation-fio-randwrite-cores1,pcm_latency,l1_miss_latency,CORE22,29,26.76,ns
correlation-fio-randwrite-cores1,pcm_latency,l1_miss_latency,CORE22,30,26.92,ns
correlation-fio-randwrite-cores1,pcm_latency,l1_miss_latency,CORE22,31,26.27,ns
correlation-fio-randwrite-cores1,pcm_latency,l1_miss_latency,CORE22,32,21.02,ns
correlation-fio-randwrite-cores1,pcm_latency,l1_miss_latency,CORE22,33,33.94,ns
correlation-fio-randwrite-cores1,pcm_latency,l1_miss_latency,CORE22,34,27.7,ns
correlation-fio-randwrite-cores1,pcm_latency,l1_miss_latency,CORE22,35,31.83,ns
correlation-fio-randwrite-cores1,pcm_latency,l1_miss_latency,CORE22,36,23.85,ns
correlation-fio-randwrite-cores1,pcm_latency,l1_miss_latency,CORE22,37,27.78,ns
correlation-fio-randwrite-cores1,pcm_latency,l1_miss_latency,CORE22,38,33.36,ns
correlation-fio-randwrite-cores1,pcm_latency,l1_miss_latency,CORE22,39,27.87,ns
correlation-fio-randwrite-cores1,pcm_latency,l1_miss_latency,CORE22,40,27.18,ns
correlation-fio-randwrite-cores1,pcm_latency,l1_miss_latency,CORE22,41,27.11,ns
correlation-fio-randwrite-cores1,pcm_latency,l1_miss_latency,CORE22,42,26.3,ns
correlation-fio-randwrite-cores1,pcm_latency,l1_miss_latency,CORE22,43,28.36,ns
correlation-fio-randwrite-cores1,pcm_latency,l1_miss_latency,CORE22,44,27.53,ns
correlation-fio-randwrite-cores1,pcm_latency,l1_miss_latency,CORE22,45,30.02,ns
correlation-fio-randwrite-cores1,pcm_latency,l1_miss_latency,CORE22,46,27.46,ns
correlation-fio-randwrite-cores1,pcm_latency,l1_miss_latency,CORE22,47,28.91,ns
correlation-fio-randwrite-cores1,pcm_latency,l1_miss_latency,CORE22,48,29.28,ns
correlation-fio-randwrite-cores1,pcm_latency,l1_miss_latency,CORE22,49,29.31,ns
correlation-fio-randwrite-cores1,pcm_latency,l1_miss_latency,CORE22,50,29.23,ns
correlation-fio-randwrite-cores1,pcm_latency,l1_miss_latency,CORE22,51,30.32,ns
correlation-fio-randwrite-cores1,pcm_latency,l1_miss_latency,CORE22,52,32.21,ns
correlation-fio-randwrite-cores1,pcm_latency,l1_miss_latency,CORE22,53,32.71,ns
correlation-fio-randwrite-cores1,pcm_latency,l1_miss_latency,CORE22,54,26.63,ns
correlation-fio-randwrite-cores1,pcm_latency,l1_miss_latency,CORE22,55,28.2,ns
correlation-fio-randwrite-cores1,pcm_latency,l1_miss_latency,CORE22,56,26.63,ns
correlation-fio-randwrite-cores1,pcm_latency,l1_miss_latency,CORE22,57,32.35,ns
correlation-fio-randwrite-cores1,pcm_latency,l1_miss_latency,CORE22,58,30.27,ns
correlation-fio-randwrite-cores1,pcm_latency,l1_miss_latency,CORE22,59,26.86,ns
correlation-fio-randwrite-cores1,pcm_latency,l1_miss_latency,CORE23,0,47.74,ns
correlation-fio-randwrite-cores1,pcm_latency,l1_miss_latency,CORE23,1,32.4,ns
correlation-fio-randwrite-cores1,pcm_latency,l1_miss_latency,CORE23,2,32.48,ns
correlation-fio-randwrite-cores1,pcm_latency,l1_miss_latency,CORE23,3,28.32,ns
correlation-fio-randwrite-cores1,pcm_latency,l1_miss_latency,CORE23,4,30.15,ns
correlation-fio-randwrite-cores1,pcm_latency,l1_miss_latency,CORE23,5,32.57,ns
correlation-fio-randwrite-cores1,pcm_latency,l1_miss_latency,CORE23,6,28.41,ns
correlation-fio-randwrite-cores1,pcm_latency,l1_miss_latency,CORE23,7,33.37,ns
correlation-fio-randwrite-cores1,pcm_latency,l1_miss_latency,CORE23,8,43.28,ns
correlation-fio-randwrite-cores1,pcm_latency,l1_miss_latency,CORE23,9,34.52,ns
correlation-fio-randwrite-cores1,pcm_latency,l1_miss_latency,CORE23,10,42.13,ns
correlation-fio-randwrite-cores1,pcm_latency,l1_miss_latency,CORE23,11,31.67,ns
correlation-fio-randwrite-cores1,pcm_latency,l1_miss_latency,CORE23,12,33.03,ns
correlation-fio-randwrite-cores1,pcm_latency,l1_miss_latency,CORE23,13,38.12,ns
correlation-fio-randwrite-cores1,pcm_latency,l1_miss_latency,CORE23,14,29.8,ns
correlation-fio-randwrite-cores1,pcm_latency,l1_miss_latency,CORE23,15,37.73,ns
correlation-fio-randwrite-cores1,pcm_latency,l1_miss_latency,CORE23,16,39.28,ns
correlation-fio-randwrite-cores1,pcm_latency,l1_miss_latency,CORE23,17,31.32,ns
correlation-fio-randwrite-cores1,pcm_latency,l1_miss_latency,CORE23,18,25.1,ns
correlation-fio-randwrite-cores1,pcm_latency,l1_miss_latency,CORE23,19,21.2,ns
correlation-fio-randwrite-cores1,pcm_latency,l1_miss_latency,CORE23,20,36.09,ns
correlation-fio-randwrite-cores1,pcm_latency,l1_miss_latency,CORE23,21,39.88,ns
correlation-fio-randwrite-cores1,pcm_latency,l1_miss_latency,CORE23,22,41.6,ns
correlation-fio-randwrite-cores1,pcm_latency,l1_miss_latency,CORE23,23,29.71,ns
correlation-fio-randwrite-cores1,pcm_latency,l1_miss_latency,CORE23,24,27.49,ns
correlation-fio-randwrite-cores1,pcm_latency,l1_miss_latency,CORE23,25,29.87,ns
correlation-fio-randwrite-cores1,pcm_latency,l1_miss_latency,CORE23,26,30.32,ns
correlation-fio-randwrite-cores1,pcm_latency,l1_miss_latency,CORE23,27,33.12,ns
correlation-fio-randwrite-cores1,pcm_latency,l1_miss_latency,CORE23,28,27.95,ns
correlation-fio-randwrite-cores1,pcm_latency,l1_miss_latency,CORE23,29,38.98,ns
correlation-fio-randwrite-cores1,pcm_latency,l1_miss_latency,CORE23,30,24.96,ns
correlation-fio-randwrite-cores1,pcm_latency,l1_miss_latency,CORE23,31,34.82,ns
correlation-fio-randwrite-cores1,pcm_latency,l1_miss_latency,CORE23,32,32.23,ns
correlation-fio-randwrite-cores1,pcm_latency,l1_miss_latency,CORE23,33,31.46,ns
correlation-fio-randwrite-cores1,pcm_latency,l1_miss_latency,CORE23,34,30.82,ns
correlation-fio-randwrite-cores1,pcm_latency,l1_miss_latency,CORE23,35,34.15,ns
correlation-fio-randwrite-cores1,pcm_latency,l1_miss_latency,CORE23,36,25.27,ns
correlation-fio-randwrite-cores1,pcm_latency,l1_miss_latency,CORE23,37,26.53,ns
correlation-fio-randwrite-cores1,pcm_latency,l1_miss_latency,CORE23,38,38.81,ns
correlation-fio-randwrite-cores1,pcm_latency,l1_miss_latency,CORE23,39,28.27,ns
correlation-fio-randwrite-cores1,pcm_latency,l1_miss_latency,CORE23,40,30.45,ns
correlation-fio-randwrite-cores1,pcm_latency,l1_miss_latency,CORE23,41,32.35,ns
correlation-fio-randwrite-cores1,pcm_latency,l1_miss_latency,CORE23,42,29.69,ns
correlation-fio-randwrite-cores1,pcm_latency,l1_miss_latency,CORE23,43,27.43,ns
correlation-fio-randwrite-cores1,pcm_latency,l1_miss_latency,CORE23,44,27.6,ns
correlation-fio-randwrite-cores1,pcm_latency,l1_miss_latency,CORE23,45,30.03,ns
correlation-fio-randwrite-cores1,pcm_latency,l1_miss_latency,CORE23,46,26.44,ns
correlation-fio-randwrite-cores1,pcm_latency,l1_miss_latency,CORE23,47,30.28,ns
correlation-fio-randwrite-cores1,pcm_latency,l1_miss_latency,CORE23,48,28.75,ns
correlation-fio-randwrite-cores1,pcm_latency,l1_miss_latency,CORE23,49,34.64,ns
correlation-fio-randwrite-cores1,pcm_latency,l1_miss_latency,CORE23,50,30.88,ns
correlation-fio-randwrite-cores1,pcm_latency,l1_miss_latency,CORE23,51,30.5,ns
correlation-fio-randwrite-cores1,pcm_latency,l1_miss_latency,CORE23,52,30.75,ns
correlation-fio-randwrite-cores1,pcm_latency,l1_miss_latency,CORE23,53,34.35,ns
correlation-fio-randwrite-cores1,pcm_latency,l1_miss_latency,CORE23,54,35.43,ns
correlation-fio-randwrite-cores1,pcm_latency,l1_miss_latency,CORE23,55,32.45,ns
correlation-fio-randwrite-cores1,pcm_latency,l1_miss_latency,CORE23,56,30.99,ns
correlation-fio-randwrite-cores1,pcm_latency,l1_miss_latency,CORE23,57,32.12,ns
correlation-fio-randwrite-cores1,pcm_latency,l1_miss_latency,CORE23,58,31.53,ns
correlation-fio-randwrite-cores1,pcm_latency,l1_miss_latency,CORE23,59,21.58,ns
correlation-fio-randwrite-cores1,pcm_latency,l1_miss_latency,CORE24,0,36.75,ns
correlation-fio-randwrite-cores1,pcm_latency,l1_miss_latency,CORE24,1,29.22,ns
correlation-fio-randwrite-cores1,pcm_latency,l1_miss_latency,CORE24,2,33.62,ns
correlation-fio-randwrite-cores1,pcm_latency,l1_miss_latency,CORE24,3,32.51,ns
correlation-fio-randwrite-cores1,pcm_latency,l1_miss_latency,CORE24,4,39.75,ns
correlation-fio-randwrite-cores1,pcm_latency,l1_miss_latency,CORE24,5,19.35,ns
correlation-fio-randwrite-cores1,pcm_latency,l1_miss_latency,CORE24,6,33.29,ns
correlation-fio-randwrite-cores1,pcm_latency,l1_miss_latency,CORE24,7,44.64,ns
correlation-fio-randwrite-cores1,pcm_latency,l1_miss_latency,CORE24,8,35.74,ns
correlation-fio-randwrite-cores1,pcm_latency,l1_miss_latency,CORE24,9,27.61,ns
correlation-fio-randwrite-cores1,pcm_latency,l1_miss_latency,CORE24,10,34.7,ns
correlation-fio-randwrite-cores1,pcm_latency,l1_miss_latency,CORE24,11,31.1,ns
correlation-fio-randwrite-cores1,pcm_latency,l1_miss_latency,CORE24,12,34.26,ns
correlation-fio-randwrite-cores1,pcm_latency,l1_miss_latency,CORE24,13,38.39,ns
correlation-fio-randwrite-cores1,pcm_latency,l1_miss_latency,CORE24,14,35.14,ns
correlation-fio-randwrite-cores1,pcm_latency,l1_miss_latency,CORE24,15,34.62,ns
correlation-fio-randwrite-cores1,pcm_latency,l1_miss_latency,CORE24,16,39.24,ns
correlation-fio-randwrite-cores1,pcm_latency,l1_miss_latency,CORE24,17,20.76,ns
correlation-fio-randwrite-cores1,pcm_latency,l1_miss_latency,CORE24,18,26.33,ns
correlation-fio-randwrite-cores1,pcm_latency,l1_miss_latency,CORE24,19,39.27,ns
correlation-fio-randwrite-cores1,pcm_latency,l1_miss_latency,CORE24,20,33.72,ns
correlation-fio-randwrite-cores1,pcm_latency,l1_miss_latency,CORE24,21,25.89,ns
correlation-fio-randwrite-cores1,pcm_latency,l1_miss_latency,CORE24,22,33.5,ns
correlation-fio-randwrite-cores1,pcm_latency,l1_miss_latency,CORE24,23,30.44,ns
correlation-fio-randwrite-cores1,pcm_latency,l1_miss_latency,CORE24,24,20.17,ns
correlation-fio-randwrite-cores1,pcm_latency,l1_miss_latency,CORE24,25,33.35,ns
correlation-fio-randwrite-cores1,pcm_latency,l1_miss_latency,CORE24,26,20.58,ns
correlation-fio-randwrite-cores1,pcm_latency,l1_miss_latency,CORE24,27,30.92,ns
correlation-fio-randwrite-cores1,pcm_latency,l1_miss_latency,CORE24,28,20.84,ns
correlation-fio-randwrite-cores1,pcm_latency,l1_miss_latency,CORE24,29,25.19,ns
correlation-fio-randwrite-cores1,pcm_latency,l1_miss_latency,CORE24,30,37.99,ns
correlation-fio-randwrite-cores1,pcm_latency,l1_miss_latency,CORE24,31,33.42,ns
correlation-fio-randwrite-cores1,pcm_latency,l1_miss_latency,CORE24,32,34.59,ns
correlation-fio-randwrite-cores1,pcm_latency,l1_miss_latency,CORE24,33,35.44,ns
correlation-fio-randwrite-cores1,pcm_latency,l1_miss_latency,CORE24,34,44.6,ns
correlation-fio-randwrite-cores1,pcm_latency,l1_miss_latency,CORE24,35,39.33,ns
correlation-fio-randwrite-cores1,pcm_latency,l1_miss_latency,CORE24,36,29.51,ns
correlation-fio-randwrite-cores1,pcm_latency,l1_miss_latency,CORE24,37,37.11,ns
correlation-fio-randwrite-cores1,pcm_latency,l1_miss_latency,CORE24,38,35.15,ns
correlation-fio-randwrite-cores1,pcm_latency,l1_miss_latency,CORE24,39,42.85,ns
correlation-fio-randwrite-cores1,pcm_latency,l1_miss_latency,CORE24,40,38.26,ns
correlation-fio-randwrite-cores1,pcm_latency,l1_miss_latency,CORE24,41,28.8,ns
correlation-fio-randwrite-cores1,pcm_latency,l1_miss_latency,CORE24,42,29.38,ns
correlation-fio-randwrite-cores1,pcm_latency,l1_miss_latency,CORE24,43,30.7,ns
correlation-fio-randwrite-cores1,pcm_latency,l1_miss_latency,CORE24,44,27.63,ns
correlation-fio-randwrite-cores1,pcm_latency,l1_miss_latency,CORE24,45,41.12,ns
correlation-fio-randwrite-cores1,pcm_latency,l1_miss_latency,CORE24,46,28.36,ns
correlation-fio-randwrite-cores1,pcm_latency,l1_miss_latency,CORE24,47,32.82,ns
correlation-fio-randwrite-cores1,pcm_latency,l1_miss_latency,CORE24,48,30.42,ns
correlation-fio-randwrite-cores1,pcm_latency,l1_miss_latency,CORE24,49,30.36,ns
correlation-fio-randwrite-cores1,pcm_latency,l1_miss_latency,CORE24,50,47.79,ns
correlation-fio-randwrite-cores1,pcm_latency,l1_miss_latency,CORE24,51,32.61,ns
correlation-fio-randwrite-cores1,pcm_latency,l1_miss_latency,CORE24,52,30.5,ns
correlation-fio-randwrite-cores1,pcm_latency,l1_miss_latency,CORE24,53,29.7,ns
correlation-fio-randwrite-cores1,pcm_latency,l1_miss_latency,CORE24,54,37.97,ns
correlation-fio-randwrite-cores1,pcm_latency,l1_miss_latency,CORE24,55,28.64,ns
correlation-fio-randwrite-cores1,pcm_latency,l1_miss_latency,CORE24,56,29.04,ns
correlation-fio-randwrite-cores1,pcm_latency,l1_miss_latency,CORE24,57,40.36,ns
correlation-fio-randwrite-cores1,pcm_latency,l1_miss_latency,CORE24,58,30.69,ns
correlation-fio-randwrite-cores1,pcm_latency,l1_miss_latency,CORE24,59,27.28,ns
correlation-fio-randwrite-cores1,pcm_latency,l1_miss_latency,CORE25,0,59.48,ns
correlation-fio-randwrite-cores1,pcm_latency,l1_miss_latency,CORE25,1,33.65,ns
correlation-fio-randwrite-cores1,pcm_latency,l1_miss_latency,CORE25,2,28.79,ns
correlation-fio-randwrite-cores1,pcm_latency,l1_miss_latency,CORE25,3,27.69,ns
correlation-fio-randwrite-cores1,pcm_latency,l1_miss_latency,CORE25,4,34.99,ns
correlation-fio-randwrite-cores1,pcm_latency,l1_miss_latency,CORE25,5,34.72,ns
correlation-fio-randwrite-cores1,pcm_latency,l1_miss_latency,CORE25,6,29.49,ns
correlation-fio-randwrite-cores1,pcm_latency,l1_miss_latency,CORE25,7,31.64,ns
correlation-fio-randwrite-cores1,pcm_latency,l1_miss_latency,CORE25,8,33.75,ns
correlation-fio-randwrite-cores1,pcm_latency,l1_miss_latency,CORE25,9,28.26,ns
correlation-fio-randwrite-cores1,pcm_latency,l1_miss_latency,CORE25,10,31.11,ns
correlation-fio-randwrite-cores1,pcm_latency,l1_miss_latency,CORE25,11,28.75,ns
correlation-fio-randwrite-cores1,pcm_latency,l1_miss_latency,CORE25,12,35.97,ns
correlation-fio-randwrite-cores1,pcm_latency,l1_miss_latency,CORE25,13,35.0,ns
correlation-fio-randwrite-cores1,pcm_latency,l1_miss_latency,CORE25,14,32.67,ns
correlation-fio-randwrite-cores1,pcm_latency,l1_miss_latency,CORE25,15,28.29,ns
correlation-fio-randwrite-cores1,pcm_latency,l1_miss_latency,CORE25,16,30.1,ns
correlation-fio-randwrite-cores1,pcm_latency,l1_miss_latency,CORE25,17,25.59,ns
correlation-fio-randwrite-cores1,pcm_latency,l1_miss_latency,CORE25,18,42.36,ns
correlation-fio-randwrite-cores1,pcm_latency,l1_miss_latency,CORE25,19,41.39,ns
correlation-fio-randwrite-cores1,pcm_latency,l1_miss_latency,CORE25,20,29.16,ns
correlation-fio-randwrite-cores1,pcm_latency,l1_miss_latency,CORE25,21,33.83,ns
correlation-fio-randwrite-cores1,pcm_latency,l1_miss_latency,CORE25,22,38.11,ns
correlation-fio-randwrite-cores1,pcm_latency,l1_miss_latency,CORE25,23,26.7,ns
correlation-fio-randwrite-cores1,pcm_latency,l1_miss_latency,CORE25,24,27.55,ns
correlation-fio-randwrite-cores1,pcm_latency,l1_miss_latency,CORE25,25,32.97,ns
correlation-fio-randwrite-cores1,pcm_latency,l1_miss_latency,CORE25,26,28.59,ns
correlation-fio-randwrite-cores1,pcm_latency,l1_miss_latency,CORE25,27,27.76,ns
correlation-fio-randwrite-cores1,pcm_latency,l1_miss_latency,CORE25,28,28.3,ns
correlation-fio-randwrite-cores1,pcm_latency,l1_miss_latency,CORE25,29,32.37,ns
correlation-fio-randwrite-cores1,pcm_latency,l1_miss_latency,CORE25,30,27.61,ns
correlation-fio-randwrite-cores1,pcm_latency,l1_miss_latency,CORE25,31,32.03,ns
correlation-fio-randwrite-cores1,pcm_latency,l1_miss_latency,CORE25,32,35.51,ns
correlation-fio-randwrite-cores1,pcm_latency,l1_miss_latency,CORE25,33,27.81,ns
correlation-fio-randwrite-cores1,pcm_latency,l1_miss_latency,CORE25,34,29.24,ns
correlation-fio-randwrite-cores1,pcm_latency,l1_miss_latency,CORE25,35,29.05,ns
correlation-fio-randwrite-cores1,pcm_latency,l1_miss_latency,CORE25,36,27.52,ns
correlation-fio-randwrite-cores1,pcm_latency,l1_miss_latency,CORE25,37,29.36,ns
correlation-fio-randwrite-cores1,pcm_latency,l1_miss_latency,CORE25,38,31.29,ns
correlation-fio-randwrite-cores1,pcm_latency,l1_miss_latency,CORE25,39,29.36,ns
correlation-fio-randwrite-cores1,pcm_latency,l1_miss_latency,CORE25,40,28.7,ns
correlation-fio-randwrite-cores1,pcm_latency,l1_miss_latency,CORE25,41,31.74,ns
correlation-fio-randwrite-cores1,pcm_latency,l1_miss_latency,CORE25,42,28.87,ns
correlation-fio-randwrite-cores1,pcm_latency,l1_miss_latency,CORE25,43,31.0,ns
correlation-fio-randwrite-cores1,pcm_latency,l1_miss_latency,CORE25,44,29.47,ns
correlation-fio-randwrite-cores1,pcm_latency,l1_miss_latency,CORE25,45,27.36,ns
correlation-fio-randwrite-cores1,pcm_latency,l1_miss_latency,CORE25,46,29.16,ns
correlation-fio-randwrite-cores1,pcm_latency,l1_miss_latency,CORE25,47,26.84,ns
correlation-fio-randwrite-cores1,pcm_latency,l1_miss_latency,CORE25,48,29.38,ns
correlation-fio-randwrite-cores1,pcm_latency,l1_miss_latency,CORE25,49,28.31,ns
correlation-fio-randwrite-cores1,pcm_latency,l1_miss_latency,CORE25,50,29.41,ns
correlation-fio-randwrite-cores1,pcm_latency,l1_miss_latency,CORE25,51,28.95,ns
correlation-fio-randwrite-cores1,pcm_latency,l1_miss_latency,CORE25,52,29.78,ns
correlation-fio-randwrite-cores1,pcm_latency,l1_miss_latency,CORE25,53,28.94,ns
correlation-fio-randwrite-cores1,pcm_latency,l1_miss_latency,CORE25,54,28.99,ns
correlation-fio-randwrite-cores1,pcm_latency,l1_miss_latency,CORE25,55,29.49,ns
correlation-fio-randwrite-cores1,pcm_latency,l1_miss_latency,CORE25,56,25.44,ns
correlation-fio-randwrite-cores1,pcm_latency,l1_miss_latency,CORE25,57,28.42,ns
correlation-fio-randwrite-cores1,pcm_latency,l1_miss_latency,CORE25,58,27.18,ns
correlation-fio-randwrite-cores1,pcm_latency,l1_miss_latency,CORE25,59,33.36,ns
correlation-fio-randwrite-cores1,pcm_latency,l1_miss_latency,CORE26,0,58.08,ns
correlation-fio-randwrite-cores1,pcm_latency,l1_miss_latency,CORE26,1,31.54,ns
correlation-fio-randwrite-cores1,pcm_latency,l1_miss_latency,CORE26,2,36.78,ns
correlation-fio-randwrite-cores1,pcm_latency,l1_miss_latency,CORE26,3,35.82,ns
correlation-fio-randwrite-cores1,pcm_latency,l1_miss_latency,CORE26,4,39.12,ns
correlation-fio-randwrite-cores1,pcm_latency,l1_miss_latency,CORE26,5,37.69,ns
correlation-fio-randwrite-cores1,pcm_latency,l1_miss_latency,CORE26,6,35.82,ns
correlation-fio-randwrite-cores1,pcm_latency,l1_miss_latency,CORE26,7,40.53,ns
correlation-fio-randwrite-cores1,pcm_latency,l1_miss_latency,CORE26,8,43.35,ns
correlation-fio-randwrite-cores1,pcm_latency,l1_miss_latency,CORE26,9,35.9,ns
correlation-fio-randwrite-cores1,pcm_latency,l1_miss_latency,CORE26,10,48.53,ns
correlation-fio-randwrite-cores1,pcm_latency,l1_miss_latency,CORE26,11,37.87,ns
correlation-fio-randwrite-cores1,pcm_latency,l1_miss_latency,CORE26,12,47.35,ns
correlation-fio-randwrite-cores1,pcm_latency,l1_miss_latency,CORE26,13,43.58,ns
correlation-fio-randwrite-cores1,pcm_latency,l1_miss_latency,CORE26,14,42.62,ns
correlation-fio-randwrite-cores1,pcm_latency,l1_miss_latency,CORE26,15,39.4,ns
correlation-fio-randwrite-cores1,pcm_latency,l1_miss_latency,CORE26,16,36.44,ns
correlation-fio-randwrite-cores1,pcm_latency,l1_miss_latency,CORE26,17,34.47,ns
correlation-fio-randwrite-cores1,pcm_latency,l1_miss_latency,CORE26,18,35.9,ns
correlation-fio-randwrite-cores1,pcm_latency,l1_miss_latency,CORE26,19,42.11,ns
correlation-fio-randwrite-cores1,pcm_latency,l1_miss_latency,CORE26,20,40.56,ns
correlation-fio-randwrite-cores1,pcm_latency,l1_miss_latency,CORE26,21,26.3,ns
correlation-fio-randwrite-cores1,pcm_latency,l1_miss_latency,CORE26,22,34.61,ns
correlation-fio-randwrite-cores1,pcm_latency,l1_miss_latency,CORE26,23,26.33,ns
correlation-fio-randwrite-cores1,pcm_latency,l1_miss_latency,CORE26,24,27.26,ns
correlation-fio-randwrite-cores1,pcm_latency,l1_miss_latency,CORE26,25,27.91,ns
correlation-fio-randwrite-cores1,pcm_latency,l1_miss_latency,CORE26,26,29.71,ns
correlation-fio-randwrite-cores1,pcm_latency,l1_miss_latency,CORE26,27,29.21,ns
correlation-fio-randwrite-cores1,pcm_latency,l1_miss_latency,CORE26,28,29.74,ns
correlation-fio-randwrite-cores1,pcm_latency,l1_miss_latency,CORE26,29,27.04,ns
correlation-fio-randwrite-cores1,pcm_latency,l1_miss_latency,CORE26,30,33.29,ns
correlation-fio-randwrite-cores1,pcm_latency,l1_miss_latency,CORE26,31,34.49,ns
correlation-fio-randwrite-cores1,pcm_latency,l1_miss_latency,CORE26,32,35.01,ns
correlation-fio-randwrite-cores1,pcm_latency,l1_miss_latency,CORE26,33,27.43,ns
correlation-fio-randwrite-cores1,pcm_latency,l1_miss_latency,CORE26,34,31.44,ns
correlation-fio-randwrite-cores1,pcm_latency,l1_miss_latency,CORE26,35,36.09,ns
correlation-fio-randwrite-cores1,pcm_latency,l1_miss_latency,CORE26,36,27.54,ns
correlation-fio-randwrite-cores1,pcm_latency,l1_miss_latency,CORE26,37,27.81,ns
correlation-fio-randwrite-cores1,pcm_latency,l1_miss_latency,CORE26,38,31.4,ns
correlation-fio-randwrite-cores1,pcm_latency,l1_miss_latency,CORE26,39,28.18,ns
correlation-fio-randwrite-cores1,pcm_latency,l1_miss_latency,CORE26,40,30.99,ns
correlation-fio-randwrite-cores1,pcm_latency,l1_miss_latency,CORE26,41,30.74,ns
correlation-fio-randwrite-cores1,pcm_latency,l1_miss_latency,CORE26,42,33.2,ns
correlation-fio-randwrite-cores1,pcm_latency,l1_miss_latency,CORE26,43,31.03,ns
correlation-fio-randwrite-cores1,pcm_latency,l1_miss_latency,CORE26,44,31.36,ns
correlation-fio-randwrite-cores1,pcm_latency,l1_miss_latency,CORE26,45,28.49,ns
correlation-fio-randwrite-cores1,pcm_latency,l1_miss_latency,CORE26,46,30.48,ns
correlation-fio-randwrite-cores1,pcm_latency,l1_miss_latency,CORE26,47,28.1,ns
correlation-fio-randwrite-cores1,pcm_latency,l1_miss_latency,CORE26,48,32.17,ns
correlation-fio-randwrite-cores1,pcm_latency,l1_miss_latency,CORE26,49,31.23,ns
correlation-fio-randwrite-cores1,pcm_latency,l1_miss_latency,CORE26,50,32.35,ns
correlation-fio-randwrite-cores1,pcm_latency,l1_miss_latency,CORE26,51,30.77,ns
correlation-fio-randwrite-cores1,pcm_latency,l1_miss_latency,CORE26,52,35.26,ns
correlation-fio-randwrite-cores1,pcm_latency,l1_miss_latency,CORE26,53,28.45,ns
correlation-fio-randwrite-cores1,pcm_latency,l1_miss_latency,CORE26,54,27.4,ns
correlation-fio-randwrite-cores1,pcm_latency,l1_miss_latency,CORE26,55,29.58,ns
correlation-fio-randwrite-cores1,pcm_latency,l1_miss_latency,CORE26,56,26.86,ns
correlation-fio-randwrite-cores1,pcm_latency,l1_miss_latency,CORE26,57,28.83,ns
correlation-fio-randwrite-cores1,pcm_latency,l1_miss_latency,CORE26,58,26.52,ns
correlation-fio-randwrite-cores1,pcm_latency,l1_miss_latency,CORE26,59,27.5,ns
correlation-fio-randwrite-cores1,pcm_latency,l1_miss_latency,CORE27,0,38.56,ns
correlation-fio-randwrite-cores1,pcm_latency,l1_miss_latency,CORE27,1,33.34,ns
correlation-fio-randwrite-cores1,pcm_latency,l1_miss_latency,CORE27,2,36.78,ns
correlation-fio-randwrite-cores1,pcm_latency,l1_miss_latency,CORE27,3,37.47,ns
correlation-fio-randwrite-cores1,pcm_latency,l1_miss_latency,CORE27,4,39.42,ns
correlation-fio-randwrite-cores1,pcm_latency,l1_miss_latency,CORE27,5,36.34,ns
correlation-fio-randwrite-cores1,pcm_latency,l1_miss_latency,CORE27,6,34.36,ns
correlation-fio-randwrite-cores1,pcm_latency,l1_miss_latency,CORE27,7,34.18,ns
correlation-fio-randwrite-cores1,pcm_latency,l1_miss_latency,CORE27,8,35.06,ns
correlation-fio-randwrite-cores1,pcm_latency,l1_miss_latency,CORE27,9,37.5,ns
correlation-fio-randwrite-cores1,pcm_latency,l1_miss_latency,CORE27,10,40.14,ns
correlation-fio-randwrite-cores1,pcm_latency,l1_miss_latency,CORE27,11,33.87,ns
correlation-fio-randwrite-cores1,pcm_latency,l1_miss_latency,CORE27,12,37.45,ns
correlation-fio-randwrite-cores1,pcm_latency,l1_miss_latency,CORE27,13,31.8,ns
correlation-fio-randwrite-cores1,pcm_latency,l1_miss_latency,CORE27,14,37.57,ns
correlation-fio-randwrite-cores1,pcm_latency,l1_miss_latency,CORE27,15,34.98,ns
correlation-fio-randwrite-cores1,pcm_latency,l1_miss_latency,CORE27,16,40.63,ns
correlation-fio-randwrite-cores1,pcm_latency,l1_miss_latency,CORE27,17,38.35,ns
correlation-fio-randwrite-cores1,pcm_latency,l1_miss_latency,CORE27,18,32.32,ns
correlation-fio-randwrite-cores1,pcm_latency,l1_miss_latency,CORE27,19,35.75,ns
correlation-fio-randwrite-cores1,pcm_latency,l1_miss_latency,CORE27,20,37.37,ns
correlation-fio-randwrite-cores1,pcm_latency,l1_miss_latency,CORE27,21,35.67,ns
correlation-fio-randwrite-cores1,pcm_latency,l1_miss_latency,CORE27,22,39.97,ns
correlation-fio-randwrite-cores1,pcm_latency,l1_miss_latency,CORE27,23,34.03,ns
correlation-fio-randwrite-cores1,pcm_latency,l1_miss_latency,CORE27,24,35.13,ns
correlation-fio-randwrite-cores1,pcm_latency,l1_miss_latency,CORE27,25,37.84,ns
correlation-fio-randwrite-cores1,pcm_latency,l1_miss_latency,CORE27,26,34.02,ns
correlation-fio-randwrite-cores1,pcm_latency,l1_miss_latency,CORE27,27,40.15,ns
correlation-fio-randwrite-cores1,pcm_latency,l1_miss_latency,CORE27,28,36.75,ns
correlation-fio-randwrite-cores1,pcm_latency,l1_miss_latency,CORE27,29,39.16,ns
correlation-fio-randwrite-cores1,pcm_latency,l1_miss_latency,CORE27,30,39.73,ns
correlation-fio-randwrite-cores1,pcm_latency,l1_miss_latency,CORE27,31,37.54,ns
correlation-fio-randwrite-cores1,pcm_latency,l1_miss_latency,CORE27,32,39.82,ns
correlation-fio-randwrite-cores1,pcm_latency,l1_miss_latency,CORE27,33,38.24,ns
correlation-fio-randwrite-cores1,pcm_latency,l1_miss_latency,CORE27,34,40.06,ns
correlation-fio-randwrite-cores1,pcm_latency,l1_miss_latency,CORE27,35,35.64,ns
correlation-fio-randwrite-cores1,pcm_latency,l1_miss_latency,CORE27,36,35.24,ns
correlation-fio-randwrite-cores1,pcm_latency,l1_miss_latency,CORE27,37,33.77,ns
correlation-fio-randwrite-cores1,pcm_latency,l1_miss_latency,CORE27,38,40.34,ns
correlation-fio-randwrite-cores1,pcm_latency,l1_miss_latency,CORE27,39,39.35,ns
correlation-fio-randwrite-cores1,pcm_latency,l1_miss_latency,CORE27,40,38.84,ns
correlation-fio-randwrite-cores1,pcm_latency,l1_miss_latency,CORE27,41,36.15,ns
correlation-fio-randwrite-cores1,pcm_latency,l1_miss_latency,CORE27,42,37.09,ns
correlation-fio-randwrite-cores1,pcm_latency,l1_miss_latency,CORE27,43,37.94,ns
correlation-fio-randwrite-cores1,pcm_latency,l1_miss_latency,CORE27,44,38.61,ns
correlation-fio-randwrite-cores1,pcm_latency,l1_miss_latency,CORE27,45,35.45,ns
correlation-fio-randwrite-cores1,pcm_latency,l1_miss_latency,CORE27,46,35.29,ns
correlation-fio-randwrite-cores1,pcm_latency,l1_miss_latency,CORE27,47,35.89,ns
correlation-fio-randwrite-cores1,pcm_latency,l1_miss_latency,CORE27,48,35.23,ns
correlation-fio-randwrite-cores1,pcm_latency,l1_miss_latency,CORE27,49,33.92,ns
correlation-fio-randwrite-cores1,pcm_latency,l1_miss_latency,CORE27,50,33.69,ns
correlation-fio-randwrite-cores1,pcm_latency,l1_miss_latency,CORE27,51,33.59,ns
correlation-fio-randwrite-cores1,pcm_latency,l1_miss_latency,CORE27,52,34.9,ns
correlation-fio-randwrite-cores1,pcm_latency,l1_miss_latency,CORE27,53,35.63,ns
correlation-fio-randwrite-cores1,pcm_latency,l1_miss_latency,CORE27,54,32.5,ns
correlation-fio-randwrite-cores1,pcm_latency,l1_miss_latency,CORE27,55,35.86,ns
correlation-fio-randwrite-cores1,pcm_latency,l1_miss_latency,CORE27,56,33.52,ns
correlation-fio-randwrite-cores1,pcm_latency,l1_miss_latency,CORE27,57,29.61,ns
correlation-fio-randwrite-cores1,pcm_latency,l1_miss_latency,CORE27,58,35.84,ns
correlation-fio-randwrite-cores1,pcm_latency,l1_miss_latency,CORE27,59,33.8,ns
correlation-fio-randwrite-cores1,pcm_latency,l1_miss_latency,CORE28,0,48.68,ns
correlation-fio-randwrite-cores1,pcm_latency,l1_miss_latency,CORE28,1,38.01,ns
correlation-fio-randwrite-cores1,pcm_latency,l1_miss_latency,CORE28,2,31.34,ns
correlation-fio-randwrite-cores1,pcm_latency,l1_miss_latency,CORE28,3,40.91,ns
correlation-fio-randwrite-cores1,pcm_latency,l1_miss_latency,CORE28,4,36.53,ns
correlation-fio-randwrite-cores1,pcm_latency,l1_miss_latency,CORE28,5,33.44,ns
correlation-fio-randwrite-cores1,pcm_latency,l1_miss_latency,CORE28,6,29.34,ns
correlation-fio-randwrite-cores1,pcm_latency,l1_miss_latency,CORE28,7,34.81,ns
correlation-fio-randwrite-cores1,pcm_latency,l1_miss_latency,CORE28,8,36.9,ns
correlation-fio-randwrite-cores1,pcm_latency,l1_miss_latency,CORE28,9,30.09,ns
correlation-fio-randwrite-cores1,pcm_latency,l1_miss_latency,CORE28,10,33.46,ns
correlation-fio-randwrite-cores1,pcm_latency,l1_miss_latency,CORE28,11,34.52,ns
correlation-fio-randwrite-cores1,pcm_latency,l1_miss_latency,CORE28,12,37.55,ns
correlation-fio-randwrite-cores1,pcm_latency,l1_miss_latency,CORE28,13,44.53,ns
correlation-fio-randwrite-cores1,pcm_latency,l1_miss_latency,CORE28,14,34.55,ns
correlation-fio-randwrite-cores1,pcm_latency,l1_miss_latency,CORE28,15,35.4,ns
correlation-fio-randwrite-cores1,pcm_latency,l1_miss_latency,CORE28,16,31.32,ns
correlation-fio-randwrite-cores1,pcm_latency,l1_miss_latency,CORE28,17,31.66,ns
correlation-fio-randwrite-cores1,pcm_latency,l1_miss_latency,CORE28,18,41.31,ns
correlation-fio-randwrite-cores1,pcm_latency,l1_miss_latency,CORE28,19,38.43,ns
correlation-fio-randwrite-cores1,pcm_latency,l1_miss_latency,CORE28,20,35.23,ns
correlation-fio-randwrite-cores1,pcm_latency,l1_miss_latency,CORE28,21,36.06,ns
correlation-fio-randwrite-cores1,pcm_latency,l1_miss_latency,CORE28,22,38.02,ns
correlation-fio-randwrite-cores1,pcm_latency,l1_miss_latency,CORE28,23,39.72,ns
correlation-fio-randwrite-cores1,pcm_latency,l1_miss_latency,CORE28,24,35.04,ns
correlation-fio-randwrite-cores1,pcm_latency,l1_miss_latency,CORE28,25,41.92,ns
correlation-fio-randwrite-cores1,pcm_latency,l1_miss_latency,CORE28,26,31.77,ns
correlation-fio-randwrite-cores1,pcm_latency,l1_miss_latency,CORE28,27,31.55,ns
correlation-fio-randwrite-cores1,pcm_latency,l1_miss_latency,CORE28,28,31.06,ns
correlation-fio-randwrite-cores1,pcm_latency,l1_miss_latency,CORE28,29,30.86,ns
correlation-fio-randwrite-cores1,pcm_latency,l1_miss_latency,CORE28,30,35.41,ns
correlation-fio-randwrite-cores1,pcm_latency,l1_miss_latency,CORE28,31,38.5,ns
correlation-fio-randwrite-cores1,pcm_latency,l1_miss_latency,CORE28,32,36.53,ns
correlation-fio-randwrite-cores1,pcm_latency,l1_miss_latency,CORE28,33,41.91,ns
correlation-fio-randwrite-cores1,pcm_latency,l1_miss_latency,CORE28,34,31.49,ns
correlation-fio-randwrite-cores1,pcm_latency,l1_miss_latency,CORE28,35,31.93,ns
correlation-fio-randwrite-cores1,pcm_latency,l1_miss_latency,CORE28,36,28.43,ns
correlation-fio-randwrite-cores1,pcm_latency,l1_miss_latency,CORE28,37,29.98,ns
correlation-fio-randwrite-cores1,pcm_latency,l1_miss_latency,CORE28,38,31.76,ns
correlation-fio-randwrite-cores1,pcm_latency,l1_miss_latency,CORE28,39,38.47,ns
correlation-fio-randwrite-cores1,pcm_latency,l1_miss_latency,CORE28,40,44.89,ns
correlation-fio-randwrite-cores1,pcm_latency,l1_miss_latency,CORE28,41,41.71,ns
correlation-fio-randwrite-cores1,pcm_latency,l1_miss_latency,CORE28,42,39.98,ns
correlation-fio-randwrite-cores1,pcm_latency,l1_miss_latency,CORE28,43,43.93,ns
correlation-fio-randwrite-cores1,pcm_latency,l1_miss_latency,CORE28,44,34.8,ns
correlation-fio-randwrite-cores1,pcm_latency,l1_miss_latency,CORE28,45,34.83,ns
correlation-fio-randwrite-cores1,pcm_latency,l1_miss_latency,CORE28,46,36.68,ns
correlation-fio-randwrite-cores1,pcm_latency,l1_miss_latency,CORE28,47,39.09,ns
correlation-fio-randwrite-cores1,pcm_latency,l1_miss_latency,CORE28,48,34.6,ns
correlation-fio-randwrite-cores1,pcm_latency,l1_miss_latency,CORE28,49,31.65,ns
correlation-fio-randwrite-cores1,pcm_latency,l1_miss_latency,CORE28,50,37.6,ns
correlation-fio-randwrite-cores1,pcm_latency,l1_miss_latency,CORE28,51,38.78,ns
correlation-fio-randwrite-cores1,pcm_latency,l1_miss_latency,CORE28,52,29.3,ns
correlation-fio-randwrite-cores1,pcm_latency,l1_miss_latency,CORE28,53,42.63,ns
correlation-fio-randwrite-cores1,pcm_latency,l1_miss_latency,CORE28,54,28.5,ns
correlation-fio-randwrite-cores1,pcm_latency,l1_miss_latency,CORE28,55,27.13,ns
correlation-fio-randwrite-cores1,pcm_latency,l1_miss_latency,CORE28,56,27.44,ns
correlation-fio-randwrite-cores1,pcm_latency,l1_miss_latency,CORE28,57,43.46,ns
correlation-fio-randwrite-cores1,pcm_latency,l1_miss_latency,CORE28,58,29.15,ns
correlation-fio-randwrite-cores1,pcm_latency,l1_miss_latency,CORE28,59,30.11,ns
correlation-fio-randwrite-cores1,pcm_latency,l1_miss_latency,CORE29,0,12.82,ns
correlation-fio-randwrite-cores1,pcm_latency,l1_miss_latency,CORE29,1,8.65,ns
correlation-fio-randwrite-cores1,pcm_latency,l1_miss_latency,CORE29,2,31.88,ns
correlation-fio-randwrite-cores1,pcm_latency,l1_miss_latency,CORE29,3,31.33,ns
correlation-fio-randwrite-cores1,pcm_latency,l1_miss_latency,CORE29,4,33.14,ns
correlation-fio-randwrite-cores1,pcm_latency,l1_miss_latency,CORE29,5,31.1,ns
correlation-fio-randwrite-cores1,pcm_latency,l1_miss_latency,CORE29,6,32.68,ns
correlation-fio-randwrite-cores1,pcm_latency,l1_miss_latency,CORE29,7,8.74,ns
correlation-fio-randwrite-cores1,pcm_latency,l1_miss_latency,CORE29,8,32.92,ns
correlation-fio-randwrite-cores1,pcm_latency,l1_miss_latency,CORE29,9,31.95,ns
correlation-fio-randwrite-cores1,pcm_latency,l1_miss_latency,CORE29,10,26.92,ns
correlation-fio-randwrite-cores1,pcm_latency,l1_miss_latency,CORE29,11,33.72,ns
correlation-fio-randwrite-cores1,pcm_latency,l1_miss_latency,CORE29,12,35.24,ns
correlation-fio-randwrite-cores1,pcm_latency,l1_miss_latency,CORE29,13,40.17,ns
correlation-fio-randwrite-cores1,pcm_latency,l1_miss_latency,CORE29,14,36.26,ns
correlation-fio-randwrite-cores1,pcm_latency,l1_miss_latency,CORE29,15,38.11,ns
correlation-fio-randwrite-cores1,pcm_latency,l1_miss_latency,CORE29,16,34.26,ns
correlation-fio-randwrite-cores1,pcm_latency,l1_miss_latency,CORE29,17,17.35,ns
correlation-fio-randwrite-cores1,pcm_latency,l1_miss_latency,CORE29,18,26.11,ns
correlation-fio-randwrite-cores1,pcm_latency,l1_miss_latency,CORE29,19,32.32,ns
correlation-fio-randwrite-cores1,pcm_latency,l1_miss_latency,CORE29,20,34.97,ns
correlation-fio-randwrite-cores1,pcm_latency,l1_miss_latency,CORE29,21,28.64,ns
correlation-fio-randwrite-cores1,pcm_latency,l1_miss_latency,CORE29,22,30.65,ns
correlation-fio-randwrite-cores1,pcm_latency,l1_miss_latency,CORE29,23,29.79,ns
correlation-fio-randwrite-cores1,pcm_latency,l1_miss_latency,CORE29,24,26.54,ns
correlation-fio-randwrite-cores1,pcm_latency,l1_miss_latency,CORE29,25,33.05,ns
correlation-fio-randwrite-cores1,pcm_latency,l1_miss_latency,CORE29,26,32.8,ns
correlation-fio-randwrite-cores1,pcm_latency,l1_miss_latency,CORE29,27,36.69,ns
correlation-fio-randwrite-cores1,pcm_latency,l1_miss_latency,CORE29,28,33.96,ns
correlation-fio-randwrite-cores1,pcm_latency,l1_miss_latency,CORE29,29,37.84,ns
correlation-fio-randwrite-cores1,pcm_latency,l1_miss_latency,CORE29,30,25.76,ns
correlation-fio-randwrite-cores1,pcm_latency,l1_miss_latency,CORE29,31,43.44,ns
correlation-fio-randwrite-cores1,pcm_latency,l1_miss_latency,CORE29,32,35.94,ns
correlation-fio-randwrite-cores1,pcm_latency,l1_miss_latency,CORE29,33,31.96,ns
correlation-fio-randwrite-cores1,pcm_latency,l1_miss_latency,CORE29,34,27.58,ns
correlation-fio-randwrite-cores1,pcm_latency,l1_miss_latency,CORE29,35,33.62,ns
correlation-fio-randwrite-cores1,pcm_latency,l1_miss_latency,CORE29,36,26.91,ns
correlation-fio-randwrite-cores1,pcm_latency,l1_miss_latency,CORE29,37,28.77,ns
correlation-fio-randwrite-cores1,pcm_latency,l1_miss_latency,CORE29,38,31.38,ns
correlation-fio-randwrite-cores1,pcm_latency,l1_miss_latency,CORE29,39,27.9,ns
correlation-fio-randwrite-cores1,pcm_latency,l1_miss_latency,CORE29,40,29.85,ns
correlation-fio-randwrite-cores1,pcm_latency,l1_miss_latency,CORE29,41,31.45,ns
correlation-fio-randwrite-cores1,pcm_latency,l1_miss_latency,CORE29,42,27.62,ns
correlation-fio-randwrite-cores1,pcm_latency,l1_miss_latency,CORE29,43,29.77,ns
correlation-fio-randwrite-cores1,pcm_latency,l1_miss_latency,CORE29,44,29.36,ns
correlation-fio-randwrite-cores1,pcm_latency,l1_miss_latency,CORE29,45,30.68,ns
correlation-fio-randwrite-cores1,pcm_latency,l1_miss_latency,CORE29,46,27.63,ns
correlation-fio-randwrite-cores1,pcm_latency,l1_miss_latency,CORE29,47,27.86,ns
correlation-fio-randwrite-cores1,pcm_latency,l1_miss_latency,CORE29,48,27.4,ns
correlation-fio-randwrite-cores1,pcm_latency,l1_miss_latency,CORE29,49,29.08,ns
correlation-fio-randwrite-cores1,pcm_latency,l1_miss_latency,CORE29,50,29.86,ns
correlation-fio-randwrite-cores1,pcm_latency,l1_miss_latency,CORE29,51,28.01,ns
correlation-fio-randwrite-cores1,pcm_latency,l1_miss_latency,CORE29,52,24.26,ns
correlation-fio-randwrite-cores1,pcm_latency,l1_miss_latency,CORE29,53,27.21,ns
correlation-fio-randwrite-cores1,pcm_latency,l1_miss_latency,CORE29,54,26.46,ns
correlation-fio-randwrite-cores1,pcm_latency,l1_miss_latency,CORE29,55,29.18,ns
correlation-fio-randwrite-cores1,pcm_latency,l1_miss_latency,CORE29,56,24.08,ns
correlation-fio-randwrite-cores1,pcm_latency,l1_miss_latency,CORE29,57,28.5,ns
correlation-fio-randwrite-cores1,pcm_latency,l1_miss_latency,CORE29,58,26.59,ns
correlation-fio-randwrite-cores1,pcm_latency,l1_miss_latency,CORE29,59,36.18,ns
correlation-fio-randwrite-cores1,pcm_latency,l1_miss_latency,CORE30,0,62.88,ns
correlation-fio-randwrite-cores1,pcm_latency,l1_miss_latency,CORE30,1,26.47,ns
correlation-fio-randwrite-cores1,pcm_latency,l1_miss_latency,CORE30,2,28.85,ns
correlation-fio-randwrite-cores1,pcm_latency,l1_miss_latency,CORE30,3,28.39,ns
correlation-fio-randwrite-cores1,pcm_latency,l1_miss_latency,CORE30,4,31.85,ns
correlation-fio-randwrite-cores1,pcm_latency,l1_miss_latency,CORE30,5,32.83,ns
correlation-fio-randwrite-cores1,pcm_latency,l1_miss_latency,CORE30,6,27.44,ns
correlation-fio-randwrite-cores1,pcm_latency,l1_miss_latency,CORE30,7,14.5,ns
correlation-fio-randwrite-cores1,pcm_latency,l1_miss_latency,CORE30,8,34.1,ns
correlation-fio-randwrite-cores1,pcm_latency,l1_miss_latency,CORE30,9,26.36,ns
correlation-fio-randwrite-cores1,pcm_latency,l1_miss_latency,CORE30,10,38.64,ns
correlation-fio-randwrite-cores1,pcm_latency,l1_miss_latency,CORE30,11,33.02,ns
correlation-fio-randwrite-cores1,pcm_latency,l1_miss_latency,CORE30,12,7.96,ns
correlation-fio-randwrite-cores1,pcm_latency,l1_miss_latency,CORE30,13,37.26,ns
correlation-fio-randwrite-cores1,pcm_latency,l1_miss_latency,CORE30,14,34.59,ns
correlation-fio-randwrite-cores1,pcm_latency,l1_miss_latency,CORE30,15,32.33,ns
correlation-fio-randwrite-cores1,pcm_latency,l1_miss_latency,CORE30,16,32.28,ns
correlation-fio-randwrite-cores1,pcm_latency,l1_miss_latency,CORE30,17,38.87,ns
correlation-fio-randwrite-cores1,pcm_latency,l1_miss_latency,CORE30,18,40.62,ns
correlation-fio-randwrite-cores1,pcm_latency,l1_miss_latency,CORE30,19,33.6,ns
correlation-fio-randwrite-cores1,pcm_latency,l1_miss_latency,CORE30,20,38.52,ns
correlation-fio-randwrite-cores1,pcm_latency,l1_miss_latency,CORE30,21,32.4,ns
correlation-fio-randwrite-cores1,pcm_latency,l1_miss_latency,CORE30,22,31.09,ns
correlation-fio-randwrite-cores1,pcm_latency,l1_miss_latency,CORE30,23,27.9,ns
correlation-fio-randwrite-cores1,pcm_latency,l1_miss_latency,CORE30,24,25.18,ns
correlation-fio-randwrite-cores1,pcm_latency,l1_miss_latency,CORE30,25,33.36,ns
correlation-fio-randwrite-cores1,pcm_latency,l1_miss_latency,CORE30,26,33.7,ns
correlation-fio-randwrite-cores1,pcm_latency,l1_miss_latency,CORE30,27,38.06,ns
correlation-fio-randwrite-cores1,pcm_latency,l1_miss_latency,CORE30,28,29.45,ns
correlation-fio-randwrite-cores1,pcm_latency,l1_miss_latency,CORE30,29,34.61,ns
correlation-fio-randwrite-cores1,pcm_latency,l1_miss_latency,CORE30,30,32.95,ns
correlation-fio-randwrite-cores1,pcm_latency,l1_miss_latency,CORE30,31,39.36,ns
correlation-fio-randwrite-cores1,pcm_latency,l1_miss_latency,CORE30,32,35.95,ns
correlation-fio-randwrite-cores1,pcm_latency,l1_miss_latency,CORE30,33,29.33,ns
correlation-fio-randwrite-cores1,pcm_latency,l1_miss_latency,CORE30,34,29.09,ns
correlation-fio-randwrite-cores1,pcm_latency,l1_miss_latency,CORE30,35,29.32,ns
correlation-fio-randwrite-cores1,pcm_latency,l1_miss_latency,CORE30,36,27.98,ns
correlation-fio-randwrite-cores1,pcm_latency,l1_miss_latency,CORE30,37,33.88,ns
correlation-fio-randwrite-cores1,pcm_latency,l1_miss_latency,CORE30,38,32.41,ns
correlation-fio-randwrite-cores1,pcm_latency,l1_miss_latency,CORE30,39,33.53,ns
correlation-fio-randwrite-cores1,pcm_latency,l1_miss_latency,CORE30,40,35.23,ns
correlation-fio-randwrite-cores1,pcm_latency,l1_miss_latency,CORE30,41,34.35,ns
correlation-fio-randwrite-cores1,pcm_latency,l1_miss_latency,CORE30,42,31.5,ns
correlation-fio-randwrite-cores1,pcm_latency,l1_miss_latency,CORE30,43,31.88,ns
correlation-fio-randwrite-cores1,pcm_latency,l1_miss_latency,CORE30,44,31.25,ns
correlation-fio-randwrite-cores1,pcm_latency,l1_miss_latency,CORE30,45,28.79,ns
correlation-fio-randwrite-cores1,pcm_latency,l1_miss_latency,CORE30,46,32.31,ns
correlation-fio-randwrite-cores1,pcm_latency,l1_miss_latency,CORE30,47,31.14,ns
correlation-fio-randwrite-cores1,pcm_latency,l1_miss_latency,CORE30,48,30.62,ns
correlation-fio-randwrite-cores1,pcm_latency,l1_miss_latency,CORE30,49,26.62,ns
correlation-fio-randwrite-cores1,pcm_latency,l1_miss_latency,CORE30,50,32.5,ns
correlation-fio-randwrite-cores1,pcm_latency,l1_miss_latency,CORE30,51,30.64,ns
correlation-fio-randwrite-cores1,pcm_latency,l1_miss_latency,CORE30,52,27.83,ns
correlation-fio-randwrite-cores1,pcm_latency,l1_miss_latency,CORE30,53,29.54,ns
correlation-fio-randwrite-cores1,pcm_latency,l1_miss_latency,CORE30,54,30.09,ns
correlation-fio-randwrite-cores1,pcm_latency,l1_miss_latency,CORE30,55,30.52,ns
correlation-fio-randwrite-cores1,pcm_latency,l1_miss_latency,CORE30,56,26.14,ns
correlation-fio-randwrite-cores1,pcm_latency,l1_miss_latency,CORE30,57,36.2,ns
correlation-fio-randwrite-cores1,pcm_latency,l1_miss_latency,CORE30,58,28.3,ns
correlation-fio-randwrite-cores1,pcm_latency,l1_miss_latency,CORE30,59,35.89,ns
correlation-fio-randwrite-cores1,pcm_latency,l1_miss_latency,CORE31,0,39.28,ns
correlation-fio-randwrite-cores1,pcm_latency,l1_miss_latency,CORE31,1,33.6,ns
correlation-fio-randwrite-cores1,pcm_latency,l1_miss_latency,CORE31,2,32.52,ns
correlation-fio-randwrite-cores1,pcm_latency,l1_miss_latency,CORE31,3,32.04,ns
correlation-fio-randwrite-cores1,pcm_latency,l1_miss_latency,CORE31,4,34.49,ns
correlation-fio-randwrite-cores1,pcm_latency,l1_miss_latency,CORE31,5,35.8,ns
correlation-fio-randwrite-cores1,pcm_latency,l1_miss_latency,CORE31,6,25.82,ns
correlation-fio-randwrite-cores1,pcm_latency,l1_miss_latency,CORE31,7,41.77,ns
correlation-fio-randwrite-cores1,pcm_latency,l1_miss_latency,CORE31,8,34.94,ns
correlation-fio-randwrite-cores1,pcm_latency,l1_miss_latency,CORE31,9,30.94,ns
correlation-fio-randwrite-cores1,pcm_latency,l1_miss_latency,CORE31,10,34.15,ns
correlation-fio-randwrite-cores1,pcm_latency,l1_miss_latency,CORE31,11,31.56,ns
correlation-fio-randwrite-cores1,pcm_latency,l1_miss_latency,CORE31,12,35.81,ns
correlation-fio-randwrite-cores1,pcm_latency,l1_miss_latency,CORE31,13,31.53,ns
correlation-fio-randwrite-cores1,pcm_latency,l1_miss_latency,CORE31,14,28.77,ns
correlation-fio-randwrite-cores1,pcm_latency,l1_miss_latency,CORE31,15,32.43,ns
correlation-fio-randwrite-cores1,pcm_latency,l1_miss_latency,CORE31,16,36.69,ns
correlation-fio-randwrite-cores1,pcm_latency,l1_miss_latency,CORE31,17,34.66,ns
correlation-fio-randwrite-cores1,pcm_latency,l1_miss_latency,CORE31,18,5.18,ns
correlation-fio-randwrite-cores1,pcm_latency,l1_miss_latency,CORE31,19,20.93,ns
correlation-fio-randwrite-cores1,pcm_latency,l1_miss_latency,CORE31,20,26.99,ns
correlation-fio-randwrite-cores1,pcm_latency,l1_miss_latency,CORE31,21,22.42,ns
correlation-fio-randwrite-cores1,pcm_latency,l1_miss_latency,CORE31,22,39.43,ns
correlation-fio-randwrite-cores1,pcm_latency,l1_miss_latency,CORE31,23,25.93,ns
correlation-fio-randwrite-cores1,pcm_latency,l1_miss_latency,CORE31,24,25.6,ns
correlation-fio-randwrite-cores1,pcm_latency,l1_miss_latency,CORE31,25,25.56,ns
correlation-fio-randwrite-cores1,pcm_latency,l1_miss_latency,CORE31,26,26.88,ns
correlation-fio-randwrite-cores1,pcm_latency,l1_miss_latency,CORE31,27,33.53,ns
correlation-fio-randwrite-cores1,pcm_latency,l1_miss_latency,CORE31,28,25.7,ns
correlation-fio-randwrite-cores1,pcm_latency,l1_miss_latency,CORE31,29,26.06,ns
correlation-fio-randwrite-cores1,pcm_latency,l1_miss_latency,CORE31,30,25.86,ns
correlation-fio-randwrite-cores1,pcm_latency,l1_miss_latency,CORE31,31,34.26,ns
correlation-fio-randwrite-cores1,pcm_latency,l1_miss_latency,CORE31,32,33.34,ns
correlation-fio-randwrite-cores1,pcm_latency,l1_miss_latency,CORE31,33,33.27,ns
correlation-fio-randwrite-cores1,pcm_latency,l1_miss_latency,CORE31,34,27.98,ns
correlation-fio-randwrite-cores1,pcm_latency,l1_miss_latency,CORE31,35,25.57,ns
correlation-fio-randwrite-cores1,pcm_latency,l1_miss_latency,CORE31,36,26.0,ns
correlation-fio-randwrite-cores1,pcm_latency,l1_miss_latency,CORE31,37,25.83,ns
correlation-fio-randwrite-cores1,pcm_latency,l1_miss_latency,CORE31,38,33.44,ns
correlation-fio-randwrite-cores1,pcm_latency,l1_miss_latency,CORE31,39,27.62,ns
correlation-fio-randwrite-cores1,pcm_latency,l1_miss_latency,CORE31,40,29.66,ns
correlation-fio-randwrite-cores1,pcm_latency,l1_miss_latency,CORE31,41,27.15,ns
correlation-fio-randwrite-cores1,pcm_latency,l1_miss_latency,CORE31,42,23.72,ns
correlation-fio-randwrite-cores1,pcm_latency,l1_miss_latency,CORE31,43,26.1,ns
correlation-fio-randwrite-cores1,pcm_latency,l1_miss_latency,CORE31,44,30.82,ns
correlation-fio-randwrite-cores1,pcm_latency,l1_miss_latency,CORE31,45,24.44,ns
correlation-fio-randwrite-cores1,pcm_latency,l1_miss_latency,CORE31,46,24.68,ns
correlation-fio-randwrite-cores1,pcm_latency,l1_miss_latency,CORE31,47,26.63,ns
correlation-fio-randwrite-cores1,pcm_latency,l1_miss_latency,CORE31,48,24.35,ns
correlation-fio-randwrite-cores1,pcm_latency,l1_miss_latency,CORE31,49,29.56,ns
correlation-fio-randwrite-cores1,pcm_latency,l1_miss_latency,CORE31,50,27.28,ns
correlation-fio-randwrite-cores1,pcm_latency,l1_miss_latency,CORE31,51,26.09,ns
correlation-fio-randwrite-cores1,pcm_latency,l1_miss_latency,CORE31,52,26.13,ns
correlation-fio-randwrite-cores1,pcm_latency,l1_miss_latency,CORE31,53,24.41,ns
correlation-fio-randwrite-cores1,pcm_latency,l1_miss_latency,CORE31,54,26.03,ns
correlation-fio-randwrite-cores1,pcm_latency,l1_miss_latency,CORE31,55,29.79,ns
correlation-fio-randwrite-cores1,pcm_latency,l1_miss_latency,CORE31,56,25.39,ns
correlation-fio-randwrite-cores1,pcm_latency,l1_miss_latency,CORE31,57,24.88,ns
correlation-fio-randwrite-cores1,pcm_latency,l1_miss_latency,CORE31,58,24.86,ns
correlation-fio-randwrite-cores1,pcm_latency,l1_miss_latency,CORE31,59,31.69,ns
correlation-fio-randwrite-cores1,pcm_cha,drd_occ_agg,SKT0C0,0,657311.0,occupancy_cycles
correlation-fio-randwrite-cores1,pcm_cha,drd_occ_agg,SKT0C0,1,239740.0,occupancy_cycles
correlation-fio-randwrite-cores1,pcm_cha,drd_occ_agg,SKT0C0,2,176444.0,occupancy_cycles
correlation-fio-randwrite-cores1,pcm_cha,drd_occ_agg,SKT0C0,3,193875.0,occupancy_cycles
correlation-fio-randwrite-cores1,pcm_cha,drd_occ_agg,SKT0C0,4,182405.0,occupancy_cycles
correlation-fio-randwrite-cores1,pcm_cha,drd_occ_agg,SKT0C0,5,203040.0,occupancy_cycles
correlation-fio-randwrite-cores1,pcm_cha,drd_occ_agg,SKT0C0,6,165934.0,occupancy_cycles
correlation-fio-randwrite-cores1,pcm_cha,drd_occ_agg,SKT0C0,7,197910.0,occupancy_cycles
correlation-fio-randwrite-cores1,pcm_cha,drd_occ_agg,SKT0C0,8,173671.0,occupancy_cycles
correlation-fio-randwrite-cores1,pcm_cha,drd_occ_agg,SKT0C0,9,180178.0,occupancy_cycles
correlation-fio-randwrite-cores1,pcm_cha,drd_occ_agg,SKT0C0,10,187761.0,occupancy_cycles
correlation-fio-randwrite-cores1,pcm_cha,drd_occ_agg,SKT0C0,11,211499.0,occupancy_cycles
correlation-fio-randwrite-cores1,pcm_cha,drd_occ_agg,SKT0C0,12,167027.0,occupancy_cycles
correlation-fio-randwrite-cores1,pcm_cha,drd_occ_agg,SKT0C0,13,200669.0,occupancy_cycles
correlation-fio-randwrite-cores1,pcm_cha,drd_occ_agg,SKT0C0,14,176977.0,occupancy_cycles
correlation-fio-randwrite-cores1,pcm_cha,drd_occ_agg,SKT0C0,15,187195.0,occupancy_cycles
correlation-fio-randwrite-cores1,pcm_cha,drd_occ_agg,SKT0C0,16,201068.0,occupancy_cycles
correlation-fio-randwrite-cores1,pcm_cha,drd_occ_agg,SKT0C0,17,264763.0,occupancy_cycles
correlation-fio-randwrite-cores1,pcm_cha,drd_occ_agg,SKT0C0,18,192050.0,occupancy_cycles
correlation-fio-randwrite-cores1,pcm_cha,drd_occ_agg,SKT0C0,19,189285.0,occupancy_cycles
correlation-fio-randwrite-cores1,pcm_cha,drd_occ_agg,SKT0C0,20,210830.0,occupancy_cycles
correlation-fio-randwrite-cores1,pcm_cha,drd_occ_agg,SKT0C0,21,172264.0,occupancy_cycles
correlation-fio-randwrite-cores1,pcm_cha,drd_occ_agg,SKT0C0,22,188313.0,occupancy_cycles
correlation-fio-randwrite-cores1,pcm_cha,drd_occ_agg,SKT0C0,23,213312.0,occupancy_cycles
correlation-fio-randwrite-cores1,pcm_cha,drd_occ_agg,SKT0C0,24,174278.0,occupancy_cycles
correlation-fio-randwrite-cores1,pcm_cha,drd_occ_agg,SKT0C0,25,169669.0,occupancy_cycles
correlation-fio-randwrite-cores1,pcm_cha,drd_occ_agg,SKT0C0,26,174915.0,occupancy_cycles
correlation-fio-randwrite-cores1,pcm_cha,drd_occ_agg,SKT0C0,27,192485.0,occupancy_cycles
correlation-fio-randwrite-cores1,pcm_cha,drd_occ_agg,SKT0C0,28,178388.0,occupancy_cycles
correlation-fio-randwrite-cores1,pcm_cha,drd_occ_agg,SKT0C0,29,190169.0,occupancy_cycles
correlation-fio-randwrite-cores1,pcm_cha,drd_occ_agg,SKT0C0,30,197079.0,occupancy_cycles
correlation-fio-randwrite-cores1,pcm_cha,drd_occ_agg,SKT0C0,31,215628.0,occupancy_cycles
correlation-fio-randwrite-cores1,pcm_cha,drd_occ_agg,SKT0C0,32,187841.0,occupancy_cycles
correlation-fio-randwrite-cores1,pcm_cha,drd_occ_agg,SKT0C0,33,188799.0,occupancy_cycles
correlation-fio-randwrite-cores1,pcm_cha,drd_occ_agg,SKT0C0,34,178080.0,occupancy_cycles
correlation-fio-randwrite-cores1,pcm_cha,drd_occ_agg,SKT0C0,35,185303.0,occupancy_cycles
correlation-fio-randwrite-cores1,pcm_cha,drd_occ_agg,SKT0C0,36,176936.0,occupancy_cycles
correlation-fio-randwrite-cores1,pcm_cha,drd_occ_agg,SKT0C0,37,160029.0,occupancy_cycles
correlation-fio-randwrite-cores1,pcm_cha,drd_occ_agg,SKT0C0,38,197949.0,occupancy_cycles
correlation-fio-randwrite-cores1,pcm_cha,drd_occ_agg,SKT0C0,39,578539.0,occupancy_cycles
correlation-fio-randwrite-cores1,pcm_cha,drd_occ_agg,SKT0C0,40,375577.0,occupancy_cycles
correlation-fio-randwrite-cores1,pcm_cha,drd_occ_agg,SKT0C0,41,572142.0,occupancy_cycles
correlation-fio-randwrite-cores1,pcm_cha,drd_occ_agg,SKT0C0,42,281878.0,occupancy_cycles
correlation-fio-randwrite-cores1,pcm_cha,drd_occ_agg,SKT0C0,43,182246.0,occupancy_cycles
correlation-fio-randwrite-cores1,pcm_cha,drd_occ_agg,SKT0C0,44,194993.0,occupancy_cycles
correlation-fio-randwrite-cores1,pcm_cha,drd_occ_agg,SKT0C0,45,179127.0,occupancy_cycles
correlation-fio-randwrite-cores1,pcm_cha,drd_occ_agg,SKT0C0,46,196337.0,occupancy_cycles
correlation-fio-randwrite-cores1,pcm_cha,drd_occ_agg,SKT0C0,47,197105.0,occupancy_cycles
correlation-fio-randwrite-cores1,pcm_cha,drd_occ_agg,SKT0C0,48,158352.0,occupancy_cycles
correlation-fio-randwrite-cores1,pcm_cha,drd_occ_agg,SKT0C0,49,189681.0,occupancy_cycles
correlation-fio-randwrite-cores1,pcm_cha,drd_occ_agg,SKT0C0,50,225220.0,occupancy_cycles
correlation-fio-randwrite-cores1,pcm_cha,drd_occ_agg,SKT0C0,51,164201.0,occupancy_cycles
correlation-fio-randwrite-cores1,pcm_cha,drd_occ_agg,SKT0C0,52,167883.0,occupancy_cycles
correlation-fio-randwrite-cores1,pcm_cha,drd_occ_agg,SKT0C0,53,167387.0,occupancy_cycles
correlation-fio-randwrite-cores1,pcm_cha,drd_occ_agg,SKT0C0,54,177079.0,occupancy_cycles
correlation-fio-randwrite-cores1,pcm_cha,drd_occ_agg,SKT0C0,55,210143.0,occupancy_cycles
correlation-fio-randwrite-cores1,pcm_cha,drd_occ_agg,SKT0C0,56,181384.0,occupancy_cycles
correlation-fio-randwrite-cores1,pcm_cha,drd_occ_agg,SKT0C0,57,174400.0,occupancy_cycles
correlation-fio-randwrite-cores1,pcm_cha,drd_occ_agg,SKT0C0,58,178995.0,occupancy_cycles
correlation-fio-randwrite-cores1,pcm_cha,drd_occ_agg,SKT0C0,59,206365.0,occupancy_cycles
correlation-fio-randwrite-cores1,pcm_cha,drd_occ_agg,SKT0C1,0,645042.0,occupancy_cycles
correlation-fio-randwrite-cores1,pcm_cha,drd_occ_agg,SKT0C1,1,232436.0,occupancy_cycles
correlation-fio-randwrite-cores1,pcm_cha,drd_occ_agg,SKT0C1,2,167511.0,occupancy_cycles
correlation-fio-randwrite-cores1,pcm_cha,drd_occ_agg,SKT0C1,3,179806.0,occupancy_cycles
correlation-fio-randwrite-cores1,pcm_cha,drd_occ_agg,SKT0C1,4,179108.0,occupancy_cycles
correlation-fio-randwrite-cores1,pcm_cha,drd_occ_agg,SKT0C1,5,196998.0,occupancy_cycles
correlation-fio-randwrite-cores1,pcm_cha,drd_occ_agg,SKT0C1,6,159897.0,occupancy_cycles
correlation-fio-randwrite-cores1,pcm_cha,drd_occ_agg,SKT0C1,7,189286.0,occupancy_cycles
correlation-fio-randwrite-cores1,pcm_cha,drd_occ_agg,SKT0C1,8,175073.0,occupancy_cycles
correlation-fio-randwrite-cores1,pcm_cha,drd_occ_agg,SKT0C1,9,179703.0,occupancy_cycles
correlation-fio-randwrite-cores1,pcm_cha,drd_occ_agg,SKT0C1,10,190274.0,occupancy_cycles
correlation-fio-randwrite-cores1,pcm_cha,drd_occ_agg,SKT0C1,11,212200.0,occupancy_cycles
correlation-fio-randwrite-cores1,pcm_cha,drd_occ_agg,SKT0C1,12,158168.0,occupancy_cycles
correlation-fio-randwrite-cores1,pcm_cha,drd_occ_agg,SKT0C1,13,199306.0,occupancy_cycles
correlation-fio-randwrite-cores1,pcm_cha,drd_occ_agg,SKT0C1,14,176620.0,occupancy_cycles
correlation-fio-randwrite-cores1,pcm_cha,drd_occ_agg,SKT0C1,15,194607.0,occupancy_cycles
correlation-fio-randwrite-cores1,pcm_cha,drd_occ_agg,SKT0C1,16,201794.0,occupancy_cycles
correlation-fio-randwrite-cores1,pcm_cha,drd_occ_agg,SKT0C1,17,265339.0,occupancy_cycles
correlation-fio-randwrite-cores1,pcm_cha,drd_occ_agg,SKT0C1,18,201082.0,occupancy_cycles
correlation-fio-randwrite-cores1,pcm_cha,drd_occ_agg,SKT0C1,19,192956.0,occupancy_cycles
correlation-fio-randwrite-cores1,pcm_cha,drd_occ_agg,SKT0C1,20,215661.0,occupancy_cycles
correlation-fio-randwrite-cores1,pcm_cha,drd_occ_agg,SKT0C1,21,177542.0,occupancy_cycles
correlation-fio-randwrite-cores1,pcm_cha,drd_occ_agg,SKT0C1,22,187003.0,occupancy_cycles
correlation-fio-randwrite-cores1,pcm_cha,drd_occ_agg,SKT0C1,23,205061.0,occupancy_cycles
correlation-fio-randwrite-cores1,pcm_cha,drd_occ_agg,SKT0C1,24,169653.0,occupancy_cycles
correlation-fio-randwrite-cores1,pcm_cha,drd_occ_agg,SKT0C1,25,164811.0,occupancy_cycles
correlation-fio-randwrite-cores1,pcm_cha,drd_occ_agg,SKT0C1,26,170117.0,occupancy_cycles
correlation-fio-randwrite-cores1,pcm_cha,drd_occ_agg,SKT0C1,27,190641.0,occupancy_cycles
correlation-fio-randwrite-cores1,pcm_cha,drd_occ_agg,SKT0C1,28,176072.0,occupancy_cycles
correlation-fio-randwrite-cores1,pcm_cha,drd_occ_agg,SKT0C1,29,183277.0,occupancy_cycles
correlation-fio-randwrite-cores1,pcm_cha,drd_occ_agg,SKT0C1,30,193041.0,occupancy_cycles
correlation-fio-randwrite-cores1,pcm_cha,drd_occ_agg,SKT0C1,31,208409.0,occupancy_cycles
correlation-fio-randwrite-cores1,pcm_cha,drd_occ_agg,SKT0C1,32,177893.0,occupancy_cycles
correlation-fio-randwrite-cores1,pcm_cha,drd_occ_agg,SKT0C1,33,180174.0,occupancy_cycles
correlation-fio-randwrite-cores1,pcm_cha,drd_occ_agg,SKT0C1,34,174361.0,occupancy_cycles
correlation-fio-randwrite-cores1,pcm_cha,drd_occ_agg,SKT0C1,35,180652.0,occupancy_cycles
correlation-fio-randwrite-cores1,pcm_cha,drd_occ_agg,SKT0C1,36,172030.0,occupancy_cycles
correlation-fio-randwrite-cores1,pcm_cha,drd_occ_agg,SKT0C1,37,164001.0,occupancy_cycles
correlation-fio-randwrite-cores1,pcm_cha,drd_occ_agg,SKT0C1,38,200609.0,occupancy_cycles
correlation-fio-randwrite-cores1,pcm_cha,drd_occ_agg,SKT0C1,39,587241.0,occupancy_cycles
correlation-fio-randwrite-cores1,pcm_cha,drd_occ_agg,SKT0C1,40,370272.0,occupancy_cycles
correlation-fio-randwrite-cores1,pcm_cha,drd_occ_agg,SKT0C1,41,576590.0,occupancy_cycles
correlation-fio-randwrite-cores1,pcm_cha,drd_occ_agg,SKT0C1,42,268515.0,occupancy_cycles
correlation-fio-randwrite-cores1,pcm_cha,drd_occ_agg,SKT0C1,43,183973.0,occupancy_cycles
correlation-fio-randwrite-cores1,pcm_cha,drd_occ_agg,SKT0C1,44,186913.0,occupancy_cycles
correlation-fio-randwrite-cores1,pcm_cha,drd_occ_agg,SKT0C1,45,172482.0,occupancy_cycles
correlation-fio-randwrite-cores1,pcm_cha,drd_occ_agg,SKT0C1,46,197402.0,occupancy_cycles
correlation-fio-randwrite-cores1,pcm_cha,drd_occ_agg,SKT0C1,47,195543.0,occupancy_cycles
correlation-fio-randwrite-cores1,pcm_cha,drd_occ_agg,SKT0C1,48,161396.0,occupancy_cycles
correlation-fio-randwrite-cores1,pcm_cha,drd_occ_agg,SKT0C1,49,186914.0,occupancy_cycles
correlation-fio-randwrite-cores1,pcm_cha,drd_occ_agg,SKT0C1,50,211887.0,occupancy_cycles
correlation-fio-randwrite-cores1,pcm_cha,drd_occ_agg,SKT0C1,51,159927.0,occupancy_cycles
correlation-fio-randwrite-cores1,pcm_cha,drd_occ_agg,SKT0C1,52,161166.0,occupancy_cycles
correlation-fio-randwrite-cores1,pcm_cha,drd_occ_agg,SKT0C1,53,167148.0,occupancy_cycles
correlation-fio-randwrite-cores1,pcm_cha,drd_occ_agg,SKT0C1,54,177055.0,occupancy_cycles
correlation-fio-randwrite-cores1,pcm_cha,drd_occ_agg,SKT0C1,55,213642.0,occupancy_cycles
correlation-fio-randwrite-cores1,pcm_cha,drd_occ_agg,SKT0C1,56,174248.0,occupancy_cycles
correlation-fio-randwrite-cores1,pcm_cha,drd_occ_agg,SKT0C1,57,171632.0,occupancy_cycles
correlation-fio-randwrite-cores1,pcm_cha,drd_occ_agg,SKT0C1,58,172018.0,occupancy_cycles
correlation-fio-randwrite-cores1,pcm_cha,drd_occ_agg,SKT0C1,59,209764.0,occupancy_cycles
correlation-fio-randwrite-cores1,pcm_cha,drd_occ_agg,SKT0C2,0,636075.0,occupancy_cycles
correlation-fio-randwrite-cores1,pcm_cha,drd_occ_agg,SKT0C2,1,228559.0,occupancy_cycles
correlation-fio-randwrite-cores1,pcm_cha,drd_occ_agg,SKT0C2,2,169076.0,occupancy_cycles
correlation-fio-randwrite-cores1,pcm_cha,drd_occ_agg,SKT0C2,3,193336.0,occupancy_cycles
correlation-fio-randwrite-cores1,pcm_cha,drd_occ_agg,SKT0C2,4,180706.0,occupancy_cycles
correlation-fio-randwrite-cores1,pcm_cha,drd_occ_agg,SKT0C2,5,201880.0,occupancy_cycles
correlation-fio-randwrite-cores1,pcm_cha,drd_occ_agg,SKT0C2,6,159729.0,occupancy_cycles
correlation-fio-randwrite-cores1,pcm_cha,drd_occ_agg,SKT0C2,7,194880.0,occupancy_cycles
correlation-fio-randwrite-cores1,pcm_cha,drd_occ_agg,SKT0C2,8,176461.0,occupancy_cycles
correlation-fio-randwrite-cores1,pcm_cha,drd_occ_agg,SKT0C2,9,183733.0,occupancy_cycles
correlation-fio-randwrite-cores1,pcm_cha,drd_occ_agg,SKT0C2,10,188268.0,occupancy_cycles
correlation-fio-randwrite-cores1,pcm_cha,drd_occ_agg,SKT0C2,11,208172.0,occupancy_cycles
correlation-fio-randwrite-cores1,pcm_cha,drd_occ_agg,SKT0C2,12,159732.0,occupancy_cycles
correlation-fio-randwrite-cores1,pcm_cha,drd_occ_agg,SKT0C2,13,201062.0,occupancy_cycles
correlation-fio-randwrite-cores1,pcm_cha,drd_occ_agg,SKT0C2,14,177471.0,occupancy_cycles
correlation-fio-randwrite-cores1,pcm_cha,drd_occ_agg,SKT0C2,15,184886.0,occupancy_cycles
correlation-fio-randwrite-cores1,pcm_cha,drd_occ_agg,SKT0C2,16,193033.0,occupancy_cycles
correlation-fio-randwrite-cores1,pcm_cha,drd_occ_agg,SKT0C2,17,266013.0,occupancy_cycles
correlation-fio-randwrite-cores1,pcm_cha,drd_occ_agg,SKT0C2,18,197545.0,occupancy_cycles
correlation-fio-randwrite-cores1,pcm_cha,drd_occ_agg,SKT0C2,19,187899.0,occupancy_cycles
correlation-fio-randwrite-cores1,pcm_cha,drd_occ_agg,SKT0C2,20,204374.0,occupancy_cycles
correlation-fio-randwrite-cores1,pcm_cha,drd_occ_agg,SKT0C2,21,174074.0,occupancy_cycles
correlation-fio-randwrite-cores1,pcm_cha,drd_occ_agg,SKT0C2,22,183324.0,occupancy_cycles
correlation-fio-randwrite-cores1,pcm_cha,drd_occ_agg,SKT0C2,23,202914.0,occupancy_cycles
correlation-fio-randwrite-cores1,pcm_cha,drd_occ_agg,SKT0C2,24,168273.0,occupancy_cycles
correlation-fio-randwrite-cores1,pcm_cha,drd_occ_agg,SKT0C2,25,161757.0,occupancy_cycles
correlation-fio-randwrite-cores1,pcm_cha,drd_occ_agg,SKT0C2,26,171444.0,occupancy_cycles
correlation-fio-randwrite-cores1,pcm_cha,drd_occ_agg,SKT0C2,27,197542.0,occupancy_cycles
correlation-fio-randwrite-cores1,pcm_cha,drd_occ_agg,SKT0C2,28,178080.0,occupancy_cycles
correlation-fio-randwrite-cores1,pcm_cha,drd_occ_agg,SKT0C2,29,185153.0,occupancy_cycles
correlation-fio-randwrite-cores1,pcm_cha,drd_occ_agg,SKT0C2,30,190637.0,occupancy_cycles
correlation-fio-randwrite-cores1,pcm_cha,drd_occ_agg,SKT0C2,31,206405.0,occupancy_cycles
correlation-fio-randwrite-cores1,pcm_cha,drd_occ_agg,SKT0C2,32,178289.0,occupancy_cycles
correlation-fio-randwrite-cores1,pcm_cha,drd_occ_agg,SKT0C2,33,182932.0,occupancy_cycles
correlation-fio-randwrite-cores1,pcm_cha,drd_occ_agg,SKT0C2,34,180410.0,occupancy_cycles
correlation-fio-randwrite-cores1,pcm_cha,drd_occ_agg,SKT0C2,35,177985.0,occupancy_cycles
correlation-fio-randwrite-cores1,pcm_cha,drd_occ_agg,SKT0C2,36,171003.0,occupancy_cycles
correlation-fio-randwrite-cores1,pcm_cha,drd_occ_agg,SKT0C2,37,167840.0,occupancy_cycles
correlation-fio-randwrite-cores1,pcm_cha,drd_occ_agg,SKT0C2,38,195792.0,occupancy_cycles
correlation-fio-randwrite-cores1,pcm_cha,drd_occ_agg,SKT0C2,39,580163.0,occupancy_cycles
correlation-fio-randwrite-cores1,pcm_cha,drd_occ_agg,SKT0C2,40,371129.0,occupancy_cycles
correlation-fio-randwrite-cores1,pcm_cha,drd_occ_agg,SKT0C2,41,569411.0,occupancy_cycles
correlation-fio-randwrite-cores1,pcm_cha,drd_occ_agg,SKT0C2,42,273426.0,occupancy_cycles
correlation-fio-randwrite-cores1,pcm_cha,drd_occ_agg,SKT0C2,43,186041.0,occupancy_cycles
correlation-fio-randwrite-cores1,pcm_cha,drd_occ_agg,SKT0C2,44,182996.0,occupancy_cycles
correlation-fio-randwrite-cores1,pcm_cha,drd_occ_agg,SKT0C2,45,171258.0,occupancy_cycles
correlation-fio-randwrite-cores1,pcm_cha,drd_occ_agg,SKT0C2,46,188053.0,occupancy_cycles
correlation-fio-randwrite-cores1,pcm_cha,drd_occ_agg,SKT0C2,47,192057.0,occupancy_cycles
correlation-fio-randwrite-cores1,pcm_cha,drd_occ_agg,SKT0C2,48,154030.0,occupancy_cycles
correlation-fio-randwrite-cores1,pcm_cha,drd_occ_agg,SKT0C2,49,184517.0,occupancy_cycles
correlation-fio-randwrite-cores1,pcm_cha,drd_occ_agg,SKT0C2,50,211846.0,occupancy_cycles
correlation-fio-randwrite-cores1,pcm_cha,drd_occ_agg,SKT0C2,51,160638.0,occupancy_cycles
correlation-fio-randwrite-cores1,pcm_cha,drd_occ_agg,SKT0C2,52,168232.0,occupancy_cycles
correlation-fio-randwrite-cores1,pcm_cha,drd_occ_agg,SKT0C2,53,166267.0,occupancy_cycles
correlation-fio-randwrite-cores1,pcm_cha,drd_occ_agg,SKT0C2,54,175016.0,occupancy_cycles
correlation-fio-randwrite-cores1,pcm_cha,drd_occ_agg,SKT0C2,55,204739.0,occupancy_cycles
correlation-fio-randwrite-cores1,pcm_cha,drd_occ_agg,SKT0C2,56,177179.0,occupancy_cycles
correlation-fio-randwrite-cores1,pcm_cha,drd_occ_agg,SKT0C2,57,181799.0,occupancy_cycles
correlation-fio-randwrite-cores1,pcm_cha,drd_occ_agg,SKT0C2,58,172898.0,occupancy_cycles
correlation-fio-randwrite-cores1,pcm_cha,drd_occ_agg,SKT0C2,59,207355.0,occupancy_cycles
correlation-fio-randwrite-cores1,pcm_cha,drd_occ_agg,SKT0C3,0,664228.0,occupancy_cycles
correlation-fio-randwrite-cores1,pcm_cha,drd_occ_agg,SKT0C3,1,232921.0,occupancy_cycles
correlation-fio-randwrite-cores1,pcm_cha,drd_occ_agg,SKT0C3,2,177660.0,occupancy_cycles
correlation-fio-randwrite-cores1,pcm_cha,drd_occ_agg,SKT0C3,3,193441.0,occupancy_cycles
correlation-fio-randwrite-cores1,pcm_cha,drd_occ_agg,SKT0C3,4,181552.0,occupancy_cycles
correlation-fio-randwrite-cores1,pcm_cha,drd_occ_agg,SKT0C3,5,200753.0,occupancy_cycles
correlation-fio-randwrite-cores1,pcm_cha,drd_occ_agg,SKT0C3,6,161475.0,occupancy_cycles
correlation-fio-randwrite-cores1,pcm_cha,drd_occ_agg,SKT0C3,7,195429.0,occupancy_cycles
correlation-fio-randwrite-cores1,pcm_cha,drd_occ_agg,SKT0C3,8,172211.0,occupancy_cycles
correlation-fio-randwrite-cores1,pcm_cha,drd_occ_agg,SKT0C3,9,181204.0,occupancy_cycles
correlation-fio-randwrite-cores1,pcm_cha,drd_occ_agg,SKT0C3,10,188728.0,occupancy_cycles
correlation-fio-randwrite-cores1,pcm_cha,drd_occ_agg,SKT0C3,11,224077.0,occupancy_cycles
correlation-fio-randwrite-cores1,pcm_cha,drd_occ_agg,SKT0C3,12,163061.0,occupancy_cycles
correlation-fio-randwrite-cores1,pcm_cha,drd_occ_agg,SKT0C3,13,205277.0,occupancy_cycles
correlation-fio-randwrite-cores1,pcm_cha,drd_occ_agg,SKT0C3,14,186616.0,occupancy_cycles
correlation-fio-randwrite-cores1,pcm_cha,drd_occ_agg,SKT0C3,15,201056.0,occupancy_cycles
correlation-fio-randwrite-cores1,pcm_cha,drd_occ_agg,SKT0C3,16,200139.0,occupancy_cycles
correlation-fio-randwrite-cores1,pcm_cha,drd_occ_agg,SKT0C3,17,275371.0,occupancy_cycles
correlation-fio-randwrite-cores1,pcm_cha,drd_occ_agg,SKT0C3,18,200331.0,occupancy_cycles
correlation-fio-randwrite-cores1,pcm_cha,drd_occ_agg,SKT0C3,19,199148.0,occupancy_cycles
correlation-fio-randwrite-cores1,pcm_cha,drd_occ_agg,SKT0C3,20,215188.0,occupancy_cycles
correlation-fio-randwrite-cores1,pcm_cha,drd_occ_agg,SKT0C3,21,175442.0,occupancy_cycles
correlation-fio-randwrite-cores1,pcm_cha,drd_occ_agg,SKT0C3,22,186568.0,occupancy_cycles
correlation-fio-randwrite-cores1,pcm_cha,drd_occ_agg,SKT0C3,23,210151.0,occupancy_cycles
correlation-fio-randwrite-cores1,pcm_cha,drd_occ_agg,SKT0C3,24,173564.0,occupancy_cycles
correlation-fio-randwrite-cores1,pcm_cha,drd_occ_agg,SKT0C3,25,165845.0,occupancy_cycles
correlation-fio-randwrite-cores1,pcm_cha,drd_occ_agg,SKT0C3,26,173772.0,occupancy_cycles
correlation-fio-randwrite-cores1,pcm_cha,drd_occ_agg,SKT0C3,27,200566.0,occupancy_cycles
correlation-fio-randwrite-cores1,pcm_cha,drd_occ_agg,SKT0C3,28,179062.0,occupancy_cycles
correlation-fio-randwrite-cores1,pcm_cha,drd_occ_agg,SKT0C3,29,197227.0,occupancy_cycles
correlation-fio-randwrite-cores1,pcm_cha,drd_occ_agg,SKT0C3,30,200412.0,occupancy_cycles
correlation-fio-randwrite-cores1,pcm_cha,drd_occ_agg,SKT0C3,31,216599.0,occupancy_cycles
correlation-fio-randwrite-cores1,pcm_cha,drd_occ_agg,SKT0C3,32,186487.0,occupancy_cycles
correlation-fio-randwrite-cores1,pcm_cha,drd_occ_agg,SKT0C3,33,184305.0,occupancy_cycles
correlation-fio-randwrite-cores1,pcm_cha,drd_occ_agg,SKT0C3,34,184568.0,occupancy_cycles
correlation-fio-randwrite-cores1,pcm_cha,drd_occ_agg,SKT0C3,35,181239.0,occupancy_cycles
correlation-fio-randwrite-cores1,pcm_cha,drd_occ_agg,SKT0C3,36,176166.0,occupancy_cycles
correlation-fio-randwrite-cores1,pcm_cha,drd_occ_agg,SKT0C3,37,166682.0,occupancy_cycles
correlation-fio-randwrite-cores1,pcm_cha,drd_occ_agg,SKT0C3,38,213730.0,occupancy_cycles
correlation-fio-randwrite-cores1,pcm_cha,drd_occ_agg,SKT0C3,39,611262.0,occupancy_cycles
correlation-fio-randwrite-cores1,pcm_cha,drd_occ_agg,SKT0C3,40,396825.0,occupancy_cycles
correlation-fio-randwrite-cores1,pcm_cha,drd_occ_agg,SKT0C3,41,602403.0,occupancy_cycles
correlation-fio-randwrite-cores1,pcm_cha,drd_occ_agg,SKT0C3,42,282552.0,occupancy_cycles
correlation-fio-randwrite-cores1,pcm_cha,drd_occ_agg,SKT0C3,43,188291.0,occupancy_cycles
correlation-fio-randwrite-cores1,pcm_cha,drd_occ_agg,SKT0C3,44,189236.0,occupancy_cycles
correlation-fio-randwrite-cores1,pcm_cha,drd_occ_agg,SKT0C3,45,180161.0,occupancy_cycles
correlation-fio-randwrite-cores1,pcm_cha,drd_occ_agg,SKT0C3,46,196052.0,occupancy_cycles
correlation-fio-randwrite-cores1,pcm_cha,drd_occ_agg,SKT0C3,47,198806.0,occupancy_cycles
correlation-fio-randwrite-cores1,pcm_cha,drd_occ_agg,SKT0C3,48,167306.0,occupancy_cycles
correlation-fio-randwrite-cores1,pcm_cha,drd_occ_agg,SKT0C3,49,200982.0,occupancy_cycles
correlation-fio-randwrite-cores1,pcm_cha,drd_occ_agg,SKT0C3,50,221753.0,occupancy_cycles
correlation-fio-randwrite-cores1,pcm_cha,drd_occ_agg,SKT0C3,51,170138.0,occupancy_cycles
correlation-fio-randwrite-cores1,pcm_cha,drd_occ_agg,SKT0C3,52,169500.0,occupancy_cycles
correlation-fio-randwrite-cores1,pcm_cha,drd_occ_agg,SKT0C3,53,165441.0,occupancy_cycles
correlation-fio-randwrite-cores1,pcm_cha,drd_occ_agg,SKT0C3,54,182350.0,occupancy_cycles
correlation-fio-randwrite-cores1,pcm_cha,drd_occ_agg,SKT0C3,55,217427.0,occupancy_cycles
correlation-fio-randwrite-cores1,pcm_cha,drd_occ_agg,SKT0C3,56,177808.0,occupancy_cycles
correlation-fio-randwrite-cores1,pcm_cha,drd_occ_agg,SKT0C3,57,174060.0,occupancy_cycles
correlation-fio-randwrite-cores1,pcm_cha,drd_occ_agg,SKT0C3,58,172296.0,occupancy_cycles
correlation-fio-randwrite-cores1,pcm_cha,drd_occ_agg,SKT0C3,59,208637.0,occupancy_cycles
correlation-fio-randwrite-cores1,pcm_cha,drd_occ_agg,SKT0C4,0,486708.0,occupancy_cycles
correlation-fio-randwrite-cores1,pcm_cha,drd_occ_agg,SKT0C4,1,198929.0,occupancy_cycles
correlation-fio-randwrite-cores1,pcm_cha,drd_occ_agg,SKT0C4,2,142661.0,occupancy_cycles
correlation-fio-randwrite-cores1,pcm_cha,drd_occ_agg,SKT0C4,3,158171.0,occupancy_cycles
correlation-fio-randwrite-cores1,pcm_cha,drd_occ_agg,SKT0C4,4,150102.0,occupancy_cycles
correlation-fio-randwrite-cores1,pcm_cha,drd_occ_agg,SKT0C4,5,159653.0,occupancy_cycles
correlation-fio-randwrite-cores1,pcm_cha,drd_occ_agg,SKT0C4,6,132946.0,occupancy_cycles
correlation-fio-randwrite-cores1,pcm_cha,drd_occ_agg,SKT0C4,7,160955.0,occupancy_cycles
correlation-fio-randwrite-cores1,pcm_cha,drd_occ_agg,SKT0C4,8,144285.0,occupancy_cycles
correlation-fio-randwrite-cores1,pcm_cha,drd_occ_agg,SKT0C4,9,143598.0,occupancy_cycles
correlation-fio-randwrite-cores1,pcm_cha,drd_occ_agg,SKT0C4,10,152346.0,occupancy_cycles
correlation-fio-randwrite-cores1,pcm_cha,drd_occ_agg,SKT0C4,11,173567.0,occupancy_cycles
correlation-fio-randwrite-cores1,pcm_cha,drd_occ_agg,SKT0C4,12,132427.0,occupancy_cycles
correlation-fio-randwrite-cores1,pcm_cha,drd_occ_agg,SKT0C4,13,162902.0,occupancy_cycles
correlation-fio-randwrite-cores1,pcm_cha,drd_occ_agg,SKT0C4,14,149552.0,occupancy_cycles
correlation-fio-randwrite-cores1,pcm_cha,drd_occ_agg,SKT0C4,15,157448.0,occupancy_cycles
correlation-fio-randwrite-cores1,pcm_cha,drd_occ_agg,SKT0C4,16,168454.0,occupancy_cycles
correlation-fio-randwrite-cores1,pcm_cha,drd_occ_agg,SKT0C4,17,230439.0,occupancy_cycles
correlation-fio-randwrite-cores1,pcm_cha,drd_occ_agg,SKT0C4,18,159510.0,occupancy_cycles
correlation-fio-randwrite-cores1,pcm_cha,drd_occ_agg,SKT0C4,19,152771.0,occupancy_cycles
correlation-fio-randwrite-cores1,pcm_cha,drd_occ_agg,SKT0C4,20,175948.0,occupancy_cycles
correlation-fio-randwrite-cores1,pcm_cha,drd_occ_agg,SKT0C4,21,143510.0,occupancy_cycles
correlation-fio-randwrite-cores1,pcm_cha,drd_occ_agg,SKT0C4,22,152947.0,occupancy_cycles
correlation-fio-randwrite-cores1,pcm_cha,drd_occ_agg,SKT0C4,23,164269.0,occupancy_cycles
correlation-fio-randwrite-cores1,pcm_cha,drd_occ_agg,SKT0C4,24,141019.0,occupancy_cycles
correlation-fio-randwrite-cores1,pcm_cha,drd_occ_agg,SKT0C4,25,135516.0,occupancy_cycles
correlation-fio-randwrite-cores1,pcm_cha,drd_occ_agg,SKT0C4,26,142273.0,occupancy_cycles
correlation-fio-randwrite-cores1,pcm_cha,drd_occ_agg,SKT0C4,27,158816.0,occupancy_cycles
correlation-fio-randwrite-cores1,pcm_cha,drd_occ_agg,SKT0C4,28,142164.0,occupancy_cycles
correlation-fio-randwrite-cores1,pcm_cha,drd_occ_agg,SKT0C4,29,160031.0,occupancy_cycles
correlation-fio-randwrite-cores1,pcm_cha,drd_occ_agg,SKT0C4,30,157435.0,occupancy_cycles
correlation-fio-randwrite-cores1,pcm_cha,drd_occ_agg,SKT0C4,31,175823.0,occupancy_cycles
correlation-fio-randwrite-cores1,pcm_cha,drd_occ_agg,SKT0C4,32,149654.0,occupancy_cycles
correlation-fio-randwrite-cores1,pcm_cha,drd_occ_agg,SKT0C4,33,150035.0,occupancy_cycles
correlation-fio-randwrite-cores1,pcm_cha,drd_occ_agg,SKT0C4,34,150015.0,occupancy_cycles
correlation-fio-randwrite-cores1,pcm_cha,drd_occ_agg,SKT0C4,35,143729.0,occupancy_cycles
correlation-fio-randwrite-cores1,pcm_cha,drd_occ_agg,SKT0C4,36,141439.0,occupancy_cycles
correlation-fio-randwrite-cores1,pcm_cha,drd_occ_agg,SKT0C4,37,139252.0,occupancy_cycles
correlation-fio-randwrite-cores1,pcm_cha,drd_occ_agg,SKT0C4,38,167634.0,occupancy_cycles
correlation-fio-randwrite-cores1,pcm_cha,drd_occ_agg,SKT0C4,39,450970.0,occupancy_cycles
correlation-fio-randwrite-cores1,pcm_cha,drd_occ_agg,SKT0C4,40,312057.0,occupancy_cycles
correlation-fio-randwrite-cores1,pcm_cha,drd_occ_agg,SKT0C4,41,449089.0,occupancy_cycles
correlation-fio-randwrite-cores1,pcm_cha,drd_occ_agg,SKT0C4,42,222279.0,occupancy_cycles
correlation-fio-randwrite-cores1,pcm_cha,drd_occ_agg,SKT0C4,43,151435.0,occupancy_cycles
correlation-fio-randwrite-cores1,pcm_cha,drd_occ_agg,SKT0C4,44,156019.0,occupancy_cycles
correlation-fio-randwrite-cores1,pcm_cha,drd_occ_agg,SKT0C4,45,146483.0,occupancy_cycles
correlation-fio-randwrite-cores1,pcm_cha,drd_occ_agg,SKT0C4,46,165204.0,occupancy_cycles
correlation-fio-randwrite-cores1,pcm_cha,drd_occ_agg,SKT0C4,47,159874.0,occupancy_cycles
correlation-fio-randwrite-cores1,pcm_cha,drd_occ_agg,SKT0C4,48,130714.0,occupancy_cycles
correlation-fio-randwrite-cores1,pcm_cha,drd_occ_agg,SKT0C4,49,153466.0,occupancy_cycles
correlation-fio-randwrite-cores1,pcm_cha,drd_occ_agg,SKT0C4,50,178364.0,occupancy_cycles
correlation-fio-randwrite-cores1,pcm_cha,drd_occ_agg,SKT0C4,51,132182.0,occupancy_cycles
correlation-fio-randwrite-cores1,pcm_cha,drd_occ_agg,SKT0C4,52,138672.0,occupancy_cycles
correlation-fio-randwrite-cores1,pcm_cha,drd_occ_agg,SKT0C4,53,135986.0,occupancy_cycles
correlation-fio-randwrite-cores1,pcm_cha,drd_occ_agg,SKT0C4,54,145942.0,occupancy_cycles
correlation-fio-randwrite-cores1,pcm_cha,drd_occ_agg,SKT0C4,55,166777.0,occupancy_cycles
correlation-fio-randwrite-cores1,pcm_cha,drd_occ_agg,SKT0C4,56,143022.0,occupancy_cycles
correlation-fio-randwrite-cores1,pcm_cha,drd_occ_agg,SKT0C4,57,143566.0,occupancy_cycles
correlation-fio-randwrite-cores1,pcm_cha,drd_occ_agg,SKT0C4,58,145321.0,occupancy_cycles
correlation-fio-randwrite-cores1,pcm_cha,drd_occ_agg,SKT0C4,59,163611.0,occupancy_cycles
correlation-fio-randwrite-cores1,pcm_cha,drd_occ_agg,SKT0C5,0,572373.0,occupancy_cycles
correlation-fio-randwrite-cores1,pcm_cha,drd_occ_agg,SKT0C5,1,225052.0,occupancy_cycles
correlation-fio-randwrite-cores1,pcm_cha,drd_occ_agg,SKT0C5,2,163770.0,occupancy_cycles
correlation-fio-randwrite-cores1,pcm_cha,drd_occ_agg,SKT0C5,3,178034.0,occupancy_cycles
correlation-fio-randwrite-cores1,pcm_cha,drd_occ_agg,SKT0C5,4,171560.0,occupancy_cycles
correlation-fio-randwrite-cores1,pcm_cha,drd_occ_agg,SKT0C5,5,184097.0,occupancy_cycles
correlation-fio-randwrite-cores1,pcm_cha,drd_occ_agg,SKT0C5,6,153202.0,occupancy_cycles
correlation-fio-randwrite-cores1,pcm_cha,drd_occ_agg,SKT0C5,7,181793.0,occupancy_cycles
correlation-fio-randwrite-cores1,pcm_cha,drd_occ_agg,SKT0C5,8,162825.0,occupancy_cycles
correlation-fio-randwrite-cores1,pcm_cha,drd_occ_agg,SKT0C5,9,161828.0,occupancy_cycles
correlation-fio-randwrite-cores1,pcm_cha,drd_occ_agg,SKT0C5,10,173855.0,occupancy_cycles
correlation-fio-randwrite-cores1,pcm_cha,drd_occ_agg,SKT0C5,11,198544.0,occupancy_cycles
correlation-fio-randwrite-cores1,pcm_cha,drd_occ_agg,SKT0C5,12,148488.0,occupancy_cycles
correlation-fio-randwrite-cores1,pcm_cha,drd_occ_agg,SKT0C5,13,184198.0,occupancy_cycles
correlation-fio-randwrite-cores1,pcm_cha,drd_occ_agg,SKT0C5,14,165869.0,occupancy_cycles
correlation-fio-randwrite-cores1,pcm_cha,drd_occ_agg,SKT0C5,15,177059.0,occupancy_cycles
correlation-fio-randwrite-cores1,pcm_cha,drd_occ_agg,SKT0C5,16,188007.0,occupancy_cycles
correlation-fio-randwrite-cores1,pcm_cha,drd_occ_agg,SKT0C5,17,258294.0,occupancy_cycles
correlation-fio-randwrite-cores1,pcm_cha,drd_occ_agg,SKT0C5,18,177143.0,occupancy_cycles
correlation-fio-randwrite-cores1,pcm_cha,drd_occ_agg,SKT0C5,19,178151.0,occupancy_cycles
correlation-fio-randwrite-cores1,pcm_cha,drd_occ_agg,SKT0C5,20,203740.0,occupancy_cycles
correlation-fio-randwrite-cores1,pcm_cha,drd_occ_agg,SKT0C5,21,161217.0,occupancy_cycles
correlation-fio-randwrite-cores1,pcm_cha,drd_occ_agg,SKT0C5,22,172650.0,occupancy_cycles
correlation-fio-randwrite-cores1,pcm_cha,drd_occ_agg,SKT0C5,23,188886.0,occupancy_cycles
correlation-fio-randwrite-cores1,pcm_cha,drd_occ_agg,SKT0C5,24,165792.0,occupancy_cycles
correlation-fio-randwrite-cores1,pcm_cha,drd_occ_agg,SKT0C5,25,154868.0,occupancy_cycles
correlation-fio-randwrite-cores1,pcm_cha,drd_occ_agg,SKT0C5,26,158768.0,occupancy_cycles
correlation-fio-randwrite-cores1,pcm_cha,drd_occ_agg,SKT0C5,27,176504.0,occupancy_cycles
correlation-fio-randwrite-cores1,pcm_cha,drd_occ_agg,SKT0C5,28,158962.0,occupancy_cycles
correlation-fio-randwrite-cores1,pcm_cha,drd_occ_agg,SKT0C5,29,182083.0,occupancy_cycles
correlation-fio-randwrite-cores1,pcm_cha,drd_occ_agg,SKT0C5,30,187145.0,occupancy_cycles
correlation-fio-randwrite-cores1,pcm_cha,drd_occ_agg,SKT0C5,31,201080.0,occupancy_cycles
correlation-fio-randwrite-cores1,pcm_cha,drd_occ_agg,SKT0C5,32,167891.0,occupancy_cycles
correlation-fio-randwrite-cores1,pcm_cha,drd_occ_agg,SKT0C5,33,172350.0,occupancy_cycles
correlation-fio-randwrite-cores1,pcm_cha,drd_occ_agg,SKT0C5,34,168317.0,occupancy_cycles
correlation-fio-randwrite-cores1,pcm_cha,drd_occ_agg,SKT0C5,35,167255.0,occupancy_cycles
correlation-fio-randwrite-cores1,pcm_cha,drd_occ_agg,SKT0C5,36,162545.0,occupancy_cycles
correlation-fio-randwrite-cores1,pcm_cha,drd_occ_agg,SKT0C5,37,157468.0,occupancy_cycles
correlation-fio-randwrite-cores1,pcm_cha,drd_occ_agg,SKT0C5,38,187962.0,occupancy_cycles
correlation-fio-randwrite-cores1,pcm_cha,drd_occ_agg,SKT0C5,39,511057.0,occupancy_cycles
correlation-fio-randwrite-cores1,pcm_cha,drd_occ_agg,SKT0C5,40,350491.0,occupancy_cycles
correlation-fio-randwrite-cores1,pcm_cha,drd_occ_agg,SKT0C5,41,519321.0,occupancy_cycles
correlation-fio-randwrite-cores1,pcm_cha,drd_occ_agg,SKT0C5,42,250251.0,occupancy_cycles
correlation-fio-randwrite-cores1,pcm_cha,drd_occ_agg,SKT0C5,43,173288.0,occupancy_cycles
correlation-fio-randwrite-cores1,pcm_cha,drd_occ_agg,SKT0C5,44,176695.0,occupancy_cycles
correlation-fio-randwrite-cores1,pcm_cha,drd_occ_agg,SKT0C5,45,161338.0,occupancy_cycles
correlation-fio-randwrite-cores1,pcm_cha,drd_occ_agg,SKT0C5,46,183756.0,occupancy_cycles
correlation-fio-randwrite-cores1,pcm_cha,drd_occ_agg,SKT0C5,47,177617.0,occupancy_cycles
correlation-fio-randwrite-cores1,pcm_cha,drd_occ_agg,SKT0C5,48,149051.0,occupancy_cycles
correlation-fio-randwrite-cores1,pcm_cha,drd_occ_agg,SKT0C5,49,177882.0,occupancy_cycles
correlation-fio-randwrite-cores1,pcm_cha,drd_occ_agg,SKT0C5,50,201942.0,occupancy_cycles
correlation-fio-randwrite-cores1,pcm_cha,drd_occ_agg,SKT0C5,51,154317.0,occupancy_cycles
correlation-fio-randwrite-cores1,pcm_cha,drd_occ_agg,SKT0C5,52,156749.0,occupancy_cycles
correlation-fio-randwrite-cores1,pcm_cha,drd_occ_agg,SKT0C5,53,151481.0,occupancy_cycles
correlation-fio-randwrite-cores1,pcm_cha,drd_occ_agg,SKT0C5,54,167272.0,occupancy_cycles
correlation-fio-randwrite-cores1,pcm_cha,drd_occ_agg,SKT0C5,55,192883.0,occupancy_cycles
correlation-fio-randwrite-cores1,pcm_cha,drd_occ_agg,SKT0C5,56,167647.0,occupancy_cycles
correlation-fio-randwrite-cores1,pcm_cha,drd_occ_agg,SKT0C5,57,159946.0,occupancy_cycles
correlation-fio-randwrite-cores1,pcm_cha,drd_occ_agg,SKT0C5,58,164051.0,occupancy_cycles
correlation-fio-randwrite-cores1,pcm_cha,drd_occ_agg,SKT0C5,59,183505.0,occupancy_cycles
correlation-fio-randwrite-cores1,pcm_cha,drd_occ_agg,SKT0C6,0,688688.0,occupancy_cycles
correlation-fio-randwrite-cores1,pcm_cha,drd_occ_agg,SKT0C6,1,252358.0,occupancy_cycles
correlation-fio-randwrite-cores1,pcm_cha,drd_occ_agg,SKT0C6,2,189589.0,occupancy_cycles
correlation-fio-randwrite-cores1,pcm_cha,drd_occ_agg,SKT0C6,3,207828.0,occupancy_cycles
correlation-fio-randwrite-cores1,pcm_cha,drd_occ_agg,SKT0C6,4,203479.0,occupancy_cycles
correlation-fio-randwrite-cores1,pcm_cha,drd_occ_agg,SKT0C6,5,211907.0,occupancy_cycles
correlation-fio-randwrite-cores1,pcm_cha,drd_occ_agg,SKT0C6,6,175982.0,occupancy_cycles
correlation-fio-randwrite-cores1,pcm_cha,drd_occ_agg,SKT0C6,7,215241.0,occupancy_cycles
correlation-fio-randwrite-cores1,pcm_cha,drd_occ_agg,SKT0C6,8,189904.0,occupancy_cycles
correlation-fio-randwrite-cores1,pcm_cha,drd_occ_agg,SKT0C6,9,197450.0,occupancy_cycles
correlation-fio-randwrite-cores1,pcm_cha,drd_occ_agg,SKT0C6,10,206463.0,occupancy_cycles
correlation-fio-randwrite-cores1,pcm_cha,drd_occ_agg,SKT0C6,11,236247.0,occupancy_cycles
correlation-fio-randwrite-cores1,pcm_cha,drd_occ_agg,SKT0C6,12,181060.0,occupancy_cycles
correlation-fio-randwrite-cores1,pcm_cha,drd_occ_agg,SKT0C6,13,222227.0,occupancy_cycles
correlation-fio-randwrite-cores1,pcm_cha,drd_occ_agg,SKT0C6,14,198896.0,occupancy_cycles
correlation-fio-randwrite-cores1,pcm_cha,drd_occ_agg,SKT0C6,15,214927.0,occupancy_cycles
correlation-fio-randwrite-cores1,pcm_cha,drd_occ_agg,SKT0C6,16,223701.0,occupancy_cycles
correlation-fio-randwrite-cores1,pcm_cha,drd_occ_agg,SKT0C6,17,294694.0,occupancy_cycles
correlation-fio-randwrite-cores1,pcm_cha,drd_occ_agg,SKT0C6,18,214214.0,occupancy_cycles
correlation-fio-randwrite-cores1,pcm_cha,drd_occ_agg,SKT0C6,19,207246.0,occupancy_cycles
correlation-fio-randwrite-cores1,pcm_cha,drd_occ_agg,SKT0C6,20,233545.0,occupancy_cycles
correlation-fio-randwrite-cores1,pcm_cha,drd_occ_agg,SKT0C6,21,192170.0,occupancy_cycles
correlation-fio-randwrite-cores1,pcm_cha,drd_occ_agg,SKT0C6,22,207831.0,occupancy_cycles
correlation-fio-randwrite-cores1,pcm_cha,drd_occ_agg,SKT0C6,23,224492.0,occupancy_cycles
correlation-fio-randwrite-cores1,pcm_cha,drd_occ_agg,SKT0C6,24,191730.0,occupancy_cycles
correlation-fio-randwrite-cores1,pcm_cha,drd_occ_agg,SKT0C6,25,183461.0,occupancy_cycles
correlation-fio-randwrite-cores1,pcm_cha,drd_occ_agg,SKT0C6,26,189936.0,occupancy_cycles
correlation-fio-randwrite-cores1,pcm_cha,drd_occ_agg,SKT0C6,27,217399.0,occupancy_cycles
correlation-fio-randwrite-cores1,pcm_cha,drd_occ_agg,SKT0C6,28,199504.0,occupancy_cycles
correlation-fio-randwrite-cores1,pcm_cha,drd_occ_agg,SKT0C6,29,220554.0,occupancy_cycles
correlation-fio-randwrite-cores1,pcm_cha,drd_occ_agg,SKT0C6,30,217978.0,occupancy_cycles
correlation-fio-randwrite-cores1,pcm_cha,drd_occ_agg,SKT0C6,31,232639.0,occupancy_cycles
correlation-fio-randwrite-cores1,pcm_cha,drd_occ_agg,SKT0C6,32,197745.0,occupancy_cycles
correlation-fio-randwrite-cores1,pcm_cha,drd_occ_agg,SKT0C6,33,204895.0,occupancy_cycles
correlation-fio-randwrite-cores1,pcm_cha,drd_occ_agg,SKT0C6,34,199467.0,occupancy_cycles
correlation-fio-randwrite-cores1,pcm_cha,drd_occ_agg,SKT0C6,35,197893.0,occupancy_cycles
correlation-fio-randwrite-cores1,pcm_cha,drd_occ_agg,SKT0C6,36,189288.0,occupancy_cycles
correlation-fio-randwrite-cores1,pcm_cha,drd_occ_agg,SKT0C6,37,183124.0,occupancy_cycles
correlation-fio-randwrite-cores1,pcm_cha,drd_occ_agg,SKT0C6,38,217690.0,occupancy_cycles
correlation-fio-randwrite-cores1,pcm_cha,drd_occ_agg,SKT0C6,39,606605.0,occupancy_cycles
correlation-fio-randwrite-cores1,pcm_cha,drd_occ_agg,SKT0C6,40,414517.0,occupancy_cycles
correlation-fio-randwrite-cores1,pcm_cha,drd_occ_agg,SKT0C6,41,604227.0,occupancy_cycles
correlation-fio-randwrite-cores1,pcm_cha,drd_occ_agg,SKT0C6,42,300094.0,occupancy_cycles
correlation-fio-randwrite-cores1,pcm_cha,drd_occ_agg,SKT0C6,43,206110.0,occupancy_cycles
correlation-fio-randwrite-cores1,pcm_cha,drd_occ_agg,SKT0C6,44,203239.0,occupancy_cycles
correlation-fio-randwrite-cores1,pcm_cha,drd_occ_agg,SKT0C6,45,190227.0,occupancy_cycles
correlation-fio-randwrite-cores1,pcm_cha,drd_occ_agg,SKT0C6,46,213478.0,occupancy_cycles
correlation-fio-randwrite-cores1,pcm_cha,drd_occ_agg,SKT0C6,47,208483.0,occupancy_cycles
correlation-fio-randwrite-cores1,pcm_cha,drd_occ_agg,SKT0C6,48,174137.0,occupancy_cycles
correlation-fio-randwrite-cores1,pcm_cha,drd_occ_agg,SKT0C6,49,205273.0,occupancy_cycles
correlation-fio-randwrite-cores1,pcm_cha,drd_occ_agg,SKT0C6,50,239198.0,occupancy_cycles
correlation-fio-randwrite-cores1,pcm_cha,drd_occ_agg,SKT0C6,51,184003.0,occupancy_cycles
correlation-fio-randwrite-cores1,pcm_cha,drd_occ_agg,SKT0C6,52,188142.0,occupancy_cycles
correlation-fio-randwrite-cores1,pcm_cha,drd_occ_agg,SKT0C6,53,186379.0,occupancy_cycles
correlation-fio-randwrite-cores1,pcm_cha,drd_occ_agg,SKT0C6,54,197870.0,occupancy_cycles
correlation-fio-randwrite-cores1,pcm_cha,drd_occ_agg,SKT0C6,55,231288.0,occupancy_cycles
correlation-fio-randwrite-cores1,pcm_cha,drd_occ_agg,SKT0C6,56,201969.0,occupancy_cycles
correlation-fio-randwrite-cores1,pcm_cha,drd_occ_agg,SKT0C6,57,197595.0,occupancy_cycles
correlation-fio-randwrite-cores1,pcm_cha,drd_occ_agg,SKT0C6,58,196856.0,occupancy_cycles
correlation-fio-randwrite-cores1,pcm_cha,drd_occ_agg,SKT0C6,59,221114.0,occupancy_cycles
correlation-fio-randwrite-cores1,pcm_cha,drd_occ_agg,SKT0C7,0,652408.0,occupancy_cycles
correlation-fio-randwrite-cores1,pcm_cha,drd_occ_agg,SKT0C7,1,243544.0,occupancy_cycles
correlation-fio-randwrite-cores1,pcm_cha,drd_occ_agg,SKT0C7,2,180891.0,occupancy_cycles
correlation-fio-randwrite-cores1,pcm_cha,drd_occ_agg,SKT0C7,3,197639.0,occupancy_cycles
correlation-fio-randwrite-cores1,pcm_cha,drd_occ_agg,SKT0C7,4,189042.0,occupancy_cycles
correlation-fio-randwrite-cores1,pcm_cha,drd_occ_agg,SKT0C7,5,202539.0,occupancy_cycles
correlation-fio-randwrite-cores1,pcm_cha,drd_occ_agg,SKT0C7,6,172846.0,occupancy_cycles
correlation-fio-randwrite-cores1,pcm_cha,drd_occ_agg,SKT0C7,7,201713.0,occupancy_cycles
correlation-fio-randwrite-cores1,pcm_cha,drd_occ_agg,SKT0C7,8,182005.0,occupancy_cycles
correlation-fio-randwrite-cores1,pcm_cha,drd_occ_agg,SKT0C7,9,185862.0,occupancy_cycles
correlation-fio-randwrite-cores1,pcm_cha,drd_occ_agg,SKT0C7,10,194692.0,occupancy_cycles
correlation-fio-randwrite-cores1,pcm_cha,drd_occ_agg,SKT0C7,11,220210.0,occupancy_cycles
correlation-fio-randwrite-cores1,pcm_cha,drd_occ_agg,SKT0C7,12,170068.0,occupancy_cycles
correlation-fio-randwrite-cores1,pcm_cha,drd_occ_agg,SKT0C7,13,205005.0,occupancy_cycles
correlation-fio-randwrite-cores1,pcm_cha,drd_occ_agg,SKT0C7,14,184157.0,occupancy_cycles
correlation-fio-randwrite-cores1,pcm_cha,drd_occ_agg,SKT0C7,15,200171.0,occupancy_cycles
correlation-fio-randwrite-cores1,pcm_cha,drd_occ_agg,SKT0C7,16,209680.0,occupancy_cycles
correlation-fio-randwrite-cores1,pcm_cha,drd_occ_agg,SKT0C7,17,276140.0,occupancy_cycles
correlation-fio-randwrite-cores1,pcm_cha,drd_occ_agg,SKT0C7,18,206099.0,occupancy_cycles
correlation-fio-randwrite-cores1,pcm_cha,drd_occ_agg,SKT0C7,19,195813.0,occupancy_cycles
correlation-fio-randwrite-cores1,pcm_cha,drd_occ_agg,SKT0C7,20,226031.0,occupancy_cycles
correlation-fio-randwrite-cores1,pcm_cha,drd_occ_agg,SKT0C7,21,185907.0,occupancy_cycles
correlation-fio-randwrite-cores1,pcm_cha,drd_occ_agg,SKT0C7,22,192386.0,occupancy_cycles
correlation-fio-randwrite-cores1,pcm_cha,drd_occ_agg,SKT0C7,23,215852.0,occupancy_cycles
correlation-fio-randwrite-cores1,pcm_cha,drd_occ_agg,SKT0C7,24,178991.0,occupancy_cycles
correlation-fio-randwrite-cores1,pcm_cha,drd_occ_agg,SKT0C7,25,173157.0,occupancy_cycles
correlation-fio-randwrite-cores1,pcm_cha,drd_occ_agg,SKT0C7,26,184848.0,occupancy_cycles
correlation-fio-randwrite-cores1,pcm_cha,drd_occ_agg,SKT0C7,27,197574.0,occupancy_cycles
correlation-fio-randwrite-cores1,pcm_cha,drd_occ_agg,SKT0C7,28,184717.0,occupancy_cycles
correlation-fio-randwrite-cores1,pcm_cha,drd_occ_agg,SKT0C7,29,202941.0,occupancy_cycles
correlation-fio-randwrite-cores1,pcm_cha,drd_occ_agg,SKT0C7,30,203278.0,occupancy_cycles
correlation-fio-randwrite-cores1,pcm_cha,drd_occ_agg,SKT0C7,31,216580.0,occupancy_cycles
correlation-fio-randwrite-cores1,pcm_cha,drd_occ_agg,SKT0C7,32,188484.0,occupancy_cycles
correlation-fio-randwrite-cores1,pcm_cha,drd_occ_agg,SKT0C7,33,185688.0,occupancy_cycles
correlation-fio-randwrite-cores1,pcm_cha,drd_occ_agg,SKT0C7,34,182286.0,occupancy_cycles
correlation-fio-randwrite-cores1,pcm_cha,drd_occ_agg,SKT0C7,35,186263.0,occupancy_cycles
correlation-fio-randwrite-cores1,pcm_cha,drd_occ_agg,SKT0C7,36,179268.0,occupancy_cycles
correlation-fio-randwrite-cores1,pcm_cha,drd_occ_agg,SKT0C7,37,174168.0,occupancy_cycles
correlation-fio-randwrite-cores1,pcm_cha,drd_occ_agg,SKT0C7,38,205692.0,occupancy_cycles
correlation-fio-randwrite-cores1,pcm_cha,drd_occ_agg,SKT0C7,39,585960.0,occupancy_cycles
correlation-fio-randwrite-cores1,pcm_cha,drd_occ_agg,SKT0C7,40,388351.0,occupancy_cycles
correlation-fio-randwrite-cores1,pcm_cha,drd_occ_agg,SKT0C7,41,576152.0,occupancy_cycles
correlation-fio-randwrite-cores1,pcm_cha,drd_occ_agg,SKT0C7,42,286245.0,occupancy_cycles
correlation-fio-randwrite-cores1,pcm_cha,drd_occ_agg,SKT0C7,43,199164.0,occupancy_cycles
correlation-fio-randwrite-cores1,pcm_cha,drd_occ_agg,SKT0C7,44,197595.0,occupancy_cycles
correlation-fio-randwrite-cores1,pcm_cha,drd_occ_agg,SKT0C7,45,194774.0,occupancy_cycles
correlation-fio-randwrite-cores1,pcm_cha,drd_occ_agg,SKT0C7,46,212607.0,occupancy_cycles
correlation-fio-randwrite-cores1,pcm_cha,drd_occ_agg,SKT0C7,47,208981.0,occupancy_cycles
correlation-fio-randwrite-cores1,pcm_cha,drd_occ_agg,SKT0C7,48,170905.0,occupancy_cycles
correlation-fio-randwrite-cores1,pcm_cha,drd_occ_agg,SKT0C7,49,199700.0,occupancy_cycles
correlation-fio-randwrite-cores1,pcm_cha,drd_occ_agg,SKT0C7,50,231017.0,occupancy_cycles
correlation-fio-randwrite-cores1,pcm_cha,drd_occ_agg,SKT0C7,51,173700.0,occupancy_cycles
correlation-fio-randwrite-cores1,pcm_cha,drd_occ_agg,SKT0C7,52,176920.0,occupancy_cycles
correlation-fio-randwrite-cores1,pcm_cha,drd_occ_agg,SKT0C7,53,173450.0,occupancy_cycles
correlation-fio-randwrite-cores1,pcm_cha,drd_occ_agg,SKT0C7,54,181967.0,occupancy_cycles
correlation-fio-randwrite-cores1,pcm_cha,drd_occ_agg,SKT0C7,55,216866.0,occupancy_cycles
correlation-fio-randwrite-cores1,pcm_cha,drd_occ_agg,SKT0C7,56,184964.0,occupancy_cycles
correlation-fio-randwrite-cores1,pcm_cha,drd_occ_agg,SKT0C7,57,181851.0,occupancy_cycles
correlation-fio-randwrite-cores1,pcm_cha,drd_occ_agg,SKT0C7,58,184412.0,occupancy_cycles
correlation-fio-randwrite-cores1,pcm_cha,drd_occ_agg,SKT0C7,59,209275.0,occupancy_cycles
correlation-fio-randwrite-cores1,pcm_cha,drd_occ_agg,SKT0C8,0,638076.0,occupancy_cycles
correlation-fio-randwrite-cores1,pcm_cha,drd_occ_agg,SKT0C8,1,228598.0,occupancy_cycles
correlation-fio-randwrite-cores1,pcm_cha,drd_occ_agg,SKT0C8,2,170947.0,occupancy_cycles
correlation-fio-randwrite-cores1,pcm_cha,drd_occ_agg,SKT0C8,3,185404.0,occupancy_cycles
correlation-fio-randwrite-cores1,pcm_cha,drd_occ_agg,SKT0C8,4,173825.0,occupancy_cycles
correlation-fio-randwrite-cores1,pcm_cha,drd_occ_agg,SKT0C8,5,191558.0,occupancy_cycles
correlation-fio-randwrite-cores1,pcm_cha,drd_occ_agg,SKT0C8,6,159219.0,occupancy_cycles
correlation-fio-randwrite-cores1,pcm_cha,drd_occ_agg,SKT0C8,7,185312.0,occupancy_cycles
correlation-fio-randwrite-cores1,pcm_cha,drd_occ_agg,SKT0C8,8,168062.0,occupancy_cycles
correlation-fio-randwrite-cores1,pcm_cha,drd_occ_agg,SKT0C8,9,174319.0,occupancy_cycles
correlation-fio-randwrite-cores1,pcm_cha,drd_occ_agg,SKT0C8,10,181896.0,occupancy_cycles
correlation-fio-randwrite-cores1,pcm_cha,drd_occ_agg,SKT0C8,11,202200.0,occupancy_cycles
correlation-fio-randwrite-cores1,pcm_cha,drd_occ_agg,SKT0C8,12,157163.0,occupancy_cycles
correlation-fio-randwrite-cores1,pcm_cha,drd_occ_agg,SKT0C8,13,187681.0,occupancy_cycles
correlation-fio-randwrite-cores1,pcm_cha,drd_occ_agg,SKT0C8,14,167055.0,occupancy_cycles
correlation-fio-randwrite-cores1,pcm_cha,drd_occ_agg,SKT0C8,15,188372.0,occupancy_cycles
correlation-fio-randwrite-cores1,pcm_cha,drd_occ_agg,SKT0C8,16,197387.0,occupancy_cycles
correlation-fio-randwrite-cores1,pcm_cha,drd_occ_agg,SKT0C8,17,261131.0,occupancy_cycles
correlation-fio-randwrite-cores1,pcm_cha,drd_occ_agg,SKT0C8,18,190135.0,occupancy_cycles
correlation-fio-randwrite-cores1,pcm_cha,drd_occ_agg,SKT0C8,19,177768.0,occupancy_cycles
correlation-fio-randwrite-cores1,pcm_cha,drd_occ_agg,SKT0C8,20,205424.0,occupancy_cycles
correlation-fio-randwrite-cores1,pcm_cha,drd_occ_agg,SKT0C8,21,172210.0,occupancy_cycles
correlation-fio-randwrite-cores1,pcm_cha,drd_occ_agg,SKT0C8,22,181545.0,occupancy_cycles
correlation-fio-randwrite-cores1,pcm_cha,drd_occ_agg,SKT0C8,23,199454.0,occupancy_cycles
correlation-fio-randwrite-cores1,pcm_cha,drd_occ_agg,SKT0C8,24,166554.0,occupancy_cycles
correlation-fio-randwrite-cores1,pcm_cha,drd_occ_agg,SKT0C8,25,157328.0,occupancy_cycles
correlation-fio-randwrite-cores1,pcm_cha,drd_occ_agg,SKT0C8,26,169468.0,occupancy_cycles
correlation-fio-randwrite-cores1,pcm_cha,drd_occ_agg,SKT0C8,27,186776.0,occupancy_cycles
correlation-fio-randwrite-cores1,pcm_cha,drd_occ_agg,SKT0C8,28,172345.0,occupancy_cycles
correlation-fio-randwrite-cores1,pcm_cha,drd_occ_agg,SKT0C8,29,186436.0,occupancy_cycles
correlation-fio-randwrite-cores1,pcm_cha,drd_occ_agg,SKT0C8,30,189586.0,occupancy_cycles
correlation-fio-randwrite-cores1,pcm_cha,drd_occ_agg,SKT0C8,31,204015.0,occupancy_cycles
correlation-fio-randwrite-cores1,pcm_cha,drd_occ_agg,SKT0C8,32,184493.0,occupancy_cycles
correlation-fio-randwrite-cores1,pcm_cha,drd_occ_agg,SKT0C8,33,181295.0,occupancy_cycles
correlation-fio-randwrite-cores1,pcm_cha,drd_occ_agg,SKT0C8,34,174212.0,occupancy_cycles
correlation-fio-randwrite-cores1,pcm_cha,drd_occ_agg,SKT0C8,35,170323.0,occupancy_cycles
correlation-fio-randwrite-cores1,pcm_cha,drd_occ_agg,SKT0C8,36,162869.0,occupancy_cycles
correlation-fio-randwrite-cores1,pcm_cha,drd_occ_agg,SKT0C8,37,159401.0,occupancy_cycles
correlation-fio-randwrite-cores1,pcm_cha,drd_occ_agg,SKT0C8,38,187705.0,occupancy_cycles
correlation-fio-randwrite-cores1,pcm_cha,drd_occ_agg,SKT0C8,39,561948.0,occupancy_cycles
correlation-fio-randwrite-cores1,pcm_cha,drd_occ_agg,SKT0C8,40,356674.0,occupancy_cycles
correlation-fio-randwrite-cores1,pcm_cha,drd_occ_agg,SKT0C8,41,561101.0,occupancy_cycles
correlation-fio-randwrite-cores1,pcm_cha,drd_occ_agg,SKT0C8,42,267238.0,occupancy_cycles
correlation-fio-randwrite-cores1,pcm_cha,drd_occ_agg,SKT0C8,43,180798.0,occupancy_cycles
correlation-fio-randwrite-cores1,pcm_cha,drd_occ_agg,SKT0C8,44,184566.0,occupancy_cycles
correlation-fio-randwrite-cores1,pcm_cha,drd_occ_agg,SKT0C8,45,176375.0,occupancy_cycles
correlation-fio-randwrite-cores1,pcm_cha,drd_occ_agg,SKT0C8,46,191741.0,occupancy_cycles
correlation-fio-randwrite-cores1,pcm_cha,drd_occ_agg,SKT0C8,47,192072.0,occupancy_cycles
correlation-fio-randwrite-cores1,pcm_cha,drd_occ_agg,SKT0C8,48,161673.0,occupancy_cycles
correlation-fio-randwrite-cores1,pcm_cha,drd_occ_agg,SKT0C8,49,187493.0,occupancy_cycles
correlation-fio-randwrite-cores1,pcm_cha,drd_occ_agg,SKT0C8,50,215887.0,occupancy_cycles
correlation-fio-randwrite-cores1,pcm_cha,drd_occ_agg,SKT0C8,51,159346.0,occupancy_cycles
correlation-fio-randwrite-cores1,pcm_cha,drd_occ_agg,SKT0C8,52,167531.0,occupancy_cycles
correlation-fio-randwrite-cores1,pcm_cha,drd_occ_agg,SKT0C8,53,161732.0,occupancy_cycles
correlation-fio-randwrite-cores1,pcm_cha,drd_occ_agg,SKT0C8,54,175032.0,occupancy_cycles
correlation-fio-randwrite-cores1,pcm_cha,drd_occ_agg,SKT0C8,55,205555.0,occupancy_cycles
correlation-fio-randwrite-cores1,pcm_cha,drd_occ_agg,SKT0C8,56,172348.0,occupancy_cycles
correlation-fio-randwrite-cores1,pcm_cha,drd_occ_agg,SKT0C8,57,170570.0,occupancy_cycles
correlation-fio-randwrite-cores1,pcm_cha,drd_occ_agg,SKT0C8,58,173098.0,occupancy_cycles
correlation-fio-randwrite-cores1,pcm_cha,drd_occ_agg,SKT0C8,59,193696.0,occupancy_cycles
correlation-fio-randwrite-cores1,pcm_cha,drd_occ_agg,SKT0C9,0,692762.0,occupancy_cycles
correlation-fio-randwrite-cores1,pcm_cha,drd_occ_agg,SKT0C9,1,261403.0,occupancy_cycles
correlation-fio-randwrite-cores1,pcm_cha,drd_occ_agg,SKT0C9,2,198726.0,occupancy_cycles
correlation-fio-randwrite-cores1,pcm_cha,drd_occ_agg,SKT0C9,3,210177.0,occupancy_cycles
correlation-fio-randwrite-cores1,pcm_cha,drd_occ_agg,SKT0C9,4,205418.0,occupancy_cycles
correlation-fio-randwrite-cores1,pcm_cha,drd_occ_agg,SKT0C9,5,215997.0,occupancy_cycles
correlation-fio-randwrite-cores1,pcm_cha,drd_occ_agg,SKT0C9,6,189644.0,occupancy_cycles
correlation-fio-randwrite-cores1,pcm_cha,drd_occ_agg,SKT0C9,7,219947.0,occupancy_cycles
correlation-fio-randwrite-cores1,pcm_cha,drd_occ_agg,SKT0C9,8,194099.0,occupancy_cycles
correlation-fio-randwrite-cores1,pcm_cha,drd_occ_agg,SKT0C9,9,197162.0,occupancy_cycles
correlation-fio-randwrite-cores1,pcm_cha,drd_occ_agg,SKT0C9,10,204626.0,occupancy_cycles
correlation-fio-randwrite-cores1,pcm_cha,drd_occ_agg,SKT0C9,11,227000.0,occupancy_cycles
correlation-fio-randwrite-cores1,pcm_cha,drd_occ_agg,SKT0C9,12,183089.0,occupancy_cycles
correlation-fio-randwrite-cores1,pcm_cha,drd_occ_agg,SKT0C9,13,215521.0,occupancy_cycles
correlation-fio-randwrite-cores1,pcm_cha,drd_occ_agg,SKT0C9,14,200521.0,occupancy_cycles
correlation-fio-randwrite-cores1,pcm_cha,drd_occ_agg,SKT0C9,15,214522.0,occupancy_cycles
correlation-fio-randwrite-cores1,pcm_cha,drd_occ_agg,SKT0C9,16,227549.0,occupancy_cycles
correlation-fio-randwrite-cores1,pcm_cha,drd_occ_agg,SKT0C9,17,288002.0,occupancy_cycles
correlation-fio-randwrite-cores1,pcm_cha,drd_occ_agg,SKT0C9,18,212539.0,occupancy_cycles
correlation-fio-randwrite-cores1,pcm_cha,drd_occ_agg,SKT0C9,19,204699.0,occupancy_cycles
correlation-fio-randwrite-cores1,pcm_cha,drd_occ_agg,SKT0C9,20,235014.0,occupancy_cycles
correlation-fio-randwrite-cores1,pcm_cha,drd_occ_agg,SKT0C9,21,197624.0,occupancy_cycles
correlation-fio-randwrite-cores1,pcm_cha,drd_occ_agg,SKT0C9,22,205329.0,occupancy_cycles
correlation-fio-randwrite-cores1,pcm_cha,drd_occ_agg,SKT0C9,23,233588.0,occupancy_cycles
correlation-fio-randwrite-cores1,pcm_cha,drd_occ_agg,SKT0C9,24,195980.0,occupancy_cycles
correlation-fio-randwrite-cores1,pcm_cha,drd_occ_agg,SKT0C9,25,186643.0,occupancy_cycles
correlation-fio-randwrite-cores1,pcm_cha,drd_occ_agg,SKT0C9,26,195466.0,occupancy_cycles
correlation-fio-randwrite-cores1,pcm_cha,drd_occ_agg,SKT0C9,27,210814.0,occupancy_cycles
correlation-fio-randwrite-cores1,pcm_cha,drd_occ_agg,SKT0C9,28,199422.0,occupancy_cycles
correlation-fio-randwrite-cores1,pcm_cha,drd_occ_agg,SKT0C9,29,206664.0,occupancy_cycles
correlation-fio-randwrite-cores1,pcm_cha,drd_occ_agg,SKT0C9,30,215735.0,occupancy_cycles
correlation-fio-randwrite-cores1,pcm_cha,drd_occ_agg,SKT0C9,31,232077.0,occupancy_cycles
correlation-fio-randwrite-cores1,pcm_cha,drd_occ_agg,SKT0C9,32,207330.0,occupancy_cycles
correlation-fio-randwrite-cores1,pcm_cha,drd_occ_agg,SKT0C9,33,208095.0,occupancy_cycles
correlation-fio-randwrite-cores1,pcm_cha,drd_occ_agg,SKT0C9,34,201019.0,occupancy_cycles
correlation-fio-randwrite-cores1,pcm_cha,drd_occ_agg,SKT0C9,35,196982.0,occupancy_cycles
correlation-fio-randwrite-cores1,pcm_cha,drd_occ_agg,SKT0C9,36,193940.0,occupancy_cycles
correlation-fio-randwrite-cores1,pcm_cha,drd_occ_agg,SKT0C9,37,192353.0,occupancy_cycles
correlation-fio-randwrite-cores1,pcm_cha,drd_occ_agg,SKT0C9,38,218061.0,occupancy_cycles
correlation-fio-randwrite-cores1,pcm_cha,drd_occ_agg,SKT0C9,39,598362.0,occupancy_cycles
correlation-fio-randwrite-cores1,pcm_cha,drd_occ_agg,SKT0C9,40,398076.0,occupancy_cycles
correlation-fio-randwrite-cores1,pcm_cha,drd_occ_agg,SKT0C9,41,602651.0,occupancy_cycles
correlation-fio-randwrite-cores1,pcm_cha,drd_occ_agg,SKT0C9,42,297045.0,occupancy_cycles
correlation-fio-randwrite-cores1,pcm_cha,drd_occ_agg,SKT0C9,43,201789.0,occupancy_cycles
correlation-fio-randwrite-cores1,pcm_cha,drd_occ_agg,SKT0C9,44,206739.0,occupancy_cycles
correlation-fio-randwrite-cores1,pcm_cha,drd_occ_agg,SKT0C9,45,197682.0,occupancy_cycles
correlation-fio-randwrite-cores1,pcm_cha,drd_occ_agg,SKT0C9,46,216639.0,occupancy_cycles
correlation-fio-randwrite-cores1,pcm_cha,drd_occ_agg,SKT0C9,47,214521.0,occupancy_cycles
correlation-fio-randwrite-cores1,pcm_cha,drd_occ_agg,SKT0C9,48,192886.0,occupancy_cycles
correlation-fio-randwrite-cores1,pcm_cha,drd_occ_agg,SKT0C9,49,216079.0,occupancy_cycles
correlation-fio-randwrite-cores1,pcm_cha,drd_occ_agg,SKT0C9,50,242140.0,occupancy_cycles
correlation-fio-randwrite-cores1,pcm_cha,drd_occ_agg,SKT0C9,51,182344.0,occupancy_cycles
correlation-fio-randwrite-cores1,pcm_cha,drd_occ_agg,SKT0C9,52,192227.0,occupancy_cycles
correlation-fio-randwrite-cores1,pcm_cha,drd_occ_agg,SKT0C9,53,181339.0,occupancy_cycles
correlation-fio-randwrite-cores1,pcm_cha,drd_occ_agg,SKT0C9,54,202449.0,occupancy_cycles
correlation-fio-randwrite-cores1,pcm_cha,drd_occ_agg,SKT0C9,55,233797.0,occupancy_cycles
correlation-fio-randwrite-cores1,pcm_cha,drd_occ_agg,SKT0C9,56,201218.0,occupancy_cycles
correlation-fio-randwrite-cores1,pcm_cha,drd_occ_agg,SKT0C9,57,192369.0,occupancy_cycles
correlation-fio-randwrite-cores1,pcm_cha,drd_occ_agg,SKT0C9,58,189462.0,occupancy_cycles
correlation-fio-randwrite-cores1,pcm_cha,drd_occ_agg,SKT0C9,59,221133.0,occupancy_cycles
correlation-fio-randwrite-cores1,pcm_cha,drd_occ_agg,SKT0C10,0,629819.0,occupancy_cycles
correlation-fio-randwrite-cores1,pcm_cha,drd_occ_agg,SKT0C10,1,230771.0,occupancy_cycles
correlation-fio-randwrite-cores1,pcm_cha,drd_occ_agg,SKT0C10,2,170456.0,occupancy_cycles
correlation-fio-randwrite-cores1,pcm_cha,drd_occ_agg,SKT0C10,3,192535.0,occupancy_cycles
correlation-fio-randwrite-cores1,pcm_cha,drd_occ_agg,SKT0C10,4,184987.0,occupancy_cycles
correlation-fio-randwrite-cores1,pcm_cha,drd_occ_agg,SKT0C10,5,192733.0,occupancy_cycles
correlation-fio-randwrite-cores1,pcm_cha,drd_occ_agg,SKT0C10,6,156879.0,occupancy_cycles
correlation-fio-randwrite-cores1,pcm_cha,drd_occ_agg,SKT0C10,7,195608.0,occupancy_cycles
correlation-fio-randwrite-cores1,pcm_cha,drd_occ_agg,SKT0C10,8,172196.0,occupancy_cycles
correlation-fio-randwrite-cores1,pcm_cha,drd_occ_agg,SKT0C10,9,185371.0,occupancy_cycles
correlation-fio-randwrite-cores1,pcm_cha,drd_occ_agg,SKT0C10,10,182694.0,occupancy_cycles
correlation-fio-randwrite-cores1,pcm_cha,drd_occ_agg,SKT0C10,11,207390.0,occupancy_cycles
correlation-fio-randwrite-cores1,pcm_cha,drd_occ_agg,SKT0C10,12,164787.0,occupancy_cycles
correlation-fio-randwrite-cores1,pcm_cha,drd_occ_agg,SKT0C10,13,195493.0,occupancy_cycles
correlation-fio-randwrite-cores1,pcm_cha,drd_occ_agg,SKT0C10,14,180046.0,occupancy_cycles
correlation-fio-randwrite-cores1,pcm_cha,drd_occ_agg,SKT0C10,15,187615.0,occupancy_cycles
correlation-fio-randwrite-cores1,pcm_cha,drd_occ_agg,SKT0C10,16,194203.0,occupancy_cycles
correlation-fio-randwrite-cores1,pcm_cha,drd_occ_agg,SKT0C10,17,255772.0,occupancy_cycles
correlation-fio-randwrite-cores1,pcm_cha,drd_occ_agg,SKT0C10,18,194212.0,occupancy_cycles
correlation-fio-randwrite-cores1,pcm_cha,drd_occ_agg,SKT0C10,19,188587.0,occupancy_cycles
correlation-fio-randwrite-cores1,pcm_cha,drd_occ_agg,SKT0C10,20,208518.0,occupancy_cycles
correlation-fio-randwrite-cores1,pcm_cha,drd_occ_agg,SKT0C10,21,172624.0,occupancy_cycles
correlation-fio-randwrite-cores1,pcm_cha,drd_occ_agg,SKT0C10,22,183419.0,occupancy_cycles
correlation-fio-randwrite-cores1,pcm_cha,drd_occ_agg,SKT0C10,23,210679.0,occupancy_cycles
correlation-fio-randwrite-cores1,pcm_cha,drd_occ_agg,SKT0C10,24,177748.0,occupancy_cycles
correlation-fio-randwrite-cores1,pcm_cha,drd_occ_agg,SKT0C10,25,166245.0,occupancy_cycles
correlation-fio-randwrite-cores1,pcm_cha,drd_occ_agg,SKT0C10,26,173700.0,occupancy_cycles
correlation-fio-randwrite-cores1,pcm_cha,drd_occ_agg,SKT0C10,27,187584.0,occupancy_cycles
correlation-fio-randwrite-cores1,pcm_cha,drd_occ_agg,SKT0C10,28,177312.0,occupancy_cycles
correlation-fio-randwrite-cores1,pcm_cha,drd_occ_agg,SKT0C10,29,198400.0,occupancy_cycles
correlation-fio-randwrite-cores1,pcm_cha,drd_occ_agg,SKT0C10,30,195725.0,occupancy_cycles
correlation-fio-randwrite-cores1,pcm_cha,drd_occ_agg,SKT0C10,31,209579.0,occupancy_cycles
correlation-fio-randwrite-cores1,pcm_cha,drd_occ_agg,SKT0C10,32,179858.0,occupancy_cycles
correlation-fio-randwrite-cores1,pcm_cha,drd_occ_agg,SKT0C10,33,184593.0,occupancy_cycles
correlation-fio-randwrite-cores1,pcm_cha,drd_occ_agg,SKT0C10,34,185417.0,occupancy_cycles
correlation-fio-randwrite-cores1,pcm_cha,drd_occ_agg,SKT0C10,35,187628.0,occupancy_cycles
correlation-fio-randwrite-cores1,pcm_cha,drd_occ_agg,SKT0C10,36,177180.0,occupancy_cycles
correlation-fio-randwrite-cores1,pcm_cha,drd_occ_agg,SKT0C10,37,170619.0,occupancy_cycles
correlation-fio-randwrite-cores1,pcm_cha,drd_occ_agg,SKT0C10,38,201579.0,occupancy_cycles
correlation-fio-randwrite-cores1,pcm_cha,drd_occ_agg,SKT0C10,39,563806.0,occupancy_cycles
correlation-fio-randwrite-cores1,pcm_cha,drd_occ_agg,SKT0C10,40,364010.0,occupancy_cycles
correlation-fio-randwrite-cores1,pcm_cha,drd_occ_agg,SKT0C10,41,570520.0,occupancy_cycles
correlation-fio-randwrite-cores1,pcm_cha,drd_occ_agg,SKT0C10,42,276071.0,occupancy_cycles
correlation-fio-randwrite-cores1,pcm_cha,drd_occ_agg,SKT0C10,43,188257.0,occupancy_cycles
correlation-fio-randwrite-cores1,pcm_cha,drd_occ_agg,SKT0C10,44,193149.0,occupancy_cycles
correlation-fio-randwrite-cores1,pcm_cha,drd_occ_agg,SKT0C10,45,180640.0,occupancy_cycles
correlation-fio-randwrite-cores1,pcm_cha,drd_occ_agg,SKT0C10,46,195341.0,occupancy_cycles
correlation-fio-randwrite-cores1,pcm_cha,drd_occ_agg,SKT0C10,47,193062.0,occupancy_cycles
correlation-fio-randwrite-cores1,pcm_cha,drd_occ_agg,SKT0C10,48,165345.0,occupancy_cycles
correlation-fio-randwrite-cores1,pcm_cha,drd_occ_agg,SKT0C10,49,189352.0,occupancy_cycles
correlation-fio-randwrite-cores1,pcm_cha,drd_occ_agg,SKT0C10,50,222547.0,occupancy_cycles
correlation-fio-randwrite-cores1,pcm_cha,drd_occ_agg,SKT0C10,51,163872.0,occupancy_cycles
correlation-fio-randwrite-cores1,pcm_cha,drd_occ_agg,SKT0C10,52,171108.0,occupancy_cycles
correlation-fio-randwrite-cores1,pcm_cha,drd_occ_agg,SKT0C10,53,166748.0,occupancy_cycles
correlation-fio-randwrite-cores1,pcm_cha,drd_occ_agg,SKT0C10,54,178683.0,occupancy_cycles
correlation-fio-randwrite-cores1,pcm_cha,drd_occ_agg,SKT0C10,55,208182.0,occupancy_cycles
correlation-fio-randwrite-cores1,pcm_cha,drd_occ_agg,SKT0C10,56,176970.0,occupancy_cycles
correlation-fio-randwrite-cores1,pcm_cha,drd_occ_agg,SKT0C10,57,174162.0,occupancy_cycles
correlation-fio-randwrite-cores1,pcm_cha,drd_occ_agg,SKT0C10,58,174351.0,occupancy_cycles
correlation-fio-randwrite-cores1,pcm_cha,drd_occ_agg,SKT0C10,59,203915.0,occupancy_cycles
correlation-fio-randwrite-cores1,pcm_cha,drd_occ_agg,SKT0C11,0,667273.0,occupancy_cycles
correlation-fio-randwrite-cores1,pcm_cha,drd_occ_agg,SKT0C11,1,248805.0,occupancy_cycles
correlation-fio-randwrite-cores1,pcm_cha,drd_occ_agg,SKT0C11,2,191236.0,occupancy_cycles
correlation-fio-randwrite-cores1,pcm_cha,drd_occ_agg,SKT0C11,3,204675.0,occupancy_cycles
correlation-fio-randwrite-cores1,pcm_cha,drd_occ_agg,SKT0C11,4,199801.0,occupancy_cycles
correlation-fio-randwrite-cores1,pcm_cha,drd_occ_agg,SKT0C11,5,210619.0,occupancy_cycles
correlation-fio-randwrite-cores1,pcm_cha,drd_occ_agg,SKT0C11,6,180552.0,occupancy_cycles
correlation-fio-randwrite-cores1,pcm_cha,drd_occ_agg,SKT0C11,7,208861.0,occupancy_cycles
correlation-fio-randwrite-cores1,pcm_cha,drd_occ_agg,SKT0C11,8,192289.0,occupancy_cycles
correlation-fio-randwrite-cores1,pcm_cha,drd_occ_agg,SKT0C11,9,192163.0,occupancy_cycles
correlation-fio-randwrite-cores1,pcm_cha,drd_occ_agg,SKT0C11,10,203804.0,occupancy_cycles
correlation-fio-randwrite-cores1,pcm_cha,drd_occ_agg,SKT0C11,11,222132.0,occupancy_cycles
correlation-fio-randwrite-cores1,pcm_cha,drd_occ_agg,SKT0C11,12,173202.0,occupancy_cycles
correlation-fio-randwrite-cores1,pcm_cha,drd_occ_agg,SKT0C11,13,210976.0,occupancy_cycles
correlation-fio-randwrite-cores1,pcm_cha,drd_occ_agg,SKT0C11,14,196819.0,occupancy_cycles
correlation-fio-randwrite-cores1,pcm_cha,drd_occ_agg,SKT0C11,15,213454.0,occupancy_cycles
correlation-fio-randwrite-cores1,pcm_cha,drd_occ_agg,SKT0C11,16,222407.0,occupancy_cycles
correlation-fio-randwrite-cores1,pcm_cha,drd_occ_agg,SKT0C11,17,288542.0,occupancy_cycles
correlation-fio-randwrite-cores1,pcm_cha,drd_occ_agg,SKT0C11,18,217525.0,occupancy_cycles
correlation-fio-randwrite-cores1,pcm_cha,drd_occ_agg,SKT0C11,19,203485.0,occupancy_cycles
correlation-fio-randwrite-cores1,pcm_cha,drd_occ_agg,SKT0C11,20,230284.0,occupancy_cycles
correlation-fio-randwrite-cores1,pcm_cha,drd_occ_agg,SKT0C11,21,196704.0,occupancy_cycles
correlation-fio-randwrite-cores1,pcm_cha,drd_occ_agg,SKT0C11,22,213117.0,occupancy_cycles
correlation-fio-randwrite-cores1,pcm_cha,drd_occ_agg,SKT0C11,23,220653.0,occupancy_cycles
correlation-fio-randwrite-cores1,pcm_cha,drd_occ_agg,SKT0C11,24,187241.0,occupancy_cycles
correlation-fio-randwrite-cores1,pcm_cha,drd_occ_agg,SKT0C11,25,181370.0,occupancy_cycles
correlation-fio-randwrite-cores1,pcm_cha,drd_occ_agg,SKT0C11,26,191441.0,occupancy_cycles
correlation-fio-randwrite-cores1,pcm_cha,drd_occ_agg,SKT0C11,27,208352.0,occupancy_cycles
correlation-fio-randwrite-cores1,pcm_cha,drd_occ_agg,SKT0C11,28,202393.0,occupancy_cycles
correlation-fio-randwrite-cores1,pcm_cha,drd_occ_agg,SKT0C11,29,212344.0,occupancy_cycles
correlation-fio-randwrite-cores1,pcm_cha,drd_occ_agg,SKT0C11,30,216326.0,occupancy_cycles
correlation-fio-randwrite-cores1,pcm_cha,drd_occ_agg,SKT0C11,31,227918.0,occupancy_cycles
correlation-fio-randwrite-cores1,pcm_cha,drd_occ_agg,SKT0C11,32,203489.0,occupancy_cycles
correlation-fio-randwrite-cores1,pcm_cha,drd_occ_agg,SKT0C11,33,200141.0,occupancy_cycles
correlation-fio-randwrite-cores1,pcm_cha,drd_occ_agg,SKT0C11,34,195450.0,occupancy_cycles
correlation-fio-randwrite-cores1,pcm_cha,drd_occ_agg,SKT0C11,35,191320.0,occupancy_cycles
correlation-fio-randwrite-cores1,pcm_cha,drd_occ_agg,SKT0C11,36,184775.0,occupancy_cycles
correlation-fio-randwrite-cores1,pcm_cha,drd_occ_agg,SKT0C11,37,182915.0,occupancy_cycles
correlation-fio-randwrite-cores1,pcm_cha,drd_occ_agg,SKT0C11,38,216544.0,occupancy_cycles
correlation-fio-randwrite-cores1,pcm_cha,drd_occ_agg,SKT0C11,39,596736.0,occupancy_cycles
correlation-fio-randwrite-cores1,pcm_cha,drd_occ_agg,SKT0C11,40,381180.0,occupancy_cycles
correlation-fio-randwrite-cores1,pcm_cha,drd_occ_agg,SKT0C11,41,593292.0,occupancy_cycles
correlation-fio-randwrite-cores1,pcm_cha,drd_occ_agg,SKT0C11,42,298332.0,occupancy_cycles
correlation-fio-randwrite-cores1,pcm_cha,drd_occ_agg,SKT0C11,43,200587.0,occupancy_cycles
correlation-fio-randwrite-cores1,pcm_cha,drd_occ_agg,SKT0C11,44,204550.0,occupancy_cycles
correlation-fio-randwrite-cores1,pcm_cha,drd_occ_agg,SKT0C11,45,192475.0,occupancy_cycles
correlation-fio-randwrite-cores1,pcm_cha,drd_occ_agg,SKT0C11,46,212552.0,occupancy_cycles
correlation-fio-randwrite-cores1,pcm_cha,drd_occ_agg,SKT0C11,47,210905.0,occupancy_cycles
correlation-fio-randwrite-cores1,pcm_cha,drd_occ_agg,SKT0C11,48,175698.0,occupancy_cycles
correlation-fio-randwrite-cores1,pcm_cha,drd_occ_agg,SKT0C11,49,202686.0,occupancy_cycles
correlation-fio-randwrite-cores1,pcm_cha,drd_occ_agg,SKT0C11,50,239328.0,occupancy_cycles
correlation-fio-randwrite-cores1,pcm_cha,drd_occ_agg,SKT0C11,51,185605.0,occupancy_cycles
correlation-fio-randwrite-cores1,pcm_cha,drd_occ_agg,SKT0C11,52,189393.0,occupancy_cycles
correlation-fio-randwrite-cores1,pcm_cha,drd_occ_agg,SKT0C11,53,188427.0,occupancy_cycles
correlation-fio-randwrite-cores1,pcm_cha,drd_occ_agg,SKT0C11,54,198797.0,occupancy_cycles
correlation-fio-randwrite-cores1,pcm_cha,drd_occ_agg,SKT0C11,55,235646.0,occupancy_cycles
correlation-fio-randwrite-cores1,pcm_cha,drd_occ_agg,SKT0C11,56,194066.0,occupancy_cycles
correlation-fio-randwrite-cores1,pcm_cha,drd_occ_agg,SKT0C11,57,198767.0,occupancy_cycles
correlation-fio-randwrite-cores1,pcm_cha,drd_occ_agg,SKT0C11,58,198320.0,occupancy_cycles
correlation-fio-randwrite-cores1,pcm_cha,drd_occ_agg,SKT0C11,59,223043.0,occupancy_cycles
correlation-fio-randwrite-cores1,pcm_cha,drd_occ_agg,SKT0C12,0,577684.0,occupancy_cycles
correlation-fio-randwrite-cores1,pcm_cha,drd_occ_agg,SKT0C12,1,214597.0,occupancy_cycles
correlation-fio-randwrite-cores1,pcm_cha,drd_occ_agg,SKT0C12,2,155716.0,occupancy_cycles
correlation-fio-randwrite-cores1,pcm_cha,drd_occ_agg,SKT0C12,3,176157.0,occupancy_cycles
correlation-fio-randwrite-cores1,pcm_cha,drd_occ_agg,SKT0C12,4,167046.0,occupancy_cycles
correlation-fio-randwrite-cores1,pcm_cha,drd_occ_agg,SKT0C12,5,176744.0,occupancy_cycles
correlation-fio-randwrite-cores1,pcm_cha,drd_occ_agg,SKT0C12,6,146347.0,occupancy_cycles
correlation-fio-randwrite-cores1,pcm_cha,drd_occ_agg,SKT0C12,7,178182.0,occupancy_cycles
correlation-fio-randwrite-cores1,pcm_cha,drd_occ_agg,SKT0C12,8,160812.0,occupancy_cycles
correlation-fio-randwrite-cores1,pcm_cha,drd_occ_agg,SKT0C12,9,161440.0,occupancy_cycles
correlation-fio-randwrite-cores1,pcm_cha,drd_occ_agg,SKT0C12,10,166780.0,occupancy_cycles
correlation-fio-randwrite-cores1,pcm_cha,drd_occ_agg,SKT0C12,11,199080.0,occupancy_cycles
correlation-fio-randwrite-cores1,pcm_cha,drd_occ_agg,SKT0C12,12,146194.0,occupancy_cycles
correlation-fio-randwrite-cores1,pcm_cha,drd_occ_agg,SKT0C12,13,180850.0,occupancy_cycles
correlation-fio-randwrite-cores1,pcm_cha,drd_occ_agg,SKT0C12,14,164249.0,occupancy_cycles
correlation-fio-randwrite-cores1,pcm_cha,drd_occ_agg,SKT0C12,15,172651.0,occupancy_cycles
correlation-fio-randwrite-cores1,pcm_cha,drd_occ_agg,SKT0C12,16,180385.0,occupancy_cycles
correlation-fio-randwrite-cores1,pcm_cha,drd_occ_agg,SKT0C12,17,238906.0,occupancy_cycles
correlation-fio-randwrite-cores1,pcm_cha,drd_occ_agg,SKT0C12,18,174767.0,occupancy_cycles
correlation-fio-randwrite-cores1,pcm_cha,drd_occ_agg,SKT0C12,19,172434.0,occupancy_cycles
correlation-fio-randwrite-cores1,pcm_cha,drd_occ_agg,SKT0C12,20,186622.0,occupancy_cycles
correlation-fio-randwrite-cores1,pcm_cha,drd_occ_agg,SKT0C12,21,154478.0,occupancy_cycles
correlation-fio-randwrite-cores1,pcm_cha,drd_occ_agg,SKT0C12,22,171794.0,occupancy_cycles
correlation-fio-randwrite-cores1,pcm_cha,drd_occ_agg,SKT0C12,23,189120.0,occupancy_cycles
correlation-fio-randwrite-cores1,pcm_cha,drd_occ_agg,SKT0C12,24,159532.0,occupancy_cycles
correlation-fio-randwrite-cores1,pcm_cha,drd_occ_agg,SKT0C12,25,152469.0,occupancy_cycles
correlation-fio-randwrite-cores1,pcm_cha,drd_occ_agg,SKT0C12,26,156914.0,occupancy_cycles
correlation-fio-randwrite-cores1,pcm_cha,drd_occ_agg,SKT0C12,27,176243.0,occupancy_cycles
correlation-fio-randwrite-cores1,pcm_cha,drd_occ_agg,SKT0C12,28,160611.0,occupancy_cycles
correlation-fio-randwrite-cores1,pcm_cha,drd_occ_agg,SKT0C12,29,172200.0,occupancy_cycles
correlation-fio-randwrite-cores1,pcm_cha,drd_occ_agg,SKT0C12,30,179524.0,occupancy_cycles
correlation-fio-randwrite-cores1,pcm_cha,drd_occ_agg,SKT0C12,31,193517.0,occupancy_cycles
correlation-fio-randwrite-cores1,pcm_cha,drd_occ_agg,SKT0C12,32,165175.0,occupancy_cycles
correlation-fio-randwrite-cores1,pcm_cha,drd_occ_agg,SKT0C12,33,162955.0,occupancy_cycles
correlation-fio-randwrite-cores1,pcm_cha,drd_occ_agg,SKT0C12,34,166907.0,occupancy_cycles
correlation-fio-randwrite-cores1,pcm_cha,drd_occ_agg,SKT0C12,35,164414.0,occupancy_cycles
correlation-fio-randwrite-cores1,pcm_cha,drd_occ_agg,SKT0C12,36,154970.0,occupancy_cycles
correlation-fio-randwrite-cores1,pcm_cha,drd_occ_agg,SKT0C12,37,147820.0,occupancy_cycles
correlation-fio-randwrite-cores1,pcm_cha,drd_occ_agg,SKT0C12,38,179131.0,occupancy_cycles
correlation-fio-randwrite-cores1,pcm_cha,drd_occ_agg,SKT0C12,39,531972.0,occupancy_cycles
correlation-fio-randwrite-cores1,pcm_cha,drd_occ_agg,SKT0C12,40,346294.0,occupancy_cycles
correlation-fio-randwrite-cores1,pcm_cha,drd_occ_agg,SKT0C12,41,520516.0,occupancy_cycles
correlation-fio-randwrite-cores1,pcm_cha,drd_occ_agg,SKT0C12,42,248506.0,occupancy_cycles
correlation-fio-randwrite-cores1,pcm_cha,drd_occ_agg,SKT0C12,43,165701.0,occupancy_cycles
correlation-fio-randwrite-cores1,pcm_cha,drd_occ_agg,SKT0C12,44,171921.0,occupancy_cycles
correlation-fio-randwrite-cores1,pcm_cha,drd_occ_agg,SKT0C12,45,158703.0,occupancy_cycles
correlation-fio-randwrite-cores1,pcm_cha,drd_occ_agg,SKT0C12,46,180312.0,occupancy_cycles
correlation-fio-randwrite-cores1,pcm_cha,drd_occ_agg,SKT0C12,47,175695.0,occupancy_cycles
correlation-fio-randwrite-cores1,pcm_cha,drd_occ_agg,SKT0C12,48,147054.0,occupancy_cycles
correlation-fio-randwrite-cores1,pcm_cha,drd_occ_agg,SKT0C12,49,172547.0,occupancy_cycles
correlation-fio-randwrite-cores1,pcm_cha,drd_occ_agg,SKT0C12,50,197389.0,occupancy_cycles
correlation-fio-randwrite-cores1,pcm_cha,drd_occ_agg,SKT0C12,51,149819.0,occupancy_cycles
correlation-fio-randwrite-cores1,pcm_cha,drd_occ_agg,SKT0C12,52,153732.0,occupancy_cycles
correlation-fio-randwrite-cores1,pcm_cha,drd_occ_agg,SKT0C12,53,151595.0,occupancy_cycles
correlation-fio-randwrite-cores1,pcm_cha,drd_occ_agg,SKT0C12,54,164895.0,occupancy_cycles
correlation-fio-randwrite-cores1,pcm_cha,drd_occ_agg,SKT0C12,55,197162.0,occupancy_cycles
correlation-fio-randwrite-cores1,pcm_cha,drd_occ_agg,SKT0C12,56,164372.0,occupancy_cycles
correlation-fio-randwrite-cores1,pcm_cha,drd_occ_agg,SKT0C12,57,161294.0,occupancy_cycles
correlation-fio-randwrite-cores1,pcm_cha,drd_occ_agg,SKT0C12,58,158725.0,occupancy_cycles
correlation-fio-randwrite-cores1,pcm_cha,drd_occ_agg,SKT0C12,59,183776.0,occupancy_cycles
correlation-fio-randwrite-cores1,pcm_cha,drd_occ_agg,SKT0C13,0,582707.0,occupancy_cycles
correlation-fio-randwrite-cores1,pcm_cha,drd_occ_agg,SKT0C13,1,213814.0,occupancy_cycles
correlation-fio-randwrite-cores1,pcm_cha,drd_occ_agg,SKT0C13,2,159637.0,occupancy_cycles
correlation-fio-randwrite-cores1,pcm_cha,drd_occ_agg,SKT0C13,3,178349.0,occupancy_cycles
correlation-fio-randwrite-cores1,pcm_cha,drd_occ_agg,SKT0C13,4,168332.0,occupancy_cycles
correlation-fio-randwrite-cores1,pcm_cha,drd_occ_agg,SKT0C13,5,181678.0,occupancy_cycles
correlation-fio-randwrite-cores1,pcm_cha,drd_occ_agg,SKT0C13,6,147278.0,occupancy_cycles
correlation-fio-randwrite-cores1,pcm_cha,drd_occ_agg,SKT0C13,7,179376.0,occupancy_cycles
correlation-fio-randwrite-cores1,pcm_cha,drd_occ_agg,SKT0C13,8,161755.0,occupancy_cycles
correlation-fio-randwrite-cores1,pcm_cha,drd_occ_agg,SKT0C13,9,171439.0,occupancy_cycles
correlation-fio-randwrite-cores1,pcm_cha,drd_occ_agg,SKT0C13,10,170976.0,occupancy_cycles
correlation-fio-randwrite-cores1,pcm_cha,drd_occ_agg,SKT0C13,11,201628.0,occupancy_cycles
correlation-fio-randwrite-cores1,pcm_cha,drd_occ_agg,SKT0C13,12,147779.0,occupancy_cycles
correlation-fio-randwrite-cores1,pcm_cha,drd_occ_agg,SKT0C13,13,192753.0,occupancy_cycles
correlation-fio-randwrite-cores1,pcm_cha,drd_occ_agg,SKT0C13,14,174837.0,occupancy_cycles
correlation-fio-randwrite-cores1,pcm_cha,drd_occ_agg,SKT0C13,15,183549.0,occupancy_cycles
correlation-fio-randwrite-cores1,pcm_cha,drd_occ_agg,SKT0C13,16,192495.0,occupancy_cycles
correlation-fio-randwrite-cores1,pcm_cha,drd_occ_agg,SKT0C13,17,243895.0,occupancy_cycles
correlation-fio-randwrite-cores1,pcm_cha,drd_occ_agg,SKT0C13,18,184754.0,occupancy_cycles
correlation-fio-randwrite-cores1,pcm_cha,drd_occ_agg,SKT0C13,19,179292.0,occupancy_cycles
correlation-fio-randwrite-cores1,pcm_cha,drd_occ_agg,SKT0C13,20,198252.0,occupancy_cycles
correlation-fio-randwrite-cores1,pcm_cha,drd_occ_agg,SKT0C13,21,162969.0,occupancy_cycles
correlation-fio-randwrite-cores1,pcm_cha,drd_occ_agg,SKT0C13,22,174356.0,occupancy_cycles
correlation-fio-randwrite-cores1,pcm_cha,drd_occ_agg,SKT0C13,23,196121.0,occupancy_cycles
correlation-fio-randwrite-cores1,pcm_cha,drd_occ_agg,SKT0C13,24,166584.0,occupancy_cycles
correlation-fio-randwrite-cores1,pcm_cha,drd_occ_agg,SKT0C13,25,156874.0,occupancy_cycles
correlation-fio-randwrite-cores1,pcm_cha,drd_occ_agg,SKT0C13,26,164806.0,occupancy_cycles
correlation-fio-randwrite-cores1,pcm_cha,drd_occ_agg,SKT0C13,27,179564.0,occupancy_cycles
correlation-fio-randwrite-cores1,pcm_cha,drd_occ_agg,SKT0C13,28,164438.0,occupancy_cycles
correlation-fio-randwrite-cores1,pcm_cha,drd_occ_agg,SKT0C13,29,176868.0,occupancy_cycles
correlation-fio-randwrite-cores1,pcm_cha,drd_occ_agg,SKT0C13,30,176909.0,occupancy_cycles
correlation-fio-randwrite-cores1,pcm_cha,drd_occ_agg,SKT0C13,31,201378.0,occupancy_cycles
correlation-fio-randwrite-cores1,pcm_cha,drd_occ_agg,SKT0C13,32,170415.0,occupancy_cycles
correlation-fio-randwrite-cores1,pcm_cha,drd_occ_agg,SKT0C13,33,168537.0,occupancy_cycles
correlation-fio-randwrite-cores1,pcm_cha,drd_occ_agg,SKT0C13,34,170578.0,occupancy_cycles
correlation-fio-randwrite-cores1,pcm_cha,drd_occ_agg,SKT0C13,35,171478.0,occupancy_cycles
correlation-fio-randwrite-cores1,pcm_cha,drd_occ_agg,SKT0C13,36,161011.0,occupancy_cycles
correlation-fio-randwrite-cores1,pcm_cha,drd_occ_agg,SKT0C13,37,154402.0,occupancy_cycles
correlation-fio-randwrite-cores1,pcm_cha,drd_occ_agg,SKT0C13,38,190536.0,occupancy_cycles
correlation-fio-randwrite-cores1,pcm_cha,drd_occ_agg,SKT0C13,39,543461.0,occupancy_cycles
correlation-fio-randwrite-cores1,pcm_cha,drd_occ_agg,SKT0C13,40,353802.0,occupancy_cycles
correlation-fio-randwrite-cores1,pcm_cha,drd_occ_agg,SKT0C13,41,541949.0,occupancy_cycles
correlation-fio-randwrite-cores1,pcm_cha,drd_occ_agg,SKT0C13,42,261478.0,occupancy_cycles
correlation-fio-randwrite-cores1,pcm_cha,drd_occ_agg,SKT0C13,43,172907.0,occupancy_cycles
correlation-fio-randwrite-cores1,pcm_cha,drd_occ_agg,SKT0C13,44,175364.0,occupancy_cycles
correlation-fio-randwrite-cores1,pcm_cha,drd_occ_agg,SKT0C13,45,160792.0,occupancy_cycles
correlation-fio-randwrite-cores1,pcm_cha,drd_occ_agg,SKT0C13,46,180910.0,occupancy_cycles
correlation-fio-randwrite-cores1,pcm_cha,drd_occ_agg,SKT0C13,47,187247.0,occupancy_cycles
correlation-fio-randwrite-cores1,pcm_cha,drd_occ_agg,SKT0C13,48,160744.0,occupancy_cycles
correlation-fio-randwrite-cores1,pcm_cha,drd_occ_agg,SKT0C13,49,179414.0,occupancy_cycles
correlation-fio-randwrite-cores1,pcm_cha,drd_occ_agg,SKT0C13,50,208720.0,occupancy_cycles
correlation-fio-randwrite-cores1,pcm_cha,drd_occ_agg,SKT0C13,51,160204.0,occupancy_cycles
correlation-fio-randwrite-cores1,pcm_cha,drd_occ_agg,SKT0C13,52,162113.0,occupancy_cycles
correlation-fio-randwrite-cores1,pcm_cha,drd_occ_agg,SKT0C13,53,164763.0,occupancy_cycles
correlation-fio-randwrite-cores1,pcm_cha,drd_occ_agg,SKT0C13,54,168784.0,occupancy_cycles
correlation-fio-randwrite-cores1,pcm_cha,drd_occ_agg,SKT0C13,55,202795.0,occupancy_cycles
correlation-fio-randwrite-cores1,pcm_cha,drd_occ_agg,SKT0C13,56,168689.0,occupancy_cycles
correlation-fio-randwrite-cores1,pcm_cha,drd_occ_agg,SKT0C13,57,163915.0,occupancy_cycles
correlation-fio-randwrite-cores1,pcm_cha,drd_occ_agg,SKT0C13,58,163280.0,occupancy_cycles
correlation-fio-randwrite-cores1,pcm_cha,drd_occ_agg,SKT0C13,59,189744.0,occupancy_cycles
correlation-fio-randwrite-cores1,pcm_cha,drd_occ_agg,SKT0C14,0,610863.0,occupancy_cycles
correlation-fio-randwrite-cores1,pcm_cha,drd_occ_agg,SKT0C14,1,238900.0,occupancy_cycles
correlation-fio-randwrite-cores1,pcm_cha,drd_occ_agg,SKT0C14,2,182998.0,occupancy_cycles
correlation-fio-randwrite-cores1,pcm_cha,drd_occ_agg,SKT0C14,3,193897.0,occupancy_cycles
correlation-fio-randwrite-cores1,pcm_cha,drd_occ_agg,SKT0C14,4,185633.0,occupancy_cycles
correlation-fio-randwrite-cores1,pcm_cha,drd_occ_agg,SKT0C14,5,200056.0,occupancy_cycles
correlation-fio-randwrite-cores1,pcm_cha,drd_occ_agg,SKT0C14,6,164426.0,occupancy_cycles
correlation-fio-randwrite-cores1,pcm_cha,drd_occ_agg,SKT0C14,7,202123.0,occupancy_cycles
correlation-fio-randwrite-cores1,pcm_cha,drd_occ_agg,SKT0C14,8,177537.0,occupancy_cycles
correlation-fio-randwrite-cores1,pcm_cha,drd_occ_agg,SKT0C14,9,188587.0,occupancy_cycles
correlation-fio-randwrite-cores1,pcm_cha,drd_occ_agg,SKT0C14,10,191151.0,occupancy_cycles
correlation-fio-randwrite-cores1,pcm_cha,drd_occ_agg,SKT0C14,11,217682.0,occupancy_cycles
correlation-fio-randwrite-cores1,pcm_cha,drd_occ_agg,SKT0C14,12,169933.0,occupancy_cycles
correlation-fio-randwrite-cores1,pcm_cha,drd_occ_agg,SKT0C14,13,201262.0,occupancy_cycles
correlation-fio-randwrite-cores1,pcm_cha,drd_occ_agg,SKT0C14,14,185988.0,occupancy_cycles
correlation-fio-randwrite-cores1,pcm_cha,drd_occ_agg,SKT0C14,15,194757.0,occupancy_cycles
correlation-fio-randwrite-cores1,pcm_cha,drd_occ_agg,SKT0C14,16,201917.0,occupancy_cycles
correlation-fio-randwrite-cores1,pcm_cha,drd_occ_agg,SKT0C14,17,267080.0,occupancy_cycles
correlation-fio-randwrite-cores1,pcm_cha,drd_occ_agg,SKT0C14,18,199717.0,occupancy_cycles
correlation-fio-randwrite-cores1,pcm_cha,drd_occ_agg,SKT0C14,19,192487.0,occupancy_cycles
correlation-fio-randwrite-cores1,pcm_cha,drd_occ_agg,SKT0C14,20,213110.0,occupancy_cycles
correlation-fio-randwrite-cores1,pcm_cha,drd_occ_agg,SKT0C14,21,176949.0,occupancy_cycles
correlation-fio-randwrite-cores1,pcm_cha,drd_occ_agg,SKT0C14,22,185079.0,occupancy_cycles
correlation-fio-randwrite-cores1,pcm_cha,drd_occ_agg,SKT0C14,23,217093.0,occupancy_cycles
correlation-fio-randwrite-cores1,pcm_cha,drd_occ_agg,SKT0C14,24,182870.0,occupancy_cycles
correlation-fio-randwrite-cores1,pcm_cha,drd_occ_agg,SKT0C14,25,175089.0,occupancy_cycles
correlation-fio-randwrite-cores1,pcm_cha,drd_occ_agg,SKT0C14,26,182313.0,occupancy_cycles
correlation-fio-randwrite-cores1,pcm_cha,drd_occ_agg,SKT0C14,27,206442.0,occupancy_cycles
correlation-fio-randwrite-cores1,pcm_cha,drd_occ_agg,SKT0C14,28,185648.0,occupancy_cycles
correlation-fio-randwrite-cores1,pcm_cha,drd_occ_agg,SKT0C14,29,198799.0,occupancy_cycles
correlation-fio-randwrite-cores1,pcm_cha,drd_occ_agg,SKT0C14,30,194611.0,occupancy_cycles
correlation-fio-randwrite-cores1,pcm_cha,drd_occ_agg,SKT0C14,31,217106.0,occupancy_cycles
correlation-fio-randwrite-cores1,pcm_cha,drd_occ_agg,SKT0C14,32,184748.0,occupancy_cycles
correlation-fio-randwrite-cores1,pcm_cha,drd_occ_agg,SKT0C14,33,183402.0,occupancy_cycles
correlation-fio-randwrite-cores1,pcm_cha,drd_occ_agg,SKT0C14,34,179159.0,occupancy_cycles
correlation-fio-randwrite-cores1,pcm_cha,drd_occ_agg,SKT0C14,35,183798.0,occupancy_cycles
correlation-fio-randwrite-cores1,pcm_cha,drd_occ_agg,SKT0C14,36,172762.0,occupancy_cycles
correlation-fio-randwrite-cores1,pcm_cha,drd_occ_agg,SKT0C14,37,172671.0,occupancy_cycles
correlation-fio-randwrite-cores1,pcm_cha,drd_occ_agg,SKT0C14,38,201666.0,occupancy_cycles
correlation-fio-randwrite-cores1,pcm_cha,drd_occ_agg,SKT0C14,39,556229.0,occupancy_cycles
correlation-fio-randwrite-cores1,pcm_cha,drd_occ_agg,SKT0C14,40,369139.0,occupancy_cycles
correlation-fio-randwrite-cores1,pcm_cha,drd_occ_agg,SKT0C14,41,567953.0,occupancy_cycles
correlation-fio-randwrite-cores1,pcm_cha,drd_occ_agg,SKT0C14,42,274625.0,occupancy_cycles
correlation-fio-randwrite-cores1,pcm_cha,drd_occ_agg,SKT0C14,43,191900.0,occupancy_cycles
correlation-fio-randwrite-cores1,pcm_cha,drd_occ_agg,SKT0C14,44,193667.0,occupancy_cycles
correlation-fio-randwrite-cores1,pcm_cha,drd_occ_agg,SKT0C14,45,182065.0,occupancy_cycles
correlation-fio-randwrite-cores1,pcm_cha,drd_occ_agg,SKT0C14,46,198780.0,occupancy_cycles
correlation-fio-randwrite-cores1,pcm_cha,drd_occ_agg,SKT0C14,47,203012.0,occupancy_cycles
correlation-fio-randwrite-cores1,pcm_cha,drd_occ_agg,SKT0C14,48,168160.0,occupancy_cycles
correlation-fio-randwrite-cores1,pcm_cha,drd_occ_agg,SKT0C14,49,194066.0,occupancy_cycles
correlation-fio-randwrite-cores1,pcm_cha,drd_occ_agg,SKT0C14,50,222352.0,occupancy_cycles
correlation-fio-randwrite-cores1,pcm_cha,drd_occ_agg,SKT0C14,51,175386.0,occupancy_cycles
correlation-fio-randwrite-cores1,pcm_cha,drd_occ_agg,SKT0C14,52,177932.0,occupancy_cycles
correlation-fio-randwrite-cores1,pcm_cha,drd_occ_agg,SKT0C14,53,175867.0,occupancy_cycles
correlation-fio-randwrite-cores1,pcm_cha,drd_occ_agg,SKT0C14,54,188492.0,occupancy_cycles
correlation-fio-randwrite-cores1,pcm_cha,drd_occ_agg,SKT0C14,55,218459.0,occupancy_cycles
correlation-fio-randwrite-cores1,pcm_cha,drd_occ_agg,SKT0C14,56,189859.0,occupancy_cycles
correlation-fio-randwrite-cores1,pcm_cha,drd_occ_agg,SKT0C14,57,181133.0,occupancy_cycles
correlation-fio-randwrite-cores1,pcm_cha,drd_occ_agg,SKT0C14,58,186534.0,occupancy_cycles
correlation-fio-randwrite-cores1,pcm_cha,drd_occ_agg,SKT0C14,59,209434.0,occupancy_cycles
correlation-fio-randwrite-cores1,pcm_cha,drd_occ_agg,SKT0C15,0,644856.0,occupancy_cycles
correlation-fio-randwrite-cores1,pcm_cha,drd_occ_agg,SKT0C15,1,242734.0,occupancy_cycles
correlation-fio-randwrite-cores1,pcm_cha,drd_occ_agg,SKT0C15,2,176791.0,occupancy_cycles
correlation-fio-randwrite-cores1,pcm_cha,drd_occ_agg,SKT0C15,3,193831.0,occupancy_cycles
correlation-fio-randwrite-cores1,pcm_cha,drd_occ_agg,SKT0C15,4,185159.0,occupancy_cycles
correlation-fio-randwrite-cores1,pcm_cha,drd_occ_agg,SKT0C15,5,194205.0,occupancy_cycles
correlation-fio-randwrite-cores1,pcm_cha,drd_occ_agg,SKT0C15,6,161472.0,occupancy_cycles
correlation-fio-randwrite-cores1,pcm_cha,drd_occ_agg,SKT0C15,7,200294.0,occupancy_cycles
correlation-fio-randwrite-cores1,pcm_cha,drd_occ_agg,SKT0C15,8,180443.0,occupancy_cycles
correlation-fio-randwrite-cores1,pcm_cha,drd_occ_agg,SKT0C15,9,185371.0,occupancy_cycles
correlation-fio-randwrite-cores1,pcm_cha,drd_occ_agg,SKT0C15,10,193729.0,occupancy_cycles
correlation-fio-randwrite-cores1,pcm_cha,drd_occ_agg,SKT0C15,11,221281.0,occupancy_cycles
correlation-fio-randwrite-cores1,pcm_cha,drd_occ_agg,SKT0C15,12,171127.0,occupancy_cycles
correlation-fio-randwrite-cores1,pcm_cha,drd_occ_agg,SKT0C15,13,209236.0,occupancy_cycles
correlation-fio-randwrite-cores1,pcm_cha,drd_occ_agg,SKT0C15,14,189111.0,occupancy_cycles
correlation-fio-randwrite-cores1,pcm_cha,drd_occ_agg,SKT0C15,15,204048.0,occupancy_cycles
correlation-fio-randwrite-cores1,pcm_cha,drd_occ_agg,SKT0C15,16,204689.0,occupancy_cycles
correlation-fio-randwrite-cores1,pcm_cha,drd_occ_agg,SKT0C15,17,273965.0,occupancy_cycles
correlation-fio-randwrite-cores1,pcm_cha,drd_occ_agg,SKT0C15,18,201658.0,occupancy_cycles
correlation-fio-randwrite-cores1,pcm_cha,drd_occ_agg,SKT0C15,19,193232.0,occupancy_cycles
correlation-fio-randwrite-cores1,pcm_cha,drd_occ_agg,SKT0C15,20,213860.0,occupancy_cycles
correlation-fio-randwrite-cores1,pcm_cha,drd_occ_agg,SKT0C15,21,175699.0,occupancy_cycles
correlation-fio-randwrite-cores1,pcm_cha,drd_occ_agg,SKT0C15,22,191502.0,occupancy_cycles
correlation-fio-randwrite-cores1,pcm_cha,drd_occ_agg,SKT0C15,23,213487.0,occupancy_cycles
correlation-fio-randwrite-cores1,pcm_cha,drd_occ_agg,SKT0C15,24,180694.0,occupancy_cycles
correlation-fio-randwrite-cores1,pcm_cha,drd_occ_agg,SKT0C15,25,174999.0,occupancy_cycles
correlation-fio-randwrite-cores1,pcm_cha,drd_occ_agg,SKT0C15,26,179556.0,occupancy_cycles
correlation-fio-randwrite-cores1,pcm_cha,drd_occ_agg,SKT0C15,27,195530.0,occupancy_cycles
correlation-fio-randwrite-cores1,pcm_cha,drd_occ_agg,SKT0C15,28,180584.0,occupancy_cycles
correlation-fio-randwrite-cores1,pcm_cha,drd_occ_agg,SKT0C15,29,201686.0,occupancy_cycles
correlation-fio-randwrite-cores1,pcm_cha,drd_occ_agg,SKT0C15,30,198231.0,occupancy_cycles
correlation-fio-randwrite-cores1,pcm_cha,drd_occ_agg,SKT0C15,31,218836.0,occupancy_cycles
correlation-fio-randwrite-cores1,pcm_cha,drd_occ_agg,SKT0C15,32,188978.0,occupancy_cycles
correlation-fio-randwrite-cores1,pcm_cha,drd_occ_agg,SKT0C15,33,188005.0,occupancy_cycles
correlation-fio-randwrite-cores1,pcm_cha,drd_occ_agg,SKT0C15,34,189406.0,occupancy_cycles
correlation-fio-randwrite-cores1,pcm_cha,drd_occ_agg,SKT0C15,35,185918.0,occupancy_cycles
correlation-fio-randwrite-cores1,pcm_cha,drd_occ_agg,SKT0C15,36,185144.0,occupancy_cycles
correlation-fio-randwrite-cores1,pcm_cha,drd_occ_agg,SKT0C15,37,173507.0,occupancy_cycles
correlation-fio-randwrite-cores1,pcm_cha,drd_occ_agg,SKT0C15,38,208697.0,occupancy_cycles
correlation-fio-randwrite-cores1,pcm_cha,drd_occ_agg,SKT0C15,39,575887.0,occupancy_cycles
correlation-fio-randwrite-cores1,pcm_cha,drd_occ_agg,SKT0C15,40,379039.0,occupancy_cycles
correlation-fio-randwrite-cores1,pcm_cha,drd_occ_agg,SKT0C15,41,575151.0,occupancy_cycles
correlation-fio-randwrite-cores1,pcm_cha,drd_occ_agg,SKT0C15,42,281338.0,occupancy_cycles
correlation-fio-randwrite-cores1,pcm_cha,drd_occ_agg,SKT0C15,43,185411.0,occupancy_cycles
correlation-fio-randwrite-cores1,pcm_cha,drd_occ_agg,SKT0C15,44,199426.0,occupancy_cycles
correlation-fio-randwrite-cores1,pcm_cha,drd_occ_agg,SKT0C15,45,183429.0,occupancy_cycles
correlation-fio-randwrite-cores1,pcm_cha,drd_occ_agg,SKT0C15,46,202294.0,occupancy_cycles
correlation-fio-randwrite-cores1,pcm_cha,drd_occ_agg,SKT0C15,47,209670.0,occupancy_cycles
correlation-fio-randwrite-cores1,pcm_cha,drd_occ_agg,SKT0C15,48,177863.0,occupancy_cycles
correlation-fio-randwrite-cores1,pcm_cha,drd_occ_agg,SKT0C15,49,194531.0,occupancy_cycles
correlation-fio-randwrite-cores1,pcm_cha,drd_occ_agg,SKT0C15,50,224986.0,occupancy_cycles
correlation-fio-randwrite-cores1,pcm_cha,drd_occ_agg,SKT0C15,51,171017.0,occupancy_cycles
correlation-fio-randwrite-cores1,pcm_cha,drd_occ_agg,SKT0C15,52,182140.0,occupancy_cycles
correlation-fio-randwrite-cores1,pcm_cha,drd_occ_agg,SKT0C15,53,176354.0,occupancy_cycles
correlation-fio-randwrite-cores1,pcm_cha,drd_occ_agg,SKT0C15,54,184659.0,occupancy_cycles
correlation-fio-randwrite-cores1,pcm_cha,drd_occ_agg,SKT0C15,55,215861.0,occupancy_cycles
correlation-fio-randwrite-cores1,pcm_cha,drd_occ_agg,SKT0C15,56,186396.0,occupancy_cycles
correlation-fio-randwrite-cores1,pcm_cha,drd_occ_agg,SKT0C15,57,185300.0,occupancy_cycles
correlation-fio-randwrite-cores1,pcm_cha,drd_occ_agg,SKT0C15,58,185537.0,occupancy_cycles
correlation-fio-randwrite-cores1,pcm_cha,drd_occ_agg,SKT0C15,59,210887.0,occupancy_cycles
correlation-fio-randwrite-cores1,pcm_cha,drd_inserts,SKT0C0,0,9223.0,transactions
correlation-fio-randwrite-cores1,pcm_cha,drd_inserts,SKT0C0,1,3378.0,transactions
correlation-fio-randwrite-cores1,pcm_cha,drd_inserts,SKT0C0,2,2511.0,transactions
correlation-fio-randwrite-cores1,pcm_cha,drd_inserts,SKT0C0,3,2776.0,transactions
correlation-fio-randwrite-cores1,pcm_cha,drd_inserts,SKT0C0,4,2610.0,transactions
correlation-fio-randwrite-cores1,pcm_cha,drd_inserts,SKT0C0,5,2880.0,transactions
correlation-fio-randwrite-cores1,pcm_cha,drd_inserts,SKT0C0,6,2355.0,transactions
correlation-fio-randwrite-cores1,pcm_cha,drd_inserts,SKT0C0,7,2822.0,transactions
correlation-fio-randwrite-cores1,pcm_cha,drd_inserts,SKT0C0,8,2491.0,transactions
correlation-fio-randwrite-cores1,pcm_cha,drd_inserts,SKT0C0,9,2575.0,transactions
correlation-fio-randwrite-cores1,pcm_cha,drd_inserts,SKT0C0,10,2660.0,transactions
correlation-fio-randwrite-cores1,pcm_cha,drd_inserts,SKT0C0,11,3032.0,transactions
correlation-fio-randwrite-cores1,pcm_cha,drd_inserts,SKT0C0,12,2369.0,transactions
correlation-fio-randwrite-cores1,pcm_cha,drd_inserts,SKT0C0,13,2881.0,transactions
correlation-fio-randwrite-cores1,pcm_cha,drd_inserts,SKT0C0,14,2543.0,transactions
correlation-fio-randwrite-cores1,pcm_cha,drd_inserts,SKT0C0,15,2680.0,transactions
correlation-fio-randwrite-cores1,pcm_cha,drd_inserts,SKT0C0,16,2841.0,transactions
correlation-fio-randwrite-cores1,pcm_cha,drd_inserts,SKT0C0,17,3776.0,transactions
correlation-fio-randwrite-cores1,pcm_cha,drd_inserts,SKT0C0,18,2766.0,transactions
correlation-fio-randwrite-cores1,pcm_cha,drd_inserts,SKT0C0,19,2709.0,transactions
correlation-fio-randwrite-cores1,pcm_cha,drd_inserts,SKT0C0,20,3009.0,transactions
correlation-fio-randwrite-cores1,pcm_cha,drd_inserts,SKT0C0,21,2474.0,transactions
correlation-fio-randwrite-cores1,pcm_cha,drd_inserts,SKT0C0,22,2682.0,transactions
correlation-fio-randwrite-cores1,pcm_cha,drd_inserts,SKT0C0,23,3056.0,transactions
correlation-fio-randwrite-cores1,pcm_cha,drd_inserts,SKT0C0,24,2501.0,transactions
correlation-fio-randwrite-cores1,pcm_cha,drd_inserts,SKT0C0,25,2426.0,transactions
correlation-fio-randwrite-cores1,pcm_cha,drd_inserts,SKT0C0,26,2503.0,transactions
correlation-fio-randwrite-cores1,pcm_cha,drd_inserts,SKT0C0,27,2763.0,transactions
correlation-fio-randwrite-cores1,pcm_cha,drd_inserts,SKT0C0,28,2541.0,transactions
correlation-fio-randwrite-cores1,pcm_cha,drd_inserts,SKT0C0,29,2758.0,transactions
correlation-fio-randwrite-cores1,pcm_cha,drd_inserts,SKT0C0,30,2817.0,transactions
correlation-fio-randwrite-cores1,pcm_cha,drd_inserts,SKT0C0,31,3088.0,transactions
correlation-fio-randwrite-cores1,pcm_cha,drd_inserts,SKT0C0,32,2673.0,transactions
correlation-fio-randwrite-cores1,pcm_cha,drd_inserts,SKT0C0,33,2689.0,transactions
correlation-fio-randwrite-cores1,pcm_cha,drd_inserts,SKT0C0,34,2576.0,transactions
correlation-fio-randwrite-cores1,pcm_cha,drd_inserts,SKT0C0,35,2654.0,transactions
correlation-fio-randwrite-cores1,pcm_cha,drd_inserts,SKT0C0,36,2534.0,transactions
correlation-fio-randwrite-cores1,pcm_cha,drd_inserts,SKT0C0,37,2274.0,transactions
correlation-fio-randwrite-cores1,pcm_cha,drd_inserts,SKT0C0,38,2839.0,transactions
correlation-fio-randwrite-cores1,pcm_cha,drd_inserts,SKT0C0,39,8075.0,transactions
correlation-fio-randwrite-cores1,pcm_cha,drd_inserts,SKT0C0,40,5410.0,transactions
correlation-fio-randwrite-cores1,pcm_cha,drd_inserts,SKT0C0,41,8037.0,transactions
correlation-fio-randwrite-cores1,pcm_cha,drd_inserts,SKT0C0,42,3995.0,transactions
correlation-fio-randwrite-cores1,pcm_cha,drd_inserts,SKT0C0,43,2608.0,transactions
correlation-fio-randwrite-cores1,pcm_cha,drd_inserts,SKT0C0,44,2765.0,transactions
correlation-fio-randwrite-cores1,pcm_cha,drd_inserts,SKT0C0,45,2551.0,transactions
correlation-fio-randwrite-cores1,pcm_cha,drd_inserts,SKT0C0,46,2775.0,transactions
correlation-fio-randwrite-cores1,pcm_cha,drd_inserts,SKT0C0,47,2801.0,transactions
correlation-fio-randwrite-cores1,pcm_cha,drd_inserts,SKT0C0,48,2256.0,transactions
correlation-fio-randwrite-cores1,pcm_cha,drd_inserts,SKT0C0,49,2704.0,transactions
correlation-fio-randwrite-cores1,pcm_cha,drd_inserts,SKT0C0,50,3194.0,transactions
correlation-fio-randwrite-cores1,pcm_cha,drd_inserts,SKT0C0,51,2335.0,transactions
correlation-fio-randwrite-cores1,pcm_cha,drd_inserts,SKT0C0,52,2384.0,transactions
correlation-fio-randwrite-cores1,pcm_cha,drd_inserts,SKT0C0,53,2383.0,transactions
correlation-fio-randwrite-cores1,pcm_cha,drd_inserts,SKT0C0,54,2518.0,transactions
correlation-fio-randwrite-cores1,pcm_cha,drd_inserts,SKT0C0,55,2995.0,transactions
correlation-fio-randwrite-cores1,pcm_cha,drd_inserts,SKT0C0,56,2583.0,transactions
correlation-fio-randwrite-cores1,pcm_cha,drd_inserts,SKT0C0,57,2476.0,transactions
correlation-fio-randwrite-cores1,pcm_cha,drd_inserts,SKT0C0,58,2571.0,transactions
correlation-fio-randwrite-cores1,pcm_cha,drd_inserts,SKT0C0,59,2947.0,transactions
correlation-fio-randwrite-cores1,pcm_cha,drd_inserts,SKT0C1,0,8926.0,transactions
correlation-fio-randwrite-cores1,pcm_cha,drd_inserts,SKT0C1,1,3223.0,transactions
correlation-fio-randwrite-cores1,pcm_cha,drd_inserts,SKT0C1,2,2347.0,transactions
correlation-fio-randwrite-cores1,pcm_cha,drd_inserts,SKT0C1,3,2538.0,transactions
correlation-fio-randwrite-cores1,pcm_cha,drd_inserts,SKT0C1,4,2518.0,transactions
correlation-fio-randwrite-cores1,pcm_cha,drd_inserts,SKT0C1,5,2743.0,transactions
correlation-fio-randwrite-cores1,pcm_cha,drd_inserts,SKT0C1,6,2229.0,transactions
correlation-fio-randwrite-cores1,pcm_cha,drd_inserts,SKT0C1,7,2650.0,transactions
correlation-fio-randwrite-cores1,pcm_cha,drd_inserts,SKT0C1,8,2469.0,transactions
correlation-fio-randwrite-cores1,pcm_cha,drd_inserts,SKT0C1,9,2519.0,transactions
correlation-fio-randwrite-cores1,pcm_cha,drd_inserts,SKT0C1,10,2644.0,transactions
correlation-fio-randwrite-cores1,pcm_cha,drd_inserts,SKT0C1,11,2983.0,transactions
correlation-fio-randwrite-cores1,pcm_cha,drd_inserts,SKT0C1,12,2202.0,transactions
correlation-fio-randwrite-cores1,pcm_cha,drd_inserts,SKT0C1,13,2811.0,transactions
correlation-fio-randwrite-cores1,pcm_cha,drd_inserts,SKT0C1,14,2497.0,transactions
correlation-fio-randwrite-cores1,pcm_cha,drd_inserts,SKT0C1,15,2734.0,transactions
correlation-fio-randwrite-cores1,pcm_cha,drd_inserts,SKT0C1,16,2801.0,transactions
correlation-fio-randwrite-cores1,pcm_cha,drd_inserts,SKT0C1,17,3717.0,transactions
correlation-fio-randwrite-cores1,pcm_cha,drd_inserts,SKT0C1,18,2850.0,transactions
correlation-fio-randwrite-cores1,pcm_cha,drd_inserts,SKT0C1,19,2712.0,transactions
correlation-fio-randwrite-cores1,pcm_cha,drd_inserts,SKT0C1,20,3034.0,transactions
correlation-fio-randwrite-cores1,pcm_cha,drd_inserts,SKT0C1,21,2504.0,transactions
correlation-fio-randwrite-cores1,pcm_cha,drd_inserts,SKT0C1,22,2613.0,transactions
correlation-fio-randwrite-cores1,pcm_cha,drd_inserts,SKT0C1,23,2888.0,transactions
correlation-fio-randwrite-cores1,pcm_cha,drd_inserts,SKT0C1,24,2391.0,transactions
correlation-fio-randwrite-cores1,pcm_cha,drd_inserts,SKT0C1,25,2322.0,transactions
correlation-fio-randwrite-cores1,pcm_cha,drd_inserts,SKT0C1,26,2399.0,transactions
correlation-fio-randwrite-cores1,pcm_cha,drd_inserts,SKT0C1,27,2686.0,transactions
correlation-fio-randwrite-cores1,pcm_cha,drd_inserts,SKT0C1,28,2476.0,transactions
correlation-fio-randwrite-cores1,pcm_cha,drd_inserts,SKT0C1,29,2611.0,transactions
correlation-fio-randwrite-cores1,pcm_cha,drd_inserts,SKT0C1,30,2718.0,transactions
correlation-fio-randwrite-cores1,pcm_cha,drd_inserts,SKT0C1,31,2940.0,transactions
correlation-fio-randwrite-cores1,pcm_cha,drd_inserts,SKT0C1,32,2497.0,transactions
correlation-fio-randwrite-cores1,pcm_cha,drd_inserts,SKT0C1,33,2522.0,transactions
correlation-fio-randwrite-cores1,pcm_cha,drd_inserts,SKT0C1,34,2469.0,transactions
correlation-fio-randwrite-cores1,pcm_cha,drd_inserts,SKT0C1,35,2549.0,transactions
correlation-fio-randwrite-cores1,pcm_cha,drd_inserts,SKT0C1,36,2426.0,transactions
correlation-fio-randwrite-cores1,pcm_cha,drd_inserts,SKT0C1,37,2300.0,transactions
correlation-fio-randwrite-cores1,pcm_cha,drd_inserts,SKT0C1,38,2833.0,transactions
correlation-fio-randwrite-cores1,pcm_cha,drd_inserts,SKT0C1,39,8088.0,transactions
correlation-fio-randwrite-cores1,pcm_cha,drd_inserts,SKT0C1,40,5238.0,transactions
correlation-fio-randwrite-cores1,pcm_cha,drd_inserts,SKT0C1,41,7982.0,transactions
correlation-fio-randwrite-cores1,pcm_cha,drd_inserts,SKT0C1,42,3749.0,transactions
correlation-fio-randwrite-cores1,pcm_cha,drd_inserts,SKT0C1,43,2581.0,transactions
correlation-fio-randwrite-cores1,pcm_cha,drd_inserts,SKT0C1,44,2603.0,transactions
correlation-fio-randwrite-cores1,pcm_cha,drd_inserts,SKT0C1,45,2418.0,transactions
correlation-fio-randwrite-cores1,pcm_cha,drd_inserts,SKT0C1,46,2745.0,transactions
correlation-fio-randwrite-cores1,pcm_cha,drd_inserts,SKT0C1,47,2739.0,transactions
correlation-fio-randwrite-cores1,pcm_cha,drd_inserts,SKT0C1,48,2256.0,transactions
correlation-fio-randwrite-cores1,pcm_cha,drd_inserts,SKT0C1,49,2619.0,transactions
correlation-fio-randwrite-cores1,pcm_cha,drd_inserts,SKT0C1,50,2960.0,transactions
correlation-fio-randwrite-cores1,pcm_cha,drd_inserts,SKT0C1,51,2240.0,transactions
correlation-fio-randwrite-cores1,pcm_cha,drd_inserts,SKT0C1,52,2251.0,transactions
correlation-fio-randwrite-cores1,pcm_cha,drd_inserts,SKT0C1,53,2334.0,transactions
correlation-fio-randwrite-cores1,pcm_cha,drd_inserts,SKT0C1,54,2472.0,transactions
correlation-fio-randwrite-cores1,pcm_cha,drd_inserts,SKT0C1,55,2988.0,transactions
correlation-fio-randwrite-cores1,pcm_cha,drd_inserts,SKT0C1,56,2441.0,transactions
correlation-fio-randwrite-cores1,pcm_cha,drd_inserts,SKT0C1,57,2399.0,transactions
correlation-fio-randwrite-cores1,pcm_cha,drd_inserts,SKT0C1,58,2422.0,transactions
correlation-fio-randwrite-cores1,pcm_cha,drd_inserts,SKT0C1,59,2934.0,transactions
correlation-fio-randwrite-cores1,pcm_cha,drd_inserts,SKT0C2,0,9002.0,transactions
correlation-fio-randwrite-cores1,pcm_cha,drd_inserts,SKT0C2,1,3296.0,transactions
correlation-fio-randwrite-cores1,pcm_cha,drd_inserts,SKT0C2,2,2397.0,transactions
correlation-fio-randwrite-cores1,pcm_cha,drd_inserts,SKT0C2,3,2737.0,transactions
correlation-fio-randwrite-cores1,pcm_cha,drd_inserts,SKT0C2,4,2557.0,transactions
correlation-fio-randwrite-cores1,pcm_cha,drd_inserts,SKT0C2,5,2861.0,transactions
correlation-fio-randwrite-cores1,pcm_cha,drd_inserts,SKT0C2,6,2262.0,transactions
correlation-fio-randwrite-cores1,pcm_cha,drd_inserts,SKT0C2,7,2770.0,transactions
correlation-fio-randwrite-cores1,pcm_cha,drd_inserts,SKT0C2,8,2500.0,transactions
correlation-fio-randwrite-cores1,pcm_cha,drd_inserts,SKT0C2,9,2605.0,transactions
correlation-fio-randwrite-cores1,pcm_cha,drd_inserts,SKT0C2,10,2715.0,transactions
correlation-fio-randwrite-cores1,pcm_cha,drd_inserts,SKT0C2,11,2949.0,transactions
correlation-fio-randwrite-cores1,pcm_cha,drd_inserts,SKT0C2,12,2267.0,transactions
correlation-fio-randwrite-cores1,pcm_cha,drd_inserts,SKT0C2,13,2852.0,transactions
correlation-fio-randwrite-cores1,pcm_cha,drd_inserts,SKT0C2,14,2516.0,transactions
correlation-fio-randwrite-cores1,pcm_cha,drd_inserts,SKT0C2,15,2626.0,transactions
correlation-fio-randwrite-cores1,pcm_cha,drd_inserts,SKT0C2,16,2791.0,transactions
correlation-fio-randwrite-cores1,pcm_cha,drd_inserts,SKT0C2,17,3850.0,transactions
correlation-fio-randwrite-cores1,pcm_cha,drd_inserts,SKT0C2,18,2794.0,transactions
correlation-fio-randwrite-cores1,pcm_cha,drd_inserts,SKT0C2,19,2671.0,transactions
correlation-fio-randwrite-cores1,pcm_cha,drd_inserts,SKT0C2,20,2939.0,transactions
correlation-fio-randwrite-cores1,pcm_cha,drd_inserts,SKT0C2,21,2472.0,transactions
correlation-fio-randwrite-cores1,pcm_cha,drd_inserts,SKT0C2,22,2596.0,transactions
correlation-fio-randwrite-cores1,pcm_cha,drd_inserts,SKT0C2,23,2879.0,transactions
correlation-fio-randwrite-cores1,pcm_cha,drd_inserts,SKT0C2,24,2381.0,transactions
correlation-fio-randwrite-cores1,pcm_cha,drd_inserts,SKT0C2,25,2299.0,transactions
correlation-fio-randwrite-cores1,pcm_cha,drd_inserts,SKT0C2,26,2433.0,transactions
correlation-fio-randwrite-cores1,pcm_cha,drd_inserts,SKT0C2,27,2803.0,transactions
correlation-fio-randwrite-cores1,pcm_cha,drd_inserts,SKT0C2,28,2523.0,transactions
correlation-fio-randwrite-cores1,pcm_cha,drd_inserts,SKT0C2,29,2623.0,transactions
correlation-fio-randwrite-cores1,pcm_cha,drd_inserts,SKT0C2,30,2750.0,transactions
correlation-fio-randwrite-cores1,pcm_cha,drd_inserts,SKT0C2,31,2989.0,transactions
correlation-fio-randwrite-cores1,pcm_cha,drd_inserts,SKT0C2,32,2530.0,transactions
correlation-fio-randwrite-cores1,pcm_cha,drd_inserts,SKT0C2,33,2593.0,transactions
correlation-fio-randwrite-cores1,pcm_cha,drd_inserts,SKT0C2,34,2555.0,transactions
correlation-fio-randwrite-cores1,pcm_cha,drd_inserts,SKT0C2,35,2527.0,transactions
correlation-fio-randwrite-cores1,pcm_cha,drd_inserts,SKT0C2,36,2426.0,transactions
correlation-fio-randwrite-cores1,pcm_cha,drd_inserts,SKT0C2,37,2380.0,transactions
correlation-fio-randwrite-cores1,pcm_cha,drd_inserts,SKT0C2,38,2774.0,transactions
correlation-fio-randwrite-cores1,pcm_cha,drd_inserts,SKT0C2,39,8152.0,transactions
correlation-fio-randwrite-cores1,pcm_cha,drd_inserts,SKT0C2,40,5298.0,transactions
correlation-fio-randwrite-cores1,pcm_cha,drd_inserts,SKT0C2,41,8021.0,transactions
correlation-fio-randwrite-cores1,pcm_cha,drd_inserts,SKT0C2,42,3860.0,transactions
correlation-fio-randwrite-cores1,pcm_cha,drd_inserts,SKT0C2,43,2638.0,transactions
correlation-fio-randwrite-cores1,pcm_cha,drd_inserts,SKT0C2,44,2594.0,transactions
correlation-fio-randwrite-cores1,pcm_cha,drd_inserts,SKT0C2,45,2427.0,transactions
correlation-fio-randwrite-cores1,pcm_cha,drd_inserts,SKT0C2,46,2728.0,transactions
correlation-fio-randwrite-cores1,pcm_cha,drd_inserts,SKT0C2,47,2740.0,transactions
correlation-fio-randwrite-cores1,pcm_cha,drd_inserts,SKT0C2,48,2186.0,transactions
correlation-fio-randwrite-cores1,pcm_cha,drd_inserts,SKT0C2,49,2619.0,transactions
correlation-fio-randwrite-cores1,pcm_cha,drd_inserts,SKT0C2,50,3046.0,transactions
correlation-fio-randwrite-cores1,pcm_cha,drd_inserts,SKT0C2,51,2286.0,transactions
correlation-fio-randwrite-cores1,pcm_cha,drd_inserts,SKT0C2,52,2386.0,transactions
correlation-fio-randwrite-cores1,pcm_cha,drd_inserts,SKT0C2,53,2364.0,transactions
correlation-fio-randwrite-cores1,pcm_cha,drd_inserts,SKT0C2,54,2485.0,transactions
correlation-fio-randwrite-cores1,pcm_cha,drd_inserts,SKT0C2,55,2904.0,transactions
correlation-fio-randwrite-cores1,pcm_cha,drd_inserts,SKT0C2,56,2511.0,transactions
correlation-fio-randwrite-cores1,pcm_cha,drd_inserts,SKT0C2,57,2582.0,transactions
correlation-fio-randwrite-cores1,pcm_cha,drd_inserts,SKT0C2,58,2455.0,transactions
correlation-fio-randwrite-cores1,pcm_cha,drd_inserts,SKT0C2,59,2933.0,transactions
correlation-fio-randwrite-cores1,pcm_cha,drd_inserts,SKT0C3,0,8788.0,transactions
correlation-fio-randwrite-cores1,pcm_cha,drd_inserts,SKT0C3,1,3145.0,transactions
correlation-fio-randwrite-cores1,pcm_cha,drd_inserts,SKT0C3,2,2358.0,transactions
correlation-fio-randwrite-cores1,pcm_cha,drd_inserts,SKT0C3,3,2568.0,transactions
correlation-fio-randwrite-cores1,pcm_cha,drd_inserts,SKT0C3,4,2405.0,transactions
correlation-fio-randwrite-cores1,pcm_cha,drd_inserts,SKT0C3,5,2659.0,transactions
correlation-fio-randwrite-cores1,pcm_cha,drd_inserts,SKT0C3,6,2142.0,transactions
correlation-fio-randwrite-cores1,pcm_cha,drd_inserts,SKT0C3,7,2600.0,transactions
correlation-fio-randwrite-cores1,pcm_cha,drd_inserts,SKT0C3,8,2285.0,transactions
correlation-fio-randwrite-cores1,pcm_cha,drd_inserts,SKT0C3,9,2404.0,transactions
correlation-fio-randwrite-cores1,pcm_cha,drd_inserts,SKT0C3,10,2553.0,transactions
correlation-fio-randwrite-cores1,pcm_cha,drd_inserts,SKT0C3,11,2968.0,transactions
correlation-fio-randwrite-cores1,pcm_cha,drd_inserts,SKT0C3,12,2166.0,transactions
correlation-fio-randwrite-cores1,pcm_cha,drd_inserts,SKT0C3,13,2716.0,transactions
correlation-fio-randwrite-cores1,pcm_cha,drd_inserts,SKT0C3,14,2470.0,transactions
correlation-fio-randwrite-cores1,pcm_cha,drd_inserts,SKT0C3,15,2669.0,transactions
correlation-fio-randwrite-cores1,pcm_cha,drd_inserts,SKT0C3,16,2697.0,transactions
correlation-fio-randwrite-cores1,pcm_cha,drd_inserts,SKT0C3,17,3714.0,transactions
correlation-fio-randwrite-cores1,pcm_cha,drd_inserts,SKT0C3,18,2651.0,transactions
correlation-fio-randwrite-cores1,pcm_cha,drd_inserts,SKT0C3,19,2639.0,transactions
correlation-fio-randwrite-cores1,pcm_cha,drd_inserts,SKT0C3,20,2904.0,transactions
correlation-fio-randwrite-cores1,pcm_cha,drd_inserts,SKT0C3,21,2322.0,transactions
correlation-fio-randwrite-cores1,pcm_cha,drd_inserts,SKT0C3,22,2462.0,transactions
correlation-fio-randwrite-cores1,pcm_cha,drd_inserts,SKT0C3,23,2780.0,transactions
correlation-fio-randwrite-cores1,pcm_cha,drd_inserts,SKT0C3,24,2296.0,transactions
correlation-fio-randwrite-cores1,pcm_cha,drd_inserts,SKT0C3,25,2196.0,transactions
correlation-fio-randwrite-cores1,pcm_cha,drd_inserts,SKT0C3,26,2304.0,transactions
correlation-fio-randwrite-cores1,pcm_cha,drd_inserts,SKT0C3,27,2653.0,transactions
correlation-fio-randwrite-cores1,pcm_cha,drd_inserts,SKT0C3,28,2367.0,transactions
correlation-fio-randwrite-cores1,pcm_cha,drd_inserts,SKT0C3,29,2610.0,transactions
correlation-fio-randwrite-cores1,pcm_cha,drd_inserts,SKT0C3,30,2693.0,transactions
correlation-fio-randwrite-cores1,pcm_cha,drd_inserts,SKT0C3,31,2922.0,transactions
correlation-fio-randwrite-cores1,pcm_cha,drd_inserts,SKT0C3,32,2469.0,transactions
correlation-fio-randwrite-cores1,pcm_cha,drd_inserts,SKT0C3,33,2446.0,transactions
correlation-fio-randwrite-cores1,pcm_cha,drd_inserts,SKT0C3,34,2444.0,transactions
correlation-fio-randwrite-cores1,pcm_cha,drd_inserts,SKT0C3,35,2402.0,transactions
correlation-fio-randwrite-cores1,pcm_cha,drd_inserts,SKT0C3,36,2334.0,transactions
correlation-fio-randwrite-cores1,pcm_cha,drd_inserts,SKT0C3,37,2208.0,transactions
correlation-fio-randwrite-cores1,pcm_cha,drd_inserts,SKT0C3,38,2832.0,transactions
correlation-fio-randwrite-cores1,pcm_cha,drd_inserts,SKT0C3,39,8027.0,transactions
correlation-fio-randwrite-cores1,pcm_cha,drd_inserts,SKT0C3,40,5285.0,transactions
correlation-fio-randwrite-cores1,pcm_cha,drd_inserts,SKT0C3,41,7920.0,transactions
correlation-fio-randwrite-cores1,pcm_cha,drd_inserts,SKT0C3,42,3729.0,transactions
correlation-fio-randwrite-cores1,pcm_cha,drd_inserts,SKT0C3,43,2493.0,transactions
correlation-fio-randwrite-cores1,pcm_cha,drd_inserts,SKT0C3,44,2508.0,transactions
correlation-fio-randwrite-cores1,pcm_cha,drd_inserts,SKT0C3,45,2388.0,transactions
correlation-fio-randwrite-cores1,pcm_cha,drd_inserts,SKT0C3,46,2660.0,transactions
correlation-fio-randwrite-cores1,pcm_cha,drd_inserts,SKT0C3,47,2649.0,transactions
correlation-fio-randwrite-cores1,pcm_cha,drd_inserts,SKT0C3,48,2223.0,transactions
correlation-fio-randwrite-cores1,pcm_cha,drd_inserts,SKT0C3,49,2667.0,transactions
correlation-fio-randwrite-cores1,pcm_cha,drd_inserts,SKT0C3,50,2995.0,transactions
correlation-fio-randwrite-cores1,pcm_cha,drd_inserts,SKT0C3,51,2264.0,transactions
correlation-fio-randwrite-cores1,pcm_cha,drd_inserts,SKT0C3,52,2250.0,transactions
correlation-fio-randwrite-cores1,pcm_cha,drd_inserts,SKT0C3,53,2200.0,transactions
correlation-fio-randwrite-cores1,pcm_cha,drd_inserts,SKT0C3,54,2425.0,transactions
correlation-fio-randwrite-cores1,pcm_cha,drd_inserts,SKT0C3,55,2888.0,transactions
correlation-fio-randwrite-cores1,pcm_cha,drd_inserts,SKT0C3,56,2361.0,transactions
correlation-fio-randwrite-cores1,pcm_cha,drd_inserts,SKT0C3,57,2318.0,transactions
correlation-fio-randwrite-cores1,pcm_cha,drd_inserts,SKT0C3,58,2290.0,transactions
correlation-fio-randwrite-cores1,pcm_cha,drd_inserts,SKT0C3,59,2768.0,transactions
correlation-fio-randwrite-cores1,pcm_cha,drd_inserts,SKT0C4,0,8972.0,transactions
correlation-fio-randwrite-cores1,pcm_cha,drd_inserts,SKT0C4,1,3488.0,transactions
correlation-fio-randwrite-cores1,pcm_cha,drd_inserts,SKT0C4,2,2567.0,transactions
correlation-fio-randwrite-cores1,pcm_cha,drd_inserts,SKT0C4,3,2831.0,transactions
correlation-fio-randwrite-cores1,pcm_cha,drd_inserts,SKT0C4,4,2691.0,transactions
correlation-fio-randwrite-cores1,pcm_cha,drd_inserts,SKT0C4,5,2808.0,transactions
correlation-fio-randwrite-cores1,pcm_cha,drd_inserts,SKT0C4,6,2413.0,transactions
correlation-fio-randwrite-cores1,pcm_cha,drd_inserts,SKT0C4,7,2868.0,transactions
correlation-fio-randwrite-cores1,pcm_cha,drd_inserts,SKT0C4,8,2584.0,transactions
correlation-fio-randwrite-cores1,pcm_cha,drd_inserts,SKT0C4,9,2573.0,transactions
correlation-fio-randwrite-cores1,pcm_cha,drd_inserts,SKT0C4,10,2718.0,transactions
correlation-fio-randwrite-cores1,pcm_cha,drd_inserts,SKT0C4,11,3067.0,transactions
correlation-fio-randwrite-cores1,pcm_cha,drd_inserts,SKT0C4,12,2400.0,transactions
correlation-fio-randwrite-cores1,pcm_cha,drd_inserts,SKT0C4,13,2912.0,transactions
correlation-fio-randwrite-cores1,pcm_cha,drd_inserts,SKT0C4,14,2674.0,transactions
correlation-fio-randwrite-cores1,pcm_cha,drd_inserts,SKT0C4,15,2829.0,transactions
correlation-fio-randwrite-cores1,pcm_cha,drd_inserts,SKT0C4,16,2941.0,transactions
correlation-fio-randwrite-cores1,pcm_cha,drd_inserts,SKT0C4,17,3943.0,transactions
correlation-fio-randwrite-cores1,pcm_cha,drd_inserts,SKT0C4,18,2859.0,transactions
correlation-fio-randwrite-cores1,pcm_cha,drd_inserts,SKT0C4,19,2743.0,transactions
correlation-fio-randwrite-cores1,pcm_cha,drd_inserts,SKT0C4,20,3106.0,transactions
correlation-fio-randwrite-cores1,pcm_cha,drd_inserts,SKT0C4,21,2576.0,transactions
correlation-fio-randwrite-cores1,pcm_cha,drd_inserts,SKT0C4,22,2710.0,transactions
correlation-fio-randwrite-cores1,pcm_cha,drd_inserts,SKT0C4,23,2945.0,transactions
correlation-fio-randwrite-cores1,pcm_cha,drd_inserts,SKT0C4,24,2532.0,transactions
correlation-fio-randwrite-cores1,pcm_cha,drd_inserts,SKT0C4,25,2434.0,transactions
correlation-fio-randwrite-cores1,pcm_cha,drd_inserts,SKT0C4,26,2564.0,transactions
correlation-fio-randwrite-cores1,pcm_cha,drd_inserts,SKT0C4,27,2808.0,transactions
correlation-fio-randwrite-cores1,pcm_cha,drd_inserts,SKT0C4,28,2570.0,transactions
correlation-fio-randwrite-cores1,pcm_cha,drd_inserts,SKT0C4,29,2822.0,transactions
correlation-fio-randwrite-cores1,pcm_cha,drd_inserts,SKT0C4,30,2793.0,transactions
correlation-fio-randwrite-cores1,pcm_cha,drd_inserts,SKT0C4,31,3047.0,transactions
correlation-fio-randwrite-cores1,pcm_cha,drd_inserts,SKT0C4,32,2690.0,transactions
correlation-fio-randwrite-cores1,pcm_cha,drd_inserts,SKT0C4,33,2661.0,transactions
correlation-fio-randwrite-cores1,pcm_cha,drd_inserts,SKT0C4,34,2681.0,transactions
correlation-fio-randwrite-cores1,pcm_cha,drd_inserts,SKT0C4,35,2574.0,transactions
correlation-fio-randwrite-cores1,pcm_cha,drd_inserts,SKT0C4,36,2529.0,transactions
correlation-fio-randwrite-cores1,pcm_cha,drd_inserts,SKT0C4,37,2515.0,transactions
correlation-fio-randwrite-cores1,pcm_cha,drd_inserts,SKT0C4,38,2950.0,transactions
correlation-fio-randwrite-cores1,pcm_cha,drd_inserts,SKT0C4,39,8195.0,transactions
correlation-fio-randwrite-cores1,pcm_cha,drd_inserts,SKT0C4,40,5439.0,transactions
correlation-fio-randwrite-cores1,pcm_cha,drd_inserts,SKT0C4,41,8054.0,transactions
correlation-fio-randwrite-cores1,pcm_cha,drd_inserts,SKT0C4,42,4054.0,transactions
correlation-fio-randwrite-cores1,pcm_cha,drd_inserts,SKT0C4,43,2713.0,transactions
correlation-fio-randwrite-cores1,pcm_cha,drd_inserts,SKT0C4,44,2752.0,transactions
correlation-fio-randwrite-cores1,pcm_cha,drd_inserts,SKT0C4,45,2610.0,transactions
correlation-fio-randwrite-cores1,pcm_cha,drd_inserts,SKT0C4,46,2874.0,transactions
correlation-fio-randwrite-cores1,pcm_cha,drd_inserts,SKT0C4,47,2873.0,transactions
correlation-fio-randwrite-cores1,pcm_cha,drd_inserts,SKT0C4,48,2353.0,transactions
correlation-fio-randwrite-cores1,pcm_cha,drd_inserts,SKT0C4,49,2713.0,transactions
correlation-fio-randwrite-cores1,pcm_cha,drd_inserts,SKT0C4,50,3136.0,transactions
correlation-fio-randwrite-cores1,pcm_cha,drd_inserts,SKT0C4,51,2384.0,transactions
correlation-fio-randwrite-cores1,pcm_cha,drd_inserts,SKT0C4,52,2488.0,transactions
correlation-fio-randwrite-cores1,pcm_cha,drd_inserts,SKT0C4,53,2466.0,transactions
correlation-fio-randwrite-cores1,pcm_cha,drd_inserts,SKT0C4,54,2597.0,transactions
correlation-fio-randwrite-cores1,pcm_cha,drd_inserts,SKT0C4,55,2944.0,transactions
correlation-fio-randwrite-cores1,pcm_cha,drd_inserts,SKT0C4,56,2558.0,transactions
correlation-fio-randwrite-cores1,pcm_cha,drd_inserts,SKT0C4,57,2575.0,transactions
correlation-fio-randwrite-cores1,pcm_cha,drd_inserts,SKT0C4,58,2586.0,transactions
correlation-fio-randwrite-cores1,pcm_cha,drd_inserts,SKT0C4,59,2954.0,transactions
correlation-fio-randwrite-cores1,pcm_cha,drd_inserts,SKT0C5,0,9337.0,transactions
correlation-fio-randwrite-cores1,pcm_cha,drd_inserts,SKT0C5,1,3510.0,transactions
correlation-fio-randwrite-cores1,pcm_cha,drd_inserts,SKT0C5,2,2619.0,transactions
correlation-fio-randwrite-cores1,pcm_cha,drd_inserts,SKT0C5,3,2826.0,transactions
correlation-fio-randwrite-cores1,pcm_cha,drd_inserts,SKT0C5,4,2729.0,transactions
correlation-fio-randwrite-cores1,pcm_cha,drd_inserts,SKT0C5,5,2898.0,transactions
correlation-fio-randwrite-cores1,pcm_cha,drd_inserts,SKT0C5,6,2466.0,transactions
correlation-fio-randwrite-cores1,pcm_cha,drd_inserts,SKT0C5,7,2877.0,transactions
correlation-fio-randwrite-cores1,pcm_cha,drd_inserts,SKT0C5,8,2589.0,transactions
correlation-fio-randwrite-cores1,pcm_cha,drd_inserts,SKT0C5,9,2572.0,transactions
correlation-fio-randwrite-cores1,pcm_cha,drd_inserts,SKT0C5,10,2749.0,transactions
correlation-fio-randwrite-cores1,pcm_cha,drd_inserts,SKT0C5,11,3113.0,transactions
correlation-fio-randwrite-cores1,pcm_cha,drd_inserts,SKT0C5,12,2387.0,transactions
correlation-fio-randwrite-cores1,pcm_cha,drd_inserts,SKT0C5,13,2920.0,transactions
correlation-fio-randwrite-cores1,pcm_cha,drd_inserts,SKT0C5,14,2635.0,transactions
correlation-fio-randwrite-cores1,pcm_cha,drd_inserts,SKT0C5,15,2814.0,transactions
correlation-fio-randwrite-cores1,pcm_cha,drd_inserts,SKT0C5,16,2913.0,transactions
correlation-fio-randwrite-cores1,pcm_cha,drd_inserts,SKT0C5,17,3951.0,transactions
correlation-fio-randwrite-cores1,pcm_cha,drd_inserts,SKT0C5,18,2806.0,transactions
correlation-fio-randwrite-cores1,pcm_cha,drd_inserts,SKT0C5,19,2833.0,transactions
correlation-fio-randwrite-cores1,pcm_cha,drd_inserts,SKT0C5,20,3190.0,transactions
correlation-fio-randwrite-cores1,pcm_cha,drd_inserts,SKT0C5,21,2563.0,transactions
correlation-fio-randwrite-cores1,pcm_cha,drd_inserts,SKT0C5,22,2708.0,transactions
correlation-fio-randwrite-cores1,pcm_cha,drd_inserts,SKT0C5,23,3011.0,transactions
correlation-fio-randwrite-cores1,pcm_cha,drd_inserts,SKT0C5,24,2638.0,transactions
correlation-fio-randwrite-cores1,pcm_cha,drd_inserts,SKT0C5,25,2466.0,transactions
correlation-fio-randwrite-cores1,pcm_cha,drd_inserts,SKT0C5,26,2519.0,transactions
correlation-fio-randwrite-cores1,pcm_cha,drd_inserts,SKT0C5,27,2753.0,transactions
correlation-fio-randwrite-cores1,pcm_cha,drd_inserts,SKT0C5,28,2531.0,transactions
correlation-fio-randwrite-cores1,pcm_cha,drd_inserts,SKT0C5,29,2858.0,transactions
correlation-fio-randwrite-cores1,pcm_cha,drd_inserts,SKT0C5,30,2941.0,transactions
correlation-fio-randwrite-cores1,pcm_cha,drd_inserts,SKT0C5,31,3111.0,transactions
correlation-fio-randwrite-cores1,pcm_cha,drd_inserts,SKT0C5,32,2679.0,transactions
correlation-fio-randwrite-cores1,pcm_cha,drd_inserts,SKT0C5,33,2710.0,transactions
correlation-fio-randwrite-cores1,pcm_cha,drd_inserts,SKT0C5,34,2659.0,transactions
correlation-fio-randwrite-cores1,pcm_cha,drd_inserts,SKT0C5,35,2656.0,transactions
correlation-fio-randwrite-cores1,pcm_cha,drd_inserts,SKT0C5,36,2582.0,transactions
correlation-fio-randwrite-cores1,pcm_cha,drd_inserts,SKT0C5,37,2524.0,transactions
correlation-fio-randwrite-cores1,pcm_cha,drd_inserts,SKT0C5,38,2939.0,transactions
correlation-fio-randwrite-cores1,pcm_cha,drd_inserts,SKT0C5,39,8241.0,transactions
correlation-fio-randwrite-cores1,pcm_cha,drd_inserts,SKT0C5,40,5450.0,transactions
correlation-fio-randwrite-cores1,pcm_cha,drd_inserts,SKT0C5,41,8282.0,transactions
correlation-fio-randwrite-cores1,pcm_cha,drd_inserts,SKT0C5,42,4045.0,transactions
correlation-fio-randwrite-cores1,pcm_cha,drd_inserts,SKT0C5,43,2757.0,transactions
correlation-fio-randwrite-cores1,pcm_cha,drd_inserts,SKT0C5,44,2783.0,transactions
correlation-fio-randwrite-cores1,pcm_cha,drd_inserts,SKT0C5,45,2547.0,transactions
correlation-fio-randwrite-cores1,pcm_cha,drd_inserts,SKT0C5,46,2846.0,transactions
correlation-fio-randwrite-cores1,pcm_cha,drd_inserts,SKT0C5,47,2823.0,transactions
correlation-fio-randwrite-cores1,pcm_cha,drd_inserts,SKT0C5,48,2377.0,transactions
correlation-fio-randwrite-cores1,pcm_cha,drd_inserts,SKT0C5,49,2778.0,transactions
correlation-fio-randwrite-cores1,pcm_cha,drd_inserts,SKT0C5,50,3160.0,transactions
correlation-fio-randwrite-cores1,pcm_cha,drd_inserts,SKT0C5,51,2468.0,transactions
correlation-fio-randwrite-cores1,pcm_cha,drd_inserts,SKT0C5,52,2492.0,transactions
correlation-fio-randwrite-cores1,pcm_cha,drd_inserts,SKT0C5,53,2432.0,transactions
correlation-fio-randwrite-cores1,pcm_cha,drd_inserts,SKT0C5,54,2648.0,transactions
correlation-fio-randwrite-cores1,pcm_cha,drd_inserts,SKT0C5,55,3028.0,transactions
correlation-fio-randwrite-cores1,pcm_cha,drd_inserts,SKT0C5,56,2661.0,transactions
correlation-fio-randwrite-cores1,pcm_cha,drd_inserts,SKT0C5,57,2550.0,transactions
correlation-fio-randwrite-cores1,pcm_cha,drd_inserts,SKT0C5,58,2591.0,transactions
correlation-fio-randwrite-cores1,pcm_cha,drd_inserts,SKT0C5,59,2934.0,transactions
correlation-fio-randwrite-cores1,pcm_cha,drd_inserts,SKT0C6,0,9156.0,transactions
correlation-fio-randwrite-cores1,pcm_cha,drd_inserts,SKT0C6,1,3395.0,transactions
correlation-fio-randwrite-cores1,pcm_cha,drd_inserts,SKT0C6,2,2536.0,transactions
correlation-fio-randwrite-cores1,pcm_cha,drd_inserts,SKT0C6,3,2782.0,transactions
correlation-fio-randwrite-cores1,pcm_cha,drd_inserts,SKT0C6,4,2716.0,transactions
correlation-fio-randwrite-cores1,pcm_cha,drd_inserts,SKT0C6,5,2828.0,transactions
correlation-fio-randwrite-cores1,pcm_cha,drd_inserts,SKT0C6,6,2353.0,transactions
correlation-fio-randwrite-cores1,pcm_cha,drd_inserts,SKT0C6,7,2881.0,transactions
correlation-fio-randwrite-cores1,pcm_cha,drd_inserts,SKT0C6,8,2530.0,transactions
correlation-fio-randwrite-cores1,pcm_cha,drd_inserts,SKT0C6,9,2642.0,transactions
correlation-fio-randwrite-cores1,pcm_cha,drd_inserts,SKT0C6,10,2757.0,transactions
correlation-fio-randwrite-cores1,pcm_cha,drd_inserts,SKT0C6,11,3156.0,transactions
correlation-fio-randwrite-cores1,pcm_cha,drd_inserts,SKT0C6,12,2417.0,transactions
correlation-fio-randwrite-cores1,pcm_cha,drd_inserts,SKT0C6,13,2968.0,transactions
correlation-fio-randwrite-cores1,pcm_cha,drd_inserts,SKT0C6,14,2652.0,transactions
correlation-fio-randwrite-cores1,pcm_cha,drd_inserts,SKT0C6,15,2868.0,transactions
correlation-fio-randwrite-cores1,pcm_cha,drd_inserts,SKT0C6,16,2978.0,transactions
correlation-fio-randwrite-cores1,pcm_cha,drd_inserts,SKT0C6,17,4002.0,transactions
correlation-fio-randwrite-cores1,pcm_cha,drd_inserts,SKT0C6,18,2860.0,transactions
correlation-fio-randwrite-cores1,pcm_cha,drd_inserts,SKT0C6,19,2769.0,transactions
correlation-fio-randwrite-cores1,pcm_cha,drd_inserts,SKT0C6,20,3113.0,transactions
correlation-fio-randwrite-cores1,pcm_cha,drd_inserts,SKT0C6,21,2567.0,transactions
correlation-fio-randwrite-cores1,pcm_cha,drd_inserts,SKT0C6,22,2769.0,transactions
correlation-fio-randwrite-cores1,pcm_cha,drd_inserts,SKT0C6,23,2999.0,transactions
correlation-fio-randwrite-cores1,pcm_cha,drd_inserts,SKT0C6,24,2560.0,transactions
correlation-fio-randwrite-cores1,pcm_cha,drd_inserts,SKT0C6,25,2450.0,transactions
correlation-fio-randwrite-cores1,pcm_cha,drd_inserts,SKT0C6,26,2538.0,transactions
correlation-fio-randwrite-cores1,pcm_cha,drd_inserts,SKT0C6,27,2900.0,transactions
correlation-fio-randwrite-cores1,pcm_cha,drd_inserts,SKT0C6,28,2660.0,transactions
correlation-fio-randwrite-cores1,pcm_cha,drd_inserts,SKT0C6,29,2942.0,transactions
correlation-fio-randwrite-cores1,pcm_cha,drd_inserts,SKT0C6,30,2909.0,transactions
correlation-fio-randwrite-cores1,pcm_cha,drd_inserts,SKT0C6,31,3098.0,transactions
correlation-fio-randwrite-cores1,pcm_cha,drd_inserts,SKT0C6,32,2644.0,transactions
correlation-fio-randwrite-cores1,pcm_cha,drd_inserts,SKT0C6,33,2726.0,transactions
correlation-fio-randwrite-cores1,pcm_cha,drd_inserts,SKT0C6,34,2658.0,transactions
correlation-fio-randwrite-cores1,pcm_cha,drd_inserts,SKT0C6,35,2641.0,transactions
correlation-fio-randwrite-cores1,pcm_cha,drd_inserts,SKT0C6,36,2525.0,transactions
correlation-fio-randwrite-cores1,pcm_cha,drd_inserts,SKT0C6,37,2443.0,transactions
correlation-fio-randwrite-cores1,pcm_cha,drd_inserts,SKT0C6,38,2905.0,transactions
correlation-fio-randwrite-cores1,pcm_cha,drd_inserts,SKT0C6,39,8092.0,transactions
correlation-fio-randwrite-cores1,pcm_cha,drd_inserts,SKT0C6,40,5584.0,transactions
correlation-fio-randwrite-cores1,pcm_cha,drd_inserts,SKT0C6,41,8109.0,transactions
correlation-fio-randwrite-cores1,pcm_cha,drd_inserts,SKT0C6,42,4003.0,transactions
correlation-fio-randwrite-cores1,pcm_cha,drd_inserts,SKT0C6,43,2760.0,transactions
correlation-fio-randwrite-cores1,pcm_cha,drd_inserts,SKT0C6,44,2711.0,transactions
correlation-fio-randwrite-cores1,pcm_cha,drd_inserts,SKT0C6,45,2569.0,transactions
correlation-fio-randwrite-cores1,pcm_cha,drd_inserts,SKT0C6,46,2861.0,transactions
correlation-fio-randwrite-cores1,pcm_cha,drd_inserts,SKT0C6,47,2787.0,transactions
correlation-fio-randwrite-cores1,pcm_cha,drd_inserts,SKT0C6,48,2323.0,transactions
correlation-fio-randwrite-cores1,pcm_cha,drd_inserts,SKT0C6,49,2734.0,transactions
correlation-fio-randwrite-cores1,pcm_cha,drd_inserts,SKT0C6,50,3211.0,transactions
correlation-fio-randwrite-cores1,pcm_cha,drd_inserts,SKT0C6,51,2461.0,transactions
correlation-fio-randwrite-cores1,pcm_cha,drd_inserts,SKT0C6,52,2530.0,transactions
correlation-fio-randwrite-cores1,pcm_cha,drd_inserts,SKT0C6,53,2491.0,transactions
correlation-fio-randwrite-cores1,pcm_cha,drd_inserts,SKT0C6,54,2665.0,transactions
correlation-fio-randwrite-cores1,pcm_cha,drd_inserts,SKT0C6,55,3106.0,transactions
correlation-fio-randwrite-cores1,pcm_cha,drd_inserts,SKT0C6,56,2724.0,transactions
correlation-fio-randwrite-cores1,pcm_cha,drd_inserts,SKT0C6,57,2649.0,transactions
correlation-fio-randwrite-cores1,pcm_cha,drd_inserts,SKT0C6,58,2648.0,transactions
correlation-fio-randwrite-cores1,pcm_cha,drd_inserts,SKT0C6,59,2954.0,transactions
correlation-fio-randwrite-cores1,pcm_cha,drd_inserts,SKT0C7,0,9404.0,transactions
correlation-fio-randwrite-cores1,pcm_cha,drd_inserts,SKT0C7,1,3507.0,transactions
correlation-fio-randwrite-cores1,pcm_cha,drd_inserts,SKT0C7,2,2614.0,transactions
correlation-fio-randwrite-cores1,pcm_cha,drd_inserts,SKT0C7,3,2852.0,transactions
correlation-fio-randwrite-cores1,pcm_cha,drd_inserts,SKT0C7,4,2726.0,transactions
correlation-fio-randwrite-cores1,pcm_cha,drd_inserts,SKT0C7,5,2918.0,transactions
correlation-fio-randwrite-cores1,pcm_cha,drd_inserts,SKT0C7,6,2492.0,transactions
correlation-fio-randwrite-cores1,pcm_cha,drd_inserts,SKT0C7,7,2907.0,transactions
correlation-fio-randwrite-cores1,pcm_cha,drd_inserts,SKT0C7,8,2623.0,transactions
correlation-fio-randwrite-cores1,pcm_cha,drd_inserts,SKT0C7,9,2684.0,transactions
correlation-fio-randwrite-cores1,pcm_cha,drd_inserts,SKT0C7,10,2811.0,transactions
correlation-fio-randwrite-cores1,pcm_cha,drd_inserts,SKT0C7,11,3178.0,transactions
correlation-fio-randwrite-cores1,pcm_cha,drd_inserts,SKT0C7,12,2460.0,transactions
correlation-fio-randwrite-cores1,pcm_cha,drd_inserts,SKT0C7,13,2959.0,transactions
correlation-fio-randwrite-cores1,pcm_cha,drd_inserts,SKT0C7,14,2659.0,transactions
correlation-fio-randwrite-cores1,pcm_cha,drd_inserts,SKT0C7,15,2890.0,transactions
correlation-fio-randwrite-cores1,pcm_cha,drd_inserts,SKT0C7,16,3021.0,transactions
correlation-fio-randwrite-cores1,pcm_cha,drd_inserts,SKT0C7,17,3987.0,transactions
correlation-fio-randwrite-cores1,pcm_cha,drd_inserts,SKT0C7,18,2968.0,transactions
correlation-fio-randwrite-cores1,pcm_cha,drd_inserts,SKT0C7,19,2831.0,transactions
correlation-fio-randwrite-cores1,pcm_cha,drd_inserts,SKT0C7,20,3266.0,transactions
correlation-fio-randwrite-cores1,pcm_cha,drd_inserts,SKT0C7,21,2683.0,transactions
correlation-fio-randwrite-cores1,pcm_cha,drd_inserts,SKT0C7,22,2773.0,transactions
correlation-fio-randwrite-cores1,pcm_cha,drd_inserts,SKT0C7,23,3115.0,transactions
correlation-fio-randwrite-cores1,pcm_cha,drd_inserts,SKT0C7,24,2582.0,transactions
correlation-fio-randwrite-cores1,pcm_cha,drd_inserts,SKT0C7,25,2500.0,transactions
correlation-fio-randwrite-cores1,pcm_cha,drd_inserts,SKT0C7,26,2674.0,transactions
correlation-fio-randwrite-cores1,pcm_cha,drd_inserts,SKT0C7,27,2856.0,transactions
correlation-fio-randwrite-cores1,pcm_cha,drd_inserts,SKT0C7,28,2670.0,transactions
correlation-fio-randwrite-cores1,pcm_cha,drd_inserts,SKT0C7,29,2934.0,transactions
correlation-fio-randwrite-cores1,pcm_cha,drd_inserts,SKT0C7,30,2937.0,transactions
correlation-fio-randwrite-cores1,pcm_cha,drd_inserts,SKT0C7,31,3122.0,transactions
correlation-fio-randwrite-cores1,pcm_cha,drd_inserts,SKT0C7,32,2723.0,transactions
correlation-fio-randwrite-cores1,pcm_cha,drd_inserts,SKT0C7,33,2678.0,transactions
correlation-fio-randwrite-cores1,pcm_cha,drd_inserts,SKT0C7,34,2628.0,transactions
correlation-fio-randwrite-cores1,pcm_cha,drd_inserts,SKT0C7,35,2685.0,transactions
correlation-fio-randwrite-cores1,pcm_cha,drd_inserts,SKT0C7,36,2589.0,transactions
correlation-fio-randwrite-cores1,pcm_cha,drd_inserts,SKT0C7,37,2516.0,transactions
correlation-fio-randwrite-cores1,pcm_cha,drd_inserts,SKT0C7,38,2967.0,transactions
correlation-fio-randwrite-cores1,pcm_cha,drd_inserts,SKT0C7,39,8439.0,transactions
correlation-fio-randwrite-cores1,pcm_cha,drd_inserts,SKT0C7,40,5600.0,transactions
correlation-fio-randwrite-cores1,pcm_cha,drd_inserts,SKT0C7,41,8301.0,transactions
correlation-fio-randwrite-cores1,pcm_cha,drd_inserts,SKT0C7,42,4124.0,transactions
correlation-fio-randwrite-cores1,pcm_cha,drd_inserts,SKT0C7,43,2875.0,transactions
correlation-fio-randwrite-cores1,pcm_cha,drd_inserts,SKT0C7,44,2851.0,transactions
correlation-fio-randwrite-cores1,pcm_cha,drd_inserts,SKT0C7,45,2809.0,transactions
correlation-fio-randwrite-cores1,pcm_cha,drd_inserts,SKT0C7,46,3060.0,transactions
correlation-fio-randwrite-cores1,pcm_cha,drd_inserts,SKT0C7,47,3019.0,transactions
correlation-fio-randwrite-cores1,pcm_cha,drd_inserts,SKT0C7,48,2463.0,transactions
correlation-fio-randwrite-cores1,pcm_cha,drd_inserts,SKT0C7,49,2880.0,transactions
correlation-fio-randwrite-cores1,pcm_cha,drd_inserts,SKT0C7,50,3328.0,transactions
correlation-fio-randwrite-cores1,pcm_cha,drd_inserts,SKT0C7,51,2505.0,transactions
correlation-fio-randwrite-cores1,pcm_cha,drd_inserts,SKT0C7,52,2555.0,transactions
correlation-fio-randwrite-cores1,pcm_cha,drd_inserts,SKT0C7,53,2502.0,transactions
correlation-fio-randwrite-cores1,pcm_cha,drd_inserts,SKT0C7,54,2629.0,transactions
correlation-fio-randwrite-cores1,pcm_cha,drd_inserts,SKT0C7,55,3128.0,transactions
correlation-fio-randwrite-cores1,pcm_cha,drd_inserts,SKT0C7,56,2671.0,transactions
correlation-fio-randwrite-cores1,pcm_cha,drd_inserts,SKT0C7,57,2629.0,transactions
correlation-fio-randwrite-cores1,pcm_cha,drd_inserts,SKT0C7,58,2664.0,transactions
correlation-fio-randwrite-cores1,pcm_cha,drd_inserts,SKT0C7,59,3024.0,transactions
correlation-fio-randwrite-cores1,pcm_cha,drd_inserts,SKT0C8,0,9212.0,transactions
correlation-fio-randwrite-cores1,pcm_cha,drd_inserts,SKT0C8,1,3317.0,transactions
correlation-fio-randwrite-cores1,pcm_cha,drd_inserts,SKT0C8,2,2496.0,transactions
correlation-fio-randwrite-cores1,pcm_cha,drd_inserts,SKT0C8,3,2716.0,transactions
correlation-fio-randwrite-cores1,pcm_cha,drd_inserts,SKT0C8,4,2548.0,transactions
correlation-fio-randwrite-cores1,pcm_cha,drd_inserts,SKT0C8,5,2791.0,transactions
correlation-fio-randwrite-cores1,pcm_cha,drd_inserts,SKT0C8,6,2320.0,transactions
correlation-fio-randwrite-cores1,pcm_cha,drd_inserts,SKT0C8,7,2715.0,transactions
correlation-fio-randwrite-cores1,pcm_cha,drd_inserts,SKT0C8,8,2478.0,transactions
correlation-fio-randwrite-cores1,pcm_cha,drd_inserts,SKT0C8,9,2552.0,transactions
correlation-fio-randwrite-cores1,pcm_cha,drd_inserts,SKT0C8,10,2646.0,transactions
correlation-fio-randwrite-cores1,pcm_cha,drd_inserts,SKT0C8,11,2973.0,transactions
correlation-fio-randwrite-cores1,pcm_cha,drd_inserts,SKT0C8,12,2293.0,transactions
correlation-fio-randwrite-cores1,pcm_cha,drd_inserts,SKT0C8,13,2769.0,transactions
correlation-fio-randwrite-cores1,pcm_cha,drd_inserts,SKT0C8,14,2471.0,transactions
correlation-fio-randwrite-cores1,pcm_cha,drd_inserts,SKT0C8,15,2766.0,transactions
correlation-fio-randwrite-cores1,pcm_cha,drd_inserts,SKT0C8,16,2871.0,transactions
correlation-fio-randwrite-cores1,pcm_cha,drd_inserts,SKT0C8,17,3835.0,transactions
correlation-fio-randwrite-cores1,pcm_cha,drd_inserts,SKT0C8,18,2813.0,transactions
correlation-fio-randwrite-cores1,pcm_cha,drd_inserts,SKT0C8,19,2616.0,transactions
correlation-fio-randwrite-cores1,pcm_cha,drd_inserts,SKT0C8,20,3012.0,transactions
correlation-fio-randwrite-cores1,pcm_cha,drd_inserts,SKT0C8,21,2532.0,transactions
correlation-fio-randwrite-cores1,pcm_cha,drd_inserts,SKT0C8,22,2662.0,transactions
correlation-fio-randwrite-cores1,pcm_cha,drd_inserts,SKT0C8,23,2930.0,transactions
correlation-fio-randwrite-cores1,pcm_cha,drd_inserts,SKT0C8,24,2447.0,transactions
correlation-fio-randwrite-cores1,pcm_cha,drd_inserts,SKT0C8,25,2309.0,transactions
correlation-fio-randwrite-cores1,pcm_cha,drd_inserts,SKT0C8,26,2495.0,transactions
correlation-fio-randwrite-cores1,pcm_cha,drd_inserts,SKT0C8,27,2736.0,transactions
correlation-fio-randwrite-cores1,pcm_cha,drd_inserts,SKT0C8,28,2522.0,transactions
correlation-fio-randwrite-cores1,pcm_cha,drd_inserts,SKT0C8,29,2763.0,transactions
correlation-fio-randwrite-cores1,pcm_cha,drd_inserts,SKT0C8,30,2781.0,transactions
correlation-fio-randwrite-cores1,pcm_cha,drd_inserts,SKT0C8,31,2987.0,transactions
correlation-fio-randwrite-cores1,pcm_cha,drd_inserts,SKT0C8,32,2694.0,transactions
correlation-fio-randwrite-cores1,pcm_cha,drd_inserts,SKT0C8,33,2653.0,transactions
correlation-fio-randwrite-cores1,pcm_cha,drd_inserts,SKT0C8,34,2571.0,transactions
correlation-fio-randwrite-cores1,pcm_cha,drd_inserts,SKT0C8,35,2500.0,transactions
correlation-fio-randwrite-cores1,pcm_cha,drd_inserts,SKT0C8,36,2402.0,transactions
correlation-fio-randwrite-cores1,pcm_cha,drd_inserts,SKT0C8,37,2329.0,transactions
correlation-fio-randwrite-cores1,pcm_cha,drd_inserts,SKT0C8,38,2771.0,transactions
correlation-fio-randwrite-cores1,pcm_cha,drd_inserts,SKT0C8,39,8130.0,transactions
correlation-fio-randwrite-cores1,pcm_cha,drd_inserts,SKT0C8,40,5270.0,transactions
correlation-fio-randwrite-cores1,pcm_cha,drd_inserts,SKT0C8,41,8179.0,transactions
correlation-fio-randwrite-cores1,pcm_cha,drd_inserts,SKT0C8,42,3896.0,transactions
correlation-fio-randwrite-cores1,pcm_cha,drd_inserts,SKT0C8,43,2656.0,transactions
correlation-fio-randwrite-cores1,pcm_cha,drd_inserts,SKT0C8,44,2686.0,transactions
correlation-fio-randwrite-cores1,pcm_cha,drd_inserts,SKT0C8,45,2587.0,transactions
correlation-fio-randwrite-cores1,pcm_cha,drd_inserts,SKT0C8,46,2794.0,transactions
correlation-fio-randwrite-cores1,pcm_cha,drd_inserts,SKT0C8,47,2806.0,transactions
correlation-fio-randwrite-cores1,pcm_cha,drd_inserts,SKT0C8,48,2365.0,transactions
correlation-fio-randwrite-cores1,pcm_cha,drd_inserts,SKT0C8,49,2750.0,transactions
correlation-fio-randwrite-cores1,pcm_cha,drd_inserts,SKT0C8,50,3156.0,transactions
correlation-fio-randwrite-cores1,pcm_cha,drd_inserts,SKT0C8,51,2334.0,transactions
correlation-fio-randwrite-cores1,pcm_cha,drd_inserts,SKT0C8,52,2456.0,transactions
correlation-fio-randwrite-cores1,pcm_cha,drd_inserts,SKT0C8,53,2365.0,transactions
correlation-fio-randwrite-cores1,pcm_cha,drd_inserts,SKT0C8,54,2562.0,transactions
correlation-fio-randwrite-cores1,pcm_cha,drd_inserts,SKT0C8,55,3013.0,transactions
correlation-fio-randwrite-cores1,pcm_cha,drd_inserts,SKT0C8,56,2523.0,transactions
correlation-fio-randwrite-cores1,pcm_cha,drd_inserts,SKT0C8,57,2486.0,transactions
correlation-fio-randwrite-cores1,pcm_cha,drd_inserts,SKT0C8,58,2545.0,transactions
correlation-fio-randwrite-cores1,pcm_cha,drd_inserts,SKT0C8,59,2835.0,transactions
correlation-fio-randwrite-cores1,pcm_cha,drd_inserts,SKT0C9,0,9604.0,transactions
correlation-fio-randwrite-cores1,pcm_cha,drd_inserts,SKT0C9,1,3642.0,transactions
correlation-fio-randwrite-cores1,pcm_cha,drd_inserts,SKT0C9,2,2798.0,transactions
correlation-fio-randwrite-cores1,pcm_cha,drd_inserts,SKT0C9,3,2968.0,transactions
correlation-fio-randwrite-cores1,pcm_cha,drd_inserts,SKT0C9,4,2909.0,transactions
correlation-fio-randwrite-cores1,pcm_cha,drd_inserts,SKT0C9,5,3029.0,transactions
correlation-fio-randwrite-cores1,pcm_cha,drd_inserts,SKT0C9,6,2657.0,transactions
correlation-fio-randwrite-cores1,pcm_cha,drd_inserts,SKT0C9,7,3101.0,transactions
correlation-fio-randwrite-cores1,pcm_cha,drd_inserts,SKT0C9,8,2747.0,transactions
correlation-fio-randwrite-cores1,pcm_cha,drd_inserts,SKT0C9,9,2779.0,transactions
correlation-fio-randwrite-cores1,pcm_cha,drd_inserts,SKT0C9,10,2859.0,transactions
correlation-fio-randwrite-cores1,pcm_cha,drd_inserts,SKT0C9,11,3211.0,transactions
correlation-fio-randwrite-cores1,pcm_cha,drd_inserts,SKT0C9,12,2564.0,transactions
correlation-fio-randwrite-cores1,pcm_cha,drd_inserts,SKT0C9,13,3047.0,transactions
correlation-fio-randwrite-cores1,pcm_cha,drd_inserts,SKT0C9,14,2850.0,transactions
correlation-fio-randwrite-cores1,pcm_cha,drd_inserts,SKT0C9,15,3026.0,transactions
correlation-fio-randwrite-cores1,pcm_cha,drd_inserts,SKT0C9,16,3182.0,transactions
correlation-fio-randwrite-cores1,pcm_cha,drd_inserts,SKT0C9,17,4060.0,transactions
correlation-fio-randwrite-cores1,pcm_cha,drd_inserts,SKT0C9,18,3015.0,transactions
correlation-fio-randwrite-cores1,pcm_cha,drd_inserts,SKT0C9,19,2888.0,transactions
correlation-fio-randwrite-cores1,pcm_cha,drd_inserts,SKT0C9,20,3309.0,transactions
correlation-fio-randwrite-cores1,pcm_cha,drd_inserts,SKT0C9,21,2795.0,transactions
correlation-fio-randwrite-cores1,pcm_cha,drd_inserts,SKT0C9,22,2888.0,transactions
correlation-fio-randwrite-cores1,pcm_cha,drd_inserts,SKT0C9,23,3298.0,transactions
correlation-fio-randwrite-cores1,pcm_cha,drd_inserts,SKT0C9,24,2776.0,transactions
correlation-fio-randwrite-cores1,pcm_cha,drd_inserts,SKT0C9,25,2636.0,transactions
correlation-fio-randwrite-cores1,pcm_cha,drd_inserts,SKT0C9,26,2764.0,transactions
correlation-fio-randwrite-cores1,pcm_cha,drd_inserts,SKT0C9,27,2982.0,transactions
correlation-fio-randwrite-cores1,pcm_cha,drd_inserts,SKT0C9,28,2817.0,transactions
correlation-fio-randwrite-cores1,pcm_cha,drd_inserts,SKT0C9,29,2965.0,transactions
correlation-fio-randwrite-cores1,pcm_cha,drd_inserts,SKT0C9,30,3042.0,transactions
correlation-fio-randwrite-cores1,pcm_cha,drd_inserts,SKT0C9,31,3285.0,transactions
correlation-fio-randwrite-cores1,pcm_cha,drd_inserts,SKT0C9,32,2916.0,transactions
correlation-fio-randwrite-cores1,pcm_cha,drd_inserts,SKT0C9,33,2932.0,transactions
correlation-fio-randwrite-cores1,pcm_cha,drd_inserts,SKT0C9,34,2872.0,transactions
correlation-fio-randwrite-cores1,pcm_cha,drd_inserts,SKT0C9,35,2786.0,transactions
correlation-fio-randwrite-cores1,pcm_cha,drd_inserts,SKT0C9,36,2760.0,transactions
correlation-fio-randwrite-cores1,pcm_cha,drd_inserts,SKT0C9,37,2708.0,transactions
correlation-fio-randwrite-cores1,pcm_cha,drd_inserts,SKT0C9,38,3107.0,transactions
correlation-fio-randwrite-cores1,pcm_cha,drd_inserts,SKT0C9,39,8314.0,transactions
correlation-fio-randwrite-cores1,pcm_cha,drd_inserts,SKT0C9,40,5661.0,transactions
correlation-fio-randwrite-cores1,pcm_cha,drd_inserts,SKT0C9,41,8432.0,transactions
correlation-fio-randwrite-cores1,pcm_cha,drd_inserts,SKT0C9,42,4160.0,transactions
correlation-fio-randwrite-cores1,pcm_cha,drd_inserts,SKT0C9,43,2855.0,transactions
correlation-fio-randwrite-cores1,pcm_cha,drd_inserts,SKT0C9,44,2906.0,transactions
correlation-fio-randwrite-cores1,pcm_cha,drd_inserts,SKT0C9,45,2788.0,transactions
correlation-fio-randwrite-cores1,pcm_cha,drd_inserts,SKT0C9,46,3038.0,transactions
correlation-fio-randwrite-cores1,pcm_cha,drd_inserts,SKT0C9,47,3019.0,transactions
correlation-fio-randwrite-cores1,pcm_cha,drd_inserts,SKT0C9,48,2714.0,transactions
correlation-fio-randwrite-cores1,pcm_cha,drd_inserts,SKT0C9,49,3043.0,transactions
correlation-fio-randwrite-cores1,pcm_cha,drd_inserts,SKT0C9,50,3409.0,transactions
correlation-fio-randwrite-cores1,pcm_cha,drd_inserts,SKT0C9,51,2564.0,transactions
correlation-fio-randwrite-cores1,pcm_cha,drd_inserts,SKT0C9,52,2703.0,transactions
correlation-fio-randwrite-cores1,pcm_cha,drd_inserts,SKT0C9,53,2553.0,transactions
correlation-fio-randwrite-cores1,pcm_cha,drd_inserts,SKT0C9,54,2847.0,transactions
correlation-fio-randwrite-cores1,pcm_cha,drd_inserts,SKT0C9,55,3292.0,transactions
correlation-fio-randwrite-cores1,pcm_cha,drd_inserts,SKT0C9,56,2833.0,transactions
correlation-fio-randwrite-cores1,pcm_cha,drd_inserts,SKT0C9,57,2700.0,transactions
correlation-fio-randwrite-cores1,pcm_cha,drd_inserts,SKT0C9,58,2690.0,transactions
correlation-fio-randwrite-cores1,pcm_cha,drd_inserts,SKT0C9,59,3111.0,transactions
correlation-fio-randwrite-cores1,pcm_cha,drd_inserts,SKT0C10,0,9555.0,transactions
correlation-fio-randwrite-cores1,pcm_cha,drd_inserts,SKT0C10,1,3541.0,transactions
correlation-fio-randwrite-cores1,pcm_cha,drd_inserts,SKT0C10,2,2593.0,transactions
correlation-fio-randwrite-cores1,pcm_cha,drd_inserts,SKT0C10,3,2915.0,transactions
correlation-fio-randwrite-cores1,pcm_cha,drd_inserts,SKT0C10,4,2809.0,transactions
correlation-fio-randwrite-cores1,pcm_cha,drd_inserts,SKT0C10,5,2919.0,transactions
correlation-fio-randwrite-cores1,pcm_cha,drd_inserts,SKT0C10,6,2380.0,transactions
correlation-fio-randwrite-cores1,pcm_cha,drd_inserts,SKT0C10,7,2974.0,transactions
correlation-fio-randwrite-cores1,pcm_cha,drd_inserts,SKT0C10,8,2609.0,transactions
correlation-fio-randwrite-cores1,pcm_cha,drd_inserts,SKT0C10,9,2799.0,transactions
correlation-fio-randwrite-cores1,pcm_cha,drd_inserts,SKT0C10,10,2805.0,transactions
correlation-fio-randwrite-cores1,pcm_cha,drd_inserts,SKT0C10,11,3139.0,transactions
correlation-fio-randwrite-cores1,pcm_cha,drd_inserts,SKT0C10,12,2497.0,transactions
correlation-fio-randwrite-cores1,pcm_cha,drd_inserts,SKT0C10,13,2964.0,transactions
correlation-fio-randwrite-cores1,pcm_cha,drd_inserts,SKT0C10,14,2727.0,transactions
correlation-fio-randwrite-cores1,pcm_cha,drd_inserts,SKT0C10,15,2853.0,transactions
correlation-fio-randwrite-cores1,pcm_cha,drd_inserts,SKT0C10,16,2987.0,transactions
correlation-fio-randwrite-cores1,pcm_cha,drd_inserts,SKT0C10,17,3935.0,transactions
correlation-fio-randwrite-cores1,pcm_cha,drd_inserts,SKT0C10,18,2944.0,transactions
correlation-fio-randwrite-cores1,pcm_cha,drd_inserts,SKT0C10,19,2864.0,transactions
correlation-fio-randwrite-cores1,pcm_cha,drd_inserts,SKT0C10,20,3209.0,transactions
correlation-fio-randwrite-cores1,pcm_cha,drd_inserts,SKT0C10,21,2624.0,transactions
correlation-fio-randwrite-cores1,pcm_cha,drd_inserts,SKT0C10,22,2785.0,transactions
correlation-fio-randwrite-cores1,pcm_cha,drd_inserts,SKT0C10,23,3186.0,transactions
correlation-fio-randwrite-cores1,pcm_cha,drd_inserts,SKT0C10,24,2690.0,transactions
correlation-fio-randwrite-cores1,pcm_cha,drd_inserts,SKT0C10,25,2519.0,transactions
correlation-fio-randwrite-cores1,pcm_cha,drd_inserts,SKT0C10,26,2624.0,transactions
correlation-fio-randwrite-cores1,pcm_cha,drd_inserts,SKT0C10,27,2839.0,transactions
correlation-fio-randwrite-cores1,pcm_cha,drd_inserts,SKT0C10,28,2681.0,transactions
correlation-fio-randwrite-cores1,pcm_cha,drd_inserts,SKT0C10,29,3005.0,transactions
correlation-fio-randwrite-cores1,pcm_cha,drd_inserts,SKT0C10,30,3006.0,transactions
correlation-fio-randwrite-cores1,pcm_cha,drd_inserts,SKT0C10,31,3226.0,transactions
correlation-fio-randwrite-cores1,pcm_cha,drd_inserts,SKT0C10,32,2729.0,transactions
correlation-fio-randwrite-cores1,pcm_cha,drd_inserts,SKT0C10,33,2793.0,transactions
correlation-fio-randwrite-cores1,pcm_cha,drd_inserts,SKT0C10,34,2808.0,transactions
correlation-fio-randwrite-cores1,pcm_cha,drd_inserts,SKT0C10,35,2841.0,transactions
correlation-fio-randwrite-cores1,pcm_cha,drd_inserts,SKT0C10,36,2688.0,transactions
correlation-fio-randwrite-cores1,pcm_cha,drd_inserts,SKT0C10,37,2583.0,transactions
correlation-fio-randwrite-cores1,pcm_cha,drd_inserts,SKT0C10,38,3047.0,transactions
correlation-fio-randwrite-cores1,pcm_cha,drd_inserts,SKT0C10,39,8436.0,transactions
correlation-fio-randwrite-cores1,pcm_cha,drd_inserts,SKT0C10,40,5552.0,transactions
correlation-fio-randwrite-cores1,pcm_cha,drd_inserts,SKT0C10,41,8550.0,transactions
correlation-fio-randwrite-cores1,pcm_cha,drd_inserts,SKT0C10,42,4177.0,transactions
correlation-fio-randwrite-cores1,pcm_cha,drd_inserts,SKT0C10,43,2853.0,transactions
correlation-fio-randwrite-cores1,pcm_cha,drd_inserts,SKT0C10,44,2929.0,transactions
correlation-fio-randwrite-cores1,pcm_cha,drd_inserts,SKT0C10,45,2736.0,transactions
correlation-fio-randwrite-cores1,pcm_cha,drd_inserts,SKT0C10,46,3007.0,transactions
correlation-fio-randwrite-cores1,pcm_cha,drd_inserts,SKT0C10,47,2941.0,transactions
correlation-fio-randwrite-cores1,pcm_cha,drd_inserts,SKT0C10,48,2503.0,transactions
correlation-fio-randwrite-cores1,pcm_cha,drd_inserts,SKT0C10,49,2864.0,transactions
correlation-fio-randwrite-cores1,pcm_cha,drd_inserts,SKT0C10,50,3406.0,transactions
correlation-fio-randwrite-cores1,pcm_cha,drd_inserts,SKT0C10,51,2489.0,transactions
correlation-fio-randwrite-cores1,pcm_cha,drd_inserts,SKT0C10,52,2597.0,transactions
correlation-fio-randwrite-cores1,pcm_cha,drd_inserts,SKT0C10,53,2534.0,transactions
correlation-fio-randwrite-cores1,pcm_cha,drd_inserts,SKT0C10,54,2717.0,transactions
correlation-fio-randwrite-cores1,pcm_cha,drd_inserts,SKT0C10,55,3151.0,transactions
correlation-fio-randwrite-cores1,pcm_cha,drd_inserts,SKT0C10,56,2679.0,transactions
correlation-fio-randwrite-cores1,pcm_cha,drd_inserts,SKT0C10,57,2643.0,transactions
correlation-fio-randwrite-cores1,pcm_cha,drd_inserts,SKT0C10,58,2644.0,transactions
correlation-fio-randwrite-cores1,pcm_cha,drd_inserts,SKT0C10,59,3089.0,transactions
correlation-fio-randwrite-cores1,pcm_cha,drd_inserts,SKT0C11,0,9487.0,transactions
correlation-fio-randwrite-cores1,pcm_cha,drd_inserts,SKT0C11,1,3569.0,transactions
correlation-fio-randwrite-cores1,pcm_cha,drd_inserts,SKT0C11,2,2729.0,transactions
correlation-fio-randwrite-cores1,pcm_cha,drd_inserts,SKT0C11,3,2920.0,transactions
correlation-fio-randwrite-cores1,pcm_cha,drd_inserts,SKT0C11,4,2850.0,transactions
correlation-fio-randwrite-cores1,pcm_cha,drd_inserts,SKT0C11,5,2990.0,transactions
correlation-fio-randwrite-cores1,pcm_cha,drd_inserts,SKT0C11,6,2571.0,transactions
correlation-fio-randwrite-cores1,pcm_cha,drd_inserts,SKT0C11,7,2981.0,transactions
correlation-fio-randwrite-cores1,pcm_cha,drd_inserts,SKT0C11,8,2736.0,transactions
correlation-fio-randwrite-cores1,pcm_cha,drd_inserts,SKT0C11,9,2745.0,transactions
correlation-fio-randwrite-cores1,pcm_cha,drd_inserts,SKT0C11,10,2901.0,transactions
correlation-fio-randwrite-cores1,pcm_cha,drd_inserts,SKT0C11,11,3166.0,transactions
correlation-fio-randwrite-cores1,pcm_cha,drd_inserts,SKT0C11,12,2465.0,transactions
correlation-fio-randwrite-cores1,pcm_cha,drd_inserts,SKT0C11,13,3006.0,transactions
correlation-fio-randwrite-cores1,pcm_cha,drd_inserts,SKT0C11,14,2800.0,transactions
correlation-fio-randwrite-cores1,pcm_cha,drd_inserts,SKT0C11,15,3044.0,transactions
correlation-fio-randwrite-cores1,pcm_cha,drd_inserts,SKT0C11,16,3157.0,transactions
correlation-fio-randwrite-cores1,pcm_cha,drd_inserts,SKT0C11,17,4180.0,transactions
correlation-fio-randwrite-cores1,pcm_cha,drd_inserts,SKT0C11,18,3096.0,transactions
correlation-fio-randwrite-cores1,pcm_cha,drd_inserts,SKT0C11,19,2901.0,transactions
correlation-fio-randwrite-cores1,pcm_cha,drd_inserts,SKT0C11,20,3275.0,transactions
correlation-fio-randwrite-cores1,pcm_cha,drd_inserts,SKT0C11,21,2796.0,transactions
correlation-fio-randwrite-cores1,pcm_cha,drd_inserts,SKT0C11,22,3021.0,transactions
correlation-fio-randwrite-cores1,pcm_cha,drd_inserts,SKT0C11,23,3142.0,transactions
correlation-fio-randwrite-cores1,pcm_cha,drd_inserts,SKT0C11,24,2667.0,transactions
correlation-fio-randwrite-cores1,pcm_cha,drd_inserts,SKT0C11,25,2586.0,transactions
correlation-fio-randwrite-cores1,pcm_cha,drd_inserts,SKT0C11,26,2729.0,transactions
correlation-fio-randwrite-cores1,pcm_cha,drd_inserts,SKT0C11,27,2967.0,transactions
correlation-fio-randwrite-cores1,pcm_cha,drd_inserts,SKT0C11,28,2880.0,transactions
correlation-fio-randwrite-cores1,pcm_cha,drd_inserts,SKT0C11,29,3022.0,transactions
correlation-fio-randwrite-cores1,pcm_cha,drd_inserts,SKT0C11,30,3081.0,transactions
correlation-fio-randwrite-cores1,pcm_cha,drd_inserts,SKT0C11,31,3244.0,transactions
correlation-fio-randwrite-cores1,pcm_cha,drd_inserts,SKT0C11,32,2900.0,transactions
correlation-fio-randwrite-cores1,pcm_cha,drd_inserts,SKT0C11,33,2843.0,transactions
correlation-fio-randwrite-cores1,pcm_cha,drd_inserts,SKT0C11,34,2782.0,transactions
correlation-fio-randwrite-cores1,pcm_cha,drd_inserts,SKT0C11,35,2723.0,transactions
correlation-fio-randwrite-cores1,pcm_cha,drd_inserts,SKT0C11,36,2634.0,transactions
correlation-fio-randwrite-cores1,pcm_cha,drd_inserts,SKT0C11,37,2604.0,transactions
correlation-fio-randwrite-cores1,pcm_cha,drd_inserts,SKT0C11,38,3080.0,transactions
correlation-fio-randwrite-cores1,pcm_cha,drd_inserts,SKT0C11,39,8455.0,transactions
correlation-fio-randwrite-cores1,pcm_cha,drd_inserts,SKT0C11,40,5471.0,transactions
correlation-fio-randwrite-cores1,pcm_cha,drd_inserts,SKT0C11,41,8432.0,transactions
correlation-fio-randwrite-cores1,pcm_cha,drd_inserts,SKT0C11,42,4247.0,transactions
correlation-fio-randwrite-cores1,pcm_cha,drd_inserts,SKT0C11,43,2865.0,transactions
correlation-fio-randwrite-cores1,pcm_cha,drd_inserts,SKT0C11,44,2906.0,transactions
correlation-fio-randwrite-cores1,pcm_cha,drd_inserts,SKT0C11,45,2772.0,transactions
correlation-fio-randwrite-cores1,pcm_cha,drd_inserts,SKT0C11,46,3033.0,transactions
correlation-fio-randwrite-cores1,pcm_cha,drd_inserts,SKT0C11,47,3009.0,transactions
correlation-fio-randwrite-cores1,pcm_cha,drd_inserts,SKT0C11,48,2502.0,transactions
correlation-fio-randwrite-cores1,pcm_cha,drd_inserts,SKT0C11,49,2881.0,transactions
correlation-fio-randwrite-cores1,pcm_cha,drd_inserts,SKT0C11,50,3418.0,transactions
correlation-fio-randwrite-cores1,pcm_cha,drd_inserts,SKT0C11,51,2647.0,transactions
correlation-fio-randwrite-cores1,pcm_cha,drd_inserts,SKT0C11,52,2715.0,transactions
correlation-fio-randwrite-cores1,pcm_cha,drd_inserts,SKT0C11,53,2688.0,transactions
correlation-fio-randwrite-cores1,pcm_cha,drd_inserts,SKT0C11,54,2853.0,transactions
correlation-fio-randwrite-cores1,pcm_cha,drd_inserts,SKT0C11,55,3369.0,transactions
correlation-fio-randwrite-cores1,pcm_cha,drd_inserts,SKT0C11,56,2781.0,transactions
correlation-fio-randwrite-cores1,pcm_cha,drd_inserts,SKT0C11,57,2836.0,transactions
correlation-fio-randwrite-cores1,pcm_cha,drd_inserts,SKT0C11,58,2840.0,transactions
correlation-fio-randwrite-cores1,pcm_cha,drd_inserts,SKT0C11,59,3183.0,transactions
correlation-fio-randwrite-cores1,pcm_cha,drd_inserts,SKT0C12,0,8832.0,transactions
correlation-fio-randwrite-cores1,pcm_cha,drd_inserts,SKT0C12,1,3312.0,transactions
correlation-fio-randwrite-cores1,pcm_cha,drd_inserts,SKT0C12,2,2385.0,transactions
correlation-fio-randwrite-cores1,pcm_cha,drd_inserts,SKT0C12,3,2699.0,transactions
correlation-fio-randwrite-cores1,pcm_cha,drd_inserts,SKT0C12,4,2560.0,transactions
correlation-fio-randwrite-cores1,pcm_cha,drd_inserts,SKT0C12,5,2699.0,transactions
correlation-fio-randwrite-cores1,pcm_cha,drd_inserts,SKT0C12,6,2244.0,transactions
correlation-fio-randwrite-cores1,pcm_cha,drd_inserts,SKT0C12,7,2735.0,transactions
correlation-fio-randwrite-cores1,pcm_cha,drd_inserts,SKT0C12,8,2458.0,transactions
correlation-fio-randwrite-cores1,pcm_cha,drd_inserts,SKT0C12,9,2475.0,transactions
correlation-fio-randwrite-cores1,pcm_cha,drd_inserts,SKT0C12,10,2559.0,transactions
correlation-fio-randwrite-cores1,pcm_cha,drd_inserts,SKT0C12,11,3049.0,transactions
correlation-fio-randwrite-cores1,pcm_cha,drd_inserts,SKT0C12,12,2235.0,transactions
correlation-fio-randwrite-cores1,pcm_cha,drd_inserts,SKT0C12,13,2765.0,transactions
correlation-fio-randwrite-cores1,pcm_cha,drd_inserts,SKT0C12,14,2512.0,transactions
correlation-fio-randwrite-cores1,pcm_cha,drd_inserts,SKT0C12,15,2646.0,transactions
correlation-fio-randwrite-cores1,pcm_cha,drd_inserts,SKT0C12,16,2751.0,transactions
correlation-fio-randwrite-cores1,pcm_cha,drd_inserts,SKT0C12,17,3712.0,transactions
correlation-fio-randwrite-cores1,pcm_cha,drd_inserts,SKT0C12,18,2672.0,transactions
correlation-fio-randwrite-cores1,pcm_cha,drd_inserts,SKT0C12,19,2639.0,transactions
correlation-fio-randwrite-cores1,pcm_cha,drd_inserts,SKT0C12,20,2855.0,transactions
correlation-fio-randwrite-cores1,pcm_cha,drd_inserts,SKT0C12,21,2359.0,transactions
correlation-fio-randwrite-cores1,pcm_cha,drd_inserts,SKT0C12,22,2618.0,transactions
correlation-fio-randwrite-cores1,pcm_cha,drd_inserts,SKT0C12,23,2898.0,transactions
correlation-fio-randwrite-cores1,pcm_cha,drd_inserts,SKT0C12,24,2438.0,transactions
correlation-fio-randwrite-cores1,pcm_cha,drd_inserts,SKT0C12,25,2331.0,transactions
correlation-fio-randwrite-cores1,pcm_cha,drd_inserts,SKT0C12,26,2402.0,transactions
correlation-fio-randwrite-cores1,pcm_cha,drd_inserts,SKT0C12,27,2695.0,transactions
correlation-fio-randwrite-cores1,pcm_cha,drd_inserts,SKT0C12,28,2456.0,transactions
correlation-fio-randwrite-cores1,pcm_cha,drd_inserts,SKT0C12,29,2633.0,transactions
correlation-fio-randwrite-cores1,pcm_cha,drd_inserts,SKT0C12,30,2745.0,transactions
correlation-fio-randwrite-cores1,pcm_cha,drd_inserts,SKT0C12,31,2954.0,transactions
correlation-fio-randwrite-cores1,pcm_cha,drd_inserts,SKT0C12,32,2532.0,transactions
correlation-fio-randwrite-cores1,pcm_cha,drd_inserts,SKT0C12,33,2490.0,transactions
correlation-fio-randwrite-cores1,pcm_cha,drd_inserts,SKT0C12,34,2548.0,transactions
correlation-fio-randwrite-cores1,pcm_cha,drd_inserts,SKT0C12,35,2517.0,transactions
correlation-fio-randwrite-cores1,pcm_cha,drd_inserts,SKT0C12,36,2376.0,transactions
correlation-fio-randwrite-cores1,pcm_cha,drd_inserts,SKT0C12,37,2263.0,transactions
correlation-fio-randwrite-cores1,pcm_cha,drd_inserts,SKT0C12,38,2740.0,transactions
correlation-fio-randwrite-cores1,pcm_cha,drd_inserts,SKT0C12,39,8098.0,transactions
correlation-fio-randwrite-cores1,pcm_cha,drd_inserts,SKT0C12,40,5343.0,transactions
correlation-fio-randwrite-cores1,pcm_cha,drd_inserts,SKT0C12,41,7953.0,transactions
correlation-fio-randwrite-cores1,pcm_cha,drd_inserts,SKT0C12,42,3801.0,transactions
correlation-fio-randwrite-cores1,pcm_cha,drd_inserts,SKT0C12,43,2541.0,transactions
correlation-fio-randwrite-cores1,pcm_cha,drd_inserts,SKT0C12,44,2621.0,transactions
correlation-fio-randwrite-cores1,pcm_cha,drd_inserts,SKT0C12,45,2454.0,transactions
correlation-fio-randwrite-cores1,pcm_cha,drd_inserts,SKT0C12,46,2768.0,transactions
correlation-fio-randwrite-cores1,pcm_cha,drd_inserts,SKT0C12,47,2694.0,transactions
correlation-fio-randwrite-cores1,pcm_cha,drd_inserts,SKT0C12,48,2249.0,transactions
correlation-fio-randwrite-cores1,pcm_cha,drd_inserts,SKT0C12,49,2635.0,transactions
correlation-fio-randwrite-cores1,pcm_cha,drd_inserts,SKT0C12,50,3038.0,transactions
correlation-fio-randwrite-cores1,pcm_cha,drd_inserts,SKT0C12,51,2295.0,transactions
correlation-fio-randwrite-cores1,pcm_cha,drd_inserts,SKT0C12,52,2371.0,transactions
correlation-fio-randwrite-cores1,pcm_cha,drd_inserts,SKT0C12,53,2325.0,transactions
correlation-fio-randwrite-cores1,pcm_cha,drd_inserts,SKT0C12,54,2549.0,transactions
correlation-fio-randwrite-cores1,pcm_cha,drd_inserts,SKT0C12,55,3029.0,transactions
correlation-fio-randwrite-cores1,pcm_cha,drd_inserts,SKT0C12,56,2531.0,transactions
correlation-fio-randwrite-cores1,pcm_cha,drd_inserts,SKT0C12,57,2471.0,transactions
correlation-fio-randwrite-cores1,pcm_cha,drd_inserts,SKT0C12,58,2443.0,transactions
correlation-fio-randwrite-cores1,pcm_cha,drd_inserts,SKT0C12,59,2815.0,transactions
correlation-fio-randwrite-cores1,pcm_cha,drd_inserts,SKT0C13,0,8785.0,transactions
correlation-fio-randwrite-cores1,pcm_cha,drd_inserts,SKT0C13,1,3261.0,transactions
correlation-fio-randwrite-cores1,pcm_cha,drd_inserts,SKT0C13,2,2413.0,transactions
correlation-fio-randwrite-cores1,pcm_cha,drd_inserts,SKT0C13,3,2700.0,transactions
correlation-fio-randwrite-cores1,pcm_cha,drd_inserts,SKT0C13,4,2546.0,transactions
correlation-fio-randwrite-cores1,pcm_cha,drd_inserts,SKT0C13,5,2740.0,transactions
correlation-fio-randwrite-cores1,pcm_cha,drd_inserts,SKT0C13,6,2225.0,transactions
correlation-fio-randwrite-cores1,pcm_cha,drd_inserts,SKT0C13,7,2719.0,transactions
correlation-fio-randwrite-cores1,pcm_cha,drd_inserts,SKT0C13,8,2433.0,transactions
correlation-fio-randwrite-cores1,pcm_cha,drd_inserts,SKT0C13,9,2592.0,transactions
correlation-fio-randwrite-cores1,pcm_cha,drd_inserts,SKT0C13,10,2580.0,transactions
correlation-fio-randwrite-cores1,pcm_cha,drd_inserts,SKT0C13,11,3048.0,transactions
correlation-fio-randwrite-cores1,pcm_cha,drd_inserts,SKT0C13,12,2228.0,transactions
correlation-fio-randwrite-cores1,pcm_cha,drd_inserts,SKT0C13,13,2909.0,transactions
correlation-fio-randwrite-cores1,pcm_cha,drd_inserts,SKT0C13,14,2636.0,transactions
correlation-fio-randwrite-cores1,pcm_cha,drd_inserts,SKT0C13,15,2779.0,transactions
correlation-fio-randwrite-cores1,pcm_cha,drd_inserts,SKT0C13,16,2892.0,transactions
correlation-fio-randwrite-cores1,pcm_cha,drd_inserts,SKT0C13,17,3758.0,transactions
correlation-fio-randwrite-cores1,pcm_cha,drd_inserts,SKT0C13,18,2783.0,transactions
correlation-fio-randwrite-cores1,pcm_cha,drd_inserts,SKT0C13,19,2707.0,transactions
correlation-fio-randwrite-cores1,pcm_cha,drd_inserts,SKT0C13,20,2989.0,transactions
correlation-fio-randwrite-cores1,pcm_cha,drd_inserts,SKT0C13,21,2456.0,transactions
correlation-fio-randwrite-cores1,pcm_cha,drd_inserts,SKT0C13,22,2621.0,transactions
correlation-fio-randwrite-cores1,pcm_cha,drd_inserts,SKT0C13,23,2965.0,transactions
correlation-fio-randwrite-cores1,pcm_cha,drd_inserts,SKT0C13,24,2508.0,transactions
correlation-fio-randwrite-cores1,pcm_cha,drd_inserts,SKT0C13,25,2366.0,transactions
correlation-fio-randwrite-cores1,pcm_cha,drd_inserts,SKT0C13,26,2489.0,transactions
correlation-fio-randwrite-cores1,pcm_cha,drd_inserts,SKT0C13,27,2708.0,transactions
correlation-fio-randwrite-cores1,pcm_cha,drd_inserts,SKT0C13,28,2476.0,transactions
correlation-fio-randwrite-cores1,pcm_cha,drd_inserts,SKT0C13,29,2664.0,transactions
correlation-fio-randwrite-cores1,pcm_cha,drd_inserts,SKT0C13,30,2668.0,transactions
correlation-fio-randwrite-cores1,pcm_cha,drd_inserts,SKT0C13,31,3035.0,transactions
correlation-fio-randwrite-cores1,pcm_cha,drd_inserts,SKT0C13,32,2572.0,transactions
correlation-fio-randwrite-cores1,pcm_cha,drd_inserts,SKT0C13,33,2538.0,transactions
correlation-fio-randwrite-cores1,pcm_cha,drd_inserts,SKT0C13,34,2570.0,transactions
correlation-fio-randwrite-cores1,pcm_cha,drd_inserts,SKT0C13,35,2590.0,transactions
correlation-fio-randwrite-cores1,pcm_cha,drd_inserts,SKT0C13,36,2432.0,transactions
correlation-fio-randwrite-cores1,pcm_cha,drd_inserts,SKT0C13,37,2337.0,transactions
correlation-fio-randwrite-cores1,pcm_cha,drd_inserts,SKT0C13,38,2877.0,transactions
correlation-fio-randwrite-cores1,pcm_cha,drd_inserts,SKT0C13,39,8174.0,transactions
correlation-fio-randwrite-cores1,pcm_cha,drd_inserts,SKT0C13,40,5392.0,transactions
correlation-fio-randwrite-cores1,pcm_cha,drd_inserts,SKT0C13,41,8187.0,transactions
correlation-fio-randwrite-cores1,pcm_cha,drd_inserts,SKT0C13,42,3948.0,transactions
correlation-fio-randwrite-cores1,pcm_cha,drd_inserts,SKT0C13,43,2620.0,transactions
correlation-fio-randwrite-cores1,pcm_cha,drd_inserts,SKT0C13,44,2638.0,transactions
correlation-fio-randwrite-cores1,pcm_cha,drd_inserts,SKT0C13,45,2474.0,transactions
correlation-fio-randwrite-cores1,pcm_cha,drd_inserts,SKT0C13,46,2751.0,transactions
correlation-fio-randwrite-cores1,pcm_cha,drd_inserts,SKT0C13,47,2839.0,transactions
correlation-fio-randwrite-cores1,pcm_cha,drd_inserts,SKT0C13,48,2428.0,transactions
correlation-fio-randwrite-cores1,pcm_cha,drd_inserts,SKT0C13,49,2704.0,transactions
correlation-fio-randwrite-cores1,pcm_cha,drd_inserts,SKT0C13,50,3176.0,transactions
correlation-fio-randwrite-cores1,pcm_cha,drd_inserts,SKT0C13,51,2420.0,transactions
correlation-fio-randwrite-cores1,pcm_cha,drd_inserts,SKT0C13,52,2465.0,transactions
correlation-fio-randwrite-cores1,pcm_cha,drd_inserts,SKT0C13,53,2495.0,transactions
correlation-fio-randwrite-cores1,pcm_cha,drd_inserts,SKT0C13,54,2576.0,transactions
correlation-fio-randwrite-cores1,pcm_cha,drd_inserts,SKT0C13,55,3085.0,transactions
correlation-fio-randwrite-cores1,pcm_cha,drd_inserts,SKT0C13,56,2570.0,transactions
correlation-fio-randwrite-cores1,pcm_cha,drd_inserts,SKT0C13,57,2486.0,transactions
correlation-fio-randwrite-cores1,pcm_cha,drd_inserts,SKT0C13,58,2486.0,transactions
correlation-fio-randwrite-cores1,pcm_cha,drd_inserts,SKT0C13,59,2875.0,transactions
correlation-fio-randwrite-cores1,pcm_cha,drd_inserts,SKT0C14,0,9197.0,transactions
correlation-fio-randwrite-cores1,pcm_cha,drd_inserts,SKT0C14,1,3592.0,transactions
correlation-fio-randwrite-cores1,pcm_cha,drd_inserts,SKT0C14,2,2759.0,transactions
correlation-fio-randwrite-cores1,pcm_cha,drd_inserts,SKT0C14,3,2917.0,transactions
correlation-fio-randwrite-cores1,pcm_cha,drd_inserts,SKT0C14,4,2796.0,transactions
correlation-fio-randwrite-cores1,pcm_cha,drd_inserts,SKT0C14,5,3016.0,transactions
correlation-fio-randwrite-cores1,pcm_cha,drd_inserts,SKT0C14,6,2482.0,transactions
correlation-fio-randwrite-cores1,pcm_cha,drd_inserts,SKT0C14,7,3048.0,transactions
correlation-fio-randwrite-cores1,pcm_cha,drd_inserts,SKT0C14,8,2675.0,transactions
correlation-fio-randwrite-cores1,pcm_cha,drd_inserts,SKT0C14,9,2847.0,transactions
correlation-fio-randwrite-cores1,pcm_cha,drd_inserts,SKT0C14,10,2884.0,transactions
correlation-fio-randwrite-cores1,pcm_cha,drd_inserts,SKT0C14,11,3277.0,transactions
correlation-fio-randwrite-cores1,pcm_cha,drd_inserts,SKT0C14,12,2570.0,transactions
correlation-fio-randwrite-cores1,pcm_cha,drd_inserts,SKT0C14,13,3031.0,transactions
correlation-fio-randwrite-cores1,pcm_cha,drd_inserts,SKT0C14,14,2803.0,transactions
correlation-fio-randwrite-cores1,pcm_cha,drd_inserts,SKT0C14,15,2937.0,transactions
correlation-fio-randwrite-cores1,pcm_cha,drd_inserts,SKT0C14,16,3033.0,transactions
correlation-fio-randwrite-cores1,pcm_cha,drd_inserts,SKT0C14,17,4013.0,transactions
correlation-fio-randwrite-cores1,pcm_cha,drd_inserts,SKT0C14,18,3009.0,transactions
correlation-fio-randwrite-cores1,pcm_cha,drd_inserts,SKT0C14,19,2906.0,transactions
correlation-fio-randwrite-cores1,pcm_cha,drd_inserts,SKT0C14,20,3206.0,transactions
correlation-fio-randwrite-cores1,pcm_cha,drd_inserts,SKT0C14,21,2667.0,transactions
correlation-fio-randwrite-cores1,pcm_cha,drd_inserts,SKT0C14,22,2780.0,transactions
correlation-fio-randwrite-cores1,pcm_cha,drd_inserts,SKT0C14,23,3270.0,transactions
correlation-fio-randwrite-cores1,pcm_cha,drd_inserts,SKT0C14,24,2753.0,transactions
correlation-fio-randwrite-cores1,pcm_cha,drd_inserts,SKT0C14,25,2640.0,transactions
correlation-fio-randwrite-cores1,pcm_cha,drd_inserts,SKT0C14,26,2745.0,transactions
correlation-fio-randwrite-cores1,pcm_cha,drd_inserts,SKT0C14,27,3109.0,transactions
correlation-fio-randwrite-cores1,pcm_cha,drd_inserts,SKT0C14,28,2794.0,transactions
correlation-fio-randwrite-cores1,pcm_cha,drd_inserts,SKT0C14,29,2994.0,transactions
correlation-fio-randwrite-cores1,pcm_cha,drd_inserts,SKT0C14,30,2935.0,transactions
correlation-fio-randwrite-cores1,pcm_cha,drd_inserts,SKT0C14,31,3262.0,transactions
correlation-fio-randwrite-cores1,pcm_cha,drd_inserts,SKT0C14,32,2787.0,transactions
correlation-fio-randwrite-cores1,pcm_cha,drd_inserts,SKT0C14,33,2760.0,transactions
correlation-fio-randwrite-cores1,pcm_cha,drd_inserts,SKT0C14,34,2701.0,transactions
correlation-fio-randwrite-cores1,pcm_cha,drd_inserts,SKT0C14,35,2771.0,transactions
correlation-fio-randwrite-cores1,pcm_cha,drd_inserts,SKT0C14,36,2611.0,transactions
correlation-fio-randwrite-cores1,pcm_cha,drd_inserts,SKT0C14,37,2606.0,transactions
correlation-fio-randwrite-cores1,pcm_cha,drd_inserts,SKT0C14,38,3037.0,transactions
correlation-fio-randwrite-cores1,pcm_cha,drd_inserts,SKT0C14,39,8306.0,transactions
correlation-fio-randwrite-cores1,pcm_cha,drd_inserts,SKT0C14,40,5551.0,transactions
correlation-fio-randwrite-cores1,pcm_cha,drd_inserts,SKT0C14,41,8485.0,transactions
correlation-fio-randwrite-cores1,pcm_cha,drd_inserts,SKT0C14,42,4137.0,transactions
correlation-fio-randwrite-cores1,pcm_cha,drd_inserts,SKT0C14,43,2895.0,transactions
correlation-fio-randwrite-cores1,pcm_cha,drd_inserts,SKT0C14,44,2915.0,transactions
correlation-fio-randwrite-cores1,pcm_cha,drd_inserts,SKT0C14,45,2744.0,transactions
correlation-fio-randwrite-cores1,pcm_cha,drd_inserts,SKT0C14,46,2985.0,transactions
correlation-fio-randwrite-cores1,pcm_cha,drd_inserts,SKT0C14,47,3063.0,transactions
correlation-fio-randwrite-cores1,pcm_cha,drd_inserts,SKT0C14,48,2534.0,transactions
correlation-fio-randwrite-cores1,pcm_cha,drd_inserts,SKT0C14,49,2924.0,transactions
correlation-fio-randwrite-cores1,pcm_cha,drd_inserts,SKT0C14,50,3350.0,transactions
correlation-fio-randwrite-cores1,pcm_cha,drd_inserts,SKT0C14,51,2649.0,transactions
correlation-fio-randwrite-cores1,pcm_cha,drd_inserts,SKT0C14,52,2689.0,transactions
correlation-fio-randwrite-cores1,pcm_cha,drd_inserts,SKT0C14,53,2649.0,transactions
correlation-fio-randwrite-cores1,pcm_cha,drd_inserts,SKT0C14,54,2846.0,transactions
correlation-fio-randwrite-cores1,pcm_cha,drd_inserts,SKT0C14,55,3293.0,transactions
correlation-fio-randwrite-cores1,pcm_cha,drd_inserts,SKT0C14,56,2861.0,transactions
correlation-fio-randwrite-cores1,pcm_cha,drd_inserts,SKT0C14,57,2733.0,transactions
correlation-fio-randwrite-cores1,pcm_cha,drd_inserts,SKT0C14,58,2812.0,transactions
correlation-fio-randwrite-cores1,pcm_cha,drd_inserts,SKT0C14,59,3156.0,transactions
correlation-fio-randwrite-cores1,pcm_cha,drd_inserts,SKT0C15,0,9207.0,transactions
correlation-fio-randwrite-cores1,pcm_cha,drd_inserts,SKT0C15,1,3480.0,transactions
correlation-fio-randwrite-cores1,pcm_cha,drd_inserts,SKT0C15,2,2548.0,transactions
correlation-fio-randwrite-cores1,pcm_cha,drd_inserts,SKT0C15,3,2785.0,transactions
correlation-fio-randwrite-cores1,pcm_cha,drd_inserts,SKT0C15,4,2664.0,transactions
correlation-fio-randwrite-cores1,pcm_cha,drd_inserts,SKT0C15,5,2823.0,transactions
correlation-fio-randwrite-cores1,pcm_cha,drd_inserts,SKT0C15,6,2325.0,transactions
correlation-fio-randwrite-cores1,pcm_cha,drd_inserts,SKT0C15,7,2887.0,transactions
correlation-fio-randwrite-cores1,pcm_cha,drd_inserts,SKT0C15,8,2595.0,transactions
correlation-fio-randwrite-cores1,pcm_cha,drd_inserts,SKT0C15,9,2664.0,transactions
correlation-fio-randwrite-cores1,pcm_cha,drd_inserts,SKT0C15,10,2779.0,transactions
correlation-fio-randwrite-cores1,pcm_cha,drd_inserts,SKT0C15,11,3201.0,transactions
correlation-fio-randwrite-cores1,pcm_cha,drd_inserts,SKT0C15,12,2460.0,transactions
correlation-fio-randwrite-cores1,pcm_cha,drd_inserts,SKT0C15,13,3005.0,transactions
correlation-fio-randwrite-cores1,pcm_cha,drd_inserts,SKT0C15,14,2713.0,transactions
correlation-fio-randwrite-cores1,pcm_cha,drd_inserts,SKT0C15,15,2930.0,transactions
correlation-fio-randwrite-cores1,pcm_cha,drd_inserts,SKT0C15,16,2957.0,transactions
correlation-fio-randwrite-cores1,pcm_cha,drd_inserts,SKT0C15,17,3924.0,transactions
correlation-fio-randwrite-cores1,pcm_cha,drd_inserts,SKT0C15,18,2891.0,transactions
correlation-fio-randwrite-cores1,pcm_cha,drd_inserts,SKT0C15,19,2777.0,transactions
correlation-fio-randwrite-cores1,pcm_cha,drd_inserts,SKT0C15,20,3065.0,transactions
correlation-fio-randwrite-cores1,pcm_cha,drd_inserts,SKT0C15,21,2524.0,transactions
correlation-fio-randwrite-cores1,pcm_cha,drd_inserts,SKT0C15,22,2774.0,transactions
correlation-fio-randwrite-cores1,pcm_cha,drd_inserts,SKT0C15,23,3068.0,transactions
correlation-fio-randwrite-cores1,pcm_cha,drd_inserts,SKT0C15,24,2590.0,transactions
correlation-fio-randwrite-cores1,pcm_cha,drd_inserts,SKT0C15,25,2511.0,transactions
correlation-fio-randwrite-cores1,pcm_cha,drd_inserts,SKT0C15,26,2582.0,transactions
correlation-fio-randwrite-cores1,pcm_cha,drd_inserts,SKT0C15,27,2831.0,transactions
correlation-fio-randwrite-cores1,pcm_cha,drd_inserts,SKT0C15,28,2587.0,transactions
correlation-fio-randwrite-cores1,pcm_cha,drd_inserts,SKT0C15,29,2892.0,transactions
correlation-fio-randwrite-cores1,pcm_cha,drd_inserts,SKT0C15,30,2843.0,transactions
correlation-fio-randwrite-cores1,pcm_cha,drd_inserts,SKT0C15,31,3126.0,transactions
correlation-fio-randwrite-cores1,pcm_cha,drd_inserts,SKT0C15,32,2707.0,transactions
correlation-fio-randwrite-cores1,pcm_cha,drd_inserts,SKT0C15,33,2702.0,transactions
correlation-fio-randwrite-cores1,pcm_cha,drd_inserts,SKT0C15,34,2710.0,transactions
correlation-fio-randwrite-cores1,pcm_cha,drd_inserts,SKT0C15,35,2668.0,transactions
correlation-fio-randwrite-cores1,pcm_cha,drd_inserts,SKT0C15,36,2658.0,transactions
correlation-fio-randwrite-cores1,pcm_cha,drd_inserts,SKT0C15,37,2486.0,transactions
correlation-fio-randwrite-cores1,pcm_cha,drd_inserts,SKT0C15,38,3008.0,transactions
correlation-fio-randwrite-cores1,pcm_cha,drd_inserts,SKT0C15,39,8197.0,transactions
correlation-fio-randwrite-cores1,pcm_cha,drd_inserts,SKT0C15,40,5418.0,transactions
correlation-fio-randwrite-cores1,pcm_cha,drd_inserts,SKT0C15,41,8194.0,transactions
correlation-fio-randwrite-cores1,pcm_cha,drd_inserts,SKT0C15,42,4021.0,transactions
correlation-fio-randwrite-cores1,pcm_cha,drd_inserts,SKT0C15,43,2659.0,transactions
correlation-fio-randwrite-cores1,pcm_cha,drd_inserts,SKT0C15,44,2889.0,transactions
correlation-fio-randwrite-cores1,pcm_cha,drd_inserts,SKT0C15,45,2634.0,transactions
correlation-fio-randwrite-cores1,pcm_cha,drd_inserts,SKT0C15,46,2888.0,transactions
correlation-fio-randwrite-cores1,pcm_cha,drd_inserts,SKT0C15,47,3004.0,transactions
correlation-fio-randwrite-cores1,pcm_cha,drd_inserts,SKT0C15,48,2550.0,transactions
correlation-fio-randwrite-cores1,pcm_cha,drd_inserts,SKT0C15,49,2810.0,transactions
correlation-fio-randwrite-cores1,pcm_cha,drd_inserts,SKT0C15,50,3212.0,transactions
correlation-fio-randwrite-cores1,pcm_cha,drd_inserts,SKT0C15,51,2452.0,transactions
correlation-fio-randwrite-cores1,pcm_cha,drd_inserts,SKT0C15,52,2609.0,transactions
correlation-fio-randwrite-cores1,pcm_cha,drd_inserts,SKT0C15,53,2518.0,transactions
correlation-fio-randwrite-cores1,pcm_cha,drd_inserts,SKT0C15,54,2641.0,transactions
correlation-fio-randwrite-cores1,pcm_cha,drd_inserts,SKT0C15,55,3105.0,transactions
correlation-fio-randwrite-cores1,pcm_cha,drd_inserts,SKT0C15,56,2672.0,transactions
correlation-fio-randwrite-cores1,pcm_cha,drd_inserts,SKT0C15,57,2652.0,transactions
correlation-fio-randwrite-cores1,pcm_cha,drd_inserts,SKT0C15,58,2657.0,transactions
correlation-fio-randwrite-cores1,pcm_cha,drd_inserts,SKT0C15,59,3017.0,transactions
correlation-fio-randwrite-cores1,pcm_cha,drd_occupancy,SKT0C0,0,0.00027387958333333334,request_seconds
correlation-fio-randwrite-cores1,pcm_cha,drd_occupancy,SKT0C0,1,9.989166666666666e-05,request_seconds
correlation-fio-randwrite-cores1,pcm_cha,drd_occupancy,SKT0C0,2,7.351833333333333e-05,request_seconds
correlation-fio-randwrite-cores1,pcm_cha,drd_occupancy,SKT0C0,3,8.078125e-05,request_seconds
correlation-fio-randwrite-cores1,pcm_cha,drd_occupancy,SKT0C0,4,7.600208333333334e-05,request_seconds
correlation-fio-randwrite-cores1,pcm_cha,drd_occupancy,SKT0C0,5,8.46e-05,request_seconds
correlation-fio-randwrite-cores1,pcm_cha,drd_occupancy,SKT0C0,6,6.913916666666666e-05,request_seconds
correlation-fio-randwrite-cores1,pcm_cha,drd_occupancy,SKT0C0,7,8.24625e-05,request_seconds
correlation-fio-randwrite-cores1,pcm_cha,drd_occupancy,SKT0C0,8,7.236291666666667e-05,request_seconds
correlation-fio-randwrite-cores1,pcm_cha,drd_occupancy,SKT0C0,9,7.507416666666667e-05,request_seconds
correlation-fio-randwrite-cores1,pcm_cha,drd_occupancy,SKT0C0,10,7.823375e-05,request_seconds
correlation-fio-randwrite-cores1,pcm_cha,drd_occupancy,SKT0C0,11,8.812458333333334e-05,request_seconds
correlation-fio-randwrite-cores1,pcm_cha,drd_occupancy,SKT0C0,12,6.959458333333334e-05,request_seconds
correlation-fio-randwrite-cores1,pcm_cha,drd_occupancy,SKT0C0,13,8.361208333333333e-05,request_seconds
correlation-fio-randwrite-cores1,pcm_cha,drd_occupancy,SKT0C0,14,7.374041666666667e-05,request_seconds
correlation-fio-randwrite-cores1,pcm_cha,drd_occupancy,SKT0C0,15,7.799791666666666e-05,request_seconds
correlation-fio-randwrite-cores1,pcm_cha,drd_occupancy,SKT0C0,16,8.377833333333333e-05,request_seconds
correlation-fio-randwrite-cores1,pcm_cha,drd_occupancy,SKT0C0,17,0.00011031791666666667,request_seconds
correlation-fio-randwrite-cores1,pcm_cha,drd_occupancy,SKT0C0,18,8.002083333333334e-05,request_seconds
correlation-fio-randwrite-cores1,pcm_cha,drd_occupancy,SKT0C0,19,7.886875e-05,request_seconds
correlation-fio-randwrite-cores1,pcm_cha,drd_occupancy,SKT0C0,20,8.784583333333334e-05,request_seconds
correlation-fio-randwrite-cores1,pcm_cha,drd_occupancy,SKT0C0,21,7.177666666666667e-05,request_seconds
correlation-fio-randwrite-cores1,pcm_cha,drd_occupancy,SKT0C0,22,7.846375e-05,request_seconds
correlation-fio-randwrite-cores1,pcm_cha,drd_occupancy,SKT0C0,23,8.888e-05,request_seconds
correlation-fio-randwrite-cores1,pcm_cha,drd_occupancy,SKT0C0,24,7.261583333333334e-05,request_seconds
correlation-fio-randwrite-cores1,pcm_cha,drd_occupancy,SKT0C0,25,7.069541666666666e-05,request_seconds
correlation-fio-randwrite-cores1,pcm_cha,drd_occupancy,SKT0C0,26,7.288125e-05,request_seconds
correlation-fio-randwrite-cores1,pcm_cha,drd_occupancy,SKT0C0,27,8.020208333333333e-05,request_seconds
correlation-fio-randwrite-cores1,pcm_cha,drd_occupancy,SKT0C0,28,7.432833333333333e-05,request_seconds
correlation-fio-randwrite-cores1,pcm_cha,drd_occupancy,SKT0C0,29,7.923708333333333e-05,request_seconds
correlation-fio-randwrite-cores1,pcm_cha,drd_occupancy,SKT0C0,30,8.211625e-05,request_seconds
correlation-fio-randwrite-cores1,pcm_cha,drd_occupancy,SKT0C0,31,8.9845e-05,request_seconds
correlation-fio-randwrite-cores1,pcm_cha,drd_occupancy,SKT0C0,32,7.826708333333333e-05,request_seconds
correlation-fio-randwrite-cores1,pcm_cha,drd_occupancy,SKT0C0,33,7.866625e-05,request_seconds
correlation-fio-randwrite-cores1,pcm_cha,drd_occupancy,SKT0C0,34,7.42e-05,request_seconds
correlation-fio-randwrite-cores1,pcm_cha,drd_occupancy,SKT0C0,35,7.720958333333334e-05,request_seconds
correlation-fio-randwrite-cores1,pcm_cha,drd_occupancy,SKT0C0,36,7.372333333333333e-05,request_seconds
correlation-fio-randwrite-cores1,pcm_cha,drd_occupancy,SKT0C0,37,6.667875e-05,request_seconds
correlation-fio-randwrite-cores1,pcm_cha,drd_occupancy,SKT0C0,38,8.247875e-05,request_seconds
correlation-fio-randwrite-cores1,pcm_cha,drd_occupancy,SKT0C0,39,0.00024105791666666668,request_seconds
correlation-fio-randwrite-cores1,pcm_cha,drd_occupancy,SKT0C0,40,0.00015649041666666668,request_seconds
correlation-fio-randwrite-cores1,pcm_cha,drd_occupancy,SKT0C0,41,0.0002383925,request_seconds
correlation-fio-randwrite-cores1,pcm_cha,drd_occupancy,SKT0C0,42,0.00011744916666666667,request_seconds
correlation-fio-randwrite-cores1,pcm_cha,drd_occupancy,SKT0C0,43,7.593583333333334e-05,request_seconds
correlation-fio-randwrite-cores1,pcm_cha,drd_occupancy,SKT0C0,44,8.124708333333333e-05,request_seconds
correlation-fio-randwrite-cores1,pcm_cha,drd_occupancy,SKT0C0,45,7.463625e-05,request_seconds
correlation-fio-randwrite-cores1,pcm_cha,drd_occupancy,SKT0C0,46,8.180708333333333e-05,request_seconds
correlation-fio-randwrite-cores1,pcm_cha,drd_occupancy,SKT0C0,47,8.212708333333334e-05,request_seconds
correlation-fio-randwrite-cores1,pcm_cha,drd_occupancy,SKT0C0,48,6.598e-05,request_seconds
correlation-fio-randwrite-cores1,pcm_cha,drd_occupancy,SKT0C0,49,7.903375e-05,request_seconds
correlation-fio-randwrite-cores1,pcm_cha,drd_occupancy,SKT0C0,50,9.384166666666667e-05,request_seconds
correlation-fio-randwrite-cores1,pcm_cha,drd_occupancy,SKT0C0,51,6.841708333333334e-05,request_seconds
correlation-fio-randwrite-cores1,pcm_cha,drd_occupancy,SKT0C0,52,6.995125e-05,request_seconds
correlation-fio-randwrite-cores1,pcm_cha,drd_occupancy,SKT0C0,53,6.974458333333334e-05,request_seconds
correlation-fio-randwrite-cores1,pcm_cha,drd_occupancy,SKT0C0,54,7.378291666666666e-05,request_seconds
correlation-fio-randwrite-cores1,pcm_cha,drd_occupancy,SKT0C0,55,8.755958333333333e-05,request_seconds
correlation-fio-randwrite-cores1,pcm_cha,drd_occupancy,SKT0C0,56,7.557666666666666e-05,request_seconds
correlation-fio-randwrite-cores1,pcm_cha,drd_occupancy,SKT0C0,57,7.266666666666667e-05,request_seconds
correlation-fio-randwrite-cores1,pcm_cha,drd_occupancy,SKT0C0,58,7.458125e-05,request_seconds
correlation-fio-randwrite-cores1,pcm_cha,drd_occupancy,SKT0C0,59,8.598541666666666e-05,request_seconds
correlation-fio-randwrite-cores1,pcm_cha,drd_occupancy,SKT0C1,0,0.0002687675,request_seconds
correlation-fio-randwrite-cores1,pcm_cha,drd_occupancy,SKT0C1,1,9.684833333333334e-05,request_seconds
correlation-fio-randwrite-cores1,pcm_cha,drd_occupancy,SKT0C1,2,6.979625e-05,request_seconds
correlation-fio-randwrite-cores1,pcm_cha,drd_occupancy,SKT0C1,3,7.491916666666667e-05,request_seconds
correlation-fio-randwrite-cores1,pcm_cha,drd_occupancy,SKT0C1,4,7.462833333333334e-05,request_seconds
correlation-fio-randwrite-cores1,pcm_cha,drd_occupancy,SKT0C1,5,8.20825e-05,request_seconds
correlation-fio-randwrite-cores1,pcm_cha,drd_occupancy,SKT0C1,6,6.662375e-05,request_seconds
correlation-fio-randwrite-cores1,pcm_cha,drd_occupancy,SKT0C1,7,7.886916666666667e-05,request_seconds
correlation-fio-randwrite-cores1,pcm_cha,drd_occupancy,SKT0C1,8,7.294708333333333e-05,request_seconds
correlation-fio-randwrite-cores1,pcm_cha,drd_occupancy,SKT0C1,9,7.487625e-05,request_seconds
correlation-fio-randwrite-cores1,pcm_cha,drd_occupancy,SKT0C1,10,7.928083333333333e-05,request_seconds
correlation-fio-randwrite-cores1,pcm_cha,drd_occupancy,SKT0C1,11,8.841666666666667e-05,request_seconds
correlation-fio-randwrite-cores1,pcm_cha,drd_occupancy,SKT0C1,12,6.590333333333333e-05,request_seconds
correlation-fio-randwrite-cores1,pcm_cha,drd_occupancy,SKT0C1,13,8.304416666666666e-05,request_seconds
correlation-fio-randwrite-cores1,pcm_cha,drd_occupancy,SKT0C1,14,7.359166666666666e-05,request_seconds
correlation-fio-randwrite-cores1,pcm_cha,drd_occupancy,SKT0C1,15,8.108625e-05,request_seconds
correlation-fio-randwrite-cores1,pcm_cha,drd_occupancy,SKT0C1,16,8.408083333333334e-05,request_seconds
correlation-fio-randwrite-cores1,pcm_cha,drd_occupancy,SKT0C1,17,0.00011055791666666666,request_seconds
correlation-fio-randwrite-cores1,pcm_cha,drd_occupancy,SKT0C1,18,8.378416666666667e-05,request_seconds
correlation-fio-randwrite-cores1,pcm_cha,drd_occupancy,SKT0C1,19,8.039833333333333e-05,request_seconds
correlation-fio-randwrite-cores1,pcm_cha,drd_occupancy,SKT0C1,20,8.985875e-05,request_seconds
correlation-fio-randwrite-cores1,pcm_cha,drd_occupancy,SKT0C1,21,7.397583333333334e-05,request_seconds
correlation-fio-randwrite-cores1,pcm_cha,drd_occupancy,SKT0C1,22,7.791791666666666e-05,request_seconds
correlation-fio-randwrite-cores1,pcm_cha,drd_occupancy,SKT0C1,23,8.544208333333333e-05,request_seconds
correlation-fio-randwrite-cores1,pcm_cha,drd_occupancy,SKT0C1,24,7.068875e-05,request_seconds
correlation-fio-randwrite-cores1,pcm_cha,drd_occupancy,SKT0C1,25,6.867125e-05,request_seconds
correlation-fio-randwrite-cores1,pcm_cha,drd_occupancy,SKT0C1,26,7.088208333333333e-05,request_seconds
correlation-fio-randwrite-cores1,pcm_cha,drd_occupancy,SKT0C1,27,7.943375e-05,request_seconds
correlation-fio-randwrite-cores1,pcm_cha,drd_occupancy,SKT0C1,28,7.336333333333333e-05,request_seconds
correlation-fio-randwrite-cores1,pcm_cha,drd_occupancy,SKT0C1,29,7.636541666666667e-05,request_seconds
correlation-fio-randwrite-cores1,pcm_cha,drd_occupancy,SKT0C1,30,8.043375e-05,request_seconds
correlation-fio-randwrite-cores1,pcm_cha,drd_occupancy,SKT0C1,31,8.683708333333334e-05,request_seconds
correlation-fio-randwrite-cores1,pcm_cha,drd_occupancy,SKT0C1,32,7.412208333333334e-05,request_seconds
correlation-fio-randwrite-cores1,pcm_cha,drd_occupancy,SKT0C1,33,7.50725e-05,request_seconds
correlation-fio-randwrite-cores1,pcm_cha,drd_occupancy,SKT0C1,34,7.265041666666667e-05,request_seconds
correlation-fio-randwrite-cores1,pcm_cha,drd_occupancy,SKT0C1,35,7.527166666666667e-05,request_seconds
correlation-fio-randwrite-cores1,pcm_cha,drd_occupancy,SKT0C1,36,7.167916666666666e-05,request_seconds
correlation-fio-randwrite-cores1,pcm_cha,drd_occupancy,SKT0C1,37,6.833375e-05,request_seconds
correlation-fio-randwrite-cores1,pcm_cha,drd_occupancy,SKT0C1,38,8.358708333333333e-05,request_seconds
correlation-fio-randwrite-cores1,pcm_cha,drd_occupancy,SKT0C1,39,0.00024468375,request_seconds
correlation-fio-randwrite-cores1,pcm_cha,drd_occupancy,SKT0C1,40,0.00015428,request_seconds
correlation-fio-randwrite-cores1,pcm_cha,drd_occupancy,SKT0C1,41,0.00024024583333333334,request_seconds
correlation-fio-randwrite-cores1,pcm_cha,drd_occupancy,SKT0C1,42,0.00011188125,request_seconds
correlation-fio-randwrite-cores1,pcm_cha,drd_occupancy,SKT0C1,43,7.665541666666667e-05,request_seconds
correlation-fio-randwrite-cores1,pcm_cha,drd_occupancy,SKT0C1,44,7.788041666666667e-05,request_seconds
correlation-fio-randwrite-cores1,pcm_cha,drd_occupancy,SKT0C1,45,7.18675e-05,request_seconds
correlation-fio-randwrite-cores1,pcm_cha,drd_occupancy,SKT0C1,46,8.225083333333334e-05,request_seconds
correlation-fio-randwrite-cores1,pcm_cha,drd_occupancy,SKT0C1,47,8.147625e-05,request_seconds
correlation-fio-randwrite-cores1,pcm_cha,drd_occupancy,SKT0C1,48,6.724833333333334e-05,request_seconds
correlation-fio-randwrite-cores1,pcm_cha,drd_occupancy,SKT0C1,49,7.788083333333333e-05,request_seconds
correlation-fio-randwrite-cores1,pcm_cha,drd_occupancy,SKT0C1,50,8.828625e-05,request_seconds
correlation-fio-randwrite-cores1,pcm_cha,drd_occupancy,SKT0C1,51,6.663625e-05,request_seconds
correlation-fio-randwrite-cores1,pcm_cha,drd_occupancy,SKT0C1,52,6.71525e-05,request_seconds
correlation-fio-randwrite-cores1,pcm_cha,drd_occupancy,SKT0C1,53,6.9645e-05,request_seconds
correlation-fio-randwrite-cores1,pcm_cha,drd_occupancy,SKT0C1,54,7.377291666666667e-05,request_seconds
correlation-fio-randwrite-cores1,pcm_cha,drd_occupancy,SKT0C1,55,8.90175e-05,request_seconds
correlation-fio-randwrite-cores1,pcm_cha,drd_occupancy,SKT0C1,56,7.260333333333333e-05,request_seconds
correlation-fio-randwrite-cores1,pcm_cha,drd_occupancy,SKT0C1,57,7.151333333333334e-05,request_seconds
correlation-fio-randwrite-cores1,pcm_cha,drd_occupancy,SKT0C1,58,7.167416666666667e-05,request_seconds
correlation-fio-randwrite-cores1,pcm_cha,drd_occupancy,SKT0C1,59,8.740166666666667e-05,request_seconds
correlation-fio-randwrite-cores1,pcm_cha,drd_occupancy,SKT0C2,0,0.00026503125,request_seconds
correlation-fio-randwrite-cores1,pcm_cha,drd_occupancy,SKT0C2,1,9.523291666666667e-05,request_seconds
correlation-fio-randwrite-cores1,pcm_cha,drd_occupancy,SKT0C2,2,7.044833333333333e-05,request_seconds
correlation-fio-randwrite-cores1,pcm_cha,drd_occupancy,SKT0C2,3,8.055666666666666e-05,request_seconds
correlation-fio-randwrite-cores1,pcm_cha,drd_occupancy,SKT0C2,4,7.529416666666666e-05,request_seconds
correlation-fio-randwrite-cores1,pcm_cha,drd_occupancy,SKT0C2,5,8.411666666666666e-05,request_seconds
correlation-fio-randwrite-cores1,pcm_cha,drd_occupancy,SKT0C2,6,6.655375e-05,request_seconds
correlation-fio-randwrite-cores1,pcm_cha,drd_occupancy,SKT0C2,7,8.12e-05,request_seconds
correlation-fio-randwrite-cores1,pcm_cha,drd_occupancy,SKT0C2,8,7.352541666666666e-05,request_seconds
correlation-fio-randwrite-cores1,pcm_cha,drd_occupancy,SKT0C2,9,7.655541666666667e-05,request_seconds
correlation-fio-randwrite-cores1,pcm_cha,drd_occupancy,SKT0C2,10,7.8445e-05,request_seconds
correlation-fio-randwrite-cores1,pcm_cha,drd_occupancy,SKT0C2,11,8.673833333333333e-05,request_seconds
correlation-fio-randwrite-cores1,pcm_cha,drd_occupancy,SKT0C2,12,6.6555e-05,request_seconds
correlation-fio-randwrite-cores1,pcm_cha,drd_occupancy,SKT0C2,13,8.377583333333333e-05,request_seconds
correlation-fio-randwrite-cores1,pcm_cha,drd_occupancy,SKT0C2,14,7.394625e-05,request_seconds
correlation-fio-randwrite-cores1,pcm_cha,drd_occupancy,SKT0C2,15,7.703583333333334e-05,request_seconds
correlation-fio-randwrite-cores1,pcm_cha,drd_occupancy,SKT0C2,16,8.043041666666666e-05,request_seconds
correlation-fio-randwrite-cores1,pcm_cha,drd_occupancy,SKT0C2,17,0.00011083875,request_seconds
correlation-fio-randwrite-cores1,pcm_cha,drd_occupancy,SKT0C2,18,8.231041666666667e-05,request_seconds
correlation-fio-randwrite-cores1,pcm_cha,drd_occupancy,SKT0C2,19,7.829125e-05,request_seconds
correlation-fio-randwrite-cores1,pcm_cha,drd_occupancy,SKT0C2,20,8.515583333333334e-05,request_seconds
correlation-fio-randwrite-cores1,pcm_cha,drd_occupancy,SKT0C2,21,7.253083333333333e-05,request_seconds
correlation-fio-randwrite-cores1,pcm_cha,drd_occupancy,SKT0C2,22,7.6385e-05,request_seconds
correlation-fio-randwrite-cores1,pcm_cha,drd_occupancy,SKT0C2,23,8.45475e-05,request_seconds
correlation-fio-randwrite-cores1,pcm_cha,drd_occupancy,SKT0C2,24,7.011375e-05,request_seconds
correlation-fio-randwrite-cores1,pcm_cha,drd_occupancy,SKT0C2,25,6.739875e-05,request_seconds
correlation-fio-randwrite-cores1,pcm_cha,drd_occupancy,SKT0C2,26,7.1435e-05,request_seconds
correlation-fio-randwrite-cores1,pcm_cha,drd_occupancy,SKT0C2,27,8.230916666666666e-05,request_seconds
correlation-fio-randwrite-cores1,pcm_cha,drd_occupancy,SKT0C2,28,7.42e-05,request_seconds
correlation-fio-randwrite-cores1,pcm_cha,drd_occupancy,SKT0C2,29,7.714708333333333e-05,request_seconds
correlation-fio-randwrite-cores1,pcm_cha,drd_occupancy,SKT0C2,30,7.943208333333334e-05,request_seconds
correlation-fio-randwrite-cores1,pcm_cha,drd_occupancy,SKT0C2,31,8.600208333333334e-05,request_seconds
correlation-fio-randwrite-cores1,pcm_cha,drd_occupancy,SKT0C2,32,7.428708333333333e-05,request_seconds
correlation-fio-randwrite-cores1,pcm_cha,drd_occupancy,SKT0C2,33,7.622166666666667e-05,request_seconds
correlation-fio-randwrite-cores1,pcm_cha,drd_occupancy,SKT0C2,34,7.517083333333333e-05,request_seconds
correlation-fio-randwrite-cores1,pcm_cha,drd_occupancy,SKT0C2,35,7.416041666666667e-05,request_seconds
correlation-fio-randwrite-cores1,pcm_cha,drd_occupancy,SKT0C2,36,7.125125e-05,request_seconds
correlation-fio-randwrite-cores1,pcm_cha,drd_occupancy,SKT0C2,37,6.993333333333333e-05,request_seconds
correlation-fio-randwrite-cores1,pcm_cha,drd_occupancy,SKT0C2,38,8.158e-05,request_seconds
correlation-fio-randwrite-cores1,pcm_cha,drd_occupancy,SKT0C2,39,0.00024173458333333334,request_seconds
correlation-fio-randwrite-cores1,pcm_cha,drd_occupancy,SKT0C2,40,0.00015463708333333332,request_seconds
correlation-fio-randwrite-cores1,pcm_cha,drd_occupancy,SKT0C2,41,0.00023725458333333333,request_seconds
correlation-fio-randwrite-cores1,pcm_cha,drd_occupancy,SKT0C2,42,0.0001139275,request_seconds
correlation-fio-randwrite-cores1,pcm_cha,drd_occupancy,SKT0C2,43,7.751708333333333e-05,request_seconds
correlation-fio-randwrite-cores1,pcm_cha,drd_occupancy,SKT0C2,44,7.624833333333334e-05,request_seconds
correlation-fio-randwrite-cores1,pcm_cha,drd_occupancy,SKT0C2,45,7.13575e-05,request_seconds
correlation-fio-randwrite-cores1,pcm_cha,drd_occupancy,SKT0C2,46,7.835541666666667e-05,request_seconds
correlation-fio-randwrite-cores1,pcm_cha,drd_occupancy,SKT0C2,47,8.002375e-05,request_seconds
correlation-fio-randwrite-cores1,pcm_cha,drd_occupancy,SKT0C2,48,6.417916666666667e-05,request_seconds
correlation-fio-randwrite-cores1,pcm_cha,drd_occupancy,SKT0C2,49,7.688208333333333e-05,request_seconds
correlation-fio-randwrite-cores1,pcm_cha,drd_occupancy,SKT0C2,50,8.826916666666667e-05,request_seconds
correlation-fio-randwrite-cores1,pcm_cha,drd_occupancy,SKT0C2,51,6.69325e-05,request_seconds
correlation-fio-randwrite-cores1,pcm_cha,drd_occupancy,SKT0C2,52,7.009666666666667e-05,request_seconds
correlation-fio-randwrite-cores1,pcm_cha,drd_occupancy,SKT0C2,53,6.927791666666667e-05,request_seconds
correlation-fio-randwrite-cores1,pcm_cha,drd_occupancy,SKT0C2,54,7.292333333333333e-05,request_seconds
correlation-fio-randwrite-cores1,pcm_cha,drd_occupancy,SKT0C2,55,8.530791666666666e-05,request_seconds
correlation-fio-randwrite-cores1,pcm_cha,drd_occupancy,SKT0C2,56,7.382458333333333e-05,request_seconds
correlation-fio-randwrite-cores1,pcm_cha,drd_occupancy,SKT0C2,57,7.574958333333333e-05,request_seconds
correlation-fio-randwrite-cores1,pcm_cha,drd_occupancy,SKT0C2,58,7.204083333333334e-05,request_seconds
correlation-fio-randwrite-cores1,pcm_cha,drd_occupancy,SKT0C2,59,8.639791666666666e-05,request_seconds
correlation-fio-randwrite-cores1,pcm_cha,drd_occupancy,SKT0C3,0,0.0002767616666666667,request_seconds
correlation-fio-randwrite-cores1,pcm_cha,drd_occupancy,SKT0C3,1,9.705041666666667e-05,request_seconds
correlation-fio-randwrite-cores1,pcm_cha,drd_occupancy,SKT0C3,2,7.4025e-05,request_seconds
correlation-fio-randwrite-cores1,pcm_cha,drd_occupancy,SKT0C3,3,8.060041666666667e-05,request_seconds
correlation-fio-randwrite-cores1,pcm_cha,drd_occupancy,SKT0C3,4,7.564666666666667e-05,request_seconds
correlation-fio-randwrite-cores1,pcm_cha,drd_occupancy,SKT0C3,5,8.364708333333334e-05,request_seconds
correlation-fio-randwrite-cores1,pcm_cha,drd_occupancy,SKT0C3,6,6.728125e-05,request_seconds
correlation-fio-randwrite-cores1,pcm_cha,drd_occupancy,SKT0C3,7,8.142875e-05,request_seconds
correlation-fio-randwrite-cores1,pcm_cha,drd_occupancy,SKT0C3,8,7.175458333333333e-05,request_seconds
correlation-fio-randwrite-cores1,pcm_cha,drd_occupancy,SKT0C3,9,7.550166666666666e-05,request_seconds
correlation-fio-randwrite-cores1,pcm_cha,drd_occupancy,SKT0C3,10,7.863666666666667e-05,request_seconds
correlation-fio-randwrite-cores1,pcm_cha,drd_occupancy,SKT0C3,11,9.336541666666666e-05,request_seconds
correlation-fio-randwrite-cores1,pcm_cha,drd_occupancy,SKT0C3,12,6.794208333333334e-05,request_seconds
correlation-fio-randwrite-cores1,pcm_cha,drd_occupancy,SKT0C3,13,8.553208333333334e-05,request_seconds
correlation-fio-randwrite-cores1,pcm_cha,drd_occupancy,SKT0C3,14,7.775666666666666e-05,request_seconds
correlation-fio-randwrite-cores1,pcm_cha,drd_occupancy,SKT0C3,15,8.377333333333333e-05,request_seconds
correlation-fio-randwrite-cores1,pcm_cha,drd_occupancy,SKT0C3,16,8.339125e-05,request_seconds
correlation-fio-randwrite-cores1,pcm_cha,drd_occupancy,SKT0C3,17,0.00011473791666666667,request_seconds
correlation-fio-randwrite-cores1,pcm_cha,drd_occupancy,SKT0C3,18,8.347125e-05,request_seconds
correlation-fio-randwrite-cores1,pcm_cha,drd_occupancy,SKT0C3,19,8.297833333333334e-05,request_seconds
correlation-fio-randwrite-cores1,pcm_cha,drd_occupancy,SKT0C3,20,8.966166666666666e-05,request_seconds
correlation-fio-randwrite-cores1,pcm_cha,drd_occupancy,SKT0C3,21,7.310083333333333e-05,request_seconds
correlation-fio-randwrite-cores1,pcm_cha,drd_occupancy,SKT0C3,22,7.773666666666667e-05,request_seconds
correlation-fio-randwrite-cores1,pcm_cha,drd_occupancy,SKT0C3,23,8.756291666666667e-05,request_seconds
correlation-fio-randwrite-cores1,pcm_cha,drd_occupancy,SKT0C3,24,7.231833333333333e-05,request_seconds
correlation-fio-randwrite-cores1,pcm_cha,drd_occupancy,SKT0C3,25,6.910208333333333e-05,request_seconds
correlation-fio-randwrite-cores1,pcm_cha,drd_occupancy,SKT0C3,26,7.2405e-05,request_seconds
correlation-fio-randwrite-cores1,pcm_cha,drd_occupancy,SKT0C3,27,8.356916666666667e-05,request_seconds
correlation-fio-randwrite-cores1,pcm_cha,drd_occupancy,SKT0C3,28,7.460916666666666e-05,request_seconds
correlation-fio-randwrite-cores1,pcm_cha,drd_occupancy,SKT0C3,29,8.217791666666667e-05,request_seconds
correlation-fio-randwrite-cores1,pcm_cha,drd_occupancy,SKT0C3,30,8.3505e-05,request_seconds
correlation-fio-randwrite-cores1,pcm_cha,drd_occupancy,SKT0C3,31,9.024958333333333e-05,request_seconds
correlation-fio-randwrite-cores1,pcm_cha,drd_occupancy,SKT0C3,32,7.770291666666667e-05,request_seconds
correlation-fio-randwrite-cores1,pcm_cha,drd_occupancy,SKT0C3,33,7.679375e-05,request_seconds
correlation-fio-randwrite-cores1,pcm_cha,drd_occupancy,SKT0C3,34,7.690333333333334e-05,request_seconds
correlation-fio-randwrite-cores1,pcm_cha,drd_occupancy,SKT0C3,35,7.551625e-05,request_seconds
correlation-fio-randwrite-cores1,pcm_cha,drd_occupancy,SKT0C3,36,7.34025e-05,request_seconds
correlation-fio-randwrite-cores1,pcm_cha,drd_occupancy,SKT0C3,37,6.945083333333334e-05,request_seconds
correlation-fio-randwrite-cores1,pcm_cha,drd_occupancy,SKT0C3,38,8.905416666666667e-05,request_seconds
correlation-fio-randwrite-cores1,pcm_cha,drd_occupancy,SKT0C3,39,0.0002546925,request_seconds
correlation-fio-randwrite-cores1,pcm_cha,drd_occupancy,SKT0C3,40,0.00016534375,request_seconds
correlation-fio-randwrite-cores1,pcm_cha,drd_occupancy,SKT0C3,41,0.00025100125,request_seconds
correlation-fio-randwrite-cores1,pcm_cha,drd_occupancy,SKT0C3,42,0.00011773,request_seconds
correlation-fio-randwrite-cores1,pcm_cha,drd_occupancy,SKT0C3,43,7.845458333333333e-05,request_seconds
correlation-fio-randwrite-cores1,pcm_cha,drd_occupancy,SKT0C3,44,7.884833333333334e-05,request_seconds
correlation-fio-randwrite-cores1,pcm_cha,drd_occupancy,SKT0C3,45,7.506708333333333e-05,request_seconds
correlation-fio-randwrite-cores1,pcm_cha,drd_occupancy,SKT0C3,46,8.168833333333333e-05,request_seconds
correlation-fio-randwrite-cores1,pcm_cha,drd_occupancy,SKT0C3,47,8.283583333333333e-05,request_seconds
correlation-fio-randwrite-cores1,pcm_cha,drd_occupancy,SKT0C3,48,6.971083333333334e-05,request_seconds
correlation-fio-randwrite-cores1,pcm_cha,drd_occupancy,SKT0C3,49,8.37425e-05,request_seconds
correlation-fio-randwrite-cores1,pcm_cha,drd_occupancy,SKT0C3,50,9.239708333333333e-05,request_seconds
correlation-fio-randwrite-cores1,pcm_cha,drd_occupancy,SKT0C3,51,7.089083333333334e-05,request_seconds
correlation-fio-randwrite-cores1,pcm_cha,drd_occupancy,SKT0C3,52,7.0625e-05,request_seconds
correlation-fio-randwrite-cores1,pcm_cha,drd_occupancy,SKT0C3,53,6.893375e-05,request_seconds
correlation-fio-randwrite-cores1,pcm_cha,drd_occupancy,SKT0C3,54,7.597916666666667e-05,request_seconds
correlation-fio-randwrite-cores1,pcm_cha,drd_occupancy,SKT0C3,55,9.059458333333333e-05,request_seconds
correlation-fio-randwrite-cores1,pcm_cha,drd_occupancy,SKT0C3,56,7.408666666666666e-05,request_seconds
correlation-fio-randwrite-cores1,pcm_cha,drd_occupancy,SKT0C3,57,7.2525e-05,request_seconds
correlation-fio-randwrite-cores1,pcm_cha,drd_occupancy,SKT0C3,58,7.179e-05,request_seconds
correlation-fio-randwrite-cores1,pcm_cha,drd_occupancy,SKT0C3,59,8.693208333333333e-05,request_seconds
correlation-fio-randwrite-cores1,pcm_cha,drd_occupancy,SKT0C4,0,0.000202795,request_seconds
correlation-fio-randwrite-cores1,pcm_cha,drd_occupancy,SKT0C4,1,8.288708333333334e-05,request_seconds
correlation-fio-randwrite-cores1,pcm_cha,drd_occupancy,SKT0C4,2,5.9442083333333335e-05,request_seconds
correlation-fio-randwrite-cores1,pcm_cha,drd_occupancy,SKT0C4,3,6.590458333333334e-05,request_seconds
correlation-fio-randwrite-cores1,pcm_cha,drd_occupancy,SKT0C4,4,6.25425e-05,request_seconds
correlation-fio-randwrite-cores1,pcm_cha,drd_occupancy,SKT0C4,5,6.652208333333333e-05,request_seconds
correlation-fio-randwrite-cores1,pcm_cha,drd_occupancy,SKT0C4,6,5.5394166666666666e-05,request_seconds
correlation-fio-randwrite-cores1,pcm_cha,drd_occupancy,SKT0C4,7,6.706458333333333e-05,request_seconds
correlation-fio-randwrite-cores1,pcm_cha,drd_occupancy,SKT0C4,8,6.011875e-05,request_seconds
correlation-fio-randwrite-cores1,pcm_cha,drd_occupancy,SKT0C4,9,5.98325e-05,request_seconds
correlation-fio-randwrite-cores1,pcm_cha,drd_occupancy,SKT0C4,10,6.34775e-05,request_seconds
correlation-fio-randwrite-cores1,pcm_cha,drd_occupancy,SKT0C4,11,7.231958333333333e-05,request_seconds
correlation-fio-randwrite-cores1,pcm_cha,drd_occupancy,SKT0C4,12,5.517791666666667e-05,request_seconds
correlation-fio-randwrite-cores1,pcm_cha,drd_occupancy,SKT0C4,13,6.787583333333334e-05,request_seconds
correlation-fio-randwrite-cores1,pcm_cha,drd_occupancy,SKT0C4,14,6.231333333333333e-05,request_seconds
correlation-fio-randwrite-cores1,pcm_cha,drd_occupancy,SKT0C4,15,6.560333333333334e-05,request_seconds
correlation-fio-randwrite-cores1,pcm_cha,drd_occupancy,SKT0C4,16,7.018916666666666e-05,request_seconds
correlation-fio-randwrite-cores1,pcm_cha,drd_occupancy,SKT0C4,17,9.601625e-05,request_seconds
correlation-fio-randwrite-cores1,pcm_cha,drd_occupancy,SKT0C4,18,6.64625e-05,request_seconds
correlation-fio-randwrite-cores1,pcm_cha,drd_occupancy,SKT0C4,19,6.365458333333334e-05,request_seconds
correlation-fio-randwrite-cores1,pcm_cha,drd_occupancy,SKT0C4,20,7.331166666666667e-05,request_seconds
correlation-fio-randwrite-cores1,pcm_cha,drd_occupancy,SKT0C4,21,5.9795833333333334e-05,request_seconds
correlation-fio-randwrite-cores1,pcm_cha,drd_occupancy,SKT0C4,22,6.372791666666667e-05,request_seconds
correlation-fio-randwrite-cores1,pcm_cha,drd_occupancy,SKT0C4,23,6.844541666666666e-05,request_seconds
correlation-fio-randwrite-cores1,pcm_cha,drd_occupancy,SKT0C4,24,5.8757916666666665e-05,request_seconds
correlation-fio-randwrite-cores1,pcm_cha,drd_occupancy,SKT0C4,25,5.6465e-05,request_seconds
correlation-fio-randwrite-cores1,pcm_cha,drd_occupancy,SKT0C4,26,5.9280416666666666e-05,request_seconds
correlation-fio-randwrite-cores1,pcm_cha,drd_occupancy,SKT0C4,27,6.617333333333334e-05,request_seconds
correlation-fio-randwrite-cores1,pcm_cha,drd_occupancy,SKT0C4,28,5.9235e-05,request_seconds
correlation-fio-randwrite-cores1,pcm_cha,drd_occupancy,SKT0C4,29,6.667958333333333e-05,request_seconds
correlation-fio-randwrite-cores1,pcm_cha,drd_occupancy,SKT0C4,30,6.559791666666666e-05,request_seconds
correlation-fio-randwrite-cores1,pcm_cha,drd_occupancy,SKT0C4,31,7.325958333333334e-05,request_seconds
correlation-fio-randwrite-cores1,pcm_cha,drd_occupancy,SKT0C4,32,6.235583333333334e-05,request_seconds
correlation-fio-randwrite-cores1,pcm_cha,drd_occupancy,SKT0C4,33,6.251458333333333e-05,request_seconds
correlation-fio-randwrite-cores1,pcm_cha,drd_occupancy,SKT0C4,34,6.250625e-05,request_seconds
correlation-fio-randwrite-cores1,pcm_cha,drd_occupancy,SKT0C4,35,5.9887083333333335e-05,request_seconds
correlation-fio-randwrite-cores1,pcm_cha,drd_occupancy,SKT0C4,36,5.893291666666667e-05,request_seconds
correlation-fio-randwrite-cores1,pcm_cha,drd_occupancy,SKT0C4,37,5.802166666666667e-05,request_seconds
correlation-fio-randwrite-cores1,pcm_cha,drd_occupancy,SKT0C4,38,6.98475e-05,request_seconds
correlation-fio-randwrite-cores1,pcm_cha,drd_occupancy,SKT0C4,39,0.00018790416666666666,request_seconds
correlation-fio-randwrite-cores1,pcm_cha,drd_occupancy,SKT0C4,40,0.00013002375,request_seconds
correlation-fio-randwrite-cores1,pcm_cha,drd_occupancy,SKT0C4,41,0.00018712041666666668,request_seconds
correlation-fio-randwrite-cores1,pcm_cha,drd_occupancy,SKT0C4,42,9.261625e-05,request_seconds
correlation-fio-randwrite-cores1,pcm_cha,drd_occupancy,SKT0C4,43,6.309791666666667e-05,request_seconds
correlation-fio-randwrite-cores1,pcm_cha,drd_occupancy,SKT0C4,44,6.500791666666667e-05,request_seconds
correlation-fio-randwrite-cores1,pcm_cha,drd_occupancy,SKT0C4,45,6.103458333333333e-05,request_seconds
correlation-fio-randwrite-cores1,pcm_cha,drd_occupancy,SKT0C4,46,6.8835e-05,request_seconds
correlation-fio-randwrite-cores1,pcm_cha,drd_occupancy,SKT0C4,47,6.661416666666667e-05,request_seconds
correlation-fio-randwrite-cores1,pcm_cha,drd_occupancy,SKT0C4,48,5.4464166666666666e-05,request_seconds
correlation-fio-randwrite-cores1,pcm_cha,drd_occupancy,SKT0C4,49,6.394416666666667e-05,request_seconds
correlation-fio-randwrite-cores1,pcm_cha,drd_occupancy,SKT0C4,50,7.431833333333334e-05,request_seconds
correlation-fio-randwrite-cores1,pcm_cha,drd_occupancy,SKT0C4,51,5.507583333333333e-05,request_seconds
correlation-fio-randwrite-cores1,pcm_cha,drd_occupancy,SKT0C4,52,5.778e-05,request_seconds
correlation-fio-randwrite-cores1,pcm_cha,drd_occupancy,SKT0C4,53,5.666083333333333e-05,request_seconds
correlation-fio-randwrite-cores1,pcm_cha,drd_occupancy,SKT0C4,54,6.080916666666667e-05,request_seconds
correlation-fio-randwrite-cores1,pcm_cha,drd_occupancy,SKT0C4,55,6.949041666666666e-05,request_seconds
correlation-fio-randwrite-cores1,pcm_cha,drd_occupancy,SKT0C4,56,5.95925e-05,request_seconds
correlation-fio-randwrite-cores1,pcm_cha,drd_occupancy,SKT0C4,57,5.9819166666666665e-05,request_seconds
correlation-fio-randwrite-cores1,pcm_cha,drd_occupancy,SKT0C4,58,6.0550416666666666e-05,request_seconds
correlation-fio-randwrite-cores1,pcm_cha,drd_occupancy,SKT0C4,59,6.817125e-05,request_seconds
correlation-fio-randwrite-cores1,pcm_cha,drd_occupancy,SKT0C5,0,0.00023848875,request_seconds
correlation-fio-randwrite-cores1,pcm_cha,drd_occupancy,SKT0C5,1,9.377166666666666e-05,request_seconds
correlation-fio-randwrite-cores1,pcm_cha,drd_occupancy,SKT0C5,2,6.82375e-05,request_seconds
correlation-fio-randwrite-cores1,pcm_cha,drd_occupancy,SKT0C5,3,7.418083333333334e-05,request_seconds
correlation-fio-randwrite-cores1,pcm_cha,drd_occupancy,SKT0C5,4,7.148333333333333e-05,request_seconds
correlation-fio-randwrite-cores1,pcm_cha,drd_occupancy,SKT0C5,5,7.670708333333334e-05,request_seconds
correlation-fio-randwrite-cores1,pcm_cha,drd_occupancy,SKT0C5,6,6.383416666666667e-05,request_seconds
correlation-fio-randwrite-cores1,pcm_cha,drd_occupancy,SKT0C5,7,7.574708333333334e-05,request_seconds
correlation-fio-randwrite-cores1,pcm_cha,drd_occupancy,SKT0C5,8,6.784375e-05,request_seconds
correlation-fio-randwrite-cores1,pcm_cha,drd_occupancy,SKT0C5,9,6.742833333333334e-05,request_seconds
correlation-fio-randwrite-cores1,pcm_cha,drd_occupancy,SKT0C5,10,7.243958333333333e-05,request_seconds
correlation-fio-randwrite-cores1,pcm_cha,drd_occupancy,SKT0C5,11,8.272666666666666e-05,request_seconds
correlation-fio-randwrite-cores1,pcm_cha,drd_occupancy,SKT0C5,12,6.187e-05,request_seconds
correlation-fio-randwrite-cores1,pcm_cha,drd_occupancy,SKT0C5,13,7.674916666666667e-05,request_seconds
correlation-fio-randwrite-cores1,pcm_cha,drd_occupancy,SKT0C5,14,6.911208333333333e-05,request_seconds
correlation-fio-randwrite-cores1,pcm_cha,drd_occupancy,SKT0C5,15,7.377458333333333e-05,request_seconds
correlation-fio-randwrite-cores1,pcm_cha,drd_occupancy,SKT0C5,16,7.833625e-05,request_seconds
correlation-fio-randwrite-cores1,pcm_cha,drd_occupancy,SKT0C5,17,0.0001076225,request_seconds
correlation-fio-randwrite-cores1,pcm_cha,drd_occupancy,SKT0C5,18,7.380958333333334e-05,request_seconds
correlation-fio-randwrite-cores1,pcm_cha,drd_occupancy,SKT0C5,19,7.422958333333333e-05,request_seconds
correlation-fio-randwrite-cores1,pcm_cha,drd_occupancy,SKT0C5,20,8.489166666666667e-05,request_seconds
correlation-fio-randwrite-cores1,pcm_cha,drd_occupancy,SKT0C5,21,6.717375e-05,request_seconds
correlation-fio-randwrite-cores1,pcm_cha,drd_occupancy,SKT0C5,22,7.19375e-05,request_seconds
correlation-fio-randwrite-cores1,pcm_cha,drd_occupancy,SKT0C5,23,7.87025e-05,request_seconds
correlation-fio-randwrite-cores1,pcm_cha,drd_occupancy,SKT0C5,24,6.908e-05,request_seconds
correlation-fio-randwrite-cores1,pcm_cha,drd_occupancy,SKT0C5,25,6.452833333333334e-05,request_seconds
correlation-fio-randwrite-cores1,pcm_cha,drd_occupancy,SKT0C5,26,6.615333333333334e-05,request_seconds
correlation-fio-randwrite-cores1,pcm_cha,drd_occupancy,SKT0C5,27,7.354333333333333e-05,request_seconds
correlation-fio-randwrite-cores1,pcm_cha,drd_occupancy,SKT0C5,28,6.623416666666666e-05,request_seconds
correlation-fio-randwrite-cores1,pcm_cha,drd_occupancy,SKT0C5,29,7.586791666666667e-05,request_seconds
correlation-fio-randwrite-cores1,pcm_cha,drd_occupancy,SKT0C5,30,7.797708333333333e-05,request_seconds
correlation-fio-randwrite-cores1,pcm_cha,drd_occupancy,SKT0C5,31,8.378333333333333e-05,request_seconds
correlation-fio-randwrite-cores1,pcm_cha,drd_occupancy,SKT0C5,32,6.995458333333334e-05,request_seconds
correlation-fio-randwrite-cores1,pcm_cha,drd_occupancy,SKT0C5,33,7.18125e-05,request_seconds
correlation-fio-randwrite-cores1,pcm_cha,drd_occupancy,SKT0C5,34,7.013208333333333e-05,request_seconds
correlation-fio-randwrite-cores1,pcm_cha,drd_occupancy,SKT0C5,35,6.968958333333333e-05,request_seconds
correlation-fio-randwrite-cores1,pcm_cha,drd_occupancy,SKT0C5,36,6.772708333333333e-05,request_seconds
correlation-fio-randwrite-cores1,pcm_cha,drd_occupancy,SKT0C5,37,6.561166666666666e-05,request_seconds
correlation-fio-randwrite-cores1,pcm_cha,drd_occupancy,SKT0C5,38,7.83175e-05,request_seconds
correlation-fio-randwrite-cores1,pcm_cha,drd_occupancy,SKT0C5,39,0.00021294041666666667,request_seconds
correlation-fio-randwrite-cores1,pcm_cha,drd_occupancy,SKT0C5,40,0.00014603791666666666,request_seconds
correlation-fio-randwrite-cores1,pcm_cha,drd_occupancy,SKT0C5,41,0.00021638375,request_seconds
correlation-fio-randwrite-cores1,pcm_cha,drd_occupancy,SKT0C5,42,0.00010427125,request_seconds
correlation-fio-randwrite-cores1,pcm_cha,drd_occupancy,SKT0C5,43,7.220333333333333e-05,request_seconds
correlation-fio-randwrite-cores1,pcm_cha,drd_occupancy,SKT0C5,44,7.362291666666667e-05,request_seconds
correlation-fio-randwrite-cores1,pcm_cha,drd_occupancy,SKT0C5,45,6.722416666666667e-05,request_seconds
correlation-fio-randwrite-cores1,pcm_cha,drd_occupancy,SKT0C5,46,7.6565e-05,request_seconds
correlation-fio-randwrite-cores1,pcm_cha,drd_occupancy,SKT0C5,47,7.400708333333333e-05,request_seconds
correlation-fio-randwrite-cores1,pcm_cha,drd_occupancy,SKT0C5,48,6.210458333333334e-05,request_seconds
correlation-fio-randwrite-cores1,pcm_cha,drd_occupancy,SKT0C5,49,7.41175e-05,request_seconds
correlation-fio-randwrite-cores1,pcm_cha,drd_occupancy,SKT0C5,50,8.41425e-05,request_seconds
correlation-fio-randwrite-cores1,pcm_cha,drd_occupancy,SKT0C5,51,6.429875e-05,request_seconds
correlation-fio-randwrite-cores1,pcm_cha,drd_occupancy,SKT0C5,52,6.531208333333333e-05,request_seconds
correlation-fio-randwrite-cores1,pcm_cha,drd_occupancy,SKT0C5,53,6.311708333333333e-05,request_seconds
correlation-fio-randwrite-cores1,pcm_cha,drd_occupancy,SKT0C5,54,6.969666666666667e-05,request_seconds
correlation-fio-randwrite-cores1,pcm_cha,drd_occupancy,SKT0C5,55,8.036791666666667e-05,request_seconds
correlation-fio-randwrite-cores1,pcm_cha,drd_occupancy,SKT0C5,56,6.985291666666667e-05,request_seconds
correlation-fio-randwrite-cores1,pcm_cha,drd_occupancy,SKT0C5,57,6.664416666666667e-05,request_seconds
correlation-fio-randwrite-cores1,pcm_cha,drd_occupancy,SKT0C5,58,6.835458333333333e-05,request_seconds
correlation-fio-randwrite-cores1,pcm_cha,drd_occupancy,SKT0C5,59,7.646041666666666e-05,request_seconds
correlation-fio-randwrite-cores1,pcm_cha,drd_occupancy,SKT0C6,0,0.0002869533333333333,request_seconds
correlation-fio-randwrite-cores1,pcm_cha,drd_occupancy,SKT0C6,1,0.00010514916666666667,request_seconds
correlation-fio-randwrite-cores1,pcm_cha,drd_occupancy,SKT0C6,2,7.899541666666666e-05,request_seconds
correlation-fio-randwrite-cores1,pcm_cha,drd_occupancy,SKT0C6,3,8.6595e-05,request_seconds
correlation-fio-randwrite-cores1,pcm_cha,drd_occupancy,SKT0C6,4,8.478291666666666e-05,request_seconds
correlation-fio-randwrite-cores1,pcm_cha,drd_occupancy,SKT0C6,5,8.829458333333333e-05,request_seconds
correlation-fio-randwrite-cores1,pcm_cha,drd_occupancy,SKT0C6,6,7.332583333333334e-05,request_seconds
correlation-fio-randwrite-cores1,pcm_cha,drd_occupancy,SKT0C6,7,8.968375e-05,request_seconds
correlation-fio-randwrite-cores1,pcm_cha,drd_occupancy,SKT0C6,8,7.912666666666667e-05,request_seconds
correlation-fio-randwrite-cores1,pcm_cha,drd_occupancy,SKT0C6,9,8.227083333333334e-05,request_seconds
correlation-fio-randwrite-cores1,pcm_cha,drd_occupancy,SKT0C6,10,8.602625e-05,request_seconds
correlation-fio-randwrite-cores1,pcm_cha,drd_occupancy,SKT0C6,11,9.843625e-05,request_seconds
correlation-fio-randwrite-cores1,pcm_cha,drd_occupancy,SKT0C6,12,7.544166666666667e-05,request_seconds
correlation-fio-randwrite-cores1,pcm_cha,drd_occupancy,SKT0C6,13,9.259458333333334e-05,request_seconds
correlation-fio-randwrite-cores1,pcm_cha,drd_occupancy,SKT0C6,14,8.287333333333334e-05,request_seconds
correlation-fio-randwrite-cores1,pcm_cha,drd_occupancy,SKT0C6,15,8.955291666666667e-05,request_seconds
correlation-fio-randwrite-cores1,pcm_cha,drd_occupancy,SKT0C6,16,9.320875e-05,request_seconds
correlation-fio-randwrite-cores1,pcm_cha,drd_occupancy,SKT0C6,17,0.00012278916666666668,request_seconds
correlation-fio-randwrite-cores1,pcm_cha,drd_occupancy,SKT0C6,18,8.925583333333333e-05,request_seconds
correlation-fio-randwrite-cores1,pcm_cha,drd_occupancy,SKT0C6,19,8.63525e-05,request_seconds
correlation-fio-randwrite-cores1,pcm_cha,drd_occupancy,SKT0C6,20,9.731041666666667e-05,request_seconds
correlation-fio-randwrite-cores1,pcm_cha,drd_occupancy,SKT0C6,21,8.007083333333334e-05,request_seconds
correlation-fio-randwrite-cores1,pcm_cha,drd_occupancy,SKT0C6,22,8.659625e-05,request_seconds
correlation-fio-randwrite-cores1,pcm_cha,drd_occupancy,SKT0C6,23,9.353833333333333e-05,request_seconds
correlation-fio-randwrite-cores1,pcm_cha,drd_occupancy,SKT0C6,24,7.98875e-05,request_seconds
correlation-fio-randwrite-cores1,pcm_cha,drd_occupancy,SKT0C6,25,7.644208333333333e-05,request_seconds
correlation-fio-randwrite-cores1,pcm_cha,drd_occupancy,SKT0C6,26,7.914e-05,request_seconds
correlation-fio-randwrite-cores1,pcm_cha,drd_occupancy,SKT0C6,27,9.058291666666667e-05,request_seconds
correlation-fio-randwrite-cores1,pcm_cha,drd_occupancy,SKT0C6,28,8.312666666666667e-05,request_seconds
correlation-fio-randwrite-cores1,pcm_cha,drd_occupancy,SKT0C6,29,9.18975e-05,request_seconds
correlation-fio-randwrite-cores1,pcm_cha,drd_occupancy,SKT0C6,30,9.082416666666667e-05,request_seconds
correlation-fio-randwrite-cores1,pcm_cha,drd_occupancy,SKT0C6,31,9.693291666666667e-05,request_seconds
correlation-fio-randwrite-cores1,pcm_cha,drd_occupancy,SKT0C6,32,8.239375e-05,request_seconds
correlation-fio-randwrite-cores1,pcm_cha,drd_occupancy,SKT0C6,33,8.537291666666667e-05,request_seconds
correlation-fio-randwrite-cores1,pcm_cha,drd_occupancy,SKT0C6,34,8.311125e-05,request_seconds
correlation-fio-randwrite-cores1,pcm_cha,drd_occupancy,SKT0C6,35,8.245541666666666e-05,request_seconds
correlation-fio-randwrite-cores1,pcm_cha,drd_occupancy,SKT0C6,36,7.887e-05,request_seconds
correlation-fio-randwrite-cores1,pcm_cha,drd_occupancy,SKT0C6,37,7.630166666666667e-05,request_seconds
correlation-fio-randwrite-cores1,pcm_cha,drd_occupancy,SKT0C6,38,9.070416666666666e-05,request_seconds
correlation-fio-randwrite-cores1,pcm_cha,drd_occupancy,SKT0C6,39,0.0002527520833333333,request_seconds
correlation-fio-randwrite-cores1,pcm_cha,drd_occupancy,SKT0C6,40,0.00017271541666666668,request_seconds
correlation-fio-randwrite-cores1,pcm_cha,drd_occupancy,SKT0C6,41,0.00025176125,request_seconds
correlation-fio-randwrite-cores1,pcm_cha,drd_occupancy,SKT0C6,42,0.00012503916666666665,request_seconds
correlation-fio-randwrite-cores1,pcm_cha,drd_occupancy,SKT0C6,43,8.587916666666667e-05,request_seconds
correlation-fio-randwrite-cores1,pcm_cha,drd_occupancy,SKT0C6,44,8.468291666666667e-05,request_seconds
correlation-fio-randwrite-cores1,pcm_cha,drd_occupancy,SKT0C6,45,7.926125e-05,request_seconds
correlation-fio-randwrite-cores1,pcm_cha,drd_occupancy,SKT0C6,46,8.894916666666667e-05,request_seconds
correlation-fio-randwrite-cores1,pcm_cha,drd_occupancy,SKT0C6,47,8.686791666666667e-05,request_seconds
correlation-fio-randwrite-cores1,pcm_cha,drd_occupancy,SKT0C6,48,7.255708333333333e-05,request_seconds
correlation-fio-randwrite-cores1,pcm_cha,drd_occupancy,SKT0C6,49,8.553041666666667e-05,request_seconds
correlation-fio-randwrite-cores1,pcm_cha,drd_occupancy,SKT0C6,50,9.966583333333333e-05,request_seconds
correlation-fio-randwrite-cores1,pcm_cha,drd_occupancy,SKT0C6,51,7.666791666666666e-05,request_seconds
correlation-fio-randwrite-cores1,pcm_cha,drd_occupancy,SKT0C6,52,7.83925e-05,request_seconds
correlation-fio-randwrite-cores1,pcm_cha,drd_occupancy,SKT0C6,53,7.765791666666666e-05,request_seconds
correlation-fio-randwrite-cores1,pcm_cha,drd_occupancy,SKT0C6,54,8.244583333333333e-05,request_seconds
correlation-fio-randwrite-cores1,pcm_cha,drd_occupancy,SKT0C6,55,9.637e-05,request_seconds
correlation-fio-randwrite-cores1,pcm_cha,drd_occupancy,SKT0C6,56,8.415375e-05,request_seconds
correlation-fio-randwrite-cores1,pcm_cha,drd_occupancy,SKT0C6,57,8.233125e-05,request_seconds
correlation-fio-randwrite-cores1,pcm_cha,drd_occupancy,SKT0C6,58,8.202333333333333e-05,request_seconds
correlation-fio-randwrite-cores1,pcm_cha,drd_occupancy,SKT0C6,59,9.213083333333333e-05,request_seconds
correlation-fio-randwrite-cores1,pcm_cha,drd_occupancy,SKT0C7,0,0.00027183666666666666,request_seconds
correlation-fio-randwrite-cores1,pcm_cha,drd_occupancy,SKT0C7,1,0.00010147666666666667,request_seconds
correlation-fio-randwrite-cores1,pcm_cha,drd_occupancy,SKT0C7,2,7.537125e-05,request_seconds
correlation-fio-randwrite-cores1,pcm_cha,drd_occupancy,SKT0C7,3,8.234958333333333e-05,request_seconds
correlation-fio-randwrite-cores1,pcm_cha,drd_occupancy,SKT0C7,4,7.87675e-05,request_seconds
correlation-fio-randwrite-cores1,pcm_cha,drd_occupancy,SKT0C7,5,8.439125e-05,request_seconds
correlation-fio-randwrite-cores1,pcm_cha,drd_occupancy,SKT0C7,6,7.201916666666666e-05,request_seconds
correlation-fio-randwrite-cores1,pcm_cha,drd_occupancy,SKT0C7,7,8.404708333333333e-05,request_seconds
correlation-fio-randwrite-cores1,pcm_cha,drd_occupancy,SKT0C7,8,7.583541666666667e-05,request_seconds
correlation-fio-randwrite-cores1,pcm_cha,drd_occupancy,SKT0C7,9,7.74425e-05,request_seconds
correlation-fio-randwrite-cores1,pcm_cha,drd_occupancy,SKT0C7,10,8.112166666666667e-05,request_seconds
correlation-fio-randwrite-cores1,pcm_cha,drd_occupancy,SKT0C7,11,9.175416666666666e-05,request_seconds
correlation-fio-randwrite-cores1,pcm_cha,drd_occupancy,SKT0C7,12,7.086166666666667e-05,request_seconds
correlation-fio-randwrite-cores1,pcm_cha,drd_occupancy,SKT0C7,13,8.541875e-05,request_seconds
correlation-fio-randwrite-cores1,pcm_cha,drd_occupancy,SKT0C7,14,7.673208333333333e-05,request_seconds
correlation-fio-randwrite-cores1,pcm_cha,drd_occupancy,SKT0C7,15,8.340458333333333e-05,request_seconds
correlation-fio-randwrite-cores1,pcm_cha,drd_occupancy,SKT0C7,16,8.736666666666667e-05,request_seconds
correlation-fio-randwrite-cores1,pcm_cha,drd_occupancy,SKT0C7,17,0.00011505833333333333,request_seconds
correlation-fio-randwrite-cores1,pcm_cha,drd_occupancy,SKT0C7,18,8.587458333333334e-05,request_seconds
correlation-fio-randwrite-cores1,pcm_cha,drd_occupancy,SKT0C7,19,8.158875e-05,request_seconds
correlation-fio-randwrite-cores1,pcm_cha,drd_occupancy,SKT0C7,20,9.417958333333333e-05,request_seconds
correlation-fio-randwrite-cores1,pcm_cha,drd_occupancy,SKT0C7,21,7.746125e-05,request_seconds
correlation-fio-randwrite-cores1,pcm_cha,drd_occupancy,SKT0C7,22,8.016083333333333e-05,request_seconds
correlation-fio-randwrite-cores1,pcm_cha,drd_occupancy,SKT0C7,23,8.993833333333334e-05,request_seconds
correlation-fio-randwrite-cores1,pcm_cha,drd_occupancy,SKT0C7,24,7.457958333333333e-05,request_seconds
correlation-fio-randwrite-cores1,pcm_cha,drd_occupancy,SKT0C7,25,7.214875e-05,request_seconds
correlation-fio-randwrite-cores1,pcm_cha,drd_occupancy,SKT0C7,26,7.702e-05,request_seconds
correlation-fio-randwrite-cores1,pcm_cha,drd_occupancy,SKT0C7,27,8.23225e-05,request_seconds
correlation-fio-randwrite-cores1,pcm_cha,drd_occupancy,SKT0C7,28,7.696541666666667e-05,request_seconds
correlation-fio-randwrite-cores1,pcm_cha,drd_occupancy,SKT0C7,29,8.455875e-05,request_seconds
correlation-fio-randwrite-cores1,pcm_cha,drd_occupancy,SKT0C7,30,8.469916666666667e-05,request_seconds
correlation-fio-randwrite-cores1,pcm_cha,drd_occupancy,SKT0C7,31,9.024166666666666e-05,request_seconds
correlation-fio-randwrite-cores1,pcm_cha,drd_occupancy,SKT0C7,32,7.8535e-05,request_seconds
correlation-fio-randwrite-cores1,pcm_cha,drd_occupancy,SKT0C7,33,7.737e-05,request_seconds
correlation-fio-randwrite-cores1,pcm_cha,drd_occupancy,SKT0C7,34,7.59525e-05,request_seconds
correlation-fio-randwrite-cores1,pcm_cha,drd_occupancy,SKT0C7,35,7.760958333333333e-05,request_seconds
correlation-fio-randwrite-cores1,pcm_cha,drd_occupancy,SKT0C7,36,7.4695e-05,request_seconds
correlation-fio-randwrite-cores1,pcm_cha,drd_occupancy,SKT0C7,37,7.257e-05,request_seconds
correlation-fio-randwrite-cores1,pcm_cha,drd_occupancy,SKT0C7,38,8.5705e-05,request_seconds
correlation-fio-randwrite-cores1,pcm_cha,drd_occupancy,SKT0C7,39,0.00024415,request_seconds
correlation-fio-randwrite-cores1,pcm_cha,drd_occupancy,SKT0C7,40,0.00016181291666666667,request_seconds
correlation-fio-randwrite-cores1,pcm_cha,drd_occupancy,SKT0C7,41,0.00024006333333333334,request_seconds
correlation-fio-randwrite-cores1,pcm_cha,drd_occupancy,SKT0C7,42,0.00011926875,request_seconds
correlation-fio-randwrite-cores1,pcm_cha,drd_occupancy,SKT0C7,43,8.2985e-05,request_seconds
correlation-fio-randwrite-cores1,pcm_cha,drd_occupancy,SKT0C7,44,8.233125e-05,request_seconds
correlation-fio-randwrite-cores1,pcm_cha,drd_occupancy,SKT0C7,45,8.115583333333333e-05,request_seconds
correlation-fio-randwrite-cores1,pcm_cha,drd_occupancy,SKT0C7,46,8.858625e-05,request_seconds
correlation-fio-randwrite-cores1,pcm_cha,drd_occupancy,SKT0C7,47,8.707541666666667e-05,request_seconds
correlation-fio-randwrite-cores1,pcm_cha,drd_occupancy,SKT0C7,48,7.121041666666667e-05,request_seconds
correlation-fio-randwrite-cores1,pcm_cha,drd_occupancy,SKT0C7,49,8.320833333333333e-05,request_seconds
correlation-fio-randwrite-cores1,pcm_cha,drd_occupancy,SKT0C7,50,9.625708333333333e-05,request_seconds
correlation-fio-randwrite-cores1,pcm_cha,drd_occupancy,SKT0C7,51,7.2375e-05,request_seconds
correlation-fio-randwrite-cores1,pcm_cha,drd_occupancy,SKT0C7,52,7.371666666666667e-05,request_seconds
correlation-fio-randwrite-cores1,pcm_cha,drd_occupancy,SKT0C7,53,7.227083333333334e-05,request_seconds
correlation-fio-randwrite-cores1,pcm_cha,drd_occupancy,SKT0C7,54,7.581958333333334e-05,request_seconds
correlation-fio-randwrite-cores1,pcm_cha,drd_occupancy,SKT0C7,55,9.036083333333334e-05,request_seconds
correlation-fio-randwrite-cores1,pcm_cha,drd_occupancy,SKT0C7,56,7.706833333333334e-05,request_seconds
correlation-fio-randwrite-cores1,pcm_cha,drd_occupancy,SKT0C7,57,7.577125e-05,request_seconds
correlation-fio-randwrite-cores1,pcm_cha,drd_occupancy,SKT0C7,58,7.683833333333333e-05,request_seconds
correlation-fio-randwrite-cores1,pcm_cha,drd_occupancy,SKT0C7,59,8.719791666666667e-05,request_seconds
correlation-fio-randwrite-cores1,pcm_cha,drd_occupancy,SKT0C8,0,0.000265865,request_seconds
correlation-fio-randwrite-cores1,pcm_cha,drd_occupancy,SKT0C8,1,9.524916666666667e-05,request_seconds
correlation-fio-randwrite-cores1,pcm_cha,drd_occupancy,SKT0C8,2,7.122791666666667e-05,request_seconds
correlation-fio-randwrite-cores1,pcm_cha,drd_occupancy,SKT0C8,3,7.725166666666666e-05,request_seconds
correlation-fio-randwrite-cores1,pcm_cha,drd_occupancy,SKT0C8,4,7.242708333333333e-05,request_seconds
correlation-fio-randwrite-cores1,pcm_cha,drd_occupancy,SKT0C8,5,7.981583333333334e-05,request_seconds
correlation-fio-randwrite-cores1,pcm_cha,drd_occupancy,SKT0C8,6,6.634125e-05,request_seconds
correlation-fio-randwrite-cores1,pcm_cha,drd_occupancy,SKT0C8,7,7.721333333333333e-05,request_seconds
correlation-fio-randwrite-cores1,pcm_cha,drd_occupancy,SKT0C8,8,7.002583333333334e-05,request_seconds
correlation-fio-randwrite-cores1,pcm_cha,drd_occupancy,SKT0C8,9,7.263291666666666e-05,request_seconds
correlation-fio-randwrite-cores1,pcm_cha,drd_occupancy,SKT0C8,10,7.579e-05,request_seconds
correlation-fio-randwrite-cores1,pcm_cha,drd_occupancy,SKT0C8,11,8.425e-05,request_seconds
correlation-fio-randwrite-cores1,pcm_cha,drd_occupancy,SKT0C8,12,6.548458333333334e-05,request_seconds
correlation-fio-randwrite-cores1,pcm_cha,drd_occupancy,SKT0C8,13,7.820041666666667e-05,request_seconds
correlation-fio-randwrite-cores1,pcm_cha,drd_occupancy,SKT0C8,14,6.960625e-05,request_seconds
correlation-fio-randwrite-cores1,pcm_cha,drd_occupancy,SKT0C8,15,7.848833333333333e-05,request_seconds
correlation-fio-randwrite-cores1,pcm_cha,drd_occupancy,SKT0C8,16,8.224458333333333e-05,request_seconds
correlation-fio-randwrite-cores1,pcm_cha,drd_occupancy,SKT0C8,17,0.00010880458333333334,request_seconds
correlation-fio-randwrite-cores1,pcm_cha,drd_occupancy,SKT0C8,18,7.922291666666667e-05,request_seconds
correlation-fio-randwrite-cores1,pcm_cha,drd_occupancy,SKT0C8,19,7.407e-05,request_seconds
correlation-fio-randwrite-cores1,pcm_cha,drd_occupancy,SKT0C8,20,8.559333333333334e-05,request_seconds
correlation-fio-randwrite-cores1,pcm_cha,drd_occupancy,SKT0C8,21,7.175416666666666e-05,request_seconds
correlation-fio-randwrite-cores1,pcm_cha,drd_occupancy,SKT0C8,22,7.564375e-05,request_seconds
correlation-fio-randwrite-cores1,pcm_cha,drd_occupancy,SKT0C8,23,8.310583333333334e-05,request_seconds
correlation-fio-randwrite-cores1,pcm_cha,drd_occupancy,SKT0C8,24,6.93975e-05,request_seconds
correlation-fio-randwrite-cores1,pcm_cha,drd_occupancy,SKT0C8,25,6.555333333333333e-05,request_seconds
correlation-fio-randwrite-cores1,pcm_cha,drd_occupancy,SKT0C8,26,7.061166666666666e-05,request_seconds
correlation-fio-randwrite-cores1,pcm_cha,drd_occupancy,SKT0C8,27,7.782333333333334e-05,request_seconds
correlation-fio-randwrite-cores1,pcm_cha,drd_occupancy,SKT0C8,28,7.181041666666667e-05,request_seconds
correlation-fio-randwrite-cores1,pcm_cha,drd_occupancy,SKT0C8,29,7.768166666666667e-05,request_seconds
correlation-fio-randwrite-cores1,pcm_cha,drd_occupancy,SKT0C8,30,7.899416666666667e-05,request_seconds
correlation-fio-randwrite-cores1,pcm_cha,drd_occupancy,SKT0C8,31,8.500625e-05,request_seconds
correlation-fio-randwrite-cores1,pcm_cha,drd_occupancy,SKT0C8,32,7.687208333333334e-05,request_seconds
correlation-fio-randwrite-cores1,pcm_cha,drd_occupancy,SKT0C8,33,7.553958333333333e-05,request_seconds
correlation-fio-randwrite-cores1,pcm_cha,drd_occupancy,SKT0C8,34,7.258833333333334e-05,request_seconds
correlation-fio-randwrite-cores1,pcm_cha,drd_occupancy,SKT0C8,35,7.096791666666667e-05,request_seconds
correlation-fio-randwrite-cores1,pcm_cha,drd_occupancy,SKT0C8,36,6.786208333333334e-05,request_seconds
correlation-fio-randwrite-cores1,pcm_cha,drd_occupancy,SKT0C8,37,6.641708333333333e-05,request_seconds
correlation-fio-randwrite-cores1,pcm_cha,drd_occupancy,SKT0C8,38,7.821041666666666e-05,request_seconds
correlation-fio-randwrite-cores1,pcm_cha,drd_occupancy,SKT0C8,39,0.000234145,request_seconds
correlation-fio-randwrite-cores1,pcm_cha,drd_occupancy,SKT0C8,40,0.00014861416666666667,request_seconds
correlation-fio-randwrite-cores1,pcm_cha,drd_occupancy,SKT0C8,41,0.00023379208333333334,request_seconds
correlation-fio-randwrite-cores1,pcm_cha,drd_occupancy,SKT0C8,42,0.00011134916666666667,request_seconds
correlation-fio-randwrite-cores1,pcm_cha,drd_occupancy,SKT0C8,43,7.53325e-05,request_seconds
correlation-fio-randwrite-cores1,pcm_cha,drd_occupancy,SKT0C8,44,7.69025e-05,request_seconds
correlation-fio-randwrite-cores1,pcm_cha,drd_occupancy,SKT0C8,45,7.348958333333334e-05,request_seconds
correlation-fio-randwrite-cores1,pcm_cha,drd_occupancy,SKT0C8,46,7.989208333333333e-05,request_seconds
correlation-fio-randwrite-cores1,pcm_cha,drd_occupancy,SKT0C8,47,8.003e-05,request_seconds
correlation-fio-randwrite-cores1,pcm_cha,drd_occupancy,SKT0C8,48,6.736375e-05,request_seconds
correlation-fio-randwrite-cores1,pcm_cha,drd_occupancy,SKT0C8,49,7.812208333333334e-05,request_seconds
correlation-fio-randwrite-cores1,pcm_cha,drd_occupancy,SKT0C8,50,8.995291666666667e-05,request_seconds
correlation-fio-randwrite-cores1,pcm_cha,drd_occupancy,SKT0C8,51,6.639416666666666e-05,request_seconds
correlation-fio-randwrite-cores1,pcm_cha,drd_occupancy,SKT0C8,52,6.980458333333334e-05,request_seconds
correlation-fio-randwrite-cores1,pcm_cha,drd_occupancy,SKT0C8,53,6.738833333333333e-05,request_seconds
correlation-fio-randwrite-cores1,pcm_cha,drd_occupancy,SKT0C8,54,7.293e-05,request_seconds
correlation-fio-randwrite-cores1,pcm_cha,drd_occupancy,SKT0C8,55,8.564791666666666e-05,request_seconds
correlation-fio-randwrite-cores1,pcm_cha,drd_occupancy,SKT0C8,56,7.181166666666666e-05,request_seconds
correlation-fio-randwrite-cores1,pcm_cha,drd_occupancy,SKT0C8,57,7.107083333333334e-05,request_seconds
correlation-fio-randwrite-cores1,pcm_cha,drd_occupancy,SKT0C8,58,7.212416666666666e-05,request_seconds
correlation-fio-randwrite-cores1,pcm_cha,drd_occupancy,SKT0C8,59,8.070666666666666e-05,request_seconds
correlation-fio-randwrite-cores1,pcm_cha,drd_occupancy,SKT0C9,0,0.0002886508333333333,request_seconds
correlation-fio-randwrite-cores1,pcm_cha,drd_occupancy,SKT0C9,1,0.00010891791666666667,request_seconds
correlation-fio-randwrite-cores1,pcm_cha,drd_occupancy,SKT0C9,2,8.28025e-05,request_seconds
correlation-fio-randwrite-cores1,pcm_cha,drd_occupancy,SKT0C9,3,8.757375e-05,request_seconds
correlation-fio-randwrite-cores1,pcm_cha,drd_occupancy,SKT0C9,4,8.559083333333333e-05,request_seconds
correlation-fio-randwrite-cores1,pcm_cha,drd_occupancy,SKT0C9,5,8.999875e-05,request_seconds
correlation-fio-randwrite-cores1,pcm_cha,drd_occupancy,SKT0C9,6,7.901833333333333e-05,request_seconds
correlation-fio-randwrite-cores1,pcm_cha,drd_occupancy,SKT0C9,7,9.164458333333333e-05,request_seconds
correlation-fio-randwrite-cores1,pcm_cha,drd_occupancy,SKT0C9,8,8.087458333333334e-05,request_seconds
correlation-fio-randwrite-cores1,pcm_cha,drd_occupancy,SKT0C9,9,8.215083333333333e-05,request_seconds
correlation-fio-randwrite-cores1,pcm_cha,drd_occupancy,SKT0C9,10,8.526083333333334e-05,request_seconds
correlation-fio-randwrite-cores1,pcm_cha,drd_occupancy,SKT0C9,11,9.458333333333333e-05,request_seconds
correlation-fio-randwrite-cores1,pcm_cha,drd_occupancy,SKT0C9,12,7.628708333333333e-05,request_seconds
correlation-fio-randwrite-cores1,pcm_cha,drd_occupancy,SKT0C9,13,8.980041666666666e-05,request_seconds
correlation-fio-randwrite-cores1,pcm_cha,drd_occupancy,SKT0C9,14,8.355041666666666e-05,request_seconds
correlation-fio-randwrite-cores1,pcm_cha,drd_occupancy,SKT0C9,15,8.938416666666667e-05,request_seconds
correlation-fio-randwrite-cores1,pcm_cha,drd_occupancy,SKT0C9,16,9.481208333333333e-05,request_seconds
correlation-fio-randwrite-cores1,pcm_cha,drd_occupancy,SKT0C9,17,0.00012000083333333333,request_seconds
correlation-fio-randwrite-cores1,pcm_cha,drd_occupancy,SKT0C9,18,8.855791666666667e-05,request_seconds
correlation-fio-randwrite-cores1,pcm_cha,drd_occupancy,SKT0C9,19,8.529125e-05,request_seconds
correlation-fio-randwrite-cores1,pcm_cha,drd_occupancy,SKT0C9,20,9.79225e-05,request_seconds
correlation-fio-randwrite-cores1,pcm_cha,drd_occupancy,SKT0C9,21,8.234333333333333e-05,request_seconds
correlation-fio-randwrite-cores1,pcm_cha,drd_occupancy,SKT0C9,22,8.555375e-05,request_seconds
correlation-fio-randwrite-cores1,pcm_cha,drd_occupancy,SKT0C9,23,9.732833333333333e-05,request_seconds
correlation-fio-randwrite-cores1,pcm_cha,drd_occupancy,SKT0C9,24,8.165833333333333e-05,request_seconds
correlation-fio-randwrite-cores1,pcm_cha,drd_occupancy,SKT0C9,25,7.776791666666666e-05,request_seconds
correlation-fio-randwrite-cores1,pcm_cha,drd_occupancy,SKT0C9,26,8.144416666666666e-05,request_seconds
correlation-fio-randwrite-cores1,pcm_cha,drd_occupancy,SKT0C9,27,8.783916666666667e-05,request_seconds
correlation-fio-randwrite-cores1,pcm_cha,drd_occupancy,SKT0C9,28,8.30925e-05,request_seconds
correlation-fio-randwrite-cores1,pcm_cha,drd_occupancy,SKT0C9,29,8.611e-05,request_seconds
correlation-fio-randwrite-cores1,pcm_cha,drd_occupancy,SKT0C9,30,8.988958333333333e-05,request_seconds
correlation-fio-randwrite-cores1,pcm_cha,drd_occupancy,SKT0C9,31,9.669875e-05,request_seconds
correlation-fio-randwrite-cores1,pcm_cha,drd_occupancy,SKT0C9,32,8.63875e-05,request_seconds
correlation-fio-randwrite-cores1,pcm_cha,drd_occupancy,SKT0C9,33,8.670625e-05,request_seconds
correlation-fio-randwrite-cores1,pcm_cha,drd_occupancy,SKT0C9,34,8.375791666666666e-05,request_seconds
correlation-fio-randwrite-cores1,pcm_cha,drd_occupancy,SKT0C9,35,8.207583333333333e-05,request_seconds
correlation-fio-randwrite-cores1,pcm_cha,drd_occupancy,SKT0C9,36,8.080833333333334e-05,request_seconds
correlation-fio-randwrite-cores1,pcm_cha,drd_occupancy,SKT0C9,37,8.014708333333333e-05,request_seconds
correlation-fio-randwrite-cores1,pcm_cha,drd_occupancy,SKT0C9,38,9.085875e-05,request_seconds
correlation-fio-randwrite-cores1,pcm_cha,drd_occupancy,SKT0C9,39,0.0002493175,request_seconds
correlation-fio-randwrite-cores1,pcm_cha,drd_occupancy,SKT0C9,40,0.000165865,request_seconds
correlation-fio-randwrite-cores1,pcm_cha,drd_occupancy,SKT0C9,41,0.00025110458333333334,request_seconds
correlation-fio-randwrite-cores1,pcm_cha,drd_occupancy,SKT0C9,42,0.00012376875,request_seconds
correlation-fio-randwrite-cores1,pcm_cha,drd_occupancy,SKT0C9,43,8.407875e-05,request_seconds
correlation-fio-randwrite-cores1,pcm_cha,drd_occupancy,SKT0C9,44,8.614125e-05,request_seconds
correlation-fio-randwrite-cores1,pcm_cha,drd_occupancy,SKT0C9,45,8.23675e-05,request_seconds
correlation-fio-randwrite-cores1,pcm_cha,drd_occupancy,SKT0C9,46,9.026625e-05,request_seconds
correlation-fio-randwrite-cores1,pcm_cha,drd_occupancy,SKT0C9,47,8.938375e-05,request_seconds
correlation-fio-randwrite-cores1,pcm_cha,drd_occupancy,SKT0C9,48,8.036916666666666e-05,request_seconds
correlation-fio-randwrite-cores1,pcm_cha,drd_occupancy,SKT0C9,49,9.003291666666667e-05,request_seconds
correlation-fio-randwrite-cores1,pcm_cha,drd_occupancy,SKT0C9,50,0.00010089166666666666,request_seconds
correlation-fio-randwrite-cores1,pcm_cha,drd_occupancy,SKT0C9,51,7.597666666666666e-05,request_seconds
correlation-fio-randwrite-cores1,pcm_cha,drd_occupancy,SKT0C9,52,8.009458333333333e-05,request_seconds
correlation-fio-randwrite-cores1,pcm_cha,drd_occupancy,SKT0C9,53,7.555791666666667e-05,request_seconds
correlation-fio-randwrite-cores1,pcm_cha,drd_occupancy,SKT0C9,54,8.435375e-05,request_seconds
correlation-fio-randwrite-cores1,pcm_cha,drd_occupancy,SKT0C9,55,9.741541666666667e-05,request_seconds
correlation-fio-randwrite-cores1,pcm_cha,drd_occupancy,SKT0C9,56,8.384083333333334e-05,request_seconds
correlation-fio-randwrite-cores1,pcm_cha,drd_occupancy,SKT0C9,57,8.015375e-05,request_seconds
correlation-fio-randwrite-cores1,pcm_cha,drd_occupancy,SKT0C9,58,7.89425e-05,request_seconds
correlation-fio-randwrite-cores1,pcm_cha,drd_occupancy,SKT0C9,59,9.213875e-05,request_seconds
correlation-fio-randwrite-cores1,pcm_cha,drd_occupancy,SKT0C10,0,0.00026242458333333333,request_seconds
correlation-fio-randwrite-cores1,pcm_cha,drd_occupancy,SKT0C10,1,9.615458333333334e-05,request_seconds
correlation-fio-randwrite-cores1,pcm_cha,drd_occupancy,SKT0C10,2,7.102333333333333e-05,request_seconds
correlation-fio-randwrite-cores1,pcm_cha,drd_occupancy,SKT0C10,3,8.022291666666666e-05,request_seconds
correlation-fio-randwrite-cores1,pcm_cha,drd_occupancy,SKT0C10,4,7.707791666666667e-05,request_seconds
correlation-fio-randwrite-cores1,pcm_cha,drd_occupancy,SKT0C10,5,8.030541666666666e-05,request_seconds
correlation-fio-randwrite-cores1,pcm_cha,drd_occupancy,SKT0C10,6,6.536625e-05,request_seconds
correlation-fio-randwrite-cores1,pcm_cha,drd_occupancy,SKT0C10,7,8.150333333333333e-05,request_seconds
correlation-fio-randwrite-cores1,pcm_cha,drd_occupancy,SKT0C10,8,7.174833333333334e-05,request_seconds
correlation-fio-randwrite-cores1,pcm_cha,drd_occupancy,SKT0C10,9,7.723791666666666e-05,request_seconds
correlation-fio-randwrite-cores1,pcm_cha,drd_occupancy,SKT0C10,10,7.61225e-05,request_seconds
correlation-fio-randwrite-cores1,pcm_cha,drd_occupancy,SKT0C10,11,8.64125e-05,request_seconds
correlation-fio-randwrite-cores1,pcm_cha,drd_occupancy,SKT0C10,12,6.866125e-05,request_seconds
correlation-fio-randwrite-cores1,pcm_cha,drd_occupancy,SKT0C10,13,8.145541666666666e-05,request_seconds
correlation-fio-randwrite-cores1,pcm_cha,drd_occupancy,SKT0C10,14,7.501916666666667e-05,request_seconds
correlation-fio-randwrite-cores1,pcm_cha,drd_occupancy,SKT0C10,15,7.817291666666667e-05,request_seconds
correlation-fio-randwrite-cores1,pcm_cha,drd_occupancy,SKT0C10,16,8.091791666666667e-05,request_seconds
correlation-fio-randwrite-cores1,pcm_cha,drd_occupancy,SKT0C10,17,0.00010657166666666666,request_seconds
correlation-fio-randwrite-cores1,pcm_cha,drd_occupancy,SKT0C10,18,8.092166666666666e-05,request_seconds
correlation-fio-randwrite-cores1,pcm_cha,drd_occupancy,SKT0C10,19,7.857791666666666e-05,request_seconds
correlation-fio-randwrite-cores1,pcm_cha,drd_occupancy,SKT0C10,20,8.68825e-05,request_seconds
correlation-fio-randwrite-cores1,pcm_cha,drd_occupancy,SKT0C10,21,7.192666666666667e-05,request_seconds
correlation-fio-randwrite-cores1,pcm_cha,drd_occupancy,SKT0C10,22,7.642458333333334e-05,request_seconds
correlation-fio-randwrite-cores1,pcm_cha,drd_occupancy,SKT0C10,23,8.778291666666667e-05,request_seconds
correlation-fio-randwrite-cores1,pcm_cha,drd_occupancy,SKT0C10,24,7.406166666666666e-05,request_seconds
correlation-fio-randwrite-cores1,pcm_cha,drd_occupancy,SKT0C10,25,6.926875e-05,request_seconds
correlation-fio-randwrite-cores1,pcm_cha,drd_occupancy,SKT0C10,26,7.2375e-05,request_seconds
correlation-fio-randwrite-cores1,pcm_cha,drd_occupancy,SKT0C10,27,7.816e-05,request_seconds
correlation-fio-randwrite-cores1,pcm_cha,drd_occupancy,SKT0C10,28,7.388e-05,request_seconds
correlation-fio-randwrite-cores1,pcm_cha,drd_occupancy,SKT0C10,29,8.266666666666667e-05,request_seconds
correlation-fio-randwrite-cores1,pcm_cha,drd_occupancy,SKT0C10,30,8.155208333333334e-05,request_seconds
correlation-fio-randwrite-cores1,pcm_cha,drd_occupancy,SKT0C10,31,8.732458333333333e-05,request_seconds
correlation-fio-randwrite-cores1,pcm_cha,drd_occupancy,SKT0C10,32,7.494083333333334e-05,request_seconds
correlation-fio-randwrite-cores1,pcm_cha,drd_occupancy,SKT0C10,33,7.691375e-05,request_seconds
correlation-fio-randwrite-cores1,pcm_cha,drd_occupancy,SKT0C10,34,7.725708333333334e-05,request_seconds
correlation-fio-randwrite-cores1,pcm_cha,drd_occupancy,SKT0C10,35,7.817833333333333e-05,request_seconds
correlation-fio-randwrite-cores1,pcm_cha,drd_occupancy,SKT0C10,36,7.3825e-05,request_seconds
correlation-fio-randwrite-cores1,pcm_cha,drd_occupancy,SKT0C10,37,7.109125e-05,request_seconds
correlation-fio-randwrite-cores1,pcm_cha,drd_occupancy,SKT0C10,38,8.399125e-05,request_seconds
correlation-fio-randwrite-cores1,pcm_cha,drd_occupancy,SKT0C10,39,0.00023491916666666668,request_seconds
correlation-fio-randwrite-cores1,pcm_cha,drd_occupancy,SKT0C10,40,0.00015167083333333334,request_seconds
correlation-fio-randwrite-cores1,pcm_cha,drd_occupancy,SKT0C10,41,0.00023771666666666665,request_seconds
correlation-fio-randwrite-cores1,pcm_cha,drd_occupancy,SKT0C10,42,0.00011502958333333334,request_seconds
correlation-fio-randwrite-cores1,pcm_cha,drd_occupancy,SKT0C10,43,7.844041666666667e-05,request_seconds
correlation-fio-randwrite-cores1,pcm_cha,drd_occupancy,SKT0C10,44,8.047875e-05,request_seconds
correlation-fio-randwrite-cores1,pcm_cha,drd_occupancy,SKT0C10,45,7.526666666666666e-05,request_seconds
correlation-fio-randwrite-cores1,pcm_cha,drd_occupancy,SKT0C10,46,8.139208333333334e-05,request_seconds
correlation-fio-randwrite-cores1,pcm_cha,drd_occupancy,SKT0C10,47,8.04425e-05,request_seconds
correlation-fio-randwrite-cores1,pcm_cha,drd_occupancy,SKT0C10,48,6.889375e-05,request_seconds
correlation-fio-randwrite-cores1,pcm_cha,drd_occupancy,SKT0C10,49,7.889666666666667e-05,request_seconds
correlation-fio-randwrite-cores1,pcm_cha,drd_occupancy,SKT0C10,50,9.272791666666667e-05,request_seconds
correlation-fio-randwrite-cores1,pcm_cha,drd_occupancy,SKT0C10,51,6.828e-05,request_seconds
correlation-fio-randwrite-cores1,pcm_cha,drd_occupancy,SKT0C10,52,7.1295e-05,request_seconds
correlation-fio-randwrite-cores1,pcm_cha,drd_occupancy,SKT0C10,53,6.947833333333334e-05,request_seconds
correlation-fio-randwrite-cores1,pcm_cha,drd_occupancy,SKT0C10,54,7.445125e-05,request_seconds
correlation-fio-randwrite-cores1,pcm_cha,drd_occupancy,SKT0C10,55,8.67425e-05,request_seconds
correlation-fio-randwrite-cores1,pcm_cha,drd_occupancy,SKT0C10,56,7.37375e-05,request_seconds
correlation-fio-randwrite-cores1,pcm_cha,drd_occupancy,SKT0C10,57,7.25675e-05,request_seconds
correlation-fio-randwrite-cores1,pcm_cha,drd_occupancy,SKT0C10,58,7.264625e-05,request_seconds
correlation-fio-randwrite-cores1,pcm_cha,drd_occupancy,SKT0C10,59,8.496458333333333e-05,request_seconds
correlation-fio-randwrite-cores1,pcm_cha,drd_occupancy,SKT0C11,0,0.0002780304166666667,request_seconds
correlation-fio-randwrite-cores1,pcm_cha,drd_occupancy,SKT0C11,1,0.00010366875,request_seconds
correlation-fio-randwrite-cores1,pcm_cha,drd_occupancy,SKT0C11,2,7.968166666666667e-05,request_seconds
correlation-fio-randwrite-cores1,pcm_cha,drd_occupancy,SKT0C11,3,8.528125e-05,request_seconds
correlation-fio-randwrite-cores1,pcm_cha,drd_occupancy,SKT0C11,4,8.325041666666667e-05,request_seconds
correlation-fio-randwrite-cores1,pcm_cha,drd_occupancy,SKT0C11,5,8.775791666666667e-05,request_seconds
correlation-fio-randwrite-cores1,pcm_cha,drd_occupancy,SKT0C11,6,7.523e-05,request_seconds
correlation-fio-randwrite-cores1,pcm_cha,drd_occupancy,SKT0C11,7,8.702541666666667e-05,request_seconds
correlation-fio-randwrite-cores1,pcm_cha,drd_occupancy,SKT0C11,8,8.012041666666666e-05,request_seconds
correlation-fio-randwrite-cores1,pcm_cha,drd_occupancy,SKT0C11,9,8.006791666666666e-05,request_seconds
correlation-fio-randwrite-cores1,pcm_cha,drd_occupancy,SKT0C11,10,8.491833333333334e-05,request_seconds
correlation-fio-randwrite-cores1,pcm_cha,drd_occupancy,SKT0C11,11,9.2555e-05,request_seconds
correlation-fio-randwrite-cores1,pcm_cha,drd_occupancy,SKT0C11,12,7.21675e-05,request_seconds
correlation-fio-randwrite-cores1,pcm_cha,drd_occupancy,SKT0C11,13,8.790666666666666e-05,request_seconds
correlation-fio-randwrite-cores1,pcm_cha,drd_occupancy,SKT0C11,14,8.200791666666666e-05,request_seconds
correlation-fio-randwrite-cores1,pcm_cha,drd_occupancy,SKT0C11,15,8.893916666666667e-05,request_seconds
correlation-fio-randwrite-cores1,pcm_cha,drd_occupancy,SKT0C11,16,9.266958333333333e-05,request_seconds
correlation-fio-randwrite-cores1,pcm_cha,drd_occupancy,SKT0C11,17,0.00012022583333333334,request_seconds
correlation-fio-randwrite-cores1,pcm_cha,drd_occupancy,SKT0C11,18,9.063541666666667e-05,request_seconds
correlation-fio-randwrite-cores1,pcm_cha,drd_occupancy,SKT0C11,19,8.478541666666667e-05,request_seconds
correlation-fio-randwrite-cores1,pcm_cha,drd_occupancy,SKT0C11,20,9.595166666666667e-05,request_seconds
correlation-fio-randwrite-cores1,pcm_cha,drd_occupancy,SKT0C11,21,8.196e-05,request_seconds
correlation-fio-randwrite-cores1,pcm_cha,drd_occupancy,SKT0C11,22,8.879875e-05,request_seconds
correlation-fio-randwrite-cores1,pcm_cha,drd_occupancy,SKT0C11,23,9.193875e-05,request_seconds
correlation-fio-randwrite-cores1,pcm_cha,drd_occupancy,SKT0C11,24,7.801708333333334e-05,request_seconds
correlation-fio-randwrite-cores1,pcm_cha,drd_occupancy,SKT0C11,25,7.557083333333334e-05,request_seconds
correlation-fio-randwrite-cores1,pcm_cha,drd_occupancy,SKT0C11,26,7.976708333333333e-05,request_seconds
correlation-fio-randwrite-cores1,pcm_cha,drd_occupancy,SKT0C11,27,8.681333333333333e-05,request_seconds
correlation-fio-randwrite-cores1,pcm_cha,drd_occupancy,SKT0C11,28,8.433041666666666e-05,request_seconds
correlation-fio-randwrite-cores1,pcm_cha,drd_occupancy,SKT0C11,29,8.847666666666667e-05,request_seconds
correlation-fio-randwrite-cores1,pcm_cha,drd_occupancy,SKT0C11,30,9.013583333333333e-05,request_seconds
correlation-fio-randwrite-cores1,pcm_cha,drd_occupancy,SKT0C11,31,9.496583333333334e-05,request_seconds
correlation-fio-randwrite-cores1,pcm_cha,drd_occupancy,SKT0C11,32,8.478708333333333e-05,request_seconds
correlation-fio-randwrite-cores1,pcm_cha,drd_occupancy,SKT0C11,33,8.339208333333333e-05,request_seconds
correlation-fio-randwrite-cores1,pcm_cha,drd_occupancy,SKT0C11,34,8.14375e-05,request_seconds
correlation-fio-randwrite-cores1,pcm_cha,drd_occupancy,SKT0C11,35,7.971666666666666e-05,request_seconds
correlation-fio-randwrite-cores1,pcm_cha,drd_occupancy,SKT0C11,36,7.698958333333333e-05,request_seconds
correlation-fio-randwrite-cores1,pcm_cha,drd_occupancy,SKT0C11,37,7.621458333333334e-05,request_seconds
correlation-fio-randwrite-cores1,pcm_cha,drd_occupancy,SKT0C11,38,9.022666666666667e-05,request_seconds
correlation-fio-randwrite-cores1,pcm_cha,drd_occupancy,SKT0C11,39,0.00024864,request_seconds
correlation-fio-randwrite-cores1,pcm_cha,drd_occupancy,SKT0C11,40,0.000158825,request_seconds
correlation-fio-randwrite-cores1,pcm_cha,drd_occupancy,SKT0C11,41,0.000247205,request_seconds
correlation-fio-randwrite-cores1,pcm_cha,drd_occupancy,SKT0C11,42,0.000124305,request_seconds
correlation-fio-randwrite-cores1,pcm_cha,drd_occupancy,SKT0C11,43,8.357791666666666e-05,request_seconds
correlation-fio-randwrite-cores1,pcm_cha,drd_occupancy,SKT0C11,44,8.522916666666667e-05,request_seconds
correlation-fio-randwrite-cores1,pcm_cha,drd_occupancy,SKT0C11,45,8.019791666666666e-05,request_seconds
correlation-fio-randwrite-cores1,pcm_cha,drd_occupancy,SKT0C11,46,8.856333333333333e-05,request_seconds
correlation-fio-randwrite-cores1,pcm_cha,drd_occupancy,SKT0C11,47,8.787708333333333e-05,request_seconds
correlation-fio-randwrite-cores1,pcm_cha,drd_occupancy,SKT0C11,48,7.32075e-05,request_seconds
correlation-fio-randwrite-cores1,pcm_cha,drd_occupancy,SKT0C11,49,8.44525e-05,request_seconds
correlation-fio-randwrite-cores1,pcm_cha,drd_occupancy,SKT0C11,50,9.972e-05,request_seconds
correlation-fio-randwrite-cores1,pcm_cha,drd_occupancy,SKT0C11,51,7.733541666666667e-05,request_seconds
correlation-fio-randwrite-cores1,pcm_cha,drd_occupancy,SKT0C11,52,7.891375e-05,request_seconds
correlation-fio-randwrite-cores1,pcm_cha,drd_occupancy,SKT0C11,53,7.851125e-05,request_seconds
correlation-fio-randwrite-cores1,pcm_cha,drd_occupancy,SKT0C11,54,8.283208333333334e-05,request_seconds
correlation-fio-randwrite-cores1,pcm_cha,drd_occupancy,SKT0C11,55,9.818583333333334e-05,request_seconds
correlation-fio-randwrite-cores1,pcm_cha,drd_occupancy,SKT0C11,56,8.086083333333334e-05,request_seconds
correlation-fio-randwrite-cores1,pcm_cha,drd_occupancy,SKT0C11,57,8.281958333333333e-05,request_seconds
correlation-fio-randwrite-cores1,pcm_cha,drd_occupancy,SKT0C11,58,8.263333333333333e-05,request_seconds
correlation-fio-randwrite-cores1,pcm_cha,drd_occupancy,SKT0C11,59,9.293458333333334e-05,request_seconds
correlation-fio-randwrite-cores1,pcm_cha,drd_occupancy,SKT0C12,0,0.00024070166666666668,request_seconds
correlation-fio-randwrite-cores1,pcm_cha,drd_occupancy,SKT0C12,1,8.941541666666666e-05,request_seconds
correlation-fio-randwrite-cores1,pcm_cha,drd_occupancy,SKT0C12,2,6.488166666666667e-05,request_seconds
correlation-fio-randwrite-cores1,pcm_cha,drd_occupancy,SKT0C12,3,7.339875e-05,request_seconds
correlation-fio-randwrite-cores1,pcm_cha,drd_occupancy,SKT0C12,4,6.96025e-05,request_seconds
correlation-fio-randwrite-cores1,pcm_cha,drd_occupancy,SKT0C12,5,7.364333333333333e-05,request_seconds
correlation-fio-randwrite-cores1,pcm_cha,drd_occupancy,SKT0C12,6,6.097791666666667e-05,request_seconds
correlation-fio-randwrite-cores1,pcm_cha,drd_occupancy,SKT0C12,7,7.42425e-05,request_seconds
correlation-fio-randwrite-cores1,pcm_cha,drd_occupancy,SKT0C12,8,6.7005e-05,request_seconds
correlation-fio-randwrite-cores1,pcm_cha,drd_occupancy,SKT0C12,9,6.726666666666667e-05,request_seconds
correlation-fio-randwrite-cores1,pcm_cha,drd_occupancy,SKT0C12,10,6.949166666666667e-05,request_seconds
correlation-fio-randwrite-cores1,pcm_cha,drd_occupancy,SKT0C12,11,8.295e-05,request_seconds
correlation-fio-randwrite-cores1,pcm_cha,drd_occupancy,SKT0C12,12,6.091416666666667e-05,request_seconds
correlation-fio-randwrite-cores1,pcm_cha,drd_occupancy,SKT0C12,13,7.535416666666667e-05,request_seconds
correlation-fio-randwrite-cores1,pcm_cha,drd_occupancy,SKT0C12,14,6.843708333333334e-05,request_seconds
correlation-fio-randwrite-cores1,pcm_cha,drd_occupancy,SKT0C12,15,7.193791666666667e-05,request_seconds
correlation-fio-randwrite-cores1,pcm_cha,drd_occupancy,SKT0C12,16,7.516041666666667e-05,request_seconds
correlation-fio-randwrite-cores1,pcm_cha,drd_occupancy,SKT0C12,17,9.954416666666667e-05,request_seconds
correlation-fio-randwrite-cores1,pcm_cha,drd_occupancy,SKT0C12,18,7.281958333333333e-05,request_seconds
correlation-fio-randwrite-cores1,pcm_cha,drd_occupancy,SKT0C12,19,7.18475e-05,request_seconds
correlation-fio-randwrite-cores1,pcm_cha,drd_occupancy,SKT0C12,20,7.775916666666667e-05,request_seconds
correlation-fio-randwrite-cores1,pcm_cha,drd_occupancy,SKT0C12,21,6.436583333333334e-05,request_seconds
correlation-fio-randwrite-cores1,pcm_cha,drd_occupancy,SKT0C12,22,7.158083333333333e-05,request_seconds
correlation-fio-randwrite-cores1,pcm_cha,drd_occupancy,SKT0C12,23,7.88e-05,request_seconds
correlation-fio-randwrite-cores1,pcm_cha,drd_occupancy,SKT0C12,24,6.647166666666666e-05,request_seconds
correlation-fio-randwrite-cores1,pcm_cha,drd_occupancy,SKT0C12,25,6.352875e-05,request_seconds
correlation-fio-randwrite-cores1,pcm_cha,drd_occupancy,SKT0C12,26,6.538083333333333e-05,request_seconds
correlation-fio-randwrite-cores1,pcm_cha,drd_occupancy,SKT0C12,27,7.343458333333334e-05,request_seconds
correlation-fio-randwrite-cores1,pcm_cha,drd_occupancy,SKT0C12,28,6.692125e-05,request_seconds
correlation-fio-randwrite-cores1,pcm_cha,drd_occupancy,SKT0C12,29,7.175e-05,request_seconds
correlation-fio-randwrite-cores1,pcm_cha,drd_occupancy,SKT0C12,30,7.480166666666667e-05,request_seconds
correlation-fio-randwrite-cores1,pcm_cha,drd_occupancy,SKT0C12,31,8.063208333333334e-05,request_seconds
correlation-fio-randwrite-cores1,pcm_cha,drd_occupancy,SKT0C12,32,6.882291666666667e-05,request_seconds
correlation-fio-randwrite-cores1,pcm_cha,drd_occupancy,SKT0C12,33,6.789791666666666e-05,request_seconds
correlation-fio-randwrite-cores1,pcm_cha,drd_occupancy,SKT0C12,34,6.954458333333333e-05,request_seconds
correlation-fio-randwrite-cores1,pcm_cha,drd_occupancy,SKT0C12,35,6.850583333333334e-05,request_seconds
correlation-fio-randwrite-cores1,pcm_cha,drd_occupancy,SKT0C12,36,6.457083333333333e-05,request_seconds
correlation-fio-randwrite-cores1,pcm_cha,drd_occupancy,SKT0C12,37,6.159166666666667e-05,request_seconds
correlation-fio-randwrite-cores1,pcm_cha,drd_occupancy,SKT0C12,38,7.463791666666667e-05,request_seconds
correlation-fio-randwrite-cores1,pcm_cha,drd_occupancy,SKT0C12,39,0.000221655,request_seconds
correlation-fio-randwrite-cores1,pcm_cha,drd_occupancy,SKT0C12,40,0.00014428916666666666,request_seconds
correlation-fio-randwrite-cores1,pcm_cha,drd_occupancy,SKT0C12,41,0.00021688166666666665,request_seconds
correlation-fio-randwrite-cores1,pcm_cha,drd_occupancy,SKT0C12,42,0.00010354416666666667,request_seconds
correlation-fio-randwrite-cores1,pcm_cha,drd_occupancy,SKT0C12,43,6.904208333333334e-05,request_seconds
correlation-fio-randwrite-cores1,pcm_cha,drd_occupancy,SKT0C12,44,7.163375e-05,request_seconds
correlation-fio-randwrite-cores1,pcm_cha,drd_occupancy,SKT0C12,45,6.612625e-05,request_seconds
correlation-fio-randwrite-cores1,pcm_cha,drd_occupancy,SKT0C12,46,7.513e-05,request_seconds
correlation-fio-randwrite-cores1,pcm_cha,drd_occupancy,SKT0C12,47,7.320625e-05,request_seconds
correlation-fio-randwrite-cores1,pcm_cha,drd_occupancy,SKT0C12,48,6.12725e-05,request_seconds
correlation-fio-randwrite-cores1,pcm_cha,drd_occupancy,SKT0C12,49,7.189458333333334e-05,request_seconds
correlation-fio-randwrite-cores1,pcm_cha,drd_occupancy,SKT0C12,50,8.224541666666666e-05,request_seconds
correlation-fio-randwrite-cores1,pcm_cha,drd_occupancy,SKT0C12,51,6.242458333333334e-05,request_seconds
correlation-fio-randwrite-cores1,pcm_cha,drd_occupancy,SKT0C12,52,6.4055e-05,request_seconds
correlation-fio-randwrite-cores1,pcm_cha,drd_occupancy,SKT0C12,53,6.316458333333333e-05,request_seconds
correlation-fio-randwrite-cores1,pcm_cha,drd_occupancy,SKT0C12,54,6.870625e-05,request_seconds
correlation-fio-randwrite-cores1,pcm_cha,drd_occupancy,SKT0C12,55,8.215083333333333e-05,request_seconds
correlation-fio-randwrite-cores1,pcm_cha,drd_occupancy,SKT0C12,56,6.848833333333333e-05,request_seconds
correlation-fio-randwrite-cores1,pcm_cha,drd_occupancy,SKT0C12,57,6.720583333333333e-05,request_seconds
correlation-fio-randwrite-cores1,pcm_cha,drd_occupancy,SKT0C12,58,6.613541666666667e-05,request_seconds
correlation-fio-randwrite-cores1,pcm_cha,drd_occupancy,SKT0C12,59,7.657333333333333e-05,request_seconds
correlation-fio-randwrite-cores1,pcm_cha,drd_occupancy,SKT0C13,0,0.00024279458333333333,request_seconds
correlation-fio-randwrite-cores1,pcm_cha,drd_occupancy,SKT0C13,1,8.908916666666666e-05,request_seconds
correlation-fio-randwrite-cores1,pcm_cha,drd_occupancy,SKT0C13,2,6.651541666666666e-05,request_seconds
correlation-fio-randwrite-cores1,pcm_cha,drd_occupancy,SKT0C13,3,7.431208333333333e-05,request_seconds
correlation-fio-randwrite-cores1,pcm_cha,drd_occupancy,SKT0C13,4,7.013833333333333e-05,request_seconds
correlation-fio-randwrite-cores1,pcm_cha,drd_occupancy,SKT0C13,5,7.569916666666667e-05,request_seconds
correlation-fio-randwrite-cores1,pcm_cha,drd_occupancy,SKT0C13,6,6.136583333333333e-05,request_seconds
correlation-fio-randwrite-cores1,pcm_cha,drd_occupancy,SKT0C13,7,7.474e-05,request_seconds
correlation-fio-randwrite-cores1,pcm_cha,drd_occupancy,SKT0C13,8,6.739791666666666e-05,request_seconds
correlation-fio-randwrite-cores1,pcm_cha,drd_occupancy,SKT0C13,9,7.143291666666666e-05,request_seconds
correlation-fio-randwrite-cores1,pcm_cha,drd_occupancy,SKT0C13,10,7.124e-05,request_seconds
correlation-fio-randwrite-cores1,pcm_cha,drd_occupancy,SKT0C13,11,8.401166666666666e-05,request_seconds
correlation-fio-randwrite-cores1,pcm_cha,drd_occupancy,SKT0C13,12,6.157458333333333e-05,request_seconds
correlation-fio-randwrite-cores1,pcm_cha,drd_occupancy,SKT0C13,13,8.031375e-05,request_seconds
correlation-fio-randwrite-cores1,pcm_cha,drd_occupancy,SKT0C13,14,7.284875e-05,request_seconds
correlation-fio-randwrite-cores1,pcm_cha,drd_occupancy,SKT0C13,15,7.647875e-05,request_seconds
correlation-fio-randwrite-cores1,pcm_cha,drd_occupancy,SKT0C13,16,8.020625e-05,request_seconds
correlation-fio-randwrite-cores1,pcm_cha,drd_occupancy,SKT0C13,17,0.00010162291666666667,request_seconds
correlation-fio-randwrite-cores1,pcm_cha,drd_occupancy,SKT0C13,18,7.698083333333333e-05,request_seconds
correlation-fio-randwrite-cores1,pcm_cha,drd_occupancy,SKT0C13,19,7.4705e-05,request_seconds
correlation-fio-randwrite-cores1,pcm_cha,drd_occupancy,SKT0C13,20,8.2605e-05,request_seconds
correlation-fio-randwrite-cores1,pcm_cha,drd_occupancy,SKT0C13,21,6.790375e-05,request_seconds
correlation-fio-randwrite-cores1,pcm_cha,drd_occupancy,SKT0C13,22,7.264833333333333e-05,request_seconds
correlation-fio-randwrite-cores1,pcm_cha,drd_occupancy,SKT0C13,23,8.171708333333333e-05,request_seconds
correlation-fio-randwrite-cores1,pcm_cha,drd_occupancy,SKT0C13,24,6.941e-05,request_seconds
correlation-fio-randwrite-cores1,pcm_cha,drd_occupancy,SKT0C13,25,6.536416666666667e-05,request_seconds
correlation-fio-randwrite-cores1,pcm_cha,drd_occupancy,SKT0C13,26,6.866916666666666e-05,request_seconds
correlation-fio-randwrite-cores1,pcm_cha,drd_occupancy,SKT0C13,27,7.481833333333333e-05,request_seconds
correlation-fio-randwrite-cores1,pcm_cha,drd_occupancy,SKT0C13,28,6.851583333333333e-05,request_seconds
correlation-fio-randwrite-cores1,pcm_cha,drd_occupancy,SKT0C13,29,7.3695e-05,request_seconds
correlation-fio-randwrite-cores1,pcm_cha,drd_occupancy,SKT0C13,30,7.371208333333333e-05,request_seconds
correlation-fio-randwrite-cores1,pcm_cha,drd_occupancy,SKT0C13,31,8.39075e-05,request_seconds
correlation-fio-randwrite-cores1,pcm_cha,drd_occupancy,SKT0C13,32,7.100625e-05,request_seconds
correlation-fio-randwrite-cores1,pcm_cha,drd_occupancy,SKT0C13,33,7.022375e-05,request_seconds
correlation-fio-randwrite-cores1,pcm_cha,drd_occupancy,SKT0C13,34,7.107416666666666e-05,request_seconds
correlation-fio-randwrite-cores1,pcm_cha,drd_occupancy,SKT0C13,35,7.144916666666666e-05,request_seconds
correlation-fio-randwrite-cores1,pcm_cha,drd_occupancy,SKT0C13,36,6.708791666666666e-05,request_seconds
correlation-fio-randwrite-cores1,pcm_cha,drd_occupancy,SKT0C13,37,6.433416666666667e-05,request_seconds
correlation-fio-randwrite-cores1,pcm_cha,drd_occupancy,SKT0C13,38,7.939e-05,request_seconds
correlation-fio-randwrite-cores1,pcm_cha,drd_occupancy,SKT0C13,39,0.00022644208333333333,request_seconds
correlation-fio-randwrite-cores1,pcm_cha,drd_occupancy,SKT0C13,40,0.0001474175,request_seconds
correlation-fio-randwrite-cores1,pcm_cha,drd_occupancy,SKT0C13,41,0.00022581208333333333,request_seconds
correlation-fio-randwrite-cores1,pcm_cha,drd_occupancy,SKT0C13,42,0.00010894916666666666,request_seconds
correlation-fio-randwrite-cores1,pcm_cha,drd_occupancy,SKT0C13,43,7.204458333333333e-05,request_seconds
correlation-fio-randwrite-cores1,pcm_cha,drd_occupancy,SKT0C13,44,7.306833333333333e-05,request_seconds
correlation-fio-randwrite-cores1,pcm_cha,drd_occupancy,SKT0C13,45,6.699666666666666e-05,request_seconds
correlation-fio-randwrite-cores1,pcm_cha,drd_occupancy,SKT0C13,46,7.537916666666667e-05,request_seconds
correlation-fio-randwrite-cores1,pcm_cha,drd_occupancy,SKT0C13,47,7.801958333333334e-05,request_seconds
correlation-fio-randwrite-cores1,pcm_cha,drd_occupancy,SKT0C13,48,6.697666666666667e-05,request_seconds
correlation-fio-randwrite-cores1,pcm_cha,drd_occupancy,SKT0C13,49,7.475583333333333e-05,request_seconds
correlation-fio-randwrite-cores1,pcm_cha,drd_occupancy,SKT0C13,50,8.696666666666666e-05,request_seconds
correlation-fio-randwrite-cores1,pcm_cha,drd_occupancy,SKT0C13,51,6.675166666666667e-05,request_seconds
correlation-fio-randwrite-cores1,pcm_cha,drd_occupancy,SKT0C13,52,6.754708333333334e-05,request_seconds
correlation-fio-randwrite-cores1,pcm_cha,drd_occupancy,SKT0C13,53,6.865125e-05,request_seconds
correlation-fio-randwrite-cores1,pcm_cha,drd_occupancy,SKT0C13,54,7.032666666666667e-05,request_seconds
correlation-fio-randwrite-cores1,pcm_cha,drd_occupancy,SKT0C13,55,8.449791666666667e-05,request_seconds
correlation-fio-randwrite-cores1,pcm_cha,drd_occupancy,SKT0C13,56,7.028708333333333e-05,request_seconds
correlation-fio-randwrite-cores1,pcm_cha,drd_occupancy,SKT0C13,57,6.829791666666667e-05,request_seconds
correlation-fio-randwrite-cores1,pcm_cha,drd_occupancy,SKT0C13,58,6.803333333333334e-05,request_seconds
correlation-fio-randwrite-cores1,pcm_cha,drd_occupancy,SKT0C13,59,7.906e-05,request_seconds
correlation-fio-randwrite-cores1,pcm_cha,drd_occupancy,SKT0C14,0,0.00025452625,request_seconds
correlation-fio-randwrite-cores1,pcm_cha,drd_occupancy,SKT0C14,1,9.954166666666667e-05,request_seconds
correlation-fio-randwrite-cores1,pcm_cha,drd_occupancy,SKT0C14,2,7.624916666666667e-05,request_seconds
correlation-fio-randwrite-cores1,pcm_cha,drd_occupancy,SKT0C14,3,8.079041666666667e-05,request_seconds
correlation-fio-randwrite-cores1,pcm_cha,drd_occupancy,SKT0C14,4,7.734708333333333e-05,request_seconds
correlation-fio-randwrite-cores1,pcm_cha,drd_occupancy,SKT0C14,5,8.335666666666666e-05,request_seconds
correlation-fio-randwrite-cores1,pcm_cha,drd_occupancy,SKT0C14,6,6.851083333333333e-05,request_seconds
correlation-fio-randwrite-cores1,pcm_cha,drd_occupancy,SKT0C14,7,8.421791666666667e-05,request_seconds
correlation-fio-randwrite-cores1,pcm_cha,drd_occupancy,SKT0C14,8,7.397375e-05,request_seconds
correlation-fio-randwrite-cores1,pcm_cha,drd_occupancy,SKT0C14,9,7.857791666666666e-05,request_seconds
correlation-fio-randwrite-cores1,pcm_cha,drd_occupancy,SKT0C14,10,7.964625e-05,request_seconds
correlation-fio-randwrite-cores1,pcm_cha,drd_occupancy,SKT0C14,11,9.070083333333334e-05,request_seconds
correlation-fio-randwrite-cores1,pcm_cha,drd_occupancy,SKT0C14,12,7.080541666666666e-05,request_seconds
correlation-fio-randwrite-cores1,pcm_cha,drd_occupancy,SKT0C14,13,8.385916666666667e-05,request_seconds
correlation-fio-randwrite-cores1,pcm_cha,drd_occupancy,SKT0C14,14,7.7495e-05,request_seconds
correlation-fio-randwrite-cores1,pcm_cha,drd_occupancy,SKT0C14,15,8.114875e-05,request_seconds
correlation-fio-randwrite-cores1,pcm_cha,drd_occupancy,SKT0C14,16,8.413208333333333e-05,request_seconds
correlation-fio-randwrite-cores1,pcm_cha,drd_occupancy,SKT0C14,17,0.00011128333333333333,request_seconds
correlation-fio-randwrite-cores1,pcm_cha,drd_occupancy,SKT0C14,18,8.321541666666667e-05,request_seconds
correlation-fio-randwrite-cores1,pcm_cha,drd_occupancy,SKT0C14,19,8.020291666666666e-05,request_seconds
correlation-fio-randwrite-cores1,pcm_cha,drd_occupancy,SKT0C14,20,8.879583333333333e-05,request_seconds
correlation-fio-randwrite-cores1,pcm_cha,drd_occupancy,SKT0C14,21,7.372875e-05,request_seconds
correlation-fio-randwrite-cores1,pcm_cha,drd_occupancy,SKT0C14,22,7.711625e-05,request_seconds
correlation-fio-randwrite-cores1,pcm_cha,drd_occupancy,SKT0C14,23,9.045541666666666e-05,request_seconds
correlation-fio-randwrite-cores1,pcm_cha,drd_occupancy,SKT0C14,24,7.619583333333334e-05,request_seconds
correlation-fio-randwrite-cores1,pcm_cha,drd_occupancy,SKT0C14,25,7.295375e-05,request_seconds
correlation-fio-randwrite-cores1,pcm_cha,drd_occupancy,SKT0C14,26,7.596375e-05,request_seconds
correlation-fio-randwrite-cores1,pcm_cha,drd_occupancy,SKT0C14,27,8.60175e-05,request_seconds
correlation-fio-randwrite-cores1,pcm_cha,drd_occupancy,SKT0C14,28,7.735333333333334e-05,request_seconds
correlation-fio-randwrite-cores1,pcm_cha,drd_occupancy,SKT0C14,29,8.283291666666667e-05,request_seconds
correlation-fio-randwrite-cores1,pcm_cha,drd_occupancy,SKT0C14,30,8.108791666666666e-05,request_seconds
correlation-fio-randwrite-cores1,pcm_cha,drd_occupancy,SKT0C14,31,9.046083333333334e-05,request_seconds
correlation-fio-randwrite-cores1,pcm_cha,drd_occupancy,SKT0C14,32,7.697833333333333e-05,request_seconds
correlation-fio-randwrite-cores1,pcm_cha,drd_occupancy,SKT0C14,33,7.64175e-05,request_seconds
correlation-fio-randwrite-cores1,pcm_cha,drd_occupancy,SKT0C14,34,7.464958333333333e-05,request_seconds
correlation-fio-randwrite-cores1,pcm_cha,drd_occupancy,SKT0C14,35,7.65825e-05,request_seconds
correlation-fio-randwrite-cores1,pcm_cha,drd_occupancy,SKT0C14,36,7.198416666666667e-05,request_seconds
correlation-fio-randwrite-cores1,pcm_cha,drd_occupancy,SKT0C14,37,7.194625e-05,request_seconds
correlation-fio-randwrite-cores1,pcm_cha,drd_occupancy,SKT0C14,38,8.40275e-05,request_seconds
correlation-fio-randwrite-cores1,pcm_cha,drd_occupancy,SKT0C14,39,0.00023176208333333334,request_seconds
correlation-fio-randwrite-cores1,pcm_cha,drd_occupancy,SKT0C14,40,0.00015380791666666667,request_seconds
correlation-fio-randwrite-cores1,pcm_cha,drd_occupancy,SKT0C14,41,0.00023664708333333333,request_seconds
correlation-fio-randwrite-cores1,pcm_cha,drd_occupancy,SKT0C14,42,0.00011442708333333334,request_seconds
correlation-fio-randwrite-cores1,pcm_cha,drd_occupancy,SKT0C14,43,7.995833333333333e-05,request_seconds
correlation-fio-randwrite-cores1,pcm_cha,drd_occupancy,SKT0C14,44,8.069458333333333e-05,request_seconds
correlation-fio-randwrite-cores1,pcm_cha,drd_occupancy,SKT0C14,45,7.586041666666667e-05,request_seconds
correlation-fio-randwrite-cores1,pcm_cha,drd_occupancy,SKT0C14,46,8.2825e-05,request_seconds
correlation-fio-randwrite-cores1,pcm_cha,drd_occupancy,SKT0C14,47,8.458833333333333e-05,request_seconds
correlation-fio-randwrite-cores1,pcm_cha,drd_occupancy,SKT0C14,48,7.006666666666667e-05,request_seconds
correlation-fio-randwrite-cores1,pcm_cha,drd_occupancy,SKT0C14,49,8.086083333333334e-05,request_seconds
correlation-fio-randwrite-cores1,pcm_cha,drd_occupancy,SKT0C14,50,9.264666666666666e-05,request_seconds
correlation-fio-randwrite-cores1,pcm_cha,drd_occupancy,SKT0C14,51,7.30775e-05,request_seconds
correlation-fio-randwrite-cores1,pcm_cha,drd_occupancy,SKT0C14,52,7.413833333333333e-05,request_seconds
correlation-fio-randwrite-cores1,pcm_cha,drd_occupancy,SKT0C14,53,7.327791666666667e-05,request_seconds
correlation-fio-randwrite-cores1,pcm_cha,drd_occupancy,SKT0C14,54,7.853833333333333e-05,request_seconds
correlation-fio-randwrite-cores1,pcm_cha,drd_occupancy,SKT0C14,55,9.102458333333334e-05,request_seconds
correlation-fio-randwrite-cores1,pcm_cha,drd_occupancy,SKT0C14,56,7.910791666666667e-05,request_seconds
correlation-fio-randwrite-cores1,pcm_cha,drd_occupancy,SKT0C14,57,7.547208333333333e-05,request_seconds
correlation-fio-randwrite-cores1,pcm_cha,drd_occupancy,SKT0C14,58,7.77225e-05,request_seconds
correlation-fio-randwrite-cores1,pcm_cha,drd_occupancy,SKT0C14,59,8.726416666666667e-05,request_seconds
correlation-fio-randwrite-cores1,pcm_cha,drd_occupancy,SKT0C15,0,0.00026869,request_seconds
correlation-fio-randwrite-cores1,pcm_cha,drd_occupancy,SKT0C15,1,0.00010113916666666667,request_seconds
correlation-fio-randwrite-cores1,pcm_cha,drd_occupancy,SKT0C15,2,7.366291666666667e-05,request_seconds
correlation-fio-randwrite-cores1,pcm_cha,drd_occupancy,SKT0C15,3,8.076291666666667e-05,request_seconds
correlation-fio-randwrite-cores1,pcm_cha,drd_occupancy,SKT0C15,4,7.714958333333333e-05,request_seconds
correlation-fio-randwrite-cores1,pcm_cha,drd_occupancy,SKT0C15,5,8.091875e-05,request_seconds
correlation-fio-randwrite-cores1,pcm_cha,drd_occupancy,SKT0C15,6,6.728e-05,request_seconds
correlation-fio-randwrite-cores1,pcm_cha,drd_occupancy,SKT0C15,7,8.345583333333333e-05,request_seconds
correlation-fio-randwrite-cores1,pcm_cha,drd_occupancy,SKT0C15,8,7.518458333333333e-05,request_seconds
correlation-fio-randwrite-cores1,pcm_cha,drd_occupancy,SKT0C15,9,7.723791666666666e-05,request_seconds
correlation-fio-randwrite-cores1,pcm_cha,drd_occupancy,SKT0C15,10,8.072041666666666e-05,request_seconds
correlation-fio-randwrite-cores1,pcm_cha,drd_occupancy,SKT0C15,11,9.220041666666667e-05,request_seconds
correlation-fio-randwrite-cores1,pcm_cha,drd_occupancy,SKT0C15,12,7.130291666666666e-05,request_seconds
correlation-fio-randwrite-cores1,pcm_cha,drd_occupancy,SKT0C15,13,8.718166666666667e-05,request_seconds
correlation-fio-randwrite-cores1,pcm_cha,drd_occupancy,SKT0C15,14,7.879625e-05,request_seconds
correlation-fio-randwrite-cores1,pcm_cha,drd_occupancy,SKT0C15,15,8.502e-05,request_seconds
correlation-fio-randwrite-cores1,pcm_cha,drd_occupancy,SKT0C15,16,8.528708333333333e-05,request_seconds
correlation-fio-randwrite-cores1,pcm_cha,drd_occupancy,SKT0C15,17,0.00011415208333333333,request_seconds
correlation-fio-randwrite-cores1,pcm_cha,drd_occupancy,SKT0C15,18,8.402416666666667e-05,request_seconds
correlation-fio-randwrite-cores1,pcm_cha,drd_occupancy,SKT0C15,19,8.051333333333333e-05,request_seconds
correlation-fio-randwrite-cores1,pcm_cha,drd_occupancy,SKT0C15,20,8.910833333333334e-05,request_seconds
correlation-fio-randwrite-cores1,pcm_cha,drd_occupancy,SKT0C15,21,7.320791666666666e-05,request_seconds
correlation-fio-randwrite-cores1,pcm_cha,drd_occupancy,SKT0C15,22,7.97925e-05,request_seconds
correlation-fio-randwrite-cores1,pcm_cha,drd_occupancy,SKT0C15,23,8.895291666666667e-05,request_seconds
correlation-fio-randwrite-cores1,pcm_cha,drd_occupancy,SKT0C15,24,7.528916666666666e-05,request_seconds
correlation-fio-randwrite-cores1,pcm_cha,drd_occupancy,SKT0C15,25,7.291625e-05,request_seconds
correlation-fio-randwrite-cores1,pcm_cha,drd_occupancy,SKT0C15,26,7.4815e-05,request_seconds
correlation-fio-randwrite-cores1,pcm_cha,drd_occupancy,SKT0C15,27,8.147083333333333e-05,request_seconds
correlation-fio-randwrite-cores1,pcm_cha,drd_occupancy,SKT0C15,28,7.524333333333333e-05,request_seconds
correlation-fio-randwrite-cores1,pcm_cha,drd_occupancy,SKT0C15,29,8.403583333333333e-05,request_seconds
correlation-fio-randwrite-cores1,pcm_cha,drd_occupancy,SKT0C15,30,8.259625e-05,request_seconds
correlation-fio-randwrite-cores1,pcm_cha,drd_occupancy,SKT0C15,31,9.118166666666666e-05,request_seconds
correlation-fio-randwrite-cores1,pcm_cha,drd_occupancy,SKT0C15,32,7.874083333333334e-05,request_seconds
correlation-fio-randwrite-cores1,pcm_cha,drd_occupancy,SKT0C15,33,7.833541666666667e-05,request_seconds
correlation-fio-randwrite-cores1,pcm_cha,drd_occupancy,SKT0C15,34,7.891916666666667e-05,request_seconds
correlation-fio-randwrite-cores1,pcm_cha,drd_occupancy,SKT0C15,35,7.746583333333333e-05,request_seconds
correlation-fio-randwrite-cores1,pcm_cha,drd_occupancy,SKT0C15,36,7.714333333333334e-05,request_seconds
correlation-fio-randwrite-cores1,pcm_cha,drd_occupancy,SKT0C15,37,7.229458333333333e-05,request_seconds
correlation-fio-randwrite-cores1,pcm_cha,drd_occupancy,SKT0C15,38,8.695708333333333e-05,request_seconds
correlation-fio-randwrite-cores1,pcm_cha,drd_occupancy,SKT0C15,39,0.00023995291666666665,request_seconds
correlation-fio-randwrite-cores1,pcm_cha,drd_occupancy,SKT0C15,40,0.00015793291666666668,request_seconds
correlation-fio-randwrite-cores1,pcm_cha,drd_occupancy,SKT0C15,41,0.00023964625,request_seconds
correlation-fio-randwrite-cores1,pcm_cha,drd_occupancy,SKT0C15,42,0.00011722416666666666,request_seconds
correlation-fio-randwrite-cores1,pcm_cha,drd_occupancy,SKT0C15,43,7.725458333333333e-05,request_seconds
correlation-fio-randwrite-cores1,pcm_cha,drd_occupancy,SKT0C15,44,8.309416666666666e-05,request_seconds
correlation-fio-randwrite-cores1,pcm_cha,drd_occupancy,SKT0C15,45,7.642875e-05,request_seconds
correlation-fio-randwrite-cores1,pcm_cha,drd_occupancy,SKT0C15,46,8.428916666666667e-05,request_seconds
correlation-fio-randwrite-cores1,pcm_cha,drd_occupancy,SKT0C15,47,8.73625e-05,request_seconds
correlation-fio-randwrite-cores1,pcm_cha,drd_occupancy,SKT0C15,48,7.410958333333333e-05,request_seconds
correlation-fio-randwrite-cores1,pcm_cha,drd_occupancy,SKT0C15,49,8.105458333333334e-05,request_seconds
correlation-fio-randwrite-cores1,pcm_cha,drd_occupancy,SKT0C15,50,9.374416666666666e-05,request_seconds
correlation-fio-randwrite-cores1,pcm_cha,drd_occupancy,SKT0C15,51,7.125708333333333e-05,request_seconds
correlation-fio-randwrite-cores1,pcm_cha,drd_occupancy,SKT0C15,52,7.589166666666666e-05,request_seconds
correlation-fio-randwrite-cores1,pcm_cha,drd_occupancy,SKT0C15,53,7.348083333333334e-05,request_seconds
correlation-fio-randwrite-cores1,pcm_cha,drd_occupancy,SKT0C15,54,7.694125e-05,request_seconds
correlation-fio-randwrite-cores1,pcm_cha,drd_occupancy,SKT0C15,55,8.994208333333333e-05,request_seconds
correlation-fio-randwrite-cores1,pcm_cha,drd_occupancy,SKT0C15,56,7.7665e-05,request_seconds
correlation-fio-randwrite-cores1,pcm_cha,drd_occupancy,SKT0C15,57,7.720833333333333e-05,request_seconds
correlation-fio-randwrite-cores1,pcm_cha,drd_occupancy,SKT0C15,58,7.730708333333333e-05,request_seconds
correlation-fio-randwrite-cores1,pcm_cha,drd_occupancy,SKT0C15,59,8.786958333333333e-05,request_seconds
correlation-fio-randwrite-cores1,pcm_cha,drd_latency,SKT0C0,0,29.69528172322816,ns
correlation-fio-randwrite-cores1,pcm_cha,drd_latency,SKT0C0,1,29.57124531280837,ns
correlation-fio-randwrite-cores1,pcm_cha,drd_latency,SKT0C0,2,29.27850789857958,ns
correlation-fio-randwrite-cores1,pcm_cha,drd_latency,SKT0C0,3,29.099873919308358,ns
correlation-fio-randwrite-cores1,pcm_cha,drd_latency,SKT0C0,4,29.119572158365266,ns
correlation-fio-randwrite-cores1,pcm_cha,drd_latency,SKT0C0,5,29.375,ns
correlation-fio-randwrite-cores1,pcm_cha,drd_latency,SKT0C0,6,29.358457183297944,ns
correlation-fio-randwrite-cores1,pcm_cha,drd_latency,SKT0C0,7,29.221296952515946,ns
correlation-fio-randwrite-cores1,pcm_cha,drd_latency,SKT0C0,8,29.049745751371606,ns
correlation-fio-randwrite-cores1,pcm_cha,drd_latency,SKT0C0,9,29.155016181229776,ns
correlation-fio-randwrite-cores1,pcm_cha,drd_latency,SKT0C0,10,29.411184210526315,ns
correlation-fio-randwrite-cores1,pcm_cha,drd_latency,SKT0C0,11,29.06483619173263,ns
correlation-fio-randwrite-cores1,pcm_cha,drd_latency,SKT0C0,12,29.377198536654006,ns
correlation-fio-randwrite-cores1,pcm_cha,drd_latency,SKT0C0,13,29.021896332292027,ns
correlation-fio-randwrite-cores1,pcm_cha,drd_latency,SKT0C0,14,28.99741119412767,ns
correlation-fio-randwrite-cores1,pcm_cha,drd_latency,SKT0C0,15,29.103700248756216,ns
correlation-fio-randwrite-cores1,pcm_cha,drd_latency,SKT0C0,16,29.489029684383432,ns
correlation-fio-randwrite-cores1,pcm_cha,drd_latency,SKT0C0,17,29.215549964689266,ns
correlation-fio-randwrite-cores1,pcm_cha,drd_latency,SKT0C0,18,28.93016389491444,ns
correlation-fio-randwrite-cores1,pcm_cha,drd_latency,SKT0C0,19,29.11360280546327,ns
correlation-fio-randwrite-cores1,pcm_cha,drd_latency,SKT0C0,20,29.19436136036336,ns
correlation-fio-randwrite-cores1,pcm_cha,drd_latency,SKT0C0,21,29.012395580706013,ns
correlation-fio-randwrite-cores1,pcm_cha,drd_latency,SKT0C0,22,29.2556860551827,ns
correlation-fio-randwrite-cores1,pcm_cha,drd_latency,SKT0C0,23,29.083769633507853,ns
correlation-fio-randwrite-cores1,pcm_cha,drd_latency,SKT0C0,24,29.034719445555115,ns
correlation-fio-randwrite-cores1,pcm_cha,drd_latency,SKT0C0,25,29.14073234405056,ns
correlation-fio-randwrite-cores1,pcm_cha,drd_latency,SKT0C0,26,29.117558929284858,ns
correlation-fio-randwrite-cores1,pcm_cha,drd_latency,SKT0C0,27,29.02717456870551,ns
correlation-fio-randwrite-cores1,pcm_cha,drd_latency,SKT0C0,28,29.251606978879703,ns
correlation-fio-randwrite-cores1,pcm_cha,drd_latency,SKT0C0,29,28.729906937394244,ns
correlation-fio-randwrite-cores1,pcm_cha,drd_latency,SKT0C0,30,29.150248491302804,ns
correlation-fio-randwrite-cores1,pcm_cha,drd_latency,SKT0C0,31,29.09488341968912,ns
correlation-fio-randwrite-cores1,pcm_cha,drd_latency,SKT0C0,32,29.280614789874047,ns
correlation-fio-randwrite-cores1,pcm_cha,drd_latency,SKT0C0,33,29.25483451097062,ns
correlation-fio-randwrite-cores1,pcm_cha,drd_latency,SKT0C0,34,28.804347826086957,ns
correlation-fio-randwrite-cores1,pcm_cha,drd_latency,SKT0C0,35,29.091779703592067,ns
correlation-fio-randwrite-cores1,pcm_cha,drd_latency,SKT0C0,36,29.093659563272823,ns
correlation-fio-randwrite-cores1,pcm_cha,drd_latency,SKT0C0,37,29.322229551451187,ns
correlation-fio-randwrite-cores1,pcm_cha,drd_latency,SKT0C0,38,29.052042972877775,ns
correlation-fio-randwrite-cores1,pcm_cha,drd_latency,SKT0C0,39,29.852373581011353,ns
correlation-fio-randwrite-cores1,pcm_cha,drd_latency,SKT0C0,40,28.926139864448555,ns
correlation-fio-randwrite-cores1,pcm_cha,drd_latency,SKT0C0,41,29.661876322010702,ns
correlation-fio-randwrite-cores1,pcm_cha,drd_latency,SKT0C0,42,29.39904046725073,ns
correlation-fio-randwrite-cores1,pcm_cha,drd_latency,SKT0C0,43,29.116500511247448,ns
correlation-fio-randwrite-cores1,pcm_cha,drd_latency,SKT0C0,44,29.384116937914406,ns
correlation-fio-randwrite-cores1,pcm_cha,drd_latency,SKT0C0,45,29.25764406115249,ns
correlation-fio-randwrite-cores1,pcm_cha,drd_latency,SKT0C0,46,29.48003003003003,ns
correlation-fio-randwrite-cores1,pcm_cha,drd_latency,SKT0C0,47,29.320629537070097,ns
correlation-fio-randwrite-cores1,pcm_cha,drd_latency,SKT0C0,48,29.24645390070922,ns
correlation-fio-randwrite-cores1,pcm_cha,drd_latency,SKT0C0,49,29.228457840236686,ns
correlation-fio-randwrite-cores1,pcm_cha,drd_latency,SKT0C0,50,29.380609476101025,ns
correlation-fio-randwrite-cores1,pcm_cha,drd_latency,SKT0C0,51,29.300678087080662,ns
correlation-fio-randwrite-cores1,pcm_cha,drd_latency,SKT0C0,52,29.341967281879196,ns
correlation-fio-randwrite-cores1,pcm_cha,drd_latency,SKT0C0,53,29.267554902783612,ns
correlation-fio-randwrite-cores1,pcm_cha,drd_latency,SKT0C0,54,29.30219089224252,ns
correlation-fio-randwrite-cores1,pcm_cha,drd_latency,SKT0C0,55,29.235253199777404,ns
correlation-fio-randwrite-cores1,pcm_cha,drd_latency,SKT0C0,56,29.259259259259256,ns
correlation-fio-randwrite-cores1,pcm_cha,drd_latency,SKT0C0,57,29.348411416262792,ns
correlation-fio-randwrite-cores1,pcm_cha,drd_latency,SKT0C0,58,29.008654220147804,ns
correlation-fio-randwrite-cores1,pcm_cha,drd_latency,SKT0C0,59,29.1772706707386,ns
correlation-fio-randwrite-cores1,pcm_cha,drd_latency,SKT0C1,0,30.11063186197625,ns
correlation-fio-randwrite-cores1,pcm_cha,drd_latency,SKT0C1,1,30.04912607301686,ns
correlation-fio-randwrite-cores1,pcm_cha,drd_latency,SKT0C1,2,29.738495952279507,ns
correlation-fio-randwrite-cores1,pcm_cha,drd_latency,SKT0C1,3,29.518978198056214,ns
correlation-fio-randwrite-cores1,pcm_cha,drd_latency,SKT0C1,4,29.63794016415145,ns
correlation-fio-randwrite-cores1,pcm_cha,drd_latency,SKT0C1,5,29.924352898286546,ns
correlation-fio-randwrite-cores1,pcm_cha,drd_latency,SKT0C1,6,29.8895244504262,ns
correlation-fio-randwrite-cores1,pcm_cha,drd_latency,SKT0C1,7,29.761949685534592,ns
correlation-fio-randwrite-cores1,pcm_cha,drd_latency,SKT0C1,8,29.54519373565546,ns
correlation-fio-randwrite-cores1,pcm_cha,drd_latency,SKT0C1,9,29.724593092497024,ns
correlation-fio-randwrite-cores1,pcm_cha,drd_latency,SKT0C1,10,29.985186585980834,ns
correlation-fio-randwrite-cores1,pcm_cha,drd_latency,SKT0C1,11,29.640183260699523,ns
correlation-fio-randwrite-cores1,pcm_cha,drd_latency,SKT0C1,12,29.928852558280347,ns
correlation-fio-randwrite-cores1,pcm_cha,drd_latency,SKT0C1,13,29.542570852602868,ns
correlation-fio-randwrite-cores1,pcm_cha,drd_latency,SKT0C1,14,29.472033106394335,ns
correlation-fio-randwrite-cores1,pcm_cha,drd_latency,SKT0C1,15,29.658467446964156,ns
correlation-fio-randwrite-cores1,pcm_cha,drd_latency,SKT0C1,16,30.01814828037606,ns
correlation-fio-randwrite-cores1,pcm_cha,drd_latency,SKT0C1,17,29.743857053179084,ns
correlation-fio-randwrite-cores1,pcm_cha,drd_latency,SKT0C1,18,29.39795321637427,ns
correlation-fio-randwrite-cores1,pcm_cha,drd_latency,SKT0C1,19,29.645403146509338,ns
correlation-fio-randwrite-cores1,pcm_cha,drd_latency,SKT0C1,20,29.617254449571522,ns
correlation-fio-randwrite-cores1,pcm_cha,drd_latency,SKT0C1,21,29.543064430244947,ns
correlation-fio-randwrite-cores1,pcm_cha,drd_latency,SKT0C1,22,29.81933282306417,ns
correlation-fio-randwrite-cores1,pcm_cha,drd_latency,SKT0C1,23,29.585208910433977,ns
correlation-fio-randwrite-cores1,pcm_cha,drd_latency,SKT0C1,24,29.564512756168966,ns
correlation-fio-randwrite-cores1,pcm_cha,drd_latency,SKT0C1,25,29.574181739879414,ns
correlation-fio-randwrite-cores1,pcm_cha,drd_latency,SKT0C1,26,29.54651243573711,ns
correlation-fio-randwrite-cores1,pcm_cha,drd_latency,SKT0C1,27,29.57325018615041,ns
correlation-fio-randwrite-cores1,pcm_cha,drd_latency,SKT0C1,28,29.629779213785675,ns
correlation-fio-randwrite-cores1,pcm_cha,drd_latency,SKT0C1,29,29.24757436486659,ns
correlation-fio-randwrite-cores1,pcm_cha,drd_latency,SKT0C1,30,29.592991169977925,ns
correlation-fio-randwrite-cores1,pcm_cha,drd_latency,SKT0C1,31,29.536422902494333,ns
correlation-fio-randwrite-cores1,pcm_cha,drd_latency,SKT0C1,32,29.684454678948075,ns
correlation-fio-randwrite-cores1,pcm_cha,drd_latency,SKT0C1,33,29.76704996034893,ns
correlation-fio-randwrite-cores1,pcm_cha,drd_latency,SKT0C1,34,29.42503712704199,ns
correlation-fio-randwrite-cores1,pcm_cha,drd_latency,SKT0C1,35,29.52988099908461,ns
correlation-fio-randwrite-cores1,pcm_cha,drd_latency,SKT0C1,36,29.546235229458638,ns
correlation-fio-randwrite-cores1,pcm_cha,drd_latency,SKT0C1,37,29.71032608695652,ns
correlation-fio-randwrite-cores1,pcm_cha,drd_latency,SKT0C1,38,29.50479468172726,ns
correlation-fio-randwrite-cores1,pcm_cha,drd_latency,SKT0C1,39,30.25268916913947,ns
correlation-fio-randwrite-cores1,pcm_cha,drd_latency,SKT0C1,40,29.453990072546773,ns
correlation-fio-randwrite-cores1,pcm_cha,drd_latency,SKT0C1,41,30.09845068069824,ns
correlation-fio-randwrite-cores1,pcm_cha,drd_latency,SKT0C1,42,29.84295812216591,ns
correlation-fio-randwrite-cores1,pcm_cha,drd_latency,SKT0C1,43,29.699890223427612,ns
correlation-fio-randwrite-cores1,pcm_cha,drd_latency,SKT0C1,44,29.919483928800105,ns
correlation-fio-randwrite-cores1,pcm_cha,drd_latency,SKT0C1,45,29.72187758478081,ns
correlation-fio-randwrite-cores1,pcm_cha,drd_latency,SKT0C1,46,29.963873709775346,ns
correlation-fio-randwrite-cores1,pcm_cha,drd_latency,SKT0C1,47,29.74671412924425,ns
correlation-fio-randwrite-cores1,pcm_cha,drd_latency,SKT0C1,48,29.808658392434992,ns
correlation-fio-randwrite-cores1,pcm_cha,drd_latency,SKT0C1,49,29.736858851979125,ns
correlation-fio-randwrite-cores1,pcm_cha,drd_latency,SKT0C1,50,29.82643581081081,ns
correlation-fio-randwrite-cores1,pcm_cha,drd_latency,SKT0C1,51,29.748325892857142,ns
correlation-fio-randwrite-cores1,pcm_cha,drd_latency,SKT0C1,52,29.83229675699689,ns
correlation-fio-randwrite-cores1,pcm_cha,drd_latency,SKT0C1,53,29.839331619537276,ns
correlation-fio-randwrite-cores1,pcm_cha,drd_latency,SKT0C1,54,29.843412891046388,ns
correlation-fio-randwrite-cores1,pcm_cha,drd_latency,SKT0C1,55,29.791666666666668,ns
correlation-fio-randwrite-cores1,pcm_cha,drd_latency,SKT0C1,56,29.74327461422914,ns
correlation-fio-randwrite-cores1,pcm_cha,drd_latency,SKT0C1,57,29.80964290676671,ns
correlation-fio-randwrite-cores1,pcm_cha,drd_latency,SKT0C1,58,29.592967244701352,ns
correlation-fio-randwrite-cores1,pcm_cha,drd_latency,SKT0C1,59,29.789252442626676,ns
correlation-fio-randwrite-cores1,pcm_cha,drd_latency,SKT0C2,0,29.441374139080203,ns
correlation-fio-randwrite-cores1,pcm_cha,drd_latency,SKT0C2,1,28.89348199838188,ns
correlation-fio-randwrite-cores1,pcm_cha,drd_latency,SKT0C2,2,29.390209984703098,ns
correlation-fio-randwrite-cores1,pcm_cha,drd_latency,SKT0C2,3,29.43246863962976,ns
correlation-fio-randwrite-cores1,pcm_cha,drd_latency,SKT0C2,4,29.446291226697948,ns
correlation-fio-randwrite-cores1,pcm_cha,drd_latency,SKT0C2,5,29.401141791914245,ns
correlation-fio-randwrite-cores1,pcm_cha,drd_latency,SKT0C2,6,29.422524314765695,ns
correlation-fio-randwrite-cores1,pcm_cha,drd_latency,SKT0C2,7,29.314079422382672,ns
correlation-fio-randwrite-cores1,pcm_cha,drd_latency,SKT0C2,8,29.41016666666666,ns
correlation-fio-randwrite-cores1,pcm_cha,drd_latency,SKT0C2,9,29.387875879718493,ns
correlation-fio-randwrite-cores1,pcm_cha,drd_latency,SKT0C2,10,28.89318600368324,ns
correlation-fio-randwrite-cores1,pcm_cha,drd_latency,SKT0C2,11,29.412795297841075,ns
correlation-fio-randwrite-cores1,pcm_cha,drd_latency,SKT0C2,12,29.35818262020291,ns
correlation-fio-randwrite-cores1,pcm_cha,drd_latency,SKT0C2,13,29.374415614773255,ns
correlation-fio-randwrite-cores1,pcm_cha,drd_latency,SKT0C2,14,29.39040143084261,ns
correlation-fio-randwrite-cores1,pcm_cha,drd_latency,SKT0C2,15,29.33580858085809,ns
correlation-fio-randwrite-cores1,pcm_cha,drd_latency,SKT0C2,16,28.81777737967276,ns
correlation-fio-randwrite-cores1,pcm_cha,drd_latency,SKT0C2,17,28.789285714285715,ns
correlation-fio-randwrite-cores1,pcm_cha,drd_latency,SKT0C2,18,29.459705320925796,ns
correlation-fio-randwrite-cores1,pcm_cha,drd_latency,SKT0C2,19,29.311587420441782,ns
correlation-fio-randwrite-cores1,pcm_cha,drd_latency,SKT0C2,20,28.974424407394803,ns
correlation-fio-randwrite-cores1,pcm_cha,drd_latency,SKT0C2,21,29.340951995685003,ns
correlation-fio-randwrite-cores1,pcm_cha,drd_latency,SKT0C2,22,29.424114021571647,ns
correlation-fio-randwrite-cores1,pcm_cha,drd_latency,SKT0C2,23,29.366967697117055,ns
correlation-fio-randwrite-cores1,pcm_cha,drd_latency,SKT0C2,24,29.447186056278873,ns
correlation-fio-randwrite-cores1,pcm_cha,drd_latency,SKT0C2,25,29.316550674206177,ns
correlation-fio-randwrite-cores1,pcm_cha,drd_latency,SKT0C2,26,29.360871352240032,ns
correlation-fio-randwrite-cores1,pcm_cha,drd_latency,SKT0C2,27,29.364668807230345,ns
correlation-fio-randwrite-cores1,pcm_cha,drd_latency,SKT0C2,28,29.40943321442727,ns
correlation-fio-randwrite-cores1,pcm_cha,drd_latency,SKT0C2,29,29.411774050069894,ns
correlation-fio-randwrite-cores1,pcm_cha,drd_latency,SKT0C2,30,28.88439393939394,ns
correlation-fio-randwrite-cores1,pcm_cha,drd_latency,SKT0C2,31,28.77286160365786,ns
correlation-fio-randwrite-cores1,pcm_cha,drd_latency,SKT0C2,32,29.36248353096179,ns
correlation-fio-randwrite-cores1,pcm_cha,drd_latency,SKT0C2,33,29.395166473839826,ns
correlation-fio-randwrite-cores1,pcm_cha,drd_latency,SKT0C2,34,29.421069797782124,ns
correlation-fio-randwrite-cores1,pcm_cha,drd_latency,SKT0C2,35,29.347216726025593,ns
correlation-fio-randwrite-cores1,pcm_cha,drd_latency,SKT0C2,36,29.369847485572958,ns
correlation-fio-randwrite-cores1,pcm_cha,drd_latency,SKT0C2,37,29.38375350140056,ns
correlation-fio-randwrite-cores1,pcm_cha,drd_latency,SKT0C2,38,29.40879596250901,ns
correlation-fio-randwrite-cores1,pcm_cha,drd_latency,SKT0C2,39,29.65340816159634,ns
correlation-fio-randwrite-cores1,pcm_cha,drd_latency,SKT0C2,40,29.187822448722784,ns
correlation-fio-randwrite-cores1,pcm_cha,drd_latency,SKT0C2,41,29.579177575530895,ns
correlation-fio-randwrite-cores1,pcm_cha,drd_latency,SKT0C2,42,29.514896373056995,ns
correlation-fio-randwrite-cores1,pcm_cha,drd_latency,SKT0C2,43,29.384792772302248,ns
correlation-fio-randwrite-cores1,pcm_cha,drd_latency,SKT0C2,44,29.394114623490108,ns
correlation-fio-randwrite-cores1,pcm_cha,drd_latency,SKT0C2,45,29.401524515863205,ns
correlation-fio-randwrite-cores1,pcm_cha,drd_latency,SKT0C2,46,28.7226600684262,ns
correlation-fio-randwrite-cores1,pcm_cha,drd_latency,SKT0C2,47,29.20574817518248,ns
correlation-fio-randwrite-cores1,pcm_cha,drd_latency,SKT0C2,48,29.359179627935347,ns
correlation-fio-randwrite-cores1,pcm_cha,drd_latency,SKT0C2,49,29.355511009291074,ns
correlation-fio-randwrite-cores1,pcm_cha,drd_latency,SKT0C2,50,28.97871525497921,ns
correlation-fio-randwrite-cores1,pcm_cha,drd_latency,SKT0C2,51,29.27930883639545,ns
correlation-fio-randwrite-cores1,pcm_cha,drd_latency,SKT0C2,52,29.378317965912267,ns
correlation-fio-randwrite-cores1,pcm_cha,drd_latency,SKT0C2,53,29.30537930062042,ns
correlation-fio-randwrite-cores1,pcm_cha,drd_latency,SKT0C2,54,29.345405767940978,ns
correlation-fio-randwrite-cores1,pcm_cha,drd_latency,SKT0C2,55,29.37600436179981,ns
correlation-fio-randwrite-cores1,pcm_cha,drd_latency,SKT0C2,56,29.400471259790255,ns
correlation-fio-randwrite-cores1,pcm_cha,drd_latency,SKT0C2,57,29.33756132197263,ns
correlation-fio-randwrite-cores1,pcm_cha,drd_latency,SKT0C2,58,29.34453496266124,ns
correlation-fio-randwrite-cores1,pcm_cha,drd_latency,SKT0C2,59,29.457182634390275,ns
correlation-fio-randwrite-cores1,pcm_cha,drd_latency,SKT0C3,0,31.493134577454107,ns
correlation-fio-randwrite-cores1,pcm_cha,drd_latency,SKT0C3,1,30.858638049814523,ns
correlation-fio-randwrite-cores1,pcm_cha,drd_latency,SKT0C3,2,31.393129770992367,ns
correlation-fio-randwrite-cores1,pcm_cha,drd_latency,SKT0C3,3,31.386455088265837,ns
correlation-fio-randwrite-cores1,pcm_cha,drd_latency,SKT0C3,4,31.453915453915457,ns
correlation-fio-randwrite-cores1,pcm_cha,drd_latency,SKT0C3,5,31.45809828256237,ns
correlation-fio-randwrite-cores1,pcm_cha,drd_latency,SKT0C3,6,31.41048085901027,ns
correlation-fio-randwrite-cores1,pcm_cha,drd_latency,SKT0C3,7,31.31875,ns
correlation-fio-randwrite-cores1,pcm_cha,drd_latency,SKT0C3,8,31.402443471918307,ns
correlation-fio-randwrite-cores1,pcm_cha,drd_latency,SKT0C3,9,31.40668330560177,ns
correlation-fio-randwrite-cores1,pcm_cha,drd_latency,SKT0C3,10,30.801671236453846,ns
correlation-fio-randwrite-cores1,pcm_cha,drd_latency,SKT0C3,11,31.457350628930815,ns
correlation-fio-randwrite-cores1,pcm_cha,drd_latency,SKT0C3,12,31.367536164973842,ns
correlation-fio-randwrite-cores1,pcm_cha,drd_latency,SKT0C3,13,31.491930535100643,ns
correlation-fio-randwrite-cores1,pcm_cha,drd_latency,SKT0C3,14,31.4804318488529,ns
correlation-fio-randwrite-cores1,pcm_cha,drd_latency,SKT0C3,15,31.387535906082178,ns
correlation-fio-randwrite-cores1,pcm_cha,drd_latency,SKT0C3,16,30.920003707823508,ns
correlation-fio-randwrite-cores1,pcm_cha,drd_latency,SKT0C3,17,30.89335397594687,ns
correlation-fio-randwrite-cores1,pcm_cha,drd_latency,SKT0C3,18,31.486703130894004,ns
correlation-fio-randwrite-cores1,pcm_cha,drd_latency,SKT0C3,19,31.44309713275231,ns
correlation-fio-randwrite-cores1,pcm_cha,drd_latency,SKT0C3,20,30.875229568411385,ns
correlation-fio-randwrite-cores1,pcm_cha,drd_latency,SKT0C3,21,31.48184036749928,ns
correlation-fio-randwrite-cores1,pcm_cha,drd_latency,SKT0C3,22,31.574600595721638,ns
correlation-fio-randwrite-cores1,pcm_cha,drd_latency,SKT0C3,23,31.497452038369307,ns
correlation-fio-randwrite-cores1,pcm_cha,drd_latency,SKT0C3,24,31.497531939605107,ns
correlation-fio-randwrite-cores1,pcm_cha,drd_latency,SKT0C3,25,31.467251062537947,ns
correlation-fio-randwrite-cores1,pcm_cha,drd_latency,SKT0C3,26,31.42578125,ns
correlation-fio-randwrite-cores1,pcm_cha,drd_latency,SKT0C3,27,31.499874356074887,ns
correlation-fio-randwrite-cores1,pcm_cha,drd_latency,SKT0C3,28,31.520560484438807,ns
correlation-fio-randwrite-cores1,pcm_cha,drd_latency,SKT0C3,29,31.485791826309068,ns
correlation-fio-randwrite-cores1,pcm_cha,drd_latency,SKT0C3,30,31.008169327887114,ns
correlation-fio-randwrite-cores1,pcm_cha,drd_latency,SKT0C3,31,30.886236595938854,ns
correlation-fio-randwrite-cores1,pcm_cha,drd_latency,SKT0C3,32,31.471412177669773,ns
correlation-fio-randwrite-cores1,pcm_cha,drd_latency,SKT0C3,33,31.395645952575634,ns
correlation-fio-randwrite-cores1,pcm_cha,drd_latency,SKT0C3,34,31.466175668303332,ns
correlation-fio-randwrite-cores1,pcm_cha,drd_latency,SKT0C3,35,31.43890507910075,ns
correlation-fio-randwrite-cores1,pcm_cha,drd_latency,SKT0C3,36,31.44922879177378,ns
correlation-fio-randwrite-cores1,pcm_cha,drd_latency,SKT0C3,37,31.45418176328503,ns
correlation-fio-randwrite-cores1,pcm_cha,drd_latency,SKT0C3,38,31.44568032015066,ns
correlation-fio-randwrite-cores1,pcm_cha,drd_latency,SKT0C3,39,31.729475520119596,ns
correlation-fio-randwrite-cores1,pcm_cha,drd_latency,SKT0C3,40,31.285477767265846,ns
correlation-fio-randwrite-cores1,pcm_cha,drd_latency,SKT0C3,41,31.692077020202024,ns
correlation-fio-randwrite-cores1,pcm_cha,drd_latency,SKT0C3,42,31.571466881201395,ns
correlation-fio-randwrite-cores1,pcm_cha,drd_latency,SKT0C3,43,31.469949191068324,ns
correlation-fio-randwrite-cores1,pcm_cha,drd_latency,SKT0C3,44,31.438729399255713,ns
correlation-fio-randwrite-cores1,pcm_cha,drd_latency,SKT0C3,45,31.43512702400893,ns
correlation-fio-randwrite-cores1,pcm_cha,drd_latency,SKT0C3,46,30.70989974937343,ns
correlation-fio-randwrite-cores1,pcm_cha,drd_latency,SKT0C3,47,31.27060525984648,ns
correlation-fio-randwrite-cores1,pcm_cha,drd_latency,SKT0C3,48,31.358899385215178,ns
correlation-fio-randwrite-cores1,pcm_cha,drd_latency,SKT0C3,49,31.399512560929885,ns
correlation-fio-randwrite-cores1,pcm_cha,drd_latency,SKT0C3,50,30.850445186421812,ns
correlation-fio-randwrite-cores1,pcm_cha,drd_latency,SKT0C3,51,31.312205535924615,ns
correlation-fio-randwrite-cores1,pcm_cha,drd_latency,SKT0C3,52,31.38888888888889,ns
correlation-fio-randwrite-cores1,pcm_cha,drd_latency,SKT0C3,53,31.333522727272726,ns
correlation-fio-randwrite-cores1,pcm_cha,drd_latency,SKT0C3,54,31.331615120274915,ns
correlation-fio-randwrite-cores1,pcm_cha,drd_latency,SKT0C3,55,31.369315558633424,ns
correlation-fio-randwrite-cores1,pcm_cha,drd_latency,SKT0C3,56,31.37935902866017,ns
correlation-fio-randwrite-cores1,pcm_cha,drd_latency,SKT0C3,57,31.28774805867127,ns
correlation-fio-randwrite-cores1,pcm_cha,drd_latency,SKT0C3,58,31.349344978165938,ns
correlation-fio-randwrite-cores1,pcm_cha,drd_latency,SKT0C3,59,31.406099470134873,ns
correlation-fio-randwrite-cores1,pcm_cha,drd_latency,SKT0C4,0,22.60309852875613,ns
correlation-fio-randwrite-cores1,pcm_cha,drd_latency,SKT0C4,1,23.763498662079513,ns
correlation-fio-randwrite-cores1,pcm_cha,drd_latency,SKT0C4,2,23.156245942085445,ns
correlation-fio-randwrite-cores1,pcm_cha,drd_latency,SKT0C4,3,23.27961262215943,ns
correlation-fio-randwrite-cores1,pcm_cha,drd_latency,SKT0C4,4,23.24136008918618,ns
correlation-fio-randwrite-cores1,pcm_cha,drd_latency,SKT0C4,5,23.69020061728395,ns
correlation-fio-randwrite-cores1,pcm_cha,drd_latency,SKT0C4,6,22.95655477275867,ns
correlation-fio-randwrite-cores1,pcm_cha,drd_latency,SKT0C4,7,23.38374593212459,ns
correlation-fio-randwrite-cores1,pcm_cha,drd_latency,SKT0C4,8,23.265770123839008,ns
correlation-fio-randwrite-cores1,pcm_cha,drd_latency,SKT0C4,9,23.25398367664205,ns
correlation-fio-randwrite-cores1,pcm_cha,drd_latency,SKT0C4,10,23.35448859455482,ns
correlation-fio-randwrite-cores1,pcm_cha,drd_latency,SKT0C4,11,23.579909792413865,ns
correlation-fio-randwrite-cores1,pcm_cha,drd_latency,SKT0C4,12,22.990798611111114,ns
correlation-fio-randwrite-cores1,pcm_cha,drd_latency,SKT0C4,13,23.309008699633704,ns
correlation-fio-randwrite-cores1,pcm_cha,drd_latency,SKT0C4,14,23.303415607080527,ns
correlation-fio-randwrite-cores1,pcm_cha,drd_latency,SKT0C4,15,23.189584069753746,ns
correlation-fio-randwrite-cores1,pcm_cha,drd_latency,SKT0C4,16,23.86574861158336,ns
correlation-fio-randwrite-cores1,pcm_cha,drd_latency,SKT0C4,17,24.35106517879787,ns
correlation-fio-randwrite-cores1,pcm_cha,drd_latency,SKT0C4,18,23.246764603008046,ns
correlation-fio-randwrite-cores1,pcm_cha,drd_latency,SKT0C4,19,23.206191517802893,ns
correlation-fio-randwrite-cores1,pcm_cha,drd_latency,SKT0C4,20,23.60324103884954,ns
correlation-fio-randwrite-cores1,pcm_cha,drd_latency,SKT0C4,21,23.212668219461698,ns
correlation-fio-randwrite-cores1,pcm_cha,drd_latency,SKT0C4,22,23.515836408364084,ns
correlation-fio-randwrite-cores1,pcm_cha,drd_latency,SKT0C4,23,23.241228070175435,ns
correlation-fio-randwrite-cores1,pcm_cha,drd_latency,SKT0C4,24,23.20612822538178,ns
correlation-fio-randwrite-cores1,pcm_cha,drd_latency,SKT0C4,25,23.198438783894822,ns
correlation-fio-randwrite-cores1,pcm_cha,drd_latency,SKT0C4,26,23.120287311492458,ns
correlation-fio-randwrite-cores1,pcm_cha,drd_latency,SKT0C4,27,23.566001899335237,ns
correlation-fio-randwrite-cores1,pcm_cha,drd_latency,SKT0C4,28,23.04863813229572,ns
correlation-fio-randwrite-cores1,pcm_cha,drd_latency,SKT0C4,29,23.628484526340657,ns
correlation-fio-randwrite-cores1,pcm_cha,drd_latency,SKT0C4,30,23.486543740303134,ns
correlation-fio-randwrite-cores1,pcm_cha,drd_latency,SKT0C4,31,24.04318455311235,ns
correlation-fio-randwrite-cores1,pcm_cha,drd_latency,SKT0C4,32,23.180607187112763,ns
correlation-fio-randwrite-cores1,pcm_cha,drd_latency,SKT0C4,33,23.492891143680318,ns
correlation-fio-randwrite-cores1,pcm_cha,drd_latency,SKT0C4,34,23.314528161133907,ns
correlation-fio-randwrite-cores1,pcm_cha,drd_latency,SKT0C4,35,23.266155141155142,ns
correlation-fio-randwrite-cores1,pcm_cha,drd_latency,SKT0C4,36,23.302853565309082,ns
correlation-fio-randwrite-cores1,pcm_cha,drd_latency,SKT0C4,37,23.070245195493705,ns
correlation-fio-randwrite-cores1,pcm_cha,drd_latency,SKT0C4,38,23.677118644067797,ns
correlation-fio-randwrite-cores1,pcm_cha,drd_latency,SKT0C4,39,22.929123449257677,ns
correlation-fio-randwrite-cores1,pcm_cha,drd_latency,SKT0C4,40,23.905819084390515,ns
correlation-fio-randwrite-cores1,pcm_cha,drd_latency,SKT0C4,41,23.233227795712278,ns
correlation-fio-randwrite-cores1,pcm_cha,drd_latency,SKT0C4,42,22.84564627528367,ns
correlation-fio-randwrite-cores1,pcm_cha,drd_latency,SKT0C4,43,23.25761764344514,ns
correlation-fio-randwrite-cores1,pcm_cha,drd_latency,SKT0C4,44,23.622062742248065,ns
correlation-fio-randwrite-cores1,pcm_cha,drd_latency,SKT0C4,45,23.384897828863345,ns
correlation-fio-randwrite-cores1,pcm_cha,drd_latency,SKT0C4,46,23.950939457202505,ns
correlation-fio-randwrite-cores1,pcm_cha,drd_latency,SKT0C4,47,23.186274509803923,ns
correlation-fio-randwrite-cores1,pcm_cha,drd_latency,SKT0C4,48,23.146692166029183,ns
correlation-fio-randwrite-cores1,pcm_cha,drd_latency,SKT0C4,49,23.569541712741124,ns
correlation-fio-randwrite-cores1,pcm_cha,drd_latency,SKT0C4,50,23.698448129251705,ns
correlation-fio-randwrite-cores1,pcm_cha,drd_latency,SKT0C4,51,23.10227908277405,ns
correlation-fio-randwrite-cores1,pcm_cha,drd_latency,SKT0C4,52,23.223472668810288,ns
correlation-fio-randwrite-cores1,pcm_cha,drd_latency,SKT0C4,53,22.976818058934846,ns
correlation-fio-randwrite-cores1,pcm_cha,drd_latency,SKT0C4,54,23.415158516236684,ns
correlation-fio-randwrite-cores1,pcm_cha,drd_latency,SKT0C4,55,23.604081748188406,ns
correlation-fio-randwrite-cores1,pcm_cha,drd_latency,SKT0C4,56,23.296520719311964,ns
correlation-fio-randwrite-cores1,pcm_cha,drd_latency,SKT0C4,57,23.23074433656958,ns
correlation-fio-randwrite-cores1,pcm_cha,drd_latency,SKT0C4,58,23.414700953854084,ns
correlation-fio-randwrite-cores1,pcm_cha,drd_latency,SKT0C4,59,23.07760663507109,ns
correlation-fio-randwrite-cores1,pcm_cha,drd_latency,SKT0C5,0,25.542331584020562,ns
correlation-fio-randwrite-cores1,pcm_cha,drd_latency,SKT0C5,1,26.71557454890788,ns
correlation-fio-randwrite-cores1,pcm_cha,drd_latency,SKT0C5,2,26.05479190530737,ns
correlation-fio-randwrite-cores1,pcm_cha,drd_latency,SKT0C5,3,26.249410238263746,ns
correlation-fio-randwrite-cores1,pcm_cha,drd_latency,SKT0C5,4,26.19396604372786,ns
correlation-fio-randwrite-cores1,pcm_cha,drd_latency,SKT0C5,5,26.468972854842423,ns
correlation-fio-randwrite-cores1,pcm_cha,drd_latency,SKT0C5,6,25.885712354690458,ns
correlation-fio-randwrite-cores1,pcm_cha,drd_latency,SKT0C5,7,26.328496118642104,ns
correlation-fio-randwrite-cores1,pcm_cha,drd_latency,SKT0C5,8,26.2046156817304,ns
correlation-fio-randwrite-cores1,pcm_cha,drd_latency,SKT0C5,9,26.216303784344223,ns
correlation-fio-randwrite-cores1,pcm_cha,drd_latency,SKT0C5,10,26.351248939008123,ns
correlation-fio-randwrite-cores1,pcm_cha,drd_latency,SKT0C5,11,26.574579719456043,ns
correlation-fio-randwrite-cores1,pcm_cha,drd_latency,SKT0C5,12,25.91956430666108,ns
correlation-fio-randwrite-cores1,pcm_cha,drd_latency,SKT0C5,13,26.283961187214615,ns
correlation-fio-randwrite-cores1,pcm_cha,drd_latency,SKT0C5,14,26.228494623655912,ns
correlation-fio-randwrite-cores1,pcm_cha,drd_latency,SKT0C5,15,26.216980573323855,ns
correlation-fio-randwrite-cores1,pcm_cha,drd_latency,SKT0C5,16,26.89194987984895,ns
correlation-fio-randwrite-cores1,pcm_cha,drd_latency,SKT0C5,17,27.239306504682357,ns
correlation-fio-randwrite-cores1,pcm_cha,drd_latency,SKT0C5,18,26.30419933475885,ns
correlation-fio-randwrite-cores1,pcm_cha,drd_latency,SKT0C5,19,26.20175903047417,ns
correlation-fio-randwrite-cores1,pcm_cha,drd_latency,SKT0C5,20,26.61180773249739,ns
correlation-fio-randwrite-cores1,pcm_cha,drd_latency,SKT0C5,21,26.209032383925088,ns
correlation-fio-randwrite-cores1,pcm_cha,drd_latency,SKT0C5,22,26.56480797636632,ns
correlation-fio-randwrite-cores1,pcm_cha,drd_latency,SKT0C5,23,26.13832613749585,ns
correlation-fio-randwrite-cores1,pcm_cha,drd_latency,SKT0C5,24,26.18650492797574,ns
correlation-fio-randwrite-cores1,pcm_cha,drd_latency,SKT0C5,25,26.167207353338743,ns
correlation-fio-randwrite-cores1,pcm_cha,drd_latency,SKT0C5,26,26.26174407833797,ns
correlation-fio-randwrite-cores1,pcm_cha,drd_latency,SKT0C5,27,26.713887879888606,ns
correlation-fio-randwrite-cores1,pcm_cha,drd_latency,SKT0C5,28,26.16916897142104,ns
correlation-fio-randwrite-cores1,pcm_cha,drd_latency,SKT0C5,29,26.545807091205972,ns
correlation-fio-randwrite-cores1,pcm_cha,drd_latency,SKT0C5,30,26.513799161283007,ns
correlation-fio-randwrite-cores1,pcm_cha,drd_latency,SKT0C5,31,26.9313189756777,ns
correlation-fio-randwrite-cores1,pcm_cha,drd_latency,SKT0C5,32,26.112199825805654,ns
correlation-fio-randwrite-cores1,pcm_cha,drd_latency,SKT0C5,33,26.49907749077491,ns
correlation-fio-randwrite-cores1,pcm_cha,drd_latency,SKT0C5,34,26.375360411182147,ns
correlation-fio-randwrite-cores1,pcm_cha,drd_latency,SKT0C5,35,26.238547941767067,ns
correlation-fio-randwrite-cores1,pcm_cha,drd_latency,SKT0C5,36,26.23047379292538,ns
correlation-fio-randwrite-cores1,pcm_cha,drd_latency,SKT0C5,37,25.995113576333857,ns
correlation-fio-randwrite-cores1,pcm_cha,drd_latency,SKT0C5,38,26.647669275263695,ns
correlation-fio-randwrite-cores1,pcm_cha,drd_latency,SKT0C5,39,25.839147757149213,ns
correlation-fio-randwrite-cores1,pcm_cha,drd_latency,SKT0C5,40,26.795948012232415,ns
correlation-fio-randwrite-cores1,pcm_cha,drd_latency,SKT0C5,41,26.12699227239797,ns
correlation-fio-randwrite-cores1,pcm_cha,drd_latency,SKT0C5,42,25.777812113720643,ns
correlation-fio-randwrite-cores1,pcm_cha,drd_latency,SKT0C5,43,26.189094426308788,ns
correlation-fio-randwrite-cores1,pcm_cha,drd_latency,SKT0C5,44,26.454515510839624,ns
correlation-fio-randwrite-cores1,pcm_cha,drd_latency,SKT0C5,45,26.393469441172623,ns
correlation-fio-randwrite-cores1,pcm_cha,drd_latency,SKT0C5,46,26.902670414617006,ns
correlation-fio-randwrite-cores1,pcm_cha,drd_latency,SKT0C5,47,26.215757468414214,ns
correlation-fio-randwrite-cores1,pcm_cha,drd_latency,SKT0C5,48,26.127296311877718,ns
correlation-fio-randwrite-cores1,pcm_cha,drd_latency,SKT0C5,49,26.68016558675306,ns
correlation-fio-randwrite-cores1,pcm_cha,drd_latency,SKT0C5,50,26.627373417721518,ns
correlation-fio-randwrite-cores1,pcm_cha,drd_latency,SKT0C5,51,26.05297811993517,ns
correlation-fio-randwrite-cores1,pcm_cha,drd_latency,SKT0C5,52,26.208701177100053,ns
correlation-fio-randwrite-cores1,pcm_cha,drd_latency,SKT0C5,53,25.95274808114035,ns
correlation-fio-randwrite-cores1,pcm_cha,drd_latency,SKT0C5,54,26.320493454179257,ns
correlation-fio-randwrite-cores1,pcm_cha,drd_latency,SKT0C5,55,26.54158410391898,ns
correlation-fio-randwrite-cores1,pcm_cha,drd_latency,SKT0C5,56,26.250626330953278,ns
correlation-fio-randwrite-cores1,pcm_cha,drd_latency,SKT0C5,57,26.13496732026144,ns
correlation-fio-randwrite-cores1,pcm_cha,drd_latency,SKT0C5,58,26.381545091985075,ns
correlation-fio-randwrite-cores1,pcm_cha,drd_latency,SKT0C5,59,26.060128379913653,ns
correlation-fio-randwrite-cores1,pcm_cha,drd_latency,SKT0C6,0,31.340468909276247,ns
correlation-fio-randwrite-cores1,pcm_cha,drd_latency,SKT0C6,1,30.971772214040257,ns
correlation-fio-randwrite-cores1,pcm_cha,drd_latency,SKT0C6,2,31.149612250262877,ns
correlation-fio-randwrite-cores1,pcm_cha,drd_latency,SKT0C6,3,31.12688713156003,ns
correlation-fio-randwrite-cores1,pcm_cha,drd_latency,SKT0C6,4,31.21609597447226,ns
correlation-fio-randwrite-cores1,pcm_cha,drd_latency,SKT0C6,5,31.22156412069778,ns
correlation-fio-randwrite-cores1,pcm_cha,drd_latency,SKT0C6,6,31.162700099164187,ns
correlation-fio-randwrite-cores1,pcm_cha,drd_latency,SKT0C6,7,31.12938215897258,ns
correlation-fio-randwrite-cores1,pcm_cha,drd_latency,SKT0C6,8,31.275362318840582,ns
correlation-fio-randwrite-cores1,pcm_cha,drd_latency,SKT0C6,9,31.139603835478177,ns
correlation-fio-randwrite-cores1,pcm_cha,drd_latency,SKT0C6,10,31.20284729778745,ns
correlation-fio-randwrite-cores1,pcm_cha,drd_latency,SKT0C6,11,31.190193282636248,ns
correlation-fio-randwrite-cores1,pcm_cha,drd_latency,SKT0C6,12,31.212936146738382,ns
correlation-fio-randwrite-cores1,pcm_cha,drd_latency,SKT0C6,13,31.197635893980237,ns
correlation-fio-randwrite-cores1,pcm_cha,drd_latency,SKT0C6,14,31.249371543489193,ns
correlation-fio-randwrite-cores1,pcm_cha,drd_latency,SKT0C6,15,31.224866341236634,ns
correlation-fio-randwrite-cores1,pcm_cha,drd_latency,SKT0C6,16,31.29911014103425,ns
correlation-fio-randwrite-cores1,pcm_cha,drd_latency,SKT0C6,17,30.68195069132101,ns
correlation-fio-randwrite-cores1,pcm_cha,drd_latency,SKT0C6,18,31.208333333333332,ns
correlation-fio-randwrite-cores1,pcm_cha,drd_latency,SKT0C6,19,31.185446009389672,ns
correlation-fio-randwrite-cores1,pcm_cha,drd_latency,SKT0C6,20,31.259369311489454,ns
correlation-fio-randwrite-cores1,pcm_cha,drd_latency,SKT0C6,21,31.19237761329698,ns
correlation-fio-randwrite-cores1,pcm_cha,drd_latency,SKT0C6,22,31.273474178403756,ns
correlation-fio-randwrite-cores1,pcm_cha,drd_latency,SKT0C6,23,31.189841058130487,ns
correlation-fio-randwrite-cores1,pcm_cha,drd_latency,SKT0C6,24,31.2060546875,ns
correlation-fio-randwrite-cores1,pcm_cha,drd_latency,SKT0C6,25,31.200850340136054,ns
correlation-fio-randwrite-cores1,pcm_cha,drd_latency,SKT0C6,26,31.182033096926713,ns
correlation-fio-randwrite-cores1,pcm_cha,drd_latency,SKT0C6,27,31.235488505747128,ns
correlation-fio-randwrite-cores1,pcm_cha,drd_latency,SKT0C6,28,31.25062656641604,ns
correlation-fio-randwrite-cores1,pcm_cha,drd_latency,SKT0C6,29,31.23640380693406,ns
correlation-fio-randwrite-cores1,pcm_cha,drd_latency,SKT0C6,30,31.221782972384556,ns
correlation-fio-randwrite-cores1,pcm_cha,drd_latency,SKT0C6,31,31.2888691629008,ns
correlation-fio-randwrite-cores1,pcm_cha,drd_latency,SKT0C6,32,31.1625378214826,ns
correlation-fio-randwrite-cores1,pcm_cha,drd_latency,SKT0C6,33,31.318017852775743,ns
correlation-fio-randwrite-cores1,pcm_cha,drd_latency,SKT0C6,34,31.26834085778781,ns
correlation-fio-randwrite-cores1,pcm_cha,drd_latency,SKT0C6,35,31.22128612899154,ns
correlation-fio-randwrite-cores1,pcm_cha,drd_latency,SKT0C6,36,31.235643564356437,ns
correlation-fio-randwrite-cores1,pcm_cha,drd_latency,SKT0C6,37,31.23277391185701,ns
correlation-fio-randwrite-cores1,pcm_cha,drd_latency,SKT0C6,38,31.223465289730353,ns
correlation-fio-randwrite-cores1,pcm_cha,drd_latency,SKT0C6,39,31.23481010051079,ns
correlation-fio-randwrite-cores1,pcm_cha,drd_latency,SKT0C6,40,30.930411294173833,ns
correlation-fio-randwrite-cores1,pcm_cha,drd_latency,SKT0C6,41,31.047138981378716,ns
correlation-fio-randwrite-cores1,pcm_cha,drd_latency,SKT0C6,42,31.236364393371634,ns
correlation-fio-randwrite-cores1,pcm_cha,drd_latency,SKT0C6,43,31.11564009661836,ns
correlation-fio-randwrite-cores1,pcm_cha,drd_latency,SKT0C6,44,31.236782245173984,ns
correlation-fio-randwrite-cores1,pcm_cha,drd_latency,SKT0C6,45,30.852958349552356,ns
correlation-fio-randwrite-cores1,pcm_cha,drd_latency,SKT0C6,46,31.090236514039383,ns
correlation-fio-randwrite-cores1,pcm_cha,drd_latency,SKT0C6,47,31.16896902284416,ns
correlation-fio-randwrite-cores1,pcm_cha,drd_latency,SKT0C6,48,31.234215812885633,ns
correlation-fio-randwrite-cores1,pcm_cha,drd_latency,SKT0C6,49,31.28398561326506,ns
correlation-fio-randwrite-cores1,pcm_cha,drd_latency,SKT0C6,50,31.038876777743173,ns
correlation-fio-randwrite-cores1,pcm_cha,drd_latency,SKT0C6,51,31.153155898686165,ns
correlation-fio-randwrite-cores1,pcm_cha,drd_latency,SKT0C6,52,30.98517786561265,ns
correlation-fio-randwrite-cores1,pcm_cha,drd_latency,SKT0C6,53,31.175398099826037,ns
correlation-fio-randwrite-cores1,pcm_cha,drd_latency,SKT0C6,54,30.936522826766726,ns
correlation-fio-randwrite-cores1,pcm_cha,drd_latency,SKT0C6,55,31.027044430135224,ns
correlation-fio-randwrite-cores1,pcm_cha,drd_latency,SKT0C6,56,30.893447136563875,ns
correlation-fio-randwrite-cores1,pcm_cha,drd_latency,SKT0C6,57,31.080124575311437,ns
correlation-fio-randwrite-cores1,pcm_cha,drd_latency,SKT0C6,58,30.975579053373615,ns
correlation-fio-randwrite-cores1,pcm_cha,drd_latency,SKT0C6,59,31.188501466937485,ns
correlation-fio-randwrite-cores1,pcm_cha,drd_latency,SKT0C7,0,28.906493690628103,ns
correlation-fio-randwrite-cores1,pcm_cha,drd_latency,SKT0C7,1,28.9354624085163,ns
correlation-fio-randwrite-cores1,pcm_cha,drd_latency,SKT0C7,2,28.833684009181333,ns
correlation-fio-randwrite-cores1,pcm_cha,drd_latency,SKT0C7,3,28.874327956989244,ns
correlation-fio-randwrite-cores1,pcm_cha,drd_latency,SKT0C7,4,28.89490095377843,ns
correlation-fio-randwrite-cores1,pcm_cha,drd_latency,SKT0C7,5,28.92092186429061,ns
correlation-fio-randwrite-cores1,pcm_cha,drd_latency,SKT0C7,6,28.900147137506686,ns
correlation-fio-randwrite-cores1,pcm_cha,drd_latency,SKT0C7,7,28.911965370943697,ns
correlation-fio-randwrite-cores1,pcm_cha,drd_latency,SKT0C7,8,28.911710509594613,ns
correlation-fio-randwrite-cores1,pcm_cha,drd_latency,SKT0C7,9,28.85339046199702,ns
correlation-fio-randwrite-cores1,pcm_cha,drd_latency,SKT0C7,10,28.858650539547018,ns
correlation-fio-randwrite-cores1,pcm_cha,drd_latency,SKT0C7,11,28.871669813299768,ns
correlation-fio-randwrite-cores1,pcm_cha,drd_latency,SKT0C7,12,28.805555555555557,ns
correlation-fio-randwrite-cores1,pcm_cha,drd_latency,SKT0C7,13,28.867438323758027,ns
correlation-fio-randwrite-cores1,pcm_cha,drd_latency,SKT0C7,14,28.857496552588692,ns
correlation-fio-randwrite-cores1,pcm_cha,drd_latency,SKT0C7,15,28.859717416378313,ns
correlation-fio-randwrite-cores1,pcm_cha,drd_latency,SKT0C7,16,28.919783736069736,ns
correlation-fio-randwrite-cores1,pcm_cha,drd_latency,SKT0C7,17,28.858373045731962,ns
correlation-fio-randwrite-cores1,pcm_cha,drd_latency,SKT0C7,18,28.93348495058401,ns
correlation-fio-randwrite-cores1,pcm_cha,drd_latency,SKT0C7,19,28.819763334510775,ns
correlation-fio-randwrite-cores1,pcm_cha,drd_latency,SKT0C7,20,28.836369667279033,ns
correlation-fio-randwrite-cores1,pcm_cha,drd_latency,SKT0C7,21,28.871133060007455,ns
correlation-fio-randwrite-cores1,pcm_cha,drd_latency,SKT0C7,22,28.907621108306284,ns
correlation-fio-randwrite-cores1,pcm_cha,drd_latency,SKT0C7,23,28.872659176029966,ns
correlation-fio-randwrite-cores1,pcm_cha,drd_latency,SKT0C7,24,28.884424218951715,ns
correlation-fio-randwrite-cores1,pcm_cha,drd_latency,SKT0C7,25,28.8595,ns
correlation-fio-randwrite-cores1,pcm_cha,drd_latency,SKT0C7,26,28.80329094988781,ns
correlation-fio-randwrite-cores1,pcm_cha,drd_latency,SKT0C7,27,28.824404761904763,ns
correlation-fio-randwrite-cores1,pcm_cha,drd_latency,SKT0C7,28,28.82599875156055,ns
correlation-fio-randwrite-cores1,pcm_cha,drd_latency,SKT0C7,29,28.82029652351738,ns
correlation-fio-randwrite-cores1,pcm_cha,drd_latency,SKT0C7,30,28.838667574622633,ns
correlation-fio-randwrite-cores1,pcm_cha,drd_latency,SKT0C7,31,28.905082212257096,ns
correlation-fio-randwrite-cores1,pcm_cha,drd_latency,SKT0C7,32,28.84135145060595,ns
correlation-fio-randwrite-cores1,pcm_cha,drd_latency,SKT0C7,33,28.890963405526513,ns
correlation-fio-randwrite-cores1,pcm_cha,drd_latency,SKT0C7,34,28.90125570776256,ns
correlation-fio-randwrite-cores1,pcm_cha,drd_latency,SKT0C7,35,28.904872749844817,ns
correlation-fio-randwrite-cores1,pcm_cha,drd_latency,SKT0C7,36,28.850907686365392,ns
correlation-fio-randwrite-cores1,pcm_cha,drd_latency,SKT0C7,37,28.843402225755167,ns
correlation-fio-randwrite-cores1,pcm_cha,drd_latency,SKT0C7,38,28.8860802157061,ns
correlation-fio-randwrite-cores1,pcm_cha,drd_latency,SKT0C7,39,28.931152980210925,ns
correlation-fio-randwrite-cores1,pcm_cha,drd_latency,SKT0C7,40,28.895163690476195,ns
correlation-fio-randwrite-cores1,pcm_cha,drd_latency,SKT0C7,41,28.91980885837048,ns
correlation-fio-randwrite-cores1,pcm_cha,drd_latency,SKT0C7,42,28.92064742967992,ns
correlation-fio-randwrite-cores1,pcm_cha,drd_latency,SKT0C7,43,28.864347826086956,ns
correlation-fio-randwrite-cores1,pcm_cha,drd_latency,SKT0C7,44,28.878025254296738,ns
correlation-fio-randwrite-cores1,pcm_cha,drd_latency,SKT0C7,45,28.89136110122226,ns
correlation-fio-randwrite-cores1,pcm_cha,drd_latency,SKT0C7,46,28.949754901960784,ns
correlation-fio-randwrite-cores1,pcm_cha,drd_latency,SKT0C7,47,28.84246991277465,ns
correlation-fio-randwrite-cores1,pcm_cha,drd_latency,SKT0C7,48,28.912065232101774,ns
correlation-fio-randwrite-cores1,pcm_cha,drd_latency,SKT0C7,49,28.891782407407405,ns
correlation-fio-randwrite-cores1,pcm_cha,drd_latency,SKT0C7,50,28.923402443910255,ns
correlation-fio-randwrite-cores1,pcm_cha,drd_latency,SKT0C7,51,28.892215568862277,ns
correlation-fio-randwrite-cores1,pcm_cha,drd_latency,SKT0C7,52,28.851924331376388,ns
correlation-fio-randwrite-cores1,pcm_cha,drd_latency,SKT0C7,53,28.88522515321077,ns
correlation-fio-randwrite-cores1,pcm_cha,drd_latency,SKT0C7,54,28.83970457715228,ns
correlation-fio-randwrite-cores1,pcm_cha,drd_latency,SKT0C7,55,28.88773444160273,ns
correlation-fio-randwrite-cores1,pcm_cha,drd_latency,SKT0C7,56,28.85373767627605,ns
correlation-fio-randwrite-cores1,pcm_cha,drd_latency,SKT0C7,57,28.821319893495627,ns
correlation-fio-randwrite-cores1,pcm_cha,drd_latency,SKT0C7,58,28.843218218218215,ns
correlation-fio-randwrite-cores1,pcm_cha,drd_latency,SKT0C7,59,28.835289902998237,ns
correlation-fio-randwrite-cores1,pcm_cha,drd_latency,SKT0C8,0,28.860725141120277,ns
correlation-fio-randwrite-cores1,pcm_cha,drd_latency,SKT0C8,1,28.715455733092153,ns
correlation-fio-randwrite-cores1,pcm_cha,drd_latency,SKT0C8,2,28.536825587606838,ns
correlation-fio-randwrite-cores1,pcm_cha,drd_latency,SKT0C8,3,28.44317623956799,ns
correlation-fio-randwrite-cores1,pcm_cha,drd_latency,SKT0C8,4,28.425071951857664,ns
correlation-fio-randwrite-cores1,pcm_cha,drd_latency,SKT0C8,5,28.597575540427567,ns
correlation-fio-randwrite-cores1,pcm_cha,drd_latency,SKT0C8,6,28.595366379310345,ns
correlation-fio-randwrite-cores1,pcm_cha,drd_latency,SKT0C8,7,28.43953345610804,ns
correlation-fio-randwrite-cores1,pcm_cha,drd_latency,SKT0C8,8,28.259012644605868,ns
correlation-fio-randwrite-cores1,pcm_cha,drd_latency,SKT0C8,9,28.46117424242424,ns
correlation-fio-randwrite-cores1,pcm_cha,drd_latency,SKT0C8,10,28.6432350718065,ns
correlation-fio-randwrite-cores1,pcm_cha,drd_latency,SKT0C8,11,28.338378742011436,ns
correlation-fio-randwrite-cores1,pcm_cha,drd_latency,SKT0C8,12,28.558475069050736,ns
correlation-fio-randwrite-cores1,pcm_cha,drd_latency,SKT0C8,13,28.24139280125196,ns
correlation-fio-randwrite-cores1,pcm_cha,drd_latency,SKT0C8,14,28.16926345609065,ns
correlation-fio-randwrite-cores1,pcm_cha,drd_latency,SKT0C8,15,28.376114726440104,ns
correlation-fio-randwrite-cores1,pcm_cha,drd_latency,SKT0C8,16,28.64666782770231,ns
correlation-fio-randwrite-cores1,pcm_cha,drd_latency,SKT0C8,17,28.37146892655367,ns
correlation-fio-randwrite-cores1,pcm_cha,drd_latency,SKT0C8,18,28.1631413674606,ns
correlation-fio-randwrite-cores1,pcm_cha,drd_latency,SKT0C8,19,28.31422018348624,ns
correlation-fio-randwrite-cores1,pcm_cha,drd_latency,SKT0C8,20,28.4174413457282,ns
correlation-fio-randwrite-cores1,pcm_cha,drd_latency,SKT0C8,21,28.338928383359665,ns
correlation-fio-randwrite-cores1,pcm_cha,drd_latency,SKT0C8,22,28.41613448534936,ns
correlation-fio-randwrite-cores1,pcm_cha,drd_latency,SKT0C8,23,28.363765642775885,ns
correlation-fio-randwrite-cores1,pcm_cha,drd_latency,SKT0C8,24,28.360237024928484,ns
correlation-fio-randwrite-cores1,pcm_cha,drd_latency,SKT0C8,25,28.3903565757182,ns
correlation-fio-randwrite-cores1,pcm_cha,drd_latency,SKT0C8,26,28.301269205076817,ns
correlation-fio-randwrite-cores1,pcm_cha,drd_latency,SKT0C8,27,28.444200779727097,ns
correlation-fio-randwrite-cores1,pcm_cha,drd_latency,SKT0C8,28,28.473598995506215,ns
correlation-fio-randwrite-cores1,pcm_cha,drd_latency,SKT0C8,29,28.114971649173604,ns
correlation-fio-randwrite-cores1,pcm_cha,drd_latency,SKT0C8,30,28.404950257701067,ns
correlation-fio-randwrite-cores1,pcm_cha,drd_latency,SKT0C8,31,28.45873786407767,ns
correlation-fio-randwrite-cores1,pcm_cha,drd_latency,SKT0C8,32,28.534552091066566,ns
correlation-fio-randwrite-cores1,pcm_cha,drd_latency,SKT0C8,33,28.473269254931523,ns
correlation-fio-randwrite-cores1,pcm_cha,drd_latency,SKT0C8,34,28.233501879942956,ns
correlation-fio-randwrite-cores1,pcm_cha,drd_latency,SKT0C8,35,28.38716666666667,ns
correlation-fio-randwrite-cores1,pcm_cha,drd_latency,SKT0C8,36,28.252324451845688,ns
correlation-fio-randwrite-cores1,pcm_cha,drd_latency,SKT0C8,37,28.517425218262485,ns
correlation-fio-randwrite-cores1,pcm_cha,drd_latency,SKT0C8,38,28.224618068086126,ns
correlation-fio-randwrite-cores1,pcm_cha,drd_latency,SKT0C8,39,28.800123001230013,ns
correlation-fio-randwrite-cores1,pcm_cha,drd_latency,SKT0C8,40,28.200031625553446,ns
correlation-fio-randwrite-cores1,pcm_cha,drd_latency,SKT0C8,41,28.584433712352773,ns
correlation-fio-randwrite-cores1,pcm_cha,drd_latency,SKT0C8,42,28.580381587953458,ns
correlation-fio-randwrite-cores1,pcm_cha,drd_latency,SKT0C8,43,28.363140060240966,ns
correlation-fio-randwrite-cores1,pcm_cha,drd_latency,SKT0C8,44,28.630863737900224,ns
correlation-fio-randwrite-cores1,pcm_cha,drd_latency,SKT0C8,45,28.407260662285793,ns
correlation-fio-randwrite-cores1,pcm_cha,drd_latency,SKT0C8,46,28.594160104986877,ns
correlation-fio-randwrite-cores1,pcm_cha,drd_latency,SKT0C8,47,28.521026372059872,ns
correlation-fio-randwrite-cores1,pcm_cha,drd_latency,SKT0C8,48,28.483615221987314,ns
correlation-fio-randwrite-cores1,pcm_cha,drd_latency,SKT0C8,49,28.408030303030305,ns
correlation-fio-randwrite-cores1,pcm_cha,drd_latency,SKT0C8,50,28.502191592733418,ns
correlation-fio-randwrite-cores1,pcm_cha,drd_latency,SKT0C8,51,28.446515281348184,ns
correlation-fio-randwrite-cores1,pcm_cha,drd_latency,SKT0C8,52,28.422061617806737,ns
correlation-fio-randwrite-cores1,pcm_cha,drd_latency,SKT0C8,53,28.494009866102886,ns
correlation-fio-randwrite-cores1,pcm_cha,drd_latency,SKT0C8,54,28.466042154566743,ns
correlation-fio-randwrite-cores1,pcm_cha,drd_latency,SKT0C8,55,28.426125677619204,ns
correlation-fio-randwrite-cores1,pcm_cha,drd_latency,SKT0C8,56,28.46280882547232,ns
correlation-fio-randwrite-cores1,pcm_cha,drd_latency,SKT0C8,57,28.5884285331188,ns
correlation-fio-randwrite-cores1,pcm_cha,drd_latency,SKT0C8,58,28.339554682383756,ns
correlation-fio-randwrite-cores1,pcm_cha,drd_latency,SKT0C8,59,28.467960023515577,ns
correlation-fio-randwrite-cores1,pcm_cha,drd_latency,SKT0C9,0,30.055272108843536,ns
correlation-fio-randwrite-cores1,pcm_cha,drd_latency,SKT0C9,1,29.90607267069376,ns
correlation-fio-randwrite-cores1,pcm_cha,drd_latency,SKT0C9,2,29.59345961401001,ns
correlation-fio-randwrite-cores1,pcm_cha,drd_latency,SKT0C9,3,29.505980458221025,ns
correlation-fio-randwrite-cores1,pcm_cha,drd_latency,SKT0C9,4,29.422768419846452,ns
correlation-fio-randwrite-cores1,pcm_cha,drd_latency,SKT0C9,5,29.71236381644107,ns
correlation-fio-randwrite-cores1,pcm_cha,drd_latency,SKT0C9,6,29.73968134487517,ns
correlation-fio-randwrite-cores1,pcm_cha,drd_latency,SKT0C9,7,29.55323551542513,ns
correlation-fio-randwrite-cores1,pcm_cha,drd_latency,SKT0C9,8,29.44105691056911,ns
correlation-fio-randwrite-cores1,pcm_cha,drd_latency,SKT0C9,9,29.561293031066327,ns
correlation-fio-randwrite-cores1,pcm_cha,drd_latency,SKT0C9,10,29.82190742683922,ns
correlation-fio-randwrite-cores1,pcm_cha,drd_latency,SKT0C9,11,29.456036541056783,ns
correlation-fio-randwrite-cores1,pcm_cha,drd_latency,SKT0C9,12,29.75315262610504,ns
correlation-fio-randwrite-cores1,pcm_cha,drd_latency,SKT0C9,13,29.471748167596544,ns
correlation-fio-randwrite-cores1,pcm_cha,drd_latency,SKT0C9,14,29.315935672514616,ns
correlation-fio-randwrite-cores1,pcm_cha,drd_latency,SKT0C9,15,29.538719982374975,ns
correlation-fio-randwrite-cores1,pcm_cha,drd_latency,SKT0C9,16,29.79638068300859,ns
correlation-fio-randwrite-cores1,pcm_cha,drd_latency,SKT0C9,17,29.556855500821015,ns
correlation-fio-randwrite-cores1,pcm_cha,drd_latency,SKT0C9,18,29.372443338861252,ns
correlation-fio-randwrite-cores1,pcm_cha,drd_latency,SKT0C9,19,29.53298130193906,ns
correlation-fio-randwrite-cores1,pcm_cha,drd_latency,SKT0C9,20,29.592777274100936,ns
correlation-fio-randwrite-cores1,pcm_cha,drd_latency,SKT0C9,21,29.460942158616575,ns
correlation-fio-randwrite-cores1,pcm_cha,drd_latency,SKT0C9,22,29.623874653739612,ns
correlation-fio-randwrite-cores1,pcm_cha,drd_latency,SKT0C9,23,29.51131999191429,ns
correlation-fio-randwrite-cores1,pcm_cha,drd_latency,SKT0C9,24,29.41582612872238,ns
correlation-fio-randwrite-cores1,pcm_cha,drd_latency,SKT0C9,25,29.502244562468384,ns
correlation-fio-randwrite-cores1,pcm_cha,drd_latency,SKT0C9,26,29.466051616015434,ns
correlation-fio-randwrite-cores1,pcm_cha,drd_latency,SKT0C9,27,29.456460988151132,ns
correlation-fio-randwrite-cores1,pcm_cha,drd_latency,SKT0C9,28,29.496805111821086,ns
correlation-fio-randwrite-cores1,pcm_cha,drd_latency,SKT0C9,29,29.042158516020237,ns
correlation-fio-randwrite-cores1,pcm_cha,drd_latency,SKT0C9,30,29.549501424501422,ns
correlation-fio-randwrite-cores1,pcm_cha,drd_latency,SKT0C9,31,29.436453576864537,ns
correlation-fio-randwrite-cores1,pcm_cha,drd_latency,SKT0C9,32,29.62534293552812,ns
correlation-fio-randwrite-cores1,pcm_cha,drd_latency,SKT0C9,33,29.572390859481583,ns
correlation-fio-randwrite-cores1,pcm_cha,drd_latency,SKT0C9,34,29.163620009285047,ns
correlation-fio-randwrite-cores1,pcm_cha,drd_latency,SKT0C9,35,29.460098109595595,ns
correlation-fio-randwrite-cores1,pcm_cha,drd_latency,SKT0C9,36,29.27838164251208,ns
correlation-fio-randwrite-cores1,pcm_cha,drd_latency,SKT0C9,37,29.596411866075822,ns
correlation-fio-randwrite-cores1,pcm_cha,drd_latency,SKT0C9,38,29.243241068554877,ns
correlation-fio-randwrite-cores1,pcm_cha,drd_latency,SKT0C9,39,29.98767139764253,ns
correlation-fio-randwrite-cores1,pcm_cha,drd_latency,SKT0C9,40,29.299593711358416,ns
correlation-fio-randwrite-cores1,pcm_cha,drd_latency,SKT0C9,41,29.779955328905757,ns
correlation-fio-randwrite-cores1,pcm_cha,drd_latency,SKT0C9,42,29.752103365384617,ns
correlation-fio-randwrite-cores1,pcm_cha,drd_latency,SKT0C9,43,29.449649737302977,ns
correlation-fio-randwrite-cores1,pcm_cha,drd_latency,SKT0C9,44,29.642549896765313,ns
correlation-fio-randwrite-cores1,pcm_cha,drd_latency,SKT0C9,45,29.54357962697274,ns
correlation-fio-randwrite-cores1,pcm_cha,drd_latency,SKT0C9,46,29.712393021724818,ns
correlation-fio-randwrite-cores1,pcm_cha,drd_latency,SKT0C9,47,29.607071878105334,ns
correlation-fio-randwrite-cores1,pcm_cha,drd_latency,SKT0C9,48,29.612810120363545,ns
correlation-fio-randwrite-cores1,pcm_cha,drd_latency,SKT0C9,49,29.586893416584513,ns
correlation-fio-randwrite-cores1,pcm_cha,drd_latency,SKT0C9,50,29.59567810697174,ns
correlation-fio-randwrite-cores1,pcm_cha,drd_latency,SKT0C9,51,29.63208528341133,ns
correlation-fio-randwrite-cores1,pcm_cha,drd_latency,SKT0C9,52,29.631736342335675,ns
correlation-fio-randwrite-cores1,pcm_cha,drd_latency,SKT0C9,53,29.595737041389217,ns
correlation-fio-randwrite-cores1,pcm_cha,drd_latency,SKT0C9,54,29.628995433789953,ns
correlation-fio-randwrite-cores1,pcm_cha,drd_latency,SKT0C9,55,29.59156034831916,ns
correlation-fio-randwrite-cores1,pcm_cha,drd_latency,SKT0C9,56,29.594364042828573,ns
correlation-fio-randwrite-cores1,pcm_cha,drd_latency,SKT0C9,57,29.686574074074073,ns
correlation-fio-randwrite-cores1,pcm_cha,drd_latency,SKT0C9,58,29.346654275092938,ns
correlation-fio-randwrite-cores1,pcm_cha,drd_latency,SKT0C9,59,29.617084538733526,ns
correlation-fio-randwrite-cores1,pcm_cha,drd_latency,SKT0C10,0,27.464634571777427,ns
correlation-fio-randwrite-cores1,pcm_cha,drd_latency,SKT0C10,1,27.154640873576206,ns
correlation-fio-randwrite-cores1,pcm_cha,drd_latency,SKT0C10,2,27.39041007841625,ns
correlation-fio-randwrite-cores1,pcm_cha,drd_latency,SKT0C10,3,27.52072612921669,ns
correlation-fio-randwrite-cores1,pcm_cha,drd_latency,SKT0C10,4,27.439628574819036,ns
correlation-fio-randwrite-cores1,pcm_cha,drd_latency,SKT0C10,5,27.511276692931364,ns
correlation-fio-randwrite-cores1,pcm_cha,drd_latency,SKT0C10,6,27.464810924369747,ns
correlation-fio-randwrite-cores1,pcm_cha,drd_latency,SKT0C10,7,27.40529029365613,ns
correlation-fio-randwrite-cores1,pcm_cha,drd_latency,SKT0C10,8,27.500319407180278,ns
correlation-fio-randwrite-cores1,pcm_cha,drd_latency,SKT0C10,9,27.59482553292843,ns
correlation-fio-randwrite-cores1,pcm_cha,drd_latency,SKT0C10,10,27.13814616755793,ns
correlation-fio-randwrite-cores1,pcm_cha,drd_latency,SKT0C10,11,27.528671551449506,ns
correlation-fio-randwrite-cores1,pcm_cha,drd_latency,SKT0C10,12,27.497496996395675,ns
correlation-fio-randwrite-cores1,pcm_cha,drd_latency,SKT0C10,13,27.481584570400358,ns
correlation-fio-randwrite-cores1,pcm_cha,drd_latency,SKT0C10,14,27.509778755653343,ns
correlation-fio-randwrite-cores1,pcm_cha,drd_latency,SKT0C10,15,27.400251197569812,ns
correlation-fio-randwrite-cores1,pcm_cha,drd_latency,SKT0C10,16,27.090029014618906,ns
correlation-fio-randwrite-cores1,pcm_cha,drd_latency,SKT0C10,17,27.083015671325708,ns
correlation-fio-randwrite-cores1,pcm_cha,drd_latency,SKT0C10,18,27.486979166666664,ns
correlation-fio-randwrite-cores1,pcm_cha,drd_latency,SKT0C10,19,27.43642341713221,ns
correlation-fio-randwrite-cores1,pcm_cha,drd_latency,SKT0C10,20,27.07463384231848,ns
correlation-fio-randwrite-cores1,pcm_cha,drd_latency,SKT0C10,21,27.41107723577236,ns
correlation-fio-randwrite-cores1,pcm_cha,drd_latency,SKT0C10,22,27.441502094554163,ns
correlation-fio-randwrite-cores1,pcm_cha,drd_latency,SKT0C10,23,27.552704540698894,ns
correlation-fio-randwrite-cores1,pcm_cha,drd_latency,SKT0C10,24,27.532218091697644,ns
correlation-fio-randwrite-cores1,pcm_cha,drd_latency,SKT0C10,25,27.4985113140135,ns
correlation-fio-randwrite-cores1,pcm_cha,drd_latency,SKT0C10,26,27.581935975609756,ns
correlation-fio-randwrite-cores1,pcm_cha,drd_latency,SKT0C10,27,27.53082071151814,ns
correlation-fio-randwrite-cores1,pcm_cha,drd_latency,SKT0C10,28,27.556881760537113,ns
correlation-fio-randwrite-cores1,pcm_cha,drd_latency,SKT0C10,29,27.509706045479756,ns
correlation-fio-randwrite-cores1,pcm_cha,drd_latency,SKT0C10,30,27.129768241295192,ns
correlation-fio-randwrite-cores1,pcm_cha,drd_latency,SKT0C10,31,27.06899669353172,ns
correlation-fio-randwrite-cores1,pcm_cha,drd_latency,SKT0C10,32,27.46091364358129,ns
correlation-fio-randwrite-cores1,pcm_cha,drd_latency,SKT0C10,33,27.538041532402435,ns
correlation-fio-randwrite-cores1,pcm_cha,drd_latency,SKT0C10,34,27.51320631528965,ns
correlation-fio-randwrite-cores1,pcm_cha,drd_latency,SKT0C10,35,27.517892760764987,ns
correlation-fio-randwrite-cores1,pcm_cha,drd_latency,SKT0C10,36,27.464657738095237,ns
correlation-fio-randwrite-cores1,pcm_cha,drd_latency,SKT0C10,37,27.522744870305846,ns
correlation-fio-randwrite-cores1,pcm_cha,drd_latency,SKT0C10,38,27.565228093206432,ns
correlation-fio-randwrite-cores1,pcm_cha,drd_latency,SKT0C10,39,27.847222222222225,ns
correlation-fio-randwrite-cores1,pcm_cha,drd_latency,SKT0C10,40,27.318233669548512,ns
correlation-fio-randwrite-cores1,pcm_cha,drd_latency,SKT0C10,41,27.803118908382064,ns
correlation-fio-randwrite-cores1,pcm_cha,drd_latency,SKT0C10,42,27.53880376665869,ns
correlation-fio-randwrite-cores1,pcm_cha,drd_latency,SKT0C10,43,27.494012150952216,ns
correlation-fio-randwrite-cores1,pcm_cha,drd_latency,SKT0C10,44,27.476527825196314,ns
correlation-fio-randwrite-cores1,pcm_cha,drd_latency,SKT0C10,45,27.509746588693954,ns
correlation-fio-randwrite-cores1,pcm_cha,drd_latency,SKT0C10,46,27.067536858441418,ns
correlation-fio-randwrite-cores1,pcm_cha,drd_latency,SKT0C10,47,27.352091125467528,ns
correlation-fio-randwrite-cores1,pcm_cha,drd_latency,SKT0C10,48,27.524470635237716,ns
correlation-fio-randwrite-cores1,pcm_cha,drd_latency,SKT0C10,49,27.54771880819367,ns
correlation-fio-randwrite-cores1,pcm_cha,drd_latency,SKT0C10,50,27.224872773536898,ns
correlation-fio-randwrite-cores1,pcm_cha,drd_latency,SKT0C10,51,27.432703897147448,ns
correlation-fio-randwrite-cores1,pcm_cha,drd_latency,SKT0C10,52,27.452830188679247,ns
correlation-fio-randwrite-cores1,pcm_cha,drd_latency,SKT0C10,53,27.418442515127595,ns
correlation-fio-randwrite-cores1,pcm_cha,drd_latency,SKT0C10,54,27.402005888847995,ns
correlation-fio-randwrite-cores1,pcm_cha,drd_latency,SKT0C10,55,27.52856236115519,ns
correlation-fio-randwrite-cores1,pcm_cha,drd_latency,SKT0C10,56,27.524262784621126,ns
correlation-fio-randwrite-cores1,pcm_cha,drd_latency,SKT0C10,57,27.456488838441164,ns
correlation-fio-randwrite-cores1,pcm_cha,drd_latency,SKT0C10,58,27.47588880484115,ns
correlation-fio-randwrite-cores1,pcm_cha,drd_latency,SKT0C10,59,27.505530376605158,ns
correlation-fio-randwrite-cores1,pcm_cha,drd_latency,SKT0C11,0,29.306463230385443,ns
correlation-fio-randwrite-cores1,pcm_cha,drd_latency,SKT0C11,1,29.047001961333706,ns
correlation-fio-randwrite-cores1,pcm_cha,drd_latency,SKT0C11,2,29.19811896909735,ns
correlation-fio-randwrite-cores1,pcm_cha,drd_latency,SKT0C11,3,29.205907534246574,ns
correlation-fio-randwrite-cores1,pcm_cha,drd_latency,SKT0C11,4,29.210672514619883,ns
correlation-fio-randwrite-cores1,pcm_cha,drd_latency,SKT0C11,5,29.35047380156076,ns
correlation-fio-randwrite-cores1,pcm_cha,drd_latency,SKT0C11,6,29.260987942434852,ns
correlation-fio-randwrite-cores1,pcm_cha,drd_latency,SKT0C11,7,29.19336352454434,ns
correlation-fio-randwrite-cores1,pcm_cha,drd_latency,SKT0C11,8,29.28377802144249,ns
correlation-fio-randwrite-cores1,pcm_cha,drd_latency,SKT0C11,9,29.168639951426833,ns
correlation-fio-randwrite-cores1,pcm_cha,drd_latency,SKT0C11,10,29.272090083879124,ns
correlation-fio-randwrite-cores1,pcm_cha,drd_latency,SKT0C11,11,29.23404927353127,ns
correlation-fio-randwrite-cores1,pcm_cha,drd_latency,SKT0C11,12,29.276876267748477,ns
correlation-fio-randwrite-cores1,pcm_cha,drd_latency,SKT0C11,13,29.243734752716787,ns
correlation-fio-randwrite-cores1,pcm_cha,drd_latency,SKT0C11,14,29.288541666666664,ns
correlation-fio-randwrite-cores1,pcm_cha,drd_latency,SKT0C11,15,29.217860271572494,ns
correlation-fio-randwrite-cores1,pcm_cha,drd_latency,SKT0C11,16,29.353684932953225,ns
correlation-fio-randwrite-cores1,pcm_cha,drd_latency,SKT0C11,17,28.76216108452951,ns
correlation-fio-randwrite-cores1,pcm_cha,drd_latency,SKT0C11,18,29.275005383290267,ns
correlation-fio-randwrite-cores1,pcm_cha,drd_latency,SKT0C11,19,29.22627254969551,ns
correlation-fio-randwrite-cores1,pcm_cha,drd_latency,SKT0C11,20,29.29821882951654,ns
correlation-fio-randwrite-cores1,pcm_cha,drd_latency,SKT0C11,21,29.313304721030043,ns
correlation-fio-randwrite-cores1,pcm_cha,drd_latency,SKT0C11,22,29.393826547500826,ns
correlation-fio-randwrite-cores1,pcm_cha,drd_latency,SKT0C11,23,29.261218968809676,ns
correlation-fio-randwrite-cores1,pcm_cha,drd_latency,SKT0C11,24,29.252749656292966,ns
correlation-fio-randwrite-cores1,pcm_cha,drd_latency,SKT0C11,25,29.22306006702759,ns
correlation-fio-randwrite-cores1,pcm_cha,drd_latency,SKT0C11,26,29.22941859044827,ns
correlation-fio-randwrite-cores1,pcm_cha,drd_latency,SKT0C11,27,29.259633749016963,ns
correlation-fio-randwrite-cores1,pcm_cha,drd_latency,SKT0C11,28,29.281394675925927,ns
correlation-fio-randwrite-cores1,pcm_cha,drd_latency,SKT0C11,29,29.277520405912203,ns
correlation-fio-randwrite-cores1,pcm_cha,drd_latency,SKT0C11,30,29.255382451584982,ns
correlation-fio-randwrite-cores1,pcm_cha,drd_latency,SKT0C11,31,29.274301274147145,ns
correlation-fio-randwrite-cores1,pcm_cha,drd_latency,SKT0C11,32,29.23692528735632,ns
correlation-fio-randwrite-cores1,pcm_cha,drd_latency,SKT0C11,33,29.33242466877711,ns
correlation-fio-randwrite-cores1,pcm_cha,drd_latency,SKT0C11,34,29.273005032350827,ns
correlation-fio-randwrite-cores1,pcm_cha,drd_latency,SKT0C11,35,29.275309095360505,ns
correlation-fio-randwrite-cores1,pcm_cha,drd_latency,SKT0C11,36,29.229150847886608,ns
correlation-fio-randwrite-cores1,pcm_cha,drd_latency,SKT0C11,37,29.26827316948285,ns
correlation-fio-randwrite-cores1,pcm_cha,drd_latency,SKT0C11,38,29.294372294372295,ns
correlation-fio-randwrite-cores1,pcm_cha,drd_latency,SKT0C11,39,29.407451212300415,ns
correlation-fio-randwrite-cores1,pcm_cha,drd_latency,SKT0C11,40,29.03034180222994,ns
correlation-fio-randwrite-cores1,pcm_cha,drd_latency,SKT0C11,41,29.317481024667934,ns
correlation-fio-randwrite-cores1,pcm_cha,drd_latency,SKT0C11,42,29.268895691076057,ns
correlation-fio-randwrite-cores1,pcm_cha,drd_latency,SKT0C11,43,29.172047702152412,ns
correlation-fio-randwrite-cores1,pcm_cha,drd_latency,SKT0C11,44,29.32868777242487,ns
correlation-fio-randwrite-cores1,pcm_cha,drd_latency,SKT0C11,45,28.931427368927366,ns
correlation-fio-randwrite-cores1,pcm_cha,drd_latency,SKT0C11,46,29.199912078250357,ns
correlation-fio-randwrite-cores1,pcm_cha,drd_latency,SKT0C11,47,29.204746870499612,ns
correlation-fio-randwrite-cores1,pcm_cha,drd_latency,SKT0C11,48,29.25959232613909,ns
correlation-fio-randwrite-cores1,pcm_cha,drd_latency,SKT0C11,49,29.313606386671296,ns
correlation-fio-randwrite-cores1,pcm_cha,drd_latency,SKT0C11,50,29.174956114686953,ns
correlation-fio-randwrite-cores1,pcm_cha,drd_latency,SKT0C11,51,29.21625110187634,ns
correlation-fio-randwrite-cores1,pcm_cha,drd_latency,SKT0C11,52,29.0658379373849,ns
correlation-fio-randwrite-cores1,pcm_cha,drd_latency,SKT0C11,53,29.20805431547619,ns
correlation-fio-randwrite-cores1,pcm_cha,drd_latency,SKT0C11,54,29.033327491529388,ns
correlation-fio-randwrite-cores1,pcm_cha,drd_latency,SKT0C11,55,29.143910161274366,ns
correlation-fio-randwrite-cores1,pcm_cha,drd_latency,SKT0C11,56,29.076171640896565,ns
correlation-fio-randwrite-cores1,pcm_cha,drd_latency,SKT0C11,57,29.202956041372826,ns
correlation-fio-randwrite-cores1,pcm_cha,drd_latency,SKT0C11,58,29.096244131455396,ns
correlation-fio-randwrite-cores1,pcm_cha,drd_latency,SKT0C11,59,29.19716724264321,ns
correlation-fio-randwrite-cores1,pcm_cha,drd_latency,SKT0C12,0,27.25335899758454,ns
correlation-fio-randwrite-cores1,pcm_cha,drd_latency,SKT0C12,1,26.99740841384863,ns
correlation-fio-randwrite-cores1,pcm_cha,drd_latency,SKT0C12,2,27.204053109713488,ns
correlation-fio-randwrite-cores1,pcm_cha,drd_latency,SKT0C12,3,27.19479436828455,ns
correlation-fio-randwrite-cores1,pcm_cha,drd_latency,SKT0C12,4,27.1884765625,ns
correlation-fio-randwrite-cores1,pcm_cha,drd_latency,SKT0C12,5,27.285414350994195,ns
correlation-fio-randwrite-cores1,pcm_cha,drd_latency,SKT0C12,6,27.173759655377303,ns
correlation-fio-randwrite-cores1,pcm_cha,drd_latency,SKT0C12,7,27.145338208409505,ns
correlation-fio-randwrite-cores1,pcm_cha,drd_latency,SKT0C12,8,27.259967453213996,ns
correlation-fio-randwrite-cores1,pcm_cha,drd_latency,SKT0C12,9,27.17845117845118,ns
correlation-fio-randwrite-cores1,pcm_cha,drd_latency,SKT0C12,10,27.155790022144068,ns
correlation-fio-randwrite-cores1,pcm_cha,drd_latency,SKT0C12,11,27.205641193834044,ns
correlation-fio-randwrite-cores1,pcm_cha,drd_latency,SKT0C12,12,27.254660700969424,ns
correlation-fio-randwrite-cores1,pcm_cha,drd_latency,SKT0C12,13,27.252863170584693,ns
correlation-fio-randwrite-cores1,pcm_cha,drd_latency,SKT0C12,14,27.24406183651805,ns
correlation-fio-randwrite-cores1,pcm_cha,drd_latency,SKT0C12,15,27.187421264802218,ns
correlation-fio-randwrite-cores1,pcm_cha,drd_latency,SKT0C12,16,27.321125651278326,ns
correlation-fio-randwrite-cores1,pcm_cha,drd_latency,SKT0C12,17,26.816855244252874,ns
correlation-fio-randwrite-cores1,pcm_cha,drd_latency,SKT0C12,18,27.252838073852292,ns
correlation-fio-randwrite-cores1,pcm_cha,drd_latency,SKT0C12,19,27.225274725274726,ns
correlation-fio-randwrite-cores1,pcm_cha,drd_latency,SKT0C12,20,27.236135434909517,ns
correlation-fio-randwrite-cores1,pcm_cha,drd_latency,SKT0C12,21,27.285219725872548,ns
correlation-fio-randwrite-cores1,pcm_cha,drd_latency,SKT0C12,22,27.341800356506237,ns
correlation-fio-randwrite-cores1,pcm_cha,drd_latency,SKT0C12,23,27.191166321601106,ns
correlation-fio-randwrite-cores1,pcm_cha,drd_latency,SKT0C12,24,27.264834563850147,ns
correlation-fio-randwrite-cores1,pcm_cha,drd_latency,SKT0C12,25,27.253861003861008,ns
correlation-fio-randwrite-cores1,pcm_cha,drd_latency,SKT0C12,26,27.21933111296142,ns
correlation-fio-randwrite-cores1,pcm_cha,drd_latency,SKT0C12,27,27.24845392702536,ns
correlation-fio-randwrite-cores1,pcm_cha,drd_latency,SKT0C12,28,27.24806596091205,ns
correlation-fio-randwrite-cores1,pcm_cha,drd_latency,SKT0C12,29,27.25028484618306,ns
correlation-fio-randwrite-cores1,pcm_cha,drd_latency,SKT0C12,30,27.250151791135398,ns
correlation-fio-randwrite-cores1,pcm_cha,drd_latency,SKT0C12,31,27.29589821710675,ns
correlation-fio-randwrite-cores1,pcm_cha,drd_latency,SKT0C12,32,27.181246708794102,ns
correlation-fio-randwrite-cores1,pcm_cha,drd_latency,SKT0C12,33,27.268239625167332,ns
correlation-fio-randwrite-cores1,pcm_cha,drd_latency,SKT0C12,34,27.2937925170068,ns
correlation-fio-randwrite-cores1,pcm_cha,drd_latency,SKT0C12,35,27.217255992583766,ns
correlation-fio-randwrite-cores1,pcm_cha,drd_latency,SKT0C12,36,27.17627665544332,ns
correlation-fio-randwrite-cores1,pcm_cha,drd_latency,SKT0C12,37,27.21682132861983,ns
correlation-fio-randwrite-cores1,pcm_cha,drd_latency,SKT0C12,38,27.24011557177616,ns
correlation-fio-randwrite-cores1,pcm_cha,drd_latency,SKT0C12,39,27.37157322795752,ns
correlation-fio-randwrite-cores1,pcm_cha,drd_latency,SKT0C12,40,27.005271695052716,ns
correlation-fio-randwrite-cores1,pcm_cha,drd_latency,SKT0C12,41,27.27042206295318,ns
correlation-fio-randwrite-cores1,pcm_cha,drd_latency,SKT0C12,42,27.24129615013593,ns
correlation-fio-randwrite-cores1,pcm_cha,drd_latency,SKT0C12,43,27.17122523940706,ns
correlation-fio-randwrite-cores1,pcm_cha,drd_latency,SKT0C12,44,27.330694391453644,ns
correlation-fio-randwrite-cores1,pcm_cha,drd_latency,SKT0C12,45,26.946312143439282,ns
correlation-fio-randwrite-cores1,pcm_cha,drd_latency,SKT0C12,46,27.142341040462426,ns
correlation-fio-randwrite-cores1,pcm_cha,drd_latency,SKT0C12,47,27.17381217520416,ns
correlation-fio-randwrite-cores1,pcm_cha,drd_latency,SKT0C12,48,27.244330813694976,ns
correlation-fio-randwrite-cores1,pcm_cha,drd_latency,SKT0C12,49,27.284471853257436,ns
correlation-fio-randwrite-cores1,pcm_cha,drd_latency,SKT0C12,50,27.072224050910684,ns
correlation-fio-randwrite-cores1,pcm_cha,drd_latency,SKT0C12,51,27.200254175744373,ns
correlation-fio-randwrite-cores1,pcm_cha,drd_latency,SKT0C12,52,27.016026992830028,ns
correlation-fio-randwrite-cores1,pcm_cha,drd_latency,SKT0C12,53,27.167562724014335,ns
correlation-fio-randwrite-cores1,pcm_cha,drd_latency,SKT0C12,54,26.954197724597883,ns
correlation-fio-randwrite-cores1,pcm_cha,drd_latency,SKT0C12,55,27.12143721800374,ns
correlation-fio-randwrite-cores1,pcm_cha,drd_latency,SKT0C12,56,27.059791913604634,ns
correlation-fio-randwrite-cores1,pcm_cha,drd_latency,SKT0C12,57,27.197828139754485,ns
correlation-fio-randwrite-cores1,pcm_cha,drd_latency,SKT0C12,58,27.071394460362942,ns
correlation-fio-randwrite-cores1,pcm_cha,drd_latency,SKT0C12,59,27.201894612196565,ns
correlation-fio-randwrite-cores1,pcm_cha,drd_latency,SKT0C13,0,27.63740276987289,ns
correlation-fio-randwrite-cores1,pcm_cha,drd_latency,SKT0C13,1,27.319584994378,ns
correlation-fio-randwrite-cores1,pcm_cha,drd_latency,SKT0C13,2,27.56544412211631,ns
correlation-fio-randwrite-cores1,pcm_cha,drd_latency,SKT0C13,3,27.52299382716049,ns
correlation-fio-randwrite-cores1,pcm_cha,drd_latency,SKT0C13,4,27.548442000523696,ns
correlation-fio-randwrite-cores1,pcm_cha,drd_latency,SKT0C13,5,27.627433090024333,ns
correlation-fio-randwrite-cores1,pcm_cha,drd_latency,SKT0C13,6,27.580149812734085,ns
correlation-fio-randwrite-cores1,pcm_cha,drd_latency,SKT0C13,7,27.48804707613093,ns
correlation-fio-randwrite-cores1,pcm_cha,drd_latency,SKT0C13,8,27.701568708042192,ns
correlation-fio-randwrite-cores1,pcm_cha,drd_latency,SKT0C13,9,27.558995627572013,ns
correlation-fio-randwrite-cores1,pcm_cha,drd_latency,SKT0C13,10,27.612403100775193,ns
correlation-fio-randwrite-cores1,pcm_cha,drd_latency,SKT0C13,11,27.562882764654415,ns
correlation-fio-randwrite-cores1,pcm_cha,drd_latency,SKT0C13,12,27.636707061639733,ns
correlation-fio-randwrite-cores1,pcm_cha,drd_latency,SKT0C13,13,27.608714334822963,ns
correlation-fio-randwrite-cores1,pcm_cha,drd_latency,SKT0C13,14,27.636096358118362,ns
correlation-fio-randwrite-cores1,pcm_cha,drd_latency,SKT0C13,15,27.520241093918674,ns
correlation-fio-randwrite-cores1,pcm_cha,drd_latency,SKT0C13,16,27.7338347164592,ns
correlation-fio-randwrite-cores1,pcm_cha,drd_latency,SKT0C13,17,27.04175536632961,ns
correlation-fio-randwrite-cores1,pcm_cha,drd_latency,SKT0C13,18,27.66109713738172,ns
correlation-fio-randwrite-cores1,pcm_cha,drd_latency,SKT0C13,19,27.59697081640192,ns
correlation-fio-randwrite-cores1,pcm_cha,drd_latency,SKT0C13,20,27.636333221813317,ns
correlation-fio-randwrite-cores1,pcm_cha,drd_latency,SKT0C13,21,27.64810667752443,ns
correlation-fio-randwrite-cores1,pcm_cha,drd_latency,SKT0C13,22,27.717792191275592,ns
correlation-fio-randwrite-cores1,pcm_cha,drd_latency,SKT0C13,23,27.560567734682405,ns
correlation-fio-randwrite-cores1,pcm_cha,drd_latency,SKT0C13,24,27.67543859649123,ns
correlation-fio-randwrite-cores1,pcm_cha,drd_latency,SKT0C13,25,27.62644406875176,ns
correlation-fio-randwrite-cores1,pcm_cha,drd_latency,SKT0C13,26,27.589058524173023,ns
correlation-fio-randwrite-cores1,pcm_cha,drd_latency,SKT0C13,27,27.628631216149678,ns
correlation-fio-randwrite-cores1,pcm_cha,drd_latency,SKT0C13,28,27.671984383414106,ns
correlation-fio-randwrite-cores1,pcm_cha,drd_latency,SKT0C13,29,27.66328828828829,ns
correlation-fio-randwrite-cores1,pcm_cha,drd_latency,SKT0C13,30,27.628217141429282,ns
correlation-fio-randwrite-cores1,pcm_cha,drd_latency,SKT0C13,31,27.64662273476112,ns
correlation-fio-randwrite-cores1,pcm_cha,drd_latency,SKT0C13,32,27.6074066874028,ns
correlation-fio-randwrite-cores1,pcm_cha,drd_latency,SKT0C13,33,27.668932230102442,ns
correlation-fio-randwrite-cores1,pcm_cha,drd_latency,SKT0C13,34,27.655317769131,ns
correlation-fio-randwrite-cores1,pcm_cha,drd_latency,SKT0C13,35,27.58655083655083,ns
correlation-fio-randwrite-cores1,pcm_cha,drd_latency,SKT0C13,36,27.585492050438592,ns
correlation-fio-randwrite-cores1,pcm_cha,drd_latency,SKT0C13,37,27.528526601055486,ns
correlation-fio-randwrite-cores1,pcm_cha,drd_latency,SKT0C13,38,27.59471671880431,ns
correlation-fio-randwrite-cores1,pcm_cha,drd_latency,SKT0C13,39,27.702726123480954,ns
correlation-fio-randwrite-cores1,pcm_cha,drd_latency,SKT0C13,40,27.340040801186944,ns
correlation-fio-randwrite-cores1,pcm_cha,drd_latency,SKT0C13,41,27.58178616505843,ns
correlation-fio-randwrite-cores1,pcm_cha,drd_latency,SKT0C13,42,27.596040189125294,ns
correlation-fio-randwrite-cores1,pcm_cha,drd_latency,SKT0C13,43,27.49793256997455,ns
correlation-fio-randwrite-cores1,pcm_cha,drd_latency,SKT0C13,44,27.698382613090722,ns
correlation-fio-randwrite-cores1,pcm_cha,drd_latency,SKT0C13,45,27.080301805443273,ns
correlation-fio-randwrite-cores1,pcm_cha,drd_latency,SKT0C13,46,27.40064219071853,ns
correlation-fio-randwrite-cores1,pcm_cha,drd_latency,SKT0C13,47,27.481360807796175,ns
correlation-fio-randwrite-cores1,pcm_cha,drd_latency,SKT0C13,48,27.58511806699616,ns
correlation-fio-randwrite-cores1,pcm_cha,drd_latency,SKT0C13,49,27.646388067061142,ns
correlation-fio-randwrite-cores1,pcm_cha,drd_latency,SKT0C13,50,27.38245172124265,ns
correlation-fio-randwrite-cores1,pcm_cha,drd_latency,SKT0C13,51,27.583333333333336,ns
correlation-fio-randwrite-cores1,pcm_cha,drd_latency,SKT0C13,52,27.40246788370521,ns
correlation-fio-randwrite-cores1,pcm_cha,drd_latency,SKT0C13,53,27.51553106212425,ns
correlation-fio-randwrite-cores1,pcm_cha,drd_latency,SKT0C13,54,27.30072463768116,ns
correlation-fio-randwrite-cores1,pcm_cha,drd_latency,SKT0C13,55,27.389924365207996,ns
correlation-fio-randwrite-cores1,pcm_cha,drd_latency,SKT0C13,56,27.349059662775613,ns
correlation-fio-randwrite-cores1,pcm_cha,drd_latency,SKT0C13,57,27.47301555376777,ns
correlation-fio-randwrite-cores1,pcm_cha,drd_latency,SKT0C13,58,27.36658621614374,ns
correlation-fio-randwrite-cores1,pcm_cha,drd_latency,SKT0C13,59,27.499130434782607,ns
correlation-fio-randwrite-cores1,pcm_cha,drd_latency,SKT0C14,0,27.67492116994672,ns
correlation-fio-randwrite-cores1,pcm_cha,drd_latency,SKT0C14,1,27.71204528582034,ns
correlation-fio-randwrite-cores1,pcm_cha,drd_latency,SKT0C14,2,27.63652289476864,ns
correlation-fio-randwrite-cores1,pcm_cha,drd_latency,SKT0C14,3,27.696406125014285,ns
correlation-fio-randwrite-cores1,pcm_cha,drd_latency,SKT0C14,4,27.66347758702909,ns
correlation-fio-randwrite-cores1,pcm_cha,drd_latency,SKT0C14,5,27.63815207780725,ns
correlation-fio-randwrite-cores1,pcm_cha,drd_latency,SKT0C14,6,27.603075476766048,ns
correlation-fio-randwrite-cores1,pcm_cha,drd_latency,SKT0C14,7,27.630550087489066,ns
correlation-fio-randwrite-cores1,pcm_cha,drd_latency,SKT0C14,8,27.65373831775701,ns
correlation-fio-randwrite-cores1,pcm_cha,drd_latency,SKT0C14,9,27.600251726964053,ns
correlation-fio-randwrite-cores1,pcm_cha,drd_latency,SKT0C14,10,27.616591539528432,ns
correlation-fio-randwrite-cores1,pcm_cha,drd_latency,SKT0C14,11,27.678008340962265,ns
correlation-fio-randwrite-cores1,pcm_cha,drd_latency,SKT0C14,12,27.5507457846952,ns
correlation-fio-randwrite-cores1,pcm_cha,drd_latency,SKT0C14,13,27.66716155284285,ns
correlation-fio-randwrite-cores1,pcm_cha,drd_latency,SKT0C14,14,27.647163753121657,ns
correlation-fio-randwrite-cores1,pcm_cha,drd_latency,SKT0C14,15,27.629809329247532,ns
correlation-fio-randwrite-cores1,pcm_cha,drd_latency,SKT0C14,16,27.738899879107592,ns
correlation-fio-randwrite-cores1,pcm_cha,drd_latency,SKT0C14,17,27.730708530608855,ns
correlation-fio-randwrite-cores1,pcm_cha,drd_latency,SKT0C14,18,27.655505705106904,ns
correlation-fio-randwrite-cores1,pcm_cha,drd_latency,SKT0C14,19,27.599076623078684,ns
correlation-fio-randwrite-cores1,pcm_cha,drd_latency,SKT0C14,20,27.69676647951757,ns
correlation-fio-randwrite-cores1,pcm_cha,drd_latency,SKT0C14,21,27.64482564679415,ns
correlation-fio-randwrite-cores1,pcm_cha,drd_latency,SKT0C14,22,27.739658273381295,ns
correlation-fio-randwrite-cores1,pcm_cha,drd_latency,SKT0C14,23,27.662206931702347,ns
correlation-fio-randwrite-cores1,pcm_cha,drd_latency,SKT0C14,24,27.677382249667033,ns
correlation-fio-randwrite-cores1,pcm_cha,drd_latency,SKT0C14,25,27.63399621212121,ns
correlation-fio-randwrite-cores1,pcm_cha,drd_latency,SKT0C14,26,27.67349726775956,ns
correlation-fio-randwrite-cores1,pcm_cha,drd_latency,SKT0C14,27,27.667256352524927,ns
correlation-fio-randwrite-cores1,pcm_cha,drd_latency,SKT0C14,28,27.68551658315438,ns
correlation-fio-randwrite-cores1,pcm_cha,drd_latency,SKT0C14,29,27.666304831885995,ns
correlation-fio-randwrite-cores1,pcm_cha,drd_latency,SKT0C14,30,27.62791027825099,ns
correlation-fio-randwrite-cores1,pcm_cha,drd_latency,SKT0C14,31,27.73170856325363,ns
correlation-fio-randwrite-cores1,pcm_cha,drd_latency,SKT0C14,32,27.62049994019854,ns
correlation-fio-randwrite-cores1,pcm_cha,drd_latency,SKT0C14,33,27.6875,ns
correlation-fio-randwrite-cores1,pcm_cha,drd_latency,SKT0C14,34,27.637757620634332,ns
correlation-fio-randwrite-cores1,pcm_cha,drd_latency,SKT0C14,35,27.637134608444605,ns
correlation-fio-randwrite-cores1,pcm_cha,drd_latency,SKT0C14,36,27.56957742882676,ns
correlation-fio-randwrite-cores1,pcm_cha,drd_latency,SKT0C14,37,27.607924021488873,ns
correlation-fio-randwrite-cores1,pcm_cha,drd_latency,SKT0C14,38,27.667928877181428,ns
correlation-fio-randwrite-cores1,pcm_cha,drd_latency,SKT0C14,39,27.902971747331247,ns
correlation-fio-randwrite-cores1,pcm_cha,drd_latency,SKT0C14,40,27.708145679457157,ns
correlation-fio-randwrite-cores1,pcm_cha,drd_latency,SKT0C14,41,27.8900510705166,ns
correlation-fio-randwrite-cores1,pcm_cha,drd_latency,SKT0C14,42,27.659435178470712,ns
correlation-fio-randwrite-cores1,pcm_cha,drd_latency,SKT0C14,43,27.619458837075417,ns
correlation-fio-randwrite-cores1,pcm_cha,drd_latency,SKT0C14,44,27.682532875929102,ns
correlation-fio-randwrite-cores1,pcm_cha,drd_latency,SKT0C14,45,27.645924441205054,ns
correlation-fio-randwrite-cores1,pcm_cha,drd_latency,SKT0C14,46,27.747068676716918,ns
correlation-fio-randwrite-cores1,pcm_cha,drd_latency,SKT0C14,47,27.616171509413427,ns
correlation-fio-randwrite-cores1,pcm_cha,drd_latency,SKT0C14,48,27.650618258353067,ns
correlation-fio-randwrite-cores1,pcm_cha,drd_latency,SKT0C14,49,27.654183766529872,ns
correlation-fio-randwrite-cores1,pcm_cha,drd_latency,SKT0C14,50,27.655721393034824,ns
correlation-fio-randwrite-cores1,pcm_cha,drd_latency,SKT0C14,51,27.586825217063044,ns
correlation-fio-randwrite-cores1,pcm_cha,drd_latency,SKT0C14,52,27.57096814181232,ns
correlation-fio-randwrite-cores1,pcm_cha,drd_latency,SKT0C14,53,27.662482697873415,ns
correlation-fio-randwrite-cores1,pcm_cha,drd_latency,SKT0C14,54,27.596041227453735,ns
correlation-fio-randwrite-cores1,pcm_cha,drd_latency,SKT0C14,55,27.64184127948173,ns
correlation-fio-randwrite-cores1,pcm_cha,drd_latency,SKT0C14,56,27.650442735640222,ns
correlation-fio-randwrite-cores1,pcm_cha,drd_latency,SKT0C14,57,27.61510550067081,ns
correlation-fio-randwrite-cores1,pcm_cha,drd_latency,SKT0C14,58,27.63958036984353,ns
correlation-fio-randwrite-cores1,pcm_cha,drd_latency,SKT0C14,59,27.6502429235319,ns
correlation-fio-randwrite-cores1,pcm_cha,drd_latency,SKT0C15,0,29.183230150972086,ns
correlation-fio-randwrite-cores1,pcm_cha,drd_latency,SKT0C15,1,29.062978927203066,ns
correlation-fio-randwrite-cores1,pcm_cha,drd_latency,SKT0C15,2,28.910092883307172,ns
correlation-fio-randwrite-cores1,pcm_cha,drd_latency,SKT0C15,3,28.99925194494315,ns
correlation-fio-randwrite-cores1,pcm_cha,drd_latency,SKT0C15,4,28.960053803803802,ns
correlation-fio-randwrite-cores1,pcm_cha,drd_latency,SKT0C15,5,28.664098476797733,ns
correlation-fio-randwrite-cores1,pcm_cha,drd_latency,SKT0C15,6,28.93763440860215,ns
correlation-fio-randwrite-cores1,pcm_cha,drd_latency,SKT0C15,7,28.9074587230112,ns
correlation-fio-randwrite-cores1,pcm_cha,drd_latency,SKT0C15,8,28.97286448298009,ns
correlation-fio-randwrite-cores1,pcm_cha,drd_latency,SKT0C15,9,28.993211961961965,ns
correlation-fio-randwrite-cores1,pcm_cha,drd_latency,SKT0C15,10,29.046569509415853,ns
correlation-fio-randwrite-cores1,pcm_cha,drd_latency,SKT0C15,11,28.80362907424763,ns
correlation-fio-randwrite-cores1,pcm_cha,drd_latency,SKT0C15,12,28.984925474254737,ns
correlation-fio-randwrite-cores1,pcm_cha,drd_latency,SKT0C15,13,29.01220188574598,ns
correlation-fio-randwrite-cores1,pcm_cha,drd_latency,SKT0C15,14,29.04395503133063,ns
correlation-fio-randwrite-cores1,pcm_cha,drd_latency,SKT0C15,15,29.017064846416382,ns
correlation-fio-randwrite-cores1,pcm_cha,drd_latency,SKT0C15,16,28.842436027505354,ns
correlation-fio-randwrite-cores1,pcm_cha,drd_latency,SKT0C15,17,29.09074498810737,ns
correlation-fio-randwrite-cores1,pcm_cha,drd_latency,SKT0C15,18,29.06404934855298,ns
correlation-fio-randwrite-cores1,pcm_cha,drd_latency,SKT0C15,19,28.992918017044772,ns
correlation-fio-randwrite-cores1,pcm_cha,drd_latency,SKT0C15,20,29.072865687873843,ns
correlation-fio-randwrite-cores1,pcm_cha,drd_latency,SKT0C15,21,29.004721341785523,ns
correlation-fio-randwrite-cores1,pcm_cha,drd_latency,SKT0C15,22,28.76441961067051,ns
correlation-fio-randwrite-cores1,pcm_cha,drd_latency,SKT0C15,23,28.993779878313777,ns
correlation-fio-randwrite-cores1,pcm_cha,drd_latency,SKT0C15,24,29.069176319176314,ns
correlation-fio-randwrite-cores1,pcm_cha,drd_latency,SKT0C15,25,29.03872958980486,ns
correlation-fio-randwrite-cores1,pcm_cha,drd_latency,SKT0C15,26,28.975600309837336,ns
correlation-fio-randwrite-cores1,pcm_cha,drd_latency,SKT0C15,27,28.778111385847165,ns
correlation-fio-randwrite-cores1,pcm_cha,drd_latency,SKT0C15,28,29.08516943692823,ns
correlation-fio-randwrite-cores1,pcm_cha,drd_latency,SKT0C15,29,29.0580336560627,ns
correlation-fio-randwrite-cores1,pcm_cha,drd_latency,SKT0C15,30,29.05249736194161,ns
correlation-fio-randwrite-cores1,pcm_cha,drd_latency,SKT0C15,31,29.168799317551713,ns
correlation-fio-randwrite-cores1,pcm_cha,drd_latency,SKT0C15,32,29.08785863809876,ns
correlation-fio-randwrite-cores1,pcm_cha,drd_latency,SKT0C15,33,28.991641993585002,ns
correlation-fio-randwrite-cores1,pcm_cha,drd_latency,SKT0C15,34,29.121463714637148,ns
correlation-fio-randwrite-cores1,pcm_cha,drd_latency,SKT0C15,35,29.035169915042477,ns
correlation-fio-randwrite-cores1,pcm_cha,drd_latency,SKT0C15,36,29.023074993729626,ns
correlation-fio-randwrite-cores1,pcm_cha,drd_latency,SKT0C15,37,29.080685170286937,ns
correlation-fio-randwrite-cores1,pcm_cha,drd_latency,SKT0C15,38,28.908604831560282,ns
correlation-fio-randwrite-cores1,pcm_cha,drd_latency,SKT0C15,39,29.273260542474887,ns
correlation-fio-randwrite-cores1,pcm_cha,drd_latency,SKT0C15,40,29.14967085025225,ns
correlation-fio-randwrite-cores1,pcm_cha,drd_latency,SKT0C15,41,29.246552355381986,ns
correlation-fio-randwrite-cores1,pcm_cha,drd_latency,SKT0C15,42,29.152988477161568,ns
correlation-fio-randwrite-cores1,pcm_cha,drd_latency,SKT0C15,43,29.053998997116707,ns
correlation-fio-randwrite-cores1,pcm_cha,drd_latency,SKT0C15,44,28.762259143879078,ns
correlation-fio-randwrite-cores1,pcm_cha,drd_latency,SKT0C15,45,29.01623006833713,ns
correlation-fio-randwrite-cores1,pcm_cha,drd_latency,SKT0C15,46,29.185999538319486,ns
correlation-fio-randwrite-cores1,pcm_cha,drd_latency,SKT0C15,47,29.08205725699068,ns
correlation-fio-randwrite-cores1,pcm_cha,drd_latency,SKT0C15,48,29.062581699346403,ns
correlation-fio-randwrite-cores1,pcm_cha,drd_latency,SKT0C15,49,28.84504744958482,ns
correlation-fio-randwrite-cores1,pcm_cha,drd_latency,SKT0C15,50,29.18560606060606,ns
correlation-fio-randwrite-cores1,pcm_cha,drd_latency,SKT0C15,51,29.060800706905926,ns
correlation-fio-randwrite-cores1,pcm_cha,drd_latency,SKT0C15,52,29.088411907499676,ns
correlation-fio-randwrite-cores1,pcm_cha,drd_latency,SKT0C15,53,29.182221339687587,ns
correlation-fio-randwrite-cores1,pcm_cha,drd_latency,SKT0C15,54,29.1333775085195,ns
correlation-fio-randwrite-cores1,pcm_cha,drd_latency,SKT0C15,55,28.966854535695113,ns
correlation-fio-randwrite-cores1,pcm_cha,drd_latency,SKT0C15,56,29.06624251497006,ns
correlation-fio-randwrite-cores1,pcm_cha,drd_latency,SKT0C15,57,29.11324786324786,ns
correlation-fio-randwrite-cores1,pcm_cha,drd_latency,SKT0C15,58,29.095627901141636,ns
correlation-fio-randwrite-cores1,pcm_cha,drd_latency,SKT0C15,59,29.124820461827422,ns
correlation-fio-randwrite-cores1,pcm_imc,rpq_occ_agg,SKT0CHAN0,0,21413414.0,occupancy_cycles
correlation-fio-randwrite-cores1,pcm_imc,rpq_occ_agg,SKT0CHAN0,1,21138680.0,occupancy_cycles
correlation-fio-randwrite-cores1,pcm_imc,rpq_occ_agg,SKT0CHAN0,2,21010143.0,occupancy_cycles
correlation-fio-randwrite-cores1,pcm_imc,rpq_occ_agg,SKT0CHAN0,3,20489225.0,occupancy_cycles
correlation-fio-randwrite-cores1,pcm_imc,rpq_occ_agg,SKT0CHAN0,4,20965157.0,occupancy_cycles
correlation-fio-randwrite-cores1,pcm_imc,rpq_occ_agg,SKT0CHAN0,5,20764013.0,occupancy_cycles
correlation-fio-randwrite-cores1,pcm_imc,rpq_occ_agg,SKT0CHAN0,6,21230055.0,occupancy_cycles
correlation-fio-randwrite-cores1,pcm_imc,rpq_occ_agg,SKT0CHAN0,7,20209601.0,occupancy_cycles
correlation-fio-randwrite-cores1,pcm_imc,rpq_occ_agg,SKT0CHAN0,8,20977948.0,occupancy_cycles
correlation-fio-randwrite-cores1,pcm_imc,rpq_occ_agg,SKT0CHAN0,9,20720110.0,occupancy_cycles
correlation-fio-randwrite-cores1,pcm_imc,rpq_occ_agg,SKT0CHAN0,10,20661857.0,occupancy_cycles
correlation-fio-randwrite-cores1,pcm_imc,rpq_occ_agg,SKT0CHAN0,11,20964712.0,occupancy_cycles
correlation-fio-randwrite-cores1,pcm_imc,rpq_occ_agg,SKT0CHAN0,12,20599774.0,occupancy_cycles
correlation-fio-randwrite-cores1,pcm_imc,rpq_occ_agg,SKT0CHAN0,13,22907660.0,occupancy_cycles
correlation-fio-randwrite-cores1,pcm_imc,rpq_occ_agg,SKT0CHAN0,14,20588108.0,occupancy_cycles
correlation-fio-randwrite-cores1,pcm_imc,rpq_occ_agg,SKT0CHAN0,15,21148190.0,occupancy_cycles
correlation-fio-randwrite-cores1,pcm_imc,rpq_occ_agg,SKT0CHAN0,16,20550784.0,occupancy_cycles
correlation-fio-randwrite-cores1,pcm_imc,rpq_occ_agg,SKT0CHAN0,17,21819629.0,occupancy_cycles
correlation-fio-randwrite-cores1,pcm_imc,rpq_occ_agg,SKT0CHAN0,18,20366037.0,occupancy_cycles
correlation-fio-randwrite-cores1,pcm_imc,rpq_occ_agg,SKT0CHAN0,19,21264520.0,occupancy_cycles
correlation-fio-randwrite-cores1,pcm_imc,rpq_occ_agg,SKT0CHAN0,20,20746662.0,occupancy_cycles
correlation-fio-randwrite-cores1,pcm_imc,rpq_occ_agg,SKT0CHAN0,21,20709265.0,occupancy_cycles
correlation-fio-randwrite-cores1,pcm_imc,rpq_occ_agg,SKT0CHAN0,22,21120685.0,occupancy_cycles
correlation-fio-randwrite-cores1,pcm_imc,rpq_occ_agg,SKT0CHAN0,23,20501773.0,occupancy_cycles
correlation-fio-randwrite-cores1,pcm_imc,rpq_occ_agg,SKT0CHAN0,24,20888678.0,occupancy_cycles
correlation-fio-randwrite-cores1,pcm_imc,rpq_occ_agg,SKT0CHAN0,25,20549454.0,occupancy_cycles
correlation-fio-randwrite-cores1,pcm_imc,rpq_occ_agg,SKT0CHAN0,26,20986413.0,occupancy_cycles
correlation-fio-randwrite-cores1,pcm_imc,rpq_occ_agg,SKT0CHAN0,27,20585500.0,occupancy_cycles
correlation-fio-randwrite-cores1,pcm_imc,rpq_occ_agg,SKT0CHAN0,28,21336845.0,occupancy_cycles
correlation-fio-randwrite-cores1,pcm_imc,rpq_occ_agg,SKT0CHAN0,29,19974170.0,occupancy_cycles
correlation-fio-randwrite-cores1,pcm_imc,rpq_occ_agg,SKT0CHAN0,30,21076005.0,occupancy_cycles
correlation-fio-randwrite-cores1,pcm_imc,rpq_occ_agg,SKT0CHAN0,31,20608765.0,occupancy_cycles
correlation-fio-randwrite-cores1,pcm_imc,rpq_occ_agg,SKT0CHAN0,32,20723333.0,occupancy_cycles
correlation-fio-randwrite-cores1,pcm_imc,rpq_occ_agg,SKT0CHAN0,33,20925739.0,occupancy_cycles
correlation-fio-randwrite-cores1,pcm_imc,rpq_occ_agg,SKT0CHAN0,34,21313903.0,occupancy_cycles
correlation-fio-randwrite-cores1,pcm_imc,rpq_occ_agg,SKT0CHAN0,35,20073750.0,occupancy_cycles
correlation-fio-randwrite-cores1,pcm_imc,rpq_occ_agg,SKT0CHAN0,36,21080615.0,occupancy_cycles
correlation-fio-randwrite-cores1,pcm_imc,rpq_occ_agg,SKT0CHAN0,37,20536280.0,occupancy_cycles
correlation-fio-randwrite-cores1,pcm_imc,rpq_occ_agg,SKT0CHAN0,38,21065014.0,occupancy_cycles
correlation-fio-randwrite-cores1,pcm_imc,rpq_occ_agg,SKT0CHAN0,39,21160498.0,occupancy_cycles
correlation-fio-randwrite-cores1,pcm_imc,rpq_occ_agg,SKT0CHAN0,40,20248358.0,occupancy_cycles
correlation-fio-randwrite-cores1,pcm_imc,rpq_occ_agg,SKT0CHAN0,41,20954893.0,occupancy_cycles
correlation-fio-randwrite-cores1,pcm_imc,rpq_occ_agg,SKT0CHAN0,42,20469855.0,occupancy_cycles
correlation-fio-randwrite-cores1,pcm_imc,rpq_occ_agg,SKT0CHAN0,43,20595304.0,occupancy_cycles
correlation-fio-randwrite-cores1,pcm_imc,rpq_occ_agg,SKT0CHAN0,44,20830798.0,occupancy_cycles
correlation-fio-randwrite-cores1,pcm_imc,rpq_occ_agg,SKT0CHAN0,45,21098771.0,occupancy_cycles
correlation-fio-randwrite-cores1,pcm_imc,rpq_occ_agg,SKT0CHAN0,46,20641493.0,occupancy_cycles
correlation-fio-randwrite-cores1,pcm_imc,rpq_occ_agg,SKT0CHAN0,47,21174617.0,occupancy_cycles
correlation-fio-randwrite-cores1,pcm_imc,rpq_occ_agg,SKT0CHAN0,48,20870759.0,occupancy_cycles
correlation-fio-randwrite-cores1,pcm_imc,rpq_occ_agg,SKT0CHAN0,49,21250100.0,occupancy_cycles
correlation-fio-randwrite-cores1,pcm_imc,rpq_occ_agg,SKT0CHAN0,50,20175701.0,occupancy_cycles
correlation-fio-randwrite-cores1,pcm_imc,rpq_occ_agg,SKT0CHAN0,51,21038075.0,occupancy_cycles
correlation-fio-randwrite-cores1,pcm_imc,rpq_occ_agg,SKT0CHAN0,52,20577553.0,occupancy_cycles
correlation-fio-randwrite-cores1,pcm_imc,rpq_occ_agg,SKT0CHAN0,53,20668265.0,occupancy_cycles
correlation-fio-randwrite-cores1,pcm_imc,rpq_occ_agg,SKT0CHAN0,54,20942291.0,occupancy_cycles
correlation-fio-randwrite-cores1,pcm_imc,rpq_occ_agg,SKT0CHAN0,55,20729194.0,occupancy_cycles
correlation-fio-randwrite-cores1,pcm_imc,rpq_occ_agg,SKT0CHAN0,56,21056880.0,occupancy_cycles
correlation-fio-randwrite-cores1,pcm_imc,rpq_occ_agg,SKT0CHAN0,57,20290591.0,occupancy_cycles
correlation-fio-randwrite-cores1,pcm_imc,rpq_occ_agg,SKT0CHAN0,58,20822457.0,occupancy_cycles
correlation-fio-randwrite-cores1,pcm_imc,rpq_occ_agg,SKT0CHAN0,59,20566509.0,occupancy_cycles
correlation-fio-randwrite-cores1,pcm_imc,rpq_occ_agg,SKT0CHAN1,0,21585095.0,occupancy_cycles
correlation-fio-randwrite-cores1,pcm_imc,rpq_occ_agg,SKT0CHAN1,1,21294439.0,occupancy_cycles
correlation-fio-randwrite-cores1,pcm_imc,rpq_occ_agg,SKT0CHAN1,2,21117630.0,occupancy_cycles
correlation-fio-randwrite-cores1,pcm_imc,rpq_occ_agg,SKT0CHAN1,3,20817165.0,occupancy_cycles
correlation-fio-randwrite-cores1,pcm_imc,rpq_occ_agg,SKT0CHAN1,4,21312037.0,occupancy_cycles
correlation-fio-randwrite-cores1,pcm_imc,rpq_occ_agg,SKT0CHAN1,5,20900076.0,occupancy_cycles
correlation-fio-randwrite-cores1,pcm_imc,rpq_occ_agg,SKT0CHAN1,6,21519663.0,occupancy_cycles
correlation-fio-randwrite-cores1,pcm_imc,rpq_occ_agg,SKT0CHAN1,7,20423703.0,occupancy_cycles
correlation-fio-randwrite-cores1,pcm_imc,rpq_occ_agg,SKT0CHAN1,8,21124397.0,occupancy_cycles
correlation-fio-randwrite-cores1,pcm_imc,rpq_occ_agg,SKT0CHAN1,9,21162200.0,occupancy_cycles
correlation-fio-randwrite-cores1,pcm_imc,rpq_occ_agg,SKT0CHAN1,10,21128455.0,occupancy_cycles
correlation-fio-randwrite-cores1,pcm_imc,rpq_occ_agg,SKT0CHAN1,11,21240315.0,occupancy_cycles
correlation-fio-randwrite-cores1,pcm_imc,rpq_occ_agg,SKT0CHAN1,12,20976130.0,occupancy_cycles
correlation-fio-randwrite-cores1,pcm_imc,rpq_occ_agg,SKT0CHAN1,13,22813697.0,occupancy_cycles
correlation-fio-randwrite-cores1,pcm_imc,rpq_occ_agg,SKT0CHAN1,14,20580789.0,occupancy_cycles
correlation-fio-randwrite-cores1,pcm_imc,rpq_occ_agg,SKT0CHAN1,15,21022928.0,occupancy_cycles
correlation-fio-randwrite-cores1,pcm_imc,rpq_occ_agg,SKT0CHAN1,16,20609509.0,occupancy_cycles
correlation-fio-randwrite-cores1,pcm_imc,rpq_occ_agg,SKT0CHAN1,17,21862509.0,occupancy_cycles
correlation-fio-randwrite-cores1,pcm_imc,rpq_occ_agg,SKT0CHAN1,18,20423997.0,occupancy_cycles
correlation-fio-randwrite-cores1,pcm_imc,rpq_occ_agg,SKT0CHAN1,19,21315390.0,occupancy_cycles
correlation-fio-randwrite-cores1,pcm_imc,rpq_occ_agg,SKT0CHAN1,20,20944244.0,occupancy_cycles
correlation-fio-randwrite-cores1,pcm_imc,rpq_occ_agg,SKT0CHAN1,21,21088496.0,occupancy_cycles
correlation-fio-randwrite-cores1,pcm_imc,rpq_occ_agg,SKT0CHAN1,22,21196291.0,occupancy_cycles
correlation-fio-randwrite-cores1,pcm_imc,rpq_occ_agg,SKT0CHAN1,23,20713968.0,occupancy_cycles
correlation-fio-randwrite-cores1,pcm_imc,rpq_occ_agg,SKT0CHAN1,24,21106757.0,occupancy_cycles
correlation-fio-randwrite-cores1,pcm_imc,rpq_occ_agg,SKT0CHAN1,25,20775577.0,occupancy_cycles
correlation-fio-randwrite-cores1,pcm_imc,rpq_occ_agg,SKT0CHAN1,26,21235627.0,occupancy_cycles
correlation-fio-randwrite-cores1,pcm_imc,rpq_occ_agg,SKT0CHAN1,27,20889227.0,occupancy_cycles
correlation-fio-randwrite-cores1,pcm_imc,rpq_occ_agg,SKT0CHAN1,28,21555527.0,occupancy_cycles
correlation-fio-randwrite-cores1,pcm_imc,rpq_occ_agg,SKT0CHAN1,29,20268906.0,occupancy_cycles
correlation-fio-randwrite-cores1,pcm_imc,rpq_occ_agg,SKT0CHAN1,30,21296537.0,occupancy_cycles
correlation-fio-randwrite-cores1,pcm_imc,rpq_occ_agg,SKT0CHAN1,31,20915772.0,occupancy_cycles
correlation-fio-randwrite-cores1,pcm_imc,rpq_occ_agg,SKT0CHAN1,32,20953272.0,occupancy_cycles
correlation-fio-randwrite-cores1,pcm_imc,rpq_occ_agg,SKT0CHAN1,33,21074038.0,occupancy_cycles
correlation-fio-randwrite-cores1,pcm_imc,rpq_occ_agg,SKT0CHAN1,34,21518197.0,occupancy_cycles
correlation-fio-randwrite-cores1,pcm_imc,rpq_occ_agg,SKT0CHAN1,35,20299328.0,occupancy_cycles
correlation-fio-randwrite-cores1,pcm_imc,rpq_occ_agg,SKT0CHAN1,36,21526293.0,occupancy_cycles
correlation-fio-randwrite-cores1,pcm_imc,rpq_occ_agg,SKT0CHAN1,37,20918562.0,occupancy_cycles
correlation-fio-randwrite-cores1,pcm_imc,rpq_occ_agg,SKT0CHAN1,38,21482659.0,occupancy_cycles
correlation-fio-randwrite-cores1,pcm_imc,rpq_occ_agg,SKT0CHAN1,39,21489294.0,occupancy_cycles
correlation-fio-randwrite-cores1,pcm_imc,rpq_occ_agg,SKT0CHAN1,40,20674536.0,occupancy_cycles
correlation-fio-randwrite-cores1,pcm_imc,rpq_occ_agg,SKT0CHAN1,41,21325111.0,occupancy_cycles
correlation-fio-randwrite-cores1,pcm_imc,rpq_occ_agg,SKT0CHAN1,42,20857723.0,occupancy_cycles
correlation-fio-randwrite-cores1,pcm_imc,rpq_occ_agg,SKT0CHAN1,43,20960170.0,occupancy_cycles
correlation-fio-randwrite-cores1,pcm_imc,rpq_occ_agg,SKT0CHAN1,44,21239405.0,occupancy_cycles
correlation-fio-randwrite-cores1,pcm_imc,rpq_occ_agg,SKT0CHAN1,45,21404326.0,occupancy_cycles
correlation-fio-randwrite-cores1,pcm_imc,rpq_occ_agg,SKT0CHAN1,46,20926343.0,occupancy_cycles
correlation-fio-randwrite-cores1,pcm_imc,rpq_occ_agg,SKT0CHAN1,47,21554009.0,occupancy_cycles
correlation-fio-randwrite-cores1,pcm_imc,rpq_occ_agg,SKT0CHAN1,48,21037483.0,occupancy_cycles
correlation-fio-randwrite-cores1,pcm_imc,rpq_occ_agg,SKT0CHAN1,49,21495063.0,occupancy_cycles
correlation-fio-randwrite-cores1,pcm_imc,rpq_occ_agg,SKT0CHAN1,50,20600330.0,occupancy_cycles
correlation-fio-randwrite-cores1,pcm_imc,rpq_occ_agg,SKT0CHAN1,51,21286030.0,occupancy_cycles
correlation-fio-randwrite-cores1,pcm_imc,rpq_occ_agg,SKT0CHAN1,52,21002073.0,occupancy_cycles
correlation-fio-randwrite-cores1,pcm_imc,rpq_occ_agg,SKT0CHAN1,53,20897513.0,occupancy_cycles
correlation-fio-randwrite-cores1,pcm_imc,rpq_occ_agg,SKT0CHAN1,54,21147777.0,occupancy_cycles
correlation-fio-randwrite-cores1,pcm_imc,rpq_occ_agg,SKT0CHAN1,55,20960679.0,occupancy_cycles
correlation-fio-randwrite-cores1,pcm_imc,rpq_occ_agg,SKT0CHAN1,56,21294136.0,occupancy_cycles
correlation-fio-randwrite-cores1,pcm_imc,rpq_occ_agg,SKT0CHAN1,57,20847869.0,occupancy_cycles
correlation-fio-randwrite-cores1,pcm_imc,rpq_occ_agg,SKT0CHAN1,58,21270892.0,occupancy_cycles
correlation-fio-randwrite-cores1,pcm_imc,rpq_occ_agg,SKT0CHAN1,59,20949343.0,occupancy_cycles
correlation-fio-randwrite-cores1,pcm_imc,rpq_occ_agg,SKT0CHAN2,0,21359593.0,occupancy_cycles
correlation-fio-randwrite-cores1,pcm_imc,rpq_occ_agg,SKT0CHAN2,1,21063718.0,occupancy_cycles
correlation-fio-randwrite-cores1,pcm_imc,rpq_occ_agg,SKT0CHAN2,2,20964788.0,occupancy_cycles
correlation-fio-randwrite-cores1,pcm_imc,rpq_occ_agg,SKT0CHAN2,3,20564923.0,occupancy_cycles
correlation-fio-randwrite-cores1,pcm_imc,rpq_occ_agg,SKT0CHAN2,4,20943198.0,occupancy_cycles
correlation-fio-randwrite-cores1,pcm_imc,rpq_occ_agg,SKT0CHAN2,5,20621142.0,occupancy_cycles
correlation-fio-randwrite-cores1,pcm_imc,rpq_occ_agg,SKT0CHAN2,6,21355215.0,occupancy_cycles
correlation-fio-randwrite-cores1,pcm_imc,rpq_occ_agg,SKT0CHAN2,7,20221561.0,occupancy_cycles
correlation-fio-randwrite-cores1,pcm_imc,rpq_occ_agg,SKT0CHAN2,8,20955318.0,occupancy_cycles
correlation-fio-randwrite-cores1,pcm_imc,rpq_occ_agg,SKT0CHAN2,9,20851484.0,occupancy_cycles
correlation-fio-randwrite-cores1,pcm_imc,rpq_occ_agg,SKT0CHAN2,10,20802375.0,occupancy_cycles
correlation-fio-randwrite-cores1,pcm_imc,rpq_occ_agg,SKT0CHAN2,11,20960011.0,occupancy_cycles
correlation-fio-randwrite-cores1,pcm_imc,rpq_occ_agg,SKT0CHAN2,12,20611669.0,occupancy_cycles
correlation-fio-randwrite-cores1,pcm_imc,rpq_occ_agg,SKT0CHAN2,13,22721637.0,occupancy_cycles
correlation-fio-randwrite-cores1,pcm_imc,rpq_occ_agg,SKT0CHAN2,14,20548506.0,occupancy_cycles
correlation-fio-randwrite-cores1,pcm_imc,rpq_occ_agg,SKT0CHAN2,15,21128538.0,occupancy_cycles
correlation-fio-randwrite-cores1,pcm_imc,rpq_occ_agg,SKT0CHAN2,16,20553412.0,occupancy_cycles
correlation-fio-randwrite-cores1,pcm_imc,rpq_occ_agg,SKT0CHAN2,17,21720867.0,occupancy_cycles
correlation-fio-randwrite-cores1,pcm_imc,rpq_occ_agg,SKT0CHAN2,18,20411047.0,occupancy_cycles
correlation-fio-randwrite-cores1,pcm_imc,rpq_occ_agg,SKT0CHAN2,19,21170163.0,occupancy_cycles
correlation-fio-randwrite-cores1,pcm_imc,rpq_occ_agg,SKT0CHAN2,20,20808253.0,occupancy_cycles
correlation-fio-randwrite-cores1,pcm_imc,rpq_occ_agg,SKT0CHAN2,21,20945809.0,occupancy_cycles
correlation-fio-randwrite-cores1,pcm_imc,rpq_occ_agg,SKT0CHAN2,22,21106919.0,occupancy_cycles
correlation-fio-randwrite-cores1,pcm_imc,rpq_occ_agg,SKT0CHAN2,23,20412891.0,occupancy_cycles
correlation-fio-randwrite-cores1,pcm_imc,rpq_occ_agg,SKT0CHAN2,24,20989673.0,occupancy_cycles
correlation-fio-randwrite-cores1,pcm_imc,rpq_occ_agg,SKT0CHAN2,25,20645517.0,occupancy_cycles
correlation-fio-randwrite-cores1,pcm_imc,rpq_occ_agg,SKT0CHAN2,26,20928236.0,occupancy_cycles
correlation-fio-randwrite-cores1,pcm_imc,rpq_occ_agg,SKT0CHAN2,27,20606000.0,occupancy_cycles
correlation-fio-randwrite-cores1,pcm_imc,rpq_occ_agg,SKT0CHAN2,28,21241063.0,occupancy_cycles
correlation-fio-randwrite-cores1,pcm_imc,rpq_occ_agg,SKT0CHAN2,29,20043838.0,occupancy_cycles
correlation-fio-randwrite-cores1,pcm_imc,rpq_occ_agg,SKT0CHAN2,30,21022331.0,occupancy_cycles
correlation-fio-randwrite-cores1,pcm_imc,rpq_occ_agg,SKT0CHAN2,31,20644089.0,occupancy_cycles
correlation-fio-randwrite-cores1,pcm_imc,rpq_occ_agg,SKT0CHAN2,32,20701689.0,occupancy_cycles
correlation-fio-randwrite-cores1,pcm_imc,rpq_occ_agg,SKT0CHAN2,33,20910045.0,occupancy_cycles
correlation-fio-randwrite-cores1,pcm_imc,rpq_occ_agg,SKT0CHAN2,34,21331308.0,occupancy_cycles
correlation-fio-randwrite-cores1,pcm_imc,rpq_occ_agg,SKT0CHAN2,35,20010337.0,occupancy_cycles
correlation-fio-randwrite-cores1,pcm_imc,rpq_occ_agg,SKT0CHAN2,36,21224185.0,occupancy_cycles
correlation-fio-randwrite-cores1,pcm_imc,rpq_occ_agg,SKT0CHAN2,37,20610219.0,occupancy_cycles
correlation-fio-randwrite-cores1,pcm_imc,rpq_occ_agg,SKT0CHAN2,38,21095028.0,occupancy_cycles
correlation-fio-randwrite-cores1,pcm_imc,rpq_occ_agg,SKT0CHAN2,39,21215435.0,occupancy_cycles
correlation-fio-randwrite-cores1,pcm_imc,rpq_occ_agg,SKT0CHAN2,40,20265809.0,occupancy_cycles
correlation-fio-randwrite-cores1,pcm_imc,rpq_occ_agg,SKT0CHAN2,41,21010692.0,occupancy_cycles
correlation-fio-randwrite-cores1,pcm_imc,rpq_occ_agg,SKT0CHAN2,42,20482231.0,occupancy_cycles
correlation-fio-randwrite-cores1,pcm_imc,rpq_occ_agg,SKT0CHAN2,43,20463046.0,occupancy_cycles
correlation-fio-randwrite-cores1,pcm_imc,rpq_occ_agg,SKT0CHAN2,44,20831556.0,occupancy_cycles
correlation-fio-randwrite-cores1,pcm_imc,rpq_occ_agg,SKT0CHAN2,45,21112671.0,occupancy_cycles
correlation-fio-randwrite-cores1,pcm_imc,rpq_occ_agg,SKT0CHAN2,46,20614406.0,occupancy_cycles
correlation-fio-randwrite-cores1,pcm_imc,rpq_occ_agg,SKT0CHAN2,47,21222096.0,occupancy_cycles
correlation-fio-randwrite-cores1,pcm_imc,rpq_occ_agg,SKT0CHAN2,48,20758734.0,occupancy_cycles
correlation-fio-randwrite-cores1,pcm_imc,rpq_occ_agg,SKT0CHAN2,49,21250871.0,occupancy_cycles
correlation-fio-randwrite-cores1,pcm_imc,rpq_occ_agg,SKT0CHAN2,50,20330183.0,occupancy_cycles
correlation-fio-randwrite-cores1,pcm_imc,rpq_occ_agg,SKT0CHAN2,51,20926825.0,occupancy_cycles
correlation-fio-randwrite-cores1,pcm_imc,rpq_occ_agg,SKT0CHAN2,52,20759341.0,occupancy_cycles
correlation-fio-randwrite-cores1,pcm_imc,rpq_occ_agg,SKT0CHAN2,53,20637944.0,occupancy_cycles
correlation-fio-randwrite-cores1,pcm_imc,rpq_occ_agg,SKT0CHAN2,54,20835828.0,occupancy_cycles
correlation-fio-randwrite-cores1,pcm_imc,rpq_occ_agg,SKT0CHAN2,55,20631495.0,occupancy_cycles
correlation-fio-randwrite-cores1,pcm_imc,rpq_occ_agg,SKT0CHAN2,56,20959665.0,occupancy_cycles
correlation-fio-randwrite-cores1,pcm_imc,rpq_occ_agg,SKT0CHAN2,57,20377639.0,occupancy_cycles
correlation-fio-randwrite-cores1,pcm_imc,rpq_occ_agg,SKT0CHAN2,58,20932868.0,occupancy_cycles
correlation-fio-randwrite-cores1,pcm_imc,rpq_occ_agg,SKT0CHAN2,59,20479552.0,occupancy_cycles
correlation-fio-randwrite-cores1,pcm_imc,rpq_occ_agg,SKT0CHAN3,0,21606916.0,occupancy_cycles
correlation-fio-randwrite-cores1,pcm_imc,rpq_occ_agg,SKT0CHAN3,1,21231469.0,occupancy_cycles
correlation-fio-randwrite-cores1,pcm_imc,rpq_occ_agg,SKT0CHAN3,2,21070572.0,occupancy_cycles
correlation-fio-randwrite-cores1,pcm_imc,rpq_occ_agg,SKT0CHAN3,3,20608484.0,occupancy_cycles
correlation-fio-randwrite-cores1,pcm_imc,rpq_occ_agg,SKT0CHAN3,4,21055995.0,occupancy_cycles
correlation-fio-randwrite-cores1,pcm_imc,rpq_occ_agg,SKT0CHAN3,5,20628539.0,occupancy_cycles
correlation-fio-randwrite-cores1,pcm_imc,rpq_occ_agg,SKT0CHAN3,6,21457004.0,occupancy_cycles
correlation-fio-randwrite-cores1,pcm_imc,rpq_occ_agg,SKT0CHAN3,7,20253855.0,occupancy_cycles
correlation-fio-randwrite-cores1,pcm_imc,rpq_occ_agg,SKT0CHAN3,8,20848845.0,occupancy_cycles
correlation-fio-randwrite-cores1,pcm_imc,rpq_occ_agg,SKT0CHAN3,9,20755434.0,occupancy_cycles
correlation-fio-randwrite-cores1,pcm_imc,rpq_occ_agg,SKT0CHAN3,10,20861082.0,occupancy_cycles
correlation-fio-randwrite-cores1,pcm_imc,rpq_occ_agg,SKT0CHAN3,11,20944424.0,occupancy_cycles
correlation-fio-randwrite-cores1,pcm_imc,rpq_occ_agg,SKT0CHAN3,12,20733939.0,occupancy_cycles
correlation-fio-randwrite-cores1,pcm_imc,rpq_occ_agg,SKT0CHAN3,13,23096646.0,occupancy_cycles
correlation-fio-randwrite-cores1,pcm_imc,rpq_occ_agg,SKT0CHAN3,14,20641317.0,occupancy_cycles
correlation-fio-randwrite-cores1,pcm_imc,rpq_occ_agg,SKT0CHAN3,15,21026981.0,occupancy_cycles
correlation-fio-randwrite-cores1,pcm_imc,rpq_occ_agg,SKT0CHAN3,16,20664769.0,occupancy_cycles
correlation-fio-randwrite-cores1,pcm_imc,rpq_occ_agg,SKT0CHAN3,17,21825579.0,occupancy_cycles
correlation-fio-randwrite-cores1,pcm_imc,rpq_occ_agg,SKT0CHAN3,18,20425385.0,occupancy_cycles
correlation-fio-randwrite-cores1,pcm_imc,rpq_occ_agg,SKT0CHAN3,19,21108985.0,occupancy_cycles
correlation-fio-randwrite-cores1,pcm_imc,rpq_occ_agg,SKT0CHAN3,20,20716541.0,occupancy_cycles
correlation-fio-randwrite-cores1,pcm_imc,rpq_occ_agg,SKT0CHAN3,21,20841045.0,occupancy_cycles
correlation-fio-randwrite-cores1,pcm_imc,rpq_occ_agg,SKT0CHAN3,22,21188037.0,occupancy_cycles
correlation-fio-randwrite-cores1,pcm_imc,rpq_occ_agg,SKT0CHAN3,23,20615348.0,occupancy_cycles
correlation-fio-randwrite-cores1,pcm_imc,rpq_occ_agg,SKT0CHAN3,24,20943895.0,occupancy_cycles
correlation-fio-randwrite-cores1,pcm_imc,rpq_occ_agg,SKT0CHAN3,25,20615818.0,occupancy_cycles
correlation-fio-randwrite-cores1,pcm_imc,rpq_occ_agg,SKT0CHAN3,26,21034189.0,occupancy_cycles
correlation-fio-randwrite-cores1,pcm_imc,rpq_occ_agg,SKT0CHAN3,27,20621068.0,occupancy_cycles
correlation-fio-randwrite-cores1,pcm_imc,rpq_occ_agg,SKT0CHAN3,28,21470113.0,occupancy_cycles
correlation-fio-randwrite-cores1,pcm_imc,rpq_occ_agg,SKT0CHAN3,29,20032794.0,occupancy_cycles
correlation-fio-randwrite-cores1,pcm_imc,rpq_occ_agg,SKT0CHAN3,30,21023286.0,occupancy_cycles
correlation-fio-randwrite-cores1,pcm_imc,rpq_occ_agg,SKT0CHAN3,31,20577725.0,occupancy_cycles
correlation-fio-randwrite-cores1,pcm_imc,rpq_occ_agg,SKT0CHAN3,32,20730357.0,occupancy_cycles
correlation-fio-randwrite-cores1,pcm_imc,rpq_occ_agg,SKT0CHAN3,33,20793626.0,occupancy_cycles
correlation-fio-randwrite-cores1,pcm_imc,rpq_occ_agg,SKT0CHAN3,34,21288857.0,occupancy_cycles
correlation-fio-randwrite-cores1,pcm_imc,rpq_occ_agg,SKT0CHAN3,35,20054944.0,occupancy_cycles
correlation-fio-randwrite-cores1,pcm_imc,rpq_occ_agg,SKT0CHAN3,36,21187396.0,occupancy_cycles
correlation-fio-randwrite-cores1,pcm_imc,rpq_occ_agg,SKT0CHAN3,37,20571076.0,occupancy_cycles
correlation-fio-randwrite-cores1,pcm_imc,rpq_occ_agg,SKT0CHAN3,38,21062062.0,occupancy_cycles
correlation-fio-randwrite-cores1,pcm_imc,rpq_occ_agg,SKT0CHAN3,39,21188999.0,occupancy_cycles
correlation-fio-randwrite-cores1,pcm_imc,rpq_occ_agg,SKT0CHAN3,40,20328424.0,occupancy_cycles
correlation-fio-randwrite-cores1,pcm_imc,rpq_occ_agg,SKT0CHAN3,41,21008208.0,occupancy_cycles
correlation-fio-randwrite-cores1,pcm_imc,rpq_occ_agg,SKT0CHAN3,42,20426274.0,occupancy_cycles
correlation-fio-randwrite-cores1,pcm_imc,rpq_occ_agg,SKT0CHAN3,43,20738265.0,occupancy_cycles
correlation-fio-randwrite-cores1,pcm_imc,rpq_occ_agg,SKT0CHAN3,44,21017224.0,occupancy_cycles
correlation-fio-randwrite-cores1,pcm_imc,rpq_occ_agg,SKT0CHAN3,45,21113131.0,occupancy_cycles
correlation-fio-randwrite-cores1,pcm_imc,rpq_occ_agg,SKT0CHAN3,46,20550966.0,occupancy_cycles
correlation-fio-randwrite-cores1,pcm_imc,rpq_occ_agg,SKT0CHAN3,47,21171807.0,occupancy_cycles
correlation-fio-randwrite-cores1,pcm_imc,rpq_occ_agg,SKT0CHAN3,48,20673659.0,occupancy_cycles
correlation-fio-randwrite-cores1,pcm_imc,rpq_occ_agg,SKT0CHAN3,49,21251091.0,occupancy_cycles
correlation-fio-randwrite-cores1,pcm_imc,rpq_occ_agg,SKT0CHAN3,50,20241414.0,occupancy_cycles
correlation-fio-randwrite-cores1,pcm_imc,rpq_occ_agg,SKT0CHAN3,51,21036320.0,occupancy_cycles
correlation-fio-randwrite-cores1,pcm_imc,rpq_occ_agg,SKT0CHAN3,52,20705548.0,occupancy_cycles
correlation-fio-randwrite-cores1,pcm_imc,rpq_occ_agg,SKT0CHAN3,53,20611047.0,occupancy_cycles
correlation-fio-randwrite-cores1,pcm_imc,rpq_occ_agg,SKT0CHAN3,54,20979400.0,occupancy_cycles
correlation-fio-randwrite-cores1,pcm_imc,rpq_occ_agg,SKT0CHAN3,55,20737531.0,occupancy_cycles
correlation-fio-randwrite-cores1,pcm_imc,rpq_occ_agg,SKT0CHAN3,56,21126896.0,occupancy_cycles
correlation-fio-randwrite-cores1,pcm_imc,rpq_occ_agg,SKT0CHAN3,57,20356752.0,occupancy_cycles
correlation-fio-randwrite-cores1,pcm_imc,rpq_occ_agg,SKT0CHAN3,58,20884422.0,occupancy_cycles
correlation-fio-randwrite-cores1,pcm_imc,rpq_occ_agg,SKT0CHAN3,59,20575696.0,occupancy_cycles
correlation-fio-randwrite-cores1,pcm_imc,rpq_occ_agg,SKT0CHAN4,0,21341252.0,occupancy_cycles
correlation-fio-randwrite-cores1,pcm_imc,rpq_occ_agg,SKT0CHAN4,1,21018463.0,occupancy_cycles
correlation-fio-randwrite-cores1,pcm_imc,rpq_occ_agg,SKT0CHAN4,2,20907851.0,occupancy_cycles
correlation-fio-randwrite-cores1,pcm_imc,rpq_occ_agg,SKT0CHAN4,3,20503654.0,occupancy_cycles
correlation-fio-randwrite-cores1,pcm_imc,rpq_occ_agg,SKT0CHAN4,4,20825462.0,occupancy_cycles
correlation-fio-randwrite-cores1,pcm_imc,rpq_occ_agg,SKT0CHAN4,5,20555633.0,occupancy_cycles
correlation-fio-randwrite-cores1,pcm_imc,rpq_occ_agg,SKT0CHAN4,6,21403660.0,occupancy_cycles
correlation-fio-randwrite-cores1,pcm_imc,rpq_occ_agg,SKT0CHAN4,7,20089413.0,occupancy_cycles
correlation-fio-randwrite-cores1,pcm_imc,rpq_occ_agg,SKT0CHAN4,8,20894215.0,occupancy_cycles
correlation-fio-randwrite-cores1,pcm_imc,rpq_occ_agg,SKT0CHAN4,9,20750313.0,occupancy_cycles
correlation-fio-randwrite-cores1,pcm_imc,rpq_occ_agg,SKT0CHAN4,10,20778979.0,occupancy_cycles
correlation-fio-randwrite-cores1,pcm_imc,rpq_occ_agg,SKT0CHAN4,11,20834247.0,occupancy_cycles
correlation-fio-randwrite-cores1,pcm_imc,rpq_occ_agg,SKT0CHAN4,12,20578217.0,occupancy_cycles
correlation-fio-randwrite-cores1,pcm_imc,rpq_occ_agg,SKT0CHAN4,13,22773721.0,occupancy_cycles
correlation-fio-randwrite-cores1,pcm_imc,rpq_occ_agg,SKT0CHAN4,14,20422612.0,occupancy_cycles
correlation-fio-randwrite-cores1,pcm_imc,rpq_occ_agg,SKT0CHAN4,15,20928375.0,occupancy_cycles
correlation-fio-randwrite-cores1,pcm_imc,rpq_occ_agg,SKT0CHAN4,16,20533109.0,occupancy_cycles
correlation-fio-randwrite-cores1,pcm_imc,rpq_occ_agg,SKT0CHAN4,17,21772743.0,occupancy_cycles
correlation-fio-randwrite-cores1,pcm_imc,rpq_occ_agg,SKT0CHAN4,18,20387283.0,occupancy_cycles
correlation-fio-randwrite-cores1,pcm_imc,rpq_occ_agg,SKT0CHAN4,19,21232605.0,occupancy_cycles
correlation-fio-randwrite-cores1,pcm_imc,rpq_occ_agg,SKT0CHAN4,20,20709973.0,occupancy_cycles
correlation-fio-randwrite-cores1,pcm_imc,rpq_occ_agg,SKT0CHAN4,21,20689149.0,occupancy_cycles
correlation-fio-randwrite-cores1,pcm_imc,rpq_occ_agg,SKT0CHAN4,22,21075091.0,occupancy_cycles
correlation-fio-randwrite-cores1,pcm_imc,rpq_occ_agg,SKT0CHAN4,23,20445561.0,occupancy_cycles
correlation-fio-randwrite-cores1,pcm_imc,rpq_occ_agg,SKT0CHAN4,24,20936106.0,occupancy_cycles
correlation-fio-randwrite-cores1,pcm_imc,rpq_occ_agg,SKT0CHAN4,25,20591411.0,occupancy_cycles
correlation-fio-randwrite-cores1,pcm_imc,rpq_occ_agg,SKT0CHAN4,26,20988158.0,occupancy_cycles
correlation-fio-randwrite-cores1,pcm_imc,rpq_occ_agg,SKT0CHAN4,27,20509115.0,occupancy_cycles
correlation-fio-randwrite-cores1,pcm_imc,rpq_occ_agg,SKT0CHAN4,28,21260647.0,occupancy_cycles
correlation-fio-randwrite-cores1,pcm_imc,rpq_occ_agg,SKT0CHAN4,29,19985624.0,occupancy_cycles
correlation-fio-randwrite-cores1,pcm_imc,rpq_occ_agg,SKT0CHAN4,30,20976949.0,occupancy_cycles
correlation-fio-randwrite-cores1,pcm_imc,rpq_occ_agg,SKT0CHAN4,31,20543221.0,occupancy_cycles
correlation-fio-randwrite-cores1,pcm_imc,rpq_occ_agg,SKT0CHAN4,32,20698314.0,occupancy_cycles
correlation-fio-randwrite-cores1,pcm_imc,rpq_occ_agg,SKT0CHAN4,33,20922957.0,occupancy_cycles
correlation-fio-randwrite-cores1,pcm_imc,rpq_occ_agg,SKT0CHAN4,34,21272670.0,occupancy_cycles
correlation-fio-randwrite-cores1,pcm_imc,rpq_occ_agg,SKT0CHAN4,35,19994563.0,occupancy_cycles
correlation-fio-randwrite-cores1,pcm_imc,rpq_occ_agg,SKT0CHAN4,36,21049711.0,occupancy_cycles
correlation-fio-randwrite-cores1,pcm_imc,rpq_occ_agg,SKT0CHAN4,37,20503499.0,occupancy_cycles
correlation-fio-randwrite-cores1,pcm_imc,rpq_occ_agg,SKT0CHAN4,38,20941898.0,occupancy_cycles
correlation-fio-randwrite-cores1,pcm_imc,rpq_occ_agg,SKT0CHAN4,39,21308737.0,occupancy_cycles
correlation-fio-randwrite-cores1,pcm_imc,rpq_occ_agg,SKT0CHAN4,40,20301045.0,occupancy_cycles
correlation-fio-randwrite-cores1,pcm_imc,rpq_occ_agg,SKT0CHAN4,41,20953307.0,occupancy_cycles
correlation-fio-randwrite-cores1,pcm_imc,rpq_occ_agg,SKT0CHAN4,42,20389365.0,occupancy_cycles
correlation-fio-randwrite-cores1,pcm_imc,rpq_occ_agg,SKT0CHAN4,43,20527209.0,occupancy_cycles
correlation-fio-randwrite-cores1,pcm_imc,rpq_occ_agg,SKT0CHAN4,44,20833545.0,occupancy_cycles
correlation-fio-randwrite-cores1,pcm_imc,rpq_occ_agg,SKT0CHAN4,45,21035812.0,occupancy_cycles
correlation-fio-randwrite-cores1,pcm_imc,rpq_occ_agg,SKT0CHAN4,46,20709643.0,occupancy_cycles
correlation-fio-randwrite-cores1,pcm_imc,rpq_occ_agg,SKT0CHAN4,47,21166242.0,occupancy_cycles
correlation-fio-randwrite-cores1,pcm_imc,rpq_occ_agg,SKT0CHAN4,48,20618539.0,occupancy_cycles
correlation-fio-randwrite-cores1,pcm_imc,rpq_occ_agg,SKT0CHAN4,49,21106367.0,occupancy_cycles
correlation-fio-randwrite-cores1,pcm_imc,rpq_occ_agg,SKT0CHAN4,50,20269029.0,occupancy_cycles
correlation-fio-randwrite-cores1,pcm_imc,rpq_occ_agg,SKT0CHAN4,51,20897684.0,occupancy_cycles
correlation-fio-randwrite-cores1,pcm_imc,rpq_occ_agg,SKT0CHAN4,52,20726961.0,occupancy_cycles
correlation-fio-randwrite-cores1,pcm_imc,rpq_occ_agg,SKT0CHAN4,53,20625521.0,occupancy_cycles
correlation-fio-randwrite-cores1,pcm_imc,rpq_occ_agg,SKT0CHAN4,54,20722845.0,occupancy_cycles
correlation-fio-randwrite-cores1,pcm_imc,rpq_occ_agg,SKT0CHAN4,55,20594584.0,occupancy_cycles
correlation-fio-randwrite-cores1,pcm_imc,rpq_occ_agg,SKT0CHAN4,56,20982457.0,occupancy_cycles
correlation-fio-randwrite-cores1,pcm_imc,rpq_occ_agg,SKT0CHAN4,57,20324650.0,occupancy_cycles
correlation-fio-randwrite-cores1,pcm_imc,rpq_occ_agg,SKT0CHAN4,58,20920669.0,occupancy_cycles
correlation-fio-randwrite-cores1,pcm_imc,rpq_occ_agg,SKT0CHAN4,59,20598549.0,occupancy_cycles
correlation-fio-randwrite-cores1,pcm_imc,rpq_occ_agg,SKT0CHAN5,0,21360647.0,occupancy_cycles
correlation-fio-randwrite-cores1,pcm_imc,rpq_occ_agg,SKT0CHAN5,1,21049177.0,occupancy_cycles
correlation-fio-randwrite-cores1,pcm_imc,rpq_occ_agg,SKT0CHAN5,2,20974744.0,occupancy_cycles
correlation-fio-randwrite-cores1,pcm_imc,rpq_occ_agg,SKT0CHAN5,3,20526250.0,occupancy_cycles
correlation-fio-randwrite-cores1,pcm_imc,rpq_occ_agg,SKT0CHAN5,4,20792529.0,occupancy_cycles
correlation-fio-randwrite-cores1,pcm_imc,rpq_occ_agg,SKT0CHAN5,5,20628603.0,occupancy_cycles
correlation-fio-randwrite-cores1,pcm_imc,rpq_occ_agg,SKT0CHAN5,6,21329260.0,occupancy_cycles
correlation-fio-randwrite-cores1,pcm_imc,rpq_occ_agg,SKT0CHAN5,7,20158719.0,occupancy_cycles
correlation-fio-randwrite-cores1,pcm_imc,rpq_occ_agg,SKT0CHAN5,8,20812135.0,occupancy_cycles
correlation-fio-randwrite-cores1,pcm_imc,rpq_occ_agg,SKT0CHAN5,9,20688742.0,occupancy_cycles
correlation-fio-randwrite-cores1,pcm_imc,rpq_occ_agg,SKT0CHAN5,10,20809315.0,occupancy_cycles
correlation-fio-randwrite-cores1,pcm_imc,rpq_occ_agg,SKT0CHAN5,11,20839286.0,occupancy_cycles
correlation-fio-randwrite-cores1,pcm_imc,rpq_occ_agg,SKT0CHAN5,12,20638474.0,occupancy_cycles
correlation-fio-randwrite-cores1,pcm_imc,rpq_occ_agg,SKT0CHAN5,13,22790519.0,occupancy_cycles
correlation-fio-randwrite-cores1,pcm_imc,rpq_occ_agg,SKT0CHAN5,14,20391380.0,occupancy_cycles
correlation-fio-randwrite-cores1,pcm_imc,rpq_occ_agg,SKT0CHAN5,15,21068056.0,occupancy_cycles
correlation-fio-randwrite-cores1,pcm_imc,rpq_occ_agg,SKT0CHAN5,16,20501331.0,occupancy_cycles
correlation-fio-randwrite-cores1,pcm_imc,rpq_occ_agg,SKT0CHAN5,17,21687256.0,occupancy_cycles
correlation-fio-randwrite-cores1,pcm_imc,rpq_occ_agg,SKT0CHAN5,18,20311022.0,occupancy_cycles
correlation-fio-randwrite-cores1,pcm_imc,rpq_occ_agg,SKT0CHAN5,19,21122850.0,occupancy_cycles
correlation-fio-randwrite-cores1,pcm_imc,rpq_occ_agg,SKT0CHAN5,20,20579696.0,occupancy_cycles
correlation-fio-randwrite-cores1,pcm_imc,rpq_occ_agg,SKT0CHAN5,21,20746229.0,occupancy_cycles
correlation-fio-randwrite-cores1,pcm_imc,rpq_occ_agg,SKT0CHAN5,22,21017065.0,occupancy_cycles
correlation-fio-randwrite-cores1,pcm_imc,rpq_occ_agg,SKT0CHAN5,23,20470854.0,occupancy_cycles
correlation-fio-randwrite-cores1,pcm_imc,rpq_occ_agg,SKT0CHAN5,24,20869324.0,occupancy_cycles
correlation-fio-randwrite-cores1,pcm_imc,rpq_occ_agg,SKT0CHAN5,25,20526543.0,occupancy_cycles
correlation-fio-randwrite-cores1,pcm_imc,rpq_occ_agg,SKT0CHAN5,26,20918402.0,occupancy_cycles
correlation-fio-randwrite-cores1,pcm_imc,rpq_occ_agg,SKT0CHAN5,27,20613466.0,occupancy_cycles
correlation-fio-randwrite-cores1,pcm_imc,rpq_occ_agg,SKT0CHAN5,28,21439013.0,occupancy_cycles
correlation-fio-randwrite-cores1,pcm_imc,rpq_occ_agg,SKT0CHAN5,29,20031699.0,occupancy_cycles
correlation-fio-randwrite-cores1,pcm_imc,rpq_occ_agg,SKT0CHAN5,30,21080805.0,occupancy_cycles
correlation-fio-randwrite-cores1,pcm_imc,rpq_occ_agg,SKT0CHAN5,31,20542329.0,occupancy_cycles
correlation-fio-randwrite-cores1,pcm_imc,rpq_occ_agg,SKT0CHAN5,32,20690281.0,occupancy_cycles
correlation-fio-randwrite-cores1,pcm_imc,rpq_occ_agg,SKT0CHAN5,33,20858046.0,occupancy_cycles
correlation-fio-randwrite-cores1,pcm_imc,rpq_occ_agg,SKT0CHAN5,34,21275217.0,occupancy_cycles
correlation-fio-randwrite-cores1,pcm_imc,rpq_occ_agg,SKT0CHAN5,35,20102831.0,occupancy_cycles
correlation-fio-randwrite-cores1,pcm_imc,rpq_occ_agg,SKT0CHAN5,36,20988542.0,occupancy_cycles
correlation-fio-randwrite-cores1,pcm_imc,rpq_occ_agg,SKT0CHAN5,37,20386345.0,occupancy_cycles
correlation-fio-randwrite-cores1,pcm_imc,rpq_occ_agg,SKT0CHAN5,38,20943575.0,occupancy_cycles
correlation-fio-randwrite-cores1,pcm_imc,rpq_occ_agg,SKT0CHAN5,39,21195991.0,occupancy_cycles
correlation-fio-randwrite-cores1,pcm_imc,rpq_occ_agg,SKT0CHAN5,40,20271119.0,occupancy_cycles
correlation-fio-randwrite-cores1,pcm_imc,rpq_occ_agg,SKT0CHAN5,41,20949976.0,occupancy_cycles
correlation-fio-randwrite-cores1,pcm_imc,rpq_occ_agg,SKT0CHAN5,42,20461052.0,occupancy_cycles
correlation-fio-randwrite-cores1,pcm_imc,rpq_occ_agg,SKT0CHAN5,43,20638504.0,occupancy_cycles
correlation-fio-randwrite-cores1,pcm_imc,rpq_occ_agg,SKT0CHAN5,44,20938194.0,occupancy_cycles
correlation-fio-randwrite-cores1,pcm_imc,rpq_occ_agg,SKT0CHAN5,45,21143278.0,occupancy_cycles
correlation-fio-randwrite-cores1,pcm_imc,rpq_occ_agg,SKT0CHAN5,46,20562748.0,occupancy_cycles
correlation-fio-randwrite-cores1,pcm_imc,rpq_occ_agg,SKT0CHAN5,47,21158929.0,occupancy_cycles
correlation-fio-randwrite-cores1,pcm_imc,rpq_occ_agg,SKT0CHAN5,48,20689523.0,occupancy_cycles
correlation-fio-randwrite-cores1,pcm_imc,rpq_occ_agg,SKT0CHAN5,49,21189139.0,occupancy_cycles
correlation-fio-randwrite-cores1,pcm_imc,rpq_occ_agg,SKT0CHAN5,50,20005323.0,occupancy_cycles
correlation-fio-randwrite-cores1,pcm_imc,rpq_occ_agg,SKT0CHAN5,51,21069179.0,occupancy_cycles
correlation-fio-randwrite-cores1,pcm_imc,rpq_occ_agg,SKT0CHAN5,52,20712651.0,occupancy_cycles
correlation-fio-randwrite-cores1,pcm_imc,rpq_occ_agg,SKT0CHAN5,53,20577814.0,occupancy_cycles
correlation-fio-randwrite-cores1,pcm_imc,rpq_occ_agg,SKT0CHAN5,54,20785782.0,occupancy_cycles
correlation-fio-randwrite-cores1,pcm_imc,rpq_occ_agg,SKT0CHAN5,55,20670288.0,occupancy_cycles
correlation-fio-randwrite-cores1,pcm_imc,rpq_occ_agg,SKT0CHAN5,56,21112724.0,occupancy_cycles
correlation-fio-randwrite-cores1,pcm_imc,rpq_occ_agg,SKT0CHAN5,57,20226760.0,occupancy_cycles
correlation-fio-randwrite-cores1,pcm_imc,rpq_occ_agg,SKT0CHAN5,58,20768147.0,occupancy_cycles
correlation-fio-randwrite-cores1,pcm_imc,rpq_occ_agg,SKT0CHAN5,59,20474133.0,occupancy_cycles
correlation-fio-randwrite-cores1,pcm_imc,rpq_occ_agg,SKT0CHAN6,0,21347188.0,occupancy_cycles
correlation-fio-randwrite-cores1,pcm_imc,rpq_occ_agg,SKT0CHAN6,1,21145601.0,occupancy_cycles
correlation-fio-randwrite-cores1,pcm_imc,rpq_occ_agg,SKT0CHAN6,2,20955777.0,occupancy_cycles
correlation-fio-randwrite-cores1,pcm_imc,rpq_occ_agg,SKT0CHAN6,3,20440504.0,occupancy_cycles
correlation-fio-randwrite-cores1,pcm_imc,rpq_occ_agg,SKT0CHAN6,4,20753596.0,occupancy_cycles
correlation-fio-randwrite-cores1,pcm_imc,rpq_occ_agg,SKT0CHAN6,5,20613526.0,occupancy_cycles
correlation-fio-randwrite-cores1,pcm_imc,rpq_occ_agg,SKT0CHAN6,6,21199920.0,occupancy_cycles
correlation-fio-randwrite-cores1,pcm_imc,rpq_occ_agg,SKT0CHAN6,7,20135356.0,occupancy_cycles
correlation-fio-randwrite-cores1,pcm_imc,rpq_occ_agg,SKT0CHAN6,8,20861236.0,occupancy_cycles
correlation-fio-randwrite-cores1,pcm_imc,rpq_occ_agg,SKT0CHAN6,9,20742692.0,occupancy_cycles
correlation-fio-randwrite-cores1,pcm_imc,rpq_occ_agg,SKT0CHAN6,10,20793424.0,occupancy_cycles
correlation-fio-randwrite-cores1,pcm_imc,rpq_occ_agg,SKT0CHAN6,11,20898773.0,occupancy_cycles
correlation-fio-randwrite-cores1,pcm_imc,rpq_occ_agg,SKT0CHAN6,12,20708580.0,occupancy_cycles
correlation-fio-randwrite-cores1,pcm_imc,rpq_occ_agg,SKT0CHAN6,13,22970068.0,occupancy_cycles
correlation-fio-randwrite-cores1,pcm_imc,rpq_occ_agg,SKT0CHAN6,14,20457307.0,occupancy_cycles
correlation-fio-randwrite-cores1,pcm_imc,rpq_occ_agg,SKT0CHAN6,15,21030620.0,occupancy_cycles
correlation-fio-randwrite-cores1,pcm_imc,rpq_occ_agg,SKT0CHAN6,16,20572924.0,occupancy_cycles
correlation-fio-randwrite-cores1,pcm_imc,rpq_occ_agg,SKT0CHAN6,17,21852260.0,occupancy_cycles
correlation-fio-randwrite-cores1,pcm_imc,rpq_occ_agg,SKT0CHAN6,18,20406968.0,occupancy_cycles
correlation-fio-randwrite-cores1,pcm_imc,rpq_occ_agg,SKT0CHAN6,19,21191800.0,occupancy_cycles
correlation-fio-randwrite-cores1,pcm_imc,rpq_occ_agg,SKT0CHAN6,20,20697120.0,occupancy_cycles
correlation-fio-randwrite-cores1,pcm_imc,rpq_occ_agg,SKT0CHAN6,21,20715172.0,occupancy_cycles
correlation-fio-randwrite-cores1,pcm_imc,rpq_occ_agg,SKT0CHAN6,22,21055830.0,occupancy_cycles
correlation-fio-randwrite-cores1,pcm_imc,rpq_occ_agg,SKT0CHAN6,23,20542241.0,occupancy_cycles
correlation-fio-randwrite-cores1,pcm_imc,rpq_occ_agg,SKT0CHAN6,24,20978969.0,occupancy_cycles
correlation-fio-randwrite-cores1,pcm_imc,rpq_occ_agg,SKT0CHAN6,25,20534635.0,occupancy_cycles
correlation-fio-randwrite-cores1,pcm_imc,rpq_occ_agg,SKT0CHAN6,26,20997943.0,occupancy_cycles
correlation-fio-randwrite-cores1,pcm_imc,rpq_occ_agg,SKT0CHAN6,27,20601793.0,occupancy_cycles
correlation-fio-randwrite-cores1,pcm_imc,rpq_occ_agg,SKT0CHAN6,28,21266719.0,occupancy_cycles
correlation-fio-randwrite-cores1,pcm_imc,rpq_occ_agg,SKT0CHAN6,29,20052114.0,occupancy_cycles
correlation-fio-randwrite-cores1,pcm_imc,rpq_occ_agg,SKT0CHAN6,30,21037390.0,occupancy_cycles
correlation-fio-randwrite-cores1,pcm_imc,rpq_occ_agg,SKT0CHAN6,31,20492211.0,occupancy_cycles
correlation-fio-randwrite-cores1,pcm_imc,rpq_occ_agg,SKT0CHAN6,32,20634080.0,occupancy_cycles
correlation-fio-randwrite-cores1,pcm_imc,rpq_occ_agg,SKT0CHAN6,33,20901315.0,occupancy_cycles
correlation-fio-randwrite-cores1,pcm_imc,rpq_occ_agg,SKT0CHAN6,34,21169418.0,occupancy_cycles
correlation-fio-randwrite-cores1,pcm_imc,rpq_occ_agg,SKT0CHAN6,35,20095198.0,occupancy_cycles
correlation-fio-randwrite-cores1,pcm_imc,rpq_occ_agg,SKT0CHAN6,36,21088517.0,occupancy_cycles
correlation-fio-randwrite-cores1,pcm_imc,rpq_occ_agg,SKT0CHAN6,37,20555311.0,occupancy_cycles
correlation-fio-randwrite-cores1,pcm_imc,rpq_occ_agg,SKT0CHAN6,38,21025985.0,occupancy_cycles
correlation-fio-randwrite-cores1,pcm_imc,rpq_occ_agg,SKT0CHAN6,39,21230283.0,occupancy_cycles
correlation-fio-randwrite-cores1,pcm_imc,rpq_occ_agg,SKT0CHAN6,40,20306510.0,occupancy_cycles
correlation-fio-randwrite-cores1,pcm_imc,rpq_occ_agg,SKT0CHAN6,41,20973957.0,occupancy_cycles
correlation-fio-randwrite-cores1,pcm_imc,rpq_occ_agg,SKT0CHAN6,42,20406001.0,occupancy_cycles
correlation-fio-randwrite-cores1,pcm_imc,rpq_occ_agg,SKT0CHAN6,43,20609630.0,occupancy_cycles
correlation-fio-randwrite-cores1,pcm_imc,rpq_occ_agg,SKT0CHAN6,44,21019975.0,occupancy_cycles
correlation-fio-randwrite-cores1,pcm_imc,rpq_occ_agg,SKT0CHAN6,45,21091104.0,occupancy_cycles
correlation-fio-randwrite-cores1,pcm_imc,rpq_occ_agg,SKT0CHAN6,46,20556061.0,occupancy_cycles
correlation-fio-randwrite-cores1,pcm_imc,rpq_occ_agg,SKT0CHAN6,47,21256892.0,occupancy_cycles
correlation-fio-randwrite-cores1,pcm_imc,rpq_occ_agg,SKT0CHAN6,48,20583489.0,occupancy_cycles
correlation-fio-randwrite-cores1,pcm_imc,rpq_occ_agg,SKT0CHAN6,49,21184530.0,occupancy_cycles
correlation-fio-randwrite-cores1,pcm_imc,rpq_occ_agg,SKT0CHAN6,50,20181882.0,occupancy_cycles
correlation-fio-randwrite-cores1,pcm_imc,rpq_occ_agg,SKT0CHAN6,51,20973528.0,occupancy_cycles
correlation-fio-randwrite-cores1,pcm_imc,rpq_occ_agg,SKT0CHAN6,52,20703041.0,occupancy_cycles
correlation-fio-randwrite-cores1,pcm_imc,rpq_occ_agg,SKT0CHAN6,53,20508654.0,occupancy_cycles
correlation-fio-randwrite-cores1,pcm_imc,rpq_occ_agg,SKT0CHAN6,54,20814379.0,occupancy_cycles
correlation-fio-randwrite-cores1,pcm_imc,rpq_occ_agg,SKT0CHAN6,55,20743760.0,occupancy_cycles
correlation-fio-randwrite-cores1,pcm_imc,rpq_occ_agg,SKT0CHAN6,56,21048721.0,occupancy_cycles
correlation-fio-randwrite-cores1,pcm_imc,rpq_occ_agg,SKT0CHAN6,57,20327283.0,occupancy_cycles
correlation-fio-randwrite-cores1,pcm_imc,rpq_occ_agg,SKT0CHAN6,58,20873961.0,occupancy_cycles
correlation-fio-randwrite-cores1,pcm_imc,rpq_occ_agg,SKT0CHAN6,59,20674425.0,occupancy_cycles
correlation-fio-randwrite-cores1,pcm_imc,rpq_occ_agg,SKT0CHAN7,0,21420764.0,occupancy_cycles
correlation-fio-randwrite-cores1,pcm_imc,rpq_occ_agg,SKT0CHAN7,1,21158814.0,occupancy_cycles
correlation-fio-randwrite-cores1,pcm_imc,rpq_occ_agg,SKT0CHAN7,2,21000484.0,occupancy_cycles
correlation-fio-randwrite-cores1,pcm_imc,rpq_occ_agg,SKT0CHAN7,3,20550946.0,occupancy_cycles
correlation-fio-randwrite-cores1,pcm_imc,rpq_occ_agg,SKT0CHAN7,4,20947942.0,occupancy_cycles
correlation-fio-randwrite-cores1,pcm_imc,rpq_occ_agg,SKT0CHAN7,5,20598441.0,occupancy_cycles
correlation-fio-randwrite-cores1,pcm_imc,rpq_occ_agg,SKT0CHAN7,6,21347699.0,occupancy_cycles
correlation-fio-randwrite-cores1,pcm_imc,rpq_occ_agg,SKT0CHAN7,7,20150939.0,occupancy_cycles
correlation-fio-randwrite-cores1,pcm_imc,rpq_occ_agg,SKT0CHAN7,8,20836175.0,occupancy_cycles
correlation-fio-randwrite-cores1,pcm_imc,rpq_occ_agg,SKT0CHAN7,9,20541185.0,occupancy_cycles
correlation-fio-randwrite-cores1,pcm_imc,rpq_occ_agg,SKT0CHAN7,10,20721713.0,occupancy_cycles
correlation-fio-randwrite-cores1,pcm_imc,rpq_occ_agg,SKT0CHAN7,11,20785475.0,occupancy_cycles
correlation-fio-randwrite-cores1,pcm_imc,rpq_occ_agg,SKT0CHAN7,12,20570041.0,occupancy_cycles
correlation-fio-randwrite-cores1,pcm_imc,rpq_occ_agg,SKT0CHAN7,13,22731373.0,occupancy_cycles
correlation-fio-randwrite-cores1,pcm_imc,rpq_occ_agg,SKT0CHAN7,14,20627495.0,occupancy_cycles
correlation-fio-randwrite-cores1,pcm_imc,rpq_occ_agg,SKT0CHAN7,15,21048975.0,occupancy_cycles
correlation-fio-randwrite-cores1,pcm_imc,rpq_occ_agg,SKT0CHAN7,16,20575200.0,occupancy_cycles
correlation-fio-randwrite-cores1,pcm_imc,rpq_occ_agg,SKT0CHAN7,17,21837398.0,occupancy_cycles
correlation-fio-randwrite-cores1,pcm_imc,rpq_occ_agg,SKT0CHAN7,18,20381984.0,occupancy_cycles
correlation-fio-randwrite-cores1,pcm_imc,rpq_occ_agg,SKT0CHAN7,19,21177743.0,occupancy_cycles
correlation-fio-randwrite-cores1,pcm_imc,rpq_occ_agg,SKT0CHAN7,20,20600207.0,occupancy_cycles
correlation-fio-randwrite-cores1,pcm_imc,rpq_occ_agg,SKT0CHAN7,21,20829493.0,occupancy_cycles
correlation-fio-randwrite-cores1,pcm_imc,rpq_occ_agg,SKT0CHAN7,22,21089367.0,occupancy_cycles
correlation-fio-randwrite-cores1,pcm_imc,rpq_occ_agg,SKT0CHAN7,23,20464027.0,occupancy_cycles
correlation-fio-randwrite-cores1,pcm_imc,rpq_occ_agg,SKT0CHAN7,24,20799844.0,occupancy_cycles
correlation-fio-randwrite-cores1,pcm_imc,rpq_occ_agg,SKT0CHAN7,25,20599869.0,occupancy_cycles
correlation-fio-randwrite-cores1,pcm_imc,rpq_occ_agg,SKT0CHAN7,26,20815900.0,occupancy_cycles
correlation-fio-randwrite-cores1,pcm_imc,rpq_occ_agg,SKT0CHAN7,27,20803648.0,occupancy_cycles
correlation-fio-randwrite-cores1,pcm_imc,rpq_occ_agg,SKT0CHAN7,28,21270010.0,occupancy_cycles
correlation-fio-randwrite-cores1,pcm_imc,rpq_occ_agg,SKT0CHAN7,29,20169634.0,occupancy_cycles
correlation-fio-randwrite-cores1,pcm_imc,rpq_occ_agg,SKT0CHAN7,30,21023596.0,occupancy_cycles
correlation-fio-randwrite-cores1,pcm_imc,rpq_occ_agg,SKT0CHAN7,31,20626556.0,occupancy_cycles
correlation-fio-randwrite-cores1,pcm_imc,rpq_occ_agg,SKT0CHAN7,32,20627375.0,occupancy_cycles
correlation-fio-randwrite-cores1,pcm_imc,rpq_occ_agg,SKT0CHAN7,33,20867435.0,occupancy_cycles
correlation-fio-randwrite-cores1,pcm_imc,rpq_occ_agg,SKT0CHAN7,34,21324862.0,occupancy_cycles
correlation-fio-randwrite-cores1,pcm_imc,rpq_occ_agg,SKT0CHAN7,35,20165810.0,occupancy_cycles
correlation-fio-randwrite-cores1,pcm_imc,rpq_occ_agg,SKT0CHAN7,36,21072143.0,occupancy_cycles
correlation-fio-randwrite-cores1,pcm_imc,rpq_occ_agg,SKT0CHAN7,37,20636984.0,occupancy_cycles
correlation-fio-randwrite-cores1,pcm_imc,rpq_occ_agg,SKT0CHAN7,38,20953260.0,occupancy_cycles
correlation-fio-randwrite-cores1,pcm_imc,rpq_occ_agg,SKT0CHAN7,39,21146918.0,occupancy_cycles
correlation-fio-randwrite-cores1,pcm_imc,rpq_occ_agg,SKT0CHAN7,40,20191339.0,occupancy_cycles
correlation-fio-randwrite-cores1,pcm_imc,rpq_occ_agg,SKT0CHAN7,41,20978949.0,occupancy_cycles
correlation-fio-randwrite-cores1,pcm_imc,rpq_occ_agg,SKT0CHAN7,42,20388767.0,occupancy_cycles
correlation-fio-randwrite-cores1,pcm_imc,rpq_occ_agg,SKT0CHAN7,43,20603357.0,occupancy_cycles
correlation-fio-randwrite-cores1,pcm_imc,rpq_occ_agg,SKT0CHAN7,44,20964862.0,occupancy_cycles
correlation-fio-randwrite-cores1,pcm_imc,rpq_occ_agg,SKT0CHAN7,45,21108660.0,occupancy_cycles
correlation-fio-randwrite-cores1,pcm_imc,rpq_occ_agg,SKT0CHAN7,46,20578839.0,occupancy_cycles
correlation-fio-randwrite-cores1,pcm_imc,rpq_occ_agg,SKT0CHAN7,47,21084296.0,occupancy_cycles
correlation-fio-randwrite-cores1,pcm_imc,rpq_occ_agg,SKT0CHAN7,48,20616911.0,occupancy_cycles
correlation-fio-randwrite-cores1,pcm_imc,rpq_occ_agg,SKT0CHAN7,49,21197980.0,occupancy_cycles
correlation-fio-randwrite-cores1,pcm_imc,rpq_occ_agg,SKT0CHAN7,50,20166109.0,occupancy_cycles
correlation-fio-randwrite-cores1,pcm_imc,rpq_occ_agg,SKT0CHAN7,51,20953265.0,occupancy_cycles
correlation-fio-randwrite-cores1,pcm_imc,rpq_occ_agg,SKT0CHAN7,52,20741933.0,occupancy_cycles
correlation-fio-randwrite-cores1,pcm_imc,rpq_occ_agg,SKT0CHAN7,53,20637489.0,occupancy_cycles
correlation-fio-randwrite-cores1,pcm_imc,rpq_occ_agg,SKT0CHAN7,54,20899240.0,occupancy_cycles
correlation-fio-randwrite-cores1,pcm_imc,rpq_occ_agg,SKT0CHAN7,55,20569141.0,occupancy_cycles
correlation-fio-randwrite-cores1,pcm_imc,rpq_occ_agg,SKT0CHAN7,56,21115709.0,occupancy_cycles
correlation-fio-randwrite-cores1,pcm_imc,rpq_occ_agg,SKT0CHAN7,57,20347415.0,occupancy_cycles
correlation-fio-randwrite-cores1,pcm_imc,rpq_occ_agg,SKT0CHAN7,58,20864729.0,occupancy_cycles
correlation-fio-randwrite-cores1,pcm_imc,rpq_occ_agg,SKT0CHAN7,59,20558834.0,occupancy_cycles
correlation-fio-randwrite-cores1,pcm_imc,rpq_occupancy,SKT0CHAN0,0,0.01606407651912978,queue_entry_seconds
correlation-fio-randwrite-cores1,pcm_imc,rpq_occupancy,SKT0CHAN0,1,0.015857974493623406,queue_entry_seconds
correlation-fio-randwrite-cores1,pcm_imc,rpq_occupancy,SKT0CHAN0,2,0.015761547636909227,queue_entry_seconds
correlation-fio-randwrite-cores1,pcm_imc,rpq_occupancy,SKT0CHAN0,3,0.01537076144036009,queue_entry_seconds
correlation-fio-randwrite-cores1,pcm_imc,rpq_occupancy,SKT0CHAN0,4,0.01572779969992498,queue_entry_seconds
correlation-fio-randwrite-cores1,pcm_imc,rpq_occupancy,SKT0CHAN0,5,0.015576903975993999,queue_entry_seconds
correlation-fio-randwrite-cores1,pcm_imc,rpq_occupancy,SKT0CHAN0,6,0.01592652288072018,queue_entry_seconds
correlation-fio-randwrite-cores1,pcm_imc,rpq_occupancy,SKT0CHAN0,7,0.015160990997749438,queue_entry_seconds
correlation-fio-randwrite-cores1,pcm_imc,rpq_occupancy,SKT0CHAN0,8,0.01573739534883721,queue_entry_seconds
correlation-fio-randwrite-cores1,pcm_imc,rpq_occupancy,SKT0CHAN0,9,0.015543968492123032,queue_entry_seconds
correlation-fio-randwrite-cores1,pcm_imc,rpq_occupancy,SKT0CHAN0,10,0.015500267816954238,queue_entry_seconds
correlation-fio-randwrite-cores1,pcm_imc,rpq_occupancy,SKT0CHAN0,11,0.015727465866466617,queue_entry_seconds
correlation-fio-randwrite-cores1,pcm_imc,rpq_occupancy,SKT0CHAN0,12,0.015453693923480871,queue_entry_seconds
correlation-fio-randwrite-cores1,pcm_imc,rpq_occupancy,SKT0CHAN0,13,0.01718504126031508,queue_entry_seconds
correlation-fio-randwrite-cores1,pcm_imc,rpq_occupancy,SKT0CHAN0,14,0.01544494223555889,queue_entry_seconds
correlation-fio-randwrite-cores1,pcm_imc,rpq_occupancy,SKT0CHAN0,15,0.015865108777194298,queue_entry_seconds
correlation-fio-randwrite-cores1,pcm_imc,rpq_occupancy,SKT0CHAN0,16,0.01541694223555889,queue_entry_seconds
correlation-fio-randwrite-cores1,pcm_imc,rpq_occupancy,SKT0CHAN0,17,0.01636881395348837,queue_entry_seconds
correlation-fio-randwrite-cores1,pcm_imc,rpq_occupancy,SKT0CHAN0,18,0.01527834733683421,queue_entry_seconds
correlation-fio-randwrite-cores1,pcm_imc,rpq_occupancy,SKT0CHAN0,19,0.01595237809452363,queue_entry_seconds
correlation-fio-randwrite-cores1,pcm_imc,rpq_occupancy,SKT0CHAN0,20,0.015563887471867967,queue_entry_seconds
correlation-fio-randwrite-cores1,pcm_imc,rpq_occupancy,SKT0CHAN0,21,0.015535832708177044,queue_entry_seconds
correlation-fio-randwrite-cores1,pcm_imc,rpq_occupancy,SKT0CHAN0,22,0.01584447486871718,queue_entry_seconds
correlation-fio-randwrite-cores1,pcm_imc,rpq_occupancy,SKT0CHAN0,23,0.015380174793698425,queue_entry_seconds
correlation-fio-randwrite-cores1,pcm_imc,rpq_occupancy,SKT0CHAN0,24,0.015670426106526632,queue_entry_seconds
correlation-fio-randwrite-cores1,pcm_imc,rpq_occupancy,SKT0CHAN0,25,0.015415944486121531,queue_entry_seconds
correlation-fio-randwrite-cores1,pcm_imc,rpq_occupancy,SKT0CHAN0,26,0.015743745686421607,queue_entry_seconds
correlation-fio-randwrite-cores1,pcm_imc,rpq_occupancy,SKT0CHAN0,27,0.01544298574643661,queue_entry_seconds
correlation-fio-randwrite-cores1,pcm_imc,rpq_occupancy,SKT0CHAN0,28,0.016006635408852214,queue_entry_seconds
correlation-fio-randwrite-cores1,pcm_imc,rpq_occupancy,SKT0CHAN0,29,0.01498437359339835,queue_entry_seconds
correlation-fio-randwrite-cores1,pcm_imc,rpq_occupancy,SKT0CHAN0,30,0.015810956489122282,queue_entry_seconds
correlation-fio-randwrite-cores1,pcm_imc,rpq_occupancy,SKT0CHAN0,31,0.01546043885971493,queue_entry_seconds
correlation-fio-randwrite-cores1,pcm_imc,rpq_occupancy,SKT0CHAN0,32,0.015546386346586647,queue_entry_seconds
correlation-fio-randwrite-cores1,pcm_imc,rpq_occupancy,SKT0CHAN0,33,0.0156982288072018,queue_entry_seconds
correlation-fio-randwrite-cores1,pcm_imc,rpq_occupancy,SKT0CHAN0,34,0.015989424606151537,queue_entry_seconds
correlation-fio-randwrite-cores1,pcm_imc,rpq_occupancy,SKT0CHAN0,35,0.01505907726931733,queue_entry_seconds
correlation-fio-randwrite-cores1,pcm_imc,rpq_occupancy,SKT0CHAN0,36,0.01581441485371343,queue_entry_seconds
correlation-fio-randwrite-cores1,pcm_imc,rpq_occupancy,SKT0CHAN0,37,0.015406061515378844,queue_entry_seconds
correlation-fio-randwrite-cores1,pcm_imc,rpq_occupancy,SKT0CHAN0,38,0.01580271117779445,queue_entry_seconds
correlation-fio-randwrite-cores1,pcm_imc,rpq_occupancy,SKT0CHAN0,39,0.01587434208552138,queue_entry_seconds
correlation-fio-randwrite-cores1,pcm_imc,rpq_occupancy,SKT0CHAN0,40,0.015190066016504127,queue_entry_seconds
correlation-fio-randwrite-cores1,pcm_imc,rpq_occupancy,SKT0CHAN0,41,0.015720099774943735,queue_entry_seconds
correlation-fio-randwrite-cores1,pcm_imc,rpq_occupancy,SKT0CHAN0,42,0.015356230307576895,queue_entry_seconds
correlation-fio-randwrite-cores1,pcm_imc,rpq_occupancy,SKT0CHAN0,43,0.015450340585146287,queue_entry_seconds
correlation-fio-randwrite-cores1,pcm_imc,rpq_occupancy,SKT0CHAN0,44,0.015627005251312828,queue_entry_seconds
correlation-fio-randwrite-cores1,pcm_imc,rpq_occupancy,SKT0CHAN0,45,0.015828035258814703,queue_entry_seconds
correlation-fio-randwrite-cores1,pcm_imc,rpq_occupancy,SKT0CHAN0,46,0.015484990997749437,queue_entry_seconds
correlation-fio-randwrite-cores1,pcm_imc,rpq_occupancy,SKT0CHAN0,47,0.015884933983495875,queue_entry_seconds
correlation-fio-randwrite-cores1,pcm_imc,rpq_occupancy,SKT0CHAN0,48,0.01565698349587397,queue_entry_seconds
correlation-fio-randwrite-cores1,pcm_imc,rpq_occupancy,SKT0CHAN0,49,0.015941560390097524,queue_entry_seconds
correlation-fio-randwrite-cores1,pcm_imc,rpq_occupancy,SKT0CHAN0,50,0.015135559639909977,queue_entry_seconds
correlation-fio-randwrite-cores1,pcm_imc,rpq_occupancy,SKT0CHAN0,51,0.01578250187546887,queue_entry_seconds
correlation-fio-randwrite-cores1,pcm_imc,rpq_occupancy,SKT0CHAN0,52,0.0154370240060015,queue_entry_seconds
correlation-fio-randwrite-cores1,pcm_imc,rpq_occupancy,SKT0CHAN0,53,0.015505075018754689,queue_entry_seconds
correlation-fio-randwrite-cores1,pcm_imc,rpq_occupancy,SKT0CHAN0,54,0.01571064591147787,queue_entry_seconds
correlation-fio-randwrite-cores1,pcm_imc,rpq_occupancy,SKT0CHAN0,55,0.01555078319579895,queue_entry_seconds
correlation-fio-randwrite-cores1,pcm_imc,rpq_occupancy,SKT0CHAN0,56,0.01579660915228807,queue_entry_seconds
correlation-fio-randwrite-cores1,pcm_imc,rpq_occupancy,SKT0CHAN0,57,0.015221748687171794,queue_entry_seconds
correlation-fio-randwrite-cores1,pcm_imc,rpq_occupancy,SKT0CHAN0,58,0.015620747936984246,queue_entry_seconds
correlation-fio-randwrite-cores1,pcm_imc,rpq_occupancy,SKT0CHAN0,59,0.015428738934733684,queue_entry_seconds
correlation-fio-randwrite-cores1,pcm_imc,rpq_occupancy,SKT0CHAN1,0,0.016192869467366842,queue_entry_seconds
correlation-fio-randwrite-cores1,pcm_imc,rpq_occupancy,SKT0CHAN1,1,0.015974822955738936,queue_entry_seconds
correlation-fio-randwrite-cores1,pcm_imc,rpq_occupancy,SKT0CHAN1,2,0.01584218304576144,queue_entry_seconds
correlation-fio-randwrite-cores1,pcm_imc,rpq_occupancy,SKT0CHAN1,3,0.015616777944486121,queue_entry_seconds
correlation-fio-randwrite-cores1,pcm_imc,rpq_occupancy,SKT0CHAN1,4,0.01598802475618905,queue_entry_seconds
correlation-fio-randwrite-cores1,pcm_imc,rpq_occupancy,SKT0CHAN1,5,0.015678976744186047,queue_entry_seconds
correlation-fio-randwrite-cores1,pcm_imc,rpq_occupancy,SKT0CHAN1,6,0.01614378319579895,queue_entry_seconds
correlation-fio-randwrite-cores1,pcm_imc,rpq_occupancy,SKT0CHAN1,7,0.015321607651912978,queue_entry_seconds
correlation-fio-randwrite-cores1,pcm_imc,rpq_occupancy,SKT0CHAN1,8,0.015847259564891223,queue_entry_seconds
correlation-fio-randwrite-cores1,pcm_imc,rpq_occupancy,SKT0CHAN1,9,0.01587561890472618,queue_entry_seconds
correlation-fio-randwrite-cores1,pcm_imc,rpq_occupancy,SKT0CHAN1,10,0.01585030382595649,queue_entry_seconds
correlation-fio-randwrite-cores1,pcm_imc,rpq_occupancy,SKT0CHAN1,11,0.015934219804951237,queue_entry_seconds
correlation-fio-randwrite-cores1,pcm_imc,rpq_occupancy,SKT0CHAN1,12,0.01573603150787697,queue_entry_seconds
correlation-fio-randwrite-cores1,pcm_imc,rpq_occupancy,SKT0CHAN1,13,0.01711455138784696,queue_entry_seconds
correlation-fio-randwrite-cores1,pcm_imc,rpq_occupancy,SKT0CHAN1,14,0.015439451612903226,queue_entry_seconds
correlation-fio-randwrite-cores1,pcm_imc,rpq_occupancy,SKT0CHAN1,15,0.015771138784696173,queue_entry_seconds
correlation-fio-randwrite-cores1,pcm_imc,rpq_occupancy,SKT0CHAN1,16,0.015460996999249813,queue_entry_seconds
correlation-fio-randwrite-cores1,pcm_imc,rpq_occupancy,SKT0CHAN1,17,0.016400981995498876,queue_entry_seconds
correlation-fio-randwrite-cores1,pcm_imc,rpq_occupancy,SKT0CHAN1,18,0.015321828207051764,queue_entry_seconds
correlation-fio-randwrite-cores1,pcm_imc,rpq_occupancy,SKT0CHAN1,19,0.01599054013503376,queue_entry_seconds
correlation-fio-randwrite-cores1,pcm_imc,rpq_occupancy,SKT0CHAN1,20,0.01571211102775694,queue_entry_seconds
correlation-fio-randwrite-cores1,pcm_imc,rpq_occupancy,SKT0CHAN1,21,0.015820327081770443,queue_entry_seconds
correlation-fio-randwrite-cores1,pcm_imc,rpq_occupancy,SKT0CHAN1,22,0.015901193548387097,queue_entry_seconds
correlation-fio-randwrite-cores1,pcm_imc,rpq_occupancy,SKT0CHAN1,23,0.015539360840210053,queue_entry_seconds
correlation-fio-randwrite-cores1,pcm_imc,rpq_occupancy,SKT0CHAN1,24,0.015834026256564143,queue_entry_seconds
correlation-fio-randwrite-cores1,pcm_imc,rpq_occupancy,SKT0CHAN1,25,0.015585579144786197,queue_entry_seconds
correlation-fio-randwrite-cores1,pcm_imc,rpq_occupancy,SKT0CHAN1,26,0.015930702925731434,queue_entry_seconds
correlation-fio-randwrite-cores1,pcm_imc,rpq_occupancy,SKT0CHAN1,27,0.015670837959489873,queue_entry_seconds
correlation-fio-randwrite-cores1,pcm_imc,rpq_occupancy,SKT0CHAN1,28,0.016170687921980495,queue_entry_seconds
correlation-fio-randwrite-cores1,pcm_imc,rpq_occupancy,SKT0CHAN1,29,0.015205480870217555,queue_entry_seconds
correlation-fio-randwrite-cores1,pcm_imc,rpq_occupancy,SKT0CHAN1,30,0.0159763968492123,queue_entry_seconds
correlation-fio-randwrite-cores1,pcm_imc,rpq_occupancy,SKT0CHAN1,31,0.01569075168792198,queue_entry_seconds
correlation-fio-randwrite-cores1,pcm_imc,rpq_occupancy,SKT0CHAN1,32,0.01571888372093023,queue_entry_seconds
correlation-fio-randwrite-cores1,pcm_imc,rpq_occupancy,SKT0CHAN1,33,0.015809480870217555,queue_entry_seconds
correlation-fio-randwrite-cores1,pcm_imc,rpq_occupancy,SKT0CHAN1,34,0.016142683420855213,queue_entry_seconds
correlation-fio-randwrite-cores1,pcm_imc,rpq_occupancy,SKT0CHAN1,35,0.015228303075768942,queue_entry_seconds
correlation-fio-randwrite-cores1,pcm_imc,rpq_occupancy,SKT0CHAN1,36,0.016148756939234808,queue_entry_seconds
correlation-fio-randwrite-cores1,pcm_imc,rpq_occupancy,SKT0CHAN1,37,0.015692844711177795,queue_entry_seconds
correlation-fio-randwrite-cores1,pcm_imc,rpq_occupancy,SKT0CHAN1,38,0.016116023255813954,queue_entry_seconds
correlation-fio-randwrite-cores1,pcm_imc,rpq_occupancy,SKT0CHAN1,39,0.016121000750187547,queue_entry_seconds
correlation-fio-randwrite-cores1,pcm_imc,rpq_occupancy,SKT0CHAN1,40,0.015509779444861215,queue_entry_seconds
correlation-fio-randwrite-cores1,pcm_imc,rpq_occupancy,SKT0CHAN1,41,0.015997832708177045,queue_entry_seconds
correlation-fio-randwrite-cores1,pcm_imc,rpq_occupancy,SKT0CHAN1,42,0.015647204051012754,queue_entry_seconds
correlation-fio-randwrite-cores1,pcm_imc,rpq_occupancy,SKT0CHAN1,43,0.015724058514628658,queue_entry_seconds
correlation-fio-randwrite-cores1,pcm_imc,rpq_occupancy,SKT0CHAN1,44,0.01593353713428357,queue_entry_seconds
correlation-fio-randwrite-cores1,pcm_imc,rpq_occupancy,SKT0CHAN1,45,0.016057258814703677,queue_entry_seconds
correlation-fio-randwrite-cores1,pcm_imc,rpq_occupancy,SKT0CHAN1,46,0.01569868192048012,queue_entry_seconds
correlation-fio-randwrite-cores1,pcm_imc,rpq_occupancy,SKT0CHAN1,47,0.01616954913728432,queue_entry_seconds
correlation-fio-randwrite-cores1,pcm_imc,rpq_occupancy,SKT0CHAN1,48,0.01578205776444111,queue_entry_seconds
correlation-fio-randwrite-cores1,pcm_imc,rpq_occupancy,SKT0CHAN1,49,0.016125328582145538,queue_entry_seconds
correlation-fio-randwrite-cores1,pcm_imc,rpq_occupancy,SKT0CHAN1,50,0.015454111027756939,queue_entry_seconds
correlation-fio-randwrite-cores1,pcm_imc,rpq_occupancy,SKT0CHAN1,51,0.015968514628657164,queue_entry_seconds
correlation-fio-randwrite-cores1,pcm_imc,rpq_occupancy,SKT0CHAN1,52,0.01575549362340585,queue_entry_seconds
correlation-fio-randwrite-cores1,pcm_imc,rpq_occupancy,SKT0CHAN1,53,0.015677054013503375,queue_entry_seconds
correlation-fio-randwrite-cores1,pcm_imc,rpq_occupancy,SKT0CHAN1,54,0.015864798949737434,queue_entry_seconds
correlation-fio-randwrite-cores1,pcm_imc,rpq_occupancy,SKT0CHAN1,55,0.015724440360090023,queue_entry_seconds
correlation-fio-randwrite-cores1,pcm_imc,rpq_occupancy,SKT0CHAN1,56,0.015974595648912227,queue_entry_seconds
correlation-fio-randwrite-cores1,pcm_imc,rpq_occupancy,SKT0CHAN1,57,0.01563981170292573,queue_entry_seconds
correlation-fio-randwrite-cores1,pcm_imc,rpq_occupancy,SKT0CHAN1,58,0.015957158289572393,queue_entry_seconds
correlation-fio-randwrite-cores1,pcm_imc,rpq_occupancy,SKT0CHAN1,59,0.015715936234058515,queue_entry_seconds
correlation-fio-randwrite-cores1,pcm_imc,rpq_occupancy,SKT0CHAN2,0,0.01602370067516879,queue_entry_seconds
correlation-fio-randwrite-cores1,pcm_imc,rpq_occupancy,SKT0CHAN2,1,0.015801738934733682,queue_entry_seconds
correlation-fio-randwrite-cores1,pcm_imc,rpq_occupancy,SKT0CHAN2,2,0.01572752288072018,queue_entry_seconds
correlation-fio-randwrite-cores1,pcm_imc,rpq_occupancy,SKT0CHAN2,3,0.015427549137284322,queue_entry_seconds
correlation-fio-randwrite-cores1,pcm_imc,rpq_occupancy,SKT0CHAN2,4,0.015711326331582894,queue_entry_seconds
correlation-fio-randwrite-cores1,pcm_imc,rpq_occupancy,SKT0CHAN2,5,0.015469723930982745,queue_entry_seconds
correlation-fio-randwrite-cores1,pcm_imc,rpq_occupancy,SKT0CHAN2,6,0.01602041635408852,queue_entry_seconds
correlation-fio-randwrite-cores1,pcm_imc,rpq_occupancy,SKT0CHAN2,7,0.015169963240810203,queue_entry_seconds
correlation-fio-randwrite-cores1,pcm_imc,rpq_occupancy,SKT0CHAN2,8,0.015720418604651162,queue_entry_seconds
correlation-fio-randwrite-cores1,pcm_imc,rpq_occupancy,SKT0CHAN2,9,0.015642523630907727,queue_entry_seconds
correlation-fio-randwrite-cores1,pcm_imc,rpq_occupancy,SKT0CHAN2,10,0.015605682670667666,queue_entry_seconds
correlation-fio-randwrite-cores1,pcm_imc,rpq_occupancy,SKT0CHAN2,11,0.015723939234808703,queue_entry_seconds
correlation-fio-randwrite-cores1,pcm_imc,rpq_occupancy,SKT0CHAN2,12,0.015462617404351087,queue_entry_seconds
correlation-fio-randwrite-cores1,pcm_imc,rpq_occupancy,SKT0CHAN2,13,0.01704548912228057,queue_entry_seconds
correlation-fio-randwrite-cores1,pcm_imc,rpq_occupancy,SKT0CHAN2,14,0.015415233308327081,queue_entry_seconds
correlation-fio-randwrite-cores1,pcm_imc,rpq_occupancy,SKT0CHAN2,15,0.01585036609152288,queue_entry_seconds
correlation-fio-randwrite-cores1,pcm_imc,rpq_occupancy,SKT0CHAN2,16,0.015418913728432107,queue_entry_seconds
correlation-fio-randwrite-cores1,pcm_imc,rpq_occupancy,SKT0CHAN2,17,0.016294723930982746,queue_entry_seconds
correlation-fio-randwrite-cores1,pcm_imc,rpq_occupancy,SKT0CHAN2,18,0.01531211327831958,queue_entry_seconds
correlation-fio-randwrite-cores1,pcm_imc,rpq_occupancy,SKT0CHAN2,19,0.01588159264816204,queue_entry_seconds
correlation-fio-randwrite-cores1,pcm_imc,rpq_occupancy,SKT0CHAN2,20,0.015610092273068267,queue_entry_seconds
correlation-fio-randwrite-cores1,pcm_imc,rpq_occupancy,SKT0CHAN2,21,0.01571328507126782,queue_entry_seconds
correlation-fio-randwrite-cores1,pcm_imc,rpq_occupancy,SKT0CHAN2,22,0.015834147786946737,queue_entry_seconds
correlation-fio-randwrite-cores1,pcm_imc,rpq_occupancy,SKT0CHAN2,23,0.015313496624156039,queue_entry_seconds
correlation-fio-randwrite-cores1,pcm_imc,rpq_occupancy,SKT0CHAN2,24,0.015746191297824456,queue_entry_seconds
correlation-fio-randwrite-cores1,pcm_imc,rpq_occupancy,SKT0CHAN2,25,0.015488009752438109,queue_entry_seconds
correlation-fio-randwrite-cores1,pcm_imc,rpq_occupancy,SKT0CHAN2,26,0.015700102025506375,queue_entry_seconds
correlation-fio-randwrite-cores1,pcm_imc,rpq_occupancy,SKT0CHAN2,27,0.015458364591147787,queue_entry_seconds
correlation-fio-randwrite-cores1,pcm_imc,rpq_occupancy,SKT0CHAN2,28,0.01593478094523631,queue_entry_seconds
correlation-fio-randwrite-cores1,pcm_imc,rpq_occupancy,SKT0CHAN2,29,0.015036637659414853,queue_entry_seconds
correlation-fio-randwrite-cores1,pcm_imc,rpq_occupancy,SKT0CHAN2,30,0.015770690922730684,queue_entry_seconds
correlation-fio-randwrite-cores1,pcm_imc,rpq_occupancy,SKT0CHAN2,31,0.015486938484621156,queue_entry_seconds
correlation-fio-randwrite-cores1,pcm_imc,rpq_occupancy,SKT0CHAN2,32,0.015530149287321831,queue_entry_seconds
correlation-fio-randwrite-cores1,pcm_imc,rpq_occupancy,SKT0CHAN2,33,0.01568645536384096,queue_entry_seconds
correlation-fio-randwrite-cores1,pcm_imc,rpq_occupancy,SKT0CHAN2,34,0.0160024816204051,queue_entry_seconds
correlation-fio-randwrite-cores1,pcm_imc,rpq_occupancy,SKT0CHAN2,35,0.015011505626406602,queue_entry_seconds
correlation-fio-randwrite-cores1,pcm_imc,rpq_occupancy,SKT0CHAN2,36,0.015922119279819954,queue_entry_seconds
correlation-fio-randwrite-cores1,pcm_imc,rpq_occupancy,SKT0CHAN2,37,0.015461529632408101,queue_entry_seconds
correlation-fio-randwrite-cores1,pcm_imc,rpq_occupancy,SKT0CHAN2,38,0.015825227306826707,queue_entry_seconds
correlation-fio-randwrite-cores1,pcm_imc,rpq_occupancy,SKT0CHAN2,39,0.015915555138784697,queue_entry_seconds
correlation-fio-randwrite-cores1,pcm_imc,rpq_occupancy,SKT0CHAN2,40,0.015203157539384846,queue_entry_seconds
correlation-fio-randwrite-cores1,pcm_imc,rpq_occupancy,SKT0CHAN2,41,0.015761959489872468,queue_entry_seconds
correlation-fio-randwrite-cores1,pcm_imc,rpq_occupancy,SKT0CHAN2,42,0.015365514628657165,queue_entry_seconds
correlation-fio-randwrite-cores1,pcm_imc,rpq_occupancy,SKT0CHAN2,43,0.015351122280570142,queue_entry_seconds
correlation-fio-randwrite-cores1,pcm_imc,rpq_occupancy,SKT0CHAN2,44,0.015627573893473367,queue_entry_seconds
correlation-fio-randwrite-cores1,pcm_imc,rpq_occupancy,SKT0CHAN2,45,0.01583846286571643,queue_entry_seconds
correlation-fio-randwrite-cores1,pcm_imc,rpq_occupancy,SKT0CHAN2,46,0.015464670667666916,queue_entry_seconds
correlation-fio-randwrite-cores1,pcm_imc,rpq_occupancy,SKT0CHAN2,47,0.01592055213803451,queue_entry_seconds
correlation-fio-randwrite-cores1,pcm_imc,rpq_occupancy,SKT0CHAN2,48,0.015572943735933983,queue_entry_seconds
correlation-fio-randwrite-cores1,pcm_imc,rpq_occupancy,SKT0CHAN2,49,0.015942138784696174,queue_entry_seconds
correlation-fio-randwrite-cores1,pcm_imc,rpq_occupancy,SKT0CHAN2,50,0.015251450112528132,queue_entry_seconds
correlation-fio-randwrite-cores1,pcm_imc,rpq_occupancy,SKT0CHAN2,51,0.015699043510877718,queue_entry_seconds
correlation-fio-randwrite-cores1,pcm_imc,rpq_occupancy,SKT0CHAN2,52,0.015573399099774943,queue_entry_seconds
correlation-fio-randwrite-cores1,pcm_imc,rpq_occupancy,SKT0CHAN2,53,0.015482328582145537,queue_entry_seconds
correlation-fio-randwrite-cores1,pcm_imc,rpq_occupancy,SKT0CHAN2,54,0.015630778694673667,queue_entry_seconds
correlation-fio-randwrite-cores1,pcm_imc,rpq_occupancy,SKT0CHAN2,55,0.015477490622655663,queue_entry_seconds
correlation-fio-randwrite-cores1,pcm_imc,rpq_occupancy,SKT0CHAN2,56,0.01572367966991748,queue_entry_seconds
correlation-fio-randwrite-cores1,pcm_imc,rpq_occupancy,SKT0CHAN2,57,0.015287051012753189,queue_entry_seconds
correlation-fio-randwrite-cores1,pcm_imc,rpq_occupancy,SKT0CHAN2,58,0.015703576894223557,queue_entry_seconds
correlation-fio-randwrite-cores1,pcm_imc,rpq_occupancy,SKT0CHAN2,59,0.015363504876219054,queue_entry_seconds
correlation-fio-randwrite-cores1,pcm_imc,rpq_occupancy,SKT0CHAN3,0,0.016209239309827456,queue_entry_seconds
correlation-fio-randwrite-cores1,pcm_imc,rpq_occupancy,SKT0CHAN3,1,0.01592758364591148,queue_entry_seconds
correlation-fio-randwrite-cores1,pcm_imc,rpq_occupancy,SKT0CHAN3,2,0.015806880720180046,queue_entry_seconds
correlation-fio-randwrite-cores1,pcm_imc,rpq_occupancy,SKT0CHAN3,3,0.015460228057014254,queue_entry_seconds
correlation-fio-randwrite-cores1,pcm_imc,rpq_occupancy,SKT0CHAN3,4,0.01579594523630908,queue_entry_seconds
correlation-fio-randwrite-cores1,pcm_imc,rpq_occupancy,SKT0CHAN3,5,0.015475273068267067,queue_entry_seconds
correlation-fio-randwrite-cores1,pcm_imc,rpq_occupancy,SKT0CHAN3,6,0.016096777194298573,queue_entry_seconds
correlation-fio-randwrite-cores1,pcm_imc,rpq_occupancy,SKT0CHAN3,7,0.015194189797449362,queue_entry_seconds
correlation-fio-randwrite-cores1,pcm_imc,rpq_occupancy,SKT0CHAN3,8,0.015640543885971494,queue_entry_seconds
correlation-fio-randwrite-cores1,pcm_imc,rpq_occupancy,SKT0CHAN3,9,0.015570468117029257,queue_entry_seconds
correlation-fio-randwrite-cores1,pcm_imc,rpq_occupancy,SKT0CHAN3,10,0.015649723930982747,queue_entry_seconds
correlation-fio-randwrite-cores1,pcm_imc,rpq_occupancy,SKT0CHAN3,11,0.01571224606151538,queue_entry_seconds
correlation-fio-randwrite-cores1,pcm_imc,rpq_occupancy,SKT0CHAN3,12,0.015554342835708928,queue_entry_seconds
correlation-fio-randwrite-cores1,pcm_imc,rpq_occupancy,SKT0CHAN3,13,0.017326816204051014,queue_entry_seconds
correlation-fio-randwrite-cores1,pcm_imc,rpq_occupancy,SKT0CHAN3,14,0.015484858964741185,queue_entry_seconds
correlation-fio-randwrite-cores1,pcm_imc,rpq_occupancy,SKT0CHAN3,15,0.015774179294823706,queue_entry_seconds
correlation-fio-randwrite-cores1,pcm_imc,rpq_occupancy,SKT0CHAN3,16,0.015502452363090773,queue_entry_seconds
correlation-fio-randwrite-cores1,pcm_imc,rpq_occupancy,SKT0CHAN3,17,0.016373277569392348,queue_entry_seconds
correlation-fio-randwrite-cores1,pcm_imc,rpq_occupancy,SKT0CHAN3,18,0.015322869467366843,queue_entry_seconds
correlation-fio-randwrite-cores1,pcm_imc,rpq_occupancy,SKT0CHAN3,19,0.015835697674418604,queue_entry_seconds
correlation-fio-randwrite-cores1,pcm_imc,rpq_occupancy,SKT0CHAN3,20,0.015541291072768191,queue_entry_seconds
correlation-fio-randwrite-cores1,pcm_imc,rpq_occupancy,SKT0CHAN3,21,0.015634692423105775,queue_entry_seconds
correlation-fio-randwrite-cores1,pcm_imc,rpq_occupancy,SKT0CHAN3,22,0.015895001500375094,queue_entry_seconds
correlation-fio-randwrite-cores1,pcm_imc,rpq_occupancy,SKT0CHAN3,23,0.015465377344336085,queue_entry_seconds
correlation-fio-randwrite-cores1,pcm_imc,rpq_occupancy,SKT0CHAN3,24,0.015711849212303074,queue_entry_seconds
correlation-fio-randwrite-cores1,pcm_imc,rpq_occupancy,SKT0CHAN3,25,0.015465729932483121,queue_entry_seconds
correlation-fio-randwrite-cores1,pcm_imc,rpq_occupancy,SKT0CHAN3,26,0.015779586646661667,queue_entry_seconds
correlation-fio-randwrite-cores1,pcm_imc,rpq_occupancy,SKT0CHAN3,27,0.015469668417104275,queue_entry_seconds
correlation-fio-randwrite-cores1,pcm_imc,rpq_occupancy,SKT0CHAN3,28,0.01610661140285071,queue_entry_seconds
correlation-fio-randwrite-cores1,pcm_imc,rpq_occupancy,SKT0CHAN3,29,0.015028352588147036,queue_entry_seconds
correlation-fio-randwrite-cores1,pcm_imc,rpq_occupancy,SKT0CHAN3,30,0.01577140735183796,queue_entry_seconds
correlation-fio-randwrite-cores1,pcm_imc,rpq_occupancy,SKT0CHAN3,31,0.015437153038259564,queue_entry_seconds
correlation-fio-randwrite-cores1,pcm_imc,rpq_occupancy,SKT0CHAN3,32,0.015551655663915979,queue_entry_seconds
correlation-fio-randwrite-cores1,pcm_imc,rpq_occupancy,SKT0CHAN3,33,0.015599119279819955,queue_entry_seconds
correlation-fio-randwrite-cores1,pcm_imc,rpq_occupancy,SKT0CHAN3,34,0.015970635408852213,queue_entry_seconds
correlation-fio-randwrite-cores1,pcm_imc,rpq_occupancy,SKT0CHAN3,35,0.015044969242310578,queue_entry_seconds
correlation-fio-randwrite-cores1,pcm_imc,rpq_occupancy,SKT0CHAN3,36,0.01589452063015754,queue_entry_seconds
correlation-fio-randwrite-cores1,pcm_imc,rpq_occupancy,SKT0CHAN3,37,0.015432165041260316,queue_entry_seconds
correlation-fio-randwrite-cores1,pcm_imc,rpq_occupancy,SKT0CHAN3,38,0.01580049662415604,queue_entry_seconds
correlation-fio-randwrite-cores1,pcm_imc,rpq_occupancy,SKT0CHAN3,39,0.0158957231807952,queue_entry_seconds
correlation-fio-randwrite-cores1,pcm_imc,rpq_occupancy,SKT0CHAN3,40,0.015250130532633159,queue_entry_seconds
correlation-fio-randwrite-cores1,pcm_imc,rpq_occupancy,SKT0CHAN3,41,0.015760096024006,queue_entry_seconds
correlation-fio-randwrite-cores1,pcm_imc,rpq_occupancy,SKT0CHAN3,42,0.015323536384096025,queue_entry_seconds
correlation-fio-randwrite-cores1,pcm_imc,rpq_occupancy,SKT0CHAN3,43,0.015557588147036758,queue_entry_seconds
correlation-fio-randwrite-cores1,pcm_imc,rpq_occupancy,SKT0CHAN3,44,0.015766859714928732,queue_entry_seconds
correlation-fio-randwrite-cores1,pcm_imc,rpq_occupancy,SKT0CHAN3,45,0.015838807951987995,queue_entry_seconds
correlation-fio-randwrite-cores1,pcm_imc,rpq_occupancy,SKT0CHAN3,46,0.015417078769692423,queue_entry_seconds
correlation-fio-randwrite-cores1,pcm_imc,rpq_occupancy,SKT0CHAN3,47,0.015882825956489124,queue_entry_seconds
correlation-fio-randwrite-cores1,pcm_imc,rpq_occupancy,SKT0CHAN3,48,0.015509121530382596,queue_entry_seconds
correlation-fio-randwrite-cores1,pcm_imc,rpq_occupancy,SKT0CHAN3,49,0.01594230382595649,queue_entry_seconds
correlation-fio-randwrite-cores1,pcm_imc,rpq_occupancy,SKT0CHAN3,50,0.015184856714178544,queue_entry_seconds
correlation-fio-randwrite-cores1,pcm_imc,rpq_occupancy,SKT0CHAN3,51,0.01578118529632408,queue_entry_seconds
correlation-fio-randwrite-cores1,pcm_imc,rpq_occupancy,SKT0CHAN3,52,0.015533044261065266,queue_entry_seconds
correlation-fio-randwrite-cores1,pcm_imc,rpq_occupancy,SKT0CHAN3,53,0.015462150787696924,queue_entry_seconds
correlation-fio-randwrite-cores1,pcm_imc,rpq_occupancy,SKT0CHAN3,54,0.015738484621155287,queue_entry_seconds
correlation-fio-randwrite-cores1,pcm_imc,rpq_occupancy,SKT0CHAN3,55,0.015557037509377345,queue_entry_seconds
correlation-fio-randwrite-cores1,pcm_imc,rpq_occupancy,SKT0CHAN3,56,0.015849134283570893,queue_entry_seconds
correlation-fio-randwrite-cores1,pcm_imc,rpq_occupancy,SKT0CHAN3,57,0.015271381845461365,queue_entry_seconds
correlation-fio-randwrite-cores1,pcm_imc,rpq_occupancy,SKT0CHAN3,58,0.015667233308327082,queue_entry_seconds
correlation-fio-randwrite-cores1,pcm_imc,rpq_occupancy,SKT0CHAN3,59,0.015435630907726932,queue_entry_seconds
correlation-fio-randwrite-cores1,pcm_imc,rpq_occupancy,SKT0CHAN4,0,0.016009941485371344,queue_entry_seconds
correlation-fio-randwrite-cores1,pcm_imc,rpq_occupancy,SKT0CHAN4,1,0.015767789197299324,queue_entry_seconds
correlation-fio-randwrite-cores1,pcm_imc,rpq_occupancy,SKT0CHAN4,2,0.015684809452363092,queue_entry_seconds
correlation-fio-randwrite-cores1,pcm_imc,rpq_occupancy,SKT0CHAN4,3,0.015381585896474119,queue_entry_seconds
correlation-fio-randwrite-cores1,pcm_imc,rpq_occupancy,SKT0CHAN4,4,0.01562300225056264,queue_entry_seconds
correlation-fio-randwrite-cores1,pcm_imc,rpq_occupancy,SKT0CHAN4,5,0.015420579894973743,queue_entry_seconds
correlation-fio-randwrite-cores1,pcm_imc,rpq_occupancy,SKT0CHAN4,6,0.01605675918979745,queue_entry_seconds
correlation-fio-randwrite-cores1,pcm_imc,rpq_occupancy,SKT0CHAN4,7,0.015070827456864217,queue_entry_seconds
correlation-fio-randwrite-cores1,pcm_imc,rpq_occupancy,SKT0CHAN4,8,0.015674579894973742,queue_entry_seconds
correlation-fio-randwrite-cores1,pcm_imc,rpq_occupancy,SKT0CHAN4,9,0.01556662640660165,queue_entry_seconds
correlation-fio-randwrite-cores1,pcm_imc,rpq_occupancy,SKT0CHAN4,10,0.015588131282820706,queue_entry_seconds
correlation-fio-randwrite-cores1,pcm_imc,rpq_occupancy,SKT0CHAN4,11,0.01562959264816204,queue_entry_seconds
correlation-fio-randwrite-cores1,pcm_imc,rpq_occupancy,SKT0CHAN4,12,0.015437522130532634,queue_entry_seconds
correlation-fio-randwrite-cores1,pcm_imc,rpq_occupancy,SKT0CHAN4,13,0.017084561890472617,queue_entry_seconds
correlation-fio-randwrite-cores1,pcm_imc,rpq_occupancy,SKT0CHAN4,14,0.015320789197299324,queue_entry_seconds
correlation-fio-randwrite-cores1,pcm_imc,rpq_occupancy,SKT0CHAN4,15,0.015700206301575394,queue_entry_seconds
correlation-fio-randwrite-cores1,pcm_imc,rpq_occupancy,SKT0CHAN4,16,0.015403682670667667,queue_entry_seconds
correlation-fio-randwrite-cores1,pcm_imc,rpq_occupancy,SKT0CHAN4,17,0.01633364066016504,queue_entry_seconds
correlation-fio-randwrite-cores1,pcm_imc,rpq_occupancy,SKT0CHAN4,18,0.015294285821455363,queue_entry_seconds
correlation-fio-randwrite-cores1,pcm_imc,rpq_occupancy,SKT0CHAN4,19,0.01592843585896474,queue_entry_seconds
correlation-fio-randwrite-cores1,pcm_imc,rpq_occupancy,SKT0CHAN4,20,0.01553636384096024,queue_entry_seconds
correlation-fio-randwrite-cores1,pcm_imc,rpq_occupancy,SKT0CHAN4,21,0.01552074193548387,queue_entry_seconds
correlation-fio-randwrite-cores1,pcm_imc,rpq_occupancy,SKT0CHAN4,22,0.015810270817704426,queue_entry_seconds
correlation-fio-randwrite-cores1,pcm_imc,rpq_occupancy,SKT0CHAN4,23,0.015338005251312828,queue_entry_seconds
correlation-fio-randwrite-cores1,pcm_imc,rpq_occupancy,SKT0CHAN4,24,0.015706006001500374,queue_entry_seconds
correlation-fio-randwrite-cores1,pcm_imc,rpq_occupancy,SKT0CHAN4,25,0.015447420105026257,queue_entry_seconds
correlation-fio-randwrite-cores1,pcm_imc,rpq_occupancy,SKT0CHAN4,26,0.015745054763690924,queue_entry_seconds
correlation-fio-randwrite-cores1,pcm_imc,rpq_occupancy,SKT0CHAN4,27,0.015385682670667667,queue_entry_seconds
correlation-fio-randwrite-cores1,pcm_imc,rpq_occupancy,SKT0CHAN4,28,0.015949472618154537,queue_entry_seconds
correlation-fio-randwrite-cores1,pcm_imc,rpq_occupancy,SKT0CHAN4,29,0.01499296624156039,queue_entry_seconds
correlation-fio-randwrite-cores1,pcm_imc,rpq_occupancy,SKT0CHAN4,30,0.01573664591147787,queue_entry_seconds
correlation-fio-randwrite-cores1,pcm_imc,rpq_occupancy,SKT0CHAN4,31,0.015411268567141785,queue_entry_seconds
correlation-fio-randwrite-cores1,pcm_imc,rpq_occupancy,SKT0CHAN4,32,0.015527617404351088,queue_entry_seconds
correlation-fio-randwrite-cores1,pcm_imc,rpq_occupancy,SKT0CHAN4,33,0.01569614178544636,queue_entry_seconds
correlation-fio-randwrite-cores1,pcm_imc,rpq_occupancy,SKT0CHAN4,34,0.015958492123030757,queue_entry_seconds
correlation-fio-randwrite-cores1,pcm_imc,rpq_occupancy,SKT0CHAN4,35,0.014999672168042011,queue_entry_seconds
correlation-fio-randwrite-cores1,pcm_imc,rpq_occupancy,SKT0CHAN4,36,0.015791231057764442,queue_entry_seconds
correlation-fio-randwrite-cores1,pcm_imc,rpq_occupancy,SKT0CHAN4,37,0.015381469617404352,queue_entry_seconds
correlation-fio-randwrite-cores1,pcm_imc,rpq_occupancy,SKT0CHAN4,38,0.015710351087771943,queue_entry_seconds
correlation-fio-randwrite-cores1,pcm_imc,rpq_occupancy,SKT0CHAN4,39,0.01598554913728432,queue_entry_seconds
correlation-fio-randwrite-cores1,pcm_imc,rpq_occupancy,SKT0CHAN4,40,0.015229591147786947,queue_entry_seconds
correlation-fio-randwrite-cores1,pcm_imc,rpq_occupancy,SKT0CHAN4,41,0.015718909977494373,queue_entry_seconds
correlation-fio-randwrite-cores1,pcm_imc,rpq_occupancy,SKT0CHAN4,42,0.015295847711927981,queue_entry_seconds
correlation-fio-randwrite-cores1,pcm_imc,rpq_occupancy,SKT0CHAN4,43,0.015399256564141036,queue_entry_seconds
correlation-fio-randwrite-cores1,pcm_imc,rpq_occupancy,SKT0CHAN4,44,0.015629066016504125,queue_entry_seconds
correlation-fio-randwrite-cores1,pcm_imc,rpq_occupancy,SKT0CHAN4,45,0.015780804201050262,queue_entry_seconds
correlation-fio-randwrite-cores1,pcm_imc,rpq_occupancy,SKT0CHAN4,46,0.015536116279069768,queue_entry_seconds
correlation-fio-randwrite-cores1,pcm_imc,rpq_occupancy,SKT0CHAN4,47,0.015878651162790698,queue_entry_seconds
correlation-fio-randwrite-cores1,pcm_imc,rpq_occupancy,SKT0CHAN4,48,0.0154677711927982,queue_entry_seconds
correlation-fio-randwrite-cores1,pcm_imc,rpq_occupancy,SKT0CHAN4,49,0.015833733683420854,queue_entry_seconds
correlation-fio-randwrite-cores1,pcm_imc,rpq_occupancy,SKT0CHAN4,50,0.01520557314328582,queue_entry_seconds
correlation-fio-randwrite-cores1,pcm_imc,rpq_occupancy,SKT0CHAN4,51,0.015677182295573893,queue_entry_seconds
correlation-fio-randwrite-cores1,pcm_imc,rpq_occupancy,SKT0CHAN4,52,0.015549108027006752,queue_entry_seconds
correlation-fio-randwrite-cores1,pcm_imc,rpq_occupancy,SKT0CHAN4,53,0.015473009002250562,queue_entry_seconds
correlation-fio-randwrite-cores1,pcm_imc,rpq_occupancy,SKT0CHAN4,54,0.015546020255063766,queue_entry_seconds
correlation-fio-randwrite-cores1,pcm_imc,rpq_occupancy,SKT0CHAN4,55,0.015449800450112528,queue_entry_seconds
correlation-fio-randwrite-cores1,pcm_imc,rpq_occupancy,SKT0CHAN4,56,0.015740777944486122,queue_entry_seconds
correlation-fio-randwrite-cores1,pcm_imc,rpq_occupancy,SKT0CHAN4,57,0.015247299324831208,queue_entry_seconds
correlation-fio-randwrite-cores1,pcm_imc,rpq_occupancy,SKT0CHAN4,58,0.015694425356339085,queue_entry_seconds
correlation-fio-randwrite-cores1,pcm_imc,rpq_occupancy,SKT0CHAN4,59,0.015452774943735934,queue_entry_seconds
correlation-fio-randwrite-cores1,pcm_imc,rpq_occupancy,SKT0CHAN5,0,0.01602449137284321,queue_entry_seconds
correlation-fio-randwrite-cores1,pcm_imc,rpq_occupancy,SKT0CHAN5,1,0.015790830457614403,queue_entry_seconds
correlation-fio-randwrite-cores1,pcm_imc,rpq_occupancy,SKT0CHAN5,2,0.015734991747936983,queue_entry_seconds
correlation-fio-randwrite-cores1,pcm_imc,rpq_occupancy,SKT0CHAN5,3,0.01539853713428357,queue_entry_seconds
correlation-fio-randwrite-cores1,pcm_imc,rpq_occupancy,SKT0CHAN5,4,0.01559829632408102,queue_entry_seconds
correlation-fio-randwrite-cores1,pcm_imc,rpq_occupancy,SKT0CHAN5,5,0.015475321080270067,queue_entry_seconds
correlation-fio-randwrite-cores1,pcm_imc,rpq_occupancy,SKT0CHAN5,6,0.01600094523630908,queue_entry_seconds
correlation-fio-randwrite-cores1,pcm_imc,rpq_occupancy,SKT0CHAN5,7,0.015122819954988747,queue_entry_seconds
correlation-fio-randwrite-cores1,pcm_imc,rpq_occupancy,SKT0CHAN5,8,0.015613004501125282,queue_entry_seconds
correlation-fio-randwrite-cores1,pcm_imc,rpq_occupancy,SKT0CHAN5,9,0.015520436609152288,queue_entry_seconds
correlation-fio-randwrite-cores1,pcm_imc,rpq_occupancy,SKT0CHAN5,10,0.01561088897224306,queue_entry_seconds
correlation-fio-randwrite-cores1,pcm_imc,rpq_occupancy,SKT0CHAN5,11,0.015633372843210803,queue_entry_seconds
correlation-fio-randwrite-cores1,pcm_imc,rpq_occupancy,SKT0CHAN5,12,0.015482726181545387,queue_entry_seconds
correlation-fio-randwrite-cores1,pcm_imc,rpq_occupancy,SKT0CHAN5,13,0.01709716354088522,queue_entry_seconds
correlation-fio-randwrite-cores1,pcm_imc,rpq_occupancy,SKT0CHAN5,14,0.015297359339834959,queue_entry_seconds
correlation-fio-randwrite-cores1,pcm_imc,rpq_occupancy,SKT0CHAN5,15,0.01580499324831208,queue_entry_seconds
correlation-fio-randwrite-cores1,pcm_imc,rpq_occupancy,SKT0CHAN5,16,0.0153798432108027,queue_entry_seconds
correlation-fio-randwrite-cores1,pcm_imc,rpq_occupancy,SKT0CHAN5,17,0.016269509377344338,queue_entry_seconds
correlation-fio-randwrite-cores1,pcm_imc,rpq_occupancy,SKT0CHAN5,18,0.015237075768942236,queue_entry_seconds
correlation-fio-randwrite-cores1,pcm_imc,rpq_occupancy,SKT0CHAN5,19,0.01584609902475619,queue_entry_seconds
correlation-fio-randwrite-cores1,pcm_imc,rpq_occupancy,SKT0CHAN5,20,0.01543863165791448,queue_entry_seconds
correlation-fio-randwrite-cores1,pcm_imc,rpq_occupancy,SKT0CHAN5,21,0.015563562640660165,queue_entry_seconds
correlation-fio-randwrite-cores1,pcm_imc,rpq_occupancy,SKT0CHAN5,22,0.015766740435108777,queue_entry_seconds
correlation-fio-randwrite-cores1,pcm_imc,rpq_occupancy,SKT0CHAN5,23,0.015356979744936234,queue_entry_seconds
correlation-fio-randwrite-cores1,pcm_imc,rpq_occupancy,SKT0CHAN5,24,0.015655906976744186,queue_entry_seconds
correlation-fio-randwrite-cores1,pcm_imc,rpq_occupancy,SKT0CHAN5,25,0.01539875693923481,queue_entry_seconds
correlation-fio-randwrite-cores1,pcm_imc,rpq_occupancy,SKT0CHAN5,26,0.015692724681170292,queue_entry_seconds
correlation-fio-randwrite-cores1,pcm_imc,rpq_occupancy,SKT0CHAN5,27,0.015463965491372843,queue_entry_seconds
correlation-fio-randwrite-cores1,pcm_imc,rpq_occupancy,SKT0CHAN5,28,0.016083280570142536,queue_entry_seconds
correlation-fio-randwrite-cores1,pcm_imc,rpq_occupancy,SKT0CHAN5,29,0.015027531132783196,queue_entry_seconds
correlation-fio-randwrite-cores1,pcm_imc,rpq_occupancy,SKT0CHAN5,30,0.015814557389347336,queue_entry_seconds
correlation-fio-randwrite-cores1,pcm_imc,rpq_occupancy,SKT0CHAN5,31,0.015410599399849963,queue_entry_seconds
correlation-fio-randwrite-cores1,pcm_imc,rpq_occupancy,SKT0CHAN5,32,0.015521591147786947,queue_entry_seconds
correlation-fio-randwrite-cores1,pcm_imc,rpq_occupancy,SKT0CHAN5,33,0.0156474463615904,queue_entry_seconds
correlation-fio-randwrite-cores1,pcm_imc,rpq_occupancy,SKT0CHAN5,34,0.01596040285071268,queue_entry_seconds
correlation-fio-randwrite-cores1,pcm_imc,rpq_occupancy,SKT0CHAN5,35,0.015080893473368343,queue_entry_seconds
correlation-fio-randwrite-cores1,pcm_imc,rpq_occupancy,SKT0CHAN5,36,0.015745342835708928,queue_entry_seconds
correlation-fio-randwrite-cores1,pcm_imc,rpq_occupancy,SKT0CHAN5,37,0.015293582145536383,queue_entry_seconds
correlation-fio-randwrite-cores1,pcm_imc,rpq_occupancy,SKT0CHAN5,38,0.015711609152288072,queue_entry_seconds
correlation-fio-randwrite-cores1,pcm_imc,rpq_occupancy,SKT0CHAN5,39,0.01590096849212303,queue_entry_seconds
correlation-fio-randwrite-cores1,pcm_imc,rpq_occupancy,SKT0CHAN5,40,0.015207141035258815,queue_entry_seconds
correlation-fio-randwrite-cores1,pcm_imc,rpq_occupancy,SKT0CHAN5,41,0.015716411102775694,queue_entry_seconds
correlation-fio-randwrite-cores1,pcm_imc,rpq_occupancy,SKT0CHAN5,42,0.01534962640660165,queue_entry_seconds
correlation-fio-randwrite-cores1,pcm_imc,rpq_occupancy,SKT0CHAN5,43,0.015482748687171793,queue_entry_seconds
correlation-fio-randwrite-cores1,pcm_imc,rpq_occupancy,SKT0CHAN5,44,0.015707572393098276,queue_entry_seconds
correlation-fio-randwrite-cores1,pcm_imc,rpq_occupancy,SKT0CHAN5,45,0.01586142385596399,queue_entry_seconds
correlation-fio-randwrite-cores1,pcm_imc,rpq_occupancy,SKT0CHAN5,46,0.015425917479369843,queue_entry_seconds
correlation-fio-randwrite-cores1,pcm_imc,rpq_occupancy,SKT0CHAN5,47,0.015873165041260316,queue_entry_seconds
correlation-fio-randwrite-cores1,pcm_imc,rpq_occupancy,SKT0CHAN5,48,0.015521022505626406,queue_entry_seconds
correlation-fio-randwrite-cores1,pcm_imc,rpq_occupancy,SKT0CHAN5,49,0.015895828207051762,queue_entry_seconds
correlation-fio-randwrite-cores1,pcm_imc,rpq_occupancy,SKT0CHAN5,50,0.015007744186046511,queue_entry_seconds
correlation-fio-randwrite-cores1,pcm_imc,rpq_occupancy,SKT0CHAN5,51,0.01580583570892723,queue_entry_seconds
correlation-fio-randwrite-cores1,pcm_imc,rpq_occupancy,SKT0CHAN5,52,0.015538372843210803,queue_entry_seconds
correlation-fio-randwrite-cores1,pcm_imc,rpq_occupancy,SKT0CHAN5,53,0.015437219804951238,queue_entry_seconds
correlation-fio-randwrite-cores1,pcm_imc,rpq_occupancy,SKT0CHAN5,54,0.015593234808702176,queue_entry_seconds
correlation-fio-randwrite-cores1,pcm_imc,rpq_occupancy,SKT0CHAN5,55,0.015506592648162041,queue_entry_seconds
correlation-fio-randwrite-cores1,pcm_imc,rpq_occupancy,SKT0CHAN5,56,0.015838502625656413,queue_entry_seconds
correlation-fio-randwrite-cores1,pcm_imc,rpq_occupancy,SKT0CHAN5,57,0.015173863465866466,queue_entry_seconds
correlation-fio-randwrite-cores1,pcm_imc,rpq_occupancy,SKT0CHAN5,58,0.015580005251312827,queue_entry_seconds
correlation-fio-randwrite-cores1,pcm_imc,rpq_occupancy,SKT0CHAN5,59,0.015359439609902475,queue_entry_seconds
correlation-fio-randwrite-cores1,pcm_imc,rpq_occupancy,SKT0CHAN6,0,0.016014394598649662,queue_entry_seconds
correlation-fio-randwrite-cores1,pcm_imc,rpq_occupancy,SKT0CHAN6,1,0.015863166541635408,queue_entry_seconds
correlation-fio-randwrite-cores1,pcm_imc,rpq_occupancy,SKT0CHAN6,2,0.015720762940735183,queue_entry_seconds
correlation-fio-randwrite-cores1,pcm_imc,rpq_occupancy,SKT0CHAN6,3,0.015334211552888222,queue_entry_seconds
correlation-fio-randwrite-cores1,pcm_imc,rpq_occupancy,SKT0CHAN6,4,0.015569089272318079,queue_entry_seconds
correlation-fio-randwrite-cores1,pcm_imc,rpq_occupancy,SKT0CHAN6,5,0.015464010502625657,queue_entry_seconds
correlation-fio-randwrite-cores1,pcm_imc,rpq_occupancy,SKT0CHAN6,6,0.015903915978994747,queue_entry_seconds
correlation-fio-randwrite-cores1,pcm_imc,rpq_occupancy,SKT0CHAN6,7,0.015105293323330833,queue_entry_seconds
correlation-fio-randwrite-cores1,pcm_imc,rpq_occupancy,SKT0CHAN6,8,0.015649839459864968,queue_entry_seconds
correlation-fio-randwrite-cores1,pcm_imc,rpq_occupancy,SKT0CHAN6,9,0.015560909227306827,queue_entry_seconds
correlation-fio-randwrite-cores1,pcm_imc,rpq_occupancy,SKT0CHAN6,10,0.015598967741935484,queue_entry_seconds
correlation-fio-randwrite-cores1,pcm_imc,rpq_occupancy,SKT0CHAN6,11,0.015677999249812453,queue_entry_seconds
correlation-fio-randwrite-cores1,pcm_imc,rpq_occupancy,SKT0CHAN6,12,0.015535318829707427,queue_entry_seconds
correlation-fio-randwrite-cores1,pcm_imc,rpq_occupancy,SKT0CHAN6,13,0.017231858964741185,queue_entry_seconds
correlation-fio-randwrite-cores1,pcm_imc,rpq_occupancy,SKT0CHAN6,14,0.015346816954238559,queue_entry_seconds
correlation-fio-randwrite-cores1,pcm_imc,rpq_occupancy,SKT0CHAN6,15,0.01577690922730683,queue_entry_seconds
correlation-fio-randwrite-cores1,pcm_imc,rpq_occupancy,SKT0CHAN6,16,0.015433551387846961,queue_entry_seconds
correlation-fio-randwrite-cores1,pcm_imc,rpq_occupancy,SKT0CHAN6,17,0.016393293323330834,queue_entry_seconds
correlation-fio-randwrite-cores1,pcm_imc,rpq_occupancy,SKT0CHAN6,18,0.015309053263315829,queue_entry_seconds
correlation-fio-randwrite-cores1,pcm_imc,rpq_occupancy,SKT0CHAN6,19,0.01589782445611403,queue_entry_seconds
correlation-fio-randwrite-cores1,pcm_imc,rpq_occupancy,SKT0CHAN6,20,0.015526721680420104,queue_entry_seconds
correlation-fio-randwrite-cores1,pcm_imc,rpq_occupancy,SKT0CHAN6,21,0.015540264066016505,queue_entry_seconds
correlation-fio-randwrite-cores1,pcm_imc,rpq_occupancy,SKT0CHAN6,22,0.015795821455363842,queue_entry_seconds
correlation-fio-randwrite-cores1,pcm_imc,rpq_occupancy,SKT0CHAN6,23,0.015410533383345837,queue_entry_seconds
correlation-fio-randwrite-cores1,pcm_imc,rpq_occupancy,SKT0CHAN6,24,0.01573816129032258,queue_entry_seconds
correlation-fio-randwrite-cores1,pcm_imc,rpq_occupancy,SKT0CHAN6,25,0.015404827456864216,queue_entry_seconds
correlation-fio-randwrite-cores1,pcm_imc,rpq_occupancy,SKT0CHAN6,26,0.015752395348837208,queue_entry_seconds
correlation-fio-randwrite-cores1,pcm_imc,rpq_occupancy,SKT0CHAN6,27,0.015455208552138035,queue_entry_seconds
correlation-fio-randwrite-cores1,pcm_imc,rpq_occupancy,SKT0CHAN6,28,0.015954027756939236,queue_entry_seconds
correlation-fio-randwrite-cores1,pcm_imc,rpq_occupancy,SKT0CHAN6,29,0.015042846211552888,queue_entry_seconds
correlation-fio-randwrite-cores1,pcm_imc,rpq_occupancy,SKT0CHAN6,30,0.01578198799699925,queue_entry_seconds
correlation-fio-randwrite-cores1,pcm_imc,rpq_occupancy,SKT0CHAN6,31,0.015373001500375095,queue_entry_seconds
correlation-fio-randwrite-cores1,pcm_imc,rpq_occupancy,SKT0CHAN6,32,0.015479429857464366,queue_entry_seconds
correlation-fio-randwrite-cores1,pcm_imc,rpq_occupancy,SKT0CHAN6,33,0.01567990622655664,queue_entry_seconds
correlation-fio-randwrite-cores1,pcm_imc,rpq_occupancy,SKT0CHAN6,34,0.01588103375843961,queue_entry_seconds
correlation-fio-randwrite-cores1,pcm_imc,rpq_occupancy,SKT0CHAN6,35,0.015075167291822955,queue_entry_seconds
correlation-fio-randwrite-cores1,pcm_imc,rpq_occupancy,SKT0CHAN6,36,0.015820342835708927,queue_entry_seconds
correlation-fio-randwrite-cores1,pcm_imc,rpq_occupancy,SKT0CHAN6,37,0.015420338334583646,queue_entry_seconds
correlation-fio-randwrite-cores1,pcm_imc,rpq_occupancy,SKT0CHAN6,38,0.015773432108027008,queue_entry_seconds
correlation-fio-randwrite-cores1,pcm_imc,rpq_occupancy,SKT0CHAN6,39,0.01592669392348087,queue_entry_seconds
correlation-fio-randwrite-cores1,pcm_imc,rpq_occupancy,SKT0CHAN6,40,0.015233690922730683,queue_entry_seconds
correlation-fio-randwrite-cores1,pcm_imc,rpq_occupancy,SKT0CHAN6,41,0.015734401350337584,queue_entry_seconds
correlation-fio-randwrite-cores1,pcm_imc,rpq_occupancy,SKT0CHAN6,42,0.015308327831957989,queue_entry_seconds
correlation-fio-randwrite-cores1,pcm_imc,rpq_occupancy,SKT0CHAN6,43,0.015461087771942985,queue_entry_seconds
correlation-fio-randwrite-cores1,pcm_imc,rpq_occupancy,SKT0CHAN6,44,0.015768923480870216,queue_entry_seconds
correlation-fio-randwrite-cores1,pcm_imc,rpq_occupancy,SKT0CHAN6,45,0.01582228357089272,queue_entry_seconds
correlation-fio-randwrite-cores1,pcm_imc,rpq_occupancy,SKT0CHAN6,46,0.01542090097524381,queue_entry_seconds
correlation-fio-randwrite-cores1,pcm_imc,rpq_occupancy,SKT0CHAN6,47,0.01594665566391598,queue_entry_seconds
correlation-fio-randwrite-cores1,pcm_imc,rpq_occupancy,SKT0CHAN6,48,0.01544147711927982,queue_entry_seconds
correlation-fio-randwrite-cores1,pcm_imc,rpq_occupancy,SKT0CHAN6,49,0.015892370592648163,queue_entry_seconds
correlation-fio-randwrite-cores1,pcm_imc,rpq_occupancy,SKT0CHAN6,50,0.015140196549137284,queue_entry_seconds
correlation-fio-randwrite-cores1,pcm_imc,rpq_occupancy,SKT0CHAN6,51,0.01573407951987997,queue_entry_seconds
correlation-fio-randwrite-cores1,pcm_imc,rpq_occupancy,SKT0CHAN6,52,0.015531163540885221,queue_entry_seconds
correlation-fio-randwrite-cores1,pcm_imc,rpq_occupancy,SKT0CHAN6,53,0.015385336834208552,queue_entry_seconds
correlation-fio-randwrite-cores1,pcm_imc,rpq_occupancy,SKT0CHAN6,54,0.015614687921980496,queue_entry_seconds
correlation-fio-randwrite-cores1,pcm_imc,rpq_occupancy,SKT0CHAN6,55,0.015561710427606902,queue_entry_seconds
correlation-fio-randwrite-cores1,pcm_imc,rpq_occupancy,SKT0CHAN6,56,0.015790488372093025,queue_entry_seconds
correlation-fio-randwrite-cores1,pcm_imc,rpq_occupancy,SKT0CHAN6,57,0.015249274568642161,queue_entry_seconds
correlation-fio-randwrite-cores1,pcm_imc,rpq_occupancy,SKT0CHAN6,58,0.015659385596399098,queue_entry_seconds
correlation-fio-randwrite-cores1,pcm_imc,rpq_occupancy,SKT0CHAN6,59,0.01550969617404351,queue_entry_seconds
correlation-fio-randwrite-cores1,pcm_imc,rpq_occupancy,SKT0CHAN7,0,0.0160695903975994,queue_entry_seconds
correlation-fio-randwrite-cores1,pcm_imc,rpq_occupancy,SKT0CHAN7,1,0.015873078769692423,queue_entry_seconds
correlation-fio-randwrite-cores1,pcm_imc,rpq_occupancy,SKT0CHAN7,2,0.01575430157539385,queue_entry_seconds
correlation-fio-randwrite-cores1,pcm_imc,rpq_occupancy,SKT0CHAN7,3,0.015417063765941486,queue_entry_seconds
correlation-fio-randwrite-cores1,pcm_imc,rpq_occupancy,SKT0CHAN7,4,0.015714885221305326,queue_entry_seconds
correlation-fio-randwrite-cores1,pcm_imc,rpq_occupancy,SKT0CHAN7,5,0.01545269392348087,queue_entry_seconds
correlation-fio-randwrite-cores1,pcm_imc,rpq_occupancy,SKT0CHAN7,6,0.016014777944486122,queue_entry_seconds
correlation-fio-randwrite-cores1,pcm_imc,rpq_occupancy,SKT0CHAN7,7,0.015116983495873969,queue_entry_seconds
correlation-fio-randwrite-cores1,pcm_imc,rpq_occupancy,SKT0CHAN7,8,0.015631039009752438,queue_entry_seconds
correlation-fio-randwrite-cores1,pcm_imc,rpq_occupancy,SKT0CHAN7,9,0.015409741185296325,queue_entry_seconds
correlation-fio-randwrite-cores1,pcm_imc,rpq_occupancy,SKT0CHAN7,10,0.01554517104276069,queue_entry_seconds
correlation-fio-randwrite-cores1,pcm_imc,rpq_occupancy,SKT0CHAN7,11,0.01559300450112528,queue_entry_seconds
correlation-fio-randwrite-cores1,pcm_imc,rpq_occupancy,SKT0CHAN7,12,0.015431388597149287,queue_entry_seconds
correlation-fio-randwrite-cores1,pcm_imc,rpq_occupancy,SKT0CHAN7,13,0.01705279294823706,queue_entry_seconds
correlation-fio-randwrite-cores1,pcm_imc,rpq_occupancy,SKT0CHAN7,14,0.015474489872468118,queue_entry_seconds
correlation-fio-randwrite-cores1,pcm_imc,rpq_occupancy,SKT0CHAN7,15,0.015790678919729934,queue_entry_seconds
correlation-fio-randwrite-cores1,pcm_imc,rpq_occupancy,SKT0CHAN7,16,0.015435258814703676,queue_entry_seconds
correlation-fio-randwrite-cores1,pcm_imc,rpq_occupancy,SKT0CHAN7,17,0.016382144036009003,queue_entry_seconds
correlation-fio-randwrite-cores1,pcm_imc,rpq_occupancy,SKT0CHAN7,18,0.015290310577644411,queue_entry_seconds
correlation-fio-randwrite-cores1,pcm_imc,rpq_occupancy,SKT0CHAN7,19,0.015887279069767443,queue_entry_seconds
correlation-fio-randwrite-cores1,pcm_imc,rpq_occupancy,SKT0CHAN7,20,0.015454018754688673,queue_entry_seconds
correlation-fio-randwrite-cores1,pcm_imc,rpq_occupancy,SKT0CHAN7,21,0.015626026256564143,queue_entry_seconds
correlation-fio-randwrite-cores1,pcm_imc,rpq_occupancy,SKT0CHAN7,22,0.01582098049512378,queue_entry_seconds
correlation-fio-randwrite-cores1,pcm_imc,rpq_occupancy,SKT0CHAN7,23,0.015351858214553638,queue_entry_seconds
correlation-fio-randwrite-cores1,pcm_imc,rpq_occupancy,SKT0CHAN7,24,0.015603783945986497,queue_entry_seconds
correlation-fio-randwrite-cores1,pcm_imc,rpq_occupancy,SKT0CHAN7,25,0.015453765191297824,queue_entry_seconds
correlation-fio-randwrite-cores1,pcm_imc,rpq_occupancy,SKT0CHAN7,26,0.01561582895723931,queue_entry_seconds
correlation-fio-randwrite-cores1,pcm_imc,rpq_occupancy,SKT0CHAN7,27,0.015606637659414854,queue_entry_seconds
correlation-fio-randwrite-cores1,pcm_imc,rpq_occupancy,SKT0CHAN7,28,0.01595649662415604,queue_entry_seconds
correlation-fio-randwrite-cores1,pcm_imc,rpq_occupancy,SKT0CHAN7,29,0.015131008252063016,queue_entry_seconds
correlation-fio-randwrite-cores1,pcm_imc,rpq_occupancy,SKT0CHAN7,30,0.015771639909977493,queue_entry_seconds
correlation-fio-randwrite-cores1,pcm_imc,rpq_occupancy,SKT0CHAN7,31,0.01547378544636159,queue_entry_seconds
correlation-fio-randwrite-cores1,pcm_imc,rpq_occupancy,SKT0CHAN7,32,0.01547439984996249,queue_entry_seconds
correlation-fio-randwrite-cores1,pcm_imc,rpq_occupancy,SKT0CHAN7,33,0.015654489872468116,queue_entry_seconds
correlation-fio-randwrite-cores1,pcm_imc,rpq_occupancy,SKT0CHAN7,34,0.01599764591147787,queue_entry_seconds
correlation-fio-randwrite-cores1,pcm_imc,rpq_occupancy,SKT0CHAN7,35,0.015128139534883721,queue_entry_seconds
correlation-fio-randwrite-cores1,pcm_imc,rpq_occupancy,SKT0CHAN7,36,0.015808059264816203,queue_entry_seconds
correlation-fio-randwrite-cores1,pcm_imc,rpq_occupancy,SKT0CHAN7,37,0.015481608402100526,queue_entry_seconds
correlation-fio-randwrite-cores1,pcm_imc,rpq_occupancy,SKT0CHAN7,38,0.01571887471867967,queue_entry_seconds
correlation-fio-randwrite-cores1,pcm_imc,rpq_occupancy,SKT0CHAN7,39,0.01586415453863466,queue_entry_seconds
correlation-fio-randwrite-cores1,pcm_imc,rpq_occupancy,SKT0CHAN7,40,0.015147291072768193,queue_entry_seconds
correlation-fio-randwrite-cores1,pcm_imc,rpq_occupancy,SKT0CHAN7,41,0.015738146286571643,queue_entry_seconds
correlation-fio-randwrite-cores1,pcm_imc,rpq_occupancy,SKT0CHAN7,42,0.015295399099774943,queue_entry_seconds
correlation-fio-randwrite-cores1,pcm_imc,rpq_occupancy,SKT0CHAN7,43,0.015456381845461366,queue_entry_seconds
correlation-fio-randwrite-cores1,pcm_imc,rpq_occupancy,SKT0CHAN7,44,0.01572757839459865,queue_entry_seconds
correlation-fio-randwrite-cores1,pcm_imc,rpq_occupancy,SKT0CHAN7,45,0.015835453863465868,queue_entry_seconds
correlation-fio-randwrite-cores1,pcm_imc,rpq_occupancy,SKT0CHAN7,46,0.015437988747186797,queue_entry_seconds
correlation-fio-randwrite-cores1,pcm_imc,rpq_occupancy,SKT0CHAN7,47,0.015817176294073518,queue_entry_seconds
correlation-fio-randwrite-cores1,pcm_imc,rpq_occupancy,SKT0CHAN7,48,0.015466549887471868,queue_entry_seconds
correlation-fio-randwrite-cores1,pcm_imc,rpq_occupancy,SKT0CHAN7,49,0.01590246061515379,queue_entry_seconds
correlation-fio-randwrite-cores1,pcm_imc,rpq_occupancy,SKT0CHAN7,50,0.01512836384096024,queue_entry_seconds
correlation-fio-randwrite-cores1,pcm_imc,rpq_occupancy,SKT0CHAN7,51,0.015718878469617403,queue_entry_seconds
correlation-fio-randwrite-cores1,pcm_imc,rpq_occupancy,SKT0CHAN7,52,0.01556033983495874,queue_entry_seconds
correlation-fio-randwrite-cores1,pcm_imc,rpq_occupancy,SKT0CHAN7,53,0.015481987246811702,queue_entry_seconds
correlation-fio-randwrite-cores1,pcm_imc,rpq_occupancy,SKT0CHAN7,54,0.015678349587396848,queue_entry_seconds
correlation-fio-randwrite-cores1,pcm_imc,rpq_occupancy,SKT0CHAN7,55,0.01543071342835709,queue_entry_seconds
correlation-fio-randwrite-cores1,pcm_imc,rpq_occupancy,SKT0CHAN7,56,0.01584074193548387,queue_entry_seconds
correlation-fio-randwrite-cores1,pcm_imc,rpq_occupancy,SKT0CHAN7,57,0.015264377344336085,queue_entry_seconds
correlation-fio-randwrite-cores1,pcm_imc,rpq_occupancy,SKT0CHAN7,58,0.01565245986496624,queue_entry_seconds
correlation-fio-randwrite-cores1,pcm_imc,rpq_occupancy,SKT0CHAN7,59,0.015422981245311327,queue_entry_seconds
correlation-fio-randwrite-cores1,pcm_imc,wpq_full_cycles,SKT0CHAN0,0,667029454.0,cycles
correlation-fio-randwrite-cores1,pcm_imc,wpq_full_cycles,SKT0CHAN0,1,667137196.0,cycles
correlation-fio-randwrite-cores1,pcm_imc,wpq_full_cycles,SKT0CHAN0,2,666384961.0,cycles
correlation-fio-randwrite-cores1,pcm_imc,wpq_full_cycles,SKT0CHAN0,3,666395613.0,cycles
correlation-fio-randwrite-cores1,pcm_imc,wpq_full_cycles,SKT0CHAN0,4,667061212.0,cycles
correlation-fio-randwrite-cores1,pcm_imc,wpq_full_cycles,SKT0CHAN0,5,667074529.0,cycles
correlation-fio-randwrite-cores1,pcm_imc,wpq_full_cycles,SKT0CHAN0,6,666406722.0,cycles
correlation-fio-randwrite-cores1,pcm_imc,wpq_full_cycles,SKT0CHAN0,7,666412240.0,cycles
correlation-fio-randwrite-cores1,pcm_imc,wpq_full_cycles,SKT0CHAN0,8,666373677.0,cycles
correlation-fio-randwrite-cores1,pcm_imc,wpq_full_cycles,SKT0CHAN0,9,667054405.0,cycles
correlation-fio-randwrite-cores1,pcm_imc,wpq_full_cycles,SKT0CHAN0,10,666404166.0,cycles
correlation-fio-randwrite-cores1,pcm_imc,wpq_full_cycles,SKT0CHAN0,11,666408165.0,cycles
correlation-fio-randwrite-cores1,pcm_imc,wpq_full_cycles,SKT0CHAN0,12,666413880.0,cycles
correlation-fio-randwrite-cores1,pcm_imc,wpq_full_cycles,SKT0CHAN0,13,667051660.0,cycles
correlation-fio-randwrite-cores1,pcm_imc,wpq_full_cycles,SKT0CHAN0,14,666408386.0,cycles
correlation-fio-randwrite-cores1,pcm_imc,wpq_full_cycles,SKT0CHAN0,15,666399110.0,cycles
correlation-fio-randwrite-cores1,pcm_imc,wpq_full_cycles,SKT0CHAN0,16,666384315.0,cycles
correlation-fio-randwrite-cores1,pcm_imc,wpq_full_cycles,SKT0CHAN0,17,667069248.0,cycles
correlation-fio-randwrite-cores1,pcm_imc,wpq_full_cycles,SKT0CHAN0,18,666401930.0,cycles
correlation-fio-randwrite-cores1,pcm_imc,wpq_full_cycles,SKT0CHAN0,19,666375599.0,cycles
correlation-fio-randwrite-cores1,pcm_imc,wpq_full_cycles,SKT0CHAN0,20,666417714.0,cycles
correlation-fio-randwrite-cores1,pcm_imc,wpq_full_cycles,SKT0CHAN0,21,667073180.0,cycles
correlation-fio-randwrite-cores1,pcm_imc,wpq_full_cycles,SKT0CHAN0,22,666404036.0,cycles
correlation-fio-randwrite-cores1,pcm_imc,wpq_full_cycles,SKT0CHAN0,23,666381942.0,cycles
correlation-fio-randwrite-cores1,pcm_imc,wpq_full_cycles,SKT0CHAN0,24,666397604.0,cycles
correlation-fio-randwrite-cores1,pcm_imc,wpq_full_cycles,SKT0CHAN0,25,667082267.0,cycles
correlation-fio-randwrite-cores1,pcm_imc,wpq_full_cycles,SKT0CHAN0,26,666386179.0,cycles
correlation-fio-randwrite-cores1,pcm_imc,wpq_full_cycles,SKT0CHAN0,27,666391896.0,cycles
correlation-fio-randwrite-cores1,pcm_imc,wpq_full_cycles,SKT0CHAN0,28,666384297.0,cycles
correlation-fio-randwrite-cores1,pcm_imc,wpq_full_cycles,SKT0CHAN0,29,667063958.0,cycles
correlation-fio-randwrite-cores1,pcm_imc,wpq_full_cycles,SKT0CHAN0,30,666397129.0,cycles
correlation-fio-randwrite-cores1,pcm_imc,wpq_full_cycles,SKT0CHAN0,31,666375996.0,cycles
correlation-fio-randwrite-cores1,pcm_imc,wpq_full_cycles,SKT0CHAN0,32,667048717.0,cycles
correlation-fio-randwrite-cores1,pcm_imc,wpq_full_cycles,SKT0CHAN0,33,667042522.0,cycles
correlation-fio-randwrite-cores1,pcm_imc,wpq_full_cycles,SKT0CHAN0,34,666403386.0,cycles
correlation-fio-randwrite-cores1,pcm_imc,wpq_full_cycles,SKT0CHAN0,35,666389179.0,cycles
correlation-fio-randwrite-cores1,pcm_imc,wpq_full_cycles,SKT0CHAN0,36,667042346.0,cycles
correlation-fio-randwrite-cores1,pcm_imc,wpq_full_cycles,SKT0CHAN0,37,666410819.0,cycles
correlation-fio-randwrite-cores1,pcm_imc,wpq_full_cycles,SKT0CHAN0,38,666379759.0,cycles
correlation-fio-randwrite-cores1,pcm_imc,wpq_full_cycles,SKT0CHAN0,39,666380687.0,cycles
correlation-fio-randwrite-cores1,pcm_imc,wpq_full_cycles,SKT0CHAN0,40,667056905.0,cycles
correlation-fio-randwrite-cores1,pcm_imc,wpq_full_cycles,SKT0CHAN0,41,666401251.0,cycles
correlation-fio-randwrite-cores1,pcm_imc,wpq_full_cycles,SKT0CHAN0,42,666406790.0,cycles
correlation-fio-randwrite-cores1,pcm_imc,wpq_full_cycles,SKT0CHAN0,43,666395273.0,cycles
correlation-fio-randwrite-cores1,pcm_imc,wpq_full_cycles,SKT0CHAN0,44,667031301.0,cycles
correlation-fio-randwrite-cores1,pcm_imc,wpq_full_cycles,SKT0CHAN0,45,666391233.0,cycles
correlation-fio-randwrite-cores1,pcm_imc,wpq_full_cycles,SKT0CHAN0,46,666413027.0,cycles
correlation-fio-randwrite-cores1,pcm_imc,wpq_full_cycles,SKT0CHAN0,47,666385162.0,cycles
correlation-fio-randwrite-cores1,pcm_imc,wpq_full_cycles,SKT0CHAN0,48,667071616.0,cycles
correlation-fio-randwrite-cores1,pcm_imc,wpq_full_cycles,SKT0CHAN0,49,666396169.0,cycles
correlation-fio-randwrite-cores1,pcm_imc,wpq_full_cycles,SKT0CHAN0,50,666397361.0,cycles
correlation-fio-randwrite-cores1,pcm_imc,wpq_full_cycles,SKT0CHAN0,51,666365779.0,cycles
correlation-fio-randwrite-cores1,pcm_imc,wpq_full_cycles,SKT0CHAN0,52,667065239.0,cycles
correlation-fio-randwrite-cores1,pcm_imc,wpq_full_cycles,SKT0CHAN0,53,666372032.0,cycles
correlation-fio-randwrite-cores1,pcm_imc,wpq_full_cycles,SKT0CHAN0,54,666406000.0,cycles
correlation-fio-randwrite-cores1,pcm_imc,wpq_full_cycles,SKT0CHAN0,55,666373663.0,cycles
correlation-fio-randwrite-cores1,pcm_imc,wpq_full_cycles,SKT0CHAN0,56,667044373.0,cycles
correlation-fio-randwrite-cores1,pcm_imc,wpq_full_cycles,SKT0CHAN0,57,666404272.0,cycles
correlation-fio-randwrite-cores1,pcm_imc,wpq_full_cycles,SKT0CHAN0,58,666386013.0,cycles
correlation-fio-randwrite-cores1,pcm_imc,wpq_full_cycles,SKT0CHAN0,59,667055796.0,cycles
correlation-fio-randwrite-cores1,pcm_imc,wpq_full_cycles,SKT0CHAN1,0,667029471.0,cycles
correlation-fio-randwrite-cores1,pcm_imc,wpq_full_cycles,SKT0CHAN1,1,667137225.0,cycles
correlation-fio-randwrite-cores1,pcm_imc,wpq_full_cycles,SKT0CHAN1,2,666384930.0,cycles
correlation-fio-randwrite-cores1,pcm_imc,wpq_full_cycles,SKT0CHAN1,3,666395652.0,cycles
correlation-fio-randwrite-cores1,pcm_imc,wpq_full_cycles,SKT0CHAN1,4,667061159.0,cycles
correlation-fio-randwrite-cores1,pcm_imc,wpq_full_cycles,SKT0CHAN1,5,667074499.0,cycles
correlation-fio-randwrite-cores1,pcm_imc,wpq_full_cycles,SKT0CHAN1,6,666406673.0,cycles
correlation-fio-randwrite-cores1,pcm_imc,wpq_full_cycles,SKT0CHAN1,7,666412284.0,cycles
correlation-fio-randwrite-cores1,pcm_imc,wpq_full_cycles,SKT0CHAN1,8,666373660.0,cycles
correlation-fio-randwrite-cores1,pcm_imc,wpq_full_cycles,SKT0CHAN1,9,667054428.0,cycles
correlation-fio-randwrite-cores1,pcm_imc,wpq_full_cycles,SKT0CHAN1,10,666404165.0,cycles
correlation-fio-randwrite-cores1,pcm_imc,wpq_full_cycles,SKT0CHAN1,11,666408170.0,cycles
correlation-fio-randwrite-cores1,pcm_imc,wpq_full_cycles,SKT0CHAN1,12,666413801.0,cycles
correlation-fio-randwrite-cores1,pcm_imc,wpq_full_cycles,SKT0CHAN1,13,667052520.0,cycles
correlation-fio-randwrite-cores1,pcm_imc,wpq_full_cycles,SKT0CHAN1,14,666408415.0,cycles
correlation-fio-randwrite-cores1,pcm_imc,wpq_full_cycles,SKT0CHAN1,15,666399115.0,cycles
correlation-fio-randwrite-cores1,pcm_imc,wpq_full_cycles,SKT0CHAN1,16,666384320.0,cycles
correlation-fio-randwrite-cores1,pcm_imc,wpq_full_cycles,SKT0CHAN1,17,667069242.0,cycles
correlation-fio-randwrite-cores1,pcm_imc,wpq_full_cycles,SKT0CHAN1,18,666401988.0,cycles
correlation-fio-randwrite-cores1,pcm_imc,wpq_full_cycles,SKT0CHAN1,19,666375595.0,cycles
correlation-fio-randwrite-cores1,pcm_imc,wpq_full_cycles,SKT0CHAN1,20,666417773.0,cycles
correlation-fio-randwrite-cores1,pcm_imc,wpq_full_cycles,SKT0CHAN1,21,667073128.0,cycles
correlation-fio-randwrite-cores1,pcm_imc,wpq_full_cycles,SKT0CHAN1,22,666404003.0,cycles
correlation-fio-randwrite-cores1,pcm_imc,wpq_full_cycles,SKT0CHAN1,23,666381911.0,cycles
correlation-fio-randwrite-cores1,pcm_imc,wpq_full_cycles,SKT0CHAN1,24,666397595.0,cycles
correlation-fio-randwrite-cores1,pcm_imc,wpq_full_cycles,SKT0CHAN1,25,667082284.0,cycles
correlation-fio-randwrite-cores1,pcm_imc,wpq_full_cycles,SKT0CHAN1,26,666386185.0,cycles
correlation-fio-randwrite-cores1,pcm_imc,wpq_full_cycles,SKT0CHAN1,27,666391787.0,cycles
correlation-fio-randwrite-cores1,pcm_imc,wpq_full_cycles,SKT0CHAN1,28,666384311.0,cycles
correlation-fio-randwrite-cores1,pcm_imc,wpq_full_cycles,SKT0CHAN1,29,667063898.0,cycles
correlation-fio-randwrite-cores1,pcm_imc,wpq_full_cycles,SKT0CHAN1,30,666397153.0,cycles
correlation-fio-randwrite-cores1,pcm_imc,wpq_full_cycles,SKT0CHAN1,31,666375979.0,cycles
correlation-fio-randwrite-cores1,pcm_imc,wpq_full_cycles,SKT0CHAN1,32,667048733.0,cycles
correlation-fio-randwrite-cores1,pcm_imc,wpq_full_cycles,SKT0CHAN1,33,667042505.0,cycles
correlation-fio-randwrite-cores1,pcm_imc,wpq_full_cycles,SKT0CHAN1,34,666403339.0,cycles
correlation-fio-randwrite-cores1,pcm_imc,wpq_full_cycles,SKT0CHAN1,35,666389164.0,cycles
correlation-fio-randwrite-cores1,pcm_imc,wpq_full_cycles,SKT0CHAN1,36,667042316.0,cycles
correlation-fio-randwrite-cores1,pcm_imc,wpq_full_cycles,SKT0CHAN1,37,666410758.0,cycles
correlation-fio-randwrite-cores1,pcm_imc,wpq_full_cycles,SKT0CHAN1,38,666379723.0,cycles
correlation-fio-randwrite-cores1,pcm_imc,wpq_full_cycles,SKT0CHAN1,39,666380722.0,cycles
correlation-fio-randwrite-cores1,pcm_imc,wpq_full_cycles,SKT0CHAN1,40,667056913.0,cycles
correlation-fio-randwrite-cores1,pcm_imc,wpq_full_cycles,SKT0CHAN1,41,666401278.0,cycles
correlation-fio-randwrite-cores1,pcm_imc,wpq_full_cycles,SKT0CHAN1,42,666406818.0,cycles
correlation-fio-randwrite-cores1,pcm_imc,wpq_full_cycles,SKT0CHAN1,43,666395233.0,cycles
correlation-fio-randwrite-cores1,pcm_imc,wpq_full_cycles,SKT0CHAN1,44,667031330.0,cycles
correlation-fio-randwrite-cores1,pcm_imc,wpq_full_cycles,SKT0CHAN1,45,666391272.0,cycles
correlation-fio-randwrite-cores1,pcm_imc,wpq_full_cycles,SKT0CHAN1,46,666413002.0,cycles
correlation-fio-randwrite-cores1,pcm_imc,wpq_full_cycles,SKT0CHAN1,47,666385243.0,cycles
correlation-fio-randwrite-cores1,pcm_imc,wpq_full_cycles,SKT0CHAN1,48,667071547.0,cycles
correlation-fio-randwrite-cores1,pcm_imc,wpq_full_cycles,SKT0CHAN1,49,666396125.0,cycles
correlation-fio-randwrite-cores1,pcm_imc,wpq_full_cycles,SKT0CHAN1,50,666397364.0,cycles
correlation-fio-randwrite-cores1,pcm_imc,wpq_full_cycles,SKT0CHAN1,51,666365778.0,cycles
correlation-fio-randwrite-cores1,pcm_imc,wpq_full_cycles,SKT0CHAN1,52,667065284.0,cycles
correlation-fio-randwrite-cores1,pcm_imc,wpq_full_cycles,SKT0CHAN1,53,666371991.0,cycles
correlation-fio-randwrite-cores1,pcm_imc,wpq_full_cycles,SKT0CHAN1,54,666406010.0,cycles
correlation-fio-randwrite-cores1,pcm_imc,wpq_full_cycles,SKT0CHAN1,55,666373710.0,cycles
correlation-fio-randwrite-cores1,pcm_imc,wpq_full_cycles,SKT0CHAN1,56,667044334.0,cycles
correlation-fio-randwrite-cores1,pcm_imc,wpq_full_cycles,SKT0CHAN1,57,666404225.0,cycles
correlation-fio-randwrite-cores1,pcm_imc,wpq_full_cycles,SKT0CHAN1,58,666386025.0,cycles
correlation-fio-randwrite-cores1,pcm_imc,wpq_full_cycles,SKT0CHAN1,59,667055819.0,cycles
correlation-fio-randwrite-cores1,pcm_imc,wpq_full_cycles,SKT0CHAN2,0,667029472.0,cycles
correlation-fio-randwrite-cores1,pcm_imc,wpq_full_cycles,SKT0CHAN2,1,667137224.0,cycles
correlation-fio-randwrite-cores1,pcm_imc,wpq_full_cycles,SKT0CHAN2,2,666384881.0,cycles
correlation-fio-randwrite-cores1,pcm_imc,wpq_full_cycles,SKT0CHAN2,3,666395685.0,cycles
correlation-fio-randwrite-cores1,pcm_imc,wpq_full_cycles,SKT0CHAN2,4,667061141.0,cycles
correlation-fio-randwrite-cores1,pcm_imc,wpq_full_cycles,SKT0CHAN2,5,667074453.0,cycles
correlation-fio-randwrite-cores1,pcm_imc,wpq_full_cycles,SKT0CHAN2,6,666406665.0,cycles
correlation-fio-randwrite-cores1,pcm_imc,wpq_full_cycles,SKT0CHAN2,7,666412247.0,cycles
correlation-fio-randwrite-cores1,pcm_imc,wpq_full_cycles,SKT0CHAN2,8,666373685.0,cycles
correlation-fio-randwrite-cores1,pcm_imc,wpq_full_cycles,SKT0CHAN2,9,667054453.0,cycles
correlation-fio-randwrite-cores1,pcm_imc,wpq_full_cycles,SKT0CHAN2,10,666404133.0,cycles
correlation-fio-randwrite-cores1,pcm_imc,wpq_full_cycles,SKT0CHAN2,11,666408221.0,cycles
correlation-fio-randwrite-cores1,pcm_imc,wpq_full_cycles,SKT0CHAN2,12,666413864.0,cycles
correlation-fio-randwrite-cores1,pcm_imc,wpq_full_cycles,SKT0CHAN2,13,667052535.0,cycles
correlation-fio-randwrite-cores1,pcm_imc,wpq_full_cycles,SKT0CHAN2,14,666408442.0,cycles
correlation-fio-randwrite-cores1,pcm_imc,wpq_full_cycles,SKT0CHAN2,15,666399140.0,cycles
correlation-fio-randwrite-cores1,pcm_imc,wpq_full_cycles,SKT0CHAN2,16,666384355.0,cycles
correlation-fio-randwrite-cores1,pcm_imc,wpq_full_cycles,SKT0CHAN2,17,667069242.0,cycles
correlation-fio-randwrite-cores1,pcm_imc,wpq_full_cycles,SKT0CHAN2,18,666402020.0,cycles
correlation-fio-randwrite-cores1,pcm_imc,wpq_full_cycles,SKT0CHAN2,19,666375565.0,cycles
correlation-fio-randwrite-cores1,pcm_imc,wpq_full_cycles,SKT0CHAN2,20,666417716.0,cycles
correlation-fio-randwrite-cores1,pcm_imc,wpq_full_cycles,SKT0CHAN2,21,667073153.0,cycles
correlation-fio-randwrite-cores1,pcm_imc,wpq_full_cycles,SKT0CHAN2,22,666403947.0,cycles
correlation-fio-randwrite-cores1,pcm_imc,wpq_full_cycles,SKT0CHAN2,23,666381939.0,cycles
correlation-fio-randwrite-cores1,pcm_imc,wpq_full_cycles,SKT0CHAN2,24,666397612.0,cycles
correlation-fio-randwrite-cores1,pcm_imc,wpq_full_cycles,SKT0CHAN2,25,667082251.0,cycles
correlation-fio-randwrite-cores1,pcm_imc,wpq_full_cycles,SKT0CHAN2,26,666386157.0,cycles
correlation-fio-randwrite-cores1,pcm_imc,wpq_full_cycles,SKT0CHAN2,27,666391751.0,cycles
correlation-fio-randwrite-cores1,pcm_imc,wpq_full_cycles,SKT0CHAN2,28,666384329.0,cycles
correlation-fio-randwrite-cores1,pcm_imc,wpq_full_cycles,SKT0CHAN2,29,667063872.0,cycles
correlation-fio-randwrite-cores1,pcm_imc,wpq_full_cycles,SKT0CHAN2,30,666397193.0,cycles
correlation-fio-randwrite-cores1,pcm_imc,wpq_full_cycles,SKT0CHAN2,31,666375989.0,cycles
correlation-fio-randwrite-cores1,pcm_imc,wpq_full_cycles,SKT0CHAN2,32,667048772.0,cycles
correlation-fio-randwrite-cores1,pcm_imc,wpq_full_cycles,SKT0CHAN2,33,667042532.0,cycles
correlation-fio-randwrite-cores1,pcm_imc,wpq_full_cycles,SKT0CHAN2,34,666403344.0,cycles
correlation-fio-randwrite-cores1,pcm_imc,wpq_full_cycles,SKT0CHAN2,35,666389145.0,cycles
correlation-fio-randwrite-cores1,pcm_imc,wpq_full_cycles,SKT0CHAN2,36,667042367.0,cycles
correlation-fio-randwrite-cores1,pcm_imc,wpq_full_cycles,SKT0CHAN2,37,666410793.0,cycles
correlation-fio-randwrite-cores1,pcm_imc,wpq_full_cycles,SKT0CHAN2,38,666379751.0,cycles
correlation-fio-randwrite-cores1,pcm_imc,wpq_full_cycles,SKT0CHAN2,39,666380721.0,cycles
correlation-fio-randwrite-cores1,pcm_imc,wpq_full_cycles,SKT0CHAN2,40,667056907.0,cycles
correlation-fio-randwrite-cores1,pcm_imc,wpq_full_cycles,SKT0CHAN2,41,666401288.0,cycles
correlation-fio-randwrite-cores1,pcm_imc,wpq_full_cycles,SKT0CHAN2,42,666406816.0,cycles
correlation-fio-randwrite-cores1,pcm_imc,wpq_full_cycles,SKT0CHAN2,43,666395292.0,cycles
correlation-fio-randwrite-cores1,pcm_imc,wpq_full_cycles,SKT0CHAN2,44,667031278.0,cycles
correlation-fio-randwrite-cores1,pcm_imc,wpq_full_cycles,SKT0CHAN2,45,666391310.0,cycles
correlation-fio-randwrite-cores1,pcm_imc,wpq_full_cycles,SKT0CHAN2,46,666413000.0,cycles
correlation-fio-randwrite-cores1,pcm_imc,wpq_full_cycles,SKT0CHAN2,47,666385240.0,cycles
correlation-fio-randwrite-cores1,pcm_imc,wpq_full_cycles,SKT0CHAN2,48,667071547.0,cycles
correlation-fio-randwrite-cores1,pcm_imc,wpq_full_cycles,SKT0CHAN2,49,666396112.0,cycles
correlation-fio-randwrite-cores1,pcm_imc,wpq_full_cycles,SKT0CHAN2,50,666397336.0,cycles
correlation-fio-randwrite-cores1,pcm_imc,wpq_full_cycles,SKT0CHAN2,51,666365743.0,cycles
correlation-fio-randwrite-cores1,pcm_imc,wpq_full_cycles,SKT0CHAN2,52,667065287.0,cycles
correlation-fio-randwrite-cores1,pcm_imc,wpq_full_cycles,SKT0CHAN2,53,666372032.0,cycles
correlation-fio-randwrite-cores1,pcm_imc,wpq_full_cycles,SKT0CHAN2,54,666406037.0,cycles
correlation-fio-randwrite-cores1,pcm_imc,wpq_full_cycles,SKT0CHAN2,55,666373785.0,cycles
correlation-fio-randwrite-cores1,pcm_imc,wpq_full_cycles,SKT0CHAN2,56,667044279.0,cycles
correlation-fio-randwrite-cores1,pcm_imc,wpq_full_cycles,SKT0CHAN2,57,666404260.0,cycles
correlation-fio-randwrite-cores1,pcm_imc,wpq_full_cycles,SKT0CHAN2,58,666386059.0,cycles
correlation-fio-randwrite-cores1,pcm_imc,wpq_full_cycles,SKT0CHAN2,59,667055793.0,cycles
correlation-fio-randwrite-cores1,pcm_imc,wpq_full_cycles,SKT0CHAN3,0,667029508.0,cycles
correlation-fio-randwrite-cores1,pcm_imc,wpq_full_cycles,SKT0CHAN3,1,667137220.0,cycles
correlation-fio-randwrite-cores1,pcm_imc,wpq_full_cycles,SKT0CHAN3,2,666384922.0,cycles
correlation-fio-randwrite-cores1,pcm_imc,wpq_full_cycles,SKT0CHAN3,3,666395717.0,cycles
correlation-fio-randwrite-cores1,pcm_imc,wpq_full_cycles,SKT0CHAN3,4,667061140.0,cycles
correlation-fio-randwrite-cores1,pcm_imc,wpq_full_cycles,SKT0CHAN3,5,667074383.0,cycles
correlation-fio-randwrite-cores1,pcm_imc,wpq_full_cycles,SKT0CHAN3,6,666406669.0,cycles
correlation-fio-randwrite-cores1,pcm_imc,wpq_full_cycles,SKT0CHAN3,7,666412217.0,cycles
correlation-fio-randwrite-cores1,pcm_imc,wpq_full_cycles,SKT0CHAN3,8,666373699.0,cycles
correlation-fio-randwrite-cores1,pcm_imc,wpq_full_cycles,SKT0CHAN3,9,667054492.0,cycles
correlation-fio-randwrite-cores1,pcm_imc,wpq_full_cycles,SKT0CHAN3,10,666404097.0,cycles
correlation-fio-randwrite-cores1,pcm_imc,wpq_full_cycles,SKT0CHAN3,11,666408211.0,cycles
correlation-fio-randwrite-cores1,pcm_imc,wpq_full_cycles,SKT0CHAN3,12,666413885.0,cycles
correlation-fio-randwrite-cores1,pcm_imc,wpq_full_cycles,SKT0CHAN3,13,667052560.0,cycles
correlation-fio-randwrite-cores1,pcm_imc,wpq_full_cycles,SKT0CHAN3,14,666408423.0,cycles
correlation-fio-randwrite-cores1,pcm_imc,wpq_full_cycles,SKT0CHAN3,15,666399125.0,cycles
correlation-fio-randwrite-cores1,pcm_imc,wpq_full_cycles,SKT0CHAN3,16,666384388.0,cycles
correlation-fio-randwrite-cores1,pcm_imc,wpq_full_cycles,SKT0CHAN3,17,667069248.0,cycles
correlation-fio-randwrite-cores1,pcm_imc,wpq_full_cycles,SKT0CHAN3,18,666402024.0,cycles
correlation-fio-randwrite-cores1,pcm_imc,wpq_full_cycles,SKT0CHAN3,19,666375604.0,cycles
correlation-fio-randwrite-cores1,pcm_imc,wpq_full_cycles,SKT0CHAN3,20,666417691.0,cycles
correlation-fio-randwrite-cores1,pcm_imc,wpq_full_cycles,SKT0CHAN3,21,667073164.0,cycles
correlation-fio-randwrite-cores1,pcm_imc,wpq_full_cycles,SKT0CHAN3,22,666403994.0,cycles
correlation-fio-randwrite-cores1,pcm_imc,wpq_full_cycles,SKT0CHAN3,23,666381933.0,cycles
correlation-fio-randwrite-cores1,pcm_imc,wpq_full_cycles,SKT0CHAN3,24,666397608.0,cycles
correlation-fio-randwrite-cores1,pcm_imc,wpq_full_cycles,SKT0CHAN3,25,667082263.0,cycles
correlation-fio-randwrite-cores1,pcm_imc,wpq_full_cycles,SKT0CHAN3,26,666386201.0,cycles
correlation-fio-randwrite-cores1,pcm_imc,wpq_full_cycles,SKT0CHAN3,27,666391770.0,cycles
correlation-fio-randwrite-cores1,pcm_imc,wpq_full_cycles,SKT0CHAN3,28,666384335.0,cycles
correlation-fio-randwrite-cores1,pcm_imc,wpq_full_cycles,SKT0CHAN3,29,667063855.0,cycles
correlation-fio-randwrite-cores1,pcm_imc,wpq_full_cycles,SKT0CHAN3,30,666397189.0,cycles
correlation-fio-randwrite-cores1,pcm_imc,wpq_full_cycles,SKT0CHAN3,31,666375959.0,cycles
correlation-fio-randwrite-cores1,pcm_imc,wpq_full_cycles,SKT0CHAN3,32,667048796.0,cycles
correlation-fio-randwrite-cores1,pcm_imc,wpq_full_cycles,SKT0CHAN3,33,667042500.0,cycles
correlation-fio-randwrite-cores1,pcm_imc,wpq_full_cycles,SKT0CHAN3,34,666403359.0,cycles
correlation-fio-randwrite-cores1,pcm_imc,wpq_full_cycles,SKT0CHAN3,35,666389171.0,cycles
correlation-fio-randwrite-cores1,pcm_imc,wpq_full_cycles,SKT0CHAN3,36,667042364.0,cycles
correlation-fio-randwrite-cores1,pcm_imc,wpq_full_cycles,SKT0CHAN3,37,666410842.0,cycles
correlation-fio-randwrite-cores1,pcm_imc,wpq_full_cycles,SKT0CHAN3,38,666379762.0,cycles
correlation-fio-randwrite-cores1,pcm_imc,wpq_full_cycles,SKT0CHAN3,39,666380715.0,cycles
correlation-fio-randwrite-cores1,pcm_imc,wpq_full_cycles,SKT0CHAN3,40,667056858.0,cycles
correlation-fio-randwrite-cores1,pcm_imc,wpq_full_cycles,SKT0CHAN3,41,666401270.0,cycles
correlation-fio-randwrite-cores1,pcm_imc,wpq_full_cycles,SKT0CHAN3,42,666406821.0,cycles
correlation-fio-randwrite-cores1,pcm_imc,wpq_full_cycles,SKT0CHAN3,43,666395322.0,cycles
correlation-fio-randwrite-cores1,pcm_imc,wpq_full_cycles,SKT0CHAN3,44,667031239.0,cycles
correlation-fio-randwrite-cores1,pcm_imc,wpq_full_cycles,SKT0CHAN3,45,666391258.0,cycles
correlation-fio-randwrite-cores1,pcm_imc,wpq_full_cycles,SKT0CHAN3,46,666412949.0,cycles
correlation-fio-randwrite-cores1,pcm_imc,wpq_full_cycles,SKT0CHAN3,47,666385206.0,cycles
correlation-fio-randwrite-cores1,pcm_imc,wpq_full_cycles,SKT0CHAN3,48,667071521.0,cycles
correlation-fio-randwrite-cores1,pcm_imc,wpq_full_cycles,SKT0CHAN3,49,666396077.0,cycles
correlation-fio-randwrite-cores1,pcm_imc,wpq_full_cycles,SKT0CHAN3,50,666397321.0,cycles
correlation-fio-randwrite-cores1,pcm_imc,wpq_full_cycles,SKT0CHAN3,51,666365735.0,cycles
correlation-fio-randwrite-cores1,pcm_imc,wpq_full_cycles,SKT0CHAN3,52,667065322.0,cycles
correlation-fio-randwrite-cores1,pcm_imc,wpq_full_cycles,SKT0CHAN3,53,666372038.0,cycles
correlation-fio-randwrite-cores1,pcm_imc,wpq_full_cycles,SKT0CHAN3,54,666406042.0,cycles
correlation-fio-randwrite-cores1,pcm_imc,wpq_full_cycles,SKT0CHAN3,55,666373826.0,cycles
correlation-fio-randwrite-cores1,pcm_imc,wpq_full_cycles,SKT0CHAN3,56,667044252.0,cycles
correlation-fio-randwrite-cores1,pcm_imc,wpq_full_cycles,SKT0CHAN3,57,666404280.0,cycles
correlation-fio-randwrite-cores1,pcm_imc,wpq_full_cycles,SKT0CHAN3,58,666386078.0,cycles
correlation-fio-randwrite-cores1,pcm_imc,wpq_full_cycles,SKT0CHAN3,59,667055772.0,cycles
correlation-fio-randwrite-cores1,pcm_imc,wpq_full_cycles,SKT0CHAN4,0,667029519.0,cycles
correlation-fio-randwrite-cores1,pcm_imc,wpq_full_cycles,SKT0CHAN4,1,667137280.0,cycles
correlation-fio-randwrite-cores1,pcm_imc,wpq_full_cycles,SKT0CHAN4,2,666384922.0,cycles
correlation-fio-randwrite-cores1,pcm_imc,wpq_full_cycles,SKT0CHAN4,3,666395725.0,cycles
correlation-fio-randwrite-cores1,pcm_imc,wpq_full_cycles,SKT0CHAN4,4,667061086.0,cycles
correlation-fio-randwrite-cores1,pcm_imc,wpq_full_cycles,SKT0CHAN4,5,667074335.0,cycles
correlation-fio-randwrite-cores1,pcm_imc,wpq_full_cycles,SKT0CHAN4,6,666406738.0,cycles
correlation-fio-randwrite-cores1,pcm_imc,wpq_full_cycles,SKT0CHAN4,7,666412197.0,cycles
correlation-fio-randwrite-cores1,pcm_imc,wpq_full_cycles,SKT0CHAN4,8,666373711.0,cycles
correlation-fio-randwrite-cores1,pcm_imc,wpq_full_cycles,SKT0CHAN4,9,667054463.0,cycles
correlation-fio-randwrite-cores1,pcm_imc,wpq_full_cycles,SKT0CHAN4,10,666404099.0,cycles
correlation-fio-randwrite-cores1,pcm_imc,wpq_full_cycles,SKT0CHAN4,11,666408213.0,cycles
correlation-fio-randwrite-cores1,pcm_imc,wpq_full_cycles,SKT0CHAN4,12,666413896.0,cycles
correlation-fio-randwrite-cores1,pcm_imc,wpq_full_cycles,SKT0CHAN4,13,667052608.0,cycles
correlation-fio-randwrite-cores1,pcm_imc,wpq_full_cycles,SKT0CHAN4,14,666408415.0,cycles
correlation-fio-randwrite-cores1,pcm_imc,wpq_full_cycles,SKT0CHAN4,15,666399131.0,cycles
correlation-fio-randwrite-cores1,pcm_imc,wpq_full_cycles,SKT0CHAN4,16,666384452.0,cycles
correlation-fio-randwrite-cores1,pcm_imc,wpq_full_cycles,SKT0CHAN4,17,667069273.0,cycles
correlation-fio-randwrite-cores1,pcm_imc,wpq_full_cycles,SKT0CHAN4,18,666402071.0,cycles
correlation-fio-randwrite-cores1,pcm_imc,wpq_full_cycles,SKT0CHAN4,19,666375567.0,cycles
correlation-fio-randwrite-cores1,pcm_imc,wpq_full_cycles,SKT0CHAN4,20,666417764.0,cycles
correlation-fio-randwrite-cores1,pcm_imc,wpq_full_cycles,SKT0CHAN4,21,667073172.0,cycles
correlation-fio-randwrite-cores1,pcm_imc,wpq_full_cycles,SKT0CHAN4,22,666404017.0,cycles
correlation-fio-randwrite-cores1,pcm_imc,wpq_full_cycles,SKT0CHAN4,23,666381903.0,cycles
correlation-fio-randwrite-cores1,pcm_imc,wpq_full_cycles,SKT0CHAN4,24,666397562.0,cycles
correlation-fio-randwrite-cores1,pcm_imc,wpq_full_cycles,SKT0CHAN4,25,667082207.0,cycles
correlation-fio-randwrite-cores1,pcm_imc,wpq_full_cycles,SKT0CHAN4,26,666386174.0,cycles
correlation-fio-randwrite-cores1,pcm_imc,wpq_full_cycles,SKT0CHAN4,27,666391780.0,cycles
correlation-fio-randwrite-cores1,pcm_imc,wpq_full_cycles,SKT0CHAN4,28,666384304.0,cycles
correlation-fio-randwrite-cores1,pcm_imc,wpq_full_cycles,SKT0CHAN4,29,667063753.0,cycles
correlation-fio-randwrite-cores1,pcm_imc,wpq_full_cycles,SKT0CHAN4,30,666397168.0,cycles
correlation-fio-randwrite-cores1,pcm_imc,wpq_full_cycles,SKT0CHAN4,31,666375964.0,cycles
correlation-fio-randwrite-cores1,pcm_imc,wpq_full_cycles,SKT0CHAN4,32,667048853.0,cycles
correlation-fio-randwrite-cores1,pcm_imc,wpq_full_cycles,SKT0CHAN4,33,667042578.0,cycles
correlation-fio-randwrite-cores1,pcm_imc,wpq_full_cycles,SKT0CHAN4,34,666403370.0,cycles
correlation-fio-randwrite-cores1,pcm_imc,wpq_full_cycles,SKT0CHAN4,35,666389209.0,cycles
correlation-fio-randwrite-cores1,pcm_imc,wpq_full_cycles,SKT0CHAN4,36,667042378.0,cycles
correlation-fio-randwrite-cores1,pcm_imc,wpq_full_cycles,SKT0CHAN4,37,666410860.0,cycles
correlation-fio-randwrite-cores1,pcm_imc,wpq_full_cycles,SKT0CHAN4,38,666379863.0,cycles
correlation-fio-randwrite-cores1,pcm_imc,wpq_full_cycles,SKT0CHAN4,39,666380718.0,cycles
correlation-fio-randwrite-cores1,pcm_imc,wpq_full_cycles,SKT0CHAN4,40,667056919.0,cycles
correlation-fio-randwrite-cores1,pcm_imc,wpq_full_cycles,SKT0CHAN4,41,666401290.0,cycles
correlation-fio-randwrite-cores1,pcm_imc,wpq_full_cycles,SKT0CHAN4,42,666406783.0,cycles
correlation-fio-randwrite-cores1,pcm_imc,wpq_full_cycles,SKT0CHAN4,43,666395321.0,cycles
correlation-fio-randwrite-cores1,pcm_imc,wpq_full_cycles,SKT0CHAN4,44,667031199.0,cycles
correlation-fio-randwrite-cores1,pcm_imc,wpq_full_cycles,SKT0CHAN4,45,666391235.0,cycles
correlation-fio-randwrite-cores1,pcm_imc,wpq_full_cycles,SKT0CHAN4,46,666412940.0,cycles
correlation-fio-randwrite-cores1,pcm_imc,wpq_full_cycles,SKT0CHAN4,47,666385161.0,cycles
correlation-fio-randwrite-cores1,pcm_imc,wpq_full_cycles,SKT0CHAN4,48,667071506.0,cycles
correlation-fio-randwrite-cores1,pcm_imc,wpq_full_cycles,SKT0CHAN4,49,666396037.0,cycles
correlation-fio-randwrite-cores1,pcm_imc,wpq_full_cycles,SKT0CHAN4,50,666397288.0,cycles
correlation-fio-randwrite-cores1,pcm_imc,wpq_full_cycles,SKT0CHAN4,51,666365744.0,cycles
correlation-fio-randwrite-cores1,pcm_imc,wpq_full_cycles,SKT0CHAN4,52,667065302.0,cycles
correlation-fio-randwrite-cores1,pcm_imc,wpq_full_cycles,SKT0CHAN4,53,666372036.0,cycles
correlation-fio-randwrite-cores1,pcm_imc,wpq_full_cycles,SKT0CHAN4,54,666406064.0,cycles
correlation-fio-randwrite-cores1,pcm_imc,wpq_full_cycles,SKT0CHAN4,55,666373901.0,cycles
correlation-fio-randwrite-cores1,pcm_imc,wpq_full_cycles,SKT0CHAN4,56,667044216.0,cycles
correlation-fio-randwrite-cores1,pcm_imc,wpq_full_cycles,SKT0CHAN4,57,666404267.0,cycles
correlation-fio-randwrite-cores1,pcm_imc,wpq_full_cycles,SKT0CHAN4,58,666386076.0,cycles
correlation-fio-randwrite-cores1,pcm_imc,wpq_full_cycles,SKT0CHAN4,59,667055765.0,cycles
correlation-fio-randwrite-cores1,pcm_imc,wpq_full_cycles,SKT0CHAN5,0,667029338.0,cycles
correlation-fio-randwrite-cores1,pcm_imc,wpq_full_cycles,SKT0CHAN5,1,667137309.0,cycles
correlation-fio-randwrite-cores1,pcm_imc,wpq_full_cycles,SKT0CHAN5,2,666384902.0,cycles
correlation-fio-randwrite-cores1,pcm_imc,wpq_full_cycles,SKT0CHAN5,3,666395853.0,cycles
correlation-fio-randwrite-cores1,pcm_imc,wpq_full_cycles,SKT0CHAN5,4,667061073.0,cycles
correlation-fio-randwrite-cores1,pcm_imc,wpq_full_cycles,SKT0CHAN5,5,667074341.0,cycles
correlation-fio-randwrite-cores1,pcm_imc,wpq_full_cycles,SKT0CHAN5,6,666406720.0,cycles
correlation-fio-randwrite-cores1,pcm_imc,wpq_full_cycles,SKT0CHAN5,7,666412160.0,cycles
correlation-fio-randwrite-cores1,pcm_imc,wpq_full_cycles,SKT0CHAN5,8,666373742.0,cycles
correlation-fio-randwrite-cores1,pcm_imc,wpq_full_cycles,SKT0CHAN5,9,667054445.0,cycles
correlation-fio-randwrite-cores1,pcm_imc,wpq_full_cycles,SKT0CHAN5,10,666404082.0,cycles
correlation-fio-randwrite-cores1,pcm_imc,wpq_full_cycles,SKT0CHAN5,11,666408146.0,cycles
correlation-fio-randwrite-cores1,pcm_imc,wpq_full_cycles,SKT0CHAN5,12,666413876.0,cycles
correlation-fio-randwrite-cores1,pcm_imc,wpq_full_cycles,SKT0CHAN5,13,667052678.0,cycles
correlation-fio-randwrite-cores1,pcm_imc,wpq_full_cycles,SKT0CHAN5,14,666408496.0,cycles
correlation-fio-randwrite-cores1,pcm_imc,wpq_full_cycles,SKT0CHAN5,15,666399086.0,cycles
correlation-fio-randwrite-cores1,pcm_imc,wpq_full_cycles,SKT0CHAN5,16,666384569.0,cycles
correlation-fio-randwrite-cores1,pcm_imc,wpq_full_cycles,SKT0CHAN5,17,667069164.0,cycles
correlation-fio-randwrite-cores1,pcm_imc,wpq_full_cycles,SKT0CHAN5,18,666402296.0,cycles
correlation-fio-randwrite-cores1,pcm_imc,wpq_full_cycles,SKT0CHAN5,19,666375558.0,cycles
correlation-fio-randwrite-cores1,pcm_imc,wpq_full_cycles,SKT0CHAN5,20,666417687.0,cycles
correlation-fio-randwrite-cores1,pcm_imc,wpq_full_cycles,SKT0CHAN5,21,667073213.0,cycles
correlation-fio-randwrite-cores1,pcm_imc,wpq_full_cycles,SKT0CHAN5,22,666404035.0,cycles
correlation-fio-randwrite-cores1,pcm_imc,wpq_full_cycles,SKT0CHAN5,23,666381904.0,cycles
correlation-fio-randwrite-cores1,pcm_imc,wpq_full_cycles,SKT0CHAN5,24,666397536.0,cycles
correlation-fio-randwrite-cores1,pcm_imc,wpq_full_cycles,SKT0CHAN5,25,667082237.0,cycles
correlation-fio-randwrite-cores1,pcm_imc,wpq_full_cycles,SKT0CHAN5,26,666386211.0,cycles
correlation-fio-randwrite-cores1,pcm_imc,wpq_full_cycles,SKT0CHAN5,27,666391761.0,cycles
correlation-fio-randwrite-cores1,pcm_imc,wpq_full_cycles,SKT0CHAN5,28,666384330.0,cycles
correlation-fio-randwrite-cores1,pcm_imc,wpq_full_cycles,SKT0CHAN5,29,667063684.0,cycles
correlation-fio-randwrite-cores1,pcm_imc,wpq_full_cycles,SKT0CHAN5,30,666397132.0,cycles
correlation-fio-randwrite-cores1,pcm_imc,wpq_full_cycles,SKT0CHAN5,31,666376002.0,cycles
correlation-fio-randwrite-cores1,pcm_imc,wpq_full_cycles,SKT0CHAN5,32,667048853.0,cycles
correlation-fio-randwrite-cores1,pcm_imc,wpq_full_cycles,SKT0CHAN5,33,667042596.0,cycles
correlation-fio-randwrite-cores1,pcm_imc,wpq_full_cycles,SKT0CHAN5,34,666403415.0,cycles
correlation-fio-randwrite-cores1,pcm_imc,wpq_full_cycles,SKT0CHAN5,35,666389304.0,cycles
correlation-fio-randwrite-cores1,pcm_imc,wpq_full_cycles,SKT0CHAN5,36,667042482.0,cycles
correlation-fio-randwrite-cores1,pcm_imc,wpq_full_cycles,SKT0CHAN5,37,666410923.0,cycles
correlation-fio-randwrite-cores1,pcm_imc,wpq_full_cycles,SKT0CHAN5,38,666379898.0,cycles
correlation-fio-randwrite-cores1,pcm_imc,wpq_full_cycles,SKT0CHAN5,39,666380695.0,cycles
correlation-fio-randwrite-cores1,pcm_imc,wpq_full_cycles,SKT0CHAN5,40,667056879.0,cycles
correlation-fio-randwrite-cores1,pcm_imc,wpq_full_cycles,SKT0CHAN5,41,666401238.0,cycles
correlation-fio-randwrite-cores1,pcm_imc,wpq_full_cycles,SKT0CHAN5,42,666406727.0,cycles
correlation-fio-randwrite-cores1,pcm_imc,wpq_full_cycles,SKT0CHAN5,43,666395400.0,cycles
correlation-fio-randwrite-cores1,pcm_imc,wpq_full_cycles,SKT0CHAN5,44,667031271.0,cycles
correlation-fio-randwrite-cores1,pcm_imc,wpq_full_cycles,SKT0CHAN5,45,666391244.0,cycles
correlation-fio-randwrite-cores1,pcm_imc,wpq_full_cycles,SKT0CHAN5,46,666412932.0,cycles
correlation-fio-randwrite-cores1,pcm_imc,wpq_full_cycles,SKT0CHAN5,47,666385250.0,cycles
correlation-fio-randwrite-cores1,pcm_imc,wpq_full_cycles,SKT0CHAN5,48,667071533.0,cycles
correlation-fio-randwrite-cores1,pcm_imc,wpq_full_cycles,SKT0CHAN5,49,666396092.0,cycles
correlation-fio-randwrite-cores1,pcm_imc,wpq_full_cycles,SKT0CHAN5,50,666397229.0,cycles
correlation-fio-randwrite-cores1,pcm_imc,wpq_full_cycles,SKT0CHAN5,51,666365905.0,cycles
correlation-fio-randwrite-cores1,pcm_imc,wpq_full_cycles,SKT0CHAN5,52,667065275.0,cycles
correlation-fio-randwrite-cores1,pcm_imc,wpq_full_cycles,SKT0CHAN5,53,666371949.0,cycles
correlation-fio-randwrite-cores1,pcm_imc,wpq_full_cycles,SKT0CHAN5,54,666405968.0,cycles
correlation-fio-randwrite-cores1,pcm_imc,wpq_full_cycles,SKT0CHAN5,55,666373979.0,cycles
correlation-fio-randwrite-cores1,pcm_imc,wpq_full_cycles,SKT0CHAN5,56,667043542.0,cycles
correlation-fio-randwrite-cores1,pcm_imc,wpq_full_cycles,SKT0CHAN5,57,666404313.0,cycles
correlation-fio-randwrite-cores1,pcm_imc,wpq_full_cycles,SKT0CHAN5,58,666386010.0,cycles
correlation-fio-randwrite-cores1,pcm_imc,wpq_full_cycles,SKT0CHAN5,59,667055091.0,cycles
correlation-fio-randwrite-cores1,pcm_imc,wpq_full_cycles,SKT0CHAN6,0,667029472.0,cycles
correlation-fio-randwrite-cores1,pcm_imc,wpq_full_cycles,SKT0CHAN6,1,667137254.0,cycles
correlation-fio-randwrite-cores1,pcm_imc,wpq_full_cycles,SKT0CHAN6,2,666384889.0,cycles
correlation-fio-randwrite-cores1,pcm_imc,wpq_full_cycles,SKT0CHAN6,3,666395818.0,cycles
correlation-fio-randwrite-cores1,pcm_imc,wpq_full_cycles,SKT0CHAN6,4,667061211.0,cycles
correlation-fio-randwrite-cores1,pcm_imc,wpq_full_cycles,SKT0CHAN6,5,667074429.0,cycles
correlation-fio-randwrite-cores1,pcm_imc,wpq_full_cycles,SKT0CHAN6,6,666406707.0,cycles
correlation-fio-randwrite-cores1,pcm_imc,wpq_full_cycles,SKT0CHAN6,7,666412171.0,cycles
correlation-fio-randwrite-cores1,pcm_imc,wpq_full_cycles,SKT0CHAN6,8,666373762.0,cycles
correlation-fio-randwrite-cores1,pcm_imc,wpq_full_cycles,SKT0CHAN6,9,667054310.0,cycles
correlation-fio-randwrite-cores1,pcm_imc,wpq_full_cycles,SKT0CHAN6,10,666404062.0,cycles
correlation-fio-randwrite-cores1,pcm_imc,wpq_full_cycles,SKT0CHAN6,11,666408136.0,cycles
correlation-fio-randwrite-cores1,pcm_imc,wpq_full_cycles,SKT0CHAN6,12,666413964.0,cycles
correlation-fio-randwrite-cores1,pcm_imc,wpq_full_cycles,SKT0CHAN6,13,667052727.0,cycles
correlation-fio-randwrite-cores1,pcm_imc,wpq_full_cycles,SKT0CHAN6,14,666408452.0,cycles
correlation-fio-randwrite-cores1,pcm_imc,wpq_full_cycles,SKT0CHAN6,15,666399102.0,cycles
correlation-fio-randwrite-cores1,pcm_imc,wpq_full_cycles,SKT0CHAN6,16,666384732.0,cycles
correlation-fio-randwrite-cores1,pcm_imc,wpq_full_cycles,SKT0CHAN6,17,667069192.0,cycles
correlation-fio-randwrite-cores1,pcm_imc,wpq_full_cycles,SKT0CHAN6,18,666402363.0,cycles
correlation-fio-randwrite-cores1,pcm_imc,wpq_full_cycles,SKT0CHAN6,19,666375511.0,cycles
correlation-fio-randwrite-cores1,pcm_imc,wpq_full_cycles,SKT0CHAN6,20,666417711.0,cycles
correlation-fio-randwrite-cores1,pcm_imc,wpq_full_cycles,SKT0CHAN6,21,667073385.0,cycles
correlation-fio-randwrite-cores1,pcm_imc,wpq_full_cycles,SKT0CHAN6,22,666403960.0,cycles
correlation-fio-randwrite-cores1,pcm_imc,wpq_full_cycles,SKT0CHAN6,23,666381112.0,cycles
correlation-fio-randwrite-cores1,pcm_imc,wpq_full_cycles,SKT0CHAN6,24,666397504.0,cycles
correlation-fio-randwrite-cores1,pcm_imc,wpq_full_cycles,SKT0CHAN6,25,667082360.0,cycles
correlation-fio-randwrite-cores1,pcm_imc,wpq_full_cycles,SKT0CHAN6,26,666386250.0,cycles
correlation-fio-randwrite-cores1,pcm_imc,wpq_full_cycles,SKT0CHAN6,27,666391785.0,cycles
correlation-fio-randwrite-cores1,pcm_imc,wpq_full_cycles,SKT0CHAN6,28,666384331.0,cycles
correlation-fio-randwrite-cores1,pcm_imc,wpq_full_cycles,SKT0CHAN6,29,667063746.0,cycles
correlation-fio-randwrite-cores1,pcm_imc,wpq_full_cycles,SKT0CHAN6,30,666397099.0,cycles
correlation-fio-randwrite-cores1,pcm_imc,wpq_full_cycles,SKT0CHAN6,31,666376131.0,cycles
correlation-fio-randwrite-cores1,pcm_imc,wpq_full_cycles,SKT0CHAN6,32,667048906.0,cycles
correlation-fio-randwrite-cores1,pcm_imc,wpq_full_cycles,SKT0CHAN6,33,667042635.0,cycles
correlation-fio-randwrite-cores1,pcm_imc,wpq_full_cycles,SKT0CHAN6,34,666403504.0,cycles
correlation-fio-randwrite-cores1,pcm_imc,wpq_full_cycles,SKT0CHAN6,35,666389342.0,cycles
correlation-fio-randwrite-cores1,pcm_imc,wpq_full_cycles,SKT0CHAN6,36,667042594.0,cycles
correlation-fio-randwrite-cores1,pcm_imc,wpq_full_cycles,SKT0CHAN6,37,666411015.0,cycles
correlation-fio-randwrite-cores1,pcm_imc,wpq_full_cycles,SKT0CHAN6,38,666379931.0,cycles
correlation-fio-randwrite-cores1,pcm_imc,wpq_full_cycles,SKT0CHAN6,39,666380755.0,cycles
correlation-fio-randwrite-cores1,pcm_imc,wpq_full_cycles,SKT0CHAN6,40,667056963.0,cycles
correlation-fio-randwrite-cores1,pcm_imc,wpq_full_cycles,SKT0CHAN6,41,666401133.0,cycles
correlation-fio-randwrite-cores1,pcm_imc,wpq_full_cycles,SKT0CHAN6,42,666406698.0,cycles
correlation-fio-randwrite-cores1,pcm_imc,wpq_full_cycles,SKT0CHAN6,43,666395488.0,cycles
correlation-fio-randwrite-cores1,pcm_imc,wpq_full_cycles,SKT0CHAN6,44,667031269.0,cycles
correlation-fio-randwrite-cores1,pcm_imc,wpq_full_cycles,SKT0CHAN6,45,666390624.0,cycles
correlation-fio-randwrite-cores1,pcm_imc,wpq_full_cycles,SKT0CHAN6,46,666412014.0,cycles
correlation-fio-randwrite-cores1,pcm_imc,wpq_full_cycles,SKT0CHAN6,47,666385307.0,cycles
correlation-fio-randwrite-cores1,pcm_imc,wpq_full_cycles,SKT0CHAN6,48,667071503.0,cycles
correlation-fio-randwrite-cores1,pcm_imc,wpq_full_cycles,SKT0CHAN6,49,666395296.0,cycles
correlation-fio-randwrite-cores1,pcm_imc,wpq_full_cycles,SKT0CHAN6,50,666397226.0,cycles
correlation-fio-randwrite-cores1,pcm_imc,wpq_full_cycles,SKT0CHAN6,51,666365976.0,cycles
correlation-fio-randwrite-cores1,pcm_imc,wpq_full_cycles,SKT0CHAN6,52,667065273.0,cycles
correlation-fio-randwrite-cores1,pcm_imc,wpq_full_cycles,SKT0CHAN6,53,666372031.0,cycles
correlation-fio-randwrite-cores1,pcm_imc,wpq_full_cycles,SKT0CHAN6,54,666405822.0,cycles
correlation-fio-randwrite-cores1,pcm_imc,wpq_full_cycles,SKT0CHAN6,55,666374066.0,cycles
correlation-fio-randwrite-cores1,pcm_imc,wpq_full_cycles,SKT0CHAN6,56,667043636.0,cycles
correlation-fio-randwrite-cores1,pcm_imc,wpq_full_cycles,SKT0CHAN6,57,666404245.0,cycles
correlation-fio-randwrite-cores1,pcm_imc,wpq_full_cycles,SKT0CHAN6,58,666385959.0,cycles
correlation-fio-randwrite-cores1,pcm_imc,wpq_full_cycles,SKT0CHAN6,59,667055241.0,cycles
correlation-fio-randwrite-cores1,pcm_imc,wpq_full_cycles,SKT0CHAN7,0,667029518.0,cycles
correlation-fio-randwrite-cores1,pcm_imc,wpq_full_cycles,SKT0CHAN7,1,667137206.0,cycles
correlation-fio-randwrite-cores1,pcm_imc,wpq_full_cycles,SKT0CHAN7,2,666384812.0,cycles
correlation-fio-randwrite-cores1,pcm_imc,wpq_full_cycles,SKT0CHAN7,3,666395818.0,cycles
correlation-fio-randwrite-cores1,pcm_imc,wpq_full_cycles,SKT0CHAN7,4,667061219.0,cycles
correlation-fio-randwrite-cores1,pcm_imc,wpq_full_cycles,SKT0CHAN7,5,667074409.0,cycles
correlation-fio-randwrite-cores1,pcm_imc,wpq_full_cycles,SKT0CHAN7,6,666406792.0,cycles
correlation-fio-randwrite-cores1,pcm_imc,wpq_full_cycles,SKT0CHAN7,7,666412082.0,cycles
correlation-fio-randwrite-cores1,pcm_imc,wpq_full_cycles,SKT0CHAN7,8,666373913.0,cycles
correlation-fio-randwrite-cores1,pcm_imc,wpq_full_cycles,SKT0CHAN7,9,667054244.0,cycles
correlation-fio-randwrite-cores1,pcm_imc,wpq_full_cycles,SKT0CHAN7,10,666404099.0,cycles
correlation-fio-randwrite-cores1,pcm_imc,wpq_full_cycles,SKT0CHAN7,11,666408033.0,cycles
correlation-fio-randwrite-cores1,pcm_imc,wpq_full_cycles,SKT0CHAN7,12,666414063.0,cycles
correlation-fio-randwrite-cores1,pcm_imc,wpq_full_cycles,SKT0CHAN7,13,667052782.0,cycles
correlation-fio-randwrite-cores1,pcm_imc,wpq_full_cycles,SKT0CHAN7,14,666408472.0,cycles
correlation-fio-randwrite-cores1,pcm_imc,wpq_full_cycles,SKT0CHAN7,15,666398944.0,cycles
correlation-fio-randwrite-cores1,pcm_imc,wpq_full_cycles,SKT0CHAN7,16,666384833.0,cycles
correlation-fio-randwrite-cores1,pcm_imc,wpq_full_cycles,SKT0CHAN7,17,667069197.0,cycles
correlation-fio-randwrite-cores1,pcm_imc,wpq_full_cycles,SKT0CHAN7,18,666402395.0,cycles
correlation-fio-randwrite-cores1,pcm_imc,wpq_full_cycles,SKT0CHAN7,19,666375457.0,cycles
correlation-fio-randwrite-cores1,pcm_imc,wpq_full_cycles,SKT0CHAN7,20,666417653.0,cycles
correlation-fio-randwrite-cores1,pcm_imc,wpq_full_cycles,SKT0CHAN7,21,667073245.0,cycles
correlation-fio-randwrite-cores1,pcm_imc,wpq_full_cycles,SKT0CHAN7,22,666403940.0,cycles
correlation-fio-randwrite-cores1,pcm_imc,wpq_full_cycles,SKT0CHAN7,23,666381042.0,cycles
correlation-fio-randwrite-cores1,pcm_imc,wpq_full_cycles,SKT0CHAN7,24,666397518.0,cycles
correlation-fio-randwrite-cores1,pcm_imc,wpq_full_cycles,SKT0CHAN7,25,667082335.0,cycles
correlation-fio-randwrite-cores1,pcm_imc,wpq_full_cycles,SKT0CHAN7,26,666386396.0,cycles
correlation-fio-randwrite-cores1,pcm_imc,wpq_full_cycles,SKT0CHAN7,27,666392627.0,cycles
correlation-fio-randwrite-cores1,pcm_imc,wpq_full_cycles,SKT0CHAN7,28,666384364.0,cycles
correlation-fio-randwrite-cores1,pcm_imc,wpq_full_cycles,SKT0CHAN7,29,667063725.0,cycles
correlation-fio-randwrite-cores1,pcm_imc,wpq_full_cycles,SKT0CHAN7,30,666397235.0,cycles
correlation-fio-randwrite-cores1,pcm_imc,wpq_full_cycles,SKT0CHAN7,31,666375449.0,cycles
correlation-fio-randwrite-cores1,pcm_imc,wpq_full_cycles,SKT0CHAN7,32,667048951.0,cycles
correlation-fio-randwrite-cores1,pcm_imc,wpq_full_cycles,SKT0CHAN7,33,667042843.0,cycles
correlation-fio-randwrite-cores1,pcm_imc,wpq_full_cycles,SKT0CHAN7,34,666404303.0,cycles
correlation-fio-randwrite-cores1,pcm_imc,wpq_full_cycles,SKT0CHAN7,35,666389400.0,cycles
correlation-fio-randwrite-cores1,pcm_imc,wpq_full_cycles,SKT0CHAN7,36,667042700.0,cycles
correlation-fio-randwrite-cores1,pcm_imc,wpq_full_cycles,SKT0CHAN7,37,666410254.0,cycles
correlation-fio-randwrite-cores1,pcm_imc,wpq_full_cycles,SKT0CHAN7,38,666380095.0,cycles
correlation-fio-randwrite-cores1,pcm_imc,wpq_full_cycles,SKT0CHAN7,39,666380863.0,cycles
correlation-fio-randwrite-cores1,pcm_imc,wpq_full_cycles,SKT0CHAN7,40,667056143.0,cycles
correlation-fio-randwrite-cores1,pcm_imc,wpq_full_cycles,SKT0CHAN7,41,666400389.0,cycles
correlation-fio-randwrite-cores1,pcm_imc,wpq_full_cycles,SKT0CHAN7,42,666406770.0,cycles
correlation-fio-randwrite-cores1,pcm_imc,wpq_full_cycles,SKT0CHAN7,43,666395444.0,cycles
correlation-fio-randwrite-cores1,pcm_imc,wpq_full_cycles,SKT0CHAN7,44,667031243.0,cycles
correlation-fio-randwrite-cores1,pcm_imc,wpq_full_cycles,SKT0CHAN7,45,666390597.0,cycles
correlation-fio-randwrite-cores1,pcm_imc,wpq_full_cycles,SKT0CHAN7,46,666411917.0,cycles
correlation-fio-randwrite-cores1,pcm_imc,wpq_full_cycles,SKT0CHAN7,47,666385347.0,cycles
correlation-fio-randwrite-cores1,pcm_imc,wpq_full_cycles,SKT0CHAN7,48,667071462.0,cycles
correlation-fio-randwrite-cores1,pcm_imc,wpq_full_cycles,SKT0CHAN7,49,666395255.0,cycles
correlation-fio-randwrite-cores1,pcm_imc,wpq_full_cycles,SKT0CHAN7,50,666397240.0,cycles
correlation-fio-randwrite-cores1,pcm_imc,wpq_full_cycles,SKT0CHAN7,51,666366060.0,cycles
correlation-fio-randwrite-cores1,pcm_imc,wpq_full_cycles,SKT0CHAN7,52,667065330.0,cycles
correlation-fio-randwrite-cores1,pcm_imc,wpq_full_cycles,SKT0CHAN7,53,666372053.0,cycles
correlation-fio-randwrite-cores1,pcm_imc,wpq_full_cycles,SKT0CHAN7,54,666405833.0,cycles
correlation-fio-randwrite-cores1,pcm_imc,wpq_full_cycles,SKT0CHAN7,55,666374175.0,cycles
correlation-fio-randwrite-cores1,pcm_imc,wpq_full_cycles,SKT0CHAN7,56,667043671.0,cycles
correlation-fio-randwrite-cores1,pcm_imc,wpq_full_cycles,SKT0CHAN7,57,666404181.0,cycles
correlation-fio-randwrite-cores1,pcm_imc,wpq_full_cycles,SKT0CHAN7,58,666385228.0,cycles
correlation-fio-randwrite-cores1,pcm_imc,wpq_full_cycles,SKT0CHAN7,59,667055237.0,cycles
correlation-fio-randwrite-cores1,pcm_imc,acts_byp,SKT0CHAN0,0,67954.0,events
correlation-fio-randwrite-cores1,pcm_imc,acts_byp,SKT0CHAN0,1,52931.0,events
correlation-fio-randwrite-cores1,pcm_imc,acts_byp,SKT0CHAN0,2,47366.0,events
correlation-fio-randwrite-cores1,pcm_imc,acts_byp,SKT0CHAN0,3,43413.0,events
correlation-fio-randwrite-cores1,pcm_imc,acts_byp,SKT0CHAN0,4,40850.0,events
correlation-fio-randwrite-cores1,pcm_imc,acts_byp,SKT0CHAN0,5,36456.0,events
correlation-fio-randwrite-cores1,pcm_imc,acts_byp,SKT0CHAN0,6,37521.0,events
correlation-fio-randwrite-cores1,pcm_imc,acts_byp,SKT0CHAN0,7,34162.0,events
correlation-fio-randwrite-cores1,pcm_imc,acts_byp,SKT0CHAN0,8,33679.0,events
correlation-fio-randwrite-cores1,pcm_imc,acts_byp,SKT0CHAN0,9,32669.0,events
correlation-fio-randwrite-cores1,pcm_imc,acts_byp,SKT0CHAN0,10,31883.0,events
correlation-fio-randwrite-cores1,pcm_imc,acts_byp,SKT0CHAN0,11,32836.0,events
correlation-fio-randwrite-cores1,pcm_imc,acts_byp,SKT0CHAN0,12,29364.0,events
correlation-fio-randwrite-cores1,pcm_imc,acts_byp,SKT0CHAN0,13,80849.0,events
correlation-fio-randwrite-cores1,pcm_imc,acts_byp,SKT0CHAN0,14,60712.0,events
correlation-fio-randwrite-cores1,pcm_imc,acts_byp,SKT0CHAN0,15,51439.0,events
correlation-fio-randwrite-cores1,pcm_imc,acts_byp,SKT0CHAN0,16,42988.0,events
correlation-fio-randwrite-cores1,pcm_imc,acts_byp,SKT0CHAN0,17,41055.0,events
correlation-fio-randwrite-cores1,pcm_imc,acts_byp,SKT0CHAN0,18,41038.0,events
correlation-fio-randwrite-cores1,pcm_imc,acts_byp,SKT0CHAN0,19,38755.0,events
correlation-fio-randwrite-cores1,pcm_imc,acts_byp,SKT0CHAN0,20,40544.0,events
correlation-fio-randwrite-cores1,pcm_imc,acts_byp,SKT0CHAN0,21,36652.0,events
correlation-fio-randwrite-cores1,pcm_imc,acts_byp,SKT0CHAN0,22,35310.0,events
correlation-fio-randwrite-cores1,pcm_imc,acts_byp,SKT0CHAN0,23,33193.0,events
correlation-fio-randwrite-cores1,pcm_imc,acts_byp,SKT0CHAN0,24,33575.0,events
correlation-fio-randwrite-cores1,pcm_imc,acts_byp,SKT0CHAN0,25,32277.0,events
correlation-fio-randwrite-cores1,pcm_imc,acts_byp,SKT0CHAN0,26,32790.0,events
correlation-fio-randwrite-cores1,pcm_imc,acts_byp,SKT0CHAN0,27,31175.0,events
correlation-fio-randwrite-cores1,pcm_imc,acts_byp,SKT0CHAN0,28,32592.0,events
correlation-fio-randwrite-cores1,pcm_imc,acts_byp,SKT0CHAN0,29,30679.0,events
correlation-fio-randwrite-cores1,pcm_imc,acts_byp,SKT0CHAN0,30,33353.0,events
correlation-fio-randwrite-cores1,pcm_imc,acts_byp,SKT0CHAN0,31,31653.0,events
correlation-fio-randwrite-cores1,pcm_imc,acts_byp,SKT0CHAN0,32,31459.0,events
correlation-fio-randwrite-cores1,pcm_imc,acts_byp,SKT0CHAN0,33,31306.0,events
correlation-fio-randwrite-cores1,pcm_imc,acts_byp,SKT0CHAN0,34,31761.0,events
correlation-fio-randwrite-cores1,pcm_imc,acts_byp,SKT0CHAN0,35,29752.0,events
correlation-fio-randwrite-cores1,pcm_imc,acts_byp,SKT0CHAN0,36,30627.0,events
correlation-fio-randwrite-cores1,pcm_imc,acts_byp,SKT0CHAN0,37,28596.0,events
correlation-fio-randwrite-cores1,pcm_imc,acts_byp,SKT0CHAN0,38,30696.0,events
correlation-fio-randwrite-cores1,pcm_imc,acts_byp,SKT0CHAN0,39,31875.0,events
correlation-fio-randwrite-cores1,pcm_imc,acts_byp,SKT0CHAN0,40,28475.0,events
correlation-fio-randwrite-cores1,pcm_imc,acts_byp,SKT0CHAN0,41,29610.0,events
correlation-fio-randwrite-cores1,pcm_imc,acts_byp,SKT0CHAN0,42,29457.0,events
correlation-fio-randwrite-cores1,pcm_imc,acts_byp,SKT0CHAN0,43,29493.0,events
correlation-fio-randwrite-cores1,pcm_imc,acts_byp,SKT0CHAN0,44,29529.0,events
correlation-fio-randwrite-cores1,pcm_imc,acts_byp,SKT0CHAN0,45,28973.0,events
correlation-fio-randwrite-cores1,pcm_imc,acts_byp,SKT0CHAN0,46,29297.0,events
correlation-fio-randwrite-cores1,pcm_imc,acts_byp,SKT0CHAN0,47,35115.0,events
correlation-fio-randwrite-cores1,pcm_imc,acts_byp,SKT0CHAN0,48,35570.0,events
correlation-fio-randwrite-cores1,pcm_imc,acts_byp,SKT0CHAN0,49,36578.0,events
correlation-fio-randwrite-cores1,pcm_imc,acts_byp,SKT0CHAN0,50,34054.0,events
correlation-fio-randwrite-cores1,pcm_imc,acts_byp,SKT0CHAN0,51,34547.0,events
correlation-fio-randwrite-cores1,pcm_imc,acts_byp,SKT0CHAN0,52,33231.0,events
correlation-fio-randwrite-cores1,pcm_imc,acts_byp,SKT0CHAN0,53,31916.0,events
correlation-fio-randwrite-cores1,pcm_imc,acts_byp,SKT0CHAN0,54,32913.0,events
correlation-fio-randwrite-cores1,pcm_imc,acts_byp,SKT0CHAN0,55,30947.0,events
correlation-fio-randwrite-cores1,pcm_imc,acts_byp,SKT0CHAN0,56,31388.0,events
correlation-fio-randwrite-cores1,pcm_imc,acts_byp,SKT0CHAN0,57,30239.0,events
correlation-fio-randwrite-cores1,pcm_imc,acts_byp,SKT0CHAN0,58,30510.0,events
correlation-fio-randwrite-cores1,pcm_imc,acts_byp,SKT0CHAN0,59,31154.0,events
correlation-fio-randwrite-cores1,pcm_imc,acts_byp,SKT0CHAN1,0,22584.0,events
correlation-fio-randwrite-cores1,pcm_imc,acts_byp,SKT0CHAN1,1,23328.0,events
correlation-fio-randwrite-cores1,pcm_imc,acts_byp,SKT0CHAN1,2,22660.0,events
correlation-fio-randwrite-cores1,pcm_imc,acts_byp,SKT0CHAN1,3,22097.0,events
correlation-fio-randwrite-cores1,pcm_imc,acts_byp,SKT0CHAN1,4,22503.0,events
correlation-fio-randwrite-cores1,pcm_imc,acts_byp,SKT0CHAN1,5,22144.0,events
correlation-fio-randwrite-cores1,pcm_imc,acts_byp,SKT0CHAN1,6,23055.0,events
correlation-fio-randwrite-cores1,pcm_imc,acts_byp,SKT0CHAN1,7,21626.0,events
correlation-fio-randwrite-cores1,pcm_imc,acts_byp,SKT0CHAN1,8,22671.0,events
correlation-fio-randwrite-cores1,pcm_imc,acts_byp,SKT0CHAN1,9,21500.0,events
correlation-fio-randwrite-cores1,pcm_imc,acts_byp,SKT0CHAN1,10,22360.0,events
correlation-fio-randwrite-cores1,pcm_imc,acts_byp,SKT0CHAN1,11,22230.0,events
correlation-fio-randwrite-cores1,pcm_imc,acts_byp,SKT0CHAN1,12,22344.0,events
correlation-fio-randwrite-cores1,pcm_imc,acts_byp,SKT0CHAN1,13,24419.0,events
correlation-fio-randwrite-cores1,pcm_imc,acts_byp,SKT0CHAN1,14,26842.0,events
correlation-fio-randwrite-cores1,pcm_imc,acts_byp,SKT0CHAN1,15,26176.0,events
correlation-fio-randwrite-cores1,pcm_imc,acts_byp,SKT0CHAN1,16,26193.0,events
correlation-fio-randwrite-cores1,pcm_imc,acts_byp,SKT0CHAN1,17,26919.0,events
correlation-fio-randwrite-cores1,pcm_imc,acts_byp,SKT0CHAN1,18,25451.0,events
correlation-fio-randwrite-cores1,pcm_imc,acts_byp,SKT0CHAN1,19,25710.0,events
correlation-fio-randwrite-cores1,pcm_imc,acts_byp,SKT0CHAN1,20,25185.0,events
correlation-fio-randwrite-cores1,pcm_imc,acts_byp,SKT0CHAN1,21,25194.0,events
correlation-fio-randwrite-cores1,pcm_imc,acts_byp,SKT0CHAN1,22,25370.0,events
correlation-fio-randwrite-cores1,pcm_imc,acts_byp,SKT0CHAN1,23,25103.0,events
correlation-fio-randwrite-cores1,pcm_imc,acts_byp,SKT0CHAN1,24,23866.0,events
correlation-fio-randwrite-cores1,pcm_imc,acts_byp,SKT0CHAN1,25,23882.0,events
correlation-fio-randwrite-cores1,pcm_imc,acts_byp,SKT0CHAN1,26,23154.0,events
correlation-fio-randwrite-cores1,pcm_imc,acts_byp,SKT0CHAN1,27,23969.0,events
correlation-fio-randwrite-cores1,pcm_imc,acts_byp,SKT0CHAN1,28,23611.0,events
correlation-fio-randwrite-cores1,pcm_imc,acts_byp,SKT0CHAN1,29,22867.0,events
correlation-fio-randwrite-cores1,pcm_imc,acts_byp,SKT0CHAN1,30,23043.0,events
correlation-fio-randwrite-cores1,pcm_imc,acts_byp,SKT0CHAN1,31,22278.0,events
correlation-fio-randwrite-cores1,pcm_imc,acts_byp,SKT0CHAN1,32,22574.0,events
correlation-fio-randwrite-cores1,pcm_imc,acts_byp,SKT0CHAN1,33,22875.0,events
correlation-fio-randwrite-cores1,pcm_imc,acts_byp,SKT0CHAN1,34,22924.0,events
correlation-fio-randwrite-cores1,pcm_imc,acts_byp,SKT0CHAN1,35,21497.0,events
correlation-fio-randwrite-cores1,pcm_imc,acts_byp,SKT0CHAN1,36,22660.0,events
correlation-fio-randwrite-cores1,pcm_imc,acts_byp,SKT0CHAN1,37,21618.0,events
correlation-fio-randwrite-cores1,pcm_imc,acts_byp,SKT0CHAN1,38,23020.0,events
correlation-fio-randwrite-cores1,pcm_imc,acts_byp,SKT0CHAN1,39,22343.0,events
correlation-fio-randwrite-cores1,pcm_imc,acts_byp,SKT0CHAN1,40,21903.0,events
correlation-fio-randwrite-cores1,pcm_imc,acts_byp,SKT0CHAN1,41,21798.0,events
correlation-fio-randwrite-cores1,pcm_imc,acts_byp,SKT0CHAN1,42,22053.0,events
correlation-fio-randwrite-cores1,pcm_imc,acts_byp,SKT0CHAN1,43,21902.0,events
correlation-fio-randwrite-cores1,pcm_imc,acts_byp,SKT0CHAN1,44,22638.0,events
correlation-fio-randwrite-cores1,pcm_imc,acts_byp,SKT0CHAN1,45,22287.0,events
correlation-fio-randwrite-cores1,pcm_imc,acts_byp,SKT0CHAN1,46,21564.0,events
correlation-fio-randwrite-cores1,pcm_imc,acts_byp,SKT0CHAN1,47,21977.0,events
correlation-fio-randwrite-cores1,pcm_imc,acts_byp,SKT0CHAN1,48,21905.0,events
correlation-fio-randwrite-cores1,pcm_imc,acts_byp,SKT0CHAN1,49,23258.0,events
correlation-fio-randwrite-cores1,pcm_imc,acts_byp,SKT0CHAN1,50,21615.0,events
correlation-fio-randwrite-cores1,pcm_imc,acts_byp,SKT0CHAN1,51,22322.0,events
correlation-fio-randwrite-cores1,pcm_imc,acts_byp,SKT0CHAN1,52,21289.0,events
correlation-fio-randwrite-cores1,pcm_imc,acts_byp,SKT0CHAN1,53,22278.0,events
correlation-fio-randwrite-cores1,pcm_imc,acts_byp,SKT0CHAN1,54,22020.0,events
correlation-fio-randwrite-cores1,pcm_imc,acts_byp,SKT0CHAN1,55,22595.0,events
correlation-fio-randwrite-cores1,pcm_imc,acts_byp,SKT0CHAN1,56,21882.0,events
correlation-fio-randwrite-cores1,pcm_imc,acts_byp,SKT0CHAN1,57,21710.0,events
correlation-fio-randwrite-cores1,pcm_imc,acts_byp,SKT0CHAN1,58,21577.0,events
correlation-fio-randwrite-cores1,pcm_imc,acts_byp,SKT0CHAN1,59,22065.0,events
correlation-fio-randwrite-cores1,pcm_imc,acts_byp,SKT0CHAN2,0,72540.0,events
correlation-fio-randwrite-cores1,pcm_imc,acts_byp,SKT0CHAN2,1,53398.0,events
correlation-fio-randwrite-cores1,pcm_imc,acts_byp,SKT0CHAN2,2,48047.0,events
correlation-fio-randwrite-cores1,pcm_imc,acts_byp,SKT0CHAN2,3,42636.0,events
correlation-fio-randwrite-cores1,pcm_imc,acts_byp,SKT0CHAN2,4,39283.0,events
correlation-fio-randwrite-cores1,pcm_imc,acts_byp,SKT0CHAN2,5,35793.0,events
correlation-fio-randwrite-cores1,pcm_imc,acts_byp,SKT0CHAN2,6,36254.0,events
correlation-fio-randwrite-cores1,pcm_imc,acts_byp,SKT0CHAN2,7,33019.0,events
correlation-fio-randwrite-cores1,pcm_imc,acts_byp,SKT0CHAN2,8,33263.0,events
correlation-fio-randwrite-cores1,pcm_imc,acts_byp,SKT0CHAN2,9,32835.0,events
correlation-fio-randwrite-cores1,pcm_imc,acts_byp,SKT0CHAN2,10,32517.0,events
correlation-fio-randwrite-cores1,pcm_imc,acts_byp,SKT0CHAN2,11,34273.0,events
correlation-fio-randwrite-cores1,pcm_imc,acts_byp,SKT0CHAN2,12,31460.0,events
correlation-fio-randwrite-cores1,pcm_imc,acts_byp,SKT0CHAN2,13,82984.0,events
correlation-fio-randwrite-cores1,pcm_imc,acts_byp,SKT0CHAN2,14,61397.0,events
correlation-fio-randwrite-cores1,pcm_imc,acts_byp,SKT0CHAN2,15,51059.0,events
correlation-fio-randwrite-cores1,pcm_imc,acts_byp,SKT0CHAN2,16,44206.0,events
correlation-fio-randwrite-cores1,pcm_imc,acts_byp,SKT0CHAN2,17,44753.0,events
correlation-fio-randwrite-cores1,pcm_imc,acts_byp,SKT0CHAN2,18,45302.0,events
correlation-fio-randwrite-cores1,pcm_imc,acts_byp,SKT0CHAN2,19,42953.0,events
correlation-fio-randwrite-cores1,pcm_imc,acts_byp,SKT0CHAN2,20,43566.0,events
correlation-fio-randwrite-cores1,pcm_imc,acts_byp,SKT0CHAN2,21,38309.0,events
correlation-fio-randwrite-cores1,pcm_imc,acts_byp,SKT0CHAN2,22,36936.0,events
correlation-fio-randwrite-cores1,pcm_imc,acts_byp,SKT0CHAN2,23,34391.0,events
correlation-fio-randwrite-cores1,pcm_imc,acts_byp,SKT0CHAN2,24,35374.0,events
correlation-fio-randwrite-cores1,pcm_imc,acts_byp,SKT0CHAN2,25,33005.0,events
correlation-fio-randwrite-cores1,pcm_imc,acts_byp,SKT0CHAN2,26,32809.0,events
correlation-fio-randwrite-cores1,pcm_imc,acts_byp,SKT0CHAN2,27,31619.0,events
correlation-fio-randwrite-cores1,pcm_imc,acts_byp,SKT0CHAN2,28,32826.0,events
correlation-fio-randwrite-cores1,pcm_imc,acts_byp,SKT0CHAN2,29,30963.0,events
correlation-fio-randwrite-cores1,pcm_imc,acts_byp,SKT0CHAN2,30,34161.0,events
correlation-fio-randwrite-cores1,pcm_imc,acts_byp,SKT0CHAN2,31,32289.0,events
correlation-fio-randwrite-cores1,pcm_imc,acts_byp,SKT0CHAN2,32,32232.0,events
correlation-fio-randwrite-cores1,pcm_imc,acts_byp,SKT0CHAN2,33,32669.0,events
correlation-fio-randwrite-cores1,pcm_imc,acts_byp,SKT0CHAN2,34,32464.0,events
correlation-fio-randwrite-cores1,pcm_imc,acts_byp,SKT0CHAN2,35,30831.0,events
correlation-fio-randwrite-cores1,pcm_imc,acts_byp,SKT0CHAN2,36,31631.0,events
correlation-fio-randwrite-cores1,pcm_imc,acts_byp,SKT0CHAN2,37,29807.0,events
correlation-fio-randwrite-cores1,pcm_imc,acts_byp,SKT0CHAN2,38,31324.0,events
correlation-fio-randwrite-cores1,pcm_imc,acts_byp,SKT0CHAN2,39,31005.0,events
correlation-fio-randwrite-cores1,pcm_imc,acts_byp,SKT0CHAN2,40,27941.0,events
correlation-fio-randwrite-cores1,pcm_imc,acts_byp,SKT0CHAN2,41,29015.0,events
correlation-fio-randwrite-cores1,pcm_imc,acts_byp,SKT0CHAN2,42,28832.0,events
correlation-fio-randwrite-cores1,pcm_imc,acts_byp,SKT0CHAN2,43,29154.0,events
correlation-fio-randwrite-cores1,pcm_imc,acts_byp,SKT0CHAN2,44,29170.0,events
correlation-fio-randwrite-cores1,pcm_imc,acts_byp,SKT0CHAN2,45,29209.0,events
correlation-fio-randwrite-cores1,pcm_imc,acts_byp,SKT0CHAN2,46,29280.0,events
correlation-fio-randwrite-cores1,pcm_imc,acts_byp,SKT0CHAN2,47,35292.0,events
correlation-fio-randwrite-cores1,pcm_imc,acts_byp,SKT0CHAN2,48,37027.0,events
correlation-fio-randwrite-cores1,pcm_imc,acts_byp,SKT0CHAN2,49,37462.0,events
correlation-fio-randwrite-cores1,pcm_imc,acts_byp,SKT0CHAN2,50,34394.0,events
correlation-fio-randwrite-cores1,pcm_imc,acts_byp,SKT0CHAN2,51,34908.0,events
correlation-fio-randwrite-cores1,pcm_imc,acts_byp,SKT0CHAN2,52,33396.0,events
correlation-fio-randwrite-cores1,pcm_imc,acts_byp,SKT0CHAN2,53,32145.0,events
correlation-fio-randwrite-cores1,pcm_imc,acts_byp,SKT0CHAN2,54,32985.0,events
correlation-fio-randwrite-cores1,pcm_imc,acts_byp,SKT0CHAN2,55,30850.0,events
correlation-fio-randwrite-cores1,pcm_imc,acts_byp,SKT0CHAN2,56,31170.0,events
correlation-fio-randwrite-cores1,pcm_imc,acts_byp,SKT0CHAN2,57,29324.0,events
correlation-fio-randwrite-cores1,pcm_imc,acts_byp,SKT0CHAN2,58,29296.0,events
correlation-fio-randwrite-cores1,pcm_imc,acts_byp,SKT0CHAN2,59,29852.0,events
correlation-fio-randwrite-cores1,pcm_imc,acts_byp,SKT0CHAN3,0,22327.0,events
correlation-fio-randwrite-cores1,pcm_imc,acts_byp,SKT0CHAN3,1,23266.0,events
correlation-fio-randwrite-cores1,pcm_imc,acts_byp,SKT0CHAN3,2,22588.0,events
correlation-fio-randwrite-cores1,pcm_imc,acts_byp,SKT0CHAN3,3,22056.0,events
correlation-fio-randwrite-cores1,pcm_imc,acts_byp,SKT0CHAN3,4,22623.0,events
correlation-fio-randwrite-cores1,pcm_imc,acts_byp,SKT0CHAN3,5,22109.0,events
correlation-fio-randwrite-cores1,pcm_imc,acts_byp,SKT0CHAN3,6,23141.0,events
correlation-fio-randwrite-cores1,pcm_imc,acts_byp,SKT0CHAN3,7,21749.0,events
correlation-fio-randwrite-cores1,pcm_imc,acts_byp,SKT0CHAN3,8,22408.0,events
correlation-fio-randwrite-cores1,pcm_imc,acts_byp,SKT0CHAN3,9,21622.0,events
correlation-fio-randwrite-cores1,pcm_imc,acts_byp,SKT0CHAN3,10,22439.0,events
correlation-fio-randwrite-cores1,pcm_imc,acts_byp,SKT0CHAN3,11,22265.0,events
correlation-fio-randwrite-cores1,pcm_imc,acts_byp,SKT0CHAN3,12,22569.0,events
correlation-fio-randwrite-cores1,pcm_imc,acts_byp,SKT0CHAN3,13,24264.0,events
correlation-fio-randwrite-cores1,pcm_imc,acts_byp,SKT0CHAN3,14,26663.0,events
correlation-fio-randwrite-cores1,pcm_imc,acts_byp,SKT0CHAN3,15,25643.0,events
correlation-fio-randwrite-cores1,pcm_imc,acts_byp,SKT0CHAN3,16,25620.0,events
correlation-fio-randwrite-cores1,pcm_imc,acts_byp,SKT0CHAN3,17,26421.0,events
correlation-fio-randwrite-cores1,pcm_imc,acts_byp,SKT0CHAN3,18,25183.0,events
correlation-fio-randwrite-cores1,pcm_imc,acts_byp,SKT0CHAN3,19,25693.0,events
correlation-fio-randwrite-cores1,pcm_imc,acts_byp,SKT0CHAN3,20,24927.0,events
correlation-fio-randwrite-cores1,pcm_imc,acts_byp,SKT0CHAN3,21,25150.0,events
correlation-fio-randwrite-cores1,pcm_imc,acts_byp,SKT0CHAN3,22,25084.0,events
correlation-fio-randwrite-cores1,pcm_imc,acts_byp,SKT0CHAN3,23,24599.0,events
correlation-fio-randwrite-cores1,pcm_imc,acts_byp,SKT0CHAN3,24,23967.0,events
correlation-fio-randwrite-cores1,pcm_imc,acts_byp,SKT0CHAN3,25,23981.0,events
correlation-fio-randwrite-cores1,pcm_imc,acts_byp,SKT0CHAN3,26,23144.0,events
correlation-fio-randwrite-cores1,pcm_imc,acts_byp,SKT0CHAN3,27,23872.0,events
correlation-fio-randwrite-cores1,pcm_imc,acts_byp,SKT0CHAN3,28,23232.0,events
correlation-fio-randwrite-cores1,pcm_imc,acts_byp,SKT0CHAN3,29,22824.0,events
correlation-fio-randwrite-cores1,pcm_imc,acts_byp,SKT0CHAN3,30,22939.0,events
correlation-fio-randwrite-cores1,pcm_imc,acts_byp,SKT0CHAN3,31,22303.0,events
correlation-fio-randwrite-cores1,pcm_imc,acts_byp,SKT0CHAN3,32,22681.0,events
correlation-fio-randwrite-cores1,pcm_imc,acts_byp,SKT0CHAN3,33,22805.0,events
correlation-fio-randwrite-cores1,pcm_imc,acts_byp,SKT0CHAN3,34,23121.0,events
correlation-fio-randwrite-cores1,pcm_imc,acts_byp,SKT0CHAN3,35,21754.0,events
correlation-fio-randwrite-cores1,pcm_imc,acts_byp,SKT0CHAN3,36,22630.0,events
correlation-fio-randwrite-cores1,pcm_imc,acts_byp,SKT0CHAN3,37,21574.0,events
correlation-fio-randwrite-cores1,pcm_imc,acts_byp,SKT0CHAN3,38,22998.0,events
correlation-fio-randwrite-cores1,pcm_imc,acts_byp,SKT0CHAN3,39,22283.0,events
correlation-fio-randwrite-cores1,pcm_imc,acts_byp,SKT0CHAN3,40,22052.0,events
correlation-fio-randwrite-cores1,pcm_imc,acts_byp,SKT0CHAN3,41,21640.0,events
correlation-fio-randwrite-cores1,pcm_imc,acts_byp,SKT0CHAN3,42,22195.0,events
correlation-fio-randwrite-cores1,pcm_imc,acts_byp,SKT0CHAN3,43,21920.0,events
correlation-fio-randwrite-cores1,pcm_imc,acts_byp,SKT0CHAN3,44,22742.0,events
correlation-fio-randwrite-cores1,pcm_imc,acts_byp,SKT0CHAN3,45,22311.0,events
correlation-fio-randwrite-cores1,pcm_imc,acts_byp,SKT0CHAN3,46,21563.0,events
correlation-fio-randwrite-cores1,pcm_imc,acts_byp,SKT0CHAN3,47,22155.0,events
correlation-fio-randwrite-cores1,pcm_imc,acts_byp,SKT0CHAN3,48,21827.0,events
correlation-fio-randwrite-cores1,pcm_imc,acts_byp,SKT0CHAN3,49,22921.0,events
correlation-fio-randwrite-cores1,pcm_imc,acts_byp,SKT0CHAN3,50,21737.0,events
correlation-fio-randwrite-cores1,pcm_imc,acts_byp,SKT0CHAN3,51,22428.0,events
correlation-fio-randwrite-cores1,pcm_imc,acts_byp,SKT0CHAN3,52,21407.0,events
correlation-fio-randwrite-cores1,pcm_imc,acts_byp,SKT0CHAN3,53,22091.0,events
correlation-fio-randwrite-cores1,pcm_imc,acts_byp,SKT0CHAN3,54,22012.0,events
correlation-fio-randwrite-cores1,pcm_imc,acts_byp,SKT0CHAN3,55,22584.0,events
correlation-fio-randwrite-cores1,pcm_imc,acts_byp,SKT0CHAN3,56,21733.0,events
correlation-fio-randwrite-cores1,pcm_imc,acts_byp,SKT0CHAN3,57,21674.0,events
correlation-fio-randwrite-cores1,pcm_imc,acts_byp,SKT0CHAN3,58,21535.0,events
correlation-fio-randwrite-cores1,pcm_imc,acts_byp,SKT0CHAN3,59,21824.0,events
correlation-fio-randwrite-cores1,pcm_imc,acts_byp,SKT0CHAN4,0,71537.0,events
correlation-fio-randwrite-cores1,pcm_imc,acts_byp,SKT0CHAN4,1,54027.0,events
correlation-fio-randwrite-cores1,pcm_imc,acts_byp,SKT0CHAN4,2,49757.0,events
correlation-fio-randwrite-cores1,pcm_imc,acts_byp,SKT0CHAN4,3,43952.0,events
correlation-fio-randwrite-cores1,pcm_imc,acts_byp,SKT0CHAN4,4,39246.0,events
correlation-fio-randwrite-cores1,pcm_imc,acts_byp,SKT0CHAN4,5,35850.0,events
correlation-fio-randwrite-cores1,pcm_imc,acts_byp,SKT0CHAN4,6,36813.0,events
correlation-fio-randwrite-cores1,pcm_imc,acts_byp,SKT0CHAN4,7,34529.0,events
correlation-fio-randwrite-cores1,pcm_imc,acts_byp,SKT0CHAN4,8,34012.0,events
correlation-fio-randwrite-cores1,pcm_imc,acts_byp,SKT0CHAN4,9,32972.0,events
correlation-fio-randwrite-cores1,pcm_imc,acts_byp,SKT0CHAN4,10,32159.0,events
correlation-fio-randwrite-cores1,pcm_imc,acts_byp,SKT0CHAN4,11,33605.0,events
correlation-fio-randwrite-cores1,pcm_imc,acts_byp,SKT0CHAN4,12,30993.0,events
correlation-fio-randwrite-cores1,pcm_imc,acts_byp,SKT0CHAN4,13,82893.0,events
correlation-fio-randwrite-cores1,pcm_imc,acts_byp,SKT0CHAN4,14,61771.0,events
correlation-fio-randwrite-cores1,pcm_imc,acts_byp,SKT0CHAN4,15,50190.0,events
correlation-fio-randwrite-cores1,pcm_imc,acts_byp,SKT0CHAN4,16,42015.0,events
correlation-fio-randwrite-cores1,pcm_imc,acts_byp,SKT0CHAN4,17,40648.0,events
correlation-fio-randwrite-cores1,pcm_imc,acts_byp,SKT0CHAN4,18,41730.0,events
correlation-fio-randwrite-cores1,pcm_imc,acts_byp,SKT0CHAN4,19,38621.0,events
correlation-fio-randwrite-cores1,pcm_imc,acts_byp,SKT0CHAN4,20,40827.0,events
correlation-fio-randwrite-cores1,pcm_imc,acts_byp,SKT0CHAN4,21,36300.0,events
correlation-fio-randwrite-cores1,pcm_imc,acts_byp,SKT0CHAN4,22,35522.0,events
correlation-fio-randwrite-cores1,pcm_imc,acts_byp,SKT0CHAN4,23,32894.0,events
correlation-fio-randwrite-cores1,pcm_imc,acts_byp,SKT0CHAN4,24,33729.0,events
correlation-fio-randwrite-cores1,pcm_imc,acts_byp,SKT0CHAN4,25,32282.0,events
correlation-fio-randwrite-cores1,pcm_imc,acts_byp,SKT0CHAN4,26,32462.0,events
correlation-fio-randwrite-cores1,pcm_imc,acts_byp,SKT0CHAN4,27,31439.0,events
correlation-fio-randwrite-cores1,pcm_imc,acts_byp,SKT0CHAN4,28,33172.0,events
correlation-fio-randwrite-cores1,pcm_imc,acts_byp,SKT0CHAN4,29,31051.0,events
correlation-fio-randwrite-cores1,pcm_imc,acts_byp,SKT0CHAN4,30,33561.0,events
correlation-fio-randwrite-cores1,pcm_imc,acts_byp,SKT0CHAN4,31,31874.0,events
correlation-fio-randwrite-cores1,pcm_imc,acts_byp,SKT0CHAN4,32,32055.0,events
correlation-fio-randwrite-cores1,pcm_imc,acts_byp,SKT0CHAN4,33,32429.0,events
correlation-fio-randwrite-cores1,pcm_imc,acts_byp,SKT0CHAN4,34,32223.0,events
correlation-fio-randwrite-cores1,pcm_imc,acts_byp,SKT0CHAN4,35,30524.0,events
correlation-fio-randwrite-cores1,pcm_imc,acts_byp,SKT0CHAN4,36,31817.0,events
correlation-fio-randwrite-cores1,pcm_imc,acts_byp,SKT0CHAN4,37,29886.0,events
correlation-fio-randwrite-cores1,pcm_imc,acts_byp,SKT0CHAN4,38,31882.0,events
correlation-fio-randwrite-cores1,pcm_imc,acts_byp,SKT0CHAN4,39,32557.0,events
correlation-fio-randwrite-cores1,pcm_imc,acts_byp,SKT0CHAN4,40,29168.0,events
correlation-fio-randwrite-cores1,pcm_imc,acts_byp,SKT0CHAN4,41,30781.0,events
correlation-fio-randwrite-cores1,pcm_imc,acts_byp,SKT0CHAN4,42,30771.0,events
correlation-fio-randwrite-cores1,pcm_imc,acts_byp,SKT0CHAN4,43,31103.0,events
correlation-fio-randwrite-cores1,pcm_imc,acts_byp,SKT0CHAN4,44,30966.0,events
correlation-fio-randwrite-cores1,pcm_imc,acts_byp,SKT0CHAN4,45,30975.0,events
correlation-fio-randwrite-cores1,pcm_imc,acts_byp,SKT0CHAN4,46,30843.0,events
correlation-fio-randwrite-cores1,pcm_imc,acts_byp,SKT0CHAN4,47,38860.0,events
correlation-fio-randwrite-cores1,pcm_imc,acts_byp,SKT0CHAN4,48,40877.0,events
correlation-fio-randwrite-cores1,pcm_imc,acts_byp,SKT0CHAN4,49,40470.0,events
correlation-fio-randwrite-cores1,pcm_imc,acts_byp,SKT0CHAN4,50,37091.0,events
correlation-fio-randwrite-cores1,pcm_imc,acts_byp,SKT0CHAN4,51,35747.0,events
correlation-fio-randwrite-cores1,pcm_imc,acts_byp,SKT0CHAN4,52,33938.0,events
correlation-fio-randwrite-cores1,pcm_imc,acts_byp,SKT0CHAN4,53,32293.0,events
correlation-fio-randwrite-cores1,pcm_imc,acts_byp,SKT0CHAN4,54,33229.0,events
correlation-fio-randwrite-cores1,pcm_imc,acts_byp,SKT0CHAN4,55,30974.0,events
correlation-fio-randwrite-cores1,pcm_imc,acts_byp,SKT0CHAN4,56,31157.0,events
correlation-fio-randwrite-cores1,pcm_imc,acts_byp,SKT0CHAN4,57,29961.0,events
correlation-fio-randwrite-cores1,pcm_imc,acts_byp,SKT0CHAN4,58,30209.0,events
correlation-fio-randwrite-cores1,pcm_imc,acts_byp,SKT0CHAN4,59,30856.0,events
correlation-fio-randwrite-cores1,pcm_imc,acts_byp,SKT0CHAN5,0,71694.0,events
correlation-fio-randwrite-cores1,pcm_imc,acts_byp,SKT0CHAN5,1,53398.0,events
correlation-fio-randwrite-cores1,pcm_imc,acts_byp,SKT0CHAN5,2,48264.0,events
correlation-fio-randwrite-cores1,pcm_imc,acts_byp,SKT0CHAN5,3,42713.0,events
correlation-fio-randwrite-cores1,pcm_imc,acts_byp,SKT0CHAN5,4,39504.0,events
correlation-fio-randwrite-cores1,pcm_imc,acts_byp,SKT0CHAN5,5,36451.0,events
correlation-fio-randwrite-cores1,pcm_imc,acts_byp,SKT0CHAN5,6,37618.0,events
correlation-fio-randwrite-cores1,pcm_imc,acts_byp,SKT0CHAN5,7,34512.0,events
correlation-fio-randwrite-cores1,pcm_imc,acts_byp,SKT0CHAN5,8,34453.0,events
correlation-fio-randwrite-cores1,pcm_imc,acts_byp,SKT0CHAN5,9,32745.0,events
correlation-fio-randwrite-cores1,pcm_imc,acts_byp,SKT0CHAN5,10,32222.0,events
correlation-fio-randwrite-cores1,pcm_imc,acts_byp,SKT0CHAN5,11,33628.0,events
correlation-fio-randwrite-cores1,pcm_imc,acts_byp,SKT0CHAN5,12,30858.0,events
correlation-fio-randwrite-cores1,pcm_imc,acts_byp,SKT0CHAN5,13,82458.0,events
correlation-fio-randwrite-cores1,pcm_imc,acts_byp,SKT0CHAN5,14,61841.0,events
correlation-fio-randwrite-cores1,pcm_imc,acts_byp,SKT0CHAN5,15,53354.0,events
correlation-fio-randwrite-cores1,pcm_imc,acts_byp,SKT0CHAN5,16,44613.0,events
correlation-fio-randwrite-cores1,pcm_imc,acts_byp,SKT0CHAN5,17,42984.0,events
correlation-fio-randwrite-cores1,pcm_imc,acts_byp,SKT0CHAN5,18,42654.0,events
correlation-fio-randwrite-cores1,pcm_imc,acts_byp,SKT0CHAN5,19,40329.0,events
correlation-fio-randwrite-cores1,pcm_imc,acts_byp,SKT0CHAN5,20,43500.0,events
correlation-fio-randwrite-cores1,pcm_imc,acts_byp,SKT0CHAN5,21,38103.0,events
correlation-fio-randwrite-cores1,pcm_imc,acts_byp,SKT0CHAN5,22,36844.0,events
correlation-fio-randwrite-cores1,pcm_imc,acts_byp,SKT0CHAN5,23,34150.0,events
correlation-fio-randwrite-cores1,pcm_imc,acts_byp,SKT0CHAN5,24,35680.0,events
correlation-fio-randwrite-cores1,pcm_imc,acts_byp,SKT0CHAN5,25,33462.0,events
correlation-fio-randwrite-cores1,pcm_imc,acts_byp,SKT0CHAN5,26,33250.0,events
correlation-fio-randwrite-cores1,pcm_imc,acts_byp,SKT0CHAN5,27,31717.0,events
correlation-fio-randwrite-cores1,pcm_imc,acts_byp,SKT0CHAN5,28,33094.0,events
correlation-fio-randwrite-cores1,pcm_imc,acts_byp,SKT0CHAN5,29,30482.0,events
correlation-fio-randwrite-cores1,pcm_imc,acts_byp,SKT0CHAN5,30,32646.0,events
correlation-fio-randwrite-cores1,pcm_imc,acts_byp,SKT0CHAN5,31,31178.0,events
correlation-fio-randwrite-cores1,pcm_imc,acts_byp,SKT0CHAN5,32,31266.0,events
correlation-fio-randwrite-cores1,pcm_imc,acts_byp,SKT0CHAN5,33,31410.0,events
correlation-fio-randwrite-cores1,pcm_imc,acts_byp,SKT0CHAN5,34,31838.0,events
correlation-fio-randwrite-cores1,pcm_imc,acts_byp,SKT0CHAN5,35,30237.0,events
correlation-fio-randwrite-cores1,pcm_imc,acts_byp,SKT0CHAN5,36,31284.0,events
correlation-fio-randwrite-cores1,pcm_imc,acts_byp,SKT0CHAN5,37,29180.0,events
correlation-fio-randwrite-cores1,pcm_imc,acts_byp,SKT0CHAN5,38,30468.0,events
correlation-fio-randwrite-cores1,pcm_imc,acts_byp,SKT0CHAN5,39,31315.0,events
correlation-fio-randwrite-cores1,pcm_imc,acts_byp,SKT0CHAN5,40,28199.0,events
correlation-fio-randwrite-cores1,pcm_imc,acts_byp,SKT0CHAN5,41,29512.0,events
correlation-fio-randwrite-cores1,pcm_imc,acts_byp,SKT0CHAN5,42,29139.0,events
correlation-fio-randwrite-cores1,pcm_imc,acts_byp,SKT0CHAN5,43,29284.0,events
correlation-fio-randwrite-cores1,pcm_imc,acts_byp,SKT0CHAN5,44,28806.0,events
correlation-fio-randwrite-cores1,pcm_imc,acts_byp,SKT0CHAN5,45,29283.0,events
correlation-fio-randwrite-cores1,pcm_imc,acts_byp,SKT0CHAN5,46,29959.0,events
correlation-fio-randwrite-cores1,pcm_imc,acts_byp,SKT0CHAN5,47,36380.0,events
correlation-fio-randwrite-cores1,pcm_imc,acts_byp,SKT0CHAN5,48,36478.0,events
correlation-fio-randwrite-cores1,pcm_imc,acts_byp,SKT0CHAN5,49,37571.0,events
correlation-fio-randwrite-cores1,pcm_imc,acts_byp,SKT0CHAN5,50,34554.0,events
correlation-fio-randwrite-cores1,pcm_imc,acts_byp,SKT0CHAN5,51,34470.0,events
correlation-fio-randwrite-cores1,pcm_imc,acts_byp,SKT0CHAN5,52,32750.0,events
correlation-fio-randwrite-cores1,pcm_imc,acts_byp,SKT0CHAN5,53,31151.0,events
correlation-fio-randwrite-cores1,pcm_imc,acts_byp,SKT0CHAN5,54,31880.0,events
correlation-fio-randwrite-cores1,pcm_imc,acts_byp,SKT0CHAN5,55,29885.0,events
correlation-fio-randwrite-cores1,pcm_imc,acts_byp,SKT0CHAN5,56,29660.0,events
correlation-fio-randwrite-cores1,pcm_imc,acts_byp,SKT0CHAN5,57,28715.0,events
correlation-fio-randwrite-cores1,pcm_imc,acts_byp,SKT0CHAN5,58,29819.0,events
correlation-fio-randwrite-cores1,pcm_imc,acts_byp,SKT0CHAN5,59,30866.0,events
correlation-fio-randwrite-cores1,pcm_imc,acts_byp,SKT0CHAN6,0,71264.0,events
correlation-fio-randwrite-cores1,pcm_imc,acts_byp,SKT0CHAN6,1,53030.0,events
correlation-fio-randwrite-cores1,pcm_imc,acts_byp,SKT0CHAN6,2,47252.0,events
correlation-fio-randwrite-cores1,pcm_imc,acts_byp,SKT0CHAN6,3,42868.0,events
correlation-fio-randwrite-cores1,pcm_imc,acts_byp,SKT0CHAN6,4,40188.0,events
correlation-fio-randwrite-cores1,pcm_imc,acts_byp,SKT0CHAN6,5,36686.0,events
correlation-fio-randwrite-cores1,pcm_imc,acts_byp,SKT0CHAN6,6,37463.0,events
correlation-fio-randwrite-cores1,pcm_imc,acts_byp,SKT0CHAN6,7,34622.0,events
correlation-fio-randwrite-cores1,pcm_imc,acts_byp,SKT0CHAN6,8,34121.0,events
correlation-fio-randwrite-cores1,pcm_imc,acts_byp,SKT0CHAN6,9,32976.0,events
correlation-fio-randwrite-cores1,pcm_imc,acts_byp,SKT0CHAN6,10,32238.0,events
correlation-fio-randwrite-cores1,pcm_imc,acts_byp,SKT0CHAN6,11,33557.0,events
correlation-fio-randwrite-cores1,pcm_imc,acts_byp,SKT0CHAN6,12,30772.0,events
correlation-fio-randwrite-cores1,pcm_imc,acts_byp,SKT0CHAN6,13,82165.0,events
correlation-fio-randwrite-cores1,pcm_imc,acts_byp,SKT0CHAN6,14,60484.0,events
correlation-fio-randwrite-cores1,pcm_imc,acts_byp,SKT0CHAN6,15,52556.0,events
correlation-fio-randwrite-cores1,pcm_imc,acts_byp,SKT0CHAN6,16,44085.0,events
correlation-fio-randwrite-cores1,pcm_imc,acts_byp,SKT0CHAN6,17,42103.0,events
correlation-fio-randwrite-cores1,pcm_imc,acts_byp,SKT0CHAN6,18,41661.0,events
correlation-fio-randwrite-cores1,pcm_imc,acts_byp,SKT0CHAN6,19,38845.0,events
correlation-fio-randwrite-cores1,pcm_imc,acts_byp,SKT0CHAN6,20,41486.0,events
correlation-fio-randwrite-cores1,pcm_imc,acts_byp,SKT0CHAN6,21,36527.0,events
correlation-fio-randwrite-cores1,pcm_imc,acts_byp,SKT0CHAN6,22,35767.0,events
correlation-fio-randwrite-cores1,pcm_imc,acts_byp,SKT0CHAN6,23,33615.0,events
correlation-fio-randwrite-cores1,pcm_imc,acts_byp,SKT0CHAN6,24,35083.0,events
correlation-fio-randwrite-cores1,pcm_imc,acts_byp,SKT0CHAN6,25,33220.0,events
correlation-fio-randwrite-cores1,pcm_imc,acts_byp,SKT0CHAN6,26,33412.0,events
correlation-fio-randwrite-cores1,pcm_imc,acts_byp,SKT0CHAN6,27,32202.0,events
correlation-fio-randwrite-cores1,pcm_imc,acts_byp,SKT0CHAN6,28,33393.0,events
correlation-fio-randwrite-cores1,pcm_imc,acts_byp,SKT0CHAN6,29,30972.0,events
correlation-fio-randwrite-cores1,pcm_imc,acts_byp,SKT0CHAN6,30,33882.0,events
correlation-fio-randwrite-cores1,pcm_imc,acts_byp,SKT0CHAN6,31,32250.0,events
correlation-fio-randwrite-cores1,pcm_imc,acts_byp,SKT0CHAN6,32,32287.0,events
correlation-fio-randwrite-cores1,pcm_imc,acts_byp,SKT0CHAN6,33,32139.0,events
correlation-fio-randwrite-cores1,pcm_imc,acts_byp,SKT0CHAN6,34,32470.0,events
correlation-fio-randwrite-cores1,pcm_imc,acts_byp,SKT0CHAN6,35,30687.0,events
correlation-fio-randwrite-cores1,pcm_imc,acts_byp,SKT0CHAN6,36,32537.0,events
correlation-fio-randwrite-cores1,pcm_imc,acts_byp,SKT0CHAN6,37,31042.0,events
correlation-fio-randwrite-cores1,pcm_imc,acts_byp,SKT0CHAN6,38,32761.0,events
correlation-fio-randwrite-cores1,pcm_imc,acts_byp,SKT0CHAN6,39,33212.0,events
correlation-fio-randwrite-cores1,pcm_imc,acts_byp,SKT0CHAN6,40,29820.0,events
correlation-fio-randwrite-cores1,pcm_imc,acts_byp,SKT0CHAN6,41,31402.0,events
correlation-fio-randwrite-cores1,pcm_imc,acts_byp,SKT0CHAN6,42,30350.0,events
correlation-fio-randwrite-cores1,pcm_imc,acts_byp,SKT0CHAN6,43,29870.0,events
correlation-fio-randwrite-cores1,pcm_imc,acts_byp,SKT0CHAN6,44,29121.0,events
correlation-fio-randwrite-cores1,pcm_imc,acts_byp,SKT0CHAN6,45,29090.0,events
correlation-fio-randwrite-cores1,pcm_imc,acts_byp,SKT0CHAN6,46,29677.0,events
correlation-fio-randwrite-cores1,pcm_imc,acts_byp,SKT0CHAN6,47,36088.0,events
correlation-fio-randwrite-cores1,pcm_imc,acts_byp,SKT0CHAN6,48,38321.0,events
correlation-fio-randwrite-cores1,pcm_imc,acts_byp,SKT0CHAN6,49,38695.0,events
correlation-fio-randwrite-cores1,pcm_imc,acts_byp,SKT0CHAN6,50,35849.0,events
correlation-fio-randwrite-cores1,pcm_imc,acts_byp,SKT0CHAN6,51,35281.0,events
correlation-fio-randwrite-cores1,pcm_imc,acts_byp,SKT0CHAN6,52,34460.0,events
correlation-fio-randwrite-cores1,pcm_imc,acts_byp,SKT0CHAN6,53,33271.0,events
correlation-fio-randwrite-cores1,pcm_imc,acts_byp,SKT0CHAN6,54,33812.0,events
correlation-fio-randwrite-cores1,pcm_imc,acts_byp,SKT0CHAN6,55,31291.0,events
correlation-fio-randwrite-cores1,pcm_imc,acts_byp,SKT0CHAN6,56,31587.0,events
correlation-fio-randwrite-cores1,pcm_imc,acts_byp,SKT0CHAN6,57,30459.0,events
correlation-fio-randwrite-cores1,pcm_imc,acts_byp,SKT0CHAN6,58,30397.0,events
correlation-fio-randwrite-cores1,pcm_imc,acts_byp,SKT0CHAN6,59,31052.0,events
correlation-fio-randwrite-cores1,pcm_imc,acts_byp,SKT0CHAN7,0,72611.0,events
correlation-fio-randwrite-cores1,pcm_imc,acts_byp,SKT0CHAN7,1,53196.0,events
correlation-fio-randwrite-cores1,pcm_imc,acts_byp,SKT0CHAN7,2,48771.0,events
correlation-fio-randwrite-cores1,pcm_imc,acts_byp,SKT0CHAN7,3,43859.0,events
correlation-fio-randwrite-cores1,pcm_imc,acts_byp,SKT0CHAN7,4,41375.0,events
correlation-fio-randwrite-cores1,pcm_imc,acts_byp,SKT0CHAN7,5,37563.0,events
correlation-fio-randwrite-cores1,pcm_imc,acts_byp,SKT0CHAN7,6,37414.0,events
correlation-fio-randwrite-cores1,pcm_imc,acts_byp,SKT0CHAN7,7,34183.0,events
correlation-fio-randwrite-cores1,pcm_imc,acts_byp,SKT0CHAN7,8,34149.0,events
correlation-fio-randwrite-cores1,pcm_imc,acts_byp,SKT0CHAN7,9,32819.0,events
correlation-fio-randwrite-cores1,pcm_imc,acts_byp,SKT0CHAN7,10,31576.0,events
correlation-fio-randwrite-cores1,pcm_imc,acts_byp,SKT0CHAN7,11,32513.0,events
correlation-fio-randwrite-cores1,pcm_imc,acts_byp,SKT0CHAN7,12,28557.0,events
correlation-fio-randwrite-cores1,pcm_imc,acts_byp,SKT0CHAN7,13,81437.0,events
correlation-fio-randwrite-cores1,pcm_imc,acts_byp,SKT0CHAN7,14,62905.0,events
correlation-fio-randwrite-cores1,pcm_imc,acts_byp,SKT0CHAN7,15,51168.0,events
correlation-fio-randwrite-cores1,pcm_imc,acts_byp,SKT0CHAN7,16,41998.0,events
correlation-fio-randwrite-cores1,pcm_imc,acts_byp,SKT0CHAN7,17,40134.0,events
correlation-fio-randwrite-cores1,pcm_imc,acts_byp,SKT0CHAN7,18,40708.0,events
correlation-fio-randwrite-cores1,pcm_imc,acts_byp,SKT0CHAN7,19,36643.0,events
correlation-fio-randwrite-cores1,pcm_imc,acts_byp,SKT0CHAN7,20,38838.0,events
correlation-fio-randwrite-cores1,pcm_imc,acts_byp,SKT0CHAN7,21,35426.0,events
correlation-fio-randwrite-cores1,pcm_imc,acts_byp,SKT0CHAN7,22,33862.0,events
correlation-fio-randwrite-cores1,pcm_imc,acts_byp,SKT0CHAN7,23,32181.0,events
correlation-fio-randwrite-cores1,pcm_imc,acts_byp,SKT0CHAN7,24,32499.0,events
correlation-fio-randwrite-cores1,pcm_imc,acts_byp,SKT0CHAN7,25,31425.0,events
correlation-fio-randwrite-cores1,pcm_imc,acts_byp,SKT0CHAN7,26,31328.0,events
correlation-fio-randwrite-cores1,pcm_imc,acts_byp,SKT0CHAN7,27,30363.0,events
correlation-fio-randwrite-cores1,pcm_imc,acts_byp,SKT0CHAN7,28,31948.0,events
correlation-fio-randwrite-cores1,pcm_imc,acts_byp,SKT0CHAN7,29,29806.0,events
correlation-fio-randwrite-cores1,pcm_imc,acts_byp,SKT0CHAN7,30,32263.0,events
correlation-fio-randwrite-cores1,pcm_imc,acts_byp,SKT0CHAN7,31,30356.0,events
correlation-fio-randwrite-cores1,pcm_imc,acts_byp,SKT0CHAN7,32,30165.0,events
correlation-fio-randwrite-cores1,pcm_imc,acts_byp,SKT0CHAN7,33,29443.0,events
correlation-fio-randwrite-cores1,pcm_imc,acts_byp,SKT0CHAN7,34,30224.0,events
correlation-fio-randwrite-cores1,pcm_imc,acts_byp,SKT0CHAN7,35,28382.0,events
correlation-fio-randwrite-cores1,pcm_imc,acts_byp,SKT0CHAN7,36,30071.0,events
correlation-fio-randwrite-cores1,pcm_imc,acts_byp,SKT0CHAN7,37,28492.0,events
correlation-fio-randwrite-cores1,pcm_imc,acts_byp,SKT0CHAN7,38,29928.0,events
correlation-fio-randwrite-cores1,pcm_imc,acts_byp,SKT0CHAN7,39,29943.0,events
correlation-fio-randwrite-cores1,pcm_imc,acts_byp,SKT0CHAN7,40,27499.0,events
correlation-fio-randwrite-cores1,pcm_imc,acts_byp,SKT0CHAN7,41,28711.0,events
correlation-fio-randwrite-cores1,pcm_imc,acts_byp,SKT0CHAN7,42,28675.0,events
correlation-fio-randwrite-cores1,pcm_imc,acts_byp,SKT0CHAN7,43,28703.0,events
correlation-fio-randwrite-cores1,pcm_imc,acts_byp,SKT0CHAN7,44,28915.0,events
correlation-fio-randwrite-cores1,pcm_imc,acts_byp,SKT0CHAN7,45,29074.0,events
correlation-fio-randwrite-cores1,pcm_imc,acts_byp,SKT0CHAN7,46,29748.0,events
correlation-fio-randwrite-cores1,pcm_imc,acts_byp,SKT0CHAN7,47,36704.0,events
correlation-fio-randwrite-cores1,pcm_imc,acts_byp,SKT0CHAN7,48,37265.0,events
correlation-fio-randwrite-cores1,pcm_imc,acts_byp,SKT0CHAN7,49,37880.0,events
correlation-fio-randwrite-cores1,pcm_imc,acts_byp,SKT0CHAN7,50,34753.0,events
correlation-fio-randwrite-cores1,pcm_imc,acts_byp,SKT0CHAN7,51,34358.0,events
correlation-fio-randwrite-cores1,pcm_imc,acts_byp,SKT0CHAN7,52,33214.0,events
correlation-fio-randwrite-cores1,pcm_imc,acts_byp,SKT0CHAN7,53,31664.0,events
correlation-fio-randwrite-cores1,pcm_imc,acts_byp,SKT0CHAN7,54,32292.0,events
correlation-fio-randwrite-cores1,pcm_imc,acts_byp,SKT0CHAN7,55,30367.0,events
correlation-fio-randwrite-cores1,pcm_imc,acts_byp,SKT0CHAN7,56,30067.0,events
correlation-fio-randwrite-cores1,pcm_imc,acts_byp,SKT0CHAN7,57,28124.0,events
correlation-fio-randwrite-cores1,pcm_imc,acts_byp,SKT0CHAN7,58,28402.0,events
correlation-fio-randwrite-cores1,pcm_imc,acts_byp,SKT0CHAN7,59,29104.0,events
correlation-fio-randwrite-cores1,pcm_imc,acts_read,SKT0CHAN0,0,382439.0,events
correlation-fio-randwrite-cores1,pcm_imc,acts_read,SKT0CHAN0,1,321938.0,events
correlation-fio-randwrite-cores1,pcm_imc,acts_read,SKT0CHAN0,2,322263.0,events
correlation-fio-randwrite-cores1,pcm_imc,acts_read,SKT0CHAN0,3,315510.0,events
correlation-fio-randwrite-cores1,pcm_imc,acts_read,SKT0CHAN0,4,319547.0,events
correlation-fio-randwrite-cores1,pcm_imc,acts_read,SKT0CHAN0,5,317143.0,events
correlation-fio-randwrite-cores1,pcm_imc,acts_read,SKT0CHAN0,6,314741.0,events
correlation-fio-randwrite-cores1,pcm_imc,acts_read,SKT0CHAN0,7,287305.0,events
correlation-fio-randwrite-cores1,pcm_imc,acts_read,SKT0CHAN0,8,307765.0,events
correlation-fio-randwrite-cores1,pcm_imc,acts_read,SKT0CHAN0,9,313809.0,events
correlation-fio-randwrite-cores1,pcm_imc,acts_read,SKT0CHAN0,10,310334.0,events
correlation-fio-randwrite-cores1,pcm_imc,acts_read,SKT0CHAN0,11,309217.0,events
correlation-fio-randwrite-cores1,pcm_imc,acts_read,SKT0CHAN0,12,284694.0,events
correlation-fio-randwrite-cores1,pcm_imc,acts_read,SKT0CHAN0,13,492203.0,events
correlation-fio-randwrite-cores1,pcm_imc,acts_read,SKT0CHAN0,14,346948.0,events
correlation-fio-randwrite-cores1,pcm_imc,acts_read,SKT0CHAN0,15,333530.0,events
correlation-fio-randwrite-cores1,pcm_imc,acts_read,SKT0CHAN0,16,323040.0,events
correlation-fio-randwrite-cores1,pcm_imc,acts_read,SKT0CHAN0,17,329435.0,events
correlation-fio-randwrite-cores1,pcm_imc,acts_read,SKT0CHAN0,18,311744.0,events
correlation-fio-randwrite-cores1,pcm_imc,acts_read,SKT0CHAN0,19,326652.0,events
correlation-fio-randwrite-cores1,pcm_imc,acts_read,SKT0CHAN0,20,334768.0,events
correlation-fio-randwrite-cores1,pcm_imc,acts_read,SKT0CHAN0,21,314269.0,events
correlation-fio-randwrite-cores1,pcm_imc,acts_read,SKT0CHAN0,22,310117.0,events
correlation-fio-randwrite-cores1,pcm_imc,acts_read,SKT0CHAN0,23,287119.0,events
correlation-fio-randwrite-cores1,pcm_imc,acts_read,SKT0CHAN0,24,311651.0,events
correlation-fio-randwrite-cores1,pcm_imc,acts_read,SKT0CHAN0,25,309658.0,events
correlation-fio-randwrite-cores1,pcm_imc,acts_read,SKT0CHAN0,26,312837.0,events
correlation-fio-randwrite-cores1,pcm_imc,acts_read,SKT0CHAN0,27,306475.0,events
correlation-fio-randwrite-cores1,pcm_imc,acts_read,SKT0CHAN0,28,300677.0,events
correlation-fio-randwrite-cores1,pcm_imc,acts_read,SKT0CHAN0,29,290968.0,events
correlation-fio-randwrite-cores1,pcm_imc,acts_read,SKT0CHAN0,30,314560.0,events
correlation-fio-randwrite-cores1,pcm_imc,acts_read,SKT0CHAN0,31,310069.0,events
correlation-fio-randwrite-cores1,pcm_imc,acts_read,SKT0CHAN0,32,309115.0,events
correlation-fio-randwrite-cores1,pcm_imc,acts_read,SKT0CHAN0,33,292659.0,events
correlation-fio-randwrite-cores1,pcm_imc,acts_read,SKT0CHAN0,34,307570.0,events
correlation-fio-randwrite-cores1,pcm_imc,acts_read,SKT0CHAN0,35,300135.0,events
correlation-fio-randwrite-cores1,pcm_imc,acts_read,SKT0CHAN0,36,312538.0,events
correlation-fio-randwrite-cores1,pcm_imc,acts_read,SKT0CHAN0,37,305305.0,events
correlation-fio-randwrite-cores1,pcm_imc,acts_read,SKT0CHAN0,38,307522.0,events
correlation-fio-randwrite-cores1,pcm_imc,acts_read,SKT0CHAN0,39,300054.0,events
correlation-fio-randwrite-cores1,pcm_imc,acts_read,SKT0CHAN0,40,290814.0,events
correlation-fio-randwrite-cores1,pcm_imc,acts_read,SKT0CHAN0,41,309918.0,events
correlation-fio-randwrite-cores1,pcm_imc,acts_read,SKT0CHAN0,42,305289.0,events
correlation-fio-randwrite-cores1,pcm_imc,acts_read,SKT0CHAN0,43,304822.0,events
correlation-fio-randwrite-cores1,pcm_imc,acts_read,SKT0CHAN0,44,289000.0,events
correlation-fio-randwrite-cores1,pcm_imc,acts_read,SKT0CHAN0,45,301111.0,events
correlation-fio-randwrite-cores1,pcm_imc,acts_read,SKT0CHAN0,46,325198.0,events
correlation-fio-randwrite-cores1,pcm_imc,acts_read,SKT0CHAN0,47,338377.0,events
correlation-fio-randwrite-cores1,pcm_imc,acts_read,SKT0CHAN0,48,319662.0,events
correlation-fio-randwrite-cores1,pcm_imc,acts_read,SKT0CHAN0,49,312563.0,events
correlation-fio-randwrite-cores1,pcm_imc,acts_read,SKT0CHAN0,50,287846.0,events
correlation-fio-randwrite-cores1,pcm_imc,acts_read,SKT0CHAN0,51,309461.0,events
correlation-fio-randwrite-cores1,pcm_imc,acts_read,SKT0CHAN0,52,310848.0,events
correlation-fio-randwrite-cores1,pcm_imc,acts_read,SKT0CHAN0,53,308530.0,events
correlation-fio-randwrite-cores1,pcm_imc,acts_read,SKT0CHAN0,54,308227.0,events
correlation-fio-randwrite-cores1,pcm_imc,acts_read,SKT0CHAN0,55,285549.0,events
correlation-fio-randwrite-cores1,pcm_imc,acts_read,SKT0CHAN0,56,305164.0,events
correlation-fio-randwrite-cores1,pcm_imc,acts_read,SKT0CHAN0,57,301502.0,events
correlation-fio-randwrite-cores1,pcm_imc,acts_read,SKT0CHAN0,58,309134.0,events
correlation-fio-randwrite-cores1,pcm_imc,acts_read,SKT0CHAN0,59,309819.0,events
correlation-fio-randwrite-cores1,pcm_imc,acts_read,SKT0CHAN1,0,365240.0,events
correlation-fio-randwrite-cores1,pcm_imc,acts_read,SKT0CHAN1,1,311995.0,events
correlation-fio-randwrite-cores1,pcm_imc,acts_read,SKT0CHAN1,2,314884.0,events
correlation-fio-randwrite-cores1,pcm_imc,acts_read,SKT0CHAN1,3,311754.0,events
correlation-fio-randwrite-cores1,pcm_imc,acts_read,SKT0CHAN1,4,316297.0,events
correlation-fio-randwrite-cores1,pcm_imc,acts_read,SKT0CHAN1,5,314447.0,events
correlation-fio-randwrite-cores1,pcm_imc,acts_read,SKT0CHAN1,6,311009.0,events
correlation-fio-randwrite-cores1,pcm_imc,acts_read,SKT0CHAN1,7,285361.0,events
correlation-fio-randwrite-cores1,pcm_imc,acts_read,SKT0CHAN1,8,308667.0,events
correlation-fio-randwrite-cores1,pcm_imc,acts_read,SKT0CHAN1,9,314468.0,events
correlation-fio-randwrite-cores1,pcm_imc,acts_read,SKT0CHAN1,10,312502.0,events
correlation-fio-randwrite-cores1,pcm_imc,acts_read,SKT0CHAN1,11,309444.0,events
correlation-fio-randwrite-cores1,pcm_imc,acts_read,SKT0CHAN1,12,286770.0,events
correlation-fio-randwrite-cores1,pcm_imc,acts_read,SKT0CHAN1,13,453120.0,events
correlation-fio-randwrite-cores1,pcm_imc,acts_read,SKT0CHAN1,14,334166.0,events
correlation-fio-randwrite-cores1,pcm_imc,acts_read,SKT0CHAN1,15,324600.0,events
correlation-fio-randwrite-cores1,pcm_imc,acts_read,SKT0CHAN1,16,318811.0,events
correlation-fio-randwrite-cores1,pcm_imc,acts_read,SKT0CHAN1,17,326529.0,events
correlation-fio-randwrite-cores1,pcm_imc,acts_read,SKT0CHAN1,18,307095.0,events
correlation-fio-randwrite-cores1,pcm_imc,acts_read,SKT0CHAN1,19,325382.0,events
correlation-fio-randwrite-cores1,pcm_imc,acts_read,SKT0CHAN1,20,332075.0,events
correlation-fio-randwrite-cores1,pcm_imc,acts_read,SKT0CHAN1,21,314474.0,events
correlation-fio-randwrite-cores1,pcm_imc,acts_read,SKT0CHAN1,22,310513.0,events
correlation-fio-randwrite-cores1,pcm_imc,acts_read,SKT0CHAN1,23,288348.0,events
correlation-fio-randwrite-cores1,pcm_imc,acts_read,SKT0CHAN1,24,312105.0,events
correlation-fio-randwrite-cores1,pcm_imc,acts_read,SKT0CHAN1,25,311260.0,events
correlation-fio-randwrite-cores1,pcm_imc,acts_read,SKT0CHAN1,26,313505.0,events
correlation-fio-randwrite-cores1,pcm_imc,acts_read,SKT0CHAN1,27,308945.0,events
correlation-fio-randwrite-cores1,pcm_imc,acts_read,SKT0CHAN1,28,302329.0,events
correlation-fio-randwrite-cores1,pcm_imc,acts_read,SKT0CHAN1,29,292703.0,events
correlation-fio-randwrite-cores1,pcm_imc,acts_read,SKT0CHAN1,30,314524.0,events
correlation-fio-randwrite-cores1,pcm_imc,acts_read,SKT0CHAN1,31,311434.0,events
correlation-fio-randwrite-cores1,pcm_imc,acts_read,SKT0CHAN1,32,310637.0,events
correlation-fio-randwrite-cores1,pcm_imc,acts_read,SKT0CHAN1,33,293795.0,events
correlation-fio-randwrite-cores1,pcm_imc,acts_read,SKT0CHAN1,34,309660.0,events
correlation-fio-randwrite-cores1,pcm_imc,acts_read,SKT0CHAN1,35,301608.0,events
correlation-fio-randwrite-cores1,pcm_imc,acts_read,SKT0CHAN1,36,314985.0,events
correlation-fio-randwrite-cores1,pcm_imc,acts_read,SKT0CHAN1,37,308171.0,events
correlation-fio-randwrite-cores1,pcm_imc,acts_read,SKT0CHAN1,38,309925.0,events
correlation-fio-randwrite-cores1,pcm_imc,acts_read,SKT0CHAN1,39,301563.0,events
correlation-fio-randwrite-cores1,pcm_imc,acts_read,SKT0CHAN1,40,294347.0,events
correlation-fio-randwrite-cores1,pcm_imc,acts_read,SKT0CHAN1,41,311630.0,events
correlation-fio-randwrite-cores1,pcm_imc,acts_read,SKT0CHAN1,42,308103.0,events
correlation-fio-randwrite-cores1,pcm_imc,acts_read,SKT0CHAN1,43,306675.0,events
correlation-fio-randwrite-cores1,pcm_imc,acts_read,SKT0CHAN1,44,291137.0,events
correlation-fio-randwrite-cores1,pcm_imc,acts_read,SKT0CHAN1,45,303970.0,events
correlation-fio-randwrite-cores1,pcm_imc,acts_read,SKT0CHAN1,46,326952.0,events
correlation-fio-randwrite-cores1,pcm_imc,acts_read,SKT0CHAN1,47,338482.0,events
correlation-fio-randwrite-cores1,pcm_imc,acts_read,SKT0CHAN1,48,319806.0,events
correlation-fio-randwrite-cores1,pcm_imc,acts_read,SKT0CHAN1,49,313576.0,events
correlation-fio-randwrite-cores1,pcm_imc,acts_read,SKT0CHAN1,50,288302.0,events
correlation-fio-randwrite-cores1,pcm_imc,acts_read,SKT0CHAN1,51,310893.0,events
correlation-fio-randwrite-cores1,pcm_imc,acts_read,SKT0CHAN1,52,312587.0,events
correlation-fio-randwrite-cores1,pcm_imc,acts_read,SKT0CHAN1,53,311156.0,events
correlation-fio-randwrite-cores1,pcm_imc,acts_read,SKT0CHAN1,54,309075.0,events
correlation-fio-randwrite-cores1,pcm_imc,acts_read,SKT0CHAN1,55,288342.0,events
correlation-fio-randwrite-cores1,pcm_imc,acts_read,SKT0CHAN1,56,307120.0,events
correlation-fio-randwrite-cores1,pcm_imc,acts_read,SKT0CHAN1,57,304220.0,events
correlation-fio-randwrite-cores1,pcm_imc,acts_read,SKT0CHAN1,58,311639.0,events
correlation-fio-randwrite-cores1,pcm_imc,acts_read,SKT0CHAN1,59,311861.0,events
correlation-fio-randwrite-cores1,pcm_imc,acts_read,SKT0CHAN2,0,388077.0,events
correlation-fio-randwrite-cores1,pcm_imc,acts_read,SKT0CHAN2,1,321536.0,events
correlation-fio-randwrite-cores1,pcm_imc,acts_read,SKT0CHAN2,2,321712.0,events
correlation-fio-randwrite-cores1,pcm_imc,acts_read,SKT0CHAN2,3,315000.0,events
correlation-fio-randwrite-cores1,pcm_imc,acts_read,SKT0CHAN2,4,317705.0,events
correlation-fio-randwrite-cores1,pcm_imc,acts_read,SKT0CHAN2,5,314144.0,events
correlation-fio-randwrite-cores1,pcm_imc,acts_read,SKT0CHAN2,6,311125.0,events
correlation-fio-randwrite-cores1,pcm_imc,acts_read,SKT0CHAN2,7,285382.0,events
correlation-fio-randwrite-cores1,pcm_imc,acts_read,SKT0CHAN2,8,307014.0,events
correlation-fio-randwrite-cores1,pcm_imc,acts_read,SKT0CHAN2,9,313250.0,events
correlation-fio-randwrite-cores1,pcm_imc,acts_read,SKT0CHAN2,10,310502.0,events
correlation-fio-randwrite-cores1,pcm_imc,acts_read,SKT0CHAN2,11,309726.0,events
correlation-fio-randwrite-cores1,pcm_imc,acts_read,SKT0CHAN2,12,284712.0,events
correlation-fio-randwrite-cores1,pcm_imc,acts_read,SKT0CHAN2,13,490665.0,events
correlation-fio-randwrite-cores1,pcm_imc,acts_read,SKT0CHAN2,14,346555.0,events
correlation-fio-randwrite-cores1,pcm_imc,acts_read,SKT0CHAN2,15,332344.0,events
correlation-fio-randwrite-cores1,pcm_imc,acts_read,SKT0CHAN2,16,322702.0,events
correlation-fio-randwrite-cores1,pcm_imc,acts_read,SKT0CHAN2,17,330289.0,events
correlation-fio-randwrite-cores1,pcm_imc,acts_read,SKT0CHAN2,18,312764.0,events
correlation-fio-randwrite-cores1,pcm_imc,acts_read,SKT0CHAN2,19,328490.0,events
correlation-fio-randwrite-cores1,pcm_imc,acts_read,SKT0CHAN2,20,335947.0,events
correlation-fio-randwrite-cores1,pcm_imc,acts_read,SKT0CHAN2,21,316008.0,events
correlation-fio-randwrite-cores1,pcm_imc,acts_read,SKT0CHAN2,22,311561.0,events
correlation-fio-randwrite-cores1,pcm_imc,acts_read,SKT0CHAN2,23,287382.0,events
correlation-fio-randwrite-cores1,pcm_imc,acts_read,SKT0CHAN2,24,311886.0,events
correlation-fio-randwrite-cores1,pcm_imc,acts_read,SKT0CHAN2,25,309333.0,events
correlation-fio-randwrite-cores1,pcm_imc,acts_read,SKT0CHAN2,26,312230.0,events
correlation-fio-randwrite-cores1,pcm_imc,acts_read,SKT0CHAN2,27,305826.0,events
correlation-fio-randwrite-cores1,pcm_imc,acts_read,SKT0CHAN2,28,300498.0,events
correlation-fio-randwrite-cores1,pcm_imc,acts_read,SKT0CHAN2,29,290304.0,events
correlation-fio-randwrite-cores1,pcm_imc,acts_read,SKT0CHAN2,30,314387.0,events
correlation-fio-randwrite-cores1,pcm_imc,acts_read,SKT0CHAN2,31,309894.0,events
correlation-fio-randwrite-cores1,pcm_imc,acts_read,SKT0CHAN2,32,309061.0,events
correlation-fio-randwrite-cores1,pcm_imc,acts_read,SKT0CHAN2,33,293072.0,events
correlation-fio-randwrite-cores1,pcm_imc,acts_read,SKT0CHAN2,34,307295.0,events
correlation-fio-randwrite-cores1,pcm_imc,acts_read,SKT0CHAN2,35,299512.0,events
correlation-fio-randwrite-cores1,pcm_imc,acts_read,SKT0CHAN2,36,312493.0,events
correlation-fio-randwrite-cores1,pcm_imc,acts_read,SKT0CHAN2,37,305169.0,events
correlation-fio-randwrite-cores1,pcm_imc,acts_read,SKT0CHAN2,38,307057.0,events
correlation-fio-randwrite-cores1,pcm_imc,acts_read,SKT0CHAN2,39,299004.0,events
correlation-fio-randwrite-cores1,pcm_imc,acts_read,SKT0CHAN2,40,290184.0,events
correlation-fio-randwrite-cores1,pcm_imc,acts_read,SKT0CHAN2,41,308887.0,events
correlation-fio-randwrite-cores1,pcm_imc,acts_read,SKT0CHAN2,42,304356.0,events
correlation-fio-randwrite-cores1,pcm_imc,acts_read,SKT0CHAN2,43,303361.0,events
correlation-fio-randwrite-cores1,pcm_imc,acts_read,SKT0CHAN2,44,288370.0,events
correlation-fio-randwrite-cores1,pcm_imc,acts_read,SKT0CHAN2,45,300108.0,events
correlation-fio-randwrite-cores1,pcm_imc,acts_read,SKT0CHAN2,46,323479.0,events
correlation-fio-randwrite-cores1,pcm_imc,acts_read,SKT0CHAN2,47,336949.0,events
correlation-fio-randwrite-cores1,pcm_imc,acts_read,SKT0CHAN2,48,320031.0,events
correlation-fio-randwrite-cores1,pcm_imc,acts_read,SKT0CHAN2,49,313661.0,events
correlation-fio-randwrite-cores1,pcm_imc,acts_read,SKT0CHAN2,50,287953.0,events
correlation-fio-randwrite-cores1,pcm_imc,acts_read,SKT0CHAN2,51,308972.0,events
correlation-fio-randwrite-cores1,pcm_imc,acts_read,SKT0CHAN2,52,310419.0,events
correlation-fio-randwrite-cores1,pcm_imc,acts_read,SKT0CHAN2,53,307413.0,events
correlation-fio-randwrite-cores1,pcm_imc,acts_read,SKT0CHAN2,54,307242.0,events
correlation-fio-randwrite-cores1,pcm_imc,acts_read,SKT0CHAN2,55,284305.0,events
correlation-fio-randwrite-cores1,pcm_imc,acts_read,SKT0CHAN2,56,304391.0,events
correlation-fio-randwrite-cores1,pcm_imc,acts_read,SKT0CHAN2,57,300503.0,events
correlation-fio-randwrite-cores1,pcm_imc,acts_read,SKT0CHAN2,58,308046.0,events
correlation-fio-randwrite-cores1,pcm_imc,acts_read,SKT0CHAN2,59,308485.0,events
correlation-fio-randwrite-cores1,pcm_imc,acts_read,SKT0CHAN3,0,365804.0,events
correlation-fio-randwrite-cores1,pcm_imc,acts_read,SKT0CHAN3,1,313368.0,events
correlation-fio-randwrite-cores1,pcm_imc,acts_read,SKT0CHAN3,2,317069.0,events
correlation-fio-randwrite-cores1,pcm_imc,acts_read,SKT0CHAN3,3,313121.0,events
correlation-fio-randwrite-cores1,pcm_imc,acts_read,SKT0CHAN3,4,316472.0,events
correlation-fio-randwrite-cores1,pcm_imc,acts_read,SKT0CHAN3,5,314103.0,events
correlation-fio-randwrite-cores1,pcm_imc,acts_read,SKT0CHAN3,6,311666.0,events
correlation-fio-randwrite-cores1,pcm_imc,acts_read,SKT0CHAN3,7,286027.0,events
correlation-fio-randwrite-cores1,pcm_imc,acts_read,SKT0CHAN3,8,308788.0,events
correlation-fio-randwrite-cores1,pcm_imc,acts_read,SKT0CHAN3,9,314530.0,events
correlation-fio-randwrite-cores1,pcm_imc,acts_read,SKT0CHAN3,10,312455.0,events
correlation-fio-randwrite-cores1,pcm_imc,acts_read,SKT0CHAN3,11,309730.0,events
correlation-fio-randwrite-cores1,pcm_imc,acts_read,SKT0CHAN3,12,286948.0,events
correlation-fio-randwrite-cores1,pcm_imc,acts_read,SKT0CHAN3,13,450619.0,events
correlation-fio-randwrite-cores1,pcm_imc,acts_read,SKT0CHAN3,14,334163.0,events
correlation-fio-randwrite-cores1,pcm_imc,acts_read,SKT0CHAN3,15,324327.0,events
correlation-fio-randwrite-cores1,pcm_imc,acts_read,SKT0CHAN3,16,318337.0,events
correlation-fio-randwrite-cores1,pcm_imc,acts_read,SKT0CHAN3,17,325721.0,events
correlation-fio-randwrite-cores1,pcm_imc,acts_read,SKT0CHAN3,18,307204.0,events
correlation-fio-randwrite-cores1,pcm_imc,acts_read,SKT0CHAN3,19,325526.0,events
correlation-fio-randwrite-cores1,pcm_imc,acts_read,SKT0CHAN3,20,331700.0,events
correlation-fio-randwrite-cores1,pcm_imc,acts_read,SKT0CHAN3,21,314242.0,events
correlation-fio-randwrite-cores1,pcm_imc,acts_read,SKT0CHAN3,22,310817.0,events
correlation-fio-randwrite-cores1,pcm_imc,acts_read,SKT0CHAN3,23,288708.0,events
correlation-fio-randwrite-cores1,pcm_imc,acts_read,SKT0CHAN3,24,312750.0,events
correlation-fio-randwrite-cores1,pcm_imc,acts_read,SKT0CHAN3,25,311704.0,events
correlation-fio-randwrite-cores1,pcm_imc,acts_read,SKT0CHAN3,26,314020.0,events
correlation-fio-randwrite-cores1,pcm_imc,acts_read,SKT0CHAN3,27,309394.0,events
correlation-fio-randwrite-cores1,pcm_imc,acts_read,SKT0CHAN3,28,302845.0,events
correlation-fio-randwrite-cores1,pcm_imc,acts_read,SKT0CHAN3,29,293490.0,events
correlation-fio-randwrite-cores1,pcm_imc,acts_read,SKT0CHAN3,30,314995.0,events
correlation-fio-randwrite-cores1,pcm_imc,acts_read,SKT0CHAN3,31,312231.0,events
correlation-fio-randwrite-cores1,pcm_imc,acts_read,SKT0CHAN3,32,311780.0,events
correlation-fio-randwrite-cores1,pcm_imc,acts_read,SKT0CHAN3,33,294812.0,events
correlation-fio-randwrite-cores1,pcm_imc,acts_read,SKT0CHAN3,34,309980.0,events
correlation-fio-randwrite-cores1,pcm_imc,acts_read,SKT0CHAN3,35,302298.0,events
correlation-fio-randwrite-cores1,pcm_imc,acts_read,SKT0CHAN3,36,315731.0,events
correlation-fio-randwrite-cores1,pcm_imc,acts_read,SKT0CHAN3,37,308234.0,events
correlation-fio-randwrite-cores1,pcm_imc,acts_read,SKT0CHAN3,38,310053.0,events
correlation-fio-randwrite-cores1,pcm_imc,acts_read,SKT0CHAN3,39,302059.0,events
correlation-fio-randwrite-cores1,pcm_imc,acts_read,SKT0CHAN3,40,294527.0,events
correlation-fio-randwrite-cores1,pcm_imc,acts_read,SKT0CHAN3,41,313022.0,events
correlation-fio-randwrite-cores1,pcm_imc,acts_read,SKT0CHAN3,42,308257.0,events
correlation-fio-randwrite-cores1,pcm_imc,acts_read,SKT0CHAN3,43,307356.0,events
correlation-fio-randwrite-cores1,pcm_imc,acts_read,SKT0CHAN3,44,291680.0,events
correlation-fio-randwrite-cores1,pcm_imc,acts_read,SKT0CHAN3,45,304427.0,events
correlation-fio-randwrite-cores1,pcm_imc,acts_read,SKT0CHAN3,46,326938.0,events
correlation-fio-randwrite-cores1,pcm_imc,acts_read,SKT0CHAN3,47,338639.0,events
correlation-fio-randwrite-cores1,pcm_imc,acts_read,SKT0CHAN3,48,319317.0,events
correlation-fio-randwrite-cores1,pcm_imc,acts_read,SKT0CHAN3,49,313315.0,events
correlation-fio-randwrite-cores1,pcm_imc,acts_read,SKT0CHAN3,50,287770.0,events
correlation-fio-randwrite-cores1,pcm_imc,acts_read,SKT0CHAN3,51,310844.0,events
correlation-fio-randwrite-cores1,pcm_imc,acts_read,SKT0CHAN3,52,312110.0,events
correlation-fio-randwrite-cores1,pcm_imc,acts_read,SKT0CHAN3,53,310185.0,events
correlation-fio-randwrite-cores1,pcm_imc,acts_read,SKT0CHAN3,54,308963.0,events
correlation-fio-randwrite-cores1,pcm_imc,acts_read,SKT0CHAN3,55,287864.0,events
correlation-fio-randwrite-cores1,pcm_imc,acts_read,SKT0CHAN3,56,307362.0,events
correlation-fio-randwrite-cores1,pcm_imc,acts_read,SKT0CHAN3,57,303784.0,events
correlation-fio-randwrite-cores1,pcm_imc,acts_read,SKT0CHAN3,58,311511.0,events
correlation-fio-randwrite-cores1,pcm_imc,acts_read,SKT0CHAN3,59,311754.0,events
correlation-fio-randwrite-cores1,pcm_imc,acts_read,SKT0CHAN4,0,386722.0,events
correlation-fio-randwrite-cores1,pcm_imc,acts_read,SKT0CHAN4,1,323462.0,events
correlation-fio-randwrite-cores1,pcm_imc,acts_read,SKT0CHAN4,2,324289.0,events
correlation-fio-randwrite-cores1,pcm_imc,acts_read,SKT0CHAN4,3,316236.0,events
correlation-fio-randwrite-cores1,pcm_imc,acts_read,SKT0CHAN4,4,317829.0,events
correlation-fio-randwrite-cores1,pcm_imc,acts_read,SKT0CHAN4,5,315323.0,events
correlation-fio-randwrite-cores1,pcm_imc,acts_read,SKT0CHAN4,6,313987.0,events
correlation-fio-randwrite-cores1,pcm_imc,acts_read,SKT0CHAN4,7,287887.0,events
correlation-fio-randwrite-cores1,pcm_imc,acts_read,SKT0CHAN4,8,308558.0,events
correlation-fio-randwrite-cores1,pcm_imc,acts_read,SKT0CHAN4,9,313488.0,events
correlation-fio-randwrite-cores1,pcm_imc,acts_read,SKT0CHAN4,10,310302.0,events
correlation-fio-randwrite-cores1,pcm_imc,acts_read,SKT0CHAN4,11,308970.0,events
correlation-fio-randwrite-cores1,pcm_imc,acts_read,SKT0CHAN4,12,284195.0,events
correlation-fio-randwrite-cores1,pcm_imc,acts_read,SKT0CHAN4,13,491445.0,events
correlation-fio-randwrite-cores1,pcm_imc,acts_read,SKT0CHAN4,14,346651.0,events
correlation-fio-randwrite-cores1,pcm_imc,acts_read,SKT0CHAN4,15,331603.0,events
correlation-fio-randwrite-cores1,pcm_imc,acts_read,SKT0CHAN4,16,320818.0,events
correlation-fio-randwrite-cores1,pcm_imc,acts_read,SKT0CHAN4,17,327422.0,events
correlation-fio-randwrite-cores1,pcm_imc,acts_read,SKT0CHAN4,18,310569.0,events
correlation-fio-randwrite-cores1,pcm_imc,acts_read,SKT0CHAN4,19,325536.0,events
correlation-fio-randwrite-cores1,pcm_imc,acts_read,SKT0CHAN4,20,333845.0,events
correlation-fio-randwrite-cores1,pcm_imc,acts_read,SKT0CHAN4,21,313299.0,events
correlation-fio-randwrite-cores1,pcm_imc,acts_read,SKT0CHAN4,22,309505.0,events
correlation-fio-randwrite-cores1,pcm_imc,acts_read,SKT0CHAN4,23,286730.0,events
correlation-fio-randwrite-cores1,pcm_imc,acts_read,SKT0CHAN4,24,311442.0,events
correlation-fio-randwrite-cores1,pcm_imc,acts_read,SKT0CHAN4,25,309552.0,events
correlation-fio-randwrite-cores1,pcm_imc,acts_read,SKT0CHAN4,26,312592.0,events
correlation-fio-randwrite-cores1,pcm_imc,acts_read,SKT0CHAN4,27,306000.0,events
correlation-fio-randwrite-cores1,pcm_imc,acts_read,SKT0CHAN4,28,301046.0,events
correlation-fio-randwrite-cores1,pcm_imc,acts_read,SKT0CHAN4,29,290835.0,events
correlation-fio-randwrite-cores1,pcm_imc,acts_read,SKT0CHAN4,30,314485.0,events
correlation-fio-randwrite-cores1,pcm_imc,acts_read,SKT0CHAN4,31,310683.0,events
correlation-fio-randwrite-cores1,pcm_imc,acts_read,SKT0CHAN4,32,309805.0,events
correlation-fio-randwrite-cores1,pcm_imc,acts_read,SKT0CHAN4,33,293421.0,events
correlation-fio-randwrite-cores1,pcm_imc,acts_read,SKT0CHAN4,34,307444.0,events
correlation-fio-randwrite-cores1,pcm_imc,acts_read,SKT0CHAN4,35,300088.0,events
correlation-fio-randwrite-cores1,pcm_imc,acts_read,SKT0CHAN4,36,312824.0,events
correlation-fio-randwrite-cores1,pcm_imc,acts_read,SKT0CHAN4,37,305616.0,events
correlation-fio-randwrite-cores1,pcm_imc,acts_read,SKT0CHAN4,38,307405.0,events
correlation-fio-randwrite-cores1,pcm_imc,acts_read,SKT0CHAN4,39,301206.0,events
correlation-fio-randwrite-cores1,pcm_imc,acts_read,SKT0CHAN4,40,291513.0,events
correlation-fio-randwrite-cores1,pcm_imc,acts_read,SKT0CHAN4,41,310970.0,events
correlation-fio-randwrite-cores1,pcm_imc,acts_read,SKT0CHAN4,42,305507.0,events
correlation-fio-randwrite-cores1,pcm_imc,acts_read,SKT0CHAN4,43,305514.0,events
correlation-fio-randwrite-cores1,pcm_imc,acts_read,SKT0CHAN4,44,290149.0,events
correlation-fio-randwrite-cores1,pcm_imc,acts_read,SKT0CHAN4,45,302772.0,events
correlation-fio-randwrite-cores1,pcm_imc,acts_read,SKT0CHAN4,46,326404.0,events
correlation-fio-randwrite-cores1,pcm_imc,acts_read,SKT0CHAN4,47,341974.0,events
correlation-fio-randwrite-cores1,pcm_imc,acts_read,SKT0CHAN4,48,324114.0,events
correlation-fio-randwrite-cores1,pcm_imc,acts_read,SKT0CHAN4,49,317772.0,events
correlation-fio-randwrite-cores1,pcm_imc,acts_read,SKT0CHAN4,50,292148.0,events
correlation-fio-randwrite-cores1,pcm_imc,acts_read,SKT0CHAN4,51,311438.0,events
correlation-fio-randwrite-cores1,pcm_imc,acts_read,SKT0CHAN4,52,312222.0,events
correlation-fio-randwrite-cores1,pcm_imc,acts_read,SKT0CHAN4,53,308193.0,events
correlation-fio-randwrite-cores1,pcm_imc,acts_read,SKT0CHAN4,54,307738.0,events
correlation-fio-randwrite-cores1,pcm_imc,acts_read,SKT0CHAN4,55,284530.0,events
correlation-fio-randwrite-cores1,pcm_imc,acts_read,SKT0CHAN4,56,304815.0,events
correlation-fio-randwrite-cores1,pcm_imc,acts_read,SKT0CHAN4,57,300969.0,events
correlation-fio-randwrite-cores1,pcm_imc,acts_read,SKT0CHAN4,58,308890.0,events
correlation-fio-randwrite-cores1,pcm_imc,acts_read,SKT0CHAN4,59,309520.0,events
correlation-fio-randwrite-cores1,pcm_imc,acts_read,SKT0CHAN5,0,387572.0,events
correlation-fio-randwrite-cores1,pcm_imc,acts_read,SKT0CHAN5,1,322000.0,events
correlation-fio-randwrite-cores1,pcm_imc,acts_read,SKT0CHAN5,2,322968.0,events
correlation-fio-randwrite-cores1,pcm_imc,acts_read,SKT0CHAN5,3,315204.0,events
correlation-fio-randwrite-cores1,pcm_imc,acts_read,SKT0CHAN5,4,317689.0,events
correlation-fio-randwrite-cores1,pcm_imc,acts_read,SKT0CHAN5,5,315793.0,events
correlation-fio-randwrite-cores1,pcm_imc,acts_read,SKT0CHAN5,6,314074.0,events
correlation-fio-randwrite-cores1,pcm_imc,acts_read,SKT0CHAN5,7,288390.0,events
correlation-fio-randwrite-cores1,pcm_imc,acts_read,SKT0CHAN5,8,309112.0,events
correlation-fio-randwrite-cores1,pcm_imc,acts_read,SKT0CHAN5,9,314217.0,events
correlation-fio-randwrite-cores1,pcm_imc,acts_read,SKT0CHAN5,10,311142.0,events
correlation-fio-randwrite-cores1,pcm_imc,acts_read,SKT0CHAN5,11,309586.0,events
correlation-fio-randwrite-cores1,pcm_imc,acts_read,SKT0CHAN5,12,284634.0,events
correlation-fio-randwrite-cores1,pcm_imc,acts_read,SKT0CHAN5,13,492352.0,events
correlation-fio-randwrite-cores1,pcm_imc,acts_read,SKT0CHAN5,14,346900.0,events
correlation-fio-randwrite-cores1,pcm_imc,acts_read,SKT0CHAN5,15,335210.0,events
correlation-fio-randwrite-cores1,pcm_imc,acts_read,SKT0CHAN5,16,324116.0,events
correlation-fio-randwrite-cores1,pcm_imc,acts_read,SKT0CHAN5,17,329987.0,events
correlation-fio-randwrite-cores1,pcm_imc,acts_read,SKT0CHAN5,18,311630.0,events
correlation-fio-randwrite-cores1,pcm_imc,acts_read,SKT0CHAN5,19,327895.0,events
correlation-fio-randwrite-cores1,pcm_imc,acts_read,SKT0CHAN5,20,335522.0,events
correlation-fio-randwrite-cores1,pcm_imc,acts_read,SKT0CHAN5,21,315644.0,events
correlation-fio-randwrite-cores1,pcm_imc,acts_read,SKT0CHAN5,22,311839.0,events
correlation-fio-randwrite-cores1,pcm_imc,acts_read,SKT0CHAN5,23,287983.0,events
correlation-fio-randwrite-cores1,pcm_imc,acts_read,SKT0CHAN5,24,313378.0,events
correlation-fio-randwrite-cores1,pcm_imc,acts_read,SKT0CHAN5,25,310558.0,events
correlation-fio-randwrite-cores1,pcm_imc,acts_read,SKT0CHAN5,26,313810.0,events
correlation-fio-randwrite-cores1,pcm_imc,acts_read,SKT0CHAN5,27,307362.0,events
correlation-fio-randwrite-cores1,pcm_imc,acts_read,SKT0CHAN5,28,301894.0,events
correlation-fio-randwrite-cores1,pcm_imc,acts_read,SKT0CHAN5,29,291139.0,events
correlation-fio-randwrite-cores1,pcm_imc,acts_read,SKT0CHAN5,30,313554.0,events
correlation-fio-randwrite-cores1,pcm_imc,acts_read,SKT0CHAN5,31,309230.0,events
correlation-fio-randwrite-cores1,pcm_imc,acts_read,SKT0CHAN5,32,309072.0,events
correlation-fio-randwrite-cores1,pcm_imc,acts_read,SKT0CHAN5,33,293226.0,events
correlation-fio-randwrite-cores1,pcm_imc,acts_read,SKT0CHAN5,34,307465.0,events
correlation-fio-randwrite-cores1,pcm_imc,acts_read,SKT0CHAN5,35,300332.0,events
correlation-fio-randwrite-cores1,pcm_imc,acts_read,SKT0CHAN5,36,312802.0,events
correlation-fio-randwrite-cores1,pcm_imc,acts_read,SKT0CHAN5,37,305527.0,events
correlation-fio-randwrite-cores1,pcm_imc,acts_read,SKT0CHAN5,38,307381.0,events
correlation-fio-randwrite-cores1,pcm_imc,acts_read,SKT0CHAN5,39,300876.0,events
correlation-fio-randwrite-cores1,pcm_imc,acts_read,SKT0CHAN5,40,291507.0,events
correlation-fio-randwrite-cores1,pcm_imc,acts_read,SKT0CHAN5,41,310466.0,events
correlation-fio-randwrite-cores1,pcm_imc,acts_read,SKT0CHAN5,42,305219.0,events
correlation-fio-randwrite-cores1,pcm_imc,acts_read,SKT0CHAN5,43,305266.0,events
correlation-fio-randwrite-cores1,pcm_imc,acts_read,SKT0CHAN5,44,289391.0,events
correlation-fio-randwrite-cores1,pcm_imc,acts_read,SKT0CHAN5,45,302289.0,events
correlation-fio-randwrite-cores1,pcm_imc,acts_read,SKT0CHAN5,46,326032.0,events
correlation-fio-randwrite-cores1,pcm_imc,acts_read,SKT0CHAN5,47,339003.0,events
correlation-fio-randwrite-cores1,pcm_imc,acts_read,SKT0CHAN5,48,319676.0,events
correlation-fio-randwrite-cores1,pcm_imc,acts_read,SKT0CHAN5,49,314774.0,events
correlation-fio-randwrite-cores1,pcm_imc,acts_read,SKT0CHAN5,50,288686.0,events
correlation-fio-randwrite-cores1,pcm_imc,acts_read,SKT0CHAN5,51,309787.0,events
correlation-fio-randwrite-cores1,pcm_imc,acts_read,SKT0CHAN5,52,311721.0,events
correlation-fio-randwrite-cores1,pcm_imc,acts_read,SKT0CHAN5,53,308649.0,events
correlation-fio-randwrite-cores1,pcm_imc,acts_read,SKT0CHAN5,54,307608.0,events
correlation-fio-randwrite-cores1,pcm_imc,acts_read,SKT0CHAN5,55,285094.0,events
correlation-fio-randwrite-cores1,pcm_imc,acts_read,SKT0CHAN5,56,304784.0,events
correlation-fio-randwrite-cores1,pcm_imc,acts_read,SKT0CHAN5,57,301323.0,events
correlation-fio-randwrite-cores1,pcm_imc,acts_read,SKT0CHAN5,58,309174.0,events
correlation-fio-randwrite-cores1,pcm_imc,acts_read,SKT0CHAN5,59,310200.0,events
correlation-fio-randwrite-cores1,pcm_imc,acts_read,SKT0CHAN6,0,387906.0,events
correlation-fio-randwrite-cores1,pcm_imc,acts_read,SKT0CHAN6,1,323866.0,events
correlation-fio-randwrite-cores1,pcm_imc,acts_read,SKT0CHAN6,2,323303.0,events
correlation-fio-randwrite-cores1,pcm_imc,acts_read,SKT0CHAN6,3,316312.0,events
correlation-fio-randwrite-cores1,pcm_imc,acts_read,SKT0CHAN6,4,318738.0,events
correlation-fio-randwrite-cores1,pcm_imc,acts_read,SKT0CHAN6,5,316435.0,events
correlation-fio-randwrite-cores1,pcm_imc,acts_read,SKT0CHAN6,6,314107.0,events
correlation-fio-randwrite-cores1,pcm_imc,acts_read,SKT0CHAN6,7,287516.0,events
correlation-fio-randwrite-cores1,pcm_imc,acts_read,SKT0CHAN6,8,308643.0,events
correlation-fio-randwrite-cores1,pcm_imc,acts_read,SKT0CHAN6,9,314433.0,events
correlation-fio-randwrite-cores1,pcm_imc,acts_read,SKT0CHAN6,10,311526.0,events
correlation-fio-randwrite-cores1,pcm_imc,acts_read,SKT0CHAN6,11,310256.0,events
correlation-fio-randwrite-cores1,pcm_imc,acts_read,SKT0CHAN6,12,285683.0,events
correlation-fio-randwrite-cores1,pcm_imc,acts_read,SKT0CHAN6,13,496227.0,events
correlation-fio-randwrite-cores1,pcm_imc,acts_read,SKT0CHAN6,14,347589.0,events
correlation-fio-randwrite-cores1,pcm_imc,acts_read,SKT0CHAN6,15,334739.0,events
correlation-fio-randwrite-cores1,pcm_imc,acts_read,SKT0CHAN6,16,324418.0,events
correlation-fio-randwrite-cores1,pcm_imc,acts_read,SKT0CHAN6,17,329767.0,events
correlation-fio-randwrite-cores1,pcm_imc,acts_read,SKT0CHAN6,18,311509.0,events
correlation-fio-randwrite-cores1,pcm_imc,acts_read,SKT0CHAN6,19,327651.0,events
correlation-fio-randwrite-cores1,pcm_imc,acts_read,SKT0CHAN6,20,335409.0,events
correlation-fio-randwrite-cores1,pcm_imc,acts_read,SKT0CHAN6,21,315390.0,events
correlation-fio-randwrite-cores1,pcm_imc,acts_read,SKT0CHAN6,22,311562.0,events
correlation-fio-randwrite-cores1,pcm_imc,acts_read,SKT0CHAN6,23,288213.0,events
correlation-fio-randwrite-cores1,pcm_imc,acts_read,SKT0CHAN6,24,313504.0,events
correlation-fio-randwrite-cores1,pcm_imc,acts_read,SKT0CHAN6,25,311142.0,events
correlation-fio-randwrite-cores1,pcm_imc,acts_read,SKT0CHAN6,26,313967.0,events
correlation-fio-randwrite-cores1,pcm_imc,acts_read,SKT0CHAN6,27,308152.0,events
correlation-fio-randwrite-cores1,pcm_imc,acts_read,SKT0CHAN6,28,302657.0,events
correlation-fio-randwrite-cores1,pcm_imc,acts_read,SKT0CHAN6,29,292552.0,events
correlation-fio-randwrite-cores1,pcm_imc,acts_read,SKT0CHAN6,30,316151.0,events
correlation-fio-randwrite-cores1,pcm_imc,acts_read,SKT0CHAN6,31,311037.0,events
correlation-fio-randwrite-cores1,pcm_imc,acts_read,SKT0CHAN6,32,310372.0,events
correlation-fio-randwrite-cores1,pcm_imc,acts_read,SKT0CHAN6,33,294304.0,events
correlation-fio-randwrite-cores1,pcm_imc,acts_read,SKT0CHAN6,34,308895.0,events
correlation-fio-randwrite-cores1,pcm_imc,acts_read,SKT0CHAN6,35,301278.0,events
correlation-fio-randwrite-cores1,pcm_imc,acts_read,SKT0CHAN6,36,314281.0,events
correlation-fio-randwrite-cores1,pcm_imc,acts_read,SKT0CHAN6,37,307894.0,events
correlation-fio-randwrite-cores1,pcm_imc,acts_read,SKT0CHAN6,38,309120.0,events
correlation-fio-randwrite-cores1,pcm_imc,acts_read,SKT0CHAN6,39,302395.0,events
correlation-fio-randwrite-cores1,pcm_imc,acts_read,SKT0CHAN6,40,292663.0,events
correlation-fio-randwrite-cores1,pcm_imc,acts_read,SKT0CHAN6,41,311754.0,events
correlation-fio-randwrite-cores1,pcm_imc,acts_read,SKT0CHAN6,42,306090.0,events
correlation-fio-randwrite-cores1,pcm_imc,acts_read,SKT0CHAN6,43,305557.0,events
correlation-fio-randwrite-cores1,pcm_imc,acts_read,SKT0CHAN6,44,289784.0,events
correlation-fio-randwrite-cores1,pcm_imc,acts_read,SKT0CHAN6,45,301756.0,events
correlation-fio-randwrite-cores1,pcm_imc,acts_read,SKT0CHAN6,46,325788.0,events
correlation-fio-randwrite-cores1,pcm_imc,acts_read,SKT0CHAN6,47,340314.0,events
correlation-fio-randwrite-cores1,pcm_imc,acts_read,SKT0CHAN6,48,322545.0,events
correlation-fio-randwrite-cores1,pcm_imc,acts_read,SKT0CHAN6,49,316431.0,events
correlation-fio-randwrite-cores1,pcm_imc,acts_read,SKT0CHAN6,50,290803.0,events
correlation-fio-randwrite-cores1,pcm_imc,acts_read,SKT0CHAN6,51,311420.0,events
correlation-fio-randwrite-cores1,pcm_imc,acts_read,SKT0CHAN6,52,312918.0,events
correlation-fio-randwrite-cores1,pcm_imc,acts_read,SKT0CHAN6,53,309962.0,events
correlation-fio-randwrite-cores1,pcm_imc,acts_read,SKT0CHAN6,54,309390.0,events
correlation-fio-randwrite-cores1,pcm_imc,acts_read,SKT0CHAN6,55,286188.0,events
correlation-fio-randwrite-cores1,pcm_imc,acts_read,SKT0CHAN6,56,306179.0,events
correlation-fio-randwrite-cores1,pcm_imc,acts_read,SKT0CHAN6,57,302119.0,events
correlation-fio-randwrite-cores1,pcm_imc,acts_read,SKT0CHAN6,58,309974.0,events
correlation-fio-randwrite-cores1,pcm_imc,acts_read,SKT0CHAN6,59,310551.0,events
correlation-fio-randwrite-cores1,pcm_imc,acts_read,SKT0CHAN7,0,388234.0,events
correlation-fio-randwrite-cores1,pcm_imc,acts_read,SKT0CHAN7,1,323180.0,events
correlation-fio-randwrite-cores1,pcm_imc,acts_read,SKT0CHAN7,2,324144.0,events
correlation-fio-randwrite-cores1,pcm_imc,acts_read,SKT0CHAN7,3,317548.0,events
correlation-fio-randwrite-cores1,pcm_imc,acts_read,SKT0CHAN7,4,319898.0,events
correlation-fio-randwrite-cores1,pcm_imc,acts_read,SKT0CHAN7,5,316897.0,events
correlation-fio-randwrite-cores1,pcm_imc,acts_read,SKT0CHAN7,6,314478.0,events
correlation-fio-randwrite-cores1,pcm_imc,acts_read,SKT0CHAN7,7,287599.0,events
correlation-fio-randwrite-cores1,pcm_imc,acts_read,SKT0CHAN7,8,308586.0,events
correlation-fio-randwrite-cores1,pcm_imc,acts_read,SKT0CHAN7,9,313117.0,events
correlation-fio-randwrite-cores1,pcm_imc,acts_read,SKT0CHAN7,10,310191.0,events
correlation-fio-randwrite-cores1,pcm_imc,acts_read,SKT0CHAN7,11,309112.0,events
correlation-fio-randwrite-cores1,pcm_imc,acts_read,SKT0CHAN7,12,283684.0,events
correlation-fio-randwrite-cores1,pcm_imc,acts_read,SKT0CHAN7,13,493607.0,events
correlation-fio-randwrite-cores1,pcm_imc,acts_read,SKT0CHAN7,14,349987.0,events
correlation-fio-randwrite-cores1,pcm_imc,acts_read,SKT0CHAN7,15,333711.0,events
correlation-fio-randwrite-cores1,pcm_imc,acts_read,SKT0CHAN7,16,322130.0,events
correlation-fio-randwrite-cores1,pcm_imc,acts_read,SKT0CHAN7,17,328050.0,events
correlation-fio-randwrite-cores1,pcm_imc,acts_read,SKT0CHAN7,18,309955.0,events
correlation-fio-randwrite-cores1,pcm_imc,acts_read,SKT0CHAN7,19,324338.0,events
correlation-fio-randwrite-cores1,pcm_imc,acts_read,SKT0CHAN7,20,333656.0,events
correlation-fio-randwrite-cores1,pcm_imc,acts_read,SKT0CHAN7,21,314205.0,events
correlation-fio-randwrite-cores1,pcm_imc,acts_read,SKT0CHAN7,22,309233.0,events
correlation-fio-randwrite-cores1,pcm_imc,acts_read,SKT0CHAN7,23,286282.0,events
correlation-fio-randwrite-cores1,pcm_imc,acts_read,SKT0CHAN7,24,310769.0,events
correlation-fio-randwrite-cores1,pcm_imc,acts_read,SKT0CHAN7,25,309411.0,events
correlation-fio-randwrite-cores1,pcm_imc,acts_read,SKT0CHAN7,26,311779.0,events
correlation-fio-randwrite-cores1,pcm_imc,acts_read,SKT0CHAN7,27,307511.0,events
correlation-fio-randwrite-cores1,pcm_imc,acts_read,SKT0CHAN7,28,300810.0,events
correlation-fio-randwrite-cores1,pcm_imc,acts_read,SKT0CHAN7,29,290917.0,events
correlation-fio-randwrite-cores1,pcm_imc,acts_read,SKT0CHAN7,30,313594.0,events
correlation-fio-randwrite-cores1,pcm_imc,acts_read,SKT0CHAN7,31,308976.0,events
correlation-fio-randwrite-cores1,pcm_imc,acts_read,SKT0CHAN7,32,308547.0,events
correlation-fio-randwrite-cores1,pcm_imc,acts_read,SKT0CHAN7,33,291298.0,events
correlation-fio-randwrite-cores1,pcm_imc,acts_read,SKT0CHAN7,34,307317.0,events
correlation-fio-randwrite-cores1,pcm_imc,acts_read,SKT0CHAN7,35,299927.0,events
correlation-fio-randwrite-cores1,pcm_imc,acts_read,SKT0CHAN7,36,312734.0,events
correlation-fio-randwrite-cores1,pcm_imc,acts_read,SKT0CHAN7,37,306075.0,events
correlation-fio-randwrite-cores1,pcm_imc,acts_read,SKT0CHAN7,38,307119.0,events
correlation-fio-randwrite-cores1,pcm_imc,acts_read,SKT0CHAN7,39,299596.0,events
correlation-fio-randwrite-cores1,pcm_imc,acts_read,SKT0CHAN7,40,290716.0,events
correlation-fio-randwrite-cores1,pcm_imc,acts_read,SKT0CHAN7,41,310115.0,events
correlation-fio-randwrite-cores1,pcm_imc,acts_read,SKT0CHAN7,42,305324.0,events
correlation-fio-randwrite-cores1,pcm_imc,acts_read,SKT0CHAN7,43,304622.0,events
correlation-fio-randwrite-cores1,pcm_imc,acts_read,SKT0CHAN7,44,288693.0,events
correlation-fio-randwrite-cores1,pcm_imc,acts_read,SKT0CHAN7,45,301153.0,events
correlation-fio-randwrite-cores1,pcm_imc,acts_read,SKT0CHAN7,46,325842.0,events
correlation-fio-randwrite-cores1,pcm_imc,acts_read,SKT0CHAN7,47,340201.0,events
correlation-fio-randwrite-cores1,pcm_imc,acts_read,SKT0CHAN7,48,321745.0,events
correlation-fio-randwrite-cores1,pcm_imc,acts_read,SKT0CHAN7,49,315379.0,events
correlation-fio-randwrite-cores1,pcm_imc,acts_read,SKT0CHAN7,50,288766.0,events
correlation-fio-randwrite-cores1,pcm_imc,acts_read,SKT0CHAN7,51,310102.0,events
correlation-fio-randwrite-cores1,pcm_imc,acts_read,SKT0CHAN7,52,311588.0,events
correlation-fio-randwrite-cores1,pcm_imc,acts_read,SKT0CHAN7,53,308463.0,events
correlation-fio-randwrite-cores1,pcm_imc,acts_read,SKT0CHAN7,54,307782.0,events
correlation-fio-randwrite-cores1,pcm_imc,acts_read,SKT0CHAN7,55,285205.0,events
correlation-fio-randwrite-cores1,pcm_imc,acts_read,SKT0CHAN7,56,304871.0,events
correlation-fio-randwrite-cores1,pcm_imc,acts_read,SKT0CHAN7,57,300678.0,events
correlation-fio-randwrite-cores1,pcm_imc,acts_read,SKT0CHAN7,58,308225.0,events
correlation-fio-randwrite-cores1,pcm_imc,acts_read,SKT0CHAN7,59,308800.0,events
correlation-fio-randwrite-cores1,pcm_imc,read_activations,SKT0CHAN0,0,450393.0,events
correlation-fio-randwrite-cores1,pcm_imc,read_activations,SKT0CHAN0,1,374869.0,events
correlation-fio-randwrite-cores1,pcm_imc,read_activations,SKT0CHAN0,2,369629.0,events
correlation-fio-randwrite-cores1,pcm_imc,read_activations,SKT0CHAN0,3,358923.0,events
correlation-fio-randwrite-cores1,pcm_imc,read_activations,SKT0CHAN0,4,360397.0,events
correlation-fio-randwrite-cores1,pcm_imc,read_activations,SKT0CHAN0,5,353599.0,events
correlation-fio-randwrite-cores1,pcm_imc,read_activations,SKT0CHAN0,6,352262.0,events
correlation-fio-randwrite-cores1,pcm_imc,read_activations,SKT0CHAN0,7,321467.0,events
correlation-fio-randwrite-cores1,pcm_imc,read_activations,SKT0CHAN0,8,341444.0,events
correlation-fio-randwrite-cores1,pcm_imc,read_activations,SKT0CHAN0,9,346478.0,events
correlation-fio-randwrite-cores1,pcm_imc,read_activations,SKT0CHAN0,10,342217.0,events
correlation-fio-randwrite-cores1,pcm_imc,read_activations,SKT0CHAN0,11,342053.0,events
correlation-fio-randwrite-cores1,pcm_imc,read_activations,SKT0CHAN0,12,314058.0,events
correlation-fio-randwrite-cores1,pcm_imc,read_activations,SKT0CHAN0,13,573052.0,events
correlation-fio-randwrite-cores1,pcm_imc,read_activations,SKT0CHAN0,14,407660.0,events
correlation-fio-randwrite-cores1,pcm_imc,read_activations,SKT0CHAN0,15,384969.0,events
correlation-fio-randwrite-cores1,pcm_imc,read_activations,SKT0CHAN0,16,366028.0,events
correlation-fio-randwrite-cores1,pcm_imc,read_activations,SKT0CHAN0,17,370490.0,events
correlation-fio-randwrite-cores1,pcm_imc,read_activations,SKT0CHAN0,18,352782.0,events
correlation-fio-randwrite-cores1,pcm_imc,read_activations,SKT0CHAN0,19,365407.0,events
correlation-fio-randwrite-cores1,pcm_imc,read_activations,SKT0CHAN0,20,375312.0,events
correlation-fio-randwrite-cores1,pcm_imc,read_activations,SKT0CHAN0,21,350921.0,events
correlation-fio-randwrite-cores1,pcm_imc,read_activations,SKT0CHAN0,22,345427.0,events
correlation-fio-randwrite-cores1,pcm_imc,read_activations,SKT0CHAN0,23,320312.0,events
correlation-fio-randwrite-cores1,pcm_imc,read_activations,SKT0CHAN0,24,345226.0,events
correlation-fio-randwrite-cores1,pcm_imc,read_activations,SKT0CHAN0,25,341935.0,events
correlation-fio-randwrite-cores1,pcm_imc,read_activations,SKT0CHAN0,26,345627.0,events
correlation-fio-randwrite-cores1,pcm_imc,read_activations,SKT0CHAN0,27,337650.0,events
correlation-fio-randwrite-cores1,pcm_imc,read_activations,SKT0CHAN0,28,333269.0,events
correlation-fio-randwrite-cores1,pcm_imc,read_activations,SKT0CHAN0,29,321647.0,events
correlation-fio-randwrite-cores1,pcm_imc,read_activations,SKT0CHAN0,30,347913.0,events
correlation-fio-randwrite-cores1,pcm_imc,read_activations,SKT0CHAN0,31,341722.0,events
correlation-fio-randwrite-cores1,pcm_imc,read_activations,SKT0CHAN0,32,340574.0,events
correlation-fio-randwrite-cores1,pcm_imc,read_activations,SKT0CHAN0,33,323965.0,events
correlation-fio-randwrite-cores1,pcm_imc,read_activations,SKT0CHAN0,34,339331.0,events
correlation-fio-randwrite-cores1,pcm_imc,read_activations,SKT0CHAN0,35,329887.0,events
correlation-fio-randwrite-cores1,pcm_imc,read_activations,SKT0CHAN0,36,343165.0,events
correlation-fio-randwrite-cores1,pcm_imc,read_activations,SKT0CHAN0,37,333901.0,events
correlation-fio-randwrite-cores1,pcm_imc,read_activations,SKT0CHAN0,38,338218.0,events
correlation-fio-randwrite-cores1,pcm_imc,read_activations,SKT0CHAN0,39,331929.0,events
correlation-fio-randwrite-cores1,pcm_imc,read_activations,SKT0CHAN0,40,319289.0,events
correlation-fio-randwrite-cores1,pcm_imc,read_activations,SKT0CHAN0,41,339528.0,events
correlation-fio-randwrite-cores1,pcm_imc,read_activations,SKT0CHAN0,42,334746.0,events
correlation-fio-randwrite-cores1,pcm_imc,read_activations,SKT0CHAN0,43,334315.0,events
correlation-fio-randwrite-cores1,pcm_imc,read_activations,SKT0CHAN0,44,318529.0,events
correlation-fio-randwrite-cores1,pcm_imc,read_activations,SKT0CHAN0,45,330084.0,events
correlation-fio-randwrite-cores1,pcm_imc,read_activations,SKT0CHAN0,46,354495.0,events
correlation-fio-randwrite-cores1,pcm_imc,read_activations,SKT0CHAN0,47,373492.0,events
correlation-fio-randwrite-cores1,pcm_imc,read_activations,SKT0CHAN0,48,355232.0,events
correlation-fio-randwrite-cores1,pcm_imc,read_activations,SKT0CHAN0,49,349141.0,events
correlation-fio-randwrite-cores1,pcm_imc,read_activations,SKT0CHAN0,50,321900.0,events
correlation-fio-randwrite-cores1,pcm_imc,read_activations,SKT0CHAN0,51,344008.0,events
correlation-fio-randwrite-cores1,pcm_imc,read_activations,SKT0CHAN0,52,344079.0,events
correlation-fio-randwrite-cores1,pcm_imc,read_activations,SKT0CHAN0,53,340446.0,events
correlation-fio-randwrite-cores1,pcm_imc,read_activations,SKT0CHAN0,54,341140.0,events
correlation-fio-randwrite-cores1,pcm_imc,read_activations,SKT0CHAN0,55,316496.0,events
correlation-fio-randwrite-cores1,pcm_imc,read_activations,SKT0CHAN0,56,336552.0,events
correlation-fio-randwrite-cores1,pcm_imc,read_activations,SKT0CHAN0,57,331741.0,events
correlation-fio-randwrite-cores1,pcm_imc,read_activations,SKT0CHAN0,58,339644.0,events
correlation-fio-randwrite-cores1,pcm_imc,read_activations,SKT0CHAN0,59,340973.0,events
correlation-fio-randwrite-cores1,pcm_imc,read_activations,SKT0CHAN1,0,387824.0,events
correlation-fio-randwrite-cores1,pcm_imc,read_activations,SKT0CHAN1,1,335323.0,events
correlation-fio-randwrite-cores1,pcm_imc,read_activations,SKT0CHAN1,2,337544.0,events
correlation-fio-randwrite-cores1,pcm_imc,read_activations,SKT0CHAN1,3,333851.0,events
correlation-fio-randwrite-cores1,pcm_imc,read_activations,SKT0CHAN1,4,338800.0,events
correlation-fio-randwrite-cores1,pcm_imc,read_activations,SKT0CHAN1,5,336591.0,events
correlation-fio-randwrite-cores1,pcm_imc,read_activations,SKT0CHAN1,6,334064.0,events
correlation-fio-randwrite-cores1,pcm_imc,read_activations,SKT0CHAN1,7,306987.0,events
correlation-fio-randwrite-cores1,pcm_imc,read_activations,SKT0CHAN1,8,331338.0,events
correlation-fio-randwrite-cores1,pcm_imc,read_activations,SKT0CHAN1,9,335968.0,events
correlation-fio-randwrite-cores1,pcm_imc,read_activations,SKT0CHAN1,10,334862.0,events
correlation-fio-randwrite-cores1,pcm_imc,read_activations,SKT0CHAN1,11,331674.0,events
correlation-fio-randwrite-cores1,pcm_imc,read_activations,SKT0CHAN1,12,309114.0,events
correlation-fio-randwrite-cores1,pcm_imc,read_activations,SKT0CHAN1,13,477539.0,events
correlation-fio-randwrite-cores1,pcm_imc,read_activations,SKT0CHAN1,14,361008.0,events
correlation-fio-randwrite-cores1,pcm_imc,read_activations,SKT0CHAN1,15,350776.0,events
correlation-fio-randwrite-cores1,pcm_imc,read_activations,SKT0CHAN1,16,345004.0,events
correlation-fio-randwrite-cores1,pcm_imc,read_activations,SKT0CHAN1,17,353448.0,events
correlation-fio-randwrite-cores1,pcm_imc,read_activations,SKT0CHAN1,18,332546.0,events
correlation-fio-randwrite-cores1,pcm_imc,read_activations,SKT0CHAN1,19,351092.0,events
correlation-fio-randwrite-cores1,pcm_imc,read_activations,SKT0CHAN1,20,357260.0,events
correlation-fio-randwrite-cores1,pcm_imc,read_activations,SKT0CHAN1,21,339668.0,events
correlation-fio-randwrite-cores1,pcm_imc,read_activations,SKT0CHAN1,22,335883.0,events
correlation-fio-randwrite-cores1,pcm_imc,read_activations,SKT0CHAN1,23,313451.0,events
correlation-fio-randwrite-cores1,pcm_imc,read_activations,SKT0CHAN1,24,335971.0,events
correlation-fio-randwrite-cores1,pcm_imc,read_activations,SKT0CHAN1,25,335142.0,events
correlation-fio-randwrite-cores1,pcm_imc,read_activations,SKT0CHAN1,26,336659.0,events
correlation-fio-randwrite-cores1,pcm_imc,read_activations,SKT0CHAN1,27,332914.0,events
correlation-fio-randwrite-cores1,pcm_imc,read_activations,SKT0CHAN1,28,325940.0,events
correlation-fio-randwrite-cores1,pcm_imc,read_activations,SKT0CHAN1,29,315570.0,events
correlation-fio-randwrite-cores1,pcm_imc,read_activations,SKT0CHAN1,30,337567.0,events
correlation-fio-randwrite-cores1,pcm_imc,read_activations,SKT0CHAN1,31,333712.0,events
correlation-fio-randwrite-cores1,pcm_imc,read_activations,SKT0CHAN1,32,333211.0,events
correlation-fio-randwrite-cores1,pcm_imc,read_activations,SKT0CHAN1,33,316670.0,events
correlation-fio-randwrite-cores1,pcm_imc,read_activations,SKT0CHAN1,34,332584.0,events
correlation-fio-randwrite-cores1,pcm_imc,read_activations,SKT0CHAN1,35,323105.0,events
correlation-fio-randwrite-cores1,pcm_imc,read_activations,SKT0CHAN1,36,337645.0,events
correlation-fio-randwrite-cores1,pcm_imc,read_activations,SKT0CHAN1,37,329789.0,events
correlation-fio-randwrite-cores1,pcm_imc,read_activations,SKT0CHAN1,38,332945.0,events
correlation-fio-randwrite-cores1,pcm_imc,read_activations,SKT0CHAN1,39,323906.0,events
correlation-fio-randwrite-cores1,pcm_imc,read_activations,SKT0CHAN1,40,316250.0,events
correlation-fio-randwrite-cores1,pcm_imc,read_activations,SKT0CHAN1,41,333428.0,events
correlation-fio-randwrite-cores1,pcm_imc,read_activations,SKT0CHAN1,42,330156.0,events
correlation-fio-randwrite-cores1,pcm_imc,read_activations,SKT0CHAN1,43,328577.0,events
correlation-fio-randwrite-cores1,pcm_imc,read_activations,SKT0CHAN1,44,313775.0,events
correlation-fio-randwrite-cores1,pcm_imc,read_activations,SKT0CHAN1,45,326257.0,events
correlation-fio-randwrite-cores1,pcm_imc,read_activations,SKT0CHAN1,46,348516.0,events
correlation-fio-randwrite-cores1,pcm_imc,read_activations,SKT0CHAN1,47,360459.0,events
correlation-fio-randwrite-cores1,pcm_imc,read_activations,SKT0CHAN1,48,341711.0,events
correlation-fio-randwrite-cores1,pcm_imc,read_activations,SKT0CHAN1,49,336834.0,events
correlation-fio-randwrite-cores1,pcm_imc,read_activations,SKT0CHAN1,50,309917.0,events
correlation-fio-randwrite-cores1,pcm_imc,read_activations,SKT0CHAN1,51,333215.0,events
correlation-fio-randwrite-cores1,pcm_imc,read_activations,SKT0CHAN1,52,333876.0,events
correlation-fio-randwrite-cores1,pcm_imc,read_activations,SKT0CHAN1,53,333434.0,events
correlation-fio-randwrite-cores1,pcm_imc,read_activations,SKT0CHAN1,54,331095.0,events
correlation-fio-randwrite-cores1,pcm_imc,read_activations,SKT0CHAN1,55,310937.0,events
correlation-fio-randwrite-cores1,pcm_imc,read_activations,SKT0CHAN1,56,329002.0,events
correlation-fio-randwrite-cores1,pcm_imc,read_activations,SKT0CHAN1,57,325930.0,events
correlation-fio-randwrite-cores1,pcm_imc,read_activations,SKT0CHAN1,58,333216.0,events
correlation-fio-randwrite-cores1,pcm_imc,read_activations,SKT0CHAN1,59,333926.0,events
correlation-fio-randwrite-cores1,pcm_imc,read_activations,SKT0CHAN2,0,460617.0,events
correlation-fio-randwrite-cores1,pcm_imc,read_activations,SKT0CHAN2,1,374934.0,events
correlation-fio-randwrite-cores1,pcm_imc,read_activations,SKT0CHAN2,2,369759.0,events
correlation-fio-randwrite-cores1,pcm_imc,read_activations,SKT0CHAN2,3,357636.0,events
correlation-fio-randwrite-cores1,pcm_imc,read_activations,SKT0CHAN2,4,356988.0,events
correlation-fio-randwrite-cores1,pcm_imc,read_activations,SKT0CHAN2,5,349937.0,events
correlation-fio-randwrite-cores1,pcm_imc,read_activations,SKT0CHAN2,6,347379.0,events
correlation-fio-randwrite-cores1,pcm_imc,read_activations,SKT0CHAN2,7,318401.0,events
correlation-fio-randwrite-cores1,pcm_imc,read_activations,SKT0CHAN2,8,340277.0,events
correlation-fio-randwrite-cores1,pcm_imc,read_activations,SKT0CHAN2,9,346085.0,events
correlation-fio-randwrite-cores1,pcm_imc,read_activations,SKT0CHAN2,10,343019.0,events
correlation-fio-randwrite-cores1,pcm_imc,read_activations,SKT0CHAN2,11,343999.0,events
correlation-fio-randwrite-cores1,pcm_imc,read_activations,SKT0CHAN2,12,316172.0,events
correlation-fio-randwrite-cores1,pcm_imc,read_activations,SKT0CHAN2,13,573649.0,events
correlation-fio-randwrite-cores1,pcm_imc,read_activations,SKT0CHAN2,14,407952.0,events
correlation-fio-randwrite-cores1,pcm_imc,read_activations,SKT0CHAN2,15,383403.0,events
correlation-fio-randwrite-cores1,pcm_imc,read_activations,SKT0CHAN2,16,366908.0,events
correlation-fio-randwrite-cores1,pcm_imc,read_activations,SKT0CHAN2,17,375042.0,events
correlation-fio-randwrite-cores1,pcm_imc,read_activations,SKT0CHAN2,18,358066.0,events
correlation-fio-randwrite-cores1,pcm_imc,read_activations,SKT0CHAN2,19,371443.0,events
correlation-fio-randwrite-cores1,pcm_imc,read_activations,SKT0CHAN2,20,379513.0,events
correlation-fio-randwrite-cores1,pcm_imc,read_activations,SKT0CHAN2,21,354317.0,events
correlation-fio-randwrite-cores1,pcm_imc,read_activations,SKT0CHAN2,22,348497.0,events
correlation-fio-randwrite-cores1,pcm_imc,read_activations,SKT0CHAN2,23,321773.0,events
correlation-fio-randwrite-cores1,pcm_imc,read_activations,SKT0CHAN2,24,347260.0,events
correlation-fio-randwrite-cores1,pcm_imc,read_activations,SKT0CHAN2,25,342338.0,events
correlation-fio-randwrite-cores1,pcm_imc,read_activations,SKT0CHAN2,26,345039.0,events
correlation-fio-randwrite-cores1,pcm_imc,read_activations,SKT0CHAN2,27,337445.0,events
correlation-fio-randwrite-cores1,pcm_imc,read_activations,SKT0CHAN2,28,333324.0,events
correlation-fio-randwrite-cores1,pcm_imc,read_activations,SKT0CHAN2,29,321267.0,events
correlation-fio-randwrite-cores1,pcm_imc,read_activations,SKT0CHAN2,30,348548.0,events
correlation-fio-randwrite-cores1,pcm_imc,read_activations,SKT0CHAN2,31,342183.0,events
correlation-fio-randwrite-cores1,pcm_imc,read_activations,SKT0CHAN2,32,341293.0,events
correlation-fio-randwrite-cores1,pcm_imc,read_activations,SKT0CHAN2,33,325741.0,events
correlation-fio-randwrite-cores1,pcm_imc,read_activations,SKT0CHAN2,34,339759.0,events
correlation-fio-randwrite-cores1,pcm_imc,read_activations,SKT0CHAN2,35,330343.0,events
correlation-fio-randwrite-cores1,pcm_imc,read_activations,SKT0CHAN2,36,344124.0,events
correlation-fio-randwrite-cores1,pcm_imc,read_activations,SKT0CHAN2,37,334976.0,events
correlation-fio-randwrite-cores1,pcm_imc,read_activations,SKT0CHAN2,38,338381.0,events
correlation-fio-randwrite-cores1,pcm_imc,read_activations,SKT0CHAN2,39,330009.0,events
correlation-fio-randwrite-cores1,pcm_imc,read_activations,SKT0CHAN2,40,318125.0,events
correlation-fio-randwrite-cores1,pcm_imc,read_activations,SKT0CHAN2,41,337902.0,events
correlation-fio-randwrite-cores1,pcm_imc,read_activations,SKT0CHAN2,42,333188.0,events
correlation-fio-randwrite-cores1,pcm_imc,read_activations,SKT0CHAN2,43,332515.0,events
correlation-fio-randwrite-cores1,pcm_imc,read_activations,SKT0CHAN2,44,317540.0,events
correlation-fio-randwrite-cores1,pcm_imc,read_activations,SKT0CHAN2,45,329317.0,events
correlation-fio-randwrite-cores1,pcm_imc,read_activations,SKT0CHAN2,46,352759.0,events
correlation-fio-randwrite-cores1,pcm_imc,read_activations,SKT0CHAN2,47,372241.0,events
correlation-fio-randwrite-cores1,pcm_imc,read_activations,SKT0CHAN2,48,357058.0,events
correlation-fio-randwrite-cores1,pcm_imc,read_activations,SKT0CHAN2,49,351123.0,events
correlation-fio-randwrite-cores1,pcm_imc,read_activations,SKT0CHAN2,50,322347.0,events
correlation-fio-randwrite-cores1,pcm_imc,read_activations,SKT0CHAN2,51,343880.0,events
correlation-fio-randwrite-cores1,pcm_imc,read_activations,SKT0CHAN2,52,343815.0,events
correlation-fio-randwrite-cores1,pcm_imc,read_activations,SKT0CHAN2,53,339558.0,events
correlation-fio-randwrite-cores1,pcm_imc,read_activations,SKT0CHAN2,54,340227.0,events
correlation-fio-randwrite-cores1,pcm_imc,read_activations,SKT0CHAN2,55,315155.0,events
correlation-fio-randwrite-cores1,pcm_imc,read_activations,SKT0CHAN2,56,335561.0,events
correlation-fio-randwrite-cores1,pcm_imc,read_activations,SKT0CHAN2,57,329827.0,events
correlation-fio-randwrite-cores1,pcm_imc,read_activations,SKT0CHAN2,58,337342.0,events
correlation-fio-randwrite-cores1,pcm_imc,read_activations,SKT0CHAN2,59,338337.0,events
correlation-fio-randwrite-cores1,pcm_imc,read_activations,SKT0CHAN3,0,388131.0,events
correlation-fio-randwrite-cores1,pcm_imc,read_activations,SKT0CHAN3,1,336634.0,events
correlation-fio-randwrite-cores1,pcm_imc,read_activations,SKT0CHAN3,2,339657.0,events
correlation-fio-randwrite-cores1,pcm_imc,read_activations,SKT0CHAN3,3,335177.0,events
correlation-fio-randwrite-cores1,pcm_imc,read_activations,SKT0CHAN3,4,339095.0,events
correlation-fio-randwrite-cores1,pcm_imc,read_activations,SKT0CHAN3,5,336212.0,events
correlation-fio-randwrite-cores1,pcm_imc,read_activations,SKT0CHAN3,6,334807.0,events
correlation-fio-randwrite-cores1,pcm_imc,read_activations,SKT0CHAN3,7,307776.0,events
correlation-fio-randwrite-cores1,pcm_imc,read_activations,SKT0CHAN3,8,331196.0,events
correlation-fio-randwrite-cores1,pcm_imc,read_activations,SKT0CHAN3,9,336152.0,events
correlation-fio-randwrite-cores1,pcm_imc,read_activations,SKT0CHAN3,10,334894.0,events
correlation-fio-randwrite-cores1,pcm_imc,read_activations,SKT0CHAN3,11,331995.0,events
correlation-fio-randwrite-cores1,pcm_imc,read_activations,SKT0CHAN3,12,309517.0,events
correlation-fio-randwrite-cores1,pcm_imc,read_activations,SKT0CHAN3,13,474883.0,events
correlation-fio-randwrite-cores1,pcm_imc,read_activations,SKT0CHAN3,14,360826.0,events
correlation-fio-randwrite-cores1,pcm_imc,read_activations,SKT0CHAN3,15,349970.0,events
correlation-fio-randwrite-cores1,pcm_imc,read_activations,SKT0CHAN3,16,343957.0,events
correlation-fio-randwrite-cores1,pcm_imc,read_activations,SKT0CHAN3,17,352142.0,events
correlation-fio-randwrite-cores1,pcm_imc,read_activations,SKT0CHAN3,18,332387.0,events
correlation-fio-randwrite-cores1,pcm_imc,read_activations,SKT0CHAN3,19,351219.0,events
correlation-fio-randwrite-cores1,pcm_imc,read_activations,SKT0CHAN3,20,356627.0,events
correlation-fio-randwrite-cores1,pcm_imc,read_activations,SKT0CHAN3,21,339392.0,events
correlation-fio-randwrite-cores1,pcm_imc,read_activations,SKT0CHAN3,22,335901.0,events
correlation-fio-randwrite-cores1,pcm_imc,read_activations,SKT0CHAN3,23,313307.0,events
correlation-fio-randwrite-cores1,pcm_imc,read_activations,SKT0CHAN3,24,336717.0,events
correlation-fio-randwrite-cores1,pcm_imc,read_activations,SKT0CHAN3,25,335685.0,events
correlation-fio-randwrite-cores1,pcm_imc,read_activations,SKT0CHAN3,26,337164.0,events
correlation-fio-randwrite-cores1,pcm_imc,read_activations,SKT0CHAN3,27,333266.0,events
correlation-fio-randwrite-cores1,pcm_imc,read_activations,SKT0CHAN3,28,326077.0,events
correlation-fio-randwrite-cores1,pcm_imc,read_activations,SKT0CHAN3,29,316314.0,events
correlation-fio-randwrite-cores1,pcm_imc,read_activations,SKT0CHAN3,30,337934.0,events
correlation-fio-randwrite-cores1,pcm_imc,read_activations,SKT0CHAN3,31,334534.0,events
correlation-fio-randwrite-cores1,pcm_imc,read_activations,SKT0CHAN3,32,334461.0,events
correlation-fio-randwrite-cores1,pcm_imc,read_activations,SKT0CHAN3,33,317617.0,events
correlation-fio-randwrite-cores1,pcm_imc,read_activations,SKT0CHAN3,34,333101.0,events
correlation-fio-randwrite-cores1,pcm_imc,read_activations,SKT0CHAN3,35,324052.0,events
correlation-fio-randwrite-cores1,pcm_imc,read_activations,SKT0CHAN3,36,338361.0,events
correlation-fio-randwrite-cores1,pcm_imc,read_activations,SKT0CHAN3,37,329808.0,events
correlation-fio-randwrite-cores1,pcm_imc,read_activations,SKT0CHAN3,38,333051.0,events
correlation-fio-randwrite-cores1,pcm_imc,read_activations,SKT0CHAN3,39,324342.0,events
correlation-fio-randwrite-cores1,pcm_imc,read_activations,SKT0CHAN3,40,316579.0,events
correlation-fio-randwrite-cores1,pcm_imc,read_activations,SKT0CHAN3,41,334662.0,events
correlation-fio-randwrite-cores1,pcm_imc,read_activations,SKT0CHAN3,42,330452.0,events
correlation-fio-randwrite-cores1,pcm_imc,read_activations,SKT0CHAN3,43,329276.0,events
correlation-fio-randwrite-cores1,pcm_imc,read_activations,SKT0CHAN3,44,314422.0,events
correlation-fio-randwrite-cores1,pcm_imc,read_activations,SKT0CHAN3,45,326738.0,events
correlation-fio-randwrite-cores1,pcm_imc,read_activations,SKT0CHAN3,46,348501.0,events
correlation-fio-randwrite-cores1,pcm_imc,read_activations,SKT0CHAN3,47,360794.0,events
correlation-fio-randwrite-cores1,pcm_imc,read_activations,SKT0CHAN3,48,341144.0,events
correlation-fio-randwrite-cores1,pcm_imc,read_activations,SKT0CHAN3,49,336236.0,events
correlation-fio-randwrite-cores1,pcm_imc,read_activations,SKT0CHAN3,50,309507.0,events
correlation-fio-randwrite-cores1,pcm_imc,read_activations,SKT0CHAN3,51,333272.0,events
correlation-fio-randwrite-cores1,pcm_imc,read_activations,SKT0CHAN3,52,333517.0,events
correlation-fio-randwrite-cores1,pcm_imc,read_activations,SKT0CHAN3,53,332276.0,events
correlation-fio-randwrite-cores1,pcm_imc,read_activations,SKT0CHAN3,54,330975.0,events
correlation-fio-randwrite-cores1,pcm_imc,read_activations,SKT0CHAN3,55,310448.0,events
correlation-fio-randwrite-cores1,pcm_imc,read_activations,SKT0CHAN3,56,329095.0,events
correlation-fio-randwrite-cores1,pcm_imc,read_activations,SKT0CHAN3,57,325458.0,events
correlation-fio-randwrite-cores1,pcm_imc,read_activations,SKT0CHAN3,58,333046.0,events
correlation-fio-randwrite-cores1,pcm_imc,read_activations,SKT0CHAN3,59,333578.0,events
correlation-fio-randwrite-cores1,pcm_imc,read_activations,SKT0CHAN4,0,458259.0,events
correlation-fio-randwrite-cores1,pcm_imc,read_activations,SKT0CHAN4,1,377489.0,events
correlation-fio-randwrite-cores1,pcm_imc,read_activations,SKT0CHAN4,2,374046.0,events
correlation-fio-randwrite-cores1,pcm_imc,read_activations,SKT0CHAN4,3,360188.0,events
correlation-fio-randwrite-cores1,pcm_imc,read_activations,SKT0CHAN4,4,357075.0,events
correlation-fio-randwrite-cores1,pcm_imc,read_activations,SKT0CHAN4,5,351173.0,events
correlation-fio-randwrite-cores1,pcm_imc,read_activations,SKT0CHAN4,6,350800.0,events
correlation-fio-randwrite-cores1,pcm_imc,read_activations,SKT0CHAN4,7,322416.0,events
correlation-fio-randwrite-cores1,pcm_imc,read_activations,SKT0CHAN4,8,342570.0,events
correlation-fio-randwrite-cores1,pcm_imc,read_activations,SKT0CHAN4,9,346460.0,events
correlation-fio-randwrite-cores1,pcm_imc,read_activations,SKT0CHAN4,10,342461.0,events
correlation-fio-randwrite-cores1,pcm_imc,read_activations,SKT0CHAN4,11,342575.0,events
correlation-fio-randwrite-cores1,pcm_imc,read_activations,SKT0CHAN4,12,315188.0,events
correlation-fio-randwrite-cores1,pcm_imc,read_activations,SKT0CHAN4,13,574338.0,events
correlation-fio-randwrite-cores1,pcm_imc,read_activations,SKT0CHAN4,14,408422.0,events
correlation-fio-randwrite-cores1,pcm_imc,read_activations,SKT0CHAN4,15,381793.0,events
correlation-fio-randwrite-cores1,pcm_imc,read_activations,SKT0CHAN4,16,362833.0,events
correlation-fio-randwrite-cores1,pcm_imc,read_activations,SKT0CHAN4,17,368070.0,events
correlation-fio-randwrite-cores1,pcm_imc,read_activations,SKT0CHAN4,18,352299.0,events
correlation-fio-randwrite-cores1,pcm_imc,read_activations,SKT0CHAN4,19,364157.0,events
correlation-fio-randwrite-cores1,pcm_imc,read_activations,SKT0CHAN4,20,374672.0,events
correlation-fio-randwrite-cores1,pcm_imc,read_activations,SKT0CHAN4,21,349599.0,events
correlation-fio-randwrite-cores1,pcm_imc,read_activations,SKT0CHAN4,22,345027.0,events
correlation-fio-randwrite-cores1,pcm_imc,read_activations,SKT0CHAN4,23,319624.0,events
correlation-fio-randwrite-cores1,pcm_imc,read_activations,SKT0CHAN4,24,345171.0,events
correlation-fio-randwrite-cores1,pcm_imc,read_activations,SKT0CHAN4,25,341834.0,events
correlation-fio-randwrite-cores1,pcm_imc,read_activations,SKT0CHAN4,26,345054.0,events
correlation-fio-randwrite-cores1,pcm_imc,read_activations,SKT0CHAN4,27,337439.0,events
correlation-fio-randwrite-cores1,pcm_imc,read_activations,SKT0CHAN4,28,334218.0,events
correlation-fio-randwrite-cores1,pcm_imc,read_activations,SKT0CHAN4,29,321886.0,events
correlation-fio-randwrite-cores1,pcm_imc,read_activations,SKT0CHAN4,30,348046.0,events
correlation-fio-randwrite-cores1,pcm_imc,read_activations,SKT0CHAN4,31,342557.0,events
correlation-fio-randwrite-cores1,pcm_imc,read_activations,SKT0CHAN4,32,341860.0,events
correlation-fio-randwrite-cores1,pcm_imc,read_activations,SKT0CHAN4,33,325850.0,events
correlation-fio-randwrite-cores1,pcm_imc,read_activations,SKT0CHAN4,34,339667.0,events
correlation-fio-randwrite-cores1,pcm_imc,read_activations,SKT0CHAN4,35,330612.0,events
correlation-fio-randwrite-cores1,pcm_imc,read_activations,SKT0CHAN4,36,344641.0,events
correlation-fio-randwrite-cores1,pcm_imc,read_activations,SKT0CHAN4,37,335502.0,events
correlation-fio-randwrite-cores1,pcm_imc,read_activations,SKT0CHAN4,38,339287.0,events
correlation-fio-randwrite-cores1,pcm_imc,read_activations,SKT0CHAN4,39,333763.0,events
correlation-fio-randwrite-cores1,pcm_imc,read_activations,SKT0CHAN4,40,320681.0,events
correlation-fio-randwrite-cores1,pcm_imc,read_activations,SKT0CHAN4,41,341751.0,events
correlation-fio-randwrite-cores1,pcm_imc,read_activations,SKT0CHAN4,42,336278.0,events
correlation-fio-randwrite-cores1,pcm_imc,read_activations,SKT0CHAN4,43,336617.0,events
correlation-fio-randwrite-cores1,pcm_imc,read_activations,SKT0CHAN4,44,321115.0,events
correlation-fio-randwrite-cores1,pcm_imc,read_activations,SKT0CHAN4,45,333747.0,events
correlation-fio-randwrite-cores1,pcm_imc,read_activations,SKT0CHAN4,46,357247.0,events
correlation-fio-randwrite-cores1,pcm_imc,read_activations,SKT0CHAN4,47,380834.0,events
correlation-fio-randwrite-cores1,pcm_imc,read_activations,SKT0CHAN4,48,364991.0,events
correlation-fio-randwrite-cores1,pcm_imc,read_activations,SKT0CHAN4,49,358242.0,events
correlation-fio-randwrite-cores1,pcm_imc,read_activations,SKT0CHAN4,50,329239.0,events
correlation-fio-randwrite-cores1,pcm_imc,read_activations,SKT0CHAN4,51,347185.0,events
correlation-fio-randwrite-cores1,pcm_imc,read_activations,SKT0CHAN4,52,346160.0,events
correlation-fio-randwrite-cores1,pcm_imc,read_activations,SKT0CHAN4,53,340486.0,events
correlation-fio-randwrite-cores1,pcm_imc,read_activations,SKT0CHAN4,54,340967.0,events
correlation-fio-randwrite-cores1,pcm_imc,read_activations,SKT0CHAN4,55,315504.0,events
correlation-fio-randwrite-cores1,pcm_imc,read_activations,SKT0CHAN4,56,335972.0,events
correlation-fio-randwrite-cores1,pcm_imc,read_activations,SKT0CHAN4,57,330930.0,events
correlation-fio-randwrite-cores1,pcm_imc,read_activations,SKT0CHAN4,58,339099.0,events
correlation-fio-randwrite-cores1,pcm_imc,read_activations,SKT0CHAN4,59,340376.0,events
correlation-fio-randwrite-cores1,pcm_imc,read_activations,SKT0CHAN5,0,459266.0,events
correlation-fio-randwrite-cores1,pcm_imc,read_activations,SKT0CHAN5,1,375398.0,events
correlation-fio-randwrite-cores1,pcm_imc,read_activations,SKT0CHAN5,2,371232.0,events
correlation-fio-randwrite-cores1,pcm_imc,read_activations,SKT0CHAN5,3,357917.0,events
correlation-fio-randwrite-cores1,pcm_imc,read_activations,SKT0CHAN5,4,357193.0,events
correlation-fio-randwrite-cores1,pcm_imc,read_activations,SKT0CHAN5,5,352244.0,events
correlation-fio-randwrite-cores1,pcm_imc,read_activations,SKT0CHAN5,6,351692.0,events
correlation-fio-randwrite-cores1,pcm_imc,read_activations,SKT0CHAN5,7,322902.0,events
correlation-fio-randwrite-cores1,pcm_imc,read_activations,SKT0CHAN5,8,343565.0,events
correlation-fio-randwrite-cores1,pcm_imc,read_activations,SKT0CHAN5,9,346962.0,events
correlation-fio-randwrite-cores1,pcm_imc,read_activations,SKT0CHAN5,10,343364.0,events
correlation-fio-randwrite-cores1,pcm_imc,read_activations,SKT0CHAN5,11,343214.0,events
correlation-fio-randwrite-cores1,pcm_imc,read_activations,SKT0CHAN5,12,315492.0,events
correlation-fio-randwrite-cores1,pcm_imc,read_activations,SKT0CHAN5,13,574810.0,events
correlation-fio-randwrite-cores1,pcm_imc,read_activations,SKT0CHAN5,14,408741.0,events
correlation-fio-randwrite-cores1,pcm_imc,read_activations,SKT0CHAN5,15,388564.0,events
correlation-fio-randwrite-cores1,pcm_imc,read_activations,SKT0CHAN5,16,368729.0,events
correlation-fio-randwrite-cores1,pcm_imc,read_activations,SKT0CHAN5,17,372971.0,events
correlation-fio-randwrite-cores1,pcm_imc,read_activations,SKT0CHAN5,18,354284.0,events
correlation-fio-randwrite-cores1,pcm_imc,read_activations,SKT0CHAN5,19,368224.0,events
correlation-fio-randwrite-cores1,pcm_imc,read_activations,SKT0CHAN5,20,379022.0,events
correlation-fio-randwrite-cores1,pcm_imc,read_activations,SKT0CHAN5,21,353747.0,events
correlation-fio-randwrite-cores1,pcm_imc,read_activations,SKT0CHAN5,22,348683.0,events
correlation-fio-randwrite-cores1,pcm_imc,read_activations,SKT0CHAN5,23,322133.0,events
correlation-fio-randwrite-cores1,pcm_imc,read_activations,SKT0CHAN5,24,349058.0,events
correlation-fio-randwrite-cores1,pcm_imc,read_activations,SKT0CHAN5,25,344020.0,events
correlation-fio-randwrite-cores1,pcm_imc,read_activations,SKT0CHAN5,26,347060.0,events
correlation-fio-randwrite-cores1,pcm_imc,read_activations,SKT0CHAN5,27,339079.0,events
correlation-fio-randwrite-cores1,pcm_imc,read_activations,SKT0CHAN5,28,334988.0,events
correlation-fio-randwrite-cores1,pcm_imc,read_activations,SKT0CHAN5,29,321621.0,events
correlation-fio-randwrite-cores1,pcm_imc,read_activations,SKT0CHAN5,30,346200.0,events
correlation-fio-randwrite-cores1,pcm_imc,read_activations,SKT0CHAN5,31,340408.0,events
correlation-fio-randwrite-cores1,pcm_imc,read_activations,SKT0CHAN5,32,340338.0,events
correlation-fio-randwrite-cores1,pcm_imc,read_activations,SKT0CHAN5,33,324636.0,events
correlation-fio-randwrite-cores1,pcm_imc,read_activations,SKT0CHAN5,34,339303.0,events
correlation-fio-randwrite-cores1,pcm_imc,read_activations,SKT0CHAN5,35,330569.0,events
correlation-fio-randwrite-cores1,pcm_imc,read_activations,SKT0CHAN5,36,344086.0,events
correlation-fio-randwrite-cores1,pcm_imc,read_activations,SKT0CHAN5,37,334707.0,events
correlation-fio-randwrite-cores1,pcm_imc,read_activations,SKT0CHAN5,38,337849.0,events
correlation-fio-randwrite-cores1,pcm_imc,read_activations,SKT0CHAN5,39,332191.0,events
correlation-fio-randwrite-cores1,pcm_imc,read_activations,SKT0CHAN5,40,319706.0,events
correlation-fio-randwrite-cores1,pcm_imc,read_activations,SKT0CHAN5,41,339978.0,events
correlation-fio-randwrite-cores1,pcm_imc,read_activations,SKT0CHAN5,42,334358.0,events
correlation-fio-randwrite-cores1,pcm_imc,read_activations,SKT0CHAN5,43,334550.0,events
correlation-fio-randwrite-cores1,pcm_imc,read_activations,SKT0CHAN5,44,318197.0,events
correlation-fio-randwrite-cores1,pcm_imc,read_activations,SKT0CHAN5,45,331572.0,events
correlation-fio-randwrite-cores1,pcm_imc,read_activations,SKT0CHAN5,46,355991.0,events
correlation-fio-randwrite-cores1,pcm_imc,read_activations,SKT0CHAN5,47,375383.0,events
correlation-fio-randwrite-cores1,pcm_imc,read_activations,SKT0CHAN5,48,356154.0,events
correlation-fio-randwrite-cores1,pcm_imc,read_activations,SKT0CHAN5,49,352345.0,events
correlation-fio-randwrite-cores1,pcm_imc,read_activations,SKT0CHAN5,50,323240.0,events
correlation-fio-randwrite-cores1,pcm_imc,read_activations,SKT0CHAN5,51,344257.0,events
correlation-fio-randwrite-cores1,pcm_imc,read_activations,SKT0CHAN5,52,344471.0,events
correlation-fio-randwrite-cores1,pcm_imc,read_activations,SKT0CHAN5,53,339800.0,events
correlation-fio-randwrite-cores1,pcm_imc,read_activations,SKT0CHAN5,54,339488.0,events
correlation-fio-randwrite-cores1,pcm_imc,read_activations,SKT0CHAN5,55,314979.0,events
correlation-fio-randwrite-cores1,pcm_imc,read_activations,SKT0CHAN5,56,334444.0,events
correlation-fio-randwrite-cores1,pcm_imc,read_activations,SKT0CHAN5,57,330038.0,events
correlation-fio-randwrite-cores1,pcm_imc,read_activations,SKT0CHAN5,58,338993.0,events
correlation-fio-randwrite-cores1,pcm_imc,read_activations,SKT0CHAN5,59,341066.0,events
correlation-fio-randwrite-cores1,pcm_imc,read_activations,SKT0CHAN6,0,459170.0,events
correlation-fio-randwrite-cores1,pcm_imc,read_activations,SKT0CHAN6,1,376896.0,events
correlation-fio-randwrite-cores1,pcm_imc,read_activations,SKT0CHAN6,2,370555.0,events
correlation-fio-randwrite-cores1,pcm_imc,read_activations,SKT0CHAN6,3,359180.0,events
correlation-fio-randwrite-cores1,pcm_imc,read_activations,SKT0CHAN6,4,358926.0,events
correlation-fio-randwrite-cores1,pcm_imc,read_activations,SKT0CHAN6,5,353121.0,events
correlation-fio-randwrite-cores1,pcm_imc,read_activations,SKT0CHAN6,6,351570.0,events
correlation-fio-randwrite-cores1,pcm_imc,read_activations,SKT0CHAN6,7,322138.0,events
correlation-fio-randwrite-cores1,pcm_imc,read_activations,SKT0CHAN6,8,342764.0,events
correlation-fio-randwrite-cores1,pcm_imc,read_activations,SKT0CHAN6,9,347409.0,events
correlation-fio-randwrite-cores1,pcm_imc,read_activations,SKT0CHAN6,10,343764.0,events
correlation-fio-randwrite-cores1,pcm_imc,read_activations,SKT0CHAN6,11,343813.0,events
correlation-fio-randwrite-cores1,pcm_imc,read_activations,SKT0CHAN6,12,316455.0,events
correlation-fio-randwrite-cores1,pcm_imc,read_activations,SKT0CHAN6,13,578392.0,events
correlation-fio-randwrite-cores1,pcm_imc,read_activations,SKT0CHAN6,14,408073.0,events
correlation-fio-randwrite-cores1,pcm_imc,read_activations,SKT0CHAN6,15,387295.0,events
correlation-fio-randwrite-cores1,pcm_imc,read_activations,SKT0CHAN6,16,368503.0,events
correlation-fio-randwrite-cores1,pcm_imc,read_activations,SKT0CHAN6,17,371870.0,events
correlation-fio-randwrite-cores1,pcm_imc,read_activations,SKT0CHAN6,18,353170.0,events
correlation-fio-randwrite-cores1,pcm_imc,read_activations,SKT0CHAN6,19,366496.0,events
correlation-fio-randwrite-cores1,pcm_imc,read_activations,SKT0CHAN6,20,376895.0,events
correlation-fio-randwrite-cores1,pcm_imc,read_activations,SKT0CHAN6,21,351917.0,events
correlation-fio-randwrite-cores1,pcm_imc,read_activations,SKT0CHAN6,22,347329.0,events
correlation-fio-randwrite-cores1,pcm_imc,read_activations,SKT0CHAN6,23,321828.0,events
correlation-fio-randwrite-cores1,pcm_imc,read_activations,SKT0CHAN6,24,348587.0,events
correlation-fio-randwrite-cores1,pcm_imc,read_activations,SKT0CHAN6,25,344362.0,events
correlation-fio-randwrite-cores1,pcm_imc,read_activations,SKT0CHAN6,26,347379.0,events
correlation-fio-randwrite-cores1,pcm_imc,read_activations,SKT0CHAN6,27,340354.0,events
correlation-fio-randwrite-cores1,pcm_imc,read_activations,SKT0CHAN6,28,336050.0,events
correlation-fio-randwrite-cores1,pcm_imc,read_activations,SKT0CHAN6,29,323524.0,events
correlation-fio-randwrite-cores1,pcm_imc,read_activations,SKT0CHAN6,30,350033.0,events
correlation-fio-randwrite-cores1,pcm_imc,read_activations,SKT0CHAN6,31,343287.0,events
correlation-fio-randwrite-cores1,pcm_imc,read_activations,SKT0CHAN6,32,342659.0,events
correlation-fio-randwrite-cores1,pcm_imc,read_activations,SKT0CHAN6,33,326443.0,events
correlation-fio-randwrite-cores1,pcm_imc,read_activations,SKT0CHAN6,34,341365.0,events
correlation-fio-randwrite-cores1,pcm_imc,read_activations,SKT0CHAN6,35,331965.0,events
correlation-fio-randwrite-cores1,pcm_imc,read_activations,SKT0CHAN6,36,346818.0,events
correlation-fio-randwrite-cores1,pcm_imc,read_activations,SKT0CHAN6,37,338936.0,events
correlation-fio-randwrite-cores1,pcm_imc,read_activations,SKT0CHAN6,38,341881.0,events
correlation-fio-randwrite-cores1,pcm_imc,read_activations,SKT0CHAN6,39,335607.0,events
correlation-fio-randwrite-cores1,pcm_imc,read_activations,SKT0CHAN6,40,322483.0,events
correlation-fio-randwrite-cores1,pcm_imc,read_activations,SKT0CHAN6,41,343156.0,events
correlation-fio-randwrite-cores1,pcm_imc,read_activations,SKT0CHAN6,42,336440.0,events
correlation-fio-randwrite-cores1,pcm_imc,read_activations,SKT0CHAN6,43,335427.0,events
correlation-fio-randwrite-cores1,pcm_imc,read_activations,SKT0CHAN6,44,318905.0,events
correlation-fio-randwrite-cores1,pcm_imc,read_activations,SKT0CHAN6,45,330846.0,events
correlation-fio-randwrite-cores1,pcm_imc,read_activations,SKT0CHAN6,46,355465.0,events
correlation-fio-randwrite-cores1,pcm_imc,read_activations,SKT0CHAN6,47,376402.0,events
correlation-fio-randwrite-cores1,pcm_imc,read_activations,SKT0CHAN6,48,360866.0,events
correlation-fio-randwrite-cores1,pcm_imc,read_activations,SKT0CHAN6,49,355126.0,events
correlation-fio-randwrite-cores1,pcm_imc,read_activations,SKT0CHAN6,50,326652.0,events
correlation-fio-randwrite-cores1,pcm_imc,read_activations,SKT0CHAN6,51,346701.0,events
correlation-fio-randwrite-cores1,pcm_imc,read_activations,SKT0CHAN6,52,347378.0,events
correlation-fio-randwrite-cores1,pcm_imc,read_activations,SKT0CHAN6,53,343233.0,events
correlation-fio-randwrite-cores1,pcm_imc,read_activations,SKT0CHAN6,54,343202.0,events
correlation-fio-randwrite-cores1,pcm_imc,read_activations,SKT0CHAN6,55,317479.0,events
correlation-fio-randwrite-cores1,pcm_imc,read_activations,SKT0CHAN6,56,337766.0,events
correlation-fio-randwrite-cores1,pcm_imc,read_activations,SKT0CHAN6,57,332578.0,events
correlation-fio-randwrite-cores1,pcm_imc,read_activations,SKT0CHAN6,58,340371.0,events
correlation-fio-randwrite-cores1,pcm_imc,read_activations,SKT0CHAN6,59,341603.0,events
correlation-fio-randwrite-cores1,pcm_imc,read_activations,SKT0CHAN7,0,460845.0,events
correlation-fio-randwrite-cores1,pcm_imc,read_activations,SKT0CHAN7,1,376376.0,events
correlation-fio-randwrite-cores1,pcm_imc,read_activations,SKT0CHAN7,2,372915.0,events
correlation-fio-randwrite-cores1,pcm_imc,read_activations,SKT0CHAN7,3,361407.0,events
correlation-fio-randwrite-cores1,pcm_imc,read_activations,SKT0CHAN7,4,361273.0,events
correlation-fio-randwrite-cores1,pcm_imc,read_activations,SKT0CHAN7,5,354460.0,events
correlation-fio-randwrite-cores1,pcm_imc,read_activations,SKT0CHAN7,6,351892.0,events
correlation-fio-randwrite-cores1,pcm_imc,read_activations,SKT0CHAN7,7,321782.0,events
correlation-fio-randwrite-cores1,pcm_imc,read_activations,SKT0CHAN7,8,342735.0,events
correlation-fio-randwrite-cores1,pcm_imc,read_activations,SKT0CHAN7,9,345936.0,events
correlation-fio-randwrite-cores1,pcm_imc,read_activations,SKT0CHAN7,10,341767.0,events
correlation-fio-randwrite-cores1,pcm_imc,read_activations,SKT0CHAN7,11,341625.0,events
correlation-fio-randwrite-cores1,pcm_imc,read_activations,SKT0CHAN7,12,312241.0,events
correlation-fio-randwrite-cores1,pcm_imc,read_activations,SKT0CHAN7,13,575044.0,events
correlation-fio-randwrite-cores1,pcm_imc,read_activations,SKT0CHAN7,14,412892.0,events
correlation-fio-randwrite-cores1,pcm_imc,read_activations,SKT0CHAN7,15,384879.0,events
correlation-fio-randwrite-cores1,pcm_imc,read_activations,SKT0CHAN7,16,364128.0,events
correlation-fio-randwrite-cores1,pcm_imc,read_activations,SKT0CHAN7,17,368184.0,events
correlation-fio-randwrite-cores1,pcm_imc,read_activations,SKT0CHAN7,18,350663.0,events
correlation-fio-randwrite-cores1,pcm_imc,read_activations,SKT0CHAN7,19,360981.0,events
correlation-fio-randwrite-cores1,pcm_imc,read_activations,SKT0CHAN7,20,372494.0,events
correlation-fio-randwrite-cores1,pcm_imc,read_activations,SKT0CHAN7,21,349631.0,events
correlation-fio-randwrite-cores1,pcm_imc,read_activations,SKT0CHAN7,22,343095.0,events
correlation-fio-randwrite-cores1,pcm_imc,read_activations,SKT0CHAN7,23,318463.0,events
correlation-fio-randwrite-cores1,pcm_imc,read_activations,SKT0CHAN7,24,343268.0,events
correlation-fio-randwrite-cores1,pcm_imc,read_activations,SKT0CHAN7,25,340836.0,events
correlation-fio-randwrite-cores1,pcm_imc,read_activations,SKT0CHAN7,26,343107.0,events
correlation-fio-randwrite-cores1,pcm_imc,read_activations,SKT0CHAN7,27,337874.0,events
correlation-fio-randwrite-cores1,pcm_imc,read_activations,SKT0CHAN7,28,332758.0,events
correlation-fio-randwrite-cores1,pcm_imc,read_activations,SKT0CHAN7,29,320723.0,events
correlation-fio-randwrite-cores1,pcm_imc,read_activations,SKT0CHAN7,30,345857.0,events
correlation-fio-randwrite-cores1,pcm_imc,read_activations,SKT0CHAN7,31,339332.0,events
correlation-fio-randwrite-cores1,pcm_imc,read_activations,SKT0CHAN7,32,338712.0,events
correlation-fio-randwrite-cores1,pcm_imc,read_activations,SKT0CHAN7,33,320741.0,events
correlation-fio-randwrite-cores1,pcm_imc,read_activations,SKT0CHAN7,34,337541.0,events
correlation-fio-randwrite-cores1,pcm_imc,read_activations,SKT0CHAN7,35,328309.0,events
correlation-fio-randwrite-cores1,pcm_imc,read_activations,SKT0CHAN7,36,342805.0,events
correlation-fio-randwrite-cores1,pcm_imc,read_activations,SKT0CHAN7,37,334567.0,events
correlation-fio-randwrite-cores1,pcm_imc,read_activations,SKT0CHAN7,38,337047.0,events
correlation-fio-randwrite-cores1,pcm_imc,read_activations,SKT0CHAN7,39,329539.0,events
correlation-fio-randwrite-cores1,pcm_imc,read_activations,SKT0CHAN7,40,318215.0,events
correlation-fio-randwrite-cores1,pcm_imc,read_activations,SKT0CHAN7,41,338826.0,events
correlation-fio-randwrite-cores1,pcm_imc,read_activations,SKT0CHAN7,42,333999.0,events
correlation-fio-randwrite-cores1,pcm_imc,read_activations,SKT0CHAN7,43,333325.0,events
correlation-fio-randwrite-cores1,pcm_imc,read_activations,SKT0CHAN7,44,317608.0,events
correlation-fio-randwrite-cores1,pcm_imc,read_activations,SKT0CHAN7,45,330227.0,events
correlation-fio-randwrite-cores1,pcm_imc,read_activations,SKT0CHAN7,46,355590.0,events
correlation-fio-randwrite-cores1,pcm_imc,read_activations,SKT0CHAN7,47,376905.0,events
correlation-fio-randwrite-cores1,pcm_imc,read_activations,SKT0CHAN7,48,359010.0,events
correlation-fio-randwrite-cores1,pcm_imc,read_activations,SKT0CHAN7,49,353259.0,events
correlation-fio-randwrite-cores1,pcm_imc,read_activations,SKT0CHAN7,50,323519.0,events
correlation-fio-randwrite-cores1,pcm_imc,read_activations,SKT0CHAN7,51,344460.0,events
correlation-fio-randwrite-cores1,pcm_imc,read_activations,SKT0CHAN7,52,344802.0,events
correlation-fio-randwrite-cores1,pcm_imc,read_activations,SKT0CHAN7,53,340127.0,events
correlation-fio-randwrite-cores1,pcm_imc,read_activations,SKT0CHAN7,54,340074.0,events
correlation-fio-randwrite-cores1,pcm_imc,read_activations,SKT0CHAN7,55,315572.0,events
correlation-fio-randwrite-cores1,pcm_imc,read_activations,SKT0CHAN7,56,334938.0,events
correlation-fio-randwrite-cores1,pcm_imc,read_activations,SKT0CHAN7,57,328802.0,events
correlation-fio-randwrite-cores1,pcm_imc,read_activations,SKT0CHAN7,58,336627.0,events
correlation-fio-randwrite-cores1,pcm_imc,read_activations,SKT0CHAN7,59,337904.0,events
correlation-fio-randwrite-cores1,sar_concurrent,cpu_util,CORE0,0,2.0,percent
correlation-fio-randwrite-cores1,sar_concurrent,cpu_util,CORE0,1,0.0,percent
correlation-fio-randwrite-cores1,sar_concurrent,cpu_util,CORE0,2,0.0,percent
correlation-fio-randwrite-cores1,sar_concurrent,cpu_util,CORE0,3,0.0,percent
correlation-fio-randwrite-cores1,sar_concurrent,cpu_util,CORE0,4,0.0,percent
correlation-fio-randwrite-cores1,sar_concurrent,cpu_util,CORE0,5,0.0,percent
correlation-fio-randwrite-cores1,sar_concurrent,cpu_util,CORE0,6,0.0,percent
correlation-fio-randwrite-cores1,sar_concurrent,cpu_util,CORE0,7,0.0,percent
correlation-fio-randwrite-cores1,sar_concurrent,cpu_util,CORE0,8,0.0,percent
correlation-fio-randwrite-cores1,sar_concurrent,cpu_util,CORE0,9,0.0,percent
correlation-fio-randwrite-cores1,sar_concurrent,cpu_util,CORE0,10,0.0,percent
correlation-fio-randwrite-cores1,sar_concurrent,cpu_util,CORE0,11,0.0,percent
correlation-fio-randwrite-cores1,sar_concurrent,cpu_util,CORE0,12,0.0,percent
correlation-fio-randwrite-cores1,sar_concurrent,cpu_util,CORE0,13,0.0,percent
correlation-fio-randwrite-cores1,sar_concurrent,cpu_util,CORE0,14,0.0,percent
correlation-fio-randwrite-cores1,sar_concurrent,cpu_util,CORE0,15,0.0,percent
correlation-fio-randwrite-cores1,sar_concurrent,cpu_util,CORE0,16,0.0,percent
correlation-fio-randwrite-cores1,sar_concurrent,cpu_util,CORE0,17,0.0,percent
correlation-fio-randwrite-cores1,sar_concurrent,cpu_util,CORE0,18,0.0,percent
correlation-fio-randwrite-cores1,sar_concurrent,cpu_util,CORE0,19,0.0,percent
correlation-fio-randwrite-cores1,sar_concurrent,cpu_util,CORE0,20,0.0,percent
correlation-fio-randwrite-cores1,sar_concurrent,cpu_util,CORE0,21,0.0,percent
correlation-fio-randwrite-cores1,sar_concurrent,cpu_util,CORE0,22,0.0,percent
correlation-fio-randwrite-cores1,sar_concurrent,cpu_util,CORE0,23,0.0,percent
correlation-fio-randwrite-cores1,sar_concurrent,cpu_util,CORE0,24,0.0,percent
correlation-fio-randwrite-cores1,sar_concurrent,cpu_util,CORE0,25,0.0,percent
correlation-fio-randwrite-cores1,sar_concurrent,cpu_util,CORE0,26,0.0,percent
correlation-fio-randwrite-cores1,sar_concurrent,cpu_util,CORE0,27,0.0,percent
correlation-fio-randwrite-cores1,sar_concurrent,cpu_util,CORE0,28,0.0,percent
correlation-fio-randwrite-cores1,sar_concurrent,cpu_util,CORE0,29,0.0,percent
correlation-fio-randwrite-cores1,sar_concurrent,cpu_util,CORE0,30,0.0,percent
correlation-fio-randwrite-cores1,sar_concurrent,cpu_util,CORE0,31,0.0,percent
correlation-fio-randwrite-cores1,sar_concurrent,cpu_util,CORE0,32,0.0,percent
correlation-fio-randwrite-cores1,sar_concurrent,cpu_util,CORE0,33,0.0,percent
correlation-fio-randwrite-cores1,sar_concurrent,cpu_util,CORE0,34,0.0,percent
correlation-fio-randwrite-cores1,sar_concurrent,cpu_util,CORE0,35,0.0,percent
correlation-fio-randwrite-cores1,sar_concurrent,cpu_util,CORE0,36,0.0,percent
correlation-fio-randwrite-cores1,sar_concurrent,cpu_util,CORE0,37,0.0,percent
correlation-fio-randwrite-cores1,sar_concurrent,cpu_util,CORE0,38,1.0,percent
correlation-fio-randwrite-cores1,sar_concurrent,cpu_util,CORE0,39,0.0,percent
correlation-fio-randwrite-cores1,sar_concurrent,cpu_util,CORE0,40,0.0,percent
correlation-fio-randwrite-cores1,sar_concurrent,cpu_util,CORE0,41,0.0,percent
correlation-fio-randwrite-cores1,sar_concurrent,cpu_util,CORE0,42,0.0,percent
correlation-fio-randwrite-cores1,sar_concurrent,cpu_util,CORE0,43,0.0,percent
correlation-fio-randwrite-cores1,sar_concurrent,cpu_util,CORE0,44,0.0,percent
correlation-fio-randwrite-cores1,sar_concurrent,cpu_util,CORE0,45,0.0,percent
correlation-fio-randwrite-cores1,sar_concurrent,cpu_util,CORE0,46,0.0,percent
correlation-fio-randwrite-cores1,sar_concurrent,cpu_util,CORE0,47,0.0,percent
correlation-fio-randwrite-cores1,sar_concurrent,cpu_util,CORE0,48,0.0,percent
correlation-fio-randwrite-cores1,sar_concurrent,cpu_util,CORE0,49,0.0,percent
correlation-fio-randwrite-cores1,sar_concurrent,cpu_util,CORE0,50,0.0,percent
correlation-fio-randwrite-cores1,sar_concurrent,cpu_util,CORE0,51,0.0,percent
correlation-fio-randwrite-cores1,sar_concurrent,cpu_util,CORE0,52,0.0,percent
correlation-fio-randwrite-cores1,sar_concurrent,cpu_util,CORE0,53,0.0,percent
correlation-fio-randwrite-cores1,sar_concurrent,cpu_util,CORE0,54,0.0,percent
correlation-fio-randwrite-cores1,sar_concurrent,cpu_util,CORE0,55,0.0,percent
correlation-fio-randwrite-cores1,sar_concurrent,cpu_util,CORE0,56,0.0,percent
correlation-fio-randwrite-cores1,sar_concurrent,cpu_util,CORE0,57,0.0,percent
correlation-fio-randwrite-cores1,sar_concurrent,cpu_util,CORE0,58,0.99,percent
correlation-fio-randwrite-cores1,sar_concurrent,cpu_util,CORE0,59,0.0,percent
correlation-fio-randwrite-cores1,sar_concurrent,cpu_util,CORE1,0,1.0,percent
correlation-fio-randwrite-cores1,sar_concurrent,cpu_util,CORE1,1,0.0,percent
correlation-fio-randwrite-cores1,sar_concurrent,cpu_util,CORE1,2,0.0,percent
correlation-fio-randwrite-cores1,sar_concurrent,cpu_util,CORE1,3,0.0,percent
correlation-fio-randwrite-cores1,sar_concurrent,cpu_util,CORE1,4,0.0,percent
correlation-fio-randwrite-cores1,sar_concurrent,cpu_util,CORE1,5,0.0,percent
correlation-fio-randwrite-cores1,sar_concurrent,cpu_util,CORE1,6,0.0,percent
correlation-fio-randwrite-cores1,sar_concurrent,cpu_util,CORE1,7,0.0,percent
correlation-fio-randwrite-cores1,sar_concurrent,cpu_util,CORE1,8,0.0,percent
correlation-fio-randwrite-cores1,sar_concurrent,cpu_util,CORE1,9,0.0,percent
correlation-fio-randwrite-cores1,sar_concurrent,cpu_util,CORE1,10,0.0,percent
correlation-fio-randwrite-cores1,sar_concurrent,cpu_util,CORE1,11,0.0,percent
correlation-fio-randwrite-cores1,sar_concurrent,cpu_util,CORE1,12,0.0,percent
correlation-fio-randwrite-cores1,sar_concurrent,cpu_util,CORE1,13,0.0,percent
correlation-fio-randwrite-cores1,sar_concurrent,cpu_util,CORE1,14,0.0,percent
correlation-fio-randwrite-cores1,sar_concurrent,cpu_util,CORE1,15,0.0,percent
correlation-fio-randwrite-cores1,sar_concurrent,cpu_util,CORE1,16,0.0,percent
correlation-fio-randwrite-cores1,sar_concurrent,cpu_util,CORE1,17,0.0,percent
correlation-fio-randwrite-cores1,sar_concurrent,cpu_util,CORE1,18,0.0,percent
correlation-fio-randwrite-cores1,sar_concurrent,cpu_util,CORE1,19,0.0,percent
correlation-fio-randwrite-cores1,sar_concurrent,cpu_util,CORE1,20,0.0,percent
correlation-fio-randwrite-cores1,sar_concurrent,cpu_util,CORE1,21,0.0,percent
correlation-fio-randwrite-cores1,sar_concurrent,cpu_util,CORE1,22,0.0,percent
correlation-fio-randwrite-cores1,sar_concurrent,cpu_util,CORE1,23,0.0,percent
correlation-fio-randwrite-cores1,sar_concurrent,cpu_util,CORE1,24,0.0,percent
correlation-fio-randwrite-cores1,sar_concurrent,cpu_util,CORE1,25,0.0,percent
correlation-fio-randwrite-cores1,sar_concurrent,cpu_util,CORE1,26,0.0,percent
correlation-fio-randwrite-cores1,sar_concurrent,cpu_util,CORE1,27,0.0,percent
correlation-fio-randwrite-cores1,sar_concurrent,cpu_util,CORE1,28,0.0,percent
correlation-fio-randwrite-cores1,sar_concurrent,cpu_util,CORE1,29,0.0,percent
correlation-fio-randwrite-cores1,sar_concurrent,cpu_util,CORE1,30,0.0,percent
correlation-fio-randwrite-cores1,sar_concurrent,cpu_util,CORE1,31,0.0,percent
correlation-fio-randwrite-cores1,sar_concurrent,cpu_util,CORE1,32,0.0,percent
correlation-fio-randwrite-cores1,sar_concurrent,cpu_util,CORE1,33,0.0,percent
correlation-fio-randwrite-cores1,sar_concurrent,cpu_util,CORE1,34,0.0,percent
correlation-fio-randwrite-cores1,sar_concurrent,cpu_util,CORE1,35,0.0,percent
correlation-fio-randwrite-cores1,sar_concurrent,cpu_util,CORE1,36,0.0,percent
correlation-fio-randwrite-cores1,sar_concurrent,cpu_util,CORE1,37,0.0,percent
correlation-fio-randwrite-cores1,sar_concurrent,cpu_util,CORE1,38,0.0,percent
correlation-fio-randwrite-cores1,sar_concurrent,cpu_util,CORE1,39,0.0,percent
correlation-fio-randwrite-cores1,sar_concurrent,cpu_util,CORE1,40,0.0,percent
correlation-fio-randwrite-cores1,sar_concurrent,cpu_util,CORE1,41,0.0,percent
correlation-fio-randwrite-cores1,sar_concurrent,cpu_util,CORE1,42,0.0,percent
correlation-fio-randwrite-cores1,sar_concurrent,cpu_util,CORE1,43,0.0,percent
correlation-fio-randwrite-cores1,sar_concurrent,cpu_util,CORE1,44,0.0,percent
correlation-fio-randwrite-cores1,sar_concurrent,cpu_util,CORE1,45,0.0,percent
correlation-fio-randwrite-cores1,sar_concurrent,cpu_util,CORE1,46,0.0,percent
correlation-fio-randwrite-cores1,sar_concurrent,cpu_util,CORE1,47,0.0,percent
correlation-fio-randwrite-cores1,sar_concurrent,cpu_util,CORE1,48,0.0,percent
correlation-fio-randwrite-cores1,sar_concurrent,cpu_util,CORE1,49,0.0,percent
correlation-fio-randwrite-cores1,sar_concurrent,cpu_util,CORE1,50,0.0,percent
correlation-fio-randwrite-cores1,sar_concurrent,cpu_util,CORE1,51,0.0,percent
correlation-fio-randwrite-cores1,sar_concurrent,cpu_util,CORE1,52,0.0,percent
correlation-fio-randwrite-cores1,sar_concurrent,cpu_util,CORE1,53,0.0,percent
correlation-fio-randwrite-cores1,sar_concurrent,cpu_util,CORE1,54,0.0,percent
correlation-fio-randwrite-cores1,sar_concurrent,cpu_util,CORE1,55,0.0,percent
correlation-fio-randwrite-cores1,sar_concurrent,cpu_util,CORE1,56,0.0,percent
correlation-fio-randwrite-cores1,sar_concurrent,cpu_util,CORE1,57,0.0,percent
correlation-fio-randwrite-cores1,sar_concurrent,cpu_util,CORE1,58,0.0,percent
correlation-fio-randwrite-cores1,sar_concurrent,cpu_util,CORE1,59,0.0,percent
correlation-fio-randwrite-cores1,sar_concurrent,cpu_util,CORE2,0,1.0,percent
correlation-fio-randwrite-cores1,sar_concurrent,cpu_util,CORE2,1,0.0,percent
correlation-fio-randwrite-cores1,sar_concurrent,cpu_util,CORE2,2,0.0,percent
correlation-fio-randwrite-cores1,sar_concurrent,cpu_util,CORE2,3,0.0,percent
correlation-fio-randwrite-cores1,sar_concurrent,cpu_util,CORE2,4,0.0,percent
correlation-fio-randwrite-cores1,sar_concurrent,cpu_util,CORE2,5,0.0,percent
correlation-fio-randwrite-cores1,sar_concurrent,cpu_util,CORE2,6,0.0,percent
correlation-fio-randwrite-cores1,sar_concurrent,cpu_util,CORE2,7,0.0,percent
correlation-fio-randwrite-cores1,sar_concurrent,cpu_util,CORE2,8,0.0,percent
correlation-fio-randwrite-cores1,sar_concurrent,cpu_util,CORE2,9,0.0,percent
correlation-fio-randwrite-cores1,sar_concurrent,cpu_util,CORE2,10,0.0,percent
correlation-fio-randwrite-cores1,sar_concurrent,cpu_util,CORE2,11,0.0,percent
correlation-fio-randwrite-cores1,sar_concurrent,cpu_util,CORE2,12,0.0,percent
correlation-fio-randwrite-cores1,sar_concurrent,cpu_util,CORE2,13,0.0,percent
correlation-fio-randwrite-cores1,sar_concurrent,cpu_util,CORE2,14,0.0,percent
correlation-fio-randwrite-cores1,sar_concurrent,cpu_util,CORE2,15,0.0,percent
correlation-fio-randwrite-cores1,sar_concurrent,cpu_util,CORE2,16,0.0,percent
correlation-fio-randwrite-cores1,sar_concurrent,cpu_util,CORE2,17,0.0,percent
correlation-fio-randwrite-cores1,sar_concurrent,cpu_util,CORE2,18,0.0,percent
correlation-fio-randwrite-cores1,sar_concurrent,cpu_util,CORE2,19,0.0,percent
correlation-fio-randwrite-cores1,sar_concurrent,cpu_util,CORE2,20,0.0,percent
correlation-fio-randwrite-cores1,sar_concurrent,cpu_util,CORE2,21,0.0,percent
correlation-fio-randwrite-cores1,sar_concurrent,cpu_util,CORE2,22,0.0,percent
correlation-fio-randwrite-cores1,sar_concurrent,cpu_util,CORE2,23,0.0,percent
correlation-fio-randwrite-cores1,sar_concurrent,cpu_util,CORE2,24,0.0,percent
correlation-fio-randwrite-cores1,sar_concurrent,cpu_util,CORE2,25,0.0,percent
correlation-fio-randwrite-cores1,sar_concurrent,cpu_util,CORE2,26,0.0,percent
correlation-fio-randwrite-cores1,sar_concurrent,cpu_util,CORE2,27,0.0,percent
correlation-fio-randwrite-cores1,sar_concurrent,cpu_util,CORE2,28,0.0,percent
correlation-fio-randwrite-cores1,sar_concurrent,cpu_util,CORE2,29,0.0,percent
correlation-fio-randwrite-cores1,sar_concurrent,cpu_util,CORE2,30,0.0,percent
correlation-fio-randwrite-cores1,sar_concurrent,cpu_util,CORE2,31,0.0,percent
correlation-fio-randwrite-cores1,sar_concurrent,cpu_util,CORE2,32,0.0,percent
correlation-fio-randwrite-cores1,sar_concurrent,cpu_util,CORE2,33,0.0,percent
correlation-fio-randwrite-cores1,sar_concurrent,cpu_util,CORE2,34,0.0,percent
correlation-fio-randwrite-cores1,sar_concurrent,cpu_util,CORE2,35,0.0,percent
correlation-fio-randwrite-cores1,sar_concurrent,cpu_util,CORE2,36,0.0,percent
correlation-fio-randwrite-cores1,sar_concurrent,cpu_util,CORE2,37,0.0,percent
correlation-fio-randwrite-cores1,sar_concurrent,cpu_util,CORE2,38,0.0,percent
correlation-fio-randwrite-cores1,sar_concurrent,cpu_util,CORE2,39,0.0,percent
correlation-fio-randwrite-cores1,sar_concurrent,cpu_util,CORE2,40,0.0,percent
correlation-fio-randwrite-cores1,sar_concurrent,cpu_util,CORE2,41,0.0,percent
correlation-fio-randwrite-cores1,sar_concurrent,cpu_util,CORE2,42,0.0,percent
correlation-fio-randwrite-cores1,sar_concurrent,cpu_util,CORE2,43,0.0,percent
correlation-fio-randwrite-cores1,sar_concurrent,cpu_util,CORE2,44,0.0,percent
correlation-fio-randwrite-cores1,sar_concurrent,cpu_util,CORE2,45,0.0,percent
correlation-fio-randwrite-cores1,sar_concurrent,cpu_util,CORE2,46,0.0,percent
correlation-fio-randwrite-cores1,sar_concurrent,cpu_util,CORE2,47,0.0,percent
correlation-fio-randwrite-cores1,sar_concurrent,cpu_util,CORE2,48,0.0,percent
correlation-fio-randwrite-cores1,sar_concurrent,cpu_util,CORE2,49,0.0,percent
correlation-fio-randwrite-cores1,sar_concurrent,cpu_util,CORE2,50,0.0,percent
correlation-fio-randwrite-cores1,sar_concurrent,cpu_util,CORE2,51,0.0,percent
correlation-fio-randwrite-cores1,sar_concurrent,cpu_util,CORE2,52,0.0,percent
correlation-fio-randwrite-cores1,sar_concurrent,cpu_util,CORE2,53,0.0,percent
correlation-fio-randwrite-cores1,sar_concurrent,cpu_util,CORE2,54,0.0,percent
correlation-fio-randwrite-cores1,sar_concurrent,cpu_util,CORE2,55,0.0,percent
correlation-fio-randwrite-cores1,sar_concurrent,cpu_util,CORE2,56,0.0,percent
correlation-fio-randwrite-cores1,sar_concurrent,cpu_util,CORE2,57,0.0,percent
correlation-fio-randwrite-cores1,sar_concurrent,cpu_util,CORE2,58,0.0,percent
correlation-fio-randwrite-cores1,sar_concurrent,cpu_util,CORE2,59,0.0,percent
correlation-fio-randwrite-cores1,sar_concurrent,cpu_util,CORE3,0,1.98,percent
correlation-fio-randwrite-cores1,sar_concurrent,cpu_util,CORE3,1,0.0,percent
correlation-fio-randwrite-cores1,sar_concurrent,cpu_util,CORE3,2,0.0,percent
correlation-fio-randwrite-cores1,sar_concurrent,cpu_util,CORE3,3,0.0,percent
correlation-fio-randwrite-cores1,sar_concurrent,cpu_util,CORE3,4,0.0,percent
correlation-fio-randwrite-cores1,sar_concurrent,cpu_util,CORE3,5,0.0,percent
correlation-fio-randwrite-cores1,sar_concurrent,cpu_util,CORE3,6,0.0,percent
correlation-fio-randwrite-cores1,sar_concurrent,cpu_util,CORE3,7,0.0,percent
correlation-fio-randwrite-cores1,sar_concurrent,cpu_util,CORE3,8,0.0,percent
correlation-fio-randwrite-cores1,sar_concurrent,cpu_util,CORE3,9,0.0,percent
correlation-fio-randwrite-cores1,sar_concurrent,cpu_util,CORE3,10,0.0,percent
correlation-fio-randwrite-cores1,sar_concurrent,cpu_util,CORE3,11,0.0,percent
correlation-fio-randwrite-cores1,sar_concurrent,cpu_util,CORE3,12,0.0,percent
correlation-fio-randwrite-cores1,sar_concurrent,cpu_util,CORE3,13,0.0,percent
correlation-fio-randwrite-cores1,sar_concurrent,cpu_util,CORE3,14,0.0,percent
correlation-fio-randwrite-cores1,sar_concurrent,cpu_util,CORE3,15,0.0,percent
correlation-fio-randwrite-cores1,sar_concurrent,cpu_util,CORE3,16,0.0,percent
correlation-fio-randwrite-cores1,sar_concurrent,cpu_util,CORE3,17,0.0,percent
correlation-fio-randwrite-cores1,sar_concurrent,cpu_util,CORE3,18,0.0,percent
correlation-fio-randwrite-cores1,sar_concurrent,cpu_util,CORE3,19,0.0,percent
correlation-fio-randwrite-cores1,sar_concurrent,cpu_util,CORE3,20,0.0,percent
correlation-fio-randwrite-cores1,sar_concurrent,cpu_util,CORE3,21,0.0,percent
correlation-fio-randwrite-cores1,sar_concurrent,cpu_util,CORE3,22,0.0,percent
correlation-fio-randwrite-cores1,sar_concurrent,cpu_util,CORE3,23,0.0,percent
correlation-fio-randwrite-cores1,sar_concurrent,cpu_util,CORE3,24,0.0,percent
correlation-fio-randwrite-cores1,sar_concurrent,cpu_util,CORE3,25,0.0,percent
correlation-fio-randwrite-cores1,sar_concurrent,cpu_util,CORE3,26,0.0,percent
correlation-fio-randwrite-cores1,sar_concurrent,cpu_util,CORE3,27,0.0,percent
correlation-fio-randwrite-cores1,sar_concurrent,cpu_util,CORE3,28,0.0,percent
correlation-fio-randwrite-cores1,sar_concurrent,cpu_util,CORE3,29,0.0,percent
correlation-fio-randwrite-cores1,sar_concurrent,cpu_util,CORE3,30,0.0,percent
correlation-fio-randwrite-cores1,sar_concurrent,cpu_util,CORE3,31,0.0,percent
correlation-fio-randwrite-cores1,sar_concurrent,cpu_util,CORE3,32,0.0,percent
correlation-fio-randwrite-cores1,sar_concurrent,cpu_util,CORE3,33,0.0,percent
correlation-fio-randwrite-cores1,sar_concurrent,cpu_util,CORE3,34,0.0,percent
correlation-fio-randwrite-cores1,sar_concurrent,cpu_util,CORE3,35,0.0,percent
correlation-fio-randwrite-cores1,sar_concurrent,cpu_util,CORE3,36,0.0,percent
correlation-fio-randwrite-cores1,sar_concurrent,cpu_util,CORE3,37,0.0,percent
correlation-fio-randwrite-cores1,sar_concurrent,cpu_util,CORE3,38,0.0,percent
correlation-fio-randwrite-cores1,sar_concurrent,cpu_util,CORE3,39,0.0,percent
correlation-fio-randwrite-cores1,sar_concurrent,cpu_util,CORE3,40,0.0,percent
correlation-fio-randwrite-cores1,sar_concurrent,cpu_util,CORE3,41,0.0,percent
correlation-fio-randwrite-cores1,sar_concurrent,cpu_util,CORE3,42,0.0,percent
correlation-fio-randwrite-cores1,sar_concurrent,cpu_util,CORE3,43,0.0,percent
correlation-fio-randwrite-cores1,sar_concurrent,cpu_util,CORE3,44,0.0,percent
correlation-fio-randwrite-cores1,sar_concurrent,cpu_util,CORE3,45,0.0,percent
correlation-fio-randwrite-cores1,sar_concurrent,cpu_util,CORE3,46,0.0,percent
correlation-fio-randwrite-cores1,sar_concurrent,cpu_util,CORE3,47,0.0,percent
correlation-fio-randwrite-cores1,sar_concurrent,cpu_util,CORE3,48,0.0,percent
correlation-fio-randwrite-cores1,sar_concurrent,cpu_util,CORE3,49,0.0,percent
correlation-fio-randwrite-cores1,sar_concurrent,cpu_util,CORE3,50,0.0,percent
correlation-fio-randwrite-cores1,sar_concurrent,cpu_util,CORE3,51,0.0,percent
correlation-fio-randwrite-cores1,sar_concurrent,cpu_util,CORE3,52,0.0,percent
correlation-fio-randwrite-cores1,sar_concurrent,cpu_util,CORE3,53,0.0,percent
correlation-fio-randwrite-cores1,sar_concurrent,cpu_util,CORE3,54,0.0,percent
correlation-fio-randwrite-cores1,sar_concurrent,cpu_util,CORE3,55,0.0,percent
correlation-fio-randwrite-cores1,sar_concurrent,cpu_util,CORE3,56,0.0,percent
correlation-fio-randwrite-cores1,sar_concurrent,cpu_util,CORE3,57,0.0,percent
correlation-fio-randwrite-cores1,sar_concurrent,cpu_util,CORE3,58,0.0,percent
correlation-fio-randwrite-cores1,sar_concurrent,cpu_util,CORE3,59,0.0,percent
correlation-fio-randwrite-cores1,sar_concurrent,cpu_util,CORE4,0,36.45,percent
correlation-fio-randwrite-cores1,sar_concurrent,cpu_util,CORE4,1,15.040000000000001,percent
correlation-fio-randwrite-cores1,sar_concurrent,cpu_util,CORE4,2,13.51,percent
correlation-fio-randwrite-cores1,sar_concurrent,cpu_util,CORE4,3,6.7299999999999995,percent
correlation-fio-randwrite-cores1,sar_concurrent,cpu_util,CORE4,4,4.0,percent
correlation-fio-randwrite-cores1,sar_concurrent,cpu_util,CORE4,5,1.03,percent
correlation-fio-randwrite-cores1,sar_concurrent,cpu_util,CORE4,6,0.0,percent
correlation-fio-randwrite-cores1,sar_concurrent,cpu_util,CORE4,7,0.0,percent
correlation-fio-randwrite-cores1,sar_concurrent,cpu_util,CORE4,8,0.0,percent
correlation-fio-randwrite-cores1,sar_concurrent,cpu_util,CORE4,9,0.0,percent
correlation-fio-randwrite-cores1,sar_concurrent,cpu_util,CORE4,10,0.0,percent
correlation-fio-randwrite-cores1,sar_concurrent,cpu_util,CORE4,11,0.0,percent
correlation-fio-randwrite-cores1,sar_concurrent,cpu_util,CORE4,12,0.0,percent
correlation-fio-randwrite-cores1,sar_concurrent,cpu_util,CORE4,13,0.0,percent
correlation-fio-randwrite-cores1,sar_concurrent,cpu_util,CORE4,14,0.0,percent
correlation-fio-randwrite-cores1,sar_concurrent,cpu_util,CORE4,15,0.0,percent
correlation-fio-randwrite-cores1,sar_concurrent,cpu_util,CORE4,16,0.0,percent
correlation-fio-randwrite-cores1,sar_concurrent,cpu_util,CORE4,17,0.0,percent
correlation-fio-randwrite-cores1,sar_concurrent,cpu_util,CORE4,18,0.0,percent
correlation-fio-randwrite-cores1,sar_concurrent,cpu_util,CORE4,19,0.0,percent
correlation-fio-randwrite-cores1,sar_concurrent,cpu_util,CORE4,20,0.0,percent
correlation-fio-randwrite-cores1,sar_concurrent,cpu_util,CORE4,21,0.0,percent
correlation-fio-randwrite-cores1,sar_concurrent,cpu_util,CORE4,22,0.0,percent
correlation-fio-randwrite-cores1,sar_concurrent,cpu_util,CORE4,23,0.0,percent
correlation-fio-randwrite-cores1,sar_concurrent,cpu_util,CORE4,24,0.0,percent
correlation-fio-randwrite-cores1,sar_concurrent,cpu_util,CORE4,25,0.0,percent
correlation-fio-randwrite-cores1,sar_concurrent,cpu_util,CORE4,26,0.0,percent
correlation-fio-randwrite-cores1,sar_concurrent,cpu_util,CORE4,27,0.0,percent
correlation-fio-randwrite-cores1,sar_concurrent,cpu_util,CORE4,28,0.0,percent
correlation-fio-randwrite-cores1,sar_concurrent,cpu_util,CORE4,29,0.0,percent
correlation-fio-randwrite-cores1,sar_concurrent,cpu_util,CORE4,30,0.0,percent
correlation-fio-randwrite-cores1,sar_concurrent,cpu_util,CORE4,31,0.0,percent
correlation-fio-randwrite-cores1,sar_concurrent,cpu_util,CORE4,32,0.0,percent
correlation-fio-randwrite-cores1,sar_concurrent,cpu_util,CORE4,33,0.0,percent
correlation-fio-randwrite-cores1,sar_concurrent,cpu_util,CORE4,34,0.0,percent
correlation-fio-randwrite-cores1,sar_concurrent,cpu_util,CORE4,35,0.0,percent
correlation-fio-randwrite-cores1,sar_concurrent,cpu_util,CORE4,36,0.0,percent
correlation-fio-randwrite-cores1,sar_concurrent,cpu_util,CORE4,37,0.0,percent
correlation-fio-randwrite-cores1,sar_concurrent,cpu_util,CORE4,38,0.0,percent
correlation-fio-randwrite-cores1,sar_concurrent,cpu_util,CORE4,39,0.0,percent
correlation-fio-randwrite-cores1,sar_concurrent,cpu_util,CORE4,40,0.0,percent
correlation-fio-randwrite-cores1,sar_concurrent,cpu_util,CORE4,41,0.0,percent
correlation-fio-randwrite-cores1,sar_concurrent,cpu_util,CORE4,42,0.0,percent
correlation-fio-randwrite-cores1,sar_concurrent,cpu_util,CORE4,43,0.0,percent
correlation-fio-randwrite-cores1,sar_concurrent,cpu_util,CORE4,44,0.0,percent
correlation-fio-randwrite-cores1,sar_concurrent,cpu_util,CORE4,45,0.0,percent
correlation-fio-randwrite-cores1,sar_concurrent,cpu_util,CORE4,46,0.0,percent
correlation-fio-randwrite-cores1,sar_concurrent,cpu_util,CORE4,47,0.0,percent
correlation-fio-randwrite-cores1,sar_concurrent,cpu_util,CORE4,48,0.0,percent
correlation-fio-randwrite-cores1,sar_concurrent,cpu_util,CORE4,49,0.0,percent
correlation-fio-randwrite-cores1,sar_concurrent,cpu_util,CORE4,50,0.0,percent
correlation-fio-randwrite-cores1,sar_concurrent,cpu_util,CORE4,51,0.0,percent
correlation-fio-randwrite-cores1,sar_concurrent,cpu_util,CORE4,52,0.0,percent
correlation-fio-randwrite-cores1,sar_concurrent,cpu_util,CORE4,53,0.0,percent
correlation-fio-randwrite-cores1,sar_concurrent,cpu_util,CORE4,54,0.0,percent
correlation-fio-randwrite-cores1,sar_concurrent,cpu_util,CORE4,55,0.0,percent
correlation-fio-randwrite-cores1,sar_concurrent,cpu_util,CORE4,56,0.0,percent
correlation-fio-randwrite-cores1,sar_concurrent,cpu_util,CORE4,57,0.0,percent
correlation-fio-randwrite-cores1,sar_concurrent,cpu_util,CORE4,58,0.0,percent
correlation-fio-randwrite-cores1,sar_concurrent,cpu_util,CORE4,59,0.0,percent
correlation-fio-randwrite-cores1,sar_concurrent,cpu_util,CORE5,0,1.0,percent
correlation-fio-randwrite-cores1,sar_concurrent,cpu_util,CORE5,1,0.0,percent
correlation-fio-randwrite-cores1,sar_concurrent,cpu_util,CORE5,2,0.0,percent
correlation-fio-randwrite-cores1,sar_concurrent,cpu_util,CORE5,3,0.0,percent
correlation-fio-randwrite-cores1,sar_concurrent,cpu_util,CORE5,4,0.0,percent
correlation-fio-randwrite-cores1,sar_concurrent,cpu_util,CORE5,5,0.0,percent
correlation-fio-randwrite-cores1,sar_concurrent,cpu_util,CORE5,6,0.0,percent
correlation-fio-randwrite-cores1,sar_concurrent,cpu_util,CORE5,7,1.01,percent
correlation-fio-randwrite-cores1,sar_concurrent,cpu_util,CORE5,8,0.0,percent
correlation-fio-randwrite-cores1,sar_concurrent,cpu_util,CORE5,9,0.0,percent
correlation-fio-randwrite-cores1,sar_concurrent,cpu_util,CORE5,10,0.0,percent
correlation-fio-randwrite-cores1,sar_concurrent,cpu_util,CORE5,11,0.0,percent
correlation-fio-randwrite-cores1,sar_concurrent,cpu_util,CORE5,12,0.0,percent
correlation-fio-randwrite-cores1,sar_concurrent,cpu_util,CORE5,13,0.0,percent
correlation-fio-randwrite-cores1,sar_concurrent,cpu_util,CORE5,14,0.99,percent
correlation-fio-randwrite-cores1,sar_concurrent,cpu_util,CORE5,15,0.0,percent
correlation-fio-randwrite-cores1,sar_concurrent,cpu_util,CORE5,16,0.0,percent
correlation-fio-randwrite-cores1,sar_concurrent,cpu_util,CORE5,17,0.0,percent
correlation-fio-randwrite-cores1,sar_concurrent,cpu_util,CORE5,18,0.0,percent
correlation-fio-randwrite-cores1,sar_concurrent,cpu_util,CORE5,19,0.0,percent
correlation-fio-randwrite-cores1,sar_concurrent,cpu_util,CORE5,20,0.0,percent
correlation-fio-randwrite-cores1,sar_concurrent,cpu_util,CORE5,21,0.0,percent
correlation-fio-randwrite-cores1,sar_concurrent,cpu_util,CORE5,22,0.0,percent
correlation-fio-randwrite-cores1,sar_concurrent,cpu_util,CORE5,23,0.0,percent
correlation-fio-randwrite-cores1,sar_concurrent,cpu_util,CORE5,24,0.0,percent
correlation-fio-randwrite-cores1,sar_concurrent,cpu_util,CORE5,25,0.0,percent
correlation-fio-randwrite-cores1,sar_concurrent,cpu_util,CORE5,26,0.0,percent
correlation-fio-randwrite-cores1,sar_concurrent,cpu_util,CORE5,27,0.0,percent
correlation-fio-randwrite-cores1,sar_concurrent,cpu_util,CORE5,28,0.0,percent
correlation-fio-randwrite-cores1,sar_concurrent,cpu_util,CORE5,29,0.0,percent
correlation-fio-randwrite-cores1,sar_concurrent,cpu_util,CORE5,30,0.0,percent
correlation-fio-randwrite-cores1,sar_concurrent,cpu_util,CORE5,31,0.0,percent
correlation-fio-randwrite-cores1,sar_concurrent,cpu_util,CORE5,32,0.0,percent
correlation-fio-randwrite-cores1,sar_concurrent,cpu_util,CORE5,33,0.0,percent
correlation-fio-randwrite-cores1,sar_concurrent,cpu_util,CORE5,34,0.0,percent
correlation-fio-randwrite-cores1,sar_concurrent,cpu_util,CORE5,35,0.0,percent
correlation-fio-randwrite-cores1,sar_concurrent,cpu_util,CORE5,36,0.0,percent
correlation-fio-randwrite-cores1,sar_concurrent,cpu_util,CORE5,37,0.0,percent
correlation-fio-randwrite-cores1,sar_concurrent,cpu_util,CORE5,38,0.0,percent
correlation-fio-randwrite-cores1,sar_concurrent,cpu_util,CORE5,39,0.0,percent
correlation-fio-randwrite-cores1,sar_concurrent,cpu_util,CORE5,40,0.0,percent
correlation-fio-randwrite-cores1,sar_concurrent,cpu_util,CORE5,41,0.0,percent
correlation-fio-randwrite-cores1,sar_concurrent,cpu_util,CORE5,42,0.0,percent
correlation-fio-randwrite-cores1,sar_concurrent,cpu_util,CORE5,43,0.0,percent
correlation-fio-randwrite-cores1,sar_concurrent,cpu_util,CORE5,44,0.0,percent
correlation-fio-randwrite-cores1,sar_concurrent,cpu_util,CORE5,45,0.0,percent
correlation-fio-randwrite-cores1,sar_concurrent,cpu_util,CORE5,46,0.0,percent
correlation-fio-randwrite-cores1,sar_concurrent,cpu_util,CORE5,47,0.0,percent
correlation-fio-randwrite-cores1,sar_concurrent,cpu_util,CORE5,48,0.0,percent
correlation-fio-randwrite-cores1,sar_concurrent,cpu_util,CORE5,49,0.0,percent
correlation-fio-randwrite-cores1,sar_concurrent,cpu_util,CORE5,50,0.0,percent
correlation-fio-randwrite-cores1,sar_concurrent,cpu_util,CORE5,51,0.0,percent
correlation-fio-randwrite-cores1,sar_concurrent,cpu_util,CORE5,52,0.0,percent
correlation-fio-randwrite-cores1,sar_concurrent,cpu_util,CORE5,53,0.0,percent
correlation-fio-randwrite-cores1,sar_concurrent,cpu_util,CORE5,54,0.0,percent
correlation-fio-randwrite-cores1,sar_concurrent,cpu_util,CORE5,55,0.0,percent
correlation-fio-randwrite-cores1,sar_concurrent,cpu_util,CORE5,56,0.0,percent
correlation-fio-randwrite-cores1,sar_concurrent,cpu_util,CORE5,57,0.0,percent
correlation-fio-randwrite-cores1,sar_concurrent,cpu_util,CORE5,58,0.0,percent
correlation-fio-randwrite-cores1,sar_concurrent,cpu_util,CORE5,59,0.0,percent
correlation-fio-randwrite-cores1,sar_concurrent,cpu_util,CORE6,0,1.98,percent
correlation-fio-randwrite-cores1,sar_concurrent,cpu_util,CORE6,1,0.0,percent
correlation-fio-randwrite-cores1,sar_concurrent,cpu_util,CORE6,2,0.0,percent
correlation-fio-randwrite-cores1,sar_concurrent,cpu_util,CORE6,3,0.0,percent
correlation-fio-randwrite-cores1,sar_concurrent,cpu_util,CORE6,4,0.0,percent
correlation-fio-randwrite-cores1,sar_concurrent,cpu_util,CORE6,5,0.0,percent
correlation-fio-randwrite-cores1,sar_concurrent,cpu_util,CORE6,6,0.0,percent
correlation-fio-randwrite-cores1,sar_concurrent,cpu_util,CORE6,7,0.0,percent
correlation-fio-randwrite-cores1,sar_concurrent,cpu_util,CORE6,8,0.0,percent
correlation-fio-randwrite-cores1,sar_concurrent,cpu_util,CORE6,9,0.0,percent
correlation-fio-randwrite-cores1,sar_concurrent,cpu_util,CORE6,10,0.0,percent
correlation-fio-randwrite-cores1,sar_concurrent,cpu_util,CORE6,11,0.0,percent
correlation-fio-randwrite-cores1,sar_concurrent,cpu_util,CORE6,12,0.0,percent
correlation-fio-randwrite-cores1,sar_concurrent,cpu_util,CORE6,13,0.0,percent
correlation-fio-randwrite-cores1,sar_concurrent,cpu_util,CORE6,14,0.0,percent
correlation-fio-randwrite-cores1,sar_concurrent,cpu_util,CORE6,15,0.0,percent
correlation-fio-randwrite-cores1,sar_concurrent,cpu_util,CORE6,16,0.0,percent
correlation-fio-randwrite-cores1,sar_concurrent,cpu_util,CORE6,17,0.0,percent
correlation-fio-randwrite-cores1,sar_concurrent,cpu_util,CORE6,18,0.0,percent
correlation-fio-randwrite-cores1,sar_concurrent,cpu_util,CORE6,19,0.0,percent
correlation-fio-randwrite-cores1,sar_concurrent,cpu_util,CORE6,20,0.0,percent
correlation-fio-randwrite-cores1,sar_concurrent,cpu_util,CORE6,21,0.0,percent
correlation-fio-randwrite-cores1,sar_concurrent,cpu_util,CORE6,22,0.0,percent
correlation-fio-randwrite-cores1,sar_concurrent,cpu_util,CORE6,23,0.0,percent
correlation-fio-randwrite-cores1,sar_concurrent,cpu_util,CORE6,24,0.0,percent
correlation-fio-randwrite-cores1,sar_concurrent,cpu_util,CORE6,25,0.0,percent
correlation-fio-randwrite-cores1,sar_concurrent,cpu_util,CORE6,26,0.0,percent
correlation-fio-randwrite-cores1,sar_concurrent,cpu_util,CORE6,27,0.0,percent
correlation-fio-randwrite-cores1,sar_concurrent,cpu_util,CORE6,28,0.0,percent
correlation-fio-randwrite-cores1,sar_concurrent,cpu_util,CORE6,29,0.0,percent
correlation-fio-randwrite-cores1,sar_concurrent,cpu_util,CORE6,30,0.0,percent
correlation-fio-randwrite-cores1,sar_concurrent,cpu_util,CORE6,31,0.0,percent
correlation-fio-randwrite-cores1,sar_concurrent,cpu_util,CORE6,32,0.0,percent
correlation-fio-randwrite-cores1,sar_concurrent,cpu_util,CORE6,33,0.0,percent
correlation-fio-randwrite-cores1,sar_concurrent,cpu_util,CORE6,34,0.0,percent
correlation-fio-randwrite-cores1,sar_concurrent,cpu_util,CORE6,35,0.0,percent
correlation-fio-randwrite-cores1,sar_concurrent,cpu_util,CORE6,36,0.0,percent
correlation-fio-randwrite-cores1,sar_concurrent,cpu_util,CORE6,37,0.0,percent
correlation-fio-randwrite-cores1,sar_concurrent,cpu_util,CORE6,38,0.0,percent
correlation-fio-randwrite-cores1,sar_concurrent,cpu_util,CORE6,39,0.0,percent
correlation-fio-randwrite-cores1,sar_concurrent,cpu_util,CORE6,40,0.0,percent
correlation-fio-randwrite-cores1,sar_concurrent,cpu_util,CORE6,41,0.0,percent
correlation-fio-randwrite-cores1,sar_concurrent,cpu_util,CORE6,42,0.0,percent
correlation-fio-randwrite-cores1,sar_concurrent,cpu_util,CORE6,43,0.0,percent
correlation-fio-randwrite-cores1,sar_concurrent,cpu_util,CORE6,44,0.0,percent
correlation-fio-randwrite-cores1,sar_concurrent,cpu_util,CORE6,45,0.0,percent
correlation-fio-randwrite-cores1,sar_concurrent,cpu_util,CORE6,46,0.0,percent
correlation-fio-randwrite-cores1,sar_concurrent,cpu_util,CORE6,47,0.0,percent
correlation-fio-randwrite-cores1,sar_concurrent,cpu_util,CORE6,48,0.0,percent
correlation-fio-randwrite-cores1,sar_concurrent,cpu_util,CORE6,49,0.0,percent
correlation-fio-randwrite-cores1,sar_concurrent,cpu_util,CORE6,50,0.0,percent
correlation-fio-randwrite-cores1,sar_concurrent,cpu_util,CORE6,51,0.0,percent
correlation-fio-randwrite-cores1,sar_concurrent,cpu_util,CORE6,52,0.0,percent
correlation-fio-randwrite-cores1,sar_concurrent,cpu_util,CORE6,53,0.0,percent
correlation-fio-randwrite-cores1,sar_concurrent,cpu_util,CORE6,54,0.0,percent
correlation-fio-randwrite-cores1,sar_concurrent,cpu_util,CORE6,55,0.0,percent
correlation-fio-randwrite-cores1,sar_concurrent,cpu_util,CORE6,56,0.0,percent
correlation-fio-randwrite-cores1,sar_concurrent,cpu_util,CORE6,57,0.0,percent
correlation-fio-randwrite-cores1,sar_concurrent,cpu_util,CORE6,58,0.0,percent
correlation-fio-randwrite-cores1,sar_concurrent,cpu_util,CORE6,59,0.0,percent
correlation-fio-randwrite-cores1,sar_concurrent,cpu_util,CORE7,0,1.0,percent
correlation-fio-randwrite-cores1,sar_concurrent,cpu_util,CORE7,1,0.0,percent
correlation-fio-randwrite-cores1,sar_concurrent,cpu_util,CORE7,2,0.0,percent
correlation-fio-randwrite-cores1,sar_concurrent,cpu_util,CORE7,3,0.0,percent
correlation-fio-randwrite-cores1,sar_concurrent,cpu_util,CORE7,4,0.0,percent
correlation-fio-randwrite-cores1,sar_concurrent,cpu_util,CORE7,5,0.0,percent
correlation-fio-randwrite-cores1,sar_concurrent,cpu_util,CORE7,6,0.0,percent
correlation-fio-randwrite-cores1,sar_concurrent,cpu_util,CORE7,7,0.0,percent
correlation-fio-randwrite-cores1,sar_concurrent,cpu_util,CORE7,8,0.0,percent
correlation-fio-randwrite-cores1,sar_concurrent,cpu_util,CORE7,9,0.0,percent
correlation-fio-randwrite-cores1,sar_concurrent,cpu_util,CORE7,10,0.0,percent
correlation-fio-randwrite-cores1,sar_concurrent,cpu_util,CORE7,11,0.0,percent
correlation-fio-randwrite-cores1,sar_concurrent,cpu_util,CORE7,12,0.0,percent
correlation-fio-randwrite-cores1,sar_concurrent,cpu_util,CORE7,13,0.0,percent
correlation-fio-randwrite-cores1,sar_concurrent,cpu_util,CORE7,14,0.0,percent
correlation-fio-randwrite-cores1,sar_concurrent,cpu_util,CORE7,15,0.0,percent
correlation-fio-randwrite-cores1,sar_concurrent,cpu_util,CORE7,16,0.0,percent
correlation-fio-randwrite-cores1,sar_concurrent,cpu_util,CORE7,17,0.0,percent
correlation-fio-randwrite-cores1,sar_concurrent,cpu_util,CORE7,18,0.0,percent
correlation-fio-randwrite-cores1,sar_concurrent,cpu_util,CORE7,19,0.0,percent
correlation-fio-randwrite-cores1,sar_concurrent,cpu_util,CORE7,20,0.0,percent
correlation-fio-randwrite-cores1,sar_concurrent,cpu_util,CORE7,21,0.0,percent
correlation-fio-randwrite-cores1,sar_concurrent,cpu_util,CORE7,22,0.0,percent
correlation-fio-randwrite-cores1,sar_concurrent,cpu_util,CORE7,23,0.0,percent
correlation-fio-randwrite-cores1,sar_concurrent,cpu_util,CORE7,24,0.0,percent
correlation-fio-randwrite-cores1,sar_concurrent,cpu_util,CORE7,25,0.0,percent
correlation-fio-randwrite-cores1,sar_concurrent,cpu_util,CORE7,26,0.0,percent
correlation-fio-randwrite-cores1,sar_concurrent,cpu_util,CORE7,27,0.0,percent
correlation-fio-randwrite-cores1,sar_concurrent,cpu_util,CORE7,28,0.0,percent
correlation-fio-randwrite-cores1,sar_concurrent,cpu_util,CORE7,29,0.0,percent
correlation-fio-randwrite-cores1,sar_concurrent,cpu_util,CORE7,30,0.0,percent
correlation-fio-randwrite-cores1,sar_concurrent,cpu_util,CORE7,31,0.0,percent
correlation-fio-randwrite-cores1,sar_concurrent,cpu_util,CORE7,32,0.0,percent
correlation-fio-randwrite-cores1,sar_concurrent,cpu_util,CORE7,33,0.0,percent
correlation-fio-randwrite-cores1,sar_concurrent,cpu_util,CORE7,34,0.0,percent
correlation-fio-randwrite-cores1,sar_concurrent,cpu_util,CORE7,35,0.0,percent
correlation-fio-randwrite-cores1,sar_concurrent,cpu_util,CORE7,36,0.0,percent
correlation-fio-randwrite-cores1,sar_concurrent,cpu_util,CORE7,37,0.0,percent
correlation-fio-randwrite-cores1,sar_concurrent,cpu_util,CORE7,38,0.0,percent
correlation-fio-randwrite-cores1,sar_concurrent,cpu_util,CORE7,39,0.0,percent
correlation-fio-randwrite-cores1,sar_concurrent,cpu_util,CORE7,40,0.0,percent
correlation-fio-randwrite-cores1,sar_concurrent,cpu_util,CORE7,41,0.0,percent
correlation-fio-randwrite-cores1,sar_concurrent,cpu_util,CORE7,42,0.0,percent
correlation-fio-randwrite-cores1,sar_concurrent,cpu_util,CORE7,43,0.0,percent
correlation-fio-randwrite-cores1,sar_concurrent,cpu_util,CORE7,44,0.0,percent
correlation-fio-randwrite-cores1,sar_concurrent,cpu_util,CORE7,45,0.0,percent
correlation-fio-randwrite-cores1,sar_concurrent,cpu_util,CORE7,46,0.0,percent
correlation-fio-randwrite-cores1,sar_concurrent,cpu_util,CORE7,47,0.0,percent
correlation-fio-randwrite-cores1,sar_concurrent,cpu_util,CORE7,48,0.0,percent
correlation-fio-randwrite-cores1,sar_concurrent,cpu_util,CORE7,49,0.0,percent
correlation-fio-randwrite-cores1,sar_concurrent,cpu_util,CORE7,50,0.0,percent
correlation-fio-randwrite-cores1,sar_concurrent,cpu_util,CORE7,51,0.0,percent
correlation-fio-randwrite-cores1,sar_concurrent,cpu_util,CORE7,52,0.0,percent
correlation-fio-randwrite-cores1,sar_concurrent,cpu_util,CORE7,53,0.0,percent
correlation-fio-randwrite-cores1,sar_concurrent,cpu_util,CORE7,54,0.0,percent
correlation-fio-randwrite-cores1,sar_concurrent,cpu_util,CORE7,55,0.0,percent
correlation-fio-randwrite-cores1,sar_concurrent,cpu_util,CORE7,56,0.0,percent
correlation-fio-randwrite-cores1,sar_concurrent,cpu_util,CORE7,57,0.0,percent
correlation-fio-randwrite-cores1,sar_concurrent,cpu_util,CORE7,58,0.0,percent
correlation-fio-randwrite-cores1,sar_concurrent,cpu_util,CORE7,59,0.0,percent
correlation-fio-randwrite-cores1,sar_concurrent,cpu_util,CORE8,0,1.98,percent
correlation-fio-randwrite-cores1,sar_concurrent,cpu_util,CORE8,1,0.0,percent
correlation-fio-randwrite-cores1,sar_concurrent,cpu_util,CORE8,2,0.0,percent
correlation-fio-randwrite-cores1,sar_concurrent,cpu_util,CORE8,3,0.0,percent
correlation-fio-randwrite-cores1,sar_concurrent,cpu_util,CORE8,4,0.0,percent
correlation-fio-randwrite-cores1,sar_concurrent,cpu_util,CORE8,5,0.0,percent
correlation-fio-randwrite-cores1,sar_concurrent,cpu_util,CORE8,6,0.0,percent
correlation-fio-randwrite-cores1,sar_concurrent,cpu_util,CORE8,7,0.0,percent
correlation-fio-randwrite-cores1,sar_concurrent,cpu_util,CORE8,8,0.0,percent
correlation-fio-randwrite-cores1,sar_concurrent,cpu_util,CORE8,9,0.0,percent
correlation-fio-randwrite-cores1,sar_concurrent,cpu_util,CORE8,10,0.0,percent
correlation-fio-randwrite-cores1,sar_concurrent,cpu_util,CORE8,11,0.0,percent
correlation-fio-randwrite-cores1,sar_concurrent,cpu_util,CORE8,12,0.0,percent
correlation-fio-randwrite-cores1,sar_concurrent,cpu_util,CORE8,13,0.0,percent
correlation-fio-randwrite-cores1,sar_concurrent,cpu_util,CORE8,14,0.0,percent
correlation-fio-randwrite-cores1,sar_concurrent,cpu_util,CORE8,15,0.0,percent
correlation-fio-randwrite-cores1,sar_concurrent,cpu_util,CORE8,16,0.0,percent
correlation-fio-randwrite-cores1,sar_concurrent,cpu_util,CORE8,17,0.0,percent
correlation-fio-randwrite-cores1,sar_concurrent,cpu_util,CORE8,18,0.0,percent
correlation-fio-randwrite-cores1,sar_concurrent,cpu_util,CORE8,19,0.0,percent
correlation-fio-randwrite-cores1,sar_concurrent,cpu_util,CORE8,20,0.0,percent
correlation-fio-randwrite-cores1,sar_concurrent,cpu_util,CORE8,21,0.0,percent
correlation-fio-randwrite-cores1,sar_concurrent,cpu_util,CORE8,22,0.0,percent
correlation-fio-randwrite-cores1,sar_concurrent,cpu_util,CORE8,23,0.0,percent
correlation-fio-randwrite-cores1,sar_concurrent,cpu_util,CORE8,24,0.0,percent
correlation-fio-randwrite-cores1,sar_concurrent,cpu_util,CORE8,25,0.0,percent
correlation-fio-randwrite-cores1,sar_concurrent,cpu_util,CORE8,26,0.0,percent
correlation-fio-randwrite-cores1,sar_concurrent,cpu_util,CORE8,27,0.0,percent
correlation-fio-randwrite-cores1,sar_concurrent,cpu_util,CORE8,28,0.0,percent
correlation-fio-randwrite-cores1,sar_concurrent,cpu_util,CORE8,29,0.0,percent
correlation-fio-randwrite-cores1,sar_concurrent,cpu_util,CORE8,30,0.0,percent
correlation-fio-randwrite-cores1,sar_concurrent,cpu_util,CORE8,31,0.0,percent
correlation-fio-randwrite-cores1,sar_concurrent,cpu_util,CORE8,32,0.0,percent
correlation-fio-randwrite-cores1,sar_concurrent,cpu_util,CORE8,33,0.0,percent
correlation-fio-randwrite-cores1,sar_concurrent,cpu_util,CORE8,34,0.0,percent
correlation-fio-randwrite-cores1,sar_concurrent,cpu_util,CORE8,35,0.0,percent
correlation-fio-randwrite-cores1,sar_concurrent,cpu_util,CORE8,36,0.0,percent
correlation-fio-randwrite-cores1,sar_concurrent,cpu_util,CORE8,37,0.0,percent
correlation-fio-randwrite-cores1,sar_concurrent,cpu_util,CORE8,38,0.0,percent
correlation-fio-randwrite-cores1,sar_concurrent,cpu_util,CORE8,39,0.0,percent
correlation-fio-randwrite-cores1,sar_concurrent,cpu_util,CORE8,40,0.0,percent
correlation-fio-randwrite-cores1,sar_concurrent,cpu_util,CORE8,41,0.0,percent
correlation-fio-randwrite-cores1,sar_concurrent,cpu_util,CORE8,42,0.0,percent
correlation-fio-randwrite-cores1,sar_concurrent,cpu_util,CORE8,43,0.0,percent
correlation-fio-randwrite-cores1,sar_concurrent,cpu_util,CORE8,44,0.0,percent
correlation-fio-randwrite-cores1,sar_concurrent,cpu_util,CORE8,45,0.0,percent
correlation-fio-randwrite-cores1,sar_concurrent,cpu_util,CORE8,46,0.0,percent
correlation-fio-randwrite-cores1,sar_concurrent,cpu_util,CORE8,47,0.0,percent
correlation-fio-randwrite-cores1,sar_concurrent,cpu_util,CORE8,48,0.0,percent
correlation-fio-randwrite-cores1,sar_concurrent,cpu_util,CORE8,49,0.0,percent
correlation-fio-randwrite-cores1,sar_concurrent,cpu_util,CORE8,50,0.0,percent
correlation-fio-randwrite-cores1,sar_concurrent,cpu_util,CORE8,51,0.0,percent
correlation-fio-randwrite-cores1,sar_concurrent,cpu_util,CORE8,52,0.0,percent
correlation-fio-randwrite-cores1,sar_concurrent,cpu_util,CORE8,53,0.0,percent
correlation-fio-randwrite-cores1,sar_concurrent,cpu_util,CORE8,54,0.0,percent
correlation-fio-randwrite-cores1,sar_concurrent,cpu_util,CORE8,55,0.0,percent
correlation-fio-randwrite-cores1,sar_concurrent,cpu_util,CORE8,56,0.0,percent
correlation-fio-randwrite-cores1,sar_concurrent,cpu_util,CORE8,57,0.0,percent
correlation-fio-randwrite-cores1,sar_concurrent,cpu_util,CORE8,58,0.0,percent
correlation-fio-randwrite-cores1,sar_concurrent,cpu_util,CORE8,59,0.0,percent
correlation-fio-randwrite-cores1,sar_concurrent,cpu_util,CORE9,0,1.0,percent
correlation-fio-randwrite-cores1,sar_concurrent,cpu_util,CORE9,1,0.0,percent
correlation-fio-randwrite-cores1,sar_concurrent,cpu_util,CORE9,2,0.0,percent
correlation-fio-randwrite-cores1,sar_concurrent,cpu_util,CORE9,3,0.0,percent
correlation-fio-randwrite-cores1,sar_concurrent,cpu_util,CORE9,4,0.0,percent
correlation-fio-randwrite-cores1,sar_concurrent,cpu_util,CORE9,5,0.0,percent
correlation-fio-randwrite-cores1,sar_concurrent,cpu_util,CORE9,6,0.0,percent
correlation-fio-randwrite-cores1,sar_concurrent,cpu_util,CORE9,7,0.0,percent
correlation-fio-randwrite-cores1,sar_concurrent,cpu_util,CORE9,8,0.0,percent
correlation-fio-randwrite-cores1,sar_concurrent,cpu_util,CORE9,9,0.0,percent
correlation-fio-randwrite-cores1,sar_concurrent,cpu_util,CORE9,10,0.0,percent
correlation-fio-randwrite-cores1,sar_concurrent,cpu_util,CORE9,11,0.0,percent
correlation-fio-randwrite-cores1,sar_concurrent,cpu_util,CORE9,12,0.0,percent
correlation-fio-randwrite-cores1,sar_concurrent,cpu_util,CORE9,13,0.0,percent
correlation-fio-randwrite-cores1,sar_concurrent,cpu_util,CORE9,14,0.0,percent
correlation-fio-randwrite-cores1,sar_concurrent,cpu_util,CORE9,15,0.0,percent
correlation-fio-randwrite-cores1,sar_concurrent,cpu_util,CORE9,16,0.0,percent
correlation-fio-randwrite-cores1,sar_concurrent,cpu_util,CORE9,17,0.0,percent
correlation-fio-randwrite-cores1,sar_concurrent,cpu_util,CORE9,18,0.0,percent
correlation-fio-randwrite-cores1,sar_concurrent,cpu_util,CORE9,19,0.0,percent
correlation-fio-randwrite-cores1,sar_concurrent,cpu_util,CORE9,20,0.0,percent
correlation-fio-randwrite-cores1,sar_concurrent,cpu_util,CORE9,21,0.0,percent
correlation-fio-randwrite-cores1,sar_concurrent,cpu_util,CORE9,22,0.0,percent
correlation-fio-randwrite-cores1,sar_concurrent,cpu_util,CORE9,23,0.0,percent
correlation-fio-randwrite-cores1,sar_concurrent,cpu_util,CORE9,24,0.0,percent
correlation-fio-randwrite-cores1,sar_concurrent,cpu_util,CORE9,25,0.0,percent
correlation-fio-randwrite-cores1,sar_concurrent,cpu_util,CORE9,26,0.0,percent
correlation-fio-randwrite-cores1,sar_concurrent,cpu_util,CORE9,27,0.0,percent
correlation-fio-randwrite-cores1,sar_concurrent,cpu_util,CORE9,28,0.0,percent
correlation-fio-randwrite-cores1,sar_concurrent,cpu_util,CORE9,29,0.0,percent
correlation-fio-randwrite-cores1,sar_concurrent,cpu_util,CORE9,30,0.0,percent
correlation-fio-randwrite-cores1,sar_concurrent,cpu_util,CORE9,31,0.0,percent
correlation-fio-randwrite-cores1,sar_concurrent,cpu_util,CORE9,32,0.0,percent
correlation-fio-randwrite-cores1,sar_concurrent,cpu_util,CORE9,33,0.0,percent
correlation-fio-randwrite-cores1,sar_concurrent,cpu_util,CORE9,34,0.0,percent
correlation-fio-randwrite-cores1,sar_concurrent,cpu_util,CORE9,35,0.0,percent
correlation-fio-randwrite-cores1,sar_concurrent,cpu_util,CORE9,36,0.0,percent
correlation-fio-randwrite-cores1,sar_concurrent,cpu_util,CORE9,37,0.0,percent
correlation-fio-randwrite-cores1,sar_concurrent,cpu_util,CORE9,38,0.0,percent
correlation-fio-randwrite-cores1,sar_concurrent,cpu_util,CORE9,39,0.0,percent
correlation-fio-randwrite-cores1,sar_concurrent,cpu_util,CORE9,40,0.0,percent
correlation-fio-randwrite-cores1,sar_concurrent,cpu_util,CORE9,41,0.0,percent
correlation-fio-randwrite-cores1,sar_concurrent,cpu_util,CORE9,42,0.0,percent
correlation-fio-randwrite-cores1,sar_concurrent,cpu_util,CORE9,43,0.0,percent
correlation-fio-randwrite-cores1,sar_concurrent,cpu_util,CORE9,44,0.0,percent
correlation-fio-randwrite-cores1,sar_concurrent,cpu_util,CORE9,45,0.0,percent
correlation-fio-randwrite-cores1,sar_concurrent,cpu_util,CORE9,46,0.0,percent
correlation-fio-randwrite-cores1,sar_concurrent,cpu_util,CORE9,47,0.0,percent
correlation-fio-randwrite-cores1,sar_concurrent,cpu_util,CORE9,48,0.0,percent
correlation-fio-randwrite-cores1,sar_concurrent,cpu_util,CORE9,49,0.0,percent
correlation-fio-randwrite-cores1,sar_concurrent,cpu_util,CORE9,50,0.0,percent
correlation-fio-randwrite-cores1,sar_concurrent,cpu_util,CORE9,51,0.0,percent
correlation-fio-randwrite-cores1,sar_concurrent,cpu_util,CORE9,52,0.0,percent
correlation-fio-randwrite-cores1,sar_concurrent,cpu_util,CORE9,53,0.0,percent
correlation-fio-randwrite-cores1,sar_concurrent,cpu_util,CORE9,54,0.0,percent
correlation-fio-randwrite-cores1,sar_concurrent,cpu_util,CORE9,55,0.0,percent
correlation-fio-randwrite-cores1,sar_concurrent,cpu_util,CORE9,56,0.0,percent
correlation-fio-randwrite-cores1,sar_concurrent,cpu_util,CORE9,57,0.0,percent
correlation-fio-randwrite-cores1,sar_concurrent,cpu_util,CORE9,58,0.0,percent
correlation-fio-randwrite-cores1,sar_concurrent,cpu_util,CORE9,59,0.0,percent
correlation-fio-randwrite-cores1,sar_concurrent,cpu_util,CORE10,0,1.0,percent
correlation-fio-randwrite-cores1,sar_concurrent,cpu_util,CORE10,1,0.0,percent
correlation-fio-randwrite-cores1,sar_concurrent,cpu_util,CORE10,2,0.0,percent
correlation-fio-randwrite-cores1,sar_concurrent,cpu_util,CORE10,3,0.0,percent
correlation-fio-randwrite-cores1,sar_concurrent,cpu_util,CORE10,4,0.0,percent
correlation-fio-randwrite-cores1,sar_concurrent,cpu_util,CORE10,5,0.0,percent
correlation-fio-randwrite-cores1,sar_concurrent,cpu_util,CORE10,6,0.0,percent
correlation-fio-randwrite-cores1,sar_concurrent,cpu_util,CORE10,7,0.0,percent
correlation-fio-randwrite-cores1,sar_concurrent,cpu_util,CORE10,8,0.0,percent
correlation-fio-randwrite-cores1,sar_concurrent,cpu_util,CORE10,9,0.0,percent
correlation-fio-randwrite-cores1,sar_concurrent,cpu_util,CORE10,10,0.0,percent
correlation-fio-randwrite-cores1,sar_concurrent,cpu_util,CORE10,11,0.0,percent
correlation-fio-randwrite-cores1,sar_concurrent,cpu_util,CORE10,12,0.99,percent
correlation-fio-randwrite-cores1,sar_concurrent,cpu_util,CORE10,13,0.0,percent
correlation-fio-randwrite-cores1,sar_concurrent,cpu_util,CORE10,14,0.0,percent
correlation-fio-randwrite-cores1,sar_concurrent,cpu_util,CORE10,15,0.0,percent
correlation-fio-randwrite-cores1,sar_concurrent,cpu_util,CORE10,16,0.0,percent
correlation-fio-randwrite-cores1,sar_concurrent,cpu_util,CORE10,17,0.0,percent
correlation-fio-randwrite-cores1,sar_concurrent,cpu_util,CORE10,18,0.0,percent
correlation-fio-randwrite-cores1,sar_concurrent,cpu_util,CORE10,19,0.0,percent
correlation-fio-randwrite-cores1,sar_concurrent,cpu_util,CORE10,20,0.0,percent
correlation-fio-randwrite-cores1,sar_concurrent,cpu_util,CORE10,21,0.0,percent
correlation-fio-randwrite-cores1,sar_concurrent,cpu_util,CORE10,22,0.0,percent
correlation-fio-randwrite-cores1,sar_concurrent,cpu_util,CORE10,23,0.0,percent
correlation-fio-randwrite-cores1,sar_concurrent,cpu_util,CORE10,24,0.0,percent
correlation-fio-randwrite-cores1,sar_concurrent,cpu_util,CORE10,25,0.0,percent
correlation-fio-randwrite-cores1,sar_concurrent,cpu_util,CORE10,26,0.0,percent
correlation-fio-randwrite-cores1,sar_concurrent,cpu_util,CORE10,27,0.0,percent
correlation-fio-randwrite-cores1,sar_concurrent,cpu_util,CORE10,28,0.0,percent
correlation-fio-randwrite-cores1,sar_concurrent,cpu_util,CORE10,29,0.0,percent
correlation-fio-randwrite-cores1,sar_concurrent,cpu_util,CORE10,30,0.0,percent
correlation-fio-randwrite-cores1,sar_concurrent,cpu_util,CORE10,31,0.0,percent
correlation-fio-randwrite-cores1,sar_concurrent,cpu_util,CORE10,32,0.0,percent
correlation-fio-randwrite-cores1,sar_concurrent,cpu_util,CORE10,33,0.0,percent
correlation-fio-randwrite-cores1,sar_concurrent,cpu_util,CORE10,34,0.0,percent
correlation-fio-randwrite-cores1,sar_concurrent,cpu_util,CORE10,35,0.0,percent
correlation-fio-randwrite-cores1,sar_concurrent,cpu_util,CORE10,36,0.0,percent
correlation-fio-randwrite-cores1,sar_concurrent,cpu_util,CORE10,37,0.0,percent
correlation-fio-randwrite-cores1,sar_concurrent,cpu_util,CORE10,38,0.0,percent
correlation-fio-randwrite-cores1,sar_concurrent,cpu_util,CORE10,39,0.0,percent
correlation-fio-randwrite-cores1,sar_concurrent,cpu_util,CORE10,40,0.0,percent
correlation-fio-randwrite-cores1,sar_concurrent,cpu_util,CORE10,41,0.0,percent
correlation-fio-randwrite-cores1,sar_concurrent,cpu_util,CORE10,42,0.99,percent
correlation-fio-randwrite-cores1,sar_concurrent,cpu_util,CORE10,43,0.0,percent
correlation-fio-randwrite-cores1,sar_concurrent,cpu_util,CORE10,44,0.0,percent
correlation-fio-randwrite-cores1,sar_concurrent,cpu_util,CORE10,45,0.0,percent
correlation-fio-randwrite-cores1,sar_concurrent,cpu_util,CORE10,46,0.0,percent
correlation-fio-randwrite-cores1,sar_concurrent,cpu_util,CORE10,47,0.0,percent
correlation-fio-randwrite-cores1,sar_concurrent,cpu_util,CORE10,48,0.0,percent
correlation-fio-randwrite-cores1,sar_concurrent,cpu_util,CORE10,49,0.0,percent
correlation-fio-randwrite-cores1,sar_concurrent,cpu_util,CORE10,50,0.0,percent
correlation-fio-randwrite-cores1,sar_concurrent,cpu_util,CORE10,51,0.0,percent
correlation-fio-randwrite-cores1,sar_concurrent,cpu_util,CORE10,52,0.99,percent
correlation-fio-randwrite-cores1,sar_concurrent,cpu_util,CORE10,53,0.0,percent
correlation-fio-randwrite-cores1,sar_concurrent,cpu_util,CORE10,54,0.0,percent
correlation-fio-randwrite-cores1,sar_concurrent,cpu_util,CORE10,55,0.0,percent
correlation-fio-randwrite-cores1,sar_concurrent,cpu_util,CORE10,56,0.0,percent
correlation-fio-randwrite-cores1,sar_concurrent,cpu_util,CORE10,57,0.0,percent
correlation-fio-randwrite-cores1,sar_concurrent,cpu_util,CORE10,58,0.0,percent
correlation-fio-randwrite-cores1,sar_concurrent,cpu_util,CORE10,59,0.0,percent
correlation-fio-randwrite-cores1,sar_concurrent,cpu_util,CORE11,0,1.0,percent
correlation-fio-randwrite-cores1,sar_concurrent,cpu_util,CORE11,1,0.0,percent
correlation-fio-randwrite-cores1,sar_concurrent,cpu_util,CORE11,2,0.0,percent
correlation-fio-randwrite-cores1,sar_concurrent,cpu_util,CORE11,3,0.0,percent
correlation-fio-randwrite-cores1,sar_concurrent,cpu_util,CORE11,4,0.0,percent
correlation-fio-randwrite-cores1,sar_concurrent,cpu_util,CORE11,5,0.0,percent
correlation-fio-randwrite-cores1,sar_concurrent,cpu_util,CORE11,6,0.0,percent
correlation-fio-randwrite-cores1,sar_concurrent,cpu_util,CORE11,7,0.0,percent
correlation-fio-randwrite-cores1,sar_concurrent,cpu_util,CORE11,8,0.0,percent
correlation-fio-randwrite-cores1,sar_concurrent,cpu_util,CORE11,9,0.99,percent
correlation-fio-randwrite-cores1,sar_concurrent,cpu_util,CORE11,10,0.0,percent
correlation-fio-randwrite-cores1,sar_concurrent,cpu_util,CORE11,11,0.0,percent
correlation-fio-randwrite-cores1,sar_concurrent,cpu_util,CORE11,12,0.0,percent
correlation-fio-randwrite-cores1,sar_concurrent,cpu_util,CORE11,13,0.0,percent
correlation-fio-randwrite-cores1,sar_concurrent,cpu_util,CORE11,14,0.0,percent
correlation-fio-randwrite-cores1,sar_concurrent,cpu_util,CORE11,15,0.0,percent
correlation-fio-randwrite-cores1,sar_concurrent,cpu_util,CORE11,16,0.0,percent
correlation-fio-randwrite-cores1,sar_concurrent,cpu_util,CORE11,17,0.0,percent
correlation-fio-randwrite-cores1,sar_concurrent,cpu_util,CORE11,18,0.0,percent
correlation-fio-randwrite-cores1,sar_concurrent,cpu_util,CORE11,19,0.0,percent
correlation-fio-randwrite-cores1,sar_concurrent,cpu_util,CORE11,20,0.0,percent
correlation-fio-randwrite-cores1,sar_concurrent,cpu_util,CORE11,21,0.0,percent
correlation-fio-randwrite-cores1,sar_concurrent,cpu_util,CORE11,22,0.0,percent
correlation-fio-randwrite-cores1,sar_concurrent,cpu_util,CORE11,23,0.0,percent
correlation-fio-randwrite-cores1,sar_concurrent,cpu_util,CORE11,24,0.0,percent
correlation-fio-randwrite-cores1,sar_concurrent,cpu_util,CORE11,25,0.0,percent
correlation-fio-randwrite-cores1,sar_concurrent,cpu_util,CORE11,26,0.0,percent
correlation-fio-randwrite-cores1,sar_concurrent,cpu_util,CORE11,27,0.0,percent
correlation-fio-randwrite-cores1,sar_concurrent,cpu_util,CORE11,28,0.0,percent
correlation-fio-randwrite-cores1,sar_concurrent,cpu_util,CORE11,29,0.0,percent
correlation-fio-randwrite-cores1,sar_concurrent,cpu_util,CORE11,30,0.0,percent
correlation-fio-randwrite-cores1,sar_concurrent,cpu_util,CORE11,31,0.0,percent
correlation-fio-randwrite-cores1,sar_concurrent,cpu_util,CORE11,32,0.0,percent
correlation-fio-randwrite-cores1,sar_concurrent,cpu_util,CORE11,33,0.0,percent
correlation-fio-randwrite-cores1,sar_concurrent,cpu_util,CORE11,34,0.0,percent
correlation-fio-randwrite-cores1,sar_concurrent,cpu_util,CORE11,35,0.0,percent
correlation-fio-randwrite-cores1,sar_concurrent,cpu_util,CORE11,36,0.0,percent
correlation-fio-randwrite-cores1,sar_concurrent,cpu_util,CORE11,37,0.0,percent
correlation-fio-randwrite-cores1,sar_concurrent,cpu_util,CORE11,38,0.0,percent
correlation-fio-randwrite-cores1,sar_concurrent,cpu_util,CORE11,39,0.0,percent
correlation-fio-randwrite-cores1,sar_concurrent,cpu_util,CORE11,40,0.0,percent
correlation-fio-randwrite-cores1,sar_concurrent,cpu_util,CORE11,41,0.0,percent
correlation-fio-randwrite-cores1,sar_concurrent,cpu_util,CORE11,42,0.0,percent
correlation-fio-randwrite-cores1,sar_concurrent,cpu_util,CORE11,43,0.0,percent
correlation-fio-randwrite-cores1,sar_concurrent,cpu_util,CORE11,44,0.0,percent
correlation-fio-randwrite-cores1,sar_concurrent,cpu_util,CORE11,45,0.0,percent
correlation-fio-randwrite-cores1,sar_concurrent,cpu_util,CORE11,46,0.0,percent
correlation-fio-randwrite-cores1,sar_concurrent,cpu_util,CORE11,47,0.0,percent
correlation-fio-randwrite-cores1,sar_concurrent,cpu_util,CORE11,48,0.0,percent
correlation-fio-randwrite-cores1,sar_concurrent,cpu_util,CORE11,49,0.0,percent
correlation-fio-randwrite-cores1,sar_concurrent,cpu_util,CORE11,50,0.0,percent
correlation-fio-randwrite-cores1,sar_concurrent,cpu_util,CORE11,51,0.0,percent
correlation-fio-randwrite-cores1,sar_concurrent,cpu_util,CORE11,52,0.0,percent
correlation-fio-randwrite-cores1,sar_concurrent,cpu_util,CORE11,53,0.0,percent
correlation-fio-randwrite-cores1,sar_concurrent,cpu_util,CORE11,54,0.0,percent
correlation-fio-randwrite-cores1,sar_concurrent,cpu_util,CORE11,55,0.0,percent
correlation-fio-randwrite-cores1,sar_concurrent,cpu_util,CORE11,56,0.0,percent
correlation-fio-randwrite-cores1,sar_concurrent,cpu_util,CORE11,57,0.0,percent
correlation-fio-randwrite-cores1,sar_concurrent,cpu_util,CORE11,58,0.0,percent
correlation-fio-randwrite-cores1,sar_concurrent,cpu_util,CORE11,59,0.0,percent
correlation-fio-randwrite-cores1,sar_concurrent,cpu_util,CORE12,0,2.97,percent
correlation-fio-randwrite-cores1,sar_concurrent,cpu_util,CORE12,1,0.0,percent
correlation-fio-randwrite-cores1,sar_concurrent,cpu_util,CORE12,2,0.0,percent
correlation-fio-randwrite-cores1,sar_concurrent,cpu_util,CORE12,3,0.0,percent
correlation-fio-randwrite-cores1,sar_concurrent,cpu_util,CORE12,4,0.0,percent
correlation-fio-randwrite-cores1,sar_concurrent,cpu_util,CORE12,5,0.0,percent
correlation-fio-randwrite-cores1,sar_concurrent,cpu_util,CORE12,6,0.0,percent
correlation-fio-randwrite-cores1,sar_concurrent,cpu_util,CORE12,7,0.0,percent
correlation-fio-randwrite-cores1,sar_concurrent,cpu_util,CORE12,8,0.0,percent
correlation-fio-randwrite-cores1,sar_concurrent,cpu_util,CORE12,9,0.0,percent
correlation-fio-randwrite-cores1,sar_concurrent,cpu_util,CORE12,10,0.0,percent
correlation-fio-randwrite-cores1,sar_concurrent,cpu_util,CORE12,11,0.0,percent
correlation-fio-randwrite-cores1,sar_concurrent,cpu_util,CORE12,12,0.0,percent
correlation-fio-randwrite-cores1,sar_concurrent,cpu_util,CORE12,13,0.0,percent
correlation-fio-randwrite-cores1,sar_concurrent,cpu_util,CORE12,14,0.0,percent
correlation-fio-randwrite-cores1,sar_concurrent,cpu_util,CORE12,15,0.0,percent
correlation-fio-randwrite-cores1,sar_concurrent,cpu_util,CORE12,16,0.0,percent
correlation-fio-randwrite-cores1,sar_concurrent,cpu_util,CORE12,17,0.0,percent
correlation-fio-randwrite-cores1,sar_concurrent,cpu_util,CORE12,18,0.0,percent
correlation-fio-randwrite-cores1,sar_concurrent,cpu_util,CORE12,19,0.0,percent
correlation-fio-randwrite-cores1,sar_concurrent,cpu_util,CORE12,20,0.0,percent
correlation-fio-randwrite-cores1,sar_concurrent,cpu_util,CORE12,21,0.0,percent
correlation-fio-randwrite-cores1,sar_concurrent,cpu_util,CORE12,22,0.0,percent
correlation-fio-randwrite-cores1,sar_concurrent,cpu_util,CORE12,23,0.0,percent
correlation-fio-randwrite-cores1,sar_concurrent,cpu_util,CORE12,24,0.0,percent
correlation-fio-randwrite-cores1,sar_concurrent,cpu_util,CORE12,25,0.0,percent
correlation-fio-randwrite-cores1,sar_concurrent,cpu_util,CORE12,26,0.0,percent
correlation-fio-randwrite-cores1,sar_concurrent,cpu_util,CORE12,27,0.0,percent
correlation-fio-randwrite-cores1,sar_concurrent,cpu_util,CORE12,28,0.0,percent
correlation-fio-randwrite-cores1,sar_concurrent,cpu_util,CORE12,29,0.0,percent
correlation-fio-randwrite-cores1,sar_concurrent,cpu_util,CORE12,30,0.0,percent
correlation-fio-randwrite-cores1,sar_concurrent,cpu_util,CORE12,31,0.0,percent
correlation-fio-randwrite-cores1,sar_concurrent,cpu_util,CORE12,32,0.0,percent
correlation-fio-randwrite-cores1,sar_concurrent,cpu_util,CORE12,33,0.0,percent
correlation-fio-randwrite-cores1,sar_concurrent,cpu_util,CORE12,34,0.0,percent
correlation-fio-randwrite-cores1,sar_concurrent,cpu_util,CORE12,35,0.0,percent
correlation-fio-randwrite-cores1,sar_concurrent,cpu_util,CORE12,36,0.0,percent
correlation-fio-randwrite-cores1,sar_concurrent,cpu_util,CORE12,37,0.0,percent
correlation-fio-randwrite-cores1,sar_concurrent,cpu_util,CORE12,38,0.0,percent
correlation-fio-randwrite-cores1,sar_concurrent,cpu_util,CORE12,39,0.0,percent
correlation-fio-randwrite-cores1,sar_concurrent,cpu_util,CORE12,40,0.0,percent
correlation-fio-randwrite-cores1,sar_concurrent,cpu_util,CORE12,41,0.99,percent
correlation-fio-randwrite-cores1,sar_concurrent,cpu_util,CORE12,42,0.0,percent
correlation-fio-randwrite-cores1,sar_concurrent,cpu_util,CORE12,43,0.0,percent
correlation-fio-randwrite-cores1,sar_concurrent,cpu_util,CORE12,44,0.0,percent
correlation-fio-randwrite-cores1,sar_concurrent,cpu_util,CORE12,45,0.0,percent
correlation-fio-randwrite-cores1,sar_concurrent,cpu_util,CORE12,46,0.0,percent
correlation-fio-randwrite-cores1,sar_concurrent,cpu_util,CORE12,47,0.0,percent
correlation-fio-randwrite-cores1,sar_concurrent,cpu_util,CORE12,48,0.0,percent
correlation-fio-randwrite-cores1,sar_concurrent,cpu_util,CORE12,49,0.0,percent
correlation-fio-randwrite-cores1,sar_concurrent,cpu_util,CORE12,50,0.0,percent
correlation-fio-randwrite-cores1,sar_concurrent,cpu_util,CORE12,51,0.0,percent
correlation-fio-randwrite-cores1,sar_concurrent,cpu_util,CORE12,52,0.0,percent
correlation-fio-randwrite-cores1,sar_concurrent,cpu_util,CORE12,53,0.0,percent
correlation-fio-randwrite-cores1,sar_concurrent,cpu_util,CORE12,54,0.0,percent
correlation-fio-randwrite-cores1,sar_concurrent,cpu_util,CORE12,55,0.0,percent
correlation-fio-randwrite-cores1,sar_concurrent,cpu_util,CORE12,56,0.0,percent
correlation-fio-randwrite-cores1,sar_concurrent,cpu_util,CORE12,57,0.0,percent
correlation-fio-randwrite-cores1,sar_concurrent,cpu_util,CORE12,58,0.0,percent
correlation-fio-randwrite-cores1,sar_concurrent,cpu_util,CORE12,59,0.0,percent
correlation-fio-randwrite-cores1,sar_concurrent,cpu_util,CORE13,0,2.0,percent
correlation-fio-randwrite-cores1,sar_concurrent,cpu_util,CORE13,1,0.0,percent
correlation-fio-randwrite-cores1,sar_concurrent,cpu_util,CORE13,2,0.0,percent
correlation-fio-randwrite-cores1,sar_concurrent,cpu_util,CORE13,3,0.0,percent
correlation-fio-randwrite-cores1,sar_concurrent,cpu_util,CORE13,4,0.0,percent
correlation-fio-randwrite-cores1,sar_concurrent,cpu_util,CORE13,5,0.0,percent
correlation-fio-randwrite-cores1,sar_concurrent,cpu_util,CORE13,6,0.0,percent
correlation-fio-randwrite-cores1,sar_concurrent,cpu_util,CORE13,7,0.0,percent
correlation-fio-randwrite-cores1,sar_concurrent,cpu_util,CORE13,8,0.0,percent
correlation-fio-randwrite-cores1,sar_concurrent,cpu_util,CORE13,9,0.0,percent
correlation-fio-randwrite-cores1,sar_concurrent,cpu_util,CORE13,10,1.98,percent
correlation-fio-randwrite-cores1,sar_concurrent,cpu_util,CORE13,11,0.0,percent
correlation-fio-randwrite-cores1,sar_concurrent,cpu_util,CORE13,12,0.0,percent
correlation-fio-randwrite-cores1,sar_concurrent,cpu_util,CORE13,13,0.99,percent
correlation-fio-randwrite-cores1,sar_concurrent,cpu_util,CORE13,14,2.02,percent
correlation-fio-randwrite-cores1,sar_concurrent,cpu_util,CORE13,15,0.0,percent
correlation-fio-randwrite-cores1,sar_concurrent,cpu_util,CORE13,16,0.0,percent
correlation-fio-randwrite-cores1,sar_concurrent,cpu_util,CORE13,17,0.0,percent
correlation-fio-randwrite-cores1,sar_concurrent,cpu_util,CORE13,18,0.0,percent
correlation-fio-randwrite-cores1,sar_concurrent,cpu_util,CORE13,19,0.0,percent
correlation-fio-randwrite-cores1,sar_concurrent,cpu_util,CORE13,20,0.0,percent
correlation-fio-randwrite-cores1,sar_concurrent,cpu_util,CORE13,21,0.0,percent
correlation-fio-randwrite-cores1,sar_concurrent,cpu_util,CORE13,22,0.0,percent
correlation-fio-randwrite-cores1,sar_concurrent,cpu_util,CORE13,23,0.0,percent
correlation-fio-randwrite-cores1,sar_concurrent,cpu_util,CORE13,24,0.0,percent
correlation-fio-randwrite-cores1,sar_concurrent,cpu_util,CORE13,25,0.0,percent
correlation-fio-randwrite-cores1,sar_concurrent,cpu_util,CORE13,26,0.0,percent
correlation-fio-randwrite-cores1,sar_concurrent,cpu_util,CORE13,27,0.0,percent
correlation-fio-randwrite-cores1,sar_concurrent,cpu_util,CORE13,28,0.0,percent
correlation-fio-randwrite-cores1,sar_concurrent,cpu_util,CORE13,29,0.0,percent
correlation-fio-randwrite-cores1,sar_concurrent,cpu_util,CORE13,30,0.0,percent
correlation-fio-randwrite-cores1,sar_concurrent,cpu_util,CORE13,31,0.0,percent
correlation-fio-randwrite-cores1,sar_concurrent,cpu_util,CORE13,32,0.0,percent
correlation-fio-randwrite-cores1,sar_concurrent,cpu_util,CORE13,33,0.0,percent
correlation-fio-randwrite-cores1,sar_concurrent,cpu_util,CORE13,34,0.0,percent
correlation-fio-randwrite-cores1,sar_concurrent,cpu_util,CORE13,35,0.0,percent
correlation-fio-randwrite-cores1,sar_concurrent,cpu_util,CORE13,36,0.0,percent
correlation-fio-randwrite-cores1,sar_concurrent,cpu_util,CORE13,37,0.0,percent
correlation-fio-randwrite-cores1,sar_concurrent,cpu_util,CORE13,38,0.0,percent
correlation-fio-randwrite-cores1,sar_concurrent,cpu_util,CORE13,39,0.0,percent
correlation-fio-randwrite-cores1,sar_concurrent,cpu_util,CORE13,40,0.0,percent
correlation-fio-randwrite-cores1,sar_concurrent,cpu_util,CORE13,41,0.0,percent
correlation-fio-randwrite-cores1,sar_concurrent,cpu_util,CORE13,42,0.0,percent
correlation-fio-randwrite-cores1,sar_concurrent,cpu_util,CORE13,43,0.0,percent
correlation-fio-randwrite-cores1,sar_concurrent,cpu_util,CORE13,44,0.99,percent
correlation-fio-randwrite-cores1,sar_concurrent,cpu_util,CORE13,45,1.0,percent
correlation-fio-randwrite-cores1,sar_concurrent,cpu_util,CORE13,46,0.0,percent
correlation-fio-randwrite-cores1,sar_concurrent,cpu_util,CORE13,47,1.0,percent
correlation-fio-randwrite-cores1,sar_concurrent,cpu_util,CORE13,48,0.99,percent
correlation-fio-randwrite-cores1,sar_concurrent,cpu_util,CORE13,49,0.0,percent
correlation-fio-randwrite-cores1,sar_concurrent,cpu_util,CORE13,50,0.0,percent
correlation-fio-randwrite-cores1,sar_concurrent,cpu_util,CORE13,51,0.0,percent
correlation-fio-randwrite-cores1,sar_concurrent,cpu_util,CORE13,52,0.0,percent
correlation-fio-randwrite-cores1,sar_concurrent,cpu_util,CORE13,53,0.0,percent
correlation-fio-randwrite-cores1,sar_concurrent,cpu_util,CORE13,54,0.0,percent
correlation-fio-randwrite-cores1,sar_concurrent,cpu_util,CORE13,55,0.0,percent
correlation-fio-randwrite-cores1,sar_concurrent,cpu_util,CORE13,56,3.0,percent
correlation-fio-randwrite-cores1,sar_concurrent,cpu_util,CORE13,57,0.0,percent
correlation-fio-randwrite-cores1,sar_concurrent,cpu_util,CORE13,58,0.0,percent
correlation-fio-randwrite-cores1,sar_concurrent,cpu_util,CORE13,59,0.0,percent
correlation-fio-randwrite-cores1,sar_concurrent,cpu_util,CORE14,0,1.0,percent
correlation-fio-randwrite-cores1,sar_concurrent,cpu_util,CORE14,1,0.0,percent
correlation-fio-randwrite-cores1,sar_concurrent,cpu_util,CORE14,2,0.0,percent
correlation-fio-randwrite-cores1,sar_concurrent,cpu_util,CORE14,3,0.0,percent
correlation-fio-randwrite-cores1,sar_concurrent,cpu_util,CORE14,4,0.0,percent
correlation-fio-randwrite-cores1,sar_concurrent,cpu_util,CORE14,5,0.0,percent
correlation-fio-randwrite-cores1,sar_concurrent,cpu_util,CORE14,6,0.0,percent
correlation-fio-randwrite-cores1,sar_concurrent,cpu_util,CORE14,7,0.0,percent
correlation-fio-randwrite-cores1,sar_concurrent,cpu_util,CORE14,8,0.0,percent
correlation-fio-randwrite-cores1,sar_concurrent,cpu_util,CORE14,9,0.0,percent
correlation-fio-randwrite-cores1,sar_concurrent,cpu_util,CORE14,10,0.0,percent
correlation-fio-randwrite-cores1,sar_concurrent,cpu_util,CORE14,11,0.0,percent
correlation-fio-randwrite-cores1,sar_concurrent,cpu_util,CORE14,12,0.0,percent
correlation-fio-randwrite-cores1,sar_concurrent,cpu_util,CORE14,13,0.0,percent
correlation-fio-randwrite-cores1,sar_concurrent,cpu_util,CORE14,14,0.0,percent
correlation-fio-randwrite-cores1,sar_concurrent,cpu_util,CORE14,15,0.0,percent
correlation-fio-randwrite-cores1,sar_concurrent,cpu_util,CORE14,16,0.0,percent
correlation-fio-randwrite-cores1,sar_concurrent,cpu_util,CORE14,17,0.0,percent
correlation-fio-randwrite-cores1,sar_concurrent,cpu_util,CORE14,18,0.0,percent
correlation-fio-randwrite-cores1,sar_concurrent,cpu_util,CORE14,19,0.0,percent
correlation-fio-randwrite-cores1,sar_concurrent,cpu_util,CORE14,20,0.0,percent
correlation-fio-randwrite-cores1,sar_concurrent,cpu_util,CORE14,21,0.0,percent
correlation-fio-randwrite-cores1,sar_concurrent,cpu_util,CORE14,22,0.0,percent
correlation-fio-randwrite-cores1,sar_concurrent,cpu_util,CORE14,23,0.0,percent
correlation-fio-randwrite-cores1,sar_concurrent,cpu_util,CORE14,24,0.0,percent
correlation-fio-randwrite-cores1,sar_concurrent,cpu_util,CORE14,25,0.0,percent
correlation-fio-randwrite-cores1,sar_concurrent,cpu_util,CORE14,26,0.0,percent
correlation-fio-randwrite-cores1,sar_concurrent,cpu_util,CORE14,27,0.0,percent
correlation-fio-randwrite-cores1,sar_concurrent,cpu_util,CORE14,28,0.0,percent
correlation-fio-randwrite-cores1,sar_concurrent,cpu_util,CORE14,29,0.0,percent
correlation-fio-randwrite-cores1,sar_concurrent,cpu_util,CORE14,30,0.0,percent
correlation-fio-randwrite-cores1,sar_concurrent,cpu_util,CORE14,31,0.99,percent
correlation-fio-randwrite-cores1,sar_concurrent,cpu_util,CORE14,32,0.0,percent
correlation-fio-randwrite-cores1,sar_concurrent,cpu_util,CORE14,33,0.0,percent
correlation-fio-randwrite-cores1,sar_concurrent,cpu_util,CORE14,34,0.0,percent
correlation-fio-randwrite-cores1,sar_concurrent,cpu_util,CORE14,35,0.0,percent
correlation-fio-randwrite-cores1,sar_concurrent,cpu_util,CORE14,36,0.0,percent
correlation-fio-randwrite-cores1,sar_concurrent,cpu_util,CORE14,37,0.0,percent
correlation-fio-randwrite-cores1,sar_concurrent,cpu_util,CORE14,38,0.0,percent
correlation-fio-randwrite-cores1,sar_concurrent,cpu_util,CORE14,39,0.0,percent
correlation-fio-randwrite-cores1,sar_concurrent,cpu_util,CORE14,40,0.0,percent
correlation-fio-randwrite-cores1,sar_concurrent,cpu_util,CORE14,41,0.0,percent
correlation-fio-randwrite-cores1,sar_concurrent,cpu_util,CORE14,42,0.0,percent
correlation-fio-randwrite-cores1,sar_concurrent,cpu_util,CORE14,43,0.0,percent
correlation-fio-randwrite-cores1,sar_concurrent,cpu_util,CORE14,44,0.99,percent
correlation-fio-randwrite-cores1,sar_concurrent,cpu_util,CORE14,45,0.0,percent
correlation-fio-randwrite-cores1,sar_concurrent,cpu_util,CORE14,46,0.0,percent
correlation-fio-randwrite-cores1,sar_concurrent,cpu_util,CORE14,47,0.0,percent
correlation-fio-randwrite-cores1,sar_concurrent,cpu_util,CORE14,48,0.0,percent
correlation-fio-randwrite-cores1,sar_concurrent,cpu_util,CORE14,49,0.0,percent
correlation-fio-randwrite-cores1,sar_concurrent,cpu_util,CORE14,50,0.0,percent
correlation-fio-randwrite-cores1,sar_concurrent,cpu_util,CORE14,51,0.0,percent
correlation-fio-randwrite-cores1,sar_concurrent,cpu_util,CORE14,52,0.0,percent
correlation-fio-randwrite-cores1,sar_concurrent,cpu_util,CORE14,53,0.0,percent
correlation-fio-randwrite-cores1,sar_concurrent,cpu_util,CORE14,54,0.0,percent
correlation-fio-randwrite-cores1,sar_concurrent,cpu_util,CORE14,55,0.0,percent
correlation-fio-randwrite-cores1,sar_concurrent,cpu_util,CORE14,56,1.0,percent
correlation-fio-randwrite-cores1,sar_concurrent,cpu_util,CORE14,57,0.0,percent
correlation-fio-randwrite-cores1,sar_concurrent,cpu_util,CORE14,58,0.0,percent
correlation-fio-randwrite-cores1,sar_concurrent,cpu_util,CORE14,59,0.0,percent
correlation-fio-randwrite-cores1,sar_concurrent,cpu_util,CORE15,0,1.01,percent
correlation-fio-randwrite-cores1,sar_concurrent,cpu_util,CORE15,1,0.0,percent
correlation-fio-randwrite-cores1,sar_concurrent,cpu_util,CORE15,2,0.0,percent
correlation-fio-randwrite-cores1,sar_concurrent,cpu_util,CORE15,3,0.0,percent
correlation-fio-randwrite-cores1,sar_concurrent,cpu_util,CORE15,4,0.0,percent
correlation-fio-randwrite-cores1,sar_concurrent,cpu_util,CORE15,5,0.0,percent
correlation-fio-randwrite-cores1,sar_concurrent,cpu_util,CORE15,6,0.0,percent
correlation-fio-randwrite-cores1,sar_concurrent,cpu_util,CORE15,7,0.0,percent
correlation-fio-randwrite-cores1,sar_concurrent,cpu_util,CORE15,8,0.0,percent
correlation-fio-randwrite-cores1,sar_concurrent,cpu_util,CORE15,9,0.0,percent
correlation-fio-randwrite-cores1,sar_concurrent,cpu_util,CORE15,10,0.0,percent
correlation-fio-randwrite-cores1,sar_concurrent,cpu_util,CORE15,11,0.0,percent
correlation-fio-randwrite-cores1,sar_concurrent,cpu_util,CORE15,12,0.0,percent
correlation-fio-randwrite-cores1,sar_concurrent,cpu_util,CORE15,13,0.0,percent
correlation-fio-randwrite-cores1,sar_concurrent,cpu_util,CORE15,14,1.0,percent
correlation-fio-randwrite-cores1,sar_concurrent,cpu_util,CORE15,15,0.0,percent
correlation-fio-randwrite-cores1,sar_concurrent,cpu_util,CORE15,16,0.0,percent
correlation-fio-randwrite-cores1,sar_concurrent,cpu_util,CORE15,17,0.0,percent
correlation-fio-randwrite-cores1,sar_concurrent,cpu_util,CORE15,18,0.0,percent
correlation-fio-randwrite-cores1,sar_concurrent,cpu_util,CORE15,19,0.0,percent
correlation-fio-randwrite-cores1,sar_concurrent,cpu_util,CORE15,20,0.0,percent
correlation-fio-randwrite-cores1,sar_concurrent,cpu_util,CORE15,21,0.0,percent
correlation-fio-randwrite-cores1,sar_concurrent,cpu_util,CORE15,22,0.0,percent
correlation-fio-randwrite-cores1,sar_concurrent,cpu_util,CORE15,23,0.0,percent
correlation-fio-randwrite-cores1,sar_concurrent,cpu_util,CORE15,24,0.0,percent
correlation-fio-randwrite-cores1,sar_concurrent,cpu_util,CORE15,25,0.0,percent
correlation-fio-randwrite-cores1,sar_concurrent,cpu_util,CORE15,26,0.0,percent
correlation-fio-randwrite-cores1,sar_concurrent,cpu_util,CORE15,27,0.0,percent
correlation-fio-randwrite-cores1,sar_concurrent,cpu_util,CORE15,28,0.0,percent
correlation-fio-randwrite-cores1,sar_concurrent,cpu_util,CORE15,29,0.0,percent
correlation-fio-randwrite-cores1,sar_concurrent,cpu_util,CORE15,30,0.0,percent
correlation-fio-randwrite-cores1,sar_concurrent,cpu_util,CORE15,31,0.0,percent
correlation-fio-randwrite-cores1,sar_concurrent,cpu_util,CORE15,32,0.0,percent
correlation-fio-randwrite-cores1,sar_concurrent,cpu_util,CORE15,33,0.0,percent
correlation-fio-randwrite-cores1,sar_concurrent,cpu_util,CORE15,34,0.0,percent
correlation-fio-randwrite-cores1,sar_concurrent,cpu_util,CORE15,35,0.0,percent
correlation-fio-randwrite-cores1,sar_concurrent,cpu_util,CORE15,36,0.0,percent
correlation-fio-randwrite-cores1,sar_concurrent,cpu_util,CORE15,37,1.0,percent
correlation-fio-randwrite-cores1,sar_concurrent,cpu_util,CORE15,38,0.0,percent
correlation-fio-randwrite-cores1,sar_concurrent,cpu_util,CORE15,39,0.0,percent
correlation-fio-randwrite-cores1,sar_concurrent,cpu_util,CORE15,40,0.0,percent
correlation-fio-randwrite-cores1,sar_concurrent,cpu_util,CORE15,41,0.0,percent
correlation-fio-randwrite-cores1,sar_concurrent,cpu_util,CORE15,42,0.0,percent
correlation-fio-randwrite-cores1,sar_concurrent,cpu_util,CORE15,43,0.0,percent
correlation-fio-randwrite-cores1,sar_concurrent,cpu_util,CORE15,44,0.0,percent
correlation-fio-randwrite-cores1,sar_concurrent,cpu_util,CORE15,45,0.0,percent
correlation-fio-randwrite-cores1,sar_concurrent,cpu_util,CORE15,46,0.0,percent
correlation-fio-randwrite-cores1,sar_concurrent,cpu_util,CORE15,47,0.0,percent
correlation-fio-randwrite-cores1,sar_concurrent,cpu_util,CORE15,48,0.0,percent
correlation-fio-randwrite-cores1,sar_concurrent,cpu_util,CORE15,49,0.0,percent
correlation-fio-randwrite-cores1,sar_concurrent,cpu_util,CORE15,50,0.0,percent
correlation-fio-randwrite-cores1,sar_concurrent,cpu_util,CORE15,51,0.0,percent
correlation-fio-randwrite-cores1,sar_concurrent,cpu_util,CORE15,52,0.0,percent
correlation-fio-randwrite-cores1,sar_concurrent,cpu_util,CORE15,53,0.0,percent
correlation-fio-randwrite-cores1,sar_concurrent,cpu_util,CORE15,54,0.0,percent
correlation-fio-randwrite-cores1,sar_concurrent,cpu_util,CORE15,55,0.0,percent
correlation-fio-randwrite-cores1,sar_concurrent,cpu_util,CORE15,56,0.0,percent
correlation-fio-randwrite-cores1,sar_concurrent,cpu_util,CORE15,57,0.0,percent
correlation-fio-randwrite-cores1,sar_concurrent,cpu_util,CORE15,58,0.0,percent
correlation-fio-randwrite-cores1,sar_concurrent,cpu_util,CORE15,59,0.0,percent
correlation-fio-randwrite-cores1,sar_concurrent,cpu_util,CORE16,0,6.0,percent
correlation-fio-randwrite-cores1,sar_concurrent,cpu_util,CORE16,1,0.0,percent
correlation-fio-randwrite-cores1,sar_concurrent,cpu_util,CORE16,2,1.0,percent
correlation-fio-randwrite-cores1,sar_concurrent,cpu_util,CORE16,3,0.99,percent
correlation-fio-randwrite-cores1,sar_concurrent,cpu_util,CORE16,4,1.0,percent
correlation-fio-randwrite-cores1,sar_concurrent,cpu_util,CORE16,5,1.0,percent
correlation-fio-randwrite-cores1,sar_concurrent,cpu_util,CORE16,6,1.0,percent
correlation-fio-randwrite-cores1,sar_concurrent,cpu_util,CORE16,7,1.0,percent
correlation-fio-randwrite-cores1,sar_concurrent,cpu_util,CORE16,8,1.0,percent
correlation-fio-randwrite-cores1,sar_concurrent,cpu_util,CORE16,9,1.0,percent
correlation-fio-randwrite-cores1,sar_concurrent,cpu_util,CORE16,10,1.0,percent
correlation-fio-randwrite-cores1,sar_concurrent,cpu_util,CORE16,11,0.99,percent
correlation-fio-randwrite-cores1,sar_concurrent,cpu_util,CORE16,12,1.0,percent
correlation-fio-randwrite-cores1,sar_concurrent,cpu_util,CORE16,13,1.0,percent
correlation-fio-randwrite-cores1,sar_concurrent,cpu_util,CORE16,14,1.0,percent
correlation-fio-randwrite-cores1,sar_concurrent,cpu_util,CORE16,15,0.0,percent
correlation-fio-randwrite-cores1,sar_concurrent,cpu_util,CORE16,16,0.0,percent
correlation-fio-randwrite-cores1,sar_concurrent,cpu_util,CORE16,17,0.0,percent
correlation-fio-randwrite-cores1,sar_concurrent,cpu_util,CORE16,18,0.0,percent
correlation-fio-randwrite-cores1,sar_concurrent,cpu_util,CORE16,19,0.0,percent
correlation-fio-randwrite-cores1,sar_concurrent,cpu_util,CORE16,20,0.0,percent
correlation-fio-randwrite-cores1,sar_concurrent,cpu_util,CORE16,21,0.0,percent
correlation-fio-randwrite-cores1,sar_concurrent,cpu_util,CORE16,22,0.0,percent
correlation-fio-randwrite-cores1,sar_concurrent,cpu_util,CORE16,23,0.0,percent
correlation-fio-randwrite-cores1,sar_concurrent,cpu_util,CORE16,24,0.0,percent
correlation-fio-randwrite-cores1,sar_concurrent,cpu_util,CORE16,25,0.0,percent
correlation-fio-randwrite-cores1,sar_concurrent,cpu_util,CORE16,26,1.0,percent
correlation-fio-randwrite-cores1,sar_concurrent,cpu_util,CORE16,27,0.0,percent
correlation-fio-randwrite-cores1,sar_concurrent,cpu_util,CORE16,28,0.99,percent
correlation-fio-randwrite-cores1,sar_concurrent,cpu_util,CORE16,29,0.0,percent
correlation-fio-randwrite-cores1,sar_concurrent,cpu_util,CORE16,30,0.0,percent
correlation-fio-randwrite-cores1,sar_concurrent,cpu_util,CORE16,31,0.99,percent
correlation-fio-randwrite-cores1,sar_concurrent,cpu_util,CORE16,32,0.0,percent
correlation-fio-randwrite-cores1,sar_concurrent,cpu_util,CORE16,33,0.0,percent
correlation-fio-randwrite-cores1,sar_concurrent,cpu_util,CORE16,34,0.0,percent
correlation-fio-randwrite-cores1,sar_concurrent,cpu_util,CORE16,35,0.0,percent
correlation-fio-randwrite-cores1,sar_concurrent,cpu_util,CORE16,36,0.0,percent
correlation-fio-randwrite-cores1,sar_concurrent,cpu_util,CORE16,37,0.0,percent
correlation-fio-randwrite-cores1,sar_concurrent,cpu_util,CORE16,38,0.0,percent
correlation-fio-randwrite-cores1,sar_concurrent,cpu_util,CORE16,39,0.0,percent
correlation-fio-randwrite-cores1,sar_concurrent,cpu_util,CORE16,40,1.0,percent
correlation-fio-randwrite-cores1,sar_concurrent,cpu_util,CORE16,41,0.0,percent
correlation-fio-randwrite-cores1,sar_concurrent,cpu_util,CORE16,42,0.0,percent
correlation-fio-randwrite-cores1,sar_concurrent,cpu_util,CORE16,43,0.0,percent
correlation-fio-randwrite-cores1,sar_concurrent,cpu_util,CORE16,44,0.0,percent
correlation-fio-randwrite-cores1,sar_concurrent,cpu_util,CORE16,45,0.0,percent
correlation-fio-randwrite-cores1,sar_concurrent,cpu_util,CORE16,46,0.0,percent
correlation-fio-randwrite-cores1,sar_concurrent,cpu_util,CORE16,47,0.0,percent
correlation-fio-randwrite-cores1,sar_concurrent,cpu_util,CORE16,48,0.0,percent
correlation-fio-randwrite-cores1,sar_concurrent,cpu_util,CORE16,49,0.0,percent
correlation-fio-randwrite-cores1,sar_concurrent,cpu_util,CORE16,50,0.0,percent
correlation-fio-randwrite-cores1,sar_concurrent,cpu_util,CORE16,51,0.0,percent
correlation-fio-randwrite-cores1,sar_concurrent,cpu_util,CORE16,52,0.0,percent
correlation-fio-randwrite-cores1,sar_concurrent,cpu_util,CORE16,53,0.0,percent
correlation-fio-randwrite-cores1,sar_concurrent,cpu_util,CORE16,54,0.0,percent
correlation-fio-randwrite-cores1,sar_concurrent,cpu_util,CORE16,55,0.0,percent
correlation-fio-randwrite-cores1,sar_concurrent,cpu_util,CORE16,56,0.99,percent
correlation-fio-randwrite-cores1,sar_concurrent,cpu_util,CORE16,57,0.0,percent
correlation-fio-randwrite-cores1,sar_concurrent,cpu_util,CORE16,58,0.0,percent
correlation-fio-randwrite-cores1,sar_concurrent,cpu_util,CORE16,59,0.0,percent
correlation-fio-randwrite-cores1,sar_concurrent,cpu_util,CORE17,0,16.0,percent
correlation-fio-randwrite-cores1,sar_concurrent,cpu_util,CORE17,1,0.0,percent
correlation-fio-randwrite-cores1,sar_concurrent,cpu_util,CORE17,2,0.0,percent
correlation-fio-randwrite-cores1,sar_concurrent,cpu_util,CORE17,3,0.0,percent
correlation-fio-randwrite-cores1,sar_concurrent,cpu_util,CORE17,4,0.0,percent
correlation-fio-randwrite-cores1,sar_concurrent,cpu_util,CORE17,5,0.0,percent
correlation-fio-randwrite-cores1,sar_concurrent,cpu_util,CORE17,6,0.99,percent
correlation-fio-randwrite-cores1,sar_concurrent,cpu_util,CORE17,7,0.0,percent
correlation-fio-randwrite-cores1,sar_concurrent,cpu_util,CORE17,8,1.0,percent
correlation-fio-randwrite-cores1,sar_concurrent,cpu_util,CORE17,9,0.0,percent
correlation-fio-randwrite-cores1,sar_concurrent,cpu_util,CORE17,10,0.0,percent
correlation-fio-randwrite-cores1,sar_concurrent,cpu_util,CORE17,11,0.0,percent
correlation-fio-randwrite-cores1,sar_concurrent,cpu_util,CORE17,12,0.0,percent
correlation-fio-randwrite-cores1,sar_concurrent,cpu_util,CORE17,13,1.0,percent
correlation-fio-randwrite-cores1,sar_concurrent,cpu_util,CORE17,14,0.0,percent
correlation-fio-randwrite-cores1,sar_concurrent,cpu_util,CORE17,15,0.0,percent
correlation-fio-randwrite-cores1,sar_concurrent,cpu_util,CORE17,16,0.0,percent
correlation-fio-randwrite-cores1,sar_concurrent,cpu_util,CORE17,17,0.0,percent
correlation-fio-randwrite-cores1,sar_concurrent,cpu_util,CORE17,18,0.0,percent
correlation-fio-randwrite-cores1,sar_concurrent,cpu_util,CORE17,19,0.99,percent
correlation-fio-randwrite-cores1,sar_concurrent,cpu_util,CORE17,20,0.0,percent
correlation-fio-randwrite-cores1,sar_concurrent,cpu_util,CORE17,21,0.0,percent
correlation-fio-randwrite-cores1,sar_concurrent,cpu_util,CORE17,22,0.0,percent
correlation-fio-randwrite-cores1,sar_concurrent,cpu_util,CORE17,23,0.99,percent
correlation-fio-randwrite-cores1,sar_concurrent,cpu_util,CORE17,24,0.0,percent
correlation-fio-randwrite-cores1,sar_concurrent,cpu_util,CORE17,25,0.99,percent
correlation-fio-randwrite-cores1,sar_concurrent,cpu_util,CORE17,26,0.0,percent
correlation-fio-randwrite-cores1,sar_concurrent,cpu_util,CORE17,27,0.0,percent
correlation-fio-randwrite-cores1,sar_concurrent,cpu_util,CORE17,28,0.99,percent
correlation-fio-randwrite-cores1,sar_concurrent,cpu_util,CORE17,29,0.0,percent
correlation-fio-randwrite-cores1,sar_concurrent,cpu_util,CORE17,30,0.0,percent
correlation-fio-randwrite-cores1,sar_concurrent,cpu_util,CORE17,31,0.0,percent
correlation-fio-randwrite-cores1,sar_concurrent,cpu_util,CORE17,32,0.0,percent
correlation-fio-randwrite-cores1,sar_concurrent,cpu_util,CORE17,33,0.0,percent
correlation-fio-randwrite-cores1,sar_concurrent,cpu_util,CORE17,34,0.0,percent
correlation-fio-randwrite-cores1,sar_concurrent,cpu_util,CORE17,35,0.99,percent
correlation-fio-randwrite-cores1,sar_concurrent,cpu_util,CORE17,36,0.0,percent
correlation-fio-randwrite-cores1,sar_concurrent,cpu_util,CORE17,37,0.0,percent
correlation-fio-randwrite-cores1,sar_concurrent,cpu_util,CORE17,38,0.0,percent
correlation-fio-randwrite-cores1,sar_concurrent,cpu_util,CORE17,39,0.0,percent
correlation-fio-randwrite-cores1,sar_concurrent,cpu_util,CORE17,40,3.03,percent
correlation-fio-randwrite-cores1,sar_concurrent,cpu_util,CORE17,41,0.0,percent
correlation-fio-randwrite-cores1,sar_concurrent,cpu_util,CORE17,42,0.99,percent
correlation-fio-randwrite-cores1,sar_concurrent,cpu_util,CORE17,43,0.0,percent
correlation-fio-randwrite-cores1,sar_concurrent,cpu_util,CORE17,44,0.0,percent
correlation-fio-randwrite-cores1,sar_concurrent,cpu_util,CORE17,45,0.0,percent
correlation-fio-randwrite-cores1,sar_concurrent,cpu_util,CORE17,46,0.0,percent
correlation-fio-randwrite-cores1,sar_concurrent,cpu_util,CORE17,47,0.0,percent
correlation-fio-randwrite-cores1,sar_concurrent,cpu_util,CORE17,48,0.0,percent
correlation-fio-randwrite-cores1,sar_concurrent,cpu_util,CORE17,49,0.0,percent
correlation-fio-randwrite-cores1,sar_concurrent,cpu_util,CORE17,50,1.0,percent
correlation-fio-randwrite-cores1,sar_concurrent,cpu_util,CORE17,51,0.0,percent
correlation-fio-randwrite-cores1,sar_concurrent,cpu_util,CORE17,52,0.0,percent
correlation-fio-randwrite-cores1,sar_concurrent,cpu_util,CORE17,53,0.99,percent
correlation-fio-randwrite-cores1,sar_concurrent,cpu_util,CORE17,54,0.0,percent
correlation-fio-randwrite-cores1,sar_concurrent,cpu_util,CORE17,55,0.0,percent
correlation-fio-randwrite-cores1,sar_concurrent,cpu_util,CORE17,56,0.0,percent
correlation-fio-randwrite-cores1,sar_concurrent,cpu_util,CORE17,57,0.0,percent
correlation-fio-randwrite-cores1,sar_concurrent,cpu_util,CORE17,58,0.0,percent
correlation-fio-randwrite-cores1,sar_concurrent,cpu_util,CORE17,59,0.99,percent
correlation-fio-randwrite-cores1,sar_concurrent,cpu_util,CORE18,0,1.0,percent
correlation-fio-randwrite-cores1,sar_concurrent,cpu_util,CORE18,1,0.0,percent
correlation-fio-randwrite-cores1,sar_concurrent,cpu_util,CORE18,2,0.0,percent
correlation-fio-randwrite-cores1,sar_concurrent,cpu_util,CORE18,3,0.0,percent
correlation-fio-randwrite-cores1,sar_concurrent,cpu_util,CORE18,4,0.0,percent
correlation-fio-randwrite-cores1,sar_concurrent,cpu_util,CORE18,5,0.0,percent
correlation-fio-randwrite-cores1,sar_concurrent,cpu_util,CORE18,6,0.0,percent
correlation-fio-randwrite-cores1,sar_concurrent,cpu_util,CORE18,7,0.0,percent
correlation-fio-randwrite-cores1,sar_concurrent,cpu_util,CORE18,8,0.0,percent
correlation-fio-randwrite-cores1,sar_concurrent,cpu_util,CORE18,9,0.0,percent
correlation-fio-randwrite-cores1,sar_concurrent,cpu_util,CORE18,10,0.0,percent
correlation-fio-randwrite-cores1,sar_concurrent,cpu_util,CORE18,11,0.0,percent
correlation-fio-randwrite-cores1,sar_concurrent,cpu_util,CORE18,12,0.0,percent
correlation-fio-randwrite-cores1,sar_concurrent,cpu_util,CORE18,13,0.0,percent
correlation-fio-randwrite-cores1,sar_concurrent,cpu_util,CORE18,14,0.0,percent
correlation-fio-randwrite-cores1,sar_concurrent,cpu_util,CORE18,15,0.0,percent
correlation-fio-randwrite-cores1,sar_concurrent,cpu_util,CORE18,16,0.0,percent
correlation-fio-randwrite-cores1,sar_concurrent,cpu_util,CORE18,17,0.0,percent
correlation-fio-randwrite-cores1,sar_concurrent,cpu_util,CORE18,18,0.0,percent
correlation-fio-randwrite-cores1,sar_concurrent,cpu_util,CORE18,19,0.0,percent
correlation-fio-randwrite-cores1,sar_concurrent,cpu_util,CORE18,20,0.0,percent
correlation-fio-randwrite-cores1,sar_concurrent,cpu_util,CORE18,21,0.0,percent
correlation-fio-randwrite-cores1,sar_concurrent,cpu_util,CORE18,22,0.0,percent
correlation-fio-randwrite-cores1,sar_concurrent,cpu_util,CORE18,23,0.0,percent
correlation-fio-randwrite-cores1,sar_concurrent,cpu_util,CORE18,24,0.0,percent
correlation-fio-randwrite-cores1,sar_concurrent,cpu_util,CORE18,25,0.0,percent
correlation-fio-randwrite-cores1,sar_concurrent,cpu_util,CORE18,26,0.0,percent
correlation-fio-randwrite-cores1,sar_concurrent,cpu_util,CORE18,27,0.0,percent
correlation-fio-randwrite-cores1,sar_concurrent,cpu_util,CORE18,28,0.0,percent
correlation-fio-randwrite-cores1,sar_concurrent,cpu_util,CORE18,29,0.0,percent
correlation-fio-randwrite-cores1,sar_concurrent,cpu_util,CORE18,30,0.0,percent
correlation-fio-randwrite-cores1,sar_concurrent,cpu_util,CORE18,31,0.0,percent
correlation-fio-randwrite-cores1,sar_concurrent,cpu_util,CORE18,32,0.0,percent
correlation-fio-randwrite-cores1,sar_concurrent,cpu_util,CORE18,33,0.0,percent
correlation-fio-randwrite-cores1,sar_concurrent,cpu_util,CORE18,34,0.0,percent
correlation-fio-randwrite-cores1,sar_concurrent,cpu_util,CORE18,35,0.0,percent
correlation-fio-randwrite-cores1,sar_concurrent,cpu_util,CORE18,36,0.0,percent
correlation-fio-randwrite-cores1,sar_concurrent,cpu_util,CORE18,37,0.0,percent
correlation-fio-randwrite-cores1,sar_concurrent,cpu_util,CORE18,38,0.0,percent
correlation-fio-randwrite-cores1,sar_concurrent,cpu_util,CORE18,39,0.0,percent
correlation-fio-randwrite-cores1,sar_concurrent,cpu_util,CORE18,40,1.0,percent
correlation-fio-randwrite-cores1,sar_concurrent,cpu_util,CORE18,41,0.0,percent
correlation-fio-randwrite-cores1,sar_concurrent,cpu_util,CORE18,42,0.0,percent
correlation-fio-randwrite-cores1,sar_concurrent,cpu_util,CORE18,43,0.0,percent
correlation-fio-randwrite-cores1,sar_concurrent,cpu_util,CORE18,44,0.0,percent
correlation-fio-randwrite-cores1,sar_concurrent,cpu_util,CORE18,45,0.0,percent
correlation-fio-randwrite-cores1,sar_concurrent,cpu_util,CORE18,46,0.0,percent
correlation-fio-randwrite-cores1,sar_concurrent,cpu_util,CORE18,47,0.0,percent
correlation-fio-randwrite-cores1,sar_concurrent,cpu_util,CORE18,48,0.0,percent
correlation-fio-randwrite-cores1,sar_concurrent,cpu_util,CORE18,49,0.0,percent
correlation-fio-randwrite-cores1,sar_concurrent,cpu_util,CORE18,50,0.0,percent
correlation-fio-randwrite-cores1,sar_concurrent,cpu_util,CORE18,51,0.0,percent
correlation-fio-randwrite-cores1,sar_concurrent,cpu_util,CORE18,52,0.0,percent
correlation-fio-randwrite-cores1,sar_concurrent,cpu_util,CORE18,53,0.0,percent
correlation-fio-randwrite-cores1,sar_concurrent,cpu_util,CORE18,54,0.0,percent
correlation-fio-randwrite-cores1,sar_concurrent,cpu_util,CORE18,55,0.0,percent
correlation-fio-randwrite-cores1,sar_concurrent,cpu_util,CORE18,56,0.0,percent
correlation-fio-randwrite-cores1,sar_concurrent,cpu_util,CORE18,57,0.0,percent
correlation-fio-randwrite-cores1,sar_concurrent,cpu_util,CORE18,58,0.0,percent
correlation-fio-randwrite-cores1,sar_concurrent,cpu_util,CORE18,59,0.0,percent
correlation-fio-randwrite-cores1,sar_concurrent,cpu_util,CORE19,0,1.0,percent
correlation-fio-randwrite-cores1,sar_concurrent,cpu_util,CORE19,1,0.0,percent
correlation-fio-randwrite-cores1,sar_concurrent,cpu_util,CORE19,2,0.0,percent
correlation-fio-randwrite-cores1,sar_concurrent,cpu_util,CORE19,3,0.0,percent
correlation-fio-randwrite-cores1,sar_concurrent,cpu_util,CORE19,4,0.0,percent
correlation-fio-randwrite-cores1,sar_concurrent,cpu_util,CORE19,5,0.0,percent
correlation-fio-randwrite-cores1,sar_concurrent,cpu_util,CORE19,6,0.0,percent
correlation-fio-randwrite-cores1,sar_concurrent,cpu_util,CORE19,7,0.0,percent
correlation-fio-randwrite-cores1,sar_concurrent,cpu_util,CORE19,8,0.0,percent
correlation-fio-randwrite-cores1,sar_concurrent,cpu_util,CORE19,9,0.0,percent
correlation-fio-randwrite-cores1,sar_concurrent,cpu_util,CORE19,10,1.0,percent
correlation-fio-randwrite-cores1,sar_concurrent,cpu_util,CORE19,11,0.0,percent
correlation-fio-randwrite-cores1,sar_concurrent,cpu_util,CORE19,12,0.0,percent
correlation-fio-randwrite-cores1,sar_concurrent,cpu_util,CORE19,13,0.0,percent
correlation-fio-randwrite-cores1,sar_concurrent,cpu_util,CORE19,14,0.0,percent
correlation-fio-randwrite-cores1,sar_concurrent,cpu_util,CORE19,15,0.0,percent
correlation-fio-randwrite-cores1,sar_concurrent,cpu_util,CORE19,16,0.0,percent
correlation-fio-randwrite-cores1,sar_concurrent,cpu_util,CORE19,17,0.0,percent
correlation-fio-randwrite-cores1,sar_concurrent,cpu_util,CORE19,18,0.0,percent
correlation-fio-randwrite-cores1,sar_concurrent,cpu_util,CORE19,19,0.0,percent
correlation-fio-randwrite-cores1,sar_concurrent,cpu_util,CORE19,20,0.0,percent
correlation-fio-randwrite-cores1,sar_concurrent,cpu_util,CORE19,21,0.0,percent
correlation-fio-randwrite-cores1,sar_concurrent,cpu_util,CORE19,22,0.0,percent
correlation-fio-randwrite-cores1,sar_concurrent,cpu_util,CORE19,23,0.0,percent
correlation-fio-randwrite-cores1,sar_concurrent,cpu_util,CORE19,24,0.0,percent
correlation-fio-randwrite-cores1,sar_concurrent,cpu_util,CORE19,25,0.0,percent
correlation-fio-randwrite-cores1,sar_concurrent,cpu_util,CORE19,26,0.0,percent
correlation-fio-randwrite-cores1,sar_concurrent,cpu_util,CORE19,27,0.0,percent
correlation-fio-randwrite-cores1,sar_concurrent,cpu_util,CORE19,28,0.0,percent
correlation-fio-randwrite-cores1,sar_concurrent,cpu_util,CORE19,29,0.0,percent
correlation-fio-randwrite-cores1,sar_concurrent,cpu_util,CORE19,30,0.0,percent
correlation-fio-randwrite-cores1,sar_concurrent,cpu_util,CORE19,31,0.0,percent
correlation-fio-randwrite-cores1,sar_concurrent,cpu_util,CORE19,32,0.0,percent
correlation-fio-randwrite-cores1,sar_concurrent,cpu_util,CORE19,33,0.0,percent
correlation-fio-randwrite-cores1,sar_concurrent,cpu_util,CORE19,34,0.0,percent
correlation-fio-randwrite-cores1,sar_concurrent,cpu_util,CORE19,35,0.0,percent
correlation-fio-randwrite-cores1,sar_concurrent,cpu_util,CORE19,36,0.0,percent
correlation-fio-randwrite-cores1,sar_concurrent,cpu_util,CORE19,37,0.0,percent
correlation-fio-randwrite-cores1,sar_concurrent,cpu_util,CORE19,38,0.0,percent
correlation-fio-randwrite-cores1,sar_concurrent,cpu_util,CORE19,39,0.0,percent
correlation-fio-randwrite-cores1,sar_concurrent,cpu_util,CORE19,40,0.0,percent
correlation-fio-randwrite-cores1,sar_concurrent,cpu_util,CORE19,41,0.0,percent
correlation-fio-randwrite-cores1,sar_concurrent,cpu_util,CORE19,42,0.0,percent
correlation-fio-randwrite-cores1,sar_concurrent,cpu_util,CORE19,43,0.0,percent
correlation-fio-randwrite-cores1,sar_concurrent,cpu_util,CORE19,44,0.0,percent
correlation-fio-randwrite-cores1,sar_concurrent,cpu_util,CORE19,45,0.0,percent
correlation-fio-randwrite-cores1,sar_concurrent,cpu_util,CORE19,46,0.0,percent
correlation-fio-randwrite-cores1,sar_concurrent,cpu_util,CORE19,47,0.0,percent
correlation-fio-randwrite-cores1,sar_concurrent,cpu_util,CORE19,48,0.0,percent
correlation-fio-randwrite-cores1,sar_concurrent,cpu_util,CORE19,49,0.0,percent
correlation-fio-randwrite-cores1,sar_concurrent,cpu_util,CORE19,50,0.0,percent
correlation-fio-randwrite-cores1,sar_concurrent,cpu_util,CORE19,51,0.0,percent
correlation-fio-randwrite-cores1,sar_concurrent,cpu_util,CORE19,52,0.0,percent
correlation-fio-randwrite-cores1,sar_concurrent,cpu_util,CORE19,53,0.0,percent
correlation-fio-randwrite-cores1,sar_concurrent,cpu_util,CORE19,54,0.0,percent
correlation-fio-randwrite-cores1,sar_concurrent,cpu_util,CORE19,55,0.0,percent
correlation-fio-randwrite-cores1,sar_concurrent,cpu_util,CORE19,56,0.0,percent
correlation-fio-randwrite-cores1,sar_concurrent,cpu_util,CORE19,57,0.0,percent
correlation-fio-randwrite-cores1,sar_concurrent,cpu_util,CORE19,58,0.0,percent
correlation-fio-randwrite-cores1,sar_concurrent,cpu_util,CORE19,59,0.0,percent
correlation-fio-randwrite-cores1,sar_concurrent,cpu_util,CORE20,0,1.0,percent
correlation-fio-randwrite-cores1,sar_concurrent,cpu_util,CORE20,1,0.0,percent
correlation-fio-randwrite-cores1,sar_concurrent,cpu_util,CORE20,2,0.0,percent
correlation-fio-randwrite-cores1,sar_concurrent,cpu_util,CORE20,3,0.0,percent
correlation-fio-randwrite-cores1,sar_concurrent,cpu_util,CORE20,4,0.0,percent
correlation-fio-randwrite-cores1,sar_concurrent,cpu_util,CORE20,5,0.0,percent
correlation-fio-randwrite-cores1,sar_concurrent,cpu_util,CORE20,6,0.0,percent
correlation-fio-randwrite-cores1,sar_concurrent,cpu_util,CORE20,7,0.0,percent
correlation-fio-randwrite-cores1,sar_concurrent,cpu_util,CORE20,8,0.0,percent
correlation-fio-randwrite-cores1,sar_concurrent,cpu_util,CORE20,9,0.0,percent
correlation-fio-randwrite-cores1,sar_concurrent,cpu_util,CORE20,10,0.0,percent
correlation-fio-randwrite-cores1,sar_concurrent,cpu_util,CORE20,11,0.0,percent
correlation-fio-randwrite-cores1,sar_concurrent,cpu_util,CORE20,12,0.0,percent
correlation-fio-randwrite-cores1,sar_concurrent,cpu_util,CORE20,13,0.0,percent
correlation-fio-randwrite-cores1,sar_concurrent,cpu_util,CORE20,14,0.0,percent
correlation-fio-randwrite-cores1,sar_concurrent,cpu_util,CORE20,15,0.0,percent
correlation-fio-randwrite-cores1,sar_concurrent,cpu_util,CORE20,16,0.0,percent
correlation-fio-randwrite-cores1,sar_concurrent,cpu_util,CORE20,17,0.0,percent
correlation-fio-randwrite-cores1,sar_concurrent,cpu_util,CORE20,18,0.0,percent
correlation-fio-randwrite-cores1,sar_concurrent,cpu_util,CORE20,19,0.0,percent
correlation-fio-randwrite-cores1,sar_concurrent,cpu_util,CORE20,20,0.0,percent
correlation-fio-randwrite-cores1,sar_concurrent,cpu_util,CORE20,21,0.0,percent
correlation-fio-randwrite-cores1,sar_concurrent,cpu_util,CORE20,22,0.0,percent
correlation-fio-randwrite-cores1,sar_concurrent,cpu_util,CORE20,23,0.0,percent
correlation-fio-randwrite-cores1,sar_concurrent,cpu_util,CORE20,24,0.0,percent
correlation-fio-randwrite-cores1,sar_concurrent,cpu_util,CORE20,25,0.0,percent
correlation-fio-randwrite-cores1,sar_concurrent,cpu_util,CORE20,26,0.0,percent
correlation-fio-randwrite-cores1,sar_concurrent,cpu_util,CORE20,27,0.0,percent
correlation-fio-randwrite-cores1,sar_concurrent,cpu_util,CORE20,28,0.0,percent
correlation-fio-randwrite-cores1,sar_concurrent,cpu_util,CORE20,29,0.0,percent
correlation-fio-randwrite-cores1,sar_concurrent,cpu_util,CORE20,30,0.0,percent
correlation-fio-randwrite-cores1,sar_concurrent,cpu_util,CORE20,31,0.0,percent
correlation-fio-randwrite-cores1,sar_concurrent,cpu_util,CORE20,32,0.0,percent
correlation-fio-randwrite-cores1,sar_concurrent,cpu_util,CORE20,33,0.0,percent
correlation-fio-randwrite-cores1,sar_concurrent,cpu_util,CORE20,34,0.0,percent
correlation-fio-randwrite-cores1,sar_concurrent,cpu_util,CORE20,35,0.0,percent
correlation-fio-randwrite-cores1,sar_concurrent,cpu_util,CORE20,36,0.0,percent
correlation-fio-randwrite-cores1,sar_concurrent,cpu_util,CORE20,37,0.0,percent
correlation-fio-randwrite-cores1,sar_concurrent,cpu_util,CORE20,38,0.0,percent
correlation-fio-randwrite-cores1,sar_concurrent,cpu_util,CORE20,39,0.0,percent
correlation-fio-randwrite-cores1,sar_concurrent,cpu_util,CORE20,40,0.0,percent
correlation-fio-randwrite-cores1,sar_concurrent,cpu_util,CORE20,41,0.0,percent
correlation-fio-randwrite-cores1,sar_concurrent,cpu_util,CORE20,42,0.0,percent
correlation-fio-randwrite-cores1,sar_concurrent,cpu_util,CORE20,43,0.0,percent
correlation-fio-randwrite-cores1,sar_concurrent,cpu_util,CORE20,44,0.0,percent
correlation-fio-randwrite-cores1,sar_concurrent,cpu_util,CORE20,45,0.0,percent
correlation-fio-randwrite-cores1,sar_concurrent,cpu_util,CORE20,46,0.0,percent
correlation-fio-randwrite-cores1,sar_concurrent,cpu_util,CORE20,47,0.0,percent
correlation-fio-randwrite-cores1,sar_concurrent,cpu_util,CORE20,48,0.0,percent
correlation-fio-randwrite-cores1,sar_concurrent,cpu_util,CORE20,49,0.0,percent
correlation-fio-randwrite-cores1,sar_concurrent,cpu_util,CORE20,50,0.0,percent
correlation-fio-randwrite-cores1,sar_concurrent,cpu_util,CORE20,51,0.0,percent
correlation-fio-randwrite-cores1,sar_concurrent,cpu_util,CORE20,52,0.0,percent
correlation-fio-randwrite-cores1,sar_concurrent,cpu_util,CORE20,53,0.0,percent
correlation-fio-randwrite-cores1,sar_concurrent,cpu_util,CORE20,54,0.0,percent
correlation-fio-randwrite-cores1,sar_concurrent,cpu_util,CORE20,55,0.0,percent
correlation-fio-randwrite-cores1,sar_concurrent,cpu_util,CORE20,56,0.0,percent
correlation-fio-randwrite-cores1,sar_concurrent,cpu_util,CORE20,57,0.0,percent
correlation-fio-randwrite-cores1,sar_concurrent,cpu_util,CORE20,58,0.0,percent
correlation-fio-randwrite-cores1,sar_concurrent,cpu_util,CORE20,59,0.0,percent
correlation-fio-randwrite-cores1,sar_concurrent,cpu_util,CORE21,0,2.0,percent
correlation-fio-randwrite-cores1,sar_concurrent,cpu_util,CORE21,1,0.0,percent
correlation-fio-randwrite-cores1,sar_concurrent,cpu_util,CORE21,2,0.0,percent
correlation-fio-randwrite-cores1,sar_concurrent,cpu_util,CORE21,3,0.0,percent
correlation-fio-randwrite-cores1,sar_concurrent,cpu_util,CORE21,4,0.0,percent
correlation-fio-randwrite-cores1,sar_concurrent,cpu_util,CORE21,5,0.0,percent
correlation-fio-randwrite-cores1,sar_concurrent,cpu_util,CORE21,6,0.0,percent
correlation-fio-randwrite-cores1,sar_concurrent,cpu_util,CORE21,7,0.0,percent
correlation-fio-randwrite-cores1,sar_concurrent,cpu_util,CORE21,8,0.0,percent
correlation-fio-randwrite-cores1,sar_concurrent,cpu_util,CORE21,9,0.0,percent
correlation-fio-randwrite-cores1,sar_concurrent,cpu_util,CORE21,10,0.0,percent
correlation-fio-randwrite-cores1,sar_concurrent,cpu_util,CORE21,11,0.0,percent
correlation-fio-randwrite-cores1,sar_concurrent,cpu_util,CORE21,12,0.0,percent
correlation-fio-randwrite-cores1,sar_concurrent,cpu_util,CORE21,13,0.0,percent
correlation-fio-randwrite-cores1,sar_concurrent,cpu_util,CORE21,14,0.0,percent
correlation-fio-randwrite-cores1,sar_concurrent,cpu_util,CORE21,15,0.0,percent
correlation-fio-randwrite-cores1,sar_concurrent,cpu_util,CORE21,16,0.0,percent
correlation-fio-randwrite-cores1,sar_concurrent,cpu_util,CORE21,17,0.0,percent
correlation-fio-randwrite-cores1,sar_concurrent,cpu_util,CORE21,18,0.0,percent
correlation-fio-randwrite-cores1,sar_concurrent,cpu_util,CORE21,19,0.0,percent
correlation-fio-randwrite-cores1,sar_concurrent,cpu_util,CORE21,20,0.0,percent
correlation-fio-randwrite-cores1,sar_concurrent,cpu_util,CORE21,21,0.0,percent
correlation-fio-randwrite-cores1,sar_concurrent,cpu_util,CORE21,22,0.0,percent
correlation-fio-randwrite-cores1,sar_concurrent,cpu_util,CORE21,23,0.0,percent
correlation-fio-randwrite-cores1,sar_concurrent,cpu_util,CORE21,24,0.0,percent
correlation-fio-randwrite-cores1,sar_concurrent,cpu_util,CORE21,25,0.0,percent
correlation-fio-randwrite-cores1,sar_concurrent,cpu_util,CORE21,26,0.0,percent
correlation-fio-randwrite-cores1,sar_concurrent,cpu_util,CORE21,27,0.0,percent
correlation-fio-randwrite-cores1,sar_concurrent,cpu_util,CORE21,28,0.0,percent
correlation-fio-randwrite-cores1,sar_concurrent,cpu_util,CORE21,29,0.0,percent
correlation-fio-randwrite-cores1,sar_concurrent,cpu_util,CORE21,30,0.0,percent
correlation-fio-randwrite-cores1,sar_concurrent,cpu_util,CORE21,31,0.0,percent
correlation-fio-randwrite-cores1,sar_concurrent,cpu_util,CORE21,32,0.0,percent
correlation-fio-randwrite-cores1,sar_concurrent,cpu_util,CORE21,33,0.0,percent
correlation-fio-randwrite-cores1,sar_concurrent,cpu_util,CORE21,34,0.0,percent
correlation-fio-randwrite-cores1,sar_concurrent,cpu_util,CORE21,35,0.0,percent
correlation-fio-randwrite-cores1,sar_concurrent,cpu_util,CORE21,36,0.0,percent
correlation-fio-randwrite-cores1,sar_concurrent,cpu_util,CORE21,37,0.0,percent
correlation-fio-randwrite-cores1,sar_concurrent,cpu_util,CORE21,38,0.0,percent
correlation-fio-randwrite-cores1,sar_concurrent,cpu_util,CORE21,39,0.0,percent
correlation-fio-randwrite-cores1,sar_concurrent,cpu_util,CORE21,40,0.0,percent
correlation-fio-randwrite-cores1,sar_concurrent,cpu_util,CORE21,41,0.0,percent
correlation-fio-randwrite-cores1,sar_concurrent,cpu_util,CORE21,42,0.0,percent
correlation-fio-randwrite-cores1,sar_concurrent,cpu_util,CORE21,43,0.0,percent
correlation-fio-randwrite-cores1,sar_concurrent,cpu_util,CORE21,44,0.0,percent
correlation-fio-randwrite-cores1,sar_concurrent,cpu_util,CORE21,45,0.0,percent
correlation-fio-randwrite-cores1,sar_concurrent,cpu_util,CORE21,46,0.0,percent
correlation-fio-randwrite-cores1,sar_concurrent,cpu_util,CORE21,47,0.0,percent
correlation-fio-randwrite-cores1,sar_concurrent,cpu_util,CORE21,48,0.0,percent
correlation-fio-randwrite-cores1,sar_concurrent,cpu_util,CORE21,49,0.0,percent
correlation-fio-randwrite-cores1,sar_concurrent,cpu_util,CORE21,50,0.0,percent
correlation-fio-randwrite-cores1,sar_concurrent,cpu_util,CORE21,51,0.0,percent
correlation-fio-randwrite-cores1,sar_concurrent,cpu_util,CORE21,52,0.0,percent
correlation-fio-randwrite-cores1,sar_concurrent,cpu_util,CORE21,53,0.0,percent
correlation-fio-randwrite-cores1,sar_concurrent,cpu_util,CORE21,54,0.0,percent
correlation-fio-randwrite-cores1,sar_concurrent,cpu_util,CORE21,55,0.0,percent
correlation-fio-randwrite-cores1,sar_concurrent,cpu_util,CORE21,56,0.0,percent
correlation-fio-randwrite-cores1,sar_concurrent,cpu_util,CORE21,57,0.0,percent
correlation-fio-randwrite-cores1,sar_concurrent,cpu_util,CORE21,58,0.0,percent
correlation-fio-randwrite-cores1,sar_concurrent,cpu_util,CORE21,59,0.0,percent
correlation-fio-randwrite-cores1,sar_concurrent,cpu_util,CORE22,0,4.95,percent
correlation-fio-randwrite-cores1,sar_concurrent,cpu_util,CORE22,1,0.0,percent
correlation-fio-randwrite-cores1,sar_concurrent,cpu_util,CORE22,2,0.0,percent
correlation-fio-randwrite-cores1,sar_concurrent,cpu_util,CORE22,3,0.0,percent
correlation-fio-randwrite-cores1,sar_concurrent,cpu_util,CORE22,4,0.0,percent
correlation-fio-randwrite-cores1,sar_concurrent,cpu_util,CORE22,5,0.0,percent
correlation-fio-randwrite-cores1,sar_concurrent,cpu_util,CORE22,6,0.0,percent
correlation-fio-randwrite-cores1,sar_concurrent,cpu_util,CORE22,7,0.0,percent
correlation-fio-randwrite-cores1,sar_concurrent,cpu_util,CORE22,8,1.0,percent
correlation-fio-randwrite-cores1,sar_concurrent,cpu_util,CORE22,9,0.0,percent
correlation-fio-randwrite-cores1,sar_concurrent,cpu_util,CORE22,10,0.0,percent
correlation-fio-randwrite-cores1,sar_concurrent,cpu_util,CORE22,11,0.0,percent
correlation-fio-randwrite-cores1,sar_concurrent,cpu_util,CORE22,12,0.0,percent
correlation-fio-randwrite-cores1,sar_concurrent,cpu_util,CORE22,13,0.0,percent
correlation-fio-randwrite-cores1,sar_concurrent,cpu_util,CORE22,14,0.0,percent
correlation-fio-randwrite-cores1,sar_concurrent,cpu_util,CORE22,15,0.0,percent
correlation-fio-randwrite-cores1,sar_concurrent,cpu_util,CORE22,16,0.0,percent
correlation-fio-randwrite-cores1,sar_concurrent,cpu_util,CORE22,17,0.0,percent
correlation-fio-randwrite-cores1,sar_concurrent,cpu_util,CORE22,18,1.0,percent
correlation-fio-randwrite-cores1,sar_concurrent,cpu_util,CORE22,19,0.0,percent
correlation-fio-randwrite-cores1,sar_concurrent,cpu_util,CORE22,20,0.0,percent
correlation-fio-randwrite-cores1,sar_concurrent,cpu_util,CORE22,21,0.0,percent
correlation-fio-randwrite-cores1,sar_concurrent,cpu_util,CORE22,22,0.0,percent
correlation-fio-randwrite-cores1,sar_concurrent,cpu_util,CORE22,23,0.99,percent
correlation-fio-randwrite-cores1,sar_concurrent,cpu_util,CORE22,24,0.0,percent
correlation-fio-randwrite-cores1,sar_concurrent,cpu_util,CORE22,25,0.0,percent
correlation-fio-randwrite-cores1,sar_concurrent,cpu_util,CORE22,26,0.0,percent
correlation-fio-randwrite-cores1,sar_concurrent,cpu_util,CORE22,27,0.0,percent
correlation-fio-randwrite-cores1,sar_concurrent,cpu_util,CORE22,28,0.0,percent
correlation-fio-randwrite-cores1,sar_concurrent,cpu_util,CORE22,29,0.0,percent
correlation-fio-randwrite-cores1,sar_concurrent,cpu_util,CORE22,30,0.0,percent
correlation-fio-randwrite-cores1,sar_concurrent,cpu_util,CORE22,31,0.0,percent
correlation-fio-randwrite-cores1,sar_concurrent,cpu_util,CORE22,32,0.0,percent
correlation-fio-randwrite-cores1,sar_concurrent,cpu_util,CORE22,33,0.99,percent
correlation-fio-randwrite-cores1,sar_concurrent,cpu_util,CORE22,34,0.0,percent
correlation-fio-randwrite-cores1,sar_concurrent,cpu_util,CORE22,35,0.0,percent
correlation-fio-randwrite-cores1,sar_concurrent,cpu_util,CORE22,36,0.0,percent
correlation-fio-randwrite-cores1,sar_concurrent,cpu_util,CORE22,37,0.0,percent
correlation-fio-randwrite-cores1,sar_concurrent,cpu_util,CORE22,38,0.99,percent
correlation-fio-randwrite-cores1,sar_concurrent,cpu_util,CORE22,39,0.0,percent
correlation-fio-randwrite-cores1,sar_concurrent,cpu_util,CORE22,40,0.0,percent
correlation-fio-randwrite-cores1,sar_concurrent,cpu_util,CORE22,41,0.0,percent
correlation-fio-randwrite-cores1,sar_concurrent,cpu_util,CORE22,42,0.0,percent
correlation-fio-randwrite-cores1,sar_concurrent,cpu_util,CORE22,43,0.0,percent
correlation-fio-randwrite-cores1,sar_concurrent,cpu_util,CORE22,44,0.0,percent
correlation-fio-randwrite-cores1,sar_concurrent,cpu_util,CORE22,45,0.0,percent
correlation-fio-randwrite-cores1,sar_concurrent,cpu_util,CORE22,46,0.0,percent
correlation-fio-randwrite-cores1,sar_concurrent,cpu_util,CORE22,47,0.0,percent
correlation-fio-randwrite-cores1,sar_concurrent,cpu_util,CORE22,48,0.0,percent
correlation-fio-randwrite-cores1,sar_concurrent,cpu_util,CORE22,49,0.0,percent
correlation-fio-randwrite-cores1,sar_concurrent,cpu_util,CORE22,50,0.0,percent
correlation-fio-randwrite-cores1,sar_concurrent,cpu_util,CORE22,51,0.0,percent
correlation-fio-randwrite-cores1,sar_concurrent,cpu_util,CORE22,52,0.0,percent
correlation-fio-randwrite-cores1,sar_concurrent,cpu_util,CORE22,53,0.0,percent
correlation-fio-randwrite-cores1,sar_concurrent,cpu_util,CORE22,54,0.0,percent
correlation-fio-randwrite-cores1,sar_concurrent,cpu_util,CORE22,55,0.0,percent
correlation-fio-randwrite-cores1,sar_concurrent,cpu_util,CORE22,56,0.0,percent
correlation-fio-randwrite-cores1,sar_concurrent,cpu_util,CORE22,57,0.0,percent
correlation-fio-randwrite-cores1,sar_concurrent,cpu_util,CORE22,58,1.0,percent
correlation-fio-randwrite-cores1,sar_concurrent,cpu_util,CORE22,59,0.0,percent
correlation-fio-randwrite-cores1,sar_concurrent,cpu_util,CORE23,0,1.0,percent
correlation-fio-randwrite-cores1,sar_concurrent,cpu_util,CORE23,1,0.0,percent
correlation-fio-randwrite-cores1,sar_concurrent,cpu_util,CORE23,2,0.0,percent
correlation-fio-randwrite-cores1,sar_concurrent,cpu_util,CORE23,3,0.0,percent
correlation-fio-randwrite-cores1,sar_concurrent,cpu_util,CORE23,4,0.0,percent
correlation-fio-randwrite-cores1,sar_concurrent,cpu_util,CORE23,5,0.0,percent
correlation-fio-randwrite-cores1,sar_concurrent,cpu_util,CORE23,6,0.0,percent
correlation-fio-randwrite-cores1,sar_concurrent,cpu_util,CORE23,7,0.0,percent
correlation-fio-randwrite-cores1,sar_concurrent,cpu_util,CORE23,8,0.0,percent
correlation-fio-randwrite-cores1,sar_concurrent,cpu_util,CORE23,9,0.0,percent
correlation-fio-randwrite-cores1,sar_concurrent,cpu_util,CORE23,10,0.0,percent
correlation-fio-randwrite-cores1,sar_concurrent,cpu_util,CORE23,11,0.0,percent
correlation-fio-randwrite-cores1,sar_concurrent,cpu_util,CORE23,12,0.0,percent
correlation-fio-randwrite-cores1,sar_concurrent,cpu_util,CORE23,13,0.0,percent
correlation-fio-randwrite-cores1,sar_concurrent,cpu_util,CORE23,14,3.0,percent
correlation-fio-randwrite-cores1,sar_concurrent,cpu_util,CORE23,15,0.0,percent
correlation-fio-randwrite-cores1,sar_concurrent,cpu_util,CORE23,16,0.99,percent
correlation-fio-randwrite-cores1,sar_concurrent,cpu_util,CORE23,17,0.0,percent
correlation-fio-randwrite-cores1,sar_concurrent,cpu_util,CORE23,18,0.99,percent
correlation-fio-randwrite-cores1,sar_concurrent,cpu_util,CORE23,19,0.0,percent
correlation-fio-randwrite-cores1,sar_concurrent,cpu_util,CORE23,20,0.0,percent
correlation-fio-randwrite-cores1,sar_concurrent,cpu_util,CORE23,21,0.0,percent
correlation-fio-randwrite-cores1,sar_concurrent,cpu_util,CORE23,22,0.99,percent
correlation-fio-randwrite-cores1,sar_concurrent,cpu_util,CORE23,23,0.0,percent
correlation-fio-randwrite-cores1,sar_concurrent,cpu_util,CORE23,24,0.99,percent
correlation-fio-randwrite-cores1,sar_concurrent,cpu_util,CORE23,25,0.0,percent
correlation-fio-randwrite-cores1,sar_concurrent,cpu_util,CORE23,26,0.0,percent
correlation-fio-randwrite-cores1,sar_concurrent,cpu_util,CORE23,27,0.99,percent
correlation-fio-randwrite-cores1,sar_concurrent,cpu_util,CORE23,28,0.0,percent
correlation-fio-randwrite-cores1,sar_concurrent,cpu_util,CORE23,29,0.0,percent
correlation-fio-randwrite-cores1,sar_concurrent,cpu_util,CORE23,30,0.0,percent
correlation-fio-randwrite-cores1,sar_concurrent,cpu_util,CORE23,31,0.0,percent
correlation-fio-randwrite-cores1,sar_concurrent,cpu_util,CORE23,32,0.0,percent
correlation-fio-randwrite-cores1,sar_concurrent,cpu_util,CORE23,33,0.0,percent
correlation-fio-randwrite-cores1,sar_concurrent,cpu_util,CORE23,34,0.0,percent
correlation-fio-randwrite-cores1,sar_concurrent,cpu_util,CORE23,35,0.0,percent
correlation-fio-randwrite-cores1,sar_concurrent,cpu_util,CORE23,36,0.0,percent
correlation-fio-randwrite-cores1,sar_concurrent,cpu_util,CORE23,37,0.0,percent
correlation-fio-randwrite-cores1,sar_concurrent,cpu_util,CORE23,38,0.0,percent
correlation-fio-randwrite-cores1,sar_concurrent,cpu_util,CORE23,39,0.0,percent
correlation-fio-randwrite-cores1,sar_concurrent,cpu_util,CORE23,40,0.0,percent
correlation-fio-randwrite-cores1,sar_concurrent,cpu_util,CORE23,41,0.0,percent
correlation-fio-randwrite-cores1,sar_concurrent,cpu_util,CORE23,42,0.0,percent
correlation-fio-randwrite-cores1,sar_concurrent,cpu_util,CORE23,43,0.0,percent
correlation-fio-randwrite-cores1,sar_concurrent,cpu_util,CORE23,44,0.0,percent
correlation-fio-randwrite-cores1,sar_concurrent,cpu_util,CORE23,45,0.0,percent
correlation-fio-randwrite-cores1,sar_concurrent,cpu_util,CORE23,46,0.0,percent
correlation-fio-randwrite-cores1,sar_concurrent,cpu_util,CORE23,47,0.0,percent
correlation-fio-randwrite-cores1,sar_concurrent,cpu_util,CORE23,48,0.0,percent
correlation-fio-randwrite-cores1,sar_concurrent,cpu_util,CORE23,49,0.0,percent
correlation-fio-randwrite-cores1,sar_concurrent,cpu_util,CORE23,50,0.0,percent
correlation-fio-randwrite-cores1,sar_concurrent,cpu_util,CORE23,51,0.0,percent
correlation-fio-randwrite-cores1,sar_concurrent,cpu_util,CORE23,52,0.0,percent
correlation-fio-randwrite-cores1,sar_concurrent,cpu_util,CORE23,53,0.0,percent
correlation-fio-randwrite-cores1,sar_concurrent,cpu_util,CORE23,54,0.0,percent
correlation-fio-randwrite-cores1,sar_concurrent,cpu_util,CORE23,55,0.0,percent
correlation-fio-randwrite-cores1,sar_concurrent,cpu_util,CORE23,56,0.0,percent
correlation-fio-randwrite-cores1,sar_concurrent,cpu_util,CORE23,57,0.0,percent
correlation-fio-randwrite-cores1,sar_concurrent,cpu_util,CORE23,58,0.0,percent
correlation-fio-randwrite-cores1,sar_concurrent,cpu_util,CORE23,59,0.0,percent
correlation-fio-randwrite-cores1,sar_concurrent,cpu_util,CORE24,0,2.9699999999999998,percent
correlation-fio-randwrite-cores1,sar_concurrent,cpu_util,CORE24,1,0.0,percent
correlation-fio-randwrite-cores1,sar_concurrent,cpu_util,CORE24,2,0.0,percent
correlation-fio-randwrite-cores1,sar_concurrent,cpu_util,CORE24,3,0.0,percent
correlation-fio-randwrite-cores1,sar_concurrent,cpu_util,CORE24,4,0.0,percent
correlation-fio-randwrite-cores1,sar_concurrent,cpu_util,CORE24,5,0.0,percent
correlation-fio-randwrite-cores1,sar_concurrent,cpu_util,CORE24,6,0.0,percent
correlation-fio-randwrite-cores1,sar_concurrent,cpu_util,CORE24,7,0.0,percent
correlation-fio-randwrite-cores1,sar_concurrent,cpu_util,CORE24,8,0.0,percent
correlation-fio-randwrite-cores1,sar_concurrent,cpu_util,CORE24,9,0.0,percent
correlation-fio-randwrite-cores1,sar_concurrent,cpu_util,CORE24,10,0.0,percent
correlation-fio-randwrite-cores1,sar_concurrent,cpu_util,CORE24,11,0.0,percent
correlation-fio-randwrite-cores1,sar_concurrent,cpu_util,CORE24,12,0.0,percent
correlation-fio-randwrite-cores1,sar_concurrent,cpu_util,CORE24,13,0.0,percent
correlation-fio-randwrite-cores1,sar_concurrent,cpu_util,CORE24,14,1.0,percent
correlation-fio-randwrite-cores1,sar_concurrent,cpu_util,CORE24,15,0.0,percent
correlation-fio-randwrite-cores1,sar_concurrent,cpu_util,CORE24,16,0.0,percent
correlation-fio-randwrite-cores1,sar_concurrent,cpu_util,CORE24,17,0.0,percent
correlation-fio-randwrite-cores1,sar_concurrent,cpu_util,CORE24,18,0.0,percent
correlation-fio-randwrite-cores1,sar_concurrent,cpu_util,CORE24,19,0.0,percent
correlation-fio-randwrite-cores1,sar_concurrent,cpu_util,CORE24,20,0.0,percent
correlation-fio-randwrite-cores1,sar_concurrent,cpu_util,CORE24,21,0.0,percent
correlation-fio-randwrite-cores1,sar_concurrent,cpu_util,CORE24,22,0.0,percent
correlation-fio-randwrite-cores1,sar_concurrent,cpu_util,CORE24,23,0.0,percent
correlation-fio-randwrite-cores1,sar_concurrent,cpu_util,CORE24,24,0.0,percent
correlation-fio-randwrite-cores1,sar_concurrent,cpu_util,CORE24,25,0.0,percent
correlation-fio-randwrite-cores1,sar_concurrent,cpu_util,CORE24,26,0.0,percent
correlation-fio-randwrite-cores1,sar_concurrent,cpu_util,CORE24,27,0.0,percent
correlation-fio-randwrite-cores1,sar_concurrent,cpu_util,CORE24,28,0.0,percent
correlation-fio-randwrite-cores1,sar_concurrent,cpu_util,CORE24,29,0.0,percent
correlation-fio-randwrite-cores1,sar_concurrent,cpu_util,CORE24,30,0.0,percent
correlation-fio-randwrite-cores1,sar_concurrent,cpu_util,CORE24,31,0.0,percent
correlation-fio-randwrite-cores1,sar_concurrent,cpu_util,CORE24,32,0.0,percent
correlation-fio-randwrite-cores1,sar_concurrent,cpu_util,CORE24,33,0.0,percent
correlation-fio-randwrite-cores1,sar_concurrent,cpu_util,CORE24,34,0.0,percent
correlation-fio-randwrite-cores1,sar_concurrent,cpu_util,CORE24,35,0.0,percent
correlation-fio-randwrite-cores1,sar_concurrent,cpu_util,CORE24,36,0.0,percent
correlation-fio-randwrite-cores1,sar_concurrent,cpu_util,CORE24,37,0.0,percent
correlation-fio-randwrite-cores1,sar_concurrent,cpu_util,CORE24,38,0.0,percent
correlation-fio-randwrite-cores1,sar_concurrent,cpu_util,CORE24,39,0.0,percent
correlation-fio-randwrite-cores1,sar_concurrent,cpu_util,CORE24,40,0.0,percent
correlation-fio-randwrite-cores1,sar_concurrent,cpu_util,CORE24,41,0.0,percent
correlation-fio-randwrite-cores1,sar_concurrent,cpu_util,CORE24,42,0.0,percent
correlation-fio-randwrite-cores1,sar_concurrent,cpu_util,CORE24,43,0.0,percent
correlation-fio-randwrite-cores1,sar_concurrent,cpu_util,CORE24,44,0.0,percent
correlation-fio-randwrite-cores1,sar_concurrent,cpu_util,CORE24,45,0.0,percent
correlation-fio-randwrite-cores1,sar_concurrent,cpu_util,CORE24,46,0.0,percent
correlation-fio-randwrite-cores1,sar_concurrent,cpu_util,CORE24,47,0.0,percent
correlation-fio-randwrite-cores1,sar_concurrent,cpu_util,CORE24,48,0.0,percent
correlation-fio-randwrite-cores1,sar_concurrent,cpu_util,CORE24,49,0.0,percent
correlation-fio-randwrite-cores1,sar_concurrent,cpu_util,CORE24,50,0.0,percent
correlation-fio-randwrite-cores1,sar_concurrent,cpu_util,CORE24,51,0.0,percent
correlation-fio-randwrite-cores1,sar_concurrent,cpu_util,CORE24,52,0.0,percent
correlation-fio-randwrite-cores1,sar_concurrent,cpu_util,CORE24,53,0.0,percent
correlation-fio-randwrite-cores1,sar_concurrent,cpu_util,CORE24,54,0.0,percent
correlation-fio-randwrite-cores1,sar_concurrent,cpu_util,CORE24,55,0.0,percent
correlation-fio-randwrite-cores1,sar_concurrent,cpu_util,CORE24,56,0.0,percent
correlation-fio-randwrite-cores1,sar_concurrent,cpu_util,CORE24,57,0.0,percent
correlation-fio-randwrite-cores1,sar_concurrent,cpu_util,CORE24,58,0.0,percent
correlation-fio-randwrite-cores1,sar_concurrent,cpu_util,CORE24,59,0.0,percent
correlation-fio-randwrite-cores1,sar_concurrent,cpu_util,CORE25,0,1.0,percent
correlation-fio-randwrite-cores1,sar_concurrent,cpu_util,CORE25,1,0.0,percent
correlation-fio-randwrite-cores1,sar_concurrent,cpu_util,CORE25,2,0.0,percent
correlation-fio-randwrite-cores1,sar_concurrent,cpu_util,CORE25,3,0.0,percent
correlation-fio-randwrite-cores1,sar_concurrent,cpu_util,CORE25,4,0.0,percent
correlation-fio-randwrite-cores1,sar_concurrent,cpu_util,CORE25,5,0.0,percent
correlation-fio-randwrite-cores1,sar_concurrent,cpu_util,CORE25,6,0.0,percent
correlation-fio-randwrite-cores1,sar_concurrent,cpu_util,CORE25,7,0.0,percent
correlation-fio-randwrite-cores1,sar_concurrent,cpu_util,CORE25,8,0.0,percent
correlation-fio-randwrite-cores1,sar_concurrent,cpu_util,CORE25,9,0.0,percent
correlation-fio-randwrite-cores1,sar_concurrent,cpu_util,CORE25,10,0.0,percent
correlation-fio-randwrite-cores1,sar_concurrent,cpu_util,CORE25,11,0.0,percent
correlation-fio-randwrite-cores1,sar_concurrent,cpu_util,CORE25,12,0.0,percent
correlation-fio-randwrite-cores1,sar_concurrent,cpu_util,CORE25,13,0.0,percent
correlation-fio-randwrite-cores1,sar_concurrent,cpu_util,CORE25,14,0.0,percent
correlation-fio-randwrite-cores1,sar_concurrent,cpu_util,CORE25,15,0.0,percent
correlation-fio-randwrite-cores1,sar_concurrent,cpu_util,CORE25,16,0.0,percent
correlation-fio-randwrite-cores1,sar_concurrent,cpu_util,CORE25,17,0.0,percent
correlation-fio-randwrite-cores1,sar_concurrent,cpu_util,CORE25,18,0.0,percent
correlation-fio-randwrite-cores1,sar_concurrent,cpu_util,CORE25,19,0.0,percent
correlation-fio-randwrite-cores1,sar_concurrent,cpu_util,CORE25,20,0.0,percent
correlation-fio-randwrite-cores1,sar_concurrent,cpu_util,CORE25,21,0.0,percent
correlation-fio-randwrite-cores1,sar_concurrent,cpu_util,CORE25,22,0.0,percent
correlation-fio-randwrite-cores1,sar_concurrent,cpu_util,CORE25,23,0.0,percent
correlation-fio-randwrite-cores1,sar_concurrent,cpu_util,CORE25,24,0.0,percent
correlation-fio-randwrite-cores1,sar_concurrent,cpu_util,CORE25,25,0.0,percent
correlation-fio-randwrite-cores1,sar_concurrent,cpu_util,CORE25,26,0.0,percent
correlation-fio-randwrite-cores1,sar_concurrent,cpu_util,CORE25,27,0.0,percent
correlation-fio-randwrite-cores1,sar_concurrent,cpu_util,CORE25,28,0.0,percent
correlation-fio-randwrite-cores1,sar_concurrent,cpu_util,CORE25,29,0.0,percent
correlation-fio-randwrite-cores1,sar_concurrent,cpu_util,CORE25,30,0.0,percent
correlation-fio-randwrite-cores1,sar_concurrent,cpu_util,CORE25,31,0.0,percent
correlation-fio-randwrite-cores1,sar_concurrent,cpu_util,CORE25,32,0.0,percent
correlation-fio-randwrite-cores1,sar_concurrent,cpu_util,CORE25,33,0.0,percent
correlation-fio-randwrite-cores1,sar_concurrent,cpu_util,CORE25,34,0.0,percent
correlation-fio-randwrite-cores1,sar_concurrent,cpu_util,CORE25,35,0.0,percent
correlation-fio-randwrite-cores1,sar_concurrent,cpu_util,CORE25,36,0.0,percent
correlation-fio-randwrite-cores1,sar_concurrent,cpu_util,CORE25,37,0.0,percent
correlation-fio-randwrite-cores1,sar_concurrent,cpu_util,CORE25,38,0.0,percent
correlation-fio-randwrite-cores1,sar_concurrent,cpu_util,CORE25,39,0.0,percent
correlation-fio-randwrite-cores1,sar_concurrent,cpu_util,CORE25,40,0.0,percent
correlation-fio-randwrite-cores1,sar_concurrent,cpu_util,CORE25,41,0.0,percent
correlation-fio-randwrite-cores1,sar_concurrent,cpu_util,CORE25,42,0.0,percent
correlation-fio-randwrite-cores1,sar_concurrent,cpu_util,CORE25,43,0.0,percent
correlation-fio-randwrite-cores1,sar_concurrent,cpu_util,CORE25,44,0.0,percent
correlation-fio-randwrite-cores1,sar_concurrent,cpu_util,CORE25,45,0.0,percent
correlation-fio-randwrite-cores1,sar_concurrent,cpu_util,CORE25,46,0.0,percent
correlation-fio-randwrite-cores1,sar_concurrent,cpu_util,CORE25,47,0.0,percent
correlation-fio-randwrite-cores1,sar_concurrent,cpu_util,CORE25,48,0.0,percent
correlation-fio-randwrite-cores1,sar_concurrent,cpu_util,CORE25,49,0.0,percent
correlation-fio-randwrite-cores1,sar_concurrent,cpu_util,CORE25,50,0.0,percent
correlation-fio-randwrite-cores1,sar_concurrent,cpu_util,CORE25,51,0.0,percent
correlation-fio-randwrite-cores1,sar_concurrent,cpu_util,CORE25,52,0.0,percent
correlation-fio-randwrite-cores1,sar_concurrent,cpu_util,CORE25,53,0.0,percent
correlation-fio-randwrite-cores1,sar_concurrent,cpu_util,CORE25,54,0.0,percent
correlation-fio-randwrite-cores1,sar_concurrent,cpu_util,CORE25,55,0.0,percent
correlation-fio-randwrite-cores1,sar_concurrent,cpu_util,CORE25,56,0.0,percent
correlation-fio-randwrite-cores1,sar_concurrent,cpu_util,CORE25,57,0.0,percent
correlation-fio-randwrite-cores1,sar_concurrent,cpu_util,CORE25,58,0.0,percent
correlation-fio-randwrite-cores1,sar_concurrent,cpu_util,CORE25,59,0.0,percent
correlation-fio-randwrite-cores1,sar_concurrent,cpu_util,CORE26,0,1.0,percent
correlation-fio-randwrite-cores1,sar_concurrent,cpu_util,CORE26,1,0.0,percent
correlation-fio-randwrite-cores1,sar_concurrent,cpu_util,CORE26,2,0.0,percent
correlation-fio-randwrite-cores1,sar_concurrent,cpu_util,CORE26,3,0.0,percent
correlation-fio-randwrite-cores1,sar_concurrent,cpu_util,CORE26,4,0.0,percent
correlation-fio-randwrite-cores1,sar_concurrent,cpu_util,CORE26,5,0.0,percent
correlation-fio-randwrite-cores1,sar_concurrent,cpu_util,CORE26,6,0.0,percent
correlation-fio-randwrite-cores1,sar_concurrent,cpu_util,CORE26,7,0.0,percent
correlation-fio-randwrite-cores1,sar_concurrent,cpu_util,CORE26,8,0.0,percent
correlation-fio-randwrite-cores1,sar_concurrent,cpu_util,CORE26,9,0.0,percent
correlation-fio-randwrite-cores1,sar_concurrent,cpu_util,CORE26,10,0.0,percent
correlation-fio-randwrite-cores1,sar_concurrent,cpu_util,CORE26,11,0.0,percent
correlation-fio-randwrite-cores1,sar_concurrent,cpu_util,CORE26,12,0.0,percent
correlation-fio-randwrite-cores1,sar_concurrent,cpu_util,CORE26,13,0.0,percent
correlation-fio-randwrite-cores1,sar_concurrent,cpu_util,CORE26,14,0.0,percent
correlation-fio-randwrite-cores1,sar_concurrent,cpu_util,CORE26,15,0.0,percent
correlation-fio-randwrite-cores1,sar_concurrent,cpu_util,CORE26,16,0.0,percent
correlation-fio-randwrite-cores1,sar_concurrent,cpu_util,CORE26,17,0.0,percent
correlation-fio-randwrite-cores1,sar_concurrent,cpu_util,CORE26,18,0.0,percent
correlation-fio-randwrite-cores1,sar_concurrent,cpu_util,CORE26,19,0.0,percent
correlation-fio-randwrite-cores1,sar_concurrent,cpu_util,CORE26,20,0.0,percent
correlation-fio-randwrite-cores1,sar_concurrent,cpu_util,CORE26,21,0.0,percent
correlation-fio-randwrite-cores1,sar_concurrent,cpu_util,CORE26,22,0.0,percent
correlation-fio-randwrite-cores1,sar_concurrent,cpu_util,CORE26,23,0.0,percent
correlation-fio-randwrite-cores1,sar_concurrent,cpu_util,CORE26,24,0.0,percent
correlation-fio-randwrite-cores1,sar_concurrent,cpu_util,CORE26,25,0.0,percent
correlation-fio-randwrite-cores1,sar_concurrent,cpu_util,CORE26,26,0.0,percent
correlation-fio-randwrite-cores1,sar_concurrent,cpu_util,CORE26,27,0.0,percent
correlation-fio-randwrite-cores1,sar_concurrent,cpu_util,CORE26,28,0.0,percent
correlation-fio-randwrite-cores1,sar_concurrent,cpu_util,CORE26,29,0.0,percent
correlation-fio-randwrite-cores1,sar_concurrent,cpu_util,CORE26,30,0.0,percent
correlation-fio-randwrite-cores1,sar_concurrent,cpu_util,CORE26,31,0.0,percent
correlation-fio-randwrite-cores1,sar_concurrent,cpu_util,CORE26,32,0.0,percent
correlation-fio-randwrite-cores1,sar_concurrent,cpu_util,CORE26,33,0.0,percent
correlation-fio-randwrite-cores1,sar_concurrent,cpu_util,CORE26,34,0.0,percent
correlation-fio-randwrite-cores1,sar_concurrent,cpu_util,CORE26,35,0.0,percent
correlation-fio-randwrite-cores1,sar_concurrent,cpu_util,CORE26,36,0.0,percent
correlation-fio-randwrite-cores1,sar_concurrent,cpu_util,CORE26,37,0.0,percent
correlation-fio-randwrite-cores1,sar_concurrent,cpu_util,CORE26,38,0.0,percent
correlation-fio-randwrite-cores1,sar_concurrent,cpu_util,CORE26,39,0.0,percent
correlation-fio-randwrite-cores1,sar_concurrent,cpu_util,CORE26,40,0.0,percent
correlation-fio-randwrite-cores1,sar_concurrent,cpu_util,CORE26,41,0.0,percent
correlation-fio-randwrite-cores1,sar_concurrent,cpu_util,CORE26,42,0.0,percent
correlation-fio-randwrite-cores1,sar_concurrent,cpu_util,CORE26,43,0.0,percent
correlation-fio-randwrite-cores1,sar_concurrent,cpu_util,CORE26,44,0.0,percent
correlation-fio-randwrite-cores1,sar_concurrent,cpu_util,CORE26,45,0.0,percent
correlation-fio-randwrite-cores1,sar_concurrent,cpu_util,CORE26,46,0.0,percent
correlation-fio-randwrite-cores1,sar_concurrent,cpu_util,CORE26,47,0.0,percent
correlation-fio-randwrite-cores1,sar_concurrent,cpu_util,CORE26,48,0.0,percent
correlation-fio-randwrite-cores1,sar_concurrent,cpu_util,CORE26,49,0.0,percent
correlation-fio-randwrite-cores1,sar_concurrent,cpu_util,CORE26,50,0.0,percent
correlation-fio-randwrite-cores1,sar_concurrent,cpu_util,CORE26,51,0.0,percent
correlation-fio-randwrite-cores1,sar_concurrent,cpu_util,CORE26,52,0.0,percent
correlation-fio-randwrite-cores1,sar_concurrent,cpu_util,CORE26,53,0.0,percent
correlation-fio-randwrite-cores1,sar_concurrent,cpu_util,CORE26,54,0.0,percent
correlation-fio-randwrite-cores1,sar_concurrent,cpu_util,CORE26,55,0.0,percent
correlation-fio-randwrite-cores1,sar_concurrent,cpu_util,CORE26,56,0.0,percent
correlation-fio-randwrite-cores1,sar_concurrent,cpu_util,CORE26,57,0.0,percent
correlation-fio-randwrite-cores1,sar_concurrent,cpu_util,CORE26,58,0.0,percent
correlation-fio-randwrite-cores1,sar_concurrent,cpu_util,CORE26,59,0.0,percent
correlation-fio-randwrite-cores1,sar_concurrent,cpu_util,CORE27,0,1.98,percent
correlation-fio-randwrite-cores1,sar_concurrent,cpu_util,CORE27,1,0.0,percent
correlation-fio-randwrite-cores1,sar_concurrent,cpu_util,CORE27,2,0.0,percent
correlation-fio-randwrite-cores1,sar_concurrent,cpu_util,CORE27,3,0.0,percent
correlation-fio-randwrite-cores1,sar_concurrent,cpu_util,CORE27,4,0.0,percent
correlation-fio-randwrite-cores1,sar_concurrent,cpu_util,CORE27,5,0.0,percent
correlation-fio-randwrite-cores1,sar_concurrent,cpu_util,CORE27,6,0.0,percent
correlation-fio-randwrite-cores1,sar_concurrent,cpu_util,CORE27,7,0.0,percent
correlation-fio-randwrite-cores1,sar_concurrent,cpu_util,CORE27,8,0.0,percent
correlation-fio-randwrite-cores1,sar_concurrent,cpu_util,CORE27,9,0.0,percent
correlation-fio-randwrite-cores1,sar_concurrent,cpu_util,CORE27,10,0.0,percent
correlation-fio-randwrite-cores1,sar_concurrent,cpu_util,CORE27,11,0.0,percent
correlation-fio-randwrite-cores1,sar_concurrent,cpu_util,CORE27,12,0.0,percent
correlation-fio-randwrite-cores1,sar_concurrent,cpu_util,CORE27,13,0.0,percent
correlation-fio-randwrite-cores1,sar_concurrent,cpu_util,CORE27,14,0.0,percent
correlation-fio-randwrite-cores1,sar_concurrent,cpu_util,CORE27,15,0.0,percent
correlation-fio-randwrite-cores1,sar_concurrent,cpu_util,CORE27,16,0.0,percent
correlation-fio-randwrite-cores1,sar_concurrent,cpu_util,CORE27,17,0.0,percent
correlation-fio-randwrite-cores1,sar_concurrent,cpu_util,CORE27,18,0.0,percent
correlation-fio-randwrite-cores1,sar_concurrent,cpu_util,CORE27,19,0.0,percent
correlation-fio-randwrite-cores1,sar_concurrent,cpu_util,CORE27,20,0.0,percent
correlation-fio-randwrite-cores1,sar_concurrent,cpu_util,CORE27,21,0.0,percent
correlation-fio-randwrite-cores1,sar_concurrent,cpu_util,CORE27,22,0.0,percent
correlation-fio-randwrite-cores1,sar_concurrent,cpu_util,CORE27,23,0.0,percent
correlation-fio-randwrite-cores1,sar_concurrent,cpu_util,CORE27,24,0.0,percent
correlation-fio-randwrite-cores1,sar_concurrent,cpu_util,CORE27,25,0.0,percent
correlation-fio-randwrite-cores1,sar_concurrent,cpu_util,CORE27,26,0.0,percent
correlation-fio-randwrite-cores1,sar_concurrent,cpu_util,CORE27,27,0.0,percent
correlation-fio-randwrite-cores1,sar_concurrent,cpu_util,CORE27,28,0.0,percent
correlation-fio-randwrite-cores1,sar_concurrent,cpu_util,CORE27,29,0.0,percent
correlation-fio-randwrite-cores1,sar_concurrent,cpu_util,CORE27,30,0.0,percent
correlation-fio-randwrite-cores1,sar_concurrent,cpu_util,CORE27,31,0.0,percent
correlation-fio-randwrite-cores1,sar_concurrent,cpu_util,CORE27,32,0.0,percent
correlation-fio-randwrite-cores1,sar_concurrent,cpu_util,CORE27,33,0.0,percent
correlation-fio-randwrite-cores1,sar_concurrent,cpu_util,CORE27,34,0.0,percent
correlation-fio-randwrite-cores1,sar_concurrent,cpu_util,CORE27,35,0.0,percent
correlation-fio-randwrite-cores1,sar_concurrent,cpu_util,CORE27,36,0.0,percent
correlation-fio-randwrite-cores1,sar_concurrent,cpu_util,CORE27,37,0.0,percent
correlation-fio-randwrite-cores1,sar_concurrent,cpu_util,CORE27,38,0.0,percent
correlation-fio-randwrite-cores1,sar_concurrent,cpu_util,CORE27,39,0.0,percent
correlation-fio-randwrite-cores1,sar_concurrent,cpu_util,CORE27,40,0.0,percent
correlation-fio-randwrite-cores1,sar_concurrent,cpu_util,CORE27,41,0.0,percent
correlation-fio-randwrite-cores1,sar_concurrent,cpu_util,CORE27,42,0.0,percent
correlation-fio-randwrite-cores1,sar_concurrent,cpu_util,CORE27,43,0.0,percent
correlation-fio-randwrite-cores1,sar_concurrent,cpu_util,CORE27,44,0.0,percent
correlation-fio-randwrite-cores1,sar_concurrent,cpu_util,CORE27,45,0.0,percent
correlation-fio-randwrite-cores1,sar_concurrent,cpu_util,CORE27,46,0.0,percent
correlation-fio-randwrite-cores1,sar_concurrent,cpu_util,CORE27,47,0.0,percent
correlation-fio-randwrite-cores1,sar_concurrent,cpu_util,CORE27,48,0.0,percent
correlation-fio-randwrite-cores1,sar_concurrent,cpu_util,CORE27,49,0.0,percent
correlation-fio-randwrite-cores1,sar_concurrent,cpu_util,CORE27,50,0.0,percent
correlation-fio-randwrite-cores1,sar_concurrent,cpu_util,CORE27,51,0.0,percent
correlation-fio-randwrite-cores1,sar_concurrent,cpu_util,CORE27,52,0.0,percent
correlation-fio-randwrite-cores1,sar_concurrent,cpu_util,CORE27,53,0.0,percent
correlation-fio-randwrite-cores1,sar_concurrent,cpu_util,CORE27,54,0.0,percent
correlation-fio-randwrite-cores1,sar_concurrent,cpu_util,CORE27,55,0.0,percent
correlation-fio-randwrite-cores1,sar_concurrent,cpu_util,CORE27,56,0.0,percent
correlation-fio-randwrite-cores1,sar_concurrent,cpu_util,CORE27,57,0.0,percent
correlation-fio-randwrite-cores1,sar_concurrent,cpu_util,CORE27,58,0.0,percent
correlation-fio-randwrite-cores1,sar_concurrent,cpu_util,CORE27,59,0.0,percent
correlation-fio-randwrite-cores1,sar_concurrent,cpu_util,CORE28,0,1.0,percent
correlation-fio-randwrite-cores1,sar_concurrent,cpu_util,CORE28,1,0.0,percent
correlation-fio-randwrite-cores1,sar_concurrent,cpu_util,CORE28,2,0.0,percent
correlation-fio-randwrite-cores1,sar_concurrent,cpu_util,CORE28,3,0.0,percent
correlation-fio-randwrite-cores1,sar_concurrent,cpu_util,CORE28,4,0.0,percent
correlation-fio-randwrite-cores1,sar_concurrent,cpu_util,CORE28,5,0.0,percent
correlation-fio-randwrite-cores1,sar_concurrent,cpu_util,CORE28,6,0.0,percent
correlation-fio-randwrite-cores1,sar_concurrent,cpu_util,CORE28,7,0.0,percent
correlation-fio-randwrite-cores1,sar_concurrent,cpu_util,CORE28,8,0.0,percent
correlation-fio-randwrite-cores1,sar_concurrent,cpu_util,CORE28,9,0.0,percent
correlation-fio-randwrite-cores1,sar_concurrent,cpu_util,CORE28,10,0.0,percent
correlation-fio-randwrite-cores1,sar_concurrent,cpu_util,CORE28,11,0.0,percent
correlation-fio-randwrite-cores1,sar_concurrent,cpu_util,CORE28,12,0.0,percent
correlation-fio-randwrite-cores1,sar_concurrent,cpu_util,CORE28,13,0.0,percent
correlation-fio-randwrite-cores1,sar_concurrent,cpu_util,CORE28,14,0.0,percent
correlation-fio-randwrite-cores1,sar_concurrent,cpu_util,CORE28,15,0.0,percent
correlation-fio-randwrite-cores1,sar_concurrent,cpu_util,CORE28,16,0.0,percent
correlation-fio-randwrite-cores1,sar_concurrent,cpu_util,CORE28,17,0.0,percent
correlation-fio-randwrite-cores1,sar_concurrent,cpu_util,CORE28,18,0.0,percent
correlation-fio-randwrite-cores1,sar_concurrent,cpu_util,CORE28,19,0.0,percent
correlation-fio-randwrite-cores1,sar_concurrent,cpu_util,CORE28,20,0.0,percent
correlation-fio-randwrite-cores1,sar_concurrent,cpu_util,CORE28,21,0.0,percent
correlation-fio-randwrite-cores1,sar_concurrent,cpu_util,CORE28,22,0.0,percent
correlation-fio-randwrite-cores1,sar_concurrent,cpu_util,CORE28,23,0.0,percent
correlation-fio-randwrite-cores1,sar_concurrent,cpu_util,CORE28,24,0.0,percent
correlation-fio-randwrite-cores1,sar_concurrent,cpu_util,CORE28,25,0.0,percent
correlation-fio-randwrite-cores1,sar_concurrent,cpu_util,CORE28,26,0.0,percent
correlation-fio-randwrite-cores1,sar_concurrent,cpu_util,CORE28,27,0.0,percent
correlation-fio-randwrite-cores1,sar_concurrent,cpu_util,CORE28,28,0.0,percent
correlation-fio-randwrite-cores1,sar_concurrent,cpu_util,CORE28,29,0.0,percent
correlation-fio-randwrite-cores1,sar_concurrent,cpu_util,CORE28,30,0.0,percent
correlation-fio-randwrite-cores1,sar_concurrent,cpu_util,CORE28,31,0.0,percent
correlation-fio-randwrite-cores1,sar_concurrent,cpu_util,CORE28,32,0.0,percent
correlation-fio-randwrite-cores1,sar_concurrent,cpu_util,CORE28,33,0.0,percent
correlation-fio-randwrite-cores1,sar_concurrent,cpu_util,CORE28,34,0.0,percent
correlation-fio-randwrite-cores1,sar_concurrent,cpu_util,CORE28,35,0.0,percent
correlation-fio-randwrite-cores1,sar_concurrent,cpu_util,CORE28,36,0.0,percent
correlation-fio-randwrite-cores1,sar_concurrent,cpu_util,CORE28,37,0.0,percent
correlation-fio-randwrite-cores1,sar_concurrent,cpu_util,CORE28,38,0.0,percent
correlation-fio-randwrite-cores1,sar_concurrent,cpu_util,CORE28,39,0.0,percent
correlation-fio-randwrite-cores1,sar_concurrent,cpu_util,CORE28,40,0.0,percent
correlation-fio-randwrite-cores1,sar_concurrent,cpu_util,CORE28,41,0.0,percent
correlation-fio-randwrite-cores1,sar_concurrent,cpu_util,CORE28,42,0.0,percent
correlation-fio-randwrite-cores1,sar_concurrent,cpu_util,CORE28,43,0.0,percent
correlation-fio-randwrite-cores1,sar_concurrent,cpu_util,CORE28,44,0.0,percent
correlation-fio-randwrite-cores1,sar_concurrent,cpu_util,CORE28,45,0.0,percent
correlation-fio-randwrite-cores1,sar_concurrent,cpu_util,CORE28,46,0.0,percent
correlation-fio-randwrite-cores1,sar_concurrent,cpu_util,CORE28,47,0.0,percent
correlation-fio-randwrite-cores1,sar_concurrent,cpu_util,CORE28,48,0.0,percent
correlation-fio-randwrite-cores1,sar_concurrent,cpu_util,CORE28,49,0.0,percent
correlation-fio-randwrite-cores1,sar_concurrent,cpu_util,CORE28,50,0.0,percent
correlation-fio-randwrite-cores1,sar_concurrent,cpu_util,CORE28,51,0.0,percent
correlation-fio-randwrite-cores1,sar_concurrent,cpu_util,CORE28,52,0.0,percent
correlation-fio-randwrite-cores1,sar_concurrent,cpu_util,CORE28,53,0.0,percent
correlation-fio-randwrite-cores1,sar_concurrent,cpu_util,CORE28,54,0.0,percent
correlation-fio-randwrite-cores1,sar_concurrent,cpu_util,CORE28,55,0.0,percent
correlation-fio-randwrite-cores1,sar_concurrent,cpu_util,CORE28,56,0.0,percent
correlation-fio-randwrite-cores1,sar_concurrent,cpu_util,CORE28,57,0.0,percent
correlation-fio-randwrite-cores1,sar_concurrent,cpu_util,CORE28,58,0.0,percent
correlation-fio-randwrite-cores1,sar_concurrent,cpu_util,CORE28,59,0.0,percent
correlation-fio-randwrite-cores1,sar_concurrent,cpu_util,CORE29,0,1.01,percent
correlation-fio-randwrite-cores1,sar_concurrent,cpu_util,CORE29,1,0.0,percent
correlation-fio-randwrite-cores1,sar_concurrent,cpu_util,CORE29,2,0.0,percent
correlation-fio-randwrite-cores1,sar_concurrent,cpu_util,CORE29,3,0.99,percent
correlation-fio-randwrite-cores1,sar_concurrent,cpu_util,CORE29,4,0.0,percent
correlation-fio-randwrite-cores1,sar_concurrent,cpu_util,CORE29,5,0.0,percent
correlation-fio-randwrite-cores1,sar_concurrent,cpu_util,CORE29,6,0.0,percent
correlation-fio-randwrite-cores1,sar_concurrent,cpu_util,CORE29,7,0.0,percent
correlation-fio-randwrite-cores1,sar_concurrent,cpu_util,CORE29,8,0.0,percent
correlation-fio-randwrite-cores1,sar_concurrent,cpu_util,CORE29,9,0.0,percent
correlation-fio-randwrite-cores1,sar_concurrent,cpu_util,CORE29,10,0.0,percent
correlation-fio-randwrite-cores1,sar_concurrent,cpu_util,CORE29,11,0.0,percent
correlation-fio-randwrite-cores1,sar_concurrent,cpu_util,CORE29,12,0.0,percent
correlation-fio-randwrite-cores1,sar_concurrent,cpu_util,CORE29,13,0.0,percent
correlation-fio-randwrite-cores1,sar_concurrent,cpu_util,CORE29,14,0.0,percent
correlation-fio-randwrite-cores1,sar_concurrent,cpu_util,CORE29,15,0.0,percent
correlation-fio-randwrite-cores1,sar_concurrent,cpu_util,CORE29,16,0.0,percent
correlation-fio-randwrite-cores1,sar_concurrent,cpu_util,CORE29,17,0.0,percent
correlation-fio-randwrite-cores1,sar_concurrent,cpu_util,CORE29,18,0.0,percent
correlation-fio-randwrite-cores1,sar_concurrent,cpu_util,CORE29,19,0.0,percent
correlation-fio-randwrite-cores1,sar_concurrent,cpu_util,CORE29,20,0.0,percent
correlation-fio-randwrite-cores1,sar_concurrent,cpu_util,CORE29,21,0.0,percent
correlation-fio-randwrite-cores1,sar_concurrent,cpu_util,CORE29,22,0.0,percent
correlation-fio-randwrite-cores1,sar_concurrent,cpu_util,CORE29,23,0.0,percent
correlation-fio-randwrite-cores1,sar_concurrent,cpu_util,CORE29,24,0.0,percent
correlation-fio-randwrite-cores1,sar_concurrent,cpu_util,CORE29,25,0.0,percent
correlation-fio-randwrite-cores1,sar_concurrent,cpu_util,CORE29,26,0.0,percent
correlation-fio-randwrite-cores1,sar_concurrent,cpu_util,CORE29,27,0.0,percent
correlation-fio-randwrite-cores1,sar_concurrent,cpu_util,CORE29,28,0.0,percent
correlation-fio-randwrite-cores1,sar_concurrent,cpu_util,CORE29,29,0.0,percent
correlation-fio-randwrite-cores1,sar_concurrent,cpu_util,CORE29,30,0.0,percent
correlation-fio-randwrite-cores1,sar_concurrent,cpu_util,CORE29,31,0.0,percent
correlation-fio-randwrite-cores1,sar_concurrent,cpu_util,CORE29,32,0.0,percent
correlation-fio-randwrite-cores1,sar_concurrent,cpu_util,CORE29,33,0.0,percent
correlation-fio-randwrite-cores1,sar_concurrent,cpu_util,CORE29,34,0.0,percent
correlation-fio-randwrite-cores1,sar_concurrent,cpu_util,CORE29,35,0.0,percent
correlation-fio-randwrite-cores1,sar_concurrent,cpu_util,CORE29,36,0.0,percent
correlation-fio-randwrite-cores1,sar_concurrent,cpu_util,CORE29,37,0.0,percent
correlation-fio-randwrite-cores1,sar_concurrent,cpu_util,CORE29,38,0.0,percent
correlation-fio-randwrite-cores1,sar_concurrent,cpu_util,CORE29,39,0.0,percent
correlation-fio-randwrite-cores1,sar_concurrent,cpu_util,CORE29,40,0.0,percent
correlation-fio-randwrite-cores1,sar_concurrent,cpu_util,CORE29,41,0.0,percent
correlation-fio-randwrite-cores1,sar_concurrent,cpu_util,CORE29,42,0.0,percent
correlation-fio-randwrite-cores1,sar_concurrent,cpu_util,CORE29,43,0.0,percent
correlation-fio-randwrite-cores1,sar_concurrent,cpu_util,CORE29,44,0.99,percent
correlation-fio-randwrite-cores1,sar_concurrent,cpu_util,CORE29,45,0.0,percent
correlation-fio-randwrite-cores1,sar_concurrent,cpu_util,CORE29,46,0.0,percent
correlation-fio-randwrite-cores1,sar_concurrent,cpu_util,CORE29,47,0.99,percent
correlation-fio-randwrite-cores1,sar_concurrent,cpu_util,CORE29,48,0.0,percent
correlation-fio-randwrite-cores1,sar_concurrent,cpu_util,CORE29,49,0.0,percent
correlation-fio-randwrite-cores1,sar_concurrent,cpu_util,CORE29,50,0.0,percent
correlation-fio-randwrite-cores1,sar_concurrent,cpu_util,CORE29,51,0.0,percent
correlation-fio-randwrite-cores1,sar_concurrent,cpu_util,CORE29,52,0.0,percent
correlation-fio-randwrite-cores1,sar_concurrent,cpu_util,CORE29,53,0.0,percent
correlation-fio-randwrite-cores1,sar_concurrent,cpu_util,CORE29,54,0.0,percent
correlation-fio-randwrite-cores1,sar_concurrent,cpu_util,CORE29,55,0.0,percent
correlation-fio-randwrite-cores1,sar_concurrent,cpu_util,CORE29,56,0.0,percent
correlation-fio-randwrite-cores1,sar_concurrent,cpu_util,CORE29,57,0.0,percent
correlation-fio-randwrite-cores1,sar_concurrent,cpu_util,CORE29,58,0.0,percent
correlation-fio-randwrite-cores1,sar_concurrent,cpu_util,CORE29,59,0.0,percent
correlation-fio-randwrite-cores1,sar_concurrent,cpu_util,CORE30,0,1.0,percent
correlation-fio-randwrite-cores1,sar_concurrent,cpu_util,CORE30,1,0.0,percent
correlation-fio-randwrite-cores1,sar_concurrent,cpu_util,CORE30,2,0.0,percent
correlation-fio-randwrite-cores1,sar_concurrent,cpu_util,CORE30,3,0.0,percent
correlation-fio-randwrite-cores1,sar_concurrent,cpu_util,CORE30,4,0.0,percent
correlation-fio-randwrite-cores1,sar_concurrent,cpu_util,CORE30,5,0.0,percent
correlation-fio-randwrite-cores1,sar_concurrent,cpu_util,CORE30,6,0.0,percent
correlation-fio-randwrite-cores1,sar_concurrent,cpu_util,CORE30,7,0.0,percent
correlation-fio-randwrite-cores1,sar_concurrent,cpu_util,CORE30,8,0.0,percent
correlation-fio-randwrite-cores1,sar_concurrent,cpu_util,CORE30,9,0.0,percent
correlation-fio-randwrite-cores1,sar_concurrent,cpu_util,CORE30,10,3.0,percent
correlation-fio-randwrite-cores1,sar_concurrent,cpu_util,CORE30,11,0.0,percent
correlation-fio-randwrite-cores1,sar_concurrent,cpu_util,CORE30,12,0.0,percent
correlation-fio-randwrite-cores1,sar_concurrent,cpu_util,CORE30,13,0.0,percent
correlation-fio-randwrite-cores1,sar_concurrent,cpu_util,CORE30,14,2.04,percent
correlation-fio-randwrite-cores1,sar_concurrent,cpu_util,CORE30,15,0.0,percent
correlation-fio-randwrite-cores1,sar_concurrent,cpu_util,CORE30,16,0.0,percent
correlation-fio-randwrite-cores1,sar_concurrent,cpu_util,CORE30,17,0.0,percent
correlation-fio-randwrite-cores1,sar_concurrent,cpu_util,CORE30,18,0.0,percent
correlation-fio-randwrite-cores1,sar_concurrent,cpu_util,CORE30,19,0.0,percent
correlation-fio-randwrite-cores1,sar_concurrent,cpu_util,CORE30,20,0.0,percent
correlation-fio-randwrite-cores1,sar_concurrent,cpu_util,CORE30,21,0.0,percent
correlation-fio-randwrite-cores1,sar_concurrent,cpu_util,CORE30,22,0.99,percent
correlation-fio-randwrite-cores1,sar_concurrent,cpu_util,CORE30,23,0.0,percent
correlation-fio-randwrite-cores1,sar_concurrent,cpu_util,CORE30,24,0.0,percent
correlation-fio-randwrite-cores1,sar_concurrent,cpu_util,CORE30,25,3.0,percent
correlation-fio-randwrite-cores1,sar_concurrent,cpu_util,CORE30,26,0.0,percent
correlation-fio-randwrite-cores1,sar_concurrent,cpu_util,CORE30,27,0.0,percent
correlation-fio-randwrite-cores1,sar_concurrent,cpu_util,CORE30,28,0.0,percent
correlation-fio-randwrite-cores1,sar_concurrent,cpu_util,CORE30,29,0.0,percent
correlation-fio-randwrite-cores1,sar_concurrent,cpu_util,CORE30,30,0.0,percent
correlation-fio-randwrite-cores1,sar_concurrent,cpu_util,CORE30,31,0.0,percent
correlation-fio-randwrite-cores1,sar_concurrent,cpu_util,CORE30,32,0.0,percent
correlation-fio-randwrite-cores1,sar_concurrent,cpu_util,CORE30,33,0.0,percent
correlation-fio-randwrite-cores1,sar_concurrent,cpu_util,CORE30,34,0.0,percent
correlation-fio-randwrite-cores1,sar_concurrent,cpu_util,CORE30,35,0.0,percent
correlation-fio-randwrite-cores1,sar_concurrent,cpu_util,CORE30,36,0.0,percent
correlation-fio-randwrite-cores1,sar_concurrent,cpu_util,CORE30,37,0.0,percent
correlation-fio-randwrite-cores1,sar_concurrent,cpu_util,CORE30,38,0.0,percent
correlation-fio-randwrite-cores1,sar_concurrent,cpu_util,CORE30,39,0.0,percent
correlation-fio-randwrite-cores1,sar_concurrent,cpu_util,CORE30,40,0.0,percent
correlation-fio-randwrite-cores1,sar_concurrent,cpu_util,CORE30,41,0.0,percent
correlation-fio-randwrite-cores1,sar_concurrent,cpu_util,CORE30,42,0.0,percent
correlation-fio-randwrite-cores1,sar_concurrent,cpu_util,CORE30,43,0.0,percent
correlation-fio-randwrite-cores1,sar_concurrent,cpu_util,CORE30,44,0.0,percent
correlation-fio-randwrite-cores1,sar_concurrent,cpu_util,CORE30,45,0.0,percent
correlation-fio-randwrite-cores1,sar_concurrent,cpu_util,CORE30,46,0.0,percent
correlation-fio-randwrite-cores1,sar_concurrent,cpu_util,CORE30,47,0.0,percent
correlation-fio-randwrite-cores1,sar_concurrent,cpu_util,CORE30,48,0.0,percent
correlation-fio-randwrite-cores1,sar_concurrent,cpu_util,CORE30,49,0.0,percent
correlation-fio-randwrite-cores1,sar_concurrent,cpu_util,CORE30,50,0.0,percent
correlation-fio-randwrite-cores1,sar_concurrent,cpu_util,CORE30,51,0.0,percent
correlation-fio-randwrite-cores1,sar_concurrent,cpu_util,CORE30,52,0.0,percent
correlation-fio-randwrite-cores1,sar_concurrent,cpu_util,CORE30,53,0.0,percent
correlation-fio-randwrite-cores1,sar_concurrent,cpu_util,CORE30,54,0.0,percent
correlation-fio-randwrite-cores1,sar_concurrent,cpu_util,CORE30,55,0.0,percent
correlation-fio-randwrite-cores1,sar_concurrent,cpu_util,CORE30,56,0.0,percent
correlation-fio-randwrite-cores1,sar_concurrent,cpu_util,CORE30,57,0.0,percent
correlation-fio-randwrite-cores1,sar_concurrent,cpu_util,CORE30,58,0.0,percent
correlation-fio-randwrite-cores1,sar_concurrent,cpu_util,CORE30,59,0.0,percent
correlation-fio-randwrite-cores1,sar_concurrent,cpu_util,CORE31,0,1.0,percent
correlation-fio-randwrite-cores1,sar_concurrent,cpu_util,CORE31,1,0.0,percent
correlation-fio-randwrite-cores1,sar_concurrent,cpu_util,CORE31,2,0.0,percent
correlation-fio-randwrite-cores1,sar_concurrent,cpu_util,CORE31,3,0.0,percent
correlation-fio-randwrite-cores1,sar_concurrent,cpu_util,CORE31,4,0.0,percent
correlation-fio-randwrite-cores1,sar_concurrent,cpu_util,CORE31,5,0.0,percent
correlation-fio-randwrite-cores1,sar_concurrent,cpu_util,CORE31,6,0.0,percent
correlation-fio-randwrite-cores1,sar_concurrent,cpu_util,CORE31,7,0.0,percent
correlation-fio-randwrite-cores1,sar_concurrent,cpu_util,CORE31,8,0.0,percent
correlation-fio-randwrite-cores1,sar_concurrent,cpu_util,CORE31,9,0.0,percent
correlation-fio-randwrite-cores1,sar_concurrent,cpu_util,CORE31,10,45.0,percent
correlation-fio-randwrite-cores1,sar_concurrent,cpu_util,CORE31,11,0.0,percent
correlation-fio-randwrite-cores1,sar_concurrent,cpu_util,CORE31,12,0.0,percent
correlation-fio-randwrite-cores1,sar_concurrent,cpu_util,CORE31,13,0.0,percent
correlation-fio-randwrite-cores1,sar_concurrent,cpu_util,CORE31,14,1.0,percent
correlation-fio-randwrite-cores1,sar_concurrent,cpu_util,CORE31,15,0.0,percent
correlation-fio-randwrite-cores1,sar_concurrent,cpu_util,CORE31,16,0.0,percent
correlation-fio-randwrite-cores1,sar_concurrent,cpu_util,CORE31,17,0.0,percent
correlation-fio-randwrite-cores1,sar_concurrent,cpu_util,CORE31,18,0.0,percent
correlation-fio-randwrite-cores1,sar_concurrent,cpu_util,CORE31,19,0.0,percent
correlation-fio-randwrite-cores1,sar_concurrent,cpu_util,CORE31,20,0.0,percent
correlation-fio-randwrite-cores1,sar_concurrent,cpu_util,CORE31,21,0.0,percent
correlation-fio-randwrite-cores1,sar_concurrent,cpu_util,CORE31,22,0.0,percent
correlation-fio-randwrite-cores1,sar_concurrent,cpu_util,CORE31,23,0.0,percent
correlation-fio-randwrite-cores1,sar_concurrent,cpu_util,CORE31,24,0.0,percent
correlation-fio-randwrite-cores1,sar_concurrent,cpu_util,CORE31,25,1.0,percent
correlation-fio-randwrite-cores1,sar_concurrent,cpu_util,CORE31,26,0.0,percent
correlation-fio-randwrite-cores1,sar_concurrent,cpu_util,CORE31,27,0.0,percent
correlation-fio-randwrite-cores1,sar_concurrent,cpu_util,CORE31,28,0.0,percent
correlation-fio-randwrite-cores1,sar_concurrent,cpu_util,CORE31,29,0.0,percent
correlation-fio-randwrite-cores1,sar_concurrent,cpu_util,CORE31,30,0.0,percent
correlation-fio-randwrite-cores1,sar_concurrent,cpu_util,CORE31,31,0.0,percent
correlation-fio-randwrite-cores1,sar_concurrent,cpu_util,CORE31,32,0.0,percent
correlation-fio-randwrite-cores1,sar_concurrent,cpu_util,CORE31,33,0.0,percent
correlation-fio-randwrite-cores1,sar_concurrent,cpu_util,CORE31,34,0.0,percent
correlation-fio-randwrite-cores1,sar_concurrent,cpu_util,CORE31,35,0.0,percent
correlation-fio-randwrite-cores1,sar_concurrent,cpu_util,CORE31,36,0.0,percent
correlation-fio-randwrite-cores1,sar_concurrent,cpu_util,CORE31,37,0.0,percent
correlation-fio-randwrite-cores1,sar_concurrent,cpu_util,CORE31,38,0.0,percent
correlation-fio-randwrite-cores1,sar_concurrent,cpu_util,CORE31,39,0.0,percent
correlation-fio-randwrite-cores1,sar_concurrent,cpu_util,CORE31,40,0.0,percent
correlation-fio-randwrite-cores1,sar_concurrent,cpu_util,CORE31,41,0.0,percent
correlation-fio-randwrite-cores1,sar_concurrent,cpu_util,CORE31,42,0.0,percent
correlation-fio-randwrite-cores1,sar_concurrent,cpu_util,CORE31,43,0.0,percent
correlation-fio-randwrite-cores1,sar_concurrent,cpu_util,CORE31,44,0.0,percent
correlation-fio-randwrite-cores1,sar_concurrent,cpu_util,CORE31,45,0.0,percent
correlation-fio-randwrite-cores1,sar_concurrent,cpu_util,CORE31,46,0.0,percent
correlation-fio-randwrite-cores1,sar_concurrent,cpu_util,CORE31,47,0.0,percent
correlation-fio-randwrite-cores1,sar_concurrent,cpu_util,CORE31,48,0.0,percent
correlation-fio-randwrite-cores1,sar_concurrent,cpu_util,CORE31,49,0.0,percent
correlation-fio-randwrite-cores1,sar_concurrent,cpu_util,CORE31,50,0.0,percent
correlation-fio-randwrite-cores1,sar_concurrent,cpu_util,CORE31,51,0.0,percent
correlation-fio-randwrite-cores1,sar_concurrent,cpu_util,CORE31,52,0.0,percent
correlation-fio-randwrite-cores1,sar_concurrent,cpu_util,CORE31,53,0.0,percent
correlation-fio-randwrite-cores1,sar_concurrent,cpu_util,CORE31,54,0.0,percent
correlation-fio-randwrite-cores1,sar_concurrent,cpu_util,CORE31,55,0.0,percent
correlation-fio-randwrite-cores1,sar_concurrent,cpu_util,CORE31,56,0.0,percent
correlation-fio-randwrite-cores1,sar_concurrent,cpu_util,CORE31,57,0.0,percent
correlation-fio-randwrite-cores1,sar_concurrent,cpu_util,CORE31,58,0.0,percent
correlation-fio-randwrite-cores1,sar_concurrent,cpu_util,CORE31,59,0.0,percent
